{
  "restart": 3,
  "seed": 61,
  "iters": 30000,
  "lr": 0.05,
  "best_iter": 29792,
  "best_cost": 0.0004933550371788442,
  "best_alphaD_mean": 9.144938411998532e-05,
  "n": 14
}