{
  "restart": 26,
  "seed": 84,
  "iters": 30000,
  "lr": 0.05,
  "best_iter": 29862,
  "best_cost": 0.00046913998085074127,
  "best_alphaD_mean": 9.079912004309654e-05,
  "n": 14
}