{
  "restart": 10,
  "seed": 68,
  "iters": 30000,
  "lr": 0.05,
  "best_iter": 29832,
  "best_cost": 0.0007556688506156206,
  "best_alphaD_mean": 0.00012066752652304461,
  "n": 10
}