{
  "restart": 29,
  "seed": 87,
  "iters": 30000,
  "lr": 0.05,
  "best_iter": 29954,
  "best_cost": 0.006348335184156895,
  "best_alphaD_mean": 0.00036464063591273193,
  "n": 5
}