tier,restart_idx,param_seed,final_train_cost,final_test_cost
10,0,197001601,2.012013e-01,1.006891e-01
10,1,197001602,4.051012e-01,3.175290e-01
10,2,197001603,1.967747e-02,6.334970e-02
10,3,197001604,4.484713e-02,5.077478e-02
10,4,197001605,2.196150e-02,3.178890e-02
10,5,197001606,7.247216e-02,1.153214e-01
10,6,197001607,4.180750e-02,3.506318e-02
10,7,197001608,8.536938e-02,8.326432e-02
10,8,197001609,1.198233e-01,1.187588e-01
10,9,197001610,2.032619e-01,1.308396e-01
