tier,restart_idx,param_seed,final_train_cost,final_test_cost
2,0,197000793,3.394669e-02,7.517093e+00
2,1,197000794,2.651186e-03,3.434336e+00
2,2,197000795,7.343206e-03,1.487559e+00
2,3,197000796,4.735499e-03,5.026615e+00
2,4,197000797,3.051535e-03,9.237707e+00
2,5,197000798,8.609691e-03,8.391932e+00
2,6,197000799,3.837160e-02,1.242813e+01
2,7,197000800,7.480446e-03,5.374097e+00
2,8,197000801,7.972685e-03,2.193260e+01
2,9,197000802,1.054821e-02,1.227008e+01
