tier,restart_idx,param_seed,final_train_cost,final_test_cost
8,0,197001399,7.347988e-01,6.900479e-01
8,1,197001400,4.237619e-01,4.876447e-01
8,2,197001401,9.903266e-02,2.681439e-01
8,3,197001402,1.169598e-02,2.120634e-01
8,4,197001403,8.397456e-02,3.025829e-01
8,5,197001404,3.827935e-01,5.370228e-01
8,6,197001405,4.059136e-01,4.129465e-01
8,7,197001406,4.316671e-02,3.614084e-01
8,8,197001407,1.436238e-01,4.277514e-01
8,9,197001408,1.790294e-01,4.033440e-01
