tier,restart_idx,param_seed,final_train_cost,final_test_cost
1,0,197000692,1.347973e-04,3.153753e+01
1,1,197000693,4.439729e-04,3.207507e+01
1,2,197000694,1.314059e-03,6.094114e+00
1,3,197000695,2.151421e-02,1.824193e+01
1,4,197000696,7.145798e-05,2.071043e+01
1,5,197000697,4.745532e-04,4.574496e+01
1,6,197000698,3.919684e-06,2.389450e+01
1,7,197000699,1.736531e-04,1.376596e+01
1,8,197000700,2.172578e-02,1.525480e+01
1,9,197000701,2.974872e-04,1.989134e+01
