{
  "restart": 16,
  "seed": 74,
  "iters": 30000,
  "lr": 0.05,
  "best_iter": 29863,
  "best_cost": 0.0010397632140666246,
  "best_alphaD_mean": 0.00014430275340866986,
  "n": 8
}