{
  "restart": 10,
  "seed": 68,
  "iters": 30000,
  "lr": 0.05,
  "best_iter": 29832,
  "best_cost": 0.0013461540220305324,
  "best_alphaD_mean": 0.00015806536727792618,
  "n": 9
}