tier,restart_idx,param_seed,final_train_cost,final_test_cost
6,0,125000981,1.607601e-02,1.200286e-01
6,1,125000982,1.992203e-02,3.868048e-01
6,2,125000983,8.230422e-02,3.829656e-01
6,3,125000984,2.254874e-02,9.879093e-02
6,4,125000985,1.279682e-01,3.359549e-01
6,5,125000986,6.234482e-02,2.903677e-01
6,6,125000987,9.538900e-02,4.391940e-01
6,7,125000988,2.523506e-02,1.509300e-01
6,8,125000989,2.362674e-01,6.484724e-01
6,9,125000990,1.901351e-01,4.825710e-01
