tier,restart_idx,param_seed,final_train_cost,final_test_cost
10,0,125001385,3.936344e-02,4.119937e-02
10,1,125001386,2.850375e-02,5.677295e-02
10,2,125001387,5.452942e-02,5.669526e-02
10,3,125001388,3.250579e-01,1.086304e-01
10,4,125001389,1.200378e-01,1.623008e-01
10,5,125001390,1.077751e-01,1.121584e-01
10,6,125001391,1.181529e-01,1.652651e-01
10,7,125001392,6.316353e-02,1.261897e-01
10,8,125001393,9.851607e-02,1.333165e-01
10,9,125001394,1.363549e-02,3.595788e-02
