tier,restart_idx,param_seed,final_train_cost,final_test_cost
7,0,125001082,1.073437e-02,3.514104e-01
7,1,125001083,6.079219e-02,2.522612e-01
7,2,125001084,2.881372e-02,2.760844e-01
7,3,125001085,7.493421e-02,3.268113e-01
7,4,125001086,5.139806e-02,2.230473e-01
7,5,125001087,2.039560e-01,3.658187e-01
7,6,125001088,5.319994e-02,1.224001e-01
7,7,125001089,1.389662e-02,7.810135e-01
7,8,125001090,7.641929e-02,1.517949e-01
7,9,125001091,6.292020e-02,2.544087e-01
