{
  "restart": 25,
  "seed": 83,
  "iters": 30000,
  "lr": 0.05,
  "best_iter": 29831,
  "best_cost": 0.0005031682085245848,
  "best_alphaD_mean": 9.229807137179479e-05,
  "n": 16
}