{
  "restart": 27,
  "seed": 85,
  "iters": 30000,
  "lr": 0.05,
  "best_iter": 29089,
  "best_cost": 0.000703472294844687,
  "best_alphaD_mean": 0.0001159086625723356,
  "n": 12
}