{
  "restart": 15,
  "seed": 73,
  "iters": 30000,
  "lr": 0.05,
  "best_iter": 29957,
  "best_cost": 0.0005798367783427238,
  "best_alphaD_mean": 0.00010499714870661112,
  "n": 12
}