{
  "restart": 5,
  "seed": 63,
  "iters": 30000,
  "lr": 0.05,
  "best_iter": 29861,
  "best_cost": 0.0008730795234441757,
  "best_alphaD_mean": 0.00012522812242517426,
  "n": 15
}