{
  "restart": 7,
  "seed": 65,
  "iters": 30000,
  "lr": 0.05,
  "best_iter": 29924,
  "best_cost": 0.0005969416233710945,
  "best_alphaD_mean": 0.00010557035688550736,
  "n": 10
}