{
  "restart": 18,
  "seed": 76,
  "iters": 30000,
  "lr": 0.05,
  "best_iter": 29735,
  "best_cost": 0.0004688323533628136,
  "best_alphaD_mean": 8.643460980134536e-05,
  "n": 16
}