{
  "restart": 7,
  "seed": 65,
  "iters": 30000,
  "lr": 0.05,
  "best_iter": 28068,
  "best_cost": 0.00041978986700996757,
  "best_alphaD_mean": 8.867378430872988e-05,
  "n": 16
}