{
  "restart": 10,
  "seed": 68,
  "iters": 30000,
  "lr": 0.05,
  "best_iter": 29424,
  "best_cost": 0.00039913278305903077,
  "best_alphaD_mean": 8.245569016952274e-05,
  "n": 15
}