{
  "restart": 17,
  "seed": 75,
  "iters": 30000,
  "lr": 0.05,
  "best_iter": 29258,
  "best_cost": 0.003033891785889864,
  "best_alphaD_mean": 0.00023763771570128536,
  "n": 11
}