{
  "restart": 13,
  "seed": 71,
  "iters": 30000,
  "lr": 0.05,
  "best_iter": 29878,
  "best_cost": 0.00110778515227139,
  "best_alphaD_mean": 0.00014908912854602317,
  "n": 8
}