{
  "restart": 29,
  "seed": 87,
  "iters": 30000,
  "lr": 0.05,
  "best_iter": 28371,
  "best_cost": 0.0005446944269351661,
  "best_alphaD_mean": 9.924133015878979e-05,
  "n": 14
}