{
  "restart": 14,
  "seed": 72,
  "iters": 30000,
  "lr": 0.05,
  "best_iter": 29998,
  "best_cost": 0.002799354027956724,
  "best_alphaD_mean": 0.0002346384412412723,
  "n": 6
}