tier,restart_idx,param_seed,final_train_cost,final_test_cost
5,0,190001075,2.778132e-02,1.172724e-01
5,1,190001076,8.202629e-02,3.863600e-01
5,2,190001077,3.058742e-01,1.263851e+00
5,3,190001078,5.375255e-03,1.666565e-02
5,4,190001079,9.740366e-03,2.504980e-01
5,5,190001080,8.336214e-02,4.615377e-01
5,6,190001081,1.716716e-02,1.024053e-01
5,7,190001082,1.497275e-01,1.227076e+00
5,8,190001083,2.728915e-01,2.014045e+00
5,9,190001084,1.848510e-02,3.799683e+00
