tier,restart_idx,param_seed,final_train_cost,final_test_cost
9,0,190001479,3.537321e-01,2.108090e-01
9,1,190001480,7.268668e-01,3.846753e-01
9,2,190001481,3.995579e-01,4.374010e-01
9,3,190001482,6.517577e-02,4.755677e-02
9,4,190001483,3.557424e-02,1.050685e-01
9,5,190001484,1.622970e-01,1.408843e-01
9,6,190001485,5.302455e-01,1.349238e-01
9,7,190001486,3.025776e-01,1.582707e-01
9,8,190001487,3.854651e-02,6.612292e-02
9,9,190001488,3.168073e-02,7.983572e-02
