tier,restart_idx,param_seed,final_train_cost,final_test_cost
4,0,190000974,8.721204e-02,1.079946e+00
4,1,190000975,4.280664e-02,1.448309e+00
4,2,190000976,3.627978e-02,6.722758e-01
4,3,190000977,1.053589e-01,2.130335e+00
4,4,190000978,2.037702e-02,8.208904e-01
4,5,190000979,2.897116e-01,2.495489e+00
4,6,190000980,2.646578e-02,2.633687e+00
4,7,190000981,4.503471e-02,3.335605e-01
4,8,190000982,7.083971e-02,1.658767e+00
4,9,190000983,1.395030e+00,1.851588e+00
