tier,restart_idx,param_seed,final_train_cost,final_test_cost
8,0,190001378,5.244269e-01,3.986182e-01
8,1,190001379,4.324747e-02,1.170486e-01
8,2,190001380,1.815314e-01,4.232473e-01
8,3,190001381,2.091562e-01,3.829725e-01
8,4,190001382,3.160273e-01,4.320725e-01
8,5,190001383,4.238325e-01,8.179926e-01
8,6,190001384,8.083691e-02,3.226365e-01
8,7,190001385,3.388137e-02,2.431854e-02
8,8,190001386,7.663564e-02,3.426363e-01
8,9,190001387,4.855523e-02,2.884754e-01
