{
  "restart": 4,
  "seed": 62,
  "iters": 30000,
  "lr": 0.05,
  "best_iter": 29783,
  "best_cost": 0.001212694332934916,
  "best_alphaD_mean": 0.00015669746104768833,
  "n": 6
}