{
  "restart": 16,
  "seed": 74,
  "iters": 30000,
  "lr": 0.05,
  "best_iter": 29946,
  "best_cost": 0.0017861360684037209,
  "best_alphaD_mean": 0.00019110824016637813,
  "n": 9
}