{
  "restart": 22,
  "seed": 80,
  "iters": 30000,
  "lr": 0.05,
  "best_iter": 29640,
  "best_cost": 0.0010631739860400558,
  "best_alphaD_mean": 0.00013649237579187642,
  "n": 15
}