{
  "restart": 21,
  "seed": 79,
  "iters": 30000,
  "lr": 0.05,
  "best_iter": 29962,
  "best_cost": 0.0058547938242554665,
  "best_alphaD_mean": 0.00034339716799646977,
  "n": 5
}