{
  "restart": 17,
  "seed": 75,
  "iters": 30000,
  "lr": 0.05,
  "best_iter": 29913,
  "best_cost": 0.0021701629739254713,
  "best_alphaD_mean": 0.00021379052213059077,
  "n": 5
}