{
  "restart": 11,
  "seed": 69,
  "iters": 30000,
  "lr": 0.05,
  "best_iter": 29872,
  "best_cost": 0.0018632938154041767,
  "best_alphaD_mean": 0.00018691117549448787,
  "n": 7
}