{
  "restart": 9,
  "seed": 67,
  "iters": 30000,
  "lr": 0.05,
  "best_iter": 29841,
  "best_cost": 0.0027654438745230436,
  "best_alphaD_mean": 0.0002476154030694032,
  "n": 9
}