{
  "restart": 6,
  "seed": 64,
  "iters": 30000,
  "lr": 0.05,
  "best_iter": 29579,
  "best_cost": 0.0007029510452412069,
  "best_alphaD_mean": 0.00010893928932743936,
  "n": 14
}