0.000000000000000000e+00 1.026447490443326243e-04
4.002001000500250011e-02 1.031019483545220970e-04
8.004002001000500022e-02 1.035624821016645745e-04
1.200600300150075073e-01 1.040263850861165688e-04
1.600800400200100004e-01 1.044936925873316870e-04
2.001000500250124936e-01 1.049644403720973422e-04
2.401200600300150145e-01 1.054386647029424977e-04
2.801400700350175077e-01 1.059164023467188830e-04
3.201600800400200009e-01 1.063976905833614151e-04
3.601800900450224940e-01 1.068825672148310371e-04
4.002001000500249872e-01 1.073710705742450284e-04
4.402201100550274804e-01 1.078632395351992866e-04
4.802401200600300291e-01 1.083591135212871078e-04
5.202601300650324667e-01 1.088587325158192761e-04
5.602801400700350154e-01 1.093621370717509503e-04
6.003001500750374531e-01 1.098693683218200255e-04
6.403201600800400017e-01 1.103804679889019410e-04
6.803401700850425504e-01 1.108954783965872113e-04
7.203601800900449881e-01 1.114144424799864627e-04
7.603801900950475368e-01 1.119374037967693869e-04
8.004002001000499744e-01 1.124644065384426797e-04
8.404202101050525231e-01 1.129954955418738228e-04
8.804402201100549608e-01 1.135307163010665355e-04
9.204602301150575094e-01 1.140701149791944162e-04
9.604802401200600581e-01 1.146137384208994678e-04
1.000500250125062607e+00 1.151616341648621341e-04
1.040520260130064933e+00 1.157138504566500580e-04
1.080540270135067482e+00 1.162704362618525403e-04
1.120560280140070031e+00 1.168314412795083972e-04
1.160580290145072579e+00 1.173969159558346836e-04
1.200600300150074906e+00 1.179669114982643874e-04
1.240620310155077455e+00 1.185414798898006428e-04
1.280640320160080003e+00 1.191206739036965433e-04
1.320660330165082552e+00 1.197045471184689019e-04
1.360680340170085101e+00 1.202931539332542676e-04
1.400700350175087427e+00 1.208865495835175917e-04
1.440720360180089976e+00 1.214847901571214052e-04
1.480740370185092525e+00 1.220879326107666605e-04
1.520760380190095074e+00 1.226960347868142633e-04
1.560780390195097400e+00 1.233091554304981650e-04
1.600800400200099949e+00 1.239273542075398124e-04
1.640820410205102498e+00 1.245506917221768438e-04
1.680840420210105046e+00 1.251792295356145030e-04
1.720860430215107595e+00 1.258130301849139316e-04
1.760880440220109922e+00 1.264521572023283996e-04
1.800900450225112470e+00 1.270966751350992925e-04
1.840920460230115019e+00 1.277466495657257855e-04
1.880940470235117568e+00 1.284021471327207288e-04
1.920960480240120116e+00 1.290632355518663227e-04
1.960980490245122443e+00 1.297299836379841925e-04
2.001000500250125214e+00 1.304024613272338493e-04
2.041020510255127540e+00 1.310807396999546072e-04
2.081040520260129867e+00 1.317648910040667592e-04
2.121060530265132638e+00 1.324549886790477320e-04
2.161080540270134964e+00 1.331511073804994571e-04
2.201100550275137291e+00 1.338533230053249820e-04
2.241120560280140062e+00 1.345617127175305025e-04
2.281140570285142388e+00 1.352763549746719546e-04
2.321160580290145159e+00 1.359973295549653000e-04
2.361180590295147486e+00 1.367247175850784492e-04
2.401200600300149812e+00 1.374586015686265887e-04
2.441220610305152583e+00 1.381990654153905619e-04
2.481240620310154910e+00 1.389461944712798262e-04
2.521260630315157680e+00 1.397000755490629441e-04
2.561280640320160007e+00 1.404607969598873729e-04
2.601300650325162334e+00 1.412284485456135176e-04
2.641320660330165104e+00 1.420031217119860866e-04
2.681340670335167431e+00 1.427849094626698265e-04
2.721360680340170202e+00 1.435739064341742767e-04
2.761380690345172528e+00 1.443702089316958122e-04
2.801400700350174855e+00 1.451739149659044611e-04
2.841420710355177626e+00 1.459851242907049312e-04
2.881440720360179952e+00 1.468039384420020152e-04
2.921460730365182723e+00 1.476304607775006219e-04
2.961480740370185050e+00 1.484647965175744249e-04
3.001500750375187376e+00 1.493070527872348413e-04
3.041520760380190147e+00 1.501573386592360362e-04
3.081540770385192474e+00 1.510157651983512733e-04
3.121560780390194800e+00 1.518824455068584214e-04
3.161580790395197571e+00 1.527574947712722936e-04
3.201600800400199898e+00 1.536410303103642326e-04
3.241620810405202668e+00 1.545331716245103315e-04
3.281640820410204995e+00 1.554340404464112514e-04
3.321660830415207322e+00 1.563437607932273844e-04
3.361680840420210092e+00 1.572624590201769570e-04
3.401700850425212419e+00 1.581902638756431802e-04
3.441720860430215190e+00 1.591273065578414588e-04
3.481740870435217516e+00 1.600737207730975351e-04
3.521760880440219843e+00 1.610296427957899905e-04
3.561780890445222614e+00 1.619952115300129711e-04
3.601800900450224940e+00 1.629705685730160273e-04
3.641820910455227711e+00 1.639558582804818943e-04
3.681840920460230038e+00 1.649512278337030621e-04
3.721860930465232364e+00 1.659568273087227573e-04
3.761880940470235135e+00 1.669728097475067449e-04
3.801900950475237462e+00 1.679993312312153095e-04
3.841920960480240232e+00 1.690365509556480874e-04
3.881940970485242559e+00 1.700846313089376418e-04
3.921960980490244886e+00 1.711437379515679468e-04
3.961980990495247656e+00 1.722140398988012918e-04
4.002001000500250427e+00 1.732957096055963832e-04
4.042021010505252754e+00 1.743889230541066854e-04
4.082041020510255080e+00 1.754938598438491248e-04
4.122061030515257407e+00 1.766107032846398394e-04
4.162081040520259734e+00 1.777396404923951509e-04
4.202101050525262949e+00 1.788808624878996170e-04
4.242121060530265275e+00 1.800345642986512411e-04
4.282141070535267602e+00 1.812009450638926895e-04
4.322161080540269928e+00 1.823802081429466704e-04
4.362181090545272255e+00 1.835725612269754393e-04
4.402201100550274582e+00 1.847782164542920158e-04
4.442221110555277797e+00 1.859973905293528897e-04
4.482241120560280123e+00 1.872303048455711578e-04
4.522261130565282450e+00 1.884771856120923648e-04
4.562281140570284776e+00 1.897382639846806915e-04
4.602301150575287103e+00 1.910137762008742141e-04
4.642321160580290318e+00 1.923039637195676679e-04
4.682341170585292645e+00 1.936090733651949099e-04
4.722361180590294971e+00 1.949293574766861818e-04
4.762381190595297298e+00 1.962650740613848381e-04
4.802401200600299624e+00 1.976164869541164747e-04
4.842421210605302839e+00 1.989838659816103026e-04
4.882441220610305166e+00 2.003674871324844300e-04
4.922461230615307493e+00 2.017676327330131410e-04
4.962481240620309819e+00 2.031845916289055866e-04
5.002501250625312146e+00 2.046186593733367452e-04
5.042521260630315361e+00 2.060701384214786900e-04
5.082541270635317687e+00 2.075393383317972228e-04
5.122561280640320014e+00 2.090265759743858216e-04
5.162581290645322341e+00 2.105321757466239150e-04
5.202601300650324667e+00 2.120564697964610282e-04
5.242621310655327882e+00 2.135997982536383736e-04
5.282641320660330209e+00 2.151625094691794336e-04
5.322661330665332535e+00 2.167449602634922002e-04
5.362681340670334862e+00 2.183475161834447849e-04
5.402701350675337189e+00 2.199705517687920026e-04
5.442721360680340403e+00 2.216144508283492305e-04
5.482741370685342730e+00 2.232796067263296332e-04
5.522761380690345057e+00 2.249664226792796797e-04
5.562781390695347383e+00 2.266753120640698643e-04
5.602801400700349710e+00 2.284066987374209047e-04
5.642821410705352925e+00 2.301610173674679993e-04
5.682841420710355251e+00 2.319387137778907977e-04
5.722861430715357578e+00 2.337402453051654711e-04
5.762881440720359905e+00 2.355660811695199045e-04
5.802901450725362231e+00 2.374167028602049655e-04
5.842921460730365446e+00 2.392926045357251076e-04
5.882941470735367773e+00 2.411942934397037915e-04
5.922961480740370099e+00 2.431222903330976454e-04
5.962981490745372426e+00 2.450771299435036145e-04
6.003001500750374753e+00 2.470593614323503512e-04
6.043021510755377079e+00 2.490695488807981631e-04
6.083041520760380294e+00 2.511082717952259694e-04
6.123061530765382621e+00 2.531761256332168051e-04
6.163081540770384947e+00 2.552737223510156256e-04
6.203101550775387274e+00 2.574016909734781798e-04
6.243121560780389601e+00 2.595606781875843668e-04
6.283141570785392815e+00 2.617513489606523207e-04
6.323161580790395142e+00 2.639743871844500191e-04
6.363181590795397469e+00 2.662304963464650720e-04
6.403201600800399795e+00 2.685204002296673440e-04
6.443221610805402122e+00 2.708448436421703482e-04
6.483241620810405337e+00 2.732045931782794805e-04
6.523261630815407663e+00 2.756004380124968552e-04
6.563281640820409990e+00 2.780331907281450416e-04
6.603301650825412317e+00 2.805036881823636148e-04
6.643321660830414643e+00 2.830127924093393376e-04
6.683341670835417858e+00 2.855613915637331916e-04
6.723361680840420185e+00 2.881504009063869565e-04
6.763381690845422511e+00 2.907807638345152553e-04
6.803401700850424838e+00 2.934534529587139368e-04
6.843421710855427165e+00 2.961694712292655589e-04
6.883441720860430380e+00 2.989298531143627603e-04
6.923461730865432706e+00 3.017356658330332098e-04
6.963481740870435033e+00 3.045880106457236197e-04
7.003501750875437359e+00 3.074880242056751375e-04
7.043521760880439686e+00 3.104368799744214899e-04
7.083541770885442901e+00 3.134357897049508835e-04
7.123561780890445227e+00 3.164860049962898861e-04
7.163581790895447554e+00 3.195888189235104285e-04
7.203601800900449881e+00 3.227455677474147695e-04
7.243621810905452207e+00 3.259576327084280048e-04
7.283641820910455422e+00 3.292264419095202702e-04
7.323661830915457749e+00 3.325534722932937471e-04
7.363681840920460075e+00 3.359402517187150576e-04
7.403701850925462402e+00 3.393883611433256772e-04
7.443721860930464729e+00 3.428994369171625765e-04
7.483741870935467944e+00 3.464751731950367142e-04
7.523761880940470270e+00 3.501173244742655398e-04
7.563781890945472597e+00 3.538277082654478359e-04
7.603801900950474923e+00 3.576082079043854211e-04
7.643821910955477250e+00 3.614607755138237030e-04
7.683841920960480465e+00 3.653874351242877871e-04
7.723861930965482792e+00 3.693902859639478192e-04
7.763881940970485118e+00 3.734715059281544622e-04
7.803901950975487445e+00 3.776333552400465204e-04
7.843921960980489771e+00 3.818781803144596443e-04
7.883941970985492098e+00 3.862084178382594072e-04
7.923961980990495313e+00 3.906265990811842747e-04
7.963981990995497640e+00 3.951353544523292672e-04
8.004002001000500854e+00 3.997374183185386609e-04
8.044022011005502293e+00 4.044356341021965043e-04
8.084042021010505508e+00 4.092329596772439643e-04
8.124062031015506946e+00 4.141324730836890835e-04
8.164082041020510161e+00 4.191373785824580619e-04
8.204102051025513376e+00 4.242510130741285863e-04
8.244122061030514814e+00 4.294768529069631878e-04
8.284142071035518029e+00 4.348185211016650838e-04
8.324162081040519467e+00 4.402797950224921386e-04
8.364182091045522682e+00 4.458646145267718347e-04
8.404202101050525897e+00 4.515770906274656996e-04
8.444222111055527336e+00 4.574215147063164779e-04
8.484242121060530550e+00 4.634023683182202894e-04
8.524262131065531989e+00 4.695243336308997889e-04
8.564282141070535204e+00 4.757923045477027582e-04
8.604302151075536642e+00 4.822113985654411438e-04
8.644322161080539857e+00 4.887869694237053243e-04
8.684342171085543072e+00 4.955246206070098008e-04
8.724362181090544510e+00 5.024302197665677901e-04
8.764382191095547725e+00 5.095099141344440344e-04
8.804402201100549163e+00 5.167701470094074150e-04
8.844422211105552378e+00 5.242176754010397823e-04
8.884442221110555593e+00 5.318595889266116653e-04
8.924462231115557032e+00 5.397033300640604941e-04
8.964482241120560246e+00 5.477567158741015801e-04
9.004502251125561685e+00 5.560279613152653002e-04
9.044522261130564900e+00 5.645257042875499037e-04
9.084542271135568114e+00 5.732590325535581646e-04
9.124562281140569553e+00 5.822375127006223974e-04
9.164582291145572768e+00 5.914712213236640289e-04
9.204602301150574206e+00 6.009707786265830638e-04
9.244622311155577421e+00 6.107473846601038170e-04
9.284642321160580636e+00 6.208128584363704818e-04
9.324662331165582074e+00 6.311796801856215267e-04
9.364682341170585289e+00 6.418610370481648555e-04
9.404702351175586728e+00 6.528708725261246496e-04
9.444722361180589942e+00 6.642239400544149800e-04
9.484742371185593157e+00 6.759358610896025205e-04
9.524762381190594596e+00 6.880231881593992576e-04
9.564782391195597810e+00 7.005034733650271871e-04
9.604802401200599249e+00 7.133953428844875362e-04
9.644822411205602464e+00 7.267185780876670408e-04
9.684842421210605679e+00 7.404942039452162535e-04
9.724862431215607117e+00 7.547445854934952758e-04
9.764882441220610332e+00 7.694935332088695271e-04
9.804902451225611770e+00 7.847664182478726429e-04
9.844922461230614985e+00 8.005902986271125170e-04
9.884942471235618200e+00 8.169940575503133965e-04
9.924962481240619638e+00 8.340085552422137668e-04
9.964982491245622853e+00 8.516667958229688857e-04
1.000500250125062429e+01 8.700041109557639591e-04
1.004502251125562751e+01 8.890583622285754472e-04
1.008504252126063072e+01 9.088701644931043494e-04
1.012506253126563216e+01 9.294831326856100489e-04
1.016508254127063537e+01 9.509441550022351220e-04
1.020510255127563681e+01 9.733036957033982259e-04
1.024512256128064003e+01 9.966161312873966175e-04
1.028514257128564324e+01 1.020940124313587331e-03
1.032516258129064468e+01 1.046339039783989551e-03
1.036518259129564790e+01 1.072881409724839698e-03
1.040520260130064933e+01 1.100641452465892520e-03
1.044522261130565255e+01 1.129699654118525038e-03
1.048524262131065576e+01 1.160143420931977407e-03
1.052526263131565720e+01 1.192067812594798520e-03
1.056528264132066042e+01 1.225576368187193330e-03
1.060530265132566186e+01 1.260782038430453703e-03
1.064532266133066507e+01 1.297808240184231566e-03
1.068534267133566829e+01 1.336790051887419735e-03
1.072536268134066972e+01 1.377875571918582781e-03
1.076538269134567294e+01 1.421227465783984900e-03
1.080540270135067438e+01 1.467024732770386619e-03
1.084542271135567759e+01 1.515464728407355487e-03
1.088544272136068081e+01 1.566765485996904307e-03
1.092546273136568225e+01 1.621168388872889056e-03
1.096548274137068546e+01 1.678941255309598750e-03
1.100550275137568690e+01 1.740381910567250986e-03
1.104552276138069011e+01 1.805822336026799814e-03
1.108554277138569333e+01 1.875633504477446610e-03
1.112556278139069477e+01 1.950231034344753573e-03
1.116558279139569798e+01 2.030081825237285177e-03
1.120560280140069942e+01 2.115711874277508182e-03
1.124562281140570263e+01 2.207715519406697191e-03
1.128564282141070585e+01 2.306766415032775099e-03
1.132566283141570729e+01 2.413630620765497975e-03
1.136568284142071050e+01 2.529182280549905400e-03
1.140570285142571194e+01 2.654422493984088475e-03
1.144572286143071516e+01 2.790502143088945033e-03
1.148574287143571837e+01 2.938749648699476996e-03
1.152576288144071981e+01 3.100704908044151723e-03
1.156578289144572302e+01 3.278161032644955671e-03
1.160580290145072446e+01 3.473215996518156171e-03
1.164582291145572768e+01 3.688336965510668336e-03
1.168584292146073089e+01 3.926440976028412397e-03
1.172586293146573233e+01 4.190996861149527339e-03
1.176588294147073555e+01 4.486155023312920521e-03
1.180590295147573698e+01 4.816914029822026190e-03
1.184592296148074020e+01 5.189336363868975871e-03
1.188594297148574341e+01 5.610830455724497012e-03
1.192596298149074485e+01 6.090523039443166212e-03
1.196598299149574807e+01 6.639755996550023714e-03
1.200600300150074951e+01 7.272756820689982131e-03
1.204602301150575272e+01 8.007554283335558201e-03
1.208604302151075416e+01 8.867244970130786288e-03
1.212606303151575737e+01 9.881768797073730778e-03
1.216608304152076059e+01 1.109043326312230369e-02
1.220610305152576203e+01 1.254555464344880508e-02
1.224612306153076524e+01 1.431778779659756765e-02
1.228614307153576668e+01 1.650403857116434364e-02
1.232616308154076989e+01 1.923935633015502050e-02
1.236618309154577311e+01 2.271495645490936161e-02
1.240620310155077455e+01 2.720551272178660038e-02
1.244622311155577776e+01 3.310965129892436132e-02
1.248624312156077920e+01 4.100606041064379370e-02
1.252626313156578242e+01 5.171585808736308548e-02
1.256628314157078563e+01 6.631386322690697999e-02
1.260630315157578707e+01 8.587819003194610556e-02
1.264632316158079028e+01 1.104186032327692246e-01
1.268634317158579172e+01 1.362741422098596444e-01
1.272636318159079494e+01 1.537836556733608029e-01
1.276638319159579815e+01 1.528017976842263315e-01
1.280640320160079959e+01 1.347305805720091509e-01
1.284642321160580281e+01 1.107375845519199403e-01
1.288644322161080424e+01 8.962380236944754441e-02
1.292646323161580746e+01 7.436253024984625093e-02
1.296648324162081067e+01 6.490433382039724475e-02
1.300650325162581211e+01 6.039308904952696289e-02
1.304652326163081533e+01 5.966765859383698495e-02
1.308654327163581677e+01 6.068015220353424610e-02
1.312656328164081998e+01 6.009904903563247774e-02
1.316658329164582319e+01 5.530984219026865295e-02
1.320660330165082463e+01 4.717734106659885601e-02
1.324662331165582785e+01 3.851646655567065453e-02
1.328664332166082929e+01 3.111358211256771283e-02
1.332666333166583250e+01 2.535255681524601831e-02
1.336668334167083572e+01 2.100109324610580433e-02
1.340670335167583715e+01 1.771558076308118665e-02
1.344672336168084037e+01 1.520570380248660938e-02
1.348674337168584181e+01 1.325815090091416945e-02
1.352676338169084502e+01 1.172270009365102006e-02
1.356678339169584824e+01 1.049428040423571601e-02
1.360680340170084968e+01 9.498822050170952977e-03
1.364682341170585289e+01 8.683382645380599563e-03
1.368684342171085433e+01 8.009518766222998437e-03
1.372686343171585754e+01 7.448870894586254697e-03
1.376688344172086076e+01 6.980206459329893649e-03
1.380690345172586220e+01 6.587416648963921248e-03
1.384692346173086541e+01 6.258140434899282963e-03
1.388694347173586685e+01 5.982805742131314629e-03
1.392696348174087007e+01 5.753952045454323143e-03
1.396698349174587328e+01 5.565745857725108367e-03
1.400700350175087472e+01 5.413630678112911314e-03
1.404702351175587793e+01 5.294072370364191066e-03
1.408704352176087937e+01 5.204373619198778174e-03
1.412706353176588259e+01 5.142539533724407343e-03
1.416708354177088580e+01 5.107182169914015191e-03
1.420710355177588724e+01 5.097455702403436498e-03
1.424712356178089045e+01 5.113016814739106651e-03
1.428714357178589189e+01 5.154007009998848483e-03
1.432716358179089511e+01 5.221055255095666432e-03
1.436718359179589832e+01 5.315300871848948304e-03
1.440720360180089976e+01 5.438438047596453120e-03
1.444722361180590298e+01 5.592784918813625827e-03
1.448724362181090441e+01 5.781382058548195646e-03
1.452726363181590763e+01 6.008127589917987982e-03
1.456728364182091084e+01 6.277959347757459604e-03
1.460730365182591228e+01 6.597098940075272859e-03
1.464732366183091550e+01 6.973378845081830597e-03
1.468734367183591694e+01 7.416682766706234053e-03
1.472736368184092015e+01 7.939542827465704417e-03
1.476738369184592337e+01 8.557957100330077296e-03
1.480740370185092480e+01 9.292521119388854473e-03
1.484742371185592802e+01 1.017001321694292228e-02
1.488744372186092946e+01 1.122564527844874260e-02
1.492746373186593267e+01 1.250630313690397934e-02
1.496748374187093589e+01 1.407527908026310649e-02
1.500750375187593733e+01 1.601928170828387579e-02
1.504752376188094054e+01 1.845895284975455561e-02
1.508754377188594198e+01 2.156479683118747367e-02
1.512756378189094519e+01 2.558136124380004650e-02
1.516758379189594841e+01 3.086344649377923202e-02
1.520760380190094985e+01 3.792764174239257602e-02
1.524762381190595306e+01 4.751497996821146819e-02
1.528764382191095450e+01 6.062693081577778809e-02
1.532766383191595772e+01 7.838279888777628657e-02
1.536768384192096093e+01 1.012528247813307136e-01
1.540770385192596237e+01 1.268927153590227175e-01
1.544772386193096558e+01 1.472074539181123798e-01
1.548774387193596702e+01 1.509344322650297276e-01
1.552776388194097024e+01 1.355415462695954143e-01
1.556778389194597167e+01 1.106413040307345774e-01
1.560780390195097489e+01 8.635033008633805074e-02
1.564782391195597810e+01 6.682417123594351638e-02
1.568784392196097954e+01 5.226474080338025519e-02
1.572786393196598276e+01 4.164321907583908022e-02
1.576788394197098420e+01 3.388178345049037976e-02
1.580790395197598741e+01 2.814709323344550748e-02
1.584792396198099063e+01 2.385060955055924928e-02
1.588794397198599206e+01 2.058785377814816714e-02
1.592796398199099528e+01 1.808158300898583815e-02
1.596798399199599672e+01 1.614038473874813973e-02
1.600800400200100171e+01 1.463073423763235070e-02
1.604802401200600315e+01 1.345860275915572099e-02
1.608804402201100459e+01 1.255741676902929170e-02
1.612806403201600602e+01 1.188016733037381215e-02
1.616808404202101102e+01 1.139424578204586806e-02
1.620810405202601245e+01 1.107810958998232433e-02
1.624812406203101389e+01 1.091922756867645498e-02
1.628814407203601888e+01 1.091298221682047292e-02
1.632816408204102032e+01 1.106236733656206124e-02
1.636818409204602176e+01 1.137844623944912585e-02
1.640820410205102675e+01 1.188165701437833045e-02
1.644822411205602819e+01 1.260419248713209525e-02
1.648824412206102963e+01 1.359387388797945843e-02
1.652826413206603107e+01 1.492021830629833810e-02
1.656828414207103606e+01 1.668381943618890695e-02
1.660830415207603750e+01 1.903075434515233769e-02
1.664832416208103893e+01 2.217440782672886954e-02
1.668834417208604393e+01 2.642723443565851010e-02
1.672836418209104536e+01 3.224189807345502479e-02
1.676838419209604680e+01 4.024557724680028620e-02
1.680840420210105179e+01 5.119462688025046976e-02
1.684842421210605323e+01 6.561702078380036995e-02
1.688844422211105467e+01 8.264941237821374354e-02
1.692846423211605611e+01 9.798081732754498896e-02
1.696848424212106110e+01 1.039798359064841859e-01
1.700850425212606254e+01 9.659163650959581848e-02
1.704852426213106398e+01 8.065737815183884885e-02
1.708854427213606897e+01 6.366846958578527282e-02
1.712856428214107041e+01 4.949828670098406491e-02
1.716858429214607185e+01 3.877737462123942436e-02
1.720860430215107328e+01 3.091747633678572360e-02
1.724862431215607828e+01 2.516586127499117337e-02
1.728864432216107971e+01 2.091194560466601640e-02
1.732866433216608115e+01 1.771750750746433137e-02
1.736868434217108614e+01 1.527976794098692172e-02
1.740870435217608758e+01 1.339084032276071853e-02
1.744872436218108902e+01 1.190697107384814345e-02
1.748874437218609401e+01 1.072747805392949144e-02
1.752876438219109545e+01 9.780797225757073554e-03
1.756878439219609689e+01 9.015297121475064623e-03
1.760880440220109833e+01 8.393199484064301288e-03
1.764882441220610332e+01 7.886512739351160192e-03
1.768884442221110476e+01 7.474277163038162489e-03
1.772886443221610620e+01 7.140674414157326989e-03
1.776888444222111119e+01 6.873714804856280100e-03
1.780890445222611262e+01 6.664317091326824906e-03
1.784892446223111406e+01 6.505659974864917532e-03
1.788894447223611905e+01 6.392725907626131514e-03
1.792896448224112049e+01 6.321984894018990893e-03
1.796898449224612193e+01 6.291184165864207797e-03
1.800900450225112337e+01 6.299222294478063616e-03
1.804902451225612836e+01 6.346095705931750069e-03
1.808904452226112980e+01 6.432913226535342741e-03
1.812906453226613124e+01 6.561981397936288672e-03
1.816908454227113623e+01 6.736970962514872603e-03
1.820910455227613767e+01 6.963184358407744322e-03
1.824912456228113911e+01 7.247956902023150461e-03
1.828914457228614410e+01 7.601242956714662595e-03
1.832916458229114554e+01 8.036466491451397728e-03
1.836918459229614697e+01 8.571758927302490505e-03
1.840920460230114841e+01 9.231775520123761125e-03
1.844922461230615340e+01 1.005038967286129258e-02
1.848924462231115484e+01 1.107473483487385335e-02
1.852926463231615628e+01 1.237132459153581464e-02
1.856928464232116127e+01 1.403535132836975993e-02
1.860930465232616271e+01 1.620467298191932692e-02
1.864932466233116415e+01 1.907999619309213787e-02
1.868934467233616914e+01 2.295051305628370217e-02
1.872936468234117058e+01 2.821334721700185719e-02
1.876938469234617202e+01 3.533655604618381879e-02
1.880940470235117346e+01 4.460950768207951056e-02
1.884942471235617845e+01 5.536827018100130143e-02
1.888944472236117988e+01 6.472959248063597792e-02
1.892946473236618132e+01 6.797054023491622132e-02
1.896948474237118631e+01 6.305576039112735509e-02
1.900950475237618775e+01 5.334261566469553073e-02
1.904952476238118919e+01 4.333039238875163734e-02
1.908954477238619418e+01 3.517753517262638130e-02
1.912956478239119562e+01 2.916480003428735535e-02
1.916958479239619706e+01 2.490992487056993901e-02
1.920960480240119850e+01 2.196061050763235475e-02
1.924962481240620349e+01 1.995876081686820402e-02
1.928964482241120493e+01 1.865234583798500850e-02
1.932966483241620637e+01 1.787198591426721744e-02
1.936968484242121136e+01 1.750687341813550804e-02
1.940970485242621280e+01 1.748701294356643648e-02
1.944972486243121423e+01 1.777147643117649861e-02
1.948974487243621923e+01 1.834112572634214941e-02
1.952976488244122066e+01 1.919449082352115560e-02
1.956978489244622210e+01 2.034594993253731679e-02
1.960980490245122354e+01 2.182575775393904433e-02
1.964982491245622853e+01 2.368179288440341174e-02
1.968984492246122997e+01 2.598318712345568798e-02
1.972986493246623141e+01 2.882631551635287878e-02
1.976988494247123640e+01 3.234403416382822249e-02
1.980990495247623784e+01 3.671964302827961102e-02
1.984992496248123928e+01 4.220795050864264292e-02
1.988994497248624427e+01 4.916719981898737268e-02
1.992996498249124571e+01 5.810766967026571861e-02
1.996998499249624714e+01 6.976544950092902764e-02
2.001000500250124858e+01 8.521200832383410417e-02
2.005002501250625357e+01 1.060059164856467090e-01
2.009004502251125501e+01 1.343606169292101415e-01
2.013006503251625645e+01 1.731702297253092659e-01
2.017008504252126144e+01 2.253152573289012028e-01
2.021010505252626288e+01 2.907177265742364458e-01
2.025012506253126432e+01 3.592311925444098830e-01
2.029014507253626931e+01 4.043863981640433147e-01
2.033016508254127075e+01 3.986291701442852831e-01
2.037018509254627219e+01 3.459005776113218689e-01
2.041020510255127363e+01 2.763049721222016752e-01
2.045022511255627862e+01 2.131594465679151063e-01
2.049024512256128006e+01 1.638061727050068306e-01
2.053026513256628149e+01 1.272879592315770136e-01
2.057028514257128649e+01 1.005871877148843546e-01
2.061030515257628792e+01 8.092915926736812815e-02
2.065032516258128936e+01 6.624399080748426261e-02
2.069034517258629080e+01 5.508509321899480310e-02
2.073036518259129579e+01 4.645859341996026737e-02
2.077038519259629723e+01 3.967984463422314506e-02
2.081040520260129867e+01 3.427191904880334816e-02
2.085042521260630366e+01 2.989767204908981915e-02
2.089044522261130510e+01 2.631497298281764916e-02
2.093046523261630654e+01 2.334716061919776126e-02
2.097048524262131153e+01 2.086336628807889879e-02
2.101050525262631297e+01 1.876524121627930544e-02
2.105052526263131440e+01 1.697787581827547160e-02
2.109054527263631584e+01 1.544349586369298498e-02
2.113056528264132083e+01 1.411702304793812160e-02
2.117058529264632227e+01 1.296290490174554014e-02
2.121060530265132371e+01 1.195282097369060846e-02
2.125062531265632870e+01 1.106400215774563933e-02
2.129064532266133014e+01 1.027798464908081209e-02
2.133066533266633158e+01 9.579675817363204199e-03
2.137068534267133657e+01 8.956646572228091699e-03
2.141070535267633801e+01 8.398590025497004730e-03
2.145072536268133945e+01 7.896903539092165261e-03
2.149074537268634089e+01 7.444363230350210109e-03
2.153076538269134588e+01 7.034868408928075106e-03
2.157078539269634732e+01 6.663239375912024219e-03
2.161080540270134875e+01 6.325056282170003416e-03
2.165082541270635375e+01 6.016529829228818918e-03
2.169084542271135518e+01 5.734396849522998066e-03
2.173086543271635662e+01 5.475835463163906611e-03
2.177088544272136161e+01 5.238395742021474503e-03
2.181090545272636305e+01 5.019942735966732329e-03
2.185092546273136449e+01 4.818609413625491236e-03
2.189094547273636593e+01 4.632757600353902376e-03
2.193096548274137092e+01 4.460945402238171605e-03
2.197098549274637236e+01 4.301899917938444527e-03
2.201100550275137380e+01 4.154494283007082941e-03
2.205102551275637879e+01 4.017728280808788473e-03
2.209104552276138023e+01 3.890711902918089510e-03
2.213106553276638166e+01 3.772651359281651001e-03
2.217108554277138666e+01 3.662837131603884858e-03
2.221110555277638809e+01 3.560633737725409954e-03
2.225112556278138953e+01 3.465470934324205252e-03
2.229114557278639097e+01 3.376836133230927840e-03
2.233116558279139596e+01 3.294267845445777651e-03
2.237118559279639740e+01 3.217349998463475951e-03
2.241120560280139884e+01 3.145706998227165273e-03
2.245122561280640383e+01 3.078999428096037584e-03
2.249124562281140527e+01 3.016920294533507584e-03
2.253126563281640671e+01 2.959191743522172988e-03
2.257128564282141170e+01 2.905562183559981006e-03
2.261130565282641314e+01 2.855803760944416493e-03
2.265132566283141458e+01 2.809710141273994224e-03
2.269134567283641601e+01 2.767094557982732825e-03
2.273136568284142101e+01 2.727788094510829806e-03
2.277138569284642244e+01 2.691638171596443755e-03
2.281140570285142388e+01 2.658507215305787579e-03
2.285142571285642887e+01 2.628271484930192522e-03
2.289144572286143031e+01 2.600820042874047409e-03
2.293146573286643175e+01 2.576053851223746461e-03
2.297148574287143674e+01 2.553884981896434141e-03
2.301150575287643818e+01 2.534235929177873232e-03
2.305152576288143962e+01 2.517039015121344710e-03
2.309154577288644106e+01 2.502235879735714187e-03
2.313156578289144605e+01 2.489777049176091894e-03
2.317158579289644749e+01 2.479621576295272783e-03
2.321160580290144893e+01 2.471736748944147570e-03
2.325162581290645392e+01 2.466097862347452988e-03
2.329164582291145535e+01 2.462688052747392161e-03
2.333166583291645679e+01 2.461498190320007481e-03
2.337168584292146178e+01 2.462526830144266300e-03
2.341170585292646322e+01 2.465780220757046205e-03
2.345172586293146466e+01 2.471272370573811706e-03
2.349174587293646610e+01 2.479025173209354130e-03
2.353176588294147109e+01 2.489068593510961828e-03
2.357178589294647253e+01 2.501440916933472466e-03
2.361180590295147397e+01 2.516189065759062097e-03
2.365182591295647896e+01 2.533368986613057997e-03
2.369184592296148040e+01 2.553046114771694106e-03
2.373186593296648184e+01 2.575295921922661057e-03
2.377188594297148683e+01 2.600204555352236477e-03
2.381190595297648827e+01 2.627869578026668755e-03
2.385192596298148970e+01 2.658400820748601026e-03
2.389194597298649114e+01 2.691921359547837147e-03
2.393196598299149613e+01 2.728568633764928784e-03
2.397198599299649757e+01 2.768495722972340572e-03
2.401200600300149901e+01 2.811872804032745747e-03
2.405202601300650400e+01 2.858888813315394167e-03
2.409204602301150544e+01 2.909753343501110534e-03
2.413206603301650688e+01 2.964698809653395530e-03
2.417208604302150832e+01 3.023982925501606054e-03
2.421210605302651331e+01 3.087891538402226608e-03
2.425212606303151475e+01 3.156741880501735126e-03
2.429214607303651619e+01 3.230886304579486720e-03
2.433216608304152118e+01 3.310716586354165315e-03
2.437218609304652261e+01 3.396668891267628533e-03
2.441220610305152405e+01 3.489229523646671539e-03
2.445222611305652904e+01 3.588941600623505798e-03
2.449224612306153048e+01 3.696412823477392660e-03
2.453226613306653192e+01 3.812324556707121555e-03
2.457228614307153336e+01 3.937442472197107135e-03
2.461230615307653835e+01 4.072629074978158584e-03
2.465232616308153979e+01 4.218858501847105348e-03
2.469234617308654123e+01 4.377234079213376990e-03
2.473236618309154622e+01 4.549009248310626960e-03
2.477238619309654766e+01 4.735612622908088112e-03
2.481240620310154910e+01 4.938678148557537964e-03
2.485242621310655409e+01 5.160081599298128874e-03
2.489244622311155553e+01 5.401984999970852949e-03
2.493246623311655696e+01 5.666891031260474533e-03
2.497248624312155840e+01 5.957710104847739607e-03
2.501250625312656339e+01 6.277843651585091403e-03
2.505252626313156483e+01 6.631288339307434519e-03
2.509254627313656627e+01 7.022767565365944237e-03
2.513256628314157126e+01 7.457898855674671874e-03
2.517258629314657270e+01 7.943409053977718362e-03
2.521260630315157414e+01 8.487413871539128268e-03
2.525262631315657913e+01 9.099785215456884097e-03
2.529264632316158057e+01 9.792639862659099220e-03
2.533266633316658201e+01 1.058099829976178428e-02
2.537268634317158345e+01 1.148368577716846715e-02
2.541270635317658844e+01 1.252458338838072227e-02
2.545272636318158987e+01 1.373439238982550326e-02
2.549274637318659131e+01 1.515316050691385523e-02
2.553276638319159630e+01 1.683394781665753862e-02
2.557278639319659774e+01 1.884818979583495480e-02
2.561280640320159918e+01 2.129351215738453651e-02
2.565282641320660417e+01 2.430475274450344739e-02
2.569284642321160561e+01 2.806788888746635999e-02
2.573286643321660705e+01 3.283151480547658735e-02
2.577288644322160849e+01 3.889310542135946541e-02
2.581290645322661348e+01 4.649296911783488973e-02
2.585292646323161492e+01 5.550400724450266221e-02
2.589294647323661636e+01 6.503873659540769514e-02
2.593296648324162135e+01 7.394898796026036503e-02
2.597298649324662279e+01 8.268144742537843206e-02
2.601300650325162422e+01 9.376437348597689569e-02
2.605302651325662922e+01 1.101924602927721042e-01
2.609304652326163065e+01 1.346639078134551082e-01
2.613306653326663209e+01 1.697613305397575323e-01
2.617308654327163353e+01 2.171694250847690244e-01
2.621310655327663852e+01 2.739726588382921935e-01
2.625312656328163996e+01 3.257331582863789432e-01
2.629314657328664140e+01 3.465506699218172115e-01
2.633316658329164639e+01 3.220383853260924134e-01
2.637318659329664783e+01 2.680538116297258577e-01
2.641320660330164927e+01 2.101059086469966586e-01
2.645322661330665426e+01 1.616207923976145377e-01
2.649324662331165570e+01 1.248799713702227060e-01
2.653326663331665713e+01 9.791609883268825865e-02
2.657328664332165857e+01 7.816374638586094659e-02
2.661330665332666356e+01 6.353306974256466011e-02
2.665332666333166500e+01 5.252173354122433718e-02
2.669334667333666644e+01 4.409088840785780478e-02
2.673336668334167143e+01 3.752682423373892434e-02
2.677338669334667287e+01 3.233564766457941442e-02
2.681340670335167431e+01 2.817106660121284495e-02
2.685342671335667930e+01 2.478651430067477929e-02
2.689344672336168074e+01 2.200361570974802838e-02
2.693346673336668218e+01 1.969130294589901964e-02
2.697348674337168362e+01 1.775182961044790425e-02
2.701350675337668861e+01 1.611127723385936614e-02
2.705352676338169005e+01 1.471301714920885718e-02
2.709354677338669148e+01 1.351314180025961487e-02
2.713356678339169648e+01 1.247722664618965832e-02
2.717358679339669791e+01 1.157800370798219534e-02
2.721360680340169935e+01 1.079366836841717629e-02
2.725362681340670434e+01 1.010663194105462445e-02
2.729364682341170578e+01 9.502592053390141943e-03
2.733366683341670722e+01 8.969832380201877425e-03
2.737368684342170866e+01 8.498689799688272442e-03
2.741370685342671365e+01 8.081145102565863436e-03
2.745372686343171509e+01 7.710505822666499469e-03
2.749374687343671653e+01 7.381158426233967035e-03
2.753376688344172152e+01 7.088373206660339258e-03
2.757378689344672296e+01 6.828149583657317293e-03
2.761380690345172439e+01 6.597092638125062053e-03
2.765382691345672583e+01 6.392313990345293781e-03
2.769384692346173082e+01 6.211351798989460903e-03
2.773386693346673226e+01 6.052105894432805930e-03
2.777388694347173370e+01 5.912784982699803397e-03
2.781390695347673869e+01 5.791863551249771917e-03
2.785392696348174013e+01 5.688046635467210524e-03
2.789394697348674157e+01 5.600241008826534715e-03
2.793396698349174656e+01 5.527531671958417318e-03
2.797398699349674800e+01 5.469162759483098442e-03
2.801400700350174944e+01 5.424522175690077268e-03
2.805402701350675088e+01 5.393129423805812471e-03
2.809404702351175587e+01 5.374626218474695336e-03
2.813406703351675731e+01 5.368769574741462554e-03
2.817408704352175874e+01 5.375427155257180706e-03
2.821410705352676374e+01 5.394574735559193486e-03
2.825412706353176517e+01 5.426295719345861773e-03
2.829414707353676661e+01 5.470782705590761588e-03
2.833416708354177160e+01 5.528341181008262183e-03
2.837418709354677304e+01 5.599395488996085878e-03
2.841420710355177448e+01 5.684497314647199082e-03
2.845422711355677592e+01 5.784337030855703048e-03
2.849424712356178091e+01 5.899758380952234774e-03
2.853426713356678235e+01 6.031777139601215455e-03
2.857428714357178379e+01 6.181604611164269632e-03
2.861430715357678878e+01 6.350677115304782100e-03
2.865432716358179022e+01 6.540693005340193766e-03
2.869434717358679165e+01 6.753659313446325717e-03
2.873436718359179665e+01 6.991950890422969980e-03
2.877438719359679808e+01 7.258386017116045912e-03
2.881440720360179952e+01 7.556324082283205103e-03
2.885442721360680096e+01 7.889793319816394701e-03
2.889444722361180595e+01 8.263660210321511004e-03
2.893446723361680739e+01 8.683857672191933746e-03
2.897448724362180883e+01 9.157697702069627493e-03
2.901450725362681382e+01 9.694307398341418108e-03
2.905452726363181526e+01 1.030524783158138190e-02
2.909454727363681670e+01 1.100540604453520595e-02
2.913456728364182169e+01 1.181429272435373032e-02
2.917458729364682313e+01 1.275792062007911724e-02
2.921460730365182457e+01 1.387141942758422265e-02
2.925462731365682600e+01 1.520221744988091775e-02
2.929464732366183100e+01 1.681216376686343189e-02
2.933466733366683243e+01 1.877204379125361686e-02
2.937468734367183387e+01 2.112951837692757587e-02
2.941470735367683886e+01 2.381910011788906933e-02
2.945472736368184030e+01 2.654797832075163691e-02
2.949474737368684174e+01 2.892726075515445264e-02
2.953476738369184673e+01 3.096978786249465418e-02
2.957478739369684817e+01 3.319689855353760016e-02
2.961480740370184961e+01 3.616415393586103200e-02
2.965482741370685105e+01 4.023781779344033638e-02
2.969484742371185604e+01 4.570976493760626341e-02
2.973486743371685748e+01 5.294278640668749480e-02
2.977488744372185892e+01 6.247242645113243453e-02
2.981490745372686391e+01 7.510286409513211581e-02
2.985492746373186534e+01 9.203029071767830638e-02
2.989494747373686678e+01 1.150015752523696339e-01
2.993496748374187177e+01 1.464513668452655237e-01
2.997498749374687321e+01 1.893464027695038465e-01
3.001500750375187465e+01 2.458585393901540628e-01
3.005502751375687609e+01 3.129579517946742828e-01
3.009504752376188108e+01 3.743603254257802937e-01
3.013506753376688252e+01 4.002251955475806255e-01
3.017508754377188396e+01 3.733626562036174712e-01
3.021510755377688895e+01 3.116481566161367067e-01
3.025512756378189039e+01 2.447993302039266628e-01
3.029514757378689183e+01 1.887179316659894635e-01
3.033516758379189682e+01 1.462291989215614985e-01
3.037518759379689826e+01 1.151058481570618047e-01
3.041520760380189969e+01 9.237946533007608541e-02
3.045522761380690113e+01 7.562202392022374098e-02
3.049524762381190612e+01 6.308681865327611660e-02
3.053526763381690756e+01 5.356689303623046738e-02
3.057528764382190900e+01 4.623450488640122591e-02
3.061530765382691399e+01 4.051851495039391488e-02
3.065532766383191543e+01 3.602027426508006697e-02
3.069534767383691687e+01 3.245790846048639267e-02
3.073536768384192186e+01 2.962969994542806809e-02
3.077538769384692330e+01 2.738993618469666436e-02
3.081540770385192474e+01 2.563285826280517488e-02
3.085542771385692618e+01 2.428191651958743272e-02
3.089544772386193117e+01 2.328256236606826221e-02
3.093546773386693260e+01 2.259745757084018897e-02
3.097548774387193404e+01 2.220340064567221175e-02
3.101550775387693903e+01 2.208954555893861277e-02
3.105552776388194047e+01 2.225668002115080077e-02
3.109554777388694191e+01 2.271747857167609116e-02
3.113556778389194335e+01 2.349777882330189235e-02
3.117558779389694834e+01 2.463907328032794233e-02
3.121560780390194978e+01 2.620259272565448466e-02
3.125562781390695122e+01 2.827561842891668925e-02
3.129564782391195621e+01 3.098105558006009758e-02
3.133566783391695765e+01 3.449191386472974519e-02
3.137568784392195909e+01 3.905329222416153295e-02
3.141570785392696408e+01 4.501588490271356269e-02
3.145572786393196552e+01 5.288690796804536298e-02
3.149574787393696695e+01 6.340591884271855327e-02
3.153576788394196839e+01 7.765046082768439772e-02
3.157578789394697338e+01 9.715539379457337199e-02
3.161580790395197482e+01 1.239427412658528488e-01
3.165582791395697626e+01 1.600781559244095487e-01
3.169584792396198125e+01 2.057161780672864815e-01
3.173586793396698269e+01 2.542317393825010985e-01
3.177588794397198413e+01 2.874753880324893429e-01
3.181590795397698912e+01 2.853960174607994005e-01
3.185592796398199056e+01 2.493222962434965273e-01
3.189594797398699200e+01 2.001615764642729334e-01
3.193596798399199344e+01 1.549972916827451752e-01
3.197598799399699843e+01 1.195083244626030800e-01
3.201600800400200342e+01 9.319019670210977602e-02
3.205602801400700486e+01 7.392924183248132664e-02
3.209604802401200629e+01 5.974139772586795766e-02
3.213606803401700773e+01 4.913759444818584232e-02
3.217608804402200917e+01 4.107515633451046949e-02
3.221610805402701061e+01 3.483748394380743740e-02
3.225612806403201205e+01 2.993111403048638250e-02
3.229614807403702059e+01 2.601252991067764392e-02
3.233616808404202203e+01 2.283909919605637065e-02
3.237618809404702347e+01 2.023673501442009581e-02
3.241620810405202491e+01 1.807856454968113577e-02
3.245622811405702635e+01 1.627073486342001107e-02
3.249624812406202778e+01 1.474285116469981408e-02
3.253626813406702922e+01 1.344144795076460466e-02
3.257628814407203777e+01 1.232547115687688578e-02
3.261630815407703921e+01 1.136311428943659330e-02
3.265632816408204064e+01 1.052958268408627461e-02
3.269634817408704208e+01 9.805508370444988159e-03
3.273636818409204352e+01 9.175835439778722361e-03
3.277638819409704496e+01 8.629062430711126330e-03
3.281640820410205350e+01 8.156777135039452314e-03
3.285642821410705494e+01 7.753459105869889116e-03
3.289644822411205638e+01 7.416560984597667279e-03
3.293646823411705782e+01 7.146908761844789071e-03
3.297648824412205926e+01 6.949454803071182345e-03
3.301650825412706070e+01 6.834259607252148386e-03
3.305652826413206213e+01 6.816875898130764222e-03
3.309654827413707068e+01 6.914963270664819216e-03
3.313656828414207212e+01 7.132162208466044824e-03
3.317658829414707355e+01 7.415100612739221331e-03
3.321660830415207499e+01 7.602163740914001482e-03
3.325662831415707643e+01 7.490181948613922058e-03
3.329664832416207787e+01 7.058301146627369432e-03
3.333666833416707931e+01 6.496078050764579788e-03
3.337668834417208785e+01 5.981647880759133687e-03
3.341670835417708929e+01 5.583384427688076190e-03
3.345672836418209073e+01 5.303889575379494917e-03
3.349674837418709217e+01 5.127859855279626872e-03
3.353676838419209361e+01 5.042012662999729132e-03
3.357678839419709504e+01 5.040346411344986087e-03
3.361680840420210359e+01 5.125055403751840009e-03
3.365682841420710503e+01 5.307120298649227116e-03
3.369684842421210647e+01 5.607920033819048869e-03
3.373686843421710790e+01 6.062452565981778230e-03
3.377688844422210934e+01 6.724512390387767449e-03
3.381690845422711078e+01 7.673412631291641472e-03
3.385692846423211222e+01 9.018459083081487374e-03
3.389694847423712076e+01 1.088563946196908529e-02
3.393696848424212220e+01 1.333978671814282230e-02
3.397698849424712364e+01 1.615519858879059176e-02
3.401700850425212508e+01 1.847474473387897276e-02
3.405702851425712652e+01 1.901121408333778656e-02
3.409704852426212796e+01 1.735042080571347345e-02
3.413706853426712939e+01 1.450573124205238248e-02
3.417708854427213794e+01 1.166234449309919152e-02
3.421710855427713938e+01 9.343183748805211977e-03
3.425712856428214081e+01 7.593721643460703448e-03
3.429714857428714225e+01 6.301713283783261232e-03
3.433716858429214369e+01 5.343419782175558991e-03
3.437718859429714513e+01 4.621842788173018308e-03
3.441720860430214657e+01 4.068093654844472974e-03
3.445722861430715511e+01 3.634669686977020503e-03
3.449724862431215655e+01 3.288896623372796445e-03
3.453726863431715799e+01 3.008094304835802219e-03
3.457728864432215943e+01 2.776296957148672098e-03
3.461730865432716087e+01 2.582085293890387743e-03
3.465732866433216230e+01 2.417158139563389905e-03
3.469734867433717085e+01 2.275384657773530609e-03
3.473736868434217229e+01 2.152168016987721002e-03
3.477738869434717373e+01 2.044012189474042358e-03
3.481740870435217516e+01 1.948222709696030997e-03
3.485742871435717660e+01 1.862696937932081017e-03
3.489744872436217804e+01 1.785774962669327021e-03
3.493746873436717948e+01 1.716132163317566272e-03
3.497748874437218802e+01 1.652700789327980800e-03
3.501750875437718946e+01 1.594612018099583924e-03
3.505752876438219090e+01 1.541152649871634431e-03
3.509754877438719234e+01 1.491732390643670143e-03
3.513756878439219378e+01 1.445858881868334819e-03
3.517758879439719522e+01 1.403118459439718982e-03
3.521760880440219665e+01 1.363161193229381818e-03
3.525762881440720520e+01 1.325689155648634727e-03
3.529764882441220664e+01 1.290447148250046258e-03
3.533766883441720807e+01 1.257215315609697993e-03
3.537768884442220951e+01 1.225803220089913444e-03
3.541770885442721095e+01 1.196045056161118472e-03
3.545772886443221239e+01 1.167795760150086657e-03
3.549774887443722093e+01 1.140927828476238047e-03
3.553776888444222237e+01 1.115328700168464722e-03
3.557778889444722381e+01 1.090898591631398254e-03
3.561780890445222525e+01 1.067548696041401360e-03
3.565782891445722669e+01 1.045199678404914838e-03
3.569784892446222813e+01 1.023780411661598649e-03
3.573786893446722956e+01 1.003226910326068290e-03
3.577788894447223811e+01 9.834814268195790545e-04
3.581790895447723955e+01 9.644916824287277229e-04
3.585792896448224099e+01 9.462102101771244656e-04
3.589794897448724242e+01 9.285937911354686779e-04
3.593796898449224386e+01 9.116029690729021825e-04
3.597798899449724530e+01 8.952016310570296400e-04
3.601800900450224674e+01 8.793566437858929509e-04
3.605802901450725528e+01 8.640375371939487291e-04
3.609804902451225672e+01 8.492162283020711182e-04
3.613806903451725816e+01 8.348667794458420428e-04
3.617808904452225960e+01 8.209651859697371119e-04
3.621810905452726104e+01 8.074891892583048762e-04
3.625812906453226248e+01 7.944181116220430661e-04
3.629814907453727102e+01 7.817327100911407702e-04
3.633816908454227246e+01 7.694150466153515172e-04
3.637818909454727390e+01 7.574483725394110792e-04
3.641820910455227533e+01 7.458170255341381363e-04
3.645822911455727677e+01 7.345063374240484505e-04
3.649824912456227821e+01 7.235025515719907714e-04
3.653826913456727965e+01 7.127927486668122082e-04
3.657828914457228819e+01 7.023647799172189413e-04
3.661830915457728963e+01 6.922072067885541840e-04
3.665832916458229107e+01 6.823092465329274030e-04
3.669834917458729251e+01 6.726607228603802236e-04
3.673836918459229395e+01 6.632520211819370893e-04
3.677838919459729539e+01 6.540740479268987093e-04
3.681840920460229682e+01 6.451181934982321660e-04
3.685842921460730537e+01 6.363762984829979957e-04
3.689844922461230681e+01 6.278406227806554484e-04
3.693846923461730825e+01 6.195038173518525220e-04
3.697848924462230968e+01 6.113588983249230177e-04
3.701850925462731112e+01 6.033992232273439589e-04
3.705852926463231256e+01 5.956184691357003548e-04
3.709854927463732110e+01 5.880106125606300712e-04
3.713856928464232254e+01 5.805699109033450123e-04
3.717858929464732398e+01 5.732908853379280320e-04
3.721860930465232542e+01 5.661683049891744635e-04
3.725862931465732686e+01 5.591971722893546506e-04
3.729864932466232830e+01 5.523727094093777885e-04
3.733866933466732974e+01 5.456903456704706966e-04
3.737868934467233828e+01 5.391457058519457833e-04
3.741870935467733972e+01 5.327345993190059749e-04
3.745872936468234116e+01 5.264530099019607305e-04
3.749874937468734259e+01 5.202970864648836158e-04
3.753876938469234403e+01 5.142631341076147082e-04
3.757878939469734547e+01 5.083476059503034194e-04
3.761880940470234691e+01 5.025470954543923268e-04
3.765882941470735545e+01 4.968583292381652467e-04
3.769884942471235689e+01 4.912781603487726117e-04
3.773886943471735833e+01 4.858035619560277019e-04
3.777888944472235977e+01 4.804316214363560638e-04
3.781890945472736121e+01 4.751595348179980566e-04
3.785892946473236265e+01 4.699846015610676742e-04
3.789894947473736408e+01 4.649042196483029431e-04
3.793896948474237263e+01 4.599158809643696813e-04
3.797898949474737407e+01 4.550171669434149814e-04
3.801900950475237551e+01 4.502057444662180730e-04
3.805902951475737694e+01 4.454793619898114254e-04
3.809904952476237838e+01 4.408358458937952119e-04
3.813906953476737982e+01 4.362730970288219230e-04
3.817908954477238836e+01 4.317890874538587390e-04
3.821910955477738980e+01 4.273818573498737732e-04
3.825912956478239124e+01 4.230495120985163101e-04
3.829914957478739268e+01 4.187902195152512388e-04
3.833916958479239412e+01 4.146022072271636234e-04
3.837918959479739556e+01 4.104837601863921400e-04
3.841920960480239700e+01 4.064332183107967301e-04
3.845922961480740554e+01 4.024489742440754076e-04
3.849924962481240698e+01 3.985294712281052618e-04
3.853926963481740842e+01 3.946732010807750849e-04
3.857928964482240985e+01 3.908787022730744309e-04
3.861930965482741129e+01 3.871445580996079423e-04
3.865932966483241273e+01 3.834693949371173493e-04
3.869934967483741417e+01 3.798518805859572942e-04
3.873936968484242271e+01 3.762907226898054504e-04
3.877938969484742415e+01 3.727846672292090859e-04
3.881940970485242559e+01 3.693324970848420319e-04
3.885942971485742703e+01 3.659330306666386430e-04
3.889944972486242847e+01 3.625851206051933793e-04
3.893946973486742991e+01 3.592876525020597799e-04
3.897948974487243845e+01 3.560395437357911442e-04
3.901950975487743989e+01 3.528397423207617453e-04
3.905952976488244133e+01 3.496872258159851614e-04
3.909954977488744277e+01 3.465810002813338696e-04
3.913956978489244420e+01 3.435200992787007025e-04
3.917958979489744564e+01 3.405035829158051188e-04
3.921960980490244708e+01 3.375305369304796264e-04
3.925962981490745562e+01 3.346000718133977864e-04
3.929964982491245706e+01 3.317113219673320772e-04
3.933966983491745850e+01 3.288634449011250947e-04
3.937968984492245994e+01 3.260556204566840313e-04
3.941970985492746138e+01 3.232870500673864448e-04
3.945972986493246282e+01 3.205569560463831179e-04
3.949974987493746426e+01 3.178645809033716881e-04
3.953976988494247280e+01 3.152091866884879079e-04
3.957978989494747424e+01 3.125900543620433098e-04
3.961980990495247568e+01 3.100064831888955648e-04
3.965982991495747711e+01 3.074577901563217957e-04
3.969984992496247855e+01 3.049433094143063076e-04
3.973986993496747999e+01 3.024623917372267282e-04
3.977988994497248854e+01 3.000144040059680344e-04
3.981990995497748997e+01 2.975987287095512978e-04
3.985992996498249141e+01 2.952147634654017075e-04
3.989994997498749285e+01 2.928619205574395216e-04
3.993996998499249429e+01 2.905396264912070339e-04
3.997998999499749573e+01 2.882473215652904476e-04
4.002001000500249717e+01 2.859844594583337159e-04
4.006003001500750571e+01 2.837505068309717623e-04
4.010005002501250715e+01 2.815449429420525647e-04
4.014007003501750859e+01 2.793672592785359618e-04
4.018009004502251003e+01 2.772169591985012768e-04
4.022011005502751146e+01 2.750935575867134177e-04
4.026013006503251290e+01 2.729965805222264947e-04
4.030015007503751434e+01 2.709255649575315885e-04
4.034017008504252289e+01 2.688800584087738983e-04
4.038019009504752432e+01 2.668596186565932809e-04
4.042021010505252576e+01 2.648638134571542854e-04
4.046023011505752720e+01 2.628922202629636602e-04
4.050025012506252864e+01 2.609444259530804659e-04
4.054027013506753008e+01 2.590200265723504908e-04
4.058029014507253862e+01 2.571186270793063690e-04
4.062031015507754006e+01 2.552398411024018525e-04
4.066033016508254150e+01 2.533832907042463567e-04
4.070035017508754294e+01 2.515486061535430334e-04
4.074037018509254438e+01 2.497354257044246805e-04
4.078039019509754581e+01 2.479433953829131851e-04
4.082041020510254725e+01 2.461721687802278179e-04
4.086043021510755580e+01 2.444214068526875906e-04
4.090045022511255723e+01 2.426907777279599095e-04
4.094047023511755867e+01 2.409799565174181935e-04
4.098049024512256011e+01 2.392886251343855444e-04
4.102051025512756155e+01 2.376164721180458125e-04
4.106053026513256299e+01 2.359631924628159249e-04
4.110055027513756443e+01 2.343284874529801172e-04
4.114057028514257297e+01 2.327120645023974730e-04
4.118059029514757441e+01 2.311136369991005971e-04
4.122061030515257585e+01 2.295329241546070992e-04
4.126063031515757729e+01 2.279696508577821784e-04
4.130065032516257872e+01 2.264235475330877816e-04
4.134067033516758016e+01 2.248943500030649745e-04
4.138069034517258160e+01 2.233817993549019128e-04
4.142071035517759015e+01 2.218856418109457871e-04
4.146073036518259158e+01 2.204056286030227851e-04
4.150075037518759302e+01 2.189415158504322517e-04
4.154077038519259446e+01 2.174930644414943494e-04
4.158079039519759590e+01 2.160600399185265614e-04
4.162081040520259734e+01 2.146422123661339513e-04
4.166083041520760588e+01 2.132393563027027241e-04
4.170085042521260732e+01 2.118512505749892399e-04
4.174087043521760876e+01 2.104776782556996894e-04
4.178089044522261020e+01 2.091184265439643465e-04
4.182091045522761164e+01 2.077732866686095769e-04
4.186093046523261307e+01 2.064420537941348229e-04
4.190095047523761451e+01 2.051245269293075295e-04
4.194097048524262306e+01 2.038205088382910384e-04
4.198099049524762449e+01 2.025298059542235646e-04
4.202101050525262593e+01 2.012522282951671303e-04
4.206103051525762737e+01 1.999875893823550898e-04
4.210105052526262881e+01 1.987357061606611014e-04
4.214107053526763025e+01 1.974963989212206224e-04
4.218109054527263169e+01 1.962694912261377567e-04
4.222111055527764023e+01 1.950548098352101014e-04
4.226113056528264167e+01 1.938521846346114735e-04
4.230115057528764311e+01 1.926614485674671103e-04
4.234117058529264455e+01 1.914824375662680300e-04
4.238119059529764598e+01 1.903149904870640524e-04
4.242121060530264742e+01 1.891589490453826801e-04
4.246123061530765597e+01 1.880141577538203075e-04
4.250125062531265741e+01 1.868804638612563444e-04
4.254127063531765884e+01 1.857577172936381591e-04
4.258129064532266028e+01 1.846457705962940962e-04
4.262131065532766172e+01 1.835444788777240179e-04
4.266133066533266316e+01 1.824536997548269277e-04
4.270135067533766460e+01 1.813732932995209819e-04
4.274137068534267314e+01 1.803031219867145781e-04
4.278139069534767458e+01 1.792430506435913897e-04
4.282141070535267602e+01 1.781929464001658406e-04
4.286143071535767746e+01 1.771526786410779317e-04
4.290145072536267890e+01 1.761221189585859750e-04
4.294147073536768033e+01 1.751011411067266072e-04
4.298149074537268177e+01 1.740896209566059516e-04
4.302151075537769032e+01 1.730874364527900517e-04
4.306153076538269175e+01 1.720944675707649794e-04
4.310155077538769319e+01 1.711105962754320856e-04
4.314157078539269463e+01 1.701357064806135089e-04
4.318159079539769607e+01 1.691696840095370459e-04
4.322161080540269751e+01 1.682124165562730040e-04
4.326163081540770605e+01 1.672637936480966651e-04
4.330165082541270749e+01 1.663237066087514503e-04
4.334167083541770893e+01 1.653920485225851382e-04
4.338169084542271037e+01 1.644687141995386460e-04
4.342171085542771181e+01 1.635536001409609180e-04
4.346173086543271324e+01 1.626466045062286445e-04
4.350175087543771468e+01 1.617476270801484226e-04
4.354177088544272323e+01 1.608565692411204333e-04
4.358179089544772467e+01 1.599733339300428729e-04
4.362181090545272610e+01 1.590978256199357518e-04
4.366183091545772754e+01 1.582299502862679350e-04
4.370185092546272898e+01 1.573696153779651147e-04
4.374187093546773042e+01 1.565167297890824271e-04
4.378189094547273186e+01 1.556712038311242280e-04
4.382191095547774040e+01 1.548329492059923008e-04
4.386193096548274184e+01 1.540018789795482906e-04
4.390195097548774328e+01 1.531779075557712579e-04
4.394197098549274472e+01 1.523609506514978819e-04
4.398199099549774616e+01 1.515509252717275337e-04
4.402201100550274759e+01 1.507477496854795060e-04
4.406203101550775614e+01 1.499513434021865709e-04
4.410205102551275758e+01 1.491616271486121532e-04
4.414207103551775901e+01 1.483785228462770238e-04
4.418209104552276045e+01 1.476019535893821795e-04
4.422211105552776189e+01 1.468318436232170915e-04
4.426213106553276333e+01 1.460681183230379298e-04
4.430215107553776477e+01 1.453107041734069791e-04
4.434217108554277331e+01 1.445595287479791260e-04
4.438219109554777475e+01 1.438145206897263639e-04
4.442221110555277619e+01 1.430756096915869794e-04
4.446223111555777763e+01 1.423427264775308833e-04
4.450225112556277907e+01 1.416158027840298903e-04
4.454227113556778050e+01 1.408947713419226493e-04
4.458229114557278194e+01 1.401795658586649793e-04
4.462231115557779049e+01 1.394701210009555571e-04
4.466233116558279193e+01 1.387663723777292574e-04
4.470235117558779336e+01 1.380682565235060572e-04
4.474237118559279480e+01 1.373757108820906794e-04
4.478239119559779624e+01 1.366886737906115650e-04
4.482241120560279768e+01 1.360070844638925594e-04
4.486243121560779912e+01 1.353308829791481790e-04
4.490245122561280766e+01 1.346600102609953834e-04
4.494247123561780910e+01 1.339944080667751047e-04
4.498249124562281054e+01 1.333340189721730700e-04
4.502251125562781198e+01 1.326787863571372622e-04
4.506253126563281342e+01 1.320286543920810678e-04
4.510255127563781485e+01 1.313835680243673415e-04
4.514257128564282340e+01 1.307434729650664763e-04
4.518259129564782484e+01 1.301083156759824872e-04
4.522261130565282627e+01 1.294780433569386272e-04
4.526263131565782771e+01 1.288526039333200666e-04
4.530265132566282915e+01 1.282319460438644757e-04
4.534267133566783059e+01 1.276160190286967423e-04
4.538269134567283203e+01 1.270047729176010756e-04
4.542271135567784057e+01 1.263981584185255901e-04
4.546273136568284201e+01 1.257961269063141382e-04
4.550275137568784345e+01 1.251986304116595638e-04
4.554277138569284489e+01 1.246056216102737156e-04
4.558279139569784633e+01 1.240170538122700717e-04
4.562281140570284776e+01 1.234328809517523087e-04
4.566283141570784920e+01 1.228530575766061323e-04
4.570285142571285775e+01 1.222775388384883500e-04
4.574287143571785919e+01 1.217062804830101934e-04
4.578289144572286062e+01 1.211392388401082609e-04
4.582291145572786206e+01 1.205763708146016864e-04
4.586293146573286350e+01 1.200176338769296235e-04
4.590295147573786494e+01 1.194629860540651436e-04
4.594297148574287348e+01 1.189123859206022945e-04
4.598299149574787492e+01 1.183657925900126061e-04
4.602301150575287636e+01 1.178231657060657852e-04
4.606303151575787780e+01 1.172844654344132434e-04
4.610305152576287924e+01 1.167496524543294587e-04
4.614307153576788068e+01 1.162186879506078889e-04
4.618309154577288211e+01 1.156915336056085254e-04
4.622311155577789066e+01 1.151681515914533175e-04
4.626313156578289210e+01 1.146485045623673687e-04
4.630315157578789353e+01 1.141325556471603741e-04
4.634317158579289497e+01 1.136202684418484074e-04
4.638319159579789641e+01 1.131116070024108003e-04
4.642321160580289785e+01 1.126065358376799848e-04
4.646323161580789929e+01 1.121050199023615766e-04
4.650325162581290783e+01 1.116070245901818641e-04
4.654327163581790927e+01 1.111125157271598601e-04
4.658329164582291071e+01 1.106214595650013664e-04
4.662331165582791215e+01 1.101338227746126122e-04
4.666333166583291359e+01 1.096495724397309455e-04
4.670335167583791502e+01 1.091686760506699767e-04
4.674337168584292357e+01 1.086911014981768947e-04
4.678339169584792501e+01 1.082168170673998450e-04
4.682341170585292645e+01 1.077457914319624387e-04
4.686343171585792788e+01 1.072779936481440269e-04
4.690345172586292932e+01 1.068133931491630140e-04
4.694347173586793076e+01 1.063519597395611922e-04
4.698349174587293220e+01 1.058936635896873203e-04
4.702351175587794074e+01 1.054384752302772521e-04
4.706353176588294218e+01 1.049863655471297981e-04
4.710355177588794362e+01 1.045373057758748679e-04
4.714357178589294506e+01 1.040912674968332404e-04
4.718359179589794650e+01 1.036482226299659433e-04
4.722361180590294794e+01 1.032081434299107216e-04
4.726363181590794937e+01 1.027710024811047678e-04
4.730365182591295792e+01 1.023367726929909891e-04
4.734367183591795936e+01 1.019054272953077734e-04
4.738369184592296079e+01 1.014769398334580762e-04
4.742371185592796223e+01 1.010512841639590924e-04
4.746373186593296367e+01 1.006284344499685265e-04
4.750375187593796511e+01 1.002083651568878137e-04
4.754377188594297365e+01 9.979105104803905350e-05
4.758379189594797509e+01 9.937646718041615707e-05
4.762381190595297653e+01 9.896458890050649460e-05
4.766383191595797797e+01 9.855539184018381554e-05
4.770385192596297941e+01 9.814885191266970387e-05
4.774387193596798085e+01 9.774494530856276905e-05
4.778389194597298228e+01 9.734364849193382404e-05
4.782391195597799083e+01 9.694493819648668481e-05
4.786393196598299227e+01 9.654879142178219231e-05
4.790395197598799371e+01 9.615518542952500975e-05
4.794397198599299514e+01 9.576409773991165024e-05
4.798399199599799658e+01 9.537550612803904354e-05
4.802401200600299802e+01 9.498938862037156837e-05
4.806403201600799946e+01 9.460572349126649620e-05
4.810405202601300800e+01 9.422448925955592192e-05
4.814407203601800944e+01 9.384566468518484264e-05
4.818409204602301088e+01 9.346922876590321619e-05
4.822411205602801232e+01 9.309516073401248723e-05
4.826413206603301376e+01 9.272344005316419577e-05
4.830415207603801520e+01 9.235404641521070867e-05
4.834417208604301663e+01 9.198695973710608188e-05
4.838419209604802518e+01 9.162216015785733822e-05
4.842421210605302662e+01 9.125962803552431729e-05
4.846423211605802805e+01 9.089934394426710837e-05
4.850425212606302949e+01 9.054128867144113396e-05
4.854427213606803093e+01 9.018544321473810871e-05
4.858429214607303237e+01 8.983178877937239917e-05
4.862431215607804091e+01 8.948030677531174115e-05
4.866433216608304235e+01 8.913097881455207035e-05
4.870435217608804379e+01 8.878378670843475905e-05
4.874437218609304523e+01 8.843871246500625849e-05
4.878439219609804667e+01 8.809573828641906299e-05
4.882441220610304811e+01 8.775484656637322323e-05
4.886443221610804954e+01 8.741601988759783949e-05
4.890445222611305809e+01 8.707924101937155898e-05
4.894447223611805953e+01 8.674449291508171155e-05
4.898449224612306097e+01 8.641175870982105358e-05
4.902451225612806240e+01 8.608102171802163225e-05
4.906453226613306384e+01 8.575226543112520101e-05
4.910455227613806528e+01 8.542547351528931884e-05
4.914457228614306672e+01 8.510062980912861828e-05
4.918459229614807526e+01 8.477771832149040207e-05
4.922461230615307670e+01 8.445672322926481225e-05
4.926463231615807814e+01 8.413762887522734915e-05
4.930465232616307958e+01 8.382041976591491934e-05
4.934467233616808102e+01 8.350508056953373200e-05
4.938469234617308246e+01 8.319159611389871851e-05
4.942471235617809100e+01 8.287995138440412278e-05
4.946473236618309244e+01 8.257013152202486946e-05
4.950475237618809388e+01 8.226212182134711066e-05
4.954477238619309531e+01 8.195590772862911683e-05
4.958479239619809675e+01 8.165147483989064145e-05
4.962481240620309819e+01 8.134880889903077321e-05
4.966483241620809963e+01 8.104789579597396383e-05
4.970485242621310817e+01 8.074872156484314738e-05
4.974487243621810961e+01 8.045127238216049324e-05
4.978489244622311105e+01 8.015553456507389530e-05
4.982491245622811249e+01 7.986149456961024091e-05
4.986493246623311393e+01 7.956913898895410446e-05
4.990495247623811537e+01 7.927845455175156722e-05
4.994497248624311680e+01 7.898942812043887912e-05
4.998499249624812535e+01 7.870204668959556913e-05
5.002501250625312679e+01 7.841629738432162502e-05
5.006503251625812823e+01 7.813216745863773953e-05
5.010505252626312966e+01 7.784964429390943603e-05
5.014507253626813110e+01 7.756871539729335262e-05
5.018509254627313254e+01 7.728936840020625377e-05
5.022511255627814108e+01 7.701159105681601067e-05
5.026513256628314252e+01 7.673537124255445528e-05
5.030515257628814396e+01 7.646069695265079362e-05
5.034517258629314540e+01 7.618755630068691994e-05
5.038519259629814684e+01 7.591593751717276150e-05
5.042521260630314828e+01 7.564582894814196568e-05
5.046523261630814972e+01 7.537721905376773980e-05
5.050525262631315826e+01 7.511009640699786759e-05
5.054527263631815970e+01 7.484444969220975649e-05
5.058529264632316114e+01 7.458026770388341477e-05
5.062531265632816257e+01 7.431753934529394443e-05
5.066533266633316401e+01 7.405625362722223503e-05
5.070535267633816545e+01 7.379639966668326235e-05
5.074537268634316689e+01 7.353796668567283196e-05
5.078539269634817543e+01 7.328094400993103309e-05
5.082541270635317687e+01 7.302532106772388002e-05
5.086543271635817831e+01 7.277108738864078278e-05
5.090545272636317975e+01 7.251823260240947350e-05
5.094547273636818119e+01 7.226674643772699254e-05
5.098549274637318263e+01 7.201661872110689698e-05
5.102551275637819117e+01 7.176783937574224422e-05
5.106553276638319261e+01 7.152039842038436436e-05
5.110555277638819405e+01 7.127428596823660802e-05
5.114557278639319549e+01 7.102949222586391000e-05
5.118559279639819692e+01 7.078600749211643405e-05
5.122561280640319836e+01 7.054382215706850486e-05
5.126563281640819980e+01 7.030292670097166175e-05
5.130565282641320835e+01 7.006331169322192905e-05
5.134567283641820978e+01 6.982496779134128942e-05
5.138569284642321122e+01 6.958788573997237096e-05
5.142571285642821266e+01 6.935205636988739158e-05
5.146573286643321410e+01 6.911747059700977492e-05
5.150575287643821554e+01 6.888411942144949504e-05
5.154577288644321698e+01 6.865199392655078100e-05
5.158579289644822552e+01 6.842108527795288605e-05
5.162581290645322696e+01 6.819138472266336585e-05
5.166583291645822840e+01 6.796288358814356746e-05
5.170585292646322984e+01 6.773557328140616658e-05
5.174587293646823127e+01 6.750944528812511888e-05
5.178589294647323271e+01 6.728449117175673794e-05
5.182591295647823415e+01 6.706070257267291628e-05
5.186593296648324269e+01 6.683807120730548656e-05
5.190595297648824413e+01 6.661658886730196692e-05
5.194597298649324557e+01 6.639624741869216181e-05
5.198599299649824701e+01 6.617703880106584895e-05
5.202601300650324845e+01 6.595895502676126746e-05
5.206603301650824989e+01 6.574198818006397383e-05
5.210605302651325843e+01 6.552613041641633656e-05
5.214607303651825987e+01 6.531137396163711384e-05
5.218609304652326131e+01 6.509771111115122283e-05
5.222611305652826275e+01 6.488513422922951061e-05
5.226613306653326418e+01 6.467363574823821524e-05
5.230615307653826562e+01 6.446320816789825241e-05
5.234617308654326706e+01 6.425384405455388036e-05
5.238619309654827561e+01 6.404553604045067549e-05
5.242621310655327704e+01 6.383827682302322510e-05
5.246623311655827848e+01 6.363205916419126327e-05
5.250625312656327992e+01 6.342687588966509037e-05
5.254627313656828136e+01 6.322271988825997776e-05
5.258629314657328280e+01 6.301958411121898868e-05
5.262631315657828424e+01 6.281746157154467606e-05
5.266633316658329278e+01 6.261634534333884402e-05
5.270635317658829422e+01 6.241622856115122697e-05
5.274637318659329566e+01 6.221710441933559551e-05
5.278639319659829710e+01 6.201896617141471209e-05
5.282641320660329853e+01 6.182180712945283549e-05
5.286643321660829997e+01 6.162562066343609923e-05
5.290645322661330852e+01 6.143040020066083183e-05
5.294647323661830995e+01 6.123613922512938517e-05
5.298649324662331139e+01 6.104283127695344377e-05
5.302651325662831283e+01 6.085046995176476777e-05
5.306653326663331427e+01 6.065904890013336251e-05
5.310655327663831571e+01 6.046856182699275660e-05
5.314657328664331715e+01 6.027900249107232038e-05
5.318659329664832569e+01 6.009036470433671987e-05
5.322661330665332713e+01 5.990264233143224182e-05
5.326663331665832857e+01 5.971582928913980016e-05
5.330665332666333001e+01 5.952991954583472550e-05
5.334667333666833144e+01 5.934490712095325633e-05
5.338669334667333288e+01 5.916078608446545415e-05
5.342671335667833432e+01 5.897755055635450858e-05
5.346673336668334287e+01 5.879519470610236479e-05
5.350675337668834430e+01 5.861371275218193056e-05
5.354677338669334574e+01 5.843309896155481293e-05
5.358679339669834718e+01 5.825334764917571576e-05
5.362681340670334862e+01 5.807445317750251594e-05
5.366683341670835006e+01 5.789640995601235681e-05
5.370685342671335860e+01 5.771921244072344726e-05
5.374687343671836004e+01 5.754285513372286455e-05
5.378689344672336148e+01 5.736733258269963593e-05
5.382691345672836292e+01 5.719263938048371547e-05
5.386693346673336436e+01 5.701877016459034817e-05
5.390695347673836579e+01 5.684571961676985493e-05
5.394697348674336723e+01 5.667348246256281836e-05
5.398699349674837578e+01 5.650205347086050651e-05
5.402701350675337721e+01 5.633142745347061603e-05
5.406703351675837865e+01 5.616159926468788748e-05
5.410705352676338009e+01 5.599256380087017543e-05
5.414707353676838153e+01 5.582431600001915370e-05
5.418709354677338297e+01 5.565685084136614327e-05
5.422711355677838441e+01 5.549016334496290054e-05
5.426713356678339295e+01 5.532424857127689821e-05
5.430715357678839439e+01 5.515910162079166800e-05
5.434717358679339583e+01 5.499471763361154803e-05
5.438719359679839727e+01 5.483109178907120057e-05
5.442721360680339870e+01 5.466821930534964964e-05
5.446723361680840014e+01 5.450609543908878417e-05
5.450725362681340869e+01 5.434471548501621825e-05
5.454727363681841013e+01 5.418407477557269828e-05
5.458729364682341156e+01 5.402416868054356911e-05
5.462731365682841300e+01 5.386499260669467859e-05
5.466733366683341444e+01 5.370654199741245639e-05
5.470735367683841588e+01 5.354881233234803136e-05
5.474737368684341732e+01 5.339179912706550958e-05
5.478739369684842586e+01 5.323549793269421651e-05
5.482741370685342730e+01 5.307990433558516081e-05
5.486743371685842874e+01 5.292501395697088613e-05
5.490745372686343018e+01 5.277082245262978191e-05
5.494747373686843162e+01 5.261732551255385662e-05
5.498749374687343305e+01 5.246451886062044142e-05
5.502751375687843449e+01 5.231239825426745125e-05
5.506753376688344304e+01 5.216095948417253552e-05
5.510755377688844447e+01 5.201019837393571182e-05
5.514757378689344591e+01 5.186011077976556392e-05
5.518759379689844735e+01 5.171069259016899055e-05
5.522761380690344879e+01 5.156193972564457269e-05
5.526763381690845023e+01 5.141384813837914604e-05
5.530765382691345167e+01 5.126641381194796491e-05
5.534767383691846021e+01 5.111963276101805096e-05
5.538769384692346165e+01 5.097350103105511979e-05
5.542771385692846309e+01 5.082801469803337392e-05
5.546773386693346453e+01 5.068316986814887356e-05
5.550775387693846596e+01 5.053896267753591620e-05
5.554777388694346740e+01 5.039538929198657372e-05
5.558779389694847595e+01 5.025244590667341454e-05
5.562781390695347739e+01 5.011012874587519368e-05
5.566783391695847882e+01 4.996843406270554469e-05
5.570785392696348026e+01 4.982735813884476162e-05
5.574787393696848170e+01 4.968689728427453539e-05
5.578789394697348314e+01 4.954704783701536678e-05
5.582791395697848458e+01 4.940780616286719144e-05
5.586793396698349312e+01 4.926916865515252556e-05
5.590795397698849456e+01 4.913113173446276939e-05
5.594797398699349600e+01 4.899369184840683493e-05
5.598799399699849744e+01 4.885684547136283655e-05
5.602801400700349888e+01 4.872058910423237687e-05
5.606803401700850031e+01 4.858491927419750933e-05
5.610805402701350175e+01 4.844983253448024855e-05
5.614807403701851030e+01 4.831532546410477772e-05
5.618809404702351173e+01 4.818139466766228516e-05
5.622811405702851317e+01 4.804803677507798955e-05
5.626813406703351461e+01 4.791524844138114004e-05
5.630815407703851605e+01 4.778302634647717116e-05
5.634817408704351749e+01 4.765136719492229714e-05
5.638819409704852603e+01 4.752026771570071520e-05
5.642821410705352747e+01 4.738972466200410593e-05
5.646823411705852891e+01 4.725973481101326812e-05
5.650825412706353035e+01 4.713029496368238296e-05
5.654827413706853179e+01 4.700140194452541936e-05
5.658829414707353322e+01 4.687305260140482298e-05
5.662831415707853466e+01 4.674524380532248206e-05
5.666833416708354321e+01 4.661797245021273963e-05
5.670835417708854465e+01 4.649123545273794013e-05
5.674837418709354608e+01 4.636502975208566326e-05
5.678839419709854752e+01 4.623935230976845828e-05
5.682841420710354896e+01 4.611420010942559764e-05
5.686843421710855040e+01 4.598957015662674832e-05
5.690845422711355184e+01 4.586545947867790636e-05
5.694847423711856038e+01 4.574186512442920857e-05
5.698849424712356182e+01 4.561878416408487856e-05
5.702851425712856326e+01 4.549621368901502963e-05
5.706853426713356470e+01 4.537415081156949371e-05
5.710855427713856614e+01 4.525259266489352052e-05
5.714857428714356757e+01 4.513153640274553672e-05
5.718859429714857612e+01 4.501097919931659920e-05
5.722861430715357756e+01 4.489091824905182694e-05
5.726863431715857899e+01 4.477135076647368282e-05
5.730865432716358043e+01 4.465227398600696312e-05
5.734867433716858187e+01 4.453368516180576555e-05
5.738869434717358331e+01 4.441558156758200921e-05
5.742871435717858475e+01 4.429796049643600081e-05
5.746873436718359329e+01 4.418081926068841050e-05
5.750875437718859473e+01 4.406415519171421951e-05
5.754877438719359617e+01 4.394796563977824668e-05
5.758879439719859761e+01 4.383224797387232839e-05
5.762881440720359905e+01 4.371699958155426713e-05
5.766883441720860048e+01 4.360221786878827756e-05
5.770885442721360192e+01 4.348790025978713350e-05
5.774887443721861047e+01 4.337404419685592078e-05
5.778889444722361191e+01 4.326064714023732165e-05
5.782891445722861334e+01 4.314770656795851862e-05
5.786893446723361478e+01 4.303521997567950105e-05
5.790895447723861622e+01 4.292318487654309963e-05
5.794897448724361766e+01 4.281159880102640327e-05
5.798899449724862620e+01 4.270045929679363287e-05
5.802901450725362764e+01 4.258976392855067525e-05
5.806903451725862908e+01 4.247951027790078263e-05
5.810905452726363052e+01 4.236969594320197293e-05
5.814907453726863196e+01 4.226031853942568370e-05
5.818909454727363340e+01 4.215137569801697781e-05
5.822911455727863483e+01 4.204286506675592816e-05
5.826913456728364338e+01 4.193478430962064912e-05
5.830915457728864482e+01 4.182713110665149339e-05
5.834917458729364625e+01 4.171990315381652963e-05
5.838919459729864769e+01 4.161309816287862606e-05
5.842921460730364913e+01 4.150671386126355048e-05
5.846923461730865057e+01 4.140074799192958139e-05
5.850925462731365201e+01 4.129519831323819659e-05
5.854927463731866055e+01 4.119006259882628635e-05
5.858929464732366199e+01 4.108533863747941702e-05
5.862931465732866343e+01 4.098102423300634134e-05
5.866933466733366487e+01 4.087711720411489797e-05
5.870935467733866631e+01 4.077361538428889360e-05
5.874937468734366774e+01 4.067051662166639440e-05
5.878939469734866918e+01 4.056781877891910181e-05
5.882941470735367773e+01 4.046551973313286668e-05
5.886943471735867917e+01 4.036361737568947732e-05
5.890945472736368060e+01 4.026210961214938275e-05
5.894947473736868204e+01 4.016099436213581178e-05
5.898949474737368348e+01 4.006026955921984759e-05
5.902951475737868492e+01 3.995993315080664072e-05
5.906953476738369346e+01 3.985998309802268592e-05
5.910955477738869490e+01 3.976041737560429842e-05
5.914957478739369634e+01 3.966123397178702526e-05
5.918959479739869778e+01 3.956243088819615448e-05
5.922961480740369922e+01 3.946400613973831520e-05
5.926963481740870066e+01 3.936595775449411452e-05
5.930965482741370209e+01 3.926828377361174337e-05
5.934967483741871064e+01 3.917098225120155822e-05
5.938969484742371208e+01 3.907405125423189600e-05
5.942971485742871351e+01 3.897748886242550571e-05
5.946973486743371495e+01 3.888129316815733521e-05
5.950975487743871639e+01 3.878546227635302964e-05
5.954977488744371783e+01 3.868999430438848004e-05
5.958979489744871927e+01 3.859488738199042234e-05
5.962981490745372781e+01 3.850013965113764625e-05
5.966983491745872925e+01 3.840574926596366097e-05
5.970985492746373069e+01 3.831171439265972008e-05
5.974987493746873213e+01 3.821803320937910688e-05
5.978989494747373357e+01 3.812470390614221917e-05
5.982991495747873500e+01 3.803172468474256900e-05
5.986993496748374355e+01 3.793909375865352093e-05
5.990995497748874499e+01 3.784680935293622292e-05
5.994997498749374643e+01 3.775486970414789639e-05
5.998999499749874786e+01 3.766327306025158317e-05
6.003001500750374930e+01 3.757201768052614995e-05
6.007003501750875074e+01 3.748110183547755987e-05
6.011005502751375218e+01 3.739052380675074043e-05
6.015007503751876072e+01 3.730028188704229847e-05
6.019009504752376216e+01 3.721037438001420408e-05
6.023011505752876360e+01 3.712079960020792183e-05
6.027013506753376504e+01 3.703155587295976168e-05
6.031015507753876648e+01 3.694264153431662287e-05
6.035017508754376792e+01 3.685405493095282212e-05
6.039019509754876935e+01 3.676579442008744353e-05
6.043021510755377790e+01 3.667785836940263037e-05
6.047023511755877934e+01 3.659024515696246644e-05
6.051025512756378077e+01 3.650295317113273156e-05
6.055027513756878221e+01 3.641598081050130759e-05
6.059029514757378365e+01 3.632932648379935014e-05
6.063031515757878509e+01 3.624298860982309725e-05
6.067033516758379363e+01 3.615696561735654550e-05
6.071035517758879507e+01 3.607125594509470875e-05
6.075037518759379651e+01 3.598585804156758175e-05
6.079039519759879795e+01 3.590077036506474062e-05
6.083041520760379939e+01 3.581599138356081753e-05
6.087043521760880083e+01 3.573151957464141577e-05
6.091045522761380226e+01 3.564735342542989227e-05
6.095047523761881081e+01 3.556349143251458049e-05
6.099049524762381225e+01 3.547993210187691461e-05
6.103051525762881369e+01 3.539667394882002805e-05
6.107053526763381512e+01 3.531371549789799570e-05
6.111055527763881656e+01 3.523105528284580125e-05
6.115057528764381800e+01 3.514869184650980596e-05
6.119059529764881944e+01 3.506662374077907800e-05
6.123061530765382798e+01 3.498484952651693860e-05
6.127063531765882942e+01 3.490336777349354507e-05
6.131065532766383086e+01 3.482217706031879217e-05
6.135067533766883230e+01 3.474127597437580992e-05
6.139069534767383374e+01 3.466066311175527444e-05
6.143071535767883518e+01 3.458033707719007128e-05
6.147073536768384372e+01 3.450029648399063626e-05
6.151075537768884516e+01 3.442053995398089948e-05
6.155077538769384660e+01 3.434106611743460198e-05
6.159079539769884803e+01 3.426187361301248656e-05
6.163081540770384947e+01 3.418296108769980032e-05
6.167083541770885091e+01 3.410432719674438666e-05
6.171085542771385235e+01 3.402597060359536016e-05
6.175087543771886089e+01 3.394788997984235057e-05
6.179089544772386233e+01 3.387008400515520760e-05
6.183091545772886377e+01 3.379255136722422753e-05
6.187093546773386521e+01 3.371529076170097608e-05
6.191095547773886665e+01 3.363830089213956534e-05
6.195097548774386809e+01 3.356158046993845917e-05
6.199099549774886952e+01 3.348512821428275302e-05
6.203101550775387807e+01 3.340894285208704324e-05
6.207103551775887951e+01 3.333302311793871655e-05
6.211105552776388095e+01 3.325736775404164604e-05
6.215107553776888238e+01 3.318197551016065293e-05
6.219109554777388382e+01 3.310684514356609703e-05
6.223111555777888526e+01 3.303197541897921269e-05
6.227113556778388670e+01 3.295736510851776988e-05
6.231115557778889524e+01 3.288301299164227744e-05
6.235117558779389668e+01 3.280891785510261328e-05
6.239119559779889812e+01 3.273507849288508813e-05
6.243121560780389956e+01 3.266149370616006509e-05
6.247123561780890100e+01 3.258816230322980948e-05
6.251125562781390244e+01 3.251508309947711797e-05
6.255127563781891098e+01 3.244225491731399518e-05
6.259129564782391242e+01 3.236967658613115696e-05
6.263131565782891386e+01 3.229734694224765566e-05
6.267133566783391529e+01 3.222526482886104067e-05
6.271135567783891673e+01 3.215342909599801371e-05
6.275137568784391817e+01 3.208183860046542288e-05
6.279139569784891961e+01 3.201049220580165651e-05
6.283141570785392815e+01 3.193938878222847750e-05
6.287143571785892959e+01 3.186852720660333872e-05
6.291145572786393103e+01 3.179790636237192210e-05
6.295147573786893247e+01 3.172752513952124007e-05
6.299149574787393391e+01 3.165738243453308944e-05
6.303151575787893535e+01 3.158747715033778983e-05
6.307153576788393678e+01 3.151780819626852522e-05
6.311155577788894533e+01 3.144837448801579387e-05
6.315157578789394677e+01 3.137917494758254950e-05
6.319159579789894821e+01 3.131020850323942373e-05
6.323161580790394964e+01 3.124147408948043639e-05
6.327163581790895108e+01 3.117297064697927510e-05
6.331165582791395252e+01 3.110469712254547995e-05
6.335167583791896107e+01 3.103665246908148874e-05
6.339169584792396250e+01 3.096883564553974325e-05
6.343171585792896394e+01 3.090124561688014108e-05
6.347173586793396538e+01 3.083388135402806348e-05
6.351175587793896682e+01 3.076674183383247091e-05
6.355177588794396826e+01 3.069982603902457463e-05
6.359179589794896970e+01 3.063313295817669124e-05
6.363181590795397824e+01 3.056666158566155795e-05
6.367183591795897968e+01 3.050041092161188510e-05
6.371185592796398112e+01 3.043437997188025424e-05
6.375187593796898256e+01 3.036856774799946677e-05
6.379189594797398399e+01 3.030297326714296723e-05
6.383191595797898543e+01 3.023759555208590009e-05
6.387193596798398687e+01 3.017243363116621399e-05
6.391195597798899541e+01 3.010748653824626067e-05
6.395197598799399685e+01 3.004275331267464120e-05
6.399199599799899829e+01 2.997823299924830636e-05
6.403201600800400684e+01 2.991392464817506694e-05
6.407203601800900117e+01 2.984982731503641240e-05
6.411205602801400971e+01 2.978594006075045147e-05
6.415207603801900405e+01 2.972226195153545585e-05
6.419209604802401259e+01 2.965879205887333279e-05
6.423211605802900692e+01 2.959552945947379894e-05
6.427213606803401547e+01 2.953247323523842892e-05
6.431215607803902401e+01 2.946962247322535097e-05
6.435217608804401834e+01 2.940697626561402734e-05
6.439219609804902689e+01 2.934453370967026839e-05
6.443221610805402122e+01 2.928229390771178891e-05
6.447223611805902976e+01 2.922025596707372028e-05
6.451225612806402410e+01 2.915841900007467834e-05
6.455227613806903264e+01 2.909678212398285159e-05
6.459229614807404118e+01 2.903534446098258065e-05
6.463231615807903552e+01 2.897410513814112747e-05
6.467233616808404406e+01 2.891306328737553260e-05
6.471235617808903839e+01 2.885221804542010949e-05
6.475237618809404694e+01 2.879156855379378288e-05
6.479239619809904127e+01 2.873111395876806417e-05
6.483241620810404982e+01 2.867085341133492857e-05
6.487243621810905836e+01 2.861078606717527156e-05
6.491245622811405269e+01 2.855091108662739929e-05
6.495247623811906124e+01 2.849122763465576966e-05
6.499249624812405557e+01 2.843173488082019083e-05
6.503251625812906411e+01 2.837243199924493838e-05
6.507253626813405845e+01 2.831331816858846542e-05
6.511255627813906699e+01 2.825439257201301446e-05
6.515257628814407553e+01 2.819565439715477468e-05
6.519259629814906987e+01 2.813710283609405628e-05
6.523261630815407841e+01 2.807873708532572222e-05
6.527263631815907274e+01 2.802055634573003673e-05
6.531265632816408129e+01 2.796255982254344268e-05
6.535267633816907562e+01 2.790474672532988781e-05
6.539269634817408416e+01 2.784711626795206968e-05
6.543271635817909271e+01 2.778966766854318202e-05
6.547273636818408704e+01 2.773240014947868143e-05
6.551275637818909559e+01 2.767531293734831497e-05
6.555277638819408992e+01 2.761840526292847300e-05
6.559279639819909846e+01 2.756167636115458607e-05
6.563281640820410701e+01 2.750512547109390128e-05
6.567283641820910134e+01 2.744875183591838401e-05
6.571285642821410988e+01 2.739255470287773483e-05
6.575287643821910422e+01 2.733653332327289092e-05
6.579289644822411276e+01 2.728068695242937843e-05
6.583291645822910709e+01 2.722501484967120689e-05
6.587293646823411564e+01 2.716951627829468238e-05
6.591295647823912418e+01 2.711419050554263061e-05
6.595297648824411851e+01 2.705903680257870468e-05
6.599299649824912706e+01 2.700405444446186574e-05
6.603301650825412139e+01 2.694924271012123622e-05
6.607303651825912993e+01 2.689460088233087181e-05
6.611305652826412427e+01 2.684012824768502135e-05
6.615307653826913281e+01 2.678582409657326809e-05
6.619309654827414136e+01 2.673168772315618255e-05
6.623311655827913569e+01 2.667771842534091446e-05
6.627313656828414423e+01 2.662391550475700147e-05
6.631315657828913857e+01 2.657027826673258450e-05
6.635317658829414711e+01 2.651680602027040615e-05
6.639319659829914144e+01 2.646349807802443943e-05
6.643321660830414999e+01 2.641035375627628603e-05
6.647323661830915853e+01 2.635737237491210308e-05
6.651325662831415286e+01 2.630455325739940807e-05
6.655327663831916141e+01 2.625189573076422588e-05
6.659329664832415574e+01 2.619939912556846958e-05
6.663331665832916428e+01 2.614706277588720612e-05
6.667333666833415862e+01 2.609488601928647080e-05
6.671335667833916716e+01 2.604286819680090562e-05
6.675337668834417570e+01 2.599100865291182450e-05
6.679339669834917004e+01 2.593930673552532598e-05
6.683341670835417858e+01 2.588776179595044988e-05
6.687343671835917291e+01 2.583637318887784570e-05
6.691345672836418146e+01 2.578514027235813253e-05
6.695347673836917579e+01 2.573406240778090966e-05
6.699349674837418434e+01 2.568313895985346889e-05
6.703351675837919288e+01 2.563236929658005919e-05
6.707353676838418721e+01 2.558175278924101578e-05
6.711355677838919576e+01 2.553128881237211629e-05
6.715357678839419009e+01 2.548097674374429598e-05
6.719359679839919863e+01 2.543081596434312584e-05
6.723361680840420718e+01 2.538080585834884970e-05
6.727363681840920151e+01 2.533094581311627906e-05
6.731365682841421005e+01 2.528123521915491496e-05
6.735367683841920439e+01 2.523167347010932726e-05
6.739369684842421293e+01 2.518225996273948316e-05
6.743371685842920726e+01 2.513299409690144501e-05
6.747373686843421581e+01 2.508387527552795296e-05
6.751375687843922435e+01 2.503490290460942089e-05
6.755377688844421868e+01 2.498607639317483752e-05
6.759379689844922723e+01 2.493739515327294195e-05
6.763381690845422156e+01 2.488885859995354491e-05
6.767383691845923011e+01 2.484046615124884319e-05
6.771385692846422444e+01 2.479221722815509323e-05
6.775387693846923298e+01 2.474411125461417970e-05
6.779389694847424153e+01 2.469614765749551612e-05
6.783391695847923586e+01 2.464832586657799961e-05
6.787393696848424440e+01 2.460064531453197591e-05
6.791395697848923874e+01 2.455310543690162787e-05
6.795397698849424728e+01 2.450570567208715047e-05
6.799399699849924161e+01 2.445844546132734261e-05
6.803401700850425016e+01 2.441132424868210741e-05
6.807403701850925870e+01 2.436434148101525066e-05
6.811405702851425303e+01 2.431749660797730977e-05
6.815407703851926158e+01 2.427078908198843015e-05
6.819409704852425591e+01 2.422421835822160751e-05
6.823411705852926445e+01 2.417778389458577094e-05
6.827413706853425879e+01 2.413148515170921490e-05
6.831415707853926733e+01 2.408532159292294997e-05
6.835417708854427588e+01 2.403929268424436530e-05
6.839419709854927021e+01 2.399339789436092486e-05
6.843421710855427875e+01 2.394763669461381976e-05
6.847423711855927309e+01 2.390200855898212871e-05
6.851425712856428163e+01 2.385651296406661597e-05
6.855427713856927596e+01 2.381114938907407142e-05
6.859429714857428451e+01 2.376591731580141343e-05
6.863431715857929305e+01 2.372081622862022882e-05
6.867433716858428738e+01 2.367584561446112648e-05
6.871435717858929593e+01 2.363100496279835523e-05
6.875437718859429026e+01 2.358629376563459789e-05
6.879439719859929880e+01 2.354171151748562306e-05
6.883441720860429314e+01 2.349725771536540782e-05
6.887443721860930168e+01 2.345293185877094536e-05
6.891445722861431022e+01 2.340873344966756076e-05
6.895447723861930456e+01 2.336466199247409480e-05
6.899449724862431310e+01 2.332071699404811464e-05
6.903451725862930743e+01 2.327689796367160923e-05
6.907453726863431598e+01 2.323320441303629492e-05
6.911455727863932452e+01 2.318963585622938533e-05
6.915457728864431886e+01 2.314619180971937135e-05
6.919459729864932740e+01 2.310287179234171985e-05
6.923461730865432173e+01 2.305967532528502300e-05
6.927463731865933028e+01 2.301660193207685280e-05
6.931465732866432461e+01 2.297365113857004930e-05
6.935467733866933315e+01 2.293082247292883949e-05
6.939469734867434170e+01 2.288811546561529147e-05
6.943471735867933603e+01 2.284552964937569758e-05
6.947473736868434457e+01 2.280306455922700157e-05
6.951475737868933891e+01 2.276071973244359840e-05
6.955477738869434745e+01 2.271849470854390030e-05
6.959479739869934178e+01 2.267638902927721119e-05
6.963481740870435033e+01 2.263440223861057729e-05
6.967483741870935887e+01 2.259253388271583430e-05
6.971485742871435320e+01 2.255078350995661396e-05
6.975487743871936175e+01 2.250915067087554363e-05
6.979489744872435608e+01 2.246763491818152389e-05
6.983491745872936463e+01 2.242623580673698577e-05
6.987493746873435896e+01 2.238495289354543595e-05
6.991495747873936750e+01 2.234378573773884957e-05
6.995497748874437605e+01 2.230273390056535435e-05
6.999499749874937038e+01 2.226179694537692486e-05
7.003501750875437892e+01 2.222097443761702609e-05
7.007503751875937326e+01 2.218026594480865322e-05
7.011505752876438180e+01 2.213967103654209382e-05
7.015507753876937613e+01 2.209918928446308624e-05
7.019509754877438468e+01 2.205882026226079176e-05
7.023511755877939322e+01 2.201856354565607846e-05
7.027513756878438755e+01 2.197841871238977792e-05
7.031515757878939610e+01 2.193838534221089794e-05
7.035517758879439043e+01 2.189846301686522483e-05
7.039519759879939897e+01 2.185865132008368183e-05
7.043521760880439331e+01 2.181894983757100593e-05
7.047523761880940185e+01 2.177935815699429264e-05
7.051525762881441040e+01 2.173987586797185238e-05
7.055527763881940473e+01 2.170050256206194160e-05
7.059529764882441327e+01 2.166123783275162256e-05
7.063531765882940761e+01 2.162208127544580953e-05
7.067533766883441615e+01 2.158303248745619635e-05
7.071535767883942469e+01 2.154409106799046867e-05
7.075537768884441903e+01 2.150525661814140763e-05
7.079539769884942757e+01 2.146652874087614957e-05
7.083541770885442190e+01 2.142790704102555063e-05
7.087543771885943045e+01 2.138939112527353450e-05
7.091545772886442478e+01 2.135098060214660610e-05
7.095547773886943332e+01 2.131267508200333828e-05
7.099549774887444187e+01 2.127447417702402102e-05
7.103551775887943620e+01 2.123637750120032763e-05
7.107553776888444474e+01 2.119838467032502842e-05
7.111555777888943908e+01 2.116049530198186015e-05
7.115557778889444762e+01 2.112270901553534472e-05
7.119559779889944195e+01 2.108502543212079078e-05
7.123561780890445050e+01 2.104744417463428517e-05
7.127563781890945904e+01 2.100996486772276913e-05
7.131565782891445338e+01 2.097258713777421944e-05
7.135567783891946192e+01 2.093531061290778561e-05
7.139569784892445625e+01 2.089813492296417434e-05
7.143571785892946480e+01 2.086105969949588493e-05
7.147573786893445913e+01 2.082408457575771234e-05
7.151575787893946767e+01 2.078720918669710121e-05
7.155577788894447622e+01 2.075043316894480472e-05
7.159579789894947055e+01 2.071375616080538772e-05
7.163581790895447909e+01 2.067717780224790595e-05
7.167583791895947343e+01 2.064069773489665981e-05
7.171585792896448197e+01 2.060431560202189059e-05
7.175587793896947630e+01 2.056803104853071720e-05
7.179589794897448485e+01 2.053184372095793398e-05
7.183591795897949339e+01 2.049575326745707286e-05
7.187593796898448772e+01 2.045975933779135700e-05
7.191595797898949627e+01 2.042386158332474937e-05
7.195597798899449060e+01 2.038805965701316053e-05
7.199599799899949915e+01 2.035235321339558191e-05
7.203601800900449348e+01 2.031674190858538510e-05
7.207603801900950202e+01 2.028122540026157703e-05
7.211605802901451057e+01 2.024580334766016367e-05
7.215607803901950490e+01 2.021047541156565595e-05
7.219609804902451344e+01 2.017524125430240634e-05
7.223611805902950778e+01 2.014010053972625032e-05
7.227613806903451632e+01 2.010505293321603602e-05
7.231615807903951065e+01 2.007009810166527928e-05
7.235617808904451920e+01 2.003523571347383563e-05
7.239619809904952774e+01 2.000046543853968066e-05
7.243621810905452207e+01 1.996578694825071074e-05
7.247623811905953062e+01 1.993119991547652006e-05
7.251625812906452495e+01 1.989670401456043508e-05
7.255627813906953349e+01 1.986229892131130851e-05
7.259629814907454204e+01 1.982798431299569612e-05
7.263631815907953637e+01 1.979375986832981665e-05
7.267633816908454492e+01 1.975962526747163044e-05
7.271635817908953925e+01 1.972558019201312796e-05
7.275637818909454779e+01 1.969162432497241182e-05
7.279639819909954213e+01 1.965775735078602936e-05
7.283641820910455067e+01 1.962397895530126131e-05
7.287643821910955921e+01 1.959028882576847815e-05
7.291645822911455355e+01 1.955668665083357439e-05
7.295647823911956209e+01 1.952317212053036226e-05
7.299649824912455642e+01 1.948974492627315506e-05
7.303651825912956497e+01 1.945640476084926242e-05
7.307653826913455930e+01 1.942315131841163475e-05
7.311655827913956784e+01 1.938998429447142281e-05
7.315657828914457639e+01 1.935690338589079491e-05
7.319659829914957072e+01 1.932390829087558809e-05
7.323661830915457926e+01 1.929099870896809811e-05
7.327663831915957360e+01 1.925817434103995084e-05
7.331665832916458214e+01 1.922543488928492623e-05
7.335667833916957647e+01 1.919278005721195501e-05
7.339669834917458502e+01 1.916020954963796634e-05
7.343671835917959356e+01 1.912772307268102687e-05
7.347673836918458790e+01 1.909532033375331035e-05
7.351675837918959644e+01 1.906300104155421294e-05
7.355677838919459077e+01 1.903076490606350920e-05
7.359679839919959932e+01 1.899861163853450464e-05
7.363681840920459365e+01 1.896654095148729680e-05
7.367683841920960219e+01 1.893455255870202600e-05
7.371685842921461074e+01 1.890264617521217707e-05
7.375687843921960507e+01 1.887082151729797247e-05
7.379689844922461361e+01 1.883907830247967394e-05
7.383691845922960795e+01 1.880741624951115187e-05
7.387693846923461649e+01 1.877583507837321739e-05
7.391695847923961082e+01 1.874433451026727307e-05
7.395697848924461937e+01 1.871291426760874330e-05
7.399699849924962791e+01 1.868157407402076901e-05
7.403701850925462224e+01 1.865031365432781420e-05
7.407703851925963079e+01 1.861913273454929971e-05
7.411705852926462512e+01 1.858803104189338598e-05
7.415707853926963367e+01 1.855700830475067448e-05
7.419709854927464221e+01 1.852606425268801425e-05
7.423711855927963654e+01 1.849519861644236595e-05
7.427713856928464509e+01 1.846441112791459823e-05
7.431715857928963942e+01 1.843370152016349071e-05
7.435717858929464796e+01 1.840306952739956421e-05
7.439719859929964230e+01 1.837251488497917862e-05
7.443721860930465084e+01 1.834203732939845117e-05
7.447723861930965938e+01 1.831163659828737470e-05
7.451725862931465372e+01 1.828131243040390870e-05
7.455727863931966226e+01 1.825106456562804671e-05
7.459729864932465659e+01 1.822089274495607006e-05
7.463731865932966514e+01 1.819079671049462880e-05
7.467733866933465947e+01 1.816077620545512077e-05
7.471735867933966802e+01 1.813083097414783693e-05
7.475737868934467656e+01 1.810096076197632010e-05
7.479739869934967089e+01 1.807116531543173730e-05
7.483741870935467944e+01 1.804144438208716734e-05
7.487743871935967377e+01 1.801179771059209511e-05
7.491745872936468231e+01 1.798222505066679407e-05
7.495747873936967665e+01 1.795272615309684083e-05
7.499749874937468519e+01 1.792330076972757560e-05
7.503751875937969373e+01 1.789394865345872180e-05
7.507753876938468807e+01 1.786466955823890409e-05
7.511755877938969661e+01 1.783546323906025783e-05
7.515757878939469094e+01 1.780632945195309618e-05
7.519759879939969949e+01 1.777726795398055004e-05
7.523761880940469382e+01 1.774827850323332329e-05
7.527763881940970236e+01 1.771936085882438013e-05
7.531765882941471091e+01 1.769051478088375787e-05
7.535767883941970524e+01 1.766174003055332551e-05
7.539769884942471379e+01 1.763303636998163378e-05
7.543771885942970812e+01 1.760440356231880919e-05
7.547773886943471666e+01 1.757584137171136344e-05
7.551775887943971100e+01 1.754734956329724336e-05
7.555777888944471954e+01 1.751892790320065384e-05
7.559779889944972808e+01 1.749057615852713825e-05
7.563781890945472242e+01 1.746229409735856403e-05
7.567783891945973096e+01 1.743408148874813873e-05
7.571785892946472529e+01 1.740593810271553787e-05
7.575787893946973384e+01 1.737786371024193459e-05
7.579789894947472817e+01 1.734985808326523248e-05
7.583791895947973671e+01 1.732192099467512914e-05
7.587793896948474526e+01 1.729405221830838292e-05
7.591795897948973959e+01 1.726625152894398487e-05
7.595797898949474813e+01 1.723851870229840512e-05
7.599799899949974247e+01 1.721085351502092074e-05
7.603801900950475101e+01 1.718325574468883838e-05
7.607803901950975956e+01 1.715572516980291699e-05
7.611805902951475389e+01 1.712826156978264808e-05
7.615807903951976243e+01 1.710086472496167841e-05
7.619809904952475677e+01 1.707353441658324614e-05
7.623811905952976531e+01 1.704627042679554926e-05
7.627813906953475964e+01 1.701907253864731734e-05
7.631815907953976819e+01 1.699194053608317649e-05
7.635817908954477673e+01 1.696487420393931263e-05
7.639819909954977106e+01 1.693787332793891441e-05
7.643821910955477961e+01 1.691093769468777878e-05
7.647823911955977394e+01 1.688406709166991666e-05
7.651825912956478248e+01 1.685726130724317541e-05
7.655827913956977682e+01 1.683052013063488509e-05
7.659829914957478536e+01 1.680384335193753183e-05
7.663831915957979390e+01 1.677723076210446167e-05
7.667833916958478824e+01 1.675068215294564541e-05
7.671835917958979678e+01 1.672419731712333839e-05
7.675837918959479111e+01 1.669777604814795714e-05
7.679839919959979966e+01 1.667141814037380359e-05
7.683841920960479399e+01 1.664512338899495859e-05
7.687843921960980254e+01 1.661889159004105359e-05
7.691845922961481108e+01 1.659272254037322516e-05
7.695847923961980541e+01 1.656661603767995100e-05
7.699849924962481396e+01 1.654057188047299435e-05
7.703851925962980829e+01 1.651458986808337210e-05
7.707853926963481683e+01 1.648866980065726191e-05
7.711855927963981117e+01 1.646281147915207543e-05
7.715857928964481971e+01 1.643701470533238907e-05
7.719859929964982825e+01 1.641127928176604772e-05
7.723861930965482259e+01 1.638560501182021413e-05
7.727863931965983113e+01 1.635999169965739129e-05
7.731865932966482546e+01 1.633443915023163786e-05
7.735867933966983401e+01 1.630894716928458035e-05
7.739869934967482834e+01 1.628351556334166244e-05
7.743871935967983688e+01 1.625814413970823850e-05
7.747873936968484543e+01 1.623283270646583306e-05
7.751875937968983976e+01 1.620758107246832579e-05
7.755877938969484831e+01 1.618238904733818048e-05
7.759879939969984264e+01 1.615725644146272832e-05
7.763881940970485118e+01 1.613218306599042057e-05
7.767883941970985973e+01 1.610716873282717616e-05
7.771885942971485406e+01 1.608221325463267173e-05
7.775887943971986260e+01 1.605731644481666885e-05
7.779889944972485694e+01 1.603247811753544632e-05
7.783891945972986548e+01 1.600769808768810374e-05
7.787893946973485981e+01 1.598297617091302768e-05
7.791895947973986836e+01 1.595831218358429349e-05
7.795897948974487690e+01 1.593370594280812806e-05
7.799899949974987123e+01 1.590915726641935570e-05
7.803901950975487978e+01 1.588466597297790160e-05
7.807903951975987411e+01 1.586023188176531557e-05
7.811905952976488265e+01 1.583585481278124502e-05
7.815907953976987699e+01 1.581153458674004679e-05
7.819909954977488553e+01 1.578727102506729407e-05
7.823911955977989408e+01 1.576306394989642205e-05
7.827913956978488841e+01 1.573891318406529582e-05
7.831915957978989695e+01 1.571481855111281879e-05
7.835917958979489129e+01 1.569077987527562593e-05
7.839919959979989983e+01 1.566679698148469558e-05
7.843921960980489416e+01 1.564286969536208673e-05
7.847923961980990271e+01 1.561899784321756781e-05
7.851925962981491125e+01 1.559518125204539457e-05
7.855927963981990558e+01 1.557141974952102020e-05
7.859929964982491413e+01 1.554771316399783935e-05
7.863931965982990846e+01 1.552406132450401345e-05
7.867933966983491700e+01 1.550046406073917404e-05
7.871935967983991134e+01 1.547692120307132265e-05
7.875937968984491988e+01 1.545343258253359514e-05
7.879939969984992842e+01 1.542999803082113780e-05
7.883941970985492276e+01 1.540661738028795643e-05
7.887943971985993130e+01 1.538329046394378908e-05
7.891945972986492563e+01 1.536001711545103979e-05
7.895947973986993418e+01 1.533679716912162086e-05
7.899949974987492851e+01 1.531363045991397805e-05
7.903951975987993706e+01 1.529051682342995997e-05
7.907953976988494560e+01 1.526745609591180939e-05
7.911955977988993993e+01 1.524444811423917663e-05
7.915957978989494848e+01 1.522149271592605839e-05
7.919959979989994281e+01 1.519858973911787374e-05
7.923961980990495135e+01 1.517573902258844365e-05
7.927963981990994569e+01 1.515294040573708059e-05
7.931965982991495423e+01 1.513019372858561540e-05
7.935967983991996277e+01 1.510749883177553096e-05
7.939969984992495711e+01 1.508485555656500773e-05
7.943971985992996565e+01 1.506226374482603708e-05
7.947973986993495998e+01 1.503972323904160572e-05
7.951975987993996853e+01 1.501723388230277009e-05
7.955977988994497707e+01 1.499479551830586617e-05
7.959979989994997140e+01 1.497240799134967371e-05
7.963981990995497995e+01 1.495007114633258533e-05
7.967983991995997428e+01 1.492778482874983682e-05
7.971985992996498283e+01 1.490554888469072883e-05
7.975987993996997716e+01 1.488336316083585197e-05
7.979989994997498570e+01 1.486122750445432893e-05
7.983991995997999425e+01 1.483914176340112254e-05
7.987993996998498858e+01 1.481710578611429482e-05
7.991995997998999712e+01 1.479511942161226258e-05
7.995997998999499146e+01 1.477318251949119364e-05
8.000000000000000000e+01 1.475129492992225227e-05
