0.000000000000000000e+00 1.678631649128248666e-05
4.002001000500250011e-02 1.688376126133329900e-05
8.004002001000500022e-02 1.698207504957060377e-05
1.200600300150075073e-01 1.708126837631241613e-05
1.600800400200100004e-01 1.718135192330245739e-05
2.001000500250124936e-01 1.728233653671578358e-05
2.401200600300150145e-01 1.738423323023013036e-05
2.801400700350175077e-01 1.748705318816498323e-05
3.201600800400200009e-01 1.759080776868981305e-05
3.601800900450224940e-01 1.769550850710329638e-05
4.002001000500249872e-01 1.780116711918550929e-05
4.402201100550274804e-01 1.790779550462466021e-05
4.802401200600300291e-01 1.801540575052055704e-05
5.202601300650324667e-01 1.812401013496659096e-05
5.602801400700350154e-01 1.823362113071237122e-05
6.003001500750374531e-01 1.834425140890903722e-05
6.403201600800400017e-01 1.845591384293947368e-05
6.803401700850425504e-01 1.856862151233556023e-05
7.203601800900449881e-01 1.868238770678481682e-05
7.603801900950475368e-01 1.879722593022864726e-05
8.004002001000499744e-01 1.891314990505489822e-05
8.404202101050525231e-01 1.903017357638680374e-05
8.804402201100549608e-01 1.914831111647123598e-05
9.204602301150575094e-01 1.926757692916879634e-05
9.604802401200600581e-01 1.938798565454830176e-05
1.000500250125062607e+00 1.950955217358877640e-05
1.040520260130064933e+00 1.963229161299155426e-05
1.080540270135067482e+00 1.975621935010564697e-05
1.120560280140070031e+00 1.988135101796934833e-05
1.160580290145072579e+00 2.000770251047134831e-05
1.200600300150074906e+00 2.013528998763443651e-05
1.240620310155077455e+00 2.026412988102535250e-05
1.280640320160080003e+00 2.039423889929412042e-05
1.320660330165082552e+00 2.052563403384648295e-05
1.360680340170085101e+00 2.065833256465311071e-05
1.400700350175087427e+00 2.079235206619940230e-05
1.440720360180089976e+00 2.092771041357976435e-05
1.480740370185092525e+00 2.106442578874046119e-05
1.520760380190095074e+00 2.120251668687515067e-05
1.560780390195097400e+00 2.134200192297746327e-05
1.600800400200099949e+00 2.148290063855502570e-05
1.640820410205102498e+00 2.162523230850947926e-05
1.680840420210105046e+00 2.176901674818738534e-05
1.720860430215107595e+00 2.191427412060672092e-05
1.760880440220109922e+00 2.206102494386404279e-05
1.800900450225112470e+00 2.220929009872759578e-05
1.840920460230115019e+00 2.235909083642178614e-05
1.880940470235117568e+00 2.251044878660829186e-05
1.920960480240120116e+00 2.266338596556999679e-05
1.960980490245122443e+00 2.281792478460314570e-05
2.001000500250125214e+00 2.297408805862442556e-05
2.041020510255127540e+00 2.313189901499868530e-05
2.081040520260129867e+00 2.329138130259435162e-05
2.121060530265132638e+00 2.345255900107298498e-05
2.161080540270134964e+00 2.361545663042005031e-05
2.201100550275137291e+00 2.378009916072417663e-05
2.241120560280140062e+00 2.394651202221221052e-05
2.281140570285142388e+00 2.411472111554800507e-05
2.321160580290145159e+00 2.428475282240270672e-05
2.361180590295147486e+00 2.445663401630490848e-05
2.401200600300149812e+00 2.463039207377927883e-05
2.441220610305152583e+00 2.480605488578222149e-05
2.481240620310154910e+00 2.498365086944411351e-05
2.521260630315157680e+00 2.516320898012716154e-05
2.561280640320160007e+00 2.534475872380904720e-05
2.601300650325162334e+00 2.552833016980215341e-05
2.641320660330165104e+00 2.571395396381915261e-05
2.681340670335167431e+00 2.590166134139560247e-05
2.721360680340170202e+00 2.609148414168092973e-05
2.761380690345172528e+00 2.628345482160937956e-05
2.801400700350174855e+00 2.647760647046308005e-05
2.841420710355177626e+00 2.667397282483959897e-05
2.881440720360179952e+00 2.687258828403711472e-05
2.921460730365182723e+00 2.707348792587042227e-05
2.961480740370185050e+00 2.727670752293187182e-05
3.001500750375187376e+00 2.748228355931158577e-05
3.041520760380190147e+00 2.769025324779186839e-05
3.081540770385192474e+00 2.790065454753136318e-05
3.121560780390194800e+00 2.811352618225511929e-05
3.161580790395197571e+00 2.832890765896697237e-05
3.201600800400199898e+00 2.854683928720188851e-05
3.241620810405202668e+00 2.876736219883598461e-05
3.281640820410204995e+00 2.899051836847289364e-05
3.321660830415207322e+00 2.921635063442589556e-05
3.361680840420210092e+00 2.944490272031580400e-05
3.401700850425212419e+00 2.967621925730540156e-05
3.441720860430215190e+00 2.991034580699213825e-05
3.481740870435217516e+00 3.014732888498163107e-05
3.521760880440219843e+00 3.038721598516500377e-05
3.561780890445222614e+00 3.063005560472467853e-05
3.601800900450224940e+00 3.087589726989355582e-05
3.641820910455227711e+00 3.112479156249374252e-05
3.681840920460230038e+00 3.137679014728238041e-05
3.721860930465232364e+00 3.163194580013228667e-05
3.761880940470235135e+00 3.189031243707736413e-05
3.801900950475237462e+00 3.215194514425291205e-05
3.841920960480240232e+00 3.241690020876313976e-05
3.881940970485242559e+00 3.268523515050830096e-05
3.921960980490244886e+00 3.295700875500659694e-05
3.961980990495247656e+00 3.323228110724611945e-05
4.002001000500250427e+00 3.351111362660446827e-05
4.042021010505252754e+00 3.379356910287454653e-05
4.082041020510255080e+00 3.407971173343731305e-05
4.122061030515257407e+00 3.436960716162332181e-05
4.162081040520259734e+00 3.466332251630700598e-05
4.202101050525262949e+00 3.496092645277918217e-05
4.242121060530265275e+00 3.526248919494582527e-05
4.282141070535267602e+00 3.556808257890227572e-05
4.322161080540269928e+00 3.587778009793464993e-05
4.362181090545272255e+00 3.619165694900269766e-05
4.402201100550274582e+00 3.650979008075987521e-05
4.442221110555277797e+00 3.683225824316970301e-05
4.482241120560280123e+00 3.715914203877917029e-05
4.522261130565282450e+00 3.749052397571337863e-05
4.562281140570284776e+00 3.782648852245796693e-05
4.602301150575287103e+00 3.816712216449862582e-05
4.642321160580290318e+00 3.851251346289060015e-05
4.682341170585292645e+00 3.886275311483404027e-05
4.722361180590294971e+00 3.921793401633410445e-05
4.762381190595297298e+00 3.957815132702895762e-05
4.802401200600299624e+00 3.994350253727189405e-05
4.842421210605302839e+00 4.031408753755812862e-05
4.882441220610305166e+00 4.069000869039071091e-05
4.922461230615307493e+00 4.107137090468444818e-05
4.962481240620309819e+00 4.145828171281114809e-05
5.002501250625312146e+00 4.185085135039453370e-05
5.042521260630315361e+00 4.224919283896766902e-05
5.082541270635317687e+00 4.265342207161168980e-05
5.122561280640320014e+00 4.306365790169975038e-05
5.162581290645322341e+00 4.348002223487601968e-05
5.202601300650324667e+00 4.390264012440577354e-05
5.242621310655327882e+00 4.433163987003927104e-05
5.282641320660330209e+00 4.476715312053838425e-05
5.322661330665332535e+00 4.520931498002321109e-05
5.362681340670334862e+00 4.565826411830199271e-05
5.402701350675337189e+00 4.611414288535733351e-05
5.442721360680340403e+00 4.657709743016862666e-05
5.482741370685342730e+00 4.704727782406056981e-05
5.522761380690345057e+00 4.752483818877670154e-05
5.562781390695347383e+00 4.800993682948638975e-05
5.602801400700349710e+00 4.850273637294512787e-05
5.642821410705352925e+00 4.900340391103775252e-05
5.682841420710355251e+00 4.951211114994728135e-05
5.722861430715357578e+00 5.002903456520336567e-05
5.762881440720359905e+00 5.055435556287772895e-05
5.802901450725362231e+00 5.108826064720799589e-05
5.842921460730365446e+00 5.163094159494551291e-05
5.882941470735367773e+00 5.218259563673844140e-05
5.922961480740370099e+00 5.274342564587783052e-05
5.962981490745372426e+00 5.331364033475149332e-05
6.003001500750374753e+00 5.389345445936862282e-05
6.043021510755377079e+00 5.448308903233820352e-05
6.083041520760380294e+00 5.508277154470430433e-05
6.123061530765382621e+00 5.569273619706294843e-05
6.163081540770384947e+00 5.631322414040934533e-05
6.203101550775387274e+00 5.694448372718762793e-05
6.243121560780389601e+00 5.758677077304227496e-05
6.283141570785392815e+00 5.824034882979763945e-05
6.323161580790395142e+00 5.890548947022108798e-05
6.363181590795397469e+00 5.958247258515752355e-05
6.403201600800399795e+00 6.027158669365476474e-05
6.443221610805402122e+00 6.097312926673607582e-05
6.483241620810405337e+00 6.168740706551246306e-05
6.523261630815407663e+00 6.241473649436788187e-05
6.563281640820409990e+00 6.315544396999343314e-05
6.603301650825412317e+00 6.390986630709061234e-05
6.643321660830414643e+00 6.467835112161368367e-05
6.683341670835417858e+00 6.546125725247076556e-05
6.723361680840420185e+00 6.625895520266002615e-05
6.763381690845422511e+00 6.707182760087447744e-05
6.803401700850424838e+00 6.790026968467137436e-05
6.843421710855427165e+00 6.874468980637008289e-05
6.883441720860430380e+00 6.960550996291181905e-05
6.923461730865432706e+00 7.048316635099246576e-05
6.963481740870435033e+00 7.137810994885899758e-05
7.003501750875437359e+00 7.229080712624917822e-05
7.043521760880439686e+00 7.322174028404594627e-05
7.083541770885442901e+00 7.417140852531748881e-05
7.123561780890445227e+00 7.514032835952167701e-05
7.163581790895447554e+00 7.612903444176704064e-05
7.203601800900449881e+00 7.713808034914573189e-05
7.243621810905452207e+00 7.816803939628435866e-05
7.283641820910455422e+00 7.921950549240158702e-05
7.323661830915457749e+00 8.029309404231061266e-05
7.363681840920460075e+00 8.138944289396976550e-05
7.403701850925462402e+00 8.250921333535711673e-05
7.443721860930464729e+00 8.365309114363516730e-05
7.483741870935467944e+00 8.482178768977293836e-05
7.523761880940470270e+00 8.601604110201073580e-05
7.563781890945472597e+00 8.723661749178851239e-05
7.603801900950474923e+00 8.848431224601016414e-05
7.643821910955477250e+00 8.975995138979056304e-05
7.683841920960480465e+00 9.106439302412536446e-05
7.723861930965482792e+00 9.239852884324114971e-05
7.763881940970485118e+00 9.376328573672857933e-05
7.803901950975487445e+00 9.515962748192907520e-05
7.843921960980489771e+00 9.658855653244991673e-05
7.883941970985492098e+00 9.805111590911481240e-05
7.923961980990495313e+00 9.954839120012878536e-05
7.963981990995497640e+00 1.010815126777432117e-04
8.004002001000500854e+00 1.026516575392633844e-04
8.044022011005502293e+00 1.042600522808357559e-04
8.084042021010505508e+00 1.059079752131074397e-04
8.124062031015506946e+00 1.075967591285531273e-04
8.164082041020510161e+00 1.093277941310386166e-04
8.204102051025513376e+00 1.111025306390211754e-04
8.244122061030514814e+00 1.129224825747028821e-04
8.284142071035518029e+00 1.147892307524420717e-04
8.324162081040519467e+00 1.167044264808115217e-04
8.364182091045522682e+00 1.186697953938740946e-04
8.404202101050525897e+00 1.206871415285331743e-04
8.444222111055527336e+00 1.227583516662291970e-04
8.484242121060530550e+00 1.248853999587915713e-04
8.524262131065531989e+00 1.270703528599448915e-04
8.564282141070535204e+00 1.293153743858192122e-04
8.604302151075536642e+00 1.316227317298377677e-04
8.644322161080539857e+00 1.339948012595866935e-04
8.684342171085543072e+00 1.364340749257106301e-04
8.724362181090544510e+00 1.389431671155696611e-04
8.764382191095547725e+00 1.415248219873506581e-04
8.804402201100549163e+00 1.441819213235783360e-04
8.844422211105552378e+00 1.469174929465731985e-04
8.884442221110555593e+00 1.497347197423555315e-04
8.924462231115557032e+00 1.526369493438822539e-04
8.964482241120560246e+00 1.556277045293399843e-04
9.004502251125561685e+00 1.587106943965750747e-04
9.044522261130564900e+00 1.618898263806845255e-04
9.084542271135568114e+00 1.651692191883690646e-04
9.124562281140569553e+00 1.685532167299712606e-04
9.164582291145572768e+00 1.720464031382442759e-04
9.204602301150574206e+00 1.756536189719444801e-04
9.244622311155577421e+00 1.793799787124256834e-04
9.284642321160580636e+00 1.832308896726483698e-04
9.324662331165582074e+00 1.872120724505830179e-04
9.364682341170585289e+00 1.913295830730230072e-04
9.404702351175586728e+00 1.955898369915428064e-04
9.444722361180589942e+00 1.999996351099706307e-04
9.484742371185593157e+00 2.045661920425158613e-04
9.524762381190594596e+00 2.092971668239431674e-04
9.564782391195597810e+00 2.142006963182089326e-04
9.604802401200599249e+00 2.192854316001913487e-04
9.644822411205602464e+00 2.245605776170056360e-04
9.684842421210605679e+00 2.300359364713869433e-04
9.724862431215607117e+00 2.357219547104077236e-04
9.764882441220610332e+00 2.416297750490144832e-04
9.804902451225611770e+00 2.477712930103750607e-04
9.844922461230614985e+00 2.541592190247712510e-04
9.884942471235618200e+00 2.608071465968211065e-04
9.924962481240619638e+00 2.677296272285331884e-04
9.964982491245622853e+00 2.749422528745341086e-04
1.000500250125062429e+01 2.824617468075947329e-04
1.004502251125562751e+01 2.903060638894168098e-04
1.008504252126063072e+01 2.984945013759531299e-04
1.012506253126563216e+01 3.070478215413374170e-04
1.016508254127063537e+01 3.159883875831692918e-04
1.020510255127563681e+01 3.253403144786353243e-04
1.024512256128064003e+01 3.351296367006275875e-04
1.028514257128564324e+01 3.453844949814905405e-04
1.032516258129064468e+01 3.561353446363517286e-04
1.036518259129564790e+01 3.674151883365531180e-04
1.040520260130064933e+01 3.792598366666378898e-04
1.044522261130565255e+01 3.917082003179527612e-04
1.048524262131065576e+01 4.048026183829241359e-04
1.052526263131565720e+01 4.185892279345461561e-04
1.056528264132066042e+01 4.331183809274248260e-04
1.060530265132566186e+01 4.484451154666730137e-04
1.064532266133066507e+01 4.646296896919086591e-04
1.068534267133566829e+01 4.817381879559377075e-04
1.072536268134066972e+01 4.998432106913865700e-04
1.076538269134567294e+01 5.190246614153935746e-04
1.080540270135067438e+01 5.393706467994768871e-04
1.084542271135567759e+01 5.609785087250613797e-04
1.088544272136068081e+01 5.839560108753950440e-04
1.092546273136568225e+01 6.084227068337998883e-04
1.096548274137068546e+01 6.345115220584918517e-04
1.100550275137568690e+01 6.623705887300211301e-04
1.104552276138069011e+01 6.921653806308740529e-04
1.108554277138569333e+01 7.240812053183169356e-04
1.112556278139069477e+01 7.583261234082374356e-04
1.116558279139569798e+01 7.951343804695032002e-04
1.120560280140069942e+01 8.347704567096352578e-04
1.124562281140570263e+01 8.775338644601540696e-04
1.128564282141070585e+01 9.237648549571743795e-04
1.132566283141570729e+01 9.738512360701014796e-04
1.136568284142071050e+01 1.028236554145605785e-03
1.140570285142571194e+01 1.087429959622795506e-03
1.144572286143071516e+01 1.152018162442709770e-03
1.148574287143571837e+01 1.222679996218989634e-03
1.152576288144071981e+01 1.300204258878654958e-03
1.156578289144572302e+01 1.385511694820321582e-03
1.160580290145072446e+01 1.479682247488709607e-03
1.164582291145572768e+01 1.583989066934491426e-03
1.168584292146073089e+01 1.699941240495901141e-03
1.172586293146573233e+01 1.829337878146598297e-03
1.176588294147073555e+01 1.974337102852069797e-03
1.180590295147573698e+01 2.137544781523586634e-03
1.184592296148074020e+01 2.322129648925179250e-03
1.188594297148574341e+01 2.531974073344330813e-03
1.192596298149074485e+01 2.771873466496405092e-03
1.196598299149574807e+01 3.047802832181200749e-03
1.200600300150074951e+01 3.367277084204799067e-03
1.204602301150575272e+01 3.739843971672507286e-03
1.208604302151075416e+01 4.177767004636258157e-03
1.212606303151575737e+01 4.696984337138380115e-03
1.216608304152076059e+01 5.318474068461270625e-03
1.220610305152576203e+01 6.070226479070408090e-03
1.224612306153076524e+01 6.990134748264614610e-03
1.228614307153576668e+01 8.130291656815726367e-03
1.232616308154076989e+01 9.563454745039919394e-03
1.236618309154577311e+01 1.139285326143937675e-02
1.240620310155077455e+01 1.376705065214195098e-02
1.244622311155577776e+01 1.690200701248512419e-02
1.248624312156077920e+01 2.111164896525856774e-02
1.252626313156578242e+01 2.684179448956418995e-02
1.256628314157078563e+01 3.467596051673219743e-02
1.260630315157578707e+01 4.519757852839526718e-02
1.264632316158079028e+01 5.840183415266888417e-02
1.268634317158579172e+01 7.226812136542866416e-02
1.272636318159079494e+01 8.148148261102619583e-02
1.276638319159579815e+01 8.045325214876986042e-02
1.280640320160079959e+01 6.991151797557113023e-02
1.284642321160580281e+01 5.591853054573605458e-02
1.288644322161080424e+01 4.321296229859750149e-02
1.292646323161580746e+01 3.330479836387899989e-02
1.296648324162081067e+01 2.601541061784359496e-02
1.300650325162581211e+01 2.074242206640078759e-02
1.304652326163081533e+01 1.692168671997259372e-02
1.308654327163581677e+01 1.410520798984870629e-02
1.312656328164081998e+01 1.193677222469076427e-02
1.316658329164582319e+01 1.016427223196079456e-02
1.320660330165082463e+01 8.674447705592620850e-03
1.324662331165582785e+01 7.438540746817761708e-03
1.328664332166082929e+01 6.431631495268061958e-03
1.332666333166583250e+01 5.615474539392356808e-03
1.336668334167083572e+01 4.950574540147504102e-03
1.340670335167583715e+01 4.403802292719896996e-03
1.344672336168084037e+01 3.949547238905299490e-03
1.348674337168584181e+01 3.568492342412681040e-03
1.352676338169084502e+01 3.246075901407729451e-03
1.356678339169584824e+01 2.971224200032091759e-03
1.360680340170084968e+01 2.735416426087965321e-03
1.364682341170585289e+01 2.532016583865817020e-03
1.368684342171085433e+01 2.355797984792138648e-03
1.372686343171585754e+01 2.202602301100195243e-03
1.376688344172086076e+01 2.069092274537449438e-03
1.380690345172586220e+01 1.952570099253053953e-03
1.384692346173086541e+01 1.850842427161762021e-03
1.388694347173586685e+01 1.762118943735058434e-03
1.392696348174087007e+01 1.684935479073461492e-03
1.396698349174587328e+01 1.618095327824997350e-03
1.400700350175087472e+01 1.560624300827690488e-03
1.404702351175587793e+01 1.511736313496896697e-03
1.408704352176087937e+01 1.470807220951115884e-03
1.412706353176588259e+01 1.437355262327544205e-03
1.416708354177088580e+01 1.411026959814414916e-03
1.420710355177588724e+01 1.391587688425702197e-03
1.424712356178089045e+01 1.378916430703845198e-03
1.428714357178589189e+01 1.373004486467504668e-03
1.432716358179089511e+01 1.373958145876332925e-03
1.436718359179589832e+01 1.382005576658698175e-03
1.440720360180089976e+01 1.397508446254249479e-03
1.444722361180590298e+01 1.420979123578785175e-03
1.448724362181090441e+01 1.453104717404254910e-03
1.452726363181590763e+01 1.494779755936438996e-03
1.456728364182091084e+01 1.547150062257026098e-03
1.460730365182591228e+01 1.611671431768925801e-03
1.464732366183091550e+01 1.690188219235283376e-03
1.468734367183591694e+01 1.785039121413526568e-03
1.472736368184092015e+01 1.899200648377494466e-03
1.476738369184592337e+01 2.036483564547555795e-03
1.480740370185092480e+01 2.201804826350711296e-03
1.484742371185592802e+01 2.401568655081434602e-03
1.488744372186092946e+01 2.644207637554016506e-03
1.492746373186593267e+01 2.940961835428715105e-03
1.496748374187093589e+01 3.307016755895967209e-03
1.500750375187593733e+01 3.763189045166173436e-03
1.504752376188094054e+01 4.338455669779429577e-03
1.508754377188594198e+01 5.073784839604481879e-03
1.512756378189094519e+01 6.027951535383763507e-03
1.516758379189594841e+01 7.286246142504734270e-03
1.520760380190094985e+01 8.972869319146542164e-03
1.524762381190595306e+01 1.126600115863848374e-02
1.528764382191095450e+01 1.440645749566507768e-02
1.532766383191595772e+01 1.866339069464086065e-02
1.536768384192096093e+01 2.414983484535174196e-02
1.540770385192596237e+01 3.030186769974587899e-02
1.544772386193096558e+01 3.517239945474515128e-02
1.548774387193596702e+01 3.605246418025030708e-02
1.552776388194097024e+01 3.233293849911497014e-02
1.556778389194597167e+01 2.632569813186165508e-02
1.560780390195097489e+01 2.046385282632245603e-02
1.564782391195597810e+01 1.574674017156131242e-02
1.568784392196097954e+01 1.222275097327268217e-02
1.572786393196598276e+01 9.644234805450093567e-03
1.576788394197098420e+01 7.751723557777456461e-03
1.580790395197598741e+01 6.344513701030817139e-03
1.584792396198099063e+01 5.280735203460121957e-03
1.588794397198599206e+01 4.462731974375857939e-03
1.592796398199099528e+01 3.823381818201148155e-03
1.596798399199599672e+01 3.316121593945137863e-03
1.600800400200100171e+01 2.908205910016844944e-03
1.604802401200600315e+01 2.576256994273694485e-03
1.608804402201100459e+01 2.303334068335400903e-03
1.612806403201600602e+01 2.076990006674305552e-03
1.616808404202101102e+01 1.887968758398514846e-03
1.620810405202601245e+01 1.729322196656599142e-03
1.624812406203101389e+01 1.595805515252904415e-03
1.628814407203601888e+01 1.483461336407286731e-03
1.632816408204102032e+01 1.389335276885680188e-03
1.636818409204602176e+01 1.311287005401130454e-03
1.640820410205102675e+01 1.247875417399426940e-03
1.644822411205602819e+01 1.198307512600999642e-03
1.648824412206102963e+01 1.162450113110162714e-03
1.652826413206603107e+01 1.140913580883055108e-03
1.656828414207103606e+01 1.135228929425762109e-03
1.660830415207603750e+01 1.148155391874969202e-03
1.664832416208103893e+01 1.184172742240704058e-03
1.668834417208604393e+01 1.250216468648849720e-03
1.672836418209104536e+01 1.356641012066355520e-03
1.676838419209604680e+01 1.518023647450406077e-03
1.680840420210105179e+01 1.752073038506905605e-03
1.684842421210605323e+01 2.071099161391201909e-03
1.688844422211105467e+01 2.454291188437826912e-03
1.692846423211605611e+01 2.798705870439040146e-03
1.696848424212106110e+01 2.922294672887594796e-03
1.700850425212606254e+01 2.728267419590984285e-03
1.704852426213106398e+01 2.331860474395720459e-03
1.708854427213606897e+01 1.911486677929657291e-03
1.712856428214107041e+01 1.559348517415839672e-03
1.716858429214607185e+01 1.290377930989268420e-03
1.720860430215107328e+01 1.090470930664848639e-03
1.724862431215607828e+01 9.416127595219870618e-04
1.728864432216107971e+01 8.291840065011380151e-04
1.732866433216608115e+01 7.426796530354393047e-04
1.736868434217108614e+01 6.748283177255337464e-04
1.740870435217608758e+01 6.206250760696308206e-04
1.744872436218108902e+01 5.765977032578734670e-04
1.748874437218609401e+01 5.403041060518807333e-04
1.752876438219109545e+01 5.099992109780683699e-04
1.756878439219609689e+01 4.844155170223054239e-04
1.760880440220109833e+01 4.626176986441249937e-04
1.764882441220610332e+01 4.439051880187810722e-04
1.768884442221110476e+01 4.277460116160545340e-04
1.772886443221610620e+01 4.137312031804117585e-04
1.776888444222111119e+01 4.015429421132603012e-04
1.780890445222611262e+01 3.909319789704955041e-04
1.784892446223111406e+01 3.817014386200148443e-04
1.788894447223611905e+01 3.736950698123899786e-04
1.792896448224112049e+01 3.667886435958374845e-04
1.796898449224612193e+01 3.608836193838556674e-04
1.800900450225112337e+01 3.559024755847833691e-04
1.804902451225612836e+01 3.517852911831533479e-04
1.808904452226112980e+01 3.484872972822925050e-04
1.812906453226613124e+01 3.459772142675473605e-04
1.816908454227113623e+01 3.442362653614813124e-04
1.820910455227613767e+01 3.432578218030346638e-04
1.824912456228113911e+01 3.430476981843391974e-04
1.828914457228614410e+01 3.436251886322330609e-04
1.832916458229114554e+01 3.450250281905341602e-04
1.836918459229614697e+01 3.473005971032497503e-04
1.840920460230114841e+01 3.505288864345010671e-04
1.844922461230615340e+01 3.548180543780211460e-04
1.848924462231115484e+01 3.603188870645082078e-04
1.852926463231615628e+01 3.672422164332836132e-04
1.856928464232116127e+01 3.758853921922013057e-04
1.860930465232616271e+01 3.866720598899439838e-04
1.864932466233116415e+01 4.002094981846587309e-04
1.868934467233616914e+01 4.173614417215228481e-04
1.872936468234117058e+01 4.393036602192569150e-04
1.876938469234617202e+01 4.674209794382402764e-04
1.880940470235117346e+01 5.026065055880082596e-04
1.884942471235617845e+01 5.430845496076843349e-04
1.888944472236117988e+01 5.808517543377685315e-04
1.892946473236618132e+01 6.027471804025742209e-04
1.896948474237118631e+01 6.031884709631543792e-04
1.900950475237618775e+01 5.917837251821585947e-04
1.904952476238118919e+01 5.813799631010837252e-04
1.908954477238619418e+01 5.782726946636123407e-04
1.912956478239119562e+01 5.835149527539440278e-04
1.916958479239619706e+01 5.963415764380829371e-04
1.920960480240119850e+01 6.158469086304655445e-04
1.924962481240620349e+01 6.414591670995973280e-04
1.928964482241120493e+01 6.729895549542590097e-04
1.932966483241620637e+01 7.105864951544643357e-04
1.936968484242121136e+01 7.546937624102837425e-04
1.940970485242621280e+01 8.060340884856101841e-04
1.944972486243121423e+01 8.656200872199711505e-04
1.948974487243621923e+01 9.347919433153153209e-04
1.952976488244122066e+01 1.015283576548287481e-03
1.956978489244622210e+01 1.109322658238348636e-03
1.960980490245122354e+01 1.219774550130216196e-03
1.964982491245622853e+01 1.350346571970371121e-03
1.968984492246122997e+01 1.505878174992471459e-03
1.972986493246623141e+01 1.692756498884432368e-03
1.976988494247123640e+01 1.919518421974110434e-03
1.980990495247623784e+01 2.197734341277389394e-03
1.984992496248123928e+01 2.543322899672538061e-03
1.988994497248624427e+01 2.978530152781156716e-03
1.992996498249124571e+01 3.534932477680228884e-03
1.996998499249624714e+01 4.257987665777635683e-03
2.001000500250124858e+01 5.213788872971056136e-03
2.005002501250625357e+01 6.498413551965129611e-03
2.009004502251125501e+01 8.248259948354040236e-03
2.013006503251625645e+01 1.064163898666106722e-02
2.017008504252126144e+01 1.385601384927280869e-02
2.021010505252626288e+01 1.788662428612876332e-02
2.025012506253126432e+01 2.210857481733625313e-02
2.029014507253626931e+01 2.489162353524805582e-02
2.033016508254127075e+01 2.453870298590758031e-02
2.037018509254627219e+01 2.129257138085446921e-02
2.041020510255127363e+01 1.700741142854875904e-02
2.045022511255627862e+01 1.311936796790513261e-02
2.049024512256128006e+01 1.008066934303280225e-02
2.053026513256628149e+01 7.832374426514051094e-03
2.057028514257128649e+01 6.188636332239027919e-03
2.061030515257628792e+01 4.978568485651687324e-03
2.065032516258128936e+01 4.074693548522016762e-03
2.069034517258629080e+01 3.387922550874189823e-03
2.073036518259129579e+01 2.857048929047733329e-03
2.077038519259629723e+01 2.439910938351463367e-03
2.081040520260129867e+01 2.107139793958003136e-03
2.085042521260630366e+01 1.837975511084696204e-03
2.089044522261130510e+01 1.617509587375561431e-03
2.093046523261630654e+01 1.434865382366959071e-03
2.097048524262131153e+01 1.281986250641026963e-03
2.101050525262631297e+01 1.152818109911290471e-03
2.105052526263131440e+01 1.042750190434044892e-03
2.109054527263631584e+01 9.482268103214293526e-04
2.113056528264132083e+01 8.664739771611973179e-04
2.117058529264632227e+01 7.953041658556897920e-04
2.121060530265132371e+01 7.329750638094901030e-04
2.125062531265632870e+01 6.780860775526200866e-04
2.129064532266133014e+01 6.295016061186785522e-04
2.133066533266633158e+01 5.862935236023487538e-04
2.137068534267133657e+01 5.476976097269955482e-04
2.141070535267633801e+01 5.130802211529573434e-04
2.145072536268133945e+01 4.819125607888127155e-04
2.149074537268634089e+01 4.537506403715093435e-04
2.153076538269134588e+01 4.282195490764338706e-04
2.157078539269634732e+01 4.050010077607677709e-04
2.161080540270134875e+01 3.838234512003278471e-04
2.165082541270635375e+01 3.644540707502539668e-04
2.169084542271135518e+01 3.466923886467131264e-04
2.173086543271635662e+01 3.303650374155512877e-04
2.177088544272136161e+01 3.153214938257446450e-04
2.181090545272636305e+01 3.014305737308198437e-04
2.185092546273136449e+01 2.885775370941075094e-04
2.189094547273636593e+01 2.766616851528589673e-04
2.193096548274137092e+01 2.655943566823605866e-04
2.197098549274637236e+01 2.552972495954216204e-04
2.201100550275137380e+01 2.457010090632745698e-04
2.205102551275637879e+01 2.367440350114765691e-04
2.209104552276138023e+01 2.283714710025724199e-04
2.213106553276638166e+01 2.205343437457960281e-04
2.217108554277138666e+01 2.131888282098664980e-04
2.221110555277638809e+01 2.062956178893873089e-04
2.225112556278138953e+01 1.998193834414876871e-04
2.229114557278639097e+01 1.937283058613043819e-04
2.233116558279139596e+01 1.879936727524710960e-04
2.237118559279639740e+01 1.825895281883027838e-04
2.241120560280139884e+01 1.774923682414395528e-04
2.245122561280640383e+01 1.726808755554624757e-04
2.249124562281140527e+01 1.681356873973131720e-04
2.253126563281640671e+01 1.638391925085469871e-04
2.257128564282141170e+01 1.597753528016806048e-04
2.261130565282641314e+01 1.559295465532079558e-04
2.265132566283141458e+01 1.522884302497571978e-04
2.269134567283641601e+01 1.488398166664383346e-04
2.273136568284142101e+01 1.455725671112652103e-04
2.277138569284642244e+01 1.424764960685161218e-04
2.281140570285142388e+01 1.395422867266184544e-04
2.285142571285642887e+01 1.367614160905217117e-04
2.289144572286143031e+01 1.341260885609751863e-04
2.293146573286643175e+01 1.316291770189963813e-04
2.297148574287143674e+01 1.292641705874882823e-04
2.301150575287643818e+01 1.270251283570661438e-04
2.305152576288143962e+01 1.249066384627481785e-04
2.309154577288644106e+01 1.229037819847890684e-04
2.313156578289144605e+01 1.210121012227209733e-04
2.317158579289644749e+01 1.192275719584609149e-04
2.321160580290144893e+01 1.175465793836838409e-04
2.325162581290645392e+01 1.159658974199119475e-04
2.329164582291145535e+01 1.144826712080997133e-04
2.333166583291645679e+01 1.130944025889622063e-04
2.337168584292146178e+01 1.117989384368555164e-04
2.341170585292646322e+01 1.105944617495470915e-04
2.345172586293146466e+01 1.094794854345607261e-04
2.349174587293646610e+01 1.084528487707787562e-04
2.353176588294147109e+01 1.075137165624484413e-04
2.357178589294647253e+01 1.066615810425635243e-04
2.361180590295147397e+01 1.058962666246981808e-04
2.365182591295647896e+01 1.052179376477997821e-04
2.369184592296148040e+01 1.046271093083587101e-04
2.373186593296648184e+01 1.041246620301254573e-04
2.377188594297148683e+01 1.037118595847060236e-04
2.381190595297648827e+01 1.033903713488205201e-04
2.385192596298148970e+01 1.031622991680072068e-04
2.389194597298649114e+01 1.030302093948442859e-04
2.393196598299149613e+01 1.029971707856839925e-04
2.397198599299649757e+01 1.030667990775896523e-04
2.401200600300149901e+01 1.032433092317472243e-04
2.405202601300650400e+01 1.035315765274771616e-04
2.409204602301150544e+01 1.039372079300999546e-04
2.413206603301650688e+01 1.044666254463913864e-04
2.417208604302150832e+01 1.051271635359714518e-04
2.421210605302651331e+01 1.059271830819647538e-04
2.425212606303151475e+01 1.068762049604454777e-04
2.429214607303651619e+01 1.079850669123110635e-04
2.433216608304152118e+01 1.092661082479210913e-04
2.437218609304652261e+01 1.107333879491372095e-04
2.441220610305152405e+01 1.124029430342108731e-04
2.445222611305652904e+01 1.142930956958478371e-04
2.449224612306153048e+01 1.164248198144572416e-04
2.453226613306653192e+01 1.188221801240265562e-04
2.457228614307153336e+01 1.215128607510999377e-04
2.461230615307653835e+01 1.245288043065582019e-04
2.465232616308153979e+01 1.279069885238373898e-04
2.469234617308654123e+01 1.316903750706374253e-04
2.473236618309154622e+01 1.359290752571516042e-04
2.477238619309654766e+01 1.406817908199955655e-04
2.481240620310154910e+01 1.460176060412007252e-04
2.485242621310655409e+01 1.520182319621086130e-04
2.489244622311155553e+01 1.587808369506414901e-04
2.493246623311655696e+01 1.664216441142853846e-04
2.497248624312155840e+01 1.750805404954624981e-04
2.501250625312656339e+01 1.849270337512609141e-04
2.505252626313156483e+01 1.961680212570760245e-04
2.509254627313656627e+01 2.090580227041923705e-04
2.513256628314157126e+01 2.239127985450438852e-04
2.517258629314657270e+01 2.411276769600807627e-04
2.521260630315157414e+01 2.612025103348093345e-04
2.525262631315657913e+01 2.847760881362235651e-04
2.529264632316158057e+01 3.126742224764268567e-04
2.533266633316658201e+01 3.459778799998536108e-04
2.537268634317158345e+01 3.861211201347175613e-04
2.541270635317658844e+01 4.350339575875365890e-04
2.545272636318158987e+01 4.953537611091889375e-04
2.549274637318659131e+01 5.707421363542992216e-04
2.553276638319159630e+01 6.663644564993017032e-04
2.557278639319659774e+01 7.896169580323696190e-04
2.561280640320159918e+01 9.512134482269415806e-04
2.565282641320660417e+01 1.166725699704792771e-03
2.569284642321160561e+01 1.458434565278875997e-03
2.573286643321660705e+01 1.856305434895492166e-03
2.577288644322160849e+01 2.393389342808495673e-03
2.581290645322661348e+01 3.082072671891196696e-03
2.585292646323161492e+01 3.848567233334836482e-03
2.589294647323661636e+01 4.448915173167871870e-03
2.593296648324162135e+01 4.558296210404427264e-03
2.597298649324662279e+01 4.123666296004364039e-03
2.601300650325162422e+01 3.439160474412894953e-03
2.605302651325662922e+01 2.799550980582058736e-03
2.609304652326163065e+01 2.326308244946396955e-03
2.613306653326663209e+01 2.031076223021306866e-03
2.617308654327163353e+01 1.889486483913411412e-03
2.621310655327663852e+01 1.860775724176260901e-03
2.625312656328163996e+01 1.871875356036116229e-03
2.629314657328664140e+01 1.817455092205255956e-03
2.633316658329164639e+01 1.636793389232623014e-03
2.637318659329664783e+01 1.376266369536304889e-03
2.641320660330164927e+01 1.117695337495191879e-03
2.645322661330665426e+01 9.031693410409897182e-04
2.649324662331165570e+01 7.377338697156163305e-04
2.653326663331665713e+01 6.126473376795012410e-04
2.657328664332165857e+01 5.176471806140654644e-04
2.661330665332666356e+01 4.444707019052292836e-04
2.665332666333166500e+01 3.871332792000021562e-04
2.669334667333666644e+01 3.414313532475517655e-04
2.673336668334167143e+01 3.044180204353776585e-04
2.677338669334667287e+01 2.740063267947586041e-04
2.681340670335167431e+01 2.486959693778354927e-04
2.685342671335667930e+01 2.273903438642808569e-04
2.689344672336168074e+01 2.092745014819225730e-04
2.693346673336668218e+01 1.937331149139190887e-04
2.697348674337168362e+01 1.802946350828312731e-04
2.701350675337668861e+01 1.685927114105387832e-04
2.705352676338169005e+01 1.583391253074393546e-04
2.709354677338669148e+01 1.493045094389048037e-04
2.713356678339169648e+01 1.413044099600736477e-04
2.717358679339669791e+01 1.341890696964139764e-04
2.721360680340169935e+01 1.278358400967533374e-04
2.725362681340670434e+01 1.221434760933418735e-04
2.729364682341170578e+01 1.170277973851217471e-04
2.733366683341670722e+01 1.124183536702417271e-04
2.737368684342170866e+01 1.082558361565528099e-04
2.741370685342671365e+01 1.044900499350516151e-04
2.745372686343171509e+01 1.010783122500616735e-04
2.749374687343671653e+01 9.798417735056532047e-05
2.753376688344172152e+01 9.517641409212088826e-05
2.757378689344672296e+01 9.262818087787865547e-05
2.761380690345172439e+01 9.031635597943393952e-05
2.765382691345672583e+01 8.822099120165633542e-05
2.769384692346173082e+01 8.632486424644530564e-05
2.773386693346673226e+01 8.461311068629023640e-05
2.777388694347173370e+01 8.307292067323753806e-05
2.781390695347673869e+01 8.169328873533255068e-05
2.785392696348174013e+01 8.046480750560747294e-05
2.789394697348674157e+01 7.937949817410807198e-05
2.793396698349174656e+01 7.843067198827002125e-05
2.797398699349674800e+01 7.761281835331941016e-05
2.801400700350174944e+01 7.692151607950908790e-05
2.805402701350675088e+01 7.635336514628537918e-05
2.809404702351175587e+01 7.590593705162558308e-05
2.813406703351675731e+01 7.557774242574707188e-05
2.817408704352175874e+01 7.536821514434588866e-05
2.821410705352676374e+01 7.527771270644161104e-05
2.825412706353176517e+01 7.530753317374667835e-05
2.829414707353676661e+01 7.545994953150498836e-05
2.833416708354177160e+01 7.573826295800721510e-05
2.837418709354677304e+01 7.614687722147009104e-05
2.841420710355177448e+01 7.669139730967909521e-05
2.845422711355677592e+01 7.737875650758319751e-05
2.849424712356178091e+01 7.821737756391844388e-05
2.853426713356678235e+01 7.921737546058227265e-05
2.857428714357178379e+01 8.039081180502192191e-05
2.861430715357678878e+01 8.175201427902725998e-05
2.865432716358179022e+01 8.331797930071426720e-05
2.869434717358679165e+01 8.510888269680808808e-05
2.873436718359179665e+01 8.714873266468559391e-05
2.877438719359679808e+01 8.946621305878556675e-05
2.881440720360179952e+01 9.209578530631653528e-05
2.885442721360680096e+01 9.507914759897135031e-05
2.889444722361180595e+01 9.846719611250629790e-05
2.893446723361680739e+01 1.023227040230341119e-04
2.897448724362180883e+01 1.067240446475218755e-04
2.901450725362681382e+01 1.117704579812920458e-04
2.905452726363181526e+01 1.175896286082447098e-04
2.909454727363681670e+01 1.243487474711909907e-04
2.913456728364182169e+01 1.322707846105450249e-04
2.917458729364682313e+01 1.416582520760330526e-04
2.921460730365182457e+01 1.529264441485886545e-04
2.925462731365682600e+01 1.666437057467611720e-04
2.929464732366183100e+01 1.835565561760928947e-04
2.933466733366683243e+01 2.045109824086668458e-04
2.937468734367183387e+01 2.300134003699085537e-04
2.941470735367683886e+01 2.590069846410703318e-04
2.945472736368184030e+01 2.873188025097240953e-04
2.949474737368684174e+01 3.094149592691847997e-04
2.953476738369184673e+01 3.250969825505445939e-04
2.957478739369684817e+01 3.409098668201191807e-04
2.961480740370184961e+01 3.636922401508803967e-04
2.965482741370685105e+01 3.974884232348550807e-04
2.969484742371185604e+01 4.449935200515503530e-04
2.973486743371685748e+01 5.093546830711004987e-04
2.977488744372185892e+01 5.953026327085371742e-04
2.981490745372686391e+01 7.100794102874488341e-04
2.985492746373186534e+01 8.645705356175579538e-04
2.989494747373686678e+01 1.074751635186803203e-03
2.993496748374187177e+01 1.362937934200855175e-03
2.997498749374687321e+01 1.756346944542565031e-03
3.001500750375187465e+01 2.274904475195446262e-03
3.005502751375687609e+01 2.890761852181087353e-03
3.009504752376188108e+01 3.454323058461671730e-03
3.013506753376688252e+01 3.691472360662426469e-03
3.017508754377188396e+01 3.444300540372732203e-03
3.021510755377688895e+01 2.877000019285052071e-03
3.025512756378189039e+01 2.262543124122409072e-03
3.029514757378689183e+01 1.746994273278731436e-03
3.033516758379189682e+01 1.356301293022525159e-03
3.037518759379689826e+01 1.070001305039924421e-03
3.041520760380189969e+01 8.608237578139426010e-04
3.045522761380690113e+01 7.064619444832881531e-04
3.049524762381190612e+01 5.908674610049405133e-04
3.053526763381690756e+01 5.029496490043961626e-04
3.057528764382190900e+01 4.351008561067361258e-04
3.061530765382691399e+01 3.820700367946745454e-04
3.065532766383191543e+01 3.401899743856198429e-04
3.069534767383691687e+01 3.068653237669345646e-04
3.073536768384192186e+01 2.802360465403036798e-04
3.077538769384692330e+01 2.589553083224941125e-04
3.081540770385192474e+01 2.420417187729604442e-04
3.085542771385692618e+01 2.287802347262776553e-04
3.089544772386193117e+01 2.186554296239754194e-04
3.093546773386693260e+01 2.113068117631802746e-04
3.097548774387193404e+01 2.064997000403273988e-04
3.101550775387693903e+01 2.041076731647016097e-04
3.105552776388194047e+01 2.041043361270556962e-04
3.109554777388694191e+01 2.065634530555477430e-04
3.113556778389194335e+01 2.116676364114458318e-04
3.117558779389694834e+01 2.197269794991967614e-04
3.121560780390194978e+01 2.312105089366678508e-04
3.125562781390695122e+01 2.467954241244450482e-04
3.129564782391195621e+01 2.674422301633034606e-04
3.133566783391695765e+01 2.945087289387196810e-04
3.137568784392195909e+01 3.299233538663069493e-04
3.141570785392696408e+01 3.764495553887907842e-04
3.145572786393196552e+01 4.380878129462764670e-04
3.149574787393696695e+01 5.206742782756113713e-04
3.153576788394196839e+01 6.327149930535867772e-04
3.157578789394697338e+01 7.863282167905482787e-04
3.161580790395197482e+01 9.974800658488498350e-04
3.165582791395697626e+01 1.282481584340052069e-03
3.169584792396198125e+01 1.642550905049632026e-03
3.173586793396698269e+01 2.025363726606382777e-03
3.177588794397198413e+01 2.287580900285855843e-03
3.181590795397698912e+01 2.270844937491469165e-03
3.185592796398199056e+01 1.985647590915737889e-03
3.189594797398699200e+01 1.597105512673374595e-03
3.193596798399199344e+01 1.240135650066244389e-03
3.197598799399699843e+01 9.595863596270477703e-04
3.201600800400200342e+01 7.514723030644049426e-04
3.205602801400700486e+01 5.990994483664654471e-04
3.209604802401200629e+01 4.867973564683667821e-04
3.213606803401700773e+01 4.028048517120276072e-04
3.217608804402200917e+01 3.388861944746397823e-04
3.221610805402701061e+01 2.893808343567221106e-04
3.225612806403201205e+01 2.503904050356073959e-04
3.229614807403702059e+01 2.192006716023629581e-04
3.233616808404202203e+01 1.938940201032672876e-04
3.237618809404702347e+01 1.730940138868704878e-04
3.241620810405202491e+01 1.557968693317178966e-04
3.245622811405702635e+01 1.412592821800942567e-04
3.249624812406202778e+01 1.289228155443379641e-04
3.253626813406702922e+01 1.183622069992147418e-04
3.257628814407203777e+01 1.092495101826310698e-04
3.261630815407703921e+01 1.013288606534915520e-04
3.265632816408204064e+01 9.439847054274022901e-05
3.269634817408704208e+01 8.829761097054741404e-05
3.273636818409204352e+01 8.289708349394850633e-05
3.277638819409704496e+01 7.809216510077309718e-05
3.281640820410205350e+01 7.379733011510200048e-05
3.285642821410705494e+01 6.994226574837098366e-05
3.289644822411205638e+01 6.646884290872751813e-05
3.293646823411705782e+01 6.332880340825001672e-05
3.297648824412205926e+01 6.048199212016407774e-05
3.301650825412706070e+01 5.789500052311285101e-05
3.305652826413206213e+01 5.554007861775310230e-05
3.309654827413707068e+01 5.339405192241810391e-05
3.313656828414207212e+01 5.143664030320549695e-05
3.317658829414707355e+01 4.964727074745433716e-05
3.321660830415207499e+01 4.800150876610342790e-05
3.325662831415707643e+01 4.647487872071406087e-05
3.329664832416207787e+01 4.505648816449345126e-05
3.333666833416707931e+01 4.375066974719817086e-05
3.337668834417208785e+01 4.256330698545098131e-05
3.341670835417708929e+01 4.149591359760079827e-05
3.345672836418209073e+01 4.054866645422281445e-05
3.349674837418709217e+01 3.972390838244464170e-05
3.353676838419209361e+01 3.902825706056289916e-05
3.357678839419709504e+01 3.847429899137705129e-05
3.361680840420210359e+01 3.808275826624538530e-05
3.365682841420710503e+01 3.788578249873037672e-05
3.369684842421210647e+01 3.793202091550139534e-05
3.373686843421710790e+01 3.829433114797095204e-05
3.377688844422210934e+01 3.908088458047985438e-05
3.381690845422711078e+01 4.044899506361063424e-05
3.385692846423211222e+01 4.261431323101233092e-05
3.389694847423712076e+01 4.582487446465517440e-05
3.393696848424212220e+01 5.020803263301802351e-05
3.397698849424712364e+01 5.531900456180074261e-05
3.401700850425212508e+01 5.946985151249480181e-05
3.405702851425712652e+01 6.012590539383057102e-05
3.409704852426212796e+01 5.647113096754667150e-05
3.413706853426712939e+01 5.049980416058345194e-05
3.417708854427213794e+01 4.454448275054101821e-05
3.421710855427713938e+01 3.963396646577124142e-05
3.425712856428214081e+01 3.585715497180135474e-05
3.429714857428714225e+01 3.299248643469926146e-05
3.433716858429214369e+01 3.079579895199511050e-05
3.437718859429714513e+01 2.907560078947757340e-05
3.441720860430214657e+01 2.769576570909259937e-05
3.445722861430715511e+01 2.656229585943526577e-05
3.449724862431215655e+01 2.561041159542986527e-05
3.453726863431715799e+01 2.479503340682251054e-05
3.457728864432215943e+01 2.408432418838584132e-05
3.461730865432716087e+01 2.345542021313942955e-05
3.465732866433216230e+01 2.289161793108641796e-05
3.469734867433717085e+01 2.238050691421608377e-05
3.473736868434217229e+01 2.191271593907290134e-05
3.477738869434717373e+01 2.148105900820669001e-05
3.481740870435217516e+01 2.107994514073647336e-05
3.485742871435717660e+01 2.070496442234100602e-05
3.489744872436217804e+01 2.035259348911921582e-05
3.493746873436717948e+01 2.001998308386959908e-05
3.497748874437218802e+01 1.970480279253822905e-05
3.501750875437718946e+01 1.940512615158964719e-05
3.505752876438219090e+01 1.911934462361933592e-05
3.509754877438719234e+01 1.884610246767664255e-05
3.513756878439219378e+01 1.858424690813370944e-05
3.517758879439719522e+01 1.833278962759911298e-05
3.521760880440219665e+01 1.809087672901245271e-05
3.525762881440720520e+01 1.785776509411686784e-05
3.529764882441220664e+01 1.763280361787618599e-05
3.533766883441720807e+01 1.741541819270049548e-05
3.537768884442220951e+01 1.720509960066603477e-05
3.541770885442721095e+01 1.700139367891490878e-05
3.545772886443221239e+01 1.680389327551617639e-05
3.549774887443722093e+01 1.661223162580260671e-05
3.553776888444222237e+01 1.642607686345226369e-05
3.557778889444722381e+01 1.624512744405557440e-05
3.561780890445222525e+01 1.606910830708835631e-05
3.565782891445722669e+01 1.589776763904496103e-05
3.569784892446222813e+01 1.573087412884403253e-05
3.573786893446722956e+01 1.556821462859420504e-05
3.577788894447223811e+01 1.540959214994516428e-05
3.581790895447723955e+01 1.525482413969530017e-05
3.585792896448224099e+01 1.510374098893861663e-05
3.589794897448724242e+01 1.495618473845483844e-05
3.593796898449224386e+01 1.481200794976502550e-05
3.597798899449724530e+01 1.467107271666352892e-05
3.601800900450224674e+01 1.453324979638015584e-05
3.605802901450725528e+01 1.439841784304336862e-05
3.609804902451225672e+01 1.426646272897730070e-05
3.613806903451725816e+01 1.413727694170335185e-05
3.617808904452225960e+01 1.401075904643775897e-05
3.621810905452726104e+01 1.388681320545758002e-05
3.625812906453226248e+01 1.376534874701768187e-05
3.629814907453727102e+01 1.364627977758867934e-05
3.633816908454227246e+01 1.352952483209334143e-05
3.637818909454727390e+01 1.341500655757792916e-05
3.641820910455227533e+01 1.330265142639343103e-05
3.645822911455727677e+01 1.319238947549892373e-05
3.649824912456227821e+01 1.308415406895437897e-05
3.653826913456727965e+01 1.297788168105620213e-05
3.657828914457228819e+01 1.287351169789728407e-05
3.661830915457728963e+01 1.277098623541422234e-05
3.665832916458229107e+01 1.267024997222417473e-05
3.669834917458729251e+01 1.257124999576105339e-05
3.673836918459229395e+01 1.247393566039795332e-05
3.677838919459729539e+01 1.237825845639681863e-05
3.681840920460229682e+01 1.228417188865928104e-05
3.685842921460730537e+01 1.219163136436831887e-05
3.689844922461230681e+01 1.210059408871124718e-05
3.693846923461730825e+01 1.201101896796188442e-05
3.697848924462230968e+01 1.192286651927762353e-05
3.701850925462731112e+01 1.183609878663365656e-05
3.705852926463231256e+01 1.175067926237664119e-05
3.709854927463732110e+01 1.166657281393206128e-05
3.713856928464232254e+01 1.158374561524589168e-05
3.717858929464732398e+01 1.150216508258183533e-05
3.721860930465232542e+01 1.142179981433211063e-05
3.725862931465732686e+01 1.134261953453149238e-05
3.729864932466232830e+01 1.126459503979344372e-05
3.733866933466732974e+01 1.118769814941252665e-05
3.737868934467233828e+01 1.111190165840029777e-05
3.741870935467733972e+01 1.103717929324256326e-05
3.745872936468234116e+01 1.096350567018380251e-05
3.749874937468734259e+01 1.089085625586184884e-05
3.753876938469234403e+01 1.081920733013005832e-05
3.757878939469734547e+01 1.074853595091826657e-05
3.761880940470234691e+01 1.067881992099550383e-05
3.765882941470735545e+01 1.061003775650877226e-05
3.769884942471235689e+01 1.054216865718194666e-05
3.773886943471735833e+01 1.047519247806792031e-05
3.777888944472235977e+01 1.040908970275544510e-05
3.781890945472736121e+01 1.034384141793946940e-05
3.785892946473236265e+01 1.027942928927062284e-05
3.789894947473736408e+01 1.021583553840573433e-05
3.793896948474237263e+01 1.015304292118695730e-05
3.797898949474737407e+01 1.009103470688232535e-05
3.801900950475237551e+01 1.002979465842501232e-05
3.805902951475737694e+01 9.969307013593630676e-06
3.809904952476237838e+01 9.909556467079002457e-06
3.813906953476737982e+01 9.850528153387398903e-06
3.817908954477238836e+01 9.792207630532952250e-06
3.821910955477738980e+01 9.734580864475603896e-06
3.825912956478239124e+01 9.677634214263338431e-06
3.829914957478739268e+01 9.621354417840712427e-06
3.833916958479239412e+01 9.565728578487475790e-06
3.837918959479739556e+01 9.510744151854005741e-06
3.841920960480239700e+01 9.456388933561852395e-06
3.845922961480740554e+01 9.402651047340024196e-06
3.849924962481240698e+01 9.349518933669315250e-06
3.853926963481740842e+01 9.296981338908530030e-06
3.857928964482240985e+01 9.245027304878359979e-06
3.861930965482741129e+01 9.193646158879743976e-06
3.865932966483241273e+01 9.142827504125216646e-06
3.869934967483741417e+01 9.092561210562778525e-06
3.873936968484242271e+01 9.042837406073155279e-06
3.877938969484742415e+01 8.993646468022361843e-06
3.881940970485242559e+01 8.944979015152439372e-06
3.885942971485742703e+01 8.896825899794345936e-06
3.889944972486242847e+01 8.849178200387740795e-06
3.893946973486742991e+01 8.802027214293318619e-06
3.897948974487243845e+01 8.755364450884066564e-06
3.901950975487743989e+01 8.709181624902681131e-06
3.905952976488244133e+01 8.663470650072874673e-06
3.909954977488744277e+01 8.618223632953175587e-06
3.913956978489244420e+01 8.573432867022231068e-06
3.917958979489744564e+01 8.529090826985356573e-06
3.921960980490244708e+01 8.485190163292450496e-06
3.925962981490745562e+01 8.441723696858080358e-06
3.929964982491245706e+01 8.398684413974853445e-06
3.933966983491745850e+01 8.356065461411720156e-06
3.937968984492245994e+01 8.313860141689269960e-06
3.941970985492746138e+01 8.272061908524498322e-06
3.945972986493246282e+01 8.230664362437805845e-06
3.949974987493746426e+01 8.189661246515434736e-06
3.953976988494247280e+01 8.149046442320842469e-06
3.957978989494747424e+01 8.108813965948895354e-06
3.961980990495247568e+01 8.068957964216873189e-06
3.965982991495747711e+01 8.029472710986792805e-06
3.969984992496247855e+01 7.990352603613688808e-06
3.973986993496747999e+01 7.951592159514745585e-06
3.977988994497248854e+01 7.913186012854449118e-06
3.981990995497748997e+01 7.875128911341121922e-06
3.985992996498249141e+01 7.837415713130465366e-06
3.989994997498749285e+01 7.800041383831835215e-06
3.993996998499249429e+01 7.763000993613321886e-06
3.997998999499749573e+01 7.726289714401728877e-06
4.002001000500249717e+01 7.689902817173812225e-06
4.006003001500750571e+01 7.653835669335259026e-06
4.010005002501250715e+01 7.618083732184149859e-06
4.014007003501750859e+01 7.582642558455517852e-06
4.018009004502251003e+01 7.547507789944161724e-06
4.022011005502751146e+01 7.512675155202647402e-06
4.026013006503251290e+01 7.478140467311732655e-06
4.030015007503751434e+01 7.443899621720555894e-06
4.034017008504252289e+01 7.409948594153978597e-06
4.038019009504752432e+01 7.376283438584724906e-06
4.042021010505252576e+01 7.342900285267767135e-06
4.046023011505752720e+01 7.309795338834953951e-06
4.050025012506252864e+01 7.276964876447522254e-06
4.054027013506753008e+01 7.244405246004521691e-06
4.058029014507253862e+01 7.212112864405095226e-06
4.062031015507754006e+01 7.180084215862831064e-06
4.066033016508254150e+01 7.148315850270165740e-06
4.070035017508754294e+01 7.116804381611304417e-06
4.074037018509254438e+01 7.085546486421783902e-06
4.078039019509754581e+01 7.054538902293200295e-06
4.082041020510254725e+01 7.023778426421458899e-06
4.086043021510755580e+01 6.993261914197103868e-06
4.090045022511255723e+01 6.962986277836287656e-06
4.094047023511755867e+01 6.932948485050975875e-06
4.098049024512256011e+01 6.903145557757105160e-06
4.102051025512756155e+01 6.873574570819412481e-06
4.106053026513256299e+01 6.844232650831669577e-06
4.110055027513756443e+01 6.815116974931230706e-06
4.114057028514257297e+01 6.786224769646670576e-06
4.118059029514757441e+01 6.757553309777514660e-06
4.122061030515257585e+01 6.729099917304906550e-06
4.126063031515757729e+01 6.700861960332325489e-06
4.130065032516257872e+01 6.672836852055307166e-06
4.134067033516758016e+01 6.645022049759226709e-06
4.138069034517258160e+01 6.617415053844310398e-06
4.142071035517759015e+01 6.590013406876920651e-06
4.146073036518259158e+01 6.562814692666392598e-06
4.150075037518759302e+01 6.535816535366470194e-06
4.154077038519259446e+01 6.509016598600716747e-06
4.158079039519759590e+01 6.482412584611048601e-06
4.162081040520259734e+01 6.456002233428706721e-06
4.166083041520760588e+01 6.429783322067004648e-06
4.170085042521260732e+01 6.403753663735104047e-06
4.174087043521760876e+01 6.377911107072238476e-06
4.178089044522261020e+01 6.352253535401740791e-06
4.182091045522761164e+01 6.326778866004266850e-06
4.186093046523261307e+01 6.301485049409644630e-06
4.190095047523761451e+01 6.276370068706764299e-06
4.194097048524262306e+01 6.251431938871005255e-06
4.198099049524762449e+01 6.226668706108652954e-06
4.202101050525262593e+01 6.202078447217794767e-06
4.206103051525762737e+01 6.177659268965222209e-06
4.210105052526262881e+01 6.153409307478871151e-06
4.214107053526763025e+01 6.129326727655331590e-06
4.218109054527263169e+01 6.105409722581989912e-06
4.222111055527764023e+01 6.081656512973378444e-06
4.226113056528264167e+01 6.058065346621347730e-06
4.230115057528764311e+01 6.034634497858602452e-06
4.234117058529264455e+01 6.011362267035271486e-06
4.238119059529764598e+01 5.988246980008141959e-06
4.242121060530264742e+01 5.965286987642149016e-06
4.246123061530765597e+01 5.942480665323819764e-06
4.250125062531265741e+01 5.919826412486320729e-06
4.254127063531765884e+01 5.897322652145776767e-06
4.258129064532266028e+01 5.874967830448532805e-06
4.262131065532766172e+01 5.852760416229113604e-06
4.266133066533266316e+01 5.830698900578504616e-06
4.270135067533766460e+01 5.808781796422521854e-06
4.274137068534267314e+01 5.787007638109985320e-06
4.278139069534767458e+01 5.765374981010420708e-06
4.282141070535267602e+01 5.743882401121009854e-06
4.286143071535767746e+01 5.722528494682581580e-06
4.290145072536267890e+01 5.701311877804385410e-06
4.294147073536768033e+01 5.680231186097367810e-06
4.298149074537268177e+01 5.659285074315793397e-06
4.302151075537769032e+01 5.638472216006928203e-06
4.306153076538269175e+01 5.617791303168625760e-06
4.310155077538769319e+01 5.597241045914528011e-06
4.314157078539269463e+01 5.576820172146770931e-06
4.318159079539769607e+01 5.556527427235952612e-06
4.322161080540269751e+01 5.536361573708149502e-06
4.326163081540770605e+01 5.516321390938835972e-06
4.330165082541270749e+01 5.496405674853545412e-06
4.334167083541770893e+01 5.476613237635010283e-06
4.338169084542271037e+01 5.456942907436727762e-06
4.342171085542771181e+01 5.437393528102697715e-06
4.346173086543271324e+01 5.417963958893229663e-06
4.350175087543771468e+01 5.398653074216623070e-06
4.354177088544272323e+01 5.379459763366609158e-06
4.358179089544772467e+01 5.360382930265390750e-06
4.362181090545272610e+01 5.341421493212120076e-06
4.366183091545772754e+01 5.322574384636726435e-06
4.370185092546272898e+01 5.303840550858904824e-06
4.374187093546773042e+01 5.285218951852198631e-06
4.378189094547273186e+01 5.266708561012969706e-06
4.382191095547774040e+01 5.248308364934223618e-06
4.386193096548274184e+01 5.230017363184110545e-06
4.390195097548774328e+01 5.211834568088995896e-06
4.394197098549274472e+01 5.193759004521011747e-06
4.398199099549774616e+01 5.175789709689960325e-06
4.402201100550274759e+01 5.157925732939467906e-06
4.406203101550775614e+01 5.140166135547301033e-06
4.410205102551275758e+01 5.122509990529723081e-06
4.414207103551775901e+01 5.104956382449789528e-06
4.418209104552276045e+01 5.087504407229525170e-06
4.422211105552776189e+01 5.070153171965863017e-06
4.426213106553276333e+01 5.052901794750247454e-06
4.430215107553776477e+01 5.035749404491849143e-06
4.434217108554277331e+01 5.018695140744253612e-06
4.438219109554777475e+01 5.001738153535616754e-06
4.442221110555277619e+01 4.984877603202116970e-06
4.446223111555777763e+01 4.968112660224716673e-06
4.450225112556277907e+01 4.951442505069073062e-06
4.454227113556778050e+01 4.934866328028608331e-06
4.458229114557278194e+01 4.918383329070585987e-06
4.462231115557779049e+01 4.901992717685176365e-06
4.466233116558279193e+01 4.885693712737439306e-06
4.470235117558779336e+01 4.869485542322136786e-06
4.474237118559279480e+01 4.853367443621310251e-06
4.478239119559779624e+01 4.837338662764592184e-06
4.482241120560279768e+01 4.821398454692153626e-06
4.486243121560779912e+01 4.805546083020258030e-06
4.490245122561280766e+01 4.789780819909326562e-06
4.494247123561780910e+01 4.774101945934518238e-06
4.498249124562281054e+01 4.758508749958681763e-06
4.502251125562781198e+01 4.743000529007717172e-06
4.506253126563281342e+01 4.727576588148237168e-06
4.510255127563781485e+01 4.712236240367510365e-06
4.514257128564282340e+01 4.696978806455565314e-06
4.518259129564782484e+01 4.681803614889560343e-06
4.522261130565282627e+01 4.666710001720160859e-06
4.526263131565782771e+01 4.651697310460077439e-06
4.530265132566282915e+01 4.636764891974586822e-06
4.534267133566783059e+01 4.621912104374052742e-06
4.538269134567283203e+01 4.607138312908389861e-06
4.542271135567784057e+01 4.592442889863423358e-06
4.546273136568284201e+01 4.577825214459121306e-06
4.550275137568784345e+01 4.563284672749610060e-06
4.554277138569284489e+01 4.548820657525029394e-06
4.558279139569784633e+01 4.534432568215092718e-06
4.562281140570284776e+01 4.520119810794342209e-06
4.566283141570784920e+01 4.505881797689134424e-06
4.570285142571285775e+01 4.491717947686188703e-06
4.574287143571785919e+01 4.477627685842801667e-06
4.578289144572286062e+01 4.463610443398576227e-06
4.582291145572786206e+01 4.449665657688740464e-06
4.586293146573286350e+01 4.435792772058923411e-06
4.590295147573786494e+01 4.421991235781434315e-06
4.594297148574287348e+01 4.408260503972979315e-06
4.598299149574787492e+01 4.394600037513783351e-06
4.602301150575287636e+01 4.381009302968102895e-06
4.606303151575787780e+01 4.367487772506101563e-06
4.610305152576287924e+01 4.354034923827040319e-06
4.614307153576788068e+01 4.340650240083783971e-06
4.618309154577288211e+01 4.327333209808580753e-06
4.622311155577789066e+01 4.314083326840079432e-06
4.626313156578289210e+01 4.300900090251596619e-06
4.630315157578789353e+01 4.287783004280561475e-06
4.634317158579289497e+01 4.274731578259151328e-06
4.638319159579789641e+01 4.261745326546071647e-06
4.642321160580289785e+01 4.248823768459483731e-06
4.646323161580789929e+01 4.235966428211009835e-06
4.650325162581290783e+01 4.223172834840869082e-06
4.654327163581790927e+01 4.210442522154038280e-06
4.658329164582291071e+01 4.197775028657471536e-06
4.662331165582791215e+01 4.185169897498362566e-06
4.666333166583291359e+01 4.172626676403381092e-06
4.670335167583791502e+01 4.160144917618912128e-06
4.674337168584292357e+01 4.147724177852261726e-06
4.678339169584792501e+01 4.135364018213810555e-06
4.682341170585292645e+01 4.123064004160070422e-06
4.686343171585792788e+01 4.110823705437708941e-06
4.690345172586292932e+01 4.098642696028403455e-06
4.694347173586793076e+01 4.086520554094621613e-06
4.698349174587293220e+01 4.074456861926232029e-06
4.702351175587794074e+01 4.062451205887978932e-06
4.706353176588294218e+01 4.050503176367778417e-06
4.710355177588794362e+01 4.038612367725812620e-06
4.714357178589294506e+01 4.026778378244452282e-06
4.718359179589794650e+01 4.015000810078934861e-06
4.722361180590294794e+01 4.003279269208819390e-06
4.726363181590794937e+01 3.991613365390207880e-06
4.730365182591295792e+01 3.980002712108681634e-06
4.734367183591795936e+01 3.968446926532990568e-06
4.738369184592296079e+01 3.956945629469431164e-06
4.742371185592796223e+01 3.945498445316946954e-06
4.746373186593296367e+01 3.934105002022892220e-06
4.750375187593796511e+01 3.922764931039497043e-06
4.754377188594297365e+01 3.911477867280967626e-06
4.758379189594797509e+01 3.900243449081265936e-06
4.762381190595297653e+01 3.889061318152492435e-06
4.766383191595797797e+01 3.877931119543929493e-06
4.770385192596297941e+01 3.866852501601680272e-06
4.774387193596798085e+01 3.855825115928925091e-06
4.778389194597298228e+01 3.844848617346751235e-06
4.782391195597799083e+01 3.833922663855596014e-06
4.786393196598299227e+01 3.823046916597242939e-06
4.790395197598799371e+01 3.812221039817373543e-06
4.794397198599299514e+01 3.801444700828692654e-06
4.798399199599799658e+01 3.790717569974590254e-06
4.802401200600299802e+01 3.780039320593323425e-06
4.806403201600799946e+01 3.769409628982742504e-06
4.810405202601300800e+01 3.758828174365519112e-06
4.814407203601800944e+01 3.748294638854888753e-06
4.818409204602301088e+01 3.737808707420873260e-06
4.822411205602801232e+01 3.727370067857023313e-06
4.826413206603301376e+01 3.716978410747607774e-06
4.830415207603801520e+01 3.706633429435295992e-06
4.834417208604301663e+01 3.696334819989302159e-06
4.838419209604802518e+01 3.686082281173970561e-06
4.842421210605302662e+01 3.675875514417838114e-06
4.846423211605802805e+01 3.665714223783097140e-06
4.850425212606302949e+01 3.655598115935533738e-06
4.854427213606803093e+01 3.645526900114857918e-06
4.858429214607303237e+01 3.635500288105472915e-06
4.862431215607804091e+01 3.625517994207644732e-06
4.866433216608304235e+01 3.615579735209091379e-06
4.870435217608804379e+01 3.605685230356942275e-06
4.874437218609304523e+01 3.595834201330120316e-06
4.878439219609804667e+01 3.586026372212084350e-06
4.882441220610304811e+01 3.576261469463966378e-06
4.886443221610804954e+01 3.566539221898069163e-06
4.890445222611305809e+01 3.556859360651738228e-06
4.894447223611805953e+01 3.547221619161588759e-06
4.898449224612306097e+01 3.537625733138084033e-06
4.902451225612806240e+01 3.528071440540467049e-06
4.906453226613306384e+01 3.518558481552036913e-06
4.910455227613806528e+01 3.509086598555755130e-06
4.914457228614306672e+01 3.499655536110180555e-06
4.918459229614807526e+01 3.490265040925745270e-06
4.922461230615307670e+01 3.480914861841336238e-06
4.926463231615807814e+01 3.471604749801199259e-06
4.930465232616307958e+01 3.462334457832147431e-06
4.934467233616808102e+01 3.453103741021088939e-06
4.938469234617308246e+01 3.443912356492837335e-06
4.942471235617809100e+01 3.434760063388225478e-06
4.946473236618309244e+01 3.425646622842526098e-06
4.950475237618809388e+01 3.416571797964120119e-06
4.954477238619309531e+01 3.407535353813492781e-06
4.958479239619809675e+01 3.398537057382469054e-06
4.962481240620309819e+01 3.389576677573748472e-06
4.966483241620809963e+01 3.380653985180691117e-06
4.970485242621310817e+01 3.371768752867379733e-06
4.974487243621810961e+01 3.362920755148937647e-06
4.978489244622311105e+01 3.354109768372100371e-06
4.982491245622811249e+01 3.345335570696043436e-06
4.986493246623311393e+01 3.336597942073459679e-06
4.990495247623811537e+01 3.327896664231874538e-06
4.994497248624311680e+01 3.319231520655214619e-06
4.998499249624812535e+01 3.310602296565589709e-06
5.002501250625312679e+01 3.302008778905347963e-06
5.006503251625812823e+01 3.293450756319311923e-06
5.010505252626312966e+01 3.284928019137281364e-06
5.014507253626813110e+01 3.276440359356736880e-06
5.018509254627313254e+01 3.267987570625773438e-06
5.022511255627814108e+01 3.259569448226242732e-06
5.026513256628314252e+01 3.251185789057114064e-06
5.030515257628814396e+01 3.242836391618044026e-06
5.034517258629314540e+01 3.234521055993148616e-06
5.038519259629814684e+01 3.226239583834980766e-06
5.042521260630314828e+01 3.217991778348712846e-06
5.046523261630814972e+01 3.209777444276509755e-06
5.050525262631315826e+01 3.201596387882102757e-06
5.054527263631815970e+01 3.193448416935548813e-06
5.058529264632316114e+01 3.185333340698182625e-06
5.062531265632816257e+01 3.177250969907752895e-06
5.066533266633316401e+01 3.169201116763741975e-06
5.070535267633816545e+01 3.161183594912867632e-06
5.074537268634316689e+01 3.153198219434756326e-06
5.078539269634817543e+01 3.145244806827807082e-06
5.082541270635317687e+01 3.137323174995206549e-06
5.086543271635817831e+01 3.129433143231133378e-06
5.090545272636317975e+01 3.121574532207114215e-06
5.094547273636818119e+01 3.113747163958558412e-06
5.098549274637318263e+01 3.105950861871449879e-06
5.102551275637819117e+01 3.098185450669193076e-06
5.106553276638319261e+01 3.090450756399637323e-06
5.110555277638819405e+01 3.082746606422224765e-06
5.114557278639319549e+01 3.075072829395323841e-06
5.118559279639819692e+01 3.067429255263698280e-06
5.122561280640319836e+01 3.059815715246122211e-06
5.126563281640819980e+01 3.052232041823153660e-06
5.130565282641320835e+01 3.044678068725047395e-06
5.134567283641820978e+01 3.037153630919807524e-06
5.138569284642321122e+01 3.029658564601384093e-06
5.142571285642821266e+01 3.022192707178017485e-06
5.146573286643321410e+01 3.014755897260698024e-06
5.150575287643821554e+01 3.007347974651783544e-06
5.154577288644321698e+01 2.999968780333740627e-06
5.158579289644822552e+01 2.992618156458009085e-06
5.162581290645322696e+01 2.985295946334016367e-06
5.166583291645822840e+01 2.978001994418295725e-06
5.170585292646322984e+01 2.970736146303748801e-06
5.174587293646823127e+01 2.963498248709023836e-06
5.178589294647323271e+01 2.956288149468017963e-06
5.182591295647823415e+01 2.949105697519503177e-06
5.186593296648324269e+01 2.941950742896861561e-06
5.190595297648824413e+01 2.934823136717955196e-06
5.194597298649324557e+01 2.927722731175093907e-06
5.198599299649824701e+01 2.920649379525128784e-06
5.202601300650324845e+01 2.913602936079655402e-06
5.206603301650824989e+01 2.906583256195327151e-06
5.210605302651325843e+01 2.899590196264276565e-06
5.214607303651825987e+01 2.892623613704653962e-06
5.218609304652326131e+01 2.885683366951258840e-06
5.222611305652826275e+01 2.878769315446289000e-06
5.226613306653326418e+01 2.871881319630184974e-06
5.230615307653826562e+01 2.865019240932582862e-06
5.234617308654326706e+01 2.858182941763367125e-06
5.238619309654827561e+01 2.851372285503815699e-06
5.242621310655327704e+01 2.844587136497861585e-06
5.246623311655827848e+01 2.837827360043428544e-06
5.250625312656327992e+01 2.831092822383873526e-06
5.254627313656828136e+01 2.824383390699537940e-06
5.258629314657328280e+01 2.817698933099361179e-06
5.262631315657828424e+01 2.811039318612616544e-06
5.266633316658329278e+01 2.804404417180716624e-06
5.270635317658829422e+01 2.797794099649124977e-06
5.274637318659329566e+01 2.791208237759337272e-06
5.278639319659829710e+01 2.784646704140970845e-06
5.282641320660329853e+01 2.778109372303924988e-06
5.286643321660829997e+01 2.771596116630632290e-06
5.290645322661330852e+01 2.765106812368392567e-06
5.294647323661830995e+01 2.758641335621797844e-06
5.298649324662331139e+01 2.752199563345218327e-06
5.302651325662831283e+01 2.745781373335395525e-06
5.306653326663331427e+01 2.739386644224091695e-06
5.310655327663831571e+01 2.733015255470839665e-06
5.314657328664331715e+01 2.726667087355748138e-06
5.318659329664832569e+01 2.720342020972404399e-06
5.322661330665332713e+01 2.714039938220837168e-06
5.326663331665832857e+01 2.707760721800560766e-06
5.330665332666333001e+01 2.701504255203692968e-06
5.334667333666833144e+01 2.695270422708150370e-06
5.338669334667333288e+01 2.689059109370905156e-06
5.342671335667833432e+01 2.682870201021316408e-06
5.346673336668334287e+01 2.676703584254540611e-06
5.350675337668834430e+01 2.670559146425002307e-06
5.354677338669334574e+01 2.664436775639931224e-06
5.358679339669834718e+01 2.658336360752975653e-06
5.362681340670334862e+01 2.652257791357875961e-06
5.366683341670835006e+01 2.646200957782207129e-06
5.370685342671335860e+01 2.640165751081181440e-06
5.374687343671836004e+01 2.634152063031526969e-06
5.378689344672336148e+01 2.628159786125415630e-06
5.382691345672836292e+01 2.622188813564460677e-06
5.386693346673336436e+01 2.616239039253776035e-06
5.390695347673836579e+01 2.610310357796095778e-06
5.394697348674336723e+01 2.604402664485956278e-06
5.398699349674837578e+01 2.598515855303935965e-06
5.402701350675337721e+01 2.592649826910950976e-06
5.406703351675837865e+01 2.586804476642614343e-06
5.410705352676338009e+01 2.580979702503651930e-06
5.414707353676838153e+01 2.575175403162371725e-06
5.418709354677338297e+01 2.569391477945188626e-06
5.422711355677838441e+01 2.563627826831214861e-06
5.426713356678339295e+01 2.557884350446888530e-06
5.430715357678839439e+01 2.552160950060674991e-06
5.434717358679339583e+01 2.546457527577801701e-06
5.438719359679839727e+01 2.540773985535061246e-06
5.442721360680339870e+01 2.535110227095664348e-06
5.446723361680840014e+01 2.529466156044135218e-06
5.450725362681340869e+01 2.523841676781264510e-06
5.454727363681841013e+01 2.518236694319121570e-06
5.458729364682341156e+01 2.512651114276095056e-06
5.462731365682841300e+01 2.507084842871996241e-06
5.466733366683341444e+01 2.501537786923219069e-06
5.470735367683841588e+01 2.496009853837926460e-06
5.474737368684341732e+01 2.490500951611303125e-06
5.478739369684842586e+01 2.485010988820840967e-06
5.482741370685342730e+01 2.479539874621690155e-06
5.486743371685842874e+01 2.474087518742027534e-06
5.490745372686343018e+01 2.468653831478501717e-06
5.494747373686843162e+01 2.463238723691693404e-06
5.498749374687343305e+01 2.457842106801643900e-06
5.502751375687843449e+01 2.452463892783412000e-06
5.506753376688344304e+01 2.447103994162682549e-06
5.510755377688844447e+01 2.441762324011413963e-06
5.514757378689344591e+01 2.436438795943520476e-06
5.518759379689844735e+01 2.431133324110620041e-06
5.522761380690344879e+01 2.425845823197787721e-06
5.526763381690845023e+01 2.420576208419386178e-06
5.530765382691345167e+01 2.415324395514908430e-06
5.534767383691846021e+01 2.410090300744877366e-06
5.538769384692346165e+01 2.404873840886773636e-06
5.542771385692846309e+01 2.399674933231016478e-06
5.546773386693346453e+01 2.394493495576961067e-06
5.550775387693846596e+01 2.389329446228957264e-06
5.554777388694346740e+01 2.384182703992431251e-06
5.558779389694847595e+01 2.379053188170005265e-06
5.562781390695347739e+01 2.373940818557667319e-06
5.566783391695847882e+01 2.368845515440957434e-06
5.570785392696348026e+01 2.363767199591198345e-06
5.574787393696848170e+01 2.358705792261774061e-06
5.578789394697348314e+01 2.353661215184420282e-06
5.582791395697848458e+01 2.348633390565569031e-06
5.586793396698349312e+01 2.343622241082715726e-06
5.590795397698849456e+01 2.338627689880826497e-06
5.594797398699349600e+01 2.333649660568778944e-06
5.598799399699849744e+01 2.328688077215827901e-06
5.602801400700349888e+01 2.323742864348118618e-06
5.606803401700850031e+01 2.318813946945215623e-06
5.610805402701350175e+01 2.313901250436680287e-06
5.614807403701851030e+01 2.309004700698663631e-06
5.618809404702351173e+01 2.304124224050546570e-06
5.622811405702851317e+01 2.299259747251599218e-06
5.626813406703351461e+01 2.294411197497673643e-06
5.630815407703851605e+01 2.289578502417933055e-06
5.634817408704351749e+01 2.284761590071601736e-06
5.638819409704852603e+01 2.279960388944753094e-06
5.642821410705352747e+01 2.275174827947122275e-06
5.646823411705852891e+01 2.270404836408945463e-06
5.650825412706353035e+01 2.265650344077836868e-06
5.654827413706853179e+01 2.260911281115683077e-06
5.658829414707353322e+01 2.256187578095578070e-06
5.662831415707853466e+01 2.251479165998770936e-06
5.666833416708354321e+01 2.246785976211653818e-06
5.670835417708854465e+01 2.242107940522773590e-06
5.674837418709354608e+01 2.237444991119864693e-06
5.678839419709854752e+01 2.232797060586919252e-06
5.682841420710354896e+01 2.228164081901271162e-06
5.686843421710855040e+01 2.223545988430719146e-06
5.690845422711355184e+01 2.218942713930660388e-06
5.694847423711856038e+01 2.214354192541267380e-06
5.698849424712356182e+01 2.209780358784680424e-06
5.702851425712856326e+01 2.205221147562215393e-06
5.706853426713356470e+01 2.200676494151619345e-06
5.710855427713856614e+01 2.196146334204328247e-06
5.714857428714356757e+01 2.191630603742764947e-06
5.718859429714857612e+01 2.187129239157650265e-06
5.722861430715357756e+01 2.182642177205345851e-06
5.726863431715857899e+01 2.178169355005212712e-06
5.730865432716358043e+01 2.173710710036998540e-06
5.734867433716858187e+01 2.169266180138246214e-06
5.738869434717358331e+01 2.164835703501728562e-06
5.742871435717858475e+01 2.160419218672895402e-06
5.746873436718359329e+01 2.156016664547354041e-06
5.750875437718859473e+01 2.151627980368370111e-06
5.754877438719359617e+01 2.147253105724378978e-06
5.758879439719859761e+01 2.142891980546535280e-06
5.762881440720359905e+01 2.138544545106272201e-06
5.766883441720860048e+01 2.134210740012885735e-06
5.770885442721360192e+01 2.129890506211138002e-06
5.774887443721861047e+01 2.125583784978885558e-06
5.778889444722361191e+01 2.121290517924723796e-06
5.782891445722861334e+01 2.117010646985654220e-06
5.786893446723361478e+01 2.112744114424765687e-06
5.790895447723861622e+01 2.108490862828949965e-06
5.794897448724361766e+01 2.104250835106618126e-06
5.798899449724862620e+01 2.100023974485449137e-06
5.802901450725362764e+01 2.095810224510159622e-06
5.806903451725862908e+01 2.091609529040277434e-06
5.810905452726363052e+01 2.087421832247949534e-06
5.814907453726863196e+01 2.083247078615765118e-06
5.818909454727363340e+01 2.079085212934588056e-06
5.822911455727863483e+01 2.074936180301424069e-06
5.826913456728364338e+01 2.070799926117287471e-06
5.830915457728864482e+01 2.066676396085101377e-06
5.834917458729364625e+01 2.062565536207605108e-06
5.838919459729864769e+01 2.058467292785285734e-06
5.842921460730364913e+01 2.054381612414323600e-06
5.846923461730865057e+01 2.050308441984558596e-06
5.850925462731365201e+01 2.046247728677463211e-06
5.854927463731866055e+01 2.042199419964151154e-06
5.858929464732366199e+01 2.038163463603385981e-06
5.862931465732866343e+01 2.034139807639607512e-06
5.866933466733366487e+01 2.030128400400990427e-06
5.870935467733866631e+01 2.026129190497493550e-06
5.874937468734366774e+01 2.022142126818954874e-06
5.878939469734866918e+01 2.018167158533173451e-06
5.882941470735367773e+01 2.014204235084028560e-06
5.886943471735867917e+01 2.010253306189607339e-06
5.890945472736368060e+01 2.006314321840339615e-06
5.894947473736868204e+01 2.002387232297161965e-06
5.898949474737368348e+01 1.998471988089688546e-06
5.902951475737868492e+01 1.994568540014398869e-06
5.906953476738369346e+01 1.990676839132836581e-06
5.910955477738869490e+01 1.986796836769837051e-06
5.914957478739369634e+01 1.982928484511747332e-06
5.918959479739869778e+01 1.979071734204678302e-06
5.922961480740369922e+01 1.975226537952765712e-06
5.926963481740870066e+01 1.971392848116438847e-06
5.930965482741370209e+01 1.967570617310719687e-06
5.934967483741871064e+01 1.963759798403513590e-06
5.938969484742371208e+01 1.959960344513936830e-06
5.942971485742871351e+01 1.956172209010636079e-06
5.946973486743371495e+01 1.952395345510139662e-06
5.950975487743871639e+01 1.948629707875207535e-06
5.954977488744371783e+01 1.944875250213207520e-06
5.958979489744871927e+01 1.941131926874496207e-06
5.962981490745372781e+01 1.937399692450807894e-06
5.966983491745872925e+01 1.933678501773677409e-06
5.970985492746373069e+01 1.929968309912848119e-06
5.974987493746873213e+01 1.926269072174712958e-06
5.978989494747373357e+01 1.922580744100761398e-06
5.982991495747873500e+01 1.918903281466032764e-06
5.986993496748374355e+01 1.915236640277593691e-06
5.990995497748874499e+01 1.911580776773020669e-06
5.994997498749374643e+01 1.907935647418888083e-06
5.998999499749874786e+01 1.904301208909285276e-06
6.003001500750374930e+01 1.900677418164331063e-06
6.007003501750875074e+01 1.897064232328702432e-06
6.011005502751375218e+01 1.893461608770179767e-06
6.015007503751876072e+01 1.889869505078199272e-06
6.019009504752376216e+01 1.886287879062422113e-06
6.023011505752876360e+01 1.882716688751300824e-06
6.027013506753376504e+01 1.879155892390679575e-06
6.031015507753876648e+01 1.875605448442380694e-06
6.035017508754376792e+01 1.872065315582824001e-06
6.039019509754876935e+01 1.868535452701640424e-06
6.043021510755377790e+01 1.865015818900306586e-06
6.047023511755877934e+01 1.861506373490784888e-06
6.051025512756378077e+01 1.858007075994176947e-06
6.055027513756878221e+01 1.854517886139385062e-06
6.059029514757378365e+01 1.851038763861785558e-06
6.063031515757878509e+01 1.847569669301911854e-06
6.067033516758379363e+01 1.844110562804149404e-06
6.071035517758879507e+01 1.840661404915439517e-06
6.075037518759379651e+01 1.837222156383988697e-06
6.079039519759879795e+01 1.833792778157996609e-06
6.083041520760379939e+01 1.830373231384386799e-06
6.087043521760880083e+01 1.826963477407551182e-06
6.091045522761380226e+01 1.823563477768101089e-06
6.095047523761881081e+01 1.820173194201628906e-06
6.099049524762381225e+01 1.816792588637483477e-06
6.103051525762881369e+01 1.813421623197546142e-06
6.107053526763381512e+01 1.810060260195022229e-06
6.111055527763881656e+01 1.806708462133242931e-06
6.115057528764381800e+01 1.803366191704468443e-06
6.119059529764881944e+01 1.800033411788714402e-06
6.123061530765382798e+01 1.796710085452566253e-06
6.127063531765882942e+01 1.793396175948026009e-06
6.131065532766383086e+01 1.790091646711348433e-06
6.135067533766883230e+01 1.786796461361896268e-06
6.139069534767383374e+01 1.783510583701004796e-06
6.143071535767883518e+01 1.780233977710846382e-06
6.147073536768384372e+01 1.776966607553311551e-06
6.151075537768884516e+01 1.773708437568899369e-06
6.155077538769384660e+01 1.770459432275604447e-06
6.159079539769884803e+01 1.767219556367827865e-06
6.163081540770384947e+01 1.763988774715284286e-06
6.167083541770885091e+01 1.760767052361924959e-06
6.171085542771385235e+01 1.757554354524862831e-06
6.175087543771886089e+01 1.754350646593309095e-06
6.179089544772386233e+01 1.751155894127519063e-06
6.183091545772886377e+01 1.747970062857738240e-06
6.187093546773386521e+01 1.744793118683168948e-06
6.191095547773886665e+01 1.741625027670928470e-06
6.195097548774386809e+01 1.738465756055032405e-06
6.199099549774886952e+01 1.735315270235370814e-06
6.203101550775387807e+01 1.732173536776700249e-06
6.207103551775887951e+01 1.729040522407640447e-06
6.211105552776388095e+01 1.725916194019678425e-06
6.215107553776888238e+01 1.722800518666179364e-06
6.219109554777388382e+01 1.719693463561406162e-06
6.223111555777888526e+01 1.716594996079549376e-06
6.227113556778388670e+01 1.713505083753752915e-06
6.231115557778889524e+01 1.710423694275158592e-06
6.235117558779389668e+01 1.707350795491955542e-06
6.239119559779889812e+01 1.704286355408429635e-06
6.243121560780389956e+01 1.701230342184028778e-06
6.247123561780890100e+01 1.698182724132425460e-06
6.251125562781390244e+01 1.695143469720598147e-06
6.255127563781891098e+01 1.692112547567907590e-06
6.259129564782391242e+01 1.689089926445186477e-06
6.263131565782891386e+01 1.686075575273834380e-06
6.267133566783391529e+01 1.683069463124916720e-06
6.271135567783891673e+01 1.680071559218276234e-06
6.275137568784391817e+01 1.677081832921641470e-06
6.279139569784891961e+01 1.674100253749753708e-06
6.283141570785392815e+01 1.671126791363486470e-06
6.287143571785892959e+01 1.668161415568984722e-06
6.291145572786393103e+01 1.665204096316800054e-06
6.295147573786893247e+01 1.662254803701034753e-06
6.299149574787393391e+01 1.659313507958499852e-06
6.303151575787893535e+01 1.656380179467864922e-06
6.307153576788393678e+01 1.653454788748823742e-06
6.311155577788894533e+01 1.650537306461266326e-06
6.315157578789394677e+01 1.647627703404451373e-06
6.319159579789894821e+01 1.644725950516188877e-06
6.323161580790394964e+01 1.641832018872023801e-06
6.327163581790895108e+01 1.638945879684433090e-06
6.331165582791395252e+01 1.636067504302019719e-06
6.335167583791896107e+01 1.633196864208720717e-06
6.339169584792396250e+01 1.630333931023013919e-06
6.343171585792896394e+01 1.627478676497133405e-06
6.347173586793396538e+01 1.624631072516291920e-06
6.351175587793896682e+01 1.621791091097902033e-06
6.355177588794396826e+01 1.618958704390814857e-06
6.359179589794896970e+01 1.616133884674551589e-06
6.363181590795397824e+01 1.613316604358547524e-06
6.367183591795897968e+01 1.610506835981399048e-06
6.371185592796398112e+01 1.607704552210116765e-06
6.375187593796898256e+01 1.604909725839383496e-06
6.379189594797398399e+01 1.602122329790815668e-06
6.383191595797898543e+01 1.599342337112236769e-06
6.387193596798398687e+01 1.596569720976941913e-06
6.391195597798899541e+01 1.593804454682984213e-06
6.395197598799399685e+01 1.591046511652456925e-06
6.399199599799899829e+01 1.588295865430773889e-06
6.403201600800400684e+01 1.585552489685973903e-06
6.407203601800900117e+01 1.582816358208012821e-06
6.411205602801400971e+01 1.580087444908063049e-06
6.415207603801900405e+01 1.577365723817830843e-06
6.419209604802401259e+01 1.574651169088858349e-06
6.423211605802900692e+01 1.571943754991850427e-06
6.427213606803401547e+01 1.569243455915986221e-06
6.431215607803902401e+01 1.566550246368255092e-06
6.435217608804401834e+01 1.563864100972783431e-06
6.439219609804902689e+01 1.561184994470166355e-06
6.443221610805402122e+01 1.558512901716817817e-06
6.447223611805902976e+01 1.555847797684304632e-06
6.451225612806402410e+01 1.553189657458703996e-06
6.455227613806903264e+01 1.550538456239949793e-06
6.459229614807404118e+01 1.547894169341196684e-06
6.463231615807903552e+01 1.545256772188180173e-06
6.467233616808404406e+01 1.542626240318579424e-06
6.471235617808903839e+01 1.540002549381396815e-06
6.475237618809404694e+01 1.537385675136322024e-06
6.479239619809904127e+01 1.534775593453121318e-06
6.483241620810404982e+01 1.532172280311014563e-06
6.487243621810905836e+01 1.529575711798064935e-06
6.491245622811405269e+01 1.526985864110574138e-06
6.495247623811906124e+01 1.524402713552470212e-06
6.499249624812405557e+01 1.521826236534715879e-06
6.503251625812906411e+01 1.519256409574707153e-06
6.507253626813405845e+01 1.516693209295682319e-06
6.511255627813906699e+01 1.514136612426134728e-06
6.515257628814407553e+01 1.511586595799229830e-06
6.519259629814906987e+01 1.509043136352221352e-06
6.523261630815407841e+01 1.506506211125877224e-06
6.527263631815907274e+01 1.503975797263905713e-06
6.531265632816408129e+01 1.501451872012387489e-06
6.535267633816907562e+01 1.498934412719211499e-06
6.539269634817408416e+01 1.496423396833510846e-06
6.543271635817909271e+01 1.493918801905107767e-06
6.547273636818408704e+01 1.491420605583958829e-06
6.551275637818909559e+01 1.488928785619602237e-06
6.555277638819408992e+01 1.486443319860618281e-06
6.559279639819909846e+01 1.483964186254075790e-06
6.563281640820410701e+01 1.481491362845002746e-06
6.567283641820910134e+01 1.479024827775845233e-06
6.571285642821410988e+01 1.476564559285933814e-06
6.575287643821910422e+01 1.474110535710959637e-06
6.579289644822411276e+01 1.471662735482441438e-06
6.583291645822910709e+01 1.469221137127214150e-06
6.587293646823411564e+01 1.466785719266898231e-06
6.591295647823912418e+01 1.464356460617394415e-06
6.595297648824411851e+01 1.461933339988367440e-06
6.599299649824912706e+01 1.459516336282734654e-06
6.603301650825412139e+01 1.457105428496168383e-06
6.607303651825912993e+01 1.454700595716586866e-06
6.611305652826412427e+01 1.452301817123659586e-06
6.615307653826913281e+01 1.449909071988309211e-06
6.619309654827414136e+01 1.447522339672221171e-06
6.623311655827913569e+01 1.445141599627357029e-06
6.627313656828414423e+01 1.442766831395460665e-06
6.631315657828913857e+01 1.440398014607584359e-06
6.635317658829414711e+01 1.438035128983602386e-06
6.639319659829914144e+01 1.435678154331740059e-06
6.643321660830414999e+01 1.433327070548095800e-06
6.647323661830915853e+01 1.430981857616171874e-06
6.651325662831415286e+01 1.428642495606409797e-06
6.655327663831916141e+01 1.426308964675720023e-06
6.659329664832415574e+01 1.423981245067026868e-06
6.663331665832916428e+01 1.421659317108804979e-06
6.667333666833415862e+01 1.419343161214627013e-06
6.671335667833916716e+01 1.417032757882708360e-06
6.675337668834417570e+01 1.414728087695459060e-06
6.679339669834917004e+01 1.412429131319039115e-06
6.683341670835417858e+01 1.410135869502905533e-06
6.687343671835917291e+01 1.407848283079383732e-06
6.691345672836418146e+01 1.405566352963217341e-06
6.695347673836917579e+01 1.403290060151140874e-06
6.699349674837418434e+01 1.401019385721440964e-06
6.703351675837919288e+01 1.398754310833531155e-06
6.707353676838418721e+01 1.396494816727520761e-06
6.711355677838919576e+01 1.394240884723789230e-06
6.715357678839419009e+01 1.391992496222569621e-06
6.719359679839919863e+01 1.389749632703521481e-06
6.723361680840420718e+01 1.387512275725321733e-06
6.727363681840920151e+01 1.385280406925244970e-06
6.731365682841421005e+01 1.383054008018750947e-06
6.735367683841920439e+01 1.380833060799083517e-06
6.739369684842421293e+01 1.378617547136853249e-06
6.743371685842920726e+01 1.376407448979643772e-06
6.747373686843421581e+01 1.374202748351601179e-06
6.751375687843922435e+01 1.372003427353042903e-06
6.755377688844421868e+01 1.369809468160057077e-06
6.759379689844922723e+01 1.367620853024107601e-06
6.763381690845422156e+01 1.365437564271645988e-06
6.767383691845923011e+01 1.363259584303720041e-06
6.771385692846422444e+01 1.361086895595588444e-06
6.775387693846923298e+01 1.358919480696335371e-06
6.779389694847424153e+01 1.356757322228487621e-06
6.783391695847923586e+01 1.354600402887641291e-06
6.787393696848424440e+01 1.352448705442073832e-06
6.791395697848923874e+01 1.350302212732379830e-06
6.795397698849424728e+01 1.348160907671090682e-06
6.799399699849924161e+01 1.346024773242309956e-06
6.803401700850425016e+01 1.343893792501341110e-06
6.807403701850925870e+01 1.341767948574324335e-06
6.811405702851425303e+01 1.339647224657874446e-06
6.815407703851926158e+01 1.337531604018712634e-06
6.819409704852425591e+01 1.335421069993318333e-06
6.823411705852926445e+01 1.333315605987561612e-06
6.827413706853425879e+01 1.331215195476355890e-06
6.831415707853926733e+01 1.329119822003302392e-06
6.835417708854427588e+01 1.327029469180339692e-06
6.839419709854927021e+01 1.324944120687398968e-06
6.843421710855427875e+01 1.322863760272051004e-06
6.847423711855927309e+01 1.320788371749170338e-06
6.851425712856428163e+01 1.318717939000584804e-06
6.855427713856927596e+01 1.316652445974746884e-06
6.859429714857428451e+01 1.314591876686381552e-06
6.863431715857929305e+01 1.312536215216165039e-06
6.867433716858428738e+01 1.310485445710383687e-06
6.871435717858929593e+01 1.308439552380597895e-06
6.875437718859429026e+01 1.306398519503324685e-06
6.879439719859929880e+01 1.304362331419696990e-06
6.883441720860429314e+01 1.302330972535150461e-06
6.887443721860930168e+01 1.300304427319087193e-06
6.891445722861431022e+01 1.298282680304563385e-06
6.895447723861930456e+01 1.296265716087967678e-06
6.899449724862431310e+01 1.294253519328697374e-06
6.903451725862930743e+01 1.292246074748851605e-06
6.907453726863431598e+01 1.290243367132907545e-06
6.911455727863932452e+01 1.288245381327416971e-06
6.915457728864431886e+01 1.286252102240691792e-06
6.919459729864932740e+01 1.284263514842491926e-06
6.923461730865432173e+01 1.282279604163727562e-06
6.927463731865933028e+01 1.280300355296143008e-06
6.931465732866432461e+01 1.278325753392026368e-06
6.935467733866933315e+01 1.276355783663895508e-06
6.939469734867434170e+01 1.274390431384208580e-06
6.943471735867933603e+01 1.272429681885062265e-06
6.947473736868434457e+01 1.270473520557893623e-06
6.951475737868933891e+01 1.268521932853190824e-06
6.955477738869434745e+01 1.266574904280196904e-06
6.959479739869934178e+01 1.264632420406620502e-06
6.963481740870435033e+01 1.262694466858346171e-06
6.967483741870935887e+01 1.260761029319149781e-06
6.971485742871435320e+01 1.258832093530410310e-06
6.975487743871936175e+01 1.256907645290823552e-06
6.979489744872435608e+01 1.254987670456126192e-06
6.983491745872936463e+01 1.253072154938810147e-06
6.987493746873435896e+01 1.251161084707846008e-06
6.991495747873936750e+01 1.249254445788403732e-06
6.995497748874437605e+01 1.247352224261581380e-06
6.999499749874937038e+01 1.245454406264124110e-06
7.003501750875437892e+01 1.243560977988157580e-06
7.007503751875937326e+01 1.241671925680914773e-06
7.011505752876438180e+01 1.239787235644467494e-06
7.015507753876937613e+01 1.237906894235456162e-06
7.019509754877438468e+01 1.236030887864828076e-06
7.023511755877939322e+01 1.234159202997567853e-06
7.027513756878438755e+01 1.232291826152440558e-06
7.031515757878939610e+01 1.230428743901721292e-06
7.035517758879439043e+01 1.228569942870945108e-06
7.039519759879939897e+01 1.226715409738639343e-06
7.043521760880439331e+01 1.224865131236075231e-06
7.047523761880940185e+01 1.223019094147004260e-06
7.051525762881441040e+01 1.221177285307409570e-06
7.055527763881940473e+01 1.219339691605252265e-06
7.059529764882441327e+01 1.217506299980217519e-06
7.063531765882940761e+01 1.215677097423469564e-06
7.067533766883441615e+01 1.213852070977397801e-06
7.071535767883942469e+01 1.212031207735375812e-06
7.075537768884441903e+01 1.210214494841511912e-06
7.079539769884942757e+01 1.208401919490404992e-06
7.083541770885442190e+01 1.206593468926906500e-06
7.087543771885943045e+01 1.204789130445871418e-06
7.091545772886442478e+01 1.202988891391927652e-06
7.095547773886943332e+01 1.201192739159229337e-06
7.099549774887444187e+01 1.199400661191224116e-06
7.103551775887943620e+01 1.197612644980419141e-06
7.107553776888444474e+01 1.195828678068138616e-06
7.111555777888943908e+01 1.194048748044301027e-06
7.115557778889444762e+01 1.192272842547179003e-06
7.119559779889944195e+01 1.190500949263175917e-06
7.123561780890445050e+01 1.188733055926588077e-06
7.127563781890945904e+01 1.186969150319386194e-06
7.131565782891445338e+01 1.185209220270983296e-06
7.135567783891946192e+01 1.183453253658009836e-06
7.139569784892445625e+01 1.181701238404091564e-06
7.143571785892946480e+01 1.179953162479624422e-06
7.147573786893445913e+01 1.178209013901556650e-06
7.151575787893946767e+01 1.176468780733164740e-06
7.155577788894447622e+01 1.174732451083835756e-06
7.159579789894947055e+01 1.173000013108852180e-06
7.163581790895447909e+01 1.171271455009169359e-06
7.167583791895947343e+01 1.169546765031208405e-06
7.171585792896448197e+01 1.167825931466633844e-06
7.175587793896947630e+01 1.166108942652145467e-06
7.179589794897448485e+01 1.164395786969267621e-06
7.183591795897949339e+01 1.162686452844133644e-06
7.187593796898448772e+01 1.160980928747282577e-06
7.191595797898949627e+01 1.159279203193445500e-06
7.195597798899449060e+01 1.157581264741343087e-06
7.199599799899949915e+01 1.155887101993474490e-06
7.203601800900449348e+01 1.154196703595919975e-06
7.207603801900950202e+01 1.152510058238129377e-06
7.211605802901451057e+01 1.150827154652725166e-06
7.215607803901950490e+01 1.149147981615300428e-06
7.219609804902451344e+01 1.147472527944215154e-06
7.223611805902950778e+01 1.145800782500402270e-06
7.227613806903451632e+01 1.144132734187162657e-06
7.231615807903951065e+01 1.142468371949978161e-06
7.235617808904451920e+01 1.140807684776305139e-06
7.239619809904952774e+01 1.139150661695387893e-06
7.243621810905452207e+01 1.137497291778061736e-06
7.247623811905953062e+01 1.135847564136558600e-06
7.251625812906452495e+01 1.134201467924319628e-06
7.255627813906953349e+01 1.132558992335799721e-06
7.259629814907454204e+01 1.130920126606283736e-06
7.263631815907953637e+01 1.129284860011694837e-06
7.267633816908454492e+01 1.127653181868405614e-06
7.271635817908953925e+01 1.126025081533056603e-06
7.275637818909454779e+01 1.124400548402364644e-06
7.279639819909954213e+01 1.122779571912945218e-06
7.283641820910455067e+01 1.121162141541123769e-06
7.287643821910955921e+01 1.119548246802757403e-06
7.291645822911455355e+01 1.117937877253051085e-06
7.295647823911956209e+01 1.116331022486376581e-06
7.299649824912455642e+01 1.114727672136097339e-06
7.303651825912956497e+01 1.113127815874385948e-06
7.307653826913455930e+01 1.111531443412048383e-06
7.311655827913956784e+01 1.109938544498347610e-06
7.315657828914457639e+01 1.108349108920826976e-06
7.319659829914957072e+01 1.106763126505139748e-06
7.323661830915457926e+01 1.105180587114868691e-06
7.327663831915957360e+01 1.103601480651360267e-06
7.331665832916458214e+01 1.102025797053548022e-06
7.335667833916957647e+01 1.100453526297785513e-06
7.339669834917458502e+01 1.098884658397673088e-06
7.343671835917959356e+01 1.097319183403891656e-06
7.347673836918458790e+01 1.095757091404033917e-06
7.351675837918959644e+01 1.094198372522436225e-06
7.355677838919459077e+01 1.092643016920013839e-06
7.359679839919959932e+01 1.091091014794094272e-06
7.363681840920459365e+01 1.089542356378254445e-06
7.367683841920960219e+01 1.087997031942154673e-06
7.371685842921461074e+01 1.086455031791379630e-06
7.375687843921960507e+01 1.084916346267272971e-06
7.379689844922461361e+01 1.083380965746778085e-06
7.383691845922960795e+01 1.081848880642279491e-06
7.387693846923461649e+01 1.080320081401438299e-06
7.391695847923961082e+01 1.078794558507042714e-06
7.395697848924461937e+01 1.077272302476840741e-06
7.399699849924962791e+01 1.075753303863390687e-06
7.403701850925462224e+01 1.074237553253902342e-06
7.407703851925963079e+01 1.072725041270081758e-06
7.411705852926462512e+01 1.071215758567978152e-06
7.415707853926963367e+01 1.069709695837828895e-06
7.419709854927464221e+01 1.068206843803909591e-06
7.423711855927963654e+01 1.066707193224381181e-06
7.427713856928464509e+01 1.065210734891137063e-06
7.431715857928963942e+01 1.063717459629655698e-06
7.435717858929464796e+01 1.062227358298848366e-06
7.439719859929964230e+01 1.060740421790914314e-06
7.443721860930465084e+01 1.059256641031190838e-06
7.447723861930965938e+01 1.057776006978004203e-06
7.451725862931465372e+01 1.056298510622529032e-06
7.455727863931966226e+01 1.054824142988635636e-06
7.459729864932465659e+01 1.053352895132752362e-06
7.463731865932966514e+01 1.051884758143715678e-06
7.467733866933465947e+01 1.050419723142632308e-06
7.471735867933966802e+01 1.048957781282731433e-06
7.475737868934467656e+01 1.047498923749228528e-06
7.479739869934967089e+01 1.046043141759180093e-06
7.483741870935467944e+01 1.044590426561343685e-06
7.487743871935967377e+01 1.043140769436043448e-06
7.491745872936468231e+01 1.041694161695024003e-06
7.495747873936967665e+01 1.040250594681318308e-06
7.499749874937468519e+01 1.038810059769106629e-06
7.503751875937969373e+01 1.037372548363582708e-06
7.507753876938468807e+01 1.035938051900817178e-06
7.511755877938969661e+01 1.034506561847618442e-06
7.515757878939469094e+01 1.033078069701406034e-06
7.519759879939969949e+01 1.031652566990069383e-06
7.523761880940469382e+01 1.030230045271839699e-06
7.527763881940970236e+01 1.028810496135153594e-06
7.531765882941471091e+01 1.027393911198524766e-06
7.535767883941970524e+01 1.025980282110412277e-06
7.539769884942471379e+01 1.024569600549088208e-06
7.543771885942970812e+01 1.023161858222510183e-06
7.547773886943471666e+01 1.021757046868190709e-06
7.551775887943971100e+01 1.020355158253071393e-06
7.555777888944471954e+01 1.018956184173390173e-06
7.559779889944972808e+01 1.017560116454562095e-06
7.563781890945472242e+01 1.016166946951045694e-06
7.567783891945973096e+01 1.014776667546220596e-06
7.571785892946472529e+01 1.013389270152261951e-06
7.575787893946973384e+01 1.012004746710015912e-06
7.579789894947472817e+01 1.010623089188876821e-06
7.583791895947973671e+01 1.009244289586662269e-06
7.587793896948474526e+01 1.007868339929490276e-06
7.591795897948973959e+01 1.006495232271661977e-06
7.595797898949474813e+01 1.005124958695533510e-06
7.599799899949974247e+01 1.003757511311400817e-06
7.603801900950475101e+01 1.002392882257376404e-06
7.607803901950975956e+01 1.001031063699271175e-06
7.611805902951475389e+01 9.996720478304771240e-07
7.615807903951976243e+01 9.983158268718451444e-07
7.619809904952475677e+01 9.969623930715708961e-07
7.623811905952976531e+01 9.956117387050757948e-07
7.627813906953475964e+01 9.942638560748935107e-07
7.631815907953976819e+01 9.929187375105490536e-07
7.635817908954477673e+01 9.915763753684482362e-07
7.639819909954977106e+01 9.902367620317622650e-07
7.643821910955477961e+01 9.888998899103095794e-07
7.647823911955977394e+01 9.875657514404484906e-07
7.651825912956478248e+01 9.862343390849585967e-07
7.655827913956977682e+01 9.849056453329327860e-07
7.659829914957478536e+01 9.835796626996628878e-07
7.663831915957979390e+01 9.822563837265289224e-07
7.667833916958478824e+01 9.809358009808891990e-07
7.671835917958979678e+01 9.796179070559689306e-07
7.675837918959479111e+01 9.783026945707520258e-07
7.679839919959979966e+01 9.769901561698703389e-07
7.683841920960479399e+01 9.756802845234973677e-07
7.687843921960980254e+01 9.743730723272385621e-07
7.691845922961481108e+01 9.730685123020243869e-07
7.695847923961980541e+01 9.717665971940055011e-07
7.699849924962481396e+01 9.704673197744407378e-07
7.703851925962980829e+01 9.691706728395996952e-07
7.707853926963481683e+01 9.678766492106485997e-07
7.711855927963981117e+01 9.665852417335533195e-07
7.715857928964481971e+01 9.652964432789698867e-07
7.719859929964982825e+01 9.640102467421428524e-07
7.723861930965482259e+01 9.627266450428027964e-07
7.727863931965983113e+01 9.614456311250608713e-07
7.731865932966482546e+01 9.601671979573113936e-07
7.735867933966983401e+01 9.588913385321242709e-07
7.739869934967482834e+01 9.576180458661488632e-07
7.743871935967983688e+01 9.563473130000097982e-07
7.747873936968484543e+01 9.550791329982106211e-07
7.751875937968983976e+01 9.538134989490304569e-07
7.755877938969484831e+01 9.525504039644257539e-07
7.759879939969984264e+01 9.512898411799337226e-07
7.763881940970485118e+01 9.500318037545706917e-07
7.767883941970985973e+01 9.487762848707384047e-07
7.771885942971485406e+01 9.475232777341237525e-07
7.775887943971986260e+01 9.462727755736025296e-07
7.779889944972485694e+01 9.450247716411439307e-07
7.783891945972986548e+01 9.437792592117147304e-07
7.787893946973485981e+01 9.425362315831837800e-07
7.791895947973986836e+01 9.412956820762262931e-07
7.795897948974487690e+01 9.400576040342310951e-07
7.799899949974987123e+01 9.388219908232060735e-07
7.803901950975487978e+01 9.375888358316828864e-07
7.807903951975987411e+01 9.363581324706272832e-07
7.811905952976488265e+01 9.351298741733433896e-07
7.815907953976987699e+01 9.339040543953843456e-07
7.819909954977488553e+01 9.326806666144581793e-07
7.823911955977989408e+01 9.314597043303385505e-07
7.827913956978488841e+01 9.302411610647732712e-07
7.831915957978989695e+01 9.290250303613928261e-07
7.835917958979489129e+01 9.278113057856230225e-07
7.839919959979989983e+01 9.265999809245928748e-07
7.843921960980489416e+01 9.253910493870478905e-07
7.847923961980990271e+01 9.241845048032590133e-07
7.851925962981491125e+01 9.229803408249372850e-07
7.855927963981990558e+01 9.217785511251443773e-07
7.859929964982491413e+01 9.205791293982048186e-07
7.863931965982990846e+01 9.193820693596216076e-07
7.867933966983491700e+01 9.181873647459861107e-07
7.871935967983991134e+01 9.169950093148954760e-07
7.875937968984491988e+01 9.158049968448650716e-07
7.879939969984992842e+01 9.146173211352436760e-07
7.883941970985492276e+01 9.134319760061289868e-07
7.887943971985993130e+01 9.122489552982824941e-07
7.891945972986492563e+01 9.110682528730477413e-07
7.895947973986993418e+01 9.098898626122623399e-07
7.899949974987492851e+01 9.087137784181791954e-07
7.903951975987993706e+01 9.075399942133823335e-07
7.907953976988494560e+01 9.063685039407028319e-07
7.911955977988993993e+01 9.051993015631393049e-07
7.915957978989494848e+01 9.040323810637744711e-07
7.919959979989994281e+01 9.028677364456961675e-07
7.923961980990495135e+01 9.017053617319128575e-07
7.927963981990994569e+01 9.005452509652768692e-07
7.931965982991495423e+01 8.993873982084025502e-07
7.935967983991996277e+01 8.982317975435869648e-07
7.939969984992495711e+01 8.970784430727312251e-07
7.943971985992996565e+01 8.959273289172590707e-07
7.947973986993495998e+01 8.947784492180425408e-07
7.951975987993996853e+01 8.936317981353194951e-07
7.955977988994497707e+01 8.924873698486198155e-07
7.959979989994997140e+01 8.913451585566843029e-07
7.963981990995497995e+01 8.902051584773900326e-07
7.967983991995997428e+01 8.890673638476735915e-07
7.971985992996498283e+01 8.879317689234527281e-07
7.975987993996997716e+01 8.867983679795535072e-07
7.979989994997498570e+01 8.856671553096311125e-07
7.983991995997999425e+01 8.845381252260981665e-07
7.987993996998498858e+01 8.834112720600478621e-07
7.991995997998999712e+01 8.822865901611788947e-07
7.995997998999499146e+01 8.811640738977234636e-07
8.000000000000000000e+01 8.800437176563709341e-07
