0.000000000000000000e+00 6.820608359284437464e-05
4.002001000500250011e-02 6.849066698001035560e-05
8.004002001000500022e-02 6.877719529788402079e-05
1.200600300150075073e-01 6.906568773972637798e-05
1.600800400200100004e-01 6.935616375134784047e-05
2.001000500250124936e-01 6.964864303529370827e-05
2.401200600300150145e-01 6.994314555511315994e-05
2.801400700350175077e-01 7.023969153971328658e-05
3.201600800400200009e-01 7.053830148780259950e-05
3.601800900450224940e-01 7.083899617242218221e-05
4.002001000500249872e-01 7.114179664557077488e-05
4.402201100550274804e-01 7.144672424292281563e-05
4.802401200600300291e-01 7.175380058864278606e-05
5.202601300650324667e-01 7.206304760029928985e-05
5.602801400700350154e-01 7.237448749387920320e-05
6.003001500750374531e-01 7.268814278890536656e-05
6.403201600800400017e-01 7.300403631366119230e-05
6.803401700850425504e-01 7.332219121052240506e-05
7.203601800900449881e-01 7.364263094140139005e-05
7.603801900950475368e-01 7.396537929330444750e-05
8.004002001000499744e-01 7.429046038400623578e-05
8.404202101050525231e-01 7.461789866784376130e-05
8.804402201100549608e-01 7.494771894163269367e-05
9.204602301150575094e-01 7.527994635070943462e-05
9.604802401200600581e-01 7.561460639510180046e-05
1.000500250125062607e+00 7.595172493583157063e-05
1.040520260130064933e+00 7.629132820135238534e-05
1.080540270135067482e+00 7.663344279412585185e-05
1.120560280140070031e+00 7.697809569734011498e-05
1.160580290145072579e+00 7.732531428177406298e-05
1.200600300150074906e+00 7.767512631281069265e-05
1.240620310155077455e+00 7.802755995760357719e-05
1.280640320160080003e+00 7.838264379240093653e-05
1.320660330165082552e+00 7.874040681003012889e-05
1.360680340170085101e+00 7.910087842754797100e-05
1.400700350175087427e+00 7.946408849406043785e-05
1.440720360180089976e+00 7.983006729871594325e-05
1.480740370185092525e+00 8.019884557887752724e-05
1.520760380190095074e+00 8.057045452847812455e-05
1.560780390195097400e+00 8.094492580656341375e-05
1.600800400200099949e+00 8.132229154602788458e-05
1.640820410205102498e+00 8.170258436254840642e-05
1.680840420210105046e+00 8.208583736372200611e-05
1.720860430215107595e+00 8.247208415841078273e-05
1.760880440220109922e+00 8.286135886630232098e-05
1.800900450225112470e+00 8.325369612768935743e-05
1.840920460230115019e+00 8.364913111347529963e-05
1.880940470235117568e+00 8.404769953541218455e-05
1.920960480240120116e+00 8.444943765657600963e-05
1.960980490245122443e+00 8.485438230208796077e-05
2.001000500250125214e+00 8.526257087008568458e-05
2.041020510255127540e+00 8.567404134295410493e-05
2.081040520260129867e+00 8.608883229882070365e-05
2.121060530265132638e+00 8.650698292332426400e-05
2.161080540270134964e+00 8.692853302166346041e-05
2.201100550275137291e+00 8.735352303093350704e-05
2.241120560280140062e+00 8.778199403275964744e-05
2.281140570285142388e+00 8.821398776623428858e-05
2.321160580290145159e+00 8.864954664116767252e-05
2.361180590295147486e+00 8.908871375166043424e-05
2.401200600300149812e+00 8.953153289000716632e-05
2.441220610305152583e+00 8.997804856094050448e-05
2.481240620310154910e+00 9.042830599622545104e-05
2.521260630315157680e+00 9.088235116961388392e-05
2.561280640320160007e+00 9.134023081217021510e-05
2.601300650325162334e+00 9.180199242797806489e-05
2.641320660330165104e+00 9.226768431023953934e-05
2.681340670335167431e+00 9.273735555777903698e-05
2.721360680340170202e+00 9.321105609196206115e-05
2.761380690345172528e+00 9.368883667404284774e-05
2.801400700350174855e+00 9.417074892295269407e-05
2.841420710355177626e+00 9.465684533354176884e-05
2.881440720360179952e+00 9.514717929528870117e-05
2.921460730365182723e+00 9.564180511149117587e-05
2.961480740370185050e+00 9.614077801895305265e-05
3.001500750375187376e+00 9.664415420818150764e-05
3.041520760380190147e+00 9.715199084411079897e-05
3.081540770385192474e+00 9.766434608736875684e-05
3.121560780390194800e+00 9.818127911610155642e-05
3.161580790395197571e+00 9.870285014837478486e-05
3.201600800400199898e+00 9.922912046516863753e-05
3.241620810405202668e+00 9.976015243398497019e-05
3.281640820410204995e+00 1.002960095330853975e-04
3.321660830415207322e+00 1.008367563763810107e-04
3.361680840420210092e+00 1.013824587389930399e-04
3.401700850425212419e+00 1.019331835835059154e-04
3.441720860430215190e+00 1.024889990869350348e-04
3.481740870435217516e+00 1.030499746684315982e-04
3.521760880440219843e+00 1.036161810177480512e-04
3.561780890445222614e+00 1.041876901244886673e-04
3.601800900450224940e+00 1.047645753081700830e-04
3.641820910455227711e+00 1.053469112491191756e-04
3.681840920460230038e+00 1.059347740202334518e-04
3.721860930465232364e+00 1.065282411196346555e-04
3.761880940470235135e+00 1.071273915042423073e-04
3.801900950475237462e+00 1.077323056242995950e-04
3.841920960480240232e+00 1.083430654588815768e-04
3.881940970485242559e+00 1.089597545524193103e-04
3.921960980490244886e+00 1.095824580522732983e-04
3.961980990495247656e+00 1.102112627473919918e-04
4.002001000500250427e+00 1.108462571080907335e-04
4.042021010505252754e+00 1.114875313269907988e-04
4.082041020510255080e+00 1.121351773611563703e-04
4.122061030515257407e+00 1.127892889754713126e-04
4.162081040520259734e+00 1.134499617872981506e-04
4.202101050525262949e+00 1.141172933124629191e-04
4.242121060530265275e+00 1.147913830126130188e-04
4.282141070535267602e+00 1.154723323439941167e-04
4.322161080540269928e+00 1.161602448076979162e-04
4.362181090545272255e+00 1.168552260014300728e-04
4.402201100550274582e+00 1.175573836728543645e-04
4.442221110555277797e+00 1.182668277745671623e-04
4.482241120560280123e+00 1.189836705207613602e-04
4.522261130565282450e+00 1.197080264456398672e-04
4.562281140570284776e+00 1.204400124636423607e-04
4.602301150575287103e+00 1.211797479315495117e-04
4.642321160580290318e+00 1.219273547125349929e-04
4.682341170585292645e+00 1.226829572422344957e-04
4.722361180590294971e+00 1.234466825969070410e-04
4.762381190595297298e+00 1.242186605637657100e-04
4.802401200600299624e+00 1.249990237135582848e-04
4.842421210605302839e+00 1.257879074754805640e-04
4.882441220610305166e+00 1.265854502145123673e-04
4.922461230615307493e+00 1.273917933112648517e-04
4.962481240620309819e+00 1.282070812444356320e-04
5.002501250625312146e+00 1.290314616759713159e-04
5.042521260630315361e+00 1.298650855390401024e-04
5.082541270635317687e+00 1.307081071289228349e-04
5.122561280640320014e+00 1.315606841969359177e-04
5.162581290645322341e+00 1.324229780475037581e-04
5.202601300650324667e+00 1.332951536385033582e-04
5.242621310655327882e+00 1.341773796850103469e-04
5.282641320660330209e+00 1.350698287665804320e-04
5.322661330665332535e+00 1.359726774382064073e-04
5.362681340670334862e+00 1.368861063450987870e-04
5.402701350675337189e+00 1.378103003414420753e-04
5.442721360680340403e+00 1.387454486132883231e-04
5.482741370685342730e+00 1.396917448057548869e-04
5.522761380690345057e+00 1.406493871547039812e-04
5.562781390695347383e+00 1.416185786230850046e-04
5.602801400700349710e+00 1.425995270421363142e-04
5.642821410705352925e+00 1.435924452576432049e-04
5.682841420710355251e+00 1.445975512814681187e-04
5.722861430715357578e+00 1.456150684485710918e-04
5.762881440720359905e+00 1.466452255797533254e-04
5.802901450725362231e+00 1.476882571503677715e-04
5.842921460730365446e+00 1.487444034652506543e-04
5.882941470735367773e+00 1.498139108401407482e-04
5.922961480740370099e+00 1.508970317898698516e-04
5.962981490745372426e+00 1.519940252236139642e-04
6.003001500750374753e+00 1.531051566475189092e-04
6.043021510755377079e+00 1.542306983750210269e-04
6.083041520760380294e+00 1.553709297452067657e-04
6.123061530765382621e+00 1.565261373495656794e-04
6.163081540770384947e+00 1.576966152675164353e-04
6.203101550775387274e+00 1.588826653110983695e-04
6.243121560780389601e+00 1.600845972792456281e-04
6.283141570785392815e+00 1.613027292220813686e-04
6.323161580790395142e+00 1.625373877156911827e-04
6.363181590795397469e+00 1.637889081478601601e-04
6.403201600800399795e+00 1.650576350152842004e-04
6.443221610805402122e+00 1.663439222327909239e-04
6.483241620810405337e+00 1.676481334551368932e-04
6.523261630815407663e+00 1.689706424119763201e-04
6.563281640820409990e+00 1.703118332566299037e-04
6.603301650825412317e+00 1.716721009293167084e-04
6.643321660830414643e+00 1.730518515355454121e-04
6.683341670835417858e+00 1.744515027404060822e-04
6.723361680840420185e+00 1.758714841795379856e-04
6.763381690845422511e+00 1.773122378875957431e-04
6.803401700850424838e+00 1.787742187450830887e-04
6.843421710855427165e+00 1.802578949444704382e-04
6.883441720860430380e+00 1.817637484765669811e-04
6.923461730865432706e+00 1.832922756381718393e-04
6.963481740870435033e+00 1.848439875620905813e-04
7.003501750875437359e+00 1.864194107706630948e-04
7.043521760880439686e+00 1.880190877540205928e-04
7.083541770885442901e+00 1.896435775743578883e-04
7.123561780890445227e+00 1.912934564975837522e-04
7.163581790895447554e+00 1.929693186537981742e-04
7.203601800900449881e+00 1.946717767281261465e-04
7.243621810905452207e+00 1.964014626835354656e-04
7.283641820910455422e+00 1.981590285173656857e-04
7.323661830915457749e+00 1.999451470533981424e-04
7.363681840920460075e+00 2.017605127714141894e-04
7.403701850925462402e+00 2.036058426763112303e-04
7.443721860930464729e+00 2.054818772089714025e-04
7.483741870935467944e+00 2.073893812012257665e-04
7.523761880940470270e+00 2.093291448773980433e-04
7.563781890945472597e+00 2.113019849050791531e-04
7.603801900950474923e+00 2.133087454979525933e-04
7.643821910955477250e+00 2.153502995736761175e-04
7.683841920960480465e+00 2.174275499700257554e-04
7.723861930965482792e+00 2.195414307227183063e-04
7.763881940970485118e+00 2.216929084085611870e-04
7.803901950975487445e+00 2.238829835578231946e-04
7.843921960980489771e+00 2.261126921399859698e-04
7.883941970985492098e+00 2.283831071273230971e-04
7.923961980990495313e+00 2.306953401410611227e-04
7.963981990995497640e+00 2.330505431852077775e-04
8.004002001000500854e+00 2.354499104734970123e-04
8.044022011005502293e+00 2.378946803552781065e-04
8.084042021010505508e+00 2.403861373466073526e-04
8.124062031015506946e+00 2.429256142732397054e-04
8.164082041020510161e+00 2.455144945327174645e-04
8.204102051025513376e+00 2.481542144832768384e-04
8.244122061030514814e+00 2.508462659678687584e-04
8.284142071035518029e+00 2.535921989822141902e-04
8.324162081040519467e+00 2.563936244964807828e-04
8.364182091045522682e+00 2.592522174409132201e-04
8.404202101050525897e+00 2.621697198665284508e-04
8.444222111055527336e+00 2.651479442928666931e-04
8.484242121060530550e+00 2.681887772557172409e-04
8.524262131065531989e+00 2.712941830687693942e-04
8.564282141070535204e+00 2.744662078142512786e-04
8.604302151075536642e+00 2.777069835788343330e-04
8.644322161080539857e+00 2.810187329524113414e-04
8.684342171085543072e+00 2.844037738088025374e-04
8.724362181090544510e+00 2.878645243890291957e-04
8.764382191095547725e+00 2.914035087095321014e-04
8.804402201100549163e+00 2.950233623196001553e-04
8.844422211105552378e+00 2.987268384343663946e-04
8.884442221110555593e+00 3.025168144720036365e-04
8.924462231115557032e+00 3.063962990262571640e-04
8.964482241120560246e+00 3.103684393082129021e-04
9.004502251125561685e+00 3.144365290942188187e-04
9.044522261130564900e+00 3.186040172202224277e-04
9.084542271135568114e+00 3.228745166664589777e-04
9.124562281140569553e+00 3.272518142804858410e-04
9.164582291145572768e+00 3.317398811910412539e-04
9.204602301150574206e+00 3.363428839701563503e-04
9.244622311155577421e+00 3.410651966064482863e-04
9.284642321160580636e+00 3.459114133585872294e-04
9.324662331165582074e+00 3.508863625646951325e-04
9.364682341170585289e+00 3.559951214909116870e-04
9.404702351175586728e+00 3.612430323107117475e-04
9.444722361180589942e+00 3.666357193158365792e-04
9.484742371185593157e+00 3.721791074700421856e-04
9.524762381190594596e+00 3.778794424284397145e-04
9.564782391195597810e+00 3.837433121581006125e-04
9.604802401200599249e+00 3.897776703100635913e-04
9.644822411205602464e+00 3.959898615090903773e-04
9.684842421210605679e+00 4.023876487456979310e-04
9.724862431215607117e+00 4.089792430754547996e-04
9.764882441220610332e+00 4.157733358535455818e-04
9.804902451225611770e+00 4.227791337585669654e-04
9.844922461230614985e+00 4.300063968888408325e-04
9.884942471235618200e+00 4.374654802476885679e-04
9.924962481240619638e+00 4.451673789716835720e-04
9.964982491245622853e+00 4.531237776985543096e-04
1.000500250125062429e+01 4.613471045198784017e-04
1.004502251125562751e+01 4.698505900189575289e-04
1.008504252126063072e+01 4.786483319572587482e-04
1.012506253126563216e+01 4.877553662448768550e-04
1.016508254127063537e+01 4.971877449129886691e-04
1.020510255127563681e+01 5.069626219010123658e-04
1.024512256128064003e+01 5.170983475801541268e-04
1.028514257128564324e+01 5.276145730606118019e-04
1.032516258129064468e+01 5.385323654748178221e-04
1.036518259129564790e+01 5.498743355970969878e-04
1.040520260130064933e+01 5.616647793550832036e-04
1.044522261130565255e+01 5.739298350150974721e-04
1.048524262131065576e+01 5.866976580881999928e-04
1.052526263131565720e+01 5.999986163130126933e-04
1.056528264132066042e+01 6.138655074340571265e-04
1.060530265132566186e+01 6.283338029207532300e-04
1.064532266133066507e+01 6.434419212749667091e-04
1.068534267133566829e+01 6.592315351694423217e-04
1.072536268134066972e+01 6.757479173646303112e-04
1.076538269134567294e+01 6.930403311904654792e-04
1.080540270135067438e+01 7.111624723813456204e-04
1.084542271135567759e+01 7.301729702525260697e-04
1.088544272136068081e+01 7.501359576486474204e-04
1.092546273136568225e+01 7.711217208357381506e-04
1.096548274137068546e+01 7.932074426162533110e-04
1.100550275137568690e+01 8.164780545104538068e-04
1.104552276138069011e+01 8.410272169781507750e-04
1.108554277138569333e+01 8.669584504941921102e-04
1.112556278139069477e+01 8.943864450210933792e-04
1.116558279139569798e+01 9.234385812765822646e-04
1.120560280140069942e+01 9.542567044756231336e-04
1.124562281140570263e+01 9.869992003303117069e-04
1.128564282141070585e+01 1.021843434533607374e-03
1.132566283141570729e+01 1.058988631416251606e-03
1.136568284142071050e+01 1.098659285855117882e-03
1.140570285142571194e+01 1.141109226035456805e-03
1.144572286143071516e+01 1.186626474957961069e-03
1.148574287143571837e+01 1.235539097843810219e-03
1.152576288144071981e+01 1.288222273849187142e-03
1.156578289144572302e+01 1.345106897921919103e-03
1.160580290145072446e+01 1.406690108013254094e-03
1.164582291145572768e+01 1.473548252333374336e-03
1.168584292146073089e+01 1.546352972439236093e-03
1.172586293146573233e+01 1.625891297170032040e-03
1.176588294147073555e+01 1.713090943663858005e-03
1.180590295147573698e+01 1.809052439790339141e-03
1.184592296148074020e+01 1.915090268906268932e-03
1.188594297148574341e+01 2.032786070055826559e-03
1.192596298149074485e+01 2.164058121431204889e-03
1.196598299149574807e+01 2.311253071152324576e-03
1.200600300150074951e+01 2.477268435065066356e-03
1.204602301150575272e+01 2.665718192650380972e-03
1.208604302151075416e+01 2.881159572388374002e-03
1.212606303151575737e+01 3.129407938828447124e-03
1.216608304152076059e+01 3.417980370836814965e-03
1.220610305152576203e+01 3.756729957900968066e-03
1.224612306153076524e+01 4.158766690796963407e-03
1.228614307153576668e+01 4.641814303903453801e-03
1.232616308154076989e+01 5.230235828084445378e-03
1.236618309154577311e+01 5.958085172604921792e-03
1.240620310155077455e+01 6.873706433169607215e-03
1.244622311155577776e+01 8.046536993641386151e-03
1.248624312156077920e+01 9.576534231093787597e-03
1.252626313156578242e+01 1.160475460503235072e-02
1.256628314157078563e+01 1.431586691595802992e-02
1.260630315157578707e+01 1.789861350176745816e-02
1.264632316158079028e+01 2.237379722161571965e-02
1.268634317158579172e+01 2.717519158598368997e-02
1.272636318159079494e+01 3.077573226604833276e-02
1.276638319159579815e+01 3.158541340058613339e-02
1.280640320160079959e+01 2.990645456534650123e-02
1.284642321160580281e+01 2.765592662947204128e-02
1.288644322161080424e+01 2.641672292113987977e-02
1.292646323161580746e+01 2.689218509260520376e-02
1.296648324162081067e+01 2.935531034395333014e-02
1.300650325162581211e+01 3.391495257299480259e-02
1.304652326163081533e+01 4.025248848851359362e-02
1.308654327163581677e+01 4.679656713996149797e-02
1.312656328164081998e+01 5.030303951752504443e-02
1.316658329164582319e+01 4.817710216677653645e-02
1.320660330165082463e+01 4.164682147497000136e-02
1.324662331165582785e+01 3.407147936153095275e-02
1.328664332166082929e+01 2.759984917953865052e-02
1.332666333166583250e+01 2.276425409592916158e-02
1.336668334167083572e+01 1.938078392927693183e-02
1.340670335167583715e+01 1.712824889159981351e-02
1.344672336168084037e+01 1.574088052275099750e-02
1.348674337168584181e+01 1.504117365344707219e-02
1.352676338169084502e+01 1.493056803883881581e-02
1.356678339169584824e+01 1.537700522552988038e-02
1.360680340170084968e+01 1.640953675692439703e-02
1.364682341170585289e+01 1.812234400322264641e-02
1.368684342171085433e+01 2.068924142570223099e-02
1.372686343171585754e+01 2.438910621591725350e-02
1.376688344172086076e+01 2.963744443453340469e-02
1.380690345172586220e+01 3.699632180651715729e-02
1.384692346173086541e+01 4.705904571426321181e-02
1.388694347173586685e+01 5.992400225245138323e-02
1.392696348174087007e+01 7.384193971276856172e-02
1.396698349174587328e+01 8.376151207434803792e-02
1.400700350175087472e+01 8.374623162207456284e-02
1.404702351175587793e+01 7.371713909422168698e-02
1.408704352176087937e+01 5.955543110287828124e-02
1.412706353176588259e+01 4.636626781719492552e-02
1.416708354177088580e+01 3.594485098664677164e-02
1.420710355177588724e+01 2.820320563701888758e-02
1.424712356178089045e+01 2.253898455836873468e-02
1.428714357178589189e+01 1.837296222034463800e-02
1.432716358179089511e+01 1.526740882420181238e-02
1.436718359179589832e+01 1.291518994598938284e-02
1.440720360180089976e+01 1.110522969014107048e-02
1.444722361180590298e+01 9.692370884390984556e-03
1.448724362181090441e+01 8.575826747352575594e-03
1.452726363181590763e+01 7.684718142822464897e-03
1.456728364182091084e+01 6.968550772671530495e-03
1.460730365182591228e+01 6.390954448015313122e-03
1.464732366183091550e+01 5.925545215194760393e-03
1.468734367183591694e+01 5.553174478293166488e-03
1.472736368184092015e+01 5.260098888356414849e-03
1.476738369184592337e+01 5.036778869512691451e-03
1.480740370185092480e+01 4.877126403694453591e-03
1.484742371185592802e+01 4.778098404585639884e-03
1.488744372186092946e+01 4.739587218613258539e-03
1.492746373186593267e+01 4.764606369410044444e-03
1.496748374187093589e+01 4.859817484880418585e-03
1.500750375187593733e+01 5.036503453087607697e-03
1.504752376188094054e+01 5.312175001037927266e-03
1.508754377188594198e+01 5.713116050333116001e-03
1.512756378189094519e+01 6.278332791435817239e-03
1.516758379189594841e+01 7.065530592196358345e-03
1.520760380190094985e+01 8.159664549445043782e-03
1.524762381190595306e+01 9.683357736089035286e-03
1.528764382191095450e+01 1.180287655683100873e-02
1.532766383191595772e+01 1.470429457407470934e-02
1.536768384192096093e+01 1.846542861041629985e-02
1.540770385192596237e+01 2.269427295389548835e-02
1.544772386193096558e+01 2.603875703236776737e-02
1.548774387193596702e+01 2.661801412401936656e-02
1.552776388194097024e+01 2.400888260086787504e-02
1.556778389194597167e+01 1.981591846836191356e-02
1.560780390195097489e+01 1.572788577934474546e-02
1.564782391195597810e+01 1.243831876291884471e-02
1.568784392196097954e+01 9.980680280114312408e-03
1.572786393196598276e+01 8.182973783515672117e-03
1.576788394197098420e+01 6.865041242688733371e-03
1.580790395197598741e+01 5.887559517690293086e-03
1.584792396198099063e+01 5.152089922410823392e-03
1.588794397198599206e+01 4.590932897474552833e-03
1.592796398199099528e+01 4.157636441002071810e-03
1.596798399199599672e+01 3.820078471349256256e-03
1.600800400200100171e+01 3.555796155483987621e-03
1.604802401200600315e+01 3.348908675671513364e-03
1.608804402201100459e+01 3.188098636316643360e-03
1.612806403201600602e+01 3.065283870912326007e-03
1.616808404202101102e+01 2.974740794637440941e-03
1.620810405202601245e+01 2.912528040043084465e-03
1.624812406203101389e+01 2.876115969745853332e-03
1.628814407203601888e+01 2.864164581491940743e-03
1.632816408204102032e+01 2.876417166580639943e-03
1.636818409204602176e+01 2.913695236449903928e-03
1.640820410205102675e+01 2.977995551344840650e-03
1.644822411205602819e+01 3.072705758190002329e-03
1.648824412206102963e+01 3.202974435039755881e-03
1.652826413206603107e+01 3.376298272929632253e-03
1.656828414207103606e+01 3.603429047306382776e-03
1.660830415207603750e+01 3.899762323727404452e-03
1.664832416208103893e+01 4.287451881140329386e-03
1.668834417208604393e+01 4.798580596857474241e-03
1.672836418209104536e+01 5.479702383452663209e-03
1.676838419209604680e+01 6.397527367882461548e-03
1.680840420210105179e+01 7.643075756660724571e-03
1.684842421210605323e+01 9.323814504716868706e-03
1.688844422211105467e+01 1.151670833956536764e-02
1.692846423211605611e+01 1.415027112218376557e-02
1.696848424212106110e+01 1.686470058314867501e-02
1.700850425212606254e+01 1.898004238511804068e-02
1.704852426213106398e+01 1.960023325225417404e-02
1.708854427213606897e+01 1.823182843216929541e-02
1.712856428214107041e+01 1.553582546998964753e-02
1.716858429214607185e+01 1.265998200504283612e-02
1.720860430215107328e+01 1.025423734470790570e-02
1.724862431215607828e+01 8.440054790524263023e-03
1.728864432216107971e+01 7.123671666124672605e-03
1.732866433216608115e+01 6.177826155933094539e-03
1.736868434217108614e+01 5.497840383905946461e-03
1.740870435217608758e+01 5.008301060623681147e-03
1.744872436218108902e+01 4.657167782124315217e-03
1.748874437218609401e+01 4.408906851769371811e-03
1.752876438219109545e+01 4.239213852915626503e-03
1.756878439219609689e+01 4.131387151110902690e-03
1.760880440220109833e+01 4.073928028887428138e-03
1.764882441220610332e+01 4.058969726097051353e-03
1.768884442221110476e+01 4.081250465383860597e-03
1.772886443221610620e+01 4.137442853631588882e-03
1.776888444222111119e+01 4.225720034076830417e-03
1.780890445222611262e+01 4.345483432086556450e-03
1.784892446223111406e+01 4.497205568882912778e-03
1.788894447223611905e+01 4.682360088159053836e-03
1.792896448224112049e+01 4.903423811008825704e-03
1.796898449224612193e+01 5.163944904316692883e-03
1.800900450225112337e+01 5.468678882638807782e-03
1.804902451225612836e+01 5.823801490241194839e-03
1.808904452226112980e+01 6.237215710531310818e-03
1.812906453226613124e+01 6.718980515799467639e-03
1.816908454227113623e+01 7.281903173108194606e-03
1.820910455227613767e+01 7.942357374400282194e-03
1.824912456228113911e+01 8.721419850800420787e-03
1.828914457228614410e+01 9.646464288551207661e-03
1.832916458229114554e+01 1.075342264125535470e-02
1.836918459229614697e+01 1.209003546188795221e-02
1.840920460230114841e+01 1.372058906902184731e-02
1.844922461230615340e+01 1.573291682736258426e-02
1.848924462231115484e+01 1.824888233108469537e-02
1.852926463231615628e+01 2.144023777191873814e-02
1.856928464232116127e+01 2.555270824190000734e-02
1.860930465232616271e+01 3.094221214875318704e-02
1.864932466233116415e+01 3.812712454053020228e-02
1.868934467233616914e+01 4.785465894888832339e-02
1.872936468234117058e+01 6.115120590468460515e-02
1.876938469234617202e+01 7.922645996166918780e-02
1.880940470235117346e+01 1.028267896721162256e-01
1.884942471235617845e+01 1.302287594119401204e-01
1.888944472236117988e+01 1.539597797042749627e-01
1.892946473236618132e+01 1.617813539579696369e-01
1.896948474237118631e+01 1.484155892436536672e-01
1.900950475237618775e+01 1.225519568537594417e-01
1.904952476238118919e+01 9.583661620992510455e-02
1.908954477238619418e+01 7.385105939105174322e-02
1.912956478239119562e+01 5.731151529941699158e-02
1.916958479239619706e+01 4.521488695752669262e-02
1.920960480240119850e+01 3.637429146873778774e-02
1.924962481240620349e+01 2.984395829898169386e-02
1.928964482241120493e+01 2.494929808571441296e-02
1.932966483241620637e+01 2.122540856603957402e-02
1.936968484242121136e+01 1.835362315388221893e-02
1.940970485242621280e+01 1.611410280986601620e-02
1.944972486243121423e+01 1.435357180304051156e-02
1.948974487243621923e+01 1.296402984738323841e-02
1.952976488244122066e+01 1.186881648329630827e-02
1.956978489244622210e+01 1.101348993111647516e-02
1.960980490245122354e+01 1.035986982608851949e-02
1.964982491245622853e+01 9.882206506208229130e-03
1.968984492246122997e+01 9.564845436418173072e-03
1.972986493246623141e+01 9.401028574731138190e-03
1.976988494247123640e+01 9.392673088098345280e-03
1.980990495247623784e+01 9.551135522269358497e-03
1.984992496248123928e+01 9.899142679389499183e-03
1.988994497248624427e+01 1.047428359570035800e-02
1.992996498249124571e+01 1.133474127343502350e-02
1.996998499249624714e+01 1.256829872283044165e-02
2.001000500250124858e+01 1.430593249266403494e-02
2.005002501250625357e+01 1.674077717286118205e-02
2.009004502251125501e+01 2.014915424140862471e-02
2.013006503251625645e+01 2.489372049105571111e-02
2.017008504252126144e+01 3.133579289574375815e-02
2.021010505252626288e+01 3.946376450788791068e-02
2.025012506253126432e+01 4.799606869904087664e-02
2.029014507253626931e+01 5.359210157617212700e-02
2.033016508254127075e+01 5.277456796860215127e-02
2.037018509254627219e+01 4.603969730510128200e-02
2.041020510255127363e+01 3.718455141682656950e-02
2.045022511255627862e+01 2.915003429754496264e-02
2.049024512256128006e+01 2.286178000923327208e-02
2.053026513256628149e+01 1.819847173576576160e-02
2.057028514257128649e+01 1.477892178492856354e-02
2.061030515257628792e+01 1.225264770302956531e-02
2.065032516258128936e+01 1.035813633978469213e-02
2.069034517258629080e+01 8.912552637504038075e-03
2.073036518259129579e+01 7.790214295198496890e-03
2.077038519259629723e+01 6.904484660472067457e-03
2.081040520260129867e+01 6.194962731997951007e-03
2.085042521260630366e+01 5.618909071402338959e-03
2.089044522261130510e+01 5.145594854077161287e-03
2.093046523261630654e+01 4.752572058637763962e-03
2.097048524262131153e+01 4.423188903110720528e-03
2.101050525262631297e+01 4.144913530683041851e-03
2.105052526263131440e+01 3.908186810440650479e-03
2.109054527263631584e+01 3.705625694466859604e-03
2.113056528264132083e+01 3.531461986143178029e-03
2.117058529264632227e+01 3.381141423236123066e-03
2.121060530265132371e+01 3.251033467272099881e-03
2.125062531265632870e+01 3.138218587015850335e-03
2.129064532266133014e+01 3.040330501325174024e-03
2.133066533266633158e+01 2.955437889721730747e-03
2.137068534267133657e+01 2.881954785245501374e-03
2.141070535267633801e+01 2.818572049248734956e-03
2.145072536268133945e+01 2.764204510306819945e-03
2.149074537268634089e+01 2.717949862986012398e-03
2.153076538269134588e+01 2.679056484027023295e-03
2.157078539269634732e+01 2.646898076717162963e-03
2.161080540270134875e+01 2.620953594268198104e-03
2.165082541270635375e+01 2.600791284259260094e-03
2.169084542271135518e+01 2.586055982541164613e-03
2.173086543271635662e+01 2.576458996695644640e-03
2.177088544272136161e+01 2.571770077288742812e-03
2.181090545272636305e+01 2.571811094603964655e-03
2.185092546273136449e+01 2.576451129860388069e-03
2.189094547273636593e+01 2.585602760727469945e-03
2.193096548274137092e+01 2.599219376795487875e-03
2.197098549274637236e+01 2.617293405662542323e-03
2.201100550275137380e+01 2.639855367563957982e-03
2.205102551275637879e+01 2.666973708408800804e-03
2.209104552276138023e+01 2.698755389640534411e-03
2.213106553276638166e+01 2.735347240141484341e-03
2.217108554277138666e+01 2.776938101924101166e-03
2.221110555277638809e+01 2.823761829014815282e-03
2.225112556278138953e+01 2.876101229212931452e-03
2.229114557278639097e+01 2.934293072939109324e-03
2.233116558279139596e+01 2.998734334110234132e-03
2.237118559279639740e+01 3.069889877269615149e-03
2.241120560280139884e+01 3.148301866087137389e-03
2.245122561280640383e+01 3.234601244750672129e-03
2.249124562281140527e+01 3.329521740890416942e-03
2.253126563281640671e+01 3.433916963465627123e-03
2.257128564282141170e+01 3.548781330916488640e-03
2.261130565282641314e+01 3.675275776727008649e-03
2.265132566283141458e+01 3.814759459146228014e-03
2.269134567283641601e+01 3.968829073964153485e-03
2.273136568284142101e+01 4.139367868801985782e-03
2.277138569284642244e+01 4.328607133855198567e-03
2.281140570285142388e+01 4.539203868399332813e-03
2.285142571285642887e+01 4.774339597425799643e-03
2.289144572286143031e+01 5.037847088975247120e-03
2.293146573286643175e+01 5.334374222703919775e-03
2.297148574287143674e+01 5.669597817110900821e-03
2.301150575287643818e+01 6.050505341078727187e-03
2.305152576288143962e+01 6.485769887756946683e-03
2.309154577288644106e+01 6.986254773746944022e-03
2.313156578289144605e+01 7.565700524623139925e-03
2.317158579289644749e+01 8.241671803974700075e-03
2.321160580290144893e+01 9.036879823726966243e-03
2.325162581290645392e+01 9.981054674083297482e-03
2.329164582291145535e+01 1.111363437773400450e-02
2.333166583291645679e+01 1.248768355374107672e-02
2.337168584292146178e+01 1.417568635892766174e-02
2.341170585292646322e+01 1.627822350325358949e-02
2.345172586293146466e+01 1.893710174729510212e-02
2.349174587293646610e+01 2.235529082988141694e-02
2.353176588294147109e+01 2.682687187502377085e-02
2.357178589294647253e+01 3.278009225705239005e-02
2.361180590295147397e+01 4.083142519681835086e-02
2.365182591295647896e+01 5.182397937735852556e-02
2.369184592296148040e+01 6.673766164629411912e-02
2.373186593296648184e+01 8.612674938724994289e-02
2.377188594297148683e+01 1.084210406400114152e-01
2.381190595297648827e+01 1.272822016092750863e-01
2.385192596298148970e+01 1.327920218137039754e-01
2.389194597298649114e+01 1.212490681085613975e-01
2.393196598299149613e+01 1.001096685157351757e-01
2.397198599299649757e+01 7.864900817741442285e-02
2.401200600300149901e+01 6.112205859730179131e-02
2.405202601300650400e+01 4.798447845549041330e-02
2.409204602301150544e+01 3.839631592425869766e-02
2.413206603301650688e+01 3.140176329651658826e-02
2.417208604302150832e+01 2.624606208744376459e-02
2.421210605302651331e+01 2.239226169230200750e-02
2.425212606303151475e+01 1.947032046301488961e-02
2.429214607303651619e+01 1.722619554236683517e-02
2.433216608304152118e+01 1.548407399948062077e-02
2.437218609304652261e+01 1.412070066062130411e-02
2.441220610305152405e+01 1.304840514071524751e-02
2.445222611305652904e+01 1.220392624050214460e-02
2.449224612306153048e+01 1.154100633957367075e-02
2.453226613306653192e+01 1.102542919545602788e-02
2.457228614307153336e+01 1.063165170140285311e-02
2.461230615307653835e+01 1.034048739913314904e-02
2.465232616308153979e+01 1.013749376392245050e-02
2.469234617308654123e+01 1.001183781671964416e-02
2.473236618309154622e+01 9.955492425143061194e-03
2.477238619309654766e+01 9.962665615745639261e-03
2.481240620310154910e+01 1.002939777398819537e-02
2.485242621310655409e+01 1.015328321606464787e-02
2.489244622311155553e+01 1.033328731266106373e-02
2.493246623311655696e+01 1.056964069297030781e-02
2.497248624312155840e+01 1.086379973628859297e-02
2.501250625312656339e+01 1.121846872522316331e-02
2.505252626313156483e+01 1.163768456119041936e-02
2.509254627313656627e+01 1.212697058629713838e-02
2.513256628314157126e+01 1.269357260019669809e-02
2.517258629314657270e+01 1.334679856880503085e-02
2.521260630315157414e+01 1.409849513032387404e-02
2.525262631315657913e+01 1.496371081177354755e-02
2.529264632316158057e+01 1.596162099264120809e-02
2.533266633316658201e+01 1.711682805900842028e-02
2.537268634317158345e+01 1.846120987479148851e-02
2.541270635317658844e+01 2.003658347283055960e-02
2.545272636318158987e+01 2.189859880292980079e-02
2.549274637318659131e+01 2.412250882126523027e-02
2.553276638319159630e+01 2.681181233360771868e-02
2.557278639319659774e+01 3.011124673073357905e-02
2.561280640320159918e+01 3.422608135032825100e-02
2.565282641320660417e+01 3.944937397907023746e-02
2.569284642321160561e+01 4.619484710762734869e-02
2.573286643321660705e+01 5.501533402179134558e-02
2.577288644322160849e+01 6.652707308720630375e-02
2.581290645322661348e+01 8.100923664120891765e-02
2.585292646323161492e+01 9.729463056683260169e-02
2.589294647323661636e+01 1.113478853876434249e-01
2.593296648324162135e+01 1.177931942174796492e-01
2.597298649324662279e+01 1.159238021322302192e-01
2.601300650325162422e+01 1.110034544611040730e-01
2.605302651325662922e+01 1.084029435252016060e-01
2.609304652326163065e+01 1.106889848180297731e-01
2.613306653326663209e+01 1.187831684266176524e-01
2.617308654327163353e+01 1.333636852429045117e-01
2.621310655327663852e+01 1.554695871680849273e-01
2.625312656328163996e+01 1.866147189595278311e-01
2.629314657328664140e+01 2.288452648527375399e-01
2.633316658329164639e+01 2.848635850481695542e-01
2.637318659329664783e+01 3.567117889733814606e-01
2.641320660330164927e+01 4.422249598321932873e-01
2.645322661330665426e+01 5.333210541990257569e-01
2.649324662331165570e+01 6.143200949520644105e-01
2.653326663331665713e+01 6.540172121305474207e-01
2.657328664332165857e+01 6.218461874393218514e-01
2.661330665332666356e+01 5.296780258570700228e-01
2.665332666333166500e+01 4.206222574310269913e-01
2.669334667333666644e+01 3.249924486745829344e-01
2.673336668334167143e+01 2.510319081521782958e-01
2.677338669334667287e+01 1.963488413526874032e-01
2.681340670335167431e+01 1.562281547956146655e-01
2.685342671335667930e+01 1.265351940577497669e-01
2.689344672336168074e+01 1.042243983107996180e-01
2.693346673336668218e+01 8.717237178365846995e-02
2.697348674337168362e+01 7.391772889988353079e-02
2.701350675337668861e+01 6.345020696965154861e-02
2.705352676338169005e+01 5.506302085846614264e-02
2.709354677338669148e+01 4.825427340590286024e-02
2.713356678339169648e+01 4.266191769571980180e-02
2.717358679339669791e+01 3.802072689175950426e-02
2.721360680340169935e+01 3.413354393228175410e-02
2.725362681340670434e+01 3.085182392374498025e-02
2.729364682341170578e+01 2.806228166307743466e-02
2.733366683341670722e+01 2.567760189530250703e-02
2.737368684342170866e+01 2.362989296389110538e-02
2.741370685342671365e+01 2.186602264568707557e-02
2.745372686343171509e+01 2.034426812523636857e-02
2.749374687343671653e+01 1.903190241749192629e-02
2.753376688344172152e+01 1.790346566549421911e-02
2.757378689344672296e+01 1.693955582600305959e-02
2.761380690345172439e+01 1.612603492762521712e-02
2.765382691345672583e+01 1.545359500822069375e-02
2.769384692346173082e+01 1.491767013494172886e-02
2.773386693346673226e+01 1.451872495736803922e-02
2.777388694347173370e+01 1.426300427204555375e-02
2.781390695347673869e+01 1.416390282725851942e-02
2.785392696348174013e+01 1.424422487998251198e-02
2.789394697348674157e+01 1.453976754751445596e-02
2.793396698349174656e+01 1.510489461194745690e-02
2.797398699349674800e+01 1.602103438149398221e-02
2.801400700350174944e+01 1.740909116081818322e-02
2.805402701350675088e+01 1.944557764204342745e-02
2.809404702351175587e+01 2.237623687091622182e-02
2.813406703351675731e+01 2.649907265202850262e-02
2.817408704352175874e+01 3.202711997217484730e-02
2.821410705352676374e+01 3.864160870338292225e-02
2.825412706353176517e+01 4.470635024933107549e-02
2.829414707353676661e+01 4.733588244389420191e-02
2.833416708354177160e+01 4.505942506076170140e-02
2.837418709354677304e+01 3.982892444659596326e-02
2.841420710355177448e+01 3.457285939658739232e-02
2.845422711355677592e+01 3.071178083202509221e-02
2.849424712356178091e+01 2.811257317722503854e-02
2.853426713356678235e+01 2.579747354620246652e-02
2.857428714357178379e+01 2.294097936253489817e-02
2.861430715357678878e+01 1.967029300382548002e-02
2.865432716358179022e+01 1.659904821529089095e-02
2.869434717358679165e+01 1.407734922650758815e-02
2.873436718359179665e+01 1.212923985745006754e-02
2.877438719359679808e+01 1.065075198375364275e-02
2.881440720360179952e+01 9.527109535524455261e-03
2.885442721360680096e+01 8.667263743537271387e-03
2.889444722361180595e+01 8.006168254428744704e-03
2.893446723361680739e+01 7.499352707603990954e-03
2.897448724362180883e+01 7.117440471553788256e-03
2.901450725362681382e+01 6.842231728590264343e-03
2.905452726363181526e+01 6.664360781984619668e-03
2.909454727363681670e+01 6.582286730819597240e-03
2.913456728364182169e+01 6.602477959495523657e-03
2.917458729364682313e+01 6.740800435717146308e-03
2.921460730365182457e+01 7.025156576673659628e-03
2.925462731365682600e+01 7.498966977918678466e-03
2.929464732366183100e+01 8.222895643080374573e-03
2.933466733366683243e+01 9.264761304117198268e-03
2.937468734367183387e+01 1.064874023029299330e-02
2.941470735367683886e+01 1.221611106833397214e-02
2.945472736368184030e+01 1.344839786403458602e-02
2.949474737368684174e+01 1.366052063333745605e-02
2.953476738369184673e+01 1.274665020028379996e-02
2.957478739369684817e+01 1.133074281837489691e-02
2.961480740370184961e+01 1.003245174222886990e-02
2.965482741370685105e+01 9.105032695909757653e-03
2.969484742371185604e+01 8.573872239891734692e-03
2.973486743371685748e+01 8.402947262791098798e-03
2.977488744372185892e+01 8.567735752232102930e-03
2.981490745372686391e+01 9.077875152850790191e-03
2.985492746373186534e+01 9.985717641462051736e-03
2.989494747373686678e+01 1.139421363224215299e-02
2.993496748374187177e+01 1.346354415033386952e-02
2.997498749374687321e+01 1.639743078852654717e-02
3.001500750375187465e+01 2.034528357408943097e-02
3.005502751375687609e+01 2.508154593875475472e-02
3.009504752376188108e+01 2.942099121874845041e-02
3.013506753376688252e+01 3.119637686969529283e-02
3.017508754377188396e+01 2.915866693768058571e-02
3.021510755377688895e+01 2.460236116306572379e-02
3.025512756378189039e+01 1.968117659885338863e-02
3.029514757378689183e+01 1.554719265390420470e-02
3.033516758379189682e+01 1.240439548060297964e-02
3.037518759379689826e+01 1.009053246895591852e-02
3.041520760380189969e+01 8.389739369396851873e-03
3.045522761380690113e+01 7.125448120920146663e-03
3.049524762381190612e+01 6.170585804123242084e-03
3.053526763381690756e+01 5.437291462101175379e-03
3.057528764382190900e+01 4.865261942431456724e-03
3.061530765382691399e+01 4.412851219739656779e-03
3.065532766383191543e+01 4.050964371278145161e-03
3.069534767383691687e+01 3.759013313933932954e-03
3.073536768384192186e+01 3.522259889083485026e-03
3.077538769384692330e+01 3.330065608163378273e-03
3.081540770385192474e+01 3.174732082685542862e-03
3.085542771385692618e+01 3.050730746857700446e-03
3.089544772386193117e+01 2.954195413582745046e-03
3.093546773386693260e+01 2.882599632928314372e-03
3.097548774387193404e+01 2.834572537199168008e-03
3.101550775387693903e+01 2.809827531499750446e-03
3.105552776388194047e+01 2.809187997339976980e-03
3.109554777388694191e+01 2.834681099724403568e-03
3.113556778389194335e+01 2.889590222312464051e-03
3.117558779389694834e+01 2.978097587969599086e-03
3.121560780390194978e+01 3.103640251291464158e-03
3.125562781390695122e+01 3.265385520591221162e-03
3.129564782391195621e+01 3.457366496274413403e-03
3.133566783391695765e+01 3.680875607583044325e-03
3.137568784392195909e+01 3.960020313428437577e-03
3.141570785392696408e+01 4.335340142664850446e-03
3.145572786393196552e+01 4.852575069866977252e-03
3.149574787393696695e+01 5.566798511028930516e-03
3.153576788394196839e+01 6.554121315222152626e-03
3.157578789394697338e+01 7.922773891337324403e-03
3.161580790395197482e+01 9.816063475266097182e-03
3.165582791395697626e+01 1.238077338500725467e-02
3.169584792396198125e+01 1.562728861196378480e-02
3.173586793396698269e+01 1.908129744787784993e-02
3.177588794397198413e+01 2.144436000341014975e-02
3.181590795397698912e+01 2.128211843800203659e-02
3.185592796398199056e+01 1.868944756497028029e-02
3.189594797398699200e+01 1.516161361153614030e-02
3.193596798399199344e+01 1.192041337057594963e-02
3.197598799399699843e+01 9.371968405981890085e-03
3.201600800400200342e+01 7.480159797467757742e-03
3.205602801400700486e+01 6.093787530500847059e-03
3.209604802401200629e+01 5.070933573137362781e-03
3.213606803401700773e+01 4.305094499848127060e-03
3.217608804402200917e+01 3.721704952220013934e-03
3.221610805402701061e+01 3.269532010390514311e-03
3.225612806403201205e+01 2.913313076870400076e-03
3.229614807403702059e+01 2.628522202158306911e-03
3.233616808404202203e+01 2.397862735831854386e-03
3.237618809404702347e+01 2.208956876122968645e-03
3.241620810405202491e+01 2.052823480977477959e-03
3.245622811405702635e+01 1.922867650916865526e-03
3.249624812406202778e+01 1.814203387270020649e-03
3.253626813406702922e+01 1.723195594207858764e-03
3.257628814407203777e+01 1.647149339489638320e-03
3.261630815407703921e+01 1.584100881031154026e-03
3.265632816408204064e+01 1.532682271683635496e-03
3.269634817408704208e+01 1.492043174151937417e-03
3.273636818409204352e+01 1.461822398507012970e-03
3.277638819409704496e+01 1.442169470711404623e-03
3.281640820410205350e+01 1.433824789579204746e-03
3.285642821410705494e+01 1.438276961254248993e-03
3.289644822411205638e+01 1.458028224376394953e-03
3.293646823411705782e+01 1.497010105359614703e-03
3.297648824412205926e+01 1.561182731662048373e-03
3.301650825412706070e+01 1.659249200885033011e-03
3.305652826413206213e+01 1.802974996040481804e-03
3.309654827413707068e+01 2.005134717764624208e-03
3.313656828414207212e+01 2.269482166613481875e-03
3.317658829414707355e+01 2.563916264890840884e-03
3.321660830415207499e+01 2.788490220616033927e-03
3.325662831415707643e+01 2.817119597076135802e-03
3.329664832416207787e+01 2.637533196787321746e-03
3.333666833416707931e+01 2.368846770490118728e-03
3.337668834417208785e+01 2.122911047747295162e-03
3.341670835417708929e+01 1.942844123542269725e-03
3.345672836418209073e+01 1.830521423167187373e-03
3.349674837418709217e+01 1.776479880175032763e-03
3.353676838419209361e+01 1.772345035045928656e-03
3.357678839419709504e+01 1.814072643387959786e-03
3.361680840420210359e+01 1.902446882824333513e-03
3.365682841420710503e+01 2.043334278935866975e-03
3.369684842421210647e+01 2.248513267556198278e-03
3.373686843421710790e+01 2.537417648360852998e-03
3.377688844422210934e+01 2.939984418265311795e-03
3.381690845422711078e+01 3.500371853342901501e-03
3.385692846423211222e+01 4.279434773219408135e-03
3.389694847423712076e+01 5.347313953110189103e-03
3.393696848424212220e+01 6.740144011479693061e-03
3.397698849424712364e+01 8.332485834735670061e-03
3.401700850425212508e+01 9.647745308893524580e-03
3.405702851425712652e+01 9.970146585632562453e-03
3.409704852426212796e+01 9.069422193075667160e-03
3.413706853426712939e+01 7.509199406831772519e-03
3.417708854427213794e+01 5.948662240935297281e-03
3.421710855427713938e+01 4.678682161897992388e-03
3.425712856428214081e+01 3.724604329151479792e-03
3.429714857428714225e+01 3.024059516235073734e-03
3.433716858429214369e+01 2.508282963852316669e-03
3.437718859429714513e+01 2.123377782804194806e-03
3.441720860430214657e+01 1.831076582388966537e-03
3.445722861430715511e+01 1.605002416353252560e-03
3.449724862431215655e+01 1.427022169667755335e-03
3.453726863431715799e+01 1.284558244605506303e-03
3.457728864432215943e+01 1.168764798303531440e-03
3.461730865432716087e+01 1.073322281425709160e-03
3.465732866433216230e+01 9.936432324446457798e-04
3.469734867433717085e+01 9.263453382824487874e-04
3.473736868434217229e+01 8.688976832964961927e-04
3.477738869434717373e+01 8.193799562387564343e-04
3.481740870435217516e+01 7.763161464520950111e-04
3.485742871435717660e+01 7.385580077445832396e-04
3.489744872436217804e+01 7.052022371511715727e-04
3.493746873436717948e+01 6.755308147490129717e-04
3.497748874437218802e+01 6.489674734707279787e-04
3.501750875437718946e+01 6.250455514496695278e-04
3.505752876438219090e+01 6.033839786120433766e-04
3.509754877438719234e+01 5.836691462441875346e-04
3.513756878439219378e+01 5.656410798654937493e-04
3.517758879439719522e+01 5.490827938292244673e-04
3.521760880440219665e+01 5.338120223278097851e-04
3.525762881440720520e+01 5.196747423579521543e-04
3.529764882441220664e+01 5.065400601859531031e-04
3.533766883441720807e+01 4.942961441805785805e-04
3.537768884442220951e+01 4.828469671385281626e-04
3.541770885442721095e+01 4.721096796430359309e-04
3.545772886443221239e+01 4.620124789027349401e-04
3.549774887443722093e+01 4.524928693069412951e-04
3.553776888444222237e+01 4.434962346804596734e-04
3.557778889444722381e+01 4.349746600998964283e-04
3.561780890445222525e+01 4.268859546952338412e-04
3.565782891445722669e+01 4.191928372207666528e-04
3.569784892446222813e+01 4.118622541481349185e-04
3.573786893446722956e+01 4.048648062029128647e-04
3.577788894447223811e+01 3.981742640712082593e-04
3.581790895447723955e+01 3.917671577676357661e-04
3.585792896448224099e+01 3.856224271226296524e-04
3.589794897448724242e+01 3.797211231973927361e-04
3.593796898449224386e+01 3.740461523063869607e-04
3.597798899449724530e+01 3.685820558252006929e-04
3.601800900450224674e+01 3.633148201661090711e-04
3.605802901450725528e+01 3.582317122766638987e-04
3.609804902451225672e+01 3.533211368060957766e-04
3.613806903451725816e+01 3.485725117275389334e-04
3.617808904452225960e+01 3.439761597303556389e-04
3.621810905452726104e+01 3.395232131289916636e-04
3.625812906453226248e+01 3.352055303911298197e-04
3.629814907453727102e+01 3.310156226826868674e-04
3.633816908454227246e+01 3.269465890719900226e-04
3.637818909454727390e+01 3.229920592393587257e-04
3.641820910455227533e+01 3.191461427087933741e-04
3.645822911455727677e+01 3.154033837613395082e-04
3.649824912456227821e+01 3.117587213099047962e-04
3.653826913456727965e+01 3.082074531166690353e-04
3.657828914457228819e+01 3.047452038199808416e-04
3.661830915457728963e+01 3.013678963103777822e-04
3.665832916458229107e+01 2.980717260572120870e-04
3.669834917458729251e+01 2.948531380401447758e-04
3.673836918459229395e+01 2.917088059848359531e-04
3.677838919459729539e+01 2.886356136408192870e-04
3.681840920460229682e+01 2.856306378727399673e-04
3.685842921460730537e+01 2.826911333647060594e-04
3.689844922461230681e+01 2.798145187621714318e-04
3.693846923461730825e+01 2.769983640970788549e-04
3.697848924462230968e+01 2.742403793604856555e-04
3.701850925462731112e+01 2.715384041029233119e-04
3.705852926463231256e+01 2.688903979567138967e-04
3.709854927463732110e+01 2.662944319866283080e-04
3.713856928464232254e+01 2.637486807859093724e-04
3.717858929464732398e+01 2.612514152439703355e-04
3.721860930465232542e+01 2.588009959202507300e-04
3.725862931465732686e+01 2.563958669658528687e-04
3.729864932466232830e+01 2.540345505408911830e-04
3.733866933466732974e+01 2.517156416810310761e-04
3.737868934467233828e+01 2.494378035715917857e-04
3.741870935467733972e+01 2.471997631919174623e-04
3.745872936468234116e+01 2.450003072965447563e-04
3.749874937468734259e+01 2.428382787031079773e-04
3.753876938469234403e+01 2.407125728599228778e-04
3.757878939469734547e+01 2.386221346688820232e-04
3.761880940470234691e+01 2.365659555416822063e-04
3.765882941470735545e+01 2.345430706695306731e-04
3.769884942471235689e+01 2.325525564883842826e-04
3.773886943471735833e+01 2.305935283234666466e-04
3.777888944472235977e+01 2.286651381983442006e-04
3.781890945472736121e+01 2.267665727951924523e-04
3.785892946473236265e+01 2.248970515541163075e-04
3.789894947473736408e+01 2.230558249004867559e-04
3.793896948474237263e+01 2.212421725902448508e-04
3.797898949474737407e+01 2.194554021640173576e-04
3.801900950475237551e+01 2.176948475016877722e-04
3.805902951475737694e+01 2.159598674697985185e-04
3.809904952476237838e+01 2.142498446548106819e-04
3.813906953476737982e+01 2.125641841758418881e-04
3.817908954477238836e+01 2.109023125710403205e-04
3.821910955477738980e+01 2.092636767522418708e-04
3.825912956478239124e+01 2.076477430229929178e-04
3.829914957478739268e+01 2.060539961554315675e-04
3.833916958479239412e+01 2.044819385218775193e-04
3.837918959479739556e+01 2.029310892773148964e-04
3.841920960480239700e+01 2.014009835892585870e-04
3.845922961480740554e+01 1.998911719117630378e-04
3.849924962481240698e+01 1.984012193005932692e-04
3.853926963481740842e+01 1.969307047667976014e-04
3.857928964482240985e+01 1.954792206661419107e-04
3.861930965482741129e+01 1.940463721220498814e-04
3.865932966483241273e+01 1.926317764798735283e-04
3.869934967483741417e+01 1.912350627904782691e-04
3.873936968484242271e+01 1.898558713212760666e-04
3.877938969484742415e+01 1.884938530929763868e-04
3.881940970485242559e+01 1.871486694404439065e-04
3.885942971485742703e+01 1.858199915961788291e-04
3.889944972486242847e+01 1.845075002950272625e-04
3.893946973486742991e+01 1.832108853988370948e-04
3.897948974487243845e+01 1.819298455398576930e-04
3.901950975487743989e+01 1.806640877817697040e-04
3.905952976488244133e+01 1.794133272973023907e-04
3.909954977488744277e+01 1.781772870614700926e-04
3.913956978489244420e+01 1.769556975595245360e-04
3.917958979489744564e+01 1.757482965087758776e-04
3.921960980490244708e+01 1.745548285934965462e-04
3.925962981490745562e+01 1.733750452121687793e-04
3.929964982491245706e+01 1.722087042363899627e-04
3.933966983491745850e+01 1.710555697807856308e-04
3.937968984492245994e+01 1.699154119833322168e-04
3.941970985492746138e+01 1.687880067955197243e-04
3.945972986493246282e+01 1.676731357818270446e-04
3.949974987493746426e+01 1.665705859280107264e-04
3.953976988494247280e+01 1.654801494577419940e-04
3.957978989494747424e+01 1.644016236571544569e-04
3.961980990495247568e+01 1.633348107068895920e-04
3.965982991495747711e+01 1.622795175212549449e-04
3.969984992496247855e+01 1.612355555941311644e-04
3.973986993496747999e+01 1.602027408512853978e-04
3.977988994497248854e+01 1.591808935087692556e-04
3.981990995497748997e+01 1.581698379371005347e-04
3.985992996498249141e+01 1.571694025309373194e-04
3.989994997498749285e+01 1.561794195839826265e-04
3.993996998499249429e+01 1.551997251688604150e-04
3.997998999499749573e+01 1.542301590217249252e-04
4.002001000500249717e+01 1.532705644313782107e-04
4.006003001500750571e+01 1.523207881326804885e-04
4.010005002501250715e+01 1.513806802040536768e-04
4.014007003501750859e+01 1.504500939688846461e-04
4.018009004502251003e+01 1.495288859006507797e-04
4.022011005502751146e+01 1.486169155315951310e-04
4.026013006503251290e+01 1.477140453647898756e-04
4.030015007503751434e+01 1.468201407894368380e-04
4.034017008504252289e+01 1.459350699992570464e-04
4.038019009504752432e+01 1.450587039138362833e-04
4.042021010505252576e+01 1.441909161027911336e-04
4.046023011505752720e+01 1.433315827126375422e-04
4.050025012506252864e+01 1.424805823962403152e-04
4.054027013506753008e+01 1.416377962447359841e-04
4.058029014507253862e+01 1.408031077218199897e-04
4.062031015507754006e+01 1.399764026003005803e-04
4.066033016508254150e+01 1.391575689008223615e-04
4.070035017508754294e+01 1.383464968326706464e-04
4.074037018509254438e+01 1.375430787365682170e-04
4.078039019509754581e+01 1.367472090293841308e-04
4.082041020510254725e+01 1.359587841506764816e-04
4.086043021510755580e+01 1.351777025109935477e-04
4.090045022511255723e+01 1.344038644418647495e-04
4.094047023511755867e+01 1.336371721474104027e-04
4.098049024512256011e+01 1.328775296575108794e-04
4.102051025512756155e+01 1.321248427824699080e-04
4.106053026513256299e+01 1.313790190691151735e-04
4.110055027513756443e+01 1.306399677582804344e-04
4.114057028514257297e+01 1.299075997436162486e-04
4.118059029514757441e+01 1.291818275316779165e-04
4.122061030515257585e+01 1.284625652032417439e-04
4.126063031515757729e+01 1.277497283758051991e-04
4.130065032516257872e+01 1.270432341672245885e-04
4.134067033516758016e+01 1.263430011604495099e-04
4.138069034517258160e+01 1.256489493693119382e-04
4.142071035517759015e+01 1.249610002053333209e-04
4.146073036518259158e+01 1.242790764455114138e-04
4.150075037518759302e+01 1.236031022010508336e-04
4.154077038519259446e+01 1.229330028870051256e-04
4.158079039519759590e+01 1.222687051927968461e-04
4.162081040520259734e+01 1.216101370535839997e-04
4.166083041520760588e+01 1.209572276224444806e-04
4.170085042521260732e+01 1.203099072433492156e-04
4.174087043521760876e+01 1.196681074248954698e-04
4.178089044522261020e+01 1.190317608147764604e-04
4.182091045522761164e+01 1.184008011749601601e-04
4.186093046523261307e+01 1.177751633575540766e-04
4.190095047523761451e+01 1.171547832813319497e-04
4.194097048524262306e+01 1.165395979089012669e-04
4.198099049524762449e+01 1.159295452244898451e-04
4.202101050525262593e+01 1.153245642123293049e-04
4.206103051525762737e+01 1.147245948356187171e-04
4.210105052526262881e+01 1.141295780160471939e-04
4.214107053526763025e+01 1.135394556138576887e-04
4.218109054527263169e+01 1.129541704084352228e-04
4.222111055527764023e+01 1.123736660794014765e-04
4.226113056528264167e+01 1.117978871882010920e-04
4.230115057528764311e+01 1.112267791601621799e-04
4.234117058529264455e+01 1.106602882670178282e-04
4.238119059529764598e+01 1.100983616098734894e-04
4.242121060530264742e+01 1.095409471026054737e-04
4.246123061530765597e+01 1.089879934556788109e-04
4.250125062531265741e+01 1.084394501603705240e-04
4.254127063531765884e+01 1.078952674733854637e-04
4.258129064532266028e+01 1.073553964018542984e-04
4.262131065532766172e+01 1.068197886887005112e-04
4.266133066533266316e+01 1.062883967983662689e-04
4.270135067533766460e+01 1.057611739028859398e-04
4.274137068534267314e+01 1.052380738682972189e-04
4.278139069534767458e+01 1.047190512413797355e-04
4.282141070535267602e+01 1.042040612367114012e-04
4.286143071535767746e+01 1.036930597240331308e-04
4.290145072536267890e+01 1.031860032159137661e-04
4.294147073536768033e+01 1.026828488557054298e-04
4.298149074537268177e+01 1.021835544057813006e-04
4.302151075537769032e+01 1.016880782360483291e-04
4.306153076538269175e+01 1.011963793127266392e-04
4.310155077538769319e+01 1.007084171873870654e-04
4.314157078539269463e+01 1.002241519862419322e-04
4.318159079539769607e+01 9.974354439967964350e-05
4.322161080540269751e+01 9.926655567203759324e-05
4.326163081540770605e+01 9.879314759160621453e-05
4.330165082541270749e+01 9.832328248085875941e-05
4.334167083541770893e+01 9.785692318689867813e-05
4.338169084542271037e+01 9.739403307212100641e-05
4.342171085542771181e+01 9.693457600508037443e-05
4.346173086543271324e+01 9.647851635156060978e-05
4.350175087543771468e+01 9.602581896584047247e-05
4.354177088544272323e+01 9.557644918215020958e-05
4.358179089544772467e+01 9.513037280631419970e-05
4.362181090545272610e+01 9.468755610757400849e-05
4.366183091545772754e+01 9.424796581058799316e-05
4.370185092546272898e+01 9.381156908760248183e-05
4.374187093546773042e+01 9.337833355078982520e-05
4.378189094547273186e+01 9.294822724474910566e-05
4.382191095547774040e+01 9.252121863916595303e-05
4.386193096548274184e+01 9.209727662162626289e-05
4.390195097548774328e+01 9.167637049058059175e-05
4.394197098549274472e+01 9.125846994845574639e-05
4.398199099549774616e+01 9.084354509490866105e-05
4.402201100550274759e+01 9.043156642022050272e-05
4.406203101550775614e+01 9.002250479882584081e-05
4.410205102551275758e+01 8.961633148297533640e-05
4.414207103551775901e+01 8.921301809652676038e-05
4.418209104552276045e+01 8.881253662886282247e-05
4.422211105552776189e+01 8.841485942893154235e-05
4.426213106553276333e+01 8.801995919940679093e-05
4.430215107553776477e+01 8.762780899096580351e-05
4.434217108554277331e+01 8.723838219668102211e-05
4.438219109554777475e+01 8.685165254652321752e-05
4.442221110555277619e+01 8.646759410197362794e-05
4.446223111555777763e+01 8.608618125074198350e-05
4.450225112556277907e+01 8.570738870158860060e-05
4.454227113556778050e+01 8.533119147924746975e-05
4.458229114557278194e+01 8.495756491944776181e-05
4.462231115557779049e+01 8.458648466403279043e-05
4.466233116558279193e+01 8.421792665617241927e-05
4.470235117558779336e+01 8.385186713566773471e-05
4.474237118559279480e+01 8.348828263434563963e-05
4.478239119559779624e+01 8.312714997154155218e-05
4.482241120560279768e+01 8.276844624966758030e-05
4.486243121560779912e+01 8.241214884986464064e-05
4.490245122561280766e+01 8.205823542773674640e-05
4.494247123561780910e+01 8.170668390916529578e-05
4.498249124562281054e+01 8.135747248620126037e-05
4.502251125562781198e+01 8.101057961303456862e-05
4.506253126563281342e+01 8.066598400203792000e-05
4.510255127563781485e+01 8.032366461988368770e-05
4.514257128564282340e+01 7.998360068373254147e-05
4.518259129564782484e+01 7.964577165749205567e-05
4.522261130565282627e+01 7.931015724814314768e-05
4.526263131565782771e+01 7.897673740213448227e-05
4.530265132566282915e+01 7.864549230184100651e-05
4.534267133566783059e+01 7.831640236208788921e-05
4.538269134567283203e+01 7.798944822673560930e-05
4.542271135567784057e+01 7.766461076532777893e-05
4.546273136568284201e+01 7.734187106979767607e-05
4.550275137568784345e+01 7.702121045123434047e-05
4.554277138569284489e+01 7.670261043670542763e-05
4.558279139569784633e+01 7.638605276613686138e-05
4.562281140570284776e+01 7.607151938924683213e-05
4.566283141570784920e+01 7.575899246253443885e-05
4.570285142571285775e+01 7.544845434632015601e-05
4.574287143571785919e+01 7.513988760183873514e-05
4.578289144572286062e+01 7.483327498838196620e-05
4.582291145572786206e+01 7.452859946049143422e-05
4.586293146573286350e+01 7.422584416519926542e-05
4.590295147573786494e+01 7.392499243931684931e-05
4.594297148574287348e+01 7.362602780676958509e-05
4.598299149574787492e+01 7.332893397597754412e-05
4.602301150575287636e+01 7.303369483728034068e-05
4.606303151575787780e+01 7.274029446040599419e-05
4.610305152576287924e+01 7.244871709198252266e-05
4.614307153576788068e+01 7.215894715309138622e-05
4.618309154577288211e+01 7.187096923686229306e-05
4.622311155577789066e+01 7.158476810610789039e-05
4.626313156578289210e+01 7.130032869099840829e-05
4.630315157578789353e+01 7.101763608677448103e-05
4.634317158579289497e+01 7.073667555149841686e-05
4.638319159579789641e+01 7.045743250384201906e-05
4.642321160580289785e+01 7.017989252091158146e-05
4.646323161580789929e+01 6.990404133610806639e-05
4.650325162581290783e+01 6.962986483702237011e-05
4.654327163581790927e+01 6.935734906336549958e-05
4.658329164582291071e+01 6.908648020493128876e-05
4.662331165582791215e+01 6.881724459959349775e-05
4.666333166583291359e+01 6.854962873133419116e-05
4.670335167583791502e+01 6.828361922830454762e-05
4.674337168584292357e+01 6.801920286091654201e-05
4.678339169584792501e+01 6.775636653996537835e-05
4.682341170585292645e+01 6.749509731478162979e-05
4.686343171585792788e+01 6.723538237141308584e-05
4.690345172586292932e+01 6.697720903083524951e-05
4.694347173586793076e+01 6.672056474719030843e-05
4.698349174587293220e+01 6.646543710605373951e-05
4.702351175587794074e+01 6.621181382272834390e-05
4.706353176588294218e+01 6.595968274056484496e-05
4.710355177588794362e+01 6.570903182930892719e-05
4.714357178589294506e+01 6.545984918347390292e-05
4.718359179589794650e+01 6.521212302073877657e-05
4.722361180590294794e+01 6.496584168037090662e-05
4.726363181590794937e+01 6.472099362167357719e-05
4.730365182591295792e+01 6.447756742245674445e-05
4.734367183591795936e+01 6.423555177753213687e-05
4.738369184592296079e+01 6.399493549723036482e-05
4.742371185592796223e+01 6.375570750594176060e-05
4.746373186593296367e+01 6.351785684067863156e-05
4.750375187593796511e+01 6.328137264965988829e-05
4.754377188594297365e+01 6.304624419091659805e-05
4.758379189594797509e+01 6.281246083091931705e-05
4.762381190595297653e+01 6.258001204322516874e-05
4.766383191595797797e+01 6.234888740714615899e-05
4.770385192596297941e+01 6.211907660643672220e-05
4.774387193596798085e+01 6.189056942800131168e-05
4.778389194597298228e+01 6.166335576062109908e-05
4.782391195597799083e+01 6.143742559369941693e-05
4.786393196598299227e+01 6.121276901602622895e-05
4.790395197598799371e+01 6.098937621456031351e-05
4.794397198599299514e+01 6.076723747322970237e-05
4.798399199599799658e+01 6.054634317174979865e-05
4.802401200600299802e+01 6.032668378445859132e-05
4.806403201600799946e+01 6.010824987916902045e-05
4.810405202601300800e+01 5.989103211603807978e-05
4.814407203601800944e+01 5.967502124645235177e-05
4.818409204602301088e+01 5.946020811192965659e-05
4.822411205602801232e+01 5.924658364303646269e-05
4.826413206603301376e+01 5.903413885832134358e-05
4.830415207603801520e+01 5.882286486326318651e-05
4.834417208604301663e+01 5.861275284923503403e-05
4.838419209604802518e+01 5.840379409248228440e-05
4.842421210605302662e+01 5.819597995311592180e-05
4.846423211605802805e+01 5.798930187411965143e-05
4.850425212606302949e+01 5.778375138037144089e-05
4.854427213606803093e+01 5.757932007767878357e-05
4.858429214607303237e+01 5.737599965182767035e-05
4.862431215607804091e+01 5.717378186764475478e-05
4.866433216608304235e+01 5.697265856807309776e-05
4.870435217608804379e+01 5.677262167326040099e-05
4.874437218609304523e+01 5.657366317966035246e-05
4.878439219609804667e+01 5.637577515914628435e-05
4.882441220610304811e+01 5.617894975813731968e-05
4.886443221610804954e+01 5.598317919673653998e-05
4.890445222611305809e+01 5.578845576788111983e-05
4.894447223611805953e+01 5.559477183650431321e-05
4.898449224612306097e+01 5.540211983870870182e-05
4.902451225612806240e+01 5.521049228095107838e-05
4.906453226613306384e+01 5.501988173923835486e-05
4.910455227613806528e+01 5.483028085833463797e-05
4.914457228614306672e+01 5.464168235097895701e-05
4.918459229614807526e+01 5.445407899711349485e-05
4.922461230615307670e+01 5.426746364312294557e-05
4.926463231615807814e+01 5.408182920108315560e-05
4.930465232616307958e+01 5.389716864802097951e-05
4.934467233616808102e+01 5.371347502518325674e-05
4.938469234617308246e+01 5.353074143731629826e-05
4.942471235617809100e+01 5.334896105195437209e-05
4.946473236618309244e+01 5.316812709871851592e-05
4.950475237618809388e+01 5.298823286862376576e-05
4.954477238619309531e+01 5.280927171339659649e-05
4.958479239619809675e+01 5.263123704480045999e-05
4.962481240620309819e+01 5.245412233397125056e-05
4.966483241620809963e+01 5.227792111076070528e-05
4.970485242621310817e+01 5.210262696308898625e-05
4.974487243621810961e+01 5.192823353630573991e-05
4.978489244622311105e+01 5.175473453255922013e-05
4.982491245622811249e+01 5.158212371017407137e-05
4.986493246623311393e+01 5.141039488303710101e-05
4.990495247623811537e+01 5.123954191999102064e-05
4.994497248624311680e+01 5.106955874423604777e-05
4.998499249624812535e+01 5.090043933273946284e-05
5.002501250625312679e+01 5.073217771565275574e-05
5.006503251625812823e+01 5.056476797573609738e-05
5.010505252626312966e+01 5.039820424779052269e-05
5.014507253626813110e+01 5.023248071809729645e-05
5.018509254627313254e+01 5.006759162386446876e-05
5.022511255627814108e+01 4.990353125268051166e-05
5.026513256628314252e+01 4.974029394197517927e-05
5.030515257628814396e+01 4.957787407848669698e-05
5.034517258629314540e+01 4.941626609773648582e-05
5.038519259629814684e+01 4.925546448350980928e-05
5.042521260630314828e+01 4.909546376734360299e-05
5.046523261630814972e+01 4.893625852802046400e-05
5.050525262631315826e+01 4.877784339106897590e-05
5.054527263631815970e+01 4.862021302827076275e-05
5.058529264632316114e+01 4.846336215717314696e-05
5.062531265632816257e+01 4.830728554060823786e-05
5.066533266633316401e+01 4.815197798621815282e-05
5.070535267633816545e+01 4.799743434598595073e-05
5.074537268634316689e+01 4.784364951577235237e-05
5.078539269634817543e+01 4.769061843485855953e-05
5.082541270635317687e+01 4.753833608549442723e-05
5.086543271635817831e+01 4.738679749245232136e-05
5.090545272636317975e+01 4.723599772258652599e-05
5.094547273636818119e+01 4.708593188439813272e-05
5.098549274637318263e+01 4.693659512760514776e-05
5.102551275637819117e+01 4.678798264271791832e-05
5.106553276638319261e+01 4.664008966061986488e-05
5.110555277638819405e+01 4.649291145215335663e-05
5.114557278639319549e+01 4.634644332771022861e-05
5.118559279639819692e+01 4.620068063682796383e-05
5.122561280640319836e+01 4.605561876779025292e-05
5.126563281640819980e+01 4.591125314723257483e-05
5.130565282641320835e+01 4.576757923975256857e-05
5.134567283641820978e+01 4.562459254752517521e-05
5.138569284642321122e+01 4.548228860992222530e-05
5.142571285642821266e+01 4.534066300313668147e-05
5.146573286643321410e+01 4.519971133981157699e-05
5.150575287643821554e+01 4.505942926867315568e-05
5.154577288644321698e+01 4.491981247416848409e-05
5.158579289644822552e+01 4.478085667610742082e-05
5.162581290645322696e+01 4.464255762930882107e-05
5.166583291645822840e+01 4.450491112325091525e-05
5.170585292646322984e+01 4.436791298172597711e-05
5.174587293646823127e+01 4.423155906249875936e-05
5.178589294647323271e+01 4.409584525696945586e-05
5.182591295647823415e+01 4.396076748984011296e-05
5.186593296648324269e+01 4.382632171878533020e-05
5.190595297648824413e+01 4.369250393412683702e-05
5.194597298649324557e+01 4.355931015851144405e-05
5.198599299649824701e+01 4.342673644659333801e-05
5.202601300650324845e+01 4.329477888471977147e-05
5.206603301650824989e+01 4.316343359062037798e-05
5.210605302651325843e+01 4.303269671310033605e-05
5.214607303651825987e+01 4.290256443173688742e-05
5.218609304652326131e+01 4.277303295657935186e-05
5.222611305652826275e+01 4.264409852785290962e-05
5.226613306653326418e+01 4.251575741566531114e-05
5.230615307653826562e+01 4.238800591971751030e-05
5.234617308654326706e+01 4.226084036901723174e-05
5.238619309654827561e+01 4.213425712159590603e-05
5.242621310655327704e+01 4.200825256422906743e-05
5.246623311655827848e+01 4.188282311215956393e-05
5.250625312656327992e+01 4.175796520882435177e-05
5.254627313656828136e+01 4.163367532558400060e-05
5.258629314657328280e+01 4.150994996145554607e-05
5.262631315657828424e+01 4.138678564284839847e-05
5.266633316658329278e+01 4.126417892330288742e-05
5.270635317658829422e+01 4.114212638323226916e-05
5.274637318659329566e+01 4.102062462966716655e-05
5.278639319659829710e+01 4.089967029600328878e-05
5.282641320660329853e+01 4.077926004175169895e-05
5.286643321660829997e+01 4.065939055229200901e-05
5.290645322661330852e+01 4.054005853862830550e-05
5.294647323661830995e+01 4.042126073714792813e-05
5.298649324662331139e+01 4.030299390938266749e-05
5.302651325662831283e+01 4.018525484177290361e-05
5.306653326663331427e+01 4.006804034543423826e-05
5.310655327663831571e+01 3.995134725592665472e-05
5.314657328664331715e+01 3.983517243302639487e-05
5.318659329664832569e+01 3.971951276050024866e-05
5.322661330665332713e+01 3.960436514588243882e-05
5.326663331665832857e+01 3.948972652025368080e-05
5.330665332666333001e+01 3.937559383802309549e-05
5.334667333666833144e+01 3.926196407671220229e-05
5.338669334667333288e+01 3.914883423674136515e-05
5.342671335667833432e+01 3.903620134121861708e-05
5.346673336668334287e+01 3.892406243573079541e-05
5.350675337668834430e+01 3.881241458813689958e-05
5.354677338669334574e+01 3.870125488836363101e-05
5.358679339669834718e+01 3.859058044820341295e-05
5.362681340670334862e+01 3.848038840111421289e-05
5.366683341670835006e+01 3.837067590202202806e-05
5.370685342671335860e+01 3.826144012712488876e-05
5.374687343671836004e+01 3.815267827369968063e-05
5.378689344672336148e+01 3.804438755991036285e-05
5.382691345672836292e+01 3.793656522461872743e-05
5.386693346673336436e+01 3.782920852719700162e-05
5.390695347673836579e+01 3.772231474734251714e-05
5.394697348674336723e+01 3.761588118489416150e-05
5.398699349674837578e+01 3.750990515965122813e-05
5.402701350675337721e+01 3.740438401119370313e-05
5.406703351675837865e+01 3.729931509870474071e-05
5.410705352676338009e+01 3.719469580079502242e-05
5.414707353676838153e+01 3.709052351532885790e-05
5.418709354677338297e+01 3.698679565925218300e-05
5.422711355677838441e+01 3.688350966842253654e-05
5.426713356678339295e+01 3.678066299744039909e-05
5.430715357678839439e+01 3.667825311948286963e-05
5.434717358679339583e+01 3.657627752613864315e-05
5.438719359679839727e+01 3.647473372724491280e-05
5.442721360680339870e+01 3.637361925072595925e-05
5.446723361680840014e+01 3.627293164243349519e-05
5.450725362681340869e+01 3.617266846598841924e-05
5.454727363681841013e+01 3.607282730262465013e-05
5.458729364682341156e+01 3.597340575103410618e-05
5.462731365682841300e+01 3.587440142721367691e-05
5.466733366683341444e+01 3.577581196431359059e-05
5.470735367683841588e+01 3.567763501248736067e-05
5.474737368684341732e+01 3.557986823874337881e-05
5.478739369684842586e+01 3.548250932679790386e-05
5.482741370685342730e+01 3.538555597692973135e-05
5.486743371685842874e+01 3.528900590583627917e-05
5.490745372686343018e+01 3.519285684649085236e-05
5.494747373686843162e+01 3.509710654800213731e-05
5.498749374687343305e+01 3.500175277547423801e-05
5.502751375687843449e+01 3.490679330986877233e-05
5.506753376688344304e+01 3.481222594786804569e-05
5.510755377688844447e+01 3.471804850173993914e-05
5.514757378689344591e+01 3.462425879920367160e-05
5.518759379689844735e+01 3.453085468329745940e-05
5.522761380690344879e+01 3.443783401224712455e-05
5.526763381690845023e+01 3.434519465933632252e-05
5.530765382691345167e+01 3.425293451277780678e-05
5.534767383691846021e+01 3.416105147558621798e-05
5.538769384692346165e+01 3.406954346545207259e-05
5.542771385692846309e+01 3.397840841461694411e-05
5.546773386693346453e+01 3.388764426975002665e-05
5.550775387693846596e+01 3.379724899182576914e-05
5.554777388694346740e+01 3.370722055600308171e-05
5.558779389694847595e+01 3.361755695150517217e-05
5.562781390695347739e+01 3.352825618150118500e-05
5.566783391695847882e+01 3.343931626298861289e-05
5.570785392696348026e+01 3.335073522667712445e-05
5.574787393696848170e+01 3.326251111687324576e-05
5.578789394697348314e+01 3.317464199136655980e-05
5.582791395697848458e+01 3.308712592131678680e-05
5.586793396698349312e+01 3.299996099114195557e-05
5.590795397698849456e+01 3.291314529840794358e-05
5.594797398699349600e+01 3.282667695371874222e-05
5.598799399699849744e+01 3.274055408060806363e-05
5.602801400700349888e+01 3.265477481543197760e-05
5.606803401700850031e+01 3.256933730726241583e-05
5.610805402701350175e+01 3.248423971778202461e-05
5.614807403701851030e+01 3.239948022117972230e-05
5.618809404702351173e+01 3.231505700404761202e-05
5.622811405702851317e+01 3.223096826527850422e-05
5.626813406703351461e+01 3.214721221596481481e-05
5.630815407703851605e+01 3.206378707929822229e-05
5.634817408704351749e+01 3.198069109047035479e-05
5.638819409704852603e+01 3.189792249657445971e-05
5.642821410705352747e+01 3.181547955650798143e-05
5.646823411705852891e+01 3.173336054087612146e-05
5.650825412706353035e+01 3.165156373189631348e-05
5.654827413706853179e+01 3.157008742330360640e-05
5.658829414707353322e+01 3.148892992025694858e-05
5.662831415707853466e+01 3.140808953924642761e-05
5.666833416708354321e+01 3.132756460800133669e-05
5.670835417708854465e+01 3.124735346539912880e-05
5.674837418709354608e+01 3.116745446137531272e-05
5.678839419709854752e+01 3.108786595683403340e-05
5.682841420710354896e+01 3.100858632355979764e-05
5.686843421710855040e+01 3.092961394412968080e-05
5.690845422711355184e+01 3.085094721182669224e-05
5.694847423711856038e+01 3.077258453055369648e-05
5.698849424712356182e+01 3.069452431474841174e-05
5.702851425712856326e+01 3.061676498929895735e-05
5.706853426713356470e+01 3.053930498946033634e-05
5.710855427713856614e+01 3.046214276077174803e-05
5.714857428714356757e+01 3.038527675897451398e-05
5.718859429714857612e+01 3.030870544993096268e-05
5.722861430715357756e+01 3.023242730954395129e-05
5.726863431715857899e+01 3.015644082367718016e-05
5.730865432716358043e+01 3.008074448807622562e-05
5.734867433716858187e+01 3.000533680829036226e-05
5.738869434717358331e+01 2.993021629959511360e-05
5.742871435717858475e+01 2.985538148691542962e-05
5.746873436718359329e+01 2.978083090474971462e-05
5.750875437718859473e+01 2.970656309709444139e-05
5.754877438719359617e+01 2.963257661736958847e-05
5.758879439719859761e+01 2.955887002834458585e-05
5.762881440720359905e+01 2.948544190206517872e-05
5.766883441720860048e+01 2.941229081978070800e-05
5.770885442721360192e+01 2.933941537187237343e-05
5.774887443721861047e+01 2.926681415778178801e-05
5.778889444722361191e+01 2.919448578594055233e-05
5.782891445722861334e+01 2.912242887370016428e-05
5.786893446723361478e+01 2.905064204726284354e-05
5.790895447723861622e+01 2.897912394161272204e-05
5.794897448724361766e+01 2.890787320044792543e-05
5.798899449724862620e+01 2.883688847611306122e-05
5.802901450725362764e+01 2.876616842953248610e-05
5.806903451725862908e+01 2.869571173014402732e-05
5.810905452726363052e+01 2.862551705583341892e-05
5.814907453726863196e+01 2.855558309286930727e-05
5.818909454727363340e+01 2.848590853583884936e-05
5.822911455727863483e+01 2.841649208758385001e-05
5.826913456728364338e+01 2.834733245913748504e-05
5.830915457728864482e+01 2.827842836966173607e-05
5.834917458729364625e+01 2.820977854638509293e-05
5.838919459729864769e+01 2.814138172454117424e-05
5.842921460730364913e+01 2.807323664730757169e-05
5.846923461730865057e+01 2.800534206574552769e-05
5.850925462731365201e+01 2.793769673873989769e-05
5.854927463731866055e+01 2.787029943293983076e-05
5.858929464732366199e+01 2.780314892269997198e-05
5.862931465732866343e+01 2.773624399002201714e-05
5.866933466733366487e+01 2.766958342449699930e-05
5.870935467733866631e+01 2.760316602324798196e-05
5.874937468734366774e+01 2.753699059087324683e-05
5.878939469734866918e+01 2.747105593939007118e-05
5.882941470735367773e+01 2.740536088817890502e-05
5.886943471735867917e+01 2.733990426392812753e-05
5.890945472736368060e+01 2.727468490057918313e-05
5.894947473736868204e+01 2.720970163927239504e-05
5.898949474737368348e+01 2.714495332829297539e-05
5.902951475737868492e+01 2.708043882301782820e-05
5.906953476738369346e+01 2.701615698586247428e-05
5.910955477738869490e+01 2.695210668622886381e-05
5.914957478739369634e+01 2.688828680045320932e-05
5.918959479739869778e+01 2.682469621175453348e-05
5.922961480740369922e+01 2.676133381018367099e-05
5.926963481740870066e+01 2.669819849257258206e-05
5.930965482741370209e+01 2.663528916248420473e-05
5.934967483741871064e+01 2.657260473016275095e-05
5.938969484742371208e+01 2.651014411248435844e-05
5.942971485742871351e+01 2.644790623290823047e-05
5.946973486743371495e+01 2.638589002142819906e-05
5.950975487743871639e+01 2.632409441452468138e-05
5.954977488744371783e+01 2.626251835511706281e-05
5.958979489744871927e+01 2.620116079251651734e-05
5.962981490745372781e+01 2.614002068237916994e-05
5.966983491745872925e+01 2.607909698665973678e-05
5.970985492746373069e+01 2.601838867356554493e-05
5.974987493746873213e+01 2.595789471751088401e-05
5.978989494747373357e+01 2.589761409907182207e-05
5.982991495747873500e+01 2.583754580494140776e-05
5.986993496748374355e+01 2.577768882788518070e-05
5.990995497748874499e+01 2.571804216669721732e-05
5.994997498749374643e+01 2.565860482615630193e-05
5.998999499749874786e+01 2.559937581698276871e-05
6.003001500750374930e+01 2.554035415579545214e-05
6.007003501750875074e+01 2.548153886506918285e-05
6.011005502751375218e+01 2.542292897309250712e-05
6.015007503751876072e+01 2.536452351392592142e-05
6.019009504752376216e+01 2.530632152736031015e-05
6.023011505752876360e+01 2.524832205887579006e-05
6.027013506753376504e+01 2.519052415960095433e-05
6.031015507753876648e+01 2.513292688627236416e-05
6.035017508754376792e+01 2.507552930119449759e-05
6.039019509754876935e+01 2.501833047219990510e-05
6.043021510755377790e+01 2.496132947260980566e-05
6.047023511755877934e+01 2.490452538119497069e-05
6.051025512756378077e+01 2.484791728213691308e-05
6.055027513756878221e+01 2.479150426498944200e-05
6.059029514757378365e+01 2.473528542464056000e-05
6.063031515757878509e+01 2.467925986127458030e-05
6.067033516758379363e+01 2.462342668033462356e-05
6.071035517758879507e+01 2.456778499248553140e-05
6.075037518759379651e+01 2.451233391357684766e-05
6.079039519759879795e+01 2.445707256460629773e-05
6.083041520760379939e+01 2.440200007168353890e-05
6.087043521760880083e+01 2.434711556599413105e-05
6.091045522761380226e+01 2.429241818376394422e-05
6.095047523761881081e+01 2.423790706622367479e-05
6.099049524762381225e+01 2.418358135957388328e-05
6.103051525762881369e+01 2.412944021495004923e-05
6.107053526763381512e+01 2.407548278838818838e-05
6.111055527763881656e+01 2.402170824079053092e-05
6.115057528764381800e+01 2.396811573789164355e-05
6.119059529764881944e+01 2.391470445022472776e-05
6.123061530765382798e+01 2.386147355308820264e-05
6.127063531765882942e+01 2.380842222651266386e-05
6.131065532766383086e+01 2.375554965522794424e-05
6.135067533766883230e+01 2.370285502863056395e-05
6.139069534767383374e+01 2.365033754075146537e-05
6.143071535767883518e+01 2.359799639022390033e-05
6.147073536768384372e+01 2.354583078025163252e-05
6.151075537768884516e+01 2.349383991857745838e-05
6.155077538769384660e+01 2.344202301745190408e-05
6.159079539769884803e+01 2.339037929360219032e-05
6.163081540770384947e+01 2.333890796820145785e-05
6.167083541770885091e+01 2.328760826683825064e-05
6.171085542771385235e+01 2.323647941948625640e-05
6.175087543771886089e+01 2.318552066047424375e-05
6.179089544772386233e+01 2.313473122845630762e-05
6.183091545772886377e+01 2.308411036638224003e-05
6.187093546773386521e+01 2.303365732146831762e-05
6.191095547773886665e+01 2.298337134516814003e-05
6.195097548774386809e+01 2.293325169314383073e-05
6.199099549774886952e+01 2.288329762523737685e-05
6.203101550775387807e+01 2.283350840544229085e-05
6.207103551775887951e+01 2.278388330187542800e-05
6.211105552776388095e+01 2.273442158674906144e-05
6.215107553776888238e+01 2.268512253634311641e-05
6.219109554777388382e+01 2.263598543097772978e-05
6.223111555777888526e+01 2.258700955498600611e-05
6.227113556778388670e+01 2.253819419668683801e-05
6.231115557778889524e+01 2.248953864835820770e-05
6.235117558779389668e+01 2.244104220621046816e-05
6.239119559779889812e+01 2.239270417035989203e-05
6.243121560780389956e+01 2.234452384480258298e-05
6.247123561780890100e+01 2.229650053738834305e-05
6.251125562781390244e+01 2.224863355979497025e-05
6.255127563781891098e+01 2.220092222750252238e-05
6.259129564782391242e+01 2.215336585976811603e-05
6.263131565782891386e+01 2.210596377960058340e-05
6.267133566783391529e+01 2.205871531373549839e-05
6.271135567783891673e+01 2.201161979261040592e-05
6.275137568784391817e+01 2.196467655034018009e-05
6.279139569784891961e+01 2.191788492469264317e-05
6.283141570785392815e+01 2.187124425706427270e-05
6.287143571785892959e+01 2.182475389245628125e-05
6.291145572786393103e+01 2.177841317945061834e-05
6.295147573786893247e+01 2.173222147018638898e-05
6.299149574787393391e+01 2.168617812033637397e-05
6.303151575787893535e+01 2.164028248908371951e-05
6.307153576788393678e+01 2.159453393909880985e-05
6.311155577788894533e+01 2.154893183651628895e-05
6.315157578789394677e+01 2.150347555091239727e-05
6.319159579789894821e+01 2.145816445528229505e-05
6.323161580790394964e+01 2.141299792601765312e-05
6.327163581790895108e+01 2.136797534288449460e-05
6.331165582791395252e+01 2.132309608900101615e-05
6.335167583791896107e+01 2.127835955081573452e-05
6.339169584792396250e+01 2.123376511808582623e-05
6.343171585792896394e+01 2.118931218385542659e-05
6.347173586793396538e+01 2.114500014443432513e-05
6.351175587793896682e+01 2.110082839937669488e-05
6.355177588794396826e+01 2.105679635146002839e-05
6.359179589794896970e+01 2.101290340666423634e-05
6.363181590795397824e+01 2.096914897415082067e-05
6.367183591795897968e+01 2.092553246624242384e-05
6.371185592796398112e+01 2.088205329840221204e-05
6.375187593796898256e+01 2.083871088921374968e-05
6.379189594797398399e+01 2.079550466036074176e-05
6.383191595797898543e+01 2.075243403660714215e-05
6.387193596798398687e+01 2.070949844577729234e-05
6.391195597798899541e+01 2.066669731873625678e-05
6.395197598799399685e+01 2.062403008937028682e-05
6.399199599799899829e+01 2.058149619456742712e-05
6.403201600800400684e+01 2.053909507419827784e-05
6.407203601800900117e+01 2.049682617109698714e-05
6.411205602801400971e+01 2.045468893104214898e-05
6.415207603801900405e+01 2.041268280273818530e-05
6.419209604802401259e+01 2.037080723779647752e-05
6.423211605802900692e+01 2.032906169071704012e-05
6.427213606803401547e+01 2.028744561886999096e-05
6.431215607803902401e+01 2.024595848247738074e-05
6.435217608804401834e+01 2.020459974459508679e-05
6.439219609804902689e+01 2.016336887109474084e-05
6.443221610805402122e+01 2.012226533064604965e-05
6.447223611805902976e+01 2.008128859469886850e-05
6.451225612806402410e+01 2.004043813746588778e-05
6.455227613806903264e+01 1.999971343590492665e-05
6.459229614807404118e+01 1.995911396970179581e-05
6.463231615807903552e+01 1.991863922125303843e-05
6.467233616808404406e+01 1.987828867564884376e-05
6.471235617808903839e+01 1.983806182065618441e-05
6.475237618809404694e+01 1.979795814670192648e-05
6.479239619809904127e+01 1.975797714685619729e-05
6.483241620810404982e+01 1.971811831681577668e-05
6.487243621810905836e+01 1.967838115488770531e-05
6.491245622811405269e+01 1.963876516197295377e-05
6.495247623811906124e+01 1.959926984155011898e-05
6.499249624812405557e+01 1.955989469965955412e-05
6.503251625812906411e+01 1.952063924488712935e-05
6.507253626813405845e+01 1.948150298834865315e-05
6.511255627813906699e+01 1.944248544367393119e-05
6.515257628814407553e+01 1.940358612699128932e-05
6.519259629814906987e+01 1.936480455691196785e-05
6.523261630815407841e+01 1.932614025451481735e-05
6.527263631815907274e+01 1.928759274333093687e-05
6.531265632816408129e+01 1.924916154932857640e-05
6.535267633816907562e+01 1.921084620089805295e-05
6.539269634817408416e+01 1.917264622883676142e-05
6.543271635817909271e+01 1.913456116633440235e-05
6.547273636818408704e+01 1.909659054895824357e-05
6.551275637818909559e+01 1.905873391463840889e-05
6.555277638819408992e+01 1.902099080365348874e-05
6.559279639819909846e+01 1.898336075861595766e-05
6.563281640820410701e+01 1.894584332445805591e-05
6.567283641820910134e+01 1.890843804841745092e-05
6.571285642821410988e+01 1.887114448002312912e-05
6.575287643821910422e+01 1.883396217108145376e-05
6.579289644822411276e+01 1.879689067566223294e-05
6.583291645822910709e+01 1.875992955008491293e-05
6.587293646823411564e+01 1.872307835290482238e-05
6.591295647823912418e+01 1.868633664489969433e-05
6.595297648824411851e+01 1.864970398905600190e-05
6.599299649824912706e+01 1.861317995055564287e-05
6.603301650825412139e+01 1.857676409676259387e-05
6.607303651825912993e+01 1.854045599720965603e-05
6.611305652826412427e+01 1.850425522358540724e-05
6.615307653826913281e+01 1.846816134972102571e-05
6.619309654827414136e+01 1.843217395157752353e-05
6.623311655827913569e+01 1.839629260723275314e-05
6.627313656828414423e+01 1.836051689686866458e-05
6.631315657828913857e+01 1.832484640275871860e-05
6.635317658829414711e+01 1.828928070925520146e-05
6.639319659829914144e+01 1.825381940277682441e-05
6.643321660830414999e+01 1.821846207179621466e-05
6.647323661830915853e+01 1.818320830682771137e-05
6.651325662831415286e+01 1.814805770041506670e-05
6.655327663831916141e+01 1.811300984711927567e-05
6.659329664832415574e+01 1.807806434350662280e-05
6.663331665832916428e+01 1.804322078813654925e-05
6.667333666833415862e+01 1.800847878154995693e-05
6.671335667833916716e+01 1.797383792625720781e-05
6.675337668834417570e+01 1.793929782672654323e-05
6.679339669834917004e+01 1.790485808937235758e-05
6.683341670835417858e+01 1.787051832254365837e-05
6.687343671835917291e+01 1.783627813651263123e-05
6.691345672836418146e+01 1.780213714346311351e-05
6.695347673836917579e+01 1.776809495747944055e-05
6.699349674837418434e+01 1.773415119453506834e-05
6.703351675837919288e+01 1.770030547248148075e-05
6.707353676838418721e+01 1.766655741103707988e-05
6.711355677838919576e+01 1.763290663177612380e-05
6.715357678839419009e+01 1.759935275811790482e-05
6.719359679839919863e+01 1.756589541531579571e-05
6.723361680840420718e+01 1.753253423044647544e-05
6.727363681840920151e+01 1.749926883239928362e-05
6.731365682841421005e+01 1.746609885186550050e-05
6.735367683841920439e+01 1.743302392132786068e-05
6.739369684842421293e+01 1.740004367504996858e-05
6.743371685842920726e+01 1.736715774906599856e-05
6.747373686843421581e+01 1.733436578117025941e-05
6.751375687843922435e+01 1.730166741090691482e-05
6.755377688844421868e+01 1.726906227955989686e-05
6.759379689844922723e+01 1.723655003014255529e-05
6.763381690845422156e+01 1.720413030738783869e-05
6.767383691845923011e+01 1.717180275773810304e-05
6.771385692846422444e+01 1.713956702933531315e-05
6.775387693846923298e+01 1.710742277201104776e-05
6.779389694847424153e+01 1.707536963727682974e-05
6.783391695847923586e+01 1.704340727831436494e-05
6.787393696848424440e+01 1.701153534996583175e-05
6.791395697848923874e+01 1.697975350872434357e-05
6.795397698849424728e+01 1.694806141272434677e-05
6.799399699849924161e+01 1.691645872173226276e-05
6.803401700850425016e+01 1.688494509713695031e-05
6.807403701850925870e+01 1.685352020194051361e-05
6.811405702851425303e+01 1.682218370074890356e-05
6.815407703851926158e+01 1.679093525976274950e-05
6.819409704852425591e+01 1.675977454676823159e-05
6.823411705852926445e+01 1.672870123112793622e-05
6.827413706853425879e+01 1.669771498377191812e-05
6.831415707853926733e+01 1.666681547718861344e-05
6.835417708854427588e+01 1.663600238541601358e-05
6.839419709854927021e+01 1.660527538403282563e-05
6.843421710855427875e+01 1.657463415014960559e-05
6.847423711855927309e+01 1.654407836240010850e-05
6.851425712856428163e+01 1.651360770093258088e-05
6.855427713856927596e+01 1.648322184740114819e-05
6.859429714857428451e+01 1.645292048495724616e-05
6.863431715857929305e+01 1.642270329824116405e-05
6.867433716858428738e+01 1.639256997337358452e-05
6.871435717858929593e+01 1.636252019794711999e-05
6.875437718859429026e+01 1.633255366101814393e-05
6.879439719859929880e+01 1.630267005309834084e-05
6.883441720860429314e+01 1.627286906614661875e-05
6.887443721860930168e+01 1.624315039356084901e-05
6.891445722861431022e+01 1.621351373016981942e-05
6.895447723861930456e+01 1.618395877222516711e-05
6.899449724862431310e+01 1.615448521739332158e-05
6.903451725862930743e+01 1.612509276474761034e-05
6.907453726863431598e+01 1.609578111476032050e-05
6.911455727863932452e+01 1.606654996929488238e-05
6.915457728864431886e+01 1.603739903159807001e-05
6.919459729864932740e+01 1.600832800629220504e-05
6.923461730865432173e+01 1.597933659936754362e-05
6.927463731865933028e+01 1.595042451817453791e-05
6.931465732866432461e+01 1.592159147141637200e-05
6.935467733866933315e+01 1.589283716914125053e-05
6.939469734867434170e+01 1.586416132273507019e-05
6.943471735867933603e+01 1.583556364491386077e-05
6.947473736868434457e+01 1.580704384971642274e-05
6.951475737868933891e+01 1.577860165249699538e-05
6.955477738869434745e+01 1.575023676991793836e-05
6.959479739869934178e+01 1.572194891994247438e-05
6.963481740870435033e+01 1.569373782182748603e-05
6.967483741870935887e+01 1.566560319611638713e-05
6.971485742871435320e+01 1.563754476463196023e-05
6.975487743871936175e+01 1.560956225046930928e-05
6.979489744872435608e+01 1.558165537798884622e-05
6.983491745872936463e+01 1.555382387280932838e-05
6.987493746873435896e+01 1.552606746180087887e-05
6.991495747873936750e+01 1.549838587307813924e-05
6.995497748874437605e+01 1.547077883599344911e-05
6.999499749874937038e+01 1.544324608113000895e-05
7.003501750875437892e+01 1.541578734029510044e-05
7.007503751875937326e+01 1.538840234651345926e-05
7.011505752876438180e+01 1.536109083402053947e-05
7.015507753876937613e+01 1.533385253825593719e-05
7.019509754877438468e+01 1.530668719585674307e-05
7.023511755877939322e+01 1.527959454465108109e-05
7.027513756878438755e+01 1.525257432365157291e-05
7.031515757878939610e+01 1.522562627304885123e-05
7.035517758879439043e+01 1.519875013420521387e-05
7.039519759879939897e+01 1.517194564964818122e-05
7.043521760880439331e+01 1.514521256306423327e-05
7.047523761880940185e+01 1.511855061929243145e-05
7.051525762881441040e+01 1.509195956431823700e-05
7.055527763881940473e+01 1.506543914526729375e-05
7.059529764882441327e+01 1.503898911039918886e-05
7.063531765882940761e+01 1.501260920910141685e-05
7.067533766883441615e+01 1.498629919188317088e-05
7.071535767883942469e+01 1.496005881036939489e-05
7.075537768884441903e+01 1.493388781729471032e-05
7.079539769884942757e+01 1.490778596649741241e-05
7.083541770885442190e+01 1.488175301291359850e-05
7.087543771885943045e+01 1.485578871257118296e-05
7.091545772886442478e+01 1.482989282258409496e-05
7.095547773886943332e+01 1.480406510114641197e-05
7.099549774887444187e+01 1.477830530752655751e-05
7.103551775887943620e+01 1.475261320206160750e-05
7.107553776888444474e+01 1.472698854615146087e-05
7.111555777888943908e+01 1.470143110225327294e-05
7.115557778889444762e+01 1.467594063387567862e-05
7.119559779889944195e+01 1.465051690557332566e-05
7.123561780890445050e+01 1.462515968294113178e-05
7.127563781890945904e+01 1.459986873260890429e-05
7.131565782891445338e+01 1.457464382223570059e-05
7.135567783891946192e+01 1.454948472050439864e-05
7.139569784892445625e+01 1.452439119711629800e-05
7.143571785892946480e+01 1.449936302278562258e-05
7.147573786893445913e+01 1.447439996923423686e-05
7.151575787893946767e+01 1.444950180918624518e-05
7.155577788894447622e+01 1.442466831636270627e-05
7.159579789894947055e+01 1.439989926547637827e-05
7.163581790895447909e+01 1.437519443222641799e-05
7.167583791895947343e+01 1.435055359329325296e-05
7.171585792896448197e+01 1.432597652633332982e-05
7.175587793896947630e+01 1.430146300997401691e-05
7.179589794897448485e+01 1.427701282380845768e-05
7.183591795897949339e+01 1.425262574839053252e-05
7.187593796898448772e+01 1.422830156522977999e-05
7.191595797898949627e+01 1.420404005678635353e-05
7.195597798899449060e+01 1.417984100646609857e-05
7.199599799899949915e+01 1.415570419861551601e-05
7.203601800900449348e+01 1.413162941851692063e-05
7.207603801900950202e+01 1.410761645238345542e-05
7.211605802901451057e+01 1.408366508735431095e-05
7.215607803901950490e+01 1.405977511148981933e-05
7.219609804902451344e+01 1.403594631376668035e-05
7.223611805902950778e+01 1.401217848407318254e-05
7.227613806903451632e+01 1.398847141320444617e-05
7.231615807903951065e+01 1.396482489285770534e-05
7.235617808904451920e+01 1.394123871562762216e-05
7.239619809904952774e+01 1.391771267500161793e-05
7.243621810905452207e+01 1.389424656535524491e-05
7.247623811905953062e+01 1.387084018194757343e-05
7.251625812906452495e+01 1.384749332091662464e-05
7.255627813906953349e+01 1.382420577927481013e-05
7.259629814907454204e+01 1.380097735490440365e-05
7.263631815907953637e+01 1.377780784655308405e-05
7.267633816908454492e+01 1.375469705382940873e-05
7.271635817908953925e+01 1.373164477719842601e-05
7.275637818909454779e+01 1.370865081797721294e-05
7.279639819909954213e+01 1.368571497833054869e-05
7.283641820910455067e+01 1.366283706126648964e-05
7.287643821910955921e+01 1.364001687063208167e-05
7.291645822911455355e+01 1.361725421110903524e-05
7.295647823911956209e+01 1.359454888820942416e-05
7.299649824912455642e+01 1.357190070827147750e-05
7.303651825912956497e+01 1.354930947845527332e-05
7.307653826913455930e+01 1.352677500673863729e-05
7.311655827913956784e+01 1.350429710191283470e-05
7.315657828914457639e+01 1.348187557357854706e-05
7.319659829914957072e+01 1.345951023214164710e-05
7.323661830915457926e+01 1.343720088880911097e-05
7.327663831915957360e+01 1.341494735558497623e-05
7.331665832916458214e+01 1.339274944526622353e-05
7.335667833916957647e+01 1.337060697143883625e-05
7.339669834917458502e+01 1.334851974847366361e-05
7.343671835917959356e+01 1.332648759152255474e-05
7.347673836918458790e+01 1.330451031651433195e-05
7.351675837918959644e+01 1.328258774015087234e-05
7.355677838919459077e+01 1.326071967990320125e-05
7.359679839919959932e+01 1.323890595400754854e-05
7.363681840920459365e+01 1.321714638146158770e-05
7.367683841920960219e+01 1.319544078202047176e-05
7.371685842921461074e+01 1.317378897619309959e-05
7.375687843921960507e+01 1.315219078523827373e-05
7.379689844922461361e+01 1.313064603116090907e-05
7.383691845922960795e+01 1.310915453670833472e-05
7.387693846923461649e+01 1.308771612536650778e-05
7.391695847923961082e+01 1.306633062135632533e-05
7.395697848924461937e+01 1.304499784962992291e-05
7.399699849924962791e+01 1.302371763586703229e-05
7.403701850925462224e+01 1.300248980647131380e-05
7.407703851925963079e+01 1.298131418856672087e-05
7.411705852926462512e+01 1.296019060999395435e-05
7.415707853926963367e+01 1.293911889930679319e-05
7.419709854927464221e+01 1.291809888576859782e-05
7.423711855927963654e+01 1.289713039934877978e-05
7.427713856928464509e+01 1.287621327071920861e-05
7.431715857928963942e+01 1.285534733125079654e-05
7.435717858929464796e+01 1.283453241300994613e-05
7.439719859929964230e+01 1.281376834875517899e-05
7.443721860930465084e+01 1.279305497193359695e-05
7.447723861930965938e+01 1.277239211667754471e-05
7.451725862931465372e+01 1.275177961780118274e-05
7.455727863931966226e+01 1.273121731079707884e-05
7.459729864932465659e+01 1.271070503183291656e-05
7.463731865932966514e+01 1.269024261774808168e-05
7.467733866933465947e+01 1.266982990605041294e-05
7.471735867933966802e+01 1.264946673491283767e-05
7.475737868934467656e+01 1.262915294317011578e-05
7.479739869934967089e+01 1.260888837031561766e-05
7.483741870935467944e+01 1.258867285649800716e-05
7.487743871935967377e+01 1.256850624251806696e-05
7.491745872936468231e+01 1.254838836982546627e-05
7.495747873936967665e+01 1.252831908051559800e-05
7.499749874937468519e+01 1.250829821732638376e-05
7.503751875937969373e+01 1.248832562363512629e-05
7.507753876938468807e+01 1.246840114345543134e-05
7.511755877938969661e+01 1.244852462143396014e-05
7.515757878939469094e+01 1.242869590284749529e-05
7.519759879939969949e+01 1.240891483359973725e-05
7.523761880940469382e+01 1.238918126021829744e-05
7.527763881940970236e+01 1.236949502985163358e-05
7.531765882941471091e+01 1.234985599026605128e-05
7.535767883941970524e+01 1.233026398984267332e-05
7.539769884942471379e+01 1.231071887757442419e-05
7.543771885942970812e+01 1.229122050306309262e-05
7.547773886943471666e+01 1.227176871651636695e-05
7.551775887943971100e+01 1.225236336874487897e-05
7.555777888944471954e+01 1.223300431115926474e-05
7.559779889944972808e+01 1.221369139576730160e-05
7.563781890945472242e+01 1.219442447517099439e-05
7.567783891945973096e+01 1.217520340256367012e-05
7.571785892946472529e+01 1.215602803172716751e-05
7.575787893946973384e+01 1.213689821702894184e-05
7.579789894947472817e+01 1.211781381341931039e-05
7.583791895947973671e+01 1.209877467642855562e-05
7.587793896948474526e+01 1.207978066216419765e-05
7.591795897948973959e+01 1.206083162730819067e-05
7.595797898949474813e+01 1.204192742911413953e-05
7.599799899949974247e+01 1.202306792540458247e-05
7.603801900950475101e+01 1.200425297456824844e-05
7.607803901950975956e+01 1.198548243555733135e-05
7.611805902951475389e+01 1.196675616788480326e-05
7.615807903951976243e+01 1.194807403162170390e-05
7.619809904952475677e+01 1.192943588739450298e-05
7.623811905952976531e+01 1.191084159638239818e-05
7.627813906953475964e+01 1.189229102031472830e-05
7.631815907953976819e+01 1.187378402146829666e-05
7.635817908954477673e+01 1.185532046266479267e-05
7.639819909954977106e+01 1.183690020726817457e-05
7.643821910955477961e+01 1.181852311918208087e-05
7.647823911955977394e+01 1.180018906284730107e-05
7.651825912956478248e+01 1.178189790323915671e-05
7.655827913956977682e+01 1.176364950586502967e-05
7.659829914957478536e+01 1.174544373676178211e-05
7.663831915957979390e+01 1.172728046249328149e-05
7.667833916958478824e+01 1.170915955014787466e-05
7.671835917958979678e+01 1.169108086733590946e-05
7.675837918959479111e+01 1.167304428218729868e-05
7.679839919959979966e+01 1.165504966334900262e-05
7.683841920960479399e+01 1.163709687998264731e-05
7.687843921960980254e+01 1.161918580176202908e-05
7.691845922961481108e+01 1.160131629887076494e-05
7.695847923961980541e+01 1.158348824199986326e-05
7.699849924962481396e+01 1.156570150234530126e-05
7.703851925962980829e+01 1.154795595160570246e-05
7.707853926963481683e+01 1.153025146197994127e-05
7.711855927963981117e+01 1.151258790616478652e-05
7.715857928964481971e+01 1.149496515735259417e-05
7.719859929964982825e+01 1.147738308922897796e-05
7.723861930965482259e+01 1.145984157597045295e-05
7.727863931965983113e+01 1.144234049224218582e-05
7.731865932966482546e+01 1.142487971319570281e-05
7.735867933966983401e+01 1.140745911446657388e-05
7.739869934967482834e+01 1.139007857217221895e-05
7.743871935967983688e+01 1.137273796290958870e-05
7.747873936968484543e+01 1.135543716375298939e-05
7.751875937968983976e+01 1.133817605225180435e-05
7.755877938969484831e+01 1.132095450642832555e-05
7.759879939969984264e+01 1.130377240477553102e-05
7.763881940970485118e+01 1.128662962625486900e-05
7.767883941970985973e+01 1.126952605029417253e-05
7.771885942971485406e+01 1.125246155678538773e-05
7.775887943971986260e+01 1.123543602608246804e-05
7.779889944972485694e+01 1.121844933899926347e-05
7.783891945972986548e+01 1.120150137680732673e-05
7.787893946973485981e+01 1.118459202123385160e-05
7.791895947973986836e+01 1.116772115445952480e-05
7.795897948974487690e+01 1.115088865911646267e-05
7.799899949974987123e+01 1.113409441828612405e-05
7.803901950975487978e+01 1.111733831549719269e-05
7.807903951975987411e+01 1.110062023472358339e-05
7.811905952976488265e+01 1.108394006038234467e-05
7.815907953976987699e+01 1.106729767733164288e-05
7.819909954977488553e+01 1.105069297086869882e-05
7.823911955977989408e+01 1.103412582672783956e-05
7.827913956978488841e+01 1.101759613107841982e-05
7.831915957978989695e+01 1.100110377052285176e-05
7.835917958979489129e+01 1.098464863209465175e-05
7.839919959979989983e+01 1.096823060325640579e-05
7.843921960980489416e+01 1.095184957189787382e-05
7.847923961980990271e+01 1.093550542633395856e-05
7.851925962981491125e+01 1.091919805530283358e-05
7.855927963981990558e+01 1.090292734796400019e-05
7.859929964982491413e+01 1.088669319389629349e-05
7.863931965982990846e+01 1.087049548309608166e-05
7.867933966983491700e+01 1.085433410597526859e-05
7.871935967983991134e+01 1.083820895335946090e-05
7.875937968984491988e+01 1.082211991648606725e-05
7.879939969984992842e+01 1.080606688700241788e-05
7.883941970985492276e+01 1.079004975696392487e-05
7.887943971985993130e+01 1.077406841883221019e-05
7.891945972986492563e+01 1.075812276547327951e-05
7.895947973986993418e+01 1.074221269015567059e-05
7.899949974987492851e+01 1.072633808654867109e-05
7.903951975987993706e+01 1.071049884872044328e-05
7.907953976988494560e+01 1.069469487113627404e-05
7.911955977988993993e+01 1.067892604865678425e-05
7.915957978989494848e+01 1.066319227653608733e-05
7.919959979989994281e+01 1.064749345042009348e-05
7.923961980990495135e+01 1.063182946634466147e-05
7.927963981990994569e+01 1.061620022073392657e-05
7.931965982991495423e+01 1.060060561039847946e-05
7.935967983991996277e+01 1.058504553253368738e-05
7.939969984992495711e+01 1.056951988471793571e-05
7.943971985992996565e+01 1.055402856491088477e-05
7.947973986993495998e+01 1.053857147145185200e-05
7.951975987993996853e+01 1.052314850305797386e-05
7.955977988994497707e+01 1.050775955882264904e-05
7.959979989994997140e+01 1.049240453821376640e-05
7.963981990995497995e+01 1.047708334107206011e-05
7.967983991995997428e+01 1.046179586760944601e-05
7.971985992996498283e+01 1.044654201840736314e-05
7.975987993996997716e+01 1.043132169441512714e-05
7.979989994997498570e+01 1.041613479694826833e-05
7.983991995997999425e+01 1.040098122768694606e-05
7.987993996998498858e+01 1.038586088867428011e-05
7.991995997998999712e+01 1.037077368231474973e-05
7.995997998999499146e+01 1.035571951137263177e-05
8.000000000000000000e+01 1.034069827897031843e-05
