0.000000000000000000e+00 1.281278795328445741e-04
4.002001000500250011e-02 1.287568113607865522e-04
8.004002001000500022e-02 1.293906887155318224e-04
1.200600300150075073e-01 1.300295661287370272e-04
1.600800400200100004e-01 1.306734989126732331e-04
2.001000500250124936e-01 1.313225431740218613e-04
2.401200600300150145e-01 1.319767558279621598e-04
2.801400700350175077e-01 1.326361946125554497e-04
3.201600800400200009e-01 1.333009181034360371e-04
3.601800900450224940e-01 1.339709857288129934e-04
4.002001000500249872e-01 1.346464577847940791e-04
4.402201100550274804e-01 1.353273954510361211e-04
4.802401200600300291e-01 1.360138608067339042e-04
5.202601300650324667e-01 1.367059168469526745e-04
5.602801400700350154e-01 1.374036274993146881e-04
6.003001500750374531e-01 1.381070576410483447e-04
6.403201600800400017e-01 1.388162731164084703e-04
6.803401700850425504e-01 1.395313407544782937e-04
7.203601800900449881e-01 1.402523283873618163e-04
7.603801900950475368e-01 1.409793048687768503e-04
8.004002001000499744e-01 1.417123400930595369e-04
8.404202101050525231e-01 1.424515050145892380e-04
8.804402201100549608e-01 1.431968716676474340e-04
9.204602301150575094e-01 1.439485131867188669e-04
9.604802401200600581e-01 1.447065038272482931e-04
1.000500250125062607e+00 1.454709189868645268e-04
1.040520260130064933e+00 1.462418352270828336e-04
1.080540270135067482e+00 1.470193302955002024e-04
1.120560280140070031e+00 1.478034831484938767e-04
1.160580290145072579e+00 1.485943739744394632e-04
1.200600300150074906e+00 1.493920842174596480e-04
1.240620310155077455e+00 1.501966966017193516e-04
1.280640320160080003e+00 1.510082951562812805e-04
1.320660330165082552e+00 1.518269652405373528e-04
1.360680340170085101e+00 1.526527935702304446e-04
1.400700350175087427e+00 1.534858682440840222e-04
1.440720360180089976e+00 1.543262787710544576e-04
1.480740370185092525e+00 1.551741160982243522e-04
1.520760380190095074e+00 1.560294726393534291e-04
1.560780390195097400e+00 1.568924423041055064e-04
1.600800400200099949e+00 1.577631205279704171e-04
1.640820410205102498e+00 1.586416043028985483e-04
1.680840420210105046e+00 1.595279922086701981e-04
1.720860430215107595e+00 1.604223844450185341e-04
1.760880440220109922e+00 1.613248828645267544e-04
1.800900450225112470e+00 1.622355910063231663e-04
1.840920460230115019e+00 1.631546141305946214e-04
1.880940470235117568e+00 1.640820592539425106e-04
1.920960480240120116e+00 1.650180351856052005e-04
1.960980490245122443e+00 1.659626525645709776e-04
2.001000500250125214e+00 1.669160238976075518e-04
2.041020510255127540e+00 1.678782635982342176e-04
2.081040520260129867e+00 1.688494880266634018e-04
2.121060530265132638e+00 1.698298155307410048e-04
2.161080540270134964e+00 1.708193664879123161e-04
2.201100550275137291e+00 1.718182633482459208e-04
2.241120560280140062e+00 1.728266306785439233e-04
2.281140570285142388e+00 1.738445952075733168e-04
2.321160580290145159e+00 1.748722858724487757e-04
2.361180590295147486e+00 1.759098338662028118e-04
2.401200600300149812e+00 1.769573726865781248e-04
2.441220610305152583e+00 1.780150381860779796e-04
2.481240620310154910e+00 1.790829686233138857e-04
2.521260630315157680e+00 1.801613047156870075e-04
2.561280640320160007e+00 1.812501896934473253e-04
2.601300650325162334e+00 1.823497693551686554e-04
2.641320660330165104e+00 1.834601921246846055e-04
2.681340670335167431e+00 1.845816091095305684e-04
2.721360680340170202e+00 1.857141741609363958e-04
2.761380690345172528e+00 1.868580439354190564e-04
2.801400700350174855e+00 1.880133779580244737e-04
2.841420710355177626e+00 1.891803386872689869e-04
2.881440720360179952e+00 1.903590915818348871e-04
2.921460730365182723e+00 1.915498051690742685e-04
2.961480740370185050e+00 1.927526511153780046e-04
3.001500750375187376e+00 1.939678042984698881e-04
3.041520760380190147e+00 1.951954428816855933e-04
3.081540770385192474e+00 1.964357483903015386e-04
3.121560780390194800e+00 1.976889057899776185e-04
3.161580790395197571e+00 1.989551035673833563e-04
3.201600800400199898e+00 2.002345338130773265e-04
3.241620810405202668e+00 2.015273923067127334e-04
3.281640820410204995e+00 2.028338786046459882e-04
3.321660830415207322e+00 2.041541961300263202e-04
3.361680840420210092e+00 2.054885522654479268e-04
3.401700850425212419e+00 2.068371584482501786e-04
3.441720860430215190e+00 2.082002302685523191e-04
3.481740870435217516e+00 2.095779875701167375e-04
3.521760880440219843e+00 2.109706545541314038e-04
3.561780890445222614e+00 2.123784598860135127e-04
3.601800900450224940e+00 2.138016368053348177e-04
3.641820910455227711e+00 2.152404232389737405e-04
3.681840920460230038e+00 2.166950619176071207e-04
3.721860930465232364e+00 2.181658004956529818e-04
3.761880940470235135e+00 2.196528916747854442e-04
3.801900950475237462e+00 2.211565933311435432e-04
3.841920960480240232e+00 2.226771686463644069e-04
3.881940970485242559e+00 2.242148862425725792e-04
3.921960980490244886e+00 2.257700203214647817e-04
3.961980990495247656e+00 2.273428508076349357e-04
4.002001000500250427e+00 2.289336634962895248e-04
4.042021010505252754e+00 2.305427502055083680e-04
4.082041020510255080e+00 2.321704089332155994e-04
4.122061030515257407e+00 2.338169440190277426e-04
4.162081040520259734e+00 2.354826663111561993e-04
4.202101050525262949e+00 2.371678933385483056e-04
4.242121060530265275e+00 2.388729494884552255e-04
4.282141070535267602e+00 2.405981661896290234e-04
4.322161080540269928e+00 2.423438821013528248e-04
4.362181090545272255e+00 2.441104433085229664e-04
4.402201100550274582e+00 2.458982035230049094e-04
4.442221110555277797e+00 2.477075242915012781e-04
4.482241120560280123e+00 2.495387752101717121e-04
4.522261130565282450e+00 2.513923341462649869e-04
4.562281140570284776e+00 2.532685874670242065e-04
4.602301150575287103e+00 2.551679302761459840e-04
4.642321160580290318e+00 2.570907666580818200e-04
4.682341170585292645e+00 2.590375099304831406e-04
4.722361180590294971e+00 2.610085829051069601e-04
4.762381190595297298e+00 2.630044181575099250e-04
4.802401200600299624e+00 2.650254583058761645e-04
4.842421210605302839e+00 2.670721562993360839e-04
4.882441220610305166e+00 2.691449757161534046e-04
4.922461230615307493e+00 2.712443910721724417e-04
4.962481240620309819e+00 2.733708881399340399e-04
5.002501250625312146e+00 2.755249642788906500e-04
5.042521260630315361e+00 2.777071287771681039e-04
5.082541270635317687e+00 2.799179032053426266e-04
5.122561280640320014e+00 2.821578217827242288e-04
5.162581290645322341e+00 2.844274317566607710e-04
5.202601300650324667e+00 2.867272937953972115e-04
5.242621310655327882e+00 2.890579823950568039e-04
5.282641320660330209e+00 2.914200863013302568e-04
5.322661330665332535e+00 2.938142089464923674e-04
5.362681340670334862e+00 2.962409689023911760e-04
5.402701350675337189e+00 2.987010003500895983e-04
5.442721360680340403e+00 3.011949535668693089e-04
5.482741370685342730e+00 3.037234954313413975e-04
5.522761380690345057e+00 3.062873099474465910e-04
5.562781390695347383e+00 3.088870987881675730e-04
5.602801400700349710e+00 3.115235818598079674e-04
5.642821410705352925e+00 3.141974978877484456e-04
5.682841420710355251e+00 3.169096050246244058e-04
5.722861430715357578e+00 3.196606814819244794e-04
5.762881440720359905e+00 3.224515261860544922e-04
5.802901450725362231e+00 3.252829594599699497e-04
5.842921460730365446e+00 3.281558237315322082e-04
5.882941470735367773e+00 3.310709842698039392e-04
5.922961480740370099e+00 3.340293299505662822e-04
5.962981490745372426e+00 3.370317740524019878e-04
6.003001500750374753e+00 3.400792550847598684e-04
6.043021510755377079e+00 3.431727376494958883e-04
6.083041520760380294e+00 3.463132133374602763e-04
6.123061530765382621e+00 3.495017016617829836e-04
6.163081540770384947e+00 3.527392510296066866e-04
6.203101550775387274e+00 3.560269397541006645e-04
6.243121560780389601e+00 3.593658771086969241e-04
6.283141570785392815e+00 3.627572044255923493e-04
6.323161580790395142e+00 3.662020962406742179e-04
6.363181590795397469e+00 3.697017614871472130e-04
6.403201600800399795e+00 3.732574447402653341e-04
6.443221610805402122e+00 3.768704275157083966e-04
6.483241620810405337e+00 3.805420296242875504e-04
6.523261630815407663e+00 3.842736105858163081e-04
6.563281640820409990e+00 3.880665711051435444e-04
6.603301650825412317e+00 3.919223546135242064e-04
6.643321660830414643e+00 3.958424488786819280e-04
6.683341670835417858e+00 3.998283876871162640e-04
6.723361680840420185e+00 4.038817526024180804e-04
6.763381690845422511e+00 4.080041748035784645e-04
6.803401700850424838e+00 4.121973370075108709e-04
6.843421710855427165e+00 4.164629754802706002e-04
6.883441720860430380e+00 4.208028821417123932e-04
6.923461730865432706e+00 4.252189067686287642e-04
6.963481740870435033e+00 4.297129593017152212e-04
7.003501750875437359e+00 4.342870122620392549e-04
7.043521760880439686e+00 4.389431032830446756e-04
7.083541770885442901e+00 4.436833377645032161e-04
7.123561780890445227e+00 4.485098916552234904e-04
7.163581790895447554e+00 4.534250143717716524e-04
7.203601800900449881e+00 4.584310318609127006e-04
7.243621810905452207e+00 4.635303498139844492e-04
7.283641820910455422e+00 4.687254570419511828e-04
7.323661830915457749e+00 4.740189290204550074e-04
7.363681840920460075e+00 4.794134316148005262e-04
7.403701850925462402e+00 4.849117249954660387e-04
7.443721860930464729e+00 4.905166677554500870e-04
7.483741870935467944e+00 4.962312212415230126e-04
7.523761880940470270e+00 5.020584541122753404e-04
7.563781890945472597e+00 5.080015471367433592e-04
7.603801900950474923e+00 5.140637982483357458e-04
7.643821910955477250e+00 5.202486278698291097e-04
7.683841920960480465e+00 5.265595845262903375e-04
7.723861930965482792e+00 5.330003507639889801e-04
7.763881940970485118e+00 5.395747493946531246e-04
7.803901950975487445e+00 5.462867500858117073e-04
7.843921960980489771e+00 5.531404763194723963e-04
7.883941970985492098e+00 5.601402127430230547e-04
7.923961980990495313e+00 5.672904129379950210e-04
7.963981990995497640e+00 5.745957076342443973e-04
8.004002001000500854e+00 5.820609133991785792e-04
8.044022011005502293e+00 5.896910418338893690e-04
8.084042021010505508e+00 5.974913093105033331e-04
8.124062031015506946e+00 6.054671472876907738e-04
8.164082041020510161e+00 6.136242132441572551e-04
8.204102051025513376e+00 6.219684022730604354e-04
8.244122061030514814e+00 6.305058593836955624e-04
8.284142071035518029e+00 6.392429925604992211e-04
8.324162081040519467e+00 6.481864866334442928e-04
8.364182091045522682e+00 6.573433180183121081e-04
8.404202101050525897e+00 6.667207703901169204e-04
8.444222111055527336e+00 6.763264513582104530e-04
8.484242121060530550e+00 6.861683102173268909e-04
8.524262131065531989e+00 6.962546568550883252e-04
8.564282141070535204e+00 7.065941819033853171e-04
8.604302151075536642e+00 7.171959782285337740e-04
8.644322161080539857e+00 7.280695638634047777e-04
8.684342171085543072e+00 7.392249064937509622e-04
8.724362181090544510e+00 7.506724496209273749e-04
8.764382191095547725e+00 7.624231405341463062e-04
8.804402201100549163e+00 7.744884602374532256e-04
8.844422211105552378e+00 7.868804554898920075e-04
8.884442221110555593e+00 7.996117731319676110e-04
8.924462231115557032e+00 8.126956968876734334e-04
8.964482241120560246e+00 8.261461868492191900e-04
9.004502251125561685e+00 8.399779218713302473e-04
9.044522261130564900e+00 8.542063451238967329e-04
9.084542271135568114e+00 8.688477130759499154e-04
9.124562281140569553e+00 8.839191482108981358e-04
9.164582291145572768e+00 8.994386958027962564e-04
9.204602301150574206e+00 9.154253851166826690e-04
9.244622311155577421e+00 9.318992954330274645e-04
9.284642321160580636e+00 9.488816273375553275e-04
9.324662331165582074e+00 9.663947797637873708e-04
9.364682341170585289e+00 9.844624333270439193e-04
9.404702351175586728e+00 1.003109640546227029e-03
9.444722361180589942e+00 1.022362923614178595e-03
9.484742371185593157e+00 1.042250380449702765e-03
9.524762381190594596e+00 1.062801799845608085e-03
9.564782391195597810e+00 1.084048786618477603e-03
9.604802401200599249e+00 1.106024897768759880e-03
9.644822411205602464e+00 1.128765790775917294e-03
9.684842421210605679e+00 1.152309385284425690e-03
9.724862431215607117e+00 1.176696039584825297e-03
9.764882441220610332e+00 1.201968743462104253e-03
9.804902451225611770e+00 1.228173329174433743e-03
9.844922461230614985e+00 1.255358702542218449e-03
9.884942471235618200e+00 1.283577096374235137e-03
9.924962481240619638e+00 1.312884348739390286e-03
9.964982491245622853e+00 1.343340208914343883e-03
1.000500250125062429e+01 1.375008674205634510e-03
1.004502251125562751e+01 1.407958361267381414e-03
1.008504252126063072e+01 1.442262916020955413e-03
1.012506253126563216e+01 1.478001466841792275e-03
1.016508254127063537e+01 1.515259126323042225e-03
1.020510255127563681e+01 1.554127547670797150e-03
1.024512256128064003e+01 1.594705542648705348e-03
1.028514257128564324e+01 1.637099768991692522e-03
1.032516258129064468e+01 1.681425496374405835e-03
1.036518259129564790e+01 1.727807461379611857e-03
1.040520260130064933e+01 1.776380823501351458e-03
1.044522261130565255e+01 1.827292236080598755e-03
1.048524262131065576e+01 1.880701048259923649e-03
1.052526263131565720e+01 1.936780656622284899e-03
1.056528264132066042e+01 1.995720028225008141e-03
1.060530265132566186e+01 2.057725420348150650e-03
1.064532266133066507e+01 2.123022326563129853e-03
1.068534267133566829e+01 2.191857683835340530e-03
1.072536268134066972e+01 2.264502381479985022e-03
1.076538269134567294e+01 2.341254120111927860e-03
1.080540270135067438e+01 2.422440677539061844e-03
1.084542271135567759e+01 2.508423649184019551e-03
1.088544272136068081e+01 2.599602743504854808e-03
1.092546273136568225e+01 2.696420728557068994e-03
1.096548274137068546e+01 2.799369144972063770e-03
1.100550275137568690e+01 2.908994924079556614e-03
1.104552276138069011e+01 3.025908078769188551e-03
1.108554277138569333e+01 3.150790670373564920e-03
1.112556278139069477e+01 3.284407299173416547e-03
1.116558279139569798e+01 3.427617421421074242e-03
1.120560280140069942e+01 3.581389865110650144e-03
1.124562281140570263e+01 3.746820004101451482e-03
1.128564282141070585e+01 3.925150160911912781e-03
1.132566283141570729e+01 4.117793949563213450e-03
1.136568284142071050e+01 4.326365450637222401e-03
1.140570285142571194e+01 4.552714343832071561e-03
1.144572286143071516e+01 4.798968425832153203e-03
1.148574287143571837e+01 5.067585336572359711e-03
1.152576288144071981e+01 5.361415837045408264e-03
1.156578289144572302e+01 5.683781671162490765e-03
1.160580290145072446e+01 6.038571965068263540e-03
1.164582291145572768e+01 6.430363357579744164e-03
1.168584292146073089e+01 6.864570740231207453e-03
1.172586293146573233e+01 7.347637794863238342e-03
1.176588294147073555e+01 7.887279712584190083e-03
1.180590295147573698e+01 8.492794944881009930e-03
1.184592296148074020e+01 9.175469147037320153e-03
1.188594297148574341e+01 9.949103484399939371e-03
1.192596298149074485e+01 1.083071248884986265e-02
1.196598299149574807e+01 1.184145568487869615e-02
1.200600300150074951e+01 1.300789538057869552e-02
1.204602301150575272e+01 1.436371526912853629e-02
1.208604302151075416e+01 1.595209866747295674e-02
1.212606303151575737e+01 1.782906396900058726e-02
1.216608304152076059e+01 2.006820866828201363e-02
1.220610305152576203e+01 2.276755528594629624e-02
1.224612306153076524e+01 2.605957587393196995e-02
1.228614307153576668e+01 3.012607911667770227e-02
1.232616308154076989e+01 3.522059293113968120e-02
1.236618309154577311e+01 4.170229325778894436e-02
1.240620310155077455e+01 5.008739519746206736e-02
1.244622311155577776e+01 6.112541316567587923e-02
1.248624312156077920e+01 7.590482870262986459e-02
1.252626313156578242e+01 9.597049040404394271e-02
1.256628314157078563e+01 1.233445145678466054e-01
1.260630315157578707e+01 1.600533860230489991e-01
1.264632316158079028e+01 2.061055934661680522e-01
1.268634317158579172e+01 2.545812533541711997e-01
1.272636318159079494e+01 2.872359800054170575e-01
1.276638319159579815e+01 2.849038561904714828e-01
1.280640320160079959e+01 2.501902690703584065e-01
1.284642321160580281e+01 2.041048204153187162e-01
1.288644322161080424e+01 1.631668530862129540e-01
1.292646323161580746e+01 1.328683960146047061e-01
1.296648324162081067e+01 1.129681679835965041e-01
1.300650325162581211e+01 1.017210897134666336e-01
1.304652326163081533e+01 9.700734661015483762e-02
1.308654327163581677e+01 9.562255754347022407e-02
1.312656328164081998e+01 9.271778012572007288e-02
1.316658329164582319e+01 8.451447310687185133e-02
1.320660330165082463e+01 7.207037675372277019e-02
1.324662331165582785e+01 5.916042995247799974e-02
1.328664332166082929e+01 4.817371201965904570e-02
1.332666333166583250e+01 3.959147765176899980e-02
1.336668334167083572e+01 3.306130292661484810e-02
1.340670335167583715e+01 2.808659526785748858e-02
1.344672336168084037e+01 2.425010945647000649e-02
1.348674337168584181e+01 2.124478235441567067e-02
1.352676338169084502e+01 1.885343128815323774e-02
1.356678339169584824e+01 1.692328058657370515e-02
1.360680340170084968e+01 1.534593134242932290e-02
1.364682341170585289e+01 1.404336896516190925e-02
1.368684342171085433e+01 1.295854341619280363e-02
1.372686343171585754e+01 1.204907121189916983e-02
1.376688344172086076e+01 1.128299882944317281e-02
1.380690345172586220e+01 1.063591882036040055e-02
1.384692346173086541e+01 1.008897882588528916e-02
1.388694347173586685e+01 9.627486939300995694e-03
1.392696348174087007e+01 9.239921220605689864e-03
1.396698349174587328e+01 8.917217566470545670e-03
1.400700350175087472e+01 8.652252611350210940e-03
1.404702351175587793e+01 8.439465798980616204e-03
1.408704352176087937e+01 8.274582773613214232e-03
1.412706353176588259e+01 8.154414251353058612e-03
1.416708354177088580e+01 8.076712705060879252e-03
1.420710355177588724e+01 8.040074900738063482e-03
1.424712356178089045e+01 8.043882443238791619e-03
1.428714357178589189e+01 8.088275611716523594e-03
1.432716358179089511e+01 8.174158298100555470e-03
1.436718359179589832e+01 8.303234109107901148e-03
1.440720360180089976e+01 8.478075906348038135e-03
1.444722361180590298e+01 8.702233481414011276e-03
1.448724362181090441e+01 8.980386960931088097e-03
1.452726363181590763e+01 9.318557245142647383e-03
1.456728364182091084e+01 9.724389758763798269e-03
1.460730365182591228e+01 1.020753468953781301e-02
1.464732366183091550e+01 1.078015668100589658e-02
1.468734367183591694e+01 1.145762110946756465e-02
1.472736368184092015e+01 1.225942489561343204e-02
1.476738369184592337e+01 1.321047086141679573e-02
1.480740370185092480e+01 1.434283163087926583e-02
1.484742371185592802e+01 1.569822111655470170e-02
1.488744372186092946e+01 1.733150349163916151e-02
1.492746373186593267e+01 1.931574515309416804e-02
1.496748374187093589e+01 2.174959310080349859e-02
1.500750375187593733e+01 2.476820402450174638e-02
1.504752376188094054e+01 2.855964138844203914e-02
1.508754377188594198e+01 3.338971112827889692e-02
1.512756378189094519e+01 3.963966258728842534e-02
1.516758379189594841e+01 4.786264400851950734e-02
1.520760380190094985e+01 5.886405401210373367e-02
1.524762381190595306e+01 7.379922932506782773e-02
1.528764382191095450e+01 9.422956230752217721e-02
1.532766383191595772e+01 1.219001642462786417e-01
1.536768384192096093e+01 1.575441608345011513e-01
1.540770385192596237e+01 1.975064178720858377e-01
1.544772386193096558e+01 2.291656051866881871e-01
1.548774387193596702e+01 2.349616642044178860e-01
1.552776388194097024e+01 2.109466213936244394e-01
1.556778389194597167e+01 1.721076648189883707e-01
1.560780390195097489e+01 1.342179628770680255e-01
1.564782391195597810e+01 1.037565102183924531e-01
1.568784392196097954e+01 8.103801543481335690e-02
1.572786393196598276e+01 6.445828573534471972e-02
1.576788394197098420e+01 5.233670855210565548e-02
1.580790395197598741e+01 4.337383230393883349e-02
1.584792396198099063e+01 3.665186076459538839e-02
1.588794397198599206e+01 3.153994284321266772e-02
1.592796398199099528e+01 2.760556815000617115e-02
1.596798399199599672e+01 2.455000144348781083e-02
1.600800400200100171e+01 2.216470485080885774e-02
1.604802401200600315e+01 2.030264792537146007e-02
1.608804402201100459e+01 1.885951545266578017e-02
1.612806403201600602e+01 1.776137997943995003e-02
1.616808404202101102e+01 1.695661684745434702e-02
1.620810405202601245e+01 1.641066138642864949e-02
1.624812406203101389e+01 1.610274489930722114e-02
1.628814407203601888e+01 1.602410026683208713e-02
1.632816408204102032e+01 1.617737484757680172e-02
1.636818409204602176e+01 1.657718149588897905e-02
1.640820410205102675e+01 1.725189950102121172e-02
1.644822411205602819e+01 1.824704477875890851e-02
1.648824412206102963e+01 1.963080713082608272e-02
1.652826413206603107e+01 2.150275916918299030e-02
1.656828414207103606e+01 2.400734705249791059e-02
1.660830415207603750e+01 2.735462876780501637e-02
1.664832416208103893e+01 3.185170435554022378e-02
1.668834417208604393e+01 3.794846808227454737e-02
1.672836418209104536e+01 4.629687470915715836e-02
1.676838419209604680e+01 5.780036043736067053e-02
1.680840420210105179e+01 7.354851129572413659e-02
1.684842421210605323e+01 9.430187236167625331e-02
1.688844422211105467e+01 1.188163260217272033e-01
1.692846423211605611e+01 1.408802498012875215e-01
1.696848424212106110e+01 1.494978213054746208e-01
1.700850425212606254e+01 1.388265133168946341e-01
1.704852426213106398e+01 1.158415652147781749e-01
1.708854427213606897e+01 9.133682412437124643e-02
1.712856428214107041e+01 7.089310705397941503e-02
1.716858429214607185e+01 5.541880784965053097e-02
1.720860430215107328e+01 4.406621088707563666e-02
1.724862431215607828e+01 3.575061536531173173e-02
1.728864432216107971e+01 2.959212635385541704e-02
1.732866433216608115e+01 2.495918837058040338e-02
1.736868434217108614e+01 2.141538823192888283e-02
1.740870435217608758e+01 1.866102583350897487e-02
1.744872436218108902e+01 1.648879174589076846e-02
1.748874437218609401e+01 1.475341758390178240e-02
1.752876438219109545e+01 1.335156773515283092e-02
1.756878439219609689e+01 1.220860011770513384e-02
1.760880440220109833e+01 1.126980165223596952e-02
1.764882441220610332e+01 1.049452289880304159e-02
1.768884442221110476e+01 9.852201364792655819e-03
1.772886443221610620e+01 9.319628612355463151e-03
1.776888444222111119e+01 8.879047735111047709e-03
1.780890445222611262e+01 8.516813762127593487e-03
1.784892446223111406e+01 8.222442160616936363e-03
1.788894447223611905e+01 7.987930017580495076e-03
1.792896448224112049e+01 7.807273177158807580e-03
1.796898449224612193e+01 7.676128334663165180e-03
1.800900450225112337e+01 7.591586689187783225e-03
1.804902451225612836e+01 7.552038343520576201e-03
1.808904452226112980e+01 7.557116295318502298e-03
1.812906453226613124e+01 7.607717099308284638e-03
1.816908454227113623e+01 7.706103355440699181e-03
1.820910455227613767e+01 7.856102356841185297e-03
1.824912456228113911e+01 8.063427049891835202e-03
1.828914457228614410e+01 8.336162064153133586e-03
1.832916458229114554e+01 8.685482219577328120e-03
1.836918459229614697e+01 9.126708752106043113e-03
1.840920460230114841e+01 9.680867719212404160e-03
1.844922461230615340e+01 1.037700857089635803e-02
1.848924462231115484e+01 1.125568798682616972e-02
1.852926463231615628e+01 1.237424945617059124e-02
1.856928464232116127e+01 1.381484839294556607e-02
1.860930465232616271e+01 1.569652585161275191e-02
1.864932466233116415e+01 1.819263292909911386e-02
1.868934467233616914e+01 2.155296454820503083e-02
1.872936468234117058e+01 2.612054992657409508e-02
1.876938469234617202e+01 3.229971511901830183e-02
1.880940470235117346e+01 4.034058330834577877e-02
1.884942471235617845e+01 4.967034383831973182e-02
1.888944472236117988e+01 5.780028027997433787e-02
1.892946473236618132e+01 6.065352827318165607e-02
1.896948474237118631e+01 5.647356898252558349e-02
1.900950475237618775e+01 4.815964333967417271e-02
1.904952476238118919e+01 3.959697584597206971e-02
1.908954477238619418e+01 3.265005645846009302e-02
1.912956478239119562e+01 2.756252090156652984e-02
1.916958479239619706e+01 2.400583891399626218e-02
1.920960480240119850e+01 2.159129494968438714e-02
1.924962481240620349e+01 2.001184052091719082e-02
1.928964482241120493e+01 1.905241259627645997e-02
1.932966483241620637e+01 1.856981622567153989e-02
1.936968484242121136e+01 1.847206349141171378e-02
1.940970485242621280e+01 1.870320501091185528e-02
1.944972486243121423e+01 1.923340514431382334e-02
1.948974487243621923e+01 2.005294348195306442e-02
1.952976488244122066e+01 2.116903656371766501e-02
1.956978489244622210e+01 2.260478070775974804e-02
1.960980490245122354e+01 2.439987981771971418e-02
1.964982491245622853e+01 2.661312873584862487e-02
1.968984492246122997e+01 2.932691550357338986e-02
1.972986493246623141e+01 3.265434238382017296e-02
1.976988494247123640e+01 3.675001807476196286e-02
1.980990495247623784e+01 4.182624184551274327e-02
1.984992496248123928e+01 4.817732852194390319e-02
1.988994497248624427e+01 5.621641054810909421e-02
1.992996498249124571e+01 6.653141228815830088e-02
1.996998499249624714e+01 7.996998272219803250e-02
2.001000500250124858e+01 9.776560962466122884e-02
2.005002501250625357e+01 1.217122354404203827e-01
2.009004502251125501e+01 1.543573376722458812e-01
2.013006503251625645e+01 1.990316361660206534e-01
2.017008504252126144e+01 2.590501363499591592e-01
2.021010505252626288e+01 3.343233123864084999e-01
2.025012506253126432e+01 4.131752146227519185e-01
2.029014507253626931e+01 4.651462301615559292e-01
2.033016508254127075e+01 4.585282472875475968e-01
2.037018509254627219e+01 3.978566004643305787e-01
2.041020510255127363e+01 3.177742670464911989e-01
2.045022511255627862e+01 2.451137065168168538e-01
2.049024512256128006e+01 1.883240683399721727e-01
2.053026513256628149e+01 1.463039183204268845e-01
2.057028514257128649e+01 1.155807574768019791e-01
2.061030515257628792e+01 9.296162222242673745e-02
2.065032516258128936e+01 7.606461698994573806e-02
2.069034517258629080e+01 6.322510292892999373e-02
2.073036518259129579e+01 5.329940430547273900e-02
2.077038519259629723e+01 4.549968682373470297e-02
2.081040520260129867e+01 3.927714751509595731e-02
2.085042521260630366e+01 3.424383738681933964e-02
2.089044522261130510e+01 3.012114312726290113e-02
2.093046523261630654e+01 2.670578873241598317e-02
2.097048524262131153e+01 2.384719242263968336e-02
2.101050525262631297e+01 2.143219321834473681e-02
2.105052526263131440e+01 1.937460141926900664e-02
2.109054527263631584e+01 1.760794457704233443e-02
2.113056528264132083e+01 1.608035892647623546e-02
2.117058529264632227e+01 1.475094150252139608e-02
2.121060530265132371e+01 1.358711062089120250e-02
2.125062531265632870e+01 1.256267192744312151e-02
2.129064532266133014e+01 1.165638458817499709e-02
2.133066533266633158e+01 1.085088641079182820e-02
2.137068534267133657e+01 1.013187959513909067e-02
2.141070535267633801e+01 9.487507843164757690e-03
2.145072536268133945e+01 8.907875449075994267e-03
2.149074537268634089e+01 8.384672779490702152e-03
2.153076538269134588e+01 7.910882222515925113e-03
2.157078539269634732e+01 7.480545538991539671e-03
2.161080540270134875e+01 7.088578458688342410e-03
2.165082541270635375e+01 6.730621915698301906e-03
2.169084542271135518e+01 6.402921910504353990e-03
2.173086543271635662e+01 6.102231896770891548e-03
2.177088544272136161e+01 5.825733010476281774e-03
2.181090545272636305e+01 5.570968522334011040e-03
2.185092546273136449e+01 5.335789697070255320e-03
2.189094547273636593e+01 5.118310853411454399e-03
2.193096548274137092e+01 4.916871885921402820e-03
2.197098549274637236e+01 4.730006870010742409e-03
2.201100550275137380e+01 4.556417650835902639e-03
2.205102551275637879e+01 4.394951534850384707e-03
2.209104552276138023e+01 4.244582373926627725e-03
2.213106553276638166e+01 4.104394467063200540e-03
2.217108554277138666e+01 3.973568811894296823e-03
2.221110555277638809e+01 3.851371323718677433e-03
2.225112556278138953e+01 3.737142708291381430e-03
2.229114557278639097e+01 3.630289729801236889e-03
2.233116558279139596e+01 3.530277660089590694e-03
2.237118559279639740e+01 3.436623731424808936e-03
2.241120560280139884e+01 3.348891444725877759e-03
2.245122561280640383e+01 3.266685609356274281e-03
2.249124562281140527e+01 3.189648010530309486e-03
2.253126563281640671e+01 3.117453616816875418e-03
2.257128564282141170e+01 3.049807253846729092e-03
2.261130565282641314e+01 2.986440681653326160e-03
2.265132566283141458e+01 2.927110022524574348e-03
2.269134567283641601e+01 2.871593494151631915e-03
2.273136568284142101e+01 2.819689409503834277e-03
2.277138569284642244e+01 2.771214410457928639e-03
2.281140570285142388e+01 2.726001906944633141e-03
2.285142571285642887e+01 2.683900697394069924e-03
2.289144572286143031e+01 2.644773749683684491e-03
2.293146573286643175e+01 2.608497124717890948e-03
2.297148574287143674e+01 2.574959027279849315e-03
2.301150575287643818e+01 2.544058970960286215e-03
2.305152576288143962e+01 2.515707045843250042e-03
2.309154577288644106e+01 2.489823279261752995e-03
2.313156578289144605e+01 2.466337081367051855e-03
2.317158579289644749e+01 2.445186768518292208e-03
2.321160580290144893e+01 2.426319158623138194e-03
2.325162581290645392e+01 2.409689233569998427e-03
2.329164582291145535e+01 2.395259864810166898e-03
2.333166583291645679e+01 2.383001598993227891e-03
2.337168584292146178e+01 2.372892501348540083e-03
2.341170585292646322e+01 2.364918055255448796e-03
2.345172586293146466e+01 2.359071117170187092e-03
2.349174587293646610e+01 2.355351926792338940e-03
2.353176588294147109e+01 2.353768173072617875e-03
2.357178589294647253e+01 2.354335117400963018e-03
2.361180590295147397e+01 2.357075776084656751e-03
2.365182591295647896e+01 2.362021165046595487e-03
2.369184592296148040e+01 2.369210610561819919e-03
2.373186593296648184e+01 2.378692130825869194e-03
2.377188594297148683e+01 2.390522894234381381e-03
2.381190595297648827e+01 2.404769761476010896e-03
2.385192596298148970e+01 2.421509919931151729e-03
2.389194597298649114e+01 2.440831620463873065e-03
2.393196598299149613e+01 2.462835028537745108e-03
2.397198599299649757e+01 2.487633203730479480e-03
2.401200600300149901e+01 2.515353224231593916e-03
2.405202601300650400e+01 2.546137475858916040e-03
2.409204602301150544e+01 2.580145128619107386e-03
2.413206603301650688e+01 2.617553827981247260e-03
2.417208604302150832e+01 2.658561632975284857e-03
2.421210605302651331e+01 2.703389239148393849e-03
2.425212606303151475e+01 2.752282531535347413e-03
2.429214607303651619e+01 2.805515521404676558e-03
2.433216608304152118e+01 2.863393730983386336e-03
2.437218609304652261e+01 2.926258103086692552e-03
2.441220610305152405e+01 2.994489528154510062e-03
2.445222611305652904e+01 3.068514100350657088e-03
2.449224612306153048e+01 3.148809238051199656e-03
2.453226613306653192e+01 3.235910833447001780e-03
2.457228614307153336e+01 3.330421632691217635e-03
2.461230615307653835e+01 3.433021094106281004e-03
2.465232616308153979e+01 3.544477030159014479e-03
2.469234617308654123e+01 3.665659412852177289e-03
2.473236618309154622e+01 3.797556816734577647e-03
2.477238619309654766e+01 3.941296095479434637e-03
2.481240620310154910e+01 4.098166045882642612e-03
2.485242621310655409e+01 4.269646019508876490e-03
2.489244622311155553e+01 4.457440714162763662e-03
2.493246623311655696e+01 4.663522738852756561e-03
2.497248624312155840e+01 4.890185030906274086e-03
2.501250625312656339e+01 5.140105861043337172e-03
2.505252626313156483e+01 5.416430062055529841e-03
2.509254627313656627e+01 5.722871362786103276e-03
2.513256628314157126e+01 6.063842455232316964e-03
2.517258629314657270e+01 6.444621900522836191e-03
2.521260630315157414e+01 6.871570542884404553e-03
2.525262631315657913e+01 7.352415296174749822e-03
2.529264632316158057e+01 7.896625850460392212e-03
2.533266633316658201e+01 8.515921368148281906e-03
2.537268634317158345e+01 9.224961749090555482e-03
2.541270635317658844e+01 1.004230495079868474e-02
2.545272636318158987e+01 1.099175346475866205e-02
2.549274637318659131e+01 1.210427721245438057e-02
2.553276638319159630e+01 1.342079673490109530e-02
2.557278639319659774e+01 1.499624569180010858e-02
2.561280640320159918e+01 1.690548078937611012e-02
2.565282641320660417e+01 1.925161424907316857e-02
2.569284642321160561e+01 2.217657711854816374e-02
2.573286643321660705e+01 2.587002246584335641e-02
2.577288644322160849e+01 3.055990570774948928e-02
2.581290645322661348e+01 3.643552920395973227e-02
2.585292646323161492e+01 4.342097960227983555e-02
2.589294647323661636e+01 5.088850927518820400e-02
2.593296648324162135e+01 5.802929333389818256e-02
2.597298649324662279e+01 6.522260287019437941e-02
2.601300650325162422e+01 7.440110187538850894e-02
2.605302651325662922e+01 8.787332174875903124e-02
2.609304652326163065e+01 1.077711321149941170e-01
2.613306653326663209e+01 1.361727531911243738e-01
2.617308654327163353e+01 1.744453633848294105e-01
2.621310655327663852e+01 2.202527829015013539e-01
2.625312656328163996e+01 2.619797582523553103e-01
2.629314657328664140e+01 2.787802943006231216e-01
2.633316658329164639e+01 2.590758658980978901e-01
2.637318659329664783e+01 2.156360118034202356e-01
2.641320660330164927e+01 1.689996767994757509e-01
2.645322661330665426e+01 1.299774611299029936e-01
2.649324662331165570e+01 1.004071719946039165e-01
2.653326663331665713e+01 7.870563950647331553e-02
2.657328664332165857e+01 6.280799542689347037e-02
2.661330665332666356e+01 5.103212467526557772e-02
2.665332666333166500e+01 4.216881247360642487e-02
2.669334667333666644e+01 3.538192099393350915e-02
2.673336668334167143e+01 3.009702630024655573e-02
2.677338669334667287e+01 2.591663742273196333e-02
2.681340670335167431e+01 2.256206587383276924e-02
2.685342671335667930e+01 1.983488816282667072e-02
2.689344672336168074e+01 1.759156346251872574e-02
2.693346673336668218e+01 1.572662349951483782e-02
2.697348674337168362e+01 1.416141568560991791e-02
2.701350675337668861e+01 1.283646213183573144e-02
2.705352676338169005e+01 1.170619753888087894e-02
2.709354677338669148e+01 1.073529227857929376e-02
2.713356678339169648e+01 9.896046437443382221e-03
2.717358679339669791e+01 9.166517593926119117e-03
2.721360680340169935e+01 8.529158252365763929e-03
2.725362681340670434e+01 7.969812029225857575e-03
2.729364682341170578e+01 7.476965604761342046e-03
2.733366683341670722e+01 7.041185240074478678e-03
2.737368684342170866e+01 6.654688018786859838e-03
2.741370685342671365e+01 6.311012506735647759e-03
2.745372686343171509e+01 6.004763534262894109e-03
2.749374687343671653e+01 5.731412782567844692e-03
2.753376688344172152e+01 5.487141772691081325e-03
2.757378689344672296e+01 5.268717358420778318e-03
2.761380690345172439e+01 5.073392345237773618e-03
2.765382691345672583e+01 4.898825689406198676e-03
2.769384692346173082e+01 4.743018075217282810e-03
2.773386693346673226e+01 4.604259663166685931e-03
2.777388694347173370e+01 4.481087544648300336e-03
2.781390695347673869e+01 4.372250998182693020e-03
2.785392696348174013e+01 4.276683067162908788e-03
2.789394697348674157e+01 4.193477304780310506e-03
2.793396698349174656e+01 4.121868783748045516e-03
2.797398699349674800e+01 4.061218665426028634e-03
2.801400700350174944e+01 4.011001778890928467e-03
2.805402701350675088e+01 3.970796785861816988e-03
2.809404702351175587e+01 3.940278610209096109e-03
2.813406703351675731e+01 3.919212897339680902e-03
2.817408704352175874e+01 3.907452344186252910e-03
2.821410705352676374e+01 3.904934809211466594e-03
2.825412706353176517e+01 3.911683177770662774e-03
2.829414707353676661e+01 3.927807025328588358e-03
2.833416708354177160e+01 3.953506193694577599e-03
2.837418709354677304e+01 3.989076478678200630e-03
2.841420710355177448e+01 4.034917727730214475e-03
2.845422711355677592e+01 4.091544771643217983e-03
2.849424712356178091e+01 4.159601776832039417e-03
2.853426713356678235e+01 4.239880820492166087e-03
2.857428714357178379e+01 4.333345783752398650e-03
2.861430715357678878e+01 4.441163062686308977e-03
2.865432716358179022e+01 4.564741165898259304e-03
2.869434717358679165e+01 4.705782079514215024e-03
2.873436718359179665e+01 4.866348457585073506e-03
2.877438719359679808e+01 5.048952428072794874e-03
2.881440720360179952e+01 5.256674391590828582e-03
2.885442721360680096e+01 5.493324110545807701e-03
2.889444722361180595e+01 5.763662410621279292e-03
2.893446723361680739e+01 6.073711188571288659e-03
2.897448724362180883e+01 6.431194136516948240e-03
2.901450725362681382e+01 6.846173778598556824e-03
2.905452726363181526e+01 7.331986639070686533e-03
2.909454727363681670e+01 7.906633081736474944e-03
2.913456728364182169e+01 8.594853376257385880e-03
2.917458729364682313e+01 9.431195221146562724e-03
2.921460730365182457e+01 1.046433217423921314e-02
2.925462731365682600e+01 1.176226515638919765e-02
2.929464732366183100e+01 1.341527139932408193e-02
2.933466733366683243e+01 1.552415090429065149e-02
2.937468734367183387e+01 1.813783541136901670e-02
2.941470735367683886e+01 2.108093173986876415e-02
2.945472736368184030e+01 2.373472515904981664e-02
2.949474737368684174e+01 2.527996092380595944e-02
2.953476738369184673e+01 2.562941685092693864e-02
2.957478739369684817e+01 2.561947583929574668e-02
2.961480740370184961e+01 2.610063007451890460e-02
2.965482741370685105e+01 2.749438267847331002e-02
2.969484742371185604e+01 2.997833188977156588e-02
2.973486743371685748e+01 3.371238762581439674e-02
2.977488744372185892e+01 3.895805212336077294e-02
2.981490745372686391e+01 4.614945215902370446e-02
2.985492746373186534e+01 5.596624923122786588e-02
2.989494747373686678e+01 6.942460080406517853e-02
2.993496748374187177e+01 8.795559839414687775e-02
2.997498749374687321e+01 1.133106773168966741e-01
3.001500750375187465e+01 1.467722861796061096e-01
3.005502751375687609e+01 1.865364150529974507e-01
3.009504752376188108e+01 2.229306511419702208e-01
3.013506753376688252e+01 2.382346504960953237e-01
3.017508754377188396e+01 2.222399557494758593e-01
3.021510755377688895e+01 1.855584747706357229e-01
3.025512756378189039e+01 1.458337087532874388e-01
3.029514757378689183e+01 1.125063152813028794e-01
3.033516758379189682e+01 8.725303428456480936e-02
3.037518759379689826e+01 6.875084614505901082e-02
3.041520760380189969e+01 5.523680333798575148e-02
3.045522761380690113e+01 4.526889914498952866e-02
3.049524762381190612e+01 3.780972695897321517e-02
3.053526763381690756e+01 3.214240770765838112e-02
3.057528764382190900e+01 2.777526214099542215e-02
3.061530765382691399e+01 2.436900231668636882e-02
3.065532766383191543e+01 2.168678342625403321e-02
3.069534767383691687e+01 1.956111759778850212e-02
3.073536768384192186e+01 1.787212805922535133e-02
3.077538769384692330e+01 1.653320581124124306e-02
3.081540770385192474e+01 1.548147643990091006e-02
3.085542771385692618e+01 1.467141846201937619e-02
3.089544772386193117e+01 1.407058162761501592e-02
3.093546773386693260e+01 1.365674085584536561e-02
3.097548774387193404e+01 1.341606988165667397e-02
3.101550775387693903e+01 1.334208233401635267e-02
3.105552776388194047e+01 1.343520197582049810e-02
3.109554777388694191e+01 1.370291169406422961e-02
3.113556778389194335e+01 1.416050985619401840e-02
3.117558779389694834e+01 1.483258815258548143e-02
3.121560780390194978e+01 1.575545399361001978e-02
3.125562781390695122e+01 1.698087556613700130e-02
3.129564782391195621e+01 1.858176213946340430e-02
3.133566783391695765e+01 2.066075626510669241e-02
3.137568784392195909e+01 2.336327890323727438e-02
3.141570785392696408e+01 2.689741115441317623e-02
3.145572786393196552e+01 3.156411307709595937e-02
3.149574787393696695e+01 3.780221367797911153e-02
3.153576788394196839e+01 4.625109863357412116e-02
3.157578789394697338e+01 5.782151919851302030e-02
3.161580790395197482e+01 7.371330287060903763e-02
3.165582791395697626e+01 9.515216642537102643e-02
3.169584792396198125e+01 1.222298009886371994e-01
3.173586793396698269e+01 1.510149780829525556e-01
3.177588794397198413e+01 1.707380700677332552e-01
3.181590795397698912e+01 1.695010352563177947e-01
3.185592796398199056e+01 1.480922746557537251e-01
3.189594797398699200e+01 1.189178905930264735e-01
3.193596798399199344e+01 9.211492781979324640e-02
3.197598799399699843e+01 7.105313783301742125e-02
3.201600800400200342e+01 5.543315588467154220e-02
3.205602801400700486e+01 4.400074692501979717e-02
3.209604802401200629e+01 3.557857924609809930e-02
3.213606803401700773e+01 2.928303968146264008e-02
3.217608804402200917e+01 2.449539569414016169e-02
3.221610805402701061e+01 2.079039964635119933e-02
3.225612806403201205e+01 1.787520472133198243e-02
3.229614807403702059e+01 1.554593401636403943e-02
3.233616808404202203e+01 1.365856609326732488e-02
3.237618809404702347e+01 1.210974350461764028e-02
3.241620810405202491e+01 1.082411222663115166e-02
3.245622811405702635e+01 9.745895320335432738e-03
3.249624812406202778e+01 8.833214123536879334e-03
3.253626813406702922e+01 8.054207274890532939e-03
3.257628814407203777e+01 7.384340426469905919e-03
3.261630815407703921e+01 6.804515601070454389e-03
3.265632816408204064e+01 6.299725717946023755e-03
3.269634817408704208e+01 5.858086884163710324e-03
3.273636818409204352e+01 5.470137349937947459e-03
3.277638819409704496e+01 5.128329172843589315e-03
3.281640820410205350e+01 4.826663904288198276e-03
3.285642821410705494e+01 4.560441623335974998e-03
3.289644822411205638e+01 4.326106220651595655e-03
3.293646823411705782e+01 4.121179843752021364e-03
3.297648824412205926e+01 3.944282241001398001e-03
3.301650825412706070e+01 3.795208737171507432e-03
3.305652826413206213e+01 3.674932621575308263e-03
3.309654827413707068e+01 3.585032199330245601e-03
3.313656828414207212e+01 3.525136456707374938e-03
3.317658829414707355e+01 3.486177513046712344e-03
3.321660830415207499e+01 3.442364332039890215e-03
3.325662831415707643e+01 3.361616785943133921e-03
3.329664832416207787e+01 3.240604808104756082e-03
3.333666833416707931e+01 3.109168862711386098e-03
3.337668834417208785e+01 2.995652562855241272e-03
3.341670835417708929e+01 2.911581240271811886e-03
3.345672836418209073e+01 2.858643481516280963e-03
3.349674837418709217e+01 2.836327524363316255e-03
3.353676838419209361e+01 2.845257669406734812e-03
3.357678839419709504e+01 2.888344571912309332e-03
3.361680840420210359e+01 2.971422192118249733e-03
3.365682841420710503e+01 3.104090541681764435e-03
3.369684842421210647e+01 3.301109694097749750e-03
3.373686843421710790e+01 3.584619158971995984e-03
3.377688844422210934e+01 3.987407415898538803e-03
3.381690845422711078e+01 4.557019578490273740e-03
3.385692846423211222e+01 5.358490445341240922e-03
3.389694847423712076e+01 6.466553594376107245e-03
3.393696848424212220e+01 7.919761360024098196e-03
3.397698849424712364e+01 9.585184266017647212e-03
3.401700850425212508e+01 1.095731197034685578e-02
3.405702851425712652e+01 1.127685734702272083e-02
3.409704852426212796e+01 1.029956833687317719e-02
3.413706853426712939e+01 8.623392967560069081e-03
3.417708854427213794e+01 6.947639545701635166e-03
3.421710855427713938e+01 5.580875947489266631e-03
3.425712856428214081e+01 4.549975128054885645e-03
3.429714857428714225e+01 3.788752291844526242e-03
3.433716858429214369e+01 3.224235012825597997e-03
3.437718859429714513e+01 2.799221993319946436e-03
3.441720860430214657e+01 2.473091836157378324e-03
3.445722861430715511e+01 2.217836969271779965e-03
3.449724862431215655e+01 2.014195480370087332e-03
3.453726863431715799e+01 1.848799464677296570e-03
3.457728864432215943e+01 1.712240461466259592e-03
3.461730865432716087e+01 1.597790762087577913e-03
3.465732866433216230e+01 1.500560957830375953e-03
3.469734867433717085e+01 1.416940986191473316e-03
3.473736868434217229e+01 1.344224880362508787e-03
3.477738869434717373e+01 1.280355332383043996e-03
3.481740870435217516e+01 1.223747264949968504e-03
3.485742871435717660e+01 1.173164189549280980e-03
3.489744872436217804e+01 1.127630324038486273e-03
3.493746873436717948e+01 1.086367275748806576e-03
3.497748874437218802e+01 1.048747832825361239e-03
3.501750875437718946e+01 1.014261828687880495e-03
3.505752876438219090e+01 9.824906346034771153e-04
3.509754877438719234e+01 9.530878928141329857e-04
3.513756878439219378e+01 9.257648149517312425e-04
3.517758879439719522e+01 9.002788563015150626e-04
3.521760880440219665e+01 8.764249118659969869e-04
3.525762881440720520e+01 8.540284144177557029e-04
3.529764882441220664e+01 8.329398801426174132e-04
3.533766883441720807e+01 8.130305655269620246e-04
3.537768884442220951e+01 7.941889842470965105e-04
3.541770885442721095e+01 7.763180947604013653e-04
3.545772886443221239e+01 7.593330147942658039e-04
3.549774887443722093e+01 7.431591526365127678e-04
3.553776888444222237e+01 7.277306703115546350e-04
3.557778889444722381e+01 7.129892126852018343e-04
3.561780890445222525e+01 6.988828509225746520e-04
3.565782891445722669e+01 6.853651997107412797e-04
3.569784892446222813e+01 6.723946761092381352e-04
3.573786893446722956e+01 6.599338744348409681e-04
3.577788894447223811e+01 6.479490366843545417e-04
3.581790895447723955e+01 6.364096019938426853e-04
3.585792896448224099e+01 6.252878217809821086e-04
3.589794897448724242e+01 6.145584297120680866e-04
3.593796898449224386e+01 6.041983576223955823e-04
3.597798899449724530e+01 5.941864901096924334e-04
3.601800900450224674e+01 5.845034518000295689e-04
3.605802901450725528e+01 5.751314223198412002e-04
3.609804902451225672e+01 5.660539748472005316e-04
3.613806903451725816e+01 5.572559347998242351e-04
3.617808904452225960e+01 5.487232557775295659e-04
3.621810905452726104e+01 5.404429103371839174e-04
3.625812906453226248e+01 5.324027935580200391e-04
3.629814907453727102e+01 5.245916376696457438e-04
3.633816908454227246e+01 5.169989362764159475e-04
3.637818909454727390e+01 5.096148769297003268e-04
3.641820910455227533e+01 5.024302809819342248e-04
3.645822911455727677e+01 4.954365498093020676e-04
3.649824912456227821e+01 4.886256166187584590e-04
3.653826913456727965e+01 4.819899031638818945e-04
3.657828914457228819e+01 4.755222807862047037e-04
3.661830915457728963e+01 4.692160352769433147e-04
3.665832916458229107e+01 4.630648351206966191e-04
3.669834917458729251e+01 4.570627027396589404e-04
3.673836918459229395e+01 4.512039884056070994e-04
3.677838919459729539e+01 4.454833465287962079e-04
3.681840920460229682e+01 4.398957140689076163e-04
3.685842921460730537e+01 4.344362908442584662e-04
3.689844922461230681e+01 4.291005215423537595e-04
3.693846923461730825e+01 4.238840792581148511e-04
3.697848924462230968e+01 4.187828504063762078e-04
3.701850925462731112e+01 4.137929208727980581e-04
3.705852926463231256e+01 4.089105632827158944e-04
3.709854927463732110e+01 4.041322252808511833e-04
3.713856928464232254e+01 3.994545187265632099e-04
3.717858929464732398e+01 3.948742097196103040e-04
3.721860930465232542e+01 3.903882093804821670e-04
3.725862931465732686e+01 3.859935653173106524e-04
3.729864932466232830e+01 3.816874537184356182e-04
3.733866933466732974e+01 3.774671720159073060e-04
3.737868934467233828e+01 3.733301320707312554e-04
3.741870935467733972e+01 3.692738538355460351e-04
3.745872936468234116e+01 3.652959594547547590e-04
3.749874937468734259e+01 3.613941677660189753e-04
3.753876938469234403e+01 3.575662891704448846e-04
3.757878939469734547e+01 3.538102208418762826e-04
3.761880940470234691e+01 3.501239422484565410e-04
3.765882941470735545e+01 3.465055109620785736e-04
3.769884942471235689e+01 3.429530587335526972e-04
3.773886943471735833e+01 3.394647878132903943e-04
3.777888944472235977e+01 3.360389674991049033e-04
3.781890945472736121e+01 3.326739308943075114e-04
3.785892946473236265e+01 3.293680718607404161e-04
3.789894947473736408e+01 3.261198421526860058e-04
3.793896948474237263e+01 3.229277487187699595e-04
3.797898949474737407e+01 3.197903511600486029e-04
3.801900950475237551e+01 3.167062593334245128e-04
3.805902951475737694e+01 3.136741310904320808e-04
3.809904952476237838e+01 3.106926701422107659e-04
3.813906953476737982e+01 3.077606240422201553e-04
3.817908954477238836e+01 3.048767822789057017e-04
3.821910955477738980e+01 3.020399744711287754e-04
3.825912956478239124e+01 2.992490686597123768e-04
3.829914957478739268e+01 2.965029696889730270e-04
3.833916958479239412e+01 2.938006176725453666e-04
3.837918959479739556e+01 2.911409865382421649e-04
3.841920960480239700e+01 2.885230826470644330e-04
3.845922961480740554e+01 2.859459434818357494e-04
3.849924962481240698e+01 2.834086364012556084e-04
3.853926963481740842e+01 2.809102574554554928e-04
3.857928964482240985e+01 2.784499302594304173e-04
3.861930965482741129e+01 2.760268049209539079e-04
3.865932966483241273e+01 2.736400570198236661e-04
3.869934967483741417e+01 2.712888866354973977e-04
3.873936968484242271e+01 2.689725174203719824e-04
3.877938969484742415e+01 2.666901957161484571e-04
3.881940970485242559e+01 2.644411897108802224e-04
3.885942971485742703e+01 2.622247886344720460e-04
3.889944972486242847e+01 2.600403019905319843e-04
3.893946973486742991e+01 2.578870588226118673e-04
3.897948974487243845e+01 2.557644070130019281e-04
3.901950975487743989e+01 2.536717126123530421e-04
3.905952976488244133e+01 2.516083591985074797e-04
3.909954977488744277e+01 2.495737472630256046e-04
3.913956978489244420e+01 2.475672936239761224e-04
3.917958979489744564e+01 2.455884308636536550e-04
3.921960980490244708e+01 2.436366067899600578e-04
3.925962981490745562e+01 2.417112839202645812e-04
3.929964982491245706e+01 2.398119389866266375e-04
3.933966983491745850e+01 2.379380624613247250e-04
3.937968984492245994e+01 2.360891581017050497e-04
3.941970985492746138e+01 2.342647425134111673e-04
3.945972986493246282e+01 2.324643447311122431e-04
3.949974987493746426e+01 2.306875058158967720e-04
3.953976988494247280e+01 2.289337784685451448e-04
3.957978989494747424e+01 2.272027266579379208e-04
3.961980990495247568e+01 2.254939252638924721e-04
3.965982991495747711e+01 2.238069597337691058e-04
3.969984992496247855e+01 2.221414257522123206e-04
3.973986993496747999e+01 2.204969289234327064e-04
3.977988994497248854e+01 2.188730844654643434e-04
3.981990995497748997e+01 2.172695169158651970e-04
3.985992996498249141e+01 2.156858598483474363e-04
3.989994997498749285e+01 2.141217555998638244e-04
3.993996998499249429e+01 2.125768550076883126e-04
3.997998999499749573e+01 2.110508171560593511e-04
4.002001000500249717e+01 2.095433091319748428e-04
4.006003001500750571e+01 2.080540057897462838e-04
4.010005002501250715e+01 2.065825895239428950e-04
4.014007003501750859e+01 2.051287500503686618e-04
4.018009004502251003e+01 2.036921841947407865e-04
4.022011005502751146e+01 2.022725956887459471e-04
4.026013006503251290e+01 2.008696949731726287e-04
4.030015007503751434e+01 1.994831990078282024e-04
4.034017008504252289e+01 1.981128310879650659e-04
4.038019009504752432e+01 1.967583206669543095e-04
4.042021010505252576e+01 1.954194031849524997e-04
4.046023011505752720e+01 1.940958199033272292e-04
4.050025012506252864e+01 1.927873177446100109e-04
4.054027013506753008e+01 1.914936491377601914e-04
4.058029014507253862e+01 1.902145718685317689e-04
4.062031015507754006e+01 1.889498489347470132e-04
4.066033016508254150e+01 1.876992484062820279e-04
4.070035017508754294e+01 1.864625432895910813e-04
4.074037018509254438e+01 1.852395113965899171e-04
4.078039019509754581e+01 1.840299352177374767e-04
4.082041020510254725e+01 1.828336017991547013e-04
4.086043021510755580e+01 1.816503026236319614e-04
4.090045022511255723e+01 1.804798334953793145e-04
4.094047023511755867e+01 1.793219944283795664e-04
4.098049024512256011e+01 1.781765895382153336e-04
4.102051025512756155e+01 1.770434269372401918e-04
4.106053026513256299e+01 1.759223186329735087e-04
4.110055027513756443e+01 1.748130804296021143e-04
4.114057028514257297e+01 1.737155318324780536e-04
4.118059029514757441e+01 1.726294959555053595e-04
4.122061030515257585e+01 1.715547994313113011e-04
4.126063031515757729e+01 1.704912723241066425e-04
4.130065032516257872e+01 1.694387480451395572e-04
4.134067033516758016e+01 1.683970632706511769e-04
4.138069034517258160e+01 1.673660578622480162e-04
4.142071035517759015e+01 1.663455747896065977e-04
4.146073036518259158e+01 1.653354600554308594e-04
4.150075037518759302e+01 1.643355626225843089e-04
4.154077038519259446e+01 1.633457343433246899e-04
4.158079039519759590e+01 1.623658298905685459e-04
4.162081040520259734e+01 1.613957066911185696e-04
4.166083041520760588e+01 1.604352248607873841e-04
4.170085042521260732e+01 1.594842471413557131e-04
4.174087043521760876e+01 1.585426388393017315e-04
4.178089044522261020e+01 1.576102677662470045e-04
4.182091045522761164e+01 1.566870041810599842e-04
4.186093046523261307e+01 1.557727207335636089e-04
4.190095047523761451e+01 1.548672924097958597e-04
4.194097048524262306e+01 1.539705964787719920e-04
4.198099049524762449e+01 1.530825124407022262e-04
4.202101050525262593e+01 1.522029219766145921e-04
4.206103051525762737e+01 1.513317088993432170e-04
4.210105052526262881e+01 1.504687591058347063e-04
4.214107053526763025e+01 1.496139605307337736e-04
4.218109054527263169e+01 1.487672031012061350e-04
4.222111055527764023e+01 1.479283786929619685e-04
4.226113056528264167e+01 1.470973810874412035e-04
4.230115057528764311e+01 1.462741059301250800e-04
4.234117058529264455e+01 1.454584506899399602e-04
4.238119059529764598e+01 1.446503146197197277e-04
4.242121060530264742e+01 1.438495987176938965e-04
4.246123061530765597e+01 1.430562056899710986e-04
4.250125062531265741e+01 1.422700399139884334e-04
4.254127063531765884e+01 1.414910074028948841e-04
4.258129064532266028e+01 1.407190157708454372e-04
4.262131065532766172e+01 1.399539741991744351e-04
4.266133066533266316e+01 1.391957934034245546e-04
4.270135067533766460e+01 1.384443856012059588e-04
4.274137068534267314e+01 1.376996644808598728e-04
4.278139069534767458e+01 1.369615451709055222e-04
4.282141070535267602e+01 1.362299442102444960e-04
4.286143071535767746e+01 1.355047795191033149e-04
4.290145072536267890e+01 1.347859703706917904e-04
4.294147073536768033e+01 1.340734373635561402e-04
4.298149074537268177e+01 1.333671023946080231e-04
4.302151075537769032e+01 1.326668886328092711e-04
4.306153076538269175e+01 1.319727204934951093e-04
4.310155077538769319e+01 1.312845236133150994e-04
4.314157078539269463e+01 1.306022248257782820e-04
4.318159079539769607e+01 1.299257521373821888e-04
4.322161080540269751e+01 1.292550347043112783e-04
4.326163081540770605e+01 1.285900028096883954e-04
4.330165082541270749e+01 1.279305878413644832e-04
4.334167083541770893e+01 1.272767222702303653e-04
4.338169084542271037e+01 1.266283396290380223e-04
4.342171085542771181e+01 1.259853744917165618e-04
4.346173086543271324e+01 1.253477624531689784e-04
4.350175087543771468e+01 1.247154401095377770e-04
4.354177088544272323e+01 1.240883450389257978e-04
4.358179089544772467e+01 1.234664157825609415e-04
4.362181090545272610e+01 1.228495918263913225e-04
4.366183091545772754e+01 1.222378135831016070e-04
4.370185092546272898e+01 1.216310223745376625e-04
4.374187093546773042e+01 1.210291604145290547e-04
4.378189094547273186e+01 1.204321707920994047e-04
4.382191095547774040e+01 1.198399974550536546e-04
4.386193096548274184e+01 1.192525851939335834e-04
4.390195097548774328e+01 1.186698796263299573e-04
4.394197098549274472e+01 1.180918271815447278e-04
4.398199099549774616e+01 1.175183750855915692e-04
4.402201100550274759e+01 1.169494713465280868e-04
4.406203101550775614e+01 1.163850647401099383e-04
4.410205102551275758e+01 1.158251047957594148e-04
4.414207103551775901e+01 1.152695417828394680e-04
4.418209104552276045e+01 1.147183266972268156e-04
4.422211105552776189e+01 1.141714112481754216e-04
4.426213106553276333e+01 1.136287478454635650e-04
4.430215107553776477e+01 1.130902895868171349e-04
4.434217108554277331e+01 1.125559902456024043e-04
4.438219109554777475e+01 1.120258042587818316e-04
4.442221110555277619e+01 1.114996867151254491e-04
4.446223111555777763e+01 1.109775933436725259e-04
4.450225112556277907e+01 1.104594805024370545e-04
4.454227113556778050e+01 1.099453051673504470e-04
4.458229114557278194e+01 1.094350249214367116e-04
4.462231115557779049e+01 1.089285979442132654e-04
4.466233116558279193e+01 1.084259830013134383e-04
4.470235117558779336e+01 1.079271394343228103e-04
4.474237118559279480e+01 1.074320271508274685e-04
4.478239119559779624e+01 1.069406066146662569e-04
4.482241120560279768e+01 1.064528388363838074e-04
4.486243121560779912e+01 1.059686853638786046e-04
4.490245122561280766e+01 1.054881082732422772e-04
4.494247123561780910e+01 1.050110701597850875e-04
4.498249124562281054e+01 1.045375341292426990e-04
4.502251125562781198e+01 1.040674637891613775e-04
4.506253126563281342e+01 1.036008232404561353e-04
4.510255127563781485e+01 1.031375770691382414e-04
4.514257128564282340e+01 1.026776903382082759e-04
4.518259129564782484e+01 1.022211285797108258e-04
4.522261130565282627e+01 1.017678577869466061e-04
4.526263131565782771e+01 1.013178444068392161e-04
4.530265132566282915e+01 1.008710553324522333e-04
4.534267133566783059e+01 1.004274578956537185e-04
4.538269134567283203e+01 9.998701985992435027e-05
4.542271135567784057e+01 9.954970941330609920e-05
4.546273136568284201e+01 9.911549516148851491e-05
4.550275137568784345e+01 9.868434612102873526e-05
4.554277138569284489e+01 9.825623171270329425e-05
4.558279139569784633e+01 9.783112175498781147e-05
4.562281140570284776e+01 9.740898645766220504e-05
4.566283141570784920e+01 9.698979641553832453e-05
4.570285142571285775e+01 9.657352260230780841e-05
4.574287143571785919e+01 9.616013636450684550e-05
4.578289144572286062e+01 9.574960941559537404e-05
4.582291145572786206e+01 9.534191383014880737e-05
4.586293146573286350e+01 9.493702203815906069e-05
4.590295147573786494e+01 9.453490681944280553e-05
4.594297148574287348e+01 9.413554129815466132e-05
4.598299149574787492e+01 9.373889893740321004e-05
4.602301150575287636e+01 9.334495353396659483e-05
4.606303151575787780e+01 9.295367921310713339e-05
4.610305152576287924e+01 9.256505042348166636e-05
4.614307153576788068e+01 9.217904193214574349e-05
4.618309154577288211e+01 9.179562881965004824e-05
4.622311155577789066e+01 9.141478647522660790e-05
4.626313156578289210e+01 9.103649059206350171e-05
4.630315157578789353e+01 9.066071716266501767e-05
4.634317158579289497e+01 9.028744247429720381e-05
4.638319159579789641e+01 8.991664310451499213e-05
4.642321160580289785e+01 8.954829591677117978e-05
4.646323161580789929e+01 8.918237805610378457e-05
4.650325162581290783e+01 8.881886694490134099e-05
4.654327163581790927e+01 8.845774027874425303e-05
4.658329164582291071e+01 8.809897602231965595e-05
4.662331165582791215e+01 8.774255240541013929e-05
4.666333166583291359e+01 8.738844791895287523e-05
4.670335167583791502e+01 8.703664131116901686e-05
4.674337168584292357e+01 8.668711158376122498e-05
4.678339169584792501e+01 8.633983798817845606e-05
4.682341170585292645e+01 8.599480002194589729e-05
4.686343171585792788e+01 8.565197742505945217e-05
4.690345172586292932e+01 8.531135017644327263e-05
4.694347173586793076e+01 8.497289849046861618e-05
4.698349174587293220e+01 8.463660281353351336e-05
4.702351175587794074e+01 8.430244382070117175e-05
4.706353176588294218e+01 8.397040241239711676e-05
4.710355177588794362e+01 8.364045971116245326e-05
4.714357178589294506e+01 8.331259705846303157e-05
4.718359179589794650e+01 8.298679601155374498e-05
4.722361180590294794e+01 8.266303834039562802e-05
4.726363181590794937e+01 8.234130602462578238e-05
4.730365182591295792e+01 8.202158125057888390e-05
4.734367183591795936e+01 8.170384640835879307e-05
4.738369184592296079e+01 8.138808408895955107e-05
4.742371185592796223e+01 8.107427708143524617e-05
4.746373186593296367e+01 8.076240837011692099e-05
4.750375187593796511e+01 8.045246113187639854e-05
4.754377188594297365e+01 8.014441873343564483e-05
4.758379189594797509e+01 7.983826472872097672e-05
4.762381190595297653e+01 7.953398285626097676e-05
4.766383191595797797e+01 7.923155703662783020e-05
4.770385192596297941e+01 7.893097136992076985e-05
4.774387193596798085e+01 7.863221013329089668e-05
4.778389194597298228e+01 7.833525777850665805e-05
4.782391195597799083e+01 7.804009892955922464e-05
4.786393196598299227e+01 7.774671838030741352e-05
4.790395197598799371e+01 7.745510109215985369e-05
4.794397198599299514e+01 7.716523219179615572e-05
4.798399199599799658e+01 7.687709696892414471e-05
4.802401200600299802e+01 7.659068087407352240e-05
4.806403201600799946e+01 7.630596951642532153e-05
4.810405202601300800e+01 7.602294866167602758e-05
4.814407203601800944e+01 7.574160422993604256e-05
4.818409204602301088e+01 7.546192229366175915e-05
4.822411205602801232e+01 7.518388907562043185e-05
4.826413206603301376e+01 7.490749094688788599e-05
4.830415207603801520e+01 7.463271442487745175e-05
4.834417208604301663e+01 7.435954617140050262e-05
4.838419209604802518e+01 7.408797299075741934e-05
4.842421210605302662e+01 7.381798182785878951e-05
4.846423211605802805e+01 7.354955976637569091e-05
4.850425212606302949e+01 7.328269402691951935e-05
4.854427213606803093e+01 7.301737196524985668e-05
4.858429214607303237e+01 7.275358107051050098e-05
4.862431215607804091e+01 7.249130896349261530e-05
4.866433216608304235e+01 7.223054339492536099e-05
4.870435217608804379e+01 7.197127224379215886e-05
4.874437218609304523e+01 7.171348351567386555e-05
4.878439219609804667e+01 7.145716534111664275e-05
4.882441220610304811e+01 7.120230597402526444e-05
4.886443221610804954e+01 7.094889379008111681e-05
4.890445222611305809e+01 7.069691728518403715e-05
4.894447223611805953e+01 7.044636507391834393e-05
4.898449224612306097e+01 7.019722588804158095e-05
4.902451225612806240e+01 6.994948857499666669e-05
4.906453226613306384e+01 6.970314209644643249e-05
4.910455227613806528e+01 6.945817552683015636e-05
4.914457228614306672e+01 6.921457805194183518e-05
4.918459229614807526e+01 6.897233896752993758e-05
4.922461230615307670e+01 6.873144767791808190e-05
4.926463231615807814e+01 6.849189369464609724e-05
4.930465232616307958e+01 6.825366663513163007e-05
4.934467233616808102e+01 6.801675622135155107e-05
4.938469234617308246e+01 6.778115227854282347e-05
4.942471235617809100e+01 6.754684473392265657e-05
4.946473236618309244e+01 6.731382361542778193e-05
4.950475237618809388e+01 6.708207905047172724e-05
4.954477238619309531e+01 6.685160126472090120e-05
4.958479239619809675e+01 6.662238058088833725e-05
4.962481240620309819e+01 6.639440741754512338e-05
4.966483241620809963e+01 6.616767228794919278e-05
4.970485242621310817e+01 6.594216579889110926e-05
4.974487243621810961e+01 6.571787864955672565e-05
4.978489244622311105e+01 6.549480163040598323e-05
4.982491245622811249e+01 6.527292562206838073e-05
4.986493246623311393e+01 6.505224159425398815e-05
4.990495247623811537e+01 6.483274060468026281e-05
4.994497248624311680e+01 6.461441379801435587e-05
4.998499249624812535e+01 6.439725240483016406e-05
5.002501250625312679e+01 6.418124774058096686e-05
5.006503251625812823e+01 6.396639120458594134e-05
5.010505252626312966e+01 6.375267427903154424e-05
5.014507253626813110e+01 6.354008852798698865e-05
5.018509254627313254e+01 6.332862559643346288e-05
5.022511255627814108e+01 6.311827720930722723e-05
5.026513256628314252e+01 6.290903517055637163e-05
5.030515257628814396e+01 6.270089136221016358e-05
5.034517258629314540e+01 6.249383774346216553e-05
5.038519259629814684e+01 6.228786634976575271e-05
5.042521260630314828e+01 6.208296929194247887e-05
5.046523261630814972e+01 6.187913875530266631e-05
5.050525262631315826e+01 6.167636699877828809e-05
5.054527263631815970e+01 6.147464635406799333e-05
5.058529264632316114e+01 6.127396922479365208e-05
5.062531265632816257e+01 6.107432808566888073e-05
5.066533266633316401e+01 6.087571548167870750e-05
5.070535267633816545e+01 6.067812402727081864e-05
5.074537268634316689e+01 6.048154640555759913e-05
5.078539269634817543e+01 6.028597536752914427e-05
5.082541270635317687e+01 6.009140373127734358e-05
5.086543271635817831e+01 5.989782438122992584e-05
5.090545272636317975e+01 5.970523026739534618e-05
5.094547273636818119e+01 5.951361440461790532e-05
5.098549274637318263e+01 5.932296987184271464e-05
5.102551275637819117e+01 5.913328981139062929e-05
5.106553276638319261e+01 5.894456742824326421e-05
5.110555277638819405e+01 5.875679598933707018e-05
5.114557278639319549e+01 5.856996882286730980e-05
5.118559279639819692e+01 5.838407931760116810e-05
5.122561280640319836e+01 5.819912092220005153e-05
5.126563281640819980e+01 5.801508714455094024e-05
5.130565282641320835e+01 5.783197155110652904e-05
5.134567283641820978e+01 5.764976776623434695e-05
5.138569284642321122e+01 5.746846947157417771e-05
5.142571285642821266e+01 5.728807040540415384e-05
5.146573286643321410e+01 5.710856436201525334e-05
5.150575287643821554e+01 5.692994519109379229e-05
5.154577288644321698e+01 5.675220679711231336e-05
5.158579289644822552e+01 5.657534313872819912e-05
5.162581290645322696e+01 5.639934822819030858e-05
5.166583291645822840e+01 5.622421613075318273e-05
5.170585292646322984e+01 5.604994096409904281e-05
5.174587293646823127e+01 5.587651689776717472e-05
5.178589294647323271e+01 5.570393815259074016e-05
5.182591295647823415e+01 5.553219900014091302e-05
5.186593296648324269e+01 5.536129376217806296e-05
5.190595297648824413e+01 5.519121681011026422e-05
5.194597298649324557e+01 5.502196256445827569e-05
5.198599299649824701e+01 5.485352549432793431e-05
5.202601300650324845e+01 5.468590011688897226e-05
5.206603301650824989e+01 5.451908099686050206e-05
5.210605302651325843e+01 5.435306274600314240e-05
5.214607303651825987e+01 5.418784002261764916e-05
5.218609304652326131e+01 5.402340753104974673e-05
5.222611305652826275e+01 5.385976002120124092e-05
5.226613306653326418e+01 5.369689228804748802e-05
5.230615307653826562e+01 5.353479917116081338e-05
5.234617308654326706e+01 5.337347555423994059e-05
5.238619309654827561e+01 5.321291636464523466e-05
5.242621310655327704e+01 5.305311657294009125e-05
5.246623311655827848e+01 5.289407119243763177e-05
5.250625312656327992e+01 5.273577527875335480e-05
5.254627313656828136e+01 5.257822392936324911e-05
5.258629314657328280e+01 5.242141228316737526e-05
5.262631315657828424e+01 5.226533552005898324e-05
5.266633316658329278e+01 5.210998886049884123e-05
5.270635317658829422e+01 5.195536756509490389e-05
5.274637318659329566e+01 5.180146693418705622e-05
5.278639319659829710e+01 5.164828230743700728e-05
5.282641320660329853e+01 5.149580906342343553e-05
5.286643321660829997e+01 5.134404261924165400e-05
5.290645322661330852e+01 5.119297843010862860e-05
5.294647323661830995e+01 5.104261198897259088e-05
5.298649324662331139e+01 5.089293882612726526e-05
5.302651325662831283e+01 5.074395450883115828e-05
5.306653326663331427e+01 5.059565464093114388e-05
5.310655327663831571e+01 5.044803486249080571e-05
5.314657328664331715e+01 5.030109084942310945e-05
5.318659329664832569e+01 5.015481831312762191e-05
5.322661330665332713e+01 5.000921300013219585e-05
5.326663331665832857e+01 4.986427069173855780e-05
5.330665332666333001e+01 4.971998720367270706e-05
5.334667333666833144e+01 4.957635838573896714e-05
5.338669334667333288e+01 4.943338012147869247e-05
5.342671335667833432e+01 4.929104832783244453e-05
5.346673336668334287e+01 4.914935895480677589e-05
5.350675337668834430e+01 4.900830798514462595e-05
5.354677338669334574e+01 4.886789143399964021e-05
5.358679339669834718e+01 4.872810534861450095e-05
5.362681340670334862e+01 4.858894580800291049e-05
5.366683341670835006e+01 4.845040892263538935e-05
5.370685342671335860e+01 4.831249083412875400e-05
5.374687343671836004e+01 4.817518771493932151e-05
5.378689344672336148e+01 4.803849576805954978e-05
5.382691345672836292e+01 4.790241122671826921e-05
5.386693346673336436e+01 4.776693035408458704e-05
5.390695347673836579e+01 4.763204944297500377e-05
5.394697348674336723e+01 4.749776481556413439e-05
5.398699349674837578e+01 4.736407282309859423e-05
5.402701350675337721e+01 4.723096984561441522e-05
5.406703351675837865e+01 4.709845229165751825e-05
5.410705352676338009e+01 4.696651659800756007e-05
5.414707353676838153e+01 4.683515922940493798e-05
5.418709354677338297e+01 4.670437667828083029e-05
5.422711355677838441e+01 4.657416546449056385e-05
5.426713356678339295e+01 4.644452213504966505e-05
5.430715357678839439e+01 4.631544326387344125e-05
5.434717358679339583e+01 4.618692545151898809e-05
5.438719359679839727e+01 4.605896532493053072e-05
5.442721360680339870e+01 4.593155953718750943e-05
5.446723361680840014e+01 4.580470476725553841e-05
5.450725362681340869e+01 4.567839771974016312e-05
5.454727363681841013e+01 4.555263512464349752e-05
5.458729364682341156e+01 4.542741373712347704e-05
5.462731365682841300e+01 4.530273033725593714e-05
5.466733366683341444e+01 4.517858172979928724e-05
5.470735367683841588e+01 4.505496474396188160e-05
5.474737368684341732e+01 4.493187623317196518e-05
5.478739369684842586e+01 4.480931307485023509e-05
5.482741370685342730e+01 4.468727217018491612e-05
5.486743371685842874e+01 4.456575044390928921e-05
5.490745372686343018e+01 4.444474484408180169e-05
5.494747373686843162e+01 4.432425234186851534e-05
5.498749374687343305e+01 4.420426993132806846e-05
5.502751375687843449e+01 4.408479462919894182e-05
5.506753376688344304e+01 4.396582347468908959e-05
5.510755377688844447e+01 4.384735352926797579e-05
5.514757378689344591e+01 4.372938187646067753e-05
5.518759379689844735e+01 4.361190562164455643e-05
5.522761380690344879e+01 4.349492189184788843e-05
5.526763381690845023e+01 4.337842783555085165e-05
5.530765382691345167e+01 4.326242062248871666e-05
5.534767383691846021e+01 4.314689744345697462e-05
5.538769384692346165e+01 4.303185551011891178e-05
5.542771385692846309e+01 4.291729205481489829e-05
5.546773386693346453e+01 4.280320433037413682e-05
5.550775387693846596e+01 4.268958960992809849e-05
5.554777388694346740e+01 4.257644518672626946e-05
5.558779389694847595e+01 4.246376837395359166e-05
5.562781390695347739e+01 4.235155650455028865e-05
5.566783391695847882e+01 4.223980693103313494e-05
5.570785392696348026e+01 4.212851702531895465e-05
5.574787393696848170e+01 4.201768417855004462e-05
5.578789394697348314e+01 4.190730580092118994e-05
5.582791395697848458e+01 4.179737932150888859e-05
5.586793396698349312e+01 4.168790218810203968e-05
5.590795397698849456e+01 4.157887186703480018e-05
5.594797398699349600e+01 4.147028584302083067e-05
5.598799399699849744e+01 4.136214161898960800e-05
5.602801400700349888e+01 4.125443671592435730e-05
5.606803401700850031e+01 4.114716867270161048e-05
5.610805402701350175e+01 4.104033504593268902e-05
5.614807403701851030e+01 4.093393340980660313e-05
5.618809404702351173e+01 4.082796135593478042e-05
5.622811405702851317e+01 4.072241649319733280e-05
5.626813406703351461e+01 4.061729644759094293e-05
5.630815407703851605e+01 4.051259886207841764e-05
5.634817408704351749e+01 4.040832139643974559e-05
5.638819409704852603e+01 4.030446172712462551e-05
5.642821410705352747e+01 4.020101754710689849e-05
5.646823411705852891e+01 4.009798656573988827e-05
5.650825412706353035e+01 3.999536650861378804e-05
5.654827413706853179e+01 3.989315511741423303e-05
5.658829414707353322e+01 3.979135014978254007e-05
5.662831415707853466e+01 3.968994937917707199e-05
5.666833416708354321e+01 3.958895059473638425e-05
5.670835417708854465e+01 3.948835160114361832e-05
5.674837418709354608e+01 3.938815021849220970e-05
5.678839419709854752e+01 3.928834428215313414e-05
5.682841420710354896e+01 3.918893164264338033e-05
5.686843421710855040e+01 3.908991016549592703e-05
5.690845422711355184e+01 3.899127773113079747e-05
5.694847423711856038e+01 3.889303223472774019e-05
5.698849424712356182e+01 3.879517158609996011e-05
5.702851425712856326e+01 3.869769370956916424e-05
5.706853426713356470e+01 3.860059654384204397e-05
5.710855427713856614e+01 3.850387804188782796e-05
5.714857428714356757e+01 3.840753617081708187e-05
5.718859429714857612e+01 3.831156891176190410e-05
5.722861430715357756e+01 3.821597425975715133e-05
5.726863431715857899e+01 3.812075022362286367e-05
5.730865432716358043e+01 3.802589482584802459e-05
5.734867433716858187e+01 3.793140610247531022e-05
5.738869434717358331e+01 3.783728210298707196e-05
5.742871435717858475e+01 3.774352089019253201e-05
5.746873436718359329e+01 3.765012054011590049e-05
5.750875437718859473e+01 3.755707914188588167e-05
5.754877438719359617e+01 3.746439479762600017e-05
5.758879439719859761e+01 3.737206562234624848e-05
5.762881440720359905e+01 3.728008974383563575e-05
5.766883441720860048e+01 3.718846530255586825e-05
5.770885442721360192e+01 3.709719045153619526e-05
5.774887443721861047e+01 3.700626335626902753e-05
5.778889444722361191e+01 3.691568219460689067e-05
5.782891445722861334e+01 3.682544515666011029e-05
5.786893446723361478e+01 3.673555044469571017e-05
5.790895447723861622e+01 3.664599627303719812e-05
5.794897448724361766e+01 3.655678086796536146e-05
5.798899449724862620e+01 3.646790246762005185e-05
5.802901450725362764e+01 3.637935932190283750e-05
5.806903451725862908e+01 3.629114969238079379e-05
5.810905452726363052e+01 3.620327185219096469e-05
5.814907453726863196e+01 3.611572408594601689e-05
5.818909454727363340e+01 3.602850468964059180e-05
5.822911455727863483e+01 3.594161197055876892e-05
5.826913456728364338e+01 3.585504424718217970e-05
5.830915457728864482e+01 3.576879984909932080e-05
5.834917458729364625e+01 3.568287711691533489e-05
5.838919459729864769e+01 3.559727440216312646e-05
5.842921460730364913e+01 3.551199006721491799e-05
5.846923461730865057e+01 3.542702248519495134e-05
5.850925462731365201e+01 3.534237003989281937e-05
5.854927463731866055e+01 3.525803112567773938e-05
5.858929464732366199e+01 3.517400414741368047e-05
5.862931465732866343e+01 3.509028752037511421e-05
5.866933466733366487e+01 3.500687967016380213e-05
5.870935467733866631e+01 3.492377903262619987e-05
5.874937468734366774e+01 3.484098405377174896e-05
5.878939469734866918e+01 3.475849318969183272e-05
5.882941470735367773e+01 3.467630490647969439e-05
5.886943471735867917e+01 3.459441768015087022e-05
5.890945472736368060e+01 3.451282999656451707e-05
5.894947473736868204e+01 3.443154035134547860e-05
5.898949474737368348e+01 3.435054724980701551e-05
5.902951475737868492e+01 3.426984920687441675e-05
5.906953476738369346e+01 3.418944474700897664e-05
5.910955477738869490e+01 3.410933240413323227e-05
5.914957478739369634e+01 3.402951072155636371e-05
5.918959479739869778e+01 3.394997825190054276e-05
5.922961480740369922e+01 3.387073355702807453e-05
5.926963481740870066e+01 3.379177520796890503e-05
5.930965482741370209e+01 3.371310178484911803e-05
5.934967483741871064e+01 3.363471187681987910e-05
5.938969484742371208e+01 3.355660408198717261e-05
5.942971485742871351e+01 3.347877700734209425e-05
5.946973486743371495e+01 3.340122926869182129e-05
5.950975487743871639e+01 3.332395949059126710e-05
5.954977488744371783e+01 3.324696630627524407e-05
5.958979489744871927e+01 3.317024835759150051e-05
5.962981490745372781e+01 3.309380429493390672e-05
5.966983491745872925e+01 3.301763277717688783e-05
5.970985492746373069e+01 3.294173247160987706e-05
5.974987493746873213e+01 3.286610205387264979e-05
5.978989494747373357e+01 3.279074020789130142e-05
5.982991495747873500e+01 3.271564562581462507e-05
5.986993496748374355e+01 3.264081700795113972e-05
5.990995497748874499e+01 3.256625306270684349e-05
5.994997498749374643e+01 3.249195250652319724e-05
5.998999499749874786e+01 3.241791406381609080e-05
6.003001500750374930e+01 3.234413646691487010e-05
6.007003501750875074e+01 3.227061845600248251e-05
6.011005502751375218e+01 3.219735877905562202e-05
6.015007503751876072e+01 3.212435619178578936e-05
6.019009504752376216e+01 3.205160945758072472e-05
6.023011505752876360e+01 3.197911734744633520e-05
6.027013506753376504e+01 3.190687863994928628e-05
6.031015507753876648e+01 3.183489212115990502e-05
6.035017508754376792e+01 3.176315658459588967e-05
6.039019509754876935e+01 3.169167083116611409e-05
6.043021510755377790e+01 3.162043366911531311e-05
6.047023511755877934e+01 3.154944391396914059e-05
6.051025512756378077e+01 3.147870038847953243e-05
6.055027513756878221e+01 3.140820192257078779e-05
6.059029514757378365e+01 3.133794735328609087e-05
6.063031515757878509e+01 3.126793552473439852e-05
6.067033516758379363e+01 3.119816528803786323e-05
6.071035517758879507e+01 3.112863550127975077e-05
6.075037518759379651e+01 3.105934502945276437e-05
6.079039519759879795e+01 3.099029274440785687e-05
6.083041520760379939e+01 3.092147752480345617e-05
6.087043521760880083e+01 3.085289825605517854e-05
6.091045522761380226e+01 3.078455383028596214e-05
6.095047523761881081e+01 3.071644314627663416e-05
6.099049524762381225e+01 3.064856510941693874e-05
6.103051525762881369e+01 3.058091863165694443e-05
6.107053526763381512e+01 3.051350263145887509e-05
6.111055527763881656e+01 3.044631603374946938e-05
6.115057528764381800e+01 3.037935776987258756e-05
6.119059529764881944e+01 3.031262677754234348e-05
6.123061530765382798e+01 3.024612200079661940e-05
6.127063531765882942e+01 3.017984238995097723e-05
6.131065532766383086e+01 3.011378690155298315e-05
6.135067533766883230e+01 3.004795449833682014e-05
6.139069534767383374e+01 2.998234414917851052e-05
6.143071535767883518e+01 2.991695482905131788e-05
6.147073536768384372e+01 2.985178551898160995e-05
6.151075537768884516e+01 2.978683520600516183e-05
6.155077538769384660e+01 2.972210288312370660e-05
6.159079539769884803e+01 2.965758754926195687e-05
6.163081540770384947e+01 2.959328820922492787e-05
6.167083541770885091e+01 2.952920387365574504e-05
6.171085542771385235e+01 2.946533355899361089e-05
6.175087543771886089e+01 2.940167628743231727e-05
6.179089544772386233e+01 2.933823108687904578e-05
6.183091545772886377e+01 2.927499699091345596e-05
6.187093546773386521e+01 2.921197303874722095e-05
6.191095547773886665e+01 2.914915827518382044e-05
6.195097548774386809e+01 2.908655175057877083e-05
6.199099549774886952e+01 2.902415252080004169e-05
6.203101550775387807e+01 2.896195964718901086e-05
6.207103551775887951e+01 2.889997219652154509e-05
6.211105552776388095e+01 2.883818924096955141e-05
6.215107553776888238e+01 2.877660985806275231e-05
6.219109554777388382e+01 2.871523313065087077e-05
6.223111555777888526e+01 2.865405814686607279e-05
6.227113556778388670e+01 2.859308400008572510e-05
6.231115557778889524e+01 2.853230978889551871e-05
6.235117558779389668e+01 2.847173461705285673e-05
6.239119559779889812e+01 2.841135759345044556e-05
6.243121560780389956e+01 2.835117783208049923e-05
6.247123561780890100e+01 2.829119445199881845e-05
6.251125562781390244e+01 2.823140657728958114e-05
6.255127563781891098e+01 2.817181333703003810e-05
6.259129564782391242e+01 2.811241386525592357e-05
6.263131565782891386e+01 2.805320730092669300e-05
6.267133566783391529e+01 2.799419278789141470e-05
6.271135567783891673e+01 2.793536947485476661e-05
6.275137568784391817e+01 2.787673651534334127e-05
6.279139569784891961e+01 2.781829306767229646e-05
6.283141570785392815e+01 2.776003829491209055e-05
6.287143571785892959e+01 2.770197136485579037e-05
6.291145572786393103e+01 2.764409144998637913e-05
6.295147573786893247e+01 2.758639772744439305e-05
6.299149574787393391e+01 2.752888937899598473e-05
6.303151575787893535e+01 2.747156559100099010e-05
6.307153576788393678e+01 2.741442555438150682e-05
6.311155577788894533e+01 2.735746846459049310e-05
6.315157578789394677e+01 2.730069352158087136e-05
6.319159579789894821e+01 2.724409992977461822e-05
6.323161580790394964e+01 2.718768689803232222e-05
6.327163581790895108e+01 2.713145363962288033e-05
6.331165582791395252e+01 2.707539937219344861e-05
6.335167583791896107e+01 2.701952331773965714e-05
6.339169584792396250e+01 2.696382470257608586e-05
6.343171585792896394e+01 2.690830275730688944e-05
6.347173586793396538e+01 2.685295671679679153e-05
6.351175587793896682e+01 2.679778582014213988e-05
6.355177588794396826e+01 2.674278931064243253e-05
6.359179589794896970e+01 2.668796643577176942e-05
6.363181590795397824e+01 2.663331644715083589e-05
6.367183591795897968e+01 2.657883860051892691e-05
6.371185592796398112e+01 2.652453215570617451e-05
6.375187593796898256e+01 2.647039637660613450e-05
6.379189594797398399e+01 2.641643053114849497e-05
6.383191595797898543e+01 2.636263389127201873e-05
6.387193596798398687e+01 2.630900573289769913e-05
6.391195597798899541e+01 2.625554533590217674e-05
6.395197598799399685e+01 2.620225198409127472e-05
6.399199599799899829e+01 2.614912496517378141e-05
6.403201600800400684e+01 2.609616357073553112e-05
6.407203601800900117e+01 2.604336709621357982e-05
6.411205602801400971e+01 2.599073484087053323e-05
6.415207603801900405e+01 2.593826610776930866e-05
6.419209604802401259e+01 2.588596020374778499e-05
6.423211605802900692e+01 2.583381643939397781e-05
6.427213606803401547e+01 2.578183412902109264e-05
6.431215607803902401e+01 2.573001259064305584e-05
6.435217608804401834e+01 2.567835114595001838e-05
6.439219609804902689e+01 2.562684912028414090e-05
6.443221610805402122e+01 2.557550584261565995e-05
6.447223611805902976e+01 2.552432064551890675e-05
6.451225612806402410e+01 2.547329286514881053e-05
6.455227613806903264e+01 2.542242184121724937e-05
6.459229614807404118e+01 2.537170691696993976e-05
6.463231615807903552e+01 2.532114743916323801e-05
6.467233616808404406e+01 2.527074275804115525e-05
6.471235617808903839e+01 2.522049222731275511e-05
6.475237618809404694e+01 2.517039520412943637e-05
6.479239619809904127e+01 2.512045104906264917e-05
6.483241620810404982e+01 2.507065912608151984e-05
6.487243621810905836e+01 2.502101880253097704e-05
6.491245622811405269e+01 2.497152944910973916e-05
6.495247623811906124e+01 2.492219043984857937e-05
6.499249624812405557e+01 2.487300115208890253e-05
6.503251625812906411e+01 2.482396096646119664e-05
6.507253626813405845e+01 2.477506926686396543e-05
6.511255627813906699e+01 2.472632544044248818e-05
6.515257628814407553e+01 2.467772887756811145e-05
6.519259629814906987e+01 2.462927897181738836e-05
6.523261630815407841e+01 2.458097511995148890e-05
6.527263631815907274e+01 2.453281672189586436e-05
6.531265632816408129e+01 2.448480318071984404e-05
6.535267633816907562e+01 2.443693390261667569e-05
6.539269634817408416e+01 2.438920829688340011e-05
6.543271635817909271e+01 2.434162577590115583e-05
6.547273636818408704e+01 2.429418575511548399e-05
6.551275637818909559e+01 2.424688765301674488e-05
6.555277638819408992e+01 2.419973089112086660e-05
6.559279639819909846e+01 2.415271489394999545e-05
6.563281640820410701e+01 2.410583908901352913e-05
6.567283641820910134e+01 2.405910290678913308e-05
6.571285642821410988e+01 2.401250578070392955e-05
6.575287643821910422e+01 2.396604714711590014e-05
6.579289644822411276e+01 2.391972644529527143e-05
6.583291645822910709e+01 2.387354311740629356e-05
6.587293646823411564e+01 2.382749660848886646e-05
6.591295647823912418e+01 2.378158636644051152e-05
6.595297648824411851e+01 2.373581184199840779e-05
6.599299649824912706e+01 2.369017248872149243e-05
6.603301650825412139e+01 2.364466776297286955e-05
6.607303651825912993e+01 2.359929712390212755e-05
6.611305652826412427e+01 2.355406003342801560e-05
6.615307653826913281e+01 2.350895595622102185e-05
6.619309654827414136e+01 2.346398435968631083e-05
6.623311655827913569e+01 2.341914471394655577e-05
6.627313656828414423e+01 2.337443649182510973e-05
6.631315657828913857e+01 2.332985916882914968e-05
6.635317658829414711e+01 2.328541222313297300e-05
6.639319659829914144e+01 2.324109513556153791e-05
6.643321660830414999e+01 2.319690738957391925e-05
6.647323661830915853e+01 2.315284847124707594e-05
6.651325662831415286e+01 2.310891786925963536e-05
6.655327663831916141e+01 2.306511507487575910e-05
6.659329664832415574e+01 2.302143958192932373e-05
6.663331665832916428e+01 2.297789088680790513e-05
6.667333666833415862e+01 2.293446848843720665e-05
6.671335667833916716e+01 2.289117188826532797e-05
6.675337668834417570e+01 2.284800059024737624e-05
6.679339669834917004e+01 2.280495410083001957e-05
6.683341670835417858e+01 2.276203192893617948e-05
6.687343671835917291e+01 2.271923358594998414e-05
6.691345672836418146e+01 2.267655858570158286e-05
6.695347673836917579e+01 2.263400644445231954e-05
6.699349674837418434e+01 2.259157668087980459e-05
6.703351675837919288e+01 2.254926881606325451e-05
6.707353676838418721e+01 2.250708237346886868e-05
6.711355677838919576e+01 2.246501687893521636e-05
6.715357678839419009e+01 2.242307186065898620e-05
6.719359679839919863e+01 2.238124684918051555e-05
6.723361680840420718e+01 2.233954137736972968e-05
6.727363681840920151e+01 2.229795498041193538e-05
6.731365682841421005e+01 2.225648719579382794e-05
6.735367683841920439e+01 2.221513756328967438e-05
6.739369684842421293e+01 2.217390562494740515e-05
6.743371685842920726e+01 2.213279092507499385e-05
6.747373686843421581e+01 2.209179301022677595e-05
6.751375687843922435e+01 2.205091142918999788e-05
6.755377688844421868e+01 2.201014573297143060e-05
6.759379689844922723e+01 2.196949547478391861e-05
6.763381690845422156e+01 2.192896021003330862e-05
6.767383691845923011e+01 2.188853949630522225e-05
6.771385692846422444e+01 2.184823289335209644e-05
6.775387693846923298e+01 2.180803996308013572e-05
6.779389694847424153e+01 2.176796026953656951e-05
6.783391695847923586e+01 2.172799337889684491e-05
6.787393696848424440e+01 2.168813885945189754e-05
6.791395697848923874e+01 2.164839628159570013e-05
6.795397698849424728e+01 2.160876521781261803e-05
6.799399699849924161e+01 2.156924524266514416e-05
6.803401700850425016e+01 2.152983593278146455e-05
6.807403701850925870e+01 2.149053686684328484e-05
6.811405702851425303e+01 2.145134762557371425e-05
6.815407703851926158e+01 2.141226779172509886e-05
6.819409704852425591e+01 2.137329695006716647e-05
6.823411705852926445e+01 2.133443468737502254e-05
6.827413706853425879e+01 2.129568059241745086e-05
6.831415707853926733e+01 2.125703425594506197e-05
6.835417708854427588e+01 2.121849527067875651e-05
6.839419709854927021e+01 2.118006323129812427e-05
6.843421710855427875e+01 2.114173773442988387e-05
6.847423711855927309e+01 2.110351837863662066e-05
6.851425712856428163e+01 2.106540476440531105e-05
6.855427713856927596e+01 2.102739649413617901e-05
6.859429714857428451e+01 2.098949317213148806e-05
6.863431715857929305e+01 2.095169440458444861e-05
6.867433716858428738e+01 2.091399979956821322e-05
6.871435717858929593e+01 2.087640896702487879e-05
6.875437718859429026e+01 2.083892151875472244e-05
6.879439719859929880e+01 2.080153706840531883e-05
6.883441720860429314e+01 2.076425523146088110e-05
6.887443721860930168e+01 2.072707562523157132e-05
6.891445722861431022e+01 2.068999786884297693e-05
6.895447723861930456e+01 2.065302158322559402e-05
6.899449724862431310e+01 2.061614639110437151e-05
6.903451725862930743e+01 2.057937191698842481e-05
6.907453726863431598e+01 2.054269778716064104e-05
6.911455727863932452e+01 2.050612362966761624e-05
6.915457728864431886e+01 2.046964907430938598e-05
6.919459729864932740e+01 2.043327375262936937e-05
6.923461730865432173e+01 2.039699729790445199e-05
6.927463731865933028e+01 2.036081934513488589e-05
6.931465732866432461e+01 2.032473953103461307e-05
6.935467733866933315e+01 2.028875749402127727e-05
6.939469734867434170e+01 2.025287287420661860e-05
6.943471735867933603e+01 2.021708531338674967e-05
6.947473736868434457e+01 2.018139445503249930e-05
6.951475737868933891e+01 2.014579994427999362e-05
6.955477738869434745e+01 2.011030142792102695e-05
6.959479739869934178e+01 2.007489855439379526e-05
6.963481740870435033e+01 2.003959097377341279e-05
6.967483741870935887e+01 2.000437833776273362e-05
6.971485742871435320e+01 1.996926029968306817e-05
6.975487743871936175e+01 1.993423651446498782e-05
6.979489744872435608e+01 1.989930663863932940e-05
6.983491745872936463e+01 1.986447033032802355e-05
6.987493746873435896e+01 1.982972724923523812e-05
6.991495747873936750e+01 1.979507705663832847e-05
6.995497748874437605e+01 1.976051941537909951e-05
6.999499749874937038e+01 1.972605398985492875e-05
7.003501750875437892e+01 1.969168044601001476e-05
7.007503751875937326e+01 1.965739845132675781e-05
7.011505752876438180e+01 1.962320767481703877e-05
7.015507753876937613e+01 1.958910778701375896e-05
7.019509754877438468e+01 1.955509845996219364e-05
7.023511755877939322e+01 1.952117936721166398e-05
7.027513756878438755e+01 1.948735018380706336e-05
7.031515757878939610e+01 1.945361058628048526e-05
7.035517758879439043e+01 1.941996025264301724e-05
7.039519759879939897e+01 1.938639886237642304e-05
7.043521760880439331e+01 1.935292609642502127e-05
7.047523761880940185e+01 1.931954163718748271e-05
7.051525762881441040e+01 1.928624516850884450e-05
7.055527763881940473e+01 1.925303637567243962e-05
7.059529764882441327e+01 1.921991494539188730e-05
7.063531765882940761e+01 1.918688056580328345e-05
7.067533766883441615e+01 1.915393292645720458e-05
7.071535767883942469e+01 1.912107171831099311e-05
7.075537768884441903e+01 1.908829663372097138e-05
7.079539769884942757e+01 1.905560736643468288e-05
7.083541770885442190e+01 1.902300361158329600e-05
7.087543771885943045e+01 1.899048506567392318e-05
7.091545772886442478e+01 1.895805142658213313e-05
7.095547773886943332e+01 1.892570239354435802e-05
7.099549774887444187e+01 1.889343766715050396e-05
7.103551775887943620e+01 1.886125694933648696e-05
7.107553776888444474e+01 1.882915994337684679e-05
7.111555777888943908e+01 1.879714635387751332e-05
7.115557778889444762e+01 1.876521588676838314e-05
7.119559779889944195e+01 1.873336824929628915e-05
7.123561780890445050e+01 1.870160315001762464e-05
7.127563781890945904e+01 1.866992029879136373e-05
7.131565782891445338e+01 1.863831940677187848e-05
7.135567783891946192e+01 1.860680018640191536e-05
7.139569784892445625e+01 1.857536235140564955e-05
7.143571785892946480e+01 1.854400561678163763e-05
7.147573786893445913e+01 1.851272969879603114e-05
7.151575787893946767e+01 1.848153431497558688e-05
7.155577788894447622e+01 1.845041918410092791e-05
7.159579789894947055e+01 1.841938402619980116e-05
7.163581790895447909e+01 1.838842856254018938e-05
7.167583791895947343e+01 1.835755251562381607e-05
7.171585792896448197e+01 1.832675560917933533e-05
7.175587793896947630e+01 1.829603756815586396e-05
7.179589794897448485e+01 1.826539811871629322e-05
7.183591795897949339e+01 1.823483698823085821e-05
7.187593796898448772e+01 1.820435390527064281e-05
7.191595797898949627e+01 1.817394859960107446e-05
7.195597798899449060e+01 1.814362080217562560e-05
7.199599799899949915e+01 1.811337024512939999e-05
7.203601800900449348e+01 1.808319666177280024e-05
7.207603801900950202e+01 1.805309978658529369e-05
7.211605802901451057e+01 1.802307935520914433e-05
7.215607803901950490e+01 1.799313510444326675e-05
7.219609804902451344e+01 1.796326677223697164e-05
7.223611805902950778e+01 1.793347409768393831e-05
7.227613806903451632e+01 1.790375682101605167e-05
7.231615807903951065e+01 1.787411468359746623e-05
7.235617808904451920e+01 1.784454742791848715e-05
7.239619809904952774e+01 1.781505479758966129e-05
7.243621810905452207e+01 1.778563653733586158e-05
7.247623811905953062e+01 1.775629239299032051e-05
7.251625812906452495e+01 1.772702211148886349e-05
7.255627813906953349e+01 1.769782544086401357e-05
7.259629814907454204e+01 1.766870213023926883e-05
7.263631815907953637e+01 1.763965192982331208e-05
7.267633816908454492e+01 1.761067459090430863e-05
7.271635817908953925e+01 1.758176986584423457e-05
7.275637818909454779e+01 1.755293750807323215e-05
7.279639819909954213e+01 1.752417727208401932e-05
7.283641820910455067e+01 1.749548891342627563e-05
7.287643821910955921e+01 1.746687218870115685e-05
7.291645822911455355e+01 1.743832685555577567e-05
7.295647823911956209e+01 1.740985267267768587e-05
7.299649824912455642e+01 1.738144939978953241e-05
7.303651825912956497e+01 1.735311679764357963e-05
7.307653826913455930e+01 1.732485462801637831e-05
7.311655827913956784e+01 1.729666265370339889e-05
7.315657828914457639e+01 1.726854063851377986e-05
7.319659829914957072e+01 1.724048834726502530e-05
7.323661830915457926e+01 1.721250554577774316e-05
7.327663831915957360e+01 1.718459200087051224e-05
7.331665832916458214e+01 1.715674748035460342e-05
7.335667833916957647e+01 1.712897175302896530e-05
7.339669834917458502e+01 1.710126458867498948e-05
7.343671835917959356e+01 1.707362575805154020e-05
7.347673836918458790e+01 1.704605503288983149e-05
7.351675837918959644e+01 1.701855218588841609e-05
7.355677838919459077e+01 1.699111699070825576e-05
7.359679839919959932e+01 1.696374922196769325e-05
7.363681840920459365e+01 1.693644865523758698e-05
7.367683841920960219e+01 1.690921506703635079e-05
7.371685842921461074e+01 1.688204823482516992e-05
7.375687843921960507e+01 1.685494793700309497e-05
7.379689844922461361e+01 1.682791395290224093e-05
7.383691845922960795e+01 1.680094606278306074e-05
7.387693846923461649e+01 1.677404404782952059e-05
7.391695847923961082e+01 1.674720769014445817e-05
7.395697848924461937e+01 1.672043677274481557e-05
7.399699849924962791e+01 1.669373107955703144e-05
7.403701850925462224e+01 1.666709039541239244e-05
7.407703851925963079e+01 1.664051450604237120e-05
7.411705852926462512e+01 1.661400319807415058e-05
7.415707853926963367e+01 1.658755625902596161e-05
7.419709854927464221e+01 1.656117347730263489e-05
7.423711855927963654e+01 1.653485464219108076e-05
7.427713856928464509e+01 1.650859954385577299e-05
7.431715857928963942e+01 1.648240797333439840e-05
7.435717858929464796e+01 1.645627972253333368e-05
7.439719859929964230e+01 1.643021458422333232e-05
7.443721860930465084e+01 1.640421235203510307e-05
7.447723861930965938e+01 1.637827282045503758e-05
7.451725862931465372e+01 1.635239578482083282e-05
7.455727863931966226e+01 1.632658104131720858e-05
7.459729864932465659e+01 1.630082838697170276e-05
7.463731865932966514e+01 1.627513761965035827e-05
7.467733866933465947e+01 1.624950853805358274e-05
7.471735867933966802e+01 1.622394094171188627e-05
7.475737868934467656e+01 1.619843463098178852e-05
7.479739869934967089e+01 1.617298940704165814e-05
7.483741870935467944e+01 1.614760507188754533e-05
7.487743871935967377e+01 1.612228142832921096e-05
7.491745872936468231e+01 1.609701827998592531e-05
7.495747873936967665e+01 1.607181543128254116e-05
7.499749874937468519e+01 1.604667268744540439e-05
7.503751875937969373e+01 1.602158985449839322e-05
7.507753876938468807e+01 1.599656673925895070e-05
7.511755877938969661e+01 1.597160314933410366e-05
7.515757878939469094e+01 1.594669889311660705e-05
7.519759879939969949e+01 1.592185377978094926e-05
7.523761880940469382e+01 1.589706761927955748e-05
7.527763881940970236e+01 1.587234022233892505e-05
7.531765882941471091e+01 1.584767140045572186e-05
7.535767883941970524e+01 1.582306096589308097e-05
7.539769884942471379e+01 1.579850873167671244e-05
7.543771885942970812e+01 1.577401451159123736e-05
7.547773886943471666e+01 1.574957812017631858e-05
7.551775887943971100e+01 1.572519937272309304e-05
7.555777888944471954e+01 1.570087808527033301e-05
7.559779889944972808e+01 1.567661407460085467e-05
7.563781890945472242e+01 1.565240715823781824e-05
7.567783891945973096e+01 1.562825715444109934e-05
7.571785892946472529e+01 1.560416388220371448e-05
7.575787893946973384e+01 1.558012716124814156e-05
7.579789894947472817e+01 1.555614681202284702e-05
7.583791895947973671e+01 1.553222265569864362e-05
7.587793896948474526e+01 1.550835451416522775e-05
7.591795897948973959e+01 1.548454221002764223e-05
7.595797898949474813e+01 1.546078556660273912e-05
7.599799899949974247e+01 1.543708440791580848e-05
7.603801900950475101e+01 1.541343855869702425e-05
7.607803901950975956e+01 1.538984784437808664e-05
7.611805902951475389e+01 1.536631209108877972e-05
7.615807903951976243e+01 1.534283112565355624e-05
7.619809904952475677e+01 1.531940477558822741e-05
7.623811905952976531e+01 1.529603286909653409e-05
7.627813906953475964e+01 1.527271523506689083e-05
7.631815907953976819e+01 1.524945170306899093e-05
7.635817908954477673e+01 1.522624210335058604e-05
7.639819909954977106e+01 1.520308626683416071e-05
7.643821910955477961e+01 1.517998402511366452e-05
7.647823911955977394e+01 1.515693521045132893e-05
7.651825912956478248e+01 1.513393965577438592e-05
7.655827913956977682e+01 1.511099719467190340e-05
7.659829914957478536e+01 1.508810766139156995e-05
7.663831915957979390e+01 1.506527089083655733e-05
7.667833916958478824e+01 1.504248671856235435e-05
7.671835917958979678e+01 1.501975498077363280e-05
7.675837918959479111e+01 1.499707551432116087e-05
7.679839919959979966e+01 1.497444815669864032e-05
7.683841920960479399e+01 1.495187274603974191e-05
7.687843921960980254e+01 1.492934912111490863e-05
7.691845922961481108e+01 1.490687712132842841e-05
7.695847923961980541e+01 1.488445658671534582e-05
7.699849924962481396e+01 1.486208735793845169e-05
7.703851925962980829e+01 1.483976927628532530e-05
7.707853926963481683e+01 1.481750218366532065e-05
7.711855927963981117e+01 1.479528592260664754e-05
7.715857928964481971e+01 1.477312033625337819e-05
7.719859929964982825e+01 1.475100526836257239e-05
7.723861930965482259e+01 1.472894056330135187e-05
7.727863931965983113e+01 1.470692606604396955e-05
7.731865932966482546e+01 1.468496162216899400e-05
7.735867933966983401e+01 1.466304707785639905e-05
7.739869934967482834e+01 1.464118227988475671e-05
7.743871935967983688e+01 1.461936707562836742e-05
7.747873936968484543e+01 1.459760131305448858e-05
7.751875937968983976e+01 1.457588484072051050e-05
7.755877938969484831e+01 1.455421750777117649e-05
7.759879939969984264e+01 1.453259916393583506e-05
7.763881940970485118e+01 1.451102965952564300e-05
7.767883941970985973e+01 1.448950884543089724e-05
7.771885942971485406e+01 1.446803657311827016e-05
7.775887943971986260e+01 1.444661269462808719e-05
7.779889944972485694e+01 1.442523706257169425e-05
7.783891945972986548e+01 1.440390953012871842e-05
7.787893946973485981e+01 1.438262995104446252e-05
7.791895947973986836e+01 1.436139817962719794e-05
7.795897948974487690e+01 1.434021407074561509e-05
7.799899949974987123e+01 1.431907747982612985e-05
7.803901950975487978e+01 1.429798826285030179e-05
7.807903951975987411e+01 1.427694627635227782e-05
7.811905952976488265e+01 1.425595137741617660e-05
7.815907953976987699e+01 1.423500342367356092e-05
7.819909954977488553e+01 1.421410227330084247e-05
7.823911955977989408e+01 1.419324778501683216e-05
7.827913956978488841e+01 1.417243981808014822e-05
7.831915957978989695e+01 1.415167823228672254e-05
7.835917958979489129e+01 1.413096288796735106e-05
7.839919959979989983e+01 1.411029364598517466e-05
7.843921960980489416e+01 1.408967036773324311e-05
7.847923961980990271e+01 1.406909291513202992e-05
7.851925962981491125e+01 1.404856115062704361e-05
7.855927963981990558e+01 1.402807493718636803e-05
7.859929964982491413e+01 1.400763413829825671e-05
7.863931965982990846e+01 1.398723861796876291e-05
7.867933966983491700e+01 1.396688824071930521e-05
7.871935967983991134e+01 1.394658287158434837e-05
7.875937968984491988e+01 1.392632237610900619e-05
7.879939969984992842e+01 1.390610662034672745e-05
7.883941970985492276e+01 1.388593547085694114e-05
7.887943971985993130e+01 1.386580879470273052e-05
7.891945972986492563e+01 1.384572645944855795e-05
7.895947973986993418e+01 1.382568833315793391e-05
7.899949974987492851e+01 1.380569428439116726e-05
7.903951975987993706e+01 1.378574418220304096e-05
7.907953976988494560e+01 1.376583789614062676e-05
7.911955977988993993e+01 1.374597529624099140e-05
7.915957978989494848e+01 1.372615625302896047e-05
7.919959979989994281e+01 1.370638063751492798e-05
7.923961980990495135e+01 1.368664832119259985e-05
7.927963981990994569e+01 1.366695917603685600e-05
7.931965982991495423e+01 1.364731307450150403e-05
7.935967983991996277e+01 1.362770988951714809e-05
7.939969984992495711e+01 1.360814949448900521e-05
7.943971985992996565e+01 1.358863176329474876e-05
7.947973986993495998e+01 1.356915657028239087e-05
7.951975987993996853e+01 1.354972379026811743e-05
7.955977988994497707e+01 1.353033329853422130e-05
7.959979989994997140e+01 1.351098497082695934e-05
7.963981990995497995e+01 1.349167868335444327e-05
7.967983991995997428e+01 1.347241431278463055e-05
7.971985992996498283e+01 1.345319173624314238e-05
7.975987993996997716e+01 1.343401083131130710e-05
7.979989994997498570e+01 1.341487147602402223e-05
7.983991995997999425e+01 1.339577354886778939e-05
7.987993996998498858e+01 1.337671692877864919e-05
7.991995997998999712e+01 1.335770149514013996e-05
7.995997998999499146e+01 1.333872712778135117e-05
8.000000000000000000e+01 1.331979370697485167e-05
