0.000000000000000000e+00 4.661795631634544653e-05
4.002001000500250011e-02 4.688377400484043634e-05
8.004002001000500022e-02 4.715193066024623143e-05
1.200600300150075073e-01 4.742245431277411510e-05
1.600800400200100004e-01 4.769537341943298563e-05
2.001000500250124936e-01 4.797071687192889399e-05
2.401200600300150145e-01 4.824851400473671216e-05
2.801400700350175077e-01 4.852879460334881101e-05
3.201600800400200009e-01 4.881158891270468477e-05
3.601800900450224940e-01 4.909692764580634000e-05
4.002001000500249872e-01 4.938484199252431432e-05
4.402201100550274804e-01 4.967536362859886523e-05
4.802401200600300291e-01 4.996852472484154643e-05
5.202601300650324667e-01 5.026435795654234903e-05
5.602801400700350154e-01 5.056289651308738115e-05
6.003001500750374531e-01 5.086417410779294754e-05
6.403201600800400017e-01 5.116822498796139601e-05
6.803401700850425504e-01 5.147508394516438879e-05
7.203601800900449881e-01 5.178478632575989396e-05
7.603801900950475368e-01 5.209736804164875852e-05
8.004002001000499744e-01 5.241286558127704293e-05
8.404202101050525231e-01 5.273131602089091386e-05
8.804402201100549608e-01 5.305275703605059337e-05
9.204602301150575094e-01 5.337722691341028328e-05
9.604802401200600581e-01 5.370476456277099685e-05
1.000500250125062607e+00 5.403540952941407666e-05
1.040520260130064933e+00 5.436920200672193821e-05
1.080540270135067482e+00 5.470618284909523418e-05
1.120560280140070031e+00 5.504639358517289071e-05
1.160580290145072579e+00 5.538987643136435997e-05
1.200600300150074906e+00 5.573667430570216637e-05
1.240620310155077455e+00 5.608683084202325744e-05
1.280640320160080003e+00 5.644039040448865286e-05
1.320660330165082552e+00 5.679739810245031605e-05
1.360680340170085101e+00 5.715789980567498573e-05
1.400700350175087427e+00 5.752194215993485410e-05
1.440720360180089976e+00 5.788957260297521531e-05
1.480740370185092525e+00 5.826083938086963490e-05
1.520760380190095074e+00 5.863579156477356357e-05
1.560780390195097400e+00 5.901447906808730495e-05
1.600800400200099949e+00 5.939695266404045352e-05
1.640820410205102498e+00 5.978326400370888169e-05
1.680840420210105046e+00 6.017346563447746274e-05
1.720860430215107595e+00 6.056761101896066587e-05
1.760880440220109922e+00 6.096575455439408130e-05
1.800900450225112470e+00 6.136795159251092250e-05
1.840920460230115019e+00 6.177425845991688872e-05
1.880940470235117568e+00 6.218473247897828211e-05
1.920960480240120116e+00 6.259943198923777208e-05
1.960980490245122443e+00 6.301841636937379225e-05
2.001000500250125214e+00 6.344174605971920271e-05
2.041020510255127540e+00 6.386948258535514867e-05
2.081040520260129867e+00 6.430168857979814035e-05
2.121060530265132638e+00 6.473842780929706423e-05
2.161080540270134964e+00 6.517976519775829994e-05
2.201100550275137291e+00 6.562576685231829535e-05
2.241120560280140062e+00 6.607650008958228921e-05
2.281140570285142388e+00 6.653203346254940142e-05
2.321160580290145159e+00 6.699243678824539565e-05
2.361180590295147486e+00 6.745778117608341594e-05
2.401200600300149812e+00 6.792813905697585861e-05
2.441220610305152583e+00 6.840358421322001209e-05
2.481240620310154910e+00 6.888419180918066670e-05
2.521260630315157680e+00 6.937003842279526795e-05
2.561280640320160007e+00 6.986120207792583176e-05
2.601300650325162334e+00 7.035776227758492988e-05
2.641320660330165104e+00 7.085980003806237630e-05
2.681340670335167431e+00 7.136739792398088514e-05
2.721360680340170202e+00 7.188064008431014978e-05
2.761380690345172528e+00 7.239961228936898246e-05
2.801400700350174855e+00 7.292440196884772885e-05
2.841420710355177626e+00 7.345509825088218246e-05
2.881440720360179952e+00 7.399179200221380197e-05
2.921460730365182723e+00 7.453457586947019391e-05
2.961480740370185050e+00 7.508354432160205965e-05
3.001500750375187376e+00 7.563879369351456724e-05
3.041520760380190147e+00 7.620042223093108163e-05
3.081540770385192474e+00 7.676853013653007357e-05
3.121560780390194800e+00 7.734321961739659647e-05
3.161580790395197571e+00 7.792459493383138767e-05
3.201600800400199898e+00 7.851276244956303582e-05
3.241620810405202668e+00 7.910783068340892686e-05
3.281640820410204995e+00 7.970991036243386626e-05
3.321660830415207322e+00 8.031911447665610179e-05
3.361680840420210092e+00 8.093555833535291026e-05
3.401700850425212419e+00 8.155935962501957917e-05
3.441720860430215190e+00 8.219063846903756519e-05
3.481740870435217516e+00 8.282951748911132530e-05
3.521760880440219843e+00 8.347612186853162197e-05
3.561780890445222614e+00 8.413057941733124902e-05
3.601800900450224940e+00 8.479302063939580440e-05
3.641820910455227711e+00 8.546357880159864131e-05
3.681840920460230038e+00 8.614239000502994228e-05
3.721860930465232364e+00 8.682959325839360127e-05
3.761880940470235135e+00 8.752533055364708969e-05
3.801900950475237462e+00 8.822974694396425264e-05
3.841920960480240232e+00 8.894299062410347548e-05
3.881940970485242559e+00 8.966521301326597817e-05
3.921960980490244886e+00 9.039656884053381958e-05
3.961980990495247656e+00 9.113721623298064992e-05
4.002001000500250427e+00 9.188731680655104115e-05
4.042021010505252754e+00 9.264703575980894165e-05
4.082041020510255080e+00 9.341654197066030069e-05
4.122061030515257407e+00 9.419600809615793059e-05
4.162081040520259734e+00 9.498561067550286799e-05
4.202101050525262949e+00 9.578553023635930086e-05
4.242121060530265275e+00 9.659595140460745994e-05
4.282141070535267602e+00 9.741706301766133987e-05
4.322161080540269928e+00 9.824905824148611106e-05
4.362181090545272255e+00 9.909213469145362093e-05
4.402201100550274582e+00 9.994649455718220249e-05
4.442221110555277797e+00 1.008123447315118198e-04
4.482241120560280123e+00 1.016898969437721390e-04
4.522261130565282450e+00 1.025793678975104516e-04
4.562281140570284776e+00 1.034809794128491677e-04
4.602301150575287103e+00 1.043949585736539827e-04
4.642321160580290318e+00 1.053215378797003372e-04
4.682341170585292645e+00 1.062609554040339110e-04
4.722361180590294971e+00 1.072134549557289789e-04
4.762381190595297298e+00 1.081792862482602115e-04
4.802401200600299624e+00 1.091587050737092976e-04
4.842421210605302839e+00 1.101519734830416780e-04
4.882441220610305166e+00 1.111593599726955428e-04
4.922461230615307493e+00 1.121811396777406622e-04
4.962481240620309819e+00 1.132175945718717959e-04
5.002501250625312146e+00 1.142690136745170713e-04
5.042521260630315361e+00 1.153356932653534013e-04
5.082541270635317687e+00 1.164179371065344679e-04
5.122561280640320014e+00 1.175160566729516686e-04
5.162581290645322341e+00 1.186303713908628410e-04
5.202601300650324667e+00 1.197612088852404111e-04
5.242621310655327882e+00 1.209089052362062952e-04
5.282641320660330209e+00 1.220738052449387573e-04
5.322661330665332535e+00 1.232562627094563486e-04
5.362681340670334862e+00 1.244566407107004530e-04
5.402701350675337189e+00 1.256753119093627640e-04
5.442721360680340403e+00 1.269126588539215821e-04
5.482741370685342730e+00 1.281690743003768309e-04
5.522761380690345057e+00 1.294449615441967659e-04
5.562781390695347383e+00 1.307407347650140622e-04
5.602801400700349710e+00 1.320568193846371238e-04
5.642821410705352925e+00 1.333936524389711914e-04
5.682841420710355251e+00 1.347516829644713652e-04
5.722861430715357578e+00 1.361313723997856250e-04
5.762881440720359905e+00 1.375331950032753674e-04
5.802901450725362231e+00 1.389576382871384125e-04
5.842921460730365446e+00 1.404052034688981377e-04
5.882941470735367773e+00 1.418764059410587166e-04
5.922961480740370099e+00 1.433717757597730903e-04
5.962981490745372426e+00 1.448918581534099515e-04
6.003001500750374753e+00 1.464372140519572512e-04
6.043021510755377079e+00 1.480084206382466022e-04
6.083041520760380294e+00 1.496060719220390070e-04
6.123061530765382621e+00 1.512307793380647590e-04
6.163081540770384947e+00 1.528831723691733574e-04
6.203101550775387274e+00 1.545638991958104527e-04
6.243121560780389601e+00 1.562736273731058986e-04
6.283141570785392815e+00 1.580130445369291371e-04
6.323161580790395142e+00 1.597828591403430653e-04
6.363181590795397469e+00 1.615838012219675442e-04
6.403201600800399795e+00 1.634166232078496062e-04
6.443221610805402122e+00 1.652821007485280581e-04
6.483241620810405337e+00 1.671810335930760721e-04
6.523261630815407663e+00 1.691142465020091198e-04
6.563281640820409990e+00 1.710825902010538004e-04
6.603301650825412317e+00 1.730869423778899185e-04
6.643321660830414643e+00 1.751282087241027338e-04
6.683341670835417858e+00 1.772073240247136353e-04
6.723361680840420185e+00 1.793252532977983261e-04
6.763381690845422511e+00 1.814829929868534773e-04
6.803401700850424838e+00 1.836815722087305853e-04
6.843421710855427165e+00 1.859220540601295958e-04
6.883441720860430380e+00 1.882055369858256968e-04
6.923461730865432706e+00 1.905331562119993364e-04
6.963481740870435033e+00 1.929060852482482520e-04
7.003501750875437359e+00 1.953255374620833202e-04
7.043521760880439686e+00 1.977927677299477500e-04
7.083541770885442901e+00 2.003090741690599142e-04
7.123561780890445227e+00 2.028757999546457766e-04
7.163581790895447554e+00 2.054943352274299297e-04
7.203601800900449881e+00 2.081661190965618756e-04
7.243621810905452207e+00 2.108926417434941873e-04
7.283641820910455422e+00 2.136754466326932079e-04
7.323661830915457749e+00 2.165161328354472980e-04
7.363681840920460075e+00 2.194163574734622096e-04
7.403701850925462402e+00 2.223778382893737914e-04
7.443721860930464729e+00 2.254023563517978230e-04
7.483741870935467944e+00 2.284917589030531298e-04
7.523761880940470270e+00 2.316479623582529557e-04
7.563781890945472597e+00 2.348729554650625479e-04
7.603801900950474923e+00 2.381688026340699393e-04
7.643821910955477250e+00 2.415376474504147891e-04
7.683841920960480465e+00 2.449817163780782956e-04
7.723861930965482792e+00 2.485033226690471506e-04
7.763881940970485118e+00 2.521048704904506744e-04
7.803901950975487445e+00 2.557888592837143983e-04
7.843921960980489771e+00 2.595578883708097445e-04
7.883941970985492098e+00 2.634146618237848581e-04
7.923961980990495313e+00 2.673619936149748341e-04
7.963981990995497640e+00 2.714028130665871084e-04
8.004002001000500854e+00 2.755401706197836633e-04
8.044022011005502293e+00 2.797772439449065806e-04
8.084042021010505508e+00 2.841173444161741463e-04
8.124062031015506946e+00 2.885639239759733507e-04
8.164082041020510161e+00 2.931205824158566575e-04
8.204102051025513376e+00 2.977910751034858173e-04
8.244122061030514814e+00 3.025793211871028788e-04
8.284142071035518029e+00 3.074894123116511668e-04
8.324162081040519467e+00 3.125256218834352850e-04
8.364182091045522682e+00 3.176924149232461048e-04
8.404202101050525897e+00 3.229944585511611310e-04
8.444222111055527336e+00 3.284366331498626552e-04
8.484242121060530550e+00 3.340240442572423333e-04
8.524262131065531989e+00 3.397620352433984407e-04
8.564282141070535204e+00 3.456562008318594015e-04
8.604302151075536642e+00 3.517124015300568808e-04
8.644322161080539857e+00 3.579367790397759361e-04
8.684342171085543072e+00 3.643357727245549434e-04
8.724362181090544510e+00 3.709161372179000174e-04
8.764382191095547725e+00 3.776849612637390020e-04
8.804402201100549163e+00 3.846496878888715524e-04
8.844422211105552378e+00 3.918181360163788189e-04
8.884442221110555593e+00 3.991985236390738017e-04
8.924462231115557032e+00 4.067994926832898422e-04
8.964482241120560246e+00 4.146301357056858170e-04
9.004502251125561685e+00 4.227000245794366052e-04
9.044522261130564900e+00 4.310192413413910868e-04
9.084542271135568114e+00 4.395984113885854981e-04
9.124562281140569553e+00 4.484487392312318374e-04
9.164582291145572768e+00 4.575820470300618627e-04
9.204602301150574206e+00 4.670108161690414384e-04
9.244622311155577421e+00 4.767482321402485759e-04
9.284642321160580636e+00 4.868082330464240421e-04
9.324662331165582074e+00 4.972055620588230074e-04
9.364682341170585289e+00 5.079558242038653519e-04
9.404702351175586728e+00 5.190755478922529694e-04
9.444722361180589942e+00 5.305822516492767578e-04
9.484742371185593157e+00 5.424945165555518324e-04
9.524762381190594596e+00 5.548320649642565251e-04
9.564782391195597810e+00 5.676158461248781081e-04
9.604802401200599249e+00 5.808681294155338543e-04
9.644822411205602464e+00 5.946126059672936009e-04
9.684842421210605679e+00 6.088744995558509213e-04
9.724862431215607117e+00 6.236806877400163495e-04
9.764882441220610332e+00 6.390598343445121890e-04
9.804902451225611770e+00 6.550425345185895403e-04
9.844922461230614985e+00 6.716614737544880512e-04
9.884942471235618200e+00 6.889516024234428743e-04
9.924962481240619638e+00 7.069503275852931194e-04
9.964982491245622853e+00 7.256977240544425700e-04
1.000500250125062429e+01 7.452367669646313766e-04
1.004502251125562751e+01 7.656135883730609418e-04
1.008504252126063072e+01 7.868777607870561372e-04
1.012506253126563216e+01 8.090826108912925517e-04
1.016508254127063537e+01 8.322855672093317945e-04
1.020510255127563681e+01 8.565485459604162523e-04
1.024512256128064003e+01 8.819383799836426124e-04
1.028514257128564324e+01 9.085272963116386479e-04
1.032516258129064468e+01 9.363934488027003981e-04
1.036518259129564790e+01 9.656215132053193361e-04
1.040520260130064933e+01 9.963033531580141496e-04
1.044522261130565255e+01 1.028538766951606022e-03
1.048524262131065576e+01 1.062436326438035176e-03
1.052526263131565720e+01 1.098114321305587466e-03
1.056528264132066042e+01 1.135701824110507512e-03
1.060530265132566186e+01 1.175339894027679433e-03
1.064532266133066507e+01 1.217182940342033219e-03
1.068534267133566829e+01 1.261400270350109681e-03
1.072536268134066972e+01 1.308177850705159306e-03
1.076538269134567294e+01 1.357720316476211751e-03
1.080540270135067438e+01 1.410253268497781501e-03
1.084542271135567759e+01 1.466025907206755389e-03
1.088544272136068081e+01 1.525314060403043298e-03
1.092546273136568225e+01 1.588423673617412116e-03
1.096548274137068546e+01 1.655694845511989722e-03
1.100550275137568690e+01 1.727506507597511513e-03
1.104552276138069011e+01 1.804281868319944403e-03
1.108554277138569333e+01 1.886494767265163141e-03
1.112556278139069477e+01 1.974677117167849844e-03
1.116558279139569798e+01 2.069427651292119613e-03
1.120560280140069942e+01 2.171422243798114618e-03
1.124562281140570263e+01 2.281426133834328195e-03
1.128564282141070585e+01 2.400308464143933226e-03
1.132566283141570729e+01 2.529059647051415220e-03
1.136568284142071050e+01 2.668812201627352408e-03
1.140570285142571194e+01 2.820865874800909320e-03
1.144572286143071516e+01 2.986718078653959833e-03
1.148574287143571837e+01 3.168100963094819689e-03
1.152576288144071981e+01 3.367026820985773248e-03
1.156578289144572302e+01 3.585844024076652054e-03
1.160580290145072446e+01 3.827306358256575385e-03
1.164582291145572768e+01 4.094659529909081518e-03
1.168584292146073089e+01 4.391749843109973676e-03
1.172586293146573233e+01 4.723161731866387832e-03
1.176588294147073555e+01 5.094393164276802242e-03
1.180590295147573698e+01 5.512081198204656085e-03
1.184592296148074020e+01 5.984294579637992363e-03
1.188594297148574341e+01 6.520916864995428448e-03
1.192596298149074485e+01 7.134153074988464072e-03
1.196598299149574807e+01 7.839206824643384433e-03
1.200600300150074951e+01 8.655195518868062307e-03
1.204602301150575272e+01 9.606402176899349332e-03
1.208604302151075416e+01 1.072400952433803963e-02
1.212606303151575737e+01 1.204853445626302873e-02
1.216608304152076059e+01 1.363329387073029635e-02
1.220610305152576203e+01 1.554941057758464813e-02
1.224612306153076524e+01 1.789314961832754944e-02
1.228614307153576668e+01 2.079682163216791183e-02
1.232616308154076989e+01 2.444518731838639033e-02
1.236618309154577311e+01 2.910033913868160030e-02
1.240620310155077455e+01 3.513940713771983998e-02
1.244622311155577776e+01 4.311052848612368510e-02
1.248624312156077920e+01 5.381039936007644964e-02
1.252626313156578242e+01 6.837035016151968292e-02
1.256628314157078563e+01 8.827115344256672436e-02
1.260630315157578707e+01 1.149937872351126933e-01
1.264632316158079028e+01 1.485283132053925592e-01
1.268634317158579172e+01 1.837545550485037427e-01
1.272636318159079494e+01 2.072006682970561897e-01
1.276638319159579815e+01 2.047026700712652192e-01
1.280640320160079959e+01 1.781156553873730897e-01
1.284642321160580281e+01 1.428237443410411145e-01
1.288644322161080424e+01 1.108609879068150061e-01
1.292646323161580746e+01 8.608270763203003384e-02
1.296648324162081067e+01 6.806980383224747744e-02
1.300650325162581211e+01 5.532464284227691514e-02
1.304652326163081533e+01 4.640068574814879693e-02
1.308654327163581677e+01 4.001150568441846217e-02
1.312656328164081998e+01 3.492589790092018309e-02
1.316658329164582319e+01 3.024109405812452564e-02
1.320660330165082463e+01 2.580097810413700676e-02
1.324662331165582785e+01 2.188337065858570255e-02
1.328664332166082929e+01 1.864915457430308884e-02
1.332666333166583250e+01 1.605684674263244127e-02
1.336668334167083572e+01 1.398670452881793647e-02
1.340670335167583715e+01 1.232009025373143399e-02
1.344672336168084037e+01 1.096227101909835744e-02
1.348674337168584181e+01 9.842485845928533594e-03
1.352676338169084502e+01 8.908686794392224606e-03
1.356678339169584824e+01 8.122414157064956203e-03
1.360680340170084968e+01 7.454903403640092407e-03
1.364682341170585289e+01 6.884332550643882873e-03
1.368684342171085433e+01 6.393911809607850764e-03
1.372686343171585754e+01 5.970555130104064460e-03
1.376688344172086076e+01 5.603946657834505893e-03
1.380690345172586220e+01 5.285875716328500631e-03
1.384692346173086541e+01 5.009756312401404850e-03
1.388694347173586685e+01 4.770275288655404303e-03
1.392696348174087007e+01 4.563131628018967344e-03
1.396698349174587328e+01 4.384841450654828991e-03
1.400700350175087472e+01 4.232591201522153956e-03
1.404702351175587793e+01 4.104126864510712625e-03
1.408704352176087937e+01 3.997670681955054969e-03
1.412706353176588259e+01 3.911859396419916160e-03
1.416708354177088580e+01 3.845699845447327330e-03
1.420710355177588724e+01 3.798539079734160762e-03
1.424712356178089045e+01 3.770047210446731984e-03
1.428714357178589189e+01 3.760212042126955326e-03
1.432716358179089511e+01 3.769345305091838846e-03
1.436718359179589832e+01 3.798101042116363690e-03
1.440720360180089976e+01 3.847507502134491116e-03
1.444722361180590298e+01 3.919014829680252630e-03
1.448724362181090441e+01 4.014562012848208773e-03
1.452726363181590763e+01 4.136668098838235802e-03
1.456728364182091084e+01 4.288554794455559475e-03
1.460730365182591228e+01 4.474310517119173443e-03
1.464732366183091550e+01 4.699110166432545962e-03
1.468734367183591694e+01 4.969510982584050482e-03
1.472736368184092015e+01 5.293853829836577332e-03
1.476738369184592337e+01 5.682812635612417493e-03
1.480740370185092480e+01 6.150154981432623229e-03
1.484742371185592802e+01 6.713807918400805513e-03
1.488744372186092946e+01 7.397371334017618059e-03
1.492746373186593267e+01 8.232296953833073347e-03
1.496748374187093589e+01 9.261070958665816588e-03
1.500750375187593733e+01 1.054192839402111510e-02
1.504752376188094054e+01 1.215592651853945362e-02
1.508754377188594198e+01 1.421765865992878110e-02
1.512756378189094519e+01 1.689151829544400032e-02
1.516758379189594841e+01 2.041605410274695623e-02
1.520760380190094985e+01 2.513863407099839464e-02
1.524762381190595306e+01 3.155758865758454684e-02
1.528764382191095450e+01 4.034641961392686216e-02
1.532766383191595772e+01 5.225787823903166318e-02
1.536768384192096093e+01 6.760811428328564188e-02
1.540770385192596237e+01 8.482008591073424142e-02
1.544772386193096558e+01 9.844854990536013040e-02
1.548774387193596702e+01 1.009175837751505600e-01
1.552776388194097024e+01 9.052375078737069647e-02
1.556778389194597167e+01 7.373257088057368069e-02
1.560780390195097489e+01 5.734861907423205452e-02
1.564782391195597810e+01 4.416675236419595474e-02
1.568784392196097954e+01 3.432239485082008712e-02
1.572786393196598276e+01 2.712306761736063554e-02
1.576788394197098420e+01 2.184325926467382134e-02
1.580790395197598741e+01 1.792182180925620122e-02
1.584792396198099063e+01 1.496216779185667242e-02
1.588794397198599206e+01 1.269139028334329011e-02
1.592796398199099528e+01 1.092201177752174894e-02
1.596798399199599672e+01 9.524097029654210109e-03
1.600800400200100171e+01 8.406411347217120425e-03
1.604802401200600315e+01 7.503989712472959074e-03
1.608804402201100459e+01 6.769959780519326127e-03
1.612806403201600602e+01 6.170131898665104711e-03
1.616808404202101102e+01 5.679389267010397264e-03
1.620810405202601245e+01 5.279262414250727314e-03
1.624812406203101389e+01 4.956298583967644680e-03
1.628814407203601888e+01 4.700981521247228449e-03
1.632816408204102032e+01 4.507051548673939381e-03
1.636818409204602176e+01 4.371140420505392581e-03
1.640820410205102675e+01 4.292684197348823651e-03
1.644822411205602819e+01 4.274120580778399507e-03
1.648824412206102963e+01 4.321423772042350640e-03
1.652826413206603107e+01 4.445089370196419684e-03
1.656828414207103606e+01 4.661764425114378260e-03
1.660830415207603750e+01 4.996830899463185205e-03
1.664832416208103893e+01 5.488378697165355313e-03
1.668834417208604393e+01 6.193029847014271290e-03
1.672836418209104536e+01 7.193507029298785646e-03
1.676838419209604680e+01 8.604946254939424208e-03
1.680840420210105179e+01 1.056648852325988222e-02
1.684842421210605323e+01 1.317514270521741131e-02
1.688844422211105467e+01 1.627072628515405239e-02
1.692846423211605611e+01 1.905561146911289791e-02
1.696848424212106110e+01 2.011823941761174683e-02
1.700850425212606254e+01 1.870845596609747516e-02
1.704852426213106398e+01 1.572113666604815080e-02
1.708854427213606897e+01 1.254125924935487434e-02
1.712856428214107041e+01 9.884808806783865545e-03
1.716858429214607185e+01 7.868153164346842685e-03
1.720860430215107328e+01 6.382309037684663622e-03
1.724862431215607828e+01 5.287898160747054634e-03
1.728864432216107971e+01 4.471842545892580449e-03
1.732866433216608115e+01 3.852949076706695293e-03
1.736868434217108614e+01 3.375080285402997596e-03
1.740870435217608758e+01 2.999653884822914285e-03
1.744872436218108902e+01 2.699952891711129670e-03
1.748874437218609401e+01 2.457229093563186289e-03
1.752876438219109545e+01 2.258120939705275144e-03
1.756878439219609689e+01 2.092953021968031388e-03
1.760880440220109833e+01 1.954609824610269771e-03
1.764882441220610332e+01 1.837781497607672435e-03
1.768884442221110476e+01 1.738451919320274869e-03
1.772886443221610620e+01 1.653546228584650869e-03
1.776888444222111119e+01 1.580684696111953188e-03
1.780890445222611262e+01 1.518008522885864542e-03
1.784892446223111406e+01 1.464055014024390720e-03
1.788894447223611905e+01 1.417667166162630372e-03
1.792896448224112049e+01 1.377927624116111801e-03
1.796898449224612193e+01 1.344110195930483783e-03
1.800900450225112337e+01 1.315644278134050224e-03
1.804902451225612836e+01 1.292089021257759179e-03
1.808904452226112980e+01 1.273115107276639622e-03
1.812906453226613124e+01 1.258492779805722109e-03
1.816908454227113623e+01 1.248085379994429058e-03
1.820910455227613767e+01 1.241848185887250294e-03
1.824912456228113911e+01 1.239832912664038268e-03
1.828914457228614410e+01 1.242198896902102848e-03
1.832916458229114554e+01 1.249232880067153995e-03
1.836918459229614697e+01 1.261380601449235998e-03
1.840920460230114841e+01 1.279295381476917718e-03
1.844922461230615340e+01 1.303911946153119656e-03
1.848924462231115484e+01 1.336558540622719178e-03
1.852926463231615628e+01 1.379127706346960913e-03
1.856928464232116127e+01 1.434336461909746594e-03
1.860930465232616271e+01 1.506118090513930202e-03
1.864932466233116415e+01 1.600187723539756631e-03
1.868934467233616914e+01 1.724760973666447693e-03
1.872936468234117058e+01 1.891100019402926257e-03
1.876938469234617202e+01 2.112481816989061727e-03
1.880940470235117346e+01 2.397220737799213471e-03
1.884942471235617845e+01 2.727010153086625605e-03
1.888944472236117988e+01 3.021522227966067040e-03
1.892946473236618132e+01 3.149031707182319267e-03
1.896948474237118631e+01 3.053034710429156952e-03
1.900950475237618775e+01 2.827911311116509518e-03
1.904952476238118919e+01 2.600059476937524247e-03
1.908954477238619418e+01 2.430510715853121447e-03
1.912956478239119562e+01 2.327901792127409948e-03
1.916958479239619706e+01 2.282468181791933674e-03
1.920960480240119850e+01 2.282657167980472850e-03
1.924962481240620349e+01 2.319758339877171869e-03
1.928964482241120493e+01 2.388282656599332015e-03
1.932966483241620637e+01 2.485367978511195293e-03
1.936968484242121136e+01 2.610183403810764202e-03
1.940970485242621280e+01 2.763533478008096955e-03
1.944972486243121423e+01 2.947661907392745868e-03
1.948974487243621923e+01 3.166222916420044237e-03
1.952976488244122066e+01 3.424399807826254520e-03
1.956978489244622210e+01 3.729170239488538343e-03
1.960980490245122354e+01 4.089739655229715325e-03
1.964982491245622853e+01 4.518189693650076326e-03
1.968984492246122997e+01 5.030421674161462096e-03
1.972986493246623141e+01 5.647523230696472989e-03
1.976988494247123640e+01 6.397759185737853307e-03
1.980990495247623784e+01 7.319501908161905879e-03
1.984992496248123928e+01 8.465596294302480534e-03
1.988994497248624427e+01 9.909934955782684352e-03
1.992996498249124571e+01 1.175743761148250605e-02
1.996998499249624714e+01 1.415917777554829768e-02
2.001000500250124858e+01 1.733483283863405250e-02
2.005002501250625357e+01 2.160376092165829445e-02
2.009004502251125501e+01 2.741936093863338308e-02
2.013006503251625645e+01 3.537436361012716995e-02
2.017008504252126144e+01 4.605868446512793174e-02
2.021010505252626288e+01 5.945648508338040317e-02
2.025012506253126432e+01 7.349044413308354617e-02
2.029014507253626931e+01 8.274121848699089732e-02
2.033016508254127075e+01 8.156732155243395788e-02
2.037018509254627219e+01 7.077573453614861843e-02
2.041020510255127363e+01 5.653021848478868155e-02
2.045022511255627862e+01 4.360487265856481665e-02
2.049024512256128006e+01 3.350301205178192465e-02
2.053026513256628149e+01 2.602869686333098009e-02
2.057028514257128649e+01 2.056412128648194351e-02
2.061030515257628792e+01 1.654121180483612147e-02
2.065032516258128936e+01 1.353619848622200639e-02
2.069034517258629080e+01 1.125292430709027604e-02
2.073036518259129579e+01 9.487920658043826408e-03
2.077038519259629723e+01 8.101028951004386053e-03
2.081040520260129867e+01 6.994617840381431827e-03
2.085042521260630366e+01 6.099673999328822718e-03
2.089044522261130510e+01 5.366636080837702133e-03
2.093046523261630654e+01 4.759345822135868827e-03
2.097048524262131153e+01 4.251019477379627126e-03
2.101050525262631297e+01 3.821530453234853793e-03
2.105052526263131440e+01 3.455550205877799558e-03
2.109054527263631584e+01 3.141257672662144899e-03
2.113056528264132083e+01 2.869430416676628168e-03
2.117058529264632227e+01 2.632795649916499364e-03
2.121060530265132371e+01 2.425560658545601080e-03
2.125062531265632870e+01 2.243068757587253319e-03
2.129064532266133014e+01 2.081544225846400017e-03
2.133066533266633158e+01 1.937901097681774465e-03
2.137068534267133657e+01 1.809598322091933139e-03
2.141070535267633801e+01 1.694528965144318465e-03
2.145072536268133945e+01 1.590934670557339701e-03
2.149074537268634089e+01 1.497339046563500326e-03
2.153076538269134588e+01 1.412495367473105921e-03
2.157078539269634732e+01 1.335345197840270143e-03
2.161080540270134875e+01 1.264985420608285118e-03
2.165082541270635375e+01 1.200641782457087525e-03
2.169084542271135518e+01 1.141647530941861197e-03
2.173086543271635662e+01 1.087426057915903471e-03
2.177088544272136161e+01 1.037476716283673283e-03
2.181090545272636305e+01 9.913631663001402049e-04
2.185092546273136449e+01 9.487037504203838867e-04
2.189094547273636593e+01 9.091635042726373692e-04
2.193096548274137092e+01 8.724474944562531130e-04
2.197098549274637236e+01 8.382952379399763931e-04
2.201100550275137380e+01 8.064760075369656073e-04
2.205102551275637879e+01 7.767848667199688884e-04
2.209104552276138023e+01 7.490393074851092693e-04
2.213106553276638166e+01 7.230763890029545367e-04
2.217108554277138666e+01 6.987502938634472917e-04
2.221110555277638809e+01 6.759302339284923959e-04
2.225112556278138953e+01 6.544986499936685832e-04
2.229114557278639097e+01 6.343496592739990888e-04
2.233116558279139596e+01 6.153877126659594576e-04
2.237118559279639740e+01 5.975264301856100324e-04
2.241120560280139884e+01 5.806875882421870354e-04
2.245122561280640383e+01 5.648002367140017663e-04
2.249124562281140527e+01 5.497999273349749895e-04
2.253126563281640671e+01 5.356280378227964512e-04
2.257128564282141170e+01 5.222311786004868927e-04
2.261130565282641314e+01 5.095606709752166247e-04
2.265132566283141458e+01 4.975720873164412401e-04
2.269134567283641601e+01 4.862248451799029507e-04
2.273136568284142101e+01 4.754818485032490907e-04
2.277138569284642244e+01 4.653091699924433123e-04
2.281140570285142388e+01 4.556757696577178247e-04
2.285142571285642887e+01 4.465532451697974735e-04
2.289144572286143031e+01 4.379156103128495586e-04
2.293146573286643175e+01 4.297390983278294397e-04
2.297148574287143674e+01 4.220019873831382237e-04
2.301150575287643818e+01 4.146844457908566649e-04
2.305152576288143962e+01 4.077683949163521458e-04
2.309154577288644106e+01 4.012373880152485467e-04
2.313156578289144605e+01 3.950765034815883537e-04
2.317158579289644749e+01 3.892722512106219345e-04
2.321160580290144893e+01 3.838124909740560386e-04
2.325162581290645392e+01 3.786863618792808131e-04
2.329164582291145535e+01 3.738842221408130687e-04
2.333166583291645679e+01 3.693975985354208658e-04
2.337168584292146178e+01 3.652191450451273448e-04
2.341170585292646322e+01 3.613426103173135711e-04
2.345172586293146466e+01 3.577628136910866448e-04
2.349174587293646610e+01 3.544756296564783617e-04
2.353176588294147109e+01 3.514779807303589532e-04
2.357178589294647253e+01 3.487678388528036699e-04
2.361180590295147397e+01 3.463442355327119352e-04
2.365182591295647896e+01 3.442072811047084866e-04
2.369184592296148040e+01 3.423581936040145110e-04
2.373186593296648184e+01 3.407993379258061266e-04
2.377188594297148683e+01 3.395342761148995047e-04
2.381190595297648827e+01 3.385678298355107585e-04
2.385192596298148970e+01 3.379061563054138297e-04
2.389194597298649114e+01 3.375568392514195315e-04
2.393196598299149613e+01 3.375289967626088914e-04
2.397198599299649757e+01 3.378334082951535487e-04
2.401200600300149901e+01 3.384826635313323935e-04
2.405202601300650400e+01 3.394913363322761362e-04
2.409204602301150544e+01 3.408761876699876168e-04
2.413206603301650688e+01 3.426564022055860500e-04
2.417208604302150832e+01 3.448538641306873615e-04
2.421210605302651331e+01 3.474934790494724961e-04
2.425212606303151475e+01 3.506035501039962677e-04
2.429214607303651619e+01 3.542162183035173239e-04
2.433216608304152118e+01 3.583679791988544396e-04
2.437218609304652261e+01 3.631002907600990384e-04
2.441220610305152405e+01 3.684602907205823522e-04
2.445222611305652904e+01 3.745016459387445610e-04
2.449224612306153048e+01 3.812855617626294486e-04
2.453226613306653192e+01 3.888819863047864251e-04
2.457228614307153336e+01 3.973710534110140970e-04
2.461230615307653835e+01 4.068448195581866249e-04
2.465232616308153979e+01 4.174093647909972557e-04
2.469234617308654123e+01 4.291873472636376411e-04
2.473236618309154622e+01 4.423211265889086491e-04
2.477238619309654766e+01 4.569766052390053404e-04
2.481240620310154910e+01 4.733479828130803695e-04
2.485242621310655409e+01 4.916636795140900008e-04
2.489244622311155553e+01 5.121937689979696659e-04
2.493246623311655696e+01 5.352593760336282324e-04
2.497248624312155840e+01 5.612446545311900120e-04
2.501250625312656339e+01 5.906121862420645385e-04
2.505252626313156483e+01 6.239229593779308924e-04
2.509254627313656627e+01 6.618625442618249937e-04
2.513256628314157126e+01 7.052757483823626989e-04
2.517258629314657270e+01 7.552130119783923663e-04
2.521260630315157414e+01 8.129932639591561008e-04
2.525262631315657913e+01 8.802901605977047749e-04
2.529264632316158057e+01 9.592519991800929884e-04
2.533266633316658201e+01 1.052670818968827774e-03
2.537268634317158345e+01 1.164224378868427027e-03
2.541270635317658844e+01 1.298827614898684065e-03
2.545272636318158987e+01 1.463150622634771299e-03
2.549274637318659131e+01 1.666392268921708299e-03
2.553276638319159630e+01 1.921447116472457285e-03
2.557278639319659774e+01 2.246670112590544617e-03
2.561280640320159918e+01 2.668509263093608863e-03
2.565282641320660417e+01 3.225236085610456906e-03
2.569284642321160561e+01 3.971444886004809639e-03
2.573286643321660705e+01 4.980522776911075651e-03
2.577288644322160849e+01 6.333971345810336835e-03
2.581290645322661348e+01 8.065419287284845973e-03
2.585292646323161492e+01 1.000576904479931473e-02
2.589294647323661636e+01 1.158476296849722358e-02
2.593296648324162135e+01 1.204392722218634859e-02
2.597298649324662279e+01 1.127458701351579523e-02
2.601300650325162422e+01 9.999209070227109072e-03
2.605302651325662922e+01 8.952863371078307111e-03
2.609304652326163065e+01 8.473519556387804422e-03
2.613306653326663209e+01 8.649224627531176823e-03
2.617308654327163353e+01 9.465481254991654075e-03
2.621310655327663852e+01 1.076073938483598086e-02
2.625312656328163996e+01 1.202483374529639097e-02
2.629314657328664140e+01 1.240051775950443656e-02
2.633316658329164639e+01 1.140663489559226237e-02
2.637318659329664783e+01 9.527275601889076753e-03
2.641320660330164927e+01 7.557411142881567678e-03
2.645322661330665426e+01 5.913261962868392174e-03
2.649324662331165570e+01 4.660815454112115543e-03
2.653326663331665713e+01 3.733288932322961860e-03
2.657328664332165857e+01 3.046155160978082036e-03
2.661330665332666356e+01 2.530775802935730356e-03
2.665332666333166500e+01 2.137707660878691591e-03
2.669334667333666644e+01 1.832614332306103412e-03
2.673336668334167143e+01 1.591773212883582610e-03
2.677338669334667287e+01 1.398660681425612472e-03
2.681340670335167431e+01 1.241607785754298256e-03
2.685342671335667930e+01 1.112242083022381336e-03
2.689344672336168074e+01 1.004457883614335830e-03
2.693346673336668218e+01 9.137315371452525226e-04
2.697348674337168362e+01 8.366608587287966510e-04
2.701350675337668861e+01 7.706509741219348111e-04
2.705352676338169005e+01 7.136968452674674482e-04
2.709354677338669148e+01 6.642304772369968030e-04
2.713356678339169648e+01 6.210120115727298584e-04
2.717358679339669791e+01 5.830510234716629932e-04
2.721360680340169935e+01 5.495488986633716546e-04
2.725362681340670434e+01 5.198561219507146815e-04
2.729364682341170578e+01 4.934402510922210631e-04
2.733366683341670722e+01 4.698616419426596938e-04
2.737368684342170866e+01 4.487548620660890253e-04
2.741370685342671365e+01 4.298143250518532605e-04
2.745372686343171509e+01 4.127830891471914818e-04
2.749374687343671653e+01 3.974440516322212289e-04
2.753376688344172152e+01 3.836129740184009000e-04
2.757378689344672296e+01 3.711329188267385813e-04
2.761380690345172439e+01 3.598697839873746598e-04
2.765382691345672583e+01 3.497086977527561879e-04
2.769384692346173082e+01 3.405510936471790677e-04
2.773386693346673226e+01 3.323123270909305389e-04
2.777388694347173370e+01 3.249197269398554355e-04
2.781390695347673869e+01 3.183109991071201498e-04
2.785392696348174013e+01 3.124329177125153754e-04
2.789394697348674157e+01 3.072402533024607861e-04
2.793396698349174656e+01 3.026948986715106873e-04
2.797398699349674800e+01 2.987651614840087719e-04
2.801400700350174944e+01 2.954251998338456361e-04
2.805402701350675088e+01 2.926545825406254861e-04
2.809404702351175587e+01 2.904379607116031503e-04
2.813406703351675731e+01 2.887648411812011938e-04
2.817408704352175874e+01 2.876294561093751699e-04
2.821410705352676374e+01 2.870307264868409217e-04
2.825412706353176517e+01 2.869723207617819660e-04
2.829414707353676661e+01 2.874628134818241589e-04
2.833416708354177160e+01 2.885159529795051350e-04
2.837418709354677304e+01 2.901510520169301994e-04
2.841420710355177448e+01 2.923935213320568468e-04
2.845422711355677592e+01 2.952755737173477801e-04
2.849424712356178091e+01 2.988371363392866879e-04
2.853426713356678235e+01 3.031270225125367430e-04
2.857428714357178379e+01 3.082044325835725518e-04
2.861430715357678878e+01 3.141408791822675401e-04
2.865432716358179022e+01 3.210226682029383109e-04
2.869434717358679165e+01 3.289541185492849264e-04
2.873436718359179665e+01 3.380617787311045717e-04
2.877438719359679808e+01 3.485000090245540133e-04
2.881440720360179952e+01 3.604584633619789102e-04
2.885442721360680096e+01 3.741722561636915312e-04
2.889444722361180595e+01 3.899359854971403815e-04
2.893446723361680739e+01 4.081233852672378534e-04
2.897448724362180883e+01 4.292153240741150262e-04
2.901450725362681382e+01 4.538403580668137803e-04
2.905452726363181526e+01 4.828343736031846497e-04
2.909454727363681670e+01 5.173293741100076955e-04
2.913456728364182169e+01 5.588862890368911842e-04
2.917458729364682313e+01 6.096914145754332151e-04
2.921460730365182457e+01 6.728331178637551738e-04
2.925462731365682600e+01 7.526349527262756562e-04
2.929464732366183100e+01 8.548428179315735714e-04
2.933466733366683243e+01 9.858631375790965698e-04
2.937468734367183387e+01 1.148734643633870589e-03
2.941470735367683886e+01 1.332001364717123014e-03
2.945472736368184030e+01 1.495582064767582648e-03
2.949474737368684174e+01 1.586410604772052870e-03
2.953476738369184673e+01 1.598547388406373112e-03
2.957478739369684817e+01 1.585503652865866663e-03
2.961480740370184961e+01 1.601557637932712061e-03
2.965482741370685105e+01 1.673124093054320985e-03
2.969484742371185604e+01 1.810598427695344920e-03
2.973486743371685748e+01 2.022807132697524574e-03
2.977488744372185892e+01 2.324492729155695075e-03
2.981490745372686391e+01 2.740583109012237600e-03
2.985492746373186534e+01 3.310440588310002274e-03
2.989494747373686678e+01 4.093137643437571617e-03
2.993496748374187177e+01 5.172004799008646583e-03
2.997498749374687321e+01 6.649094746511250743e-03
3.001500750375187465e+01 8.599135112041706580e-03
3.005502751375687609e+01 1.091686744430225495e-02
3.009504752376188108e+01 1.303815590591212749e-02
3.013506753376688252e+01 1.392951328721127313e-02
3.017508754377188396e+01 1.299555553328800989e-02
3.021510755377688895e+01 1.085515773937643057e-02
3.025512756378189039e+01 8.537284166214133621e-03
3.029514757378689183e+01 6.592506624329193959e-03
3.033516758379189682e+01 5.118602200820617822e-03
3.037518759379689826e+01 4.038401046414967846e-03
3.041520760380189969e+01 3.249076732088056457e-03
3.045522761380690113e+01 2.666520160485311153e-03
3.049524762381190612e+01 2.230218283268304170e-03
3.053526763381690756e+01 1.898350609655196156e-03
3.057528764382190900e+01 1.642229295108635486e-03
3.061530765382691399e+01 1.442052527842363875e-03
3.065532766383191543e+01 1.283991087383239485e-03
3.069534767383691687e+01 1.158258222633111933e-03
3.073536768384192186e+01 1.057840795528614116e-03
3.077538769384692330e+01 9.776619941250081196e-04
3.081540770385192474e+01 9.140243760606595437e-04
3.085542771385692618e+01 8.642364436653904476e-04
3.089544772386193117e+01 8.263613297165173927e-04
3.093546773386693260e+01 7.990487221501355996e-04
3.097548774387193404e+01 7.814255915285398891e-04
3.101550775387693903e+01 7.730307535925189707e-04
3.105552776388194047e+01 7.737848367829360365e-04
3.109554777388694191e+01 7.839921812527698031e-04
3.113556778389194335e+01 8.043755505735230476e-04
3.117558779389694834e+01 8.361491327649604906e-04
3.121560780390194978e+01 8.811410519429898388e-04
3.125562781390695122e+01 9.419846949340708857e-04
3.129564782391195621e+01 1.022410313221593483e-03
3.133566783391695765e+01 1.127687184140199013e-03
3.137568784392195909e+01 1.265295763031515624e-03
3.141570785392696408e+01 1.445952754295700684e-03
3.145572786393196552e+01 1.685169664797179145e-03
3.149574787393696695e+01 2.005573582733735476e-03
3.153576788394196839e+01 2.440141152420372602e-03
3.157578789394697338e+01 3.035851628060181120e-03
3.161580790395197482e+01 3.854600397749514875e-03
3.165582791395697626e+01 4.959619739214807602e-03
3.169584792396198125e+01 6.355633254284225910e-03
3.173586793396698269e+01 7.839804281104116243e-03
3.177588794397198413e+01 8.856472118569141266e-03
3.181590795397698912e+01 8.791756551364516073e-03
3.185592796398199056e+01 7.686330324866103535e-03
3.189594797398699200e+01 6.180277743865808006e-03
3.193596798399199344e+01 4.796612280099389440e-03
3.197598799399699843e+01 3.709191664522934213e-03
3.201600800400200342e+01 2.902567164975995966e-03
3.205602801400700486e+01 2.312024083603373120e-03
3.209604802401200629e+01 1.876815705101488475e-03
3.213606803401700773e+01 1.551349759775705935e-03
3.217608804402200917e+01 1.303700503919689264e-03
3.221610805402701061e+01 1.111925044826136662e-03
3.225612806403201205e+01 9.609116903039632450e-04
3.229614807403702059e+01 8.401391040636354765e-04
3.233616808404202203e+01 7.421741083503312700e-04
3.237618809404702347e+01 6.616814510346259986e-04
3.241620810405202491e+01 5.947705209968308544e-04
3.245622811405702635e+01 5.385605105932999475e-04
3.249624812406202778e+01 4.908873126766181766e-04
3.253626813406702922e+01 4.501031429145745263e-04
3.257628814407203777e+01 4.149375476275919163e-04
3.261630815407703921e+01 3.843996000012702969e-04
3.265632816408204064e+01 3.577081228758159518e-04
3.269634817408704208e+01 3.342412518800040372e-04
3.273636818409204352e+01 3.134995306949352775e-04
3.277638819409704496e+01 2.950786043068977585e-04
3.281640820410205350e+01 2.786488132265853485e-04
3.285642821410705494e+01 2.639398203685444535e-04
3.289644822411205638e+01 2.507289660537553584e-04
3.293646823411705782e+01 2.388324346330601938e-04
3.297648824412205926e+01 2.280985771003037261e-04
3.301650825412706070e+01 2.184028670131198547e-04
3.305652826413206213e+01 2.096438667088252857e-04
3.309654827413707068e+01 2.017388995065004520e-04
3.313656828414207212e+01 1.946162719496282844e-04
3.317658829414707355e+01 1.881992364846413093e-04
3.321660830415207499e+01 1.823878046058836292e-04
3.325662831415707643e+01 1.770802492620740130e-04
3.329664832416207787e+01 1.722473447427623787e-04
3.333666833416707931e+01 1.679422768248144268e-04
3.337668834417208785e+01 1.642283921583851791e-04
3.341670835417708929e+01 1.611489549947900174e-04
3.345672836418209073e+01 1.587455476391384226e-04
3.349674837418709217e+01 1.570797736138864029e-04
3.353676838419209361e+01 1.562486608917866083e-04
3.357678839419709504e+01 1.563996774867288991e-04
3.361680840420210359e+01 1.577511549437766417e-04
3.365682841420710503e+01 1.606231406960582486e-04
3.369684842421210647e+01 1.654846530681898075e-04
3.373686843421710790e+01 1.730250013012727198e-04
3.377688844422210934e+01 1.842562682183305134e-04
3.381690845422711078e+01 2.006407684622721452e-04
3.385692846423211222e+01 2.241758323383070159e-04
3.389694847423712076e+01 2.571553149461330975e-04
3.393696848424212220e+01 3.007620264339321827e-04
3.397698849424712364e+01 3.509159015804464593e-04
3.401700850425212508e+01 3.921028657362400963e-04
3.405702851425712652e+01 4.010207988678145979e-04
3.409704852426212796e+01 3.701728342197382025e-04
3.413706853426712939e+01 3.179074180935884271e-04
3.417708854427213794e+01 2.656835281091450758e-04
3.421710855427713938e+01 2.229691598193454197e-04
3.425712856428214081e+01 1.905877194407204142e-04
3.429714857428714225e+01 1.665069117391400995e-04
3.433716858429214369e+01 1.484861943009095912e-04
3.437718859429714513e+01 1.347690612693502941e-04
3.441720860430214657e+01 1.241078638164042937e-04
3.445722861430715511e+01 1.156420992976474988e-04
3.449724862431215655e+01 1.087797042048861186e-04
3.453726863431715799e+01 1.031095412102212293e-04
3.457728864432215943e+01 9.834202938983083457e-05
3.461730865432716087e+01 9.426990156684209824e-05
3.465732866433216230e+01 9.074234884364698204e-05
3.469734867433717085e+01 8.764786508345781318e-05
3.473736868434217229e+01 8.490272888673445150e-05
3.477738869434717373e+01 8.244316246031447128e-05
3.481740870435217516e+01 8.021991518137242926e-05
3.485742871435717660e+01 7.819446716152325509e-05
3.489744872436217804e+01 7.633633029972669278e-05
3.493746873436717948e+01 7.462110330903210800e-05
3.497748874437218802e+01 7.302905186907317258e-05
3.501750875437718946e+01 7.154405938525640145e-05
3.505752876438219090e+01 7.015284263127027594e-05
3.509754877438719234e+01 6.884435900157668295e-05
3.513756878439219378e+01 6.760935395867207431e-05
3.517758879439719522e+01 6.644001216865081955e-05
3.521760880440219665e+01 6.532968611093757953e-05
3.525762881440720520e+01 6.427268313629995325e-05
3.529764882441220664e+01 6.326409702354091730e-05
3.533766883441720807e+01 6.229967370821777465e-05
3.537768884442220951e+01 6.137570346861704522e-05
3.541770885442721095e+01 6.048893375531024284e-05
3.545772886443221239e+01 5.963649824705161812e-05
3.549774887443722093e+01 5.881585875044697853e-05
3.553776888444222237e+01 5.802475733381095083e-05
3.557778889444722381e+01 5.726117666767414173e-05
3.561780890445222525e+01 5.652330698597599453e-05
3.565782891445722669e+01 5.580951841937499493e-05
3.569784892446222813e+01 5.511833771167929644e-05
3.573786893446722956e+01 5.444842853139802053e-05
3.577788894447223811e+01 5.379857474702882811e-05
3.581790895447723955e+01 5.316766615745961277e-05
3.585792896448224099e+01 5.255468626563822131e-05
3.589794897448724242e+01 5.195870176037801119e-05
3.593796898449224386e+01 5.137885343228938538e-05
3.597798899449724530e+01 5.081434829878169401e-05
3.601800900450224674e+01 5.026445275247235232e-05
3.605802901450725528e+01 4.972848657919050927e-05
3.609804902451225672e+01 4.920581771762755200e-05
3.613806903451725816e+01 4.869585765378288666e-05
3.617808904452225960e+01 4.819805736063531337e-05
3.621810905452726104e+01 4.771190370767647239e-05
3.625812906453226248e+01 4.723691627667496939e-05
3.629814907453727102e+01 4.677264452975888150e-05
3.633816908454227246e+01 4.631866528398888853e-05
3.637818909454727390e+01 4.587458045333772693e-05
3.641820910455227533e+01 4.544001502464440294e-05
3.645822911455727677e+01 4.501461523885467373e-05
3.649824912456227821e+01 4.459804695286041841e-05
3.653826913456727965e+01 4.418999416063289920e-05
3.657828914457228819e+01 4.379015765521171319e-05
3.661830915457728963e+01 4.339825381555122521e-05
3.665832916458229107e+01 4.301401350430439656e-05
3.669834917458729251e+01 4.263718106440549896e-05
3.673836918459229395e+01 4.226751340383623604e-05
3.677838919459729539e+01 4.190477915927210610e-05
3.681840920460229682e+01 4.154875793043654792e-05
3.685842921460730537e+01 4.119923957796643672e-05
3.689844922461230681e+01 4.085602357843913111e-05
3.693846923461730825e+01 4.051891843094417858e-05
3.697848924462230968e+01 4.018774111022430285e-05
3.701850925462731112e+01 3.986231656196538098e-05
3.705852926463231256e+01 3.954247723630256148e-05
3.709854927463732110e+01 3.922806265603761650e-05
3.713856928464232254e+01 3.891891901643534246e-05
3.717858929464732398e+01 3.861489881379667180e-05
3.721860930465232542e+01 3.831586050029671105e-05
3.725862931465732686e+01 3.802166816283158226e-05
3.729864932466232830e+01 3.773219122384419052e-05
3.733866933466732974e+01 3.744730416230052583e-05
3.737868934467233828e+01 3.716688625316564562e-05
3.741870935467733972e+01 3.689082132388767912e-05
3.745872936468234116e+01 3.661899752653804984e-05
3.749874937468734259e+01 3.635130712438387236e-05
3.753876938469234403e+01 3.608764629177969825e-05
3.757878939469734547e+01 3.582791492636690819e-05
3.761880940470234691e+01 3.557201647265966643e-05
3.765882941470735545e+01 3.531985775617718073e-05
3.769884942471235689e+01 3.507134882735558798e-05
3.773886943471735833e+01 3.482640281453703099e-05
3.777888944472235977e+01 3.458493578539504807e-05
3.781890945472736121e+01 3.434686661620668598e-05
3.785892946473236265e+01 3.411211686843164766e-05
3.789894947473736408e+01 3.388061067210194405e-05
3.793896948474237263e+01 3.365227461556547200e-05
3.797898949474737407e+01 3.342703764116347815e-05
3.801900950475237551e+01 3.320483094645322906e-05
3.805902951475737694e+01 3.298558789061946958e-05
3.809904952476237838e+01 3.276924390574321544e-05
3.813906953476737982e+01 3.255573641262249406e-05
3.817908954477238836e+01 3.234500474086207048e-05
3.821910955477738980e+01 3.213699005297003894e-05
3.825912956478239124e+01 3.193163527221768686e-05
3.829914957478739268e+01 3.172888501403740884e-05
3.833916958479239412e+01 3.152868552074836227e-05
3.837918959479739556e+01 3.133098459941499966e-05
3.841920960480239700e+01 3.113573156265671125e-05
3.845922961480740554e+01 3.094287717223938127e-05
3.849924962481240698e+01 3.075237358529120813e-05
3.853926963481740842e+01 3.056417430299520157e-05
3.857928964482240985e+01 3.037823412162127956e-05
3.861930965482741129e+01 3.019450908576912470e-05
3.865932966483241273e+01 3.001295644370182621e-05
3.869934967483741417e+01 2.983353460465758435e-05
3.873936968484242271e+01 2.965620309803426919e-05
3.877938969484742415e+01 2.948092253434811348e-05
3.881940970485242559e+01 2.930765456787344411e-05
3.885942971485742703e+01 2.913636186087724785e-05
3.889944972486242847e+01 2.896700804936616186e-05
3.893946973486742991e+01 2.879955771026957464e-05
3.897948974487243845e+01 2.863397632998651110e-05
3.901950975487743989e+01 2.847023027422849824e-05
3.905952976488244133e+01 2.830828675909398976e-05
3.909954977488744277e+01 2.814811382331496218e-05
3.913956978489244420e+01 2.798968030161801332e-05
3.917958979489744564e+01 2.783295579914693864e-05
3.921960980490244708e+01 2.767791066689602119e-05
3.925962981490745562e+01 2.752451597810632022e-05
3.929964982491245706e+01 2.737274350558007214e-05
3.933966983491745850e+01 2.722256569987010382e-05
3.937968984492245994e+01 2.707395566830449481e-05
3.941970985492746138e+01 2.692688715480808748e-05
3.945972986493246282e+01 2.678133452048472773e-05
3.949974987493746426e+01 2.663727272492612768e-05
3.953976988494247280e+01 2.649467730821487198e-05
3.957978989494747424e+01 2.635352437359110827e-05
3.961980990495247568e+01 2.621379057075334004e-05
3.965982991495747711e+01 2.607545307976619995e-05
3.969984992496247855e+01 2.593848959554865074e-05
3.973986993496747999e+01 2.580287831291784659e-05
3.977988994497248854e+01 2.566859791216485995e-05
3.981990995497748997e+01 2.553562754514012234e-05
3.985992996498249141e+01 2.540394682182663417e-05
3.989994997498749285e+01 2.527353579738127206e-05
3.993996998499249429e+01 2.514437495962426464e-05
3.997998999499749573e+01 2.501644521695891373e-05
4.002001000500249717e+01 2.488972788670356975e-05
4.006003001500750571e+01 2.476420468381950368e-05
4.010005002501250715e+01 2.463985771001869348e-05
4.014007003501750859e+01 2.451666944323604484e-05
4.018009004502251003e+01 2.439462272745211753e-05
4.022011005502751146e+01 2.427370076285203913e-05
4.026013006503251290e+01 2.415388709630779217e-05
4.030015007503751434e+01 2.403516561217110156e-05
4.034017008504252289e+01 2.391752052336495191e-05
4.038019009504752432e+01 2.380093636276245906e-05
4.042021010505252576e+01 2.368539797484169824e-05
4.046023011505752720e+01 2.357089050760657501e-05
4.050025012506252864e+01 2.345739940476327667e-05
4.054027013506753008e+01 2.334491039814301698e-05
4.058029014507253862e+01 2.323340950036165885e-05
4.062031015507754006e+01 2.312288299770781227e-05
4.066033016508254150e+01 2.301331744325050345e-05
4.070035017508754294e+01 2.290469965015896485e-05
4.074037018509254438e+01 2.279701668522640415e-05
4.078039019509754581e+01 2.269025586259056622e-05
4.082041020510254725e+01 2.258440473764406422e-05
4.086043021510755580e+01 2.247945110112755814e-05
4.090045022511255723e+01 2.237538297339953619e-05
4.094047023511755867e+01 2.227218859887613648e-05
4.098049024512256011e+01 2.216985644063536076e-05
4.102051025512756155e+01 2.206837517517979520e-05
4.106053026513256299e+01 2.196773368735237299e-05
4.110055027513756443e+01 2.186792106539983254e-05
4.114057028514257297e+01 2.176892659617896830e-05
4.118059029514757441e+01 2.167073976050065673e-05
4.122061030515257585e+01 2.157335022860699172e-05
4.126063031515757729e+01 2.147674785577716224e-05
4.130065032516257872e+01 2.138092267805763046e-05
4.134067033516758016e+01 2.128586490811255116e-05
4.138069034517258160e+01 2.119156493119027880e-05
4.142071035517759015e+01 2.109801330120240459e-05
4.146073036518259158e+01 2.100520073691141358e-05
4.150075037518759302e+01 2.091311811822334015e-05
4.154077038519259446e+01 2.082175648258230441e-05
4.158079039519759590e+01 2.073110702146346040e-05
4.162081040520259734e+01 2.064116107696106612e-05
4.166083041520760588e+01 2.055191013846887322e-05
4.170085042521260732e+01 2.046334583944979754e-05
4.174087043521760876e+01 2.037545995429187844e-05
4.178089044522261020e+01 2.028824439524818594e-05
4.182091045522761164e+01 2.020169120945759583e-05
4.186093046523261307e+01 2.011579257604424723e-05
4.190095047523761451e+01 2.003054080329311470e-05
4.194097048524262306e+01 1.994592832589926529e-05
4.198099049524762449e+01 1.986194770228872047e-05
4.202101050525262593e+01 1.977859161200848674e-05
4.206103051525762737e+01 1.969585285318388803e-05
4.210105052526262881e+01 1.961372434004102829e-05
4.214107053526763025e+01 1.953219910049239515e-05
4.218109054527263169e+01 1.945127027378384986e-05
4.222111055527764023e+01 1.937093110820091630e-05
4.226113056528264167e+01 1.929117495883295955e-05
4.230115057528764311e+01 1.921199528539315349e-05
4.234117058529264455e+01 1.913338565009290246e-05
4.238119059529764598e+01 1.905533971556893475e-05
4.242121060530264742e+01 1.897785124286161120e-05
4.246123061530765597e+01 1.890091408944294098e-05
4.250125062531265741e+01 1.882452220729282407e-05
4.254127063531765884e+01 1.874866964102221603e-05
4.258129064532266028e+01 1.867335052604179865e-05
4.262131065532766172e+01 1.859855908677481167e-05
4.266133066533266316e+01 1.852428963491302202e-05
4.270135067533766460e+01 1.845053656771426559e-05
4.274137068534267314e+01 1.837729436634060243e-05
4.278139069534767458e+01 1.830455759423606910e-05
4.282141070535267602e+01 1.823232089554245599e-05
4.286143071535767746e+01 1.816057899355268620e-05
4.290145072536267890e+01 1.808932668920015590e-05
4.294147073536768033e+01 1.801855885958350120e-05
4.298149074537268177e+01 1.794827045652547652e-05
4.302151075537769032e+01 1.787845650516527740e-05
4.306153076538269175e+01 1.780911210258325709e-05
4.310155077538769319e+01 1.774023241645709186e-05
4.314157078539269463e+01 1.767181268374876473e-05
4.318159079539769607e+01 1.760384820942132751e-05
4.322161080540269751e+01 1.753633436518478719e-05
4.326163081540770605e+01 1.746926658827013077e-05
4.330165082541270749e+01 1.740264038023117688e-05
4.334167083541770893e+01 1.733645130577284791e-05
4.338169084542271037e+01 1.727069499160587994e-05
4.342171085542771181e+01 1.720536712532676722e-05
4.346173086543271324e+01 1.714046345432246738e-05
4.350175087543771468e+01 1.707597978469931803e-05
4.354177088544272323e+01 1.701191198023527395e-05
4.358179089544772467e+01 1.694825596135515649e-05
4.362181090545272610e+01 1.688500770412810877e-05
4.366183091545772754e+01 1.682216323928678229e-05
4.370185092546272898e+01 1.675971865126770288e-05
4.374187093546773042e+01 1.669767007727221945e-05
4.378189094547273186e+01 1.663601370634759183e-05
4.382191095547774040e+01 1.657474577848763150e-05
4.386193096548274184e+01 1.651386258375249887e-05
4.390195097548774328e+01 1.645336046140703694e-05
4.394197098549274472e+01 1.639323579907732306e-05
4.398199099549774616e+01 1.633348503192488967e-05
4.402201100550274759e+01 1.627410464183827883e-05
4.406203101550775614e+01 1.621509115664135098e-05
4.410205102551275758e+01 1.615644114931807706e-05
4.414207103551775901e+01 1.609815123725330215e-05
4.418209104552276045e+01 1.604021808148922676e-05
4.422211105552776189e+01 1.598263838599708048e-05
4.426213106553276333e+01 1.592540889696368643e-05
4.430215107553776477e+01 1.586852640209254390e-05
4.434217108554277331e+01 1.581198772991914789e-05
4.438219109554777475e+01 1.575578974914009498e-05
4.442221110555277619e+01 1.569992936795567057e-05
4.446223111555777763e+01 1.564440353342570742e-05
4.450225112556277907e+01 1.558920923083824455e-05
4.454227113556778050e+01 1.553434348309079002e-05
4.458229114557278194e+01 1.547980335008386567e-05
4.462231115557779049e+01 1.542558592812650855e-05
4.466233116558279193e+01 1.537168834935353601e-05
4.470235117558779336e+01 1.531810778115419482e-05
4.474237118559279480e+01 1.526484142561198784e-05
4.478239119559779624e+01 1.521188651895544428e-05
4.482241120560279768e+01 1.515924033101952870e-05
4.486243121560779912e+01 1.510690016471749568e-05
4.490245122561280766e+01 1.505486335552286476e-05
4.494247123561780910e+01 1.500312727096143788e-05
4.498249124562281054e+01 1.495168931011293904e-05
4.502251125562781198e+01 1.490054690312221869e-05
4.506253126563281342e+01 1.484969751071976705e-05
4.510255127563781485e+01 1.479913862375119745e-05
4.514257128564282340e+01 1.474886776271575734e-05
4.518259129564782484e+01 1.469888247731344863e-05
4.522261130565282627e+01 1.464918034600055558e-05
4.526263131565782771e+01 1.459975897555361598e-05
4.530265132566282915e+01 1.455061600064142553e-05
4.534267133566783059e+01 1.450174908340498071e-05
4.538269134567283203e+01 1.445315591304522099e-05
4.542271135567784057e+01 1.440483420541830469e-05
4.546273136568284201e+01 1.435678170263843015e-05
4.550275137568784345e+01 1.430899617268772618e-05
4.554277138569284489e+01 1.426147540903349656e-05
4.558279139569784633e+01 1.421421723025220685e-05
4.562281140570284776e+01 1.416721947966042704e-05
4.566283141570784920e+01 1.412048002495234383e-05
4.570285142571285775e+01 1.407399675784383735e-05
4.574287143571785919e+01 1.402776759372295135e-05
4.578289144572286062e+01 1.398179047130656363e-05
4.582291145572786206e+01 1.393606335230318391e-05
4.586293146573286350e+01 1.389058422108177921e-05
4.590295147573786494e+01 1.384535108434640476e-05
4.594297148574287348e+01 1.380036197081659815e-05
4.598299149574787492e+01 1.375561493091340625e-05
4.602301150575287636e+01 1.371110803645084497e-05
4.606303151575787780e+01 1.366683938033284613e-05
4.610305152576287924e+01 1.362280707625540000e-05
4.614307153576788068e+01 1.357900925841388174e-05
4.618309154577288211e+01 1.353544408121548366e-05
4.622311155577789066e+01 1.349210971899651463e-05
4.626313156578289210e+01 1.344900436574469354e-05
4.630315157578789353e+01 1.340612623482602181e-05
4.634317158579289497e+01 1.336347355871646541e-05
4.638319159579789641e+01 1.332104458873815150e-05
4.642321160580289785e+01 1.327883759480000698e-05
4.646323161580789929e+01 1.323685086514284386e-05
4.650325162581290783e+01 1.319508270608868672e-05
4.654327163581790927e+01 1.315353144179436736e-05
4.658329164582291071e+01 1.311219541400917855e-05
4.662331165582791215e+01 1.307107298183662907e-05
4.666333166583291359e+01 1.303016252150014594e-05
4.670335167583791502e+01 1.298946242611265090e-05
4.674337168584292357e+01 1.294897110544998427e-05
4.678339169584792501e+01 1.290868698572803358e-05
4.682341170585292645e+01 1.286860850938352315e-05
4.686343171585792788e+01 1.282873413485841202e-05
4.690345172586292932e+01 1.278906233638782403e-05
4.694347173586793076e+01 1.274959160379140322e-05
4.698349174587293220e+01 1.271032044226808288e-05
4.702351175587794074e+01 1.267124737219415627e-05
4.706353176588294218e+01 1.263237092892463213e-05
4.710355177588794362e+01 1.259368966259775644e-05
4.714357178589294506e+01 1.255520213794268510e-05
4.718359179589794650e+01 1.251690693409023645e-05
4.722361180590294794e+01 1.247880264438667279e-05
4.726363181590794937e+01 1.244088787621039900e-05
4.730365182591295792e+01 1.240316125079160897e-05
4.734367183591795936e+01 1.236562140303478135e-05
4.738369184592296079e+01 1.232826698134392985e-05
4.742371185592796223e+01 1.229109664745065219e-05
4.746373186593296367e+01 1.225410907624483700e-05
4.750375187593796511e+01 1.221730295560802199e-05
4.754377188594297365e+01 1.218067698624935407e-05
4.758379189594797509e+01 1.214422988154410770e-05
4.762381190595297653e+01 1.210796036737466794e-05
4.766383191595797797e+01 1.207186718197398354e-05
4.770385192596297941e+01 1.203594907577145608e-05
4.774387193596798085e+01 1.200020481124115503e-05
4.778389194597298228e+01 1.196463316275238251e-05
4.782391195597799083e+01 1.192923291642247593e-05
4.786393196598299227e+01 1.189400286997195177e-05
4.790395197598799371e+01 1.185894183258169246e-05
4.794397198599299514e+01 1.182404862475242867e-05
4.798399199599799658e+01 1.178932207816627995e-05
4.802401200600299802e+01 1.175476103555037055e-05
4.806403201600799946e+01 1.172036435054253403e-05
4.810405202601300800e+01 1.168613088755896777e-05
4.814407203601800944e+01 1.165205952166393896e-05
4.818409204602301088e+01 1.161814913844132528e-05
4.822411205602801232e+01 1.158439863386815458e-05
4.826413206603301376e+01 1.155080691418995889e-05
4.830415207603801520e+01 1.151737289579800719e-05
4.834417208604301663e+01 1.148409550510829314e-05
4.838419209604802518e+01 1.145097367844233559e-05
4.842421210605302662e+01 1.141800636190972554e-05
4.846423211605802805e+01 1.138519251129233850e-05
4.850425212606302949e+01 1.135253109193030175e-05
4.854427213606803093e+01 1.132002107860953555e-05
4.858429214607303237e+01 1.128766145545100353e-05
4.862431215607804091e+01 1.125545121580148610e-05
4.866433216608304235e+01 1.122338936212598359e-05
4.870435217608804379e+01 1.119147490590161177e-05
4.874437218609304523e+01 1.115970686751306277e-05
4.878439219609804667e+01 1.112808427614951778e-05
4.882441220610304811e+01 1.109660616970305050e-05
4.886443221610804954e+01 1.106527159466846553e-05
4.890445222611305809e+01 1.103407960604454957e-05
4.894447223611805953e+01 1.100302926723673715e-05
4.898449224612306097e+01 1.097211964996109776e-05
4.902451225612806240e+01 1.094134983414972228e-05
4.906453226613306384e+01 1.091071890785742739e-05
4.910455227613806528e+01 1.088022596716970844e-05
4.914457228614306672e+01 1.084987011611205959e-05
4.918459229614807526e+01 1.081965046656048300e-05
4.922461230615307670e+01 1.078956613815327208e-05
4.926463231615807814e+01 1.075961625820399409e-05
4.930465232616307958e+01 1.072979996161569080e-05
4.934467233616808102e+01 1.070011639079627514e-05
4.938469234617308246e+01 1.067056469557499000e-05
4.942471235617809100e+01 1.064114403312016647e-05
4.946473236618309244e+01 1.061185356785797641e-05
4.950475237618809388e+01 1.058269247139231498e-05
4.954477238619309531e+01 1.055365992242583856e-05
4.958479239619809675e+01 1.052475510668195809e-05
4.962481240620309819e+01 1.049597721682800298e-05
4.966483241620809963e+01 1.046732545239932874e-05
4.970485242621310817e+01 1.043879901972448660e-05
4.974487243621810961e+01 1.041039713185139449e-05
4.978489244622311105e+01 1.038211900847447864e-05
4.982491245622811249e+01 1.035396387586279096e-05
4.986493246623311393e+01 1.032593096678909207e-05
4.990495247623811537e+01 1.029801952045986096e-05
4.994497248624311680e+01 1.027022878244623808e-05
4.998499249624812535e+01 1.024255800461587819e-05
5.002501250625312679e+01 1.021500644506570605e-05
5.006503251625812823e+01 1.018757336805552941e-05
5.010505252626312966e+01 1.016025804394254470e-05
5.014507253626813110e+01 1.013305974911672031e-05
5.018509254627313254e+01 1.010597776593694890e-05
5.022511255627814108e+01 1.007901138266809086e-05
5.026513256628314252e+01 1.005215989341884442e-05
5.030515257628814396e+01 1.002542259808035780e-05
5.034517258629314540e+01 9.998798802265666360e-06
5.038519259629814684e+01 9.972287817249934401e-06
5.042521260630314828e+01 9.945888959911411905e-06
5.046523261630814972e+01 9.919601552673204406e-06
5.050525262631315826e+01 9.893424923445722180e-06
5.054527263631815970e+01 9.867358405569929037e-06
5.058529264632316114e+01 9.841401337761251803e-06
5.062531265632816257e+01 9.815553064054248735e-06
5.066533266633316401e+01 9.789812933747945410e-06
5.070535267633816545e+01 9.764180301351887186e-06
5.074537268634316689e+01 9.738654526532842205e-06
5.078539269634817543e+01 9.713234974062198948e-06
5.082541270635317687e+01 9.687921013764005845e-06
5.086543271635817831e+01 9.662712020463669880e-06
5.090545272636317975e+01 9.637607373937292162e-06
5.094547273636818119e+01 9.612606458861615053e-06
5.098549274637318263e+01 9.587708664764643535e-06
5.102551275637819117e+01 9.562913385976801905e-06
5.106553276638319261e+01 9.538220021582776559e-06
5.110555277638819405e+01 9.513627975373863618e-06
5.114557278639319549e+01 9.489136655800987393e-06
5.118559279639819692e+01 9.464745475928218609e-06
5.122561280640319836e+01 9.440453853386941452e-06
5.126563281640819980e+01 9.416261210330503423e-06
5.130565282641320835e+01 9.392166973389463200e-06
5.134567283641820978e+01 9.368170573627365353e-06
5.138569284642321122e+01 9.344271446497063940e-06
5.142571285642821266e+01 9.320469031797552623e-06
5.146573286643321410e+01 9.296762773631340277e-06
5.150575287643821554e+01 9.273152120362329736e-06
5.154577288644321698e+01 9.249636524574179346e-06
5.158579289644822552e+01 9.226215443029215092e-06
5.162581290645322696e+01 9.202888336627791652e-06
5.166583291645822840e+01 9.179654670368137949e-06
5.170585292646322984e+01 9.156513913306702464e-06
5.174587293646823127e+01 9.133465538518971178e-06
5.178589294647323271e+01 9.110509023060707348e-06
5.182591295647823415e+01 9.087643847929719831e-06
5.186593296648324269e+01 9.064869498027995623e-06
5.190595297648824413e+01 9.042185462124388060e-06
5.194597298649324557e+01 9.019591232817606563e-06
5.198599299649824701e+01 8.997086306499777278e-06
5.202601300650324845e+01 8.974670183320306954e-06
5.206603301650824989e+01 8.952342367150288932e-06
5.210605302651325843e+01 8.930102365547210662e-06
5.214607303651825987e+01 8.907949689720137267e-06
5.218609304652326131e+01 8.885883854495296589e-06
5.222611305652826275e+01 8.863904378282021692e-06
5.226613306653326418e+01 8.842010783039140596e-06
5.230615307653826562e+01 8.820202594241701428e-06
5.234617308654326706e+01 8.798479340848107551e-06
5.238619309654827561e+01 8.776840555267625377e-06
5.242621310655327704e+01 8.755285773328286899e-06
5.246623311655827848e+01 8.733814534245083606e-06
5.250625312656327992e+01 8.712426380588616099e-06
5.254627313656828136e+01 8.691120858254036783e-06
5.258629314657328280e+01 8.669897516430363551e-06
5.262631315657828424e+01 8.648755907570150931e-06
5.266633316658329278e+01 8.627695587359481396e-06
5.270635317658829422e+01 8.606716114688315824e-06
5.274637318659329566e+01 8.585817051621177692e-06
5.278639319659829710e+01 8.564997963368115087e-06
5.282641320660329853e+01 8.544258418256089630e-06
5.286643321660829997e+01 8.523597987700558520e-06
5.290645322661330852e+01 8.503016246177493647e-06
5.294647323661830995e+01 8.482512771195624323e-06
5.298649324662331139e+01 8.462087143269025603e-06
5.302651325662831283e+01 8.441738945890020005e-06
5.306653326663331427e+01 8.421467765502341812e-06
5.310655327663831571e+01 8.401273191474624942e-06
5.314657328664331715e+01 8.381154816074175420e-06
5.318659329664832569e+01 8.361112234441048780e-06
5.322661330665332713e+01 8.341145044562374805e-06
5.326663331665832857e+01 8.321252847246983804e-06
5.330665332666333001e+01 8.301435246100317500e-06
5.334667333666833144e+01 8.281691847499595717e-06
5.338669334667333288e+01 8.262022260569277835e-06
5.342671335667833432e+01 8.242426097156746166e-06
5.346673336668334287e+01 8.222902971808301046e-06
5.350675337668834430e+01 8.203452501745398166e-06
5.354677338669334574e+01 8.184074306841119696e-06
5.358679339669834718e+01 8.164768009596919839e-06
5.362681340670334862e+01 8.145533235119627890e-06
5.366683341670835006e+01 8.126369611098686763e-06
5.370685342671335860e+01 8.107276767783599893e-06
5.374687343671836004e+01 8.088254337961715257e-06
5.378689344672336148e+01 8.069301956936117813e-06
5.382691345672836292e+01 8.050419262503874306e-06
5.386693346673336436e+01 8.031605894934411906e-06
5.390695347673836579e+01 8.012861496948215327e-06
5.394697348674336723e+01 7.994185713695664558e-06
5.398699349674837578e+01 7.975578192736152111e-06
5.402701350675337721e+01 7.957038584017415419e-06
5.406703351675837865e+01 7.938566539855045415e-06
5.410705352676338009e+01 7.920161714912257687e-06
5.414707353676838153e+01 7.901823766179851685e-06
5.418709354677338297e+01 7.883552352956366428e-06
5.422711355677838441e+01 7.865347136828483552e-06
5.426713356678339295e+01 7.847207781651587902e-06
5.430715357678839439e+01 7.829133953530570381e-06
5.434717358679339583e+01 7.811125320800791727e-06
5.438719359679839727e+01 7.793181554009259750e-06
5.442721360680339870e+01 7.775302325896028488e-06
5.446723361680840014e+01 7.757487311375721028e-06
5.450725362681340869e+01 7.739736187519325077e-06
5.454727363681841013e+01 7.722048633536107113e-06
5.458729364682341156e+01 7.704424330755738296e-06
5.462731365682841300e+01 7.686862962610623666e-06
5.466733366683341444e+01 7.669364214618349927e-06
5.470735367683841588e+01 7.651927774364395812e-06
5.474737368684341732e+01 7.634553331484944085e-06
5.478739369684842586e+01 7.617240577649907009e-06
5.482741370685342730e+01 7.599989206546124592e-06
5.486743371685842874e+01 7.582798913860694986e-06
5.490745372686343018e+01 7.565669397264519171e-06
5.494747373686843162e+01 7.548600356395992188e-06
5.498749374687343305e+01 7.531591492844849373e-06
5.502751375687843449e+01 7.514642510136175219e-06
5.506753376688344304e+01 7.497753113714600283e-06
5.510755377688844447e+01 7.480923010928618375e-06
5.514757378689344591e+01 7.464151911015076533e-06
5.518759379689844735e+01 7.447439525083823400e-06
5.522761380690344879e+01 7.430785566102497358e-06
5.526763381690845023e+01 7.414189748881488307e-06
5.530765382691345167e+01 7.397651790059018873e-06
5.534767383691846021e+01 7.381171408086383164e-06
5.538769384692346165e+01 7.364748323213354933e-06
5.542771385692846309e+01 7.348382257473697388e-06
5.546773386693346453e+01 7.332072934670845791e-06
5.550775387693846596e+01 7.315820080363720505e-06
5.554777388694346740e+01 7.299623421852675565e-06
5.558779389694847595e+01 7.283482688165590394e-06
5.562781390695347739e+01 7.267397610044097897e-06
5.566783391695847882e+01 7.251367919929938762e-06
5.570785392696348026e+01 7.235393351951450430e-06
5.574787393696848170e+01 7.219473641910185678e-06
5.578789394697348314e+01 7.203608527267677723e-06
5.582791395697848458e+01 7.187797747132306978e-06
5.586793396698349312e+01 7.172041042246302483e-06
5.590795397698849456e+01 7.156338154972892419e-06
5.594797398699349600e+01 7.140688829283531692e-06
5.598799399699849744e+01 7.125092810745298937e-06
5.602801400700349888e+01 7.109549846508379060e-06
5.606803401700850031e+01 7.094059685293680464e-06
5.610805402701350175e+01 7.078622077380583566e-06
5.614807403701851030e+01 7.063236774594768087e-06
5.618809404702351173e+01 7.047903530296200427e-06
5.622811405702851317e+01 7.032622099367201516e-06
5.626813406703351461e+01 7.017392238200637480e-06
5.630815407703851605e+01 7.002213704688233124e-06
5.634817408704351749e+01 6.987086258208979444e-06
5.638819409704852603e+01 6.972009659617657173e-06
5.642821410705352747e+01 6.956983671233478920e-06
5.646823411705852891e+01 6.942008056828809230e-06
5.650825412706353035e+01 6.927082581618016784e-06
5.654827413706853179e+01 6.912207012246423160e-06
5.658829414707353322e+01 6.897381116779355780e-06
5.662831415707853466e+01 6.882604664691289793e-06
5.666833416708354321e+01 6.867877426855111087e-06
5.670835417708854465e+01 6.853199175531469931e-06
5.674837418709354608e+01 6.838569684358228639e-06
5.678839419709854752e+01 6.823988728340004101e-06
5.682841420710354896e+01 6.809456083837830591e-06
5.686843421710855040e+01 6.794971528558883570e-06
5.690845422711355184e+01 6.780534841546325444e-06
5.694847423711856038e+01 6.766145803169228425e-06
5.698849424712356182e+01 6.751804195112613413e-06
5.702851425712856326e+01 6.737509800367527861e-06
5.706853426713356470e+01 6.723262403221278630e-06
5.710855427713856614e+01 6.709061789247713140e-06
5.714857428714356757e+01 6.694907745297607235e-06
5.718859429714857612e+01 6.680800059489111503e-06
5.722861430715357756e+01 6.666738521198335651e-06
5.726863431715857899e+01 6.652722921049972706e-06
5.730865432716358043e+01 6.638753050908014679e-06
5.734867433716858187e+01 6.624828703866581744e-06
5.738869434717358331e+01 6.610949674240797150e-06
5.742871435717858475e+01 6.597115757557770557e-06
5.746873436718359329e+01 6.583326750547644896e-06
5.750875437718859473e+01 6.569582451134738099e-06
5.754877438719359617e+01 6.555882658428745816e-06
5.758879439719859761e+01 6.542227172716052547e-06
5.762881440720359905e+01 6.528615795451080055e-06
5.766883441720860048e+01 6.515048329247748418e-06
5.770885442721360192e+01 6.501524577870998930e-06
5.774887443721861047e+01 6.488044346228373744e-06
5.778889444722361191e+01 6.474607440361728501e-06
5.782891445722861334e+01 6.461213667438936489e-06
5.786893446723361478e+01 6.447862835745724943e-06
5.790895447723861622e+01 6.434554754677576558e-06
5.794897448724361766e+01 6.421289234731677598e-06
5.798899449724862620e+01 6.408066087498954936e-06
5.802901450725362764e+01 6.394885125656188485e-06
5.806903451725862908e+01 6.381746162958168522e-06
5.810905452726363052e+01 6.368649014229954647e-06
5.814907453726863196e+01 6.355593495359166946e-06
5.818909454727363340e+01 6.342579423288377084e-06
5.822911455727863483e+01 6.329606616007539226e-06
5.826913456728364338e+01 6.316674892546503957e-06
5.830915457728864482e+01 6.303784072967599119e-06
5.834917458729364625e+01 6.290933978358242840e-06
5.838919459729864769e+01 6.278124430823672600e-06
5.842921460730364913e+01 6.265355253479693784e-06
5.846923461730865057e+01 6.252626270445511241e-06
5.850925462731365201e+01 6.239937306836611667e-06
5.854927463731866055e+01 6.227288188757720526e-06
5.858929464732366199e+01 6.214678743295813181e-06
5.862931465732866343e+01 6.202108798513171763e-06
5.866933466733366487e+01 6.189578183440530137e-06
5.870935467733866631e+01 6.177086728070247660e-06
5.874937468734366774e+01 6.164634263349571038e-06
5.878939469734866918e+01 6.152220621173918196e-06
5.882941470735367773e+01 6.139845634380258722e-06
5.886943471735867917e+01 6.127509136740518862e-06
5.890945472736368060e+01 6.115210962955048362e-06
5.894947473736868204e+01 6.102950948646165221e-06
5.898949474737368348e+01 6.090728930351721639e-06
5.902951475737868492e+01 6.078544745518753802e-06
5.906953476738369346e+01 6.066398232497155398e-06
5.910955477738869490e+01 6.054289230533440913e-06
5.914957478739369634e+01 6.042217579764533489e-06
5.918959479739869778e+01 6.030183121211593444e-06
5.922961480740369922e+01 6.018185696773950975e-06
5.926963481740870066e+01 6.006225149223033776e-06
5.930965482741370209e+01 5.994301322196372591e-06
5.934967483741871064e+01 5.982414060191649108e-06
5.938969484742371208e+01 5.970563208560809085e-06
5.942971485742871351e+01 5.958748613504194101e-06
5.946973486743371495e+01 5.946970122064747854e-06
5.950975487743871639e+01 5.935227582122263111e-06
5.954977488744371783e+01 5.923520842387666780e-06
5.958979489744871927e+01 5.911849752397376125e-06
5.962981490745372781e+01 5.900214162507661766e-06
5.966983491745872925e+01 5.888613923889106387e-06
5.970985492746373069e+01 5.877048888521068527e-06
5.974987493746873213e+01 5.865518909186204823e-06
5.978989494747373357e+01 5.854023839465052384e-06
5.982991495747873500e+01 5.842563533730623871e-06
5.986993496748374355e+01 5.831137847143079668e-06
5.990995497748874499e+01 5.819746635644434763e-06
5.994997498749374643e+01 5.808389755953274964e-06
5.998999499749874786e+01 5.797067065559570515e-06
6.003001500750374930e+01 5.785778422719497332e-06
6.007003501750875074e+01 5.774523686450301448e-06
6.011005502751375218e+01 5.763302716525221046e-06
6.015007503751876072e+01 5.752115373468433913e-06
6.019009504752376216e+01 5.740961518550063327e-06
6.023011505752876360e+01 5.729841013781189036e-06
6.027013506753376504e+01 5.718753721908947175e-06
6.031015507753876648e+01 5.707699506411632718e-06
6.035017508754376792e+01 5.696678231493856991e-06
6.039019509754876935e+01 5.685689762081732290e-06
6.043021510755377790e+01 5.674733963818112406e-06
6.047023511755877934e+01 5.663810703057861940e-06
6.051025512756378077e+01 5.652919846863148499e-06
6.055027513756878221e+01 5.642061262998808576e-06
6.059029514757378365e+01 5.631234819927710895e-06
6.063031515757878509e+01 5.620440386806174803e-06
6.067033516758379363e+01 5.609677833479447121e-06
6.071035517758879507e+01 5.598947030477159505e-06
6.075037518759379651e+01 5.588247849008884060e-06
6.079039519759879795e+01 5.577580160959663551e-06
6.083041520760379939e+01 5.566943838885644101e-06
6.087043521760880083e+01 5.556338756009668924e-06
6.091045522761380226e+01 5.545764786216977939e-06
6.095047523761881081e+01 5.535221804050876891e-06
6.099049524762381225e+01 5.524709684708491175e-06
6.103051525762881369e+01 5.514228304036525590e-06
6.107053526763381512e+01 5.503777538527056276e-06
6.111055527763881656e+01 5.493357265313385338e-06
6.115057528764381800e+01 5.482967362165867515e-06
6.119059529764881944e+01 5.472607707487846959e-06
6.123061530765382798e+01 5.462278180311560988e-06
6.127063531765882942e+01 5.451978660294113288e-06
6.131065532766383086e+01 5.441709027713458133e-06
6.135067533766883230e+01 5.431469163464428646e-06
6.139069534767383374e+01 5.421258949054783695e-06
6.143071535767883518e+01 5.411078266601294602e-06
6.147073536768384372e+01 5.400926998825864885e-06
6.151075537768884516e+01 5.390805029051674564e-06
6.155077538769384660e+01 5.380712241199335480e-06
6.159079539769884803e+01 5.370648519783118607e-06
6.163081540770384947e+01 5.360613749907176287e-06
6.167083541770885091e+01 5.350607817261797498e-06
6.171085542771385235e+01 5.340630608119704623e-06
6.175087543771886089e+01 5.330682009332373943e-06
6.179089544772386233e+01 5.320761908326375605e-06
6.183091545772886377e+01 5.310870193099744086e-06
6.187093546773386521e+01 5.301006752218393551e-06
6.191095547773886665e+01 5.291171474812530666e-06
6.195097548774386809e+01 5.281364250573124167e-06
6.199099549774886952e+01 5.271584969748376967e-06
6.203101550775387807e+01 5.261833523140238073e-06
6.207103551775887951e+01 5.252109802100950082e-06
6.211105552776388095e+01 5.242413698529586510e-06
6.215107553776888238e+01 5.232745104868664504e-06
6.219109554777388382e+01 5.223103914100741468e-06
6.223111555777888526e+01 5.213490019745059964e-06
6.227113556778388670e+01 5.203903315854215482e-06
6.231115557778889524e+01 5.194343697010834380e-06
6.235117558779389668e+01 5.184811058324306876e-06
6.239119559779889812e+01 5.175305295427498022e-06
6.243121560780389956e+01 5.165826304473534902e-06
6.247123561780890100e+01 5.156373982132576903e-06
6.251125562781390244e+01 5.146948225588637640e-06
6.255127563781891098e+01 5.137548932536414517e-06
6.259129564782391242e+01 5.128176001178143693e-06
6.263131565782891386e+01 5.118829330220488079e-06
6.267133566783391529e+01 5.109508818871435508e-06
6.271135567783891673e+01 5.100214366837229086e-06
6.275137568784391817e+01 5.090945874319310249e-06
6.279139569784891961e+01 5.081703242011301633e-06
6.283141570785392815e+01 5.072486371095995871e-06
6.287143571785892959e+01 5.063295163242370649e-06
6.291145572786393103e+01 5.054129520602634256e-06
6.295147573786893247e+01 5.044989345809275368e-06
6.299149574787393391e+01 5.035874541972146711e-06
6.303151575787893535e+01 5.026785012675580072e-06
6.307153576788393678e+01 5.017720661975497912e-06
6.311155577788894533e+01 5.008681394396561406e-06
6.315157578789394677e+01 4.999667114929344745e-06
6.319159579789894821e+01 4.990677729027505197e-06
6.323161580790394964e+01 4.981713142605005684e-06
6.327163581790895108e+01 4.972773262033333129e-06
6.331165582791395252e+01 4.963857994138752371e-06
6.335167583791896107e+01 4.954967246199564325e-06
6.339169584792396250e+01 4.946100925943407330e-06
6.343171585792896394e+01 4.937258941544545799e-06
6.347173586793396538e+01 4.928441201621215619e-06
6.351175587793896682e+01 4.919647615232950910e-06
6.355177588794396826e+01 4.910878091877961617e-06
6.359179589794896970e+01 4.902132541490515326e-06
6.363181590795397824e+01 4.893410874438328409e-06
6.367183591795897968e+01 4.884713001520003741e-06
6.371185592796398112e+01 4.876038833962457420e-06
6.375187593796898256e+01 4.867388283418381055e-06
6.379189594797398399e+01 4.858761261963709136e-06
6.383191595797898543e+01 4.850157682095134688e-06
6.387193596798398687e+01 4.841577456727590194e-06
6.391195597798899541e+01 4.833020499191806447e-06
6.395197598799399685e+01 4.824486723231835824e-06
6.399199599799899829e+01 4.815976043002628927e-06
6.403201600800400684e+01 4.807488373067612067e-06
6.407203601800900117e+01 4.799023628396292702e-06
6.411205602801400971e+01 4.790581724361855559e-06
6.415207603801900405e+01 4.782162576738827362e-06
6.419209604802401259e+01 4.773766101700686507e-06
6.423211605802900692e+01 4.765392215817559131e-06
6.427213606803401547e+01 4.757040836053891466e-06
6.431215607803902401e+01 4.748711879766143369e-06
6.435217608804401834e+01 4.740405264700511495e-06
6.439219609804902689e+01 4.732120908990648240e-06
6.443221610805402122e+01 4.723858731155416257e-06
6.447223611805902976e+01 4.715618650096646356e-06
6.451225612806402410e+01 4.707400585096927598e-06
6.455227613806903264e+01 4.699204455817371977e-06
6.459229614807404118e+01 4.691030182295455326e-06
6.463231615807903552e+01 4.682877684942821817e-06
6.467233616808404406e+01 4.674746884543124865e-06
6.471235617808903839e+01 4.666637702249889224e-06
6.475237618809404694e+01 4.658550059584362906e-06
6.479239619809904127e+01 4.650483878433425861e-06
6.483241620810404982e+01 4.642439081047456298e-06
6.487243621810905836e+01 4.634415590038275785e-06
6.491245622811405269e+01 4.626413328377054535e-06
6.495247623811906124e+01 4.618432219392249728e-06
6.499249624812405557e+01 4.610472186767588727e-06
6.503251625812906411e+01 4.602533154539998929e-06
6.507253626813405845e+01 4.594615047097632482e-06
6.511255627813906699e+01 4.586717789177816468e-06
6.515257628814407553e+01 4.578841305865114044e-06
6.519259629814906987e+01 4.570985522589314431e-06
6.523261630815407841e+01 4.563150365123474575e-06
6.527263631815907274e+01 4.555335759581989609e-06
6.531265632816408129e+01 4.547541632418631118e-06
6.535267633816907562e+01 4.539767910424647251e-06
6.539269634817408416e+01 4.532014520726839951e-06
6.543271635817909271e+01 4.524281390785675228e-06
6.547273636818408704e+01 4.516568448393401897e-06
6.551275637818909559e+01 4.508875621672160999e-06
6.555277638819408992e+01 4.501202839072162145e-06
6.559279639819909846e+01 4.493550029369800555e-06
6.563281640820410701e+01 4.485917121665857963e-06
6.567283641820910134e+01 4.478304045383667095e-06
6.571285642821410988e+01 4.470710730267284624e-06
6.575287643821910422e+01 4.463137106379733570e-06
6.579289644822411276e+01 4.455583104101183877e-06
6.583291645822910709e+01 4.448048654127204983e-06
6.587293646823411564e+01 4.440533687466983663e-06
6.591295647823912418e+01 4.433038135441596081e-06
6.595297648824411851e+01 4.425561929682264599e-06
6.599299649824912706e+01 4.418105002128617965e-06
6.603301650825412139e+01 4.410667285026998103e-06
6.607303651825912993e+01 4.403248710928739781e-06
6.611305652826412427e+01 4.395849212688502809e-06
6.615307653826913281e+01 4.388468723462562722e-06
6.619309654827414136e+01 4.381107176707163303e-06
6.623311655827913569e+01 4.373764506176858942e-06
6.627313656828414423e+01 4.366440645922846822e-06
6.631315657828913857e+01 4.359135530291359257e-06
6.635317658829414711e+01 4.351849093922017056e-06
6.639319659829914144e+01 4.344581271746234559e-06
6.643321660830414999e+01 4.337331998985588257e-06
6.647323661830915853e+01 4.330101211150253164e-06
6.651325662831415286e+01 4.322888844037410396e-06
6.655327663831916141e+01 4.315694833729656445e-06
6.659329664832415574e+01 4.308519116593473436e-06
6.663331665832916428e+01 4.301361629277649410e-06
6.667333666833415862e+01 4.294222308711757903e-06
6.671335667833916716e+01 4.287101092104610414e-06
6.675337668834417570e+01 4.279997916942740213e-06
6.679339669834917004e+01 4.272912720988905643e-06
6.683341670835417858e+01 4.265845442280552746e-06
6.687343671835917291e+01 4.258796019128368535e-06
6.691345672836418146e+01 4.251764390114759723e-06
6.695347673836917579e+01 4.244750494092404294e-06
6.699349674837418434e+01 4.237754270182778517e-06
6.703351675837919288e+01 4.230775657774705974e-06
6.707353676838418721e+01 4.223814596522915066e-06
6.711355677838919576e+01 4.216871026346594821e-06
6.715357678839419009e+01 4.209944887427986276e-06
6.719359679839919863e+01 4.203036120210953538e-06
6.723361680840420718e+01 4.196144665399575161e-06
6.727363681840920151e+01 4.189270463956758406e-06
6.731365682841421005e+01 4.182413457102833163e-06
6.735367683841920439e+01 4.175573586314190771e-06
6.739369684842421293e+01 4.168750793321890646e-06
6.743371685842920726e+01 4.161945020110323668e-06
6.747373686843421581e+01 4.155156208915830665e-06
6.751375687843922435e+01 4.148384302225381890e-06
6.755377688844421868e+01 4.141629242775223465e-06
6.759379689844922723e+01 4.134890973549557702e-06
6.763381690845422156e+01 4.128169437779218340e-06
6.767383691845923011e+01 4.121464578940361888e-06
6.771385692846422444e+01 4.114776340753168265e-06
6.775387693846923298e+01 4.108104667180539767e-06
6.779389694847424153e+01 4.101449502426820348e-06
6.783391695847923586e+01 4.094810790936509826e-06
6.787393696848424440e+01 4.088188477393000956e-06
6.791395697848923874e+01 4.081582506717319892e-06
6.795397698849424728e+01 4.074992824066855639e-06
6.799399699849924161e+01 4.068419374834136933e-06
6.803401700850425016e+01 4.061862104645570170e-06
6.807403701850925870e+01 4.055320959360231529e-06
6.811405702851425303e+01 4.048795885068628614e-06
6.815407703851926158e+01 4.042286828091484114e-06
6.819409704852425591e+01 4.035793734978546567e-06
6.823411705852926445e+01 4.029316552507365553e-06
6.827413706853425879e+01 4.022855227682118553e-06
6.831415707853926733e+01 4.016409707732414090e-06
6.835417708854427588e+01 4.009979940112123669e-06
6.839419709854927021e+01 4.003565872498206949e-06
6.843421710855427875e+01 3.997167452789541135e-06
6.847423711855927309e+01 3.990784629105780030e-06
6.851425712856428163e+01 3.984417349786194447e-06
6.855427713856927596e+01 3.978065563388536333e-06
6.859429714857428451e+01 3.971729218687900363e-06
6.863431715857929305e+01 3.965408264675599924e-06
6.867433716858428738e+01 3.959102650558050723e-06
6.871435717858929593e+01 3.952812325755640005e-06
6.875437718859429026e+01 3.946537239901647425e-06
6.879439719859929880e+01 3.940277342841120197e-06
6.883441720860429314e+01 3.934032584629797352e-06
6.887443721860930168e+01 3.927802915533008604e-06
6.891445722861431022e+01 3.921588286024609624e-06
6.895447723861930456e+01 3.915388646785904619e-06
6.899449724862431310e+01 3.909203948704571442e-06
6.903451725862930743e+01 3.903034142873615508e-06
6.907453726863431598e+01 3.896879180590302536e-06
6.911455727863932452e+01 3.890739013355125164e-06
6.915457728864431886e+01 3.884613592870759407e-06
6.919459729864932740e+01 3.878502871041016029e-06
6.923461730865432173e+01 3.872406799969839351e-06
6.927463731865933028e+01 3.866325331960259471e-06
6.931465732866432461e+01 3.860258419513397000e-06
6.935467733866933315e+01 3.854206015327441541e-06
6.939469734867434170e+01 3.848168072296653035e-06
6.943471735867933603e+01 3.842144543510374125e-06
6.947473736868434457e+01 3.836135382252015405e-06
6.951475737868933891e+01 3.830140541998103359e-06
6.955477738869434745e+01 3.824159976417264767e-06
6.959479739869934178e+01 3.818193639369293274e-06
6.963481740870435033e+01 3.812241484904149046e-06
6.967483741870935887e+01 3.806303467261016022e-06
6.971485742871435320e+01 3.800379540867342646e-06
6.975487743871936175e+01 3.794469660337887690e-06
6.979489744872435608e+01 3.788573780473785547e-06
6.983491745872936463e+01 3.782691856261595864e-06
6.987493746873435896e+01 3.776823842872385782e-06
6.991495747873936750e+01 3.770969695660785916e-06
6.995497748874437605e+01 3.765129370164086995e-06
6.999499749874937038e+01 3.759302822101311512e-06
7.003501750875437892e+01 3.753490007372303169e-06
7.007503751875937326e+01 3.747690882056831980e-06
7.011505752876438180e+01 3.741905402413682022e-06
7.015507753876937613e+01 3.736133524879771363e-06
7.019509754877438468e+01 3.730375206069245317e-06
7.023511755877939322e+01 3.724630402772613741e-06
7.027513756878438755e+01 3.718899071955856988e-06
7.031515757878939610e+01 3.713181170759553042e-06
7.035517758879439043e+01 3.707476656498022864e-06
7.039519759879939897e+01 3.701785486658451166e-06
7.043521760880439331e+01 3.696107618900046585e-06
7.047523761880940185e+01 3.690443011053169232e-06
7.051525762881441040e+01 3.684791621118498063e-06
7.055527763881940473e+01 3.679153407266182152e-06
7.059529764882441327e+01 3.673528327835002974e-06
7.063531765882940761e+01 3.667916341331546853e-06
7.067533766883441615e+01 3.662317406429368519e-06
7.071535767883942469e+01 3.656731481968174144e-06
7.075537768884441903e+01 3.651158526953009460e-06
7.079539769884942757e+01 3.645598500553425856e-06
7.083541770885442190e+01 3.640051362102698144e-06
7.087543771885943045e+01 3.634517071096997005e-06
7.091545772886442478e+01 3.628995587194611838e-06
7.095547773886943332e+01 3.623486870215134224e-06
7.099549774887444187e+01 3.617990880138687539e-06
7.103551775887943620e+01 3.612507577105132874e-06
7.107553776888444474e+01 3.607036921413281284e-06
7.111555777888943908e+01 3.601578873520138239e-06
7.115557778889444762e+01 3.596133394040106141e-06
7.119559779889944195e+01 3.590700443744243598e-06
7.123561780890445050e+01 3.585279983559478521e-06
7.127563781890945904e+01 3.579871974567869523e-06
7.131565782891445338e+01 3.574476378005843581e-06
7.135567783891946192e+01 3.569093155263438366e-06
7.139569784892445625e+01 3.563722267883578881e-06
7.143571785892946480e+01 3.558363677561311740e-06
7.147573786893445913e+01 3.553017346143091541e-06
7.151575787893946767e+01 3.547683235626025743e-06
7.155577788894447622e+01 3.542361308157169925e-06
7.159579789894947055e+01 3.537051526032787489e-06
7.163581790895447909e+01 3.531753851697634332e-06
7.167583791895947343e+01 3.526468247744247768e-06
7.171585792896448197e+01 3.521194676912226971e-06
7.175587793896947630e+01 3.515933102087535443e-06
7.179589794897448485e+01 3.510683486301785273e-06
7.183591795897949339e+01 3.505445792731553579e-06
7.187593796898448772e+01 3.500219984697671002e-06
7.191595797898949627e+01 3.495006025664541115e-06
7.195597798899449060e+01 3.489803879239455173e-06
7.199599799899949915e+01 3.484613509171891192e-06
7.203601800900449348e+01 3.479434879352859194e-06
7.207603801900950202e+01 3.474267953814204525e-06
7.211605802901451057e+01 3.469112696727949279e-06
7.215607803901950490e+01 3.463969072405617222e-06
7.219609804902451344e+01 3.458837045297571828e-06
7.223611805902950778e+01 3.453716579992357719e-06
7.227613806903451632e+01 3.448607641216033616e-06
7.231615807903951065e+01 3.443510193831543005e-06
7.235617808904451920e+01 3.438424202838033537e-06
7.239619809904952774e+01 3.433349633370237428e-06
7.243621810905452207e+01 3.428286450697816277e-06
7.247623811905953062e+01 3.423234620224721982e-06
7.251625812906452495e+01 3.418194107488572052e-06
7.255627813906953349e+01 3.413164878160001624e-06
7.259629814907454204e+01 3.408146898042056991e-06
7.263631815907953637e+01 3.403140133069557788e-06
7.267633816908454492e+01 3.398144549308470180e-06
7.271635817908953925e+01 3.393160112955311406e-06
7.275637818909454779e+01 3.388186790336509841e-06
7.279639819909954213e+01 3.383224547907818003e-06
7.283641820910455067e+01 3.378273352253689562e-06
7.287643821910955921e+01 3.373333170086680484e-06
7.291645822911455355e+01 3.368403968246861195e-06
7.295647823911956209e+01 3.363485713701191044e-06
7.299649824912455642e+01 3.358578373542957989e-06
7.303651825912956497e+01 3.353681914991160691e-06
7.307653826913455930e+01 3.348796305389945659e-06
7.311655827913956784e+01 3.343921512207997385e-06
7.315657828914457639e+01 3.339057503037983536e-06
7.319659829914957072e+01 3.334204245595964154e-06
7.323661830915457926e+01 3.329361707720816092e-06
7.327663831915957360e+01 3.324529857373670585e-06
7.331665832916458214e+01 3.319708662637333036e-06
7.335667833916957647e+01 3.314898091715738368e-06
7.339669834917458502e+01 3.310098112933364459e-06
7.343671835917959356e+01 3.305308694734696813e-06
7.347673836918458790e+01 3.300529805683661477e-06
7.351675837918959644e+01 3.295761414463068532e-06
7.355677838919459077e+01 3.291003489874078046e-06
7.359679839919959932e+01 3.286256000835636373e-06
7.363681840920459365e+01 3.281518916383951410e-06
7.367683841920960219e+01 3.276792205671931021e-06
7.371685842921461074e+01 3.272075837968667614e-06
7.375687843921960507e+01 3.267369782658888419e-06
7.379689844922461361e+01 3.262674009242429475e-06
7.383691845922960795e+01 3.257988487333709207e-06
7.387693846923461649e+01 3.253313186661198176e-06
7.391695847923961082e+01 3.248648077066902396e-06
7.395697848924461937e+01 3.243993128505834356e-06
7.399699849924962791e+01 3.239348311045505224e-06
7.403701850925462224e+01 3.234713594865408162e-06
7.407703851925963079e+01 3.230088950256501631e-06
7.411705852926462512e+01 3.225474347620708797e-06
7.415707853926963367e+01 3.220869757470403381e-06
7.419709854927464221e+01 3.216275150427914144e-06
7.423711855927963654e+01 3.211690497225021328e-06
7.427713856928464509e+01 3.207115768702453517e-06
7.431715857928963942e+01 3.202550935809403559e-06
7.435717858929464796e+01 3.197995969603025001e-06
7.439719859929964230e+01 3.193450841247952251e-06
7.443721860930465084e+01 3.188915522015805058e-06
7.447723861930965938e+01 3.184389983284709518e-06
7.451725862931465372e+01 3.179874196538815690e-06
7.455727863931966226e+01 3.175368133367814781e-06
7.459729864932465659e+01 3.170871765466466934e-06
7.463731865932966514e+01 3.166385064634121377e-06
7.467733866933465947e+01 3.161908002774256062e-06
7.471735867933966802e+01 3.157440551893987235e-06
7.475737868934467656e+01 3.152982684103634060e-06
7.479739869934967089e+01 3.148534371616222680e-06
7.483741870935467944e+01 3.144095586747044068e-06
7.487743871935967377e+01 3.139666301913193663e-06
7.491745872936468231e+01 3.135246489633104654e-06
7.495747873936967665e+01 3.130836122526102867e-06
7.499749874937468519e+01 3.126435173311951907e-06
7.503751875937969373e+01 3.122043614810402534e-06
7.507753876938468807e+01 3.117661419940750517e-06
7.511755877938969661e+01 3.113288561721382196e-06
7.515757878939469094e+01 3.108925013269345461e-06
7.519759879939969949e+01 3.104570747799896168e-06
7.523761880940469382e+01 3.100225738626070387e-06
7.527763881940970236e+01 3.095889959158245210e-06
7.531765882941471091e+01 3.091563382903705080e-06
7.535767883941970524e+01 3.087245983466214875e-06
7.539769884942471379e+01 3.082937734545584545e-06
7.543771885942970812e+01 3.078638609937251089e-06
7.547773886943471666e+01 3.074348583531846157e-06
7.551775887943971100e+01 3.070067629314784803e-06
7.555777888944471954e+01 3.065795721365832239e-06
7.559779889944972808e+01 3.061532833858700640e-06
7.563781890945472242e+01 3.057278941060625629e-06
7.567783891945973096e+01 3.053034017331953353e-06
7.571785892946472529e+01 3.048798037125732627e-06
7.575787893946973384e+01 3.044570974987305829e-06
7.579789894947472817e+01 3.040352805553902738e-06
7.583791895947973671e+01 3.036143503554231845e-06
7.587793896948474526e+01 3.031943043808082247e-06
7.591795897948973959e+01 3.027751401225930200e-06
7.595797898949474813e+01 3.023568550808521955e-06
7.599799899949974247e+01 3.019394467646496830e-06
7.603801900950475101e+01 3.015229126919983171e-06
7.607803901950975956e+01 3.011072503898209993e-06
7.611805902951475389e+01 3.006924573939117340e-06
7.615807903951976243e+01 3.002785312488963267e-06
7.619809904952475677e+01 2.998654695081948173e-06
7.623811905952976531e+01 2.994532697339817552e-06
7.627813906953475964e+01 2.990419294971494797e-06
7.631815907953976819e+01 2.986314463772687755e-06
7.635817908954477673e+01 2.982218179625519846e-06
7.639819909954977106e+01 2.978130418498155674e-06
7.643821910955477961e+01 2.974051156444412661e-06
7.647823911955977394e+01 2.969980369603410798e-06
7.651825912956478248e+01 2.965918034199177085e-06
7.655827913956977682e+01 2.961864126540305865e-06
7.659829914957478536e+01 2.957818623019564959e-06
7.663831915957979390e+01 2.953781500113550072e-06
7.667833916958478824e+01 2.949752734382314645e-06
7.671835917958979678e+01 2.945732302469010283e-06
7.675837918959479111e+01 2.941720181099528464e-06
7.679839919959979966e+01 2.937716347082138857e-06
7.683841920960479399e+01 2.933720777307142883e-06
7.687843921960980254e+01 2.929733448746512878e-06
7.691845922961481108e+01 2.925754338453543543e-06
7.695847923961980541e+01 2.921783423562504235e-06
7.699849924962481396e+01 2.917820681288281939e-06
7.703851925962980829e+01 2.913866088926047545e-06
7.707853926963481683e+01 2.909919623850902626e-06
7.711855927963981117e+01 2.905981263517538515e-06
7.715857928964481971e+01 2.902050985459897911e-06
7.719859929964982825e+01 2.898128767290832255e-06
7.723861930965482259e+01 2.894214586701768001e-06
7.727863931965983113e+01 2.890308421462362716e-06
7.731865932966482546e+01 2.886410249420182790e-06
7.735867933966983401e+01 2.882520048500361653e-06
7.739869934967482834e+01 2.878637796705274095e-06
7.743871935967983688e+01 2.874763472114199566e-06
7.747873936968484543e+01 2.870897052883008354e-06
7.751875937968983976e+01 2.867038517243824465e-06
7.755877938969484831e+01 2.863187843504702902e-06
7.759879939969984264e+01 2.859345010049312877e-06
7.763881940970485118e+01 2.855509995336605771e-06
7.767883941970985973e+01 2.851682777900513169e-06
7.771885942971485406e+01 2.847863336349614401e-06
7.775887943971986260e+01 2.844051649366822711e-06
7.779889944972485694e+01 2.840247695709078215e-06
7.783891945972986548e+01 2.836451454207024327e-06
7.787893946973485981e+01 2.832662903764709607e-06
7.791895947973986836e+01 2.828882023359263774e-06
7.795897948974487690e+01 2.825108792040601236e-06
7.799899949974987123e+01 2.821343188931108545e-06
7.803901950975487978e+01 2.817585193225333951e-06
7.807903951975987411e+01 2.813834784189698992e-06
7.811905952976488265e+01 2.810091941162182125e-06
7.815907953976987699e+01 2.806356643552023538e-06
7.819909954977488553e+01 2.802628870839425718e-06
7.823911955977989408e+01 2.798908602575255728e-06
7.827913956978488841e+01 2.795195818380754240e-06
7.831915957978989695e+01 2.791490497947226377e-06
7.835917958979489129e+01 2.787792621035765155e-06
7.839919959979989983e+01 2.784102167476948240e-06
7.843921960980489416e+01 2.780419117170555045e-06
7.847923961980990271e+01 2.776743450085270690e-06
7.851925962981491125e+01 2.773075146258405633e-06
7.855927963981990558e+01 2.769414185795605985e-06
7.859929964982491413e+01 2.765760548870565945e-06
7.863931965982990846e+01 2.762114215724751240e-06
7.867933966983491700e+01 2.758475166667112405e-06
7.871935967983991134e+01 2.754843382073808231e-06
7.875937968984491988e+01 2.751218842387918190e-06
7.879939969984992842e+01 2.747601528119176474e-06
7.883941970985492276e+01 2.743991419843690352e-06
7.887943971985993130e+01 2.740388498203658531e-06
7.891945972986492563e+01 2.736792743907111970e-06
7.895947973986993418e+01 2.733204137727624610e-06
7.899949974987492851e+01 2.729622660504061387e-06
7.903951975987993706e+01 2.726048293140286428e-06
7.907953976988494560e+01 2.722481016604920375e-06
7.911955977988993993e+01 2.718920811931047314e-06
7.915957978989494848e+01 2.715367660215967438e-06
7.919959979989994281e+01 2.711821542620927271e-06
7.923961980990495135e+01 2.708282440370854965e-06
7.927963981990994569e+01 2.704750334754099421e-06
7.931965982991495423e+01 2.701225207122166430e-06
7.935967983991996277e+01 2.697707038889469228e-06
7.939969984992495711e+01 2.694195811533059561e-06
7.943971985992996565e+01 2.690691506592376117e-06
7.947973986993495998e+01 2.687194105668988718e-06
7.951975987993996853e+01 2.683703590426342946e-06
7.955977988994497707e+01 2.680219942589507723e-06
7.959979989994997140e+01 2.676743143944925437e-06
7.963981990995497995e+01 2.673273176340154868e-06
7.967983991995997428e+01 2.669810021683631053e-06
7.971985992996498283e+01 2.666353661944405673e-06
7.975987993996997716e+01 2.662904079151916658e-06
7.979989994997498570e+01 2.659461255395720524e-06
7.983991995997999425e+01 2.656025172825267487e-06
7.987993996998498858e+01 2.652595813649649046e-06
7.991995997998999712e+01 2.649173160137352771e-06
7.995997998999499146e+01 2.645757194616031480e-06
8.000000000000000000e+01 2.642347899472249133e-06
