tier,restart_idx,param_seed,final_train_cost,final_test_cost
8,0,134001210,1.694287e-01,4.606117e-01
8,1,134001211,2.874463e-02,1.393648e-01
8,2,134001212,1.360759e-01,1.017314e+00
8,3,134001213,1.584764e-01,3.947811e-01
8,4,134001214,4.763995e-02,1.514779e-01
8,5,134001215,8.373231e-02,1.415777e-01
8,6,134001216,3.447047e-01,4.535045e-01
8,7,134001217,5.598397e-02,2.847145e-01
8,8,134001218,1.591735e-01,3.086780e-01
8,9,134001219,4.523377e-02,3.036810e-01
