tier,restart_idx,param_seed,final_train_cost,final_test_cost
7,0,134001109,1.189245e-02,2.762343e-02
7,1,134001110,3.268194e-01,4.726711e-01
7,2,134001111,5.403727e-02,2.404230e-01
7,3,134001112,2.009418e-01,2.140311e-01
7,4,134001113,4.400162e-01,6.493582e-01
7,5,134001114,3.690706e-02,1.846199e-01
7,6,134001115,5.569813e-02,3.688824e-01
7,7,134001116,2.189547e-01,6.513228e-01
7,8,134001117,7.094976e-02,8.364509e-02
7,9,134001118,2.859655e-01,5.456398e-01
