{
  "restart": 2,
  "seed": 60,
  "iters": 30000,
  "lr": 0.05,
  "best_iter": 29987,
  "best_cost": 0.0023760413751006126,
  "best_alphaD_mean": 0.00023270357317338144,
  "n": 7
}