{
  "restart": 3,
  "seed": 61,
  "iters": 30000,
  "lr": 0.05,
  "best_iter": 29952,
  "best_cost": 0.001858446397818625,
  "best_alphaD_mean": 0.00019327301059664286,
  "n": 6
}