0.000000000000000000e+00 8.645457916299918483e-05
4.002001000500250011e-02 8.683160663320929206e-05
8.004002001000500022e-02 8.721131647614553098e-05
1.200600300150075073e-01 8.759373599264259024e-05
1.600800400200100004e-01 8.797889284980403622e-05
2.001000500250124936e-01 8.836681508712367788e-05
2.401200600300150145e-01 8.875753112272963610e-05
2.801400700350175077e-01 8.915106975975359781e-05
3.201600800400200009e-01 8.954746019282842603e-05
3.601800900450224940e-01 8.994673201471676865e-05
4.002001000500249872e-01 9.034891522307425744e-05
4.402201100550274804e-01 9.075404022735010241e-05
4.802401200600300291e-01 9.116213785582838870e-05
5.202601300650324667e-01 9.157323936281340959e-05
5.602801400700350154e-01 9.198737643596272212e-05
6.003001500750374531e-01 9.240458120377086613e-05
6.403201600800400017e-01 9.282488624320821909e-05
6.803401700850425504e-01 9.324832458751764299e-05
7.203601800900449881e-01 9.367492973417385646e-05
7.603801900950475368e-01 9.410473565300852715e-05
8.004002001000499744e-01 9.453777679450551608e-05
8.404202101050525231e-01 9.497408809827084125e-05
8.804402201100549608e-01 9.541370500168050450e-05
9.204602301150575094e-01 9.585666344871171128e-05
9.604802401200600581e-01 9.630299989896129139e-05
1.000500250125062607e+00 9.675275133685619974e-05
1.040520260130064933e+00 9.720595528106081332e-05
1.080540270135067482e+00 9.766264979408578143e-05
1.120560280140070031e+00 9.812287349210374154e-05
1.160580290145072579e+00 9.858666555497680711e-05
1.200600300150074906e+00 9.905406573650103123e-05
1.240620310155077455e+00 9.952511437487401272e-05
1.280640320160080003e+00 9.999985240339021172e-05
1.320660330165082552e+00 1.004783213613705343e-04
1.360680340170085101e+00 1.009605634053321763e-04
1.400700350175087427e+00 1.014466213204040930e-04
1.440720360180089976e+00 1.019365385319953051e-04
1.480740370185092525e+00 1.024303591177218000e-04
1.520760380190095074e+00 1.029281278195993748e-04
1.560780390195097400e+00 1.034298900565087085e-04
1.600800400200099949e+00 1.039356919369397521e-04
1.640820410205102498e+00 1.044455802720234319e-04
1.680840420210105046e+00 1.049596025888574567e-04
1.720860430215107595e+00 1.054778071441338309e-04
1.760880440220109922e+00 1.060002429380768699e-04
1.800900450225112470e+00 1.065269597286991983e-04
1.840920460230115019e+00 1.070580080463841332e-04
1.880940470235117568e+00 1.075934392088037373e-04
1.920960480240120116e+00 1.081333053361808213e-04
1.960980490245122443e+00 1.086776593669047615e-04
2.001000500250125214e+00 1.092265550735100515e-04
2.041020510255127540e+00 1.097800470790277245e-04
2.081040520260129867e+00 1.103381908737197835e-04
2.121060530265132638e+00 1.109010428322067086e-04
2.161080540270134964e+00 1.114686602309992097e-04
2.201100550275137291e+00 1.120411012664452417e-04
2.241120560280140062e+00 1.126184250731030844e-04
2.281140570285142388e+00 1.132006917425530906e-04
2.321160580290145159e+00 1.137879623426598654e-04
2.361180590295147486e+00 1.143802989372971432e-04
2.401200600300149812e+00 1.149777646065487777e-04
2.441220610305152583e+00 1.155804234673990467e-04
2.481240620310154910e+00 1.161883406949255790e-04
2.521260630315157680e+00 1.168015825440095403e-04
2.561280640320160007e+00 1.174202163715779734e-04
2.601300650325162334e+00 1.180443106593926029e-04
2.641320660330165104e+00 1.186739350374013002e-04
2.681340670335167431e+00 1.193091603076684178e-04
2.721360680340170202e+00 1.199500584689002961e-04
2.761380690345172528e+00 1.205967027415831956e-04
2.801400700350174855e+00 1.212491675937512725e-04
2.841420710355177626e+00 1.219075287674037335e-04
2.881440720360179952e+00 1.225718633055889655e-04
2.921460730365182723e+00 1.232422495801759944e-04
2.961480740370185050e+00 1.239187673203329934e-04
3.001500750375187376e+00 1.246014976417345510e-04
3.041520760380190147e+00 1.252905230765182312e-04
3.081540770385192474e+00 1.259859276040134382e-04
3.121560780390194800e+00 1.266877966822660309e-04
3.161580790395197571e+00 1.273962172803811581e-04
3.201600800400199898e+00 1.281112779117105516e-04
3.241620810405202668e+00 1.288330686679095116e-04
3.281640820410204995e+00 1.295616812538886303e-04
3.321660830415207322e+00 1.302972090236895002e-04
3.361680840420210092e+00 1.310397470173118358e-04
3.401700850425212419e+00 1.317893919985206608e-04
3.441720860430215190e+00 1.325462424936647843e-04
3.481740870435217516e+00 1.333103988315380902e-04
3.521760880440219843e+00 1.340819631843146473e-04
3.561780890445222614e+00 1.348610396095932561e-04
3.601800900450224940e+00 1.356477340935840408e-04
3.641820910455227711e+00 1.364421545954753025e-04
3.681840920460230038e+00 1.372444110930166319e-04
3.721860930465232364e+00 1.380546156293570932e-04
3.761880940470235135e+00 1.388728823611789490e-04
3.801900950475237462e+00 1.396993276081683955e-04
3.841920960480240232e+00 1.405340699038659462e-04
3.881940970485242559e+00 1.413772300479418896e-04
3.921960980490244886e+00 1.422289311599421696e-04
3.961980990495247656e+00 1.430892987345535857e-04
4.002001000500250427e+00 1.439584606984368575e-04
4.042021010505252754e+00 1.448365474686810869e-04
4.082041020510255080e+00 1.457236920129310897e-04
4.122061030515257407e+00 1.466200299112441381e-04
4.162081040520259734e+00 1.475256994197345799e-04
4.202101050525262949e+00 1.484408415360641493e-04
4.242121060530265275e+00 1.493656000668424245e-04
4.282141070535267602e+00 1.503001216969999108e-04
4.322161080540269928e+00 1.512445560612020793e-04
4.362181090545272255e+00 1.521990558173735343e-04
4.402201100550274582e+00 1.531637767224039480e-04
4.442221110555277797e+00 1.541388777101124967e-04
4.482241120560280123e+00 1.551245209715460688e-04
4.522261130565282450e+00 1.561208720376959492e-04
4.562281140570284776e+00 1.571280998647135079e-04
4.602301150575287103e+00 1.581463769217157222e-04
4.642321160580290318e+00 1.591758792812692207e-04
4.682341170585292645e+00 1.602167867126490176e-04
4.722361180590294971e+00 1.612692827779706260e-04
4.762381190595297298e+00 1.623335549312964908e-04
4.802401200600299624e+00 1.634097946208256486e-04
4.842421210605302839e+00 1.644981973942762001e-04
4.882441220610305166e+00 1.655989630075763337e-04
4.922461230615307493e+00 1.667122955369854402e-04
4.962481240620309819e+00 1.678384034947687806e-04
5.002501250625312146e+00 1.689774999485585232e-04
5.042521260630315361e+00 1.701298026445349125e-04
5.082541270635317687e+00 1.712955341345711463e-04
5.122561280640320014e+00 1.724749219074889770e-04
5.162581290645322341e+00 1.736681985245782647e-04
5.202601300650324667e+00 1.748756017595429473e-04
5.242621310655327882e+00 1.760973747430385258e-04
5.282641320660330209e+00 1.773337661119777351e-04
5.322661330665332535e+00 1.785850301637849206e-04
5.362681340670334862e+00 1.798514270157908874e-04
5.402701350675337189e+00 1.811332227699645730e-04
5.442721360680340403e+00 1.824306896831908201e-04
5.482741370685342730e+00 1.837441063433084619e-04
5.522761380690345057e+00 1.850737578511367531e-04
5.562781390695347383e+00 1.864199360087234151e-04
5.602801400700349710e+00 1.877829395140630903e-04
5.642821410705352925e+00 1.891630741625428380e-04
5.682841420710355251e+00 1.905606530553833082e-04
5.722861430715357578e+00 1.919759968153581387e-04
5.762881440720359905e+00 1.934094338100855010e-04
5.802901450725362231e+00 1.948613003831995729e-04
5.842921460730365446e+00 1.963319410937244618e-04
5.882941470735367773e+00 1.978217089639865730e-04
5.922961480740370099e+00 1.993309657364207414e-04
5.962981490745372426e+00 2.008600821396368057e-04
6.003001500750374753e+00 2.024094381641352843e-04
6.043021510755377079e+00 2.039794233480773987e-04
6.083041520760380294e+00 2.055704370735329909e-04
6.123061530765382621e+00 2.071828888736534837e-04
6.163081540770384947e+00 2.088171987512340070e-04
6.203101550775387274e+00 2.104737975091568061e-04
6.243121560780389601e+00 2.121531270932259172e-04
6.283141570785392815e+00 2.138556409479349632e-04
6.323161580790395142e+00 2.155818043857305854e-04
6.363181590795397469e+00 2.173320949703659479e-04
6.403201600800399795e+00 2.191070029149665415e-04
6.443221610805402122e+00 2.209070314954630616e-04
6.483241620810405337e+00 2.227326974800779064e-04
6.523261630815407663e+00 2.245845315755884820e-04
6.563281640820409990e+00 2.264630788911249594e-04
6.603301650825412317e+00 2.283688994203029717e-04
6.643321660830414643e+00 2.303025685425291822e-04
6.683341670835417858e+00 2.322646775443635886e-04
6.723361680840420185e+00 2.342558341618692437e-04
6.763381690845422511e+00 2.362766631449266658e-04
6.803401700850424838e+00 2.383278068445460738e-04
6.843421710855427165e+00 2.404099258242601330e-04
6.883441720860430380e+00 2.425236994967454069e-04
6.923461730865432706e+00 2.446698267868749506e-04
6.963481740870435033e+00 2.468490268224764715e-04
7.003501750875437359e+00 2.490620396541372143e-04
7.043521760880439686e+00 2.513096270054697499e-04
7.083541770885442901e+00 2.535925730553340008e-04
7.123561780890445227e+00 2.559116852535930149e-04
7.163581790895447554e+00 2.582677951720685028e-04
7.203601800900449881e+00 2.606617593924558498e-04
7.243621810905452207e+00 2.630944604330613733e-04
7.283641820910455422e+00 2.655668077163276988e-04
7.323661830915457749e+00 2.680797385792290321e-04
7.363681840920460075e+00 2.706342193287388301e-04
7.403701850925462402e+00 2.732312463447003625e-04
7.443721860930464729e+00 2.758718472325693812e-04
7.483741870935467944e+00 2.785570820286427450e-04
7.523761880940470270e+00 2.812880444605452522e-04
7.563781890945472597e+00 2.840658632659129757e-04
7.603801900950474923e+00 2.868917035723867674e-04
7.643821910955477250e+00 2.897667683422256758e-04
7.683841920960480465e+00 2.926922998850466410e-04
7.723861930965482792e+00 2.956695814424192001e-04
7.763881940970485118e+00 2.986999388482737354e-04
7.803901950975487445e+00 3.017847422693317565e-04
7.843921960980489771e+00 3.049254080300318527e-04
7.883941970985492098e+00 3.081234005267127524e-04
7.923961980990495313e+00 3.113802342361166584e-04
7.963981990995497640e+00 3.146974758236098014e-04
8.004002001000500854e+00 3.180767463568624710e-04
8.044022011005502293e+00 3.215197236311150269e-04
8.084042021010505508e+00 3.250281446125568392e-04
8.124062031015506946e+00 3.286038080067834005e-04
8.164082041020510161e+00 3.322485769597678250e-04
8.204102051025513376e+00 3.359643818992815779e-04
8.244122061030514814e+00 3.397532235252495635e-04
8.284142071035518029e+00 3.436171759581039902e-04
8.324162081040519467e+00 3.475583900548321649e-04
8.364182091045522682e+00 3.515790969030975011e-04
8.404202101050525897e+00 3.556816115045413379e-04
8.444222111055527336e+00 3.598683366591675075e-04
8.484242121060530550e+00 3.641417670635684880e-04
8.524262131065531989e+00 3.685044936366703525e-04
8.564282141070535204e+00 3.729592080876873990e-04
8.604302151075536642e+00 3.775087077420418162e-04
8.644322161080539857e+00 3.821559006421991825e-04
8.684342171085543072e+00 3.869038109416198640e-04
8.724362181090544510e+00 3.917555846114246783e-04
8.764382191095547725e+00 3.967144954808625532e-04
8.804402201100549163e+00 4.017839516342899906e-04
8.844422211105552378e+00 4.069675021891568448e-04
8.884442221110555593e+00 4.122688444813964637e-04
8.924462231115557032e+00 4.176918316867353595e-04
8.964482241120560246e+00 4.232404809087025833e-04
9.004502251125561685e+00 4.289189817666184436e-04
9.044522261130564900e+00 4.347317055195627973e-04
9.084542271135568114e+00 4.406832147652781344e-04
9.124562281140569553e+00 4.467782737562272653e-04
9.164582291145572768e+00 4.530218593785598625e-04
9.204602301150574206e+00 4.594191728436394393e-04
9.244622311155577421e+00 4.659756521460494392e-04
9.284642321160580636e+00 4.726969853466631922e-04
9.324662331165582074e+00 4.795891247445137557e-04
9.364682341170585289e+00 4.866583020068360448e-04
9.404702351175586728e+00 4.939110443328732910e-04
9.444722361180589942e+00 5.013541917338875265e-04
9.484742371185593157e+00 5.089949155193467748e-04
9.524762381190594596e+00 5.168407380876136699e-04
9.564782391195597810e+00 5.248995541286470513e-04
9.604802401200599249e+00 5.331796533564084166e-04
9.644822411205602464e+00 5.416897448999610874e-04
9.684842421210605679e+00 5.504389834947177309e-04
9.724862431215607117e+00 5.594369976291974208e-04
9.764882441220610332e+00 5.686939198180478985e-04
9.804902451225611770e+00 5.782204191892558473e-04
9.844922461230614985e+00 5.880277365925894130e-04
9.884942471235618200e+00 5.981277224576069234e-04
9.924962481240619638e+00 6.085328776534255826e-04
9.964982491245622853e+00 6.192563976290365712e-04
1.000500250125062429e+01 6.303122201428204823e-04
1.004502251125562751e+01 6.417150769233701847e-04
1.008504252126063072e+01 6.534805496413131605e-04
1.012506253126563216e+01 6.656251306141331000e-04
1.016508254127063537e+01 6.781662887136321151e-04
1.020510255127563681e+01 6.911225409994375913e-04
1.024512256128064003e+01 7.045135306627761272e-04
1.028514257128564324e+01 7.183601119335177119e-04
1.032516258129064468e+01 7.326844426815943374e-04
1.036518259129564790e+01 7.475100855325552719e-04
1.040520260130064933e+01 7.628621184179925361e-04
1.044522261130565255e+01 7.787672555967095752e-04
1.048524262131065576e+01 7.952539803140087861e-04
1.052526263131565720e+01 8.123526904171379749e-04
1.056528264132066042e+01 8.300958584176439201e-04
1.060530265132566186e+01 8.485182076900279731e-04
1.064532266133066507e+01 8.676569067249437868e-04
1.068534267133566829e+01 8.875517836193436627e-04
1.072536268134066972e+01 9.082455632918466680e-04
1.076538269134567294e+01 9.297841302663091469e-04
1.080540270135067438e+01 9.522168202791466687e-04
1.084542271135567759e+01 9.755967444470021056e-04
1.088544272136068081e+01 9.999811502935727729e-04
1.092546273136568225e+01 1.025431824593532387e-03
1.096548274137068546e+01 1.052015543766109942e-03
1.100550275137568690e+01 1.079804578464087358e-03
1.104552276138069011e+01 1.108877260083727641e-03
1.108554277138569333e+01 1.139318618201652254e-03
1.112556278139069477e+01 1.171221099468450688e-03
1.116558279139569798e+01 1.204685380307721557e-03
1.120560280140069942e+01 1.239821287948311137e-03
1.124562281140570263e+01 1.276748846937257598e-03
1.128564282141070585e+01 1.315599471442140730e-03
1.132566283141570729e+01 1.356517327481063760e-03
1.136568284142071050e+01 1.399660893876064583e-03
1.140570285142571194e+01 1.445204756414145792e-03
1.144572286143071516e+01 1.493341676677839656e-03
1.148574287143571837e+01 1.544284985604827288e-03
1.152576288144071981e+01 1.598271362480076837e-03
1.156578289144572302e+01 1.655564073305555630e-03
1.160580290145072446e+01 1.716456759050244852e-03
1.164582291145572768e+01 1.781277885098178290e-03
1.168584292146073089e+01 1.850395989524473983e-03
1.172586293146573233e+01 1.924225901285294554e-03
1.176588294147073555e+01 2.003236142205074358e-03
1.180590295147573698e+01 2.087957781740931197e-03
1.184592296148074020e+01 2.178995084907468186e-03
1.188594297148574341e+01 2.277038386927734970e-03
1.192596298149074485e+01 2.382879750672523781e-03
1.196598299149574807e+01 2.497432125218560731e-03
1.200600300150074951e+01 2.621752940543659646e-03
1.204602301150575272e+01 2.757073365183750936e-03
1.208604302151075416e+01 2.904834850138707930e-03
1.212606303151575737e+01 3.066735125999905075e-03
1.216608304152076059e+01 3.244786573169747713e-03
1.220610305152576203e+01 3.441390938407773697e-03
1.224612306153076524e+01 3.659435860619549962e-03
1.228614307153576668e+01 3.902420799409170565e-03
1.232616308154076989e+01 4.174623043286000354e-03
1.236618309154577311e+01 4.481318991611389982e-03
1.240620310155077455e+01 4.829082606507224817e-03
1.244622311155577776e+01 5.226193004614955624e-03
1.248624312156077920e+01 5.683198498747068367e-03
1.252626313156578242e+01 6.213708059690335218e-03
1.256628314157078563e+01 6.835518096720970271e-03
1.260630315157578707e+01 7.572240662120314353e-03
1.264632316158079028e+01 8.455691463449434633e-03
1.268634317158579172e+01 9.529442040834622957e-03
1.272636318159079494e+01 1.085416713489920602e-02
1.276638319159579815e+01 1.251575114516612769e-02
1.280640320160079959e+01 1.463753295327995495e-02
1.284642321160580281e+01 1.739830402906949666e-02
1.288644322161080424e+01 2.105655842980259582e-02
1.292646323161580746e+01 2.597475547562966280e-02
1.296648324162081067e+01 3.261149308735200592e-02
1.300650325162581211e+01 4.137126053091199490e-02
1.304652326163081533e+01 5.204477071435096441e-02
1.308654327163581677e+01 6.262133233325849202e-02
1.312656328164081998e+01 6.871092615729519626e-02
1.316658329164582319e+01 6.679097263005417950e-02
1.320660330165082463e+01 5.863606971845608529e-02
1.324662331165582785e+01 4.897220867901674879e-02
1.328664332166082929e+01 4.083153523788101563e-02
1.332666333166583250e+01 3.499194986540205693e-02
1.336668334167083572e+01 3.123394251695021592e-02
1.340670335167583715e+01 2.914996801174177254e-02
1.344672336168084037e+01 2.841645721404547492e-02
1.348674337168584181e+01 2.884420024160846280e-02
1.352676338169084502e+01 3.037170804217073986e-02
1.356678339169584824e+01 3.305699104860167908e-02
1.360680340170084968e+01 3.708355343068697740e-02
1.364682341170585289e+01 4.278625403233928676e-02
1.368684342171085433e+01 5.070154275227065077e-02
1.372686343171585754e+01 6.164486413533015047e-02
1.376688344172086076e+01 7.680300753758041721e-02
1.380690345172586220e+01 9.776468714111527514e-02
1.384692346173086541e+01 1.262007815562890822e-01
1.388694347173586685e+01 1.623977899472666686e-01
1.392696348174087007e+01 2.014849608502123079e-01
1.396698349174587328e+01 2.293773121720873720e-01
1.400700350175087472e+01 2.295189350696082708e-01
1.404702351175587793e+01 2.016940699887437849e-01
1.408704352176087937e+01 1.623136722420717437e-01
1.412706353176588259e+01 1.256229442809491115e-01
1.416708354177088580e+01 9.663232887266548499e-02
1.420710355177588724e+01 7.509805190345089643e-02
1.424712356178089045e+01 5.934089168587341340e-02
1.428714357178589189e+01 4.774573214776860891e-02
1.432716358179089511e+01 3.909183499426178293e-02
1.436718359179589832e+01 3.252244512733579174e-02
1.440720360180089976e+01 2.744843942960481856e-02
1.444722361180590298e+01 2.346422682949025201e-02
1.448724362181090441e+01 2.028759996790590117e-02
1.452726363181590763e+01 1.771933467900124043e-02
1.456728364182091084e+01 1.561654702908341075e-02
1.460730365182591228e+01 1.387512050674413570e-02
1.464732366183091550e+01 1.241801562820736039e-02
1.468734367183591694e+01 1.118739522866891642e-02
1.472736368184092015e+01 1.013924464631230267e-02
1.476738369184592337e+01 9.239642389836962358e-03
1.480740370185092480e+01 8.462137365346815085e-03
1.484742371185592802e+01 7.785878403976410032e-03
1.488744372186092946e+01 7.194262412452251919e-03
1.492746373186593267e+01 6.673944937356026362e-03
1.496748374187093589e+01 6.214107310630078915e-03
1.500750375187593733e+01 5.805907724577842946e-03
1.504752376188094054e+01 5.442065723318086252e-03
1.508754377188594198e+01 5.116544558487988274e-03
1.512756378189094519e+01 4.824306093356297946e-03
1.516758379189594841e+01 4.561120027592756310e-03
1.520760380190094985e+01 4.323414179609613023e-03
1.524762381190595306e+01 4.108156079060291260e-03
1.528764382191095450e+01 3.912758637779003776e-03
1.532766383191595772e+01 3.735004485574071938e-03
1.536768384192096093e+01 3.572984883754585107e-03
1.540770385192596237e+01 3.425050105770601275e-03
1.544772386193096558e+01 3.289768899391251351e-03
1.548774387193596702e+01 3.165895187585099965e-03
1.552776388194097024e+01 3.052340574704548882e-03
1.556778389194597167e+01 2.948151535744911959e-03
1.560780390195097489e+01 2.852490404609778034e-03
1.564782391195597810e+01 2.764619460834245607e-03
1.568784392196097954e+01 2.683887556552763329e-03
1.572786393196598276e+01 2.609718836585585115e-03
1.576788394197098420e+01 2.541603191746212142e-03
1.580790395197598741e+01 2.479088154377919254e-03
1.584792396198099063e+01 2.421771999888207901e-03
1.588794397198599206e+01 2.369297861840891431e-03
1.592796398199099528e+01 2.321348703422234944e-03
1.596798399199599672e+01 2.277643016705288830e-03
1.600800400200100171e+01 2.237931144576338609e-03
1.604802401200600315e+01 2.201992139645973009e-03
1.608804402201100459e+01 2.169631090926842434e-03
1.612806403201600602e+01 2.140676863377553255e-03
1.616808404202101102e+01 2.114980208394370148e-03
1.620810405202601245e+01 2.092412215826045495e-03
1.624812406203101389e+01 2.072863091090785832e-03
1.628814407203601888e+01 2.056241255806672604e-03
1.632816408204102032e+01 2.042472788902416087e-03
1.636818409204602176e+01 2.031501250338225203e-03
1.640820410205102675e+01 2.023287965869141093e-03
1.644822411205602819e+01 2.017812905935386075e-03
1.648824412206102963e+01 2.015076376115637093e-03
1.652826413206603107e+01 2.015101867672485555e-03
1.656828414207103606e+01 2.017940616825630688e-03
1.660830415207603750e+01 2.023678706858755665e-03
1.664832416208103893e+01 2.032447874983786974e-03
1.668834417208604393e+01 2.044441248942598446e-03
1.672836418209104536e+01 2.059933753670674817e-03
1.676838419209604680e+01 2.079299378083713373e-03
1.680840420210105179e+01 2.102990184803299727e-03
1.684842421210605323e+01 2.131364856331728359e-03
1.688844422211105467e+01 2.164128833760957382e-03
1.692846423211605611e+01 2.199343614609971728e-03
1.696848424212106110e+01 2.233489955663267666e-03
1.700850425212606254e+01 2.264798021365992033e-03
1.704852426213106398e+01 2.295816672968331237e-03
1.708854427213606897e+01 2.330402615225525987e-03
1.712856428214107041e+01 2.370699159827384817e-03
1.716858429214607185e+01 2.417321264343729251e-03
1.720860430215107328e+01 2.470336865638692297e-03
1.724862431215607828e+01 2.529781109411306881e-03
1.728864432216107971e+01 2.595810747223180510e-03
1.732866433216608115e+01 2.668726307573078722e-03
1.736868434217108614e+01 2.748963251300833976e-03
1.740870435217608758e+01 2.837083038335204161e-03
1.744872436218108902e+01 2.933770935248202275e-03
1.748874437218609401e+01 3.039840958673285538e-03
1.752876438219109545e+01 3.156247256167081950e-03
1.756878439219609689e+01 3.284101489541747625e-03
1.760880440220109833e+01 3.424696298675645924e-03
1.764882441220610332e+01 3.579535439776254050e-03
1.768884442221110476e+01 3.750371698674108325e-03
1.772886443221610620e+01 3.939254221818340278e-03
1.776888444222111119e+01 4.148587544266150832e-03
1.780890445222611262e+01 4.381205393748215451e-03
1.784892446223111406e+01 4.640463397865336216e-03
1.788894447223611905e+01 4.930356230843244147e-03
1.792896448224112049e+01 5.255666665355233566e-03
1.796898449224612193e+01 5.622156671786104724e-03
1.800900450225112337e+01 6.036814467041109501e-03
1.804902451225612836e+01 6.508176757385586604e-03
1.808904452226112980e+01 7.046753100184142450e-03
1.812906453226613124e+01 7.665590483841638533e-03
1.816908454227113623e+01 8.381032684923583193e-03
1.820910455227613767e+01 9.213753515272038452e-03
1.824912456228113911e+01 1.019018017566156870e-02
1.828914457228614410e+01 1.134447972741822394e-02
1.832916458229114554e+01 1.272136971724180388e-02
1.836918459229614697e+01 1.438015195495987407e-02
1.840920460230114841e+01 1.640058656644440352e-02
1.844922461230615340e+01 1.889156954244771217e-02
1.848924462231115484e+01 2.200412263171208291e-02
1.852926463231615628e+01 2.595104117657743778e-02
1.856928464232116127e+01 3.103673156718447443e-02
1.860930465232616271e+01 3.770208238745046542e-02
1.864932466233116415e+01 4.658920910400023846e-02
1.868934467233616914e+01 5.862368835149055213e-02
1.872936468234117058e+01 7.507691682603510885e-02
1.876938469234617202e+01 9.744734033552536479e-02
1.880940470235117346e+01 1.266593953986925314e-01
1.884942471235617845e+01 1.605778482202533664e-01
1.888944472236117988e+01 1.899452789830433086e-01
1.892946473236618132e+01 1.996001380153147597e-01
1.896948474237118631e+01 1.830037289428189939e-01
1.900950475237618775e+01 1.509202876293034568e-01
1.904952476238118919e+01 1.177767685643055506e-01
1.908954477238619418e+01 9.048703105792364754e-02
1.912956478239119562e+01 6.993766369844253705e-02
1.916958479239619706e+01 5.488520125395945221e-02
1.920960480240119850e+01 4.385835016981681767e-02
1.924962481240620349e+01 3.568432649034531529e-02
1.928964482241120493e+01 2.952606384734776310e-02
1.932966483241620637e+01 2.480598029823539996e-02
1.936968484242121136e+01 2.112730503641534197e-02
1.940970485242621280e+01 1.821525930011675884e-02
1.944972486243121423e+01 1.587697010987923138e-02
1.948974487243621923e+01 1.397494395424610930e-02
1.952976488244122066e+01 1.240959643363260742e-02
1.956978489244622210e+01 1.110767334736722373e-02
1.960980490245122354e+01 1.001448827878664329e-02
1.964982491245622853e+01 9.088647031806382226e-03
1.968984492246122997e+01 8.298409920672825818e-03
1.972986493246623141e+01 7.619146790422915740e-03
1.976988494247123640e+01 7.031531212038712696e-03
1.980990495247623784e+01 6.520241714950518463e-03
1.984992496248123928e+01 6.073015617913732518e-03
1.988994497248624427e+01 5.679951323697220861e-03
1.992996498249124571e+01 5.332987925061978378e-03
1.996998499249624714e+01 5.025512875038191420e-03
2.001000500250124858e+01 4.752063211177593588e-03
2.005002501250625357e+01 4.508095862333333370e-03
2.009004502251125501e+01 4.289809488487844255e-03
2.013006503251625645e+01 4.094005132773571171e-03
2.017008504252126144e+01 3.917976370841280524e-03
2.021010505252626288e+01 3.759422070865920448e-03
2.025012506253126432e+01 3.616376626057056162e-03
2.029014507253626931e+01 3.487153792900417413e-03
2.033016508254127075e+01 3.370301201222028649e-03
2.037018509254627219e+01 3.264563292634110794e-03
2.041020510255127363e+01 3.168850959219486792e-03
2.045022511255627862e+01 3.082216541916320881e-03
2.049024512256128006e+01 3.003833141815456537e-03
2.053026513256628149e+01 2.932977421800537447e-03
2.057028514257128649e+01 2.869015248278226904e-03
2.061030515257628792e+01 2.811389656042019396e-03
2.065032516258128936e+01 2.759610723071566178e-03
2.069034517258629080e+01 2.713247023321403197e-03
2.073036518259129579e+01 2.671918389548552826e-03
2.077038519259629723e+01 2.635289768915096819e-03
2.081040520260129867e+01 2.603065994465133398e-03
2.085042521260630366e+01 2.574987327889004512e-03
2.089044522261130510e+01 2.550825654992092736e-03
2.093046523261630654e+01 2.530381236322054757e-03
2.097048524262131153e+01 2.513479932516269819e-03
2.101050525262631297e+01 2.499970837919891688e-03
2.105052526263131440e+01 2.489724267528873637e-03
2.109054527263631584e+01 2.482630051831719031e-03
2.113056528264132083e+01 2.478596102054999011e-03
2.117058529264632227e+01 2.477547214977711496e-03
2.121060530265132371e+01 2.479424092122907430e-03
2.125062531265632870e+01 2.484182552968570382e-03
2.129064532266133014e+01 2.491792926012936522e-03
2.133066533266633158e+01 2.502239605223374741e-03
2.137068534267133657e+01 2.515520762711515295e-03
2.141070535267633801e+01 2.531648211513542850e-03
2.145072536268133945e+01 2.550647415204122456e-03
2.149074537268634089e+01 2.572557643818678113e-03
2.153076538269134588e+01 2.597432278280120948e-03
2.157078539269634732e+01 2.625339268300182823e-03
2.161080540270134875e+01 2.656361751631434922e-03
2.165082541270635375e+01 2.690598845668155069e-03
2.169084542271135518e+01 2.728166625825477996e-03
2.173086543271635662e+01 2.769199308972040193e-03
2.177088544272136161e+01 2.813850664573868277e-03
2.181090545272636305e+01 2.862295681272118957e-03
2.185092546273136449e+01 2.914732522538777178e-03
2.189094547273636593e+01 2.971384812045420581e-03
2.193096548274137092e+01 3.032504297702808254e-03
2.197098549274637236e+01 3.098373953307920637e-03
2.201100550275137380e+01 3.169311588776727202e-03
2.205102551275637879e+01 3.245674054555380220e-03
2.209104552276138023e+01 3.327862143636729688e-03
2.213106553276638166e+01 3.416326316484342117e-03
2.217108554277138666e+01 3.511573401134050060e-03
2.221110555277638809e+01 3.614174454156805858e-03
2.225112556278138953e+01 3.724774009775047232e-03
2.229114557278639097e+01 3.844100996503961847e-03
2.233116558279139596e+01 3.972981666217411528e-03
2.237118559279639740e+01 4.112354963435047375e-03
2.241120560280139884e+01 4.263290868085725140e-03
2.245122561280640383e+01 4.427012379944442362e-03
2.249124562281140527e+01 4.604921986659981682e-03
2.253126563281640671e+01 4.798633682348753954e-03
2.257128564282141170e+01 5.010011897233904339e-03
2.261130565282641314e+01 5.241219084234013080e-03
2.265132566283141458e+01 5.494774218227633893e-03
2.269134567283641601e+01 5.773625143243098917e-03
2.273136568284142101e+01 6.081238615810716751e-03
2.277138569284642244e+01 6.421713129727586213e-03
2.281140570285142388e+01 6.799921298399814844e-03
2.285142571285642887e+01 7.221690903863179842e-03
2.289144572286143031e+01 7.694036971907115136e-03
2.293146573286643175e+01 8.225461807902297029e-03
2.297148574287143674e+01 8.826346437742235360e-03
2.301150575287643818e+01 9.509466265989998529e-03
2.305152576288143962e+01 1.029067740340698991e-02
2.309154577288644106e+01 1.118984022203279617e-02
2.313156578289144605e+01 1.223207671005948141e-02
2.317158579289644749e+01 1.344950358440646226e-02
2.321160580290144893e+01 1.488365263694027205e-02
2.325162581290645392e+01 1.658889759966198155e-02
2.329164582291145535e+01 1.863737587819879610e-02
2.333166583291645679e+01 2.112616088424359301e-02
2.337168584292146178e+01 2.418786494458926781e-02
2.341170585292646322e+01 2.800652108428514087e-02
2.345172586293146466e+01 3.284161444669059238e-02
2.349174587293646610e+01 3.906457377146344001e-02
2.353176588294147109e+01 4.721358751972912909e-02
2.357178589294647253e+01 5.807240959583767625e-02
2.361180590295147397e+01 7.276930771957083877e-02
2.365182591295647896e+01 9.284736645734077698e-02
2.369184592296148040e+01 1.201000508636539121e-01
2.373186593296648184e+01 1.555417548889386214e-01
2.377188594297148683e+01 1.962982765653202566e-01
2.381190595297648827e+01 2.307679547766515182e-01
2.385192596298148970e+01 2.407966143175934992e-01
2.389194597298649114e+01 2.196090650583873150e-01
2.393196598299149613e+01 1.808529282713256525e-01
2.397198599299649757e+01 1.415049855909352450e-01
2.401200600300149901e+01 1.093531473259418130e-01
2.405202601300650400e+01 8.523114990557065229e-02
2.409204602301150544e+01 6.760125421486122554e-02
2.413206603301650688e+01 5.471362947234834767e-02
2.417208604302150832e+01 4.518640277408338124e-02
2.421210605302651331e+01 3.803632900589647148e-02
2.425212606303151475e+01 3.258562163368954739e-02
2.429214607303651619e+01 2.836876206303783066e-02
2.433216608304152118e+01 2.506336142802563852e-02
2.437218609304652261e+01 2.244316259862719903e-02
2.441220610305152405e+01 2.034696349537600327e-02
2.445222611305652904e+01 1.865814998505579275e-02
2.449224612306153048e+01 1.729112715621733062e-02
2.453226613306653192e+01 1.618222037072621772e-02
2.457228614307153336e+01 1.528349072080162699e-02
2.461230615307653835e+01 1.455847174339686481e-02
2.465232616308153979e+01 1.397918954961039663e-02
2.469234617308654123e+01 1.352405256601241744e-02
2.473236618309154622e+01 1.317633917237266521e-02
2.477238619309654766e+01 1.292310253076841241e-02
2.481240620310154910e+01 1.275437090382699860e-02
2.485242621310655409e+01 1.266256052269093026e-02
2.489244622311155553e+01 1.264204389177761741e-02
2.493246623311655696e+01 1.268883388326712616e-02
2.497248624312155840e+01 1.280035597987648661e-02
2.501250625312656339e+01 1.297528943334146957e-02
2.505252626313156483e+01 1.321346413440438634e-02
2.509254627313656627e+01 1.351580444747995345e-02
2.513256628314157126e+01 1.388431470271120523e-02
2.517258629314657270e+01 1.432210385290233826e-02
2.521260630315157414e+01 1.483344928938630861e-02
2.525262631315657913e+01 1.542390221379697293e-02
2.529264632316158057e+01 1.610043950874392310e-02
2.533266633316658201e+01 1.687166997891209955e-02
2.537268634317158345e+01 1.774810642907963254e-02
2.541270635317658844e+01 1.874251967474760416e-02
2.545272636318158987e+01 1.987039674990878982e-02
2.549274637318659131e+01 2.115053400691509211e-02
2.553276638319159630e+01 2.260580755430593308e-02
2.557278639319659774e+01 2.426418013380892552e-02
2.561280640320159918e+01 2.616002750549482544e-02
2.565282641320660417e+01 2.833590240245850711e-02
2.569284642321160561e+01 3.084490592562008290e-02
2.573286643321660705e+01 3.375391399809704596e-02
2.577288644322160849e+01 3.714802462293328306e-02
2.581290645322661348e+01 4.113677293117130873e-02
2.585292646323161492e+01 4.586294038320042760e-02
2.589294647323661636e+01 5.151521240672585211e-02
2.593296648324162135e+01 5.834657448588417838e-02
2.597298649324662279e+01 6.670119796158081871e-02
2.601300650325162422e+01 7.705341445137003920e-02
2.605302651325662922e+01 9.006193573354533133e-02
2.609304652326163065e+01 1.066359041788950829e-01
2.613306653326663209e+01 1.279815059967623903e-01
2.617308654327163353e+01 1.555146934895575150e-01
2.621310655327663852e+01 1.903852562362249312e-01
2.625312656328163996e+01 2.325686972121088769e-01
2.629314657328664140e+01 2.812029772225284052e-01
2.633316658329164639e+01 3.387223581153285812e-01
2.637318659329664783e+01 4.139414026096542298e-01
2.641320660330164927e+01 5.169797353292919784e-01
2.645322661330665426e+01 6.488966350773057723e-01
2.649324662331165570e+01 7.862059614018958031e-01
2.653326663331665713e+01 8.704793580350456139e-01
2.657328664332165857e+01 8.460800487665216529e-01
2.661330665332666356e+01 7.272062855458502062e-01
2.665332666333166500e+01 5.783062217159401497e-01
2.669334667333666644e+01 4.457121285750603179e-01
2.673336668334167143e+01 3.427759139346847062e-01
2.677338669334667287e+01 2.667171658641705467e-01
2.681340670335167431e+01 2.110506710183185919e-01
2.685342671335667930e+01 1.699841165156731893e-01
2.689344672336168074e+01 1.392321770714494977e-01
2.693346673336668218e+01 1.158063778612658662e-01
2.697348674337168362e+01 9.765290794706917021e-02
2.701350675337668861e+01 8.335503313028870542e-02
2.705352676338169005e+01 7.192402894992744322e-02
2.709354677338669148e+01 6.265953100673829490e-02
2.713356678339169648e+01 5.505750025924575908e-02
2.717358679339669791e+01 4.874942564427880293e-02
2.721360680340169935e+01 4.346177367317849427e-02
2.725362681340670434e+01 3.898859023656635336e-02
2.729364682341170578e+01 3.517272274451453684e-02
2.733366683341670722e+01 3.189276140155695299e-02
2.737368684342170866e+01 2.905382660404273731e-02
2.741370685342671365e+01 2.658097927079353801e-02
2.745372686343171509e+01 2.441444492865153110e-02
2.749374687343671653e+01 2.250610904514912733e-02
2.753376688344172152e+01 2.081691499696385061e-02
2.757378689344672296e+01 1.931491093132230510e-02
2.761380690345172439e+01 1.797376864595872162e-02
2.765382691345672583e+01 1.677164971699525095e-02
2.769384692346173082e+01 1.569032986972710916e-02
2.773386693346673226e+01 1.471451744565257028e-02
2.777388694347173370e+01 1.383131931556990692e-02
2.781390695347673869e+01 1.302982006991390551e-02
2.785392696348174013e+01 1.230074936226057715e-02
2.789394697348674157e+01 1.163621897512827179e-02
2.793396698349174656e+01 1.102951629052173303e-02
2.797398699349674800e+01 1.047494496357658823e-02
2.801400700350174944e+01 9.967707202528137619e-03
2.805402701350675088e+01 9.503825620116375383e-03
2.809404702351175587e+01 9.080106656682400412e-03
2.813406703351675731e+01 8.694152673472321444e-03
2.817408704352175874e+01 8.344436477986704251e-03
2.821410705352676374e+01 8.030459786658205798e-03
2.825412706353176517e+01 7.753020926360338488e-03
2.829414707353676661e+01 7.514594806723982195e-03
2.833416708354177160e+01 7.319700081207935506e-03
2.837418709354677304e+01 7.174645331013501659e-03
2.841420710355177448e+01 7.084614715723898046e-03
2.845422711355677592e+01 7.043346372436078313e-03
2.849424712356178091e+01 7.012408756271179718e-03
2.853426713356678235e+01 6.914512251367935410e-03
2.857428714357178379e+01 6.694402446765931880e-03
2.861430715357678878e+01 6.388803961850463183e-03
2.865432716358179022e+01 6.077654939979453691e-03
2.869434717358679165e+01 5.808960446369695711e-03
2.873436718359179665e+01 5.594047041302788875e-03
2.877438719359679808e+01 5.429086770595150692e-03
2.881440720360179952e+01 5.308015613652480522e-03
2.885442721360680096e+01 5.226776869971738564e-03
2.889444722361180595e+01 5.184155570914685505e-03
2.893446723361680739e+01 5.181814237907338659e-03
2.897448724362180883e+01 5.224409493743076977e-03
2.901450725362681382e+01 5.320069373912102856e-03
2.905452726363181526e+01 5.481385670143265609e-03
2.909454727363681670e+01 5.727118338737489239e-03
2.913456728364182169e+01 6.084917503081124952e-03
2.917458729364682313e+01 6.595480371260483213e-03
2.921460730365182457e+01 7.318492361645372729e-03
2.925462731365682600e+01 8.339766319144539114e-03
2.929464732366183100e+01 9.774876590073994925e-03
2.933466733366683243e+01 1.175074645296948946e-02
2.937468734367183387e+01 1.431177183653670887e-02
2.941470735367683886e+01 1.716216284705144104e-02
2.945472736368184030e+01 1.933857310021588893e-02
2.949474737368684174e+01 1.956701532707849286e-02
2.953476738369184673e+01 1.764197411342321303e-02
2.957478739369684817e+01 1.470391777244569632e-02
2.961480740370184961e+01 1.187988398318583390e-02
2.965482741370685105e+01 9.611487100701568767e-03
2.969484742371185604e+01 7.907916975258669906e-03
2.973486743371685748e+01 6.648916359337984222e-03
2.977488744372185892e+01 5.712116773617512654e-03
2.981490745372686391e+01 5.003571035223803101e-03
2.985492746373186534e+01 4.457006374681779862e-03
2.989494747373686678e+01 4.026797396694112817e-03
2.993496748374187177e+01 3.681544236564227978e-03
2.997498749374687321e+01 3.399419703839755020e-03
3.001500750375187465e+01 3.165030804806668024e-03
3.005502751375687609e+01 2.967347204253486040e-03
3.009504752376188108e+01 2.798335750363712456e-03
3.013506753376688252e+01 2.652053272287204638e-03
3.017508754377188396e+01 2.524036469368145814e-03
3.021510755377688895e+01 2.410885815377678768e-03
3.025512756378189039e+01 2.309977614808346111e-03
3.029514757378689183e+01 2.219261834709696478e-03
3.033516758379189682e+01 2.137118152283312179e-03
3.037518759379689826e+01 2.062252068014482163e-03
3.041520760380189969e+01 1.993618971094829502e-03
3.045522761380690113e+01 1.930367963728775926e-03
3.049524762381190612e+01 1.871799828691043683e-03
3.053526763381690756e+01 1.817335241744372351e-03
3.057528764382190900e+01 1.766490489213347467e-03
3.061530765382691399e+01 1.718858742609010717e-03
3.065532766383191543e+01 1.674095489540994774e-03
3.069534767383691687e+01 1.631907102992354161e-03
3.073536768384192186e+01 1.592041801772800481e-03
3.077538769384692330e+01 1.554282448451969716e-03
3.081540770385192474e+01 1.518440770739415673e-03
3.085542771385692618e+01 1.484352694057065490e-03
3.089544772386193117e+01 1.451874547894531960e-03
3.093546773386693260e+01 1.420879964052773484e-03
3.097548774387193404e+01 1.391257326398786165e-03
3.101550775387693903e+01 1.362907663047807421e-03
3.105552776388194047e+01 1.335742895654754145e-03
3.109554777388694191e+01 1.309684378675344532e-03
3.113556778389194335e+01 1.284661675459725138e-03
3.117558779389694834e+01 1.260611528899824568e-03
3.121560780390194978e+01 1.237476992828152097e-03
3.125562781390695122e+01 1.215206697026389440e-03
3.129564782391195621e+01 1.193754223971191849e-03
3.133566783391695765e+01 1.173077579641854931e-03
3.137568784392195909e+01 1.153138744083329623e-03
3.141570785392696408e+01 1.133903290145015993e-03
3.145572786393196552e+01 1.115340061045035167e-03
3.149574787393696695e+01 1.097420899254497898e-03
3.153576788394196839e+01 1.080120420746437425e-03
3.157578789394697338e+01 1.063415829982304519e-03
3.161580790395197482e+01 1.047286772176115070e-03
3.165582791395697626e+01 1.031715220434728736e-03
3.169584792396198125e+01 1.016685396370266281e-03
3.173586793396698269e+01 1.002183723762949119e-03
3.177588794397198413e+01 9.881988158671587991e-04
3.181590795397698912e+01 9.747214980522176395e-04
3.185592796398199056e+01 9.617448687130117357e-04
3.189594797398699200e+01 9.492644028487996852e-04
3.193596798399199344e+01 9.372781044865777494e-04
3.197598799399699843e+01 9.257867163431202952e-04
3.201600800400200342e+01 9.147939979451276925e-04
3.205602801400700486e+01 9.043070870887602759e-04
3.209604802401200629e+01 8.943369643353005476e-04
3.213606803401700773e+01 8.848990466532043837e-04
3.217608804402200917e+01 8.760139449584618786e-04
3.221610805402701061e+01 8.677084320782040743e-04
3.225612806403201205e+01 8.600166838757611560e-04
3.229614807403702059e+01 8.529818788467827262e-04
3.233616808404202203e+01 8.466582732678957493e-04
3.237618809404702347e+01 8.411139142127580090e-04
3.241620810405202491e+01 8.364342179099400329e-04
3.245622811405702635e+01 8.327267359290313605e-04
3.249624812406202778e+01 8.301275719737148673e-04
3.253626813406702922e+01 8.288101218988793654e-04
3.257628814407203777e+01 8.289971275490962219e-04
3.261630815407703921e+01 8.309775231324573793e-04
3.265632816408204064e+01 8.351303114108359288e-04
3.269634817408704208e+01 8.419588986414161275e-04
3.273636818409204352e+01 8.521412035837074538e-04
3.277638819409704496e+01 8.666038466234431961e-04
3.281640820410205350e+01 8.866334160333030293e-04
3.285642821410705494e+01 9.140448965463600795e-04
3.289644822411205638e+01 9.514369830555821986e-04
3.293646823411705782e+01 1.002573033419522667e-03
3.297648824412205926e+01 1.072918221638948909e-03
3.301650825412706070e+01 1.170273704978538323e-03
3.305652826413206213e+01 1.305061816828997825e-03
3.309654827413707068e+01 1.488530935998094631e-03
3.313656828414207212e+01 1.723973395620251358e-03
3.317658829414707355e+01 1.983227096963983884e-03
3.321660830415207499e+01 2.178658639472302785e-03
3.325662831415707643e+01 2.199671602171989187e-03
3.329664832416207787e+01 2.035228932912917527e-03
3.333666833416707931e+01 1.789217384918051924e-03
3.337668834417208785e+01 1.559014227722979856e-03
3.341670835417708929e+01 1.381621054528399352e-03
3.345672836418209073e+01 1.257666785550081963e-03
3.349674837418709217e+01 1.177494641535624604e-03
3.353676838419209361e+01 1.131901695245842061e-03
3.357678839419709504e+01 1.114767501860606689e-03
3.361680840420210359e+01 1.123175630831495242e-03
3.365682841420710503e+01 1.157159248883433012e-03
3.369684842421210647e+01 1.219703236804363811e-03
3.373686843421710790e+01 1.317183653133512534e-03
3.377688844422210934e+01 1.460303482379042995e-03
3.381690845422711078e+01 1.665413012661739415e-03
3.385692846423211222e+01 1.955389539258044120e-03
3.389694847423712076e+01 2.356760789922499651e-03
3.393696848424212220e+01 2.883128183376129378e-03
3.397698849424712364e+01 3.486387808526295908e-03
3.401700850425212508e+01 3.984254802360030420e-03
3.405702851425712652e+01 4.103051890164023142e-03
3.409704852426212796e+01 3.754693014364741954e-03
3.413706853426712939e+01 3.154549553243158732e-03
3.417708854427213794e+01 2.554528325492306205e-03
3.421710855427713938e+01 2.065769046822226937e-03
3.425712856428214081e+01 1.697929200937597222e-03
3.429714857428714225e+01 1.427145677537490411e-03
3.433716858429214369e+01 1.227115253122125667e-03
3.437718859429714513e+01 1.077220983719829814e-03
3.441720860430214657e+01 9.628226229357681864e-04
3.445722861430715511e+01 8.738269433889787711e-04
3.449724862431215655e+01 8.032935059707839963e-04
3.453726863431715799e+01 7.464067979267897685e-04
3.457728864432215943e+01 6.997788874399141646e-04
3.461730865432716087e+01 6.609884579126164023e-04
3.465732866433216230e+01 6.282770736624277222e-04
3.469734867433717085e+01 6.003476327557029672e-04
3.473736868434217229e+01 5.762290417681519136e-04
3.477738869434717373e+01 5.551840860050767743e-04
3.481740870435217516e+01 5.366457875852391956e-04
3.485742871435717660e+01 5.201727991100271254e-04
3.489744872436217804e+01 5.054176946873755252e-04
3.493746873436717948e+01 4.921041224111343329e-04
3.497748874437218802e+01 4.800101292778299845e-04
3.501750875437718946e+01 4.689558426737694256e-04
3.505752876438219090e+01 4.587942658321591269e-04
3.509754877438719234e+01 4.494043259361767931e-04
3.513756878439219378e+01 4.406855704009610694e-04
3.517758879439719522e+01 4.325540820849989873e-04
3.521760880440219665e+01 4.249393051609578554e-04
3.525762881440720520e+01 4.177815578815699234e-04
3.529764882441220664e+01 4.110300681625808856e-04
3.533766883441720807e+01 4.046414105095896092e-04
3.537768884442220951e+01 3.985782535353250768e-04
3.541770885442721095e+01 3.928083496771447402e-04
3.545772886443221239e+01 3.873037151536152297e-04
3.549774887443722093e+01 3.820399603735996890e-04
3.553776888444222237e+01 3.769957401078165358e-04
3.557778889444722381e+01 3.721522995830571978e-04
3.561780890445222525e+01 3.674930978566392820e-04
3.565782891445722669e+01 3.630034938000853287e-04
3.569784892446222813e+01 3.586704830764214820e-04
3.573786893446722956e+01 3.544824768613756213e-04
3.577788894447223811e+01 3.504291149021061965e-04
3.581790895447723955e+01 3.465011069518444974e-04
3.585792896448224099e+01 3.426900977575635327e-04
3.589794897448724242e+01 3.389885516802373282e-04
3.593796898449224386e+01 3.353896537460921562e-04
3.597798899449724530e+01 3.318872245027580203e-04
3.601800900450224674e+01 3.284756465171301981e-04
3.605802901450725528e+01 3.251498007258101473e-04
3.609804902451225672e+01 3.219050111525951119e-04
3.613806903451725816e+01 3.187369967549122428e-04
3.617808904452225960e+01 3.156418293636111764e-04
3.621810905452726104e+01 3.126158968468786370e-04
3.625812906453226248e+01 3.096558707662414901e-04
3.629814907453727102e+01 3.067586779061734362e-04
3.633816908454227246e+01 3.039214751531365286e-04
3.637818909454727390e+01 3.011416272784690176e-04
3.641820910455227533e+01 2.984166872452666871e-04
3.645822911455727677e+01 2.957443787144943548e-04
3.649824912456227821e+01 2.931225804719445353e-04
3.653826913456727965e+01 2.905493125367774633e-04
3.657828914457228819e+01 2.880227237454731403e-04
3.661830915457728963e+01 2.855410806331239800e-04
3.665832916458229107e+01 2.831027574578728195e-04
3.669834917458729251e+01 2.807062272347058025e-04
3.673836918459229395e+01 2.783500536622119520e-04
3.677838919459729539e+01 2.760328838408772248e-04
3.681840920460229682e+01 2.737534416943065703e-04
3.685842921460730537e+01 2.715105220158225844e-04
3.689844922461230681e+01 2.693029850724301113e-04
3.693846923461730825e+01 2.671297517063773302e-04
3.697848924462230968e+01 2.649897988817144501e-04
3.701850925462731112e+01 2.628821556294394924e-04
3.705852926463231256e+01 2.608058993502421403e-04
3.709854927463732110e+01 2.587601524385622302e-04
3.713856928464232254e+01 2.567440791957986213e-04
3.717858929464732398e+01 2.547568830041035091e-04
3.721860930465232542e+01 2.527978037353649640e-04
3.725862931465732686e+01 2.508661153727437276e-04
3.729864932466232830e+01 2.489611238245782667e-04
3.733866933466732974e+01 2.470821649126208621e-04
3.737868934467233828e+01 2.452286025184643244e-04
3.741870935467733972e+01 2.433998268737004426e-04
3.745872936468234116e+01 2.415952529808296375e-04
3.749874937468734259e+01 2.398143191532701958e-04
3.753876938469234403e+01 2.380564856639732563e-04
3.757878939469734547e+01 2.363212334931970836e-04
3.761880940470234691e+01 2.346080631669188806e-04
3.765882941470735545e+01 2.329164936781858461e-04
3.769884942471235689e+01 2.312460614844518629e-04
3.773886943471735833e+01 2.295963195745917129e-04
3.777888944472235977e+01 2.279668365998941976e-04
3.781890945472736121e+01 2.263571960638466373e-04
3.785892946473236265e+01 2.247669955660089682e-04
3.789894947473736408e+01 2.231958460956980680e-04
3.793896948474237263e+01 2.216433713715885837e-04
3.797898949474737407e+01 2.201092072236808853e-04
3.801900950475237551e+01 2.185930010143969802e-04
3.805902951475737694e+01 2.170944110958516744e-04
3.809904952476237838e+01 2.156131063005949512e-04
3.813906953476737982e+01 2.141487654633534253e-04
3.817908954477238836e+01 2.127010769715080335e-04
3.821910955477738980e+01 2.112697383422333132e-04
3.825912956478239124e+01 2.098544558243912398e-04
3.829914957478739268e+01 2.084549440234356830e-04
3.833916958479239412e+01 2.070709255477173872e-04
3.837918959479739556e+01 2.057021306747121704e-04
3.841920960480239700e+01 2.043482970358106098e-04
3.845922961480740554e+01 2.030091693184154426e-04
3.849924962481240698e+01 2.016844989841903271e-04
3.853926963481740842e+01 2.003740440023890157e-04
3.857928964482240985e+01 1.990775685972825981e-04
3.861930965482741129e+01 1.977948430087703179e-04
3.865932966483241273e+01 1.965256432653297489e-04
3.869934967483741417e+01 1.952697509685264897e-04
3.873936968484242271e+01 1.940269530883574514e-04
3.877938969484742415e+01 1.927970417687586762e-04
3.881940970485242559e+01 1.915798141426496893e-04
3.885942971485742703e+01 1.903750721559418992e-04
3.889944972486242847e+01 1.891826223999683212e-04
3.893946973486742991e+01 1.880022759518351334e-04
3.897948974487243845e+01 1.868338482222309433e-04
3.901950975487743989e+01 1.856771588102590559e-04
3.905952976488244133e+01 1.845320313648870613e-04
3.909954977488744277e+01 1.833982934526395023e-04
3.913956978489244420e+01 1.822757764311800635e-04
3.917958979489744564e+01 1.811643153284544713e-04
3.921960980490244708e+01 1.800637487270883587e-04
3.925962981490745562e+01 1.789739186537515892e-04
3.929964982491245706e+01 1.778946704732220279e-04
3.933966983491745850e+01 1.768258527868948676e-04
3.937968984492245994e+01 1.757673173355048105e-04
3.941970985492746138e+01 1.747189189058384411e-04
3.945972986493246282e+01 1.736805152412295415e-04
3.949974987493746426e+01 1.726519669556443365e-04
3.953976988494247280e+01 1.716331374511726783e-04
3.957978989494747424e+01 1.706238928387548157e-04
3.961980990495247568e+01 1.696241018619816326e-04
3.965982991495747711e+01 1.686336358238170550e-04
3.969984992496247855e+01 1.676523685161002174e-04
3.973986993496747999e+01 1.666801761516925671e-04
3.977988994497248854e+01 1.657169372991433532e-04
3.981990995497748997e+01 1.647625328197545368e-04
3.985992996498249141e+01 1.638168458069309548e-04
3.989994997498749285e+01 1.628797615277121703e-04
3.993996998499249429e+01 1.619511673663831715e-04
3.997998999499749573e+01 1.610309527700707331e-04
4.002001000500249717e+01 1.601190091962348004e-04
4.006003001500750571e+01 1.592152300619708433e-04
4.010005002501250715e+01 1.583195106950434643e-04
4.014007003501750859e+01 1.574317482865736318e-04
4.018009004502251003e+01 1.565518418453094721e-04
4.022011005502751146e+01 1.556796921534125315e-04
4.026013006503251290e+01 1.548152017236936718e-04
4.030015007503751434e+01 1.539582747582380988e-04
4.034017008504252289e+01 1.531088171083621718e-04
4.038019009504752432e+01 1.522667362358460195e-04
4.042021010505252576e+01 1.514319411753893270e-04
4.046023011505752720e+01 1.506043424982418818e-04
4.050025012506252864e+01 1.497838522769603085e-04
4.054027013506753008e+01 1.489703840512470541e-04
4.058029014507253862e+01 1.481638527948278214e-04
4.062031015507754006e+01 1.473641748833284478e-04
4.066033016508254150e+01 1.465712680631097581e-04
4.070035017508754294e+01 1.457850514210264005e-04
4.074037018509254438e+01 1.450054453550730222e-04
4.078039019509754581e+01 1.442323715458841444e-04
4.082041020510254725e+01 1.434657529290561890e-04
4.086043021510755580e+01 1.427055136682610532e-04
4.090045022511255723e+01 1.419515791291225840e-04
4.094047023511755867e+01 1.412038758538264869e-04
4.098049024512256011e+01 1.404623315364395485e-04
4.102051025512756155e+01 1.397268749989111192e-04
4.106053026513256299e+01 1.389974361677326527e-04
4.110055027513756443e+01 1.382739460512328862e-04
4.114057028514257297e+01 1.375563367174860831e-04
4.118059029514757441e+01 1.368445412728121950e-04
4.122061030515257585e+01 1.361384938408477215e-04
4.126063031515757729e+01 1.354381295421695124e-04
4.130065032516257872e+01 1.347433844744514830e-04
4.134067033516758016e+01 1.340541956931368399e-04
4.138069034517258160e+01 1.333705011926089590e-04
4.142071035517759015e+01 1.326922398878434316e-04
4.146073036518259158e+01 1.320193515965274299e-04
4.150075037518759302e+01 1.313517770216285547e-04
4.154077038519259446e+01 1.306894577344018093e-04
4.158079039519759590e+01 1.300323361578179491e-04
4.162081040520259734e+01 1.293803555504013610e-04
4.166083041520760588e+01 1.287334599904643815e-04
4.170085042521260732e+01 1.280915943607257202e-04
4.174087043521760876e+01 1.274547043332999792e-04
4.178089044522261020e+01 1.268227363550487538e-04
4.182091045522761164e+01 1.261956376332810893e-04
4.186093046523261307e+01 1.255733561217922917e-04
4.190095047523761451e+01 1.249558405072326869e-04
4.194097048524262306e+01 1.243430401957939710e-04
4.198099049524762449e+01 1.237349053002067796e-04
4.202101050525262593e+01 1.231313866270368203e-04
4.206103051525762737e+01 1.225324356642740100e-04
4.210105052526262881e+01 1.219380045692044817e-04
4.214107053526763025e+01 1.213480461565572455e-04
4.218109054527263169e+01 1.207625138869185396e-04
4.222111055527764023e+01 1.201813618554052252e-04
4.226113056528264167e+01 1.196045447805913002e-04
4.230115057528764311e+01 1.190320179936781296e-04
4.234117058529264455e+01 1.184637374279048124e-04
4.238119059529764598e+01 1.178996596081887787e-04
4.242121060530264742e+01 1.173397416409929176e-04
4.246123061530765597e+01 1.167839412044111583e-04
4.250125062531265741e+01 1.162322165384680589e-04
4.254127063531765884e+01 1.156845264356253292e-04
4.258129064532266028e+01 1.151408302314907054e-04
4.262131065532766172e+01 1.146010877957233376e-04
4.266133066533266316e+01 1.140652595231310125e-04
4.270135067533766460e+01 1.135333063249529509e-04
4.274137068534267314e+01 1.130051896203251855e-04
4.278139069534767458e+01 1.124808713279219850e-04
4.282141070535267602e+01 1.119603138577698572e-04
4.286143071535767746e+01 1.114434801032293721e-04
4.290145072536267890e+01 1.109303334331407137e-04
4.294147073536768033e+01 1.104208376841285413e-04
4.298149074537268177e+01 1.099149571530621768e-04
4.302151075537769032e+01 1.094126565896676070e-04
4.306153076538269175e+01 1.089139011892872628e-04
4.310155077538769319e+01 1.084186565857833196e-04
4.314157078539269463e+01 1.079268888445823104e-04
4.318159079539769607e+01 1.074385644558565234e-04
4.322161080540269751e+01 1.069536503278392865e-04
4.326163081540770605e+01 1.064721137802705309e-04
4.330165082541270749e+01 1.059939225379702914e-04
4.334167083541770893e+01 1.055190447245360361e-04
4.338169084542271037e+01 1.050474488561616427e-04
4.342171085542771181e+01 1.045791038355749881e-04
4.346173086543271324e+01 1.041139789460910714e-04
4.350175087543771468e+01 1.036520438457782888e-04
4.354177088544272323e+01 1.031932685617351059e-04
4.358179089544772467e+01 1.027376234844745278e-04
4.362181090545272610e+01 1.022850793624138310e-04
4.366183091545772754e+01 1.018356072964672274e-04
4.370185092546272898e+01 1.013891787347393582e-04
4.374187093546773042e+01 1.009457654673166652e-04
4.378189094547273186e+01 1.005053396211552961e-04
4.382191095547774040e+01 1.000678736550623190e-04
4.386193096548274184e+01 9.963334035476945994e-05
4.390195097548774328e+01 9.920171282809575922e-05
4.394197098549274472e+01 9.877296450019890095e-05
4.398199099549774616e+01 9.834706910891147691e-05
4.402201100550274759e+01 9.792400070016196712e-05
4.406203101550775614e+01 9.750373362347707616e-05
4.410205102551275758e+01 9.708624252756547959e-05
4.414207103551775901e+01 9.667150235597854870e-05
4.418209104552276045e+01 9.625948834284943595e-05
4.422211105552776189e+01 9.585017600870669935e-05
4.426213106553276333e+01 9.544354115636165259e-05
4.430215107553776477e+01 9.503955986686766545e-05
4.434217108554277331e+01 9.463820849555022209e-05
4.438219109554777475e+01 9.423946366810596160e-05
4.442221110555277619e+01 9.384330227676906109e-05
4.446223111555777763e+01 9.344970147654405328e-05
4.450225112556277907e+01 9.305863868150346580e-05
4.454227113556778050e+01 9.267009156114865598e-05
4.458229114557278194e+01 9.228403803683304138e-05
4.462231115557779049e+01 9.190045627824612704e-05
4.466233116558279193e+01 9.151932469995720449e-05
4.470235117558779336e+01 9.114062195801708266e-05
4.474237118559279480e+01 9.076432694661767454e-05
4.478239119559779624e+01 9.039041879480701365e-05
4.482241120560279768e+01 9.001887686325972754e-05
4.486243121560779912e+01 8.964968074110085390e-05
4.490245122561280766e+01 8.928281024278295888e-05
4.494247123561780910e+01 8.891824540501441613e-05
4.498249124562281054e+01 8.855596648373852142e-05
4.502251125562781198e+01 8.819595395116264312e-05
4.506253126563281342e+01 8.783818849283547066e-05
4.510255127563781485e+01 8.748265100477244224e-05
4.514257128564282340e+01 8.712932259062787445e-05
4.518259129564782484e+01 8.677818455891302151e-05
4.522261130565282627e+01 8.642921842025881715e-05
4.526263131565782771e+01 8.608240588472325849e-05
4.530265132566282915e+01 8.573772885914173793e-05
4.534267133566783059e+01 8.539516944451997057e-05
4.538269134567283203e+01 8.505470993346851444e-05
4.542271135567784057e+01 8.471633280767807013e-05
4.546273136568284201e+01 8.438002073543520777e-05
4.550275137568784345e+01 8.404575656917681343e-05
4.554277138569284489e+01 8.371352334308374314e-05
4.558279139569784633e+01 8.338330427071177331e-05
4.562281140570284776e+01 8.305508274266029504e-05
4.566283141570784920e+01 8.272884232427688196e-05
4.570285142571285775e+01 8.240456675339790770e-05
4.574287143571785919e+01 8.208223993812458982e-05
4.578289144572286062e+01 8.176184595463277939e-05
4.582291145572786206e+01 8.144336904501713341e-05
4.586293146573286350e+01 8.112679361516842314e-05
4.590295147573786494e+01 8.081210423268327364e-05
4.594297148574287348e+01 8.049928562480609051e-05
4.598299149574787492e+01 8.018832267640238791e-05
4.602301150575287636e+01 7.987920042796284011e-05
4.606303151575787780e+01 7.957190407363779914e-05
4.610305152576287924e+01 7.926641895930147891e-05
4.614307153576788068e+01 7.896273058064552121e-05
4.618309154577288211e+01 7.866082458130103558e-05
4.622311155577789066e+01 7.836068675098895042e-05
4.626313156578289210e+01 7.806230302369828226e-05
4.630315157578789353e+01 7.776565947589113065e-05
4.634317158579289497e+01 7.747074232473476457e-05
4.638319159579789641e+01 7.717753792635997359e-05
4.642321160580289785e+01 7.688603277414493846e-05
4.646323161580789929e+01 7.659621349702468889e-05
4.650325162581290783e+01 7.630806685782537597e-05
4.654327163581790927e+01 7.602157975162323732e-05
4.658329164582291071e+01 7.573673920412702168e-05
4.662331165582791215e+01 7.545353237008475377e-05
4.666333166583291359e+01 7.517194653171317264e-05
4.670335167583791502e+01 7.489196909715058865e-05
4.674337168584292357e+01 7.461358759893122134e-05
4.678339169584792501e+01 7.433678969248284755e-05
4.682341170585292645e+01 7.406156315464498168e-05
4.686343171585792788e+01 7.378789588220909228e-05
4.690345172586292932e+01 7.351577589047935085e-05
4.694347173586793076e+01 7.324519131185440045e-05
4.698349174587293220e+01 7.297613039442887048e-05
4.702351175587794074e+01 7.270858150061520662e-05
4.706353176588294218e+01 7.244253310578496221e-05
4.710355177588794362e+01 7.217797379692917161e-05
4.714357178589294506e+01 7.191489227133785974e-05
4.718359179589794650e+01 7.165327733529811851e-05
4.722361180590294794e+01 7.139311790281049278e-05
4.726363181590794937e+01 7.113440299432330989e-05
4.730365182591295792e+01 7.087712173548465448e-05
4.734367183591795936e+01 7.062126335591227338e-05
4.738369184592296079e+01 7.036681718797975710e-05
4.742371185592796223e+01 7.011377266562014981e-05
4.746373186593296367e+01 6.986211932314624249e-05
4.750375187593796511e+01 6.961184679408674971e-05
4.754377188594297365e+01 6.936294481003881711e-05
4.758379189594797509e+01 6.911540319953622278e-05
4.762381190595297653e+01 6.886921188693323178e-05
4.766383191595797797e+01 6.862436089130346682e-05
4.770385192596297941e+01 6.838084032535417473e-05
4.774387193596798085e+01 6.813864039435488555e-05
4.778389194597298228e+01 6.789775139508114218e-05
4.782391195597799083e+01 6.765816371477205351e-05
4.786393196598299227e+01 6.741986783010234881e-05
4.790395197598799371e+01 6.718285430616801170e-05
4.794397198599299514e+01 6.694711379548565645e-05
4.798399199599799658e+01 6.671263703700570067e-05
4.802401200600299802e+01 6.647941485513811485e-05
4.806403201600799946e+01 6.624743815879187338e-05
4.810405202601300800e+01 6.601669794042663007e-05
4.814407203601800944e+01 6.578718527511764793e-05
4.818409204602301088e+01 6.555889131963254688e-05
4.822411205602801232e+01 6.533180731152064163e-05
4.826413206603301376e+01 6.510592456821431427e-05
4.830415207603801520e+01 6.488123448614219115e-05
4.834417208604301663e+01 6.465772853985379863e-05
4.838419209604802518e+01 6.443539828115622651e-05
4.842421210605302662e+01 6.421423533826159272e-05
4.846423211605802805e+01 6.399423141494587860e-05
4.850425212606302949e+01 6.377537828971875536e-05
4.854427213606803093e+01 6.355766781500429309e-05
4.858429214607303237e+01 6.334109191633206467e-05
4.862431215607804091e+01 6.312564259153903741e-05
4.866433216608304235e+01 6.291131190998162915e-05
4.870435217608804379e+01 6.269809201175791514e-05
4.874437218609304523e+01 6.248597510693989100e-05
4.878439219609804667e+01 6.227495347481573726e-05
4.882441220610304811e+01 6.206501946314170644e-05
4.886443221610804954e+01 6.185616548740336112e-05
4.890445222611305809e+01 6.164838403008661069e-05
4.894447223611805953e+01 6.144166763995801794e-05
4.898449224612306097e+01 6.123600893135387410e-05
4.902451225612806240e+01 6.103140058347874717e-05
4.906453226613306384e+01 6.082783533971265641e-05
4.910455227613806528e+01 6.062530600692708305e-05
4.914457228614306672e+01 6.042380545480965465e-05
4.918459229614807526e+01 6.022332661519717780e-05
4.922461230615307670e+01 6.002386248141737156e-05
4.926463231615807814e+01 5.982540610763833257e-05
4.930465232616307958e+01 5.962795060822668065e-05
4.934467233616808102e+01 5.943148915711336143e-05
4.938469234617308246e+01 5.923601498716754679e-05
4.942471235617809100e+01 5.904152138957811100e-05
4.946473236618309244e+01 5.884800171324321139e-05
4.950475237618809388e+01 5.865544936416673330e-05
4.954477238619309531e+01 5.846385780486286661e-05
4.958479239619809675e+01 5.827322055376771596e-05
4.962481240620309819e+01 5.808353118465808032e-05
4.966483241620809963e+01 5.789478332607759831e-05
4.970485242621310817e+01 5.770697066076977826e-05
4.974487243621810961e+01 5.752008692511802808e-05
4.978489244622311105e+01 5.733412590859244114e-05
4.982491245622811249e+01 5.714908145320341253e-05
4.986493246623311393e+01 5.696494745296184196e-05
4.990495247623811537e+01 5.678171785334597732e-05
4.994497248624311680e+01 5.659938665077460761e-05
4.998499249624812535e+01 5.641794789208668656e-05
5.002501250625312679e+01 5.623739567402726496e-05
5.006503251625812823e+01 5.605772414273951483e-05
5.010505252626312966e+01 5.587892749326289966e-05
5.014507253626813110e+01 5.570099996903752460e-05
5.018509254627313254e+01 5.552393586141411778e-05
5.022511255627814108e+01 5.534772950917011018e-05
5.026513256628314252e+01 5.517237529803149570e-05
5.030515257628814396e+01 5.499786766020015971e-05
5.034517258629314540e+01 5.482420107388695377e-05
5.038519259629814684e+01 5.465137006285051673e-05
5.042521260630314828e+01 5.447936919594111022e-05
5.046523261630814972e+01 5.430819308665036976e-05
5.050525262631315826e+01 5.413783639266572486e-05
5.054527263631815970e+01 5.396829381543081594e-05
5.058529264632316114e+01 5.379956009971041084e-05
5.062531265632816257e+01 5.363163003316084388e-05
5.066533266633316401e+01 5.346449844590522545e-05
5.070535267633816545e+01 5.329816021011385581e-05
5.074537268634316689e+01 5.313261023958933474e-05
5.078539269634817543e+01 5.296784348935650277e-05
5.082541270635317687e+01 5.280385495525745777e-05
5.086543271635817831e+01 5.264063967355065088e-05
5.090545272636317975e+01 5.247819272051532211e-05
5.094547273636818119e+01 5.231650921206004913e-05
5.098549274637318263e+01 5.215558430333587688e-05
5.102551275637819117e+01 5.199541318835412948e-05
5.106553276638319261e+01 5.183599109960830152e-05
5.110555277638819405e+01 5.167731330770053687e-05
5.114557278639319549e+01 5.151937512097215966e-05
5.118559279639819692e+01 5.136217188513869116e-05
5.122561280640319836e+01 5.120569898292875630e-05
5.126563281640819980e+01 5.104995183372736757e-05
5.130565282641320835e+01 5.089492589322296975e-05
5.134567283641820978e+01 5.074061665305889607e-05
5.138569284642321122e+01 5.058701964048819210e-05
5.142571285642821266e+01 5.043413041803293230e-05
5.146573286643321410e+01 5.028194458314705351e-05
5.150575287643821554e+01 5.013045776788297629e-05
5.154577288644321698e+01 4.997966563856220403e-05
5.158579289644822552e+01 4.982956389544930330e-05
5.162581290645322696e+01 4.968014827242990940e-05
5.166583291645822840e+01 4.953141453669192344e-05
5.170585292646322984e+01 4.938335848841057877e-05
5.174587293646823127e+01 4.923597596043688868e-05
5.178589294647323271e+01 4.908926281798964487e-05
5.182591295647823415e+01 4.894321495835066859e-05
5.186593296648324269e+01 4.879782831056363960e-05
5.190595297648824413e+01 4.865309883513620480e-05
5.194597298649324557e+01 4.850902252374518373e-05
5.198599299649824701e+01 4.836559539894533146e-05
5.202601300650324845e+01 4.822281351388111708e-05
5.206603301650824989e+01 4.808067295200170720e-05
5.210605302651325843e+01 4.793916982677908021e-05
5.214607303651825987e+01 4.779830028142926433e-05
5.218609304652326131e+01 4.765806048863660468e-05
5.222611305652826275e+01 4.751844665028092377e-05
5.226613306653326418e+01 4.737945499716792792e-05
5.230615307653826562e+01 4.724108178876218852e-05
5.234617308654326706e+01 4.710332331292345733e-05
5.238619309654827561e+01 4.696617588564529921e-05
5.242621310655327704e+01 4.682963585079722818e-05
5.246623311655827848e+01 4.669369957986883570e-05
5.250625312656327992e+01 4.655836347171742908e-05
5.254627313656828136e+01 4.642362395231791958e-05
5.258629314657328280e+01 4.628947747451554978e-05
5.262631315657828424e+01 4.615592051778129757e-05
5.266633316658329278e+01 4.602294958796976701e-05
5.270635317658829422e+01 4.589056121708000660e-05
5.274637318659329566e+01 4.575875196301836033e-05
5.278639319659829710e+01 4.562751840936431392e-05
5.282641320660329853e+01 4.549685716513857044e-05
5.286643321660829997e+01 4.536676486457376183e-05
5.290645322661330852e+01 4.523723816688743056e-05
5.294647323661830995e+01 4.510827375605748458e-05
5.298649324662331139e+01 4.497986834060010525e-05
5.302651325662831283e+01 4.485201865334986440e-05
5.306653326663331427e+01 4.472472145124221980e-05
5.310655327663831571e+01 4.459797351509836881e-05
5.314657328664331715e+01 4.447177164941221617e-05
5.318659329664832569e+01 4.434611268213971356e-05
5.322661330665332713e+01 4.422099346449034717e-05
5.326663331665832857e+01 4.409641087072080048e-05
5.330665332666333001e+01 4.397236179793069733e-05
5.334667333666833144e+01 4.384884316586064898e-05
5.338669334667333288e+01 4.372585191669233395e-05
5.342671335667833432e+01 4.360338501485051598e-05
5.346673336668334287e+01 4.348143944680729129e-05
5.350675337668834430e+01 4.336001222088837554e-05
5.354677338669334574e+01 4.323910036708110519e-05
5.358679339669834718e+01 4.311870093684485797e-05
5.362681340670334862e+01 4.299881100292308610e-05
5.366683341670835006e+01 4.287942765915738917e-05
5.370685342671335860e+01 4.276054802030353858e-05
5.374687343671836004e+01 4.264216922184944003e-05
5.378689344672336148e+01 4.252428841983471543e-05
5.382691345672836292e+01 4.240690279067235849e-05
5.386693346673336436e+01 4.229000953097220624e-05
5.390695347673836579e+01 4.217360585736608435e-05
5.394697348674336723e+01 4.205768900633476164e-05
5.398699349674837578e+01 4.194225623403678851e-05
5.402701350675337721e+01 4.182730481613896830e-05
5.406703351675837865e+01 4.171283204764844832e-05
5.410705352676338009e+01 4.159883524274672167e-05
5.414707353676838153e+01 4.148531173462516059e-05
5.418709354677338297e+01 4.137225887532230479e-05
5.422711355677838441e+01 4.125967403556263382e-05
5.426713356678339295e+01 4.114755460459709448e-05
5.430715357678839439e+01 4.103589799004529520e-05
5.434717358679339583e+01 4.092470161773900146e-05
5.438719359679839727e+01 4.081396293156750143e-05
5.442721360680339870e+01 4.070367939332432693e-05
5.446723361680840014e+01 4.059384848255560060e-05
5.450725362681340869e+01 4.048446769640984006e-05
5.454727363681841013e+01 4.037553454948927313e-05
5.458729364682341156e+01 4.026704657370261669e-05
5.462731365682841300e+01 4.015900131811938028e-05
5.466733366683341444e+01 4.005139634882544359e-05
5.470735367683841588e+01 3.994422924878034831e-05
5.474737368684341732e+01 3.983749761767563360e-05
5.478739369684842586e+01 3.973119907179489271e-05
5.482741370685342730e+01 3.962533124387507635e-05
5.486743371685842874e+01 3.951989178296904981e-05
5.490745372686343018e+01 3.941487835430970850e-05
5.494747373686843162e+01 3.931028863917526586e-05
5.498749374687343305e+01 3.920612033475595067e-05
5.502751375687843449e+01 3.910237115402188349e-05
5.506753376688344304e+01 3.899903882559243706e-05
5.510755377688844447e+01 3.889612109360675546e-05
5.514757378689344591e+01 3.879361571759540491e-05
5.518759379689844735e+01 3.869152047235350177e-05
5.522761380690344879e+01 3.858983314781496543e-05
5.526763381690845023e+01 3.848855154892799092e-05
5.530765382691345167e+01 3.838767349553165990e-05
5.534767383691846021e+01 3.828719682223389340e-05
5.538769384692346165e+01 3.818711937829048195e-05
5.542771385692846309e+01 3.808743902748519316e-05
5.546773386693346453e+01 3.798815364801128876e-05
5.550775387693846596e+01 3.788926113235388185e-05
5.554777388694346740e+01 3.779075938717364270e-05
5.558779389694847595e+01 3.769264633319148705e-05
5.562781390695347739e+01 3.759491990507445708e-05
5.566783391695847882e+01 3.749757805132257813e-05
5.570785392696348026e+01 3.740061873415696900e-05
5.574787393696848170e+01 3.730403992940873838e-05
5.578789394697348314e+01 3.720783962640934490e-05
5.582791395697848458e+01 3.711201582788150601e-05
5.586793396698349312e+01 3.701656654983157067e-05
5.590795397698849456e+01 3.692148982144265759e-05
5.594797398699349600e+01 3.682678368496886427e-05
5.598799399699849744e+01 3.673244619563054657e-05
5.602801400700349888e+01 3.663847542151045896e-05
5.606803401700850031e+01 3.654486944345097891e-05
5.610805402701350175e+01 3.645162635495220542e-05
5.614807403701851030e+01 3.635874426207108762e-05
5.618809404702351173e+01 3.626622128332154257e-05
5.622811405702851317e+01 3.617405554957525080e-05
5.626813406703351461e+01 3.608224520396375966e-05
5.630815407703851605e+01 3.599078840178116933e-05
5.634817408704351749e+01 3.589968331038790315e-05
5.638819409704852603e+01 3.580892810911530459e-05
5.642821410705352747e+01 3.571852098917120325e-05
5.646823411705852891e+01 3.562846015354621945e-05
5.650825412706353035e+01 3.553874381692101751e-05
5.654827413706853179e+01 3.544937020557440609e-05
5.658829414707353322e+01 3.536033755729240747e-05
5.662831415707853466e+01 3.527164412127785543e-05
5.666833416708354321e+01 3.518328815806111802e-05
5.670835417708854465e+01 3.509526793941159271e-05
5.674837418709354608e+01 3.500758174824984540e-05
5.678839419709854752e+01 3.492022787856075906e-05
5.682841420710354896e+01 3.483320463530726506e-05
5.686843421710855040e+01 3.474651033434521306e-05
5.690845422711355184e+01 3.466014330233853211e-05
5.694847423711856038e+01 3.457410187667558449e-05
5.698849424712356182e+01 3.448838440538612259e-05
5.702851425712856326e+01 3.440298924705890310e-05
5.706853426713356470e+01 3.431791477076022277e-05
5.710855427713856614e+01 3.423315935595302339e-05
5.714857428714356757e+01 3.414872139241701993e-05
5.718859429714857612e+01 3.406459928016907949e-05
5.722861430715357756e+01 3.398079142938481990e-05
5.726863431715857899e+01 3.389729626032054717e-05
5.730865432716358043e+01 3.381411220323613485e-05
5.734867433716858187e+01 3.373123769831837092e-05
5.738869434717358331e+01 3.364867119560521270e-05
5.742871435717858475e+01 3.356641115491065168e-05
5.746873436718359329e+01 3.348445604575013394e-05
5.750875437718859473e+01 3.340280434726682085e-05
5.754877438719359617e+01 3.332145454815837831e-05
5.758879439719859761e+01 3.324040514660445042e-05
5.762881440720359905e+01 3.315965465019489884e-05
5.766883441720860048e+01 3.307920157585843518e-05
5.770885442721360192e+01 3.299904444979214109e-05
5.774887443721861047e+01 3.291918180739148299e-05
5.778889444722361191e+01 3.283961219318095025e-05
5.782891445722861334e+01 3.276033416074529647e-05
5.786893446723361478e+01 3.268134627266143120e-05
5.790895447723861622e+01 3.260264710043094872e-05
5.794897448724361766e+01 3.252423522441317855e-05
5.798899449724862620e+01 3.244610923375872385e-05
5.802901450725362764e+01 3.236826772634393497e-05
5.806903451725862908e+01 3.229070930870555912e-05
5.810905452726363052e+01 3.221343259597614231e-05
5.814907453726863196e+01 3.213643621182008848e-05
5.818909454727363340e+01 3.205971878837003718e-05
5.822911455727863483e+01 3.198327896616408149e-05
5.826913456728364338e+01 3.190711539408327052e-05
5.830915457728864482e+01 3.183122672928987768e-05
5.834917458729364625e+01 3.175561163716599417e-05
5.838919459729864769e+01 3.168026879125283396e-05
5.842921460730364913e+01 3.160519687319051317e-05
5.846923461730865057e+01 3.153039457265824276e-05
5.850925462731365201e+01 3.145586058731519885e-05
5.854927463731866055e+01 3.138159362274180636e-05
5.858929464732366199e+01 3.130759239238165297e-05
5.862931465732866343e+01 3.123385561748361295e-05
5.866933466733366487e+01 3.116038202704485207e-05
5.870935467733866631e+01 3.108717035775399506e-05
5.874937468734366774e+01 3.101421935393504527e-05
5.878939469734866918e+01 3.094152776749155498e-05
5.882941470735367773e+01 3.086909435785141248e-05
5.886943471735867917e+01 3.079691789191212368e-05
5.890945472736368060e+01 3.072499714398639197e-05
5.894947473736868204e+01 3.065333089574838921e-05
5.898949474737368348e+01 3.058191793618031135e-05
5.902951475737868492e+01 3.051075706151942533e-05
5.906953476738369346e+01 3.043984707520564108e-05
5.910955477738869490e+01 3.036918678782945632e-05
5.914957478739369634e+01 3.029877501708035868e-05
5.918959479739869778e+01 3.022861058769565134e-05
5.922961480740369922e+01 3.015869233140976998e-05
5.926963481740870066e+01 3.008901908690390806e-05
5.930965482741370209e+01 3.001958969975627900e-05
5.934967483741871064e+01 2.995040302239245975e-05
5.938969484742371208e+01 2.988145791403662880e-05
5.942971485742871351e+01 2.981275324066262459e-05
5.946973486743371495e+01 2.974428787494598316e-05
5.950975487743871639e+01 2.967606069621600619e-05
5.954977488744371783e+01 2.960807059040836109e-05
5.958979489744871927e+01 2.954031645001809777e-05
5.962981490745372781e+01 2.947279717405294996e-05
5.966983491745872925e+01 2.940551166798720251e-05
5.970985492746373069e+01 2.933845884371577870e-05
5.974987493746873213e+01 2.927163761950874452e-05
5.978989494747373357e+01 2.920504691996628709e-05
5.982991495747873500e+01 2.913868567597393714e-05
5.986993496748374355e+01 2.907255282465824887e-05
5.990995497748874499e+01 2.900664730934285926e-05
5.994997498749374643e+01 2.894096807950476081e-05
5.998999499749874786e+01 2.887551409073117747e-05
6.003001500750374930e+01 2.881028430467652852e-05
6.007003501750875074e+01 2.874527768902003291e-05
6.011005502751375218e+01 2.868049321742336438e-05
6.015007503751876072e+01 2.861592986948889274e-05
6.019009504752376216e+01 2.855158663071819620e-05
6.023011505752876360e+01 2.848746249247078715e-05
6.027013506753376504e+01 2.842355645192337323e-05
6.031015507753876648e+01 2.835986751202934210e-05
6.035017508754376792e+01 2.829639468147857818e-05
6.039019509754876935e+01 2.823313697465763174e-05
6.043021510755377790e+01 2.817009341161020995e-05
6.047023511755877934e+01 2.810726301799799985e-05
6.051025512756378077e+01 2.804464482506175573e-05
6.055027513756878221e+01 2.798223786958277940e-05
6.059029514757378365e+01 2.792004119384463093e-05
6.063031515757878509e+01 2.785805384559524256e-05
6.067033516758379363e+01 2.779627487800923931e-05
6.071035517758879507e+01 2.773470334965068981e-05
6.075037518759379651e+01 2.767333832443599615e-05
6.079039519759879795e+01 2.761217887159716309e-05
6.083041520760379939e+01 2.755122406564547733e-05
6.087043521760880083e+01 2.749047298633526125e-05
6.091045522761380226e+01 2.742992471862806375e-05
6.095047523761881081e+01 2.736957835265708147e-05
6.099049524762381225e+01 2.730943298369193921e-05
6.103051525762881369e+01 2.724948771210362268e-05
6.107053526763381512e+01 2.718974164332980782e-05
6.111055527763881656e+01 2.713019388784040348e-05
6.115057528764381800e+01 2.707084356110340241e-05
6.119059529764881944e+01 2.701168978355098982e-05
6.123061530765382798e+01 2.695273168054589582e-05
6.127063531765882942e+01 2.689396838234809009e-05
6.131065532766383086e+01 2.683539902408166967e-05
6.135067533766883230e+01 2.677702274570197374e-05
6.139069534767383374e+01 2.671883869196312194e-05
6.143071535767883518e+01 2.666084601238562384e-05
6.147073536768384372e+01 2.660304386122433397e-05
6.151075537768884516e+01 2.654543139743671521e-05
6.155077538769384660e+01 2.648800778465116313e-05
6.159079539769884803e+01 2.643077219113584871e-05
6.163081540770384947e+01 2.637372378976750355e-05
6.167083541770885091e+01 2.631686175800075042e-05
6.171085542771385235e+01 2.626018527783743396e-05
6.175087543771886089e+01 2.620369353579631038e-05
6.179089544772386233e+01 2.614738572288300837e-05
6.183091545772886377e+01 2.609126103456006778e-05
6.187093546773386521e+01 2.603531867071738159e-05
6.191095547773886665e+01 2.597955783564279031e-05
6.195097548774386809e+01 2.592397773799287288e-05
6.199099549774886952e+01 2.586857759076405949e-05
6.203101550775387807e+01 2.581335661126386971e-05
6.207103551775887951e+01 2.575831402108248267e-05
6.211105552776388095e+01 2.570344904606436146e-05
6.215107553776888238e+01 2.564876091628027734e-05
6.219109554777388382e+01 2.559424886599945929e-05
6.223111555777888526e+01 2.553991213366197055e-05
6.227113556778388670e+01 2.548574996185125124e-05
6.231115557778889524e+01 2.543176159726697938e-05
6.235117558779389668e+01 2.537794629069810480e-05
6.239119559779889812e+01 2.532430329699592698e-05
6.243121560780389956e+01 2.527083187504770834e-05
6.247123561780890100e+01 2.521753128775015870e-05
6.251125562781390244e+01 2.516440080198333309e-05
6.255127563781891098e+01 2.511143968858460415e-05
6.259129564782391242e+01 2.505864722232299704e-05
6.263131565782891386e+01 2.500602268187349041e-05
6.267133566783391529e+01 2.495356534979170033e-05
6.271135567783891673e+01 2.490127451248872002e-05
6.275137568784391817e+01 2.484914946020603068e-05
6.279139569784891961e+01 2.479718948699080209e-05
6.283141570785392815e+01 2.474539389067119646e-05
6.287143571785892959e+01 2.469376197283200777e-05
6.291145572786393103e+01 2.464229303879035532e-05
6.295147573786893247e+01 2.459098639757161786e-05
6.299149574787393391e+01 2.453984136188563529e-05
6.303151575787893535e+01 2.448885724810293419e-05
6.307153576788393678e+01 2.443803337623120061e-05
6.311155577788894533e+01 2.438736906989196634e-05
6.315157578789394677e+01 2.433686365629746459e-05
6.319159579789894821e+01 2.428651646622762795e-05
6.323161580790394964e+01 2.423632683400714396e-05
6.327163581790895108e+01 2.418629409748302569e-05
6.331165582791395252e+01 2.413641759800192821e-05
6.335167583791896107e+01 2.408669668038793596e-05
6.339169584792396250e+01 2.403713069292042810e-05
6.343171585792896394e+01 2.398771898731205229e-05
6.347173586793396538e+01 2.393846091868691186e-05
6.351175587793896682e+01 2.388935584555893263e-05
6.355177588794396826e+01 2.384040312981035162e-05
6.359179589794896970e+01 2.379160213667040911e-05
6.363181590795397824e+01 2.374295223469412538e-05
6.367183591795897968e+01 2.369445279574135867e-05
6.371185592796398112e+01 2.364610319495584619e-05
6.375187593796898256e+01 2.359790281074458396e-05
6.379189594797398399e+01 2.354985102475719985e-05
6.383191595797898543e+01 2.350194722186562480e-05
6.387193596798398687e+01 2.345419079014376065e-05
6.391195597798899541e+01 2.340658112084741558e-05
6.395197598799399685e+01 2.335911760839438195e-05
6.399199599799899829e+01 2.331179965034455812e-05
6.403201600800400684e+01 2.326462664738032434e-05
6.407203601800900117e+01 2.321759800328702719e-05
6.411205602801400971e+01 2.317071312493356212e-05
6.415207603801900405e+01 2.312397142225321701e-05
6.419209604802401259e+01 2.307737230822446821e-05
6.423211605802900692e+01 2.303091519885215610e-05
6.427213606803401547e+01 2.298459951314852167e-05
6.431215607803902401e+01 2.293842467311465658e-05
6.435217608804401834e+01 2.289239010372191578e-05
6.439219609804902689e+01 2.284649523289344547e-05
6.443221610805402122e+01 2.280073949148601933e-05
6.447223611805902976e+01 2.275512231327178999e-05
6.451225612806402410e+01 2.270964313492035910e-05
6.455227613806903264e+01 2.266430139598085068e-05
6.459229614807404118e+01 2.261909653886417089e-05
6.463231615807903552e+01 2.257402800882541343e-05
6.467233616808404406e+01 2.252909525394628535e-05
6.471235617808903839e+01 2.248429772511784783e-05
6.475237618809404694e+01 2.243963487602316565e-05
6.479239619809904127e+01 2.239510616312026821e-05
6.483241620810404982e+01 2.235071104562506318e-05
6.487243621810905836e+01 2.230644898549458564e-05
6.491245622811405269e+01 2.226231944741014881e-05
6.495247623811906124e+01 2.221832189876066436e-05
6.499249624812405557e+01 2.217445580962631833e-05
6.503251625812906411e+01 2.213072065276191851e-05
6.507253626813405845e+01 2.208711590358084821e-05
6.511255627813906699e+01 2.204364104013873887e-05
6.515257628814407553e+01 2.200029554311749502e-05
6.519259629814906987e+01 2.195707889580937345e-05
6.523261630815407841e+01 2.191399058410106575e-05
6.527263631815907274e+01 2.187103009645812308e-05
6.531265632816408129e+01 2.182819692390925898e-05
6.535267633816907562e+01 2.178549056003087911e-05
6.539269634817408416e+01 2.174291050093172289e-05
6.543271635817909271e+01 2.170045624523761011e-05
6.547273636818408704e+01 2.165812729407625532e-05
6.551275637818909559e+01 2.161592315106218728e-05
6.555277638819408992e+01 2.157384332228185132e-05
6.559279639819909846e+01 2.153188731627873206e-05
6.563281640820410701e+01 2.149005464403863199e-05
6.567283641820910134e+01 2.144834481897505506e-05
6.571285642821410988e+01 2.140675735691458347e-05
6.575287643821910422e+01 2.136529177608260016e-05
6.579289644822411276e+01 2.132394759708881125e-05
6.583291645822910709e+01 2.128272434291312434e-05
6.587293646823411564e+01 2.124162153889142175e-05
6.591295647823912418e+01 2.120063871270162171e-05
6.595297648824411851e+01 2.115977539434971930e-05
6.599299649824912706e+01 2.111903111615589170e-05
6.603301650825412139e+01 2.107840541274084065e-05
6.607303651825912993e+01 2.103789782101210434e-05
6.611305652826412427e+01 2.099750788015051852e-05
6.615307653826913281e+01 2.095723513159671812e-05
6.619309654827414136e+01 2.091707911903789644e-05
6.623311655827913569e+01 2.087703938839441191e-05
6.627313656828414423e+01 2.083711548780663191e-05
6.631315657828913857e+01 2.079730696762191222e-05
6.635317658829414711e+01 2.075761338038152560e-05
6.639319659829914144e+01 2.071803428080784109e-05
6.643321660830414999e+01 2.067856922579137458e-05
6.647323661830915853e+01 2.063921777437819174e-05
6.651325662831415286e+01 2.059997948775724316e-05
6.655327663831916141e+01 2.056085392924768599e-05
6.659329664832415574e+01 2.052184066428661211e-05
6.663331665832916428e+01 2.048293926041647818e-05
6.667333666833415862e+01 2.044414928727296253e-05
6.671335667833916716e+01 2.040547031657260530e-05
6.675337668834417570e+01 2.036690192210083140e-05
6.679339669834917004e+01 2.032844367969978368e-05
6.683341670835417858e+01 2.029009516725637980e-05
6.687343671835917291e+01 2.025185596469050120e-05
6.691345672836418146e+01 2.021372565394307367e-05
6.695347673836917579e+01 2.017570381896444261e-05
6.699349674837418434e+01 2.013779004570267727e-05
6.703351675837919288e+01 2.009998392209203072e-05
6.707353676838418721e+01 2.006228503804146089e-05
6.711355677838919576e+01 2.002469298542316174e-05
6.715357678839419009e+01 1.998720735806133497e-05
6.719359679839919863e+01 1.994982775172081271e-05
6.723361680840420718e+01 1.991255376409601556e-05
6.727363681840920151e+01 1.987538499479972774e-05
6.731365682841421005e+01 1.983832104535213645e-05
6.735367683841920439e+01 1.980136151916986792e-05
6.739369684842421293e+01 1.976450602155509453e-05
6.743371685842920726e+01 1.972775415968475041e-05
6.747373686843421581e+01 1.969110554259975715e-05
6.751375687843922435e+01 1.965455978119440205e-05
6.755377688844421868e+01 1.961811648820574000e-05
6.759379689844922723e+01 1.958177527820302593e-05
6.763381690845422156e+01 1.954553576757737422e-05
6.767383691845923011e+01 1.950939757453121822e-05
6.771385692846422444e+01 1.947336031906816617e-05
6.775387693846923298e+01 1.943742362298262678e-05
6.779389694847424153e+01 1.940158710984974983e-05
6.783391695847923586e+01 1.936585040501521773e-05
6.787393696848424440e+01 1.933021313558526072e-05
6.791395697848923874e+01 1.929467493041667881e-05
6.795397698849424728e+01 1.925923542010692471e-05
6.799399699849924161e+01 1.922389423698428503e-05
6.803401700850425016e+01 1.918865101509807842e-05
6.807403701850925870e+01 1.915350539020895874e-05
6.811405702851425303e+01 1.911845699977928256e-05
6.815407703851926158e+01 1.908350548296347001e-05
6.819409704852425591e+01 1.904865048059858567e-05
6.823411705852926445e+01 1.901389163519476381e-05
6.827413706853425879e+01 1.897922859092591804e-05
6.831415707853926733e+01 1.894466099362033254e-05
6.835417708854427588e+01 1.891018849075143277e-05
6.839419709854927021e+01 1.887581073142858664e-05
6.843421710855427875e+01 1.884152736638785840e-05
6.847423711855927309e+01 1.880733804798309774e-05
6.851425712856428163e+01 1.877324243017670046e-05
6.855427713856927596e+01 1.873924016853081278e-05
6.859429714857428451e+01 1.870533092019828174e-05
6.863431715857929305e+01 1.867151434391391035e-05
6.867433716858428738e+01 1.863779009998561460e-05
6.871435717858929593e+01 1.860415785028562787e-05
6.875437718859429026e+01 1.857061725824193913e-05
6.879439719859929880e+01 1.853716798882952443e-05
6.883441720860429314e+01 1.850380970856193080e-05
6.887443721860930168e+01 1.847054208548260941e-05
6.891445722861431022e+01 1.843736478915657058e-05
6.895447723861930456e+01 1.840427749066193380e-05
6.899449724862431310e+01 1.837127986258154549e-05
6.903451725862930743e+01 1.833837157899475599e-05
6.907453726863431598e+01 1.830555231546909494e-05
6.911455727863932452e+01 1.827282174905216008e-05
6.915457728864431886e+01 1.824017955826343152e-05
6.919459729864932740e+01 1.820762542308616735e-05
6.923461730865432173e+01 1.817515902495944828e-05
6.927463731865933028e+01 1.814278004677010033e-05
6.931465732866432461e+01 1.811048817284486830e-05
6.935467733866933315e+01 1.807828308894240615e-05
6.939469734867434170e+01 1.804616448224561311e-05
6.943471735867933603e+01 1.801413204135372573e-05
6.947473736868434457e+01 1.798218545627459637e-05
6.951475737868933891e+01 1.795032441841710715e-05
6.955477738869434745e+01 1.791854862058342467e-05
6.959479739869934178e+01 1.788685775696152922e-05
6.963481740870435033e+01 1.785525152311756773e-05
6.967483741870935887e+01 1.782372961598847441e-05
6.971485742871435320e+01 1.779229173387446270e-05
6.975487743871936175e+01 1.776093757643165265e-05
6.979489744872435608e+01 1.772966684466475596e-05
6.983491745872936463e+01 1.769847924091971696e-05
6.987493746873435896e+01 1.766737446887653993e-05
6.991495747873936750e+01 1.763635223354200461e-05
6.995497748874437605e+01 1.760541224124257485e-05
6.999499749874937038e+01 1.757455419961726322e-05
7.003501750875437892e+01 1.754377781761050912e-05
7.007503751875937326e+01 1.751308280546525007e-05
7.011505752876438180e+01 1.748246887471584731e-05
7.015507753876937613e+01 1.745193573818124512e-05
7.019509754877438468e+01 1.742148310995796421e-05
7.023511755877939322e+01 1.739111070541334234e-05
7.027513756878438755e+01 1.736081824117874118e-05
7.031515757878939610e+01 1.733060543514265480e-05
7.035517758879439043e+01 1.730047200644414351e-05
7.039519759879939897e+01 1.727041767546604739e-05
7.043521760880439331e+01 1.724044216382841674e-05
7.047523761880940185e+01 1.721054519438185097e-05
7.051525762881441040e+01 1.718072649120099346e-05
7.055527763881940473e+01 1.715098577957801609e-05
7.059529764882441327e+01 1.712132278601611750e-05
7.063531765882940761e+01 1.709173723822310590e-05
7.067533766883441615e+01 1.706222886510499554e-05
7.071535767883942469e+01 1.703279739675968445e-05
7.075537768884441903e+01 1.700344256447060848e-05
7.079539769884942757e+01 1.697416410070045627e-05
7.083541770885442190e+01 1.694496173908499614e-05
7.087543771885943045e+01 1.691583521442677749e-05
7.091545772886442478e+01 1.688678426268908981e-05
7.095547773886943332e+01 1.685780862098973186e-05
7.099549774887444187e+01 1.682890802759501813e-05
7.103551775887943620e+01 1.680008222191369029e-05
7.107553776888444474e+01 1.677133094449087281e-05
7.111555777888943908e+01 1.674265393700219117e-05
7.115557778889444762e+01 1.671405094224773756e-05
7.119559779889944195e+01 1.668552170414628060e-05
7.123561780890445050e+01 1.665706596772929541e-05
7.127563781890945904e+01 1.662868347913520724e-05
7.131565782891445338e+01 1.660037398560359768e-05
7.135567783891946192e+01 1.657213723546940764e-05
7.139569784892445625e+01 1.654397297815725541e-05
7.143571785892946480e+01 1.651588096417573785e-05
7.147573786893445913e+01 1.648786094511179250e-05
7.151575787893946767e+01 1.645991267362504961e-05
7.155577788894447622e+01 1.643203590344228913e-05
7.159579789894947055e+01 1.640423038935191467e-05
7.163581790895447909e+01 1.637649588719833260e-05
7.167583791895947343e+01 1.634883215387660554e-05
7.171585792896448197e+01 1.632123894732689251e-05
7.175587793896947630e+01 1.629371602652913964e-05
7.179589794897448485e+01 1.626626315149760842e-05
7.183591795897949339e+01 1.623888008327556981e-05
7.187593796898448772e+01 1.621156658393001882e-05
7.191595797898949627e+01 1.618432241654630088e-05
7.195597798899449060e+01 1.615714734522296869e-05
7.199599799899949915e+01 1.613004113506646961e-05
7.203601800900449348e+01 1.610300355218602960e-05
7.207603801900950202e+01 1.607603436368843549e-05
7.211605802901451057e+01 1.604913333767294599e-05
7.215607803901950490e+01 1.602230024322619933e-05
7.219609804902451344e+01 1.599553485041712095e-05
7.223611805902950778e+01 1.596883693029192252e-05
7.227613806903451632e+01 1.594220625486906389e-05
7.231615807903951065e+01 1.591564259713429280e-05
7.235617808904451920e+01 1.588914573103571178e-05
7.239619809904952774e+01 1.586271543147885180e-05
7.243621810905452207e+01 1.583635147432180016e-05
7.247623811905953062e+01 1.581005363637030798e-05
7.251625812906452495e+01 1.578382169537301637e-05
7.255627813906953349e+01 1.575765543001661818e-05
7.259629814907454204e+01 1.573155461992109761e-05
7.263631815907953637e+01 1.570551904563500384e-05
7.267633816908454492e+01 1.567954848863070761e-05
7.271635817908953925e+01 1.565364273129975610e-05
7.275637818909454779e+01 1.562780155694817359e-05
7.279639819909954213e+01 1.560202474979187053e-05
7.283641820910455067e+01 1.557631209495198487e-05
7.287643821910955921e+01 1.555066337845039957e-05
7.291645822911455355e+01 1.552507838720511440e-05
7.295647823911956209e+01 1.549955690902572278e-05
7.299649824912455642e+01 1.547409873260899705e-05
7.303651825912956497e+01 1.544870364753432129e-05
7.307653826913455930e+01 1.542337144425932397e-05
7.311655827913956784e+01 1.539810191411541921e-05
7.315657828914457639e+01 1.537289484930344963e-05
7.319659829914957072e+01 1.534775004288929870e-05
7.323661830915457926e+01 1.532266728879954720e-05
7.327663831915957360e+01 1.529764638181720752e-05
7.331665832916458214e+01 1.527268711757735975e-05
7.335667833916957647e+01 1.524778929256296907e-05
7.339669834917458502e+01 1.522295270410059802e-05
7.343671835917959356e+01 1.519817715035619677e-05
7.347673836918458790e+01 1.517346243033095605e-05
7.351675837918959644e+01 1.514880834385708723e-05
7.355677838919459077e+01 1.512421469159372944e-05
7.359679839919959932e+01 1.509968127502279745e-05
7.363681840920459365e+01 1.507520789644493110e-05
7.367683841920960219e+01 1.505079435897539066e-05
7.371685842921461074e+01 1.502644046654003843e-05
7.375687843921960507e+01 1.500214602387130858e-05
7.379689844922461361e+01 1.497791083650420580e-05
7.383691845922960795e+01 1.495373471077234962e-05
7.387693846923461649e+01 1.492961745380399844e-05
7.391695847923961082e+01 1.490555887351814303e-05
7.395697848924461937e+01 1.488155877862058984e-05
7.399699849924962791e+01 1.485761697860009851e-05
7.403701850925462224e+01 1.483373328372449744e-05
7.407703851925963079e+01 1.480990750503684666e-05
7.411705852926462512e+01 1.478613945435165161e-05
7.415707853926963367e+01 1.476242894425101595e-05
7.419709854927464221e+01 1.473877578808094509e-05
7.423711855927963654e+01 1.471517979994753620e-05
7.427713856928464509e+01 1.469164079471326319e-05
7.431715857928963942e+01 1.466815858799328021e-05
7.435717858929464796e+01 1.464473299615172858e-05
7.439719859929964230e+01 1.462136383629808952e-05
7.443721860930465084e+01 1.459805092628349442e-05
7.447723861930965938e+01 1.457479408469716563e-05
7.451725862931465372e+01 1.455159313086277421e-05
7.455727863931966226e+01 1.452844788483484515e-05
7.459729864932465659e+01 1.450535816739524213e-05
7.463731865932966514e+01 1.448232380004959141e-05
7.467733866933465947e+01 1.445934460502377845e-05
7.471735867933966802e+01 1.443642040526042597e-05
7.475737868934467656e+01 1.441355102441545161e-05
7.479739869934967089e+01 1.439073628685457137e-05
7.483741870935467944e+01 1.436797601764986406e-05
7.487743871935967377e+01 1.434527004257637804e-05
7.491745872936468231e+01 1.432261818810868047e-05
7.495747873936967665e+01 1.430002028141752337e-05
7.499749874937468519e+01 1.427747615036644697e-05
7.503751875937969373e+01 1.425498562350845094e-05
7.507753876938468807e+01 1.423254853008266720e-05
7.511755877938969661e+01 1.421016470001103449e-05
7.515757878939469094e+01 1.418783396389505420e-05
7.519759879939969949e+01 1.416555615301244803e-05
7.523761880940469382e+01 1.414333109931399344e-05
7.527763881940970236e+01 1.412115863542020837e-05
7.531765882941471091e+01 1.409903859461820197e-05
7.535767883941970524e+01 1.407697081085845080e-05
7.539769884942471379e+01 1.405495511875158857e-05
7.543771885942970812e+01 1.403299135356531447e-05
7.547773886943471666e+01 1.401107935122117443e-05
7.551775887943971100e+01 1.398921894829151015e-05
7.555777888944471954e+01 1.396740998199626574e-05
7.559779889944972808e+01 1.394565229019998246e-05
7.563781890945472242e+01 1.392394571140868166e-05
7.567783891945973096e+01 1.390229008476677816e-05
7.571785892946472529e+01 1.388068525005412752e-05
7.575787893946973384e+01 1.385913104768289710e-05
7.579789894947472817e+01 1.383762731869465561e-05
7.583791895947973671e+01 1.381617390475730691e-05
7.587793896948474526e+01 1.379477064816218974e-05
7.591795897948973959e+01 1.377341739182106568e-05
7.595797898949474813e+01 1.375211397926319008e-05
7.599799899949974247e+01 1.373086025463241358e-05
7.603801900950475101e+01 1.370965606268425129e-05
7.607803901950975956e+01 1.368850124878299956e-05
7.611805902951475389e+01 1.366739565889887637e-05
7.615807903951976243e+01 1.364633913960511599e-05
7.619809904952475677e+01 1.362533153807519754e-05
7.623811905952976531e+01 1.360437270207992942e-05
7.627813906953475964e+01 1.358346247998473382e-05
7.631815907953976819e+01 1.356260072074675148e-05
7.635817908954477673e+01 1.354178727391215833e-05
7.639819909954977106e+01 1.352102198961332454e-05
7.643821910955477961e+01 1.350030471856608197e-05
7.647823911955977394e+01 1.347963531206703065e-05
7.651825912956478248e+01 1.345901362199075028e-05
7.655827913956977682e+01 1.343843950078715246e-05
7.659829914957478536e+01 1.341791280147874986e-05
7.663831915957979390e+01 1.339743337765801172e-05
7.667833916958478824e+01 1.337700108348469576e-05
7.671835917958979678e+01 1.335661577368315461e-05
7.675837918959479111e+01 1.333627730353979297e-05
7.679839919959979966e+01 1.331598552890036223e-05
7.683841920960479399e+01 1.329574030616741428e-05
7.687843921960980254e+01 1.327554149229766723e-05
7.691845922961481108e+01 1.325538894479947786e-05
7.695847923961980541e+01 1.323528252173024972e-05
7.699849924962481396e+01 1.321522208169389031e-05
7.703851925962980829e+01 1.319520748383827847e-05
7.707853926963481683e+01 1.317523858785273007e-05
7.711855927963981117e+01 1.315531525396554156e-05
7.715857928964481971e+01 1.313543734294141676e-05
7.719859929964982825e+01 1.311560471607907477e-05
7.723861930965482259e+01 1.309581723520872415e-05
7.727863931965983113e+01 1.307607476268962519e-05
7.731865932966482546e+01 1.305637716140765885e-05
7.735867933966983401e+01 1.303672429477289584e-05
7.739869934967482834e+01 1.301711602671717238e-05
7.743871935967983688e+01 1.299755222169171853e-05
7.747873936968484543e+01 1.297803274466473903e-05
7.751875937968983976e+01 1.295855746111908401e-05
7.755877938969484831e+01 1.293912623704980100e-05
7.759879939969984264e+01 1.291973893896190221e-05
7.763881940970485118e+01 1.290039543386791658e-05
7.767883941970985973e+01 1.288109558928565529e-05
7.771885942971485406e+01 1.286183927323585536e-05
7.775887943971986260e+01 1.284262635423986551e-05
7.779889944972485694e+01 1.282345670131741678e-05
7.783891945972986548e+01 1.280433018398428475e-05
7.787893946973485981e+01 1.278524667225007198e-05
7.791895947973986836e+01 1.276620603661593286e-05
7.795897948974487690e+01 1.274720814807235104e-05
7.799899949974987123e+01 1.272825287809691679e-05
7.803901950975487978e+01 1.270934009865207730e-05
7.807903951975987411e+01 1.269046968218298687e-05
7.811905952976488265e+01 1.267164150161525385e-05
7.815907953976987699e+01 1.265285543035283995e-05
7.819909954977488553e+01 1.263411134227580382e-05
7.823911955977989408e+01 1.261540911173821724e-05
7.827913956978488841e+01 1.259674861356601206e-05
7.831915957978989695e+01 1.257812972305476941e-05
7.835917958979489129e+01 1.255955231596770372e-05
7.839919959979989983e+01 1.254101626853348254e-05
7.843921960980489416e+01 1.252252145744416817e-05
7.847923961980990271e+01 1.250406775985307642e-05
7.851925962981491125e+01 1.248565505337274708e-05
7.855927963981990558e+01 1.246728321607288225e-05
7.859929964982491413e+01 1.244895212647822880e-05
7.863931965982990846e+01 1.243066166356661994e-05
7.867933966983491700e+01 1.241241170676684588e-05
7.871935967983991134e+01 1.239420213595672252e-05
7.875937968984491988e+01 1.237603283146100102e-05
7.879939969984992842e+01 1.235790367404942805e-05
7.883941970985492276e+01 1.233981454493471296e-05
7.887943971985993130e+01 1.232176532577055077e-05
7.891945972986492563e+01 1.230375589864967909e-05
7.895947973986993418e+01 1.228578614610186895e-05
7.899949974987492851e+01 1.226785595109204271e-05
7.903951975987993706e+01 1.224996519701824963e-05
7.907953976988494560e+01 1.223211376770981427e-05
7.911955977988993993e+01 1.221430154742537136e-05
7.915957978989494848e+01 1.219652842085095323e-05
7.919959979989994281e+01 1.217879427309811781e-05
7.923961980990495135e+01 1.216109898970202933e-05
7.927963981990994569e+01 1.214344245661962019e-05
7.931965982991495423e+01 1.212582456022764790e-05
7.935967983991996277e+01 1.210824518732091630e-05
7.939969984992495711e+01 1.209070422511035960e-05
7.943971985992996565e+01 1.207320156122124324e-05
7.947973986993495998e+01 1.205573708369130720e-05
7.951975987993996853e+01 1.203831068096894999e-05
7.955977988994497707e+01 1.202092224191141261e-05
7.959979989994997140e+01 1.200357165578299803e-05
7.963981990995497995e+01 1.198625881225322813e-05
7.967983991995997428e+01 1.196898360139511059e-05
7.971985992996498283e+01 1.195174591368331277e-05
7.975987993996997716e+01 1.193454563999245400e-05
7.979989994997498570e+01 1.191738267159528116e-05
7.983991995997999425e+01 1.190025690016097792e-05
7.987993996998498858e+01 1.188316821775339283e-05
7.991995997998999712e+01 1.186611651682930282e-05
7.995997998999499146e+01 1.184910169023672598e-05
8.000000000000000000e+01 1.183212363121315800e-05
