{
  "restart": 4,
  "seed": 62,
  "iters": 30000,
  "lr": 0.05,
  "best_iter": 29552,
  "best_cost": 0.0022530406713485718,
  "best_alphaD_mean": 0.00021902162895651796,
  "n": 9
}