{
  "restart": 25,
  "seed": 83,
  "iters": 30000,
  "lr": 0.05,
  "best_iter": 29961,
  "best_cost": 0.001233498565852642,
  "best_alphaD_mean": 0.0001461295791731686,
  "n": 10
}