{
  "restart": 10,
  "seed": 68,
  "iters": 30000,
  "lr": 0.05,
  "best_iter": 29975,
  "best_cost": 0.001264713006094098,
  "best_alphaD_mean": 0.00016694302322948395,
  "n": 8
}