{
  "restart": 13,
  "seed": 71,
  "iters": 30000,
  "lr": 0.05,
  "best_iter": 29903,
  "best_cost": 0.0016488917171955109,
  "best_alphaD_mean": 0.00018128196028688315,
  "n": 9
}