{
  "restart": 5,
  "seed": 63,
  "iters": 30000,
  "lr": 0.05,
  "best_iter": 29918,
  "best_cost": 0.0006858461420051754,
  "best_alphaD_mean": 0.00011397173809662735,
  "n": 10
}