tier,restart_idx,param_seed,final_train_cost,final_test_cost
2,0,158000676,1.388680e-02,1.142878e+01
2,1,158000677,8.505759e-03,4.289799e+00
2,2,158000678,7.089928e-03,3.930925e+00
2,3,158000679,3.014880e-02,5.687393e+01
2,4,158000680,2.301393e-02,1.603573e+01
2,5,158000681,2.460684e-03,1.613092e+01
2,6,158000682,3.592489e-02,1.780936e+01
2,7,158000683,2.528512e-01,8.623220e+00
2,8,158000684,8.522949e-02,6.698809e+00
2,9,158000685,2.319124e-03,1.326885e+01
