tier,restart_idx,param_seed,final_train_cost,final_test_cost
1,0,158000575,3.191764e-05,2.147963e+01
1,1,158000576,4.312682e-03,3.434086e+01
1,2,158000577,1.380402e-03,2.853049e+01
1,3,158000578,5.910555e-03,2.054427e+01
1,4,158000579,1.853479e-05,1.697860e+01
1,5,158000580,2.082371e-02,4.687861e+01
1,6,158000581,1.464676e-03,5.203593e+01
1,7,158000582,8.621805e-05,2.283314e+01
1,8,158000583,9.903278e-04,1.412818e+01
1,9,158000584,1.321329e-03,4.309633e+01
