tier,restart_idx,param_seed,final_train_cost,final_test_cost
6,0,158001080,2.070574e-02,1.957550e-01
6,1,158001081,2.010670e-01,6.993107e-01
6,2,158001082,5.560755e-01,9.862479e-01
6,3,158001083,9.461427e-02,3.290338e-01
6,4,158001084,3.892506e-02,1.472865e-01
6,5,158001085,2.819119e-02,1.738844e-01
6,6,158001086,5.316336e-02,1.477762e-01
6,7,158001087,3.584069e-02,7.720494e-01
6,8,158001088,6.264563e-01,7.415418e-01
6,9,158001089,3.132998e-02,1.180324e-01
