alpha,beta,alphaD_true,alphaD_pred,rel_abs,rel_signed
1.1000,2.7500,15.444870383584,15.446430206298828,0.00010099293008544303,0.00010099293008544303
0.2000,1.0000,19.051282316218,19.056467056274414,0.0002721465133084655,0.0002721465133084655
0.2000,4.5000,19.397942314212997,19.401399612426758,0.00017823015234079922,0.00017823015234079922
2.0000,1.0000,22.752251621592002,22.795127868652344,0.0018844836886231513,0.0018844836886231513
2.0000,4.5000,14.760426956088999,14.771448135375977,0.0007466707649964306,0.0007466707649964306
0.9710,1.2500,19.56884610005,19.58104133605957,0.0006231964801204806,0.0006231964801204806
0.8430,3.5000,13.855777414907,13.85957145690918,0.00027382382731540636,0.00027382382731540636
1.4860,3.5000,14.922997611565,14.929038047790527,0.00040477365089475653,0.00040477365089475653
1.7430,4.0000,14.782857439192,14.791830062866211,0.0006069613882917036,0.0006069613882917036
2.0000,1.5000,21.036067872794,21.067853927612305,0.0015110264432742374,0.0015110264432742374
0.5860,2.5000,15.149038308404002,15.150797843933105,0.00011614833187974355,0.00011614833187974355
1.6140,1.0000,22.04014677513,22.078876495361328,0.001757235132164715,0.001757235132164715
1.6140,3.2500,15.714130427978,15.717530250549316,0.00021635448343119884,0.00021635448343119884
0.4570,1.7500,16.70640146289,16.710826873779297,0.0002648931248974876,0.0002648931248974876
1.6140,2.2500,17.926159928087998,17.92322540283203,0.00016370071826528237,-0.00016370071826528237
0.5860,3.5000,13.978350677684002,13.982294082641602,0.00028210802894612766,0.00028210802894612766
1.4860,2.7500,16.391947827372,16.394580841064453,0.00016062848175101872,0.00016062848175101872
1.2290,1.0000,21.249588450164,21.271869659423828,0.0010485478018589006,0.0010485478018589006
0.4570,4.2500,14.658019179680998,14.663819313049316,0.00039569694221424837,0.00039569694221424837
2.0000,2.0000,19.589831449887,19.607154846191406,0.0008843055310975907,0.0008843055310975907
0.8430,3.0000,14.550333960214001,14.551838874816895,0.00010342818295500862,0.00010342818295500862
1.6140,4.2500,14.084101407887001,14.092761993408203,0.000614919281705228,0.000614919281705228
