tier,restart_idx,param_seed,final_train_cost,final_test_cost
3,0,168000807,2.894501e-02,1.454829e+00
3,1,168000808,7.561020e-03,1.166806e+00
3,2,168000809,4.007772e-02,2.147904e+00
3,3,168000810,1.575224e-01,1.080347e+00
3,4,168000811,9.627743e-03,3.759402e+00
3,5,168000812,9.115184e-03,2.569898e+00
3,6,168000813,8.512951e-03,2.301005e+00
3,7,168000814,8.242406e-03,2.641849e+00
3,8,168000815,4.963307e-02,1.374444e+00
3,9,168000816,3.461360e-02,6.256217e+00
