tier,restart_idx,param_seed,final_train_cost,final_test_cost
1,0,168000605,1.360704e-03,1.617446e+01
1,1,168000606,5.817087e-02,1.844480e+01
1,2,168000607,1.382425e-05,6.803003e+01
1,3,168000608,1.052036e-02,3.836496e+01
1,4,168000609,1.949880e-05,1.191615e+01
1,5,168000610,5.852186e-04,5.459930e+01
1,6,168000611,8.586884e-03,1.482646e+01
1,7,168000612,4.783001e-06,3.832084e+01
1,8,168000613,1.871992e-03,6.598896e+01
1,9,168000614,1.775419e-02,7.399721e+01
