{
  "restart": 10,
  "seed": 68,
  "iters": 30000,
  "lr": 0.05,
  "best_iter": 29964,
  "best_cost": 0.0004936958430334926,
  "best_alphaD_mean": 9.267323370349743e-05,
  "n": 16
}