tier,restart_idx,param_seed,final_train_cost,final_test_cost
8,0,128001192,5.814125e-01,2.294823e-01
8,1,128001193,9.741823e-02,3.214889e-01
8,2,128001194,2.517657e-02,9.985476e-02
8,3,128001195,1.434081e-01,5.561391e-01
8,4,128001196,3.345022e-02,1.693539e-01
8,5,128001197,1.476623e-01,4.071182e-01
8,6,128001198,8.849948e-02,3.252524e-01
8,7,128001199,1.001877e-02,4.074630e-02
8,8,128001200,2.578387e-01,9.670984e-01
8,9,128001201,6.109276e-01,5.782809e-01
