{
  "restart": 19,
  "seed": 77,
  "iters": 30000,
  "lr": 0.05,
  "best_iter": 29926,
  "best_cost": 0.0036354826297611,
  "best_alphaD_mean": 0.0002749390283765128,
  "n": 9
}