tier,restart_idx,param_seed,final_train_cost,final_test_cost
6,0,143001035,1.039798e-01,2.936721e-01
6,1,143001036,6.852197e-02,2.829849e-01
6,2,143001037,2.356168e-02,1.724787e-01
6,3,143001038,2.808897e-01,6.574876e-01
6,4,143001039,6.293114e-02,8.129792e-01
6,5,143001040,1.957520e-02,2.655608e+00
6,6,143001041,4.847671e-02,2.385194e-01
6,7,143001042,3.341233e-01,7.301676e-01
6,8,143001043,2.937245e-02,1.706116e-01
6,9,143001044,2.329381e-02,1.649840e-01
