tier,restart_idx,param_seed,final_train_cost,final_test_cost
3,0,143000732,3.808714e-02,1.086799e+00
3,1,143000733,2.996298e-02,2.174367e+00
3,2,143000734,3.135341e-02,1.264777e+00
3,3,143000735,6.523083e-02,1.034467e+00
3,4,143000736,7.782098e-03,1.657404e+00
3,5,143000737,3.268550e-02,3.864028e+00
3,6,143000738,4.500814e-03,6.176202e-01
3,7,143000739,5.235051e-02,1.866552e+00
3,8,143000740,3.670665e-02,8.064050e+00
3,9,143000741,4.611054e-02,3.472108e+00
