tier,restart_idx,param_seed,final_train_cost,final_test_cost
2,0,143000631,1.225161e-02,6.948925e+00
2,1,143000632,1.285622e-03,5.044146e+00
2,2,143000633,2.842343e-03,3.627731e+00
2,3,143000634,3.127890e-02,1.142396e+01
2,4,143000635,3.841650e-03,8.850607e+00
2,5,143000636,1.257943e-02,6.325718e+00
2,6,143000637,1.664028e-02,7.960775e+00
2,7,143000638,5.695182e-03,4.915523e+00
2,8,143000639,2.360728e-03,1.785736e+00
2,9,143000640,2.855669e-02,2.039515e+00
