tier,restart_idx,param_seed,final_train_cost,final_test_cost
5,0,143000934,2.830336e-02,2.199365e-01
5,1,143000935,5.530156e-02,1.933932e-01
5,2,143000936,1.435676e-02,1.576431e-01
5,3,143000937,1.459034e-01,9.475934e-01
5,4,143000938,1.010405e-01,3.378623e-01
5,5,143000939,2.863139e-02,8.991388e-01
5,6,143000940,1.282324e-01,1.905583e+00
5,7,143000941,2.332178e-02,1.527315e-01
5,8,143000942,1.730258e-02,1.694509e-01
5,9,143000943,4.702539e-02,2.192816e-01
