tier,restart_idx,param_seed,final_train_cost,final_test_cost
1,0,143000530,2.755634e-02,3.542882e+01
1,1,143000531,3.305122e-04,3.861568e+01
1,2,143000532,4.929490e-04,4.252111e+01
1,3,143000533,8.155691e-03,3.136696e+01
1,4,143000534,6.556612e-04,7.413716e+01
1,5,143000535,2.078629e-04,2.369174e+01
1,6,143000536,2.848959e-04,5.622324e+01
1,7,143000537,9.622301e-06,3.341701e+01
1,8,143000538,2.449719e-03,1.730060e+01
1,9,143000539,2.192368e-02,2.279430e+01
