{
  "restart": 19,
  "seed": 77,
  "iters": 30000,
  "lr": 0.05,
  "best_iter": 29837,
  "best_cost": 0.0006835039239376783,
  "best_alphaD_mean": 0.00011608473977719998,
  "n": 10
}