{
  "restart": 22,
  "seed": 80,
  "iters": 30000,
  "lr": 0.05,
  "best_iter": 29671,
  "best_cost": 0.00239070993848145,
  "best_alphaD_mean": 0.000229445148486881,
  "n": 9
}