7.236087292811708949e+01
6.760882022130350322e+01
6.333843089180595598e+01
5.951311981965458386e+01
5.605802558405710556e+01
5.292297771273282336e+01
5.007102627146778673e+01
4.747285855824542722e+01
4.510552989800113721e+01
4.295119511997846473e+01
4.099859166570143287e+01
3.927301468017181918e+01
3.769431133055393701e+01
3.627639673553964883e+01
3.505556842212948254e+01
3.402469285876335903e+01
3.377822558999818625e+01
3.305815315686131584e+01
3.225483691811152198e+01
3.166814066791667059e+01
3.102565785359629658e+01
2.947719663956530667e+01
2.903281921961892564e+01
2.896359301977955525e+01
2.818845626632955970e+01
2.777524933612091473e+01
2.747042013992955845e+01
2.715520737142485785e+01
2.691506227521902161e+01
2.661511659869340107e+01
2.643048337976874507e+01
2.638074392879906327e+01
2.624011581579981112e+01
2.612170576020534440e+01
2.601790886163708905e+01
2.588973711484263873e+01
2.582491676075910547e+01
2.629546514820515313e+01
2.617202883771079058e+01
2.601738257160091550e+01
2.585863239061689711e+01
2.576051819537941157e+01
2.566041629596220730e+01
2.561884346139002133e+01
2.557825199106951430e+01
2.551944760598439288e+01
2.543599395346073422e+01
2.534846041909919023e+01
2.525260215462687796e+01
2.517854278959896419e+01
2.510070522794753600e+01
2.504570692197546578e+01
2.499611322134759561e+01
2.495456019777879320e+01
2.491652425912208813e+01
2.489884276972371779e+01
2.488446692340831135e+01
2.485811374200955726e+01
2.481046031572612165e+01
2.475488816038546247e+01
2.470849938836898474e+01
2.466944788361005791e+01
2.463981221260955934e+01
2.461443231245560526e+01
2.457648359191538390e+01
2.453649975749227252e+01
2.450165395930008572e+01
2.446716528956514125e+01
2.443500540918932629e+01
2.440575844977088948e+01
2.437860630819474039e+01
2.435194873365123058e+01
2.432423639754184208e+01
2.429467753589463186e+01
2.426347694561415125e+01
2.423153498106094972e+01
2.419987862694111769e+01
2.416919176373135159e+01
2.485419428284197352e+01
2.482504797789539097e+01
2.479573374260247576e+01
2.476604366680541602e+01
2.473588569528255832e+01
2.470527222015052971e+01
2.467429144675034536e+01
2.464307315482303906e+01
2.461175559351495323e+01
2.458045797372519559e+01
2.454926070814129702e+01
2.451819341525399309e+01
2.448723046367378942e+01
2.445629530633696902e+01
2.442527533678079266e+01
2.439404620616005559e+01
2.436249956154469487e+01
2.433056493844283352e+01
2.429821822485308758e+01
2.426547505677108774e+01
2.423237379018969051e+01
2.419895562573864112e+01
2.416524841762007014e+01
2.413125774055878026e+01
2.409696603848464846e+01
2.406233863782097870e+01
2.402733372147421775e+01
2.399191232529830486e+01
2.394060534637748106e+01
2.390423060377330344e+01
2.385689578398190136e+01
2.381948132383165984e+01
2.378155654320401169e+01
2.374311773074897047e+01
2.370415475291516927e+01
2.366464993738339473e+01
2.362457973299170533e+01
2.358391869698336052e+01
2.354264422776562782e+01
2.351614995782515294e+01
2.347437807576939406e+01
2.346041441320734577e+01
2.341787925024096495e+01
2.337482382452720842e+01
2.333124330127827761e+01
2.328712949780633679e+01
2.324247139152071640e+01
2.316734850527386058e+01
2.312127833982507852e+01
2.307627675346439133e+01
2.302904290403015608e+01
2.298113028957922310e+01
2.293252714990916274e+01
2.288321051245711146e+01
2.284660490064330673e+01
2.279594704983136211e+01
2.257505094754127484e+01
2.239785623361233746e+01
2.215294061477480625e+01
2.199423248482099069e+01
2.198380771420652735e+01
2.220547595456380208e+01
2.217672833999921522e+01
2.188594226447548508e+01
2.177243942061715387e+01
2.162197453461910968e+01
2.158639086552564734e+01
2.154218038377171496e+01
2.149339570551076406e+01
2.143454383520935380e+01
2.136557045771861851e+01
2.127179214837723720e+01
2.119267926685687797e+01
2.111514337181077394e+01
2.106718078311917708e+01
2.097726670578033037e+01
2.093434797363811128e+01
2.086774446977712216e+01
2.077278772648066152e+01
2.069465022633783491e+01
2.062740574347944644e+01
2.055692534960057571e+01
2.046584015724064898e+01
2.039470872436518079e+01
2.034375878785336766e+01
2.026827822790846767e+01
2.019180139225150938e+01
2.009119791076133410e+01
2.001503663024500312e+01
1.993935724470802739e+01
1.986327762531943364e+01
1.981214873951464028e+01
1.973347015801910587e+01
1.965365840304377087e+01
2.030212746707240257e+01
2.017867809487151121e+01
2.009211666404712204e+01
2.000362867352173879e+01
1.991410229798054132e+01
1.982418789811412196e+01
1.968342775826045710e+01
1.959258725012613667e+01
1.946810811698472321e+01
1.871505807556783907e+01
1.862294268283616461e+01
1.852335207098374781e+01
1.841960161303239829e+01
1.835260603359348153e+01
1.821690760634785278e+01
1.823664580807029623e+01
1.829221602792808810e+01
1.817321862024490997e+01
1.808581067379155982e+01
1.799354510761962445e+01
1.767731450730185827e+01
1.758478889171129111e+01
1.749521553986286193e+01
1.740699536006954418e+01
1.736349557914035202e+01
1.727508705788452659e+01
1.713965556856522809e+01
1.704957560102560521e+01
1.696013903881728169e+01
1.687210888248917939e+01
1.678590050464081429e+01
1.670146648108498511e+01
1.661839053378900388e+01
1.653615772696085529e+01
1.650618448888738499e+01
1.637335541342363854e+01
1.629307989040919580e+01
1.621396826236094313e+01
1.619201340248212517e+01
1.606155492406170993e+01
1.598656019184594257e+01
1.591260104540992160e+01
1.583947492017843750e+01
1.576705730443472575e+01
1.569532841552273084e+01
1.562435190699352816e+01
1.555421620898416890e+01
1.548497319312872200e+01
1.553008533613196995e+01
1.540417851441726782e+01
1.533851398428472734e+01
1.527344991129823448e+01
1.520895328980010319e+01
1.514503120503913181e+01
1.508170398867935269e+01
1.501897535888016577e+01
1.495681316794334137e+01
1.483379767500492541e+01
1.477180898927176500e+01
1.471008365554775565e+01
1.464861985003960676e+01
1.465199403169060233e+01
1.459210739696228387e+01
1.453259852761695470e+01
1.447341897188566051e+01
1.441450405881088592e+01
1.435578791489000494e+01
1.429721128770099092e+01
1.423875297804495865e+01
1.418038477414388332e+01
1.412209285820019922e+01
1.406386701179952681e+01
1.400570345032548580e+01
1.387589928249633431e+01
1.381737458915556260e+01
1.383169411439429020e+01
1.377401931325802842e+01
1.371663428345819291e+01
1.365961638752671625e+01
1.360304962962676711e+01
1.354702359847146909e+01
1.349162966550134080e+01
1.343695449742073933e+01
1.330690843235013432e+01
1.325344105664051853e+01
1.327785402889273136e+01
1.322252806606397257e+01
1.317229356712769039e+01
1.383249353561010508e+01
1.378350638007619544e+01
1.373505240413032169e+01
1.368731358435794299e+01
1.356090518200616302e+01
1.351443021750444373e+01
1.346876006636216516e+01
1.342394883566352703e+01
1.346035293094928065e+01
1.341728773592580382e+01
1.337486814344172004e+01
1.333314977302314297e+01
1.329206954131122664e+01
1.325151459737003989e+01
1.321147139355418432e+01
1.317198120936091499e+01
1.313301942191156613e+01
1.309452355517972499e+01
1.297519829519683476e+01
1.293766958328184558e+01
1.298198490082031320e+01
1.294538706553506735e+01
1.290918031790461029e+01
1.287336004142348322e+01
1.283788833113576544e+01
1.272135772357940908e+01
1.268649700164581517e+01
1.273326710296743158e+01
1.269886353926418820e+01
1.266459348742879243e+01
1.263042052317836017e+01
1.259630818476273362e+01
1.248093578947040783e+01
1.252807214485117449e+01
1.249381761845827654e+01
1.245937328073841854e+01
1.234348903855774715e+01
1.236527050381181425e+01
1.232973167525850755e+01
1.229358274199760181e+01
1.225669195025862912e+01
1.221891416199889591e+01
1.218008917961192239e+01
1.214003499790176832e+01
1.201786687432999301e+01
1.197482224634814507e+01
1.201060233381364029e+01
1.196374239632281089e+01
1.191480392664631438e+01
1.186385883551421472e+01
1.181122531750050442e+01
1.175755997928459351e+01
1.162404073053548714e+01
1.157191584708760423e+01
1.152217324034219459e+01
1.155491301229938017e+01
1.153810351023378900e+01
1.149727412113728420e+01
1.145871778532689511e+01
1.142221825320643802e+01
1.138648981128469195e+01
1.132466552028322937e+01
1.129007318192095966e+01
1.125513159928677887e+01
1.122012035595040835e+01
1.118644762120822023e+01
1.115352289452928325e+01
1.112152174515049552e+01
1.109066325690400134e+01
1.106079032462620937e+01
1.106051277266707089e+01
1.103163589456357307e+01
1.100324073028454386e+01
1.097547912915379342e+01
1.091825587550171939e+01
1.089139297879269108e+01
1.086497923711006131e+01
1.083889149464854285e+01
1.081306709798059451e+01
1.078756912421826364e+01
1.076304459017097592e+01
1.078500867937804308e+01
1.084097388183994326e+01
1.082052211027408184e+01
1.072906324936263900e+01
1.060908607451611196e+01
1.131630327436602101e+01
1.129738234824862708e+01
1.127620344866659252e+01
1.128451067078313130e+01
1.122346553386793744e+01
1.116942347859983009e+01
1.114439033000497759e+01
1.115555525425147998e+01
1.109699122938785898e+01
1.107032891725189394e+01
1.104544699123071538e+01
1.109466550016039221e+01
1.107139608546003018e+01
1.108409650498701637e+01
1.106337836671797525e+01
1.100653506677667082e+01
1.098413068273272941e+01
1.096122989661965441e+01
1.093814068434007858e+01
1.091514820062232971e+01
1.089254333500637806e+01
1.092142907633332172e+01
1.090184658869871370e+01
1.082924815952982200e+01
1.080807900246413666e+01
1.078718269422433806e+01
1.076632036482030941e+01
1.078348245077202172e+01
1.072295786593681832e+01
1.070150344798301489e+01
1.068009987072707112e+01
1.069809363404495883e+01
1.063634596057702097e+01
1.061421752840850807e+01
1.065703071603737939e+01
1.093110332589811229e+01
1.053917578525784293e+01
1.051716543617108002e+01
1.049461130525775587e+01
1.051324006498376207e+01
1.044719348638531997e+01
1.042217467474112880e+01
1.039598873415286739e+01
1.036835139503264891e+01
1.038237719793996838e+01
1.030723795712243351e+01
1.027267214200093548e+01
1.023421705640355839e+01
1.019055602017668427e+01
1.043082865182928032e+01
1.036659035082629821e+01
9.937621946788869565e+00
9.900439357792807371e+00
9.872004568579107797e+00
9.791071299177030340e+00
9.614317456688302954e+00
9.579818052380385751e+00
9.554141688897422213e+00
9.537826572176324902e+00
9.506713888239213261e+00
9.490851852476311024e+00
1.021670449117888779e+01
1.019704183915195017e+01
1.022718115223421975e+01
1.015386819479738456e+01
1.020786478825666066e+01
1.046702463420091789e+01
1.016397167183299999e+01
1.014108394276063763e+01
1.011800382488485361e+01
1.002034373113724719e+01
9.998984413283912076e+00
1.003079398277184708e+01
1.001059188752231321e+01
9.936283458554779457e+00
9.991056007519922844e+00
9.969773908716224042e+00
9.948671228531317468e+00
1.063870103073456086e+01
9.842655193707077643e+00
9.825702920229218762e+00
9.808502544128806733e+00
9.791033877867938884e+00
9.773121380247438594e+00
9.813075443203526760e+00
9.736597555471133703e+00
9.718106915900856180e+00
9.699835953160492963e+00
9.681805082729562528e+00
9.962825527644328716e+00
9.944517297130216704e+00
9.693253682890336620e+00
9.615493896425228115e+00
9.598970781450145040e+00
9.582458965241590576e+00
9.565773117753396448e+00
9.548976108993141310e+00
9.532143860227771270e+00
9.515347738578121550e+00
9.498517183042540779e+00
9.481667944670711279e+00
1.021721532825205259e+01
9.509957288311110091e+00
9.427400315087268723e+00
9.419527670730703406e+00
9.404035230314805816e+00
9.380680232057345691e+00
9.629070674211261505e+00
9.350702548527607405e+00
9.343214751107604243e+00
9.399962370503907039e+00
9.313341919079750397e+00
9.298212224075296461e+00
9.282821433816593526e+00
9.267164193403756300e+00
9.251427989688410847e+00
9.235802052939405371e+00
9.220186912767612597e+00
9.280807842249966910e+00
1.008504532436588086e+01
8.484099622443372013e+00
8.429696327682425050e+00
8.404292266190390492e+00
8.403141672869280043e+00
8.397171940233109311e+00
8.373733275795503417e+00
8.349058789728529106e+00
9.163920696038465152e+00
9.151422262128020790e+00
9.054762811071494610e+00
9.038649486412742462e+00
9.022111387081332978e+00
9.004789550426982814e+00
8.988958695940759469e+00
8.975142965886645285e+00
8.960088915699543577e+00
8.945419307091805550e+00
8.931265460448688742e+00
9.067953133771890606e+00
8.182801576372847663e+00
8.156253411450455459e+00
8.151759145122625227e+00
8.144699857915833618e+00
8.124084563828736449e+00
8.099411402417855399e+00
8.832654202555161760e+00
8.822814341699787732e+00
8.810661337221535661e+00
8.795613743468015500e+00
8.876249969842744392e+00
8.762885689346262552e+00
8.746529464201531212e+00
8.732544715701463289e+00
8.718527552998255103e+00
8.704871446791944578e+00
8.692728282987985722e+00
8.678840553939721758e+00
8.664478677434457765e+00
8.651935937032867230e+00
8.642851712926535868e+00
8.810643512825850010e+00
7.888922241787680534e+00
7.864601512552640727e+00
7.967739706064559613e+00
7.855323716774365472e+00
7.836028990817219153e+00
7.817343618266961336e+00
8.551755795851349262e+00
8.540489037835607533e+00
8.529472182859128893e+00
8.515644275171458943e+00
8.499494807956585518e+00
8.483830624695444911e+00
8.470086430987617376e+00
8.458525947970928272e+00
8.446409716794841316e+00
7.707773429552707611e+00
7.687834362949161893e+00
7.672590051102172737e+00
7.660863242450474786e+00
7.646346131378359168e+00
8.544585023667609747e+00
7.617197029125538421e+00
8.352912932904322574e+00
8.343003901069998562e+00
8.456072070008227470e+00
8.321155897643009780e+00
8.307858495021779532e+00
8.294969086661547308e+00
7.540957901090000526e+00
7.528120661573526107e+00
7.517255884101377461e+00
7.506393202325446268e+00
7.493362440672869162e+00
7.480562805495087453e+00
7.469517229309284190e+00
8.203490288463033409e+00
8.192144457166971705e+00
8.654601697931449067e+00
8.168941304092706801e+00
8.157979364172939896e+00
7.402585714128007588e+00
7.392141085515602228e+00
8.321694884532128356e+00
7.371453894859843814e+00
7.361220970851380052e+00
7.363964594951173837e+00
7.354253870689397843e+00
7.344410118576034208e+00
7.334089917773066958e+00
7.323275182809720896e+00
8.059063393630829353e+00
7.301306419257566738e+00
8.036778484213057183e+00
7.279423951931807579e+00
8.015284207512458181e+00
8.004546187666029766e+00
7.247177615386797278e+00
7.236535390184656968e+00
7.225892659733886170e+00
7.215239799002942434e+00
7.204603193005607586e+00
8.135542478547103329e+00
7.184253295864802880e+00
7.174795933080003962e+00
7.165200079910752251e+00
7.903346355628637632e+00
7.145702501221347980e+00
7.135939619673446366e+00
7.126116862487477555e+00
7.863657507059713225e+00
7.853284315416617645e+00
7.095390649423258367e+00
7.084901322182820316e+00
7.076717316307846062e+00
7.066261688529197116e+00
7.055800459037540051e+00
7.045253826969332778e+00
7.034664669209147903e+00
7.024081915943693133e+00
7.011654523631400515e+00
7.001106193443561665e+00
7.739348981526610771e+00
7.919608389342412735e+00
6.970721273641211191e+00
6.961500323305401139e+00
7.700742847476962361e+00
6.942818587416557996e+00
6.933038878484993006e+00
6.923138859157284664e+00
6.913145506386932482e+00
6.903090485714377778e+00
7.470463983040693812e+00
6.882944867674824607e+00
7.621633661341280508e+00
6.863061316542287571e+00
6.852872753225999425e+00
6.842593575125768268e+00
6.824690898515509474e+00
6.814308916344184119e+00
6.803782639630215456e+00
6.793111613223949519e+00
6.772181148609872636e+00
6.761668995061725695e+00
7.699765953838957344e+00
7.492117883647484433e+00
6.732711078691139939e+00
6.723461177923086396e+00
6.714059272858476035e+00
6.704566395562022940e+00
6.694889563545620703e+00
6.685109280503857221e+00
6.675223171034850189e+00
6.665209619575260369e+00
6.655155197750126206e+00
6.645064646528830110e+00
6.635010893256383824e+00
6.625024903735290849e+00
7.366017005945106888e+00
6.605112298240574553e+00
6.595241485500252132e+00
6.579860567122385540e+00
6.569918147293488886e+00
6.560013063848574077e+00
6.550106673433731430e+00
7.495458680945525920e+00
6.531655716296877578e+00
6.523251510383486718e+00
6.519979637744791390e+00
6.507007003427637493e+00
6.498193945528329962e+00
6.489267216993091836e+00
6.480232386995025351e+00
6.471025704325501060e+00
6.461676899385480510e+00
7.203923511230712506e+00
6.442913668019476958e+00
6.433607425392253276e+00
6.424359265828007537e+00
6.415198250108424816e+00
6.406108851767658763e+00
6.397116173869027200e+00
6.388196421506068923e+00
6.379176859233148811e+00
6.370355209395429874e+00
7.114635048341716228e+00
7.107927001302188685e+00
7.120169173193163559e+00
7.132579958117847951e+00
7.134693291663172232e+00
8.107250410016760611e+00
7.134549330552360402e+00
7.134304551555744389e+00
7.126836662109708342e+00
7.114267906541716258e+00
7.105592480261075927e+00
7.095678014377676313e+00
7.081606713701058986e+00
7.069210459729768914e+00
7.060367222431724876e+00
7.052242082731048356e+00
7.041617261377681736e+00
7.030609801473513443e+00
7.022361535573953262e+00
7.014596342097124015e+00
7.005199140642536904e+00
6.994955013680105083e+00
6.985437073708455458e+00
6.977084067417607116e+00
6.967723599552947178e+00
6.957316487610629707e+00
6.948164793732183320e+00
6.939521474752506691e+00
6.930223870367559158e+00
7.912243839382450794e+00
6.912696263760246040e+00
6.905229506951673812e+00
6.897891482408571306e+00
6.889971507725046074e+00
6.882251893748208005e+00
6.874815239212410667e+00
6.866883697929972108e+00
6.858761671293328810e+00
6.850845528240368409e+00
6.842971466172652839e+00
6.216484513535522893e+00
6.162443647106830014e+00
6.118407755042819751e+00
6.114099408484072740e+00
6.122075453954733071e+00
6.107684543516265663e+00
6.075403696626186623e+00
7.052658705132394346e+00
6.062557586325272752e+00
6.060689609575502956e+00
6.780915182889143189e+00
6.771948586179408203e+00
6.020479417179480208e+00
6.013086058733960293e+00
6.007194103618697767e+00
5.997112060370049846e+00
5.986558505756026882e+00
5.980268310049835279e+00
6.718354976498091879e+00
6.711291205109741753e+00
5.959938002510270394e+00
5.947108633275766998e+00
5.938877699762681317e+00
5.930343937964931200e+00
5.923112308145280558e+00
5.914033167504312516e+00
6.890063761139327170e+00
5.900183687170149405e+00
6.640070012936442723e+00
5.889030287442799327e+00
5.886667041585460503e+00
5.880271135171514452e+00
5.874009081816858213e+00
5.867028042061220638e+00
5.859558055430910350e+00
5.852600118036793475e+00
5.845709177914732990e+00
5.838284025843069713e+00
5.830997735848728603e+00
5.823871591194695441e+00
5.816726445539092794e+00
5.809546459214941727e+00
5.802551765727422151e+00
6.784903048713285756e+00
5.789747116633533253e+00
5.784174423223984896e+00
5.778595195836729204e+00
5.772761854019933914e+00
5.766713835972389290e+00
5.760465550659592537e+00
5.753768179746072242e+00
5.747012265965737221e+00
5.740366670469688515e+00
5.733587541080861882e+00
5.726594489120923726e+00
5.719556112390733915e+00
5.712478202851478670e+00
5.705501220388547345e+00
5.698355857148292181e+00
6.671145886010988235e+00
5.685836666711787224e+00
6.429275578539300540e+00
5.674935623549113295e+00
5.698720731893411440e+00
5.691961223837303407e+00
6.431982673119596150e+00
6.422997998823312571e+00
5.667481170907694654e+00
5.644544555193581559e+00
5.785217352208490205e+00
5.776482141708818574e+00
6.580942787514667103e+00
5.620194666672111872e+00
5.639542256556558719e+00
5.632709970032358626e+00
6.373860879743807217e+00
6.365117498742187685e+00
6.355768787247958684e+00
6.345425063400714549e+00
6.333968869200473861e+00
6.323476829198428462e+00
6.332920505187921378e+00
6.490893954421588674e+00
6.455564427828109686e+00
5.579752976308808066e+00
5.683636953575518902e+00
5.569699351545127186e+00
5.630299658834510446e+00
5.624025734631578288e+00
5.585141205895938654e+00
6.304994568692740664e+00
6.301905315493692150e+00
6.312735927670704683e+00
6.311845745401512886e+00
6.289372571199026041e+00
6.271362697967209243e+00
6.270720296413145434e+00
6.270542649995436868e+00
6.261957124596834845e+00
6.249901428235124179e+00
5.514382935601105373e+00
5.490712819235769260e+00
5.484138031673992941e+00
5.483319785457999807e+00
6.480265773389372264e+00
5.456295749873467216e+00
5.445466855636931669e+00
5.438644077252110520e+00
5.432528638253777409e+00
5.421329162797086099e+00
6.409788463311489437e+00
5.403090157650405345e+00
5.400910379577370968e+00
5.391816552827479292e+00
5.379538049946744671e+00
5.371677266790275240e+00
6.109064889571941492e+00
6.099809506157124694e+00
6.090653339961756174e+00
5.337028344939004576e+00
5.325845021630305709e+00
5.317306970390949239e+00
6.288835879478089197e+00
5.301439810087368976e+00
6.035304889219060165e+00
6.029076755853116865e+00
6.021818618101283604e+00
6.015723166289325796e+00
2.235974572521767811e+01
6.441148243326912493e+00
6.870721575546560267e+00
7.084372872364647300e+00
6.487487262786554965e+00
6.567657104146666036e+00
6.576560113927399698e+00
6.491503396537879667e+00
6.355372627376383754e+00
6.232043416910759248e+00
6.153145339761080024e+00
6.104248844967099075e+00
6.110451136604291733e+00
6.098502510434043344e+00
6.836196775291089267e+00
6.846453984359371248e+00
6.825501002688077357e+00
6.776997246985043688e+00
6.725671679265144753e+00
6.683145552965889635e+00
6.642140774489775801e+00
6.599362220402897883e+00
6.564118400369901352e+00
6.542052762728908455e+00
6.524468217824952454e+00
6.501525211452572783e+00
6.441415684288379850e+00
6.423706763636275241e+00
6.411806285346365541e+00
6.397181135791348616e+00
6.376989490109652436e+00
6.356775706676836002e+00
6.340129718823528826e+00
6.323562643227141677e+00
6.303835693749604729e+00
6.283739298506191062e+00
6.266874448122239372e+00
6.251903378116061560e+00
6.235921770626152494e+00
6.219515105701784563e+00
6.204802384267567916e+00
6.191546826408726112e+00
6.178094809295048506e+00
6.164277739136373668e+00
6.151075649816704960e+00
6.138556133837745676e+00
6.125925137673684517e+00
5.420894416976874020e+00
6.103222958489546102e+00
6.094082448996331003e+00
6.085339017061156319e+00
6.076663898039774026e+00
6.068172166464179895e+00
6.060036800904025078e+00
5.340569792472419586e+00
6.045150383021329787e+00
6.037718897617594394e+00
6.029851353977303319e+00
6.022002383815054927e+00
6.014406926069156611e+00
6.006889956135161412e+00
5.999265357516586405e+00
5.991689572468870573e+00
5.260530002492188828e+00
5.977827580622821380e+00
5.970984906215778487e+00
5.963758012460686153e+00
5.956671844076091737e+00
5.949866533453628037e+00
5.942924545931179026e+00
5.205768978109431622e+00
5.197869892708139261e+00
5.922912281784359578e+00
5.916708249993469337e+00
5.909917906183008718e+00
5.902979887085212596e+00
5.896252530648994572e+00
5.889515645693170320e+00
5.882546344391082371e+00
5.875535117215690661e+00
5.868697061002177584e+00
5.861920324808497895e+00
5.855027864764079659e+00
5.121051628860849192e+00
5.114283159697786019e+00
5.834797186596890839e+00
5.828333326282043814e+00
5.821814724758418436e+00
5.815168984779403694e+00
5.808386095465616350e+00
5.801514171868135783e+00
5.794626135622866769e+00
5.061137730602149887e+00
5.054378851499655489e+00
5.774671566472863837e+00
5.768137213365768012e+00
5.761448560927801665e+00
5.754662989530245021e+00
5.747866953576679983e+00
5.741062446106893091e+00
5.734205756076061533e+00
5.727296220696019624e+00
5.720379213495556669e+00
5.713490002703846216e+00
4.981861519635886637e+00
5.699847929176086403e+00
5.693015937719738240e+00
5.686130255393180732e+00
5.679241748925107913e+00
5.693048684290383576e+00
5.686508716547777453e+00
5.679840005877418108e+00
5.673056015685853382e+00
5.666201953340989306e+00
5.659319724725521361e+00
5.652423486014073184e+00
5.645512192133542939e+00
5.638590822258356283e+00
5.631671841696925362e+00
5.625082866066146714e+00
5.618222557363231395e+00
5.611389473822094409e+00
5.604583736523538917e+00
5.597809138514254101e+00
5.591081224115623804e+00
5.584411605702269021e+00
5.577791428261956952e+00
5.571216317936809048e+00
5.564691740001588727e+00
5.558203880055103241e+00
5.551753716879787248e+00
5.545339564955578560e+00
5.538955572558044160e+00
5.532606377384112761e+00
5.526291019650403591e+00
5.520007477398331197e+00
1.489861316557891335e+01
5.603115280806811427e+00
5.701592318669031378e+00
5.808022112292402284e+00
5.895303420216578161e+00
5.955027780969551543e+00
5.986723851145897335e+00
5.996068766971995423e+00
5.990338073516287665e+00
5.968880409629210071e+00
5.387231907033690703e+00
5.936859633621540233e+00
5.923993593518973810e+00
5.947537976793437764e+00
5.945478539692233610e+00
5.944107836565289738e+00
5.935644852459456722e+00
5.919014517526798969e+00
5.899748367096188773e+00
5.882382150176118429e+00
5.867092035126992400e+00
5.853193100845023977e+00
5.841364787048613394e+00
5.831431421071894938e+00
5.821096086047165663e+00
5.807642385607579172e+00
5.793311581078152805e+00
5.777833424929031736e+00
5.762170242196279268e+00
5.746591968470268874e+00
5.731389001864986454e+00
5.727474737634628887e+00
5.713653817732796014e+00
5.699148022536720148e+00
5.683304607571320943e+00
5.805640475186089944e+00
5.789566500338642285e+00
5.773053802680144564e+00
5.176197276481365961e+00
5.152964186620376807e+00
5.122384759044696700e+00
5.092888685976621588e+00
5.067053581114490335e+00
5.052862142328991446e+00
5.043022758246813453e+00
5.031989511500589707e+00
5.016655417916629389e+00
4.866735007177913630e+00
4.848912213440790708e+00
4.835498257586953841e+00
4.827413832605783384e+00
5.528501166759795638e+00
5.519511734397990921e+00
5.507616915943185809e+00
5.495250608638110101e+00
5.489490157653960978e+00
5.479321733613279122e+00
5.469825093872920263e+00
5.461099603778982292e+00
5.453166826363450070e+00
5.445721735395875562e+00
5.438400166722825446e+00
5.430927619076117985e+00
5.423081011153659148e+00
5.414721054294331815e+00
5.639501470477551237e+00
5.397501615153323939e+00
5.389700079777048458e+00
5.381413947400561781e+00
6.586051347677378764e+00
5.364488827841983998e+00
5.356898184314928812e+00
5.349246700406483868e+00
5.351102567322496562e+00
5.338628920539798095e+00
5.326202032070526116e+00
5.313909807285945419e+00
5.301771182562093898e+00
5.289470007087167858e+00
6.477367190533096064e+00
5.261754098313924821e+00
5.246766409579604051e+00
5.230013632821671976e+00
5.211217353119499407e+00
5.189313480705647130e+00
5.164093584581538998e+00
5.134344398545595212e+00
5.098740682259061963e+00
5.056571219405994633e+00
5.006182450800478634e+00
5.071182106855845362e+00
5.009484233981128298e+00
4.983740434784836637e+00
4.946909658476421612e+00
4.928882457007830453e+00
4.920640044841428029e+00
5.685621580711275769e+00
6.910468551725534425e+00
6.891158828749642140e+00
5.656081863017025313e+00
5.641291045693979989e+00
5.626543098362393636e+00
5.613060042701818908e+00
5.601285579754547328e+00
5.583480936058517585e+00
5.573085568722717653e+00
4.814903517501831764e+00
4.805557728015938501e+00
4.805489219677049562e+00
4.799225489712922510e+00
4.785726860701084107e+00
4.775537932954652121e+00
4.769880173964120118e+00
7.209806627482306496e+00
5.159948050250124041e+00
5.752403061026607922e+00
6.146392369503547393e+00
6.359404732734186716e+00
6.512613095900291249e+00
6.651019402328305574e+00
6.731395619851617163e+00
6.726444318179586546e+00
6.634748334367556843e+00
6.479322726996596060e+00
6.287571274077921935e+00
6.139079066020801889e+00
6.001536651464346228e+00
5.853319271377820598e+00
5.706381162209824609e+00
5.594223139048764004e+00
5.526945076795312772e+00
5.500271953714674922e+00
5.485111638701314796e+00
5.468001563216893679e+00
5.447449575094576169e+00
5.425747635917255174e+00
5.403981562778037429e+00
5.380358977792209174e+00
5.349860019835245950e+00
5.316523762540772857e+00
5.275164793827999965e+00
5.237433231901485797e+00
5.205836313757006728e+00
5.178645195062863138e+00
5.153611816078937480e+00
5.131180189221027810e+00
5.112850183999512410e+00
5.098317963841460632e+00
5.085635858066603454e+00
5.073326042693594218e+00
5.061112245168846613e+00
5.049055212887603616e+00
5.036913930629622449e+00
5.024251314868586782e+00
5.010827426783707850e+00
4.997164715670663782e+00
4.984744178152782368e+00
4.974963492685622768e+00
4.967659614978716220e+00
4.961180806291641154e+00
4.954100803441987111e+00
4.946409438190231711e+00
4.938311845867518812e+00
4.931168412646671939e+00
4.924000173388961343e+00
4.916454921909108933e+00
4.908715970002237583e+00
4.901195390855543899e+00
4.894102947991309627e+00
4.887374798078582216e+00
4.880840352957459771e+00
4.874389475578674968e+00
4.868036520431049397e+00
4.861848285405596215e+00
4.855833835566464529e+00
4.849966136927781335e+00
4.844295300237062563e+00
4.838928724422517647e+00
4.833859276679287831e+00
4.828903927153326947e+00
4.823880177869028785e+00
4.818792114362317136e+00
4.813784045219691166e+00
4.808949855289279540e+00
4.804249895234728562e+00
4.799597797225628071e+00
4.794969517131720593e+00
4.790413887908542279e+00
4.785986358277195762e+00
4.781689812326847644e+00
4.777349497219152141e+00
4.773160743746032608e+00
4.768992822044594959e+00
4.764877541953401519e+00
4.760838378104129021e+00
4.756864406988587035e+00
4.752931777733177654e+00
4.749032443293280004e+00
4.745172156462305502e+00
4.741353437843842222e+00
4.737573954942143395e+00
4.733836404962963762e+00
4.730148831133219822e+00
4.726514992766759349e+00
4.722930017497946054e+00
4.719385695091938615e+00
4.715876988645044676e+00
4.712403596449286525e+00
4.708966956718303898e+00
4.705565667345638303e+00
4.702193850354511540e+00
4.698845379955982615e+00
4.695519600103078339e+00
4.692220871839214880e+00
4.688952265558790522e+00
4.685711791356116152e+00
4.682495348831605675e+00
4.679301261541108481e+00
4.676130694572067981e+00
4.672984913856160993e+00
4.669863339603219643e+00
4.666763714468663338e+00
4.663683403029699193e+00
4.660620794914784426e+00
4.657575854244321967e+00
4.654549232302830575e+00
4.651540919685522191e+00
4.648550058631532700e+00
4.645575850389048966e+00
4.642618053419308666e+00
4.639676550299059343e+00
4.636750910076036014e+00
4.633840513076092904e+00
4.630944774230041361e+00
4.628063114735382122e+00
4.625194946460729817e+00
4.622281563439442742e+00
4.619439824836570452e+00
4.616578361521019858e+00
4.613757800138930776e+00
4.610947347648218120e+00
4.608146582016891202e+00
4.605354921927983902e+00
4.602571730253153248e+00
4.599796369653008199e+00
4.597028078356419911e+00
4.594265834383559621e+00
4.591508401116419336e+00
4.588754455465245741e+00
4.586002593109718362e+00
4.583251216930100291e+00
4.580498461121093712e+00
4.577742209136371088e+00
4.574980154290214429e+00
4.572209862432149663e+00
4.569428829765649347e+00
4.566634550381426294e+00
4.563824660473396300e+00
4.560997241491410392e+00
4.558151273878117138e+00
4.555287147357359068e+00
4.552407166580552556e+00
4.549516042978210884e+00
4.546621290894205636e+00
4.543733304661943251e+00
4.540864843282665042e+00
4.538029739042911181e+00
4.535240834130540577e+00
4.532507424564608201e+00
4.529832828595366401e+00
4.527212945879970363e+00
4.524636600674223352e+00
4.522087935622897348e+00
4.519550281386707447e+00
4.517010196434982916e+00
4.514460228411663500e+00
4.511899537890363021e+00
4.509332490732822052e+00
4.506766092598519791e+00
4.504207365158873877e+00
4.501661495526992240e+00
4.499131091003532923e+00
4.496616401580040723e+00
4.494116098487331179e+00
4.491628163512300986e+00
4.489150581376919469e+00
4.486681715724696318e+00
4.484220399110276922e+00
4.481765847036154327e+00
4.479317517422447104e+00
4.476874999161672974e+00
4.474437959271869047e+00
4.472006137182758856e+00
4.469579356832849015e+00
4.467157528969734059e+00
4.464740632085960392e+00
4.462328680848969498e+00
4.459921699748571555e+00
4.457519710329517437e+00
4.455122725266420503e+00
4.452730738458290816e+00
4.450343709116561186e+00
4.447961548164080625e+00
4.445584117603449847e+00
4.443211247156833466e+00
4.440842762631540097e+00
4.438478514017345056e+00
4.436118392821260414e+00
4.433762335781072927e+00
4.431410319029301270e+00
4.429062348275553340e+00
4.426718448057680000e+00
4.424378650608909780e+00
4.422042984329518589e+00
4.419711462818334269e+00
4.417311996481159575e+00
4.414989504182219804e+00
4.412670792860349245e+00
4.410355863850520031e+00
4.408044705648605621e+00
4.405737296686302429e+00
4.403433608932326493e+00
4.401133611420915415e+00
4.398829088454450087e+00
4.396536370028006679e+00
4.394247284335748738e+00
4.391961830199109684e+00
4.389680006854001171e+00
4.390424115538308136e+00
4.388145598528728542e+00
4.385870161423056857e+00
4.383600812560684901e+00
4.381336924658595144e+00
4.379075853963248832e+00
4.376816063545239999e+00
4.374558398546628091e+00
4.372304787821050809e+00
4.370056169782936095e+00
4.367811820551144919e+00
4.365570523066836905e+00
4.363332000688873613e+00
4.361096996295497519e+00
4.358866212481179225e+00
4.356639566188650114e+00
4.354416480545891588e+00
4.352196603730777547e+00
4.349980089778983761e+00
4.347767278851801365e+00
4.345558241408902234e+00
4.343352688853557630e+00
4.341150308809498704e+00
4.338951102287573747e+00
4.336755317379883401e+00
4.334563093522483257e+00
4.332374275917897144e+00
4.330188593461344659e+00
4.328005936142216292e+00
4.325826412937676224e+00
4.323650177461788147e+00
4.321477243019313796e+00
4.319307470477057542e+00
4.317140715614897317e+00
4.314976964648111313e+00
4.312816313314212557e+00
4.310658831808762415e+00
4.308504483556025555e+00
4.306353177085480155e+00
4.304204863844853790e+00
4.302059567186487854e+00
4.299917332649019208e+00
4.297778169916529833e+00
4.295642043930746112e+00
4.293508913162360940e+00
4.291378767781166559e+00
4.289251626502783132e+00
4.287127502145825275e+00
4.285006381417995946e+00
4.282888239700794131e+00
4.280773065510095954e+00
4.278660864094192107e+00
4.276551641574611651e+00
4.274445391908108682e+00
4.272342099783465130e+00
4.270241753232024706e+00
4.268144351120992219e+00
4.266049897757541842e+00
4.263958391812090021e+00
4.261869823286487780e+00
4.259784181423871274e+00
4.257701462501995771e+00
4.255621668322738138e+00
4.253544799097512374e+00
4.251470849775955685e+00
4.249399812754331762e+00
4.247331682776858131e+00
4.245266458700729828e+00
4.243204140781415390e+00
4.241144726977515766e+00
4.239088212531195055e+00
4.237034592817118472e+00
4.234983865593963337e+00
4.232936030192520960e+00
4.230891085282930675e+00
4.228849028035655877e+00
4.226809855155353013e+00
4.224773564213425203e+00
4.222740153880731206e+00
4.220709623026592361e+00
4.218681969805871290e+00
4.216657191790888604e+00
4.214635286872982611e+00
4.212616253723972193e+00
4.210600091331612838e+00
4.208586798344361668e+00
4.206576373014061510e+00
4.204568813641277991e+00
4.202564118912006208e+00
4.200562287801868244e+00
4.198563319240549596e+00
4.196567211937573205e+00
4.194573964556252754e+00
4.192583576001915446e+00
4.190596045456938867e+00
4.188611372152248435e+00
4.186307863362852544e+00
4.184328252539884829e+00
4.182351341845466308e+00
4.180377094777457003e+00
4.178405581606142505e+00
4.176436871047106258e+00
4.174470923083069884e+00
4.172507797790502515e+00
4.170547513563856334e+00
4.168590041149065506e+00
4.166635430095620762e+00
4.164683671217993322e+00
4.162734754335938092e+00
4.160788716417215483e+00
4.158845537720320173e+00
4.156905222615789874e+00
4.154967788161609832e+00
4.153033213030493442e+00
4.151101511308289638e+00
4.149172687542555416e+00
4.147246730425395711e+00
4.145323655574678412e+00
4.143403457044182225e+00
4.141486132568300782e+00
4.139571693338980118e+00
4.137660131674544495e+00
4.135751452805910944e+00
4.133845660325173199e+00
4.132045033914046428e+00
4.130145546875215956e+00
4.128248926087847437e+00
4.126355213207958172e+00
4.124464440216059735e+00
4.887786428643279280e+00
4.120697812760322876e+00
4.118822958303196557e+00
4.116952201361905317e+00
4.115084097499950744e+00
4.113212783359656122e+00
4.111343443878155313e+00
4.109473834182852059e+00
4.107605091912949646e+00
4.105740784481782590e+00
4.103878259301246167e+00
4.102020511034233152e+00
4.100166830736797330e+00
4.098315905531260128e+00
4.861709337035317269e+00
4.094627323284115050e+00
4.092791367890070475e+00
4.090956993719025547e+00
4.089127963178997405e+00
4.087297540698897613e+00
4.085468945286739206e+00
4.083642196107081013e+00
4.081815338947944127e+00
4.079992773551320617e+00
4.078171899573882264e+00
4.076354765534388136e+00
4.839798305920660404e+00
4.072739452261418869e+00
4.070937054368893193e+00
4.069141227109645875e+00
4.067343826781145033e+00
4.065547236199495096e+00
4.063753392575275569e+00
4.061958470861743109e+00
4.060168269047379042e+00
4.058379240355455053e+00
4.821886689216535515e+00
4.054825897590069061e+00
4.053050651416988615e+00
4.051284775714962372e+00
4.049517560215383227e+00
4.047747001044677440e+00
4.045983719451853311e+00
4.044215330080666249e+00
4.807736634711961443e+00
4.040706089004876489e+00
4.038963352939645368e+00
8.993342154104094988e+00
4.874691012063125939e+00
4.997492007534434677e+00
5.106756955047280222e+00
5.171384977326114019e+00
5.198146860465814534e+00
5.209601357082735973e+00
5.210991138515878696e+00
5.201834087563062425e+00
5.184920158389749290e+00
5.158691645830824513e+00
5.129226091919793618e+00
5.096658098281656279e+00
5.065064996528939822e+00
5.034339256483928438e+00
5.009936835774844610e+00
4.989114607867449536e+00
4.262516481749403674e+00
4.225960139720404740e+00
4.196440714287240858e+00
4.183321842918775957e+00
4.185424989507334992e+00
4.191322124167633945e+00
4.190224726060508331e+00
4.178557399361190861e+00
4.156853697699713024e+00
4.136512033881122541e+00
4.121852352364360428e+00
4.113159166090047059e+00
4.107269380046353113e+00
4.101406193923765819e+00
4.093444883263741119e+00
4.083306683810969062e+00
4.073933176986229476e+00
4.067557283482520880e+00
4.063899083480414731e+00
4.061111536521446297e+00
4.056964393235929833e+00
4.050346747612728393e+00
4.042632127232034023e+00
4.036076865558108295e+00
4.031574288246895676e+00
4.028599927189778107e+00
4.025877820434851984e+00
4.022204679334327793e+00
4.017571257119168848e+00
4.012952521247942883e+00
4.009021169965907738e+00
4.005774328512366367e+00
4.002813854812599104e+00
3.999646450439457990e+00
3.996154813308767206e+00
3.992784364916549311e+00
3.989955002960750896e+00
3.987631453807129134e+00
3.985527785681521440e+00
3.983352076220009863e+00
3.980922208541476159e+00
3.978311289480715551e+00
3.975782176216380748e+00
3.973492121970537472e+00
3.971393463488963604e+00
3.969360611484929358e+00
3.967291599107748201e+00
3.965167893253472631e+00
3.963083032652571891e+00
3.961130985322764975e+00
3.959288549296910986e+00
3.957464722997495521e+00
4.720718822853841701e+00
4.718774725664961700e+00
3.951968836919591777e+00
3.950111059527462665e+00
3.948255902006327478e+00
3.946453383019214556e+00
3.944726484398350497e+00
3.943062615016748929e+00
3.941384120064680641e+00
3.939646416505697246e+00
3.937890594107592790e+00
3.936164325367877304e+00
3.934494731152346603e+00
3.932886601144845340e+00
3.931295976519977309e+00
3.929679012850822328e+00
4.693528592841486713e+00
3.926428024073075562e+00
3.924816526320351606e+00
3.922941263304884352e+00
3.921365282161433541e+00
3.919797772087309173e+00
3.918231286566306260e+00
4.682319540764703802e+00
3.915125358700215941e+00
3.913598857159624078e+00
4.677632708174728648e+00
3.910596574706389106e+00
3.909110269147348937e+00
3.907607512296054519e+00
3.906091962968909481e+00
3.904576652303145767e+00
3.903071744253042041e+00
3.901578542393107973e+00
4.665790299192740243e+00
4.664314651276945334e+00
3.897169600325958605e+00
3.895715402794916571e+00
3.894269474006445186e+00
3.892825813859919659e+00
3.891373638355819065e+00
4.655514466111746685e+00
3.888502624309051914e+00
3.887065747247754111e+00
4.651229358090310129e+00
3.884224189768935354e+00
3.882812910428178554e+00
3.881400947700315740e+00
3.879984359055564269e+00
3.878494218131150362e+00
4.642787570443294598e+00
4.641376066377329579e+00
3.874328967245309840e+00
3.872955477604235419e+00
3.871582975312618746e+00
3.870205509785131781e+00
3.868812413960684982e+00
3.867426281556226808e+00
4.631775771033979971e+00
4.630414780375149419e+00
4.628995747757006285e+00
3.862028196591411167e+00
3.860715800791902463e+00
3.859390073595246662e+00
3.858047845042318791e+00
3.856692637686867986e+00
3.855332233105896567e+00
3.853972485937211978e+00
4.618313590139184299e+00
4.617009153468414340e+00
3.849978567395254458e+00
3.848664444772178950e+00
4.613000651306911060e+00
3.846065781995985589e+00
3.844773146914524098e+00
3.843465638533975159e+00
3.842147881404743615e+00
4.606517616754940647e+00
4.605218982114761772e+00
3.838282595243444284e+00
3.837005352959378168e+00
3.835725559483034175e+00
3.834436260183115230e+00
3.833135745794130411e+00
4.597598219193819169e+00
4.596333939141473479e+00
4.595014122983695160e+00
3.828114813488062929e+00
3.826893645975269376e+00
3.825647213361213161e+00
3.824381506389088692e+00
3.823105612850372648e+00
3.821828364170646530e+00
4.586305641516133846e+00
4.585088015759875013e+00
4.583817371426450293e+00
3.816887330626658414e+00
3.815679596508402938e+00
3.814467145368103385e+00
3.813231091286329644e+00
3.811989832486946561e+00
4.576438213466465399e+00
4.575233521547561466e+00
4.573980792842561982e+00
3.807173294607003378e+00
3.805997235023699687e+00
3.804797446622319779e+00
3.803579582187637254e+00
3.802353173348460125e+00
3.801125588992841475e+00
4.565709949905436105e+00
4.564552553795312662e+00
4.563339084576751858e+00
4.562081394409511326e+00
3.795257269836774583e+00
3.794134215085773754e+00
3.792984714034994820e+00
3.791802962126773924e+00
3.790601607705799569e+00
3.789390948267088888e+00
4.553925964339138766e+00
4.552805265138774260e+00
4.551632368282520602e+00
3.784744989342271104e+00
3.783611212846510696e+00
3.782470121196430668e+00
3.781306632029970416e+00
4.545881784565640515e+00
4.544747942750696268e+00
4.543567625862501735e+00
3.776822461123651387e+00
3.775724924853818276e+00
3.774593772117173618e+00
2.519178551360251817e+01
4.762150283890528080e+00
5.120972084077579645e+00
5.375335407418032396e+00
5.494206137922651223e+00
5.544148467662079582e+00
5.562019147718223699e+00
5.546206383416810937e+00
4.741420821318991230e+00
4.647626778157420091e+00
4.543146516368291365e+00
4.455939727290877173e+00
4.402466063037170585e+00
4.374588194271579411e+00
5.120647316585440478e+00
5.109456228365555575e+00
5.096496069688694952e+00
5.075158877994661921e+00
5.042369502561570016e+00
5.005886215579965715e+00
4.975406088958067130e+00
4.952800993827811915e+00
4.934126634015538748e+00
4.915648759061899575e+00
4.895611817393568543e+00
4.873372050331091110e+00
4.852155735153073302e+00
4.835433227142473811e+00
4.820554828258171831e+00
4.806709301990664152e+00
4.793653041405912418e+00
4.784689485312020096e+00
4.778960156706706819e+00
4.057420913975935406e+00
4.040627204843771914e+00
4.021780673558738251e+00
4.007023515700394611e+00
3.998269882764670768e+00
3.992728983091647699e+00
3.984657993543716525e+00
3.972461511632902287e+00
3.959347964137881259e+00
3.949361341290431149e+00
3.944392506044435365e+00
4.706389358484076801e+00
4.705279054343246337e+00
4.704214352543371724e+00
4.702132736193366469e+00
4.698555090773872678e+00
4.693517500204063886e+00
4.687786855951306286e+00
4.682296439967430501e+00
4.677256053869401242e+00
3.910806627007666236e+00
3.905713828476170324e+00
3.902048721959780586e+00
3.899795180189371990e+00
3.898007661610210839e+00
3.895409291889368575e+00
3.891662355274022822e+00
3.887622169309218556e+00
3.884262893116654070e+00
3.881947680524924671e+00
4.644333127938669925e+00
4.642312228529871021e+00
4.640103830325355005e+00
4.637701193174443404e+00
4.635152269166050942e+00
4.632546507486480003e+00
4.630002786719247254e+00
5.992254604628900694e+01
5.220451828762003643e+00
6.139580176644578557e+00
6.691425903618515747e+00
6.964635013390145346e+00
7.144587066612602122e+00
7.275419377921050312e+00
7.359816393736752893e+00
7.410519784153001943e+00
7.471271258644254232e+00
7.459058116910345149e+00
7.388480394146951902e+00
7.253067300596912403e+00
6.529018615078303611e+00
6.951694785947411859e+00
6.863470921388041823e+00
6.811581324920078728e+00
6.763332764790733975e+00
6.695612867461625761e+00
6.607424973270935809e+00
6.514000560628194769e+00
6.432917008974323281e+00
6.372484956376904819e+00
6.328429134246890797e+00
6.289862643219477079e+00
6.248890515939981682e+00
6.205766366358418828e+00
6.165318045075209419e+00
6.133682095984695160e+00
6.113402583955566350e+00
6.102550007117941711e+00
6.095450285156620573e+00
6.085516077546989422e+00
6.069477539518162601e+00
6.049647658154578167e+00
6.031498436292304532e+00
6.018576211978770019e+00
6.009434691383534144e+00
5.999703440077658989e+00
5.986346450624645321e+00
5.970085074803069602e+00
5.953886144278811798e+00
5.940047871083450559e+00
5.928913451074448560e+00
5.919581141882715336e+00
5.910963846795889154e+00
5.902222626381446346e+00
5.892930320121595678e+00
5.883299468846178826e+00
5.874103419917245716e+00
5.866019801628459263e+00
5.858939533722290705e+00
5.852017161000677703e+00
5.842519378379009254e+00
5.834304785224253997e+00
5.824284147174243920e+00
5.816657138187538933e+00
5.809796134029069137e+00
5.803350268010760260e+00
5.796914717992571298e+00
5.790378549376708150e+00
5.783929148188455827e+00
5.777821837663231541e+00
5.772174795998596508e+00
5.766933582957833870e+00
5.761957212005873075e+00
5.757108263394981051e+00
5.752299486217197888e+00
5.747518311175333849e+00
5.742832248442395482e+00
5.738343439775775323e+00
5.734100019183101971e+00
5.730043066249089101e+00
5.726055651660956869e+00
5.722073118426701299e+00
5.718138811931758880e+00
5.714348460523742901e+00
5.710751394453438934e+00
5.707314844458421632e+00
5.703972237255504396e+00
5.700685348241989914e+00
5.697457675373930996e+00
5.694307770174757977e+00
5.691246712036536870e+00
5.688276631156191421e+00
5.685394485156402666e+00
5.682590279764444752e+00
5.679848702550328809e+00
5.677160471283179355e+00
5.674531458905549108e+00
5.671975973134416371e+00
5.669499898887313094e+00
5.667092421347579290e+00
5.664734619506978319e+00
5.662414289728308070e+00
5.660131998158411726e+00
5.657895247448884390e+00
5.655709206155565383e+00
5.653572504083294703e+00
5.651479390218808518e+00
5.649424316186800077e+00
5.647404907085777026e+00
5.645421869385719660e+00
5.643476839961516944e+00
5.641570205168192409e+00
5.639700304812329534e+00
5.637864026025667386e+00
5.636057969487727526e+00
5.634279548746352617e+00
5.632527685593895939e+00
5.630802672910649065e+00
5.629105018493397061e+00
5.627434078755777058e+00
5.625787853794134818e+00
5.624164253268617131e+00
5.622562454509148822e+00
5.620982842407906688e+00
5.619425721017300646e+00
5.617890353827254657e+00
5.616375269682567506e+00
5.614879185346929091e+00
5.613401417967314622e+00
5.611941594048155402e+00
5.610499294830535000e+00
5.609074033917731406e+00
5.607665332463909635e+00
5.606272633271524697e+00
5.604895219912802595e+00
5.603532379595014490e+00
5.602183660371028218e+00
5.600848874289218848e+00
5.599527814354204658e+00
5.598220023586211624e+00
5.596924870028129106e+00
5.595641797814208118e+00
5.594370458602496043e+00
5.593110629238897680e+00
5.591862066483857419e+00
5.590624454421208256e+00
5.589397445490734917e+00
5.588180710788569705e+00
5.586973956631721805e+00
5.585776922433054459e+00
4.831604216389973061e+00
5.583486264623806150e+00
5.582444806740729959e+00
5.581429679070796013e+00
5.580411014024387661e+00
5.579369161676774880e+00
5.578295354279230622e+00
5.577189805589744864e+00
5.576058769790759762e+00
5.574911548237413861e+00
5.573758115075428954e+00
5.572607647066854852e+00
5.571467681670611682e+00
5.570343446357300721e+00
5.569237346634497321e+00
5.568149031964422235e+00
5.567076230933382774e+00
5.566015938874497415e+00
5.564965326538372281e+00
5.563922116153621644e+00
5.562884614621313339e+00
5.561851658310044577e+00
5.560822544866143247e+00
5.559796940381460217e+00
5.558774792290714473e+00
5.557756275974679028e+00
4.799856736584634298e+00
5.555757593275441053e+00
5.554831828384780401e+00
5.553936314625541826e+00
5.553045632564430178e+00
5.552142127585092624e+00
5.551216881568079131e+00
5.550268146285048942e+00
5.549299019470862682e+00
5.548315272558127731e+00
5.547323633602573523e+00
5.546330623982997032e+00
5.545341820253115728e+00
5.544361269088676991e+00
5.543391026873850436e+00
5.542431139335233681e+00
5.541480261653228823e+00
5.540536609215643615e+00
5.539598670338590658e+00
5.538665415798357472e+00
5.537736193117293482e+00
5.536810595593836481e+00
5.535888389644233243e+00
5.534969440304508659e+00
5.534053624508455727e+00
5.533140785600012990e+00
4.772962113463955269e+00
5.531346177691020216e+00
5.530501490609130322e+00
5.529675979183522827e+00
5.528851220934852151e+00
5.528014840512777361e+00
5.527161102081491251e+00
5.526289556488711341e+00
5.525403180100335376e+00
5.524506715894068165e+00
5.523605386770824133e+00
5.522704001797469786e+00
5.521806384111926036e+00
5.520914987469192958e+00
5.520030704598913651e+00
5.519153040280130540e+00
5.518280699316830962e+00
5.517412305295294139e+00
5.516546853717787080e+00
5.515683773189349992e+00
5.514822787671331383e+00
5.513963800380555114e+00
4.752056553097500746e+00
5.512262102707510714e+00
5.511443662589444514e+00
5.510640285393659354e+00
5.509840411843004659e+00
5.509035005646358840e+00
5.508218902845220200e+00
5.507390719296147985e+00
5.506551862579625478e+00
5.505705316300408825e+00
5.504854650910301572e+00
5.504003356108787770e+00
5.503154362298051439e+00
5.502309656422010420e+00
5.501470062713153197e+00
5.500635312151856304e+00
5.499804398402146965e+00
5.498976057931836081e+00
4.735387778430609984e+00
5.497335852236416187e+00
5.496530271096466080e+00
5.495728783230989123e+00
5.494927807593386504e+00
5.494124663160848243e+00
5.493317769600838396e+00
5.492506552045401946e+00
5.491691247900389428e+00
5.490872663696544365e+00
5.490051928700665940e+00
5.489230294085476913e+00
5.488408962906056843e+00
5.487588917200142191e+00
5.486770776269404237e+00
4.722330787644858141e+00
5.485159263562669807e+00
5.484365784121565390e+00
5.483571768276062741e+00
5.482775157301555069e+00
5.481974932568937753e+00
5.481171061774992914e+00
5.480364124852894925e+00
5.479554949727905466e+00
5.478744392844567379e+00
5.477933225653126570e+00
5.477122060879537457e+00
4.712255510899953315e+00
5.475519846311132532e+00
5.474728021235584663e+00
5.473934101171750832e+00
5.473136767990036233e+00
5.472335554684078396e+00
5.471530816185270041e+00
5.470723366509512964e+00
5.469914069763657238e+00
4.704740805451748997e+00
5.468311994971232437e+00
5.467517228628206993e+00
5.466718679041253637e+00
5.465916188507160101e+00
5.465110024973473202e+00
5.464300782765697306e+00
5.463489241512319516e+00
4.698206795222441556e+00
5.461879021757913399e+00
5.461078507055903586e+00
5.460274191595861026e+00
5.459466094779348744e+00
5.458654594989459596e+00
4.693269267589281313e+00
5.457040474968481547e+00
5.456236585014391238e+00
5.455427984622426507e+00
5.454614664117098499e+00
5.453797133106323081e+00
5.452976196206107851e+00
4.687557548161430887e+00
5.451342142663769152e+00
5.450527427791754143e+00
5.449708430951684335e+00
4.684245476580263023e+00
5.448074624191751703e+00
5.447258831166281290e+00
5.446437435417234241e+00
5.445610535691464804e+00
5.444778689676241790e+00
5.443942679192886658e+00
4.678469379978704268e+00
4.677618014555587678e+00
5.441459303438257677e+00
5.440637515460248430e+00
5.439808698808245246e+00
5.438972381784856758e+00
5.438128904182946144e+00
5.437279126922812900e+00
5.436424224778569680e+00
5.435565379479710302e+00
4.670059692491065562e+00
4.669205658408697168e+00
5.433010863748662267e+00
5.432163702568095331e+00
5.431309824231591143e+00
5.430448847143299673e+00
5.429580817572916551e+00
4.663991554739087775e+00
5.427842817461797864e+00
5.426972046808772099e+00
4.661366579974536073e+00
5.425226724938247536e+00
5.424350894310605575e+00
5.423466692452152849e+00
5.422574638547001058e+00
4.656951205423065510e+00
4.656043501053801492e+00
5.419909158558275486e+00
5.419021702486266356e+00
5.418123294100523069e+00
5.417214103427700600e+00
5.416295294175255570e+00
5.415368151396648067e+00
4.649698851232897390e+00
4.648777032084162819e+00
5.412597273661913455e+00
5.411673885645514659e+00
5.410739530680800158e+00
5.409794550845704819e+00
4.644081812508321860e+00
4.643121007743483908e+00
5.406962023877571966e+00
5.406015389753099143e+00
5.405055497823791910e+00
5.404082665973420241e+00
5.403098088075682703e+00
4.637321351168459671e+00
4.636336826579018577e+00
5.400144943483998539e+00
5.399157087083727546e+00
5.398155474152085631e+00
4.632313336796955561e+00
5.396135685282708039e+00
5.395116231657716810e+00
4.629257425980854990e+00
5.393059205635783115e+00
4.627171932702425217e+00
5.390990962560608502e+00
5.389944638068108418e+00
5.388881680181096812e+00
4.622941183656148922e+00
5.386734730589489928e+00
4.620785547663322390e+00
5.384573405753611652e+00
5.383479200662421249e+00
5.382367316666626600e+00
4.616399113796501474e+00
4.615273719217246828e+00
5.379009727009724351e+00
5.377879316849936586e+00
5.376728926853761692e+00
4.610683807747099294e+00
4.609509724404603048e+00
5.373246156756668057e+00
5.372070676683144974e+00
5.370872648518915327e+00
5.369653388144365991e+00
4.603552544701946303e+00
4.602332730749742140e+00
4.601072280556530281e+00
5.364748037657770752e+00
5.363506903742051080e+00
5.362239119620671346e+00
5.360945839457921025e+00
4.594694309198655624e+00
4.593391985311149561e+00
5.357018062261698077e+00
5.355688548800213056e+00
4.589389770490186926e+00
4.588021746937434031e+00
5.351637557236132103e+00
5.350261940528900695e+00
5.348856243608096861e+00
4.582445234142910273e+00
4.581017558074601759e+00
5.344569951921892326e+00
5.343113954004780730e+00
4.576634422223900600e+00
5.340143671426736738e+00
4.573643148576171491e+00
4.572108278961191097e+00
5.335607164859498042e+00
5.334060791044960226e+00
5.332477951917488745e+00
4.565844264642666239e+00
4.564239125600384028e+00
5.327636131564251976e+00
4.560949231006265592e+00
5.324337886101128348e+00
5.322649326709440132e+00
4.555900680051563789e+00
4.554174299530306946e+00
4.552406151223715725e+00
5.315745360378375750e+00
5.313972336522295947e+00
5.312153521146889545e+00
5.310291831861844614e+00
4.543384011495991359e+00
4.541528153276082058e+00
4.539622172995031235e+00
4.537670445441770006e+00
4.535680323809640591e+00
5.298885353767674999e+00
5.296920949934929013e+00
5.294900256461243515e+00
5.292826224884628061e+00
5.290703748986160804e+00
4.523502035282278122e+00
4.521410780782566086e+00
4.519264693855847170e+00
4.517064929055480071e+00
4.514818386066551170e+00
4.512534364609980031e+00
5.275498805707634631e+00
5.273242285402440110e+00
5.270918155225937873e+00
5.268530634560853798e+00
4.500881812619929256e+00
4.498488043327848018e+00
4.496045810172392798e+00
4.493553867428892623e+00
5.256248728045673779e+00
5.253708252222528685e+00
4.485914817332226967e+00
4.483309517566035574e+00
4.480654951125517371e+00
5.243232364715597171e+00
5.240523920230355515e+00
4.472521706019250587e+00
4.469749413881226374e+00
4.466928223670573850e+00
4.464060472129078860e+00
5.226514475571930163e+00
5.223604553453442989e+00
5.220619645517844631e+00
4.452329945285292467e+00
4.449324343342081711e+00
4.446264797595143037e+00
4.443152153670700599e+00
4.439990856368936534e+00
4.436786696857622836e+00
5.198992192728656647e+00
5.195765812837153774e+00
5.192455716862903081e+00
4.423711199431554775e+00
4.420368849956906487e+00
4.416977157802691956e+00
4.413535775470912803e+00
4.410047190899666347e+00
5.171944544163332935e+00
5.168403376850953634e+00
4.399409441096126194e+00
4.395802378938453714e+00
4.392148285283854925e+00
4.388450336471848345e+00
5.150177729968056894e+00
4.380963667054599497e+00
5.142652752189154519e+00
4.373372775032690285e+00
4.369531988283211099e+00
4.365651753633257748e+00
4.361735210042105848e+00
5.123333527082881034e+00
5.119373269708073160e+00
4.349873909251765980e+00
4.345883558166214300e+00
4.341860933714082549e+00
4.337808120233134446e+00
4.333730119878861586e+00
5.095120998885223962e+00
5.091042711861192060e+00
4.321370196698969934e+00
4.317278113912284887e+00
4.313168994260175637e+00
4.309045562001527330e+00
4.304912527517728016e+00
5.066445787778167897e+00
5.062331169319915780e+00
4.292564645475208884e+00
4.288469614556382759e+00
4.284372753100040399e+00
4.280276620579305913e+00
4.276186279479604835e+00
5.026418111212837658e+00
5.022369617763353666e+00
4.252606738481662596e+00
4.248602549216410118e+00
4.244610743549731779e+00
4.240633502955050815e+00
4.236674942333735316e+00
4.998532104404402432e+00
4.994644862719041178e+00
4.225015692183081484e+00
4.221201733017052149e+00
4.217408225037217129e+00
4.213636009323322718e+00
4.209888497200972246e+00
4.972043730492660352e+00
4.968385491125750342e+00
4.198885488045158709e+00
4.195292306885952449e+00
4.191720646170666420e+00
4.188170735437672043e+00
4.950553351122329637e+00
4.181168666738912520e+00
4.943634203872042221e+00
4.174307317300860021e+00
4.170919046199339952e+00
4.167547719638728054e+00
4.164194460861899039e+00
4.926863972158175287e+00
4.923577954257670086e+00
4.154331168944300323e+00
4.151102726435422774e+00
4.147887482725458597e+00
4.144685750322762985e+00
4.907516554070225467e+00
4.138356260035575218e+00
4.901258387677902562e+00
4.132137646952346088e+00
4.129060045548133218e+00
4.125993206663732593e+00
4.888991513307046510e+00
4.119924538220191224e+00
4.116920984427549612e+00
4.880018409209476715e+00
4.110975677512280768e+00
4.108032111381871410e+00
4.871202711834582644e+00
4.102203171222222444e+00
4.099315925043879538e+00
4.096437196927204205e+00
4.859729124650316479e+00
4.856886886565233041e+00
4.087942738899474904e+00
4.085153872273765252e+00
4.082368889748284602e+00
4.079588692887649692e+00
4.076816020518851502e+00
4.840280664634387442e+00
4.837568386783730467e+00
4.834828068753323826e+00
4.065980537045011722e+00
4.063327738985837101e+00
4.060673400606456873e+00
4.058017547145779780e+00
4.055362937989587024e+00
4.052713740812901477e+00
4.816338952657296169e+00
4.813766600689783459e+00
4.811162074447315362e+00
4.042361665481054800e+00
4.039825103365265235e+00
4.037287130095603693e+00
4.034747373910653856e+00
4.032207765431365942e+00
4.795948625496150974e+00
4.793464044697858029e+00
4.790951234899520017e+00
4.022269042635176817e+00
4.019829997516378484e+00
4.017384537618803542e+00
4.014933733656282477e+00
4.012480463386624230e+00
4.776300109123834403e+00
4.773655852284969470e+00
4.771235680157825954e+00
4.002626525143787362e+00
4.000385834600727719e+00
3.998021009742743548e+00
3.995649576185058560e+00
3.993275045802946899e+00
4.757229847814473445e+00
4.754921387110970343e+00
4.752581726451388988e+00
3.983980916393992100e+00
3.981698288606432712e+00
3.979407535985687971e+00
3.977110137973940418e+00
4.741111558403455994e+00
4.738850824761994929e+00
3.970304442396346722e+00
3.968060803919322144e+00
3.965809799821989223e+00
4.729896693981719302e+00
4.727673503187173054e+00
3.959139876755164433e+00
3.956939548963978481e+00
3.954731141097959757e+00
4.718870016560072322e+00
4.716685603993395759e+00
3.948184190732250354e+00
3.946023071671637794e+00
4.710156366574054232e+00
3.941713828142208165e+00
3.939564510208617421e+00
4.703742028661022090e+00
4.701606634857166789e+00
3.933187203109287378e+00
3.931080111385704789e+00
3.928960995302948067e+00
4.693168984132807253e+00
4.691078023003989017e+00
3.922675694944085301e+00
3.920600065140178891e+00
4.684827984819135871e+00
3.916458914197472385e+00
4.680704476710825901e+00
3.912357740892165925e+00
3.910310012207927066e+00
4.674587020072824117e+00
4.672551417071557189e+00
3.904230867991888232e+00
3.902221090241562163e+00
3.900197556259294096e+00
4.664513739365391487e+00
4.662522411555428015e+00
4.660505583336103541e+00
3.892257987972529421e+00
3.890302356063434441e+00
3.888327069209838172e+00
3.886336442037588323e+00
4.650675016562667352e+00
4.648743843596923497e+00
4.646784531348009395e+00
3.878541856648308528e+00
3.876625013379631390e+00
3.874691972571213228e+00
4.639062839145493555e+00
4.637153891040119547e+00
3.868953521033310139e+00
3.867056524880034818e+00
4.631455431944828227e+00
4.629562842378851073e+00
3.861419146878807940e+00
3.859552820042901011e+00
3.857669484843956553e+00
4.622108391399907923e+00
4.620264557819712792e+00
4.618395686463531824e+00
3.850286792321911733e+00
3.848469068192405196e+00
3.846631019578142130e+00
4.611053905871925984e+00
4.609243247947510724e+00
3.841171552800779043e+00
3.839366281064282127e+00
4.603842533708797369e+00
4.602049252504087917e+00
3.834002751767955353e+00
3.832227714112926620e+00
4.596706793530960233e+00
3.828676746791653152e+00
4.593195207878270736e+00
4.591431616755546230e+00
3.823447283967019494e+00
3.821714355643716310e+00
3.819961478602084792e+00
4.584503453630329517e+00
4.582793504707230348e+00
5.157722107759775021e+00
3.822355650539521754e+00
3.845914207343866131e+00
3.838720119462153413e+00
3.853816158565790850e+00
3.860166060143138900e+00
3.860502819931867613e+00
3.857967211812745489e+00
3.853600342322101913e+00
3.846799948664848756e+00
3.837580879874559869e+00
4.598091947477355390e+00
4.590855911071029638e+00
4.584570274329529127e+00
4.578741719643560693e+00
4.573864317425409887e+00
4.570506655607498914e+00
4.568167822592979377e+00
4.565719582710531910e+00
4.562328377873734908e+00
4.557798066546198790e+00
4.552679443810143667e+00
4.548033207643861431e+00
4.544539732602342674e+00
4.541891527277207352e+00
4.539312639451644316e+00
4.536383032479075261e+00
4.533144527616248531e+00
4.529812103888717800e+00
4.526675862027936148e+00
4.523993899812415620e+00
4.521729879283698850e+00
3.755857916164649701e+00
3.752879505892038114e+00
3.749431945416633827e+00
3.746265213778127379e+00
3.743604226126245216e+00
3.741186562631678925e+00
3.738533364026503047e+00
4.501979238324723021e+00
4.499249094647868041e+00
4.496551364543284635e+00
4.494057878925189264e+00
4.491732873241703672e+00
4.489380774582592437e+00
4.486891815158797314e+00
4.484365844388816136e+00
4.481951844590022382e+00
4.479639988914126292e+00
4.477291329676553744e+00
4.474850767170072352e+00
4.472449002835226395e+00
4.470225845251935226e+00
3.702522922899810887e+00
3.700354231333693900e+00
3.698113165890796861e+00
3.696015060707452893e+00
3.693964723072701073e+00
3.691769474772657045e+00
4.455852551160196739e+00
4.453999087558067949e+00
4.452127683701603722e+00
4.450175029486716838e+00
4.448298723802901478e+00
4.446458862744753660e+00
4.444533930036456582e+00
4.442666908708558182e+00
4.440856468649252875e+00
4.438980390075895954e+00
3.671154710295041923e+00
3.669445735195055569e+00
3.667639239598910361e+00
4.431957138120537820e+00
4.428590381291368949e+00
4.426944214685132550e+00
4.425223869884232109e+00
4.423574554215738530e+00
3.655904878707923800e+00
3.654320893205249554e+00
3.652666849101334989e+00
3.650984101663129255e+00
4.415525495922604016e+00
4.414002524414881279e+00
4.412468252650809220e+00
4.411068924671170066e+00
3.644898478772127692e+00
3.658405924995138392e+00
3.756366919293011808e+00
3.762427327663904641e+00
3.737611540878894800e+00
4.416561441084466466e+00
4.506692887967900241e+00
4.416098397764222305e+00
3.675668118218489155e+00
3.688550345580141610e+00
3.679422714619337675e+00
3.661619061897298799e+00
3.652914136367310327e+00
3.660566672022549817e+00
4.432096436654356708e+00
4.424035921399245730e+00
4.414669150280893462e+00
4.413767510079951606e+00
4.417415993536931040e+00
4.419017851654340134e+00
4.416075030934742074e+00
4.410591302917501899e+00
4.406929275339151353e+00
4.406951089326874182e+00
3.643854205764757381e+00
3.642213822519467570e+00
3.637869982890141962e+00
3.634217928971310130e+00
3.632926929345252631e+00
3.632659061112344823e+00
3.631516970720634951e+00
4.395090283716937662e+00
4.392633886975705337e+00
4.391280380461846988e+00
4.390767361891373177e+00
4.389582367538585217e+00
4.387273797222030147e+00
4.385111399809888511e+00
3.618296979310820394e+00
3.617269413874832029e+00
4.381660329337892179e+00
4.379540962048547925e+00
4.377822294643633150e+00
4.376903651599505451e+00
4.375765052498925556e+00
3.608379608899666913e+00
3.606742100125287287e+00
3.605548390716999840e+00
3.604141732242136964e+00
3.602345867526067558e+00
3.600852136554754335e+00
4.365954766376814788e+00
4.364560454313452631e+00
4.363100788025099597e+00
4.361997537588263363e+00
4.360662429680287389e+00
4.359077541919141652e+00
4.357806892385311492e+00
4.356447235793395656e+00
4.354954614882135644e+00
3.587810795776062101e+00
3.586502078590568132e+00
3.585127434185044315e+00
4.349952162024211866e+00
4.348567111963690834e+00
4.347439557090394757e+00
4.346118515114532954e+00
4.344904031984745174e+00
4.343615163241815402e+00
3.576668795515728583e+00
3.575394810025400716e+00
3.574201795749001764e+00
3.572803727069420177e+00
4.337761883826511067e+00
4.336616963014454207e+00
4.335403302284794869e+00
4.334297205011798049e+00
2.278694919480431125e+01
4.476048629881335117e+00
4.697302646952799421e+00
4.869719278813017027e+00
4.967633289501374172e+00
4.252456423076120373e+00
4.257227971050835613e+00
4.240018479640672133e+00
4.210003950700309971e+00
4.171661758737652548e+00
4.111442216059489674e+00
4.044054584074788572e+00
3.993968103663806168e+00
4.732282044013713218e+00
4.712122760051225434e+00
4.691456161572436834e+00
4.675279058250541908e+00
4.663129287561062597e+00
4.651551139116493871e+00
4.641809164091434958e+00
4.633615643369630277e+00
4.622349537690585208e+00
4.607755605541343336e+00
4.594745602615939895e+00
4.583994273327685498e+00
4.571245242523423791e+00
4.555607222531199874e+00
4.540428076833691762e+00
4.527327333608035964e+00
4.515662179565184786e+00
4.505880898265378853e+00
4.498681890977557885e+00
4.492892028739234433e+00
4.487313199360142058e+00
4.482504029977832261e+00
4.478872199028571366e+00
4.475365922437017474e+00
4.471326429927642288e+00
4.467478213166651280e+00
4.464227018887142684e+00
4.460832797946430617e+00
4.456789047838420004e+00
4.452471165765678585e+00
4.448240063362410623e+00
4.444158620473897869e+00
4.440490619103727887e+00
4.437463840699735762e+00
4.434743468771181085e+00
4.431874689030967041e+00
4.428944586124336169e+00
4.426274238950020035e+00
4.423840562689130174e+00
4.421427589381329071e+00
4.418989717270482842e+00
4.416560376809282040e+00
4.414107374870616773e+00
4.411666902548621927e+00
4.409361190874397707e+00
4.407188095607809331e+00
4.405015134479763894e+00
4.402808863605081058e+00
4.400672074130417499e+00
4.398660541847034366e+00
4.396733516816245135e+00
4.394862303542826254e+00
4.393047731761836161e+00
4.391261178287687805e+00
4.389473474910352557e+00
4.387705740453510472e+00
4.385982478382759453e+00
4.384281849001880005e+00
4.382579503324349091e+00
4.380889439812887254e+00
4.379227619124485216e+00
4.377583717203670233e+00
4.375951464281928160e+00
4.374345127815639778e+00
4.372772521448195171e+00
4.371225107104313778e+00
4.369699139236882246e+00
4.368199114995701571e+00
4.366722091859910115e+00
4.365260908187540423e+00
4.363817547259094987e+00
4.362396138214834629e+00
4.360990507611849587e+00
4.359591939482248435e+00
4.358201188199514853e+00
4.356823644548923902e+00
4.355460741424720617e+00
4.354112154930042777e+00
4.352778785081813595e+00
4.351459623392152309e+00
4.350151956120529739e+00
4.348856212380556308e+00
4.405587883294108664e+00
4.401836057541261837e+00
4.396376130822051920e+00
4.345188155143210551e+00
4.344968685649451601e+00
4.344479589891774296e+00
4.343582484534669774e+00
4.342283378004275995e+00
3.674803672982936753e+00
3.651607143552421775e+00
3.652923926342585226e+00
3.628586876153916396e+00
3.620998232691213126e+00
3.626958808684264124e+00
3.633428534046591274e+00
3.609282885393656048e+00
3.596254267478713462e+00
3.581369717551992071e+00
3.574347346729689345e+00
4.340900041304871948e+00
4.342726388746312338e+00
4.343934495481275526e+00
4.343635875038086347e+00
4.363723496224150011e+00
4.360617832796228832e+00
4.356055720176033930e+00
4.350894512439593242e+00
4.345852905217446605e+00
4.341427449776108283e+00
4.337873971277022456e+00
4.321758208536653711e+00
4.321409451528118062e+00
3.566328012457350205e+00
3.563413887021554594e+00
3.569983641683227127e+00
3.567269705003807800e+00
3.565391207206073165e+00
3.563664633192246800e+00
3.561429728702155906e+00
3.558620019429832304e+00
3.555746426485655753e+00
3.553392568956182718e+00
4.322925824678685913e+00
4.317372469445385441e+00
4.320304620146306007e+00
4.318832683021582852e+00
4.317224398142685438e+00
4.315569653718196008e+00
4.313966405819032346e+00
4.312469928383911189e+00
4.311083088879385627e+00
4.309774334363531523e+00
4.308495725830635337e+00
4.307196523671048993e+00
3.542209172476936008e+00
3.540680608129408213e+00
3.541250584494744835e+00
3.537718427444501490e+00
3.536472944227592841e+00
3.535277699234600668e+00
3.534053339104298086e+00
3.532805143541280835e+00
3.531606639954366855e+00
3.530520258822196222e+00
4.295603580821037326e+00
4.294750537657303191e+00
4.293754760937993353e+00
4.292639221215835299e+00
4.291454702211037642e+00
4.290259248991586283e+00
4.289100939969228143e+00
4.288007339363560710e+00
3.522006076407297126e+00
3.521141800117649545e+00
3.520222658985347586e+00
3.519292871652348609e+00
3.518349467309490830e+00
3.517359519346839658e+00
3.516306746624895396e+00
3.515219987627374643e+00
3.514159693532594275e+00
4.279505578104571661e+00
4.278758921270496174e+00
4.277976385281577087e+00
4.277146452527643916e+00
4.276266272961953163e+00
4.275343697144835531e+00
4.274395932021191058e+00
4.273443957092515788e+00
3.506925591265597220e+00
3.506143524883911233e+00
3.505323849897243438e+00
3.504502492164385696e+00
3.503683020059881414e+00
3.502844373546397883e+00
3.501970738221105606e+00
3.501072750200383332e+00
4.266533051724109349e+00
4.265837263018590342e+00
4.265103346084758940e+00
4.264334864897927346e+00
4.263537991738540534e+00
4.403752065455164733e+00
4.402890947503129482e+00
4.401974005637248055e+00
4.401022140007074590e+00
3.634624791597716342e+00
3.633785379526456971e+00
3.632833144797363634e+00
3.631818273354999960e+00
3.630785393924609306e+00
3.629753561964324415e+00
3.628721075073459978e+00
3.627683597918103686e+00
4.392971541983873074e+00
4.407395657928933730e+00
4.406137499505907940e+00
4.404151091141610408e+00
4.264960591394416412e+00
4.259630713668009605e+00
3.488071988704905202e+00
3.485107319751333144e+00
3.483804075019882429e+00
3.483146574995825251e+00
3.482622406184402664e+00
4.248279552825306560e+00
4.247764115887420644e+00
4.247161712651822185e+00
4.246507279692318448e+00
4.245832121104199608e+00
4.245145567302672340e+00
4.244436008582587405e+00
4.243686310176863152e+00
3.476691726647102243e+00
3.475911626375153496e+00
4.241341444068549293e+00
4.240589510350377012e+00
4.239845695667250780e+00
4.239106638507680103e+00
3.472321828426833790e+00
3.471672550152114844e+00
3.470989890625756580e+00
4.236394120608970582e+00
4.235765861210438743e+00
4.235126747217353937e+00
4.234474383501557249e+00
3.467801777174993383e+00
3.467186547009850184e+00
3.466540662274329776e+00
4.232022726557779890e+00
4.231436464777059037e+00
4.230825137293079408e+00
4.230191694912835310e+00
3.463487856223313344e+00
3.462894149024245749e+00
3.462269496902268706e+00
4.227783086947467517e+00
4.227203134396962270e+00
4.226599754002979381e+00
4.225979287593904843e+00
3.459336264055768773e+00
3.458766402013596863e+00
3.458154452624049746e+00
3.457513393882025277e+00
4.223121880369214765e+00
4.222582182264366324e+00
4.222014362040267699e+00
4.221422863052792351e+00
3.454585900139179877e+00
3.454030361730271892e+00
4.219699210740547102e+00
4.219135469155476770e+00
4.218556996977881113e+00
3.451837389623335639e+00
3.451288420628156217e+00
4.216877136115007474e+00
4.216327873965735940e+00
3.449614664246194895e+00
4.215225887280393380e+00
4.214673329148350689e+00
3.447995897747559990e+00
3.447442676467912914e+00
4.213057497008253272e+00
4.212528709929732607e+00
3.445778705102002792e+00
4.211460005879729351e+00
4.210919986880251820e+00
3.444189239786488610e+00
3.443650708587317588e+00
4.209336389516442622e+00
4.208816309407353629e+00
4.208278258077772449e+00
3.441544122105401282e+00
3.441020679672593729e+00
4.206704400448611381e+00
4.206189159672767630e+00
4.205658139254632388e+00
3.438954769787059718e+00
3.438436841627220630e+00
4.204109909802641099e+00
4.203603585349195981e+00
4.203081167970912801e+00
3.436391742119140780e+00
3.435879048761880217e+00
4.201558458022791598e+00
4.201060705112201532e+00
4.200545900669483856e+00
3.433855944690140660e+00
3.433350019041718326e+00
4.199044244724354336e+00
4.198553152140563682e+00
4.198045564165667543e+00
3.431352582004107088e+00
3.430852169979880628e+00
4.196565753516773967e+00
4.196081654459515420e+00
4.195581197754005842e+00
3.428877261162054602e+00
3.428381809079440679e+00
4.194122817292892158e+00
4.193645045679126326e+00
4.193151027777865636e+00
3.426430509343375341e+00
3.425940339220522546e+00
4.191712416377164629e+00
4.191239694243621194e+00
4.190752827399460756e+00
4.190252810036753317e+00
3.423591267551375772e+00
3.423125838993994918e+00
3.422613726961518665e+00
4.188377898271140154e+00
4.187931007411123119e+00
4.187464171326671369e+00
4.186980467573690134e+00
4.186483960420546602e+00
3.419803697361496475e+00
3.419352371112728939e+00
3.418855551868387632e+00
4.329764989661134322e+00
4.329291146825083203e+00
4.328722482787762615e+00
4.328076964807199722e+00
4.183041921217664161e+00
3.560610472809375260e+00
3.559981978337079411e+00
3.559282271089338145e+00
3.422652136419343627e+00
4.197416816198742850e+00
4.184728857103579891e+00
4.203044197179281127e+00
4.185537311352112155e+00
3.425678642032341958e+00
3.415130734555422265e+00
4.189861041312871848e+00
4.181567612879381279e+00
4.187542963694459885e+00
3.413183606563184203e+00
3.419039338366331560e+00
4.179527935012391282e+00
4.181482480784028510e+00
4.181344559898702684e+00
4.177957700816711473e+00
4.181092097342768099e+00
4.177130732228675036e+00
4.178719766145492898e+00
3.411716597217655522e+00
3.410084136020836709e+00
3.411528027136203178e+00
3.408932432683590363e+00
4.176140704766019063e+00
4.175114997247639792e+00
4.174336519965500258e+00
4.174737175437999603e+00
4.173116752304924404e+00
3.407430322593162586e+00
3.406123817889813665e+00
3.406123612175158133e+00
4.171823398554757034e+00
4.171346560654584756e+00
4.171177777667395503e+00
4.170265439853544365e+00
4.170304800096948483e+00
4.169308012113770445e+00
4.169307971432786530e+00
3.402247912888705095e+00
3.402303780123640209e+00
3.401406897204016566e+00
4.167436321685561218e+00
4.166758795158867379e+00
4.166502693951078307e+00
4.166042908767078501e+00
4.165467839916257908e+00
3.399057919765003710e+00
3.398353502356822098e+00
4.164269923659983164e+00
4.163927509564082641e+00
4.163300927947046759e+00
4.162924640818074451e+00
3.396451061887825418e+00
3.395982274490484620e+00
4.161620255004588209e+00
4.161170814780573934e+00
4.160812525637542336e+00
3.394336239255874244e+00
4.160765429261040538e+00
3.396314257519876367e+00
4.175534481554866062e+00
4.198920108338023205e+00
4.271843693310466428e+00
3.523162466788079872e+00
3.494702564071887618e+00
3.418512518684940993e+00
3.435840026084391763e+00
3.461117254817380751e+00
4.176137616876932412e+00
4.180435096044528009e+00
4.197181063630452513e+00
4.199475303272515170e+00
4.188586854357115641e+00
3.408777805840240482e+00
4.171853763930505998e+00
4.180314065086450981e+00
4.185198642675045377e+00
4.178925367694287019e+00
3.404877808125607697e+00
4.170017824042703936e+00
4.173537546761286521e+00
4.176174470400385808e+00
4.175360422990062048e+00
4.171898117644963655e+00
3.403062454795165337e+00
3.401998977252842948e+00
3.403379086131312015e+00
3.404305044145981007e+00
3.402628022627905313e+00
3.399683887145659611e+00
4.164463045201467928e+00
4.164794438677876798e+00
4.165536866603835264e+00
4.165261427687951823e+00
4.163744277706206809e+00
4.161971706401300430e+00
4.161108395905430690e+00
4.161237654928857665e+00
3.394984239825248551e+00
4.160449915421269296e+00
4.159146829358155273e+00
4.161351978884249903e+00
4.161102053982908444e+00
3.394682550820591338e+00
4.159885131106531020e+00
4.158690398516847075e+00
4.157793035415273231e+00
4.157367303735886033e+00
3.390831703693573118e+00
3.390027185645205332e+00
4.155277548580654567e+00
4.154684372784772428e+00
4.154308551893565848e+00
4.153774398848609550e+00
4.152994836745349083e+00
3.386313253231322040e+00
3.385876474910427980e+00
3.385413577636556592e+00
4.150857252265680586e+00
4.149905796714059569e+00
4.149447271889599165e+00
4.149019981957216885e+00
4.148408699204557237e+00
3.381751460806717624e+00
3.381322303965822673e+00
4.147091625519490066e+00
4.146673751437877975e+00
4.146961857858016742e+00
3.379240441307345133e+00
4.145415372809487131e+00
4.146482995620822010e+00
3.379013376580772388e+00
4.145322349277940077e+00
4.143397550047954070e+00
3.377344157464598595e+00
4.141958582380185661e+00
4.142420221644067091e+00
3.374905619814730695e+00
4.140916195170727399e+00
4.140603179939309264e+00
4.139694114900572153e+00
3.373325234208463641e+00
3.372968541388515540e+00
4.138343831580621135e+00
4.138091503519383707e+00
4.137720582451017037e+00
4.137099071771146441e+00
4.136646625155062651e+00
3.370205627643653834e+00
3.369688351319768405e+00
4.135328732244724748e+00
4.134981137275836716e+00
4.134567739271437503e+00
4.134037831110981998e+00
3.367523297885308686e+00
3.367120852686981802e+00
4.132809642219768875e+00
4.132402024549659991e+00
4.132019437023659592e+00
4.131588790929871635e+00
4.131120169267772368e+00
3.364604594067821974e+00
3.364202698009931325e+00
4.129895495313303577e+00
4.129508800950192793e+00
4.129106887735126463e+00
4.128692731301851992e+00
3.362138968991236432e+00
3.361734723272596703e+00
4.127503368408453888e+00
4.127105175609772303e+00
4.126706886921973627e+00
4.126308117593076474e+00
4.125896747225898054e+00
3.359401306949830968e+00
3.359027777017809413e+00
4.124791201257013817e+00
4.124652125438137418e+00
4.125510275643364366e+00
4.134377988593547215e+00
3.410809504159426186e+00
3.505760021753810740e+00
3.469426500864717156e+00
3.382286929630274663e+00
4.189370403284119249e+00
3.442154421094137717e+00
3.400373935789405611e+00
3.394502248043878012e+00
3.407143193008500326e+00
3.414079273673256587e+00
4.176112998799429654e+00
4.167025039410097165e+00
4.158305046766558100e+00
4.155161641180210808e+00
4.157696846442197725e+00
4.161558922057990273e+00
4.162614143742196404e+00
4.160271888378177074e+00
4.156935981394946467e+00
4.155065532090907787e+00
4.154939884618755741e+00
4.155181116630823901e+00
4.154671315508340790e+00
4.153262798181859949e+00
4.151363706770649920e+00
4.149628943472564835e+00
4.148538752473011293e+00
3.382067558856072687e+00
3.381333643868883243e+00
3.380013669940793442e+00
3.378439230417363603e+00
3.377033060560010291e+00
4.142233917716032110e+00
4.141520132757597672e+00
4.140588566684112237e+00
4.139428499494457903e+00
4.138286478553981240e+00
4.137315239252366439e+00
4.136442383860166494e+00
4.135526242042923961e+00
4.134505005189323512e+00
4.133439506482300629e+00
4.132458103902841628e+00
3.367576675438469724e+00
3.366525523409092280e+00
3.365218498370668332e+00
3.364039807805306204e+00
3.363124646303075060e+00
3.362342576026673857e+00
3.361512890573620460e+00
3.360560972870970886e+00
4.126202267687294700e+00
4.125550439427133398e+00
4.124825714490571116e+00
4.124091916055753870e+00
4.123374679205607407e+00
4.122644514330903398e+00
4.121884304301325130e+00
4.121137620585933803e+00
4.120451395955931240e+00
4.119795329629696745e+00
4.119103642649281305e+00
4.118384050281358455e+00
4.117706644834462359e+00
4.117094149517836144e+00
3.351013192178031286e+00
3.350379206077565009e+00
3.349623914959435123e+00
3.348848746292875322e+00
4.114339045367821690e+00
4.113863134864990556e+00
4.113358918388788865e+00
4.112824492491112593e+00
4.112258846803198864e+00
4.111678265266726306e+00
4.111110343028768099e+00
4.110560045095921211e+00
3.343765319649305567e+00
4.109503118842082081e+00
3.342811472506533210e+00
4.108500624049789884e+00
4.108006200427125165e+00
4.107517028644055657e+00
4.107023739890344416e+00
3.340426380787617777e+00
3.339934386914932496e+00
4.105609519322824141e+00
4.105157284717763311e+00
4.104705058322137390e+00
4.104242264535575835e+00
4.103779245022831645e+00
3.337137723304328674e+00
4.102867826608959767e+00
4.102423104727490610e+00
3.335845398777081527e+00
4.101554078594405794e+00
4.101126635072391835e+00
4.100697323755542634e+00
4.100258717514668305e+00
3.333773498142510228e+00
3.333332691538506420e+00
4.099016264043081392e+00
4.098620695594576979e+00
4.098219811682330516e+00
4.097809287328876060e+00
4.097393816784102860e+00
4.096975251409853414e+00
3.330475868482037693e+00
3.330067429009138991e+00
4.095784725575487784e+00
4.095408520595057666e+00
4.095023405492867141e+00
4.094630478856409184e+00
4.094237372404472275e+00
3.327749017057857195e+00
3.327562634777593065e+00
4.094940179060781560e+00
4.109034367740920679e+00
4.210300220656606918e+00
3.472720310890054396e+00
3.397998666950826419e+00
3.471806601578946605e+00
3.507841395953280816e+00
3.489005722808173449e+00
3.459579523668499412e+00
3.437376866832113187e+00
3.439057920105133448e+00
4.203288697274941477e+00
4.203502456136788190e+00
4.203783299130606110e+00
4.192693317682276266e+00
4.186737140539205981e+00
4.180511635240286239e+00
4.175456288312960673e+00
4.171542853799364181e+00
4.169405971281546996e+00
4.168618002673968093e+00
4.167723373696693656e+00
4.166067494386041403e+00
4.163251460087047384e+00
4.159035044697047212e+00
4.154574022886372120e+00
4.151347802716923496e+00
4.149400280745195957e+00
4.148093654610457648e+00
4.147074480399188801e+00
3.383162725002124116e+00
3.380617118396021858e+00
3.377629138013401811e+00
3.374935654809292807e+00
3.372655163830888370e+00
3.370749970221964986e+00
3.369217888040472175e+00
4.134660732104428860e+00
4.134063473739420402e+00
4.133218406819221258e+00
4.132026991752517198e+00
4.130600234958325956e+00
4.129204920887307395e+00
4.128001358805072130e+00
4.126967586449690195e+00
4.126024412466349212e+00
4.125071345195192585e+00
4.124023872556714210e+00
4.122909370037553423e+00
4.121832453673818897e+00
4.120866374608747051e+00
4.120026899104351159e+00
4.119271480462695756e+00
4.118514859487101276e+00
4.117705938282592903e+00
4.116860666628152643e+00
4.116012639635956205e+00
4.115187578612027330e+00
4.114405642928536722e+00
4.113665084772547331e+00
4.112948135795885918e+00
4.112244543084039528e+00
4.111543884494125223e+00
4.110832331587269017e+00
4.110115814466931639e+00
4.109417196239572689e+00
4.108750680462840421e+00
4.108116161415604317e+00
4.107500266178290005e+00
4.106877447322353269e+00
4.106231947059233889e+00
4.105575296223499926e+00
4.104931859746942635e+00
4.104319796601609838e+00
4.103744713818674228e+00
4.103194815972625697e+00
4.102646467339083891e+00
4.102083817568961344e+00
4.101508076915237666e+00
4.100930604563753690e+00
4.100364814449791950e+00
4.099818121569947849e+00
4.099285819192298952e+00
4.098757202070305361e+00
4.098226728014314979e+00
4.097695909347077503e+00
4.097169280673048419e+00
4.096651223730400915e+00
4.096142804080474598e+00
4.095641046957442022e+00
4.095142363487703108e+00
3.339436724572725446e+00
3.336384665826664708e+00
3.332682343630099187e+00
3.330450773462170666e+00
3.330158295937835078e+00
3.330565665436953093e+00
3.330153066929159689e+00
3.328560571120219969e+00
3.326684871396539123e+00
4.092555927537160798e+00
4.092498786479815465e+00
4.086875260809601507e+00
4.086502562771064717e+00
4.085911053135571791e+00
4.085184021296194956e+00
4.084403532436152062e+00
4.083620961182122144e+00
4.082876516470614447e+00
4.082214700215231140e+00
4.081661151931701426e+00
4.081194285190095528e+00
4.080757342107467878e+00
4.080300029810330464e+00
4.079807725478519664e+00
4.079300079105244947e+00
4.078807378300254527e+00
4.078342877283509083e+00
4.077892269119532287e+00
4.077430543397615459e+00
4.076949387171191930e+00
4.076463483756133321e+00
4.075989696191556710e+00
4.075529486885255182e+00
4.075076528561568878e+00
4.074632974529672325e+00
4.074209057314964078e+00
4.073807778060650975e+00
4.073416224157222487e+00
4.073014619280597159e+00
4.072592752576099429e+00
4.072156864423339684e+00
4.071721561030299696e+00
4.071296978417045409e+00
4.070884614480863917e+00
3.311546612489004726e+00
3.309458304863793998e+00
3.307080171645814470e+00
3.305690731126725179e+00
3.305418254634327369e+00
3.305439775170802008e+00
3.304933442372772312e+00
3.303784319750006304e+00
4.069041929365863730e+00
4.068722683306273069e+00
4.068440178899782822e+00
4.068177546141892087e+00
4.067842967518861208e+00
4.067374888320108184e+00
4.066828470795333494e+00
4.066279134995375522e+00
4.065729254420622496e+00
4.065174265704470713e+00
4.064665121857636620e+00
4.064232884890800257e+00
4.063831163573005334e+00
4.063420759880457922e+00
4.063023379357833420e+00
4.062646042540803748e+00
4.062257159810294560e+00
3.296831771397427779e+00
3.296395877570507338e+00
3.295797698500859241e+00
4.060881799746836052e+00
4.060537404216455926e+00
4.060198153227188911e+00
4.059824266376193869e+00
4.059411527618632221e+00
4.059026081089498916e+00
4.058659792311983594e+00
4.058280197321389338e+00
3.291951176129164214e+00
3.291632255467737078e+00
4.057288854691497804e+00
4.056963901490528990e+00
4.056618681541652727e+00
4.056245077039634772e+00
4.055877907976999097e+00
3.289538900631726825e+00
3.289165191070625216e+00
4.054846378269672869e+00
4.054522880486872261e+00
4.054192464716516398e+00
4.053858115125889228e+00
4.053503543682817956e+00
4.053155230489802641e+00
3.286838237136080032e+00
4.052469560332216503e+00
4.052138010438852689e+00
4.051798598063731660e+00
4.051462905342673615e+00
3.285347892297284744e+00
4.050799105914835607e+00
4.050476221299710744e+00
4.050148905942791977e+00
4.049821546050575094e+00
3.283756331395227601e+00
4.049178932523421537e+00
4.048864440076769711e+00
3.282694919113373189e+00
4.048250023685030285e+00
4.047944824048409274e+00
4.047630125871521045e+00
4.047307491977075955e+00
3.281032346965380597e+00
3.280682790410324845e+00
4.046395306490217614e+00
4.046104771662184518e+00
4.045801707145072257e+00
4.045486632438536567e+00
4.045163364515040882e+00
4.044837150788836766e+00
4.044510326651086451e+00
4.044183302726596096e+00
3.277988233991748324e+00
3.277666599801657643e+00
4.043259656363782817e+00
4.042971527159314959e+00
4.042673168141957873e+00
4.042367948242209685e+00
4.042076728204895275e+00
4.041919433975527554e+00
4.043068984518394693e+00
3.291768365487503178e+00
3.395375372589445551e+00
3.371311579953472304e+00
4.051999100036298707e+00
3.337203260638709423e+00
3.294209080311269577e+00
4.090657606300810656e+00
4.081581830497833074e+00
4.056996128484305686e+00
3.292419562385934029e+00
4.072702337450159860e+00
4.062827852376715398e+00
4.051836297864118031e+00
4.055578645566796148e+00
4.061335573827197010e+00
4.060446298891172923e+00
4.054670859904602409e+00
4.050940714723441971e+00
4.053036138764015028e+00
4.056160064805601095e+00
4.054539752784688034e+00
3.284797726132163476e+00
3.283681474169491299e+00
3.285039865734330711e+00
3.285792574994273352e+00
3.284414092418853848e+00
4.048291209117688361e+00
4.047358135389196754e+00
4.048000439251457472e+00
4.048489345360348324e+00
4.047466582406258340e+00
4.045884717955617660e+00
4.045245847105691794e+00
4.045489573159684937e+00
3.279397327029124565e+00
4.044685869400377776e+00
4.043606852400555063e+00
4.043125854110235728e+00
4.043195177515705119e+00
4.042949847019367660e+00
4.042127205946515645e+00
4.041407335155321690e+00
4.041189015605604951e+00
4.041034381313433954e+00
3.274777572091692068e+00
3.273993713428423824e+00
4.039431191407439670e+00
4.039330495663642218e+00
4.038945248434824720e+00
4.038314041559257106e+00
4.037893577468856243e+00
4.037672373726171493e+00
4.037277468931891988e+00
4.036702803197657730e+00
4.036283212660075392e+00
3.270282341742968946e+00
4.035661924508156417e+00
4.035166153913508857e+00
4.034815090602089427e+00
4.034535134275203383e+00
4.034114192087209894e+00
4.033672884698417782e+00
3.267679068331649450e+00
3.267286198500736205e+00
4.032661709186910137e+00
4.032323363682147388e+00
4.032054646033613743e+00
4.031683988515595729e+00
4.031292898803872760e+00
4.030984156441028254e+00
4.030625562336225265e+00
4.030236970423476173e+00
4.029917729066280430e+00
3.263691104116021702e+00
4.029194174892833047e+00
4.028890629886910268e+00
4.028545546243012865e+00
4.028193700282110434e+00
4.027880246540195941e+00
4.027521494678090619e+00
3.261439096183914366e+00
4.026885146460010390e+00
4.026539389577541428e+00
4.026235720604718793e+00
4.025900798935479585e+00
3.259771326640598765e+00
4.025280331821399216e+00
4.024951306572077669e+00
4.024661437582969903e+00
4.024347533878819938e+00
4.024103662524781022e+00
3.258255685905355747e+00
4.024065629108863895e+00
4.025311513278344577e+00
4.023119060410655479e+00
4.027869288710301809e+00
4.027163278379359390e+00
3.259595900316194061e+00
4.022659611319350681e+00
4.025311128866849053e+00
4.018602227988743003e+00
3.257950721319364362e+00
4.024469257557695023e+00
4.023962106675059047e+00
4.023080772933536942e+00
4.022742378335070867e+00
4.022680422947304990e+00
4.022204359940901419e+00
3.255669879236101849e+00
4.021316776770758494e+00
4.021356467216119945e+00
3.255105999595618638e+00
4.020405682429021965e+00
4.020035259759637825e+00
4.019908825874590974e+00
4.019746824081796177e+00
4.019861575694866573e+00
4.023846207595086710e+00
4.052643877899204661e+00
3.399408347062519375e+00
3.412386031161307898e+00
3.389304440071054358e+00
3.316557317478554090e+00
4.047534875111840513e+00
4.110534746902405168e+00
4.059220298345612932e+00
4.047077747018049898e+00
4.066523727699202340e+00
4.073071703796355081e+00
4.062437485086346278e+00
3.283189060971090978e+00
4.044794790492122871e+00
4.052034191091103743e+00
4.055405375687025860e+00
4.050556538689144226e+00
4.045870105528116767e+00
4.045770131901239353e+00
4.047361387815959333e+00
4.047642244440593728e+00
4.046402683983074233e+00
4.044537791951112737e+00
4.042590407851698764e+00
4.041281769515276068e+00
3.275304119619158794e+00
3.275354957967521852e+00
4.039935391274567245e+00
4.037819394023676622e+00
4.036652923565224427e+00
4.036724414654837112e+00
4.036573884986278671e+00
4.035143573298229924e+00
4.033287757183376954e+00
4.032471266182144021e+00
4.032564818232842185e+00
4.032222325810669972e+00
4.030957534850578838e+00
4.029611358159430168e+00
4.028998456178323195e+00
4.028841329334598598e+00
3.266205765910456194e+00
3.264324911356798253e+00
3.262383942854279795e+00
3.261374971144658019e+00
3.260974696483915913e+00
3.260410673659927205e+00
3.259350845915811590e+00
4.024299057675651881e+00
4.023826740412187242e+00
4.023411187780508769e+00
4.022870035890663054e+00
4.022233146396727577e+00
4.021622543343639222e+00
4.021075351150926735e+00
4.020510813783925386e+00
4.019842699193528546e+00
4.019163976592551535e+00
4.018628825940192328e+00
4.018171392625964344e+00
4.017640410145807195e+00
4.017081699084846136e+00
4.016597517653389460e+00
4.016131178685335534e+00
4.015629428463174833e+00
4.015156778639267010e+00
4.014723697990813633e+00
3.248574713984677675e+00
4.013849283889539876e+00
4.013424921139939983e+00
4.012973736575773387e+00
4.012531249126331190e+00
4.012132057748375225e+00
4.011722106192127768e+00
4.011302908721459559e+00
4.010908346391714119e+00
3.244899618869871105e+00
3.244444800249451255e+00
4.009793765238003793e+00
4.009423125586707215e+00
4.005532424336246677e+00
4.005166952540572645e+00
4.004805526972041285e+00
4.004957736094640453e+00
4.004578608931351980e+00
4.004198768723403745e+00
3.237920323998675798e+00
4.003427075624327536e+00
4.003051777267039313e+00
4.002685218566512937e+00
4.002309970764419411e+00
4.001944765080176936e+00
4.001583101333119785e+00
3.235388873382206043e+00
4.000901994075222845e+00
4.000572540509701902e+00
4.000244793714934133e+00
3.999916865627235474e+00
3.999594232068949928e+00
3.999269073586386725e+00
3.998945054806147148e+00
3.998627001279634108e+00
3.232508061750042572e+00
3.232134425488669471e+00
3.997720164643773888e+00
3.997439007431001556e+00
3.997149066017189334e+00
3.996849847161519698e+00
3.996547298507267421e+00
3.996248701781106583e+00
3.995989283065417119e+00
3.996152473014770834e+00
4.001785717999088554e+00
4.074296281640498840e+00
3.380327465411897769e+00
3.304557863523571726e+00
3.359697001944050410e+00
3.387900988424731086e+00
3.363276369066544369e+00
3.338202062315873686e+00
4.089567722591715082e+00
4.095469725529610194e+00
4.096199265211993179e+00
4.096881832371075838e+00
4.092607106378788551e+00
4.075025684644646873e+00
4.068131669585435262e+00
4.064003515206537465e+00
4.062613876432997984e+00
4.063048090269395729e+00
4.062477647454893592e+00
4.059810026873337918e+00
4.056177384408125697e+00
4.052098983976827995e+00
4.048180035765460261e+00
4.045415038459792001e+00
4.043978618657233071e+00
4.043504604749243114e+00
4.043092269573511643e+00
4.041570138529689160e+00
4.038848913014750686e+00
4.035787628841537966e+00
4.033286283489455393e+00
4.032012943797150584e+00
4.031804495137221167e+00
4.031674316152844995e+00
4.030845898173871511e+00
4.029197095412428098e+00
4.027171207308678724e+00
4.025499396432261179e+00
4.024519186889063960e+00
4.024002265608128681e+00
4.023570226693902185e+00
4.022873832332104271e+00
4.021771033429995867e+00
4.020472244193966205e+00
4.019265468133001562e+00
4.018309450987079146e+00
4.017627657090688587e+00
4.017055269385357619e+00
4.016395493841592668e+00
4.015621389703770916e+00
4.014793938819122054e+00
4.013986342602934521e+00
4.013273491359222511e+00
4.012645586580319446e+00
4.012034007564002636e+00
4.011399698888456378e+00
4.010726892311096137e+00
4.010040628233320525e+00
4.009407266205296416e+00
4.008848122964868033e+00
4.008324945214928547e+00
4.007792411312704139e+00
4.007217882038032641e+00
4.006607687528395800e+00
4.006010113258639649e+00
4.005464364075575823e+00
4.004975453778262917e+00
4.004519188270143637e+00
4.004052014512351043e+00
4.003547625037896296e+00
4.003019999163964115e+00
4.002501346350188172e+00
4.002015571270653993e+00
4.001563743693901998e+00
4.001124910081808927e+00
4.000678662964709531e+00
4.000220744142646723e+00
3.999759032027484729e+00
3.999306051245481441e+00
3.998869318317770372e+00
3.998445456892039562e+00
3.998026254286330960e+00
3.997605655109694567e+00
3.997182818287970285e+00
3.996762428383945576e+00
3.996349123603959441e+00
3.995943296103810827e+00
3.995543005566339012e+00
3.995145724784557650e+00
3.994749760961366469e+00
3.994355646237151891e+00
3.990209320283673478e+00
3.989826445996474291e+00
3.989447277227623267e+00
3.989071061104827454e+00
3.988696775628961966e+00
3.988324783517514849e+00
3.987999582096223072e+00
3.987636762813399294e+00
3.987277413387831260e+00
3.986920669710432463e+00
3.986565904838379915e+00
3.986213291445571016e+00
3.985863161070627214e+00
3.229437690529716853e+00
3.226466203501776153e+00
3.223216458725728817e+00
3.221679226473695756e+00
3.221788362949770779e+00
3.221963153254469248e+00
3.221050068617131945e+00
3.219407318747077973e+00
3.984735701459059420e+00
3.984716006951357414e+00
3.984643319714231247e+00
3.984418933985027778e+00
3.983994339339281154e+00
3.983360395284611499e+00
3.982607234335702628e+00
3.981907942212812301e+00
3.981383436350126814e+00
3.981007611074972807e+00
3.980670836152172321e+00
3.980306135682896596e+00
3.979924331709843166e+00
3.979551949697276214e+00
3.979187675974509730e+00
3.978827820300900875e+00
3.978483710323353240e+00
3.978149348064433433e+00
3.977791879489747551e+00
3.977397610679628492e+00
3.976997815588366958e+00
3.976629880617909674e+00
3.976298311028211074e+00
3.975992005587958733e+00
3.975707370656175854e+00
3.975429654424519121e+00
3.975126776410960350e+00
3.974787791584396324e+00
3.973154960264224655e+00
3.974180104403970848e+00
3.973881499270519591e+00
3.973576883094694701e+00
3.973329915314217864e+00
3.973011253308562196e+00
3.972745600985378545e+00
3.972444997295099256e+00
3.972123246556889420e+00
3.971836262834129716e+00
3.971511071147721061e+00
3.971234467820609737e+00
3.207674731399734469e+00
3.206817938798472767e+00
3.205872754281216430e+00
3.205154690934233219e+00
3.204711799665057370e+00
3.204306498028105743e+00
3.969980795238872151e+00
3.969758648031563197e+00
3.969500674062388157e+00
3.969237897970157913e+00
3.965273132871401707e+00
3.968625338957015636e+00
3.968304931012656134e+00
3.963800806590644488e+00
3.967661918823888634e+00
3.967353793285552488e+00
3.967019144573882272e+00
3.966731948586326606e+00
3.966415316721488615e+00
3.200420058806679346e+00
3.965784165876358180e+00
3.960679819687446201e+00
3.960287939268463120e+00
3.970013378143564253e+00
3.969782572090791106e+00
3.969496479107073483e+00
3.969190038674302201e+00
3.968902717062361418e+00
3.968630667757581776e+00
3.963039222748097501e+00
3.962709140857140433e+00
3.962389236159573613e+00
3.967578115635843172e+00
3.967338453381121788e+00
3.967054940898534721e+00
3.961270684944776299e+00
3.960997611241669603e+00
3.960741439452341695e+00
3.195193101866142804e+00
3.960216572538188817e+00
3.959955454448668366e+00
3.959703793326020183e+00
3.959455546595782138e+00
3.959197715298336195e+00
3.958927728802314583e+00
3.193064977264197246e+00
3.958415825462700433e+00
3.958176282052972006e+00
3.957925187048218163e+00
3.957664181016123717e+00
3.957403008986192017e+00
3.957146797131827043e+00
3.956891910612525987e+00
3.191006345546373080e+00
3.956388339800316789e+00
3.956146929565032888e+00
3.955903744245881981e+00
3.955655433519325026e+00
3.955405105313391623e+00
3.955156857207609455e+00
3.954918868025541379e+00
3.954739892758891262e+00
3.189256582652975069e+00
3.957676184583920787e+00
3.976534700527641242e+00
4.071660330998534860e+00
4.063048214074810538e+00
3.202063221582664543e+00
3.289582521654454528e+00
3.973830972419672758e+00
3.991432736352411581e+00
4.007011999431066229e+00
3.231497003084240482e+00
3.977990317353467198e+00
3.973465501155762691e+00
3.985271298907946402e+00
3.987604391585392705e+00
3.976830745273419510e+00
3.971205541917931292e+00
3.974664058473428963e+00
3.979066302557177082e+00
3.979104953506183318e+00
3.975316932390896341e+00
3.971313997369996240e+00
3.204928805926980928e+00
3.206833489008770410e+00
3.207589966717251606e+00
3.971291771291574069e+00
3.968779537830844362e+00
3.968048616544440854e+00
3.968872227534769426e+00
3.969448841137130479e+00
3.968660885516658965e+00
3.967052143840499312e+00
3.965895079373079835e+00
3.965767469944331047e+00
3.966056740893606936e+00
3.965741678961292926e+00
3.964697707547631289e+00
3.963768676372229294e+00
3.963492779766967011e+00
3.963502018505498548e+00
3.963206579909352989e+00
3.962506499684742778e+00
3.961794001397810128e+00
3.961422115323441240e+00
3.961239835798466835e+00
3.195489809283484028e+00
3.960254593352281915e+00
3.959739218961309426e+00
3.959466187564129491e+00
3.959241319376040735e+00
3.958834554273637174e+00
3.958299099280758515e+00
3.957874705750946021e+00
3.957619916749907762e+00
3.957338049670286573e+00
3.956913392651485228e+00
3.956477514520500893e+00
3.956159168629977074e+00
3.955884706622022406e+00
3.955529187580403949e+00
3.955127936938382494e+00
3.189393430450182088e+00
3.950467876981465842e+00
3.954240620778278537e+00
3.953881748882619895e+00
3.953566190791543811e+00
3.953294052698451466e+00
3.952977561732862188e+00
3.952627033505262233e+00
3.952320736232690201e+00
3.947465451814946125e+00
3.951720193238783985e+00
3.951406087059520011e+00
3.951134615937327066e+00
3.950851717825355713e+00
3.950529955767823509e+00
3.950229899321196836e+00
3.179599555797715915e+00
3.949672580223412943e+00
3.949381260605131061e+00
3.949120026495319014e+00
3.948849162407038094e+00
3.948549844403741460e+00
3.943080202845807847e+00
3.948000966146198554e+00
3.942458620575028050e+00
3.947441386778383965e+00
3.947180206983204709e+00
3.946897121201193848e+00
3.175788387296256676e+00
3.940982468279700335e+00
3.946101067306279297e+00
3.945841850799671313e+00
3.940145219390809750e+00
3.939863390741166427e+00
3.939591619483709728e+00
3.944792170763737893e+00
3.939037465947483163e+00
3.938773973910389081e+00
3.938502787874554656e+00
3.938240748501385724e+00
3.172483000874493086e+00
3.943232716015694805e+00
3.937468463985468237e+00
3.937212810687410691e+00
3.936960329016009119e+00
3.936702657267420857e+00
3.936444824565860756e+00
3.936185768568930765e+00
3.935926848504848863e+00
3.935670220229052774e+00
3.935413115089196445e+00
3.935158777093969107e+00
3.169383043600530137e+00
3.934658062644813104e+00
3.934412995377515543e+00
3.934168801125594861e+00
3.933921543752956662e+00
3.933672120794687199e+00
3.933423930989669692e+00
3.933173218257466353e+00
3.932924988364544738e+00
3.932674663907754997e+00
3.932425551888763415e+00
3.932178992169165443e+00
3.931931565697536879e+00
3.166157279146537995e+00
3.931448459465149980e+00
3.936721517562739692e+00
3.936478392753704370e+00
3.930740170589936078e+00
3.930502127691386072e+00
3.930259343868887534e+00
3.930016381147224180e+00
3.929777988830267965e+00
3.935063027810913105e+00
3.934878624644905010e+00
3.934955098675652518e+00
3.930950444727945303e+00
3.177396586967529579e+00
3.978313922656664836e+00
4.072205736387326525e+00
4.096223697023680721e+00
3.331012982621770924e+00
3.318375786256681614e+00
3.283519565564053888e+00
3.990717652627709278e+00
3.961086574270608729e+00
4.001740334146928646e+00
4.001997422321262654e+00
3.971701323518433746e+00
3.970468901155770780e+00
3.979638589440575469e+00
3.979085920504325635e+00
3.975171879624474602e+00
3.971335647424894422e+00
3.967963137841483245e+00
3.967729240721150852e+00
3.968851150842163999e+00
3.967051390235049269e+00
3.964244262836457366e+00
3.964327332411658134e+00
3.965145716212495675e+00
3.962934023731918831e+00
3.959247585796199953e+00
3.958277562946465267e+00
3.195154810885589836e+00
3.959704875186085715e+00
3.956473387669352082e+00
3.953603259990579488e+00
3.953534167524151766e+00
3.954403666286840924e+00
3.953634164901071557e+00
3.951659056574666096e+00
3.950315455519065377e+00
3.949874737782116174e+00
3.949450930950662908e+00
3.948687689392285094e+00
3.947820024081428070e+00
3.946978874192331510e+00
3.946155715952621712e+00
3.941725944735304576e+00
3.941154347308158279e+00
3.940520828540107878e+00
3.939828119057135147e+00
3.939198398405071799e+00
3.938575253030594858e+00
3.937907071941792569e+00
3.933373643255358321e+00
3.932756306330623453e+00
3.936492482471056320e+00
3.935864488038616216e+00
3.935236966241160594e+00
3.934828765530171246e+00
3.934449898343206353e+00
3.933894813215857766e+00
3.933324858066786334e+00
3.932903345054291400e+00
3.932509117082935823e+00
3.932033619781208245e+00
3.931580310078114593e+00
3.931202992385888439e+00
3.930778429749945513e+00
3.930300139874181475e+00
3.929913273522887884e+00
3.929588494839624246e+00
3.929182358565417310e+00
3.928739220497512008e+00
3.928378339212793335e+00
3.928048638623855560e+00
3.927676118956569873e+00
3.922265732447009157e+00
3.921888919109972615e+00
3.926606880518868081e+00
3.926266041243921201e+00
3.925961728594490552e+00
3.925624431620130750e+00
3.925272025932836417e+00
3.924951843899020076e+00
3.155447038125882564e+00
3.159897465111403125e+00
3.159090753242048688e+00
3.158484439612765371e+00
3.923788675368668155e+00
3.923560921770629317e+00
3.923257487676886424e+00
3.917655840167841852e+00
3.917285957619795145e+00
3.916899355093983459e+00
3.921951352458385998e+00
3.921664388641734167e+00
3.921343511450327224e+00
3.915564008190713263e+00
3.150013495243071837e+00
3.914931462941734885e+00
3.914632376568610184e+00
3.919797790788813074e+00
3.919495531161289570e+00
3.919198297140175313e+00
3.918914844829900268e+00
3.913158338990757379e+00
3.912866485667420680e+00
3.912578212044966808e+00
3.912300950010796807e+00
3.912025729631321447e+00
3.917272790507466240e+00
3.916993712414224227e+00
3.916718943717137691e+00
3.910947924805997289e+00
3.910666917802736009e+00
3.910394918441755685e+00
3.910135520597343373e+00
3.909872975116024385e+00
3.909607889923544022e+00
3.143889647570364154e+00
3.909107127004278315e+00
3.908862644069964976e+00
3.908615507419348489e+00
3.908367787250538683e+00
3.908113055147321546e+00
3.913362614275564866e+00
3.913102532163069469e+00
3.912861968323710471e+00
3.912680036141758855e+00
3.907444011317155130e+00
3.911445563244914325e+00
3.185867228103623994e+00
3.967265562910617049e+00
4.036789733401413116e+00
4.072553514988545231e+00
3.303568181730751618e+00
3.282751114449894203e+00
4.002752356873308770e+00
3.948081043097667830e+00
3.954258978828689486e+00
3.990326783530562693e+00
3.961454647776661453e+00
3.939954542295544648e+00
3.950299044991115505e+00
3.957433742436949675e+00
3.953479132525184347e+00
3.946628832066990888e+00
3.940716153914384456e+00
3.939456080445906672e+00
3.941765899316532096e+00
3.940828331194220269e+00
3.936286464196062873e+00
3.935047001099249542e+00
3.937635156255600677e+00
3.937061296198375082e+00
3.932210605657775027e+00
3.929597709844576237e+00
3.931770729071475401e+00
3.933475736183587479e+00
3.930714519660766015e+00
3.926611142641402097e+00
3.925526649245799860e+00
3.926673820575363294e+00
3.926709329602292797e+00
3.924931118382324780e+00
3.923150957775701109e+00
3.922448351309316017e+00
3.922256038059241945e+00
3.921833122791494652e+00
3.921048010977485010e+00
3.920096673174727542e+00
3.919287022618477501e+00
3.918762342295521339e+00
3.918256343175920087e+00
3.917555206960966263e+00
3.916888636046487182e+00
3.916401389527520926e+00
3.915841309257539926e+00
3.915123636858426792e+00
3.914553852468559469e+00
3.914234314744534871e+00
3.913820636124369923e+00
3.913137270254391176e+00
3.912525272746827820e+00
3.912221425690634025e+00
3.911920052028492023e+00
3.911365274391221281e+00
3.910792894700787503e+00
3.910420741282158552e+00
3.910094494533277398e+00
3.909662383110553030e+00
3.909219330668350256e+00
3.908844136080875664e+00
3.905096424043176917e+00
3.908070080887678266e+00
3.907767629243569907e+00
3.907463668991126404e+00
3.907060404243615892e+00
3.142273221817216911e+00
3.141641868000055293e+00
3.906035575882552457e+00
3.905768203463082955e+00
3.905483137894593781e+00
3.905161755160472481e+00
3.904810222125308705e+00
3.904470841534195991e+00
3.904151659268885410e+00
3.903823318622201555e+00
3.138045368891566156e+00
3.903209057209442001e+00
3.902931103597739870e+00
3.898377847823078390e+00
3.902346647826569814e+00
3.902058056115722096e+00
3.901743178895907604e+00
3.901421883552576908e+00
3.901118281409410304e+00
3.900839159110383036e+00
3.896029837259594064e+00
3.900270824490854160e+00
3.900001075291866570e+00
3.134318294687749251e+00
3.899475557477122045e+00
3.899204219935369586e+00
3.898937930835073118e+00
3.898681867493277942e+00
3.898420517014030473e+00
3.898145043173210311e+00
3.897869239910101591e+00
3.897602437162320577e+00
3.897343943475333639e+00
3.892056273242176179e+00
3.896827715932921876e+00
3.896568774207481489e+00
3.896309054857530541e+00
3.896055244045655286e+00
3.895804720497457296e+00
3.890456952983540440e+00
3.895294039288841326e+00
3.895049405941840792e+00
3.894806197930402281e+00
3.894553795874062363e+00
3.123737913538016997e+00
3.894067209113639461e+00
3.893841130360867098e+00
3.893611883102766402e+00
3.893374601738503138e+00
3.893130481544114119e+00
3.887610352678150694e+00
3.892642606490479551e+00
3.892406034918478142e+00
3.892167132204598090e+00
3.886587830411197153e+00
3.891692385107544450e+00
3.891457648627827837e+00
3.891221294225369665e+00
3.885629755974269628e+00
3.890749889027522279e+00
4.047021007941271620e+00
4.046758553817326742e+00
3.275719050225139206e+00
4.040681522264947034e+00
4.045698228171085375e+00
4.045278913022595013e+00
4.044818649980904013e+00
4.044330909697126941e+00
4.043825627842359438e+00
4.043308599073254683e+00
4.042784742447015134e+00
4.036846700767126706e+00
4.041716985293406950e+00
4.041159193251588455e+00
4.040574186136071333e+00
4.039970554178836437e+00
4.039357443848654583e+00
4.038735016946965573e+00
4.038098754963342252e+00
4.037446547241267503e+00
4.036780428339207027e+00
4.036103625534501305e+00
3.894112763945476008e+00
3.934532046360124546e+00
3.244432008495889974e+00
3.273460243291566041e+00
4.035543943977142334e+00
4.020291348737178083e+00
3.983342504147547203e+00
3.927497573622361848e+00
3.925916954182347318e+00
3.964881219392399458e+00
3.930303906109834600e+00
3.916162030466176169e+00
3.930233442340801631e+00
3.933543434530098359e+00
3.927287954605093390e+00
3.919749690329993541e+00
3.915038557052433976e+00
3.916658793092534729e+00
3.918906038583691576e+00
3.914701591523237045e+00
3.909529029991834381e+00
3.910764163950249284e+00
3.913153436033457222e+00
3.909711767774349145e+00
3.904637956989334135e+00
3.904643830881833644e+00
3.907261394598399384e+00
3.905958711207962786e+00
3.901338240589820039e+00
3.899027701296984283e+00
3.900047842880901339e+00
3.900507646902783065e+00
3.898517705736389338e+00
3.896156249017277418e+00
3.895346669251328997e+00
3.895407494988398778e+00
3.894991804449419170e+00
3.893866865063986715e+00
3.892622589420555279e+00
3.891872851440970393e+00
3.891557758545010515e+00
3.891025815570904101e+00
3.890136776873586388e+00
3.889430758257692133e+00
3.888991250576267156e+00
3.888406886299295095e+00
3.887735554992163500e+00
3.887301031745841406e+00
3.886931730461911538e+00
3.886311934137238744e+00
3.885693716353828098e+00
3.885403939342328528e+00
3.885088102177410185e+00
3.884495426081287839e+00
3.884021470974651002e+00
3.883741967681464402e+00
3.880722374390686014e+00
3.882887089282015758e+00
3.882656826967200381e+00
3.882356311949584970e+00
3.881836071187035220e+00
3.881451113675747244e+00
3.881216790691059515e+00
3.880867727246359422e+00
3.880501438537637071e+00
3.880196589053757972e+00
3.879836544414196453e+00
3.879543639307387437e+00
3.879304248695529367e+00
3.878932198237171391e+00
3.878579499141124209e+00
3.878320029441302275e+00
3.878026850845052387e+00
3.877758493308583354e+00
3.877460588488725435e+00
3.877130387524814648e+00
3.876871139235414709e+00
3.872697797246694940e+00
3.111591491064720660e+00
3.876115470044763978e+00
3.875829843351884740e+00
3.875578505861332346e+00
3.875305453128863764e+00
3.875061739663630433e+00
3.874779818643366180e+00
3.874513068230260426e+00
3.874245947268720958e+00
3.108846474162898943e+00
3.869283382890642553e+00
3.873531163171713754e+00
3.873296448730607189e+00
3.873044235602280061e+00
3.872787699862173749e+00
3.872549658804092410e+00
3.872290464189807491e+00
3.872039023037239236e+00
3.871783925611285149e+00
3.871545129944247599e+00
3.871311201100940735e+00
3.866285889756090555e+00
3.870832707100302805e+00
3.870605484748237846e+00
3.870365671095814974e+00
3.104971655765179861e+00
3.869901080095841550e+00
4.025081725210537975e+00
4.024836911477475354e+00
4.024490718246124032e+00
4.019109091980405779e+00
4.023600481921289607e+00
4.023107641995507855e+00
4.022583072619230649e+00
4.022032142836799551e+00
4.021465055356785889e+00
4.020882943722906333e+00
4.020280212074849757e+00
4.019653614076479364e+00
4.019005927027730962e+00
4.018340065921958804e+00
4.017657357743212643e+00
4.016960282920412517e+00
4.016250155227860219e+00
4.015525442452894112e+00
4.014783282219415383e+00
4.014023927524890567e+00
4.013252289071779444e+00
4.012472846210091149e+00
4.011687113729552223e+00
3.875698227497657911e+00
3.889716314550872411e+00
3.126688288120541781e+00
3.879477353584543486e+00
3.893077432627714884e+00
3.871051394966983139e+00
3.881662766308868306e+00
3.871749082690537858e+00
3.877511257606355954e+00
3.872665106450641215e+00
3.872670904629752719e+00
3.875089979468564039e+00
3.870146129965220005e+00
3.873002628503400491e+00
3.871321440073983489e+00
3.869880970461700542e+00
3.871653045760358403e+00
3.869313229448255065e+00
3.869293528950938033e+00
3.869621756072377572e+00
3.867789305208741979e+00
3.103606673899343527e+00
3.867549190762733957e+00
3.866753142722125336e+00
3.867013972472448380e+00
3.865895690173769328e+00
3.865895985456397010e+00
3.865384751413893483e+00
3.864799982063926720e+00
3.862062149128275390e+00
3.864000650920395685e+00
3.863976855310818248e+00
3.863317873152384507e+00
3.863213478324888150e+00
3.862585169196757207e+00
3.862457318160042785e+00
3.861984725128154494e+00
3.861715727210366378e+00
3.861376287027324938e+00
3.861066059859560085e+00
3.860751152191279179e+00
3.860501014579829970e+00
3.860057889974322087e+00
3.859941955302669037e+00
3.859492674403685264e+00
3.859308084813735107e+00
3.859076629506028144e+00
3.858681941936123572e+00
3.858465015285203137e+00
3.858310789096373483e+00
3.858006862127324688e+00
3.857615797119948731e+00
3.853344604371895965e+00
3.857176207496578968e+00
3.857127728303666014e+00
3.857570448955176978e+00
4.009478585536117023e+00
4.009294653556871424e+00
4.008986302291247306e+00
4.008519449435276272e+00
4.008015906763497505e+00
4.007459917119601478e+00
4.006848176419896213e+00
4.006184751379262110e+00
4.005478323518367745e+00
4.004777609350400169e+00
4.004065340549961327e+00
4.003346773546097026e+00
4.002605169201759239e+00
4.001822742339983918e+00
4.001047257193189211e+00
4.000267207811489811e+00
3.999458858998074628e+00
3.998624098198010568e+00
3.997773847823935967e+00
3.996929598614740620e+00
3.996078661167925539e+00
3.230272530985607737e+00
3.994401342136701061e+00
3.993594679841523387e+00
3.979103635691254581e+00
3.926049227009004827e+00
3.918150046067041981e+00
3.864983756476922494e+00
3.884762901211834318e+00
3.880823747937124146e+00
3.869920746758509722e+00
3.879030121083236970e+00
3.876061298695972379e+00
3.868427889662077401e+00
3.871917878869944651e+00
3.873848957574521634e+00
3.868272881691132703e+00
3.867004056560677583e+00
3.870424069685626023e+00
3.867866966136901397e+00
3.864881051938795054e+00
3.865958253983500015e+00
3.865551139550332138e+00
3.099011908666417625e+00
3.862027836574443818e+00
3.862580586442962094e+00
3.860559350791607613e+00
3.859069839051592510e+00
3.859514701664054304e+00
3.858702847110557776e+00
3.857112512227938161e+00
3.856980941831692711e+00
3.856821233817322447e+00
3.855269525174484180e+00
3.854826437859938171e+00
3.854932317104860395e+00
3.853776479180029746e+00
3.853175307631659052e+00
3.853204921132349803e+00
3.852404736890116865e+00
3.851875827816706899e+00
3.850438644626209328e+00
3.851121969670582068e+00
3.850939254893272157e+00
3.850460136045336323e+00
3.849988048697526200e+00
3.849820816709807136e+00
3.849229504576207717e+00
3.849012243551122925e+00
3.848669241598811741e+00
3.848373211083778056e+00
3.848028058133708740e+00
3.847644786652149929e+00
3.847447005034887457e+00
3.847005123149565442e+00
3.846776269731297937e+00
3.846439854415532711e+00
3.846208188782890502e+00
3.845901428441893088e+00
3.845574101091093766e+00
3.845393723472962932e+00
3.845031355143028406e+00
3.844798552448712492e+00
3.844566555224020910e+00
3.844254847275617060e+00
3.840504872084483434e+00
3.843824040867293235e+00
3.843603269132422895e+00
3.843352641344898402e+00
3.843074300938607912e+00
3.842828543997651725e+00
3.842650731551786158e+00
3.842645733392379803e+00
3.843568994483474555e+00
3.995877584081707568e+00
3.995786976905387533e+00
3.995483361888457985e+00
3.994950469156247408e+00
3.994352947606209625e+00
3.993732264996336490e+00
3.993020236524092326e+00
3.992234662551920721e+00
3.991436165922852553e+00
3.990650521394135453e+00
3.989867632018768262e+00
3.989055637478772454e+00
3.988212445624498059e+00
3.987359373642351379e+00
3.986515570324783209e+00
3.985648511039497688e+00
3.984730451019160569e+00
3.983778727009506859e+00
3.982783940356111163e+00
3.981209713371895553e+00
3.974921407445036969e+00
3.936045711733737740e+00
3.853232832569900346e+00
3.950906973712014825e+00
3.884109490102575002e+00
3.937974574873665645e+00
3.168249991843642643e+00
3.138885983430351079e+00
3.876809004099525779e+00
3.880283371487414978e+00
3.896931660436298017e+00
3.888580096877479075e+00
3.873741133182298846e+00
3.873487904767047851e+00
3.878379841062605582e+00
3.878901968161748925e+00
3.874329801209990265e+00
3.869646860483059392e+00
3.870233911762551493e+00
3.870189181308164805e+00
3.864865389704469578e+00
3.861926594016993342e+00
3.864347865226435363e+00
3.864153162346099180e+00
3.858590760975515899e+00
3.855318442806563883e+00
3.856999815873528803e+00
3.857436269926677319e+00
3.854532040150771000e+00
3.851809723575025934e+00
6.112477960454508974e+00
3.889807363573620336e+00
3.937003903265113181e+00
3.925736588366483204e+00
3.912538360547599403e+00
3.907444952847588304e+00
3.906812697201186069e+00
3.907836490700101972e+00
3.906360357183480847e+00
3.907654259119924145e+00
3.905835796100133095e+00
3.900293205524281603e+00
3.899055984560435562e+00
3.898515121653048254e+00
3.891950370568164619e+00
3.884627417879586098e+00
3.880810689240964173e+00
3.880196682769184058e+00
3.880015879882193985e+00
3.877041266006544085e+00
3.872566403636534815e+00
3.870412205524770055e+00
3.869101553315602793e+00
3.865894412717121753e+00
3.862116011902228863e+00
3.859633221070137843e+00
3.859271517693007691e+00
3.859657293167193082e+00
3.857663276823545928e+00
3.854398241948091997e+00
3.852956803484647086e+00
3.852281327051503723e+00
3.851079264376386924e+00
3.849703333011184725e+00
3.847995412777510893e+00
3.846771402888670366e+00
3.846416870034207847e+00
3.845696014775827010e+00
3.844717374585582270e+00
3.843927792416017564e+00
3.842931760379483919e+00
3.842068228567535382e+00
3.841521717325515617e+00
3.840658791772285419e+00
3.840108586592204887e+00
3.839380792757565608e+00
3.838640222214819708e+00
3.838094719846793623e+00
3.837781457419076947e+00
3.837305061676692830e+00
3.836706758125170147e+00
3.836223586875529445e+00
3.835796534521150214e+00
3.835426015938732114e+00
3.835018623175439068e+00
3.834515693535013536e+00
3.834103371545146466e+00
3.833734564197845529e+00
3.987311587992678596e+00
3.986850462331186673e+00
3.986299182098720806e+00
3.985677248867123712e+00
3.985007388830641872e+00
3.984269371580106078e+00
3.983494065254518990e+00
3.982720665072051691e+00
3.981916969642656401e+00
3.981073625172191210e+00
3.980219290427330137e+00
3.979351213105929652e+00
3.978455000819410614e+00
3.977529138923018959e+00
3.976577913191403191e+00
3.975618324541376314e+00
3.974651203277328015e+00
3.973656908774692020e+00
3.972646177728500039e+00
3.971639284887319210e+00
3.970630903238487441e+00
3.969618388530177011e+00
3.968606876477767997e+00
3.967605759434952972e+00
3.966629057152862181e+00
3.965673775034894710e+00
3.964734129856234190e+00
3.963819924814723894e+00
3.962937687467731340e+00
3.962087629336223049e+00
3.846192035001366083e+00
3.841380471162630705e+00
3.845355096082952784e+00
3.841097519261575499e+00
3.844017303474890568e+00
3.837076536476542454e+00
3.842555415053819701e+00
3.835729495748640971e+00
3.839310825242911562e+00
3.833419490808822161e+00
3.837710337896079071e+00
3.832042999311107145e+00
3.834807366420383445e+00
3.830423518623793822e+00
3.833425582570452406e+00
3.829648617325855486e+00
3.830859785064308909e+00
3.828588915796256931e+00
3.828363399153528412e+00
3.828576162483837031e+00
3.826217924706015516e+00
3.828306995814396263e+00
3.826166206016964999e+00
3.967562268558880501e+00
3.967340107803946303e+00
3.966875874698830629e+00
3.966230843478855128e+00
3.965483963758972052e+00
3.964698543543311082e+00
3.963895779140248266e+00
3.963105078963102823e+00
3.962316575925251882e+00
3.961520947744244125e+00
3.960715563688046892e+00
3.959880359145812267e+00
3.959017064163672384e+00
3.958129987225428525e+00
3.957228000125712963e+00
3.956322743907712436e+00
3.955411752803225767e+00
3.954504421455885321e+00
3.834460550679886559e+00
3.834881269421724692e+00
3.831410573406926812e+00
3.833355317960360331e+00
3.829596235358623701e+00
3.831869753193997141e+00
3.827948766927977253e+00
3.828339009562697015e+00
3.826767503206289778e+00
3.825087754677193086e+00
3.825913351353076752e+00
3.823508073445162303e+00
3.824152542374526398e+00
3.958551227455198607e+00
3.958681943244877655e+00
3.958381963351031096e+00
3.957712098464869044e+00
3.956810830070276008e+00
3.955810917288788531e+00
3.954759111009582107e+00
3.953646063675384958e+00
3.952560783605175487e+00
3.951587830718734207e+00
3.950721464793038873e+00
3.949944637978260342e+00
3.949249549116131242e+00
3.948607046599990511e+00
3.947995155568321923e+00
3.947383144131399568e+00
3.946718035151811854e+00
3.946010965188352593e+00
3.945298445007544785e+00
3.944575326132966353e+00
3.943855157691846358e+00
3.943167000043250603e+00
3.942530352193359455e+00
3.941947796247826652e+00
3.941397210356103464e+00
3.940881459762856309e+00
3.940413347892787854e+00
3.919492114277048245e+00
3.877303545129198170e+00
3.864307180002042763e+00
3.856898529873722392e+00
3.852507084765369072e+00
3.867613297856918653e+00
3.849831836226637272e+00
3.840811581707443967e+00
3.855152325031871996e+00
3.837164909976661598e+00
3.838774177119935516e+00
3.843186786366691976e+00
3.835448367388073709e+00
3.830318177762720655e+00
3.836316764387216693e+00
3.830105352057358914e+00
3.826366190434084658e+00
3.829977866124482766e+00
3.826631280041223881e+00
3.822100284013612459e+00
3.062601178422375892e+00
3.059841180147448103e+00
3.056107518351985242e+00
3.057682858920961699e+00
3.055964495878300102e+00
3.817920295663812080e+00
3.819264548373888069e+00
3.817647650222062872e+00
3.816535502094880350e+00
3.816628705935046550e+00
3.815166544751107836e+00
3.815002388525216226e+00
3.814161399318363621e+00
3.813801197108351193e+00
3.813321718317723708e+00
3.812523010671582391e+00
3.812673840391169300e+00
3.811254830702956120e+00
3.811830657276891188e+00
3.810767593816382970e+00
3.810644085209185405e+00
3.810227583241116989e+00
3.810002196334957958e+00
3.809228145303677149e+00
3.809517876488846877e+00
3.808613447938417718e+00
3.808659138330742877e+00
3.808312529979247518e+00
3.807784310346552736e+00
3.807845055419561309e+00
3.807366770241006115e+00
3.806927258439217088e+00
3.806968064285062514e+00
3.806804235452589502e+00
3.806505330436181556e+00
3.806223560102425907e+00
3.806014249014100237e+00
3.806049628473678226e+00
3.958183531823921797e+00
3.957837843845348313e+00
3.957283916337865470e+00
3.956572241344269880e+00
3.955799858634693855e+00
3.954952123786793727e+00
3.953978648056992284e+00
3.952950915358783845e+00
3.951892784672456749e+00
3.950773135086996124e+00
3.949632861207934553e+00
3.948468214756017947e+00
3.947238280684159939e+00
3.945980112456718203e+00
3.944726658775151051e+00
3.943454688401416774e+00
3.942158546986091139e+00
3.940862339603055542e+00
3.939578316020792670e+00
3.938306835107565185e+00
3.937068802399005918e+00
3.935893106488752125e+00
3.934774326907562347e+00
3.906308267904870402e+00
3.849805890747957093e+00
3.881906598013948440e+00
3.822674472355214181e+00
3.844691059695768409e+00
3.844358386493299307e+00
3.828508422954105761e+00
3.831600079049475305e+00
3.836407029233220634e+00
3.824872408620280773e+00
3.824836130782141019e+00
3.828624818858124890e+00
3.824642380237646133e+00
3.820025153808906282e+00
3.822117814381521317e+00
3.821278241162349154e+00
3.816771227631594599e+00
3.816925804521558163e+00
3.816618101088908421e+00
3.049567812691515556e+00
3.048788683884724904e+00
3.812742015783498140e+00
3.810208239371548178e+00
3.809261940765683363e+00
3.809874792112118769e+00
3.807860531880241872e+00
3.806657028778236196e+00
3.807340948864375463e+00
3.806081366328583737e+00
3.804514851241033391e+00
3.805025865490955006e+00
3.804481119184912608e+00
3.803092333434736183e+00
3.803247554078167170e+00
3.802898077593559023e+00
3.802066234133691935e+00
3.801723107179345362e+00
3.801346360221005583e+00
3.801166905046616140e+00
3.800435732318242721e+00
3.800246298805010525e+00
3.800050284694336256e+00
3.799581579034509105e+00
3.799198655874707509e+00
3.799050557064008515e+00
3.798778252789668297e+00
3.798302922953618044e+00
3.798148067145962870e+00
3.797917235774820099e+00
3.797513037694678406e+00
3.797352007025767584e+00
3.797038961486740583e+00
3.796836548673061529e+00
3.796572835603840179e+00
3.796282074019851738e+00
3.949155862609265988e+00
3.948752462082212311e+00
3.948212620296486008e+00
3.947571802508163863e+00
3.946789809304799945e+00
3.945902031503349061e+00
3.944983767996458557e+00
3.943976646276724729e+00
3.942866313651943511e+00
3.941757900598001907e+00
3.940602968963926589e+00
3.939358844280970828e+00
3.938085244954156572e+00
3.936783033088874895e+00
3.935441022849204717e+00
3.934076089601591164e+00
3.932712065760189724e+00
3.931342561746959063e+00
3.929960976327734556e+00
3.928609570959388009e+00
3.927302264999118719e+00
3.926033970966551045e+00
3.924828813363458124e+00
3.923699491990292998e+00
3.922640749501861812e+00
3.828836914865831442e+00
3.813151101887464201e+00
3.831234750116529142e+00
3.815450768922227009e+00
3.826923849891655127e+00
3.811243273669592924e+00
3.819568987605888033e+00
3.809724686449673658e+00
3.811020916230257072e+00
3.812526692338034984e+00
3.804186142467804732e+00
3.810626025169175701e+00
3.802576972157353907e+00
3.805640870914418716e+00
3.803587214598888711e+00
3.800563204838129039e+00
3.803005298002631207e+00
3.798262411519750970e+00
3.800852321081665597e+00
3.796640430539424571e+00
3.798762454264539734e+00
3.795287171202727627e+00
3.796574340897850508e+00
3.794707489075217488e+00
3.795022385248926433e+00
3.793543500437105198e+00
3.794012705832556787e+00
3.792660930390280960e+00
3.793508657706771370e+00
3.791468262399953382e+00
3.792519232401427409e+00
3.790932114975285927e+00
3.791327286418518128e+00
3.791240644374286539e+00
3.789959503843127298e+00
3.791028608309916059e+00
3.937828004360693690e+00
3.937768852412363962e+00
3.937344767119579814e+00
3.936682784656718503e+00
3.935969791368541859e+00
3.935018665064806687e+00
3.933965886532531542e+00
3.932735209447666858e+00
3.931468672661535102e+00
3.930204422634646200e+00
3.928850484625217465e+00
3.927535959677894262e+00
3.926146932923405330e+00
3.924751251482252012e+00
3.923412471707389493e+00
3.922031098081279588e+00
3.920687570245402931e+00
3.919370864200478088e+00
3.918092017375288894e+00
3.876233859419151884e+00
3.827707908405097559e+00
3.837376859968563814e+00
3.823153708737503820e+00
3.816695482261652117e+00
3.832267335367160577e+00
3.820150507187266342e+00
3.808868360747612147e+00
3.818540576655688135e+00
3.813338060643146399e+00
3.805156689916082691e+00
3.810031319730058819e+00
3.809523908352586474e+00
3.803424739174862790e+00
3.803817699874153746e+00
3.804664810080735649e+00
3.799715307311028134e+00
3.800022583084516015e+00
3.799984496000739398e+00
3.796086018836329679e+00
3.795886831055180544e+00
3.796628884416310079e+00
3.792770796958773616e+00
3.792516683480173345e+00
3.793916780108692599e+00
3.790639615905556870e+00
3.789976949779986892e+00
3.791532397832803269e+00
3.788997972191300967e+00
3.788313769881224147e+00
3.789198468341982817e+00
3.787638666242370000e+00
3.787203247105391135e+00
3.786970462956857464e+00
3.786598078486392183e+00
3.786077914506750020e+00
3.785374092273755764e+00
3.785641072993258582e+00
3.784443455418194269e+00
3.784217202643325173e+00
3.783810098725960636e+00
3.783922200550842163e+00
3.783062003459635392e+00
3.783116187674445463e+00
3.782824998215955858e+00
3.782584391733005980e+00
3.782099741813825133e+00
3.782129268392028898e+00
3.781768152844883879e+00
3.933906830311923564e+00
3.933585459085224834e+00
3.933008480360149051e+00
3.932168780907037586e+00
3.931280661542010169e+00
3.930363376914151274e+00
3.929268157472538103e+00
3.928043441009218650e+00
3.926845918633319332e+00
3.925562639891999162e+00
3.924135928112015392e+00
3.922743919211851615e+00
3.921309545248728767e+00
3.919755825120526005e+00
3.918232398048441478e+00
3.916717354332806877e+00
3.915152248022820913e+00
3.913608305191552006e+00
3.912116218091296282e+00
3.910664909566761160e+00
3.909268317875204346e+00
3.907969102501809733e+00
3.906769225629905584e+00
3.905648884733008419e+00
3.904638679091405606e+00
3.903741551439357416e+00
3.819683013328247334e+00
3.803887033710865673e+00
3.820103488036589390e+00
3.802179832266713966e+00
3.808278546100371642e+00
3.805472881396866569e+00
3.796653909460997234e+00
3.803453565494717914e+00
3.793014947657712188e+00
3.797008315638728426e+00
3.793003986654016835e+00
3.790904052803911295e+00
3.791359322216852235e+00
3.788059238078100410e+00
3.789561358697178139e+00
3.784585350479117594e+00
3.787966313838654564e+00
3.783178918595942797e+00
3.784908042566766717e+00
3.781157535658737689e+00
3.782930358244954938e+00
3.781054358175475638e+00
3.780448188700596734e+00
3.781124336113083295e+00
3.921683683569565204e+00
3.921304666505367464e+00
3.920397472034833797e+00
3.919539641051941636e+00
3.918527689578200857e+00
3.917291333791339092e+00
3.916258152486454147e+00
3.914969642274822359e+00
3.913563705161145378e+00
3.912202631912161443e+00
3.910712212127347431e+00
3.909227253598995588e+00
3.907671260237861599e+00
3.906119100163875313e+00
3.904698465105749250e+00
3.903311933024492753e+00
3.901971713175161227e+00
3.844588385933068508e+00
3.805876397210047557e+00
3.822143519419194391e+00
3.809667587208180883e+00
3.802875354759541970e+00
3.815493980420357367e+00
3.803992759088296705e+00
3.795025371935417446e+00
3.804237205109529896e+00
3.795457484458511388e+00
3.791654627285787615e+00
3.796501122468438183e+00
3.792166207198382821e+00
3.787765153933297935e+00
3.791611935404121336e+00
3.786815423825967919e+00
3.784784900663059837e+00
3.787203858551510649e+00
3.782870458881046893e+00
3.780930288983546106e+00
3.783447404319126406e+00
3.779539251905263075e+00
3.778734672164059560e+00
3.780118858612687927e+00
3.777368274977019880e+00
3.777284947321811082e+00
3.777217629119094866e+00
3.776121973546079147e+00
3.775700581350841745e+00
3.775072284667995604e+00
3.775149908295788226e+00
3.773759371727095413e+00
3.774214890123594124e+00
3.773086936415594117e+00
3.773247677427291169e+00
3.772453844787724275e+00
3.772312698515736251e+00
3.771995008576233488e+00
3.771724044097088946e+00
3.771094393528320765e+00
3.771494979681561333e+00
3.921573152908384596e+00
3.921425399020853853e+00
3.921001451974624352e+00
3.919994271830621102e+00
3.919009545445213405e+00
3.917830151413912887e+00
3.916458887336318195e+00
3.915081870247576035e+00
3.913531377983138881e+00
3.911964170577319599e+00
3.910326071138639392e+00
3.908540414208687253e+00
3.906809309434455812e+00
3.905027805505627114e+00
3.903191982836785812e+00
3.901454702484484116e+00
3.899689627503380329e+00
3.897952868147230632e+00
3.896365559850443194e+00
3.894829336078805770e+00
3.893248456881429398e+00
3.792208486751986740e+00
3.791274241260671030e+00
3.791766104655844849e+00
3.788497978072666861e+00
3.787298265640618666e+00
3.784467561885441533e+00
3.782499055813900668e+00
3.896577027180524677e+00
3.897480510290577627e+00
3.897583758967491541e+00
3.897138983478954266e+00
3.896260554197001014e+00
3.894902742468205226e+00
3.893443217924728916e+00
3.891935093285010083e+00
3.890422346988235525e+00
3.888939844390695288e+00
3.887446348390185769e+00
3.886165450937389743e+00
3.885269215559809197e+00
3.884667894292101131e+00
3.884259647163779583e+00
3.883968730956818938e+00
3.883595210438345102e+00
3.883122513942374177e+00
3.882599546296283677e+00
3.881937937691201768e+00
3.881174847242271131e+00
3.880382136456511422e+00
3.879650480458754380e+00
3.879025147246805361e+00
3.878461736481659372e+00
3.877973925523312104e+00
3.877522233664207896e+00
3.877089638116913761e+00
3.876697177035560493e+00
3.876286108395476049e+00
3.875828657273854283e+00
3.875330581365649785e+00
3.874797801594135116e+00
3.874251913208532461e+00
3.873707757181977129e+00
3.873168284636827163e+00
3.872636374077688348e+00
3.872121572364097375e+00
3.871624239173065085e+00
3.871137078374363050e+00
3.870651335713331420e+00
3.870165740662202314e+00
3.869678182432345181e+00
3.869179301581730623e+00
3.868672028158046228e+00
3.868154439989373472e+00
3.867626228704268865e+00
3.867098008164516987e+00
3.866570719940916057e+00
3.866044869932111272e+00
3.865520125155497588e+00
3.864993408361622862e+00
3.864463959261576154e+00
3.863929452044709389e+00
3.863389252150075670e+00
3.862842651436141139e+00
3.862289710000141874e+00
3.861732595625443132e+00
3.861171546361006790e+00
3.860606418435480247e+00
3.860038349707904715e+00
3.859467580749189164e+00
3.858892992133893252e+00
3.858314219704859660e+00
3.857730349873883302e+00
3.857140542673920258e+00
3.856545112466437608e+00
3.855943702061563449e+00
3.855336337448491690e+00
3.854723164882493780e+00
3.854104339110131061e+00
3.853480213145646260e+00
3.852850617484917972e+00
3.852215747133517887e+00
3.851575417198373597e+00
3.850929199284085946e+00
3.850277082605887635e+00
3.849618748272864543e+00
3.848953996250346954e+00
3.848282906421155669e+00
3.847605514527583814e+00
3.846921808493761308e+00
3.846231758972694426e+00
3.845535304421729528e+00
3.844832367976650289e+00
3.844122867309272440e+00
3.843406637514024560e+00
3.842683537026618801e+00
3.841953485031590176e+00
1.066140422133737076e+01
4.715513221507716679e+00
5.931252728098137084e+00
6.639584584623813512e+00
6.961502154274665344e+00
7.057318680042127923e+00
6.204264866191794070e+00
6.109210971674130519e+00
5.918943436868175922e+00
5.789513267662494300e+00
5.683598524345376823e+00
5.572410126913406536e+00
5.456313579210750220e+00
5.332681051770448377e+00
5.963562096678376001e+00
5.865854900925796755e+00
5.809696281121185635e+00
5.758471031175210086e+00
5.684963559199633920e+00
5.600770609234272612e+00
5.516811694787460141e+00
5.427113660817514784e+00
5.337096641150411713e+00
5.261766795444174249e+00
5.203917028639095221e+00
5.147851671170901255e+00
5.083812157139574239e+00
5.018423762387099529e+00
4.941696642918828708e+00
4.898348622402638242e+00
4.863637216150822340e+00
4.198978853695240154e+00
4.151375005263888696e+00
4.088307881242749353e+00
4.023371923690808316e+00
3.970689493336511333e+00
3.938112596129260901e+00
3.922203173184375835e+00
3.911344726178413111e+00
3.895776899757716460e+00
3.874427498330348385e+00
3.852059215941658010e+00
3.832234149976700088e+00
3.814541292968987918e+00
3.796551529222316645e+00
3.776388229216152137e+00
3.754337133710628827e+00
3.733134592543155161e+00
3.715914619592270096e+00
3.703350483621962397e+00
3.693358875556040033e+00
3.683289938982988510e+00
3.671657740990196483e+00
3.658422267046126830e+00
3.644823431665255242e+00
3.632681921837610517e+00
3.622812195863034379e+00
3.614199495469231582e+00
3.605230904414856496e+00
3.595285501804850625e+00
3.584767570158609029e+00
3.574311308943198817e+00
3.564499119842243768e+00
3.555768340385882187e+00
3.548023458356304616e+00
3.540629279213114877e+00
3.533067208766501377e+00
3.525380257251103711e+00
3.517901031041951398e+00
3.510823072776218190e+00
4.265792481860565921e+00
4.259012892481170987e+00
4.252371768492294812e+00
4.245872113690793093e+00
4.239549222617085000e+00
4.233446415926047202e+00
4.227554001009352191e+00
4.221830072157750635e+00
4.216251528205486210e+00
4.210815499363183001e+00
4.205524806631849799e+00
4.200386816180085248e+00
4.195399977198397856e+00
4.190537454698709752e+00
4.185761172752458847e+00
4.181048160302549555e+00
4.176394462415818687e+00
4.171316272917811929e+00
4.166801849064282415e+00
4.162372694450755084e+00
4.158034647245313131e+00
4.153794334014594192e+00
4.149657219694784516e+00
4.145614362455707358e+00
4.141641619157417686e+00
4.137718848331221722e+00
4.161557148198741451e+00
4.157391609546545297e+00
4.153105852279511012e+00
4.148853636240762199e+00
4.144717352637174557e+00
4.140691789372683118e+00
4.136722888378743690e+00
4.132762926315133534e+00
4.128801438144750868e+00
4.124862752442436609e+00
4.120983666621459207e+00
4.117187456260213096e+00
4.113471370095529878e+00
4.109817877423315835e+00
4.106216848846226952e+00
4.102674506215576500e+00
4.099204298857531015e+00
4.095815474544174606e+00
4.092509957701466305e+00
4.089284297879688168e+00
4.086132596626494085e+00
4.083050349292635772e+00
4.080037009918472179e+00
4.077094053381808081e+00
4.074220591425996574e+00
4.071411861015411304e+00
4.068662044442131531e+00
4.065967975087011688e+00
4.063330068526258998e+00
4.060750066686521720e+00
4.058228076643103144e+00
4.055761527538405353e+00
4.053346381713796021e+00
4.050978990714369843e+00
4.048657194648439983e+00
4.046380326180032405e+00
4.044148276145135945e+00
4.041960227793845561e+00
4.039814138113251296e+00
4.037707446447457826e+00
4.035638199368145607e+00
4.033605495467571522e+00
4.031609031027891810e+00
4.029648281887377337e+00
4.027721972868565814e+00
4.025828219788238016e+00
4.023965177485806954e+00
4.022131567867421431e+00
4.020326683007564128e+00
4.018550055709370739e+00
4.016801150505536988e+00
4.015079199889743045e+00
4.013383230542091340e+00
4.011712294865822592e+00
4.010065698251297661e+00
4.008442952673384241e+00
4.006843522535723956e+00
4.005266674640519220e+00
4.003711558248357782e+00
4.001942993615233313e+00
4.000425218675053962e+00
3.998926768009471111e+00
3.997447420325630496e+00
3.995986883158912484e+00
3.994544707620179658e+00
3.993120350820678510e+00
3.991713307578411474e+00
3.990323191757056076e+00
3.988949718392031496e+00
3.987592621716126828e+00
3.986251580968768859e+00
3.984926207679770016e+00
3.983616092115492613e+00
3.982320861756168284e+00
3.981040208520957080e+00
3.979773874784446441e+00
3.978521615552434110e+00
3.977283165635961737e+00
3.975668819277421662e+00
3.974456450920207828e+00
3.973256866077420124e+00
3.972069861277811587e+00
3.970895217609077044e+00
3.969732707304285402e+00
3.968582109134420222e+00
3.967443214416314312e+00
3.966315825742967149e+00
3.965199750976032611e+00
3.964094797125277125e+00
3.963000771061847338e+00
3.961917483837780196e+00
3.960844751177496015e+00
3.959782393059113836e+00
3.958730237157562115e+00
3.957688120793489084e+00
3.956655886488229967e+00
3.955633376563209680e+00
3.954620432694448962e+00
3.953616898948490999e+00
3.952622625332147255e+00
3.951637470539124841e+00
3.950661301361931166e+00
3.949693987822472607e+00
3.948735398566313393e+00
3.947785401339254374e+00
3.946843867137244111e+00
3.945910673055453621e+00
3.944985701611147810e+00
3.944068838287686951e+00
3.943159969993915048e+00
3.942258985270124416e+00
3.941365774955901013e+00
3.940480232182958620e+00
3.939602252270692162e+00
3.938731733240985022e+00
3.937868576188413794e+00
3.937012684683460328e+00
3.936163963874290239e+00
3.935322320247906625e+00
3.934487661928443014e+00
3.933659898974959823e+00
3.932838943525376774e+00
3.932024709730214784e+00
3.931217113450754308e+00
3.930416072007520967e+00
3.929621504207272409e+00
3.928833330423906034e+00
3.928051472489150875e+00
3.927275853525241445e+00
3.926506397914891089e+00
3.925743031389331783e+00
3.924985681131752724e+00
3.924234275783399895e+00
3.923488745255793830e+00
3.922749020457141356e+00
3.922015033201791567e+00
3.921286716351235491e+00
3.920564003940344211e+00
3.919846831127270725e+00
3.919135134070357740e+00
3.918428849863886843e+00
3.917727916523501275e+00
3.917032272967505779e+00
3.916341858991656100e+00
3.915656615256455808e+00
3.914976483284182240e+00
3.914301405443455728e+00
3.913631324908539710e+00
3.912966185615020187e+00
3.912305932244680484e+00
3.911650510235371137e+00
3.910999865781717766e+00
3.910353945812591103e+00
3.909712697958990013e+00
3.909076070525287605e+00
3.908444012470915219e+00
3.907816473406881208e+00
3.907193403597480241e+00
3.906574753948789169e+00
3.905960475983321967e+00
3.905350521818253817e+00
3.904744844156801342e+00
3.904143396286353429e+00
3.903546132074323438e+00
3.902953005957956023e+00
3.902363972929840941e+00
3.901778988524935876e+00
3.901198008811976869e+00
3.900620990385430975e+00
3.900047890355352820e+00
3.899478666338799027e+00
3.898913276455252763e+00
3.898351679321611751e+00
3.897793834043561834e+00
3.897239700206004187e+00
3.896689237865726518e+00
3.896142407545599262e+00
3.895599170228957409e+00
3.895059487353766947e+00
3.894523320806557720e+00
3.893990632915996564e+00
3.893461386446556816e+00
3.892935544592510233e+00
3.892413070972216005e+00
3.891893929622648240e+00
3.891378084994179254e+00
3.890865501945734994e+00
3.890356145740199612e+00
3.889849982039868870e+00
3.889346976901427944e+00
3.888847096770678746e+00
3.888350308477607431e+00
3.887856579232173093e+00
3.887365876620209271e+00
3.886878168599012806e+00
3.886393423492826571e+00
3.885911609988450532e+00
3.885432697131055768e+00
3.884956654320157909e+00
3.884483451305602575e+00
3.884013058183563682e+00
3.883545445392663886e+00
3.883080583710137645e+00
3.882618444247996514e+00
3.882158998449106058e+00
3.881702218083321387e+00
3.881248075243835860e+00
3.880796542343532884e+00
3.880347592111383470e+00
3.879901197588807804e+00
3.879457332126109215e+00
3.879015969378982298e+00
3.878577083305092543e+00
3.878140648160735893e+00
3.877706638497455227e+00
3.877275029158674613e+00
3.876845795276282036e+00
3.876418912267320049e+00
3.875994355830725269e+00
3.875572101944113612e+00
3.875152126860572643e+00
3.874734407105507650e+00
3.874318919473475731e+00
3.873905641025096713e+00
3.873494549083960070e+00
3.873085621233579801e+00
3.872678835314360413e+00
3.872274169420614420e+00
3.871871601897558968e+00
3.871471111338368409e+00
3.871072676581216232e+00
3.870676276706420893e+00
3.870281891033588550e+00
3.869889499118786880e+00
3.869499080751761966e+00
3.869110615953110788e+00
3.868724084971522537e+00
3.868339468281032367e+00
3.867956746578313343e+00
3.867575900780026998e+00
3.867196912020161470e+00
3.866819761647428244e+00
3.866444431222647804e+00
3.866070902516169916e+00
3.865699157505317007e+00
3.865329178371859520e+00
3.864960947499519683e+00
3.864594447471517924e+00
3.864229661068118826e+00
3.863866571264212624e+00
3.863505161226907347e+00
3.863145414313145842e+00
3.862787314067362310e+00
3.862430844219149506e+00
3.862075988680968130e+00
3.861722731545873089e+00
3.861371057085252190e+00
3.861020949746607478e+00
3.860672394151333897e+00
3.860325375092559241e+00
3.859979877532974335e+00
3.859635886602712951e+00
3.859293387597247715e+00
3.858952365975312215e+00
3.858612807356806229e+00
3.858274697520798213e+00
3.857938022403478939e+00
3.857602768096180412e+00
3.857268920843394788e+00
3.856936467040836813e+00
3.856605393233514256e+00
3.856275686113820100e+00
3.855947332519654935e+00
3.855620319432566667e+00
3.855294633975915986e+00
3.854970263413061815e+00
3.854647195145560090e+00
3.854325416711388286e+00
3.854004915783199259e+00
3.853685680166581307e+00
3.853367697798339542e+00
3.853050956744826561e+00
3.852735445200255349e+00
3.852421151485056150e+00
3.852108064044248437e+00
3.851796171445821315e+00
3.851485462379158342e+00
3.851175925653453014e+00
3.850867550196166889e+00
3.850560325051496147e+00
3.850254239378853249e+00
3.849949282451375687e+00
3.849645443654455157e+00
3.849342712484271622e+00
3.849041078546364680e+00
3.848740531554200928e+00
3.848441061327783075e+00
3.848142657792275045e+00
3.847845310976603095e+00
3.847549011012138642e+00
3.847253748131350903e+00
3.846959512666507930e+00
3.846666295048358997e+00
3.846374085804875609e+00
3.846082875559976522e+00
3.845792655032279406e+00
3.845503415033878269e+00
3.845215146469131540e+00
3.844927840333447477e+00
3.844641487712125993e+00
3.844356079779179147e+00
3.844071607796173407e+00
3.843788063111116760e+00
3.843505437157319626e+00
3.843223721452305952e+00
3.842942907596704316e+00
3.842662987273194997e+00
3.842383952245428613e+00
3.842105794357004278e+00
3.841828505530409554e+00
3.841552077766029250e+00
3.841276503141123122e+00
3.841001773808848441e+00
3.840727881997280324e+00
3.840454820008440961e+00
3.840182580217366581e+00
3.839911155071154436e+00
3.839640537088047978e+00
3.839370718856528697e+00
3.839101693034409735e+00
3.838833452347949482e+00
3.838565989590997596e+00
3.838299297624096162e+00
3.838033369373672343e+00
3.837768197831163075e+00
3.837503776052225035e+00
3.837240097155876217e+00
3.836977154323728101e+00
3.836714940799180962e+00
3.836453449886632949e+00
3.836192674950726911e+00
3.835932609415562577e+00
3.835673246763976252e+00
3.835414580536777862e+00
3.835156604332029318e+00
3.834899311804326860e+00
3.834642696664078976e+00
3.834386752676824273e+00
3.834131473662514278e+00
3.833876853494853520e+00
3.833622886100616967e+00
3.833369565458982109e+00
3.833116885600883705e+00
3.832864840608354751e+00
3.832613424613899866e+00
3.832362631799853148e+00
3.832112456397774203e+00
3.831862892687821098e+00
3.831613934998148174e+00
3.831365577704310077e+00
3.831117815228679113e+00
3.830870642039863494e+00
3.830448840603852823e+00
3.830203232977441807e+00
3.829958145185848650e+00
3.829713604803988147e+00
3.829469630599264818e+00
3.829226229582258778e+00
3.828983399019100453e+00
3.828741130272178772e+00
3.828499413343843472e+00
3.828258240526075440e+00
3.828017607650800791e+00
3.827777512902966084e+00
3.827537954696275335e+00
3.827298930282045042e+00
3.827060435272703565e+00
3.826822463454491619e+00
3.826585007174337250e+00
3.826348058635239191e+00
3.826111611120984524e+00
3.825875659229099668e+00
3.825640198523752034e+00
3.825405225172508139e+00
3.825170735462470883e+00
3.824936725238035518e+00
3.824703189695596084e+00
3.824470123656394716e+00
3.824237521954378494e+00
3.824005379589790810e+00
3.823773691690123044e+00
3.823542453558141929e+00
3.823311660826096414e+00
3.823081309425763408e+00
3.822851395329025515e+00
3.822621914366775009e+00
3.822392862243436884e+00
3.822164234568425023e+00
3.821936026855002666e+00
3.821708234595952547e+00
3.821480853382553278e+00
3.821253878933868808e+00
3.821027307038314724e+00
3.820801133507976566e+00
3.820575354171091398e+00
3.820349964858078096e+00
3.820124961388004614e+00
3.819900339594191951e+00
3.819676095357303236e+00
3.819452224620034197e+00
3.819228723411686843e+00
3.819005587829304993e+00
3.818782813981961954e+00
3.818560398014006374e+00
3.818338336082315543e+00
3.818116624309535467e+00
3.817895258840159123e+00
3.817674235834688012e+00
3.817453551548040558e+00
3.817233202255613023e+00
3.817013184255830360e+00
3.816793493854929942e+00
3.816574127426190621e+00
3.816355081316490150e+00
3.816136351946389560e+00
3.962219975155036877e+00
3.961926453829509587e+00
3.961606613087709228e+00
3.979539873977022690e+00
4.044827991252732957e+00
4.011056929097361667e+00
3.367269400110045829e+00
3.341640717314701359e+00
3.316347597935942915e+00
3.296672169613720005e+00
3.282750448892055140e+00
3.267936542370910580e+00
3.248079735535805757e+00
3.225907534910669394e+00
3.207833750933892336e+00
3.198987895551505645e+00
3.199793872609403955e+00
3.205500144754531266e+00
3.209231810306629740e+00
3.206289382076340289e+00
3.196796532747781416e+00
3.185075049801555203e+00
3.175536731913608524e+00
3.168762247945783095e+00
3.162367288253060238e+00
3.154833089331900098e+00
3.146844940048134642e+00
3.139580886422598027e+00
3.133431902612424214e+00
3.128315094940417040e+00
3.124130749163338105e+00
3.120706675299189214e+00
3.117717359950154865e+00
3.874493819109030568e+00
3.872833709097474042e+00
3.870360410473738799e+00
3.868290509794483967e+00
3.865663384577086248e+00
3.862792646660076379e+00
3.860194846584480644e+00
3.858067811795364399e+00
3.856254862680085438e+00
3.854592926833173117e+00
3.853067179939827724e+00
3.851678224791148963e+00
3.850326316675430682e+00
3.848889580580392433e+00
3.848166537358404860e+00
3.846682734309214702e+00
3.845296824300251437e+00
3.843989767685322967e+00
3.842749963713012473e+00
3.841609732873303429e+00
3.840575698328757337e+00
3.839607435533157975e+00
3.838675205409634472e+00
3.837782625634115874e+00
3.836928966393907459e+00
3.836087930474468166e+00
3.835235579699016739e+00
3.834382378442821260e+00
3.833559384362604128e+00
3.832775763595934748e+00
3.832012529438466153e+00
3.831260167300702513e+00
3.830536523252436432e+00
3.829861039511303744e+00
3.829231407109435548e+00
3.828630528497875218e+00
3.828042788867922042e+00
3.827460835309726583e+00
3.826885562130616592e+00
3.826324133825926843e+00
3.825785598206816296e+00
3.825273200468981116e+00
3.824779133759128591e+00
3.824291176494122979e+00
3.823805924086204566e+00
3.823330334757038429e+00
3.822870149951966390e+00
3.822423476544707377e+00
3.821986315598959738e+00
3.821558113352955033e+00
3.821140012516258011e+00
3.820731263924305843e+00
3.820329460922354148e+00
3.819933368032164989e+00
3.819544089963822220e+00
3.819163304135527071e+00
3.818791558688782395e+00
3.818428645081620942e+00
3.818074131108669000e+00
3.817726930761807136e+00
3.817385606074310544e+00
3.817049487983380285e+00
3.816718620436294174e+00
3.816392650829704802e+00
3.816070663343813951e+00
3.815752223987325387e+00
3.815438017121381975e+00
3.815129115269571436e+00
3.958501485600056657e+00
3.958126091480587139e+00
3.957638426815969890e+00
3.957073034472340378e+00
3.956461048938351155e+00
3.955825311220872997e+00
3.955179339333769306e+00
3.954528723582118044e+00
3.953873618205851148e+00
3.953211647368775061e+00
3.952540257979191285e+00
3.951857511400561407e+00
3.951161737030698617e+00
3.950451332077934197e+00
3.949725087121398026e+00
3.948982566951656281e+00
3.948224194945403553e+00
3.947451022733543535e+00
3.946664406906674749e+00
3.945865795912474550e+00
3.945056526814437081e+00
3.944237580617788286e+00
3.943409549092012689e+00
3.942572850603735191e+00
3.941727889811528218e+00
3.940875070437123817e+00
3.940014804994185216e+00
3.939147518269421333e+00
3.938273603559841796e+00
3.937393427728466122e+00
3.936507423900472258e+00
3.935616179607028808e+00
3.934720444474704593e+00
3.933821048775266060e+00
3.932918788133171084e+00
3.932014366463463695e+00
3.931108415326797889e+00
3.930201529451459841e+00
3.929294296151295107e+00
3.928387326746605179e+00
3.927481258082161641e+00
3.926576704958538944e+00
3.925674209906084844e+00
3.924774241013309517e+00
3.923877233736041248e+00
3.922983635535739477e+00
3.922093925002471337e+00
3.921208614422959204e+00
3.920328249694227551e+00
3.919453394732821394e+00
3.918584594911159513e+00
3.917722347999548216e+00
3.916867102873975881e+00
3.916019272321404010e+00
3.915179243905976492e+00
3.914347386876679824e+00
3.913524053899967381e+00
3.912709576662863675e+00
3.911904259232517056e+00
3.911108372881995088e+00
3.910322154287069196e+00
3.909545806984171534e+00
3.908779502192415656e+00
3.908023377164387746e+00
3.907277534828728527e+00
3.906542046464966944e+00
3.905816954664683927e+00
3.905102275718554949e+00
3.904398002607601281e+00
3.903704107645283194e+00
3.903020543067384551e+00
3.902347239851290617e+00
3.901684106359716964e+00
3.901031028143255863e+00
3.900387869028787868e+00
3.899754472864632504e+00
3.899130665810622176e+00
3.898516258952358093e+00
3.897911050036154457e+00
3.897314823841901532e+00
3.896727352414818490e+00
3.896148396249215384e+00
3.895577706297044251e+00
3.895015026210891129e+00
3.894460094314713405e+00
3.893912645117477478e+00
3.893372410561294572e+00
3.892839121045112982e+00
3.892312506109073311e+00
3.891792295073377872e+00
3.891278217984647014e+00
3.890770006674705961e+00
3.890267395629990688e+00
3.889770122727380652e+00
3.889277929938881329e+00
3.888790563964962033e+00
3.888307776797585547e+00
3.887829326277422393e+00
3.887354976665847950e+00
3.886884499169595220e+00
3.886417672310094495e+00
3.885954282109523206e+00
3.885494122177004517e+00
3.885036993752041035e+00
3.884582705706065564e+00
3.884131074530456473e+00
3.883681924332117674e+00
3.883235086799952107e+00
3.882790401115395085e+00
3.882347713828631086e+00
3.881906878729377119e+00
3.881467756719226614e+00
3.881030215666567251e+00
3.880594130223487426e+00
3.880159381615237546e+00
3.879725857416013390e+00
3.879293451296814244e+00
3.878862062745421113e+00
3.878431596793858738e+00
3.878001963772759630e+00
3.877573079078646234e+00
3.877144862941860559e+00
3.876717240195051151e+00
3.876290140041578347e+00
3.875863495823064220e+00
3.875437244788104696e+00
3.875011327866654476e+00
3.874585689455665616e+00
3.874160277216422532e+00
3.873735041879229346e+00
3.873309937054527197e+00
3.872884919052685504e+00
3.872459946712499157e+00
3.872034981237857387e+00
3.871609986043719420e+00
3.871184926612037280e+00
3.870759770357140361e+00
3.870334486498963500e+00
3.869909045942534043e+00
3.869483421164149561e+00
3.869057586105720148e+00
3.868631516076951549e+00
3.868205187664631950e+00
3.867778578648955801e+00
3.866385839460361851e+00
3.865960961449580235e+00
3.865535293657933025e+00
3.865109028602597974e+00
3.864682305786582006e+00
3.864255199157232035e+00
3.863827725445227124e+00
3.863399859223458410e+00
3.862971558793520277e+00
3.862542788408813710e+00
3.862113522762002926e+00
3.861683743513927958e+00
3.861253439707616142e+00
3.860822607774603732e+00
3.860391246849470104e+00
3.859959355092117406e+00
3.859526929481345903e+00
3.859093964725517800e+00
3.858660451773997302e+00
3.858226380201528194e+00
3.857791741617448977e+00
3.857356528239180182e+00
3.856920729051880770e+00
3.856484329979336767e+00
3.856047317456325452e+00
3.855609680243515580e+00
3.855171408858846682e+00
3.854732495546921989e+00
3.854292934856918151e+00
3.853852722891554450e+00
3.853411855796824437e+00
3.852970329343406775e+00
3.852528139254568718e+00
3.852085281073157397e+00
3.851641749964594297e+00
3.851197541071941455e+00
3.850752649840089248e+00
3.850307072018254395e+00
3.849860803886398841e+00
3.849413842555289289e+00
3.848966185632723302e+00
3.848517830597862677e+00
3.848068774802836600e+00
3.847619015960556776e+00
3.847168552340667347e+00
3.846717382659304629e+00
3.846265506083546448e+00
3.845812922211014673e+00
3.845359630743595325e+00
3.844905631170211002e+00
3.844450922858631436e+00
3.843995505385433553e+00
3.843539378755622682e+00
3.843082543481330937e+00
3.842625000596858520e+00
3.842166751581248541e+00
3.841707798220927117e+00
3.841248142525591103e+00
3.840787786700061268e+00
3.840326733102654710e+00
3.839864984221222244e+00
3.839402542731749524e+00
3.838939411588313533e+00
3.838475594059920226e+00
3.838011093736810153e+00
3.837545914557665583e+00
3.837080060820607041e+00
3.836613537133769292e+00
3.836146348353980606e+00
3.835678499573452083e+00
3.835209996133765564e+00
3.834740843627416851e+00
3.834271047898335727e+00
3.833800615061351280e+00
3.833329551525277878e+00
3.832857864001764092e+00
3.832385559505472106e+00
3.831912645351771118e+00
3.831439129149686096e+00
3.830965018795893684e+00
3.830490322477364984e+00
3.830015048674830780e+00
3.829539206158177223e+00
3.829062803980891605e+00
3.828585851481711266e+00
3.828108358288276669e+00
3.827630334318347316e+00
3.827151789783121316e+00
3.826672735193793695e+00
3.826193181364669016e+00
3.825713139410897412e+00
3.825232620746054302e+00
3.824751637081982736e+00
3.824270200428464328e+00
3.823788323092267127e+00
3.823306017677453372e+00
3.822823297086697991e+00
3.822340174522024903e+00
3.821856663485107219e+00
3.821372777777442664e+00
3.820888531499653240e+00
3.820403939049994868e+00
3.819919015123489192e+00
3.819433774711825436e+00
3.818948233102619660e+00
3.818462405877961263e+00
3.817976308913222816e+00
3.817489958376166559e+00
3.817003370725515321e+00
3.816516562709109994e+00
3.816029551362309924e+00
3.815542354006474124e+00
3.815054988246974865e+00
3.814567471970852885e+00
3.814079823344552977e+00
3.813592060811638262e+00
3.813104203090230016e+00
3.812616269170320926e+00
3.812128278311004426e+00
3.811640250037553024e+00
3.811152204138294586e+00
3.810664160661372701e+00
3.810176139911394699e+00
3.809688162445881154e+00
3.809200249071558186e+00
3.808712420840576041e+00
3.808224699046535378e+00
3.807737105220193818e+00
3.807249661125052143e+00
3.806762388752901405e+00
3.806275310319247041e+00
3.805788448258604184e+00
3.805301825219637557e+00
3.804815464060224084e+00
3.804329387842311672e+00
3.803843619826608347e+00
3.803358183467078657e+00
3.802873102405255779e+00
3.799205716723123238e+00
3.798723412361283192e+00
3.798240900288292643e+00
3.796790929096530487e+00
3.796311237960837914e+00
3.795832061304646565e+00
3.795353563818832932e+00
3.794875825735009478e+00
3.794398624841331280e+00
3.793922429013801612e+00
3.793446995422942614e+00
3.792972295493004964e+00
3.792498321326511324e+00
3.792025083233755645e+00
3.791552593437333307e+00
3.791080864335875766e+00
3.790609914426927851e+00
3.790139766480243644e+00
3.789670448383116508e+00
3.789201997353714546e+00
3.788734452851966417e+00
3.788267847044888725e+00
3.787802207006306432e+00
3.787337558189515896e+00
3.786829291695577027e+00
3.786360908594675223e+00
3.785888454696215710e+00
3.785415256416676755e+00
3.784943163892412699e+00
3.784472509711455324e+00
3.784002914412636365e+00
3.783534038424536838e+00
3.783065854706997300e+00
3.782598523239526500e+00
3.782132187242571497e+00
3.781666938605712236e+00
3.781202921597976552e+00
3.780740343203089271e+00
3.780279324559455034e+00
3.779819823993454619e+00
3.779361776411564122e+00
3.778905262386018205e+00
3.778450484018379907e+00
3.777997593596330805e+00
3.777546584414429809e+00
3.777097347022357443e+00
3.776649810044814259e+00
3.776204031962262064e+00
3.775760179567369867e+00
3.775318417503162660e+00
3.774878803865418408e+00
3.774441284344899117e+00
3.774005770690246564e+00
3.773572207230310838e+00
3.773140577365098558e+00
3.772710885447312368e+00
3.772283153499663033e+00
3.771857425090781479e+00
3.771433753198133232e+00
3.771012177142792687e+00
3.770592711837569944e+00
3.770175356769533970e+00
3.769760113808794166e+00
3.769346999085277261e+00
3.768936037944891737e+00
3.768527246901602457e+00
3.768120622887412452e+00
3.767716152877782498e+00
3.767313832428116349e+00
3.766913672540479929e+00
3.766515690672176397e+00
3.766119899559144280e+00
3.765726304922898837e+00
3.765334909620312587e+00
3.764945717329853281e+00
3.764558733078723129e+00
3.764173961617680142e+00
3.763791406389709771e+00
3.763411070892608734e+00
3.763032960460768628e+00
3.762657081208193421e+00
3.762283436628528044e+00
3.761912025933571435e+00
3.761542846355082848e+00
3.761175896646574479e+00
3.760811177900087898e+00
3.760448691640780439e+00
3.760088437935152683e+00
3.759730415113068602e+00
3.759374620648869403e+00
3.759021052032081034e+00
3.758669706857410198e+00
3.758320582248077635e+00
3.757973674377261375e+00
3.757628978631382566e+00
3.757286490076637175e+00
3.756946203502884885e+00
3.756608113051804754e+00
3.756272212092850893e+00
3.755938493521599142e+00
3.755606949991227239e+00
3.755277573801205637e+00
3.754950356689281676e+00
3.754625289807074662e+00
3.754302363846742097e+00
3.753981569137078367e+00
3.789524571382523632e+00
3.785939203209709891e+00
3.780395646858166980e+00
3.774283644945793270e+00
3.768505720304282214e+00
3.764400299438060316e+00
3.760196917166078290e+00
3.756928711940012988e+00
3.754611778856285387e+00
3.753153847113626984e+00
3.752403833277877965e+00
3.752175178458830196e+00
3.752231889528007791e+00
3.752315363393577741e+00
3.752230242668553206e+00
3.751917368211286075e+00
3.751437612445702285e+00
3.750878030389744211e+00
3.750270197691873975e+00
3.749589245971245433e+00
3.748814281500667089e+00
3.747975729850667737e+00
3.747144373485868041e+00
3.746386532641580835e+00
3.745734112988785114e+00
3.745184748868573443e+00
3.744716406138984155e+00
3.744301658595392546e+00
3.743918782725270233e+00
3.743559584045551780e+00
3.743228426479420001e+00
3.742929354292675370e+00
3.742652464428078751e+00
3.742375654342661395e+00
3.742081125436064859e+00
3.741767780042154712e+00
3.741446362770967760e+00
3.741126163007869820e+00
3.777292156367232145e+00
3.775888527901227754e+00
3.772639238555734131e+00
3.768272224096064438e+00
3.763438194856237651e+00
3.758696583108876332e+00
3.754506392255263059e+00
3.751171078473301002e+00
3.748794518492734262e+00
3.747298683206800263e+00
3.746498637992324632e+00
3.746182338406012668e+00
3.746152063663592546e+00
3.746238459469644511e+00
3.746317450278183081e+00
3.746324756705734949e+00
3.746242981186462373e+00
3.746069183924721990e+00
3.745797795308416500e+00
3.745428952248717636e+00
3.744979094816415000e+00
3.744476454558097966e+00
3.743949788604934881e+00
3.743424362956792706e+00
3.742923532848727142e+00
3.742465781117894963e+00
3.742057224947124006e+00
3.741690196040476479e+00
3.741352496664680949e+00
3.741037228539579207e+00
3.740741794994875136e+00
3.740460285689159114e+00
3.740182004375612212e+00
3.739897869898790361e+00
3.739605170791569844e+00
3.739305517570447712e+00
3.739000622828952736e+00
3.738691476689682602e+00
3.738379948526784347e+00
3.738068710788848392e+00
3.737759400510267227e+00
3.737452332961273882e+00
3.737148354484995494e+00
3.736849731932397667e+00
3.735844532086002978e+00
3.735568085799627625e+00
3.735296880112949580e+00
3.735029805688262261e+00
3.734766216009882456e+00
3.734505006036149322e+00
3.734244915129528053e+00
3.733985512304873744e+00
3.733727074812607682e+00
3.733469584216208670e+00
3.733212482785976949e+00
3.732955381956180929e+00
3.732698445530331810e+00
3.732442024963027016e+00
3.732186342993725869e+00
3.731931605455621526e+00
3.731770709413503972e+00
3.731518282580952750e+00
3.731266892520254785e+00
3.731016155800666922e+00
3.730765827175592797e+00
3.730515772782690309e+00
3.730265778541778765e+00
3.730015596678041945e+00
3.729765112419348938e+00
3.729514304663150259e+00
3.729263099180677443e+00
3.729011400400223053e+00
3.728759211114493155e+00
3.728506586769301023e+00
3.728253505926390599e+00
3.727999861174050800e+00
3.727745517216739746e+00
3.727490313659164833e+00
3.727234059676065137e+00
3.726976584521391356e+00
3.726717777681710864e+00
3.726457552902791015e+00
3.726195797941242560e+00
3.725932387438687599e+00
3.725667221443557331e+00
3.725400220146032559e+00
3.725131288618395153e+00
3.724860302684048996e+00
3.724587118320261681e+00
3.724311575909463379e+00
3.724033501366586840e+00
3.723752722371451274e+00
3.723469082493363835e+00
3.723182430159455159e+00
3.722892603229952080e+00
3.722599432938282327e+00
3.722302749670419075e+00
3.722002372337497533e+00
3.721698097658109106e+00
3.721389704914662033e+00
3.721076963175970587e+00
3.720759629464811091e+00
3.720437447718447643e+00
3.720110153144269294e+00
3.719777471375489863e+00
3.719439110793065328e+00
3.719094757967424059e+00
3.718744078247125273e+00
3.718386715739196546e+00
3.718022292054441014e+00
3.717650406768164828e+00
3.717270637599417782e+00
3.716882536317357655e+00
3.716485621897270164e+00
3.720924027201828466e+00
3.720060052446144461e+00
3.718944857353794209e+00
3.717714689706854259e+00
3.716473270546539531e+00
3.715328978948883254e+00
3.714327470710198753e+00
3.713457698845138211e+00
3.712720815535182517e+00
3.712110765045804062e+00
3.711578858748579179e+00
3.711074085878140139e+00
3.710564613910927179e+00
3.710014469813424753e+00
3.709397660062719204e+00
3.708715085470817741e+00
3.707968893608808436e+00
3.707155631953646058e+00
3.706286334149631045e+00
3.705375101176566766e+00
3.704425570801556322e+00
3.703444670553800666e+00
3.702439527944611619e+00
3.701403885699488860e+00
3.700329216597948445e+00
3.699210875528223141e+00
3.698037345088739158e+00
3.696794822403639103e+00
3.695473634190107326e+00
5.754528864405927813e+00
3.779861043512055208e+00
3.864042128519360908e+00
3.929985236497815393e+00
3.949866088157267363e+00
3.930653526360173622e+00
3.878167921623431713e+00
3.827646693814330092e+00
3.809946733221783788e+00
3.823490310546700854e+00
3.840230618720552158e+00
3.840056429933116799e+00
3.825516618595554696e+00
3.801225106015476918e+00
3.774150956222876552e+00
3.754487037391407434e+00
3.745838764272646948e+00
3.747554694682684762e+00
3.751988365728119224e+00
3.745940878230686444e+00
3.730405123003663892e+00
3.715452231611132028e+00
3.703487945134773529e+00
3.693593680790320022e+00
3.684686206189849322e+00
3.674809983681286418e+00
3.662880094332164660e+00
3.647315434222502706e+00
3.627422802982790628e+00
3.604561233856264479e+00
3.578670387655455087e+00
3.547710373072258339e+00
3.508718060505605862e+00
3.457695629053156861e+00
3.392174719215905299e+00
3.315039621228624611e+00
3.240301048143940044e+00
3.193872927829529917e+00
3.184287968814729197e+00
3.185080713188478185e+00
3.175546453196638197e+00
3.928330737975473497e+00
3.913583132597785674e+00
3.904079188499835595e+00
3.898359009158792965e+00
3.890413408524354466e+00
3.878391085146517980e+00
3.865256521850226168e+00
3.087450942576145163e+00
3.077098554742748071e+00
3.833018392459305979e+00
3.825650154957875415e+00
3.822140984753532145e+00
3.818595771263475935e+00
3.813483782695174185e+00
3.044653006129877770e+00
3.042453222358545428e+00
3.041611286486646470e+00
3.038488774740682352e+00
3.035258000118802091e+00
3.033401248706661946e+00
3.031091045398966344e+00
3.028378363535975115e+00
3.026227172672328880e+00
3.024068940739673472e+00
3.021257609202905314e+00
3.018734727380592453e+00
3.782775282452346843e+00
3.781104490275743579e+00
3.779379553634568012e+00
3.778003908023744195e+00
3.777024111317384136e+00
3.776152324753389244e+00
3.775245969640635302e+00
3.774342531293897185e+00
3.773375257224198975e+00
3.771725043148655754e+00
3.770433299070933941e+00
3.769238971489223822e+00
3.768165315726099696e+00
3.013413953821418190e+00
3.008366587940908055e+00
3.005338888364368799e+00
3.004701606716986717e+00
3.004385589308813831e+00
3.004402170344051104e+00
3.003658994596518195e+00
3.001392116025490608e+00
2.998914145244286455e+00
3.765378553573852649e+00
3.766071051629721111e+00
3.764380147064505522e+00
3.763293959592836746e+00
3.763639177193654373e+00
3.763122182320429943e+00
3.761519188470882291e+00
3.760690110648765572e+00
3.760817943312076750e+00
3.760046674368117348e+00
3.759055039961284095e+00
3.758889942035477993e+00
3.758532443025038638e+00
3.757515036956473153e+00
3.002608428122646611e+00
2.998497860407626003e+00
2.997519214941412269e+00
2.995195443263355628e+00
2.995182878987363129e+00
2.996416469997248644e+00
2.995209143483191561e+00
2.991972937223358109e+00
3.152612906127874925e+00
3.920406864782164380e+00
3.919830549978493561e+00
3.918648859028484921e+00
3.919111847537419369e+00
3.918745522687888005e+00
3.917578464755201217e+00
3.916536989074431929e+00
3.916667330858854434e+00
3.916328544634495312e+00
3.915467032873129583e+00
3.915383267026302683e+00
3.915370149920195608e+00
3.914637599034634263e+00
3.914495204832396880e+00
3.914326404453801977e+00
3.913990899961762082e+00
3.913332008006851659e+00
3.913043603783194602e+00
3.912909229728737337e+00
3.158711555526473092e+00
3.152247681349281461e+00
3.151871469682514970e+00
2.989797397718974015e+00
2.988866361872485555e+00
2.989769647883823822e+00
2.989380010342427951e+00
3.752862799186342357e+00
3.750609242152843414e+00
3.752381484301837933e+00
3.752601215487488595e+00
3.750497411065742082e+00
3.750964323752331353e+00
3.751938392022376778e+00
3.750772608649533879e+00
3.911216088247285505e+00
3.911351511054943941e+00
3.911637083649520008e+00
3.910426071431875705e+00
3.910021770029770138e+00
3.910442133272976406e+00
3.910040194110840250e+00
3.909031253235994541e+00
3.147445183073609876e+00
3.146693941185592980e+00
2.983849948640874050e+00
2.982035453637342570e+00
2.981930236102281473e+00
2.982560813851625525e+00
3.748691468299974350e+00
3.747424871986568817e+00
2.981502029421051247e+00
3.747540830448093274e+00
3.746836061890383984e+00
3.746650176181671732e+00
3.746923044099883970e+00
3.746592624549789807e+00
3.745937698596785825e+00
3.907918768463138015e+00
3.907775809750473339e+00
3.907304784292670252e+00
3.906978063451083560e+00
3.906933308169223906e+00
3.906730008662806508e+00
3.906310612228155676e+00
3.906010452651685227e+00
3.905811113239025190e+00
3.143428535631366927e+00
2.980193857556304060e+00
2.979150927782571845e+00
2.978941109110047503e+00
2.978742440578985740e+00
2.978360938077091014e+00
3.744499701020894022e+00
3.743715166581369047e+00
5.161327268990977934e+00
3.019170085638362533e+00
3.088011352801290244e+00
3.126353750195021153e+00
3.131151728938983414e+00
3.111718841080156395e+00
3.077265387680481190e+00
3.046985462399156575e+00
3.041594267653736416e+00
3.810314125831760990e+00
3.818613210667017643e+00
3.816999562713172978e+00
3.808808790307842695e+00
3.796921478437919273e+00
3.785751162911808354e+00
3.941498423074698554e+00
3.940169805824696780e+00
3.941608384384891473e+00
3.941323690176098182e+00
3.937378120123488756e+00
3.933147255671550546e+00
3.929775528868352019e+00
3.926407726189060643e+00
3.923620731126972849e+00
3.921608955854346767e+00
3.920488569492943665e+00
3.919813803852468581e+00
3.918248739660137758e+00
3.916136869878745319e+00
3.914219206538145812e+00
3.912318401296744241e+00
3.910805528955529020e+00
3.909989516860995273e+00
3.909708699094149864e+00
3.909662718579161034e+00
3.909143777995290669e+00
3.907994765437908136e+00
3.906753466843798428e+00
3.905698371464564111e+00
3.905043133704012792e+00
3.904795711358119981e+00
3.904565908120736673e+00
3.904183492587381288e+00
3.903650482507822428e+00
3.903014596216461740e+00
3.811388220338486565e+00
3.742493671439206970e+00
3.745921180195850297e+00
3.747932697695561810e+00
3.748283332692024850e+00
3.748548765116082038e+00
3.016478994239285338e+00
2.998937791722592117e+00
2.996640713877675832e+00
2.999535531534188948e+00
2.997913778181641842e+00
2.996099961666160549e+00
2.997036854017753882e+00
3.762993935535136281e+00
3.759284564189750100e+00
3.755358115344758829e+00
3.754571425498582471e+00
3.757169355186234405e+00
3.758078993233119558e+00
3.754452728392818628e+00
3.764900467582861232e+00
3.764259741352550925e+00
3.765367216618225044e+00
3.765211981962023557e+00
3.763005559114700915e+00
3.748240349388504811e+00
3.748086950515057136e+00
3.748899150690596205e+00
3.748265335816047372e+00
3.746125569506319586e+00
3.744733713555007171e+00
3.744965620092780334e+00
3.745463381716651163e+00
3.744938899073629202e+00
3.743702231266440972e+00
3.742895135921672001e+00
3.742795375366881228e+00
3.742538497049268109e+00
3.741702200516737076e+00
3.740919005952430432e+00
3.740612955679602614e+00
3.740426833046051502e+00
3.739933970574105704e+00
3.739237570629468710e+00
3.738767095341301250e+00
3.738618781884253117e+00
3.738387225937822134e+00
3.737846720770201969e+00
3.737308057463045952e+00
3.737026112233071906e+00
3.736828954534666458e+00
3.736483445067112275e+00
3.736051219205707596e+00
3.735733936360136731e+00
3.735517397319632948e+00
3.735214231985620525e+00
3.734819999238303545e+00
3.734501996132628676e+00
3.734286292374624061e+00
3.734044188245916551e+00
3.733727219675172293e+00
3.733503050988411509e+00
3.733274617171624676e+00
3.733049676751843293e+00
3.732778845885302399e+00
3.732513780450382512e+00
3.732292473895859608e+00
3.732076127791572606e+00
3.731833780297923120e+00
3.731593532014568559e+00
3.731382134784934301e+00
3.731177387771496434e+00
3.730957076535175609e+00
3.730739599198811263e+00
3.730541319639596232e+00
3.730347070991734792e+00
3.730144040344412382e+00
3.729943081505751046e+00
3.729753446244836290e+00
3.069790283853099044e+00
3.019132375087141718e+00
2.991596920715970498e+00
2.995113451362602319e+00
3.000250972854404896e+00
3.000604999433898801e+00
2.999465263503563683e+00
3.764428361554764457e+00
3.756204957370927300e+00
3.745032362692502836e+00
3.741142727220091668e+00
3.752136778446908849e+00
3.752914528419084572e+00
3.739930399812560147e+00
3.738229940956142805e+00
3.742297842805177410e+00
3.743049654185549358e+00
3.739319568719246423e+00
3.734719750653753945e+00
3.735324634302867430e+00
3.738731055345473564e+00
3.736372011055706821e+00
3.732565313875328972e+00
3.732017976975174456e+00
3.732940281854382647e+00
3.732874603222358090e+00
3.731074595264900928e+00
3.729944140409080511e+00
3.731095023298599767e+00
3.731342879165503224e+00
3.729529414117089825e+00
3.728357241661440113e+00
3.728624093810829265e+00
3.728964780405060520e+00
3.728255345408016730e+00
3.727215283562624215e+00
3.727173278998682449e+00
3.727514407861959533e+00
3.727017559606804031e+00
3.726256044316477389e+00
3.726135410781522772e+00
3.726293294613498119e+00
3.725976157851490278e+00
3.725382909857097857e+00
3.725229516239688010e+00
3.725370218933055533e+00
3.725147663559984057e+00
3.724669750677872315e+00
3.724457485935446677e+00
3.724466852420055929e+00
3.887183068444437506e+00
3.886872571564611079e+00
3.886726045454091505e+00
3.168451251828439563e+00
3.137572692337262659e+00
3.138660902314405199e+00
2.979005435901185717e+00
2.979050223901265948e+00
2.980599248562102233e+00
2.980154387750216571e+00
2.974267061576886473e+00
3.127790480544529572e+00
3.124445031015626206e+00
3.130352503045207513e+00
3.896888086020507735e+00
3.891302378689940777e+00
3.891351599715291432e+00
3.893636606211477780e+00
3.893081456306230148e+00
3.890111030010887205e+00
3.888692545728182459e+00
3.890780588083496916e+00
3.891462476519727431e+00
3.889046061608963711e+00
3.888170719245480633e+00
3.888857707176668121e+00
3.888819200846192370e+00
3.887772969902373532e+00
3.887059275943777870e+00
3.887538090601461160e+00
3.887748615450042244e+00
3.886902874398852958e+00
3.886396654550814400e+00
3.886504499724462658e+00
3.886454060063102567e+00
3.886000360617127392e+00
3.885611316115685554e+00
3.885625775152977024e+00
3.885592019656743723e+00
3.885260388942497478e+00
3.885014319375884373e+00
3.884965994012852697e+00
3.884895742566826460e+00
3.884682122960151140e+00
3.884446694683409085e+00
3.884333282881865745e+00
3.884259819814545267e+00
3.884118558918673081e+00
3.883956642161546124e+00
3.883845153706041220e+00
3.883761428813885086e+00
3.883628561169022220e+00
3.883459995048392344e+00
3.883337996762215916e+00
3.883256965456732601e+00
3.883150534645399166e+00
3.883016664703418108e+00
3.882906817397923760e+00
3.882824423527173607e+00
3.882718789576764529e+00
3.882584373509133435e+00
3.882470301917680278e+00
3.882386308427669519e+00
3.882291576747907591e+00
3.882176246057206015e+00
3.882074326474083570e+00
3.881991355478754624e+00
3.881894869984141572e+00
3.881782226932560143e+00
3.881683820899834103e+00
3.881601093364657196e+00
3.881507577701063028e+00
3.881402832668787273e+00
3.881309074896706512e+00
3.881225288683636698e+00
3.881132812613758531e+00
3.881033698877589977e+00
3.880943344252688831e+00
3.880859001122786811e+00
3.880767826112494490e+00
3.880672869217840937e+00
3.880584937599560913e+00
3.880500869678692233e+00
3.880411773184950341e+00
3.141891556937681518e+00
3.128094544338707372e+00
3.122038927966827693e+00
3.123357159043455678e+00
3.123631517763542753e+00
3.123110963639052606e+00
3.890299325539457787e+00
3.888123614787786231e+00
3.884055696501524935e+00
3.884019810365903602e+00
3.887297319687383457e+00
3.886173807321582352e+00
3.883498932986867214e+00
3.884051094760347045e+00
3.884998750137484969e+00
3.883694574398404598e+00
3.882019921463588652e+00
3.882000241506935012e+00
3.883039584692509205e+00
3.882510205808324066e+00
3.881423940800436068e+00
3.881433970635286723e+00
3.881630620608093718e+00
3.881186592610688990e+00
3.880535444389705546e+00
3.880444897491531542e+00
3.880700922977585954e+00
3.880510211240880025e+00
3.880108204113014381e+00
3.879975894766203304e+00
3.879932471606293731e+00
3.879740874208290613e+00
3.879471100597688071e+00
3.879340879867372305e+00
3.879328924917950339e+00
3.879212329999199405e+00
3.878999587524738502e+00
3.878849831470160048e+00
3.878785979577428211e+00
3.879082191467794427e+00
3.878924311210976139e+00
3.878785965736177843e+00
3.878722909545008424e+00
3.878650967964143881e+00
3.878516344022886919e+00
3.878384841876341582e+00
3.129511000053518011e+00
3.117013660553717536e+00
3.120272239200436282e+00
3.121868116135865900e+00
2.957059871496518610e+00
2.957153080008875001e+00
2.956820358954230343e+00
3.880989960059856969e+00
3.878853054893338204e+00
3.881343835102648576e+00
3.882592485770137714e+00
3.880091681804012538e+00
3.879468575593308266e+00
3.880517769027762576e+00
3.880312941259552950e+00
3.878875372126084464e+00
3.878282046543835904e+00
3.878829928800608062e+00
3.878955442410464194e+00
3.877893737339724201e+00
3.877646879522467671e+00
3.878306513456101445e+00
3.878100292408276140e+00
3.877609168488662661e+00
3.877089844303005073e+00
3.877276776476335396e+00
3.877148547821245295e+00
3.876797027627871373e+00
3.876653347664526628e+00
3.876988640069828129e+00
3.876861389968944138e+00
3.876684948756020432e+00
3.876188590401411282e+00
3.876148258502854382e+00
3.876042639198954198e+00
3.875890103474560533e+00
3.875776888342847393e+00
3.875707184768181435e+00
3.875634683683799597e+00
3.875520042974448298e+00
3.875399988878058366e+00
3.875320523318712684e+00
3.875659383789206824e+00
3.875564608758591767e+00
3.875455715715866223e+00
3.875381386389218363e+00
3.875317229769512206e+00
3.875215704502238623e+00
3.875112201986188332e+00
3.875047258971236808e+00
3.123651022891591467e+00
3.115733498276592961e+00
3.113046629786742958e+00
3.113850140767805641e+00
3.113412570774066968e+00
3.878859856241463344e+00
3.879259904167816408e+00
3.877543778210823966e+00
3.876312828164079072e+00
3.877333212692787967e+00
3.877894141370177739e+00
3.876693178472003787e+00
3.876288860657150614e+00
3.876820078435086359e+00
3.876665784708127838e+00
3.875467913888891225e+00
3.875139133616182452e+00
3.875587803908808304e+00
3.875521056962462740e+00
3.874931811429803474e+00
3.874802588284225635e+00
3.874906243851752308e+00
3.874661372416695393e+00
3.874260539448718177e+00
3.874169902234510854e+00
3.874260153434653464e+00
3.874121128148314774e+00
3.873896298623199730e+00
3.874177536662674726e+00
3.874125692909556218e+00
3.873961826426649768e+00
3.873790550629933271e+00
3.873364787078333649e+00
3.873320149874016849e+00
3.111057678521787384e+00
3.108606958880890669e+00
3.108620079295618233e+00
3.109229283122033838e+00
3.108648146714164451e+00
3.874963189772975269e+00
3.874323117638926561e+00
3.873413281171121270e+00
3.873562577933601592e+00
3.874157660504162326e+00
3.873926691410622958e+00
3.873498515193802838e+00
3.873531829541535743e+00
3.873494913251895433e+00
3.873074876878721096e+00
3.872400218480321676e+00
3.872579148710349806e+00
3.872677289838486914e+00
3.872390556132055295e+00
3.872195249122952543e+00
3.872205736085980288e+00
3.872104160694281205e+00
3.871885697352911215e+00
3.871808988186284495e+00
3.871848742488228190e+00
3.871762956933197941e+00
3.871996278006658354e+00
3.871912071213915674e+00
3.871856956722351750e+00
3.871745514122729492e+00
3.871634115802443432e+00
3.871584143436829883e+00
3.871131006768927740e+00
3.871028122233297175e+00
3.870929097221368131e+00
3.870868149309869999e+00
3.870802781950438920e+00
3.871121931906209568e+00
3.870631839221354120e+00
3.870977899451323090e+00
3.870904951836419805e+00
3.110077950622412324e+00
3.107715694529351147e+00
3.106353498328174645e+00
3.106328033348183304e+00
3.106016156447681809e+00
3.872516072136459542e+00
3.872532268989973936e+00
3.871738268392051818e+00
3.871402833136595945e+00
3.871773309039790334e+00
3.871720856349951667e+00
3.871348468248191566e+00
3.871396986209203472e+00
3.871484139467565644e+00
3.871161551134076007e+00
3.870812150623971881e+00
3.870849372242122222e+00
3.870902092970893271e+00
3.870675376981188798e+00
3.870531069967340976e+00
3.870546225859431644e+00
3.870431510697339483e+00
3.870200664716839434e+00
3.870096395029121616e+00
3.869732477257243008e+00
3.869643528187675763e+00
3.869522872736412378e+00
3.869835366378869601e+00
3.869770406470608659e+00
3.869640995769417557e+00
3.869168895354811788e+00
3.869114522662999711e+00
3.869046358455094925e+00
3.868945480554100591e+00
3.868863839908891933e+00
3.868797671558465545e+00
3.869091377150002398e+00
3.869005969485987517e+00
3.868936972655045992e+00
3.868870325233873864e+00
3.868791724670031407e+00
3.868716210983778936e+00
3.868648481740030398e+00
3.104554318467629415e+00
3.103633697136839231e+00
3.103231503986026762e+00
3.102977296167691357e+00
3.869086198890760553e+00
3.869256705403454344e+00
3.869088991460930327e+00
3.868773495767594106e+00
3.868683533358277415e+00
3.868726726839303964e+00
3.868659242894152417e+00
3.868576427768191994e+00
3.868550976719416390e+00
3.868447763944493190e+00
3.868262740382482079e+00
3.868154215264032914e+00
3.867772370648073998e+00
3.867704129333696450e+00
3.867604285960114296e+00
3.867896482286283799e+00
3.867821613069739151e+00
3.867703000172597605e+00
3.867243994854966171e+00
3.867186537956586179e+00
3.867122664882092664e+00
3.867040489800256609e+00
3.866969319080114431e+00
3.867273773829115413e+00
3.867190498221513728e+00
3.867109265708006838e+00
3.867043669267799189e+00
3.101645248750240835e+00
3.101352617972509051e+00
3.866982725387751785e+00
3.867009502006749422e+00
3.866989798188060767e+00
3.866919912777643908e+00
3.866824326255398958e+00
3.866738854279836879e+00
3.866679535511574173e+00
3.866635533279273673e+00
3.866591113763745646e+00
3.866535370095865787e+00
3.866463208888525571e+00
3.866381663581103467e+00
3.865934495482997058e+00
3.099927007013700830e+00
3.865833255127439916e+00
3.865809032733179329e+00
3.865756080688051100e+00
3.865684255730633012e+00
3.865613008728061573e+00
3.865930063005451167e+00
3.865864050210261471e+00
3.865808102448902162e+00
3.865758237861679270e+00
3.865700567663067133e+00
3.865234952360135701e+00
3.865166853741898390e+00
3.865098360860041105e+00
3.865434128959077231e+00
3.865372096421126891e+00
3.100311602330136473e+00
3.099892799914511166e+00
3.865378438166620523e+00
3.865421438686226452e+00
3.865389564607037975e+00
3.865331547771486242e+00
3.865251821698680423e+00
3.865156173709419107e+00
3.865090001968221944e+00
3.865058645058112141e+00
3.865016362484428925e+00
3.703065605237124469e+00
2.937012285671981360e+00
3.702835610302693148e+00
3.702701529787918666e+00
3.702496439332397138e+00
3.702388419483265025e+00
3.864716786224377643e+00
3.864622765875883381e+00
3.864521422587060329e+00
3.864490988344785549e+00
3.864440483376776925e+00
3.864341757356084095e+00
3.864273696170417605e+00
3.863836708355698590e+00
3.863757569793179858e+00
3.863673463344426295e+00
3.098647933566827106e+00
3.863975946578612763e+00
3.863940929948132208e+00
3.098059606661914600e+00
3.863899198432840354e+00
3.863866860574656226e+00
3.863817213396351313e+00
3.863754571300852536e+00
3.863691206641349574e+00
3.863640669076359391e+00
3.863597682218664620e+00
3.863547970158084599e+00
3.863490053007447411e+00
3.701895046154796809e+00
3.863372042461930000e+00
3.863321641296304954e+00
3.863260951560254508e+00
3.863193062974012992e+00
3.863127598749701797e+00
3.863063653648095119e+00
3.862595353865515335e+00
3.862531732078214652e+00
3.096996588015454410e+00
3.096752253943760191e+00
3.862858447444614818e+00
3.862876212493123074e+00
3.862859577003024292e+00
3.862809106688582794e+00
3.862742560794736768e+00
3.862678854238403847e+00
3.862622152463040415e+00
3.862569054046110395e+00
3.862516708184853265e+00
3.862458450232488794e+00
3.862392730900088722e+00
3.862328026081041532e+00
3.862266777847588983e+00
3.862204549594820513e+00
3.862143021803563947e+00
3.862083756341740504e+00
3.862021603098435119e+00
3.861954580331631526e+00
3.096157916444290059e+00
3.861451413911842323e+00
3.861410950843190637e+00
3.861762847159426748e+00
3.861714096982459488e+00
3.861660600452017533e+00
3.861606381250145326e+00
3.861552390532697387e+00
3.861495341494214362e+00
3.861435748630160258e+00
3.095743071682499625e+00
3.861338688817951059e+00
3.861311944324624434e+00
3.861278381357934109e+00
3.861232930861824286e+00
3.861178983673899889e+00
3.861119222978066645e+00
3.861059499482579316e+00
3.861004532793549160e+00
3.860559632850923073e+00
3.860899488629892407e+00
3.095159249768850707e+00
3.860802104898289677e+00
3.860768014411279481e+00
3.860732045585293370e+00
3.860691318424551710e+00
3.860643643878868048e+00
3.860587653745520598e+00
3.860528264798237075e+00
3.860469937000879703e+00
3.860413374127433350e+00
3.859966060217824513e+00
3.860305362167445242e+00
3.094620653364315466e+00
3.860206591593405179e+00
3.860175406078631521e+00
3.860141047125777547e+00
3.860101160956985744e+00
3.860052390318942095e+00
3.859994129081433911e+00
3.859934379424332374e+00
3.859878056003553048e+00
3.859824734765787468e+00
3.859772617821758622e+00
3.094042439152364654e+00
3.859675334626734511e+00
3.859641618802521545e+00
3.859605809754512951e+00
3.859566082696034517e+00
3.859519790324799526e+00
3.859463906781881892e+00
3.859405119056019018e+00
3.859348966401285441e+00
3.697059141102578383e+00
3.858964854326994320e+00
3.095233355956523269e+00
3.698935866631593683e+00
3.697519765836418060e+00
3.698346482102280675e+00
3.698789154423075765e+00
3.697624870427985933e+00
3.697451736360533481e+00
3.698329482429959292e+00
3.697656087367106270e+00
3.697391275046138404e+00
3.697919131229285838e+00
3.697608104903949311e+00
3.697105217106428032e+00
2.936955252151006501e+00
2.934862847792810481e+00
2.932515578206924101e+00
2.931909012184622298e+00
3.698781581307647670e+00
3.698627491308778659e+00
3.697932193967151004e+00
3.698144929719400231e+00
3.697908516161334092e+00
3.697194771313877304e+00
3.697389920646826589e+00
3.697541689909337848e+00
3.697078073756338235e+00
3.696933496168002264e+00
3.696946879971860334e+00
3.696488534214960708e+00
3.696309162690311734e+00
3.696376008678305070e+00
3.696135237304510213e+00
3.695910618657012314e+00
2.931679864206204300e+00
3.695696329071341601e+00
3.695941750726386754e+00
3.695758450264981398e+00
3.858908043226508155e+00
3.859070036805259729e+00
3.858867208069807653e+00
3.858574348044662372e+00
3.858600303876942306e+00
3.858508712241064842e+00
3.858331991949808248e+00
3.858372821617642945e+00
3.858318920708070809e+00
3.858126517089317087e+00
3.858063954739917811e+00
3.857982233662232474e+00
3.857833984955320261e+00
3.857794538842302057e+00
3.857755214780163922e+00
3.857628595383064241e+00
3.857556734133596343e+00
3.857487541190539382e+00
3.857364531935445484e+00
3.857289152372377572e+00
3.857235317895909787e+00
3.857137016124228879e+00
3.857061909232561536e+00
3.857001904663490244e+00
3.856906818584221686e+00
3.856825803525889107e+00
3.856765795109693862e+00
3.856682444972701962e+00
3.856607834725339856e+00
3.856548389664435028e+00
3.856469504387974201e+00
3.856392181753936388e+00
3.856329055609437617e+00
3.856253743808578438e+00
3.856179850384345187e+00
3.856118642951147812e+00
3.092514636991043453e+00
3.091150543183610822e+00
3.091241719175296332e+00
3.090749669901031282e+00
3.857060506092600427e+00
3.856790218492512246e+00
3.856164931751123959e+00
3.856378424879618017e+00
3.856369042670827252e+00
3.856112547883486119e+00
3.694212232966052056e+00
3.856169216762198815e+00
3.855866046970158223e+00
3.855884387631101973e+00
3.855784668034260676e+00
3.855624009094966276e+00
3.855681955279787854e+00
3.855633057523393248e+00
3.855455613263287340e+00
3.855404272015261924e+00
3.855328724055367751e+00
3.855194649305052401e+00
3.855178400994621057e+00
3.855143187383500702e+00
3.855023939820565015e+00
3.854953288794590094e+00
3.854893055270053992e+00
3.854792535142427479e+00
3.692025424392525235e+00
3.691935443568066688e+00
3.691766163536513545e+00
3.691618831659353894e+00
3.854507896037310921e+00
3.854451224840794943e+00
3.854379342098275707e+00
3.854334298838166806e+00
3.691620418109163637e+00
3.089594979237736183e+00
3.088838339076664496e+00
3.854271889659394823e+00
3.854288039894363749e+00
3.854369542476398180e+00
3.854321221225455840e+00
3.854191917543475121e+00
3.854141109811928256e+00
3.854070534458685415e+00
3.691371628370094360e+00
3.853955349026918498e+00
3.853915057623615414e+00
3.853832846102387855e+00
3.853756186836625464e+00
3.853680120100066997e+00
3.088104488726734598e+00
3.853743796015844492e+00
3.853786658287985389e+00
3.853575553207307713e+00
3.853596427700809901e+00
3.853596673050446952e+00
3.853401353198259383e+00
3.853399257189002114e+00
3.853410588834736306e+00
3.853265590764405779e+00
3.853224072331991490e+00
3.853219671819267500e+00
3.853092327595227573e+00
3.853036801100776731e+00
3.853018171615831378e+00
3.852916205730826160e+00
3.852850049951509703e+00
3.852824156845261250e+00
3.690142772773067570e+00
3.689988676761798203e+00
3.689887243118393556e+00
3.689751760218047405e+00
3.689664511513866429e+00
3.852552392973962458e+00
3.852474128465939174e+00
3.852380893291770469e+00
3.852338543598012865e+00
3.852256082206858778e+00
3.852174727657247999e+00
3.086843547653923103e+00
3.086507615671547189e+00
3.852185426555590375e+00
3.852233620615541199e+00
3.852204557288990472e+00
3.852078354290506823e+00
3.851979462559352196e+00
3.851929202202387437e+00
3.689839173055181387e+00
3.851862714216187200e+00
3.851831444778055502e+00
3.851764881539901264e+00
3.851669028192066691e+00
3.851582030382904698e+00
3.851526018245475136e+00
3.851487678804206727e+00
3.851446178682032873e+00
3.085499048294442659e+00
3.851388337866327838e+00
3.851329118275010455e+00
3.851245018528588915e+00
3.851227385855256813e+00
3.851176548111822306e+00
3.851112480941226046e+00
3.851095211730002354e+00
3.851040314885511684e+00
3.850956209360800742e+00
3.850909418525829686e+00
3.850855633192420413e+00
3.850791797382532522e+00
3.850750907918088828e+00
3.850697575065577638e+00
3.850631084302508000e+00
3.850581493395655919e+00
3.850527525574308108e+00
3.850463540260815165e+00
3.687915475570759050e+00
3.687779878300138314e+00
3.687624436455734678e+00
2.922850712406698470e+00
2.922225691562249317e+00
3.687623067938996080e+00
3.850381581399535236e+00
3.850408899473313440e+00
3.850393835241732621e+00
3.850304333151839842e+00
3.850242205074303925e+00
3.850197940237763738e+00
3.850121135324154231e+00
3.850063304551533783e+00
3.850011281240933059e+00
3.849933837588393359e+00
3.849875109054781142e+00
3.849828030692173719e+00
3.849760902162940646e+00
3.849704567282862033e+00
3.084120111669605535e+00
3.849767896805797562e+00
3.849699610428572338e+00
3.849574497875747348e+00
3.849635241272023833e+00
3.849557574769455037e+00
3.849439647811598864e+00
3.849466796440660588e+00
3.849399389918835457e+00
3.849289420096902337e+00
3.849292868227025544e+00
3.849237724410518702e+00
3.849145621645975623e+00
3.849123340207030175e+00
3.849059754074092066e+00
3.848972313958295643e+00
3.848941973177145925e+00
3.848886682033972662e+00
3.686582848199954299e+00
3.848765973373938554e+00
3.848727698631490668e+00
3.848676489987452598e+00
3.848616055873988362e+00
3.848555800919521985e+00
3.848501183398280290e+00
3.848451877169462243e+00
3.848398994979598253e+00
3.848338949025700284e+00
3.848280504871581797e+00
3.848226239348885969e+00
3.848171388011352612e+00
3.848115521809062578e+00
3.848060776630820357e+00
3.083136874455608911e+00
2.920067885085488868e+00
3.685497583650661824e+00
3.685501991334120486e+00
3.685472459297959968e+00
3.685381184721625125e+00
3.847982407696229679e+00
3.847952954264599157e+00
3.847915812703784244e+00
3.847871455683171682e+00
3.847818918636842334e+00
3.847729322969293708e+00
3.847640664199493354e+00
3.082093543252209855e+00
3.847657176562623071e+00
3.847700961301410150e+00
3.847565972202163564e+00
3.847536372662769377e+00
3.847499481588489090e+00
3.847382330065703293e+00
3.847375167839738097e+00
3.847345192552481308e+00
3.847241890294979427e+00
3.847210746191169761e+00
3.847172856892004056e+00
3.847081856368009145e+00
3.847040798730949618e+00
3.846999560853910261e+00
3.846925492884358810e+00
3.846881694218166281e+00
3.846830733385405487e+00
3.846754022204565970e+00
3.846705735444705176e+00
3.846658214829982381e+00
3.846591184556611864e+00
3.846540451252990600e+00
3.846490887961970806e+00
3.846429309417758624e+00
3.846381108538400539e+00
3.846329423569742723e+00
3.683883912030940344e+00
3.846236422685056056e+00
3.846195944275240919e+00
3.846127985435239260e+00
3.846085329316588641e+00
3.846030368683931222e+00
3.082105119037822583e+00
3.080862694782009914e+00
3.846227016587424163e+00
3.683765481829301081e+00
3.683854732757500194e+00
3.683750358218847332e+00
3.846129564163509151e+00
3.846112601239336293e+00
3.846072516181976653e+00
3.846007628500615283e+00
3.845988683974916444e+00
3.845885028875728473e+00
3.080433946470690465e+00
3.845817989862581054e+00
3.845842010260555277e+00
3.845780045111053980e+00
3.845767361101826598e+00
3.845677693922303853e+00
3.845583883641138456e+00
3.845576196648587519e+00
3.845511523389574471e+00
3.845438414188813159e+00
3.845416016257439118e+00
3.845353523776194660e+00
3.845280940547903370e+00
3.845230783731774515e+00
3.845166038637198191e+00
3.845110411874489209e+00
3.845066944921807561e+00
3.844998709135267312e+00
3.844932065892332052e+00
3.844878901879082100e+00
3.844820135503588254e+00
3.844760178647975479e+00
3.844705118602659510e+00
3.682132815595020148e+00
3.682042045463565394e+00
3.681957215165218233e+00
3.681864815427143611e+00
3.844471081917627764e+00
3.844430161940182167e+00
3.844363026174652198e+00
3.844298660984459381e+00
3.844243111009997271e+00
3.844184453366085830e+00
3.844134125504120369e+00
3.844082111867208162e+00
3.844018147503282634e+00
3.843960007061764550e+00
3.843906746094575944e+00
3.078873058692684239e+00
3.078399501222401469e+00
3.078049211823080000e+00
3.844075380954505849e+00
3.844139213374639930e+00
3.843977828841651068e+00
3.843870656137524211e+00
3.843838528492215190e+00
3.843785903614767019e+00
3.843800994174224606e+00
3.843768288066614414e+00
3.843639954352378485e+00
3.843558592218990544e+00
3.843506835382329623e+00
3.681230702891598483e+00
3.843406555959417048e+00
3.843355856372490553e+00
3.843281807674280515e+00
3.843212527681711510e+00
3.843160328512476909e+00
3.843112381473712702e+00
3.843066738940903004e+00
3.843015174682073543e+00
3.842950960248653125e+00
3.842890671145603676e+00
3.842836498201042339e+00
3.842783647004698100e+00
3.842734381407501232e+00
3.842682199314237934e+00
3.842625784312994952e+00
3.842572381287453709e+00
3.842520234218644859e+00
3.842468576401414371e+00
3.842418786987965351e+00
3.842367399275487649e+00
3.842314617095647478e+00
3.842262106145451384e+00
2.915683986056598176e+00
2.914186661529303279e+00
3.679960622471435627e+00
3.680054141128305645e+00
3.680039654478196809e+00
3.679966471483460566e+00
3.842463878637463637e+00
3.842387612731542390e+00
3.842344702390128042e+00
3.842320306928430185e+00
3.842214487135718226e+00
3.842115497683464831e+00
3.842056346392867638e+00
3.841987911211151463e+00
3.841946065540524646e+00
3.841902400040503096e+00
3.841821475237950700e+00
3.841754539448756223e+00
3.075917368290780551e+00
3.841673912665013901e+00
3.841669991740032764e+00
3.841617189175344116e+00
3.841540400422578383e+00
3.841470810799956226e+00
3.841405584531115913e+00
3.841366106983371331e+00
3.841331272557522603e+00
3.841268043128997611e+00
3.841201151006629289e+00
3.841143791072459734e+00
3.841089479906090176e+00
3.841045604930081847e+00
3.840994613307876726e+00
3.840933673577550334e+00
3.840875781351901885e+00
3.075084538212267571e+00
3.840851208658260241e+00
3.840841534663709034e+00
3.840748537102250282e+00
3.840749946032726569e+00
3.840695949871192560e+00
3.840617303877837507e+00
3.840610319593407596e+00
3.840546776027053077e+00
3.840480645739197563e+00
3.840464022544888500e+00
3.840402300336709374e+00
3.840346955531957818e+00
3.840311911836120196e+00
3.677845904411007005e+00
3.840210129143803108e+00
3.840177705811545827e+00
3.840106023946383118e+00
3.840069148682269784e+00
3.840020806531474040e+00
3.839953690931659835e+00
3.839915334156413174e+00
3.839863958702220081e+00
3.839805515315783957e+00
3.677317762799912071e+00
3.839713137507643204e+00
3.839660590846121657e+00
3.839620973469516585e+00
3.839566136774346106e+00
3.677021816008553046e+00
3.839473802152153503e+00
3.839421432391349143e+00
3.073881719099178067e+00
3.839343145865611096e+00
3.839323223307087307e+00
3.839295381204419932e+00
3.839253360088417111e+00
3.839201274175756851e+00
3.839151749376524148e+00
3.676666185674835496e+00
3.839067292799938969e+00
3.839034239010969962e+00
3.838991379294586448e+00
3.838938447970944523e+00
3.838883855099521014e+00
3.838832447139715498e+00
3.838787956073951957e+00
3.072956769363230478e+00
3.838742628436493387e+00
3.838716977794119689e+00
3.838669485849012020e+00
3.838631912295882742e+00
3.676173928783146749e+00
3.676105828607560966e+00
3.838525081957171459e+00
3.838492549304828749e+00
3.838452188422586620e+00
3.838395548300622018e+00
3.838329757505498208e+00
3.838282666579131863e+00
3.838240074643720412e+00
3.838197778431036156e+00
3.838155362842791352e+00
3.838099833637612868e+00
3.838044334820413628e+00
3.837994498950367372e+00
3.837945489878543448e+00
3.837902061046933433e+00
3.837857678181344490e+00
3.675404804959428340e+00
3.072400246723621997e+00
3.837738926412385787e+00
3.837727573599499564e+00
3.837708028945063354e+00
3.837673155905238609e+00
3.675249892313774858e+00
3.837576802835977574e+00
3.837530336665250008e+00
3.837493393048760915e+00
3.837457958429622007e+00
3.837409715292467105e+00
3.837356391648729215e+00
3.837303142867140693e+00
3.837251867914087455e+00
3.837206290015373611e+00
3.071411951903510129e+00
3.837205626571249972e+00
3.837165150528647484e+00
3.837099840959268260e+00
3.837099773908866140e+00
3.837019539955242919e+00
3.674655782999129539e+00
3.674611788417766256e+00
3.836905276247633445e+00
3.836885963624293794e+00
3.836851631396229312e+00
3.836775664005870556e+00
3.836740250474761194e+00
3.836687173329334399e+00
3.836635610045789235e+00
3.836603539638874683e+00
3.836538213945893006e+00
3.836485429718391238e+00
3.674124096645177584e+00
3.836396119607204724e+00
3.836373123467320845e+00
3.836317893767477116e+00
3.836264913501614693e+00
3.836219904751472676e+00
3.836161132770958382e+00
3.836114341800816341e+00
3.836067641825962937e+00
3.836016353613367347e+00
3.835975264781128047e+00
3.835924879970000312e+00
3.071174109744787550e+00
3.070325332200481760e+00
3.673691396688302468e+00
3.673752862133018215e+00
3.673719958077788394e+00
3.835994983600827801e+00
3.835967210793517879e+00
3.835924237006969939e+00
3.835884145129364597e+00
3.835845521527509128e+00
3.835764337730464213e+00
3.835691167001387569e+00
3.835649107742226782e+00
3.835601130882931642e+00
3.835554637604531969e+00
3.835500259484613927e+00
3.835431948141344805e+00
3.835375479794669751e+00
3.835322250643159236e+00
3.835270836286599483e+00
3.835226077622975183e+00
3.835172316306768803e+00
3.835114878837397434e+00
3.672761763372029087e+00
3.835012737055812693e+00
3.834963152407256715e+00
3.069129556056896302e+00
3.834908411266807704e+00
3.834876308226801811e+00
3.834840210478164924e+00
3.834793929219760145e+00
3.834719102075213382e+00
3.834674881926793510e+00
3.834636177583124361e+00
3.834590712845464822e+00
3.834553648300964124e+00
3.834492954834890721e+00
3.834437854514423094e+00
3.834396850192530071e+00
3.672096405208329806e+00
3.672027014766325870e+00
3.834258885613517798e+00
3.834212484876267091e+00
3.834170283503712806e+00
3.834124474646927183e+00
3.834076425279765221e+00
3.671735307255961978e+00
3.833986967666371370e+00
3.068245620297580523e+00
3.834004377386811768e+00
3.833962112840346492e+00
3.833881532863820496e+00
3.833908971015878464e+00
3.833808872677924029e+00
3.833781760009185913e+00
3.833761600762016553e+00
3.833670728756809698e+00
3.833664394479316950e+00
3.833610478783786135e+00
3.833546941012603071e+00
3.833525515314129883e+00
3.833458989630260216e+00
3.833423196914162112e+00
3.833384211065153480e+00
3.833317222265436364e+00
3.833283110445217190e+00
3.833230949925197084e+00
3.833179847993611222e+00
3.833140171968577814e+00
3.833082172121649034e+00
3.833039221322727563e+00
3.670738700843322988e+00
3.670664024899388256e+00
3.832911875016976833e+00
3.832874123735239724e+00
3.832828429879719501e+00
3.832780073579215241e+00
3.832725664344230232e+00
3.670383664719278016e+00
3.068038097937566544e+00
3.832704313583851885e+00
3.832750418395195702e+00
3.832765014813880100e+00
3.832709737816657913e+00
3.066925878797703398e+00
3.670427811196862233e+00
3.832621466836863000e+00
3.832608891229452031e+00
3.832592334310315429e+00
3.832497912267375018e+00
3.832469291291153546e+00
3.832431544132553825e+00
3.832375777864578836e+00
3.832360073215174801e+00
3.832304731417761179e+00
3.832256926043390521e+00
3.832204040859851890e+00
3.832140462877802189e+00
3.832102085860870311e+00
3.832049273037529957e+00
3.831999327767876551e+00
3.831953129890034226e+00
3.831895010669044588e+00
3.831848552655151785e+00
3.831793469151191012e+00
3.831738600499254410e+00
3.669555604162320073e+00
3.669447110666880896e+00
3.669330456373776528e+00
3.669246242115127288e+00
3.831573660658427194e+00
3.831543994229443584e+00
3.831488268663209684e+00
3.831414496911726530e+00
3.831349417582372574e+00
3.831301723875808030e+00
3.831250583697396017e+00
3.831200357578655513e+00
3.831148285678886989e+00
3.831093675476565430e+00
3.831044795882248444e+00
3.065784091655917365e+00
3.065403634338125016e+00
3.831105143374614386e+00
3.831158723546833400e+00
3.831013004523422527e+00
3.830917453743676315e+00
3.830862173955416061e+00
3.830839415294463812e+00
3.830863012675430834e+00
3.830775892588841547e+00
3.830682227455230127e+00
3.830617824286468576e+00
3.669100395579894425e+00
3.830556711762840294e+00
3.830524781272510726e+00
3.830460860379286459e+00
3.830398526534797732e+00
3.830353586610399930e+00
3.830321858297526028e+00
3.830279160791364212e+00
3.830222569977311586e+00
3.830164708772602289e+00
3.830112101491255583e+00
3.830065902584038895e+00
3.830021560006377168e+00
3.829976185882377315e+00
3.829926924563291646e+00
3.829875196937336135e+00
3.067464305159710136e+00
3.066313965597743607e+00
3.065926296731515954e+00
3.067854177139533345e+00
3.065972876540124403e+00
3.831558156637778989e+00
3.831843864129665267e+00
3.831737495550834982e+00
3.831061724598899154e+00
3.830597569259615032e+00
3.830581406625389373e+00
3.830642469540801009e+00
3.830746677381970056e+00
3.830454412727355429e+00
3.830089051627058705e+00
3.669395408915961276e+00
3.668598931487727199e+00
3.668452918892348258e+00
3.668366553690438181e+00
3.668165327408577703e+00
3.668050103781315574e+00
3.667771324127893084e+00
3.830153730659773270e+00
3.829927757116399878e+00
3.829603163455164605e+00
3.829623624604161947e+00
3.829572587617152024e+00
3.829486376410289772e+00
3.829413530963190038e+00
3.829242656081907281e+00
3.829176165656213993e+00
3.829114235579162084e+00
3.063743810086251962e+00
3.063229594480850526e+00
3.828862180884012645e+00
3.828896989041601806e+00
3.828900295012378052e+00
3.828804545198457809e+00
3.828650060017481316e+00
3.828616561004898777e+00
3.828619107596829885e+00
3.828588991547822395e+00
3.828519223140383954e+00
3.828407596517997113e+00
3.828357265057159786e+00
3.828330848441346745e+00
3.828285297942452203e+00
3.828231720942671945e+00
3.828149413198411288e+00
3.828088890715686254e+00
3.828050101597936017e+00
3.828007897963705553e+00
3.827963038478730873e+00
3.827896162152473636e+00
3.827834548081932908e+00
3.827792648209318305e+00
3.827750533282906709e+00
3.827708121039821165e+00
3.827651321534498052e+00
3.827595112391153354e+00
3.827550879986012511e+00
3.827507081342611084e+00
3.827462320366243453e+00
3.827411116908990607e+00
3.827360021019012404e+00
3.827316424915196080e+00
3.827270848006693704e+00
3.062820581913164641e+00
3.827633456941343049e+00
3.827531884316349498e+00
3.827413543715695532e+00
3.827586170677030886e+00
3.827262586827385071e+00
3.827426742382269431e+00
3.827264326743151202e+00
3.827161687144016611e+00
3.827247894932508387e+00
3.827057909007862690e+00
3.827123494066621667e+00
3.826971642593762546e+00
3.826935214710865285e+00
3.826930780152229428e+00
3.826804560603947358e+00
3.826824678588086392e+00
3.826708817928316630e+00
3.826688822005842816e+00
3.826630132840850074e+00
3.826545952047138321e+00
3.665994637407110623e+00
3.665062700591287026e+00
3.664534983174354554e+00
3.664785240727104654e+00
3.665009841319297301e+00
3.664731624323495307e+00
3.664425048769353932e+00
3.826697116480311855e+00
3.826469213347336140e+00
3.826358414259934726e+00
3.826366508145695455e+00
3.826347199972076396e+00
3.826232641612129282e+00
3.826112448035345004e+00
3.826058728490629335e+00
3.826011798762855243e+00
3.825960573109304264e+00
3.825914225249799294e+00
3.825864743299281834e+00
3.825799171355936501e+00
3.825721947780351684e+00
3.825667749465267775e+00
3.825623055019657492e+00
3.825570792594085390e+00
3.825523042145484887e+00
3.825479454623627262e+00
3.825434605990489345e+00
3.825379804995933775e+00
3.825323722335840060e+00
3.825274023642742716e+00
3.825223778923654727e+00
3.825172726612812824e+00
3.825125290448098347e+00
3.825080773902262088e+00
3.065757963262008001e+00
3.062600749966043256e+00
3.062378909423768114e+00
3.064754649712661649e+00
3.061719911281756801e+00
3.063099610004301532e+00
3.827717461456146886e+00
3.827970987025595129e+00
3.827084798559539092e+00
3.826481773338912706e+00
3.826723797261610827e+00
3.826521693983890415e+00
3.826905942532244698e+00
3.826369822674602794e+00
3.825998624651107072e+00
3.826030797895720426e+00
3.825971669054395452e+00
3.826167575961375356e+00
3.825800790651159300e+00
3.825542600244906666e+00
3.825451923317707781e+00
3.825362086397408490e+00
3.825409327708823248e+00
3.825199244053070657e+00
3.825068514396952501e+00
3.824951401198627643e+00
3.666303324174283063e+00
3.664288600895867276e+00
3.663394500724620695e+00
3.663807121977296966e+00
3.664532980855982558e+00
3.663688401809997330e+00
3.663215986373345778e+00
3.825461562404679938e+00
3.824827129144070526e+00
3.824781633402972503e+00
3.824775122589102239e+00
3.824784839073571696e+00
3.824616470698524395e+00
3.824315811026276268e+00
3.824335311946435390e+00
3.824250254131364990e+00
3.824215274013370358e+00
3.824141311959719403e+00
3.823989850501786858e+00
3.823951597520782286e+00
3.823847500243519715e+00
3.823797081068323500e+00
3.823739255498084244e+00
3.823638127223885519e+00
3.823616526626319789e+00
3.823558603329689554e+00
3.823512807993910911e+00
3.823445152940474934e+00
3.823355575254259620e+00
3.823308846872885525e+00
3.823243228839387609e+00
3.823195369504065244e+00
3.823145183741504471e+00
3.823081892687673289e+00
3.823032144523246245e+00
3.822979515208672741e+00
3.822944648066974871e+00
3.822897373636147123e+00
3.822830822338278089e+00
3.822776240212010901e+00
3.822730075020517759e+00
3.822695881335769208e+00
3.822646300185168933e+00
3.822587230981091544e+00
3.822541801782119997e+00
3.822497253445312104e+00
3.822453017812109000e+00
3.822401486408703697e+00
3.822352014582965474e+00
3.822310848804481687e+00
3.822265990293443050e+00
3.822220790788960265e+00
3.822173601492785622e+00
3.822127842853764612e+00
3.822084674947975103e+00
3.822038978635335038e+00
3.821994537922345891e+00
3.821948763608540744e+00
3.821903306266261069e+00
3.821859587091745780e+00
3.821815686683981639e+00
3.821772557947603399e+00
3.821727616276494821e+00
3.821683326967558969e+00
3.821640002011591708e+00
3.821596292593327338e+00
3.821552803599961745e+00
3.821508488334294462e+00
3.056173149157846325e+00
3.055852480037632546e+00
3.667254634695436444e+00
3.662739996411743970e+00
3.660871596619260426e+00
3.662578986681176652e+00
3.663774363953767210e+00
3.661629624592612764e+00
3.661329879402893006e+00
3.661580206786388292e+00
3.822072498880883629e+00
3.822210428000223814e+00
3.822456228433506631e+00
3.822473633996684939e+00
3.821937907066641493e+00
3.821539367216361782e+00
3.821774179461489673e+00
3.821634216830483766e+00
3.821575791999526128e+00
3.821383986356953422e+00
3.821280862805881640e+00
3.821224060203026962e+00
3.821042602903056640e+00
3.821069403721695679e+00
3.820949587763387445e+00
3.820853243789213316e+00
3.820804458395942405e+00
3.820765632602824091e+00
3.820741165269271544e+00
3.820616980464789147e+00
3.820539375916274238e+00
3.820469325561987706e+00
3.820429873097531903e+00
3.820383362505756608e+00
3.820313390279411969e+00
3.820251457267211048e+00
3.820186537347843636e+00
3.820165568984573046e+00
3.820130938424931344e+00
3.820066917285969144e+00
3.819988047856976099e+00
3.819934503225036693e+00
3.819918548950116843e+00
3.819874535767757706e+00
3.819806257463979726e+00
3.819751418863460035e+00
3.819718938262867347e+00
3.819680225586552069e+00
3.054109895657589391e+00
3.819719238046016319e+00
3.819642315676810895e+00
3.819649955653048767e+00
3.819624495863718217e+00
3.819530054517401130e+00
3.819540275233545223e+00
3.819437477713689688e+00
3.819456774645386687e+00
3.819370196474453305e+00
3.819350907177901711e+00
3.819296337715441858e+00
3.819245444215179308e+00
3.819225320357539921e+00
3.819151353326768472e+00
3.819137256723507345e+00
3.819066053483895828e+00
3.819039602882377871e+00
3.818981744924216493e+00
3.818937925001677058e+00
3.818898519629948751e+00
3.818845080485282040e+00
3.818812759715932259e+00
3.818757984536652383e+00
3.664328779993651697e+00
3.659321940373874593e+00
3.658268410470398635e+00
3.660530602151174318e+00
3.660839928806403076e+00
3.658475095170088842e+00
3.658712294285144662e+00
3.658878737496367606e+00
3.819184170559077884e+00
3.819713983415330194e+00
3.819698967252628030e+00
3.819390707827998721e+00
3.818831625584822476e+00
3.818926884922761111e+00
3.819003176422033796e+00
3.818788657153228350e+00
3.818684104130897872e+00
3.818560297702200401e+00
3.818551444289332686e+00
3.818320906295237016e+00
3.818295508368788393e+00
3.818264588930563530e+00
3.054732397131466826e+00
3.053767914562015573e+00
3.818937934735410877e+00
3.819225079464361183e+00
3.818616374256379231e+00
3.818934604951621292e+00
3.818475455957470732e+00
3.818677003414733040e+00
3.818527201198730125e+00
3.818286103818005373e+00
3.818227199945599004e+00
3.818010524257587690e+00
3.818181251448700575e+00
3.817963160921878263e+00
3.817979265158688573e+00
3.817776814649964212e+00
3.817763511266925924e+00
3.817795601277502726e+00
3.817658163536216342e+00
3.817612190213494294e+00
3.817447002419247504e+00
3.657545091088158173e+00
3.656268471361083350e+00
2.904214023352243323e+00
2.930585696068663815e+00
2.911677534594599770e+00
2.918472736170433457e+00
3.074318484405087482e+00
3.061050252406397831e+00
3.076631584584051282e+00
3.824132916936726190e+00
3.837961972290659496e+00
3.833914053490701690e+00
3.821402480495976750e+00
3.834363415930451602e+00
3.822497428638191419e+00
3.824204808901926711e+00
3.828295857504717681e+00
3.822080935375734345e+00
3.822175399792812733e+00
3.825185025228524882e+00
3.819115674161976060e+00
3.823331550600639783e+00
3.822221355017137334e+00
3.818479007442098894e+00
3.822103323204124159e+00
3.819379065339402857e+00
3.818931849688061764e+00
3.820554625002502647e+00
3.818510025372401806e+00
3.818349686873569127e+00
3.819413212700776050e+00
3.817520062380002077e+00
3.818386879931652711e+00
3.818445198260898010e+00
3.817156152663272461e+00
3.817778021990787085e+00
3.817627655645473794e+00
3.816909453590739965e+00
3.817461931582639245e+00
3.817029612024352758e+00
3.816645091963942082e+00
3.817132120485460689e+00
3.816489714588421123e+00
3.816526397209109689e+00
3.816708458206106602e+00
3.816230488047876346e+00
3.816344985630148123e+00
3.816288845163662735e+00
3.815998321408342164e+00
3.816164722578349711e+00
3.815995221015846095e+00
3.815855545358038725e+00
3.815971657819273943e+00
3.815729354937476892e+00
3.815711534497637114e+00
3.815724872609913554e+00
3.815542564921924118e+00
3.815584024034279764e+00
3.815496901362933180e+00
3.815394298345041513e+00
3.815427011270482005e+00
3.815302717927449017e+00
3.815269637844924233e+00
3.815253487501109930e+00
3.815145368283988869e+00
3.815143755186712227e+00
3.701173142979758968e+00
3.672735263800088301e+00
3.660048166490085020e+00
3.675637502184863514e+00
3.675460699161209099e+00
3.666773448107942812e+00
3.664293049084739184e+00
3.668278841805777901e+00
3.664583279364187707e+00
3.661581262639431067e+00
3.665263380604567800e+00
3.661782564848053756e+00
3.657950006392891584e+00
3.659547132841816541e+00
3.660146304832788466e+00
3.659583457570131149e+00
3.657196697709982125e+00
3.656563661862044512e+00
3.657721711383668861e+00
3.655815527207857407e+00
3.655630746050741120e+00
3.656522764963876071e+00
3.654898301961323703e+00
3.654221909742926044e+00
3.654454037145958623e+00
3.654633530590860158e+00
3.654266253418025023e+00
3.653129279212073310e+00
3.653468252398165195e+00
3.815713629309894106e+00
3.814999123783340274e+00
3.815519258596927088e+00
3.815215604822115303e+00
3.814703318568657853e+00
3.814845186666869559e+00
3.814803067677924098e+00
3.814872886678544184e+00
3.814486083845414210e+00
3.814148175621577153e+00
3.814513539190487634e+00
3.814410464137874435e+00
3.814123092738341825e+00
3.814034941892850750e+00
3.813968585961765800e+00
3.814081413312810032e+00
3.813900479351770567e+00
3.813748184404801123e+00
3.813805607274383114e+00
3.813664328077936538e+00
3.813612798632087575e+00
3.813583189569127452e+00
3.813510473907029130e+00
3.813473178853581835e+00
3.813358488621243048e+00
3.813352941311695332e+00
3.813328411704651977e+00
3.813215228506009247e+00
3.060432208114026942e+00
3.055500063223459684e+00
3.054697091400452535e+00
3.056686748551093125e+00
3.820175855101106244e+00
3.816715885047561319e+00
3.821158446801653952e+00
3.816358775661472080e+00
3.818110630129356586e+00
3.817646044308832920e+00
3.814782668194327542e+00
3.817274769482188912e+00
3.815385740232656087e+00
3.815379432993123210e+00
3.816029552615879616e+00
3.814410657483241707e+00
3.815374609895174629e+00
3.815023289580792287e+00
3.814343501841245487e+00
3.814947461555432184e+00
3.813902435393623058e+00
3.813914335085429652e+00
3.814106184673860866e+00
3.813404205386805579e+00
3.813818003099945564e+00
3.813366818463830299e+00
3.813201156123739111e+00
3.813509952242519319e+00
3.812939491039077033e+00
3.813136341474312019e+00
3.813027522589132801e+00
3.812724294222224586e+00
3.812898405359518517e+00
3.812571145936612282e+00
3.812565208378834392e+00
3.812538871823277553e+00
3.812317112364263849e+00
3.812427089380261869e+00
3.812279616414076422e+00
3.812203628381547915e+00
3.812223216393920033e+00
3.812061498665603843e+00
3.812084124126583262e+00
3.812008162468180750e+00
3.811906660201764829e+00
3.811912370110281056e+00
3.811798741434490267e+00
3.811774283272937769e+00
3.811734940323123766e+00
3.811648404111875443e+00
3.811641449238678980e+00
3.811566555833923786e+00
3.811527644844677098e+00
3.811496476627965535e+00
3.811420957523125264e+00
3.811396529123372012e+00
3.811336371702030767e+00
3.811291418354010752e+00
3.811260174881379470e+00
3.811197873823198190e+00
3.811167473066012779e+00
3.052049074795109007e+00
3.050421869362827554e+00
3.050171868203766401e+00
3.815535888114468310e+00
3.813944945573836343e+00
3.811744924885823504e+00
3.815231042824991370e+00
3.812063606534785265e+00
3.813528569618712005e+00
3.812786840859689885e+00
3.811274693167858274e+00
3.813313202620770781e+00
3.811508379717718054e+00
3.812160394276191688e+00
3.811934480154994809e+00
3.811031005077539113e+00
3.812034086227779728e+00
3.811058340712697223e+00
3.811379675531008981e+00
3.811271922251302069e+00
3.810656779748733403e+00
3.811188112605135014e+00
3.810675288003919636e+00
3.810804381621686332e+00
3.810761723602433815e+00
3.810396395693268268e+00
3.810682644128591257e+00
3.810337561167445042e+00
3.810377489430437414e+00
3.810361874325720599e+00
3.810140269183178496e+00
3.810277197432455409e+00
3.810049119767258574e+00
3.648897672973932416e+00
3.648823943559767358e+00
3.809912069086324404e+00
3.810000451391361675e+00
3.809845848224536091e+00
3.648661097850722790e+00
3.809763226530179736e+00
3.809736369256522259e+00
3.809714508912921183e+00
3.809631552040175784e+00
3.809624490090619098e+00
3.809549612772778815e+00
3.809517108596608193e+00
3.809468687332668413e+00
3.809414771272896072e+00
3.809402000974098534e+00
3.809333095015112747e+00
3.809303915944356245e+00
3.809256605105256099e+00
3.809212892182055832e+00
3.809182298086502438e+00
3.809125094905559283e+00
3.809100964531693112e+00
3.809052813562183726e+00
3.809011631123500941e+00
3.808975270478565989e+00
3.808927067476279404e+00
3.808896146310616793e+00
3.808848721359357370e+00
3.808812565677075490e+00
3.808774109305919531e+00
3.808730492368580300e+00
3.808696265947599358e+00
3.808652865337927906e+00
3.808616881759514960e+00
3.808575989012478402e+00
3.808535707891422373e+00
3.808499502189247821e+00
3.808458027852474892e+00
3.808421225240253172e+00
3.808381177538625373e+00
3.808342614210369792e+00
3.808304262818075436e+00
3.808264414402745324e+00
3.808227335212952092e+00
3.808187929778844349e+00
3.808149822849488775e+00
3.808111275974631837e+00
3.808072756974689277e+00
3.808034890397184569e+00
3.807995878238470411e+00
3.807958020243436437e+00
3.647090134389318727e+00
3.646934298182840095e+00
3.646870246281498140e+00
3.646786913600163160e+00
3.807969157136575244e+00
3.807916672453674600e+00
3.807859132425953863e+00
3.807768661336294436e+00
3.807752108221285070e+00
3.807703800476477163e+00
3.807644764564963147e+00
3.807598935852025690e+00
3.807542935188468647e+00
3.807520147245705200e+00
3.807475276466754988e+00
3.042417415666051284e+00
3.807417419114747403e+00
3.807417987315373509e+00
3.807399454452408349e+00
3.807375200976692575e+00
3.807320745057481304e+00
3.807271311568163341e+00
3.807244251085669440e+00
3.807209312090854780e+00
3.807170656026286792e+00
3.807124558901799016e+00
3.807076474352604656e+00
3.807032359459230797e+00
3.806991956268398702e+00
3.806954429619893165e+00
3.806911663022792602e+00
3.806872982031033192e+00
3.806830440578861996e+00
3.806789700143194732e+00
3.806748092185070043e+00
3.806708471374679270e+00
3.806671526919346071e+00
3.806631512548531937e+00
3.806592337035467288e+00
3.806551769294613585e+00
3.041075399908397703e+00
3.806654315281514656e+00
3.806552255709185761e+00
3.806561431264644746e+00
3.806526615891771215e+00
3.806460021881249212e+00
3.806476039288333890e+00
3.806355027561070692e+00
3.806393348002706567e+00
3.806299654462386606e+00
3.806300135260748618e+00
3.806228218638926464e+00
3.806208028341649729e+00
3.806168796369452600e+00
3.645444360201473444e+00
3.806091374574239072e+00
3.806077928553056378e+00
3.806033494444157839e+00
3.805970565489365853e+00
3.805944514431524262e+00
3.805900472681245095e+00
3.805864891821216567e+00
3.805815620575437208e+00
3.805785631178289385e+00
3.805740716576611060e+00
3.805695775926332125e+00
3.805660755898370162e+00
3.805620633460560676e+00
3.805582361622290577e+00
3.805538518403472903e+00
3.805505234716510365e+00
3.805463902110097774e+00
3.805424410888559095e+00
3.805385042293002229e+00
3.805348490879805645e+00
3.805306963310681745e+00
3.805266652356673607e+00
3.805229173213545923e+00
3.805190966550434872e+00
3.645181084889805412e+00
3.644614256702293886e+00
3.644823685596406460e+00
3.644626393055006908e+00
3.805393793719248130e+00
3.805384595086690247e+00
3.805284998626492499e+00
3.805090264955929058e+00
3.805213854127323714e+00
3.805041432098151599e+00
3.805039663399405026e+00
3.804879787552927439e+00
3.804921292165088786e+00
3.804826948303829504e+00
3.804814645875849610e+00
3.804761993814501864e+00
3.041978164887214398e+00
3.040443982055704542e+00
3.805433723014425951e+00
3.805927441854943361e+00
3.805302356981280720e+00
3.805670748368491729e+00
3.805113003821766426e+00
3.805485344356893673e+00
3.805102074686618430e+00
3.805055804552738508e+00
3.804937428331347071e+00
3.804851866764368040e+00
3.804872490260298168e+00
3.804658837740305444e+00
3.804754046412478274e+00
3.804542292447024021e+00
3.804637135485530841e+00
3.804465349361314530e+00
3.804461008803172284e+00
3.804314379961695636e+00
3.804283713505582920e+00
3.804240604585329422e+00
3.804158018448754675e+00
3.644978238905466572e+00
3.643820446173747563e+00
3.644562114119206164e+00
2.878599904233556828e+00
3.804854587216057737e+00
3.804543865761870869e+00
3.804652567511810357e+00
3.804082260420978301e+00
3.041636899738252353e+00
3.805336747667133146e+00
3.805649540907285910e+00
3.805056741971293732e+00
3.805726414892435905e+00
3.804584093653429644e+00
3.805517766990931250e+00
3.804408102414791770e+00
3.805235099935911691e+00
3.804290471503704030e+00
3.804816314068560690e+00
3.804242214125395094e+00
3.804587807894822316e+00
3.804113026812878218e+00
3.804261269137896750e+00
3.803929276287482786e+00
3.804035529974634233e+00
3.803845824545947885e+00
3.803781397482932647e+00
3.803729657420040766e+00
3.803642393556138757e+00
3.803642636226068241e+00
3.803443176349051491e+00
3.803466221374948830e+00
3.803301386650619342e+00
3.803345471539648415e+00
3.803192027077430648e+00
3.803219618036933536e+00
3.803062212323416347e+00
3.803072615542742341e+00
3.802963691304960925e+00
3.802986444097468777e+00
3.802862943874342871e+00
3.802851126835847140e+00
3.802756609743958460e+00
3.802752248627641496e+00
3.802673611974376477e+00
3.802651134452779136e+00
3.802586058073124775e+00
3.802547241287926649e+00
3.802493043337869860e+00
3.802453549894159401e+00
3.802408697736029630e+00
3.802122234864350414e+00
3.802081507927582482e+00
3.802037350900817625e+00
3.801996570634685213e+00
3.801948880189780056e+00
3.801913666830453398e+00
3.801866642667107499e+00
3.801830481501507819e+00
3.801783035249530762e+00
3.801747795639586869e+00
3.801703463481306056e+00
3.649834471731128183e+00
3.643109358267524911e+00
3.648285639745775466e+00
3.645353991447520592e+00
3.643744224073940607e+00
3.646073334973922719e+00
3.643255840557068304e+00
3.643575825771287136e+00
3.644294299298380224e+00
3.642191928992108529e+00
3.643195877563221163e+00
3.802506155007755240e+00
3.803452850122156725e+00
3.801900856701064146e+00
3.802914252425554587e+00
3.802020219423337011e+00
3.802315235985251007e+00
3.801768292337220245e+00
3.802064409039409121e+00
3.801762660843537311e+00
3.801549295027387476e+00
3.801715018982436689e+00
3.801445894925532976e+00
3.801486974249803197e+00
3.801245852054708774e+00
3.801415877680725419e+00
3.801065288818703980e+00
3.801204609394385869e+00
3.800988011078511697e+00
3.801012834567806919e+00
3.800868039335863813e+00
3.800893800046448057e+00
3.800800899622378104e+00
3.800727019661607642e+00
3.800693176596966261e+00
3.800646408598018056e+00
3.800600844639668185e+00
3.800489325242059291e+00
3.800526060986340937e+00
3.800424152871869410e+00
3.800407179721260853e+00
3.800312346124627538e+00
3.800331232361414902e+00
3.800182342929941282e+00
3.800162329019236118e+00
3.800105993283416694e+00
3.800082798443040311e+00
3.800023432652726463e+00
3.799985052985893841e+00
3.799952674394564411e+00
3.799898265835093270e+00
3.799864655564396010e+00
3.799813012014483959e+00
3.799789621985314447e+00
3.799729184904046875e+00
3.799703228281515521e+00
3.799654453554643929e+00
3.799624971084287317e+00
3.799572255332265946e+00
3.799543588749753731e+00
3.799498462347923322e+00
2.873990416779487411e+00
3.799471619962720759e+00
3.799458165382673336e+00
3.799443247751450592e+00
3.799396506848643718e+00
3.799369818884953176e+00
3.799329538553922969e+00
3.799300781425430706e+00
3.799255265174728891e+00
3.799220835101209115e+00
3.799183045441581363e+00
3.799147396872653903e+00
3.799109446601296458e+00
3.799073320721174429e+00
3.799031896775212136e+00
3.798996583132550064e+00
3.798955868586538109e+00
3.639237579854438742e+00
3.639032724059599211e+00
3.638965738418141971e+00
3.799058976218381734e+00
3.798981500417339063e+00
3.798977187423739910e+00
3.798816052485334716e+00
3.798865324396302867e+00
3.798751850410061248e+00
3.798739066666958486e+00
3.798625251104390088e+00
3.798632027293190383e+00
3.798554264044453177e+00
3.798553142031201979e+00
3.798482867083693204e+00
3.798455798646192871e+00
3.798380540385400295e+00
3.798361449142886315e+00
3.798308314742858016e+00
3.798278939532511167e+00
3.798228398334638545e+00
3.798196537156076413e+00
3.798142943577082153e+00
3.798105953526596412e+00
3.798063467509376956e+00
3.798028251533271060e+00
3.032573955676236110e+00
3.797987256300237924e+00
3.797982158871935798e+00
3.797964553487336303e+00
3.797919414152498341e+00
3.797871885016979476e+00
3.797833227774704667e+00
3.797806674470291632e+00
3.797771715065958453e+00
3.797736564658559910e+00
3.797692927280117203e+00
3.638145988428284738e+00
3.638036150570115979e+00
3.637901283642422268e+00
3.797762720485146293e+00
3.797712405089828547e+00
3.797662027936201223e+00
3.797549792267557400e+00
3.797559219654213614e+00
3.797480767589117789e+00
3.797445869621115300e+00
3.797376036297415602e+00
3.797353797017340327e+00
3.797290203272623899e+00
3.797265642425536658e+00
3.797210813991157785e+00
3.797175593009758821e+00
3.797121841905866102e+00
3.797090005600108675e+00
3.797040747791769810e+00
3.797004015959804413e+00
3.796958792713152953e+00
3.796920000789593796e+00
3.796872074041325540e+00
3.796834638596162659e+00
3.796792634012705836e+00
3.796752965238268995e+00
3.796711879720859439e+00
3.796673819574782893e+00
3.796631673146411146e+00
3.796592257782519741e+00
3.031098279889368641e+00
3.796615653021842007e+00
3.796534956330198440e+00
3.796547761412966793e+00
3.796463589864681687e+00
3.796477783155412844e+00
3.796395959346536397e+00
3.796398172395667459e+00
3.796336751318052372e+00
3.637353240329031401e+00
3.637126587102654796e+00
3.637082811751462863e+00
3.796483109996087180e+00
3.796566059879090460e+00
3.796396814866263014e+00
3.796359343841443579e+00
3.796233596667739185e+00
3.796293377114635881e+00
3.796107025759629217e+00
3.796155175246751945e+00
3.796004881122420294e+00
3.796058956327015288e+00
3.795918022931290103e+00
3.795962927081657945e+00
3.795821471750930431e+00
3.795833414802604722e+00
3.795740340949283365e+00
3.795751000680342102e+00
3.795662287840581683e+00
3.795645632673872338e+00
3.795583201676832275e+00
3.795546850817697493e+00
3.795493016372274653e+00
3.795451799486948552e+00
3.795414283027088054e+00
3.795364215395569119e+00
3.795329586038033831e+00
3.795279245033145177e+00
3.795251114122953240e+00
3.795195414837935211e+00
3.795162717440267119e+00
3.795108885440574120e+00
3.795083084010442587e+00
3.795034390448708717e+00
3.794999842893521436e+00
3.045769483647803533e+00
2.926281852843102715e+00
2.949416061908426201e+00
2.956718671997320858e+00
2.938544753209554106e+00
2.932567737972056499e+00
2.925249186699077519e+00
2.921997472150183128e+00
2.912049650638697251e+00
2.901758633318288538e+00
2.898478673463842359e+00
2.904068976975283434e+00
3.659601870551688840e+00
3.661144161768348226e+00
3.654913509712184982e+00
3.659317298708785415e+00
3.654802775600248577e+00
3.656105021728883742e+00
3.648881639214245798e+00
3.651052704305388197e+00
3.650030836534112311e+00
3.649538329708372331e+00
3.647286179216893132e+00
3.646112834659116064e+00
3.646658679084007204e+00
3.644466547332269712e+00
3.645195748334414176e+00
3.642815933403199757e+00
3.643733758002104750e+00
3.642117752276980980e+00
3.642203665231980914e+00
3.640612203171033734e+00
3.640354010580783672e+00
3.639385533680084883e+00
3.801152986317703597e+00
3.800556192361500329e+00
3.800336698142485758e+00
3.800148988647423121e+00
3.800021756510028048e+00
3.799970989114591635e+00
3.799397578778647588e+00
3.799322498461703113e+00
3.798815480855195048e+00
3.798832310549403068e+00
3.798646299635710211e+00
3.798447672890695959e+00
3.798309343935715177e+00
3.798126633662200380e+00
3.798133247296081372e+00
3.797930547102552623e+00
3.797786148900210712e+00
3.797613726037320170e+00
3.797485384250804508e+00
3.797389771093732769e+00
3.797226383960361495e+00
3.797184503907137465e+00
3.797050309821313974e+00
3.796856744708617892e+00
3.796790664766763967e+00
3.796685348967302254e+00
3.796616541229738129e+00
3.796487627655342756e+00
3.796457035841947381e+00
3.796343265700059533e+00
3.796260438429877038e+00
3.796174862834742925e+00
3.796113289137513114e+00
3.796040720023397874e+00
3.795964408353805997e+00
3.795899337960817022e+00
3.795831579109668397e+00
3.795768116910141821e+00
3.795704731222803829e+00
3.795639616596447663e+00
3.795572383492456847e+00
3.795515868287754113e+00
3.795460514950714348e+00
3.795399853961734848e+00
3.795339693184160978e+00
3.795283805551817657e+00
3.795229839959651130e+00
3.795175641185962956e+00
3.795122124642734018e+00
3.794987411350968287e+00
3.794934121513598768e+00
3.794881450079982343e+00
3.794829989196302211e+00
3.794777531425031381e+00
3.794725091459405064e+00
3.794676295900519136e+00
3.794624742350836133e+00
3.794575085923302282e+00
3.794524664412794124e+00
3.794476126018273554e+00
3.794427648504235417e+00
3.794378002496435087e+00
3.794330198197761739e+00
3.794281307544948856e+00
3.794233990734779738e+00
3.794185771585488531e+00
3.794138686857982279e+00
3.794091574144220491e+00
3.794044509553793354e+00
3.793998070121533672e+00
3.793951283255081464e+00
3.793905101004394709e+00
3.793858606257235255e+00
3.793813156060417136e+00
3.793767109295055118e+00
3.793721529210161592e+00
3.793675878932570633e+00
3.793630602857030354e+00
3.793585339561433400e+00
3.793540251650394879e+00
3.793495224707014390e+00
3.793450349460074200e+00
3.793405551370836015e+00
3.793360929628181388e+00
3.793316301193208506e+00
3.793271787560767550e+00
3.793227438783099537e+00
3.793183161678646442e+00
3.793138949798877224e+00
3.793094808999030398e+00
3.793050739391299331e+00
3.793006753292224253e+00
3.792962798223096677e+00
3.792918970405287471e+00
3.792875113346887872e+00
3.792831365935720900e+00
3.792787661446698877e+00
3.792744041037924063e+00
3.792700428162600446e+00
3.792656881675558811e+00
3.792613388100064320e+00
3.792569940071808698e+00
3.792526530183676137e+00
3.792483138767522188e+00
3.792439796936136975e+00
3.792396483092398185e+00
3.792353214816429841e+00
3.792309976246843295e+00
3.792266761323189073e+00
3.792223579149351487e+00
3.792180422560566200e+00
3.792137294610863130e+00
3.792094183869981094e+00
3.792051094433592340e+00
3.792008031249035405e+00
3.791964984541865924e+00
3.791921958520245717e+00
3.791878945558646130e+00
3.791835952012255095e+00
3.791792972211827095e+00
3.791750007292811642e+00
3.791707052555231439e+00
3.791664108521333620e+00
3.791621175517693398e+00
3.791578252436022645e+00
3.791535336599512362e+00
3.791492427619712835e+00
3.791449526199585307e+00
3.791406629974103382e+00
3.791363737433175451e+00
3.791320849156937456e+00
3.791277963209151114e+00
3.791235079794883944e+00
3.791192197076326931e+00
3.791149314990802655e+00
3.791106431850536751e+00
3.791063547945412893e+00
3.791020662395717444e+00
3.790977774079827167e+00
3.790934881817002111e+00
3.790891985935761710e+00
3.790849085130779450e+00
3.790806179283722877e+00
3.790763266863981684e+00
3.790720348087117664e+00
3.790677421771964983e+00
3.790634487759119153e+00
3.790591545063957124e+00
3.790548593162106794e+00
3.790505631568359846e+00
3.790462659757340091e+00
3.790419677226178230e+00
3.790376683164752514e+00
3.790333677220731445e+00
3.790290658757709430e+00
3.790247627460685997e+00
3.635459286580964289e+00
3.791654635097961190e+00
3.791376073167081362e+00
3.791613292796776946e+00
3.790960823137796254e+00
3.791361090135264789e+00
3.790945105384162073e+00
3.790898161779518993e+00
3.790810842638132172e+00
3.790864110694128541e+00
3.790753023750953687e+00
3.790648717566657222e+00
3.790554473656272627e+00
3.790435064227789308e+00
3.790416487107097332e+00
3.790352735090520842e+00
3.790317524988195963e+00
3.790130297482185551e+00
3.790176395998989811e+00
3.790019470525932022e+00
3.789998071594289364e+00
3.789849692685652194e+00
3.789870545463622786e+00
3.789725611924737336e+00
3.789746334401168149e+00
3.789623746625101042e+00
3.789601409385082498e+00
3.789499283918337902e+00
3.789482270095708039e+00
3.789372148248552286e+00
3.789337767760723175e+00
3.789276924354380682e+00
3.789236797940176871e+00
3.789158811583527520e+00
3.789103934190637624e+00
3.789059422928241272e+00
3.788996606662235589e+00
3.788948525592569005e+00
3.788891019967065787e+00
3.788853065350582749e+00
3.788784373054359556e+00
3.788747940831268313e+00
3.788685758694914085e+00
3.788641786225634966e+00
3.788586134987877330e+00
3.788543793175100483e+00
3.788488170615361916e+00
3.788441382510759237e+00
3.788396120613724882e+00
3.788344977767683197e+00
3.788298021877297916e+00
3.788247873691224399e+00
3.788205055138108790e+00
3.788153305498368262e+00
3.788108583634113735e+00
3.788059800620811046e+00
3.788014610335801002e+00
3.787966459355687654e+00
3.787919807547522666e+00
3.787874064482106284e+00
3.787826623702066797e+00
3.770246115601971315e+00
3.706480892734453914e+00
3.688353341417648146e+00
2.911503624593057005e+00
3.659523225862884921e+00
3.674758049700278306e+00
3.650641181212625597e+00
3.655538680956960551e+00
3.659231818639870237e+00
3.642678142040476352e+00
3.648597574342445249e+00
3.653211290017680746e+00
3.640112904649771330e+00
3.645500820965216882e+00
3.648989925889591035e+00
3.641393793384693822e+00
3.642689208043455196e+00
3.645527093548051933e+00
3.641127232380843459e+00
3.639110330969491436e+00
3.641921606529098021e+00
3.638892529284073696e+00
3.637748779975345848e+00
3.638414132605220175e+00
3.636794565356629150e+00
3.634186846125736725e+00
3.635161681945388246e+00
3.635272245301528038e+00
3.633157091140071682e+00
3.633271169165274372e+00
3.633812861898640278e+00
3.632353344062536404e+00
3.631827849118479890e+00
3.632418150991510331e+00
3.631273502507949225e+00
3.631060193195100094e+00
3.631197163273377271e+00
3.630498407106292014e+00
3.630135241770474419e+00
3.630240208054798412e+00
3.629831389424894361e+00
3.629387890615102918e+00
3.629401414074667098e+00
3.629090632777553171e+00
3.628830225054337166e+00
3.628763300009553383e+00
3.628483109193589407e+00
3.628262113838078839e+00
3.628204763744139250e+00
3.627964007238092314e+00
3.627777487228355913e+00
3.627676871578501050e+00
3.789817138561527798e+00
3.789664988736858753e+00
3.788944747332537055e+00
3.788863152130721446e+00
3.788676384264618502e+00
3.788705636483170380e+00
3.788605847869115806e+00
3.788468440856466835e+00
3.788459093078190065e+00
3.788321532364560262e+00
3.788223330169851355e+00
3.788157997711374847e+00
3.788041066787666722e+00
3.787935582388877620e+00
3.787863041901308403e+00
3.787764634506653572e+00
3.787657540008054546e+00
3.787586817605807177e+00
3.787478872965384102e+00
3.787380961568519666e+00
3.787316286840462176e+00
3.787216322276742986e+00
3.787127389301693903e+00
3.787059464795038188e+00
3.786967661995016776e+00
3.786885763419093998e+00
3.786817403815249783e+00
3.786733518387146002e+00
3.786657228164743927e+00
3.786592504133423631e+00
3.786515619759500240e+00
3.786442550619402603e+00
3.786378879038544643e+00
3.786307700420914468e+00
3.786242678460127742e+00
3.786182485186080804e+00
3.786115060829906120e+00
3.786053219518513924e+00
3.785994701654706418e+00
3.785932638318872279e+00
3.785874178143469937e+00
3.785817155165632553e+00
3.785758517152150837e+00
3.785702700757639150e+00
3.785648714485522870e+00
3.785593055845005495e+00
3.785539547140106542e+00
3.785487027459064180e+00
3.785433252878084964e+00
3.785381990865085200e+00
3.785330452372405396e+00
3.785278759012208560e+00
3.785228569576883473e+00
3.785178440913248288e+00
3.785128498248550688e+00
3.785079251707147208e+00
3.785030493544338182e+00
3.784981469228609008e+00
3.784933361417512465e+00
3.784885197394572742e+00
3.784837047769146423e+00
3.784789672757602919e+00
3.784742111837039680e+00
3.784694893939065441e+00
3.784647942473429616e+00
3.784600986356197794e+00
3.784554212877027979e+00
3.784507739247479297e+00
3.784461265475833169e+00
3.784414902513177026e+00
3.784368815536858222e+00
3.784322622550535087e+00
3.784276616614945965e+00
3.784230760314738262e+00
3.784184834820311760e+00
3.784139060372130103e+00
3.784093379953240799e+00
3.784047691395160395e+00
3.784002096305454366e+00
3.783956573710597127e+00
3.783911018806368709e+00
3.783865538826139741e+00
3.783820110313689700e+00
3.783774654600731147e+00
3.783729270224549968e+00
3.783683898142448765e+00
3.783638514704647626e+00
3.783593177149915388e+00
3.783547836812438447e+00
3.783502488009119702e+00
3.783457163622842678e+00
3.783411833920671263e+00
3.783366490573586205e+00
3.783321157401960289e+00
3.783275809398982226e+00
3.783230446521157919e+00
3.783185084142164811e+00
3.783139700208907108e+00
3.783094297288297270e+00
3.783048886068619776e+00
3.783003445984308044e+00
3.050267308088586482e+00
3.070070654552475631e+00
2.923060450741757688e+00
3.092008825313039555e+00
3.088106787851786272e+00
3.074517514286791542e+00
3.054129276328431786e+00
3.822874024953650363e+00
3.803016029213881044e+00
3.808915233552360391e+00
3.815350071688126121e+00
3.801024808464583682e+00
3.809719648508322010e+00
3.802196512615699575e+00
3.800137528066162673e+00
3.803631006480065579e+00
3.796873577631118657e+00
3.799676326925253811e+00
3.795858944871818963e+00
3.791487061727193186e+00
3.792512932495752054e+00
3.770875269796612361e+00
3.715678443872227898e+00
3.645055790982269173e+00
3.709839546616280348e+00
3.693408013576427784e+00
3.643512108779568770e+00
3.666359665380134025e+00
3.681739730228332785e+00
3.669855406330809089e+00
3.649538634362903267e+00
3.645981417511973355e+00
3.657865190089325758e+00
3.658808835499510081e+00
3.648061603738048220e+00
3.642584320470902526e+00
3.645260164036805417e+00
3.648513386164801808e+00
3.645579710466791301e+00
3.641330616088338523e+00
3.642323393216383209e+00
3.642943297829235316e+00
3.642251631548766078e+00
3.640071413930569655e+00
3.639268289555939617e+00
3.638952227576644383e+00
3.637835425704882830e+00
3.636403100733498928e+00
3.635689212059582953e+00
3.635538262489990124e+00
3.635025110816444638e+00
3.632832373317698149e+00
3.631887522472589058e+00
3.631740080298536011e+00
3.631870368351359346e+00
3.631278243571069098e+00
3.630370075405673802e+00
3.629876310321847654e+00
3.629723380825907952e+00
3.629657439356315241e+00
3.628578091545361595e+00
3.627972659972297009e+00
3.627627832095995597e+00
3.627502550779149182e+00
3.627406651779510938e+00
3.627034572767881215e+00
3.626597941686833693e+00
3.626351910024716574e+00
3.626296561787611950e+00
3.626126416278705022e+00
3.625809344018050329e+00
3.786413360077738766e+00
3.786332738598828573e+00
3.786155834194603109e+00
3.785945695283987167e+00
3.785810476886446452e+00
3.785715836613728680e+00
3.785593831954237487e+00
3.785462355638614440e+00
3.785330035113375846e+00
3.785208507318963633e+00
3.785071468784012350e+00
3.784923751509733147e+00
3.784775532295177491e+00
3.784637704978371264e+00
3.784529766853509614e+00
3.784419211072916234e+00
3.784285538326225051e+00
3.784152670233873472e+00
3.784043896490139502e+00
3.783945231534662224e+00
3.783828598666821641e+00
3.783707497667979425e+00
3.783601081529201160e+00
3.783505465594671602e+00
3.783411136867084856e+00
3.783312318895448723e+00
3.783216835414871859e+00
3.783126984016932148e+00
3.783039529613606788e+00
3.782950408370820750e+00
3.782860901796895270e+00
3.782777669926066455e+00
3.782698115473955625e+00
3.782620452855529614e+00
3.782542971680840971e+00
3.782466925452180995e+00
3.782394240920591955e+00
3.782322884121869233e+00
3.782252157732448605e+00
3.782181292573284281e+00
3.782112121288614848e+00
3.782045624459517086e+00
3.781980909860246598e+00
3.781916430686237618e+00
3.781852097007510238e+00
3.781789622506914306e+00
3.781728342017508293e+00
3.781667455605139505e+00
3.781607149268526591e+00
3.781547582661310525e+00
3.781488625814720450e+00
3.781430478440192200e+00
3.781373239625106741e+00
3.781316429900036802e+00
3.781259931288518672e+00
3.790375374318050383e+00
3.781165980209477695e+00
3.781126626203783925e+00
3.781076590879945520e+00
3.781016640042294874e+00
3.780960599153176283e+00
3.780908671218364603e+00
3.780858928809232467e+00
3.780805083152189994e+00
3.780749974757462439e+00
3.780694804540727816e+00
3.780640441756672132e+00
3.780587479454702304e+00
3.780531666344046471e+00
3.780477648617439179e+00
3.780426298616710756e+00
3.788856029336434172e+00
3.780339676120087589e+00
3.780299509166093586e+00
3.780248797343301881e+00
3.780194660846543098e+00
3.780139127122636111e+00
3.780087386566299834e+00
3.780041216414184113e+00
3.779991300065120186e+00
3.779936533163986034e+00
3.779883446714159767e+00
3.779830637969935569e+00
3.779781010196407998e+00
3.779728728381155367e+00
3.779675869516717857e+00
3.779625003917481241e+00
3.779574304387722794e+00
3.787378696459855476e+00
3.779483953520226258e+00
3.779443926593023750e+00
3.779398369073522002e+00
3.779342846212180973e+00
3.779289556987068366e+00
3.779240232310151715e+00
3.779193744608750016e+00
3.779141953535635423e+00
3.779087526474738556e+00
3.779036254051313826e+00
3.778984742636313676e+00
3.778935015808127851e+00
3.778881028382502283e+00
3.778828735232636404e+00
3.786068610798828171e+00
3.778739259130833972e+00
3.778697769437618703e+00
3.778647736868308460e+00
3.778595456705029498e+00
3.778543539551269426e+00
3.778490797166265125e+00
3.778442136671714913e+00
3.778391912354514659e+00
3.778338917390603235e+00
3.778285098799306851e+00
3.778232466890828700e+00
3.778180605369263478e+00
3.784918994396356151e+00
3.778093350410201001e+00
3.778053631687199321e+00
3.778001066032292687e+00
3.777942056709624019e+00
3.777891405737111796e+00
3.777839551078714386e+00
3.777787162101205354e+00
3.777735033165863676e+00
3.777682841965582128e+00
3.777627511871969102e+00
3.783928942840917742e+00
3.777533768067769415e+00
3.777490680099730103e+00
3.777440770547445759e+00
3.777386594256939567e+00
3.777329373868635543e+00
3.777274389868158444e+00
3.777220870681472498e+00
3.777165715765975484e+00
3.777113194159525733e+00
3.777060128489626578e+00
3.782777814602901412e+00
3.776766810059784429e+00
3.776720366921075822e+00
3.776668262030846712e+00
3.776614558405667843e+00
3.776559053289418877e+00
3.776500870965165291e+00
3.776442888020777211e+00
3.776385582113888972e+00
3.019863702026032382e+00
3.020094507998051903e+00
3.021271940159864222e+00
3.778717786905831044e+00
3.785051065165443873e+00
3.778217091682820161e+00
3.779144238335032213e+00
3.779813907805808171e+00
3.778015402676166090e+00
3.779144753324629846e+00
3.779643262741318122e+00
3.777830572473156234e+00
3.780683048906972488e+00
3.780681558952831089e+00
3.778094002578544774e+00
3.783219772847749240e+00
3.787251669275153887e+00
3.784747150538899874e+00
3.784867261683543482e+00
3.780561279610524572e+00
3.781054222385389352e+00
3.779695235109302942e+00
3.777231127968679658e+00
3.778816028793466231e+00
3.776287848671668002e+00
3.779123236431229493e+00
3.634934201325485059e+00
3.628934540791974417e+00
3.631035262288696330e+00
3.631216244361405998e+00
3.626871551537241167e+00
3.629101919169538171e+00
3.783895547340889287e+00
3.631513666628310322e+00
3.626034509757663393e+00
3.626147751900445471e+00
3.626700224217561441e+00
3.623850541694340954e+00
3.779077690187162553e+00
3.777845756239477382e+00
3.778090055300922234e+00
3.777937657538169791e+00
3.777028361232098064e+00
3.777854580140199481e+00
3.780906635215604439e+00
3.781069376214262867e+00
3.776367288955758017e+00
3.777305741537970718e+00
3.776575479781447697e+00
3.776458602892520666e+00
3.776281692008399027e+00
3.775901087123508582e+00
3.779418959355292262e+00
3.775688727384630461e+00
3.775886591564105998e+00
3.775270751387618695e+00
3.775409922180180899e+00
3.775213701696824575e+00
3.775102272015192995e+00
3.778189587841659147e+00
3.777968321957620113e+00
3.774864002854344314e+00
3.774537209370204760e+00
3.774585520468927591e+00
3.774416850498566234e+00
3.774280168374960276e+00
3.774245762329786480e+00
3.774110824467105108e+00
3.774064946437839296e+00
3.776949975591471276e+00
3.776895725256204095e+00
3.776774610962307932e+00
3.773701189887055385e+00
3.773663241052632955e+00
3.773540127462220894e+00
3.773289081181748994e+00
3.773212396736103535e+00
3.773121656726832196e+00
3.773059237297789803e+00
3.772952901030092399e+00
3.775642275203746845e+00
3.775533947169879223e+00
3.775390919742451779e+00
3.772702110288982169e+00
3.772620961048679167e+00
3.007700815329970911e+00
3.772726404297119807e+00
3.772683872657026427e+00
3.772537264135486623e+00
3.772728398852573051e+00
3.772616824078060205e+00
3.774951977915384838e+00
3.774908982905190058e+00
3.772391030817304980e+00
3.772258583141976374e+00
3.772234801493586698e+00
3.772140471403385042e+00
3.774356454472188815e+00
3.771957025076263292e+00
3.774137822190273717e+00
3.774009273961662192e+00
3.771547961099422253e+00
3.771471887394778122e+00
3.771363489672332925e+00
3.773377294914052715e+00
3.773270896770045013e+00
3.773125052442405813e+00
3.771045489145007146e+00
3.770976880371904372e+00
3.770876896552980639e+00
3.770776069915334094e+00
3.770698519331275200e+00
3.772474024841865781e+00
3.772358927613534973e+00
3.772241675055091115e+00
3.770350799807958175e+00
3.770263103751012146e+00
3.770174183111030697e+00
3.771789156607819216e+00
3.771668904715664183e+00
3.771546800393524634e+00
3.769819244147461390e+00
3.769729303546902610e+00
3.771194943688341183e+00
3.771079852662728271e+00
3.769451545145933835e+00
3.769354610670282213e+00
3.655946291118417957e+00
3.628570652401563290e+00
3.652206977491792461e+00
3.630173701906518335e+00
3.634982157296136052e+00
3.642049080327600663e+00
3.627858024850217689e+00
3.632986140716270906e+00
3.632142865775612073e+00
3.625872261688106502e+00
3.632225112758211694e+00
3.628402367398556372e+00
3.624058620949660359e+00
3.627735846432142086e+00
3.623943374504212223e+00
3.621819970205915062e+00
3.626018767978361090e+00
3.623680279530834270e+00
3.620651300751074331e+00
3.622956462998646820e+00
3.621066381522231481e+00
3.619813264393585861e+00
3.621391629855549077e+00
3.620104757677423901e+00
3.619041101933643034e+00
3.620170428945888919e+00
3.619184628638619117e+00
3.618456056760009254e+00
3.619263873345240246e+00
3.775786436387871703e+00
3.775279495533614860e+00
3.021837085628233055e+00
3.017027277548098407e+00
3.019648993629097333e+00
3.783137338429660712e+00
3.779117189675778921e+00
3.784707268442416783e+00
3.789574076788125190e+00
3.784825578284875203e+00
3.794575301190353134e+00
3.794916865529363026e+00
3.800912425287255481e+00
3.777166922847300157e+00
3.815650951980336991e+00
3.661620440210072935e+00
3.678738093947614640e+00
3.679697029864895441e+00
3.662903509375612821e+00
2.891605603269688629e+00
3.649733610003018214e+00
3.640983103400739829e+00
3.650455139203748089e+00
3.641253767865130442e+00
3.637810841164058395e+00
3.643856221659488526e+00
3.636058483844200051e+00
3.640655563094930436e+00
3.633840842022206807e+00
3.632665470478365854e+00
3.633945669195435713e+00
3.630458434184901328e+00
3.632712985972572195e+00
3.627699938281693903e+00
3.629618888820250078e+00
3.627452800886748818e+00
3.626887221803526185e+00
3.626063495185475549e+00
3.624345895531412509e+00
3.625367378520859774e+00
3.780205165951120438e+00
3.797498407162489098e+00
3.777975114843401094e+00
3.778841056251810215e+00
3.777459662411486896e+00
3.777571014084883938e+00
3.776896041407211690e+00
3.776076310835073446e+00
3.776383995029446883e+00
3.775297736121780545e+00
3.775162002876054856e+00
3.774341422132789781e+00
3.774457412544584223e+00
3.773771044742779246e+00
3.773560175398014138e+00
3.772917432035415519e+00
3.772827955911156828e+00
3.772228458353125369e+00
3.772261578685918160e+00
3.771678299268456769e+00
3.771575598510189309e+00
3.771105075681240315e+00
3.771067201109256750e+00
3.770701457618456764e+00
3.770592017145068198e+00
3.770243391503444563e+00
3.770114666714613705e+00
3.769819550479937220e+00
3.769738662362093429e+00
3.769514047585681205e+00
3.769392209121139814e+00
3.769191085318425394e+00
3.769056936470417618e+00
3.768864509228341930e+00
3.768765608489283991e+00
3.768589640533885898e+00
3.768472227120548634e+00
3.768324170237930204e+00
3.768206590301772518e+00
3.768084391399152189e+00
3.767938515774786890e+00
3.767834266940865540e+00
3.767692435645319193e+00
3.767593520255777761e+00
3.767449344878312179e+00
3.768393062002572513e+00
3.768260726925523052e+00
3.768154227184081773e+00
3.768028222365489288e+00
3.767902061218134868e+00
3.767770261584406200e+00
3.767634751740454035e+00
3.767508206632852463e+00
3.767368181749617406e+00
3.767239539152154038e+00
3.767097920918208498e+00
3.766964719304268794e+00
3.766825367785277656e+00
3.766529541530367453e+00
3.766391275041883979e+00
3.766249190738347075e+00
3.766110390293668786e+00
3.765965268057094750e+00
3.765824515696050589e+00
3.765678984996241763e+00
3.765533964666555100e+00
3.765387937357770554e+00
3.765239258275870249e+00
3.765092762942235716e+00
3.764942073636443176e+00
3.764792970451338316e+00
3.764640504573036672e+00
3.764486939820484324e+00
3.764332946143510217e+00
3.764176222845375896e+00
3.764019338855163710e+00
3.763859183630034799e+00
3.763698217336874485e+00
3.763535250827629852e+00
3.763369773982760513e+00
3.763203206931418521e+00
3.763033531350673755e+00
3.762862422667604623e+00
3.762688657105701662e+00
3.762512523201078096e+00
3.762334112961873700e+00
3.762152727845454070e+00
3.761968961003129053e+00
3.761782285487550226e+00
3.761592523428459955e+00
3.761399953825525611e+00
3.761203868055816635e+00
3.761004690551185359e+00
3.760802042093507325e+00
3.760595709949857479e+00
3.760385791121822585e+00
3.760171923401974592e+00
3.759953991301128173e+00
3.759732033688941932e+00
3.759505555872489246e+00
3.759274678704055628e+00
3.759039026274265005e+00
3.758798423235332642e+00
3.758552809104944714e+00
3.758301804317440542e+00
3.758045244393489526e+00
3.757782945387814433e+00
3.757493041132280887e+00
3.757218158393849983e+00
3.756936709120779927e+00
3.756648317514433622e+00
3.756352747682680793e+00
3.756049668944938968e+00
3.755738715130913619e+00
3.755419553422489010e+00
3.755091794217624290e+00
3.754755003159905069e+00
3.754408782512792531e+00
3.754052666613970857e+00
3.753686146780170318e+00
3.753308721474765353e+00
3.752919843523848442e+00
3.752518895893445894e+00
3.752105271051599189e+00
3.751678293388507335e+00
3.751237240091232827e+00
3.750781337212381494e+00
3.750309773555120962e+00
3.749821658964763049e+00
3.749316041179631576e+00
3.748791913016699340e+00
3.748248176779712004e+00
3.747683649608883005e+00
3.747097064462398652e+00
3.746487058269353909e+00
3.745852150754433119e+00
3.745190743008205203e+00
3.744501110984625569e+00
3.743781388821846967e+00
3.743029549987316074e+00
3.742243396830091218e+00
3.741420548499576171e+00
3.740558419186165384e+00
3.739654195733326247e+00
3.738704818750691494e+00
3.737706959169244669e+00
3.736656996026547439e+00
3.735550988431995290e+00
3.734384648722218536e+00
3.733153313896493408e+00
3.731851919474622026e+00
3.730474970934886336e+00
3.729016519433118404e+00
3.727470140165744183e+00
9.711700867767103773e+01
5.133159804600229137e+00
7.035624226989479091e+00
8.323743098130353957e+00
9.105663046567180174e+00
9.666590083790744359e+00
9.951227960626415125e+00
1.005683682763532083e+01
9.734940775209505404e+00
9.581537550483520960e+00
9.356587238431107068e+00
9.106448890948808383e+00
9.497444679905354903e+00
9.615841793591165754e+00
8.503343816968797597e+00
8.374477526233079061e+00
8.200314360919726653e+00
8.038575181080028997e+00
7.827191043061288767e+00
7.581899155192072470e+00
7.333534682445865371e+00
7.111492227861512916e+00
6.935743719504939619e+00
6.810487292631099976e+00
6.716901754626554144e+00
6.622063766108604810e+00
6.506134645687118301e+00
6.375683268475918375e+00
6.249774150874324974e+00
6.141148149393683475e+00
6.049655535355780600e+00
5.966178188864410536e+00
5.881992434886617716e+00
5.795596334140803663e+00
6.468485095443940125e+00
6.390792007123623719e+00
6.314403730341119569e+00
6.242711521525898810e+00
6.179486506511207899e+00
6.124453405876648660e+00
6.073681563541184047e+00
6.023804307408832770e+00
5.974349989810760597e+00
5.926649568581044747e+00
5.882264799456068616e+00
5.842417965147161496e+00
5.807420512742683449e+00
5.776123982331872853e+00
5.746566499375537873e+00
5.717465615051840366e+00
5.688805277240911451e+00
5.661134747193814931e+00
5.634816435758434494e+00
5.609956998322655153e+00
5.586515945867980726e+00
5.564210656910472785e+00
5.542567712714237871e+00
5.521289686002178954e+00
5.500498846737269965e+00
5.480559112464905347e+00
5.461775026803850963e+00
5.444304558655570503e+00
5.428170643235681325e+00
4.648659613908478150e+00
4.634609601969074788e+00
4.620977874860968448e+00
4.607708250345863732e+00
4.594968483588830921e+00
5.347565065161058229e+00
5.336050196605677698e+00
5.324909853804999038e+00
5.314051286221602055e+00
5.303458801700215552e+00
5.293168440193810831e+00
5.283257132418736290e+00
5.273806763339513815e+00
5.264831409524449057e+00
4.492429893680059294e+00
4.484254197214923465e+00
4.580723044309239711e+00
4.572250544409638628e+00
4.562047769215823223e+00
4.550461836823042283e+00
5.301586483388677884e+00
5.288379261396537245e+00
5.274811207255023504e+00
5.261430213422214841e+00
5.248726382874328245e+00
4.473874923587592534e+00
4.463921289731775488e+00
4.455611821290332841e+00
4.448919925953972232e+00
4.443579453379935096e+00
4.456780008114067826e+00
4.433914318505353336e+00
5.192539613560161804e+00
5.187424788595586200e+00
5.182244442852846689e+00
4.413302318843620675e+00
4.408315122473700498e+00
5.167256743039150280e+00
5.162655168982713150e+00
5.158269360071657594e+00
5.154049469296487551e+00
5.149930547815830373e+00
4.382114257056263007e+00
5.141875311590561992e+00
5.137920540519962387e+00
4.370082127597243904e+00
5.130218836863783771e+00
5.126509445161316236e+00
4.359048183377968400e+00
4.355601931283913153e+00
4.352261032995986767e+00
4.348918313849040373e+00
5.109324438335516305e+00
4.342406062689025958e+00
5.102976342261429821e+00
4.336135810346410047e+00
5.096868969356518342e+00
4.330045113734915851e+00
5.090920036820850925e+00
4.324108297452944782e+00
5.085149582263869483e+00
5.082336437396699935e+00
4.315625735847612887e+00
4.312899110525224344e+00
5.074188385834034420e+00
5.071543714458473850e+00
5.068907911638718566e+00
4.302379851294055868e+00
4.299826067521326678e+00
4.297282406127028942e+00
5.058697381265913506e+00
5.056219850914593472e+00
5.053752991271084127e+00
5.051295427709218799e+00
4.285094083732348125e+00
4.282752568384496250e+00
4.280418244382127924e+00
4.278091431512875964e+00
4.333929260983278020e+00
5.037301323701705691e+00
5.035119898412910189e+00
4.269333727557462765e+00
4.267152537683943869e+00
4.264916055733039002e+00
4.262663274934707758e+00
4.260429746362357051e+00
4.258229383754127184e+00
4.256054730386758855e+00
5.073017887300761863e+00
5.015804457041683762e+00
5.013738473315231481e+00
5.011685592796437660e+00
4.245792666728863907e+00
4.243787176509295378e+00
4.241742885300485710e+00
4.239671719604451994e+00
4.237593657910156963e+00
4.235524812401243011e+00
5.050182264003459487e+00
4.995483952551064810e+00
4.993529694864552226e+00
4.227749154288893862e+00
4.225836542235150262e+00
4.223890528462487026e+00
4.221921563538327149e+00
4.219944257349188987e+00
5.032676718197084398e+00
4.980015960028231881e+00
4.214321736752602909e+00
4.212478785268250370e+00
4.210596366442663552e+00
4.208680484278903400e+00
4.206746304293639049e+00
4.253938593608630470e+00
4.966926662539940196e+00
4.965103715936344031e+00
4.199395919946264044e+00
4.197553593356646573e+00
4.195680112919635718e+00
4.241251035046996520e+00
4.192035003831707130e+00
4.190253555904766891e+00
4.952302340017094018e+00
4.950460288886832316e+00
4.184742927277641300e+00
4.182875199676552747e+00
4.227344452333159808e+00
4.224964519494371906e+00
4.177643520293348622e+00
4.176040408895032030e+00
4.174344118009750915e+00
4.172529144471109674e+00
4.170626476170187225e+00
4.168690142887190753e+00
4.166762741631855782e+00
4.164858939782166480e+00
4.971285302307866694e+00
4.925204898027548239e+00
4.159328733040918102e+00
4.157497564012780700e+00
4.198883608599120798e+00
4.153962108215518256e+00
4.152247426226624682e+00
4.914329643581270446e+00
4.148606044268435156e+00
4.146692471436305816e+00
4.186784331355815070e+00
4.184590868521872231e+00
4.141317155892674684e+00
4.139613968534301414e+00
4.137826974158201665e+00
4.135957735598818630e+00
4.134029887725793273e+00
4.132071722406361225e+00
4.130103933325051102e+00
4.168696568831585125e+00
4.166546777625529607e+00
4.888494858600088477e+00
4.122757694521076210e+00
4.120952287866332497e+00
4.119053814874188646e+00
4.117074923127614916e+00
4.115051867232716987e+00
4.151838842979661770e+00
4.149696044956097118e+00
4.109321563985195880e+00
4.107482940346232958e+00
4.105570104750885463e+00
4.103583265900073940e+00
4.101540325436705103e+00
4.136789501139684688e+00
4.223280871439233586e+00
4.138794868385296866e+00
4.097389677419392306e+00
4.084946519816522681e+00
4.089096636944279162e+00
4.096291213340636617e+00
4.100915970751518813e+00
4.137460208340454137e+00
4.135672244804765363e+00
4.129820474402825070e+00
4.120389824996138373e+00
4.075621242869754468e+00
4.066017549293490241e+00
4.058711224018199282e+00
4.054592005160316148e+00
4.053175465479352368e+00
4.817031108540205331e+00
4.815908056689396588e+00
4.812583532592883628e+00
4.807016470658126650e+00
4.800266073782760934e+00
4.793761137189440191e+00
4.024937522853345939e+00
4.054208849807551474e+00
4.052163015639711929e+00
4.050037051887635187e+00
4.047188261173691792e+00
4.043399847379157919e+00
4.038877410847626415e+00
4.034063288707116612e+00
4.000508155080251704e+00
3.997386767035103983e+00
3.994518567254333963e+00
3.991732237479908019e+00
3.988767544272514343e+00
3.985460668504337889e+00
3.981847319864473711e+00
3.978101147742286070e+00
3.974400711122676455e+00
3.970847843628784624e+00
3.998198485162888893e+00
3.995350938610892744e+00
3.992174537165669612e+00
3.988681161953836263e+00
3.955081521455170446e+00
3.951863154964727176e+00
3.948496306619323715e+00
3.945087737840810238e+00
3.941720102176672125e+00
3.968512061714591699e+00
3.965273774753012681e+00
3.931874356240842694e+00
3.928500370433324118e+00
3.925051130209263661e+00
3.921551060679808742e+00
3.948116346465410320e+00
3.944677055149560019e+00
3.911271515664199505e+00
3.907828285315929406e+00
3.904259181572838688e+00
3.930658628252635900e+00
3.927049691711034463e+00
3.923206680145344905e+00
3.890326058141782894e+00
3.886896155723795321e+00
3.883342866178387531e+00
3.879668308849761438e+00
3.875894055927217696e+00
3.872048323229567490e+00
3.868157361164814567e+00
3.894322300937088865e+00
3.890677219992767277e+00
3.856701304482571313e+00
3.852945683675205402e+00
3.849120444966457111e+00
3.845219650582242465e+00
3.872055399707860168e+00
3.868212190905684800e+00
3.833678099093186020e+00
3.829876654072813302e+00
3.826006214194690003e+00
3.822075826614044214e+00
3.848950097256550684e+00
3.845026889459435715e+00
3.810498903040522301e+00
3.806697897534463415e+00
3.802825401978243036e+00
3.798886782219575764e+00
3.794905974140524219e+00
3.790912190033711493e+00
3.818744667354040168e+00
3.814983635368657033e+00
3.779311721578529237e+00
3.775552628481509743e+00
3.771761824312692912e+00
3.767537550513166966e+00
3.763688249910257078e+00
3.759838290720559417e+00
3.789030184839176751e+00
3.752308757148977492e+00
3.748612750660546666e+00
3.744919996873990353e+00
3.775121882775322568e+00
3.737697990096241707e+00
3.734163480288652970e+00
3.730620789159128758e+00
3.727073828960323798e+00
3.723538268689968511e+00
3.755199859125980755e+00
3.716667383081164733e+00
3.713315756094933917e+00
3.709974314426020658e+00
3.706646019079211207e+00
3.703336222914643372e+00
3.700050481636152799e+00
3.733867792576468503e+00
3.693668368057747120e+00
3.690569131837180716e+00
3.687481583850107825e+00
3.684399611029820942e+00
3.681327519853627273e+00
3.678276832188948298e+00
3.675254830425855435e+00
3.672264664437153936e+00
3.669304886725225590e+00
3.706940515188910990e+00
3.663529348192025914e+00
3.660730659301151935e+00
3.657953629454580469e+00
3.655178210425757079e+00
3.652398710896134659e+00
3.649623545579907535e+00
3.646866326266442915e+00
3.644135517358940923e+00
3.641430026796562025e+00
3.638743005869393254e+00
3.636069129809243350e+00
3.633408551019335242e+00
4.395045878460704714e+00
4.392381035604921991e+00
4.389681215110689649e+00
4.386967245329508103e+00
4.384254445899831154e+00
3.618117038154288423e+00
3.615640035768445504e+00
3.613098781959830141e+00
3.610527703636498220e+00
3.607965552058442160e+00
3.605428136473874723e+00
3.602909782782238501e+00
3.600401051600259805e+00
3.597901109308978995e+00
3.595415502257680807e+00
3.592946539212675372e+00
3.590488283996025487e+00
3.588030881723311083e+00
3.585569244917384601e+00
3.583107485946664728e+00
4.344733101069407688e+00
4.342249013030662574e+00
4.339718281321376381e+00
3.573468144085698128e+00
3.571112073237299622e+00
3.568725734234887703e+00
3.566303764381616670e+00
3.563858942997141455e+00
3.561410798419717416e+00
3.558974619966734032e+00
3.556555820866442730e+00
3.554150869437805227e+00
3.551752134899085700e+00
3.549352498475559337e+00
3.546947514236329813e+00
3.544535712728114074e+00
3.542118345707769844e+00
4.303867868391252571e+00
4.301397783781640172e+00
4.298877889944349384e+00
4.296335227340447815e+00
3.530287388811253813e+00
3.527970827495240158e+00
3.525585091631015189e+00
3.523141424442303382e+00
3.520669570149329353e+00
3.518196555714682816e+00
3.515738334502979789e+00
3.513299487989462566e+00
3.510874712729611158e+00
3.508452435095468669e+00
3.506021805400533875e+00
3.503578917045079066e+00
3.501126698554815064e+00
3.498669409570933198e+00
4.260361867218163567e+00
4.257833741369346114e+00
4.255248529988696404e+00
4.252642077537162280e+00
4.250031699413837849e+00
3.484405957253824404e+00
3.479989230995542471e+00
3.477490596005161194e+00
3.474909958021052958e+00
3.472308647115204927e+00
3.469730646557620535e+00
3.467199191840347083e+00
3.464703082299675163e+00
3.462204644425117994e+00
3.459679295079722827e+00
3.457135621023303518e+00
3.454589812467383503e+00
3.452040778480096161e+00
3.449483203487389460e+00
4.211061556338070666e+00
4.208450966844822894e+00
4.205792977371350716e+00
4.203103111722242602e+00
4.200401002028493203e+00
4.197697377596236734e+00
3.432380479137053797e+00
3.429884485217951529e+00
3.427209430990616035e+00
3.424454133294610791e+00
3.421721277751160084e+00
3.419062204500726398e+00
3.416465441998781216e+00
3.413882886447903164e+00
3.411271918661066938e+00
3.408619373189869517e+00
3.405937474624773031e+00
3.403248781042604421e+00
3.400570005500215043e+00
3.397903720663908000e+00
4.159326024718565940e+00
4.156631218096531910e+00
4.153888468595932082e+00
4.151114057041950467e+00
4.148318537461160638e+00
4.145501708628814619e+00
3.380122201887147071e+00
3.377491145830109343e+00
3.374679293464580176e+00
3.371802190177988656e+00
3.368972585956400145e+00
3.366232465571996180e+00
3.363552209617423294e+00
3.360872153426382347e+00
3.358145992754458575e+00
3.355367337907855241e+00
3.352561555944300942e+00
3.349760419360311658e+00
3.346983317385233470e+00
4.108397850640598037e+00
4.105609312029528724e+00
4.102777631390267743e+00
4.099921742790279211e+00
4.097050883259463205e+00
4.094164196424402213e+00
4.091258766622175358e+00
4.088336817302136161e+00
3.323763004157625822e+00
3.320956368107110812e+00
3.317940909159379448e+00
3.315469442683438572e+00
3.325030376904632767e+00
3.446772221760509680e+00
3.448719453857989059e+00
3.389525899267177511e+00
3.320944008019075078e+00
3.463188379908291203e+00
3.319472853880914176e+00
3.323971343680352852e+00
3.338010040903637954e+00
3.334530140971373680e+00
3.320003662009240575e+00
3.307747857226446264e+00
4.070986352056603863e+00
4.075613056714739280e+00
4.073492171842302056e+00
4.063345975030673074e+00
4.054424088625061096e+00
4.052107838226826075e+00
4.053306850368873171e+00
4.052700308746396196e+00
4.048424483972674182e+00
4.042800476707903101e+00
4.039198396236052702e+00
4.038207829134227822e+00
4.037012106430782232e+00
4.033207462853845904e+00
4.028015558848997202e+00
4.024177447743261027e+00
4.022253241041568117e+00
4.020509921348629057e+00
4.017385314176678435e+00
4.013201829578273205e+00
4.009614765778088952e+00
4.007461295136559798e+00
4.005655533675588131e+00
4.002837186634700117e+00
3.999321917334292653e+00
3.996331594450607927e+00
3.994076580419481992e+00
3.991697375783610724e+00
3.988643868952910232e+00
3.985390162182358864e+00
3.982690605937275308e+00
3.980367963314937363e+00
3.977615027073549747e+00
3.974515347719184355e+00
3.971823449837607711e+00
3.969451142119847731e+00
3.966745485512298774e+00
3.227667512923223292e+00
3.221415029805539287e+00
3.213626702119291245e+00
3.206620207360493247e+00
3.202266723614767496e+00
3.200340732903205421e+00
3.198530369913475724e+00
3.195450780354544662e+00
3.191545673573626285e+00
3.187413969775872769e+00
3.183747728993957526e+00
3.181189756411229475e+00
3.178889298779166150e+00
3.176004733313763317e+00
3.935489281017488405e+00
3.932384316009128078e+00
3.929492669797649995e+00
3.926914017897923159e+00
3.924151471224590182e+00
3.921527618109990065e+00
3.918589524368804256e+00
3.915951706630203866e+00
3.913260512433033522e+00
3.910869579839064247e+00
1.652695323722815601e+01
3.993838915154026559e+00
4.144307661712757884e+00
4.278938199003055942e+00
3.610668862423315417e+00
3.657806532632907448e+00
3.664891082300252734e+00
3.641762754121551371e+00
3.606681747441778718e+00
3.571772149108769057e+00
3.536053990287350679e+00
3.497388444929348417e+00
3.460836725065635555e+00
4.185843450480025041e+00
4.153218373287215215e+00
4.122737111943172827e+00
4.099416315333869854e+00
4.087157207299723538e+00
4.082926307586192571e+00
4.080971039715444171e+00
4.078674486312521275e+00
4.075056507292106112e+00
4.067751673426247550e+00
4.055170832308508722e+00
4.039448403686950684e+00
4.019267568169079929e+00
4.006730898274549979e+00
3.996454656850381149e+00
3.988377581557089435e+00
3.982567773333503425e+00
3.978040564417781866e+00
3.973537609949241656e+00
3.968937053579998597e+00
3.964782091136040520e+00
3.960992171744480927e+00
3.956973267858804988e+00
3.952561668271604489e+00
3.947992751458875293e+00
3.943215051611777433e+00
3.938003201201933479e+00
3.932631797552771147e+00
3.927801445304220707e+00
3.923875563562120306e+00
3.920629055510408634e+00
3.917734166523955786e+00
3.915061407400052040e+00
3.912464902961453106e+00
3.182738314320555428e+00
3.175324390779145745e+00
3.165559727698861625e+00
3.157084191899528047e+00
3.151728485254231327e+00
3.148919129233641812e+00
3.146779406568419368e+00
3.143691130824636026e+00
3.139249992631182096e+00
3.134231534631119143e+00
3.129747382949083168e+00
3.126293251498963421e+00
3.123494580341577453e+00
3.120670620351340574e+00
3.117529667144706362e+00
3.876523290804318123e+00
3.874290767249008560e+00
3.872262305069892996e+00
3.870153940590525643e+00
3.867765119085662562e+00
3.865077654643638727e+00
3.862246824721973670e+00
3.859504734997145192e+00
3.857015810772418618e+00
3.854782976247530524e+00
3.852681502689818238e+00
3.850573485833338694e+00
3.848390121989141655e+00
3.846138697937121265e+00
3.843873705305865585e+00
3.841665212433538645e+00
3.839563001298730960e+00
3.837566397804332397e+00
3.835628314887926216e+00
3.833694043724666045e+00
3.831737875698645546e+00
3.829769543802640452e+00
3.827817804940593316e+00
3.825910556049316735e+00
3.824060351871238161e+00
3.822259352641498964e+00
3.820487555330932317e+00
3.818728239508018429e+00
3.816976171252640881e+00
3.813750679729017268e+00
3.812011671267076629e+00
3.810289236795818546e+00
3.808589708021500542e+00
3.806917382832488705e+00
3.805272097011917154e+00
3.803650777244439674e+00
3.802050305659891549e+00
3.800467987720782759e+00
3.798901101274210212e+00
3.051367964651615416e+00
3.047028889299360443e+00
3.041477585355092828e+00
3.037091499339021894e+00
3.034843563435886349e+00
3.033959645359173507e+00
3.032935911974552923e+00
3.030873797966478822e+00
3.028026990210345826e+00
3.025301288855581472e+00
3.023335824500642310e+00
3.786284349140601524e+00
3.784909277233323266e+00
3.783305385351257044e+00
3.781587080356820785e+00
3.779899983186738588e+00
3.778343495405608543e+00
3.776925549473853394e+00
3.775575984318034539e+00
3.774209442548975169e+00
3.772789584296484477e+00
3.771346799692146590e+00
3.769943938607712930e+00
3.768626123980759246e+00
3.767394269883456381e+00
3.766213380158328405e+00
3.765039210029629491e+00
3.763841734431686348e+00
3.762615313908099335e+00
3.761376617950685564e+00
3.760154631169974504e+00
3.758976798156736354e+00
3.757856606778748443e+00
3.756788751620550926e+00
3.755754282579332859e+00
3.754731454648286615e+00
3.753704862113504515e+00
3.752668791021646300e+00
3.751626101369354593e+00
3.750585556911072871e+00
3.749558410261847108e+00
3.748553844536631097e+00
3.747574676005207550e+00
3.746616443505443872e+00
3.745671211831108405e+00
3.744733368103107640e+00
3.743802840692082690e+00
3.742883600452809212e+00
3.741979442362270980e+00
3.741090874211682404e+00
3.740215231673136742e+00
3.739349098445222452e+00
3.738490590870929164e+00
3.737639891336133502e+00
3.736798234217783232e+00
3.735966625834077348e+00
3.735145325497223112e+00
3.734334147270820914e+00
3.733532920100242958e+00
3.732741504835741075e+00
3.731959437827273796e+00
3.731185817628001722e+00
3.730419815961319330e+00
3.729661374600724777e+00
3.728911246230859788e+00
3.728170177980495659e+00
3.727438048723224373e+00
3.726713902786710886e+00
3.725996840141014843e+00
3.725286773345207081e+00
3.724584268461121006e+00
3.723889772159788780e+00
3.723203166590944413e+00
3.722524056306911078e+00
3.721852240349484475e+00
3.721187707025896962e+00
3.720530277661688423e+00
3.719879542997083455e+00
3.719235251094714201e+00
3.718597573661003963e+00
3.717966810566958102e+00
3.717342909719289157e+00
3.716725461558665344e+00
3.716114137773891102e+00
3.715508923815773912e+00
3.714909878704594437e+00
3.714316892315968399e+00
3.713729820525114356e+00
3.713148687104923518e+00
3.712573552090542073e+00
3.712004274337633802e+00
3.118567100318935470e+00
3.112949033979821589e+00
3.105833882754202691e+00
3.100852748674326254e+00
3.098897806602225025e+00
3.098112012892158873e+00
3.096125846769968604e+00
3.092236026462547471e+00
3.087646993316518707e+00
3.083933056768634273e+00
3.846332496655088473e+00
3.843860350781084456e+00
3.840940220331139798e+00
3.837634953590844944e+00
3.834158178138348916e+00
3.830765132228759473e+00
3.827627094363697857e+00
3.824754550902918382e+00
3.822030992301799213e+00
3.819333887879336586e+00
3.816639978171769698e+00
3.814032658496665285e+00
3.811625454443437810e+00
3.809481884816658948e+00
3.807591847915560379e+00
3.805900524540625440e+00
3.804349601386123325e+00
3.802902462606267520e+00
3.801551078511375970e+00
3.800310723045055905e+00
3.799203922892334884e+00
3.798237512809119032e+00
3.797386987892321208e+00
3.796602186288926095e+00
3.795831049761644316e+00
3.795041819579489495e+00
3.794227769208129430e+00
3.793397077157709241e+00
3.792561583626528510e+00
3.791732061111786400e+00
3.790916496659394674e+00
3.790116626849283854e+00
3.789325030489387736e+00
3.788528126807520380e+00
3.787714707494079569e+00
3.786883066049204771e+00
3.786040872180154171e+00
3.785199013377069654e+00
3.784365392867175437e+00
3.783542870495112176e+00
3.782730755648587184e+00
3.781927048939414782e+00
3.781129917539365337e+00
3.780338560138100767e+00
3.779553591740809626e+00
3.778776488671796052e+00
3.778008144100082788e+00
3.777247679090150800e+00
3.030898362269984769e+00
3.026356729840369297e+00
3.021149079307251739e+00
3.018166504746587542e+00
3.017714481139001315e+00
3.017879786548513632e+00
3.016779028334472201e+00
3.014275421506810382e+00
3.011694273875608285e+00
3.010216989416603539e+00
3.774019649242438490e+00
3.773507080970275762e+00
3.772656282753771073e+00
3.771575466530999954e+00
3.770450189896008997e+00
3.769437172672002401e+00
3.768584781925635507e+00
3.767818775160244105e+00
3.767011526352910700e+00
3.766086481266555985e+00
3.765071295392352191e+00
3.764060592338451805e+00
3.763134153870998144e+00
3.763303973458492546e+00
3.762527749309063640e+00
3.761747624684664615e+00
3.760930934629888256e+00
3.760075817394882947e+00
3.759204541385781972e+00
3.758349991810383095e+00
3.757538583894252326e+00
3.756775205275618923e+00
3.756040393892878360e+00
3.755303781448227518e+00
3.754543459549198658e+00
3.753755387891394069e+00
3.752948126659769290e+00
3.752132633006428186e+00
3.751317676981107851e+00
3.750510618987874079e+00
3.749716945467534757e+00
3.748936896282788034e+00
3.748164088819684547e+00
3.747389485890335159e+00
3.746607534189428712e+00
2.995585292779898712e+00
2.991862475011113354e+00
2.987762938934394708e+00
2.985485010937475980e+00
3.086978494800535433e+00
2.984879539168284079e+00
2.983657290280255392e+00
2.981508756260901283e+00
2.979536429237611195e+00
2.977552170592986158e+00
3.741480683605781010e+00
3.740930059610628078e+00
3.740052807728041273e+00
1.075765558839061242e+01
4.397484038977536258e+00
3.977233859663813043e+00
4.172586694265497442e+00
3.597087625665462696e+00
3.754429633158786750e+00
3.833240588441200636e+00
3.858624746204911027e+00
3.845187488215983773e+00
3.810747871076729076e+00
3.764390423689462306e+00
3.716635147023136465e+00
3.659438641959349425e+00
3.606517715361423626e+00
3.559525631302599802e+00
3.517003554344345417e+00
3.479383091959324048e+00
3.449087162772965343e+00
3.426966889419826856e+00
3.411462663562610409e+00
3.400976630919231081e+00
3.394357890991539506e+00
3.388940089646172993e+00
3.380762554515112761e+00
3.367534853236101799e+00
3.350047522595770211e+00
3.330435508034233827e+00
4.076368196577369929e+00
4.058141265306335121e+00
4.042436223151668173e+00
4.030883538436496494e+00
4.023141988441678585e+00
4.017727306219437189e+00
4.013524753457469174e+00
4.009965581960214465e+00
4.006393071154537466e+00
4.002127671755420835e+00
3.997057179913134028e+00
3.990403301561031846e+00
3.984618562001837727e+00
3.978322058380028281e+00
3.971522475658229467e+00
3.964711313587907071e+00
3.958414140918108615e+00
3.952758712050661316e+00
3.947623573364844596e+00
3.942963170511112558e+00
3.934314307150572176e+00
3.930469845876460866e+00
3.926747624751040888e+00
3.923032541022378528e+00
3.919347662912076924e+00
3.915719640296115855e+00
3.912123878850919834e+00
3.908552843901546225e+00
3.905043690164759163e+00
3.901624067313927302e+00
3.898294067634332727e+00
3.895071491562044130e+00
3.892000206215997515e+00
3.889096326491673139e+00
3.886323984078313032e+00
3.883637964241052121e+00
3.881017713679804082e+00
3.878445339031668659e+00
3.875881718942854715e+00
3.873289059402997836e+00
3.870662379378829954e+00
3.868021263707955626e+00
3.865382263406893060e+00
3.862755678814241644e+00
3.860159227198648679e+00
3.857613847614294045e+00
3.855125142843673913e+00
3.852681751728192161e+00
3.850272732139534693e+00
3.847896641604306556e+00
3.845553400827027346e+00
3.843237691759952224e+00
3.822072376994386733e+00
3.819992762376793305e+00
3.817863460417841637e+00
3.815701745736577610e+00
3.813525922718862926e+00
3.811359035601778356e+00
3.809223246044834532e+00
3.807130942435335452e+00
3.805084356057229833e+00
3.803081756137471459e+00
3.801120402353887151e+00
3.799195153596594210e+00
3.797299100995968235e+00
3.795427289685755490e+00
3.793578378030926679e+00
3.791752616212464844e+00
3.789950106891370130e+00
3.788171469676350434e+00
3.786418471714462886e+00
3.784692940877866452e+00
3.782995707722248468e+00
3.781326981713822200e+00
3.779686910244787867e+00
3.778075200145611934e+00
3.776490784715552440e+00
3.774932443612854627e+00
3.773399458594150602e+00
3.771891345258542749e+00
3.770407341678458035e+00
3.768946589901355004e+00
3.767508569608468250e+00
3.766092947769950960e+00
3.764699133104533857e+00
3.763326315098156183e+00
3.761973870087568450e+00
3.760641445914250092e+00
3.759328683927178005e+00
3.758035114012653999e+00
3.756760335535132000e+00
3.755504083444002106e+00
3.754266050501239960e+00
3.753045780527707098e+00
3.751842782271135768e+00
3.750656635597160005e+00
3.749986517015156728e+00
3.748833325126085025e+00
3.747695591564971007e+00
3.746573172863820744e+00
3.745465932445204427e+00
3.744373631861138918e+00
3.743295952586950470e+00
3.742232580177212053e+00
3.741183228347902734e+00
3.740147617368375421e+00
3.739125484461988336e+00
3.738116612607480960e+00
3.737120814340855190e+00
3.736137883398014115e+00
2.979406917455963200e+00
2.976823245967200826e+00
2.973945143116534240e+00
2.972054245295518538e+00
2.971210195206135385e+00
2.970529306640563583e+00
2.969233822163996894e+00
2.967360002749789061e+00
2.965552224284694560e+00
3.729099571460077200e+00
3.728497536249435029e+00
3.727802261428736053e+00
3.726960978223867293e+00
3.725997824499086342e+00
3.724981525976869712e+00
3.723986003410894696e+00
3.723059460796371845e+00
3.722211049573464603e+00
3.721416731106425679e+00
3.720637722355988330e+00
3.719841256017020648e+00
3.719015124611889433e+00
3.718171017927107691e+00
3.717335722519196750e+00
3.716534826025199134e+00
3.715778492614204342e+00
3.715058014651520857e+00
3.714354180042871434e+00
3.713650273101538168e+00
3.712940717170188254e+00
3.712231189915304430e+00
3.711532219744772654e+00
3.710851451438937687e+00
3.710189278017034908e+00
3.709539684936840054e+00
3.708894749362659393e+00
3.708249316520581651e+00
3.707603123165442049e+00
3.706960042815093281e+00
3.706325819484149520e+00
3.705705547102806641e+00
3.705101439294141485e+00
3.704511542272894253e+00
3.703930458543276849e+00
3.703352338197740234e+00
3.702774447757052556e+00
3.702198647750630123e+00
3.701629590809617731e+00
3.701071171562095863e+00
3.700524056700098541e+00
3.699985884167810823e+00
3.699453404752442776e+00
3.698924623452302107e+00
2.941799242822723315e+00
2.939596111501825870e+00
2.937251510642885144e+00
2.936020007829260425e+00
2.935728862397501082e+00
2.935384693281823498e+00
2.934344429353252792e+00
2.932853322347027447e+00
2.931609418629625541e+00
3.696083240270883863e+00
3.695895679006242496e+00
3.695559163423077109e+00
3.695043234466434345e+00
3.694402505137101667e+00
3.693730974503844244e+00
3.693111454258905635e+00
3.692581058733630073e+00
3.692125518662323636e+00
3.691699784862512601e+00
3.691258389189610689e+00
3.690777811969130795e+00
3.690262820935401145e+00
3.689738604745116834e+00
3.689235001283810433e+00
3.688770566555814590e+00
3.688344376496489829e+00
3.687939839087887250e+00
3.687537145309027320e+00
3.687125216837789488e+00
3.686705645556990429e+00
3.686288081376547510e+00
3.685882095347132292e+00
3.685491165585815132e+00
3.685111612417149907e+00
3.684735920848423163e+00
3.684357641233091396e+00
3.683974750352323024e+00
3.683589973743358392e+00
3.683208752782274331e+00
3.682836484728106541e+00
3.682476144657788719e+00
3.682126842078212281e+00
3.681784028846936785e+00
3.681441877281155683e+00
3.681096852074890791e+00
3.680749971421517497e+00
3.680405826312231010e+00
3.680069068933953247e+00
3.679741224965845880e+00
2.921025969562455415e+00
2.919282228809374047e+00
2.917554964254550853e+00
2.916788699070230528e+00
2.916668477788412872e+00
2.916347324891614523e+00
2.915433853688204291e+00
2.914275616559002913e+00
2.913449156054990219e+00
3.678561019844818425e+00
3.678520477818659540e+00
3.678327457993574079e+00
3.677970946409639730e+00
3.677509276153095641e+00
3.677029207473687666e+00
3.676603189889968704e+00
3.676260936353817677e+00
3.675984770355982256e+00
3.675727767198762486e+00
3.675443227029505433e+00
3.675109533731477640e+00
3.674738223933390557e+00
3.674362835152024775e+00
3.674016765838485465e+00
3.673714225952738666e+00
3.673445536083752572e+00
3.673187763316370535e+00
3.672921265212572450e+00
3.672640295644429287e+00
3.672352390182859416e+00
3.672069911887609450e+00
3.671801012382231999e+00
3.671545447940033569e+00
3.671296420177740494e+00
3.671045926304715934e+00
3.670789615083297264e+00
3.670528372540465156e+00
3.670266691582023011e+00
3.670009829859198547e+00
3.669761447886998873e+00
3.669522161446017172e+00
3.669289176281799847e+00
3.669057588780194834e+00
3.668823289496585982e+00
3.668585713063072795e+00
3.668348141347416380e+00
3.668115133693732766e+00
2.908009865661440152e+00
2.906657651016858246e+00
2.905375499597039113e+00
2.904855564156599179e+00
2.904766110988830974e+00
2.904438582541532199e+00
2.903647071914020827e+00
2.902739210575198125e+00
3.667582563901421899e+00
3.667588990666549087e+00
3.667547755256837405e+00
3.667392940136078749e+00
3.667119277121150045e+00
3.666772708648688095e+00
3.666081298070958727e+00
3.665776969024928889e+00
3.665539203376368071e+00
3.665350314739031834e+00
3.665171110800276910e+00
3.664963963058605501e+00
3.664713281188153537e+00
3.664432723317304408e+00
3.664154376954426695e+00
3.663906967843858276e+00
3.663698597877825591e+00
3.663515526355785923e+00
3.663335237037816938e+00
3.663482658655680346e+00
3.663275119274215008e+00
3.663062551046706972e+00
3.662856796002634141e+00
3.662663893234525680e+00
3.662481474196392917e+00
3.662301977531170927e+00
3.662118475263063999e+00
3.661928755005051439e+00
3.661735463172926419e+00
3.661543472024217039e+00
3.661357006628557453e+00
3.661177904382792114e+00
3.661005013303473277e+00
2.899571619331435812e+00
2.898638240581925984e+00
2.897638084152461158e+00
2.897147991061905792e+00
2.897013727538375161e+00
2.896754373872695965e+00
2.896158811192643956e+00
2.895450285314693506e+00
3.660700014664202584e+00
3.660691996385599278e+00
3.660315626741606820e+00
3.660197738667992695e+00
3.660008515153504227e+00
3.659770402189837846e+00
3.659519200912301873e+00
3.659287480325128961e+00
3.659090557292840273e+00
3.658922781503877175e+00
3.658764718438491936e+00
3.658595642617376242e+00
3.658404649732120539e+00
3.658195556543484717e+00
3.657983554140246341e+00
3.657785568416170197e+00
3.657610286457024351e+00
3.657454271363280718e+00
3.657306107771179704e+00
3.657154704252964628e+00
3.656995657739266825e+00
3.656832059845452232e+00
3.656670442380506536e+00
3.656515461357409791e+00
3.656367007090531196e+00
3.656221157627651763e+00
3.656073521448682584e+00
3.655922171080280947e+00
3.656104344663493322e+00
3.655951420241118299e+00
3.655802270555058353e+00
3.655658391633470394e+00
3.655518814980737830e+00
3.655380755495705181e+00
3.655241495667717277e+00
2.893403488190499306e+00
2.892551710738199056e+00
2.891713785671142567e+00
2.891345222317402097e+00
2.891223992647473651e+00
2.890925855802958466e+00
2.944595728479949770e+00
3.655152318685844115e+00
3.655157522261453629e+00
3.655164726604531289e+00
3.654805651182540860e+00
3.654696819190205392e+00
3.654538134898479562e+00
3.811220837412550466e+00
3.810848374721337528e+00
3.810281801166651938e+00
3.809602050865871448e+00
3.808851248768000630e+00
3.808019784672511676e+00
3.807068396772585572e+00
3.805970552551914743e+00
3.804738487634204525e+00
3.803409079899915390e+00
3.802007881124867428e+00
3.800528937815807140e+00
3.798943598334753258e+00
3.797222542882218832e+00
3.795353459881211755e+00
3.793347122573016428e+00
3.791229803765747697e+00
3.789027009315596217e+00
3.786752133767575579e+00
3.784408890432507278e+00
3.782001151656036786e+00
3.779538785448446347e+00
3.777037228172983152e+00
3.774515583261863316e+00
3.771995346767378798e+00
3.769498475162181172e+00
3.767045016890925524e+00
3.764651918068425474e+00
3.762333287678157667e+00
3.760101553085430481e+00
3.757968993180227812e+00
3.755948247079706093e+00
3.754050331850421252e+00
2.993467005067363296e+00
2.989705456291339658e+00
2.987055410825994350e+00
2.985868232002853340e+00
2.984924495152256441e+00
2.983405276409654583e+00
2.981502129150803704e+00
2.979902195020115219e+00
3.743890489956686718e+00
3.743382448890783643e+00
3.742807454066491513e+00
3.742077974659452355e+00
3.741219235011280730e+00
3.740327752195655719e+00
3.739501398006617183e+00
3.738785082645732949e+00
3.738158616529352329e+00
3.737561091388950985e+00
3.736929196550349275e+00
3.736229582054317433e+00
3.735472303336488054e+00
3.734699382994225214e+00
3.733955198083512173e+00
3.733258582411304261e+00
3.732595902661394405e+00
3.731937185041094729e+00
3.731259466729492047e+00
3.730559433041069628e+00
3.729849830923296139e+00
3.729146797059650797e+00
3.728458594684253669e+00
2.967320706079732417e+00
2.965510534954673982e+00
2.963992467500691674e+00
2.963260812022585622e+00
2.962753070304589897e+00
2.961900325898005004e+00
2.960723702113893907e+00
2.959619325291351188e+00
3.723764737338088437e+00
3.723224987341080094e+00
3.722642924818669208e+00
3.722024486338410654e+00
3.721383357357665567e+00
3.720730318153223415e+00
3.720067730208953982e+00
3.719388518778523167e+00
3.718682090494032977e+00
3.717945366188883050e+00
3.717189956951516550e+00
3.716438007907713725e+00
3.715709313004137648e+00
3.715009917661002525e+00
3.714330066575823874e+00
3.713651084401380587e+00
3.712955556799477641e+00
3.712235803249996913e+00
3.711497728237150628e+00
3.710757883411544888e+00
3.710033779659232422e+00
3.709332714336192716e+00
3.708647397922060662e+00
3.707962014536923867e+00
3.707263458993484306e+00
3.706548613120287161e+00
2.946175665495029516e+00
2.944862459978570435e+00
2.943149120572551958e+00
2.942099414368809285e+00
2.941526184500736107e+00
2.940760865788790923e+00
2.939528917799493435e+00
2.938182131710084910e+00
3.702103206142687508e+00
3.701291451328176940e+00
3.700692311759781639e+00
3.700002127673353236e+00
3.699255120919817230e+00
3.698490119007071364e+00
3.697730552563912809e+00
3.696980871174825545e+00
3.696232697714359361e+00
3.695473793492769943e+00
3.694696490359795860e+00
3.693904067827039395e+00
3.693111745393722778e+00
3.692338852306586539e+00
3.691595497997747444e+00
3.690874701131471092e+00
3.690158060519219685e+00
3.689430329070189529e+00
3.688689974610274369e+00
3.687947916122245040e+00
3.687217705856592698e+00
3.686505829443174065e+00
3.685808397235013523e+00
3.685416468785977617e+00
3.684718200062734539e+00
2.925717129877819733e+00
2.923261965278587837e+00
2.963306746509760004e+00
2.920541206284178681e+00
2.920301896068348224e+00
2.919646805359702224e+00
2.918410596291288073e+00
2.917085087770360019e+00
2.916049616071553885e+00
3.679648612547768316e+00
3.679152200935232209e+00
3.678616559010094100e+00
3.678039259077666934e+00
3.677412658577755789e+00
3.676741237515413818e+00
3.676036534571689884e+00
3.675306794850980552e+00
3.674562351306399410e+00
3.673825050999495190e+00
3.673122575902540987e+00
3.672470842766350607e+00
3.671862422076056731e+00
3.671271468575165731e+00
3.670670550420006784e+00
3.670046939842479539e+00
3.669408410424499500e+00
3.668776456917602680e+00
3.668172120832331018e+00
3.667603447258312777e+00
3.667062588382189237e+00
3.666533611574609886e+00
3.695383672191476787e+00
3.665633624458404682e+00
3.665365294957482867e+00
2.906822781170834702e+00
2.903994231288866690e+00
2.901996594228270610e+00
2.901533093751338388e+00
2.901608871413158486e+00
2.901129776339105071e+00
2.899937491011772117e+00
2.898694527530564891e+00
3.662578809049774620e+00
3.662243532809680513e+00
3.661876139684968834e+00
3.661483886617694417e+00
3.661090565963935006e+00
3.660684429978230181e+00
3.660221442765779543e+00
3.659676279334695082e+00
3.659078432496054134e+00
3.658493602103077169e+00
3.657972248427380002e+00
3.657517120928026610e+00
3.657096471672381277e+00
3.656681769034500817e+00
3.656268048142375715e+00
3.655861845308773006e+00
3.655461426144808623e+00
3.655057186739177233e+00
3.653680398133698048e+00
3.653054738338545437e+00
3.652324429658320604e+00
3.651625654789965036e+00
3.650999500560151212e+00
3.650424110205405803e+00
3.649883485404073369e+00
3.649391858269588340e+00
3.648969255200257944e+00
3.648614463533285779e+00
3.648306266808066134e+00
3.648023182306180168e+00
3.647755662148407296e+00
2.888044675021259167e+00
2.886627137409366384e+00
2.885282133984541364e+00
2.884735427617638237e+00
2.884620927782681754e+00
2.884160524242984636e+00
2.883174511341473067e+00
2.882191056988879563e+00
3.646858872636387972e+00
3.646837991138625057e+00
3.646730338540618455e+00
3.646504480867011289e+00
3.689380610999010823e+00
3.645840956048560066e+00
3.645525997099198001e+00
3.645217827218304230e+00
3.644913764444809523e+00
3.644622776567519651e+00
3.644353428238809478e+00
3.644108674659589653e+00
3.643881975771289472e+00
3.643659184529161266e+00
3.643430226093240520e+00
3.643197221156999177e+00
3.642967227328266056e+00
3.642740182379831992e+00
3.642509935830686274e+00
3.642277149608317721e+00
3.642054934792755549e+00
3.641856506793657910e+00
3.641679015111107809e+00
3.641504664751420428e+00
3.641317373787036793e+00
3.641113916853659482e+00
3.640901281957560798e+00
3.640691328262785742e+00
3.640496975436162685e+00
3.640323760158116873e+00
3.640163989119067800e+00
3.640005303136190307e+00
3.639842184016515603e+00
3.639675690533779928e+00
2.879461007568749231e+00
2.878250214589445299e+00
2.877174258453936595e+00
2.877109684254445021e+00
2.877050204312552317e+00
2.876595965482707129e+00
2.875717334651679558e+00
3.639961377687794375e+00
3.640006051110132201e+00
3.639764813547323286e+00
3.639718746425396834e+00
3.639551064162879435e+00
3.639289758766698135e+00
3.638999940228954344e+00
3.638749826187487102e+00
3.638567357274627767e+00
3.638436597159628860e+00
3.638310513593217888e+00
3.638152286411390879e+00
3.637955553787172835e+00
3.637749077197361736e+00
3.637568019639902950e+00
3.637427050405436901e+00
3.637312888426347257e+00
3.637198614411011999e+00
3.637067438980778888e+00
3.636922077636239425e+00
3.636777890411151404e+00
3.636938804058004848e+00
3.636827193069317232e+00
3.636727621908612651e+00
3.636680569873965041e+00
3.637518944379630526e+00
3.654247533470529330e+00
3.695304228784321854e+00
3.646146161773106797e+00
3.646282945549101484e+00
3.657970782785058717e+00
3.661022741131413127e+00
3.655940497634995623e+00
3.649981599180988745e+00
2.888008511812435231e+00
2.888044160436447960e+00
2.889232665934262645e+00
2.890630335452636146e+00
2.890634335832399593e+00
2.891584553405975200e+00
2.888021869414222564e+00
3.651503226639036370e+00
3.651966449360468214e+00
3.652844598813725696e+00
3.653102918169928159e+00
3.652555746872431897e+00
3.651580259482757995e+00
3.650560614434783080e+00
3.649735147318108552e+00
3.649215547181679398e+00
3.648937171774870425e+00
3.648696488395947846e+00
3.648324128364468955e+00
3.647795565517955918e+00
3.647183537873518233e+00
3.646559413371769587e+00
3.645954408894832355e+00
3.645391944191056943e+00
3.644919755826501628e+00
3.644562559169329585e+00
3.640900561363934251e+00
3.640541096027218870e+00
3.640110397064131753e+00
3.639670209316778760e+00
3.639289877680596419e+00
3.638975893216385593e+00
3.638702745001794359e+00
3.638455896821565894e+00
3.638219785719612354e+00
3.637962550861668198e+00
3.637663225070210338e+00
3.637344018307419269e+00
3.637057634936101458e+00
3.636837800230405371e+00
3.636666142091813825e+00
3.636492462362793443e+00
3.636285096801228356e+00
3.636053878755314717e+00
3.635827328195309072e+00
3.635622235371461120e+00
3.635438251785089392e+00
3.635267496627047290e+00
3.635100871815217793e+00
3.634931864559609149e+00
3.634760191196352519e+00
3.634914121733931136e+00
3.634748725687843240e+00
3.634587757389243556e+00
3.634432680904508217e+00
3.634285039029875541e+00
3.634142499774869250e+00
3.633999535311201790e+00
3.633853594837406220e+00
3.633708894389986455e+00
3.633572040836057226e+00
3.633444096879654417e+00
3.633319271281805207e+00
3.633192304937141515e+00
2.877724918329291892e+00
2.873617101503280757e+00
2.872467868399271929e+00
2.872878418114857890e+00
2.873065813618972619e+00
2.904778329338160159e+00
2.870753428024614529e+00
2.869921226016090454e+00
3.634531448462576364e+00
3.634859238107015944e+00
3.634490991405495031e+00
3.634107752030272032e+00
3.633614980044511888e+00
3.633200262835507122e+00
3.632962390399988806e+00
3.632894727352240505e+00
3.632898753317737928e+00
3.632841439612957579e+00
3.632643454359304691e+00
3.632334816173887759e+00
3.632025955218625590e+00
3.631814333572839448e+00
3.631709519804989128e+00
3.631643659928890600e+00
3.631545523390162789e+00
3.631397140470205898e+00
3.631230246385498184e+00
3.631086319851296373e+00
3.630980279164293556e+00
3.630892870440685982e+00
3.630794483864610900e+00
3.630672778410923840e+00
3.630536121421108042e+00
3.796492440791588763e+00
3.796402313600222733e+00
3.796325800898171288e+00
3.796258415513602102e+00
3.796190870364802183e+00
3.796114518745399291e+00
3.796028391823192294e+00
3.795941495733721194e+00
3.795865782743125472e+00
3.795805441268756297e+00
3.795752945265366662e+00
3.795695558857693719e+00
3.795626084546453782e+00
3.033684152787867738e+00
3.032991272855748210e+00
3.032322864423820263e+00
3.032025485465654313e+00
3.031853192836831301e+00
3.031467040457622275e+00
3.030902074713103911e+00
3.630121585864538147e+00
3.630208583737573935e+00
3.630217258392145929e+00
3.630144823641703766e+00
3.630022798383503613e+00
3.629874747400463786e+00
3.629735710732174603e+00
3.795651449141351552e+00
3.795579840198343380e+00
3.795509209758639813e+00
3.795428092043751089e+00
3.795333905307965328e+00
3.795232697720543946e+00
3.795135483323164749e+00
3.795051063176877459e+00
3.794979858304409426e+00
3.628910942064207390e+00
3.628798945201040294e+00
3.794787893397803202e+00
3.794714282063959665e+00
3.794639582538109401e+00
3.794572911567504203e+00
3.794516381953483286e+00
3.794463455888066772e+00
3.794405261700532161e+00
3.629429797646797518e+00
3.628349486231273957e+00
3.628717881817911550e+00
3.628954251908830919e+00
3.628149889453589960e+00
3.794076523183058214e+00
3.794095957038289502e+00
3.794097418775152164e+00
3.794056819923425916e+00
3.793981569300944212e+00
3.793892085758666433e+00
3.793807745542116194e+00
3.793738516582271902e+00
3.030552333827682077e+00
3.029989308209280807e+00
3.029600795701908211e+00
3.029405668042975286e+00
3.029151990829001218e+00
3.794005523682899561e+00
3.794020217169241427e+00
3.794019546872371862e+00
3.793993265824862515e+00
3.793925779417653743e+00
3.793818313505290973e+00
3.647346384477441639e+00
3.629640584582436880e+00
3.634767230563476836e+00
3.642578551089908245e+00
3.633728395700145164e+00
3.628218522351840392e+00
3.634095165057538601e+00
3.636417647272338627e+00
3.631305150796371173e+00
3.628397249468746200e+00
3.631075912161548569e+00
3.633037254298145502e+00
3.630907954136360694e+00
3.628468610344226519e+00
3.629002885075911955e+00
3.630635208061296471e+00
3.630489247872889180e+00
2.864713347210259720e+00
2.863819850612289386e+00
3.629057699942727311e+00
3.629669035122734755e+00
3.629067645630950079e+00
3.628147985271207521e+00
3.628020031804385592e+00
3.628424962557477151e+00
3.628442235728068788e+00
2.863113441264482972e+00
3.627501589662428749e+00
3.627589722275120998e+00
3.627750071583327962e+00
3.627533768496505662e+00
3.627158143448498073e+00
3.627042287379873997e+00
2.862274740630037506e+00
3.626994728360636522e+00
3.626742228263226231e+00
3.626616656449137110e+00
3.626614221883866840e+00
3.655032080930940896e+00
3.626329041388403951e+00
3.626247278336604207e+00
2.861646872554164833e+00
2.861519142245735559e+00
3.626029380312207451e+00
3.626035756801558652e+00
3.626040107655857270e+00
3.625901746986728291e+00
3.791854479431304270e+00
3.791835109735741227e+00
3.791786913101299561e+00
3.791714857197148625e+00
3.791657926158461756e+00
3.791617576240158272e+00
3.026982488647679048e+00
3.026820165328625301e+00
3.791458287432339702e+00
3.791456719056772506e+00
3.791451988966636044e+00
3.791416424941416174e+00
3.791360505558241556e+00
3.791308437569778977e+00
3.791264366647054906e+00
3.791217584596528134e+00
3.791166187436264767e+00
3.791116620075521304e+00
3.791068132920097700e+00
3.791014854492989805e+00
3.026119835168012973e+00
3.026015438474337849e+00
3.790909000759497882e+00
3.790898449220214239e+00
3.790874212345838323e+00
3.790836641021754883e+00
3.790792818396405472e+00
3.790748833097626669e+00
3.790706704968645813e+00
3.790665286607074691e+00
3.790623221073476046e+00
3.790579624587949947e+00
3.790533579024036204e+00
3.790485784419149518e+00
3.626295375052944081e+00
3.624641473879909093e+00
3.624880392807369844e+00
3.625774728356353727e+00
3.624913595003465439e+00
3.624191497663518113e+00
3.790313499012206044e+00
3.026371154286110254e+00
3.026116363039452750e+00
3.025792869407744057e+00
3.025502960463138269e+00
3.790379048204279844e+00
3.790389130125523476e+00
3.790389554736798949e+00
3.790373941056849105e+00
3.790346179217239708e+00
3.790314628531910479e+00
3.790277820102638806e+00
3.790223107229337973e+00
3.790143841476333098e+00
3.790051776470022560e+00
3.789969122754327291e+00
3.789910439183983293e+00
3.789872305434951016e+00
3.789838364006264726e+00
3.789792890516190838e+00
3.789730437015401243e+00
3.789656976440408442e+00
3.637516064159648899e+00
3.626035585590740240e+00
3.626970153021293441e+00
3.637271019878562939e+00
3.629868294669777562e+00
3.624055970345855915e+00
3.627061854773299121e+00
2.865868673084789986e+00
2.862413856756000019e+00
2.859148822539451906e+00
3.629436681722757907e+00
3.631308924804601546e+00
3.629167316041194358e+00
3.623984708033376467e+00
3.625169929310279038e+00
3.626268717167179911e+00
3.625083750056584453e+00
3.623817080977128846e+00
3.627749079225700335e+00
3.628525416928368941e+00
3.624470969625491534e+00
3.623524884641690758e+00
3.623750959811316008e+00
3.624249474628538970e+00
3.623848702601006444e+00
3.623203554091254830e+00
3.623291088789851067e+00
3.623582128053071560e+00
3.623253006998577774e+00
2.858009175366857058e+00
3.622856539243248353e+00
3.623015858903087416e+00
3.622747586389872598e+00
3.622458599818934921e+00
2.857726338988793024e+00
3.788567031108237337e+00
3.788515762419381261e+00
3.788484341722809567e+00
3.788465852415265900e+00
3.788415014936776348e+00
3.788336424252197077e+00
3.788280388119255271e+00
3.788260278878131881e+00
3.023457639739292269e+00
3.788192482253479376e+00
3.788148103899007246e+00
3.788125966310593284e+00
3.788106549483957863e+00
3.788065581019473438e+00
3.788015398279218182e+00
3.023084334824214015e+00
3.787967230311063638e+00
3.787941613169738098e+00
3.787903785864864759e+00
3.787872443739511485e+00
3.787846751523524347e+00
3.787810942456554031e+00
3.787764718567247169e+00
3.787721696444402042e+00
3.787684946768805183e+00
3.787646145265723518e+00
3.787603810099142709e+00
3.022882111916583625e+00
3.022766307732203117e+00
3.813964379378959713e+00
3.787544512151717058e+00
3.787561569355352376e+00
3.787561924298373128e+00
3.787543800425225982e+00
3.787524904948141646e+00
3.790797247879680754e+00
3.790768563543736036e+00
3.790736782087902768e+00
3.790695597827136165e+00
3.790649025694493357e+00
3.790606947211754729e+00
3.025728396827685351e+00
3.790550168445556700e+00
3.790524137823314099e+00
3.790491664327105603e+00
3.790455425469186679e+00
3.790417494117688690e+00
3.790379378312839442e+00
3.624492359939710973e+00
3.790310250719503671e+00
3.025554102234339293e+00
3.790269010615818779e+00
3.790244491257498183e+00
3.790216214536353156e+00
3.025196927383137613e+00
3.790171759627295245e+00
3.790156187162359025e+00
3.790133343172861657e+00
3.790102891637541660e+00
3.790067835970914345e+00
3.790031082981519361e+00
3.789994216918807446e+00
3.789956926721698593e+00
3.789918237497845066e+00
3.626091800056221004e+00
3.624187768378158925e+00
3.624277318275161086e+00
3.625402981931850732e+00
3.624562235003704558e+00
3.623602043409624329e+00
3.789815311847313684e+00
3.025547880109425769e+00
3.025436528476729503e+00
3.025149284578670716e+00
3.789921764118796776e+00
3.786735681331055758e+00
3.786687277788576722e+00
3.786638791938427673e+00
3.786589752505009621e+00
3.786532170171935885e+00
3.786470549051028200e+00
3.789730209180025788e+00
3.789665201551332352e+00
3.789596081240426351e+00
3.789538562841229918e+00
3.789494219772655992e+00
3.789457162286798741e+00
3.789422682604327797e+00
3.789385861235689212e+00
3.789340226630436348e+00
3.789282127520325449e+00
3.789216653374982258e+00
3.789157535104618724e+00
3.785786266555935420e+00
3.020701307328546026e+00
3.785729526495186015e+00
3.785707839970031685e+00
3.785684318636101331e+00
3.785650478035874400e+00
3.785604267336916351e+00
3.785556059937502660e+00
3.785516903869253991e+00
3.785485639250861567e+00
3.785453132719123648e+00
3.785414702220560645e+00
3.785374279837699696e+00
3.020525681302904886e+00
3.785312851275504098e+00
3.785287942566410102e+00
3.785260399982074198e+00
3.785232589242215617e+00
3.785205296486076065e+00
3.785176605880486100e+00
3.785145901774397359e+00
3.785113401065922645e+00
3.785079309277313619e+00
3.785044818738016126e+00
3.020112085550449077e+00
3.784990314619804508e+00
3.784970578527885543e+00
3.784948274957284475e+00
3.784921725401760195e+00
3.784891822245627147e+00
3.784860104507170142e+00
3.784827672125795406e+00
3.784795374209108942e+00
3.784763304807823303e+00
3.784730805506724138e+00
3.019928126971582749e+00
3.632288442708352605e+00
3.624446043961186970e+00
3.625841844406343384e+00
3.632515109902529460e+00
3.627079540228084653e+00
3.622410476859546868e+00
3.626869107895323019e+00
3.628438034765080644e+00
2.859480506160402946e+00
2.858046475118745100e+00
3.626060631795561040e+00
3.625755349624222745e+00
3.622738886713092743e+00
3.623124134208977498e+00
3.624966159100345031e+00
3.624028590733207267e+00
3.622259134579639994e+00
3.622868192073033455e+00
3.623887964472392476e+00
3.622895938892666035e+00
3.621930518301397672e+00
3.622572871545946871e+00
3.619642713128950362e+00
2.857219586652909982e+00
3.621666229112797897e+00
3.622263657296313610e+00
3.622209290836102547e+00
3.618180441073681308e+00
3.618157085790372207e+00
3.784267636718174899e+00
3.019453266038285566e+00
3.784134381869212582e+00
3.784106214769588306e+00
3.784077064597922480e+00
3.808299665611387219e+00
3.783968444229004469e+00
3.018934901099576074e+00
3.784010543620650147e+00
3.783995549486819598e+00
3.787257185926441672e+00
3.787222767255880029e+00
3.787225751252497385e+00
3.787191180278846048e+00
3.787127205431981114e+00
3.787092219877689736e+00
3.787073307887545148e+00
3.787033440371990078e+00
3.786984414663099319e+00
3.786945286457060966e+00
3.786909071194256349e+00
3.022454620099410239e+00
3.022136800958461933e+00
3.786868865383248739e+00
3.786897729075983321e+00
3.786907230827942783e+00
3.786884839351292165e+00
3.786845642375733956e+00
3.786808308516287358e+00
3.786766928754621730e+00
3.786719393727373095e+00
3.786679862337485325e+00
3.786648616115024346e+00
3.021697000303892100e+00
3.021493997398808418e+00
3.786610694139259881e+00
3.786623790529223932e+00
3.786607681426642280e+00
3.786563902178137653e+00
3.786510031296156598e+00
3.786465136288570399e+00
3.786435813257716720e+00
3.786414075656828970e+00
3.786391127449665994e+00
3.786362821457558425e+00
3.786325318585928024e+00
3.786278802347041506e+00
3.786230450120696034e+00
3.786186996310294983e+00
3.786150009582583742e+00
3.786118074958042534e+00
3.786088073983566726e+00
3.786056397554101949e+00
3.786021372256911377e+00
3.785983675532975212e+00
3.785945481519828792e+00
3.785909106198281915e+00
3.022135033744349997e+00
3.021209416886698307e+00
3.021199103081433801e+00
3.021122173740434125e+00
3.786177972478702358e+00
3.786182730279120889e+00
3.786176136580446716e+00
3.786161804371777073e+00
3.786135557663351303e+00
3.786091125582846217e+00
3.786035535206387248e+00
3.785982193149301622e+00
3.785937241792350250e+00
3.785900464467397253e+00
3.785864912853370789e+00
3.785819070762013627e+00
3.785761176882060042e+00
3.785702223846569403e+00
3.785652257389379383e+00
3.623341960394735217e+00
3.619872371639350384e+00
3.620987051191811190e+00
3.622641216369453687e+00
3.620249975621839589e+00
3.619669841276998312e+00
3.782685194234171711e+00
3.782777503646247652e+00
3.782803931372699768e+00
3.782743917804453737e+00
3.782602313585347709e+00
3.782425640275607570e+00
3.782273470561106965e+00
3.782160475849844161e+00
3.782061372960927592e+00
3.781977824691305390e+00
3.781935658625115604e+00
3.781926565603719759e+00
3.781917519905931169e+00
3.781891550718998296e+00
3.020333943097148754e+00
3.020151206174313430e+00
3.785094018676659289e+00
3.785085238096800975e+00
3.785077307492007215e+00
3.785048048371241869e+00
3.785006470319626004e+00
3.784973507036900386e+00
3.784952612585460230e+00
3.781598294178395214e+00
3.781559480810218865e+00
3.781511976428846733e+00
3.781460926999200112e+00
3.781410726579139681e+00
3.781365905704706876e+00
3.781330007032944529e+00
3.781300359553158241e+00
3.781270315186488595e+00
3.781236460289758128e+00
3.781200318741660737e+00
3.781165615422131587e+00
3.018057514280479303e+00
3.016594590762667671e+00
3.016798792315936062e+00
3.016781890063239935e+00
3.781476936117383225e+00
3.781480634333597823e+00
3.781490425908777375e+00
3.781500438127541663e+00
3.781486071222186052e+00
3.781436538647111156e+00
3.781372715304013532e+00
3.781312461057074081e+00
3.781261387509045946e+00
3.781223242948875018e+00
3.781187764853197741e+00
3.781138909143832549e+00
3.781079658819991085e+00
3.781023476260940264e+00
3.780977242015039597e+00
3.780942260505831598e+00
3.804562917611150397e+00
3.784266148798947071e+00
3.784268933955531544e+00
3.784232115285561804e+00
3.784186001133924115e+00
3.784162298008603820e+00
3.784147552244405688e+00
3.784117460691981183e+00
3.784073522821811864e+00
3.784032803084790508e+00
3.784005428660952575e+00
3.783984589095970463e+00
3.783953845288532847e+00
3.783909083972771370e+00
3.019261724115902545e+00
3.018918751201439932e+00
3.629537066184430394e+00
3.619459696071328114e+00
3.623022348619286959e+00
3.627298696875365991e+00
3.619835696265342406e+00
3.619449871957269860e+00
3.624125974295576480e+00
3.621317626846288995e+00
3.618049810583081616e+00
3.621138132610984606e+00
3.621435726199966787e+00
2.854393721770480674e+00
2.854241525958821413e+00
2.855845894118188788e+00
2.853793613188513323e+00
3.618037316034585782e+00
3.619659170327249598e+00
3.619470218729412103e+00
3.618101552624184869e+00
3.618687842558995449e+00
3.619169278663365574e+00
3.618001238232427141e+00
3.617668436638616924e+00
3.618425397663306953e+00
3.617997762934958672e+00
3.783700483701602835e+00
3.783725389673412209e+00
3.783786137827831020e+00
3.783717300828987717e+00
3.783625575347193681e+00
3.783547780046518927e+00
3.783422524702862777e+00
3.783322486176253108e+00
3.783289418746832222e+00
3.783274603185989626e+00
3.783263052687430239e+00
3.783220309211723364e+00
3.783132224410872269e+00
3.783072060384859103e+00
3.783049899075331624e+00
3.783011666376607351e+00
3.782979116279327592e+00
3.782968504783946528e+00
3.782933045042964793e+00
3.782876320186255192e+00
3.782837366327020057e+00
3.782809043582957109e+00
3.782776052932371513e+00
3.779858724315938723e+00
3.779776472996589476e+00
3.782695313402261839e+00
3.782670847158061456e+00
3.782626079604011871e+00
3.782587601143118761e+00
3.782566383914467423e+00
3.018069171414213159e+00
3.017733726073881684e+00
3.782548231695193941e+00
3.782584684727882340e+00
3.782592973094388356e+00
3.782564751963636063e+00
3.782512750454649630e+00
3.782461487774631870e+00
3.782427484249534899e+00
3.782404609320785926e+00
3.782381260444194648e+00
3.782354144567517729e+00
3.018182767972936276e+00
3.017398519524699729e+00
3.017325844615209807e+00
3.782537829244398964e+00
3.782559738458953547e+00
3.782540821911436257e+00
3.782510864536827278e+00
3.782486890783351541e+00
3.779305364002298440e+00
3.779254317883187220e+00
3.782403807853081723e+00
3.782367279702378848e+00
3.782318891387507431e+00
3.779047177054583706e+00
3.778991767953949754e+00
3.778919169431318004e+00
3.782142084954812411e+00
3.782111115373589350e+00
3.782076299944924891e+00
3.782043701186619700e+00
3.782017925316821128e+00
3.781992880880675756e+00
3.781962175767714207e+00
3.778621258810204164e+00
3.778575430298477311e+00
3.778544203776509569e+00
3.778520212974752379e+00
3.778486655660049820e+00
3.781800874799058576e+00
3.781754970728849585e+00
3.781733963680451893e+00
3.778414584752052718e+00
3.778364935135570590e+00
3.778304094611442121e+00
3.781634614628799351e+00
3.781620971904406936e+00
3.781572980526320737e+00
3.781524367247889096e+00
3.778186054403256833e+00
3.778168183395705704e+00
3.013536133737043432e+00
3.013183757979454924e+00
3.781498770111334728e+00
3.781551449131235643e+00
3.781532201724532527e+00
3.781478534216511811e+00
3.781435330368891456e+00
3.781399162732233865e+00
3.781356926169012311e+00
3.781323994700274582e+00
3.781313706766348037e+00
3.781304429943237899e+00
3.777922565317443748e+00
3.777874550700007106e+00
3.014142024995150049e+00
3.013017428097475303e+00
3.013117744500244832e+00
3.778116811581047507e+00
3.778154249571043177e+00
3.778162867969571792e+00
3.781518239528036229e+00
3.781484797011742227e+00
3.800626405635400218e+00
3.781410095766434942e+00
3.781404883831748442e+00
3.781384675675425466e+00
3.781338758054992866e+00
3.781279336970053695e+00
3.781241769899673422e+00
3.781193846143306558e+00
3.781154570917533597e+00
3.781119888220455749e+00
3.781091423116711425e+00
3.781066060685626340e+00
3.781036154224242551e+00
3.781002746029766826e+00
3.780971072694750745e+00
3.780941840134410370e+00
3.780912697848118675e+00
3.780878846760130862e+00
3.780838007351599028e+00
3.780796794039977815e+00
3.780763175138408982e+00
3.780737107779761352e+00
3.780712600877050633e+00
3.780683379928263754e+00
3.780647778026770212e+00
3.780610210770884549e+00
3.780575896457977869e+00
3.016782303122806486e+00
3.015778002049930073e+00
3.015821051435214617e+00
3.015763868644788293e+00
3.780903769287829785e+00
3.780851914096712285e+00
3.780749152175415073e+00
3.780672698472892002e+00
3.780656137020258711e+00
3.780681574190500438e+00
3.780703592925787504e+00
3.780685662539331915e+00
3.780623344041456946e+00
3.780534763871157722e+00
3.780447409928595626e+00
3.780389012620044564e+00
3.780367525167844800e+00
3.780362773509114760e+00
3.780346609622671217e+00
3.616446606706546163e+00
3.614128530138259965e+00
3.615636310832382350e+00
3.615441838690010457e+00
3.613844746521881923e+00
3.780287120209003149e+00
3.780474962246778148e+00
3.780588505915721598e+00
3.780555084240687869e+00
3.780421856122679891e+00
3.780281147564989119e+00
3.780193819880169670e+00
3.780160143570709508e+00
3.780123905272133378e+00
3.780059432829120603e+00
3.779998056919244398e+00
3.779955228012859880e+00
3.779925200460892754e+00
3.779904058666391453e+00
3.019664815984072437e+00
3.016440825463798436e+00
3.018304879654014172e+00
3.018429394434874791e+00
3.018599821888935164e+00
3.014007125504857498e+00
3.015979282599258404e+00
3.781733434273380823e+00
3.782267830116074148e+00
3.782177478781142632e+00
3.781592373832777909e+00
3.780899286176283347e+00
3.780469848892036744e+00
3.780450245982295066e+00
3.780649272311368936e+00
3.780782539358413352e+00
3.780734713077699816e+00
3.780540230617817521e+00
3.780303542756616508e+00
3.780124081597505903e+00
3.780024166100965033e+00
3.779981717110262096e+00
3.779971465957331134e+00
3.779956059316985417e+00
3.779906295736914057e+00
3.779818359471895484e+00
3.776634182943443108e+00
3.776522536512866068e+00
3.776426644623468221e+00
3.779567781359771672e+00
3.779560826071930890e+00
3.779517582579753565e+00
3.779446720530272419e+00
3.779377797872679245e+00
3.779330967946286979e+00
3.779301120943284076e+00
3.779276762219711205e+00
3.014203653666323923e+00
3.779231478303527236e+00
3.779201727605284944e+00
3.779173535565014674e+00
3.779159545890190763e+00
3.779151872763080178e+00
3.775859955071479312e+00
3.775817833521202260e+00
3.775772605202469379e+00
3.775741409633414314e+00
3.779063811123713812e+00
3.779019703625952076e+00
3.778981205366959806e+00
3.778966631406531107e+00
3.778947506970847137e+00
3.778907158816752876e+00
3.775546517661977131e+00
3.775511162034199675e+00
3.778871633580035194e+00
3.778843652137012565e+00
3.010415682277611360e+00
3.775436436310377175e+00
3.775435510316019982e+00
3.775415899916510387e+00
3.775389692502535421e+00
3.778729592831753692e+00
3.778707807899085225e+00
3.778671824074900876e+00
3.778644815319490036e+00
3.778632468907485720e+00
3.778618468427963784e+00
3.775272014664993847e+00
3.775224714970128126e+00
3.775203913844132675e+00
3.775198057097043591e+00
3.775173057072744864e+00
3.775133557866147793e+00
3.775107786502787555e+00
3.775096305649354722e+00
3.775076897806638243e+00
3.775045629766721422e+00
3.010109286037777832e+00
3.775015333030646847e+00
3.778378264134235387e+00
3.778353799251636502e+00
3.778329821774032204e+00
3.799877537206545419e+00
3.778303224052677933e+00
3.778309957540196606e+00
3.778321237320529047e+00
3.778317755770253861e+00
3.778296695039310649e+00
3.778272827960696745e+00
3.013237541981013567e+00
3.778252753844377310e+00
3.778248855383715465e+00
3.778238161724711830e+00
3.778222051720810715e+00
3.778199949436939598e+00
3.778172682881291600e+00
3.778146245238396261e+00
3.778124063003388322e+00
3.778103038962445037e+00
3.778078079801990175e+00
3.778048601039462717e+00
3.778019726105658727e+00
3.777994983733655054e+00
3.777972642444677120e+00
3.777950482593018577e+00
3.777927703789770053e+00
3.777903440503366461e+00
3.777877696671732011e+00
3.777852058393607049e+00
3.777828357794838610e+00
3.777806777118807080e+00
3.777785431645588776e+00
3.013240214158838803e+00
3.012930282291762296e+00
3.777807962214890125e+00
3.777851766359325847e+00
3.777865602633413644e+00
3.777848898984772053e+00
3.777818732318606987e+00
3.777793275567954190e+00
3.777773713386633148e+00
3.777754773324264015e+00
3.777733983045169719e+00
3.777709434121172549e+00
3.777682826829708240e+00
3.777655946333637438e+00
3.777627619286463290e+00
3.777598442298051307e+00
3.777569953371093803e+00
3.777543825742956329e+00
3.777521894344516795e+00
3.777502097545588189e+00
3.777481080644361278e+00
3.777458623570538521e+00
3.777435390658312464e+00
3.777412163463387706e+00
3.012365967056898519e+00
3.777375534514046951e+00
3.777365183543692773e+00
3.777351990956657080e+00
3.777333613119605360e+00
3.777311867345532370e+00
3.777289852147113436e+00
3.777269249629759074e+00
3.777250432648342038e+00
3.777232333315341251e+00
3.777212980359317296e+00
3.777191459185802458e+00
3.777168233456804636e+00
3.777144780379848577e+00
3.777122694354003496e+00
3.777101894524572678e+00
3.777081217847351624e+00
3.777060148104467885e+00
3.777038709054263421e+00
3.777017210255221080e+00
3.776996108599940616e+00
3.012342697733438435e+00
3.776972858978530301e+00
3.776977576026799177e+00
3.776973990332930242e+00
3.776958793198542441e+00
3.776936297535749887e+00
3.776914321273728170e+00
3.776896180221410493e+00
3.776878373874827943e+00
3.776858560882999871e+00
3.011825605493567704e+00
3.776827516610099078e+00
3.776819488638725630e+00
3.776808269832056197e+00
3.776792634554506645e+00
3.776774502415400026e+00
3.776755611355291364e+00
3.776737593890238553e+00
3.776720302562739828e+00
3.776702188003570271e+00
3.776682697104056352e+00
3.611843372904703919e+00
3.610419955083651544e+00
3.611935606002520061e+00
3.610468956986030431e+00
3.776666750767728509e+00
3.774225638357893153e+00
3.774287852723285042e+00
3.774207922502562873e+00
3.774009336730164144e+00
3.009039225456333178e+00
3.773573343008594261e+00
3.773483308931523172e+00
3.776753601613315414e+00
3.776734744742545224e+00
3.776726098170716028e+00
3.776726316669062999e+00
3.776715111930231572e+00
3.776690901044566839e+00
3.776648448120369039e+00
3.776590665917639811e+00
3.776546479902009423e+00
3.776525971879156174e+00
3.776509911174839473e+00
3.776479517821830445e+00
3.776435562538690505e+00
3.011409839480853723e+00
3.776383022493755348e+00
3.776373692461073794e+00
3.776362826619492186e+00
3.776347616305495869e+00
3.776320749114189912e+00
3.776290662912993756e+00
3.776266861707584077e+00
3.776246195649107573e+00
3.776224968480262234e+00
3.776202470716995663e+00
3.776181251398691430e+00
3.776162543728027288e+00
3.772860288789489314e+00
3.772823063066083282e+00
3.772786828983578644e+00
3.772754373756143309e+00
3.772721813938147761e+00
3.772690694598217043e+00
3.772664416939455201e+00
3.772642413951098561e+00
3.772621043991836398e+00
3.008014304206419354e+00
3.007767484948276060e+00
3.772638892430829394e+00
3.772669249792174107e+00
3.772675030635214810e+00
3.772657707243888936e+00
3.772631847732087707e+00
3.772612255793121872e+00
3.772597179053958527e+00
3.772580701062718145e+00
3.772561104953613409e+00
3.772538434292803444e+00
3.772514120622054712e+00
3.772488028367078527e+00
3.793157467346673695e+00
3.772458965534932318e+00
3.775841090064489869e+00
3.775812513743995069e+00
3.775785270615821254e+00
3.775786171113077572e+00
3.775783742451642944e+00
3.775756199840565763e+00
3.775724275923470152e+00
3.775709509729786362e+00
3.010791469213137006e+00
3.775686318143614884e+00
3.775666886956959623e+00
3.775651771414735514e+00
3.775636552867313256e+00
3.775609029440997411e+00
3.775577177833505438e+00
3.775556467444460385e+00
3.775541194426564662e+00
3.775519114516329822e+00
3.775493759329785703e+00
3.775471491591529727e+00
3.775450500662976161e+00
3.775428240218945852e+00
3.775404758374415692e+00
3.775382041811576439e+00
3.775361300694607181e+00
3.775340173998955606e+00
3.775318122137982790e+00
3.775298353846772592e+00
3.010677745128611082e+00
3.775280982415585740e+00
3.775287150786664547e+00
3.775285668854102106e+00
3.775273055321581417e+00
3.775250867858753079e+00
3.775228255940337618e+00
3.775210154924754757e+00
3.775193396693658165e+00
3.775176061562966368e+00
3.775157249823123617e+00
3.010155029045719743e+00
3.775127638501965865e+00
3.775121758119764692e+00
3.775110587965643916e+00
3.775095329829780688e+00
3.775078813668342637e+00
3.774686935502911567e+00
3.774670550333074193e+00
3.775029782537091538e+00
3.775011689238830570e+00
3.774992502692168017e+00
3.774972615931210917e+00
3.774952583922985383e+00
3.774933473367728887e+00
3.774916043354267003e+00
3.774898669719215505e+00
3.774880037717919024e+00
3.774861007688859793e+00
3.774459759385030644e+00
3.774440167631904153e+00
3.774803846283912634e+00
3.774785451133190417e+00
3.774767054203294059e+00
3.774748696960915417e+00
3.774730008862553721e+00
3.010217833131254128e+00
3.774714249001855038e+00
3.774726425620961834e+00
3.774726561929569790e+00
3.774711370325720239e+00
3.774689231238826714e+00
3.774669765439561786e+00
3.774654855068387604e+00
3.774639565258888219e+00
3.009649702945019101e+00
3.774612405111735569e+00
3.774605825371573964e+00
3.774597025496900571e+00
3.774583185754929460e+00
3.774565183433594040e+00
3.774546104235152022e+00
3.774528504336845280e+00
3.774512713547660603e+00
3.774496944385496100e+00
3.774479093749246505e+00
3.774458821131601916e+00
3.774438200161577051e+00
3.774419406140042010e+00
3.774402276523781019e+00
3.774385270382037749e+00
3.774367300833817218e+00
3.774348289787674560e+00
3.774329062243185540e+00
3.774310397451644761e+00
3.774292284379983986e+00
3.774274249423700933e+00
3.774255883773037556e+00
3.009616608325036857e+00
3.771186573559248245e+00
3.773869473150704756e+00
3.774255837983528039e+00
3.774239926347820351e+00
3.774214544261297100e+00
3.774199241721518661e+00
3.774190500577411456e+00
3.774176192176825317e+00
3.774156769560623736e+00
3.774137326276135962e+00
3.774119042290461579e+00
3.009109810950616470e+00
3.774090893039605099e+00
3.774086896325320684e+00
3.774081728221783116e+00
3.774069228374608009e+00
3.774050661101769677e+00
3.771017876965878202e+00
3.774025923002918503e+00
3.774016879306492100e+00
3.773994487170458711e+00
3.773971595230012355e+00
3.773957457541979643e+00
3.773942981169591704e+00
3.773922232244364849e+00
3.770774065123150276e+00
3.773898855803396568e+00
3.773891879608740840e+00
3.773863355495180372e+00
3.773836040047234164e+00
3.770645064544209113e+00
3.773803402346943781e+00
3.773785516781649640e+00
3.773770903360369022e+00
3.773754962935904622e+00
3.773735104193197465e+00
3.009221842560854121e+00
3.773724133024066951e+00
3.770489836054047750e+00
3.773741591691289088e+00
3.773733104311446596e+00
3.770411742846619063e+00
3.770385590019179389e+00
3.773689787385002603e+00
3.008653975767499489e+00
3.773664417026389994e+00
3.773666439070437306e+00
3.773657522433126132e+00
3.773638100197083123e+00
3.773618198354730779e+00
3.773601288420321165e+00
3.773583809543843870e+00
3.773565507646664763e+00
3.773549059771966974e+00
3.773532128041581224e+00
3.770194888075810269e+00
3.770161418595873393e+00
3.770139274575320165e+00
3.770129460913761221e+00
3.770112093748671622e+00
3.770087233527464221e+00
3.770068206265263289e+00
3.770052882517119563e+00
3.770032295559814894e+00
3.770010232491088686e+00
3.769993994731836828e+00
3.773342893018385880e+00
3.008584611548534404e+00
3.773299724136213840e+00
3.773316211706807088e+00
3.773321006529737787e+00
3.773301410511868070e+00
3.773279749243223957e+00
3.769915851744174873e+00
3.769903777220254604e+00
3.769890397517970726e+00
3.789985316458800213e+00
3.773257854048205573e+00
3.773253742491020191e+00
3.773238520510519223e+00
3.008377536579874612e+00
3.773256025079836817e+00
3.773249381573818617e+00
3.773240130095321998e+00
3.773233031117832148e+00
3.773220655519978539e+00
3.773200534011683427e+00
3.773177171077290559e+00
3.773157599247361382e+00
3.773139324828939323e+00
3.773116152241405175e+00
3.773091461852839057e+00
3.773068666825641682e+00
3.773042453365739846e+00
3.773015497053597400e+00
3.772997706228582881e+00
3.772983537868620285e+00
3.772962532908449962e+00
3.772938007805374916e+00
3.772916151714535538e+00
3.772897617287919392e+00
3.008330363812452557e+00
3.772882830911036045e+00
3.772895711458232881e+00
3.772897175684545523e+00
3.772881240605374664e+00
3.772859809835816147e+00
3.772843950833838278e+00
3.772829754386548551e+00
3.772812809146780744e+00
3.772793724346161781e+00
3.007758539218309934e+00
3.772770337681877084e+00
3.772765546562853345e+00
3.772755293269752563e+00
3.772739967975542008e+00
3.772721835862506978e+00
3.772705640051086995e+00
3.772692229929016428e+00
3.772678689514305184e+00
3.772662596578982175e+00
3.772643078357188706e+00
3.772622553291815617e+00
3.772603627324561337e+00
3.606720857735414398e+00
3.772659161928210381e+00
3.772804940983641497e+00
3.772887090529086329e+00
3.772867191494708727e+00
3.772786114857110018e+00
3.772706747928581628e+00
3.772656012908845558e+00
3.772626416180229647e+00
3.772253352377126667e+00
3.772232029888134885e+00
3.772217403643409739e+00
3.007423895099434752e+00
3.772557150200256171e+00
3.772551541823728094e+00
3.772534261747610085e+00
3.772504822034612015e+00
3.772472613224254534e+00
3.769426464374807217e+00
3.769367046130319476e+00
3.772469268700493039e+00
3.772457619814417740e+00
3.772406976584365523e+00
3.772369850152738291e+00
3.772355679988222299e+00
3.772338146671673442e+00
3.772316271817621747e+00
3.772303471617201254e+00
3.772292767519828338e+00
3.007293538450642068e+00
3.772259507323085792e+00
3.772252952325370501e+00
3.772245880630142434e+00
3.772230259182831169e+00
3.772210953678409862e+00
3.768922651281704450e+00
3.768896515981267292e+00
3.772197378810577817e+00
3.772174701112845252e+00
3.772146530351271565e+00
3.772136097501626040e+00
3.772124015020150267e+00
3.772098143045310437e+00
3.772076882290417821e+00
3.768745176513466966e+00
3.772062350947195775e+00
3.772040547318236126e+00
3.768694521164096756e+00
3.768682815277499820e+00
3.768655691235532679e+00
3.768628268219754496e+00
3.771968821358405499e+00
3.771946036407918701e+00
3.771918689954878001e+00
3.771908083928220634e+00
3.771899933809850669e+00
3.007291166232458401e+00
3.771871451288836941e+00
3.771890020846960567e+00
3.771899365316842889e+00
3.768535128937085865e+00
3.768517630156238862e+00
3.768500648091318794e+00
3.768484020989860461e+00
3.768468755647458313e+00
3.768451245584682585e+00
3.768432463276985001e+00
3.771774096384557851e+00
3.003408997801323643e+00
3.771743897893875541e+00
3.771742521533005377e+00
3.771734377426127605e+00
3.771721888099811792e+00
3.771707871118428201e+00
3.768349816378993467e+00
3.768332430401794220e+00
3.768321634128824371e+00
3.768308616650602794e+00
3.768286666647066241e+00
3.768264623281487147e+00
3.768250192475457894e+00
3.768238725611733120e+00
3.768223469327407038e+00
3.768205584336907776e+00
3.771552165410345658e+00
3.771525654624736656e+00
3.771502965129933660e+00
3.768165102315353288e+00
3.768139612044230091e+00
3.768110075571266648e+00
3.768099927266778337e+00
3.768090399606670360e+00
3.768067893909954336e+00
3.771402593517467317e+00
3.768045554983036727e+00
3.768037852613941752e+00
3.003627739113153616e+00
3.003190469441347155e+00
3.771478156420582373e+00
3.771524584383015188e+00
3.771514351853874736e+00
3.771498673361884713e+00
3.771489100452999121e+00
3.771467877568772664e+00
3.771443740608070083e+00
3.771426334974891326e+00
3.771401630628671064e+00
3.771373128691516641e+00
3.768012064619225221e+00
3.767985124102092520e+00
3.767945259210172981e+00
3.767918143488300231e+00
3.767908150791306365e+00
3.767896648090237832e+00
3.767878132776948163e+00
3.767862900800397874e+00
3.767848697195934626e+00
3.767828196790707906e+00
3.767806473263601852e+00
3.767789389631078123e+00
3.767772065802055259e+00
3.767751707333564681e+00
3.767734870092055210e+00
3.003124583805727887e+00
3.002652666698484740e+00
3.767828125432028497e+00
3.771253092248807004e+00
3.771237481900770128e+00
3.771170149081574774e+00
3.771118811637307999e+00
3.771105204101441011e+00
3.771114596242862937e+00
3.771122542398499089e+00
3.771104376623460652e+00
3.771053288473733556e+00
3.770993412433605307e+00
3.770955741477260759e+00
3.770942625069772625e+00
3.770935063484282423e+00
3.770920740235348845e+00
3.770897936550023921e+00
3.770868643534719844e+00
3.767503207633696505e+00
3.767481403535156481e+00
3.767463106998016897e+00
3.786254404446249389e+00
3.770857842671465843e+00
3.770860738494057784e+00
3.009973291223339231e+00
3.008054999493970705e+00
3.009254485910098698e+00
3.009668567255149085e+00
3.009110844724455447e+00
3.007714513917793209e+00
3.008040071438588647e+00
3.773577833572415052e+00
3.773343597716809938e+00
3.772535149425765511e+00
3.771840562875707903e+00
3.771789416244391902e+00
3.772122210283976873e+00
3.772295563674200825e+00
3.772114586988816853e+00
3.771748762696191193e+00
3.771502656326209735e+00
3.771432358056850731e+00
3.771424640639427395e+00
3.771411038226522905e+00
3.771370584933994685e+00
3.771304075858685323e+00
3.606552268668429928e+00
3.607398096192456549e+00
3.604535819186094336e+00
3.771101959238480017e+00
3.771508379565937208e+00
3.771681610902449133e+00
3.771460085849334121e+00
3.771085179948773458e+00
3.770923723937149141e+00
3.770997849064171348e+00
3.771085743319414707e+00
3.771014632266668887e+00
3.770854116462997396e+00
3.770774335958507528e+00
3.770777721202780430e+00
3.770783091693412192e+00
3.770745745560827089e+00
3.770687788288465292e+00
3.770641578111814773e+00
3.770604750696997076e+00
3.770573160288712700e+00
3.770534544975649105e+00
3.770502471263776023e+00
3.770486444983696117e+00
3.770461827581290670e+00
3.770425424939752190e+00
3.770385555989617998e+00
3.770355212902803288e+00
3.770341501172351339e+00
3.770327283616222935e+00
3.770302501089290992e+00
3.770274655481022918e+00
3.770255470422843924e+00
3.770243413965951973e+00
3.770227679610514304e+00
3.770203685444268871e+00
3.770173702738977006e+00
3.770149639979844203e+00
3.770137762261552172e+00
3.770129949111618917e+00
3.770116273917400118e+00
3.770093895305601350e+00
3.770070603112700702e+00
3.770052777254699450e+00
3.770038929604607070e+00
3.770025113861928290e+00
3.770008072543237443e+00
3.769989589297630506e+00
3.769972773509134623e+00
3.769957786437856395e+00
3.769943348207130285e+00
3.769928188747262876e+00
3.769912517709626876e+00
3.766891034940752725e+00
3.769886854629023176e+00
3.769876485112933828e+00
3.769858176525244797e+00
3.769842029243986481e+00
3.769831174161056175e+00
3.769817768856183804e+00
3.769800484744866065e+00
3.769785091840976765e+00
3.769772147625721548e+00
3.769757545961021084e+00
3.766580047222093164e+00
3.769733069222032107e+00
3.769719835347672188e+00
3.769702449726443305e+00
3.006631450598351130e+00
3.002024622447236890e+00
3.005377343569682225e+00
3.770170495060297000e+00
3.770220522331277024e+00
3.770253890408004516e+00
3.770254994450669805e+00
3.770198589188271221e+00
3.770116133117991097e+00
3.770070562649493251e+00
3.770068988275458555e+00
3.770061421561857529e+00
3.769991399853239944e+00
3.766570839128775550e+00
3.766507635016811850e+00
3.766488086705144678e+00
3.766486243923920174e+00
3.766468512319637973e+00
3.766440681074835872e+00
3.766416283116525321e+00
3.766397705013036834e+00
3.766372748686284577e+00
3.766335079295733301e+00
3.766304940797012613e+00
3.769656795515011982e+00
3.769641777437582331e+00
3.769616855979187164e+00
3.769584165428796929e+00
3.769550059362099859e+00
3.769526764697547883e+00
3.769516137678943224e+00
3.769502670934313571e+00
3.766129302291758130e+00
3.766105492652410014e+00
3.766085415475394882e+00
3.766068960806007393e+00
3.766053025404835886e+00
3.766036362833069973e+00
3.766018536037834430e+00
3.766002156451874416e+00
3.765987022536589457e+00
3.765970101228493849e+00
3.765952237333108243e+00
3.765935548894387086e+00
3.765919651640988963e+00
3.765903752202630184e+00
3.765888360528655276e+00
3.765873238066566042e+00
3.769214245081188963e+00
3.769193952356522104e+00
3.769178109874634419e+00
3.769165195022064374e+00
3.769149325470997347e+00
3.765794307176212996e+00
3.765771052222723903e+00
3.769132802740795540e+00
3.769106578886364911e+00
3.765733024535314666e+00
3.765729293053932114e+00
3.765707163891742759e+00
3.769043266704500184e+00
3.004931362981476894e+00
3.004234233798180220e+00
3.004062226340887154e+00
3.769379350758844005e+00
3.769418270232983037e+00
3.769338174040613332e+00
3.769243548584938708e+00
3.769230896241033246e+00
3.769278493922672002e+00
3.769305005604689729e+00
3.769277982754355882e+00
3.769193952459053421e+00
3.769100115841767185e+00
3.769058624936831414e+00
3.769059581032873751e+00
3.769059035572600802e+00
3.769036037104266157e+00
3.768994077779107776e+00
3.765624755530180945e+00
3.765585395760068455e+00
3.765566363548131346e+00
3.765557492304401066e+00
3.765536206859644075e+00
3.765509613331780692e+00
3.765487938374191046e+00
3.765462084161647738e+00
3.765433780879718917e+00
3.765417912225118791e+00
3.765410587887235927e+00
3.765396311035579480e+00
3.765375701534109609e+00
3.765358739982067604e+00
3.765343565484394084e+00
3.765325921287568711e+00
3.765311257400064893e+00
3.765299808416277205e+00
3.765284709703868415e+00
3.765266726677698017e+00
3.765250518240743638e+00
3.765235151676741943e+00
3.768576478277844366e+00
3.768558530368153914e+00
3.768543083655816694e+00
3.765197489290124988e+00
3.765171999795736468e+00
3.768512335485930009e+00
3.768499071257655153e+00
3.765125074583320242e+00
3.765116227062680565e+00
3.765101144046200332e+00
3.765084692647258091e+00
3.768438086779172025e+00
3.768413805393697302e+00
3.768393999840597530e+00
3.007476304207001849e+00
3.001705004821481726e+00
3.002708585890664139e+00
3.002183125112034556e+00
3.766096842364062169e+00
3.766227713050988246e+00
3.769648418266854151e+00
3.769516724773994909e+00
3.789188115003032653e+00
3.769213770945543551e+00
3.769230139919785394e+00
3.769231632836239410e+00
3.769049542368119177e+00
3.768890571437720993e+00
3.768878902004209053e+00
3.768895606924794972e+00
3.768848101631707692e+00
3.768796474979966504e+00
3.768782266918976553e+00
3.768752575489116019e+00
3.768708654894383336e+00
3.768657006490984784e+00
3.768596721934334148e+00
3.768549527622832684e+00
3.768536956991545672e+00
3.768525040283607908e+00
3.768461181445459829e+00
3.768389449925977353e+00
3.768364894405218823e+00
3.768364926944331117e+00
3.768340588723187778e+00
3.768295942297066770e+00
3.768263804855912724e+00
3.768241096593452522e+00
3.768221728407427307e+00
3.768208932059700089e+00
3.768196911103420810e+00
3.768175721090585739e+00
3.768151425263983612e+00
3.768135067780405301e+00
3.768119317666915435e+00
3.768099705909491171e+00
3.768081732306124643e+00
3.768067467757967748e+00
3.768051207151429605e+00
3.768031806663846961e+00
3.768015314542989547e+00
3.768000458516727047e+00
3.767983412755841144e+00
3.767965077049566514e+00
3.767948735728006593e+00
3.767934713050982154e+00
3.767921091975294789e+00
3.767906915092326336e+00
3.767891122500092393e+00
3.767874788308031242e+00
3.767860044342613346e+00
3.004308930195864757e+00
3.003323369312378865e+00
3.003393541781101739e+00
3.768387179038352741e+00
3.768438456717021268e+00
3.768287999375746100e+00
3.768130412456593969e+00
3.768134378195193257e+00
3.768244629750370223e+00
3.768301063228282288e+00
3.768230483001887343e+00
3.768079951712625775e+00
3.767968144971256095e+00
3.767962152102875883e+00
3.768001005241670143e+00
3.767995921078211019e+00
3.767935183094981877e+00
3.767863327392744210e+00
3.767816653912051450e+00
3.608114905666779393e+00
3.769743125937440098e+00
3.770080063837804474e+00
3.771671780037114008e+00
3.771024799360318980e+00
3.769369042685993154e+00
3.768196881352632754e+00
3.767775702571454666e+00
3.767628280818015263e+00
3.763661913443230311e+00
3.767271433579750362e+00
3.767928891251368206e+00
3.768315111665622830e+00
3.767902152722074405e+00
3.767320148011133352e+00
3.767239485346153494e+00
3.767262881123093266e+00
3.767168814840562874e+00
3.766880710330563709e+00
3.766731305619865466e+00
3.766647653632938297e+00
3.766413637993575314e+00
3.766187527620670661e+00
3.766085017106273636e+00
3.766132498992377897e+00
3.766076592956955515e+00
3.765888208585538521e+00
3.765678311292199876e+00
3.765622078971623043e+00
3.765647865844120368e+00
3.765600881304822956e+00
3.765446872014331703e+00
3.765277352056497939e+00
3.765202771189285258e+00
3.765192716077730317e+00
3.002927428555293154e+00
3.002152779407598171e+00
3.001894079363427892e+00
3.765798502687011329e+00
3.766370605874989508e+00
3.766618551489198552e+00
3.766292471594492319e+00
3.765849065618968261e+00
3.765742137648178556e+00
3.765850438876228168e+00
3.765802558634665509e+00
3.765548597776741779e+00
3.765298310223665901e+00
3.765211031869207137e+00
3.765197689081794863e+00
3.765121031952947117e+00
3.765041431820969287e+00
3.765035698466829395e+00
3.765045968597327430e+00
3.764976263431494274e+00
3.764833811684709985e+00
3.764743083676783009e+00
3.764765721272058219e+00
3.764803890816311949e+00
3.764750364331097998e+00
3.764626832649041965e+00
3.764541412634907047e+00
3.764536293574356485e+00
3.764539849757264189e+00
3.764498781386261150e+00
3.764439365891828704e+00
3.764399617694920153e+00
3.764380727046186426e+00
3.764358497824999539e+00
3.764327802003788470e+00
3.764301427532410482e+00
3.764280543659994649e+00
3.764260223503726355e+00
3.764236016577431343e+00
3.764205440621859911e+00
3.764176504172328741e+00
3.764156482193519615e+00
3.764139946041110463e+00
3.764118882534682520e+00
3.764094265021396879e+00
3.764073496531125329e+00
3.764056358579294326e+00
3.764036467511186590e+00
3.764014813188985897e+00
3.763996092407244642e+00
3.763980067306634147e+00
3.763963164759283053e+00
3.763944163565389189e+00
3.763925363521334777e+00
3.763908397095561575e+00
3.763892958536788846e+00
3.763877905424140025e+00
3.763861500045195818e+00
3.763843855502609248e+00
3.763769877266176955e+00
3.763754727861595928e+00
3.763739622348316605e+00
3.763723721134383915e+00
3.763707714492653622e+00
3.763692555143271168e+00
3.763677914311774675e+00
3.763663113263910009e+00
3.763648086990384556e+00
3.763633186617656889e+00
3.763618760135100771e+00
3.763604504094118397e+00
3.763589932957774664e+00
3.763575261181322240e+00
3.763560889153910960e+00
3.763546771775759581e+00
3.763532681660781698e+00
3.763518567811347193e+00
3.763504548811942740e+00
3.763490669700670921e+00
3.763476897391226039e+00
3.763524143605326167e+00
3.763510625239456786e+00
3.763497167056686354e+00
3.763483882158201510e+00
3.763470642880839101e+00
3.763457321208462769e+00
3.763444014604806043e+00
3.763369393513446681e+00
3.763356374184715580e+00
3.763343302434988047e+00
3.763330203233005822e+00
3.763317163956694689e+00
3.763304186668079865e+00
3.763291239199066496e+00
3.763278301709073848e+00
3.766627435103425903e+00
3.766607270325243562e+00
3.766596251791496375e+00
3.766586599490587162e+00
3.766633616167655685e+00
3.766619583075183186e+00
3.766609679658491139e+00
3.766596245076164973e+00
3.766517646488437343e+00
3.763169491241916909e+00
3.763146839344809536e+00
3.763130706741621978e+00
3.766500343358218927e+00
3.766466979197481635e+00
3.766446630673161433e+00
3.763129462977202966e+00
3.763088733513472839e+00
3.763124260521578890e+00
3.766522546421212425e+00
3.766481953256253234e+00
3.766375273404845458e+00
3.763074789625615146e+00
3.763038517279841066e+00
3.762987200482194705e+00
3.763004109313472512e+00
3.766394114373856183e+00
3.766312664891351858e+00
3.762989115361033754e+00
3.763062880608940119e+00
3.762991281793557796e+00
3.766364807727137887e+00
3.766372628121925636e+00
3.766242842390904677e+00
3.762902153743251876e+00
3.762908962146095160e+00
3.762853307533390534e+00
3.762839875457165917e+00
3.766250214724168544e+00
3.766185915772505055e+00
3.762818806267302030e+00
2.999257842781091199e+00
3.002006344458890919e+00
3.001626123583007288e+00
3.766558340638998192e+00
3.766563368384631794e+00
3.766518811893854846e+00
3.766516872534503513e+00
3.766511491413668367e+00
3.766477144780240316e+00
3.766432322165714552e+00
3.766389165542306294e+00
3.766340299300257044e+00
3.766286129518016779e+00
3.766238178991098806e+00
3.766209734210601123e+00
3.766202497739293165e+00
3.766186895898227860e+00
3.762797263289254346e+00
3.762775575727434152e+00
3.762762534200694731e+00
3.762745018188963009e+00
3.762718473120985507e+00
3.762688590598283866e+00
3.762667689836848517e+00
3.762654292990086802e+00
3.762637857573369438e+00
3.762616616353646748e+00
3.762598934927675387e+00
3.762588813848542380e+00
3.762577920671108078e+00
3.762559772236655053e+00
3.762539323991779483e+00
3.762524394806047834e+00
3.762513750387974198e+00
3.762501489915247799e+00
3.762485450713754620e+00
3.762468095830194592e+00
3.762453330441628552e+00
3.762441555222117096e+00
3.762429156690779042e+00
3.765779297591229202e+00
3.765756213073425229e+00
3.765744934810690836e+00
3.765813579144628331e+00
3.765794973168361981e+00
3.765780369181396470e+00
3.765772074861925223e+00
3.762407183833914814e+00
3.762394599838763565e+00
3.762382174431349036e+00
3.762369811542514153e+00
3.765719324751882535e+00
3.765619246356500582e+00
3.765612361228352967e+00
3.765605005738076549e+00
3.000790049782465552e+00
3.765586734758365584e+00
3.765598230175455363e+00
3.765594305640403316e+00
3.765583952619013353e+00
3.765575749199855160e+00
3.762230198110694701e+00
3.762201940843230119e+00
3.762196843964184190e+00
3.765570519059187937e+00
3.783302703570218029e+00
3.765539027338979050e+00
3.765570716862229439e+00
3.765592819657707757e+00
3.765597922290019106e+00
3.765595983834488347e+00
3.765592346557465664e+00
3.765663583380297386e+00
3.765653075687338092e+00
3.765642397717303691e+00
3.765626685025050602e+00
3.765606865369661715e+00
3.765506460143270395e+00
3.765479571637285083e+00
3.765452746469223122e+00
3.765429755526139566e+00
3.765411833107267903e+00
3.765394367560502609e+00
3.765375926950770946e+00
3.765356784852753158e+00
3.765339215917968829e+00
3.000968491209727418e+00
3.765335370486186495e+00
3.765361750145817865e+00
3.765362167064162158e+00
3.765345421313941898e+00
3.765333353749017675e+00
3.765323160881695053e+00
3.765306694844480440e+00
3.765287510853366548e+00
3.765273016620482860e+00
3.765260776717437086e+00
3.765246038716397070e+00
3.765228146882917848e+00
3.765210915365050148e+00
3.765197280562922799e+00
3.765185491820848718e+00
3.000286712223501517e+00
3.765175290584037882e+00
3.765182579389885653e+00
3.765177106822135578e+00
3.765159973535976867e+00
3.765143080216918570e+00
3.765134299408869900e+00
3.765127706742552149e+00
3.765118578410418415e+00
3.765103742663142850e+00
3.765086017184172906e+00
3.765071712614382449e+00
3.765060486618791114e+00
3.765049220380316974e+00
3.765122301997039678e+00
3.765108290264747470e+00
3.765096524466130745e+00
3.764999135573374289e+00
3.764988419867139502e+00
3.764976282914686223e+00
3.764963324741760431e+00
3.764951041818828337e+00
3.764938637524075205e+00
3.764926252188491418e+00
3.764914545259163248e+00
3.764903215187835883e+00
3.764891447212169950e+00
3.764879107713972495e+00
3.764867195715223325e+00
3.764855783755554519e+00
3.764844303074177834e+00
3.764832696622681052e+00
3.764910796406760074e+00
3.764899270882136051e+00
3.764797817104049926e+00
3.764786280188752166e+00
3.764774899092961924e+00
3.764763690158373866e+00
3.000169874622107713e+00
3.764762349559932719e+00
3.764778505178196788e+00
3.764777607569383289e+00
3.764763103106752773e+00
3.764750958321266161e+00
3.764744440060051822e+00
3.764735332681262481e+00
3.764721289166047757e+00
3.764706828418580287e+00
3.764693777612895698e+00
3.764680534401582790e+00
3.764666426685989276e+00
3.764653420289790997e+00
3.764642469353365328e+00
3.764631460453624623e+00
3.764620149138852234e+00
3.764608693561228847e+00
3.764597654833792717e+00
3.764585868376773448e+00
3.764573287369569421e+00
3.764561042220221143e+00
3.764549741662268190e+00
3.764538644315018168e+00
3.764526925429685367e+00
2.999820717906559686e+00
3.764615259737339237e+00
3.764531683815262930e+00
3.764532092188860979e+00
3.764520764681593690e+00
3.764507952553135528e+00
3.764500389614247489e+00
3.764492589361967845e+00
3.764481257392833236e+00
3.764465861717375628e+00
3.764449914054286417e+00
3.764436999400059047e+00
3.764425863157381258e+00
3.764415259022180216e+00
3.764403527447031550e+00
3.764390830940631982e+00
3.761335927209107588e+00
3.764473180868657121e+00
3.764465690826325428e+00
3.764349716531715018e+00
3.764340943202420853e+00
3.764331347635023306e+00
3.764315338993233340e+00
3.764303805286146165e+00
3.761085572703455782e+00
3.764297948537461913e+00
3.764279770937804859e+00
3.764263453145676230e+00
3.764259544718327355e+00
3.764246152809954005e+00
3.764230722175548216e+00
3.764223496410552094e+00
2.999518421891392617e+00
3.764214683617326695e+00
3.764231992189404519e+00
3.764234919586828099e+00
3.760924996832539335e+00
3.760890078958638583e+00
3.764238267777984426e+00
3.764204354580737544e+00
3.764182257137299814e+00
3.764192390959590462e+00
3.764169471511892962e+00
3.764140969883817078e+00
3.764142366602454270e+00
3.764127321331229403e+00
3.764205442930176115e+00
3.760878472702485098e+00
3.760851572887748961e+00
3.760825713642420354e+00
3.760728838874404012e+00
3.760710163107447546e+00
3.760683869901479515e+00
3.760682840555847672e+00
3.760673239314039407e+00
3.764010879510025109e+00
3.764002224704109167e+00
3.763984395775707981e+00
3.763972550410434437e+00
3.763966055769103924e+00
2.999139293949944829e+00
3.763955090941029091e+00
3.763971806455379099e+00
3.763972234266957262e+00
3.763958907056852432e+00
3.760606321599277990e+00
3.760584053003667826e+00
3.760575308583501197e+00
3.760573303278889057e+00
3.760550410929950349e+00
3.760532435674274421e+00
3.760527706481789689e+00
3.760513421009139989e+00
3.760498045685770840e+00
3.760490160382125246e+00
3.760478028111474469e+00
3.760464111889547212e+00
3.760456603525858199e+00
3.760445730737816739e+00
3.760430532367428746e+00
3.760419650983338968e+00
3.760408866713594200e+00
3.763762744772646052e+00
3.763741364139128187e+00
3.763739620680694564e+00
3.763726386804087554e+00
3.763707035894762853e+00
3.763701621084864168e+00
3.760332963325153433e+00
3.760320926609109549e+00
3.760310228239511332e+00
3.760299654171797012e+00
3.760288199865020609e+00
3.763638788659778633e+00
3.763621122441669797e+00
2.995716219867660346e+00
3.763621212183410503e+00
3.763638231247334875e+00
3.763637790292929441e+00
3.763623924158038037e+00
3.763614623875642273e+00
3.760265672555559213e+00
3.760241987121979879e+00
3.763608035016096309e+00
3.763581121601883961e+00
3.763557319890340480e+00
3.760231328054795874e+00
3.760189977578568321e+00
3.760167823522026165e+00
3.760181159080919766e+00
3.760161101005400575e+00
3.760134084824439338e+00
3.760139017377415627e+00
3.760124776862137086e+00
3.760099631902096284e+00
3.760098772949066248e+00
3.760086695016793268e+00
3.760064272265035257e+00
3.760059804507148939e+00
2.995218515008788440e+00
3.763407497037718041e+00
3.763424384271888190e+00
3.763421918608039540e+00
3.763409209093104835e+00
3.763399866379174341e+00
3.763390723204389499e+00
3.763384938593237639e+00
3.763374147819089188e+00
3.763353509897795490e+00
3.763337009068244310e+00
3.763327295694522512e+00
3.763315883983280763e+00
3.759955270676389016e+00
3.759938449404678806e+00
3.759934993849582519e+00
3.759920349637424941e+00
3.759904651272727882e+00
3.759899038067364252e+00
3.759886234612407119e+00
3.759871318506028626e+00
3.759862644085104844e+00
3.759850723260476979e+00
3.759837020564932963e+00
3.759827829344904337e+00
3.759817842273913246e+00
3.759804863705976885e+00
3.759794065577322542e+00
3.759783905254010516e+00
3.763136731232240351e+00
3.763117695418891628e+00
3.763115682196708001e+00
3.763102650320177212e+00
3.763085294353286425e+00
2.995084415578083359e+00
3.763105095677940604e+00
3.763108853116166941e+00
3.763107499851087390e+00
3.763104637839988609e+00
3.759746988269552226e+00
3.759716333686061063e+00
3.759731418551849558e+00
3.763098942832004745e+00
3.763038928114178283e+00
3.759737908593724587e+00
3.759695198020431395e+00
3.759646643463604221e+00
3.759675416218149380e+00
3.759656807236995579e+00
3.759614748082392488e+00
3.759628645555068704e+00
3.759618842426815100e+00
3.759581291111222079e+00
3.759585770293047524e+00
3.759577551301639620e+00
3.759546353429467747e+00
3.759545265099142775e+00
3.759539047222187236e+00
3.762872075856702914e+00
3.762865239027116004e+00
3.762849668777832335e+00
3.762838564161830934e+00
2.998035610520439320e+00
3.762834125740536884e+00
3.762830860385483422e+00
3.762837131336219443e+00
3.762822761782808723e+00
3.762807764597054572e+00
3.762801576547939675e+00
3.759452597319288714e+00
3.759427988779809660e+00
3.759421220795082341e+00
3.759405954732957689e+00
3.759386425051907565e+00
3.759383323057218895e+00
3.759373346757329593e+00
3.759353296798529254e+00
3.759345707151030336e+00
3.759336076458970943e+00
3.759321291685878919e+00
3.759313086261250714e+00
3.759301532821716751e+00
3.759286292200641366e+00
3.759276505072513874e+00
3.762640505762043119e+00
3.762611759496423680e+00
3.762607551141803341e+00
3.762601122840597334e+00
3.759238078978757169e+00
3.759218776164404474e+00
3.762614519535488533e+00
3.759194275273102903e+00
3.759194595847988651e+00
3.759190313404464856e+00
3.759163086829016009e+00
2.997899198896485817e+00
3.762535846881525536e+00
3.762538968821162122e+00
3.762555405466172953e+00
3.779897807024734213e+00
3.762579547610716446e+00
3.762684480614893356e+00
3.762651843087165382e+00
3.762645869724210890e+00
3.762686222585002849e+00
3.762649152256757112e+00
3.762635507370903021e+00
3.762644181406267663e+00
3.762601626852543291e+00
3.762576702229666559e+00
3.762579349245900318e+00
3.762546728340419921e+00
3.762511993709879654e+00
3.762494583561951877e+00
3.762461294110945431e+00
3.762440175023398226e+00
3.762436089920508486e+00
3.762409571437144606e+00
2.997643671671782251e+00
3.762393680309977118e+00
3.762403302063721089e+00
3.762397611264062913e+00
3.762396161056360100e+00
3.762386721295198910e+00
3.762372398912883664e+00
3.762361017651521866e+00
3.762347256129022988e+00
3.762329878116156046e+00
3.762316051833185959e+00
3.762302524699074890e+00
3.762288483598928757e+00
3.762277908706227691e+00
3.762263873375061074e+00
3.762247980820914606e+00
3.762235690077911698e+00
3.762223549036636250e+00
3.762210076757549260e+00
3.762198629384275961e+00
3.762187554832077119e+00
3.762174357245481104e+00
3.762163375221052597e+00
3.762153886935491354e+00
3.762142860518062015e+00
3.762131172269091550e+00
3.762119947044095802e+00
3.762108353444564290e+00
3.762096814022547253e+00
3.762086094346989817e+00
3.762075363557080721e+00
3.762064796189864779e+00
3.762054166557417201e+00
3.762043141470487129e+00
2.997298512541346494e+00
3.762041061654362473e+00
3.762055021360722229e+00
3.762055300990159612e+00
3.762042374327302152e+00
3.762032627070327706e+00
3.762028239774037885e+00
3.762021524456660160e+00
3.762008850754907208e+00
3.761993261950551393e+00
3.761979563257181525e+00
3.761967672654381367e+00
3.761956996776074647e+00
3.761945951891602746e+00
3.761934532080115190e+00
3.761923699003921762e+00
3.761913264091413911e+00
3.761903019304042139e+00
3.761891773867899413e+00
3.761880221319464201e+00
3.761868610235618693e+00
3.761857599775659811e+00
3.761846918867191913e+00
3.761836390349461823e+00
3.761826037449315763e+00
3.761815555050203486e+00
3.761805176385141003e+00
3.761794684565015867e+00
3.761784297849786185e+00
3.761773892859098023e+00
3.761763568706142369e+00
3.761753137334701513e+00
3.761742621108594697e+00
2.997011934743586181e+00
3.761742484035015543e+00
3.761757533100298367e+00
3.761757099209730892e+00
3.761743780829889694e+00
3.761733741258396435e+00
3.761728327100644975e+00
3.761720933225378705e+00
3.761708748464609897e+00
3.761693951713508177e+00
3.761681086717914901e+00
3.761669663347112724e+00
3.761659410963546613e+00
3.761648553729088462e+00
3.761637469376088561e+00
3.761626753353885633e+00
3.761616551450923218e+00
3.761606272240489268e+00
3.761595161284045918e+00
3.761583944340261887e+00
3.758470583304812429e+00
3.758411773404369161e+00
3.761597853271043235e+00
3.761559812851408502e+00
3.761547820679766119e+00
3.761558546589943930e+00
3.761535902300200185e+00
3.761518678996201182e+00
3.761521143227317232e+00
3.761501096947514000e+00
3.761489227630182341e+00
3.761484617751394310e+00
2.996669021990238768e+00
3.761481731513300897e+00
3.761496286215380902e+00
3.761486691621493961e+00
3.761473115537204315e+00
3.761469701130055299e+00
3.761455133549215901e+00
3.761446844855529825e+00
3.761440331280774263e+00
3.761420599894933936e+00
3.758077977540399406e+00
3.758053325272726397e+00
3.758047289542953528e+00
3.758040268156234376e+00
3.758018697564799560e+00
3.758003634495985068e+00
3.758000056049759952e+00
3.757983565906404255e+00
3.757970372632936318e+00
3.761339995708052886e+00
3.761308018954919952e+00
3.761302262210745262e+00
3.757968653639360390e+00
3.757922552348841094e+00
3.757929503445367025e+00
3.761312601366580299e+00
3.757892675211588873e+00
3.757913715720019532e+00
3.757882719343345279e+00
3.757860221234526676e+00
3.757871844633636105e+00
3.757845961479195029e+00
3.757827064412421869e+00
3.757834664697519145e+00
3.757811377750349457e+00
2.993126937439147817e+00
3.761199449961186936e+00
3.761186818484491212e+00
3.761192796481170220e+00
3.761192255098071424e+00
3.761161253241119162e+00
3.761164839299255824e+00
3.761162988129576945e+00
3.761133219775951275e+00
3.761123483015500035e+00
3.761115980873717568e+00
3.761093315418563510e+00
3.757724577683409173e+00
3.757720952114139479e+00
3.757712996185635035e+00
3.757695552311612897e+00
3.757690083328164121e+00
3.757678949517287759e+00
3.757662553502775893e+00
3.757654866461816567e+00
3.757643580878530010e+00
3.757629772725399775e+00
3.757621853090909347e+00
3.757611007437978934e+00
3.757599074463898958e+00
3.757591073698550499e+00
3.757580282425640572e+00
3.757568526050837576e+00
3.757560124016467551e+00
3.760910016166750580e+00
3.760895263025818558e+00
2.996078015527798399e+00
3.760901999005850538e+00
3.760915996020947727e+00
3.760914213514998217e+00
3.760901304398182265e+00
3.760890968964498260e+00
3.760885620137019103e+00
3.760879137348146717e+00
3.760865875620348575e+00
3.757501751336947748e+00
3.757480547044806940e+00
3.757475449732905481e+00
3.757467715141469711e+00
3.757453527560033812e+00
3.757441731815799990e+00
3.757430554729158434e+00
3.757420469649140671e+00
3.757409774603001740e+00
3.757398857359297573e+00
3.757387621129818722e+00
3.757375692834197256e+00
3.757363961000172559e+00
3.757354950804376426e+00
3.757345514049616142e+00
3.757333870045846069e+00
3.757323941489081331e+00
3.760676326592689023e+00
3.760661152373874216e+00
3.760653708017898111e+00
3.757304195033503547e+00
3.757277466630603247e+00
3.757277844394596222e+00
3.760647747620703640e+00
3.760607565074520764e+00
3.757296367411877114e+00
2.992575005108165875e+00
3.760631271590519020e+00
3.760657825918551911e+00
3.760616984494256965e+00
3.760628694493255431e+00
3.760624100062250008e+00
3.760590446551365318e+00
3.760599438450460852e+00
3.760585943335541526e+00
3.757204566803581613e+00
3.757199265769628482e+00
3.757174017789285614e+00
3.757169364939803913e+00
3.757163774248146737e+00
3.757140836723570576e+00
3.757139067632195850e+00
3.757128735920715723e+00
3.757111252048813910e+00
3.757104341349665866e+00
3.757092037953791319e+00
3.757077944134001868e+00
3.757070466614467641e+00
3.757059834817543909e+00
3.757045775395766896e+00
3.757038497652049003e+00
3.757028797278711529e+00
3.757016787411216363e+00
3.757007728320080453e+00
3.756996312261430937e+00
3.760353609607468783e+00
3.760334739702861029e+00
3.760325851926379581e+00
2.995519605987753575e+00
3.760328263403932780e+00
3.760349829638653496e+00
3.760347373812110483e+00
3.760328618445952564e+00
3.760322422576001689e+00
3.760320274099946403e+00
3.760311427227152947e+00
3.760299384481275986e+00
3.760281618071420251e+00
3.756920268401036545e+00
3.756903128198485042e+00
3.756896498508523585e+00
3.756889718521569499e+00
3.756871662300406811e+00
3.756859023210317616e+00
3.756852776830246654e+00
3.756839986498483164e+00
3.756830086102382893e+00
3.756818174781641595e+00
3.756804125485868617e+00
3.756796238831473733e+00
3.756787044686071386e+00
3.756775421604656717e+00
3.756765970653784592e+00
3.756755973992187414e+00
3.756745565414601806e+00
3.756736206136931600e+00
3.756725690577703780e+00
3.756715689047213758e+00
3.756706343069791121e+00
3.760063134743418800e+00
3.760043472781446905e+00
3.760042627161638507e+00
3.760029597530396117e+00
2.995366060036313893e+00
3.760035677361738937e+00
3.760054764022958462e+00
3.760057110758647791e+00
3.760046859146465081e+00
3.756689456383016879e+00
3.756670295000427817e+00
3.760058062519244793e+00
3.760008991268301237e+00
3.756674975948987694e+00
3.756648192509371320e+00
3.756609997696767955e+00
3.756625781840725153e+00
3.756605535032443655e+00
3.756582120709563100e+00
3.756592565733421818e+00
3.756568045852145765e+00
3.756552912891021556e+00
3.756552055441451543e+00
3.756528717553710095e+00
3.756521692038931270e+00
3.756515959237722413e+00
3.756495697507665099e+00
3.756488674911099945e+00
3.756481774877948432e+00
3.756465484398261445e+00
3.759813487231244089e+00
3.759806590227610990e+00
3.759796279103280625e+00
3.759782598691064237e+00
3.756420806671064039e+00
3.759779336240166359e+00
2.994960170920350162e+00
3.759778324181624498e+00
3.759813411474207889e+00
3.759803414705281011e+00
3.759777208140890004e+00
3.759769549678377842e+00
3.759771144187394221e+00
3.756428665867776573e+00
3.756393210996034959e+00
3.756369977768000190e+00
3.756365876467550269e+00
3.756349242257114085e+00
3.756344862520737404e+00
3.756331218127623828e+00
3.756308725178130636e+00
3.756303417874677031e+00
3.756292872348290679e+00
3.756277444712184277e+00
3.756269654782877776e+00
3.756249869027614707e+00
3.756236952661156536e+00
3.756229036285780865e+00
3.756217248383143303e+00
3.759567738905949419e+00
3.759557122585554190e+00
3.759552684412597046e+00
3.759535538898436613e+00
3.759528063056178926e+00
2.994788024902850676e+00
3.759543223500566356e+00
3.759580245226982864e+00
3.759580635606248222e+00
3.756205963599816400e+00
3.756192399419404637e+00
3.756193071800625560e+00
3.759542816419382039e+00
3.759519729354916517e+00
3.756203128779509459e+00
3.756135666912133075e+00
3.756137045607119695e+00
3.756136661016204137e+00
3.756101645726127813e+00
3.756111358588138494e+00
3.756098311851319149e+00
3.756068616400241478e+00
3.756074580825179865e+00
3.756052868377509402e+00
3.756036849833184199e+00
3.756038974503194794e+00
3.756013920517522919e+00
3.756000643045140031e+00
3.755998236526004952e+00
3.759349507798315226e+00
3.759330553028273236e+00
3.759338897032532323e+00
3.759309603404299427e+00
3.759302317475906818e+00
3.759301703396014549e+00
3.759277365231093349e+00
3.759273436958102010e+00
3.755930628432276208e+00
3.755890144584686396e+00
2.991190766375580345e+00
3.759327658897439139e+00
3.759344393028923648e+00
3.759382193178515408e+00
3.759313816819576548e+00
3.759274786114420230e+00
3.759322980226053268e+00
3.759301392545725484e+00
3.759271924122066011e+00
3.759251141866383428e+00
3.759211117032010385e+00
3.755848293491512724e+00
2.991215868339113904e+00
3.755892747529128606e+00
3.755962889226592161e+00
3.755986632250777557e+00
3.755953444867971669e+00
3.755937778390830317e+00
3.755921130753257398e+00
3.755889872469704294e+00
3.755879130373023678e+00
3.755853300278269025e+00
2.991446773836603512e+00
2.991681189261012452e+00
3.774502156372519401e+00
3.759804824998389527e+00
3.759596986508791261e+00
3.759588711652109616e+00
3.759778519055768875e+00
3.759832940384903566e+00
3.759715145995234487e+00
3.759558564948838111e+00
3.759602007452352623e+00
3.759660063738142988e+00
3.759535515722426613e+00
3.759452112059063822e+00
3.759426315838310995e+00
3.759317637495680486e+00
3.759298842914532202e+00
3.759317005288254521e+00
3.759247929634074836e+00
3.759179084025179307e+00
3.759158831582114502e+00
3.759162124171543162e+00
3.759147142250935936e+00
3.759096534667886402e+00
3.759074754386523942e+00
3.759078090111596548e+00
3.759053071453758221e+00
3.759028037818359369e+00
3.759016377305301582e+00
3.758991624067660187e+00
3.758977548522524526e+00
3.758966489496883057e+00
3.758948247568112855e+00
3.758934024285500275e+00
3.758916493652414204e+00
3.758898121048682928e+00
3.758885957426026714e+00
3.758871068954909411e+00
3.758856777444678166e+00
3.758845654915519585e+00
3.758829294748477601e+00
3.758815314780336703e+00
3.758806612743901709e+00
3.758795294182949220e+00
3.758782658973539803e+00
3.758770074772887604e+00
3.758759639838709532e+00
3.758751801008771487e+00
3.758739623834362220e+00
3.758726435601528415e+00
3.758717179666720476e+00
3.758707108612740377e+00
3.758695550311131228e+00
3.758684507611352643e+00
3.758673622737481068e+00
3.758663844699842826e+00
3.758654157162752529e+00
3.758643688626762014e+00
3.758633529438060172e+00
3.758623489681338636e+00
3.758613596010482283e+00
3.758604251678526076e+00
3.758594112504054507e+00
3.758584088641809373e+00
3.758574817272704038e+00
3.758565259344668341e+00
3.758555557378314482e+00
3.758545879569890502e+00
3.758536261432428027e+00
3.758526979052347006e+00
3.758517492814997585e+00
3.758507907052863750e+00
3.758498637150614385e+00
3.758489297049104394e+00
3.758479839812776557e+00
3.758470531511124868e+00
3.758461246652215149e+00
2.996223837543156687e+00
2.995825908420586714e+00
2.996322219990422919e+00
2.995667827009414808e+00
2.995266760742365975e+00
3.760951115541588230e+00
3.760810513291541479e+00
3.759801214361291777e+00
3.759640799151408697e+00
3.759992569374529303e+00
3.759988473264292530e+00
3.759552364053045714e+00
3.759365777275202269e+00
3.759351566492099117e+00
3.759335028280850644e+00
3.759305540754168895e+00
3.759163451821883495e+00
3.758998882414911868e+00
3.758944535079265847e+00
3.758985844453014202e+00
3.758905571234313570e+00
3.758744186944734444e+00
3.758714933790017199e+00
3.758778961126978402e+00
3.758718636563935789e+00
3.758595778748409888e+00
3.758577554209241889e+00
3.758599658265217691e+00
3.758567263650571810e+00
3.758512147102664791e+00
3.758495064856972157e+00
3.758476439343313658e+00
3.758448873933533552e+00
3.758415144734331470e+00
3.758398139658571946e+00
3.758375776290233006e+00
3.758349807160029421e+00
3.758325460566883436e+00
3.758300301541523503e+00
3.758288127220878572e+00
3.758281750219094164e+00
3.758265541399597787e+00
3.758240224325586354e+00
3.758227922974355373e+00
3.758226508088958973e+00
3.758214700757418925e+00
3.758188712839986234e+00
3.758168363607859330e+00
3.758162433804256519e+00
3.754917741912847440e+00
3.754873932468262510e+00
3.758158083620679601e+00
3.758119283376439856e+00
3.758122961774848392e+00
3.758119708906289436e+00
3.758089891190335763e+00
3.758087461597721113e+00
3.758073405809575718e+00
3.758058967085291080e+00
3.758054237792822327e+00
3.758032485303219872e+00
3.754675079592571407e+00
3.754667092668338313e+00
3.754655511506500787e+00
3.758004776635726074e+00
3.757996211086455318e+00
3.754662807276899716e+00
3.754615366639455942e+00
3.754631410109402267e+00
3.754606940527517089e+00
3.754586273730342150e+00
3.754597349202962953e+00
3.754561696211728083e+00
3.754558999628838656e+00
3.757940393480968311e+00
3.757885843832823092e+00
3.754584560682189931e+00
3.754527116353937544e+00
3.757903406107254263e+00
3.757891892074034512e+00
3.754497909261306887e+00
3.754512715677847723e+00
3.754467165055758393e+00
3.754473269385202094e+00
3.754468995167496548e+00
3.754434254854343678e+00
3.754447037056002578e+00
3.757774539298887273e+00
3.757769058328563450e+00
3.757757255570584043e+00
3.754397852502902033e+00
3.754382283762280892e+00
3.757745745989496289e+00
3.754365974303392584e+00
3.754356524036625231e+00
3.754345980745481093e+00
3.757704925222854264e+00
3.757687571809189997e+00
3.757679431682048321e+00
3.754337355096504680e+00
3.754300851764924118e+00
3.757701221666860825e+00
2.992632915669056093e+00
3.757678302968186390e+00
3.757719203189918034e+00
3.757679304975782841e+00
3.757683264750765417e+00
3.757677446311854297e+00
3.754323322525621620e+00
3.754309423410484570e+00
3.754276775637993779e+00
3.754283787806792283e+00
3.754263831929622874e+00
3.754254198391002717e+00
3.754246013636959756e+00
3.754227740993833606e+00
3.754223118195025855e+00
3.754213749524492272e+00
3.754198604382639637e+00
3.754192683446415657e+00
3.754178423233171635e+00
3.754169695860338329e+00
3.754160202495684828e+00
3.754147065975696584e+00
3.754139503410347967e+00
3.754128882295765912e+00
3.757483482998867252e+00
3.757466645034641672e+00
3.757459084576672659e+00
3.757451316251119167e+00
3.757436859374421623e+00
3.757431394699398020e+00
3.757420336773151348e+00
3.754062368290255414e+00
3.754044678094619947e+00
3.754036004042454522e+00
3.754030086480762751e+00
3.754014285373396653e+00
3.754009457489037693e+00
3.753998522639459878e+00
3.757354813512588709e+00
3.757338992693834534e+00
3.757329162158545177e+00
3.753989233534030134e+00
3.753952189902454606e+00
3.757350930334407035e+00
3.757303379475129823e+00
3.753967888151755528e+00
3.753945636481184511e+00
3.753912848053023943e+00
3.753936252962481568e+00
3.757276462367074021e+00
3.753922500607746571e+00
3.753917879928578838e+00
3.753865799660770719e+00
3.757294367426404769e+00
3.757216504934298040e+00
3.753902271743609909e+00
3.753873393582492390e+00
3.753826434011641844e+00
3.753869414631808787e+00
3.757196492182051095e+00
3.753848094763133858e+00
2.989120043222654122e+00
3.757176519890259137e+00
3.757243054349208577e+00
3.757187386874071944e+00
3.757197099673977192e+00
3.757197853616363936e+00
3.757163399816350946e+00
3.757176943404797242e+00
3.757141045133853385e+00
3.757126421119934889e+00
3.757128272539224767e+00
3.753752216168269484e+00
3.753744276971377580e+00
3.753753456698948110e+00
3.753712888052715968e+00
3.753684193448555639e+00
3.753668422024384110e+00
3.753646823564841917e+00
3.753651344474758567e+00
3.753627484301906847e+00
3.753619792178225278e+00
3.753615780988085682e+00
3.753594841510302871e+00
3.753592320793723403e+00
3.753579609961996688e+00
3.753566230777869883e+00
3.753562562929997792e+00
3.756909337695439888e+00
3.756896356408609527e+00
3.756886089402942996e+00
3.756921449229706944e+00
3.756909493961897883e+00
3.756900449461547886e+00
3.756890710930463229e+00
3.756880901191868460e+00
3.756872736054956086e+00
3.756863062910431594e+00
3.753503871747324361e+00
3.753490247336705998e+00
3.753488231956408683e+00
3.753472432081399912e+00
2.988630087695673510e+00
3.753485509052063129e+00
3.756832457906685185e+00
3.756816836413797933e+00
3.756805028402618873e+00
3.756807959577356915e+00
3.756805077223143385e+00
3.756793509039121126e+00
3.756770908778920948e+00
3.756756702998827357e+00
3.756754693234099385e+00
3.756738592860715098e+00
3.753369267867616266e+00
3.753402753964513394e+00
3.753396841574847098e+00
3.753338507836271987e+00
3.753332296013149882e+00
3.753319462090586978e+00
4.732636826744220038e+00
3.987461827342746012e+00
3.587818702165199269e+00
3.821545391664163294e+00
3.924209718927107904e+00
3.926464183747437442e+00
3.915726729956329866e+00
3.897607147950386430e+00
4.798542330898975194e+00
4.793463461526107139e+00
4.798887589992867575e+00
4.806523970654809297e+00
4.811133637171094435e+00
4.791411774902088361e+00
4.742352578076207692e+00
4.672331756941130010e+00
4.601851665058715568e+00
4.374069433047545807e+00
3.984398320704148233e+00
3.899527669127555995e+00
4.048606556021002945e+00
3.911942462332478776e+00
3.769797319202365493e+00
3.757815370033213753e+00
3.739010749929666755e+00
3.494742970260397819e+00
3.397023833189782849e+00
3.397452285929779769e+00
3.366110071304103446e+00
4.073082289383252785e+00
4.044705989675657420e+00
4.012989064038903209e+00
3.998364039101786283e+00
3.981927251303741144e+00
3.944252740917324473e+00
3.908591610115155213e+00
3.901051072495187455e+00
3.898883614478768855e+00
3.877302564987157307e+00
3.852892871333555291e+00
3.843482255800120484e+00
3.838945630014923172e+00
3.832165707802644761e+00
3.817835683641007893e+00
3.805472438400730351e+00
3.797068361940018733e+00
3.790680677596985682e+00
3.785364251629576238e+00
3.780339673150296065e+00
3.772612828976197541e+00
3.763484368824663306e+00
3.753245032493514266e+00
3.899782901244108757e+00
3.893178604899906414e+00
3.887197740023454529e+00
3.882662532107550302e+00
3.878307831417364682e+00
3.873679208922278683e+00
3.869965496459244036e+00
3.866525859643254570e+00
3.861572241253972138e+00
3.856308705786714697e+00
3.852997510592926389e+00
3.850756838278322824e+00
3.847679824290477946e+00
3.844051766643325596e+00
3.840969441360880587e+00
3.838326101022384584e+00
3.835459253154762216e+00
3.832422183404091687e+00
3.829557019578517796e+00
3.826824114968005119e+00
3.824216895916497716e+00
3.821877356489163269e+00
3.819682296005639355e+00
3.817417005409291519e+00
3.815134581608245590e+00
3.812950064169451814e+00
3.810854538765529931e+00
3.808864050436669757e+00
3.808454429495979454e+00
3.806541985782157411e+00
3.804567142989613515e+00
3.802661063993895141e+00
3.800921867237363472e+00
3.799233861128539225e+00
3.797480042586280469e+00
3.794387366127120131e+00
3.792813460799723035e+00
3.791296224183122732e+00
3.789789610551697496e+00
3.788341484156419803e+00
3.786946290551993499e+00
3.785551677224378686e+00
3.784182437405878563e+00
3.782890241166457557e+00
3.781642694725268150e+00
3.780389794040585727e+00
3.779160384057756783e+00
3.782497588551936296e+00
3.781363726555302840e+00
3.781538198810979523e+00
3.780422430360271591e+00
3.779340262913498449e+00
3.778286652633179532e+00
3.775966978097088145e+00
3.770656161468460610e+00
3.769708415745912866e+00
3.768776350403264530e+00
3.767861511939742947e+00
3.766968759389191401e+00
3.766097818315177648e+00
3.765247009693083236e+00
3.768686707061398966e+00
3.767863641854535039e+00
3.767049249368039199e+00
3.762026357411382804e+00
3.761264282124522573e+00
3.760513417053609864e+00
3.759772377292199153e+00
3.759043452946534636e+00
3.758327569715213201e+00
3.757623267435974412e+00
3.756929862373606710e+00
3.757490655480378194e+00
3.756815743505667271e+00
3.754912347358610791e+00
3.754257839395783058e+00
3.753613058438432404e+00
3.752976887327458932e+00
3.752347735617381996e+00
3.751725985771433347e+00
3.755264555734282084e+00
3.754647661661925095e+00
3.749907204847578335e+00
3.749314396924443571e+00
3.748727803833518557e+00
3.748146248313124929e+00
3.747568555157723580e+00
3.746995348867053544e+00
3.746427245011683560e+00
3.747090545985343191e+00
3.746530165887435260e+00
3.748863091396799074e+00
3.748309889847468046e+00
3.743661326888468643e+00
3.743121139345321424e+00
3.742584783324918618e+00
3.742051289408898196e+00
3.741520302413731791e+00
3.740992085603126238e+00
3.740466776435333873e+00
3.739944464535517987e+00
3.739425067385103496e+00
3.738908089808126167e+00
3.739609328528130661e+00
3.739095647306068582e+00
3.737371977535910439e+00
3.740942073772106191e+00
3.736358578545614151e+00
3.735855079124899003e+00
3.735353108222009944e+00
3.734851898029374784e+00
3.734351936323990984e+00
3.733853589293437025e+00
3.733356457640406134e+00
3.734071468820128192e+00
3.737633542238274043e+00
3.731872874363795223e+00
3.731380557241863904e+00
3.730888424736086506e+00
3.730397110246875592e+00
3.729906533175038508e+00
3.729416114039693753e+00
3.728925820749829256e+00
3.728435858418813975e+00
3.733199106440661552e+00
3.727457857991429258e+00
3.726969238256257810e+00
3.727680336548913065e+00
3.725991717841190543e+00
3.725502870827886781e+00
3.725013587111111413e+00
3.724523917947878182e+00
3.724033958616438156e+00
3.723543581421658200e+00
3.724248696126877256e+00
3.723755852565524993e+00
3.722071037876690802e+00
3.721579162861395229e+00
3.725140628462683789e+00
3.720591995706590716e+00
3.720097999778752218e+00
3.719602929133469793e+00
3.719106539918000109e+00
3.718608991612987857e+00
3.718110138718821123e+00
3.718801179176037586e+00
3.718298725682770201e+00
3.716607441740581663e+00
3.716104611068340002e+00
3.715600027976996955e+00
3.715093995682493766e+00
3.714586496372610291e+00
3.714077310464241055e+00
3.714749947805189301e+00
3.718293641421546170e+00
3.712542427608312767e+00
3.712027741095897504e+00
3.711511054844040203e+00
3.710992881438297974e+00
3.710472105175741220e+00
3.709948953172810704e+00
3.709424211071490785e+00
3.708897355321457034e+00
3.709544637359805996e+00
3.709012919894600913e+00
3.707305878242040720e+00
3.706771700826290150e+00
3.706234895328844203e+00
3.705695571111365716e+00
3.705153922730747063e+00
3.704609931506480436e+00
3.705233934770054915e+00
3.703515170435245807e+00
3.702964527509895909e+00
3.703579867666932035e+00
3.701856108823431857e+00
3.701298021700157648e+00
3.700639925712242650e+00
3.700074589638625788e+00
3.700670754492090264e+00
3.698935497730966748e+00
3.698361693922180393e+00
3.701860161882770672e+00
3.697205296646588479e+00
3.697784246542606290e+00
3.697197496983857246e+00
3.695450834194800471e+00
3.694859969148573953e+00
3.694265763989637907e+00
3.693668675150395320e+00
3.693068587716867412e+00
3.692465334542209821e+00
3.691859215748816148e+00
3.691250134170164010e+00
3.690637840432757333e+00
3.691175489289159728e+00
3.690557148858844894e+00
3.689934425052368461e+00
3.688162904661389963e+00
3.687536885028192657e+00
3.686907474699043341e+00
3.686275315189596391e+00
3.685640117195480681e+00
3.685001934304056093e+00
3.684361089429052605e+00
3.683717297601282858e+00
3.683070420855358407e+00
3.683565158516238114e+00
3.682912555745845751e+00
3.681115424256152124e+00
3.680458772871095796e+00
3.679798980071012693e+00
3.679136622821873370e+00
3.678471936568279421e+00
3.678943460573214530e+00
3.678272356047338043e+00
3.676464683704598446e+00
3.675790918992701162e+00
3.675114606824125829e+00
3.674436693015401101e+00
3.673756378577818005e+00
3.673073609450700161e+00
3.672389381443820433e+00
3.672835057120412472e+00
3.672146610500330421e+00
3.670327478507866559e+00
3.669637296988750741e+00
3.668945823876677892e+00
3.668252751421511970e+00
3.667558365813111454e+00
3.666863173392373554e+00
3.667292526100814243e+00
3.666594649629041580e+00
3.664773691524388255e+00
3.664076265879216976e+00
3.660833959262215664e+00
3.660087445074196477e+00
3.659309404902995499e+00
3.658512908185603596e+00
3.658805161699111963e+00
3.657998034240783625e+00
3.656130774257981386e+00
3.655386426517881038e+00
3.654669680909356178e+00
3.653973929924332786e+00
3.653292137822958807e+00
3.653671508098486953e+00
3.652986547152755836e+00
3.651231279399519636e+00
3.650526248539973651e+00
3.649817690294697492e+00
3.649110393183880419e+00
3.648409417502348262e+00
3.647719812019382779e+00
3.647041978446180721e+00
3.646374002654365398e+00
3.645713277580896694e+00
3.645057073973539286e+00
3.644403240720833992e+00
3.644877181546551714e+00
3.644219917691086774e+00
3.642740274339812068e+00
3.642090307761554069e+00
3.641445341285861836e+00
3.640507918657405639e+00
3.639877619835886868e+00
3.639255080647650686e+00
3.638638579524420713e+00
3.638026699781962137e+00
3.637419181760120246e+00
3.636816090256176803e+00
3.636217644657746995e+00
3.635623786400354884e+00
3.635035260495091514e+00
3.634453410206814006e+00
3.633878477655427375e+00
3.633310396230045480e+00
3.632749377114385947e+00
3.633303874694210123e+00
3.631647339439805666e+00
3.631105576784984468e+00
3.630569619244861546e+00
3.630039955768022519e+00
3.629516826407548358e+00
3.629000218898275065e+00
3.628490438324235789e+00
3.627987777965349991e+00
3.627492133264429874e+00
3.628111620196311726e+00
3.626521543519285906e+00
3.626046617393500870e+00
3.625578374915148228e+00
3.625116741826932554e+00
3.624661666843294050e+00
3.624213252384202555e+00
3.623771595870965534e+00
3.623336628461629960e+00
3.622908367443908872e+00
3.622817570666979847e+00
3.622072268582885890e+00
3.621664252025539987e+00
3.621262688919086425e+00
3.620867570760412324e+00
3.621595714579312286e+00
3.620096290854558863e+00
3.619720136947914391e+00
3.619350150208078709e+00
3.618986398156232909e+00
3.618628782093859186e+00
3.618277104320754667e+00
3.617931354355774509e+00
3.617932412552408383e+00
3.617257464049757232e+00
3.616929113949689079e+00
3.616606297364840295e+00
3.616289041740139876e+00
3.615977168005879427e+00
3.615670635360854313e+00
3.615369370426908091e+00
3.615073299200318502e+00
3.614782398326892743e+00
3.614496532993392908e+00
3.614215557851450988e+00
3.613939418715908847e+00
3.613668087283591568e+00
3.613401422701643995e+00
3.614267978949205151e+00
3.612881968802840404e+00
3.612629037769012008e+00
3.612380365833302243e+00
3.612135960007544000e+00
3.611895739298278230e+00
3.611659582139993496e+00
3.611427407621927266e+00
3.611199156718075454e+00
3.610974745381466455e+00
3.611114785651063919e+00
3.610537459640371871e+00
3.610324322561091037e+00
3.610114677050944465e+00
3.609908571530452193e+00
3.609705840363677254e+00
3.609506381406716535e+00
3.609310183237977920e+00
3.609117245377559513e+00
3.608927477354304969e+00
3.608740729232807976e+00
3.608556970507832862e+00
3.608376198210915042e+00
3.608198285723561938e+00
3.608023185500663033e+00
3.607850871214657751e+00
3.607681262583549486e+00
3.607514299037334560e+00
3.607349909168298119e+00
3.607188055002609417e+00
3.607028692906741441e+00
3.606871763981921220e+00
3.607871388914107413e+00
3.606565290535211243e+00
3.606415575313634214e+00
3.606267940804946726e+00
3.194883884474072566e+00
3.054405776795908523e+00
2.951044819908110739e+00
2.988738032076714290e+00
3.018946624554752933e+00
2.982793755228162702e+00
2.939190792081344927e+00
2.927420086009500544e+00
3.664122416424679507e+00
3.667212805841180145e+00
3.681256721010263355e+00
3.668588188456401333e+00
3.646382641071743258e+00
3.638397878686467912e+00
3.641431545412645576e+00
3.648414349422728353e+00
3.646100685251703943e+00
3.636354266634802546e+00
3.633546497099193306e+00
3.631481445444748601e+00
3.621673340516895934e+00
3.617606888176635227e+00
3.621458921300281908e+00
3.624985895188940432e+00
3.621716683192639508e+00
3.616288173898777991e+00
3.615299819592288522e+00
3.615439552151032743e+00
3.613275153890876723e+00
3.611952897456158773e+00
3.612372145711717053e+00
3.611827678091756866e+00
3.609609737136668883e+00
3.607956556942437665e+00
3.607776341938945919e+00
3.607990730848139815e+00
3.607755607542569187e+00
3.607055394293420925e+00
3.606327410372000664e+00
3.606058446006110252e+00
3.605994674872429862e+00
3.605478916818802837e+00
3.604976828966495628e+00
3.605041585565466278e+00
3.604897622863232787e+00
3.604133189627990674e+00
3.603626798377648655e+00
3.603740293612681000e+00
3.603639514480289741e+00
3.603105522500891666e+00
3.602835073478581229e+00
3.602852111776026156e+00
3.602667703992417980e+00
3.602333373550515638e+00
3.602212094267758680e+00
3.602257170650814189e+00
3.602151866883525955e+00
3.601883660831655121e+00
3.601664828274477426e+00
3.601569473904836727e+00
3.601466727027783588e+00
3.601295433866258389e+00
3.601183942465980170e+00
3.601150338853255306e+00
3.601046368542081932e+00
3.600856096331889855e+00
3.600735104314428447e+00
3.600704813011777361e+00
3.600631262541632349e+00
3.600503503840437158e+00
3.600413763575629922e+00
3.600354255657539415e+00
3.600252628383286080e+00
3.600133954056332186e+00
3.600062469251244401e+00
3.600007832255752049e+00
3.599920092569572461e+00
3.599822166335479245e+00
3.599749963563565025e+00
3.599685056865043808e+00
3.599605377150060015e+00
3.599528991802006139e+00
3.599465864754387567e+00
3.599401157489594105e+00
3.599328857982016405e+00
3.599258000950543490e+00
3.599192586857811627e+00
3.599128378249531135e+00
3.599063063417766273e+00
3.598997317464833756e+00
3.598933799266546885e+00
3.598872628805985130e+00
3.598810398296193203e+00
3.598747371416712859e+00
3.598687365670756755e+00
3.598629799618570324e+00
3.598570620890476413e+00
3.598510921138631691e+00
3.598453511611497735e+00
3.598397125370454752e+00
3.598340399932574929e+00
3.598284183743299280e+00
3.598229116356938206e+00
3.764710701416025707e+00
3.764673919953696490e+00
3.764633520254575316e+00
3.764591893846084059e+00
3.764551505131921161e+00
3.764513117388587293e+00
3.764475607658146039e+00
3.764438343860321723e+00
3.764401271044235386e+00
3.764363523846312010e+00
3.764324667526947721e+00
3.764285766843612713e+00
3.764247383025868920e+00
3.764208902689364145e+00
3.764170167771455411e+00
3.764131764828750004e+00
3.597597662642193939e+00
3.597560430434897150e+00
3.764026138347796646e+00
3.763994252389337269e+00
3.763961020788975098e+00
3.597424268113326828e+00
3.597391581404470351e+00
3.763865510298543882e+00
3.763834283757647725e+00
3.763800838036905017e+00
3.597265813046186977e+00
3.597234107740844511e+00
3.763705862783496059e+00
3.763675485394234244e+00
3.597136830867678547e+00
3.763615406431802590e+00
3.763585438496638069e+00
3.597046252540056166e+00
3.763526475070639421e+00
3.763497543823445479e+00
3.596958313810757257e+00
3.763440738557057408e+00
3.763924117804363867e+00
3.763384599706263600e+00
3.596843447998841370e+00
3.763328955036952195e+00
3.763301606993805226e+00
3.763273593363463121e+00
3.596732763341343286e+00
3.763085431563951921e+00
3.763059072057568066e+00
3.596518033102377832e+00
3.763007456075590618e+00
3.762981977001853995e+00
3.762955675994241300e+00
3.763435882928874321e+00
3.596392135665963607e+00
3.596365055734857208e+00
3.762854742676179143e+00
3.762831275058653446e+00
3.762806470348399213e+00
3.762780463215869453e+00
3.762753947835023371e+00
3.596214854206154499e+00
3.762703552106651195e+00
3.762678974745651939e+00
3.596142284775527109e+00
3.762631281377232462e+00
3.763109845700582490e+00
3.762584392119923571e+00
3.762560306678427224e+00
3.596021919505596021e+00
3.762512862493460286e+00
3.762489694519686623e+00
3.762465973694632204e+00
3.595929429043024594e+00
3.762419928559604720e+00
3.762397486742652397e+00
3.762374529395414502e+00
3.595835692346271095e+00
3.762329829700191919e+00
3.762805386282287223e+00
3.762285769903622068e+00
3.762263058594413678e+00
3.595724985251906425e+00
3.595700009785899987e+00
3.762199907347472561e+00
3.762180054313645883e+00
3.762158910422726876e+00
3.762136828289208701e+00
3.762114197321207776e+00
3.762091603765765235e+00
3.762069344746062249e+00
3.596024693584309873e+00
3.762026371899929167e+00
3.762005696489317152e+00
3.595463570423060418e+00
3.761965923249552812e+00
3.761946606584442243e+00
3.761926158691395905e+00
3.761904756197321120e+00
3.761883166797275635e+00
3.761861813641887320e+00
3.595322676120745076e+00
3.595299415935290011e+00
3.761802950155188174e+00
3.761784847356132833e+00
3.761765968955931516e+00
3.762234658757467987e+00
3.761725909389930678e+00
3.761704936966011825e+00
3.761683885194776700e+00
3.761663680962290535e+00
3.595126556178997568e+00
3.595103422476156219e+00
3.761606529747997030e+00
3.761589322088735976e+00
3.761571939970598244e+00
3.761553196517984254e+00
3.761533267888213850e+00
3.761999127884450012e+00
3.761492986569415997e+00
3.761473551096370826e+00
3.594929319621232189e+00
3.594907037080103507e+00
3.761419110932046728e+00
3.761402676092667541e+00
3.761385732916200819e+00
3.761367478293765831e+00
3.761348110876338247e+00
3.761328708089125783e+00
3.761309569464360791e+00
3.761290888474528415e+00
3.761756024037882007e+00
3.594727525916795230e+00
3.594704571045300945e+00
3.761220181223378312e+00
3.761205621164128932e+00
3.761189612724904929e+00
3.761171402726548152e+00
3.761152445215203866e+00
3.761133566330828959e+00
3.761115330299613646e+00
3.761097411707831739e+00
3.761079156526858647e+00
3.594530671041183290e+00
3.594988785917031304e+00
3.761028765915379601e+00
3.761015432687781601e+00
3.761000214138103814e+00
3.760982886626393906e+00
3.760964507298925952e+00
3.760945999384385452e+00
3.760928261893508040e+00
3.760910989523252645e+00
3.760893519581793853e+00
3.760876069940066735e+00
3.594325893055628107e+00
3.760841608406081171e+00
3.760825583278344375e+00
3.760809353643977282e+00
3.761271256224184345e+00
3.594230902995522392e+00
3.760761794102097433e+00
3.760746300143034127e+00
3.760729861918841177e+00
3.760712728408167393e+00
3.760695562946978932e+00
3.760678611288617912e+00
3.594123597387281599e+00
3.760646447312912422e+00
3.760630688490808282e+00
3.760614633438536636e+00
3.761076193864815842e+00
3.594036591401433611e+00
3.760568715334327461e+00
3.760554181765933812e+00
3.760538613335293157e+00
3.760522409726402948e+00
3.760506259357449643e+00
3.760490120619424115e+00
3.593925367386940462e+00
3.760459291520244385e+00
3.760444270313938020e+00
3.760428887216113125e+00
3.760413505992903360e+00
3.760398063535445701e+00
3.760382396791878357e+00
3.594292211369136680e+00
3.760352761956256895e+00
3.760338637056932942e+00
3.760323666182500801e+00
3.760308558979147175e+00
3.760293123293826589e+00
3.760277531042952148e+00
3.593709304345944489e+00
3.760247665130515671e+00
3.760233430843920921e+00
3.760218834723089820e+00
3.760203972918069404e+00
3.760188950970518196e+00
3.760650213053106761e+00
3.593603336677055005e+00
3.760145421217522710e+00
3.760131568653219958e+00
3.760117311879627611e+00
3.760102792692614493e+00
3.760087848690676804e+00
3.760072843501464313e+00
3.593499605646262474e+00
3.760044379888216604e+00
3.760030637505709983e+00
3.760016708582925915e+00
3.760002482832624615e+00
3.759987910377842635e+00
3.759973246138627267e+00
3.760434911960493842e+00
3.593385305259502616e+00
3.759931335027519417e+00
3.759917916549703421e+00
3.759904486134231671e+00
3.759890537572850633e+00
3.759876102982579127e+00
3.759861645465761626e+00
3.759847352835944179e+00
3.593273028611907005e+00
3.759819756459502393e+00
3.759806819730045824e+00
3.759793504703106581e+00
3.759779618331434925e+00
3.760241674235996090e+00
3.759752112584346939e+00
3.593170952060517731e+00
3.759725223827277585e+00
3.759712711501621563e+00
3.759699807724200316e+00
3.759685864911451958e+00
3.759671805904305941e+00
3.759658207716539469e+00
3.759644589578267748e+00
3.593061645933273596e+00
3.759617799687124506e+00
3.759605579264844621e+00
3.759592676515824294e+00
3.759579225882275111e+00
3.759565769859038564e+00
3.760028986313413313e+00
3.759539046602709433e+00
3.759525295706086290e+00
3.592941090356647660e+00
3.759499946663340086e+00
3.759487585224147388e+00
3.759474517992798859e+00
3.759461538523275692e+00
3.759448524672243330e+00
3.759435054948290222e+00
3.759421552471528649e+00
3.759408388278908220e+00
3.592824393570693164e+00
3.759860145373239426e+00
3.759371235283648360e+00
3.759359284616175856e+00
3.759346605206895120e+00
3.759333675198482272e+00
3.759320485990562677e+00
3.759307219662684219e+00
3.592717051033653242e+00
3.759282313830600408e+00
3.759270245417712708e+00
3.759257778206399614e+00
3.759245378099742574e+00
3.759232870401704840e+00
3.762586949236796485e+00
3.762566803682611205e+00
3.762558356945479243e+00
3.593106449275469849e+00
3.759647660490365695e+00
3.759179415052780637e+00
3.759168450866173572e+00
3.759140213585749457e+00
3.759135548283445871e+00
3.759125965378507850e+00
3.759101133516395077e+00
3.759093444931344230e+00
3.759084686373714401e+00
3.592481271245977048e+00
3.759054373876940858e+00
3.759045681288364804e+00
3.759027657274090384e+00
3.759018158269712195e+00
3.759007328406672954e+00
3.758990670110844867e+00
3.758978809631683404e+00
3.758968100783871780e+00
3.758952752991699064e+00
3.592358988563338684e+00
3.758931430578349442e+00
3.762288615922504853e+00
3.762266252526267785e+00
3.758934590269185083e+00
3.758891681359978421e+00
3.758880920813209237e+00
3.762275847588157696e+00
3.762215986686885838e+00
3.596108359198823212e+00
3.759376793084362234e+00
3.758824144001156498e+00
3.758838632724766260e+00
3.758845672574720354e+00
3.758788768910048539e+00
3.758789821584917590e+00
3.758795872618348355e+00
3.758749190574364185e+00
3.758747332505861571e+00
3.758748345332440621e+00
3.592122182650262729e+00
3.758707124371283292e+00
3.758706040939184589e+00
3.758680214412790654e+00
3.758670438420772086e+00
3.758666797683360983e+00
3.758642670432077448e+00
3.758631981334830563e+00
3.758627037455569031e+00
3.758605708278954793e+00
3.758596260468502592e+00
3.591996806260902453e+00
3.761944773711022094e+00
3.761921436940014907e+00
3.758598788875608498e+00
3.758550151313766463e+00
3.758539729274080976e+00
3.761943550912368206e+00
3.761874590636481219e+00
3.762361396658675083e+00
3.759049674976957967e+00
3.758479999362223989e+00
3.591904200875226216e+00
3.758511238496168971e+00
3.758447457280278847e+00
3.758457621814316418e+00
3.758461922477664530e+00
3.758411289780068554e+00
3.758414883762646319e+00
3.758415100957820165e+00
3.758376566210900549e+00
3.758374009167727348e+00
3.758372031769608768e+00
3.591739400483568545e+00
3.758336878805590420e+00
3.758334327244890360e+00
3.758308159800181514e+00
3.758303246423205124e+00
3.758296560492156768e+00
3.758274167188439652e+00
3.758267835276696722e+00
3.761639900957138849e+00
3.761601663306187504e+00
3.761604665574107553e+00
3.761596574381448121e+00
3.594964828287003922e+00
3.761567200232216024e+00
3.758192460238195753e+00
3.758179141173267901e+00
3.758169002072070164e+00
3.758641555366492693e+00
3.758145075962985970e+00
3.758134883920071445e+00
3.758123650314636688e+00
3.758113019383866327e+00
3.758101474131611663e+00
3.758090624410935554e+00
3.591471316699402117e+00
3.758068790241089641e+00
3.758059987139064084e+00
3.758049167895481268e+00
3.758039626726602300e+00
3.758028910695676572e+00
3.758017001288075587e+00
3.758006062470518494e+00
3.761365799069380067e+00
3.761345963514806545e+00
3.761341505719439038e+00
3.761819265061130402e+00
3.757960561530290455e+00
3.591337692959930994e+00
3.757952348024913292e+00
3.757930036415233932e+00
3.757920569650199383e+00
3.757917171207653340e+00
3.757896470518840459e+00
3.757886977218501290e+00
3.757881820936193940e+00
3.759451650573080173e+00
3.761216062606604460e+00
3.761206487882496674e+00
3.761200727421639467e+00
3.761181145308589269e+00
3.594559106526256986e+00
3.761167389163054153e+00
3.761640045000913091e+00
3.761145139753226285e+00
3.757795766631315537e+00
3.757765294379454168e+00
3.757766825707124170e+00
3.757755021980947685e+00
3.757733073263700874e+00
3.757731224105828716e+00
3.757720326186273496e+00
3.757701132186836102e+00
3.757696778638346835e+00
3.757685779610579146e+00
3.591048935484755233e+00
3.757665245746918625e+00
3.757655475499947606e+00
3.757642057505031552e+00
3.757635669617738206e+00
3.760998017640886371e+00
3.760970265217527420e+00
3.760974377598374829e+00
3.758120050545683988e+00
3.757581134597071326e+00
3.757604977880293795e+00
3.757582686430836816e+00
3.757553691499793125e+00
3.757564316455645148e+00
3.757544198836609617e+00
3.594271712163140453e+00
3.760889162062264202e+00
3.760866469616230390e+00
3.757527155439223776e+00
3.757500386784750734e+00
3.757480956176334708e+00
3.757486038171567344e+00
3.757464202282918109e+00
3.757446469572813363e+00
3.757451280518965930e+00
3.759031097124910570e+00
3.760795100000017488e+00
3.760779982382146613e+00
3.761253149247595573e+00
3.760757972670164317e+00
3.594115009803202199e+00
3.760727758590043823e+00
3.760729588500471898e+00
3.760714406207814164e+00
3.757354588430279918e+00
3.757339455694856056e+00
3.757321080727385798e+00
3.757318710389941696e+00
3.757306320859885140e+00
3.757290756677984067e+00
3.757287776736088603e+00
3.760632823257453516e+00
3.757265250239609777e+00
3.757252422717010543e+00
3.757242691248106947e+00
3.760610913745024320e+00
3.593951551651163090e+00
3.757757661332696397e+00
3.757213926946183058e+00
3.757208594948342917e+00
3.757213587912035635e+00
3.757181815212047304e+00
3.757176782562315687e+00
3.757175231257493753e+00
3.757150904865951269e+00
3.757145574507481101e+00
3.757139748834391391e+00
3.757119529269673297e+00
3.757114194707543042e+00
3.760461970559838552e+00
3.760450501127575063e+00
3.760441071750603825e+00
3.593796683334364417e+00
3.760422662295803242e+00
3.760413197202487900e+00
3.757055863993397971e+00
3.757035107993394796e+00
3.757032399458339889e+00
3.757020894386185361e+00
3.759122973728096007e+00
3.756999732263958780e+00
3.756989429706731443e+00
3.756979504587055985e+00
3.760343053971491045e+00
3.760321361084979053e+00
3.760317167208380607e+00
3.760309232407060165e+00
3.760292373718883141e+00
3.760286762839120556e+00
3.760278072508775438e+00
3.593624547445529949e+00
3.756917007289198196e+00
3.756891736666783554e+00
3.756886319892232873e+00
3.756884389751525166e+00
3.756862586934790915e+00
3.756856472959158921e+00
3.756850045991477760e+00
3.756832164177791533e+00
3.756826026414190611e+00
3.756818668522635907e+00
3.757312829609716687e+00
3.756797522133236811e+00
3.756788320442876916e+00
3.756775338458230085e+00
3.760143252768195055e+00
3.760118225511917878e+00
3.593471778317448795e+00
3.756773673474103958e+00
3.756734401714114657e+00
3.756747899889603559e+00
3.756736494810515303e+00
3.756707951520944277e+00
3.756713136392579422e+00
3.756699369390295917e+00
3.760049772542861213e+00
3.760042776864092495e+00
3.760022190290252198e+00
3.760018546515017768e+00
3.760916074980294788e+00
3.759992248272124193e+00
3.759989910650049616e+00
3.756619704479128519e+00
3.758743557333309226e+00
3.756601783115965709e+00
3.759961509810053393e+00
3.759945020060755372e+00
3.593294326943849981e+00
3.756590091589592895e+00
3.756563313721316355e+00
3.757478259278975052e+00
3.756554115266177440e+00
3.756536167109163493e+00
3.756538779449363652e+00
3.759876255459948524e+00
3.759866227683208439e+00
3.759859697708606063e+00
3.759845984152585086e+00
3.759839511487483854e+00
3.759828462376580305e+00
3.759818224706571677e+00
3.756456622194285000e+00
3.756443071461174732e+00
3.756437153478748403e+00
3.756424890862864796e+00
3.756936388920841807e+00
3.756407441075988451e+00
3.589744166728721986e+00
3.756390051267666230e+00
3.757283823930166911e+00
3.756373676732204903e+00
3.756367392260261617e+00
3.756354881261959378e+00
3.756346236488203871e+00
3.756337294512566150e+00
3.756327175639185612e+00
3.756320214628085186e+00
3.756309953984857231e+00
3.756302043085805842e+00
3.759662161042642836e+00
3.759644038427770951e+00
3.759640541070076392e+00
3.759630084434662400e+00
3.760515864136648290e+00
3.759610439935511472e+00
3.759601645836815109e+00
3.759590628053592454e+00
3.759583138168621552e+00
3.590099070925259817e+00
3.756208383757310365e+00
3.756216296400415544e+00
3.756198669761269038e+00
3.757823813932831492e+00
3.756182590363300378e+00
3.756167462998025730e+00
3.756159322391565247e+00
3.757053624548894355e+00
3.756140666933727168e+00
3.756136585207784151e+00
3.759485524658356503e+00
3.759475036139576343e+00
3.759467268099283110e+00
3.759456637134442669e+00
3.759449304305976458e+00
3.759438837765571861e+00
3.759430992170959662e+00
3.759421594880370421e+00
3.759413042574876851e+00
3.759404197501355238e+00
3.759394733385946541e+00
3.593623449311479146e+00
3.756564350007757902e+00
3.756019395281367856e+00
3.756017036198325165e+00
3.756006096229223878e+00
3.755992159866519131e+00
3.755985830918219026e+00
3.755975774291645752e+00
3.755966000678691685e+00
3.756857534953566891e+00
3.755948628745156448e+00
3.755941722123516513e+00
3.755933734465914497e+00
3.755923226556364458e+00
3.755915497395698743e+00
3.755906914457107337e+00
3.755896768804355190e+00
3.755889091413467717e+00
3.755880107612422414e+00
3.755871130833147387e+00
3.755863715843461570e+00
3.759223904164995744e+00
3.592539738120032133e+00
3.759207521013066877e+00
3.759194704326107139e+00
3.760078014883020181e+00
3.759180696746208916e+00
3.755814497344434510e+00
3.756340744383681596e+00
3.755793829078504675e+00
3.755785544968845535e+00
3.755776820265258831e+00
3.755768378982378142e+00
3.757419799840506336e+00
3.756643236870627511e+00
3.759114047379573442e+00
3.759095570771881611e+00
3.759093194468928978e+00
3.759085485567031704e+00
3.759070533208201503e+00
3.759067202873342950e+00
3.759055200187681578e+00
3.759044492893136358e+00
3.759039614987108813e+00
3.759027697389922373e+00
3.759019587107423455e+00
3.759012610524391285e+00
3.593222291375157695e+00
3.755653746824016093e+00
3.756178386551707771e+00
3.755633736983934767e+00
3.755630404586121518e+00
3.755607557897507220e+00
3.755604438476708218e+00
3.755595948813250651e+00
3.755581458800549832e+00
3.756474753503256103e+00
3.755567506587109250e+00
3.755558580425409687e+00
3.755553491439576064e+00
3.755540713638187089e+00
3.755534407814213438e+00
3.755526919899159211e+00
3.755515583866094964e+00
3.755508792613011515e+00
3.755500067053525903e+00
3.755490524504635275e+00
3.758858330207003551e+00
3.758834433466206271e+00
3.758834702009287376e+00
3.759714299682610505e+00
3.758809951963625551e+00
3.758807587850161447e+00
3.758797847074313303e+00
3.592110027941622263e+00
3.758782910543434497e+00
3.758772959743559738e+00
3.755966438783724382e+00
3.756296215895913448e+00
3.755399461603347255e+00
3.755382547195758036e+00
3.755380377147457427e+00
3.755370201857592072e+00
3.755358956826547079e+00
3.757027018943420504e+00
3.755345700197394887e+00
3.755335439789216245e+00
3.755329963789742820e+00
3.755318899604370486e+00
3.758683143272193217e+00
3.758663909724354824e+00
3.758657747152305717e+00
3.759540768025031010e+00
3.759524705179771331e+00
3.758631439039729294e+00
3.758626542505979273e+00
3.758615061404177560e+00
3.758608198159794966e+00
3.758599311867921955e+00
3.758589605005173695e+00
3.758583635795583522e+00
3.759136052804233685e+00
3.591884904046166227e+00
3.755215769239384827e+00
3.755198812446140622e+00
3.755199253766959178e+00
3.755187204678172019e+00
3.755172647547488474e+00
3.755169516670035623e+00
3.755157036551264316e+00
3.755148549194412766e+00
3.756034921569693097e+00
3.755131897366302152e+00
3.755126883106293612e+00
3.755118303253443202e+00
3.755107202221719120e+00
3.755102138542367740e+00
3.755092060789229080e+00
3.755083428319401673e+00
3.755076760138750913e+00
3.755955120785769541e+00
3.755059278985806159e+00
3.758423625278779490e+00
3.758403538744825578e+00
3.758405416977871560e+00
3.758392228639205968e+00
3.758381135004402296e+00
3.758378404847066534e+00
3.758364990744337497e+00
3.758357331203140639e+00
3.758352037090632258e+00
3.759799700040157955e+00
3.591647447613960153e+00
3.754971958655619613e+00
3.754964953732387034e+00
3.754959795199606987e+00
3.754949007703872077e+00
3.756634084935868145e+00
3.754930576999379710e+00
3.755811429578537641e+00
3.754916770288177830e+00
3.754909735834650597e+00
3.754901724259676055e+00
3.754893583344345753e+00
3.758254276562296603e+00
3.758237526265962192e+00
3.758237125774779308e+00
3.758223900794905425e+00
3.758215201516734272e+00
3.758209579511849974e+00
3.759083783918242716e+00
3.758193148361954172e+00
3.758185609173553043e+00
3.758173556195049780e+00
3.758169628142451479e+00
3.758159883061988893e+00
3.758150266779850757e+00
3.754803989112875051e+00
3.755664707693923354e+00
3.754780430052775841e+00
3.754770079297049534e+00
3.755334777520720646e+00
3.754753238097097157e+00
3.754741369825501884e+00
3.588041769738034681e+00
3.754730415376234198e+00
3.754719505856606965e+00
3.754714791955531705e+00
3.754706626031669714e+00
3.755581237121845106e+00
3.754689344575673715e+00
3.754679768997046807e+00
3.754672434581202367e+00
3.754665677557117220e+00
3.754657619972592286e+00
3.754650295215640199e+00
3.758897562851500673e+00
3.757995979164204137e+00
3.758000807640218266e+00
3.757983126180346467e+00
3.757975269407952901e+00
3.757971819489664078e+00
3.757956680508256042e+00
3.757953314165863645e+00
3.757944348464258955e+00
3.757932803191299076e+00
3.757929379725625463e+00
3.755447270606211863e+00
3.756269312788121706e+00
3.754548436776837583e+00
3.757916381567572017e+00
3.757892915587170535e+00
3.757896068079184637e+00
3.758481040217454883e+00
3.757869964382816619e+00
3.757871819587714768e+00
3.757854714354690095e+00
3.754508648045347563e+00
3.755371430697222124e+00
3.755360742005492192e+00
3.587777873652566729e+00
3.754461732809060148e+00
3.754460965612858914e+00
3.754453262530760504e+00
3.754440643958002255e+00
3.754436046656123516e+00
3.754422617105105164e+00
3.754416667356145432e+00
3.754411166729727523e+00
3.754400103678810829e+00
3.754395359766007800e+00
3.754385202844471081e+00
3.757742727835999830e+00
3.757732265538489713e+00
3.757731768575338638e+00
3.757714056826384930e+00
3.758596116496781825e+00
3.758582021986891064e+00
3.757693695139470158e+00
3.754352150844958658e+00
3.754319886690993702e+00
3.757717541382612936e+00
3.757671321937728237e+00
3.754346972224126500e+00
3.754314882964881139e+00
3.754294265993305846e+00
3.757703618541881951e+00
3.757638127456265131e+00
3.754337100973797803e+00
3.754902185044993956e+00
3.754266384728295769e+00
3.048216973114779904e+00
3.014061253651114658e+00
2.861158066344692052e+00
2.855645213487992162e+00
2.855419754898488094e+00
2.854383868122279289e+00
2.842565736278316990e+00
2.846292569448360066e+00
3.610661414574502626e+00
3.602732386358271643e+00
3.601358885232495144e+00
3.604010376866156662e+00
3.601959487571223750e+00
3.597943947536959008e+00
3.601003087841148087e+00
3.599080836684488638e+00
3.595285888328730195e+00
3.597580389105648813e+00
3.764136648058363566e+00
3.761590447487536792e+00
3.762251455715600379e+00
3.762352208374671214e+00
3.761253457923165566e+00
3.761070318666705159e+00
3.761010994405836083e+00
3.760685025925710523e+00
3.759900701364428777e+00
3.759619981586498128e+00
3.760101672376538140e+00
3.759616570210875253e+00
3.759081859900167188e+00
3.759523758369482493e+00
3.759234394909259258e+00
3.758546276071004666e+00
3.758927726686116966e+00
3.758945787169528430e+00
3.758326129320105125e+00
3.758484386837595892e+00
3.758616550596711292e+00
3.758249729029918829e+00
3.758198710862802994e+00
3.758318408962589174e+00
3.758136949990743325e+00
3.757950286509578852e+00
3.758065362078677474e+00
3.758070624912266400e+00
3.757822067036979075e+00
3.757868576694514573e+00
3.757934015917050896e+00
3.757726354891125276e+00
3.757746362965310283e+00
3.757804098017312189e+00
3.757665688925212244e+00
3.757651947496676748e+00
3.757678523029508000e+00
3.757609657365041933e+00
3.757575954230591098e+00
3.757569227836531578e+00
3.757552482472326538e+00
3.757514524761628394e+00
3.757498195565294630e+00
3.757504836849701491e+00
3.757466402371677727e+00
3.757440015028315816e+00
3.757441486851051060e+00
3.757415747705975750e+00
3.757395075583755961e+00
3.757388356669792984e+00
3.757370516520321946e+00
3.757353759693893291e+00
3.757340210081390186e+00
3.757330464264457603e+00
3.757316894889935366e+00
3.757298555350134350e+00
3.757290647542942175e+00
3.757280480182703108e+00
3.758118272169264529e+00
3.758108565066195172e+00
3.757249359643321185e+00
3.757233610978215399e+00
3.757223865507763882e+00
3.757217063884559671e+00
3.757202797359109336e+00
3.757192596148952735e+00
3.757185209161872486e+00
3.758022763609848660e+00
3.757162332772561619e+00
3.757154664706794378e+00
3.757145423414489649e+00
3.757134398301334333e+00
3.757125627993450401e+00
3.757117399728080898e+00
3.757953546534334333e+00
3.757098145783762888e+00
3.753883952707907312e+00
3.753847329413145140e+00
3.753817197200922884e+00
3.753777481164397134e+00
3.753744914661436560e+00
3.754571373988640381e+00
3.753719277506761820e+00
3.753712815329458330e+00
3.754546216325064023e+00
3.753699313258328729e+00
3.753688439548187539e+00
3.753671439503228235e+00
3.753656824550668514e+00
3.754481353766504714e+00
3.753633601636952921e+00
3.753628094785600666e+00
3.753620016133806025e+00
3.754447358308556915e+00
3.753605914885732808e+00
3.753595138212582061e+00
3.753585089300244260e+00
3.753574506780310571e+00
3.753563679551174648e+00
3.754387511969141666e+00
3.753547250009984459e+00
3.753540946099527709e+00
3.753533626927210598e+00
3.753525670416688165e+00
3.753517124583634068e+00
3.753508070044100364e+00
3.753499894881267451e+00
3.754318358435017711e+00
3.753483186672090355e+00
3.753476265525286237e+00
3.753469271718307354e+00
3.753461188757591493e+00
3.753453217831153488e+00
3.756810453709424902e+00
3.757619593398712432e+00
3.756795715641788824e+00
3.756783261889658831e+00
3.756775927754411271e+00
3.756770549388648739e+00
3.757579475996239093e+00
3.756755011703384994e+00
3.756746047760612051e+00
3.756735663955325766e+00
3.753375216670394199e+00
3.754188206170465669e+00
3.753358971319526560e+00
3.753351627441959160e+00
3.753344389267980752e+00
3.753334490139305757e+00
3.753328461933315374e+00
3.753320224501396130e+00
3.754131525765699973e+00
3.753306137094174044e+00
3.753298108758942320e+00
3.753290835876790688e+00
3.753283460884080824e+00
3.753274590581364478e+00
3.754086266488038781e+00
3.756624118620290886e+00
3.756613951265191709e+00
3.756609043412966642e+00
3.756599492600272594e+00
3.756592355265961913e+00
3.756585069615764994e+00
3.757392733942312546e+00
3.753227482576746432e+00
3.754020239883873344e+00
3.753205951973421772e+00
3.753196319135211567e+00
3.753185593972623746e+00
3.753183024439625370e+00
3.753170821532200829e+00
3.756539014875334814e+00
3.753159599518479439e+00
3.753151649336757600e+00
3.756509523242113069e+00
3.756493577532132200e+00
3.757302753953476682e+00
3.753142178969055109e+00
3.753930312574114581e+00
3.756506330393386328e+00
3.756467731541881960e+00
3.753145317300523143e+00
3.753104951897660690e+00
3.756483988731018187e+00
3.756459734921407723e+00
3.753100090345887541e+00
3.753087947170602234e+00
3.753878478363673388e+00
3.757263735889560863e+00
3.753059543574881918e+00
3.753055946253801789e+00
3.753043998071992959e+00
3.756408224016509756e+00
3.753027473804382730e+00
3.753014694228219206e+00
3.753007620262586386e+00
3.756370973212213471e+00
3.756350025086786726e+00
3.753011575862800875e+00
3.752977188920358476e+00
3.757178025278421707e+00
3.756324282874986320e+00
3.753001464506288798e+00
3.752959326366231529e+00
3.757150854824523378e+00
3.756309003556220105e+00
3.756299493816850799e+00
3.752973839572825376e+00
3.756287064538961218e+00
3.757105285631253899e+00
3.752910988603382236e+00
3.752909660377182099e+00
3.752890101211147300e+00
3.756265131264949986e+00
3.752876436181248998e+00
3.752877501650712766e+00
3.752855828358090839e+00
3.753667346132941507e+00
3.752838739174075400e+00
3.752842627141801835e+00
3.752823613910164724e+00
3.756192217367776642e+00
3.756168603856716359e+00
3.752832873702955485e+00
3.756968839233040924e+00
3.756965320860162993e+00
3.756144684481092177e+00
3.756146101704164852e+00
3.756131815699263576e+00
3.756125677089871218e+00
3.756119505153972415e+00
3.753503469595575126e+00
3.752749152982378877e+00
3.752740232090066463e+00
3.752736837585858076e+00
3.752720082604472651e+00
3.752721891362441387e+00
3.753510184764670576e+00
3.753508249449722278e+00
3.753493083639792616e+00
3.752692887583041426e+00
3.752683259496171431e+00
3.752677868993187005e+00
3.752667227592234589e+00
3.752662727526170805e+00
3.756020100934502004e+00
3.756011859692304888e+00
3.756007748328174412e+00
3.755994782848228297e+00
3.755989405320662833e+00
3.755982649644763249e+00
3.755971387044483301e+00
3.755969021838295507e+00
3.755956209184988737e+00
3.755951211121776545e+00
3.756745571712505338e+00
3.753390569853494618e+00
3.752577697212399421e+00
3.752571768987290390e+00
3.752566999275805060e+00
3.752552822632427620e+00
3.752550549594976026e+00
3.752541273385165965e+00
3.752532351249755038e+00
3.753326964899650342e+00
3.752518297680511594e+00
3.752515201471542383e+00
3.752505119638451792e+00
3.755869692713955654e+00
3.755852196795999909e+00
3.755850344323094614e+00
3.756637931879503789e+00
3.756624588806348974e+00
3.755828743598975450e+00
3.755820415997580763e+00
3.755812094658981692e+00
3.755805499765291877e+00
3.755797004938483674e+00
3.755792347767281658e+00
3.752430031899965712e+00
3.752420622874939937e+00
3.752415511211950161e+00
3.752407616180214234e+00
3.753194006460141452e+00
3.753187367637263794e+00
3.752387227286837934e+00
3.752381213193923593e+00
3.752375510322180752e+00
3.752366147528134910e+00
3.752360197621762872e+00
3.752351854565504574e+00
3.755715405510841265e+00
3.755699053578339885e+00
3.755697692200656856e+00
3.756454641197714217e+00
3.756472657385327096e+00
3.755678113829289178e+00
3.752317054563693688e+00
3.753093082616619558e+00
3.752296894887974688e+00
3.752290767128261262e+00
3.752281324607332547e+00
3.752276141048628055e+00
3.756424281711630009e+00
3.755622017912145338e+00
3.752276845785258441e+00
3.752252262836396124e+00
3.755646746159897020e+00
3.755602542343874362e+00
3.755614185522068382e+00
3.752266124134546743e+00
3.756402216071174749e+00
3.756397604016148861e+00
3.755572864942125832e+00
3.752272180119206269e+00
3.755565796414308988e+00
3.755578115261422489e+00
3.755555828826959264e+00
3.752211104664938457e+00
3.752193941305469682e+00
3.752171361922232329e+00
3.752186508079100591e+00
3.752151121826448055e+00
3.752158017552369440e+00
3.752933734488542949e+00
3.752916548411592057e+00
3.752134918639861816e+00
3.752113962985029971e+00
3.755476496054264146e+00
3.755467855601304805e+00
3.755461289440317429e+00
3.755448402810651842e+00
3.755450416714341877e+00
3.755430557465509356e+00
3.755434131073423387e+00
3.756203970757760580e+00
3.756198879880634056e+00
3.755406320729321124e+00
3.752057101250759530e+00
3.752035755683568397e+00
3.752037078410147775e+00
3.752024101077906515e+00
3.752018385942305745e+00
3.752010140499785429e+00
3.752788970941844937e+00
3.751995625279315405e+00
3.751989181157790565e+00
3.751981124926636824e+00
3.755341831803262309e+00
3.755328650293535020e+00
3.755326712396052091e+00
3.756096154158395706e+00
3.756089398005862723e+00
3.755302157506997585e+00
3.755298461721275238e+00
3.004783788944987322e+00
2.997324235538836312e+00
2.999752358416867271e+00
2.997435299729469094e+00
2.997212239570384185e+00
3.593127600278770650e+00
3.592454100362037384e+00
3.592531626147856372e+00
3.591743509513068311e+00
3.591112152973051863e+00
3.588457646252120270e+00
3.755040993702357888e+00
3.753859944287762040e+00
3.754198153749688238e+00
3.753582284632501320e+00
3.753131466041048192e+00
3.753749155087970024e+00
3.753403853476265262e+00
3.753262569382558311e+00
3.753207982058355263e+00
3.752983196041185465e+00
3.752872871394360210e+00
3.752775092779789379e+00
3.752753328240139741e+00
3.752567060482695283e+00
3.752529001882479065e+00
3.753368440503122905e+00
3.753173419626090634e+00
3.753128239740131988e+00
3.752358551190427605e+00
3.752208673681779239e+00
3.752198260221983439e+00
3.752213823984209551e+00
3.752121922727934322e+00
3.755488822547114580e+00
3.755480160956651048e+00
3.755415749736585873e+00
3.755382558792488723e+00
3.755372365525848188e+00
3.755319471148272470e+00
3.755303233533096474e+00
3.755335987570252776e+00
3.755279096001490124e+00
3.755249281771888992e+00
3.756026750816865434e+00
3.755198513751873080e+00
3.755978142013450594e+00
3.755968658649369907e+00
3.755172526626542773e+00
3.755171884171167207e+00
3.755155373495401960e+00
3.755134742949992166e+00
3.755881464365427913e+00
3.755877628450149164e+00
3.755102854395213186e+00
3.755090937809006046e+00
3.755086820575881834e+00
3.755065076417460013e+00
3.755058169900796994e+00
3.755048461540678950e+00
3.755033689053924206e+00
3.751687259887269921e+00
3.751673990242469170e+00
3.751666459342359872e+00
3.751648000073306122e+00
3.752402210522061132e+00
3.752392731881741383e+00
3.751620107453773834e+00
3.751618410516076807e+00
3.751607951535894436e+00
3.751597048687870473e+00
3.751590512086973916e+00
3.752338383587276116e+00
3.752330301461814788e+00
3.751564451470141393e+00
3.751558448091798503e+00
3.751550353822397099e+00
3.751542794849516582e+00
3.751535210038383195e+00
3.754894609991338950e+00
3.754881505850454548e+00
3.754880705735794244e+00
3.755618644538638140e+00
3.755614759280614834e+00
3.754851668077061611e+00
3.754845786447449818e+00
3.754838214252968598e+00
3.754829283011585694e+00
3.754823666293242823e+00
3.751462302323035125e+00
3.752200236462549299e+00
3.752194721612616135e+00
3.751439008834813293e+00
3.751431717230176766e+00
3.751423691643428704e+00
3.751417469217654066e+00
3.751409861772539323e+00
3.751401679942760303e+00
3.751393858295644534e+00
3.754754382089598330e+00
3.754741672921023898e+00
3.755483389162835639e+00
3.755470228715708458e+00
3.754721546762969986e+00
3.754716784864293722e+00
3.754709517714462930e+00
3.754701048936502250e+00
3.751344999268133584e+00
3.752073121601309236e+00
3.751330703970606528e+00
3.751314441678076150e+00
3.751314290072220281e+00
3.751301100805589872e+00
3.752036779727758731e+00
3.752028739905255428e+00
3.751282549881530315e+00
3.754639020322014353e+00
3.754631029350973037e+00
3.754622724364768516e+00
3.754615248597019228e+00
3.754609308392883538e+00
3.754601161809704379e+00
3.754594312693575020e+00
3.754586430931301955e+00
3.755315397827137858e+00
3.751223687151616915e+00
3.751945817042964926e+00
3.751208507149569993e+00
3.751197698072719966e+00
3.751191601581850055e+00
3.751183057960209233e+00
3.751911819694988104e+00
3.751903816099304123e+00
3.751163862170508789e+00
3.751158389270166538e+00
3.754519684141298885e+00
3.754505821682510458e+00
3.754504150461934309e+00
3.754493749493343469e+00
3.754486003069843036e+00
3.754479428764900373e+00
3.754470964765218355e+00
3.754465358744417891e+00
3.755187575273374101e+00
3.755180402939784834e+00
3.751094540698317381e+00
3.751082693977116023e+00
3.751080398724285558e+00
3.751068972341903507e+00
3.751061314895225873e+00
3.751784438566423852e+00
3.751777301380049945e+00
3.751040910874309020e+00
3.751035318885623582e+00
3.751029467157834585e+00
3.754389451259656951e+00
3.754376584755765744e+00
3.754375827750473071e+00
3.754363302150641957e+00
3.754357351586635083e+00
3.754349876691560617e+00
3.754342768000622499e+00
3.755063519318093235e+00
3.755054454165492217e+00
3.755046544155705046e+00
3.750970146867831811e+00
3.750958019086666706e+00
3.750955806805406745e+00
3.750943005055212609e+00
3.750935873028211631e+00
3.750930931466680107e+00
3.750923113291515065e+00
3.750916219229156745e+00
3.750907203790912359e+00
3.754266669238247367e+00
3.754256186344306023e+00
3.754975174468811794e+00
3.754965428579717823e+00
3.754956884411840168e+00
3.754230642243605587e+00
3.754227316835349271e+00
3.754216651133301053e+00
3.754210795955450930e+00
3.754205149289789212e+00
3.750851711492394269e+00
3.751726236975509110e+00
3.750838060783955985e+00
3.750824294208905840e+00
3.750815327085821771e+00
3.751529944671849748e+00
3.751520676694605871e+00
3.751512991646923645e+00
3.750790658650178244e+00
3.750786256798743779e+00
3.750776668619047349e+00
3.750769890859791733e+00
3.750764861881976664e+00
3.754124227883051557e+00
3.754115303617232335e+00
3.754111669612290036e+00
3.754097309063491927e+00
3.754097121869108378e+00
3.754082876908082955e+00
3.754795334621863212e+00
3.754787086046226019e+00
3.754775729713246246e+00
3.754061416719927990e+00
3.754052953120154967e+00
3.754046472603569384e+00
3.754038700725260025e+00
3.754032343214027456e+00
3.756065490360752435e+00
3.754018810761973413e+00
3.754013220928448469e+00
3.754006550493737215e+00
3.753999226730452499e+00
3.753992938914238575e+00
3.754696461309327216e+00
3.753980016304199196e+00
3.754682767080812944e+00
3.753966043089496996e+00
3.753960292457079184e+00
3.753952427989725393e+00
3.753945968462856442e+00
3.753939176557898882e+00
3.754645345465638329e+00
3.753925995977944297e+00
3.750617571089819968e+00
3.751307008511215457e+00
3.750586582343983899e+00
3.750566609759481196e+00
3.750556235816509876e+00
3.750549019589977107e+00
3.750543030326248584e+00
3.751248340437316031e+00
3.750531094768119189e+00
3.750524045073541757e+00
3.751218395237436276e+00
3.750504696827106965e+00
3.750496992256703521e+00
3.751196057353683777e+00
3.750486137221043847e+00
3.750479233785303013e+00
3.750474002524289308e+00
3.750465711937454039e+00
3.751164390282136551e+00
3.751155295540073098e+00
3.753811279863425554e+00
3.753801024809243714e+00
3.753799214463639622e+00
3.753788984638652515e+00
3.753783745206321854e+00
3.753776534355497407e+00
3.753769171262846704e+00
3.753763656167245166e+00
3.753754191363465331e+00
3.754450368874301613e+00
3.754438770299048489e+00
3.753738427516748466e+00
3.753731685749558178e+00
3.753725280746723847e+00
3.753717245568185756e+00
3.753709055628923430e+00
3.750366089821203452e+00
3.751050002283525586e+00
3.751049864211753793e+00
3.750331231222368888e+00
3.750331202651149720e+00
3.750319235385548566e+00
3.750316284925097499e+00
3.750308651947566130e+00
3.750299280476349750e+00
3.750295368995938627e+00
3.750284378850389011e+00
3.754358744800002867e+00
3.754328852853659804e+00
3.753648176569791772e+00
3.753623194407845087e+00
3.753628856268196756e+00
3.753614881243848345e+00
3.753604650456940028e+00
3.753603559118460886e+00
3.754283829608151990e+00
3.754284225025322108e+00
3.753573691468186979e+00
3.753573472273614708e+00
3.753563037950545578e+00
3.753558402908709457e+00
3.750202016632890878e+00
3.750884758451508816e+00
3.750185673318360724e+00
3.750179175785142149e+00
3.750170570290198402e+00
3.750163709442422721e+00
3.750156564537909798e+00
3.750842189883376143e+00
3.750143618688490221e+00
3.750824903373881192e+00
3.750132573013906789e+00
3.753494284654266266e+00
3.753480710722530311e+00
3.753481395929622710e+00
3.753466821653021590e+00
3.754156478684111065e+00
3.754141099565591499e+00
2.998685288407533456e+00
2.993838322737855329e+00
2.997253237540341786e+00
2.995573921528817074e+00
3.757854623184909038e+00
3.755992346487967204e+00
3.756218812865243617e+00
3.756550874714847055e+00
3.588630187152432427e+00
3.588588968434777815e+00
3.756201598245700879e+00
3.754896742379524088e+00
3.755402653745428143e+00
3.754920273228291805e+00
3.754352149383292314e+00
3.754974378566060533e+00
3.754555594650983874e+00
3.754487463872447250e+00
3.754516224631358590e+00
3.754268736067583490e+00
3.754133474584519181e+00
3.754179873647179200e+00
3.754001480373753363e+00
3.754574811862137373e+00
3.754697924023631117e+00
3.754509108747551949e+00
3.754477659088965247e+00
3.754504327185617996e+00
3.753664034690121554e+00
3.753680812704946135e+00
3.753677106347326209e+00
3.753580815968733386e+00
3.753602851724857636e+00
3.753585848527165147e+00
3.753489380474344550e+00
3.753513757238297721e+00
3.753481639948092141e+00
3.753424707412829076e+00
3.753489308250019363e+00
3.753416376168932089e+00
3.753395836336620661e+00
3.753395039754688245e+00
3.753345995844354022e+00
3.753360764269814354e+00
3.753342565494785177e+00
3.753317111067453027e+00
3.753314188345721725e+00
3.753980645897178281e+00
3.753952888311912872e+00
3.753958448758184296e+00
3.753936646242494124e+00
3.753924189201192529e+00
3.753251501852846062e+00
3.753229337099793117e+00
3.753228461914557279e+00
3.750053634677176007e+00
3.750011681909231509e+00
3.749970114442924718e+00
3.749921478898211369e+00
3.749886737962080829e+00
3.749872451711309118e+00
3.749867665237146763e+00
3.750525613155567761e+00
3.750515148288167122e+00
3.750494528610699874e+00
3.749818235353668872e+00
3.749802242675078112e+00
3.750451442835160076e+00
3.750445809164479449e+00
3.749783739616940892e+00
3.749777983957990557e+00
3.749768005701379359e+00
3.749756505727390277e+00
3.749742850850793729e+00
3.750387421482039407e+00
3.750379630831649269e+00
3.749715628203045714e+00
3.749712474601194057e+00
3.749706263609854595e+00
3.749696867062347394e+00
3.749689123880941999e+00
3.749679733483656463e+00
3.749671243387044939e+00
3.750316054133160826e+00
3.753022854372180639e+00
3.753013499738236725e+00
3.753010970720211059e+00
3.753642875559426439e+00
3.753639473993924280e+00
3.752982885619586373e+00
3.752978562979287780e+00
3.752968832965612567e+00
3.752962589046457964e+00
3.752955026396618710e+00
3.760578962941832692e+00
3.752943490126714909e+00
3.752941082557640140e+00
3.753578728234164164e+00
3.752927947415833021e+00
3.752921186310266499e+00
3.752912328107234075e+00
3.753549526826668981e+00
3.752897526578120146e+00
3.752890976693517011e+00
3.752883361423053898e+00
3.753518294622680607e+00
3.752870049563181709e+00
3.752863587544853274e+00
3.752856397051907322e+00
3.753489062552239464e+00
3.752842888991732906e+00
3.752837265649089371e+00
3.749548687287656001e+00
3.750166406207365632e+00
3.749510613207824861e+00
3.749485540152290408e+00
3.749474197126955843e+00
3.750099897888758527e+00
3.749460126231713097e+00
3.750089785921513652e+00
3.749449805270295144e+00
3.749437945607542844e+00
3.750061761785574710e+00
3.749418603085623580e+00
3.749410735314546272e+00
3.750037360884951987e+00
3.749399584787749706e+00
3.749394412462912385e+00
3.750018929635287712e+00
3.749380396656551095e+00
3.749371461670703454e+00
3.749362812718357141e+00
3.749987996394849699e+00
3.752715996073559879e+00
3.752711954898260593e+00
3.752704785286041123e+00
3.753324066244834167e+00
3.752690352127704632e+00
3.752681144354528264e+00
3.752677081743956755e+00
3.752665709105840186e+00
3.753289247164951270e+00
3.753277317409904335e+00
3.752651378480196698e+00
3.752642361094360002e+00
3.752636744385505096e+00
3.752628477651271055e+00
3.752621248949433497e+00
3.752614803721745051e+00
3.753234389964953177e+00
3.753227173781551240e+00
3.749259921258632389e+00
3.749243785629216230e+00
3.749240997310407941e+00
3.749226798975807462e+00
3.749222126288882517e+00
3.749836892148923795e+00
3.749830115714168244e+00
3.749201787552909337e+00
3.749195183531822018e+00
3.749187029808286553e+00
3.749179980354218067e+00
3.749174184832762879e+00
3.753157089099488974e+00
3.752529584348997638e+00
3.752524359188644798e+00
3.753132522895179513e+00
3.760190503293511455e+00
3.752500130738898321e+00
3.752505452106857042e+00
3.752492126117934479e+00
3.752486813051892689e+00
3.752475248673311725e+00
3.753087507033818326e+00
3.753080012118012121e+00
3.752455448970889673e+00
3.752451897820074045e+00
3.749103083136473114e+00
3.749089549352414341e+00
3.749084994580257124e+00
3.749073522556768623e+00
3.749682100495798753e+00
3.749673818413135962e+00
3.749051221373228771e+00
3.749046297290679064e+00
3.749040082699798937e+00
3.749034504540023960e+00
3.752390796569532228e+00
3.752379737335114207e+00
3.752990250416542661e+00
3.752980084041617204e+00
3.752973244035459288e+00
3.752355808529424408e+00
3.752349689963841328e+00
3.752343525254934420e+00
3.752336455857306241e+00
3.752327468832377999e+00
3.748971440633904084e+00
3.749572679145941834e+00
3.749569100633040719e+00
3.748945411895687752e+00
3.748945047598402081e+00
3.748935377344902342e+00
3.748930609223576127e+00
3.748920484446484291e+00
3.752885097215827415e+00
3.752278099528209232e+00
3.752267791007136921e+00
3.752867366862953080e+00
3.752855415229779723e+00
3.752250542889305596e+00
3.752243917763312453e+00
3.752233983797770733e+00
3.752229673450256708e+00
3.752219543722694173e+00
3.752215900367311008e+00
3.752810426345075445e+00
3.752803791947405099e+00
3.748850490836166394e+00
3.748839296942335420e+00
3.748835486642592585e+00
3.748822934100885185e+00
3.748816530058078911e+00
3.749412184179330421e+00
3.749405474252918591e+00
3.748796819918711609e+00
3.748790933275632842e+00
3.748784070553532466e+00
3.752147520467460140e+00
3.752133298603711253e+00
3.752731343814647680e+00
3.752715760290704416e+00
3.752118363534163503e+00
3.752109397395990698e+00
3.752102802328251663e+00
3.752094184463662163e+00
3.759836121635251605e+00
3.752681929296347807e+00
3.752084367570595269e+00
3.752082974587354069e+00
3.752071231058420331e+00
3.752064532609760583e+00
3.752056750533306229e+00
3.752644542423565710e+00
3.752041135106455982e+00
3.752037016121296364e+00
3.748692427312564135e+00
3.749274851015234944e+00
3.749265534375082254e+00
3.748662386024872895e+00
3.748654457206331614e+00
3.748647355018094984e+00
3.748640858179155266e+00
3.748633690023174925e+00
3.748627731742967040e+00
3.749210589312083286e+00
3.749202821372590311e+00
3.752561070803724697e+00
3.751973185565507407e+00
3.751965872098388388e+00
3.751955127212140972e+00
3.751951592829484650e+00
3.751938784725112441e+00
3.751937480817157500e+00
3.752512598187713877e+00
3.752507888135574010e+00
3.752494670145851696e+00
3.751913626549691294e+00
3.751903230706091108e+00
3.751899149950989276e+00
3.751887840159191967e+00
3.748548048906592101e+00
3.748528037652191003e+00
3.748532879275539909e+00
3.748510931159910520e+00
3.749092711226446717e+00
3.749078285793835619e+00
3.749075334698687367e+00
3.748489824306925122e+00
3.748484029717140675e+00
3.751837127547786643e+00
3.751829090021028712e+00
3.751825257226727217e+00
3.751816874388668843e+00
3.751808702201490320e+00
3.752382702110957702e+00
3.752373942832867293e+00
3.752365990503739646e+00
3.751788999213578002e+00
3.751778936215116822e+00
3.751770856188000547e+00
3.751764426679900843e+00
3.751757705252037667e+00
3.748981911637289777e+00
3.748971670081682195e+00
3.748387931694674435e+00
3.748382303674275384e+00
3.748375635034994602e+00
3.748367205247622902e+00
3.748361676802476783e+00
2.992354364496461638e+00
2.999210758800691767e+00
2.995122922853226566e+00
2.993911496043905718e+00
3.755120271510863361e+00
3.754271759878133885e+00
3.754786386958427258e+00
3.587431121379561993e+00
3.586621731995101925e+00
3.754652022608065742e+00
3.753335283860002036e+00
3.753803357306822797e+00
3.753162935681415568e+00
3.752836138735686333e+00
3.753215591733122025e+00
3.752809260126713120e+00
3.752935605103712824e+00
3.752820523676177800e+00
3.752538404813194894e+00
3.753084347249025399e+00
3.753026231860515427e+00
3.752807154500031217e+00
3.752925191510721792e+00
3.752747858289071647e+00
3.752740976381393700e+00
3.759911502701953623e+00
3.759163524768906139e+00
3.752072814530498235e+00
3.752031298874872967e+00
3.751951296370757305e+00
3.751974552171469135e+00
3.751888034210294709e+00
3.751849073045728566e+00
3.751856597511447511e+00
3.751757904776894748e+00
3.751837196126091900e+00
3.751762963459219336e+00
3.751746187614204864e+00
3.751730681571181947e+00
3.751686166371870357e+00
3.751690620755181449e+00
3.751664914072425194e+00
3.752182614433581698e+00
3.752206105949435155e+00
3.752165257863087522e+00
3.752168108991146500e+00
3.752146240946291122e+00
3.752125139325282355e+00
3.752124671206066964e+00
3.751552748570369467e+00
3.751548700176695395e+00
3.751535492911753700e+00
3.751523621150922416e+00
3.751516141734739573e+00
3.751506608417415123e+00
3.751495924239490076e+00
3.751489613524409794e+00
3.751477390595871597e+00
3.751469992135460174e+00
3.751457075029597021e+00
3.751998503055199663e+00
3.751988611148766140e+00
3.751981377008091201e+00
3.751427384751280236e+00
3.751421436702738976e+00
3.751412220950743226e+00
3.748301879315590668e+00
3.748791161924578841e+00
3.748729818929365187e+00
3.748129157644036979e+00
3.748103552263314597e+00
3.748089514976352454e+00
3.748630158927285017e+00
3.748618413305299768e+00
3.748602996852168801e+00
3.748577610458607712e+00
3.748029423559293249e+00
3.748014170892568941e+00
3.748008645353908541e+00
3.748542055300245313e+00
3.748536777332352798e+00
3.748523792522103548e+00
3.747984439504431720e+00
3.747967866571939588e+00
3.747955475350070120e+00
3.747948343702351526e+00
3.748472310581639100e+00
3.747938999023034956e+00
3.747931626352753565e+00
3.747923597228410841e+00
3.748435120126656805e+00
3.747903256946003125e+00
3.747896071172738264e+00
3.751261412670714002e+00
3.751245998322263908e+00
3.751767102310944679e+00
3.751750434811961021e+00
3.751749642899420145e+00
3.751214655832513678e+00
3.751213629457655685e+00
3.751200320428572876e+00
3.751197343581788246e+00
3.751706870409370342e+00
3.751184213385200916e+00
3.751693123429551413e+00
3.751167808883004717e+00
3.751158779203835003e+00
3.751153816074872971e+00
3.751664980545856842e+00
3.751657278753466329e+00
3.751133058079336280e+00
3.751127353258256303e+00
3.751118999200852677e+00
3.751112444659797873e+00
3.751625494790766790e+00
3.751616210812816821e+00
3.751094731325520293e+00
3.751089293989115170e+00
3.751082142909746064e+00
3.751073950575742444e+00
3.751068625338102258e+00
3.751579282992728359e+00
3.751570683735442557e+00
3.751049723915054201e+00
3.751043994158421491e+00
3.751035955327650662e+00
3.751544241291174586e+00
3.748313119505960689e+00
3.747765690188516796e+00
3.747738299156678110e+00
3.747700737694116491e+00
3.747687092905785278e+00
3.747676277108441312e+00
3.748190489460331065e+00
3.748179832271772760e+00
3.748170061972849521e+00
3.748154335162733997e+00
3.748144220896165280e+00
3.747627165963150375e+00
3.747622077173443422e+00
3.747616922765348857e+00
3.747612768915696613e+00
3.748113158943558787e+00
3.748102599591885742e+00
3.747585017221711112e+00
3.747576977075424587e+00
3.748075300849484037e+00
3.747567903608835849e+00
3.747560383589330080e+00
3.750926936095159370e+00
3.750909724578135762e+00
3.750910210214363882e+00
3.751395545096113171e+00
3.751393391626600682e+00
3.750880125263020837e+00
3.758258096556154726e+00
3.750874012911987521e+00
3.751372085035293846e+00
3.751362841451717944e+00
3.751358267357933318e+00
3.750847595271931123e+00
3.750844359546514184e+00
3.750831464243749913e+00
3.750828908988424359e+00
3.750818676126788986e+00
3.751314959563783358e+00
3.750805955224667976e+00
3.750801522688564482e+00
3.751288871855829488e+00
3.751281516261023796e+00
3.750778797140386978e+00
3.750774536980057583e+00
3.750767419026253879e+00
3.750760908721391118e+00
3.751247385702821902e+00
3.750748689801375768e+00
3.751234040201540942e+00
3.750734772682901230e+00
3.750727818044141237e+00
3.751213593047231676e+00
3.750715970461809157e+00
3.751200815560493673e+00
3.750703728126822512e+00
3.750697305782379587e+00
3.747441568509210175e+00
3.747912329732890679e+00
3.747390846134476927e+00
3.747361681984990867e+00
3.747346240987131871e+00
3.747828922206377200e+00
3.747823392209173932e+00
3.747818720875736531e+00
3.747807218727055911e+00
3.747310697462124640e+00
3.747299899034620019e+00
3.747290162252562062e+00
3.747772720151783865e+00
3.747767219314584786e+00
3.747760877698241178e+00
3.747268205712936950e+00
3.747259594641390912e+00
3.747250020112070423e+00
3.747243264565680576e+00
3.747720188489052529e+00
3.751078357694552778e+00
3.750594280063978658e+00
3.750585818577120811e+00
3.750578476965419128e+00
3.750570688805431985e+00
3.750564562945073899e+00
3.750554534312634747e+00
3.751029208308164886e+00
3.751021723019094090e+00
3.751014627636952703e+00
3.750531191170181522e+00
3.751001052178572603e+00
3.750517839693678024e+00
3.750510397494561943e+00
3.750502469300708963e+00
3.750497189580594082e+00
3.750969521949975238e+00
3.750483998015371689e+00
3.750953603238217138e+00
3.750471492753758795e+00
3.750465589077713879e+00
3.750458460180428055e+00
3.750926908643394952e+00
3.750920753396542295e+00
3.750439200721875643e+00
3.750432842470159400e+00
3.757910602519117127e+00
3.750901431769813499e+00
3.750426406219056652e+00
3.750420946957910395e+00
3.750882629380336120e+00
3.750874906064275649e+00
3.750398324523968263e+00
3.750391172522973271e+00
3.747116107086243986e+00
3.747569580863020722e+00
3.747071719092872399e+00
3.747522036300258375e+00
3.747038204584794308e+00
3.747498853452849055e+00
3.747021886970215210e+00
3.747016695881326243e+00
3.747472281020545193e+00
3.747461803881722009e+00
3.747452241682665441e+00
3.746984531560741516e+00
3.746976429461311042e+00
3.747436323242792966e+00
3.746963934683043007e+00
3.747421261605679899e+00
3.747410600001360947e+00
3.746941181115106545e+00
3.750307587016346034e+00
3.750299662273591572e+00
3.750294355855387618e+00
3.750287771065935694e+00
3.750741009843597595e+00
3.750272507609151873e+00
3.750719808161099955e+00
3.750711646388606990e+00
3.750250909171787495e+00
3.750245604931240262e+00
3.750237874276153960e+00
3.750229905379257822e+00
3.750679868916157567e+00
3.750673814094529490e+00
3.750665778457934252e+00
3.750203577268642618e+00
3.750198739134758874e+00
3.750190857168462344e+00
3.750183772230062385e+00
3.750176338969599676e+00
3.750628895410504704e+00
3.750621101976546967e+00
3.750158908626559651e+00
3.750152569592359875e+00
3.750147121535448491e+00
3.750593764161817667e+00
3.750587055099922740e+00
3.750127289679920928e+00
3.750122994814061528e+00
3.750114257708927923e+00
3.747278610100198470e+00
3.747257221157432205e+00
3.746787373391531784e+00
3.746765752711922914e+00
3.746757697921283992e+00
3.747199999068441034e+00
3.747194479370937525e+00
3.747186034226907214e+00
3.746728023964187582e+00
3.746719240853806809e+00
3.747157224752246663e+00
3.746705037955852635e+00
3.747146373659133278e+00
3.747141658571223832e+00
3.747132398534112507e+00
3.750043891355645531e+00
3.750043933361592252e+00
2.992112854767893459e+00
2.997742187393706015e+00
2.989370255932548126e+00
3.754127926370201429e+00
3.752607739173614121e+00
3.752298021065936240e+00
3.752699299453846837e+00
3.751495504462125652e+00
3.752479547412137961e+00
3.751687654465788668e+00
3.751623533088108253e+00
3.751352833943162324e+00
3.751012444251335953e+00
3.751325219421347335e+00
3.751038247348864374e+00
3.751074612268173958e+00
3.750966420005562796e+00
3.751098764407757358e+00
3.751213298848067090e+00
3.750935407971989655e+00
3.751038955681695430e+00
3.750946937603638176e+00
3.750879783422322866e+00
3.750859358674804689e+00
3.750734678011807155e+00
3.750726561885191046e+00
3.750724110015705826e+00
3.750183759417160090e+00
3.750249480781924216e+00
3.757694247591007120e+00
3.750159070438380926e+00
3.750081345465821059e+00
3.750094272797751316e+00
3.750093973920102020e+00
3.750043562361749849e+00
3.750036311678353496e+00
3.749994360147498540e+00
3.749977674362571012e+00
3.749977578025878167e+00
3.749939340877954219e+00
3.750404117199999554e+00
3.750346181824082858e+00
3.750357744766298573e+00
3.750320149143458792e+00
3.750327136697118036e+00
3.750309063393459041e+00
3.750295463521112538e+00
3.750287681400622297e+00
3.750263671499430629e+00
3.749839232270885336e+00
3.749827390682079375e+00
3.749823491222088911e+00
3.749810739864897435e+00
3.749804984999252966e+00
3.749793301331853179e+00
3.749785710542243855e+00
3.749774742936201832e+00
3.750191663046854806e+00
3.750181805281813219e+00
3.750174997434629010e+00
3.750166342169249045e+00
3.749740805121161369e+00
3.749732515627485441e+00
3.746600189201219067e+00
3.746968544998011019e+00
3.746493406678060190e+00
3.746856326580176422e+00
3.746420176437345262e+00
3.746828568191502562e+00
3.746822437352419932e+00
3.746812779587132436e+00
3.746790210080216177e+00
3.746772882851014508e+00
3.746756197187841586e+00
3.746341545840491172e+00
3.746747830082588493e+00
3.746333870849922310e+00
3.746736136629166047e+00
3.746312438737168016e+00
3.746706058010602192e+00
3.746694727101800293e+00
3.746283626635938724e+00
3.746281057456021912e+00
3.746274254529092573e+00
3.746266183062196831e+00
3.746255470487904748e+00
3.746649983335663237e+00
3.750008397255738757e+00
3.749601931080160266e+00
3.749596294628481097e+00
3.749589914743962638e+00
3.749981067574763127e+00
3.749974633993500284e+00
3.749962558928156220e+00
3.749957647959111906e+00
3.749546195182309916e+00
3.749543330130191254e+00
3.749534178105546456e+00
3.749931686593984459e+00
3.749921424829946837e+00
3.749519010028883770e+00
3.749507858781623959e+00
3.749901552032012031e+00
3.749494107960565703e+00
3.749490023580857034e+00
3.749879555046772062e+00
3.749873503407291864e+00
3.749867048481373644e+00
3.749465806630946751e+00
3.749459106589165813e+00
3.749453095561744220e+00
3.749446302283053534e+00
3.757544548863800404e+00
3.749837034116819900e+00
3.749834371115796205e+00
3.749437443783220303e+00
3.749425732097609210e+00
3.749422313840275134e+00
3.749806519750480405e+00
3.749800007059507667e+00
3.749399893406908824e+00
3.749394373247938894e+00
3.749778595076064036e+00
3.749383394146208914e+00
3.749765896157688516e+00
3.749757983517495674e+00
3.749362905959855663e+00
3.749357512656183111e+00
3.749349378348612039e+00
3.749343605674294366e+00
3.749727950154626122e+00
3.749720338526215890e+00
3.746553822028376501e+00
3.746518217042461352e+00
3.746077832948117692e+00
3.746035513868796851e+00
3.746016924515603641e+00
3.746400896468396358e+00
3.746010244040140602e+00
3.746387183727090786e+00
3.746365887210688861e+00
3.746349014871964922e+00
3.746336736121424593e+00
3.746330590241285119e+00
3.746325109683666721e+00
3.746320840370198191e+00
3.746311237528112237e+00
3.746297715119599303e+00
3.745904501002495390e+00
3.745896965489337482e+00
3.745891701554153741e+00
3.745889111120550119e+00
3.745884853032501738e+00
3.745877230224244681e+00
3.749612779139884111e+00
3.749233218295317194e+00
3.749594521760871046e+00
3.749222433618771166e+00
3.749586560840937999e+00
3.749216673156094082e+00
3.749576036519295386e+00
3.749577518394962450e+00
3.749565421221250361e+00
3.749192327414034409e+00
3.749554835455231050e+00
3.749178197725041350e+00
3.749170718662943713e+00
3.749165361300470067e+00
3.749532181146909782e+00
3.749151028852212519e+00
3.749518502733512726e+00
3.749139929188355591e+00
3.749508284476478881e+00
3.749501825362061780e+00
3.749496721951825151e+00
3.749120588414831534e+00
3.749485997995486208e+00
3.749111556054103289e+00
3.749108567155929439e+00
3.749103336397735742e+00
3.749469149968034376e+00
3.749096477884022782e+00
3.749462330988753145e+00
3.749093072272385641e+00
3.749460615428009902e+00
3.749092534324007353e+00
3.749461329152585787e+00
3.749095361460172970e+00
3.749466354824721126e+00
3.749103242444458139e+00
3.749473738824420366e+00
3.749112283221923470e+00
3.749482239874138756e+00
3.749120225066636891e+00
3.749486408789116432e+00
3.749120548386565055e+00
3.746296144170556452e+00
3.756914182929184776e+00
3.746172976577830216e+00
3.745745840859703968e+00
3.745686674378433167e+00
3.746010739888864904e+00
3.745999999166528482e+00
3.746000516386343016e+00
3.746000954401575544e+00
3.745998186661077867e+00
3.745999129272748362e+00
3.746002395201196933e+00
3.746008182814576593e+00
3.746013407528721029e+00
3.745664054781206787e+00
3.746022387407357712e+00
3.745665175113685130e+00
3.746010725361254234e+00
3.745652504530875504e+00
3.745998569036184556e+00
3.749006575289272725e+00
3.745650256338100892e+00
3.748963985409356603e+00
3.749279486596557298e+00
3.748908677730080186e+00
3.748876392068135388e+00
3.748870809674845539e+00
3.749200740215440586e+00
3.749204050462664473e+00
3.749181504425438405e+00
3.749185654077180629e+00
3.749174575761942130e+00
3.748829440811403124e+00
3.748817289504299044e+00
3.749167257124581987e+00
3.748811992040180563e+00
3.749160439147717128e+00
3.748809121714923531e+00
3.749154577550762202e+00
3.748809034995746359e+00
3.749155747771909297e+00
3.748812711674588183e+00
3.749161635237413304e+00
3.748823309315204355e+00
3.749174912431337603e+00
3.748840373573109730e+00
3.749196122348933180e+00
3.748864931905116826e+00
3.749223552914444646e+00
3.748893438348535501e+00
3.749251085163849861e+00
3.748916887157184519e+00
3.749267729053308074e+00
3.748920129464476059e+00
3.749255112928747025e+00
3.748890355741373970e+00
3.749206658399081071e+00
3.748825232164104460e+00
3.749129792343864231e+00
3.748744184411985536e+00
3.749051494149697739e+00
3.749018102680808262e+00
3.748993074553920390e+00
3.748634277348585009e+00
3.748624630982538619e+00
3.748619454392798200e+00
3.748619331409192235e+00
3.748964633478795605e+00
3.748966633743112009e+00
3.745811955474126265e+00
3.745764350647490915e+00
3.745708245790194901e+00
2.986844588216622576e+00
2.985978092244109483e+00
2.983787471163380722e+00
3.749326091048685861e+00
3.748315441932558834e+00
3.751881789082047280e+00
3.748646926406178359e+00
3.747524844165313507e+00
3.748323100695131416e+00
3.754393912861978322e+00
3.747106913282866714e+00
3.746181562352909999e+00
3.746815866305176712e+00
3.746774753902579302e+00
3.750252172903467240e+00
3.746744606737093974e+00
3.749863424456213234e+00
3.749773772359247914e+00
3.749512531580525554e+00
3.749619166234672285e+00
3.749528689214562061e+00
3.749534498073619382e+00
3.749465895958252304e+00
3.749046535642889033e+00
3.748994850574287163e+00
3.748864232623516202e+00
3.748840189755342500e+00
3.748819598305315637e+00
3.748802139551326462e+00
3.748798798267399590e+00
3.748752467210981543e+00
3.748755800836877761e+00
3.748682270571904951e+00
3.748986427373206087e+00
3.748929264408465301e+00
3.748938726146832323e+00
3.748918173346180716e+00
3.748918450975674332e+00
3.748904835664387036e+00
3.748882159312433959e+00
3.748857538935944866e+00
3.748830413075403989e+00
3.748824235531602600e+00
3.748800871993474004e+00
3.748805125140969086e+00
3.748782512342446527e+00
3.748783051387065690e+00
3.748762228561553833e+00
3.748445688733394121e+00
3.748424545480207204e+00
3.748416893423589968e+00
3.748404620516473607e+00
3.748395508025871958e+00
3.748392916560019827e+00
3.748697468121879872e+00
3.756649719253603692e+00
3.748686203392110450e+00
3.748689103565712166e+00
3.748676365996566062e+00
3.748357135304353438e+00
3.748654305053908953e+00
3.748337414773689424e+00
3.748638430100442065e+00
3.748633092047672477e+00
3.748625763067520378e+00
3.748310287777976590e+00
3.748301618558496084e+00
3.748602482520832169e+00
3.748594699165973321e+00
3.748587263002370662e+00
3.748581403133099066e+00
3.748269063334412010e+00
3.748262461991189287e+00
3.748255128171745998e+00
3.748557100340555337e+00
3.748549864345321669e+00
3.748542459658168013e+00
3.748535314939219543e+00
3.748529024109902075e+00
3.748220499712629827e+00
3.748212982270020532e+00
3.748205591117918623e+00
3.748504906027556594e+00
3.748498886436321342e+00
3.748491152663981474e+00
3.748483805607279784e+00
3.748178216573893273e+00
3.748172062808639016e+00
3.748466137430498613e+00
3.748460309245414734e+00
3.748454380220721749e+00
3.748447769956760212e+00
3.748141170989859994e+00
3.748136107455861676e+00
3.748429454538968475e+00
3.748422881571493281e+00
3.748118349233397595e+00
3.745550058746193400e+00
3.745466408122602786e+00
3.745056472409490134e+00
3.744955898244977988e+00
3.745200758750970138e+00
3.745185449111718690e+00
3.745190110288082685e+00
3.745179306745629155e+00
3.745153721577395345e+00
3.745123253054400969e+00
3.745104778350977881e+00
3.745099336005837554e+00
3.745102472823851336e+00
3.745098477988544339e+00
3.745083924772651507e+00
3.745059083052141080e+00
3.745035874897405748e+00
3.745019786309941701e+00
3.745012639113836528e+00
3.745007388216169186e+00
3.744998285667476168e+00
3.744984168719066808e+00
3.744969521924115696e+00
3.744958987141917550e+00
3.744953327914626318e+00
3.748031315204968017e+00
3.748025535295484101e+00
3.748011417993302619e+00
3.748006373026218085e+00
3.747993731487904157e+00
3.747993526467130465e+00
3.748270334709944418e+00
3.748270893558863115e+00
3.748265092491652961e+00
3.748262565045803019e+00
3.748259710700084568e+00
3.748257412752202811e+00
3.748260267042569538e+00
3.748263423086752866e+00
3.748274417382444490e+00
3.748007319766192502e+00
3.748308930607292311e+00
3.748058481328446767e+00
3.748377540610791758e+00
3.748150018074346779e+00
3.748494673029980184e+00
3.748294805932026463e+00
3.748661092057817168e+00
3.748467479161819771e+00
3.748814732116112491e+00
3.748566983535045694e+00
3.748821240254827103e+00
3.748732089245389254e+00
3.748583202515457735e+00
3.748410602577357587e+00
3.748250493738852107e+00
3.748139655706433704e+00
3.748092553336463517e+00
3.747827658026573694e+00
3.747875924751557619e+00
3.748211251681826894e+00
3.747980747102842347e+00
3.748274452149640279e+00
3.756104064236625906e+00
3.748223496366528185e+00
3.747894548750850152e+00
3.748113438893721394e+00
3.748065433501176269e+00
3.748041478298215878e+00
3.748036981483069852e+00
3.748046319031846707e+00
3.748061113748697437e+00
3.748073581644824515e+00
3.748077320312340532e+00
3.747796226420271548e+00
3.747779065394471143e+00
3.747756239981206328e+00
3.747733506749287180e+00
3.747984748533523813e+00
3.747970651850308421e+00
3.747963578627128811e+00
3.747961395374780569e+00
3.747961726676346306e+00
3.747962197226695658e+00
3.744965038240149369e+00
3.744619610108842700e+00
3.744527819800640422e+00
3.744447215570346987e+00
3.744678085707447313e+00
3.744668146365228267e+00
3.744666553763502659e+00
3.744653626642825195e+00
3.744630519898731524e+00
3.744608167801216414e+00
3.744597617521547406e+00
3.744596281916306779e+00
3.744599693904761217e+00
3.744593279465953550e+00
3.744579327626833098e+00
3.744558196353986013e+00
3.744543247169150213e+00
3.744533590057974148e+00
3.744529040013467203e+00
3.744522778279387953e+00
3.744512800288974042e+00
3.744500957618733139e+00
3.744490374944042355e+00
3.747853961285055213e+00
3.747848457441002701e+00
3.747835175021910104e+00
3.747831606594270948e+00
3.747558581946777156e+00
3.747557045720884439e+00
3.747543692478358057e+00
3.747541903573854860e+00
3.747790997844503202e+00
3.747785900207892151e+00
3.747779747030078212e+00
3.747770468799094257e+00
3.747765903612084948e+00
3.747754123280881089e+00
3.747751247350393999e+00
3.747741912299888511e+00
3.747485736886977392e+00
3.747478098132239310e+00
3.747727325977042057e+00
3.747721423479597469e+00
3.747713887464018789e+00
3.747710842579824675e+00
3.747704086874334095e+00
3.747449441224613764e+00
3.747697496137463613e+00
3.747695023006638593e+00
3.747693477360622971e+00
3.747441136845488963e+00
3.747697407609855258e+00
3.747449737009822535e+00
3.747713424686371475e+00
3.747477338793782309e+00
3.747756245061335090e+00
3.747541422941175870e+00
3.747845837347119957e+00
3.747918788055387918e+00
3.748011520773979033e+00
3.747878419499316216e+00
3.748267453982403907e+00
3.748162782956198757e+00
3.748542530258013983e+00
3.748619835993219240e+00
3.748596246045071023e+00
3.748461423726229480e+00
3.748222437973575794e+00
3.747946779727750588e+00
3.747709335687170462e+00
3.747572706650611707e+00
3.747553463760925574e+00
3.747624161539304666e+00
3.747485095824461876e+00
3.747824749477770112e+00
3.747614400763801701e+00
3.747827741215927322e+00
3.747493317614843278e+00
3.747633197250038073e+00
3.747296933651002693e+00
3.747497961061790228e+00
3.747496793240649549e+00
3.747526848354056028e+00
3.747565121966703217e+00
3.755619273072909881e+00
3.747603566447897716e+00
3.747588204309194815e+00
3.747547181967775476e+00
2.987688364342869995e+00
2.987902265893141340e+00
2.986027036680169999e+00
3.750751032471984381e+00
3.751038063432449832e+00
3.750794155448778255e+00
3.749753139213105158e+00
3.749710845381853286e+00
3.748292227767199947e+00
3.749209659442112041e+00
3.748328710919442752e+00
3.749172708990268887e+00
3.748775260696826983e+00
3.748565813925267776e+00
3.748220039046044061e+00
3.747917459671253226e+00
3.748303450487799893e+00
3.748308099946732419e+00
3.748279587945539060e+00
3.748144058291639436e+00
3.747911025569284238e+00
3.747894645139329128e+00
3.747777222949119746e+00
3.747926255523781336e+00
3.747824683060952289e+00
3.747834485603201315e+00
3.747665851266499093e+00
3.747620550152127805e+00
3.747568611877793998e+00
3.755851868146828476e+00
3.747655611683099242e+00
3.747593344236427537e+00
3.747553573081257028e+00
3.747473314797536759e+00
3.747472978957074652e+00
3.747468127131203808e+00
3.747467199181494735e+00
3.747445557085891554e+00
3.747437983971765973e+00
3.747380054384220394e+00
3.747387843690337839e+00
3.747339939193343739e+00
3.747378102326521354e+00
3.747340180162668233e+00
3.747346543466531621e+00
3.747309901742046812e+00
3.747298303246698659e+00
3.747293988704888168e+00
3.747286109171298563e+00
3.747279580248742192e+00
3.747272430760320461e+00
3.747257804271172610e+00
3.747025479841347373e+00
3.747231512149635346e+00
3.747229452946874595e+00
3.744574423809429398e+00
3.744474825966162435e+00
3.744105340836025420e+00
3.743947389962902328e+00
3.743853243834930122e+00
3.744029013675061801e+00
3.744026727301196900e+00
3.744014224143197289e+00
3.743987999041059389e+00
3.743951034258457433e+00
3.743924728061597484e+00
3.743915695465780402e+00
3.743919184392401789e+00
3.743918545781427021e+00
3.743905813766297719e+00
3.743878447618835814e+00
3.743855082280339808e+00
3.743838555453319117e+00
3.743832819269271805e+00
3.743825722405220269e+00
3.743815674734920940e+00
3.743798687266655545e+00
3.743785063107042177e+00
3.743774440272776616e+00
3.743770081846137465e+00
3.743761478407459986e+00
3.747116605411517920e+00
3.747103043497186814e+00
3.747090326555120754e+00
3.747085961507788721e+00
3.747074328130029830e+00
3.747074071715725374e+00
3.747064433708700903e+00
3.747058209379249050e+00
3.747048544837823680e+00
3.747036442130549538e+00
3.747031557121714762e+00
3.747019900659317670e+00
3.747018378568538921e+00
3.747007522478443153e+00
3.747004106425436021e+00
3.746994862703494356e+00
3.746989044240415012e+00
3.746982418441464624e+00
3.746975161637294160e+00
3.746969915353336233e+00
3.746962325852349451e+00
3.746956764375203974e+00
3.746949803861876482e+00
3.746943165447832236e+00
3.746937309973722652e+00
3.746930211434766456e+00
3.746925244146977363e+00
3.746918165251813981e+00
3.746912933322387396e+00
3.746906065478150971e+00
3.746900227216062973e+00
3.746894100541499739e+00
3.746888064402799756e+00
3.746882429462731423e+00
3.746876236135294747e+00
3.746870500841309681e+00
3.746864428473305253e+00
3.746858530191479630e+00
3.746852722905534172e+00
3.746846648945618696e+00
3.746840991259192677e+00
3.746834919395774399e+00
3.746829306809353000e+00
3.746823348168214274e+00
3.746817594648258698e+00
3.746811742403263423e+00
3.746805921219281466e+00
3.746800226904033693e+00
3.746794425994647071e+00
3.746788719277392765e+00
3.746782906050825535e+00
3.746777121854940162e+00
3.746771378137679687e+00
3.746765586476932253e+00
3.746759902210460957e+00
3.746754117277710350e+00
3.746748429063601726e+00
3.743783988196393686e+00
3.743713529316174959e+00
3.743422091461575896e+00
3.743343673033354690e+00
3.743504017134290596e+00
3.743491400730987628e+00
3.743489782943381528e+00
3.743474080032768825e+00
3.743452100470718413e+00
3.743426766200210754e+00
3.743415420899948387e+00
3.743413435147852297e+00
3.743414999127958165e+00
3.743406944773416622e+00
3.743388620789788845e+00
3.743367171214856182e+00
3.743350880637993150e+00
3.743343035222538973e+00
3.743338697224685596e+00
3.743332479621889419e+00
3.743321773615173598e+00
3.743310248578691546e+00
3.743301289117246355e+00
3.746661707512308315e+00
3.746663370058327391e+00
3.746643553659612103e+00
3.746644518680056990e+00
3.755094251448433784e+00
3.746630012220600214e+00
3.746630825538910692e+00
3.746621912578591562e+00
3.746614383774385271e+00
3.746607918948852145e+00
3.746596928581083841e+00
3.746587059665929864e+00
3.746576987178407592e+00
3.746575439826719034e+00
3.746566566056727332e+00
3.746560211245881788e+00
3.746550995015898167e+00
3.746546618299859688e+00
3.746539364854370557e+00
3.746532581584766319e+00
3.746526754394210457e+00
3.746521547130687857e+00
3.746516049282401006e+00
3.746510269989218322e+00
3.746503392653220743e+00
3.746499484621291565e+00
3.746494614460775807e+00
3.746491720516098134e+00
3.746489177628297362e+00
3.746490028323186117e+00
3.746492820711988081e+00
3.746499645094939268e+00
3.746513142174878297e+00
3.746536394418455984e+00
3.746573840821267432e+00
3.746632200663793988e+00
3.746720206077475801e+00
3.746851948099138685e+00
3.747038187023552069e+00
3.747295771094085737e+00
3.747616970676407533e+00
3.747983131841144289e+00
3.748296936323860962e+00
3.748455734149075624e+00
3.748301878236950380e+00
3.747840764743204378e+00
3.747192387313245554e+00
3.746634499718149769e+00
3.746371917591400980e+00
3.746445609634244445e+00
3.746723913081573265e+00
3.746997498663913628e+00
3.747098257289057432e+00
3.746963188859407268e+00
3.746686308118211350e+00
3.746425309796031833e+00
3.746313174354011899e+00
3.746368971034055306e+00
3.746509637419463523e+00
3.746619731237043727e+00
3.746621829375783808e+00
3.746521914124802066e+00
3.746384572441814331e+00
3.746289246070688694e+00
3.746274176180830029e+00
3.746322382290176556e+00
3.746383298964758524e+00
3.746408891264461971e+00
3.746382654054741135e+00
3.746321214799387178e+00
3.746260373238953001e+00
3.746228776188473830e+00
3.746232908876018897e+00
3.746257374097659465e+00
3.746278176070492627e+00
3.746278463318682306e+00
3.746256322000147687e+00
3.746223521529522316e+00
3.746195622857209084e+00
3.746182625050278325e+00
3.746184313631209406e+00
3.746192526837697656e+00
3.746197397828251674e+00
3.746192931024326711e+00
2.984588539138693264e+00
2.985316597070238664e+00
3.748955731817853465e+00
3.748655292229249092e+00
3.748992963956732538e+00
3.748860443881348203e+00
3.747607312724350770e+00
3.748159080059778603e+00
3.747052330882630233e+00
3.747447071011942743e+00
3.747364509246271957e+00
3.744407367273209886e+00
3.747355389380342849e+00
3.752582292167406131e+00
3.743682227588620570e+00
3.743806442370225973e+00
3.743501088922064124e+00
3.743676550020257565e+00
3.743538296563203360e+00
3.743295736983867528e+00
3.743254807964873088e+00
3.743038515705134905e+00
3.743178818964853161e+00
3.743168009399152840e+00
3.743193851375786529e+00
3.743130480469349486e+00
3.743048981636129646e+00
3.742924983583490572e+00
3.742950303881753094e+00
3.742872503122641081e+00
3.742950225239205508e+00
3.742860085320164565e+00
3.742894372239115253e+00
3.742797099360391400e+00
3.742810180088693706e+00
3.746126106207475992e+00
3.746151803641982081e+00
3.746114489897577116e+00
3.746142281152991860e+00
3.746066724451213581e+00
3.746090395589037669e+00
3.746025636578228735e+00
3.746049669025175444e+00
3.746025026591501383e+00
3.746030074685411826e+00
3.746018865661922881e+00
3.746006377486168937e+00
3.745978685012550269e+00
3.745979090590969118e+00
3.745953803180951169e+00
3.745962336617764343e+00
3.745948937115644028e+00
3.745946698674877506e+00
3.745935783472106539e+00
3.745925610653109139e+00
3.745912382860588252e+00
3.745907374873868712e+00
3.745896672354385615e+00
3.745895209113914603e+00
3.745886800191832400e+00
3.745879116527524033e+00
3.745872920988908561e+00
3.745863471768460240e+00
3.745855368591271883e+00
3.745849574944906113e+00
3.745841530716922385e+00
3.745837533182369672e+00
3.745830803115720364e+00
3.745823720283565361e+00
3.745818206167440767e+00
3.745809558854922283e+00
3.745803708093208506e+00
3.745796801843759294e+00
3.745790669022499131e+00
3.745784926938746651e+00
3.745778927760542665e+00
3.745772269969382506e+00
3.745766488294516527e+00
3.745759445396718235e+00
3.745753514905902470e+00
3.745746772701701310e+00
3.745740847087178693e+00
3.745734493955584998e+00
3.745728752866701594e+00
3.745722403948645862e+00
3.745716567478465819e+00
3.745710166703523303e+00
3.745704098995664033e+00
3.745697727188110449e+00
3.745691623725719843e+00
3.745685402756669280e+00
3.745679394520108119e+00
3.745673263041954915e+00
3.745667266410297458e+00
3.745661118400951839e+00
3.745655073622333298e+00
3.745648900800304659e+00
3.745642775170400895e+00
3.745636678897541927e+00
3.745630500026422727e+00
3.745624443726585096e+00
3.745618316212385501e+00
3.745612242597880837e+00
3.745606175543882976e+00
3.745600096662778711e+00
3.745593996303339335e+00
3.745587932253424235e+00
3.745581787635710036e+00
3.745575722071843305e+00
3.745569595120027628e+00
3.745563509195692475e+00
3.745557411040892681e+00
3.745551329417197373e+00
3.742722241705221276e+00
3.742632992273810189e+00
3.742511253352986955e+00
3.742408700593912840e+00
3.742353128693996833e+00
3.742332502938149119e+00
3.742325180466183010e+00
3.742304111984629422e+00
3.742274921199109983e+00
3.742246407102490569e+00
3.742234023613199678e+00
3.742236089085849926e+00
3.742236482664832664e+00
3.742225948397969404e+00
3.742201615358357714e+00
3.742176519003853841e+00
3.742160409621162032e+00
3.750926440673918005e+00
3.742164055835602632e+00
3.742163058887552296e+00
3.742151167075389750e+00
3.742138487824243853e+00
3.742130844025918890e+00
3.745478386135574045e+00
3.745465748157248864e+00
3.745450320595628213e+00
3.745446912584346144e+00
3.745439443080361919e+00
3.745425004969497706e+00
3.745421502229190569e+00
3.745410101119379664e+00
3.745401135286531513e+00
3.745390837269830797e+00
3.745381491605705992e+00
3.745377571663611072e+00
3.745368428203176503e+00
3.745362175804497262e+00
3.745355200843557331e+00
3.745346904964035328e+00
3.745339493194374647e+00
3.745331010380609449e+00
3.745325743539789087e+00
3.745319599052129078e+00
3.745312519442783206e+00
3.745306600577933853e+00
3.745299474753889690e+00
3.745292862705064785e+00
3.745286561470964060e+00
3.745279989670006415e+00
3.745274860640575021e+00
3.745269195806113505e+00
3.745264330967303490e+00
3.745259642758569818e+00
3.745255147719019462e+00
3.745252082650290415e+00
3.745249925040939232e+00
3.745249876251927290e+00
3.745252690603616763e+00
3.745259057562111416e+00
3.745271214899761780e+00
3.745291328112539730e+00
3.745323462284904537e+00
3.745372697916088622e+00
3.745445413332600282e+00
3.745552273139870714e+00
3.745702911591755058e+00
3.745910919589192645e+00
3.746177065519800564e+00
3.746497906423837954e+00
3.746819581626763096e+00
3.747075857514650554e+00
3.747132580155700943e+00
3.746930527313719672e+00
3.746453166065184082e+00
3.745869222371477569e+00
3.745376038696600851e+00
3.745140055071170870e+00
3.745183708968828462e+00
3.745406399619859883e+00
3.745651297327469376e+00
3.745775760401131915e+00
3.745722493905591310e+00
3.745517892675704452e+00
3.745275741854202423e+00
3.745106142116936265e+00
3.745069031539811188e+00
3.745144250764402827e+00
3.745258361314323547e+00
3.745333031482668495e+00
3.745322137280161279e+00
3.745236912843457056e+00
3.745123479580826142e+00
3.745038993903897051e+00
3.745013817473896278e+00
3.745041941302381439e+00
3.745090927130647174e+00
3.745123786986360059e+00
3.745120312315563194e+00
3.745082112829083876e+00
3.745030073638110579e+00
3.744987501972604438e+00
3.744968774379138665e+00
3.744973391293128451e+00
3.744989607188508707e+00
2.983292518067878873e+00
2.984505224233271470e+00
3.748814573610892431e+00
3.747351583339889380e+00
3.748586225929853910e+00
3.748034910385387608e+00
3.747037439628926769e+00
3.746710761673928580e+00
3.747060355838435441e+00
3.745566459172120499e+00
3.747242388602726848e+00
3.746025871104812666e+00
3.746409804927925080e+00
3.746048899865686455e+00
3.745880284963477358e+00
3.745616041498240900e+00
3.754844895363069313e+00
3.745377553961765749e+00
3.745700344170378671e+00
3.745521526045950900e+00
3.745341705716089820e+00
3.745535766437097625e+00
3.745205681212754989e+00
3.745260654387570387e+00
3.745183072923492063e+00
3.745214170194743897e+00
3.745139641182114509e+00
3.745239523631444634e+00
3.744990069690510737e+00
3.745129353080222767e+00
3.744941442500922868e+00
3.745031168065462879e+00
3.744986999082936308e+00
3.744999935301470018e+00
3.744937402218520894e+00
3.744944571802588662e+00
3.744878781965469194e+00
3.744900567120670765e+00
3.744880620083142819e+00
3.744863141201339563e+00
3.744872861093977878e+00
3.744824383404606216e+00
3.744837161853761920e+00
3.744811171503046765e+00
3.744810695167400727e+00
3.744790057283089890e+00
3.744792955450297001e+00
3.744766090576904460e+00
3.744780386343651735e+00
3.744753778273195444e+00
3.744755109706799701e+00
3.744743863818830398e+00
3.744731274218980221e+00
3.744726017015357566e+00
3.744719218250834203e+00
3.744712217184381409e+00
3.744709076082519239e+00
3.744701163566355628e+00
3.744688023777168251e+00
3.744688072657945455e+00
3.744674664694070731e+00
3.744673200109582822e+00
3.744666367152984954e+00
3.742203295510373451e+00
3.742079283431085646e+00
3.741904178381985524e+00
3.741729639827435339e+00
3.741616083066114484e+00
3.741546770683489065e+00
3.741519041168221982e+00
3.741489491299313297e+00
3.741455997194723437e+00
3.741418501550334508e+00
3.741408173747453159e+00
3.741414653674572932e+00
3.741428684558778528e+00
3.741420677973365638e+00
3.741389837814180108e+00
3.741351466961867267e+00
3.741326335013129611e+00
3.741314372732883253e+00
3.741311213825186943e+00
3.741300752403667662e+00
3.741286208488586951e+00
3.741271290430629115e+00
3.741260547626702682e+00
3.741249979980698637e+00
3.744597840079663342e+00
3.744586965731541817e+00
3.744567772451975696e+00
3.744569266426298171e+00
3.744559714940918660e+00
3.744555824330564775e+00
3.744552909350452374e+00
3.744539453048909117e+00
3.744533375038876066e+00
3.744520695280403544e+00
3.744509752969871652e+00
3.744505408536405788e+00
3.744495269144526794e+00
3.744491758671592230e+00
3.744483656814443950e+00
3.744476052752077955e+00
3.744471748571719161e+00
3.744464024888610076e+00
3.744459495696556228e+00
3.744453119843219824e+00
3.744446103937558945e+00
3.744440660644013708e+00
3.744433294203399321e+00
3.744427269954779369e+00
3.744421551194889286e+00
3.744414991440012663e+00
3.744409968649291987e+00
3.744403559634782219e+00
3.744397685028650891e+00
3.744392339967796524e+00
3.744386304315411529e+00
3.744381435330449648e+00
3.744375727758472827e+00
3.744370187148752027e+00
3.744364784131309243e+00
3.744358886936571373e+00
3.744353484435459123e+00
3.744348016584080341e+00
3.744342497284739224e+00
3.744337290659482065e+00
3.744331702580070420e+00
3.744326271397512951e+00
3.744320883522152421e+00
3.744315354271416041e+00
3.744310113572824950e+00
3.744304686538464821e+00
3.744299309334782944e+00
3.744293985190376262e+00
3.744288526531352801e+00
3.744283231219646346e+00
3.744277881645571515e+00
3.744272558623038094e+00
3.744267297136049777e+00
3.744261948583684330e+00
3.744256636482268696e+00
3.744251340758483870e+00
3.744246020527347785e+00
3.744240781237559546e+00
3.744235509044409937e+00
3.744230253161631161e+00
3.744225034350458170e+00
3.744219787881174266e+00
3.744214603319002244e+00
3.744209433615958815e+00
3.744204302289200648e+00
3.744199246568671313e+00
3.744194248353488241e+00
3.744189374483421151e+00
3.744184667274301326e+00
3.744180186035674929e+00
3.744176053050709996e+00
3.744172406698291322e+00
3.744169478885721158e+00
3.744167647288622280e+00
3.744167418461974428e+00
3.744169641017624617e+00
3.744175522069413287e+00
3.744186991010126864e+00
3.744206872487703563e+00
3.744239643039765753e+00
3.744291614076867614e+00
3.744372710112306102e+00
3.744495446385804449e+00
3.753791019697337639e+00
3.744961544292111366e+00
3.745330807967288678e+00
3.745761090280887995e+00
3.746217795316755694e+00
3.746543709971348335e+00
3.746603607402170244e+00
3.746271739560416592e+00
3.745652462372047076e+00
3.744948420887803664e+00
3.744437669150780579e+00
3.744246550018574204e+00
3.744346107275119628e+00
3.744571595845589407e+00
3.744755082329875862e+00
3.744798090372462696e+00
3.744686507212900750e+00
3.744492866102605344e+00
3.744288546771731951e+00
3.744161506757550661e+00
3.744134896024204906e+00
3.744187075418675459e+00
3.744267091723384233e+00
3.744313527975633882e+00
3.744291653184138369e+00
3.744201203717556048e+00
3.744091328457415546e+00
3.744013512128178789e+00
3.743999875901570462e+00
3.744040505818098108e+00
3.744094046237449458e+00
3.744116586098778843e+00
3.744087680300938636e+00
3.744025131199226752e+00
3.743962484637505028e+00
3.743931612698197853e+00
3.743939269046370644e+00
3.743967988987796147e+00
3.743990871414113908e+00
3.743988670680096220e+00
3.743962360011273915e+00
3.743926066947670162e+00
3.743898219987904508e+00
3.743888548981033182e+00
3.743894237612288123e+00
3.743904517452320668e+00
3.743908406489050211e+00
3.743901481467116099e+00
3.743886140473685398e+00
3.743869029026293926e+00
3.743856119357904078e+00
3.743849735075297502e+00
3.743848072040399266e+00
3.743847538659717866e+00
3.743845149272106543e+00
3.743839709532538862e+00
3.743832032391841480e+00
3.743823676364208097e+00
3.743816050706591625e+00
3.743809673815773564e+00
3.743804298656661977e+00
3.743799461221951841e+00
3.743794718684676504e+00
3.743789872507728766e+00
3.743784906806507884e+00
3.743779813267911649e+00
3.743774521270869737e+00
3.743768940635816556e+00
3.743763094189585861e+00
3.743757159311928984e+00
3.743751370438131332e+00
3.743745937965423209e+00
3.743740955127462744e+00
3.743736305784452156e+00
3.743731744212968948e+00
3.743727018450527577e+00
3.743721962951294557e+00
3.743716562479266319e+00
3.743710942928803131e+00
3.743705307108282643e+00
2.982188490791004121e+00
2.985849207478853629e+00
3.752710560601848044e+00
3.749043973955978437e+00
3.752441192538688686e+00
3.750641242825639932e+00
3.749054350011526981e+00
3.746055054761673553e+00
3.748961179118275311e+00
3.745871098340345817e+00
3.747716847149387576e+00
3.744937006826807746e+00
3.745540351740856977e+00
3.743793014233232963e+00
3.742686068787623554e+00
3.742618289858959280e+00
3.742566675741342053e+00
3.742387855414297526e+00
3.741467083003851002e+00
3.742207709841771646e+00
3.741144446424413239e+00
3.741545316966388146e+00
3.741370682063746678e+00
3.741051986869766921e+00
3.741445365069623996e+00
3.741015878841635001e+00
3.740982755790464687e+00
3.740877808261177773e+00
3.740891855031458491e+00
3.740693014793113225e+00
3.740932073367942756e+00
3.740536577934514106e+00
3.740710011424727810e+00
3.740554972306668891e+00
3.740541517450242104e+00
3.740587837022877338e+00
3.740479866086026561e+00
3.743806585683506771e+00
3.743787069140775081e+00
3.743736040522324782e+00
3.743731789467106719e+00
3.743773400211636293e+00
3.743672819263644591e+00
3.743726687859450397e+00
3.752860663286377019e+00
3.743675601846005563e+00
3.743692514177000774e+00
3.743655233995093035e+00
3.743632744779499255e+00
3.743623702453288793e+00
3.743604729906372608e+00
3.743590244083901730e+00
3.743600645340174893e+00
3.743556124423491838e+00
3.743579843733267243e+00
3.743542450980451797e+00
3.743544873628785297e+00
3.743538607547537644e+00
3.743522116213516160e+00
3.743509967297904417e+00
3.743508928291026105e+00
3.743498610525771042e+00
3.743489694980326021e+00
3.743489265119607445e+00
3.743469611553142951e+00
3.743470811815518218e+00
3.743458661628054962e+00
3.743455919933754039e+00
3.743450134725352818e+00
3.743443028916042969e+00
3.743434360402638106e+00
3.743429127448187455e+00
3.743422730253810116e+00
3.743415896756314254e+00
3.743413056560542351e+00
3.743403400851502028e+00
3.743400363008506648e+00
3.743393145426254787e+00
3.743387691954787044e+00
3.743382166091281604e+00
3.743376422984172613e+00
3.743370736034831836e+00
3.743365869112108335e+00
3.743360215829338422e+00
3.743354078198801282e+00
3.743349818276791030e+00
3.743343049777371867e+00
3.743338383439756001e+00
3.743332945821553182e+00
3.743327705969912600e+00
3.743322484564354902e+00
3.743317212378434178e+00
3.743311887270969418e+00
3.743306603756068718e+00
3.743301465842224118e+00
3.743295903827806193e+00
3.743291184135207228e+00
3.743285685235850480e+00
3.743280638408962524e+00
3.743275537604643155e+00
3.743270278187976086e+00
3.743265096108559398e+00
3.743260009902162899e+00
3.743254873563888196e+00
3.743249711297286453e+00
3.743244705178415010e+00
3.743239463889334928e+00
3.743234479545492377e+00
3.743229334875061376e+00
3.743224207330967168e+00
3.743219181010352337e+00
3.743214059486831058e+00
3.743208974704193448e+00
3.743203901405342648e+00
3.743198874301097767e+00
3.743193767667147842e+00
3.743188758358227286e+00
3.743183666523380193e+00
3.743178617473771119e+00
3.743173570670430994e+00
3.743168514984299478e+00
3.743163481397861148e+00
3.743158439112024727e+00
3.743153402573847544e+00
3.743148361114984279e+00
3.743143343908651666e+00
3.743138300277506492e+00
3.743133276850012958e+00
3.743128258537634423e+00
3.743123224387061576e+00
3.743118210802647283e+00
3.743113186615159904e+00
3.743108170616976871e+00
3.743103152765725028e+00
3.743098144014985085e+00
3.743093127130193931e+00
3.743088121937880430e+00
3.743083113019205932e+00
3.743078102672278806e+00
3.743073099986915508e+00
3.743068092478482267e+00
3.743063090516681513e+00
3.743058088973592046e+00
3.743053088737497980e+00
3.743048088534340678e+00
3.743043091801433242e+00
3.743038095090850614e+00
3.743033097995223546e+00
3.743028105034998720e+00
3.743023110346654470e+00
3.743018118357784196e+00
3.743013126788062195e+00
3.743008135953630244e+00
3.743003145705862789e+00
3.742998156778520880e+00
3.742993168692438921e+00
3.742988180691160238e+00
3.742983194679826653e+00
3.742978208130620210e+00
3.742973223082524115e+00
3.742968238644385881e+00
3.742963254572700293e+00
3.742958271372424761e+00
3.742953288748818608e+00
3.742948306596066921e+00
3.742943324892288537e+00
3.742938344167975551e+00
3.742933363549947767e+00
3.742928383559494865e+00
3.752291810011812778e+00
3.742939886947024952e+00
3.742946145304760996e+00
3.742934674047966759e+00
3.742926846426181342e+00
3.742917397359643239e+00
3.742910120858675693e+00
3.742905122413354491e+00
3.742902275408862778e+00
3.742896687873929373e+00
3.742886012475967306e+00
3.742879994084391093e+00
3.742877333447504284e+00
3.742871137151626559e+00
3.742865792927736912e+00
3.742861988605213686e+00
3.742856492605888263e+00
3.742850962892698252e+00
3.742846274867109635e+00
3.742842687845588934e+00
3.742838801042362995e+00
3.742834579641502124e+00
3.742833067540604297e+00
3.742832243610945575e+00
3.742831853463126190e+00
3.742834518251518361e+00
3.742840407576160544e+00
3.742849718396808356e+00
3.742865442497780748e+00
3.742889646483768207e+00
3.742925438931919757e+00
3.742977590183424130e+00
3.743052398962978700e+00
3.743155696257829845e+00
3.743295011460641142e+00
3.743472463169071229e+00
3.743688384651417067e+00
3.743918973808836981e+00
3.744132452869215477e+00
3.742099536805417959e+00
3.744133099178877266e+00
3.741449806301505809e+00
3.743517968319832967e+00
3.740500260534108001e+00
3.740198367472092222e+00
3.740030138525600734e+00
3.739969866787321351e+00
3.739977440677889398e+00
3.740011064016343312e+00
3.740036931295623646e+00
3.740045496327203178e+00
3.740034567043553970e+00
3.739997547308815840e+00
3.739926862811898900e+00
3.739810083559131471e+00
3.739666063142694341e+00
3.739537202338683919e+00
3.739461902569163776e+00
3.739461135164126482e+00
3.739510206307438800e+00
3.739572793735428391e+00
3.739601586145320233e+00
3.739582182939027888e+00
3.739513019134845351e+00
3.742793386693619162e+00
3.742727876207222248e+00
3.742668699601661153e+00
3.742665814401004098e+00
3.742680661601034409e+00
3.742702056859830151e+00
3.742724288426233059e+00
3.742720635395432538e+00
3.742698476934026797e+00
3.742675630560885480e+00
3.742640985867385695e+00
3.742620784735101402e+00
3.742607417926343771e+00
3.742597789422309695e+00
3.742594666130006242e+00
3.742591093479880726e+00
3.742583161474608122e+00
3.742580987870241849e+00
3.742573213756775541e+00
3.742568176613398467e+00
3.742563450271363390e+00
3.742555861163293862e+00
3.742548642478942256e+00
3.742539969044647030e+00
3.742529107828242552e+00
3.742520187922845132e+00
3.742511417050178757e+00
3.742503655455624578e+00
3.742498885025871580e+00
3.742494159795779041e+00
3.742490700854492758e+00
3.742487516532715386e+00
3.742483113432636177e+00
3.742478249921127542e+00
3.742472998653722627e+00
3.742466377480385020e+00
3.742460459231662817e+00
3.742454046062465345e+00
3.742447957778181067e+00
3.742442346596939196e+00
3.742436721857602677e+00
3.742431173482618334e+00
3.742425897668200996e+00
3.018880012133888791e+00
3.252927539754348896e+00
3.276373922758713420e+00
3.118806448964174471e+00
3.012425046613817159e+00
3.025659286538382897e+00
2.982504734731547646e+00
3.687771961339970872e+00
3.728159572593295668e+00
3.692863353853496733e+00
3.679339932591858098e+00
3.692495878564627798e+00
3.676449452356083114e+00
3.658599988352306820e+00
3.662086906538219999e+00
3.649766611941528183e+00
3.650333864613939383e+00
3.638799918667372069e+00
3.618956986479019644e+00
3.625093193833860195e+00
3.620273695665253033e+00
3.617293146153928163e+00
3.607006594421494849e+00
3.604954219739067600e+00
3.597205659454067117e+00
3.604782870960775210e+00
3.604480899493691659e+00
3.595070313401038664e+00
3.592062632821310331e+00
3.594453418589971250e+00
3.590588884527089686e+00
3.589705830299144029e+00
3.591074132676364439e+00
3.752753191442764980e+00
3.750796380023127874e+00
3.750054029079518347e+00
3.752427883336086900e+00
3.751281019816547158e+00
3.750320012193022912e+00
3.749021999262753368e+00
3.749014752245577675e+00
3.748065191937345553e+00
3.747406582871395830e+00
3.746730063837118152e+00
3.746525256551701322e+00
3.747097379201097755e+00
3.746353877295263146e+00
3.746035252186074249e+00
3.745236389854930348e+00
3.745668512634517278e+00
3.745177378413963254e+00
3.745131429813882473e+00
3.744839677244640619e+00
3.744820831471141531e+00
3.744473691640657798e+00
3.744286639264675642e+00
3.744389478350480971e+00
3.744298195175498112e+00
3.744199184797816660e+00
3.743897839981048747e+00
3.743882859262768648e+00
3.743777479129387409e+00
3.743818736706277406e+00
3.743646527641612209e+00
3.743656152589701414e+00
3.743566053290782847e+00
3.743548139899286475e+00
3.743441915418755261e+00
3.743396883345102566e+00
3.743393933221982550e+00
3.743335330150216134e+00
3.743314267431681053e+00
3.743256863907965748e+00
3.743248704169360508e+00
3.743181399753506611e+00
3.743156585543558457e+00
3.743136435734354173e+00
3.743125617031299868e+00
3.743079874708214128e+00
3.743063119545385398e+00
3.743036016073831185e+00
3.743022345782204496e+00
3.742992857313893751e+00
3.742972622110309899e+00
3.742954615480232228e+00
3.742936112467869947e+00
3.742921353798383866e+00
3.742897796343684469e+00
3.742892433673956631e+00
3.742870302108966207e+00
3.742856148498176161e+00
3.742834423875781802e+00
3.742827188399819427e+00
3.742811611728443566e+00
3.742798348351082716e+00
3.742784263948070844e+00
3.742774039323071733e+00
3.742762303735732488e+00
3.742748380909909578e+00
3.742736087387577459e+00
3.742724712919343943e+00
3.742714618534185966e+00
3.742703398880818266e+00
3.742693420913298930e+00
3.742681860370407065e+00
3.742672523994009737e+00
3.742661782298722706e+00
3.742652935756421329e+00
3.742642592934688039e+00
3.742633493251632970e+00
3.742623113178464855e+00
3.742614306000971780e+00
3.742605609440576853e+00
3.742597046457035503e+00
3.742588097834992134e+00
3.742579189949265306e+00
3.742570868313643384e+00
3.742562456998558940e+00
3.742554159560246063e+00
3.742545790502705749e+00
3.742537922163046815e+00
3.742529955512329476e+00
3.742522238463445561e+00
3.742514365473573967e+00
3.742506808740995616e+00
3.742499037698101549e+00
3.742491637178495978e+00
3.742484145089075565e+00
3.742476909039075039e+00
3.742469522519694003e+00
3.742462312719294637e+00
3.742455218485751800e+00
3.742448237048192183e+00
3.742441274474021640e+00
3.742434286356160378e+00
3.742427428932269429e+00
3.742420619848983332e+00
3.742413942170248475e+00
3.742407236485647104e+00
3.742400614431129036e+00
3.742394036962818582e+00
3.742387547209163223e+00
3.742381068541147826e+00
3.742374675213294033e+00
3.742368300870441367e+00
3.742361986822035469e+00
3.742355706440098739e+00
3.742349513338352640e+00
3.742343327114850293e+00
3.742337190798247448e+00
3.742331090493491885e+00
3.742325053245124433e+00
3.742319041049033679e+00
3.742313067255404579e+00
3.742307134953983372e+00
3.742301237359952459e+00
3.742295378695133401e+00
3.742289555733597339e+00
3.742283771573427842e+00
3.742278014654597307e+00
3.742272293847102471e+00
3.742266602723974600e+00
3.742260947807624305e+00
3.742255321738486185e+00
3.742249728609715831e+00
3.742244160937537423e+00
3.742238627585244171e+00
3.742233120151848169e+00
3.742227641285131412e+00
3.742222186226931147e+00
3.742216762972693012e+00
3.742211364916509186e+00
3.742205993073446368e+00
3.742200645057296882e+00
3.742195322481466579e+00
3.742190023919862440e+00
3.742184749326727733e+00
3.742179498510500135e+00
3.742174270203586062e+00
3.742169064085698160e+00
3.742163880168181578e+00
3.742158717913125265e+00
3.742153576964456718e+00
3.742148457043305676e+00
3.742143357152988514e+00
3.742138277251872758e+00
3.742133216900515258e+00
3.742128176061550349e+00
3.742123153924253209e+00
3.742118150708381830e+00
3.742113165503774930e+00
3.742108198512753781e+00
3.742103248789854675e+00
3.742098316553827964e+00
3.742093401059119806e+00
3.742088502496980329e+00
3.742083620236455577e+00
3.742078754224446691e+00
3.742073903890259956e+00
3.742069069167818895e+00
3.742064249702374390e+00
3.742059445331082479e+00
3.742054655691642306e+00
3.742049880589675137e+00
3.742045119733635072e+00
3.742040372988594044e+00
3.742035640028761101e+00
3.742030920651084891e+00
3.742026214622286684e+00
3.742021521758479352e+00
3.742016841793960324e+00
3.742012174540681357e+00
3.742007519808340454e+00
3.742002877378519443e+00
3.741998247059250104e+00
3.741993628651799852e+00
3.741989021988286979e+00
3.741984426853591117e+00
3.741979843075784462e+00
3.741975270469497072e+00
3.741970708879643670e+00
3.741966158121083907e+00
3.741961618025436032e+00
3.741957088423450095e+00
3.741952569168846221e+00
3.741948060090254824e+00
3.741943561036797927e+00
3.751191756479931527e+00
3.741939331155649917e+00
3.741940424316395841e+00
3.741938144466948835e+00
3.741932668008575824e+00
3.741926445300022053e+00
3.741920934888142813e+00
3.741916142579017723e+00
3.741911200616923949e+00
3.741906287233219608e+00
3.741902112043453243e+00
3.741897694711563638e+00
3.741893093203344733e+00
3.741887909914530574e+00
3.741882927403223924e+00
3.741878530389452173e+00
3.741874363113860014e+00
3.741869897378180099e+00
3.741865373485989466e+00
3.741860834770151634e+00
3.741856461327702110e+00
3.741852216820031884e+00
3.741847716339296248e+00
3.741843148657381768e+00
3.741838739674489211e+00
3.741834467413173382e+00
3.741830085302360498e+00
3.741825627934272092e+00
3.741821200125105662e+00
3.741816943695154052e+00
3.741812708369024243e+00
3.741808406410658261e+00
3.741804033289820364e+00
3.741799697465137076e+00
3.741795464731920262e+00
3.741791278420120825e+00
3.741787032543294700e+00
3.741782744624514212e+00
3.741778478224033755e+00
3.741774237806592573e+00
3.741770024500268299e+00
3.741765803635617615e+00
3.741761598449271364e+00
3.741757396475759112e+00
3.741753206578946500e+00
3.741749012969204813e+00
3.741744821634628515e+00
3.741740627645703920e+00
3.741736451395075935e+00
3.741732286232203553e+00
3.741728120462492591e+00
3.741723964655208068e+00
3.741719815255768911e+00
3.741715675047737388e+00
3.741711536282209760e+00
3.741707397136671887e+00
3.741703257689173334e+00
3.741699130216957769e+00
3.741695011493181955e+00
3.741690898976937074e+00
3.741686786366050566e+00
3.741682675891598642e+00
3.741678570700165629e+00
3.741674470354154458e+00
3.741670374735613258e+00
3.741666284978083290e+00
3.741662199922246579e+00
3.741658118233208263e+00
3.741654040869902609e+00
3.741649965408602618e+00
3.741645892895929748e+00
3.741641824608413103e+00
3.741637761762862890e+00
3.741633703283417489e+00
3.741629648172413614e+00
3.741625595624327616e+00
3.741621546448012481e+00
3.741617500926932571e+00
3.741613459320917379e+00
3.741609421036589112e+00
3.741605385857816657e+00
3.741601354054731488e+00
3.741597325622169734e+00
3.741593300190203308e+00
3.741589277985087669e+00
3.750924195959880247e+00
3.741586427677755289e+00
3.741588314103502455e+00
3.741586436717008191e+00
3.741581070392086872e+00
3.741575199744526348e+00
3.741570076911620024e+00
3.741565737740359943e+00
3.741561027125169137e+00
3.741556668434597555e+00
3.741552919001494892e+00
3.741548877168433762e+00
3.741544456480982994e+00
3.741539506122513625e+00
3.741535042317751358e+00
3.741531169236959720e+00
3.741527318043800676e+00
3.741523120965133842e+00
3.741518938646543280e+00
3.741514759546570978e+00
3.741510864556513827e+00
3.741506838125902235e+00
3.741502587491645215e+00
3.741498381532732509e+00
3.741494416080941576e+00
3.741490419758011665e+00
3.741486285786026933e+00
3.741482107597457585e+00
3.741478097979984430e+00
3.741474189029175612e+00
3.741470219645093298e+00
3.741466146155973505e+00
3.741462064144509547e+00
3.741458093626427228e+00
3.741454205521740128e+00
3.741450261891357432e+00
3.741446247610983988e+00
3.741442242920047789e+00
3.741438266585062511e+00
3.741434318112752067e+00
3.741430358047044713e+00
3.741426412009217550e+00
3.741422465087252291e+00
3.741418528571626823e+00
3.741414582669111422e+00
3.741410635831625253e+00
3.741406678818063547e+00
3.741402744597047025e+00
3.741398813005497814e+00
3.741394881640775605e+00
3.741390954450223738e+00
3.741387033162754783e+00
3.741383116055865266e+00
3.741379198237778869e+00
3.741375272935366425e+00
3.741371347926524926e+00
3.741367433158624856e+00
3.741363524476096991e+00
3.741359617589649744e+00
3.741355706049980689e+00
3.741351795771969524e+00
3.741347887909316050e+00
3.741343982356246656e+00
3.741340078979064288e+00
3.741336179735960776e+00
3.741332280771302976e+00
3.741328384119877448e+00
3.741324487246256325e+00
3.741320589727509471e+00
3.741316693019980377e+00
3.741312799593085714e+00
3.741308908915378595e+00
3.741305019800658993e+00
3.741301130583251755e+00
3.741297241991916600e+00
3.741293354643446811e+00
3.741289469093610265e+00
3.741285584767904737e+00
3.741281701250448677e+00
3.741277818753755646e+00
3.741273937619201018e+00
3.741270057252783943e+00
3.741266177993423536e+00
3.741262299873510777e+00
3.741258422931548644e+00
3.741254546937927916e+00
3.741250671661092930e+00
3.741246797152809833e+00
3.741242923673151033e+00
3.741239051384571024e+00
3.741235180107694624e+00
3.741231309549746697e+00
3.741227439621492401e+00
3.741223570576845958e+00
3.741219702325138563e+00
3.741215834942227758e+00
3.741211968342478489e+00
3.741208102524297807e+00
3.741204237499985652e+00
3.750647782285511322e+00
3.741202245978704877e+00
3.741204711781050740e+00
3.741202921253200309e+00
3.741197322829377558e+00
3.741191509242074442e+00
3.741186473032491300e+00
3.741182270331774973e+00
3.741177499856967792e+00
3.741173504372143466e+00
3.741169784931944520e+00
3.741165829674904852e+00
3.741161198853939940e+00
3.741156347278566052e+00
3.741152212934094834e+00
3.741148600896102572e+00
3.741144645376358380e+00
3.741140546155229618e+00
3.741136415832972961e+00
3.741132486215149822e+00
3.741128703230232944e+00
3.741124612779761271e+00
3.741120395865813020e+00
3.741116435007834085e+00
3.741112587075992924e+00
3.741108577148568592e+00
3.741104455902793724e+00
3.741100468615169206e+00
3.741096655506224167e+00
3.741092804991607679e+00
3.741088821547820409e+00
3.741084792452421315e+00
3.741080882533234675e+00
3.741077094553105109e+00
3.741073249814696577e+00
3.741069315674722340e+00
3.741065375035931506e+00
3.741061476147883091e+00
3.741057601936830679e+00
3.741053718682941565e+00
3.741049845174058142e+00
3.741045975517258704e+00
3.741042107328815369e+00
3.741038231721975471e+00
3.741034348695890799e+00
3.741030458219418264e+00
3.741026594418561224e+00
3.741022725107532754e+00
3.741018859119328965e+00
3.741014994595756704e+00
3.741011137744321147e+00
3.741007281026952125e+00
3.741003420346906250e+00
3.740999547070774867e+00
3.740995681830634467e+00
3.740991823874065147e+00
3.740987971963956937e+00
3.740984113857017679e+00
3.740980253120921972e+00
3.740976393044400439e+00
3.740972534716936693e+00
3.740968675968876056e+00
3.740964821981783039e+00
3.740960967327998432e+00
3.740957114030980524e+00
3.740953259859245428e+00
3.740949402888310793e+00
3.740945544355657404e+00
3.740941688397601883e+00
3.740937834772941173e+00
3.740933982233284105e+00
3.740930128203358684e+00
3.740926273272935809e+00
3.740922418304142294e+00
3.740918564321301432e+00
3.740914710631517259e+00
3.740910856506006521e+00
3.740907002337290344e+00
3.740903148504268749e+00
3.740899294326477165e+00
3.740895440342768996e+00
3.740891586457760098e+00
3.740887732865341597e+00
3.740883879061218664e+00
3.740880024953765037e+00
3.740876170518482091e+00
3.740872316349412863e+00
3.740868462392427318e+00
3.740864608509940847e+00
3.740860754139310629e+00
3.740856899609799058e+00
3.740853044912341829e+00
3.740849190156798620e+00
3.740845335315158948e+00
3.740841480352673720e+00
3.740837625249604059e+00
3.740833770112946155e+00
3.740829914679665080e+00
3.740826059005271986e+00
3.740822203158957748e+00
3.740818347255090881e+00
3.740814491183831247e+00
3.740810634831903236e+00
3.740806778189131432e+00
3.740802921353717281e+00
3.740799064291858933e+00
3.740795207032403091e+00
3.740791349512420538e+00
3.740787491753301275e+00
3.740783633759560356e+00
3.740779775492422576e+00
3.740775916932778777e+00
3.740772058102230346e+00
3.740768198985466864e+00
3.740764339582020259e+00
3.750335440007366294e+00
3.740763099793481317e+00
3.740766083006046294e+00
3.740764144282184844e+00
3.740758076766500739e+00
3.740752187787307115e+00
3.740747184999315689e+00
3.740742838746766719e+00
3.740737906452310746e+00
3.740734192239708378e+00
3.740730373587800806e+00
3.740726232823622155e+00
3.740721206830242895e+00
3.740716483412973137e+00
3.740712620995839011e+00
3.740708929403544492e+00
3.740704776682314936e+00
3.740700630564723461e+00
3.740696503265989126e+00
3.740692751947875649e+00
3.740688755341745608e+00
3.740684452388361780e+00
3.740680322599977181e+00
3.740676476654404503e+00
3.740672483952282690e+00
3.740668306350429351e+00
3.740664213920299908e+00
3.740660366311677976e+00
3.740656524158270990e+00
3.740652508823234967e+00
3.740648412344517837e+00
3.740644453305187689e+00
3.740640667479078640e+00
3.740636793977675900e+00
3.740632823324046452e+00
3.740628832903163392e+00
3.740624913368007398e+00
3.740620995751712918e+00
3.740617085719891044e+00
3.740613173476416087e+00
3.740609278968859641e+00
3.740605366616658323e+00
3.740601462084003792e+00
3.740597525617519903e+00
3.740593612254804690e+00
3.740589708577747530e+00
3.740585804477304599e+00
3.740581898677929562e+00
3.740578003616276348e+00
3.740574107741680088e+00
3.740570214841038243e+00
3.740566301523955417e+00
3.740562389967624135e+00
3.740558486905128710e+00
3.740554595188735121e+00
3.740550697827988103e+00
3.740546794090763960e+00
3.740542889687973105e+00
3.740538987495972023e+00
3.740535082986379933e+00
3.740531183647457958e+00
3.740527283648967583e+00
3.740523384807104446e+00
3.740519484953519935e+00
3.740515579926962708e+00
3.740511672073521865e+00
3.740507766716256732e+00
3.740503864539897361e+00
3.740499962836001835e+00
3.740496058626393339e+00
3.740492152202380627e+00
3.740488245574621118e+00
3.740484339513077128e+00
3.740480433195026766e+00
3.740476525403436447e+00
3.740472617604448935e+00
3.740468708927919828e+00
3.740464799721144651e+00
3.740460889987979876e+00
3.740456980263254572e+00
3.740453069941317210e+00
3.740449158800031704e+00
3.740445246409747071e+00
3.740441333609041408e+00
3.740437420590955853e+00
3.740433507421190740e+00
3.740429593176560985e+00
3.740425678053479253e+00
3.740421762226227909e+00
3.740417845739614666e+00
3.740413928722873926e+00
3.740410011016527037e+00
3.740406092689720019e+00
3.740402173822044318e+00
3.740398254159318370e+00
3.740394333624083245e+00
3.740390412426984668e+00
3.740384809438070945e+00
3.740380842972148567e+00
3.740376845846604681e+00
3.740372826244765303e+00
3.740368787957677466e+00
3.740364733558655175e+00
3.740360665680308117e+00
3.740356586935955630e+00
3.740352500077927633e+00
3.740348407036313994e+00
3.740344308491485581e+00
3.740340204107009292e+00
3.740336094398015732e+00
3.740331980507435983e+00
3.740327862998586106e+00
3.740323741846115269e+00
3.740319617492092519e+00
3.740315490511934016e+00
3.740311361200321372e+00
3.740307229884593632e+00
3.740303097010329925e+00
3.740298962672049754e+00
3.740294826856932708e+00
3.740290689778237976e+00
3.740286551736318188e+00
3.740282412903504827e+00
3.740278273303457635e+00
3.749951112752615501e+00
3.740277351933364525e+00
3.740280586130390272e+00
3.740278070810354905e+00
3.740271151394803262e+00
3.740264773431162038e+00
3.740259595007287441e+00
3.740254656665022992e+00
3.740249525962830113e+00
3.740245634778708528e+00
3.740241497479754873e+00
3.740236636119420144e+00
3.740231101390248281e+00
3.740226326877555518e+00
3.740222500307340159e+00
3.740218190441100710e+00
3.740213727314503966e+00
3.740209166155102238e+00
3.740205040679727588e+00
3.740200896060972724e+00
3.740196325812155997e+00
3.740191719763630740e+00
3.740187563687570549e+00
3.740183325495346711e+00
3.740178840893541690e+00
3.740174383733319452e+00
3.740170226689422783e+00
3.740166127363436566e+00
3.740161809746775923e+00
3.740157378269382882e+00
3.740153110631085465e+00
3.740149070151645105e+00
3.740144904160320749e+00
3.740140623882915349e+00
3.740136325345763346e+00
3.740132118129657179e+00
3.740127904039655782e+00
3.740123695499957712e+00
3.740119499259199287e+00
3.740115303476125419e+00
3.740111104765825090e+00
3.740106888328116774e+00
3.740102655144023736e+00
3.740098453456581318e+00
3.740094255905372478e+00
3.740090048574066017e+00
3.740085856091169170e+00
3.740081661827434178e+00
3.740077478852235515e+00
3.740073270769255664e+00
3.740069055343744786e+00
3.740064848297409927e+00
3.740060658521567660e+00
3.740056466205543551e+00
3.740052262786627502e+00
3.740048058541631359e+00
3.740043854980136473e+00
3.740039648571988895e+00
3.740035446344918135e+00
3.740031245155941431e+00
3.740027044202423490e+00
3.740022843025919919e+00
3.740018632336231441e+00
3.740014418702488186e+00
3.740010207583317481e+00
3.740006001234742250e+00
3.740001794437417537e+00
3.739997583654027125e+00
3.739993369594500017e+00
3.739989154851161679e+00
3.739984941033605459e+00
3.739980725173008391e+00
3.739976508215769435e+00
3.739972289861012378e+00
3.739968070375854658e+00
3.739963849525515194e+00
3.739959628341577691e+00
3.739955406304869889e+00
3.739951182990298939e+00
3.739946957587506837e+00
3.739942730757058076e+00
3.739938503285500815e+00
3.739934275354097615e+00
3.739930045922680524e+00
3.739925814641768653e+00
3.739921582143635348e+00
3.739917348202273395e+00
3.739913113351151175e+00
3.739908877088657491e+00
3.739904639699225264e+00
3.739900401215237480e+00
3.739896161306886402e+00
3.739891919858710168e+00
3.739887677111156439e+00
3.739883433384347367e+00
3.739879188414926503e+00
3.739874941931046415e+00
3.739870694006969920e+00
3.739866444763833897e+00
3.739862194249254923e+00
3.739857942456143558e+00
3.739853689283794580e+00
3.739849434867487332e+00
3.739845179082593951e+00
3.739840921900190907e+00
3.739836663362502200e+00
3.739832403472257205e+00
3.739828142232714203e+00
3.739823879596973377e+00
3.739819615593928503e+00
3.739815350239338532e+00
3.739802205851179728e+00
3.739797939501425361e+00
3.739793670174679896e+00
3.739789398517893382e+00
3.739785124993470156e+00
3.749470293263148513e+00
3.739784834335021735e+00
3.739788353282238909e+00
3.739785462258405246e+00
3.739778172394015776e+00
3.739771491932644132e+00
3.739766362416654388e+00
3.739760824102094983e+00
3.739755948544504882e+00
3.739751909236179284e+00
3.739747534792671857e+00
3.739741987359504805e+00
3.739736330265801989e+00
3.739731856840242230e+00
3.739727822462264317e+00
3.739723153425055902e+00
3.739718430722858145e+00
3.739713900094577603e+00
3.739709716466912415e+00
3.739705174545804756e+00
3.739700207969815615e+00
3.739695769571609318e+00
3.739691425764122723e+00
3.739686808122693940e+00
3.739682077701762530e+00
3.739677691794570435e+00
3.739673466370948329e+00
3.739669009169884539e+00
3.739664360553828004e+00
3.739659882422206927e+00
3.739655704052006868e+00
3.739651400976259144e+00
3.739646929039766032e+00
3.739642450765643389e+00
3.739638060908213824e+00
3.739633692573394175e+00
3.739629302352768914e+00
3.739624955283108232e+00
3.739620566491221876e+00
3.739616212651324823e+00
3.739611802053527168e+00
3.739607410921800934e+00
3.739603044466720760e+00
3.739598669569462075e+00
3.739594301969760615e+00
3.739589938864238849e+00
3.739585588488379297e+00
3.739581224305758678e+00
3.739576836604241450e+00
3.739572448248955627e+00
3.739568084792100677e+00
3.739563728608544579e+00
3.739559360105537245e+00
3.739554984395682347e+00
3.739550611206553299e+00
3.739546233678580744e+00
3.739541859113407973e+00
3.739537488413215094e+00
3.739533117390808847e+00
3.739528749029840782e+00
3.739524368496169870e+00
3.739519981410075466e+00
3.739515597275692382e+00
3.739511219558515620e+00
3.739506843131276348e+00
3.739502461453946491e+00
3.739498075048723447e+00
3.739493688100590241e+00
3.739489301862917614e+00
3.739484914021377282e+00
3.739480524250058835e+00
3.739476133372659383e+00
3.739471740112936260e+00
3.739467346456667229e+00
3.739462951867242424e+00
3.739458556881126050e+00
3.739454159478705630e+00
3.739449759864243994e+00
3.739445358741592340e+00
3.739440957313517888e+00
3.739436555086789404e+00
3.739432150360783247e+00
3.739427744122570729e+00
3.739423335990101904e+00
3.739418926789920494e+00
3.739414516204686123e+00
3.739410104049682992e+00
3.739405690891703493e+00
3.739401276001451446e+00
3.739396859368773640e+00
3.739392440960717323e+00
3.739388021566642628e+00
3.739383600840852750e+00
3.739379178324456987e+00
3.739374754100599940e+00
3.739370328237916041e+00
3.739365901023174121e+00
3.739361472283193155e+00
3.739357041997383391e+00
3.739352610264453425e+00
3.739348176927845380e+00
3.739343741980540425e+00
3.739339305455548157e+00
3.739334867387425820e+00
3.739330427730783946e+00
3.739325986469281382e+00
3.739321543636390022e+00
3.739317099268833822e+00
3.739312653341966275e+00
3.739308205765468962e+00
3.739303756570131920e+00
3.739299305785469762e+00
3.739294853422680198e+00
3.739290399459185288e+00
3.739285943886025976e+00
3.739281486703328383e+00
3.739277027902089934e+00
3.739272567470115050e+00
3.739268105400165076e+00
3.739263641729667853e+00
3.739259176437190746e+00
3.739254709508717855e+00
3.748977246126700358e+00
3.739255191402533374e+00
3.739259028504567262e+00
3.739255637785745989e+00
3.739248077212304899e+00
3.739241244499411643e+00
3.739236342428193360e+00
3.739230278936320317e+00
3.739225882818182800e+00
3.739221744467587705e+00
3.739216987116257940e+00
3.739211051185372447e+00
3.739205547673172703e+00
3.739201647926685190e+00
3.739197189677857303e+00
3.739192549615179217e+00
3.739187891455326707e+00
3.739183863160227439e+00
3.739179892939968219e+00
3.739175300405493729e+00
3.739171209730992373e+00
3.739167713173555896e+00
3.739164296311696223e+00
3.739161027563927320e+00
3.739158696367216539e+00
3.739157427815120727e+00
3.739156994983451554e+00
3.739157699486457265e+00
3.739160602052105986e+00
3.739166604146187733e+00
3.739176368131862382e+00
3.739191161391566709e+00
3.739213446276048458e+00
3.739245903789199410e+00
3.739292449559875386e+00
3.739357273710410379e+00
3.739446428487136043e+00
3.739564069868779317e+00
3.739715197402079028e+00
3.739895127442385725e+00
3.740094909205488705e+00
3.740280311472065300e+00
3.740412397586327486e+00
3.740428296998133284e+00
3.740300329704102644e+00
3.740025314637041021e+00
3.739674038927724986e+00
3.739338643072771973e+00
3.739111220039883499e+00
3.739033368215725517e+00
3.739089957718482182e+00
3.739223293831921424e+00
3.739360545230631772e+00
3.739442607854664313e+00
3.739437499085302541e+00
3.739353398734164280e+00
3.739223871322415960e+00
3.739097629840659298e+00
3.739013489480682573e+00
3.738988359310938758e+00
3.739013859339746837e+00
3.739064688833086070e+00
3.739111789910011918e+00
3.739133303033564282e+00
3.739121786579310935e+00
3.739082716458555833e+00
3.739031322173496097e+00
3.738984019794944214e+00
3.738953132973754201e+00
3.738942872271665330e+00
3.738949639269105063e+00
3.738964856070868148e+00
3.738978949556248654e+00
3.738984931947837431e+00
3.738979896660306501e+00
3.738965336785121885e+00
3.738945302578636554e+00
3.738924882342279155e+00
3.738908227266630302e+00
3.738897626466680890e+00
3.738893151550627625e+00
3.738893119110819896e+00
3.738894979115261918e+00
3.738896245864902212e+00
3.738895203906419162e+00
3.738891123854103604e+00
3.738884260041334784e+00
3.738875474007086641e+00
3.738865961406306226e+00
3.738856835880417506e+00
3.738848915070602352e+00
3.738842564973961835e+00
3.738837726857072497e+00
3.738834038158470818e+00
3.738830995362190990e+00
3.738828097329107703e+00
3.738824935847659958e+00
3.738821250476809244e+00
3.738816931284931755e+00
3.738812016917634651e+00
3.738806638705900909e+00
3.738800984242449665e+00
3.738795234881654217e+00
3.738789545734296560e+00
3.738784023280560476e+00
3.738778729981150128e+00
3.738773684995818858e+00
3.738768873153831773e+00
3.738764254347583638e+00
3.738759776396253454e+00
3.738755386793950031e+00
3.738751040198695641e+00
3.738746701505348380e+00
3.738742344878687618e+00
3.738737953849473161e+00
3.738733519458416588e+00
3.738729041157630384e+00
3.738724522727101540e+00
3.738719972247660728e+00
3.738715397214917857e+00
3.738710806511131857e+00
3.738706207242437962e+00
3.738701608187501968e+00
3.738697016438999210e+00
3.738692440458988742e+00
3.738687886768945035e+00
3.738683363940962678e+00
3.738678879954837164e+00
3.738674446916019356e+00
3.738670077976097517e+00
3.738665792860030646e+00
3.748453194567790803e+00
3.738667540330547379e+00
3.738671567506367310e+00
3.738667422123461037e+00
3.738659583668548336e+00
3.738652768361895085e+00
3.738648331208198172e+00
3.738642734519591393e+00
3.738640012219342168e+00
3.738637731962008992e+00
3.738635022612171621e+00
3.738632805391718605e+00
3.738633479324462883e+00
3.738637622906988867e+00
3.738644244210813206e+00
3.738655669749190391e+00
3.738674435903360127e+00
3.738703760661329589e+00
3.738746677299396914e+00
3.738810027243640199e+00
3.738902284208791116e+00
3.739034172122738475e+00
3.739215075533593335e+00
3.739459479261300956e+00
3.739764845140570060e+00
3.740120761086803469e+00
3.740462002091139659e+00
3.740713753764162153e+00
3.740736494234408127e+00
3.740477470647626923e+00
3.739938188717726320e+00
3.739300565457205572e+00
3.738772867572296654e+00
3.738522765400348113e+00
3.738573101999498327e+00
3.738819228394962835e+00
3.739096232421007748e+00
3.739250143479746491e+00
3.739212664223008353e+00
3.739004756000989360e+00
3.738739389041011218e+00
3.738535991813294324e+00
3.738466961502615149e+00
3.738525188808139443e+00
3.738644593146299044e+00
3.738744563626753781e+00
3.738768264516459716e+00
3.738708618639680736e+00
3.738598573873280984e+00
3.738492739833931822e+00
3.738433405163647194e+00
3.738432968794885625e+00
3.738473265235707110e+00
3.738520712599575191e+00
3.738545715311365925e+00
3.738534928034412452e+00
3.738495239185190222e+00
3.738445193670916211e+00
3.738405097325226301e+00
3.738386641341724825e+00
3.738389775411655069e+00
3.738405166692424508e+00
3.738420174415838737e+00
3.738425070556295360e+00
3.738416292708132804e+00
3.738397107816274545e+00
3.738374427904626707e+00
3.738355444308069764e+00
3.738344368930984984e+00
3.738341445929036944e+00
3.738343721519713725e+00
3.738346925128166909e+00
3.738347415935745488e+00
3.738343337300517266e+00
3.738334971650049354e+00
3.738324058409137063e+00
3.738312956961628686e+00
3.738303620373016223e+00
3.738297029877355460e+00
3.738293050454083666e+00
3.738290723031876261e+00
3.738288768480975133e+00
3.738286078329540185e+00
3.738282038493023762e+00
3.738276583518702623e+00
3.738270103310143533e+00
3.738263194652148957e+00
3.738256461343714143e+00
3.738250331635706303e+00
3.738244991553887342e+00
3.738240382763118319e+00
3.738236273217510508e+00
3.738232357368993508e+00
3.738228351540902938e+00
3.738224062993218411e+00
3.738219410406996346e+00
3.738214419692349910e+00
3.738209182642309614e+00
3.738203825335435937e+00
3.738198468732462310e+00
3.738193209323667610e+00
3.738188104210810714e+00
3.738183170165898517e+00
3.738178389341722418e+00
3.738173721370914748e+00
3.738169116648158763e+00
3.738164527819919147e+00
3.738159917690983214e+00
3.738155261794190665e+00
3.738150548930223138e+00
3.738145777588024021e+00
3.738140954603514921e+00
3.738136090952108859e+00
3.738131200440029112e+00
3.738126296001448079e+00
3.738121389163107544e+00
3.738116487977479530e+00
3.738111597712753476e+00
3.738106720628554314e+00
3.738101857275920814e+00
3.738097006810064293e+00
3.738092167668249921e+00
3.738087337769609331e+00
3.738082514833307890e+00
3.738077696610460077e+00
3.738072881151814464e+00
3.738068066967223047e+00
3.738063253024426213e+00
3.738058438720842869e+00
3.738053623702607631e+00
3.738048807893935788e+00
3.738043991381059250e+00
3.738039174563746236e+00
3.738034358040346117e+00
3.738029542814440553e+00
3.738024730141526142e+00
3.738019921851600369e+00
3.738015120181561901e+00
3.738010328350908296e+00
3.738005550479146955e+00
3.738000792552627516e+00
3.737996062516996787e+00
3.737991371952568365e+00
3.747867399229068752e+00
3.737994303637775850e+00
3.737998660820838204e+00
3.737993465548401950e+00
3.737984886453918687e+00
3.737977539024897489e+00
3.737971882299746085e+00
3.737965552447607642e+00
3.737961889814128469e+00
3.737957911891872431e+00
3.737952622428575289e+00
3.737947810615919408e+00
3.737946384851089210e+00
3.737945761059440652e+00
3.737947027159212343e+00
3.737951975538748250e+00
3.737962861418555605e+00
3.737982142479137515e+00
3.738013092659374870e+00
3.738065155466552270e+00
3.738148156672639111e+00
3.738278591801291739e+00
3.738479134702508144e+00
3.738785522176112597e+00
3.739224920193349622e+00
3.739832316785713928e+00
3.740563182818485544e+00
3.741328518956900773e+00
3.741806082557936897e+00
3.741736474316630812e+00
3.740868021063529447e+00
3.739544878435245412e+00
3.738346304551527055e+00
3.737842233639525169e+00
3.738109634630608191e+00
3.738774324434429364e+00
3.739307035388510947e+00
3.739316239569057565e+00
3.738830818712066240e+00
3.738188467573693607e+00
3.737820959409204669e+00
3.737887493272934236e+00
3.738218327894138326e+00
3.738495894504592520e+00
3.738491172030224519e+00
3.738230281313168923e+00
3.737914994889846021e+00
3.737763289836249392e+00
3.737831004326913842e+00
3.738004414528028452e+00
3.738117213383527204e+00
3.738076829063877504e+00
3.737925776146198587e+00
3.737778216679551235e+00
3.737727665583233883e+00
3.737778725018312098e+00
3.737862236058598686e+00
3.737900676133634192e+00
3.737863430300084389e+00
3.737782233272606724e+00
3.737713551415366098e+00
3.737695022765351816e+00
3.737721797428233739e+00
3.737758775507821873e+00
3.737771463717126430e+00
3.737748813339449860e+00
3.737706909313806669e+00
3.737671631541830131e+00
3.737659695259416104e+00
3.737669105322001251e+00
3.737684337650783561e+00
3.737689405447479629e+00
3.737678125457734701e+00
3.737656375765042061e+00
3.737635580028501714e+00
3.737624505763080140e+00
3.737624157883868481e+00
3.737628744257950775e+00
3.737630674259620811e+00
3.737625517849809231e+00
3.737614130826854897e+00
3.737600962974561458e+00
3.737590740822667179e+00
3.737585549679822261e+00
3.737584164404548659e+00
3.737583443454768339e+00
3.737580519697759840e+00
3.737574392297252857e+00
3.737566066413330113e+00
3.737557600240151601e+00
3.737550723517362172e+00
3.737545976757921107e+00
3.737542668826858261e+00
3.737539506475090700e+00
3.737535404320974308e+00
3.737529990794962842e+00
3.737523649176052842e+00
3.737517151331235077e+00
3.737511197705441823e+00
3.737506083395542689e+00
3.737501646966272517e+00
3.737497447399210415e+00
3.737493029775698972e+00
3.737488137000933186e+00
3.737482781131689080e+00
3.737477183618955312e+00
3.737471626662728141e+00
3.737466320011177956e+00
3.737461326114667415e+00
3.737456564963142380e+00
3.737451877150474555e+00
3.737447106605961800e+00
3.737442164018872859e+00
3.737437046163973875e+00
3.737431819862426341e+00
3.737426579882062505e+00
3.737421407258292305e+00
3.737416340697381045e+00
3.737411372109036733e+00
3.737406460061226454e+00
3.737401551583219295e+00
3.737396603503855275e+00
3.737391594987187649e+00
3.737386529660823520e+00
3.737381427837995318e+00
3.737376316718837188e+00
3.737371219890373908e+00
3.737366150916017205e+00
3.737361111524776902e+00
3.737356094203824419e+00
3.737351086429777425e+00
3.737346075105466348e+00
3.737341050510694096e+00
3.737336007895869283e+00
3.737330947552198523e+00
3.737325873394719444e+00
3.737320791397227282e+00
3.737315707413291221e+00
3.737310625958838006e+00
3.737305549438751040e+00
3.737300478147135507e+00
3.737295410633114656e+00
3.737290344467831815e+00
3.737285277023763008e+00
3.737280205994870652e+00
3.737275129822709374e+00
3.737270047733786349e+00
3.737264959753376026e+00
3.737259866382649953e+00
3.737254768465100518e+00
3.737249666859335573e+00
3.737244562381563107e+00
3.737239455614058237e+00
3.737234346958047126e+00
3.737229236577011449e+00
3.737224124486829613e+00
3.737219010563134880e+00
2.994228074999537359e+00
3.031536088131510542e+00
2.887689998407285685e+00
3.087262083350314157e+00
3.830991133325928999e+00
3.828500988508062530e+00
3.797037963267050564e+00
3.787143652389459270e+00
3.791250092331846844e+00
3.782998864832037622e+00
3.775775762203810615e+00
3.776455883972096750e+00
3.771173725142216604e+00
3.763621819313234251e+00
3.772422902231143738e+00
3.760716854647757401e+00
3.765769322517670936e+00
3.753451260371882814e+00
3.759165514067973390e+00
3.747684374748583735e+00
3.756286382031094995e+00
3.748513077581681507e+00
3.752625441139455287e+00
3.747065232915735677e+00
3.749275773347204854e+00
3.745211004592197135e+00
3.746089931524632544e+00
3.744165910930681740e+00
3.743882734068072260e+00
3.743932434838986634e+00
3.742518843073700197e+00
3.743111599314239868e+00
3.741443895803547193e+00
3.742516143121508598e+00
3.740643434288875913e+00
3.741429714740661883e+00
3.739691266324092211e+00
3.740636809634320326e+00
3.739378584908108483e+00
3.739904282965825999e+00
3.738973923182896897e+00
3.739059586495444343e+00
3.738345730376554155e+00
3.738052668284059799e+00
3.737735246967723857e+00
3.737310451315584814e+00
3.737141705445239381e+00
3.736303605570982622e+00
3.736323832780428233e+00
3.735616076647354511e+00
3.735786582106864984e+00
3.735228201756453537e+00
3.735476631958819294e+00
3.735066265331162594e+00
3.735353659092946366e+00
3.735094804345485020e+00
3.735258000485132790e+00
3.735108728494919816e+00
3.735149761998432627e+00
3.734994381598031321e+00
3.734928312163826813e+00
3.734818719417218436e+00
3.734698627727852660e+00
3.734668258352301429e+00
3.734550976493861363e+00
3.734543464855908823e+00
3.734458991555257512e+00
3.734468975708386651e+00
3.734387728009972651e+00
3.734410197798845310e+00
3.737669206080428186e+00
3.737675349995542184e+00
3.737623892047617247e+00
3.737604512364204101e+00
3.737581906934386300e+00
3.737558251345525662e+00
3.737529879619686746e+00
3.737493507325631903e+00
3.737477796707810995e+00
3.737440400221423875e+00
3.737435598669987868e+00
3.737406736411784003e+00
3.737407893834078010e+00
3.737378471212661424e+00
3.737375825171845634e+00
3.737350911856258229e+00
3.737342593919237732e+00
3.737319964913818904e+00
3.737308365086534856e+00
3.737292946410762262e+00
3.737282371284256666e+00
3.737272828043797457e+00
3.737259835312611855e+00
3.737250346431700176e+00
3.737235881313394792e+00
3.737229183425668566e+00
3.737213610693267185e+00
3.737208438947383193e+00
3.737194102976411081e+00
3.737188289421025544e+00
3.737175702406776878e+00
3.737168760890494212e+00
3.737157145634383504e+00
3.737150407979402900e+00
3.737140224396664046e+00
3.737132884331354266e+00
3.737124155798146496e+00
3.737116602793111753e+00
3.737108148012064923e+00
3.737100243241044062e+00
3.737092464551292625e+00
3.737084262441295657e+00
3.737077048065668095e+00
3.737069055770660064e+00
