{
  "restart": 16,
  "seed": 74,
  "iters": 30000,
  "lr": 0.05,
  "best_iter": 28990,
  "best_cost": 0.0004883434739895165,
  "best_alphaD_mean": 9.50743034747329e-05,
  "n": 16
}