{
  "restart": 14,
  "seed": 72,
  "iters": 30000,
  "lr": 0.05,
  "best_iter": 29610,
  "best_cost": 0.002222667681053281,
  "best_alphaD_mean": 0.00020599450932957936,
  "n": 13
}