{
  "restart": 11,
  "seed": 69,
  "iters": 30000,
  "lr": 0.05,
  "best_iter": 29922,
  "best_cost": 0.0013829849194735289,
  "best_alphaD_mean": 0.00015964242057485417,
  "n": 11
}