{
  "restart": 28,
  "seed": 86,
  "iters": 30000,
  "lr": 0.05,
  "best_iter": 29885,
  "best_cost": 0.00048012094339355826,
  "best_alphaD_mean": 9.416193653909496e-05,
  "n": 12
}