7.361247303474453929e+01
6.846704393348642270e+01
6.390413762652118379e+01
5.982262269709397629e+01
5.620922353577370956e+01
5.298636868635185238e+01
5.010966887090696531e+01
4.753170556632503718e+01
4.521616876336622681e+01
4.313290431126941371e+01
4.125683196394955132e+01
3.956691422741032227e+01
3.804522119220523280e+01
3.667629755369514299e+01
3.544680165355720192e+01
3.434517691956233421e+01
3.336118890786464419e+01
3.248769249222996791e+01
3.171061392471551699e+01
3.102248744930830782e+01
3.041926166213317373e+01
2.991786764330730009e+01
2.944407893266729914e+01
2.901311960483149832e+01
2.862703381644676881e+01
2.827176482461080909e+01
2.797353462562078619e+01
2.771679881845021498e+01
2.745116843321494926e+01
2.722445064262712577e+01
2.758352189938504040e+01
2.682911202771433423e+01
2.712563513940504478e+01
2.653291759108552128e+01
2.641663830147944836e+01
2.632829009123236119e+01
2.624524676465298967e+01
2.616659728352535552e+01
2.615181816566365569e+01
2.608115274162213026e+01
2.601551361355495828e+01
2.593256669978210738e+01
2.587937438718781280e+01
2.581971115890935664e+01
2.575141707462793050e+01
2.569761880690674261e+01
2.559730777116206468e+01
2.545549357313112893e+01
2.540832208259293878e+01
2.532521493156800219e+01
2.528164641549811265e+01
2.524889852341131302e+01
2.520951601404176401e+01
2.517947220441479317e+01
2.515022687786820654e+01
2.512150598085398912e+01
2.509308136555391044e+01
2.506117551147106681e+01
2.503290325555622431e+01
2.500462064176345578e+01
2.497635412232190077e+01
2.494815850080356867e+01
2.492008686186688138e+01
2.489216621551061337e+01
2.556787685048271186e+01
2.554021539210600977e+01
2.551205113778209466e+01
2.548342924465387327e+01
2.545441652256871379e+01
2.542509871634333862e+01
2.536999486318317309e+01
2.533871265256071226e+01
2.530876077901274712e+01
2.528032631308571609e+01
2.525256901896102590e+01
2.522450975245642013e+01
2.519575569573249396e+01
2.516655802477004045e+01
2.513742996849506639e+01
2.510875654741739282e+01
2.508062752662758044e+01
2.504864897049836969e+01
2.502174608689630020e+01
2.499444249615195446e+01
2.496659553925324460e+01
2.493819920789810141e+01
2.490935188057682126e+01
2.488020065419439675e+01
2.485290764324988544e+01
2.482348414384541968e+01
2.479384136958832130e+01
2.476382613211519157e+01
2.473331980912282546e+01
2.470057781601326852e+01
2.466923864042620451e+01
2.463748178504993902e+01
2.460532234687451592e+01
2.457274102241562019e+01
2.453969157320379679e+01
2.450612383473227496e+01
2.447200917179991819e+01
2.443735452248879270e+01
2.440219604892968164e+01
2.437462769586334232e+01
2.433898881041185902e+01
2.431658345062523097e+01
2.428018010185348885e+01
2.424330807756475181e+01
2.420602139399895947e+01
2.416838808296788699e+01
2.413040972167749842e+01
2.409202544449819783e+01
2.405323296538954381e+01
2.354132610180581864e+01
2.336791933777628216e+01
2.345561536430384564e+01
2.346931981798411826e+01
2.732408821941834276e+01
2.529219795028331674e+01
2.412344523186229850e+01
2.365464497380426678e+01
2.350136441282973720e+01
2.341825457140220479e+01
2.343906616261312337e+01
2.346473051359885176e+01
2.347267551820922549e+01
2.348206329357596545e+01
2.348172192761072807e+01
2.347269572711921626e+01
2.345622986215904149e+01
2.343350467513909052e+01
2.340554752972144925e+01
2.337295215620116551e+01
2.333712666933603685e+01
2.329819398524582397e+01
2.325565797069583240e+01
2.321230145669163747e+01
2.316653001261494538e+01
2.312089789672378970e+01
2.307477879178394886e+01
2.302852520166223016e+01
2.298241149135958494e+01
2.293661726147261604e+01
2.289120149971058993e+01
2.284608977913027417e+01
2.280109113949013278e+01
2.277707501326806749e+01
2.273185572191029280e+01
2.268818757884503867e+01
2.264156504980591578e+01
2.257119155492623719e+01
2.250457063019931425e+01
2.245299046647787122e+01
2.239977489075548078e+01
2.234500330171137250e+01
2.228879738473511196e+01
2.222637584725443105e+01
2.216759826973887826e+01
2.210778751101462447e+01
2.204704411541958109e+01
2.198543123089432072e+01
2.192297945099810264e+01
2.188056039336376557e+01
2.181697330082032238e+01
2.175259533943945911e+01
2.166158352071624549e+01
2.159656538791305636e+01
2.150657327386185003e+01
2.143823966723729058e+01
2.136903544880358297e+01
2.129919679241727692e+01
2.122897170338037043e+01
2.115858044110753511e+01
2.111485613059737787e+01
2.104527880076086888e+01
2.099065691508497977e+01
2.089183876087459524e+01
2.082179397357094786e+01
2.075123124118564277e+01
2.066833655907850797e+01
2.059742608714499568e+01
2.055891774361176161e+01
2.048879933019732391e+01
2.038481232160243906e+01
2.031320781596685521e+01
2.024102268804448101e+01
2.016816945868701438e+01
2.009460307888803143e+01
2.002031628954526354e+01
1.995726112214416403e+01
1.988234867050623578e+01
1.976489970574670707e+01
1.968761704736488838e+01
1.960957475176270037e+01
1.953074564175426531e+01
1.945109559489261031e+01
2.007482571718810505e+01
1.999301409832609977e+01
1.996062017919043541e+01
1.987805811670694922e+01
1.974157131229573992e+01
1.965591504343062823e+01
1.956932156898572828e+01
1.948181703744245041e+01
1.939341698302242634e+01
1.930413034605809841e+01
1.921396251765100516e+01
1.912291756431459078e+01
1.903100266808855423e+01
1.893823410233939342e+01
1.884464270039431710e+01
1.875027566306091131e+01
1.865519338789086845e+01
1.855946414675367251e+01
1.846315721017887057e+01
1.836633587023812453e+01
1.834878185865234812e+01
1.817154898415624231e+01
1.807366202522923970e+01
1.787561946491750575e+01
1.777567915696464240e+01
1.767530925021965871e+01
1.757463665679881260e+01
1.747186673369887444e+01
1.737095536578091171e+01
1.727012350094083004e+01
1.716949605841078252e+01
1.706918578833024114e+01
1.696929189074423050e+01
1.686990342214620142e+01
1.677110299351239675e+01
1.667296430599432711e+01
1.657554692747684300e+01
1.647889309644493139e+01
1.638303000106543550e+01
1.628797356800069096e+01
1.619372847329935894e+01
1.610028706631651474e+01
1.600763057888554286e+01
1.591573613351378924e+01
1.582458528146183063e+01
1.571790550570329614e+01
1.562807287333741613e+01
1.553885318358849865e+01
1.483496643022644434e+01
1.473499233736503555e+01
1.463072433020098373e+01
1.455734771032080133e+01
1.446312624649097245e+01
1.437770982577981371e+01
1.430054436980454824e+01
1.423107415955308852e+01
1.411035191010489598e+01
1.403462524530097966e+01
1.395499972599358074e+01
1.387360317557562617e+01
1.379349916696069656e+01
1.371703192829824047e+01
1.364507420548373240e+01
1.357716586803919334e+01
1.351208987024931218e+01
1.345186783158076693e+01
1.338878623517109467e+01
1.332598958956126722e+01
1.326347648613220187e+01
1.320157883748721162e+01
1.314077377875913655e+01
1.308146874206346588e+01
1.302381592097431451e+01
1.296764771844999586e+01
1.291256212770419509e+01
1.285808921701042529e+01
1.280385338915272797e+01
1.274967653158556580e+01
1.269558306097373901e+01
1.264171318933746591e+01
1.258820401386947907e+01
1.260427889007020497e+01
1.255245853297132896e+01
1.243025800003745118e+01
1.237805237307917494e+01
1.232574921322422412e+01
1.227329462656047987e+01
1.222072213907871685e+01
1.216806246376072309e+01
1.211508263701008481e+01
1.206166138004528676e+01
1.200832844089086571e+01
1.195522298030913078e+01
1.197970286921802874e+01
1.189658294220092571e+01
1.184400700644443916e+01
1.179169593738206245e+01
1.173945626965821276e+01
1.168776635665834007e+01
1.163691171592620144e+01
1.158668044330616453e+01
1.153718447317676876e+01
1.148865325845662966e+01
1.152629823007943344e+01
1.139383015408665578e+01
1.129651754801863639e+01
1.125068585984449498e+01
1.120535210884943567e+01
1.121263277738112940e+01
1.116899850360111124e+01
1.112587290458806422e+01
1.108317537920463636e+01
1.104094499166362731e+01
1.094608179577950580e+01
1.090450382468770840e+01
1.086330938495960297e+01
1.082250893161833893e+01
1.078204222950469671e+01
1.079623322318882295e+01
1.085487479791014565e+01
1.071803477091398982e+01
1.067954917277185878e+01
1.064144478121227344e+01
1.060374267001678916e+01
1.056642263384839708e+01
1.052948482298028132e+01
1.058501511532318951e+01
1.040177544658731534e+01
1.036620206905096708e+01
1.038669339632286182e+01
1.035192219553021431e+01
1.031740972334947770e+01
1.028315993794677219e+01
1.019310748274065404e+01
1.015935306410580807e+01
1.012580304546636611e+01
1.014894848793798410e+01
1.011256383958323291e+01
1.007996886806438752e+01
1.004760491446648629e+01
1.001546852504479546e+01
9.926801704103702662e+00
9.895113149820907950e+00
9.863634643662827273e+00
9.889546823353729366e+00
9.858690025692103731e+00
9.828021018589979008e+00
9.740212012093394378e+00
9.709952558704301850e+00
9.679898354407665551e+00
9.707745942492028490e+00
9.678284743566166526e+00
9.649023302836109650e+00
9.562119862584095742e+00
9.533236668961409421e+00
9.562596402236403392e+00
9.534228273218246841e+00
9.447855283309344543e+00
9.473925974236717451e+00
9.446270713831827592e+00
9.360432113114480757e+00
9.391584285088930173e+00
9.306042800831828998e+00
9.337784505547080727e+00
9.311192193533374351e+00
9.220463331782333682e+00
9.252942061849710242e+00
9.168167590494089580e+00
9.201085195690453133e+00
9.116595351387012158e+00
9.149963791300102400e+00
9.124652237618915862e+00
9.040585592076133992e+00
9.074508494214997611e+00
8.990732276828271807e+00
9.025008159272822184e+00
9.000472723324319801e+00
8.917102207049111939e+00
8.951825633055809917e+00
8.868751238704010831e+00
8.900660014812547871e+00
8.876873961370145949e+00
8.794244096201181193e+00
8.770682834970447317e+00
8.806285871446970503e+00
8.782991494414718048e+00
8.759763629931580198e+00
8.677634776277990625e+00
8.654633417870282841e+00
8.631680838206275297e+00
8.667898478243539984e+00
8.645157255746648062e+00
8.622451790693386187e+00
8.540768331323999263e+00
8.518222937130227379e+00
8.495691832306036417e+00
8.532389918385586469e+00
8.510032698247702143e+00
8.487684056185582193e+00
8.406218821050192247e+00
8.383982870380842556e+00
8.420913861409054846e+00
8.339585523824879942e+00
8.376617737701870681e+00
8.295321359123501992e+00
8.273214408735825032e+00
8.310435715599528095e+00
8.288415576260073081e+00
8.271628300177848558e+00
8.190353473739675039e+00
8.168345328169534625e+00
8.146312671637527814e+00
8.124263544974969165e+00
8.161638594985316075e+00
8.139713138944992821e+00
8.117742580089508664e+00
8.095735075208388309e+00
8.014736552945574743e+00
7.992848926350188954e+00
7.970911100164951080e+00
7.948927145882258571e+00
7.986216967581809101e+00
7.964288740337542194e+00
7.942296135433156934e+00
7.861052706797378775e+00
7.839072619290942789e+00
7.817035310322431485e+00
7.854249550502192534e+00
7.832191543792748512e+00
7.810059453962849396e+00
7.787861272787584888e+00
7.706676663976730346e+00
7.684514859364957040e+00
7.662249407445813176e+00
7.639893551357289425e+00
7.676609691983786732e+00
7.654274395101237971e+00
7.631844528483060053e+00
7.609329559494835138e+00
7.586751220911192028e+00
7.505394286717516295e+00
7.482923431080243049e+00
7.460393989835675477e+00
7.496594406573842129e+00
7.474185605819605449e+00
7.451839358323271156e+00
7.432667384751896478e+00
7.352102732901162341e+00
7.330288202387333030e+00
7.308636229925959071e+00
7.345718660385971432e+00
7.324429212749773654e+00
7.302120876360572943e+00
7.281517149699788582e+00
7.261143024010062064e+00
7.182851793745189894e+00
7.163036460008530781e+00
7.195599928315504101e+00
7.176048325929328620e+00
7.156791279207412870e+00
7.079853885255648294e+00
7.615065651826901316e+00
7.587428475474016665e+00
7.555486091352516809e+00
7.520500624411469381e+00
7.482940282134372012e+00
7.439511676807734730e+00
7.452581146499345444e+00
7.344665684435288000e+00
7.348268918453468856e+00
7.231227288625170502e+00
7.172474150829548201e+00
7.124717176817087605e+00
7.147085975012926085e+00
7.112946211384896245e+00
7.012620347701526313e+00
6.974060147063328330e+00
6.935899083134978049e+00
6.900734621743799480e+00
6.928396591826048834e+00
6.902633957463486958e+00
6.882904995971861339e+00
6.855263231141852209e+00
6.834833054806622954e+00
6.812010995360602728e+00
6.787424060467864173e+00
6.764905262849625345e+00
6.746411191454781964e+00
6.734967743400757101e+00
6.741252483290571362e+00
6.711988024115524532e+00
6.617429586232633554e+00
6.590007698354003018e+00
6.572832231879114140e+00
6.556477294974088821e+00
6.537163871607602594e+00
6.520923764406640011e+00
6.499552781321158434e+00
6.482171849161906252e+00
6.462167656602124666e+00
6.448518831142765251e+00
6.489269441140320893e+00
6.475316747556088437e+00
6.458399715572722855e+00
6.441188233923352158e+00
6.427522849770745950e+00
6.410134851411275037e+00
6.396576946649430440e+00
6.334331661047269080e+00
6.320263126102508622e+00
6.305232225086205844e+00
6.290832298891188223e+00
6.275919992943354231e+00
6.260858996456562409e+00
6.247021119335981254e+00
6.293255313445280663e+00
6.279699604654508605e+00
6.265020155262032375e+00
6.250743931153849076e+00
6.236450124003608764e+00
6.160974849981894153e+00
6.147196700128330527e+00
6.133304239356935916e+00
6.119728599613472042e+00
6.105727488861332652e+00
6.153946167663610467e+00
6.126195580017977704e+00
6.112963356481866839e+00
6.099773030286620212e+00
6.024978722597884584e+00
6.013223469526982612e+00
6.014675205476120112e+00
6.001908742082568082e+00
5.989078390782489159e+00
6.038468801779383277e+00
6.026062878876867757e+00
6.013644181113047438e+00
6.001353052668051191e+00
5.927144499945470102e+00
5.900562058964612611e+00
5.888614141751746800e+00
5.876741644519894336e+00
5.927084382351649694e+00
5.915463340852750385e+00
5.918658559761341920e+00
5.844954613223363182e+00
5.833631499585374414e+00
5.884600026126665107e+00
7.862646927862298796e+00
5.853645660759402958e+00
5.782549051937644791e+00
5.835686937783079564e+00
5.765978222378585372e+00
5.772318706013427558e+00
5.824020177966383827e+00
5.753216369221634707e+00
5.791005642217868399e+00
5.718943323056261185e+00
5.771612294520869213e+00
5.699902001247821204e+00
5.751879802749156667e+00
5.680669177260893044e+00
5.732724556217418055e+00
5.660540046630622157e+00
5.728738593797912948e+00
5.703633842952429589e+00
5.632011179524890387e+00
5.622815488944320705e+00
5.613100569238278048e+00
5.665588585237475883e+00
5.656432335155662905e+00
5.647076930038944731e+00
5.637668910403774269e+00
5.566393337711200928e+00
5.573385114343643032e+00
5.547844579549660260e+00
5.601001380048987066e+00
5.592105116661127973e+00
5.520800964732067939e+00
5.574149752894868470e+00
5.519509699570827266e+00
5.556391061156286781e+00
5.485392974776468478e+00
5.538929987580340608e+00
5.468034309586855102e+00
5.521617303559126277e+00
5.513033770489092156e+00
5.442361584678103270e+00
5.433860444844945903e+00
5.425380280492272611e+00
5.479205229249026310e+00
5.470859926113267768e+00
5.465235552863699553e+00
5.456928905345834302e+00
5.386569228628473205e+00
5.378426053347570956e+00
5.370265522684606552e+00
5.424189502545414321e+00
5.416120718532686951e+00
5.408057717646929774e+00
5.338084620354496934e+00
5.330135721136674221e+00
5.460987557589827013e+00
5.314712023711611444e+00
5.307194784801364307e+00
5.299620455526197205e+00
5.291989807677788704e+00
5.284285302209231538e+00
5.276530116978424445e+00
5.268740619820154514e+00
5.466045279304850624e+00
5.253808667964734447e+00
5.246589311924358512e+00
5.239277833550568531e+00
5.231900888547451167e+00
5.224454985255222006e+00
5.279816280808399043e+00
5.270093110941992620e+00
5.262829560149542729e+00
5.255528490872292124e+00
5.248180417202929604e+00
5.178153326622848773e+00
5.170962278685942159e+00
5.168893596972544913e+00
5.161565322986223947e+00
5.217161389109784331e+00
5.358819089440426175e+00
5.140251572701366456e+00
5.133522826831997676e+00
5.126696393873433344e+00
5.119772154606036629e+00
5.112742587219910817e+00
5.105637638509639586e+00
5.098486127813415258e+00
5.091307663072909051e+00
5.084110197753860305e+00
5.140313973358113131e+00
5.133539827428753810e+00
5.126687484665543693e+00
5.273220593520495214e+00
5.112666475777428943e+00
5.043077549260465808e+00
5.036679151279452427e+00
5.030168447363132067e+00
5.023521418753540857e+00
5.016767462671259281e+00
5.009899072146350107e+00
5.002973115282898675e+00
4.996008014470638692e+00
4.989006266392336464e+00
4.981992291807242346e+00
4.974965006274189250e+00
5.032039603868193822e+00
5.028325193180213759e+00
5.021736657237068968e+00
5.174108105653727918e+00
5.008216682627151251e+00
4.937928449349930915e+00
4.928923397492177116e+00
4.922621617032270969e+00
4.916193622964513565e+00
4.909658100329053809e+00
4.903037372225307777e+00
5.046790125378978864e+00
5.039804868404251792e+00
4.885867124570515863e+00
4.942830321161157947e+00
4.936493377255501080e+00
4.930064625931138700e+00
5.072499126633311484e+00
5.065587860288831124e+00
5.058518874753840322e+00
4.841100707465162856e+00
4.834751969376863023e+00
4.974652690464294480e+00
4.967913540455182186e+00
4.815838054872545015e+00
4.953980529147090195e+00
5.011003280999500653e+00
4.861616477738148312e+00
4.997567055746589659e+00
4.990830164658720314e+00
4.843551131245071417e+00
4.913670935812326945e+00
4.907121625583479307e+00
4.900369986192625760e+00
4.757651640385884839e+00
5.068851202878654760e+00
4.880967452845831112e+00
5.018885290897276086e+00
4.735995258401763941e+00
4.729298846521234445e+00
4.858333321760204271e+00
4.853119415875186249e+00
4.847628283655906145e+00
4.841830253403089479e+00
4.835322535909084785e+00
4.828483599299318030e+00
4.821641729725222092e+00
4.680659282368238472e+00
4.677452700235274818e+00
4.805269855284334035e+00
4.799038319230570337e+00
4.857360566725330564e+00
4.851497233881541860e+00
4.845096909087133419e+00
4.838447780075955329e+00
4.831615886027133655e+00
4.701615602624925394e+00
4.630710856939241005e+00
4.749556267797736098e+00
4.744018827734979737e+00
4.738183311099769313e+00
4.732437981327069387e+00
4.790313435630466188e+00
4.783677639777172530e+00
4.712870849248549376e+00
4.706130874040360013e+00
4.764680327179660502e+00
4.693832613678329047e+00
4.778691908864370674e+00
4.683391402974304896e+00
4.679604883262923565e+00
4.674247977806338383e+00
4.669388842215973057e+00
4.664714052540039901e+00
4.658980859835684107e+00
4.545904739041390918e+00
4.647375478443417585e+00
4.641411071768228425e+00
4.633952994084820531e+00
4.628042517023843949e+00
4.687787074474182525e+00
4.681718256197040517e+00
4.675038035240280720e+00
4.668375256110978810e+00
4.573246973565444407e+00
4.591541294180512267e+00
4.586346025031265761e+00
5.748009866924714828e+00
4.577600503558614697e+00
4.572834965590301337e+00
4.569914815879604575e+00
4.566193177160296379e+00
4.561541268799599536e+00
4.557145474337449542e+00
4.483190931545456337e+00
4.547650963172181093e+00
4.543240702942367371e+00
4.537777763133456155e+00
4.532688314480981084e+00
4.527321128947066953e+00
4.521123189170297429e+00
4.514787217768428285e+00
4.508442049995993628e+00
4.502342469491058097e+00
4.498363803972475594e+00
4.492113481404906850e+00
4.486193429739725680e+00
4.459042628756518134e+00
4.475716661126952545e+00
4.471883468934004568e+00
4.466306914135677708e+00
4.461359477374279514e+00
4.456435083656275609e+00
4.450180104634393174e+00
4.443462706631873260e+00
4.437298431715126057e+00
4.430904009234899021e+00
4.423971979843566160e+00
4.417724341210809591e+00
4.411546498329609989e+00
4.404786739509691351e+00
4.398347359671113566e+00
4.392113135498606269e+00
4.385588361779793054e+00
4.538309753270677760e+00
4.377360193985159853e+00
4.378449009672686465e+00
4.374315127757505195e+00
4.370779191559788224e+00
4.367150689403166197e+00
4.361710504373810693e+00
4.355137262756756833e+00
4.348971341825428993e+00
4.342707770887680674e+00
4.335936980486513548e+00
4.329574636892685291e+00
4.323298501266146232e+00
4.316613257914380775e+00
4.310431962881242640e+00
4.304505920386470841e+00
4.298132163421324314e+00
4.291656309251798973e+00
4.285223387700867193e+00
4.278744591379842532e+00
5.502553501555430771e+00
4.269209052920163394e+00
4.265919823316613346e+00
4.262327272127259370e+00
4.404100964616100455e+00
4.255196792379121185e+00
4.257079216284088474e+00
4.255237374918139359e+00
4.253693309789413846e+00
4.250904907049382508e+00
4.245428823745895031e+00
4.237676825352614252e+00
4.230796574399231069e+00
4.224359029749087391e+00
4.217796105290500641e+00
4.211601038460038637e+00
4.205787688573281891e+00
4.199466094952131634e+00
4.193308278110607468e+00
4.187743844671365068e+00
4.181373074408699431e+00
4.174722986940882841e+00
4.168010130537810554e+00
4.161415778935221077e+00
4.154551532803385072e+00
4.147746426757903393e+00
4.141539435965970739e+00
4.134618480817162656e+00
4.127999660649082969e+00
4.121248644096255020e+00
4.114126406121430435e+00
4.106601673695472243e+00
4.098886889507066478e+00
4.091419503778751299e+00
4.425447104921573782e+00
4.088728115435490196e+00
4.091735439336559921e+00
4.087533547851439408e+00
4.084613199364484970e+00
2.956538404591249147e+01
4.184432564723819858e+00
4.279007817349306464e+00
4.345527553348929928e+00
4.373511684168938984e+00
4.365390525056115578e+00
4.355386677055086864e+00
4.342480091202470582e+00
4.346540740171064954e+00
5.440482741925579901e+00
4.357988534810160353e+00
4.329741165113667023e+00
4.317191913501221556e+00
4.293183081003144608e+00
4.275771417600703117e+00
4.253357031167159796e+00
4.234985624552936478e+00
4.213900963988743698e+00
4.191306055644061779e+00
4.164045212688542996e+00
4.140908297197041676e+00
4.119646923311525377e+00
4.100725399398971405e+00
4.084348837721522685e+00
4.067502815104685254e+00
4.055618933741907739e+00
4.043128031578325121e+00
4.032285244510302569e+00
4.020541456150644066e+00
4.009557739298730716e+00
3.999743295237564666e+00
3.990594857081511737e+00
3.982711483078343218e+00
3.974941730052400590e+00
4.600487819159263303e+00
3.970973161083737768e+00
3.981163661760728889e+00
3.984822697142222481e+00
3.979224857728899778e+00
3.975791986575017756e+00
3.971232970172046350e+00
3.960029234242149698e+00
3.947635193854861502e+00
3.939643288244453867e+00
3.935753833532643853e+00
3.930071369450568675e+00
3.923090559534021970e+00
3.917358444653167737e+00
3.911750523095031795e+00
5.200408324413221095e+00
3.903457323680711522e+00
3.901224543886666396e+00
3.898942578851039897e+00
3.894830871841913122e+00
3.889395438079117806e+00
3.884847706526922906e+00
3.879888399696217238e+00
3.874806355506652533e+00
3.868950239155638293e+00
3.862640344883000676e+00
3.856439901782013013e+00
3.849568031284518188e+00
3.843389723798518176e+00
3.837710605291031030e+00
3.832644894496342047e+00
3.827325284819231843e+00
3.821721741891329405e+00
3.816283062963984563e+00
3.810797047016430739e+00
3.805444590917308467e+00
3.799899240961058577e+00
3.794590022548265384e+00
3.789419272408921735e+00
3.784087803120117499e+00
3.778677476303850202e+00
3.773060954096317587e+00
3.767720153607476696e+00
3.762369518425814352e+00
3.757012628737974591e+00
3.751654755600796864e+00
3.746310746443034745e+00
3.741089108319863410e+00
3.735811494939367705e+00
3.730560048264798478e+00
3.725305789299043546e+00
4.613665863226968256e+00
3.733087254860919746e+00
3.750947522262482625e+00
3.759885626539248626e+00
3.758596698970663841e+00
3.757421409232452714e+00
3.756315736881854939e+00
3.750892739610810267e+00
3.741971771899859522e+00
4.243496698524924504e+00
4.182401805238016301e+00
4.105243194262246931e+00
4.063938749499055092e+00
4.038614260097908470e+00
3.980684986759229549e+00
3.911435594597233223e+00
3.866015459946547050e+00
3.874110023890241727e+00
3.869573808456700181e+00
3.864559057148700738e+00
3.849375623012391667e+00
3.830613534281534616e+00
3.818532369737617671e+00
5.136604677428507237e+00
3.812066784208598680e+00
3.800674024211604607e+00
3.783389324339605508e+00
3.773570621632762023e+00
3.768068985743040500e+00
3.761988098388115542e+00
3.755239189801715227e+00
3.748364495690491793e+00
3.742470816504423592e+00
3.736757262863381612e+00
3.730984470920402085e+00
3.724422131331370345e+00
3.716977102662859522e+00
3.708889174958593049e+00
3.701836420097439184e+00
3.696654927721390038e+00
3.691130757634156545e+00
3.684675105366324477e+00
3.678130411816327161e+00
3.671844624456184203e+00
3.671941347049081816e+00
3.666047847382813529e+00
3.660253869071664834e+00
3.655045851193276185e+00
3.649497825324986788e+00
3.643491780183218509e+00
3.637235238401510085e+00
3.631005359500065310e+00
3.625138890558559090e+00
3.619490918670236645e+00
3.614074842674878330e+00
3.608612565073105571e+00
3.602734289075243623e+00
3.596476634113602078e+00
3.590218283569730051e+00
3.584156186122858578e+00
3.578122265287179360e+00
3.572010549680994629e+00
3.565878481775976550e+00
3.559803269757506605e+00
3.553688087023709308e+00
3.547384112556874136e+00
3.540995687516135693e+00
3.534644054862345453e+00
4.783250429437844176e+00
3.524195131447835916e+00
3.519916825887060341e+00
3.515780973941791565e+00
3.511231876191679202e+00
3.506390114929919477e+00
3.501288385379742962e+00
3.495842130735878239e+00
3.490266997604813071e+00
3.484522093172541801e+00
3.478622597462529775e+00
3.472654995344518269e+00
3.466607712776720973e+00
3.460546650249264999e+00
3.454498177265270087e+00
3.448478485440586105e+00
3.442530692204824661e+00
5.226997119076552067e+00
3.455825202368303373e+00
3.476163970640257617e+00
3.488219984457909817e+00
3.486917019689702357e+00
3.484615273618463682e+00
3.484173711289753506e+00
3.482489841102693440e+00
3.476570572236666656e+00
3.470491109576955502e+00
3.466797660454698171e+00
3.462761838761076127e+00
3.456196849542433114e+00
3.444282182548650706e+00
3.431811850777603201e+00
3.421157595332305235e+00
3.413060051108467441e+00
3.406620670395753336e+00
3.400115934519465810e+00
3.393785861061075160e+00
3.386955421147797907e+00
3.380225001280267705e+00
3.373009828978288382e+00
3.366131852308117178e+00
3.359770985076582228e+00
3.353989009393735898e+00
3.348353177611259834e+00
3.341948884778686679e+00
3.335017023453844320e+00
3.327563409393276661e+00
3.320629004506832516e+00
3.313914888791688718e+00
3.307548456239918444e+00
3.300890284958317267e+00
3.294032575515640993e+00
3.287032402412400245e+00
3.280083158746660565e+00
3.273301439218251119e+00
3.266669624824385831e+00
3.260156031415516686e+00
3.253641437722568419e+00
3.247017085596925146e+00
3.240252416210189335e+00
3.233427187575671269e+00
3.226662722457084076e+00
3.219964926002563566e+00
3.213334531783164749e+00
3.206597414137653868e+00
3.199791835906525606e+00
3.192908135147101589e+00
3.186071672902710539e+00
3.179279289018646093e+00
3.172531998214334070e+00
3.165780356748898683e+00
3.159006374806011763e+00
3.152226439911261835e+00
3.145451339347432373e+00
3.138711779088414477e+00
3.131999347741674988e+00
3.125325705348918515e+00
3.118661629977794725e+00
3.112000659883965348e+00
3.105346605648713343e+00
4.544110659743704872e+00
3.095732470859922536e+00
3.092948292421642709e+00
3.090150576270202176e+00
3.086808014360485242e+00
3.082898912301996752e+00
3.078429044546386883e+00
3.073409836499633396e+00
3.067970906466063852e+00
3.062097853145027138e+00
3.056055809998261985e+00
3.049890696388287914e+00
3.043744411070083089e+00
3.037714334142238570e+00
3.031730072469655646e+00
3.025859999227947128e+00
3.019991705698081841e+00
3.014231823806448496e+00
3.008482536892779002e+00
3.002780091570611987e+00
2.997042844514576032e+00
2.991237058332821164e+00
2.985351283865778971e+00
2.979393656862335149e+00
2.973413938055291972e+00
2.967442077341550632e+00
2.961503447253102550e+00
2.955582584636394117e+00
2.949669420843308743e+00
2.943782362793811114e+00
2.937909950562878958e+00
2.932068187891358590e+00
2.926226926338064693e+00
2.920389639635804002e+00
2.914543108243103475e+00
2.908697422969513724e+00
2.902850120494046227e+00
2.896996105283157874e+00
2.891137314191004393e+00
2.885270207889847782e+00
2.879400454874140980e+00
2.873531914509350749e+00
2.867665894284631811e+00
2.861806990364898162e+00
2.855951854449459759e+00
2.850099598146972113e+00
2.844241999034258228e+00
2.838380702624323071e+00
4.351473886120681200e+00
2.830289156458867250e+00
2.828174285633815455e+00
2.826082178248813026e+00
2.823293112970961971e+00
2.819922875529755846e+00
2.816119229188659201e+00
2.811888520774334488e+00
2.807322773014361061e+00
2.802243789775856975e+00
2.796957661642456294e+00
2.791466185690156365e+00
2.785886064387005590e+00
2.780472864325579607e+00
2.774934196765323602e+00
2.769439263034887855e+00
2.763813940539693981e+00
2.758259640652635625e+00
4.775845250126932839e+00
2.767083583525675294e+00
2.783840387537810823e+00
2.791010744297809598e+00
2.791170415130893367e+00
2.789425791984957215e+00
2.791415995043925236e+00
2.793113503112210960e+00
2.792183255740859238e+00
2.785226931806326078e+00
2.777597222388239917e+00
2.770156108264783867e+00
2.763874588686622058e+00
2.759153910776966256e+00
2.752732556274344766e+00
2.745332467510011476e+00
2.736674702708886020e+00
2.729004277729952577e+00
2.722918013256065972e+00
2.717267704574977571e+00
2.710841093591229267e+00
2.703605840474358146e+00
2.697440817293939475e+00
2.691753838341965910e+00
2.686460501340610207e+00
2.681130205981316905e+00
2.675201309182009268e+00
2.669311955985168794e+00
2.663588147351943825e+00
2.657980528882257776e+00
2.651996989355173806e+00
2.645821548425336900e+00
2.639673881585874238e+00
2.633596974452756534e+00
2.627836437803650060e+00
2.622017454655941382e+00
2.616035218606111989e+00
2.610035451762079628e+00
2.604193621273839465e+00
2.598492183396755806e+00
2.592688823149926769e+00
2.586769677463792050e+00
2.580768552939162852e+00
2.574865298078008902e+00
2.569042871413108386e+00
2.563125941434773125e+00
2.557099642628848368e+00
2.550983088580717428e+00
2.544878736916659001e+00
2.538776762523546005e+00
2.532605198905941712e+00
2.526330858509593824e+00
2.519974406611100282e+00
2.513607661366457080e+00
2.507214871733022488e+00
2.500790551129583594e+00
2.494324065958691161e+00
2.487811751306066466e+00
2.481301377083962478e+00
2.474807693814338627e+00
2.468328250942653845e+00
2.461850073705934783e+00
4.190313812516275327e+00
2.453931084843528065e+00
2.452393797240945084e+00
2.450796286200447760e+00
2.448266185468376932e+00
2.444895715540072345e+00
2.441267276173606504e+00
2.436823845289180834e+00
2.431983287527767601e+00
2.426424256995721507e+00
2.420554069915506368e+00
2.414724710413949094e+00
2.408789699946316532e+00
2.403302877071663346e+00
2.397646811731098282e+00
2.391997067099990826e+00
2.386407981154322400e+00
2.380900450628228082e+00
2.375592257673601715e+00
2.370216465922521554e+00
2.364687524223683557e+00
2.359036431895713104e+00
2.353253569967422631e+00
2.347519122958429794e+00
2.341777048263494088e+00
2.336092740349180019e+00
2.330401537723070238e+00
2.324688565620721903e+00
2.318969827897355618e+00
2.313366568870881768e+00
2.307830501127005718e+00
2.302284753096261127e+00
2.296706754371100168e+00
2.291144677336895974e+00
2.285582453436609818e+00
2.280047406056072923e+00
2.274523135188266210e+00
2.268988068287283610e+00
2.263463599416255967e+00
2.257941927835499296e+00
2.252461046045540094e+00
2.247003694783360483e+00
2.241561406244021004e+00
2.236131457390925004e+00
2.230705039080373098e+00
2.225298620877484979e+00
2.219907155622004691e+00
2.214517291797913678e+00
2.209142170601657185e+00
3.939353634724017894e+00
2.203368622595526460e+00
2.202990970009141236e+00
2.202659199510669019e+00
2.201554177098879794e+00
2.199303839319194598e+00
2.196403439650532974e+00
2.192487619260095499e+00
2.188023652374091466e+00
2.183145812374037487e+00
2.177940537253800990e+00
4.630775932134964634e+00
2.193699155363082465e+00
2.218000126679568584e+00
2.230507370323859817e+00
2.239323123818393046e+00
3.526634491991618603e+00
2.300062809136309117e+00
2.373513321301858880e+00
2.381351782733823974e+00
2.346627734895340822e+00
2.325788276062169313e+00
2.328435340654344099e+00
2.336311035188749052e+00
2.343148404247896721e+00
2.337537023684278292e+00
2.311675730658983241e+00
2.278927533869004929e+00
2.260448744616797789e+00
2.258337951349719042e+00
2.253288625774345633e+00
2.240008835883855021e+00
2.223203938824961590e+00
2.210776112535237203e+00
2.202743380352076841e+00
2.196145520290976982e+00
2.191614425910390462e+00
2.186711496654296649e+00
2.178873317393337672e+00
2.168476951193761160e+00
2.160136704595679635e+00
2.154968863297098913e+00
2.150749999657646239e+00
2.145364082039775688e+00
2.138138079140076808e+00
2.130355427520806089e+00
2.123511574877057217e+00
2.118306070510005412e+00
2.113760884461611145e+00
2.108278676421268649e+00
2.101709935840860410e+00
2.094684388744921133e+00
2.088585256779205590e+00
2.083606232405720959e+00
2.078923726658074678e+00
2.073408350813802148e+00
2.067245431265079425e+00
2.061434955304219496e+00
2.056454626997013868e+00
2.051888519646259290e+00
2.047074120330378832e+00
2.041897287847376674e+00
2.036725360417165120e+00
2.031844790937027412e+00
2.027248513006898012e+00
2.022679315936330546e+00
2.018002010638763721e+00
2.013169816939774037e+00
2.008383801218068143e+00
2.003763472699158221e+00
1.999277968078240875e+00
1.994748677370290491e+00
1.990118722939059559e+00
1.985485609700685217e+00
1.980938598246687388e+00
1.976495589993267021e+00
1.972103743185536828e+00
1.967709785272818479e+00
1.963308293610144695e+00
1.959181112845127082e+00
1.954827549570432144e+00
1.950513886980315803e+00
1.946224880457357642e+00
1.941915833336093300e+00
1.937586837466966472e+00
1.933271216848224450e+00
1.929000963978584116e+00
1.924758209051284918e+00
1.920511486244751431e+00
3.770099287278315003e+00
1.916762887443559382e+00
1.917283181079955767e+00
1.917843316172940682e+00
1.917479295047547883e+00
1.915890588162640018e+00
1.913546979811806548e+00
1.910219786893079030e+00
1.906680641814308963e+00
1.902482325271720676e+00
1.898179766315527983e+00
1.885690714499000942e+00
1.881273455943138107e+00
1.877398313953105635e+00
1.873284243434212071e+00
1.869349539293628570e+00
1.865374502993099259e+00
1.861465212727058116e+00
1.857665838135674985e+00
1.853733610737527293e+00
1.849619366686586108e+00
1.845306644024849341e+00
1.840929962057280100e+00
1.836665915468685073e+00
1.832354648105787076e+00
1.828193777984124413e+00
3.671826154460332337e+00
2.458092856840845997e+00
2.838312625940040412e+00
2.888441134222303308e+00
2.816861423521518581e+00
3.410190299988716589e+00
3.304975004266984762e+00
3.158129911857339600e+00
3.026446035697342829e+00
2.998037174888063205e+00
3.023446661014693948e+00
2.983263749529151188e+00
2.887633867947896782e+00
2.834800197031159819e+00
5.781693734781317318e+00
2.753675365614405735e+00
2.753237077535912292e+00
2.744948794109412393e+00
2.708938728190611656e+00
2.688296450218442324e+00
2.701368939331223018e+00
2.724492314824999539e+00
2.735557702950710990e+00
2.716989574027998344e+00
2.688759088026201116e+00
2.659639743872874273e+00
2.633409522401944702e+00
2.613021164639888205e+00
2.602180110020860582e+00
2.603191012080782407e+00
2.603614393781088054e+00
2.596894212212840891e+00
2.582173636894821822e+00
2.571008043952714317e+00
2.567591471025718608e+00
2.564069656671399855e+00
2.558019260842471887e+00
2.551420630932317302e+00
2.547633711948365409e+00
2.544339730067512129e+00
2.538618819287282058e+00
2.529749101945600653e+00
2.520472739379929550e+00
2.513192636514006928e+00
2.508689241480203336e+00
2.506619211273911851e+00
2.503898118587830623e+00
2.499338053869813780e+00
2.494001507012522545e+00
2.489217311692952794e+00
2.484486004328679165e+00
2.479562877505104623e+00
2.475368686573248489e+00
2.472030120659882257e+00
2.469255841087340198e+00
2.465799371861736589e+00
2.461621499208662023e+00
2.457556804664825734e+00
2.453892419784740042e+00
2.450633578719237260e+00
2.447389403903222238e+00
2.444189295743947721e+00
2.441038285810656738e+00
2.437901107183435112e+00
2.434546339747612365e+00
2.431098535962228802e+00
2.427899157369713290e+00
2.424873401612481327e+00
2.421871737459245111e+00
2.418845080965660976e+00
2.415890680113224498e+00
2.412958252161604200e+00
2.410022777775710168e+00
2.407078220324073925e+00
2.404162914429876174e+00
2.401287025242540007e+00
2.398417345916956211e+00
2.395628657244371240e+00
2.392906690740473685e+00
2.410091606219136651e+00
2.407147848813774083e+00
2.384805755132251903e+00
2.382120700472381003e+00
2.379462619194510964e+00
2.376856069245589342e+00
2.374270878587242173e+00
2.371689096975790889e+00
2.369110686826052525e+00
2.366527920727654166e+00
2.363953843023823609e+00
2.361401160508454833e+00
2.358884737757922068e+00
2.356385345434723444e+00
2.353894539444858935e+00
2.351420692958342329e+00
2.348963982832734665e+00
2.346517320663782158e+00
2.343373806850561181e+00
2.340952426259408803e+00
2.338527369612800388e+00
2.336098201561823462e+00
2.333670912966040678e+00
2.331254638104454546e+00
2.346331738248105037e+00
2.343827350693148848e+00
2.324104366649998532e+00
2.321750287611251018e+00
2.319404113044014171e+00
2.317066974475382679e+00
2.314227541740023320e+00
2.311906294789744187e+00
2.309597510892142935e+00
2.307299514565920084e+00
2.305012097787369374e+00
2.302735233449687335e+00
2.300470931247847073e+00
2.298219756434535910e+00
2.295980071272960998e+00
2.293752255538788809e+00
2.291537412394260453e+00
2.289334508187113926e+00
2.287142870017176755e+00
2.284962871664193873e+00
2.282794391208069040e+00
2.280637290755088031e+00
4.359323524092936886e+00
2.279889494419459872e+00
2.282146492913867952e+00
2.283843516368551541e+00
2.284963415413366228e+00
2.285140143514059474e+00
2.284349550618816949e+00
2.282826334230677379e+00
2.280817025243166540e+00
2.278418238649468464e+00
2.276095032187259726e+00
2.273466683904096008e+00
2.271165316273274115e+00
2.268922547066490658e+00
2.266494338085408344e+00
2.264176957754579167e+00
2.261930184066223593e+00
2.259857848418364235e+00
2.257978469034979341e+00
2.256074270879504517e+00
2.253927167334646597e+00
2.251804402847017883e+00
2.249573698790233500e+00
2.247281347939659835e+00
2.245044768279861547e+00
2.242774868081335526e+00
2.240538108338167689e+00
2.238329503432416434e+00
2.236170937379678314e+00
2.234077837125794552e+00
2.232016182720937714e+00
2.229970472976060769e+00
2.227984858037562965e+00
2.226020194513299799e+00
2.224057171343927664e+00
2.222124137792865106e+00
2.220170459699904342e+00
2.218197287264183970e+00
2.216241523752417564e+00
2.214285921479267394e+00
2.212351734932681779e+00
2.210448824456070938e+00
5.601112004658861387e+00
2.244987794750839427e+00
2.283497841149599417e+00
2.296696180037243629e+00
2.304986544214771449e+00
2.321554762341432543e+00
2.326596771665867536e+00
2.321199276398843381e+00
2.326849730003417438e+00
2.328730683351963204e+00
2.319352543663230737e+00
2.305404419700229024e+00
2.302063268016880659e+00
2.299452211603891794e+00
2.312997020370355816e+00
2.287566518998253251e+00
2.285859972700333476e+00
2.280822708260215048e+00
2.275621340178973995e+00
2.274785552786715570e+00
2.273731392887128777e+00
2.270985010400289994e+00
2.268036346836937778e+00
2.265160675041717475e+00
2.260999655821696486e+00
2.256675021527689395e+00
2.252797469871969049e+00
2.249110323902752562e+00
2.246033238739854276e+00
2.242951741204828764e+00
2.239670858732751846e+00
2.236862901080119315e+00
2.234921089098088842e+00
2.232542796659201301e+00
2.229967880421365400e+00
2.227586077354965610e+00
2.225009408300314462e+00
2.222035379251801501e+00
2.219474817612582918e+00
2.217376630110207358e+00
2.214867889628995279e+00
2.212152898122845102e+00
2.209793945128771142e+00
2.207592391647048125e+00
2.205130144379135793e+00
2.202892321230368822e+00
2.200899925248230637e+00
2.198740248283880483e+00
2.196476968290789422e+00
2.194445425030454366e+00
2.192529865095607988e+00
2.190485025187886681e+00
2.188452767703878976e+00
2.186480353853014869e+00
2.184475125664357087e+00
2.182444220196222417e+00
2.180519051445869216e+00
2.178626358253961115e+00
2.176691733124968664e+00
2.174767683219150705e+00
2.172898010420772685e+00
2.171052897282566896e+00
2.169216942641745582e+00
2.167405439379193055e+00
2.165606313856574872e+00
2.163816731071706023e+00
2.162029665282236390e+00
2.160260591481601544e+00
2.158508292498285908e+00
2.156767372577714781e+00
2.155023950877264838e+00
2.153287470557478489e+00
2.151569178976976637e+00
2.149861210016736024e+00
2.148158333673096276e+00
2.146467275396616525e+00
2.144790454835969307e+00
2.143116995184569884e+00
2.141453652501133842e+00
2.139804662945949065e+00
2.138163828469743066e+00
2.136525561972995035e+00
2.134895966074766172e+00
2.133275387007318002e+00
2.131660016135425550e+00
2.130050656892711114e+00
2.128450147601209430e+00
2.126856437901679886e+00
2.125266757219320457e+00
2.123683601991781522e+00
2.122107899350729632e+00
2.120539112842990459e+00
2.118975876115254842e+00
2.117418802049539917e+00
2.115867444909672823e+00
2.114321315145561986e+00
2.112780231629868943e+00
2.111245274540547001e+00
2.109716233792306994e+00
2.108191710109577066e+00
2.106671702923542888e+00
2.105156876362340057e+00
2.103646918542048994e+00
2.102141128370113243e+00
2.100639958598080170e+00
2.099143183338465057e+00
2.097650005949148522e+00
2.153026066741155375e+00
2.095004040335005868e+00
2.093972709830434820e+00
2.092632611267155163e+00
2.091024261806534668e+00
3.909449536917863455e+00
2.469710214786011271e+00
2.782373288920808818e+00
2.882225169137916598e+00
2.897572807486578306e+00
2.813766704923208017e+00
2.716801590907173214e+00
2.614604028041323414e+00
2.476138252192610523e+00
2.412006390781492371e+00
2.463734540312044530e+00
2.482124693633140922e+00
2.438966373296831414e+00
2.378362104942040034e+00
2.317540972085091688e+00
2.291542866266649714e+00
2.308406333434342095e+00
2.303644364721445292e+00
2.254131251302089467e+00
2.204726364589435050e+00
2.187771206382101319e+00
2.198856793046950031e+00
2.216473133512806726e+00
2.211771230476652139e+00
2.186639436070376696e+00
2.160507087213171307e+00
2.135998767364588602e+00
2.120589820537054138e+00
2.121935488911177892e+00
2.126406085312052774e+00
2.121274626584771283e+00
2.112279198796653379e+00
2.103624479017175197e+00
2.097351513986077443e+00
2.094925464565541517e+00
2.092835414154381901e+00
2.088616548249501825e+00
2.083145949232450445e+00
2.078048087187831516e+00
2.073831316291689042e+00
2.071459592907108682e+00
2.069832224524103648e+00
2.066516572915625627e+00
2.062496761705395976e+00
2.059905272504036766e+00
2.058793175560756694e+00
2.057888818711613332e+00
2.055618127465369760e+00
2.051865288340391391e+00
2.048450421621766715e+00
2.046592842863607764e+00
2.045419713105198767e+00
2.044096884050240703e+00
2.042433821439176178e+00
2.040406444437481870e+00
2.038278761577039688e+00
2.036263012507008252e+00
2.030728273939263584e+00
2.029082235540017543e+00
2.027689842736684511e+00
2.026277730542616062e+00
2.024799531958895393e+00
2.023413480300030987e+00
2.022019664500097846e+00
2.020518342974603421e+00
2.018910705517379611e+00
2.017330335735860736e+00
2.015899719189274464e+00
2.014644917575695970e+00
2.013393880911690914e+00
2.012018285074114843e+00
2.010596316521975346e+00
2.009204387496966504e+00
2.007889136577150957e+00
2.006655011958529577e+00
2.005426226948427981e+00
2.004139947668612809e+00
2.002820358233755371e+00
2.001514084342479016e+00
2.000247307968182842e+00
1.999021272230890656e+00
1.997791717473877959e+00
1.996533498077705637e+00
1.995279197779803670e+00
1.994060333157232190e+00
1.992870137133454289e+00
1.991682078817788470e+00
1.990474791389025944e+00
1.989251509387476524e+00
1.988043137102625479e+00
1.986859615882826002e+00
1.985689820404968886e+00
1.984525067598101433e+00
1.983355455924671551e+00
1.982177468330513559e+00
1.980997388111435331e+00
1.979826385202438033e+00
1.978667078632320830e+00
1.977515785994103936e+00
1.976363167143706079e+00
1.975203914786105353e+00
1.974046093163737359e+00
1.972895616923722617e+00
1.971749992951242314e+00
1.970603539035354901e+00
1.969454413536483317e+00
1.968305287015344351e+00
1.967160071801269394e+00
1.966018274936287114e+00
1.964876233978008591e+00
1.963732954237366712e+00
6.311010555581073156e+00
2.015498628733348951e+00
2.078572890924953676e+00
2.105939967439065086e+00
2.117921163905452708e+00
2.126669604020568816e+00
2.133915615615475048e+00
2.137883909202970667e+00
2.135454227458092102e+00
2.173650507841058399e+00
2.116571598557216216e+00
2.109347664026404168e+00
2.100107235085142410e+00
2.093163116330927664e+00
2.087787941944638348e+00
2.084402909198329823e+00
2.081262306644793725e+00
2.076739437922044740e+00
2.070322724842328821e+00
2.068108065341304425e+00
2.068437039533334243e+00
2.064993414334129085e+00
2.060341942895643985e+00
2.056644639543017128e+00
2.052350568805746178e+00
2.046038780228161436e+00
2.040203954735131830e+00
2.035731889380714144e+00
2.032144752962302903e+00
2.028433086035482003e+00
2.024557823969896475e+00
2.021838434697464493e+00
2.019187203406601405e+00
2.016133950729083857e+00
2.013487979987741205e+00
2.011431291664336207e+00
2.008867678120122680e+00
2.005917190510491555e+00
2.003153301775634887e+00
2.000321988915136906e+00
1.997854577327134562e+00
1.995834124373417007e+00
1.993869257117270699e+00
1.991761982658640351e+00
1.989768701302628395e+00
1.987901462716898715e+00
1.986008199949713671e+00
1.984108772779674457e+00
1.982232436618112770e+00
1.980515541184190820e+00
1.978757180233742030e+00
1.976892027477902936e+00
1.975140561299402187e+00
1.973537599794590314e+00
1.971875045741527721e+00
1.970128938076143754e+00
1.968445321249738145e+00
1.966795790145188016e+00
1.965209465504315522e+00
1.963685815843396298e+00
1.962172856760778128e+00
1.960658114262558316e+00
1.959154570537550599e+00
1.957652818952605234e+00
1.956142689809986734e+00
1.954659209668492048e+00
1.953201078353022924e+00
1.951761127192464418e+00
1.950310689489124005e+00
1.948860940624783211e+00
1.947451394772031996e+00
1.946062941675034352e+00
1.944661149524479438e+00
1.942987148933505548e+00
1.941608369611355300e+00
1.940234626633337678e+00
1.938865678983577867e+00
1.937507912615635153e+00
1.936155432999705051e+00
1.934804049226742650e+00
1.933455750218079139e+00
1.932115938368541119e+00
1.930785249905353940e+00
1.929461927154119572e+00
1.928141402725737752e+00
1.926825359431125761e+00
1.925511734734818070e+00
1.924200303221909936e+00
1.922894078880366564e+00
1.921590663054019821e+00
1.920288316247723781e+00
1.918988224567884426e+00
1.917690037890481314e+00
1.916391251486581293e+00
1.915094072765530342e+00
1.913798619293277214e+00
1.912502641703067052e+00
1.911206017139249536e+00
1.909909373407245647e+00
1.908612437093434311e+00
1.907313916980689195e+00
1.906013342734064864e+00
1.904710688976963162e+00
1.903405862969390849e+00
1.902097696742176769e+00
1.900786318856672708e+00
1.899472444577245067e+00
1.898155595238403048e+00
1.896835275845485169e+00
1.895511356003101389e+00
1.894183619135092478e+00
1.892851910753436506e+00
1.891516489095624642e+00
1.890177084403855234e+00
1.888833554209706778e+00
1.887485955651809988e+00
1.886134133789709288e+00
1.884777852100653961e+00
1.883416965792712450e+00
1.880727744896383058e+00
1.879357205895348493e+00
1.877979461451690257e+00
1.876594466019479324e+00
1.875202089938933669e+00
1.873802026976475688e+00
1.872393870450464126e+00
1.870977257805590988e+00
1.869551666174074755e+00
1.868116467548836646e+00
1.866671109376710991e+00
1.865215090495179417e+00
1.863747844242903406e+00
1.862268809286059978e+00
1.860777451136373051e+00
1.859273311545226015e+00
1.857756073954823117e+00
1.856225528815113934e+00
1.854681571205815338e+00
1.853124227145566350e+00
1.851553668555850907e+00
1.849970196815517109e+00
1.848374189781969879e+00
1.846766071841556833e+00
1.845146354110750231e+00
1.843515570885609911e+00
1.841874173528602610e+00
1.840222505792318275e+00
1.838560799535827073e+00
1.836889126419672280e+00
1.835207370101937130e+00
1.833515245322807186e+00
1.831812323782361807e+00
1.830098079624595808e+00
1.828371934177745572e+00
1.826633331468015209e+00
1.824881825049583073e+00
1.823117159396304032e+00
1.821339356752189165e+00
1.819548797184929345e+00
1.817746278121489034e+00
1.815933052339198328e+00
1.814110839787537177e+00
1.812281794998436446e+00
1.810448442424066773e+00
1.808613575314729216e+00
1.806780120287243108e+00
1.804950990548238821e+00
1.803128941722437650e+00
1.801316441132679858e+00
1.799515574242359417e+00
1.797728003203272973e+00
1.795954978166672600e+00
1.794197393022086473e+00
1.792455872464590039e+00
1.790730878867983211e+00
1.789022820290461890e+00
1.787332143829051478e+00
1.785659407969502954e+00
1.784005332159904533e+00
1.782370819917181270e+00
1.780756958736307016e+00
1.779164997636237810e+00
1.777596300434983068e+00
1.776052277752167674e+00
1.774534302514592099e+00
1.773043617235476432e+00
1.771581245578007557e+00
1.770147922206949609e+00
1.768744050086999087e+00
1.767369687865395278e+00
1.766024562437660039e+00
1.764708099349732828e+00
1.763419463469863668e+00
1.762157604314886994e+00
1.760921304530124409e+00
1.759709231331208157e+00
1.758519989155492791e+00
1.757352169535979947e+00
1.756204392861352215e+00
1.755075338031674814e+00
1.753963760363702606e+00
1.752868500936612950e+00
1.751788491252042279e+00
1.750722755634271044e+00
1.749670411188283037e+00
1.748630664115745414e+00
1.747602802663327459e+00
1.746586188337178935e+00
1.745580247282832564e+00
1.744584462893082000e+00
1.743598369518395863e+00
1.742621546469592442e+00
1.741653611780230371e+00
1.740694216327363320e+00
1.739743039084648002e+00
1.738799783583929726e+00
1.737864175029163682e+00
1.736935957463128899e+00
1.736014890854663539e+00
1.735100748606415610e+00
1.734193315858172380e+00
1.733292388434107378e+00
1.732397772080148890e+00
1.731509281650229992e+00
1.730626740262618535e+00
1.729749978674645083e+00
1.728878834897058514e+00
1.728013153876408747e+00
1.727152787072162354e+00
1.726297591950953336e+00
1.725447431624806072e+00
1.724602174717705827e+00
1.723761695348788425e+00
1.722925873018739562e+00
1.722094592315077222e+00
1.721267742578497684e+00
1.720445217663487458e+00
1.719626915806711231e+00
1.718812739497313835e+00
1.718002595280067268e+00
1.717196393538555466e+00
1.716394048293811814e+00
1.715595477010954717e+00
1.714800600394660313e+00
1.714009342202308384e+00
1.713221629113953703e+00
1.712437390648487767e+00
1.711656559058761795e+00
1.710879069172247302e+00
1.710104858208166156e+00
1.709333865615235037e+00
1.708566032939612178e+00
1.707801303719758801e+00
1.707039623397402561e+00
1.706280939218004500e+00
1.705525200104327066e+00
1.704772356547594514e+00
1.704022360548985260e+00
1.703275165565770966e+00
1.702530726424731800e+00
1.701788999244663092e+00
1.701049941379363162e+00
1.700313511347832263e+00
1.699579668776260100e+00
1.698848374363662872e+00
1.698119589825433540e+00
1.697393277844457593e+00
1.696669402049657105e+00
1.695947926965388541e+00
1.695228817973724489e+00
1.694512041289854443e+00
1.693797563907721182e+00
1.693085353586174735e+00
1.692375378804074071e+00
1.691667608737715156e+00
1.690962013234530659e+00
1.690258562778868878e+00
1.689557228486423313e+00
1.688857982043533879e+00
1.688160795763873789e+00
1.687465642426343893e+00
1.686772495984156350e+00
7.192485668616776628e+00
2.026960255727585647e+00
2.330018596169287193e+00
2.197652573530900710e+00
2.137962245668878047e+00
2.114298785957795968e+00
2.134993813006428987e+00
2.167550381901127032e+00
2.170188640628626153e+00
2.123074121738766973e+00
2.056960741907934320e+00
1.996626060116498236e+00
1.964678100081978629e+00
1.944195142448060132e+00
1.913310747258908373e+00
1.882064816084477510e+00
1.877642933074444187e+00
1.883514703988792949e+00
1.880191810366290017e+00
1.876872118974557857e+00
1.874129485598841072e+00
1.868742118732071411e+00
1.862449332353040887e+00
1.853906408155318264e+00
1.838950829579516721e+00
1.824984276359374658e+00
1.815523802409563903e+00
1.810037741923972376e+00
1.802331463912599574e+00
1.792343345327130022e+00
1.785598260673055160e+00
1.783493622107087839e+00
1.781382701255938894e+00
1.778174588040606352e+00
1.774622121531134189e+00
1.770255052858094480e+00
1.767162712704180016e+00
1.763471441533147610e+00
1.757722847249311604e+00
1.751319562214960657e+00
1.747185939538441701e+00
1.744635715142320187e+00
1.742007975636545636e+00
1.738506550939524775e+00
1.735572554386986877e+00
1.733965459155801581e+00
1.732313506796164138e+00
1.730005657594259505e+00
1.727490165842418879e+00
1.725132146860872462e+00
1.723014487486122626e+00
1.721080043148020211e+00
1.718834147728581563e+00
1.716681087110382364e+00
1.714962359075391074e+00
1.713405030971706600e+00
1.711636911006826134e+00
1.709795892162526254e+00
1.708194390426765796e+00
1.706908221253324198e+00
1.705624135576828015e+00
1.704180998647871981e+00
1.702741079718412376e+00
1.701334286291828368e+00
1.699985927796869634e+00
1.698667771163961948e+00
1.697315284775698485e+00
1.695944324915113821e+00
1.694668196458385401e+00
1.693455653921035697e+00
1.692286194334104543e+00
1.691148394262477428e+00
1.690030449662488721e+00
1.688921664869009742e+00
1.687806546851291056e+00
1.686686841762644606e+00
1.685587065457940570e+00
1.684518934906380938e+00
1.683479819435074187e+00
1.682464661047668564e+00
1.681439668420227740e+00
1.680421785511250210e+00
1.679442100640243130e+00
1.678489409736414251e+00
1.677531739974990499e+00
1.676571138330787303e+00
1.675620830190901245e+00
1.674692403474925317e+00
1.673777319360504112e+00
1.672865113994681296e+00
1.671959194265596693e+00
1.671064704909767329e+00
1.670183280959001371e+00
1.669311080522447588e+00
1.668442916624179428e+00
1.667582764854876665e+00
1.666738613475710284e+00
1.665903000147558100e+00
1.665069060424656300e+00
1.664238557320170786e+00
1.663416431650002636e+00
1.662602563550617418e+00
1.661794354143820929e+00
1.660990361268980031e+00
1.660193075873173774e+00
1.659403173520432206e+00
1.658619512030562682e+00
1.657841159357511973e+00
1.657067531442036667e+00
1.656299262616349743e+00
1.655536274718744316e+00
1.654777180436085349e+00
1.654022079997165218e+00
1.653272548869204606e+00
1.652528304868529307e+00
1.651788511588359931e+00
1.651052611683285321e+00
1.650320797091476832e+00
1.649593308133820990e+00
1.648870143833240043e+00
1.648150974663118440e+00
1.647435604610965498e+00
1.646723758550448835e+00
1.646015654490535773e+00
1.645311445402290795e+00
1.644610810451595073e+00
1.643913561350471397e+00
1.643219734169247159e+00
1.642529293758153486e+00
1.641842212072724738e+00
1.641158453951379936e+00
1.640477885551689941e+00
1.639800464972242189e+00
1.639126123979093741e+00
1.638454814876282750e+00
1.637786452378143576e+00
1.637120999958460832e+00
1.636458467887711432e+00
1.635798808904108892e+00
1.635141886610435691e+00
1.634487709417531409e+00
1.633836301230906063e+00
1.633187586375038691e+00
1.632541462674599764e+00
1.631897891556938429e+00
1.631256879303758733e+00
1.630618420144123171e+00
1.629982448472929057e+00
1.629348902445221459e+00
1.628717763025395282e+00
1.628089015727708366e+00
1.627462629436292829e+00
1.626838549054030469e+00
1.626216739980210990e+00
1.625597191532949459e+00
1.624979877024623320e+00
1.624364751800715378e+00
1.623751791601025785e+00
1.623140975418741361e+00
1.622532277568694337e+00
1.621925663492743031e+00
1.621321101196897985e+00
1.620718567923896014e+00
1.620118044860090922e+00
1.619519505369831691e+00
1.618922921289686512e+00
1.618328265255918996e+00
1.617735515445896555e+00
1.617144649687916269e+00
1.616555640792165072e+00
1.615968463154512369e+00
1.615383095003174674e+00
1.614799513122589181e+00
1.614217693940990905e+00
1.613637614572418055e+00
1.613059252171334945e+00
1.612482584778892614e+00
1.610012035897038674e+00
1.609435792100399887e+00
1.608858414545201843e+00
1.608280713563532860e+00
1.607703316285515438e+00
1.607126739166330864e+00
1.606551392684778090e+00
1.605977488496259209e+00
1.605405075857829322e+00
1.604834140368263995e+00
1.604264648776420721e+00
1.603696540026252393e+00
1.603129762265423475e+00
1.602564316435994840e+00
1.602000236782308074e+00
1.601437552888029359e+00
1.600876299633038347e+00
1.600316534931503387e+00
1.599758312335228583e+00
1.599201646241591224e+00
1.598646519939366906e+00
1.598092910630337204e+00
1.597540797771663801e+00
1.596990156262583671e+00
1.596440961610998022e+00
1.595893197653841522e+00
1.595346855349885962e+00
1.594801925874654636e+00
1.594258401235467471e+00
1.593716274459595628e+00
1.593175534309182240e+00
1.592636164149828559e+00
1.592098145232482942e+00
1.591561457453703810e+00
1.591026076419025381e+00
1.590491974996763869e+00
1.589959126993931493e+00
1.589427509293357188e+00
1.588897100889202996e+00
1.588367882488074256e+00
1.587839836716045339e+00
1.587312947178904032e+00
1.586787197123151083e+00
1.586262570110314130e+00
1.585739051115608422e+00
1.585216625256636647e+00
1.584695276201959491e+00
1.584174986928634787e+00
1.583655741047915511e+00
1.583137522704942901e+00
1.582620315901885011e+00
1.582104104994785487e+00
1.581588875265148353e+00
1.581074612758750941e+00
1.580561303700519726e+00
1.580048934640053915e+00
1.579537492527802955e+00
1.579026964448924097e+00
1.578517337496438078e+00
1.578008599099016473e+00
1.577500737024369881e+00
1.576993739067481748e+00
1.576487593034551882e+00
1.575982287042041463e+00
1.575477809595966061e+00
1.574974149354806841e+00
1.574471294995996251e+00
1.573969235303501080e+00
1.573467959200390842e+00
1.572967455663056402e+00
1.572467713723751492e+00
1.571968722567160581e+00
1.571470471514933909e+00
1.570972949984995815e+00
1.570476147522613219e+00
1.569980053833927247e+00
1.569484658725108339e+00
1.568989952085591000e+00
1.568495923962166749e+00
1.568002564634654039e+00
1.567509864603017000e+00
1.567017814562184252e+00
1.566526405438194658e+00
1.566035628447417061e+00
1.565545475129812569e+00
1.565055937380995132e+00
1.564567007506923346e+00
1.564078678269034128e+00
1.563590942917129745e+00
1.563103795235037063e+00
1.562617229601363400e+00
1.562131241036847307e+00
1.561645825242879093e+00
1.561160978657857079e+00
1.560676698521959116e+00
1.560192982920556748e+00
1.559709830809253184e+00
1.559227242047404260e+00
1.558745217435861363e+00
1.558263758744848015e+00
1.557782868731385495e+00
1.557302551155213877e+00
1.556822810789060263e+00
1.556343653418251316e+00
1.555865085829610361e+00
1.555387115794195640e+00
1.554909752041984561e+00
1.554433004225287185e+00
1.553956882874349521e+00
1.553481399347401926e+00
1.552929602587692193e+00
1.552455137038292854e+00
1.551981258027982147e+00
1.551508012216026966e+00
1.551035422799229568e+00
1.550563498208468394e+00
1.550092248231734082e+00
1.549297719510745353e+00
1.548826905620312111e+00
1.548356509355247157e+00
1.547886629660070401e+00
1.547417249384640758e+00
1.546948427000023552e+00
1.546480274904218133e+00
1.546012819441396680e+00
1.545546058915679755e+00
1.545080064351890048e+00
1.544614907547020799e+00
1.544150598865096313e+00
1.543687149068926345e+00
1.543224599603270519e+00
1.542762975774527590e+00
1.542302278807080373e+00
1.541842528255841671e+00
1.541383762039029826e+00
1.540925993407471051e+00
1.540469215539370662e+00
1.540013442848151337e+00
1.539558703713427290e+00
1.539105007222901111e+00
1.538652353002971651e+00
1.538200753293958556e+00
1.537750222807831246e+00
1.537300766008563357e+00
1.536852386484064859e+00
1.536405094095223411e+00
1.535958896737526613e+00
1.535513795686020977e+00
1.535069792973060343e+00
1.534626894493967830e+00
1.534185103845015608e+00
1.533744421670587554e+00
1.533304850894037674e+00
1.532866394888790840e+00
1.532429053122698948e+00
1.531992824222098148e+00
1.531557709352117325e+00
1.531123709367765207e+00
1.530690822564066966e+00
1.530259046801080380e+00
1.529828380784216790e+00
1.529398822388918777e+00
1.528970368010352132e+00
1.528543014015968371e+00
1.528116756950206989e+00
1.527691592229724948e+00
1.527267514325418851e+00
1.526844517891066566e+00
1.526422597294899042e+00
1.526001745776055518e+00
1.525581956111605297e+00
1.525163221164719696e+00
1.524745533228155647e+00
1.524328883824951131e+00
1.523913264343640384e+00
1.523498666105923771e+00
1.523085079885988957e+00
1.522672495960972761e+00
1.522260904512342528e+00
1.521850295593924374e+00
1.521440658900190979e+00
1.521031983903120999e+00
1.520624260036011366e+00
1.520217476538115120e+00
1.519811622378788307e+00
1.519406686500793580e+00
1.519002657884084506e+00
1.518599525361268299e+00
1.518197277661369915e+00
1.517795903591069973e+00
1.517395391986884112e+00
1.516995731629540822e+00
1.516596911334646247e+00
1.516198920021275320e+00
1.515801746664177774e+00
1.515405380285218762e+00
1.515009810013867364e+00
1.514615025105892521e+00
1.514221014916304675e+00
1.513827768911967242e+00
1.513435276709349520e+00
1.513043528064129895e+00
1.512652512857104892e+00
1.512262221132813389e+00
1.511872643117709636e+00
1.511483769189779114e+00
1.511095589881952250e+00
1.510708095913613658e+00
1.654906220395899963e+00
1.512162619488828241e+00
1.513593959669625288e+00
1.512177053996081044e+00
1.510222422452872859e+00
1.510668784033022849e+00
1.511417018856108019e+00
1.510046623657868015e+00
1.509163481769121073e+00
1.509440488396935010e+00
1.509125434042899894e+00
1.508157661893334556e+00
1.507710398854361422e+00
1.507659503938050261e+00
1.506891462048191688e+00
1.506128248616993126e+00
1.309634545166863617e+00
1.272456758450110748e+00
1.220091503827552826e+00
1.154501545934407236e+00
1.091003587885219339e+00
1.047425279027739187e+00
1.026987437035927098e+00
1.012958724870760996e+00
9.860509315618913861e-01
9.530391598486216420e-01
9.238480967234192764e-01
9.062034305979109750e-01
9.000363411127523250e-01
8.958667608838983831e-01
8.933482047545696636e-01
8.916744931987290457e-01
8.897840654815467598e-01
8.873372211754866346e-01
8.841218062965585656e-01
8.808430056134761710e-01
8.755993258055931872e-01
8.698912016986283247e-01
8.643950795685589883e-01
8.593224520517871445e-01
8.558030060684560514e-01
8.529258210507126847e-01
8.503964046138272614e-01
8.473284872388444633e-01
8.446774917172874542e-01
8.426332483921428196e-01
8.407342917370710378e-01
8.395525482879457879e-01
8.385821531489923153e-01
8.380158411808533714e-01
8.373778149339385912e-01
8.358516691852817537e-01
8.338230100428617453e-01
8.320537896203530348e-01
8.309587614168414405e-01
8.301145671042865493e-01
8.291923380129981869e-01
8.278102828680505842e-01
8.262683394089140876e-01
8.253268812478937733e-01
8.248194259492506175e-01
8.244478014669949228e-01
8.238294568204673762e-01
8.229132198322524072e-01
8.221152710859206403e-01
8.215401536684066031e-01
8.211107423893579949e-01
8.206447475598702690e-01
8.200310031215570783e-01
8.193456763046154112e-01
8.187153773409705515e-01
8.181621392304589957e-01
8.176269571176646433e-01
8.170831683844130833e-01
8.165239332814886453e-01
8.160214997500091494e-01
8.155556132787443735e-01
8.150944996668817444e-01
8.146463801175061192e-01
8.141789317536057835e-01
8.137268560595987132e-01
8.132840760468360575e-01
8.128433787416966538e-01
8.124132964966664927e-01
8.119765428598736401e-01
8.115486086150823786e-01
8.111293043269562908e-01
8.107089711021663314e-01
8.102837753567677659e-01
8.098588112432594244e-01
8.094372068681281451e-01
8.090230407393952383e-01
8.086183326367109014e-01
8.082154329193609321e-01
8.078145659856855731e-01
8.074121136791132525e-01
8.070143620991576672e-01
8.066226411696966192e-01
8.062332853306672931e-01
8.058443603653913101e-01
8.054522372308348110e-01
8.050625333632035474e-01
8.046752271240287246e-01
8.042913938135820562e-01
8.039100248214482436e-01
8.035276102207793425e-01
8.031458128578101707e-01
8.027657001617651833e-01
8.023883811002641142e-01
8.020135609248031372e-01
8.016393766172527080e-01
8.012655357215846541e-01
8.008925338820742645e-01
8.005199334570946013e-01
8.001486066434250199e-01
7.997781750685534208e-01
7.994088085508908037e-01
7.990403928510880771e-01
7.986730885105779443e-01
7.983070544152780501e-01
7.979415156563399725e-01
7.975767565939679837e-01
7.972125692952101161e-01
7.968491878060499634e-01
7.964866439271385268e-01
7.961249330155024673e-01
7.957640007769601898e-01
7.954037398266409209e-01
7.950440483709830808e-01
7.946851869653197564e-01
7.943269988045886798e-01
7.939694994452024535e-01
7.936126263447368379e-01
7.932563896242494916e-01
7.929007805929005892e-01
7.925457630857222213e-01
7.921913721759979987e-01
7.918375417601417610e-01
7.914842848906809003e-01
7.911316167668795973e-01
7.907795190814501662e-01
7.904279983313764468e-01
7.900769919261247942e-01
7.897265273699652921e-01
7.893766126316549281e-01
7.890272424187034783e-01
7.886784314779342608e-01
7.883301627792906885e-01
7.879824280389005065e-01
7.876352230451404424e-01
7.872885519282231126e-01
7.869424339044341909e-01
7.865968587887084418e-01
7.862518327368103188e-01
7.859073399989275899e-01
7.855633846046378155e-01
7.852199664488686004e-01
7.848770911138560624e-01
7.845347702074867424e-01
7.841929939377104697e-01
7.838517645537890211e-01
7.835110815480168522e-01
7.831709505025358231e-01
7.828313742851125134e-01
7.824923544417732302e-01
7.821538902423815776e-01
7.818159812895413285e-01
7.814786278531179464e-01
7.811418327895482960e-01
7.808055959680845204e-01
7.804699157681720401e-01
7.801347882276583601e-01
7.798002129785752690e-01
7.794661886707912046e-01
7.791327146848622265e-01
7.787997892415778889e-01
7.784674087550935706e-01
7.781355700102602357e-01
7.778042704797232254e-01
7.774735080334722603e-01
7.771432796754178529e-01
7.768135813564709391e-01
7.764844093744012188e-01
7.761557601765367576e-01
7.758276308553817557e-01
7.755000172781736367e-01
7.751729158122195873e-01
7.748463225240669328e-01
7.745202334964742530e-01
7.741946454169288394e-01
7.738695543316995717e-01
7.735449566911305475e-01
7.732208491318270926e-01
7.728972282766484181e-01
7.725740909984699645e-01
7.722514337672008455e-01
7.719292533124948452e-01
7.716075466271490324e-01
7.712863109590584187e-01
7.709655435019828751e-01
7.706452415000935030e-01
7.703254022901067088e-01
7.700060231946742606e-01
7.696871018764300798e-01
7.693686360569281790e-01
7.690506235662541989e-01
7.687330622125430057e-01
7.684159498149778500e-01
7.680992843228230393e-01
7.677830636966314071e-01
7.674672860110465233e-01
7.671519493553358160e-01
7.668370517391863705e-01
7.665225911533153358e-01
7.662085656127373134e-01
7.658949731603391653e-01
7.655818117743989903e-01
7.652690793586439666e-01
7.649567737066307327e-01
7.646448925926976337e-01
7.643334337264838796e-01
7.640223947295107232e-01
7.637117730991648257e-01
7.634015661963204913e-01
7.630917712996447833e-01
7.627823855661375330e-01
7.624734060275677461e-01
7.621648295724837707e-01
7.618566529545858224e-01
7.615488728009347508e-01
7.612414855969649174e-01
7.609344876943170410e-01
7.606278752889286121e-01
7.603216444523854811e-01
7.600157911118261556e-01
7.597103110701596274e-01
7.594051999703503864e-01
7.591004533471740201e-01
7.587960665921961168e-01
7.584920350684365431e-01
7.581883540575216074e-01
7.578850192521928708e-01
7.575820273840784269e-01
7.572793802598651869e-01
7.569770967476019408e-01
7.566752657306260454e-01
7.563742506885399175e-01
7.560756019543257711e-01
7.557859603734067289e-01
7.555363542280690847e-01
7.554654498319108846e-01
7.563163948421145477e-01
7.608215704583680683e-01
7.840996623701781409e-01
7.767516751284675447e-01
7.712955593094978912e-01
7.581428895953030711e-01
7.707161204927859277e-01
7.550944732503259704e-01
7.634205167887019305e-01
7.555129737230639186e-01
7.601499290681162924e-01
7.559062341719839928e-01
7.570716746381633833e-01
7.559166401446335559e-01
7.555450046820668675e-01
7.549782042953868677e-01
7.550191216677129002e-01
7.538968036007058782e-01
7.538425343979109350e-01
7.536808274851715117e-01
7.521585368311144437e-01
7.530614133729519599e-01
7.511537951992752760e-01
7.518711959474081441e-01
7.506657251784960572e-01
7.505107141225387801e-01
7.501056619535397818e-01
7.493504328700226758e-01
7.493312223379674508e-01
7.485130806231662381e-01
7.483288464388966332e-01
7.477342237801620772e-01
7.474179036422589073e-01
7.468745435796203536e-01
7.467152630315523343e-01
7.460078274960616485e-01
7.459601896406988786e-01
7.453447644600927902e-01
7.450836468904094012e-01
7.447520715123219226e-01
7.442987029786787279e-01
7.440655035885737068e-01
7.436418670466725667e-01
7.433558485952791450e-01
7.429754749454328122e-01
7.427164250292034309e-01
7.423037676297215004e-01
7.420916256906205932e-01
7.416649315152552546e-01
7.414247947798375815e-01
7.410614233423518105e-01
7.407756898468597084e-01
7.404464691887355787e-01
7.401507495616111987e-01
7.398193676383645334e-01
7.395268930394389706e-01
7.392155236039226196e-01
7.388918430241141477e-01
7.386079724303330485e-01
7.382663937583078262e-01
7.379810358932291647e-01
7.376591838564103831e-01
7.373443776142669659e-01
7.370457209443316282e-01
7.367157397092839455e-01
7.364158244060181602e-01
7.360948011997197060e-01
7.357764236433536054e-01
7.354656786299529347e-01
7.351366859197687731e-01
7.348230875093089143e-01
7.344956719605046924e-01
7.341685073455367361e-01
7.338433812370632747e-01
7.335087139435424453e-01
7.331730647517478161e-01
7.328382670758601947e-01
7.324892866768456523e-01
7.321451810914982872e-01
7.317915771124172686e-01
8.206780440500596185e-01
7.325682865653861953e-01
7.329798975352110890e-01
7.315027974198167193e-01
7.309073670417371993e-01
7.315142856264700288e-01
7.305598573077909386e-01
7.299936714139254601e-01
7.300831910062346441e-01
7.293949583984901119e-01
7.286263816639345636e-01
7.285604250945877380e-01
7.279355063328940556e-01
7.270246610810955357e-01
7.267493735161604240e-01
7.262565412978938539e-01
7.252830894174459031e-01
7.246477649837816948e-01
7.241042423485943846e-01
7.231427509557356581e-01
7.222818317685619771e-01
7.214561808741253301e-01
7.204174768152211694e-01
7.193061591091720608e-01
7.182141015073908452e-01
7.168832874373320951e-01
7.154551130027505534e-01
7.140666835584736916e-01
7.125298212478007320e-01
7.109534957495812213e-01
7.096048064769677755e-01
7.084946715006750217e-01
7.076214460079406354e-01
7.071209636625493955e-01
7.069202484194867520e-01
7.068070609645114022e-01
7.066690103558015412e-01
7.064018330310781746e-01
7.059237276944259065e-01
7.053107097355091337e-01
7.046433043436650667e-01
7.039785717938495946e-01
7.034336138443515463e-01
7.031816757344480084e-01
7.034056424852612732e-01
7.052740559780796836e-01
7.090329750966675171e-01
7.222817145342369516e-01
7.100900050355724025e-01
7.021799134376044416e-01
7.028293784835111246e-01
7.037982538678759781e-01
7.001683927917374817e-01
7.013966625615133399e-01
7.000514811233869983e-01
6.995019412374767764e-01
6.996902736074799289e-01
6.985810124642529706e-01
6.990728692946635014e-01
6.979038109019501945e-01
6.982773147210166176e-01
6.972964786985519359e-01
6.975072108639401858e-01
6.965990705902102009e-01
6.966339394387908168e-01
6.958724364544223162e-01
6.958205969041624250e-01
6.952126726186593775e-01
6.950502427754838841e-01
6.945743065123385351e-01
6.943007264806160261e-01
6.939576899692364576e-01
6.935876220991499252e-01
6.933172494683415010e-01
6.928702544681839548e-01
6.926465228439143695e-01
6.922054185201331755e-01
6.919638021685921014e-01
6.915861445853490608e-01
6.912749702197460433e-01
6.909956161697685673e-01
6.906250062605495676e-01
6.903671838290263985e-01
6.900364438971096082e-01
6.897134954482011526e-01
6.894644463365753317e-01
6.890969823121126936e-01
6.888319740691988269e-01
6.885426576711772828e-01
6.882133108551931056e-01
6.879442522779786184e-01
6.876553050862130867e-01
6.873464549886529884e-01
6.870578144957425470e-01
6.867985228027297939e-01
6.864850615773196996e-01
6.861930396226871842e-01
6.859226516075264124e-01
6.856445776359110233e-01
6.853484281026880343e-01
6.850549346807441875e-01
6.847845665349596711e-01
6.845107973130850620e-01
6.842306305114772558e-01
6.839397844172905305e-01
6.836577019231803165e-01
6.833809070846563749e-01
6.831114996794007688e-01
6.828394789995130276e-01
6.825655338435544506e-01
6.822888266932111145e-01
6.820104583491144457e-01
6.817345271710749666e-01
6.814578390277732378e-01
6.811853428123448850e-01
6.809124874086338597e-01
6.806436187406283977e-01
6.803780813220512425e-01
6.801212622820154152e-01
6.798871426217958369e-01
6.797037705096864446e-01
6.796911097169509031e-01
6.800611118357160478e-01
6.819867823385139527e-01
6.856200542563082312e-01
6.984446219304630832e-01
6.872295975059807827e-01
6.796526435128812382e-01
6.795126038586549733e-01
6.816173733020585157e-01
6.780813513517764957e-01
6.788293529635521795e-01
6.785574831523618622e-01
6.770535068135309364e-01
6.779742665490040565e-01
6.765061540438985777e-01
6.772881276353449609e-01
6.760969326854174843e-01
6.764051476154313569e-01
6.756630454690777388e-01
6.757161671442035722e-01
6.751712934217637407e-01
6.749610916306159059e-01
6.746166070574304285e-01
6.743054554608181039e-01
6.740866151187133726e-01
6.736497224187258936e-01
6.735006019444851333e-01
6.730353481595674481e-01
6.729205870317440663e-01
6.724458422556824910e-01
6.722953033959562230e-01
6.718871398716730337e-01
6.716794975981045246e-01
6.713591806154435293e-01
6.710590994064697945e-01
6.708315541656296732e-01
6.704906913991656170e-01
6.702801041145836081e-01
6.699746478278088002e-01
6.696874583074043930e-01
6.694695487759481090e-01
6.691538929543060510e-01
6.689049901394337194e-01
6.686703945681958805e-01
6.683517750487931730e-01
6.681396979462970176e-01
6.678794812051886964e-01
6.675894508739999011e-01
6.673592533437084917e-01
6.671090921228385318e-01
6.668446864509873784e-01
6.665806540067777952e-01
6.663572849687631194e-01
6.660992925470328174e-01
6.658345923798557608e-01
6.655895426175060248e-01
6.653518162616893772e-01
6.651100531953064721e-01
6.648469160657612953e-01
6.645981580506119535e-01
6.643523325245932476e-01
6.641179825277847559e-01
6.638758631279741973e-01
6.636301825330414017e-01
6.633822160415268065e-01
6.631322476140861788e-01
6.628875668899909535e-01
6.626414795576875960e-01
6.624016930711573714e-01
6.621617762640192861e-01
6.619256622783117328e-01
6.616925892267411236e-01
6.614673888695674631e-01
6.612620394565071891e-01
6.611078927027911334e-01
6.610659383446810811e-01
6.614139298489984942e-01
6.624568628428869621e-01
6.666053615320858272e-01
6.702622860244352720e-01
6.815868214821350080e-01
6.626495609115634622e-01
6.636932168085869499e-01
6.708404009020352277e-01
6.596363186475279194e-01
6.691481947279913634e-01
6.623759396349837569e-01
6.637094010542083922e-01
6.617837540511604111e-01
6.614232602437533082e-01
6.613194709933126747e-01
6.605658187887625266e-01
6.601962406273593764e-01
6.596352415822219761e-01
6.596042747727308697e-01
6.587565384983495864e-01
6.588899392778473363e-01
6.579295953134849384e-01
6.581537710619074222e-01
7.006835428788831255e-01
6.580733494019983532e-01
6.574446812830179177e-01
6.569244087929257958e-01
6.565533185916836434e-01
6.564040401749564602e-01
6.558707651754249746e-01
6.556011292331191953e-01
6.554304411746709746e-01
6.546785521724742818e-01
6.542326441292692918e-01
6.538123594202772670e-01
6.533465525074892977e-01
6.532439363439308533e-01
6.527969048745169145e-01
6.525854289718066026e-01
6.521387827740457999e-01
6.520997745264290879e-01
6.515210764424967937e-01
6.515004917947404550e-01
6.510482678256714895e-01
6.508350217017916384e-01
6.506334189486461250e-01
6.502835091703587089e-01
6.501030800436693458e-01
6.497814677822753016e-01
6.495933629534395015e-01
6.493205705550745277e-01
6.490386389538194134e-01
6.488808767838174507e-01
6.485547450077020493e-01
6.483526946150522940e-01
6.481441360741541091e-01
6.478335972786392061e-01
6.476582093391130002e-01
6.474247922118683274e-01
6.471433253950875653e-01
6.469480643975602518e-01
6.467339271889136487e-01
6.464588223613756401e-01
6.462489619135487473e-01
2.605716151695116611e+00
6.561686811927687213e-01
6.686674789833420007e-01
6.757972380808991986e-01
6.771695526203742599e-01
6.749755966022075171e-01
6.726239328761427494e-01
6.690534832905763452e-01
6.651947940270739323e-01
6.620610414456191695e-01
6.609415105476671437e-01
6.610773734595818407e-01
6.610801203591780695e-01
6.600485431206722930e-01
6.586944529402192217e-01
6.577342130036336609e-01
6.569968704993898179e-01
6.559331477842373914e-01
6.544122821739801754e-01
6.533357042943566118e-01
6.529120533365659895e-01
6.526821014453065839e-01
6.524609580007331155e-01
6.515991312649405121e-01
6.506212297971729619e-01
6.497525875633805015e-01
6.490622871674980310e-01
6.484366420357363658e-01
6.476816246538060762e-01
6.470738076281973283e-01
6.467095764917971668e-01
6.464083840720149521e-01
6.461743718377015444e-01
6.458173960094564237e-01
6.453385619704665732e-01
6.447641426755619243e-01
6.441961827052371525e-01
6.437038518875110027e-01
6.433464261240762205e-01
6.430427335883359685e-01
6.427317989789614883e-01
6.423889420587962640e-01
6.420076821761687702e-01
6.416431475075443647e-01
6.413227686183019527e-01
6.410080731753901029e-01
6.406934742233406643e-01
6.403724481476642527e-01
6.400586320128116569e-01
6.397469972396589988e-01
6.394439494518393552e-01
6.391649493869422383e-01
6.388857617871983585e-01
6.386199900847576716e-01
6.383520598111727118e-01
6.380782402381757201e-01
6.378102161478707011e-01
6.375400288710391106e-01
6.372782802575038819e-01
6.370165929371507385e-01
6.367503813356609754e-01
6.364900526468140196e-01
6.362351925139320130e-01
6.359849236731089928e-01
6.357388141332560583e-01
6.354914511021529933e-01
6.352425887162249651e-01
6.349973913256317104e-01
6.347544399128692838e-01
6.345146585897369906e-01
6.342765704584409914e-01
6.340371494013737896e-01
6.338003010187076569e-01
6.335647841848248696e-01
6.333293344569198569e-01
6.327206132872729150e-01
6.324875115612689225e-01
6.322540268122773810e-01
6.320210428348598253e-01
6.317883306954497069e-01
6.315577287403888462e-01
6.313281172837077460e-01
6.310990625438821500e-01
6.308702887896586731e-01
6.306409763770093324e-01
6.304117690115610406e-01
6.301829965362726327e-01
6.299553166469578080e-01
6.297289124203733213e-01
6.295033003070484856e-01
6.292782374997760719e-01
6.290536403191218096e-01
6.288297249835169689e-01
6.286066525047450115e-01
6.283843407790574709e-01
6.281623458240984670e-01
6.279407537381670457e-01
6.277197514186523275e-01
6.274993379868699650e-01
6.272796097561048612e-01
6.270603696507324187e-01
6.268415466629762012e-01
6.266231412123306477e-01
6.264050961211354851e-01
6.261875275399002572e-01
6.259703762749642131e-01
6.257536154406433404e-01
6.255372550544164856e-01
6.253212787494312197e-01
6.251056846279779977e-01
6.248904646784487760e-01
6.246756001805271463e-01
6.244610617183077306e-01
6.242468399384731859e-01
6.240329231180534730e-01
6.238193115886070395e-01
6.236060187097338670e-01
6.233930408530302669e-01
6.231803771720062501e-01
6.229679897296116486e-01
6.227558692193480017e-01
6.225440225440275199e-01
6.223324418420830284e-01
6.221211283732407393e-01
6.219100822762335667e-01
6.216992935337306569e-01
6.214887559583646137e-01
6.212784658743742972e-01
6.210684139943207782e-01
6.208586022367004187e-01
6.206490307209688861e-01
6.204396910389897712e-01
6.202305876221172465e-01
6.200217281504234457e-01
6.198131493105831780e-01
6.196049551669077227e-01
6.193974469850411779e-01
6.191916297360389176e-01
6.189907534433347625e-01
6.188066342774749540e-01
6.186788910955431930e-01
6.187751848306159985e-01
6.196058612008077393e-01
6.238720455827864164e-01
6.328097664456910909e-01
6.636377135182690568e-01
6.203644169185551505e-01
6.512493789763087459e-01
6.509102609297325870e-01
6.424303624190323969e-01
6.319045060970960304e-01
6.376095993855375177e-01
6.316475901154690042e-01
6.292011609388294957e-01
6.349616600079683870e-01
6.235967973169149747e-01
6.310973029094300024e-01
6.258935686576164725e-01
6.266555511278233404e-01
6.233230957474726885e-01
6.286556957755391473e-01
6.195273542571233527e-01
6.260891780446962152e-01
6.207905587991844332e-01
6.224163423589340605e-01
6.198475009215338449e-01
6.217263554781659041e-01
6.184987713993774783e-01
6.194933758682322766e-01
6.184225495210545764e-01
6.178125522310118356e-01
6.167888951417244137e-01
6.174843396767359938e-01
6.152652531969348138e-01
6.163205794172375018e-01
6.146924718144629596e-01
6.151240553793693167e-01
6.138729577500743328e-01
6.143322372570787504e-01
6.130790024516201697e-01
6.133369884218047297e-01
6.126460617296334288e-01
6.123449567608524324e-01
6.120710682556377291e-01
6.117758273373690159e-01
6.112652080815541566e-01
6.113539415465678584e-01
6.106226926735859317e-01
6.107625555311038124e-01
6.101758873836944375e-01
6.101479149070624386e-01
6.097338624290296050e-01
6.096110184095735463e-01
6.092835990518281619e-01
6.091205294767982892e-01
6.088088503304298627e-01
6.086852750831341918e-01
6.083166061611107178e-01
6.082486384342551400e-01
6.078884842790004406e-01
6.077600949846286849e-01
6.075085868621321605e-01
6.072810705314006796e-01
6.070997983796269093e-01
6.068478993439727631e-01
6.066641621716757360e-01
6.064284703827018674e-01
6.062359070138982897e-01
6.060096527157909918e-01
6.058144794679459766e-01
6.055913801838603838e-01
6.053967016262394862e-01
6.051745514496855716e-01
6.049850047115300500e-01
6.047574002247372293e-01
6.045741224127989533e-01
6.043474463205147362e-01
6.041583868980271443e-01
6.039466105463529022e-01
6.037418160055717520e-01
6.035462184633471061e-01
6.033313128227093536e-01
6.031418475002482404e-01
6.029273279299740551e-01
6.027364053119601550e-01
6.025263920530279371e-01
6.023312394597628572e-01
6.021274106987464236e-01
6.019272615920505665e-01
6.017288900449901945e-01
6.015261061051063729e-01
6.013291460188967541e-01
6.011277208021352791e-01
6.009291232572688823e-01
6.007307772557883840e-01
6.005300574734999675e-01
6.003338444415613484e-01
6.001326672230331560e-01
5.999362883096681642e-01
5.997369035214497046e-01
5.995387259768211186e-01
5.993414717111631429e-01
5.991421571764665721e-01
5.989456288839596354e-01
5.987467124957868148e-01
5.985495478427871330e-01
5.983517841617633781e-01
5.981537369487436306e-01
5.979566857619760256e-01
5.977586148457640913e-01
5.975612729648767107e-01
5.973638203402734659e-01
5.971660148854323058e-01
5.969687971590342812e-01
5.967710146674072291e-01
5.965736584041319013e-01
5.963759470540253016e-01
5.961785041582146061e-01
5.959807969296768704e-01
5.957832009978024645e-01
5.955855386690033226e-01
5.953878209400496058e-01
5.951900272651585722e-01
5.949923060904196426e-01
5.947943767938201898e-01
5.945964965852557071e-01
5.943985587734845755e-01
5.942005033270683079e-01
5.940024443654976505e-01
5.938043319619266125e-01
5.936060871015185203e-01
5.934079225073296548e-01
5.932095309547311679e-01
5.930112327026723085e-01
5.928128128279284148e-01
5.926143293912702337e-01
5.924158458802184501e-01
5.922172848472886386e-01
5.920186922841297328e-01
5.918200693298582005e-01
5.916213876428333407e-01
5.914227077249045728e-01
5.912239776611429853e-01
5.910252332127731156e-01
5.908264606094527638e-01
5.906276773603980068e-01
5.904288736478204846e-01
5.902300703970058127e-01
5.900312346135822006e-01
5.898324096659589566e-01
5.896335601727100695e-01
5.894347107245686557e-01
5.892358568645301720e-01
5.890369838735830532e-01
5.888381095430819112e-01
5.886392173145357232e-01
5.884403062936083284e-01
5.882413824696961502e-01
5.880424287795325000e-01
5.878434507472630743e-01
5.876444387658381618e-01
5.874453870046226767e-01
5.872462890030065719e-01
5.870471405814016164e-01
5.868479290388283198e-01
5.866486545869020741e-01
5.864493079830959132e-01
5.862498942370734101e-01
5.860504388397922426e-01
5.858510331048831787e-01
5.856519898782276412e-01
5.854543613324431073e-01
5.852616790813929271e-01
5.850871277941278592e-01
5.849761972673495070e-01
5.851261369333540241e-01
5.861470314897507805e-01
5.913594769160854803e-01
6.014914814532802412e-01
6.363632104904735076e-01
5.882126393790182428e-01
6.338466047645099355e-01
6.243911434720723630e-01
6.214312396027574792e-01
6.026229315314046708e-01
6.089388026672453158e-01
6.077703068868407499e-01
5.952979177308235226e-01
6.083858035080085269e-01
5.968137551668841745e-01
5.976358426244070543e-01
5.977034841431128065e-01
5.994326492210302337e-01
5.899472120916822160e-01
5.994790695955118931e-01
5.910250634344929033e-01
5.938607201809219527e-01
5.889593253857107191e-01
5.940822056400650863e-01
5.867800673190082250e-01
5.902944600583208690e-01
5.882977629900221217e-01
5.875128246962297851e-01
5.859552690239762107e-01
5.868353206926621990e-01
5.846780727498464003e-01
5.845960081552077359e-01
5.836318151329936699e-01
5.839720967079577996e-01
5.816259381515453963e-01
5.831553179419002308e-01
5.810610700160574460e-01
5.814185660215038798e-01
5.803939611074838689e-01
5.805272459086676662e-01
5.793406651636646698e-01
5.797015887376797405e-01
5.787715066728706947e-01
5.787271223822811894e-01
5.782405651389749268e-01
5.780040807034679817e-01
5.775995477540084577e-01
5.774132662148850903e-01
5.769196805935591366e-01
5.769362501465566950e-01
5.762770706633081330e-01
5.763919942427068177e-01
5.758478715846551133e-01
5.757504446789698527e-01
5.754230413495692309e-01
5.752316641593337998e-01
5.742583329084809396e-01
5.741061186636023939e-01
5.737989210962889386e-01
5.735629059259831353e-01
5.733743633314867250e-01
5.730565904271813782e-01
5.728880526130590845e-01
5.725923783965511937e-01
5.724005101589199063e-01
5.721180627016282383e-01
5.719212754159689327e-01
5.716592890205698385e-01
5.714257104390678688e-01
5.712008893551234756e-01
5.709540981884041466e-01
5.707174479164474068e-01
5.704997688543010925e-01
5.702400026247554932e-01
5.700327813651244746e-01
5.697794214694665849e-01
5.695642118590169556e-01
5.693205888367480760e-01
5.690970277561193669e-01
5.688647081196650523e-01
5.686283977399521072e-01
5.684103965754936372e-01
5.681670222236543388e-01
5.679500853896231050e-01
5.677116125710157668e-01
5.674895148613996465e-01
5.672563250666758927e-01
5.670303723009287866e-01
5.668017346153668701e-01
5.665703639743638886e-01
5.663467408273687997e-01
5.661126425917348826e-01
5.658880851999377182e-01
5.656565651486819002e-01
5.654279778292151670e-01
5.651980459944720980e-01
5.649676095094714467e-01
5.647374394093913619e-01
5.645053944073584740e-01
5.642748010456901664e-01
5.640414483355543629e-01
5.638090430211086801e-01
5.635757929063350824e-01
5.633404424443344549e-01
5.631069574822030743e-01
5.628698017677167265e-01
5.626345868310228537e-01
5.623966729092741978e-01
5.621591792540887589e-01
5.619206702767405304e-01
5.616809607577961660e-01
5.614416177385849194e-01
5.612003873816724386e-01
5.609594260890168327e-01
5.607175598697551333e-01
5.604747143815960175e-01
5.602320187172662447e-01
5.599880503221842387e-01
5.597438864641047784e-01
5.594991040612198319e-01
5.592536275692331360e-01
5.590075830376970423e-01
5.587610680575814115e-01
5.585136132545193144e-01
5.582657151034419174e-01
5.580169559947588676e-01
5.577673438462484867e-01
5.575169860124736809e-01
5.572655837414111080e-01
5.570132230380104854e-01
5.567597673906063971e-01
5.565051417692096214e-01
5.562493195532259849e-01
5.559921083152350452e-01
5.557336374832431147e-01
5.554736432679785452e-01
5.552122280554885325e-01
5.549493374124163658e-01
5.546849915779413775e-01
5.544192474467938281e-01
5.541523013544191745e-01
5.538843646028619450e-01
5.536158726376739780e-01
5.533475206784341793e-01
5.530802517922057682e-01
5.528158037904444821e-01
5.525565094219351270e-01
5.523063050122379858e-01
5.520708822304418728e-01
5.518592344489615664e-01
5.516838299286821456e-01
5.515632205278889755e-01
5.515187367430047782e-01
5.515754467317934839e-01
5.517401927203817724e-01
5.519915848132929126e-01
5.522163839741205393e-01
5.522401360006723436e-01
5.518246761892369179e-01
5.509131743548008053e-01
5.496829716617365191e-01
5.485436438355451028e-01
5.478350808406132755e-01
5.476183892811455900e-01
5.476972560938033752e-01
5.477498153350934817e-01
5.475301520556856705e-01
5.469691162690938357e-01
5.462242684667754089e-01
5.455395507763968199e-01
5.450848391844990148e-01
5.448540891900656158e-01
5.447041717843638109e-01
5.444691092707584223e-01
5.440640972893848737e-01
5.435373250774268028e-01
5.430410881305205439e-01
5.427872601907592909e-01
5.432704825353553701e-01
5.452826216482977717e-01
5.543487260776848169e-01
5.590148755602830644e-01
5.756409217641974552e-01
5.424684168977077503e-01
5.690555404531776329e-01
5.681103862398382276e-01
5.572562292732974321e-01
5.549756560299344832e-01
5.518953344638670711e-01
5.527564226865939734e-01
5.466701193292227146e-01
5.516890849300690736e-01
5.424469599623623628e-01
5.480238639518746346e-01
5.420627364512911051e-01
5.420330326585234282e-01
5.413773645116404243e-01
5.383601902297898700e-01
5.371469512367765820e-01
5.362899895504646963e-01
5.324578933760770738e-01
5.324046053968775061e-01
5.287509763174569333e-01
5.268069665872320284e-01
5.238543791983538700e-01
5.207030723350294377e-01
1.851790719232481397e+00
1.046412205646050531e+00
1.168059077049675931e+00
1.150556453337414631e+00
1.770644046242850322e+00
1.688952962553591286e+00
1.625615598358351566e+00
1.589133656657903515e+00
1.595085180910634115e+00
1.545728711808217248e+00
1.482512548895010163e+00
9.182703044829798600e-01
7.785016225224380415e-01
7.297736612155306668e-01
7.086668841108730854e-01
7.418176378333039001e-01
7.757723060676087190e-01
7.445795756296716972e-01
6.765211355553875094e-01
6.316162731927391638e-01
6.404284089930629698e-01
6.412872947932595213e-01
6.314021229564805715e-01
6.007382085839285679e-01
5.810202352216284893e-01
5.816330016506972012e-01
5.790487875485732516e-01
5.624617593063592214e-01
5.537984000634623705e-01
5.502645338856204660e-01
5.482975555220062081e-01
5.401573388188211089e-01
5.317355543848318877e-01
5.294131274783596686e-01
5.303666966556316309e-01
5.269477485645215342e-01
5.217919065745135754e-01
5.150729555617216127e-01
5.100864158326174902e-01
5.061730450423265193e-01
5.037788696923226617e-01
5.025430798509558095e-01
5.012607909745039336e-01
4.988130913299693159e-01
4.958315018650399364e-01
4.933755551014007423e-01
4.915908222294007035e-01
4.902197186251611716e-01
4.889918500297856796e-01
4.875061082272031943e-01
4.857314893575810366e-01
4.835574267551711047e-01
4.822014939577068393e-01
4.816182602498190191e-01
4.814227665488775565e-01
4.805092315904607725e-01
4.789229699705470078e-01
4.772816994440891025e-01
4.764113383117739575e-01
4.759315527945990887e-01
4.751968556178962633e-01
4.742309784730439626e-01
4.732255778309887306e-01
4.723528776630514514e-01
4.715643865341446195e-01
4.708576659232137640e-01
4.701587560665964061e-01
4.694859565845784233e-01
4.687455377839292447e-01
4.680187223653352602e-01
4.673371733756943036e-01
4.667386655198360046e-01
4.661520386175905806e-01
4.655167770087096368e-01
4.649128722968444705e-01
4.642896595512500668e-01
4.636498982743154640e-01
4.630454226107168503e-01
4.624756077302226709e-01
4.619387157823555690e-01
4.614014259038363708e-01
4.608306733245523534e-01
4.602654620228141535e-01
4.597403071113856932e-01
4.592633512299985066e-01
4.588149167053956479e-01
4.583399170454428573e-01
4.578425725066544993e-01
4.573363386483076387e-01
4.568702019679440895e-01
4.564438087353918649e-01
4.560176402064277101e-01
4.555616381347132871e-01
4.551018768740500153e-01
4.546654661110404172e-01
4.542512773094641298e-01
4.538349708857936649e-01
4.534150533189086896e-01
4.530051406990593943e-01
4.526067927543946379e-01
4.518867054772821579e-01
4.514698316500250774e-01
4.510509479978531688e-01
4.506443391738274018e-01
4.502408982776032742e-01
4.498328387632681835e-01
4.494268051474922254e-01
4.490319337056818960e-01
4.486492934610203931e-01
4.482741692550752388e-01
4.479055872604217337e-01
4.475429016200248578e-01
4.471837048399238679e-01
4.468274379316315992e-01
4.464760283629732873e-01
4.461326097681834746e-01
4.457955117274168266e-01
4.454621158940784698e-01
4.451319163026236092e-01
4.448069974632621881e-01
4.444881346753770113e-01
4.441744939183123742e-01
4.438646754349855339e-01
4.435582144622392531e-01
4.432552598288722057e-01
4.429563675314939775e-01
4.426609909869049786e-01
4.423688909904645583e-01
4.420801283357067568e-01
4.417945989901090886e-01
4.415121752659282306e-01
4.412328025982420465e-01
4.409566699436744952e-01
4.406837637345484837e-01
4.404135308417549965e-01
4.401457290539625977e-01
4.398802845945176676e-01
4.396174651816575629e-01
4.393571366315864313e-01
4.390989072157334139e-01
4.388427240350282754e-01
4.385887025706777242e-01
4.383368386075389145e-01
4.651473842443966111e-01
4.394119843405991377e-01
4.407220539900208456e-01
4.407041516165903783e-01
4.420252968549819306e-01
4.410903183578648301e-01
4.406109961618283055e-01
4.399133713882077967e-01
4.394771672772812554e-01
4.391033783461247841e-01
4.387237779850767794e-01
4.384927116088432331e-01
4.381318129185827193e-01
4.378460103900106981e-01
4.375800485062195100e-01
4.372924002747249350e-01
4.369103678890277065e-01
4.366096904193784711e-01
4.364249763184759878e-01
4.360846323543137171e-01
4.357604360432212331e-01
4.354335253659398219e-01
4.351473509701370146e-01
4.348781761079854036e-01
4.345711384676056444e-01
4.343005133648776273e-01
4.339994193423633018e-01
4.337264083753830102e-01
4.334740109433194433e-01
4.332117722054997788e-01
4.330027519609583320e-01
4.327779381162191741e-01
4.325426323142029794e-01
4.323090617004944347e-01
4.320954596292125305e-01
4.318770215155427472e-01
4.316345591695114337e-01
4.314030789131199639e-01
4.311765529267590491e-01
4.309627678497314207e-01
4.307455103479090330e-01
4.305303444459542273e-01
4.301358967268001376e-01
4.299229244911212944e-01
4.297048681345926879e-01
4.294766825184963555e-01
4.292543020485682925e-01
4.290340528290286781e-01
4.288113939766339811e-01
4.285914465318374500e-01
4.283726983112714493e-01
4.281563244831823045e-01
4.279356712390019468e-01
4.277168605756055397e-01
4.275009629847300596e-01
4.272854594213430501e-01
4.270707334125343757e-01
4.268563310230130137e-01
4.266452053714548942e-01
4.264357962852809436e-01
4.262284421132967460e-01
4.260208450923053114e-01
4.258146953208095109e-01
4.256100964107112361e-01
4.254053910904580516e-01
4.252016952576755937e-01
4.249992028631395802e-01
4.247987636796684563e-01
4.245986006783794009e-01
4.243992183106642391e-01
4.282651683066742154e-01
4.241404171958365610e-01
4.260046702423794796e-01
4.252620058566435879e-01
4.248034553212588493e-01
4.244914728126620851e-01
4.242530517789321887e-01
4.240416224704408599e-01
4.238229528382113642e-01
4.235781472249006141e-01
4.233360895730073903e-01
4.231119528993566581e-01
4.228963606404234077e-01
4.226825461762722114e-01
4.224740612716428312e-01
4.222700027593892513e-01
4.220628236679286882e-01
4.218611460213691489e-01
4.216696246374226353e-01
4.214839267979203496e-01
4.212864934812552975e-01
4.210835334717881739e-01
4.208968632866845749e-01
4.207686610433554186e-01
4.207281544946007701e-01
6.575938862726676826e-01
4.284538869268538219e-01
4.682969165009406853e-01
4.476697782022377448e-01
4.369108689293555448e-01
4.402393141603951898e-01
4.399572776690415798e-01
4.352155870641063462e-01
4.373044598777419134e-01
4.346951991807206372e-01
4.348874159249412896e-01
4.347548704382366846e-01
4.330183958600852812e-01
4.342299656779371464e-01
4.323293812818735926e-01
4.329095859212527819e-01
4.315064998127435270e-01
4.315188046020180801e-01
4.309895957836242242e-01
4.301348800039201947e-01
4.300391427874838413e-01
4.291094166763903539e-01
4.291392251935465252e-01
4.283029128823104825e-01
4.280817877320494680e-01
4.276440589735882591e-01
4.270788954998872566e-01
4.268810931147350995e-01
4.262091201621900360e-01
4.260489909535487008e-01
4.254976703571972108e-01
4.251279449194514948e-01
4.248660252092588130e-01
4.243515401764258455e-01
4.241469962901909252e-01
4.237120260198675714e-01
4.233633099957709311e-01
4.230990663228799686e-01
4.227454995736540933e-01
4.223674071998913537e-01
4.221423766184544402e-01
4.217923923264347286e-01
4.214255073867032575e-01
4.211886953831278646e-01
4.208793667281821027e-01
4.205435383325134557e-01
6.393094754281647418e-01
4.213564442222444972e-01
4.227846226843362532e-01
4.217871166873291555e-01
4.207391428004740308e-01
4.210932310970729731e-01
4.211564761399888557e-01
4.201116363987276725e-01
4.193802798475423921e-01
4.193896900257476634e-01
4.192142538961231568e-01
4.183563511092119880e-01
4.182113031704072226e-01
4.183631837758955974e-01
4.179006179743748328e-01
4.173534973177146501e-01
4.172199284148013776e-01
4.170578687191212053e-01
4.165649719813959151e-01
4.160989156406283973e-01
4.159271644551673086e-01
4.157917712076314443e-01
4.153880910568819584e-01
4.150367504456556333e-01
4.148432365784145981e-01
4.146507404686559650e-01
4.143263086566068010e-01
4.139907831909342972e-01
4.137564505126535286e-01
4.135528046995832208e-01
4.132936149730950248e-01
4.129852496962564956e-01
4.127114981250045167e-01
4.124875677617156899e-01
4.122977207116728660e-01
4.120653164158304405e-01
4.118049576047179694e-01
4.115400517926060542e-01
4.112915480945137370e-01
4.110685631322431588e-01
4.108573723259612565e-01
4.106628491109516887e-01
4.104603555457657649e-01
4.102725825768585022e-01
4.100909071790612703e-01
4.099697932574637438e-01
4.099007786457840585e-01
6.135769346837882665e-01
4.156388857761289524e-01
4.322595751538692577e-01
4.226453124962899488e-01
4.160140263246203673e-01
4.106187000698474643e-01
4.174342241340330828e-01
4.149423955927239449e-01
4.109512215779679289e-01
4.157644595631739270e-01
4.096884868394652934e-01
4.122717416202166807e-01
4.103445898493122135e-01
4.101130094152590222e-01
4.104841878897622642e-01
4.090985208189207856e-01
4.099725863785086410e-01
4.083160769060983353e-01
4.089090484336027065e-01
4.078471667527194811e-01
4.081789203282373268e-01
4.073259865692656634e-01
4.074150842253373983e-01
4.067166680549261781e-01
4.068688437683218306e-01
4.060428656489280530e-01
4.062987330320932400e-01
4.054486433107640231e-01
4.057337384698378457e-01
4.048890415994985670e-01
4.050929063010307862e-01
4.044752886058973762e-01
4.044348121460173417e-01
4.040693592733116679e-01
4.037890328455345235e-01
4.036791493280853516e-01
4.032214851648915355e-01
4.032336052935128201e-01
4.027386297290498907e-01
4.027494571501997744e-01
4.023241792940497330e-01
4.022310840171907653e-01
4.019283590579185161e-01
4.017210519307063965e-01
4.015374422984780978e-01
4.012412890120837794e-01
4.011339662847187570e-01
4.008139527623587051e-01
4.006997240632117485e-01
4.004162144149998048e-01
4.002580502580259658e-01
4.000261614013498335e-01
3.998126800548120197e-01
3.996355846573827475e-01
3.993928677229802715e-01
3.992338386290751884e-01
3.989904219769944138e-01
3.988248836064353098e-01
3.986024609718464840e-01
2.318098583390514111e+00
4.150633719225603202e-01
4.321569252104035530e-01
4.396512764374712057e-01
4.384163220836179709e-01
4.366324486797383830e-01
4.363409279723039491e-01
4.339653993437689872e-01
4.298853438152142048e-01
4.242525174220709294e-01
4.225632811780359321e-01
4.213540030769611922e-01
4.205998458708468668e-01
4.189355282549910298e-01
4.178408281682987058e-01
4.180307805607249017e-01
4.174412929221202884e-01
4.159379365263151662e-01
4.133814684183942934e-01
4.112333307555270379e-01
4.099280566716670959e-01
4.090936987934198910e-01
4.082212556252238222e-01
4.070036873421295498e-01
4.063212571811761209e-01
4.057455430025510568e-01
4.052820897212446871e-01
4.047177546999690123e-01
4.039854653101437321e-01
4.032624969180243490e-01
4.023447642409452296e-01
4.015157708409101689e-01
4.008155114243093786e-01
4.004564172248759046e-01
4.000254821603935196e-01
3.996473198024118600e-01
3.993120723347310386e-01
3.989286684606221378e-01
3.984701150290249627e-01
3.979637945411547140e-01
3.975663864686108107e-01
3.971125366873325402e-01
3.967176508462808004e-01
3.963539959990156070e-01
3.959889638706596271e-01
3.956910191856273240e-01
3.953647308758569401e-01
3.950710720738772053e-01
3.948139226939505475e-01
3.945476458118956642e-01
3.942428592723683511e-01
3.939458277618911319e-01
3.936681657196215434e-01
3.933973408891298096e-01
3.931330753537785050e-01
3.928512082153474139e-01
3.926036486207838960e-01
3.923739477219216898e-01
3.921388427341195859e-01
3.918996165455853053e-01
3.916547451425657633e-01
3.914197637890252657e-01
3.911810241819759226e-01
3.909458351186225755e-01
3.907114702085795477e-01
3.904867007127649781e-01
3.902713464054279324e-01
3.900541205354923768e-01
3.898358107054328281e-01
3.896137078150249677e-01
3.893924335321541363e-01
3.891779289352375604e-01
3.889627078628788981e-01
3.887456905394758300e-01
3.885303856953475909e-01
3.883188363522350750e-01
3.881102522283287892e-01
3.878997548349111257e-01
3.876885267581751116e-01
3.874785943035657931e-01
3.872720492988226404e-01
3.870666395480004685e-01
3.868591266036643384e-01
3.866522546984080266e-01
3.864459969258176031e-01
3.862411781582409387e-01
3.860372181578458628e-01
3.858322954606638322e-01
3.856282139477731352e-01
3.854249490273031764e-01
3.852219088191260465e-01
3.850192334555527784e-01
3.848165229901775453e-01
3.846139419051950448e-01
3.844119781738820629e-01
3.842101880433169137e-01
3.840084228259744159e-01
3.838072065582286418e-01
3.836061530204341041e-01
3.834051838254777245e-01
3.832044955752402782e-01
3.830037438645916281e-01
3.828030889158077210e-01
3.826026968960386521e-01
3.824024070604276071e-01
3.822022015865940148e-01
3.820021183373245033e-01
3.818020898746193881e-01
3.816020469824696892e-01
3.814020884637119302e-01
3.812021867474393311e-01
3.810022940286476034e-01
3.808024167465292043e-01
3.806025362577581950e-01
3.804026740652469707e-01
3.802027848538995780e-01
3.800028423660052335e-01
3.798028647857987772e-01
3.796028457183787674e-01
3.794027787148983033e-01
3.792026454203135666e-01
3.790024369629142464e-01
3.788021430574772808e-01
3.786017548424926438e-01
3.784012573623319886e-01
3.782006433254309075e-01
3.779999220519532077e-01
3.777990704348372919e-01
3.775980756839915076e-01
3.773969318354258307e-01
3.771956386963755126e-01
3.769941982893965093e-01
3.767925916563034106e-01
3.765908200128321726e-01
3.763889327927428807e-01
3.761870996748792884e-01
3.759859463991613859e-01
3.757879239992660270e-01
3.756035572689587210e-01
3.754774341808324034e-01
3.756343221569663493e-01
3.770065069189327822e-01
3.853800469023894726e-01
4.046001869510935656e-01
6.580083216012064806e-01
4.112799021706113889e-01
4.599653098417912922e-01
3.951024058124684712e-01
4.198175750822720209e-01
3.953482631989819751e-01
4.101712125634050521e-01
3.888291003650093947e-01
4.095678871175500446e-01
3.872101526666196780e-01
4.016769463678988572e-01
3.896341225451833701e-01
3.945982918587502275e-01
3.901718816495676756e-01
3.892754281892769619e-01
3.907734925403965054e-01
3.839340053958730237e-01
3.900932820599997686e-01
3.813370688434484235e-01
3.874205089552273940e-01
3.795592396419978920e-01
3.842833406484875702e-01
3.792557141617112215e-01
3.801934900646238846e-01
3.792441802501286263e-01
3.767141937416950137e-01
3.787027909635086176e-01
3.747387638354507944e-01
3.773130792795073574e-01
3.736518416644464269e-01
3.754096242111489290e-01
3.729559122670266236e-01
3.734645977358519442e-01
3.726127997784126622e-01
3.718575941026829312e-01
3.719905321390004072e-01
3.708621370624325952e-01
3.711539118494728284e-01
3.700918571810436486e-01
3.703333351113706207e-01
3.693983196169959848e-01
3.695309211637362590e-01
3.688768499982549853e-01
3.688353281595047606e-01
3.682144763365639561e-01
3.682560014856465780e-01
3.676195424168483550e-01
3.676580633427714018e-01
3.670957265647228351e-01
3.670712423462466623e-01
3.665880330622848238e-01
3.664720148012318157e-01
3.661085970455868477e-01
3.659070429028736804e-01
3.655987641239981656e-01
3.653878694242445602e-01
3.650718892253325132e-01
3.648693625410242003e-01
3.645648031799030298e-01
3.643679063328982282e-01
3.640499811209021996e-01
3.638713392846322225e-01
3.635484322386611789e-01
3.633623757962340939e-01
3.630519707079430392e-01
3.628647373801563991e-01
3.625589999959040188e-01
3.623610346039182195e-01
3.620739239512479335e-01
3.618568261039280531e-01
3.615845023932786617e-01
3.613604015743577258e-01
3.610945919703123508e-01
3.608589353839950498e-01
3.606049617154652998e-01
3.603589472146180306e-01
3.601120641182317117e-01
3.598597123253001739e-01
3.596162506843002538e-01
3.593582682328194111e-01
3.591175638783937751e-01
3.588562917504096728e-01
3.586136738631497400e-01
3.583530001380885177e-01
3.581062140151927142e-01
3.578471731296615777e-01
3.575940050563648498e-01
3.573385150852858017e-01
3.570780050281926465e-01
3.568243612042676371e-01
3.565597283459916444e-01
3.563041300496371799e-01
3.560386047467720694e-01
3.557780869012096003e-01
3.555132020899576806e-01
3.552470489459847447e-01
3.549821594197465902e-01
3.547119623823119516e-01
3.544449517021515672e-01
3.541721384290282826e-01
3.539017672602177145e-01
3.536273266320661413e-01
3.533526675598003264e-01
3.530770008029269214e-01
3.527981511887713917e-01
3.525201217626795502e-01
3.522385190324328619e-01
3.519571494406116829e-01
3.516730524151248649e-01
3.513883151164926000e-01
3.511019455019412927e-01
3.508135484948364802e-01
3.505247568793563029e-01
3.502334611829674427e-01
3.499416413663236636e-01
3.496477592304095827e-01
3.493664984265162365e-01
3.490705162951392992e-01
3.487729481196575332e-01
3.484745166603908650e-01
3.481743678286878252e-01
3.478735229703403542e-01
3.475710930654283271e-01
3.472677202719515188e-01
3.469632090914711586e-01
1.403865799111756374e+01
1.921152961579297047e+00
2.307508291312232451e+00
2.208556029697827494e+00
2.828014569253361810e+00
1.850287161058296714e+00
1.913623894519511648e+00
1.920048286395422688e+00
1.794267913918392354e+00
1.502219956091114916e+00
1.373326174025381707e+00
1.975201399286934834e+00
1.871540871942871664e+00
1.739493429093684984e+00
1.588168935961105532e+00
1.492117573207005776e+00
1.443979616090047990e+00
1.411377940357696037e+00
1.428506201492206973e+00
1.362131816304980259e+00
1.252403302571933441e+00
1.135277854589705093e+00
1.042401340008161092e+00
9.711853725104253598e-01
9.154144101970702607e-01
1.584037763427390555e+00
1.597110083803973124e+00
1.587844094008389328e+00
1.533356026981032683e+00
1.491196192563709833e+00
1.483792521001541242e+00
9.559463167177145726e-01
1.435504126556612636e+00
1.456732402189245601e+00
1.459561162315491600e+00
1.437598893749020501e+00
1.421832908103472626e+00
1.403140391599810854e+00
1.378762938288978779e+00
1.362627025202379993e+00
1.360495333811339913e+00
1.355607416388046937e+00
1.336350852416698931e+00
1.318117533040073175e+00
1.311278345759093966e+00
1.304594513904177910e+00
1.292154768216351446e+00
1.286904193391403162e+00
1.288546500278170637e+00
1.283075033655448616e+00
1.272945255259099184e+00
1.264953850559544790e+00
1.257949833550268126e+00
1.251493515404218382e+00
1.247096203527184644e+00
1.243941525132509662e+00
1.239452752541641223e+00
1.234294014251593463e+00
1.230237994375349864e+00
1.226002540970962285e+00
1.221139467331668449e+00
1.218076717198391723e+00
1.216693900901838710e+00
1.213853156576471637e+00
1.209601355142317480e+00
1.206588432820943746e+00
1.204406885349041501e+00
1.201453051456299992e+00
1.198497143281019195e+00
1.196498440083650028e+00
1.194750039880335235e+00
1.192319611718609895e+00
1.189703976326631274e+00
1.187626177266708050e+00
1.185781876840279914e+00
1.184099305294182614e+00
1.182598120650228068e+00
1.180950690129506597e+00
1.179144759674699117e+00
1.176878908965912185e+00
1.173836219457058849e+00
1.166002232868776689e+00
1.141856693735742390e+00
1.065105089953709339e+00
8.769234018344196357e-01
6.880702610054112434e-01
7.514222878669780670e-01
8.380526485039436757e-01
7.423799303033573604e-01
6.547624137598102578e-01
6.639075586371374627e-01
6.673221846732163565e-01
5.933020863731668371e-01
5.584519889095815870e-01
6.298399615660319473e-01
6.052511246196713435e-01
5.293359657353373660e-01
1.202408192334171844e+00
1.224654569951347360e+00
1.232054057158499472e+00
1.215821698927964212e+00
1.201388794846126595e+00
1.197597048173445256e+00
1.198725623300977983e+00
1.199255688228220373e+00
1.194121746988202837e+00
1.186652635048188298e+00
1.182389950597996453e+00
1.179844288837134769e+00
1.176417783766743330e+00
1.173169859906504797e+00
1.170025355569611403e+00
1.166849221490949606e+00
1.165430850428468279e+00
1.163921249733362195e+00
1.161615265075018666e+00
1.160672320946860792e+00
1.159212280940411732e+00
1.156456635859192783e+00
1.154995007097865845e+00
1.154437463856069490e+00
1.153130935590144235e+00
1.151445268034813285e+00
1.149617710897244294e+00
1.147729002499342066e+00
1.146734318971588618e+00
1.146001154381961484e+00
1.144351340904111058e+00
1.142836130411236439e+00
1.142188919760061649e+00
1.141662117755177341e+00
1.140914383360543960e+00
1.139840096170391615e+00
7.940755338766402049e-01
6.369976487400800247e-01
5.119198867570081690e-01
5.919387436143360715e-01
6.587986641174850000e-01
5.812685985469789873e-01
5.165744999948556071e-01
5.435932985104681148e-01
5.763904842036075005e-01
5.289183776511484636e-01
4.762845448364552703e-01
5.079364770461252121e-01
5.408070546946107671e-01
4.987650737380999177e-01
4.732903754026711596e-01
1.156895305611073566e+00
1.166421676008636776e+00
1.163846500086147984e+00
1.155219702997728470e+00
1.147611854221376015e+00
1.144228133776951095e+00
1.146687975771817136e+00
1.149189011253277437e+00
1.146109241457704986e+00
1.141802291491079480e+00
1.139812367533309834e+00
1.138783889048724074e+00
1.138673338883721575e+00
1.137301653234759957e+00
1.133614380255948628e+00
1.131600616671790460e+00
1.131926526301506364e+00
1.131625738591440333e+00
1.130550910031616008e+00
1.129312629820428571e+00
1.127698598000335561e+00
1.126863229763969576e+00
1.127055185609863175e+00
1.126437179164619273e+00
1.124861888598370552e+00
1.123752210486201886e+00
1.123169749090912495e+00
5.930334651798803147e-01
5.025334055176047254e-01
4.664939204038340836e-01
5.171117653619119459e-01
5.277409055710986507e-01
1.332771499870791354e+00
5.605498862725525333e-01
6.443060189244200764e-01
6.429842571374095872e-01
6.079770404642285131e-01
5.609500323296287005e-01
5.598416395150294100e-01
5.863582661896870052e-01
5.747180197207306662e-01
5.419493523498730703e-01
5.294348096551451111e-01
5.285523590802116978e-01
5.152166972233128694e-01
5.058834585638227743e-01
5.046211130105107134e-01
4.953316359341560782e-01
4.925385901281155165e-01
4.915151585531917222e-01
4.774467296347964518e-01
4.720840598990776460e-01
4.747698771049542188e-01
4.712491580484696185e-01
4.654774409953343905e-01
4.594506269015257716e-01
4.558025198384596521e-01
4.558795420028514123e-01
4.565024226549249109e-01
4.546773080170034564e-01
4.506455194652044804e-01
4.483117416438348046e-01
4.477714090063492636e-01
4.475277738877683764e-01
4.463447427859886796e-01
4.427170374236233386e-01
4.408920904918144368e-01
4.422098092231985245e-01
4.417242748988455814e-01
4.397757965429377469e-01
4.382372600552700836e-01
4.369625945109240073e-01
4.368193952054457707e-01
4.369389644152797958e-01
4.358051262620148414e-01
4.341289030214166567e-01
4.335281458672374244e-01
4.336582219441728614e-01
4.331180307677993113e-01
4.320773190081970139e-01
4.313938414734321825e-01
4.312525309994766909e-01
4.311982387371892655e-01
4.305182505356772160e-01
4.296518696999579445e-01
4.292729682139805880e-01
4.290387804390616289e-01
4.287284872669677727e-01
4.282710072555385716e-01
4.276685788961979151e-01
4.272937060606599724e-01
4.271376371650489334e-01
4.268636767800609855e-01
4.264525982500051438e-01
4.260833280367412046e-01
4.257711358119412037e-01
4.254692499000057859e-01
4.251846355348203321e-01
4.248624927219253333e-01
4.245431988253505207e-01
4.242806795898271255e-01
4.239892547555566549e-01
4.236852266630362074e-01
4.234232107881893414e-01
4.231411737224501923e-01
4.228556402854413143e-01
4.226016054245704812e-01
4.223352881329374142e-01
4.220613511406794416e-01
4.218101745831867033e-01
4.215629293319352877e-01
4.213043783729499836e-01
4.210458370092285407e-01
4.207909226225814425e-01
4.205480570408507424e-01
4.203161606307549425e-01
4.200692245351660969e-01
4.198176715193684405e-01
4.195829947875228116e-01
4.193535794792402349e-01
4.191243608783431496e-01
4.188934310860380483e-01
4.186549976456820366e-01
4.184231505994870925e-01
4.182046002486337066e-01
4.179826596969946628e-01
4.177539815666818646e-01
4.175293383668979286e-01
4.173099147554868438e-01
4.170931222066543986e-01
4.168768477384479088e-01
4.166586343119356162e-01
4.164423812553733062e-01
4.162300103147982822e-01
4.160180315273557250e-01
4.158066237546845234e-01
4.155964931413717034e-01
4.153872645320504930e-01
4.151803988933018275e-01
4.149748249182005355e-01
4.147690527377898007e-01
4.145647261406094630e-01
4.143623150583588544e-01
4.141607176036793403e-01
4.139599057785448566e-01
4.137599740930855141e-01
4.135610570213354986e-01
4.133636240634788184e-01
4.131671340427389705e-01
4.129713657383722314e-01
4.127767063389924385e-01
4.125828624640703879e-01
4.123900372835408445e-01
4.121983565529215299e-01
4.120072758543312230e-01
4.118169867197101208e-01
4.116277413566868937e-01
4.114394269728013365e-01
4.112519728148363862e-01
4.110652387660113094e-01
4.108793244312456405e-01
4.106943197856567362e-01
4.105101161483816763e-01
4.103267214776796790e-01
4.101440952994807043e-01
4.099622000364405716e-01
4.097811226120173789e-01
4.096008192957396044e-01
4.094212116643869415e-01
4.092423442348022133e-01
4.090642373813411226e-01
4.088868605397911749e-01
4.087101676343738443e-01
4.085341430294459064e-01
4.083588518848955684e-01
4.081842739899447792e-01
4.080103389120620649e-01
4.078370620862342699e-01
4.076644429390703928e-01
4.074924881637594920e-01
4.073212009018541968e-01
4.071505323639823537e-01
4.069804812335481303e-01
4.068110572549281656e-01
4.066422564285150365e-01
4.064740748562845063e-01
4.063064836359517873e-01
4.061394830763211949e-01
4.059730777976210403e-01
4.058072575679848581e-01
4.056420155408274053e-01
4.054773359183731496e-01
4.053132201478948371e-01
4.051496648577497250e-01
4.049866601743716266e-01
4.048242050630332378e-01
4.046622861709953667e-01
4.045008995744017732e-01
4.043400447780565732e-01
4.041797140764421536e-01
4.040199009955640630e-01
4.038605977415592463e-01
4.037018027842527723e-01
4.035435111621916704e-01
4.033857162350930059e-01
4.032284134069460402e-01
4.030715969127391940e-01
4.029152637248223923e-01
4.027594085945362945e-01
4.026040262308133721e-01
4.024491115561654730e-01
4.022946603686872180e-01
4.021406694497779988e-01
4.019871336775465709e-01
4.018340480066638354e-01
4.016814081307615858e-01
4.015292107629963025e-01
4.013774516826105199e-01
4.012261265892947959e-01
4.010752311033516371e-01
4.009247614764867018e-01
4.007747141834439031e-01
4.006250851745731256e-01
4.004758707354367786e-01
4.003270667863515486e-01
4.001786700646967621e-01
4.000306768802317503e-01
3.998830837169040642e-01
3.997358868558364975e-01
3.995890828786524684e-01
3.994426687141200416e-01
3.992966408595646222e-01
3.991509959617032255e-01
3.990057307586700741e-01
3.988608422210465632e-01
3.987163271868904291e-01
3.985721824885294917e-01
3.984284049798568761e-01
3.982849917883655166e-01
3.981419399972224715e-01
3.979992467143846913e-01
3.978569089278113924e-01
3.977149239071814391e-01
3.975732889166849748e-01
3.974320012199467067e-01
3.972910580286217463e-01
3.971504567102216443e-01
3.970101947038864321e-01
3.968702694458126623e-01
3.967306783456744368e-01
3.965914189537825263e-01
3.964524888225682275e-01
3.963138855259665805e-01
3.961756066471171511e-01
3.960376498814924817e-01
3.959000129187468797e-01
3.957626934539515418e-01
3.956256892403933190e-01
3.954889981083570261e-01
3.953526178840821581e-01
3.952165463891214592e-01
3.950807815235940490e-01
3.949453212367932675e-01
3.948101634621895561e-01
3.946753061523675665e-01
3.945407473456929992e-01
3.944064850946727985e-01
3.942725174466958915e-01
3.941388424969142212e-01
3.940054583914054387e-01
3.938723632711617628e-01
3.937395552936840959e-01
3.936070326773282169e-01
3.934747936490375908e-01
3.933428364388101839e-01
3.932111593279035144e-01
3.930797606257578347e-01
3.929486386362468497e-01
3.928177916968326189e-01
3.926872181849395682e-01
3.925569164731237959e-01
3.924268849545204940e-01
3.922971220644960733e-01
3.921676262375464739e-01
3.920383959221959702e-01
3.919094296084266738e-01
3.917807257869629911e-01
3.916522829585769583e-01
3.915240996619574476e-01
3.913961744350218375e-01
3.912685058262277416e-01
3.911410924180376836e-01
3.910139327898469741e-01
3.908870255366931890e-01
3.907603692807346540e-01
3.906339626378179108e-01
3.905078042463577814e-01
3.903818927603699418e-01
3.902562268291034364e-01
3.901308051298524870e-01
3.900056263401303625e-01
3.898806891453053813e-01
3.897559922529942877e-01
3.896315343621860050e-01
3.895073141960394558e-01
3.893833304764700021e-01
3.892595819336724383e-01
3.891360673127637337e-01
3.890127853514732115e-01
3.888897348131454268e-01
3.887669144453092529e-01
3.886443230264631232e-01
3.885219593122226645e-01
3.883998220984249961e-01
3.882779101400388733e-01
3.881562222637344184e-01
3.880347571984575916e-01
3.879135138585201870e-01
3.877924908826234085e-01
3.876716876280181245e-01
3.875511029652187744e-01
3.874307415064373039e-01
3.873106216464671236e-01
3.871908856338466265e-01
3.870723641341725640e-01
3.869608608089938340e-01
3.868970705353734774e-01
3.872008826493669731e-01
3.900778164516351953e-01
4.086772619297134312e-01
3.918070488557109377e-01
3.907798063897150453e-01
3.921071151222391693e-01
3.909361566610088934e-01
3.893937301184641209e-01
3.907318321952060747e-01
3.877854902845686569e-01
3.897641441287333919e-01
3.874099790721226011e-01
3.885039284838559537e-01
3.880116505793606008e-01
3.870640741207104774e-01
3.877844681136187743e-01
3.863850326367773147e-01
3.868164858162462805e-01
3.866341695226385711e-01
3.858390129542978997e-01
3.864769098694301186e-01
3.857811096132132134e-01
3.856191511459673427e-01
3.857335861964990009e-01
3.850628949072469887e-01
3.852908620975860066e-01
3.849412791716391169e-01
3.846991090664059199e-01
3.847753495625070852e-01
3.842739704428309033e-01
3.843852206223330459e-01
3.841207315132850741e-01
3.839172503334029596e-01
3.839040146963607070e-01
3.835642525277505044e-01
3.835947149148254409e-01
3.833294587585167612e-01
3.832747864557748962e-01
3.831223679700632712e-01
3.829482632054503899e-01
3.828833412942688197e-01
3.826601713630803925e-01
3.826187757627976804e-01
3.823947666601896223e-01
3.823554860792898191e-01
3.821523689803399959e-01
3.820968863422508077e-01
3.819059073503962010e-01
3.818381962991925782e-01
3.816580687983162079e-01
3.815913901247813822e-01
3.814233726915023936e-01
3.813484878064757888e-01
3.811942180505190625e-01
3.811028361324922953e-01
3.809682929586875044e-01
3.808476949784407317e-01
3.807482686307778197e-01
3.806072704851638511e-01
3.805155546884047002e-01
3.803854907762803661e-01
3.802700972368668886e-01
3.801706936301987305e-01
3.800386942086105835e-01
3.799315103156710727e-01
3.798282629691118184e-01
3.797022350049895634e-01
3.795926423017454976e-01
3.794921662984623856e-01
3.793745859446340241e-01
3.792550861734986234e-01
3.791483392474400693e-01
3.790462533708504056e-01
3.789392548120739668e-01
3.788256287165370773e-01
3.787115637100975096e-01
3.785987463628280869e-01
3.784880763800650971e-01
3.783786398797995276e-01
3.782701257292534480e-01
3.781622418399030461e-01
3.780557405428522921e-01
3.779552225590199210e-01
3.778891604185828368e-01
3.780265581523216123e-01
3.796673158527351100e-01
3.856325872667060173e-01
4.037979948396313024e-01
1.162951813183500605e+00
4.660931894795328212e-01
5.359348075647245579e-01
5.176519351894512955e-01
5.146640680173044657e-01
4.630540820790127743e-01
4.786424112805870434e-01
4.971451122342195328e-01
4.709348487081481682e-01
4.519850548658298495e-01
4.531745690404339610e-01
4.389106651352349120e-01
4.379041072285195790e-01
4.451923728772037014e-01
4.235874948167797638e-01
4.144368794801174261e-01
4.192288240605991922e-01
4.151566312343354381e-01
4.133262166304538798e-01
4.060428321101579030e-01
3.985259609016138516e-01
4.016468772798366116e-01
4.031699224259621683e-01
3.967213390156663078e-01
3.934759953182463410e-01
3.937263564664552629e-01
3.924646858484086565e-01
3.922516685301452588e-01
3.891827077374870325e-01
3.865948463735833784e-01
3.878260168840956812e-01
3.871227651008940507e-01
3.854301392225117917e-01
3.839588811027377924e-01
3.823670548764080968e-01
3.828663910120040925e-01
3.833433772583377808e-01
3.817107511207759041e-01
3.803058523872525631e-01
3.798126499446720095e-01
3.792030220224274495e-01
3.794093032311034452e-01
3.789379417695047936e-01
3.776251856272414553e-01
3.777663516805689348e-01
3.777689740573472177e-01
3.773785891842684759e-01
3.768688642121094112e-01
3.762050483916417054e-01
3.761802404481847106e-01
3.762384216159082029e-01
3.758522345911953222e-01
3.753791533100458433e-01
3.752145006781406056e-01
3.750225761218415332e-01
3.750136794198369872e-01
3.747527788708326923e-01
3.743883748144172241e-01
3.742062895554862934e-01
3.741250611509071011e-01
3.739743888123790994e-01
3.738199396675271347e-01
3.736329758134808721e-01
3.734211706823605814e-01
3.733488095733628609e-01
3.731802616238821257e-01
3.729923298690521194e-01
3.728733583616974379e-01
3.727351677628458759e-01
3.726084304747090403e-01
3.724789930064609234e-01
3.723241520032836704e-01
3.721966138637087251e-01
3.720896486819388338e-01
3.719583852313509409e-01
3.718292440306864011e-01
3.716965315346643095e-01
3.715769942753976984e-01
3.714741448508050992e-01
3.713488963761929496e-01
3.712419181965713189e-01
3.712110761393666580e-01
3.713738779799864997e-01
3.726767648221377960e-01
3.743773947945747138e-01
3.806047753668758138e-01
3.730562422656579225e-01
3.796152648419002240e-01
3.718656543526105418e-01
3.752329640855542880e-01
3.737400618826758336e-01
3.718123565920995466e-01
3.741001274878983374e-01
3.717452207690519761e-01
3.718160126766905660e-01
3.726946024191066797e-01
3.711625636262514960e-01
3.713366994613985783e-01
3.717526322505039227e-01
3.706469936144463073e-01
3.708394341145714312e-01
3.710005873920527719e-01
3.702538500871579430e-01
3.703286869923800850e-01
3.703920391394217582e-01
3.698362185565970961e-01
3.698336319599695443e-01
3.698150758633460544e-01
3.694002829911234853e-01
3.693462713154778143e-01
3.693060299106157851e-01
3.689638788094609101e-01
3.688802993354945992e-01
3.688230319052133721e-01
3.685451153067973440e-01
3.684535662780977217e-01
3.683747163765254129e-01
3.681343523328275413e-01
3.680484778074575303e-01
3.679534750867165527e-01
3.677783114293410316e-01
3.676867746780331236e-01
3.675549830259169370e-01
3.674337637274990298e-01
3.673088757908685165e-01
3.671824305475882011e-01
3.670907219254403442e-01
3.669355770704663122e-01
3.668589227264693609e-01
3.667305362196630059e-01
3.666091860082800746e-01
3.665205437040121028e-01
3.663836166979934639e-01
3.662956845394045313e-01
3.661745646023537581e-01
3.660803925966475969e-01
3.659656663140311017e-01
3.658676246215979977e-01
3.657578626495540108e-01
3.656495292830624355e-01
3.681214672945286037e-01
3.662861316450441995e-01
3.660018776317121025e-01
3.662918055234255510e-01
3.653450830598043986e-01
3.644372665374006615e-01
3.640211417455581078e-01
3.629553204347543138e-01
4.237517255194708232e-01
3.955297468905828451e-01
4.251025252392108267e-01
4.126305954839373236e-01
4.066158693137202351e-01
4.126912794710690946e-01
4.020139320556349594e-01
3.884714666216504408e-01
3.889595699361243497e-01
3.915552679705825434e-01
3.888647617377153365e-01
3.873686832953803227e-01
3.872330101215504250e-01
3.848599408835366997e-01
3.815318851942235412e-01
3.789337216767298400e-01
3.777644266038772125e-01
3.777298618322350032e-01
3.766095827110064187e-01
3.756464915244334124e-01
3.759748402773862574e-01
3.745788999721196832e-01
3.721878009676942711e-01
3.716388182248335781e-01
3.715063141545468239e-01
3.702796060284739288e-01
3.695231381538067739e-01
3.697002153276871539e-01
3.693218871719559093e-01
3.685149352630008313e-01
3.682502378336106608e-01
3.678832205968618485e-01
3.668401501776206164e-01
3.662736936915140795e-01
3.665756460437137321e-01
3.666177308569814608e-01
3.660905665023522770e-01
3.655817977653940121e-01
3.652660675389531320e-01
3.649576360613684956e-01
3.647262202932456954e-01
3.646614887789824122e-01
3.644783662181205752e-01
3.641067696757619987e-01
3.638753650217338986e-01
3.637757032978866656e-01
3.635694771739502729e-01
3.632992869269044967e-01
3.630791357608996739e-01
3.629288799836629664e-01
3.628139416064677936e-01
3.626718416766071540e-01
3.625152854497950550e-01
3.623588604795711099e-01
3.621746951781417145e-01
3.620027851195429802e-01
3.618797311639512793e-01
3.617584167972311970e-01
3.616205019989142677e-01
3.615027677499279557e-01
3.613812965190127402e-01
3.612236423189086887e-01
3.610849054210013565e-01
3.609796135060380218e-01
3.608555529436793252e-01
3.607294079999272540e-01
3.606273854377787247e-01
3.605153447545244583e-01
3.603907578301175363e-01
3.602776884009968317e-01
3.601684224777365051e-01
3.600559462065711092e-01
3.599457954282604399e-01
3.598383659791800637e-01
3.597304327170421923e-01
3.596226679957030270e-01
3.595182424048255498e-01
3.594147720865558115e-01
3.593085055554183782e-01
3.592015272532151915e-01
3.590982604968324665e-01
3.589993037463782288e-01
3.589008045997574836e-01
3.588001240854222229e-01
3.586985505740200031e-01
3.585971004347817681e-01
3.584971662975437456e-01
3.583996899317848372e-01
3.583023668517615334e-01
3.582043928478794159e-01
3.581068670695142231e-01
3.580100367347362478e-01
3.579137180122348161e-01
3.578175839036972228e-01
3.577221861797038605e-01
3.576276895023990932e-01
3.575328217155675503e-01
3.574379955713408719e-01
3.573441983984749770e-01
3.572504568991233809e-01
3.571567145904612772e-01
3.570061331976188690e-01
3.569135892410034705e-01
3.568208839355160866e-01
3.567288439079215889e-01
3.566373895862700594e-01
3.565457391827243638e-01
3.564542452122042571e-01
3.563632517701785796e-01
3.562723113129931951e-01
3.561815616373522064e-01
3.561495173508790191e-01
3.560596786005651992e-01
3.559699431969918226e-01
3.558221916826935782e-01
3.557327925920916178e-01
3.556435322063891125e-01
3.555545771778858000e-01
3.554659627014566947e-01
3.554360293790791436e-01
3.553477303226466044e-01
3.552010865181489674e-01
3.551132323598043539e-01
3.550255048748960363e-01
3.549967338249832016e-01
3.548506709279584115e-01
3.547635342345896170e-01
3.547355099799000544e-01
3.546488165825930627e-01
3.546839955354112450e-01
3.543661133971133248e-01
3.542228622809133753e-01
3.541342511232875578e-01
3.538889896580139638e-01
3.536216469787223371e-01
3.533595998638998092e-01
3.530099809345889073e-01
3.773452494899909304e-01
3.737532754011912983e-01
3.857916288330579535e-01
3.812452157630004113e-01
3.821470380964439029e-01
3.804846279611989179e-01
3.727066438327882869e-01
3.703512266516301166e-01
3.715549739341685309e-01
3.706356705811164609e-01
3.691686952416015632e-01
3.680887270244752041e-01
3.657704461994401024e-01
3.638094008682817293e-01
3.629307501292866611e-01
3.617036106040243393e-01
3.606418720059307859e-01
3.601772142692533096e-01
3.598031135506490896e-01
3.594526336580896597e-01
3.588924432636441120e-01
3.581582729644092744e-01
3.577459704665917894e-01
3.576236975308528798e-01
3.569590179044370704e-01
3.562076599417824396e-01
3.560721631207658389e-01
3.558494652698813709e-01
3.554241942633798446e-01
3.553182964920189590e-01
3.549007019961269993e-01
3.541165683835966749e-01
3.538591180453810603e-01
3.541009592735362976e-01
3.540450133721783077e-01
3.537160374052564782e-01
3.534107790573507435e-01
3.531314015343327561e-01
3.529713619499201260e-01
3.529192401195657691e-01
3.527859285770375553e-01
3.525617119969268742e-01
3.523090183821074306e-01
3.521176526908620374e-01
3.520519877799010433e-01
3.519628968218060372e-01
3.517802989164753313e-01
3.516294521026914754e-01
3.515301353154757225e-01
3.514062080538284949e-01
3.512788337220316137e-01
3.511920125782042046e-01
3.510826779988188151e-01
3.509319018786850597e-01
3.508166286079710816e-01
3.507254649009735603e-01
3.506159160928048468e-01
3.505190120146967070e-01
3.504329086921750269e-01
3.503215757954251108e-01
3.502065940035889446e-01
3.501112001532244999e-01
3.500126142807795659e-01
3.499140498046837688e-01
3.498324961687311885e-01
3.497456345994680582e-01
3.496434058887961660e-01
3.495442873915733939e-01
3.494547662331631832e-01
3.493687244549757986e-01
3.492805647604116936e-01
3.491900898019167365e-01
3.490990770922101638e-01
3.490081342977929824e-01
3.489197766290709768e-01
3.488356096248990124e-01
3.487509434716897228e-01
3.486622128187054637e-01
3.485741330909903346e-01
3.484903189803946755e-01
3.484069725010116025e-01
3.483217751602618040e-01
3.482368940991155681e-01
3.481528039555003007e-01
3.480683333756442455e-01
3.479847590520165346e-01
3.479022854474968507e-01
3.478187560423939839e-01
3.477354014552003769e-01
3.476533183455901010e-01
3.475708341154712944e-01
3.474882967745301920e-01
3.474066460369759080e-01
3.473251602910889524e-01
3.472437336663999341e-01
3.471627203890472746e-01
3.470817447356220331e-01
3.470006710258450866e-01
3.469198512287439140e-01
3.468393481362239683e-01
3.467591228780562695e-01
3.466791253632490188e-01
3.465991965938375330e-01
3.465193553680738781e-01
3.464396390560440797e-01
3.463600487402153094e-01
3.462806438206976201e-01
3.462014329911013433e-01
3.461223545432327575e-01
3.460263445983585151e-01
3.459370162705411311e-01
3.458492017118053319e-01
3.457580186746977424e-01
3.456570545143945461e-01
3.455478021733580096e-01
3.454249834978186939e-01
3.452785604268139852e-01
3.451008458383724165e-01
3.448787503160194445e-01
3.445891700104515287e-01
3.442020676180187477e-01
3.696769080318333955e-01
3.690463908205040555e-01
3.813728373382189174e-01
3.775034622611754820e-01
3.807191618246232867e-01
3.766655072090717704e-01
3.666334013787793111e-01
3.652535330438482220e-01
3.663889886701703347e-01
3.645757014072313895e-01
3.638430260237501823e-01
3.622995495960388279e-01
3.589399294094590687e-01
3.574313481481738997e-01
3.561368303720908735e-01
3.540089520498622688e-01
3.533828249501439478e-01
3.532396421239480389e-01
3.526381224906682821e-01
3.524945191830328728e-01
3.515953968426964726e-01
3.503841730270988442e-01
3.504016084235150319e-01
3.499907373084410467e-01
3.488754006341193703e-01
3.487444986285915816e-01
3.485627964153615865e-01
3.477705707721542305e-01
3.476249399749938851e-01
3.474417358395849309e-01
3.464725224841867512e-01
3.460181587335704467e-01
3.463161235635491275e-01
3.462556415487516026e-01
3.459037259989011792e-01
3.455892421793692604e-01
3.452595430657828812e-01
3.450421344336705998e-01
3.449924097745206142e-01
3.448742331463892086e-01
3.445810265720802290e-01
3.442838548114557362e-01
3.441164101840970546e-01
3.440494083217257026e-01
3.439472247854966636e-01
3.437392593951207886e-01
3.435715026686293472e-01
3.434717636667727891e-01
3.433389749239238453e-01
3.432351351832693132e-01
3.431553335947455929e-01
3.429859688050882482e-01
3.428335274786359355e-01
3.427532842782842204e-01
3.426432206710740003e-01
3.425390588042108719e-01
3.424628129788506170e-01
3.423468871474838471e-01
3.422193633890736608e-01
3.421295439680414052e-01
3.420365908672819422e-01
3.419304928014904599e-01
3.418474368978423605e-01
3.417659256041771787e-01
3.416638805561816872e-01
3.415671374486990430e-01
3.414814633876827044e-01
3.413936346353638185e-01
3.413078616072185989e-01
3.412214755213617834e-01
3.411297224095674041e-01
3.410413461912554789e-01
3.409574589187790994e-01
3.408751540776776556e-01
3.407940459161771241e-01
3.407079983509457843e-01
3.406205948622607060e-01
3.405405397286518365e-01
3.404625022572204118e-01
3.403806997204256723e-01
3.402990229160101632e-01
3.402171701499229206e-01
3.401351100112486869e-01
3.400558067117682715e-01
3.399773538854089505e-01
3.398973294469423978e-01
3.398176051365682238e-01
3.397387598193769009e-01
3.396593681762158923e-01
3.395805511873234983e-01
3.395029416710744208e-01
3.394251010557266524e-01
3.393474302651851016e-01
3.392703545419596955e-01
3.391928332845619565e-01
3.391152916382987881e-01
3.390382637292570500e-01
3.389615266504479307e-01
3.388852558169314078e-01
3.388091478037252857e-01
3.387329291025816258e-01
3.386568711053812297e-01
3.385808109548622546e-01
3.385048886679741242e-01
3.384294197035173646e-01
3.383541126068771998e-01
3.382788170369025460e-01
3.382038051176131099e-01
3.381288915846166199e-01
3.380538598717302001e-01
3.379790384299985462e-01
3.379045285221142780e-01
3.378300928987119089e-01
3.377558013828161343e-01
3.376816371046168497e-01
3.376074550464343016e-01
3.375334194959708212e-01
3.374596114789210066e-01
3.374425791508111616e-01
3.373689076026185063e-01
3.372953336491987808e-01
3.372218018439371301e-01
3.371149334870096048e-01
3.370416636396433852e-01
3.369123207569594269e-01
3.368393517067890808e-01
3.367664793696291126e-01
3.366936810947127601e-01
3.366209945027628381e-01
3.365484087464736263e-01
4.736862140774286689e-01
3.366479849581740513e-01
4.712738982590913284e-01
4.693450617542369030e-01
4.669712377150905813e-01
3.401683731839506564e-01
4.632294201393271083e-01
4.616204961676070861e-01
3.441392523465197639e-01
3.442251456388538688e-01
3.435899671523414134e-01
3.420623837268988443e-01
3.404051017089996800e-01
3.646427398110066997e-01
3.615526214176492670e-01
3.711736927176215728e-01
3.659924869106300771e-01
3.706382889546747661e-01
4.967578576541807345e-01
4.881845257119878934e-01
4.876560817281894722e-01
4.842613901966015266e-01
4.786815632547710142e-01
4.763778425531972616e-01
3.791175973662661014e-01
4.723973148006876954e-01
4.035316394529233630e-01
3.806288807822850728e-01
3.728222391618353782e-01
3.771689751417361958e-01
3.682517064161374698e-01
3.653535688747003851e-01
3.592132184505865133e-01
3.604124540083484263e-01
3.549185024237363484e-01
3.538144678030458179e-01
3.514228253989746253e-01
3.483000082419984711e-01
3.509477421837845501e-01
3.463985910803216717e-01
3.502729604683878506e-01
3.445996565005524093e-01
3.432903659206146818e-01
3.456445089438099361e-01
3.403246191893398720e-01
3.436063060001276481e-01
3.411389015387294443e-01
3.403920732771573143e-01
3.399275542094776226e-01
3.383460506953318570e-01
3.393241898567082027e-01
3.377432319069368361e-01
3.376562385121483767e-01
3.372218302339327622e-01
3.366536712525100006e-01
3.363364979491217932e-01
3.362314461832195400e-01
3.359052808419010216e-01
3.349363981531227052e-01
3.357767642988591650e-01
3.348045159873562771e-01
3.347348390934845042e-01
3.348033909867203506e-01
4.656117142342051096e-01
4.638515876634897173e-01
4.607700236696684604e-01
4.574373845844019182e-01
4.538530407918585641e-01
4.508996445025912347e-01
4.487883577132886770e-01
4.473446938869637957e-01
4.462442073366503781e-01
4.450263741916071769e-01
4.432944488502079672e-01
4.409396191793412134e-01
3.636888456404623882e-01
4.386185665172809278e-01
3.552976860997164588e-01
3.487667010125169442e-01
3.465745498181256323e-01
3.440658828635115851e-01
3.416016803503831856e-01
3.410376598268630710e-01
3.392755512641702498e-01
3.402047503191600875e-01
4.691170279124071141e-01
4.642732628281048823e-01
3.447099808067056737e-01
4.531433822484743912e-01
4.455429336531397388e-01
3.459553741450706599e-01
3.499107916620908254e-01
3.482808952576115225e-01
3.466823683626987229e-01
3.447972500898695558e-01
3.431047674273457471e-01
4.431171177502176706e-01
4.396490327027275935e-01
4.312573425821867867e-01
4.254063073217774771e-01
4.227911854694784699e-01
4.214003920235201983e-01
4.176951569923603724e-01
4.134088226672949506e-01
4.098103734772838291e-01
4.074063562197459687e-01
4.024422766614894620e-01
3.961474508138296269e-01
3.916469603523470289e-01
3.884630433714950093e-01
3.836939295808752814e-01
3.782926340655450304e-01
3.740885087538704523e-01
3.693940726675176700e-01
3.657011232827919733e-01
3.630643272802804855e-01
3.601213798889421058e-01
3.570400698681976404e-01
3.537292865159142874e-01
4.758324213462918895e-01
5.246310846114885518e-01
5.373649621561307210e-01
6.840013996291498533e-01
5.827036324736826201e-01
6.275320630848815195e-01
5.876864104154890800e-01
6.138133719990737092e-01
5.634449549776059385e-01
4.727747851572730031e-01
4.467875981503792726e-01
4.722767506754151912e-01
4.699129129671336114e-01
4.737313120993730253e-01
4.834584476030651112e-01
4.534435441366887476e-01
4.393581878924767703e-01
4.358262765696827579e-01
4.158207703228018470e-01
4.157089974473039407e-01
4.243651549201175044e-01
4.105366985619303688e-01
4.036469536708952033e-01
4.021205976878468036e-01
3.911696857936931004e-01
3.866804016666608446e-01
3.870860901122664122e-01
3.798872624995787706e-01
3.753325723492207944e-01
3.755548329503604066e-01
3.705619699089401919e-01
4.326239351547455092e-01
3.846890924931078981e-01
3.826385316536382586e-01
3.795022217293475553e-01
3.828559588408653180e-01
3.853457601085873430e-01
3.808564235369758522e-01
3.793890225951116468e-01
3.726105486917734577e-01
3.622252074812939981e-01
3.602564168354199792e-01
3.602589202987493966e-01
3.597825126534790474e-01
3.602333145472016440e-01
3.595058790496619139e-01
3.547311618458339755e-01
3.518451368454291739e-01
3.523760508519738210e-01
3.504133030097958956e-01
3.486520125114731528e-01
3.488405080136898762e-01
3.479990179055690858e-01
3.478376293116068885e-01
3.467696631687045006e-01
3.444701464073872121e-01
3.442257757291984355e-01
3.438050599260604745e-01
4.503321729025216991e-01
4.129202953531708742e-01
3.821422716022098709e-01
3.812436227880406370e-01
3.775284441773911759e-01
3.760390358691600987e-01
3.798648325942822757e-01
3.805622158616512873e-01
3.769407657311741877e-01
3.680025002929095956e-01
3.614428919818721275e-01
3.623338883182924963e-01
3.645529749785362816e-01
3.633869419232489406e-01
3.607474034249621431e-01
3.588167741266519162e-01
3.537292158837762601e-01
3.526018728053796902e-01
3.530716886424183354e-01
3.508118576295800040e-01
3.509413762793546221e-01
3.509582246289534302e-01
3.480316369175054936e-01
3.461094557014259276e-01
3.453665992940502250e-01
3.451394078167692170e-01
3.451349480035301731e-01
3.435964575533391185e-01
3.428621540565270909e-01
3.427806070791437065e-01
3.419036858885981522e-01
3.409124569506218894e-01
3.412452109018114799e-01
3.414161946562731531e-01
3.403277348606106312e-01
3.396110521350075295e-01
3.396027193217617257e-01
3.394949981073386303e-01
3.393171295798907972e-01
3.389897298692166050e-01
3.387165971459684677e-01
3.385753384781129416e-01
3.380837545057353566e-01
3.379632783473333069e-01
3.380283107713064616e-01
3.377668562382626360e-01
3.375708161007447972e-01
3.374280110053898274e-01
3.371611731401267242e-01
3.361122512638936577e-01
3.360712601896964635e-01
3.359161003435554571e-01
3.357182087166901141e-01
3.356116140196752085e-01
3.354647734011751981e-01
3.352917550881207576e-01
3.352069101392700645e-01
3.350937681237370347e-01
3.349631123027533852e-01
3.348206624704540557e-01
3.347065789628296262e-01
3.346024112498480751e-01
3.344706505058152590e-01
3.343695595160279810e-01
3.342738546755574247e-01
3.341494725774124541e-01
3.340498289598742288e-01
3.339558622980693947e-01
3.338401416138859767e-01
3.337382058390698791e-01
3.336459092854342501e-01
3.335445726306069947e-01
3.334456848830736897e-01
3.333571000900974468e-01
3.332642034468059622e-01
3.331650487378594594e-01
3.330703100385401516e-01
3.329855752027250926e-01
3.328932941329189044e-01
3.328011601013984855e-01
3.327146048460392080e-01
3.326276254006964583e-01
3.325381588378456543e-01
3.324505327592850445e-01
3.323661385153123815e-01
3.322799512609044825e-01
3.321946054855736685e-01
3.321103309034488804e-01
3.320267991497943827e-01
3.319429981934823859e-01
3.318606847799812076e-01
3.317768311406776860e-01
3.316949952480564567e-01
3.316146273433662195e-01
3.315327152896616614e-01
3.314520363772130995e-01
3.313721943243520540e-01
3.312922008539759267e-01
3.312119382233434939e-01
3.311328207653830846e-01
3.320875768246510651e-01
3.311985096866942868e-01
3.314866853322566698e-01
3.312772000769481084e-01
3.311043044881297748e-01
3.310651543541380804e-01
3.309706705294422346e-01
3.308318505718693125e-01
3.306741868387491623e-01
3.305507722198792742e-01
3.305249391745690990e-01
3.304322284075656424e-01
3.302921452049670803e-01
3.302041751213479759e-01
3.301762057414031615e-01
3.299628662067859985e-01
3.299389809215618752e-01
3.299164151329853079e-01
3.297341095691496138e-01
3.296989561723834283e-01
3.296277228576390828e-01
3.295109229571828724e-01
3.294460839966054655e-01
3.293719563171529918e-01
3.292993736499064128e-01
3.292182298414496611e-01
3.291285220904737185e-01
3.290648070363321187e-01
3.289920927391478678e-01
3.289122308043748166e-01
3.288409197864570754e-01
3.287793215404971603e-01
3.286861794189015473e-01
3.286206209034550629e-01
3.285598500254917065e-01
3.284780111600573149e-01
3.284115584493202400e-01
3.283449494229472299e-01
3.282664021331126447e-01
3.282001123402689124e-01
3.281325925325366821e-01
3.280648379203243148e-01
3.279956898450991365e-01
3.279241074813460388e-01
3.278584437620375436e-01
3.277912559899035516e-01
3.277224702374396115e-01
3.276564907950992867e-01
3.275908892294097097e-01
3.275216212146366268e-01
3.274568317301387310e-01
3.273942279309176584e-01
3.273372641883738332e-01
3.330832816314180378e-01
3.412378145670383889e-01
3.447892305325700457e-01
3.474296854949272539e-01
3.495545311558758694e-01
3.544384981905602805e-01
3.494058007899929486e-01
3.453887444978525623e-01
3.442977009958569923e-01
3.408016723604110343e-01
3.405828338999837834e-01
3.423731716710509687e-01
3.402874921962686372e-01
3.395602526427743406e-01
3.384629895013308576e-01
3.345514694173292725e-01
3.336281845449088346e-01
3.339764656353503836e-01
3.334959558682034086e-01
3.338681694412539702e-01
3.335176114837541395e-01
3.321429229211223522e-01
3.316323528800892984e-01
3.314921236003915972e-01
3.307421673857736666e-01
3.305962558325830636e-01
3.305769008159918920e-01
3.299389555213261271e-01
3.296834537197549375e-01
3.292681124143900240e-01
3.284767114239200425e-01
3.283694746187492131e-01
3.284310789570546452e-01
3.282010121373160061e-01
3.280766793489955369e-01
3.278143557601111979e-01
3.274602550250873545e-01
3.273508229686054039e-01
3.271506574951821289e-01
3.269152951048067690e-01
3.268355141996877600e-01
3.266506366785810744e-01
4.315525826812484644e-01
3.614938779631605703e-01
3.808059693462274575e-01
3.722010589588772289e-01
3.690250722835246577e-01
3.673265200714369572e-01
3.607949357150181391e-01
3.554006968308178749e-01
3.592387357871661413e-01
3.530072180342395671e-01
3.488014844267490755e-01
3.510781513445976332e-01
3.470991326306015479e-01
3.401194160928616705e-01
3.481095520977357527e-01
3.376553597392216721e-01
3.381735322834453772e-01
3.398195244337811616e-01
3.346453957417635516e-01
3.361547876413582547e-01
3.334723406826682890e-01
3.323147110711038854e-01
3.328358079640393319e-01
3.313326452928738175e-01
3.309316532050557980e-01
3.298832709739614177e-01
3.284442309328793885e-01
3.292185741032758739e-01
3.287231972356799981e-01
3.274608299165936431e-01
3.276538628295366240e-01
3.276550455263135264e-01
3.262824353769179231e-01
3.269826922633597421e-01
3.262586073707176570e-01
3.261079932561149475e-01
3.259235761479720717e-01
3.256133116533032057e-01
3.255812670358674832e-01
3.253513071353888453e-01
3.249677641846013265e-01
3.251327410693703457e-01
3.246796313529384248e-01
3.245997986892046328e-01
3.246232038303797918e-01
3.243328314677125235e-01
3.242384415253763419e-01
3.241815090593376247e-01
3.239354672464818119e-01
3.239539079177524150e-01
3.237869104365582729e-01
3.236530273613503761e-01
3.236475251733010872e-01
3.234745214995372042e-01
3.233898408648938072e-01
3.233484905484335092e-01
3.232041692147430978e-01
3.231343176936638528e-01
3.230980824150772035e-01
3.229377316635384521e-01
3.228847414955672290e-01
3.228165085066506679e-01
3.227373122550835083e-01
3.226615808857483114e-01
3.225825909724239215e-01
3.225164034524827805e-01
3.224393801859961051e-01
3.223643945787375009e-01
3.223059144159663436e-01
3.222253347968233594e-01
3.221675330740320087e-01
3.220964808116039135e-01
3.220266460103022865e-01
3.219626406766528670e-01
3.219012437593206655e-01
3.218295075326847998e-01
3.217729669919749957e-01
3.217015088280508750e-01
3.216408019031924970e-01
3.215803743413840898e-01
3.215147314328802297e-01
3.214555817444734176e-01
3.213927947125309603e-01
3.213284866637227677e-01
3.212712958436504396e-01
3.212074629016733462e-01
3.211465926179826735e-01
3.211201892830394256e-01
3.210597726838090860e-01
3.209989304846668778e-01
3.209401078677568964e-01
3.208783275859320439e-01
3.208209790305879827e-01
3.207599846063790006e-01
3.207004421742160050e-01
3.206421131203723851e-01
3.205822435686263017e-01
3.205238041884029832e-01
3.204313799271550356e-01
3.203728401168758344e-01
3.203143740317653254e-01
3.202559506419805357e-01
3.202319665744428612e-01
3.201515341818788052e-01
3.200751226338881539e-01
3.199954343791659439e-01
3.199102478320589027e-01
3.198046865464635458e-01
3.196758058241847555e-01
3.195103326397378818e-01
3.192892201345892689e-01
3.267323519459377490e-01
3.263727085090430968e-01
3.275642783386095158e-01
3.257481063579934499e-01
3.282291896078806670e-01
3.244349992232379298e-01
3.250296393270978301e-01
3.248715041287815186e-01
3.226876811211700780e-01
3.243077890460412949e-01
3.231505499128889958e-01
3.222275015964751188e-01
3.231732491881041947e-01
3.215540134052651267e-01
3.211791321305388358e-01
3.215168810162967183e-01
3.206758105857353547e-01
3.209466749515307304e-01
3.211537047166859726e-01
3.202771533604301668e-01
3.204428260576550613e-01
3.203859922961536100e-01
3.197559353923525860e-01
3.199428622196469618e-01
3.198617608510960775e-01
3.193814509861123696e-01
3.195777044447913884e-01
3.193761240035160043e-01
3.190276582880202660e-01
3.190848041303060989e-01
3.189798659619885735e-01
3.188594538809889634e-01
3.188811822202499702e-01
3.186533227111347788e-01
3.185669833339309642e-01
3.185528832941102451e-01
3.183889423082765791e-01
3.183114705383928156e-01
3.182642671423182579e-01
3.181294154168105015e-01
3.180839219309065102e-01
3.180212820624767067e-01
3.178988199108733204e-01
3.178451355931617428e-01
3.177830398955332480e-01
3.176906701884474327e-01
3.176382581769300328e-01
3.175592256580913597e-01
3.174769345690308664e-01
3.174254906196413706e-01
3.173513051855826328e-01
3.172803438520330199e-01
3.172262913720906852e-01
3.171512986384845689e-01
3.170869987406770285e-01
3.170299507043581322e-01
3.169532527822713219e-01
3.168915197500011827e-01
3.168309345087055307e-01
3.167637139334370522e-01
3.167051820549202645e-01
3.166418039823009067e-01
3.165728987914102621e-01
3.165149453663680390e-01
3.164497777242345489e-01
3.163849705593110295e-01
3.163264323780534681e-01
3.162634297489256285e-01
3.161986975374183051e-01
3.161380804039068959e-01
3.160738746962445944e-01
3.160125245048734932e-01
3.159521393093068786e-01
3.158883767208660598e-01
3.158260085069931056e-01
3.157636298626042004e-01
3.157002504974299462e-01
3.156389819928576701e-01
3.155760681922632482e-01
3.155128267109779117e-01
3.154510506616234888e-01
3.153875425086907214e-01
3.153245837265936657e-01
3.152617578782793695e-01
3.151981223888174477e-01
3.151351053709753325e-01
3.150715529203965137e-01
3.150079167288675208e-01
3.149443064549252158e-01
3.148934801101758163e-01
3.147387371968859981e-01
3.146424640994529009e-01
3.145283959566276266e-01
3.143559371981990425e-01
3.141545280562452191e-01
3.205226770950047044e-01
3.208416131850895248e-01
3.212528721592839420e-01
3.203724788989117389e-01
3.218482203205577097e-01
3.182653623150552002e-01
3.198278686305074947e-01
3.182959106566429219e-01
3.174018025581867852e-01
3.187541476408823904e-01
3.167607425719837222e-01
3.172164322322896801e-01
3.171519033256874343e-01
3.154855881184825406e-01
3.160981767262091569e-01
3.155394171593315367e-01
3.151204542796431918e-01
3.157188187430162163e-01
3.151244444958027913e-01
3.147257151717686163e-01
3.150515242031875496e-01
3.143562602950345508e-01
3.143582495922726538e-01
3.144535274145462411e-01
3.138798436064560438e-01
3.139546529993439972e-01
3.139262776659448306e-01
3.135114646503359692e-01
3.135143484213465115e-01
3.134035151057327218e-01
3.132298683274084006e-01
3.132846032450991025e-01
3.130461585980072181e-01
3.129204518365228949e-01
3.128941208168794508e-01
3.127303738863152494e-01
3.126174930176415234e-01
3.125585145936958242e-01
3.123998885950218796e-01
3.123434966675275315e-01
3.122580977461593132e-01
3.121183552443618781e-01
3.120490416846408710e-01
3.119536722245842553e-01
3.118487720363163906e-01
3.117760613529245717e-01
3.116680232574748910e-01
3.115703748386596250e-01
3.114968832637440288e-01
3.113906126434561883e-01
3.113109559377366109e-01
3.112208830269513893e-01
3.111208915160057487e-01
3.110395534300720577e-01
3.109480527419579698e-01
3.108498427784620599e-01
3.107642037360852649e-01
3.106684574561838774e-01
3.735234764983169087e-01
3.839545804811703711e-01
3.383434235350343267e-01
3.676895456192468825e-01
3.606434872879867304e-01
3.579833876409425630e-01
3.544998705920661131e-01
3.558003726219185481e-01
3.533444824647825611e-01
3.503678368688654121e-01
3.494123001911600968e-01
3.473612981643098840e-01
3.486414268072014488e-01
3.463962652521888064e-01
3.398837639182996084e-01
3.449082864729169362e-01
3.346418024446112804e-01
3.372857554950977610e-01
3.347954788395088865e-01
3.323385308070335720e-01
3.317416955288345903e-01
3.291753289336762367e-01
3.275835522595114124e-01
3.261239116057282894e-01
3.236269929704368997e-01
3.232240846450490368e-01
3.211368639848674600e-01
3.200799042673208028e-01
3.188520221215456196e-01
3.181610199728697186e-01
3.163823190767628413e-01
3.166463780658657079e-01
3.145668247405681850e-01
3.145171037817769411e-01
3.136212164243775691e-01
3.129886375524212339e-01
3.124240975640169005e-01
3.118524682945658100e-01
3.114341962345997805e-01
3.105422217470198420e-01
3.098841701699461271e-01
3.090154940781751902e-01
3.074851846183379589e-01
3.931931414131420444e-01
3.823220551024276714e-01
4.184585591348783939e-01
1.116995407900948534e+00
6.396648352628069301e-01
4.715625474361276881e-01
4.730707847743035321e-01
1.160053481372400164e+00
1.153392910099293012e+00
1.140519339230513518e+00
1.121134903756223045e+00
1.102540471070074801e+00
2.552403232765461638e+01
1.876118748689783899e+00
1.414518167416697558e+00
1.559623873023362695e+00
1.651121348997959926e+00
1.719504227590035628e+00
1.745928364241436492e+00
1.758515586233835304e+00
1.723068212427337542e+00
1.094876144639099991e+00
1.024793911870914176e+00
9.399523721877740545e-01
8.656500398951361142e-01
8.416242403592986143e-01
8.123708094897030829e-01
7.616612311669037627e-01
7.039119246520171291e-01
6.472813306556920443e-01
6.193128870341596537e-01
6.072172206828360119e-01
5.986955457969933558e-01
5.892470694652683916e-01
5.609893041803967195e-01
5.342914734012208511e-01
5.296948036929314263e-01
5.227603981517642273e-01
5.118757273898330018e-01
4.943365735117200566e-01
4.839789744649192205e-01
4.821136281451438022e-01
4.721108120348813664e-01
4.629048042521488604e-01
4.561491941978674802e-01
4.492086632770361243e-01
4.448692507772114002e-01
4.396192951561785911e-01
4.325541726299829692e-01
4.305935856049832866e-01
4.295012448776230896e-01
4.250643614783299329e-01
4.191351265929199044e-01
4.158184992145428360e-01
4.130107567751768460e-01
4.098633184611852887e-01
4.066061262098080720e-01
4.028026197670409037e-01
3.995820557641592830e-01
3.970248256370463302e-01
3.948860467284940334e-01
3.930119635011007917e-01
3.906983760784374926e-01
3.890184473769324747e-01
3.877014070686267688e-01
3.861849466198822856e-01
3.846290012264768077e-01
3.831194906706220094e-01
3.817484121247300966e-01
3.809779916643014075e-01
3.798646569197887679e-01
3.785025993897394025e-01
3.772172297460437695e-01
3.760884908079469846e-01
3.752902012897286199e-01
3.745535359950978860e-01
3.736370289627937158e-01
3.726187321125824514e-01
3.717126787479769767e-01
3.708909664975210130e-01
3.701614312962934195e-01
3.695895371836284138e-01
3.689297648213409331e-01
3.681766906399290828e-01
3.674852055345267932e-01
3.668910777315669836e-01
3.663530413598452551e-01
3.657654662608660345e-01
3.651452774723810135e-01
3.645804248600683084e-01
3.640325518933342774e-01
3.635177633803149400e-01
3.630190303134060992e-01
3.625215053830500578e-01
3.620581478787889274e-01
3.615916687646193450e-01
3.611388825544311065e-01
3.607006212942302503e-01
3.602702704470237549e-01
3.598462104174673382e-01
3.594458748780656743e-01
3.590464349009496736e-01
3.586406717143089118e-01
3.582491694836120733e-01
3.578662195101023347e-01
3.574871101216130498e-01
3.571183209039188178e-01
3.567530500712893238e-01
3.563954655116170489e-01
3.560457630443890631e-01
3.557021530403139398e-01
3.553633454948586512e-01
3.550299224952212507e-01
3.547108010672485046e-01
3.543983479099716005e-01
3.540857381964852557e-01
3.537792113717893594e-01
3.534795950125722008e-01
3.531852399897136285e-01
3.528956555324581079e-01
3.526107769936415171e-01
3.523290441903415005e-01
3.520526520466276121e-01
3.517819644871000850e-01
3.515154659828412242e-01
3.512542168073448656e-01
3.509963069860605467e-01
3.507428543024955214e-01
3.504938923104050086e-01
3.502488573237446112e-01
3.500073864141667324e-01
3.497691772400788324e-01
3.495342974477760878e-01
3.493025883391971398e-01
3.490737184583711517e-01
3.488478333116147301e-01
3.486244893384261578e-01
3.484036343204833797e-01
3.481851489548542511e-01
3.479687165788988290e-01
3.477542243576378089e-01
3.475418465363436793e-01
3.473312456425359240e-01
3.471221162383179015e-01
3.469145760705123482e-01
3.467082723226250218e-01
3.465032567339050851e-01
3.462995431301447713e-01
3.460969410682128156e-01
3.458953019933041495e-01
3.456944219629084492e-01
3.454943524336424598e-01
3.452951394848507993e-01
3.450966715090004189e-01
3.448988019322133391e-01
3.447014771984404091e-01
3.445047085238024387e-01
3.443084347805043244e-01
3.441126196419109218e-01
3.439172185647163538e-01
3.437222181737981108e-01
3.435275865509820337e-01
3.433333457617125939e-01
3.431394931150589800e-01
3.429459974637000252e-01
3.427529164491681657e-01
3.425602599110587621e-01
3.423680167099305005e-01
3.421762156593487481e-01
3.419848755389128803e-01
3.417940230925427536e-01
3.416036927472105300e-01
3.414139140548946294e-01
3.412247176843655749e-01
3.410361484314144986e-01
3.408482656830231772e-01
3.406611311368207828e-01
3.404748189995707719e-01
3.402894179321654944e-01
3.401050408399464153e-01
3.399218091424945354e-01
3.397398689497273527e-01
3.395593760428036179e-01
3.393805000492660651e-01
3.392034283797820682e-01
3.390283498000455920e-01
3.388554608776467858e-01
3.386849522362742615e-01
3.385170046838356095e-01
3.383517863928701686e-01
3.381894473265087409e-01
3.380301121039887002e-01
3.378738793057420864e-01
3.377208176869219702e-01
3.375709657463794033e-01
3.374243337535683396e-01
3.372809024588180327e-01
3.371406260761826146e-01
3.370034354428959045e-01
3.368692403620872078e-01
3.367379335790028350e-01
3.366093931285689123e-01
3.364834873867402765e-01
3.363600778886992604e-01
3.362390221254051847e-01
3.361201770483901452e-01
3.360034005027552340e-01
3.358885550462338276e-01
3.357755089289988781e-01
3.356641370368264043e-01
3.355543220961807460e-01
3.354459558313148682e-01
3.353389386555307716e-01
3.352331800802226258e-01
3.351285982951563991e-01
3.350251195938197535e-01
3.349226785831643793e-01
3.348212172278465792e-01
3.347206843793386621e-01
3.346210349361505854e-01
3.345222294148741948e-01
3.344242333631738395e-01
3.343270166640984198e-01
3.342305530297397520e-01
3.341348193150796564e-01
3.340397949725131266e-01
3.339454616501231765e-01
3.338518027353011286e-01
3.337588029361285291e-01
3.336664479167649189e-01
3.335747240196167973e-01
3.334836180610962764e-01
3.333931171799535687e-01
3.333032086660858706e-01
3.332138799686320541e-01
3.331251185960394379e-01
3.330369121040132607e-01
3.329492481790974345e-01
3.328621146089409399e-01
3.327754993419665963e-01
3.326893905121938722e-01
3.326037765035108063e-01
3.325186459423040697e-01
3.324339877521783060e-01
3.323497911552396600e-01
3.322660457883030993e-01
3.321827417145493677e-01
3.320998700112882118e-01
3.320174239376111336e-01
3.319354049100897708e-01
3.318538422875649818e-01
3.317728780558509838e-01
3.316930999278655534e-01
3.316170114126499868e-01
3.315552067388394253e-01
3.315565812884149755e-01
3.318303607100738239e-01
3.334758337339406298e-01
3.398356658667437968e-01
3.677834192620037523e-01
3.446189099626983943e-01
3.324670263243639790e-01
3.378931668302540547e-01
3.332994321327599208e-01
3.343292440651624009e-01
3.342396107448772913e-01
3.337082884987048192e-01
3.340812691360890430e-01
3.330549166282970042e-01
3.333735755815068202e-01
3.329884956898574999e-01
3.329038697907449329e-01
3.327567741215635144e-01
3.324005356593141003e-01
3.324094575987268096e-01
3.318205959084726819e-01
3.321861231452665209e-01
3.315051726135661569e-01
3.317275575019630329e-01
3.310883281309372483e-01
3.313253254777056567e-01
3.307319350164723004e-01
3.309519219949089708e-01
3.303752602758227019e-01
3.305965731252903939e-01
3.300389852244012268e-01
3.302611275269489166e-01
3.298091270903433236e-01
3.299175300856213022e-01
3.296298887529831578e-01
3.296197133022626402e-01
3.294427255568688206e-01
3.293608559186008145e-01
3.292800333117176237e-01
3.291308659227099032e-01
3.291261342441147986e-01
3.289257544581896120e-01
3.289581630704258020e-01
3.287653083347577554e-01
3.287718293183060081e-01
3.286476817729699906e-01
3.285637886693365539e-01
3.285380286011908568e-01
3.283875771238603525e-01
3.283848823371503522e-01
3.282630669106164634e-01
3.282008940550460441e-01
3.281510120741836789e-01
3.280405065423161459e-01
3.280059548851961826e-01
3.279196775084514126e-01
3.278399440991688341e-01
3.277954793080659623e-01
3.277072983647175697e-01
3.276408671007242646e-01
3.275880899910906807e-01
3.275023247140732563e-01
3.274447999663752107e-01
3.273860712365234127e-01
3.273049465187967133e-01
3.272503805719606529e-01
3.271865116395187845e-01
3.271152540028386402e-01
3.270579545610411976e-01
3.269967112678190957e-01
3.269269916696424527e-01
3.268700269230084832e-01
3.268108384515349130e-01
3.267442579348786014e-01
3.266871780086606503e-01
3.266284688344466280e-01
3.265657871300393644e-01
3.265070556628950071e-01
3.264513162805545154e-01
3.263900753378716768e-01
3.263312896288809717e-01
3.262759986137862001e-01
3.262178194816278687e-01
3.261593950258293573e-01
3.261036054871244705e-01
3.260481024729547928e-01
3.259904666160894915e-01
3.259346129796015790e-01
3.258802085810457161e-01
3.258246999346812167e-01
3.257688083135389934e-01
3.257143474334549538e-01
3.256606634971833669e-01
3.256060998939913631e-01
3.255516236453919188e-01
3.254980528428891295e-01
3.254451674906911895e-01
3.253917379827522272e-01
3.253383674966069949e-01
3.263465076502950479e-01
3.252362095793739916e-01
3.251883774986459308e-01
3.251381285519051589e-01
3.250872513289151944e-01
3.250365846102891698e-01
3.249851798550177917e-01
3.249328538794926668e-01
3.248799065574104472e-01
3.248270760783018574e-01
3.247751913411008329e-01
3.247236652606289575e-01
3.246723967424358093e-01
3.246221070235996153e-01
3.253697528676924300e-01
3.245233283399793223e-01
3.244752913910343706e-01
3.244271048860916662e-01
3.243782357589219956e-01
3.243290570462032951e-01
3.242804600286439687e-01
3.242317723923089923e-01
3.241817888005728010e-01
3.241316587661615678e-01
3.240825055161980495e-01
3.240336432664217003e-01
3.239850646214655905e-01
3.245484650015922901e-01
3.238926155543365715e-01
3.238489598829272786e-01
3.238084484909811156e-01
3.237770796864062328e-01
3.237665989003628564e-01
3.238192846529855951e-01
3.240165829202482639e-01
3.247209329399505240e-01
3.262926043618452066e-01
3.316766804047109884e-01
3.351529738455978902e-01
3.429313997425780247e-01
3.254649958582388480e-01
3.301815863469009793e-01
3.365239082935844728e-01
3.243347860568205343e-01
3.366271935246881730e-01
3.270699529549561113e-01
3.306660674441006531e-01
3.268270604615682862e-01
3.285287551122863525e-01
3.275142443954756066e-01
3.274990672886179954e-01
3.263250890139341998e-01
3.268983038465442803e-01
3.259188094728400764e-01
3.264096467258150169e-01
3.253127777871581694e-01
3.259526739216349056e-01
3.248645137702043106e-01
3.255000484937192184e-01
3.243519302346175581e-01
3.250859984354171894e-01
3.241586874889686998e-01
3.248519406449118518e-01
3.235514332005364757e-01
3.242632243834489003e-01
3.232632192707032281e-01
3.238645608979973112e-01
3.230475078219399165e-01
3.234850033099966327e-01
3.229073149637008422e-01
3.231347622945178744e-01
3.227918406284283614e-01
3.228170212517439408e-01
3.226997742297764704e-01
3.225667570922379768e-01
3.226007257220550595e-01
3.223500201111267338e-01
3.224900448564994582e-01
3.221945274808870607e-01
3.223673979678730595e-01
3.220876723888286275e-01
3.221940709216415399e-01
3.220256612921271744e-01
3.220104922340050746e-01
3.219816050728743217e-01
3.218485100601632398e-01
3.219016792143445382e-01
3.217443110924310679e-01
3.217622917042711750e-01
3.216885297834801705e-01
3.216113143327948287e-01
3.216202521489379684e-01
3.215033096819721603e-01
3.215077097452549992e-01
3.214390160298682964e-01
3.213782748963774916e-01
3.213649041552140151e-01
3.212831567146612333e-01
3.212533484876827772e-01
3.212140210278991437e-01
3.211441442356739451e-01
3.211249017631274683e-01
3.210661073040490532e-01
3.210172084310719542e-01
3.209905062728470870e-01
3.209277753152487422e-01
3.208943979328734430e-01
3.208533884898981947e-01
3.208017691135354177e-01
1.310017867302546968e+01
1.929231946702010703e+00
2.340891516340924294e+00
2.299238825071341807e+00
2.240164225690926436e+00
2.161697320218489704e+00
2.161668579436026416e+00
2.048008812799763323e+00
1.787657663072712788e+00
1.692211112909298709e+00
1.589660493697105714e+00
1.470758532665811469e+00
1.338235488760791014e+00
1.193428258710499401e+00
1.108254056155683731e+00
1.008924019512131398e+00
1.596891789146899665e+00
1.554209692927961406e+00
1.515003068167478428e+00
1.504119436969601153e+00
1.483723229371298746e+00
1.473123965316665007e+00
1.479860613388761070e+00
1.448220009318037071e+00
1.419341959731483804e+00
1.404314734736664461e+00
1.357670537198908844e+00
1.315017778459139475e+00
1.293840935947358606e+00
1.280237926182192121e+00
1.268878109055541659e+00
1.252476872278507791e+00
1.244415142268026298e+00
1.235255094591344971e+00
1.221206183766960329e+00
1.215007431782249014e+00
1.208570504585475103e+00
1.198584836172770451e+00
1.267879363901462941e+00
1.262234153189525365e+00
1.254838974857059863e+00
1.239642785393178848e+00
1.226030989477113753e+00
1.214515795677467480e+00
1.201235960839382777e+00
1.191059604690531959e+00
1.182729140257267719e+00
1.174531163593290017e+00
1.167054287497678144e+00
1.160144523890604518e+00
1.155020183448451476e+00
1.148628930492578082e+00
1.141209614770733349e+00
1.135779868885451016e+00
1.130644431511808046e+00
1.093933059900619398e+00
1.074376443241954471e+00
1.025973646453743449e+00
9.264746569988080438e-01
7.754627562203896263e-01
6.296337439239542144e-01
5.900764997807195211e-01
6.146603325876877078e-01
6.703395855286448102e-01
6.478658743324738900e-01
5.890998609053225143e-01
5.428361695844015067e-01
5.273134698523783692e-01
5.305260080302114378e-01
5.359761366060883381e-01
5.348054374557869028e-01
5.244424842885846427e-01
4.834703537700877352e-01
4.727726243206451517e-01
4.705568235270185529e-01
4.704835210437495752e-01
4.678235208403833112e-01
4.605222881011242775e-01
4.487076987013378648e-01
4.375296689889764945e-01
4.320487209832377662e-01
4.318127066679074422e-01
4.319177101981240274e-01
4.280514031816775589e-01
4.204600481773236864e-01
4.131025377175992497e-01
5.551292032984718183e-01
5.458733779890887483e-01
5.259613697256972920e-01
4.936186008960207205e-01
4.837002186827392136e-01
4.651881668104443923e-01
4.593186265865826234e-01
4.543644629255838563e-01
4.491459771606514106e-01
4.490458837922559621e-01
4.530275235113713217e-01
4.539290655312595013e-01
4.483469998151607405e-01
4.403249089364184021e-01
4.355997731497628367e-01
4.344585657063754769e-01
4.327949939037950555e-01
4.285160039191443504e-01
4.124892274302028872e-01
4.085760108544376212e-01
4.056494357022047414e-01
4.015766580096159499e-01
3.960680735648322570e-01
3.918884253562423536e-01
3.909296664302956970e-01
3.907384072869294345e-01
3.880959159704997496e-01
3.842293482352973077e-01
3.816635346336270107e-01
3.806001236420455403e-01
3.798183948746667871e-01
3.784882560204065327e-01
3.771022136803460212e-01
3.761032708053166917e-01
3.751506362806130701e-01
3.738039687621681484e-01
3.722268505863619015e-01
3.710511130609478458e-01
3.704368430248737853e-01
3.697996888083835421e-01
3.687261863060078970e-01
3.674935837434218922e-01
3.666002136952949408e-01
3.660892257461971222e-01
3.656023286708295350e-01
3.649529287595058569e-01
3.642582393188733558e-01
3.636938322748911601e-01
3.632509479679437714e-01
3.627465026823558092e-01
3.621292012341545963e-01
3.615574444854571801e-01
3.611367396665412510e-01
3.607570998590776679e-01
3.602597395160272997e-01
3.596862010912615371e-01
3.592018643028740965e-01
3.588452020836027101e-01
3.584988067631725839e-01
3.580622878501201756e-01
3.575827718059302884e-01
3.571697225680123822e-01
3.568379565368595685e-01
3.565135474108483971e-01
3.561431909883974734e-01
3.557502190570621114e-01
3.553871924372468127e-01
3.550612518649083893e-01
3.547367107364780558e-01
3.543910417490937492e-01
3.540444375451561321e-01
3.537255495465769783e-01
3.534261247070517031e-01
3.531189331159321210e-01
3.527980277459072944e-01
3.524802732418236273e-01
3.521800895202108483e-01
3.518936993756184295e-01
3.516098664706545640e-01
3.513243969156319979e-01
3.510400400331973314e-01
3.507604447702281636e-01
3.504862270385509238e-01
3.502167360367636761e-01
3.499513009316178591e-01
3.496885138650656644e-01
3.494278742730614340e-01
3.491698172050613502e-01
3.489151533101313429e-01
3.486648417698036129e-01
3.484183074057286555e-01
3.481739570381026661e-01
3.479314970644222793e-01
3.476922903053836778e-01
3.474569686614440989e-01
3.472240879163407401e-01
3.469926273694944330e-01
3.467635302475220449e-01
3.465379639122941891e-01
3.463156253137169571e-01
3.460951762621323757e-01
3.458760991116743844e-01
3.456591113381447533e-01
3.454448729038260280e-01
3.452332786752889127e-01
3.450237859056070056e-01
3.448160470599129779e-01
3.446100798967657863e-01
3.444060671729755052e-01
3.442041881276993731e-01
3.440044241658322677e-01
3.438066293601778067e-01
3.436106448674278724e-01
3.434163002158933109e-01
3.432236042441235702e-01
3.430327671762178343e-01
3.428438934334375188e-01
3.426567824366757442e-01
3.424711525362389430e-01
3.422869994396116611e-01
3.421045199854471086e-01
3.419237716212760736e-01
3.417445862878463192e-01
3.415668038545149332e-01
3.413904715557185554e-01
3.412157034785926468e-01
3.410424756458669826e-01
3.408706712114268900e-01
3.407002340609045499e-01
3.405312041039365578e-01
3.403636061060564266e-01
3.401974232129748588e-01
3.400324946221001121e-01
3.398688601496980821e-01
3.397065587448356294e-01
3.395455823399221584e-01
3.393858735848534480e-01
3.392274023905774150e-01
3.390701797207277268e-01
3.389142083660771076e-01
3.387594581818484940e-01
3.386058958184706702e-01
3.384535148007907779e-01
3.383023190163129690e-01
3.381522967686502179e-01
3.380034240282491220e-01
3.378556852547426326e-01
3.377090780555715432e-01
3.375635969492085664e-01
3.374192260884986139e-01
3.372759486633325476e-01
3.371337565924910074e-01
3.369926459363060678e-01
3.368526054713001927e-01
3.367136201137694851e-01
3.365756813724087304e-01
3.364387855082770495e-01
3.363029246116524540e-01
3.361680856885832513e-01
3.360342578743321651e-01
3.359014349041986036e-01
3.357696107496244697e-01
3.356387763283248393e-01
3.355089210806999067e-01
3.353800365198938982e-01
3.352521159607669277e-01
3.351251518641382154e-01
3.349991354556819956e-01
3.348740580873441619e-01
3.347499120882814205e-01
3.346266899215238899e-01
3.345043832632717540e-01
3.343829836910491293e-01
3.342624834937494294e-01
3.341428751969941491e-01
3.340241507398873377e-01
3.339063017288596558e-01
3.337893200822245054e-01
3.336731980734193304e-01
3.335579280002612945e-01
3.334435017868506157e-01
3.333299111490080624e-01
3.332171480949348008e-01
3.331052048695218315e-01
3.329940735625057657e-01
3.328837459986941916e-01
3.327742140441315999e-01
3.326654698086312645e-01
3.325575054437551192e-01
3.324503129817767966e-01
3.323438843888857352e-01
3.322382116824785792e-01
3.321332869948658839e-01
3.320291024940429381e-01
3.319256502912860674e-01
3.318229224883612050e-01
3.317209112625389977e-01
3.316196088464221647e-01
3.315190074864325931e-01
3.314190994679039326e-01
3.313198771378113583e-01
3.312213328758875086e-01
3.311234590727050731e-01
3.310262481709764781e-01
3.309296926981566411e-01
3.308337852460507267e-01
3.307385184402471534e-01
3.306438849359688570e-01
3.305498774566307252e-01
3.304564888148048274e-01
3.303637118830574093e-01
3.302715395726448788e-01
3.301799648556157929e-01
3.300889807926064012e-01
3.299985805202859668e-01
3.299087572298753379e-01
3.298195041735785260e-01
3.297308146824197705e-01
3.296426821684598218e-01
3.295551001123497858e-01
3.294680620586050157e-01
3.293815616272021130e-01
3.292955925222450508e-01
3.292101485242500125e-01
3.291252234826650414e-01
3.290408113192216377e-01
3.289569060353983998e-01
3.288735017094117641e-01
3.287905924919487521e-01
3.287081726076677146e-01
3.286262363588260405e-01
3.285447781256510824e-01
3.284637923624624811e-01
3.283832735963673199e-01
3.283032164290302646e-01
3.282236155374931297e-01
3.281444656717173447e-01
3.280657616530563980e-01
3.279874983759545337e-01
3.279096708081093992e-01
3.278322739882114645e-01
3.277553030248729904e-01
3.276787530971738693e-01
3.276026194543586456e-01
3.275268974143462630e-01
3.274515823627389688e-01
3.273766697523982083e-01
3.273021551026421561e-01
3.272280339988768438e-01
3.271543020919901457e-01
3.270809550971691682e-01
3.270079887928329376e-01
3.269353990203578975e-01
3.268631816835064763e-01
3.267913327469803564e-01
3.267198482357159262e-01
3.266487242345950115e-01
3.265779568872274607e-01
3.265075423947454980e-01
3.264374770154179761e-01
3.263677570640449721e-01
3.262983789110378008e-01
3.262293389817080280e-01
3.261606337552167556e-01
3.260922597637004872e-01
3.260242135918665074e-01
3.259564918759624286e-01
3.258890913028261727e-01
3.258220086094695267e-01
3.257552405821112496e-01
3.256887840554370528e-01
3.256226359119621661e-01
3.255567930810256416e-01
3.254912525383085176e-01
3.254260113050392866e-01
3.253610664471237035e-01
3.252964150746305849e-01
3.252320543408476761e-01
3.251679814418295678e-01
3.251041936155311118e-01
3.250406881412195581e-01
3.249774623388246297e-01
3.249145135681632546e-01
3.248518392284404088e-01
3.247894367573090912e-01
3.247273036306879690e-01
3.246654373614564770e-01
3.246038355000016029e-01
3.245424956317612963e-01
3.244814153810936519e-01
3.244205924074505809e-01
3.243600244425354218e-01
3.242997093959144039e-01
3.242396463302505416e-01
3.241798415819157064e-01
3.241203561831279001e-01
3.337503444861750213e-01
3.387847655844775652e-01
3.459677828876089323e-01
3.508997435286653754e-01
3.498823171445406555e-01
3.512368830141314735e-01
3.490490934680091084e-01
3.441052424250084507e-01
3.405653161847503885e-01
3.394069751938055823e-01
3.394114935092613639e-01
3.388930767422265733e-01
3.374071833798990561e-01
3.365593392154808683e-01
3.354807996591698815e-01
3.335936933519253467e-01
3.325505897772647601e-01
3.313817704211787230e-01
3.305162965613627213e-01
3.310807688144346006e-01
3.307389191977269105e-01
3.291518023590567221e-01
3.286071835316681788e-01
3.285115857704676845e-01
3.280260959822470790e-01
3.279604977182528636e-01
3.275620530015450615e-01
3.265769225277384002e-01
3.263051133805514592e-01
3.264145492518604197e-01
3.260806360026925477e-01
3.257144496233851383e-01
3.254577391055992752e-01
3.251788392990624388e-01
3.249849277320667751e-01
3.247963061750581693e-01
3.246548924028304084e-01
3.245973021024390892e-01
3.244029199656059403e-01
3.241762018249204624e-01
3.240015301692322769e-01
3.237321241515993542e-01
3.235507975273516079e-01
3.235308736201835123e-01
3.234241700014354182e-01
3.232864737264577459e-01
3.232019136299033035e-01
3.230397002648832672e-01
3.228911745569587599e-01
3.228436030604135976e-01
3.227706650466383165e-01
3.226553140019580157e-01
3.225467249729170316e-01
3.224430014928831856e-01
3.223694428699959147e-01
3.223048866338015239e-01
3.222092995571554930e-01
3.221131558015017937e-01
3.220336580856322239e-01
3.219628738971381798e-01
3.219045212823016255e-01
3.218361933612235992e-01
3.217555810354822410e-01
3.216868181124771242e-01
3.216192635791065291e-01
3.215506735972324392e-01
3.214918105490459088e-01
3.214283560522216421e-01
3.213622695678666208e-01
3.213041980937011988e-01
3.212426058304234111e-01
3.211792706050572432e-01
3.211207675291626873e-01
3.210589008388161636e-01
3.209981575431669620e-01
3.209447741824139611e-01
3.208907420751815343e-01
3.208341962609659315e-01
3.207778541864841904e-01
3.207220391816419935e-01
3.206679425127366145e-01
3.206143812051223119e-01
3.205611505912719372e-01
3.205089493882163354e-01
3.204560752752536046e-01
3.204036513460473135e-01
3.203525156922266692e-01
3.203006740055382440e-01
3.202496561101048078e-01
3.202001956464326504e-01
3.201499209502502996e-01
3.200996381277413372e-01
3.200503683409086086e-01
3.200011530637751900e-01
3.199523869254625730e-01
3.199040178000493451e-01
3.198555470929765887e-01
3.198074731318925612e-01
3.197597303093605570e-01
3.197122697464199748e-01
3.196652668529882391e-01
3.196183599736963643e-01
3.195715713859537677e-01
3.195250136075249991e-01
3.194786614822868187e-01
3.194327518190038795e-01
3.193870546990804082e-01
3.193414084301536282e-01
3.192960784971193844e-01
3.192509275282894299e-01
3.192059172750149054e-01
3.191611753754846070e-01
3.191165358140208852e-01
3.190720963492443829e-01
3.190279756736090766e-01
3.189840007050096515e-01
3.189401568994462144e-01
3.188964753456391410e-01
3.188529529023613751e-01
3.188096293014085481e-01
3.187664880611807416e-01
3.187235271310508988e-01
3.186807135287082482e-01
3.186380222494691883e-01
3.185955102988278220e-01
3.185531589823250576e-01
3.185109538891773839e-01
3.184689169617033189e-01
3.184270099213664107e-01
3.183852452396288002e-01
3.183436441743763279e-01
3.183021782974010394e-01
3.182608494095672813e-01
3.182196577115903313e-01
3.181786031239959289e-01
3.181376929212272886e-01
3.180969141792009958e-01
3.180562655890443180e-01
3.180157466985988335e-01
3.179753569527456469e-01
3.179350997444163052e-01
3.178949654329112917e-01
3.178549559558461746e-01
3.178150719215967479e-01
3.177753071854221290e-01
3.177356668491836955e-01
3.176961471765243905e-01
3.176567437239859459e-01
3.176174585111544157e-01
3.175782891950486020e-01
3.175392353761463671e-01
3.175002961269741686e-01
3.174614700416564239e-01
3.174227552812052822e-01
3.173841505342861469e-01
3.173456568803442734e-01
3.173072715923622167e-01
3.172689934029842007e-01
3.172308225221912581e-01
3.171927573430117775e-01
3.171547973430306477e-01
3.171169409954713858e-01
3.170791873706417796e-01
3.170415359962738822e-01
3.170039859481235678e-01
3.169665363629528554e-01
3.169291859151168733e-01
3.168919342099095204e-01
3.168547802658943091e-01
3.168177233066875598e-01
3.167807627995197217e-01
3.167438974324554568e-01
3.167071266437971877e-01
3.166704496883737674e-01
3.166338658366534831e-01
3.165973743805704510e-01
3.165609745376672945e-01
3.165246655536981257e-01
3.164884465464645746e-01
3.164523170467464785e-01
3.164162762519144301e-01
3.163803234503436146e-01
3.163444580501063585e-01
3.163086793336359337e-01
3.162729866631828202e-01
3.162373793134117261e-01
3.162018566478864701e-01
3.161664180210487229e-01
3.161310628721775151e-01
3.160957905398820711e-01
3.160606003808815734e-01
3.160254917918080553e-01
3.159904641466642072e-01
3.159555168744329068e-01
3.159206493831298035e-01
3.158858610934053290e-01
3.158511514141701948e-01
3.158165197888479492e-01
3.157819656310046907e-01
3.157474883968831580e-01
3.157130875404279280e-01
3.156787625012945631e-01
3.156445127314703170e-01
3.156103377049817027e-01
3.155762368868664791e-01
3.155422097517213142e-01
3.155082557793047471e-01
3.154743744546490425e-01
3.154405652739121768e-01
3.154068277315375535e-01
3.153731613231021136e-01
3.153395655518310137e-01
3.153060399375519629e-01
3.152725839945914599e-01
3.152391972444249513e-01
3.152058792065713932e-01
3.151726294118933902e-01
3.151394473942624730e-01
3.151063326923042585e-01
3.150732848458273061e-01
3.150403034054473084e-01
3.150073879219055240e-01
3.149745379490209718e-01
3.149417530476682492e-01
3.149090327828039659e-01
3.148763767217672704e-01
3.148437844352348636e-01
3.148112554995162737e-01
3.147787894949054532e-01
3.147463860047637896e-01
3.147140446145759718e-01
3.146817649158257790e-01
3.146495465041364570e-01
3.146173889773464238e-01
3.145852919363572031e-01
3.145532549876691730e-01
3.145212777403775251e-01
3.144893598064029128e-01
3.144575008019471207e-01
3.144257003467286760e-01
3.143939580633126063e-01
3.143622735772201304e-01
3.143306465182123532e-01
3.142990765191315816e-01
3.142675632151640808e-01
3.142361062453158382e-01
3.142047052520341444e-01
3.141733598801829119e-01
3.141420697777252968e-01
3.141108345964505610e-01
3.140796539907805274e-01
3.140485276177969465e-01
3.140174551382203805e-01
3.139864362152920974e-01
3.139554705147906688e-01
3.139245577058908943e-01
3.138936974604475960e-01
3.138628894528019408e-01
3.138321333605081920e-01
3.138014288638177329e-01
3.137707756453906316e-01
3.137401733909758184e-01
3.137096217889276950e-01
3.136791205299589991e-01
3.136486693077623067e-01
3.136182678185300832e-01
3.135879157607315282e-01
3.135576128357674408e-01
3.135273587474431967e-01
3.134971532019020790e-01
3.134669959080608193e-01
3.134368865770473800e-01
3.134068249224587488e-01
3.133768106604397086e-01
3.133468435092238713e-01
3.133169231896822948e-01
3.132870494249524462e-01
3.132572219403770841e-01
3.132274404638670795e-01
3.131977047253152735e-01
3.131680144570656021e-01
3.131383693936137247e-01
3.131087692716147397e-01
3.130792138300864114e-01
3.130497028099449297e-01
3.165819857775901136e-01
3.168887943082207004e-01
3.173329309200473292e-01
3.167842355317468384e-01
3.188612346396247910e-01
3.190692724776584277e-01
3.164613669845509625e-01
3.167260187469413957e-01
3.165479115915973418e-01
3.153494290727210658e-01
3.159244508909634930e-01
3.153475666875533712e-01
3.146103691744221997e-01
3.149798649990098176e-01
3.144913336404109860e-01
3.146165860228873346e-01
3.145379648780073922e-01
3.138541464723261232e-01
3.140462501761410730e-01
3.140067476616110742e-01
3.137378229160433518e-01
3.138848244646185170e-01
3.135318725343694268e-01
3.131328867801950189e-01
3.131766109232766437e-01
3.131257669242230035e-01
3.131217837958774064e-01
3.131472359310494835e-01
3.129598562656097371e-01
3.128166738059384722e-01
3.127952397047417676e-01
3.127433451912858819e-01
3.126983506214486841e-01
3.126669980801065063e-01
3.125554692960311742e-01
3.124521322532358703e-01
3.124426891883678725e-01
3.123853669741071259e-01
3.123168836613884336e-01
3.123188891147811175e-01
3.122588268464645544e-01
3.121947192441782981e-01
3.121768783132279346e-01
3.121214448898675942e-01
3.120822876324373940e-01
3.120428725088288946e-01
3.119762057009489165e-01
3.119554149947949551e-01
3.119281305838411122e-01
3.118789053745687490e-01
3.118527111036977773e-01
3.118075184992762372e-01
3.117656093934671468e-01
3.117431714042403490e-01
3.117046037593685370e-01
3.116738878098224141e-01
3.116428974621581749e-01
3.115985511374337324e-01
3.115690871702722076e-01
3.115390913287584551e-01
3.115045613650488376e-01
3.114785716510174440e-01
3.114455770130729606e-01
3.114119546739124722e-01
3.113833522116064012e-01
3.113508105551990868e-01
3.113218286614696795e-01
3.112924350737336088e-01
3.112598126961756972e-01
3.112315141549010233e-01
3.112016092683509427e-01
3.111722678140503850e-01
3.111443284739178194e-01
3.111131029313706220e-01
3.110846674130173239e-01
3.110565668458008526e-01
3.110271298908677817e-01
3.109994660146261913e-01
3.109704375424127143e-01
3.109418308928975638e-01
3.109135788062702965e-01
3.108849711976753305e-01
3.108578046672092476e-01
3.108296373426883141e-01
3.108014860496450815e-01
3.107737684662603694e-01
3.107456796128332810e-01
3.107183621493719849e-01
3.106907104163192379e-01
3.106631505820789396e-01
3.106357624815959118e-01
3.106082020642095820e-01
3.105809973900760523e-01
3.105538116791666248e-01
3.105266113345975798e-01
3.104993791002480519e-01
3.104723124985511173e-01
3.104453169102647792e-01
3.104184175355755304e-01
3.103915031458739371e-01
3.103646359680294342e-01
3.103378435664000956e-01
3.103110235910799819e-01
3.102844017839343493e-01
3.102577241677178521e-01
3.102311510123241245e-01
3.102045737288909311e-01
3.101780457318024098e-01
3.101515921746156867e-01
3.101251825665006789e-01
3.100988177746915042e-01
3.100724669127126187e-01
3.100461772789536719e-01
3.100199212226473211e-01
3.099937264980869855e-01
3.099675413121834033e-01
3.099414191421197007e-01
3.099153149548496966e-01
3.098892655007723373e-01
3.098632511254742483e-01
3.098372775565343962e-01
3.098113310592160996e-01
3.097854270253261877e-01
3.097595474059005038e-01
3.097337224273730705e-01
3.097079166274724349e-01
3.096821565784960151e-01
3.096564235937439569e-01
3.096307250400476274e-01
3.096050600439236300e-01
3.095794287856937221e-01
3.095538329864159222e-01
3.095282672920988132e-01
3.095027319818838274e-01
3.094772301043271501e-01
3.094517588245919715e-01
3.094263181766179760e-01
3.094009104672431065e-01
3.093755298322621305e-01
3.093501828262633091e-01
3.093248633416276760e-01
3.092995745746244252e-01
3.092743149913178557e-01
3.092490835308113750e-01
3.092238823036106421e-01
3.091987081978073704e-01
3.091735638445326506e-01
3.091484471764087694e-01
3.091233579895908412e-01
3.090982967621951349e-01
3.090732623024025072e-01
3.090482556873865860e-01
3.090232760441757320e-01
3.089983229605512416e-01
3.089733967594978647e-01
3.089484964762008734e-01
3.089236223228433165e-01
3.088987745629722115e-01
3.088739522257106795e-01
3.088491555867489691e-01
3.088243844161678853e-01
3.087996381614627195e-01
3.087749172444117507e-01
3.087502210363189947e-01
3.087255494387960431e-01
3.087009025455687006e-01
3.086762798323606227e-01
3.086516812870481186e-01
3.086271067945836055e-01
3.086025561899701231e-01
3.085780291775914730e-01
3.085535256562874085e-01
3.085290456384927049e-01
3.085045887789876207e-01
3.084801549663668818e-01
3.084557440975123077e-01
3.084313560007666544e-01
3.084069905324902106e-01
3.083826475131536404e-01
3.083583268797553956e-01
3.083340284781031504e-01
3.104465617814390344e-01
3.116512348891029571e-01
3.121449080777669582e-01
3.118621802054712955e-01
3.111124056786335745e-01
3.120496579464926423e-01
3.108531715537076745e-01
3.115116018652996921e-01
3.105881920666080376e-01
3.102577120631748731e-01
3.103746256978235918e-01
3.098411089490070713e-01
3.099230693014702887e-01
3.099529343435193374e-01
3.093876563656275946e-01
3.093398835952068660e-01
3.093338109668557490e-01
3.089486747816515555e-01
3.091138755025735763e-01
3.088555876616004836e-01
3.087713524189420466e-01
3.089846227292211145e-01
3.086130691246649072e-01
3.085726309165758297e-01
3.085040164951261543e-01
3.083909618166326139e-01
3.084739347775358187e-01
3.083126912222151628e-01
3.082042047554554576e-01
3.081703631877072969e-01
3.081054127719715652e-01
3.080758166966933720e-01
3.080471415495352749e-01
3.080122466208886634e-01
3.079526510459690281e-01
3.079166252031383388e-01
3.078298625029277646e-01
3.078018281765084740e-01
3.077776548021419756e-01
3.077173441739099458e-01
3.077147009549722201e-01
3.076505082390155188e-01
3.076162985676208494e-01
3.075979492431161200e-01
3.075456846319093440e-01
3.075302621043630724e-01
3.074849493106464049e-01
3.074508698781249771e-01
3.074334599530645917e-01
3.073967842838627451e-01
3.073615694278342136e-01
3.073299622255126762e-01
3.073039287324603741e-01
3.072775551974995523e-01
3.072535447231333761e-01
3.072200452724050401e-01
3.071921586717207830e-01
3.071676462068684832e-01
3.071364837948953874e-01
3.071139891210313277e-01
3.070858118027884331e-01
3.070594695417673270e-01
3.070344846924666360e-01
3.070050404595142668e-01
3.069812525716765217e-01
3.069544880802093090e-01
3.069295014383310871e-01
3.069052207631057794e-01
3.068783312260965346e-01
3.068535096516821215e-01
3.068284255814949235e-01
3.068036822552890897e-01
3.067794505862046495e-01
3.067542345994107023e-01
3.067289184766890386e-01
3.067049251934764742e-01
3.066803322562802192e-01
3.066556901333035157e-01
3.066317151150816933e-01
3.066069077655921848e-01
3.065830905901907322e-01
3.065587888794446547e-01
3.065344572889426300e-01
3.065107439137218504e-01
3.064864652574603721e-01
3.064626625952133754e-01
3.064386131636237520e-01
3.064147346932755145e-01
3.063911119705766128e-01
3.063671987649230766e-01
3.063434954414516187e-01
3.063197006838532799e-01
3.062960015496313249e-01
3.062724757325042679e-01
3.062489202227839935e-01
3.062253502448740727e-01
3.062018192533992877e-01
3.061782759041079549e-01
3.061548427997612398e-01
3.061314581213034902e-01
3.061080085529248596e-01
3.060846712350838716e-01
3.060613079999114361e-01
3.060379928026033536e-01
3.060147066869706167e-01
3.059914174695793077e-01
3.059682240285878096e-01
3.059450010206880011e-01
3.059218139714625639e-01
3.058986505510389309e-01
3.058755029448590457e-01
3.058524068453477573e-01
3.058293048118300161e-01
3.058062374818304452e-01
3.057831891007336544e-01
3.057601566445116714e-01
3.057371629721944428e-01
3.057141773179113953e-01
3.056912139779515147e-01
3.056682733858039902e-01
3.056453494715516417e-01
3.056224550077427660e-01
3.055995719593159743e-01
3.055767082026146775e-01
3.055538676568141931e-01
3.055310414985189515e-01
3.055082394727247630e-01
3.054854517469349773e-01
3.054626849746423511e-01
3.054399363111938159e-01
3.054172019361194312e-01
3.053944892815491086e-01
3.053717912762919928e-01
3.053491149452433051e-01
3.053264534771797933e-01
3.053038080480672267e-01
3.052811809240071894e-01
3.052585689836621596e-01
3.052359757679603547e-01
3.052133978763641453e-01
3.051908367689594725e-01
3.052609765064824843e-01
3.051050844198660017e-01
3.050881865130806725e-01
3.049888545637577941e-01
3.048391228920392382e-01
3.077555565418867989e-01
3.088691128676268605e-01
3.079148496038897065e-01
3.069350420609067709e-01
3.085044963528777995e-01
3.065054409999092844e-01
3.065893648429628415e-01
3.074478810494853387e-01
3.061533762462245734e-01
3.064970155850045841e-01
3.061989247008554127e-01
3.056011664126857541e-01
3.061862577986511069e-01
3.057392112843372867e-01
3.056688836257737130e-01
3.055846552591495735e-01
3.052543348693838032e-01
3.056264191361012239e-01
3.053200559167060235e-01
3.051050085337273510e-01
3.052383367434738370e-01
3.048720714206833993e-01
3.050660504080674462e-01
3.050537339609309395e-01
3.047648833481211295e-01
3.049200997961577508e-01
3.047813904505233262e-01
3.046701738601938492e-01
3.048129830785705208e-01
3.046399171652727222e-01
3.045702837774587612e-01
3.046376520567553592e-01
3.044789257980119457e-01
3.045192479445634204e-01
3.045016738064209028e-01
3.043915863296914881e-01
3.044316696297595382e-01
3.043700842816869923e-01
3.043317367746958269e-01
3.043324918641336918e-01
3.042703629340949845e-01
3.042523869355554522e-01
3.042290376558667298e-01
3.041924897449299614e-01
3.041801362441960421e-01
3.041372898014306214e-01
3.041180194330793674e-01
3.040974583325189440e-01
3.040594562381836452e-01
3.040499442694742926e-01
3.040153789763876957e-01
3.039876684635842707e-01
3.039741770685429056e-01
3.039360064320014709e-01
3.039235273638652979e-01
3.038993505945583595e-01
3.038667496728203465e-01
3.038540727564953414e-01
3.038237906048971704e-01
3.038029016372858493e-01
3.037818260772032763e-01
3.037541140250314964e-01
3.037354056699718141e-01
3.037102980200106495e-01
3.036885384613203787e-01
3.036670873815455196e-01
3.036419798680781712e-01
3.036220106144047470e-01
3.035978368253459125e-01
3.035766537695083755e-01
3.035546698367884710e-01
3.035307373610363069e-01
3.035105396546829981e-01
3.034867418881685430e-01
3.034657790801610355e-01
3.034437502525006991e-01
3.034210378002885622e-01
3.033998124818128028e-01
3.033771677878757123e-01
3.033560341473207078e-01
3.033336521947951336e-01
3.033121195255661373e-01
3.032900245282476037e-01
3.032683859526111858e-01
3.032468681122632570e-01
3.032247159870730124e-01
3.032035085503444471e-01
3.031813585102405839e-01
3.031600280609820786e-01
3.031382309259993413e-01
3.031167863575799371e-01
3.030950162881277388e-01
3.030735345793563740e-01
3.030519479798846616e-01
3.030304185602320510e-01
3.030089882277249291e-01
3.029873597226703241e-01
3.029659523832287649e-01
3.029444484844305840e-01
3.029230303670259472e-01
3.029015952778175147e-01
3.028801709067200365e-01
3.028587479019450024e-01
3.028373744798885658e-01
3.030304437183661825e-01
3.032374385227085689e-01
3.028624465984225411e-01
3.030483231802258426e-01
3.028475157477109603e-01
3.028599713672351923e-01
3.028764757621634773e-01
3.027590196609510342e-01
3.028070156295277204e-01
3.027139892822353628e-01
3.027235676062747238e-01
3.026868898313216927e-01
3.026315709446046887e-01
3.026431143645179622e-01
3.025862154644337609e-01
3.025692665014605431e-01
3.025557452978315798e-01
3.025063406172363578e-01
3.025020124969777791e-01
3.024696347532401797e-01
3.024366300986937039e-01
3.024292441378302332e-01
3.023856488494892081e-01
3.023801117748548539e-01
3.023482099181482585e-01
3.023227053052160440e-01
3.022691142584140178e-01
3.022096866075132948e-01
3.021464407276930331e-01
3.028460823627627807e-01
3.024392731428385828e-01
3.027178623772829313e-01
3.024346873013493697e-01
3.024141246567680907e-01
3.023766047248402922e-01
3.023209779536492059e-01
3.023386192413664575e-01
3.022077511264952276e-01
3.022436271123486451e-01
3.021877853273625125e-01
3.021190964980705607e-01
3.021364087589711866e-01
3.020582747556430636e-01
3.020592286941442550e-01
3.020171107647375841e-01
3.019676257974890365e-01
3.019837307394905856e-01
3.019104854814569361e-01
3.018982463858337351e-01
3.018733285734213623e-01
3.018041330683720602e-01
3.017959756886051115e-01
3.017389297645390878e-01
3.016732944349188594e-01
3.021455361718564658e-01
3.018735645977580484e-01
3.019606710620335033e-01
3.017965374493604691e-01
3.017595416663005903e-01
3.019198923107017651e-01
3.017494731200243141e-01
3.018583173187281976e-01
3.016569852252500850e-01
3.017295148664786431e-01
3.016884493820357616e-01
3.015712534539414236e-01
3.016460268945894141e-01
3.015258976731402529e-01
3.015192693246839806e-01
3.015327212149684355e-01
3.014291507413459081e-01
3.014310877330108607e-01
3.013866940797776950e-01
3.013524777082181028e-01
3.013042996056826128e-01
3.012285810436346467e-01
3.011848889296281917e-01
3.020176067285942345e-01
3.018474272350997745e-01
3.019011131637105994e-01
3.016705125689600475e-01
3.015614086936150295e-01
3.014431292530964090e-01
3.015312189060957992e-01
3.015106957988311631e-01
3.013396597819360534e-01
3.013330755927186022e-01
3.012780508278785074e-01
3.012622461907368265e-01
3.012292685513777157e-01
3.011507466247795861e-01
3.011310636755883952e-01
3.010988367210511996e-01
3.010838053592516106e-01
3.010191429724858869e-01
3.009826260161434508e-01
3.010076974997371035e-01
3.009207841685122009e-01
3.008977799964031585e-01
3.008866981236102411e-01
3.008536263878441863e-01
3.008404936528701334e-01
3.007868188516114039e-01
3.007592567857501065e-01
3.007715413337286314e-01
3.007181288048519363e-01
3.006876101465099094e-01
3.006694369270541678e-01
3.006361807626906635e-01
3.006050838774981804e-01
3.005562006455901880e-01
3.005077426449177525e-01
3.004444563862245232e-01
3.003406386833727404e-01
3.002015432612529233e-01
3.042950278093580763e-01
3.051455104972919941e-01
3.047465802479885078e-01
3.057045954371532814e-01
3.041566507207489334e-01
3.039681299194048614e-01
3.037113859397183591e-01
3.029304140512497634e-01
3.037171245750341919e-01
3.022440829757513381e-01
3.026498899854054847e-01
3.022551990310665682e-01
3.017192481250356995e-01
3.021371875166328769e-01
3.014249501404022702e-01
3.016779684274601969e-01
3.014310462108871214e-01
3.010412081742035451e-01
3.014795010046479318e-01
3.010286116713657423e-01
3.011231450025764200e-01
3.008688607744354204e-01
3.007966543679128080e-01
3.008562055380578082e-01
3.006335503349533145e-01
3.004887561579678845e-01
3.004936695982329820e-01
3.003909548272771790e-01
3.004655523384398563e-01
3.003080271217993813e-01
3.002804720296919361e-01
3.002640113443757475e-01
3.001300695741343505e-01
3.001511419965299243e-01
3.000222611928964334e-01
3.000081156222877965e-01
2.999489505931000055e-01
2.998791806655476400e-01
2.998697005468906607e-01
2.998009906524371493e-01
2.997490185381186945e-01
2.997072501273488898e-01
2.996190606264042544e-01
2.995927959535205076e-01
2.995191708055520707e-01
2.994380465705902550e-01
2.993821006255904527e-01
2.992927371236391298e-01
2.992373526905133252e-01
2.991397503494402366e-01
2.990378273628195860e-01
2.989462733659942195e-01
2.988301383936846634e-01
2.987114524461313980e-01
2.985748859531683896e-01
2.984214658561646916e-01
2.982648527803084537e-01
2.980821918930181003e-01
2.978902196766415322e-01
2.976798330746098231e-01
2.974440343092745742e-01
2.971957717048893666e-01
2.969217746099755972e-01
2.966362660536299156e-01
2.963282578446304605e-01
2.960038775010724876e-01
2.956708983387381640e-01
2.953291474952801643e-01
2.949892166658635295e-01
2.946534870197148326e-01
2.943291618304706425e-01
2.940272091786010344e-01
2.937488033831985312e-01
2.935015819041859597e-01
2.932858521844114441e-01
2.931009857532753671e-01
2.929484621530974442e-01
2.928196534478394453e-01
2.927135421261313764e-01
2.926242483243479686e-01
2.925482783010288634e-01
2.924834286942478156e-01
2.924262400118954885e-01
2.923761374281192982e-01
2.923311322562995862e-01
2.922895778400244060e-01
2.922512493735761607e-01
2.922142187898436605e-01
2.921780918642323810e-01
2.921420058838381517e-01
2.921057665594790631e-01
2.920694778468706509e-01
2.920324099275893315e-01
2.919951955954122602e-01
2.919573185858772013e-01
2.919193094131627975e-01
2.918809743209656027e-01
2.918425310586044708e-01
2.918044562603292480e-01
2.917668074640228926e-01
2.917301328766246371e-01
2.916946540055089798e-01
2.916606053521343389e-01
2.916281778681560910e-01
2.915972450656662551e-01
2.915678842943354443e-01
2.915397878446873703e-01
2.915127543048204872e-01
2.914865316910085768e-01
2.914608722878522795e-01
2.914356597534061288e-01
2.914106671149695460e-01
2.913859128025848566e-01
2.913612464974698613e-01
2.913367317718006388e-01
2.913122739301657882e-01
2.912879109512834797e-01
2.912636263201779929e-01
2.912393963187634993e-01
2.912152484782979389e-01
2.911911633264614996e-01
2.911671817600535173e-01
2.911432786167802989e-01
2.911194991261171205e-01
2.910958300089751538e-01
2.910722956870443467e-01
2.910488746354131795e-01
2.910255864118346247e-01
2.910024206066578190e-01
2.909793814490729824e-01
2.909564665273898232e-01
2.909336805438653695e-01
2.909110186873947734e-01
2.908884792058897828e-01
2.908660532126342013e-01
2.908437347425666952e-01
2.908215152164715378e-01
2.907993831878453173e-01
2.907773297913972543e-01
2.907553462284639956e-01
2.907334252699079746e-01
2.907115610432492447e-01
2.906897491056536498e-01
2.906679874901729188e-01
2.906462746822360277e-01
2.906246105104028921e-01
2.906029956895924693e-01
2.905814306803626845e-01
2.905599147405855120e-01
2.905384483946529262e-01
2.905170302761875267e-01
2.907438603664307952e-01
2.911387690626529579e-01
2.908021949989196830e-01
2.909609984046154785e-01
2.906115129088038262e-01
2.907380238230853342e-01
2.906588545972647042e-01
2.906545690099610058e-01
2.905545462950783753e-01
2.904784133582546390e-01
2.905374728656670014e-01
2.904303616022522738e-01
2.904404796463438965e-01
2.903906506562048406e-01
2.903436832861562844e-01
2.903602218130200141e-01
2.902695510519394118e-01
2.902901634346127802e-01
2.902293332792178493e-01
2.902106161579163235e-01
2.901891129657527824e-01
2.901405847312952813e-01
2.901489912170626129e-01
2.900934819257369179e-01
2.900799429989939782e-01
2.900527914557428089e-01
2.900235624595066675e-01
2.900124262268532482e-01
2.899684435640772495e-01
2.899540908200469724e-01
2.899355406013363057e-01
2.899059176878188149e-01
2.898856191340576371e-01
2.898585504707548166e-01
2.898425188247221174e-01
2.898163587639397409e-01
2.897927703131679689e-01
2.897740223992114061e-01
2.897489539537296821e-01
2.897290312711450766e-01
2.896881270640077610e-01
2.896381129997951387e-01
2.895857849780567039e-01
2.895202817727894340e-01
2.905128033888821903e-01
2.904099557748938687e-01
2.905486146175068063e-01
2.900971509130391146e-01
2.901757442609206317e-01
2.898973809090907849e-01
2.901614257961852017e-01
2.899310673468890598e-01
2.898275656029789538e-01
2.898522453271297761e-01
2.897023448053285266e-01
2.897763278641960483e-01
2.896326555919281898e-01
2.896343668379628422e-01
2.895674035084002673e-01
2.895394829880241772e-01
2.895066630087867465e-01
2.894408436821848674e-01
2.894728321765540624e-01
2.893564628678133022e-01
2.893718579528232748e-01
2.893449942656219354e-01
2.893056734869275393e-01
2.893170438118094490e-01
2.892228737794440008e-01
2.892670176508698177e-01
2.892574580295975140e-01
2.892133534593180899e-01
2.892374877977563208e-01
2.892345286014980643e-01
2.892807198184838557e-01
2.892916837119363649e-01
2.893427216963050941e-01
2.894151720913136216e-01
2.894673580572616478e-01
2.895175384627184378e-01
2.895983560330225304e-01
2.894914302683243568e-01
2.894040472297818578e-01
2.892272869490825071e-01
2.890066838579272712e-01
2.898108388241675826e-01
2.895666005553402811e-01
2.897012642269471971e-01
2.892408356812452008e-01
2.893316327137684385e-01
2.892777933728690742e-01
2.895023666753125391e-01
2.892567236892502613e-01
2.891699302831299279e-01
2.891350596558674435e-01
2.889762499100592685e-01
2.889427553581424002e-01
2.888061595258334391e-01
2.888501102813913479e-01
2.887398683163427959e-01
2.887913365448254166e-01
2.887466776871874252e-01
2.887107513162805450e-01
2.887221610101461944e-01
2.885837790328334429e-01
2.885978892437995880e-01
2.885367288800287922e-01
2.885014923112461105e-01
2.884673004724591094e-01
2.884065347309888172e-01
2.884493236925675941e-01
2.884090090733496536e-01
2.883737747063335188e-01
2.883514458462946850e-01
2.883362157674962400e-01
2.883121889317149522e-01
2.882563846865710544e-01
2.882472409952020476e-01
2.881987448795678142e-01
2.881554898259919839e-01
2.881149453428496487e-01
2.880682554447778765e-01
2.886023010098428543e-01
2.884920357314991746e-01
2.885196763389022978e-01
2.883443415764149198e-01
2.883433790068120617e-01
2.881808473139242377e-01
2.883083995499183816e-01
2.882097868602885860e-01
2.881319577390789033e-01
2.881080626423110358e-01
2.880705655130042508e-01
2.880807473217503745e-01
2.879810698220416354e-01
2.880006925629701175e-01
2.879453039103738732e-01
2.879280650010626053e-01
2.878931644846179916e-01
2.878708580556368357e-01
2.878545856472672360e-01
2.877976738588066130e-01
2.878002808229498943e-01
2.877609022579812326e-01
2.877527298202273709e-01
2.877132569200402390e-01
2.876753018816354812e-01
2.876850323886947502e-01
2.876348776696103227e-01
2.876110236265083664e-01
2.875760060031146148e-01
2.875379491356276351e-01
2.874925698417560849e-01
2.874116340579756512e-01
2.873144854088830469e-01
2.871495495336160997e-01
2.921693184121780251e-01
2.960732416950568879e-01
2.943803030498017836e-01
2.980877630313860105e-01
2.932023060233824863e-01
2.951603579374578734e-01
2.917475362606122280e-01
2.936269221560575682e-01
2.914732945091114136e-01
2.917260034126884505e-01
2.911040957244411809e-01
2.903698786543607024e-01
2.907004926439614723e-01
2.894793892438741745e-01
2.903732485361509852e-01
2.890387962048241999e-01
2.896877966857430153e-01
2.893018758216243103e-01
2.893503231881323634e-01
2.890342915502075449e-01
2.888022118900095414e-01
2.889208379499582646e-01
2.885806056076252180e-01
2.883512322774413605e-01
2.881830441249468300e-01
2.882237401272791377e-01
2.882914233792216452e-01
2.880067894552119645e-01
2.881234644359885744e-01
2.878533673608794086e-01
2.879243823592059215e-01
2.876383965574325074e-01
2.876385647512216814e-01
2.875033563491015687e-01
2.874223077900505130e-01
2.874313402615608082e-01
2.873023475731505405e-01
2.872925059201272280e-01
2.871916256197731276e-01
2.871424217313575111e-01
2.871215492041548911e-01
2.870197309325637769e-01
2.870111089949715089e-01
2.869262231856098966e-01
2.869546807535763300e-01
2.869069297402360719e-01
2.868674004228777275e-01
2.868379573945804561e-01
2.868146732996161852e-01
2.868033920185790175e-01
2.867517101256147893e-01
2.867338782534293862e-01
2.867013261429984805e-01
2.866828524504597686e-01
2.866581377781053375e-01
2.866343363719155435e-01
2.866175329921422099e-01
2.865880940753052775e-01
2.865783977088143253e-01
2.865561529784168004e-01
2.865408429650827538e-01
2.865229340993329377e-01
2.865068214205481190e-01
2.865012470161603098e-01
2.864869706576045338e-01
2.864849656173956705e-01
2.864777721361646545e-01
2.864803064450101022e-01
2.864820156283520713e-01
2.864839877446210270e-01
2.864917654234367950e-01
2.864983768667889730e-01
2.865042643132602596e-01
2.865035525945628381e-01
2.864961626957440721e-01
2.864810792213087209e-01
2.864506229538847926e-01
2.864086553982534422e-01
2.863581225703462074e-01
2.862928344669255498e-01
2.862209503177639558e-01
2.861439152296388344e-01
2.860858452525198992e-01
2.860308135073925673e-01
2.859877527788047269e-01
2.859558764437989398e-01
2.859345722828082748e-01
2.859198656388404203e-01
2.859108700593421259e-01
2.859033472398212483e-01
2.858961212358898107e-01
2.858865629468413383e-01
2.858744152733480592e-01
2.858591384049687933e-01
2.858404751078307826e-01
2.858186560030843149e-01
2.857943450622455472e-01
2.857682155460635753e-01
2.857411135097084331e-01
2.857132784568623407e-01
2.856858826565337184e-01
2.856588264585859793e-01
2.856328403614509792e-01
2.856077118326124653e-01
2.855838005730076956e-01
2.855608361302168774e-01
2.855388693659796084e-01
2.855176998663288002e-01
2.854971338020164118e-01
2.854771228627657198e-01
2.854574679773541068e-01
2.854381706569801835e-01
2.854190189097887131e-01
2.854000771538835468e-01
2.853812345988360755e-01
2.853625158764777625e-01
2.853439185874963036e-01
2.853254366558112820e-01
2.853071251256459884e-01
2.852890056524783891e-01
2.852711685860314095e-01
2.852536833916595183e-01
2.852366658095449869e-01
2.852202965487795616e-01
2.852047398426397207e-01
2.851903237558388593e-01
2.851773547372442597e-01
2.851664403480358989e-01
2.851581227010844821e-01
2.851535039590205045e-01
2.851535023892703413e-01
2.851600827365184943e-01
2.851746364072040851e-01
2.852004259396969665e-01
2.852388444215578356e-01
2.852944454246698625e-01
2.853661079865369987e-01
2.854574980505967252e-01
2.855576574903362364e-01
2.856633129093210099e-01
2.857434213843801363e-01
2.857853607671240193e-01
2.857471469251549046e-01
2.856315595985936540e-01
2.854334476191376369e-01
2.852007079760070507e-01
2.849767476785937115e-01
2.848114401584844746e-01
2.847274534692998960e-01
2.847215075661367889e-01
2.847686049781888995e-01
2.848337980634031430e-01
2.848853565575112379e-01
2.848991520848340731e-01
2.848696568973510534e-01
2.848009741485070245e-01
2.847128035697911175e-01
2.846251490371042303e-01
2.845565858635648038e-01
2.845157057808083145e-01
2.845013482263227811e-01
2.845048588192303773e-01
2.845143942973575868e-01
2.845192756499521636e-01
2.845119587058682620e-01
2.844905514047234574e-01
2.844567105898893056e-01
2.844161220260471579e-01
2.843746884927824681e-01
2.843378170256329884e-01
2.843084394218028388e-01
2.842870577023116629e-01
2.842721063927970970e-01
2.842608460445252838e-01
2.842503137519229450e-01
2.842380065119172183e-01
2.842224938403058454e-01
2.842032767037505625e-01
2.841809568891734972e-01
2.841565321943944622e-01
2.841313592701736890e-01
2.841065720729131217e-01
2.840830541348003946e-01
2.840612406588772787e-01
2.840411758063488001e-01
2.840225873857794014e-01
2.840050232208973235e-01
2.839879823653799207e-01
2.839710110482911443e-01
2.839537676321056137e-01
2.839360258916145963e-01
2.839177047113845553e-01
2.838988064011457313e-01
2.838794360042366516e-01
2.838597123890466145e-01
2.838397879661072043e-01
2.838197827510800519e-01
2.837998093768491770e-01
2.837799409116606997e-01
2.837602285161289206e-01
2.837406918464661087e-01
2.837213312234309059e-01
2.837021320114202494e-01
2.836830722327509102e-01
2.836641274950152392e-01
2.836452731631143309e-01
2.836264866508936833e-01
2.836077488710925243e-01
2.835890450922423089e-01
2.835703655895307485e-01
2.835517043321199027e-01
2.835330588909218408e-01
2.835144293153483708e-01
2.834958185760786398e-01
2.834772325783557756e-01
2.834586799014324754e-01
2.834311735036720292e-01
2.834127089501983221e-01
2.833943262667529828e-01
2.833760538131568363e-01
2.833579349538711267e-01
2.833400247730682442e-01
2.833224121097925319e-01
2.833052201281380800e-01
2.832886596507605548e-01
2.832730776584271304e-01
2.832591022132273650e-01
2.839420217923133150e-01
2.853117872707039426e-01
2.863599337802981704e-01
2.862268848952922440e-01
2.894279036671367211e-01
2.897855938299768175e-01
2.887318823328249850e-01
2.881783104758330327e-01
2.856876121662890178e-01
2.859618526052783438e-01
2.864658926355158619e-01
2.871404786436682066e-01
2.862234871708672079e-01
2.855476966708777598e-01
2.863225372295359339e-01
2.857026196625275793e-01
2.852956731452288563e-01
2.842144113376836034e-01
2.844860205036232048e-01
2.842011496757801403e-01
2.839099153370489015e-01
2.837670986413396990e-01
2.841279884696497060e-01
2.839936874433749425e-01
2.838336334827933904e-01
2.836974558377238775e-01
2.836795564343284060e-01
2.835409126999089979e-01
2.831636354557407476e-01
2.832487683704316694e-01
2.831740881359091078e-01
2.832626150424549238e-01
2.831188506406016603e-01
2.831348152961468134e-01
2.831494040881619156e-01
2.830723563268190413e-01
2.829422471762677027e-01
2.828193051322605012e-01
2.828342731138465682e-01
2.827989989120803793e-01
2.827868031954791084e-01
2.827079744054419863e-01
2.827390847752191960e-01
2.827248149564351998e-01
2.827007879529418455e-01
2.826307959957296001e-01
2.825689525664653035e-01
2.825466489962416006e-01
2.825230547708751372e-01
2.825036214096324216e-01
2.824648775385303345e-01
2.824498428056049781e-01
2.824280017553254529e-01
2.824288433501134787e-01
2.823927464974684831e-01
2.823639685653605569e-01
2.823251279413616643e-01
2.823008366840095151e-01
2.822846774678717807e-01
2.822574474255542532e-01
2.822359873130715902e-01
2.822087503386120355e-01
2.821937686393868328e-01
2.821763778490766761e-01
2.821608974347706855e-01
2.821366913887692895e-01
2.821134387834713375e-01
2.820889211580979716e-01
2.820681760382839909e-01
2.820485502424336377e-01
2.820271411177850962e-01
2.820058582521979273e-01
2.819831624372138856e-01
2.819631390307549834e-01
2.819440547045733991e-01
2.819263789349514826e-01
2.819067999614238706e-01
2.818876108798504809e-01
2.818666616291531368e-01
2.818470689681258912e-01
2.818273575077108739e-01
2.818080149052600847e-01
2.817886333001847210e-01
2.817683691711362903e-01
2.817481600042462397e-01
2.817279562948711846e-01
2.817080931351902406e-01
2.816885902199240399e-01
2.816692725193625790e-01
2.816499613253345968e-01
2.816305886358654309e-01
2.816110820844730522e-01
2.815915555189409947e-01
2.815721699198920902e-01
2.815529101576175197e-01
2.815336780782393689e-01
2.815146978771505548e-01
2.814954994169757141e-01
2.814764489803418535e-01
2.814571747774731181e-01
2.814380066070315545e-01
2.814187761584263092e-01
2.813996319308215144e-01
2.813804837008342385e-01
2.813614584059788148e-01
2.813424380732745256e-01
2.813234967733562186e-01
2.813045895304434607e-01
2.812857277580228521e-01
2.812669429780925157e-01
2.812482367806616868e-01
2.812296542983450109e-01
2.812112520787995451e-01
2.811930925754005939e-01
2.811752506408341512e-01
2.811578693997601741e-01
2.811411121744973318e-01
2.811252273509841082e-01
2.811105826527653395e-01
2.810976508779365335e-01
2.810872281086352897e-01
2.810802970753060737e-01
2.810785354520323742e-01
2.810839793888200155e-01
2.811002219334470809e-01
2.811312566046456629e-01
2.811845943727863117e-01
2.812672406749092135e-01
2.813935838857707372e-01
2.815717315424015044e-01
2.818235766876759918e-01
2.821412734322588656e-01
2.825428226334204540e-01
2.829535398788797784e-01
2.833907973954435944e-01
2.836744399643534864e-01
2.840610893020508732e-01
2.841701955926167478e-01
2.850890049743595722e-01
2.847439174494938996e-01
2.852533149694302939e-01
2.831171456598178260e-01
2.816894593503464495e-01
2.814225047565852011e-01
2.823955527988644687e-01
2.831442241494836476e-01
2.820364865768570928e-01
2.808728277949654184e-01
2.809151687764363525e-01
2.814849714887728838e-01
2.814399455630073321e-01
2.809138981957932657e-01
2.810479788260704659e-01
2.814537749911318887e-01
2.811415038983975934e-01
2.806033448656796159e-01
2.805641704714474938e-01
2.808121802812605927e-01
2.807830937821361728e-01
2.805423172728040981e-01
2.805708294611980458e-01
2.807395198361110622e-01
2.806402823140118352e-01
2.803895417641293353e-01
2.802985789708922204e-01
2.803921465452720030e-01
2.804403276253113475e-01
2.803368385665244711e-01
2.802565287786914494e-01
2.802827556564387868e-01
2.803186614745618588e-01
2.802714708748156314e-01
2.801578753241165121e-01
2.800944013751554551e-01
2.801110734160028870e-01
2.801434408437663559e-01
2.801335469333510186e-01
2.800766055145984534e-01
2.800260191240706575e-01
2.800071649914546157e-01
2.800061386844342470e-01
2.799961905135032181e-01
2.799617262990394817e-01
2.799207295365410131e-01
2.798882460032021680e-01
2.798732687932113383e-01
2.798690659600603370e-01
2.798626592930297807e-01
2.798477538628015848e-01
2.798197449442713092e-01
2.797886482789307960e-01
2.797567998910799325e-01
2.797304222601664225e-01
2.797093132634758117e-01
2.796921210442894212e-01
2.796768654011743127e-01
2.796620373677330962e-01
2.796479691868760664e-01
2.796354469973040824e-01
2.796330586244292205e-01
2.796422674921038021e-01
2.797116158863667268e-01
2.797997433880569651e-01
2.801418560363391208e-01
2.801418981936348862e-01
2.803708923554770749e-01
2.801885352000882956e-01
2.799850972553106221e-01
2.796429742827478693e-01
2.794699400348657492e-01
2.795015583282968175e-01
2.796150073824793525e-01
2.797251346383386461e-01
2.796625005518417750e-01
2.795435240147123857e-01
2.793819238883595291e-01
2.792984809038018268e-01
2.793056404736371512e-01
2.793592716076832017e-01
2.794095109807194222e-01
2.793911422593640115e-01
2.793255101043502497e-01
2.792364000848395200e-01
2.791720843881809744e-01
2.791439615938732244e-01
2.791517198627263552e-01
2.791691181667098065e-01
2.791671960422117404e-01
2.791533593926341927e-01
2.791134129891031934e-01
2.790685028892574415e-01
2.790234437504574561e-01
2.789864291271296759e-01
2.789571373644569308e-01
2.789373867269904217e-01
2.789228897584671296e-01
2.789125840170778026e-01
2.789083936720428980e-01
2.789069281141663970e-01
2.789220513917359812e-01
2.789483575095060286e-01
2.790366496536433871e-01
2.791384040871699446e-01
2.794666981398669092e-01
2.796052583688242166e-01
2.800845837094001478e-01
2.800988564954679516e-01
2.802446450402769074e-01
2.797902738703242354e-01
2.793818401814169294e-01
2.789054230434594439e-01
2.787176325659119769e-01
2.788171596572014965e-01
2.790357701166666926e-01
2.792249368447197733e-01
2.791436386328260966e-01
2.789655765218793659e-01
2.787534835656559906e-01
2.786762356580609890e-01
2.787466048203439684e-01
2.788654294743853068e-01
2.789423429807402766e-01
2.788932580821916751e-01
2.788004021791402609e-01
2.787129214133544641e-01
2.786933963038326079e-01
2.787327327445062730e-01
2.787861100805452685e-01
2.788223015236415137e-01
2.787963025236967485e-01
2.787446609870486980e-01
2.786640725023333265e-01
2.785873323060141793e-01
2.785187812329976698e-01
2.784645795256441292e-01
2.784202920753120480e-01
2.783871698795845617e-01
2.783711506118669576e-01
2.783538253889330516e-01
2.783758361270314285e-01
2.783767161276443636e-01
2.784524360883662841e-01
2.784678758032679835e-01
2.785986795045341524e-01
2.785911106582245056e-01
2.786885775330990578e-01
2.785847264298060288e-01
2.785318637619936810e-01
2.783266068894760248e-01
2.781606986306803808e-01
2.779860399416657635e-01
2.778787008674878378e-01
2.778362360983512858e-01
2.778491314695151204e-01
2.778957842282995250e-01
2.779410418351692669e-01
2.779890698963933815e-01
2.779871960264707065e-01
2.779906202556053918e-01
2.779370635729350170e-01
2.778946150523538550e-01
2.778238487087015818e-01
2.777670176369657629e-01
2.777116687323479827e-01
2.776723696049749890e-01
2.776458416026122977e-01
2.776327121758182526e-01
2.776311300040469887e-01
2.776394195513431917e-01
2.776588848461002401e-01
2.776903948063292327e-01
2.777455023331026340e-01
2.778279663687133749e-01
2.779950514649159876e-01
2.782174663421661531e-01
2.787625826126073347e-01
2.791438338980346545e-01
2.801084787416667776e-01
2.803921211225927079e-01
2.809982763800428773e-01
2.802319475966361662e-01
2.795007158359436028e-01
2.784710329612277713e-01
2.780433909139581328e-01
2.781905836387974507e-01
2.784526720423505797e-01
2.784816007581574770e-01
2.779164105899016302e-01
2.774008005749383221e-01
2.772101888570461803e-01
2.773958420980047190e-01
2.776451056542319495e-01
2.775609193363228200e-01
2.773454049459413429e-01
2.771946663931162957e-01
2.772706406832216031e-01
2.774330771035248278e-01
2.774345685454234767e-01
2.772866714110645558e-01
2.770740524977783337e-01
2.769626442819104195e-01
2.769799131489646959e-01
2.770289079345990557e-01
2.770310196208877196e-01
2.769420858541338237e-01
2.768322868200965292e-01
2.767525931739860390e-01
2.767347244894589053e-01
2.767563951141552847e-01
2.767884743232630340e-01
2.768104696010320054e-01
2.767940172864046255e-01
2.767831001760112652e-01
2.767395444264348359e-01
2.767162872378158278e-01
2.766818647344059245e-01
2.766593375063335358e-01
2.766242259522403435e-01
2.766007819023285075e-01
2.765744931039975096e-01
2.770375229808066941e-01
2.773802936288939924e-01
2.775806064886700009e-01
2.774130137600721024e-01
2.779754371530196444e-01
2.776881739964474072e-01
2.777930519597146541e-01
2.773633070413898394e-01
2.770880970083965944e-01
2.768483371864841613e-01
2.767354881249463050e-01
2.766048089975440272e-01
2.766801849971061156e-01
2.766930728279790030e-01
2.766761415161952398e-01
2.766511858559426162e-01
2.764811007585744607e-01
2.763963483284169742e-01
2.763221729002756089e-01
2.762729874564432420e-01
2.762667113942371966e-01
2.762230802495754256e-01
2.762344654784265607e-01
2.761754449567617731e-01
2.761234412625270807e-01
2.760998041974422890e-01
2.760462180582605174e-01
2.760102420153139891e-01
2.759567188960269646e-01
2.759329830466848432e-01
2.759270929048883159e-01
2.759067164967015651e-01
2.759066882273303323e-01
2.759162717282969135e-01
2.759257792965114087e-01
2.759390480979245774e-01
2.759504816432108987e-01
2.759836280412798493e-01
2.760215128239257298e-01
2.760882516425110511e-01
2.761878351111541341e-01
2.763250447606361293e-01
2.764763133689873698e-01
2.766799174643259640e-01
2.768697026180042542e-01
2.771136158135675820e-01
2.773002507813218109e-01
2.775771108567810508e-01
2.777084082690370881e-01
2.780728243906166464e-01
2.780627637858554269e-01
2.784360366777219875e-01
2.778938029312568725e-01
2.775911648760355233e-01
2.765011469083920037e-01
2.757320188015583429e-01
2.753130488159831746e-01
2.754669552741681460e-01
2.759413000343204914e-01
2.761987426953191882e-01
2.761270535100214807e-01
2.756807699507263232e-01
2.753110202876436485e-01
2.751850432001826663e-01
2.752813672353463526e-01
2.760583276673227449e-01
2.760503830674037040e-01
2.756232781048733038e-01
2.765091568520672283e-01
2.762555890088675969e-01
2.763515190034013802e-01
2.759181397746333086e-01
2.755598852523309938e-01
2.754910698151687987e-01
2.755959541318039330e-01
2.754981290824812801e-01
2.752707208210851686e-01
2.750957062557946031e-01
2.748387028231059626e-01
2.749166207444653787e-01
2.749322529484958255e-01
2.749702954981287917e-01
2.749699082597142352e-01
2.748307269578094125e-01
2.747176461943916514e-01
2.746313395641329924e-01
2.745881355747858965e-01
2.745957270743502043e-01
2.744997718237405238e-01
2.744923215298479269e-01
2.744110003556536337e-01
2.743636145026154272e-01
2.743160364494410253e-01
2.742995390623542695e-01
2.742578089766671834e-01
2.742421629857090259e-01
2.741606495525364950e-01
2.741536504202134461e-01
2.741026623307342702e-01
2.740843511690383427e-01
2.740629408144918400e-01
2.740345455873004488e-01
2.740095166365040802e-01
2.739653458953884568e-01
2.739459863930320260e-01
2.739123587439874496e-01
2.739032034065690957e-01
2.738894441992009710e-01
2.738937432980888542e-01
2.739126372010953214e-01
2.739566143649964647e-01
2.740338742150510987e-01
2.742076388096510997e-01
2.744237603458452579e-01
2.749467602936191968e-01
2.754079566251622091e-01
2.765650767076100469e-01
2.769952344627819030e-01
2.781789640357417159e-01
2.771598230048436529e-01
2.761961728729459553e-01
2.744667243366707421e-01
2.736194637028211973e-01
2.738680462644403901e-01
2.745416198843962929e-01
2.748380013339996042e-01
2.742470620119676905e-01
2.736420345364846685e-01
2.735927737615711508e-01
2.739652711841582544e-01
2.741471936234455287e-01
2.737709942605638380e-01
2.733191281978468723e-01
2.732232676346231792e-01
2.734795100790273770e-01
2.736923009402878471e-01
2.735513745542673125e-01
2.732433496243409365e-01
2.730381434663515794e-01
2.730745223045189518e-01
2.732301712388448545e-01
2.732790811377875384e-01
2.731916428733294766e-01
2.730067127789891357e-01
2.730464079439584579e-01
2.736435086741608735e-01
2.738176054692874617e-01
2.733430465256139197e-01
2.738906599720108970e-01
2.736670369958454918e-01
2.736729439548627463e-01
2.736475304837419631e-01
2.734759212760027314e-01
2.734943809999840214e-01
2.734197293618408353e-01
2.735713788108629085e-01
2.734972935289491369e-01
2.738188963917606022e-01
2.737282927089141893e-01
2.740204209338261698e-01
2.740088054851170796e-01
2.740681938626472469e-01
2.740310976138280452e-01
2.739635333732056699e-01
2.736507337965808362e-01
2.734744194038153386e-01
2.730983916752701690e-01
2.728527820619239264e-01
2.725758985918234067e-01
2.724526361788759399e-01
2.723783185049701849e-01
2.723816275789801011e-01
2.724183041438021924e-01
2.725256853651638611e-01
2.725595513753742427e-01
2.725870966734073031e-01
2.725697592879068321e-01
2.725004360013969507e-01
2.724114049590252717e-01
2.722883432896191502e-01
2.721957653222043527e-01
2.721135099438115601e-01
2.720561695072894470e-01
2.720479647464696393e-01
2.720552098212495329e-01
2.721017053413260500e-01
2.721882799014272436e-01
2.723063900407067806e-01
2.725607198751235360e-01
2.728946444656416004e-01
2.737271033365407114e-01
2.745418328717366130e-01
2.766453456596418281e-01
2.771969918089212115e-01
2.787710920135987869e-01
2.765393584963400375e-01
2.744798803306792712e-01
2.725316446461703013e-01
2.723602144339856701e-01
2.734238361260536432e-01
2.739527826429204449e-01
2.734112663314807179e-01
2.724217808204750790e-01
2.722859613178611471e-01
2.727652836722566643e-01
2.728342812683258178e-01
2.722348127703599907e-01
2.717028184032954652e-01
2.719127567018905234e-01
2.723640286178588554e-01
2.723599630012374928e-01
2.718838737932690597e-01
2.714928545378940683e-01
2.716182164787437903e-01
2.719162337097419391e-01
2.719025446745671482e-01
2.725307006253109843e-01
2.729428437410633679e-01
2.724623573978044444e-01
2.739936826131577630e-01
2.748537673032910300e-01
2.725771892116055639e-01
2.735785290546343118e-01
2.723029276855745140e-01
2.736364049173806157e-01
2.724121100645984228e-01
2.731709315080921296e-01
2.716275102874725622e-01
2.725009592490755805e-01
2.717788643797229842e-01
2.721678151319238959e-01
2.718973870019146810e-01
2.718153239582130620e-01
2.714491031922530162e-01
2.716389069824077795e-01
2.714359433575892488e-01
2.715268234486503118e-01
2.714809207278043868e-01
2.712577916829421731e-01
2.713525952467704672e-01
2.711398648140578849e-01
2.712161952247585939e-01
2.710938458962078856e-01
2.710807446275093624e-01
2.709805777104465352e-01
2.710149012533098478e-01
2.708841462620544815e-01
2.709308259730898172e-01
2.708344159492498404e-01
2.708058788768491487e-01
2.707871417603697206e-01
2.707334802474061775e-01
2.707537021863791749e-01
2.707129056333380523e-01
2.707040202492388414e-01
2.706560554718874245e-01
2.706268332244363695e-01
2.705888869622320447e-01
2.705556225302269691e-01
2.705540419200122559e-01
2.705009622188373486e-01
2.705037614976806282e-01
2.704610487919953399e-01
2.704343594282998531e-01
2.704267875894330042e-01
2.703866801155415112e-01
2.703790835654234503e-01
2.703600184481134150e-01
2.703301509698419203e-01
2.703122502074000177e-01
2.702995175100568748e-01
2.702722455566883286e-01
2.702706867504522936e-01
2.702849485425283249e-01
2.703078825076747349e-01
2.704007638136977643e-01
2.706084723799477842e-01
2.711551467804419469e-01
2.721118836981431532e-01
2.749149088630714610e-01
2.769901251093528360e-01
2.826325050354405732e-01
2.799649010679601813e-01
2.774102468591823634e-01
2.728838171722940409e-01
2.713361915784302525e-01
2.730176363941645423e-01
2.744384091214093768e-01
2.736117466729044434e-01
2.716650855308906376e-01
2.716956182244066875e-01
2.731311902158828353e-01
2.729626337560062121e-01
2.711915237214721497e-01
2.705934625753095846e-01
2.716428318096200667e-01
2.720302617121314603e-01
2.709978322336638046e-01
2.700313454612430775e-01
2.703215055062402894e-01
2.710254246231948994e-01
2.708308902730276468e-01
2.700612716162813509e-01
2.699056801994769161e-01
2.703712455315383512e-01
2.705456286648479924e-01
2.701669842550870060e-01
2.697735297067682114e-01
2.698985680887130423e-01
2.701827796852300234e-01
2.700926130272546799e-01
2.697750075611347054e-01
2.695799878328503096e-01
2.697057090698888326e-01
2.698740233257365118e-01
2.698007996727191937e-01
2.696071432068468665e-01
2.694893612815633110e-01
2.695303330960107102e-01
2.697978796026774262e-01
2.707584300044518777e-01
2.713684929704816562e-01
2.705666171214746729e-01
2.710096508599900145e-01
2.727372745586377767e-01
2.708908352557805044e-01
2.707849616635831791e-01
2.707562167472016279e-01
2.708352179444227792e-01
2.704885130920516856e-01
2.705538526831026691e-01
2.702070771723280584e-01
2.700923380318331346e-01
2.703803002279199230e-01
2.698541616141125754e-01
2.701100564169731655e-01
2.699467738552147611e-01
2.697405363417217372e-01
2.696278870666650729e-01
2.696716649565117918e-01
2.693977324908876647e-01
2.695577531528037252e-01
2.692978652484348534e-01
2.693703634398108004e-01
2.693082968650910014e-01
2.691918756350178965e-01
2.692204133879946837e-01
2.691507044672755700e-01
2.690832314652537027e-01
2.691019219127264162e-01
2.690801200376952140e-01
2.690151521592639705e-01
2.690379363977640770e-01
2.689585894982867709e-01
2.689552725627045171e-01
2.689275612655004366e-01
2.688832090252195606e-01
2.689066565399408915e-01
2.688678087343644441e-01
2.688487712071857549e-01
2.688469889549597869e-01
2.688197577362222424e-01
2.688057653346974663e-01
2.687884849380308694e-01
2.687899711369515776e-01
2.687741035860338745e-01
2.687883786225860328e-01
2.687990319466966316e-01
2.688213773474532609e-01
2.688805066946284295e-01
2.689397241861680721e-01
2.690727597598843168e-01
2.692806977737977614e-01
2.696511040907053069e-01
2.702058100714677114e-01
2.714007455792281087e-01
2.727537890927220210e-01
2.759228689016928193e-01
2.771506125530645570e-01
2.797801851098478676e-01
2.761252091521041452e-01
2.726244576911334150e-01
2.701658424576534601e-01
2.702989028156245754e-01
2.716780565457295182e-01
2.716906079906573623e-01
2.704790448060289676e-01
2.693091401710163701e-01
2.693582848150323228e-01
2.698917500863330377e-01
2.699005791878008598e-01
2.697131136758833536e-01
2.696182709142863065e-01
2.693518066012818846e-01
2.689250574656673054e-01
2.687841981207316211e-01
2.689985602157731193e-01
2.689652646807596525e-01
2.685365152302672254e-01
2.682940130744918550e-01
2.685473174677552866e-01
2.688098200174066088e-01
2.685988142981844407e-01
2.682177958160218978e-01
2.681388961105709567e-01
2.683039807230009899e-01
2.683676765356634020e-01
2.681816837972065271e-01
2.679820248201115751e-01
2.679942095567042770e-01
2.681138393229272054e-01
2.681304239088109220e-01
2.680119301158136458e-01
2.678989880755549002e-01
2.678948343131272170e-01
2.679431600853734441e-01
2.679341093288473141e-01
2.679092331893642709e-01
2.678348151842833147e-01
2.678383750468954494e-01
2.678278490469518380e-01
2.678373505840306312e-01
2.678348687288215069e-01
2.678178326433398038e-01
2.677872525086570921e-01
2.678223384038956878e-01
2.678473372434136413e-01
2.680757159766989361e-01
2.678421737890805954e-01
2.677797883479445806e-01
2.678080297249054165e-01
2.677724842712455589e-01
2.676651602454372947e-01
2.675777580436086156e-01
2.675262066697196017e-01
2.675048789795024806e-01
2.674758573121466809e-01
2.674513127156700198e-01
2.674507829749930288e-01
2.674688618684860630e-01
2.674768994029455005e-01
2.674723535225865811e-01
2.675049739393293713e-01
2.675361060680264136e-01
2.675755496822185275e-01
2.676220741234602296e-01
2.677635793425173771e-01
2.678593861326216685e-01
2.681290811524008610e-01
2.682689614010547730e-01
2.686777212173364626e-01
2.688132043504828372e-01
2.691672223210528903e-01
2.690100397741729266e-01
2.689768058742226242e-01
2.684162107907543393e-01
2.679181900058891230e-01
2.674169255557853897e-01
2.671371309441947783e-01
2.671050562637964365e-01
2.672689943583452798e-01
2.674933105738012129e-01
2.676074568511047636e-01
2.676121678051417430e-01
2.674436751438070692e-01
2.672531498822838247e-01
2.670676469415100285e-01
2.669727119609484611e-01
2.669655744163862421e-01
2.670227634813117090e-01
2.671035749816587646e-01
2.671589026685556867e-01
2.674517551603813326e-01
2.678269418127111612e-01
2.679949981682548943e-01
2.676077727101593418e-01
2.679786110715683956e-01
2.678057161919218387e-01
2.675610863471303280e-01
2.674261768546128959e-01
2.672406360290108251e-01
2.672191258934517588e-01
2.669522720675554517e-01
2.670754473138455820e-01
2.668463003414556778e-01
2.669600469793605990e-01
2.669086641395752024e-01
2.668980224554233227e-01
2.669431227273160179e-01
2.669626784508655759e-01
2.669394363566619521e-01
2.669503841666477362e-01
2.669964627417982239e-01
2.669798009431437191e-01
2.670801941494104215e-01
2.671621906393707446e-01
2.673025979542655861e-01
2.675405628876348363e-01
2.676851373532921352e-01
2.681055071897475717e-01
2.684541079528358631e-01
2.690617032059197666e-01
2.693864061090131545e-01
2.700319315310722446e-01
2.699472021914005593e-01
2.699837282989375198e-01
2.696834600854820518e-01
2.694105257926171504e-01
2.691743798534647625e-01
2.693957291103101781e-01
2.694272686882168144e-01
2.688193336413289836e-01
2.685116655408049668e-01
2.675314606454325395e-01
2.670796667391612256e-01
2.667844190578952390e-01
2.669926815054037839e-01
2.674762521998445552e-01
2.676898057651366236e-01
2.677423773082271419e-01
2.672036798055785756e-01
2.667742179861953278e-01
2.663006755680288884e-01
2.662402765690811690e-01
2.663430232805940046e-01
2.665502984061287606e-01
2.667231536320182617e-01
2.666758895862636480e-01
2.665345130508738336e-01
2.662953867931946439e-01
2.661631131023122765e-01
2.659650080836667430e-01
2.659735777119885403e-01
2.660059088225513180e-01
2.659855354760005119e-01
2.671703339604080130e-01
2.692972978631044123e-01
2.679052114400762852e-01
2.677225269210501968e-01
2.698954115394592845e-01
2.683441957393937760e-01
2.698850196003623747e-01
2.695088145638331878e-01
2.714948305241731696e-01
2.708081820556329511e-01
2.708702792158727557e-01
2.699961243659081411e-01
2.678691421342959678e-01
2.675658461760392903e-01
2.666888456949965125e-01
2.674211288323454783e-01
2.674972963107812296e-01
2.678427579805193193e-01
2.669818058564962793e-01
2.666939053323118536e-01
2.661294115595602694e-01
2.663556819123110708e-01
2.667826224768944932e-01
2.665983863320822711e-01
2.666710008171766511e-01
2.660020769499538140e-01
2.658271631300558879e-01
2.657890310872547679e-01
2.660199634068498020e-01
2.660673183331856428e-01
2.661105185935725981e-01
2.658991644834552970e-01
2.656566797075493036e-01
2.656104361067686548e-01
2.654752661617188481e-01
2.656300418126246177e-01
2.656268862908292006e-01
2.656850661400241287e-01
2.656469159026479954e-01
2.655800488406139248e-01
2.654724510466371923e-01
2.653674336653686350e-01
2.653331746879391551e-01
2.652678632389459668e-01
2.652906991017319194e-01
2.652770795534490356e-01
2.652718244671435910e-01
2.652727647772832320e-01
2.652458159144988059e-01
1.296225857944034487e+01
2.557754515400936235e+00
2.581276570718968877e+00
3.034414561207180228e+00
2.763895538856740330e+00
2.350959025613250208e+00
2.348092947230307814e+00
2.195544391708149856e+00
1.898187913008193783e+00
1.581129208651106399e+00
1.413477024043435559e+00
1.340251142253193084e+00
1.329615294468225795e+00
1.274835647774957614e+00
1.179649473568458840e+00
1.023979391775076353e+00
9.938754613520992542e-01
1.035136885204134050e+00
9.653410846125650702e-01
9.440456617102487291e-01
9.349479441923733702e-01
8.435826389864080621e-01
7.645098191101545870e-01
7.387346030525259177e-01
7.197407338294510293e-01
6.793701993988354726e-01
6.513251191137738871e-01
6.410621521413051305e-01
6.178547895515505983e-01
5.890362447291602743e-01
5.767490443127221145e-01
5.591632925281824207e-01
5.405603986906015734e-01
5.344357262313845780e-01
5.269527848739126163e-01
5.125086286178630601e-01
4.972741485469008849e-01
4.865103011804569610e-01
4.767769325808045022e-01
4.593025447885918933e-01
4.457315469628194138e-01
4.410397773946508893e-01
4.353035750021575501e-01
4.286828850172984540e-01
4.208293512204690501e-01
4.134943348419261033e-01
4.087704629981692150e-01
4.062601630070541425e-01
4.027321266901482399e-01
3.966491714151103576e-01
3.907849149658799703e-01
3.867196209678651631e-01
3.816706498665698999e-01
3.768571178545853662e-01
3.749536348045183765e-01
3.726627871941352033e-01
3.689144099402392185e-01
3.654746016652581364e-01
3.628897915917644879e-01
3.608247358637953761e-01
3.584470151355624301e-01
3.561822943645544526e-01
3.539907975037069887e-01
3.518988925484092256e-01
3.503867776462944450e-01
3.488609210724659127e-01
3.471318243884765620e-01
3.454638128257109253e-01
3.438360779320913663e-01
3.421032738635925163e-01
3.405114517735458035e-01
3.392885962065627092e-01
3.380629024896024681e-01
3.365763049114680605e-01
3.351928592522222528e-01
3.340868551444775569e-01
3.330042940926553063e-01
3.319469167693599454e-01
3.308348957216357134e-01
3.296531852757490499e-01
3.286244978750548218e-01
3.276783177783475498e-01
3.267001131021066707e-01
3.256966824856943887e-01
3.247608601591267519e-01
3.239362351830838982e-01
3.231281513680928086e-01
3.223323797585245787e-01
3.215680624222021500e-01
3.207955848133175469e-01
3.200155932905452971e-01
3.192602572352922774e-01
3.185296127105677888e-01
3.178227094736431613e-01
3.171527170389853989e-01
3.165176170024293079e-01
3.158881550056495957e-01
3.152516230448818568e-01
3.146328905453490421e-01
3.140246808744258100e-01
3.134406406178247284e-01
3.128985992347692591e-01
3.123589153928199025e-01
3.118206912399613673e-01
3.112922900706298623e-01
3.107704823320595056e-01
3.102646655080935068e-01
3.097757876843566516e-01
3.092969978751483606e-01
3.088231396393681938e-01
3.083583790583602768e-01
3.079093977972267582e-01
3.074704202819418253e-01
3.070347144377013615e-01
3.066083020913785706e-01
3.061928556550043146e-01
3.057841920728185947e-01
3.053571109509637393e-01
3.049494073710294906e-01
3.045467736666401248e-01
3.041436248154594235e-01
3.037348272531129600e-01
3.033146212669853847e-01
3.028722769016730654e-01
3.023988720110262207e-01
3.018713446395910882e-01
3.012546557008659587e-01
3.005045057969268352e-01
2.995475885438665387e-01
3.405443139351901904e-01
3.349323170544619144e-01
3.538524550601045426e-01
3.414020780285895174e-01
3.451922885607364155e-01
3.427788334163910378e-01
3.255435317583396659e-01
3.237130630329020375e-01
3.269512088524941795e-01
3.206884272393691893e-01
3.192160485304917361e-01
3.185243299784908944e-01
3.129094644331644748e-01
3.120920812124912125e-01
3.125869450972073582e-01
3.117010362144601032e-01
3.113008114881569144e-01
3.083249082549063269e-01
3.063240181135590268e-01
3.075609315713520031e-01
3.065080433896859580e-01
3.041933610560734746e-01
3.030270751021391096e-01
3.008700586017097889e-01
3.001852527911782476e-01
3.012309641904943880e-01
3.005910485220608663e-01
2.997209223191694694e-01
2.996307780661149889e-01
2.986421668970172805e-01
2.975576521328142654e-01
2.971704340412331113e-01
2.966481211144462171e-01
2.963744402619247209e-01
2.961526659964095476e-01
2.952824810529471877e-01
2.948179535689883224e-01
2.948467250481352497e-01
2.944413144664836390e-01
2.941355428582209663e-01
2.939269425163092420e-01
2.933597520387662416e-01
2.930581956026478974e-01
2.928718947464374334e-01
2.923804680174021398e-01
2.921285926201156458e-01
2.920484112032062929e-01
2.917276491795348092e-01
2.914372952474190148e-01
2.912657116934508350e-01
2.910218654081550005e-01
2.908042982020131451e-01
2.906042457578434934e-01
2.903355501426084784e-01
2.901221702798157387e-01
2.899474869663200005e-01
2.897246531583198004e-01
2.895219481580899590e-01
2.893442223316027295e-01
2.891629757788301003e-01
2.889987683633783444e-01
2.888189868879062483e-01
2.886363048827362832e-01
2.884780056375199075e-01
2.883013951975402223e-01
2.881226748063658860e-01
2.879653795681508810e-01
2.878015861289234811e-01
2.876430550420883137e-01
2.874955773350840182e-01
2.873375651150101295e-01
2.871872238311590220e-01
2.870485944166453196e-01
2.868970743478672647e-01
2.867470868770736203e-01
2.866086857937125698e-01
2.864673176899571461e-01
2.863284874103813604e-01
2.861925188481517224e-01
2.860518413951654848e-01
2.859181422356892321e-01
2.857912176759936917e-01
2.856606081566309685e-01
2.855318076114052861e-01
2.854046959028053720e-01
2.852761687319633199e-01
2.851515434691022088e-01
2.850290743058865317e-01
2.849067283089275482e-01
2.847875379642612614e-01
2.846686890943960768e-01
2.845490066056799994e-01
2.844325127973906797e-01
2.843180778838989009e-01
2.842038388569702034e-01
2.840909152897485024e-01
2.839784808620259282e-01
2.838668665107945133e-01
2.837575085836003819e-01
2.836491523181500218e-01
2.835412618075217606e-01
2.834345907515405383e-01
2.833288786463040720e-01
2.832242758616370093e-01
2.831207965378138569e-01
2.830181526348958254e-01
2.829165539236148108e-01
2.828156539341908360e-01
2.827154851896907517e-01
2.826165931692690148e-01
2.825186311560538011e-01
2.824213824855855148e-01
2.823250730984215862e-01
2.822294639665774985e-01
2.821346493763391416e-01
2.820409160474002253e-01
2.819479247471269323e-01
2.818555921790981689e-01
2.817641350961215263e-01
2.816734058814781561e-01
2.815833906715805579e-01
2.814942051190169048e-01
2.814057379299621520e-01
2.813180121761318375e-01
2.812310402407746102e-01
2.811447076840647985e-01
2.810590797082154202e-01
2.809741771784545206e-01
2.808899391102921417e-01
2.808063908173238366e-01
2.807234971640441001e-01
2.806412314415432929e-01
2.805596386541993059e-01
2.804786877566330938e-01
2.803983498349212344e-01
2.803186457088791550e-01
2.802395541581804150e-01
2.801610602181355270e-01
2.800831719437216760e-01
2.800058764783306398e-01
2.799291650263876496e-01
2.798530310048171765e-01
2.797774591966479818e-01
2.797024508647644181e-01
2.796280039830844610e-01
2.795541073201429083e-01
2.794807557880412685e-01
2.794079369770000598e-01
2.793356467281784550e-01
2.792638855151089450e-01
2.791926396203716632e-01
2.791219044100226032e-01
2.790516789159613320e-01
2.789819518699636625e-01
2.789127198328309465e-01
2.788439788744422332e-01
2.787757194042543851e-01
2.787079391533131556e-01
2.786406330642108298e-01
2.785737928231918348e-01
2.785074157564392250e-01
2.784414970446563720e-01
2.783760299145338624e-01
2.783110107131281374e-01
2.782464342107355826e-01
2.781822953117243924e-01
2.781185904859204139e-01
2.780553140465126805e-01
2.779924611878293317e-01
2.779300283048423692e-01
2.778680105164532677e-01
2.778064034946437499e-01
2.777452029799900579e-01
2.776844043881140367e-01
2.776240040371129036e-01
2.775639977664363656e-01
2.775043812350372896e-01
2.774451506656811506e-01
2.773863019336553215e-01
2.773278311390184880e-01
2.772697346116599348e-01
2.772120084548784780e-01
2.771546490238927518e-01
2.770976526363039261e-01
2.770410154760958310e-01
2.769847340585770423e-01
2.769288048974926641e-01
2.768732244713139612e-01
2.768179893756913534e-01
2.767630961190288286e-01
2.767085413784278747e-01
2.766543219306410450e-01
2.766004344099602386e-01
2.765468756094662250e-01
2.764936423824516654e-01
2.764294543536312543e-01
2.763739260338946013e-01
2.763175718482301924e-01
2.762583004178736368e-01
2.761948699359587645e-01
2.761264210176619383e-01
2.760490370172172248e-01
2.759583240800859705e-01
2.758478664692101123e-01
2.757065229596982747e-01
2.755184221442149584e-01
2.752595007638629632e-01
2.860058546751339525e-01
2.858689412639690008e-01
2.878851229745794660e-01
2.842311615346778675e-01
2.890664675662337202e-01
2.860205426276649643e-01
2.810480885652945071e-01
2.837266774596038377e-01
2.823313450340612651e-01
2.805078660353614861e-01
2.816117379005909083e-01
2.792381664405219066e-01
2.790273678165161031e-01
2.802367137614186765e-01
2.790299573132452582e-01
2.790012100002735029e-01
2.787332499513065498e-01
2.776460475723906973e-01
2.781295836197202886e-01
2.779811199830134472e-01
2.770819866338624093e-01
2.770292659042048466e-01
2.765589720797771989e-01
2.761230716417307773e-01
2.765340736123468868e-01
2.765345826607492619e-01
2.762012084860876460e-01
2.761687834320974422e-01
2.759174990747534917e-01
2.755798913524149518e-01
2.755934403651149056e-01
2.755512212714362197e-01
2.753206005457039529e-01
2.752285320622818166e-01
2.751740751680897268e-01
2.750033049136402785e-01
2.749797273161043720e-01
2.750089696289060304e-01
2.748467920837008860e-01
2.747515294577447253e-01
2.747050397317708503e-01
2.745556790899584820e-01
2.745205826130806548e-01
2.744955938196430578e-01
2.743766837341179432e-01
2.743393267438371530e-01
2.742933229379418414e-01
2.742117382318813856e-01
2.741965228899626572e-01
2.741347501189516089e-01
2.740516893978285351e-01
2.740216636343449919e-01
2.739561476815364216e-01
2.739005959601260587e-01
2.738782387528770901e-01
2.738108692229148655e-01
2.737579532376714919e-01
2.737297519252940292e-01
2.736740606587074742e-01
2.736379469454657820e-01
2.736051780008428302e-01
2.735463516926692207e-01
2.735047699606729665e-01
2.734667042639865597e-01
2.734182074064435142e-01
2.733826618864626523e-01
2.733437465624657392e-01
2.732985917154583388e-01
2.732630489877445612e-01
2.732251697690309955e-01
2.731844784622696753e-01
2.731481396616476931e-01
2.731088657498278449e-01
2.730692985510251303e-01
2.730333281448579230e-01
2.729961227229532605e-01
2.729588962122679874e-01
2.729230946892989840e-01
2.728868383046181290e-01
2.728505201182810924e-01
2.728150968251822350e-01
2.727798237149038907e-01
2.727442836813663840e-01
2.727095367670158144e-01
2.726748671360216258e-01
2.726397192585106044e-01
2.726055162041534086e-01
2.725715779559151897e-01
2.725375012610805059e-01
2.725041643952609838e-01
2.724705707757818507e-01
2.724369118796197142e-01
2.724039912907521566e-01
2.723709391345762176e-01
2.723381125245554202e-01
2.723057145560099368e-01
2.722729595556425131e-01
2.722406224938099806e-01
2.722087140994909893e-01
2.721766131687324841e-01
2.721449368658999668e-01
2.721133592284488145e-01
2.720816457982584424e-01
2.720504348304119135e-01
2.720193212645890535e-01
2.719881856883431537e-01
2.719573925064422415e-01
2.719266050537311186e-01
2.718959164592170685e-01
2.718655548978651249e-01
2.718352385209546473e-01
2.718050307833660417e-01
2.717750216928779272e-01
2.717450718632177242e-01
2.717152815375695751e-01
2.716856624606873716e-01
2.716561299833643583e-01
2.716267333995694422e-01
2.715974629537313279e-01
2.715683088667012468e-01
2.715392951712696790e-01
2.715104023393526966e-01
2.714816277100698949e-01
2.714529717333592496e-01
2.714244297802883565e-01
2.713960079175479212e-01
2.713677050582429806e-01
2.713395159885475527e-01
2.713114367464768972e-01
2.712834713436426126e-01
2.712556177061964391e-01
2.712278724855213818e-01
2.712002429686395377e-01
2.711727202975874329e-01
2.711452985820683725e-01
2.711179886556270291e-01
2.710907812006477791e-01
2.710636752188538279e-01
2.710366800529685483e-01
2.710097824599640992e-01
2.709829838986231865e-01
2.709562907768969797e-01
2.709296928859043496e-01
2.709031950967222269e-01
2.708767981866991859e-01
2.708504936887434211e-01
2.708242864771874814e-01
2.707981755127262247e-01
2.707721569150660090e-01
2.707462337036837807e-01
2.707204025952627546e-01
2.706946620534995684e-01
2.706690140387986721e-01
2.706434558948009328e-01
2.706179874082811909e-01
2.705926082992453074e-01
2.705673161362210921e-01
2.705421114464899857e-01
2.705169937174319861e-01
2.704919615698567759e-01
2.704670149152349490e-01
2.704421525242923785e-01
2.704173735834659587e-01
2.703926779294282268e-01
2.703680646953583455e-01
2.703435331593937452e-01
2.703190827323732615e-01
2.702947126250068721e-01
2.702704221951600649e-01
2.702462109538331103e-01
2.702220782174187264e-01
2.701980232521645764e-01
2.701740455632802851e-01
2.701501445119141587e-01
2.701263194423484393e-01
2.701025698932598695e-01
2.700787618169665505e-01
2.700551347282162951e-01
2.700315573251522716e-01
2.700080200077226711e-01
2.699845079055568919e-01
2.699609963213157049e-01
2.699374462308510303e-01
2.699138016553890296e-01
2.698899737231458262e-01
2.698658261184586626e-01
2.698411508775724332e-01
2.698156269749724112e-01
2.697887620857005730e-01
2.697597975563346129e-01
2.697275620009976782e-01
2.696902467469938225e-01
2.696450536449467306e-01
2.695876519015603656e-01
2.695113333260703570e-01
2.694057025537672789e-01
2.692546641615530256e-01
2.690333539586039491e-01
2.687035612660662043e-01
2.866212684809797961e-01
2.900101648814592536e-01
4.543748770878045518e-01
4.496628689421249270e-01
4.569283777994539997e-01
4.496995324341219735e-01
2.857319688108546640e-01
2.836716068698333371e-01
2.842861974833148508e-01
2.825764836715483064e-01
2.822630133036666544e-01
2.798984905994566508e-01
2.777604604303282043e-01
2.797141779837535869e-01
2.792403333073147365e-01
2.765026275215534679e-01
2.772316675675753905e-01
2.759754168645102146e-01
2.747466962682755254e-01
2.759502633440821251e-01
2.738328156662552249e-01
2.726918424580210276e-01
2.734697369838764436e-01
2.722709151986088538e-01
2.729462097599305581e-01
2.732123975989053655e-01
2.719464039170084169e-01
2.720588964804484533e-01
2.713394144804027186e-01
2.709933486466281072e-01
2.715040457751073388e-01
2.707923399042304613e-01
2.706984940603081591e-01
2.707419883426643303e-01
2.701366109211149613e-01
2.705155961194617431e-01
2.704594170897866023e-01
2.699692616678024404e-01
2.701252903856931065e-01
2.698370147087259530e-01
2.695991038471966528e-01
2.698043852383819052e-01
2.696304231635364701e-01
2.694946214496706238e-01
2.695083260203523512e-01
2.693809502546200552e-01
2.693606757327421386e-01
2.693343162969937254e-01
2.692340950805219846e-01
2.691702792376921005e-01
2.691098575740569210e-01
2.690723721538078594e-01
2.690363174417874093e-01
2.689871647403715427e-01
2.689403419241526705e-01
2.688989090612183275e-01
2.688739520504040970e-01
2.688497935219710255e-01
2.688157581646046790e-01
2.687660264328640691e-01
2.687199236996321017e-01
2.686999552525614066e-01
2.686667298949860783e-01
2.686361065603565801e-01
2.686148824337590280e-01
2.685749714508309793e-01
2.685533037285660063e-01
2.685330448007420823e-01
2.684962116678415445e-01
2.684771127285528469e-01
2.684467628033834208e-01
2.684143958190581825e-01
2.684000575364174357e-01
2.683711339574251231e-01
2.683462054190390300e-01
2.683274148368995360e-01
2.682979201031252536e-01
2.682780657878400810e-01
2.682561670257317399e-01
2.682294915873005836e-01
2.682110703029849663e-01
2.681873305367111771e-01
2.681637236180396955e-01
2.681444927240404508e-01
2.681210293985323845e-01
2.681004520492210053e-01
2.680801226039897234e-01
2.680576293743818783e-01
2.680378575487102344e-01
2.680165614682896713e-01
2.679953792717241212e-01
2.679757953819988936e-01
2.679545919156255396e-01
2.679343194116015070e-01
2.679145907221340828e-01
2.678942332628049816e-01
2.678755720351121972e-01
2.678555305436686740e-01
2.678354695685211673e-01
2.678161032390556362e-01
2.677965499561668627e-01
2.677770330209262029e-01
2.677576302865790070e-01
2.677381074260802851e-01
2.677188442545403446e-01
2.676998123091212101e-01
2.676807135895571954e-01
2.676616666678302003e-01
2.676426903854346451e-01
2.676237033945632060e-01
2.676049315834926889e-01
2.675862327999505297e-01
2.675674214391373096e-01
2.675488086722105363e-01
2.675302324290604883e-01
2.675116443678813294e-01
2.674932572868170544e-01
2.674748218027476199e-01
2.674564255649820033e-01
2.674381787484431117e-01
2.674199012569249412e-01
2.674017177179197069e-01
2.673835878629958751e-01
2.673654563234457715e-01
2.673474275841163372e-01
2.673294228636547976e-01
2.673114768905550109e-01
2.672935967139626889e-01
2.672757186227018300e-01
2.672579231780305431e-01
2.672401613886735694e-01
2.672224265895912776e-01
2.672047726732517114e-01
2.671871306920660105e-01
2.671695339632647603e-01
2.671519970325739735e-01
2.671344779271230818e-01
2.671170184489826682e-01
2.670995992075592129e-01
2.670822054132580559e-01
2.670648638222753446e-01
2.670475552268382624e-01
2.670302839646649384e-01
2.670130556732334126e-01
2.669958588285026302e-01
2.669787014355645693e-01
2.669615807519231665e-01
2.669444960843004866e-01
2.669274495089414279e-01
2.669104349386601793e-01
2.668934554537504278e-01
2.668765115644546881e-01
2.668596013306826498e-01
2.668427259960605147e-01
2.668258833641694583e-01
2.668090729794330707e-01
2.667922958470454464e-01
2.667755515305142433e-01
2.667588393418118820e-01
2.667421590882052551e-01
2.667255100131090684e-01
2.667088916462985737e-01
2.666923047656664103e-01
2.666757482514363620e-01
2.666592217449510471e-01
2.666427255256317297e-01
2.666262585652475203e-01
2.666098215228364099e-01
2.665934138060938596e-01
2.665770344180056206e-01
2.665606840322221616e-01
2.665443617123044451e-01
2.665280674675918338e-01
2.665118015183418620e-01
2.664955627959058049e-01
2.664793515762055032e-01
2.664631675017459234e-01
2.664470101526790757e-01
2.664308797822292352e-01
2.664147756641702114e-01
2.663986977452326155e-01
2.663826459453695339e-01
2.663666197643853595e-01
2.663506192619788937e-01
2.663346440736121812e-01
2.663186939728973135e-01
2.663027689021317812e-01
2.662868684885846271e-01
2.662709926618986866e-01
2.662551411837330573e-01
2.662393137778871210e-01
2.662235103755763443e-01
2.662077307063597242e-01
2.661919746060429359e-01
2.661762419175255356e-01
2.661605323999406414e-01
2.661448459243708764e-01
2.661291822888516290e-01
2.661135413133897121e-01
2.660979228550668929e-01
2.660823267046565910e-01
2.660667527012633982e-01
2.660512006880932923e-01
2.660356704869903943e-01
2.660201619466757705e-01
2.660046749034676861e-01
2.659892091852847917e-01
2.659737646407789868e-01
2.659583411149699650e-01
2.659429384486987624e-01
2.659275564945156600e-01
2.659121950968285630e-01
2.658968541016124565e-01
2.658815333677569392e-01
2.658662327452884222e-01
2.658509520887081812e-01
2.658356912550906559e-01
2.658204500998293529e-01
2.658052284861484038e-01
2.657900262722358575e-01
2.657748433205010530e-01
2.657596794946029961e-01
2.657445346561155275e-01
2.657294086756720741e-01
2.657143014189221608e-01
2.656992127539722359e-01
2.656841425529898881e-01
2.656690906835013077e-01
2.656540570205929708e-01
2.656390414382225895e-01
2.656240438090675116e-01
2.656090640113157320e-01
2.655941019204888232e-01
2.655791574150755396e-01
2.655642303755465505e-01
2.655493206812357121e-01
2.655344282145228885e-01
2.655195528574210151e-01
2.655046944936034770e-01
2.654898530083852348e-01
2.654750282868341138e-01
2.654602202160317170e-01
2.654454286833242693e-01
2.654306535772200659e-01
2.654158947877842678e-01
2.654011522052669991e-01
2.653864257212593114e-01
2.653717152280199443e-01
2.653570206186342539e-01
2.653423417875337975e-01
2.653276786296849266e-01
2.653130310409417825e-01
2.652983989179890090e-01
2.652837821583008404e-01
2.652691806603958979e-01
2.652545943235464776e-01
2.652400230477455212e-01
2.652254667337622385e-01
2.652109252831350017e-01
2.651963985982357941e-01
2.651818865822619387e-01
2.651673891390924909e-01
2.651529061733349790e-01
2.651384375903635959e-01
2.651239832962561382e-01
2.651095431978650607e-01
2.650951172027173897e-01
2.650807052190038426e-01
2.650663071556583761e-01
2.650519229222664808e-01
2.650375524291208040e-01
2.650231955871764633e-01
2.650088523080226244e-01
2.649945225039451735e-01
2.649802060878568288e-01
2.649659029733251181e-01
2.649516130745498965e-01
2.649373363063408093e-01
2.649230725841578149e-01
2.649088218240592818e-01
2.648945839427175875e-01
2.648803588574080159e-01
2.648661464859952686e-01
2.648519467469648836e-01
2.648377595593831013e-01
2.648235848428877603e-01
2.648094225176944594e-01
2.647952725045822353e-01
2.647811347249185987e-01
2.647670091006331106e-01
2.647528955542093332e-01
2.647387940086834979e-01
2.647247043876364003e-01
2.647106266152046139e-01
2.646965606160682771e-01
2.646825063154431001e-01
2.646684636390762568e-01
2.646544325132490494e-01
2.646404128647714682e-01
2.646264046209786391e-01
2.646124077097231631e-01
2.645984220593742275e-01
2.645844475988193834e-01
2.645704842574596594e-01
2.645565319652052882e-01
2.645425906524684900e-01
2.645286602501644713e-01
2.645147406897114806e-01
2.645008319030300870e-01
2.644869338225344091e-01
2.644730463811283960e-01
2.644591695122094910e-01
2.644453031496669659e-01
2.644314472278791461e-01
2.644176016817074704e-01
2.644037664464933268e-01
2.643899414580604956e-01
2.643761266527154818e-01
2.643623219672452396e-01
2.643485273389091228e-01
2.643347427054376086e-01
2.643209680050374044e-01
2.643072031763854524e-01
2.642934481586306505e-01
2.642797028913925206e-01
2.642659673147510491e-01
2.642522413692515726e-01
2.642385249959073867e-01
2.642248181361926962e-01
2.642111207320432253e-01
2.641974327258524990e-01
2.641837540604708989e-01
2.641700846792076618e-01
2.641564245258291033e-01
2.641427735445524005e-01
2.641291316800477573e-01
2.641154988774359613e-01
2.641018750822883288e-01
2.640882602406241508e-01
2.640746542989071965e-01
2.640610572040478221e-01
2.640474689033969202e-01
2.640338893447496948e-01
2.640203184763386668e-01
2.640067562468353946e-01
2.639932026053456449e-01
2.639796575014093927e-01
2.639661208850000440e-01
2.639525927065201616e-01
2.639390729167980787e-01
2.639255614670880101e-01
2.639120583090670547e-01
2.638985633948325304e-01
2.638850766769001988e-01
2.638715981081987128e-01
2.638581276420697841e-01
2.638446652322640196e-01
2.638312108329370909e-01
2.638177643986490684e-01
2.638043258843582040e-01
2.637908952454183220e-01
2.637774724375747115e-01
2.637640574169620722e-01
2.637506501401014614e-01
2.637372505638895803e-01
2.637238586456015499e-01
2.637104743428842490e-01
2.636970976137508194e-01
2.636718178286012737e-01
2.636529764247819152e-01
2.636332678274397878e-01
2.636086085422036929e-01
2.635768280098294558e-01
2.637684108910283154e-01
2.636484647026376416e-01
2.636300842820599732e-01
2.636179326482909202e-01
2.635931018912733848e-01
2.635564695092104115e-01
2.635070475163456827e-01
2.637104479366084719e-01
2.635321763555552588e-01
2.636202221197244677e-01
2.635575831656538082e-01
2.635195120745559283e-01
2.635235663577181198e-01
2.635063624323011333e-01
2.634787056677125872e-01
2.634533214250416866e-01
2.634480290133020541e-01
2.634391828437115390e-01
2.633924725894568608e-01
2.634058563124692109e-01
2.633778219975481116e-01
2.633654495987910460e-01
2.633451465658140922e-01
2.633355159758532515e-01
2.633192834235048574e-01
2.632899399163469711e-01
2.632779647608520790e-01
2.632666247278354632e-01
2.632329050986688124e-01
2.632102189638185763e-01
2.631723638059184633e-01
2.633864835131746185e-01
2.632420603517514612e-01
2.632270827616571829e-01
2.632699615255147951e-01
2.631265193167315886e-01
2.631972650680077797e-01
2.631634813618512481e-01
2.631639962231700491e-01
2.631386076783511774e-01
2.631323255518542847e-01
2.631006206620333798e-01
2.630948441465225662e-01
2.630804878105140188e-01
2.630562332645546286e-01
2.630501676206748463e-01
2.630304516774000234e-01
2.630190363052008484e-01
2.629836855665954598e-01
2.629551351187570107e-01
2.629435012197781085e-01
2.628950726345685163e-01
2.631460297467022036e-01
2.631006413686914902e-01
2.630035698807998701e-01
2.630048640498032220e-01
2.629498989177629920e-01
2.629246696446911336e-01
2.628869623840074388e-01
2.629630105613407487e-01
2.628817775681677738e-01
2.629115971307646182e-01
2.628806741191496155e-01
2.628321652028626221e-01
2.628386662201463997e-01
2.628327584284804175e-01
2.627796745009974844e-01
2.627875176590008799e-01
2.627597918445693237e-01
2.627612781740977788e-01
2.627193618679810605e-01
2.627105068492683326e-01
2.626906380280062958e-01
2.626651352698617936e-01
2.626453031980868769e-01
2.626208143670548667e-01
2.625843569016693690e-01
2.625360496621085282e-01
2.631140221216095032e-01
2.628768525305756887e-01
2.629078597164959952e-01
2.627717491161997709e-01
2.627536687246864178e-01
2.627081943018599319e-01
2.627435600214957367e-01
2.626499989651593925e-01
2.626344220351572445e-01
2.626724762265546520e-01
2.625442845171596096e-01
2.625805767244068223e-01
2.625508136738020637e-01
2.625324524872661436e-01
2.624978387799457025e-01
2.624659632107865237e-01
2.624901495113339811e-01
2.624405236274204301e-01
2.624217525854025679e-01
2.624208781670434587e-01
2.623838101035010917e-01
2.623832736689546419e-01
2.623508119316695364e-01
2.623502591860681354e-01
2.623266631667547921e-01
2.623005340971412136e-01
2.623071985594833677e-01
2.622806023042495438e-01
2.622616606205997458e-01
2.622508110376886026e-01
2.622335034471867665e-01
2.622182084493295262e-01
2.621903415451941610e-01
2.621757213018462429e-01
2.621459566920620876e-01
2.621060015183022673e-01
2.620599420760227893e-01
2.619851430540630632e-01
2.618781522324445943e-01
2.650805019231918802e-01
2.667116146082351702e-01
2.655536755302946306e-01
2.671998677756401985e-01
2.647510668039863013e-01
2.656469684374274109e-01
2.645083243183720123e-01
2.648348056474852941e-01
2.646998664157416137e-01
2.640076896913944871e-01
2.639355183216971490e-01
2.634825867547511136e-01
2.632800167340286768e-01
2.635089892913793364e-01
2.629399675468049868e-01
2.632469200264085929e-01
2.629588187936892085e-01
2.629455487089203958e-01
2.629980748533306545e-01
2.626258322132652423e-01
2.627178013261227685e-01
2.624324508242780740e-01
2.624603453349781956e-01
2.624624216536473043e-01
2.622037509544571376e-01
2.623828304098954067e-01
2.621635861228376330e-01
2.623111032994506209e-01
2.621127079419401373e-01
2.621155821947332987e-01
2.620623417431425795e-01
2.619641318184451340e-01
2.620154462638893955e-01
2.619120408783042753e-01
2.619420436407101649e-01
2.618754449884289626e-01
2.618482258728446199e-01
2.618561870589857787e-01
2.617800384813429027e-01
2.618102721401031063e-01
2.617495693281212121e-01
2.617397036328398263e-01
2.617113193604350130e-01
2.616900727568031715e-01
2.616819426447595243e-01
2.616536826566769891e-01
2.616289518789302604e-01
2.616190418765538261e-01
2.615947837909278206e-01
2.615834895784624470e-01
2.615654881196106119e-01
2.615444215121782712e-01
2.615298679719445518e-01
2.615105151765604319e-01
2.615018610055802606e-01
2.614843123340725994e-01
2.614667812530020452e-01
2.614527005799520132e-01
2.614350056553251256e-01
2.614258386720827998e-01
2.614061866352429542e-01
2.613957377277112415e-01
2.613779004988014409e-01
2.613656831543819115e-01
2.613528248823823730e-01
2.613361829170812167e-01
2.613251195182554887e-01
2.613084155429593602e-01
2.612967982859084048e-01
2.612818380596269030e-01
2.612682285548734162e-01
2.612559837539708552e-01
2.612411710677556842e-01
2.612291617507110364e-01
2.612151600232273108e-01
2.612025057502041503e-01
2.611890187007542830e-01
2.611758642933342811e-01
2.611635992844734688e-01
2.611507925952135656e-01
2.611386315825030557e-01
2.611263254904181985e-01
2.611147288104238573e-01
2.611036817738340288e-01
2.610934555347380615e-01
2.610840921667488823e-01
2.610760759003196707e-01
2.610699872150548106e-01
2.610669076110401221e-01
2.610672992533498160e-01
2.610732681846696934e-01
2.610863735387888296e-01
2.611102646803209471e-01
2.611479729959905183e-01
2.612050019879550988e-01
2.612856847951530170e-01
2.613968754010388973e-01
2.615380200609453420e-01
2.617084776918882638e-01
2.618833890787522489e-01
2.620376885638768805e-01
2.621073844110927697e-01
2.620556206732869708e-01
2.618464550672239266e-01
2.615287845086254337e-01
2.611834416147936766e-01
2.609157838663665463e-01
2.607888758454597333e-01
2.608056820226986039e-01
2.609163498586999363e-01
2.610461003505475941e-01
2.611276801505300060e-01
2.611208334687542543e-01
2.610302207507013694e-01
2.608924049006436929e-01
2.607614361880636888e-01
2.606786895228927481e-01
2.606585264697907633e-01
2.606867908768674136e-01
2.607326980528443250e-01
2.607649811619164870e-01
2.607636263538286592e-01
2.607270345461710770e-01
2.606678440559962451e-01
2.606066765234107407e-01
2.605609052711059803e-01
2.605385914359598654e-01
2.605368996927633907e-01
2.605457026871426107e-01
2.605531382273985619e-01
2.605503384439911696e-01
2.605343161512801986e-01
2.605075145235151712e-01
2.604761542260544127e-01
2.604468861628503884e-01
2.604244224585482437e-01
2.604101073498932273e-01
2.604022086140071468e-01
2.603971938441712597e-01
2.603913607897528903e-01
2.603821296680320918e-01
2.603685722336699371e-01
2.603514032954544755e-01
2.603323028526638994e-01
2.603132661472181697e-01
2.602958564940495712e-01
2.602808577074487983e-01
2.602681924818263104e-01
2.602571444179121452e-01
2.602467160068301366e-01
2.602359708817277850e-01
2.602242808636464622e-01
2.602114010692018198e-01
2.601974540108933365e-01
2.601827955897469957e-01
2.601678862566829675e-01
2.601531489601475733e-01
2.601388803376121217e-01
2.601252096161112970e-01
2.601121074994123816e-01
2.600994335447166517e-01
2.600869942698454396e-01
2.600745970816661368e-01
2.600620879185897016e-01
2.600493688215672061e-01
2.600364012199918307e-01
2.600231983618961351e-01
2.600098094460971954e-01
2.599963027475059030e-01
2.599827478255876678e-01
2.599692036555636965e-01
2.599557120178100922e-01
2.599422961627856354e-01
2.599289635233070217e-01
2.599157086401482353e-01
2.599025178640435030e-01
2.598893727326132552e-01
2.598762538558694879e-01
2.598631434709096633e-01
2.598500272054413696e-01
2.598368949919259707e-01
2.598237403110592592e-01
2.598105601404632203e-01
2.597973533477215824e-01
2.597841210621621988e-01
2.597708651575376670e-01
2.597575888431036262e-01
2.597442950658008232e-01
2.597309872896514937e-01
2.597176681752826899e-01
2.597043407360486444e-01
2.596910073860170254e-01
2.596776711869954735e-01
2.596513952193590935e-01
2.596308443240173958e-01
2.596091992909059787e-01
2.595799490825092537e-01
2.597285890623914351e-01
2.596593518580860849e-01
2.596185657733068863e-01
2.596222512776312219e-01
2.595535180735641934e-01
2.595220539292682482e-01
2.597546628437094052e-01
2.595945390403571751e-01
2.596811519877326169e-01
2.596288145163302974e-01
2.596231633628047764e-01
2.596525455283983375e-01
2.596776779470107432e-01
2.596811767710257013e-01
2.597450635507504435e-01
2.598280141554554223e-01
2.598913796423609202e-01
2.600351544037934337e-01
2.601729660637622787e-01
2.603317870257050304e-01
2.604711540085574706e-01
2.606039990004568874e-01
2.606168916584383766e-01
2.605333983399719111e-01
2.603391486151899192e-01
2.600237963925747797e-01
2.597086530565698714e-01
2.594283522337498815e-01
2.592938452920197645e-01
2.592117739708469371e-01
2.592499335048181197e-01
2.593290870061993325e-01
2.594054505743171868e-01
2.597796474708027326e-01
2.598505526005553401e-01
2.596597650149023995e-01
2.595639472526499736e-01
2.594120327615597743e-01
2.592917990966972508e-01
2.592315032148911902e-01
2.591230443046073084e-01
2.592178361484328564e-01
2.591447970446137394e-01
2.592216203838813016e-01
2.591934239273217533e-01
2.592110725781239244e-01
2.591397845379840303e-01
2.591068395542456826e-01
2.590610354561177497e-01
2.589858202254753383e-01
2.589814908664352378e-01
2.589334733570229918e-01
2.589327038873311393e-01
2.589152962960451498e-01
2.589171737807086093e-01
2.589055977761953731e-01
2.588802045058081758e-01
2.588647549436944861e-01
2.588121001131708510e-01
2.587624564375065606e-01
2.590925581345672191e-01
2.591914776566302536e-01
2.589416316895268300e-01
2.589631208758236824e-01
2.589023627224017465e-01
2.588778891224141621e-01
2.588960777004717384e-01
2.587923955732381875e-01
2.588981102542440849e-01
2.587226601558631489e-01
2.588082739345848871e-01
2.587044445358349098e-01
2.587278976474632897e-01
2.586503499214176660e-01
2.586521169874467785e-01
2.586289666299970147e-01
2.585793946833236934e-01
2.586022793132720654e-01
2.585339000647163266e-01
2.585551390659257542e-01
2.585062565147239200e-01
2.585141603264623500e-01
2.584747034687806533e-01
2.584611510459225991e-01
2.584527503003716808e-01
2.584174027814691854e-01
2.584028595764287228e-01
2.583612299887929620e-01
2.583303054823457567e-01
2.582621673253422401e-01
2.590134866395815694e-01
2.590517436825117703e-01
2.589576521331375392e-01
2.587128218052776596e-01
2.587069538808514091e-01
2.586722445032286766e-01
2.587327600126184679e-01
2.584778288590696693e-01
2.587003221888246052e-01
2.584282907565469412e-01
2.585240595836676425e-01
2.584457199118760373e-01
2.584939802602788661e-01
2.583661855355503523e-01
2.584088850775939639e-01
2.584510679963259450e-01
2.583489068654768461e-01
2.584353231602108947e-01
2.583820608091100257e-01
2.584559824893600810e-01
2.584208009818940166e-01
2.585080821759216940e-01
2.585016751430648796e-01
2.585293451917246577e-01
2.586045383994593494e-01
2.586078080788830058e-01
2.586237258665478600e-01
2.586149760618077775e-01
2.586071669734489320e-01
2.585081843257547307e-01
2.584325726397809220e-01
2.583099618854114987e-01
2.581831139777936990e-01
2.580594459119135986e-01
2.579496746958955811e-01
2.578640462524585120e-01
2.577936930386406922e-01
2.577714108611504074e-01
2.577404500341027305e-01
2.577428518777695188e-01
2.577488605881571582e-01
2.577557958795208548e-01
2.577555267034578046e-01
2.577460504774172767e-01
2.577238811536988194e-01
2.576743916863416528e-01
2.576007016547120498e-01
2.587323158423890934e-01
2.594662214586743731e-01
2.588183887674510575e-01
2.588476914708056631e-01
2.585088270707184277e-01
2.587592520171128063e-01
2.585022492925033166e-01
2.582989370406242324e-01
2.584764429008951092e-01
2.578786698842800984e-01
2.581508923103295050e-01
2.578618293455569588e-01
2.579894346022564844e-01
2.575939426877614236e-01
2.578346982656009034e-01
2.576367477548716645e-01
2.576130575682616941e-01
2.575988055680364930e-01
2.575013806208134026e-01
2.575380192450997807e-01
2.574277527842227520e-01
2.575293704033870812e-01
2.573350330467372160e-01
2.574261515301364267e-01
2.573734374013865178e-01
2.573492766133382847e-01
2.572959730355776076e-01
2.573119215172930963e-01
2.572838835837687466e-01
2.572331563640292695e-01
2.572487595401492522e-01
2.571981029677569697e-01
2.572092991769029391e-01
2.571710130185412835e-01
2.571772235361062808e-01
2.571375572549984279e-01
2.571551817950076257e-01
2.571392419959958042e-01
2.571238203800894073e-01
2.571352457698608540e-01
2.571352178047218162e-01
2.571471223272400186e-01
2.571482467298338848e-01
2.571763376764290565e-01
2.571892097463004956e-01
2.572281704075104480e-01
2.572585638090632010e-01
2.572964866795267591e-01
2.573331177611573040e-01
2.573731723567246332e-01
2.573968727416667823e-01
2.574059461256782422e-01
2.573995989188990197e-01
2.573601365307167654e-01
2.572990927559974383e-01
2.572071369588312950e-01
2.570982066996152504e-01
2.569758240415011552e-01
2.568584267882347283e-01
2.567493467230917426e-01
2.566610041386289121e-01
2.565968556720200078e-01
2.565544300487742069e-01
2.565323103209174449e-01
2.565256860338461231e-01
2.565287519485854317e-01
2.565350712637387565e-01
2.565430183849232160e-01
2.565463448124168933e-01
2.565453500020466460e-01
2.565261481765049867e-01
2.565040133535108624e-01
2.564730830294494890e-01
2.564327965856433300e-01
2.563756513152274374e-01
2.566770325461265045e-01
2.566197981559984465e-01
2.565220531009339555e-01
2.564636973497066430e-01
2.563962468075833834e-01
2.563740532770439895e-01
2.563263299049324262e-01
2.562714100845462362e-01
2.563011489120803343e-01
2.564494946790828456e-01
2.564991153373144539e-01
2.564247685544616129e-01
2.564306645186295031e-01
2.563742749044564673e-01
2.563846495374446643e-01
2.563297701898159531e-01
2.563388356982468919e-01
2.562963970245294432e-01
2.562899917474233957e-01
2.562650058689290300e-01
2.562585093468585651e-01
2.562376168473581295e-01
2.562228831448727373e-01
2.562072125990809690e-01
2.562046910792287191e-01
2.561940144194688740e-01
2.563204692405776086e-01
2.564042484442015657e-01
2.563701685641990302e-01
2.564881651660408934e-01
2.565220296833492508e-01
2.565865963383092696e-01
2.568823422080814822e-01
2.568944413776376168e-01
2.570069780895198885e-01
2.570150711162143553e-01
2.569574532731723204e-01
2.568359160719326795e-01
2.566054205997763127e-01
2.562825465297640104e-01
2.560463032343309742e-01
2.557409934680782149e-01
2.555830089382857828e-01
2.554840969718364385e-01
2.554519324579330730e-01
2.554746836282679179e-01
2.555167825608151699e-01
2.555573905573486626e-01
2.555510623307460927e-01
2.555398861318746717e-01
2.554563287780083902e-01
2.553548895414109454e-01
2.552357520138761049e-01
2.551071071815126379e-01
2.549764201204845482e-01
2.548648669629537955e-01
2.547542412981949611e-01
2.549993405238196176e-01
2.550062514300118766e-01
2.547992541325882487e-01
2.547222299146529867e-01
2.546389135347280619e-01
2.545516244120998861e-01
2.544525414900479232e-01
2.543472786879540370e-01
2.542669234830539082e-01
2.541063469211620740e-01
2.540111515684064791e-01
2.538957490302048980e-01
2.537420707848840884e-01
2.536133724912101872e-01
2.534957606664260399e-01
2.533142068528438373e-01
2.532094197584900952e-01
2.530187979932344011e-01
2.528880710504305407e-01
2.527104012222983753e-01
2.525706990764051696e-01
2.523957070999658381e-01
2.522380722348073201e-01
2.520850365171444230e-01
2.519239705766447290e-01
2.517673999565672727e-01
2.516166536920163566e-01
2.514517396070425903e-01
2.518528894317615952e-01
2.518036889588776139e-01
2.516484474244346514e-01
2.514800179183950823e-01
2.514747352962091176e-01
2.514119542424009812e-01
2.514424658125964385e-01
2.514089891323013637e-01
2.515280774874004699e-01
2.515667834852781115e-01
2.517739812823726608e-01
2.519660606105710299e-01
2.522168874240662273e-01
2.525034934257546770e-01
2.528599999375423790e-01
2.529772011301437140e-01
2.531046600979678374e-01
2.528057958678696648e-01
2.523741175352016697e-01
2.516989778054429250e-01
2.511369046386384696e-01
2.507171146811831286e-01
2.505830033932987533e-01
2.506883625564004237e-01
2.508796448190806494e-01
2.511035747573204246e-01
2.512253250850980946e-01
2.511801447934299825e-01
2.510028447872635349e-01
2.507554899809587012e-01
2.505069509372682690e-01
2.503667606936064161e-01
2.503177013544525265e-01
2.503671392505807947e-01
2.504279310339475595e-01
2.504744694493016288e-01
2.508342768153724034e-01
2.508147283671822159e-01
2.506746270560316625e-01
2.505149061776484332e-01
2.504033704225987478e-01
2.503507737910315445e-01
2.502777984537132294e-01
2.502900778237122092e-01
2.503084643192285963e-01
2.502801086530516694e-01
2.502920861226600180e-01
2.502620330334590637e-01
2.501800759805420937e-01
2.501541586949802554e-01
2.501066989990892164e-01
2.500382022855486830e-01
2.500717859155269229e-01
2.500041898217900682e-01
2.500356626122645087e-01
2.500055632680224793e-01
2.500095549986793286e-01
2.499734028906200334e-01
2.499673314163441407e-01
2.499264839610771116e-01
2.499086506625650683e-01
2.498743642483305660e-01
2.498661642544539319e-01
2.498358897652759869e-01
2.498386847663560395e-01
2.498133155530482263e-01
2.498102539300612324e-01
2.497951211543099348e-01
2.497808348517547017e-01
2.497618390214953743e-01
2.497422543597665190e-01
2.497006777765503893e-01
2.496840383990002465e-01
2.496368889773919464e-01
2.498605082415814305e-01
2.498633055802287339e-01
2.497670623028354631e-01
2.498027066777818717e-01
2.497286293522751888e-01
2.497494304143571819e-01
2.496864802143646256e-01
2.497078402033036104e-01
2.496437633961434144e-01
2.496596327926901560e-01
2.495901391864852048e-01
2.496219559229731211e-01
2.495503843168708213e-01
2.495624510406239116e-01
2.495223711634956820e-01
2.495168442775357320e-01
2.494649024078404165e-01
2.494211144458196028e-01
2.495884874202923542e-01
2.494938415479492910e-01
2.495269964687389375e-01
2.494485336006325160e-01
2.494649152711620188e-01
2.494291972140902924e-01
2.494124175904579299e-01
2.494011718688745327e-01
2.493746756426040989e-01
2.493630961871776131e-01
2.493383541106531376e-01
2.493317067417027966e-01
2.493079548712184290e-01
2.492800749352281353e-01
2.492525302100783713e-01
2.493320390772527650e-01
2.492541352541464694e-01
2.492165074049512985e-01
2.492719645162694286e-01
2.492237433040477845e-01
2.492178867878671045e-01
2.492110104184837027e-01
2.491891027518630120e-01
2.491576939566663429e-01
2.491700958840715741e-01
2.491383850203634509e-01
2.491303147677204066e-01
2.491029173977143962e-01
2.491201899124124153e-01
2.491075574365853029e-01
2.490812685066414178e-01
2.490433555098278684e-01
2.490323803951850490e-01
2.489608981922131759e-01
2.494899710765928202e-01
2.498138534961370505e-01
2.493799776959802483e-01
2.494891374926110073e-01
2.493009702825249863e-01
2.493786461841413782e-01
2.492237009867350195e-01
2.492894675612968014e-01
2.491382969513626089e-01
2.491882985989501420e-01
2.490738640895732714e-01
2.491608095432428227e-01
2.489977458638811258e-01
2.490964250325717610e-01
2.490408127482523493e-01
2.490678468557374625e-01
2.490728294278704291e-01
2.491869147952350261e-01
2.492144383741301816e-01
2.494668136186113105e-01
2.496922758235600170e-01
2.500816620826538106e-01
2.506910202890466066e-01
2.513968218665963983e-01
2.522323502267920237e-01
2.700144779046685373e-01
2.534545972475344411e-01
2.531657142318731180e-01
2.519304144824335290e-01
2.503412571485045257e-01
2.491294970860978009e-01
2.487918122391919729e-01
2.492503628909891189e-01
2.500284335137646918e-01
2.505450324848095822e-01
2.504293822521683754e-01
2.497953797845247625e-01
2.490495261766056956e-01
2.486468995248471980e-01
2.487245054456981852e-01
2.490929938449243930e-01
2.493683147463811034e-01
2.493206359082711099e-01
2.494833342985138813e-01
2.493749948225569835e-01
2.488771643981165793e-01
2.488689500101787244e-01
2.489828064516835804e-01
2.491214462837786081e-01
2.490102103069966322e-01
2.490358018349375924e-01
2.486404862702348839e-01
2.486692992091213139e-01
2.485723831048604615e-01
2.486248576902625462e-01
2.486764297766845266e-01
2.486799053628186429e-01
2.485503828747121779e-01
2.485367663646365632e-01
2.483805164740628402e-01
2.484235909991630298e-01
2.483907146856813852e-01
2.484326467082919321e-01
2.484068547052788456e-01
2.483796489877619917e-01
2.483226673761961822e-01
2.482903330567001188e-01
2.482452304267948329e-01
2.482662264111412664e-01
2.482512250691407685e-01
2.482515821094269104e-01
2.482280538401287762e-01
2.482031784046994094e-01
2.481683599470990709e-01
2.481580404329593592e-01
2.481292323327707883e-01
2.481388729657917347e-01
2.481217187798825385e-01
2.481133647223071337e-01
2.480829441203939445e-01
2.480533508445298407e-01
2.480158942697779090e-01
2.479865814856369033e-01
2.479226020297738975e-01
2.486101925637028698e-01
2.494463500331756123e-01
2.487156486339844874e-01
2.487241556348611105e-01
2.486216504924277926e-01
2.487245716463695189e-01
2.483611390746814362e-01
2.486942971011112391e-01
2.481796296550244918e-01
2.484249013356730762e-01
2.482825540721919633e-01
2.482246058259750809e-01
2.481193496725612735e-01
2.482434567618898025e-01
2.480049704874333627e-01
2.481727969878089746e-01
2.479532230664040771e-01
2.480389332102453104e-01
2.479413446173822366e-01
2.479797435291344332e-01
2.478622637017667829e-01
2.479201611377767345e-01
2.478487494753818243e-01
2.478623148777667762e-01
2.477911981495181104e-01
2.478217837350291941e-01
2.477743705209855540e-01
2.477635051524719745e-01
2.477268882156573593e-01
2.477403403590600350e-01
2.640897691384487267e-01
2.477567826449581234e-01
2.477805031501243982e-01
2.478260749189763190e-01
2.477839729063875951e-01
2.477720764286139299e-01
2.477433462331209146e-01
2.477350722623422041e-01
2.476915179813082291e-01
2.476866070066334191e-01
2.476766459971024847e-01
2.476588122286635940e-01
2.476292103842803738e-01
2.476038179310945941e-01
2.475835303329544101e-01
2.475739428521734065e-01
2.475502062759820654e-01
2.475363454748292502e-01
2.475183641143320623e-01
2.474901111473565840e-01
2.474599565896822839e-01
2.474361440203685925e-01
2.473940009338962964e-01
2.473361410977752695e-01
2.481840700906896291e-01
2.491364199677357505e-01
2.483994970552825254e-01
2.484711797147095003e-01
2.481853676453048552e-01
2.484855139910113198e-01
2.479873191336337823e-01
2.483503926729692390e-01
2.478426167394384427e-01
2.479239998197838857e-01
2.479603434743203605e-01
2.477364728052278142e-01
2.476464955118087841e-01
2.477587513131986330e-01
2.475448602328249592e-01
2.475864862203131789e-01
2.475341448298507829e-01
2.474399997220116110e-01
2.474836185558755286e-01
2.474537910945320551e-01
2.473447206688202393e-01
2.474057290601874015e-01
2.473995358301809833e-01
2.472951253985171127e-01
2.473651714979247240e-01
2.473151321006558656e-01
2.473191775999622477e-01
2.472987799566969958e-01
2.473071797858057419e-01
2.472836768446402822e-01
2.473276230890192606e-01
2.472713901161428807e-01
2.473093245750734581e-01
2.473076253837651617e-01
2.473048922587310350e-01
2.472841984844055263e-01
2.473074822363554581e-01
2.472680949010649387e-01
2.472668569960866092e-01
2.472330869267229392e-01
2.472153082397518242e-01
2.471781054128167343e-01
2.471534402701153765e-01
2.471147459549157266e-01
2.471016073967011450e-01
2.470739610034367040e-01
2.470613535787802573e-01
2.470545108409091806e-01
2.470575499705505718e-01
2.470567312788855552e-01
2.470663529385322965e-01
2.470763864576254742e-01
2.470871055435700792e-01
2.470946781992759966e-01
2.471027864372948857e-01
2.471068017434769892e-01
2.629844213983403844e-01
2.471978837083083635e-01
2.472889634453714902e-01
2.473307061308392674e-01
2.473246747559583736e-01
2.473058924950635729e-01
2.472817989009428452e-01
2.472466694632259043e-01
2.472031538578238485e-01
2.471648608371990186e-01
2.471277629043124313e-01
2.470812933630490982e-01
2.470256163824164353e-01
2.469711991677930873e-01
2.469228207860937330e-01
2.468774120449377385e-01
2.468327702891867093e-01
2.467849981122300362e-01
2.467373463548800938e-01
2.466911120138060298e-01
2.466287012687014557e-01
2.465630542751309218e-01
2.464895155266440818e-01
2.471303984595266678e-01
2.479799563915507377e-01
2.473319227467351555e-01
2.473527653301018092e-01
2.471664372606130478e-01
2.474714784725929595e-01
2.470387181235409180e-01
2.472920270215261396e-01
2.471586017216487741e-01
2.470294425724936793e-01
2.472136647464448500e-01
2.470257915796695847e-01
2.470625542662245044e-01
2.470024922011511415e-01
2.470700066360375646e-01
2.468879029516330148e-01
2.470033211777675763e-01
2.468534850173272621e-01
2.469136348623251209e-01
2.467587614542582353e-01
2.467864245429080006e-01
2.466808778694695448e-01
2.466735532491195204e-01
2.465707416881299796e-01
2.465701680857362854e-01
2.464820688348539901e-01
2.464815389301424631e-01
2.464016070685911552e-01
2.463712654779844635e-01
2.463514696201112297e-01
2.463050638573224815e-01
2.462589606313440316e-01
2.462565257385585238e-01
2.462155409825789176e-01
2.461769992726958456e-01
2.461702888136260148e-01
2.461358859747307115e-01
2.461178770168100105e-01
2.460900294830337398e-01
2.460831414702641107e-01
2.460550217859394373e-01
2.460451893820443936e-01
2.460221023850710509e-01
2.460164835281761775e-01
2.459926128553788505e-01
2.459859074298677561e-01
2.459687217010229632e-01
2.459570706317433519e-01
2.459450337692755117e-01
2.459313797883865838e-01
2.459192422377505516e-01
2.459084633917966167e-01
2.458964940752323969e-01
2.613272466748299272e-01
2.459311487730890255e-01
2.459964198814421354e-01
2.460239599961430157e-01
2.460187146321195506e-01
2.460242357719368278e-01
2.460454491128073462e-01
2.460740075770659063e-01
2.461239600070767031e-01
2.461883565447714473e-01
2.463741313604860261e-01
2.464899553558049516e-01
2.466988872619463313e-01
2.469315319574031942e-01
2.473189667406990033e-01
2.476989877433706244e-01
2.481268021475722674e-01
2.484915367472259884e-01
2.487401669622884837e-01
2.487619041439346756e-01
2.485451686451073394e-01
2.480626118332963648e-01
2.474507663183633799e-01
2.468400295538340228e-01
2.463662256424635766e-01
2.462168435204949712e-01
2.461989715818272417e-01
2.462670762119104906e-01
2.463833314000936081e-01
2.466994327760661798e-01
2.469333117134102085e-01
2.465749724090054718e-01
2.464958004610998121e-01
2.461231431598789043e-01
2.460992866377270383e-01
2.459124345024532032e-01
2.458923724787165921e-01
2.459252136882913164e-01
2.459358065769654267e-01
2.459530905660981259e-01
2.458383106845562494e-01
2.458397543935066931e-01
2.456517757305284322e-01
2.456211136521231075e-01
2.455241958443560857e-01
2.455546067607847771e-01
2.454981435082894126e-01
2.455819640693132355e-01
2.455288228872065659e-01
2.455284173318998397e-01
2.454603803621845937e-01
2.454250881388376215e-01
2.453572937638817952e-01
2.453342267436023905e-01
2.453223704866061838e-01
2.453049928399635704e-01
2.452999801943041847e-01
2.452808222778804781e-01
2.452589316932601293e-01
2.454977552544290176e-01
2.456784570892537323e-01
2.453909636357834434e-01
2.454765254494593596e-01
2.453221355207825249e-01
2.454760961901251148e-01
2.453040042982987945e-01
2.453163586031930354e-01
2.453373665522536051e-01
2.452756019821538680e-01
2.452318950567608791e-01
2.451605276464942917e-01
2.452238679713441283e-01
2.450981776254199107e-01
2.451416760955340557e-01
2.451100055138830669e-01
2.451199530351325373e-01
2.601234650485858557e-01
2.451260297139720989e-01
2.451763025294565468e-01
2.451839116961649634e-01
2.451516891287525424e-01
2.451234991640972027e-01
2.451084162663109967e-01
2.450411146537511686e-01
2.450363363825848184e-01
2.449862700642652935e-01
2.452110691905722561e-01
2.453139367427632223e-01
2.451628344694418149e-01
2.451173252984535089e-01
2.451167804286342733e-01
2.451202921994505290e-01
2.450511762030842533e-01
2.449683137332761829e-01
2.450109451017219442e-01
2.449698612874906534e-01
2.449468366086112736e-01
2.448804759971895950e-01
2.449082488873707275e-01
2.448481863789080393e-01
2.448203809678946297e-01
2.448168529474750443e-01
2.447885412296969543e-01
2.447901202803544896e-01
2.447440014433577560e-01
2.447386388759884568e-01
2.447334699949392234e-01
2.447034385780195165e-01
2.446942681348636128e-01
2.446405287667706152e-01
2.446264369890507329e-01
2.449063909531432048e-01
2.452314533015457210e-01
2.450646348176868106e-01
2.450086631364010448e-01
2.448198126441388789e-01
2.450039612480102991e-01
2.448866370871896070e-01
2.447969641967158994e-01
2.447832147118303991e-01
2.448094624093916372e-01
2.448073676489593842e-01
2.446331785323936636e-01
2.447276345502516770e-01
2.446554246818207212e-01
2.446576791956521779e-01
2.445905720551499463e-01
2.446198245163948015e-01
2.446002845136394654e-01
2.445868912900517889e-01
2.445353524237277587e-01
2.445736402233989470e-01
2.445671426610678822e-01
2.445407799107080504e-01
2.445771563679995098e-01
2.445897406512199668e-01
2.446398239344709236e-01
2.446517419388694603e-01
2.447091458120350671e-01
2.448055945657376664e-01
2.448779337939416267e-01
2.454041757644948862e-01
2.461034729330964232e-01
2.462918412166901216e-01
2.465038306987607231e-01
2.465754384205013638e-01
2.470559939514732628e-01
2.618461198064002682e-01
2.470083270927063146e-01
2.468950213054356968e-01
2.466806021851945252e-01
2.463950096732975270e-01
2.458269348616946848e-01
2.456155640587744937e-01
2.454168641819156615e-01
2.453351753005520719e-01
2.451964551425490912e-01
2.451055930474959621e-01
2.451050162634226537e-01
2.449060337024169531e-01
2.446822698801889573e-01
2.445048913318122463e-01
2.444172141540253973e-01
2.443349650936331441e-01
2.443576875116360847e-01
2.444162857075289907e-01
2.445324698749728465e-01
2.445417573998014682e-01
2.444947483098555696e-01
2.443943061209825351e-01
2.442911757045109489e-01
2.441543251388781366e-01
2.439877969097608290e-01
2.439377470655283431e-01
2.438911117494086955e-01
2.444419627962218511e-01
2.452150225628888236e-01
2.447429637426318805e-01
2.445730443377261698e-01
2.443929155506054385e-01
2.445016554799922248e-01
2.445371253988503635e-01
2.441811353953184383e-01
2.442147679148233830e-01
2.442592288805399414e-01
2.442986460575105601e-01
2.440436423528676291e-01
2.440486387173241289e-01
2.440564453152488100e-01
2.440244267097033126e-01
2.439610771083427776e-01
2.438326074980672886e-01
2.439763133404112549e-01
2.438625508177359458e-01
2.438212801548385877e-01
2.437786491142536760e-01
2.438045610721051859e-01
2.437655492970719207e-01
2.437470698839961925e-01
2.437043700504852028e-01
2.437201140177991388e-01
2.436971569823510042e-01
2.436601974507831281e-01
2.436410113253345000e-01
2.436207071555047121e-01
2.436362238887596066e-01
2.435979677167769974e-01
2.435770440083015465e-01
2.435719412476921863e-01
2.435648856462602763e-01
2.435492997516115754e-01
2.435227022171383704e-01
2.435209382072451301e-01
2.435156662145429307e-01
2.435071150779863358e-01
2.434901412786690533e-01
2.434929848347248404e-01
2.434881490997032882e-01
2.434797603295774104e-01
2.434628671989926552e-01
2.578092112698784355e-01
2.438064691216456081e-01
2.441209732282921818e-01
2.439745413632426474e-01
2.439557237334957218e-01
2.438217403412899498e-01
2.438488043514638326e-01
2.439528077609706969e-01
2.438950301999529835e-01
2.439203790333069055e-01
2.439592059881069419e-01
2.441619059062501984e-01
2.443263656282083085e-01
2.445575944363027887e-01
2.448951915336761154e-01
2.454711933147138425e-01
2.462650176351309228e-01
2.472071718638070292e-01
2.483075111002295832e-01
2.494423079010329447e-01
2.502372557947761811e-01
2.502557389047025960e-01
2.492019105994552064e-01
2.475005839532530005e-01
2.454212931919813045e-01
2.438493420789876187e-01
2.432480951010951853e-01
2.436146864691107194e-01
2.445193295948246415e-01
2.452750654702994804e-01
2.455812529564826985e-01
2.451948419936916257e-01
2.445055356302309468e-01
2.436769612259423734e-01
2.432307906903688199e-01
2.433770641727238671e-01
2.438752785328460182e-01
2.449070633943436492e-01
2.456261039945256131e-01
2.445551721126957567e-01
2.439420546862024197e-01
2.440909614561050656e-01
2.441942933429262774e-01
2.445677708629555580e-01
2.440248655369994246e-01
2.441083341700050757e-01
2.440778744170767067e-01
2.437431604518614514e-01
2.434450568053827257e-01
2.433724683446706616e-01
2.435295107922694491e-01
2.433988737324729035e-01
2.434652367952333807e-01
2.432096946353205502e-01
2.433682670277235172e-01
2.431010702060505957e-01
2.429955654715206248e-01
2.430141490483441746e-01
2.430413308550365414e-01
2.430264557427131711e-01
2.430004964359898656e-01
2.429922064266752113e-01
2.429970411070170311e-01
2.429216340373677174e-01
2.428783622240740514e-01
2.428469191387872539e-01
2.428211789999538683e-01
2.428226321265099796e-01
2.427892478043984226e-01
2.427764981705499148e-01
2.427988159108834809e-01
2.427562773925211193e-01
2.568111805781256862e-01
2.427485020993646325e-01
2.428183605967964842e-01
2.427988340400349665e-01
2.427606891467872507e-01
2.427433861110004643e-01
2.427426847593229242e-01
2.427265488915083813e-01
2.427126990815631769e-01
2.427137816308005958e-01
2.427056353154925517e-01
2.426846324842291958e-01
2.426564458776813149e-01
2.426420557775953168e-01
2.426365500731436087e-01
2.426318158609659936e-01
2.426328496047509553e-01
2.426243193341554027e-01
2.426370863889650564e-01
2.426539621061355456e-01
2.426863958866125326e-01
2.427254021168956388e-01
2.427801440317741144e-01
2.428575256763743639e-01
2.429557121326129387e-01
2.430871178857865744e-01
2.432558390326610975e-01
2.434677605875228690e-01
2.437112509320630005e-01
2.439708449535126777e-01
2.441540515563499214e-01
2.443818357054291512e-01
2.442578133153395226e-01
2.439454171462656362e-01
2.435582400402574454e-01
2.431061904792840289e-01
2.427550256006680562e-01
2.426004601938135385e-01
2.424698220645394586e-01
2.424497016762987012e-01
2.425123561383228654e-01
2.426758390592566594e-01
2.428680848591058261e-01
2.429256154988418404e-01
2.429658888422237539e-01
2.429477132913429871e-01
2.429179446521647634e-01
2.428235953762239163e-01
2.426796869415114299e-01
2.425660360834880624e-01
2.424955277786250141e-01
2.424624876021744813e-01
2.424654386878354884e-01
2.424401138536048106e-01
2.425180688864529699e-01
2.424761091831457716e-01
2.424731082398577098e-01
2.423863353273872923e-01
2.423389384410853387e-01
2.422863883598767587e-01
2.422820118720033500e-01
2.423122255340665610e-01
2.424088631085896672e-01
2.425103249657081794e-01
2.425712351138862855e-01
2.427453597790074080e-01
2.428823493637290165e-01
2.431308781444601330e-01
2.433187141104323770e-01
2.435416463564246403e-01
2.435538497795807777e-01
2.574275428062129945e-01
2.435440335425015923e-01
2.433981691864342267e-01
2.429767150823655686e-01
2.426734136081340198e-01
2.424760559338033361e-01
2.423584450532226819e-01
2.422699564537547645e-01
2.421133001032923504e-01
2.420131061680763085e-01
2.420262039692727130e-01
2.420282687661923782e-01
2.420169071752614753e-01
2.419826918119204195e-01
2.419761517139854545e-01
2.420599754321081654e-01
2.421297778723830452e-01
2.421967438352436719e-01
2.422543450873405058e-01
2.423548699997946643e-01
2.425010380696231149e-01
2.427036398596142397e-01
2.427571417876676629e-01
2.429884368050746479e-01
2.429608237486657329e-01
2.428364421002346951e-01
2.426034029872897457e-01
2.423190684173149867e-01
2.420731530244869256e-01
2.421215467874421601e-01
2.420855207882635918e-01
2.419412050405661818e-01
2.417990454278934331e-01
2.417746625099795876e-01
2.418484081510752226e-01
2.418198438252959770e-01
2.417165676315238820e-01
2.416514258035768192e-01
2.416508204469432208e-01
2.416934129921663454e-01
2.416423521055392487e-01
2.416128258428393571e-01
2.415854433508817234e-01
2.417072889297293692e-01
2.417405881147659530e-01
2.416602611631352981e-01
2.416066802294948024e-01
2.416776254776797916e-01
2.418579277528132843e-01
2.419759376344802759e-01
2.421600030792883940e-01
2.421966674556819410e-01
2.421759856385183873e-01
2.421962294174366814e-01
2.424315643728746916e-01
2.425156597070667885e-01
2.428129135105918379e-01
2.430511097351312211e-01
2.434189841529111331e-01
2.437132569588649489e-01
2.441940455830881040e-01
2.444379251237243367e-01
2.447819065591948784e-01
2.446200863893289446e-01
2.443921018540550494e-01
2.436244553057301254e-01
2.430350062742775430e-01
2.423858040232747257e-01
2.418725429213089695e-01
2.415679730388253232e-01
2.549884454284686575e-01
2.416913130517237551e-01
2.419779768176876789e-01
2.422926022424138071e-01
2.425158678194566098e-01
2.427349027483708122e-01
2.428189947328412979e-01
2.428497902851857737e-01
2.428963148219243084e-01
2.432011180841579245e-01
2.437536414344236291e-01
2.439957579449000546e-01
2.442380588335380520e-01
2.445308562848047818e-01
2.442553084303470401e-01
2.438583439636953787e-01
2.429837604106814264e-01
2.420632068106958190e-01
2.416036476479915818e-01
2.413661452636054749e-01
2.415048126555357777e-01
2.416874146253745748e-01
2.419915206425561904e-01
2.422273149059828157e-01
2.421443394403484939e-01
2.419191986810108885e-01
2.415994603939685681e-01
2.413525279961126757e-01
2.412251412784633675e-01
2.411506791133970762e-01
2.411578122858175632e-01
2.413057281154813438e-01
2.413395644394162598e-01
2.413913304472778409e-01
2.414713804392520091e-01
2.412706840831700950e-01
2.410520479389859361e-01
2.409770899475393580e-01
2.409675534031360811e-01
2.410474413338756783e-01
2.411901803239655528e-01
2.412574233284964786e-01
2.412910661884638541e-01
2.412515808624998148e-01
2.412000784011065768e-01
2.411655314580549159e-01
2.410575757191367186e-01
2.409968890004817177e-01
2.409527974297792641e-01
2.409424639240544119e-01
2.409460804657552468e-01
2.409299729670178747e-01
2.409089210527918801e-01
2.409076559282701535e-01
2.408181639546757569e-01
2.408040475894545063e-01
2.407621098278923122e-01
2.408146913322037619e-01
2.408752737325212112e-01
2.409607686732570531e-01
2.411388728941536996e-01
2.413315910466012071e-01
2.416041578498484277e-01
2.417424371429811314e-01
2.419029794475630601e-01
2.419015897724191289e-01
2.420038384573642010e-01
2.421436260366040538e-01
2.557121111360582955e-01
2.425712792829790576e-01
2.427493277617146505e-01
2.423297824011937940e-01
2.420392583842710388e-01
2.417153124950076892e-01
2.412144219820438751e-01
2.407964742738041841e-01
2.407998981326430477e-01
2.408711265736134255e-01
2.408074294369195179e-01
2.407159347299378804e-01
2.407419198837956187e-01
2.409656073141377419e-01
2.411024270510337131e-01
2.412179057078442657e-01
2.412344761648984870e-01
2.413573917546402992e-01
2.414849560598014144e-01
2.415483134291399048e-01
2.414367848930761562e-01
2.413580790582501578e-01
2.412334776739084308e-01
2.411414463199195723e-01
2.409543236856307447e-01
2.407756658085647983e-01
2.406094646523434799e-01
2.405503800172398843e-01
2.404349871414168116e-01
2.403348426139280958e-01
2.403360640302130424e-01
2.403335013461849190e-01
2.404151389347137791e-01
2.404134368758448492e-01
2.403570213683244305e-01
2.403033362592890132e-01
2.403770986536095111e-01
2.404550638520525641e-01
2.405746169074975682e-01
2.406634712870407145e-01
2.407471747589459143e-01
2.409214727385268207e-01
2.410329051458889593e-01
2.412146931438914066e-01
2.413227638660659924e-01
2.414679605059722456e-01
2.415163948688247297e-01
2.415585453416486672e-01
2.414056314074946030e-01
2.412218054006274870e-01
2.408569248800239704e-01
2.406860395069357339e-01
2.405521825428851845e-01
2.405146551392330634e-01
2.404272985467726942e-01
2.404846712741040282e-01
2.403139658078612684e-01
2.403840424290195621e-01
2.405150016294481108e-01
2.403888527054717783e-01
2.405346111497988493e-01
2.407430628280300411e-01
2.409034946810494626e-01
2.410665717207298719e-01
2.410869100804017007e-01
2.541442812626109049e-01
2.414890398787072068e-01
2.414893929132142514e-01
2.414912627051304661e-01
2.412727136215715440e-01
2.410996210358351821e-01
2.408987550056529425e-01
2.405775760540385111e-01
2.403211185174670694e-01
2.401627326590986544e-01
2.400404793206677434e-01
2.399753468978112481e-01
2.398673983853954195e-01
2.398340476930049814e-01
2.399246247477337390e-01
2.399323062387862526e-01
2.399083291494862047e-01
2.398897949107929306e-01
2.399894481074860420e-01
2.399103126610902248e-01
2.404247292042780426e-01
2.414242625092846706e-01
2.407773271450275310e-01
2.408721045552287277e-01
2.414307423377755335e-01
2.410147612862099664e-01
2.418148066748563030e-01
2.419568250181567404e-01
2.422236064532241884e-01
2.427618600624309453e-01
2.427576194533766218e-01
2.438187527494499185e-01
2.432498165878506091e-01
2.432155984363211787e-01
2.431828061168639643e-01
2.427392766779933875e-01
2.426230001364216848e-01
2.421929963599976643e-01
2.418567094539489926e-01
2.417447578109907513e-01
2.414779698521936635e-01
2.413304604903503403e-01
2.409600568495997852e-01
2.406355410486761548e-01
2.403967219925536580e-01
2.400771735335159307e-01
2.400352403356193209e-01
2.399846134767122385e-01
2.401188800533074486e-01
2.402836407710583488e-01
2.402813367694441593e-01
2.402807200090316120e-01
2.401130505945738014e-01
2.399040894390037648e-01
2.397131966667354341e-01
2.395387641826969560e-01
2.395152022716375007e-01
2.395427200650950827e-01
2.396078250848590885e-01
2.396795504241699404e-01
2.396981300785528401e-01
2.524451446034401969e-01
2.397052903515871636e-01
2.397259284311182570e-01
2.396610518194255413e-01
2.395665898508192448e-01
2.395058115984690372e-01
2.394344635237579400e-01
2.393736615307511806e-01
2.393676925856564330e-01
2.393790142171752511e-01
2.393935024514076138e-01
2.394057346741476910e-01
2.394049827961337584e-01
2.394004736633968677e-01
2.393824097790779315e-01
2.394945139061346040e-01
2.396683493177771407e-01
2.396986475170123088e-01
2.398954927991754360e-01
2.400887009639243175e-01
2.402984061347462896e-01
2.405768105643380506e-01
2.408562642383692831e-01
2.410528971225969208e-01
2.413848465028023138e-01
2.415056599206225341e-01
2.417337992517257228e-01
2.415074705548917733e-01
2.413266254755639939e-01
2.409448678970352309e-01
2.405037939380434142e-01
2.400149778705404358e-01
2.397475793530394750e-01
2.395753322184960288e-01
2.394999236220263783e-01
2.397644227727072641e-01
2.403816037722515120e-01
2.411923723890187499e-01
2.421109230779452393e-01
2.436013629231819633e-01
2.433404061742205915e-01
2.431493607205652829e-01
2.418766710015311516e-01
2.404494214222425708e-01
2.396969532207267883e-01
2.393115056331767687e-01
2.397029452725983889e-01
2.403220962964358887e-01
2.407555850567821842e-01
2.407823693535848797e-01
2.402632776578791374e-01
2.397685241833850400e-01
2.393731950666444508e-01
2.391320773904459240e-01
2.392030555365232680e-01
2.393124201232641746e-01
2.395010943112853008e-01
2.395921646939764005e-01
2.394533717399071060e-01
2.393527917685023820e-01
2.517446975859388703e-01
2.390504558361192800e-01
2.390274192881955695e-01
2.389944884921609558e-01
2.390442442562338010e-01
2.390694748021856553e-01
2.390967798735603722e-01
2.390863289322843199e-01
2.390362320943401897e-01
2.390064570514586484e-01
2.389312808989189629e-01
2.388446731430385328e-01
2.387951571981006271e-01
2.387661919077319617e-01
2.387687048411373802e-01
2.387714167060302484e-01
2.387639927729071909e-01
2.387713052588265883e-01
2.387683290524626190e-01
2.387467497537440198e-01
2.387094619850069210e-01
2.386723939977433984e-01
2.386403210759907023e-01
2.386067184014440401e-01
2.385842329092792702e-01
2.385738341618656444e-01
2.385562676542239413e-01
2.385522805561494653e-01
2.385240587437033599e-01
2.386990286737663836e-01
2.389059448964242771e-01
2.390131887467691063e-01
2.391611856070494091e-01
2.394227779160548464e-01
2.396462753794679212e-01
2.399062769965640274e-01
2.401468661887452005e-01
2.401476681394688062e-01
2.401641037811411139e-01
2.399335495146803499e-01
2.397148725233742006e-01
2.392993539475206100e-01
2.389677792640325649e-01
2.387313656217859292e-01
2.385591697419134072e-01
2.385258568750396879e-01
2.385528589455965798e-01
2.386360265534770431e-01
2.387744110849353840e-01
2.389081304084757496e-01
2.390363720710100837e-01
2.391741669570999762e-01
2.393019154285047079e-01
2.394906082800537517e-01
2.397217282884884226e-01
2.400875669286496872e-01
2.404528531907220434e-01
2.533284378650719204e-01
2.415862296997123293e-01
2.421031625275887889e-01
2.422588256167681475e-01
2.419299451340294893e-01
2.413079306253751999e-01
2.404028373811160912e-01
2.394673070661578751e-01
2.389682754537223730e-01
2.389586977213176699e-01
2.393507700648860037e-01
2.394982978141508567e-01
2.396788482801511799e-01
2.395456455486910385e-01
2.391548861365623002e-01
2.388842397454831179e-01
2.387760134335636386e-01
2.385766506904086759e-01
2.384831290992278918e-01
2.385017751543679343e-01
2.387300954383890506e-01
2.390803741816664163e-01
2.390590171177300050e-01
2.390065853864873080e-01
2.388743222168537850e-01
2.388034175988057450e-01
2.388121824938463922e-01
2.387447602226698551e-01
2.387000328089870504e-01
2.387293600402250748e-01
2.387445375554808069e-01
2.387742663998858317e-01
2.386457979572752242e-01
2.385073004128559770e-01
2.383768003008703007e-01
2.382911470800570530e-01
2.382133241071491270e-01
2.381426106689498723e-01
2.380851709273019978e-01
2.380707506265934970e-01
2.380145645343277327e-01
2.379704282677177207e-01
2.379277789880425709e-01
2.379052278155333600e-01
2.379755896794811532e-01
2.379576756183223729e-01
2.379420961271966894e-01
2.379721472842326602e-01
2.379837667487769148e-01
2.380205785910918803e-01
2.380285055974711850e-01
2.381145280512494966e-01
2.381534709727964327e-01
2.381823682017694954e-01
2.382978043302100835e-01
2.385440732721777202e-01
2.388174444775984784e-01
2.393162758398443279e-01
2.396652614697739603e-01
2.525014798356104428e-01
2.407791349651906554e-01
2.413358418244192505e-01
2.412817718835780223e-01
2.415275100056143986e-01
2.414657661362206165e-01
2.420860158286749775e-01
2.415263517363655243e-01
2.408444708750924756e-01
2.394287957949756684e-01
2.386302502477410936e-01
2.383134865106071865e-01
2.381111336924277011e-01
2.380621787623521390e-01
2.383657040246781877e-01
2.388247984780156319e-01
2.390155074288424220e-01
2.387763100161522378e-01
2.384067613610049152e-01
2.381645617411061178e-01
2.379846813085285673e-01
2.378227469063388388e-01
2.377222170653922606e-01
2.378127066622924279e-01
2.379956298856077679e-01
2.380494471924502198e-01
2.379953525413814330e-01
2.378895477978099360e-01
2.378141500683640663e-01
2.377265697238459818e-01
2.376192848600283680e-01
2.375352421730234087e-01
2.375117228359034938e-01
2.375360603964845607e-01
2.375224905578957602e-01
2.374397168524517154e-01
2.373106410472788641e-01
2.422407202571888740e-01
2.576750422140670627e-01
2.673227601501770856e-01
4.237498670698156555e-01
2.565873316322884179e-01
2.530936520024433811e-01
2.511767269322057183e-01
2.554358874978505112e-01
2.533916973899654201e-01
2.532481488057068963e-01
2.539432217803769820e-01
2.468221398679964207e-01
2.477753819883179998e-01
2.438159476338467302e-01
2.473373482503827270e-01
2.460148027394765680e-01
2.440729911970966615e-01
2.450221229472350493e-01
2.430994460552030056e-01
2.421600080593569460e-01
2.429191744199717118e-01
2.418786187470782778e-01
2.419576965852589523e-01
2.398493695896956879e-01
2.530413168564448201e-01
2.407977741492395296e-01
2.405330890477088979e-01
2.399191335922143953e-01
2.393775177273753108e-01
2.394685129243872002e-01
2.389950972000909890e-01
2.392155530635011185e-01
2.390238532756376322e-01
2.385566744378975201e-01
2.384897552428950351e-01
2.383836696238190722e-01
2.386251889566752271e-01
2.383969943997137353e-01
2.381904539015699540e-01
2.382093743840702493e-01
2.378672589127455717e-01
2.380717193416084787e-01
2.378467817148165464e-01
2.379631393082800583e-01
2.377871712953031347e-01
2.376599909953766576e-01
2.377347851894774378e-01
2.376098506642796149e-01
2.375624759602434077e-01
2.375355258684729298e-01
2.374557436313575742e-01
2.375385391510983490e-01
2.373896451808880370e-01
2.374284085232835906e-01
2.373624600355400960e-01
2.373163517074493856e-01
2.373309630174645080e-01
2.372909975409478178e-01
2.372971812726303309e-01
2.372492518541242934e-01
2.372014241631511533e-01
2.372064900772431761e-01
2.371824066001018139e-01
2.371853061156050657e-01
2.371711402417052139e-01
2.371318921696509707e-01
2.371251499862046808e-01
2.370873389955760191e-01
2.370948559245378284e-01
2.370835097491156840e-01
2.370686218973706294e-01
2.370536230515760401e-01
2.370326819079914826e-01
2.370220754382914574e-01
2.370134515298468469e-01
2.369968111739952366e-01
2.369950489238114300e-01
2.369772987981025869e-01
2.487093830217592672e-01
2.370090623386258422e-01
2.370674989445869518e-01
2.370599813350494356e-01
2.370316591317639388e-01
2.370245907626446491e-01
2.370019288618298303e-01
2.369758122667887934e-01
2.369774387043774855e-01
2.369761071030795085e-01
2.369581777595106686e-01
2.369337126036585306e-01
2.369130057394908673e-01
2.368995731788963166e-01
2.368865198669583283e-01
2.368727659109032824e-01
2.368564995779229021e-01
2.368443877192561720e-01
2.368348978335741428e-01
2.368188591577359281e-01
2.368039228562146548e-01
2.367951684199647577e-01
2.367830397629323291e-01
2.367681193204290435e-01
2.367569364445284430e-01
2.367479307668997057e-01
2.367366095304337670e-01
2.367240940868573507e-01
2.367147677190186428e-01
2.367047154824570565e-01
2.366924992269721639e-01
2.366817073106866620e-01
2.366719637259244169e-01
2.366617444426821482e-01
2.366514095566485676e-01
2.366413672646490718e-01
2.366318661638485421e-01
2.366221864008831166e-01
2.366128201762284222e-01
2.366038465809368330e-01
2.365948744145043858e-01
2.365866000915121670e-01
2.365789135623466988e-01
2.365717435272184366e-01
2.365655125529159408e-01
2.365604571076923845e-01
2.365571681062536569e-01
2.365567028137905981e-01
2.365601245679378462e-01
2.365685884245050941e-01
2.365840398657956811e-01
2.366099010928020829e-01
2.366509254700042419e-01
2.367130764984580471e-01
2.368057436979923713e-01
2.369408690126840467e-01
2.371343726965893794e-01
2.374041170177704219e-01
2.377707268506057681e-01
2.499195634919441078e-01
2.389427251261546925e-01
2.396813663760067603e-01
2.402864570385866705e-01
2.405857404218957329e-01
2.404458205126731307e-01
2.397604383568959774e-01
2.386965765736259737e-01
2.376067595769433272e-01
2.368357925407129361e-01
2.365651358141336591e-01
2.367858193875144734e-01
2.373304347735092357e-01
2.378916319143166147e-01
2.383118293244686769e-01
2.384042650101506344e-01
2.383841963934684727e-01
2.382404868074761706e-01
2.384894523283663803e-01
2.388164984745318464e-01
2.398017200582884256e-01
2.404396901434897871e-01
2.414739488357677821e-01
2.413619902699329911e-01
2.412118678766529412e-01
2.398491114908789523e-01
2.385405912057678990e-01
2.371837070326137109e-01
2.364250960173658878e-01
2.363034093764579402e-01
2.366786352403988658e-01
2.372535126833731078e-01
2.376539430579780454e-01
2.377869102787671940e-01
2.374678593147230288e-01
2.370144564625454309e-01
2.365187590388926620e-01
2.362257077578230335e-01
2.361760872716595072e-01
2.363170859834046456e-01
2.365297293110545651e-01
2.366781730673466755e-01
2.367210880939312201e-01
2.366112966497406489e-01
2.364469652921457332e-01
2.362577423329751125e-01
2.361239796124852963e-01
2.360592511009094452e-01
2.360596566052070300e-01
2.360984302873489482e-01
2.361453980156369425e-01
2.361817147716961107e-01
2.361888956756808822e-01
2.361789476645296815e-01
2.361418081513567413e-01
2.361005650554510449e-01
2.360491833404576023e-01
2.360023701690362186e-01
2.474478305034976122e-01
2.359969110907289003e-01
2.360410431565655165e-01
2.360160722234059261e-01
2.359904610782660450e-01
2.359880493433776372e-01
2.359745855540055504e-01
2.359631031804954038e-01
2.359775841137089769e-01
2.359857969331245475e-01
2.359711596065694750e-01
2.359527054318500128e-01
2.359433026000489764e-01
2.359277276349620589e-01
2.359059677797597787e-01
2.358807261725541504e-01
2.358613968717949705e-01
2.358459371163938723e-01
2.358303596260645230e-01
2.358137446224948253e-01
2.358021229505583849e-01
2.357902172649113115e-01
2.357778136868355634e-01
2.357699063809282070e-01
2.357697292705370762e-01
2.357679225467155526e-01
2.357686175267982853e-01
2.357746968273464749e-01
2.357910684326834649e-01
2.358122434129486522e-01
2.358561361819578317e-01
2.359154285974524312e-01
2.360199665006472713e-01
2.361468213370521707e-01
2.363764174708430088e-01
2.366375231247274113e-01
2.371229946825844925e-01
2.376008304019295858e-01
2.385291580435364156e-01
2.391799824252976436e-01
2.405049186977528397e-01
2.407871463844581394e-01
2.415973938443404800e-01
2.406610447264995456e-01
2.398259508063944612e-01
2.380761233077260397e-01
2.366741903351477494e-01
2.357766151392097498e-01
2.356181342161542958e-01
2.360431283273506931e-01
2.366583628552728635e-01
2.371776124926479601e-01
2.371897933071377973e-01
2.369229176108523793e-01
2.363545115827616616e-01
2.358660168102358068e-01
2.355795600147913005e-01
2.355524054115991084e-01
2.357092959431542067e-01
2.472739692888722141e-01
2.361255506720140729e-01
2.361643982948582188e-01
2.360283246731414986e-01
2.358093419694818893e-01
2.356321871291588155e-01
2.354987668181482696e-01
2.354443653686452975e-01
2.354814438650872088e-01
2.355481644631223226e-01
2.355996052416565456e-01
2.356232353216137776e-01
2.356276749999056674e-01
2.355849658278409697e-01
2.355133559716362512e-01
2.354237425179488419e-01
2.353491876595046328e-01
2.352991485564082663e-01
2.352707577386911053e-01
2.352647479811676434e-01
2.352793546050328255e-01
2.352983565717620962e-01
2.353095563891134390e-01
2.353172762745554536e-01
2.353166849141029027e-01
2.353051626437072108e-01
2.352846557728884291e-01
2.352681054107191028e-01
2.352501352281604063e-01
2.352353499365666401e-01
2.352245246828370273e-01
2.352208732222492715e-01
2.352200340528337597e-01
2.352260716619931358e-01
2.352418072006088601e-01
2.352722545666613985e-01
2.353214018898794335e-01
2.353970455971713671e-01
2.355068196605031861e-01
2.356612515092468829e-01
2.358700784545309515e-01
2.361473145655196837e-01
2.364956772394536944e-01
2.369185938550892323e-01
2.373796620443252847e-01
2.378320911040337493e-01
2.381543901926355955e-01
2.382521503501616456e-01
2.379954100016243024e-01
2.374249120329992579e-01
2.366268175366360860e-01
2.358389062764090771e-01
2.352465289619949107e-01
2.349738356771944037e-01
2.350157150108077853e-01
2.464505408525182739e-01
2.357309862203352258e-01
2.361397766396328424e-01
2.363365470930550993e-01
2.363530092922150605e-01
2.362650706259146471e-01
2.362173036679929838e-01
2.363118297700708137e-01
2.369255944065096209e-01
2.377086472913886861e-01
2.394778984773526520e-01
2.405041882797667174e-01
2.427925763499322043e-01
2.423006997546310048e-01
2.422403262598829543e-01
2.397871469958284818e-01
2.376230422685579879e-01
2.358757891015249297e-01
2.352315388522981110e-01
2.356767006862532376e-01
2.366393008194694891e-01
2.374178119145703147e-01
2.373020319638808051e-01
2.366011939299134115e-01
2.356991956570260172e-01
2.351978851385514713e-01
2.351667012733188455e-01
2.354136878432958324e-01
2.356763365746099015e-01
2.357365777814662000e-01
2.356350016093667066e-01
2.353260683287632937e-01
2.350435511349939777e-01
2.348819313273723397e-01
2.348747806229860846e-01
2.349573254682678636e-01
2.350293423043120777e-01
2.350624297257061790e-01
2.350202295350819481e-01
2.349309773826476211e-01
2.348025170658312177e-01
2.346781689334334065e-01
2.346049024016888529e-01
2.346061533415222944e-01
2.346619601468611371e-01
2.347226658879950634e-01
2.347447083166452897e-01
2.347088309116458771e-01
2.346322426537684191e-01
2.345450198894221683e-01
2.344799628369624300e-01
2.344542838592867662e-01
2.344655772095573243e-01
2.344937227171826621e-01
2.345137739573367464e-01
2.345104205606638459e-01
2.344842183611413333e-01
2.344488003416982935e-01
2.454514161591987431e-01
2.344749175405695107e-01
2.345390092444649688e-01
2.345196456419969822e-01
2.344896484282059379e-01
2.344707134286261319e-01
2.344338357424959329e-01
2.344063093387779018e-01
2.344100466289437690e-01
2.344093835824082872e-01
2.343923752115465997e-01
2.343789567728650769e-01
2.343676262693446533e-01
2.343482639347228558e-01
2.343209913259834132e-01
2.342955705288194967e-01
2.342831409293026357e-01
2.342786186984004981e-01
2.342721667766353155e-01
2.342645955625339560e-01
2.342563039846869977e-01
2.342421088481119740e-01
2.342290027750345005e-01
2.342256313991938899e-01
2.342273375628698417e-01
2.342305615604319546e-01
2.342463246987621650e-01
2.342732099902089804e-01
2.343222008895318176e-01
2.343948886288554634e-01
2.345409988088431319e-01
2.347383443456358687e-01
2.351288966357861776e-01
2.355899356411104428e-01
2.365558761616515793e-01
2.373863133435660244e-01
2.392079733521200735e-01
2.398539807432673032e-01
2.414491236805114682e-01
2.406902462178814317e-01
2.401051955432887963e-01
2.382799841090519066e-01
2.366574588918403110e-01
2.355014212355116265e-01
2.351865745516252548e-01
2.356480119248638427e-01
2.363535060569740276e-01
2.367698903406308952e-01
2.364637119510450136e-01
2.357422076253637422e-01
2.348931359025027144e-01
2.343562949213132407e-01
2.342015586173598618e-01
2.343482596911854732e-01
2.346382254491456709e-01
2.348682720197212137e-01
2.349784959403006246e-01
2.348232267264536710e-01
2.345690515565802547e-01
2.452442694302632842e-01
2.341786521867813553e-01
2.341939327066060450e-01
2.342281070763522210e-01
2.343112847307842750e-01
2.343729826453781750e-01
2.343729165113706547e-01
2.342861560495753392e-01
2.341578943235863575e-01
2.340010127347737501e-01
2.338790690378298454e-01
2.338456898612844836e-01
2.338824530845573790e-01
2.339416885797757084e-01
2.339866425247832671e-01
2.340032076761538460e-01
2.339875513644160410e-01
2.339510035780184849e-01
2.338955012475594786e-01
2.338474050469945831e-01
2.338042111593086614e-01
2.337713998755764633e-01
2.337513287101315729e-01
2.337418730131097522e-01
2.337279691462793851e-01
2.337089750884653316e-01
2.336959015243578464e-01
2.336882461640209518e-01
2.336825336749248083e-01
2.336787883518895159e-01
2.336756487630329837e-01
2.336668029642676725e-01
2.336544267565954236e-01
2.336392790815504938e-01
2.336257142989979496e-01
2.336120347806239783e-01
2.336026597008409866e-01
2.335940832721216665e-01
2.335891092222815435e-01
2.335845476169111923e-01
2.335843889100963633e-01
2.335855983641714206e-01
2.335936871520692126e-01
2.336057428628990629e-01
2.336354750015565140e-01
2.336756638736655900e-01
2.337562110788991010e-01
2.338527075540891287e-01
2.340468867948520826e-01
2.342536934670907955e-01
2.346866837879465206e-01
2.350570176608338668e-01
2.358601041102265650e-01
2.362910635515580171e-01
2.372796874805952194e-01
2.373900379673975491e-01
2.378872254268578068e-01
2.374497177784322399e-01
2.480017217075459190e-01
2.366549959412919957e-01
2.364164508763096639e-01
2.364627221045662864e-01
2.368875224784652567e-01
2.375603287621329551e-01
2.379863500238421636e-01
2.379102428036309336e-01
2.370871464491495773e-01
2.358177822927608469e-01
2.345075899045606649e-01
2.337163735438180789e-01
2.335893265384262896e-01
2.339922144050421982e-01
2.346016412875114865e-01
2.350346858549199613e-01
2.350734927067724689e-01
2.346529243194666048e-01
2.340222721390107785e-01
2.334898853941800856e-01
2.332800976601571152e-01
2.334032849252498099e-01
2.337051043241587522e-01
2.339642319531018977e-01
2.340087901251673430e-01
2.338230323153744905e-01
2.335235823206746886e-01
2.332694748986459121e-01
2.331633780799387545e-01
2.332155615051810238e-01
2.333507564095070597e-01
2.334651202813174675e-01
2.334890714792273170e-01
2.334127745041018054e-01
2.332832706045072646e-01
2.331630568920289026e-01
2.330970602353065468e-01
2.330937571005159414e-01
2.331303754890038660e-01
2.331713420402402037e-01
2.331892917637822249e-01
2.331752314754131361e-01
2.331361850329342067e-01
2.330891034947796536e-01
2.330492257958726721e-01
2.330245123239707561e-01
2.330137051184841823e-01
2.330125494843169054e-01
2.330151838082162863e-01
2.330170606647464226e-01
2.330162100163034045e-01
2.330124756117566420e-01
2.330070513630896623e-01
2.330030318821024182e-01
2.330051005670241149e-01
2.330233876249952762e-01
2.330673003129596077e-01
2.331720802325330799e-01
2.333429299349372155e-01
2.337244520457040786e-01
2.342047758397777235e-01
2.353346791144058925e-01
2.470372696603664042e-01
2.383821548813978008e-01
2.388849931300870422e-01
2.403101271853755327e-01
2.395908747893563673e-01
2.390530716477407003e-01
2.375802137536330572e-01
2.359154447140651145e-01
2.344627495270973916e-01
2.338314165238172815e-01
2.340788046916034426e-01
2.346280431085482898e-01
2.348827955339184703e-01
2.346733639500330204e-01
2.343236322209526767e-01
2.339718507518572799e-01
2.338270552759520171e-01
2.337232491019808345e-01
2.336415557660815323e-01
2.336173491499901611e-01
2.335891610386600092e-01
2.335449468660916461e-01
2.333742275139102373e-01
2.332152639244967907e-01
2.330922456667290366e-01
2.330692296411359110e-01
2.331092603781981243e-01
2.331293327305305751e-01
2.330996691413854682e-01
2.330495196485792841e-01
2.330023094871610245e-01
2.329356980135912358e-01
2.328457313648016336e-01
2.327559692467400243e-01
2.327080258996565565e-01
2.327211134330244569e-01
2.327708856600800569e-01
2.328136912202130038e-01
2.328170465936894584e-01
2.327771508365858444e-01
2.327115477347198869e-01
2.326429374239275538e-01
2.325905570702253289e-01
2.325646839691856982e-01
2.325630596725677957e-01
2.325759611073096034e-01
2.325923119059974398e-01
2.326020515633369090e-01
2.325967757480320031e-01
2.325763552020380931e-01
2.325488817642473727e-01
2.325227837688118582e-01
2.325027654618094797e-01
2.324884237975585743e-01
2.324764948393526487e-01
2.324646533083391531e-01
2.324533933711525890e-01
2.324443516093656903e-01
2.324383600171828212e-01
2.324350295777422026e-01
2.324325946308074542e-01
2.431747120973084264e-01
2.324803683585157654e-01
2.325261207670077102e-01
2.324987340079745779e-01
2.324851219455826845e-01
2.324811849550552645e-01
2.324574082642283379e-01
2.324514561660061263e-01
2.324650335579757643e-01
2.324618817545553162e-01
2.324634374204993525e-01
2.324901493222841786e-01
2.325403512022515828e-01
2.326183280590548297e-01
2.327860208486199900e-01
2.330402831822962484e-01
2.336066721390886169e-01
2.342087531321884741e-01
2.356066762697592298e-01
2.364249474140652785e-01
2.384000338607878133e-01
2.385850693978855408e-01
2.394415445436417489e-01
2.385791286590326077e-01
2.376653799537185863e-01
2.361386743032669044e-01
2.346538255265699091e-01
2.337150755097464339e-01
2.336622782188991498e-01
2.342138695986909769e-01
2.346904141166200608e-01
2.347002738764207563e-01
2.341804549052073914e-01
2.335522734178120396e-01
2.329698285497773524e-01
2.326630847252594003e-01
2.325766206718504758e-01
2.326908741242135481e-01
2.329615280047941661e-01
2.332012309792821925e-01
2.333182249075672621e-01
2.331325667634371879e-01
2.328341985036272987e-01
2.325266099546724474e-01
2.323301256397160008e-01
2.322580765021225735e-01
2.322687402027747428e-01
2.323384910479112664e-01
2.324178543011804488e-01
2.324861813327699089e-01
2.324768495864288076e-01
2.323882304497241758e-01
2.322520338101799198e-01
2.321302879095599736e-01
2.320667046764932073e-01
2.320658293443191578e-01
2.321021755726190572e-01
2.321438764416888789e-01
2.321715237964040446e-01
2.321753836660742920e-01
2.321605078641952036e-01
2.321220388973168625e-01
2.427566980262367835e-01
2.321061754974903246e-01
2.321218622599090231e-01
2.320661272122666041e-01
2.320413131828789610e-01
2.320384834261607077e-01
2.320223967961839162e-01
2.320249403473307326e-01
2.320389853961953019e-01
2.320269728559517519e-01
2.320093493371041260e-01
2.320063826883843050e-01
2.319996049560831830e-01
2.319830621971041285e-01
2.319618785562141683e-01
2.319478992871761569e-01
2.319386094108225604e-01
2.319261045850192215e-01
2.319134982180666160e-01
2.319079627668619581e-01
2.318974578950993570e-01
2.318912168615129832e-01
2.318945277626754675e-01
2.319061498591545034e-01
2.319187247660966511e-01
2.319496341979873921e-01
2.319901243637023103e-01
2.320586347887708123e-01
2.321479286052222091e-01
2.323132738335015879e-01
2.325009569475910975e-01
2.328504997366302731e-01
2.331909276465523595e-01
2.338478062367699839e-01
2.343420293053077308e-01
2.352928575991480586e-01
2.357729052567331118e-01
2.366556233282298416e-01
2.368509938881371568e-01
2.371800806112195070e-01
2.369273565239794210e-01
2.365483179070838604e-01
2.358605202450215488e-01
2.350384123329780084e-01
2.342049552990353167e-01
2.334311229666934384e-01
2.328667256718488232e-01
2.325423041171272853e-01
2.325087914821124813e-01
2.326356241971554994e-01
2.328871793822302472e-01
2.330250857303520773e-01
2.330370864587540947e-01
2.328582286266760726e-01
2.325491121427841479e-01
2.322163441530551153e-01
2.319505004710948337e-01
2.318203271729145643e-01
2.318228248932818203e-01
2.319363952055754630e-01
2.320667547785014162e-01
2.321725094532678668e-01
2.321837019791221923e-01
2.321046646157935989e-01
2.319499960745755041e-01
2.424506968253273276e-01
2.317048651970894657e-01
2.316671788237812390e-01
2.316057796916598521e-01
2.316137089929875270e-01
2.316622554859130434e-01
2.317024661726525270e-01
2.317596018435263971e-01
2.318019991641882549e-01
2.317904179251852326e-01
2.317445367916018961e-01
2.317067706044333431e-01
2.315419356330039036e-01
2.316076809055717389e-01
2.314614788027932468e-01
2.315627704525083930e-01
2.314495603575608684e-01
2.314474951752370502e-01
2.314414410787806464e-01
2.314374600654869329e-01
2.314224511934240835e-01
2.314115130374767015e-01
2.314010376104536637e-01
2.313944385664630510e-01
2.313830852373641722e-01
2.313894290969028822e-01
2.313962391493546711e-01
2.314213663299971580e-01
2.314529891689100227e-01
2.315160970853379907e-01
2.315773242696789747e-01
2.316859966929467884e-01
2.317855910694393007e-01
2.319737957119255012e-01
2.321240567855699932e-01
2.324197757550968690e-01
2.325951738106419031e-01
2.329569247633507256e-01
2.330734238108428114e-01
2.333693734797011032e-01
2.333325725947283935e-01
2.334057880324156842e-01
2.331540839225105244e-01
2.329367974482566273e-01
2.325111214754253530e-01
2.321251089900976117e-01
2.317169478651793790e-01
2.314110467955693140e-01
2.311974175263685205e-01
2.310921520924555939e-01
2.310741062206319862e-01
2.311195593911058999e-01
2.312048544370102765e-01
2.313012124780531864e-01
2.314012151385936578e-01
2.314613136570304319e-01
2.315106585626682811e-01
2.314986577089938047e-01
2.314797410515511134e-01
2.314163671744681738e-01
2.313545593689422530e-01
2.418669807879708089e-01
2.312777515411602591e-01
2.312658831109508373e-01
2.311861870323335955e-01
2.311344193078925802e-01
2.310992079438412006e-01
2.310582865385331364e-01
2.310552685826036401e-01
2.310638988363241664e-01
2.310442669272924077e-01
2.310259059092611145e-01
2.310258315467069445e-01
2.310289391568688400e-01
2.310304619204442411e-01
2.310372760756815025e-01
2.310584946995395406e-01
2.310909292208752630e-01
2.311310441205829680e-01
2.311902593582336740e-01
2.312655876411522649e-01
2.313621146741888235e-01
2.314915421079272173e-01
2.316674431902148723e-01
2.318767946902577926e-01
2.321351032982491569e-01
2.324268032211478097e-01
2.331968551793520139e-01
2.347563627362852789e-01
2.357058893586347903e-01
2.360652765241041395e-01
2.362511122933741714e-01
2.360601741527326436e-01
2.353427395564748337e-01
2.349624835340312079e-01
2.347229344803955786e-01
2.356910416891025983e-01
2.355701172623804462e-01
2.344471355621238207e-01
2.342036854775519372e-01
2.348251305380635312e-01
2.345655420012219272e-01
2.344161159586607424e-01
2.332789231241063632e-01
2.322038261774574952e-01
2.314601632844874579e-01
2.312928398004748531e-01
2.317921422672545584e-01
2.318338752792193924e-01
2.317610372232309923e-01
2.320201237412315154e-01
2.322633683111939851e-01
2.321552249071367202e-01
2.319189518152135754e-01
2.314110833066292672e-01
2.309444175489114293e-01
2.307586883543715772e-01
2.307782897603631866e-01
2.309246081260511452e-01
2.309748961289308233e-01
2.309310646978173787e-01
2.309998729357971570e-01
2.310885236418130928e-01
2.310542364788466529e-01
2.415229094489027284e-01
2.309104450722863910e-01
2.308679680844413218e-01
2.307428300259820597e-01
2.307032551637875351e-01
2.306974241421037575e-01
2.305835228155668770e-01
2.305520678191406714e-01
2.335298490759165624e-01
2.448565700565325798e-01
2.699545027846833589e-01
4.733898090033240580e-01
2.564383899616244911e-01
3.073012059322020595e-01
4.927617338917028023e-01
3.322639859752322122e-01
3.006419333666748850e-01
4.831179563329238702e-01
4.377704570169346221e-01
3.865645223873245273e-01
2.838217985121270770e-01
3.537882165869610240e-01
3.457033217053925300e-01
3.452656662832750412e-01
2.990644318578908889e-01
3.113638965705368689e-01
3.069973862397039621e-01
2.810495322793484241e-01
2.971365544641275114e-01
2.848690823956923635e-01
2.698933508260230041e-01
2.865388662630220518e-01
2.571662570834181150e-01
2.688851647914656251e-01
2.664912601931376246e-01
2.557858828904603365e-01
2.536988287233742367e-01
2.604906723104372657e-01
2.428357299393859581e-01
2.529046763350248361e-01
2.488095284009430586e-01
2.397641673532265594e-01
2.483439241239272510e-01
2.409847556324833384e-01
2.399521792279658283e-01
2.414901444345690651e-01
2.402788102059817688e-01
2.350260837123874791e-01
2.408597252453127946e-01
2.354808493582992712e-01
2.363137411508982044e-01
2.373345221556462381e-01
3.950134024570691182e-01
3.961681377346926158e-01
3.949785854911884164e-01
3.956149868637794387e-01
3.935554419186324537e-01
3.954462938610588951e-01
3.941256903896693253e-01
3.935215157099807848e-01
3.940377386432851736e-01
3.936727994489678806e-01
3.932536599978619929e-01
3.930108237033811402e-01
3.936381328061294704e-01
3.925686724260002425e-01
3.930178812725253490e-01
3.928797293340576258e-01
3.926798512277041020e-01
3.924091172397963234e-01
3.926290058185751275e-01
3.924869625089323355e-01
4.023659993096794785e-01
3.925017276637668417e-01
3.922889944750714286e-01
3.923083235584531869e-01
3.921640779484236727e-01
3.922411598064861060e-01
3.920626208986545125e-01
3.920381415142843440e-01
3.920558320388660145e-01
3.919694479768983664e-01
3.919670107988276753e-01
3.919018138736508061e-01
3.918920404846500949e-01
3.918201243143034085e-01
3.918385273148322634e-01
3.917500827995644697e-01
3.917628649471585067e-01
3.917149230338423660e-01
3.916990490122643775e-01
3.916879128318487280e-01
3.916537017982621993e-01
3.916339983447865158e-01
3.916027584995722677e-01
3.916099424725817402e-01
3.915555406022990792e-01
3.915586998759654769e-01
3.915410190358881160e-01
3.915233734847971547e-01
3.914983502704784679e-01
3.914933772254256539e-01
3.914758436289343391e-01
3.914519454235561025e-01
3.914522365237935175e-01
3.914333924143690302e-01
3.914205117354752073e-01
3.914055953008062083e-01
3.913990568400786962e-01
3.913800428563499745e-01
3.913717965007370569e-01
3.913599306769342534e-01
3.913472932915859626e-01
3.913357311704273034e-01
3.913263165418673362e-01
3.913156726729514201e-01
3.913026846613004706e-01
3.912941259578718300e-01
3.912818978678698212e-01
3.912737252054215853e-01
3.912619371734198936e-01
3.912532193936295588e-01
3.912429344445569335e-01
3.912336522312603315e-01
3.912232599788140752e-01
3.912143123238509546e-01
3.912054774706121840e-01
4.013388584031074013e-01
3.912614612655548330e-01
3.913050479274817750e-01
3.912676138901947098e-01
3.912579397959569105e-01
3.912626252080627642e-01
3.912299983910663137e-01
3.912102759449273548e-01
3.911622570409585276e-01
3.911516361414415499e-01
3.911216101923871702e-01
3.911085957742568842e-01
3.911008180822336255e-01
3.910835294799873685e-01
3.910730680885596833e-01
3.910651948782404297e-01
3.910476425209467033e-01
3.910347997173869716e-01
3.910310431718060920e-01
3.910212874696988861e-01
3.910077040961348893e-01
3.909984380861222242e-01
3.909877190653169854e-01
3.909739603504233108e-01
3.909642511355034267e-01
3.909584972759399535e-01
3.909498892141814452e-01
3.909385380677733446e-01
3.909295088890055725e-01
3.909217383677382474e-01
3.909124278331539415e-01
3.909039338741119307e-01
3.908969356092069081e-01
3.908885941460001900e-01
3.908794947507123752e-01
3.908715820076555936e-01
3.908639049163657453e-01
3.908555902879718991e-01
3.908475130513704987e-01
3.908401273903023831e-01
3.908324930386876117e-01
3.908247232866945975e-01
3.908175143621852032e-01
3.908100316639621097e-01
3.908019667606047465e-01
3.907943996049581536e-01
3.907872163467697169e-01
3.907796441360313899e-01
3.907721990743382445e-01
3.907650306364526815e-01
3.907576159436040308e-01
3.907501625391454070e-01
3.907430345355989432e-01
3.907359213271042742e-01
3.907286673450217074e-01
3.907215887537182630e-01
3.907145677558852559e-01
3.907074050040175717e-01
4.008419424292004596e-01
3.907690455304443367e-01
3.908175406807313790e-01
3.907848429407216329e-01
3.907753924666422796e-01
3.907758141066636215e-01
3.907449508770045599e-01
3.907299001860430332e-01
3.909574050848231286e-01
3.919266247438372708e-01
3.932287856810132709e-01
3.924498178461550690e-01
3.918004881971861031e-01
3.923986860272966060e-01
3.915034925312001479e-01
3.916054867617989599e-01
3.918115771612123432e-01
3.913295823931288164e-01
3.916102025817056465e-01
3.913345503430086803e-01
3.911112139511587760e-01
3.914858219683201579e-01
3.909499076784420657e-01
3.911976916614505750e-01
3.910030956656674328e-01
3.909077645154709346e-01
3.910818475920585513e-01
3.908437995617453087e-01
3.909301230773232216e-01
3.908344758118698081e-01
3.907466359111163579e-01
3.908250546381438761e-01
3.906719951607902086e-01
3.907389937287721882e-01
3.907140033071367369e-01
3.906405056116236119e-01
3.906998087861852653e-01
3.906045503541536457e-01
3.906155363372669775e-01
3.906003248935835948e-01
3.905588739289345135e-01
3.905924844427814957e-01
3.905310786248351040e-01
3.905442327618167675e-01
3.905360464529682440e-01
3.904940036319385355e-01
3.905104255449919348e-01
3.904754991554657551e-01
3.904798835095762977e-01
3.904708551159766228e-01
3.904478602119517694e-01
3.904505597481690571e-01
3.904345750817180827e-01
3.904236871110071672e-01
3.904228501884104419e-01
3.904034248612259228e-01
3.904037261449028740e-01
3.903901671684868457e-01
3.903814358296437970e-01
3.903815393338742057e-01
3.903633776734846128e-01
4.004438177795460740e-01
3.904360187184372499e-01
3.904831187584911212e-01
3.904472128617871296e-01
3.904343705625417105e-01
3.904382455159550180e-01
3.904048731544433881e-01
3.903848675697740855e-01
3.904031949654019895e-01
3.903931153244434848e-01
3.903672974374277072e-01
3.903555301252348286e-01
3.903446728921626807e-01
3.903322085159524057e-01
3.903208476475584776e-01
3.903073094746586369e-01
3.902966532833558322e-01
3.902908273599896005e-01
3.902835508659271424e-01
3.902726946987944978e-01
3.902627377568057554e-01
3.902530609715829102e-01
3.902400548516404277e-01
3.902310018229795396e-01
3.902264709124759201e-01
3.902195335751798000e-01
3.902094071288527699e-01
3.902006559758258719e-01
3.901936548168052910e-01
3.901857716532780573e-01
3.901773458465181976e-01
3.901709556097041620e-01
3.901644801418165387e-01
3.901560782738224820e-01
3.901485788027008184e-01
3.901419806153114123e-01
3.901345426520838044e-01
3.901269893857742810e-01
3.901201664925024737e-01
3.901133645565953989e-01
3.901064066552315523e-01
3.900997582998623203e-01
3.900926497119409642e-01
3.900854377100737569e-01
3.900787179451280506e-01
3.900718970745929992e-01
3.900567727827852771e-01
3.900198847171052474e-01
3.904238190441772227e-01
3.908803505008762169e-01
3.906257075965565706e-01
3.903145229163433871e-01
3.907757501583601911e-01
3.903085090051076622e-01
3.903473233500958095e-01
3.904525081585668578e-01
3.901523195335868666e-01
3.903380341543094545e-01
4.002382424634767788e-01
3.902127535185948570e-01
3.903784628561191017e-01
3.901797671494529052e-01
3.902446105254524511e-01
3.902452087917088197e-01
3.901160718458980825e-01
3.901934924719160369e-01
3.901288544113569734e-01
3.901032168999527538e-01
3.901163699333157209e-01
3.900277157461186084e-01
3.900579788270628900e-01
3.900227885273076511e-01
3.899645957854969147e-01
3.899791409792795482e-01
3.898860005863680200e-01
3.898181743443255298e-01
3.897272735531669974e-01
3.935666255221999532e-01
4.065506332305799941e-01
4.115529750958607513e-01
4.025909789473706701e-01
4.093550770831315688e-01
3.979149457910385879e-01
4.010331491889153055e-01
4.017376714869150822e-01
3.977222573171064757e-01
3.993871099580374451e-01
3.974642099912687465e-01
3.954544663283751094e-01
3.979722079901545362e-01
3.944426703498494780e-01
3.970807036713390747e-01
3.948442968141147036e-01
3.929552784504493079e-01
3.969487820187857507e-01
3.930152476474390033e-01
3.937690333216886662e-01
3.934001332264527306e-01
3.917473793068830812e-01
3.930392801763253341e-01
3.911617109938819170e-01
3.923156981186449732e-01
3.918333157868177929e-01
3.913455794221025741e-01
3.918886148835121763e-01
3.907069290923284588e-01
3.912424824641023147e-01
3.907621569298310726e-01
3.905701521032205470e-01
3.908763380911655649e-01
3.903946398734182144e-01
3.906634365548895538e-01
3.904119479286718430e-01
3.902566268091668955e-01
3.904377247238727255e-01
3.900628205121898229e-01
3.902690289809975233e-01
3.901961088850057768e-01
3.899729760573130144e-01
4.001109852066067063e-01
3.899938276386213376e-01
3.901480263187139808e-01
3.900582842163749508e-01
3.899811656083035927e-01
3.900947742999329448e-01
3.899098030907903745e-01
3.899924557865881436e-01
3.899572128653454040e-01
3.898680025194696253e-01
3.898947956047283392e-01
3.898081651692276717e-01
3.898320867514680210e-01
3.898062113617837277e-01
3.897744937737067650e-01
3.897786056501252872e-01
3.897157892340442631e-01
3.897255742612508178e-01
3.897048066314421355e-01
3.896706913704452990e-01
3.896883814278840896e-01
3.896516325421010563e-01
3.896386128390449954e-01
3.896362232451134333e-01
3.896032308714183490e-01
3.896095991231883771e-01
3.895919697427320250e-01
3.895774807546222851e-01
3.895783099702442853e-01
3.895562652302170248e-01
3.895538961034702430e-01
3.895415716865313072e-01
3.895299341655285019e-01
3.895253190514121888e-01
3.895101863505335271e-01
3.895065632033709591e-01
3.894977632633575548e-01
3.894864918157179279e-01
3.894820000982341934e-01
3.894717296224552427e-01
3.894656799071425368e-01
3.894614801316672592e-01
3.894538347849019200e-01
3.894517645398299366e-01
3.894499767485549713e-01
3.894500754145684418e-01
3.894559008718919690e-01
3.894652137319286056e-01
3.894850744364187767e-01
3.895154099785206325e-01
3.895628318155557324e-01
3.896373990994436154e-01
3.897471818225163309e-01
3.997956597304250237e-01
3.902949169688455511e-01
3.907532799324393014e-01
3.912827816143817916e-01
3.919540694546600479e-01
3.927592489765926453e-01
3.934599839159503287e-01
3.939270645092956546e-01
3.937814193142535890e-01
3.930104011302943401e-01
3.916476168203060770e-01
3.903317274473815379e-01
3.894877600424493935e-01
3.893544643314467701e-01
3.897846833920846632e-01
3.904102048455153628e-01
3.908812499724172440e-01
3.909138717859381718e-01
3.905042188481792076e-01
3.898862923956393778e-01
3.894026352187888174e-01
3.892304802314642820e-01
3.893651192879815093e-01
3.896541842783752818e-01
3.898779774431539447e-01
3.899029733986064117e-01
3.897192369184692695e-01
3.894519226895991060e-01
3.892328075009895416e-01
3.891490852773847320e-01
3.892042707714295502e-01
3.893255919907200879e-01
3.894216384909222062e-01
3.894344534544578185e-01
3.893623488977212554e-01
3.892428155675619617e-01
3.891351448642433875e-01
3.890802414646360452e-01
3.890852892953071684e-01
3.891266623375009281e-01
3.891691769317346394e-01
3.891848394736800998e-01
3.891626140986379490e-01
3.891137669305340108e-01
3.890589623888511261e-01
3.890176271604264269e-01
3.889996804016641052e-01
3.890027374125879511e-01
3.890155336097546046e-01
3.890253810472572571e-01
3.890239304224241135e-01
3.890085489919863360e-01
3.889838177831863586e-01
3.889571088740336191e-01
3.889347396143723046e-01
3.889202975279717478e-01
3.889139648954985651e-01
3.889124003037445765e-01
3.988154417688706266e-01
3.890066504791155899e-01
3.890660298640846726e-01
3.890275562428626155e-01
3.890133860123311527e-01
3.889965495616968250e-01
3.889473778130100312e-01
3.889265660380097911e-01
3.889310241176062721e-01
3.889106911530355593e-01
3.888894565126347347e-01
3.888813030175832242e-01
3.888703358120673137e-01
3.888608301872865103e-01
3.888505972005803502e-01
3.888291241638832663e-01
3.888123382780199200e-01
3.888027604349731936e-01
3.887857874145146941e-01
3.887684291660550295e-01
3.887566044814484423e-01
3.887426261770370872e-01
3.887284138883349005e-01
3.887208726937778636e-01
3.887146156104739902e-01
3.887027511980088446e-01
3.886891737226947363e-01
3.886787171881725955e-01
3.886677741941496622e-01
3.886554639949703072e-01
3.886441817867537507e-01
3.886325128022139475e-01
3.886202843931798045e-01
3.886087416474229839e-01
3.885976832597769492e-01
3.885867103022643265e-01
3.885760213946138908e-01
3.885656501092009663e-01
3.885551547450348253e-01
3.885446803862577236e-01
3.885344421294407713e-01
3.885235041357315566e-01
3.885123265518063418e-01
3.885018733752254039e-01
3.884910725952379074e-01
3.884797348815542950e-01
3.884687206983418184e-01
3.884576407058168424e-01
3.884461864112732088e-01
3.884349920990582961e-01
3.884239151892053266e-01
3.884125834567160318e-01
3.884013217519221572e-01
3.883900632015633292e-01
3.982247878004839259e-01
3.884536294019117486e-01
3.884993690255517107e-01
3.884628184203220980e-01
3.884581631073298347e-01
3.884523551754067716e-01
3.884229582742581011e-01
3.884228973517411809e-01
3.884323677238242234e-01
3.884169925034131610e-01
3.884111266892874559e-01
3.884152781524654596e-01
3.884154194910058311e-01
3.884308651838147552e-01
3.884539824771651717e-01
3.884749285868703828e-01
3.885197106462752181e-01
3.885906137208163247e-01
3.886716742950391268e-01
3.887808740134053864e-01
3.889208118919150747e-01
3.891052964730370434e-01
3.893269944923541392e-01
3.895833961213678864e-01
3.898296500701535217e-01
3.900666748738654821e-01
3.902113933412887925e-01
3.902710750469584600e-01
3.901408671713237908e-01
3.898672737985565684e-01
3.894409399667171923e-01
3.889659227983310319e-01
3.885203456692047919e-01
3.881925550132971914e-01
3.880153515583626422e-01
3.879854364463068972e-01
3.880675093428893052e-01
3.882085374003441114e-01
3.883543360731049332e-01
3.884561284162234562e-01
3.884944536879009758e-01
3.884542282454758189e-01
3.883538955256278236e-01
3.882137407179870880e-01
3.880676396886246771e-01
3.879409023999860207e-01
3.878524463217429830e-01
3.877968391170313889e-01
3.877845657380599165e-01
3.877909991808102808e-01
3.877995069060886091e-01
3.877874914251084881e-01
3.877280403169707790e-01
3.875872542408529409e-01
4.025879772100355858e-01
4.104863367062812629e-01
4.232386582044383450e-01
4.130835318514983201e-01
4.162552930389582517e-01
3.967620955445668174e-01
4.081081983573489058e-01
4.021649382139639295e-01
4.004190162001340370e-01
3.991687871079891980e-01
4.723119811271010438e-01
4.007962708774851501e-01
4.004856632655778848e-01
3.989698263068800488e-01
3.959588251570022033e-01
3.972870764615397676e-01
3.976085359348511261e-01
3.968056314765762149e-01
3.945780398167638148e-01
3.936207119573108537e-01
3.959272622000777897e-01
3.925606001074177787e-01
3.914774678947554598e-01
3.932260334536294977e-01
3.916708938136676532e-01
3.919493712749551606e-01
3.910421948950044135e-01
3.900184316492139036e-01
3.908086548160756846e-01
3.900052718998672230e-01
3.894478233802433076e-01
3.895210624820881762e-01
3.893284097119552589e-01
3.893385426709666808e-01
3.889780494554133106e-01
3.884885656385846930e-01
3.886222146100536956e-01
3.886595578593690647e-01
3.884060370219596381e-01
3.883410400727874134e-01
3.882088720527575587e-01
3.881252218788890374e-01
3.882090681360054196e-01
3.879094533216013718e-01
3.878356415545840541e-01
3.879293000719823414e-01
3.972735971930131949e-01
3.878517713677018253e-01
3.878005247575799785e-01
3.877121857955019291e-01
3.877325998797415130e-01
3.876891177697083801e-01
3.875447473066053750e-01
3.875501220113959366e-01
3.875727496893066615e-01
3.874550423875031679e-01
3.874634532596854530e-01
3.873805727676796207e-01
3.873554635898483478e-01
3.873694149711249257e-01
3.872943144143167760e-01
3.872792896236889604e-01
3.872288226571430902e-01
3.872288067830890190e-01
3.872158256968060153e-01
3.871601628039905152e-01
3.871465915079187470e-01
3.871216682540343235e-01
3.870999477117732512e-01
3.870778775705729924e-01
3.870575942603406983e-01
3.870348231314207910e-01
3.870164559480177013e-01
3.870035975771811132e-01
3.869744627938416226e-01
3.869615331041347805e-01
3.869485006775758018e-01
3.869259485986674685e-01
3.869147849163186992e-01
3.868928607106136841e-01
3.868748170431248745e-01
3.868666694262556938e-01
3.868476122431177000e-01
3.868328103625414682e-01
3.868194560773584034e-01
3.868035499756421469e-01
3.867906074392089555e-01
3.867766206387869277e-01
3.867625598193279446e-01
3.867474367244613798e-01
3.962427775038450672e-01
3.868158755326048248e-01
3.868538500688699089e-01
3.868128919159177226e-01
3.868078002705174212e-01
3.868010199718844855e-01
3.867654544373751446e-01
3.867634405148952514e-01
3.867770815728787670e-01
3.867542058638536173e-01
3.867328185886624858e-01
3.867257917027561165e-01
3.867143168772728123e-01
3.867060351286676356e-01
3.866989572116725782e-01
3.866904161155449438e-01
3.866917265127043923e-01
3.866965941826024933e-01
3.866998916590793089e-01
3.867087746323154551e-01
3.867218714768297372e-01
3.867403003889433033e-01
3.867716902080581276e-01
3.868175058495299523e-01
3.868716158642843128e-01
3.869402282961590389e-01
3.870256042808309371e-01
3.871359339526249110e-01
3.872664117798775285e-01
3.874232717949881999e-01
3.875906342916721758e-01
3.877740964992234529e-01
3.879338926002022236e-01
3.880714067890552732e-01
3.881306148328288463e-01
3.881076196103260267e-01
3.879588861721581794e-01
3.877201464515862006e-01
3.873929239483503983e-01
3.870497449637858023e-01
3.867335735967532551e-01
3.864930646420045024e-01
3.863491568682538846e-01
3.863023264795996670e-01
3.863327302312967171e-01
3.864117734653886305e-01
3.865095724095384266e-01
3.865974569078196588e-01
3.866578809250826310e-01
3.866774267218107686e-01
3.866580553048859503e-01
3.962300971022517659e-01
3.866439700064591700e-01
3.866262123564613296e-01
3.865165346305335370e-01
3.864456404942467893e-01
3.863815481090374648e-01
3.863006956726616759e-01
3.862705112505754323e-01
3.862736446408422397e-01
3.862558260965154311e-01
3.862469452974054418e-01
3.862568396886201794e-01
3.862642093107270802e-01
3.862700030453014577e-01
3.862708177477632843e-01
3.862596367081034821e-01
3.862513743398595656e-01
3.862419577153351491e-01
3.862218472180665163e-01
3.862007498678646233e-01
3.861797513350987421e-01
3.861534695995072486e-01
3.861314900689525875e-01
3.861167662688477220e-01
3.861006139935693748e-01
3.860815528819959708e-01
3.860663719333894406e-01
3.860546578973697573e-01
3.860425437985469665e-01
3.860327259205442174e-01
3.860247203195658616e-01
3.860156448789898720e-01
3.860061672191725801e-01
3.859982942183270427e-01
3.859914545764846494e-01
3.859839615440026628e-01
3.859767428854417037e-01
3.859704650148310656e-01
3.859641093606717699e-01
3.859579927174244252e-01
3.859522670631462815e-01
3.859465461372930672e-01
3.859417999009139844e-01
3.859380483951005969e-01
3.859350220899182560e-01
3.859339300170315235e-01
3.859350136422581290e-01
3.859384582542697562e-01
3.859462253239266394e-01
3.859602748490936763e-01
3.859818817788237544e-01
3.860150312704304643e-01
3.957411341808568794e-01
3.862626198081239304e-01
3.864599644910198806e-01
3.866385614767506862e-01
3.869239042875527446e-01
3.873025669992556930e-01
3.877588353783267827e-01
3.883512031707898604e-01
3.889860890321982789e-01
3.895819293204554890e-01
3.898734650733620133e-01
3.898246733160218858e-01
3.891981296560215742e-01
3.882261632854908107e-01
3.871415844358139235e-01
3.862823760610609725e-01
3.858689523715516101e-01
3.859109214047660164e-01
3.862478670984692553e-01
3.866712974547252268e-01
3.869870820718808724e-01
3.870397495574345870e-01
3.868486566304051300e-01
3.864870856519955211e-01
3.861153520345926848e-01
3.858621006142493592e-01
3.857853971267871662e-01
3.858556495767655470e-01
3.859934714798000099e-01
3.861144652739215699e-01
3.861583636733558755e-01
3.861162462916256088e-01
3.860094033421014315e-01
3.858866994379046012e-01
3.857856493881931526e-01
3.857281969864772564e-01
3.857151772249167165e-01
3.857315259038761601e-01
3.857559737858764493e-01
3.857712781566589033e-01
3.857684138183967160e-01
3.857476896534243194e-01
3.857178627277954575e-01
3.856860251732477929e-01
3.856588102370741566e-01
3.856394543481261872e-01
3.856270338328088298e-01
3.856182663229354990e-01
3.856110075379569069e-01
3.856032905764055774e-01
3.855939571238239383e-01
3.855839912624308696e-01
3.855743679831116211e-01
3.855656460180905132e-01
3.855582981202688719e-01
3.952776665259899458e-01
3.856302462458806035e-01
3.856764415475598673e-01
3.856376569303183732e-01
3.856386181954823411e-01
3.856348526097104212e-01
3.856048884955428080e-01
3.856072093690667280e-01
3.856133423558208428e-01
3.855914078440261239e-01
3.855750832958557139e-01
3.855607439139178139e-01
3.855423760860413607e-01
3.855345932964694966e-01
3.855228642029989716e-01
3.855033432034226659e-01
3.854969587811757359e-01
3.854929077550227623e-01
3.854789883006942142e-01
3.854650370973715101e-01
3.854526042372847239e-01
3.854400316563719175e-01
3.854323842516464982e-01
3.854261853301008123e-01
3.854181547484064607e-01
3.854094571922350720e-01
3.854009126098763005e-01
3.853932872754686212e-01
3.853878957771921243e-01
3.853833777264240590e-01
3.853772970976060974e-01
3.853704494425047034e-01
3.853646457955803850e-01
3.853597452876716956e-01
3.853540340141095033e-01
3.853481764338348436e-01
3.853439180922294538e-01
3.853396294329820559e-01
3.853348085895005326e-01
3.853310318525910994e-01
3.853275611509155985e-01
3.853246037419031378e-01
3.853231076917593700e-01
3.853227331014161816e-01
3.853243116982262295e-01
3.853286591279427853e-01
3.853359570090513220e-01
3.853478003666280238e-01
3.853669686377007575e-01
3.853944644831321376e-01
3.854342868331553928e-01
3.854907394377368179e-01
3.855713129177709142e-01
3.954010383557796660e-01
3.859876911185264881e-01
3.863136540662439056e-01
3.866527556737019422e-01
3.871128361461696477e-01
3.876890306483443127e-01
3.883214322140309815e-01
3.890457848033389565e-01
3.896241256905536021e-01
3.900626158447711989e-01
3.900091035920263405e-01
3.896737117046630283e-01
3.888010591608662136e-01
3.878231658857338449e-01
3.868596229303971068e-01
3.861664365355124695e-01
3.858607017611755396e-01
3.859136201042629444e-01
3.861835513445431856e-01
3.864489527896900478e-01
3.865958716039592513e-01
3.864628992075506697e-01
3.861833107451215219e-01
3.858001625046190153e-01
3.854924883833518168e-01
3.853430272068453233e-01
3.853608984629237066e-01
3.854892350659955280e-01
3.856405967783363975e-01
3.857456540017538682e-01
3.857360682734023438e-01
3.856329997996347236e-01
3.854567995551548276e-01
3.852756355166068181e-01
3.851343139049132058e-01
3.850668999565925454e-01
3.850766533351093202e-01
3.851381989250995952e-01
3.852146206135887430e-01
3.852703649819433362e-01
3.852879778980725090e-01
3.852618562207751340e-01
3.852093244711081166e-01
3.851446440133968752e-01
3.850877106670170247e-01
3.850488893897244802e-01
3.850306563050795439e-01
3.850297239578349684e-01
3.850392686084445071e-01
3.850507430916272900e-01
3.850566557316040250e-01
3.850537709753983906e-01
3.850396050709744555e-01
3.850183633873317524e-01
3.849935819593130470e-01
3.849698505651811820e-01
3.946693733897603806e-01
3.850392830083722018e-01
3.850895244366540071e-01
3.850533977912687922e-01
3.850530659911184928e-01
3.850403594932783613e-01
3.850121755724755235e-01
3.850260804188374020e-01
3.850291135659607566e-01
3.850061810805279205e-01
3.850040843008862845e-01
3.849967587649909539e-01
3.849744191436406116e-01
3.849671927391374870e-01
3.849611664481488171e-01
3.849521880435707311e-01
3.849553503827856105e-01
3.849589883345756469e-01
3.849622568088135743e-01
3.849718234737165012e-01
3.849808842232324002e-01
3.850008889977875604e-01
3.850419746127168308e-01
3.850951251504516337e-01
3.851609610543600959e-01
3.852544410927332130e-01
3.853830350785856229e-01
3.855579078273024263e-01
3.857803187979325643e-01
3.860655673944251021e-01
3.863955530878305233e-01
3.867743817783386162e-01
3.871316721992063004e-01
3.874229052602347068e-01
3.875068868428542257e-01
3.873646792742701517e-01
3.869208063470556125e-01
3.863148486650227476e-01
3.856595065770628827e-01
3.851370201219368461e-01
3.848411734434145637e-01
3.847915447711832693e-01
3.849340111340159298e-01
3.851717635225683223e-01
3.854052424314292069e-01
3.855455325092593810e-01
3.855580167148892068e-01
3.854374980396613748e-01
3.852401118074041397e-01
3.850204910983657802e-01
3.848455069163582154e-01
3.847493925630585676e-01
3.847398929746347895e-01
3.847971625796926531e-01
3.848879946090667525e-01
3.849754465432942419e-01
3.947441886626443797e-01
3.851863611901747975e-01
3.852418743812271451e-01
3.851740337919787871e-01
3.851263943375096144e-01
3.850635188912843176e-01
3.850221467144138709e-01
3.850582717617636597e-01
3.851316171000070399e-01
3.852156426382081778e-01
3.853841897804631822e-01
3.855799454825461492e-01
3.858252121891804776e-01
3.861000959765696350e-01
3.864841834332086168e-01
3.868268990791507989e-01
3.873320099852622933e-01
3.876163176429159307e-01
3.879934341295403488e-01
3.879285996903402145e-01
3.878391662864520972e-01
3.872503314357118587e-01
3.866653240483227116e-01
3.858522684089367716e-01
3.851805413336593098e-01
3.853263565030028426e-01
3.867295160377480778e-01
3.878120447243809110e-01
3.862971529838793994e-01
3.870665506530102107e-01
3.875629799956223365e-01
3.870373384379716675e-01
3.860557723596425017e-01
3.856511134428288190e-01
3.856897247180862687e-01
3.853293611142801778e-01
3.848335128556517049e-01
3.850841867482204806e-01
3.854621267808794327e-01
3.853400279374737947e-01
3.851495044168740112e-01
3.851598367713381377e-01
3.852070804431201312e-01
3.848762928296493024e-01
3.847223145440587522e-01
3.847017659792443811e-01
3.847581625635240199e-01
3.846951892697403341e-01
3.845800543190555087e-01
3.847107744592276335e-01
3.847290260551484709e-01
3.846715874052062389e-01
3.846424318418593669e-01
3.846419093798781330e-01
3.846220556794381351e-01
3.941691758953249636e-01
3.845616130074464012e-01
3.846104819338224678e-01
3.845903817452595574e-01
3.845583226792467224e-01
3.845408302946835555e-01
3.845459282636633502e-01
3.846044730131134015e-01
3.845887985368167117e-01
3.845248888346687877e-01
3.845414067683831094e-01
3.845343248582616669e-01
3.844954533168589705e-01
3.844733618753868876e-01
3.844558652194446924e-01
3.844548088507240835e-01
3.844422657737361915e-01
3.844208531158015418e-01
3.844152536428797617e-01
3.844161192966080165e-01
3.844109342088094516e-01
3.844059442098932688e-01
3.844117832142937008e-01
3.844220955006323326e-01
3.844284842763275867e-01
3.844360806226188032e-01
3.844499181988823566e-01
3.844748207595642953e-01
3.845081257963262056e-01
3.845488475749064827e-01
3.846016412987702249e-01
3.846787422078857821e-01
3.847771072638000445e-01
3.849069355016427330e-01
3.850690386630902240e-01
3.852739462568768869e-01
3.855132074733655934e-01
3.857954520946484944e-01
3.860823775062847130e-01
3.863814607720866823e-01
3.865940282187416699e-01
3.867295038877883173e-01
3.866846031005297668e-01
3.865236085653859788e-01
3.862154537547223265e-01
3.859058142301052818e-01
3.856035402532396184e-01
3.854776370841113131e-01
3.854130080706623662e-01
3.855692804429758369e-01
3.856612582023838942e-01
3.858695612369752448e-01
3.858708316718915121e-01
3.858680959054066051e-01
3.856272698542985156e-01
3.853659430174470879e-01
3.849887222309802404e-01
3.943127087634322181e-01
3.845001947077365534e-01
3.843784030806456364e-01
3.842624814618137985e-01
3.842607305036334631e-01
3.842893836139820718e-01
3.843399567170626696e-01
3.844414001728998498e-01
3.844872850160900302e-01
3.844739519680041573e-01
3.844295401470334550e-01
3.843151007220775295e-01
3.840447280643710659e-01
3.951561121855169390e-01
4.523562706371396791e-01
4.864777780830477072e-01
3.136197755556349720e-01
3.708180352780954259e-01
4.661336833738863872e-01
3.740106299946571178e-01
4.009171568017541043e-01
3.465334425080248693e-01
3.570128965936021914e-01
3.304849052493958328e-01
3.106331518650786716e-01
3.346150270014126016e-01
2.744027322549757453e-01
3.182373749175698707e-01
2.721414576320670409e-01
2.919785487223018894e-01
2.713879333795291560e-01
2.792205841153814205e-01
2.574410538271004190e-01
2.685697874637285598e-01
2.574123931633359730e-01
2.514848867880342675e-01
2.558299573893598744e-01
2.401155684940589063e-01
2.505729733363889489e-01
2.459179706056030534e-01
2.394911169654164729e-01
2.441392333387877589e-01
2.370459351991146546e-01
2.392629564469286874e-01
2.318430346953550547e-01
2.387481729411228548e-01
2.305388133056347488e-01
2.348801978156924986e-01
2.305316328813431515e-01
2.305079152058665815e-01
3.927236917038452457e-01
2.279315884702201034e-01
2.316079278575801370e-01
3.876751432155793875e-01
3.900254888190634039e-01
3.880411401437147134e-01
3.888023987216841504e-01
3.869540789978351825e-01
3.881501836913544556e-01
3.868264138830421195e-01
3.870066005662000652e-01
3.866592962781043585e-01
3.864160167325056960e-01
3.859287020792145917e-01
3.864732768498443383e-01
3.853008768175630872e-01
3.863049715845826015e-01
3.852334807795353422e-01
3.856798935900074832e-01
3.852849195096124668e-01
3.852216379568387250e-01
3.851909765023421861e-01
3.849308482662208153e-01
3.851326087906135065e-01
3.847778982131720982e-01
3.850827038437339978e-01
3.845773488275669449e-01
3.945209742985167356e-01
3.846815553452966330e-01
3.847286222602895878e-01
3.847340760648899627e-01
3.846260664346455860e-01
3.846653535820241387e-01
3.845700586847602409e-01
3.845641059727134548e-01
3.845192355810297391e-01
3.845261555189225522e-01
3.844336332958429581e-01
3.844518308590611499e-01
3.844074381985872479e-01
3.843711174723223878e-01
3.843777713147871200e-01
3.843388486166562368e-01
3.843125284287352006e-01
3.843189424748317817e-01
3.842684972149896239e-01
3.842944143170671234e-01
3.842481314578052864e-01
3.842459595265964589e-01
3.842344192346821008e-01
3.842104826140322338e-01
3.842118751225667705e-01
3.841905624408145092e-01
3.841863343756796167e-01
3.841653414279401213e-01
3.841726949186046181e-01
3.841418231855811549e-01
3.841511891790514999e-01
3.841302006433815475e-01
3.841273642998435101e-01
3.841212594158823768e-01
3.841076729724132721e-01
3.841072305619739335e-01
3.840914446656285008e-01
3.840905979190691322e-01
3.840786200931400884e-01
3.840755899095807946e-01
3.840651502585590293e-01
3.840615736612321696e-01
3.840534086951230552e-01
3.840463382225491884e-01
3.840421628649437480e-01
3.840327048268872279e-01
3.840294276649584559e-01
3.840212551226552806e-01
3.840167992996489366e-01
3.840099337812690750e-01
3.840049015793839948e-01
3.839983876186400247e-01
3.839929891435220899e-01
3.839874212604790227e-01
3.839812859652816934e-01
3.839764568886538942e-01
3.839704554063617659e-01
3.839655657588457172e-01
3.839597823277490773e-01
3.839547109266819858e-01
3.839494169274226820e-01
3.935773340663902831e-01
3.840229723993187627e-01
3.840560229561266192e-01
3.840209875624971403e-01
3.840297027160307630e-01
3.840218925429558228e-01
3.839936288526569763e-01
3.839930726618172585e-01
3.839997731657436297e-01
3.839859827500968770e-01
3.839680114732016980e-01
3.839583718346567531e-01
3.839487259447845191e-01
3.839340905128643122e-01
3.839325395808851904e-01
3.839247210424143186e-01
3.839085098328795520e-01
3.839068233211497261e-01
3.839028431179575263e-01
3.838925043360894573e-01
3.838881582024350481e-01
3.838814903616963869e-01
3.838700853235139654e-01
3.838636317868056036e-01
3.838590201405393532e-01
3.838530467060872198e-01
3.838477038262244623e-01
3.838417827230817814e-01
3.838346040193517661e-01
3.838283978280944697e-01
3.838248790743888916e-01
3.838198737891892476e-01
3.838141555857654263e-01
3.838097676750225062e-01
3.838040213386759159e-01
3.837984599053186341e-01
3.837943152961912352e-01
3.837892769835784534e-01
3.837838902839964539e-01
3.837794782881135403e-01
3.837745064559210384e-01
3.837696495500587668e-01
3.837653135494859535e-01
3.837605177516901778e-01
3.837555964959243893e-01
3.837509127836512546e-01
3.837464740895751847e-01
3.837418552911534553e-01
3.837371797001257190e-01
3.837327290098223598e-01
3.837280874821505927e-01
3.837233435692704586e-01
3.837189797992168749e-01
3.837145740966715901e-01
3.837100291572007604e-01
3.837056883863803614e-01
3.837012425139525451e-01
3.836967503690672521e-01
3.836924236797966126e-01
3.836880428762452500e-01
3.836836617193709609e-01
3.933451564014278090e-01
3.837617618705772005e-01
3.837998850611692436e-01
3.837602843841397826e-01
3.837738791831746266e-01
3.837655012584138547e-01
3.837309050121303633e-01
3.837395204971906226e-01
3.837471603091723305e-01
3.837272791589840804e-01
3.837151236801095155e-01
3.837028211730716398e-01
3.836904475851857788e-01
3.836834419597668355e-01
3.836798546053793446e-01
3.836710681648871635e-01
3.836561584278517789e-01
3.836535644972380865e-01
3.836523600993205774e-01
3.836420406709813435e-01
3.836374156269565794e-01
3.836308149892760366e-01
3.836183662401903560e-01
3.836145559844923447e-01
3.836114009288277837e-01
3.836034586483623721e-01
3.835999649995980310e-01
3.835940251602269480e-01
3.835855707600258624e-01
3.835826567728835013e-01
3.835787758981961115e-01
3.835729873747080187e-01
3.835692933344309052e-01
3.835641612763233121e-01
3.835584133957311570e-01
3.835544448783381188e-01
3.835499100111073867e-01
3.835450173011665798e-01
3.835407854759129709e-01
3.835361250376206343e-01
3.835315391116654871e-01
3.835272940870618208e-01
3.835230102372487182e-01
3.835185276014474454e-01
3.835139675767483824e-01
3.835097920748395395e-01
3.835055353956104418e-01
3.835010246180620697e-01
3.834968680142912256e-01
3.834926367820041815e-01
3.834880786630590621e-01
3.834838855628266430e-01
3.834797896610134815e-01
3.834754985141842210e-01
3.834713711061169539e-01
3.834672271750472761e-01
3.834629603248837504e-01
3.834588335232821943e-01
3.834547404922845071e-01
3.834505705531517927e-01
3.834464575520847851e-01
3.834423611334552007e-01
3.931114965673697670e-01
3.835295313514400228e-01
3.835668495799157141e-01
3.835249460474615679e-01
3.835449724856994091e-01
3.835334872114836147e-01
3.834914514496292615e-01
3.835056692166464165e-01
3.835130085406336375e-01
3.834869434004334887e-01
3.834824806240352268e-01
3.834720557578588651e-01
3.834518098245600637e-01
3.834485667985157997e-01
3.834438894016112265e-01
3.834293179121980311e-01
3.834228368377510243e-01
3.834219786964833676e-01
3.834145510487506070e-01
3.834071881858210906e-01
3.834021122156829886e-01
3.833917189700472017e-01
3.833834553146396873e-01
3.833797582365710555e-01
3.833745686826198207e-01
3.833697184541322578e-01
3.833646636320594547e-01
3.833572012073678259e-01
3.833513819973347614e-01
3.833477480190036202e-01
3.833432442118718253e-01
3.833388021715412597e-01
3.833343814532235161e-01
3.833293404038766727e-01
3.833245855167017879e-01
3.833200320181642806e-01
3.833155322074892624e-01
3.833109061377294458e-01
3.833063762492742721e-01
3.833021914856711287e-01
3.832978184931761789e-01
3.832937135286781372e-01
3.832895324855689623e-01
3.832847971656262454e-01
3.832805843102597421e-01
3.832766073440998511e-01
3.832720936238738774e-01
3.832679331185220306e-01
3.832639124167604994e-01
3.832594221554170844e-01
3.832552542160056475e-01
3.832513022529549507e-01
3.832470914539881646e-01
3.832429835470533286e-01
3.832389346840736066e-01
3.832347464421710925e-01
3.832306464136541191e-01
3.832266497813980877e-01
3.832226020456483973e-01
3.832185486438368649e-01
3.832145440086289767e-01
3.928481569707089616e-01
3.833047254392336622e-01
3.833445765849374798e-01
3.833035476096078864e-01
3.833282621232804721e-01
3.833200427928263876e-01
3.832761193510387243e-01
3.832908611862366199e-01
3.832963922364704956e-01
3.832607644629194010e-01
3.832522151088350038e-01
3.832444428019872729e-01
3.832226490173150646e-01
3.832242295991942771e-01
3.832244957773253691e-01
3.832043854462749977e-01
3.832000436103591978e-01
3.832024783414055280e-01
3.831897350469400942e-01
3.831837522514011662e-01
3.831800145072749575e-01
3.831645091645400347e-01
3.831574679918927084e-01
3.831559249120836674e-01
3.831472993172989616e-01
3.831429696195594592e-01
3.831391115307766770e-01
3.831302712623544937e-01
3.831265971148509752e-01
3.831243850270006912e-01
3.831186026302955683e-01
3.831143146668681831e-01
3.831102530080657820e-01
3.831043832311974429e-01
3.830996057114571807e-01
3.830957229177296419e-01
3.830906274922159516e-01
3.830858274630862814e-01
3.830816877732086123e-01
3.830768230809032948e-01
3.830724122170066637e-01
3.830685334324074320e-01
3.830637914055566307e-01
3.830592925940614069e-01
3.830555064449684965e-01
3.830510545865766781e-01
3.830467276992260972e-01
3.830428565968461152e-01
3.830384235610872490e-01
3.830341033211127066e-01
3.830301729535151578e-01
3.830260641710685476e-01
3.830219883324768038e-01
3.830179920871441546e-01
3.830138920429657645e-01
3.830098301450368670e-01
3.830058420644623651e-01
3.830018799893612491e-01
3.829979228666176017e-01
3.829939718244139701e-01
3.829900605562303606e-01
3.829861956425715808e-01
3.926023112929816761e-01
3.830768985882150868e-01
3.831138285975477231e-01
3.830728652089278041e-01
3.831019330624686470e-01
3.831002873251887486e-01
3.830695493162515342e-01
3.831031461264551852e-01
3.831339441811176805e-01
3.831355690279050208e-01
3.831691922260374583e-01
3.832213678371988452e-01
3.832854083133280798e-01
3.833992550828849710e-01
3.835595813168412582e-01
3.837774289489640500e-01
3.840807654408706640e-01
3.844867978143541309e-01
3.849609513347462264e-01
3.855095624458769743e-01
3.860293119755393576e-01
3.864618120463503281e-01
3.865240811223087380e-01
3.861777266323667135e-01
3.853483337138047249e-01
3.843386490552174184e-01
3.834558090006150999e-01
3.829710739502224515e-01
3.829459146626507104e-01
3.832603740540558301e-01
3.836989966825407050e-01
3.840284384855119360e-01
3.841180137688662288e-01
3.839227713846393719e-01
3.835543440773232504e-01
3.831687032148678451e-01
3.829191610273653401e-01
3.828654041319413115e-01
3.829737709166171067e-01
3.831532632968353003e-01
3.832990892410123585e-01
3.833454849564652545e-01
3.832751650172965818e-01
3.831320744286396129e-01
3.829750562927451418e-01
3.828616280840618225e-01
3.828204479559387252e-01
3.828449650523454983e-01
3.829060954988985355e-01
3.829676565347106543e-01
3.830008152432303747e-01
3.829921904259804277e-01
3.829491709051596193e-01
3.828880739222024765e-01
3.828303842228212295e-01
3.827920986585817698e-01
3.827790042740183418e-01
3.827870901089803768e-01
3.828065487686672652e-01
3.828258963172020413e-01
3.828359094373014471e-01
3.828330977916256095e-01
3.828182226131254251e-01
3.827960309215953094e-01
3.924008601624056070e-01
3.828643734010479527e-01
3.828954082897347844e-01
3.828423524622110441e-01
3.828580710520355646e-01
3.828451011656235914e-01
3.828034697506451089e-01
3.828224621939354533e-01
3.828348726913340383e-01
3.828074191826855710e-01
3.827967801520227864e-01
3.827905651368497253e-01
3.827727970663175050e-01
3.827666782921942401e-01
3.827607670491108838e-01
3.827434902512688586e-01
3.827370539776837610e-01
3.827338579554335207e-01
3.827246083573524471e-01
3.827192906490861635e-01
3.827102150505395928e-01
3.827012082730111842e-01
3.826984879656875060e-01
3.826927553830330453e-01
3.826877936048352913e-01
3.826840789265495424e-01
3.826750250964388034e-01
3.826692879832744865e-01
3.826672559389588946e-01
3.826612487132186047e-01
3.826558456303019162e-01
3.826519605556966130e-01
3.826458137336014587e-01
3.826400549193904599e-01
3.826364991149947548e-01
3.826319173461798506e-01
3.826265543441830785e-01
3.826224918690198651e-01
3.826180626372859828e-01
3.826133154067213882e-01
3.826093654604029171e-01
3.826048957711348786e-01
3.826003770258519232e-01
3.825964617809536339e-01
3.825921006458796736e-01
3.825879061100219136e-01
3.825838240282223857e-01
3.825792536337556671e-01
3.825750957418038167e-01
3.825711831346543246e-01
3.825670171014493026e-01
3.825630801018503613e-01
3.825591514138727001e-01
3.825549595057903263e-01
3.825510242834669894e-01
3.825473087627721536e-01
3.825434888365832342e-01
3.825398090013239494e-01
3.825363698025663339e-01
3.825330247313358800e-01
3.825300060816589354e-01
3.825274866267689977e-01
3.825254754658820033e-01
3.921144585468167021e-01
3.826402745983560338e-01
3.827048011479931011e-01
3.826958975127517371e-01
3.827653242468205264e-01
3.828261473133738324e-01
3.828935090986998468e-01
3.830526309631367976e-01
3.832643038932788127e-01
3.835519176932912222e-01
3.839506014481534057e-01
3.844992527848634101e-01
3.851653442157392249e-01
3.859180126210779438e-01
3.865728358668784059e-01
3.870124104975387058e-01
3.868144510771842626e-01
3.860275210935952828e-01
3.847359917845430965e-01
3.834960135581597651e-01
3.826877419620916543e-01
3.825071222724299447e-01
3.828590344224824804e-01
3.834249570778703320e-01
3.838751068350517159e-01
3.839667106951190068e-01
3.836909648806271500e-01
3.831780489041385351e-01
3.827026298349075484e-01
3.824517013942860255e-01
3.824798037460349076e-01
3.826975363739645308e-01
3.829419830479314224e-01
3.830714152627894831e-01
3.830203778164849027e-01
3.828322041382770102e-01
3.826031243157769213e-01
3.824383433786127107e-01
3.823876281993859316e-01
3.824410475891278360e-01
3.825418632362591054e-01
3.826240261940613285e-01
3.826503271312156063e-01
3.826109873877205914e-01
3.825285896671090646e-01
3.824404315269654964e-01
3.823772322879414598e-01
3.823524868943294908e-01
3.823639611160933316e-01
3.823950384966205429e-01
3.824251422765944097e-01
3.824400086601045246e-01
3.824327430772550551e-01
3.824066339112373036e-01
3.823711617759354420e-01
3.823378198425426144e-01
3.823150612671228910e-01
3.823063284523030569e-01
3.823095334041510807e-01
3.823190463197232436e-01
3.823283155088876839e-01
3.823317553215690445e-01
3.823272962407350817e-01
3.823159133834542756e-01
3.823006427389855633e-01
3.822852792926004772e-01
3.918676971464730707e-01
3.823700307910191665e-01
3.824155483455171090e-01
3.823878747539508627e-01
3.824232822387064190e-01
3.824204967269940192e-01
3.823929503354467907e-01
3.824039208324052641e-01
3.823904384400593215e-01
3.823580683842667249e-01
3.823338972106651856e-01
3.823063387398126789e-01
3.822939330192199892e-01
3.822906526007900929e-01
3.822711787769511593e-01
3.822636416662468783e-01
3.822728483695649326e-01
3.822657355919523159e-01
3.822597212880944340e-01
3.822613237647535800e-01
3.822476374659402598e-01
3.822363246964152750e-01
3.822334410621764933e-01
3.822240458953503062e-01
3.822145135379305114e-01
3.822051188880190020e-01
3.821954685066914492e-01
3.821906675021650712e-01
3.821850557429267159e-01
3.821790125674685012e-01
3.821755395146016476e-01
3.821705850137360749e-01
3.821646476329502717e-01
3.821616508128863332e-01
3.821584131784437344e-01
3.821532660703534923e-01
3.821496741846048817e-01
3.821462224861440493e-01
3.821418490466106377e-01
3.821382267790369713e-01
3.821340068497696141e-01
3.821298211847117821e-01
3.821263357664579363e-01
3.821219548706338287e-01
3.821181375001314606e-01
3.821149455074773771e-01
3.821109000677958001e-01
3.821074883499737673e-01
3.821050443518263506e-01
3.821024658920662009e-01
3.821003412116669717e-01
3.820991180760097139e-01
3.820985292097751618e-01
3.820991119770643651e-01
3.821013185647401667e-01
3.821055515910845024e-01
3.821125407669915264e-01
3.821233025702293062e-01
3.821389625833808701e-01
3.821619726648920468e-01
3.821943462138926995e-01
3.822403703681878651e-01
3.823039145354851231e-01
3.823927489302906269e-01
3.825129094640325467e-01
3.826784117161765586e-01
3.925022194314028434e-01
3.833866879927964044e-01
3.838739389766960830e-01
3.843867935038093320e-01
3.849458032820228803e-01
3.854453820692828048e-01
3.857141783991799855e-01
3.856697240846249097e-01
3.851457495691866795e-01
3.843407390195292539e-01
3.833703238480894449e-01
3.825677461904336552e-01
3.821360877287023339e-01
3.821073626778112575e-01
3.823445534770575360e-01
3.827134127968602195e-01
3.830416591016930772e-01
3.831504893158096392e-01
3.830298998092898088e-01
3.827489590523630580e-01
3.824211942798046993e-01
3.821524665818058497e-01
3.820172312771601963e-01
3.820177843333125711e-01
3.821161704145822902e-01
3.822375606327063080e-01
3.823246580128650818e-01
3.823530451282142195e-01
3.823048217318501529e-01
3.822053413155245272e-01
3.820961844592991596e-01
3.820067882727609665e-01
3.819520076252798657e-01
3.819384642871755386e-01
3.819550689880401029e-01
3.819851364002832539e-01
3.820141887264995040e-01
3.820282056458015885e-01
3.820253989451380949e-01
3.820064008516484977e-01
3.819743938892450341e-01
3.819401900016221041e-01
3.819106055948422451e-01
3.818874001047131150e-01
3.818741659294064839e-01
3.818695478333550275e-01
3.818700663062054579e-01
3.818734590430668541e-01
3.818762064650680355e-01
3.818762952342554806e-01
3.818735593205613288e-01
3.818673591058043826e-01
3.818584267054363490e-01
3.818486987022082779e-01
3.818385443665585632e-01
3.818286608563834506e-01
3.818198631449439273e-01
3.818123886803626021e-01
3.818061053947648942e-01
3.818009064878890024e-01
3.817964136910503847e-01
3.817924255655963384e-01
3.817886783196101086e-01
3.817848312995889559e-01
3.817808934982738212e-01
3.817768464218099789e-01
3.817725995363930869e-01
3.913511939588529276e-01
3.818825633798214048e-01
3.819365294881006956e-01
3.819128231210750513e-01
3.819427403117948150e-01
3.819400369212482826e-01
3.819350228883095499e-01
3.819614620543919647e-01
3.819538820344625663e-01
3.819501932187005511e-01
3.819569518604214453e-01
3.819443827117508516e-01
3.819446296573657529e-01
3.819606489934659344e-01
3.819534015286132345e-01
3.819553991407039772e-01
3.819670380023325595e-01
3.819728733315706504e-01
3.819820681832288289e-01
3.819922546087228254e-01
3.819983995881516270e-01
3.820248380836213098e-01
3.820497245937448660e-01
3.820751808867212662e-01
3.821073068142459839e-01
3.821486994596783870e-01
3.821908185974032257e-01
3.822532176474294774e-01
3.823122183663495433e-01
3.823923304327599970e-01
3.824712565859396673e-01
3.825748996442436267e-01
3.826730897622666605e-01
3.828067733783608872e-01
3.829109034690171831e-01
3.830526403093798549e-01
3.831511346598868717e-01
3.832745668635803571e-01
3.833316266751949364e-01
3.833861858220138918e-01
3.833508794561168997e-01
3.832962304187877978e-01
3.831470958754950029e-01
3.829685415999878328e-01
3.827239734015239203e-01
3.824674104194979996e-01
3.822072007929726567e-01
3.819818132427628687e-01
3.818046154500029377e-01
3.816882259407804456e-01
3.816322557887146805e-01
3.816295368765852958e-01
3.816693273295793665e-01
3.817346246107938823e-01
3.818167795973250178e-01
3.818931553752159536e-01
3.819715033991803455e-01
3.820223961014133085e-01
3.820726583522060515e-01
3.820869654499213786e-01
3.821065473968079385e-01
3.820915825242678365e-01
3.820927072190183349e-01
3.820654433772153746e-01
3.820652364831774173e-01
3.820430497560030614e-01
3.820548333245871175e-01
3.820495753313649101e-01
3.820834047929433930e-01
3.916882830487938283e-01
3.823160284644622209e-01
3.824209403470162361e-01
3.824871102406579570e-01
3.825622302139518593e-01
3.826353985350973153e-01
3.826725243459622172e-01
3.827611604407963330e-01
3.827264071504771770e-01
3.827352056641866729e-01
3.826605026208109162e-01
3.826017369588875505e-01
3.824579147299648207e-01
3.823571241781721364e-01
3.821909798844120298e-01
3.820558843603097943e-01
3.819074827698393793e-01
3.817721794713394567e-01
3.816699475718837720e-01
3.815863034777361440e-01
3.815218639984040427e-01
3.814958494443786430e-01
3.814860168516684968e-01
3.814862574765678360e-01
3.815000060327896070e-01
3.815151794059425949e-01
3.815448220676548874e-01
3.815746180104296892e-01
3.816061120722941125e-01
3.816310828422413426e-01
3.816670035479119427e-01
3.816883619631431523e-01
3.817280066353023749e-01
3.817487472115878022e-01
3.817914145852252528e-01
3.818136555854991787e-01
3.818668707981558441e-01
3.818902992079971637e-01
3.819563218181099007e-01
3.819774106026874727e-01
3.820525273682667811e-01
3.820710232318901278e-01
3.821576039077156928e-01
3.821705125730363029e-01
3.822599310864247535e-01
3.822666056655487088e-01
3.823572085572286561e-01
3.823645247948048720e-01
3.824608152867058353e-01
3.824740866711021092e-01
3.825850975266451015e-01
3.826381078836881278e-01
3.828009286126207167e-01
3.829451998044883232e-01
3.832055181838006086e-01
3.834665631103436612e-01
3.838153648294398423e-01
3.840995356530216842e-01
3.843418597879578735e-01
3.843387378176008617e-01
3.841022620262320442e-01
3.835402715298439347e-01
3.828182037800524906e-01
3.820770840445055772e-01
3.815226495527663797e-01
3.812530973931885780e-01
3.812708597946941058e-01
3.814897847857660618e-01
3.817808401254709771e-01
3.820251741077737018e-01
3.917220715934079389e-01
3.822758884957022096e-01
3.821936353422155652e-01
3.819689852978638278e-01
3.817651271305623206e-01
3.815896550743750892e-01
3.815256849871164757e-01
3.815860423785548683e-01
3.816509353525048831e-01
3.817703289306060288e-01
3.818800349164150898e-01
3.819662756557106187e-01
3.819620185710254079e-01
3.819805458222081396e-01
3.819102890453840438e-01
3.819319586302458713e-01
3.818944253425683444e-01
3.819607659463427618e-01
3.819935182492695813e-01
3.821309174022635147e-01
3.821663373474351033e-01
3.823097486596221950e-01
3.823020255355602526e-01
3.823658322665436926e-01
3.822742087868785665e-01
3.822498823559198344e-01
3.821008450438766468e-01
3.820384767839740681e-01
3.818608742259640976e-01
3.817696151164599039e-01
3.816106749337572213e-01
3.815211778918518037e-01
3.814082565707384020e-01
3.813332677068577148e-01
3.812557124724099133e-01
3.812030604072121354e-01
3.811563260423463384e-01
3.811212785480407872e-01
3.810941679804457638e-01
3.810727143293871078e-01
3.810583438565338654e-01
3.810493464511753858e-01
3.810438167978289492e-01
3.810432396804115940e-01
3.810466822650142027e-01
3.810524992314829884e-01
3.810634913052301509e-01
3.810763299615643751e-01
3.810946272211688246e-01
3.811148385234278679e-01
3.811457629890814269e-01
3.811778418622739917e-01
3.812338141693362159e-01
3.812883191137713124e-01
3.813883153066963683e-01
3.814793280659807273e-01
3.816572647268426377e-01
3.817995118477206518e-01
3.821001474686340216e-01
3.822807764579406187e-01
3.827176751898838658e-01
3.828613321529078517e-01
3.833418441436139967e-01
3.833081493363175718e-01
3.835994486932462477e-01
3.832773681184432624e-01
3.832075134915334802e-01
3.826771235507201441e-01
3.823479677831355117e-01
3.818494684248877613e-01
3.815140321702254478e-01
3.908194864675336722e-01
3.812207980049550082e-01
3.812300692116440404e-01
3.812393450880328105e-01
3.813399137820725482e-01
3.814355996069864752e-01
3.815717671453018878e-01
3.817230051180715011e-01
3.817675424215017932e-01
3.817877052401001392e-01
3.817739802389592541e-01
3.817477909152153792e-01
3.817041145254925216e-01
3.816809807164384116e-01
3.815702749596208698e-01
3.816022912966536285e-01
3.817010409155816575e-01
3.820632743536723774e-01
3.819970316770634478e-01
3.824641250448919116e-01
3.831967348811700091e-01
3.845796835858971141e-01
3.845775297944765692e-01
3.849888708599407128e-01
3.843508091910390334e-01
3.841726555202604199e-01
3.827482030817295211e-01
3.817541683562158950e-01
3.811480874697202870e-01
3.810543035207343276e-01
3.813345623095489856e-01
3.817309388478085652e-01
3.822023091206959711e-01
3.822196344762188169e-01
3.821748654611336615e-01
3.818079594911541474e-01
3.814679215379110921e-01
3.811227327353745586e-01
3.809498806469280296e-01
3.808839936057963893e-01
3.809503042181923149e-01
3.810703794243731624e-01
3.811658328305008725e-01
3.812918089758658979e-01
3.812483013930192399e-01
3.812082700805730084e-01
3.810877487087787063e-01
3.809763485895324431e-01
3.808675294754014784e-01
3.807871972943293049e-01
3.807454740666670334e-01
3.807452154795667454e-01
3.807716482903245048e-01
3.808078061083841614e-01
3.808517558045071416e-01
3.808783603967891285e-01
3.809006032512908813e-01
3.808906380770079592e-01
3.808783473330658031e-01
3.808483824622027614e-01
3.808299313211960246e-01
3.808148909609359034e-01
3.808232484669058504e-01
3.808568255212734233e-01
3.809269319375948593e-01
3.810439033926441565e-01
3.812155221613429679e-01
3.814552478086804532e-01
3.817842293100364159e-01
3.822032792694387560e-01
3.827429487294017885e-01
3.929073811600588551e-01
3.842555814826070781e-01
3.848666709224550786e-01
3.851837829383392697e-01
3.848460424311344052e-01
3.840391814082863009e-01
3.828882699154410041e-01
3.818146772408806955e-01
3.810745110219434517e-01
3.808708894469348127e-01
3.811481987303898533e-01
3.815659051133611923e-01
3.818723987152076726e-01
3.819094003920595615e-01
3.819227376486470371e-01
3.818486075416215875e-01
3.820404943081654459e-01
3.818730125581196178e-01
3.829434471986038480e-01
3.840486483776938686e-01
3.867893949078903826e-01
3.890154524652013057e-01
3.923983301851528549e-01
3.845094569290775643e-01
3.828621042929891694e-01
3.835150849073820645e-01
3.846489748008098397e-01
3.865644700025364644e-01
3.867098922267720451e-01
3.862130932370555492e-01
3.839564083018208729e-01
3.820251629477114386e-01
3.814869367311146120e-01
3.824077111796421180e-01
3.833174782524640944e-01
3.831573239993598667e-01
3.828090299582527223e-01
3.818520342636310128e-01
3.812788065027558626e-01
3.813250127014537472e-01
3.816223589045920073e-01
3.818456212680193529e-01
3.816169217163600802e-01
3.813890469210974854e-01
3.810701275106420094e-01
3.810306085189574254e-01
3.809846979961122315e-01
3.808908292119778105e-01
3.809544280303098773e-01
3.809907080075827235e-01
3.809464035322676079e-01
3.808383543739185528e-01
3.806707272954364396e-01
3.805297572562097441e-01
3.805414304870021192e-01
3.806408809879103794e-01
3.807212187534259606e-01
3.807146596605821554e-01
3.805882321677761526e-01
3.804418090242466799e-01
3.803840123984266186e-01
3.804101016024965531e-01
3.804760740193960378e-01
3.805240312402954905e-01
3.805012544943697783e-01
3.804301635765868217e-01
3.803695160030771127e-01
3.803417635821944032e-01
3.803466246980012899e-01
3.803662666954504834e-01
3.803690040000370365e-01
3.803500332807351336e-01
3.803372114492155065e-01
3.803276334152201343e-01
3.803164663713932692e-01
3.803077814605230755e-01
3.802934606142029939e-01
3.802776349782041598e-01
3.898850858147280274e-01
3.804024659289555466e-01
3.804683828392187994e-01
3.804472987221114710e-01
3.804523320146557808e-01
3.803962558209368350e-01
3.803600603074646647e-01
3.803695838103127169e-01
3.803388696946337078e-01
3.803339812108824103e-01
3.803388989311394797e-01
3.803094117331956014e-01
3.802891714079494889e-01
3.802747909363685674e-01
3.802586035386368857e-01
3.802652571858866071e-01
3.802548877176690212e-01
3.802346382381864842e-01
3.802283892434230039e-01
3.802095768780073826e-01
3.801972107813292867e-01
3.801995173441298226e-01
3.801936875833548668e-01
3.801905092108714967e-01
3.801837337738439015e-01
3.801696063143464865e-01
3.801643939068803379e-01
3.801589160900287201e-01
3.801515438854019546e-01
3.801473094902964034e-01
3.801394454283485991e-01
3.801333380343762114e-01
3.801289170228803194e-01
3.801211733506348889e-01
3.801160025452068325e-01
3.801126444757433331e-01
3.801081747546050105e-01
3.801051273183148060e-01
3.801010721910171863e-01
3.800965899816959870e-01
3.800945867420252311e-01
3.800926485134653587e-01
3.800921414427898548e-01
3.800945221553154174e-01
3.800993345924766897e-01
3.801082782682626560e-01
3.801246560705850985e-01
3.801464693162703301e-01
3.801845387721035641e-01
3.802357440442324932e-01
3.803219196151288450e-01
3.804330733599229353e-01
3.806250786452721746e-01
3.808507571923976376e-01
4.559896859477572395e-01
3.879091351920219144e-01
3.924360704808413924e-01
3.938853305890642753e-01
3.960493191698619131e-01
3.942193633471510750e-01
3.935838098052047429e-01
3.875706862904274574e-01
3.859404220684117814e-01
3.888627127175459108e-01
3.899909066719169370e-01
3.952655840416206545e-01
3.865353523244839384e-01
1.387825883352526191e+01
2.328032929284538532e+00
2.847435524386104255e+00
2.728546256517263568e+00
2.687681169418334015e+00
2.599399997611565816e+00
2.304090396831185217e+00
2.024450726238293363e+00
1.816381635768826275e+00
1.691870881549025096e+00
1.528276958357023929e+00
1.288791762496059423e+00
1.270504132266994546e+00
1.970748542027622729e+00
1.811955376204311907e+00
1.687672166844405464e+00
1.688361652834420967e+00
1.706728396350519539e+00
1.573096048780902478e+00
1.463461721533799054e+00
1.496250009434752393e+00
1.392843648524489719e+00
1.346336623391412468e+00
1.387418842846056100e+00
1.374879350810103817e+00
1.310280225311541091e+00
1.272134226856393102e+00
1.267894460952522451e+00
1.234815548160518528e+00
1.203339485590127600e+00
1.189437383629178946e+00
1.183917659138615353e+00
1.175451333145552502e+00
1.155991584595096988e+00
1.134443081465397185e+00
1.121505016352789319e+00
1.112837504865482385e+00
1.093787927136629312e+00
1.080336766818121408e+00
1.080148307990746570e+00
1.075192476107440509e+00
1.060861556340515488e+00
1.044849785884014448e+00
1.038386196199317713e+00
1.033086109743964531e+00
1.030844959558873564e+00
1.028166225781171672e+00
1.021207585192204892e+00
1.017068773517540548e+00
1.016429475268588734e+00
1.011722310125135582e+00
1.003979487386188252e+00
1.001573981348323095e+00
1.000731931150353970e+00
9.975500427142575122e-01
9.935005030332414444e-01
9.908723623393186353e-01
9.894681092403416756e-01
9.881361205897054578e-01
9.865990429890877378e-01
1.144584332110827551e+00
1.142529808090157140e+00
1.140996137959975787e+00
1.139081673952714091e+00
1.137008989918677271e+00
1.135626129914668825e+00
1.134917624150428406e+00
1.133926851490839605e+00
1.132419648118919486e+00
1.130922834292499290e+00
1.129727849069987133e+00
1.128659321128837156e+00
1.127465876617749663e+00
1.126289087285571311e+00
1.125363779121953955e+00
1.124587917715511587e+00
1.123675343074301392e+00
1.122697068369219231e+00
1.121772529652476313e+00
1.120839231346500764e+00
1.119928876624338931e+00
1.119067612051148020e+00
1.118215925279009371e+00
1.117399121860285227e+00
1.074139543470539859e+00
1.004881951995277856e+00
8.242192749796869444e-01
6.288844173808305626e-01
6.025883516959600339e-01
6.480544981049204400e-01
6.937416946672769757e-01
6.784291098691611621e-01
6.162076250345136508e-01
5.650478991235629023e-01
5.566975442293206067e-01
5.715504108983052722e-01
5.769757918692095533e-01
5.558736416095249044e-01
4.975184578547940939e-01
4.949732087706146810e-01
5.134337286852063142e-01
5.143613904153785388e-01
4.976363278916821620e-01
4.849931677308586542e-01
4.805441333394820380e-01
4.794289445550350415e-01
4.763873294681218451e-01
4.689870902051728185e-01
4.624524986400873616e-01
4.601664932535944885e-01
4.578577710171737314e-01
4.539004419808482238e-01
4.509899654073730169e-01
4.503745807786561084e-01
4.501651149117228412e-01
4.760934243197829652e-01
4.437718387640915418e-01
4.403671513183405883e-01
4.393649263951674433e-01
4.388331783359812333e-01
4.373384708596759207e-01
4.350472659357141891e-01
4.327245754213926432e-01
4.316774604509817648e-01
4.317450087573842521e-01
4.310618101989383000e-01
4.295183269989152341e-01
4.281587604910641609e-01
4.272114603504524322e-01
4.266920586465379195e-01
4.261666487939100856e-01
4.251159776711933569e-01
4.239878198173560042e-01
4.232373621680559084e-01
4.226951394649630656e-01
4.221997618561265653e-01
4.216084503120677840e-01
4.208752526530906701e-01
4.202570020598178635e-01
4.198028995660476603e-01
4.193201020857168504e-01
4.188198704945593209e-01
4.183285568297410162e-01
4.177886054369699398e-01
4.172908442563781350e-01
4.168891644248475248e-01
4.165202280254658440e-01
4.161759946525721010e-01
4.158009133131675972e-01
4.153387304651279255e-01
4.148855766083687779e-01
4.145212132075904998e-01
4.141994340707513267e-01
4.138646527560699839e-01
4.135006812867104697e-01
4.131265806111278915e-01
4.128012862473761091e-01
4.125268721727889942e-01
4.122415975726224091e-01
4.119283662901681575e-01
4.116011784055370049e-01
4.112811814231921437e-01
4.109957539698758655e-01
4.107296438505886327e-01
4.104508789351113962e-01
4.101641263132693171e-01
4.098841429055440355e-01
4.096157530865957574e-01
4.093603109660093331e-01
4.091072989516668645e-01
4.088491087799366319e-01
4.085948548654778079e-01
4.083507736179480818e-01
4.081118057851531589e-01
4.078734036991905620e-01
4.076340955302237834e-01
4.073958169144005770e-01
4.071649729063822054e-01
4.069413920845005306e-01
4.067193614008284275e-01
4.064976611743297275e-01
4.062773168236755161e-01
4.060602980571488274e-01
4.058481607055863249e-01
4.056389269304639944e-01
4.054311185818236241e-01
4.052258060202531542e-01
4.050227945401821961e-01
4.048215368612622655e-01
4.046231758277495927e-01
4.044279384728458049e-01
4.042350674061245819e-01
4.040440920516529255e-01
4.038544902050555385e-01
4.036668563599894455e-01
4.034823833017833761e-01
4.033006089885696199e-01
4.031204157880710071e-01
4.029417251217658480e-01
4.027650325275508036e-01
4.025907871553587314e-01
4.024188936263440874e-01
4.022487505207976710e-01
4.020802430813182338e-01
4.019137806773572796e-01
4.017494538992422148e-01
4.015870636376496772e-01
4.014264944490334996e-01
4.012676900853227036e-01
4.011107727265996736e-01
4.009558607865063018e-01
4.008027851559611832e-01
4.006514635247520051e-01
4.005019534473426845e-01
4.003542009821055014e-01
4.002081854097802038e-01
4.000639301116246660e-01
3.999214075814788716e-01
3.997806075308135698e-01
3.996415134271216196e-01
3.995040663356924648e-01
3.993682553765457444e-01
3.992341027118275765e-01
3.991015862549243121e-01
3.989706767215531746e-01
3.988413471818189615e-01
3.987135647906613345e-01
3.985873242153727958e-01
3.984626200878096380e-01
3.983394206302439677e-01
3.982177022008601686e-01
3.980974457141247536e-01
3.979786296558048830e-01
3.978612459702329796e-01
3.977452763088610288e-01
3.976306873528762109e-01
3.975174571535520229e-01
3.974055716769910873e-01
3.972950141421803250e-01
3.971857679190028412e-01
3.970778092455166663e-01
3.969711122241804668e-01
3.968656622538003775e-01
3.967614443472379238e-01
3.966584378725547255e-01
3.965566225460313565e-01
3.964559777723832279e-01
3.963564852870593569e-01
3.962581292527025401e-01
3.961608918828043446e-01
3.960647549174254323e-01
3.959697012072688205e-01
3.958757124460946519e-01
3.957827708649209741e-01
3.956908608695292040e-01
3.955999664907855484e-01
3.955100713424651859e-01
3.954211594145693454e-01
3.953332141917172970e-01
3.952462202059624508e-01
3.951601631796104463e-01
3.950750280497554723e-01
3.949907999772804268e-01
3.949074647683932238e-01
3.948250081024199387e-01
3.947434162109295652e-01
3.946626757025504251e-01
3.945827730718223791e-01
3.945036952323798252e-01
3.944254295087292750e-01
3.943479633106627968e-01
3.942712843822078206e-01
3.941953806744859512e-01
3.941202402288572215e-01
3.940458515181082810e-01
3.939722032079350234e-01
3.938992840419859864e-01
3.938270831223322777e-01
3.937555897843112995e-01
3.936847935116447594e-01
3.936146840295938754e-01
3.935452512172162853e-01
3.934764851443881550e-01
3.934083761936109092e-01
3.933409148902799468e-01
3.932740918540796882e-01
3.932078979398744289e-01
3.931423242072852320e-01
3.930773618902257960e-01
3.930130023868536049e-01
3.929492371921818328e-01
3.928860579753779558e-01
3.928234566460204746e-01
3.927614252630780012e-01
3.926999560002869538e-01
3.926390411560175542e-01
3.925786731739617785e-01
3.925188446737123971e-01
3.924595484170506632e-01
3.924007772700782715e-01
3.923425242252622791e-01
3.922847824176293186e-01
3.922275451076248642e-01
3.921708056809160015e-01
3.921145576416946721e-01
3.920587946048139094e-01
3.920035103028883805e-01
3.919486985750608721e-01
3.918943533634676735e-01
3.918404687255596652e-01
3.917870388268040460e-01
3.917340579299271042e-01
3.916815203945613333e-01
3.916294206733463845e-01
3.915777533136760580e-01
3.915265129608653250e-01
3.914756943507007314e-01
3.914252923047813471e-01
3.913753017300650172e-01
3.913257176167976858e-01
3.912765350397873765e-01
3.912277491565195331e-01
3.911793552009464880e-01
3.911313484825632569e-01
3.910837243866581714e-01
3.910364783730559957e-01
3.909896059750380681e-01
3.909431027959910376e-01
3.908969645071715404e-01
3.908511868482041351e-01
3.908057656257609702e-01
3.907606967106384555e-01
3.907159760366046841e-01
3.906715995994569646e-01
3.906275634559117638e-01
3.905838637227088128e-01
3.905404965744627144e-01
3.904974582425125851e-01
3.904547450146754195e-01
3.904123532336815638e-01
3.903702792955100476e-01
3.903285196483442521e-01
3.902870707917747706e-01
3.902459292762950893e-01
3.902050917022221732e-01
3.901645547181091245e-01
3.901243150197925558e-01
3.900843693497250686e-01
3.900447144961139423e-01
3.900053472920828046e-01
3.899662646147248335e-01
3.899274633841811610e-01
3.898889405629424321e-01
3.898506931549808874e-01
3.898127182048752859e-01
3.897750127971814638e-01
3.897375740557411650e-01
3.897003991429219827e-01
3.896634852588697351e-01
3.896268296407763843e-01
3.895904295622724112e-01
3.895542823328916882e-01
3.895183852973916339e-01
3.894827358350351210e-01
3.894473313589306152e-01
3.894121693154465325e-01
3.893772471837354532e-01
3.893425624752275827e-01
3.893081127330337843e-01
3.892738955313695404e-01
3.892399084750139404e-01
3.892061491988252353e-01
3.891726153672681043e-01
3.891393046739114459e-01
3.891062148409322741e-01
3.890733436186640248e-01
3.890406887851534101e-01
3.890082481457269314e-01
3.889760195325644987e-01
3.889440008042641117e-01
3.889121898454142023e-01
3.888805845661915117e-01
3.888491829019684598e-01
3.888179828129435522e-01
3.887869822837743405e-01
3.887561793231979479e-01
3.887255719636587559e-01
3.886951582609511346e-01
3.886649362938888741e-01
3.886349041639798330e-01
3.886050599951003659e-01
3.885754019331562059e-01
3.885459281457617209e-01
3.885166368219342692e-01
3.884875261718007122e-01
3.884585944263067581e-01
3.884298398369179783e-01
3.884012606753256547e-01
3.883728552331739969e-01
3.883446218217869728e-01
3.883165587719132894e-01
3.882886644334632154e-01
3.882609371752474559e-01
3.882333753847195257e-01
3.882059774677273367e-01
3.881787418482747221e-01
3.881516669682867349e-01
3.881247512873735039e-01
3.880979932826014167e-01
3.880713914482665228e-01
3.880449442956735995e-01
3.880186503529221564e-01
3.879925081646954377e-01
3.879665162920496457e-01
3.879406733122057749e-01
3.879149778183446085e-01
3.878894284194113196e-01
3.878640237399179624e-01
3.878387624197571770e-01
3.878136431140076779e-01
3.877886644927512338e-01
3.877638252408852626e-01
3.877391240579499687e-01
3.877145596579461562e-01
3.876901307691629217e-01
3.876658361340062919e-01
3.876416745088256399e-01
3.876176446637522588e-01
3.875937453825320511e-01
3.875699754623657678e-01
3.875463337137510234e-01
3.875228189603204254e-01
3.874994300386903623e-01
3.874761657983081253e-01
3.874530251013029170e-01
3.874300068223350269e-01
3.874071098484509479e-01
3.873843330789382700e-01
3.873616754251821837e-01
3.873391358105278126e-01
3.873167131701397703e-01
3.872944064508660467e-01
3.872722146111033381e-01
3.872501366206633211e-01
3.872281714606409242e-01
3.872063181232851536e-01
3.871845756118722504e-01
3.871629429405751832e-01
3.871414191343424127e-01
3.871200032287711590e-01
3.870986942699867206e-01
3.870774913145235141e-01
3.870563934292045594e-01
3.870353996910236849e-01
3.870145091870299536e-01
3.869937210142113670e-01
3.869730342793845645e-01
3.869524480990788606e-01
3.869319615994276651e-01
3.869115739160589040e-01
3.868912841939841640e-01
3.868710915874952194e-01
3.868509952600548418e-01
3.868309943841942711e-01
3.868110881414099089e-01
3.867912757220591802e-01
3.867715563252599464e-01
3.867519291587934727e-01
3.867323934389997886e-01
3.867129483906855403e-01
3.866935932470226822e-01
3.866743272494566619e-01
3.866551496476080541e-01
3.866360596991827991e-01
3.866170566698766686e-01
3.865981398332857255e-01
3.865793084708140093e-01
3.865605618715861613e-01
3.865418993323563313e-01
3.865233201574235777e-01
3.865048236585422181e-01
3.864864091548387837e-01
3.864680759727249226e-01
3.864498234458154102e-01
3.864316509148438827e-01
3.864135577275829014e-01
3.863955432387600197e-01
3.863776068099800121e-01
3.863597478096436055e-01
3.863419656128706525e-01
3.863242596014214159e-01
3.863066291636202410e-01
3.862890736942788950e-01
3.862715925946230699e-01
3.862541852722159996e-01
3.862368511408870164e-01
3.862195896206577772e-01
3.862024001376692106e-01
3.861852821241134048e-01
3.861682350181601109e-01
3.861512582638903512e-01
3.861343513112244219e-01
3.861175136158568888e-01
3.861007446391865328e-01
3.860840438482524561e-01
3.860674107156659707e-01
3.860508447195479809e-01
3.860343453434622041e-01
3.860179120763534422e-01
3.860015444124833550e-01
3.859852418513695649e-01
3.859690038977229287e-01
3.859528300613873086e-01
3.859367198572803970e-01
3.859206728053320989e-01
3.859046884304277447e-01
3.858887662623493586e-01
3.858729058357177610e-01
3.858571066899352253e-01
3.858413683691326312e-01
3.858256904221098460e-01
3.858100724022826000e-01
3.857945138676288632e-01
3.857790143806349992e-01
3.857635735082410866e-01
3.857481908217905708e-01
3.857328658969784718e-01
3.857175983137983155e-01
3.857023876564938947e-01
3.856872335135064223e-01
3.856721354774276245e-01
3.856570931449523898e-01
3.856421061168243125e-01
3.856271739977947810e-01
3.856122963965709638e-01
3.855974729257723443e-01
3.855827032018841471e-01
3.855679868452093206e-01
3.855533234798272924e-01
3.855387127335468955e-01
3.855241542378636810e-01
3.855096476279159523e-01
3.854951925424427994e-01
3.854807886237401338e-01
3.854664355176208312e-01
3.854521328733716001e-01
3.854378803437143453e-01
3.854236775847631469e-01
3.854095242559860690e-01
3.853954200201657465e-01
3.853813645433603607e-01
3.853673574948644487e-01
3.853533985471720991e-01
3.853394873759385941e-01
3.853256236599446050e-01
3.853118070810570561e-01
3.852980373241963186e-01
3.852843140772974073e-01
3.852706370312777295e-01
3.852570058799988928e-01
3.852434203202357299e-01
3.852298800516403832e-01
3.852163847767078320e-01
3.852029342007453616e-01
3.851895280318380910e-01
3.851761659808174976e-01
3.851628477612280554e-01
3.851495730892971481e-01
3.851363416839035936e-01
3.851231532665472246e-01
3.851100075613172469e-01
3.850969042948636512e-01
3.850838431963667929e-01
3.850708239975090819e-01
3.850578464324443950e-01
3.850449102377717092e-01
3.850320151525047918e-01
3.850191609180463326e-01
3.850063472781596885e-01
3.849935739789411837e-01
3.849808407687942413e-01
3.849681473984026825e-01
3.849554936207041922e-01
3.849428791908653391e-01
3.849303038662552634e-01
3.849177674064220844e-01
3.849052695730656448e-01
3.848928101300154725e-01
3.848803888432053011e-01
3.848680054806491446e-01
3.848556598124184269e-01
3.848433516106185559e-01
3.848310806493651093e-01
3.848188467047622963e-01
3.848066495548791988e-01
3.847944889797303425e-01
3.847823647612501619e-01
3.847702766832736820e-01
3.847582245315159799e-01
3.847462080935494244e-01
3.847342271587830820e-01
3.847222815184434541e-01
3.847103709655537718e-01
3.846984952949127901e-01
3.846866543030768026e-01
3.846748477883400463e-01
3.846630755507142729e-01
3.846513373919100420e-01
3.846396331153192349e-01
3.846279625259957369e-01
3.846163254306367296e-01
3.846047216375658162e-01
3.845931509567138140e-01
3.845816131996027121e-01
3.845701081793269083e-01
3.845586357105372222e-01
3.845471956094230204e-01
3.845357876936966735e-01
3.845244117825764585e-01
3.845130676967694616e-01
3.845017552584565901e-01
3.844904742912775841e-01
3.844792246203125319e-01
3.844680060720690462e-01
3.844568184744664441e-01
3.844456616568187046e-01
3.844345354498227008e-01
3.844234396855416014e-01
3.844123741973908270e-01
3.844013388201224513e-01
3.843903333898138208e-01
3.843793577438515685e-01
3.843684117209171247e-01
3.843574951609755042e-01
3.843466079052597073e-01
3.843357497962591740e-01
3.843249206777052951e-01
3.843141203945582007e-01
3.843033487929966019e-01
3.842926057204004153e-01
3.842818910253446574e-01
3.842712045575799595e-01
3.842605461680274059e-01
3.842499157087602146e-01
3.842393130329976314e-01
3.842287379950878878e-01
3.842181904504997636e-01
3.842076702558122614e-01
3.841971772686996189e-01
3.841867113479220386e-01
3.841762723533166946e-01
3.841658601457823563e-01
3.841554745872736154e-01
3.841451155407861195e-01
3.841347828703481349e-01
3.841244764410101098e-01
3.841141961188346277e-01
3.841039417708851378e-01
3.840937132652167407e-01
3.840835104708664738e-01
3.840733332578437076e-01
3.840631814971197655e-01
3.840530550606184867e-01
3.840429538212081217e-01
3.840328776526897858e-01
3.840228264297917415e-01
3.840128000281551324e-01
3.840027983243313181e-01
3.839928211957669979e-01
3.839828685208002135e-01
3.839729401786496354e-01
3.839630360494048489e-01
3.839531560140201361e-01
3.839432999543052616e-01
3.839334677529172568e-01
3.839236592933517045e-01
3.839138744599363551e-01
3.839041131378207461e-01
3.838943752129704290e-01
3.838846605721586980e-01
3.838749691029576527e-01
3.838653006937325363e-01
3.838556552336329086e-01
3.838460326125863187e-01
3.838364327212896443e-01
3.838268554512023756e-01
3.838173006945402310e-01
3.838077683442674415e-01
3.837982582940895337e-01
3.837887704384462806e-01
3.837793046725066493e-01
3.837698608921594201e-01
3.837604389940081351e-01
3.837510388753648249e-01
3.837416604342414606e-01
3.837323035693459006e-01
3.837229681800743419e-01
3.837136541665047140e-01
3.837043614293919602e-01
3.836950898701590451e-01
3.836858393908937348e-01
3.836766098943416581e-01
3.836674012838994230e-01
3.836582134636099539e-01
3.836490463381555527e-01
3.836398998128535132e-01
3.836307737936494044e-01
3.836216681871114087e-01
3.836125829004252141e-01
3.836035178413876312e-01
3.835944729184032065e-01
3.835854480404761180e-01
3.835764431172071220e-01
3.835674580587870031e-01
3.835584927759910778e-01
3.835495471801760869e-01
3.835406211832720347e-01
3.835317146977790803e-01
3.835228276367640410e-01
3.835139599138510103e-01
3.835051114432206920e-01
3.834962821396037946e-01
3.834874719182756464e-01
3.834786806950535309e-01
3.834699083862896929e-01
3.834611549088678406e-01
3.834524201801992049e-01
3.834437041182162109e-01
3.834350066413699798e-01
3.834263276686243338e-01
3.834176671194521879e-01
3.834090249138317752e-01
3.834004009722404294e-01
3.833917952156520315e-01
3.833832075655326799e-01
3.833746379438359719e-01
3.833660862729989516e-01
3.833575524759374464e-01
3.833490364760442359e-01
3.833405381971821679e-01
3.833320575636826044e-01
3.833235945003397038e-01
3.833151489324076455e-01
3.833067207855970215e-01
3.832983099860694520e-01
3.832899164604359199e-01
3.832815401357511087e-01
3.832731809395117373e-01
3.832648387996505090e-01
3.832565136445348353e-01
3.832482054029622831e-01
3.832399140041561347e-01
3.832316393777639441e-01
3.832233814538520966e-01
3.832151401629037557e-01
3.832069154358143104e-01
3.831987072038890996e-01
3.831905153988394153e-01
3.831823399527799490e-01
3.831741807982244064e-01
3.831660378680828982e-01
3.831579110956587764e-01
3.831498004146460246e-01
3.831417057591255948e-01
3.831336270635607444e-01
3.831255642627972025e-01
3.831175172920577854e-01
3.831094860869396213e-01
3.831014705834124290e-01
3.830934707178138554e-01
3.830854864268484206e-01
3.830775176475822441e-01
3.830695643174432674e-01
3.830616263742151473e-01
3.830537037560369784e-01
3.830457964013991301e-01
3.830379042491414143e-01
3.830300272384488114e-01
3.830221653088513589e-01
3.830143184002185452e-01
3.830064864527583657e-01
3.829986694070158237e-01
3.829908672038669359e-01
3.829830797845186208e-01
3.829753070905068113e-01
3.829675490636914592e-01
3.829598056462560907e-01
3.829520767807035875e-01
3.829443624098567422e-01
3.829366624768513749e-01
3.829289769251386089e-01
3.829213056984789310e-01
3.829136487409414147e-01
3.829060059969012220e-01
3.828983774110373828e-01
3.828907629283297975e-01
3.828831624940581824e-01
3.828755760537985720e-01
3.828680035534218762e-01
3.828604449390912157e-01
3.828529001572601453e-01
3.828453691546706006e-01
3.828378518783495110e-01
3.828303482756088005e-01
3.828228582940405023e-01
3.828153818815183129e-01
3.828079189861918197e-01
3.828004695564866111e-01
3.827930335411018348e-01
3.827856108890075881e-01
3.827782015494443080e-01
3.827708054719187736e-01
3.827634226062038847e-01
3.827560529023363856e-01
3.827486963106143669e-01
3.827413527815952676e-01
3.827340222660952640e-01
3.827267047151848289e-01
3.827194000801910634e-01
3.827121083126912016e-01
3.827048293645141097e-01
3.826975631877366779e-01
3.826903097346829319e-01
3.826830689579221456e-01
3.826758408102665654e-01
3.826686252447708547e-01
3.826614222147287636e-01
3.826542316736724070e-01
3.826470535753706548e-01
3.826398878738261899e-01
3.826327345232772847e-01
3.826255934781904733e-01
3.826184646932649924e-01
3.826113481234264535e-01
3.826042437238273419e-01
3.825971514498470727e-01
3.825900712570862172e-01
3.825830031013680022e-01
3.825759469387366440e-01
3.825689027254544627e-01
3.825618704180017149e-01
3.825548499730737628e-01
3.825478413475813522e-01
3.825408444986464485e-01
3.825338593836046241e-01
3.825268859599988969e-01
3.825199241855821164e-01
3.825129740183147442e-01
3.825060354163614118e-01
3.824991083380919754e-01
3.824921927420789070e-01
3.824852885870960728e-01
3.824783958321175126e-01
3.824715144363157182e-01
3.824646443590608014e-01
3.824577855599186060e-01
3.824509379986500424e-01
3.824441016352099210e-01
3.824372764297442329e-01
3.824304623425896499e-01
3.824236593342739687e-01
3.824168673655113926e-01
3.824100863972041964e-01
3.824033163904405619e-01
3.823965573064922463e-01
3.823898091068153593e-01
3.823830717530475876e-01
3.823763452070079727e-01
3.823696294306950239e-01
3.823629243862851079e-01
3.823562300361332267e-01
3.823495463427699637e-01
3.823428732689009291e-01
3.823362107774053720e-01
3.823295588313361248e-01
3.823229173939163283e-01
3.823162864285416518e-01
3.823096658987748531e-01
3.823030557683490538e-01
3.822964560011639645e-01
3.822898665612844971e-01
3.822832874129420966e-01
3.822767185205314111e-01
3.822701598486101249e-01
3.822636113618986253e-01
3.822570730252772275e-01
3.822505448037865072e-01
3.822440266626260241e-01
3.822375185671535447e-01
3.822310204828828217e-01
3.822245323754843715e-01
3.822180542107828094e-01
3.822115859547571270e-01
3.822051275735395826e-01
3.821986790334138684e-01
3.821922403008150004e-01
3.821858113423275416e-01
3.821793921246866566e-01
3.821729826147736153e-01
3.821665827796186798e-01
3.821601925863985505e-01
3.821538120024337015e-01
3.821474409951909346e-01
3.821410795322801590e-01
3.821347275814541145e-01
3.821283851106073159e-01
3.821220520877754434e-01
3.821157284811343979e-01
3.821094142589998577e-01
3.821031093898249464e-01
3.820968138422018434e-01
3.820905275848577864e-01
3.820842505866578476e-01
3.820779828166011027e-01
3.820717242438209649e-01
3.820654748375854060e-01
3.820592345672942924e-01
3.820530034024789412e-01
3.820467813128030077e-01
3.820405682680594328e-01
3.820343642381716087e-01
3.820281691931915469e-01
3.820219831032984903e-01
3.820158059388002458e-01
3.820096376701306862e-01
3.820034782678479179e-01
3.819973277026379455e-01
3.819911859453088976e-01
3.819850529667931371e-01
3.819789287381459286e-01
3.819728132305448831e-01
3.819667064152879599e-01
3.819606082637954647e-01
3.819545187476059978e-01
3.819484378383792844e-01
3.819423655078915125e-01
3.819363017280387185e-01
3.819302464708330680e-01
3.819241997084035778e-01
3.819181614129952829e-01
3.819121315569677932e-01
3.819061101127966817e-01
3.819000970530699868e-01
3.818940923504892671e-01
3.818880959778691020e-01
3.818821079081362591e-01
3.818761281143279729e-01
3.818701565695927780e-01
3.818641932471891209e-01
3.818582381204848053e-01
3.818522911629564920e-01
3.818463523481891997e-01
3.818404216498753057e-01
3.818344990418142126e-01
3.818285844979122379e-01
3.818226779921806147e-01
3.818167794987360475e-01
3.818108889918003790e-01
3.818050064456991466e-01
3.817991318348610830e-01
3.817932651338183936e-01
3.817874063172049248e-01
3.817815553597569966e-01
3.817757122363114597e-01
3.817698769218059729e-01
3.817640493912785038e-01
3.817582296198663849e-01
3.817524175828063693e-01
3.817466132554324654e-01
3.817408166131781577e-01
3.817350276315730762e-01
3.817292462862440505e-01
3.817234725529147221e-01
3.817177064074041004e-01
3.817119478256264520e-01
3.817061967835905234e-01
3.817004532574003739e-01
3.816947172232523777e-01
3.816889886574375002e-01
3.816832675363387439e-01
3.816775538364309828e-01
3.816718475342818495e-01
3.816661486065497932e-01
3.816604570299838572e-01
3.816547727814242341e-01
3.816490958377992126e-01
3.816434261761275648e-01
3.816377637735179351e-01
3.816321086071653990e-01
3.816264606543545712e-01
3.816208198924562200e-01
3.816151862989293764e-01
3.816095598513191689e-01
3.816039405272566576e-01
3.815983283044590557e-01
3.815927231607280090e-01
3.815871250739508724e-01
3.815815340220988783e-01
3.815759499832270252e-01
3.815703729354744667e-01
3.815648028570628458e-01
3.815592397262966284e-01
3.815536835215624367e-01
3.815481342213286053e-01
3.815425918041453479e-01
3.815370562486433137e-01
3.815315275335336986e-01
3.815260056376078568e-01
3.815204905397376889e-01
3.815149822188733664e-01
3.815094806540445527e-01
3.815039858243590709e-01
3.814984977090034590e-01
3.814930162872415265e-01
3.814875415384147428e-01
3.814820734419416270e-01
3.814766119773169151e-01
3.814711571241117816e-01
3.814657088619731184e-01
3.814602671706236459e-01
3.814548320298608575e-01
3.814494034195572980e-01
3.814439813196593976e-01
3.814385657101877491e-01
3.814331565712369421e-01
3.814277538829744518e-01
3.814223576256411952e-01
3.814169677795495317e-01
3.814115843250849291e-01
3.814062072427051309e-01
3.814008365129386569e-01
3.813954721163846373e-01
3.813901140337145335e-01
3.813847622456693065e-01
3.813794167330609164e-01
3.813740774767694353e-01
3.813687444577460450e-01
3.813634176570108170e-01
3.813580970556525451e-01
3.813527826348276917e-01
3.813474743757627183e-01
3.813421722597494790e-01
3.813368762681498825e-01
3.813315863823913410e-01
3.813263025839692677e-01
3.813210248544451897e-01
3.813157531754465257e-01
3.813104875286674189e-01
3.813052278958674046e-01
3.812999742588713548e-01
3.812947265995694779e-01
3.812894848999160979e-01
3.812842491419306534e-01
3.812790193076966427e-01
3.812737953793615686e-01
3.812685773391364386e-01
3.812633651692955428e-01
3.812581588521758436e-01
3.812529583701774194e-01
3.812477637057638535e-01
3.812425748414587368e-01
3.812373917598495532e-01
3.812322144435838500e-01
3.812270428753722906e-01
3.812218770379843802e-01
3.812167169142530732e-01
3.812115624870696107e-01
3.812064137393866292e-01
3.812012706542169393e-01
3.811961332146326376e-01
3.811910014037649397e-01
3.811858752048054577e-01
3.811807546010040348e-01
3.811756395756691895e-01
3.811705301121680600e-01
3.811654261939266819e-01
3.811603278044276566e-01
3.811552349272121498e-01
3.811501475458792809e-01
3.811450656440847351e-01
3.811399892055410410e-01
3.811349182140184033e-01
3.811298526533420938e-01
3.811247925073957266e-01
3.811197377601167613e-01
3.811146883954997788e-01
3.811096443975946491e-01
3.811046057505064755e-01
3.810995724383959282e-01
3.810945444454778563e-01
3.810895217560226200e-01
3.810845043543538146e-01
3.810794922248508243e-01
3.810744853519462128e-01
3.810694837201257235e-01
3.810644873139300559e-01
3.810594961179517570e-01
3.810545101168378856e-01
3.810495292952874591e-01
3.810445536380530074e-01
3.810395831299389080e-01
3.810346177558018299e-01
3.810296575005510666e-01
3.810247023491473151e-01
3.810197522866033415e-01
3.810148072979831491e-01
3.810098673684021997e-01
3.810049324830270256e-01
3.810000026270743412e-01
3.809950777858130411e-01
3.809901579445609254e-01
3.809852430886871977e-01
3.809803332036108547e-01
3.809754282748004650e-01
3.809705282877746679e-01
3.809656332281021740e-01
3.809607430813998219e-01
3.809558578333350209e-01
3.809509774696222539e-01
3.809461019760277400e-01
3.809412313383623294e-01
3.809363655424905515e-01
3.809315045743190131e-01
3.809266484198101099e-01
3.809217970649644291e-01
3.809169504958429542e-01
3.809121086985395310e-01
3.809072716592165064e-01
3.809024393640563222e-01
3.808976117993323474e-01
3.808927889513155085e-01
3.808879708064091263e-01
3.808831573509841584e-01
3.808783485716360495e-01
3.808735444549003479e-01
3.808687449877659059e-01
3.808639501572184671e-01
3.808591599513515003e-01
3.808543743587894936e-01
3.808495933713690884e-01
3.808448169841852637e-01
3.808400452030253902e-01
3.808352780491068290e-01
3.808305155828803912e-01
3.808257579324394460e-01
3.808210053793449346e-01
3.808162584952611285e-01
3.808115184783611440e-01
3.808067877711472371e-01
3.808020714536042295e-01
3.807973799961558714e-01
3.807927352467485593e-01
3.807881827431370270e-01
3.807838181448301995e-01
3.807798429359716685e-01
3.807766835890045720e-01
3.807752471925488491e-01
3.807774668517670547e-01
3.807874882682324436e-01
3.808141676085936012e-01
3.808765249193037383e-01
3.810145333310627214e-01
3.813112948729233675e-01
3.819242599032517949e-01
3.831155250318840078e-01
3.851175960254600295e-01
3.876246333568555413e-01
3.889605315282561593e-01
3.870479024751293240e-01
3.832553888426028510e-01
3.812211953719860658e-01
3.822107804494812022e-01
3.838675545480466633e-01
3.839293792849500786e-01
3.827038675989458127e-01
3.815645968962860790e-01
3.814349864170306637e-01
3.820878759354019438e-01
3.825584627319011943e-01
3.820578815661016536e-01
3.810444236056591549e-01
3.809236220736186285e-01
3.817146520766762086e-01
3.819442075541677473e-01
3.811776997788324239e-01
3.806377641468673412e-01
3.810451647192128477e-01
3.814903304614866708e-01
3.811871872378613801e-01
3.807193963563723638e-01
3.807576451269908402e-01
3.810259657499202035e-01
3.810255107697270716e-01
3.808162275946754272e-01
3.807076580629094598e-01
3.807421307195039129e-01
3.808040181567226568e-01
3.808116823786396599e-01
3.807288418408308894e-01
3.806279116489895697e-01
3.806369577748820454e-01
3.807247181494644028e-01
3.807209177788805077e-01
3.806073453624059244e-01
3.805561206341170899e-01
3.806235578667208075e-01
3.806654588726404720e-01
3.806031257819756375e-01
3.805387595493163744e-01
3.805545374121190871e-01
3.805906756788551837e-01
3.805775209590915309e-01
3.805397875661332696e-01
3.805250170389768982e-01
3.805308785615357237e-01
3.805341359241711241e-01
3.805279357831578002e-01
3.805140732302734752e-01
3.804983407385778005e-01
3.804933366561584762e-01
3.804998606210037715e-01
3.804991799663182128e-01
3.804825479986346792e-01
3.804676072000329201e-01
3.804689487182769669e-01
3.804743096159258209e-01
3.804670209394179770e-01
3.804527088708451465e-01
3.804461221235284074e-01
3.804471716902834144e-01
3.804454316533440461e-01
3.804379537251537657e-01
3.804302539787956516e-01
3.804255131777056764e-01
3.804222230975718433e-01
3.804187679316389792e-01
3.804144309512406119e-01
3.804087032853791239e-01
3.804026081185868380e-01
3.803983203964781401e-01
3.803956899657575108e-01
3.803919287895932144e-01
3.803859872388935526e-01
3.803801883340574563e-01
3.803764183855127823e-01
3.803733810594854825e-01
3.803690562064739877e-01
3.803637030124160656e-01
3.803588540224878689e-01
3.803548825674120115e-01
3.803509875465903578e-01
3.803466867752580693e-01
3.803421663620792925e-01
3.803376464870838469e-01
3.803332189913261052e-01
3.803290106171681173e-01
3.803249764558210844e-01
3.803207843065411486e-01
3.803162681061386663e-01
3.803117397444646386e-01
3.803075420570127818e-01
3.803035384412253861e-01
3.802993524489087229e-01
3.802949259837453688e-01
3.802905296205363883e-01
3.802863250260027361e-01
3.802821967854038143e-01
3.802779954310707700e-01
3.802737234685041878e-01
3.802694505991543461e-01
3.802652030093036650e-01
3.802609830969366778e-01
3.802567979671697129e-01
3.802526237691875588e-01
3.802484108082218039e-01
3.802441565929575162e-01
3.802399219690670851e-01
3.802357470806014828e-01
3.802315954011235011e-01
3.802274104179100833e-01
3.802231918629979113e-01
3.802189833978318334e-01
3.802148074216202822e-01
3.802106462131725206e-01
3.802064782842735080e-01
3.802023027855916393e-01
3.801981276672382615e-01
3.801939558667588037e-01
3.801897894265604538e-01
3.801856328526243001e-01
3.801814847946415332e-01
3.801773355761439710e-01
3.801731793496793133e-01
3.801690229604668403e-01
3.801648768192129602e-01
3.801607413798376855e-01
3.801566081577476552e-01
3.801524716870542386e-01
3.801483348504696713e-01
3.801442026929148232e-01
3.801400762472341710e-01
3.801359536112488557e-01
3.801318336459298397e-01
3.801277162664088438e-01
3.801236008762077789e-01
3.801194870069669052e-01
3.801153757573662029e-01
3.801112689122301269e-01
3.801071665562077984e-01
3.801030668214329111e-01
3.800989682655683821e-01
3.800948714586154242e-01
3.800907779316619606e-01
3.800866882458243667e-01
3.800826017520272382e-01
3.800785177518597457e-01
3.800744361753826128e-01
3.800703572203426028e-01
3.800662809063214409e-01
3.800622072515136840e-01
3.800581364877815282e-01
3.800540688108374199e-01
3.800500040391455725e-01
3.800459417590193456e-01
3.800418818111592212e-01
3.800378244379097881e-01
3.800337699515353163e-01
3.800297183880816387e-01
3.800256695545504715e-01
3.800216232987688736e-01
3.800175796227127645e-01
3.800135385782481556e-01
3.800095001662803229e-01
3.800054643799625764e-01
3.800014312564649610e-01
3.799974008400590630e-01
3.799933731016192917e-01
3.799893479496239679e-01
3.799853253266177733e-01
3.799813052569293026e-01
3.799772878043713997e-01
3.799732729924153452e-01
3.799692607913693343e-01
3.799652511630409180e-01
3.799612440927299106e-01
3.799572395817071291e-01
3.799532376225373542e-01
3.799492382026445347e-01
3.799452413202326628e-01
3.799412469863491237e-01
3.799372552062810771e-01
3.799332659659406253e-01
3.799292792410625674e-01
3.799252950158393816e-01
3.799213132897594214e-01
3.799173340670007892e-01
3.799133573459635982e-01
3.799093831180768710e-01
3.799054113755939155e-01
3.799014421135099573e-01
3.798974753265907389e-01
3.798935110061975040e-01
3.798895491419274073e-01
3.798855897273286653e-01
3.798816327595864184e-01
3.798776782370968386e-01
3.798737261549018362e-01
3.798697765052150288e-01
3.798658292802931102e-01
3.798618844737966516e-01
3.798579420807027818e-01
3.798540020951011176e-01
3.798500645106403506e-01
3.798461293212260781e-01
3.798421965219585528e-01
3.798382661083314904e-01
3.798343380751431075e-01
3.798304124161388517e-01
3.798264891247993269e-01
3.798225681951131749e-01
3.798186496216535701e-01
3.798147333991576113e-01
3.798108195219421779e-01
3.798069079843769957e-01
3.798029987808289043e-01
3.797990919061472459e-01
3.797951873550561297e-01
3.797912851221022512e-01
3.797873852016003804e-01
3.797834875878019489e-01
3.797795922752734699e-01
3.797756992586043823e-01
3.797718085325197945e-01
3.797679200915544673e-01
3.797640339302926771e-01
3.797601500433532840e-01
3.797562684254796594e-01
3.797523890714266104e-01
3.797485119759136385e-01
3.797446371335783666e-01
3.797407645390871722e-01
3.797368941871394066e-01
3.797330260725028106e-01
3.797291601899667746e-01
3.797252965342745590e-01
3.797214351002171084e-01
3.797175758825420133e-01
3.797137188761174897e-01
3.797098640757680110e-01
3.974810200155017847e-01
3.799358040204164344e-01
3.800266738456824500e-01
3.800462943602358479e-01
3.801250986833469847e-01
3.800590751391148547e-01
3.800636735735775096e-01
3.801278011265064039e-01
3.800718488555885344e-01
3.800592563620185382e-01
3.800342070739137212e-01
3.799554477083909587e-01
3.799383658230480743e-01
3.799006578680315105e-01
3.798454558095123446e-01
3.798259523780773139e-01
3.797895732940659297e-01
3.797659419639176637e-01
3.797575078434733409e-01
3.797268239024729208e-01
3.797093136441201389e-01
3.797016418364597135e-01
3.796876211174342597e-01
3.796903023643265485e-01
3.796819002686078193e-01
3.796718340463050567e-01
3.796734367881179906e-01
3.796679154159585678e-01
3.796683671256979031e-01
3.796653123154334342e-01
3.796596218424536096e-01
3.796620763070009952e-01
3.796603985071108633e-01
3.796585803435035267e-01
3.796593434779760301e-01
3.796569554706087368e-01
3.796589854399982644e-01
3.796630345863746814e-01
3.796665447623459588e-01
3.796756116834180128e-01
3.796865684767933846e-01
3.796997519515777908e-01
3.797206428558634883e-01
3.797445404121748691e-01
3.797765783171373477e-01
3.798173537466408844e-01
3.798692950771559440e-01
3.799326502795408733e-01
3.800129470302803236e-01
3.801027620052424560e-01
3.802126419906998178e-01
3.803245380290423694e-01
3.804481292612119647e-01
3.805494875002870536e-01
3.806346033237745785e-01
3.806582744874100754e-01
3.806343060580792415e-01
3.805231450176198571e-01
3.803615376376429658e-01
3.801456512509864272e-01
3.799253154091223328e-01
3.797259918983756366e-01
3.795802653298770979e-01
3.794990431068102632e-01
3.794806072214876869e-01
3.795107256900502879e-01
3.795692682940167151e-01
3.796359385106335971e-01
3.796916529270689677e-01
3.797263756450243721e-01
3.797311718654418078e-01
3.797103929933024480e-01
3.796663734741877461e-01
3.796112988308353864e-01
3.795529409592215409e-01
3.795012601118686879e-01
3.794614548557522227e-01
3.794365175534550327e-01
3.794257573327968203e-01
3.794265489938087876e-01
3.794350491320941376e-01
3.794470761999724218e-01
3.794592165634078085e-01
3.794685707708456146e-01
3.794738162809302429e-01
3.794739328380506982e-01
3.794695834658635691e-01
3.794610015369493938e-01
3.794497848354467795e-01
3.794366468360605427e-01
3.794230299476070156e-01
3.794095802854201560e-01
3.793971392320036884e-01
3.793859912957946445e-01
3.793763872848894825e-01
3.793682844475066429e-01
3.793615839363535525e-01
3.793560739925884162e-01
3.793515318534617098e-01
3.793477362110704298e-01
3.793444896428108670e-01
3.793416378421471391e-01
3.793390551713738956e-01
3.793366639976550325e-01
3.793344142621195569e-01
3.793322960110576125e-01
3.793303146117884550e-01
3.793285235177377146e-01
3.793269623656094769e-01
3.793257515801898294e-01
3.793249698180818363e-01
3.793248285924153418e-01
3.793254682214527995e-01
3.793272565421037523e-01
3.793304414533918978e-01
3.793356824295209817e-01
3.793434275886820584e-01
3.793548839480168078e-01
3.793708341810909657e-01
3.793935331322253468e-01
3.794242815770559885e-01
3.794672801348137892e-01
3.795243750555157836e-01
3.796031490495438421e-01
3.797049292203752979e-01
3.798423086079033006e-01
3.800110440468199569e-01
3.802281373996075908e-01
3.804681496658010031e-01
3.807448375853001443e-01
3.809826073566351945e-01
3.811826544682368478e-01
3.812162535804373698e-01
3.811049128510239359e-01
3.807704231077159163e-01
3.803279524245164467e-01
3.798436106916344146e-01
3.794585646003968415e-01
3.792428473665598321e-01
3.792140459442819300e-01
3.793287558667252091e-01
3.795098118475109250e-01
3.796796682301594172e-01
3.797695928034545698e-01
3.797612733419966635e-01
3.796530243625804713e-01
3.794951962868904349e-01
3.793341505657037982e-01
3.792183724658176325e-01
3.791689648164506821e-01
3.791825136702414167e-01
3.792363604009699740e-01
3.792998984328009859e-01
3.793473485114759458e-01
3.793609162689460801e-01
3.793403785984612031e-01
3.792923787988106143e-01
3.792343521163211162e-01
3.791810895863483299e-01
3.791445189466825516e-01
3.791287961285084163e-01
3.791315929790169403e-01
3.791461272252125703e-01
3.791640294173970749e-01
3.791782147933051572e-01
3.791837275258922446e-01
3.791795781438868640e-01
3.791666193111945526e-01
3.791484646033903005e-01
3.791285549036433888e-01
3.791104676972913423e-01
3.790963619883093716e-01
3.790872198092923862e-01
3.790827764157070900e-01
3.790819395828662897e-01
3.790832162569933717e-01
3.790850923922033933e-01
3.790863672015639674e-01
3.790861836591153389e-01
3.790842461278918218e-01
3.790804892305257301e-01
3.790752884378967291e-01
3.790690037956387370e-01
3.790621870165409302e-01
3.790552249702455745e-01
3.790485046565744698e-01
3.790422369054958773e-01
3.790365617767441631e-01
3.790315040543928982e-01
3.790270297224150875e-01
3.790230572392740971e-01
3.790194864560210153e-01
3.790162150811454689e-01
3.790131504866173784e-01
3.790102164163987597e-01
3.790073543983515925e-01
3.790045270427531143e-01
3.790017100793432459e-01
3.789988998755378091e-01
3.789960954134801163e-01
3.789933170474797941e-01
3.789905780409206226e-01
3.789879183870918933e-01
3.789853628996878165e-01
3.789829741008047259e-01
3.789807924035039632e-01
3.789789166607456794e-01
3.789774165766205405e-01
3.789764575050149631e-01
3.789761656263935241e-01
3.789768323318768450e-01
3.789786920607015608e-01
3.789822805425258068e-01
3.789880372923660756e-01
3.789969787183011252e-01
3.790099240836664052e-01
3.790288437962479606e-01
3.790552201099456342e-01
3.790929011508132884e-01
3.791443536367025136e-01
3.792169690939664606e-01
3.793139532285210724e-01
3.794486501998738381e-01
3.796215736068757618e-01
3.798532909446529215e-01
3.801271144080774489e-01
3.804642270397687875e-01
3.807935004929027256e-01
3.811185047164566964e-01
3.812800262457157752e-01
3.812821814399901532e-01
3.809773265948372956e-01
3.804848068632232239e-01
3.798596475185532784e-01
3.793120907812341791e-01
3.789633433082484348e-01
3.788714909459171554e-01
3.789947380106782338e-01
3.792294863171700170e-01
3.794607723263374588e-01
3.795839346771859302e-01
3.795684853930302860e-01
3.794143382595819292e-01
3.791988767193852916e-01
3.789942883636375770e-01
3.788669224256092094e-01
3.788382402369926960e-01
3.788902415357964237e-01
3.789800433975081817e-01
3.790593117650041810e-01
3.790964799424837439e-01
3.790768318539330384e-01
3.790147998519327599e-01
3.789325023887883392e-01
3.788590262628949157e-01
3.788129388388959962e-01
3.788005481980325495e-01
3.788155512470254282e-01
3.788441612594399266e-01
3.788716123352172671e-01
3.788862118116294586e-01
3.788838232759182967e-01
3.788652187448391939e-01
3.788372753970651319e-01
3.788073357869960467e-01
3.787825230693706580e-01
3.787667686384635912e-01
3.787608414070943730e-01
3.787627585054206270e-01
3.787689908964139152e-01
3.787757822962257159e-01
3.787800101909272188e-01
3.787800623869894134e-01
3.787754597433107273e-01
3.787671916819695395e-01
3.787566137901641761e-01
3.787455014107214968e-01
3.787352184881531136e-01
3.787267525181904904e-01
3.787204893054699761e-01
3.787163398711012041e-01
3.787138643997873810e-01
3.787124517209613517e-01
3.787114792354921433e-01
3.787104138970552869e-01
3.787088958059065535e-01
3.787067067765868544e-01
3.787038219619810464e-01
3.787002819484645566e-01
3.786962495535085571e-01
3.786918617560680600e-01
3.786873008413998432e-01
3.786826832119795094e-01
3.786781265494668092e-01
3.786736860836322216e-01
3.786694043330918191e-01
3.786652851014428722e-01
3.786613245777556425e-01
3.786575034170199805e-01
3.786538013477851461e-01
3.786501952926284442e-01
3.786466653233413471e-01
3.786431940931069828e-01
3.786397681640458202e-01
3.786363769911553767e-01
3.786330128406306117e-01
3.786296701448730873e-01
3.786263452938417040e-01
3.786230360962308250e-01
3.786197414827366936e-01
3.786164614336287593e-01
3.786131970039275929e-01
3.786099506733585085e-01
3.786067263005947758e-01
3.786035300342612819e-01
3.786003703939213594e-01
3.785972603637496881e-01
3.785942175242491547e-01
3.785912685798155097e-01
3.972952635059630033e-01
3.788967614149076901e-01
3.790283828550518042e-01
3.791107668446411783e-01
3.792547067717694231e-01
3.793372758970741665e-01
3.795622204281616230e-01
3.798381151326405969e-01
3.801383633142114693e-01
3.805637458039752286e-01
3.809076666496480357e-01
3.812998098214684384e-01
3.836028519263722236e-01
3.816585713988481232e-01
3.814910273345881730e-01
3.810981765042816827e-01
3.804550184973612970e-01
3.798266991083184552e-01
3.793212627452088315e-01
3.791116746764811585e-01
3.791374496493744584e-01
3.792845553746679865e-01
3.794455050696275422e-01
3.794632829431697774e-01
3.793738144516300426e-01
3.791906232975213453e-01
3.789742485894225799e-01
3.788225626583390793e-01
3.787670839616205654e-01
3.787871682412355945e-01
3.788513879541103302e-01
3.788905522812241466e-01
3.788866021132355488e-01
3.788360578989362626e-01
3.787531663839073248e-01
3.786695778918971467e-01
3.786097960249899530e-01
3.785893977675861555e-01
3.785975616119618414e-01
3.786184572053878372e-01
3.786391934717940333e-01
3.786372874611151351e-01
3.786153523953564859e-01
3.785797158837199694e-01
3.785391425498567664e-01
3.785071740293696196e-01
3.784905683838449830e-01
3.784885530479651372e-01
3.784991806157917971e-01
3.785117029552235168e-01
3.785167327435561835e-01
3.785119814042759434e-01
3.784959591572257254e-01
3.784748183294163737e-01
3.784535541277948001e-01
3.784381070349434051e-01
3.784307895422770462e-01
3.784304210644272026e-01
3.784350294579242879e-01
3.784397668225110145e-01
3.784413747966697272e-01
3.784389461974343449e-01
3.784314451592987183e-01
3.784211183585166616e-01
3.784100412341231401e-01
3.784000119430021014e-01
3.783927025739607930e-01
3.783884008157982204e-01
3.783865022414902857e-01
3.783858958473004241e-01
3.783854109420793366e-01
3.783842662833177273e-01
3.783818454245292950e-01
3.783781999152387998e-01
3.783736215841323469e-01
3.783684505478009941e-01
3.783632315390721979e-01
3.783582738882619867e-01
3.783536427909957034e-01
3.783495507264539315e-01
3.783458243540226418e-01
3.783423552217621832e-01
3.783390866899142280e-01
3.783358899933746411e-01
3.783327500479835015e-01
3.783296160597923175e-01
3.783265208595570361e-01
3.783234316837210676e-01
3.783203331218594201e-01
3.783172664724924195e-01
3.783141745083208329e-01
3.783110433870053302e-01
3.783078810148488014e-01
3.783046446321369771e-01
3.783013717848688895e-01
3.782980573032176941e-01
3.782947084845565411e-01
3.782913497631169575e-01
3.782879985708506587e-01
3.782846728243926537e-01
3.782813798152522278e-01
3.782781323975974441e-01
3.782749490830920602e-01
3.782718210797858527e-01
3.782687718010964151e-01
3.782658046695268617e-01
3.782629362363805758e-01
3.782601911458974842e-01
3.782576042414457773e-01
3.782552213163692945e-01
3.782531146875345862e-01
3.782513712119657256e-01
3.782501400840558858e-01
3.782495897487053726e-01
3.782500190318692779e-01
3.782517723067548854e-01
3.782554532647400269e-01
3.782617676542284757e-01
3.782719898034022643e-01
3.782875536108049053e-01
3.783111944951898509e-01
3.783458090745176472e-01
3.783972617042385411e-01
3.784710689720587329e-01
3.785795309446550738e-01
3.787313695123506463e-01
3.789501478611390084e-01
3.792414394995617943e-01
3.796401127867237713e-01
3.801124248935181527e-01
3.806787506652715702e-01
3.811720029182662506e-01
3.815593299498449831e-01
3.815313255958329708e-01
3.811510309116729056e-01
3.803486948360157438e-01
3.794829349480336456e-01
3.787917572451329762e-01
3.784836623645800868e-01
3.785495942995327212e-01
3.788202625438836235e-01
3.790827857046141225e-01
3.791500333297139758e-01
3.789992767218157699e-01
3.787064184326925931e-01
3.784472734288011342e-01
3.783332997678006127e-01
3.783803746833759307e-01
3.785093809090409600e-01
3.786003646517162036e-01
3.785838209976022939e-01
3.784548350902028346e-01
3.782899761356087742e-01
3.781733642125446049e-01
3.781534202734476713e-01
3.782156504012907927e-01
3.783018724350978301e-01
3.783521611524824357e-01
3.783318129107815508e-01
3.782555105338699653e-01
3.781629837686190099e-01
3.780996102097299305e-01
3.780864711267005185e-01
3.781149819940508028e-01
3.781573296714480503e-01
3.781842037442135762e-01
3.781811170051872506e-01
3.781504457147261133e-01
3.781094911255814539e-01
3.780764297407978036e-01
3.780623669189869251e-01
3.780666792116128549e-01
3.780801410455187361e-01
3.780913559757821396e-01
3.780924241454620138e-01
3.780822773736146614e-01
3.780651504635658133e-01
3.780480082460063729e-01
3.780363475860488154e-01
3.780322629160079440e-01
3.780341607097175149e-01
3.780382499939157204e-01
3.780406428516888129e-01
3.780389088822017629e-01
3.780328738110176889e-01
3.780240301569532946e-01
3.780147382527512256e-01
3.780070199589543600e-01
3.780019388531696833e-01
3.779993947816723265e-01
3.779984350996613007e-01
3.779977959596300119e-01
3.779964033521908684e-01
3.779937112249958653e-01
3.779897279353880424e-01
3.779849183627380649e-01
3.779799073309787483e-01
3.779752664562243680e-01
3.779713310373575830e-01
3.779681618172511803e-01
3.779655870240545834e-01
3.779633064247608365e-01
3.779610098930888951e-01
3.779584587192615919e-01
3.779555447106074939e-01
3.779522705859137965e-01
3.779487434537510682e-01
3.779451042093515678e-01
3.779415039672411325e-01
3.779380543334489584e-01
3.779348233312700422e-01
3.779318288368537782e-01
3.779290528462077581e-01
3.779264610387148560e-01
3.779240162549925564e-01
3.779217032390765341e-01
3.779195264500501139e-01
3.779175392450253579e-01
3.779158217758382676e-01
3.779145266993247931e-01
3.779138390768497224e-01
3.779140659822270987e-01
3.779155739558532900e-01
3.779189693828176599e-01
3.779249943857005967e-01
3.779348996698698171e-01
3.779502401976244652e-01
3.779736825152556490e-01
3.780084972413466637e-01
3.780604143825606056e-01
3.781360567277560758e-01
3.782473854860074480e-01
3.784062280622286778e-01
3.786351118318055375e-01
3.789475520259560914e-01
3.793748608971184710e-01
3.799002092414544007e-01
3.805314410091423794e-01
3.811254339819899473e-01
3.816151811503358804e-01
3.816956489977793021e-01
3.813785046976134741e-01
3.805565808019295559e-01
3.795840339751845871e-01
3.787031726132211729e-01
3.781960525068210899e-01
3.781072977081127995e-01
3.783234228915904884e-01
3.786360937777314417e-01
3.788551170705563576e-01
3.788914776980505938e-01
3.787356358386595456e-01
3.784940714393645878e-01
3.782533982138744921e-01
3.780943181545748932e-01
3.780294416628509069e-01
3.780378085434998314e-01
3.780777678343565373e-01
3.781154206357492109e-01
3.781325881774862951e-01
3.781177717031422025e-01
3.780770670549150614e-01
3.780144068019227754e-01
3.779456250438688603e-01
3.778844557530886550e-01
3.778462162383288137e-01
3.778373920807014952e-01
3.778543424998900280e-01
3.778834267338589958e-01
3.779052952897473672e-01
3.779062718018713074e-01
3.778808937918106681e-01
3.778377615464566519e-01
3.777913874030263131e-01
3.777575085425488033e-01
3.777446416453331124e-01
3.777519551890012317e-01
3.777707812216980487e-01
3.777891551989596697e-01
3.777974826189861579e-01
3.777912465395855124e-01
3.777729523280451973e-01
3.777488872051321112e-01
3.777267883395594716e-01
3.777120055701601586e-01
3.777062705706516477e-01
3.777078200664082397e-01
3.777129048289410429e-01
3.777176194063912584e-01
3.777191981403982268e-01
3.777167471926455855e-01
3.777108191790571889e-01
3.777030066319235768e-01
3.776948962234285556e-01
3.776877017084478427e-01
3.776818800933875453e-01
3.776773365635462953e-01
3.776736476087014238e-01
3.776703809857829275e-01
3.776672683299587829e-01
3.776642282019869734e-01
3.776613158943177284e-01
3.776586038276698032e-01
3.776561161507411279e-01
3.776537762334853943e-01
3.776514433864621711e-01
3.776489318753631919e-01
3.776461052085034464e-01
3.776428818906397700e-01
3.776392924734924272e-01
3.776354283697597181e-01
3.776314389098673896e-01
3.776274634240786021e-01
3.776236193190413148e-01
3.776199693679854197e-01
3.776165311655714230e-01
3.776132794866731146e-01
3.776101655078469843e-01
3.776071308369684520e-01
3.776041236025851067e-01
3.776011068995068776e-01
3.775980630500556656e-01
3.775949903269555930e-01
3.775918987606604604e-01
3.775888031087103469e-01
3.775857183005232320e-01
3.775826556523023125e-01
3.775796217851433156e-01
3.775766185192445112e-01
3.775736437096870457e-01
3.775706925063357366e-01
3.775677590071833123e-01
3.775648380855038955e-01
3.775619267807488466e-01
3.775590252585658835e-01
3.775561369646903143e-01
3.775532694280339663e-01
3.775504344848604754e-01
3.775476504032404534e-01
3.775449428465683099e-01
3.775423501208160504e-01
3.974870586355533919e-01
3.779235411601939987e-01
3.780877033240703233e-01
3.781930762148157377e-01
3.806395875897664038e-01
3.786459981413707321e-01
3.790253181741988220e-01
3.792498400279471493e-01
3.798451462116486654e-01
3.806593797444343674e-01
3.811491814325927430e-01
3.818533830005406693e-01
3.821588967310997620e-01
3.818743869305192828e-01
3.810087711736891980e-01
3.798633233516310326e-01
3.785919164387178126e-01
3.777856485319219804e-01
3.777089880606457895e-01
3.780847717690443699e-01
3.786246628070927822e-01
3.790464882230783483e-01
3.790224737827755930e-01
3.786458317647003469e-01
3.781807836779924603e-01
3.777774058997654949e-01
3.776533927100204080e-01
3.777994867861569905e-01
3.780101023722921560e-01
3.781218280889993566e-01
3.780764658415358692e-01
3.778920011170727733e-01
3.776699180072947137e-01
3.775574747214491267e-01
3.775703695638347179e-01
3.776571874359204717e-01
3.777665278448228969e-01
3.777997110325547192e-01
3.777411490153298468e-01
3.776314541825849802e-01
3.775244790171958242e-01
3.774637231480805211e-01
3.774687126962114614e-01
3.775136772031045806e-01
3.775563265401729041e-01
3.775752037699205976e-01
3.775598585852570355e-01
3.775142905108117564e-01
3.774683566812336299e-01
3.774413460801155362e-01
3.774346699406762595e-01
3.774457444806243456e-01
3.774635918470234941e-01
3.774727422444801861e-01
3.774681558485315502e-01
3.774532203191934276e-01
3.774313030153768622e-01
3.774099424027421712e-01
3.773966946680828993e-01
3.773912764563672750e-01
3.773917419430388165e-01
3.773962855206592915e-01
3.773998466497898718e-01
3.773995966028258486e-01
3.773955165812246104e-01
3.773882446727426787e-01
3.773787342313672521e-01
3.773701002104120628e-01
3.773636208912934387e-01
3.773592966669954141e-01
3.773574478806326349e-01
3.773572525075619688e-01
3.773569997285992628e-01
3.773560287585409623e-01
3.773540849828235233e-01
3.773508181207342327e-01
3.773465531524009542e-01
3.773421414205217483e-01
3.773379112916690481e-01
3.773341590389668321e-01
3.773314160474789403e-01
3.773295651927275340e-01
3.773285778059494722e-01
3.773285676465530369e-01
3.773295223453831393e-01
3.773314575369479118e-01
3.773346583034127288e-01
3.773396716505009740e-01
3.773471204895929576e-01
3.773580504883652376e-01
3.773740759078851870e-01
3.773971967185277832e-01
3.774304614010234316e-01
3.774778043855212539e-01
3.775452063536106628e-01
3.776393689686227129e-01
3.777715255256812177e-01
3.779519738220732950e-01
3.781976420650056125e-01
3.785166365879596428e-01
3.789234559161370752e-01
3.793970299025199444e-01
3.799149624995782348e-01
3.803807976853729178e-01
3.807003210520499836e-01
3.807374771288418169e-01
3.804322447097467919e-01
3.798191065003632128e-01
3.790418745430549907e-01
3.783234907543690517e-01
3.778330754379598533e-01
3.776533127469271500e-01
3.777319338388340775e-01
3.779438636366061477e-01
3.781338378316824178e-01
3.781924863662675662e-01
3.780790074784037835e-01
3.778410975281086825e-01
3.775777966489368698e-01
3.773907354166978201e-01
3.773352815045093456e-01
3.774013659270784582e-01
3.775321775473277630e-01
3.776525007756671992e-01
3.777074533347336560e-01
3.776726195746790138e-01
3.775656114717065304e-01
3.774241109740941735e-01
3.772952628863520119e-01
3.772118366221806074e-01
3.771860795051377724e-01
3.772083170451768774e-01
3.772551468813379882e-01
3.773003089218239792e-01
3.773239166169037873e-01
3.773189021325267234e-01
3.772895333029312459e-01
3.772490863606298150e-01
3.772115254262469186e-01
3.771873416926071476e-01
3.771797961476610617e-01
3.771860595389510684e-01
3.771992480907783163e-01
3.772120790030874526e-01
3.772188643370687489e-01
3.772170328218311663e-01
3.772068651746495749e-01
3.771909444995407146e-01
3.771728270554005613e-01
3.771561437690231777e-01
3.771434710243205535e-01
3.771360678296230007e-01
3.771336192450851499e-01
3.771348252485813290e-01
3.771377624489310465e-01
3.771407750802523440e-01
3.771426120898241363e-01
3.771429730056092833e-01
3.771420342460694575e-01
3.771407117855813951e-01
3.771398998801218649e-01
3.771409068095746275e-01
3.771446660385783800e-01
3.771525933568662947e-01
3.771656085492941513e-01
3.771856261647452691e-01
3.772138994493224318e-01
3.772538304759344152e-01
3.773075535858068097e-01
3.773817053993689385e-01
3.774795962175321318e-01
3.776135576402734340e-01
3.777861796591560073e-01
3.780173402519159120e-01
3.782988398545173436e-01
3.786541860346657185e-01
3.790344826791728350e-01
3.794501691904350604e-01
3.797676026544037353e-01
3.799805223621721684e-01
3.799079571230023489e-01
3.796150225273342005e-01
3.790646021144717936e-01
3.784550281512793490e-01
3.779052035421395228e-01
3.775487401739827664e-01
3.774122521194435143e-01
3.774479526376098293e-01
3.775634277337452938e-01
3.776582256112175906e-01
3.776721945769568323e-01
3.775811033350896517e-01
3.774283411394546706e-01
3.772678838599244910e-01
3.771626499499618479e-01
3.771396390942048371e-01
3.771916506048784701e-01
3.772832011209186209e-01
3.773684051355953306e-01
3.774110997766734199e-01
3.773929216586592861e-01
3.773216670395438399e-01
3.772194704318910796e-01
3.771170676509863484e-01
3.770384665396619983e-01
3.769959669602153673e-01
3.769881224914823359e-01
3.770036907926238579e-01
3.770277489990929709e-01
3.770466577283575482e-01
3.770528956811220467e-01
3.770443001816494721e-01
3.770249668643615437e-01
3.770009192339276449e-01
3.769789436049637565e-01
3.769637162268950070e-01
3.769573228555259670e-01
3.769591801767109285e-01
3.769668765698073187e-01
3.769772770682948693e-01
3.769872782794245758e-01
3.769949365505639860e-01
3.769989528579285043e-01
3.769997472100535263e-01
3.769978621223883941e-01
3.769950686521664762e-01
3.769926144956318725e-01
3.769922537396084294e-01
3.769950289018829670e-01
3.770021000216854379e-01
3.770141747741451721e-01
3.770320695414120515e-01
3.770566165827089478e-01
3.770889000522618106e-01
3.771305053733299273e-01
3.771833460407344463e-01
3.772502575201407971e-01
3.773342325203660752e-01
3.774394173762882221e-01
3.775693456282898097e-01
3.777282881187254970e-01
3.779178048588778260e-01
3.781380547485571619e-01
3.783823829182971776e-01
3.786381332715952341e-01
3.788820574927940776e-01
3.790815633065780510e-01
3.792009993573909332e-01
3.792028368968484719e-01
3.790764073984846383e-01
3.788210026013727472e-01
3.784893336487573645e-01
3.804100604570139210e-01
3.779147954350770000e-01
3.777389537746060899e-01
3.775800235327622656e-01
3.775348079250110955e-01
3.775557455550630492e-01
3.775113558362090949e-01
3.774541593627935288e-01
3.774097375444587232e-01
3.773204806659405941e-01
3.771952778054772359e-01
3.771065930276883416e-01
3.770456301645714881e-01
3.769887384326535695e-01
3.769741939328530300e-01
3.769994846378087461e-01
3.770312987054391107e-01
3.770528048082246730e-01
3.770803672970609033e-01
3.770876200078995266e-01
3.770600545938876946e-01
3.770189956581807555e-01
3.769728374852978625e-01
3.769137123770903153e-01
3.768570407718846438e-01
3.768176971633440120e-01
3.767895553264169473e-01
3.767701476545991524e-01
3.767662767539529112e-01
3.767747392346049717e-01
3.767848103442388297e-01
3.767974344412411414e-01
3.768129130290264195e-01
3.768257042377540778e-01
3.768323308556890683e-01
3.768368219861780721e-01
3.768387588394536136e-01
3.768352761021780406e-01
3.768292638999203303e-01
3.768235725292826133e-01
3.768166168547006922e-01
3.768092310688062607e-01
3.768032018719620346e-01
3.767993369114691626e-01
3.767965225786072958e-01
3.767958939239258176e-01
3.767982701544699831e-01
3.768037797447413295e-01
3.768118715533886887e-01
3.768250020987886639e-01
3.768431109643995414e-01
3.768677985367615557e-01
3.768999230409609824e-01
3.769434901096420654e-01
3.769988910608884636e-01
3.770725688282515753e-01
3.771655160381276461e-01
3.772877549055703161e-01
3.774387918961448762e-01
3.776333311509740831e-01
3.778637818482797339e-01
3.781494952701899281e-01
3.784587142367168977e-01
3.788096582579538185e-01
3.791292536691793780e-01
3.794233898782875536e-01
3.795796619591388366e-01
3.796120788696145665e-01
3.794317584093016560e-01
3.791071473689770488e-01
3.786535117144778084e-01
3.781749483551938296e-01
3.777445753540052409e-01
3.774229986367705347e-01
3.772367784648488209e-01
3.771716433425697512e-01
3.771916097032382842e-01
3.772409572967648228e-01
3.772774295713151593e-01
3.772591745545497144e-01
3.771895242391926084e-01
3.770751553578522985e-01
3.769542758947532768e-01
3.768544614839563489e-01
3.767987466190178547e-01
3.767917411771248282e-01
3.768233854862860222e-01
3.768751408908524447e-01
3.769243152215409065e-01
3.769540971939335239e-01
3.769515807659372664e-01
3.769176970670012894e-01
3.768565636807656993e-01
3.767824329557855068e-01
3.767073267969258676e-01
3.766438393098262560e-01
3.765986975427374484e-01
3.765742749973822745e-01
3.765684461561378260e-01
3.765763732830569310e-01
3.765921553790049225e-01
3.766101178973764729e-01
3.766260189997042707e-01
3.766368159902848123e-01
3.766417008824159973e-01
3.766404929761673070e-01
3.766347983112219300e-01
3.766259449045147867e-01
3.766160771815891817e-01
3.766066053981097506e-01
3.765989796671482814e-01
3.765939350099373750e-01
3.765920365484700660e-01
3.765933611760317046e-01
3.765980129700985390e-01
3.766058450713609673e-01
3.766170406973388118e-01
3.766316744051556586e-01
3.766504006482535027e-01
3.766737890229505670e-01
3.767032333991476856e-01
3.767399373072295998e-01
3.767862985709793389e-01
3.768442149060645674e-01
3.769173677227636299e-01
3.769831073201043159e-01
3.773568737100536086e-01
3.777102668603561919e-01
3.772903305280853603e-01
3.773234908930360731e-01
3.775805752256941039e-01
3.772945863688881296e-01
3.775001470553617233e-01
3.775617003255222759e-01
3.774081111593473592e-01
3.776752696308252055e-01
3.776112296953576530e-01
3.775665335504032605e-01
3.777273079350957907e-01
3.775589351488969347e-01
3.775794383382649055e-01
3.775543449054484246e-01
3.773504355733270921e-01
3.773143133079625566e-01
3.771698243626767644e-01
3.769867388242861272e-01
3.769247224973311661e-01
3.767574081712373735e-01
3.766753546191090596e-01
3.766453007868858505e-01
3.765615619615406695e-01
3.765873835947808890e-01
3.766144502659341531e-01
3.766456928753780797e-01
3.767567441567700737e-01
3.768624584756649076e-01
3.770103907886919181e-01
3.772395548798816445e-01
3.774821950287085004e-01
3.778173155524868765e-01
3.782102243939495789e-01
3.786369925654087809e-01
4.007894166473632280e-01
3.801438683895968507e-01
3.806214629752823209e-01
3.807093528553455730e-01
3.801018379121951507e-01
3.792117634314943753e-01
3.782724390265145842e-01
3.773178813264809750e-01
3.769783364778298562e-01
3.770680499253729057e-01
3.773648954139146028e-01
3.777754268224770007e-01
3.779751486978625286e-01
3.778719437531992131e-01
3.775458475315348061e-01
3.771346564970020632e-01
3.767902066284995466e-01
3.765911628624989960e-01
3.766021863816397253e-01
3.787772598549325465e-01
3.839426868568013296e-01
3.871563260011290364e-01
3.888331457689587212e-01
3.876593389673043677e-01
3.876928483181189544e-01
3.852216698755089319e-01
3.869182261573951842e-01
3.846401078700126819e-01
3.792573810402880552e-01
3.813440745239269347e-01
3.815441587461657069e-01
3.812914528139406123e-01
3.807874645038902828e-01
3.804954427139543016e-01
3.803983785881271396e-01
3.783363631633906432e-01
3.782311462981561290e-01
3.791539458292232379e-01
3.782119420013756450e-01
3.780230192255783495e-01
3.780349728259491116e-01
3.777659435864800241e-01
3.776465005464376135e-01
3.772409335546155207e-01
3.776724948293042616e-01
3.774842030967744400e-01
3.769020484990709963e-01
3.771683761666062562e-01
3.770330773226358567e-01
3.768419757421495042e-01
3.769229603748477375e-01
3.768979519701397551e-01
3.768912597896014738e-01
3.766114889588349501e-01
3.766595865551434774e-01
3.767576604754415137e-01
3.765074725935810274e-01
3.765947582927101078e-01
3.766157868805545261e-01
3.765237707563487968e-01
3.764930409228013364e-01
3.764674015571348731e-01
3.764925716433406011e-01
3.764116460338466919e-01
3.763922812600298817e-01
3.764489463116870160e-01
3.763856196058075754e-01
3.763690887101991400e-01
3.763700773710296210e-01
3.763633038546956300e-01
3.763330944948908852e-01
3.763231324496094099e-01
3.763297457183901740e-01
3.763194015138349724e-01
3.762945930506285674e-01
3.762956795869814575e-01
3.762996467688515256e-01
3.762741675163870370e-01
3.762758053929594060e-01
3.762797753136261636e-01
3.762651592312120652e-01
3.762608844445902712e-01
3.762499445890560290e-01
3.762499176700221382e-01
3.762433430276179713e-01
3.762330999921879582e-01
3.762398520522129419e-01
3.762338110178155559e-01
3.762268183737876859e-01
3.762235434948467683e-01
3.762189781872252725e-01
3.762156443306273190e-01
3.762089785549814214e-01
3.762080964644043957e-01
3.762070155337837174e-01
3.761998485203931764e-01
3.761977092261677424e-01
3.761947056190171335e-01
3.761901843855638417e-01
3.761871555317988225e-01
3.761841391137799029e-01
3.761821414135897435e-01
3.761792021016634457e-01
3.761749374348054564e-01
3.761728451627717185e-01
3.761697381292372078e-01
3.761655857934169678e-01
3.761630413800934325e-01
3.761602244327771905e-01
3.761574116528034750e-01
3.761545189737819372e-01
3.761515236335971069e-01
3.761490452838784915e-01
3.761459100971781266e-01
3.761427823848805252e-01
3.761402190016244762e-01
3.761374726164525839e-01
3.761345107950575528e-01
3.761318187569255844e-01
3.761292026521962928e-01
3.761264058682626255e-01
3.761236186367308276e-01
3.761207796144150906e-01
3.761181452055490371e-01
3.761154052043279572e-01
3.761125377704696016e-01
3.784676722028881279e-01
3.761692133217395817e-01
3.761905222349469780e-01
3.761399243577593920e-01
3.761267249292227222e-01
3.761632675300093931e-01
3.761629717356079206e-01
3.761283949190166731e-01
3.761350070783532340e-01
3.761633507718228353e-01
3.761537347614388183e-01
3.761458534965881340e-01
3.761730062061691693e-01
3.761988981608306859e-01
3.762111115557203456e-01
3.762386859899546909e-01
3.762988323289703230e-01
3.763619842135911275e-01
3.764381949457540344e-01
3.765603834537086803e-01
3.767238589973715968e-01
3.769387577704747527e-01
3.772079101755111963e-01
3.775770884225809754e-01
3.780177844870835635e-01
3.785296760608956590e-01
3.790405143182426495e-01
3.795528536528292030e-01
3.798229914949394770e-01
3.798803385276697808e-01
3.795215902776565842e-01
3.788865962000226295e-01
3.780573665212760837e-01
3.772673966274787682e-01
3.766757839280847620e-01
3.763542171322274421e-01
3.762851378569239680e-01
3.763891944846459725e-01
3.765665703185807622e-01
3.767195042642699776e-01
3.768131130588109889e-01
3.768258475165536803e-01
3.767777212672622777e-01
3.766892873278389064e-01
3.765797606599351477e-01
3.764639109190451860e-01
3.763443283545687690e-01
3.762358487444205091e-01
3.761495199524761412e-01
3.760968134676709318e-01
3.760815210978440404e-01
3.761018225834658057e-01
3.761450357277124068e-01
3.761926680474126927e-01
3.762282231858364856e-01
3.762385325887976917e-01
3.762201666741754602e-01
3.761755319952336807e-01
3.761171327449875923e-01
3.760568963717352275e-01
3.760065428899466711e-01
3.759728043705162781e-01
3.759580683762601128e-01
3.759594294529717828e-01
3.759712832410233574e-01
3.759876627312394581e-01
3.760030892957210158e-01
3.760137164700567691e-01
3.760174337339049488e-01
3.760145348130136123e-01
3.760058378866218409e-01
3.759933380332399766e-01
3.759788137716457701e-01
3.759643351938741218e-01
3.759511129452072220e-01
3.759399720321811023e-01
3.759313146061630251e-01
3.759250396706453889e-01
3.759206873053310138e-01
3.759176587787399493e-01
3.759154134351047061e-01
3.759133870281977652e-01
3.759111612149415027e-01
3.759084975673797069e-01
3.759053674650261745e-01
3.759017961980682943e-01
3.758979208380728854e-01
3.758939295903812039e-01
3.758900323414249289e-01
3.758863475470954896e-01
3.758829904953200907e-01
3.758800311126486160e-01
3.758774994877866482e-01
3.758753825927131365e-01
3.758736773925475116e-01
3.758724019485923384e-01
3.758715894022625625e-01
3.758713110862359486e-01
3.758717086231049831e-01
3.758730122030744525e-01
3.758755281029751982e-01
3.758797461404090878e-01
3.758862992421345695e-01
3.758962051957240313e-01
3.759107383598819796e-01
3.759319991254223003e-01
3.759625904443150146e-01
3.760069645895559587e-01
3.760703933474680016e-01
3.761623508715984943e-01
3.762932829693922954e-01
3.764827622569498766e-01
3.767495376352103520e-01
3.771307781188483754e-01
3.776504599575233323e-01
3.783639617959640988e-01
3.792616489043006411e-01
3.803709574960159046e-01
3.815187140703659718e-01
3.825778345219315035e-01
3.831117605466101694e-01
3.829099385874760730e-01
3.817783403138567122e-01
3.799946590290197435e-01
3.781401454163442200e-01
3.767807588295364329e-01
3.762829582539762296e-01
3.765647156271920148e-01
3.772551057013510123e-01
3.778530888107730079e-01
3.780445748711463438e-01
3.777282274607223767e-01
3.771195303584209402e-01
3.765354059257085551e-01
3.762103402225573934e-01
3.762092668191956424e-01
3.764061582807754491e-01
3.766088102232896251e-01
3.766488013168363125e-01
3.765065642856895711e-01
3.762601573432343693e-01
3.760472983273881464e-01
3.759597961034465419e-01
3.760003386000955183e-01
3.761044813553240385e-01
3.761806824220565448e-01
3.761739301487034837e-01
3.760772348316500091e-01
3.759427845851391337e-01
3.758320595891087024e-01
3.757878318200603696e-01
3.758118878289611331e-01
3.758723117432788974e-01
3.759266396391308662e-01
3.759415013551191675e-01
3.759108942293005740e-01
3.758489892695455192e-01
3.757843597658833690e-01
3.757404368784769133e-01
3.757277020609818274e-01
3.757410345937309826e-01
3.757655760462050853e-01
3.757853259759766917e-01
3.757894412596292644e-01
3.757767601256940537e-01
3.757525671229778319e-01
3.757264898265718078e-01
3.757065968859725213e-01
3.756971753023529703e-01
3.756976364283806102e-01
3.757039717845866988e-01
3.757109493438058889e-01
3.757142015125153334e-01
3.757116875638056852e-01
3.757036046114938244e-01
3.756921838708602301e-01
3.756801383870771449e-01
3.756699676651235609e-01
3.756630976769662622e-01
3.756597835612460745e-01
3.756592707192943914e-01
3.756602567764288358e-01
3.756613889730766043e-01
3.756616151642104828e-01
3.756603906084572952e-01
3.756576329987235674e-01
3.756536885260759462e-01
3.756490718899523906e-01
3.756443418620067920e-01
3.756399382414530308e-01
3.756361308211749739e-01
3.756330153523952387e-01
3.756305222842268310e-01
3.756285000957131359e-01
3.756267534249673190e-01
3.756251132031879214e-01
3.756234431970709720e-01
3.756216803595943676e-01
3.756198104732034748e-01
3.756178903344793985e-01
3.756160010777802039e-01
3.756142758320258901e-01
3.756128523199772085e-01
3.756119206686846512e-01
3.756116756416554847e-01
3.756124049634171902e-01
3.756144257827160882e-01
3.756182595628287935e-01
3.756245059296000610e-01
3.756342141975301807e-01
3.756485854768096821e-01
3.756698195488250569e-01
3.757003450352934815e-01
3.757448382493898675e-01
3.758081038950688568e-01
3.759000491882791284e-01
3.760295207453421829e-01
3.762167781018449508e-01
3.764748852048481753e-01
3.768411611973874198e-01
3.773208896347371999e-01
3.779666904961116458e-01
3.810875119954594270e-01
3.797476859866446008e-01
3.806502256745428747e-01
3.812528044216438317e-01
3.812758785369361747e-01
3.808620976616709508e-01
3.797200367458756221e-01
3.783986189299485270e-01
3.771827954330673749e-01
3.764991993236898038e-01
3.763081211680600058e-01
3.764092472433215875e-01
3.766492544617093818e-01
3.768430517716662709e-01
3.769207576562739748e-01
3.768502098143974299e-01
3.767437039046339642e-01
3.765632037703967594e-01
3.763172776852835022e-01
3.760269902313239654e-01
3.757959735780087018e-01
3.757060597983414851e-01
3.757598218445811211e-01
3.759226692697051342e-01
3.760955319034121058e-01
3.761674667176343467e-01
3.760719374986815633e-01
3.758619031166116620e-01
3.756465861180943167e-01
3.755155295567865203e-01
3.754998088895571406e-01
3.755759872594098825e-01
3.756804039214396429e-01
3.757436338104611639e-01
3.757382397387833972e-01
3.756804650782854527e-01
3.756107354885574456e-01
3.755545361089158152e-01
3.755231903191918463e-01
3.755136006464467324e-01
3.755144447516787221e-01
3.755135463717219069e-01
3.755096480202411158e-01
3.755091895593712370e-01
3.755147255926850614e-01
3.755218910718706726e-01
3.755234553277629894e-01
3.755159173994551680e-01
3.754985697436840075e-01
3.754748725176577651e-01
3.754523964109878764e-01
3.754388447184150990e-01
3.754363891967874012e-01
3.754419939576055798e-01
3.754503397729161973e-01
3.754572052982024788e-01
3.754599812181164675e-01
3.754580716215060732e-01
3.754537493578854468e-01
3.754499070139777350e-01
3.754486341168732366e-01
3.754503292955468363e-01
3.754550642209018019e-01
3.754635018774621358e-01
3.754767620291306063e-01
3.754972063610027555e-01
3.755284138540586070e-01
3.755764248809088102e-01
3.756470038300607772e-01
3.757515515532952044e-01
3.758985601463483706e-01
3.761120475398713747e-01
3.764029954116842602e-01
3.768134003512779717e-01
3.773348343885706835e-01
3.780163265177320375e-01
3.787395931505422864e-01
3.795047915552322570e-01
3.799527182809555592e-01
3.800582122953065634e-01
3.794768309463767975e-01
3.785061221671177645e-01
3.773484803004006904e-01
3.764730064484682615e-01
3.761080255543612916e-01
3.762208450071125032e-01
3.766146253061459226e-01
3.769492294893998507e-01
3.770305053646318960e-01
3.767358511184366598e-01
3.762280274339278030e-01
3.757092907248693603e-01
3.753998751443643478e-01
3.753739155720801079e-01
3.755644349038348428e-01
3.758215967904815491e-01
3.759914594802419296e-01
3.760070063500540738e-01
3.758726610517650335e-01
3.756860708758960055e-01
3.755349811934363125e-01
3.754819694840201838e-01
3.755211242350052769e-01
3.756056558185986161e-01
3.756743342215045356e-01
3.756821224126465353e-01
3.756253075835650490e-01
3.755260525032505514e-01
3.754269112255722574e-01
3.753606397083338875e-01
3.753402844548439088e-01
3.753571676159478954e-01
3.753883812100825002e-01
3.754113521116048124e-01
3.754111469319189043e-01
3.753877214950734897e-01
3.753498841706546241e-01
3.753121361559328961e-01
3.752856767500043489e-01
3.752755529520708233e-01
3.752796945912864612e-01
3.752914126391887484e-01
3.753029678876467767e-01
3.753084538067382736e-01
3.753057831627808483e-01
3.752959281180782147e-01
3.752823389819341937e-01
3.752686582571133633e-01
3.752578541270324974e-01
3.752512881389644672e-01
3.752488303208332265e-01
3.752493076802717042e-01
3.752511277709277837e-01
3.752528234205729230e-01
3.752533443646216549e-01
3.752522675980357603e-01
3.752496158357035982e-01
3.752458741342300508e-01
3.752416771088531999e-01
3.752378094753088256e-01
3.752350193364535347e-01
3.752340199751426075e-01
3.752355490525792758e-01
3.752403478519130697e-01
3.752496558252226277e-01
3.752649048981862578e-01
3.752893132164740186e-01
3.753264033960531099e-01
3.753848783371631637e-01
3.754729118695934176e-01
3.756133538489492274e-01
3.758225397123400313e-01
3.761588355264280370e-01
3.766428497713951717e-01
3.774132238025359465e-01
3.784279611342198368e-01
3.799537627909690407e-01
3.815494269726606991e-01
3.835285577090419284e-01
3.843890803506141984e-01
3.845547656651749358e-01
3.825079724816908278e-01
3.798783845500843803e-01
3.773306619330872858e-01
3.761442385163252800e-01
3.764407680575142523e-01
3.775432132194540547e-01
3.786033955785670368e-01
3.785558675544674068e-01
3.777184264804588354e-01
3.763141718345308084e-01
3.754172401573965812e-01
3.753758878974680080e-01
3.760051326728893750e-01
3.767673361833430157e-01
3.770047957825791163e-01
3.767095330495692784e-01
3.760031113224712729e-01
3.754245150819666144e-01
3.752416917581194444e-01
3.754359484929965518e-01
3.757604672635547205e-01
3.759107649124621142e-01
3.758149665273729512e-01
3.755254615998158130e-01
3.752701931310633010e-01
3.751871218090882532e-01
3.752854027391763214e-01
3.754543683922880737e-01
3.755536133332779691e-01
3.755260304705457797e-01
3.753810732782367765e-01
3.752229999549798745e-01
3.751291325507041807e-01
3.751305510341140792e-01
3.751947968063367167e-01
3.752587611323051631e-01
3.752786800214001350e-01
3.752385799727417370e-01
3.751724922271370000e-01
3.751163339083389836e-01
3.750971630069537266e-01
3.751150802141589580e-01
3.751497008905324559e-01
3.751765490110569035e-01
3.751782697601728778e-01
3.751570763376418371e-01
3.751242062991683723e-01
3.750966707086463847e-01
3.750842149377335843e-01
3.750872116999894312e-01
3.750980524518420789e-01
3.751068366151544264e-01
3.751072616934044701e-01
3.750978660690305055e-01
3.750831819460089811e-01
3.750687348782520969e-01
3.750593935917226895e-01
3.750567031958163544e-01
3.750590596506919727e-01
3.750631219159186736e-01
3.750655173798929098e-01
3.750647453050638402e-01
3.750608546911111674e-01
3.750557882676606725e-01
3.750515997819643399e-01
3.750501596790896119e-01
3.750522455249593601e-01
3.750579081813085747e-01
3.750665852597022676e-01
3.750781120562048376e-01
3.750926850758562470e-01
3.751120155350732288e-01
4.002011287495096936e-01
3.759452717718001491e-01
3.764458723253370498e-01
3.768424020655294360e-01
3.795727581306619358e-01
3.779973761024514878e-01
3.790809861829018690e-01
3.794946237562853986e-01
3.798226099179717874e-01
3.798985466970716263e-01
3.793147345745951915e-01
3.781703553918767113e-01
3.768709944086566233e-01
3.760854157341896320e-01
3.757083502801451536e-01
3.756183916987617666e-01
3.758517886208660452e-01
3.763353957185803789e-01
3.764933385393116061e-01
3.763648955942391350e-01
3.761255244780772888e-01
3.757949540566724589e-01
3.754811278449785572e-01
3.753141668665500585e-01
3.753902377116981048e-01
3.755228773248958651e-01
3.755593788671359734e-01
3.755459505389432406e-01
3.754775405255286747e-01
3.753270586859279723e-01
3.751901951104621435e-01
3.751436497248290536e-01
3.751647454896859246e-01
3.752036580963148404e-01
3.752371847021215290e-01
3.752548853960526731e-01
3.752194365673349186e-01
3.751495115645739897e-01
3.750850925949237302e-01
3.750367557975634591e-01
3.750153857877588370e-01
3.750120891010410018e-01
3.750289002601959187e-01
3.750448971003953469e-01
3.750478462780381661e-01
3.750416631211223595e-01
3.750249256811780674e-01
3.750065189313746550e-01
3.749688325346393625e-01
3.749421675489019723e-01
3.749015141981902888e-01
3.748358067075348021e-01
3.762657188045502865e-01
3.810165992385845524e-01
3.902302506465610277e-01
4.128092291678795434e-01
3.949897315582412971e-01
3.996829688956745619e-01
3.955424543783878644e-01
3.862878376715755957e-01
3.934261153342580308e-01
3.867213732845383722e-01
3.836971532323398826e-01
3.887070443868959613e-01
3.853198253377372873e-01
3.814828448046869713e-01
3.830055102909878384e-01
3.823064455549211038e-01
3.812490904363354804e-01
3.819741734714361958e-01
3.792724123276917103e-01
3.805686003364374681e-01
3.806655183509407014e-01
3.771660595915339309e-01
3.788925563049109768e-01
3.787028443302614678e-01
3.768969499656327216e-01
3.780153031664835739e-01
3.767431038989986769e-01
3.771291484806412742e-01
3.771538419037434586e-01
3.758624745053084082e-01
3.768686524175549057e-01
3.764164593677408743e-01
3.756574022753573217e-01
3.762701344331191855e-01
3.758753913396636337e-01
3.756973602424585890e-01
3.757808739858120584e-01
3.754453975229840590e-01
3.757231937965567203e-01
3.754425156203250458e-01
3.752965547474541030e-01
3.755134427746730230e-01
3.753161943892012187e-01
3.752234767493234924e-01
3.752623479820137997e-01
3.751854990224419706e-01
3.751813142290528758e-01
3.751524836840696708e-01
3.750421176622965591e-01
3.751250589746731312e-01
3.750891509294266291e-01
3.749861561546948829e-01
3.750345190939319284e-01
3.750348679829055842e-01
3.749732464144447386e-01
3.749706828436275563e-01
3.749492853702413586e-01
3.749588441195180200e-01
3.749530686812297953e-01
3.748962141238960655e-01
3.749283183473435810e-01
3.749165545221309070e-01
3.748828333947072933e-01
3.748992191401290253e-01
3.748728668482132487e-01
3.748780946699382666e-01
3.748816156139830880e-01
3.748467990713564291e-01
3.748644032035501894e-01
3.748565187120823095e-01
3.748402910897526974e-01
3.748443890528446731e-01
3.748348939313773109e-01
3.748353586668596304e-01
3.748292868839724346e-01
3.748208781533273748e-01
3.748218304112103105e-01
3.748177698486999665e-01
3.748112159686916023e-01
3.748090140466641684e-01
3.748060385506722381e-01
3.748027859791309702e-01
3.747986494784443234e-01
3.747955265965830507e-01
3.747919156372787608e-01
3.747904436534872374e-01
3.747865967847237578e-01
3.747818319926694564e-01
3.747816563034042092e-01
3.747774201203749600e-01
3.747743958734411907e-01
3.747722844697948807e-01
3.747683732941112789e-01
3.747671069948685929e-01
3.747637423314680305e-01
3.747600996943655227e-01
3.747588362861417610e-01
3.747555283365372469e-01
3.747527980006666315e-01
3.747505631716271934e-01
3.747475129584573184e-01
3.747454068383971881e-01
3.747427764276052287e-01
3.747398624508803122e-01
3.747376739936537637e-01
3.747351779017297213e-01
3.747325897218971580e-01
3.747300926434072865e-01
3.747275827836033524e-01
3.747252541470312281e-01
3.747227434039986371e-01
3.747202450013661368e-01
3.747177928926653245e-01
3.747154358125707185e-01
3.747129992762696094e-01
3.747105346640846602e-01
3.747081473678846031e-01
3.747057548643106251e-01
3.747033692714731856e-01
3.747009798304983264e-01
3.746985534817488528e-01
3.746961912767055036e-01
3.746938614127692802e-01
3.746914380211711637e-01
3.746890832373610536e-01
3.746867387821537498e-01
3.746843664466757429e-01
3.746820330379906916e-01
3.746796765436359866e-01
3.746773136070767896e-01
3.746750011626573396e-01
3.746726571043149101e-01
3.746703109982778002e-01
3.746679951701611389e-01
3.746656624902200972e-01
3.746633418601197363e-01
3.746610301319844849e-01
3.746587041458932510e-01
3.746563972449436508e-01
3.746540962959490906e-01
3.746517918742176545e-01
3.746494990922972779e-01
3.746472138698827559e-01
3.746449401127142087e-01
3.746426845443802112e-01
3.746404500475681298e-01
3.746382446032034963e-01
3.746360915661898217e-01
3.746340126378341351e-01
3.746320420071830304e-01
3.746302441432472485e-01
3.746287165001171426e-01
3.746276093134463525e-01
3.746271727378686078e-01
3.746278067891049002e-01
3.746301515512575619e-01
3.746352961747025923e-01
3.746449541129469596e-01
3.746620902615787618e-01
3.746913774370812522e-01
3.747410989715558860e-01
3.748239660319681588e-01
3.749632164633117104e-01
3.775157264305933902e-01
3.757059877090090927e-01
3.764769696529934317e-01
3.775560359677202493e-01
3.791456281796862782e-01
3.813509081668398082e-01
3.834751013184758417e-01
3.852514798064342605e-01
3.849346106174186821e-01
3.829825071329959751e-01
3.801354169057251098e-01
3.779360118917949873e-01
3.775637487292543559e-01
3.781380511653895660e-01
3.786350747193770738e-01
3.778613296203722771e-01
3.763479349096714999e-01
3.752039286269807095e-01
3.753164043786610948e-01
3.764161323474018994e-01
3.773227999174363356e-01
3.773232209246037971e-01
3.762234227911535056e-01
3.752069036254577217e-01
3.748942637268182221e-01
3.752244347590368290e-01
3.755828694931306888e-01
3.755189260406763263e-01
3.751592280540065327e-01
3.749079116489194563e-01
3.750338344837516047e-01
3.753258319244420216e-01
3.754211381322232755e-01
3.751686241627602003e-01
3.747804789044104079e-01
3.745645148559663684e-01
3.746222508936263296e-01
3.748066025163420134e-01
3.749087709770817511e-01
3.748469327479068136e-01
3.747175449621197862e-01
3.746585234748814330e-01
3.747002046573338907e-01
3.747662271924939725e-01
3.747557754544320607e-01
3.746656608195202409e-01
3.745593404698759343e-01
3.745103240685652146e-01
3.745349295052712857e-01
3.745894584328713917e-01
3.746178127067339991e-01
3.745995179551064869e-01
3.745611392290305597e-01
3.745381210704257224e-01
3.745438711759792594e-01
3.745611337053352807e-01
3.745661969903755217e-01
3.745477285761141806e-01
3.745147387869782740e-01
3.744873096007149682e-01
3.744785695713895857e-01
3.744856722176201358e-01
3.744955503256494067e-01
3.744972047945980265e-01
3.744892114474701605e-01
3.744778654873770485e-01
3.744708646006655317e-01
3.744715384070380626e-01
3.744767783910827319e-01
3.744806145416544885e-01
3.744786538997290082e-01
3.744716918450030074e-01
3.744630445413233422e-01
3.744565536844439713e-01
3.744534865844914018e-01
3.744528756119291923e-01
3.744521766176196476e-01
3.744494960169601483e-01
3.744446617372789166e-01
3.744390489520643683e-01
3.744342799365403818e-01
3.744311719243303971e-01
3.744294879545690957e-01
3.744283339634997265e-01
3.744266703959984177e-01
3.744240366985577828e-01
3.744206814829385555e-01
3.744172816136978610e-01
3.744144071275657404e-01
3.744122676062660027e-01
3.744106806928909625e-01
3.744092752704248905e-01
3.744076774185995937e-01
3.744057378035561268e-01
3.744035901858653315e-01
3.744015427496781845e-01
3.743998662394097954e-01
3.743987833459225256e-01
3.743983499922438063e-01
3.743986733728884020e-01
3.743997561434480037e-01
3.744020063196221715e-01
3.744057289083856932e-01
3.744121335068866241e-01
3.744219294702153533e-01
3.744378265824248042e-01
3.744610326464785088e-01
3.744978897052205769e-01
3.745501859754436502e-01
3.746337528712254672e-01
3.747494086417738068e-01
3.749382688434407251e-01
3.751890519802880686e-01
3.756089782219378392e-01
3.761220942067899919e-01
3.769942450925226618e-01
3.778882342734327104e-01
3.793770780422366373e-01
3.803801478573186623e-01
3.818716450858925526e-01
3.817985167021410442e-01
3.815565463303087212e-01
3.796604610463861773e-01
3.777504088690553097e-01
3.759142085444495684e-01
3.749069741730455263e-01
3.747678481087926006e-01
3.752553718842063790e-01
3.760342724327918607e-01
3.765161748368142103e-01
3.767808397080372185e-01
3.763010174157618848e-01
3.757059428834418346e-01
3.750838653672967649e-01
3.747494801359614325e-01
3.747282630712572282e-01
3.748984268305308731e-01
3.751349647136156817e-01
3.752078010996696689e-01
3.751749086428446400e-01
3.749674882807587095e-01
3.747494323548364314e-01
3.745834009476438631e-01
3.745266870558057737e-01
3.745636916916980086e-01
3.746335813910373069e-01
3.746853934313654766e-01
3.746702074585179787e-01
3.746137274529619532e-01
3.745134587012274308e-01
3.744298598756878316e-01
3.743768201528809292e-01
3.743690752554624246e-01
3.743954466397715897e-01
3.744314150022478582e-01
3.744562302341782334e-01
3.744518451151157001e-01
3.744257479624839569e-01
3.743805877048155262e-01
3.743361913861397716e-01
3.743015459145827006e-01
3.742845979336366646e-01
3.742852865339350021e-01
3.742978922497845473e-01
3.743138152429963394e-01
3.743249827342046143e-01
3.743275756024970757e-01
3.743198740212441700e-01
3.743055360460881276e-01
3.742870560379341627e-01
3.742694732262201729e-01
3.742553342225872215e-01
3.742467323620686237e-01
3.742435808326649571e-01
3.742444557468688759e-01
3.742473514842320492e-01
3.742502787998071012e-01
3.742519471092422556e-01
3.742514606601311522e-01
3.742488860602092293e-01
3.742443147956366900e-01
3.742385955808094078e-01
3.742324200091866060e-01
3.742266151537567698e-01
3.742215640622070238e-01
3.742175026110029501e-01
3.742144047236997673e-01
3.742121399411371119e-01
3.742105082974469532e-01
3.742092577889901683e-01
3.742081355088902050e-01
3.742069110543435051e-01
3.742054986048317655e-01
3.742038066659825746e-01
3.742018810008319596e-01
3.741996994244441987e-01
3.741973439368581622e-01
3.741948266689432145e-01
3.741922522498225545e-01
3.741896532741510462e-01
3.741871054742939018e-01
3.741846089665943897e-01
3.741822105206003002e-01
3.741799129120761958e-01
3.741777543595052880e-01
3.741757455817465994e-01
3.741739194628329046e-01
3.741722920590018764e-01
3.741709129654593458e-01
3.741698349719650429e-01
3.741691601763456054e-01
3.741689945230778358e-01
3.741695319188690361e-01
3.741709830763059186e-01
3.741737328446297917e-01
3.741782025629656339e-01
3.741851663492039570e-01
3.741954396833949703e-01
3.742105747124097048e-01
3.742320936984704360e-01
3.742630583809296585e-01
3.743060381519585089e-01
3.743666824914724800e-01
3.744481189872451710e-01
3.745590163978883558e-01
3.746983328439868477e-01
3.748731982647092176e-01
3.750620817505719851e-01
3.752548760318734078e-01
3.753875600564516302e-01
3.754295988362438830e-01
3.753166574053496962e-01
3.750736061166983770e-01
3.747537925738902431e-01
3.744708803441021416e-01
3.743243988919525700e-01
3.767066195369951354e-01
3.747068686367508450e-01
3.752227543490531669e-01
3.757352609711505642e-01
3.763151721250173609e-01
3.769866494200114770e-01
3.779141783621268735e-01
3.790575817918955259e-01
3.805689988196835905e-01
3.822125677247824038e-01
3.841576453174117556e-01
3.849246937634117627e-01
3.849738668795636976e-01
3.825881381054082597e-01
3.800464819219471213e-01
3.772110077709059928e-01
3.759593083503395272e-01
3.759668373496593552e-01
3.767856502649588046e-01
3.773072010850319069e-01
3.771728028191413395e-01
3.764616253976398874e-01
3.757658881946053242e-01
3.756399592212489869e-01
3.756577126554664359e-01
3.758658043330410647e-01
3.757803094146695555e-01
3.754578692069650003e-01
3.749744897178919900e-01
3.745875036732788654e-01
3.744872672739358865e-01
3.746292208739457896e-01
3.749176700842796750e-01
3.751068738965297467e-01
3.751005967237005523e-01
3.748207999837235294e-01
3.744297470369147285e-01
3.741368401997338666e-01
3.740869665174835212e-01
3.742427478853992961e-01
3.744410872584746919e-01
3.745329217722591086e-01
3.744663396905646424e-01
3.743138464451870595e-01
3.741847457649401520e-01
3.741554373025520741e-01
3.741936707000324547e-01
3.742338687246010709e-01
3.742174288113482294e-01
3.741531519081654489e-01
3.740837582872492684e-01
3.740476820584451856e-01
3.740569141776698969e-01
3.740930536592623201e-01
3.741295511222594294e-01
3.741408340108169361e-01
3.741265722444829245e-01
3.740941127371663066e-01
3.740590586250058802e-01
3.740299887305182369e-01
3.740135636911466332e-01
3.740107589175941105e-01
3.740169181249621833e-01
3.740232904493022148e-01
3.740229074383537022e-01
3.740144651300116307e-01
3.740019718443478025e-01
3.739914987701978832e-01
3.739877686951531555e-01
3.739915486938573119e-01
3.739985100044997401e-01
3.740034430705907464e-01
3.740023480628107411e-01
3.739962527888647803e-01
3.739874492682368490e-01
3.739793824670132327e-01
3.739734647396735223e-01
3.739701682626532242e-01
3.739683817877097471e-01
3.739670698536016746e-01
3.739652523233538695e-01
3.739629109203734814e-01
3.739599166350797144e-01
3.739564765293214021e-01
3.739525519319129021e-01
3.739487245621146982e-01
3.739453837551193205e-01
3.739430594116251449e-01
3.739416794930022214e-01
3.739411300391570769e-01
3.739409068158379701e-01
3.739407740410387593e-01
3.739404712789263785e-01
3.739403785891524667e-01
3.739407425882251279e-01
3.739424795872287044e-01
3.739456410446804213e-01
3.739516485012709390e-01
3.739601116821130722e-01
3.739741212378679402e-01
3.739924791916572344e-01
3.740223219616313766e-01
3.740601989538061556e-01
3.741228297631898347e-01
3.741994986993103511e-01
3.743305979428263042e-01
3.744817279240330588e-01
3.747524135505129195e-01
3.750317038567564931e-01
3.755593845099128858e-01
3.759990596703738364e-01
3.768784223918115739e-01
3.773438233550264753e-01
3.783629857892233939e-01
3.784063598179555621e-01
3.788335652169771972e-01
3.780612079322983599e-01
3.774457371466861666e-01
3.762158543366164176e-01
3.752467534884967870e-01
3.744377120418663774e-01
3.740345966514336817e-01
3.739799873415690645e-01
3.741766666469705793e-01
3.745021337781285764e-01
3.748072429349634804e-01
3.750968614393805911e-01
3.751119512676507339e-01
3.750947185680433282e-01
3.747799298673916146e-01
3.745035327191799102e-01
3.741960249107700864e-01
3.740042742811680032e-01
3.739221173976876589e-01
3.739384019267310566e-01
3.740191417197982759e-01
3.741160234888824543e-01
3.742171151458640876e-01
3.742599980642455915e-01
3.742803510978618409e-01
3.742290393153864803e-01
3.741604468510058568e-01
3.740605563599452288e-01
3.739721291553432247e-01
3.738987449662757312e-01
3.738550802955019070e-01
3.738384796835459989e-01
3.738438303955020081e-01
3.738630572006586550e-01
3.738885874373426010e-01
3.739156203789645305e-01
3.739370500598357405e-01
3.739549111270327186e-01
3.739590017829934054e-01
3.739592852315875571e-01
3.739456195906899483e-01
3.739315296277221368e-01
3.739105041050997946e-01
3.738919407586680510e-01
3.738726224012289823e-01
3.738563779848265156e-01
3.738419845861808977e-01
3.738307029004454551e-01
3.738224019800346354e-01
3.738173793524774968e-01
3.738155100579677592e-01
3.738165243083764189e-01
3.738203376287057011e-01
3.738268799097708150e-01
3.738367497313348498e-01
3.738505465789575544e-01
3.738699082428409981e-01
3.738959689874403747e-01
3.739319839596622064e-01
3.739796433909357010e-01
3.740455342781233150e-01
3.741320512881641247e-01
3.742517796851567158e-01
3.744064624193702562e-01
3.746177599768452104e-01
3.748793009062098003e-01
3.752224620370152586e-01
3.778888726728331648e-01
3.761888621349082640e-01
3.767495764688236770e-01
3.771245267432495329e-01
3.771801399784631137e-01
3.769510986353360460e-01
3.763697684004887467e-01
3.756700885126855738e-01
3.748305770961090078e-01
3.742289733466241941e-01
3.739892346523711053e-01
3.741055913909420716e-01
3.743842247861169370e-01
3.746931376517412815e-01
3.749659651305921049e-01
3.751553157785482151e-01
3.751992094145266132e-01
3.751758492445541604e-01
3.751314944431501930e-01
3.752898748080140123e-01
3.755118192689717027e-01
3.760387330768694136e-01
3.763216118708146984e-01
3.769610295961972612e-01
3.769171585700023530e-01
3.771593643390376283e-01
3.765586316708228187e-01
3.761945578683366653e-01
3.754247963711326852e-01
3.748892844053056672e-01
3.743853842102882190e-01
3.740762575710026017e-01
3.739235339042651374e-01
3.739003149087186673e-01
3.739522798932768399e-01
3.740306238263435556e-01
3.741218427537440494e-01
3.741903188520523393e-01
3.742782984976685268e-01
3.743016402077403715e-01
3.743520904300012830e-01
3.743219372729880701e-01
3.743123490651795171e-01
3.742390874082626162e-01
3.741637459459312143e-01
3.740619052792142352e-01
3.739624002769423861e-01
3.738656459579117741e-01
3.737818402690612496e-01
3.737160798524108429e-01
3.736737484755393579e-01
3.736559039310303754e-01
3.736588516119404568e-01
3.736760218413963663e-01
3.737007243380457422e-01
3.737273428116602569e-01
3.737511526279010399e-01
3.737695402982966764e-01
3.737818267550648277e-01
3.737913153349007866e-01
3.737981342876843249e-01
3.738091196977220698e-01
3.738175923773565668e-01
3.738357821629193500e-01
3.738484206016072786e-01
3.738764727279750844e-01
3.738942147214748268e-01
3.739332619547878767e-01
3.739576381584534537e-01
3.740117157434994510e-01
3.740464513253321521e-01
3.741221657396704980e-01
3.741698951257718120e-01
3.742741990247341333e-01
3.743365342585227573e-01
3.744764286109025786e-01
3.745503530013413185e-01
3.747268552669081876e-01
3.748000839146082841e-01
3.749998332324565586e-01
3.750492358190084530e-01
3.752381546626660236e-01
3.752363823901193607e-01
3.753669285993150306e-01
3.752973923058054995e-01
3.753338842735696179e-01
3.752024958943727118e-01
3.751442293088337321e-01
3.749790501232472817e-01
3.748606989827267810e-01
3.746978924515510512e-01
3.745645288374521709e-01
3.744283905516340716e-01
3.743090784280028727e-01
3.742035935362996169e-01
3.741071063846781453e-01
3.740260032960533998e-01
3.739521334358019700e-01
3.738919376347008550e-01
3.738401176718841867e-01
3.738018720173602039e-01
3.737708127914156631e-01
3.737544547148470286e-01
3.737405087005603033e-01
3.737427115484501794e-01
3.737415046217190673e-01
3.737578597817677317e-01
3.737663508367823351e-01
3.737937018094742991e-01
3.738104131644808259e-01
3.738475728294268774e-01
3.738719422466457165e-01
3.739196996702720543e-01
3.739521553016771360e-01
3.740136845393053910e-01
3.740557252689846734e-01
3.741362665317040648e-01
3.741896501091175331e-01
3.742948784672979756e-01
3.743597666244428135e-01
3.744928864907710042e-01
3.745653178747755940e-01
3.747227909078317265e-01
3.747927496320262453e-01
3.749596824707430720e-01
3.750107503570351830e-01
3.751594679341915262e-01
3.751721091942590292e-01
3.752680273200040828e-01
3.752268472119933973e-01
3.752429594867418006e-01
3.751453234984420959e-01
3.750778305630072529e-01
3.749382246639453298e-01
3.748106227628961173e-01
3.746560534039605761e-01
3.745075156906861880e-01
3.743660302271736851e-01
3.742334668899273131e-01
3.741253126633817816e-01
3.740328607106647163e-01
3.739701057241092697e-01
3.739284067923295263e-01
3.739185448153083957e-01
3.739268981851723295e-01
3.739737924877474806e-01
3.740205489267158234e-01
3.741209942105871988e-01
3.741834445057012903e-01
3.743217035412753635e-01
3.743697416512615228e-01
3.745154010777134723e-01
3.745218468205722684e-01
3.746374669045496875e-01
3.745903169161891588e-01
3.746473621429692313e-01
3.745526281047646400e-01
3.745428733516554809e-01
3.744168564962698786e-01
3.743528180777367931e-01
3.742158795693979467e-01
3.741246144474315027e-01
3.739991941808064047e-01
3.739113737813726246e-01
3.737845055821930607e-01
3.737654579216059259e-01
3.737772453225393643e-01
3.739282996509030732e-01
3.740373313652856635e-01
3.738670013152906035e-01
3.738070615365748361e-01
3.741184950922232244e-01
3.745183698764755764e-01
3.746907230748235951e-01
3.750665494356199003e-01
3.753769670548857684e-01
3.761477128679024950e-01
3.756828149337909650e-01
3.755156861805081236e-01
3.750606384413848748e-01
3.748241183952015776e-01
3.744582357931517391e-01
3.741174209424583674e-01
3.739132108594203641e-01
3.738171738382823905e-01
3.737068437006321742e-01
3.735765735959873379e-01
3.735357435579725327e-01
3.736010505499709478e-01
3.736994455773424706e-01
3.737551278750849137e-01
3.738389135107651473e-01
3.739581514354762826e-01
3.740747645144534839e-01
3.741337884602272124e-01
3.741748108495367431e-01
3.742139620656289578e-01
3.742774630837086280e-01
3.743052310533711013e-01
3.743576824935882508e-01
3.744478282022591920e-01
3.768722339056851389e-01
3.748881786742048750e-01
3.752525841949450047e-01
3.755979836293008023e-01
3.759494977108048253e-01
3.762887597388780980e-01
3.765880890984343310e-01
3.768809816187342343e-01
3.767066921419821579e-01
3.779821977665586141e-01
3.838426363350129211e-01
3.989511357367466204e-01
4.336685226493724454e-01
4.251797442304202646e-01
4.208356256623938529e-01
4.253087671050156393e-01
4.117079350795012083e-01
4.268820343704059495e-01
4.002490739537704068e-01
4.152478599230482459e-01
4.051025422137203291e-01
3.964860906687245889e-01
4.050318753461731314e-01
3.948323316709106412e-01
3.975000758130108891e-01
4.004486301661390191e-01
4.017223980950502260e-01
3.857476373012482807e-01
3.976105501112601193e-01
3.970469259787859362e-01
3.940273738992690622e-01
3.925782747008309537e-01
3.934234072021487449e-01
3.923757618830910898e-01
3.820271461662926304e-01
3.922888727237077156e-01
3.821492109051577435e-01
3.866623908030475398e-01
3.798599448306673732e-01
3.870230282490569884e-01
3.774471391928526098e-01
3.840535936844332587e-01
3.779226944167240476e-01
3.811875229849389646e-01
3.763279786082889267e-01
3.800129994608703599e-01
3.768368035519239490e-01
3.767782571014270387e-01
3.775565492473155760e-01
3.758811395867474037e-01
3.764435873243197062e-01
3.758723047392212302e-01
3.764705179873688023e-01
3.746848994179243775e-01
3.759837964761021945e-01
3.749516561330283881e-01
3.749708567185595087e-01
3.745304850766776883e-01
3.751657195415347146e-01
3.739529992842016703e-01
3.749183197105503407e-01
3.739797835487757571e-01
3.745135280845203751e-01
3.737398935721462090e-01
3.744543426963541921e-01
3.736094127405490406e-01
3.741259269337255944e-01
3.738573394922140580e-01
3.738672100129311060e-01
3.737392451464136012e-01
3.738498917610552086e-01
3.736941187961975164e-01
3.736404958693295142e-01
3.737212514316199941e-01
3.735864697610471463e-01
3.735933247767151966e-01
3.735703583170932873e-01
3.735816193104824490e-01
3.734658782331491400e-01
3.735623159682103234e-01
3.734474535588213073e-01
3.734983442283097421e-01
3.734179181582742424e-01
3.734997209997230061e-01
3.733773330275518831e-01
3.734507918084042366e-01
3.733948169126516947e-01
3.734139218599012988e-01
3.733697884171335302e-01
3.734005665164055188e-01
3.733628400168303996e-01
3.733655092233336692e-01
3.733636850380104288e-01
3.733513838508207838e-01
3.733422848128831184e-01
3.733418503086389229e-01
3.733401873686155170e-01
3.733203002797867986e-01
3.733322517010111419e-01
3.733147626115239093e-01
3.733206836777556159e-01
3.733031486069916527e-01
3.733148311852694246e-01
3.732966458439264668e-01
3.733015355749271791e-01
3.732933536290429233e-01
3.732937603188061226e-01
3.732854397190499829e-01
3.732853544263280976e-01
3.732817840853934754e-01
3.732762207127668930e-01
3.732751209380866797e-01
3.732715580270155042e-01
3.732680933720983751e-01
3.732641609955007489e-01
3.732634949586252637e-01
3.732582560463551524e-01
3.732566964372789897e-01
3.732526095406353273e-01
3.732515798967070975e-01
3.732464704189235594e-01
3.732454605518180646e-01
3.732417108765651026e-01
3.732395174635479984e-01
3.732361477767616176e-01
3.732340056684316787e-01
3.732311275315940979e-01
3.732280743572674586e-01
3.732259671354875574e-01
3.732229726118642121e-01
3.732204449473066621e-01
3.732175233908849865e-01
3.732154166525118999e-01
3.732123082183928520e-01
3.732100203583469389e-01
3.732071542877532511e-01
3.732048970352531136e-01
3.732019350044808448e-01
3.731996397446042391e-01
3.731969537369901890e-01
3.731943943927732987e-01
3.731918434633408332e-01
3.731892707851886537e-01
3.731868221500731497e-01
3.731840890118932608e-01
3.731817384539455884e-01
3.731790899018241348e-01
3.731766288333384640e-01
3.731740228927583058e-01
3.731715917649243153e-01
3.731690235086287388e-01
3.731665196637742876e-01
3.731640118942334272e-01
3.731615211851695979e-01
3.731590051758981175e-01
3.731565054601271303e-01
3.731540370901338388e-01
3.731515212659240466e-01
3.731490551712184356e-01
3.731465528286922462e-01
3.731441091633691531e-01
3.731415994296617966e-01
3.731391521991025417e-01
3.731366779011283663e-01
3.731342212975746198e-01
3.731317570123848792e-01
3.731293032423935729e-01
3.731268598329189889e-01
3.731244040838119780e-01
3.731219682067232757e-01
3.731195241787740313e-01
3.731170971353168220e-01
3.731146568219420034e-01
3.731122381264634358e-01
3.731098119173550942e-01
3.731073962294339519e-01
3.731049786586349559e-01
3.731025710915968352e-01
3.731001664178202892e-01
3.753080166843212884e-01
3.731513121338196348e-01
3.731649837463857922e-01
3.731203033999260787e-01
3.731064331613514473e-01
3.731328855949645473e-01
3.731249505807118783e-01
3.730916557342390805e-01
3.730983914626476161e-01
3.731162468573500091e-01
3.730945654966849601e-01
3.730813569820240483e-01
3.730895604393706932e-01
3.730923262784274219e-01
3.730750032318276288e-01
3.730709401364136757e-01
3.730786766742716365e-01
3.730734236360984668e-01
3.730613633320060130e-01
3.730622784604089581e-01
3.730644148979486152e-01
3.730574967651981710e-01
3.730506189796954364e-01
3.730525235788408889e-01
3.730515413865416186e-01
3.730448340755091463e-01
3.730412828292422600e-01
3.730421408583742826e-01
3.730389719989142816e-01
3.730339113480084512e-01
3.730319046347743139e-01
3.730316488875236591e-01
3.730281755674068611e-01
3.730241750525885580e-01
3.730226995767835785e-01
3.730211829763038778e-01
3.730177199300389046e-01
3.730148527442531670e-01
3.730133028804645812e-01
3.730115061122555309e-01
3.730082033693569166e-01
3.730057344757105597e-01
3.730040920378949743e-01
3.730017874149809121e-01
3.729989904187059890e-01
3.729967414536222714e-01
3.729949488206091845e-01
3.729926487670111590e-01
3.729899852215451395e-01
3.729879456494412104e-01
3.729859266447847488e-01
3.729835881298881883e-01
3.729811722588816658e-01
3.729791029933666180e-01
3.729770825972534842e-01
3.729747540282833396e-01
3.729724688670221777e-01
3.729704154385196646e-01
3.729683050084784401e-01
3.729660578655774605e-01
3.729638336830448098e-01
3.729617739641772900e-01
3.729596541624994321e-01
3.729574384358276817e-01
3.729552901195723469e-01
3.729532130856951233e-01
3.729511062400631127e-01
3.729489349309839108e-01
3.729468038005667729e-01
3.729447316368725285e-01
3.729426202648493671e-01
3.729404885163645766e-01
3.729383804138248215e-01
3.729363097203353683e-01
3.729342225037531322e-01
3.729321101914899739e-01
3.729300263881422661e-01
3.729279598176997723e-01
3.729258840945217646e-01
3.729237962567354958e-01
3.729217219404237782e-01
3.729196680619630833e-01
3.729176050495818240e-01
3.729155358973237910e-01
3.729134791444455033e-01
3.729114322765653688e-01
3.729093852470505288e-01
3.729073318153607319e-01
3.729052885379570692e-01
3.729032539541052849e-01
3.729012183631370547e-01
3.728991814806855709e-01
3.728971500190791377e-01
3.728951260997452888e-01
3.728931034964956814e-01
3.728910798580447605e-01
3.728890615816706222e-01
3.728870484592892165e-01
3.728850382905585792e-01
3.728830283183329763e-01
3.728810218410810728e-01
3.728790204558352084e-01
3.728770217746868454e-01
3.728750244823331728e-01
3.728730298998926829e-01
3.728710395236167763e-01
3.728690524239507975e-01
3.728670668822130496e-01
3.728650840296454105e-01
3.728631047230097639e-01
3.728611286433473615e-01
3.728591547543869678e-01
3.728571831318827634e-01
3.728552148130398480e-01
3.728532495280270087e-01
3.728512867469128134e-01
3.728493263000655089e-01
3.728473686909295481e-01
3.728454141156976043e-01
3.728434621139569138e-01
3.728415124926387492e-01
3.728395655112515250e-01
3.728376213618551094e-01
3.728356798958131768e-01
3.728337408059460012e-01
3.728318042410560529e-01
3.728298703553888371e-01
3.728279391149048050e-01
3.728260103151884719e-01
3.728240839600036050e-01
3.728221601598544765e-01
3.728202389461810484e-01
3.728183202106091221e-01
3.728164038949651204e-01
3.728144900624016933e-01
3.728125787780072198e-01
3.728106700225550796e-01
3.728087637683477618e-01
3.728068600707229452e-01
3.728049590710211803e-01
3.728030608957432213e-01
3.728011656990334322e-01
3.727992737875506779e-01
3.727973856508322026e-01
3.727955020626057547e-01
3.727936241281978313e-01
3.727917536251972308e-01
3.727898933239479629e-01
3.727880476376483343e-01
3.727862234588331658e-01
3.727844318361619447e-01
3.749730090906739366e-01
3.728464911832564121e-01
3.728944809280795858e-01
3.728773078158848509e-01
3.728353978481392939e-01
3.728491386036432154e-01
3.729249757781336050e-01
3.729924767602861291e-01
3.730503197291562545e-01
3.731752054329468549e-01
3.734243158126672735e-01
3.738269399438798879e-01
3.744175762147650133e-01
3.752854536198906854e-01
3.765112563171495452e-01
3.781737759654397180e-01
3.797507684232672154e-01
3.810619500142572447e-01
3.807712763508225295e-01
3.791540600589040078e-01
3.765505738190452201e-01
3.744507329739248935e-01
3.737508721683455160e-01
3.743558171237252874e-01
3.753875414968486646e-01
3.757735848615620933e-01
3.751531178409069356e-01
3.739610821107749450e-01
3.731831636618526682e-01
3.732716343664660985e-01
3.739465658762205491e-01
3.745085962134168667e-01
3.743823605894893158e-01
3.737213706423602733e-01
3.730441045339880080e-01
3.728553056009197286e-01
3.731269925336739290e-01
3.734651041273290284e-01
3.735264632967927323e-01
3.732712690252696364e-01
3.729712920544617227e-01
3.728733944830754377e-01
3.730069388686029774e-01
3.731816988440595506e-01
3.731994303185923734e-01
3.730324107005683620e-01
3.728194522209393180e-01
3.727215992979628911e-01
3.727774414563966299e-01
3.728954097881658769e-01
3.729545582586316077e-01
3.729090600758065976e-01
3.728103781048869858e-01
3.727416853456229640e-01
3.727456205189111360e-01
3.727969815650457042e-01
3.728352479838928923e-01
3.728216408766203416e-01
3.727638467647267362e-01
3.727054804976139835e-01
3.726824188284336148e-01
3.726982403863466353e-01
3.727283028755961070e-01
3.727435041096233692e-01
3.727327977991229391e-01
3.727063236005233038e-01
3.726839202933874273e-01
3.726784711502929004e-01
3.726884521999043187e-01
3.727015497070433336e-01
3.727054145357288628e-01
3.726964025144032244e-01
3.726803973709665874e-01
3.726665449001406172e-01
3.726606580056747720e-01
3.726622876869671863e-01
3.726664583410166376e-01
3.726676220262215011e-01
3.726634546272775683e-01
3.726555037102310397e-01
3.726475231635708041e-01
3.726426605828368488e-01
3.726416453086842662e-01
3.726428422438936017e-01
3.726437383495769251e-01
3.726426198977145776e-01
3.726392815358288702e-01
3.726348179392709459e-01
3.726307680288434288e-01
3.726281818177037408e-01
3.726271375630219040e-01
3.726268979337432619e-01
3.726264801333191712e-01
3.726252271158609353e-01
3.726230700859137768e-01
3.726204379202046058e-01
3.726179386484774758e-01
3.726160442015263308e-01
3.726149233791284376e-01
3.726144576829830690e-01
3.726143608330477752e-01
3.726144403746988742e-01
3.726146713679117095e-01
3.726153859981282679e-01
3.726170150890983912e-01
3.726203500227356358e-01
3.726260801532309541e-01
3.726355517909905601e-01
3.726498856877135113e-01
3.726719886441952623e-01
3.727042314058317540e-01
3.727537883222968862e-01
3.728255059807526473e-01
3.729373245329966058e-01
3.730971468275950942e-01
3.733498722969958994e-01
3.736996538763031062e-01
3.742564790754456805e-01
3.749724677976160603e-01
3.760923886308391029e-01
3.773072039382643350e-01
3.790526148877703672e-01
3.802447467919525259e-01
3.814945893037189339e-01
3.809364852860023243e-01
3.797171432445635153e-01
3.771229299340089769e-01
3.747970414469437017e-01
3.732252853093223632e-01
3.728470386902726919e-01
3.734402184350574805e-01
3.744302367234521034e-01
3.753740838011598857e-01
3.754575950129218631e-01
3.750768796905679658e-01
3.740821545765630196e-01
3.753999701188277527e-01
3.729080569107262044e-01
3.730398102977148245e-01
3.733964745385954798e-01
3.736564981630971505e-01
3.737930761046507899e-01
3.736071767080741957e-01
3.732858473892944340e-01
3.729291355777076267e-01
3.727334591683194587e-01
3.727641003335108727e-01
3.729234189500917340e-01
3.730599308098858646e-01
3.730650172689839450e-01
3.729849937686728345e-01
3.728454863244237694e-01
3.727203815371938345e-01
3.726331101637366250e-01
3.726176844712261738e-01
3.726647376327194561e-01
3.727315030620242386e-01
3.727663029883032664e-01
3.727453043919964903e-01
3.726940759558399763e-01
3.726303539991275837e-01
3.725828315968430227e-01
3.725510694151679680e-01
3.725434639895770506e-01
3.725564848614133506e-01
3.725818644445919592e-01
3.726015610958429147e-01
3.726027518472830313e-01
3.725901027431097190e-01
3.725679591432463633e-01
3.725466146058285521e-01
3.725257487558175096e-01
3.725086823403263026e-01
3.724993335006633322e-01
3.724993451089572694e-01
3.725063023531318684e-01
3.725142236864267820e-01
3.725192507029121969e-01
3.725202301371884350e-01
3.725180594728724759e-01
3.725122933945500536e-01
3.725035538764230325e-01
3.724928291519642998e-01
3.724830914035173746e-01
3.724763063361882787e-01
3.724726918013571697e-01
3.724713579451700562e-01
3.724713591249137479e-01
3.724721894389110832e-01
3.724732558265932969e-01
3.724737672873745797e-01
3.724729635298757446e-01
3.724708424128667650e-01
3.724678727118576615e-01
3.724647309128454875e-01
3.724615373823783604e-01
3.724584223367605751e-01
3.724554530355013160e-01
3.724528628811072939e-01
3.724507502666612457e-01
3.724490103512106964e-01
3.724474041999371043e-01
3.724458340280655810e-01
3.724443406487137898e-01
3.724430112526563863e-01
3.724418056879653660e-01
3.724406366200488927e-01
3.724394687026717499e-01
3.724383115596062721e-01
3.724372719104631080e-01
3.724363557513665213e-01
3.724355723930473649e-01
3.724349041136740257e-01
3.724344612968455426e-01
3.724343452236896779e-01
3.724347448406074568e-01
3.724358025659731952e-01
3.724377790454193593e-01
3.724410049607205786e-01
3.724460091499658954e-01
3.724534976254990082e-01
3.724644801182900311e-01
3.724803912181562926e-01
3.725032696034729085e-01
3.725362459920934510e-01
3.725834133420865002e-01
3.726516165238802358e-01
3.727487194224243239e-01
3.728893781798208185e-01
3.730872330326724939e-01
3.733712570343528103e-01
3.737576211638460322e-01
3.742925136581477519e-01
3.749610208047333137e-01
3.757999795325859815e-01
3.766509191128184497e-01
3.774707691817151822e-01
3.799422389058281224e-01
3.779523372814798110e-01
3.774259965966214603e-01
3.763610277933491233e-01
3.754229679631730932e-01
3.747424856694074324e-01
3.749759027568149161e-01
3.753328875447756729e-01
3.761162900840492873e-01
3.761314018905272949e-01
3.759506732179402899e-01
3.749575252755337762e-01
3.739971896462944700e-01
3.730882033380978902e-01
3.726779006763850099e-01
3.727186613492499134e-01
3.730043164455007498e-01
3.732559084877936639e-01
3.732615736402332129e-01
3.731284848358792372e-01
3.729618543840079736e-01
3.729546456469863269e-01
3.730210253574832713e-01
3.731578574196037779e-01
3.732031604578210371e-01
3.731646719690906444e-01
3.729981077227337294e-01
3.727893253516592620e-01
3.725998862583735360e-01
3.725052911214574158e-01
3.725009766636003805e-01
3.725380604079262525e-01
3.725542658859693490e-01
3.725233234982414654e-01
3.724628437808444326e-01
3.724059598193872334e-01
3.723785909756187062e-01
3.723879677496642060e-01
3.724270139443615624e-01
3.724747217828118240e-01
3.725148213034888411e-01
3.725247207680275618e-01
3.725148713206750672e-01
3.724877954471313979e-01
3.724747295302731076e-01
3.724725083702630224e-01
3.724924247721272397e-01
3.725139345356017762e-01
3.725415697023942707e-01
3.725574828416256534e-01
3.725757424200086265e-01
3.725816822185513133e-01
3.726012918933224172e-01
3.726143787102436655e-01
3.726594175959476729e-01
3.726951639741100664e-01
3.727732921438074998e-01
3.728260270954633637e-01
3.729326808453962139e-01
3.729974036956795191e-01
3.731384086858888227e-01
3.732155173654846392e-01
3.733954586538963394e-01
3.734779842495149493e-01
3.736899879016334358e-01
3.737482218360306252e-01
3.739502331723272288e-01
3.739321698312120801e-01
3.740523318934396713e-01
3.739168598133419952e-01
3.738994559345263369e-01
3.736567452838587822e-01
3.735089921982124306e-01
3.732271592944110816e-01
3.730254764770420395e-01
3.727869622826020524e-01
3.726160553608978687e-01
3.724665553751177471e-01
3.723679811705687959e-01
3.723041273172805754e-01
3.722736728611360513e-01
3.722686236065007037e-01
3.722824136633043901e-01
3.723094971632970318e-01
3.723435905506456978e-01
3.723849414175905981e-01
3.724227866874613158e-01
3.724684283155043629e-01
3.725016513107879956e-01
3.725470526064542653e-01
3.725736037537867307e-01
3.726179664631145139e-01
3.726390098620991354e-01
3.726833708496011810e-01
3.727003336460338323e-01
3.727465608428875976e-01
3.727606026872070100e-01
3.728110443388705786e-01
3.728227202720698630e-01
3.728788267846429028e-01
3.728877831315224878e-01
3.729490124143258756e-01
3.729538752016698933e-01
3.730176086827953763e-01
3.730164330140895990e-01
3.730784246057731179e-01
3.730690283888398739e-01
3.731241170670853147e-01
3.731039606846975332e-01
3.731469321340025180e-01
3.731144520908091233e-01
3.731417348502255038e-01
3.730979174230746875e-01
3.731089783391030035e-01
3.730584455849557113e-01
3.730563999228352912e-01
3.730065656627868931e-01
3.729975612495787796e-01
3.729563555403878627e-01
3.729472403100765887e-01
3.729201629293581455e-01
3.729156524529310124e-01
3.729034568815920991e-01
3.729037095392282453e-01
3.729017253529425813e-01
3.729020121863547144e-01
3.729021051772442585e-01
3.728962043128961068e-01
3.728919667547075933e-01
3.728782734960269796e-01
3.728706014599196816e-01
3.728558656980726083e-01
3.728531938641158061e-01
3.728483079326275207e-01
3.728588322499501451e-01
3.728687077938847572e-01
3.728908429970232974e-01
3.729074180756457579e-01
3.729269817460023062e-01
3.729314346300151572e-01
3.729284369071268479e-01
3.729026003561645708e-01
3.728659236029486235e-01
3.728085194777463474e-01
3.727512587887154560e-01
3.726876965369967376e-01
3.726504526685648355e-01
3.726253381630571515e-01
3.726643170479932987e-01
3.727232958372622695e-01
3.729002423320072479e-01
3.730771183082228215e-01
3.734599234994950834e-01
3.737589717151226787e-01
3.743933455014706313e-01
4.077933859443511055e-01
3.765858976229728983e-01
3.772171475039042265e-01
3.779752585353717276e-01
3.772353558896701653e-01
3.768127116303346957e-01
3.759972985297094783e-01
3.752467967069169630e-01
3.742408800516378031e-01
3.731879882278492100e-01
3.728573259375825844e-01
3.729945379612178424e-01
3.732544950488931867e-01
3.733732732522134223e-01
3.733735123941240852e-01
3.734083158377127787e-01
3.734400693025620721e-01
3.733524440698872682e-01
3.733067402407296842e-01
3.732552967748477002e-01
3.732327294234880632e-01
3.730156150862914965e-01
3.727406113877065885e-01
3.724928078970725087e-01
3.723955188208543099e-01
3.723555088254464907e-01
3.723409666079640634e-01
3.723535955548882281e-01
3.724410275057641329e-01
3.725079537318524148e-01
3.725019883432235113e-01
3.724813549361369880e-01
3.724445429256448836e-01
3.724510632289625978e-01
3.724410586764967390e-01
3.724180752266830763e-01
3.723754146180850988e-01
3.723491598078638165e-01
3.723141705549559699e-01
3.722717965562045705e-01
3.722371415942966055e-01
3.722181502882247472e-01
3.722076099076527811e-01
3.721982179033260785e-01
3.721817700192480705e-01
3.721663258695895871e-01
3.721578742934797956e-01
3.721575576668521568e-01
3.721554184019871814e-01
3.721609640181833267e-01
3.721755431771899825e-01
3.721967014276237884e-01
3.722212802206326665e-01
3.722508299917544061e-01
3.722943543246775566e-01
3.744319983736746904e-01
3.725805147659178029e-01
3.728254293477814563e-01
3.730668466585219112e-01
3.733852785126002827e-01
3.738649284362955960e-01
3.744806604264293570e-01
3.752023183505184267e-01
3.758106472154201239e-01
3.763550108846247522e-01
3.766221118879068408e-01
3.764627154742133941e-01
3.759196345856666288e-01
3.751326761286060130e-01
3.746076282959102111e-01
3.743833537928732969e-01
3.747858828070360637e-01
3.751288103928028805e-01
3.759621427345301581e-01
3.758620474565693703e-01
3.758259872896918541e-01
3.747215530927966443e-01
3.737838209581428872e-01
3.728036268748450843e-01
3.723029665627183293e-01
3.721907923272959606e-01
3.723709979536136139e-01
3.726674254344135018e-01
3.729075067875621263e-01
3.730430016739652022e-01
3.729752718556469948e-01
3.729293180649739248e-01
3.727790173962019504e-01
3.727623527840799311e-01
3.727048218395006551e-01
3.727001216278559848e-01
3.726449879790351694e-01
3.725551378944260139e-01
3.724211183904095890e-01
3.722745381015357125e-01
3.721568346047477993e-01
3.720893188661449358e-01
3.720726877474623273e-01
3.720916593467429867e-01
3.721297210920213594e-01
3.721681808700195160e-01
3.721967739223255855e-01
3.722096897121461301e-01
3.722134313862429100e-01
3.722127218132952331e-01
3.722146982779448998e-01
3.722161258361409431e-01
3.722204346861245905e-01
3.722209396527773051e-01
3.722247822227535141e-01
3.722206850020803870e-01
3.722250655858784230e-01
3.722183249942500605e-01
3.722298132865649589e-01
3.722259269327222175e-01
3.722454302840049745e-01
3.722430374441292877e-01
3.722664239524497432e-01
3.722664960842038129e-01
3.722955513018242901e-01
3.723031326412333808e-01
3.723458861144058329e-01
3.723684850488038767e-01
3.724338339021917021e-01
3.724796879214924417e-01
3.725773420412936687e-01
3.726492001676220966e-01
3.727900736872831744e-01
3.728853993235097808e-01
3.730777735180816346e-01
3.731830473488706446e-01
3.734234319193278639e-01
3.735038676604888197e-01
3.737509781004116349e-01
3.737514499368519427e-01
3.739240208775663765e-01
3.737999014188875813e-01
3.738253689537643920e-01
3.735870162136950001e-01
3.734599296809190117e-01
3.731754394262395969e-01
3.729679229856067701e-01
3.727121203047554787e-01
3.725124841009117005e-01
3.723295828424265652e-01
3.721922166009228872e-01
3.720909523926236862e-01
3.720254491097112481e-01
3.719900289157243578e-01
3.719783559559797781e-01
3.719846708756348042e-01
3.720028401539514085e-01
3.720306324125759456e-01
3.720607186014413537e-01
3.720981519674204652e-01
3.721305203551585894e-01
3.721728663447262386e-01
3.722040427568920617e-01
3.722509236272636413e-01
3.722810987811869254e-01
3.723347258380232949e-01
3.723654203661527773e-01
3.724292188151793748e-01
3.724624231965503185e-01
3.725400057366794471e-01
3.725770271998763983e-01
3.726708270563724446e-01
3.727115577442239314e-01
3.728217187357804607e-01
3.728637613332795309e-01
3.729864726938549868e-01
3.730244168547950379e-01
3.731504011090382988e-01
3.731764496529178521e-01
3.732903511365190385e-01
3.732958838539998658e-01
3.733792920337374865e-01
3.733573058232249053e-01
3.733942049530483698e-01
3.733403127697291213e-01
3.753900394331649015e-01
3.733562176228432672e-01
3.733936529536830418e-01
3.733083785025929635e-01
3.731820094437917068e-01
3.730088695227847806e-01
3.728839144382400939e-01
3.727716737498459887e-01
3.726232926172305393e-01
3.724440429448653278e-01
3.722819327906529141e-01
3.721695348759072597e-01
3.721041505377374325e-01
3.720469932673749480e-01
3.719914831598863381e-01
3.719601007460562880e-01
3.719606012978380338e-01
3.719996968624670330e-01
3.720416233973017905e-01
3.720933817294643231e-01
3.721392206869053587e-01
3.722289214987779538e-01
3.723103612252809391e-01
3.724553859434433511e-01
3.725452987065301369e-01
3.727377088770421620e-01
3.728280676389122972e-01
3.731023437637664975e-01
3.731562044544803891e-01
3.734497021942323469e-01
3.733937270727520352e-01
3.736035623209708056e-01
3.733866062475224012e-01
3.735816069425542119e-01
3.736144452184643194e-01
3.735798083372686706e-01
3.730602865774053090e-01
3.725192029564445284e-01
3.726444268518069314e-01
3.730676987437227532e-01
3.729364274156133363e-01
3.728518781585278274e-01
3.732605406399199799e-01
3.738493988888363928e-01
3.741225448731780867e-01
3.745236115458691062e-01
3.750653281343467316e-01
3.764963250446346499e-01
3.758782097159449886e-01
3.754492246482263318e-01
3.744805788316124540e-01
3.738825261335815830e-01
3.732612555504790097e-01
3.726235111126241506e-01
3.726094184294485023e-01
3.730868057031643814e-01
3.734792889956489725e-01
3.736925154835827878e-01
3.745275626084426102e-01
3.742353059896597056e-01
3.740731028576295136e-01
3.730493592945662851e-01
3.726867424717007493e-01
3.726371227599467040e-01
3.726057894834544637e-01
3.727799643191058165e-01
3.730425594183586213e-01
3.732054149863382464e-01
3.729179996416074894e-01
3.726239946221818755e-01
3.723906293012141933e-01
3.723978894577824605e-01
3.724118989985596428e-01
3.724522007364960974e-01
3.725446372916706439e-01
3.725749596439673628e-01
3.724650384859118368e-01
3.722056984443893324e-01
3.720487029947701640e-01
3.719940692437589957e-01
3.719968944062633232e-01
3.720377485652096583e-01
3.721292268340283260e-01
3.722093846211563806e-01
3.721904466963550373e-01
3.720841366046775955e-01
3.719739804455129972e-01
3.719018926239352485e-01
3.718581878599067636e-01
3.718535076452701982e-01
3.718995398413394438e-01
3.719585613426515947e-01
3.719931192614224225e-01
3.719807030222463951e-01
3.719592273529077620e-01
3.719285453716335565e-01
3.718969357285909494e-01
3.718748762979195988e-01
3.718826651817561668e-01
3.719134176968295069e-01
3.719518034851517774e-01
3.719891850323735483e-01
3.720341971197604902e-01
3.720832587876064523e-01
3.721452594204040509e-01
3.722179935047287835e-01
3.723493150648404248e-01
3.724857190084489567e-01
3.727438381285674285e-01
3.729267371171585133e-01
3.733132575712554968e-01
3.735121750328631030e-01
3.740046690158795872e-01
3.741452516082648394e-01
3.745848167952918750e-01
3.747287018727043506e-01
3.748667856135141641e-01
3.747363610201565609e-01
3.765844020459971908e-01
3.745680067629726384e-01
3.745822413188814037e-01
3.741354122703900997e-01
3.735795153830057114e-01
3.730877627606783986e-01
3.727501773719959499e-01
3.723984448792903024e-01
3.721291045485036753e-01
3.720314627977185373e-01
3.720842285592870224e-01
3.720578013476750212e-01
3.721070245344031968e-01
3.722305351073615376e-01
3.723540016674222186e-01
3.723326990466487851e-01
3.722513752841904444e-01
3.721917060146604506e-01
3.721530653723917337e-01
3.720546840851641779e-01
3.719319667834366516e-01
3.718543865960213801e-01
3.718216240893812974e-01
3.718026866683730169e-01
3.718015809167174446e-01
3.718368944106722473e-01
3.718886696636909961e-01
3.719133168003427858e-01
3.719256828547887195e-01
3.719328417783743235e-01
3.719236707343910875e-01
3.718345766713500034e-01
3.751691551393060986e-01
3.891374889830839789e-01
4.134156904487953366e-01
4.412575714498435664e-01
3.967231117254854666e-01
4.489310212811701839e-01
4.595355683226405308e-01
4.747972743673490870e-01
4.342746791068811119e-01
4.248952995667024668e-01
4.725308428354929591e-01
4.247661072292940321e-01
4.246049600336748719e-01
4.443095992898741242e-01
4.021914125693624720e-01
4.287776597304057136e-01
4.135530082669967022e-01
4.049790233050289956e-01
4.126439979736078456e-01
3.981044897040053043e-01
4.010356525779101844e-01
3.971230340158867778e-01
3.917087597245819119e-01
3.931131577833706370e-01
3.896310148368097304e-01
3.898806349138645988e-01
3.838904322061460483e-01
3.862345734589686108e-01
3.820146238483733692e-01
3.842394353302488463e-01
3.796201317056870916e-01
3.819797049547706269e-01
3.809832717303168748e-01
3.790780783145739075e-01
3.783381509449341706e-01
3.773932651498761448e-01
3.766470345071966097e-01
3.774668540361718616e-01
3.751400936522152896e-01
3.765611382297484599e-01
3.751242271503787973e-01
3.751358523385632249e-01
3.751777515991837619e-01
3.742117845778057950e-01
3.743837604882240822e-01
3.739222401655873385e-01
3.735936633806381524e-01
3.740504929135284318e-01
3.731201115434328863e-01
3.734652399253097776e-01
3.733076239858683087e-01
3.727256234858946637e-01
3.733336325739004535e-01
3.725576693278560003e-01
3.728279583203018555e-01
3.726882587038302108e-01
3.725126680274979396e-01
3.725975204872409852e-01
3.724120585336416767e-01
3.723313323430721411e-01
3.724404639475095702e-01
3.721524047846185845e-01
3.723378223383730923e-01
3.721585480999058393e-01
3.721896105367281660e-01
3.721347021924197862e-01
3.721113212367826439e-01
3.720637166991658251e-01
3.720660442423767700e-01
3.720148485084593393e-01
3.719935935252018377e-01
3.720134659204465954e-01
3.719420071517169357e-01
3.719592758980030389e-01
3.719416175429038907e-01
