4.328828334808349609e+00
6.084502339363098145e-01
1.898279190063476562e-01
1.212817281484603882e-01
1.307492852210998535e-01
1.489617228507995605e-01
1.528054773807525635e-01
1.434758901596069336e-01
1.268983483314514160e-01
1.084316894412040710e-01
9.199431538581848145e-02
7.945881038904190063e-02
7.076298445463180542e-02
6.495486944913864136e-02
6.094535812735557556e-02
5.791686475276947021e-02
5.536035075783729553e-02
5.301487445831298828e-02
5.083907023072242737e-02
4.881409183144569397e-02
4.693298414349555969e-02
4.520021378993988037e-02
4.362154379487037659e-02
4.220056533813476562e-02
4.093758016824722290e-02
3.983167186379432678e-02
3.887643292546272278e-02
3.805357217788696289e-02
3.733907639980316162e-02
3.671185672283172607e-02
3.615582361817359924e-02
3.565880656242370605e-02
3.521140664815902710e-02
3.480647876858711243e-02
3.443909063935279846e-02
3.410699963569641113e-02
3.381131589412689209e-02
3.355637192726135254e-02
3.334745019674301147e-02
3.318626806139945984e-02
3.306742385029792786e-02
3.297941386699676514e-02
3.290925174951553345e-02
3.284639492630958557e-02
3.278406336903572083e-02
3.271863609552383423e-02
3.264877945184707642e-02
3.257471323013305664e-02
3.249801322817802429e-02
3.242142125964164734e-02
3.234862163662910461e-02
3.228333592414855957e-02
3.222802281379699707e-02
3.218257799744606018e-02
3.214413300156593323e-02
3.210837021470069885e-02
3.207144886255264282e-02
3.203121200203895569e-02
3.198748454451560974e-02
3.194258362054824829e-02
3.190042451024055481e-02
3.186147287487983704e-02
3.182164952158927917e-02
3.177867084741592407e-02
3.173633664846420288e-02
3.169968351721763611e-02
3.166772797703742981e-02
3.163621947169303894e-02
3.160208836197853088e-02
3.156529366970062256e-02
3.152872249484062195e-02
3.149552270770072937e-02
3.146644309163093567e-02
3.143941983580589294e-02
3.141148015856742859e-02
3.138098120689392090e-02
3.134876489639282227e-02
3.131733089685440063e-02
3.128872066736221313e-02
3.126271814107894897e-02
3.123701363801956177e-02
3.120916523039340973e-02
3.117864392697811127e-02
3.114715404808521271e-02
3.111688420176506042e-02
3.108839504420757294e-02
3.106020949780941010e-02
3.103051893413066864e-02
3.099917247891426086e-02
3.096774779260158539e-02
3.093776665627956390e-02
3.090896829962730408e-02
3.087980672717094421e-02
3.084940649569034576e-02
3.081861510872840881e-02
3.078874573111534119e-02
3.075980208814144135e-02
3.073055669665336609e-02
3.070037066936492920e-02
3.067011386156082153e-02
3.064078651368618011e-02
3.061201609671115875e-02
3.058278374373912811e-02
3.055315092206001282e-02
3.052406571805477142e-02
3.049561567604541779e-02
3.046686202287673950e-02
3.043764084577560425e-02
3.040883690118789673e-02
3.038055449724197388e-02
3.035203367471694946e-02
3.032341785728931427e-02
3.029545582830905914e-02
3.026779927313327789e-02
3.023991733789443970e-02
3.021242469549179077e-02
3.018546849489212036e-02
3.015844523906707764e-02
3.013175725936889648e-02
3.010572679340839386e-02
3.007978387176990509e-02
3.005423396825790405e-02
3.002927452325820923e-02
3.000440634787082672e-02
2.998002804815769196e-02
2.995608374476432800e-02
2.993229776620864868e-02
2.990908175706863403e-02
2.988606132566928864e-02
2.986335568130016327e-02
2.984099648892879486e-02
2.981872111558914185e-02
2.979676425457000732e-02
2.977482229471206665e-02
2.975300326943397522e-02
2.973117865622043610e-02
2.970924600958824158e-02
2.968724817037582397e-02
2.966495044529438019e-02
2.964245714247226715e-02
2.961955592036247253e-02
2.959633059799671173e-02
2.957266382873058319e-02
2.954863943159580231e-02
2.952427603304386139e-02
2.949967607855796814e-02
2.947500534355640411e-02
2.945040725171566010e-02
2.942615188658237457e-02
2.940240688621997833e-02
2.937940880656242371e-02
2.935724891722202301e-02
2.933603338897228241e-02
2.931570075452327728e-02
2.929619513452053070e-02
2.927733585238456726e-02
2.925897389650344849e-02
2.924090810120105743e-02
2.922299318015575409e-02
2.920509129762649536e-02
2.918711677193641663e-02
2.916900813579559326e-02
2.915075980126857758e-02
2.913239970803260803e-02
2.911398373544216156e-02
2.909558825194835663e-02
2.907729707658290863e-02
2.905919402837753296e-02
2.904134243726730347e-02
2.902377396821975708e-02
2.900649979710578918e-02
2.898949384689331055e-02
2.897269278764724731e-02
2.895603328943252563e-02
2.893945947289466858e-02
2.892291732132434845e-02
2.890638634562492371e-02
2.888986840844154358e-02
2.887337654829025269e-02
2.885694801807403564e-02
2.884060703217983246e-02
2.882439084351062775e-02
2.880829386413097382e-02
2.879230491816997528e-02
2.877639234066009521e-02
2.876050211489200592e-02
2.874457277357578278e-02
2.872853912413120270e-02
2.871234714984893799e-02
2.869593910872936249e-02
2.867928519845008850e-02
2.866234071552753448e-02
2.864507585763931274e-02
2.862746454775333405e-02
2.860946953296661377e-02
2.859104610979557037e-02
2.857214957475662231e-02
2.855272032320499420e-02
2.853268943727016449e-02
2.851198613643646240e-02
2.849055081605911255e-02
2.846831828355789185e-02
2.844525873661041260e-02
2.842134051024913788e-02
2.839656360447406769e-02
2.837094478309154510e-02
2.834453992545604706e-02
2.831745706498622894e-02
2.828983031213283539e-02
2.826183475553989410e-02
2.823366597294807434e-02
2.820554003119468689e-02
2.817765623331069946e-02
2.815017290413379669e-02
2.812318317592144012e-02
2.809674106538295746e-02
2.807082980871200562e-02
2.804539352655410767e-02
2.802034094929695129e-02
2.799555473029613495e-02
2.797091566026210785e-02
2.794631943106651306e-02
2.792168594896793365e-02
2.789697423577308655e-02
2.787216752767562866e-02
2.784729935228824615e-02
2.782243676483631134e-02
2.779764123260974884e-02
2.777297049760818481e-02
2.774845995008945465e-02
2.772413007915019989e-02
2.769996412098407745e-02
2.767592109739780426e-02
2.765197306871414185e-02
2.762807905673980713e-02
2.760421484708786011e-02
2.758038043975830078e-02
2.755657583475112915e-02
2.753281593322753906e-02
2.750911563634872437e-02
2.748548239469528198e-02
2.746191993355751038e-02
2.743842639029026031e-02
2.741497755050659180e-02
2.739154733717441559e-02
2.736809290945529938e-02
2.734457328915596008e-02
2.732095308601856232e-02
2.729722298681735992e-02
2.727338485419750214e-02
2.724944613873958588e-02
2.722540125250816345e-02
2.720119804143905640e-02
2.717678807675838470e-02
2.715208753943443298e-02
2.712703682482242584e-02
2.710159495472908020e-02
2.707573398947715759e-02
2.704944089055061340e-02
2.702269330620765686e-02
2.699544280767440796e-02
2.696762792766094208e-02
2.693918719887733459e-02
2.691004984080791473e-02
2.688015997409820557e-02
2.684946544468402863e-02
2.681790105998516083e-02
2.678539790213108063e-02
2.675187401473522186e-02
2.671724557876586914e-02
2.668145857751369476e-02
2.664455026388168335e-02
2.660681493580341339e-02
2.656740881502628326e-02
2.652595192193984985e-02
2.648419700562953949e-02
2.644283138215541840e-02
2.640095539391040802e-02
2.636078186333179474e-02
2.632518298923969269e-02
2.629448659718036652e-02
2.627031877636909485e-02
2.625335007905960083e-02
2.623874694108963013e-02
2.622126415371894836e-02
2.619883045554161072e-02
2.617164328694343567e-02
2.624865062534809113e-02
2.614127099514007568e-02
2.610812894999980927e-02
2.609360963106155396e-02
2.607549913227558136e-02
2.606601268053054810e-02
2.604893036186695099e-02
2.603447251021862030e-02
2.601565793156623840e-02
2.600051090121269226e-02
2.598017267882823944e-02
2.596145868301391602e-02
2.594368904829025269e-02
2.592403441667556763e-02
2.590681612491607666e-02
2.588714845478534698e-02
2.586909756064414978e-02
2.584906667470932007e-02
2.583454363048076630e-02
2.582338266074657440e-02
2.581669576466083527e-02
2.580710500478744507e-02
2.579573355615139008e-02
2.577815018594264984e-02
2.575936354696750641e-02
2.574319392442703247e-02
2.573357336223125458e-02
2.572737634181976318e-02
2.572108805179595947e-02
2.571072801947593689e-02
2.569678798317909241e-02
2.568252012133598328e-02
2.567156963050365448e-02
2.566548064351081848e-02
2.565916255116462708e-02
2.564907073974609375e-02
2.563668787479400635e-02
2.562715485692024231e-02
2.562057413160800934e-02
2.561463043093681335e-02
2.560648508369922638e-02
2.559698559343814850e-02
2.558837831020355225e-02
2.558221109211444855e-02
2.557624876499176025e-02
2.556881681084632874e-02
2.556060999631881714e-02
2.555364556610584259e-02
2.554789558053016663e-02
2.554181031882762909e-02
2.553484216332435608e-02
2.552795410156250000e-02
2.552208118140697479e-02
2.551653608679771423e-02
2.551043964922428131e-02
2.550399489700794220e-02
2.549817040562629700e-02
2.549282461404800415e-02
2.548723854124546051e-02
2.548128925263881683e-02
2.547564357519149780e-02
2.547042816877365112e-02
2.546512521803379059e-02
2.545950934290885925e-02
2.545398287475109100e-02
2.544881775975227356e-02
2.544365078210830688e-02
2.543824352324008942e-02
2.543283626437187195e-02
2.542767487466335297e-02
2.542252466082572937e-02
2.541717700660228729e-02
2.541179396212100983e-02
2.540656365454196930e-02
2.540133520960807800e-02
2.539595216512680054e-02
2.539054863154888153e-02
2.538521960377693176e-02
2.537985332310199738e-02
2.537435851991176605e-02
2.536885067820549011e-02
2.536336891353130341e-02
2.535781450569629669e-02
2.535216324031352997e-02
2.534650824964046478e-02
2.534082718193531036e-02
2.533504180610179901e-02
2.532919868826866150e-02
2.532333694398403168e-02
2.531740814447402954e-02
2.531138807535171509e-02
2.530533075332641602e-02
2.529922872781753540e-02
2.529305033385753632e-02
2.528679557144641876e-02
2.528049983084201813e-02
2.527413889765739441e-02
2.526770904660224915e-02
2.526122890412807465e-02
2.525470219552516937e-02
2.524811774492263794e-02
2.524148859083652496e-02
2.523484639823436737e-02
2.522817812860012054e-02
2.522149868309497833e-02
2.521483600139617920e-02
2.520819939672946930e-02
2.520159073173999786e-02
2.519503422081470490e-02
2.518853172659873962e-02
2.518208324909210205e-02
2.517569623887538910e-02
2.516936324536800385e-02
2.516308240592479706e-02
2.515685372054576874e-02
2.515066787600517273e-02
2.514450624585151672e-02
2.513836324214935303e-02
2.513222210109233856e-02
2.512607537209987640e-02
2.511992305517196655e-02
2.511375583708286285e-02
2.510759793221950531e-02
2.510147169232368469e-02
2.509547956287860870e-02
2.508992515504360199e-02
2.508574724197387695e-02
2.508526481688022614e-02
2.509420923888683319e-02
2.511840313673019409e-02
2.515962533652782440e-02
2.518644183874130249e-02
2.517067827284336090e-02
2.511194534599781036e-02
2.505904622375965118e-02
2.503072284162044525e-02
2.502675727009773254e-02
2.504013292491436005e-02
2.506016008555889130e-02
2.507323026657104492e-02
2.506485767662525177e-02
2.504101023077964783e-02
2.501226961612701416e-02
2.498974651098251343e-02
2.497536875307559967e-02
2.496789023280143738e-02
2.496555820107460022e-02
2.496741712093353271e-02
2.497350424528121948e-02
2.498327940702438354e-02
2.499624900519847870e-02
2.500542625784873962e-02
2.500713989138603210e-02
2.499249763786792755e-02
2.496915124356746674e-02
2.494108118116855621e-02
2.491670846939086914e-02
2.489724382758140564e-02
2.488277666270732880e-02
2.487190254032611847e-02
2.486347593367099762e-02
2.485676482319831848e-02
2.485161274671554565e-02
2.484856173396110535e-02
2.484886720776557922e-02
2.485519647598266602e-02
2.486969530582427979e-02
2.489466033875942230e-02
2.491722255945205688e-02
2.492451854050159454e-02
2.489357627928256989e-02
2.484733611345291138e-02
2.480049803853034973e-02
2.476639486849308014e-02
2.474348247051239014e-02
2.472870983183383942e-02
2.471937239170074463e-02
2.471425570547580719e-02
2.471366710960865021e-02
2.471889555454254150e-02
2.473270706832408905e-02
2.475325390696525574e-02
2.477740123867988586e-02
2.478213235735893250e-02
2.476589195430278778e-02
2.472532354295253754e-02
2.468594163656234741e-02
2.465283125638961792e-02
2.462968602776527405e-02
2.461306564509868622e-02
2.460085600614547729e-02
2.459110505878925323e-02
2.458297461271286011e-02
2.457614243030548096e-02
2.457108348608016968e-02
2.456914819777011871e-02
2.457388862967491150e-02
2.459140308201313019e-02
2.463209070265293121e-02
2.468905597925186157e-02
2.473190799355506897e-02
2.468957006931304932e-02
2.461411803960800171e-02
2.454635314643383026e-02
2.450674213469028473e-02
2.448624186217784882e-02
2.447725459933280945e-02
2.447617799043655396e-02
2.448275871574878693e-02
2.449916303157806396e-02
2.452499791979789734e-02
2.455764263868331909e-02
2.457237243652343750e-02
2.456482872366905212e-02
2.452660351991653442e-02
2.448874711990356445e-02
2.445616759359836578e-02
2.443487197160720825e-02
2.442055381834506989e-02
2.441291324794292450e-02
2.441006153821945190e-02
2.441381849348545074e-02
2.442269958555698395e-02
2.443824708461761475e-02
2.444938942790031433e-02
2.445430308580398560e-02
2.443791367113590240e-02
2.441446483135223389e-02
2.438532747328281403e-02
2.436264976859092712e-02
2.434474788606166840e-02
2.433368749916553497e-02
2.432720735669136047e-02
2.432694472372531891e-02
2.433196455240249634e-02
2.434528991580009460e-02
2.436133846640586853e-02
2.437920309603214264e-02
2.437949925661087036e-02
2.436728775501251221e-02
2.433743886649608612e-02
2.430881559848785400e-02
2.428308315575122833e-02
2.426505088806152344e-02
2.425198629498481750e-02
2.424349635839462280e-02
2.423827163875102997e-02
2.423707954585552216e-02
2.424088679254055023e-02
2.425333298742771149e-02
2.427709847688674927e-02
2.431457675993442535e-02
2.434799820184707642e-02
2.435945905745029449e-02
2.432169206440448761e-02
2.427097409963607788e-02
2.422497794032096863e-02
2.419643104076385498e-02
2.418185211718082428e-02
2.417789958417415619e-02
2.418206632137298584e-02
2.419274859130382538e-02
2.420972660183906555e-02
2.423110976815223694e-02
2.425771392881870270e-02
2.427812106907367706e-02
2.429127693176269531e-02
2.427964471280574799e-02
2.425208874046802521e-02
2.421576902270317078e-02
2.418928220868110657e-02
2.417105995118618011e-02
2.415717206895351410e-02
2.414417825639247894e-02
2.413491904735565186e-02
2.413049712777137756e-02
2.412817440927028656e-02
2.412466518580913544e-02
2.411951869726181030e-02
2.411496639251708984e-02
2.411225996911525726e-02
2.411042712628841400e-02
2.410778030753135681e-02
2.410382777452468872e-02
2.409978397190570831e-02
2.409683912992477417e-02
2.409534901380538940e-02
2.409615367650985718e-02
2.410433813929557800e-02
2.413749881088733673e-02
2.423168905079364777e-02
2.440273948013782501e-02
2.441626600921154022e-02
2.427162416279315948e-02
2.413878403604030609e-02
2.407987602055072784e-02
2.408056892454624176e-02
2.412444539368152618e-02
2.418672107160091400e-02
2.422249503433704376e-02
2.420998737215995789e-02
2.415358833968639374e-02
2.410621568560600281e-02
2.407578378915786743e-02
2.406322956085205078e-02
2.406184002757072449e-02
2.406980469822883606e-02
2.409681491553783417e-02
2.416748926043510437e-02
2.426993101835250854e-02
2.432218752801418304e-02
2.421076223254203796e-02
2.410209365189075470e-02
2.404125966131687164e-02
2.401983179152011871e-02
2.402622252702713013e-02
2.405465766787528992e-02
2.409564331173896790e-02
2.412797138094902039e-02
2.414148487150669098e-02
2.412280067801475525e-02
2.410019934177398682e-02
2.407853305339813232e-02
2.407279424369335175e-02
2.407864108681678772e-02
2.410123124718666077e-02
2.412444353103637695e-02
2.414174005389213562e-02
2.412056364119052887e-02
2.408340945839881897e-02
2.403911203145980835e-02
2.400698140263557434e-02
2.398534491658210754e-02
2.397208474576473236e-02
2.396350540220737457e-02
2.395784109830856323e-02
2.395464107394218445e-02
2.395564503967761993e-02
2.396764047443866730e-02
2.401349693536758423e-02
2.414291910827159882e-02
2.436405234038829803e-02
2.429664693772792816e-02
2.410302311182022095e-02
2.398227714002132416e-02
2.393654733896255493e-02
2.393838018178939819e-02
2.397740073502063751e-02
2.403449267148971558e-02
2.406340651214122772e-02
2.404856123030185699e-02
2.400342375040054321e-02
2.397026494145393372e-02
2.395157329738140106e-02
2.394956164062023163e-02
2.396990731358528137e-02
2.403382025659084320e-02
2.413718029856681824e-02
2.421709150075912476e-02
2.411934174597263336e-02
2.399615757167339325e-02
2.391624264419078827e-02
2.388587780296802521e-02
2.388616651296615601e-02
2.390642836689949036e-02
2.394241094589233398e-02
2.398371510207653046e-02
2.401873655617237091e-02
2.401965670287609100e-02
2.400992438197135925e-02
2.398805320262908936e-02
2.398046664893627167e-02
2.397649548947811127e-02
2.398201078176498413e-02
2.397748641669750214e-02
2.396850101649761200e-02
2.394223399460315704e-02
2.391602285206317902e-02
2.389074489474296570e-02
2.387420460581779480e-02
2.386464551091194153e-02
2.386443316936492920e-02
2.387663349509239197e-02
2.391450665891170502e-02
2.398623526096343994e-02
2.408467605710029602e-02
2.408248372375965118e-02
2.400282770395278931e-02
2.390573918819427490e-02
2.384638972580432892e-02
2.381411939859390259e-02
2.379946783185005188e-02
2.379524894058704376e-02
2.379683777689933777e-02
2.380650490522384644e-02
2.384123578667640686e-02
2.394560351967811584e-02
2.412056922912597656e-02
2.419468387961387634e-02
2.398859895765781403e-02
2.385371364653110504e-02
2.379558049142360687e-02
2.377235144376754761e-02
2.377142012119293213e-02
2.379288710653781891e-02
2.383557707071304321e-02
2.389326132833957672e-02
2.395787276327610016e-02
2.397545985877513885e-02
2.395053580403327942e-02
2.388549596071243286e-02
2.384067513048648834e-02
2.381262555718421936e-02
2.380317635834217072e-02
2.380278334021568298e-02
2.381329797208309174e-02
2.382827922701835632e-02
2.385173551738262177e-02
2.386426180601119995e-02
2.386995404958724976e-02
2.385076694190502167e-02
2.383099868893623352e-02
2.380743436515331268e-02
2.379374578595161438e-02
2.378480695188045502e-02
2.378693595528602600e-02
2.379476092755794525e-02
2.381451800465583801e-02
2.383106201887130737e-02
2.384756319224834442e-02
2.383828163146972656e-02
2.382140792906284332e-02
2.379052899777889252e-02
2.376595884561538696e-02
2.374486997723579407e-02
2.373436838388442993e-02
2.373154088854789734e-02
2.374258264899253845e-02
2.376549690961837769e-02
2.380841784179210663e-02
2.384438738226890564e-02
2.386443875730037689e-02
2.382706664502620697e-02
2.377672120928764343e-02
2.372374571859836578e-02
2.368584461510181427e-02
2.366192825138568878e-02
2.365050837397575378e-02
2.364640869200229645e-02
2.365132421255111694e-02
2.367828413844108582e-02
2.376589737832546234e-02
2.393227815628051758e-02
2.404944598674774170e-02
2.386965788900852203e-02
2.371193468570709229e-02
2.362604066729545593e-02
2.359851077198982239e-02
2.361618913710117340e-02
2.365907281637191772e-02
2.371242456138134003e-02
2.375813014805316925e-02
2.378373779356479645e-02
2.375490218400955200e-02
2.372301183640956879e-02
2.369247376918792725e-02
2.368885092437267303e-02
2.369828894734382629e-02
2.371595054864883423e-02
2.370869554579257965e-02
2.368484251201152802e-02
2.364414185285568237e-02
2.361051738262176514e-02
2.358403056859970093e-02
2.356839925050735474e-02
2.356347069144248962e-02
2.357884123921394348e-02
2.363465726375579834e-02
2.377441897988319397e-02
2.391631528735160828e-02
2.386339381337165833e-02
2.366936765611171722e-02
2.355412021279335022e-02
2.350818552076816559e-02
2.350990474224090576e-02
2.354482561349868774e-02
2.359985187649726868e-02
2.366316504776477814e-02
2.369135059416294098e-02
2.368604391813278198e-02
2.364061400294303894e-02
2.360911108553409576e-02
2.358473464846611023e-02
2.357912249863147736e-02
2.357403934001922607e-02
2.357073500752449036e-02
2.355569414794445038e-02
2.353975549340248108e-02
2.352045103907585144e-02
2.350996062159538269e-02
2.350754477083683014e-02
2.352457679808139801e-02
2.355927787721157074e-02
2.361989766359329224e-02
2.364895120263099670e-02
2.363116480410099030e-02
2.355295605957508087e-02
2.347989007830619812e-02
2.342412620782852173e-02
2.339082770049571991e-02
2.337315864861011505e-02
2.336192131042480469e-02
2.335084229707717896e-02
2.334019728004932404e-02
2.333311550319194794e-02
2.333676628768444061e-02
2.338493987917900085e-02
2.362389490008354187e-02
2.414046227931976318e-02
2.353405952453613281e-02
2.335274033248424530e-02
2.340458147227764130e-02
2.353523671627044678e-02
2.350451983511447906e-02
2.339100651443004608e-02
2.333847805857658386e-02
2.337185107171535492e-02
2.345228753983974457e-02
2.349666133522987366e-02
2.344266325235366821e-02
2.337150089442729950e-02
2.337122522294521332e-02
2.342988550662994385e-02
2.346456982195377350e-02
2.344032377004623413e-02
2.334807813167572021e-02
2.328598499298095703e-02
2.323635295033454895e-02
2.319918945431709290e-02
2.320939116179943085e-02
2.325461432337760925e-02
2.330992370843887329e-02
2.338488586246967316e-02
2.348452992737293243e-02
2.344572544097900391e-02
2.333760075271129608e-02
2.323350869119167328e-02
2.317795343697071075e-02
2.315147966146469116e-02
2.313488908112049103e-02
2.312072925269603729e-02
2.310906723141670227e-02
2.310644835233688354e-02
2.312525920569896698e-02
2.321315929293632507e-02
2.349454909563064575e-02
2.379422634840011597e-02
2.332163974642753601e-02
2.311374247074127197e-02
2.311394177377223969e-02
2.323853783309459686e-02
2.329313568770885468e-02
2.317718788981437683e-02
2.307237870991230011e-02
2.307981066405773163e-02
2.318443357944488525e-02
2.332259342074394226e-02
2.335651218891143799e-02
2.329105883836746216e-02
2.318165078759193420e-02
2.311039157211780548e-02
2.305814810097217560e-02
2.302237227559089661e-02
2.299700491130352020e-02
2.298638410866260529e-02
2.297903783619403839e-02
2.297231927514076233e-02
2.296851202845573425e-02
2.299210801720619202e-02
2.312544360756874084e-02
2.351623587310314178e-02
2.359920553863048553e-02
2.312309481203556061e-02
2.296529524028301239e-02
2.302902750670909882e-02
2.318568527698516846e-02
2.313143014907836914e-02
2.297244966030120850e-02
2.293415367603302002e-02
2.304499410092830658e-02
2.316864579916000366e-02
2.316174469888210297e-02
2.305644005537033081e-02
2.299754694104194641e-02
2.297281287610530853e-02
2.296419441699981689e-02
2.295668423175811768e-02
2.296962961554527283e-02
2.297732606530189514e-02
2.296523563563823700e-02
2.292611077427864075e-02
2.289200760424137115e-02
2.287132665514945984e-02
2.286678552627563477e-02
2.287895604968070984e-02
2.294093370437622070e-02
2.307832241058349609e-02
2.321673370897769928e-02
2.307791635394096375e-02
2.290677838027477264e-02
2.279932238161563873e-02
2.276326715946197510e-02
2.278437837958335876e-02
2.283211052417755127e-02
2.288576401770114899e-02
2.292778342962265015e-02
2.295315824449062347e-02
2.291588857769966125e-02
2.287451550364494324e-02
2.282972633838653564e-02
2.280381508171558380e-02
2.278156951069831848e-02
2.276187576353549957e-02
2.274171262979507446e-02
2.273154258728027344e-02
2.273564413189888000e-02
2.276841923594474792e-02
2.283430844545364380e-02
2.293792180716991425e-02
2.293769270181655884e-02
2.284535020589828491e-02
2.273233234882354736e-02
2.265327423810958862e-02
2.260967902839183807e-02
2.259818464517593384e-02
2.260844409465789795e-02
2.264370024204254150e-02
2.275262400507926941e-02
2.296786010265350342e-02
2.303708158433437347e-02
2.275097370147705078e-02
2.259035035967826843e-02
2.254256978631019592e-02
2.255651727318763733e-02
2.260862290859222412e-02
2.265709452331066132e-02
2.266938053071498871e-02
2.263917028903961182e-02
2.261615544557571411e-02
2.261702343821525574e-02
2.267029695212841034e-02
2.272563241422176361e-02
2.272442542016506195e-02
2.261510118842124939e-02
2.251768298447132111e-02
2.245577611029148102e-02
2.242319099605083466e-02
2.241454087197780609e-02
2.243245393037796021e-02
2.250041812658309937e-02
2.266684733331203461e-02
2.288837358355522156e-02
2.269504591822624207e-02
2.248428016901016235e-02
2.237809821963310242e-02
2.234244532883167267e-02
2.234678529202938080e-02
2.237910777330398560e-02
2.243863977491855621e-02
2.250890992581844330e-02
2.257030084729194641e-02
2.253768593072891235e-02
2.247886173427104950e-02
2.240541204810142517e-02
2.235499583184719086e-02
2.231232449412345886e-02
2.228229492902755737e-02
2.225981280207633972e-02
2.224886231124401093e-02
2.225746400654315948e-02
2.231770753860473633e-02
2.246415615081787109e-02
2.262917533516883850e-02
2.244890667498111725e-02
2.225788868963718414e-02
2.215791679918766022e-02
2.212556637823581696e-02
2.213639207184314728e-02
2.217969857156276703e-02
2.225918695330619812e-02
2.233624272048473358e-02
2.236421033740043640e-02
2.227708138525485992e-02
2.219622209668159485e-02
2.213052287697792053e-02
2.208976075053215027e-02
2.205900847911834717e-02
2.203902788460254669e-02
2.202879264950752258e-02
2.204052917659282684e-02
2.209251374006271362e-02
2.221543341875076294e-02
2.228583768010139465e-02
2.218713797628879547e-02
2.201836556196212769e-02
2.191846445202827454e-02
2.186919003725051880e-02
2.184733562171459198e-02
2.184428647160530090e-02
2.187532745301723480e-02
2.199559286236763000e-02
2.221909537911415100e-02
2.224234864115715027e-02
2.195619978010654449e-02
2.179778367280960083e-02
2.173247560858726501e-02
2.170861512422561646e-02
2.170707657933235168e-02
2.173542045056819916e-02
2.181844227015972137e-02
2.194471284747123718e-02
2.200750261545181274e-02
2.185706607997417450e-02
2.172073163092136383e-02
2.163111418485641479e-02
2.157903462648391724e-02
2.154278941452503204e-02
2.151522226631641388e-02
2.149944379925727844e-02
2.151404134929180145e-02
2.161966077983379364e-02
2.188977226614952087e-02
2.184941247105598450e-02
2.154798433184623718e-02
2.137626707553863525e-02
2.131252922117710114e-02
2.129667066037654877e-02
2.131934463977813721e-02
2.138424851000308990e-02
2.145366184413433075e-02
2.147320099174976349e-02
2.136900462210178375e-02
2.127581834793090820e-02
2.120260894298553467e-02
2.116587571799755096e-02
2.113248035311698914e-02
2.110701240599155426e-02
2.106052450835704803e-02
2.101336047053337097e-02
2.095556445419788361e-02
2.091983519494533539e-02
2.089226990938186646e-02
2.089478820562362671e-02
2.085098437964916229e-02
2.077856101095676422e-02
2.072686702013015747e-02
2.129066549241542816e-02
2.238069288432598114e-02
2.113755978643894196e-02
2.301759459078311920e-02
2.282217890024185181e-02
2.270375750958919525e-02
2.276812493801116943e-02
2.253461442887783051e-02
2.253168076276779175e-02
2.247088402509689331e-02
2.234143763780593872e-02
2.225826680660247803e-02
2.216948196291923523e-02
2.221942879259586334e-02
2.225742861628532410e-02
2.214915119111537933e-02
2.212435938417911530e-02
2.179539203643798828e-02
2.170678228139877319e-02
2.162945829331874847e-02
2.159919589757919312e-02
2.131679095327854156e-02
2.109473012387752533e-02
2.096509188413619995e-02
2.092127129435539246e-02
2.079573087394237518e-02
2.064155414700508118e-02
2.033752948045730591e-02
2.018684707581996918e-02
2.023884467780590057e-02
2.020549215376377106e-02
1.999125257134437561e-02
1.997321285307407379e-02
2.017065510153770447e-02
2.019946090877056122e-02
1.971987076103687286e-02
1.947570033371448517e-02
1.924307644367218018e-02
1.909526064991950989e-02
1.890182681381702423e-02
1.874974742531776428e-02
1.865045726299285889e-02
1.898155361413955688e-02
2.135866880416870117e-02
2.290442958474159241e-02
2.182580530643463135e-02
2.205852419137954712e-02
2.213834039866924286e-02
2.161029167473316193e-02
2.177894674241542816e-02
2.160860039293766022e-02
2.088521234691143036e-02
2.063065208494663239e-02
2.085737884044647217e-02
2.008384279906749725e-02
1.975492388010025024e-02
2.056919597089290619e-02
2.016700431704521179e-02
1.932818442583084106e-02
1.925788447260856628e-02
1.910518482327461243e-02
1.916562765836715698e-02
1.927938126027584076e-02
1.852973550558090210e-02
1.891404204070568085e-02
1.938682235777378082e-02
1.859577745199203491e-02
2.044956386089324951e-02
2.012860029935836792e-02
1.798468641936779022e-02
1.864203438162803650e-02
2.027564495801925659e-02
1.964356005191802979e-02
1.788954436779022217e-02
1.699636876583099365e-02
1.767577230930328369e-02
1.838473975658416748e-02
1.826881803572177887e-02
1.695156283676624298e-02
1.852273941040039062e-02
1.742914505302906036e-02
1.706496253609657288e-02
1.793190650641918182e-02
1.667190715670585632e-02
2.153015322983264923e-02
1.748212054371833801e-02
2.161559090018272400e-02
2.330706082284450531e-02
2.206964045763015747e-02
2.035974897444248199e-02
2.106202580034732819e-02
2.069963887333869934e-02
2.001956477761268616e-02
1.901990920305252075e-02
1.882949098944664001e-02
1.991215161979198456e-02
1.955287158489227295e-02
2.140092849731445312e-02
2.011984400451183319e-02
2.192325890064239502e-02
2.302749827504158020e-02
2.579625882208347321e-02
2.492300979793071747e-02
2.379882335662841797e-02
2.267596684396266937e-02
2.394353412091732025e-02
2.373841218650341034e-02
2.170093730092048645e-02
2.238830365240573883e-02
2.093175426125526428e-02
2.076935768127441406e-02
1.968852430582046509e-02
1.943140104413032532e-02
1.883927546441555023e-02
1.810103841125965118e-02
1.719207130372524261e-02
1.777468621730804443e-02
2.358077466487884521e-02
1.781591959297657013e-02
2.003872208297252655e-02
2.194904722273349762e-02
1.888369582593441010e-02
2.150542289018630981e-02
2.108740247786045074e-02
2.363658510148525238e-02
1.985045522451400757e-02
2.319244295358657837e-02
2.310379967093467712e-02
2.152526564896106720e-02
2.155564725399017334e-02
2.133064344525337219e-02
2.179116196930408478e-02
2.027264796197414398e-02
2.006938681006431580e-02
2.015770599246025085e-02
2.058501727879047394e-02
2.014651522040367126e-02
2.031876146793365479e-02
2.157696336507797241e-02
2.071434259414672852e-02
1.896225847303867340e-02
2.010344900190830231e-02
2.057150378823280334e-02
2.108672447502613068e-02
1.971552520990371704e-02
1.848317682743072510e-02
1.892168633639812469e-02
1.941556669771671295e-02
2.291550487279891968e-02
2.068823575973510742e-02
1.979929767549037933e-02
1.985144242644309998e-02
1.894046179950237274e-02
1.803174614906311035e-02
1.864719204604625702e-02
1.806492730975151062e-02
1.827615313231945038e-02
1.523353438824415207e-02
2.013247273862361908e-02
2.141053229570388794e-02
2.039070799946784973e-02
1.934130303561687469e-02
1.899504847824573517e-02
1.904279552400112152e-02
1.891561783850193024e-02
1.868307404220104218e-02
1.732054166495800018e-02
1.721765846014022827e-02
1.694857701659202576e-02
1.428580284118652344e-02
1.799550838768482208e-02
2.502453885972499847e-02
1.802727207541465759e-02
1.901188865303993225e-02
2.022600360214710236e-02
2.154361084103584290e-02
2.081651054322719574e-02
2.016650699079036713e-02
1.918500475585460663e-02
2.006923034787178040e-02
1.884375885128974915e-02
1.875709928572177887e-02
1.702259853482246399e-02
1.734383963048458099e-02
1.731536537408828735e-02
1.556003931909799576e-02
1.520786620676517487e-02
1.436221972107887268e-02
1.595542021095752716e-02
1.724543236196041107e-02
1.767421513795852661e-02
1.783294975757598877e-02
2.130087465047836304e-02
1.702196523547172546e-02
2.070663683116436005e-02
1.939541660249233246e-02
1.583819463849067688e-02
1.804156787693500519e-02
1.636499911546707153e-02
1.854531839489936829e-02
1.606265082955360413e-02
1.583450101315975189e-02
2.052651159465312958e-02
1.950595155358314514e-02
1.651212759315967560e-02
1.780515536665916443e-02
1.872291602194309235e-02
1.879840344190597534e-02
1.721348613500595093e-02
1.675339043140411377e-02
1.598697155714035034e-02
1.683928258717060089e-02
1.666295714676380157e-02
1.774186640977859497e-02
2.050752379000186920e-02
1.926251687109470367e-02
1.734451018273830414e-02
1.840083114802837372e-02
1.812661066651344299e-02
1.852745935320854187e-02
1.988231949508190155e-02
2.057085931301116943e-02
1.789510622620582581e-02
1.660574972629547119e-02
1.816869899630546570e-02
1.522772293537855148e-02
1.597770862281322479e-02
1.887139119207859039e-02
1.931040547788143158e-02
1.434367801994085312e-02
1.673071086406707764e-02
1.745414361357688904e-02
1.698455959558486938e-02
1.674600690603256226e-02
1.550623867660760880e-02
1.578441262245178223e-02
1.590501889586448669e-02
1.691462658345699310e-02
1.773089542984962463e-02
1.806961745023727417e-02
1.734644919633865356e-02
1.644635573029518127e-02
1.741068251430988312e-02
1.727311499416828156e-02
1.574344933032989502e-02
1.899523288011550903e-02
1.761698909103870392e-02
1.605023443698883057e-02
1.798843778669834137e-02
1.798492856323719025e-02
1.886565238237380981e-02
1.798957027494907379e-02
1.749721355736255646e-02
1.657840423285961151e-02
1.676762849092483521e-02
1.726160384714603424e-02
1.560514792799949646e-02
1.410297024995088577e-02
1.544405333697795868e-02
1.902294717729091644e-02
1.512478850781917572e-02
1.839835010468959808e-02
1.863238029181957245e-02
1.845256239175796509e-02
1.845029927790164948e-02
1.835647597908973694e-02
1.773766800761222839e-02
1.840257830917835236e-02
1.799140684306621552e-02
1.916989125311374664e-02
1.756184175610542297e-02
1.746056973934173584e-02
1.924184150993824005e-02
1.853106543421745300e-02
1.744232699275016785e-02
1.683628745377063751e-02
1.867560856044292450e-02
1.879426650702953339e-02
1.653085649013519287e-02
1.685739308595657349e-02
1.652761735022068024e-02
1.611119322478771210e-02
1.708783954381942749e-02
1.883028820157051086e-02
1.745245419442653656e-02
1.688237488269805908e-02
1.635899581015110016e-02
1.481719687581062317e-02
1.446689013391733170e-02
1.396736968308687210e-02
1.329755689948797226e-02
1.707489416003227234e-02
2.079033851623535156e-02
1.629261113703250885e-02
1.764286682009696960e-02
1.743254438042640686e-02
1.755092293024063110e-02
1.791648380458354950e-02
1.653762161731719971e-02
1.549963373690843582e-02
1.766543649137020111e-02
1.802339963614940643e-02
2.153600193560123444e-02
1.969150640070438385e-02
2.046608738601207733e-02
1.971815712749958038e-02
2.102509327232837677e-02
2.051034383475780487e-02
1.974116079509258270e-02
1.967750862240791321e-02
1.757566444575786591e-02
1.700900495052337646e-02
1.607307977974414825e-02
1.558916829526424408e-02
1.654616184532642365e-02
1.530761271715164185e-02
1.919823698699474335e-02
1.583870500326156616e-02
1.620371639728546143e-02
1.742058992385864258e-02
1.604962162673473358e-02
1.639319024980068207e-02
1.704587601125240326e-02
1.563269086182117462e-02
1.546693406999111176e-02
1.416329480707645416e-02
1.411290094256401062e-02
2.067432366311550140e-02
1.592798531055450439e-02
1.837109588086605072e-02
1.877401955425739288e-02
1.807501353323459625e-02
1.955197006464004517e-02
1.882565766572952271e-02
1.929284259676933289e-02
1.878265663981437683e-02
1.778901740908622742e-02
1.835322938859462738e-02
1.741306483745574951e-02
1.716787926852703094e-02
1.727207936346530914e-02
1.672793366014957428e-02
1.632495224475860596e-02
1.423867978155612946e-02
1.552328839898109436e-02
1.640176773071289062e-02
1.514832023531198502e-02
1.471070758998394012e-02
1.389632094651460648e-02
1.346866972744464874e-02
1.387671381235122681e-02
1.439029723405838013e-02
1.351581700146198273e-02
1.309821009635925293e-02
1.440473832190036774e-02
1.284558326005935669e-02
1.211397629231214523e-02
1.325930468738079071e-02
1.454357709735631943e-02
1.280038803815841675e-02
1.517266780138015747e-02
1.508544664829969406e-02
1.806179434061050415e-02
1.736258342862129211e-02
1.615934073925018311e-02
1.523825991898775101e-02
1.570894569158554077e-02
1.589500345289707184e-02
1.569844782352447510e-02
1.594073697924613953e-02
1.504706870764493942e-02
1.420254912227392197e-02
1.431950181722640991e-02
1.290558092296123505e-02
1.424416992813348770e-02
1.433268561959266663e-02
1.327192038297653198e-02
1.356730144470930099e-02
1.362173538655042648e-02
1.213142741471529007e-02
1.141860801726579666e-02
1.173793151974678040e-02
1.398816797882318497e-02
1.738635450601577759e-02
1.513049565255641937e-02
1.570297218859195709e-02
1.673929393291473389e-02
1.415962912142276764e-02
1.601901464164257050e-02
1.337028108537197113e-02
1.427932269871234894e-02
1.706013642251491547e-02
1.519845332950353622e-02
1.764481328427791595e-02
1.814573816955089569e-02
1.721918210387229919e-02
1.772388815879821777e-02
1.721774041652679443e-02
1.766834035515785217e-02
1.814553700387477875e-02
1.978035829961299896e-02
1.681472361087799072e-02
1.753296330571174622e-02
1.810755766928195953e-02
1.904438249766826630e-02
1.847908645868301392e-02
1.850752532482147217e-02
1.760861836373806000e-02
1.759193465113639832e-02
1.797920279204845428e-02
1.708281226456165314e-02
1.695717498660087585e-02
1.724337972700595856e-02
1.725236885249614716e-02
1.613041944801807404e-02
1.672343537211418152e-02
1.572871021926403046e-02
1.613523438572883606e-02
1.736721582710742950e-02
1.778155192732810974e-02
1.614977233111858368e-02
1.589403674006462097e-02
1.590237207710742950e-02
1.581243425607681274e-02
1.607512123882770538e-02
1.799847371876239777e-02
1.586540043354034424e-02
1.652068644762039185e-02
1.612051576375961304e-02
1.638144627213478088e-02
1.607180014252662659e-02
1.817741431295871735e-02
1.772863417863845825e-02
1.518609654158353806e-02
1.697656698524951935e-02
1.583251543343067169e-02
1.607041619718074799e-02
1.566974632441997528e-02
1.635489054024219513e-02
1.437988784164190292e-02
1.681230589747428894e-02
1.488504745066165924e-02
1.792776770889759064e-02
1.845954917371273041e-02
1.734864898025989532e-02
1.703556999564170837e-02
1.662849448621273041e-02
1.764499023556709290e-02
1.790703646838665009e-02
1.639649830758571625e-02
1.580484956502914429e-02
1.684695668518543243e-02
1.872882805764675140e-02
1.715265959501266479e-02
1.735687628388404846e-02
1.795181445777416229e-02
1.639140583574771881e-02
1.667873002588748932e-02
1.829336769878864288e-02
1.600869931280612946e-02
1.695020124316215515e-02
1.750481873750686646e-02
1.620638556778430939e-02
1.878963038325309753e-02
1.858139596879482269e-02
1.826476305723190308e-02
1.845086365938186646e-02
1.659551449120044708e-02
1.778847165405750275e-02
1.626484096050262451e-02
1.733990758657455444e-02
1.841429434716701508e-02
1.639614440500736237e-02
1.485129725188016891e-02
1.613071002066135406e-02
1.456349343061447144e-02
1.595985144376754761e-02
1.365989726036787033e-02
1.494577247649431229e-02
1.454447023570537567e-02
1.497174613177776337e-02
1.504761260002851486e-02
1.279175002127885818e-02
1.385682821273803711e-02
1.323586422950029373e-02
1.229230035096406937e-02
1.240761019289493561e-02
1.486070733517408371e-02
1.257815863937139511e-02
1.638416200876235962e-02
1.429862622171640396e-02
1.439973991364240646e-02
1.502643153071403503e-02
1.295388489961624146e-02
1.280438341200351715e-02
1.293752063065767288e-02
1.448953151702880859e-02
1.244595088064670563e-02
1.230701245367527008e-02
1.348557230085134506e-02
1.166287064552307129e-02
1.232539303600788116e-02
1.490222662687301636e-02
1.696421392261981964e-02
1.457101572304964066e-02
1.421089749783277512e-02
1.704550907015800476e-02
1.653434336185455322e-02
1.557801570743322372e-02
1.485251169651746750e-02
1.504780445247888565e-02
1.387467421591281891e-02
1.312868390232324600e-02
1.451586559414863586e-02
1.429615169763565063e-02
1.582642830908298492e-02
1.698828116059303284e-02
1.661682315170764923e-02
1.652077957987785339e-02
1.485260482877492905e-02
1.531351823359727859e-02
1.629569008946418762e-02
1.916576735675334930e-02
1.625662855803966522e-02
1.689656078815460205e-02
1.697430759668350220e-02
1.780574955046176910e-02
1.650667376816272736e-02
1.534303650259971619e-02
1.459306478500366211e-02
1.433539390563964844e-02
1.603986136615276337e-02
1.534597482532262802e-02
1.784762926399707794e-02
1.645635068416595459e-02
1.586085744202136993e-02
1.661767251789569855e-02
1.650029979646205902e-02
1.599578186869621277e-02
1.531609054654836655e-02
1.393084321171045303e-02
1.521922089159488678e-02
1.449893042445182800e-02
1.486821286380290985e-02
1.447352394461631775e-02
1.405042782425880432e-02
1.338561810553073883e-02
1.319594494998455048e-02
1.374066993594169617e-02
1.402076240628957748e-02
1.277496572583913803e-02
1.371599547564983368e-02
1.235159114003181458e-02
1.456544175744056702e-02
1.607745327055454254e-02
1.263502240180969238e-02
1.357815600931644440e-02
1.619345322251319885e-02
1.381805632263422012e-02
1.711873151361942291e-02
1.442561857402324677e-02
1.687693782150745392e-02
1.607080735266208649e-02
1.435595378279685974e-02
1.506998576223850250e-02
1.332128047943115234e-02
1.294648367911577225e-02
1.519582234323024750e-02
1.597147062420845032e-02
1.613364368677139282e-02
1.445898413658142090e-02
1.609014905989170074e-02
1.320582255721092224e-02
1.540505420416593552e-02
1.500691566616296768e-02
1.343567576259374619e-02
1.347538270056247711e-02
1.435737963765859604e-02
1.312891859561204910e-02
1.395016349852085114e-02
1.475762855261564255e-02
1.302784960716962814e-02
1.371501293033361435e-02
1.341797225177288055e-02
1.337533257901668549e-02
1.363098993897438049e-02
1.654225401580333710e-02
1.360316481441259384e-02
1.755394227802753448e-02
1.706835441291332245e-02
1.652606762945652008e-02
1.673145033419132233e-02
1.598905771970748901e-02
1.816599443554878235e-02
1.520651206374168396e-02
1.560001447796821594e-02
1.496003847569227219e-02
1.494419947266578674e-02
1.431575044989585876e-02
1.459825318306684494e-02
1.414541807025671005e-02
1.402330305427312851e-02
1.489381305873394012e-02
1.426226459443569183e-02
1.255777105689048767e-02
1.381621230393648148e-02
1.342702005058526993e-02
1.288585457950830460e-02
1.348434668034315109e-02
1.379286777228116989e-02
1.298256032168865204e-02
1.517605781555175781e-02
1.431856676936149597e-02
1.626276969909667969e-02
1.546120364218950272e-02
1.588358916342258453e-02
1.864142343401908875e-02
1.600198261439800262e-02
1.660826988518238068e-02
1.608247682452201843e-02
1.584256812930107117e-02
1.737369969487190247e-02
1.611531712114810944e-02
1.593742892146110535e-02
1.571455411612987518e-02
1.400327309966087341e-02
1.437279116362333298e-02
1.596391201019287109e-02
1.519320532679557800e-02
1.285391300916671753e-02
1.304889470338821411e-02
1.282632071524858475e-02
1.246003154665231705e-02
1.170631777495145798e-02
1.239379774779081345e-02
1.282755658030509949e-02
1.126475259661674500e-02
1.270433701574802399e-02
1.233387831598520279e-02
1.234934572130441666e-02
1.188836246728897095e-02
1.303058955818414688e-02
1.317037362605333328e-02
1.449832785874605179e-02
1.541392225772142410e-02
1.336049102246761322e-02
1.289846934378147125e-02
1.377868186682462692e-02
1.319566927850246429e-02
1.418104302138090134e-02
1.252603810280561447e-02
1.256378274410963058e-02
1.256943028420209885e-02
1.224946416914463043e-02
1.187181845307350159e-02
1.134730130434036255e-02
1.207506749778985977e-02
1.435407157987356186e-02
1.166345924139022827e-02
1.428458094596862793e-02
1.183553133159875870e-02
1.364414580166339874e-02
1.256820932030677795e-02
1.225598715245723724e-02
1.314861886203289032e-02
1.267128624022006989e-02
1.712117157876491547e-02
1.278658770024776459e-02
1.571286469697952271e-02
1.480920892208814621e-02
1.340470556169748306e-02
1.447123661637306213e-02
1.222070679068565369e-02
1.579373329877853394e-02
1.808655075728893280e-02
1.580879651010036469e-02
1.696843653917312622e-02
1.743150502443313599e-02
1.784160174429416656e-02
1.700171269476413727e-02
1.599389128386974335e-02
1.761854439973831177e-02
1.479484699666500092e-02
1.570940762758255005e-02
1.506946422159671783e-02
1.898392848670482635e-02
1.676593720912933350e-02
1.643732376396656036e-02
1.629899442195892334e-02
1.701340265572071075e-02
1.509858760982751846e-02
1.444760523736476898e-02
1.453350204974412918e-02
1.287300512194633484e-02
1.413512695580720901e-02
1.482086814939975739e-02
1.312337536364793777e-02
1.442256569862365723e-02
1.109792385250329971e-02
1.258162036538124084e-02
1.237761415541172028e-02
1.270885672420263290e-02
1.194673869758844376e-02
1.224980317056179047e-02
1.239562500268220901e-02
1.255957968533039093e-02
1.337448135018348694e-02
1.432127039879560471e-02
1.386321987956762314e-02
1.293060742318630219e-02
1.263760402798652649e-02
1.514413207769393921e-02
1.552434358745813370e-02
1.595696248114109039e-02
1.740547269582748413e-02
1.624478586018085480e-02
1.578075438737869263e-02
1.730523072183132172e-02
1.563949510455131531e-02
1.454663742333650589e-02
1.295937225222587585e-02
1.442486140877008438e-02
1.664846763014793396e-02
1.677960716187953949e-02
1.491818390786647797e-02
1.539150997996330261e-02
1.645245589315891266e-02
1.573354937136173248e-02
1.519308425486087799e-02
1.309849042445421219e-02
1.357049029320478439e-02
1.443131454288959503e-02
1.459952071309089661e-02
1.478033326566219330e-02
1.225074194371700287e-02
1.527443528175354004e-02
1.305381767451763153e-02
1.433491427451372147e-02
1.323932036757469177e-02
1.776572503149509430e-02
1.396123692393302917e-02
1.763563230633735657e-02
1.679931767284870148e-02
1.447694376111030579e-02
1.591673493385314941e-02
1.588312163949012756e-02
1.478214841336011887e-02
1.437181979417800903e-02
1.237944327294826508e-02
1.320677530020475388e-02
1.389046106487512589e-02
1.444939617067575455e-02
1.535505615174770355e-02
1.508693117648363113e-02
1.308215223252773285e-02
1.478765532374382019e-02
1.299977302551269531e-02
1.418508682399988174e-02
1.308998186141252518e-02
1.383914425969123840e-02
1.396983303129673004e-02
1.386081799864768982e-02
1.393948588520288467e-02
1.498102676123380661e-02
1.558015216141939163e-02
1.336793415248394012e-02
1.406956929713487625e-02
1.527813449501991272e-02
1.369684003293514252e-02
1.425850484520196915e-02
1.242389529943466187e-02
1.183319836854934692e-02
1.340382359921932220e-02
1.268112938851118088e-02
1.545768603682518005e-02
1.304385904222726822e-02
1.538000348955392838e-02
1.689301431179046631e-02
1.524442899972200394e-02
1.508434209972620010e-02
1.597583852708339691e-02
1.327939238399267197e-02
1.423531025648117065e-02
1.415290962904691696e-02
1.607502996921539307e-02
1.448050886392593384e-02
1.245029643177986145e-02
1.255018264055252075e-02
1.319864392280578613e-02
1.314032170921564102e-02
1.494674570858478546e-02
1.515332236886024475e-02
1.351099088788032532e-02
1.467413920909166336e-02
1.463692542165517807e-02
1.336968503892421722e-02
1.253960002213716507e-02
1.269043236970901489e-02
1.145398896187543869e-02
1.278560422360897064e-02
1.294638123363256454e-02
1.278524752706289291e-02
1.277917623519897461e-02
1.394229382276535034e-02
1.226493436843156815e-02
1.382817979902029037e-02
1.399918925017118454e-02
1.287591457366943359e-02
1.462438423186540604e-02
1.273302361369132996e-02
1.253663282841444016e-02
1.270192395895719528e-02
1.071076281368732452e-02
1.327055227011442184e-02
1.454805582761764526e-02
1.258827932178974152e-02
1.260909996926784515e-02
1.507151592522859573e-02
1.368235610425472260e-02
1.418074686080217361e-02
1.400258019566535950e-02
1.303034741431474686e-02
1.467796880751848221e-02
1.302822120487689972e-02
1.401703804731369019e-02
1.385036017745733261e-02
1.297830790281295776e-02
1.393315289169549942e-02
1.198129169642925262e-02
1.420158147811889648e-02
1.415567379444837570e-02
1.212742086499929428e-02
1.364113762974739075e-02
1.364638563245534897e-02
1.363404281437397003e-02
1.359076891094446182e-02
1.312284264713525772e-02
1.271472312510013580e-02
1.184565108269453049e-02
1.188490912318229675e-02
1.552926935255527496e-02
1.280610077083110809e-02
1.330311410129070282e-02
1.479814294725656509e-02
1.278290990740060806e-02
1.392566412687301636e-02
1.176155451685190201e-02
1.268991921097040176e-02
1.403100974857807159e-02
1.229265239089727402e-02
1.216103043407201767e-02
1.201644819229841232e-02
1.310476940125226974e-02
1.126203872263431549e-02
1.261296868324279785e-02
1.236670091748237610e-02
1.183408033102750778e-02
1.201986148953437805e-02
1.303602661937475204e-02
1.250755228102207184e-02
1.183722540736198425e-02
1.056654378771781921e-02
1.336812414228916168e-02
1.118637714534997940e-02
1.251585967838764191e-02
1.539307832717895508e-02
1.352335605770349503e-02
1.343070529401302338e-02
1.409787870943546295e-02
1.366368494927883148e-02
1.313172839581966400e-02
1.232511550188064575e-02
1.343223452568054199e-02
1.176894828677177429e-02
1.269767992198467255e-02
1.207084581255912781e-02
1.284810062497854233e-02
1.084834430366754532e-02
1.246368605643510818e-02
1.342295203357934952e-02
1.356821414083242416e-02
1.457537803798913956e-02
1.522242743521928787e-02
1.521102897822856903e-02
1.470900140702724457e-02
1.435664296150207520e-02
1.438644621521234512e-02
1.379069779068231583e-02
1.340278610587120056e-02
1.334806066006422043e-02
1.393276173621416092e-02
1.333459466695785522e-02
1.359490025788545609e-02
1.297599822282791138e-02
1.270714122802019119e-02
1.367010083049535751e-02
1.144814770668745041e-02
1.245213672518730164e-02
1.216290146112442017e-02
1.299327611923217773e-02
1.180032640695571899e-02
1.057604886591434479e-02
1.141034159809350967e-02
1.065158937126398087e-02
1.514469180256128311e-02
1.257979590445756912e-02
1.222812291234731674e-02
1.157472934573888779e-02
1.219293195754289627e-02
1.602722145617008209e-02
1.230740454047918320e-02
1.046142913401126862e-02
1.284025888890028000e-02
1.055941730737686157e-02
1.119605451822280884e-02
1.030634902417659760e-02
1.196514349430799484e-02
1.541884150356054306e-02
1.275387685745954514e-02
1.270534843206405640e-02
1.390044298022985458e-02
1.318284124135971069e-02
1.384668983519077301e-02
1.212417148053646088e-02
1.459337957203388214e-02
1.420161873102188110e-02
1.282999850809574127e-02
1.311244349926710129e-02
1.123213768005371094e-02
1.230603829026222229e-02
1.120348181575536728e-02
1.287406217306852341e-02
1.299427542835474014e-02
1.212880108505487442e-02
1.105041708797216415e-02
1.456642244011163712e-02
1.121880020946264267e-02
1.149551291018724442e-02
1.215611584484577179e-02
1.330257300287485123e-02
1.315372250974178314e-02
1.253176294267177582e-02
1.118404883891344070e-02
1.410291809588670731e-02
1.232404075562953949e-02
1.140110474079847336e-02
1.253203116357326508e-02
1.350330002605915070e-02
1.170529238879680634e-02
1.369161158800125122e-02
1.230817474424839020e-02
1.156512834131717682e-02
1.070342585444450378e-02
1.219011936336755753e-02
1.315034553408622742e-02
1.602364145219326019e-02
1.147687062621116638e-02
1.502211764454841614e-02
1.397372689098119736e-02
1.334344875067472458e-02
1.314154267311096191e-02
1.294205430895090103e-02
1.172552071511745453e-02
1.376124750822782516e-02
1.324471458792686462e-02
1.458662655204534531e-02
1.338970102369785309e-02
1.316498965024948120e-02
1.414949260652065277e-02
1.234973780810832977e-02
1.166472584009170532e-02
1.212144736200571060e-02
1.138916704803705215e-02
1.063369773328304291e-02
1.177486311644315720e-02
1.332246046513319016e-02
1.208007428795099258e-02
1.233537774533033371e-02
1.172052137553691864e-02
1.201476808637380600e-02
1.169611234217882156e-02
1.039730571210384369e-02
1.032102014869451523e-02
1.179770845919847488e-02
1.219111215323209763e-02
1.186252478510141373e-02
1.215211395174264908e-02
1.142781879752874374e-02
1.296340115368366241e-02
1.589124649763107300e-02
1.451870519667863846e-02
1.358363125473260880e-02
1.463571656495332718e-02
1.384695619344711304e-02
1.379788853228092194e-02
1.369268912822008133e-02
1.177140139043331146e-02
1.309842150658369064e-02
1.122170127928256989e-02
1.210680138319730759e-02
1.213622651994228363e-02
1.130259968340396881e-02
1.085311081260442734e-02
1.174937281757593155e-02
1.319928094744682312e-02
1.548425294458866119e-02
1.342848315834999084e-02
1.314410846680402756e-02
1.509380433708429337e-02
1.210179179906845093e-02
1.468341983854770660e-02
1.319679524749517441e-02
1.436892617493867874e-02
1.302393805235624313e-02
1.438907720148563385e-02
1.405644882470369339e-02
1.390041131526231766e-02
1.242745202034711838e-02
1.314154826104640961e-02
1.308955624699592590e-02
1.384854316711425781e-02
1.517543103545904160e-02
1.610469818115234375e-02
1.446046493947505951e-02
1.388297416269779205e-02
1.474104169756174088e-02
1.297734118998050690e-02
1.126455049961805344e-02
1.425779610872268677e-02
1.416379492729902267e-02
1.368527393788099289e-02
1.426806487143039703e-02
1.307325437664985657e-02
1.288656704127788544e-02
1.102806907147169113e-02
1.181041263043880463e-02
1.222452428191900253e-02
1.403512246906757355e-02
1.441253162920475006e-02
1.348492875695228577e-02
1.526283007115125656e-02
1.379762776196002960e-02
1.460800413042306900e-02
1.143646333366632462e-02
1.890646666288375854e-02
1.544935721904039383e-02
1.439689658582210541e-02
1.496557611972093582e-02
1.455690152943134308e-02
1.345361024141311646e-02
1.370303891599178314e-02
1.349769812077283859e-02
1.430732104927301407e-02
1.239021681249141693e-02
1.291570067405700684e-02
1.248255837708711624e-02
1.213516946882009506e-02
1.159300561994314194e-02
1.130832824856042862e-02
1.308567728847265244e-02
1.278072129935026169e-02
1.183007564395666122e-02
1.226521842181682587e-02
1.166922785341739655e-02
1.177862845361232758e-02
1.133637689054012299e-02
1.267270464450120926e-02
1.351457461714744568e-02
1.421496272087097168e-02
1.157730259001255035e-02
1.463026739656925201e-02
1.291282381862401962e-02
1.399092562496662140e-02
1.256831176578998566e-02
1.482531055808067322e-02
1.375905983150005341e-02
1.355675607919692993e-02
1.345407590270042419e-02
1.277209911495447159e-02
1.246760133653879166e-02
1.183207426220178604e-02
1.305625308305025101e-02
1.202314253896474838e-02
1.376979332417249680e-02
1.158452965319156647e-02
1.074691861867904663e-02
1.294923387467861176e-02
1.425884291529655457e-02
1.316882390528917313e-02
1.223887689411640167e-02
1.258132979273796082e-02
1.208313088864088058e-02
1.039965823292732239e-02
1.225664280354976654e-02
1.153610087931156158e-02
1.020563766360282898e-02
1.167966984212398529e-02
1.295748725533485413e-02
1.189805660396814346e-02
1.054561231285333633e-02
1.116081606596708298e-02
1.152066234499216080e-02
1.299167983233928680e-02
1.208415348082780838e-02
1.035028602927923203e-02
1.242602616548538208e-02
1.318793278187513351e-02
1.021983660757541656e-02
1.138456538319587708e-02
1.273841597139835358e-02
1.292125694453716278e-02
1.187213510274887085e-02
1.437354367226362228e-02
1.237987261265516281e-02
1.347522996366024017e-02
1.300239562988281250e-02
1.378062739968299866e-02
1.245682034641504288e-02
1.406634692102670670e-02
1.247434969991445541e-02
1.341002248227596283e-02
1.195308845490217209e-02
1.270588114857673645e-02
1.254804991185665131e-02
1.157659757882356644e-02
1.181688439100980759e-02
1.282350067049264908e-02
1.119818724691867828e-02
1.147214416414499283e-02
1.127938646823167801e-02
1.178986765444278717e-02
1.238550618290901184e-02
1.230631582438945770e-02
1.147884037345647812e-02
1.159893069416284561e-02
1.145711913704872131e-02
1.157791260629892349e-02
1.151837315410375595e-02
1.137415040284395218e-02
1.139474380761384964e-02
1.015767920762300491e-02
1.117710024118423462e-02
1.151764951646327972e-02
1.350459828972816467e-02
1.101954653859138489e-02
1.093766186386346817e-02
1.345437671989202499e-02
1.251387502998113632e-02
1.214431598782539368e-02
1.288524642586708069e-02
1.122143026441335678e-02
1.271626725792884827e-02
1.331726089119911194e-02
1.361346244812011719e-02
1.144127175211906433e-02
1.314401905983686447e-02
1.175766065716743469e-02
1.382851693779230118e-02
1.335931662470102310e-02
1.501870993524789810e-02
1.386172883212566376e-02
1.415694039314985275e-02
1.451022643595933914e-02
1.271697133779525757e-02
1.173186395317316055e-02
1.417350023984909058e-02
1.307810563594102859e-02
1.299105398356914520e-02
1.162371411919593811e-02
1.306800823658704758e-02
1.186229661107063293e-02
1.261941902339458466e-02
1.286294590681791306e-02
1.363411173224449158e-02
1.335599087178707123e-02
1.269185263663530350e-02
1.125690899789333344e-02
1.157281640917062759e-02
1.268595736473798752e-02
1.475065574049949646e-02
1.324007473886013031e-02
1.253517251461744308e-02
1.198821980506181717e-02
1.193625573068857193e-02
1.102355401962995529e-02
1.145802158862352371e-02
1.351687218993902206e-02
1.232206448912620544e-02
1.285547949373722076e-02
1.299066189676523209e-02
1.233351975679397583e-02
1.240064855664968491e-02
1.206192653626203537e-02
1.201643794775009155e-02
1.307374332100152969e-02
1.287504937499761581e-02
1.127666980028152466e-02
1.143933180719614029e-02
1.300265267491340637e-02
1.169453933835029602e-02
1.094418391585350037e-02
1.221406366676092148e-02
1.277702674269676208e-02
1.094388402998447418e-02
1.109375618398189545e-02
1.196765806525945663e-02
1.079170312732458115e-02
1.119457278400659561e-02
1.200265064835548401e-02
1.090795174241065979e-02
1.137084700167179108e-02
1.017837785184383392e-02
9.986909106373786926e-03
1.046487409621477127e-02
1.402703486382961273e-02
1.702541857957839966e-02
1.455567125231027603e-02
1.537443976849317551e-02
1.503855548799037933e-02
1.385085657238960266e-02
1.191034633666276932e-02
1.374847441911697388e-02
1.476301811635494232e-02
1.545252092182636261e-02
1.398848276585340500e-02
1.389726996421813965e-02
1.606763899326324463e-02
1.604067906737327576e-02
1.467705890536308289e-02
1.483374275267124176e-02
1.311878673732280731e-02
1.278127543628215790e-02
1.261782646179199219e-02
1.268584094941616058e-02
1.203548163175582886e-02
1.275501027703285217e-02
1.072610169649124146e-02
1.188860926777124405e-02
1.055985596030950546e-02
1.145122852176427841e-02
1.094546169042587280e-02
1.057989615947008133e-02
1.096745580434799194e-02
1.196811534464359283e-02
1.152368262410163879e-02
1.135129015892744064e-02
1.074093952775001526e-02
1.128780469298362732e-02
1.376397162675857544e-02
1.492817606776952744e-02
1.072172448039054871e-02
1.366923376917839050e-02
1.184899080544710159e-02
1.258971914649009705e-02
1.098306849598884583e-02
1.384789217263460159e-02
1.200563274323940277e-02
1.354650966823101044e-02
1.207613013684749603e-02
1.300945971161127090e-02
1.132406387478113174e-02
1.278542540967464447e-02
1.208864059299230576e-02
1.420483272522687912e-02
1.305312849581241608e-02
1.178881153464317322e-02
1.214004121720790863e-02
1.198639161884784698e-02
1.086087897419929504e-02
1.164358854293823242e-02
1.079365890473127365e-02
1.171323191374540329e-02
1.138640288263559341e-02
1.080631092190742493e-02
1.137545984238386154e-02
1.078019849956035614e-02
9.876405820250511169e-03
1.076459325850009918e-02
1.054941862821578979e-02
1.067327894270420074e-02
1.138049922883510590e-02
1.068857591599225998e-02
1.225460972636938095e-02
1.460392121225595474e-02
1.301873940974473953e-02
1.200259104371070862e-02
1.279718428850173950e-02
1.207632385194301605e-02
1.021372433751821518e-02
1.259484887123107910e-02
1.478690467774868011e-02
1.375126373022794724e-02
1.383798848837614059e-02
1.464291103184223175e-02
1.516972575336694717e-02
1.182961370795965195e-02
1.270121335983276367e-02
1.465110760182142258e-02
1.397122628986835480e-02
1.322113256901502609e-02
1.407739520072937012e-02
1.337764132767915726e-02
1.342962402850389481e-02
1.210939604789018631e-02
1.403701398521661758e-02
1.279709860682487488e-02
1.440260093659162521e-02
1.297072414308786392e-02
1.348821166902780533e-02
1.292708422988653183e-02
1.107349153608083725e-02
1.372501626610755920e-02
1.349692605435848236e-02
1.380365993827581406e-02
1.307155564427375793e-02
1.344918459653854370e-02
1.344732195138931274e-02
1.362227462232112885e-02
1.210331451147794724e-02
1.408465020358562469e-02
1.306139864027500153e-02
1.345119252800941467e-02
1.362065598368644714e-02
1.206782832741737366e-02
1.320610381662845612e-02
1.206662319600582123e-02
1.344954222440719604e-02
1.297069899737834930e-02
1.358351204544305801e-02
1.218981947749853134e-02
1.215656287968158722e-02
1.251093298196792603e-02
1.337360404431819916e-02
1.105563621968030930e-02
1.209645718336105347e-02
1.215997058898210526e-02
1.036028843373060226e-02
1.168333087116479874e-02
1.265602838248014450e-02
1.432505622506141663e-02
1.356588676571846008e-02
1.170307304710149765e-02
1.260035671293735504e-02
1.313471794128417969e-02
1.009329222142696381e-02
1.216773036867380142e-02
1.335737016052007675e-02
1.497797854244709015e-02
1.282347552478313446e-02
1.463325694203376770e-02
1.325060613453388214e-02
1.320369914174079895e-02
1.210008841007947922e-02
1.278795860707759857e-02
1.227984949946403503e-02
1.232256926596164703e-02
1.287623867392539978e-02
1.180075854063034058e-02
1.169444900006055832e-02
1.162662543356418610e-02
1.098198071122169495e-02
1.162746921181678772e-02
1.088606379926204681e-02
1.141200680285692215e-02
1.229640375822782516e-02
1.052843313664197922e-02
1.203604415059089661e-02
1.167125348001718521e-02
1.137714181095361710e-02
1.119827292859554291e-02
1.142292842268943787e-02
1.137457042932510376e-02
1.140179950743913651e-02
1.248579379171133041e-02
1.103086862713098526e-02
1.231949217617511749e-02
1.242361683398485184e-02
1.105626020580530167e-02
1.100982632488012314e-02
1.091370079666376114e-02
1.258732099086046219e-02
1.122690830379724503e-02
1.211245916783809662e-02
1.372227538377046585e-02
1.128049008548259735e-02
1.192550640553236008e-02
1.256671454757452011e-02
1.157183758914470673e-02
1.230618357658386230e-02
1.188172586262226105e-02
1.186044141650199890e-02
1.201548427343368530e-02
1.113637443631887436e-02
1.061786059290170670e-02
1.364567782729864120e-02
1.233132462948560715e-02
1.405263226479291916e-02
1.283764932304620743e-02
1.343426015228033066e-02
1.420913357287645340e-02
1.285720616579055786e-02
1.303842756897211075e-02
1.174035202711820602e-02
1.143556833267211914e-02
1.140617113560438156e-02
1.137980818748474121e-02
1.039332523941993713e-02
1.014618016779422760e-02
1.095145475119352341e-02
1.205920893698930740e-02
1.299099251627922058e-02
1.070981286466121674e-02
1.030420418828725815e-02
1.221277378499507904e-02
1.193368434906005859e-02
1.078135892748832703e-02
9.551390074193477631e-03
1.039589010179042816e-02
1.155385468155145645e-02
1.118173077702522278e-02
1.387190073728561401e-02
1.314596273005008698e-02
1.180659327656030655e-02
1.310141291469335556e-02
1.151515636593103409e-02
1.108561083674430847e-02
1.104177813977003098e-02
1.123424898833036423e-02
1.288312114775180817e-02
1.141576655209064484e-02
1.026266906410455704e-02
1.095397863537073135e-02
1.161968801170587540e-02
1.195123698562383652e-02
1.195922773331403732e-02
1.053821947425603867e-02
1.005808357149362564e-02
1.215208694338798523e-02
1.308294851332902908e-02
1.210564468055963516e-02
1.083646621555089951e-02
1.108626835048198700e-02
1.144292671233415604e-02
1.257261633872985840e-02
1.166469231247901917e-02
1.148988213390111923e-02
1.110824570059776306e-02
9.716411121189594269e-03
1.158148515969514847e-02
1.208204310387372971e-02
1.401251088827848434e-02
1.191512867808341980e-02
1.166997104883193970e-02
1.305692549794912338e-02
1.298013236373662949e-02
1.054535061120986938e-02
1.107812207192182541e-02
1.151829212903976440e-02
1.519377809017896652e-02
1.145869120955467224e-02
1.209875661879777908e-02
1.258551515638828278e-02
1.267304737120866776e-02
1.196542754769325256e-02
1.263890229165554047e-02
1.240435615181922913e-02
1.184159796684980392e-02
1.172415167093276978e-02
1.142899133265018463e-02
1.233287248760461807e-02
1.147270202636718750e-02
1.392528880387544632e-02
1.086177956312894821e-02
1.243706978857517242e-02
1.137624587863683701e-02
1.176027767360210419e-02
1.558182574808597565e-02
1.083180867135524750e-02
1.306521613150835037e-02
1.323012821376323700e-02
1.147031411528587341e-02
1.154585555195808411e-02
1.160055492073297501e-02
1.211828552186489105e-02
1.207577344030141830e-02
1.062585506588220596e-02
1.280465722084045410e-02
1.346901059150695801e-02
1.399175170809030533e-02
1.283548679202795029e-02
1.211349293589591980e-02
1.279366854578256607e-02
1.256838534027338028e-02
1.364850439131259918e-02
1.391909830272197723e-02
1.127255894243717194e-02
1.316608861088752747e-02
1.329585816711187363e-02
1.274910103529691696e-02
1.178830303251743317e-02
1.173788588494062424e-02
1.213119737803936005e-02
1.151294913142919540e-02
1.073923613876104355e-02
1.122555416077375412e-02
1.095212716609239578e-02
1.079272478818893433e-02
1.119410898536443710e-02
1.136809494346380234e-02
1.201356574892997742e-02
1.053730957210063934e-02
1.068598311394453049e-02
1.039203535765409470e-02
1.053686998784542084e-02
1.177807245403528214e-02
1.263999566435813904e-02
1.210830360651016235e-02
1.181566715240478516e-02
1.131117809563875198e-02
1.154753565788269043e-02
1.177801098674535751e-02
1.057447399944067001e-02
1.185237523168325424e-02
1.112815178930759430e-02
1.132171414792537689e-02
9.888299740850925446e-03
1.110825315117835999e-02
1.004238333553075790e-02
1.033299043774604797e-02
9.790754877030849457e-03
9.710370562970638275e-03
1.095108408480882645e-02
1.036931853741407394e-02
1.214733254164457321e-02
1.174628455191850662e-02
1.114227063953876495e-02
1.040766481310129166e-02
1.125966198742389679e-02
1.007131859660148621e-02
1.062740106135606766e-02
1.259652245789766312e-02
1.264403667300939560e-02
1.258051302284002304e-02
1.157328858971595764e-02
1.211421843618154526e-02
1.050961948931217194e-02
1.246875897049903870e-02
1.417424436658620834e-02
1.536174863576889038e-02
1.271573174744844437e-02
1.324221584945917130e-02
1.315914001315832138e-02
1.288440544158220291e-02
1.204878091812133789e-02
1.327621005475521088e-02
1.261643972247838974e-02
1.377556659281253815e-02
1.199109666049480438e-02
1.106262672692537308e-02
1.277960743755102158e-02
1.201841235160827637e-02
1.272069569677114487e-02
1.183585636317729950e-02
1.186232175678014755e-02
1.086268108338117599e-02
1.117361336946487427e-02
1.033620815724134445e-02
1.253015920519828796e-02
1.554706133902072906e-02
1.326144207268953323e-02
1.523022167384624481e-02
1.310336682945489883e-02
1.322267856448888779e-02
1.243865489959716797e-02
1.213277317583560944e-02
1.534429099410772324e-02
1.607299223542213440e-02
1.473755389451980591e-02
1.493813470005989075e-02
1.568185724318027496e-02
1.427361089736223221e-02
1.175094954669475555e-02
1.261014956980943680e-02
1.333636976778507233e-02
1.287344377487897873e-02
1.306854281574487686e-02
1.263399701565504074e-02
1.249680202454328537e-02
1.320372149348258972e-02
1.155094150453805923e-02
1.235166098922491074e-02
1.083049923181533813e-02
1.195012219250202179e-02
1.128160022199153900e-02
1.297890301793813705e-02
1.265806239098310471e-02
1.106918416917324066e-02
1.066790893673896790e-02
1.087382063269615173e-02
1.189257111400365829e-02
1.294225826859474182e-02
1.335241179913282394e-02
1.089120842516422272e-02
1.168879866600036621e-02
1.209227181971073151e-02
1.090703252702951431e-02
1.116112433373928070e-02
1.109540462493896484e-02
1.182876247912645340e-02
1.127891056239604950e-02
1.181914657354354858e-02
1.065247785300016403e-02
1.175575330853462219e-02
1.029158756136894226e-02
1.254424918442964554e-02
1.050617173314094543e-02
1.239553187042474747e-02
1.138652488589286804e-02
1.263541448861360550e-02
1.049437653273344040e-02
1.499970164149999619e-02
1.299165282398462296e-02
1.241711247712373734e-02
1.282811257988214493e-02
1.250145304948091507e-02
1.219765562564134598e-02
1.197125110775232315e-02
1.190261449664831161e-02
1.117765065282583237e-02
1.116617117077112198e-02
1.082757860422134399e-02
1.147909648716449738e-02
1.144514232873916626e-02
1.103837043046951294e-02
1.336230896413326263e-02
1.274210587143898010e-02
1.082945428788661957e-02
1.078199595212936401e-02
1.349073555320501328e-02
1.274057477712631226e-02
1.233021263033151627e-02
1.145681645721197128e-02
1.141018141061067581e-02
1.290070079267024994e-02
1.285276282578706741e-02
1.066127978265285492e-02
1.190215628594160080e-02
1.267766673117876053e-02
1.217896584421396255e-02
1.141484640538692474e-02
1.195520628243684769e-02
1.063305139541625977e-02
1.155553013086318970e-02
1.142158824950456619e-02
1.141320262104272842e-02
1.078979298472404480e-02
9.729884564876556396e-03
1.109991874545812607e-02
1.283718273043632507e-02
1.222728751599788666e-02
1.309860963374376297e-02
1.063277013599872589e-02
1.176739111542701721e-02
1.359799876809120178e-02
1.552700251340866089e-02
1.381222158670425415e-02
1.307968888431787491e-02
1.384572591632604599e-02
1.350631471723318100e-02
1.128198020160198212e-02
1.245574560016393661e-02
1.202353090047836304e-02
1.406838744878768921e-02
1.242350414395332336e-02
1.272725686430931091e-02
1.223491877317428589e-02
1.172814052551984787e-02
1.186276040971279144e-02
1.146232802420854568e-02
1.169518847018480301e-02
1.212406158447265625e-02
1.114627998322248459e-02
1.096755173057317734e-02
1.143806707113981247e-02
9.870803914964199066e-03
1.093447208404541016e-02
1.014000922441482544e-02
1.157322153449058533e-02
1.393394079059362411e-02
1.262591499835252762e-02
1.148226857185363770e-02
1.291837822645902634e-02
1.501244585961103439e-02
1.567025296390056610e-02
1.403947453945875168e-02
1.426331419497728348e-02
1.377734262496232986e-02
1.190719567239284515e-02
1.291595213115215302e-02
1.180329639464616776e-02
1.275030337274074554e-02
1.197345275431871414e-02
1.086409948766231537e-02
1.052971370518207550e-02
1.231307722628116608e-02
1.106757018715143204e-02
1.064718049019575119e-02
1.265355106443166733e-02
1.209046877920627594e-02
9.887035004794597626e-03
1.195985171943902969e-02
1.391183864325284958e-02
1.449811458587646484e-02
1.267886906862258911e-02
1.273416541516780853e-02
1.320112869143486023e-02
1.321042515337467194e-02
1.110790763050317764e-02
1.279439963400363922e-02
1.246885769069194794e-02
1.240572705864906311e-02
1.343039795756340027e-02
1.163958106189966202e-02
1.242060773074626923e-02
1.355815399438142776e-02
1.206710841506719589e-02
1.254576724022626877e-02
1.227809675037860870e-02
1.187304966151714325e-02
1.008152402937412262e-02
1.152978930622339249e-02
1.125041209161281586e-02
1.245138607919216156e-02
1.071883644908666611e-02
1.183110475540161133e-02
1.052505057305097580e-02
1.043342426419258118e-02
1.312305778264999390e-02
1.235457696020603180e-02
1.315023936331272125e-02
1.211916934698820114e-02
1.105976849794387817e-02
1.283009629696607590e-02
1.170042902231216431e-02
1.061917468905448914e-02
1.219566538929939270e-02
1.402240060269832611e-02
1.159671507775783539e-02
1.331955287605524063e-02
1.327400468289852142e-02
1.208011433482170105e-02
1.176400203257799149e-02
1.205303147435188293e-02
1.167073752731084824e-02
1.181781291961669922e-02
1.110924500972032547e-02
1.169255375862121582e-02
1.194315031170845032e-02
1.147347968071699142e-02
1.212204620242118835e-02
1.061638072133064270e-02
1.406699512153863907e-02
1.474616397172212601e-02
1.334566250443458557e-02
1.481295842677354813e-02
1.622287556529045105e-02
1.440375205129384995e-02
1.344472542405128479e-02
1.310235168784856796e-02
1.464148610830307007e-02
1.315466780215501785e-02
1.343393418937921524e-02
1.347259897738695145e-02
1.239848043769598007e-02
1.299056131392717361e-02
1.210510171949863434e-02
1.131379883736371994e-02
1.140694413334131241e-02
1.056573912501335144e-02
1.215674914419651031e-02
1.092140469700098038e-02
1.267169043421745300e-02
1.473756413906812668e-02
1.132621522992849350e-02
1.203239802271127701e-02
1.093880925327539444e-02
1.160819083452224731e-02
1.241709850728511810e-02
1.171782519668340683e-02
1.120785996317863464e-02
1.182907260954380035e-02
1.094491407275199890e-02
1.084791868925094604e-02
1.203619036823511124e-02
1.027150545269250870e-02
1.059851609170436859e-02
1.051932945847511292e-02
1.056140381842851639e-02
1.032141223549842834e-02
1.029444858431816101e-02
1.182530075311660767e-02
1.317453291267156601e-02
1.334597077220678329e-02
1.333747617900371552e-02
1.249384321272373199e-02
1.257917284965515137e-02
1.114988233894109726e-02
1.190209295600652695e-02
1.004889328032732010e-02
1.234108209609985352e-02
1.251697074621915817e-02
1.159797422587871552e-02
1.236513815820217133e-02
1.267954800277948380e-02
1.169509068131446838e-02
1.109982933849096298e-02
1.162728574126958847e-02
1.162539236247539520e-02
1.222386956214904785e-02
1.164403837174177170e-02
1.155037805438041687e-02
1.178523153066635132e-02
1.281618699431419373e-02
1.153115648776292801e-02
1.021110080182552338e-02
1.262732408940792084e-02
1.244997512549161911e-02
1.306006219238042831e-02
1.311203744262456894e-02
1.139425393193960190e-02
1.225733291357755661e-02
1.177222374826669693e-02
1.142984069883823395e-02
1.189382653683423996e-02
1.156468968838453293e-02
1.100783236324787140e-02
1.060185208916664124e-02
1.189370360225439072e-02
9.879553690552711487e-03
1.079395785927772522e-02
1.045154780149459839e-02
1.267331466078758240e-02
1.115917228162288666e-02
1.367412693798542023e-02
1.170595549046993256e-02
1.191379223018884659e-02
1.330118998885154724e-02
1.364745106548070908e-02
1.283714734017848969e-02
1.212854590266942978e-02
1.205243822187185287e-02
1.209378615021705627e-02
1.166543737053871155e-02
1.366556249558925629e-02
1.509734615683555603e-02
1.353350654244422913e-02
1.426028273999691010e-02
1.405154541134834290e-02
1.253067981451749802e-02
1.321595907211303711e-02
1.486509200185537338e-02
1.500012073665857315e-02
1.416214462369680405e-02
1.547578349709510803e-02
1.414724811911582947e-02
1.380695123225450516e-02
1.550310943275690079e-02
1.441797893494367599e-02
1.375255733728408813e-02
1.381416525691747665e-02
1.347833964973688126e-02
1.335769798606634140e-02
1.201564166694879532e-02
1.271495781838893890e-02
1.283418573439121246e-02
1.318722590804100037e-02
1.212377753108739853e-02
1.171077229082584381e-02
1.161803398281335831e-02
1.296590082347393036e-02
1.337536424398422241e-02
1.426251139491796494e-02
1.297905668616294861e-02
1.461589708924293518e-02
1.257142052054405212e-02
1.272252481430768967e-02
1.465519797056913376e-02
1.637572608888149261e-02
1.423026993870735168e-02
1.483983546495437622e-02
1.415630709379911423e-02
1.382454391568899155e-02
1.338729541748762131e-02
1.402910985052585602e-02
1.249379664659500122e-02
1.395943388342857361e-02
1.356313098222017288e-02
1.269787549972534180e-02
1.176594849675893784e-02
1.253469008952379227e-02
1.454616431146860123e-02
1.316397543996572495e-02
1.375973224639892578e-02
1.317680627107620239e-02
1.300354953855276108e-02
1.322606485337018967e-02
1.252959761768579483e-02
1.431111618876457214e-02
1.363768428564071655e-02
1.308847032487392426e-02
1.318250410258769989e-02
1.267819199711084366e-02
1.253593713045120239e-02
1.292231213301420212e-02
1.239953562617301941e-02
1.222971174865961075e-02
1.239118259400129318e-02
1.141917146742343903e-02
1.185681112110614777e-02
1.079981774091720581e-02
1.289337035268545151e-02
1.261164806783199310e-02
1.069031935185194016e-02
1.219344884157180786e-02
1.210862956941127777e-02
1.067685987800359726e-02
1.117666997015476227e-02
1.051074732095003128e-02
1.224225666373968124e-02
9.558014571666717529e-03
1.043353229761123657e-02
1.050852611660957336e-02
1.201087515801191330e-02
1.269254647195339203e-02
1.164717320352792740e-02
1.038954220712184906e-02
1.115317735821008682e-02
1.339435204863548279e-02
1.462718006223440170e-02
1.384333241730928421e-02
1.325750630348920822e-02
1.422910019755363464e-02
1.428771950304508209e-02
1.285871863365173340e-02
1.530761457979679108e-02
1.240386255085468292e-02
1.311492361128330231e-02
1.251082681119441986e-02
1.289636176079511642e-02
1.193367689847946167e-02
1.126614306122064590e-02
1.116362586617469788e-02
1.103499811142683029e-02
1.266914699226617813e-02
9.901744313538074493e-03
1.234071981161832809e-02
1.315313857048749924e-02
1.192816253751516342e-02
1.228581648319959641e-02
1.280136313289403915e-02
1.326087675988674164e-02
1.428709551692008972e-02
1.258402131497859955e-02
1.342658139765262604e-02
1.332817878574132919e-02
1.334261801093816757e-02
1.132698077708482742e-02
1.347359176725149155e-02
1.392529252916574478e-02
1.285274606198072433e-02
1.257275976240634918e-02
1.291986368596553802e-02
1.223416067659854889e-02
1.202538888901472092e-02
1.233982946723699570e-02
1.013263780623674393e-02
1.197989191859960556e-02
1.172066014260053635e-02
1.325946487486362457e-02
1.270618196576833725e-02
1.557132974267005920e-02
1.388039346784353256e-02
1.428740285336971283e-02
1.430076919496059418e-02
1.275015156716108322e-02
1.304762996733188629e-02
1.188766397535800934e-02
1.222679298371076584e-02
1.198239251971244812e-02
1.194955222308635712e-02
1.132202427834272385e-02
1.070835348218679428e-02
1.158042345196008682e-02
1.197755802422761917e-02
1.088909711688756943e-02
1.088264677673578262e-02
1.085348334163427353e-02
1.003534998744726181e-02
1.022834889590740204e-02
1.075410842895507812e-02
1.184381637722253799e-02
1.200853381305932999e-02
1.252253726124763489e-02
1.135460659861564636e-02
1.197394635528326035e-02
1.445694454014301300e-02
1.371613238006830215e-02
1.326710265129804611e-02
1.499248389154672623e-02
1.262781489640474319e-02
1.220189128071069717e-02
1.343979127705097198e-02
1.262571848928928375e-02
1.162861566990613937e-02
1.256592012941837311e-02
1.152843702584505081e-02
1.092224102467298508e-02
1.346844900399446487e-02
1.365891844034194946e-02
1.190349552780389786e-02
1.114797685295343399e-02
1.224682480096817017e-02
1.240967493504285812e-02
1.308783143758773804e-02
1.110266242176294327e-02
1.122550480067729950e-02
1.207395829260349274e-02
1.262127235531806946e-02
1.101058255881071091e-02
1.078796759247779846e-02
1.110151316970586777e-02
1.111600268632173538e-02
1.120748743414878845e-02
1.181431673467159271e-02
9.592983871698379517e-03
1.032468676567077637e-02
1.078197918832302094e-02
9.962514974176883698e-03
1.279629208147525787e-02
1.327578350901603699e-02
1.154751144349575043e-02
1.060625445097684860e-02
1.071193814277648926e-02
1.237858273088932037e-02
1.403323281556367874e-02
1.113964710384607315e-02
1.401578076183795929e-02
1.336016412824392319e-02
1.238166727125644684e-02
1.323748938739299774e-02
1.205911859869956970e-02
1.219904981553554535e-02
1.296399347484111786e-02
1.216687448322772980e-02
1.110216416418552399e-02
1.202071085572242737e-02
1.367284078150987625e-02
1.198700908571481705e-02
1.103636063635349274e-02
1.091591082513332367e-02
1.122650131583213806e-02
1.099110022187232971e-02
1.214233599603176117e-02
9.937570430338382721e-03
1.062987465411424637e-02
1.013569626957178116e-02
1.003354787826538086e-02
1.199036091566085815e-02
1.398252043873071671e-02
9.859886020421981812e-03
1.220405194908380508e-02
1.190110947936773300e-02
1.023154705762863159e-02
1.032753381878137589e-02
1.302755624055862427e-02
1.425302401185035706e-02
1.133598666638135910e-02
1.392950396984815598e-02
1.137416996061801910e-02
1.280374731868505478e-02
1.242264825850725174e-02
1.131390407681465149e-02
1.178576424717903137e-02
1.068840362131595612e-02
1.106381416320800781e-02
1.090791821479797363e-02
1.177118811756372452e-02
1.239614747464656830e-02
1.192317157983779907e-02
1.250412687659263611e-02
1.317723747342824936e-02
1.234484929591417313e-02
1.211611554026603699e-02
1.049652323126792908e-02
1.162701286375522614e-02
1.392750069499015808e-02
1.181938871741294861e-02
1.269822102040052414e-02
1.241813972592353821e-02
1.205559354275465012e-02
1.330698095262050629e-02
1.411270163953304291e-02
1.284760516136884689e-02
1.141112763434648514e-02
1.119078136980533600e-02
1.385995000600814819e-02
1.121198292821645737e-02
1.099892053753137589e-02
1.141859777271747589e-02
1.110179629176855087e-02
1.079669594764709473e-02
1.063788216561079025e-02
1.147100236266851425e-02
1.256772875785827637e-02
1.125570386648178101e-02
1.113341376185417175e-02
1.197862345725297928e-02
1.119264867156744003e-02
1.184987090528011322e-02
1.272747013717889786e-02
1.132186967879533768e-02
1.250610314309597015e-02
1.228888891637325287e-02
1.178769581019878387e-02
1.225033961236476898e-02
1.101379282772541046e-02
1.176215801388025284e-02
1.115645840764045715e-02
1.141154021024703979e-02
1.151193398982286453e-02
1.188721694052219391e-02
1.102801784873008728e-02
1.092406176030635834e-02
1.188177149742841721e-02
1.034114230424165726e-02
1.056575495749711990e-02
1.107713673263788223e-02
1.064139977097511292e-02
1.133516896516084671e-02
1.115827448666095734e-02
1.172585412859916687e-02
1.197607722133398056e-02
1.023677363991737366e-02
1.066891662776470184e-02
1.312083099037408829e-02
1.514889486134052277e-02
1.178244221955537796e-02
1.394083816558122635e-02
1.157819852232933044e-02
1.312172133475542068e-02
1.091803517192602158e-02
1.219993270933628082e-02
1.048044208437204361e-02
1.245360728353261948e-02
1.017168071120977402e-02
1.190577540546655655e-02
1.093834638595581055e-02
1.048229914158582687e-02
1.124782115221023560e-02
1.105861924588680267e-02
1.107261981815099716e-02
1.310090813785791397e-02
1.229731459170579910e-02
1.077295746654272079e-02
1.160336006432771683e-02
1.263783685863018036e-02
1.246643904596567154e-02
1.182216312736272812e-02
1.112898066639900208e-02
1.290404330939054489e-02
1.096363086253404617e-02
1.042418368160724640e-02
1.130397059023380280e-02
1.103927381336688995e-02
1.201292034238576889e-02
1.100450754165649414e-02
1.130323391407728195e-02
1.052490156143903732e-02
1.234641764312982559e-02
1.311011891812086105e-02
1.237089838832616806e-02
1.407594885677099228e-02
1.211148500442504883e-02
1.136891730129718781e-02
1.140159741044044495e-02
1.295414846390485764e-02
1.322455052286386490e-02
1.149541232734918594e-02
1.308736484497785568e-02
1.076858025044202805e-02
1.311410218477249146e-02
1.324242074042558670e-02
1.108619850128889084e-02
1.179949659854173660e-02
1.097529567778110504e-02
1.030696183443069458e-02
1.130637899041175842e-02
1.181404851377010345e-02
1.197629235684871674e-02
1.125942915678024292e-02
1.203173026442527771e-02
1.021326705813407898e-02
1.193295232951641083e-02
1.320634502917528152e-02
1.486452948302030563e-02
1.368843950331211090e-02
1.335203927010297775e-02
1.527022756636142731e-02
1.057395059615373611e-02
1.195015944540500641e-02
1.698448695242404938e-02
1.315727829933166504e-02
1.509817596524953842e-02
1.476903446018695831e-02
1.329843048006296158e-02
1.254076045006513596e-02
1.308150961995124817e-02
1.532333251088857651e-02
1.207180134952068329e-02
1.402925048023462296e-02
1.142254751175642014e-02
1.262337435036897659e-02
1.118247304111719131e-02
1.384210307151079178e-02
1.269485708326101303e-02
1.241345051676034927e-02
1.298476848751306534e-02
1.307986583560705185e-02
1.214075367897748947e-02
1.473814249038696289e-02
1.277869101613759995e-02
1.327280141413211823e-02
1.383618358522653580e-02
1.200433634221553802e-02
1.219490543007850647e-02
1.230258680880069733e-02
1.148994360119104385e-02
1.063481345772743225e-02
1.107895839959383011e-02
1.134104002267122269e-02
1.117197424173355103e-02
1.101684942841529846e-02
1.087039336562156677e-02
1.048228889703750610e-02
9.285417385399341583e-03
1.079778280109167099e-02
1.195589173585176468e-02
1.138056535273790359e-02
1.125729922205209732e-02
1.225164812058210373e-02
9.914525784552097321e-03
1.122680865228176117e-02
1.087969634681940079e-02
9.640460833907127380e-03
1.028763689100742340e-02
9.487501345574855804e-03
9.700584225356578827e-03
1.158875133842229843e-02
1.263294834643602371e-02
9.882546029984951019e-03
1.136813778430223465e-02
1.068669464439153671e-02
1.538918633013963699e-02
1.238788571208715439e-02
1.368770841509103775e-02
1.421171333640813828e-02
1.250661630183458328e-02
1.237271632999181747e-02
1.111490838229656219e-02
1.180674321949481964e-02
1.124797388911247253e-02
1.134086772799491882e-02
1.162384636700153351e-02
1.094586588442325592e-02
1.285506598651409149e-02
1.370727550238370895e-02
1.259377226233482361e-02
1.308388635516166687e-02
1.133860927075147629e-02
1.448878087103366852e-02
1.378567889332771301e-02
1.166885718703269958e-02
1.208972372114658356e-02
1.139231305569410324e-02
1.101533696055412292e-02
1.075384393334388733e-02
1.195144373923540115e-02
1.018744334578514099e-02
1.109787076711654663e-02
1.073167659342288971e-02
9.675546549260616302e-03
1.183065492659807205e-02
1.158286072313785553e-02
1.313734333962202072e-02
1.285023801028728485e-02
1.333158370107412338e-02
1.302929967641830444e-02
1.270586252212524414e-02
1.283664721995592117e-02
1.235872972756624222e-02
1.243281085044145584e-02
1.184436120092868805e-02
1.041496358811855316e-02
1.047561969608068466e-02
1.107998937368392944e-02
1.104902382940053940e-02
1.042162440717220306e-02
9.926618076860904694e-03
1.035007741302251816e-02
1.030982751399278641e-02
1.002459786832332611e-02
1.167444325983524323e-02
1.212777383625507355e-02
1.123536098748445511e-02
1.092091482132673264e-02
1.264625415205955505e-02
1.174926385283470154e-02
1.121977902948856354e-02
1.071175932884216309e-02
1.126065105199813843e-02
1.151914335787296295e-02
1.191384997218847275e-02
1.101318839937448502e-02
1.243231445550918579e-02
1.330318674445152283e-02
1.198602467775344849e-02
1.113051082938909531e-02
1.110905036330223083e-02
1.269858144223690033e-02
1.171925291419029236e-02
1.124379970133304596e-02
1.088694576174020767e-02
1.207797136157751083e-02
1.188508979976177216e-02
1.280933152884244919e-02
1.108535192906856537e-02
1.270628068596124649e-02
1.167997997254133224e-02
1.464659534394741058e-02
1.359197124838829041e-02
1.265626214444637299e-02
1.370663195848464966e-02
1.206307485699653625e-02
1.284301001578569412e-02
1.199095323681831360e-02
1.389883551746606827e-02
1.275902707129716873e-02
1.206710375845432281e-02
1.273498311638832092e-02
1.228512637317180634e-02
1.397472992539405823e-02
1.216450426727533340e-02
1.273148041218519211e-02
1.288892980664968491e-02
1.266940589994192123e-02
1.273484155535697937e-02
1.276465132832527161e-02
1.424929965287446976e-02
1.285986974835395813e-02
1.250851619988679886e-02
1.209629978984594345e-02
1.190525852143764496e-02
1.274196431040763855e-02
1.396000478416681290e-02
1.316966675221920013e-02
1.281277183443307877e-02
1.260034367442131042e-02
1.184379309415817261e-02
1.280285138636827469e-02
1.302939187735319138e-02
1.268712896853685379e-02
1.411335449665784836e-02
1.166725158691406250e-02
1.170922443270683289e-02
1.306208875030279160e-02
1.596730388700962067e-02
1.407440286129713058e-02
1.467334013432264328e-02
1.431399863213300705e-02
1.439835038036108017e-02
1.295651216059923172e-02
1.365483086556196213e-02
1.414111535996198654e-02
1.423844788223505020e-02
1.385092362761497498e-02
1.346070040017366409e-02
1.332388445734977722e-02
1.282088086009025574e-02
1.257872115820646286e-02
1.301448699086904526e-02
1.275406870990991592e-02
1.121341902762651443e-02
1.170653663575649261e-02
1.184885296970605850e-02
1.168429851531982422e-02
1.183261722326278687e-02
1.213223021477460861e-02
1.224826928228139877e-02
1.207767613232135773e-02
1.204815600067377090e-02
1.307598128914833069e-02
1.237855479121208191e-02
1.181230507791042328e-02
1.182335522025823593e-02
1.297409925609827042e-02
1.067290641367435455e-02
1.204228401184082031e-02
1.228386256843805313e-02
1.197162363678216934e-02
1.138437539339065552e-02
1.257370598614215851e-02
1.187760103493928909e-02
1.484869699925184250e-02
1.481947675347328186e-02
1.202601101249456406e-02
1.186847221106290817e-02
1.454126928001642227e-02
1.343850884586572647e-02
1.249145716428756714e-02
1.257414091378450394e-02
1.170625537633895874e-02
1.126445736736059189e-02
1.157470699399709702e-02
1.141381543129682541e-02
1.236010529100894928e-02
1.226699631661176682e-02
1.084835175424814224e-02
1.126869674772024155e-02
1.221520081162452698e-02
1.196017581969499588e-02
1.448570005595684052e-02
1.226496230810880661e-02
1.253117900341749191e-02
1.294724456965923309e-02
1.267185248434543610e-02
1.290038693696260452e-02
1.231697294861078262e-02
1.159377675503492355e-02
1.181243453174829483e-02
1.155117712914943695e-02
1.081495638936758041e-02
1.085816882550716400e-02
1.106492895632982254e-02
1.363220065832138062e-02
1.292111352086067200e-02
1.145500037819147110e-02
1.078538782894611359e-02
1.219778135418891907e-02
1.362036820501089096e-02
1.510725636035203934e-02
1.410717982798814774e-02
1.403551083058118820e-02
1.274916529655456543e-02
1.483517605811357498e-02
1.714763231575489044e-02
1.418426260352134705e-02
1.646118238568305969e-02
1.465877518057823181e-02
1.440953835844993591e-02
1.298765745013952255e-02
1.503747981041669846e-02
1.462680194526910782e-02
1.341868750751018524e-02
1.401291601359844208e-02
1.318369153887033463e-02
1.393433939665555954e-02
1.489030942320823669e-02
1.514713373035192490e-02
1.480814069509506226e-02
1.462902221828699112e-02
1.379071921110153198e-02
1.254397910088300705e-02
1.526588946580886841e-02
1.328735146671533585e-02
1.392517052590847015e-02
1.429512724280357361e-02
1.251832116395235062e-02
1.315527316182851791e-02
1.309292670339345932e-02
1.321774628013372421e-02
1.344627048820257187e-02
1.362364739179611206e-02
1.210218202322721481e-02
1.227787230163812637e-02
1.145569793879985809e-02
1.291140634566545486e-02
1.261882577091455460e-02
1.174175646156072617e-02
1.331580523401498795e-02
1.237234845757484436e-02
1.034834142774343491e-02
1.079555135220289230e-02
1.066146977245807648e-02
1.192240044474601746e-02
1.338447816669940948e-02
1.224715914577245712e-02
1.081295870244503021e-02
1.231497060507535934e-02
1.448787003755569458e-02
1.271155010908842087e-02
1.281326171010732651e-02
1.284759398549795151e-02
1.123344618827104568e-02
1.196234486997127533e-02
1.179974153637886047e-02
1.146576739847660065e-02
1.222398784011602402e-02
1.112713199108839035e-02
1.259740069508552551e-02
1.249747071415185928e-02
1.411130186170339584e-02
1.537875924259424210e-02
1.346245314925909042e-02
1.357683632522821426e-02
1.413962710648775101e-02
1.302397716790437698e-02
1.188368070870637894e-02
1.212532725185155869e-02
1.244136691093444824e-02
1.189813856035470963e-02
1.158988382667303085e-02
1.267335563898086548e-02
1.478629093617200851e-02
1.179633010178804398e-02
1.355137210339307785e-02
1.286091934889554977e-02
1.244851201772689819e-02
1.353200059384107590e-02
1.587400399148464203e-02
1.405625417828559875e-02
1.469276566058397293e-02
1.333338487893342972e-02
1.237127743661403656e-02
1.491858717054128647e-02
1.310846954584121704e-02
1.389943808317184448e-02
1.401641219854354858e-02
1.348927523940801620e-02
1.276414468884468079e-02
1.368831377476453781e-02
1.323691476136445999e-02
1.215501222759485245e-02
1.359190139919519424e-02
1.189349219202995300e-02
1.323316618800163269e-02
1.475831959396600723e-02
1.550991274416446686e-02
1.325666997581720352e-02
1.363618858158588409e-02
1.365402061492204666e-02
1.247151289135217667e-02
1.503797527402639389e-02
1.293973717838525772e-02
1.301434077322483063e-02
1.358023565262556076e-02
1.168039068579673767e-02
1.235770061612129211e-02
1.420781575143337250e-02
1.294463314116001129e-02
1.428368594497442245e-02
1.233541127294301987e-02
1.292473077774047852e-02
1.363141462206840515e-02
1.549175847321748734e-02
1.462221425026655197e-02
1.507796533405780792e-02
1.332091353833675385e-02
1.294601801782846451e-02
1.518304925411939621e-02
1.280802581459283829e-02
1.371051743626594543e-02
1.330783497542142868e-02
1.276076585054397583e-02
1.191982068121433258e-02
1.205696258693933487e-02
1.292739436030387878e-02
1.247639395296573639e-02
1.271448377519845963e-02
1.181385014206171036e-02
1.144063100218772888e-02
1.291392464190721512e-02
1.253347191959619522e-02
1.275814138352870941e-02
1.243461854755878448e-02
1.205153949558734894e-02
1.307270862162113190e-02
1.427827030420303345e-02
1.239097397774457932e-02
1.208780799061059952e-02
1.315850298851728439e-02
1.198193337768316269e-02
1.161175593733787537e-02
1.338010933250188828e-02
1.221391279250383377e-02
1.063469331711530685e-02
1.236918475478887558e-02
1.127515453845262527e-02
1.119250804185867310e-02
1.116166450083255768e-02
9.764076210558414459e-03
1.208840124309062958e-02
1.236856542527675629e-02
1.043393928557634354e-02
1.319584995508193970e-02
1.137296669185161591e-02
1.182574313133955002e-02
1.084964629262685776e-02
1.101642288267612457e-02
9.831393137574195862e-03
1.040791068226099014e-02
1.188479922711849213e-02
1.109391078352928162e-02
1.202360354363918304e-02
1.059177145361900330e-02
1.019132137298583984e-02
1.031243707984685898e-02
1.234540808945894241e-02
1.656894572079181671e-02
1.498018950223922729e-02
1.432107575237751007e-02
1.277521159499883652e-02
1.441522035747766495e-02
1.402794010937213898e-02
1.221909746527671814e-02
1.322351209819316864e-02
1.400541979819536209e-02
1.390673872083425522e-02
1.264868862926959991e-02
1.304482854902744293e-02
1.301319710910320282e-02
1.288941968232393265e-02
1.275410130620002747e-02
1.241507846862077713e-02
1.176235172897577286e-02
1.134897582232952118e-02
1.153267268091440201e-02
1.273885741829872131e-02
1.302793249487876892e-02
1.156240142881870270e-02
1.090355403721332550e-02
1.137592643499374390e-02
1.309503708034753799e-02
1.496129762381315231e-02
1.314064394682645798e-02
1.336605101823806763e-02
1.251131203025579453e-02
1.224546786397695541e-02
1.169798988848924637e-02
1.190217956900596619e-02
1.270233374089002609e-02
1.230159308761358261e-02
1.056888327002525330e-02
1.238394249230623245e-02
1.194586511701345444e-02
1.370909437537193298e-02
1.404269598424434662e-02
1.264249067753553391e-02
1.390495151281356812e-02
1.178492978215217590e-02
1.489278580993413925e-02
1.130159851163625717e-02
1.166274677962064743e-02
1.157898642122745514e-02
1.092479098588228226e-02
1.211439725011587143e-02
1.151071675121784210e-02
1.370796468108892441e-02
1.056887023150920868e-02
1.194441039115190506e-02
1.219501253217458725e-02
1.348833646625280380e-02
1.578300073742866516e-02
1.461323350667953491e-02
1.433287188410758972e-02
1.459159608930349350e-02
1.147924270480871201e-02
1.402029674500226974e-02
1.210171822458505630e-02
1.192520372569561005e-02
1.135191787034273148e-02
1.175658963620662689e-02
1.053918153047561646e-02
1.263449899852275848e-02
1.207095943391323090e-02
1.163869351148605347e-02
1.190654654055833817e-02
1.203407440334558487e-02
1.279607973992824554e-02
1.195333618670701981e-02
1.477999798953533173e-02
1.083855889737606049e-02
1.323465351015329361e-02
1.108883507549762726e-02
1.076363958418369293e-02
1.066372264176607132e-02
1.264973264187574387e-02
1.098734047263860703e-02
1.123450975865125656e-02
1.295024901628494263e-02
1.265854481607675552e-02
1.290109474211931229e-02
1.131014619022607803e-02
1.321416720747947693e-02
1.160154212266206741e-02
1.175225712358951569e-02
1.236150134354829788e-02
1.118213031440973282e-02
1.231311354786157608e-02
1.210682839155197144e-02
1.167853269726037979e-02
1.198775041848421097e-02
1.113170944154262543e-02
1.212298590689897537e-02
1.181633211672306061e-02
1.172614935785531998e-02
1.283186674118041992e-02
1.140082348138093948e-02
1.149597205221652985e-02
1.183765847235918045e-02
1.335508748888969421e-02
1.036648266017436981e-02
1.096360664814710617e-02
1.225407142192125320e-02
1.134787406772375107e-02
1.049162819981575012e-02
9.604615159332752228e-03
9.924337267875671387e-03
1.099382154643535614e-02
1.076667197048664093e-02
1.189649943262338638e-02
1.051684282720088959e-02
1.034921500831842422e-02
1.157432515174150467e-02
1.333966571837663651e-02
1.088739186525344849e-02
1.102673448622226715e-02
1.162322051823139191e-02
1.070770341902971268e-02
1.074982807040214539e-02
1.161815598607063293e-02
1.170743722468614578e-02
1.125668641179800034e-02
9.412860497832298279e-03
1.098049152642488480e-02
1.097617484629154205e-02
1.200868934392929077e-02
1.075877901166677475e-02
1.092925574630498886e-02
1.163133233785629272e-02
1.310646161437034607e-02
1.096017099916934967e-02
1.035989634692668915e-02
1.180366799235343933e-02
1.318881846964359283e-02
1.245247200131416321e-02
1.064490713179111481e-02
1.005849987268447876e-02
1.284577231854200363e-02
1.520782615989446640e-02
1.148475427180528641e-02
1.280128397047519684e-02
1.160791143774986267e-02
1.261391118168830872e-02
1.194263435900211334e-02
1.321230456233024597e-02
1.105960365384817123e-02
1.222515851259231567e-02
1.100884284824132919e-02
1.190813165158033371e-02
1.172782760113477707e-02
1.123214606195688248e-02
1.109662372618913651e-02
1.155673246830701828e-02
1.047984044998884201e-02
1.167859882116317749e-02
1.139785256236791611e-02
1.079261582344770432e-02
1.119288709014654160e-02
1.100321672856807709e-02
1.080931816250085831e-02
1.065297145396471024e-02
1.047395262867212296e-02
1.075300201773643494e-02
1.181260589510202408e-02
1.211559213697910309e-02
1.269405521452426910e-02
1.122072339057922363e-02
1.079426519572734833e-02
1.150947716087102890e-02
1.452065259218215942e-02
1.348665636032819748e-02
1.488623302429914474e-02
1.560914982110261917e-02
1.266680285334587097e-02
1.424703840166330338e-02
1.488406024873256683e-02
1.412880420684814453e-02
1.570392400026321411e-02
1.577560044825077057e-02
1.394934765994548798e-02
1.291622500866651535e-02
1.280142460018396378e-02
1.352452486753463745e-02
1.239739730954170227e-02
1.216187141835689545e-02
1.154993195086717606e-02
1.178986765444278717e-02
1.088734529912471771e-02
1.298103295266628265e-02
1.259153336286544800e-02
1.314567588269710541e-02
1.260436885058879852e-02
1.189890224486589432e-02
1.350910309702157974e-02
1.202102750539779663e-02
1.294781174510717392e-02
1.193830464035272598e-02
1.234575826674699783e-02
1.130639202892780304e-02
1.114777289330959320e-02
1.117066852748394012e-02
1.083850860595703125e-02
1.139281876385211945e-02
1.008244138211011887e-02
1.046546176075935364e-02
1.103696320205926895e-02
1.208570692688226700e-02
1.111791934818029404e-02
1.112622302025556564e-02
1.099773403257131577e-02
1.277770847082138062e-02
1.321895048022270203e-02
1.254728063941001892e-02
1.192487496882677078e-02
1.132358331233263016e-02
1.242555305361747742e-02
1.266752369701862335e-02
1.094104163348674774e-02
1.088435575366020203e-02
1.124680787324905396e-02
1.086649019271135330e-02
1.214331667870283127e-02
1.222987659275531769e-02
1.039030216634273529e-02
1.214536093175411224e-02
1.199935656040906906e-02
1.149808987975120544e-02
1.328073348850011826e-02
1.348474994301795959e-02
1.227860711514949799e-02
1.306791789829730988e-02
1.296200975775718689e-02
1.058193948119878769e-02
1.096463948488235474e-02
1.143971923738718033e-02
1.263498142361640930e-02
1.214615814387798309e-02
1.210322882980108261e-02
1.194163598120212555e-02
1.183303724974393845e-02
1.334279403090476990e-02
1.541287638247013092e-02
1.363936625421047211e-02
1.484834216535091400e-02
1.344459969550371170e-02
1.338126976042985916e-02
1.247739698737859726e-02
1.341993454843759537e-02
1.159313879907131195e-02
1.247275434434413910e-02
1.143844798207283020e-02
1.156987436115741730e-02
1.068684458732604980e-02
1.240036729723215103e-02
1.081766001880168915e-02
1.025523431599140167e-02
1.000172831118106842e-02
1.073693484067916870e-02
1.318007428199052811e-02
1.313551422208547592e-02
1.098908390849828720e-02
1.324169058352708817e-02
1.226225402206182480e-02
1.337576843798160553e-02
1.552144810557365417e-02
1.304417941719293594e-02
1.377848070114850998e-02
1.327939052134752274e-02
1.321690808981657028e-02
1.186866499483585358e-02
1.307728793472051620e-02
1.132266782224178314e-02
1.248919684439897537e-02
1.102306041866540909e-02
1.232391037046909332e-02
1.176522579044103622e-02
1.318243891000747681e-02
1.120478753000497818e-02
1.251659262925386429e-02
1.102623064070940018e-02
1.295487862080335617e-02
1.340835914015769958e-02
1.313888560980558395e-02
1.308544352650642395e-02
1.272494997829198837e-02
1.100343465805053711e-02
1.170831453055143356e-02
1.226284820586442947e-02
1.372989080846309662e-02
1.201289147138595581e-02
1.390990521758794785e-02
1.348084956407546997e-02
1.367358583956956863e-02
1.317647192627191544e-02
1.259132008999586105e-02
1.284219697117805481e-02
1.211575232446193695e-02
1.133700739592313766e-02
1.115030795335769653e-02
1.063009351491928101e-02
1.046094018965959549e-02
1.101938635110855103e-02
9.603509679436683655e-03
1.117234677076339722e-02
9.785192087292671204e-03
1.102642435580492020e-02
1.175052486360073090e-02
1.186276320368051529e-02
1.269239094108343124e-02
1.101830694824457169e-02
1.161355990916490555e-02
1.120088621973991394e-02
1.103879325091838837e-02
1.020948961377143860e-02
1.198531780391931534e-02
1.098125334829092026e-02
1.257309876382350922e-02
1.286537852138280869e-02
1.140538416802883148e-02
1.124132517725229263e-02
1.184348389506340027e-02
1.339344307780265808e-02
1.250379811972379684e-02
1.184408646076917648e-02
1.288282778114080429e-02
1.282521337270736694e-02
1.166362781077623367e-02
1.299718767404556274e-02
1.148601993918418884e-02
1.200097519904375076e-02
1.095321215689182281e-02
1.063086744397878647e-02
9.732130914926528931e-03
1.239676401019096375e-02
1.157071813941001892e-02
1.228696666657924652e-02
1.351039670407772064e-02
