{
  "restart": 14,
  "seed": 72,
  "iters": 30000,
  "lr": 0.05,
  "best_iter": 29692,
  "best_cost": 0.0006729619344696403,
  "best_alphaD_mean": 0.00011392906516442559,
  "n": 12
}