{
  "restart": 9,
  "seed": 67,
  "iters": 30000,
  "lr": 0.05,
  "best_iter": 29201,
  "best_cost": 0.0008563874289393425,
  "best_alphaD_mean": 0.00013388693445493208,
  "n": 10
}