{
  "restart": 13,
  "seed": 71,
  "iters": 30000,
  "lr": 0.05,
  "best_iter": 29720,
  "best_cost": 0.0006780625553801656,
  "best_alphaD_mean": 0.00010878524390691865,
  "n": 12
}