{
  "restart": 25,
  "seed": 83,
  "iters": 30000,
  "lr": 0.05,
  "best_iter": 29934,
  "best_cost": 0.0012557054869830608,
  "best_alphaD_mean": 0.00015304030633400006,
  "n": 9
}