{
  "restart": 15,
  "seed": 73,
  "iters": 30000,
  "lr": 0.05,
  "best_iter": 29891,
  "best_cost": 0.001320824259892106,
  "best_alphaD_mean": 0.00017091799856341482,
  "n": 6
}