{
  "restart": 6,
  "seed": 64,
  "iters": 30000,
  "lr": 0.05,
  "best_iter": 29822,
  "best_cost": 0.0005375303444452584,
  "best_alphaD_mean": 0.00010043031570693381,
  "n": 16
}