{
  "restart": 6,
  "seed": 64,
  "iters": 30000,
  "lr": 0.05,
  "best_iter": 29855,
  "best_cost": 0.00093725451733917,
  "best_alphaD_mean": 0.00013488262720862283,
  "n": 8
}