{
  "restart": 6,
  "seed": 64,
  "iters": 30000,
  "lr": 0.05,
  "best_iter": 29995,
  "best_cost": 0.04233405739068985,
  "best_alphaD_mean": 0.0009531662283012605,
  "n": 5
}