{
  "restart": 20,
  "seed": 78,
  "iters": 30000,
  "lr": 0.05,
  "best_iter": 29448,
  "best_cost": 0.002858696272596717,
  "best_alphaD_mean": 0.0002458649402049335,
  "n": 7
}