{
  "restart": 4,
  "seed": 62,
  "iters": 30000,
  "lr": 0.05,
  "best_iter": 29622,
  "best_cost": 0.0007510408177040517,
  "best_alphaD_mean": 0.00011932659820914291,
  "n": 10
}