{
  "restart": 4,
  "seed": 62,
  "iters": 30000,
  "lr": 0.05,
  "best_iter": 29857,
  "best_cost": 0.0016358548309653997,
  "best_alphaD_mean": 0.00019243067870777675,
  "n": 5
}