{
  "restart": 21,
  "seed": 79,
  "iters": 30000,
  "lr": 0.05,
  "best_iter": 29606,
  "best_cost": 0.0014049799647182226,
  "best_alphaD_mean": 0.0001689315150805982,
  "n": 11
}