{
  "restart": 21,
  "seed": 79,
  "iters": 30000,
  "lr": 0.05,
  "best_iter": 29219,
  "best_cost": 0.0004933778545819223,
  "best_alphaD_mean": 9.868263948030351e-05,
  "n": 12
}