{
  "restart": 11,
  "seed": 69,
  "iters": 30000,
  "lr": 0.05,
  "best_iter": 24071,
  "best_cost": 0.0010204978752881289,
  "best_alphaD_mean": 0.00013825114016441327,
  "n": 15
}