{
  "restart": 2,
  "seed": 60,
  "iters": 30000,
  "lr": 0.05,
  "best_iter": 29981,
  "best_cost": 0.0005574534297920763,
  "best_alphaD_mean": 0.00010573528894121808,
  "n": 10
}