{
  "restart": 25,
  "seed": 83,
  "iters": 30000,
  "lr": 0.05,
  "best_iter": 29744,
  "best_cost": 0.0006187699036672711,
  "best_alphaD_mean": 0.00010925004312178454,
  "n": 12
}