{
  "restart": 23,
  "seed": 81,
  "iters": 30000,
  "lr": 0.05,
  "best_iter": 29731,
  "best_cost": 0.007231447380036116,
  "best_alphaD_mean": 0.00038692777636810676,
  "n": 5
}