alpha,beta,alphaD_true,alphaD_pred,rel_abs,rel_signed
1.1000,2.7500,15.444870383584,15.445239067077637,2.3870934781593555e-05,2.3870934781593555e-05
0.2000,1.0000,19.051282316218,19.051973342895508,3.6271924694522185e-05,3.6271924694522185e-05
0.2000,4.5000,19.397942314212997,19.398052215576172,5.665619651519802e-06,5.665619651519802e-06
2.0000,1.0000,22.752251621592002,22.754728317260742,0.00010885497004567173,0.00010885497004567173
2.0000,4.5000,14.760426956088999,14.75537109375,0.0003425281906844104,-0.0003425281906844104
0.9710,1.2500,19.56884610005,19.568992614746094,7.487140291538756e-06,7.487140291538756e-06
0.8430,3.5000,13.855777414907,13.855476379394531,2.1726353091098702e-05,-2.1726353091098702e-05
1.4860,3.5000,14.922997611565,14.9247407913208,0.00011681163538146622,0.00011681163538146622
1.7430,4.0000,14.782857439192,14.801350593566895,0.0012509864517711309,0.0012509864517711309
2.0000,1.5000,21.036067872794,21.039884567260742,0.00018143573646091607,0.00018143573646091607
0.5860,2.5000,15.149038308404002,15.150154113769531,7.365519466079126e-05,7.365519466079126e-05
1.6140,1.0000,22.04014677513,22.042011260986328,8.459498366094498e-05,8.459498366094498e-05
1.6140,3.2500,15.714130427978,15.698955535888672,0.0009656844938940919,-0.0009656844938940919
0.4570,1.7500,16.70640146289,16.70687484741211,2.833551696702352e-05,2.833551696702352e-05
1.6140,2.2500,17.926159928087998,17.927663803100586,8.38927588853948e-05,8.38927588853948e-05
0.5860,3.5000,13.978350677684002,13.978660583496094,2.217041332253909e-05,2.217041332253909e-05
1.4860,2.7500,16.391947827372,16.396318435668945,0.00026663141824100496,0.00026663141824100496
1.2290,1.0000,21.249588450164,21.25029754638672,3.336988028640688e-05,3.336988028640688e-05
0.4570,4.2500,14.658019179680998,14.658639907836914,4.234734231867031e-05,4.234734231867031e-05
2.0000,2.0000,19.589831449887,19.590505599975586,3.441326640863128e-05,3.441326640863128e-05
0.8430,3.0000,14.550333960214001,14.550172805786133,1.1075651480493252e-05,-1.1075651480493252e-05
1.6140,4.2500,14.084101407887001,14.074835777282715,0.0006578787198377352,-0.0006578787198377352
