tier,restart_idx,param_seed,final_train_cost,final_test_cost
7,0,214001349,3.204167e-02,2.743579e-01
7,1,214001350,2.204275e-02,1.798038e-01
7,2,214001351,8.643177e-03,1.015374e-01
7,3,214001352,2.947324e-01,7.096822e-01
7,4,214001353,1.181476e-01,2.718667e-01
7,5,214001354,2.292414e-02,3.645822e-01
7,6,214001355,6.811601e-02,2.190915e-01
7,7,214001356,1.346355e-02,1.056678e-01
7,8,214001357,3.135274e-02,1.129953e-01
7,9,214001358,5.944455e-02,2.055425e-01
