tier,restart_idx,param_seed,final_train_cost,final_test_cost
5,0,214001147,7.734840e-02,2.952496e-01
5,1,214001148,4.867982e-02,4.105350e-01
5,2,214001149,3.305421e-02,2.335817e+00
5,3,214001150,8.638877e-02,2.704802e-01
5,4,214001151,2.539893e-01,1.299613e+00
5,5,214001152,1.940318e-01,1.063847e+00
5,6,214001153,1.245487e-01,6.442390e+00
5,7,214001154,5.015410e-02,3.795137e-01
5,8,214001155,2.475397e-01,5.566665e-01
5,9,214001156,3.537305e-02,2.962244e-01
