tier,restart_idx,param_seed,final_train_cost,final_test_cost
3,0,214000945,1.813946e-02,2.790858e+00
3,1,214000946,5.255426e-02,1.009939e+00
3,2,214000947,1.276009e-01,1.226122e+01
3,3,214000948,9.351362e-03,4.321012e+00
3,4,214000949,3.234612e-03,1.973274e+00
3,5,214000950,5.805247e-02,1.977499e+00
3,6,214000951,5.233641e-02,1.474348e+00
3,7,214000952,5.826981e-03,7.627391e-01
3,8,214000953,1.444740e-01,1.287520e+00
3,9,214000954,2.858810e-02,7.863664e+00
