tier,restart_idx,param_seed,final_train_cost,final_test_cost
6,0,126000984,4.106049e-02,1.876802e-01
6,1,126000985,1.150134e-01,1.097428e+00
6,2,126000986,1.030342e-01,2.775640e-01
6,3,126000987,1.098956e-01,2.458141e-01
6,4,126000988,2.644427e-01,6.293513e-01
6,5,126000989,7.850142e-02,2.906761e-01
6,6,126000990,1.148002e-02,7.704861e-02
6,7,126000991,3.859381e-02,1.172963e-01
6,8,126000992,2.603456e-02,1.307033e-01
6,9,126000993,9.592753e-02,2.457512e-01
