tier,restart_idx,param_seed,final_train_cost,final_test_cost
5,0,126000883,1.500967e-01,1.034457e+00
5,1,126000884,7.729069e-02,1.891604e+00
5,2,126000885,1.730496e-01,4.714095e-01
5,3,126000886,1.081839e-01,4.010213e-01
5,4,126000887,2.302363e-02,1.519807e-01
5,5,126000888,1.109674e-01,4.937136e-01
5,6,126000889,5.838053e-02,3.007839e-01
5,7,126000890,3.422396e-02,2.429623e-01
5,8,126000891,5.490305e-01,1.400698e+00
5,9,126000892,2.375488e-01,4.963395e-01
