tier,restart_idx,param_seed,final_train_cost,final_test_cost
7,0,126001085,4.717465e-02,2.947546e-01
7,1,126001086,5.608630e-01,8.178171e-01
7,2,126001087,4.834314e-02,3.157910e-01
7,3,126001088,1.560853e-01,3.381613e-01
7,4,126001089,1.073724e-01,1.842303e-01
7,5,126001090,7.634743e-02,1.974650e+00
7,6,126001091,4.734620e-01,9.242379e-01
7,7,126001092,2.504761e-01,6.911132e-01
7,8,126001093,2.841169e-02,7.999824e-02
7,9,126001094,5.093358e-02,5.097660e-01
