tier,restart_idx,param_seed,final_train_cost,final_test_cost
10,0,126001388,1.231663e-01,2.333253e-01
10,1,126001389,6.629708e-02,3.649082e-02
10,2,126001390,1.151733e-02,3.040340e-02
10,3,126001391,4.033415e-02,9.206304e-02
10,4,126001392,1.008246e-01,5.751207e-02
10,5,126001393,5.857029e-02,1.756075e-01
10,6,126001394,2.946892e-01,2.248459e+00
10,7,126001395,7.649912e-02,9.955607e-02
10,8,126001396,4.365503e-02,8.499523e-02
10,9,126001397,1.552422e-01,3.948938e-01
