tier,restart_idx,param_seed,final_train_cost,final_test_cost
4,0,177000935,1.183027e-02,1.383688e+00
4,1,177000936,2.190657e-02,1.089626e+00
4,2,177000937,4.294630e-03,2.250819e-01
4,3,177000938,6.203483e-02,2.120837e+00
4,4,177000939,2.334436e-01,1.180430e+00
4,5,177000940,6.353968e-03,7.610378e-01
4,6,177000941,1.484519e-02,3.641544e+00
4,7,177000942,1.031346e-01,1.060388e+00
4,8,177000943,1.163928e-02,1.082972e+00
4,9,177000944,5.329973e-03,2.393761e-01
