tier,restart_idx,param_seed,final_train_cost,final_test_cost
1,0,177000632,3.296060e-02,3.349058e+01
1,1,177000633,4.407226e-04,4.832290e+01
1,2,177000634,7.832882e-04,1.790500e+01
1,3,177000635,2.006517e-05,1.408939e+01
1,4,177000636,1.009519e-03,2.205774e+01
1,5,177000637,2.982208e-05,6.584693e+01
1,6,177000638,1.615880e-04,3.759873e+01
1,7,177000639,2.949676e-02,3.452693e+01
1,8,177000640,3.607654e-03,2.568373e+01
1,9,177000641,8.444023e-04,1.186192e+01
