tier,restart_idx,param_seed,final_train_cost,final_test_cost
7,0,177001238,5.178545e-01,5.076845e-01
7,1,177001239,8.237372e-02,3.573610e-01
7,2,177001240,8.106551e-01,5.286654e-01
7,3,177001241,9.760978e-02,2.178253e-01
7,4,177001242,3.727880e-01,3.821273e-01
7,5,177001243,2.067987e-01,5.024664e-01
7,6,177001244,6.630942e-01,7.201641e-01
7,7,177001245,1.908847e-01,3.812762e-01
7,8,177001246,1.766675e-01,4.650646e-01
7,9,177001247,2.792648e-02,6.067654e-01
