tier,restart_idx,param_seed,final_train_cost,final_test_cost
2,0,177000733,5.589469e-03,5.280435e+00
2,1,177000734,1.623085e-02,1.255656e+01
2,2,177000735,1.546650e-02,3.614555e+01
2,3,177000736,2.110020e-02,2.108234e+01
2,4,177000737,2.811082e-03,1.842266e+01
2,5,177000738,1.772410e-03,6.041388e+00
2,6,177000739,6.788080e-03,1.806054e+00
2,7,177000740,1.855153e-02,7.414083e+00
2,8,177000741,3.627196e-03,1.482127e+01
2,9,177000742,2.385997e-03,6.158267e+00
