tier,restart_idx,param_seed,final_train_cost,final_test_cost
3,0,177000834,3.796669e-02,1.115657e+01
3,1,177000835,1.325586e-02,1.250130e+00
3,2,177000836,1.845217e-02,1.921601e+00
3,3,177000837,2.077088e-02,1.329939e+00
3,4,177000838,4.225223e-03,7.224168e-01
3,5,177000839,5.610595e-03,8.854280e+00
3,6,177000840,4.661507e-02,2.247901e+00
3,7,177000841,9.414632e-03,1.594796e+00
3,8,177000842,1.938621e-02,1.954086e+00
3,9,177000843,6.370460e-03,1.259138e+01
