tier,restart_idx,param_seed,final_train_cost,final_test_cost
6,0,177001137,3.733973e-02,1.383582e-01
6,1,177001138,1.808032e-02,1.401291e-01
6,2,177001139,1.016459e-01,4.167005e-01
6,3,177001140,2.503890e-01,5.052413e-01
6,4,177001141,1.833223e-02,1.416491e-01
6,5,177001142,1.147541e-01,9.089183e-01
6,6,177001143,2.122960e-01,6.313414e-01
6,7,177001144,2.000936e-02,4.682770e-02
6,8,177001145,3.272510e-01,7.903104e-01
6,9,177001146,3.069862e-02,2.634942e-01
