{
  "restart": 2,
  "seed": 60,
  "iters": 30000,
  "lr": 0.05,
  "best_iter": 29699,
  "best_cost": 0.0020228230860084295,
  "best_alphaD_mean": 0.00020144113752054517,
  "n": 9
}