{
  "restart": 13,
  "seed": 71,
  "iters": 30000,
  "lr": 0.05,
  "best_iter": 29412,
  "best_cost": 0.0020925153512507677,
  "best_alphaD_mean": 0.00020776934915505012,
  "n": 11
}