{
  "restart": 14,
  "seed": 72,
  "iters": 30000,
  "lr": 0.05,
  "best_iter": 29866,
  "best_cost": 0.005814724136143923,
  "best_alphaD_mean": 0.0003451685600966294,
  "n": 5
}