{
  "restart": 14,
  "seed": 72,
  "iters": 30000,
  "lr": 0.05,
  "best_iter": 29837,
  "best_cost": 0.0010102284140884876,
  "best_alphaD_mean": 0.00014106334349497853,
  "n": 10
}