{
  "restart": 27,
  "seed": 85,
  "iters": 30000,
  "lr": 0.05,
  "best_iter": 29973,
  "best_cost": 0.00195784168317914,
  "best_alphaD_mean": 0.00020608574356147414,
  "n": 6
}