{
  "restart": 26,
  "seed": 84,
  "iters": 30000,
  "lr": 0.05,
  "best_iter": 29835,
  "best_cost": 0.0007891359855420887,
  "best_alphaD_mean": 0.00012456329224403085,
  "n": 10
}