tier,restart_idx,param_seed,final_train_cost,final_test_cost
4,0,180000944,2.983196e-02,2.874664e+00
4,1,180000945,6.751442e-03,1.290191e+00
4,2,180000946,1.646379e-02,9.864786e-01
4,3,180000947,1.740244e-02,5.977154e-01
4,4,180000948,1.003867e-02,2.892125e-01
4,5,180000949,2.400521e-02,1.360811e+00
4,6,180000950,5.498626e-02,7.660272e-01
4,7,180000951,1.209710e-01,3.385172e+00
4,8,180000952,6.095011e-01,3.352203e+00
4,9,180000953,2.385980e-02,1.169544e+00
