tier,restart_idx,param_seed,final_train_cost,final_test_cost
1,0,180000641,1.875136e-03,5.043972e+01
1,1,180000642,4.720641e-03,1.914577e+01
1,2,180000643,3.438799e-03,2.261272e+01
1,3,180000644,4.270158e-05,3.411061e+01
1,4,180000645,2.896292e-04,2.389890e+01
1,5,180000646,4.613583e-02,2.882395e+01
1,6,180000647,3.696368e-04,2.346161e+01
1,7,180000648,2.359995e-04,1.838871e+01
1,8,180000649,1.770750e-07,8.707738e+01
1,9,180000650,3.224543e-03,2.920080e+01
