tier,restart_idx,param_seed,final_train_cost,final_test_cost
3,0,180000843,3.199712e-02,2.620554e+00
3,1,180000844,9.406773e-03,1.455790e+00
3,2,180000845,1.241153e-02,1.450225e+00
3,3,180000846,7.548804e-01,9.397718e-01
3,4,180000847,8.479308e-03,1.592934e+01
3,5,180000848,2.175162e-02,1.040571e+00
3,6,180000849,6.295986e-03,3.168277e+00
3,7,180000850,6.633512e-02,4.988241e+00
3,8,180000851,2.395856e-02,4.822883e+00
3,9,180000852,1.148407e-02,1.107058e+00
