tier,restart_idx,param_seed,final_train_cost,final_test_cost
9,0,180001449,2.066501e-02,5.270439e-02
9,1,180001450,2.977495e-01,1.472081e+00
9,2,180001451,1.521583e-02,4.148922e-02
9,3,180001452,7.485679e-01,2.416242e-01
9,4,180001453,2.153046e-01,3.249145e-02
9,5,180001454,3.637955e-02,4.126299e-02
9,6,180001455,2.859279e-02,7.193016e-02
9,7,180001456,4.422745e-02,4.485926e-02
9,8,180001457,1.659915e-02,5.128818e-02
9,9,180001458,3.695822e-02,3.861963e-02
