{
  "restart": 6,
  "seed": 64,
  "iters": 30000,
  "lr": 0.05,
  "best_iter": 29949,
  "best_cost": 0.0014637201093137264,
  "best_alphaD_mean": 0.00017876217331651843,
  "n": 15
}