tier,restart_idx,param_seed,final_train_cost,final_test_cost
5,0,147000946,1.861835e-02,1.330571e-01
5,1,147000947,2.667255e-01,2.725671e-01
5,2,147000948,9.736897e-02,2.699717e-01
5,3,147000949,2.211413e-01,7.785516e-01
5,4,147000950,7.868350e-02,8.974726e-01
5,5,147000951,9.212541e-02,4.176348e-01
5,6,147000952,1.742308e-02,4.965965e-02
5,7,147000953,3.147162e-02,3.182060e-01
5,8,147000954,3.081482e-02,6.340346e-01
5,9,147000955,4.911202e-02,7.549070e-01
