tier,restart_idx,param_seed,final_train_cost,final_test_cost
10,0,147001451,5.701794e-02,1.127333e-01
10,1,147001452,1.170727e-01,1.319481e+00
10,2,147001453,3.957514e-02,6.894784e-02
10,3,147001454,4.172527e-01,3.906662e-01
10,4,147001455,1.216538e-01,3.993904e-02
10,5,147001456,5.173331e-02,5.960073e-02
10,6,147001457,1.259267e-01,7.548865e-02
10,7,147001458,4.612152e-02,6.501021e-02
10,8,147001459,7.599588e-02,4.322885e-02
10,9,147001460,6.297775e-02,1.323735e-01
