tier,restart_idx,param_seed,final_train_cost,final_test_cost
8,0,147001249,1.392654e-01,3.940502e-01
8,1,147001250,2.644030e-02,5.453578e+00
8,2,147001251,1.461083e-02,2.472243e-01
8,3,147001252,8.621507e-02,4.137476e-01
8,4,147001253,2.540640e-02,1.947875e-01
8,5,147001254,3.112191e-02,3.127328e-02
8,6,147001255,2.010393e-01,4.055416e-01
8,7,147001256,1.369859e-01,3.217960e-01
8,8,147001257,5.334099e-02,2.627878e-01
8,9,147001258,2.013427e-02,5.952177e-02
