{
  "restart": 22,
  "seed": 80,
  "iters": 30000,
  "lr": 0.05,
  "best_iter": 27485,
  "best_cost": 0.0019174630288034678,
  "best_alphaD_mean": 0.00020440957583188368,
  "n": 11
}