{
  "restart": 23,
  "seed": 81,
  "iters": 30000,
  "lr": 0.05,
  "best_iter": 29997,
  "best_cost": 0.0006033587269484997,
  "best_alphaD_mean": 0.00010629808471489377,
  "n": 12
}