{
  "restart": 22,
  "seed": 80,
  "iters": 30000,
  "lr": 0.05,
  "best_iter": 29725,
  "best_cost": 0.0010668971808627248,
  "best_alphaD_mean": 0.00014755502513487932,
  "n": 13
}