{
  "restart": 12,
  "seed": 70,
  "iters": 30000,
  "lr": 0.05,
  "best_iter": 29667,
  "best_cost": 0.0004932871088385582,
  "best_alphaD_mean": 9.636014294407547e-05,
  "n": 14
}