0.000000000000000000e+00 1.253957729081145596e-04
4.002001000500250011e-02 1.260403927329901508e-04
8.004002001000500022e-02 1.266902611518880327e-04
1.200600300150075073e-01 1.273454375346435609e-04
1.600800400200100004e-01 1.280059821168868855e-04
2.001000500250124936e-01 1.286719560155539816e-04
2.401200600300150145e-01 1.293434212447273305e-04
2.801400700350175077e-01 1.300204407318152522e-04
3.201600800400200009e-01 1.307030783340782905e-04
3.601800900450224940e-01 1.313913988555099157e-04
4.002001000500249872e-01 1.320854680640817899e-04
4.402201100550274804e-01 1.327853527093628930e-04
4.802401200600300291e-01 1.334911205405200972e-04
5.202601300650324667e-01 1.342028403247117927e-04
5.602801400700350154e-01 1.349205818658832912e-04
6.003001500750374531e-01 1.356444160239746871e-04
6.403201600800400017e-01 1.363744147345517202e-04
6.803401700850425504e-01 1.371106510288693978e-04
7.203601800900449881e-01 1.378531990543816572e-04
7.603801900950475368e-01 1.386021340957060684e-04
8.004002001000499744e-01 1.393575325960568845e-04
8.404202101050525231e-01 1.401194721791580418e-04
8.804402201100549608e-01 1.408880316716486854e-04
9.204602301150575094e-01 1.416632911259940145e-04
9.604802401200600581e-01 1.424453318439142951e-04
1.000500250125062607e+00 1.432342364003468395e-04
1.040520260130064933e+00 1.440300886679527154e-04
1.080540270135067482e+00 1.448329738421859131e-04
1.120560280140070031e+00 1.456429784669361087e-04
1.160580290145072579e+00 1.464601904607634839e-04
1.200600300150074906e+00 1.472846991437395871e-04
1.240620310155077455e+00 1.481165952649102831e-04
1.280640320160080003e+00 1.489559710304001977e-04
1.320660330165082552e+00 1.498029201321720205e-04
1.360680340170085101e+00 1.506575377774610762e-04
1.400700350175087427e+00 1.515199207189035140e-04
1.440720360180089976e+00 1.523901672853753269e-04
1.480740370185092525e+00 1.532683774135636145e-04
1.520760380190095074e+00 1.541546526802890890e-04
1.560780390195097400e+00 1.550490963356003168e-04
1.600800400200099949e+00 1.559518133366626254e-04
1.640820410205102498e+00 1.568629103824617076e-04
1.680840420210105046e+00 1.577824959493465877e-04
1.720860430215107595e+00 1.587106803274336878e-04
1.760880440220109922e+00 1.596475756578979348e-04
1.800900450225112470e+00 1.605932959711744610e-04
1.840920460230115019e+00 1.615479572260978690e-04
1.880940470235117568e+00 1.625116773500044577e-04
1.920960480240120116e+00 1.634845762798267915e-04
1.960980490245122443e+00 1.644667760042067416e-04
2.001000500250125214e+00 1.654584006066583610e-04
2.041020510255127540e+00 1.664595763098092687e-04
2.081040520260129867e+00 1.674704315207533960e-04
2.121060530265132638e+00 1.684910968775459668e-04
2.161080540270134964e+00 1.695217052968748638e-04
2.201100550275137291e+00 1.705623920229430224e-04
2.241120560280140062e+00 1.716132946775973038e-04
2.281140570285142388e+00 1.726745533117402778e-04
2.321160580290145159e+00 1.737463104580636215e-04
2.361180590295147486e+00 1.748287111851421361e-04
2.401200600300149812e+00 1.759219031529301268e-04
2.441220610305152583e+00 1.770260366696995802e-04
2.481240620310154910e+00 1.781412647504674403e-04
2.521260630315157680e+00 1.792677431769538858e-04
2.561280640320160007e+00 1.804056305591194231e-04
2.601300650325162334e+00 1.815550883983300706e-04
2.641320660330165104e+00 1.827162811521972573e-04
2.681340670335167431e+00 1.838893763011490009e-04
2.721360680340170202e+00 1.850745444167804798e-04
2.761380690345172528e+00 1.862719592320430590e-04
2.801400700350174855e+00 1.874817977133281491e-04
2.841420710355177626e+00 1.887042401345037407e-04
2.881440720360179952e+00 1.899394701529668228e-04
2.921460730365182723e+00 1.911876748877749488e-04
2.961480740370185050e+00 1.924490449999214053e-04
3.001500750375187376e+00 1.937237747748244039e-04
3.041520760380190147e+00 1.950120622070994391e-04
3.081540770385192474e+00 1.963141090876886481e-04
3.121560780390194800e+00 1.976301210934236626e-04
3.161580790395197571e+00 1.989603078790993639e-04
3.201600800400199898e+00 2.003048831721419170e-04
3.241620810405202668e+00 2.016640648699546761e-04
3.281640820410204995e+00 2.030380751400300790e-04
3.321660830415207322e+00 2.044271405229188487e-04
3.361680840420210092e+00 2.058314920381509340e-04
3.401700850425212419e+00 2.072513652932061231e-04
3.441720860430215190e+00 2.086870005956362683e-04
3.481740870435217516e+00 2.101386430684453767e-04
3.521760880440219843e+00 2.116065427688366637e-04
3.561780890445222614e+00 2.130909548104397864e-04
3.601800900450224940e+00 2.145921394891393635e-04
3.641820910455227711e+00 2.161103624126232026e-04
3.681840920460230038e+00 2.176458946337830782e-04
3.721860930465232364e+00 2.191990127880967532e-04
3.761880940470235135e+00 2.207699992351302401e-04
3.801900950475237462e+00 2.223591422043050974e-04
3.841920960480240232e+00 2.239667359450776417e-04
3.881940970485242559e+00 2.255930808816861209e-04
3.921960980490244886e+00 2.272384837726265541e-04
3.961980990495247656e+00 2.289032578750254787e-04
4.002001000500250427e+00 2.305877231140825081e-04
4.042021010505252754e+00 2.322922062577656324e-04
4.082041020510255080e+00 2.340170410969472895e-04
4.122061030515257407e+00 2.357625686311772570e-04
4.162081040520259734e+00 2.375291372602978497e-04
4.202101050525262949e+00 2.393171029821139517e-04
4.242121060530265275e+00 2.411268295963396038e-04
4.282141070535267602e+00 2.429586889150524059e-04
4.322161080540269928e+00 2.448130609798967799e-04
4.362181090545272255e+00 2.466903342862861366e-04
4.402201100550274582e+00 2.485909060148672189e-04
4.442221110555277797e+00 2.505151822705168046e-04
4.482241120560280123e+00 2.524635783291572671e-04
4.522261130565282450e+00 2.544365188926867678e-04
4.562281140570284776e+00 2.564344383523327222e-04
4.602301150575287103e+00 2.584577810607523933e-04
4.642321160580290318e+00 2.605070016132166586e-04
4.682341170585292645e+00 2.625825651382289938e-04
4.722361180590294971e+00 2.646849475979462388e-04
4.762381190595297298e+00 2.668146360987848483e-04
4.802401200600299624e+00 2.689721292126133999e-04
4.842421210605302839e+00 2.711579373089485073e-04
4.882441220610305166e+00 2.733725828985915070e-04
4.922461230615307493e+00 2.756166009891644793e-04
4.962481240620309819e+00 2.778905394530207574e-04
5.002501250625312146e+00 2.801949594080311505e-04
5.042521260630315361e+00 2.825304356117666767e-04
5.082541270635317687e+00 2.848975568696265220e-04
5.122561280640320014e+00 2.872969264574801586e-04
5.162581290645322341e+00 2.897291625594258986e-04
5.202601300650324667e+00 2.921948987212877802e-04
5.242621310655327882e+00 2.946947843205123129e-04
5.282641320660330209e+00 2.972294850531470448e-04
5.322661330665332535e+00 2.997996834386269338e-04
5.362681340670334862e+00 3.024060793431166219e-04
5.402701350675337189e+00 3.050493905222046343e-04
5.442721360680340403e+00 3.077303531837795683e-04
5.482741370685342730e+00 3.104497225719510256e-04
5.522761380690345057e+00 3.132082735729373483e-04
5.562781390695347383e+00 3.160068013438716537e-04
5.602801400700349710e+00 3.188461219655314410e-04
5.642821410705352925e+00 3.217270731200513596e-04
5.682841420710355251e+00 3.246505147947215575e-04
5.722861430715357578e+00 3.276173300130412989e-04
5.762881440720359905e+00 3.306284255942464967e-04
5.802901450725362231e+00 3.336847329426011958e-04
5.842921460730365446e+00 3.367872088678002386e-04
5.882941470735367773e+00 3.399368364379096500e-04
5.922961480740370099e+00 3.431346258663373104e-04
5.962981490745372426e+00 3.463816154344087194e-04
6.003001500750374753e+00 3.496788724512046192e-04
6.043021510755377079e+00 3.530274942524045268e-04
6.083041520760380294e+00 3.564286092399759562e-04
6.123061530765382621e+00 3.598833779646403493e-04
6.163081540770384947e+00 3.633929942531625816e-04
6.203101550775387274e+00 3.669586863826084303e-04
6.243121560780389601e+00 3.705817183038442831e-04
6.283141570785392815e+00 3.742633909166691569e-04
6.323161580790395142e+00 3.780050433991045109e-04
6.363181590795397469e+00 3.818080545935107297e-04
6.403201600800399795e+00 3.856738444523430723e-04
6.443221610805402122e+00 3.896038755465226289e-04
6.483241620810405337e+00 3.935996546395654399e-04
6.523261630815407663e+00 3.976627343307930201e-04
6.563281640820409990e+00 4.017947147711364527e-04
6.603301650825412317e+00 4.059972454552530289e-04
6.643321660830414643e+00 4.102720270938879968e-04
6.683341670835417858e+00 4.146208135706463288e-04
6.723361680840420185e+00 4.190454139875847699e-04
6.763381690845422511e+00 4.235476948042981638e-04
6.803401700850424838e+00 4.281295820754492756e-04
6.843421710855427165e+00 4.327930637919975647e-04
6.883441720860430380e+00 4.375401923316923902e-04
6.923461730865432706e+00 4.423730870247444811e-04
6.963481740870435033e+00 4.472939368409456148e-04
7.003501750875437359e+00 4.523050032049042378e-04
7.043521760880439686e+00 4.574086229464711223e-04
7.083541770885442901e+00 4.626072113938832714e-04
7.123561780890445227e+00 4.679032656176217381e-04
7.163581790895447554e+00 4.732993678335008507e-04
7.203601800900449881e+00 4.787981889740398184e-04
7.243621810905452207e+00 4.844024924377659537e-04
7.283641820910455422e+00 4.901151380267214060e-04
7.323661830915457749e+00 4.959390860831189686e-04
7.363681840920460075e+00 5.018774018368279922e-04
7.403701850925462402e+00 5.079332599761312433e-04
7.443721860930464729e+00 5.141099494550507203e-04
7.483741870935467944e+00 5.204108785514291024e-04
7.523761880940470270e+00 5.268395801909221904e-04
7.563781890945472597e+00 5.333997175531041135e-04
7.603801900950474923e+00 5.400950899770137802e-04
7.643821910955477250e+00 5.469296391846669271e-04
7.683841920960480465e+00 5.539074558423875668e-04
7.723861930965482792e+00 5.610327864811958613e-04
7.763881940970485118e+00 5.683100407990349795e-04
7.803901950975487445e+00 5.757437993692405935e-04
7.843921960980489771e+00 5.833388217814559039e-04
7.883941970985492098e+00 5.911000552430952567e-04
7.923961980990495313e+00 5.990326436715623327e-04
7.963981990995497640e+00 6.071419373096587687e-04
8.004002001000500854e+00 6.154335028990847627e-04
8.044022011005502293e+00 6.239131344495599122e-04
8.084042021010505508e+00 6.325868646439883293e-04
8.124062031015506946e+00 6.414609769231910527e-04
8.164082041020510161e+00 6.505420182971448795e-04
8.204102051025513376e+00 6.598368129333315613e-04
8.244122061030514814e+00 6.693524765768422372e-04
8.284142071035518029e+00 6.790964318612301718e-04
8.324162081040519467e+00 6.890764245738846766e-04
8.364182091045522682e+00 6.993005409448996897e-04
8.404202101050525897e+00 7.097772260340688266e-04
8.444222111055527336e+00 7.205153032968562941e-04
8.484242121060530550e+00 7.315239954169604295e-04
8.524262131065531989e+00 7.428129465004915111e-04
8.564282141070535204e+00 7.543922457349321823e-04
8.604302151075536642e+00 7.662724526249168472e-04
8.644322161080539857e+00 7.784646239266585811e-04
8.684342171085543072e+00 7.909803424135407107e-04
8.724362181090544510e+00 8.038317476171927311e-04
8.764382191095547725e+00 8.170315687013157127e-04
8.804402201100549163e+00 8.305931596397686566e-04
8.844422211105552378e+00 8.445305368861731263e-04
8.884442221110555593e+00 8.588584197395881343e-04
8.924462231115557032e+00 8.735922736299819207e-04
8.964482241120560246e+00 8.887483565683429627e-04
9.004502251125561685e+00 9.043437690296838444e-04
9.044522261130564900e+00 9.203965075631170530e-04
9.084542271135568114e+00 9.369255224518617401e-04
9.124562281140569553e+00 9.539507797779720778e-04
9.164582291145572768e+00 9.714933282819577468e-04
9.204602301150574206e+00 9.895753714468694898e-04
9.244622311155577421e+00 1.008220345280311930e-03
9.284642321160580636e+00 1.027453002316714749e-03
9.324662331165582074e+00 1.047299502416828643e-03
9.364682341170585289e+00 1.067787511002394208e-03
9.404702351175586728e+00 1.088946305432207879e-03
9.444722361180589942e+00 1.110806890302320788e-03
9.484742371185593157e+00 1.133402122538893896e-03
9.524762381190594596e+00 1.156766847248676209e-03
9.564782391195597810e+00 1.180938045400506571e-03
9.604802401200599249e+00 1.205954994533415224e-03
9.644822411205602464e+00 1.231859443824776055e-03
9.684842421210605679e+00 1.258695805007647127e-03
9.724862431215607117e+00 1.286511360802706453e-03
9.764882441220610332e+00 1.315356492729870741e-03
9.804902451225611770e+00 1.345284930391376981e-03
9.844922461230614985e+00 1.376354024575878431e-03
9.884942471235618200e+00 1.408625046826566000e-03
9.924962481240619638e+00 1.442163518451251326e-03
9.964982491245622853e+00 1.477039572334961628e-03
1.000500250125062429e+01 1.513328351353704793e-03
1.004502251125562751e+01 1.551110447690653071e-03
1.008504252126063072e+01 1.590472387933334437e-03
1.012506253126563216e+01 1.631507169495505878e-03
1.016508254127063537e+01 1.674314854674446330e-03
1.020510255127563681e+01 1.719003229541411900e-03
1.024512256128064003e+01 1.765688535890702323e-03
1.028514257128564324e+01 1.814496285665982917e-03
1.032516258129064468e+01 1.865562168671348886e-03
1.036518259129564790e+01 1.919033065994499906e-03
1.040520260130064933e+01 1.975068183463659591e-03
1.044522261130565255e+01 2.033840321680341953e-03
1.048524262131065576e+01 2.095537301779401996e-03
1.052526263131565720e+01 2.160363569142621266e-03
1.056528264132066042e+01 2.228542000924765062e-03
1.060530265132566186e+01 2.300315947555237658e-03
1.064532266133066507e+01 2.375951543493159176e-03
1.068534267133566829e+01 2.455740328609342521e-03
1.072536268134066972e+01 2.540002228856703091e-03
1.076538269134567294e+01 2.629088953631801475e-03
1.080540270135067438e+01 2.723387877749481028e-03
1.084542271135567759e+01 2.823326488655683759e-03
1.088544272136068081e+01 2.929377494898167521e-03
1.092546273136568225e+01 3.042064710601878694e-03
1.096548274137068546e+01 3.161969853563509954e-03
1.100550275137568690e+01 3.289740422616800261e-03
1.104552276138069011e+01 3.426098854438579602e-03
1.108554277138569333e+01 3.571853202647808524e-03
1.112556278139069477e+01 3.727909635066982679e-03
1.116558279139569798e+01 3.895287111179065835e-03
1.120560280140069942e+01 4.075134684790693990e-03
1.124562281140570263e+01 4.268751981511039427e-03
1.128564282141070585e+01 4.477613533214830875e-03
1.132566283141570729e+01 4.703397820595380495e-03
1.136568284142071050e+01 4.948022091472203780e-03
1.140570285142571194e+01 5.213684301826654495e-03
1.144572286143071516e+01 5.502913889095848061e-03
1.148574287143571837e+01 5.818633561041999455e-03
1.152576288144071981e+01 6.164234907035423539e-03
1.156578289144572302e+01 6.543671465254308206e-03
1.160580290145072446e+01 6.961573983844961643e-03
1.164582291145572768e+01 7.423394102004288522e-03
1.168584292146073089e+01 7.935584698582453037e-03
1.172586293146573233e+01 8.505827927511470932e-03
1.176588294147073555e+01 9.143325795677505544e-03
1.180590295147573698e+01 9.859173501945914242e-03
1.184592296148074020e+01 1.066684333258295474e-02
1.188594297148574341e+01 1.158281773023276708e-02
1.192596298149074485e+01 1.262742579010952930e-02
1.196598299149574807e+01 1.382596030311160178e-02
1.200600300150074951e+01 1.521018632274801635e-02
1.204602301150575272e+01 1.682040300964021684e-02
1.208604302151075416e+01 1.870829765152519711e-02
1.212606303151575737e+01 2.094094946696751017e-02
1.216608304152076059e+01 2.360652568709496399e-02
1.220610305152576203e+01 2.682250335218156270e-02
1.224612306153076524e+01 3.074771124002145806e-02
1.228614307153576668e+01 3.560021671506746060e-02
1.232616308154076989e+01 4.168422346066357614e-02
1.236618309154577311e+01 4.943085117158725617e-02
1.240620310155077455e+01 5.945991161724980406e-02
1.244622311155577776e+01 7.267158681452950963e-02
1.248624312156077920e+01 9.037346004285723433e-02
1.252626313156578242e+01 1.144216122523539353e-01
1.256628314157078563e+01 1.472455124568064766e-01
1.260630315157578707e+01 1.912785501389974441e-01
1.264632316158079028e+01 2.465237569108587878e-01
1.268634317158579172e+01 3.046438111032016560e-01
1.272636318159079494e+01 3.436694661540707907e-01
1.276638319159579815e+01 3.405166222980636204e-01
1.280640320160079959e+01 2.982920937291321239e-01
1.284642321160580281e+01 2.422374101982923411e-01
1.288644322161080424e+01 1.921718215469396251e-01
1.292646323161580746e+01 1.546198828902991262e-01
1.296648324162081067e+01 1.291841604488433437e-01
1.300650325162581211e+01 1.136705461346873419e-01
1.304652326163081533e+01 1.055791191391531741e-01
1.308654327163581677e+01 1.015302963158462302e-01
1.312656328164081998e+01 9.672742419193754160e-02
1.316658329164582319e+01 8.745783987212683852e-02
1.320660330165082463e+01 7.457946311263395633e-02
1.324662331165582785e+01 6.152453946116440836e-02
1.328664332166082929e+01 5.045863476152821769e-02
1.332666333166583250e+01 4.178519698177035613e-02
1.336668334167083572e+01 3.514217815521790411e-02
1.340670335167583715e+01 3.004164687117934912e-02
1.344672336168084037e+01 2.607583041519043535e-02
1.348674337168584181e+01 2.294417328024956834e-02
1.352676338169084502e+01 2.043320830522590836e-02
1.356678339169584824e+01 1.839195382022277073e-02
1.360680340170084968e+01 1.671262861442246797e-02
1.364682341170585289e+01 1.531716538828730399e-02
1.368684342171085433e+01 1.414810614924332313e-02
1.372686343171585754e+01 1.316249220566455963e-02
1.376688344172086076e+01 1.232773632317277560e-02
1.380690345172586220e+01 1.161879974973453224e-02
1.384692346173086541e+01 1.101623379122843548e-02
1.388694347173586685e+01 1.050480119678255664e-02
1.392696348174087007e+01 1.007249224676124745e-02
1.396698349174587328e+01 9.709813977691338777e-03
1.400700350175087472e+01 9.409271739139541540e-03
1.404702351175587793e+01 9.164988718851933489e-03
1.408704352176087937e+01 8.972426475391634404e-03
1.412706353176588259e+01 8.828181171575253186e-03
1.416708354177088580e+01 8.729838170411261672e-03
1.420710355177588724e+01 8.675873249248877359e-03
1.424712356178089045e+01 8.665592757558959747e-03
1.428714357178589189e+01 8.699108157062427835e-03
1.432716358179089511e+01 8.777342937505002926e-03
1.436718359179589832e+01 8.902072197606624229e-03
1.440720360180089976e+01 9.075997472372331065e-03
1.444722361180590298e+01 9.302861922277146089e-03
1.448724362181090441e+01 9.587614055174198055e-03
1.452726363181590763e+01 9.936632080406309145e-03
1.456728364182091084e+01 1.035802627941186278e-02
1.460730365182591228e+01 1.086204411398109665e-02
1.464732366183091550e+01 1.146161321736915116e-02
1.468734367183591694e+01 1.217307249855894245e-02
1.472736368184092015e+01 1.301716376968448802e-02
1.476738369184592337e+01 1.402038939768682733e-02
1.480740370185092480e+01 1.521689154417709550e-02
1.484742371185592802e+01 1.665108531715928444e-02
1.488744372186092946e+01 1.838139734034538800e-02
1.492746373186593267e+01 2.048564835083503677e-02
1.496748374187093589e+01 2.306891455557657719e-02
1.500750375187593733e+01 2.627517221546544698e-02
1.504752376188094054e+01 3.030476830811227804e-02
1.508754377188594198e+01 3.544088242669769795e-02
1.512756378189094519e+01 4.208969643902679691e-02
1.516758379189594841e+01 5.084054691155122374e-02
1.520760380190094985e+01 6.255153843492057553e-02
1.524762381190595306e+01 7.845362850897036333e-02
1.528764382191095450e+01 1.002104197054168172e-01
1.532766383191595772e+01 1.296812614071538305e-01
1.536768384192096093e+01 1.676472372730553606e-01
1.540770385192596237e+01 2.102137761557976436e-01
1.544772386193096558e+01 2.439329036443685650e-01
1.548774387193596702e+01 2.500944694675470981e-01
1.552776388194097024e+01 2.244918620715296298e-01
1.556778389194597167e+01 1.830936946564233891e-01
1.560780390195097489e+01 1.427060226569599743e-01
1.564782391195597810e+01 1.102320328278669076e-01
1.568784392196097954e+01 8.600690614754687158e-02
1.572786393196598276e+01 6.832123158653288786e-02
1.576788394197098420e+01 5.538414866741920434e-02
1.580790395197598741e+01 4.581089033704323354e-02
1.584792396198099063e+01 3.862330338291560666e-02
1.588794397198599206e+01 3.314892767701661108e-02
1.592796398199099528e+01 2.892657901907589452e-02
1.596798399199599672e+01 2.563754249247896660e-02
1.600800400200100171e+01 2.305912455074719467e-02
1.604802401200600315e+01 2.103406324100361505e-02
1.608804402201100459e+01 1.945047805490676684e-02
1.612806403201600602e+01 1.822869929215809731e-02
1.616808404202101102e+01 1.731260599025025507e-02
1.620810405202601245e+01 1.666397579818816241e-02
1.624812406203101389e+01 1.625892026971668264e-02
1.628814407203601888e+01 1.608585335097465624e-02
1.632816408204102032e+01 1.614469912716987032e-02
1.636818409204602176e+01 1.644724337202053965e-02
1.640820410205102675e+01 1.701871482028980906e-02
1.644822411205602819e+01 1.790088510085612039e-02
1.648824412206102963e+01 1.915724426741248834e-02
1.652826413206603107e+01 2.088119695047934571e-02
1.656828414207103606e+01 2.320879956874517119e-02
1.660830415207603750e+01 2.633837065057914942e-02
1.664832416208103893e+01 3.056023409297567786e-02
1.668834417208604393e+01 3.630003159870405505e-02
1.672836418209104536e+01 4.417483796396434736e-02
1.676838419209604680e+01 5.503995502676185120e-02
1.680840420210105179e+01 6.992702785827280276e-02
1.684842421210605323e+01 8.955610929589664926e-02
1.688844422211105467e+01 1.127487027753603932e-01
1.692846423211605611e+01 1.336217031557125345e-01
1.696848424212106110e+01 1.417609972608468438e-01
1.700850425212606254e+01 1.316330816227118117e-01
1.704852426213106398e+01 1.098439412925008990e-01
1.708854427213606897e+01 8.661610721997517470e-02
1.712856428214107041e+01 6.723495369370718899e-02
1.716858429214607185e+01 5.256069542919671045e-02
1.720860430215107328e+01 4.179037360667660350e-02
1.724862431215607828e+01 3.389658933400709062e-02
1.728864432216107971e+01 2.804591444481585247e-02
1.732866433216608115e+01 2.364011993606203801e-02
1.736868434217108614e+01 2.026579250996142154e-02
1.740870435217608758e+01 1.763899589892038364e-02
1.744872436218108902e+01 1.556329243863942800e-02
1.748874437218609401e+01 1.390099789572710881e-02
1.752876438219109545e+01 1.255413554413192800e-02
1.756878439219609689e+01 1.145189555834865563e-02
1.760880440220109833e+01 1.054233204020527809e-02
1.764882441220610332e+01 9.786805417118179390e-03
1.768884442221110476e+01 9.156213082650429755e-03
1.772886443221610620e+01 8.628397394586841823e-03
1.776888444222111119e+01 8.186339300291178150e-03
1.780890445222611262e+01 7.816884068556864684e-03
1.784892446223111406e+01 7.509833247124203526e-03
1.788894447223611905e+01 7.257293130681685689e-03
1.792896448224112049e+01 7.053206535745306857e-03
1.796898449224612193e+01 6.893018850559679001e-03
1.800900450225112337e+01 6.773445728572549847e-03
1.804902451225612836e+01 6.692321332016124870e-03
1.808904452226112980e+01 6.648514625905825766e-03
1.812906453226613124e+01 6.641908221591181355e-03
1.816908454227113623e+01 6.673440736683944850e-03
1.820910455227613767e+01 6.745220570852924515e-03
1.824912456228113911e+01 6.860727529751670974e-03
1.828914457228614410e+01 7.025130383965598121e-03
1.832916458229114554e+01 7.245765484321885913e-03
1.836918459229614697e+01 7.532847495357286073e-03
1.840920460230114841e+01 7.900523757841091538e-03
1.844922461230615340e+01 8.368447554211681100e-03
1.848924462231115484e+01 8.964145765292282422e-03
1.852926463231615628e+01 9.726609870667722590e-03
1.856928464232116127e+01 1.071175663601971369e-02
1.860930465232616271e+01 1.200064532442945975e-02
1.864932466233116415e+01 1.371133764007086142e-02
1.868934467233616914e+01 1.601396389967923301e-02
1.872936468234117058e+01 1.914215320354081123e-02
1.876938469234617202e+01 2.337129841973448197e-02
1.880940470235117346e+01 2.887188261942586279e-02
1.884942471235617845e+01 3.525431994174983014e-02
1.888944472236117988e+01 4.082504298998058251e-02
1.892946473236618132e+01 4.280959547896329848e-02
1.896948474237118631e+01 4.001291400583911750e-02
1.900950475237618775e+01 3.440891358427563412e-02
1.904952476238118919e+01 2.864271110178030766e-02
1.908954477238619418e+01 2.398415535669507631e-02
1.912956478239119562e+01 2.060002430529931164e-02
1.916958479239619706e+01 1.826783181604039324e-02
1.920960480240119850e+01 1.672433781741385073e-02
1.924962481240620349e+01 1.576214419462863489e-02
1.928964482241120493e+01 1.523677585436967324e-02
1.932966483241620637e+01 1.505306210708852108e-02
1.936968484242121136e+01 1.515116929408162789e-02
1.940970485242621280e+01 1.549640031586159428e-02
1.944972486243121423e+01 1.607260165573394517e-02
1.948974487243621923e+01 1.687829522613972302e-02
1.952976488244122066e+01 1.792480216222081327e-02
1.956978489244622210e+01 1.923591143543043266e-02
1.960980490245122354e+01 2.084890640070471285e-02
1.964982491245622853e+01 2.281699116876678701e-02
1.968984492246122997e+01 2.521338881734317208e-02
1.972986493246623141e+01 2.813766053348270429e-02
1.976988494247123640e+01 3.172517846284361037e-02
1.980990495247623784e+01 3.616125980666310552e-02
1.984992496248123928e+01 4.170235953420354386e-02
1.988994497248624427e+01 4.870809629813717401e-02
1.992996498249124571e+01 5.768993499589575302e-02
1.996998499249624714e+01 6.938503517802181719e-02
2.001000500250124858e+01 8.486589208450376343e-02
2.005002501250625357e+01 1.056921347138586875e-01
2.009004502251125501e+01 1.340783717207703618e-01
2.013006503251625645e+01 1.729200218050730986e-01
2.017008504252126144e+01 2.250988189222857538e-01
2.021010505252626288e+01 2.905370571501580401e-01
2.025012506253126432e+01 3.590854104644773392e-01
2.029014507253626931e+01 4.042666704138238587e-01
2.033016508254127075e+01 3.985183479705428633e-01
2.037018509254627219e+01 3.457828861347613247e-01
2.041020510255127363e+01 2.761740592242721837e-01
2.045022511255627862e+01 2.130162715230868586e-01
2.049024512256128006e+01 1.636540635705207858e-01
2.053026513256628149e+01 1.271300399404566850e-01
2.057028514257128649e+01 1.004257313882430808e-01
2.061030515257628792e+01 8.076565353211830056e-02
2.065032516258128936e+01 6.607934688747077456e-02
2.069034517258629080e+01 5.491983098318454354e-02
2.073036518259129579e+01 4.629297475197974299e-02
2.077038519259629723e+01 3.951396333978994535e-02
2.081040520260129867e+01 3.410576013448769761e-02
2.085042521260630366e+01 2.973115063026576105e-02
2.089044522261130510e+01 2.614795988464805807e-02
2.093046523261630654e+01 2.317949929756970423e-02
2.097048524262131153e+01 2.069488405558212243e-02
2.101050525262631297e+01 1.859575669877954265e-02
2.105052526263131440e+01 1.680720389258738220e-02
2.109054527263631584e+01 1.527145089650654847e-02
2.113056528264132083e+01 1.394342097985011401e-02
2.117058529264632227e+01 1.278756454104160514e-02
2.121060530265132371e+01 1.177556474695255935e-02
2.125062531265632870e+01 1.088465648630875839e-02
2.129064532266133014e+01 1.009638006794849954e-02
2.133066533266633158e+01 9.395646917591433944e-03
2.137068534267133657e+01 8.770031823369819554e-03
2.141070535267633801e+01 8.209231517780191112e-03
2.145072536268133945e+01 7.704646673185659017e-03
2.149074537268634089e+01 7.249056374250183177e-03
2.153076538269134588e+01 6.836362535599545091e-03
2.157078539269634732e+01 6.461387691114517905e-03
2.161080540270134875e+01 6.119713848884491929e-03
2.165082541270635375e+01 5.807553192936945087e-03
2.169084542271135518e+01 5.521643667027977681e-03
2.173086543271635662e+01 5.259164136514339095e-03
2.177088544272136161e+01 5.017665058283661897e-03
2.181090545272636305e+01 4.795011513001443473e-03
2.185092546273136449e+01 4.589336151598999262e-03
2.189094547273636593e+01 4.399000138405310782e-03
2.193096548274137092e+01 4.222560579502917209e-03
2.197098549274637236e+01 4.058743237966958711e-03
2.201100550275137380e+01 3.906419580500394666e-03
2.205102551275637879e+01 3.764587389506146749e-03
2.209104552276138023e+01 3.632354323405599140e-03
2.213106553276638166e+01 3.508923925438250935e-03
2.217108554277138666e+01 3.393583674356001091e-03
2.221110555277638809e+01 3.285694744740336702e-03
2.225112556278138953e+01 3.184683204231062836e-03
2.229114557278639097e+01 3.090032422914697988e-03
2.233116558279139596e+01 3.001276508912011261e-03
2.237118559279639740e+01 2.917994615717335333e-03
2.241120560280139884e+01 2.839805992548758828e-03
2.245122561280640383e+01 2.766365670023425427e-03
2.249124562281140527e+01 2.697360690783699982e-03
2.253126563281640671e+01 2.632506808988007829e-03
2.257128564282141170e+01 2.571545594415343937e-03
2.261130565282641314e+01 2.514241886770714109e-03
2.265132566283141458e+01 2.460381553985529525e-03
2.269134567283641601e+01 2.409769515176128293e-03
2.273136568284142101e+01 2.362227994692043306e-03
2.277138569284642244e+01 2.317594978546327379e-03
2.281140570285142388e+01 2.275722848629251061e-03
2.285142571285642887e+01 2.236477173592299559e-03
2.289144572286143031e+01 2.199735638256040873e-03
2.293146573286643175e+01 2.165387095929680386e-03
2.297148574287143674e+01 2.133330730203163682e-03
2.301150575287643818e+01 2.103475314643466713e-03
2.305152576288143962e+01 2.075738560444521669e-03
2.309154577288644106e+01 2.050046543486489133e-03
2.313156578289144605e+01 2.026333203488877178e-03
2.317158579289644749e+01 2.004539909023264708e-03
2.321160580290144893e+01 1.984615083109553431e-03
2.325162581290645392e+01 1.966513884976592904e-03
2.329164582291145535e+01 1.950197944342079012e-03
2.333166583291645679e+01 1.935635145274250098e-03
2.337168584292146178e+01 1.922799457353935098e-03
2.341170585292646322e+01 1.911670812472818703e-03
2.345172586293146466e+01 1.902235026195192233e-03
2.349174587293646610e+01 1.894483763187391730e-03
2.353176588294147109e+01 1.888414546793256875e-03
2.357178589294647253e+01 1.884030813416774771e-03
2.361180590295147397e+01 1.881342012976603556e-03
2.365182591295647896e+01 1.880363757334223025e-03
2.369184592296148040e+01 1.881118019281727239e-03
2.373186593296648184e+01 1.883633385422514225e-03
2.377188594297148683e+01 1.887945367105754247e-03
2.381190595297648827e+01 1.894096774503937824e-03
2.385192596298148970e+01 1.902138159975855312e-03
2.389194597298649114e+01 1.912128338063144670e-03
2.393196598299149613e+01 1.924134990860758114e-03
2.397198599299649757e+01 1.938235369120816769e-03
2.401200600300149901e+01 1.954517101344485988e-03
2.405202601300650400e+01 1.973079125347496250e-03
2.409204602301150544e+01 1.994032759425187415e-03
2.413206603301650688e+01 2.017502933383079605e-03
2.417208604302150832e+01 2.043629603450801413e-03
2.421210605302651331e+01 2.072569379600684453e-03
2.425212606303151475e+01 2.104497399221679898e-03
2.429214607303651619e+01 2.139609487674399343e-03
2.433216608304152118e+01 2.178124654251119459e-03
2.437218609304652261e+01 2.220287981838475581e-03
2.441220610305152405e+01 2.266373980580230207e-03
2.445222611305652904e+01 2.316690490641451668e-03
2.449224612306153048e+01 2.371583237531131073e-03
2.453226613306653192e+01 2.431441166319297641e-03
2.457228614307153336e+01 2.496702709758130256e-03
2.461230615307653835e+01 2.567863181459640806e-03
2.465232616308153979e+01 2.645483531116790861e-03
2.469234617308654123e+01 2.730200757250536049e-03
2.473236618309154622e+01 2.822740348123427886e-03
2.477238619309654766e+01 2.923931218716663543e-03
2.481240620310154910e+01 3.034723738470389461e-03
2.485242621310655409e+01 3.156211611138008601e-03
2.489244622311155553e+01 3.289658588992278119e-03
2.493246623311655696e+01 3.436531299043042980e-03
2.497248624312155840e+01 3.598539857835390387e-03
2.501250625312656339e+01 3.777688495556551489e-03
2.505252626313156483e+01 3.976339160548255855e-03
2.509254627313656627e+01 4.197292121985648182e-03
2.513256628314157126e+01 4.443889066280336600e-03
2.517258629314657270e+01 4.720146296162738148e-03
2.521260630315157414e+01 5.030928704530251462e-03
2.525262631315657913e+01 5.382179696801620700e-03
2.529264632316158057e+01 5.781228945171737119e-03
2.533266633316658201e+01 6.237209998663541255e-03
2.537268634317158345e+01 6.761635297607955855e-03
2.541270635317658844e+01 7.369200160623736763e-03
2.545272636318158987e+01 8.078924681332163779e-03
2.549274637318659131e+01 8.915800342134140230e-03
2.553276638319159630e+01 9.913195431978582758e-03
2.557278639319659774e+01 1.111639488913147324e-02
2.561280640320159918e+01 1.258778057965024774e-02
2.565282641320660417e+01 1.441414375036386385e-02
2.569284642321160561e+01 1.671584750473057573e-02
2.573286643321660705e+01 1.965392981878534909e-02
2.577288644322160849e+01 2.341880960785195157e-02
2.581290645322661348e+01 2.815266184887236373e-02
2.585292646323161492e+01 3.372555903475513844e-02
2.589294647323661636e+01 3.945108674004935839e-02
2.593296648324162135e+01 4.443371569841688545e-02
2.597298649324662279e+01 4.887580867953792568e-02
2.601300650325162422e+01 5.440653938892679037e-02
2.605302651325662922e+01 6.291199684560790095e-02
2.609304652326163065e+01 7.597423134056785488e-02
2.613306653326663209e+01 9.502236406742839425e-02
2.617308654327163353e+01 1.209626243696332593e-01
2.621310655327663852e+01 1.521591801605096939e-01
2.625312656328163996e+01 1.806161468008672111e-01
2.629314657328664140e+01 1.920105826998621812e-01
2.633316658329164639e+01 1.783847229752719143e-01
2.637318659329664783e+01 1.484930827087225791e-01
2.641320660330164927e+01 1.164243696278035450e-01
2.645322661330665426e+01 8.959308884875404055e-02
2.649324662331165570e+01 6.925747384490771319e-02
2.653326663331665713e+01 5.432896725228553853e-02
2.657328664332165857e+01 4.338901185944536720e-02
2.661330665332666356e+01 3.528210364185904724e-02
2.665332666333166500e+01 2.917754255519219506e-02
2.669334667333666644e+01 2.450085336030181221e-02
2.673336668334167143e+01 2.085731045485542459e-02
2.677338669334667287e+01 1.797371984564923031e-02
2.681340670335167431e+01 1.565850028103249469e-02
2.685342671335667930e+01 1.377521724312866062e-02
2.689344672336168074e+01 1.222514973730780795e-02
2.693346673336668218e+01 1.093574341434527461e-02
2.697348674337168362e+01 9.852877253533780244e-03
2.701350675337668861e+01 8.935613592446461917e-03
2.705352676338169005e+01 8.152582106447104834e-03
2.709354677338669148e+01 7.479452709484990004e-03
2.713356678339169648e+01 6.897144222568262449e-03
2.717358679339669791e+01 6.390537192655848693e-03
2.721360680340169935e+01 5.947536944718136848e-03
2.725362681340670434e+01 5.558383200640359435e-03
2.729364682341170578e+01 5.215135508492631765e-03
2.733366683341670722e+01 4.911285558910941443e-03
2.737368684342170866e+01 4.641462137630742585e-03
2.741370685342671365e+01 4.401204448168375381e-03
2.745372686343171509e+01 4.186786417016507764e-03
2.749374687343671653e+01 3.995079387869443499e-03
2.753376688344172152e+01 3.823443990548540481e-03
2.757378689344672296e+01 3.669644377747863489e-03
2.761380690345172439e+01 3.531779755527812269e-03
2.765382691345672583e+01 3.408229392962147664e-03
2.769384692346173082e+01 3.297608220405707190e-03
2.773386693346673226e+01 3.198730809972589757e-03
2.777388694347173370e+01 3.110582042761328957e-03
2.781390695347673869e+01 3.032293152283421257e-03
2.785392696348174013e+01 2.963122126056933446e-03
2.789394697348674157e+01 2.902437671613369418e-03
2.793396698349174656e+01 2.849706126818039604e-03
2.797398699349674800e+01 2.804480830336294334e-03
2.801400700350174944e+01 2.766393575889575414e-03
2.805402701350675088e+01 2.735147860875226846e-03
2.809404702351175587e+01 2.710513711539141741e-03
2.813406703351675731e+01 2.692323927590746339e-03
2.817408704352175874e+01 2.680471642551353513e-03
2.821410705352676374e+01 2.674909145370615773e-03
2.825412706353176517e+01 2.675647956863428951e-03
2.829414707353676661e+01 2.682760204293227480e-03
2.833416708354177160e+01 2.696381392267464469e-03
2.837418709354677304e+01 2.716714731996035682e-03
2.841420710355177448e+01 2.744037268988546233e-03
2.845422711355677592e+01 2.778708148270584571e-03
2.849424712356178091e+01 2.821179485683051984e-03
2.853426713356678235e+01 2.872010487327038026e-03
2.857428714357178379e+01 2.931885696402349809e-03
2.861430715357678878e+01 3.001638576634357066e-03
2.865432716358179022e+01 3.082282107814794843e-03
2.869434717358679165e+01 3.175048738078424092e-03
2.873436718359179665e+01 3.281443011791925716e-03
2.877438719359679808e+01 3.403311631350742529e-03
2.881440720360179952e+01 3.542937868863395637e-03
2.885442721360680096e+01 3.703170524311431063e-03
2.889444722361180595e+01 3.887602682485478273e-03
2.893446723361680739e+01 4.100823406114055547e-03
2.897448724362180883e+01 4.348777910749824366e-03
2.901450725362681382e+01 4.639291350907562804e-03
2.905452726363181526e+01 4.982841984772389508e-03
2.909454727363681670e+01 5.393715807178646286e-03
2.913456728364182169e+01 5.891738240690464617e-03
2.917458729364682313e+01 6.504840633617512205e-03
2.921460730365182457e+01 7.272679271285901505e-03
2.925462731365682600e+01 8.250988007880084504e-03
2.929464732366183100e+01 9.513982126284445395e-03
2.933466733366683243e+01 1.114418111570289645e-02
2.937468734367183387e+01 1.317897621346522316e-02
2.941470735367683886e+01 1.546321772922423440e-02
2.945472736368184030e+01 1.746199223798812830e-02
2.949474737368684174e+01 1.846724382123742653e-02
2.953476738369184673e+01 1.839271314012702607e-02
2.957478739369684817e+01 1.793633396662972640e-02
2.961480740370184961e+01 1.780271572111265937e-02
2.965482741370685105e+01 1.832283135974172375e-02
2.969484742371185604e+01 1.960855623691682564e-02
2.973486743371685748e+01 2.174057668255700501e-02
2.977488744372185892e+01 2.486241509827281232e-02
2.981490745372686391e+01 2.922935766835289134e-02
2.985492746373186534e+01 3.525367117470444567e-02
2.989494747373686678e+01 4.356006386970750349e-02
2.993496748374187177e+01 5.503345422509869911e-02
2.997498749374687321e+01 7.075943210977359010e-02
3.001500750375187465e+01 9.153298899960389534e-02
3.005502751375687609e+01 1.162307351032613595e-01
3.009504752376188108e+01 1.388374272095974915e-01
3.013506753376688252e+01 1.483342022629620949e-01
3.017508754377188396e+01 1.383730764015918269e-01
3.021510755377688895e+01 1.155516640011835794e-01
3.025512756378189039e+01 9.083971780685537456e-02
3.029514757378689183e+01 7.010681440418459198e-02
3.033516758379189682e+01 5.439524169329750664e-02
3.037518759379689826e+01 4.288218282131558978e-02
3.041520760380189969e+01 3.447132513843283175e-02
3.045522761380690113e+01 2.826593490168725561e-02
3.049524762381190612e+01 2.362086710038460366e-02
3.053526763381690756e+01 2.009028652244758753e-02
3.057528764382190900e+01 1.736839182503167184e-02
3.061530765382691399e+01 1.524414207856259265e-02
3.065532766383191543e+01 1.357019764864146778e-02
3.069534767383691687e+01 1.224234562983589694e-02
3.073536768384192186e+01 1.118597650175979889e-02
3.077538769384692330e+01 1.034716342552100161e-02
3.081540770385192474e+01 9.686732174010630539e-03
3.085542771385692618e+01 9.176290256601393053e-03
3.089544772386193117e+01 8.795561197221055810e-03
3.093546773386693260e+01 8.530610648735630422e-03
3.097548774387193404e+01 8.372705386005631356e-03
3.101550775387693903e+01 8.317647834728519873e-03
3.105552776388194047e+01 8.365499479116947704e-03
3.109554777388694191e+01 8.520660814405695005e-03
3.113556778389194335e+01 8.792324181922580098e-03
3.117558779389694834e+01 9.195368271123887868e-03
3.121560780390194978e+01 9.751829695814746152e-03
3.125562781390695122e+01 1.049318168834528255e-02
3.129564782391195621e+01 1.146379296103270523e-02
3.133566783391695765e+01 1.272616171842530855e-02
3.137568784392195909e+01 1.436886380260347755e-02
3.141570785392696408e+01 1.651866751112557319e-02
3.145572786393196552e+01 1.935894824850738563e-02
3.149574787393696695e+01 2.315710514433794165e-02
3.153576788394196839e+01 2.830276307703795055e-02
3.157578789394697338e+01 3.535092399126545798e-02
3.161580790395197482e+01 4.503275952548391886e-02
3.165582791395697626e+01 5.809522087190159556e-02
3.169584792396198125e+01 7.459417044053184842e-02
3.173586793396698269e+01 9.213385015310315840e-02
3.177588794397198413e+01 1.041510895140576182e-01
3.181590795397698912e+01 1.033950482861894782e-01
3.185592796398199056e+01 9.034617861445599918e-02
3.189594797398699200e+01 7.256491927938421571e-02
3.193596798399199344e+01 5.622891508862547932e-02
3.197598799399699843e+01 4.339173050744501298e-02
3.201600800400200342e+01 3.387092090172205000e-02
3.205602801400700486e+01 2.690213095132153176e-02
3.209604802401200629e+01 2.176787147339828352e-02
3.213606803401700773e+01 1.792964943889197721e-02
3.217608804402200917e+01 1.501039361880234478e-02
3.221610805402701061e+01 1.275094489858363302e-02
3.225612806403201205e+01 1.097283062966747380e-02
3.229614807403702059e+01 9.551797029661938596e-03
3.233616808404202203e+01 8.400066178401360828e-03
3.237618809404702347e+01 7.454640143132695157e-03
3.241620810405202491e+01 6.669585033344090086e-03
3.245622811405702635e+01 6.010895321003328559e-03
3.249624812406202778e+01 5.453032359418686671e-03
3.253626813406702922e+01 4.976558264385481239e-03
3.257628814407203777e+01 4.566495042678032391e-03
3.261630815407703921e+01 4.211170491263071212e-03
3.265632816408204064e+01 3.901395529776857142e-03
3.269634817408704208e+01 3.629870555953561718e-03
3.273636818409204352e+01 3.390752508008009706e-03
3.277638819409704496e+01 3.179336612378546364e-03
3.281640820410205350e+01 2.991821655722500580e-03
3.285642821410705494e+01 2.825137782854511385e-03
3.289644822411205638e+01 2.676822990217459820e-03
3.293646823411705782e+01 2.544939547365403405e-03
3.297648824412205926e+01 2.428024245310797264e-03
3.301650825412706070e+01 2.325063279861190255e-03
3.305652826413206213e+01 2.235461255963951208e-03
3.309654827413707068e+01 2.158898791468858141e-03
3.313656828414207212e+01 2.094785878695632365e-03
3.317658829414707355e+01 2.040851576384866695e-03
3.321660830415207499e+01 1.991474027194273765e-03
3.325662831415707643e+01 1.939843953258454717e-03
3.329664832416207787e+01 1.885236395617731486e-03
3.333666833416707931e+01 1.833940882238563287e-03
3.337668834417208785e+01 1.792096000315845407e-03
3.341670835417708929e+01 1.762548450915851815e-03
3.345672836418209073e+01 1.746355054981114496e-03
3.349674837418709217e+01 1.744447090289087503e-03
3.353676838419209361e+01 1.758442470907889106e-03
3.357678839419709504e+01 1.791064397302298463e-03
3.361680840420210359e+01 1.846545219210893578e-03
3.365682841420710503e+01 1.931214166384719044e-03
3.369684842421210647e+01 2.054414817771781782e-03
3.373686843421710790e+01 2.229909420566047670e-03
3.377688844422210934e+01 2.477910426482517539e-03
3.381690845422711078e+01 2.827614083898585991e-03
3.385692846423211222e+01 3.318886048648233070e-03
3.389694847423712076e+01 3.997504323459475165e-03
3.393696848424212220e+01 4.887097979208519793e-03
3.397698849424712364e+01 5.906380371677442433e-03
3.401700850425212508e+01 6.746128448935231545e-03
3.405702851425712652e+01 6.941863903424767661e-03
3.409704852426212796e+01 6.344179974461190696e-03
3.413706853426712939e+01 5.318887695878024048e-03
3.417708854427213794e+01 4.293803369455885706e-03
3.421710855427713938e+01 3.457703506881778209e-03
3.425712856428214081e+01 2.827034510458590298e-03
3.429714857428714225e+01 2.361312936940407163e-03
3.433716858429214369e+01 2.015902016099018791e-03
3.437718859429714513e+01 1.755812297921177136e-03
3.441720860430214657e+01 1.556196570445535134e-03
3.445722861430715511e+01 1.399923703781761567e-03
3.449724862431215655e+01 1.275212367145155817e-03
3.453726863431715799e+01 1.173886585489307063e-03
3.457728864432215943e+01 1.090192316484828606e-03
3.461730865432716087e+01 1.020015249714865523e-03
3.465732866433216230e+01 9.603654694606148304e-04
3.469734867433717085e+01 9.090355424098359996e-04
3.473736868434217229e+01 8.643709813853264583e-04
3.477738869434717373e+01 8.251140013696398089e-04
3.481740870435217516e+01 7.902956059732491132e-04
3.485742871435717660e+01 7.591599633515583832e-04
3.489744872436217804e+01 7.311106558155706708e-04
3.493746873436717948e+01 7.056719556091451458e-04
3.497748874437218802e+01 6.824605651584922383e-04
3.501750875437718946e+01 6.611647418066693687e-04
3.505752876438219090e+01 6.415286997520135365e-04
3.509754877438719234e+01 6.233408287698834552e-04
3.513756878439219378e+01 6.064247050116173838e-04
3.517758879439719522e+01 5.906321663562302295e-04
3.521760880440219665e+01 5.758379299464543109e-04
3.525762881440720520e+01 5.619353728189360481e-04
3.529764882441220664e+01 5.488331977167313150e-04
3.533766883441720807e+01 5.364527783799331873e-04
3.537768884442220951e+01 5.247260306638524153e-04
3.541770885442721095e+01 5.135936937196882617e-04
3.545772886443221239e+01 5.030039332988811259e-04
3.549774887443722093e+01 4.929111998579310512e-04
3.553776888444222237e+01 4.832752895404230200e-04
3.557778889444722381e+01 4.740605677074204052e-04
3.561780890445222525e+01 4.652353234823128087e-04
3.565782891445722669e+01 4.567712304951020846e-04
3.569784892446222813e+01 4.486428941792221670e-04
3.573786893446722956e+01 4.408274699750130889e-04
3.577788894447223811e+01 4.333043399107850357e-04
3.581790895447723955e+01 4.260548374748557234e-04
3.585792896448224099e+01 4.190620126167870574e-04
3.589794897448724242e+01 4.123104302413404805e-04
3.593796898449224386e+01 4.057859967735234536e-04
3.597798899449724530e+01 3.994758103456875716e-04
3.601800900450224674e+01 3.933680309399221250e-04
3.605802901450725528e+01 3.874517674511572312e-04
3.609804902451225672e+01 3.817169791495225186e-04
3.613806903451725816e+01 3.761543894387590361e-04
3.617808904452225960e+01 3.707554101498859072e-04
3.621810905452726104e+01 3.655120748906354341e-04
3.625812906453226248e+01 3.604169802032770658e-04
3.629814907453727102e+01 3.554632334756079688e-04
3.633816908454227246e+01 3.506444067095624575e-04
3.637818909454727390e+01 3.459544953850118084e-04
3.641820910455227533e+01 3.413878817677305170e-04
3.645822911455727677e+01 3.369393021039487576e-04
3.649824912456227821e+01 3.326038172226323392e-04
3.653826913456727965e+01 3.283767861330728248e-04
3.657828914457228819e+01 3.242538422616649137e-04
3.661830915457728963e+01 3.202308720195514726e-04
3.665832916458229107e+01 3.163039954335183121e-04
3.669834917458729251e+01 3.124695486073184882e-04
3.673836918459229395e+01 3.087240678103495332e-04
3.677838919459729539e+01 3.050642750161758126e-04
3.681840920460229682e+01 3.014870647353756652e-04
3.685842921460730537e+01 2.979894920061570301e-04
3.689844922461230681e+01 2.945687614225914706e-04
3.693846923461730825e+01 2.912222170945103893e-04
3.697848924462230968e+01 2.879473334454696267e-04
3.701850925462731112e+01 2.847417067659134570e-04
3.705852926463231256e+01 2.816030474480363385e-04
3.709854927463732110e+01 2.785291728370378295e-04
3.713856928464232254e+01 2.755180006406254519e-04
3.717858929464732398e+01 2.725675428449072981e-04
3.721860930465232542e+01 2.696759000903603000e-04
3.725862931465732686e+01 2.668412564664110714e-04
3.729864932466232830e+01 2.640618746874751240e-04
3.733866933466732974e+01 2.613360916170902500e-04
3.737868934467233828e+01 2.586623141101456066e-04
3.741870935467733972e+01 2.560390151461922493e-04
3.745872936468234116e+01 2.534647302294550401e-04
3.749874937468734259e+01 2.509380540335475764e-04
3.753876938469234403e+01 2.484576372709667333e-04
3.757878939469734547e+01 2.460221837693346938e-04
3.761880940470234691e+01 2.436304477380240620e-04
3.765882941470735545e+01 2.412812312103059290e-04
3.769884942471235689e+01 2.389733816475045510e-04
3.773886943471735833e+01 2.367057896928455979e-04
3.777888944472235977e+01 2.344773870637800869e-04
3.781890945472736121e+01 2.322871445725341679e-04
3.785892946473236265e+01 2.301340702655198592e-04
3.789894947473736408e+01 2.280172076730378197e-04
3.793896948474237263e+01 2.259356341614204226e-04
3.797898949474737407e+01 2.238884593804163514e-04
3.801900950475237551e+01 2.218748237991995348e-04
3.805902951475737694e+01 2.198938973249343583e-04
3.809904952476237838e+01 2.179448779982983049e-04
3.813906953476737982e+01 2.160269907608164278e-04
3.817908954477238836e+01 2.141394862892569541e-04
3.821910955477738980e+01 2.122816398927098466e-04
3.825912956478239124e+01 2.104527504682943302e-04
3.829914957478739268e+01 2.086521395117596283e-04
3.833916958479239412e+01 2.068791501795098149e-04
3.837918959479739556e+01 2.051331463988465800e-04
3.841920960480239700e+01 2.034135120234536911e-04
3.845922961480740554e+01 2.017196500313631795e-04
3.849924962481240698e+01 2.000509817628403600e-04
3.853926963481740842e+01 1.984069461958012730e-04
3.857928964482240985e+01 1.967869992565498291e-04
3.861930965482741129e+01 1.951906131637681113e-04
3.865932966483241273e+01 1.936172758038372742e-04
3.869934967483741417e+01 1.920664901356966374e-04
3.873936968484242271e+01 1.905377736235666110e-04
3.877938969484742415e+01 1.890306576959747465e-04
3.881940970485242559e+01 1.875446872296224849e-04
3.885942971485742703e+01 1.860794200567295444e-04
3.889944972486242847e+01 1.846344264945771032e-04
3.893946973486742991e+01 1.832092888960528191e-04
3.897948974487243845e+01 1.818036012200777043e-04
3.901950975487743989e+01 1.804169686208640744e-04
3.905952976488244133e+01 1.790490070550140704e-04
3.909954977488744277e+01 1.776993429055392709e-04
3.913956978489244420e+01 1.763676126219269565e-04
3.917958979489744564e+01 1.750534623754357831e-04
3.921960980490244708e+01 1.737565477288541423e-04
3.925962981490745562e+01 1.724765333199942529e-04
3.929964982491245706e+01 1.712130925582447893e-04
3.933966983491745850e+01 1.699659073335338031e-04
3.937968984492245994e+01 1.687346677371043529e-04
3.941970985492746138e+01 1.675190717935254770e-04
3.945972986493246282e+01 1.663188252034039703e-04
3.949974987493746426e+01 1.651336410962866595e-04
3.953976988494247280e+01 1.639632397932730087e-04
3.957978989494747424e+01 1.628073485788854844e-04
3.961980990495247568e+01 1.616657014817654884e-04
3.965982991495747711e+01 1.605380390637926738e-04
3.969984992496247855e+01 1.594241082172395284e-04
3.973986993496747999e+01 1.583236619696008882e-04
3.977988994497248854e+01 1.572364592957506261e-04
3.981990995497748997e+01 1.561622649371013373e-04
3.985992996498249141e+01 1.551008492274546906e-04
3.989994997498749285e+01 1.540519879252513096e-04
3.993996998499249429e+01 1.530154620519401636e-04
3.997998999499749573e+01 1.519910577362020791e-04
4.002001000500249717e+01 1.509785660637774120e-04
4.006003001500750571e+01 1.499777829326577833e-04
4.010005002501250715e+01 1.489885089134169592e-04
4.014007003501750859e+01 1.480105491144612182e-04
4.018009004502251003e+01 1.470437130519984092e-04
4.022011005502751146e+01 1.460878145245273743e-04
4.026013006503251290e+01 1.451426714916623640e-04
4.030015007503751434e+01 1.442081059571161540e-04
4.034017008504252289e+01 1.432839438556719682e-04
4.038019009504752432e+01 1.423700149439850488e-04
4.042021010505252576e+01 1.414661526950583700e-04
4.046023011505752720e+01 1.405721941962484055e-04
4.050025012506252864e+01 1.396879800506610882e-04
4.054027013506753008e+01 1.388133542818038998e-04
4.058029014507253862e+01 1.379481642413681063e-04
4.062031015507754006e+01 1.370922605200204680e-04
4.066033016508254150e+01 1.362454968610860007e-04
4.070035017508754294e+01 1.354077300770150510e-04
4.074037018509254438e+01 1.345788199685249886e-04
4.078039019509754581e+01 1.337586292463188308e-04
4.082041020510254725e+01 1.329470234552814856e-04
4.086043021510755580e+01 1.321438709010625684e-04
4.090045022511255723e+01 1.313490425789576993e-04
4.094047023511755867e+01 1.305624121050011398e-04
4.098049024512256011e+01 1.297838556491920576e-04
4.102051025512756155e+01 1.290132518707745146e-04
4.106053026513256299e+01 1.282504818554969640e-04
4.110055027513756443e+01 1.274954290547812173e-04
4.114057028514257297e+01 1.267479792267309495e-04
4.118059029514757441e+01 1.260080203789161555e-04
4.122061030515257585e+01 1.252754427128679614e-04
4.126063031515757729e+01 1.245501385702273329e-04
4.130065032516257872e+01 1.238320023804859074e-04
4.134067033516758016e+01 1.231209306102671512e-04
4.138069034517258160e+01 1.224168217140914386e-04
4.142071035517759015e+01 1.217195760865762746e-04
4.146073036518259158e+01 1.210290960160218709e-04
4.150075037518759302e+01 1.203452856393335028e-04
4.154077038519259446e+01 1.196680508982381457e-04
4.158079039519759590e+01 1.189972994967495435e-04
4.162081040520259734e+01 1.183329408598406710e-04
4.166083041520760588e+01 1.176748860932836662e-04
4.170085042521260732e+01 1.170230479446182810e-04
4.174087043521760876e+01 1.163773407652110391e-04
4.178089044522261020e+01 1.157376804733707188e-04
4.182091045522761164e+01 1.151039845184842329e-04
4.186093046523261307e+01 1.144761718461408665e-04
4.190095047523761451e+01 1.138541628642123215e-04
4.194097048524262306e+01 1.132378794098580044e-04
4.198099049524762449e+01 1.126272447174266251e-04
4.202101050525262593e+01 1.120221833872235849e-04
4.206103051525762737e+01 1.114226213551197593e-04
4.210105052526262881e+01 1.108284858629726607e-04
4.214107053526763025e+01 1.102397054298355169e-04
4.218109054527263169e+01 1.096562098239296291e-04
4.222111055527764023e+01 1.090779300353564258e-04
4.226113056528264167e+01 1.085047982495261886e-04
4.230115057528764311e+01 1.079367478212808296e-04
4.234117058529264455e+01 1.073737132496908664e-04
4.238119059529764598e+01 1.068156301535048839e-04
4.242121060530264742e+01 1.062624352472318987e-04
4.246123061530765597e+01 1.057140663178380733e-04
4.250125062531265741e+01 1.051704622020387927e-04
4.254127063531765884e+01 1.046315627641681466e-04
4.258129064532266028e+01 1.040973088746094725e-04
4.262131065532766172e+01 1.035676423887694364e-04
4.266133066533266316e+01 1.030425061265799984e-04
4.270135067533766460e+01 1.025218438525131242e-04
4.274137068534267314e+01 1.020056002560921967e-04
4.278139069534767458e+01 1.014937209328871718e-04
4.282141070535267602e+01 1.009861523659778652e-04
4.286143071535767746e+01 1.004828419078731064e-04
4.290145072536267890e+01 9.998373776287212370e-05
4.294147073536768033e+01 9.948878896985553246e-05
4.298149074537268177e+01 9.899794538549382128e-05
4.302151075537769032e+01 9.851115766786128973e-05
4.306153076538269175e+01 9.802837726044444572e-05
4.310155077538769319e+01 9.754955637653301792e-05
4.314157078539269463e+01 9.707464798398364903e-05
4.318159079539769607e+01 9.660360579034550936e-05
4.322161080540269751e+01 9.613638422833776110e-05
4.326163081540770605e+01 9.567293844166918323e-05
4.330165082541270749e+01 9.521322427119098531e-05
4.334167083541770893e+01 9.475719824137210368e-05
4.338169084542271037e+01 9.430481754709113887e-05
4.342171085542771181e+01 9.385604004073275057e-05
4.346173086543271324e+01 9.341082421958319748e-05
4.350175087543771468e+01 9.296912921351538632e-05
4.354177088544272323e+01 9.253091477295590818e-05
4.358179089544772467e+01 9.209614125712727256e-05
4.362181090545272610e+01 9.166476962255650277e-05
4.366183091545772754e+01 9.123676141184467164e-05
4.370185092546272898e+01 9.081207874268957137e-05
4.374187093546773042e+01 9.039068429715484967e-05
4.378189094547273186e+01 8.997254131117931014e-05
4.382191095547774040e+01 8.955761356432045462e-05
4.386193096548274184e+01 8.914586536972551824e-05
4.390195097548774328e+01 8.873726156432429151e-05
4.394197098549274472e+01 8.833176749923852546e-05
4.398199099549774616e+01 8.792934903040161771e-05
4.402201100550274759e+01 8.752997250938378195e-05
4.406203101550775614e+01 8.713360477441677845e-05
4.410205102551275758e+01 8.674021314161408551e-05
4.414207103551775901e+01 8.634976539638069789e-05
4.418209104552276045e+01 8.596222978500782234e-05
4.422211105552776189e+01 8.557757500644872981e-05
4.426213106553276333e+01 8.519577020427011285e-05
4.430215107553776477e+01 8.481678495877519421e-05
4.434217108554277331e+01 8.444058927929391095e-05
4.438219109554777475e+01 8.406715359663690800e-05
4.442221110555277619e+01 8.369644875570781165e-05
4.446223111555777763e+01 8.332844600827138425e-05
4.450225112556277907e+01 8.296311700587287083e-05
4.454227113556778050e+01 8.260043379290512254e-05
4.458229114557278194e+01 8.224036879981970211e-05
4.462231115557779049e+01 8.188289483647888140e-05
4.466233116558279193e+01 8.152798508564488536e-05
4.470235117558779336e+01 8.117561309660258778e-05
4.474237118559279480e+01 8.082575277891350385e-05
4.478239119559779624e+01 8.047837839629713589e-05
4.482241120560279768e+01 8.013346456063701582e-05
4.486243121560779912e+01 7.979098622610801572e-05
4.490245122561280766e+01 7.945091868342275788e-05
4.494247123561780910e+01 7.911323755419392620e-05
4.498249124562281054e+01 7.877791878540934807e-05
4.502251125562781198e+01 7.844493864401824766e-05
4.506253126563281342e+01 7.811427371162495722e-05
4.510255127563781485e+01 7.778590087928852778e-05
4.514257128564282340e+01 7.745979734242487832e-05
4.518259129564782484e+01 7.713594059581015518e-05
4.522261130565282627e+01 7.681430842868183231e-05
4.526263131565782771e+01 7.649487891993644103e-05
4.530265132566282915e+01 7.617763043342050053e-05
4.534267133566783059e+01 7.586254161331403923e-05
4.538269134567283203e+01 7.554959137960299360e-05
4.542271135567784057e+01 7.523875892363959003e-05
4.546273136568284201e+01 7.493002370378852768e-05
4.550275137568784345e+01 7.462336544115638745e-05
4.554277138569284489e+01 7.431876411540330480e-05
4.558279139569784633e+01 7.401619996063454822e-05
4.562281140570284776e+01 7.371565346137040424e-05
4.566283141570784920e+01 7.341710534859213278e-05
4.570285142571285775e+01 7.312053659586339647e-05
4.574287143571785919e+01 7.282592841552446711e-05
4.578289144572286062e+01 7.253326225495784036e-05
4.582291145572786206e+01 7.224251979292413384e-05
4.586293146573286350e+01 7.195368293596627642e-05
4.590295147573786494e+01 7.166673381488076892e-05
4.594297148574287348e+01 7.138165478125421389e-05
4.598299149574787492e+01 7.109842840406440951e-05
4.602301150575287636e+01 7.081703746634345994e-05
4.606303151575787780e+01 7.053746496190290197e-05
4.610305152576287924e+01 7.025969409211848995e-05
4.614307153576788068e+01 6.998370826277379865e-05
4.618309154577288211e+01 6.970949108096170896e-05
4.622311155577789066e+01 6.943702635204136416e-05
4.626313156578289210e+01 6.916629807665128772e-05
4.630315157578789353e+01 6.889729044777541031e-05
4.634317158579289497e+01 6.862998784786257501e-05
4.638319159579789641e+01 6.836437484599758275e-05
4.642321160580289785e+01 6.810043619512268036e-05
4.646323161580789929e+01 6.783815682930877274e-05
4.650325162581290783e+01 6.757752186107500404e-05
4.654327163581790927e+01 6.731851657875628770e-05
4.658329164582291071e+01 6.706112644391660333e-05
4.662331165582791215e+01 6.680533708880861618e-05
4.666333166583291359e+01 6.655113431387769463e-05
4.670335167583791502e+01 6.629850408530929583e-05
4.674337168584292357e+01 6.604743253261990911e-05
4.678339169584792501e+01 6.579790594628937526e-05
4.682341170585292645e+01 6.554991077543441912e-05
4.686343171585792788e+01 6.530343362552269053e-05
4.690345172586292932e+01 6.505846125612616199e-05
4.694347173586793076e+01 6.481498057871305600e-05
4.698349174587293220e+01 6.457297865447794998e-05
4.702351175587794074e+01 6.433244269220873043e-05
4.706353176588294218e+01 6.409336004619031518e-05
4.710355177588794362e+01 6.385571821414344951e-05
4.714357178589294506e+01 6.361950483519924029e-05
4.718359179589794650e+01 6.338470768790742242e-05
4.722361180590294794e+01 6.315131468827828967e-05
4.726363181590794937e+01 6.291931388785793771e-05
4.730365182591295792e+01 6.268869347183509799e-05
4.734367183591795936e+01 6.245944175718064683e-05
4.738369184592296079e+01 6.223154719081702496e-05
4.742371185592796223e+01 6.200499834781904459e-05
4.746373186593296367e+01 6.177978392964403786e-05
4.750375187593796511e+01 6.155589276239137352e-05
4.754377188594297365e+01 6.133331379509071851e-05
4.758379189594797509e+01 6.111203609801874634e-05
4.762381190595297653e+01 6.089204886104275402e-05
4.766383191595797797e+01 6.067334139199210907e-05
4.770385192596297941e+01 6.045590311505592742e-05
4.774387193596798085e+01 6.023972356920677228e-05
4.778389194597298228e+01 6.002479240665015007e-05
4.782391195597799083e+01 5.981109939129889574e-05
4.786393196598299227e+01 5.959863439727234555e-05
4.790395197598799371e+01 5.938738740741949786e-05
4.794397198599299514e+01 5.917734851186593826e-05
4.798399199599799658e+01 5.896850790658421740e-05
4.802401200600299802e+01 5.876085589198673271e-05
4.806403201600799946e+01 5.855438287154123613e-05
4.810405202601300800e+01 5.834907935040824949e-05
4.814407203601800944e+01 5.814493593410017066e-05
4.818409204602301088e+01 5.794194332716126421e-05
4.822411205602801232e+01 5.774009233186884818e-05
4.826413206603301376e+01 5.753937384695458605e-05
4.830415207603801520e+01 5.733977886634595840e-05
4.834417208604301663e+01 5.714129847792734509e-05
4.838419209604802518e+01 5.694392386232048078e-05
4.842421210605302662e+01 5.674764629168387720e-05
4.846423211605802805e+01 5.655245712853067009e-05
4.850425212606302949e+01 5.635834782456506021e-05
4.854427213606803093e+01 5.616530991953649460e-05
4.858429214607303237e+01 5.597333504011146611e-05
4.862431215607804091e+01 5.578241489876282962e-05
4.866433216608304235e+01 5.559254129267592336e-05
4.870435217608804379e+01 5.540370610267142756e-05
4.874437218609304523e+01 5.521590129214466920e-05
4.878439219609804667e+01 5.502911890602105416e-05
4.882441220610304811e+01 5.484335106972729488e-05
4.886443221610804954e+01 5.465858998817820316e-05
4.890445222611305809e+01 5.447482794477862775e-05
4.894447223611805953e+01 5.429205730044080137e-05
4.898449224612306097e+01 5.411027049261580251e-05
4.902451225612806240e+01 5.392946003434009449e-05
4.906453226613306384e+01 5.374961851329591525e-05
4.910455227613806528e+01 5.357073859088588364e-05
4.914457228614306672e+01 5.339281300132119897e-05
4.918459229614807526e+01 5.321583455072337950e-05
4.922461230615307670e+01 5.303979611623946537e-05
4.926463231615807814e+01 5.286469064516981188e-05
4.930465232616307958e+01 5.269051115410921155e-05
4.934467233616808102e+01 5.251725072810028814e-05
4.938469234617308246e+01 5.234490251979946737e-05
4.942471235617809100e+01 5.217345974865487376e-05
4.946473236618309244e+01 5.200291570009663500e-05
4.950475237618809388e+01 5.183326372473833307e-05
4.954477238619309531e+01 5.166449723759057827e-05
4.958479239619809675e+01 5.149660971728565556e-05
4.962481240620309819e+01 5.132959470531346695e-05
4.966483241620809963e+01 5.116344580526835660e-05
4.970485242621310817e+01 5.099815668210687277e-05
4.974487243621810961e+01 5.083372106141608723e-05
4.978489244622311105e+01 5.067013272869230940e-05
4.982491245622811249e+01 5.050738552863015470e-05
4.986493246623311393e+01 5.034547336442172979e-05
4.990495247623811537e+01 5.018439019706569763e-05
4.994497248624311680e+01 5.002413004468612750e-05
4.998499249624812535e+01 4.986468698186087914e-05
5.002501250625312679e+01 4.970605513895983286e-05
5.006503251625812823e+01 4.954822870149169165e-05
5.010505252626312966e+01 4.939120190946060879e-05
5.014507253626813110e+01 4.923496905673154336e-05
5.018509254627313254e+01 4.907952449040437062e-05
5.022511255627814108e+01 4.892486261019685583e-05
5.026513256628314252e+01 4.877097786783623384e-05
5.030515257628814396e+01 4.861786476645898119e-05
5.034517258629314540e+01 4.846551786001901120e-05
5.038519259629814684e+01 4.831393175270419694e-05
5.042521260630314828e+01 4.816310109836063961e-05
5.046523261630814972e+01 4.801302059992495314e-05
5.050525262631315826e+01 4.786368500886436188e-05
5.054527263631815970e+01 4.771508912462445542e-05
5.058529264632316114e+01 4.756722779408426184e-05
5.062531265632816257e+01 4.742009591101905262e-05
5.066533266633316401e+01 4.727368841557014743e-05
5.070535267633816545e+01 4.712800029372215253e-05
5.074537268634316689e+01 4.698302657678696861e-05
5.078539269634817543e+01 4.683876234089496117e-05
5.082541270635317687e+01 4.669520270649300201e-05
5.086543271635817831e+01 4.655234283784907015e-05
5.090545272636317975e+01 4.641017794256349351e-05
5.094547273636818119e+01 4.626870327108697356e-05
5.098549274637318263e+01 4.612791411624466131e-05
5.102551275637819117e+01 4.598780581276683998e-05
5.106553276638319261e+01 4.584837373682581487e-05
5.110555277638819405e+01 4.570961330557867143e-05
5.114557278639319549e+01 4.557151997671636908e-05
5.118559279639819692e+01 4.543408924801863562e-05
5.122561280640319836e+01 4.529731665691470266e-05
5.126563281640819980e+01 4.516119778004995007e-05
5.130565282641320835e+01 4.502572823285795102e-05
5.134567283641820978e+01 4.489090366913841239e-05
5.138569284642321122e+01 4.475671978064033296e-05
5.142571285642821266e+01 4.462317229665083325e-05
5.146573286643321410e+01 4.449025698358909472e-05
5.150575287643821554e+01 4.435796964460576739e-05
5.154577288644321698e+01 4.422630611918735801e-05
5.158579289644822552e+01 4.409526228276585633e-05
5.162581290645322696e+01 4.396483404633334184e-05
5.166583291645822840e+01 4.383501735606151691e-05
5.170585292646322984e+01 4.370580819292607140e-05
5.174587293646823127e+01 4.357720257233600074e-05
5.178589294647323271e+01 4.344919654376745049e-05
5.182591295647823415e+01 4.332178619040239918e-05
5.186593296648324269e+01 4.319496762877178645e-05
5.190595297648824413e+01 4.306873700840332345e-05
5.194597298649324557e+01 4.294309051147356565e-05
5.198599299649824701e+01 4.281802435246449178e-05
5.202601300650324845e+01 4.269353477782436535e-05
5.206603301650824989e+01 4.256961806563298731e-05
5.210605302651325843e+01 4.244627052527085169e-05
5.214607303651825987e+01 4.232348849709284143e-05
5.218609304652326131e+01 4.220126835210559691e-05
5.222611305652826275e+01 4.207960649164916710e-05
5.226613306653326418e+01 4.195849934708255027e-05
5.230615307653826562e+01 4.183794337947305649e-05
5.234617308654326706e+01 4.171793507928972240e-05
5.238619309654827561e+01 4.159847096610020891e-05
5.242621310655327704e+01 4.147954758827175116e-05
5.246623311655827848e+01 4.136116152267557108e-05
5.250625312656327992e+01 4.124330937439495603e-05
5.254627313656828136e+01 4.112598777643703714e-05
5.258629314657328280e+01 4.100919338944794909e-05
5.262631315657828424e+01 4.089292290143154064e-05
5.266633316658329278e+01 4.077717302747141907e-05
5.270635317658829422e+01 4.066194050945666060e-05
5.274637318659329566e+01 4.054722211581039389e-05
5.278639319659829710e+01 4.043301464122198179e-05
5.282641320660329853e+01 4.031931490638244217e-05
5.286643321660829997e+01 4.020611975772291118e-05
5.290645322661330852e+01 4.009342606715631180e-05
5.294647323661830995e+01 3.998123073182225463e-05
5.298649324662331139e+01 3.986953067383471690e-05
5.302651325662831283e+01 3.975832284003299447e-05
5.306653326663331427e+01 3.964760420173551341e-05
5.310655327663831571e+01 3.953737175449662314e-05
5.314657328664331715e+01 3.942762251786618131e-05
5.318659329664832569e+01 3.931835353515214748e-05
5.322661330665332713e+01 3.920956187318586008e-05
5.326663331665832857e+01 3.910124462209009169e-05
5.330665332666333001e+01 3.899339889504995036e-05
5.334667333666833144e+01 3.888602182808636266e-05
5.338669334667333288e+01 3.877911057983228081e-05
5.342671335667833432e+01 3.867266233131142411e-05
5.346673336668334287e+01 3.856667428571979863e-05
5.350675337668834430e+01 3.846114366820960900e-05
5.354677338669334574e+01 3.835606772567561631e-05
5.358679339669834718e+01 3.825144372654426761e-05
5.362681340670334862e+01 3.814726896056497339e-05
5.366683341670835006e+01 3.804354073860398726e-05
5.370685342671335860e+01 3.794025639244057586e-05
5.374687343671836004e+01 3.783741327456567583e-05
5.378689344672336148e+01 3.773500875798265126e-05
5.382691345672836292e+01 3.763304023601051103e-05
5.386693346673336436e+01 3.753150512208936227e-05
5.390695347673836579e+01 3.743040084958803226e-05
5.394697348674336723e+01 3.732972487161402130e-05
5.398699349674837578e+01 3.722947466082530559e-05
5.402701350675337721e+01 3.712964770924481663e-05
5.406703351675837865e+01 3.703024152807649283e-05
5.410705352676338009e+01 3.693125364752368239e-05
5.414707353676838153e+01 3.683268161660967395e-05
5.418709354677338297e+01 3.673452300299996875e-05
5.422711355677838441e+01 3.663677539282698552e-05
5.426713356678339295e+01 3.653943639051620857e-05
5.430715357678839439e+01 3.644250361861481617e-05
5.434717358679339583e+01 3.634597471762186733e-05
5.438719359679839727e+01 3.624984734582048767e-05
5.442721360680339870e+01 3.615411917911207453e-05
5.446723361680840014e+01 3.605878791085204718e-05
5.450725362681340869e+01 3.596385125168781953e-05
5.454727363681841013e+01 3.586930692939825692e-05
5.458729364682341156e+01 3.577515268873498956e-05
5.462731365682841300e+01 3.568138629126556917e-05
5.466733366683341444e+01 3.558800551521835347e-05
5.470735367683841588e+01 3.549500815532890191e-05
5.474737368684341732e+01 3.540239202268837703e-05
5.478739369684842586e+01 3.531015494459336897e-05
5.482741370685342730e+01 3.521829476439749526e-05
5.486743371685842874e+01 3.512680934136447786e-05
5.490745372686343018e+01 3.503569655052306340e-05
5.494747373686843162e+01 3.494495428252329862e-05
5.498749374687343305e+01 3.485458044349454726e-05
5.502751375687843449e+01 3.476457295490486236e-05
5.506753376688344304e+01 3.467492975342203890e-05
5.510755377688844447e+01 3.458564879077619797e-05
5.514757378689344591e+01 3.449672803362364488e-05
5.518759379689844735e+01 3.440816546341245516e-05
5.522761380690344879e+01 3.431995907624930069e-05
5.526763381690845023e+01 3.423210688276783430e-05
5.530765382691345167e+01 3.414460690799847711e-05
5.534767383691846021e+01 3.405745719123949334e-05
5.538769384692346165e+01 3.397065578592962362e-05
5.542771385692846309e+01 3.388420075952187715e-05
5.546773386693346453e+01 3.379809019335886194e-05
5.550775387693846596e+01 3.371232218254928067e-05
5.554777388694346740e+01 3.362689483584583596e-05
5.558779389694847595e+01 3.354180627552440957e-05
5.562781390695347739e+01 3.345705463726450203e-05
5.566783391695847882e+01 3.337263807003096653e-05
5.570785392696348026e+01 3.328855473595693535e-05
5.574787393696848170e+01 3.320480281022800682e-05
5.578789394697348314e+01 3.312138048096773316e-05
5.582791395697848458e+01 3.303828594912414524e-05
5.586793396698349312e+01 3.295551742835756473e-05
5.590795397698849456e+01 3.287307314492968343e-05
5.594797398699349600e+01 3.279095133759355065e-05
5.598799399699849744e+01 3.270915025748493614e-05
5.602801400700349888e+01 3.262766816801467560e-05
5.606803401700850031e+01 3.254650334476229690e-05
5.610805402701350175e+01 3.246565407537054074e-05
5.614807403701851030e+01 3.238511865944115528e-05
5.618809404702351173e+01 3.230489540843164623e-05
5.622811405702851317e+01 3.222498264555316528e-05
5.626813406703351461e+01 3.214537870566938800e-05
5.630815407703851605e+01 3.206608193519652999e-05
5.634817408704351749e+01 3.198709069200423731e-05
5.638819409704852603e+01 3.190840334531760844e-05
5.642821410705352747e+01 3.183001827562027342e-05
5.646823411705852891e+01 3.175193387455821153e-05
5.650825412706353035e+01 3.167414854484487007e-05
5.654827413706853179e+01 3.159666070016698108e-05
5.658829414707353322e+01 3.151946876509152998e-05
5.662831415707853466e+01 3.144257117497347646e-05
5.666833416708354321e+01 3.136596637586463402e-05
5.670835417708854465e+01 3.128965282442328820e-05
5.674837418709354608e+01 3.121362898782478377e-05
5.678839419709854752e+01 3.113789334367304704e-05
5.682841420710354896e+01 3.106244437991290781e-05
5.686843421710855040e+01 3.098728059474346484e-05
5.690845422711355184e+01 3.091240049653210859e-05
5.694847423711856038e+01 3.083780260372957402e-05
5.698849424712356182e+01 3.076348544478581324e-05
5.702851425712856326e+01 3.068944755806653229e-05
5.706853426713356470e+01 3.061568749177087309e-05
5.710855427713856614e+01 3.054220380384958328e-05
5.714857428714356757e+01 3.046899506192430075e-05
5.718859429714857612e+01 3.039605984320734641e-05
5.722861430715357756e+01 3.032339673442256724e-05
5.726863431715857899e+01 3.025100433172680622e-05
5.730865432716358043e+01 3.017888124063214804e-05
5.734867433716858187e+01 3.010702607592904241e-05
5.738869434717358331e+01 3.003543746161004401e-05
5.742871435717858475e+01 2.996411403079440620e-05
5.746873436718359329e+01 2.989305442565335578e-05
5.750875437718859473e+01 2.982225729733611316e-05
5.754877438719359617e+01 2.975172130589665446e-05
5.758879439719859761e+01 2.968144512022113436e-05
5.762881440720359905e+01 2.961142741795608143e-05
5.766883441720860048e+01 2.954166688543723718e-05
5.770885442721360192e+01 2.947216221761909990e-05
5.774887443721861047e+01 2.940291211800519683e-05
5.778889444722361191e+01 2.933391529857895958e-05
5.782891445722861334e+01 2.926517047973528721e-05
5.786893446723361478e+01 2.919667639021279376e-05
5.790895447723861622e+01 2.912843176702670293e-05
5.794897448724361766e+01 2.906043535540235598e-05
5.798899449724862620e+01 2.899268590870935660e-05
5.802901450725362764e+01 2.892518218839646460e-05
5.806903451725862908e+01 2.885792296392687920e-05
5.810905452726363052e+01 2.879090701271437948e-05
5.814907453726863196e+01 2.872413312005988508e-05
5.818909454727363340e+01 2.865760007908882648e-05
5.822911455727863483e+01 2.859130669068881702e-05
5.826913456728364338e+01 2.852525176344823958e-05
5.830915457728864482e+01 2.845943411359519584e-05
5.834917458729364625e+01 2.839385256493708233e-05
5.838919459729864769e+01 2.832850594880078314e-05
5.842921460730364913e+01 2.826339310397335390e-05
5.846923461730865057e+01 2.819851287664340708e-05
5.850925462731365201e+01 2.813386412034280564e-05
5.854927463731866055e+01 2.806944569588913936e-05
5.858929464732366199e+01 2.800525647132864491e-05
5.862931465732866343e+01 2.794129532187958348e-05
5.866933466733366487e+01 2.787756112987631280e-05
5.870935467733866631e+01 2.781405278471371509e-05
5.874937468734366774e+01 2.775076918279228554e-05
5.878939469734866918e+01 2.768770922746359697e-05
5.882941470735367773e+01 2.762487182897638448e-05
5.886943471735867917e+01 2.756225590442309769e-05
5.890945472736368060e+01 2.749986037768682563e-05
5.894947473736868204e+01 2.743768417938895012e-05
5.898949474737368348e+01 2.737572624683706001e-05
5.902951475737868492e+01 2.731398552397346514e-05
5.906953476738369346e+01 2.725246096132413041e-05
5.910955477738869490e+01 2.719115151594818583e-05
5.914957478739369634e+01 2.713005615138768057e-05
5.918959479739869778e+01 2.706917383761801114e-05
5.922961480740369922e+01 2.700850355099871560e-05
5.926963481740870066e+01 2.694804427422468782e-05
5.930965482741370209e+01 2.688779499627794406e-05
5.934967483741871064e+01 2.682775471237966057e-05
5.938969484742371208e+01 2.676792242394281427e-05
5.942971485742871351e+01 2.670829713852515550e-05
5.946973486743371495e+01 2.664887786978258392e-05
5.950975487743871639e+01 2.658966363742310381e-05
5.954977488744371783e+01 2.653065346716096233e-05
5.958979489744871927e+01 2.647184639067140099e-05
5.962981490745372781e+01 2.641324144554570532e-05
5.966983491745872925e+01 2.635483767524670855e-05
5.970985492746373069e+01 2.629663412906467813e-05
5.974987493746873213e+01 2.623862986207352747e-05
5.978989494747373357e+01 2.618082393508760377e-05
5.982991495747873500e+01 2.612321541461864178e-05
5.986993496748374355e+01 2.606580337283324951e-05
5.990995497748874499e+01 2.600858688751075650e-05
5.994997498749374643e+01 2.595156504200132972e-05
5.998999499749874786e+01 2.589473692518463839e-05
6.003001500750374930e+01 2.583810163142866780e-05
6.007003501750875074e+01 2.578165826054916343e-05
6.011005502751375218e+01 2.572540591776915290e-05
6.015007503751876072e+01 2.566934371367902024e-05
6.019009504752376216e+01 2.561347076419691896e-05
6.023011505752876360e+01 2.555778619052938161e-05
6.027013506753376504e+01 2.550228911913247150e-05
6.031015507753876648e+01 2.544697868167311052e-05
6.035017508754376792e+01 2.539185401499089830e-05
6.039019509754876935e+01 2.533691426106012451e-05
6.043021510755377790e+01 2.528215856695219780e-05
6.047023511755877934e+01 2.522758608479841030e-05
6.051025512756378077e+01 2.517319597175294253e-05
6.055027513756878221e+01 2.511898738995628185e-05
6.059029514757378365e+01 2.506495950649890157e-05
6.063031515757878509e+01 2.501111149338530618e-05
6.067033516758379363e+01 2.495744252749830007e-05
6.071035517758879507e+01 2.490395179056371371e-05
6.075037518759379651e+01 2.485063846911526533e-05
6.079039519759879795e+01 2.479750175445981562e-05
6.083041520760379939e+01 2.474454084264294431e-05
6.087043521760880083e+01 2.469175493441476055e-05
6.091045522761380226e+01 2.463914323519604530e-05
6.095047523761881081e+01 2.458670495504469865e-05
6.099049524762381225e+01 2.453443930862237013e-05
6.103051525762881369e+01 2.448234551516158703e-05
6.107053526763381512e+01 2.443042279843286922e-05
6.111055527763881656e+01 2.437867038671246057e-05
6.115057528764381800e+01 2.432708751275000278e-05
6.119059529764881944e+01 2.427567341373676487e-05
6.123061530765382798e+01 2.422442733127391334e-05
6.127063531765882942e+01 2.417334851134127696e-05
6.131065532766383086e+01 2.412243620426617258e-05
6.135067533766883230e+01 2.407168966469256977e-05
6.139069534767383374e+01 2.402110815155062128e-05
6.143071535767883518e+01 2.397069092802623771e-05
6.147073536768384372e+01 2.392043726153111939e-05
6.151075537768884516e+01 2.387034642367295446e-05
6.155077538769384660e+01 2.382041769022578620e-05
6.159079539769884803e+01 2.377065034110083786e-05
6.163081540770384947e+01 2.372104366031733746e-05
6.167083541770885091e+01 2.367159693597381014e-05
6.171085542771385235e+01 2.362230946021940777e-05
6.175087543771886089e+01 2.357318052922566216e-05
6.179089544772386233e+01 2.352420944315835669e-05
6.183091545772886377e+01 2.347539550614962853e-05
6.187093546773386521e+01 2.342673802627037903e-05
6.191095547773886665e+01 2.337823631550288407e-05
6.195097548774386809e+01 2.332988968971356025e-05
6.199099549774886952e+01 2.328169746862605638e-05
6.203101550775387807e+01 2.323365897579453125e-05
6.207103551775887951e+01 2.318577353857713812e-05
6.211105552776388095e+01 2.313804048810969894e-05
6.215107553776888238e+01 2.309045915927971401e-05
6.219109554777388382e+01 2.304302889070040884e-05
6.223111555777888526e+01 2.299574902468517074e-05
6.227113556778388670e+01 2.294861890722204296e-05
6.231115557778889524e+01 2.290163788794856439e-05
6.235117558779389668e+01 2.285480532012671098e-05
6.239119559779889812e+01 2.280812056061807427e-05
6.243121560780389956e+01 2.276158296985927030e-05
6.247123561780890100e+01 2.271519191183747735e-05
6.251125562781390244e+01 2.266894675406631919e-05
6.255127563781891098e+01 2.262284686756171447e-05
6.259129564782391242e+01 2.257689162681818693e-05
6.263131565782891386e+01 2.253108040978512471e-05
6.267133566783391529e+01 2.248541259784340570e-05
6.271135567783891673e+01 2.243988757578212101e-05
6.275137568784391817e+01 2.239450473177550182e-05
6.279139569784891961e+01 2.234926345736009694e-05
6.283141570785392815e+01 2.230416314741200793e-05
6.287143571785892959e+01 2.225920320012441222e-05
6.291145572786393103e+01 2.221438301698526924e-05
6.295147573786893247e+01 2.216970200275508748e-05
6.299149574787393391e+01 2.212515956544501005e-05
6.303151575787893535e+01 2.208075511629501545e-05
6.307153576788393678e+01 2.203648806975226740e-05
6.311155577788894533e+01 2.199235784344967474e-05
6.315157578789394677e+01 2.194836385818461059e-05
6.319159579789894821e+01 2.190450553789783476e-05
6.323161580790394964e+01 2.186078230965243991e-05
6.327163581790895108e+01 2.181719360361324494e-05
6.331165582791395252e+01 2.177373885302600541e-05
6.335167583791896107e+01 2.173041749419708134e-05
6.339169584792396250e+01 2.168722896647311523e-05
6.343171585792896394e+01 2.164417271222087265e-05
6.347173586793396538e+01 2.160124817680734037e-05
6.351175587793896682e+01 2.155845480857981766e-05
6.355177588794396826e+01 2.151579205884636008e-05
6.359179589794896970e+01 2.147325938185618580e-05
6.363181590795397824e+01 2.143085623478039722e-05
6.367183591795897968e+01 2.138858207769277699e-05
6.371185592796398112e+01 2.134643637355064172e-05
6.375187593796898256e+01 2.130441858817608522e-05
6.379189594797398399e+01 2.126252819023711005e-05
6.383191595797898543e+01 2.122076465122911136e-05
6.387193596798398687e+01 2.117912744545633364e-05
6.391195597798899541e+01 2.113761605001359176e-05
6.395197598799399685e+01 2.109622994476814445e-05
6.399199599799899829e+01 2.105496861234154070e-05
6.403201600800400684e+01 2.101383153809181512e-05
6.407203601800900117e+01 2.097281821009574094e-05
6.411205602801400971e+01 2.093192811913112357e-05
6.415207603801900405e+01 2.089116075865941953e-05
6.419209604802401259e+01 2.085051562480826724e-05
6.423211605802900692e+01 2.080999221635443115e-05
6.427213606803401547e+01 2.076959003470652226e-05
6.431215607803902401e+01 2.072930858388821336e-05
6.435217608804401834e+01 2.068914737052137963e-05
6.439219609804902689e+01 2.064910590380927320e-05
6.443221610805402122e+01 2.060918369552016527e-05
6.447223611805902976e+01 2.056938025997072391e-05
6.451225612806402410e+01 2.052969511400980524e-05
6.455227613806903264e+01 2.049012777700223107e-05
6.459229614807404118e+01 2.045067777081271219e-05
6.463231615807903552e+01 2.041134461978994451e-05
6.467233616808404406e+01 2.037212785075068821e-05
6.471235617808903839e+01 2.033302699296418909e-05
6.475237618809404694e+01 2.029404157813648820e-05
6.479239619809904127e+01 2.025517114039503285e-05
6.483241620810404982e+01 2.021641521627324376e-05
6.487243621810905836e+01 2.017777334469535310e-05
6.491245622811405269e+01 2.013924506696126637e-05
6.495247623811906124e+01 2.010082992673149535e-05
6.499249624812405557e+01 2.006252747001236551e-05
6.503251625812906411e+01 2.002433724514113535e-05
6.507253626813405845e+01 1.998625880277141051e-05
6.511255627813906699e+01 1.994829169585848666e-05
6.515257628814407553e+01 1.991043547964498387e-05
6.519259629814906987e+01 1.987268971164648092e-05
6.523261630815407841e+01 1.983505395163720719e-05
6.527263631815907274e+01 1.979752776163601924e-05
6.531265632816408129e+01 1.976011070589228240e-05
6.535267633816907562e+01 1.972280235087202013e-05
6.539269634817408416e+01 1.968560226524400912e-05
6.543271635817909271e+01 1.964851001986615898e-05
6.547273636818408704e+01 1.961152518777184455e-05
6.551275637818909559e+01 1.957464734415633302e-05
6.555277638819408992e+01 1.953787606636353972e-05
6.559279639819909846e+01 1.950121093387247899e-05
6.563281640820410701e+01 1.946465152828427748e-05
6.567283641820910134e+01 1.942819743330888589e-05
6.571285642821410988e+01 1.939184823475211257e-05
6.575287643821910422e+01 1.935560352050274188e-05
6.579289644822411276e+01 1.931946288051959826e-05
6.583291645822910709e+01 1.928342590681889838e-05
6.587293646823411564e+01 1.924749219346154900e-05
6.591295647823912418e+01 1.921166133654061088e-05
6.595297648824411851e+01 1.917593293416888133e-05
6.599299649824912706e+01 1.914030658646638852e-05
6.603301650825412139e+01 1.910478189554828919e-05
6.607303651825912993e+01 1.906935846551251201e-05
6.611305652826412427e+01 1.903403590242778404e-05
6.615307653826913281e+01 1.899881381432149435e-05
6.619309654827414136e+01 1.896369181116788982e-05
6.623311655827913569e+01 1.892866950487613874e-05
6.627313656828414423e+01 1.889374650927857737e-05
6.631315657828913857e+01 1.885892244011912593e-05
6.635317658829414711e+01 1.882419691504155887e-05
6.639319659829914144e+01 1.878956955357816822e-05
6.643321660830414999e+01 1.875503997713815919e-05
6.647323661830915853e+01 1.872060780899647276e-05
6.651325662831415286e+01 1.868627267428243880e-05
6.655327663831916141e+01 1.865203419996857832e-05
6.659329664832415574e+01 1.861789201485962591e-05
6.663331665832916428e+01 1.858384574958132516e-05
6.667333666833415862e+01 1.854989503656969175e-05
6.671335667833916716e+01 1.851603951005998498e-05
6.675337668834417570e+01 1.848227880607601151e-05
6.679339669834917004e+01 1.844861256241942223e-05
6.683341670835417858e+01 1.841504041865900577e-05
6.687343671835917291e+01 1.838156201612024625e-05
6.691345672836418146e+01 1.834817699787471846e-05
6.695347673836917579e+01 1.831488500872979809e-05
6.699349674837418434e+01 1.828168569521820936e-05
6.703351675837919288e+01 1.824857870558788768e-05
6.707353676838418721e+01 1.821556368979172723e-05
6.711355677838919576e+01 1.818264029947741313e-05
6.715357678839419009e+01 1.814980818797751796e-05
6.719359679839919863e+01 1.811706701029935427e-05
6.723361680840420718e+01 1.808441642311526084e-05
6.727363681840920151e+01 1.805185608475259751e-05
6.731365682841421005e+01 1.801938565518407885e-05
6.735367683841920439e+01 1.798700479601805360e-05
6.739369684842421293e+01 1.795471317048886542e-05
6.743371685842920726e+01 1.792251044344731536e-05
6.747373686843421581e+01 1.789039628135112757e-05
6.751375687843922435e+01 1.785837035225555408e-05
6.755377688844421868e+01 1.782643232580403709e-05
6.759379689844922723e+01 1.779458187321882043e-05
6.763381690845422156e+01 1.776281866729182197e-05
6.767383691845923011e+01 1.773114238237538399e-05
6.771385692846422444e+01 1.769955269437322012e-05
6.775387693846923298e+01 1.766804928073134530e-05
6.779389694847424153e+01 1.763663182042910399e-05
6.783391695847923586e+01 1.760529999397026618e-05
6.787393696848424440e+01 1.757405348337413354e-05
6.791395697848923874e+01 1.754289197216680142e-05
6.795397698849424728e+01 1.751181514537235989e-05
6.799399699849924161e+01 1.748082268950428109e-05
6.803401700850425016e+01 1.744991429255674900e-05
6.807403701850925870e+01 1.741908964399615863e-05
6.811405702851425303e+01 1.738834843475257455e-05
6.815407703851926158e+01 1.735769035721131134e-05
6.819409704852425591e+01 1.732711510520455479e-05
6.823411705852926445e+01 1.729662237400303044e-05
6.827413706853425879e+01 1.726621186030775692e-05
6.831415707853926733e+01 1.723588326224177885e-05
6.835417708854427588e+01 1.720563627934209973e-05
6.839419709854927021e+01 1.717547061255152670e-05
6.843421710855427875e+01 1.714538596421061697e-05
6.847423711855927309e+01 1.711538203804972922e-05
6.851425712856428163e+01 1.708545853918105477e-05
6.855427713856927596e+01 1.705561517409077399e-05
6.859429714857428451e+01 1.702585165063114845e-05
6.863431715857929305e+01 1.699616767801286036e-05
6.867433716858428738e+01 1.696656296679722997e-05
6.871435717858929593e+01 1.693703722888850087e-05
6.875437718859429026e+01 1.690759017752631489e-05
6.879439719859929880e+01 1.687822152727806512e-05
6.883441720860429314e+01 1.684893099403143185e-05
6.887443721860930168e+01 1.681971829498688122e-05
6.891445722861431022e+01 1.679058314865026897e-05
6.895447723861930456e+01 1.676152527482550512e-05
6.899449724862431310e+01 1.673254439460713055e-05
6.903451725862930743e+01 1.670364023037319856e-05
6.907453726863431598e+01 1.667481250577791246e-05
6.911455727863932452e+01 1.664606094574455113e-05
6.915457728864431886e+01 1.661738527645834041e-05
6.919459729864932740e+01 1.658878522535928721e-05
6.923461730865432173e+01 1.656026052113527107e-05
6.927463731865933028e+01 1.653181089371497317e-05
6.931465732866432461e+01 1.650343607426099502e-05
6.935467733866933315e+01 1.647513579516290939e-05
6.939469734867434170e+01 1.644690979003050776e-05
6.943471735867933603e+01 1.641875779368690553e-05
6.947473736868434457e+01 1.639067954216183343e-05
6.951475737868933891e+01 1.636267477268495957e-05
6.955477738869434745e+01 1.633474322367913011e-05
6.959479739869934178e+01 1.630688463475386403e-05
6.963481740870435033e+01 1.627909874669867854e-05
6.967483741870935887e+01 1.625138530147660415e-05
6.971485742871435320e+01 1.622374404221771339e-05
6.975487743871936175e+01 1.619617471321260538e-05
6.979489744872435608e+01 1.616867705990605991e-05
6.983491745872936463e+01 1.614125082889062028e-05
6.987493746873435896e+01 1.611389576790033546e-05
6.991495747873936750e+01 1.608661162580442083e-05
6.995497748874437605e+01 1.605939815260102747e-05
6.999499749874937038e+01 1.603225509941109608e-05
7.003501750875437892e+01 1.600518221847211262e-05
7.007503751875937326e+01 1.597817926313204695e-05
7.011505752876438180e+01 1.595124598784326101e-05
7.015507753876937613e+01 1.592438214815646434e-05
7.019509754877438468e+01 1.589758750071469339e-05
7.023511755877939322e+01 1.587086180324739248e-05
7.027513756878438755e+01 1.584420481456447097e-05
7.031515757878939610e+01 1.581761629455038422e-05
7.035517758879439043e+01 1.579109600415835006e-05
7.039519759879939897e+01 1.576464370540447035e-05
7.043521760880439331e+01 1.573825916136202202e-05
7.047523761880940185e+01 1.571194213615567686e-05
7.051525762881441040e+01 1.568569239495582645e-05
7.055527763881940473e+01 1.565950970397291718e-05
7.059529764882441327e+01 1.563339383045180225e-05
7.063531765882940761e+01 1.560734454266620884e-05
7.067533766883441615e+01 1.558136160991311039e-05
7.071535767883942469e+01 1.555544480250726163e-05
7.075537768884441903e+01 1.552959389177571988e-05
7.079539769884942757e+01 1.550380865005233260e-05
7.083541770885442190e+01 1.547808885067242482e-05
7.087543771885943045e+01 1.545243426796731709e-05
7.091545772886442478e+01 1.542684467725907732e-05
7.095547773886943332e+01 1.540131985485512683e-05
7.099549774887444187e+01 1.537585957804301248e-05
7.103551775887943620e+01 1.535046362508517880e-05
7.107553776888444474e+01 1.532513177521369264e-05
7.111555777888943908e+01 1.529986380862514064e-05
7.115557778889444762e+01 1.527465950647541833e-05
7.119559779889944195e+01 1.524951865087469700e-05
7.123561780890445050e+01 1.522444102488224329e-05
7.127563781890945904e+01 1.519942641250147251e-05
7.131565782891445338e+01 1.517447459867489522e-05
7.135567783891946192e+01 1.514958536927907062e-05
7.139569784892445625e+01 1.512475851111978017e-05
7.143571785892946480e+01 1.509999381192699111e-05
7.147573786893445913e+01 1.507529106035004025e-05
7.151575787893946767e+01 1.505065004595271948e-05
7.155577788894447622e+01 1.502607055920851203e-05
7.159579789894947055e+01 1.500155239149572885e-05
7.163581790895447909e+01 1.497709533509276350e-05
7.167583791895947343e+01 1.495269918317338606e-05
7.171585792896448197e+01 1.492836372980196075e-05
7.175587793896947630e+01 1.490408876992884487e-05
7.179589794897448485e+01 1.487987409938567422e-05
7.183591795897949339e+01 1.485571951488079587e-05
7.187593796898448772e+01 1.483162481399463492e-05
7.191595797898949627e+01 1.480758979517511712e-05
7.195597798899449060e+01 1.478361425773320839e-05
7.199599799899949915e+01 1.475969800183830190e-05
7.203601800900449348e+01 1.473584082851382871e-05
7.207603801900950202e+01 1.471204253963274649e-05
7.211605802901451057e+01 1.468830293791312820e-05
7.215607803901950490e+01 1.466462182691380322e-05
7.219609804902451344e+01 1.464099901102990873e-05
7.223611805902950778e+01 1.461743429548862579e-05
7.227613806903451632e+01 1.459392748634480860e-05
7.231615807903951065e+01 1.457047839047670871e-05
7.235617808904451920e+01 1.454708681558172290e-05
7.239619809904952774e+01 1.452375257017214618e-05
7.243621810905452207e+01 1.450047546357095352e-05
7.247623811905953062e+01 1.447725530590761215e-05
7.251625812906452495e+01 1.445409190811393959e-05
7.255627813906953349e+01 1.443098508191993789e-05
7.259629814907454204e+01 1.440793463984972791e-05
7.263631815907953637e+01 1.438494039521741579e-05
7.267633816908454492e+01 1.436200216212305938e-05
7.271635817908953925e+01 1.433911975544863126e-05
7.275637818909454779e+01 1.431629299085399199e-05
7.279639819909954213e+01 1.429352168477293611e-05
7.283641820910455067e+01 1.427080565440918233e-05
7.287643821910955921e+01 1.424814471773248223e-05
7.291645822911455355e+01 1.422553869347469173e-05
7.295647823911956209e+01 1.420298740112584256e-05
7.299649824912455642e+01 1.418049066093033738e-05
7.303651825912956497e+01 1.415804829388304325e-05
7.307653826913455930e+01 1.413566012172555286e-05
7.311655827913956784e+01 1.411332596694227122e-05
7.315657828914457639e+01 1.409104565275675476e-05
7.319659829914957072e+01 1.406881900312789635e-05
7.323661830915457926e+01 1.404664584274618983e-05
7.327663831915957360e+01 1.402452599703007084e-05
7.331665832916458214e+01 1.400245929212218653e-05
7.335667833916957647e+01 1.398044555488575832e-05
7.339669834917458502e+01 1.395848461290091603e-05
7.343671835917959356e+01 1.393657629446110640e-05
7.347673836918458790e+01 1.391472042856950169e-05
7.351675837918959644e+01 1.389291684493536759e-05
7.355677838919459077e+01 1.387116537397057347e-05
7.359679839919959932e+01 1.384946584678601789e-05
7.363681840920459365e+01 1.382781809518814897e-05
7.367683841920960219e+01 1.380622195167542720e-05
7.371685842921461074e+01 1.378467724943490343e-05
7.375687843921960507e+01 1.376318382233874941e-05
7.379689844922461361e+01 1.374174150494079343e-05
7.383691845922960795e+01 1.372035013247317961e-05
7.387693846923461649e+01 1.369900954084291375e-05
7.391695847923961082e+01 1.367771956662855135e-05
7.395697848924461937e+01 1.365648004707678414e-05
7.399699849924962791e+01 1.363529082009916540e-05
7.403701850925462224e+01 1.361415172426878963e-05
7.407703851925963079e+01 1.359306259881696708e-05
7.411705852926462512e+01 1.357202328362999484e-05
7.415707853926963367e+01 1.355103361924588564e-05
7.419709854927464221e+01 1.353009344685113556e-05
7.423711855927963654e+01 1.350920260827751373e-05
7.427713856928464509e+01 1.348836094599886741e-05
7.431715857928963942e+01 1.346756830312794552e-05
7.435717858929464796e+01 1.344682452341322403e-05
7.439719859929964230e+01 1.342612945123581596e-05
7.443721860930465084e+01 1.340548293160628653e-05
7.447723861930965938e+01 1.338488481016159876e-05
7.451725862931465372e+01 1.336433493316201843e-05
7.455727863931966226e+01 1.334383314748801052e-05
7.459729864932465659e+01 1.332337930063725939e-05
7.463731865932966514e+01 1.330297324072157367e-05
7.467733866933465947e+01 1.328261481646391831e-05
7.471735867933966802e+01 1.326230387719537539e-05
7.475737868934467656e+01 1.324204027285221170e-05
7.479739869934967089e+01 1.322182385397290565e-05
7.483741870935467944e+01 1.320165447169515218e-05
7.487743871935967377e+01 1.318153197775302688e-05
7.491745872936468231e+01 1.316145622447398240e-05
7.495747873936967665e+01 1.314142706477603973e-05
7.499749874937468519e+01 1.312144435216483029e-05
7.503751875937969373e+01 1.310150794073081436e-05
7.507753876938468807e+01 1.308161768514638754e-05
7.511755877938969661e+01 1.306177344066305001e-05
7.515757878939469094e+01 1.304197506310863334e-05
7.519759879939969949e+01 1.302222240888447306e-05
7.523761880940469382e+01 1.300251533496264570e-05
7.527763881940970236e+01 1.298285369888319384e-05
7.531765882941471091e+01 1.296323735875140211e-05
7.535767883941970524e+01 1.294366617323504937e-05
7.539769884942471379e+01 1.292414000156166099e-05
7.543771885942970812e+01 1.290465870351590161e-05
7.547773886943471666e+01 1.288522213943676137e-05
7.551775887943971100e+01 1.286583017021502491e-05
7.555777888944471954e+01 1.284648265729049316e-05
7.559779889944972808e+01 1.282717946264942357e-05
7.563781890945472242e+01 1.280792044882189414e-05
7.567783891945973096e+01 1.278870547887915733e-05
7.571785892946472529e+01 1.276953441643108196e-05
7.575787893946973384e+01 1.275040712562355457e-05
7.579789894947472817e+01 1.273132347113594169e-05
7.583791895947973671e+01 1.271228331817849449e-05
7.587793896948474526e+01 1.269328653248984502e-05
7.591795897948973959e+01 1.267433298033449726e-05
7.595797898949474813e+01 1.265542252850025382e-05
7.599799899949974247e+01 1.263655504429582227e-05
7.603801900950475101e+01 1.261773039554823165e-05
7.607803901950975956e+01 1.259894845060045401e-05
7.611805902951475389e+01 1.258020907830889890e-05
7.615807903951976243e+01 1.256151214804098406e-05
7.619809904952475677e+01 1.254285752967274681e-05
7.623811905952976531e+01 1.252424509358636562e-05
7.627813906953475964e+01 1.250567471066785279e-05
7.631815907953976819e+01 1.248714625230457093e-05
7.635817908954477673e+01 1.246865959038295450e-05
7.639819909954977106e+01 1.245021459728609569e-05
7.643821910955477961e+01 1.243181114589140668e-05
7.647823911955977394e+01 1.241344910956832244e-05
7.651825912956478248e+01 1.239512836217593244e-05
7.655827913956977682e+01 1.237684877806073432e-05
7.659829914957478536e+01 1.235861023205427066e-05
7.663831915957979390e+01 1.234041259947093688e-05
7.667833916958478824e+01 1.232225575610563493e-05
7.671835917958979678e+01 1.230413957823155410e-05
7.675837918959479111e+01 1.228606394259794327e-05
7.679839919959979966e+01 1.226802872642784092e-05
7.683841920960479399e+01 1.225003380741592023e-05
7.687843921960980254e+01 1.223207906372620044e-05
7.691845922961481108e+01 1.221416437398994278e-05
7.695847923961980541e+01 1.219628961730341265e-05
7.699849924962481396e+01 1.217845467322571793e-05
7.703851925962980829e+01 1.216065942177668809e-05
7.707853926963481683e+01 1.214290374343467354e-05
7.711855927963981117e+01 1.212518751913447210e-05
7.715857928964481971e+01 1.210751063026515385e-05
7.719859929964982825e+01 1.208987295866800789e-05
7.723861930965482259e+01 1.207227438663440106e-05
7.727863931965983113e+01 1.205471479690368745e-05
7.731865932966482546e+01 1.203719407266117890e-05
7.735867933966983401e+01 1.201971209753604441e-05
7.739869934967482834e+01 1.200226875559926872e-05
7.743871935967983688e+01 1.198486393136161101e-05
7.747873936968484543e+01 1.196749750977157538e-05
7.751875937968983976e+01 1.195016937621339495e-05
7.755877938969484831e+01 1.193287941650501756e-05
7.759879939969984264e+01 1.191562751689611869e-05
7.763881940970485118e+01 1.189841356406609732e-05
7.767883941970985973e+01 1.188123744512213288e-05
7.771885942971485406e+01 1.186409904759719982e-05
7.775887943971986260e+01 1.184699825944809225e-05
7.779889944972485694e+01 1.182993496905353685e-05
7.783891945972986548e+01 1.181290906521219887e-05
7.787893946973485981e+01 1.179592043714080686e-05
7.791895947973986836e+01 1.177896897447222141e-05
7.795897948974487690e+01 1.176205456725353099e-05
7.799899949974987123e+01 1.174517710594417838e-05
7.803901950975487978e+01 1.172833648141404802e-05
7.807903951975987411e+01 1.171153258494162964e-05
7.811905952976488265e+01 1.169476530821213450e-05
7.815907953976987699e+01 1.167803454331565899e-05
7.819909954977488553e+01 1.166134018274533470e-05
7.823911955977989408e+01 1.164468211939549886e-05
7.827913956978488841e+01 1.162806024655987491e-05
7.831915957978989695e+01 1.161147445792976997e-05
7.835917958979489129e+01 1.159492464759225040e-05
7.839919959979989983e+01 1.157841071002837991e-05
7.843921960980489416e+01 1.156193254011141372e-05
7.847923961980990271e+01 1.154549003310502657e-05
7.851925962981491125e+01 1.152908308466157457e-05
7.855927963981990558e+01 1.151271159082031310e-05
7.859929964982491413e+01 1.149637544800566711e-05
7.863931965982990846e+01 1.148007455302548459e-05
7.867933966983491700e+01 1.146380880306931874e-05
7.871935967983991134e+01 1.144757809570671870e-05
7.875937968984491988e+01 1.143138232888550327e-05
7.879939969984992842e+01 1.141522140093008041e-05
7.883941970985492276e+01 1.139909521053974129e-05
7.887943971985993130e+01 1.138300365678699507e-05
7.891945972986492563e+01 1.136694663911588666e-05
7.895947973986993418e+01 1.135092405734033313e-05
7.899949974987492851e+01 1.133493581164248559e-05
7.903951975987993706e+01 1.131898180257105714e-05
7.907953976988494560e+01 1.130306193103969653e-05
7.911955977988993993e+01 1.128717609832540086e-05
7.915957978989494848e+01 1.127132420606681302e-05
7.919959979989994281e+01 1.125550615626268519e-05
7.923961980990495135e+01 1.123972185127024068e-05
7.927963981990994569e+01 1.122397119380358654e-05
7.931965982991495423e+01 1.120825408693212461e-05
7.935967983991996277e+01 1.119257043407899122e-05
7.939969984992495711e+01 1.117692013901947327e-05
7.943971985992996565e+01 1.116130310587942932e-05
7.947973986993495998e+01 1.114571923913378195e-05
7.951975987993996853e+01 1.113016844360493373e-05
7.955977988994497707e+01 1.111465062446124936e-05
7.959979989994997140e+01 1.109916568721553612e-05
7.963981990995497995e+01 1.108371353772348361e-05
7.967983991995997428e+01 1.106829408218219668e-05
7.971985992996498283e+01 1.105290722712866234e-05
7.975987993996997716e+01 1.103755287943827418e-05
7.979989994997498570e+01 1.102223094632331621e-05
7.983991995997999425e+01 1.100694133533150258e-05
7.987993996998498858e+01 1.099168395434451558e-05
7.991995997998999712e+01 1.097645871157649116e-05
7.995997998999499146e+01 1.096126551557262300e-05
8.000000000000000000e+01 1.094610427520764637e-05
