0.000000000000000000e+00 3.864288071997703708e-05
4.002001000500250011e-02 3.885729969553171483e-05
8.004002001000500022e-02 3.907356278138658006e-05
1.200600300150075073e-01 3.929169161392385311e-05
1.600800400200100004e-01 3.951170815214896914e-05
2.001000500250124936e-01 3.973363468353724665e-05
2.401200600300150145e-01 3.995749383000533433e-05
2.801400700350175077e-01 4.018330855401045811e-05
3.201600800400200009e-01 4.041110216478123614e-05
3.601800900450224940e-01 4.064089832468226410e-05
4.002001000500249872e-01 4.087272105571694970e-05
4.402201100550274804e-01 4.110659474617125292e-05
4.802401200600300291e-01 4.134254415740197064e-05
5.202601300650324667e-01 4.158059443077372644e-05
5.602801400700350154e-01 4.182077109474761315e-05
6.003001500750374531e-01 4.206310007212598083e-05
6.403201600800400017e-01 4.230760768745701585e-05
6.803401700850425504e-01 4.255432067460306159e-05
7.203601800900449881e-01 4.280326618447739703e-05
7.603801900950475368e-01 4.305447179295305118e-05
8.004002001000499744e-01 4.330796550894858632e-05
8.404202101050525231e-01 4.356377578269547164e-05
8.804402201100549608e-01 4.382193151419122134e-05
9.204602301150575094e-01 4.408246206184358943e-05
9.604802401200600581e-01 4.434539725131069350e-05
1.000500250125062607e+00 4.461076738454212238e-05
1.040520260130064933e+00 4.487860324902624563e-05
1.080540270135067482e+00 4.514893612724938272e-05
1.120560280140070031e+00 4.542179780637216520e-05
1.160580290145072579e+00 4.569722058812876328e-05
1.200600300150074906e+00 4.597523729895561099e-05
1.240620310155077455e+00 4.625588130035469835e-05
1.280640320160080003e+00 4.653918649949853918e-05
1.320660330165082552e+00 4.682518736008290598e-05
1.360680340170085101e+00 4.711391891343413569e-05
1.400700350175087427e+00 4.740541676987791779e-05
1.440720360180089976e+00 4.769971713037657828e-05
1.480740370185092525e+00 4.799685679844226609e-05
1.520760380190095074e+00 4.829687319233342792e-05
1.560780390195097400e+00 4.859980435754261496e-05
1.600800400200099949e+00 4.890568897958338034e-05
1.640820410205102498e+00 4.921456639708459541e-05
1.680840420210105046e+00 4.952647661520102087e-05
1.720860430215107595e+00 4.984146031934835264e-05
1.760880440220109922e+00 5.015955888927216803e-05
1.800900450225112470e+00 5.048081441346046920e-05
1.840920460230115019e+00 5.080526970390859901e-05
1.880940470235117568e+00 5.113296831124739184e-05
1.920960480240120116e+00 5.146395454024439822e-05
1.960980490245122443e+00 5.179827346568858512e-05
2.001000500250125214e+00 5.213597094867037014e-05
2.041020510255127540e+00 5.247709365326703898e-05
2.081040520260129867e+00 5.282168906364640061e-05
2.121060530265132638e+00 5.316980550159996268e-05
2.161080540270134964e+00 5.352149214451845470e-05
2.201100550275137291e+00 5.387679904382266865e-05
2.241120560280140062e+00 5.423577714386236320e-05
2.281140570285142388e+00 5.459847830129765830e-05
2.321160580290145159e+00 5.496495530497683845e-05
2.361180590295147486e+00 5.533526189632482199e-05
2.401200600300149812e+00 5.570945279025843065e-05
2.441220610305152583e+00 5.608758369664291322e-05
2.481240620310154910e+00 5.646971134230714494e-05
2.521260630315157680e+00 5.685589349363324410e-05
2.561280640320160007e+00 5.724618897973859661e-05
2.601300650325162334e+00 5.764065771626788662e-05
2.641320660330165104e+00 5.803936072981378147e-05
2.681340670335167431e+00 5.844236018298545454e-05
2.721360680340170202e+00 5.884971940014456997e-05
2.761380690345172528e+00 5.926150289382969529e-05
2.801400700350174855e+00 5.967777639188995823e-05
2.841420710355177626e+00 6.009860686535000487e-05
2.881440720360179952e+00 6.052406255702941326e-05
2.921460730365182723e+00 6.095421301093941917e-05
2.961480740370185050e+00 6.138912910248211390e-05
3.001500750375187376e+00 6.182888306947690888e-05
3.041520760380190147e+00 6.227354854404038237e-05
3.081540770385192474e+00 6.272320058534705414e-05
3.121560780390194800e+00 6.317791571329896543e-05
3.161580790395197571e+00 6.363777194313255847e-05
3.201600800400199898e+00 6.410284882099465662e-05
3.241620810405202668e+00 6.457322746051652029e-05
3.281640820410204995e+00 6.504899058042056480e-05
3.321660830415207322e+00 6.553022254319206300e-05
3.361680840420210092e+00 6.601700939485101482e-05
3.401700850425212419e+00 6.650943890586039629e-05
3.441720860430215190e+00 6.700760061320823360e-05
3.481740870435217516e+00 6.751158586370253347e-05
3.521760880440219843e+00 6.802148785851917171e-05
3.561780890445222614e+00 6.853740169904484780e-05
3.601800900450224940e+00 6.905942443405852762e-05
3.641820910455227711e+00 6.958765510829639604e-05
3.681840920460230038e+00 7.012219481244769874e-05
3.721860930465232364e+00 7.066314673462927324e-05
3.761880940470235135e+00 7.121061621339003830e-05
3.801900950475237462e+00 7.176471079229790339e-05
3.841920960480240232e+00 7.232554027616303755e-05
3.881940970485242559e+00 7.289321678895539368e-05
3.921960980490244886e+00 7.346785483347391074e-05
3.961980990495247656e+00 7.404957135283006032e-05
4.002001000500250427e+00 7.463848579380855390e-05
4.042021010505252754e+00 7.523472017217167215e-05
4.082041020510255080e+00 7.583839913997674083e-05
4.122061030515257407e+00 7.644965005497687414e-05
4.162081040520259734e+00 7.706860305218180105e-05
4.202101050525262949e+00 7.769539111765395064e-05
4.242121060530265275e+00 7.833015016462269728e-05
4.282141070535267602e+00 7.897301911199953073e-05
4.322161080540269928e+00 7.962413996538218860e-05
4.362181090545272255e+00 8.028365790063886473e-05
4.402201100550274582e+00 8.095172135016765922e-05
4.442221110555277797e+00 8.162848209193002765e-05
4.482241120560280123e+00 8.231409534136107926e-05
4.522261130565282450e+00 8.300871984626525309e-05
4.562281140570284776e+00 8.371251798480832632e-05
4.602301150575287103e+00 8.442565586672280816e-05
4.642321160580290318e+00 8.514830343784899019e-05
4.682341170585292645e+00 8.588063458813881637e-05
4.722361180590294971e+00 8.662282726325415438e-05
4.762381190595297298e+00 8.737506357989920829e-05
4.802401200600299624e+00 8.813752994503067518e-05
4.842421210605302839e+00 8.891041717909634978e-05
4.882441220610305166e+00 8.969392064346026739e-05
4.922461230615307493e+00 9.048824037217850617e-05
4.962481240620309819e+00 9.129358120829715606e-05
5.002501250625312146e+00 9.211015294485224206e-05
5.042521260630315361e+00 9.293817047075956204e-05
5.082541270635317687e+00 9.377785392178982567e-05
5.122561280640320014e+00 9.462942883683480840e-05
5.162581290645322341e+00 9.549312631967870463e-05
5.202601300650324667e+00 9.636918320649924541e-05
5.242621310655327882e+00 9.725784223933284960e-05
5.282641320660330209e+00 9.815935224575057306e-05
5.322661330665332535e+00 9.907396832500057831e-05
5.362681340670334862e+00 1.000019520408885684e-04
5.402701350675337189e+00 1.009435716216757330e-04
5.442721360680340403e+00 1.018991021672921720e-04
5.482741370685342730e+00 1.028688258641738737e-04
5.522761380690345057e+00 1.038530322080490363e-04
5.562781390695347383e+00 1.048520182350132088e-04
5.602801400700349710e+00 1.058660887612506476e-04
5.642821410705352925e+00 1.068955566317765049e-04
5.682841420710355251e+00 1.079407429785925627e-04
5.722861430715357578e+00 1.090019774886687788e-04
5.762881440720359905e+00 1.100795986821837306e-04
5.802901450725362231e+00 1.111739542014790081e-04
5.842921460730365446e+00 1.122854011112045400e-04
5.882941470735367773e+00 1.134143062101568354e-04
5.922961480740370099e+00 1.145610463553382180e-04
5.962981490745372426e+00 1.157260087987907395e-04
6.003001500750374753e+00 1.169095915377888736e-04
6.043021510755377079e+00 1.181122036790032526e-04
6.083041520760380294e+00 1.193342658172827424e-04
6.123061530765382621e+00 1.205762104297325638e-04
6.163081540770384947e+00 1.218384822858060670e-04
6.203101550775387274e+00 1.231215388741615092e-04
6.243121560780389601e+00 1.244258508470798871e-04
6.283141570785392815e+00 1.257519024832800115e-04
6.323161580790395142e+00 1.271001921700118636e-04
6.363181590795397469e+00 1.284712329053613487e-04
6.403201600800399795e+00 1.298655528217461754e-04
6.443221610805402122e+00 1.312836957316386379e-04
6.483241620810405337e+00 1.327262216966105894e-04
6.523261630815407663e+00 1.341937076208541454e-04
6.563281640820409990e+00 1.356867478703989796e-04
6.603301650825412317e+00 1.372059549193153320e-04
6.643321660830414643e+00 1.387519600242658943e-04
6.683341670835417858e+00 1.403254139288485902e-04
6.723361680840420185e+00 1.419269875992549624e-04
6.763381690845422511e+00 1.435573729928584093e-04
6.803401700850424838e+00 1.452172838614413535e-04
6.843421710855427165e+00 1.469074565908716869e-04
6.883441720860430380e+00 1.486286510791457165e-04
6.923461730865432706e+00 1.503816516548305427e-04
6.963481740870435033e+00 1.521672680380625384e-04
7.003501750875437359e+00 1.539863363463876440e-04
7.043521760880439686e+00 1.558397201478707898e-04
7.083541770885442901e+00 1.577283115640507819e-04
7.123561780890445227e+00 1.596530324254780446e-04
7.163581790895447554e+00 1.616148354827433200e-04
7.203601800900449881e+00 1.636147056760878455e-04
7.243621810905452207e+00 1.656536614668842312e-04
7.283641820910455422e+00 1.677327562344858934e-04
7.323661830915457749e+00 1.698530797421689514e-04
7.363681840920460075e+00 1.720157596761330608e-04
7.403701850925462402e+00 1.742219632617859123e-04
7.443721860930464729e+00 1.764728989618184513e-04
7.483741870935467944e+00 1.787698182608704470e-04
7.523761880940470270e+00 1.811140175419173419e-04
7.563781890945472597e+00 1.835068400598472067e-04
7.603801900950474923e+00 1.859496780180734665e-04
7.643821910955477250e+00 1.884439747544301377e-04
7.683841920960480465e+00 1.909912270430256576e-04
7.723861930965482792e+00 1.935929875192009058e-04
7.763881940970485118e+00 1.962508672352356368e-04
7.803901950975487445e+00 1.989665383549922236e-04
7.843921960980489771e+00 2.017417369962695055e-04
7.883941970985492098e+00 2.045782662302725200e-04
7.923961980990495313e+00 2.074779992482875409e-04
7.963981990995497640e+00 2.104428827063910832e-04
8.004002001000500854e+00 2.134749402598240574e-04
8.044022011005502293e+00 2.165762762995263979e-04
8.084042021010505508e+00 2.197490799042730171e-04
8.124062031015506946e+00 2.229956290228649388e-04
8.164082041020510161e+00 2.263182949019459998e-04
8.204102051025513376e+00 2.297195467762076174e-04
8.244122061030514814e+00 2.332019568390624018e-04
8.284142071035518029e+00 2.367682055132826007e-04
8.324162081040519467e+00 2.404210870426490699e-04
8.364182091045522682e+00 2.441635154273487916e-04
8.404202101050525897e+00 2.479985307276898025e-04
8.444222111055527336e+00 2.519293057627203388e-04
8.484242121060530550e+00 2.559591532325218794e-04
8.524262131065531989e+00 2.600915332953465230e-04
8.564282141070535204e+00 2.643300616333910027e-04
8.604302151075536642e+00 2.686785180438683329e-04
8.644322161080539857e+00 2.731408555951770679e-04
8.684342171085543072e+00 2.777212103914265904e-04
8.724362181090544510e+00 2.824239119923522049e-04
8.764382191095547725e+00 2.872534945398206706e-04
8.804402201100549163e+00 2.922147086466901611e-04
8.844422211105552378e+00 2.973125341088333757e-04
8.884442221110555593e+00 3.025521935066735071e-04
8.924462231115557032e+00 3.079391667686951200e-04
8.964482241120560246e+00 3.134792067761592088e-04
9.004502251125561685e+00 3.191783560956963726e-04
9.044522261130564900e+00 3.250429649347284702e-04
9.084542271135568114e+00 3.310797104237940308e-04
9.124562281140569553e+00 3.372956173400057638e-04
9.164582291145572768e+00 3.436980803971135287e-04
9.204602301150574206e+00 3.502948882401442149e-04
9.244622311155577421e+00 3.570942492965130323e-04
9.284642321160580636e+00 3.641048196509759122e-04
9.324662331165582074e+00 3.713357331290830302e-04
9.364682341170585289e+00 3.787966337930722609e-04
9.404702351175586728e+00 3.864977110757050142e-04
9.444722361180589942e+00 3.944497378016971825e-04
9.484742371185593157e+00 4.026641113734337018e-04
9.524762381190594596e+00 4.111528984280392362e-04
9.564782391195597810e+00 4.199288833070044936e-04
9.604802401200599249e+00 4.290056207179755439e-04
9.644822411205602464e+00 4.383974930116363278e-04
9.684842421210605679e+00 4.481197725454739056e-04
9.724862431215607117e+00 4.581886896615126295e-04
9.764882441220610332e+00 4.686215068676663400e-04
9.804902451225611770e+00 4.794365998833523788e-04
9.844922461230614985e+00 4.906535462906581836e-04
9.884942471235618200e+00 5.022932226241068766e-04
9.924962481240619638e+00 5.143779108367038016e-04
9.964982491245622853e+00 5.269314151993926762e-04
1.000500250125062429e+01 5.399791908277436908e-04
1.004502251125562751e+01 5.535484851863607669e-04
1.008504252126063072e+01 5.676684941014081311e-04
1.012506253126563216e+01 5.823705340186969073e-04
1.016508254127063537e+01 5.976882324834991139e-04
1.020510255127563681e+01 6.136577390940644704e-04
1.024512256128064003e+01 6.303179595002687645e-04
1.028514257128564324e+01 6.477108153894420729e-04
1.032516258129064468e+01 6.658815338326418316e-04
1.036518259129564790e+01 6.848789698673102538e-04
1.040520260130064933e+01 7.047559667797844265e-04
1.044522261130565255e+01 7.255697592395583947e-04
1.048524262131065576e+01 7.473824252457966864e-04
1.052526263131565720e+01 7.702613937990975554e-04
1.056528264132066042e+01 7.942800163363715645e-04
1.060530265132566186e+01 8.195182112990495290e-04
1.064532266133066507e+01 8.460631927875277838e-04
1.068534267133566829e+01 8.740102961404705873e-04
1.072536268134066972e+01 9.034639155315395435e-04
1.076538269134567294e+01 9.345385713787786579e-04
1.080540270135067438e+01 9.673601286136335317e-04
1.084542271135567759e+01 1.002067190782624873e-03
1.088544272136068081e+01 1.038812699711779254e-03
1.092546273136568225e+01 1.077765776249942856e-03
1.096548274137068546e+01 1.119113844671653073e-03
1.100550275137568690e+01 1.163065091980952821e-03
1.104552276138069011e+01 1.209851324019705233e-03
1.108554277138569333e+01 1.259731293467278518e-03
1.112556278139069477e+01 1.312994591193758498e-03
1.116558279139569798e+01 1.369966212864878090e-03
1.120560280140069942e+01 1.431011938327142376e-03
1.124562281140570263e+01 1.496544693612140205e-03
1.128564282141070585e+01 1.567032106349815559e-03
1.132566283141570729e+01 1.643005517574821443e-03
1.136568284142071050e+01 1.725070779825609675e-03
1.140570285142571194e+01 1.813921257753201835e-03
1.144572286143071516e+01 1.910353559519053319e-03
1.148574287143571837e+01 2.015286673729916288e-03
1.152576288144071981e+01 2.129785379453498061e-03
1.156578289144572302e+01 2.255089052521193176e-03
1.160580290145072446e+01 2.392647333001560270e-03
1.164582291145572768e+01 2.544164579107319191e-03
1.168584292146073089e+01 2.711655658469305872e-03
1.172586293146573233e+01 2.897516485736070010e-03
1.176588294147073555e+01 3.104613903355513214e-03
1.180590295147573698e+01 3.336401163490614833e-03
1.184592296148074020e+01 3.597067616304143803e-03
1.188594297148574341e+01 3.891734563470816873e-03
1.192596298149074485e+01 4.226714082678230053e-03
1.196598299149574807e+01 4.609854718589461407e-03
1.200600300150074951e+01 5.051008435956439412e-03
1.204602301150575272e+01 5.562668981986588178e-03
1.208604302151075416e+01 6.160855741420593994e-03
1.212606303151575737e+01 6.866354009404355627e-03
1.216608304152076059e+01 7.706479998158414016e-03
1.220610305152576203e+01 8.717629222229213506e-03
1.224612306153076524e+01 9.949010050410465184e-03
1.228614307153576668e+01 1.146819103687631881e-02
1.232616308154076989e+01 1.336944507857478447e-02
1.236618309154577311e+01 1.578640304277719592e-02
1.240620310155077455e+01 1.891122616020118885e-02
1.244622311155577776e+01 2.302306208614570901e-02
1.248624312156077920e+01 2.852747293749200580e-02
1.252626313156578242e+01 3.600020549751253157e-02
1.256628314157078563e+01 4.619477795418876903e-02
1.260630315157578707e+01 5.986516947433110497e-02
1.264632316158079028e+01 7.700850552897714474e-02
1.268634317158579172e+01 9.502674062383464904e-02
1.272636318159079494e+01 1.070803931058177810e-01
1.276638319159579815e+01 1.059797970058411754e-01
1.280640320160079959e+01 9.267456448199576369e-02
1.284642321160580281e+01 7.498965586137000539e-02
1.288644322161080424e+01 5.905255710001360708e-02
1.292646323161580746e+01 4.684174007973823661e-02
1.296648324162081067e+01 3.816959908382151767e-02
1.300650325162581211e+01 3.229830210774225357e-02
1.304652326163081533e+01 2.848523961436249738e-02
1.308654327163581677e+01 2.597812096102176255e-02
1.312656328164081998e+01 2.393246161775617123e-02
1.316658329164582319e+01 2.171572220952116411e-02
1.320660330165082463e+01 1.934534521109481861e-02
1.324662331165582785e+01 1.721098013684330477e-02
1.328664332166082929e+01 1.555891711114341415e-02
1.332666333166583250e+01 1.442092242425799080e-02
1.336668334167083572e+01 1.374223595619053322e-02
1.340670335167583715e+01 1.346451623173019682e-02
1.344672336168084037e+01 1.355336804729508765e-02
1.348674337168584181e+01 1.400402859490733690e-02
1.352676338169084502e+01 1.484294436713982229e-02
1.356678339169584824e+01 1.613164267538777508e-02
1.360680340170084968e+01 1.797550972393055502e-02
1.364682341170585289e+01 2.053955826266144064e-02
1.368684342171085433e+01 2.407362737559573182e-02
1.372686343171585754e+01 2.894872986687975491e-02
1.376688344172086076e+01 3.569943799729479589e-02
1.380690345172586220e+01 4.503828578428621665e-02
1.384692346173086541e+01 5.771349605570413877e-02
1.388694347173586685e+01 7.385453508809704248e-02
1.392696348174087007e+01 9.128784907620993150e-02
1.396698349174587328e+01 1.037256840747128178e-01
1.400700350175087472e+01 1.037768873887461862e-01
1.404702351175587793e+01 9.134560430369051409e-02
1.408704352176087937e+01 7.375927406144194842e-02
1.412706353176588259e+01 5.737835286484879727e-02
1.416708354177088580e+01 4.444022858347337901e-02
1.420710355177588724e+01 3.483644777880539473e-02
1.424712356178089045e+01 2.781771245436834988e-02
1.428714357178589189e+01 2.266341012070966290e-02
1.432716358179089511e+01 1.882909296820971246e-02
1.436718359179589832e+01 1.593293156852336120e-02
1.440720360180089976e+01 1.371272462674587127e-02
1.444722361180590298e+01 1.198838431764544764e-02
1.448724362181090441e+01 1.063512336648930051e-02
1.452726363181590763e+01 9.565469954551099677e-03
1.456728364182091084e+01 8.717439903956146485e-03
1.460730365182591228e+01 8.046778718707564906e-03
1.464732366183091550e+01 7.521857715777149206e-03
1.468734367183591694e+01 7.120312053288843125e-03
1.472736368184092015e+01 6.826846055808183725e-03
1.476738369184592337e+01 6.631850747524942018e-03
1.480740370185092480e+01 6.530622997494628379e-03
1.484742371185592802e+01 6.523076223414270639e-03
1.488744372186092946e+01 6.613911076768707806e-03
1.492746373186593267e+01 6.813287812503028736e-03
1.496748374187093589e+01 7.138125782479219812e-03
1.500750375187593733e+01 7.614267464866046782e-03
1.504752376188094054e+01 8.279907054354057258e-03
1.508754377188594198e+01 9.190922461277662575e-03
1.512756378189094519e+01 1.042907503286225231e-02
1.516758379189594841e+01 1.211436684121336427e-02
1.520760380190094985e+01 1.442268276449319014e-02
1.524762381190595306e+01 1.760726726774808348e-02
1.528764382191095450e+01 2.201104991530420177e-02
1.532766383191595772e+01 2.801760895846383548e-02
1.536768384192096093e+01 3.578761517555926336e-02
1.540770385192596237e+01 4.451469240328193022e-02
1.544772386193096558e+01 5.141644080032471698e-02
1.548774387193596702e+01 5.262205725307910614e-02
1.552776388194097024e+01 4.726084138676869828e-02
1.556778389194597167e+01 3.863536668408517477e-02
1.560780390195097489e+01 3.022146764633883501e-02
1.564782391195597810e+01 2.344660688044791427e-02
1.568784392196097954e+01 1.837967935595131649e-02
1.572786393196598276e+01 1.466666753204044771e-02
1.576788394197098420e+01 1.193670665549641588e-02
1.580790395197598741e+01 9.902923154605267064e-03
1.584792396198099063e+01 8.362531988887462672e-03
1.588794397198599206e+01 7.175949580889948165e-03
1.592796398199099528e+01 6.247249977700108231e-03
1.596798399199599672e+01 5.509915679796598999e-03
1.600800400200100171e+01 4.917209438436377124e-03
1.604802401200600315e+01 4.435820934432737825e-03
1.608804402201100459e+01 4.041686224416664135e-03
1.612806403201600602e+01 3.717220094838481932e-03
1.616808404202101102e+01 3.449466979911717298e-03
1.620810405202601245e+01 3.228855253502906260e-03
1.624812406203101389e+01 3.048355082348882909e-03
1.628814407203601888e+01 2.902913586800150159e-03
1.632816408204102032e+01 2.789088543801819878e-03
1.636818409204602176e+01 2.704833685394945030e-03
1.640820410205102675e+01 2.649411639157414882e-03
1.644822411205602819e+01 2.623429521893581775e-03
1.648824412206102963e+01 2.629011010284723702e-03
1.652826413206603107e+01 2.670141178628924160e-03
1.656828414207103606e+01 2.753250823165384869e-03
1.660830415207603750e+01 2.888149950620319453e-03
1.664832416208103893e+01 3.089476992740335538e-03
1.668834417208604393e+01 3.378884205316812998e-03
1.672836418209104536e+01 3.788140038003039254e-03
1.676838419209604680e+01 4.362850261247074903e-03
1.680840420210105179e+01 5.164476452387743895e-03
1.684842421210605323e+01 6.262078393704013750e-03
1.688844422211105467e+01 7.692714542335264173e-03
1.692846423211605611e+01 9.370563795913874894e-03
1.696848424212106110e+01 1.100463959317036187e-02
1.700850425212606254e+01 1.214825499253886429e-02
1.704852426213106398e+01 1.231398532467347685e-02
1.708854427213606897e+01 1.128121674993504304e-02
1.712856428214107041e+01 9.482971110831215494e-03
1.716858429214607185e+01 7.610813827206180417e-03
1.720860430215107328e+01 6.046848960457572482e-03
1.724862431215607828e+01 4.855872343382419513e-03
1.728864432216107971e+01 3.975519614513166322e-03
1.732866433216608115e+01 3.325109010196656157e-03
1.736868434217108614e+01 2.838768661340707218e-03
1.740870435217608758e+01 2.469018592604158794e-03
1.744872436218108902e+01 2.182939526468242759e-03
1.748874437218609401e+01 1.957854882611973716e-03
1.752876438219109545e+01 1.778031032129608014e-03
1.756878439219609689e+01 1.632409373519196506e-03
1.760880440220109833e+01 1.513099876878132343e-03
1.764882441220610332e+01 1.414387146081521685e-03
1.768884442221110476e+01 1.332071178613972997e-03
1.772886443221610620e+01 1.263025455233046440e-03
1.776888444222111119e+01 1.204896937389742222e-03
1.780890445222611262e+01 1.155899772526462884e-03
1.784892446223111406e+01 1.114671779352018489e-03
1.788894447223611905e+01 1.080173706955226375e-03
1.792896448224112049e+01 1.051618213852454449e-03
1.796898449224612193e+01 1.028419997870175196e-03
1.800900450225112337e+01 1.010161459680348995e-03
1.804902451225612836e+01 9.965702857888526604e-04
1.808904452226112980e+01 9.875067635000192579e-04
1.812906453226613124e+01 9.829597399176224441e-04
1.816908454227113623e+01 9.830510914961042897e-04
1.820910455227613767e+01 9.880495350688774017e-04
1.824912456228113911e+01 9.983957471361324873e-04
1.828914457228614410e+01 1.014742269101244878e-03
1.832916458229114554e+01 1.038013854680460259e-03
1.836918459229614697e+01 1.069497212274188444e-03
1.840920460230114841e+01 1.110974221094060410e-03
1.844922461230615340e+01 1.164920770721880475e-03
1.848924462231115484e+01 1.234806052258785158e-03
1.852926463231615628e+01 1.325546540532700560e-03
1.856928464232116127e+01 1.444196401842823144e-03
1.860930465232616271e+01 1.600986477632855348e-03
1.864932466233116415e+01 1.810823914446951137e-03
1.868934467233616914e+01 2.095197223373836386e-03
1.872936468234117058e+01 2.483621406798630030e-03
1.876938469234617202e+01 3.010888526986909165e-03
1.880940470235117346e+01 3.698516953965177469e-03
1.884942471235617845e+01 4.497185744869413443e-03
1.888944472236117988e+01 5.192649679276920005e-03
1.892946473236618132e+01 5.433952989038001377e-03
1.896948474237118631e+01 5.069878547883787702e-03
1.900950475237618775e+01 4.349983854645005782e-03
1.904952476238118919e+01 3.608700547866553615e-03
1.908954477238619418e+01 3.006510984613594648e-03
1.912956478239119562e+01 2.564370229477148499e-03
1.916958479239619706e+01 2.253978401733650050e-03
1.920960480240119850e+01 2.041852281874651474e-03
1.924962481240620349e+01 1.901535552787196647e-03
1.928964482241120493e+01 1.814486227636365840e-03
1.932966483241620637e+01 1.768343906163505688e-03
1.936968484242121136e+01 1.755149949557592830e-03
1.940970485242621280e+01 1.770040086121393722e-03
1.944972486243121423e+01 1.810387893583986427e-03
1.948974487243621923e+01 1.875285565083792232e-03
1.952976488244122066e+01 1.965266482651794634e-03
1.956978489244622210e+01 2.082209033932595245e-03
1.960980490245122354e+01 2.229392179367173637e-03
1.964982491245622853e+01 2.411699411450428203e-03
1.968984492246122997e+01 2.635992541249884084e-03
1.972986493246623141e+01 2.911705073358959641e-03
1.976988494247123640e+01 3.251742881532898501e-03
1.980990495247623784e+01 3.673835829044094954e-03
1.984992496248123928e+01 4.202569956512062013e-03
1.988994497248624427e+01 4.872462543975021425e-03
1.992996498249124571e+01 5.732639512194609085e-03
1.996998499249624714e+01 6.853932956075984954e-03
2.001000500250124858e+01 8.339420267058684361e-03
2.005002501250625357e+01 1.033901657632161318e-02
2.009004502251125501e+01 1.306561030735690389e-02
2.013006503251625645e+01 1.679754570900935176e-02
2.017008504252126144e+01 2.181185417808039970e-02
2.021010505252626288e+01 2.810105168904625597e-02
2.025012506253126432e+01 3.468938019330203293e-02
2.029014507253626931e+01 3.903133622321530022e-02
2.033016508254127075e+01 3.847707981787237830e-02
2.037018509254627219e+01 3.340562621998208193e-02
2.041020510255127363e+01 2.671207842986497369e-02
2.045022511255627862e+01 2.063881672814334850e-02
2.049024512256128006e+01 1.589193327544519488e-02
2.053026513256628149e+01 1.237938065790218298e-02
2.057028514257128649e+01 9.810962331610393120e-03
2.061030515257628792e+01 7.919842556114191010e-03
2.065032516258128936e+01 6.506966425731334179e-03
2.069034517258629080e+01 5.433220078968922437e-03
2.073036518259129579e+01 4.603026491052669526e-03
2.077038519259629723e+01 3.950546296516060929e-03
2.081040520260129867e+01 3.429915997301288388e-03
2.085042521260630366e+01 3.008714700906698139e-03
2.089044522261130510e+01 2.663658749391038544e-03
2.093046523261630654e+01 2.377760484121999897e-03
2.097048524262131153e+01 2.138435969676269997e-03
2.101050525262631297e+01 1.936228598740372077e-03
2.105052526263131440e+01 1.763935829915641747e-03
2.109054527263631584e+01 1.616002972617217948e-03
2.113056528264132083e+01 1.488096267972178685e-03
2.117058529264632227e+01 1.376798039436901919e-03
2.121060530265132371e+01 1.279386112735474579e-03
2.125062531265632870e+01 1.193672200669691590e-03
2.129064532266133014e+01 1.117882085276123566e-03
2.133066533266633158e+01 1.050565796589793309e-03
2.137068534267133657e+01 9.905295729578577832e-04
2.141070535267633801e+01 9.367838141712238808e-04
2.145072536268133945e+01 8.885029009000761091e-04
2.149074537268634089e+01 8.449939062915566047e-04
2.153076538269134588e+01 8.056720336552957882e-04
2.157078539269634732e+01 7.700411869991165585e-04
2.161080540270134875e+01 7.376784914950655333e-04
2.165082541270635375e+01 7.082218777824112995e-04
2.169084542271135518e+01 6.813600607701111606e-04
2.173086543271635662e+01 6.568244033114541917e-04
2.177088544272136161e+01 6.343822738118530319e-04
2.181090545272636305e+01 6.138315957573003837e-04
2.185092546273136449e+01 5.949963543032833063e-04
2.189094547273636593e+01 5.777228761583637654e-04
2.193096548274137092e+01 5.618767381596685880e-04
2.197098549274637236e+01 5.473401901735586508e-04
2.201100550275137380e+01 5.340100014683050967e-04
2.205102551275637879e+01 5.217956581284394690e-04
2.209104552276138023e+01 5.106178536296448285e-04
2.213106553276638166e+01 5.004072262852631188e-04
2.217108554277138666e+01 4.911033066075076161e-04
2.221110555277638809e+01 4.826536452345534379e-04
2.225112556278138953e+01 4.750130983781778241e-04
2.229114557278639097e+01 4.681432530802669416e-04
2.233116558279139596e+01 4.620119792055040267e-04
2.237118559279639740e+01 4.565930992779607274e-04
2.241120560280139884e+01 4.518661712046587262e-04
2.245122561280640383e+01 4.478163828265199656e-04
2.249124562281140527e+01 4.444345613127434176e-04
2.253126563281640671e+01 4.417173049119335376e-04
2.257128564282141170e+01 4.396672497845168317e-04
2.261130565282641314e+01 4.382934909355739044e-04
2.265132566283141458e+01 4.376121841308266177e-04
2.269134567283641601e+01 4.376473657678968117e-04
2.273136568284142101e+01 4.384320408973700644e-04
2.277138569284642244e+01 4.400096072184701617e-04
2.281140570285142388e+01 4.424357067288864332e-04
2.285142571285642887e+01 4.457806294093743420e-04
2.289144572286143031e+01 4.501324387009906342e-04
2.293146573286643175e+01 4.556010522467145271e-04
2.297148574287143674e+01 4.623236018851969542e-04
2.301150575287643818e+01 4.704715270148197804e-04
2.305152576288143962e+01 4.802600448175205032e-04
2.309154577288644106e+01 4.919609198749297536e-04
2.313156578289144605e+01 5.059198721754596404e-04
2.317158579289644749e+01 5.225805921894358629e-04
2.321160580290144893e+01 5.425182961069094714e-04
2.325162581290645392e+01 5.664872498960499920e-04
2.329164582291145535e+01 5.954890360834589648e-04
2.333166583291645679e+01 6.308720461932256635e-04
2.337168584292146178e+01 6.744785667575183604e-04
2.341170585292646322e+01 7.288650974129408681e-04
2.345172586293146466e+01 7.976357226819678599e-04
2.349174587293646610e+01 8.859483291666514103e-04
2.353176588294147109e+01 1.001275018425247911e-03
2.357178589294647253e+01 1.154495296631221279e-03
2.361180590295147397e+01 1.361268679197655913e-03
2.365182591295647896e+01 1.643009954759452884e-03
2.369184592296148040e+01 2.024608302343101299e-03
2.373186593296648184e+01 2.520147472592326309e-03
2.377188594297148683e+01 3.089772513923556233e-03
2.381190595297648827e+01 3.572568217743967312e-03
2.385192596298148970e+01 3.716728717625018309e-03
2.389194597298649114e+01 3.428292116751808626e-03
2.393196598299149613e+01 2.896590926706273886e-03
2.397198599299649757e+01 2.357139879017359184e-03
2.401200600300149901e+01 1.917993877264705539e-03
2.405202601300650400e+01 1.590746560850498943e-03
2.409204602301150544e+01 1.354098895122733508e-03
2.413206603301650688e+01 1.183813107023055922e-03
2.417208604302150832e+01 1.060759134172721638e-03
2.421210605302651331e+01 9.713404789271878458e-04
2.425212606303151475e+01 9.062023068093579166e-04
2.429214607303651619e+01 8.589393213376831033e-04
2.433216608304152118e+01 8.251373657888060216e-04
2.437218609304652261e+01 8.017222427604119711e-04
2.441220610305152405e+01 7.865295059829137750e-04
2.445222611305652904e+01 7.780215670068398601e-04
2.449224612306153048e+01 7.751006662454546685e-04
2.453226613306653192e+01 7.769840560304023093e-04
2.457228614307153336e+01 7.831198649208281903e-04
2.461230615307653835e+01 7.931299223627605527e-04
2.465232616308153979e+01 8.067707656322577366e-04
2.469234617308654123e+01 8.239071772385922086e-04
2.473236618309154622e+01 8.444945961326469309e-04
2.477238619309654766e+01 8.685680404467076244e-04
2.481240620310154910e+01 8.962360404213161585e-04
2.485242621310655409e+01 9.276786748688083291e-04
2.489244622311155553e+01 9.631492399727654584e-04
2.493246623311655696e+01 1.002979427089880152e-03
2.497248624312155840e+01 1.047588198678421926e-03
2.501250625312656339e+01 1.097494871980488973e-03
2.505252626313156483e+01 1.153337291770871291e-03
2.509254627313656627e+01 1.215896447246335834e-03
2.513256628314157126e+01 1.286129532277224688e-03
2.517258629314657270e+01 1.365214362097592589e-03
2.521260630315157414e+01 1.454609394275647224e-03
2.525262631315657913e+01 1.556135594070675839e-03
2.529264632316158057e+01 1.672089410719169262e-03
2.533266633316658201e+01 1.805400798040121373e-03
2.537268634317158345e+01 1.959857499852785644e-03
2.541270635317658844e+01 2.140428302546042681e-03
2.545272636318158987e+01 2.353736101302272062e-03
2.549274637318659131e+01 2.608760044071218361e-03
2.553276638319159630e+01 2.917889031713446872e-03
2.557278639319659774e+01 3.298507907351267907e-03
2.561280640320159918e+01 3.775355714724136415e-03
2.565282641320660417e+01 4.383859193268222106e-03
2.569284642321160561e+01 5.174149123119774207e-03
2.573286643321660705e+01 6.213279402991830382e-03
2.577288644322160849e+01 7.575798526464564558e-03
2.581290645322661348e+01 9.294188089796345809e-03
2.585292646323161492e+01 1.122173034349477523e-02
2.589294647323661636e+01 1.285672021321794881e-02
2.593296648324162135e+01 1.353078256673228771e-02
2.597298649324662279e+01 1.315043745270094017e-02
2.601300650325162422e+01 1.235708968938475059e-02
2.605302651325662922e+01 1.180195038005944080e-02
2.609304652326163065e+01 1.178497491500892815e-02
2.613306653326663209e+01 1.239561366954241781e-02
2.617308654327163353e+01 1.368263483863679450e-02
2.621310655327663852e+01 1.572493296100686139e-02
2.625312656328163996e+01 1.864338988845022638e-02
2.629314657328664140e+01 2.261482241275059035e-02
2.633316658329164639e+01 2.792558514941211045e-02
2.637318659329664783e+01 3.491773385471824004e-02
2.641320660330164927e+01 4.368042507830390692e-02
2.645322661330665426e+01 5.369115611657949982e-02
2.649324662331165570e+01 6.321232779115075473e-02
2.653326663331665713e+01 6.844005631334383610e-02
2.657328664332165857e+01 6.570216838677181426e-02
2.661330665332666356e+01 5.619755899344514027e-02
2.665332666333166500e+01 4.467293804988008848e-02
2.669334667333666644e+01 3.449835153287435230e-02
2.673336668334167143e+01 2.661550814990120903e-02
2.677338669334667287e+01 2.078810463913867077e-02
2.681340670335167431e+01 1.651641959992594319e-02
2.685342671335667930e+01 1.335869397761494173e-02
2.689344672336168074e+01 1.098889872398232069e-02
2.693346673336668218e+01 9.179697202180729307e-03
2.697348674337168362e+01 7.774724892983394045e-03
2.701350675337668861e+01 6.665984757792581088e-03
2.705352676338169005e+01 5.777997360860545432e-03
2.709354677338669148e+01 5.057215749491627936e-03
2.713356678339169648e+01 4.465045655212404249e-03
2.717358679339669791e+01 3.973230588887752268e-03
2.721360680340169935e+01 3.560770584395122132e-03
2.725362681340670434e+01 3.211838063542990160e-03
2.729364682341170578e+01 2.914347972321948508e-03
2.733366683341670722e+01 2.658962563378032117e-03
2.737368684342170866e+01 2.438388936439101710e-03
2.741370685342671365e+01 2.246876622815828940e-03
2.745372686343171509e+01 2.079853870599597185e-03
2.749374687343671653e+01 1.933661532935906707e-03
2.753376688344172152e+01 1.805356706801230322e-03
2.757378689344672296e+01 1.692567070863414385e-03
2.761380690345172439e+01 1.593382830018075930e-03
2.765382691345672583e+01 1.506277311672136760e-03
2.769384692346173082e+01 1.430050243482583689e-03
2.773386693346673226e+01 1.363790034534944056e-03
2.777388694347173370e+01 1.306853328856049778e-03
2.781390695347673869e+01 1.258862003262459011e-03
2.785392696348174013e+01 1.219719949437081874e-03
2.789394697348674157e+01 1.189654758302459946e-03
2.793396698349174656e+01 1.169293142757881106e-03
2.797398699349674800e+01 1.159783530171410847e-03
2.801400700350174944e+01 1.162982727458912674e-03
2.805402701350675088e+01 1.181716465007363751e-03
2.809404702351175587e+01 1.220071442084076467e-03
2.813406703351675731e+01 1.283473146556913993e-03
2.817408704352175874e+01 1.377715879880914065e-03
2.821410705352676374e+01 1.505153742567537584e-03
2.825412706353176517e+01 1.657839561692436630e-03
2.829414707353676661e+01 1.819308452958758341e-03
2.833416708354177160e+01 1.991742340331018914e-03
2.837418709354677304e+01 2.215024447715683003e-03
2.841420710355177448e+01 2.534995778262218950e-03
2.845422711355677592e+01 2.951447452205875014e-03
2.849424712356178091e+01 3.362083664032607198e-03
2.853426713356678235e+01 3.551519660490481695e-03
2.857428714357178379e+01 3.364403340767107425e-03
2.861430715357678878e+01 2.900871127081965789e-03
2.865432716358179022e+01 2.381064321015450777e-03
2.869434717358679165e+01 1.936046629266888240e-03
2.873436718359179665e+01 1.594292767904300669e-03
2.877438719359679808e+01 1.341140234908734389e-03
2.881440720360179952e+01 1.154259942769513209e-03
2.885442721360680096e+01 1.014897684857924125e-03
2.889444722361180595e+01 9.094430794155511887e-04
2.893446723361680739e+01 8.284684143452659532e-04
2.897448724362180883e+01 7.655141451287660092e-04
2.901450725362681382e+01 7.161408148635255979e-04
2.905452726363181526e+01 6.772747676206579632e-04
2.909454727363681670e+01 6.467752261439690432e-04
2.913456728364182169e+01 6.231519293161093742e-04
2.917458729364682313e+01 6.053822221828806128e-04
2.921460730365182457e+01 5.927939445730070383e-04
2.925462731365682600e+01 5.849922342723398077e-04
2.929464732366183100e+01 5.818139046325316796e-04
2.933466733366683243e+01 5.832895872393177930e-04
2.937468734367183387e+01 5.895752278657530191e-04
2.941470735367683886e+01 6.007949552343728105e-04
2.945472736368184030e+01 6.168559017303302996e-04
2.949474737368684174e+01 6.377186120562454300e-04
2.953476738369184673e+01 6.643443427178932163e-04
2.957478739369684817e+01 6.989753316286321161e-04
2.961480740370184961e+01 7.444228453337599230e-04
2.965482741370685105e+01 8.038702695308524299e-04
2.969484742371185604e+01 8.813830280275246516e-04
2.973486743371685748e+01 9.826305946861045755e-04
2.977488744372185892e+01 1.115772500314866260e-03
2.981490745372686391e+01 1.292692439618423278e-03
2.985492746373186534e+01 1.530766040781736522e-03
2.989494747373686678e+01 1.855161926188915195e-03
2.993496748374187177e+01 2.300831674154533990e-03
2.997498749374687321e+01 2.910302002346432972e-03
3.001500750375187465e+01 3.714698862315497438e-03
3.005502751375687609e+01 4.670693270242701547e-03
3.009504752376188108e+01 5.545268263760366745e-03
3.013506753376688252e+01 5.911405810422294162e-03
3.017508754377188396e+01 5.523117511738960365e-03
3.021510755377688895e+01 4.636210745216738129e-03
3.025512756378189039e+01 3.675957227221901113e-03
3.029514757378689183e+01 2.869916985454144202e-03
3.033516758379189682e+01 2.258519524518047550e-03
3.037518759379689826e+01 1.809890791846709059e-03
3.041520760380189969e+01 1.481551275559704400e-03
3.045522761380690113e+01 1.238755412463308104e-03
3.049524762381190612e+01 1.056508821413254095e-03
3.053526763381690756e+01 9.175428366131597492e-04
3.057528764382190900e+01 8.100178172104594660e-04
3.061530765382691399e+01 7.257693561207759041e-04
3.065532766383191543e+01 6.591057320506684553e-04
3.069534767383691687e+01 6.060122003487443875e-04
3.073536768384192186e+01 5.636292859013321841e-04
3.077538769384692330e+01 5.299105386349700414e-04
3.081540770385192474e+01 5.033978431861667671e-04
3.085542771385692618e+01 4.830752023724696584e-04
3.089544772386193117e+01 4.682770470628762902e-04
3.093546773386693260e+01 4.586371943052210218e-04
3.097548774387193404e+01 4.540714659401917674e-04
3.101550775387693903e+01 4.547913635708427738e-04
3.105552776388194047e+01 4.613461447451138548e-04
3.109554777388694191e+01 4.746766963416207516e-04
3.113556778389194335e+01 4.961057070191402223e-04
3.117558779389694834e+01 5.270092162408322560e-04
3.121560780390194978e+01 5.675658510457038709e-04
3.125562781390695122e+01 6.141613605900657314e-04
3.129564782391195621e+01 6.584697047206537540e-04
3.133566783391695765e+01 6.952891487754715195e-04
3.137568784392195909e+01 7.322436895241709849e-04
3.141570785392696408e+01 7.843061674020739959e-04
3.145572786393196552e+01 8.644435294003039805e-04
3.149574787393696695e+01 9.837325058248481188e-04
3.153576788394196839e+01 1.155524140936902994e-03
3.157578789394697338e+01 1.398708073202882800e-03
3.161580790395197482e+01 1.738653838309664034e-03
3.165582791395697626e+01 2.201535640199005044e-03
3.169584792396198125e+01 2.788913928899832990e-03
3.173586793396698269e+01 3.414477938020861036e-03
3.177588794397198413e+01 3.842406324268916439e-03
3.181590795397698912e+01 3.812254564991281354e-03
3.185592796398199056e+01 3.341164401940830645e-03
3.189594797398699200e+01 2.700469240352216475e-03
3.193596798399199344e+01 2.111882136494438404e-03
3.197598799399699843e+01 1.649081116062863688e-03
3.201600800400200342e+01 1.305484469325387132e-03
3.205602801400700486e+01 1.053627988928390255e-03
3.209604802401200629e+01 8.677353121365116370e-04
3.213606803401700773e+01 7.284598439907709203e-04
3.217608804402200917e+01 6.222528731261117805e-04
3.221610805402701061e+01 5.398009118512394830e-04
3.225612806403201205e+01 4.746888147064763468e-04
3.229614807403702059e+01 4.224492323177111638e-04
3.233616808404202203e+01 3.799253646488124801e-04
3.237618809404702347e+01 3.448508698850982594e-04
3.241620810405202491e+01 3.155727007900865173e-04
3.245622811405702635e+01 2.908666094706042777e-04
3.249624812406202778e+01 2.698127848846771336e-04
3.253626813406702922e+01 2.517108374714446643e-04
3.257628814407203777e+01 2.360208404131164655e-04
3.261630815407703921e+01 2.223218647184493121e-04
3.265632816408204064e+01 2.102824319779803268e-04
3.269634817408704208e+01 1.996392111187279860e-04
3.273636818409204352e+01 1.901815127483885758e-04
3.277638819409704496e+01 1.817399398699427130e-04
3.281640820410205350e+01 1.741780945381435201e-04
3.285642821410705494e+01 1.673866157256681780e-04
3.289644822411205638e+01 1.612790956313810815e-04
3.293646823411705782e+01 1.557896170087153150e-04
3.297648824412205926e+01 1.508717369347701643e-04
3.301650825412706070e+01 1.464984937855858579e-04
3.305652826413206213e+01 1.426616568212045032e-04
3.309654827413707068e+01 1.393637796165011176e-04
3.313656828414207212e+01 1.365850397760798307e-04
3.317658829414707355e+01 1.341965510230975665e-04
3.321660830415207499e+01 1.318574027772738356e-04
3.325662831415707643e+01 1.291478640486039351e-04
3.329664832416207787e+01 1.260173296798005455e-04
3.333666833416707931e+01 1.228407264590578225e-04
3.337668834417208785e+01 1.199750626432156768e-04
3.341670835417708929e+01 1.175634560163996758e-04
3.345672836418209073e+01 1.156244684511179195e-04
3.349674837418709217e+01 1.141498994466740225e-04
3.353676838419209361e+01 1.131477001355642089e-04
3.357678839419709504e+01 1.126570931824243170e-04
3.361680840420210359e+01 1.127573731487139456e-04
3.365682841420710503e+01 1.135797114638580334e-04
3.369684842421210647e+01 1.153265753322403045e-04
3.373686843421710790e+01 1.183025247653821696e-04
3.377688844422210934e+01 1.229595046465908588e-04
3.381690845422711078e+01 1.299537092778697887e-04
3.385692846423211222e+01 1.401834123116854679e-04
3.389694847423712076e+01 1.546811759734704062e-04
3.393696848424212220e+01 1.739790465601877755e-04
3.397698849424712364e+01 1.962365071707899533e-04
3.401700850425212508e+01 2.144580283711968024e-04
3.405702851425712652e+01 2.181368587162951604e-04
3.409704852426212796e+01 2.038924461396211286e-04
3.413706853426712939e+01 1.799971498065273089e-04
3.417708854427213794e+01 1.561258342039437564e-04
3.421710855427713938e+01 1.365470650139310527e-04
3.425712856428214081e+01 1.216318787701468483e-04
3.429714857428714225e+01 1.104637982330355678e-04
3.433716858429214369e+01 1.020324781370177732e-04
3.437718859429714513e+01 9.554582875867198045e-05
3.441720860430214657e+01 9.044120284840264984e-05
3.445722861430715511e+01 8.633051715699425273e-05
3.449724862431215655e+01 8.294672893518719630e-05
3.453726863431715799e+01 8.010437734920794223e-05
3.457728864432215943e+01 7.767281413694152189e-05
3.461730865432716087e+01 7.555850923219253022e-05
3.465732866433216230e+01 7.369339247251702435e-05
3.469734867433717085e+01 7.202711801386419072e-05
3.473736868434217229e+01 7.052187065094986601e-05
3.477738869434717373e+01 6.914883004099266748e-05
3.481740870435217516e+01 6.788572823193417824e-05
3.485742871435717660e+01 6.671513766619726314e-05
3.489744872436217804e+01 6.562325406235531959e-05
3.493746873436717948e+01 6.459901928381152271e-05
3.497748874437218802e+01 6.363348100551724181e-05
3.501750875437718946e+01 6.271931950414123662e-05
3.505752876438219090e+01 6.185049389891426517e-05
3.509754877438719234e+01 6.102197480216101273e-05
3.513756878439219378e+01 6.022954019452718042e-05
3.517758879439719522e+01 5.946961806247513750e-05
3.521760880440219665e+01 5.873916397665242771e-05
3.525762881440720520e+01 5.803556503112113708e-05
3.529764882441220664e+01 5.735656385252434095e-05
3.533766883441720807e+01 5.670019802201269651e-05
3.537768884442220951e+01 5.606475143059837880e-05
3.541770885442721095e+01 5.544871494592598340e-05
3.545772886443221239e+01 5.485075439820727915e-05
3.549774887443722093e+01 5.426968435968448006e-05
3.553776888444222237e+01 5.370444654060099038e-05
3.557778889444722381e+01 5.315409188716085047e-05
3.561780890445222525e+01 5.261776566611768780e-05
3.565782891445722669e+01 5.209469497280516101e-05
3.569784892446222813e+01 5.158417821649902569e-05
3.573786893446722956e+01 5.108557622765862269e-05
3.577788894447223811e+01 5.059830470223846267e-05
3.581790895447723955e+01 5.012182775363421453e-05
3.585792896448224099e+01 4.965565238647962087e-05
3.589794897448724242e+01 4.919932374111722140e-05
3.593796898449224386e+01 4.875242098513486494e-05
3.597798899449724530e+01 4.831455375044504637e-05
3.601800900450224674e+01 4.788535903215320312e-05
3.605802901450725528e+01 4.746449847982901342e-05
3.609804902451225672e+01 4.705165602346339721e-05
3.613806903451725816e+01 4.664653578590984744e-05
3.617808904452225960e+01 4.624886024140528534e-05
3.621810905452726104e+01 4.585836858617475874e-05
3.625812906453226248e+01 4.547481529241537856e-05
3.629814907453727102e+01 4.509796882134102850e-05
3.633816908454227246e+01 4.472761047461532437e-05
3.637818909454727390e+01 4.436353336654207634e-05
3.641820910455227533e+01 4.400554150193435992e-05
3.645822911455727677e+01 4.365344894671955938e-05
3.649824912456227821e+01 4.330707908014637267e-05
3.653826913456727965e+01 4.296626391898233243e-05
3.657828914457228819e+01 4.263084350538519916e-05
3.661830915457728963e+01 4.230066535123210898e-05
3.665832916458229107e+01 4.197558393262656025e-05
3.669834917458729251e+01 4.165546022910823472e-05
3.673836918459229395e+01 4.134016130277683404e-05
3.677838919459729539e+01 4.102955991313258512e-05
3.681840920460229682e+01 4.072353416394724221e-05
3.685842921460730537e+01 4.042196717891803420e-05
3.689844922461230681e+01 4.012474680324028481e-05
3.693846923461730825e+01 3.983176532856356317e-05
3.697848924462230968e+01 3.954291923908656472e-05
3.701850925462731112e+01 3.925810897679563478e-05
3.705852926463231256e+01 3.897723872407200753e-05
3.709854927463732110e+01 3.870021620208495420e-05
3.713856928464232254e+01 3.842695248355779277e-05
3.717858929464732398e+01 3.815736181863983527e-05
3.721860930465232542e+01 3.789136147275145065e-05
3.725862931465732686e+01 3.762887157538173123e-05
3.729864932466232830e+01 3.736981497892253066e-05
3.733866933466732974e+01 3.711411712671186405e-05
3.737868934467233828e+01 3.686170592954078016e-05
3.741870935467733972e+01 3.661251164994933836e-05
3.745872936468234116e+01 3.636646679369934004e-05
3.749874937468734259e+01 3.612350600787133867e-05
3.753876938469234403e+01 3.588356598508067011e-05
3.757878939469734547e+01 3.564658537335580336e-05
3.761880940470234691e+01 3.541250469126074675e-05
3.765882941470735545e+01 3.518126624788098862e-05
3.769884942471235689e+01 3.495281406732570243e-05
3.773886943471735833e+01 3.472709381742692563e-05
3.777888944472235977e+01 3.450405274234532899e-05
3.781890945472736121e+01 3.428363959881456844e-05
3.785892946473236265e+01 3.406580459577921002e-05
3.789894947473736408e+01 3.385049933720007021e-05
3.793896948474237263e+01 3.363767676781966525e-05
3.797898949474737407e+01 3.342729112169631994e-05
3.801900950475237551e+01 3.321929787332983120e-05
3.805902951475737694e+01 3.301365369121624603e-05
3.809904952476237838e+01 3.281031639368061595e-05
3.813906953476737982e+01 3.260924490684798111e-05
3.817908954477238836e+01 3.241039922462352329e-05
3.821910955477738980e+01 3.221374037056204290e-05
3.825912956478239124e+01 3.201923036151480239e-05
3.829914957478739268e+01 3.182683217295104199e-05
3.833916958479239412e+01 3.163650970585744996e-05
3.837918959479739556e+01 3.144822775512604599e-05
3.841920960480239700e+01 3.126195197934707540e-05
3.845922961480740554e+01 3.107764887192908875e-05
3.849924962481240698e+01 3.089528573347340954e-05
3.853926963481740842e+01 3.071483064533505778e-05
3.857928964482240985e+01 3.053625244430689363e-05
3.861930965482741129e+01 3.035952069836735982e-05
3.865932966483241273e+01 3.018460568343624419e-05
3.869934967483741417e+01 3.001147836108641716e-05
3.873936968484242271e+01 2.984011035716251784e-05
3.877938969484742415e+01 2.967047394126088293e-05
3.881940970485242559e+01 2.950254200702746550e-05
3.885942971485742703e+01 2.933628805323323517e-05
3.889944972486242847e+01 2.917168616558920400e-05
3.893946973486742991e+01 2.900871099926487267e-05
3.897948974487243845e+01 2.884733776207662885e-05
3.901950975487743989e+01 2.868754219831419179e-05
3.905952976488244133e+01 2.852930057317489793e-05
3.909954977488744277e+01 2.837258965777779743e-05
3.913956978489244420e+01 2.821738671473081252e-05
3.917958979489744564e+01 2.806366948422546511e-05
3.921960980490244708e+01 2.791141617063560941e-05
3.925962981490745562e+01 2.776060542959725216e-05
3.929964982491245706e+01 2.761121635554866405e-05
3.933966983491745850e+01 2.746322846970973881e-05
3.937968984492245994e+01 2.731662170848228350e-05
3.941970985492746138e+01 2.717137641225254456e-05
3.945972986493246282e+01 2.702747331457898807e-05
3.949974987493746426e+01 2.688489353174879345e-05
3.953976988494247280e+01 2.674361855268788521e-05
3.957978989494747424e+01 2.660363022920948987e-05
3.961980990495247568e+01 2.646491076658727247e-05
3.965982991495747711e+01 2.632744271443990345e-05
3.969984992496247855e+01 2.619120895791425543e-05
3.973986993496747999e+01 2.605619270915529692e-05
3.977988994497248854e+01 2.592237749905113622e-05
3.981990995497748997e+01 2.578974716924251577e-05
3.985992996498249141e+01 2.565828586438591839e-05
3.989994997498749285e+01 2.552797802466099159e-05
3.993996998499249429e+01 2.539880837851236296e-05
3.997998999499749573e+01 2.527076193561712876e-05
4.002001000500249717e+01 2.514382398006915928e-05
4.006003001500750571e+01 2.501798006377239092e-05
4.010005002501250715e+01 2.489321600003493288e-05
4.014007003501750859e+01 2.476951785735653444e-05
4.018009004502251003e+01 2.464687195340267066e-05
4.022011005502751146e+01 2.452526484915773820e-05
4.026013006503251290e+01 2.440468334325152021e-05
4.030015007503751434e+01 2.428511446645215420e-05
4.034017008504252289e+01 2.416654547631982947e-05
4.038019009504752432e+01 2.404896385201561696e-05
4.042021010505252576e+01 2.393235728925950903e-05
4.046023011505752720e+01 2.381671369543305786e-05
4.050025012506252864e+01 2.370202118482094434e-05
4.054027013506753008e+01 2.358826807398708950e-05
4.058029014507253862e+01 2.347544287728046378e-05
4.062031015507754006e+01 2.336353430246635530e-05
4.066033016508254150e+01 2.325253124647842516e-05
4.070035017508754294e+01 2.314242279128810376e-05
4.074037018509254438e+01 2.303319819988675107e-05
4.078039019509754581e+01 2.292484691237735170e-05
4.082041020510254725e+01 2.281735854217174019e-05
4.086043021510755580e+01 2.271072287229009020e-05
4.090045022511255723e+01 2.260492985175934402e-05
4.094047023511755867e+01 2.249996959210716360e-05
4.098049024512256011e+01 2.239583236394861139e-05
4.102051025512756155e+01 2.229250859366231513e-05
4.106053026513256299e+01 2.218998886015349759e-05
4.110055027513756443e+01 2.208826389170094381e-05
4.114057028514257297e+01 2.198732456288538184e-05
4.118059029514757441e+01 2.188716189159665106e-05
4.122061030515257585e+01 2.178776703611721185e-05
4.126063031515757729e+01 2.168913129227978431e-05
4.130065032516257872e+01 2.159124609069655771e-05
4.134067033516758016e+01 2.149410299405803639e-05
4.138069034517258160e+01 2.139769369449935336e-05
4.142071035517759015e+01 2.130201001103186996e-05
4.146073036518259158e+01 2.120704388703829950e-05
4.150075037518759302e+01 2.111278738782927468e-05
4.154077038519259446e+01 2.101923269825971564e-05
4.158079039519759590e+01 2.092637212040304005e-05
4.162081040520259734e+01 2.083419807128175516e-05
4.166083041520760588e+01 2.074270308065248028e-05
4.170085042521260732e+01 2.065187978884413562e-05
4.174087043521760876e+01 2.056172094464748528e-05
4.178089044522261020e+01 2.047221940325476679e-05
4.182091045522761164e+01 2.038336812424788286e-05
4.186093046523261307e+01 2.029516016963371525e-05
4.190095047523761451e+01 2.020758870192538843e-05
4.194097048524262306e+01 2.012064698226803306e-05
4.198099049524762449e+01 2.003432836860795808e-05
4.202101050525262593e+01 1.994862631390375107e-05
4.206103051525762737e+01 1.986353436437853415e-05
4.210105052526262881e+01 1.977904615781187462e-05
4.214107053526763025e+01 1.969515542187056764e-05
4.218109054527263169e+01 1.961185597247694579e-05
4.222111055527764023e+01 1.952914171221389915e-05
4.226113056528264167e+01 1.944700662876559943e-05
4.230115057528764311e+01 1.936544479339280336e-05
4.234117058529264455e+01 1.928445035944200699e-05
4.238119059529764598e+01 1.920401756088745127e-05
4.242121060530264742e+01 1.912414071090514202e-05
4.246123061530765597e+01 1.904481420047798664e-05
4.250125062531265741e+01 1.896603249703126463e-05
4.254127063531765884e+01 1.888779014309771050e-05
4.258129064532266028e+01 1.881008175501129064e-05
4.262131065532766172e+01 1.873290202162903405e-05
4.266133066533266316e+01 1.865624570308023231e-05
4.270135067533766460e+01 1.858010762954212124e-05
4.274137068534267314e+01 1.850448270004164772e-05
4.278139069534767458e+01 1.842936588128243414e-05
4.282141070535267602e+01 1.835475220649628302e-05
4.286143071535767746e+01 1.828063677431882546e-05
4.290145072536267890e+01 1.820701474768859855e-05
4.294147073536768033e+01 1.813388135276880632e-05
4.298149074537268177e+01 1.806123187789143218e-05
4.302151075537769032e+01 1.798906167252304893e-05
4.306153076538269175e+01 1.791736614625186904e-05
4.310155077538769319e+01 1.784614076779528292e-05
4.314157078539269463e+01 1.777538106402768529e-05
4.318159079539769607e+01 1.770508261902793584e-05
4.322161080540269751e+01 1.763524107314597635e-05
4.326163081540770605e+01 1.756585212208819434e-05
4.330165082541270749e+01 1.749691151602108602e-05
4.334167083541770893e+01 1.742841505869264262e-05
4.338169084542271037e+01 1.736035860657129051e-05
4.342171085542771181e+01 1.729273806800177884e-05
4.346173086543271324e+01 1.722554940237760467e-05
4.350175087543771468e+01 1.715878861932975188e-05
4.354177088544272323e+01 1.709245177793115107e-05
4.358179089544772467e+01 1.702653498591676548e-05
4.362181090545272610e+01 1.696103439891853392e-05
4.366183091545772754e+01 1.689594621971526208e-05
4.370185092546272898e+01 1.683126669749686943e-05
4.374187093546773042e+01 1.676699212714273402e-05
4.378189094547273186e+01 1.670311884851371530e-05
4.382191095547774040e+01 1.663964324575774970e-05
4.386193096548274184e+01 1.657656174662847364e-05
4.390195097548774328e+01 1.651387082181679590e-05
4.394197098549274472e+01 1.645156698429494518e-05
4.398199099549774616e+01 1.638964678867280299e-05
4.402201100550274759e+01 1.632810683056628133e-05
4.406203101550775614e+01 1.626694374597740977e-05
4.410205102551275758e+01 1.620615421068593201e-05
4.414207103551775901e+01 1.614573493965203247e-05
4.418209104552276045e+01 1.608568268643012172e-05
4.422211105552776189e+01 1.602599424259334534e-05
4.426213106553276333e+01 1.596666643716855878e-05
4.430215107553776477e+01 1.590769613608160880e-05
4.434217108554277331e+01 1.584908024161266085e-05
4.438219109554777475e+01 1.579081569186133502e-05
4.442221110555277619e+01 1.573289946022148801e-05
4.446223111555777763e+01 1.567532855486539716e-05
4.450225112556277907e+01 1.561810001823716020e-05
4.454227113556778050e+01 1.556121092655515494e-05
4.458229114557278194e+01 1.550465838932324356e-05
4.462231115557779049e+01 1.544843954885070152e-05
4.466233116558279193e+01 1.539255157978054554e-05
4.470235117558779336e+01 1.533699168862618964e-05
4.474237118559279480e+01 1.528175711331618863e-05
4.478239119559779624e+01 1.522684512274690989e-05
4.482241120560279768e+01 1.517225301634301469e-05
4.486243121560779912e+01 1.511797812362552735e-05
4.490245122561280766e+01 1.506401780378736159e-05
4.494247123561780910e+01 1.501036944527622116e-05
4.498249124562281054e+01 1.495703046538451059e-05
4.502251125562781198e+01 1.490399830984641848e-05
4.506253126563281342e+01 1.485127045244174332e-05
4.510255127563781485e+01 1.479884439460654630e-05
4.514257128564282340e+01 1.474671766505032287e-05
4.518259129564782484e+01 1.469488781937968302e-05
4.522261130565282627e+01 1.464335243972832658e-05
4.526263131565782771e+01 1.459210913439324766e-05
4.530265132566282915e+01 1.454115553747700213e-05
4.534267133566783059e+01 1.449048930853597722e-05
4.538269134567283203e+01 1.444010813223444971e-05
4.542271135567784057e+01 1.439000971800439035e-05
4.546273136568284201e+01 1.434019179971092147e-05
4.550275137568784345e+01 1.429065213532322093e-05
4.554277138569284489e+01 1.424138850659083698e-05
4.558279139569784633e+01 1.419239871872534784e-05
4.562281140570284776e+01 1.414368060008715263e-05
4.566283141570784920e+01 1.409523200187735640e-05
4.570285142571285775e+01 1.404705079783469662e-05
4.574287143571785919e+01 1.399913488393732830e-05
4.578289144572286062e+01 1.395148217810937112e-05
4.582291145572786206e+01 1.390409061993225077e-05
4.586293146573286350e+01 1.385695817036062612e-05
4.590295147573786494e+01 1.381008281144282939e-05
4.594297148574287348e+01 1.376346254604574645e-05
4.598299149574787492e+01 1.371709539758416099e-05
4.602301150575287636e+01 1.367097940975418819e-05
4.606303151575787780e+01 1.362511264627114004e-05
4.610305152576287924e+01 1.357949319061131239e-05
4.614307153576788068e+01 1.353411914575797509e-05
4.618309154577288211e+01 1.348898863395117702e-05
4.622311155577789066e+01 1.344409979644163393e-05
4.626313156578289210e+01 1.339945079324828050e-05
4.630315157578789353e+01 1.335503980291964252e-05
4.634317158579289497e+01 1.331086502229891398e-05
4.638319159579789641e+01 1.326692466629263749e-05
4.642321160580289785e+01 1.322321696764290660e-05
4.646323161580789929e+01 1.317974017670310706e-05
4.650325162581290783e+01 1.313649256121703265e-05
4.654327163581790927e+01 1.309347240610145860e-05
4.658329164582291071e+01 1.305067801323185411e-05
4.662331165582791215e+01 1.300810770123151687e-05
4.666333166583291359e+01 1.296575980526378745e-05
4.670335167583791502e+01 1.292363267682738747e-05
4.674337168584292357e+01 1.288172468355490877e-05
4.678339169584792501e+01 1.284003420901424349e-05
4.682341170585292645e+01 1.279855965251301770e-05
4.686343171585792788e+01 1.275729942890593378e-05
4.690345172586292932e+01 1.271625196840494523e-05
4.694347173586793076e+01 1.267541571639229617e-05
4.698349174587293220e+01 1.263478913323627476e-05
4.702351175587794074e+01 1.259437069410970248e-05
4.706353176588294218e+01 1.255415888881110854e-05
4.710355177588794362e+01 1.251415222158847082e-05
4.714357178589294506e+01 1.247434921096554867e-05
4.718359179589794650e+01 1.243474838957083310e-05
4.722361180590294794e+01 1.239534830396882456e-05
4.726363181590794937e+01 1.235614751449390781e-05
4.730365182591295792e+01 1.231714459508651708e-05
4.734367183591795936e+01 1.227833813313175595e-05
4.738369184592296079e+01 1.223972672930023990e-05
4.742371185592796223e+01 1.220130899739131386e-05
4.746373186593296367e+01 1.216308356417844840e-05
4.750375187593796511e+01 1.212504906925685678e-05
4.754377188594297365e+01 1.208720416489330418e-05
4.758379189594797509e+01 1.204954751587806663e-05
4.762381190595297653e+01 1.201207779937884669e-05
4.766383191595797797e+01 1.197479370479698275e-05
4.770385192596297941e+01 1.193769393362543217e-05
4.774387193596798085e+01 1.190077719930899215e-05
4.778389194597298228e+01 1.186404222710626051e-05
4.782391195597799083e+01 1.182748775395369026e-05
4.786393196598299227e+01 1.179111252833143995e-05
4.790395197598799371e+01 1.175491531013114330e-05
4.794397198599299514e+01 1.171889487052546278e-05
4.798399199599799658e+01 1.168304999183950660e-05
4.802401200600299802e+01 1.164737946742398215e-05
4.806403201600799946e+01 1.161188210153008076e-05
4.810405202601300800e+01 1.157655670918614293e-05
4.814407203601800944e+01 1.154140211607596847e-05
4.818409204602301088e+01 1.150641715841872931e-05
4.822411205602801232e+01 1.147160068285067109e-05
4.826413206603301376e+01 1.143695154630827863e-05
4.830415207603801520e+01 1.140246861591310476e-05
4.834417208604301663e+01 1.136815076885810535e-05
4.838419209604802518e+01 1.133399689229558187e-05
4.842421210605302662e+01 1.130000588322656741e-05
4.846423211605802805e+01 1.126617664839169155e-05
4.850425212606302949e+01 1.123250810416357158e-05
4.854427213606803093e+01 1.119899917644058951e-05
4.858429214607303237e+01 1.116564880054206495e-05
4.862431215607804091e+01 1.113245592110493914e-05
4.866433216608304235e+01 1.109941949198166847e-05
4.870435217608804379e+01 1.106653847613958687e-05
4.874437218609304523e+01 1.103381184556153013e-05
4.878439219609804667e+01 1.100123858114783255e-05
4.882441220610304811e+01 1.096881767261954834e-05
4.886443221610804954e+01 1.093654811842297912e-05
4.890445222611305809e+01 1.090442892563545338e-05
4.894447223611805953e+01 1.087245910987230363e-05
4.898449224612306097e+01 1.084063769519506667e-05
4.902451225612806240e+01 1.080896371402091034e-05
4.906453226613306384e+01 1.077743620703318684e-05
4.910455227613806528e+01 1.074605422309317530e-05
4.914457228614306672e+01 1.071481681915291699e-05
4.918459229614807526e+01 1.068372306016924999e-05
4.922461230615307670e+01 1.065277201901887372e-05
4.926463231615807814e+01 1.062196277641453853e-05
4.930465232616307958e+01 1.059129442082228033e-05
4.934467233616808102e+01 1.056076604837975647e-05
4.938469234617308246e+01 1.053037676281556080e-05
4.942471235617809100e+01 1.050012567536962286e-05
4.946473236618309244e+01 1.047001190471455584e-05
4.950475237618809388e+01 1.044003457687805304e-05
4.954477238619309531e+01 1.041019282516621115e-05
4.958479239619809675e+01 1.038048579008787658e-05
4.962481240620309819e+01 1.035091261927986774e-05
4.966483241620809963e+01 1.032147246743322046e-05
4.970485242621310817e+01 1.029216449622026697e-05
4.974487243621810961e+01 1.026298787422269226e-05
4.978489244622311105e+01 1.023394177686045450e-05
4.982491245622811249e+01 1.020502538632157107e-05
4.986493246623311393e+01 1.017623789149282451e-05
4.990495247623811537e+01 1.014757848789128326e-05
4.994497248624311680e+01 1.011904637759665764e-05
4.998499249624812535e+01 1.009064076918453669e-05
5.002501250625312679e+01 1.006236087766040603e-05
5.006503251625812823e+01 1.003420592439448727e-05
5.010505252626312966e+01 1.000617513705735507e-05
5.014507253626813110e+01 9.978267749556372362e-06
5.018509254627313254e+01 9.950483001972872736e-06
5.022511255627814108e+01 9.922820140500100000e-06
5.026513256628314252e+01 9.895278417381962624e-06
5.030515257628814396e+01 9.867857090852425145e-06
5.034517258629314540e+01 9.840555425075694088e-06
5.038519259629814684e+01 9.813372690087149278e-06
5.042521260630314828e+01 9.786308161734922281e-06
5.046523261630814972e+01 9.759361121622177885e-06
5.050525262631315826e+01 9.732530857050195183e-06
5.054527263631815970e+01 9.705816660961956869e-06
5.058529264632316114e+01 9.679217831886534752e-06
5.062531265632816257e+01 9.652733673884096986e-06
5.066533266633316401e+01 9.626363496491572604e-06
5.070535267633816545e+01 9.600106614668944542e-06
5.074537268634316689e+01 9.573962348746211829e-06
5.078539269634817543e+01 9.547930024370909118e-06
5.082541270635317687e+01 9.522008972456352970e-06
5.086543271635817831e+01 9.496198529130370954e-06
5.090545272636317975e+01 9.470498035684716837e-06
5.094547273636818119e+01 9.444906838525060066e-06
5.098549274637318263e+01 9.419424289121532595e-06
5.102551275637819117e+01 9.394049743959866943e-06
5.106553276638319261e+01 9.368782564493122092e-06
5.110555277638819405e+01 9.343622117093944711e-06
5.114557278639319549e+01 9.318567773007374174e-06
5.118559279639819692e+01 9.293618908304221866e-06
5.122561280640319836e+01 9.268774903834962097e-06
5.126563281640819980e+01 9.244035145184165120e-06
5.130565282641320835e+01 9.219399022625472244e-06
5.134567283641820978e+01 9.194865931077036823e-06
5.138569284642321122e+01 9.170435270057517501e-06
5.142571285642821266e+01 9.146106443642557665e-06
5.146573286643321410e+01 9.121878860421764638e-06
5.150575287643821554e+01 9.097751933456181848e-06
5.154577288644321698e+01 9.073725080236213318e-06
5.158579289644822552e+01 9.049797722640073305e-06
5.162581290645322696e+01 9.025969286892676410e-06
5.166583291645822840e+01 9.002239203524966440e-06
5.170585292646322984e+01 8.978606907333777209e-06
5.174587293646823127e+01 8.955071837342049100e-06
5.178589294647323271e+01 8.931633436759577554e-06
5.182591295647823415e+01 8.908291152944141034e-06
5.186593296648324269e+01 8.885044437363096554e-06
5.190595297648824413e+01 8.861892745555376697e-06
5.194597298649324557e+01 8.838835537093942338e-06
5.198599299649824701e+01 8.815872275548611450e-06
5.202601300650324845e+01 8.793002428449340227e-06
5.206603301650824989e+01 8.770225467249878596e-06
5.210605302651325843e+01 8.747540867291839074e-06
5.214607303651825987e+01 8.724948107769189151e-06
5.218609304652326131e+01 8.702446671693043519e-06
5.222611305652826275e+01 8.680036045856976375e-06
5.226613306653326418e+01 8.657715720802594618e-06
5.230615307653826562e+01 8.635485190785543026e-06
5.234617308654326706e+01 8.613343953741892296e-06
5.238619309654827561e+01 8.591291511254843871e-06
5.242621310655327704e+01 8.569327368521846431e-06
5.246623311655827848e+01 8.547451034322042717e-06
5.250625312656327992e+01 8.525662020984050096e-06
5.254627313656828136e+01 8.503959844354169720e-06
5.258629314657328280e+01 8.482344023764795584e-06
5.262631315657828424e+01 8.460814082003338582e-06
5.266633316658329278e+01 8.439369545281318272e-06
5.270635317658829422e+01 8.418009943203937458e-06
5.274637318659329566e+01 8.396734808739841416e-06
5.278639319659829710e+01 8.375543678191300640e-06
5.282641320660329853e+01 8.354436091164664640e-06
5.286643321660829997e+01 8.333411590541157940e-06
5.290645322661330852e+01 8.312469722447955595e-06
5.294647323661830995e+01 8.291610036229594139e-06
5.298649324662331139e+01 8.270832084419650187e-06
5.302651325662831283e+01 8.250135422712764633e-06
5.306653326663331427e+01 8.229519609936934509e-06
5.310655327663831571e+01 8.208984208026075892e-06
5.314657328664331715e+01 8.188528781992929014e-06
5.318659329664832569e+01 8.168152899902186991e-06
5.322661330665332713e+01 8.147856132843963361e-06
5.326663331665832857e+01 8.127638054907490017e-06
5.330665332666333001e+01 8.107498243155126849e-06
5.334667333666833144e+01 8.087436277596600083e-06
5.338669334667333288e+01 8.067451741163550637e-06
5.342671335667833432e+01 8.047544219684309475e-06
5.346673336668334287e+01 8.027713301858994846e-06
5.350675337668834430e+01 8.007958579234770443e-06
5.354677338669334574e+01 7.988279646181444086e-06
5.358679339669834718e+01 7.968676099867283229e-06
5.362681340670334862e+01 7.949147540235077818e-06
5.366683341670835006e+01 7.929693569978457242e-06
5.370685342671335860e+01 7.910313794518446159e-06
5.374687343671836004e+01 7.891007821980265956e-06
5.378689344672336148e+01 7.871775263170354748e-06
5.382691345672836292e+01 7.852615731553636399e-06
5.386693346673336436e+01 7.833528843231036878e-06
5.390695347673836579e+01 7.814514216917183581e-06
5.394697348674336723e+01 7.795571473918382470e-06
5.398699349674837578e+01 7.776700238110764623e-06
5.402701350675337721e+01 7.757900135918732636e-06
5.406703351675837865e+01 7.739170796293510360e-06
5.410705352676338009e+01 7.720511850692024673e-06
5.414707353676838153e+01 7.701922933055914313e-06
5.418709354677338297e+01 7.683403679790799592e-06
5.422711355677838441e+01 7.664953729745733376e-06
5.426713356678339295e+01 7.646572724192875683e-06
5.430715357678839439e+01 7.628260306807359712e-06
5.434717358679339583e+01 7.610016123647346755e-06
5.438719359679839727e+01 7.591839823134311505e-06
5.442721360680339870e+01 7.573731056033497622e-06
5.446723361680840014e+01 7.555689475434574883e-06
5.450725362681340869e+01 7.537714736732478455e-06
5.454727363681841013e+01 7.519806497608470928e-06
5.458729364682341156e+01 7.501964418011340728e-06
5.462731365682841300e+01 7.484188160138814823e-06
5.466733366683341444e+01 7.466477388419173029e-06
5.470735367683841588e+01 7.448831769492991058e-06
5.474737368684341732e+01 7.431250972195108884e-06
5.478739369684842586e+01 7.413734667536752420e-06
5.482741370685342730e+01 7.396282528687849157e-06
5.486743371685842874e+01 7.378894230959475108e-06
5.490745372686343018e+01 7.361569451786524509e-06
5.494747373686843162e+01 7.344307870710510818e-06
5.498749374687343305e+01 7.327109169362556597e-06
5.502751375687843449e+01 7.309973031446524853e-06
5.506753376688344304e+01 7.292899142722339263e-06
5.510755377688844447e+01 7.275887190989453480e-06
5.514757378689344591e+01 7.258936866070465282e-06
5.518759379689844735e+01 7.242047859794922147e-06
5.522761380690344879e+01 7.225219865983246263e-06
5.526763381690845023e+01 7.208452580430835718e-06
5.530765382691345167e+01 7.191745700892312231e-06
5.534767383691846021e+01 7.175098927065923885e-06
5.538769384692346165e+01 7.158511960578088470e-06
5.542771385692846309e+01 7.141984504968079129e-06
5.546773386693346453e+01 7.125516265672887030e-06
5.550775387693846596e+01 7.109106950012163661e-06
5.554777388694346740e+01 7.092756267173398606e-06
5.558779389694847595e+01 7.076463928197143047e-06
5.562781390695347739e+01 7.060229645962445886e-06
5.566783391695847882e+01 7.044053135172371170e-06
5.570785392696348026e+01 7.027934112339699335e-06
5.574787393696848170e+01 7.011872295772727539e-06
5.578789394697348314e+01 6.995867405561219930e-06
5.582791395697848458e+01 6.979919163562501058e-06
5.586793396698349312e+01 6.964027293387628910e-06
5.590795397698849456e+01 6.948191520387785630e-06
5.594797398699349600e+01 6.932411571640690266e-06
5.598799399699849744e+01 6.916687175937224963e-06
5.602801400700349888e+01 6.901018063768134858e-06
5.606803401700850031e+01 6.885403967310882967e-06
5.610805402701350175e+01 6.869844620416587250e-06
5.614807403701851030e+01 6.854339758597119451e-06
5.618809404702351173e+01 6.838889119012315743e-06
5.622811405702851317e+01 6.823492440457276323e-06
5.626813406703351461e+01 6.808149463349803059e-06
5.630815407703851605e+01 6.792859929717966746e-06
5.634817408704351749e+01 6.777623583187760753e-06
5.638819409704852603e+01 6.762440168970880027e-06
5.642821410705352747e+01 6.747309433852628858e-06
5.646823411705852891e+01 6.732231126179883686e-06
5.650825412706353035e+01 6.717204995849257518e-06
5.654827413706853179e+01 6.702230794295272797e-06
5.658829414707353322e+01 6.687308274478706239e-06
5.662831415707853466e+01 6.672437190875030214e-06
5.666833416708354321e+01 6.657617299462933758e-06
5.670835417708854465e+01 6.642848357712982497e-06
5.674837418709354608e+01 6.628130124576326849e-06
5.678839419709854752e+01 6.613462360473599963e-06
5.682841420710354896e+01 6.598844827283809732e-06
5.686843421710855040e+01 6.584277288333433240e-06
5.690845422711355184e+01 6.569759508385513754e-06
5.694847423711856038e+01 6.555291253628939834e-06
5.698849424712356182e+01 6.540872291667763391e-06
5.702851425712856326e+01 6.526502391510638888e-06
5.706853426713356470e+01 6.512181323560344693e-06
5.710855427713856614e+01 6.497908859603412851e-06
5.714857428714356757e+01 6.483684772799831712e-06
5.718859429714857612e+01 6.469508837672856116e-06
5.722861430715357756e+01 6.455380830098908228e-06
5.726863431715857899e+01 6.441300527297552894e-06
5.730865432716358043e+01 6.427267707821567882e-06
5.734867433716858187e+01 6.413282151547119988e-06
5.738869434717358331e+01 6.399343639663988584e-06
5.742871435717858475e+01 6.385451954665933162e-06
5.746873436718359329e+01 6.371606880341072727e-06
5.750875437718859473e+01 6.357808201762427833e-06
5.754877438719359617e+01 6.344055705278470236e-06
5.758879439719859761e+01 6.330349178503820775e-06
5.762881440720359905e+01 6.316688410309972668e-06
5.766883441720860048e+01 6.303073190816160500e-06
5.770885442721360192e+01 6.289503311380217345e-06
5.774887443721861047e+01 6.275978564589619091e-06
5.778889444722361191e+01 6.262498744252511815e-06
5.782891445722861334e+01 6.249063645388889094e-06
5.786893446723361478e+01 6.235673064221787089e-06
5.790895447723861622e+01 6.222326798168598233e-06
5.794897448724361766e+01 6.209024645832442497e-06
5.798899449724862620e+01 6.195766406993620831e-06
5.802901450725362764e+01 6.182551882601124507e-06
5.806903451725862908e+01 6.169380874764232551e-06
5.810905452726363052e+01 6.156253186744199808e-06
5.814907453726863196e+01 6.143168622945957715e-06
5.818909454727363340e+01 6.130126988909962453e-06
5.822911455727863483e+01 6.117128091304039718e-06
5.826913456728364338e+01 6.104171737915358231e-06
5.830915457728864482e+01 6.091257737642447307e-06
5.834917458729364625e+01 6.078385900487261843e-06
5.838919459729864769e+01 6.065556037547347267e-06
5.842921460730364913e+01 6.052767961008064624e-06
5.846923461730865057e+01 6.040021484134865631e-06
5.850925462731365201e+01 6.027316421265652445e-06
5.854927463731866055e+01 6.014652587803179771e-06
5.858929464732366199e+01 6.002029800207556088e-06
5.862931465732866343e+01 5.989447875988758410e-06
5.866933466733366487e+01 5.976906633699270728e-06
5.870935467733866631e+01 5.964405892926711435e-06
5.874937468734366774e+01 5.951945474286605591e-06
5.878939469734866918e+01 5.939525199415142795e-06
5.882941470735367773e+01 5.927144890962046011e-06
5.886943471735867917e+01 5.914804372583478515e-06
5.890945472736368060e+01 5.902503468935005902e-06
5.894947473736868204e+01 5.890242005664636858e-06
5.898949474737368348e+01 5.878019809405891046e-06
5.902951475737868492e+01 5.865836707770973710e-06
5.906953476738369346e+01 5.853692529343934199e-06
5.910955477738869490e+01 5.841587103673971006e-06
5.914957478739369634e+01 5.829520261268705491e-06
5.918959479739869778e+01 5.817491833587569088e-06
5.922961480740369922e+01 5.805501653035227789e-06
5.926963481740870066e+01 5.793549552955037970e-06
5.930965482741370209e+01 5.781635367622621644e-06
5.934967483741871064e+01 5.769758932239398518e-06
5.938969484742371208e+01 5.757920082926262892e-06
5.942971485742871351e+01 5.746118656717247853e-06
5.946973486743371495e+01 5.734354491553284335e-06
5.950975487743871639e+01 5.722627426275982206e-06
5.954977488744371783e+01 5.710937300621467250e-06
5.958979489744871927e+01 5.699283955214300326e-06
5.962981490745372781e+01 5.687667231561379572e-06
5.966983491745872925e+01 5.676086972045978987e-06
5.970985492746373069e+01 5.664543019921752290e-06
5.974987493746873213e+01 5.653035219306836715e-06
5.978989494747373357e+01 5.641563415177989013e-06
5.982991495747873500e+01 5.630127453364766324e-06
5.986993496748374355e+01 5.618727180543767209e-06
5.990995497748874499e+01 5.607362444232904008e-06
5.994997498749374643e+01 5.596033092785718405e-06
5.998999499749874786e+01 5.584738975385766445e-06
6.003001500750374930e+01 5.573479942041020493e-06
6.007003501750875074e+01 5.562255843578336415e-06
6.011005502751375218e+01 5.551066531637957183e-06
6.015007503751876072e+01 5.539911858668065603e-06
6.019009504752376216e+01 5.528791677919363307e-06
6.023011505752876360e+01 5.517705843439712421e-06
6.027013506753376504e+01 5.506654210068811962e-06
6.031015507753876648e+01 5.495636633432929297e-06
6.035017508754376792e+01 5.484652969939651074e-06
6.039019509754876935e+01 5.473703076772679905e-06
6.043021510755377790e+01 5.462786811886692024e-06
6.047023511755877934e+01 5.451904034002223750e-06
6.051025512756378077e+01 5.441054602600589292e-06
6.055027513756878221e+01 5.430238377918851065e-06
6.059029514757378365e+01 5.419455220944822195e-06
6.063031515757878509e+01 5.408704993412119850e-06
6.067033516758379363e+01 5.397987557795240585e-06
6.071035517758879507e+01 5.387302777304690755e-06
6.075037518759379651e+01 5.376650515882138944e-06
6.079039519759879795e+01 5.366030638195621756e-06
6.083041520760379939e+01 5.355443009634783491e-06
6.087043521760880083e+01 5.344887496306138692e-06
6.091045522761380226e+01 5.334363965028396521e-06
6.095047523761881081e+01 5.323872283327790219e-06
6.099049524762381225e+01 5.313412319433480260e-06
6.103051525762881369e+01 5.302983942272966818e-06
6.107053526763381512e+01 5.292587021467533580e-06
6.111055527763881656e+01 5.282221427327759315e-06
6.115057528764381800e+01 5.271887030849018438e-06
6.119059529764881944e+01 5.261583703707067967e-06
6.123061530765382798e+01 5.251311318253608223e-06
6.127063531765882942e+01 5.241069747511946020e-06
6.131065532766383086e+01 5.230858865172639226e-06
6.135067533766883230e+01 5.220678545589187902e-06
6.139069534767383374e+01 5.210528663773764411e-06
6.143071535767883518e+01 5.200409095392984182e-06
6.147073536768384372e+01 5.190319716763689181e-06
6.151075537768884516e+01 5.180260404848784740e-06
6.155077538769384660e+01 5.170231037253080631e-06
6.159079539769884803e+01 5.160231492219195660e-06
6.163081540770384947e+01 5.150261648623469035e-06
6.167083541770885091e+01 5.140321385971916635e-06
6.171085542771385235e+01 5.130410584396210991e-06
6.175087543771886089e+01 5.120529124649701077e-06
6.179089544772386233e+01 5.110676888103441419e-06
6.183091545772886377e+01 5.100853756742283888e-06
6.187093546773386521e+01 5.091059613160969487e-06
6.191095547773886665e+01 5.081294340560252328e-06
6.195097548774386809e+01 5.071557822743082059e-06
6.199099549774886952e+01 5.061849944110783739e-06
6.203101550775387807e+01 5.052170589659274146e-06
6.207103551775887951e+01 5.042519644975315350e-06
6.211105552776388095e+01 5.032896996232787766e-06
6.215107553776888238e+01 5.023302530188992858e-06
6.219109554777388382e+01 5.013736134180990566e-06
6.223111555777888526e+01 5.004197696121951982e-06
6.227113556778388670e+01 4.994687104497545912e-06
6.231115557778889524e+01 4.985204248362360155e-06
6.235117558779389668e+01 4.975749017336337193e-06
6.239119559779889812e+01 4.966321301601230205e-06
6.243121560780389956e+01 4.956920991897114135e-06
6.247123561780890100e+01 4.947547979518894226e-06
6.251125562781390244e+01 4.938202156312851818e-06
6.255127563781891098e+01 4.928883414673211322e-06
6.259129564782391242e+01 4.919591647538747856e-06
6.263131565782891386e+01 4.910326748389395723e-06
6.267133566783391529e+01 4.901088611242895855e-06
6.271135567783891673e+01 4.891877130651482222e-06
6.275137568784391817e+01 4.882692201698550447e-06
6.279139569784891961e+01 4.873533719995396733e-06
6.283141570785392815e+01 4.864401581677956787e-06
6.287143571785892959e+01 4.855295683403574384e-06
6.291145572786393103e+01 4.846215922347789423e-06
6.295147573786893247e+01 4.837162196201151389e-06
6.299149574787393391e+01 4.828134403166064151e-06
6.303151575787893535e+01 4.819132441953635850e-06
6.307153576788393678e+01 4.810156211780585536e-06
6.311155577788894533e+01 4.801205612366108294e-06
6.315157578789394677e+01 4.792280543928865740e-06
6.319159579789894821e+01 4.783380907183874021e-06
6.323161580790394964e+01 4.774506603339512095e-06
6.327163581790895108e+01 4.765657534094519845e-06
6.331165582791395252e+01 4.756833601634998735e-06
6.335167583791896107e+01 4.748034708631464139e-06
6.339169584792396250e+01 4.739260758235900202e-06
6.343171585792896394e+01 4.730511654078837582e-06
6.347173586793396538e+01 4.721787300266465908e-06
6.351175587793896682e+01 4.713087601377745406e-06
6.355177588794396826e+01 4.704412462461563401e-06
6.359179589794896970e+01 4.695761789033889987e-06
6.363181590795397824e+01 4.687135487074966720e-06
6.367183591795897968e+01 4.678533463026517341e-06
6.371185592796398112e+01 4.669955623788958496e-06
6.375187593796898256e+01 4.661401876718655350e-06
6.379189594797398399e+01 4.652872129625190750e-06
6.383191595797898543e+01 4.644366290768639477e-06
6.387193596798398687e+01 4.635884268856868749e-06
6.391195597798899541e+01 4.627425973042880231e-06
6.395197598799399685e+01 4.618991312922135109e-06
6.399199599799899829e+01 4.610580198529916425e-06
6.403201600800400684e+01 4.602192540338713442e-06
6.407203601800900117e+01 4.593828249255621252e-06
6.411205602801400971e+01 4.585487236619746314e-06
6.415207603801900405e+01 4.577169414199661967e-06
6.419209604802401259e+01 4.568874694190828367e-06
6.423211605802900692e+01 4.560602989213099670e-06
6.427213606803401547e+01 4.552354212308185476e-06
6.431215607803902401e+01 4.544128276937179183e-06
6.435217608804401834e+01 4.535925096978059241e-06
6.439219609804902689e+01 4.527744586723242923e-06
6.443221610805402122e+01 4.519586660877142634e-06
6.447223611805902976e+01 4.511451234553746781e-06
6.451225612806402410e+01 4.503338223274204043e-06
6.455227613806903264e+01 4.495247542964429648e-06
6.459229614807404118e+01 4.487179109952743004e-06
6.463231615807903552e+01 4.479132840967516329e-06
6.467233616808404406e+01 4.471108653134797885e-06
6.471235617808903839e+01 4.463106463976024135e-06
6.475237618809404694e+01 4.455126191405703110e-06
6.479239619809904127e+01 4.447167753729107941e-06
6.483241620810404982e+01 4.439231069640006806e-06
6.487243621810905836e+01 4.431316058218410673e-06
6.491245622811405269e+01 4.423422638928326121e-06
6.495247623811906124e+01 4.415550731615508159e-06
6.499249624812405557e+01 4.407700256505270649e-06
6.503251625812906411e+01 4.399871134200258608e-06
6.507253626813405845e+01 4.392063285678300134e-06
6.511255627813906699e+01 4.384276632290203268e-06
6.515257628814407553e+01 4.376511095757622327e-06
6.519259629814906987e+01 4.368766598170911513e-06
6.523261630815407841e+01 4.361043061987001409e-06
6.527263631815907274e+01 4.353340410027290709e-06
6.531265632816408129e+01 4.345658565475542190e-06
6.535267633816907562e+01 4.337997451875814258e-06
6.539269634817408416e+01 4.330356993130384870e-06
6.543271635817909271e+01 4.322737113497700020e-06
6.547273636818408704e+01 4.315137737590340859e-06
6.551275637818909559e+01 4.307558790372979806e-06
6.555277638819408992e+01 4.300000197160397644e-06
6.559279639819909846e+01 4.292461883615460802e-06
6.563281640820410701e+01 4.284943775747146927e-06
6.567283641820910134e+01 4.277445799908583997e-06
6.571285642821410988e+01 4.269967882795062340e-06
6.575287643821910422e+01 4.262509951442131344e-06
6.579289644822411276e+01 4.255071933223631808e-06
6.583291645822910709e+01 4.247653755849804509e-06
6.587293646823411564e+01 4.240255347365364057e-06
6.591295647823912418e+01 4.232876636147621017e-06
6.595297648824411851e+01 4.225517550904604038e-06
6.599299649824912706e+01 4.218178020673170125e-06
6.603301650825412139e+01 4.210857974817180976e-06
6.607303651825912993e+01 4.203557343025631037e-06
6.611305652826412427e+01 4.196276055310849255e-06
6.615307653826913281e+01 4.189014042006647460e-06
6.619309654827414136e+01 4.181771233766546682e-06
6.623311655827913569e+01 4.174547561561961953e-06
6.627313656828414423e+01 4.167342956680425241e-06
6.631315657828913857e+01 4.160157350723826155e-06
6.635317658829414711e+01 4.152990675606631484e-06
6.639319659829914144e+01 4.145842863554173345e-06
6.643321660830414999e+01 4.138713847100879730e-06
6.647323661830915853e+01 4.131603559088568582e-06
6.651325662831415286e+01 4.124511932664746950e-06
6.655327663831916141e+01 4.117438901280880506e-06
6.659329664832415574e+01 4.110384398690729967e-06
6.663331665832916428e+01 4.103348358948661270e-06
6.667333666833415862e+01 4.096330716407986228e-06
6.671335667833916716e+01 4.089331405719295573e-06
6.675337668834417570e+01 4.082350361828826725e-06
6.679339669834917004e+01 4.075387519976821390e-06
6.683341670835417858e+01 4.068442815695896721e-06
6.687343671835917291e+01 4.061516184809446962e-06
6.691345672836418146e+01 4.054607563430029855e-06
6.695347673836917579e+01 4.047716887957779297e-06
6.699349674837418434e+01 4.040844095078823083e-06
6.703351675837919288e+01 4.033989121763704037e-06
6.707353676838418721e+01 4.027151905265839260e-06
6.711355677838919576e+01 4.020332383119942953e-06
6.715357678839419009e+01 4.013530493140511075e-06
6.719359679839919863e+01 4.006746173420262805e-06
6.723361680840420718e+01 3.999979362328650607e-06
6.727363681840920151e+01 3.993229998510327951e-06
6.731365682841421005e+01 3.986498020883650909e-06
6.735367683841920439e+01 3.979783368639196699e-06
6.739369684842421293e+01 3.973085981238270358e-06
6.743371685842920726e+01 3.966405798411441076e-06
6.747373686843421581e+01 3.959742760157070897e-06
6.751375687843922435e+01 3.953096806739871377e-06
6.755377688844421868e+01 3.946467878689461082e-06
6.759379689844922723e+01 3.939855916798904461e-06
6.763381690845422156e+01 3.933260862123332028e-06
6.767383691845923011e+01 3.926682655978472452e-06
6.771385692846422444e+01 3.920121239939293921e-06
6.775387693846923298e+01 3.913576555838571802e-06
6.779389694847424153e+01 3.907048545765515607e-06
6.783391695847923586e+01 3.900537152064388326e-06
6.787393696848424440e+01 3.894042317333113059e-06
6.791395697848923874e+01 3.887563984421948256e-06
6.795397698849424728e+01 3.881102096432108748e-06
6.799399699849924161e+01 3.874656596714416422e-06
6.803401700850425016e+01 3.868227428867978851e-06
6.807403701850925870e+01 3.861814536738850984e-06
6.811405702851425303e+01 3.855417864418723932e-06
6.815407703851926158e+01 3.849037356243595134e-06
6.819409704852425591e+01 3.842672956792490180e-06
6.823411705852926445e+01 3.836324610886144830e-06
6.827413706853425879e+01 3.829992263585736157e-06
6.831415707853926733e+01 3.823675860191588280e-06
6.835417708854427588e+01 3.817375346241911981e-06
6.839419709854927021e+01 3.811090667511540931e-06
6.843421710855427875e+01 3.804821770010670883e-06
6.847423711855927309e+01 3.798568599983622575e-06
6.851425712856428163e+01 3.792331103907590247e-06
6.855427713856927596e+01 3.786109228491422329e-06
6.859429714857428451e+01 3.779902920674385626e-06
6.863431715857929305e+01 3.773712127624963799e-06
6.867433716858428738e+01 3.767536796739644413e-06
6.871435717858929593e+01 3.761376875641700907e-06
6.875437718859429026e+01 3.755232312180029613e-06
6.879439719859929880e+01 3.749103054427937233e-06
6.883441720860429314e+01 3.742989050681982942e-06
6.887443721860930168e+01 3.736890249460787038e-06
6.891445722861431022e+01 3.730806599503884480e-06
6.895447723861930456e+01 3.724738049770565304e-06
6.899449724862431310e+01 3.718684549438711644e-06
6.903451725862930743e+01 3.712646047903675413e-06
6.907453726863431598e+01 3.706622494777123375e-06
6.911455727863932452e+01 3.700613839885927533e-06
6.915457728864431886e+01 3.694620033271033489e-06
6.919459729864932740e+01 3.688641025186341518e-06
6.923461730865432173e+01 3.682676766097613891e-06
6.927463731865933028e+01 3.676727206681359336e-06
6.931465732866432461e+01 3.670792297823750954e-06
6.935467733866933315e+01 3.664871990619528884e-06
6.939469734867434170e+01 3.658966236370927115e-06
6.943471735867933603e+01 3.653074986586604106e-06
6.947473736868434457e+01 3.647198192980557316e-06
6.951475737868933891e+01 3.641335807471083042e-06
6.955477738869434745e+01 3.635487782179710433e-06
6.959479739869934178e+01 3.629654069430160484e-06
6.963481740870435033e+01 3.623834621747292328e-06
6.967483741870935887e+01 3.618029391856086797e-06
6.971485742871435320e+01 3.612238332680606262e-06
6.975487743871936175e+01 3.606461397342968459e-06
6.979489744872435608e+01 3.600698539162344442e-06
6.983491745872936463e+01 3.594949711653931138e-06
6.987493746873435896e+01 3.589214868527965820e-06
6.991495747873936750e+01 3.583493963688707976e-06
6.995497748874437605e+01 3.577786951233471994e-06
6.999499749874937038e+01 3.572093785451619199e-06
7.003501750875437892e+01 3.566414420823587145e-06
7.007503751875937326e+01 3.560748812019922311e-06
7.011505752876438180e+01 3.555096913900296691e-06
7.015507753876937613e+01 3.549458681512564625e-06
7.019509754877438468e+01 3.543834070091784050e-06
7.023511755877939322e+01 3.538223035059289003e-06
7.027513756878438755e+01 3.532625532021732894e-06
7.031515757878939610e+01 3.527041516770141946e-06
7.035517758879439043e+01 3.521470945279001675e-06
7.039519759879939897e+01 3.515913773705312017e-06
7.043521760880439331e+01 3.510369958387667882e-06
7.047523761880940185e+01 3.504839455845348163e-06
7.051525762881441040e+01 3.499322222777404335e-06
7.055527763881940473e+01 3.493818216061745229e-06
7.059529764882441327e+01 3.488327392754247229e-06
7.063531765882940761e+01 3.482849710087854300e-06
7.067533766883441615e+01 3.477385125471682244e-06
7.071535767883942469e+01 3.471933596490146689e-06
7.075537768884441903e+01 3.466495080902079625e-06
7.079539769884942757e+01 3.461069536639845531e-06
7.083541770885442190e+01 3.455656921808487141e-06
7.087543771885943045e+01 3.450257194684850879e-06
7.091545772886442478e+01 3.444870313716735596e-06
7.095547773886943332e+01 3.439496237522028592e-06
7.099549774887444187e+01 3.434134924887872986e-06
7.103551775887943620e+01 3.428786334769813483e-06
7.107553776888444474e+01 3.423450426290956535e-06
7.111555777888943908e+01 3.418127158741143224e-06
7.115557778889444762e+01 3.412816491576112807e-06
7.119559779889944195e+01 3.407518384416692958e-06
7.123561780890445050e+01 3.402232797047962897e-06
7.127563781890945904e+01 3.396959689418454217e-06
7.131565782891445338e+01 3.391699021639332646e-06
7.135567783891946192e+01 3.386450753983595064e-06
7.139569784892445625e+01 3.381214846885276256e-06
7.143571785892946480e+01 3.375991260938639569e-06
7.147573786893445913e+01 3.370779956897407384e-06
7.151575787893946767e+01 3.365580895673949238e-06
7.155577788894447622e+01 3.360394038338524149e-06
7.159579789894947055e+01 3.355219346118492452e-06
7.163581790895447909e+01 3.350056780397540344e-06
7.167583791895947343e+01 3.344906302714923480e-06
7.171585792896448197e+01 3.339767874764691093e-06
7.175587793896947630e+01 3.334641458394935520e-06
7.179589794897448485e+01 3.329527015607036652e-06
7.183591795897949339e+01 3.324424508554906802e-06
7.187593796898448772e+01 3.319333899544254634e-06
7.191595797898949627e+01 3.314255151031828341e-06
7.195597798899449060e+01 3.309188225624699896e-06
7.199599799899949915e+01 3.304133086079507812e-06
7.203601800900449348e+01 3.299089695301751135e-06
7.207603801900950202e+01 3.294058016345046600e-06
7.211605802901451057e+01 3.289038012410420932e-06
7.215607803901950490e+01 3.284029646845590866e-06
7.219609804902451344e+01 3.279032883144247412e-06
7.223611805902950778e+01 3.274047684945353655e-06
7.227613806903451632e+01 3.269074016032434102e-06
7.231615807903951065e+01 3.264111840332885194e-06
7.235617808904451920e+01 3.259161121917263373e-06
7.239619809904952774e+01 3.254221824998615083e-06
7.243621810905452207e+01 3.249293913931766954e-06
7.247623811905953062e+01 3.244377353212659187e-06
7.251625812906452495e+01 3.239472107477652681e-06
7.255627813906953349e+01 3.234578141502859456e-06
7.259629814907454204e+01 3.229695420203466715e-06
7.263631815907953637e+01 3.224823908633080825e-06
7.267633816908454492e+01 3.219963571983037824e-06
7.271635817908953925e+01 3.215114375581766882e-06
7.275637818909454779e+01 3.210276284894121141e-06
7.279639819909954213e+01 3.205449265520725502e-06
7.283641820910455067e+01 3.200633283197326951e-06
7.287643821910955921e+01 3.195828303794154198e-06
7.291645822911455355e+01 3.191034293315265467e-06
7.295647823911956209e+01 3.186251217897914912e-06
7.299649824912455642e+01 3.181479043811920732e-06
7.303651825912956497e+01 3.176717737459026930e-06
7.307653826913455930e+01 3.171967265372280747e-06
7.311655827913956784e+01 3.167227594215399499e-06
7.315657828914457639e+01 3.162498690782165379e-06
7.319659829914957072e+01 3.157780521995797378e-06
7.323661830915457926e+01 3.153073054908326598e-06
7.327663831915957360e+01 3.148376256700013495e-06
7.331665832916458214e+01 3.143690094678707944e-06
7.335667833916957647e+01 3.139014536279281306e-06
7.339669834917458502e+01 3.134349549062989880e-06
7.343671835917959356e+01 3.129695100716903580e-06
7.347673836918458790e+01 3.125051159053303694e-06
7.351675837918959644e+01 3.120417692009087847e-06
7.355677838919459077e+01 3.115794667645191473e-06
7.359679839919959932e+01 3.111182054145997434e-06
7.363681840920459365e+01 3.106579819818761734e-06
7.367683841920960219e+01 3.101987933093024829e-06
7.371685842921461074e+01 3.097406362520054279e-06
7.375687843921960507e+01 3.092835076772260298e-06
7.379689844922461361e+01 3.088274044642627814e-06
7.383691845922960795e+01 3.083723235044166326e-06
7.387693846923461649e+01 3.079182617009327142e-06
7.391695847923961082e+01 3.074652159689468477e-06
7.395697848924461937e+01 3.070131832354275241e-06
7.399699849924962791e+01 3.065621604391228365e-06
7.403701850925462224e+01 3.061121445305044071e-06
7.407703851925963079e+01 3.056631324717128381e-06
7.411705852926462512e+01 3.052151212365036710e-06
7.415707853926963367e+01 3.047681078101935998e-06
7.419709854927464221e+01 3.043220891896057956e-06
7.423711855927963654e+01 3.038770623830180673e-06
7.427713856928464509e+01 3.034330244101076784e-06
7.431715857928963942e+01 3.029899723019004396e-06
7.435717858929464796e+01 3.025479031007167106e-06
7.439719859929964230e+01 3.021068138601203242e-06
7.443721860930465084e+01 3.016667016448655195e-06
7.447723861930965938e+01 3.012275635308461202e-06
7.451725862931465372e+01 3.007893966050439075e-06
7.455727863931966226e+01 3.003521979654765703e-06
7.459729864932465659e+01 2.999159647211485770e-06
7.463731865932966514e+01 2.994806939919986176e-06
7.467733866933465947e+01 2.990463829088518303e-06
7.471735867933966802e+01 2.986130286133664390e-06
7.475737868934467656e+01 2.981806282579871241e-06
7.479739869934967089e+01 2.977491790058941155e-06
7.483741870935467944e+01 2.973186780309535991e-06
7.487743871935967377e+01 2.968891225176696474e-06
7.491745872936468231e+01 2.964605096611350073e-06
7.495747873936967665e+01 2.960328366669829037e-06
7.499749874937468519e+01 2.956061007513386737e-06
7.503751875937969373e+01 2.951802991407722908e-06
7.507753876938468807e+01 2.947554290722502108e-06
7.511755877938969661e+01 2.943314877930884887e-06
7.515757878939469094e+01 2.939084725609047942e-06
7.519759879939969949e+01 2.934863806435726717e-06
7.523761880940469382e+01 2.930652093191738530e-06
7.527763881940970236e+01 2.926449558759531520e-06
7.531765882941471091e+01 2.922256176122705655e-06
7.535767883941970524e+01 2.918071918365571426e-06
7.539769884942471379e+01 2.913896758672683555e-06
7.543771885942970812e+01 2.909730670328392495e-06
7.547773886943471666e+01 2.905573626716384059e-06
7.551775887943971100e+01 2.901425601319242786e-06
7.555777888944471954e+01 2.897286567717991143e-06
7.559779889944972808e+01 2.893156499591663479e-06
7.563781890945472242e+01 2.889035370716848616e-06
7.567783891945973096e+01 2.884923154967253214e-06
7.571785892946472529e+01 2.880819826313269353e-06
7.575787893946973384e+01 2.876725358821534504e-06
7.579789894947472817e+01 2.872639726654509279e-06
7.583791895947973671e+01 2.868562904070028083e-06
7.587793896948474526e+01 2.864494865420893386e-06
7.591795897948973959e+01 2.860435585154433146e-06
7.595797898949474813e+01 2.856385037812081528e-06
7.599799899949974247e+01 2.852343198028966823e-06
7.603801900950475101e+01 2.848310040533479885e-06
7.607803901950975956e+01 2.844285540146861625e-06
7.611805902951475389e+01 2.840269671782794319e-06
7.615807903951976243e+01 2.836262410446980207e-06
7.619809904952475677e+01 2.832263731236738310e-06
7.623811905952976531e+01 2.828273609340591070e-06
7.627813906953475964e+01 2.824292020037862441e-06
7.631815907953976819e+01 2.820318938698270037e-06
7.635817908954477673e+01 2.816354340781530417e-06
7.639819909954977106e+01 2.812398201836950816e-06
7.643821910955477961e+01 2.808450497503040355e-06
7.647823911955977394e+01 2.804511203507104313e-06
7.651825912956478248e+01 2.800580295664862537e-06
7.655827913956977682e+01 2.796657749880047529e-06
7.659829914957478536e+01 2.792743542144024549e-06
7.663831915957979390e+01 2.788837648535398165e-06
7.667833916958478824e+01 2.784940045219628556e-06
7.671835917958979678e+01 2.781050708448650335e-06
7.675837918959479111e+01 2.777169614560489280e-06
7.679839919959979966e+01 2.773296739978879039e-06
7.683841920960479399e+01 2.769432061212899881e-06
7.687843921960980254e+01 2.765575554856579311e-06
7.691845922961481108e+01 2.761727197588539712e-06
7.695847923961980541e+01 2.757886966171619715e-06
7.699849924962481396e+01 2.754054837452497274e-06
7.703851925962980829e+01 2.750230788361337721e-06
7.707853926963481683e+01 2.746414795911410909e-06
7.711855927963981117e+01 2.742606837198743079e-06
7.715857928964481971e+01 2.738806889401742475e-06
7.719859929964982825e+01 2.735014929780849092e-06
7.723861930965482259e+01 2.731230935678170877e-06
7.727863931965983113e+01 2.727454884517125013e-06
7.731865932966482546e+01 2.723686753802097829e-06
7.735867933966983401e+01 2.719926521118069574e-06
7.739869934967482834e+01 2.716174164130282792e-06
7.743871935967983688e+01 2.712429660583883190e-06
7.747873936968484543e+01 2.708692988303576585e-06
7.751875937968983976e+01 2.704964125193287973e-06
7.755877938969484831e+01 2.701243049235803658e-06
7.759879939969984264e+01 2.697529738492443453e-06
7.763881940970485118e+01 2.693824171102710851e-06
7.767883941970985973e+01 2.690126325283965226e-06
7.771885942971485406e+01 2.686436179331072432e-06
7.775887943971986260e+01 2.682753711616079964e-06
7.779889944972485694e+01 2.679078900587883653e-06
7.783891945972986548e+01 2.675411724771882920e-06
7.787893946973485981e+01 2.671752162769671615e-06
7.791895947973986836e+01 2.668100193258686067e-06
7.795897948974487690e+01 2.664455794991903547e-06
7.799899949974987123e+01 2.660818946797498369e-06
7.803901950975487978e+01 2.657189627578527218e-06
7.807903951975987411e+01 2.653567816312604738e-06
7.811905952976488265e+01 2.649953492051586739e-06
7.815907953976987699e+01 2.646346633921250019e-06
7.819909954977488553e+01 2.642747221120970494e-06
7.823911955977989408e+01 2.639155232923416147e-06
7.827913956978488841e+01 2.635570648674236588e-06
7.831915957978989695e+01 2.631993447791734834e-06
7.835917958979489129e+01 2.628423609766574654e-06
7.839919959979989983e+01 2.624861114161457852e-06
7.843921960980489416e+01 2.621305940610828653e-06
7.847923961980990271e+01 2.617758068820561569e-06
7.851925962981491125e+01 2.614217478567654776e-06
7.855927963981990558e+01 2.610684149699939155e-06
7.859929964982491413e+01 2.607158062135758118e-06
7.863931965982990846e+01 2.603639195863690199e-06
7.867933966983491700e+01 2.600127530942232691e-06
7.871935967983991134e+01 2.596623047499515349e-06
7.875937968984491988e+01 2.593125725732997997e-06
7.879939969984992842e+01 2.589635545909187199e-06
7.883941970985492276e+01 2.586152488363333862e-06
7.887943971985993130e+01 2.582676533499147793e-06
7.891945972986492563e+01 2.579207661788509281e-06
7.895947973986993418e+01 2.575745853771172634e-06
7.899949974987492851e+01 2.572291090054492591e-06
7.903951975987993706e+01 2.568843351313132938e-06
7.907953976988494560e+01 2.565402618288778946e-06
7.911955977988993993e+01 2.561968871789864197e-06
7.915957978989494848e+01 2.558542092691280057e-06
7.919959979989994281e+01 2.555122261934106315e-06
7.923961980990495135e+01 2.551709360525326160e-06
7.927963981990994569e+01 2.548303369537553009e-06
7.931965982991495423e+01 2.544904270108748875e-06
7.935967983991996277e+01 2.541512043441963473e-06
7.939969984992495711e+01 2.538126670805047927e-06
7.943971985992996565e+01 2.534748133530393039e-06
7.947973986993495998e+01 2.531376413014656540e-06
7.951975987993996853e+01 2.528011490718488652e-06
7.955977988994497707e+01 2.524653348166275440e-06
7.959979989994997140e+01 2.521301966945869453e-06
7.963981990995497995e+01 2.517957328708317827e-06
7.967983991995997428e+01 2.514619415167609870e-06
7.971985992996498283e+01 2.511288208100406856e-06
7.975987993996997716e+01 2.507963689345787073e-06
7.979989994997498570e+01 2.504645840804981966e-06
7.983991995997999425e+01 2.501334644441123301e-06
7.987993996998498858e+01 2.498030082278979740e-06
7.991995997998999712e+01 2.494732136404706537e-06
7.995997998999499146e+01 2.491440788965590164e-06
8.000000000000000000e+01 2.488156022169789114e-06
