tier,restart_idx,param_seed,final_train_cost,final_test_cost
2,0,200000802,6.124864e-03,3.140957e+01
2,1,200000803,1.169961e-02,2.247219e+01
2,2,200000804,4.267376e-03,1.973773e+01
2,3,200000805,1.172712e-02,1.984936e+01
2,4,200000806,1.704130e-02,1.563654e+01
2,5,200000807,1.062361e-02,7.004653e+00
2,6,200000808,1.638437e-02,8.528357e+00
2,7,200000809,9.978274e-03,7.399740e+00
2,8,200000810,7.568385e-03,1.106209e+01
2,9,200000811,7.428192e-03,1.985254e+01
