tier,restart_idx,param_seed,final_train_cost,final_test_cost
5,0,200001105,2.316978e-01,9.310148e-01
5,1,200001106,1.491927e-02,2.440612e-01
5,2,200001107,4.781186e-02,4.389958e-01
5,3,200001108,3.272757e-01,1.292061e+00
5,4,200001109,3.216876e-02,1.185577e-01
5,5,200001110,1.018029e-01,5.094903e-01
5,6,200001111,3.438684e-02,1.427128e-01
5,7,200001112,8.994396e-02,2.436208e-01
5,8,200001113,4.800351e-01,2.294912e+00
5,9,200001114,1.780121e-02,1.134143e-01
