tier,restart_idx,param_seed,final_train_cost,final_test_cost
9,0,200001509,4.728022e-02,7.704987e-02
9,1,200001510,1.165932e-01,1.200580e-01
9,2,200001511,6.478526e-02,1.255378e-01
9,3,200001512,9.452973e-02,1.028654e-01
9,4,200001513,1.829501e-01,1.653069e+00
9,5,200001514,3.723504e-02,1.169766e-01
9,6,200001515,3.536833e-01,3.359941e-01
9,7,200001516,3.666191e-02,3.005329e-02
9,8,200001517,3.047625e-02,6.336559e-02
9,9,200001518,8.665109e-01,2.953596e-01
