{
  "restart": 29,
  "seed": 87,
  "iters": 30000,
  "lr": 0.05,
  "best_iter": 29536,
  "best_cost": 0.0022796285338699818,
  "best_alphaD_mean": 0.00020957919705310126,
  "n": 9
}