{
  "restart": 29,
  "seed": 87,
  "iters": 30000,
  "lr": 0.05,
  "best_iter": 29648,
  "best_cost": 0.0014086440205574036,
  "best_alphaD_mean": 0.00016503112991774887,
  "n": 15
}