{
  "restart": 9,
  "seed": 67,
  "iters": 30000,
  "lr": 0.05,
  "best_iter": 29998,
  "best_cost": 0.0017531386110931635,
  "best_alphaD_mean": 0.00018848560022718955,
  "n": 6
}