{
  "restart": 26,
  "seed": 84,
  "iters": 30000,
  "lr": 0.05,
  "best_iter": 29939,
  "best_cost": 0.002420934149995446,
  "best_alphaD_mean": 0.00020851296553657433,
  "n": 8
}