{
  "restart": 1,
  "seed": 59,
  "iters": 30000,
  "lr": 0.05,
  "best_iter": 29999,
  "best_cost": 0.0020138684194535017,
  "best_alphaD_mean": 0.0002030239943613361,
  "n": 6
}