tier,restart_idx,param_seed,final_train_cost,final_test_cost
6,0,146001044,2.910058e-01,7.401994e-01
6,1,146001045,7.246797e-03,5.699471e-01
6,2,146001046,9.204299e-02,2.539075e-01
6,3,146001047,1.148773e-01,5.250602e-01
6,4,146001048,3.866087e-02,4.037095e-01
6,5,146001049,6.348582e-02,2.275743e-01
6,6,146001050,6.277441e-02,2.932110e-01
6,7,146001051,3.470520e-02,1.300504e-01
6,8,146001052,3.907451e-02,1.658094e-01
6,9,146001053,2.282800e-02,9.523648e-02
