tier,restart_idx,param_seed,final_train_cost,final_test_cost
5,0,146000943,1.177440e-01,6.088047e-01
5,1,146000944,2.021886e-01,6.325163e-01
5,2,146000945,1.844148e-01,1.065861e+00
5,3,146000946,2.055529e-01,1.077245e+00
5,4,146000947,3.577352e-02,1.914748e-01
5,5,146000948,1.953369e-02,1.632830e-01
5,6,146000949,9.235749e-02,2.820272e+00
5,7,146000950,7.940282e-02,8.611130e-01
5,8,146000951,9.376013e-03,1.098943e-01
5,9,146000952,2.062922e-01,7.099873e-01
