{
  "restart": 8,
  "seed": 66,
  "iters": 30000,
  "lr": 0.05,
  "best_iter": 29676,
  "best_cost": 0.0006055170088075101,
  "best_alphaD_mean": 0.00010672245973139131,
  "n": 12
}