model,n,retain,region,idx,V0_is,g0,time_s,time_ms,max_relative_observable_error,spectrum_relative_l2_error,spectrum_pointwise_max_relative_error,half_life_relative_error
EM1,8,0.9,test/extrapolation region,0,0.0,0.0,0.0009520839994365815,0.9520839994365815,0.15316369298728055,0.15316369298728055,0.24486099599721242,0.009334938497365419
EM1,8,0.9,test/extrapolation region,1,0.143,0.0,0.0009243750009773066,0.9243750009773066,0.15586311964226832,0.15586311964226832,0.2481935130995979,0.0026449075001968095
EM1,8,0.9,test/extrapolation region,2,0.286,0.0,0.0010795420002978062,1.0795420002978062,0.15881762674658867,0.15881762674658867,0.2506740803386309,0.003762706758455073
EM1,8,0.9,test/extrapolation region,3,0.429,0.0,0.0010977080000884598,1.0977080000884598,0.16199788991821065,0.16199788991821065,0.25279599671453706,0.010012569375184795
EM1,8,0.9,test/extrapolation region,4,0.571,0.0,0.0008969999998953426,0.8969999998953426,0.16526751661696987,0.16526751661696987,0.25465538750991185,0.016070028284380942
EM1,8,0.9,test/extrapolation region,5,0.714,0.0,0.0010169160013902,1.0169160013902,0.16822070407855214,0.16822070407855214,0.25584871562457545,0.021812284241608002
EM1,8,0.9,test/extrapolation region,6,0.857,0.0,0.0009385830016981345,0.9385830016981345,0.17026694242934126,0.17026694242934126,0.2594928458012463,0.026650295856404996
EM1,8,0.9,test/extrapolation region,7,1.0,0.0,0.0008860830002959119,0.8860830002959119,0.17155620891768347,0.17155620891768347,0.2730568463352314,0.029611761261464215
EM1,8,0.9,test/extrapolation region,8,1.143,0.0,0.0009445839987165527,0.9445839987165527,0.17192518797891151,0.17192518797891151,0.28427434519441513,0.02938182106820669
EM1,8,0.9,test/extrapolation region,9,1.286,0.0,0.0008927499984565657,0.8927499984565657,0.17086908807040724,0.17086908807040724,0.2918581529331974,0.02479549799809848
EM1,8,0.9,test/extrapolation region,10,1.429,0.0,0.0009116660003201105,0.9116660003201105,0.1682874745241317,0.1682874745241317,0.29176455785110383,0.015874402330237666
EM1,8,0.9,test/extrapolation region,11,1.571,0.0,0.0008561669983464526,0.8561669983464526,0.16500081608407208,0.16500081608407208,0.2900361193293996,0.005210686547257598
EM1,8,0.9,test/extrapolation region,12,1.714,0.0,0.0008937499987951014,0.8937499987951014,0.16332321950876155,0.16332321950876155,0.28212553803988666,0.0015047597539871098
EM1,8,0.9,test/extrapolation region,13,1.857,0.0,0.0008477920000586892,0.8477920000586892,0.16331659492438905,0.16331659492438905,0.25320150349199244,0.004997613789764913
EM1,8,0.9,test/extrapolation region,14,2.0,0.0,0.0008868340009939857,0.8868340009939857,0.1751420687166559,0.1751420687166559,0.20508501205239565,0.0372364758295014
EM1,8,0.9,test/extrapolation region,15,0.0,0.071,0.0008632919998490252,0.8632919998490252,0.09520899037179359,0.09520899037179359,0.1339674999749597,0.010841402515423001
EM1,8,0.9,test/extrapolation region,16,0.143,0.071,0.0009160000008705538,0.9160000008705538,0.09386323540189431,0.09386323540189431,0.12967203883457393,0.006008742860929511
EM1,8,0.9,test/extrapolation region,17,0.286,0.071,0.0009833339991018875,0.9833339991018875,0.09319879959766028,0.09319879959766028,0.1248207147461237,0.0013549078659806642
EM1,8,0.9,test/extrapolation region,18,0.429,0.071,0.0008602500001870794,0.8602500001870794,0.0933009520720005,0.0933009520720005,0.11992362247723763,0.003335088435416133
EM1,8,0.9,test/extrapolation region,19,0.571,0.071,0.0008677089990669629,0.8677089990669629,0.09418192821903645,0.09418192821903645,0.11559693773324606,0.00811025119591785
EM1,8,0.9,test/extrapolation region,20,0.714,0.071,0.0008535410015610978,0.8535410015610978,0.09553803771732394,0.09553803771732394,0.11242717801666037,0.012874309347763091
EM1,8,0.9,test/extrapolation region,21,0.857,0.071,0.0008263749987236224,0.8263749987236224,0.096779442030356,0.096779442030356,0.11442140172318462,0.017048854744041435
EM1,8,0.9,test/extrapolation region,22,1.0,0.071,0.0008509580002282746,0.8509580002282746,0.09806488372269997,0.09806488372269997,0.12500270696369722,0.019626480553981637
EM1,8,0.9,test/extrapolation region,23,1.143,0.071,0.0008410829996137181,0.8410829996137181,0.09898329847859122,0.09898329847859122,0.13671631688216135,0.01927914872166537
EM1,8,0.9,test/extrapolation region,24,1.286,0.071,0.0008497920007357607,0.8497920007357607,0.09892768566689876,0.09892768566689876,0.14806405946224885,0.014972096583623043
EM1,8,0.9,test/extrapolation region,25,1.429,0.071,0.0008386249992327066,0.8386249992327066,0.0981744778122519,0.0981744778122519,0.15844170955020162,0.007085856213930551
EM1,8,0.9,test/extrapolation region,26,1.571,0.071,0.0008528750004188623,0.8528750004188623,0.09738091859548144,0.09738091859548144,0.16326678586880947,0.0013168228183438539
EM1,8,0.9,test/extrapolation region,27,1.714,0.071,0.0008452500005660113,0.8452500005660113,0.09627525176139677,0.09627525176139677,0.1589526749005273,0.004181571980011897
EM1,8,0.9,test/extrapolation region,28,1.857,0.071,0.0008395000004384201,0.8395000004384201,0.09792187516535336,0.09792187516535336,0.15893304540801959,0.007750318146816806
EM1,8,0.9,test/extrapolation region,29,2.0,0.071,0.0008394169999519363,0.8394169999519363,0.1279069754925754,0.1279069754925754,0.16649005461263056,0.04684579301630607
EM1,8,0.9,test/extrapolation region,30,0.0,0.143,0.0008513749999110587,0.8513749999110587,0.06780201313945877,0.06780201313945877,0.07772435574618147,0.0087113878532818
EM1,8,0.9,test/extrapolation region,31,0.143,0.143,0.0008419589994446142,0.8419589994446142,0.0615943951036391,0.0615943951036391,0.06889078268243397,0.006140457710864358
EM1,8,0.9,fit region,32,0.286,0.143,0.0008509159997629467,0.8509159997629467,0.057532395837270066,0.057532395837270066,0.05948840154328128,0.0035900752235443843
EM1,8,0.9,fit region,33,0.429,0.143,0.0008580829999118578,0.8580829999118578,0.05590186550310873,0.05590186550310873,0.05397504201359028,0.0007393742567245546
EM1,8,0.9,fit region,34,0.571,0.143,0.0008856250005919719,0.8856250005919719,0.056663629212314014,0.056663629212314014,0.06262095852613216,0.002548999306371049
EM1,8,0.9,fit region,35,0.714,0.143,0.0009030829987750622,0.9030829987750622,0.0591524563458984,0.0591524563458984,0.06963626981626135,0.006196019948492801
EM1,8,0.9,fit region,36,0.857,0.143,0.0010052090001408942,1.0052090001408942,0.06211619404527655,0.06211619404527655,0.07509448952882204,0.009612327279241042
EM1,8,0.9,fit region,37,1.0,0.143,0.0008814579996396787,0.8814579996396787,0.06529335516331128,0.06529335516331128,0.07921670595332791,0.011732229215810817
EM1,8,0.9,fit region,38,1.143,0.143,0.0009135000000242144,0.9135000000242144,0.06800347435739915,0.06800347435739915,0.08197219846186092,0.011213233009243644
EM1,8,0.9,fit region,39,1.286,0.143,0.0008588750006310875,0.8588750006310875,0.06955115024924041,0.06955115024924041,0.08269758808339789,0.007175449043119669
EM1,8,0.9,fit region,40,1.429,0.143,0.0008789589992375113,0.8789589992375113,0.07034126921964438,0.07034126921964438,0.07986459115975086,0.0003670080485565884
EM1,8,0.9,fit region,41,1.571,0.143,0.0008845830016070977,0.8845830016070977,0.06981349644898903,0.06981349644898903,0.07722133930764619,0.005757287159286052
EM1,8,0.9,fit region,42,1.714,0.143,0.0008889170003385516,0.8889170003385516,0.06611705669020555,0.06611705669020555,0.08133038150832354,0.004921590391976647
EM1,8,0.9,test/extrapolation region,43,1.857,0.143,0.0008545000000594882,0.8545000000594882,0.07436969756300582,0.07436969756300582,0.08383281009114545,0.012015730289943835
EM1,8,0.9,test/extrapolation region,44,2.0,0.143,0.0008351249998668209,0.8351249998668209,0.13047309542322044,0.13047309542322044,0.1789462492817403,0.057276023579892255
EM1,8,0.9,test/extrapolation region,45,0.0,0.214,0.0008519580005668104,0.8519580005668104,0.06568090333268149,0.06568090333268149,0.054139025246733155,0.004500968956609457
EM1,8,0.9,test/extrapolation region,46,0.143,0.214,0.0008387499983655289,0.8387499983655289,0.05709829760274176,0.05709829760274176,0.048446416687571416,0.004303851100656466
EM1,8,0.9,fit region,47,0.286,0.214,0.0010084580007969635,1.0084580007969635,0.051741541227609496,0.051741541227609496,0.04422138606583257,0.0038962862469994245
EM1,8,0.9,fit region,48,0.429,0.214,0.000880666999364621,0.880666999364621,0.04977036546451747,0.04977036546451747,0.046301982901956154,0.0028478578661472317
EM1,8,0.9,fit region,49,0.571,0.214,0.0008980830007203622,0.8980830007203622,0.05066061096867989,0.05066061096867989,0.047710722287158065,0.0009402673437840938
EM1,8,0.9,fit region,50,0.714,0.214,0.0008574170005886117,0.8574170005886117,0.053220022138904144,0.053220022138904144,0.04883604530993406,0.0017390341046996888
EM1,8,0.9,fit region,51,0.857,0.214,0.0008841669987305067,0.8841669987305067,0.055767604518426654,0.055767604518426654,0.05532430358416906,0.00455372693909271
EM1,8,0.9,fit region,52,1.0,0.214,0.0008512080003129086,0.8512080003129086,0.0576275870448004,0.0576275870448004,0.06019317219252839,0.006339786833785659
EM1,8,0.9,fit region,53,1.143,0.214,0.0008979169997473946,0.8979169997473946,0.05835732026881216,0.05835732026881216,0.06076075294575661,0.0057241876303885855
EM1,8,0.9,fit region,54,1.286,0.214,0.0008951660001912387,0.8951660001912387,0.057015128349773056,0.057015128349773056,0.056759047422722406,0.0019762048269390733
EM1,8,0.9,fit region,55,1.429,0.214,0.0008506249996571569,0.8506249996571569,0.05487253984385191,0.05487253984385191,0.05459768565272878,0.0038238837766770093
EM1,8,0.9,fit region,56,1.571,0.214,0.0009972920015570708,0.9972920015570708,0.052282634098380125,0.052282634098380125,0.05347262985402583,0.007914342968713815
EM1,8,0.9,fit region,57,1.714,0.214,0.0008843750001688022,0.8843750001688022,0.05309992277178521,0.05309992277178521,0.048993857803905055,0.003885916212032836
EM1,8,0.9,test/extrapolation region,58,1.857,0.214,0.0009512500000710133,0.9512500000710133,0.07289948011141927,0.07289948011141927,0.07803116161399384,0.01728897657070901
EM1,8,0.9,test/extrapolation region,59,2.0,0.214,0.000858457999129314,0.858457999129314,0.14255356887835652,0.14255356887835652,0.19756404331346392,0.06776075485916311
EM1,8,0.9,test/extrapolation region,60,0.0,0.286,0.0009783330006030155,0.9783330006030155,0.06619876271154763,0.06619876271154763,0.05829528958996198,0.0003120594391064892
EM1,8,0.9,test/extrapolation region,61,0.143,0.286,0.000878834000104689,0.878834000104689,0.05696948017729317,0.05696948017729317,0.05156460996496052,0.0017573037850622012
EM1,8,0.9,fit region,62,0.286,0.286,0.0009152919992629904,0.9152919992629904,0.05134139157223892,0.05134139157223892,0.04746687973887604,0.003308065696680659
EM1,8,0.9,fit region,63,0.429,0.286,0.0008564999989175703,0.8564999989175703,0.04914681901538122,0.04914681901538122,0.04515751593996579,0.003804059914805973
EM1,8,0.9,fit region,64,0.571,0.286,0.0008863330003805459,0.8863330003805459,0.04952266461279881,0.04952266461279881,0.046882519926156746,0.0029698890202251023
EM1,8,0.9,fit region,65,0.714,0.286,0.0008561249997001141,0.8561249997001141,0.051207968328031,0.051207968328031,0.05033349358295584,0.00093869079040884
EM1,8,0.9,fit region,66,0.857,0.286,0.000873040999067598,0.873040999067598,0.0526984790269574,0.0526984790269574,0.05408904354496411,0.001550290946516332
EM1,8,0.9,fit region,67,1.0,0.286,0.0008762090001255274,0.8762090001255274,0.0527270088981675,0.0527270088981675,0.054962658584898745,0.0031928252189209255
EM1,8,0.9,fit region,68,1.143,0.286,0.0008555420008633519,0.8555420008633519,0.05149546332338456,0.05149546332338456,0.05332377662477569,0.0025686245676857385
EM1,8,0.9,fit region,69,1.286,0.286,0.0008699580012034858,0.8699580012034858,0.047855106998607774,0.047855106998607774,0.04981054926475484,0.0009029638442992316
EM1,8,0.9,fit region,70,1.429,0.286,0.0008630409993202193,0.8630409993202193,0.04286817581968557,0.04286817581968557,0.046245012219793664,0.005833134072294579
EM1,8,0.9,fit region,71,1.571,0.286,0.0009136659991781926,0.9136659991781926,0.04182218671882047,0.04182218671882047,0.0373565301936073,0.00820398791864969
EM1,8,0.9,fit region,72,1.714,0.286,0.0008589160006522434,0.8589160006522434,0.0499028015111825,0.0499028015111825,0.04849193313152675,0.001497284868361247
EM1,8,0.9,test/extrapolation region,73,1.857,0.286,0.0008734580005693715,0.8734580005693715,0.06861246785437562,0.06861246785437562,0.06862698801474414,0.02324827980704363
EM1,8,0.9,test/extrapolation region,74,2.0,0.286,0.0008810830004222225,0.8810830004222225,0.13501691244712405,0.13501691244712405,0.18322581512811736,0.07818848318835234
EM1,8,0.9,test/extrapolation region,75,0.0,0.357,0.0008495000001857989,0.8495000001857989,0.06343306127994014,0.06343306127994014,0.06132673305665349,0.004550551250822434
EM1,8,0.9,test/extrapolation region,76,0.143,0.357,0.000857999999425374,0.857999999425374,0.056474328568214376,0.056474328568214376,0.05502384218236525,0.0006055658255082808
EM1,8,0.9,fit region,77,0.286,0.357,0.0008479579992126673,0.8479579992126673,0.05300444878227815,0.05300444878227815,0.0495313900568923,0.002467262551806277
EM1,8,0.9,fit region,78,0.429,0.357,0.0009442079990549246,0.9442079990549246,0.05234918904890022,0.05234918904890022,0.044882442783782485,0.004049924065078023
EM1,8,0.9,fit region,79,0.571,0.357,0.0008790830015641404,0.8790830015641404,0.05346629058767208,0.05346629058767208,0.047550758128848944,0.0038498298560622896
EM1,8,0.9,fit region,80,0.714,0.357,0.0008878750013536774,0.8878750013536774,0.05538783364356651,0.05538783364356651,0.05519651197294786,0.0020874712071476337
EM1,8,0.9,fit region,81,0.857,0.357,0.0008848750003380701,0.8848750003380701,0.05717133889846277,0.05717133889846277,0.06066017379294393,0.00034491922616291566
EM1,8,0.9,fit region,82,1.0,0.357,0.0009467919990129303,0.9467919990129303,0.056903194298593286,0.056903194298593286,0.064274367990024,0.0019777966327514155
EM1,8,0.9,fit region,83,1.143,0.357,0.0009610409997549141,0.9610409997549141,0.05495833385336745,0.05495833385336745,0.06373729452156845,0.0013539991123660306
EM1,8,0.9,fit region,84,1.286,0.357,0.0009859169986157212,0.9859169986157212,0.052467194559553385,0.052467194559553385,0.05737017878760348,0.0019424285708410298
EM1,8,0.9,fit region,85,1.429,0.357,0.0010259999999107094,1.0259999999107094,0.047145593951116116,0.047145593951116116,0.05173182334466536,0.006226974118992981
EM1,8,0.9,fit region,86,1.571,0.357,0.0009804999990592478,0.9804999990592478,0.05165220313909982,0.05165220313909982,0.04319617058053751,0.00725528098351327
EM1,8,0.9,fit region,87,1.714,0.357,0.0011562089985091006,1.1562089985091006,0.05362446795960503,0.05362446795960503,0.05563026090071194,0.0015889866676031257
EM1,8,0.9,test/extrapolation region,88,1.857,0.357,0.001111290999688208,1.111290999688208,0.05923035772463933,0.05923035772463933,0.06766209619963066,0.029245764363588302
EM1,8,0.9,test/extrapolation region,89,2.0,0.357,0.0016145000008691568,1.6145000008691568,0.11795808340978192,0.11795808340978192,0.11625068170486731,0.08793842970727714
EM1,8,0.9,test/extrapolation region,90,0.0,0.429,0.0011159580008097691,1.1159580008097691,0.06531379948727381,0.06531379948727381,0.05751630959884716,0.008055215100916903
EM1,8,0.9,test/extrapolation region,91,0.143,0.429,0.0010356249986216426,1.0356249986216426,0.06236770691907671,0.06236770691907671,0.05427190884741089,0.0026522557633872467
EM1,8,0.9,fit region,92,0.286,0.429,0.0009631249995436519,0.9631249995436519,0.06207239885387402,0.06207239885387402,0.05452253909537617,0.001507386009584605
EM1,8,0.9,fit region,93,0.429,0.429,0.0008815410001261625,0.8815410001261625,0.06347442333100545,0.06347442333100545,0.0658415012872814,0.003752145780367885
EM1,8,0.9,fit region,94,0.571,0.429,0.000976334000370116,0.976334000370116,0.06569603123418889,0.06569603123418889,0.07531099790397165,0.003819035108332386
EM1,8,0.9,fit region,95,0.714,0.429,0.000909874999706517,0.909874999706517,0.06816430917466222,0.06816430917466222,0.08316675198325373,0.002054288219573156
EM1,8,0.9,fit region,96,0.857,0.429,0.0009081250009330688,0.9081250009330688,0.07035284745103833,0.07035284745103833,0.08964010619254616,0.0004579725493916784
EM1,8,0.9,fit region,97,1.0,0.429,0.0008619580003141891,0.8619580003141891,0.07037551663607854,0.07037551663607854,0.08844202543646598,0.0020820423971019885
EM1,8,0.9,fit region,98,1.143,0.429,0.000870750000103726,0.870750000103726,0.06496856414316059,0.06496856414316059,0.06921456416285723,0.00135384053306412
EM1,8,0.9,fit region,99,1.286,0.429,0.0009433340001123725,0.9433340001123725,0.06251896139579954,0.06251896139579954,0.06479142141267119,0.0019324976047518717
EM1,8,0.9,fit region,100,1.429,0.429,0.000946459000260802,0.946459000260802,0.059483716425897636,0.059483716425897636,0.0558884742672614,0.005789489481803955
EM1,8,0.9,fit region,101,1.571,0.429,0.0009969589991669636,0.9969589991669636,0.06246207159629094,0.06246207159629094,0.049499899607746485,0.005761237107335333
EM1,8,0.9,fit region,102,1.714,0.429,0.0009145000003627501,0.9145000003627501,0.05133513440986438,0.05133513440986438,0.04583151463227702,0.004856383068666181
EM1,8,0.9,test/extrapolation region,103,1.857,0.429,0.0009325410010205815,0.9325410010205815,0.05466252665066432,0.05466252665066432,0.06006018828383566,0.03500928227957286
EM1,8,0.9,test/extrapolation region,104,2.0,0.429,0.0008753330002946313,0.8753330002946313,0.099708580113289,0.099708580113289,0.10071451540760437,0.09700992495649655
EM1,8,0.9,test/extrapolation region,105,0.0,0.5,0.0010997090012097033,1.0997090012097033,0.07240399982693244,0.07240399982693244,0.05760406066795843,0.010954729635954959
EM1,8,0.9,test/extrapolation region,106,0.143,0.5,0.0010290829995938111,1.029082999593811,0.07158810747187508,0.07158810747187508,0.06594715973820066,0.004496463044694136
EM1,8,0.9,fit region,107,0.286,0.5,0.0008572919996368,0.8572919996368,0.07251811838846936,0.07251811838846936,0.07497113544618243,0.0003676315174813972
EM1,8,0.9,fit region,108,0.429,0.5,0.000879082999745151,0.879082999745151,0.07446202201845264,0.07446202201845264,0.08305390447759056,0.002948494134051322
EM1,8,0.9,fit region,109,0.571,0.5,0.000862917000631569,0.862917000631569,0.07686104267044624,0.07686104267044624,0.0904045801651617,0.0030472245276730015
EM1,8,0.9,fit region,110,0.714,0.5,0.000856624999869382,0.856624999869382,0.0794161571005843,0.0794161571005843,0.09757665264818609,0.001166247297338294
EM1,8,0.9,fit region,111,0.857,0.5,0.0008624999991297955,0.8624999991297955,0.08178813808288429,0.08178813808288429,0.10532441789593175,0.0014113358850861445
EM1,8,0.9,fit region,112,1.0,0.5,0.0008797089994914131,0.8797089994914131,0.08266370734224672,0.08266370734224672,0.10013911071929509,0.0029098287970753924
EM1,8,0.9,fit region,113,1.143,0.5,0.0008582919999753358,0.8582919999753358,0.07515779898699952,0.07515779898699952,0.06397734197608178,0.0019027131168760038
EM1,8,0.9,fit region,114,1.286,0.5,0.0008482499997626292,0.8482499997626292,0.06605155691773273,0.06605155691773273,0.05745025493675059,0.0015698970143645052
EM1,8,0.9,fit region,115,1.429,0.5,0.0008743750004214235,0.8743750004214235,0.06758199867209862,0.06758199867209862,0.05349852921556242,0.00521169580007111
EM1,8,0.9,fit region,116,1.571,0.5,0.0008543339990865206,0.8543339990865206,0.06356763495165846,0.06356763495165846,0.04638771569542319,0.004369545348064976
EM1,8,0.9,fit region,117,1.714,0.5,0.0008302909991471097,0.8302909991471097,0.042881322214392954,0.042881322214392954,0.03370645084283255,0.00772816083942349
EM1,8,0.9,test/extrapolation region,118,1.857,0.5,0.0008389159993384965,0.8389159993384965,0.056016382743589395,0.056016382743589395,0.04326286156742407,0.04003090740503178
EM1,8,0.9,test/extrapolation region,119,2.0,0.5,0.0008435830004600575,0.8435830004600575,0.10494879161245214,0.08223487417640754,0.07679390194305524,0.10494879161245214
EM1,8,0.9,test/extrapolation region,120,0.0,0.571,0.0008463329995720414,0.8463329995720414,0.07863969314855368,0.07863969314855368,0.06511415603394159,0.013558943432819062
EM1,8,0.9,test/extrapolation region,121,0.143,0.571,0.0008259170008386718,0.8259170008386718,0.07764170628714964,0.07764170628714964,0.07299341460769602,0.006312046347420112
EM1,8,0.9,fit region,122,0.286,0.571,0.0008659159993840149,0.8659159993840149,0.0780221753484345,0.0780221753484345,0.08108976123874204,0.0009798119494928948
EM1,8,0.9,fit region,123,0.429,0.571,0.0008322080011566868,0.8322080011566868,0.07935092743914499,0.07935092743914499,0.08882095649345562,0.001759646479935314
EM1,8,0.9,fit region,124,0.571,0.571,0.0008819169997877907,0.8819169997877907,0.0813359087924914,0.0813359087924914,0.09664588678927008,0.0018026000868347557
EM1,8,0.9,fit region,125,0.714,0.571,0.0008425830001215218,0.8425830001215218,0.08387864509221074,0.08387864509221074,0.10556314194240747,0.00017860628884672713
EM1,8,0.9,fit region,126,0.857,0.571,0.00085774999934074,0.85774999934074,0.08676184824043988,0.08676184824043988,0.11709689451174578,0.002707431309893582
EM1,8,0.9,fit region,127,1.0,0.571,0.0008414170006290078,0.8414170006290078,0.08881286863126041,0.08881286863126041,0.11643983562236156,0.003905396529814558
EM1,8,0.9,fit region,128,1.143,0.571,0.0008677499990881188,0.8677499990881188,0.08583529449232294,0.08583529449232294,0.08294338271036084,0.002435000780430562
EM1,8,0.9,fit region,129,1.286,0.571,0.0008414580006501637,0.8414580006501637,0.07123051975351183,0.07123051975351183,0.04818338231062203,0.0014010177638681053
EM1,8,0.9,fit region,130,1.429,0.571,0.000848749999931897,0.848749999931897,0.06756372109135388,0.06756372109135388,0.0601781701618174,0.0049896422408350245
EM1,8,0.9,fit region,131,1.571,0.571,0.000842249999550404,0.842249999550404,0.059954802826780486,0.059954802826780486,0.042240719137484894,0.003493295652448939
EM1,8,0.9,fit region,132,1.714,0.571,0.0008440000001428416,0.8440000001428416,0.038669782617347895,0.038669782617347895,0.02903812869723582,0.009907983189252699
EM1,8,0.9,test/extrapolation region,133,1.857,0.571,0.0008382080013689119,0.8382080013689119,0.05661033940929138,0.05661033940929138,0.04638339621998708,0.04415683518810214
EM1,8,0.9,test/extrapolation region,134,2.0,0.571,0.0008421250004175818,0.8421250004175818,0.11174726663294156,0.07277254877777614,0.08312128743797244,0.11174726663294156
EM1,8,0.9,test/extrapolation region,135,0.0,0.643,0.000844458001665771,0.844458001665771,0.08135058425244479,0.08135058425244479,0.07485880666604829,0.015890914585552373
EM1,8,0.9,test/extrapolation region,136,0.143,0.643,0.000857999999425374,0.857999999425374,0.0791094222483211,0.0791094222483211,0.07249644221835216,0.00801246121697857
EM1,8,0.9,fit region,137,0.286,0.643,0.0008357089991477551,0.8357089991477551,0.07809490948555452,0.07809490948555452,0.07629041095422856,0.002337686270673981
EM1,8,0.9,fit region,138,0.429,0.643,0.0008509170002071187,0.8509170002071187,0.07817173038698837,0.07817173038698837,0.0837359526687108,0.000490097465200543
EM1,8,0.9,fit region,139,0.571,0.643,0.0008900419998099096,0.8900419998099096,0.07932112780776024,0.07932112780776024,0.09212212883530993,0.0004825049790943838
EM1,8,0.9,fit region,140,0.714,0.643,0.00097812499916472,0.9781249991647201,0.08167046695068846,0.08167046695068846,0.10298019839853427,0.0015103945014855753
EM1,8,0.9,fit region,141,0.857,0.643,0.0008664590004627826,0.8664590004627826,0.08510345373956864,0.08510345373956864,0.11536654070862763,0.003835537974980122
EM1,8,0.9,fit region,142,1.0,0.643,0.0009204580001096474,0.9204580001096474,0.08812723216803105,0.08812723216803105,0.1263010660417532,0.004553713485069739
EM1,8,0.9,fit region,143,1.143,0.643,0.000907375000679167,0.907375000679167,0.08740316016262058,0.08740316016262058,0.08078646914429691,0.002461193614362164
EM1,8,0.9,fit region,144,1.286,0.643,0.0008844999993016245,0.8844999993016245,0.0845078286904857,0.0845078286904857,0.07895323854351607,0.0018523353331148878
EM1,8,0.9,fit region,145,1.429,0.643,0.0008288749995699618,0.8288749995699618,0.0753154064601853,0.0753154064601853,0.04652194320862716,0.005484658786468654
EM1,8,0.9,fit region,146,1.571,0.643,0.0008811250008875504,0.8811250008875504,0.05410371978679182,0.05410371978679182,0.030291914605062354,0.0034264978841923445
EM1,8,0.9,fit region,147,1.714,0.643,0.0008435409999947296,0.8435409999947296,0.04110213139935228,0.04110213139935228,0.02827263593149187,0.011184308212351128
EM1,8,0.9,test/extrapolation region,148,1.857,0.643,0.0008477089995722054,0.8477089995722054,0.05698335725041036,0.05698335725041036,0.0423831858690061,0.04726954733117356
EM1,8,0.9,test/extrapolation region,149,2.0,0.643,0.0008396670000365702,0.8396670000365702,0.11739190572613138,0.06854330529969728,0.049030394182542444,0.11739190572613138
EM1,8,0.9,test/extrapolation region,150,0.0,0.714,0.000834165999549441,0.834165999549441,0.08006635259443745,0.08006635259443745,0.08812612038514576,0.017546550704785596
EM1,8,0.9,test/extrapolation region,151,0.143,0.714,0.0008945420013333205,0.8945420013333205,0.07674962399174211,0.07674962399174211,0.07636244052369948,0.009146042350953234
EM1,8,0.9,fit region,152,0.286,0.714,0.0008458339998469455,0.8458339998469455,0.07443898080627058,0.07443898080627058,0.06923534621632535,0.0031984291774029222
EM1,8,0.9,fit region,153,0.429,0.714,0.0008892909991118358,0.8892909991118358,0.07320917601785708,0.07320917601785708,0.07228304143766803,0.00029653192907016515
EM1,8,0.9,fit region,154,0.571,0.714,0.0008619170002930332,0.8619170002930332,0.0732771095735678,0.0732771095735678,0.08125933873792145,0.00030761482766987605
EM1,8,0.9,fit region,155,0.714,0.714,0.0008538749989384087,0.8538749989384087,0.07500295350769103,0.07500295350769103,0.09225141017727377,0.002208941432877795
EM1,8,0.9,fit region,156,0.857,0.714,0.0008500839994667331,0.8500839994667331,0.07827703733647953,0.07827703733647953,0.10343816640162337,0.004199372673789608
EM1,8,0.9,fit region,157,1.0,0.714,0.000844541998958448,0.844541998958448,0.08106033761987672,0.08106033761987672,0.12400229233065845,0.0043222257726661375
EM1,8,0.9,fit region,158,1.143,0.714,0.0008322920002683531,0.8322920002683531,0.0809933643021221,0.0809933643021221,0.09047668960891543,0.001538437592086424
EM1,8,0.9,fit region,159,1.286,0.714,0.0008545000000594882,0.8545000000594882,0.08438213892900583,0.08438213892900583,0.06298959646522204,0.003275436617085164
EM1,8,0.9,fit region,160,1.429,0.714,0.000857999999425374,0.857999999425374,0.0861978668877628,0.0861978668877628,0.0744089508038538,0.006955459364308465
EM1,8,0.9,fit region,161,1.571,0.714,0.0008462080004392192,0.8462080004392192,0.06547970351161403,0.06547970351161403,0.06103977888257352,0.004364608403064014
EM1,8,0.9,fit region,162,1.714,0.714,0.0009099169983528554,0.9099169983528554,0.058076027036025116,0.058076027036025116,0.04203967345938513,0.011384020579467073
EM1,8,0.9,test/extrapolation region,163,1.857,0.714,0.000847625000460539,0.847625000460539,0.0664022160383412,0.0664022160383412,0.0717532955063321,0.04919200297641955
EM1,8,0.9,test/extrapolation region,164,2.0,0.714,0.000873290999152232,0.873290999152232,0.12167766304838121,0.08502938659416025,0.08060418017396913,0.12167766304838121
EM1,8,0.9,test/extrapolation region,165,0.0,0.786,0.0008512080003129086,0.8512080003129086,0.07591712570464985,0.07591712570464985,0.09300578972452238,0.017924043463036946
EM1,8,0.9,test/extrapolation region,166,0.143,0.786,0.0008802080010354985,0.8802080010354985,0.07145864508411624,0.07145864508411624,0.08901539901386471,0.009065999623466426
EM1,8,0.9,fit region,167,0.286,0.786,0.000853082998219179,0.853082998219179,0.06823390148594884,0.06823390148594884,0.08194373484960274,0.0028817100309992557
EM1,8,0.9,fit region,168,0.429,0.786,0.0008620419994258555,0.8620419994258555,0.06626569803434093,0.06626569803434093,0.0703068059083273,9.50731617929776e-05
EM1,8,0.9,fit region,169,0.571,0.786,0.0008661250012664823,0.8661250012664823,0.06562005336252956,0.06562005336252956,0.06638932521175972,0.0001226801861415611
EM1,8,0.9,fit region,170,0.714,0.786,0.0009252499985450413,0.9252499985450413,0.06649796735093312,0.06649796735093312,0.07368243988973593,0.0016153758831935943
EM1,8,0.9,fit region,171,0.857,0.786,0.0008477920000586892,0.8477920000586892,0.06857585878051471,0.06857585878051471,0.08638464001181745,0.003197135781519837
EM1,8,0.9,fit region,172,1.0,0.786,0.0008469169988529757,0.8469169988529757,0.06927157271191418,0.06927157271191418,0.10265559235571703,0.0026817256097763716
EM1,8,0.9,fit region,173,1.143,0.786,0.0008868749991961522,0.8868749991961522,0.06859228683904833,0.06859228683904833,0.08678226873102478,0.0007798239129620626
EM1,8,0.9,fit region,174,1.286,0.786,0.0008714170016901335,0.8714170016901335,0.07907049588273263,0.07907049588273263,0.07181642096867004,0.006031987207662408
EM1,8,0.9,fit region,175,1.429,0.786,0.0008914999998523854,0.8914999998523854,0.08225051206822306,0.08225051206822306,0.05793339588001856,0.009683453644854245
EM1,8,0.9,fit region,176,1.571,0.786,0.0008443339993391419,0.8443339993391419,0.06897865433898731,0.06897865433898731,0.06308585911730666,0.006499397676665198
EM1,8,0.9,fit region,177,1.714,0.786,0.0008594999999331776,0.8594999999331776,0.07733739029845432,0.07733739029845432,0.061979806596227996,0.01041224386829744
EM1,8,0.9,test/extrapolation region,178,1.857,0.786,0.0008908749987313058,0.8908749987313058,0.07810893766307554,0.07810893766307554,0.07784065016424262,0.04992278182077974
EM1,8,0.9,test/extrapolation region,179,2.0,0.786,0.0009292499998991843,0.9292499998991843,0.12470438469878628,0.10895216913703439,0.10203940297835797,0.12470438469878628
EM1,8,0.9,test/extrapolation region,180,0.0,0.857,0.0008982090002973564,0.8982090002973564,0.07361417916638137,0.07361417916638137,0.07305849757342024,0.01610374357438444
EM1,8,0.9,test/extrapolation region,181,0.143,0.857,0.0009507499999017455,0.9507499999017455,0.06624035261915849,0.06624035261915849,0.06362641766900744,0.0068717196677169495
EM1,8,0.9,fit region,182,0.286,0.857,0.00091637500008801,0.91637500008801,0.06140544308313631,0.06140544308313631,0.07731362518993079,0.0005062374503869658
EM1,8,0.9,fit region,183,0.429,0.857,0.000916582999707316,0.916582999707316,0.059294253624649816,0.059294253624649816,0.08165939603871378,0.002518493406348252
EM1,8,0.9,fit region,184,0.571,0.857,0.0009001250000437722,0.9001250000437722,0.059228732845980195,0.059228732845980195,0.0691405948064856,0.0025758508366172795
EM1,8,0.9,fit region,185,0.714,0.857,0.0009247500001947628,0.9247500001947628,0.06023938229792102,0.06023938229792102,0.0650467890542876,0.0009919619001722202
EM1,8,0.9,fit region,186,0.857,0.857,0.0009451660007471219,0.9451660007471219,0.06134438720779598,0.06134438720779598,0.07564205410655499,0.00022187787559028869
EM1,8,0.9,fit region,187,1.0,0.857,0.0009197079998557456,0.9197079998557456,0.05968704372365406,0.05968704372365406,0.08000075229506894,0.0008329511418259932
EM1,8,0.9,fit region,188,1.143,0.857,0.0010253750006086193,1.0253750006086193,0.05910543969837516,0.05910543969837516,0.0734874337530984,0.004815847577635281
EM1,8,0.9,fit region,189,1.286,0.857,0.0009111669987760251,0.9111669987760251,0.0745669780457837,0.0745669780457837,0.07088653694554731,0.010325877684689762
EM1,8,0.9,fit region,190,1.429,0.857,0.0009605409995856462,0.9605409995856462,0.07887776931567571,0.07887776931567571,0.06110200366526389,0.013784483563686866
EM1,8,0.9,fit region,191,1.571,0.857,0.0009061669989023358,0.9061669989023358,0.07703951174897569,0.07703951174897569,0.0600730584592927,0.00989726164759349
EM1,8,0.9,fit region,192,1.714,0.857,0.0009285830001317663,0.9285830001317663,0.09155720618521908,0.09155720618521908,0.07026396289281826,0.008218698537669102
EM1,8,0.9,test/extrapolation region,193,1.857,0.857,0.0011721249993570382,1.1721249993570382,0.09567691347730631,0.09567691347730631,0.06455440462468473,0.049404846340664305
EM1,8,0.9,test/extrapolation region,194,2.0,0.857,0.0009188329986500321,0.9188329986500321,0.13599104307636017,0.13599104307636017,0.10105229900619359,0.12637908209482418
EM1,8,0.9,test/extrapolation region,195,0.0,0.929,0.0008847499993862584,0.8847499993862584,0.07698378177456451,0.07698378177456451,0.08321106690194403,0.010825067178104298
EM1,8,0.9,test/extrapolation region,196,0.143,0.929,0.0008399999987886986,0.8399999987886986,0.0653657617782521,0.0653657617782521,0.07419635268158344,0.0013315495840547978
EM1,8,0.9,test/extrapolation region,197,0.286,0.929,0.0008325829985551536,0.8325829985551536,0.058307393459866554,0.058307393459866554,0.055158386896056344,0.00511412857472873
EM1,8,0.9,test/extrapolation region,198,0.429,0.929,0.0008584589995734859,0.8584589995734859,0.0568334749590962,0.0568334749590962,0.06615792502001577,0.00809006791279723
EM1,8,0.9,test/extrapolation region,199,0.571,0.929,0.0008496250011376105,0.8496250011376105,0.05957851035289298,0.05957851035289298,0.07594096749354964,0.008076278015405851
EM1,8,0.9,test/extrapolation region,200,0.714,0.929,0.0008475419999740552,0.8475419999740552,0.0636919976099379,0.0636919976099379,0.06643014145485172,0.006515129610778844
EM1,8,0.9,test/extrapolation region,201,0.857,0.929,0.0008717500004422618,0.8717500004422618,0.06686576209493536,0.06686576209493536,0.078737361938363,0.0054887741935973015
EM1,8,0.9,test/extrapolation region,202,1.0,0.929,0.0008431670012214454,0.8431670012214454,0.06754104060874029,0.06754104060874029,0.07329368332948177,0.006841949763153487
EM1,8,0.9,test/extrapolation region,203,1.143,0.929,0.0008743750004214235,0.8743750004214235,0.07185643456665182,0.07185643456665182,0.07683322936734097,0.011059572611888842
EM1,8,0.9,test/extrapolation region,204,1.286,0.929,0.0008465830014756648,0.8465830014756648,0.08704387171290744,0.08704387171290744,0.06908432719514361,0.016531108392620564
EM1,8,0.9,test/extrapolation region,205,1.429,0.929,0.0008695420001458842,0.8695420001458842,0.09309986499904815,0.09309986499904815,0.0764402732318437,0.019536632768989197
EM1,8,0.9,test/extrapolation region,206,1.571,0.929,0.000884459001099458,0.884459001099458,0.10324692127014415,0.10324692127014415,0.08342710365850235,0.014750966382468358
EM1,8,0.9,test/extrapolation region,207,1.714,0.929,0.0008433330003754236,0.8433330003754236,0.11948341502826294,0.11948341502826294,0.09474310721871097,0.0046934060862523766
EM1,8,0.9,test/extrapolation region,208,1.857,0.929,0.0008261250004579779,0.8261250004579779,0.1350727386158773,0.1350727386158773,0.11096670621622669,0.04760559611102323
EM1,8,0.9,test/extrapolation region,209,2.0,0.929,0.0008598749991506338,0.8598749991506338,0.17522077119757565,0.17522077119757565,0.17100007191026184,0.12675505920293204
EM1,8,0.9,test/extrapolation region,210,0.0,1.0,0.0008742919999349397,0.8742919999349397,0.09259289980143319,0.09259289980143319,0.08278033464926705,0.0007542008937080016
EM1,8,0.9,test/extrapolation region,211,0.143,1.0,0.0008399169983022148,0.8399169983022148,0.07839018552723476,0.07839018552723476,0.057267668804289795,0.00880053093001948
EM1,8,0.9,test/extrapolation region,212,0.286,1.0,0.0008401249997405102,0.8401249997405102,0.06990367009408315,0.06990367009408315,0.049953529087797995,0.015130312351789731
EM1,8,0.9,test/extrapolation region,213,0.429,1.0,0.0008414999992965022,0.8414999992965022,0.06997090093991236,0.06997090093991236,0.05249070488870124,0.01784986722996895
EM1,8,0.9,test/extrapolation region,214,0.571,1.0,0.000840208000226994,0.840208000226994,0.07692694388919209,0.07692694388919209,0.06748106826093075,0.017522501970096565
EM1,8,0.9,test/extrapolation region,215,0.714,1.0,0.0008397920009883819,0.8397920009883819,0.08611854058333945,0.08611854058333945,0.08158772860673921,0.015685275291511806
EM1,8,0.9,test/extrapolation region,216,0.857,1.0,0.00083887500113633,0.83887500113633,0.09458396083689152,0.09458396083689152,0.10594444361890792,0.014474298851623702
EM1,8,0.9,test/extrapolation region,217,1.0,1.0,0.0008569999990868382,0.8569999990868382,0.10199378413312603,0.10199378413312603,0.1468067099855638,0.015692151440403014
EM1,8,0.9,test/extrapolation region,218,1.143,1.0,0.0008423330000368878,0.8423330000368878,0.11246092632126725,0.11246092632126725,0.16694996840252538,0.019688363317966334
EM1,8,0.9,test/extrapolation region,219,1.286,1.0,0.0008396249995712424,0.8396249995712424,0.1257890467975395,0.1257890467975395,0.15989756484557707,0.024700436215192894
EM1,8,0.9,test/extrapolation region,220,1.429,1.0,0.0008444579998467816,0.8444579998467816,0.13424906709868384,0.13424906709868384,0.14266140969134455,0.026913661948243912
EM1,8,0.9,test/extrapolation region,221,1.571,1.0,0.0008807080012047663,0.8807080012047663,0.1487208543527333,0.1487208543527333,0.1414987589620056,0.020997347637336468
EM1,8,0.9,test/extrapolation region,222,1.714,1.0,0.0008565000007365597,0.8565000007365597,0.16883571479518233,0.16883571479518233,0.16484799015819332,9.661704855915062e-05
EM1,8,0.9,test/extrapolation region,223,1.857,1.0,0.0008534579992556246,0.8534579992556246,0.19324660580773928,0.19324660580773928,0.19267570832048997,0.044573457928437095
EM1,8,0.9,test/extrapolation region,224,2.0,1.0,0.0008405839998886222,0.8405839998886222,0.22507202413831895,0.22507202413831895,0.2475251961256198,0.1258419021492657
EM1,13,0.9,test/extrapolation region,0,0.0,0.0,0.0009481669985689223,0.9481669985689223,0.12534072073968536,0.12534072073968536,0.18111130214312265,0.0391567617348712
EM1,13,0.9,test/extrapolation region,1,0.143,0.0,0.0008882920010364614,0.8882920010364614,0.11360708060779594,0.11360708060779594,0.16395335446490925,0.03070824259997395
EM1,13,0.9,test/extrapolation region,2,0.286,0.0,0.0008902919998945436,0.8902919998945436,0.10455458752568465,0.10455458752568465,0.16874423823245077,0.02472647938212292
EM1,13,0.9,test/extrapolation region,3,0.429,0.0,0.0009110830014833482,0.9110830014833482,0.09899618656831821,0.09899618656831821,0.1693279550290886,0.020593774123256824
EM1,13,0.9,test/extrapolation region,4,0.571,0.0,0.0008897499992599478,0.8897499992599478,0.09544002803025392,0.09544002803025392,0.16414347848079006,0.017692159104420967
EM1,13,0.9,test/extrapolation region,5,0.714,0.0,0.0008944580004026648,0.8944580004026648,0.0919735137483327,0.0919735137483327,0.1511416847659729,0.015400740760167305
EM1,13,0.9,test/extrapolation region,6,0.857,0.0,0.0008832919993437827,0.8832919993437827,0.08732040234135195,0.08732040234135195,0.13075907734774875,0.013341717861852571
EM1,13,0.9,test/extrapolation region,7,1.0,0.0,0.000894832999620121,0.894832999620121,0.08118087748063396,0.08118087748063396,0.12021258684447543,0.011496679014814026
EM1,13,0.9,test/extrapolation region,8,1.143,0.0,0.0008829170001263265,0.8829170001263265,0.07365049887965623,0.07365049887965623,0.10007206019662788,0.010414860084005068
EM1,13,0.9,test/extrapolation region,9,1.286,0.0,0.0009034159993461799,0.9034159993461799,0.06580367256968132,0.06580367256968132,0.08481386499711027,0.011080971252190755
EM1,13,0.9,test/extrapolation region,10,1.429,0.0,0.0008933339995564893,0.8933339995564893,0.061103078800457775,0.061103078800457775,0.08066187482017406,0.014044747404688081
EM1,13,0.9,test/extrapolation region,11,1.571,0.0,0.0008772500004852191,0.8772500004852191,0.06505616287408279,0.06505616287408279,0.1054816281216259,0.017784838578261
EM1,13,0.9,test/extrapolation region,12,1.714,0.0,0.0008967499998107087,0.8967499998107087,0.07989693984030051,0.07989693984030051,0.13534299343363884,0.01735874627134803
EM1,13,0.9,test/extrapolation region,13,1.857,0.0,0.0008990409987745807,0.8990409987745807,0.10119533879998646,0.10119533879998646,0.1641377337275021,0.0037975393034557405
EM1,13,0.9,test/extrapolation region,14,2.0,0.0,0.0008815420005703345,0.8815420005703345,0.12478299922891894,0.12478299922891894,0.20775551247952978,0.0357613911587504
EM1,13,0.9,test/extrapolation region,15,0.0,0.071,0.0008745000013732351,0.8745000013732351,0.07895681844090877,0.07895681844090877,0.10752520364373794,0.028213431170992464
EM1,13,0.9,test/extrapolation region,16,0.143,0.071,0.0009004579987959005,0.9004579987959005,0.06831714799949788,0.06831714799949788,0.08691677038307699,0.01953795183714813
EM1,13,0.9,test/extrapolation region,17,0.286,0.071,0.0008959999995568069,0.8959999995568069,0.06247079895887661,0.06247079895887661,0.08378833838800127,0.013833552907012738
EM1,13,0.9,test/extrapolation region,18,0.429,0.071,0.0009065840004041092,0.9065840004041092,0.05969724637932434,0.05969724637932434,0.07672394304942542,0.010281423356686626
EM1,13,0.9,test/extrapolation region,19,0.571,0.071,0.0008984160012914799,0.8984160012914799,0.05764369277984991,0.05764369277984991,0.07094337069017745,0.008063526226756173
EM1,13,0.9,test/extrapolation region,20,0.714,0.071,0.0009071670010598609,0.9071670010598609,0.05523707408532413,0.05523707408532413,0.07259408638446055,0.006397045047283382
EM1,13,0.9,test/extrapolation region,21,0.857,0.071,0.0008839580004860181,0.8839580004860181,0.05214925355397588,0.05214925355397588,0.07753097286548699,0.004774972685290144
EM1,13,0.9,test/extrapolation region,22,1.0,0.071,0.0008980420006992063,0.8980420006992063,0.0487274679626813,0.0487274679626813,0.07676371891728082,0.0031368998901337643
EM1,13,0.9,test/extrapolation region,23,1.143,0.071,0.0009023750008054776,0.9023750008054776,0.044600626861532086,0.044600626861532086,0.0707253978681384,0.002104545969501991
EM1,13,0.9,test/extrapolation region,24,1.286,0.071,0.0008940420011640526,0.8940420011640526,0.03889377496837001,0.03889377496837001,0.05991237674922517,0.0028151976970699844
EM1,13,0.9,test/extrapolation region,25,1.429,0.071,0.0008850829999573762,0.8850829999573762,0.034294855601197036,0.034294855601197036,0.04652264227314803,0.005887609891595568
EM1,13,0.9,test/extrapolation region,26,1.571,0.071,0.0008834170002955943,0.8834170002955943,0.036041510008144,0.036041510008144,0.03898011922056179,0.009575768650054044
EM1,13,0.9,test/extrapolation region,27,1.714,0.071,0.0008872919988789363,0.8872919988789363,0.044834361387540496,0.044834361387540496,0.06182943108368469,0.008449800522042892
EM1,13,0.9,test/extrapolation region,28,1.857,0.071,0.0008855000014591496,0.8855000014591496,0.059455079438579084,0.059455079438579084,0.08620601356701205,0.00693874506793056
EM1,13,0.9,test/extrapolation region,29,2.0,0.071,0.0008763749992795056,0.8763749992795056,0.08620349436202013,0.08620349436202013,0.1091655806415271,0.04976324481715992
EM1,13,0.9,test/extrapolation region,30,0.0,0.143,0.0008855409996613162,0.8855409996613162,0.05004844625055682,0.05004844625055682,0.07003028353076701,0.02024316840103969
EM1,13,0.9,test/extrapolation region,31,0.143,0.143,0.0008809170012682443,0.8809170012682443,0.03560818924584624,0.03560818924584624,0.048957916864891475,0.011422828110711805
EM1,13,0.9,fit region,32,0.286,0.143,0.0008820420007396024,0.8820420007396024,0.028203752501063377,0.028203752501063377,0.03257582808356509,0.006156666909418699
EM1,13,0.9,fit region,33,0.429,0.143,0.000885792000190122,0.885792000190122,0.024437946518519302,0.024437946518519302,0.028581998097816166,0.0033777030727773372
EM1,13,0.9,fit region,34,0.571,0.143,0.0008720839996385621,0.8720839996385621,0.021268564030092828,0.021268564030092828,0.02428380927501205,0.0020308139891536945
EM1,13,0.9,fit region,35,0.714,0.143,0.0008934170000429731,0.8934170000429731,0.01847225246307451,0.01847225246307451,0.023542114889011232,0.0011506800823649409
EM1,13,0.9,fit region,36,0.857,0.143,0.0008900419998099096,0.8900419998099096,0.015934732989381355,0.015934732989381355,0.020474337072805604,0.000100944540436837
EM1,13,0.9,fit region,37,1.0,0.143,0.0008814579996396787,0.8814579996396787,0.014549426833526186,0.014549426833526186,0.01576372950646896,0.0012108901115367818
EM1,13,0.9,fit region,38,1.143,0.143,0.0008808750008029165,0.8808750008029165,0.01881431072261537,0.01881431072261537,0.016251317052216798,0.002105761325172874
EM1,13,0.9,fit region,39,1.286,0.143,0.0008976249991974328,0.8976249991974328,0.024659246381247033,0.024659246381247033,0.025414889092376495,0.001357941907048137
EM1,13,0.9,fit region,40,1.429,0.143,0.0008823330008453922,0.8823330008453922,0.02729649487605146,0.02729649487605146,0.032656859229974584,0.0016384200315170906
EM1,13,0.9,fit region,41,1.571,0.143,0.0008930839994718553,0.8930839994718553,0.026798577306500183,0.026798577306500183,0.029367332539337165,0.004917572210460847
EM1,13,0.9,fit region,42,1.714,0.143,0.0008831659997667884,0.8831659997667884,0.029583481946038173,0.029583481946038173,0.03483213625558804,0.0027014839386298073
EM1,13,0.9,test/extrapolation region,43,1.857,0.143,0.0008857089997036383,0.8857089997036383,0.043852825179157874,0.043852825179157874,0.06641745702893544,0.014714763305186177
EM1,13,0.9,test/extrapolation region,44,2.0,0.143,0.0008836249999149004,0.8836249999149004,0.081946789664946,0.081946789664946,0.12165090518823718,0.06066182428310025
EM1,13,0.9,test/extrapolation region,45,0.0,0.214,0.0008870409983501304,0.8870409983501304,0.04208322989782244,0.04208322989782244,0.04107393700776639,0.015854532753860964
EM1,13,0.9,test/extrapolation region,46,0.143,0.214,0.0008868749991961522,0.8868749991961522,0.02856239772509804,0.02856239772509804,0.028452155830813883,0.006887013014085235
EM1,13,0.9,fit region,47,0.286,0.214,0.00096129200028372,0.96129200028372,0.01995176213982116,0.01995176213982116,0.019268065720042468,0.0020794258130857153
EM1,13,0.9,fit region,48,0.429,0.214,0.0008787080005276948,0.8787080005276948,0.015889230155711767,0.015889230155711767,0.01253500932369603,8.701257021861867e-05
EM1,13,0.9,fit region,49,0.571,0.214,0.0009211670003423933,0.9211670003423933,0.017120622898741094,0.017120622898741094,0.018205844216687236,0.0004052599473954473
EM1,13,0.9,fit region,50,0.714,0.214,0.0009155409989034524,0.9155409989034524,0.020759138075701532,0.020759138075701532,0.025596147751371937,0.0005485127991146799
EM1,13,0.9,fit region,51,0.857,0.214,0.0009387919999426231,0.9387919999426231,0.023072419969131064,0.023072419969131064,0.028844094159841432,0.0010972523066078825
EM1,13,0.9,fit region,52,1.0,0.214,0.000939749999815831,0.939749999815831,0.021147293770441573,0.021147293770441573,0.026169557097661687,0.002148795821068446
EM1,13,0.9,fit region,53,1.143,0.214,0.0009543750002194429,0.9543750002194429,0.016948981058344005,0.016948981058344005,0.020234521671988064,0.0029715900936855407
EM1,13,0.9,fit region,54,1.286,0.214,0.0009451669993723044,0.9451669993723044,0.014079447360443451,0.014079447360443451,0.014797838200496202,0.0023098437750795164
EM1,13,0.9,fit region,55,1.429,0.214,0.0009047499988810159,0.9047499988810159,0.014422749334729085,0.014422749334729085,0.01730323859438362,0.0003700944990262278
EM1,13,0.9,fit region,56,1.571,0.214,0.0009964580003725132,0.9964580003725132,0.016346361021793442,0.016346361021793442,0.021086777188384566,0.002924600868746914
EM1,13,0.9,fit region,57,1.714,0.214,0.0009219579987984616,0.9219579987984616,0.019268756360974176,0.019268756360974176,0.023050829351110077,0.0006190958181882291
EM1,13,0.9,test/extrapolation region,58,1.857,0.214,0.000995833001070423,0.995833001070423,0.03691900303447124,0.03691900303447124,0.05318143355091822,0.02005842907304965
EM1,13,0.9,test/extrapolation region,59,2.0,0.214,0.0008996249998745043,0.8996249998745043,0.08680788719459957,0.08680788719459957,0.1037886648034586,0.06880512433422115
EM1,13,0.9,test/extrapolation region,60,0.0,0.286,0.0009135419986705529,0.9135419986705529,0.036988396762941925,0.036988396762941925,0.03752180161202513,0.014081414802936572
EM1,13,0.9,test/extrapolation region,61,0.143,0.286,0.0009446669992030365,0.9446669992030365,0.02462770619732277,0.02462770619732277,0.027841052084161887,0.004913555955527078
EM1,13,0.9,fit region,62,0.286,0.286,0.00091683299979195,0.91683299979195,0.0178979841162303,0.0178979841162303,0.023956786717176257,0.0005008056447565204
EM1,13,0.9,fit region,63,0.429,0.286,0.0009744170001795283,0.9744170001795283,0.019143219408938573,0.019143219408938573,0.019125170347967537,0.0007997864205605089
EM1,13,0.9,fit region,64,0.571,0.286,0.0008920410000428092,0.8920410000428092,0.0238964689330624,0.0238964689330624,0.031210454256263096,0.0005695254818542907
EM1,13,0.9,fit region,65,0.714,0.286,0.0009892090001812903,0.9892090001812903,0.02761664805731215,0.02761664805731215,0.038010888369972316,0.0001362326633373083
EM1,13,0.9,fit region,66,0.857,0.286,0.0008794999994279351,0.8794999994279351,0.02913884041012001,0.02913884041012001,0.038082639431826146,0.00034494756154757034
EM1,13,0.9,fit region,67,1.0,0.286,0.0010132909992535133,1.0132909992535133,0.027944181134434396,0.027944181134434396,0.03720928948278978,0.0012678238693814333
EM1,13,0.9,fit region,68,1.143,0.286,0.0009197910003422294,0.9197910003422294,0.023977968196888414,0.023977968196888414,0.03223934057152311,0.002108882296935958
EM1,13,0.9,fit region,69,1.286,0.286,0.000911457998881815,0.911457998881815,0.01834517327370959,0.01834517327370959,0.0245387264245899,0.0016232167826992312
EM1,13,0.9,fit region,70,1.429,0.286,0.0009121670009335503,0.9121670009335503,0.014302222822880847,0.014302222822880847,0.01751588225426302,0.0006092167183428813
EM1,13,0.9,fit region,71,1.571,0.286,0.0009079169994947733,0.9079169994947733,0.01037558904330994,0.01037558904330994,0.010942293898627192,0.002304106546363924
EM1,13,0.9,fit region,72,1.714,0.286,0.0008912079993024236,0.8912079993024236,0.014953184436277897,0.014953184436277897,0.014581175540318079,0.0026110411578328815
EM1,13,0.9,test/extrapolation region,73,1.857,0.286,0.0008935420009947848,0.8935420009947848,0.04055052886099093,0.04055052886099093,0.04223934448299473,0.023943054209686836
EM1,13,0.9,test/extrapolation region,74,2.0,0.286,0.0009257080000679707,0.9257080000679707,0.10122309885502694,0.10122309885502694,0.11687311576338885,0.07515879648120301
EM1,13,0.9,test/extrapolation region,75,0.0,0.357,0.0008950829997047549,0.8950829997047549,0.034327507980191914,0.034327507980191914,0.03612036096366879,0.013534781720113496
EM1,13,0.9,test/extrapolation region,76,0.143,0.357,0.0008944169985625194,0.8944169985625194,0.023280838162306642,0.023280838162306642,0.026457980763048696,0.004175843525122079
EM1,13,0.9,fit region,77,0.286,0.357,0.0008899579988792539,0.8899579988792539,0.017887742231772127,0.017887742231772127,0.021924385556314926,8.122890492073823e-05
EM1,13,0.9,fit region,78,0.429,0.357,0.0008838339999783784,0.8838339999783784,0.020951086479955687,0.020951086479955687,0.023686439500813956,0.000675904275197853
EM1,13,0.9,fit region,79,0.571,0.357,0.000885125000422704,0.885125000422704,0.02561715119150385,0.02561715119150385,0.0284350899276786,8.468344120093355e-05
EM1,13,0.9,fit region,80,0.714,0.357,0.0008978330006357282,0.8978330006357282,0.028592889373678324,0.028592889373678324,0.032199882786023426,0.0008955400716067713
EM1,13,0.9,fit region,81,0.857,0.357,0.0009015839987114305,0.9015839987114305,0.029151573036787833,0.029151573036787833,0.03218334701908895,0.0008669575540369372
EM1,13,0.9,fit region,82,1.0,0.357,0.0008975420005299384,0.8975420005299384,0.02690637345933427,0.02690637345933427,0.030325358419018674,1.829328525974408e-05
EM1,13,0.9,fit region,83,1.143,0.357,0.0008927500002755551,0.8927500002755551,0.023337215522755448,0.023337215522755448,0.028433820072109837,0.0008944815874197302
EM1,13,0.9,fit region,84,1.286,0.357,0.0008926250011427328,0.8926250011427328,0.020151940326983173,0.020151940326983173,0.025219530978168224,0.0005521464547225237
EM1,13,0.9,fit region,85,1.429,0.357,0.000877291000506375,0.877291000506375,0.01668986502597419,0.01668986502597419,0.02063630982578529,0.0012856605579664871
EM1,13,0.9,fit region,86,1.571,0.357,0.0009078340008272789,0.9078340008272789,0.014222794596281774,0.014222794596281774,0.013196228417115857,0.002209881544013455
EM1,13,0.9,fit region,87,1.714,0.357,0.0009019580011226935,0.9019580011226935,0.013647037823007923,0.013647037823007923,0.016171081478602554,0.0039006479626956304
EM1,13,0.9,test/extrapolation region,88,1.857,0.357,0.0008958329999586567,0.8958329999586567,0.046917900996566266,0.046917900996566266,0.04361759577606613,0.02682743209467585
EM1,13,0.9,test/extrapolation region,89,2.0,0.357,0.0008875000003172318,0.8875000003172318,0.10718202561499339,0.10718202561499339,0.12568964901319005,0.08009087623903807
EM1,13,0.9,test/extrapolation region,90,0.0,0.429,0.0008937499987951014,0.8937499987951014,0.03231542175229398,0.03231542175229398,0.03382715690990382,0.012963452117933238
EM1,13,0.9,test/extrapolation region,91,0.143,0.429,0.0009939999999915017,0.9939999999915017,0.023407273745542443,0.023407273745542443,0.02189358460068899,0.0035634130316068787
EM1,13,0.9,fit region,92,0.286,0.429,0.0009000419995572884,0.9000419995572884,0.017644456527945468,0.017644456527945468,0.014630658832069507,0.00019447916987286085
EM1,13,0.9,fit region,93,0.429,0.429,0.0009155839998129522,0.9155839998129522,0.01982230220353088,0.01982230220353088,0.017944653741648855,0.0004967712872849816
EM1,13,0.9,fit region,94,0.571,0.429,0.0008897080006136093,0.8897080006136093,0.025394109656385336,0.025394109656385336,0.02964303863623118,0.000645381864017989
EM1,13,0.9,fit region,95,0.714,0.429,0.0009171660003630677,0.9171660003630677,0.02839926022228022,0.02839926022228022,0.030577444197517217,0.0016757785228362456
EM1,13,0.9,fit region,96,0.857,0.429,0.0008969579994300148,0.8969579994300148,0.029502467794751384,0.029502467794751384,0.03100356597639005,0.0017209223731008
EM1,13,0.9,fit region,97,1.0,0.429,0.000877291000506375,0.877291000506375,0.02779015040620472,0.02779015040620472,0.0355421164277874,0.0008495733466522305
EM1,13,0.9,fit region,98,1.143,0.429,0.0009136250009760261,0.9136250009760261,0.024731422381911658,0.024731422381911658,0.030531655618890582,1.0802298507191904e-06
EM1,13,0.9,fit region,99,1.286,0.429,0.0009059589992830297,0.9059589992830297,0.02139606117086861,0.02139606117086861,0.026815367813365666,0.0003180050414979956
EM1,13,0.9,fit region,100,1.429,0.429,0.0008925419988372596,0.8925419988372596,0.019353443375227302,0.019353443375227302,0.021046379948347873,0.0019161680654443626
EM1,13,0.9,fit region,101,1.571,0.429,0.000882249998539919,0.882249998539919,0.018051268793082047,0.018051268793082047,0.014522663251631596,0.002254451876068152
EM1,13,0.9,fit region,102,1.714,0.429,0.0009995410000556149,0.9995410000556149,0.01553736092304746,0.01553736092304746,0.023586548969730392,0.004822614279344109
EM1,13,0.9,test/extrapolation region,103,1.857,0.429,0.0008978750011010561,0.8978750011010561,0.0487478697296594,0.0487478697296594,0.057730427226287996,0.029068023491304554
EM1,13,0.9,test/extrapolation region,104,2.0,0.429,0.0009602080008335179,0.9602080008335179,0.096480540573381,0.096480540573381,0.09304726172752079,0.08404269731852973
EM1,13,0.9,test/extrapolation region,105,0.0,0.5,0.0009010419998958241,0.9010419998958241,0.03018675352065104,0.03018675352065104,0.031135770401429452,0.011798703274538488
EM1,13,0.9,test/extrapolation region,106,0.143,0.5,0.0009661250005592592,0.9661250005592592,0.023872500161308777,0.023872500161308777,0.022549455939336546,0.0026673231027873096
EM1,13,0.9,fit region,107,0.286,0.5,0.0009132499999395804,0.9132499999395804,0.018310427399187226,0.018310427399187226,0.015331481105389006,0.0006471058310041715
EM1,13,0.9,fit region,108,0.429,0.5,0.0009111669987760251,0.9111669987760251,0.01632714846176546,0.01632714846176546,0.013425800426022483,0.0005391644873566508
EM1,13,0.9,fit region,109,0.571,0.5,0.0009729160010465421,0.9729160010465421,0.02356950820761612,0.02356950820761612,0.02342571203913569,0.00085269878916617
EM1,13,0.9,fit region,110,0.714,0.5,0.0009067499995580874,0.9067499995580874,0.029654101118631815,0.029654101118631815,0.027972956175879218,0.0019577595963862497
EM1,13,0.9,fit region,111,0.857,0.5,0.0009607079991837963,0.9607079991837963,0.032669719663438145,0.032669719663438145,0.03632411563142861,0.001980391157492072
EM1,13,0.9,fit region,112,1.0,0.5,0.0008824169999570586,0.8824169999570586,0.032281499270995856,0.032281499270995856,0.03713904327593975,0.001118631345194953
EM1,13,0.9,fit region,113,1.143,0.5,0.0009965839999495074,0.9965839999495074,0.029301513866583192,0.029301513866583192,0.02530811206735452,0.0003805258242615096
EM1,13,0.9,fit region,114,1.286,0.5,0.0008970409999164985,0.8970409999164985,0.0245834019105084,0.0245834019105084,0.02266637566280038,0.0008346234392665438
EM1,13,0.9,fit region,115,1.429,0.5,0.0009364159996039234,0.9364159996039234,0.02195451055317509,0.02195451055317509,0.020413476261273916,0.002402750250811789
EM1,13,0.9,fit region,116,1.571,0.5,0.0008972910000011325,0.8972910000011325,0.021981030952951165,0.021981030952951165,0.017216620108175103,0.0023966575707075927
EM1,13,0.9,fit region,117,1.714,0.5,0.0009162500009551877,0.9162500009551877,0.01694940083934583,0.01694940083934583,0.018950723104864866,0.0053777807980873674
EM1,13,0.9,test/extrapolation region,118,1.857,0.5,0.0008999169986054767,0.8999169986054767,0.046427303620201886,0.046427303620201886,0.07768614987839961,0.030646530519527784
EM1,13,0.9,test/extrapolation region,119,2.0,0.5,0.0008963749987742631,0.8963749987742631,0.08700562860677656,0.08688288862968549,0.11671256996951597,0.08700562860677656
EM1,13,0.9,test/extrapolation region,120,0.0,0.571,0.0008954169989010552,0.8954169989010552,0.028977015745059006,0.028977015745059006,0.02847607688575888,0.009992698136519857
EM1,13,0.9,test/extrapolation region,121,0.143,0.571,0.0009114999993471429,0.9114999993471429,0.02481213281694357,0.02481213281694357,0.02279093726347709,0.0015456898593261264
EM1,13,0.9,fit region,122,0.286,0.571,0.0009588750017428538,0.9588750017428538,0.02148209762401635,0.02148209762401635,0.019958759453512696,0.0011604086490532735
EM1,13,0.9,fit region,123,0.429,0.571,0.0009120840004470665,0.9120840004470665,0.016353523294324622,0.016353523294324622,0.011457892668133345,0.0006684816380341426
EM1,13,0.9,fit region,124,0.571,0.571,0.0009412910003447905,0.9412910003447905,0.018892755125398418,0.018892755125398418,0.011816273587276653,0.0008397408983662402
EM1,13,0.9,fit region,125,0.714,0.571,0.0009051249999174615,0.9051249999174615,0.030341577700859056,0.030341577700859056,0.029297634612969418,0.0018591506091062012
EM1,13,0.9,fit region,126,0.857,0.571,0.0008882920010364614,0.8882920010364614,0.037386684255055765,0.037386684255055765,0.036380957195134254,0.0017443237782917517
EM1,13,0.9,fit region,127,1.0,0.571,0.000892083000508137,0.892083000508137,0.03841409034957734,0.03841409034957734,0.04123569556659514,0.000868998405334867
EM1,13,0.9,fit region,128,1.143,0.571,0.0008883749997039558,0.8883749997039558,0.03567390770730225,0.03567390770730225,0.026254043501030336,0.000322780071010988
EM1,13,0.9,fit region,129,1.286,0.571,0.0008962500014604302,0.8962500014604302,0.0286794684011639,0.0286794684011639,0.018321581651628727,0.0010820562520028317
EM1,13,0.9,fit region,130,1.429,0.571,0.0008938330011005746,0.8938330011005746,0.02366403136629355,0.02366403136629355,0.01606945962693916,0.0028451063649457186
EM1,13,0.9,fit region,131,1.571,0.571,0.0009206670001731254,0.9206670001731254,0.025189386632425124,0.025189386632425124,0.022578446737695414,0.0027409417735368333
EM1,13,0.9,fit region,132,1.714,0.571,0.0009164999992208323,0.9164999992208323,0.016844603584347112,0.016844603584347112,0.017027846285867575,0.00548104065170693
EM1,13,0.9,test/extrapolation region,133,1.857,0.571,0.000906209001186653,0.906209001186653,0.04218793594222564,0.04218793594222564,0.06882207642144754,0.031529031820767536
EM1,13,0.9,test/extrapolation region,134,2.0,0.571,0.0008854170009726658,0.8854170009726658,0.08901616302073263,0.08487197293426177,0.13898803173327307,0.08901616302073263
EM1,13,0.9,test/extrapolation region,135,0.0,0.643,0.0009042920009960653,0.9042920009960653,0.028553522567901852,0.028553522567901852,0.026300314062596,0.0078119873758108905
EM1,13,0.9,test/extrapolation region,136,0.143,0.643,0.0008926250011427328,0.8926250011427328,0.025528351875538174,0.025528351875538174,0.022620717915855557,0.0005167192812258877
EM1,13,0.9,fit region,137,0.286,0.643,0.0008940420011640526,0.8940420011640526,0.02428951185147351,0.02428951185147351,0.02187646202475865,0.0014185967998457732
EM1,13,0.9,fit region,138,0.429,0.643,0.000894374999916181,0.894374999916181,0.021787317736902755,0.021787317736902755,0.020242651793649823,0.0006065240708623875
EM1,13,0.9,fit region,139,0.571,0.643,0.0009941669995896518,0.9941669995896518,0.016896907861183152,0.016896907861183152,0.013962416416763454,0.000829016595642171
EM1,13,0.9,fit region,140,0.714,0.643,0.0009212080003635492,0.9212080003635492,0.02568804862971927,0.02568804862971927,0.02725989557779566,0.0015471184659188062
EM1,13,0.9,fit region,141,0.857,0.643,0.0008940000006987248,0.8940000006987248,0.03875853021372256,0.03875853021372256,0.037436551838693835,0.001137358228603035
EM1,13,0.9,fit region,142,1.0,0.643,0.0009096670000872109,0.9096670000872109,0.04389587851123924,0.04389587851123924,0.049500865546479395,0.00019687653879400972
EM1,13,0.9,fit region,143,1.143,0.643,0.0008850829999573762,0.8850829999573762,0.04142147286986888,0.04142147286986888,0.033303085122514384,8.270645812183511e-05
EM1,13,0.9,fit region,144,1.286,0.643,0.0009131250008067582,0.9131250008067582,0.034981658162372226,0.034981658162372226,0.019570533783083297,0.0011673317089807905
EM1,13,0.9,fit region,145,1.429,0.643,0.000895708999451017,0.895708999451017,0.02754823114866261,0.02754823114866261,0.013530703559086399,0.0033807840318708228
EM1,13,0.9,fit region,146,1.571,0.643,0.0009163329996226821,0.9163329996226821,0.019852933289976924,0.019852933289976924,0.010275292220269214,0.003446877924629763
EM1,13,0.9,fit region,147,1.714,0.643,0.0013077090006845538,1.3077090006845538,0.025618845334307885,0.025618845334307885,0.03833048180777862,0.004976789490834181
EM1,13,0.9,test/extrapolation region,148,1.857,0.643,0.0009166669988189824,0.9166669988189824,0.03414195675377598,0.03414195675377598,0.04194547779419253,0.03158675007255263
EM1,13,0.9,test/extrapolation region,149,2.0,0.643,0.0009145000003627501,0.9145000003627501,0.08999402386716346,0.08566552035934034,0.10675207123141253,0.08999402386716346
EM1,13,0.9,test/extrapolation region,150,0.0,0.714,0.0009102500007429626,0.9102500007429626,0.03000737476323444,0.03000737476323444,0.02784730664852285,0.005914355811962417
EM1,13,0.9,test/extrapolation region,151,0.143,0.714,0.0008948330014391104,0.8948330014391104,0.02690345591954888,0.02690345591954888,0.022375983327350125,0.00015672282509988434
EM1,13,0.9,fit region,152,0.286,0.714,0.000902457999472972,0.902457999472972,0.02638630953896024,0.02638630953896024,0.021346963240765588,0.0009542407702190892
EM1,13,0.9,fit region,153,0.429,0.714,0.0008965420001914026,0.8965420001914026,0.025954634185632368,0.025954634185632368,0.023380601223848527,3.971854290677984e-06
EM1,13,0.9,fit region,154,0.571,0.714,0.0009230830000888091,0.9230830000888091,0.022979563834652536,0.022979563834652536,0.021618849853828018,0.0010831502507119867
EM1,13,0.9,fit region,155,0.714,0.714,0.0009423749997949926,0.9423749997949926,0.021988700617783654,0.021988700617783654,0.02132970961071598,0.0012143988065558544
EM1,13,0.9,fit region,156,0.857,0.714,0.0009377920014230767,0.9377920014230767,0.032718069958233696,0.032718069958233696,0.03610953405839287,0.00030948507888759136
EM1,13,0.9,fit region,157,1.0,0.714,0.0009267500008718343,0.9267500008718343,0.04063950695911196,0.04063950695911196,0.051662327357950906,0.000768420781879775
EM1,13,0.9,fit region,158,1.143,0.714,0.00091341700135672,0.91341700135672,0.04193361219250612,0.04193361219250612,0.03877105452094398,0.0007175366240869062
EM1,13,0.9,fit region,159,1.286,0.714,0.0009885830004350282,0.9885830004350282,0.037363017999437635,0.037363017999437635,0.022834651266083122,0.001207543565373379
EM1,13,0.9,fit region,160,1.429,0.714,0.0008949999992182711,0.8949999992182711,0.03140660461201499,0.03140660461201499,0.017192321344666125,0.004130874778445289
EM1,13,0.9,fit region,161,1.571,0.714,0.0009204580001096474,0.9204580001096474,0.021474072134470956,0.021474072134470956,0.010519074471136052,0.004644121458523632
EM1,13,0.9,fit region,162,1.714,0.714,0.0009088340011658147,0.9088340011658147,0.016634838134461222,0.016634838134461222,0.009214143325615532,0.003725544389584974
EM1,13,0.9,test/extrapolation region,163,1.857,0.714,0.0009167079988401383,0.9167079988401383,0.03677518450407977,0.03677518450407977,0.04606842711353479,0.03067574544818014
EM1,13,0.9,test/extrapolation region,164,2.0,0.714,0.0009164590010186657,0.9164590010186657,0.09106216690141679,0.09106216690141679,0.08283021299368881,0.08978994550468802
EM1,13,0.9,test/extrapolation region,165,0.0,0.786,0.0008815420005703345,0.8815420005703345,0.03529615854955489,0.03529615854955489,0.03200340455954755,0.005251885160660583
EM1,13,0.9,test/extrapolation region,166,0.143,0.786,0.0010497909988771426,1.0497909988771426,0.0311864828927323,0.0311864828927323,0.0265506838611672,0.0013109729724400789
EM1,13,0.9,fit region,167,0.286,0.786,0.0008894170005078195,0.8894170005078195,0.029694789356273496,0.029694789356273496,0.02071426864073232,0.0009216136710747878
EM1,13,0.9,fit region,168,0.429,0.786,0.0009577500004525064,0.9577500004525064,0.02964515989304193,0.02964515989304193,0.023145872173165594,0.0016769552179635835
EM1,13,0.9,fit region,169,0.571,0.786,0.00090108299991698,0.90108299991698,0.028764413236843422,0.028764413236843422,0.02866859961271172,0.0019537218292531677
EM1,13,0.9,fit region,170,0.714,0.786,0.0008948750000854488,0.8948750000854488,0.025102500707342868,0.025102500707342868,0.02365799796554551,0.0010788744472227745
EM1,13,0.9,fit region,171,0.857,0.786,0.0009056660001078853,0.9056660001078853,0.02707919222343578,0.02707919222343578,0.0259391692973461,0.0006082932261674231
EM1,13,0.9,fit region,172,1.0,0.786,0.0008990000005724141,0.8990000005724141,0.03508078663921707,0.03508078663921707,0.04655913482069636,0.001924787991701002
EM1,13,0.9,fit region,173,1.143,0.786,0.0008769999985815957,0.8769999985815957,0.03680379180973008,0.03680379180973008,0.04092172023220061,0.0014696235158090862
EM1,13,0.9,fit region,174,1.286,0.786,0.0008760419987083878,0.8760419987083878,0.034573165439243325,0.034573165439243325,0.029209159263061037,0.0013437315813338378
EM1,13,0.9,fit region,175,1.429,0.786,0.0009220419997291174,0.9220419997291174,0.032107427800250624,0.032107427800250624,0.016283569542439046,0.005269727553547107
EM1,13,0.9,fit region,176,1.571,0.786,0.0009289999998145504,0.9289999998145504,0.027208219501817146,0.027208219501817146,0.014818889193919205,0.006525527645220826
EM1,13,0.9,fit region,177,1.714,0.786,0.0008997909990284825,0.8997909990284825,0.024261309967273496,0.024261309967273496,0.012717765644803416,0.0015359203279383948
EM1,13,0.9,test/extrapolation region,178,1.857,0.786,0.0009108340000238968,0.9108340000238968,0.042849953902371785,0.042849953902371785,0.03253391788556124,0.028622093445998826
EM1,13,0.9,test/extrapolation region,179,2.0,0.786,0.0009213749999616994,0.9213749999616994,0.09347382920351914,0.09347382920351914,0.09660875670569294,0.0882655127483988
EM1,13,0.9,test/extrapolation region,180,0.0,0.857,0.0008919590000004973,0.8919590000004973,0.046064653825105085,0.046064653825105085,0.037339292407693944,0.0073503039822960135
EM1,13,0.9,test/extrapolation region,181,0.143,0.857,0.0008876670017343713,0.8876670017343713,0.04048694302083471,0.04048694302083471,0.03329674579698088,0.005168790478936321
EM1,13,0.9,fit region,182,0.286,0.857,0.0008912920002330793,0.8912920002330793,0.03713767864895556,0.03713767864895556,0.029250265328361436,0.005085608232716313
EM1,13,0.9,fit region,183,0.429,0.857,0.0009046670002135215,0.9046670002135215,0.03619954449493795,0.03619954449493795,0.024896235181615073,0.005028522241616273
EM1,13,0.9,fit region,184,0.571,0.857,0.0008906670009309892,0.8906670009309892,0.03486378973566488,0.03486378973566488,0.025579961488871587,0.0038565533270256084
EM1,13,0.9,fit region,185,0.714,0.857,0.0008986670000012964,0.8986670000012964,0.033382483253840155,0.033382483253840155,0.03318724277602358,0.0014200324769802041
EM1,13,0.9,fit region,186,0.857,0.857,0.0008884170001692837,0.8884170001692837,0.029856868588997675,0.029856868588997675,0.029129717922541522,0.001413898908056029
EM1,13,0.9,fit region,187,1.0,0.857,0.0008926669997890713,0.8926669997890713,0.02731003200431123,0.02731003200431123,0.021993543438308436,0.003103636167580315
EM1,13,0.9,fit region,188,1.143,0.857,0.0008888749998732237,0.8888749998732237,0.034521476056545625,0.034521476056545625,0.03225657131315674,0.0021760162249724506
EM1,13,0.9,fit region,189,1.286,0.857,0.0008911249988159398,0.8911249988159398,0.038330934010821854,0.038330934010821854,0.02739235312867576,0.0017309535126780848
EM1,13,0.9,fit region,190,1.429,0.857,0.0008788329996605171,0.8788329996605171,0.039859039464035774,0.039859039464035774,0.032200248885334834,0.006930672768856799
EM1,13,0.9,fit region,191,1.571,0.857,0.000886290999915218,0.886290999915218,0.037741814924089505,0.037741814924089505,0.027683041273397928,0.009202152056843806
EM1,13,0.9,fit region,192,1.714,0.857,0.0008757920004427433,0.8757920004427433,0.0404180743876074,0.0404180743876074,0.0283338781392141,0.0016879787341434675
EM1,13,0.9,test/extrapolation region,193,1.857,0.857,0.0008871660011209315,0.8871660011209315,0.0604624669797514,0.0604624669797514,0.03624323344117122,0.025339915183475323
EM1,13,0.9,test/extrapolation region,194,2.0,0.857,0.00088470800073992,0.88470800073992,0.10944886316284125,0.10944886316284125,0.07668241937835332,0.08533186656190671
EM1,13,0.9,test/extrapolation region,195,0.0,0.929,0.0008833339998091105,0.8833339998091105,0.06577766231385669,0.06577766231385669,0.0545777762185107,0.014405143608531117
EM1,13,0.9,test/extrapolation region,196,0.143,0.929,0.0008860830002959119,0.8860830002959119,0.058330522768511736,0.058330522768511736,0.0486160281529234,0.01351307905300672
EM1,13,0.9,test/extrapolation region,197,0.286,0.929,0.0008775420010351809,0.8775420010351809,0.0530690900913573,0.0530690900913573,0.04564421733101081,0.012899809796673994
EM1,13,0.9,test/extrapolation region,198,0.429,0.929,0.0008772080000198912,0.8772080000198912,0.05002193761964448,0.05002193761964448,0.043490106517601726,0.011022676426381174
EM1,13,0.9,test/extrapolation region,199,0.571,0.929,0.0008947500009526266,0.8947500009526266,0.049351633987477425,0.049351633987477425,0.043330627505932515,0.007413776132020614
EM1,13,0.9,test/extrapolation region,200,0.714,0.929,0.0008863330003805459,0.8863330003805459,0.047788004731226845,0.047788004731226845,0.043323720100097,0.002588283905102379
EM1,13,0.9,test/extrapolation region,201,0.857,0.929,0.0009056669987330679,0.9056669987330679,0.04830721539560456,0.04830721539560456,0.04840100712192434,0.0019292335171718674
EM1,13,0.9,test/extrapolation region,202,1.0,0.929,0.0008929169998737052,0.8929169998737052,0.05035308405677252,0.05035308405677252,0.05786339736880377,0.004195053859876356
EM1,13,0.9,test/extrapolation region,203,1.143,0.929,0.0008782080003584269,0.8782080003584269,0.05403146375712246,0.05403146375712246,0.07451163010261129,0.0027094935633201218
EM1,13,0.9,test/extrapolation region,204,1.286,0.929,0.0008836250017338898,0.8836250017338898,0.059869961440450814,0.059869961440450814,0.07679559262190462,0.0025470416689349976
EM1,13,0.9,test/extrapolation region,205,1.429,0.929,0.0008872500002325978,0.8872500002325978,0.06467609666631045,0.06467609666631045,0.06319352943206799,0.009337615367067374
EM1,13,0.9,test/extrapolation region,206,1.571,0.929,0.0008943329994508531,0.8943329994508531,0.07387749682258432,0.07387749682258432,0.08789998245099147,0.012919825799103326
EM1,13,0.9,test/extrapolation region,207,1.714,0.929,0.0008798329999990528,0.8798329999990528,0.07546280478599784,0.07546280478599784,0.08657421386792807,0.006190238048774261
EM1,13,0.9,test/extrapolation region,208,1.857,0.929,0.0008840829996188404,0.8840829996188404,0.09164278033430316,0.09164278033430316,0.08648714015938806,0.020596866925230457
EM1,13,0.9,test/extrapolation region,209,2.0,0.929,0.0008921660009946208,0.8921660009946208,0.1402725044406637,0.1402725044406637,0.12176598319302237,0.0807807041743841
EM1,13,0.9,test/extrapolation region,210,0.0,1.0,0.0009057080005732132,0.9057080005732132,0.09657377109204837,0.09657377109204837,0.07948302379634072,0.02883973749718832
EM1,13,0.9,test/extrapolation region,211,0.143,1.0,0.0008854999996401602,0.8854999996401602,0.08683258179311096,0.08683258179311096,0.07239418480194457,0.028114543021897545
EM1,13,0.9,test/extrapolation region,212,0.286,1.0,0.0008986249995359685,0.8986249995359685,0.07974788733340463,0.07974788733340463,0.07290559549029693,0.025619760293677917
EM1,13,0.9,test/extrapolation region,213,0.429,1.0,0.0008770830008870689,0.8770830008870689,0.07550480837846546,0.07550480837846546,0.07683422369451418,0.02052113081932671
EM1,13,0.9,test/extrapolation region,214,0.571,1.0,0.0009451670011912938,0.9451670011912938,0.07442541703277301,0.07442541703277301,0.07897290021243678,0.01318942281727128
EM1,13,0.9,test/extrapolation region,215,0.714,1.0,0.0009373339999001473,0.9373339999001473,0.07715893062878103,0.07715893062878103,0.08993898686612183,0.004941896412948244
EM1,13,0.9,test/extrapolation region,216,0.857,1.0,0.0009149170000455342,0.9149170000455342,0.08126666468267442,0.08126666468267442,0.10698891579243153,0.0019209013264414763
EM1,13,0.9,test/extrapolation region,217,1.0,1.0,0.0008963329983089352,0.8963329983089352,0.09080953481421412,0.09080953481421412,0.14517688191650874,0.005022976003963532
EM1,13,0.9,test/extrapolation region,218,1.143,1.0,0.0009040000004461035,0.9040000004461035,0.10635518552562216,0.10635518552562216,0.18871734549027538,0.0029158896390302854
EM1,13,0.9,test/extrapolation region,219,1.286,1.0,0.0008820000002742745,0.8820000002742745,0.12362021245602718,0.12362021245602718,0.20809090848729206,0.003932030246418079
EM1,13,0.9,test/extrapolation region,220,1.429,1.0,0.0008843329997034743,0.8843329997034743,0.13354303731293596,0.13354303731293596,0.2008525157317769,0.012597224815671125
EM1,13,0.9,test/extrapolation region,221,1.571,1.0,0.000892084000952309,0.892084000952309,0.13716612058795274,0.13716612058795274,0.16821373444716764,0.017740493028337367
EM1,13,0.9,test/extrapolation region,222,1.714,1.0,0.0008569999990868382,0.8569999990868382,0.13896679975843948,0.13896679975843948,0.18026449684062548,0.011993411458492427
EM1,13,0.9,test/extrapolation region,223,1.857,1.0,0.0009101249997911509,0.9101249997911509,0.1443878827304751,0.1443878827304751,0.19111754342547846,0.014397269707450155
EM1,13,0.9,test/extrapolation region,224,2.0,1.0,0.0008992089988169027,0.8992089988169027,0.18005365699231748,0.18005365699231748,0.20660382937922375,0.07462752712434545
EM2,6,,test/extrapolation region,0,0.0,0.0,0.00018920899856311735,0.18920899856311735,0.30749079052401407,,,0.30749079052401407
EM2,6,,test/extrapolation region,1,0.143,0.0,0.0001854169986472698,0.1854169986472698,0.14334704491268965,,,0.14334704491268965
EM2,6,,test/extrapolation region,2,0.286,0.0,0.00018520800040278118,0.18520800040278118,0.07421593355697866,,,0.07421593355697866
EM2,6,,test/extrapolation region,3,0.429,0.0,0.00018516700038162526,0.18516700038162526,0.03435640019700674,,,0.03435640019700674
EM2,6,,test/extrapolation region,4,0.571,0.0,0.00018429100055072922,0.18429100055072922,0.009068071221000677,,,0.009068071221000677
EM2,6,,test/extrapolation region,5,0.714,0.0,0.00018475000069884118,0.18475000069884118,0.004977084357331163,,,0.004977084357331163
EM2,6,,test/extrapolation region,6,0.857,0.0,0.00018395799997961149,0.1839579999796115,0.012677521994554465,,,0.012677521994554465
EM2,6,,test/extrapolation region,7,1.0,0.0,0.0001831659992603818,0.1831659992603818,0.02059712716700879,,,0.02059712716700879
EM2,6,,test/extrapolation region,8,1.143,0.0,0.00018758400074148085,0.18758400074148085,0.024929996622191836,,,0.024929996622191836
EM2,6,,test/extrapolation region,9,1.286,0.0,0.0002017499991779914,0.2017499991779914,0.02470970272878319,,,0.02470970272878319
EM2,6,,test/extrapolation region,10,1.429,0.0,0.00019704199985426385,0.19704199985426385,0.02075636080292652,,,0.02075636080292652
EM2,6,,test/extrapolation region,11,1.571,0.0,0.00019529100063664373,0.19529100063664373,0.01591978459730397,,,0.01591978459730397
EM2,6,,test/extrapolation region,12,1.714,0.0,0.00019716699898708612,0.19716699898708612,0.01515313330009603,,,0.01515313330009603
EM2,6,,test/extrapolation region,13,1.857,0.0,0.0001986660008697072,0.1986660008697072,0.02566501279672934,,,0.02566501279672934
EM2,6,,test/extrapolation region,14,2.0,0.0,0.00019641600010800175,0.19641600010800175,0.057109039630785834,,,0.057109039630785834
EM2,6,,test/extrapolation region,15,0.0,0.071,0.00019754200002353173,0.19754200002353173,0.2156471724139678,,,0.2156471724139678
EM2,6,,test/extrapolation region,16,0.143,0.071,0.0001976670009753434,0.1976670009753434,0.03845588498547183,,,0.03845588498547183
EM2,6,,test/extrapolation region,17,0.286,0.071,0.00019016700025531463,0.19016700025531463,0.003889353503806425,,,0.003889353503806425
EM2,6,,test/extrapolation region,18,0.429,0.071,0.00019095800053037237,0.19095800053037237,0.0029909939200949455,,,0.0029909939200949455
EM2,6,,test/extrapolation region,19,0.571,0.071,0.00018924999858427327,0.18924999858427327,0.0029807502534916212,,,0.0029807502534916212
EM2,6,,test/extrapolation region,20,0.714,0.071,0.00018987499970535282,0.18987499970535282,0.004126196622337775,,,0.004126196622337775
EM2,6,,test/extrapolation region,21,0.857,0.071,0.00018929199904960115,0.18929199904960115,0.006299407876553081,,,0.006299407876553081
EM2,6,,test/extrapolation region,22,1.0,0.071,0.0001887500002339948,0.1887500002339948,0.008776074316387921,,,0.008776074316387921
EM2,6,,test/extrapolation region,23,1.143,0.071,0.0001928750007209601,0.1928750007209601,0.010352581058690318,,,0.010352581058690318
EM2,6,,test/extrapolation region,24,1.286,0.071,0.00019050000082643237,0.19050000082643237,0.00984835448431974,,,0.00984835448431974
EM2,6,,test/extrapolation region,25,1.429,0.071,0.00018820799959939905,0.18820799959939905,0.007124369594854517,,,0.007124369594854517
EM2,6,,test/extrapolation region,26,1.571,0.071,0.00018908299898612313,0.18908299898612313,0.004256030676155601,,,0.004256030676155601
EM2,6,,test/extrapolation region,27,1.714,0.071,0.0001889590002974728,0.1889590002974728,0.0058380072462845605,,,0.0058380072462845605
EM2,6,,test/extrapolation region,28,1.857,0.071,0.00018745799934549723,0.18745799934549723,0.01875491730110139,,,0.01875491730110139
EM2,6,,test/extrapolation region,29,2.0,0.071,0.00018608299978950527,0.18608299978950527,0.05226402922243218,,,0.05226402922243218
EM2,6,,test/extrapolation region,30,0.0,0.143,0.00018737500067800283,0.18737500067800283,0.172835330903584,,,0.172835330903584
EM2,6,,test/extrapolation region,31,0.143,0.143,0.0001937910001288401,0.1937910001288401,0.03093948412220164,,,0.03093948412220164
EM2,6,,fit region,32,0.286,0.143,0.00018791699949360918,0.18791699949360918,0.001593013829390609,,,0.001593013829390609
EM2,6,,fit region,33,0.429,0.143,0.0001885839992610272,0.1885839992610272,3.208074908606983e-05,,,3.208074908606983e-05
EM2,6,,fit region,34,0.571,0.143,0.00019050000082643237,0.19050000082643237,0.0011644755451679634,,,0.0011644755451679634
EM2,6,,fit region,35,0.714,0.143,0.0001910840001073666,0.1910840001073666,0.0013689751444354611,,,0.0013689751444354611
EM2,6,,fit region,36,0.857,0.143,0.0001912080006150063,0.1912080006150063,0.0006710706314756377,,,0.0006710706314756377
EM2,6,,fit region,37,1.0,0.143,0.0001892910004244186,0.1892910004244186,0.00046115180469795294,,,0.00046115180469795294
EM2,6,,fit region,38,1.143,0.143,0.0001880410000012489,0.1880410000012489,0.0011770870381338785,,,0.0011770870381338785
EM2,6,,fit region,39,1.286,0.143,0.00019779099966399372,0.19779099966399372,0.0014198956870579867,,,0.0014198956870579867
EM2,6,,fit region,40,1.429,0.143,0.0001948749995790422,0.1948749995790422,4.8622849357320034e-06,,,4.8622849357320034e-06
EM2,6,,fit region,41,1.571,0.143,0.00019870799951604567,0.19870799951604567,0.0015261922970822176,,,0.0015261922970822176
EM2,6,,fit region,42,1.714,0.143,0.00019258400061517023,0.19258400061517023,0.0013980527771360284,,,0.0013980527771360284
EM2,6,,test/extrapolation region,43,1.857,0.143,0.00019699999938893598,0.19699999938893598,0.015517114854607977,,,0.015517114854607977
EM2,6,,test/extrapolation region,44,2.0,0.143,0.00019458299902908038,0.19458299902908038,0.0497918849813153,,,0.0497918849813153
EM2,6,,test/extrapolation region,45,0.0,0.214,0.00019554200116544962,0.19554200116544962,0.14881786739450686,,,0.14881786739450686
EM2,6,,test/extrapolation region,46,0.143,0.214,0.0002002080000238493,0.2002080000238493,0.03154201080010415,,,0.03154201080010415
EM2,6,,fit region,47,0.286,0.214,0.00018962499962071888,0.18962499962071888,0.0019059985177615232,,,0.0019059985177615232
EM2,6,,fit region,48,0.429,0.214,0.00019108299966319464,0.19108299966319464,0.0016654984100719986,,,0.0016654984100719986
EM2,6,,fit region,49,0.571,0.214,0.00021004199879826047,0.21004199879826047,0.0006102187777262258,,,0.0006102187777262258
EM2,6,,fit region,50,0.714,0.214,0.00019783399875450414,0.19783399875450414,0.0004987077743075115,,,0.0004987077743075115
EM2,6,,fit region,51,0.857,0.214,0.00019358400095370598,0.19358400095370598,0.0018316749927356486,,,0.0018316749927356486
EM2,6,,fit region,52,1.0,0.214,0.000195415999769466,0.195415999769466,0.0026136386173422816,,,0.0026136386173422816
EM2,6,,fit region,53,1.143,0.214,0.00021216699860815424,0.21216699860815424,0.0015673278675742836,,,0.0015673278675742836
EM2,6,,fit region,54,1.286,0.214,0.0001920830000017304,0.1920830000017304,0.0005478698709023624,,,0.0005478698709023624
EM2,6,,fit region,55,1.429,0.214,0.00019441599943093024,0.19441599943093024,0.001526669631129746,,,0.001526669631129746
EM2,6,,fit region,56,1.571,0.214,0.0002042500000243308,0.2042500000243308,0.0028704202179727963,,,0.0028704202179727963
EM2,6,,fit region,57,1.714,0.214,0.0001863329998741392,0.1863329998741392,0.00027321890960558073,,,0.00027321890960558073
EM2,6,,test/extrapolation region,58,1.857,0.214,0.00018304100012755953,0.18304100012755953,0.014514902673572447,,,0.014514902673572447
EM2,6,,test/extrapolation region,59,2.0,0.214,0.00018570800057204906,0.18570800057204906,0.048550816987499835,,,0.048550816987499835
EM2,6,,test/extrapolation region,60,0.0,0.286,0.00020187499831081368,0.20187499831081368,0.12918772674455473,,,0.12918772674455473
EM2,6,,test/extrapolation region,61,0.143,0.286,0.0001850830012699589,0.1850830012699589,0.02817827782794114,,,0.02817827782794114
EM2,6,,fit region,62,0.286,0.286,0.00018395900042378344,0.18395900042378344,0.0007069353153503258,,,0.0007069353153503258
EM2,6,,fit region,63,0.429,0.286,0.00019241700101702008,0.19241700101702008,0.002779039045474153,,,0.002779039045474153
EM2,6,,fit region,64,0.571,0.286,0.00018275000002176967,0.18275000002176967,0.0010928818189709347,,,0.0010928818189709347
EM2,6,,fit region,65,0.714,0.286,0.00018287500097358134,0.18287500097358134,0.00018616060606718685,,,0.00018616060606718685
EM2,6,,fit region,66,0.857,0.286,0.00018241699945065193,0.18241699945065193,0.001016770346061962,,,0.001016770346061962
EM2,6,,fit region,67,1.0,0.286,0.00018458299928170163,0.18458299928170163,0.001473800525359099,,,0.001473800525359099
EM2,6,,fit region,68,1.143,0.286,0.00019229099962103646,0.19229099962103646,8.305297929643873e-05,,,8.305297929643873e-05
EM2,6,,fit region,69,1.286,0.286,0.0001862499993876554,0.1862499993876554,0.0011731732937087641,,,0.0011731732937087641
EM2,6,,fit region,70,1.429,0.286,0.0001908329995785607,0.1908329995785607,0.00039688838298746626,,,0.00039688838298746626
EM2,6,,fit region,71,1.571,0.286,0.00018900000031862874,0.18900000031862874,0.002321491187703929,,,0.002321491187703929
EM2,6,,fit region,72,1.714,0.286,0.0001847080002335133,0.1847080002335133,0.0004672837249721095,,,0.0004672837249721095
EM2,6,,test/extrapolation region,73,1.857,0.286,0.00018562500008556526,0.18562500008556526,0.014255653150888151,,,0.014255653150888151
EM2,6,,test/extrapolation region,74,2.0,0.286,0.00018620800074131694,0.18620800074131694,0.04753668023925148,,,0.04753668023925148
EM2,6,,test/extrapolation region,75,0.0,0.357,0.00019041700033994857,0.19041700033994857,0.11364982803142934,,,0.11364982803142934
EM2,6,,test/extrapolation region,76,0.143,0.357,0.00018375000036030542,0.18375000036030542,0.02446198215568345,,,0.02446198215568345
EM2,6,,fit region,77,0.286,0.357,0.0001827079995564418,0.1827079995564418,2.0788231682179247e-06,,,2.0788231682179247e-06
EM2,6,,fit region,78,0.429,0.357,0.00018266699953528587,0.18266699953528587,0.002550384276801126,,,0.002550384276801126
EM2,6,,fit region,79,0.571,0.357,0.0001964999992196681,0.1964999992196681,4.6840458610192796e-05,,,4.6840458610192796e-05
EM2,6,,fit region,80,0.714,0.357,0.00018612500025483314,0.18612500025483314,0.0016598225979059802,,,0.0016598225979059802
EM2,6,,fit region,81,0.857,0.357,0.00018716600061452482,0.18716600061452482,0.0012369681571087095,,,0.0012369681571087095
EM2,6,,fit region,82,1.0,0.357,0.0001906670004245825,0.1906670004245825,0.0007742823163625789,,,0.0007742823163625789
EM2,6,,fit region,83,1.143,0.357,0.00018766700122796465,0.18766700122796465,0.0023383708699738627,,,0.0023383708699738627
EM2,6,,fit region,84,1.286,0.357,0.0001843330010160571,0.1843330010160571,0.002883670030507299,,,0.002883670030507299
EM2,6,,fit region,85,1.429,0.357,0.00019204199998057447,0.19204199998057447,0.000507807621776478,,,0.000507807621776478
EM2,6,,fit region,86,1.571,0.357,0.0001863329998741392,0.1863329998741392,0.0018360896441457287,,,0.0018360896441457287
EM2,6,,fit region,87,1.714,0.357,0.0001849999989644857,0.1849999989644857,0.0006854334558237864,,,0.0006854334558237864
EM2,6,,test/extrapolation region,88,1.857,0.357,0.00018612500025483314,0.18612500025483314,0.013868926163375097,,,0.013868926163375097
EM2,6,,test/extrapolation region,89,2.0,0.357,0.00018833300055121072,0.18833300055121072,0.046319561934390706,,,0.046319561934390706
EM2,6,,test/extrapolation region,90,0.0,0.429,0.00018516700038162526,0.18516700038162526,0.10187923074651896,,,0.10187923074651896
EM2,6,,test/extrapolation region,91,0.143,0.429,0.00019958300072175916,0.19958300072175916,0.021676661080066252,,,0.021676661080066252
EM2,6,,fit region,92,0.286,0.429,0.00018400000044493936,0.18400000044493936,0.00021923519412621453,,,0.00021923519412621453
EM2,6,,fit region,93,0.429,0.429,0.00018545900093158707,0.18545900093158707,0.0014258788075821919,,,0.0014258788075821919
EM2,6,,fit region,94,0.571,0.429,0.00021137499970791396,0.21137499970791396,0.0014249052290870022,,,0.0014249052290870022
EM2,6,,fit region,95,0.714,0.429,0.00018287499915459193,0.18287499915459193,0.0031729788319001446,,,0.0031729788319001446
EM2,6,,fit region,96,0.857,0.429,0.00019016699843632523,0.19016699843632523,0.002007923590036211,,,0.002007923590036211
EM2,6,,fit region,97,1.0,0.429,0.00018287500097358134,0.18287500097358134,0.0001753787964550327,,,0.0001753787964550327
EM2,6,,fit region,98,1.143,0.429,0.0001817499996832339,0.1817499996832339,0.0016831800911487715,,,0.0016831800911487715
EM2,6,,fit region,99,1.286,0.429,0.00020029199913551565,0.20029199913551565,0.0023377455074786333,,,0.0023377455074786333
EM2,6,,fit region,100,1.429,0.429,0.00019695900118676946,0.19695900118676946,0.00011176584686043486,,,0.00011176584686043486
EM2,6,,fit region,101,1.571,0.429,0.00019500000053085387,0.19500000053085387,0.001886483596390081,,,0.001886483596390081
EM2,6,,fit region,102,1.714,0.429,0.0001962080004886957,0.1962080004886957,0.0006614152885066866,,,0.0006614152885066866
EM2,6,,test/extrapolation region,103,1.857,0.429,0.00019641600010800175,0.19641600010800175,0.013130146800484622,,,0.013130146800484622
EM2,6,,test/extrapolation region,104,2.0,0.429,0.00019804099974862766,0.19804099974862766,0.04505566480791578,,,0.04505566480791578
EM2,6,,test/extrapolation region,105,0.0,0.5,0.0001936249991558725,0.1936249991558725,0.09297334141455738,,,0.09297334141455738
EM2,6,,test/extrapolation region,106,0.143,0.5,0.00021004199879826047,0.21004199879826047,0.01937148014779541,,,0.01937148014779541
EM2,6,,fit region,107,0.286,0.5,0.00019387500105949584,0.19387500105949584,0.000561579841046229,,,0.000561579841046229
EM2,6,,fit region,108,0.429,0.5,0.00018950000048789661,0.1895000004878966,0.0005600147050610681,,,0.0005600147050610681
EM2,6,,fit region,109,0.571,0.5,0.00019491700004437007,0.19491700004437007,0.0019257554852998061,,,0.0019257554852998061
EM2,6,,fit region,110,0.714,0.5,0.00018233300033898558,0.18233300033898558,0.002714454734329897,,,0.002714454734329897
EM2,6,,fit region,111,0.857,0.5,0.0001847080002335133,0.1847080002335133,0.0009449583295600386,,,0.0009449583295600386
EM2,6,,fit region,112,1.0,0.5,0.00018083299983118195,0.18083299983118195,0.006350733393086775,,,0.006350733393086775
EM2,6,,fit region,113,1.143,0.5,0.00018412499957776163,0.18412499957776163,0.0010802927659787085,,,0.0010802927659787085
EM2,6,,fit region,114,1.286,0.5,0.00019737500042538159,0.19737500042538159,0.0010660586902712307,,,0.0010660586902712307
EM2,6,,fit region,115,1.429,0.5,0.00019691600027726963,0.19691600027726963,0.00033653878862553423,,,0.00033653878862553423
EM2,6,,fit region,116,1.571,0.5,0.00019704199985426385,0.19704199985426385,0.0017383007105484748,,,0.0017383007105484748
EM2,6,,fit region,117,1.714,0.5,0.0001936250009748619,0.1936250009748619,0.0008226945361759732,,,0.0008226945361759732
EM2,6,,test/extrapolation region,118,1.857,0.5,0.0001959589990292443,0.1959589990292443,0.012321434783815269,,,0.012321434783815269
EM2,6,,test/extrapolation region,119,2.0,0.5,0.00019933300063712522,0.19933300063712522,0.04883102222044817,,,0.04883102222044817
EM2,6,,test/extrapolation region,120,0.0,0.571,0.00019645799875434022,0.19645799875434022,0.08501256593812025,,,0.08501256593812025
EM2,6,,test/extrapolation region,121,0.143,0.571,0.00019241700101702008,0.19241700101702008,0.01640119770195967,,,0.01640119770195967
EM2,6,,fit region,122,0.286,0.571,0.0001854169986472698,0.1854169986472698,0.00022758910450607599,,,0.00022758910450607599
EM2,6,,fit region,123,0.429,0.571,0.00018687500050873496,0.18687500050873496,0.0005506608519672283,,,0.0005506608519672283
EM2,6,,fit region,124,0.571,0.571,0.0001927920002344763,0.1927920002344763,0.00121313288534394,,,0.00121313288534394
EM2,6,,fit region,125,0.714,0.571,0.000195624999832944,0.195624999832944,0.0010016994229441278,,,0.0010016994229441278
EM2,6,,fit region,126,0.857,0.571,0.00019583399989642203,0.19583399989642203,0.00325029596463813,,,0.00325029596463813
EM2,6,,fit region,127,1.0,0.571,0.00018825000006472692,0.18825000006472692,0.0034361735147831925,,,0.0034361735147831925
EM2,6,,fit region,128,1.143,0.571,0.00021891600044909865,0.21891600044909865,0.0008381563750385531,,,0.0008381563750385531
EM2,6,,fit region,129,1.286,0.571,0.00019637500008684583,0.19637500008684583,0.0015758762290387477,,,0.0015758762290387477
EM2,6,,fit region,130,1.429,0.571,0.0001964170005521737,0.1964170005521737,6.214082825442148e-06,,,6.214082825442148e-06
EM2,6,,fit region,131,1.571,0.571,0.000197208999452414,0.197208999452414,0.0012637029089706047,,,0.0012637029089706047
EM2,6,,fit region,132,1.714,0.571,0.00019341699953656644,0.19341699953656644,0.0012396737651180919,,,0.0012396737651180919
EM2,6,,test/extrapolation region,133,1.857,0.571,0.0001982079993467778,0.1982079993467778,0.012190835066290717,,,0.012190835066290717
EM2,6,,test/extrapolation region,134,2.0,0.571,0.00019149999934597872,0.19149999934597872,0.07904770847383812,,,0.07904770847383812
EM2,6,,test/extrapolation region,135,0.0,0.643,0.00019433300076343585,0.19433300076343585,0.07694827398824915,,,0.07694827398824915
EM2,6,,test/extrapolation region,136,0.143,0.643,0.00019629100097517949,0.19629100097517949,0.012153704060130084,,,0.012153704060130084
EM2,6,,fit region,137,0.286,0.643,0.00018433399964123964,0.18433399964123964,0.0005129575484997323,,,0.0005129575484997323
EM2,6,,fit region,138,0.429,0.643,0.0001850829994509695,0.1850829994509695,0.0007593603254448744,,,0.0007593603254448744
EM2,6,,fit region,139,0.571,0.643,0.00018183400061388966,0.18183400061388966,0.0005387383361931821,,,0.0005387383361931821
EM2,6,,fit region,140,0.714,0.643,0.00018254099995829165,0.18254099995829165,0.0010352324256608953,,,0.0010352324256608953
EM2,6,,fit region,141,0.857,0.643,0.00018358399938733783,0.18358399938733783,0.001043403684897575,,,0.001043403684897575
EM2,6,,fit region,142,1.0,0.643,0.00018329200065636542,0.18329200065636542,0.0018230753556010486,,,0.0018230753556010486
EM2,6,,fit region,143,1.143,0.643,0.00018566700055089314,0.18566700055089314,0.0023520423006167307,,,0.0023520423006167307
EM2,6,,fit region,144,1.286,0.643,0.00018841699966287706,0.18841699966287706,0.0015031677648400612,,,0.0015031677648400612
EM2,6,,fit region,145,1.429,0.643,0.000186416000360623,0.186416000360623,0.00038501111253318643,,,0.00038501111253318643
EM2,6,,fit region,146,1.571,0.643,0.00018941700000141282,0.18941700000141282,0.0015551569986279959,,,0.0015551569986279959
EM2,6,,fit region,147,1.714,0.643,0.00018604199976834934,0.18604199976834934,0.0011429286971538675,,,0.0011429286971538675
EM2,6,,test/extrapolation region,148,1.857,0.643,0.0001883750010165386,0.1883750010165386,0.021395747866160473,,,0.021395747866160473
EM2,6,,test/extrapolation region,149,2.0,0.643,0.00018724999972619116,0.18724999972619116,0.11414841059268534,,,0.11414841059268534
EM2,6,,test/extrapolation region,150,0.0,0.714,0.00018850000014936086,0.18850000014936086,0.07036427550133721,,,0.07036427550133721
EM2,6,,test/extrapolation region,151,0.143,0.714,0.00018708300012804102,0.18708300012804102,0.007360142885801236,,,0.007360142885801236
EM2,6,,fit region,152,0.286,0.714,0.00018512499991629738,0.18512499991629738,0.0002333443490654073,,,0.0002333443490654073
EM2,6,,fit region,153,0.429,0.714,0.00020283300000301097,0.20283300000301097,0.0005738771616816363,,,0.0005738771616816363
EM2,6,,fit region,154,0.571,0.714,0.00018729200019151904,0.18729200019151904,0.0003067990976543939,,,0.0003067990976543939
EM2,6,,fit region,155,0.714,0.714,0.00018699999964155722,0.18699999964155722,0.00011291407580026627,,,0.00011291407580026627
EM2,6,,fit region,156,0.857,0.714,0.00019058299949392676,0.19058299949392676,0.00046133226410112986,,,0.00046133226410112986
EM2,6,,fit region,157,1.0,0.714,0.00018604199976834934,0.18604199976834934,0.0008111302679434949,,,0.0008111302679434949
EM2,6,,fit region,158,1.143,0.714,0.00019258400061517023,0.19258400061517023,0.0007750077916221657,,,0.0007750077916221657
EM2,6,,fit region,159,1.286,0.714,0.00018341699978918768,0.18341699978918768,0.00015854560836864632,,,0.00015854560836864632
EM2,6,,fit region,160,1.429,0.714,0.00018320900016988162,0.18320900016988162,0.001799116434097817,,,0.001799116434097817
EM2,6,,fit region,161,1.571,0.714,0.0001842500005295733,0.1842500005295733,0.002701084425647599,,,0.002701084425647599
EM2,6,,fit region,162,1.714,0.714,0.0001826250008889474,0.1826250008889474,0.0002685426628195379,,,0.0002685426628195379
EM2,6,,test/extrapolation region,163,1.857,0.714,0.00018429199917591177,0.18429199917591177,0.041217817274635894,,,0.041217817274635894
EM2,6,,test/extrapolation region,164,2.0,0.714,0.00018445800014887936,0.18445800014887936,0.15172970697855132,,,0.15172970697855132
EM2,6,,test/extrapolation region,165,0.0,0.786,0.0002054169999610167,0.2054169999610167,0.07062263488204623,,,0.07062263488204623
EM2,6,,test/extrapolation region,166,0.143,0.786,0.00019537499974831007,0.19537499974831007,0.017451920245808567,,,0.017451920245808567
EM2,6,,fit region,167,0.286,0.786,0.00019704199985426385,0.19704199985426385,0.0018588930779088963,,,0.0018588930779088963
EM2,6,,fit region,168,0.429,0.786,0.00019112500012852252,0.19112500012852252,0.0015981716484199885,,,0.0015981716484199885
EM2,6,,fit region,169,0.571,0.786,0.0001976670009753434,0.1976670009753434,0.0020883853969777917,,,0.0020883853969777917
EM2,6,,fit region,170,0.714,0.786,0.0001965829997061519,0.1965829997061519,0.0019952881698313057,,,0.0019952881698313057
EM2,6,,fit region,171,0.857,0.786,0.000195167000129004,0.195167000129004,0.001675079337078611,,,0.001675079337078611
EM2,6,,fit region,172,1.0,0.786,0.00019370900008652825,0.19370900008652825,0.0011387151671358117,,,0.0011387151671358117
EM2,6,,fit region,173,1.143,0.786,0.00020500000027823262,0.20500000027823262,0.0007986980487104024,,,0.0007986980487104024
EM2,6,,fit region,174,1.286,0.786,0.00019670799883897416,0.19670799883897416,0.0012150698727703619,,,0.0012150698727703619
EM2,6,,fit region,175,1.429,0.786,0.0002049590002570767,0.2049590002570767,0.0023569470592416587,,,0.0023569470592416587
EM2,6,,fit region,176,1.571,0.786,0.00020454100013012066,0.20454100013012066,0.0029799709007961163,,,0.0029799709007961163
EM2,6,,fit region,177,1.714,0.786,0.00022358400019584224,0.22358400019584224,0.00010541576390854382,,,0.00010541576390854382
EM2,6,,test/extrapolation region,178,1.857,0.786,0.0002144999998563435,0.2144999998563435,0.06623989836443073,,,0.06623989836443073
EM2,6,,test/extrapolation region,179,2.0,0.786,0.00019666700063680764,0.19666700063680764,0.19647597508895995,,,0.19647597508895995
EM2,6,,test/extrapolation region,180,0.0,0.857,0.00018754200027615298,0.18754200027615298,0.07796686436737725,,,0.07796686436737725
EM2,6,,test/extrapolation region,181,0.143,0.857,0.0001948749995790422,0.1948749995790422,0.02687728416205426,,,0.02687728416205426
EM2,6,,fit region,182,0.286,0.857,0.00018916599947260693,0.18916599947260693,0.0014104369481289028,,,0.0014104369481289028
EM2,6,,fit region,183,0.429,0.857,0.00018950000048789661,0.1895000004878966,0.000744358202236089,,,0.000744358202236089
EM2,6,,fit region,184,0.571,0.857,0.00019187499856343493,0.19187499856343493,0.0003905126632931213,,,0.0003905126632931213
EM2,6,,fit region,185,0.714,0.857,0.00019166600031894632,0.19166600031894632,1.1828907552394348e-05,,,1.1828907552394348e-05
EM2,6,,fit region,186,0.857,0.857,0.0001844159996835515,0.1844159996835515,4.5070505459004866e-05,,,4.5070505459004866e-05
EM2,6,,fit region,187,1.0,0.857,0.00018716700105869677,0.18716700105869677,0.0007082053813433887,,,0.0007082053813433887
EM2,6,,fit region,188,1.143,0.857,0.00018845799968403298,0.18845799968403298,0.0014517546826332546,,,0.0014517546826332546
EM2,6,,fit region,189,1.286,0.857,0.000185042001248803,0.185042001248803,0.0015323527880387075,,,0.0015323527880387075
EM2,6,,fit region,190,1.429,0.857,0.0001831659992603818,0.1831659992603818,0.0007899977429152122,,,0.0007899977429152122
EM2,6,,fit region,191,1.571,0.857,0.00018370800171396695,0.18370800171396695,0.00029030125249222247,,,0.00029030125249222247
EM2,6,,fit region,192,1.714,0.857,0.00018799999998009298,0.18799999998009298,0.0026171716438892767,,,0.0026171716438892767
EM2,6,,test/extrapolation region,193,1.857,0.857,0.0001895420009532245,0.1895420009532245,0.09841534630706326,,,0.09841534630706326
EM2,6,,test/extrapolation region,194,2.0,0.857,0.0002589579999039415,0.2589579999039415,0.2507527916610462,,,0.2507527916610462
EM2,6,,test/extrapolation region,195,0.0,0.929,0.0001965000010386575,0.1965000010386575,0.0841153639323015,,,0.0841153639323015
EM2,6,,test/extrapolation region,196,0.143,0.929,0.00019749999955820385,0.19749999955820385,0.03333050376571219,,,0.03333050376571219
EM2,6,,test/extrapolation region,197,0.286,0.929,0.00019924999833165202,0.19924999833165202,0.01843590554699874,,,0.01843590554699874
EM2,6,,test/extrapolation region,198,0.429,0.929,0.00018454100063536316,0.18454100063536316,0.01608184526658579,,,0.01608184526658579
EM2,6,,test/extrapolation region,199,0.571,0.929,0.00019137500021315645,0.19137500021315645,0.013639956509016669,,,0.013639956509016669
EM2,6,,test/extrapolation region,200,0.714,0.929,0.00018783300038194284,0.18783300038194284,0.011448172093114809,,,0.011448172093114809
EM2,6,,test/extrapolation region,201,0.857,0.929,0.00019149999934597872,0.19149999934597872,0.010414782776196872,,,0.010414782776196872
EM2,6,,test/extrapolation region,202,1.0,0.929,0.00018829100008588284,0.18829100008588284,0.010640987868332317,,,0.010640987868332317
EM2,6,,test/extrapolation region,203,1.143,0.929,0.00018845799968403298,0.18845799968403298,0.011360706441880034,,,0.011360706441880034
EM2,6,,test/extrapolation region,204,1.286,0.929,0.0001862499993876554,0.1862499993876554,0.011559458159248916,,,0.011559458159248916
EM2,6,,test/extrapolation region,205,1.429,0.929,0.00019079100093222223,0.19079100093222223,0.010846105501918106,,,0.010846105501918106
EM2,6,,test/extrapolation region,206,1.571,0.929,0.00018808300046657678,0.18808300046657678,0.010149937502566216,,,0.010149937502566216
EM2,6,,test/extrapolation region,207,1.714,0.929,0.000186167000720161,0.186167000720161,0.019640794059329877,,,0.019640794059329877
EM2,6,,test/extrapolation region,208,1.857,0.929,0.0001877919985417975,0.1877919985417975,0.1413807023201427,,,0.1413807023201427
EM2,6,,test/extrapolation region,209,2.0,0.929,0.00020179099919914734,0.20179099919914734,0.31962666637875986,,,0.31962666637875986
EM2,6,,test/extrapolation region,210,0.0,1.0,0.00019262500063632615,0.19262500063632615,0.10056731640262108,,,0.10056731640262108
EM2,6,,test/extrapolation region,211,0.143,1.0,0.00019545900067896582,0.19545900067896582,0.06926835250948385,,,0.06926835250948385
EM2,6,,test/extrapolation region,212,0.286,1.0,0.0001973329999600537,0.1973329999600537,0.05789848434671058,,,0.05789848434671058
EM2,6,,test/extrapolation region,213,0.429,1.0,0.0001940829988598125,0.1940829988598125,0.05006771398509783,,,0.05006771398509783
EM2,6,,test/extrapolation region,214,0.571,1.0,0.00019545800023479387,0.19545800023479387,0.04285093235134812,,,0.04285093235134812
EM2,6,,test/extrapolation region,215,0.714,1.0,0.00019049999900744297,0.19049999900744297,0.0370944709936688,,,0.0370944709936688
EM2,6,,test/extrapolation region,216,0.857,1.0,0.00018804199862643145,0.18804199862643145,0.03373828675332308,,,0.03373828675332308
EM2,6,,test/extrapolation region,217,1.0,1.0,0.00018820800141838845,0.18820800141838845,0.03260298151866528,,,0.03260298151866528
EM2,6,,test/extrapolation region,218,1.143,1.0,0.00018779099991661496,0.18779099991661496,0.032541674290733395,,,0.032541674290733395
EM2,6,,test/extrapolation region,219,1.286,1.0,0.0001936249991558725,0.1936249991558725,0.032176145450026526,,,0.032176145450026526
EM2,6,,test/extrapolation region,220,1.429,1.0,0.0001874999998108251,0.1874999998108251,0.03083565511511212,,,0.03083565511511212
EM2,6,,test/extrapolation region,221,1.571,1.0,0.00018708300012804102,0.18708300012804102,0.029311535184328157,,,0.029311535184328157
EM2,6,,test/extrapolation region,222,1.714,1.0,0.00020000000040454324,0.20000000040454324,0.0526412370016014,,,0.0526412370016014
EM2,6,,test/extrapolation region,223,1.857,1.0,0.00019987499945273157,0.19987499945273157,0.19657765785467932,,,0.19657765785467932
EM2,6,,test/extrapolation region,224,2.0,1.0,0.00020066700017196126,0.20066700017196126,0.4047142592362447,,,0.4047142592362447
EM2,9,,test/extrapolation region,0,0.0,0.0,0.0001882920005300548,0.1882920005300548,0.5090286601058938,,,0.5090286601058938
EM2,9,,test/extrapolation region,1,0.143,0.0,0.0001894590004667407,0.1894590004667407,0.4968502544950267,,,0.4968502544950267
EM2,9,,test/extrapolation region,2,0.286,0.0,0.0001849999989644857,0.1849999989644857,0.4738184546570094,,,0.4738184546570094
EM2,9,,test/extrapolation region,3,0.429,0.0,0.00018629199985298328,0.18629199985298328,0.44225311452336336,,,0.44225311452336336
EM2,9,,test/extrapolation region,4,0.571,0.0,0.00018595899928186554,0.18595899928186554,0.40752748470828226,,,0.40752748470828226
EM2,9,,test/extrapolation region,5,0.714,0.0,0.00018649999947228935,0.18649999947228935,0.36416125737915866,,,0.36416125737915866
EM2,9,,test/extrapolation region,6,0.857,0.0,0.00018933300088974647,0.18933300088974647,0.2915584456924821,,,0.2915584456924821
EM2,9,,test/extrapolation region,7,1.0,0.0,0.0001844160015025409,0.1844160015025409,0.16229451116979038,,,0.16229451116979038
EM2,9,,test/extrapolation region,8,1.143,0.0,0.00018416600141790695,0.18416600141790695,0.00013798540507778094,,,0.00013798540507778094
EM2,9,,test/extrapolation region,9,1.286,0.0,0.00018649999947228935,0.18649999947228935,0.006445078654034513,,,0.006445078654034513
EM2,9,,test/extrapolation region,10,1.429,0.0,0.0001858750001701992,0.1858750001701992,0.009134650997253689,,,0.009134650997253689
EM2,9,,test/extrapolation region,11,1.571,0.0,0.00018441700012772344,0.18441700012772344,0.009555472491843103,,,0.009555472491843103
EM2,9,,test/extrapolation region,12,1.714,0.0,0.00018483299936633557,0.18483299936633557,0.012872981085509107,,,0.012872981085509107
EM2,9,,test/extrapolation region,13,1.857,0.0,0.00018504100080463104,0.18504100080463104,0.0262410110228278,,,0.0262410110228278
EM2,9,,test/extrapolation region,14,2.0,0.0,0.00019925000015064143,0.19925000015064143,0.058954839716416435,,,0.058954839716416435
EM2,9,,test/extrapolation region,15,0.0,0.071,0.00018441700012772344,0.18441700012772344,0.15828974862261364,,,0.15828974862261364
EM2,9,,test/extrapolation region,16,0.143,0.071,0.0001850829994509695,0.1850829994509695,0.14748794271220989,,,0.14748794271220989
EM2,9,,test/extrapolation region,17,0.286,0.071,0.00018437499966239557,0.18437499966239557,0.151613430728031,,,0.151613430728031
EM2,9,,test/extrapolation region,18,0.429,0.071,0.00019433299894444644,0.19433299894444644,0.14813554977872512,,,0.14813554977872512
EM2,9,,test/extrapolation region,19,0.571,0.071,0.00018491700029699132,0.18491700029699132,0.1283592537887186,,,0.1283592537887186
EM2,9,,test/extrapolation region,20,0.714,0.071,0.0001877919985417975,0.1877919985417975,0.08537898333712775,,,0.08537898333712775
EM2,9,,test/extrapolation region,21,0.857,0.071,0.00018358299894316588,0.18358299894316588,0.010537387549270272,,,0.010537387549270272
EM2,9,,test/extrapolation region,22,1.0,0.071,0.00018574999921838753,0.18574999921838753,0.00264623335896043,,,0.00264623335896043
EM2,9,,test/extrapolation region,23,1.143,0.071,0.0001841670000430895,0.1841670000430895,0.0007511552294056688,,,0.0007511552294056688
EM2,9,,test/extrapolation region,24,1.286,0.071,0.00018900000031862874,0.18900000031862874,0.003221942668410414,,,0.003221942668410414
EM2,9,,test/extrapolation region,25,1.429,0.071,0.00018500000078347512,0.18500000078347512,0.0029781986700745454,,,0.0029781986700745454
EM2,9,,test/extrapolation region,26,1.571,0.071,0.00018479199934517965,0.18479199934517965,0.0021254317423548947,,,0.0021254317423548947
EM2,9,,test/extrapolation region,27,1.714,0.071,0.00018466600158717483,0.18466600158717483,0.005016797593392888,,,0.005016797593392888
EM2,9,,test/extrapolation region,28,1.857,0.071,0.0001872079992608633,0.1872079992608633,0.018060405306984797,,,0.018060405306984797
EM2,9,,test/extrapolation region,29,2.0,0.071,0.00018483300118532497,0.18483300118532497,0.049961098656079575,,,0.049961098656079575
EM2,9,,test/extrapolation region,30,0.0,0.143,0.00020112499987590127,0.20112499987590127,0.0727735509294245,,,0.0727735509294245
EM2,9,,test/extrapolation region,31,0.143,0.143,0.00019854099991789553,0.19854099991789553,0.024924911543730097,,,0.024924911543730097
EM2,9,,fit region,32,0.286,0.143,0.00019500000053085387,0.19500000053085387,0.0009294326489650343,,,0.0009294326489650343
EM2,9,,fit region,33,0.429,0.143,0.0001965829997061519,0.1965829997061519,0.0004473347241771677,,,0.0004473347241771677
EM2,9,,fit region,34,0.571,0.143,0.0001982079993467778,0.1982079993467778,0.00011829353553979556,,,0.00011829353553979556
EM2,9,,fit region,35,0.714,0.143,0.00020754199977091048,0.20754199977091048,5.663969845553292e-05,,,5.663969845553292e-05
EM2,9,,fit region,36,0.857,0.143,0.00019699999938893598,0.19699999938893598,0.00020453541195452555,,,0.00020453541195452555
EM2,9,,fit region,37,1.0,0.143,0.00019195799904991873,0.19195799904991873,0.0007291129226332629,,,0.0007291129226332629
EM2,9,,fit region,38,1.143,0.143,0.00018841699966287706,0.18841699966287706,0.0005723314024647929,,,0.0005723314024647929
EM2,9,,fit region,39,1.286,0.143,0.00018820799959939905,0.18820799959939905,0.0009388145927048249,,,0.0009388145927048249
EM2,9,,fit region,40,1.429,0.143,0.00018845799968403298,0.18845799968403298,0.00011856638895084252,,,0.00011856638895084252
EM2,9,,fit region,41,1.571,0.143,0.00018812500093190465,0.18812500093190465,0.0011511820564227904,,,0.0011511820564227904
EM2,9,,fit region,42,1.714,0.143,0.0001870420001068851,0.1870420001068851,0.0012946361747652381,,,0.0012946361747652381
EM2,9,,test/extrapolation region,43,1.857,0.143,0.00018979099877469707,0.18979099877469707,0.013241019167246324,,,0.013241019167246324
EM2,9,,test/extrapolation region,44,2.0,0.143,0.0001899999988381751,0.1899999988381751,0.04328879050485305,,,0.04328879050485305
EM2,9,,test/extrapolation region,45,0.0,0.214,0.00018862500110117253,0.18862500110117253,0.05830462278147437,,,0.05830462278147437
EM2,9,,test/extrapolation region,46,0.143,0.214,0.0001892910004244186,0.1892910004244186,0.018419705984736655,,,0.018419705984736655
EM2,9,,fit region,47,0.286,0.214,0.00018783299856295343,0.18783299856295343,0.00024144019686465893,,,0.00024144019686465893
EM2,9,,fit region,48,0.429,0.214,0.00018716700105869677,0.18716700105869677,0.0021833769541570592,,,0.0021833769541570592
EM2,9,,fit region,49,0.571,0.214,0.00018666600044525694,0.18666600044525694,0.0006425757265552468,,,0.0006425757265552468
EM2,9,,fit region,50,0.714,0.214,0.00018970899873238523,0.18970899873238523,0.00033397992560324323,,,0.00033397992560324323
EM2,9,,fit region,51,0.857,0.214,0.00018904100033978466,0.18904100033978466,0.0005819106516825973,,,0.0005819106516825973
EM2,9,,fit region,52,1.0,0.214,0.0001952500006154878,0.1952500006154878,0.000279455799666209,,,0.000279455799666209
EM2,9,,fit region,53,1.143,0.214,0.00019158299983246252,0.19158299983246252,0.0002371991199975348,,,0.0002371991199975348
EM2,9,,fit region,54,1.286,0.214,0.00019216700093238614,0.19216700093238614,0.00018631578214639406,,,0.00018631578214639406
EM2,9,,fit region,55,1.429,0.214,0.00019079099911323283,0.19079099911323283,0.00045519392336866826,,,0.00045519392336866826
EM2,9,,fit region,56,1.571,0.214,0.00018937499953608494,0.18937499953608494,0.0013351545817437821,,,0.0013351545817437821
EM2,9,,fit region,57,1.714,0.214,0.0001931669994519325,0.1931669994519325,0.0002743569039068709,,,0.0002743569039068709
EM2,9,,test/extrapolation region,58,1.857,0.214,0.0001906670004245825,0.1906670004245825,0.010489141626116562,,,0.010489141626116562
EM2,9,,test/extrapolation region,59,2.0,0.214,0.00019104100101685617,0.19104100101685617,0.038289450695428724,,,0.038289450695428724
EM2,9,,test/extrapolation region,60,0.0,0.286,0.00019174999943061266,0.19174999943061266,0.05092185131815638,,,0.05092185131815638
EM2,9,,test/extrapolation region,61,0.143,0.286,0.00019520800015015993,0.19520800015015993,0.01488656212337389,,,0.01488656212337389
EM2,9,,fit region,62,0.286,0.286,0.00019029100076295435,0.19029100076295435,0.00029420118295493664,,,0.00029420118295493664
EM2,9,,fit region,63,0.429,0.286,0.00019141699885949492,0.19141699885949492,0.0008736071761295323,,,0.0008736071761295323
EM2,9,,fit region,64,0.571,0.286,0.00019095900097454432,0.19095900097454432,0.0021191434936874824,,,0.0021191434936874824
EM2,9,,fit region,65,0.714,0.286,0.00019108299966319464,0.19108299966319464,0.000406747130996253,,,0.000406747130996253
EM2,9,,fit region,66,0.857,0.286,0.0001894999986689072,0.1894999986689072,9.327728542505064e-06,,,9.327728542505064e-06
EM2,9,,fit region,67,1.0,0.286,0.00019241699919803068,0.19241699919803068,0.0002371208362802682,,,0.0002371208362802682
EM2,9,,fit region,68,1.143,0.286,0.00018566699873190373,0.18566699873190373,9.374846389389782e-05,,,9.374846389389782e-05
EM2,9,,fit region,69,1.286,0.286,0.00018558400006440934,0.18558400006440934,0.00021037265053319,,,0.00021037265053319
EM2,9,,fit region,70,1.429,0.286,0.00018454099881637376,0.18454099881637376,0.00040687916407991347,,,0.00040687916407991347
EM2,9,,fit region,71,1.571,0.286,0.00018525000086810905,0.18525000086810905,0.00031972154666985394,,,0.00031972154666985394
EM2,9,,fit region,72,1.714,0.286,0.000185042001248803,0.185042001248803,0.00020702949771511935,,,0.00020702949771511935
EM2,9,,test/extrapolation region,73,1.857,0.286,0.00018341699978918768,0.18341699978918768,0.008607966823945622,,,0.008607966823945622
EM2,9,,test/extrapolation region,74,2.0,0.286,0.00018333300067752134,0.18333300067752134,0.03468927923906062,,,0.03468927923906062
EM2,9,,test/extrapolation region,75,0.0,0.357,0.00019241700101702008,0.19241700101702008,0.04884051505004595,,,0.04884051505004595
EM2,9,,test/extrapolation region,76,0.143,0.357,0.00019416699979046825,0.19416699979046825,0.014053928124021871,,,0.014053928124021871
EM2,9,,fit region,77,0.286,0.357,0.00019145799888065085,0.19145799888065085,9.789691259060318e-05,,,9.789691259060318e-05
EM2,9,,fit region,78,0.429,0.357,0.00019141600023431238,0.19141600023431238,0.0003282764720082516,,,0.0003282764720082516
EM2,9,,fit region,79,0.571,0.357,0.00019012500160897616,0.19012500160897616,0.0025258988078954597,,,0.0025258988078954597
EM2,9,,fit region,80,0.714,0.357,0.00019187499856343493,0.19187499856343493,0.001277440678333808,,,0.001277440678333808
EM2,9,,fit region,81,0.857,0.357,0.0001907499990920769,0.1907499990920769,0.001417296480776969,,,0.001417296480776969
EM2,9,,fit region,82,1.0,0.357,0.00019158299983246252,0.19158299983246252,0.0002056376095300404,,,0.0002056376095300404
EM2,9,,fit region,83,1.143,0.357,0.00019004200112249237,0.19004200112249237,1.2489613415427968e-05,,,1.2489613415427968e-05
EM2,9,,fit region,84,1.286,0.357,0.0001875000016298145,0.1875000016298145,7.336630183262541e-06,,,7.336630183262541e-06
EM2,9,,fit region,85,1.429,0.357,0.00018770899987430312,0.18770899987430312,0.000994632158467314,,,0.000994632158467314
EM2,9,,fit region,86,1.571,0.357,0.0001898339996841969,0.1898339996841969,0.0004225174694237544,,,0.0004225174694237544
EM2,9,,fit region,87,1.714,0.357,0.00019045900080527645,0.19045900080527645,6.0079739795464904e-05,,,6.0079739795464904e-05
EM2,9,,test/extrapolation region,88,1.857,0.357,0.00018791699949360918,0.18791699949360918,0.007339906433006166,,,0.007339906433006166
EM2,9,,test/extrapolation region,89,2.0,0.357,0.00018870900021283887,0.18870900021283887,0.03337993480555371,,,0.03337993480555371
EM2,9,,test/extrapolation region,90,0.0,0.429,0.00019137500021315645,0.19137500021315645,0.05002839440755394,,,0.05002839440755394
EM2,9,,test/extrapolation region,91,0.143,0.429,0.00019699999938893598,0.19699999938893598,0.014751991432650846,,,0.014751991432650846
EM2,9,,fit region,92,0.286,0.429,0.0001976670009753434,0.1976670009753434,0.00030312043967556677,,,0.00030312043967556677
EM2,9,,fit region,93,0.429,0.429,0.0001990000000660075,0.1990000000660075,0.000793446797463012,,,0.000793446797463012
EM2,9,,fit region,94,0.571,0.429,0.00019925000015064143,0.19925000015064143,0.0008314267063181199,,,0.0008314267063181199
EM2,9,,fit region,95,0.714,0.429,0.00020645800032070838,0.20645800032070838,0.0012115925429031175,,,0.0012115925429031175
EM2,9,,fit region,96,0.857,0.429,0.00020579100055329036,0.20579100055329036,0.0016644289695994059,,,0.0016644289695994059
EM2,9,,fit region,97,1.0,0.429,0.00020525000036286656,0.20525000036286656,0.0020246627629387066,,,0.0020246627629387066
EM2,9,,fit region,98,1.143,0.429,0.0001997500003199093,0.1997500003199093,4.117899488985482e-05,,,4.117899488985482e-05
EM2,9,,fit region,99,1.286,0.429,0.00019866700131387915,0.19866700131387915,0.0007473206916020956,,,0.0007473206916020956
EM2,9,,fit region,100,1.429,0.429,0.00019837499894492794,0.19837499894492794,0.000858040762891998,,,0.000858040762891998
EM2,9,,fit region,101,1.571,0.429,0.0001986659990507178,0.1986659990507178,0.0004697306055020891,,,0.0004697306055020891
EM2,9,,fit region,102,1.714,0.429,0.0001982909998332616,0.1982909998332616,0.0003042584424881643,,,0.0003042584424881643
EM2,9,,test/extrapolation region,103,1.857,0.429,0.00018879199888033327,0.18879199888033327,0.007125925137104578,,,0.007125925137104578
EM2,9,,test/extrapolation region,104,2.0,0.429,0.000189124999451451,0.189124999451451,0.03597045751864919,,,0.03597045751864919
EM2,9,,test/extrapolation region,105,0.0,0.5,0.00020945799951732624,0.20945799951732624,0.051355470626637534,,,0.051355470626637534
EM2,9,,test/extrapolation region,106,0.143,0.5,0.00019645800057332963,0.19645800057332963,0.015165658294271868,,,0.015165658294271868
EM2,9,,fit region,107,0.286,0.5,0.00019908300055249128,0.19908300055249128,0.0004636846013974767,,,0.0004636846013974767
EM2,9,,fit region,108,0.429,0.5,0.00019779200010816567,0.19779200010816567,0.0011197847028127808,,,0.0011197847028127808
EM2,9,,fit region,109,0.571,0.5,0.00019904200053133536,0.19904200053133536,0.0002515666843377406,,,0.0002515666843377406
EM2,9,,fit region,110,0.714,0.5,0.00019616600002336781,0.19616600002336781,0.0001948731124658306,,,0.0001948731124658306
EM2,9,,fit region,111,0.857,0.5,0.0001977499996428378,0.1977499996428378,0.0008606749371958096,,,0.0008606749371958096
EM2,9,,fit region,112,1.0,0.5,0.00019404199883865658,0.19404199883865658,5.923325180767225e-05,,,5.923325180767225e-05
EM2,9,,fit region,113,1.143,0.5,0.00018504199942981359,0.1850419994298136,9.587860790845101e-05,,,9.587860790845101e-05
EM2,9,,fit region,114,1.286,0.5,0.00018483299936633557,0.18483299936633557,0.001452243392554687,,,0.001452243392554687
EM2,9,,fit region,115,1.429,0.5,0.00018395799997961149,0.1839579999796115,0.0005223772581607701,,,0.0005223772581607701
EM2,9,,fit region,116,1.571,0.5,0.00018633400031831115,0.18633400031831115,0.00018731497351282252,,,0.00018731497351282252
EM2,9,,fit region,117,1.714,0.5,0.00018562500008556526,0.18562500008556526,0.0004500515686517205,,,0.0004500515686517205
EM2,9,,test/extrapolation region,118,1.857,0.5,0.00018512499991629738,0.18512499991629738,0.008785679720806598,,,0.008785679720806598
EM2,9,,test/extrapolation region,119,2.0,0.5,0.00018545800048741512,0.18545800048741512,0.04460969887478244,,,0.04460969887478244
EM2,9,,test/extrapolation region,120,0.0,0.571,0.00020258400036254898,0.20258400036254898,0.05034759856122597,,,0.05034759856122597
EM2,9,,test/extrapolation region,121,0.143,0.571,0.00018691699915507343,0.18691699915507343,0.014291099460564907,,,0.014291099460564907
EM2,9,,fit region,122,0.286,0.571,0.00018733300021267496,0.18733300021267496,0.0004232014174464667,,,0.0004232014174464667
EM2,9,,fit region,123,0.429,0.571,0.00020525000036286656,0.20525000036286656,0.0008492242909542035,,,0.0008492242909542035
EM2,9,,fit region,124,0.571,0.571,0.0001920830000017304,0.1920830000017304,0.0005336889555259486,,,0.0005336889555259486
EM2,9,,fit region,125,0.714,0.571,0.0001902919993881369,0.1902919993881369,0.0007198817039820435,,,0.0007198817039820435
EM2,9,,fit region,126,0.857,0.571,0.00019149999934597872,0.19149999934597872,0.0008090188870651622,,,0.0008090188870651622
EM2,9,,fit region,127,1.0,0.571,0.00019283300025563221,0.19283300025563221,0.002106707284330997,,,0.002106707284330997
EM2,9,,fit region,128,1.143,0.571,0.0001867079990915954,0.1867079990915954,0.0002203363410032534,,,0.0002203363410032534
EM2,9,,fit region,129,1.286,0.571,0.00018825000006472692,0.18825000006472692,0.001270916164892016,,,0.001270916164892016
EM2,9,,fit region,130,1.429,0.571,0.00018791699949360918,0.18791699949360918,0.0006447294289285076,,,0.0006447294289285076
EM2,9,,fit region,131,1.571,0.571,0.00018862499928218313,0.18862499928218313,1.156163619891598e-05,,,1.156163619891598e-05
EM2,9,,fit region,132,1.714,0.571,0.00018574999921838753,0.18574999921838753,7.565913536103632e-05,,,7.565913536103632e-05
EM2,9,,test/extrapolation region,133,1.857,0.571,0.00018833300055121072,0.18833300055121072,0.012867279238463649,,,0.012867279238463649
EM2,9,,test/extrapolation region,134,2.0,0.571,0.00018616600027598906,0.18616600027598906,0.06207977851237656,,,0.06207977851237656
EM2,9,,test/extrapolation region,135,0.0,0.643,0.00019475000044621993,0.19475000044621993,0.04613797354648694,,,0.04613797354648694
EM2,9,,test/extrapolation region,136,0.143,0.643,0.00018554199959908146,0.18554199959908146,0.012143910617123109,,,0.012143910617123109
EM2,9,,fit region,137,0.286,0.643,0.00018516700038162526,0.18516700038162526,0.00023401604583093882,,,0.00023401604583093882
EM2,9,,fit region,138,0.429,0.643,0.00018458300110069104,0.18458300110069104,0.00047420378933024355,,,0.00047420378933024355
EM2,9,,fit region,139,0.571,0.643,0.00018520799858379178,0.18520799858379178,0.0006021831808352027,,,0.0006021831808352027
EM2,9,,fit region,140,0.714,0.643,0.00018533299953560345,0.18533299953560345,0.0004311456760426804,,,0.0004311456760426804
EM2,9,,fit region,141,0.857,0.643,0.00018412500139675103,0.18412500139675103,0.0004393652384793299,,,0.0004393652384793299
EM2,9,,fit region,142,1.0,0.643,0.00018408299911243375,0.18408299911243375,8.780668191304401e-05,,,8.780668191304401e-05
EM2,9,,fit region,143,1.143,0.643,0.00019320799947308842,0.19320799947308842,3.088056758362245e-05,,,3.088056758362245e-05
EM2,9,,fit region,144,1.286,0.643,0.00018845799968403298,0.18845799968403298,0.00017975933716842698,,,0.00017975933716842698
EM2,9,,fit region,145,1.429,0.643,0.00019174999943061266,0.19174999943061266,0.0010744701811432325,,,0.0010744701811432325
EM2,9,,fit region,146,1.571,0.643,0.00019637500008684583,0.19637500008684583,0.00031247548026166837,,,0.00031247548026166837
EM2,9,,fit region,147,1.714,0.643,0.00019187500038242433,0.19187500038242433,0.000514099799936576,,,0.000514099799936576
EM2,9,,test/extrapolation region,148,1.857,0.643,0.00018916599947260693,0.18916599947260693,0.019287461730785375,,,0.019287461730785375
EM2,9,,test/extrapolation region,149,2.0,0.643,0.0001904580003611045,0.1904580003611045,0.09311682834791529,,,0.09311682834791529
EM2,9,,test/extrapolation region,150,0.0,0.714,0.00020229199981258716,0.20229199981258716,0.03958728973560596,,,0.03958728973560596
EM2,9,,test/extrapolation region,151,0.143,0.714,0.00018466700021235738,0.18466700021235738,0.009408864220172872,,,0.009408864220172872
EM2,9,,fit region,152,0.286,0.714,0.0001837920008256333,0.1837920008256333,7.2108268606205e-05,,,7.2108268606205e-05
EM2,9,,fit region,153,0.429,0.714,0.0001847910007199971,0.1847910007199971,0.0003818259202164733,,,0.0003818259202164733
EM2,9,,fit region,154,0.571,0.714,0.00019254200014984235,0.19254200014984235,0.00021691937967281737,,,0.00021691937967281737
EM2,9,,fit region,155,0.714,0.714,0.00018566600010672119,0.18566600010672119,0.00026584711673415055,,,0.00026584711673415055
EM2,9,,fit region,156,0.857,0.714,0.00018391699995845556,0.18391699995845556,0.0001856050410434698,,,0.0001856050410434698
EM2,9,,fit region,157,1.0,0.714,0.0001837920008256333,0.1837920008256333,0.0003191204267508255,,,0.0003191204267508255
EM2,9,,fit region,158,1.143,0.714,0.000195624999832944,0.195624999832944,0.0007001346939882673,,,0.0007001346939882673
EM2,9,,fit region,159,1.286,0.714,0.00018466700021235738,0.18466700021235738,0.001979672968593207,,,0.001979672968593207
EM2,9,,fit region,160,1.429,0.714,0.00018600000112201087,0.18600000112201087,0.0007496829902763484,,,0.0007496829902763484
EM2,9,,fit region,161,1.571,0.714,0.00018400000044493936,0.18400000044493936,0.0012340565036765981,,,0.0012340565036765981
EM2,9,,fit region,162,1.714,0.714,0.00018429199917591177,0.18429199917591177,0.0005207783577630249,,,0.0005207783577630249
EM2,9,,test/extrapolation region,163,1.857,0.714,0.00018375000036030542,0.18375000036030542,0.026825731365042054,,,0.026825731365042054
EM2,9,,test/extrapolation region,164,2.0,0.714,0.00019149999934597872,0.19149999934597872,0.1453281114034478,,,0.1453281114034478
EM2,9,,test/extrapolation region,165,0.0,0.786,0.00019249999968451448,0.19249999968451448,0.032035898714666985,,,0.032035898714666985
EM2,9,,test/extrapolation region,166,0.143,0.786,0.0002029170009336667,0.2029170009336667,0.006820976180529779,,,0.006820976180529779
EM2,9,,fit region,167,0.286,0.786,0.00019804100156761706,0.19804100156761706,0.00024336138849064868,,,0.00024336138849064868
EM2,9,,fit region,168,0.429,0.786,0.00019691699890245218,0.19691699890245218,0.0003616093018488938,,,0.0003616093018488938
EM2,9,,fit region,169,0.571,0.786,0.00019299999985378236,0.19299999985378236,0.00018062262895584104,,,0.00018062262895584104
EM2,9,,fit region,170,0.714,0.786,0.00019549999888113234,0.19549999888113234,0.0007280812052521025,,,0.0007280812052521025
EM2,9,,fit region,171,0.857,0.786,0.00019854099991789553,0.19854099991789553,0.0005419773719476148,,,0.0005419773719476148
EM2,9,,fit region,172,1.0,0.786,0.00018724999972619116,0.18724999972619116,1.5042242865258773e-05,,,1.5042242865258773e-05
EM2,9,,fit region,173,1.143,0.786,0.00020208300156809855,0.20208300156809855,0.0007040782295800198,,,0.0007040782295800198
EM2,9,,fit region,174,1.286,0.786,0.00019841700122924522,0.19841700122924522,0.0002288053409148082,,,0.0002288053409148082
EM2,9,,fit region,175,1.429,0.786,0.0001973329999600537,0.1973329999600537,0.000881494707450399,,,0.000881494707450399
EM2,9,,fit region,176,1.571,0.786,0.0002031660005741287,0.2031660005741287,0.002334478698809941,,,0.002334478698809941
EM2,9,,fit region,177,1.714,0.786,0.00019629100097517949,0.19629100097517949,0.00018763233247688502,,,0.00018763233247688502
EM2,9,,test/extrapolation region,178,1.857,0.786,0.0001921660004882142,0.1921660004882142,0.03448364221615232,,,0.03448364221615232
EM2,9,,test/extrapolation region,179,2.0,0.786,0.00019033300122828223,0.19033300122828223,0.2363483268265642,,,0.2363483268265642
EM2,9,,test/extrapolation region,180,0.0,0.857,0.0001916250002977904,0.1916250002977904,0.02531139738885723,,,0.02531139738885723
EM2,9,,test/extrapolation region,181,0.143,0.857,0.00018604199976834934,0.18604199976834934,0.005315745845664355,,,0.005315745845664355
EM2,9,,fit region,182,0.286,0.857,0.00018458399972587358,0.18458399972587358,0.0003099240723652861,,,0.0003099240723652861
EM2,9,,fit region,183,0.429,0.857,0.00018491599985281937,0.18491599985281937,0.0002445972609842659,,,0.0002445972609842659
EM2,9,,fit region,184,0.571,0.857,0.00018429199917591177,0.18429199917591177,0.00018883092646934316,,,0.00018883092646934316
EM2,9,,fit region,185,0.714,0.857,0.00018395799997961149,0.1839579999796115,0.00018497843546599557,,,0.00018497843546599557
EM2,9,,fit region,186,0.857,0.857,0.00018829100008588284,0.18829100008588284,0.00012717022197372734,,,0.00012717022197372734
EM2,9,,fit region,187,1.0,0.857,0.0001855829996202374,0.1855829996202374,0.00041625713810843393,,,0.00041625713810843393
EM2,9,,fit region,188,1.143,0.857,0.00018537500000093132,0.18537500000093132,2.3852668352551218e-08,,,2.3852668352551218e-08
EM2,9,,fit region,189,1.286,0.857,0.00020483400112425443,0.20483400112425443,9.304474501731955e-05,,,9.304474501731955e-05
EM2,9,,fit region,190,1.429,0.857,0.0001911249983095331,0.1911249983095331,6.237016988410937e-05,,,6.237016988410937e-05
EM2,9,,fit region,191,1.571,0.857,0.0001912079987960169,0.1912079987960169,0.00015125587841984258,,,0.00015125587841984258
EM2,9,,fit region,192,1.714,0.857,0.0001882920005300548,0.1882920005300548,0.0016377650389397427,,,0.0016377650389397427
EM2,9,,test/extrapolation region,193,1.857,0.857,0.00018908300080511253,0.18908300080511253,0.04570209262781814,,,0.04570209262781814
EM2,9,,test/extrapolation region,194,2.0,0.857,0.00019008399976883084,0.19008399976883084,0.3759415692315241,,,0.3759415692315241
EM2,9,,test/extrapolation region,195,0.0,0.929,0.00019024999892280903,0.19024999892280903,0.02072647770209658,,,0.02072647770209658
EM2,9,,test/extrapolation region,196,0.143,0.929,0.00021841699890501332,0.21841699890501332,0.005783462153307647,,,0.005783462153307647
EM2,9,,test/extrapolation region,197,0.286,0.929,0.00019133400019200053,0.19133400019200053,0.0024325500766120426,,,0.0024325500766120426
EM2,9,,test/extrapolation region,198,0.429,0.929,0.00019166600031894632,0.19166600031894632,0.002329075162751296,,,0.002329075162751296
EM2,9,,test/extrapolation region,199,0.571,0.929,0.0001884580015030224,0.1884580015030224,0.00216920634283392,,,0.00216920634283392
EM2,9,,test/extrapolation region,200,0.714,0.929,0.00019062499995925464,0.19062499995925464,0.002079312263832891,,,0.002079312263832891
EM2,9,,test/extrapolation region,201,0.857,0.929,0.00019600000086938962,0.19600000086938962,0.0025264954495580996,,,0.0025264954495580996
EM2,9,,test/extrapolation region,202,1.0,0.929,0.00019174999943061266,0.19174999943061266,0.002819477402899203,,,0.002819477402899203
EM2,9,,test/extrapolation region,203,1.143,0.929,0.00021912500051257666,0.21912500051257666,0.004388072053948751,,,0.004388072053948751
EM2,9,,test/extrapolation region,204,1.286,0.929,0.00020083300114492886,0.20083300114492886,0.01434859449669514,,,0.01434859449669514
EM2,9,,test/extrapolation region,205,1.429,0.929,0.00019716699898708612,0.19716699898708612,0.01761694088594735,,,0.01761694088594735
EM2,9,,test/extrapolation region,206,1.571,0.929,0.0001978330001293216,0.1978330001293216,0.018502395097046664,,,0.018502395097046664
EM2,9,,test/extrapolation region,207,1.714,0.929,0.000195624999832944,0.195624999832944,0.02432682389215174,,,0.02432682389215174
EM2,9,,test/extrapolation region,208,1.857,0.929,0.0002012919994740514,0.2012919994740514,0.14221044217014409,,,0.14221044217014409
EM2,9,,test/extrapolation region,209,2.0,0.929,0.00019183299991709646,0.19183299991709646,0.5638052539457002,,,0.5638052539457002
EM2,9,,test/extrapolation region,210,0.0,1.0,0.00023379199956252705,0.23379199956252705,0.01970180458677389,,,0.01970180458677389
EM2,9,,test/extrapolation region,211,0.143,1.0,0.0001922920000652084,0.1922920000652084,0.009156984887315887,,,0.009156984887315887
EM2,9,,test/extrapolation region,212,0.286,1.0,0.00018887499936681706,0.18887499936681706,0.006969658022342222,,,0.006969658022342222
EM2,9,,test/extrapolation region,213,0.429,1.0,0.00018662500042410102,0.18662500042410102,0.006698824647324039,,,0.006698824647324039
EM2,9,,test/extrapolation region,214,0.571,1.0,0.00018583299970487133,0.18583299970487133,0.00642730620341393,,,0.00642730620341393
EM2,9,,test/extrapolation region,215,0.714,1.0,0.0001867910013970686,0.1867910013970686,0.006520643747572958,,,0.006520643747572958
EM2,9,,test/extrapolation region,216,0.857,1.0,0.00018570800057204906,0.18570800057204906,0.007053273642332883,,,0.007053273642332883
EM2,9,,test/extrapolation region,217,1.0,1.0,0.00018479200116416905,0.18479200116416905,0.007910785967851622,,,0.007910785967851622
EM2,9,,test/extrapolation region,218,1.143,1.0,0.00020316699919931125,0.20316699919931125,0.013400249630235577,,,0.013400249630235577
EM2,9,,test/extrapolation region,219,1.286,1.0,0.00018799999998009298,0.18799999998009298,0.037865541339423776,,,0.037865541339423776
EM2,9,,test/extrapolation region,220,1.429,1.0,0.000189582999155391,0.189582999155391,0.06746411924582892,,,0.06746411924582892
EM2,9,,test/extrapolation region,221,1.571,1.0,0.0001875830002973089,0.1875830002973089,0.07824871532862361,,,0.07824871532862361
EM2,9,,test/extrapolation region,222,1.714,1.0,0.00018879200069932267,0.18879200069932267,0.11959118483274521,,,0.11959118483274521
EM2,9,,test/extrapolation region,223,1.857,1.0,0.0001936249991558725,0.1936249991558725,0.32566162279428595,,,0.32566162279428595
EM2,9,,test/extrapolation region,224,2.0,1.0,0.0001871250005933689,0.1871250005933689,0.7916322077789396,,,0.7916322077789396
