tier,restart_idx,param_seed,final_train_cost,final_test_cost
3,0,157000774,1.689146e-02,2.543955e+00
3,1,157000775,9.578073e-03,2.261576e+00
3,2,157000776,4.614418e-03,6.394364e+00
3,3,157000777,1.800574e-02,8.566312e+00
3,4,157000778,6.246351e-03,1.123126e+00
3,5,157000779,3.892214e-02,1.832011e+00
3,6,157000780,8.113394e-03,1.460846e+01
3,7,157000781,9.737085e-02,6.902554e+00
3,8,157000782,3.642540e-02,1.420767e+00
3,9,157000783,8.263759e-03,1.313641e+00
