tier,restart_idx,param_seed,final_train_cost,final_test_cost
2,0,127000583,9.350589e-03,2.683804e+01
2,1,127000584,8.492203e-03,1.574344e+01
2,2,127000585,1.835484e-03,2.776152e+01
2,3,127000586,9.439368e-03,1.716626e+01
2,4,127000587,1.125680e-02,6.653669e+00
2,5,127000588,2.304079e-02,1.549219e+01
2,6,127000589,2.458864e-02,8.736443e+00
2,7,127000590,2.672730e-03,4.339185e+00
2,8,127000591,3.218717e-03,5.663236e+00
2,9,127000592,1.513384e-03,1.795019e+01
