tier,restart_idx,param_seed,final_train_cost,final_test_cost
5,0,127000886,8.023015e-02,2.899218e-01
5,1,127000887,3.613869e-02,7.390413e-02
5,2,127000888,1.750469e-02,3.164481e-01
5,3,127000889,4.631753e-02,8.623143e-02
5,4,127000890,1.127098e-01,5.437861e-01
5,5,127000891,1.305175e-01,8.214314e-01
5,6,127000892,1.051479e-02,1.300278e-01
5,7,127000893,9.139479e-03,6.847401e-01
5,8,127000894,1.048776e-01,3.004054e-01
5,9,127000895,1.889205e-01,5.494454e-01
