tier,restart_idx,param_seed,final_train_cost,final_test_cost
4,0,127000785,4.142551e-02,6.328820e-01
4,1,127000786,1.817415e-01,2.249076e+00
4,2,127000787,3.138172e-02,1.199412e+00
4,3,127000788,4.229765e-02,1.100878e+00
4,4,127000789,1.383302e-02,1.661711e+00
4,5,127000790,8.035323e-02,5.190603e+00
4,6,127000791,4.372222e-02,4.378535e+00
4,7,127000792,4.489112e-02,1.261154e+00
4,8,127000793,5.748831e-03,6.459760e-01
4,9,127000794,1.602427e-01,9.139318e+00
