{
  "restart": 20,
  "seed": 78,
  "iters": 30000,
  "lr": 0.05,
  "best_iter": 29748,
  "best_cost": 0.0005628279759548604,
  "best_alphaD_mean": 0.00010252465689608845,
  "n": 14
}