{
  "restart": 2,
  "seed": 60,
  "iters": 30000,
  "lr": 0.05,
  "best_iter": 24836,
  "best_cost": 0.00034205205156467855,
  "best_alphaD_mean": 7.85514586154828e-05,
  "n": 16
}