{
  "restart": 6,
  "seed": 64,
  "iters": 30000,
  "lr": 0.05,
  "best_iter": 29540,
  "best_cost": 0.0005269359680823982,
  "best_alphaD_mean": 9.538800844908333e-05,
  "n": 12
}