{
  "restart": 7,
  "seed": 65,
  "iters": 30000,
  "lr": 0.05,
  "best_iter": 29510,
  "best_cost": 0.0003842026926577091,
  "best_alphaD_mean": 8.263602241238999e-05,
  "n": 14
}