{
  "restart": 23,
  "seed": 81,
  "iters": 30000,
  "lr": 0.05,
  "best_iter": 28953,
  "best_cost": 0.0018609671387821436,
  "best_alphaD_mean": 0.0001970250357998352,
  "n": 11
}