tier,restart_idx,param_seed,final_train_cost,final_test_cost
1,0,181000644,1.891761e-03,4.545103e+01
1,1,181000645,1.444689e-04,2.514857e+01
1,2,181000646,8.581161e-06,4.411712e+01
1,3,181000647,3.930306e-05,3.861605e+01
1,4,181000648,1.782105e-03,3.270204e+01
1,5,181000649,1.521583e-05,4.229825e+01
1,6,181000650,4.371542e-03,6.931513e+01
1,7,181000651,5.152234e-05,5.171139e+01
1,8,181000652,4.620480e-05,2.401858e+01
1,9,181000653,6.322073e-06,2.112733e+01
