{
  "restart": 22,
  "seed": 80,
  "iters": 30000,
  "lr": 0.05,
  "best_iter": 29944,
  "best_cost": 0.0025867291260510683,
  "best_alphaD_mean": 0.00023044941062338455,
  "n": 8
}