{
  "restart": 29,
  "seed": 87,
  "iters": 30000,
  "lr": 0.05,
  "best_iter": 29989,
  "best_cost": 0.0009589474648237228,
  "best_alphaD_mean": 0.00013653437987259373,
  "n": 13
}