{
  "restart": 8,
  "seed": 66,
  "iters": 30000,
  "lr": 0.05,
  "best_iter": 29780,
  "best_cost": 0.0009021894657053053,
  "best_alphaD_mean": 0.00013754667697664206,
  "n": 8
}