{
  "restart": 17,
  "seed": 75,
  "iters": 30000,
  "lr": 0.05,
  "best_iter": 29999,
  "best_cost": 0.003666518721729517,
  "best_alphaD_mean": 0.0002621981315032117,
  "n": 7
}