tier,restart_idx,param_seed,final_train_cost,final_test_cost
2,0,161000685,2.023364e-02,1.145418e+01
2,1,161000686,2.212454e-02,8.756660e+00
2,2,161000687,9.094950e-04,3.615975e+00
2,3,161000688,3.506289e-02,2.651155e+01
2,4,161000689,1.375965e-02,9.884760e+00
2,5,161000690,8.828603e-03,1.609204e+01
2,6,161000691,6.837170e-03,8.011790e+00
2,7,161000692,2.078018e-03,5.743458e+00
2,8,161000693,9.542858e-03,7.698192e+00
2,9,161000694,2.094663e-03,7.138827e+00
