tier,restart_idx,param_seed,final_train_cost,final_test_cost
9,0,161001392,1.159034e-01,2.576294e-01
9,1,161001393,3.593599e-02,2.878914e-02
9,2,161001394,2.518547e-01,7.312886e-01
9,3,161001395,3.782131e-02,2.068073e-01
9,4,161001396,1.147199e-01,9.724687e-02
9,5,161001397,3.758080e-02,1.249668e-01
9,6,161001398,7.467410e-01,3.719489e-01
9,7,161001399,1.885559e-01,9.438957e-02
9,8,161001400,4.230601e-02,1.289740e-01
9,9,161001401,5.445326e-01,2.178123e-01
