tier,restart_idx,param_seed,final_train_cost,final_test_cost
3,0,161000786,4.142577e-02,1.764377e+00
3,1,161000787,4.828449e-02,1.245256e+00
3,2,161000788,1.801627e-02,5.820030e-01
3,3,161000789,1.304776e-02,2.301450e+00
3,4,161000790,3.151449e-02,1.356150e+00
3,5,161000791,1.577852e-01,1.899297e+00
3,6,161000792,5.596269e-02,7.519614e-01
3,7,161000793,1.038839e-01,8.268038e+00
3,8,161000794,2.791933e-02,3.006221e+00
3,9,161000795,3.908147e-02,1.682939e+01
