tier,restart_idx,param_seed,final_train_cost,final_test_cost
4,0,161000887,5.757101e-03,3.275571e-01
4,1,161000888,1.773086e-02,6.405333e-01
4,2,161000889,1.419060e-02,4.643718e-01
4,3,161000890,1.358258e-02,8.845881e-01
4,4,161000891,8.427787e-02,7.786406e-01
4,5,161000892,4.590985e-02,5.434019e-01
4,6,161000893,8.141413e-02,1.451777e+00
4,7,161000894,1.119629e-02,3.043559e-01
4,8,161000895,2.239700e-02,7.088541e-01
4,9,161000896,5.745773e-02,7.301347e-01
