tier,restart_idx,param_seed,final_train_cost,final_test_cost
6,0,161001089,1.202634e-02,8.267884e-02
6,1,161001090,4.429383e-02,2.972691e-01
6,2,161001091,4.729979e-02,3.367617e-01
6,3,161001092,2.621629e-01,3.399381e-01
6,4,161001093,1.199093e-02,1.167074e-01
6,5,161001094,1.838229e-02,2.215678e-01
6,6,161001095,1.005679e-01,3.274763e-01
6,7,161001096,1.237970e-01,4.104200e-01
6,8,161001097,5.194152e-02,2.332940e-01
6,9,161001098,1.461919e-01,1.864000e-01
