tier,restart_idx,param_seed,final_train_cost,final_test_cost
7,0,161001190,3.573028e-01,3.706201e-01
7,1,161001191,2.947211e-02,1.252014e-01
7,2,161001192,8.904375e-02,1.441976e-01
7,3,161001193,1.109089e-01,2.265762e-01
7,4,161001194,2.925302e-01,6.027184e-01
7,5,161001195,8.302334e-02,2.779270e-01
7,6,161001196,4.551420e-01,3.605767e-01
7,7,161001197,3.745471e-02,5.252225e-02
7,8,161001198,7.428904e-02,3.774790e-01
7,9,161001199,3.722227e-01,5.587795e-01
