{
  "restart": 26,
  "seed": 84,
  "iters": 30000,
  "lr": 0.05,
  "best_iter": 29805,
  "best_cost": 0.002412086818367243,
  "best_alphaD_mean": 0.00022583934633245474,
  "n": 9
}