tier,restart_idx,param_seed,final_train_cost,final_test_cost
4,0,163000893,1.937513e-01,1.092535e+00
4,1,163000894,5.049141e-02,1.527005e+00
4,2,163000895,1.683912e-02,1.062157e+00
4,3,163000896,1.783111e-02,7.056772e-01
4,4,163000897,7.791777e-03,3.890033e-01
4,5,163000898,1.789194e-01,6.935499e-01
4,6,163000899,3.554600e-02,7.326790e-01
4,7,163000900,3.799091e-02,5.243241e-01
4,8,163000901,4.738643e-02,1.597990e+00
4,9,163000902,4.016361e-02,1.057366e+00
