tier,restart_idx,param_seed,final_train_cost,final_test_cost
3,0,163000792,9.321613e-03,2.506503e+00
3,1,163000793,1.199552e-01,3.705923e+01
3,2,163000794,2.682697e-03,2.289960e+00
3,3,163000795,3.883776e-02,8.069380e+00
3,4,163000796,6.006750e-03,9.937689e-01
3,5,163000797,1.638904e-02,2.463085e+00
3,6,163000798,8.747015e-03,6.276591e+00
3,7,163000799,2.688672e-02,1.868858e+00
3,8,163000800,7.023047e-02,9.633348e+00
3,9,163000801,7.368444e-03,1.952572e+00
