tier,restart_idx,param_seed,final_train_cost,final_test_cost
10,0,163001499,3.670850e-01,2.629828e-01
10,1,163001500,4.111136e-02,3.992395e-02
10,2,163001501,2.913198e-02,2.021151e-02
10,3,163001502,5.735032e-02,1.004557e-01
10,4,163001503,1.038575e-01,7.595474e-02
10,5,163001504,4.011274e-01,4.473844e-01
10,6,163001505,6.013083e-02,1.867480e-01
10,7,163001506,1.335485e-01,3.133051e-02
10,8,163001507,2.742811e-01,1.390640e-01
10,9,163001508,9.128302e-02,1.438708e-01
