{
  "restart": 27,
  "seed": 85,
  "iters": 30000,
  "lr": 0.05,
  "best_iter": 29996,
  "best_cost": 0.001864533289335668,
  "best_alphaD_mean": 0.00019555549714206152,
  "n": 8
}