tier,restart_idx,param_seed,final_train_cost,final_test_cost
4,0,209001031,5.436816e-02,1.920782e+00
4,1,209001032,3.571037e-02,4.273567e-01
4,2,209001033,1.183575e-01,2.222113e+00
4,3,209001034,2.920077e-02,8.847920e-01
4,4,209001035,4.300700e-02,1.099768e+00
4,5,209001036,6.302880e-03,3.767022e-01
4,6,209001037,3.211202e-02,5.023767e+00
4,7,209001038,4.786450e-02,7.382974e-01
4,8,209001039,7.826848e-02,1.346211e+00
4,9,209001040,3.402059e-02,1.561285e+00
