tier,restart_idx,param_seed,final_train_cost,final_test_cost
6,0,209001233,4.031361e-01,9.463734e-01
6,1,209001234,1.483330e-01,3.277407e-01
6,2,209001235,1.400290e-01,4.378637e-01
6,3,209001236,7.541380e-02,2.608698e-01
6,4,209001237,9.041805e-02,5.537353e-01
6,5,209001238,5.427745e-02,7.728540e-01
6,6,209001239,4.018525e-02,2.231655e-01
6,7,209001240,8.867098e-02,3.046161e-01
6,8,209001241,4.331644e-01,8.195865e-01
6,9,209001242,1.196548e-02,5.515924e-02
