tier,restart_idx,param_seed,final_train_cost,final_test_cost
2,0,209000829,1.188838e-03,2.372728e+00
2,1,209000830,1.727814e-03,1.025225e+01
2,2,209000831,3.489570e-03,9.536089e+00
2,3,209000832,1.452468e-03,4.986386e+00
2,4,209000833,1.088871e-02,1.145828e+01
2,5,209000834,6.330140e+00,9.827915e+00
2,6,209000835,8.778996e-03,3.628652e+00
2,7,209000836,4.345318e-03,5.742549e+00
2,8,209000837,1.198342e-02,3.585033e+00
2,9,209000838,1.370133e-02,1.940717e+01
