tier,restart_idx,param_seed,final_train_cost,final_test_cost
1,0,175000626,4.886169e-04,2.097973e+01
1,1,175000627,3.483094e-05,6.905666e+01
1,2,175000628,7.789290e-04,8.003801e+00
1,3,175000629,1.416865e-05,2.088723e+01
1,4,175000630,1.123866e-05,6.969834e+01
1,5,175000631,1.005947e-02,2.237364e+01
1,6,175000632,5.540185e-04,3.156407e+01
1,7,175000633,2.239905e-02,3.844873e+01
1,8,175000634,3.440311e-05,1.188716e+01
1,9,175000635,4.100086e-04,2.479553e+01
