{
  "restart": 14,
  "seed": 72,
  "iters": 30000,
  "lr": 0.05,
  "best_iter": 29644,
  "best_cost": 0.0031066376250237226,
  "best_alphaD_mean": 0.00025724591739640284,
  "n": 7
}