{
  "restart": 28,
  "seed": 86,
  "iters": 30000,
  "lr": 0.05,
  "best_iter": 29912,
  "best_cost": 0.005311115644872189,
  "best_alphaD_mean": 0.00033377783464798994,
  "n": 6
}