tier,restart_idx,param_seed,final_train_cost,final_test_cost
4,0,159000881,6.143074e-02,9.689278e-01
4,1,159000882,2.085095e-02,7.042504e-01
4,2,159000883,9.032215e-02,6.352376e-01
4,3,159000884,6.558706e-02,1.399841e+00
4,4,159000885,2.834713e-02,5.382305e-01
4,5,159000886,1.100693e-01,4.326859e-01
4,6,159000887,2.282448e-02,1.198721e+00
4,7,159000888,2.981719e-02,4.110392e-01
4,8,159000889,1.430006e-01,9.274199e+00
4,9,159000890,3.157135e-02,1.461968e+00
