tier,restart_idx,param_seed,final_train_cost,final_test_cost
10,0,159001487,3.110961e-02,7.084738e-02
10,1,159001488,4.163728e-02,8.405364e-02
10,2,159001489,1.044837e-01,9.282444e-02
10,3,159001490,1.777624e-02,2.267530e-02
10,4,159001491,3.914354e-02,1.447712e-01
10,5,159001492,7.496391e-02,1.484553e-01
10,6,159001493,4.829478e-01,4.935399e-01
10,7,159001494,5.401581e-02,1.088154e-01
10,8,159001495,2.033431e-01,1.849715e-01
10,9,159001496,8.472355e-02,1.535370e-01
