{
  "restart": 16,
  "seed": 74,
  "iters": 30000,
  "lr": 0.05,
  "best_iter": 29907,
  "best_cost": 0.0004766225756611675,
  "best_alphaD_mean": 9.076351893982558e-05,
  "n": 14
}