tier,restart_idx,param_seed,final_train_cost,final_test_cost
8,0,153001267,4.547340e-02,1.462727e-01
8,1,153001268,5.535630e-02,1.036160e-01
8,2,153001269,2.585441e-01,4.292323e-01
8,3,153001270,1.270451e-01,3.002687e-01
8,4,153001271,9.462055e-02,5.644106e-01
8,5,153001272,6.001107e-01,5.893921e-01
8,6,153001273,2.181805e-02,3.958063e-01
8,7,153001274,8.858913e-02,2.339294e-01
8,8,153001275,2.037625e-01,3.073047e-01
8,9,153001276,2.423810e-01,4.502330e-01
