tier,restart_idx,param_seed,final_train_cost,final_test_cost
1,0,153000560,1.543138e-03,3.703633e+01
1,1,153000561,2.415096e-03,3.910916e+01
1,2,153000562,3.292160e-05,2.520447e+01
1,3,153000563,5.518219e-05,3.900198e+01
1,4,153000564,2.941645e-04,6.509883e+01
1,5,153000565,1.714934e-04,2.042418e+01
1,6,153000566,4.112719e-04,1.803061e+01
1,7,153000567,4.766941e-05,1.789625e+01
1,8,153000568,1.677918e-06,1.896234e+01
1,9,153000569,4.094283e-03,1.125136e+01
