tier,restart_idx,param_seed,final_train_cost,final_test_cost
5,0,153000964,1.350904e-01,8.250488e-01
5,1,153000965,1.767075e-02,1.469657e-01
5,2,153000966,1.432066e-01,8.944794e-01
5,3,153000967,1.485570e-01,7.892613e-01
5,4,153000968,3.508083e-02,2.094044e-01
5,5,153000969,4.112164e-01,1.861885e+00
5,6,153000970,5.785570e-02,2.035615e-01
5,7,153000971,4.829313e-02,1.552680e-01
5,8,153000972,5.728271e-03,9.662496e-02
5,9,153000973,3.848377e-02,4.330516e-01
