alpha,beta,alphaD_true,alphaD_pred,rel_abs,rel_signed
1.1000,2.7500,15.444870383584,15.444549560546875,2.0772141763388968e-05,-2.0772141763388968e-05
0.2000,1.0000,19.051282316218,19.075397491455078,0.0012658032586367286,0.0012658032586367286
0.2000,4.5000,19.397942314212997,19.3991641998291,6.299047580983883e-05,6.299047580983883e-05
2.0000,1.0000,22.752251621592002,22.756240844726562,0.0001753331143179885,0.0001753331143179885
2.0000,4.5000,14.760426956088999,14.760581016540527,1.0437398049984823e-05,1.0437398049984823e-05
0.9710,1.2500,19.56884610005,19.574460983276367,0.0002869297043709398,0.0002869297043709398
0.8430,3.5000,13.855777414907,13.855318069458008,3.3151907340628244e-05,-3.3151907340628244e-05
1.4860,3.5000,14.922997611565,14.924277305603027,8.575314902117793e-05,8.575314902117793e-05
1.7430,4.0000,14.782857439192,14.788922309875488,0.0004102637604695286,0.0004102637604695286
2.0000,1.5000,21.036067872794,21.040035247802734,0.00018859869785195892,0.00018859869785195892
0.5860,2.5000,15.149038308404002,15.149168014526367,8.562003720944326e-06,8.562003720944326e-06
1.6140,1.0000,22.04014677513,22.042688369750977,0.00011531659234879879,0.00011531659234879879
1.6140,3.2500,15.714130427978,15.711840629577637,0.00014571588360287645,-0.00014571588360287645
0.4570,1.7500,16.70640146289,16.717763900756836,0.0006801247948024575,0.0006801247948024575
1.6140,2.2500,17.926159928087998,17.928014755249023,0.00010347041242889483,0.00010347041242889483
0.5860,3.5000,13.978350677684002,13.979469299316406,8.002529470017769e-05,8.002529470017769e-05
1.4860,2.7500,16.391947827372,16.3953800201416,0.0002093828510038225,0.0002093828510038225
1.2290,1.0000,21.249588450164,21.252548217773438,0.00013928587917725946,0.00013928587917725946
0.4570,4.2500,14.658019179680998,14.661415100097656,0.00023167662526769116,0.00023167662526769116
2.0000,2.0000,19.589831449887,19.591848373413086,0.00010295767634574061,0.00010295767634574061
0.8430,3.0000,14.550333960214001,14.55293083190918,0.00017847505784261575,0.00017847505784261575
1.6140,4.2500,14.084101407887001,14.084381103515625,1.9858961571187453e-05,1.9858961571187453e-05
