tier,restart_idx,param_seed,final_train_cost,final_test_cost
2,0,137000613,8.300381e-03,5.661044e+00
2,1,137000614,4.000843e-03,4.714360e+00
2,2,137000615,2.049166e-02,1.879003e+01
2,3,137000616,7.074205e-03,1.344111e+01
2,4,137000617,3.667698e-03,8.913155e+00
2,5,137000618,1.502660e-02,4.235818e+00
2,6,137000619,1.391604e+00,1.327548e+01
2,7,137000620,1.691392e-03,7.840872e+00
2,8,137000621,1.527973e-02,7.552316e+00
2,9,137000622,6.941243e-02,1.816767e+01
