tier,restart_idx,param_seed,final_train_cost,final_test_cost
3,0,137000714,3.469538e-02,7.347359e+00
3,1,137000715,1.600440e-02,3.349009e+00
3,2,137000716,1.340127e-02,5.349141e+00
3,3,137000717,4.502879e-03,1.090494e+01
3,4,137000718,8.963626e-03,2.682718e+00
3,5,137000719,2.817452e-02,2.232115e+00
3,6,137000720,1.380097e-02,3.357079e+00
3,7,137000721,2.724604e-03,1.864776e+00
3,8,137000722,1.095905e-02,5.901072e+00
3,9,137000723,3.193260e-02,3.875541e+00
