0.000000000000000000e+00 9.403809084871545012e-07
4.002001000500250011e-02 9.458446985615200047e-07
8.004002001000500022e-02 9.513572098052912734e-07
1.200600300150075073e-01 9.569190313487476054e-07
1.600800400200100004e-01 9.625307613431290084e-07
2.001000500250124936e-01 9.681930071281311422e-07
2.401200600300150145e-01 9.739063854030585959e-07
2.801400700350175077e-01 9.796715224017341205e-07
3.201600800400200009e-01 9.854890540712475693e-07
3.601800900450224940e-01 9.913596262546575152e-07
4.002001000500249872e-01 9.972838948777298293e-07
4.402201100550274804e-01 1.003262526139829684e-06
4.802401200600300291e-01 1.009296196709060581e-06
5.202601300650324667e-01 1.015385593921772795e-06
5.602801400700350154e-01 1.021531415986539923e-06
6.003001500750374531e-01 1.027734372192733330e-06
6.403201600800400017e-01 1.033995183123799547e-06
6.803401700850425504e-01 1.040314580875375696e-06
7.203601800900449881e-01 1.046693309278354346e-06
7.603801900950475368e-01 1.053132124127046667e-06
8.004002001000499744e-01 1.059631793412559903e-06
8.404202101050525231e-01 1.066193097561536791e-06
8.804402201100549608e-01 1.072816829680390735e-06
9.204602301150575094e-01 1.079503795805199155e-06
9.604802401200600581e-01 1.086254815157382294e-06
1.000500250125062607e+00 1.093070720405338562e-06
1.040520260130064933e+00 1.099952357932192713e-06
1.080540270135067482e+00 1.106900588109819682e-06
1.120560280140070031e+00 1.113916285579311384e-06
1.160580290145072579e+00 1.121000339538067944e-06
1.200600300150074906e+00 1.128153654033681703e-06
1.240620310155077455e+00 1.135377148264819422e-06
1.280640320160080003e+00 1.142671756889264863e-06
1.320660330165082552e+00 1.150038430339351537e-06
1.360680340170085101e+00 1.157478135144960924e-06
1.400700350175087427e+00 1.164991854264314467e-06
1.440720360180089976e+00 1.172580587422767690e-06
1.480740370185092525e+00 1.180245351459829008e-06
1.520760380190095074e+00 1.187987180684630870e-06
1.560780390195097400e+00 1.195807127240110937e-06
1.600800400200099949e+00 1.203706261476111250e-06
1.640820410205102498e+00 1.211685672331684222e-06
1.680840420210105046e+00 1.219746467726842197e-06
1.720860430215107595e+00 1.227889774964033495e-06
1.760880440220109922e+00 1.236116741139618311e-06
1.800900450225112470e+00 1.244428533565627379e-06
1.840920460230115019e+00 1.252826340202106231e-06
1.880940470235117568e+00 1.261311370100349743e-06
1.920960480240120116e+00 1.269884853857335530e-06
1.960980490245122443e+00 1.278548044081694338e-06
2.001000500250125214e+00 1.287302215871550350e-06
2.041020510255127540e+00 1.296148667304567218e-06
2.081040520260129867e+00 1.305088719940579114e-06
2.121060530265132638e+00 1.314123719337175026e-06
2.161080540270134964e+00 1.323255035578597348e-06
2.201100550275137291e+00 1.332484063818392063e-06
2.241120560280140062e+00 1.341812224836184669e-06
2.281140570285142388e+00 1.351240965609024658e-06
2.321160580290145159e+00 1.360771759897734966e-06
2.361180590295147486e+00 1.370406108848722531e-06
2.401200600300149812e+00 1.380145541611712218e-06
2.441220610305152583e+00 1.389991615973894134e-06
2.481240620310154910e+00 1.399945919010990205e-06
2.521260630315157680e+00 1.410010067755757566e-06
2.561280640320160007e+00 1.420185709884457734e-06
2.601300650325162334e+00 1.430474524421871347e-06
2.641320660330165104e+00 1.440878222465404825e-06
2.681340670335167431e+00 1.451398547928915103e-06
2.721360680340170202e+00 1.462037278306846851e-06
2.761380690345172528e+00 1.472796225459339479e-06
2.801400700350174855e+00 1.483677236418955083e-06
2.841420710355177626e+00 1.494682194219717864e-06
2.881440720360179952e+00 1.505813018749179305e-06
2.921460730365182723e+00 1.517071667624240919e-06
2.961480740370185050e+00 1.528460137091502200e-06
3.001500750375187376e+00 1.539980462952922585e-06
3.041520760380190147e+00 1.551634721517619032e-06
3.081540770385192474e+00 1.563425030580648380e-06
3.121560780390194800e+00 1.575353550429661745e-06
3.161580790395197571e+00 1.587422484880332850e-06
3.201600800400199898e+00 1.599634082341533076e-06
3.241620810405202668e+00 1.611990636911201941e-06
3.281640820410204995e+00 1.624494489503971781e-06
3.321660830415207322e+00 1.637148029011576203e-06
3.361680840420210092e+00 1.649953693497164007e-06
3.401700850425212419e+00 1.662913971424638962e-06
3.441720860430215190e+00 1.676031402924230164e-06
3.481740870435217516e+00 1.689308581095513094e-06
3.521760880440219843e+00 1.702748153349157457e-06
3.561780890445222614e+00 1.716352822788734799e-06
3.601800900450224940e+00 1.730125349633967644e-06
3.641820910455227711e+00 1.744068552686830232e-06
3.681840920460230038e+00 1.758185310842030189e-06
3.721860930465232364e+00 1.772478564643379048e-06
3.761880940470235135e+00 1.786951317887680903e-06
3.801900950475237462e+00 1.801606639277807412e-06
3.841920960480240232e+00 1.816447664126696210e-06
3.881940970485242559e+00 1.831477596114093644e-06
3.921960980490244886e+00 1.846699709097891746e-06
3.961980990495247656e+00 1.862117348982071138e-06
4.002001000500250427e+00 1.877733935643223903e-06
4.042021010505252754e+00 1.893552964917833272e-06
4.082041020510255080e+00 1.909578010652480026e-06
4.122061030515257407e+00 1.925812726819300294e-06
4.162081040520259734e+00 1.942260849699064959e-06
4.202101050525262949e+00 1.958926200134395500e-06
4.242121060530265275e+00 1.975812685855702284e-06
4.282141070535267602e+00 1.992924303882563623e-06
4.322161080540269928e+00 2.010265143003343581e-06
4.362181090545272255e+00 2.027839386336020751e-06
4.402201100550274582e+00 2.045651313973279028e-06
4.442221110555277797e+00 2.063705305715049025e-06
4.482241120560280123e+00 2.082005843891854386e-06
4.522261130565282450e+00 2.100557516282432866e-06
4.562281140570284776e+00 2.119365019129268069e-06
4.602301150575287103e+00 2.138433160255815113e-06
4.642321160580290318e+00 2.157766862289375019e-06
4.682341170585292645e+00 2.177371165993778453e-06
4.722361180590294971e+00 2.197251233716135583e-06
4.762381190595297298e+00 2.217412352952215868e-06
4.802401200600299624e+00 2.237859940035143129e-06
4.842421210605302839e+00 2.258599543952306859e-06
4.882441220610305166e+00 2.279636850295671043e-06
4.922461230615307493e+00 2.300977685350833339e-06
4.962481240620309819e+00 2.322628020330460168e-06
5.002501250625312146e+00 2.344593975757984611e-06
5.042521260630315361e+00 2.366881826007727146e-06
5.082541270635317687e+00 2.389498004007852963e-06
5.122561280640320014e+00 2.412449106112945933e-06
5.162581290645322341e+00 2.435741897153221137e-06
5.202601300650324667e+00 2.459383315667782404e-06
5.242621310655327882e+00 2.483380479329671825e-06
5.282641320660330209e+00 2.507740690570789400e-06
5.322661330665332535e+00 2.532471442415250552e-06
5.362681340670334862e+00 2.557580424529992339e-06
5.402701350675337189e+00 2.583075529502078727e-06
5.442721360680340403e+00 2.608964859352414444e-06
5.482741370685342730e+00 2.635256732296194456e-06
5.522761380690345057e+00 2.661959689760865852e-06
5.562781390695347383e+00 2.689082503672909618e-06
5.602801400700349710e+00 2.716634184025353262e-06
5.642821410705352925e+00 2.744623986738467387e-06
5.682841420710355251e+00 2.773061421826777740e-06
5.722861430715357578e+00 2.801956261886169331e-06
5.762881440720359905e+00 2.831318550915561359e-06
5.802901450725362231e+00 2.861158613488363546e-06
5.842921460730365446e+00 2.891487064289760922e-06
5.882941470735367773e+00 2.922314818036622450e-06
5.922961480740370099e+00 2.953653099797815251e-06
5.962981490745372426e+00 2.985513455733508341e-06
6.003001500750374753e+00 3.017907764273195381e-06
6.043021510755377079e+00 3.050848247753029521e-06
6.083041520760380294e+00 3.084347484534347915e-06
6.123061530765382621e+00 3.118418421626307898e-06
6.163081540770384947e+00 3.153074387836863770e-06
6.203101550775387274e+00 3.188329107477623091e-06
6.243121560780389601e+00 3.224196714649504570e-06
6.283141570785392815e+00 3.260691768137643031e-06
6.323161580790395142e+00 3.297829266945520084e-06
6.363181590795397469e+00 3.335624666500031281e-06
6.403201600800399795e+00 3.374093895560916230e-06
6.443221610805402122e+00 3.413253373869952972e-06
6.483241620810405337e+00 3.453120030577250462e-06
6.523261630815407663e+00 3.493711323484193887e-06
6.563281640820409990e+00 3.535045259144832887e-06
6.603301650825412317e+00 3.577140413869915097e-06
6.643321660830414643e+00 3.620015955680462678e-06
6.683341670835417858e+00 3.663691667260358993e-06
6.723361680840420185e+00 3.708187969960588518e-06
6.763381690845422511e+00 3.753525948910672478e-06
6.803401700850424838e+00 3.799727379296390930e-06
6.843421710855427165e+00 3.846814753866308668e-06
6.883441720860430380e+00 3.894811311733500480e-06
6.923461730865432706e+00 3.943741068542967957e-06
6.963481740870435033e+00 3.993628848079514170e-06
7.003501750875437359e+00 4.044500315395584255e-06
7.043521760880439686e+00 4.096382011543500742e-06
7.083541770885442901e+00 4.149301390001916396e-06
7.123561780890445227e+00 4.203286854891899452e-06
7.163581790895447554e+00 4.258367801084338381e-06
7.203601800900449881e+00 4.314574656306805203e-06
7.243621810905452207e+00 4.371938925365012837e-06
7.283641820910455422e+00 4.430493236601707432e-06
7.323661830915457749e+00 4.490271390723689491e-06
7.363681840920460075e+00 4.551308412136608169e-06
7.403701850925462402e+00 4.613640602936316015e-06
7.443721860930464729e+00 4.677305599715685847e-06
7.483741870935467944e+00 4.742342433356658023e-06
7.523761880940470270e+00 4.808791591988764545e-06
7.563781890945472597e+00 4.876695087308086958e-06
7.603801900950474923e+00 4.946096524463861979e-06
7.643821910955477250e+00 5.017041175734766736e-06
7.683841920960480465e+00 5.089576058232332368e-06
7.723861930965482792e+00 5.163750015886061745e-06
7.763881940970485118e+00 5.239613805983017083e-06
7.803901950975487445e+00 5.317220190554446026e-06
7.843921960980489771e+00 5.396624032923315954e-06
7.883941970985492098e+00 5.477882399749846816e-06
7.923961980990495313e+00 5.561054668937053375e-06
7.963981990995497640e+00 5.646202643785498327e-06
8.004002001000500854e+00 5.733390673815791377e-06
8.044022011005502293e+00 5.822685782709274527e-06
8.084042021010505508e+00 5.914157803852009674e-06
8.124062031015506946e+00 6.007879524004559104e-06
8.164082041020510161e+00 6.103926835661259304e-06
8.204102051025513376e+00 6.202378898706768112e-06
8.244122061030514814e+00 6.303318312026282377e-06
8.284142071035518029e+00 6.406831295778562116e-06
8.324162081040519467e+00 6.513007885098040526e-06
8.364182091045522682e+00 6.621942136055476034e-06
8.404202101050525897e+00 6.733732344774550663e-06
8.444222111055527336e+00 6.848481280677015239e-06
8.484242121060530550e+00 6.966296434910480048e-06
8.524262131065531989e+00 7.087290285102608842e-06
8.564282141070535204e+00 7.211580577683555452e-06
8.604302151075536642e+00 7.339290629125766574e-06
8.644322161080539857e+00 7.470549647568540458e-06
8.684342171085543072e+00 7.605493076423902025e-06
8.724362181090544510e+00 7.744262961703043610e-06
8.764382191095547725e+00 7.887008344958991885e-06
8.804402201100549163e+00 8.033885683913715735e-06
8.844422211105552378e+00 8.185059303028100383e-06
8.884442221110555593e+00 8.340701876482787668e-06
8.924462231115557032e+00 8.500994946269752563e-06
8.964482241120560246e+00 8.666129478350392454e-06
9.004502251125561685e+00 8.836306460119393245e-06
9.044522261130564900e+00 9.011737542727641607e-06
9.084542271135568114e+00 9.192645732165461282e-06
9.124562281140569553e+00 9.379266133394077842e-06
9.164582291145572768e+00 9.571846752242797510e-06
9.204602301150574206e+00 9.770649360267090247e-06
9.244622311155577421e+00 9.975950428295693307e-06
9.284642321160580636e+00 1.018804213498798629e-05
9.324662331165582074e+00 1.040723345738650854e-05
9.364682341170585289e+00 1.063385135119043014e-05
9.404702351175586728e+00 1.086824202930538531e-05
9.444722361180589942e+00 1.111077234815578339e-05
9.484742371185593157e+00 1.136183131228851496e-05
9.524762381190594596e+00 1.162183170897109245e-05
9.564782391195597810e+00 1.189121188580657567e-05
9.604802401200599249e+00 1.217043768587580559e-05
9.644822411205602464e+00 1.246000455659693730e-05
9.684842421210605679e+00 1.276043985038936005e-05
9.724862431215607117e+00 1.307230533737868509e-05
9.764882441220610332e+00 1.339619995281456490e-05
9.804902451225611770e+00 1.373276280463969644e-05
9.844922461230614985e+00 1.408267646979495985e-05
9.884942471235618200e+00 1.444667061143008215e-05
9.924962481240619638e+00 1.482552595328131001e-05
9.964982491245622853e+00 1.522007865215535033e-05
1.000500250125062429e+01 1.563122511481688682e-05
1.004502251125562751e+01 1.605992731172677866e-05
1.008504252126063072e+01 1.650721864714647623e-05
1.012506253126563216e+01 1.697421045327018800e-05
1.016508254127063537e+01 1.746209918544651085e-05
1.020510255127563681e+01 1.797217440642746806e-05
1.024512256128064003e+01 1.850582766018931937e-05
1.028514257128564324e+01 1.906456235051617212e-05
1.032516258129064468e+01 1.965000475659243158e-05
1.036518259129564790e+01 2.026391633775549022e-05
1.040520260130064933e+01 2.090820750284849862e-05
1.044522261130565255e+01 2.158495304692858204e-05
1.048524262131065576e+01 2.229640949020335398e-05
1.052526263131565720e+01 2.304503459193766571e-05
1.056528264132066042e+01 2.383350935683920490e-05
1.060530265132566186e+01 2.466476290450603088e-05
1.064532266133066507e+01 2.554200063562581618e-05
1.068534267133566829e+01 2.646873620387469586e-05
1.072536268134066972e+01 2.744882789249958983e-05
1.076538269134567294e+01 2.848652010262489961e-05
1.080540270135067438e+01 2.958649079044719721e-05
1.084542271135567759e+01 3.075390584772097258e-05
1.088544272136068081e+01 3.199448161062158077e-05
1.092546273136568225e+01 3.331455691418578111e-05
1.096548274137068546e+01 3.472117639316151980e-05
1.100550275137568690e+01 3.622218707808217846e-05
1.104552276138069011e+01 3.782635076410661664e-05
1.108554277138569333e+01 3.954347516065799615e-05
1.112556278139069477e+01 4.138456748930269003e-05
1.116558279139569798e+01 4.336201502081118303e-05
1.120560280140069942e+01 4.548979807585622594e-05
1.124562281140570263e+01 4.778374231753891929e-05
1.128564282141070585e+01 5.026181881736563491e-05
1.132566283141570729e+01 5.294450248499112967e-05
1.136568284142071050e+01 5.585520215709928774e-05
1.140570285142571194e+01 5.902077913217089065e-05
1.144572286143071516e+01 6.247217547312239533e-05
1.148574287143571837e+01 6.624517933064225507e-05
1.152576288144071981e+01 7.038136235080370221e-05
1.156578289144572302e+01 7.492923459332425902e-05
1.160580290145072446e+01 7.994567624264320308e-05
1.164582291145572768e+01 8.549772407187935684e-05
1.168584292146073089e+01 9.166481601461621154e-05
1.172586293146573233e+01 9.854163203960328917e-05
1.176588294147073555e+01 1.062417177770453756e-04
1.180590295147573698e+01 1.149021448456840228e-04
1.184592296148074020e+01 1.246895572480862012e-04
1.188594297148574341e+01 1.358080895734220419e-04
1.192596298149074485e+01 1.485098399033383230e-04
1.196598299149574807e+01 1.631088687875514463e-04
1.200600300150074951e+01 1.800001230122941828e-04
1.204602301150575272e+01 1.996853241257404176e-04
1.208604302151075416e+01 2.228088363611097479e-04
1.212606303151575737e+01 2.502080290877545850e-04
1.216608304152076059e+01 2.829849867874918473e-04
1.220610305152576203e+01 3.226100997872262551e-04
1.224612306153076524e+01 3.710739018503953369e-04
1.228614307153576668e+01 4.311127645445905483e-04
1.232616308154076989e+01 5.065485037737795307e-04
1.236618309154577311e+01 6.028035387838108147e-04
1.240620310155077455e+01 7.276816342985523633e-04
1.244622311155577776e+01 8.925268781954561739e-04
1.248624312156077920e+01 1.113829560489352404e-03
1.252626313156578242e+01 1.415008179631267043e-03
1.256628314157078563e+01 1.826713865312738988e-03
1.260630315157578707e+01 2.379589735520193025e-03
1.264632316158079028e+01 3.073365717941444787e-03
1.268634317158579172e+01 3.801848911354287642e-03
1.272636318159079494e+01 4.285740842615114524e-03
1.276638319159579815e+01 4.231344982741441774e-03
1.280640320160079959e+01 3.676839644178184641e-03
1.284642321160580281e+01 2.940637445663400566e-03
1.288644322161080424e+01 2.271552198645597834e-03
1.292646323161580746e+01 1.748682426072477748e-03
1.296648324162081067e+01 1.362337269278469237e-03
1.300650325162581211e+01 1.080602963627809009e-03
1.304652326163081533e+01 8.740132034475217235e-04
1.308654327163581677e+01 7.204841198400589600e-04
1.312656328164081998e+01 6.044442052412245031e-04
1.316658329164582319e+01 5.151882788991805255e-04
1.320660330165082463e+01 4.455735774708128108e-04
1.324662331165582785e+01 3.908267128756054854e-04
1.328664332166082929e+01 3.475949302578980630e-04
1.332666333166583250e+01 3.134476520975912122e-04
1.336668334167083572e+01 2.866323195583300905e-04
1.340670335167583715e+01 2.659165143116382470e-04
1.344672336168084037e+01 2.504767069894474731e-04
1.348674337168584181e+01 2.398282939233532210e-04
1.352676338169084502e+01 2.337940497970902301e-04
1.356678339169584824e+01 2.325103570152548785e-04
1.360680340170084968e+01 2.364754282149157444e-04
1.364682341170585289e+01 2.466500030651888413e-04
1.368684342171085433e+01 2.646264088337207943e-04
1.372686343171585754e+01 2.928775442684914765e-04
1.376688344172086076e+01 3.350495756886200625e-04
1.380690345172586220e+01 3.960589414292636150e-04
1.384692346173086541e+01 4.810887556156904729e-04
1.388694347173586685e+01 5.909852656173462948e-04
1.392696348174087007e+01 7.104151232085021512e-04
1.396698349174587328e+01 7.951308620340049541e-04
1.400700350175087472e+01 7.931358026922585153e-04
1.404702351175587793e+01 7.037267570642066847e-04
1.408704352176087937e+01 5.783930231434277836e-04
1.412706353176588259e+01 4.618311716304951929e-04
1.416708354177088580e+01 3.697569608406944992e-04
1.420710355177588724e+01 3.013991454256485661e-04
1.424712356178089045e+01 2.514856440318302753e-04
1.428714357178589189e+01 2.149504031087318265e-04
1.432716358179089511e+01 1.879703319231920613e-04
1.436718359179589832e+01 1.678703709607525440e-04
1.440720360180089976e+01 1.528217495820312984e-04
1.444722361180590298e+01 1.415789565845377153e-04
1.448724362181090441e+01 1.332922156757676883e-04
1.452726363181590763e+01 1.273823651335599921e-04
1.456728364182091084e+01 1.234594703916204288e-04
1.460730365182591228e+01 1.212706396650835387e-04
1.464732366183091550e+01 1.206672945883909551e-04
1.468734367183591694e+01 1.215857751982635948e-04
1.472736368184092015e+01 1.240376603299215934e-04
1.476738369184592337e+01 1.281079194474538541e-04
1.480740370185092480e+01 1.339603179859399321e-04
1.484742371185592802e+01 1.418506502391161917e-04
1.488744372186092946e+01 1.521496167420340669e-04
1.492746373186593267e+01 1.653787634760153606e-04
1.496748374187093589e+01 1.822652064380009479e-04
1.500750375187593733e+01 2.038243768931282437e-04
1.504752376188094054e+01 2.314854486382476970e-04
1.508754377188594198e+01 2.672822972727879626e-04
1.512756378189094519e+01 3.141441279387721316e-04
1.516758379189594841e+01 3.763312361802481415e-04
1.520760380190094985e+01 4.600556011710223180e-04
1.524762381190595306e+01 5.742355759616920565e-04
1.528764382191095450e+01 7.309293269522234952e-04
1.532766383191595772e+01 9.436159815869131755e-04
1.536768384192096093e+01 1.217953053493299334e-03
1.540770385192596237e+01 1.525678923294774116e-03
1.544772386193096558e+01 1.769226951524637990e-03
1.548774387193596702e+01 1.812856091160541198e-03
1.552776388194097024e+01 1.626041429079869670e-03
1.556778389194597167e+01 1.324619364708402337e-03
1.560780390195097489e+01 1.030501179868353141e-03
1.564782391195597810e+01 7.937570956748647016e-04
1.568784392196097954e+01 6.168088904202674062e-04
1.572786393196598276e+01 4.872448510168152984e-04
1.576788394197098420e+01 3.920611561786757583e-04
1.580790395197598741e+01 3.211984461166826816e-04
1.584792396198099063e+01 2.675452124411913210e-04
1.588794397198599206e+01 2.262051931044788253e-04
1.592796398199099528e+01 1.938118319367373597e-04
1.596798399199599672e+01 1.680283774255444289e-04
1.600800400200100171e+01 1.472099810289066626e-04
1.604802401200600315e+01 1.301805686706735700e-04
1.608804402201100459e+01 1.160858087883180677e-04
1.612806403201600602e+01 1.042954941625104620e-04
1.616808404202101102e+01 9.433795325480587605e-05
1.620810405202601245e+01 8.585537039453986538e-05
1.624812406203101389e+01 7.857291192736018306e-05
1.628814407203601888e+01 7.227709265185188825e-05
1.632816408204102032e+01 6.680041823641584792e-05
1.636818409204602176e+01 6.201035742920255240e-05
1.640820410205102675e+01 5.780135322970706487e-05
1.644822411205602819e+01 5.408901143543409855e-05
1.648824412206102963e+01 5.080589336972834503e-05
1.652826413206603107e+01 4.789854142065678983e-05
1.656828414207103606e+01 4.532551691949835950e-05
1.660830415207603750e+01 4.305635309569556796e-05
1.664832416208103893e+01 4.107143045988063132e-05
1.668834417208604393e+01 3.936284136666787849e-05
1.672836418209104536e+01 3.793617884766492624e-05
1.676838419209604680e+01 3.681232630712427131e-05
1.680840420210105179e+01 3.602509375264976261e-05
1.684842421210605323e+01 3.560126997140753422e-05
1.688844422211105467e+01 3.549399094588155868e-05
1.692846423211605611e+01 3.546048513102248781e-05
1.696848424212106110e+01 3.504907233542089290e-05
1.700850425212606254e+01 3.394900492358754853e-05
1.704852426213106398e+01 3.227799731443049196e-05
1.708854427213606897e+01 3.034635719851714713e-05
1.712856428214107041e+01 2.843832384512968254e-05
1.716858429214607185e+01 2.673923603748981534e-05
1.720860430215107328e+01 2.530378369048957298e-05
1.724862431215607828e+01 2.410589047125680741e-05
1.728864432216107971e+01 2.309757280988507456e-05
1.732866433216608115e+01 2.223547928984754256e-05
1.736868434217108614e+01 2.148667379992263992e-05
1.740870435217608758e+01 2.082743087397292695e-05
1.744872436218108902e+01 2.024080715755239069e-05
1.748874437218609401e+01 1.971458151873859682e-05
1.752876438219109545e+01 1.923978315743658937e-05
1.756878439219609689e+01 1.880969533099053164e-05
1.760880440220109833e+01 1.841919023832473817e-05
1.764882441220610332e+01 1.806428352376120950e-05
1.768884442221110476e+01 1.774183259227968834e-05
1.772886443221610620e+01 1.744932938685414171e-05
1.776888444222111119e+01 1.718475588487709737e-05
1.780890445222611262e+01 1.694648185909069756e-05
1.784892446223111406e+01 1.673319161393779772e-05
1.788894447223611905e+01 1.654383096879283343e-05
1.792896448224112049e+01 1.637756868946412062e-05
1.796898449224612193e+01 1.623376847747530767e-05
1.800900450225112337e+01 1.611196889103614626e-05
1.804902451225612836e+01 1.601186942842373884e-05
1.808904452226112980e+01 1.593332160338437349e-05
1.812906453226613124e+01 1.587632428061452910e-05
1.816908454227113623e+01 1.584102288413591071e-05
1.820910455227613767e+01 1.582771239248100730e-05
1.824912456228113911e+01 1.583684433560912525e-05
1.828914457228614410e+01 1.586903835539163365e-05
1.832916458229114554e+01 1.592509934269080931e-05
1.836918459229614697e+01 1.600604180327905825e-05
1.840920460230114841e+01 1.611312405993347527e-05
1.844922461230615340e+01 1.624789636620645460e-05
1.848924462231115484e+01 1.641226928043283968e-05
1.852926463231615628e+01 1.660861209855130595e-05
1.856928464232116127e+01 1.683989600958726800e-05
1.860930465232616271e+01 1.710990202854885831e-05
1.864932466233116415e+01 1.742351389384599408e-05
1.868934467233616914e+01 1.778708730947364382e-05
1.872936468234117058e+01 1.820874675870340267e-05
1.876938469234617202e+01 1.869796423021789796e-05
1.880940470235117346e+01 1.926241052536251355e-05
1.884942471235617845e+01 1.989805912556659302e-05
1.888944472236117988e+01 2.057297782048090869e-05
1.892946473236618132e+01 2.123233031997659464e-05
1.896948474237118631e+01 2.185680991458206480e-05
1.900950475237618775e+01 2.249763897018205118e-05
1.904952476238118919e+01 2.322203420586494606e-05
1.908954477238619418e+01 2.406860748188185931e-05
1.912956478239119562e+01 2.505363548772951540e-05
1.916958479239619706e+01 2.618708015426819029e-05
1.920960480240119850e+01 2.748069787999845087e-05
1.924962481240620349e+01 2.895074960551896598e-05
1.928964482241120493e+01 3.061890716364983338e-05
1.932966483241620637e+01 3.251291331439767841e-05
1.936968484242121136e+01 3.466750871993514691e-05
1.940970485242621280e+01 3.712580862912761420e-05
1.944972486243121423e+01 3.994125451221885900e-05
1.948974487243621923e+01 4.318030231282856898e-05
1.952976488244122066e+01 4.692608876482654137e-05
1.956978489244622210e+01 5.128343682550914493e-05
1.960980490245122354e+01 5.638573706833339277e-05
1.964982491245622853e+01 6.240450545655296317e-05
1.968984492246122997e+01 6.956282106297395358e-05
1.972986493246623141e+01 7.815447370876040705e-05
1.976988494247123640e+01 8.857163650807716457e-05
1.980990495247623784e+01 1.013454388048672518e-04
1.984992496248123928e+01 1.172062874634016092e-04
1.988994497248624427e+01 1.371746471070238069e-04
1.992996498249124571e+01 1.626987577151905518e-04
1.996998499249624714e+01 1.958633397168313580e-04
2.001000500250124858e+01 2.396993079304411114e-04
2.005002501250625357e+01 2.986124761621727539e-04
2.009004502251125501e+01 3.788575447677223823e-04
2.013006503251625645e+01 4.886111018432831707e-04
2.017008504252126144e+01 6.360108439013002985e-04
2.021010505252626288e+01 8.208385787988605690e-04
2.025012506253126432e+01 1.014439739386018132e-03
2.029014507253626931e+01 1.142059487875783565e-03
2.033016508254127075e+01 1.125878685667759628e-03
2.037018509254627219e+01 9.770290851448724077e-04
2.041020510255127363e+01 7.805344626339733851e-04
2.045022511255627862e+01 6.022494211581981734e-04
2.049024512256128006e+01 4.629109707041841049e-04
2.053026513256628149e+01 3.598163905296555419e-04
2.057028514257128649e+01 2.844436803868461480e-04
2.061030515257628792e+01 2.289568437084410241e-04
2.065032516258128936e+01 1.875104162640997942e-04
2.069034517258629080e+01 1.560192340871208877e-04
2.073036518259129579e+01 1.316766818293951943e-04
2.077038519259629723e+01 1.125494445586679095e-04
2.081040520260129867e+01 9.729082834719764996e-05
2.085042521260630366e+01 8.494889538809022398e-05
2.089044522261130510e+01 7.484002707850230432e-05
2.093046523261630654e+01 6.646548527549141639e-05
2.097048524262131153e+01 5.945584214040267268e-05
2.101050525262631297e+01 5.353349682163320138e-05
2.105052526263131440e+01 4.848703105526497287e-05
2.109054527263631584e+01 4.415340716474149343e-05
2.113056528264132083e+01 4.040543142309773025e-05
2.117058529264632227e+01 3.714280218562890178e-05
2.121060530265132371e+01 3.428563269393009207e-05
2.125062531265632870e+01 3.176970542848483222e-05
2.129064532266133014e+01 2.954295384843242151e-05
2.133066533266633158e+01 2.756282496582455652e-05
2.137068534267133657e+01 2.579428150352664953e-05
2.141070535267633801e+01 2.420827364007429331e-05
2.145072536268133945e+01 2.278055915893494599e-05
2.149074537268634089e+01 2.149078466079727397e-05
2.153076538269134588e+01 2.032176422725782234e-05
2.157078539269634732e+01 1.925890874582314685e-05
2.161080540270134875e+01 1.828977115485400060e-05
2.165082541270635375e+01 1.740368158273698581e-05
2.169084542271135518e+01 1.659145271962823544e-05
2.173086543271635662e+01 1.584514044872216282e-05
2.177088544272136161e+01 1.515784824768274429e-05
2.181090545272636305e+01 1.452356648026126193e-05
2.185092546273136449e+01 1.393703966771573748e-05
2.189094547273636593e+01 1.339365632722949834e-05
2.193096548274137092e+01 1.288935711118010097e-05
2.197098549274637236e+01 1.242055786493037905e-05
2.201100550275137380e+01 1.198408490637911696e-05
2.205102551275637879e+01 1.157712036552875497e-05
2.209104552276138023e+01 1.119715584228379652e-05
2.213106553276638166e+01 1.084195297216746836e-05
2.217108554277138666e+01 1.050950975267272599e-05
2.221110555277638809e+01 1.019803169274354564e-05
2.225112556278138953e+01 9.905907016016280326e-06
2.229114557278639097e+01 9.631685283842340086e-06
2.233116558279139596e+01 9.374058913632724393e-06
2.237118559279639740e+01 9.131847157048060047e-06
2.241120560280139884e+01 8.903982175162751487e-06
2.245122561280640383e+01 8.689496907222579386e-06
2.249124562281140527e+01 8.487514478559543879e-06
2.253126563281640671e+01 8.297238933663538118e-06
2.257128564282141170e+01 8.117947113958998777e-06
2.261130565282641314e+01 7.948981527791614175e-06
2.265132566283141458e+01 7.789744083545447785e-06
2.269134567283641601e+01 7.639690576534259684e-06
2.273136568284142101e+01 7.498325837042864397e-06
2.277138569284642244e+01 7.365199461223245558e-06
2.281140570285142388e+01 7.239902058979121355e-06
2.285142571285642887e+01 7.122061963954936630e-06
2.289144572286143031e+01 7.011342360707791351e-06
2.293146573286643175e+01 6.907438793524967873e-06
2.297148574287143674e+01 6.810077030649277996e-06
2.301150575287643818e+01 6.719011267500328665e-06
2.305152576288143962e+01 6.634022663651255761e-06
2.309154577288644106e+01 6.554918222008022194e-06
2.313156578289144605e+01 6.481530036592962678e-06
2.317158579289644749e+01 6.413714960263628155e-06
2.321160580290144893e+01 6.351354779878859625e-06
2.325162581290645392e+01 6.294357040716299605e-06
2.329164582291145535e+01 6.242656745425537992e-06
2.333166583291645679e+01 6.196219283307710796e-06
2.337168584292146178e+01 6.155045151391880992e-06
2.341170585292646322e+01 6.119177351528533635e-06
2.345172586293146466e+01 6.088712840412108452e-06
2.349174587293646610e+01 6.063820102379342585e-06
2.353176588294147109e+01 6.044765662780822370e-06
2.357178589294647253e+01 6.031952266052886486e-06
2.361180590295147397e+01 6.025966879761246524e-06
2.365182591295647896e+01 6.027615119316583647e-06
2.369184592296148040e+01 6.037843193111442757e-06
2.373186593296648184e+01 6.057244888431635699e-06
2.377188594297148683e+01 6.084570460731882355e-06
2.381190595297648827e+01 6.114405782229037995e-06
2.385192596298148970e+01 6.138217978953428484e-06
2.389194597298649114e+01 6.152963598596575135e-06
2.393196598299149613e+01 6.165431557742557676e-06
2.397198599299649757e+01 6.184042016558212870e-06
2.401200600300149901e+01 6.212841734597016802e-06
2.405202601300650400e+01 6.252580396204869850e-06
2.409204602301150544e+01 6.302914441929633496e-06
2.413206603301650688e+01 6.363448551934830844e-06
2.417208604302150832e+01 6.434019961907480211e-06
2.421210605302651331e+01 6.514720073452195248e-06
2.425212606303151475e+01 6.605857767584032122e-06
2.429214607303651619e+01 6.707924057889034871e-06
2.433216608304152118e+01 6.821569895050369450e-06
2.437218609304652261e+01 6.947596520508401309e-06
2.441220610305152405e+01 7.086955772686111241e-06
2.445222611305652904e+01 7.240758276257193971e-06
2.449224612306153048e+01 7.410288329406194151e-06
2.453226613306653192e+01 7.597025068089310463e-06
2.457228614307153336e+01 7.802670096140865608e-06
2.461230615307653835e+01 8.029182286494791375e-06
2.465232616308153979e+01 8.278820950277182445e-06
2.469234617308654123e+01 8.554199098780019186e-06
2.473236618309154622e+01 8.858349147133400957e-06
2.477238619309654766e+01 9.194804191654870073e-06
2.481240620310154910e+01 9.567699013450504231e-06
2.485242621310655409e+01 9.981896322433675032e-06
2.489244622311155553e+01 1.044314560247263258e-05
2.493246623311655696e+01 1.095828445560302458e-05
2.497248624312155840e+01 1.153549587063491173e-05
2.501250625312656339e+01 1.218463980139074143e-05
2.505252626313156483e+01 1.291768449406114633e-05
2.509254627313656627e+01 1.374927315439082655e-05
2.513256628314157126e+01 1.469747633129799308e-05
2.517258629314657270e+01 1.578480220144610588e-05
2.521260630315157414e+01 1.703956952040399899e-05
2.525262631315657913e+01 1.849779732174918124e-05
2.529264632316158057e+01 2.020584106481349853e-05
2.533266633316658201e+01 2.222412232830028341e-05
2.537268634317158345e+01 2.463248340437682759e-05
2.541270635317658844e+01 2.753798965081752397e-05
2.545272636318158987e+01 3.108646457243187524e-05
2.549274637318659131e+01 3.547976807279286409e-05
2.553276638319159630e+01 4.100192792084086913e-05
2.557278639319659774e+01 4.805874356086363051e-05
2.561280640320159918e+01 5.723695430430061329e-05
2.565282641320660417e+01 6.938807558165987512e-05
2.569284642321160561e+01 8.572907439051193079e-05
2.573286643321660705e+01 1.078951695129785063e-04
2.577288644322160849e+01 1.376885969060257062e-04
2.581290645322661348e+01 1.757832849525573123e-04
2.585292646323161492e+01 2.181531199227263005e-04
2.589294647323661636e+01 2.514917037949968991e-04
2.593296648324162135e+01 2.580744414454685682e-04
2.597298649324662279e+01 2.349682194458914755e-04
2.601300650325162422e+01 1.981296188335772499e-04
2.605302651325662922e+01 1.635072891684101557e-04
2.609304652326163065e+01 1.375601184969431378e-04
2.613306653326663209e+01 1.207694899539852018e-04
2.617308654327163353e+01 1.119146819323577904e-04
2.621310655327663852e+01 1.098994746923547862e-04
2.625312656328163996e+01 1.142276829425163844e-04
2.629314657328664140e+01 1.251200556348618651e-04
2.633316658329164639e+01 1.437057304416685972e-04
2.637318659329664783e+01 1.720439550179845949e-04
2.641320660330164927e+01 2.122393883451924551e-04
2.645322661330665426e+01 2.636415222613066353e-04
2.649324662331165570e+01 3.168297926066254862e-04
2.653326663331665713e+01 3.491508936197803897e-04
2.657328664332165857e+01 3.390875275473735303e-04
2.661330665332666356e+01 2.922457934142163845e-04
2.665332666333166500e+01 2.337421615897515884e-04
2.669334667333666644e+01 1.816211691352750685e-04
2.673336668334167143e+01 1.410832488675468953e-04
2.677338669334667287e+01 1.110465179583018528e-04
2.681340670335167431e+01 8.898532186282454915e-05
2.685342671335667930e+01 7.264274709108693836e-05
2.689344672336168074e+01 6.034801339403205746e-05
2.693346673336668218e+01 5.093500838531621734e-05
2.697348674337168362e+01 4.360150101754598455e-05
2.701350675337668861e+01 3.779341000234021352e-05
2.705352676338169005e+01 3.312347295379387336e-05
2.709354677338669148e+01 2.931690350465349063e-05
2.713356678339169648e+01 2.617556423367097112e-05
2.717358679339669791e+01 2.355428914232935071e-05
2.721360680340169935e+01 2.134508287761465923e-05
2.725362681340670434e+01 1.946643808338159582e-05
2.729364682341170578e+01 1.785600856143136915e-05
2.733366683341670722e+01 1.646550988518487459e-05
2.737368684342170866e+01 1.525711887883285370e-05
2.741370685342671365e+01 1.420089606677486889e-05
2.745372686343171509e+01 1.327291622501212728e-05
2.749374687343671653e+01 1.245389592154826941e-05
2.753376688344172152e+01 1.172817463158190887e-05
2.757378689344672296e+01 1.108295077914410051e-05
2.761380690345172439e+01 1.050770407254791824e-05
2.765382691345672583e+01 9.993755924366908971e-06
2.769384692346173082e+01 9.533933872500460467e-06
2.773386693346673226e+01 9.122315887482367077e-06
2.777388694347173370e+01 8.754037685440191769e-06
2.781390695347673869e+01 8.425151647839381559e-06
2.785392696348174013e+01 8.132530401688510007e-06
2.789394697348674157e+01 7.873812134077782268e-06
2.793396698349174656e+01 7.647388884615359859e-06
2.797398699349674800e+01 7.452444061027761990e-06
2.801400700350174944e+01 7.289052181850043602e-06
2.805402701350675088e+01 7.158363713936379590e-06
2.809404702351175587e+01 7.062912800012490790e-06
2.813406703351675731e+01 7.007108211386814998e-06
2.817408704352175874e+01 6.998000107619180476e-06
2.821410705352676374e+01 7.046454084249120954e-06
2.825412706353176517e+01 7.168884205226219070e-06
2.829414707353676661e+01 7.389582296584348221e-06
2.833416708354177160e+01 7.742964800428786315e-06
2.837418709354677304e+01 8.272289034165170799e-06
2.841420710355177448e+01 9.013339892183485158e-06
2.845422711355677592e+01 9.936461554004676202e-06
2.849424712356178091e+01 1.083013103974525550e-05
2.853426713356678235e+01 1.126337434998876913e-05
2.857428714357178379e+01 1.092790984147712988e-05
2.861430715357678878e+01 1.003110018792887700e-05
2.865432716358179022e+01 9.021764794791236922e-06
2.869434717358679165e+01 8.167667113150004648e-06
2.873436718359179665e+01 7.528511029341379782e-06
2.877438719359679808e+01 7.076410744449853832e-06
2.881440720360179952e+01 6.767796692857699730e-06
2.885442721360680096e+01 6.566276521676288031e-06
2.889444722361180595e+01 6.445906246852572101e-06
2.893446723361680739e+01 6.389329033222162910e-06
2.897448724362180883e+01 6.385396016628192500e-06
2.901450725362681382e+01 6.427328453045150293e-06
2.905452726363181526e+01 6.511483942989369870e-06
2.909454727363681670e+01 6.636588009094092796e-06
2.913456728364182169e+01 6.803296965386595626e-06
2.917458729364682313e+01 7.014000011113234998e-06
2.921460730365182457e+01 7.272805579758326651e-06
2.925462731365682600e+01 7.585677532200487917e-06
2.929464732366183100e+01 7.960673426079938549e-06
2.933466733366683243e+01 8.408137596101692682e-06
2.937468734367183387e+01 8.940423029857045285e-06
2.941470735367683886e+01 9.570440805801780625e-06
2.945472736368184030e+01 1.030992263502664619e-05
2.949474737368684174e+01 1.117395728333817137e-05
2.953476738369184673e+01 1.219487864394245168e-05
2.957478739369684817e+01 1.342768305949298064e-05
2.961480740370184961e+01 1.494287114461906763e-05
2.965482741370685105e+01 1.682726929882422747e-05
2.969484742371185604e+01 1.919599082525384620e-05
2.973486743371685748e+01 2.220983566060003107e-05
2.977488744372185892e+01 2.609887845663967494e-05
2.981490745372686391e+01 3.119665496777417334e-05
2.985492746373186534e+01 3.798951982780582592e-05
2.989494747373686678e+01 4.718093563449791679e-05
2.993496748374187177e+01 5.974707208214930675e-05
2.997498749374687321e+01 7.687526565293350080e-05
3.001500750375187465e+01 9.943462708236869459e-05
3.005502751375687609e+01 1.262168383149033749e-04
3.009504752376188108e+01 1.507211329766019613e-04
3.013506753376688252e+01 1.610339744185961463e-04
3.017508754377188396e+01 1.502925475278169530e-04
3.021510755377688895e+01 1.256342480522594886e-04
3.025512756378189039e+01 9.892452983619693329e-05
3.029514757378689183e+01 7.651257430367613683e-05
3.033516758379189682e+01 5.952650931207263132e-05
3.037518759379689826e+01 4.707711858150629173e-05
3.041520760380189969e+01 3.797923595948424810e-05
3.045522761380690113e+01 3.126341538717049035e-05
3.049524762381190612e+01 2.623220374421536934e-05
3.053526763381690756e+01 2.240361709408194161e-05
3.057528764382190900e+01 1.944704442595148228e-05
3.061530765382691399e+01 1.713429118827690292e-05
3.065532766383191543e+01 1.530599241936697469e-05
3.069534767383691687e+01 1.384936203575059353e-05
3.073536768384192186e+01 1.268356522277304742e-05
3.077538769384692330e+01 1.175006567659195317e-05
3.081540770385192474e+01 1.100620400149744824e-05
3.085542771385692618e+01 1.042089122310758808e-05
3.089544772386193117e+01 9.971709257676903605e-06
3.093546773386693260e+01 9.642970155484205632e-06
3.097548774387193404e+01 9.424452340021692990e-06
3.101550775387693903e+01 9.310641034363368495e-06
3.105552776388194047e+01 9.300374531587103917e-06
3.109554777388694191e+01 9.396851615666801391e-06
3.113556778389194335e+01 9.607993777742449722e-06
3.117558779389694834e+01 9.947174747906078140e-06
3.121560780390194978e+01 1.043433058888868726e-05
3.125562781390695122e+01 1.109758537681575006e-05
3.129564782391195621e+01 1.197628188132799385e-05
3.133566783391695765e+01 1.312724477210567547e-05
3.137568784392195909e+01 1.463390651494740582e-05
3.141570785392696408e+01 1.661657372891325299e-05
3.145572786393196552e+01 1.924785333889872643e-05
3.149574787393696695e+01 2.277815604559557807e-05
3.153576788394196839e+01 2.757195766134673217e-05
3.157578789394697338e+01 3.414850035205447914e-05
3.161580790395197482e+01 4.319199271792796243e-05
3.165582791395697626e+01 5.540147287061666009e-05
3.169584792396198125e+01 7.082906418186713264e-05
3.173586793396698269e+01 8.723184263758722095e-05
3.177588794397198413e+01 9.846558976720717101e-05
3.181590795397698912e+01 9.774234455894096317e-05
3.185592796398199056e+01 8.551180445279876958e-05
3.189594797398699200e+01 6.885160250538165441e-05
3.193596798399199344e+01 5.354487849887676056e-05
3.197598799399699843e+01 4.151402373305381426e-05
3.201600800400200342e+01 3.258819631343995785e-05
3.205602801400700486e+01 2.605180322856411423e-05
3.209604802401200629e+01 2.123312850709828145e-05
3.213606803401700773e+01 1.762802594009663641e-05
3.217608804402200917e+01 1.488346625589690114e-05
3.221610805402701061e+01 1.275680501787419759e-05
3.225612806403201205e+01 1.108093336000076229e-05
3.229614807403702059e+01 9.739499881105975236e-06
3.233616808404202203e+01 8.650300061872367820e-06
3.237618809404702347e+01 7.754326675017693581e-06
3.241620810405202491e+01 7.008545957930057058e-06
3.245622811405702635e+01 6.381089224906144482e-06
3.249624812406202778e+01 5.848011669132087627e-06
3.253626813406702922e+01 5.391076428753484488e-06
3.257628814407203777e+01 4.996217366827219379e-06
3.261630815407703921e+01 4.652457219035471048e-06
3.265632816408204064e+01 4.351135548895868983e-06
3.269634817408704208e+01 4.085350428063882432e-06
3.273636818409204352e+01 3.849549567073404796e-06
3.277638819409704496e+01 3.639227320251415714e-06
3.281640820410205350e+01 3.450697631173416693e-06
3.285642821410705494e+01 3.280922094013245159e-06
3.289644822411205638e+01 3.127378466064085597e-06
3.293646823411705782e+01 2.987959184257427481e-06
3.297648824412205926e+01 2.860892360647799603e-06
3.301650825412706070e+01 2.744679778715649534e-06
3.305652826413206213e+01 2.638047857974966947e-06
3.309654827413707068e+01 2.539908574263386165e-06
3.313656828414207212e+01 2.449328026498859858e-06
3.317658829414707355e+01 2.365500847425536066e-06
3.321660830415207499e+01 2.287729341042932451e-06
3.325662831415707643e+01 2.215407446975655439e-06
3.329664832416207787e+01 2.148009126418341825e-06
3.333666833416707931e+01 2.085077615435904289e-06
3.337668834417208785e+01 2.026214673414666191e-06
3.341670835417708929e+01 1.971072708286064795e-06
3.345672836418209073e+01 1.919349766288993126e-06
3.349674837418709217e+01 1.870786160645875254e-06
3.353676838419209361e+01 1.825162564093060601e-06
3.357678839419709504e+01 1.782299966799121959e-06
3.361680840420210359e+01 1.742062152945593431e-06
3.365682841420710503e+01 1.704361697460586458e-06
3.369684842421210647e+01 1.669171010188505192e-06
3.373686843421710790e+01 1.636540522129295718e-06
3.377688844422210934e+01 1.606625977675580878e-06
3.381690845422711078e+01 1.579723040034330910e-06
3.385692846423211222e+01 1.556289989234538799e-06
3.389694847423712076e+01 1.536878893206271623e-06
3.393696848424212220e+01 1.521735315949231779e-06
3.397698849424712364e+01 1.509619741899160468e-06
3.401700850425212508e+01 1.496056333623950148e-06
3.405702851425712652e+01 1.474366407479924662e-06
3.409704852426212796e+01 1.442360059637678810e-06
3.413706853426712939e+01 1.405183482800471459e-06
3.417708854427213794e+01 1.368869750352331925e-06
3.421710855427713938e+01 1.336054833930685668e-06
3.425712856428214081e+01 1.306926423238002664e-06
3.429714857428714225e+01 1.280865602034450354e-06
3.433716858429214369e+01 1.257197491973550353e-06
3.437718859429714513e+01 1.235387343815015098e-06
3.441720860430214657e+01 1.215047330810395775e-06
3.445722861430715511e+01 1.195901803478939888e-06
3.449724862431215655e+01 1.177753418581895308e-06
3.453726863431715799e+01 1.160458135971519488e-06
3.457728864432215943e+01 1.143908215728520346e-06
3.461730865432716087e+01 1.128020939907754916e-06
3.465732866433216230e+01 1.112731145422364677e-06
3.469734867433717085e+01 1.097986237046265001e-06
3.473736868434217229e+01 1.083742810562721221e-06
3.477738869434717373e+01 1.069964328781040938e-06
3.481740870435217516e+01 1.056619494216389348e-06
3.485742871435717660e+01 1.043681089278793449e-06
3.489744872436217804e+01 1.031125134960867902e-06
3.493746873436717948e+01 1.018930269875500986e-06
3.497748874437218802e+01 1.007077284098377196e-06
3.501750875437718946e+01 9.955487634225620829e-07
3.505752876438219090e+01 9.843288135338139897e-07
3.509754877438719234e+01 9.734028428732626001e-07
3.513756878439219378e+01 9.627573892012639532e-07
3.517758879439719522e+01 9.523799791468520993e-07
3.521760880440219665e+01 9.422590129835901540e-07
3.525762881440720520e+01 9.323836689443273931e-07
3.529764882441220664e+01 9.227438228563986007e-07
3.533766883441720807e+01 9.133299799323102290e-07
3.537768884442220951e+01 9.041332163149496697e-07
3.541770885442721095e+01 8.951451285361291075e-07
3.545772886443221239e+01 8.863577894617787292e-07
3.549774887443722093e+01 8.777637096070333093e-07
3.553776888444222237e+01 8.693558029384336942e-07
3.557778889444722381e+01 8.611273564587435415e-07
3.561780890445222525e+01 8.530720030070268942e-07
3.565782891445722669e+01 8.451836968129431686e-07
3.569784892446222813e+01 8.374566914274533208e-07
3.573786893446722956e+01 8.298855197177658457e-07
3.577788894447223811e+01 8.224649756665746575e-07
3.581790895447723955e+01 8.151900977574782882e-07
3.585792896448224099e+01 8.080561537622789551e-07
3.589794897448724242e+01 8.010586267733886138e-07
3.593796898449224386e+01 7.941932023470756294e-07
3.597798899449724530e+01 7.874557566419325967e-07
3.601800900450224674e+01 7.808423454523752889e-07
3.605802901450725528e+01 7.743491940499254818e-07
3.609804902451225672e+01 7.679726877559027042e-07
3.613806903451725816e+01 7.617093631783418621e-07
3.617808904452225960e+01 7.555559000538224064e-07
3.621810905452726104e+01 7.495091136415609700e-07
3.625812906453226248e+01 7.435659476229132131e-07
3.629814907453727102e+01 7.377234674644200597e-07
3.633816908454227246e+01 7.319788542068466030e-07
3.637818909454727390e+01 7.263293986464521105e-07
3.641820910455227533e+01 7.207724958780541651e-07
3.645822911455727677e+01 7.153056401723302071e-07
3.649824912456227821e+01 7.099264201623981217e-07
3.653826913456727965e+01 7.046325143169848135e-07
3.657828914457228819e+01 6.994216866795078565e-07
3.661830915457728963e+01 6.942917828542213031e-07
3.665832916458229107e+01 6.892407262221579315e-07
3.669834917458729251e+01 6.842665143710889783e-07
3.673836918459229395e+01 6.793672157249880829e-07
3.677838919459729539e+01 6.745409663596710615e-07
3.681840920460229682e+01 6.697859669923553679e-07
3.685842921460730537e+01 6.651004801338181171e-07
3.689844922461230681e+01 6.604828273927233652e-07
3.693846923461730825e+01 6.559313869224650127e-07
3.697848924462230968e+01 6.514445910016014148e-07
3.701850925462731112e+01 6.470209237396109510e-07
3.705852926463231256e+01 6.426589189002962365e-07
3.709854927463732110e+01 6.383571578357168157e-07
3.713856928464232254e+01 6.341142675240344810e-07
3.717858929464732398e+01 6.299289187051093700e-07
3.721860930465232542e+01 6.257998241081199463e-07
3.725862931465732686e+01 6.217257367658683312e-07
3.729864932466232830e+01 6.177054484107818579e-07
3.733866933466732974e+01 6.137377879479667775e-07
3.737868934467233828e+01 6.098216200009679907e-07
3.741870935467733972e+01 6.059558435261820709e-07
3.745872936468234116e+01 6.021393904921046238e-07
3.749874937468734259e+01 5.983712246198879040e-07
3.753876938469234403e+01 5.946503401818469196e-07
3.757878939469734547e+01 5.909757608548083791e-07
3.761880940470234691e+01 5.873465386253727001e-07
3.765882941470735545e+01 5.837617527443303977e-07
3.769884942471235689e+01 5.802205087276648623e-07
3.773886943471735833e+01 5.767219374016997412e-07
3.777888944472235977e+01 5.732651939901244767e-07
3.781890945472736121e+01 5.698494572407462185e-07
3.785892946473236265e+01 5.664739285899425371e-07
3.789894947473736408e+01 5.631378313629241493e-07
3.793896948474237263e+01 5.598404100080084524e-07
3.797898949474737407e+01 5.565809293632165753e-07
3.801900950475237551e+01 5.533586739535968690e-07
3.805902951475737694e+01 5.501729473177802446e-07
3.809904952476237838e+01 5.470230713623387318e-07
3.813906953476737982e+01 5.439083857426127597e-07
3.817908954477238836e+01 5.408282472687373490e-07
3.821910955477738980e+01 5.377820293356733240e-07
3.825912956478239124e+01 5.347691213761064030e-07
3.829914957478739268e+01 5.317889283351494455e-07
3.833916958479239412e+01 5.288408701658257002e-07
3.837918959479739556e+01 5.259243813443837413e-07
3.841920960480239700e+01 5.230389104045237917e-07
3.845922961480740554e+01 5.201839194896800354e-07
3.849924962481240698e+01 5.173588839225436512e-07
3.853926963481740842e+01 5.145632917910430604e-07
3.857928964482240985e+01 5.117966435500574939e-07
3.861930965482741129e+01 5.090584516381577719e-07
3.865932966483241273e+01 5.063482401087186898e-07
3.869934967483741417e+01 5.036655442747668922e-07
3.873936968484242271e+01 5.010099103669734266e-07
3.877938969484742415e+01 4.983808952042209247e-07
3.881940970485242559e+01 4.957780658762019347e-07
3.885942971485742703e+01 4.932009994375410298e-07
3.889944972486242847e+01 4.906492826129488863e-07
3.893946973486742991e+01 4.881225115129430978e-07
3.897948974487243845e+01 4.856202913596949501e-07
3.901950975487743989e+01 4.831422362225817117e-07
3.905952976488244133e+01 4.806879687630377580e-07
3.909954977488744277e+01 4.782571199883293989e-07
3.913956978489244420e+01 4.758493290138854282e-07
3.917958979489744564e+01 4.734642428338344151e-07
3.921960980490244708e+01 4.711015160994208859e-07
3.925962981490745562e+01 4.687608109049800562e-07
3.929964982491245706e+01 4.664417965811766119e-07
3.933966983491745850e+01 4.641441494952100187e-07
3.937968984492245994e+01 4.618675528577184860e-07
3.941970985492746138e+01 4.596116965361186866e-07
3.945972986493246282e+01 4.573762768741274409e-07
3.949974987493746426e+01 4.551609965172268724e-07
3.953976988494247280e+01 4.529655642438453414e-07
3.957978989494747424e+01 4.507896948020347756e-07
3.961980990495247568e+01 4.486331087514333802e-07
3.965982991495747711e+01 4.464955323103145698e-07
3.969984992496247855e+01 4.443766972075328084e-07
3.973986993496747999e+01 4.422763405391790063e-07
3.977988994497248854e+01 4.401942046297710375e-07
3.981990995497748997e+01 4.381300368978158461e-07
3.985992996498249141e+01 4.360835897255735252e-07
3.989994997498749285e+01 4.340546203328774658e-07
3.993996998499249429e+01 4.320428906548593803e-07
3.997998999499749573e+01 4.300481672234355762e-07
4.002001000500249717e+01 4.280702210524235063e-07
4.006003001500750571e+01 4.261088275261549783e-07
4.010005002501250715e+01 4.241637662914621947e-07
4.014007003501750859e+01 4.222348211529158187e-07
4.018009004502251003e+01 4.203217799712039430e-07
4.022011005502751146e+01 4.184244345645362374e-07
4.026013006503251290e+01 4.165425806129733767e-07
4.030015007503751434e+01 4.146760175655738605e-07
4.034017008504252289e+01 4.128245485502673778e-07
4.038019009504752432e+01 4.109879802863555095e-07
4.042021010505252576e+01 4.091661229995530003e-07
4.046023011505752720e+01 4.073587903394796028e-07
4.050025012506252864e+01 4.055657992995266317e-07
4.054027013506753008e+01 4.037869701390094472e-07
4.058029014507253862e+01 4.020221263075341369e-07
4.062031015507754006e+01 4.002710943715058662e-07
4.066033016508254150e+01 3.985337039427002845e-07
4.070035017508754294e+01 3.968097876088416040e-07
4.074037018509254438e+01 3.950991808661098506e-07
4.078039019509754581e+01 3.934017220535201095e-07
4.082041020510254725e+01 3.917172522891138389e-07
4.086043021510755580e+01 3.900456154078990957e-07
4.090045022511255723e+01 3.883866579014872615e-07
4.094047023511755867e+01 3.867402288593680373e-07
4.098049024512256011e+01 3.851061799117751645e-07
4.102051025512756155e+01 3.834843651740882946e-07
4.106053026513256299e+01 3.818746411927236244e-07
4.110055027513756443e+01 3.802768668924675577e-07
4.114057028514257297e+01 3.786909035252053778e-07
4.118059029514757441e+01 3.771166146200066543e-07
4.122061030515257585e+01 3.755538659345176756e-07
4.126063031515757729e+01 3.740025254076269178e-07
4.130065032516257872e+01 3.724624631133625244e-07
4.134067033516758016e+01 3.709335512159833601e-07
4.138069034517258160e+01 3.694156639262260006e-07
4.142071035517759015e+01 3.679086774586771111e-07
4.146073036518259158e+01 3.664124699902317745e-07
4.150075037518759302e+01 3.649269216196090220e-07
4.154077038519259446e+01 3.634519143278906858e-07
4.158079039519759590e+01 3.619873319400547214e-07
4.162081040520259734e+01 3.605330600874727706e-07
4.166083041520760588e+01 3.590889861713422673e-07
4.170085042521260732e+01 3.576549993270294204e-07
4.174087043521760876e+01 3.562309903892898298e-07
4.178089044522261020e+01 3.548168518583495810e-07
4.182091045522761164e+01 3.534124778668126736e-07
4.186093046523261307e+01 3.520177641473810728e-07
4.190095047523761451e+01 3.506326080013547709e-07
4.194097048524262306e+01 3.492569082678923798e-07
4.198099049524762449e+01 3.478905652940168473e-07
4.202101050525262593e+01 3.465334809053341631e-07
4.206103051525762737e+01 3.451855583774537792e-07
4.210105052526262881e+01 3.438467024080868680e-07
4.214107053526763025e+01 3.425168190898049487e-07
4.218109054527263169e+01 3.411958158834389236e-07
4.222111055527764023e+01 3.398836015921021656e-07
4.226113056528264167e+01 3.385800863358209814e-07
4.230115057528764311e+01 3.372851815267521218e-07
4.234117058529264455e+01 3.359987998449762210e-07
4.238119059529764598e+01 3.347208552148484249e-07
4.242121060530264742e+01 3.334512627818896914e-07
4.246123061530765597e+01 3.321899388902089153e-07
4.250125062531265741e+01 3.309368010604370847e-07
4.254127063531765884e+01 3.296917679681610280e-07
4.258129064532266028e+01 3.284547594228438348e-07
4.262131065532766172e+01 3.272256963472199846e-07
4.266133066533266316e+01 3.260045007571496219e-07
4.270135067533766460e+01 3.247910957419226571e-07
4.274137068534267314e+01 3.235854054449989849e-07
4.278139069534767458e+01 3.223873550451763476e-07
4.282141070535267602e+01 3.211968707381691154e-07
4.286143071535767746e+01 3.200138797185931135e-07
4.290145072536267890e+01 3.188383101623431012e-07
4.294147073536768033e+01 3.176700912093533756e-07
4.298149074537268177e+01 3.165091529467300099e-07
4.302151075537769032e+01 3.153554263922488519e-07
4.306153076538269175e+01 3.142088434782075821e-07
4.310155077538769319e+01 3.130693370356197081e-07
4.314157078539269463e+01 3.119368407787507605e-07
4.318159079539769607e+01 3.108112892899777383e-07
4.322161080540269751e+01 3.096926180049707432e-07
4.326163081540770605e+01 3.085807631981860056e-07
4.330165082541270749e+01 3.074756619686634186e-07
4.334167083541770893e+01 3.063772522261193152e-07
4.338169084542271037e+01 3.052854726773302555e-07
4.342171085542771181e+01 3.042002628127965985e-07
4.346173086543271324e+01 3.031215628936844834e-07
4.350175087543771468e+01 3.020493139390323497e-07
4.354177088544272323e+01 3.009834577132228969e-07
4.358179089544772467e+01 2.999239367137088353e-07
4.362181090545272610e+01 2.988706941589870833e-07
4.366183091545772754e+01 2.978236739768192386e-07
4.370185092546272898e+01 2.967828207926866254e-07
4.374187093546773042e+01 2.957480799184787514e-07
4.378189094547273186e+01 2.947193973414077113e-07
4.382191095547774040e+01 2.936967197131439837e-07
4.386193096548274184e+01 2.926799943391674792e-07
4.390195097548774328e+01 2.916691691683291837e-07
4.394197098549274472e+01 2.906641927826188937e-07
4.398199099549774616e+01 2.896650143871335411e-07
4.402201100550274759e+01 2.886715838002422932e-07
4.406203101550775614e+01 2.876838514439428180e-07
4.410205102551275758e+01 2.867017683344054320e-07
4.414207103551775901e+01 2.857252860726985129e-07
4.418209104552276045e+01 2.847543568356953361e-07
4.422211105552776189e+01 2.837889333671526475e-07
4.426213106553276333e+01 2.828289689689629833e-07
4.430215107553776477e+01 2.818744174925709974e-07
4.434217108554277331e+01 2.809252333305543768e-07
4.438219109554777475e+01 2.799813714083637887e-07
4.442221110555277619e+01 2.790427871762185749e-07
4.446223111555777763e+01 2.781094366011543298e-07
4.450225112556277907e+01 2.771812761592198214e-07
4.454227113556778050e+01 2.762582628278200252e-07
4.458229114557278194e+01 2.753403540782004007e-07
4.462231115557779049e+01 2.744275078680698169e-07
4.466233116558279193e+01 2.735196826343632381e-07
4.470235117558779336e+01 2.726168372861322588e-07
4.474237118559279480e+01 2.717189311975702105e-07
4.478239119559779624e+01 2.708259242011624716e-07
4.482241120560279768e+01 2.699377765809625604e-07
4.486243121560779912e+01 2.690544490659887726e-07
4.490245122561280766e+01 2.681759028237417321e-07
4.494247123561780910e+01 2.673020994538385148e-07
4.498249124562281054e+01 2.664330009817592162e-07
4.502251125562781198e+01 2.655685698527073389e-07
4.506253126563281342e+01 2.647087689255792359e-07
4.510255127563781485e+01 2.638535614670402265e-07
4.514257128564282340e+01 2.630029111457048448e-07
4.518259129564782484e+01 2.621567820264228085e-07
4.522261130565282627e+01 2.613151385646608612e-07
4.526263131565782771e+01 2.604779456009871581e-07
4.530265132566282915e+01 2.596451683556496203e-07
4.534267133566783059e+01 2.588167724232497385e-07
4.538269134567283203e+01 2.579927237675081742e-07
4.542271135567784057e+01 2.571729887161212049e-07
4.546273136568284201e+01 2.563575339557061081e-07
4.550275137568784345e+01 2.555463265268321482e-07
4.554277138569284489e+01 2.547393338191375376e-07
4.558279139569784633e+01 2.539365235665302538e-07
4.562281140570284776e+01 2.531378638424692720e-07
4.566283141570784920e+01 2.523433230553265300e-07
4.570285142571285775e+01 2.515528699438263442e-07
4.574287143571785919e+01 2.507664735725635464e-07
4.578289144572286062e+01 2.499841033275946246e-07
4.582291145572786206e+01 2.492057289121035610e-07
4.586293146573286350e+01 2.484313203421400917e-07
4.590295147573786494e+01 2.476608479424291173e-07
4.594297148574287348e+01 2.468942823422484047e-07
4.598299149574787492e+01 2.461315944713756942e-07
4.602301150575287636e+01 2.453727555561010793e-07
4.606303151575787780e+01 2.446177371153064621e-07
4.610305152576287924e+01 2.438665109566075829e-07
4.614307153576788068e+01 2.431190491725598951e-07
4.618309154577288211e+01 2.423753241369261670e-07
4.622311155577789066e+01 2.416353085010036416e-07
4.626313156578289210e+01 2.408989751900116526e-07
4.630315157578789353e+01 2.401662973995367327e-07
4.634317158579289497e+01 2.394372485920346859e-07
4.638319159579789641e+01 2.387118024933888800e-07
4.642321160580289785e+01 2.379899330895239684e-07
4.646323161580789929e+01 2.372716146230721799e-07
4.650325162581290783e+01 2.365568215900933686e-07
4.654327163581790927e+01 2.358455287368472104e-07
4.658329164582291071e+01 2.351377110566148432e-07
4.662331165582791215e+01 2.344333437865720456e-07
4.666333166583291359e+01 2.337324024047104038e-07
4.670335167583791502e+01 2.330348626268066550e-07
4.674337168584292357e+01 2.323407004034394629e-07
4.678339169584792501e+01 2.316498919170525699e-07
4.682341170585292645e+01 2.309624135790623911e-07
4.686343171585792788e+01 2.302782420270115863e-07
4.690345172586292932e+01 2.295973541217663081e-07
4.694347173586793076e+01 2.289197269447542911e-07
4.698349174587293220e+01 2.282453377952483389e-07
4.702351175587794074e+01 2.275741641876885874e-07
4.706353176588294218e+01 2.269061838490472801e-07
4.710355177588794362e+01 2.262413747162319499e-07
4.714357178589294506e+01 2.255797149335287825e-07
4.718359179589794650e+01 2.249211828500845204e-07
4.722361180590294794e+01 2.242657570174253437e-07
4.726363181590794937e+01 2.236134161870140012e-07
4.730365182591295792e+01 2.229641393078421192e-07
4.734367183591795936e+01 2.223179055240600178e-07
4.738369184592296079e+01 2.216746941726399059e-07
4.742371185592796223e+01 2.210344847810747841e-07
4.746373186593296367e+01 2.203972570651110958e-07
4.750375187593796511e+01 2.197629909265144136e-07
4.754377188594297365e+01 2.191316664508683710e-07
4.758379189594797509e+01 2.185032639054055435e-07
4.762381190595297653e+01 2.178777637368695902e-07
4.766383191595797797e+01 2.172551465694092919e-07
4.770385192596297941e+01 2.166353932025026319e-07
4.774387193596798085e+01 2.160184846089106821e-07
4.778389194597298228e+01 2.154044019326615591e-07
4.782391195597799083e+01 2.147931264870630461e-07
4.786393196598299227e+01 2.141846397527435649e-07
4.790395197598799371e+01 2.135789233757218933e-07
4.794397198599299514e+01 2.129759591655028769e-07
4.798399199599799658e+01 2.123757290932023885e-07
4.802401200600299802e+01 2.117782152896968266e-07
4.806403201600799946e+01 2.111834000437999026e-07
4.810405202601300800e+01 2.105912658004648407e-07
4.814407203601800944e+01 2.100017951590122520e-07
4.818409204602301088e+01 2.094149708713819911e-07
4.822411205602801232e+01 2.088307758404101059e-07
4.826413206603301376e+01 2.082491931181299539e-07
4.830415207603801520e+01 2.076702059040964802e-07
4.834417208604301663e+01 2.070937975437336822e-07
4.838419209604802518e+01 2.065199515267058455e-07
4.842421210605302662e+01 2.059486514853099537e-07
4.846423211605802805e+01 2.053798811928912084e-07
4.850425212606302949e+01 2.048136245622796174e-07
4.854427213606803093e+01 2.042498656442488980e-07
4.858429214607303237e+01 2.036885886259948617e-07
4.862431215607804091e+01 2.031297778296364306e-07
4.866433216608304235e+01 2.025734177107356853e-07
4.870435217608804379e+01 2.020194928568378982e-07
4.874437218609304523e+01 2.014679879860318682e-07
4.878439219609804667e+01 2.009188879455300555e-07
4.882441220610304811e+01 2.003721777102662655e-07
4.886443221610804954e+01 1.998278423815135031e-07
4.890445222611305809e+01 1.992858671855200107e-07
4.894447223611805953e+01 1.987462374721628309e-07
4.898449224612306097e+01 1.982089387136199757e-07
4.902451225612806240e+01 1.976739565030599080e-07
4.906453226613306384e+01 1.971412765533487311e-07
4.910455227613806528e+01 1.966108846957730218e-07
4.914457228614306672e+01 1.960827668787821983e-07
4.918459229614807526e+01 1.955569091667438317e-07
4.922461230615307670e+01 1.950332977387190480e-07
4.926463231615807814e+01 1.945119188872502125e-07
4.930465232616307958e+01 1.939927590171675394e-07
4.934467233616808102e+01 1.934758046444090428e-07
4.938469234617308246e+01 1.929610423948568723e-07
4.942471235617809100e+01 1.924484590031884715e-07
4.946473236618309244e+01 1.919380413117424536e-07
4.950475237618809388e+01 1.914297762693986393e-07
4.954477238619309531e+01 1.909236509304731542e-07
4.958479239619809675e+01 1.904196524536277425e-07
4.962481240620309819e+01 1.899177681007919700e-07
4.966483241620809963e+01 1.894179852361001184e-07
4.970485242621310817e+01 1.889202913248411028e-07
4.974487243621810961e+01 1.884246739324226826e-07
4.978489244622311105e+01 1.879311207233464987e-07
4.982491245622811249e+01 1.874396194601983576e-07
4.986493246623311393e+01 1.869501580026500821e-07
4.990495247623811537e+01 1.864627243064741739e-07
4.994497248624311680e+01 1.859773064225705727e-07
4.998499249624812535e+01 1.854938924960055650e-07
5.002501250625312679e+01 1.850124707650634516e-07
5.006503251625812823e+01 1.845330295603084843e-07
5.010505252626312966e+01 1.840555573036596952e-07
5.014507253626813110e+01 1.835800425074764707e-07
5.018509254627313254e+01 1.831064737736560386e-07
5.022511255627814108e+01 1.826348397927414628e-07
5.026513256628314252e+01 1.821651293430407816e-07
5.030515257628814396e+01 1.816973312897569203e-07
5.034517258629314540e+01 1.812314345841278992e-07
5.038519259629814684e+01 1.807674282625786097e-07
5.042521260630314828e+01 1.803053014458813518e-07
5.046523261630814972e+01 1.798450433383277005e-07
5.050525262631315826e+01 1.793866432269100603e-07
5.054527263631815970e+01 1.789300904805131457e-07
5.058529264632316114e+01 1.784753745491142231e-07
5.062531265632816257e+01 1.780224849629952646e-07
5.066533266633316401e+01 1.775714113319616131e-07
5.070535267633816545e+01 1.771221433445725318e-07
5.074537268634316689e+01 1.766746707673794838e-07
5.078539269634817543e+01 1.762289834441736490e-07
5.082541270635317687e+01 1.757850712952430233e-07
5.086543271635817831e+01 1.753429243166372999e-07
5.090545272636317975e+01 1.749025325794425446e-07
5.094547273636818119e+01 1.744638862290635995e-07
5.098549274637318263e+01 1.740269754845150376e-07
5.102551275637819117e+01 1.735917906377207723e-07
5.106553276638319261e+01 1.731583220528220842e-07
5.110555277638819405e+01 1.727265601654925304e-07
5.114557278639319549e+01 1.722964954822619593e-07
5.118559279639819692e+01 1.718681185798484929e-07
5.122561280640319836e+01 1.714414201044971258e-07
5.126563281640819980e+01 1.710163907713271139e-07
5.130565282641320835e+01 1.705930213636864811e-07
5.134567283641820978e+01 1.701713027325132781e-07
5.138569284642321122e+01 1.697512257957058655e-07
5.142571285642821266e+01 1.693327815374988895e-07
5.146573286643321410e+01 1.689159610078463766e-07
5.150575287643821554e+01 1.685007553218133790e-07
5.154577288644321698e+01 1.680871556589728606e-07
5.158579289644822552e+01 1.676751532628104181e-07
5.162581290645322696e+01 1.672647394401355401e-07
5.166583291645822840e+01 1.668559055604990867e-07
5.170585292646322984e+01 1.664486430556183397e-07
5.174587293646823127e+01 1.660429434188074518e-07
5.178589294647323271e+01 1.656387982044146467e-07
5.182591295647823415e+01 1.652361990272664591e-07
5.186593296648324269e+01 1.648351375621169784e-07
5.190595297648824413e+01 1.644356055431041063e-07
5.194597298649324557e+01 1.640375947632116115e-07
5.198599299649824701e+01 1.636410970737372196e-07
5.202601300650324845e+01 1.632461043837664200e-07
5.206603301650824989e+01 1.628526086596522293e-07
5.210605302651325843e+01 1.624606019245006449e-07
5.214607303651825987e+01 1.620700762576626902e-07
5.218609304652326131e+01 1.616810237942295033e-07
5.222611305652826275e+01 1.612934367245362142e-07
5.226613306653326418e+01 1.609073072936688653e-07
5.230615307653826562e+01 1.605226278009777916e-07
5.234617308654326706e+01 1.601393905995963467e-07
5.238619309654827561e+01 1.597575880959637057e-07
5.242621310655327704e+01 1.593772127493549737e-07
5.246623311655827848e+01 1.589982570714142854e-07
5.250625312656327992e+01 1.586207136256937546e-07
5.254627313656828136e+01 1.582445750271981671e-07
5.258629314657328280e+01 1.578698339419332215e-07
5.262631315657828424e+01 1.574964830864594601e-07
5.266633316658329278e+01 1.571245152274510177e-07
5.270635317658829422e+01 1.567539231812586853e-07
5.274637318659329566e+01 1.563846998134776581e-07
5.278639319659829710e+01 1.560168380385204724e-07
5.282641320660329853e+01 1.556503308191937537e-07
5.286643321660829997e+01 1.552851711662798885e-07
5.290645322661330852e+01 1.549213521381230631e-07
5.294647323661830995e+01 1.545588668402194587e-07
5.298649324662331139e+01 1.541977084248122372e-07
5.302651325662831283e+01 1.538378700904902329e-07
5.306653326663331427e+01 1.534793450817911970e-07
5.310655327663831571e+01 1.531221266888093302e-07
5.314657328664331715e+01 1.527662082468062033e-07
5.318659329664832569e+01 1.524115831358270250e-07
5.322661330665332713e+01 1.520582447803195032e-07
5.326663331665832857e+01 1.517061866487575246e-07
5.330665332666333001e+01 1.513554022532685920e-07
5.334667333666833144e+01 1.510058851492651274e-07
5.338669334667333288e+01 1.506576289350791092e-07
5.342671335667833432e+01 1.503106272516014742e-07
5.346673336668334287e+01 1.499648737819240615e-07
5.350675337668834430e+01 1.496203622509864786e-07
5.354677338669334574e+01 1.492770864252252715e-07
5.358679339669834718e+01 1.489350401122277522e-07
5.362681340670334862e+01 1.485942171603885275e-07
5.366683341670835006e+01 1.482546114585708708e-07
5.370685342671335860e+01 1.479162169357695236e-07
5.374687343671836004e+01 1.475790275607787115e-07
5.378689344672336148e+01 1.472430373418626486e-07
5.382691345672836292e+01 1.469082403264296413e-07
5.386693346673336436e+01 1.465746306007089983e-07
5.390695347673836579e+01 1.462422022894325197e-07
5.394697348674336723e+01 1.459109495555173361e-07
5.398699349674837578e+01 1.455808665997530094e-07
5.402701350675337721e+01 1.452519476604925511e-07
5.406703351675837865e+01 1.449241870133443668e-07
5.410705352676338009e+01 1.445975789708692303e-07
5.414707353676838153e+01 1.442721178822792693e-07
5.418709354677338297e+01 1.439477981331406569e-07
5.422711355677838441e+01 1.436246141450783937e-07
5.426713356678339295e+01 1.433025603754844528e-07
5.430715357678839439e+01 1.429816313172293907e-07
5.434717358679339583e+01 1.426618214983754155e-07
5.438719359679839727e+01 1.423431254818937689e-07
5.442721360680339870e+01 1.420255378653836964e-07
5.446723361680840014e+01 1.417090532807949646e-07
5.450725362681340869e+01 1.413936663941528670e-07
5.454727363681841013e+01 1.410793719052858760e-07
5.458729364682341156e+01 1.407661645475556515e-07
5.462731365682841300e+01 1.404540390875902518e-07
5.466733366683341444e+01 1.401429903250194092e-07
5.470735367683841588e+01 1.398330130922131415e-07
5.474737368684341732e+01 1.395241022540216326e-07
5.478739369684842586e+01 1.392162527075189793e-07
5.482741370685342730e+01 1.389094593817487106e-07
5.486743371685842874e+01 1.386037172374715042e-07
5.490745372686343018e+01 1.382990212669158675e-07
5.494747373686843162e+01 1.379953664935313337e-07
5.498749374687343305e+01 1.376927479717431396e-07
5.502751375687843449e+01 1.373911607867103186e-07
5.506753376688344304e+01 1.370906000540850105e-07
5.510755377688844447e+01 1.367910609197756634e-07
5.514757378689344591e+01 1.364925385597101022e-07
5.518759379689844735e+01 1.361950281796035214e-07
5.522761380690344879e+01 1.358985250147262921e-07
5.526763381690845023e+01 1.356030243296761363e-07
5.530765382691345167e+01 1.353085214181504342e-07
5.534767383691846021e+01 1.350150116027218928e-07
5.538769384692346165e+01 1.347224902346163318e-07
5.542771385692846309e+01 1.344309526934918730e-07
5.546773386693346453e+01 1.341403943872209086e-07
5.550775387693846596e+01 1.338508107516733669e-07
5.554777388694346740e+01 1.335621972505028623e-07
5.558779389694847595e+01 1.332745493749341172e-07
5.562781390695347739e+01 1.329878626435528711e-07
5.566783391695847882e+01 1.327021326020975103e-07
5.570785392696348026e+01 1.324173548232521804e-07
5.574787393696848170e+01 1.321335249064427043e-07
5.578789394697348314e+01 1.318506384776340350e-07
5.582791395697848458e+01 1.315686911891291122e-07
5.586793396698349312e+01 1.312876787193702862e-07
5.590795397698849456e+01 1.310075967727421701e-07
5.594797398699349600e+01 1.307284410793760028e-07
5.598799399699849744e+01 1.304502073949566567e-07
5.602801400700349888e+01 1.301728915005308652e-07
5.606803401700850031e+01 1.298964892023166659e-07
5.610805402701350175e+01 1.296209963315160217e-07
5.614807403701851030e+01 1.293464087441276523e-07
5.618809404702351173e+01 1.290727223207626201e-07
5.622811405702851317e+01 1.287999329664609202e-07
5.626813406703351461e+01 1.285280366105097925e-07
5.630815407703851605e+01 1.282570292062647063e-07
5.634817408704351749e+01 1.279869067309699481e-07
5.638819409704852603e+01 1.277176651855829682e-07
5.642821410705352747e+01 1.274493005945989392e-07
5.646823411705852891e+01 1.271818090058771403e-07
5.650825412706353035e+01 1.269151864904695659e-07
5.654827413706853179e+01 1.266494291424496129e-07
5.658829414707353322e+01 1.263845330787446328e-07
5.662831415707853466e+01 1.261204944389668433e-07
5.666833416708354321e+01 1.258573093852491621e-07
5.670835417708854465e+01 1.255949741020796386e-07
5.674837418709354608e+01 1.253334847961390621e-07
5.678839419709854752e+01 1.250728376961394428e-07
5.682841420710354896e+01 1.248130290526634198e-07
5.686843421710855040e+01 1.245540551380065809e-07
5.690845422711355184e+01 1.242959122460193846e-07
5.694847423711856038e+01 1.240385966919515710e-07
5.698849424712356182e+01 1.237821048122979224e-07
5.702851425712856326e+01 1.235264329646446590e-07
5.706853426713356470e+01 1.232715775275178204e-07
5.710855427713856614e+01 1.230175349002331019e-07
5.714857428714356757e+01 1.227643015027461157e-07
5.718859429714857612e+01 1.225118737755050065e-07
5.722861430715357756e+01 1.222602481793035182e-07
5.726863431715857899e+01 1.220094211951362304e-07
5.730865432716358043e+01 1.217593893240538484e-07
5.734867433716858187e+01 1.215101490870205836e-07
5.738869434717358331e+01 1.212616970247731232e-07
5.742871435717858475e+01 1.210140296976796777e-07
5.746873436718359329e+01 1.207671436856007508e-07
5.750875437718859473e+01 1.205210355877519193e-07
5.754877438719359617e+01 1.202757020225665348e-07
5.758879439719859761e+01 1.200311396275600924e-07
5.762881440720359905e+01 1.197873450591962144e-07
5.766883441720860048e+01 1.195443149927528186e-07
5.770885442721360192e+01 1.193020461221906171e-07
5.774887443721861047e+01 1.190605351600214947e-07
5.778889444722361191e+01 1.188197788371790721e-07
5.782891445722861334e+01 1.185797739028898244e-07
5.786893446723361478e+01 1.183405171245449409e-07
5.790895447723861622e+01 1.181020052875744214e-07
5.794897448724361766e+01 1.178642351953209086e-07
5.798899449724862620e+01 1.176272036689154911e-07
5.802901450725362764e+01 1.173909075471542356e-07
5.806903451725862908e+01 1.171553436863757774e-07
5.810905452726363052e+01 1.169205089603397577e-07
5.814907453726863196e+01 1.166864002601067966e-07
5.818909454727363340e+01 1.164530144939188099e-07
5.822911455727863483e+01 1.162203485870807819e-07
5.826913456728364338e+01 1.159883994818435040e-07
5.830915457728864482e+01 1.157571641372871215e-07
5.834917458729364625e+01 1.155266395292054995e-07
5.838919459729864769e+01 1.152968226499921391e-07
5.842921460730364913e+01 1.150677105085261845e-07
5.846923461730865057e+01 1.148393001300604961e-07
5.850925462731365201e+01 1.146115885561091668e-07
5.854927463731866055e+01 1.143845728443376594e-07
5.858929464732366199e+01 1.141582500684523746e-07
5.862931465732866343e+01 1.139326173180921115e-07
5.866933466733366487e+01 1.137076716987197538e-07
5.870935467733866631e+01 1.134834103315154370e-07
5.874937468734366774e+01 1.132598303532699817e-07
5.878939469734866918e+01 1.130369289162799803e-07
5.882941470735367773e+01 1.128147031882425534e-07
5.886943471735867917e+01 1.125931503521526600e-07
5.890945472736368060e+01 1.123722676061994155e-07
5.894947473736868204e+01 1.121520521636644744e-07
5.898949474737368348e+01 1.119325012528207698e-07
5.902951475737868492e+01 1.117136121168324181e-07
5.906953476738369346e+01 1.114953820136548356e-07
5.910955477738869490e+01 1.112778082159363101e-07
5.914957478739369634e+01 1.110608880109198512e-07
5.918959479739869778e+01 1.108446187003462580e-07
5.922961480740369922e+01 1.106289976003576895e-07
5.926963481740870066e+01 1.104140220414019239e-07
5.930965482741370209e+01 1.101996893681378873e-07
5.934967483741871064e+01 1.099859969393412231e-07
5.938969484742371208e+01 1.097729421278111583e-07
5.942971485742871351e+01 1.095605223202782689e-07
5.946973486743371495e+01 1.093487349173119689e-07
5.950975487743871639e+01 1.091375773332301019e-07
5.954977488744371783e+01 1.089270469960080313e-07
5.958979489744871927e+01 1.087171413471895691e-07
5.962981490745372781e+01 1.085078578417973890e-07
5.966983491745872925e+01 1.082991939482453983e-07
5.970985492746373069e+01 1.080911471482509246e-07
5.974987493746873213e+01 1.078837149367476693e-07
5.978989494747373357e+01 1.076768948218001315e-07
5.982991495747873500e+01 1.074706843245174880e-07
5.986993496748374355e+01 1.072650809789692082e-07
5.990995497748874499e+01 1.070600823321007738e-07
5.994997498749374643e+01 1.068556859436502464e-07
5.998999499749874786e+01 1.066518893860653242e-07
6.003001500750374930e+01 1.064486902444214184e-07
6.007003501750875074e+01 1.062460861163397287e-07
6.011005502751375218e+01 1.060440746119066963e-07
6.015007503751876072e+01 1.058426533535935354e-07
6.019009504752376216e+01 1.056418199761767710e-07
6.023011505752876360e+01 1.054415721266589224e-07
6.027013506753376504e+01 1.052419074641903113e-07
6.031015507753876648e+01 1.050428236599911744e-07
6.035017508754376792e+01 1.048443183972744908e-07
6.039019509754876935e+01 1.046463893711693522e-07
6.043021510755377790e+01 1.044490342886448356e-07
6.047023511755877934e+01 1.042522508684348689e-07
6.051025512756378077e+01 1.040560368409629375e-07
6.055027513756878221e+01 1.038603899482681147e-07
6.059029514757378365e+01 1.036653079439312507e-07
6.063031515757878509e+01 1.034707885930020083e-07
6.067033516758379363e+01 1.032768296719256745e-07
6.071035517758879507e+01 1.030834289684720359e-07
6.075037518759379651e+01 1.028905842816631027e-07
6.079039519759879795e+01 1.026982934217026071e-07
6.083041520760379939e+01 1.025065542099053020e-07
6.087043521760880083e+01 1.023153644786272928e-07
6.091045522761380226e+01 1.021247220711967658e-07
6.095047523761881081e+01 1.019346248418448623e-07
6.099049524762381225e+01 1.017450706556377974e-07
6.103051525762881369e+01 1.015560573884087261e-07
6.107053526763381512e+01 1.013675829266905897e-07
6.111055527763881656e+01 1.011796451676493859e-07
6.115057528764381800e+01 1.009922420190178481e-07
6.119059529764881944e+01 1.008053713990299067e-07
6.123061530765382798e+01 1.006190312363550173e-07
6.127063531765882942e+01 1.004332194700336673e-07
6.131065532766383086e+01 1.002479340494131733e-07
6.135067533766883230e+01 1.000631729340833861e-07
6.139069534767383374e+01 9.987893409381394407e-08
6.143071535767883518e+01 9.969521550849099697e-08
6.147073536768384372e+01 9.951201516805488315e-08
6.151075537768884516e+01 9.932933107243840180e-08
6.155077538769384660e+01 9.914716123150503258e-08
6.159079539769884803e+01 9.896550366498808159e-08
6.163081540770384947e+01 9.878435640243007876e-08
6.167083541770885091e+01 9.860371748312267827e-08
6.171085542771385235e+01 9.842358495604696917e-08
6.175087543771886089e+01 9.824395687981409045e-08
6.179089544772386233e+01 9.806483132260675926e-08
6.183091545772886377e+01 9.788620636212053452e-08
6.187093546773386521e+01 9.770808008550605980e-08
6.191095547773886665e+01 9.753045058931145191e-08
6.195097548774386809e+01 9.735331597942547023e-08
6.199099549774886952e+01 9.717667437102042142e-08
6.203101550775387807e+01 9.700052388849613614e-08
6.207103551775887951e+01 9.682486266542415748e-08
6.211105552776388095e+01 9.664968884449207508e-08
6.215107553776888238e+01 9.647500057744874586e-08
6.219109554777388382e+01 9.630079602504943541e-08
6.223111555777888526e+01 9.612707335700158145e-08
6.227113556778388670e+01 9.595383075191113955e-08
6.231115557778889524e+01 9.578106639722877009e-08
6.235117558779389668e+01 9.560877848919722955e-08
6.239119559779889812e+01 9.543696523279810010e-08
6.243121560780389956e+01 9.526562484169992206e-08
6.247123561780890100e+01 9.509475553820616754e-08
6.251125562781390244e+01 9.492435555320337292e-08
6.255127563781891098e+01 9.475442312611038305e-08
6.259129564782391242e+01 9.458495650482714543e-08
6.263131565782891386e+01 9.441595394568449708e-08
6.267133566783391529e+01 9.424741371339391163e-08
6.271135567783891673e+01 9.407933408099782881e-08
6.275137568784391817e+01 9.391171332982011623e-08
6.279139569784891961e+01 9.374454974941736500e-08
6.283141570785392815e+01 9.357784163752964269e-08
6.287143571785892959e+01 9.341158730003279481e-08
6.291145572786393103e+01 9.324578505088991245e-08
6.295147573786893247e+01 9.308043321210392493e-08
6.299149574787393391e+01 9.291553011367020561e-08
6.303151575787893535e+01 9.275107409352965426e-08
6.307153576788393678e+01 9.258706349752189847e-08
6.311155577788894533e+01 9.242349667933907739e-08
6.315157578789394677e+01 9.226037200047982406e-08
6.319159579789894821e+01 9.209768783020356532e-08
6.323161580790394964e+01 9.193544254548500699e-08
6.327163581790895108e+01 9.177363453096941323e-08
6.331165582791395252e+01 9.161226217892766082e-08
6.335167583791896107e+01 9.145132388921184938e-08
6.339169584792396250e+01 9.129081806921124234e-08
6.343171585792896394e+01 9.113074313380840662e-08
6.347173586793396538e+01 9.097109750533585503e-08
6.351175587793896682e+01 9.081187961353272858e-08
6.355177588794396826e+01 9.065308789550188886e-08
6.359179589794896970e+01 9.049472079566747382e-08
6.363181590795397824e+01 9.033677676573251965e-08
6.367183591795897968e+01 9.017925426463697966e-08
6.371185592796398112e+01 9.002215175851607414e-08
6.375187593796898256e+01 8.986546772065862690e-08
6.379189594797398399e+01 8.970920063146627531e-08
6.383191595797898543e+01 8.955334897841232310e-08
6.387193596798398687e+01 8.939791125600140035e-08
6.391195597798899541e+01 8.924288596572897799e-08
6.395197598799399685e+01 8.908827161604166313e-08
6.399199599799899829e+01 8.893406672229699146e-08
6.403201600800400684e+01 8.878026980672429169e-08
6.407203601800900117e+01 8.862687939838566907e-08
6.411205602801400971e+01 8.847389403313641987e-08
6.415207603801900405e+01 8.832131225358721927e-08
6.419209604802401259e+01 8.816913260906478728e-08
6.423211605802900692e+01 8.801735365557469872e-08
6.427213606803401547e+01 8.786597395576281670e-08
6.431215607803902401e+01 8.771499207887802321e-08
6.435217608804401834e+01 8.756440660073467174e-08
6.439219609804902689e+01 8.741421610367563545e-08
6.443221610805402122e+01 8.726441917653532889e-08
6.447223611805902976e+01 8.711501441460311353e-08
6.451225612806402410e+01 8.696600041958704741e-08
6.455227613806903264e+01 8.681737579957752889e-08
6.459229614807404118e+01 8.666913916901173447e-08
6.463231615807903552e+01 8.652128914863784496e-08
6.467233616808404406e+01 8.637382436547958913e-08
6.471235617808903839e+01 8.622674345280101246e-08
6.475237618809404694e+01 8.608004505007190764e-08
6.479239619809904127e+01 8.593372780293287441e-08
6.483241620810404982e+01 8.578779036316073684e-08
6.487243621810905836e+01 8.564223138863468843e-08
6.491245622811405269e+01 8.549704954330210645e-08
6.495247623811906124e+01 8.535224349714467056e-08
6.499249624812405557e+01 8.520781192614507713e-08
6.503251625812906411e+01 8.506375351225334313e-08
6.507253626813405845e+01 8.492006694335423515e-08
6.511255627813906699e+01 8.477675091323398359e-08
6.515257628814407553e+01 8.463380412154769839e-08
6.519259629814906987e+01 8.449122527378715529e-08
6.523261630815407841e+01 8.434901308124823803e-08
6.527263631815907274e+01 8.420716626099916135e-08
6.531265632816408129e+01 8.406568353584848229e-08
6.535267633816907562e+01 8.392456363431381286e-08
6.539269634817408416e+01 8.378380529059006961e-08
6.543271635817909271e+01 8.364340724451851717e-08
6.547273636818408704e+01 8.350336824155578539e-08
6.551275637818909559e+01 8.336368703274303205e-08
6.555277638819408992e+01 8.322436237467535701e-08
6.559279639819909846e+01 8.308539302947154730e-08
6.563281640820410701e+01 8.294677776474380885e-08
6.567283641820910134e+01 8.280851535356786896e-08
6.571285642821410988e+01 8.267060457445306538e-08
6.575287643821910422e+01 8.253304421131295166e-08
6.579289644822411276e+01 8.239583305343582304e-08
6.583291645822910709e+01 8.225896989545540116e-08
6.587293646823411564e+01 8.212245353732198200e-08
6.591295647823912418e+01 8.198628278427365002e-08
6.595297648824411851e+01 8.185045644680746578e-08
6.599299649824912706e+01 8.171497334065126239e-08
6.603301650825412139e+01 8.157983228673491257e-08
6.607303651825912993e+01 8.144503211116293243e-08
6.611305652826412427e+01 8.131057164518610588e-08
6.615307653826913281e+01 8.117644972517377073e-08
6.619309654827414136e+01 8.104266519258644899e-08
6.623311655827913569e+01 8.090921689394856972e-08
6.627313656828414423e+01 8.077610368082082136e-08
6.631315657828913857e+01 8.064332440977377461e-08
6.635317658829414711e+01 8.051087794236049940e-08
6.639319659829914144e+01 8.037876314509020106e-08
6.643321660830414999e+01 8.024697888940160487e-08
6.647323661830915853e+01 8.011552405163669812e-08
6.651325662831415286e+01 7.998439751301452498e-08
6.655327663831916141e+01 7.985359815960512699e-08
6.659329664832415574e+01 7.972312488230386744e-08
6.663331665832916428e+01 7.959297657680562325e-08
6.667333666833415862e+01 7.946315214357942700e-08
6.671335667833916716e+01 7.933365048784292353e-08
6.675337668834417570e+01 7.920447051953742221e-08
6.679339669834917004e+01 7.907561115330279035e-08
6.683341670835417858e+01 7.894707130845243923e-08
6.687343671835917291e+01 7.881884990894899841e-08
6.691345672836418146e+01 7.869094588337916942e-08
6.695347673836917579e+01 7.856335816493003531e-08
6.699349674837418434e+01 7.843608569136420552e-08
6.703351675837919288e+01 7.830912740499632397e-08
6.707353676838418721e+01 7.818248225266857127e-08
6.711355677838919576e+01 7.805614918572709336e-08
6.715357678839419009e+01 7.793012715999860225e-08
6.719359679839919863e+01 7.780441513576646057e-08
6.723361680840420718e+01 7.767901207774769257e-08
6.727363681840920151e+01 7.755391695506975687e-08
6.731365682841421005e+01 7.742912874124714719e-08
6.735367683841920439e+01 7.730464641415887981e-08
6.739369684842421293e+01 7.718046895602566336e-08
6.743371685842920726e+01 7.705659535338718776e-08
6.747373686843421581e+01 7.693302459707951906e-08
6.751375687843922435e+01 7.680975568221303681e-08
6.755377688844421868e+01 7.668678760815013334e-08
6.759379689844922723e+01 7.656411937848295264e-08
6.763381690845422156e+01 7.644175000101185719e-08
6.767383691845923011e+01 7.631967848772314044e-08
6.771385692846422444e+01 7.619790385476797004e-08
6.775387693846923298e+01 7.607642512244024595e-08
6.779389694847424153e+01 7.595524131515550394e-08
6.783391695847923586e+01 7.583435146142991189e-08
6.787393696848424440e+01 7.571375459385859100e-08
6.791395697848923874e+01 7.559344974909511496e-08
6.795397698849424728e+01 7.547343596783021501e-08
6.799399699849924161e+01 7.535371229477154380e-08
6.803401700850425016e+01 7.523427777862251277e-08
6.807403701850925870e+01 7.511513147206216193e-08
6.811405702851425303e+01 7.499627243172483106e-08
6.815407703851926158e+01 7.487769971817952646e-08
6.819409704852425591e+01 7.475941239591030693e-08
6.823411705852926445e+01 7.464140953329595491e-08
6.827413706853425879e+01 7.452369020259020359e-08
6.831415707853926733e+01 7.440625347990199044e-08
6.835417708854427588e+01 7.428909844517592252e-08
6.839419709854927021e+01 7.417222418217256973e-08
6.843421710855427875e+01 7.405562977844922128e-08
6.847423711855927309e+01 7.393931432534060244e-08
6.851425712856428163e+01 7.382327691793963103e-08
6.855427713856927596e+01 7.370751665507846505e-08
6.859429714857428451e+01 7.359203263930952385e-08
6.863431715857929305e+01 7.347682397688670782e-08
6.867433716858428738e+01 7.336188977774668425e-08
6.871435717858929593e+01 7.324722915549025262e-08
6.875437718859429026e+01 7.313284122736405397e-08
6.879439719859929880e+01 7.301872511424193617e-08
6.883441720860429314e+01 7.290487994060688831e-08
6.887443721860930168e+01 7.279130483453278979e-08
6.891445722861431022e+01 7.267799892766658291e-08
6.895447723861930456e+01 7.256496135521016752e-08
6.899449724862431310e+01 7.245219125590236193e-08
6.903451725862930743e+01 7.233968777200172396e-08
6.907453726863431598e+01 7.222745004926853828e-08
6.911455727863932452e+01 7.211547723694747870e-08
6.915457728864431886e+01 7.200376848775019106e-08
6.919459729864932740e+01 7.189232295783778349e-08
6.923461730865432173e+01 7.178113980680408421e-08
6.927463731865933028e+01 7.167021819765807892e-08
6.931465732866432461e+01 7.155955729680731416e-08
6.935467733866933315e+01 7.144915627404065232e-08
6.939469734867434170e+01 7.133901430251174122e-08
6.943471735867933603e+01 7.122913055872233817e-08
6.947473736868434457e+01 7.111950422250542224e-08
6.951475737868933891e+01 7.101013447700912710e-08
6.955477738869434745e+01 7.090102050867989302e-08
6.959479739869934178e+01 7.079216150724657176e-08
6.963481740870435033e+01 7.068355666570402853e-08
6.967483741870935887e+01 7.057520518029703515e-08
6.971485742871435320e+01 7.046710625050436171e-08
6.975487743871936175e+01 7.035925907902251086e-08
6.979489744872435608e+01 7.025166287175047126e-08
6.983491745872936463e+01 7.014431683777355774e-08
6.987493746873435896e+01 7.003722018934782065e-08
6.991495747873936750e+01 6.993037214188469333e-08
6.995497748874437605e+01 6.982377191393528232e-08
6.999499749874937038e+01 6.971741872717520021e-08
7.003501750875437892e+01 6.961131180638917339e-08
7.007503751875937326e+01 6.950545037945591465e-08
7.011505752876438180e+01 6.939983367733286330e-08
7.015507753876937613e+01 6.929446093404152093e-08
7.019509754877438468e+01 6.918933138665213862e-08
7.023511755877939322e+01 6.908444427526913215e-08
7.027513756878438755e+01 6.897979884301615298e-08
7.031515757878939610e+01 6.887539433602159606e-08
7.035517758879439043e+01 6.877123000340390915e-08
7.039519759879939897e+01 6.866730509725695497e-08
7.043521760880439331e+01 6.856361887263600871e-08
7.047523761880940185e+01 6.846017058754302761e-08
7.051525762881441040e+01 6.835695950291248962e-08
7.055527763881940473e+01 6.825398488259749675e-08
7.059529764882441327e+01 6.815124599335505789e-08
7.063531765882940761e+01 6.804874210483303922e-08
7.067533766883441615e+01 6.794647248955514258e-08
7.071535767883942469e+01 6.784443642290802793e-08
7.075537768884441903e+01 6.774263318312687412e-08
7.079539769884942757e+01 6.764106205128203805e-08
7.083541770885442190e+01 6.753972231126550224e-08
7.087543771885943045e+01 6.743861324977680603e-08
7.091545772886442478e+01 6.733773415631040636e-08
7.095547773886943332e+01 6.723708432314158256e-08
7.099549774887444187e+01 6.713666304531353234e-08
7.103551775887943620e+01 6.703646962062412367e-08
7.107553776888444474e+01 6.693650334961239519e-08
7.111555777888943908e+01 6.683676353554604924e-08
7.115557778889444762e+01 6.673724948440792580e-08
7.119559779889944195e+01 6.663796050488345582e-08
7.123561780890445050e+01 6.653889590834743957e-08
7.127563781890945904e+01 6.644005500885163230e-08
7.131565782891445338e+01 6.634143712311186668e-08
7.135567783891946192e+01 6.624304157049532088e-08
7.139569784892445625e+01 6.614486767300811744e-08
7.143571785892946480e+01 6.604691475528269720e-08
7.147573786893445913e+01 6.594918214456555056e-08
7.151575787893946767e+01 6.585166917070457813e-08
7.155577788894447622e+01 6.575437516613727203e-08
7.159579789894947055e+01 6.565729946587791771e-08
7.163581790895447909e+01 6.556044140750592076e-08
7.167583791895947343e+01 6.546380033115359118e-08
7.171585792896448197e+01 6.536737557949390102e-08
7.175587793896947630e+01 6.527116649772883774e-08
7.179589794897448485e+01 6.517517243357738690e-08
7.183591795897949339e+01 6.507939273726380605e-08
7.187593796898448772e+01 6.498382676150572659e-08
7.191595797898949627e+01 6.488847386150254672e-08
7.195597798899449060e+01 6.479333339492391714e-08
7.199599799899949915e+01 6.469840472189802814e-08
7.203601800900449348e+01 6.460368720500024084e-08
7.207603801900950202e+01 6.450918020924158607e-08
7.211605802901451057e+01 6.441488310205736913e-08
7.215607803901950490e+01 6.432079525329606572e-08
7.219609804902451344e+01 6.422691603520784728e-08
7.223611805902950778e+01 6.413324482243359604e-08
7.227613806903451632e+01 6.403978099199357596e-08
7.231615807903951065e+01 6.394652392327677864e-08
7.235617808904451920e+01 6.385347299802934277e-08
7.239619809904952774e+01 6.376062760034420448e-08
7.243621810905452207e+01 6.366798711664992707e-08
7.247623811905953062e+01 6.357555093569990137e-08
7.251625812906452495e+01 6.348331844856167835e-08
7.255627813906953349e+01 6.339128904860622249e-08
7.259629814907454204e+01 6.329946213149727083e-08
7.263631815907953637e+01 6.320783709518090394e-08
7.267633816908454492e+01 6.311641333987474624e-08
7.271635817908953925e+01 6.302519026805784129e-08
7.275637818909454779e+01 6.293416728446002418e-08
7.279639819909954213e+01 6.284334379605162479e-08
7.283641820910455067e+01 6.275271921203321077e-08
7.287643821910955921e+01 6.266229294382533045e-08
7.291645822911455355e+01 6.257206440505842790e-08
7.295647823911956209e+01 6.248203301156244031e-08
7.299649824912455642e+01 6.239219818135726881e-08
7.303651825912956497e+01 6.230255933464207151e-08
7.307653826913455930e+01 6.221311589378593288e-08
7.311655827913956784e+01 6.212386728331755376e-08
7.315657828914457639e+01 6.203481292991562961e-08
7.319659829914957072e+01 6.194595226239903020e-08
7.323661830915457926e+01 6.185728471171680729e-08
7.327663831915957360e+01 6.176880971093890374e-08
7.331665832916458214e+01 6.168052669524612145e-08
7.335667833916957647e+01 6.159243510192097605e-08
7.339669834917458502e+01 6.150453437033762516e-08
7.343671835917959356e+01 6.141682394195288188e-08
7.347673836918458790e+01 6.132930326029656659e-08
7.351675837918959644e+01 6.124197177096196457e-08
7.355677838919459077e+01 6.115482892159689243e-08
7.359679839919959932e+01 6.106787416189399699e-08
7.363681840920459365e+01 6.098110694358190109e-08
7.367683841920960219e+01 6.089452672041562155e-08
7.371685842921461074e+01 6.080813294816788707e-08
7.375687843921960507e+01 6.072192508461972827e-08
7.379689844922461361e+01 6.063590258955146464e-08
7.383691845922960795e+01 6.055006492473392990e-08
7.387693846923461649e+01 6.046441155391927371e-08
7.391695847923961082e+01 6.037894194283233250e-08
7.395697848924461937e+01 6.029365555916147097e-08
7.399699849924962791e+01 6.020855187255011174e-08
7.403701850925462224e+01 6.012363035458778856e-08
7.407703851925963079e+01 6.003889047880149071e-08
7.411705852926462512e+01 5.995433172064696765e-08
7.415707853926963367e+01 5.986995355750019254e-08
7.419709854927464221e+01 5.978575546864877278e-08
7.423711855927963654e+01 5.970173693528342676e-08
7.427713856928464509e+01 5.961789744048942088e-08
7.431715857928963942e+01 5.953423646923835727e-08
7.435717858929464796e+01 5.945075350837945867e-08
7.439719859929964230e+01 5.936744804663158112e-08
7.443721860930465084e+01 5.928431957457465766e-08
7.447723861930965938e+01 5.920136758464153895e-08
7.451725862931465372e+01 5.911859157110990021e-08
7.455727863931966226e+01 5.903599103009377745e-08
7.459729864932465659e+01 5.895356545953576554e-08
7.463731865932966514e+01 5.887131435919860079e-08
7.467733866933465947e+01 5.878923723065761046e-08
7.471735867933966802e+01 5.870733357729209687e-08
7.475737868934467656e+01 5.862560290427787288e-08
7.479739869934967089e+01 5.854404471857920185e-08
7.483741870935467944e+01 5.846265852894073763e-08
7.487743871935967377e+01 5.838144384588006665e-08
7.491745872936468231e+01 5.830040018167948910e-08
7.495747873936967665e+01 5.821952705037861396e-08
7.499749874937468519e+01 5.813882396776641810e-08
7.503751875937969373e+01 5.805829045137382814e-08
7.507753876938468807e+01 5.797792602046581915e-08
7.511755877938969661e+01 5.789773019603390394e-08
7.515757878939469094e+01 5.781770250078874131e-08
7.519759879939969949e+01 5.773784245915241350e-08
7.523761880940469382e+01 5.765814959725110073e-08
7.527763881940970236e+01 5.757862344290750415e-08
7.531765882941471091e+01 5.749926352563359317e-08
7.535767883941970524e+01 5.742006937662323361e-08
7.539769884942471379e+01 5.734104052874469015e-08
7.543771885942970812e+01 5.726217651653361843e-08
7.547773886943471666e+01 5.718347687618554104e-08
7.551775887943971100e+01 5.710494114554895212e-08
7.555777888944471954e+01 5.702656886411778674e-08
7.559779889944972808e+01 5.694835957302455855e-08
7.563781890945472242e+01 5.687031281503324611e-08
7.567783891945973096e+01 5.679242813453197393e-08
7.571785892946472529e+01 5.671470507752643475e-08
7.575787893946973384e+01 5.663714319163239198e-08
7.579789894947472817e+01 5.655974202606918799e-08
7.583791895947973671e+01 5.648250113165247813e-08
7.587793896948474526e+01 5.640542006078752729e-08
7.591795897948973959e+01 5.632849836746241378e-08
7.595797898949474813e+01 5.625173560724098173e-08
7.599799899949974247e+01 5.617513133725637585e-08
7.603801900950475101e+01 5.609868511620396079e-08
7.607803901950975956e+01 5.602239650433498159e-08
7.611805902951475389e+01 5.594626506344954262e-08
7.615807903951976243e+01 5.587029035689019522e-08
7.619809904952475677e+01 5.579447194953528720e-08
7.623811905952976531e+01 5.571880940779227924e-08
7.627813906953475964e+01 5.564330229959135237e-08
7.631815907953976819e+01 5.556795019437882370e-08
7.635817908954477673e+01 5.549275266311067448e-08
7.639819909954977106e+01 5.541770927824623049e-08
7.643821910955477961e+01 5.534281961374140563e-08
7.647823911955977394e+01 5.526808324504283220e-08
7.651825912956478248e+01 5.519349974908109792e-08
7.655827913956977682e+01 5.511906870426463800e-08
7.659829914957478536e+01 5.504478969047338904e-08
7.663831915957979390e+01 5.497066228905254873e-08
7.667833916958478824e+01 5.489668608280648785e-08
7.671835917958979678e+01 5.482286065599222544e-08
7.675837918959479111e+01 5.474918559431372459e-08
7.679839919959979966e+01 5.467566048491531466e-08
7.683841920960479399e+01 5.460228491637605987e-08
7.687843921960980254e+01 5.452905847870328741e-08
7.691845922961481108e+01 5.445598076332676413e-08
7.695847923961980541e+01 5.438305136309273416e-08
7.699849924962481396e+01 5.431026987225778462e-08
7.703851925962980829e+01 5.423763588648301556e-08
7.707853926963481683e+01 5.416514900282809757e-08
7.711855927963981117e+01 5.409280881974542853e-08
7.715857928964481971e+01 5.402061493707417132e-08
7.719859929964982825e+01 5.394856695603460250e-08
7.723861930965482259e+01 5.387666447922218971e-08
7.727863931965983113e+01 5.380490711060169553e-08
7.731865932966482546e+01 5.373329445550186365e-08
7.735867933966983401e+01 5.366182612060922499e-08
7.739869934967482834e+01 5.359050171396271764e-08
7.743871935967983688e+01 5.351932084494795623e-08
7.747873936968484543e+01 5.344828312429157397e-08
7.751875937968983976e+01 5.337738816405563091e-08
7.755877938969484831e+01 5.330663557763210827e-08
7.759879939969984264e+01 5.323602497973729015e-08
7.763881940970485118e+01 5.316555598640624467e-08
7.767883941970985973e+01 5.309522821498746376e-08
7.771885942971485406e+01 5.302504128413722516e-08
7.775887943971986260e+01 5.295499481381425872e-08
7.779889944972485694e+01 5.288508842527430688e-08
7.783891945972986548e+01 5.281532174106479761e-08
7.787893946973485981e+01 5.274569438501947107e-08
7.791895947973986836e+01 5.267620598225291356e-08
7.795897948974487690e+01 5.260685615915546876e-08
7.799899949974987123e+01 5.253764454338787093e-08
7.803901950975487978e+01 5.246857076387589142e-08
7.807903951975987411e+01 5.239963445080535576e-08
7.811905952976488265e+01 5.233083523561665774e-08
7.815907953976987699e+01 5.226217275099984931e-08
7.819909954977488553e+01 5.219364663088926720e-08
7.823911955977989408e+01 5.212525651045857646e-08
7.827913956978488841e+01 5.205700202611557575e-08
7.831915957978989695e+01 5.198888281549718797e-08
7.835917958979489129e+01 5.192089851746438463e-08
7.839919959979989983e+01 5.185304877209705075e-08
7.843921960980489416e+01 5.178533322068923352e-08
7.847923961980990271e+01 5.171775150574394761e-08
7.851925962981491125e+01 5.165030327096831135e-08
7.855927963981990558e+01 5.158298816126862996e-08
7.859929964982491413e+01 5.151580582274537954e-08
7.863931965982990846e+01 5.144875590268854174e-08
7.867933966983491700e+01 5.138183804957254146e-08
7.871935967983991134e+01 5.131505191305148889e-08
7.875937968984491988e+01 5.124839714395442154e-08
7.879939969984992842e+01 5.118187339428044707e-08
7.883941970985492276e+01 5.111548031719400520e-08
7.887943971985993130e+01 5.104921756702003693e-08
7.891945972986492563e+01 5.098308479923955091e-08
7.895947973986993418e+01 5.091708167048454783e-08
7.899949974987492851e+01 5.085120783853363305e-08
7.903951975987993706e+01 5.078546296230715940e-08
7.907953976988494560e+01 5.071984670186285969e-08
7.911955977988993993e+01 5.065435871839092329e-08
7.915957978989494848e+01 5.058899867420971468e-08
7.919959979989994281e+01 5.052376623276100885e-08
7.923961980990495135e+01 5.045866105860547164e-08
7.927963981990994569e+01 5.039368281741825246e-08
7.931965982991495423e+01 5.032883117598438522e-08
7.935967983991996277e+01 5.026410580219434137e-08
7.939969984992495711e+01 5.019950636503962931e-08
7.943971985992996565e+01 5.013503253460822837e-08
7.947973986993495998e+01 5.007068398208036686e-08
7.951975987993996853e+01 5.000646037972394279e-08
7.955977988994497707e+01 4.994236140089024902e-08
7.959979989994997140e+01 4.987838672000965208e-08
7.963981990995497995e+01 4.981453601258723125e-08
7.967983991995997428e+01 4.975080895519837793e-08
7.971985992996498283e+01 4.968720522548472601e-08
7.975987993996997716e+01 4.962372450214965188e-08
7.979989994997498570e+01 4.956036646495411218e-08
7.983991995997999425e+01 4.949713079471252102e-08
7.987993996998498858e+01 4.943401717328840904e-08
7.991995997998999712e+01 4.937102528359027418e-08
7.995997998999499146e+01 4.930815480956749878e-08
8.000000000000000000e+01 4.924540543620596219e-08
