0.000000000000000000e+00 3.285033332965785370e-05
4.002001000500250011e-02 3.302726120158427475e-05
8.004002001000500022e-02 3.320567150869406639e-05
1.200600300150075073e-01 3.338558121172261638e-05
1.600800400200100004e-01 3.356700751786958592e-05
2.001000500250124936e-01 3.374996788514601819e-05
2.401200600300150145e-01 3.393448002681104958e-05
2.801400700350175077e-01 3.412056191590140815e-05
3.201600800400200009e-01 3.430823178985552236e-05
3.601800900450224940e-01 3.449750815523411703e-05
4.002001000500249872e-01 3.468840979254053550e-05
4.402201100550274804e-01 3.488095576114217723e-05
4.802401200600300291e-01 3.507516540429634412e-05
5.202601300650324667e-01 3.527105835428250800e-05
5.602801400700350154e-01 3.546865453764388597e-05
6.003001500750374531e-01 3.566797418054087166e-05
6.403201600800400017e-01 3.586903781421889716e-05
6.803401700850425504e-01 3.607186628059415448e-05
7.203601800900449881e-01 3.627648073795935861e-05
7.603801900950475368e-01 3.648290266681287916e-05
8.004002001000499744e-01 3.669115387581446620e-05
8.404202101050525231e-01 3.690125650787034171e-05
8.804402201100549608e-01 3.711323304635134299e-05
9.204602301150575094e-01 3.732710632144686916e-05
9.604802401200600581e-01 3.754289951665890659e-05
1.000500250125062607e+00 3.776063617543866082e-05
1.040520260130064933e+00 3.798034020797036204e-05
1.080540270135067482e+00 3.820203589810525983e-05
1.120560280140070031e+00 3.842574791045015727e-05
1.160580290145072579e+00 3.865150129761410307e-05
1.200600300150074906e+00 3.887932150761755812e-05
1.240620310155077455e+00 3.910923439146796009e-05
1.280640320160080003e+00 3.934126621090625980e-05
1.320660330165082552e+00 3.957544364632889516e-05
1.360680340170085101e+00 3.981179380488911239e-05
1.400700350175087427e+00 4.005034422878365878e-05
1.440720360180089976e+00 4.029112290372806560e-05
1.480740370185092525e+00 4.053415826762692478e-05
1.520760380190095074e+00 4.077947921944347586e-05
1.560780390195097400e+00 4.102711512827383601e-05
1.600800400200099949e+00 4.127709584263206685e-05
1.640820410205102498e+00 4.152945169995035364e-05
1.680840420210105046e+00 4.178421353630149340e-05
1.720860430215107595e+00 4.204141269634873346e-05
1.760880440220109922e+00 4.230108104352929620e-05
1.800900450225112470e+00 4.256325097047830531e-05
1.840920460230115019e+00 4.282795540969889375e-05
1.880940470235117568e+00 4.309522784448598104e-05
1.920960480240120116e+00 4.336510232011021849e-05
1.960980490245122443e+00 4.363761345526920380e-05
2.001000500250125214e+00 4.391279645381375777e-05
2.041020510255127540e+00 4.419068711675607994e-05
2.081040520260129867e+00 4.447132185456872803e-05
2.121060530265132638e+00 4.475473769978131921e-05
2.161080540270134964e+00 4.504097231988417582e-05
2.201100550275137291e+00 4.533006403054700632e-05
2.241120560280140062e+00 4.562205180916172889e-05
2.281140570285142388e+00 4.591697530871860576e-05
2.321160580290145159e+00 4.621487487202493812e-05
2.361180590295147486e+00 4.651579154627622154e-05
2.401200600300149812e+00 4.681976709798991955e-05
2.441220610305152583e+00 4.712684402831192500e-05
2.481240620310154910e+00 4.743706558870688998e-05
2.521260630315157680e+00 4.775047579704302231e-05
2.561280640320160007e+00 4.806711945408324784e-05
2.601300650325162334e+00 4.838704216039415646e-05
2.641320660330165104e+00 4.871029033368527478e-05
2.681340670335167431e+00 4.903691122659095751e-05
2.721360680340170202e+00 4.936695294490827399e-05
2.761380690345172528e+00 4.970046446630417130e-05
2.801400700350174855e+00 5.003749565950566972e-05
2.841420710355177626e+00 5.037809730398780194e-05
2.881440720360179952e+00 5.072232111017412905e-05
2.921460730365182723e+00 5.107021974016472105e-05
2.961480740370185050e+00 5.142184682900837958e-05
3.001500750375187376e+00 5.177725700653464113e-05
3.041520760380190147e+00 5.213650591976325339e-05
3.081540770385192474e+00 5.249965025590824157e-05
3.121560780390194800e+00 5.286674776599519280e-05
3.161580790395197571e+00 5.323785728911005434e-05
3.201600800400199898e+00 5.361303877729959829e-05
3.241620810405202668e+00 5.399235332114313621e-05
3.281640820410204995e+00 5.437586317601666622e-05
3.321660830415207322e+00 5.476363178907110279e-05
3.361680840420210092e+00 5.515572382694670684e-05
3.401700850425212419e+00 5.555220520424727058e-05
3.441720860430215190e+00 5.595314311279759776e-05
3.481740870435217516e+00 5.635860605170968347e-05
3.521760880440219843e+00 5.676866385828299109e-05
3.561780890445222614e+00 5.718338773976547730e-05
3.601800900450224940e+00 5.760285030600335117e-05
3.641820910455227711e+00 5.802712560300791241e-05
3.681840920460230038e+00 5.845628914746970456e-05
3.721860930465232364e+00 5.889041796224973754e-05
3.761880940470235135e+00 5.932959061288120025e-05
3.801900950475237462e+00 5.977388724511353184e-05
3.841920960480240232e+00 6.022338962353398676e-05
3.881940970485242559e+00 6.067818117130197058e-05
3.921960980490244886e+00 6.113834701103338916e-05
3.961980990495247656e+00 6.160397400687326979e-05
4.002001000500250427e+00 6.207515080779660722e-05
4.042021010505252754e+00 6.255196789217861396e-05
4.082041020510255080e+00 6.303451761367764796e-05
4.122061030515257407e+00 6.352289424847521588e-05
4.162081040520259734e+00 6.401719404391924566e-05
4.202101050525262949e+00 6.451751526861926843e-05
4.242121060530265275e+00 6.502395826404269187e-05
4.282141070535267602e+00 6.553662549766535873e-05
4.322161080540269928e+00 6.605562161772866251e-05
4.362181090545272255e+00 6.658105350966107621e-05
4.402201100550274582e+00 6.711303035422148890e-05
4.442221110555277797e+00 6.765166368742511977e-05
4.482241120560280123e+00 6.819706746231531352e-05
4.522261130565282450e+00 6.874935811264702809e-05
4.562281140570284776e+00 6.930865461854973674e-05
4.602301150575287103e+00 6.987507857424141025e-05
4.642321160580290318e+00 7.044875425786737279e-05
4.682341170585292645e+00 7.102980870354081995e-05
4.722361180590294971e+00 7.161837177566582639e-05
4.762381190595297298e+00 7.221457624562501192e-05
4.802401200600299624e+00 7.281855787092082484e-05
4.842421210605302839e+00 7.343045547685936075e-05
4.882441220610305166e+00 7.405041104087155734e-05
4.922461230615307493e+00 7.467856977957105092e-05
4.962481240620309819e+00 7.531508023864989158e-05
5.002501250625312146e+00 7.596009438572022532e-05
5.042521260630315361e+00 7.661376770621308751e-05
5.082541270635317687e+00 7.727625930244981587e-05
5.122561280640320014e+00 7.794773199600962777e-05
5.162581290645322341e+00 7.862835243351731329e-05
5.202601300650324667e+00 7.931829119598537666e-05
5.242621310655327882e+00 8.001772291184749313e-05
5.282641320660330209e+00 8.072682637382788662e-05
5.322661330665332535e+00 8.144578465979691222e-05
5.362681340670334862e+00 8.217478525777029673e-05
5.402701350675337189e+00 8.291402019521621261e-05
5.442721360680340403e+00 8.366368617284144864e-05
5.482741370685342730e+00 8.442398470303710194e-05
5.522761380690345057e+00 8.519512225317080287e-05
5.562781390695347383e+00 8.597731039392201148e-05
5.602801400700349710e+00 8.677076595286554355e-05
5.642821410705352925e+00 8.757571117351789004e-05
5.682841420710355251e+00 8.839237388007275186e-05
5.722861430715357578e+00 8.922098764805881221e-05
5.762881440720359905e+00 9.006179198116840811e-05
5.802901450725362231e+00 9.091503249451408442e-05
5.842921460730365446e+00 9.178096110458383659e-05
5.882941470735367773e+00 9.265983622617865619e-05
5.922961480740370099e+00 9.355192297662966725e-05
5.962981490745372426e+00 9.445749338760604666e-05
6.003001500750374753e+00 9.537682662484054774e-05
6.043021510755377079e+00 9.631020921611569568e-05
6.083041520760380294e+00 9.725793528787042032e-05
6.123061530765382621e+00 9.822030681080398120e-05
6.163081540770384947e+00 9.919763385487459940e-05
6.203101550775387274e+00 1.001902348541085333e-04
6.243121560780389601e+00 1.011984368816569251e-04
6.283141570785392815e+00 1.022225759355605934e-04
6.323161580790395142e+00 1.032629972357051616e-04
6.363181590795397469e+00 1.043200555324754185e-04
6.403201600800399795e+00 1.053941154276420819e-04
6.443221610805402122e+00 1.064855517080445595e-04
6.483241620810405337e+00 1.075947496926596501e-04
6.523261630815407663e+00 1.087221055936813074e-04
6.563281640820409990e+00 1.098680268922644560e-04
6.603301650825412317e+00 1.110329327296270721e-04
6.643321660830414643e+00 1.122172543142363227e-04
6.683341670835417858e+00 1.134214353458470697e-04
6.723361680840420185e+00 1.146459324572033132e-04
6.763381690845422511e+00 1.158912156742545842e-04
6.803401700850424838e+00 1.171577688957896654e-04
6.843421710855427165e+00 1.184460903934383101e-04
6.883441720860430380e+00 1.197566933330452833e-04
6.923461730865432706e+00 1.210901063184778738e-04
6.963481740870435033e+00 1.224468739589879018e-04
7.003501750875437359e+00 1.238275574613136476e-04
7.043521760880439686e+00 1.252327352477746337e-04
7.083541770885442901e+00 1.266630036016863897e-04
7.123561780890445227e+00 1.281189773414968043e-04
7.163581790895447554e+00 1.296012905251325105e-04
7.203601800900449881e+00 1.311105971861259998e-04
7.243621810905452207e+00 1.326475721031948477e-04
7.283641820910455422e+00 1.342129116050366647e-04
7.323661830915457749e+00 1.358073344122186156e-04
7.363681840920460075e+00 1.374315825181472771e-04
7.403701850925462402e+00 1.390864221112322690e-04
7.443721860930464729e+00 1.407726445404840817e-04
7.483741870935467944e+00 1.424910673269279564e-04
7.523761880940470270e+00 1.442425352233649963e-04
7.563781890945472597e+00 1.460279213251723662e-04
7.603801900950474923e+00 1.478481282350040615e-04
7.643821910955477250e+00 1.497040892844412924e-04
7.683841920960480465e+00 1.515967698158361752e-04
7.723861930965482792e+00 1.535271685278044866e-04
7.763881940970485118e+00 1.554963188880542852e-04
7.803901950975487445e+00 1.575052906174762685e-04
7.843921960980489771e+00 1.595551912496905088e-04
7.883941970985492098e+00 1.616471677705229033e-04
7.923961980990495313e+00 1.637824083421920214e-04
7.963981990995497640e+00 1.659621441173127231e-04
8.004002001000500854e+00 1.681876511481814973e-04
8.044022011005502293e+00 1.704602523971806205e-04
8.084042021010505508e+00 1.727813198545623220e-04
8.124062031015506946e+00 1.751522767703074166e-04
8.164082041020510161e+00 1.775746000072401859e-04
8.204102051025513376e+00 1.800498225230977517e-04
8.244122061030514814e+00 1.825795359898151819e-04
8.284142071035518029e+00 1.851653935588977310e-04
8.324162081040519467e+00 1.878091127824063698e-04
8.364182091045522682e+00 1.905124786998055114e-04
8.404202101050525897e+00 1.932773471016900548e-04
8.444222111055527336e+00 1.961056479822602362e-04
8.484242121060530550e+00 1.989993891933210409e-04
8.524262131065531989e+00 2.019606603135856270e-04
8.564282141070535204e+00 2.049916367481451399e-04
8.604302151075536642e+00 2.080945840741494550e-04
8.644322161080539857e+00 2.112718626500339700e-04
8.684342171085543072e+00 2.145259325070320380e-04
8.724362181090544510e+00 2.178593585432533441e-04
8.764382191095547725e+00 2.212748160422861902e-04
8.804402201100549163e+00 2.247750965401205177e-04
8.844422211105552378e+00 2.283631140662057356e-04
8.884442221110555593e+00 2.320419117866606284e-04
8.924462231115557032e+00 2.358146690800818008e-04
8.964482241120560246e+00 2.396847090790552557e-04
9.004502251125561685e+00 2.436555067134015548e-04
9.044522261130564900e+00 2.477306972944154470e-04
9.084542271135568114e+00 2.519140856828986567e-04
9.124562281140569553e+00 2.562096560877148905e-04
9.164582291145572768e+00 2.606215825459095117e-04
9.204602301150574206e+00 2.651542401402250094e-04
9.244622311155577421e+00 2.698122170151364633e-04
9.284642321160580636e+00 2.746003272583902072e-04
9.324662331165582074e+00 2.795236247215412625e-04
9.364682341170585289e+00 2.845874178602154957e-04
9.404702351175586728e+00 2.897972856828537878e-04
9.444722361180589942e+00 2.951590949056616961e-04
9.484742371185593157e+00 3.006790184214633960e-04
9.524762381190594596e+00 3.063635552013160542e-04
9.564782391195597810e+00 3.122195517602136634e-04
9.604802401200599249e+00 3.182542253321630501e-04
9.644822411205602464e+00 3.244751889155948776e-04
9.684842421210605679e+00 3.308904783676440788e-04
9.724862431215607117e+00 3.375085817456450728e-04
9.764882441220610332e+00 3.443384711164672036e-04
9.804902451225611770e+00 3.513896370794888468e-04
9.844922461230614985e+00 3.586721262774628083e-04
9.884942471235618200e+00 3.661965822017154964e-04
9.924962481240619638e+00 3.739742896346929190e-04
9.964982491245622853e+00 3.820172231143720417e-04
1.000500250125062429e+01 3.903380998523397235e-04
1.004502251125562751e+01 3.989504375912853850e-04
1.008504252126063072e+01 4.078686179492779893e-04
1.012506253126563216e+01 4.171079558688141711e-04
1.016508254127063537e+01 4.266847758696329005e-04
1.020510255127563681e+01 4.366164958974799487e-04
1.024512256128064003e+01 4.469217196684225376e-04
1.028514257128564324e+01 4.576203385323824647e-04
1.032516258129064468e+01 4.687336440232611388e-04
1.036518259129564790e+01 4.802844524298118065e-04
1.040520260130064933e+01 4.922972429154817220e-04
1.044522261130565255e+01 5.047983109418992774e-04
1.048524262131065576e+01 5.178159390154984162e-04
1.052526263131565720e+01 5.313805870874532215e-04
1.056528264132066042e+01 5.455251053024653615e-04
1.060530265132566186e+01 5.602849722229937121e-04
1.064532266133066507e+01 5.756985621655381089e-04
1.068534267133566829e+01 5.918074458908796328e-04
1.072536268134066972e+01 6.086567296109901765e-04
1.076538269134567294e+01 6.262954381363888432e-04
1.080540270135067438e+01 6.447769490200142744e-04
1.084542271135567759e+01 6.641594857956558675e-04
1.088544272136068081e+01 6.845066799086560504e-04
1.092546273136568225e+01 7.058882127546202380e-04
1.096548274137068546e+01 7.283805514543589994e-04
1.100550275137568690e+01 7.520677946971928525e-04
1.104552276138069011e+01 7.770426483033588370e-04
1.108554277138569333e+01 8.034075542474889559e-04
1.112556278139069477e+01 8.312760019524766337e-04
1.116558279139569798e+01 8.607740569696508076e-04
1.120560280140069942e+01 8.920421500498215348e-04
1.124562281140570263e+01 9.252371795292423616e-04
1.128564282141070585e+01 9.605349924959498756e-04
1.132566283141570729e+01 9.981333261494898003e-04
1.136568284142071050e+01 1.038255311166802258e-03
1.140570285142571194e+01 1.081153665145617683e-03
1.144572286143071516e+01 1.127115738217979949e-03
1.148574287143571837e+01 1.176469617307456753e-03
1.152576288144071981e+01 1.229591553815152522e-03
1.156578289144572302e+01 1.286915056711430494e-03
1.160580290145072446e+01 1.348942096003721359e-03
1.164582291145572768e+01 1.416257000111280319e-03
1.168584292146073089e+01 1.489543818713428506e-03
1.172586293146573233e+01 1.569608180154100736e-03
1.176588294147073555e+01 1.657405028552884265e-03
1.180590295147573698e+01 1.754074123090231582e-03
1.184592296148074020e+01 1.860985883917983625e-03
1.188594297148574341e+01 1.979801171066925165e-03
1.192596298149074485e+01 2.112550029412019626e-03
1.196598299149574807e+01 2.261736547044509819e-03
1.200600300150074951e+01 2.430480103294395226e-03
1.204602301150575272e+01 2.622707972942241693e-03
1.208604302151075416e+01 2.843421376059764114e-03
1.212606303151575737e+01 3.099068019757646435e-03
1.216608304152076059e+01 3.398071237620262780e-03
1.220610305152576203e+01 3.751592670905279456e-03
1.224612306153076524e+01 4.174647949935608553e-03
1.228614307153576668e+01 4.687762181837291584e-03
1.232616308154076989e+01 5.319457265879187248e-03
1.236618309154577311e+01 6.110020259812078830e-03
1.240620310155077455e+01 7.117208864245812804e-03
1.244622311155577776e+01 8.424715413616997578e-03
1.248624312156077920e+01 1.015389305735301013e-02
1.252626313156578242e+01 1.247678596535174711e-02
1.256628314157078563e+01 1.561846903217880417e-02
1.260630315157578707e+01 1.980466422464804629e-02
1.264632316158079028e+01 2.503763186741538721e-02
1.268634317158579172e+01 3.055198353495732974e-02
1.272636318159079494e+01 3.432751087484924718e-02
1.276638319159579815e+01 3.424229716019409203e-02
1.280640320160079959e+01 3.058801386570685760e-02
1.284642321160580281e+01 2.569692901505545024e-02
1.288644322161080424e+01 2.140466677449575153e-02
1.292646323161580746e+01 1.832595522998373833e-02
1.296648324162081067e+01 1.644143719034761586e-02
1.300650325162581211e+01 1.556540774708526850e-02
1.304652326163081533e+01 1.546673104355030838e-02
1.308654327163581677e+01 1.578105304588379304e-02
1.312656328164081998e+01 1.594449723663718399e-02
1.316658329164582319e+01 1.552056203323970256e-02
1.320660330165082463e+01 1.465295219690926527e-02
1.324662331165582785e+01 1.381298464950710819e-02
1.328664332166082929e+01 1.330926549866582632e-02
1.332666333166583250e+01 1.322683952804311683e-02
1.336668334167083572e+01 1.355812514555436443e-02
1.340670335167583715e+01 1.428853124100342396e-02
1.344672336168084037e+01 1.542744184452514086e-02
1.348674337168584181e+01 1.701798606716700343e-02
1.352676338169084502e+01 1.914357620257206571e-02
1.356678339169584824e+01 2.193830755029713489e-02
1.360680340170084968e+01 2.560493216888753629e-02
1.364682341170585289e+01 3.044406790255192383e-02
1.368684342171085433e+01 3.689907438464250233e-02
1.372686343171585754e+01 4.561974546552879928e-02
1.376688344172086076e+01 5.753613614031859169e-02
1.380690345172586220e+01 7.388390068767182461e-02
1.384692346173086541e+01 9.595910595881082528e-02
1.388694347173586685e+01 1.239890414775399463e-01
1.392696348174087007e+01 1.542256978011804502e-01
1.396698349174587328e+01 1.758201639973455965e-01
1.400700350175087472e+01 1.760187909930902017e-01
1.404702351175587793e+01 1.546577867793533234e-01
1.408704352176087937e+01 1.243841729511253047e-01
1.412706353176588259e+01 9.617584549218349821e-02
1.416708354177088580e+01 7.389481841817158170e-02
1.420710355177588724e+01 5.735439311547470276e-02
1.424712356178089045e+01 4.526166303856459655e-02
1.428714357178589189e+01 3.637299600341648009e-02
1.432716358179089511e+01 2.974854987255660943e-02
1.436718359179589832e+01 2.472888078533118372e-02
1.440720360180089976e+01 2.086072702309992380e-02
1.444722361180590298e+01 1.783223115013428048e-02
1.448724362181090441e+01 1.542661723642777330e-02
1.452726363181590763e+01 1.349108548465209612e-02
1.456728364182091084e+01 1.191631022496550570e-02
1.460730365182591228e+01 1.062293144555623119e-02
1.464732366183091550e+01 9.552586108047229213e-03
1.468734367183591694e+01 8.661890117559419011e-03
1.472736368184092015e+01 7.918357889864181473e-03
1.476738369184592337e+01 7.297615518120362070e-03
1.480740370185092480e+01 6.781498120436547407e-03
1.484742371185592802e+01 6.356772788241185114e-03
1.488744372186092946e+01 6.014328777381756398e-03
1.492746373186593267e+01 5.748747768631376660e-03
1.496748374187093589e+01 5.558224042505046855e-03
1.500750375187593733e+01 5.444858862811843142e-03
1.504752376188094054e+01 5.415415830250720416e-03
1.508754377188594198e+01 5.482704519210596095e-03
1.512756378189094519e+01 5.667863014050912758e-03
1.516758379189594841e+01 6.003911276848367812e-03
1.520760380190094985e+01 6.540902086982927285e-03
1.524762381190595306e+01 7.352232154193021410e-03
1.528764382191095450e+01 8.538247360260308241e-03
1.532766383191595772e+01 1.021161358820333459e-02
1.536768384192096093e+01 1.241890830500535017e-02
1.540770385192596237e+01 1.491931560787701332e-02
1.544772386193096558e+01 1.688457636607494650e-02
1.548774387193596702e+01 1.716290546404768136e-02
1.552776388194097024e+01 1.549471183955231611e-02
1.556778389194597167e+01 1.286143228716606426e-02
1.560780390195097489e+01 1.029609591567486222e-02
1.564782391195597810e+01 8.222700605204033911e-03
1.568784392196097954e+01 6.661321267270871663e-03
1.572786393196598276e+01 5.506324397138665644e-03
1.576788394197098420e+01 4.647107575676727789e-03
1.580790395197598741e+01 3.998079158074963578e-03
1.584792396198099063e+01 3.498682878012183278e-03
1.588794397198599206e+01 3.107183270856129099e-03
1.592796398199099528e+01 2.794851051404613745e-03
1.596798399199599672e+01 2.541723342273794883e-03
1.600800400200100171e+01 2.333738355310487327e-03
1.604802401200600315e+01 2.160844200347201375e-03
1.608804402201100459e+01 2.015754048796587674e-03
1.612806403201600602e+01 1.893121653299609719e-03
1.616808404202101102e+01 1.788990175085667170e-03
1.620810405202601245e+01 1.700420534176168156e-03
1.624812406203101389e+01 1.625239786490835893e-03
1.628814407203601888e+01 1.561871869410191242e-03
1.632816408204102032e+01 1.509227115668741867e-03
1.636818409204602176e+01 1.466636289289637496e-03
1.640820410205102675e+01 1.433821551913982669e-03
1.644822411205602819e+01 1.410902101104336828e-03
1.648824412206102963e+01 1.398437312331060958e-03
1.652826413206603107e+01 1.397516100070800077e-03
1.656828414207103606e+01 1.409909116774182543e-03
1.660830415207603750e+01 1.438311955859503805e-03
1.664832416208103893e+01 1.486724794716138198e-03
1.668834417208604393e+01 1.561038719947643871e-03
1.672836418209104536e+01 1.669929054266071355e-03
1.676838419209604680e+01 1.826170007330508603e-03
1.680840420210105179e+01 2.048389597773990316e-03
1.684842421210605323e+01 2.362742922968173384e-03
1.688844422211105467e+01 2.801946469189381395e-03
1.692846423211605611e+01 3.393087870942524190e-03
1.696848424212106110e+01 4.114207686356551388e-03
1.700850425212606254e+01 4.806881893711783225e-03
1.704852426213106398e+01 5.147397273995713875e-03
1.708854427213606897e+01 4.902967044915363358e-03
1.712856428214107041e+01 4.228149380988649973e-03
1.716858429214607185e+01 3.460207900803076529e-03
1.720860430215107328e+01 2.800743217535656658e-03
1.724862431215607828e+01 2.294587189175281185e-03
1.728864432216107971e+01 1.920360580369699860e-03
1.732866433216608115e+01 1.644674696791478515e-03
1.736868434217108614e+01 1.439379163130476537e-03
1.740870435217608758e+01 1.284022441456816746e-03
1.744872436218108902e+01 1.164427905967481153e-03
1.748874437218609401e+01 1.070867488395846855e-03
1.752876438219109545e+01 9.966313571018424466e-04
1.756878439219609689e+01 9.370385704530802360e-04
1.760880440220109833e+01 8.887799314805163321e-04
1.764882441220610332e+01 8.494857821091468444e-04
1.768884442221110476e+01 8.174408426418510506e-04
1.772886443221610620e+01 7.913944604490440789e-04
1.776888444222111119e+01 7.704331105796912924e-04
1.780890445222611262e+01 7.538940422978493211e-04
1.784892446223111406e+01 7.413066276704841171e-04
1.788894447223611905e+01 7.323528254727428109e-04
1.792896448224112049e+01 7.268412854518923640e-04
1.796898449224612193e+01 7.246916582930807088e-04
1.800900450225112337e+01 7.259270699506816579e-04
1.804902451225612836e+01 7.306737381257791828e-04
1.808904452226112980e+01 7.391675392194352627e-04
1.812906453226613124e+01 7.517681176782322738e-04
1.816908454227113623e+01 7.689819955210614897e-04
1.820910455227613767e+01 7.914972331163578701e-04
1.824912456228113911e+01 8.202337060444414097e-04
1.828914457228614410e+01 8.564152823935337064e-04
1.832916458229114554e+01 9.016735551003292803e-04
1.836918459229614697e+01 9.581980161623694604e-04
1.840920460230114841e+01 1.028955795328448950e-03
1.844922461230615340e+01 1.118017127298893444e-03
1.848924462231115484e+01 1.231043252365547971e-03
1.852926463231615628e+01 1.376024942719128018e-03
1.856928464232116127e+01 1.564404470935494952e-03
1.860930465232616271e+01 1.812763210851527865e-03
1.864932466233116415e+01 2.145256908943058739e-03
1.868934467233616914e+01 2.596708948297495739e-03
1.872936468234117058e+01 3.214956127153849666e-03
1.876938469234617202e+01 4.056381399927515979e-03
1.880940470235117346e+01 5.155782639720724557e-03
1.884942471235617845e+01 6.432875538268066629e-03
1.888944472236117988e+01 7.539483583820540125e-03
1.892946473236618132e+01 7.905355973764523203e-03
1.896948474237118631e+01 7.284598588553539873e-03
1.900950475237618775e+01 6.082175043114784740e-03
1.904952476238118919e+01 4.840834437613140626e-03
1.908954477238619418e+01 3.820737497852507315e-03
1.912956478239119562e+01 3.055348451093360413e-03
1.916958479239619706e+01 2.498031692602375575e-03
1.920960480240119850e+01 2.093608129401321963e-03
1.924962481240620349e+01 1.798158938712041697e-03
1.928964482241120493e+01 1.580432315931405273e-03
1.932966483241620637e+01 1.418985149594952306e-03
1.936968484242121136e+01 1.299235551710911261e-03
1.940970485242621280e+01 1.211265728891756845e-03
1.944972486243121423e+01 1.148334249892090731e-03
1.948974487243621923e+01 1.105904870369087568e-03
1.952976488244122066e+01 1.081024970473318985e-03
1.956978489244622210e+01 1.071938133365079758e-03
1.960980490245122354e+01 1.077858009996162433e-03
1.964982491245622853e+01 1.098861132602003618e-03
1.968984492246122997e+01 1.135878241545198010e-03
1.972986493246623141e+01 1.190781077039844687e-03
1.976988494247123640e+01 1.266578170677442640e-03
1.980990495247623784e+01 1.367752602229595693e-03
1.984992496248123928e+01 1.500801163968102942e-03
1.988994497248624427e+01 1.675073067199740143e-03
1.992996498249124571e+01 1.904062519347620016e-03
1.996998499249624714e+01 2.207382464541184086e-03
2.001000500250124858e+01 2.613704226622058906e-03
2.005002501250625357e+01 3.164833461058206947e-03
2.009004502251125501e+01 3.920219488222008788e-03
2.013006503251625645e+01 4.957645589956513436e-03
2.017008504252126144e+01 6.354543074567619264e-03
2.021010505252626288e+01 8.108745775508862524e-03
2.025012506253126432e+01 9.947165691106915619e-03
2.029014507253626931e+01 1.115749379386209508e-02
2.033016508254127075e+01 1.099823402718338484e-02
2.037018509254627219e+01 9.575399113232919632e-03
2.041020510255127363e+01 7.699032378275814936e-03
2.045022511255627862e+01 5.996543536643100629e-03
2.049024512256128006e+01 4.665478008304642377e-03
2.053026513256628149e+01 3.680057396453657696e-03
2.057028514257128649e+01 2.959062097387776379e-03
2.061030515257628792e+01 2.427811520940383050e-03
2.065032516258128936e+01 2.030592924454234418e-03
2.069034517258629080e+01 1.728467498686808669e-03
2.073036518259129579e+01 1.494680088973796830e-03
2.077038519259629723e+01 1.310797862826909794e-03
2.081040520260129867e+01 1.163978705199383672e-03
2.085042521260630366e+01 1.045143011438970327e-03
2.089044522261130510e+01 9.477688858410849302e-04
2.093046523261630654e+01 8.670970367983178067e-04
2.097048524262131153e+01 7.996012147205581099e-04
2.101050525262631297e+01 7.426309922203351739e-04
2.105052526263131440e+01 6.941673559162818896e-04
2.109054527263631584e+01 6.526530303458869366e-04
2.113056528264132083e+01 6.168729792427597681e-04
2.117058529264632227e+01 5.858690707781957340e-04
2.121060530265132371e+01 5.588783290925462485e-04
2.125062531265632870e+01 5.352876910813499827e-04
2.129064532266133014e+01 5.146004643246756454e-04
2.133066533266633158e+01 4.964111838447345625e-04
2.137068534267133657e+01 4.803865687933729341e-04
2.141070535267633801e+01 4.662509591799349987e-04
2.145072536268133945e+01 4.537750779496223545e-04
2.149074537268634089e+01 4.427672862602543766e-04
2.153076538269134588e+01 4.330667260038132912e-04
2.157078539269634732e+01 4.245379040009310289e-04
2.161080540270134875e+01 4.170663872098350584e-04
2.165082541270635375e+01 4.105553614575390320e-04
2.169084542271135518e+01 4.049228669749920114e-04
2.173086543271635662e+01 4.000995688459260983e-04
2.177088544272136161e+01 3.960269538492839606e-04
2.181090545272636305e+01 3.926558702434216502e-04
2.185092546273136449e+01 3.899453460481602817e-04
2.189094547273636593e+01 3.878616359355389074e-04
2.193096548274137092e+01 3.863774581061456596e-04
2.197098549274637236e+01 3.854713913578151018e-04
2.201100550275137380e+01 3.851274095792386627e-04
2.205102551275637879e+01 3.853345365980768251e-04
2.209104552276138023e+01 3.860866090461064653e-04
2.213106553276638166e+01 3.873821389596920320e-04
2.217108554277138666e+01 3.892242714464769215e-04
2.221110555277638809e+01 3.916208361189198357e-04
2.225112556278138953e+01 3.945844943044287843e-04
2.229114557278639097e+01 3.981329874685132515e-04
2.233116558279139596e+01 4.022894960192054288e-04
2.237118559279639740e+01 4.070831219095294331e-04
2.241120560280139884e+01 4.125495134726144268e-04
2.245122561280640383e+01 4.187316570260865177e-04
2.249124562281140527e+01 4.256808673742181349e-04
2.253126563281640671e+01 4.334580189524591320e-04
2.257128564282141170e+01 4.421350717163018639e-04
2.261130565282641314e+01 4.517969619500056765e-04
2.265132566283141458e+01 4.625439493021258328e-04
2.269134567283641601e+01 4.744945394098997230e-04
2.273136568284142101e+01 4.877891390746033704e-04
2.277138569284642244e+01 5.025946518140444498e-04
2.281140570285142388e+01 5.191102910767148504e-04
2.285142571285642887e+01 5.375749841728832447e-04
2.289144572286143031e+01 5.582768733563864706e-04
2.293146573286643175e+01 5.815656081890822459e-04
2.297148574287143674e+01 6.078683903463300356e-04
2.301150575287643818e+01 6.377111162389817716e-04
2.305152576288143962e+01 6.717465222449538545e-04
2.309154577288644106e+01 7.107920619155926826e-04
2.313156578289144605e+01 7.558814754093240180e-04
2.317158579289644749e+01 8.083358726601473556e-04
2.321160580290144893e+01 8.698630026815685253e-04
2.325162581290645392e+01 9.426978025802686730e-04
2.329164582291145535e+01 1.029804253005733817e-03
2.333166583291645679e+01 1.135169531787522329e-03
2.337168584292146178e+01 1.264238855410183436e-03
2.341170585292646322e+01 1.424566805008274824e-03
2.345172586293146466e+01 1.626802863669924099e-03
2.349174587293646610e+01 1.886187930525195632e-03
2.353176588294147109e+01 2.224802311702451293e-03
2.357178589294647253e+01 2.674797501318999359e-03
2.361180590295147397e+01 3.282453994505547205e-03
2.365182591295647896e+01 4.111064397049657253e-03
2.369184592296148040e+01 5.234190166631808722e-03
2.373186593296648184e+01 6.693445142239601298e-03
2.377188594297148683e+01 8.370977815359453497e-03
2.381190595297648827e+01 9.791035551096413311e-03
2.385192596298148970e+01 1.020915655231623836e-02
2.389194597298649114e+01 9.347518920172760010e-03
2.393196598299149613e+01 7.765817097848032140e-03
2.397198599299649757e+01 6.160272236876184089e-03
2.401200600300149901e+01 4.850283157140444258e-03
2.405202601300650400e+01 3.870068773423297141e-03
2.409204602301150544e+01 3.156599203073175847e-03
2.413206603301650688e+01 2.638149730610722318e-03
2.417208604302150832e+01 2.258088230060334607e-03
2.421210605302651331e+01 1.976133237369477082e-03
2.425212606303151475e+01 1.764533576736259648e-03
2.429214607303651619e+01 1.604247160679200899e-03
2.433216608304152118e+01 1.482106212059547184e-03
2.437218609304652261e+01 1.388890500821566122e-03
2.441220610305152405e+01 1.318053577685219776e-03
2.445222611305652904e+01 1.264884192049665857e-03
2.449224612306153048e+01 1.225950720006824084e-03
2.453226613306653192e+01 1.198729029923709935e-03
2.457228614307153336e+01 1.181350028042098873e-03
2.461230615307653835e+01 1.172426188590941758e-03
2.465232616308153979e+01 1.170930951162695195e-03
2.469234617308654123e+01 1.176114065379271463e-03
2.473236618309154622e+01 1.187441802193932826e-03
2.477238619309654766e+01 1.204554699595129482e-03
2.481240620310154910e+01 1.227237951292118592e-03
2.485242621310655409e+01 1.255401164544238000e-03
2.489244622311155553e+01 1.289065309687222743e-03
2.493246623311655696e+01 1.328355450366652422e-03
2.497248624312155840e+01 1.373498404166001571e-03
2.501250625312656339e+01 1.424824922253935212e-03
2.505252626313156483e+01 1.482776355025397421e-03
2.509254627313656627e+01 1.547916138568124298e-03
2.513256628314157126e+01 1.620946842492193042e-03
2.517258629314657270e+01 1.702734018806289227e-03
2.521260630315157414e+01 1.794338757785341127e-03
2.525262631315657913e+01 1.897061797229896265e-03
2.529264632316158057e+01 2.012503410274292959e-03
2.533266633316658201e+01 2.142645372764464574e-03
2.537268634317158345e+01 2.289964497684289415e-03
2.541270635317658844e+01 2.457592180959627687e-03
2.545272636318158987e+01 2.649542160074838323e-03
2.549274637318659131e+01 2.871040749646600054e-03
2.553276638319159630e+01 3.129011997744067172e-03
2.557278639319659774e+01 3.432795171151263938e-03
2.561280640320159918e+01 3.795196927570304666e-03
2.565282641320660417e+01 4.233967797708309937e-03
2.569284642321160561e+01 4.773594268733693212e-03
2.573286643321660705e+01 5.446413860415648227e-03
2.577288644322160849e+01 6.289075104108759681e-03
2.581290645322661348e+01 7.322809570112279870e-03
2.585292646323161492e+01 8.498303820170909073e-03
2.589294647323661636e+01 9.625086900189037606e-03
2.593296648324162135e+01 1.044899785800602887e-02
2.597298649324662279e+01 1.095464377549391390e-02
2.601300650325162422e+01 1.143246897615247080e-02
2.605302651325662922e+01 1.218760397625022474e-02
2.609304652326163065e+01 1.339804015889156305e-02
2.613306653326663209e+01 1.517902339953231677e-02
2.617308654327163353e+01 1.766345461711952419e-02
2.621310655327663852e+01 2.104892864532547855e-02
2.625312656328163996e+01 2.562987928560229306e-02
2.629314657328664140e+01 3.183487428415437276e-02
2.633316658329164639e+01 4.026744384047922787e-02
2.637318659329664783e+01 5.166322519664771212e-02
2.641320660330164927e+01 6.659428338375432410e-02
2.645322661330665426e+01 8.467717298570141826e-02
2.649324662331165570e+01 1.028190719092941519e-01
2.653326663331665713e+01 1.137122509930187791e-01
2.657328664332165857e+01 1.103836728248814708e-01
2.661330665332666356e+01 9.479054504828571259e-02
2.665332666333166500e+01 7.533374373723013273e-02
2.669334667333666644e+01 5.803045322326613048e-02
2.673336668334167143e+01 4.460636764578274072e-02
2.677338669334667287e+01 3.469202087831745746e-02
2.681340670335167431e+01 2.743885073229359456e-02
2.685342671335667930e+01 2.209027745945410515e-02
2.689344672336168074e+01 1.808690575005296799e-02
2.693346673336668218e+01 1.503875333367452917e-02
2.697348674337168362e+01 1.267786892415505642e-02
2.701350675337668861e+01 1.081945650119191943e-02
2.705352676338169005e+01 9.334577207870568133e-03
2.709354677338669148e+01 8.131919519586503636e-03
2.713356678339169648e+01 7.145786864855248506e-03
2.717358679339669791e+01 6.328163341758264414e-03
2.721360680340169935e+01 5.643422445167268868e-03
2.725362681340670434e+01 5.064752561909895839e-03
2.729364682341170578e+01 4.571707651227927861e-03
2.733366683341670722e+01 4.148504431859310372e-03
2.737368684342170866e+01 3.782821634725277993e-03
2.741370685342671365e+01 3.464941723259206893e-03
2.745372686343171509e+01 3.187129546742335350e-03
2.749374687343671653e+01 2.943177228961370209e-03
2.753376688344172152e+01 2.728067332606239244e-03
2.757378689344672296e+01 2.537721390623377555e-03
2.761380690345172439e+01 2.368811013728597432e-03
2.765382691345672583e+01 2.218615711043744020e-03
2.769384692346173082e+01 2.084916421845539863e-03
2.773386693346673226e+01 1.965917297196375767e-03
2.777388694347173370e+01 1.860191013656894814e-03
2.781390695347673869e+01 1.766645248729262077e-03
2.785392696348174013e+01 1.684510249897759344e-03
2.789394697348674157e+01 1.613350026067958930e-03
2.793396698349174656e+01 1.553102871355998421e-03
2.797398699349674800e+01 1.504160612000570276e-03
2.801400700350174944e+01 1.467498356835143271e-03
2.805402701350675088e+01 1.444859409596510949e-03
2.809404702351175587e+01 1.438953622329984614e-03
2.813406703351675731e+01 1.453450827737588769e-03
2.817408704352175874e+01 1.492044347868835396e-03
2.821410705352676374e+01 1.555035872158078147e-03
2.825412706353176517e+01 1.633239697868260013e-03
2.829414707353676661e+01 1.709201083293743683e-03
2.833416708354177160e+01 1.780124811765838692e-03
2.837418709354677304e+01 1.874328677557918817e-03
2.841420710355177448e+01 2.026217599562491530e-03
2.845422711355677592e+01 2.239334044537416666e-03
2.849424712356178091e+01 2.453542495832419790e-03
2.853426713356678235e+01 2.540494833392771806e-03
2.857428714357178379e+01 2.407280553282721211e-03
2.861430715357678878e+01 2.112584783268041388e-03
2.865432716358179022e+01 1.786405666017585724e-03
2.869434717358679165e+01 1.506079516596786627e-03
2.873436718359179665e+01 1.288231760531707414e-03
2.877438719359679808e+01 1.123988321683240402e-03
2.881440720360179952e+01 9.999816553732878040e-04
2.885442721360680096e+01 9.050020182993120639e-04
2.889444722361180595e+01 8.309206935226965936e-04
2.893446723361680739e+01 7.721177694597336754e-04
2.897448724362180883e+01 7.247636348139493588e-04
2.901450725362681382e+01 6.862626186496334577e-04
2.905452726363181526e+01 6.548761585987429535e-04
2.909454727363681670e+01 6.294847651839249360e-04
2.913456728364182169e+01 6.094503267193359265e-04
2.917458729364682313e+01 5.945532083901957764e-04
2.921460730365182457e+01 5.849881046251867054e-04
2.925462731365682600e+01 5.813988484451230836e-04
2.929464732366183100e+01 5.848886654484178197e-04
2.933466733366683243e+01 5.967824988955163900e-04
2.937468734367183387e+01 6.175094278130891260e-04
2.941470735367683886e+01 6.435636562111127831e-04
2.945472736368184030e+01 6.636508746089681519e-04
2.949474737368684174e+01 6.628971886890372336e-04
2.953476738369184673e+01 6.391000201626109234e-04
2.957478739369684817e+01 6.060191791037499104e-04
2.961480740370184961e+01 5.774094441740260921e-04
2.965482741370685105e+01 5.591661321648284987e-04
2.969484742371185604e+01 5.523907190375594621e-04
2.973486743371685748e+01 5.570906076426785725e-04
2.977488744372185892e+01 5.738808793483854767e-04
2.981490745372686391e+01 6.046499754385174655e-04
2.985492746373186534e+01 6.529970228377839601e-04
2.989494747373686678e+01 7.247309870506310437e-04
2.993496748374187177e+01 8.282983521785439130e-04
2.997498749374687321e+01 9.741713058982001293e-04
3.001500750375187465e+01 1.170019015659912610e-03
3.005502751375687609e+01 1.404760008882705241e-03
3.009504752376188108e+01 1.619445770618363782e-03
3.013506753376688252e+01 1.706160892722197132e-03
3.017508754377188396e+01 1.602724403684935772e-03
3.021510755377688895e+01 1.373689650139757771e-03
3.025512756378189039e+01 1.126415470051380166e-03
3.029514757378689183e+01 9.183388874818543789e-04
3.033516758379189682e+01 7.596455366725454695e-04
3.037518759379689826e+01 6.422663158764954855e-04
3.041520760380189969e+01 5.554574686336776314e-04
3.045522761380690113e+01 4.904313162036684406e-04
3.049524762381190612e+01 4.408652569378352943e-04
3.053526763381690756e+01 4.023899970380787929e-04
3.057528764382190900e+01 3.720094246251424703e-04
3.061530765382691399e+01 3.476577181923817816e-04
3.065532766383191543e+01 3.278958085882589888e-04
3.069534767383691687e+01 3.117107581708364783e-04
3.073536768384192186e+01 2.983845675997109470e-04
3.077538769384692330e+01 2.874086297771917780e-04
3.081540770385192474e+01 2.784283485912044569e-04
3.085542771385692618e+01 2.712082947658437282e-04
3.089544772386193117e+01 2.656122309061375035e-04
3.093546773386693260e+01 2.615950820840862103e-04
3.097548774387193404e+01 2.592059160983161662e-04
3.101550775387693903e+01 2.586022305946219309e-04
3.105552776388194047e+01 2.600750951243678750e-04
3.109554777388694191e+01 2.640768952995123939e-04
3.113556778389194335e+01 2.712123220883039493e-04
3.117558779389694834e+01 2.820594482851056825e-04
3.121560780390194978e+01 2.965057558772550691e-04
3.125562781390695122e+01 3.123773469117355791e-04
3.129564782391195621e+01 3.249287429277886142e-04
3.133566783391695765e+01 3.308681246263182755e-04
3.137568784392195909e+01 3.333269037116445800e-04
3.141570785392696408e+01 3.388981347912470321e-04
3.145572786393196552e+01 3.525993807870773694e-04
3.149574787393696695e+01 3.776750455081253764e-04
3.153576788394196839e+01 4.174024646531803925e-04
3.157578789394697338e+01 4.763833595222892003e-04
3.161580790395197482e+01 5.609317824488253227e-04
3.165582791395697626e+01 6.776317352877629045e-04
3.169584792396198125e+01 8.267688373399348801e-04
3.173586793396698269e+01 9.859970892112524931e-04
3.177588794397198413e+01 1.094426198124781027e-03
3.181590795397698912e+01 1.084830458994172483e-03
3.185592796398199056e+01 9.616037977902863092e-04
3.189594797398699200e+01 7.947211639387357111e-04
3.193596798399199344e+01 6.413623491849840177e-04
3.197598799399699843e+01 5.205225657795374116e-04
3.201600800400200342e+01 4.304952611740627683e-04
3.205602801400700486e+01 3.641888342200696408e-04
3.209604802401200629e+01 3.149485648546073769e-04
3.213606803401700773e+01 2.777795291348159035e-04
3.217608804402200917e+01 2.491833468469997867e-04
3.221610805402701061e+01 2.267548920458560644e-04
3.225612806403201205e+01 2.088373007046444459e-04
3.229614807403702059e+01 1.942766810303700182e-04
3.233616808404202203e+01 1.822576774101531316e-04
3.237618809404702347e+01 1.721950815058769858e-04
3.241620810405202491e+01 1.636623405366531222e-04
3.245622811405702635e+01 1.563439988623707222e-04
3.249624812406202778e+01 1.500036841234647536e-04
3.253626813406702922e+01 1.444622841580330821e-04
3.257628814407203777e+01 1.395828996812504175e-04
3.261630815407703921e+01 1.352603849849137155e-04
3.265632816408204064e+01 1.314140710341865073e-04
3.269634817408704208e+01 1.279827742224095536e-04
3.273636818409204352e+01 1.249215391518763616e-04
3.277638819409704496e+01 1.221998166216796747e-04
3.281640820410205350e+01 1.198009881767363595e-04
3.285642821410705494e+01 1.177233522208007003e-04
3.289644822411205638e+01 1.159829019423770560e-04
3.293646823411705782e+01 1.146184116081295986e-04
3.297648824412205926e+01 1.136992456285926034e-04
3.301650825412706070e+01 1.133348888983796087e-04
3.305652826413206213e+01 1.136790214504031877e-04
3.309654827413707068e+01 1.149004016034190190e-04
3.313656828414207212e+01 1.170420162752554847e-04
3.317658829414707355e+01 1.196447919792640251e-04
3.321660830415207499e+01 1.212990455571550047e-04
3.325662831415707643e+01 1.202285447591514727e-04
3.329664832416207787e+01 1.162510509933583215e-04
3.333666833416707931e+01 1.110240769715344517e-04
3.337668834417208785e+01 1.061015403344758856e-04
3.341670835417708929e+01 1.020716848255067333e-04
3.345672836418209073e+01 9.894112704141216680e-05
3.349674837418709217e+01 9.655226368489278847e-05
3.353676838419209361e+01 9.475508981318967816e-05
3.357678839419709504e+01 9.344923043964824499e-05
3.361680840420210359e+01 9.258586142051724243e-05
3.365682841420710503e+01 9.216362455725425357e-05
3.369684842421210647e+01 9.222866035625985263e-05
3.373686843421710790e+01 9.288165513218110995e-05
3.377688844422210934e+01 9.429284867695420414e-05
3.381690845422711078e+01 9.672321214416867562e-05
3.385692846423211222e+01 1.005385544464070045e-04
3.389694847423712076e+01 1.061633561557419358e-04
3.393696848424212220e+01 1.138147732923042459e-04
3.397698849424712364e+01 1.227199293989993589e-04
3.401700850425212508e+01 1.299529766316381016e-04
3.405702851425712652e+01 1.311216667660596491e-04
3.409704852426212796e+01 1.248117776106139835e-04
3.413706853426712939e+01 1.144783689764984137e-04
3.417708854427213794e+01 1.041627926191709638e-04
3.421710855427713938e+01 9.564772123527704156e-05
3.425712856428214081e+01 8.908750290409375803e-05
3.429714857428714225e+01 8.409865847632555600e-05
3.433716858429214369e+01 8.025859050903582390e-05
3.437718859429714513e+01 7.723597510281879049e-05
3.441720860430214657e+01 7.479541929644756987e-05
3.445722861430715511e+01 7.277451833308255563e-05
3.449724862431215655e+01 7.106148193988736056e-05
3.453726863431715799e+01 6.957863949946556587e-05
3.457728864432215943e+01 6.827124881157935578e-05
3.461730865432716087e+01 6.710009792315415494e-05
3.465732866433216230e+01 6.603663000991976480e-05
3.469734867433717085e+01 6.505970806381890974e-05
3.473736868434217229e+01 6.415344228141443470e-05
3.477738869434717373e+01 6.330571066290041225e-05
3.481740870435217516e+01 6.250713681581708796e-05
3.485742871435717660e+01 6.175037328464841400e-05
3.489744872436217804e+01 6.102959190513437739e-05
3.493746873436717948e+01 6.034011641666882781e-05
3.497748874437218802e+01 5.967815417876147353e-05
3.501750875437718946e+01 5.904059784866617954e-05
3.505752876438219090e+01 5.842487707642650283e-05
3.509754877438719234e+01 5.782884639202566247e-05
3.513756878439219378e+01 5.725069958128766405e-05
3.517758879439719522e+01 5.668890365911216254e-05
3.521760880440219665e+01 5.614214749021961446e-05
3.525762881440720520e+01 5.560930146387933412e-05
3.529764882441220664e+01 5.508938558711092671e-05
3.533766883441720807e+01 5.458154404474160112e-05
3.537768884442220951e+01 5.408502476786720194e-05
3.541770885442721095e+01 5.359916291130953706e-05
3.545772886443221239e+01 5.312336740447285891e-05
3.549774887443722093e+01 5.265710993552243758e-05
3.553776888444222237e+01 5.219991587492380669e-05
3.557778889444722381e+01 5.175135675443268325e-05
3.561780890445222525e+01 5.131104400114952963e-05
3.565782891445722669e+01 5.087862369008455291e-05
3.569784892446222813e+01 5.045377212780770846e-05
3.573786893446722956e+01 5.003619211781011134e-05
3.577788894447223811e+01 4.962560978786329739e-05
3.581790895447723955e+01 4.922177188291923712e-05
3.585792896448224099e+01 4.882444344543069719e-05
3.589794897448724242e+01 4.843340581951586545e-05
3.593796898449224386e+01 4.804845492697718397e-05
3.597798899449724530e+01 4.766939977247064127e-05
3.601800900450224674e+01 4.729606114259440799e-05
3.605802901450725528e+01 4.692827046970818945e-05
3.609804902451225672e+01 4.656586883620521662e-05
3.613806903451725816e+01 4.620870609896172559e-05
3.617808904452225960e+01 4.585664011697092687e-05
3.621810905452726104e+01 4.550953606786518137e-05
3.625812906453226248e+01 4.516726584125889437e-05
3.629814907453727102e+01 4.482970749868907007e-05
3.633816908454227246e+01 4.449674479146763749e-05
3.637818909454727390e+01 4.416826672903844108e-05
3.641820910455227533e+01 4.384416719150721641e-05
3.645822911455727677e+01 4.352434458091212203e-05
3.649824912456227821e+01 4.320870150656293929e-05
3.653826913456727965e+01 4.289714450041879143e-05
3.657828914457228819e+01 4.258958375901875299e-05
3.661830915457728963e+01 4.228593290894236379e-05
3.665832916458229107e+01 4.198610879317140585e-05
3.669834917458729251e+01 4.169003127606266113e-05
3.673836918459229395e+01 4.139762306492912873e-05
3.677838919459729539e+01 4.110880954647737324e-05
3.681840920460229682e+01 4.082351863656048845e-05
3.685842921460730537e+01 4.054168064189403957e-05
3.689844922461230681e+01 4.026322813253983374e-05
3.693846923461730825e+01 3.998809582410213623e-05
3.697848924462230968e+01 3.971622046870262429e-05
3.701850925462731112e+01 3.944754075390423013e-05
3.705852926463231256e+01 3.918199720884663599e-05
3.709854927463732110e+01 3.891953211693676069e-05
3.713856928464232254e+01 3.866008943450789431e-05
3.717858929464732398e+01 3.840361471492266624e-05
3.721860930465232542e+01 3.815005503765115942e-05
3.725862931465732686e+01 3.789935894190154891e-05
3.729864932466232830e+01 3.765147636442501368e-05
3.733866933466732974e+01 3.740635858115306590e-05
3.737868934467233828e+01 3.716395815235946562e-05
3.741870935467733972e+01 3.692422887106902287e-05
3.745872936468234116e+01 3.668712571446051203e-05
3.749874937468734259e+01 3.645260479803615858e-05
3.753876938469234403e+01 3.622062333235029011e-05
3.757878939469734547e+01 3.599113958210840565e-05
3.761880940470234691e+01 3.576411282746567115e-05
3.765882941470735545e+01 3.553950332736754357e-05
3.769884942471235689e+01 3.531727228479065577e-05
3.773886943471735833e+01 3.509738181375212333e-05
3.777888944472235977e+01 3.487979490796870206e-05
3.781890945472736121e+01 3.466447541105535673e-05
3.785892946473236265e+01 3.445138798816270849e-05
3.789894947473736408e+01 3.424049809896095962e-05
3.793896948474237263e+01 3.403177197188433890e-05
3.797898949474737407e+01 3.382517657955872326e-05
3.801900950475237551e+01 3.362067961533838468e-05
3.805902951475737694e+01 3.341824947088618001e-05
3.809904952476237838e+01 3.321785521473463889e-05
3.813906953476737982e+01 3.301946657177031754e-05
3.817908954477238836e+01 3.282305390358901084e-05
3.821910955477738980e+01 3.262858818967179355e-05
3.825912956478239124e+01 3.243604100933602217e-05
3.829914957478739268e+01 3.224538452441927096e-05
3.833916958479239412e+01 3.205659146265580890e-05
3.837918959479739556e+01 3.186963510170902580e-05
3.841920960480239700e+01 3.168448925382505194e-05
3.845922961480740554e+01 3.150112825107552646e-05
3.849924962481240698e+01 3.131952693115935328e-05
3.853926963481740842e+01 3.113966062373497068e-05
3.857928964482240985e+01 3.096150513725720859e-05
3.861930965482741129e+01 3.078503674629374945e-05
3.865932966483241273e+01 3.061023217929792305e-05
3.869934967483741417e+01 3.043706860681616132e-05
3.873936968484242271e+01 3.026552363010968962e-05
3.877938969484742415e+01 3.009557527017117241e-05
3.881940970485242559e+01 2.992720195711787539e-05
3.885942971485742703e+01 2.976038251994499943e-05
3.889944972486242847e+01 2.959509617662236454e-05
3.893946973486742991e+01 2.943132252451969170e-05
3.897948974487243845e+01 2.926904153114601200e-05
3.901950975487743989e+01 2.910823352518980293e-05
3.905952976488244133e+01 2.894887918784665171e-05
3.909954977488744277e+01 2.879095954442304121e-05
3.913956978489244420e+01 2.863445595620406456e-05
3.917958979489744564e+01 2.847935011257479561e-05
3.921960980490244708e+01 2.832562402338450712e-05
3.925962981490745562e+01 2.817326001154448040e-05
3.929964982491245706e+01 2.802224070584977367e-05
3.933966983491745850e+01 2.787254903401620813e-05
3.937968984492245994e+01 2.772416821592436540e-05
3.941970985492746138e+01 2.757708175706253601e-05
3.945972986493246282e+01 2.743127344216098566e-05
3.949974987493746426e+01 2.728672732901043070e-05
3.953976988494247280e+01 2.714342774245785526e-05
3.957978989494747424e+01 2.700135926857316813e-05
3.961980990495247568e+01 2.686050674898019083e-05
3.965982991495747711e+01 2.672085527534644739e-05
3.969984992496247855e+01 2.658239018402581310e-05
3.973986993496747999e+01 2.644509705084858086e-05
3.977988994497248854e+01 2.630896168605392736e-05
3.981990995497748997e+01 2.617397012935971710e-05
3.985992996498249141e+01 2.604010864516486041e-05
3.989994997498749285e+01 2.590736371787974272e-05
3.993996998499249429e+01 2.577572204738063586e-05
3.997998999499749573e+01 2.564517054458335455e-05
4.002001000500249717e+01 2.551569632713275658e-05
4.006003001500750571e+01 2.538728671520395643e-05
4.010005002501250715e+01 2.525992922741183039e-05
4.014007003501750859e+01 2.513361157682480836e-05
4.018009004502251003e+01 2.500832166708029941e-05
4.022011005502751146e+01 2.488404758859793955e-05
4.026013006503251290e+01 2.476077761488784603e-05
4.030015007503751434e+01 2.463850019895079169e-05
4.034017008504252289e+01 2.451720396976741606e-05
4.038019009504752432e+01 2.439687772887399298e-05
4.042021010505252576e+01 2.427751044702139389e-05
4.046023011505752720e+01 2.415909126091574566e-05
4.050025012506252864e+01 2.404160947003738822e-05
4.054027013506753008e+01 2.392505453353623791e-05
4.058029014507253862e+01 2.380941606720124931e-05
4.062031015507754006e+01 2.369468384050168506e-05
4.066033016508254150e+01 2.358084777369812032e-05
4.070035017508754294e+01 2.346789793502108100e-05
4.074037018509254438e+01 2.335582453791561851e-05
4.078039019509754581e+01 2.324461793834950340e-05
4.082041020510254725e+01 2.313426863218364890e-05
4.086043021510755580e+01 2.302476725260260929e-05
4.090045022511255723e+01 2.291610456760385912e-05
4.094047023511755867e+01 2.280827147754371849e-05
4.098049024512256011e+01 2.270125901273888441e-05
4.102051025512756155e+01 2.259505833112163353e-05
4.106053026513256299e+01 2.248966071594732071e-05
4.110055027513756443e+01 2.238505757355284520e-05
4.114057028514257297e+01 2.228124043116466493e-05
4.118059029514757441e+01 2.217820093475489175e-05
4.122061030515257585e+01 2.207593084694424451e-05
4.126063031515757729e+01 2.197442204495079275e-05
4.130065032516257872e+01 2.187366651858297994e-05
4.134067033516758016e+01 2.177365636827597743e-05
4.138069034517258160e+01 2.167438380317006830e-05
4.142071035517759015e+01 2.157584113923012573e-05
4.146073036518259158e+01 2.147802079740509178e-05
4.150075037518759302e+01 2.138091530182617905e-05
4.154077038519259446e+01 2.128451727804321931e-05
4.158079039519759590e+01 2.118881945129785134e-05
4.162081040520259734e+01 2.109381464483272458e-05
4.166083041520760588e+01 2.099949577823589190e-05
4.170085042521260732e+01 2.090585586581938189e-05
4.174087043521760876e+01 2.081288801503110354e-05
4.178089044522261020e+01 2.072058542489931091e-05
4.182091045522761164e+01 2.062894138450893991e-05
4.186093046523261307e+01 2.053794927150869243e-05
4.190095047523761451e+01 2.044760255064848148e-05
4.194097048524262306e+01 2.035789477234622094e-05
4.198099049524762449e+01 2.026881957128357707e-05
4.202101050525262593e+01 2.018037066502942480e-05
4.206103051525762737e+01 2.009254185269103923e-05
4.210105052526262881e+01 2.000532701359182295e-05
4.214107053526763025e+01 1.991872010597516951e-05
4.218109054527263169e+01 1.983271516573381909e-05
4.222111055527764023e+01 1.974730630516407295e-05
4.226113056528264167e+01 1.966248771174432448e-05
4.230115057528764311e+01 1.957825364693727331e-05
4.234117058529264455e+01 1.949459844501527693e-05
4.238119059529764598e+01 1.941151651190853840e-05
4.242121060530264742e+01 1.932900232407514399e-05
4.246123061530765597e+01 1.924705042739288330e-05
4.250125062531265741e+01 1.916565543607214674e-05
4.254127063531765884e+01 1.908481203158941965e-05
4.258129064532266028e+01 1.900451496164096621e-05
4.262131065532766172e+01 1.892475903911625592e-05
4.266133066533266316e+01 1.884553914109061116e-05
4.270135067533766460e+01 1.876685020783673319e-05
4.274137068534267314e+01 1.868868724185458857e-05
4.278139069534767458e+01 1.861104530691946613e-05
4.282141070535267602e+01 1.853391952714734383e-05
4.286143071535767746e+01 1.845730508607783672e-05
4.290145072536267890e+01 1.838119722577371279e-05
4.294147073536768033e+01 1.830559124593708866e-05
4.298149074537268177e+01 1.823048250304157994e-05
4.302151075537769032e+01 1.815586640948035207e-05
4.306153076538269175e+01 1.808173843272958050e-05
4.310155077538769319e+01 1.800809409452689300e-05
4.314157078539269463e+01 1.793492897006479449e-05
4.318159079539769607e+01 1.786223868719837268e-05
4.322161080540269751e+01 1.779001892566727802e-05
4.326163081540770605e+01 1.771826541633150345e-05
4.330165082541270749e+01 1.764697394042071671e-05
4.334167083541770893e+01 1.757614032879694187e-05
4.338169084542271037e+01 1.750576046123015304e-05
4.342171085542771181e+01 1.743583026568667858e-05
4.346173086543271324e+01 1.736634571762999578e-05
4.350175087543771468e+01 1.729730283933380065e-05
4.354177088544272323e+01 1.722869769920700735e-05
4.358179089544772467e+01 1.716052641113046727e-05
4.362181090545272610e+01 1.709278513380508557e-05
4.366183091545772754e+01 1.702547007011128821e-05
4.370185092546272898e+01 1.695857746647944599e-05
4.374187093546773042e+01 1.689210361227104926e-05
4.378189094547273186e+01 1.682604483917052134e-05
4.382191095547774040e+01 1.676039752058728095e-05
4.386193096548274184e+01 1.669515807106810811e-05
4.390195097548774328e+01 1.663032294571928466e-05
4.394197098549274472e+01 1.656588863963855701e-05
4.398199099549774616e+01 1.650185168735669416e-05
4.402201100550274759e+01 1.643820866228833582e-05
4.406203101550775614e+01 1.637495617619205305e-05
4.410205102551275758e+01 1.631209087863941438e-05
4.414207103551775901e+01 1.624960945649278664e-05
4.418209104552276045e+01 1.618750863339196862e-05
4.422211105552776189e+01 1.612578516924907484e-05
4.426213106553276333e+01 1.606443585975194719e-05
4.430215107553776477e+01 1.600345753587554236e-05
4.434217108554277331e+01 1.594284706340148451e-05
4.438219109554777475e+01 1.588260134244530574e-05
4.442221110555277619e+01 1.582271730699148259e-05
4.446223111555777763e+01 1.576319192443596367e-05
4.450225112556277907e+01 1.570402219513616484e-05
4.454227113556778050e+01 1.564520515196813016e-05
4.458229114557278194e+01 1.558673785989089612e-05
4.462231115557779049e+01 1.552861741551782516e-05
4.466233116558279193e+01 1.547084094669479344e-05
4.470235117558779336e+01 1.541340561208509390e-05
4.474237118559279480e+01 1.535630860076092242e-05
4.478239119559779624e+01 1.529954713180146743e-05
4.482241120560279768e+01 1.524311845389718294e-05
4.486243121560779912e+01 1.518701984496041086e-05
4.490245122561280766e+01 1.513124861174214434e-05
4.494247123561780910e+01 1.507580208945473726e-05
4.498249124562281054e+01 1.502067764140057006e-05
4.502251125562781198e+01 1.496587265860644326e-05
4.506253126563281342e+01 1.491138455946377814e-05
4.510255127563781485e+01 1.485721078937425546e-05
4.514257128564282340e+01 1.480334882040108012e-05
4.518259129564782484e+01 1.474979615092553809e-05
4.522261130565282627e+01 1.469655030530884735e-05
4.526263131565782771e+01 1.464360883355924507e-05
4.530265132566282915e+01 1.459096931100416390e-05
4.534267133566783059e+01 1.453862933796734469e-05
4.538269134567283203e+01 1.448658653945099413e-05
4.542271135567784057e+01 1.443483856482264684e-05
4.546273136568284201e+01 1.438338308750688269e-05
4.550275137568784345e+01 1.433221780468159087e-05
4.554277138569284489e+01 1.428134043697890634e-05
4.558279139569784633e+01 1.423074872819061345e-05
4.562281140570284776e+01 1.418044044497794567e-05
4.566283141570784920e+01 1.413041337658576445e-05
4.570285142571285775e+01 1.408066533456096489e-05
4.574287143571785919e+01 1.403119415247511643e-05
4.578289144572286062e+01 1.398199768565118293e-05
4.582291145572786206e+01 1.393307381089427973e-05
4.586293146573286350e+01 1.388442042622648113e-05
4.590295147573786494e+01 1.383603545062546334e-05
4.594297148574287348e+01 1.378791682376698271e-05
4.598299149574787492e+01 1.374006250577123514e-05
4.602301150575287636e+01 1.369247047695275773e-05
4.606303151575787780e+01 1.364513873757413527e-05
4.610305152576287924e+01 1.359806530760320511e-05
4.614307153576788068e+01 1.355124822647378384e-05
4.618309154577288211e+01 1.350468555284994648e-05
4.622311155577789066e+01 1.345837536439355667e-05
4.626313156578289210e+01 1.341231575753532883e-05
4.630315157578789353e+01 1.336650484724901938e-05
4.634317158579289497e+01 1.332094076682897217e-05
4.638319159579789641e+01 1.327562166767076913e-05
4.642321160580289785e+01 1.323054571905506406e-05
4.646323161580789929e+01 1.318571110793448272e-05
4.650325162581290783e+01 1.314111603872349256e-05
4.654327163581790927e+01 1.309675873309136418e-05
4.658329164582291071e+01 1.305263742975793981e-05
4.662331165582791215e+01 1.300875038429236134e-05
4.666333166583291359e+01 1.296509586891460544e-05
4.670335167583791502e+01 1.292167217229979180e-05
4.674337168584292357e+01 1.287847759938524093e-05
4.678339169584792501e+01 1.283551047118025766e-05
4.682341170585292645e+01 1.279276912457850652e-05
4.686343171585792788e+01 1.275025191217303673e-05
4.690345172586292932e+01 1.270795720207386857e-05
4.694347173586793076e+01 1.266588337772811406e-05
4.698349174587293220e+01 1.262402883774254218e-05
4.702351175587794074e+01 1.258239199570861748e-05
4.706353176588294218e+01 1.254097128002997806e-05
4.710355177588794362e+01 1.249976513375220909e-05
4.714357178589294506e+01 1.245877201439495914e-05
4.718359179589794650e+01 1.241799039378643508e-05
4.722361180590294794e+01 1.237741875790000938e-05
4.726363181590794937e+01 1.233705560669319070e-05
4.730365182591295792e+01 1.229689945394866290e-05
4.734367183591795936e+01 1.225694882711754668e-05
4.738369184592296079e+01 1.221720226716476015e-05
4.742371185592796223e+01 1.217765832841641911e-05
4.746373186593296367e+01 1.213831557840936496e-05
4.750375187593796511e+01 1.209917259774265111e-05
4.754377188594297365e+01 1.206022797993103841e-05
4.758379189594797509e+01 1.202148033126044561e-05
4.762381190595297653e+01 1.198292827064532087e-05
4.766383191595797797e+01 1.194457042948791231e-05
4.770385192596297941e+01 1.190640545153938510e-05
4.774387193596798085e+01 1.186843199276284608e-05
4.778389194597298228e+01 1.183064872119807430e-05
4.782391195597799083e+01 1.179305431682809127e-05
4.786393196598299227e+01 1.175564747144752868e-05
4.790395197598799371e+01 1.171842688853260376e-05
4.794397198599299514e+01 1.168139128311293778e-05
4.798399199599799658e+01 1.164453938164489074e-05
4.802401200600299802e+01 1.160786992188674769e-05
4.806403201600799946e+01 1.157138165277530939e-05
4.810405202601300800e+01 1.153507333430425332e-05
4.814407203601800944e+01 1.149894373740399393e-05
4.818409204602301088e+01 1.146299164382308611e-05
4.822411205602801232e+01 1.142721584601121952e-05
4.826413206603301376e+01 1.139161514700363580e-05
4.830415207603801520e+01 1.135618836030712136e-05
4.834417208604301663e+01 1.132093430978736725e-05
4.838419209604802518e+01 1.128585182955784857e-05
4.842421210605302662e+01 1.125093976387009476e-05
4.846423211605802805e+01 1.121619696700530325e-05
4.850425212606302949e+01 1.118162230316743208e-05
4.854427213606803093e+01 1.114721464637757653e-05
4.858429214607303237e+01 1.111297288036968756e-05
4.862431215607804091e+01 1.107889589848763017e-05
4.866433216608304235e+01 1.104498260358354961e-05
4.870435217608804379e+01 1.101123190791746410e-05
4.874437218609304523e+01 1.097764273305816030e-05
4.878439219609804667e+01 1.094421400978532370e-05
4.882441220610304811e+01 1.091094467799289051e-05
4.886443221610804954e+01 1.087783368659359208e-05
4.890445222611305809e+01 1.084487999342470050e-05
4.894447223611805953e+01 1.081208256515495829e-05
4.898449224612306097e+01 1.077944037719263129e-05
4.902451225612806240e+01 1.074695241359469150e-05
4.906453226613306384e+01 1.071461766697720265e-05
4.910455227613806528e+01 1.068243513842670701e-05
4.914457228614306672e+01 1.065040383741274557e-05
4.918459229614807526e+01 1.061852278170147077e-05
4.922461230615307670e+01 1.058679099727032153e-05
4.926463231615807814e+01 1.055520751822365706e-05
4.930465232616307958e+01 1.052377138670954267e-05
4.934467233616808102e+01 1.049248165283743168e-05
4.938469234617308246e+01 1.046133737459699428e-05
4.942471235617809100e+01 1.043033761777772224e-05
4.946473236618309244e+01 1.039948145588974319e-05
4.950475237618809388e+01 1.036876797008538029e-05
4.954477238619309531e+01 1.033819624908181980e-05
4.958479239619809675e+01 1.030776538908459184e-05
4.962481240620309819e+01 1.027747449371205737e-05
4.966483241620809963e+01 1.024732267392074228e-05
4.970485242621310817e+01 1.021730904793157942e-05
4.974487243621810961e+01 1.018743274115706716e-05
4.978489244622311105e+01 1.015769288612923435e-05
4.982491245622811249e+01 1.012808862242849796e-05
4.986493246623311393e+01 1.009861909661338822e-05
4.990495247623811537e+01 1.006928346215102749e-05
4.994497248624311680e+01 1.004008087934855788e-05
4.998499249624812535e+01 1.001101051528520582e-05
5.002501250625312679e+01 9.982071543745352896e-06
5.006503251625812823e+01 9.953263145152209799e-06
5.010505252626312966e+01 9.924584506502349130e-06
5.014507253626813110e+01 9.896034821301046301e-06
5.018509254627313254e+01 9.867613289498270950e-06
5.022511255627814108e+01 9.839319117425522000e-06
5.026513256628314252e+01 9.811151517733382693e-06
5.030515257628814396e+01 9.783109709329712599e-06
5.034517258629314540e+01 9.755192917318671408e-06
5.038519259629814684e+01 9.727400372940405099e-06
5.042521260630314828e+01 9.699731313511386025e-06
5.046523261630814972e+01 9.672184982365544120e-06
5.050525262631315826e+01 9.644760628795936825e-06
5.054527263631815970e+01 9.617457507997242326e-06
5.058529264632316114e+01 9.590274881008769482e-06
5.062531265632816257e+01 9.563212014658245333e-06
5.066533266633316401e+01 9.536268181506132844e-06
5.070535267633816545e+01 9.509442659790680495e-06
5.074537268634316689e+01 9.482734733373537680e-06
5.078539269634817543e+01 9.456143691686000303e-06
5.082541270635317687e+01 9.429668829675900117e-06
5.086543271635817831e+01 9.403309447755027698e-06
5.090545272636317975e+01 9.377064851747221179e-06
5.094547273636818119e+01 9.350934352837008955e-06
5.098549274637318263e+01 9.324917267518794474e-06
5.102551275637819117e+01 9.299012917546701731e-06
5.106553276638319261e+01 9.273220629884925577e-06
5.110555277638819405e+01 9.247539736658576709e-06
5.114557278639319549e+01 9.221969575105246628e-06
5.118559279639819692e+01 9.196509487526921580e-06
5.122561280640319836e+01 9.171158821242584287e-06
5.126563281640819980e+01 9.145916928541244275e-06
5.130565282641320835e+01 9.120783166635544186e-06
5.134567283641820978e+01 9.095756897615864145e-06
5.138569284642321122e+01 9.070837488404903852e-06
5.142571285642821266e+01 9.046024310712837271e-06
5.146573286643321410e+01 9.021316740992868811e-06
5.150575287643821554e+01 8.996714160397389207e-06
5.154577288644321698e+01 8.972215954734497317e-06
5.158579289644822552e+01 8.947821514425087741e-06
5.162581290645322696e+01 8.923530234460368729e-06
5.166583291645822840e+01 8.899341514359834101e-06
5.170585292646322984e+01 8.875254758129734917e-06
5.174587293646823127e+01 8.851269374221947553e-06
5.178589294647323271e+01 8.827384775493353394e-06
5.182591295647823415e+01 8.803600379165601376e-06
5.186593296648324269e+01 8.779915606785348265e-06
5.190595297648824413e+01 8.756329884184897030e-06
5.194597298649324557e+01 8.732842641443272296e-06
5.198599299649824701e+01 8.709453312847756574e-06
5.202601300650324845e+01 8.686161336855724652e-06
5.206603301650824989e+01 8.662966156057042111e-06
5.210605302651325843e+01 8.639867217136739966e-06
5.214607303651825987e+01 8.616863970838185678e-06
5.218609304652326131e+01 8.593955871926531984e-06
5.222611305652826275e+01 8.571142379152699368e-06
5.226613306653326418e+01 8.548422955217593994e-06
5.230615307653826562e+01 8.525797066736840647e-06
5.234617308654326706e+01 8.503264184205791803e-06
5.238619309654827561e+01 8.480823781964955127e-06
5.242621310655327704e+01 8.458475338165771652e-06
5.246623311655827848e+01 8.436218334736766646e-06
5.250625312656327992e+01 8.414052257350032523e-06
5.254627313656828136e+01 8.391976595388106458e-06
5.258629314657328280e+01 8.369990841911130930e-06
5.262631315657828424e+01 8.348094493624446232e-06
5.266633316658329278e+01 8.326287050846442188e-06
5.270635317658829422e+01 8.304568017476785948e-06
5.274637318659329566e+01 8.282936900964975037e-06
5.278639319659829710e+01 8.261393212279219064e-06
5.282641320660329853e+01 8.239936465875626357e-06
5.286643321660829997e+01 8.218566179667766679e-06
5.290645322661330852e+01 8.197281874996445702e-06
5.294647323661830995e+01 8.176083076599928418e-06
5.298649324662331139e+01 8.154969312584328556e-06
5.302651325662831283e+01 8.133940114394424908e-06
5.306653326663331427e+01 8.112995016784687723e-06
5.310655327663831571e+01 8.092133557790686264e-06
5.314657328664331715e+01 8.071355278700696257e-06
5.318659329664832569e+01 8.050659724027661414e-06
5.322661330665332713e+01 8.030046441481459877e-06
5.326663331665832857e+01 8.009514981941357010e-06
5.330665332666333001e+01 7.989064899428874938e-06
5.334667333666833144e+01 7.968695751080800992e-06
5.338669334667333288e+01 7.948407097122584103e-06
5.342671335667833432e+01 7.928198500841922611e-06
5.346673336668334287e+01 7.908069528562650252e-06
5.350675337668834430e+01 7.888019749618937216e-06
5.354677338669334574e+01 7.868048736329613199e-06
5.358679339669834718e+01 7.848156063972903796e-06
5.362681340670334862e+01 7.828341310761329524e-06
5.366683341670835006e+01 7.808604057816875902e-06
5.370685342671335860e+01 7.788943889146432881e-06
5.374687343671836004e+01 7.769360391617456199e-06
5.378689344672336148e+01 7.749853154933887932e-06
5.382691345672836292e+01 7.730421771612288795e-06
5.386693346673336436e+01 7.711065836958260137e-06
5.390695347673836579e+01 7.691784949043065827e-06
5.394697348674336723e+01 7.672578708680460825e-06
5.398699349674837578e+01 7.653446719403812822e-06
5.402701350675337721e+01 7.634388587443420387e-06
5.406703351675837865e+01 7.615403921704024247e-06
5.410705352676338009e+01 7.596492333742592153e-06
5.414707353676838153e+01 7.577653437746290940e-06
5.418709354677338297e+01 7.558886850510682205e-06
5.422711355677838441e+01 7.540192191418160237e-06
5.426713356678339295e+01 7.521569082416519542e-06
5.430715357678839439e+01 7.503017147997852711e-06
5.434717358679339583e+01 7.484536015177551626e-06
5.438719359679839727e+01 7.466125313473561931e-06
5.442721360680339870e+01 7.447784674885832316e-06
5.446723361680840014e+01 7.429513733875953540e-06
5.450725362681340869e+01 7.411312127347018528e-06
5.454727363681841013e+01 7.393179494623661197e-06
5.458729364682341156e+01 7.375115477432273992e-06
5.462731365682841300e+01 7.357119719881454988e-06
5.466733366683341444e+01 7.339191868442606594e-06
5.470735367683841588e+01 7.321331571930746022e-06
5.474737368684341732e+01 7.303538481485490248e-06
5.478739369684842586e+01 7.285812250552224771e-06
5.482741370685342730e+01 7.268152534863460420e-06
5.486743371685842874e+01 7.250558992420348556e-06
5.490745372686343018e+01 7.233031283474402096e-06
5.494747373686843162e+01 7.215569070509361390e-06
5.498749374687343305e+01 7.198172018223266764e-06
5.502751375687843449e+01 7.180839793510667443e-06
5.506753376688344304e+01 7.163572065445012584e-06
5.510755377688844447e+01 7.146368505261239662e-06
5.514757378689344591e+01 7.129228786338469592e-06
5.518759379689844735e+01 7.112152584182910213e-06
5.522761380690344879e+01 7.095139576410909700e-06
5.526763381690845023e+01 7.078189442732165832e-06
5.530765382691345167e+01 7.061301864933097886e-06
5.534767383691846021e+01 7.044476526860371847e-06
5.538769384692346165e+01 7.027713114404589942e-06
5.542771385692846309e+01 7.011011315484112308e-06
5.546773386693346453e+01 6.994370820029045533e-06
5.550775387693846596e+01 6.977791319965396361e-06
5.554777388694346740e+01 6.961272509199331277e-06
5.558779389694847595e+01 6.944814083601626680e-06
5.562781390695347739e+01 6.928415740992241019e-06
5.566783391695847882e+01 6.912077181125028399e-06
5.570785392696348026e+01 6.895798105672597856e-06
5.574787393696848170e+01 6.879578218211331047e-06
5.578789394697348314e+01 6.863417224206515970e-06
5.582791395697848458e+01 6.847314830997611132e-06
5.586793396698349312e+01 6.831270747783678279e-06
5.590795397698849456e+01 6.815284685608931165e-06
5.594797398699349600e+01 6.799356357348406296e-06
5.598799399699849744e+01 6.783485477693780210e-06
5.602801400700349888e+01 6.767671763139320588e-06
5.606803401700850031e+01 6.751914931967944943e-06
5.610805402701350175e+01 6.736214704237443621e-06
5.614807403701851030e+01 6.720570801766772274e-06
5.618809404702351173e+01 6.704982948122539989e-06
5.622811405702851317e+01 6.689450868605566024e-06
5.626813406703351461e+01 6.673974290237565303e-06
5.630815407703851605e+01 6.658552941747989754e-06
5.634817408704351749e+01 6.643186553560947583e-06
5.638819409704852603e+01 6.627874857782269079e-06
5.642821410705352747e+01 6.612617588186681688e-06
5.646823411705852891e+01 6.597414480205082498e-06
5.650825412706353035e+01 6.582265270911959796e-06
5.654827413706853179e+01 6.567169699012900182e-06
5.658829414707353322e+01 6.552127504832226970e-06
5.662831415707853466e+01 6.537138430300724139e-06
5.666833416708354321e+01 6.522202218943505973e-06
5.670835417708854465e+01 6.507318615867966325e-06
5.674837418709354608e+01 6.492487367751843923e-06
5.678839419709854752e+01 6.477708222831407105e-06
5.682841420710354896e+01 6.462980930889708015e-06
5.686843421710855040e+01 6.448305243245001968e-06
5.690845422711355184e+01 6.433680912739198158e-06
5.694847423711856038e+01 6.419107693726485694e-06
5.698849424712356182e+01 6.404585342061987601e-06
5.702851425712856326e+01 6.390113615090579130e-06
5.706853426713356470e+01 6.375692271635759448e-06
5.710855427713856614e+01 6.361321071988648673e-06
5.714857428714356757e+01 6.346999777897070468e-06
5.718859429714857612e+01 6.332728152554736279e-06
5.722861430715357756e+01 6.318505960590519356e-06
5.726863431715857899e+01 6.304332968057821949e-06
5.730865432716358043e+01 6.290208942424041604e-06
5.734867433716858187e+01 6.276133652560131484e-06
5.738869434717358331e+01 6.262106868730238615e-06
5.742871435717858475e+01 6.248128362581457327e-06
5.746873436718359329e+01 6.234197907133625897e-06
5.750875437718859473e+01 6.220315276769290053e-06
5.754877438719359617e+01 6.206480247223658860e-06
5.758879439719859761e+01 6.192692595574723234e-06
5.762881440720359905e+01 6.178952100233427813e-06
5.766883441720860048e+01 6.165258540933927546e-06
5.770885442721360192e+01 6.151611698723934050e-06
5.774887443721861047e+01 6.138011355955146685e-06
5.778889444722361191e+01 6.124457296273771711e-06
5.782891445722861334e+01 6.110949304611108365e-06
5.786893446723361478e+01 6.097487167174209473e-06
5.790895447723861622e+01 6.084070671436669972e-06
5.794897448724361766e+01 6.070699606129429822e-06
5.798899449724862620e+01 6.057373761231699743e-06
5.802901450725362764e+01 6.044092927961954714e-06
5.806903451725862908e+01 6.030856898768991848e-06
5.810905452726363052e+01 6.017665467323083975e-06
5.814907453726863196e+01 6.004518428507189986e-06
5.818909454727363340e+01 5.991415578408248180e-06
5.822911455727863483e+01 5.978356714308562784e-06
5.826913456728364338e+01 5.965341634677209959e-06
5.830915457728864482e+01 5.952370139161594574e-06
5.834917458729364625e+01 5.939442028578991737e-06
5.838919459729864769e+01 5.926557104908237399e-06
5.842921460730364913e+01 5.913715171281439293e-06
5.846923461730865057e+01 5.900916031975782733e-06
5.850925462731365201e+01 5.888159492405380468e-06
5.854927463731866055e+01 5.875445359113224170e-06
5.858929464732366199e+01 5.862773439763186753e-06
5.862931465732866343e+01 5.850143543132066189e-06
5.866933466733366487e+01 5.837555479101758926e-06
5.870935467733866631e+01 5.825009058651427374e-06
5.874937468734366774e+01 5.812504093849793599e-06
5.878939469734866918e+01 5.800040397847444028e-06
5.882941470735367773e+01 5.787617784869248505e-06
5.886943471735867917e+01 5.775236070206813227e-06
5.890945472736368060e+01 5.762895070210976033e-06
5.894947473736868204e+01 5.750594602284428743e-06
5.898949474737368348e+01 5.738334484874341203e-06
5.902951475737868492e+01 5.726114537465052230e-06
5.906953476738369346e+01 5.713934580570868142e-06
5.910955477738869490e+01 5.701794435728863823e-06
5.914957478739369634e+01 5.689693925491780354e-06
5.918959479739869778e+01 5.677632873420956520e-06
5.922961480740369922e+01 5.665611104079334862e-06
5.926963481740870066e+01 5.653628443024521934e-06
5.930965482741370209e+01 5.641684716801912937e-06
5.934967483741871064e+01 5.629779752937833295e-06
5.938969484742371208e+01 5.617913379932810670e-06
5.942971485742871351e+01 5.606085427254822414e-06
5.946973486743371495e+01 5.594295725332642978e-06
5.950975487743871639e+01 5.582544105549243825e-06
5.954977488744371783e+01 5.570830400235232316e-06
5.958979489744871927e+01 5.559154442662362592e-06
5.962981490745372781e+01 5.547516067037057461e-06
5.966983491745872925e+01 5.535915108494057349e-06
5.970985492746373069e+01 5.524351403090033673e-06
5.974987493746873213e+01 5.512824787797329261e-06
5.978989494747373357e+01 5.501335100497694550e-06
5.982991495747873500e+01 5.489882179976102549e-06
5.986993496748374355e+01 5.478465865914622249e-06
5.990995497748874499e+01 5.467085998886300504e-06
5.994997498749374643e+01 5.455742420349142169e-06
5.998999499749874786e+01 5.444434972640090237e-06
6.003001500750374930e+01 5.433163498969110159e-06
6.007003501750875074e+01 5.421927843413269085e-06
6.011005502751375218e+01 5.410727850910889644e-06
6.015007503751876072e+01 5.399563367255738446e-06
6.019009504752376216e+01 5.388434239091295065e-06
6.023011505752876360e+01 5.377340313904996443e-06
6.027013506753376504e+01 5.366281440022605817e-06
6.031015507753876648e+01 5.355257466602561316e-06
6.035017508754376792e+01 5.344268243630434674e-06
6.039019509754876935e+01 5.333313621913348430e-06
6.043021510755377790e+01 5.322393453074534593e-06
6.047023511755877934e+01 5.311507589547863652e-06
6.051025512756378077e+01 5.300655884572434584e-06
6.055027513756878221e+01 5.289838192187235149e-06
6.059029514757378365e+01 5.279054367225808977e-06
6.063031515757878509e+01 5.268304265310980244e-06
6.067033516758379363e+01 5.257587742849617317e-06
6.071035517758879507e+01 5.246904657027454837e-06
6.075037518759379651e+01 5.236254865803911578e-06
6.079039519759879795e+01 5.225638227907003158e-06
6.083041520760379939e+01 5.215054602828256463e-06
6.087043521760880083e+01 5.204503850817674031e-06
6.091045522761380226e+01 5.193985832878750955e-06
6.095047523761881081e+01 5.183500410763499417e-06
6.099049524762381225e+01 5.173047446967562999e-06
6.103051525762881369e+01 5.162626804725317443e-06
6.107053526763381512e+01 5.152238348005017155e-06
6.111055527763881656e+01 5.141881941504022173e-06
6.115057528764381800e+01 5.131557450644008197e-06
6.119059529764881944e+01 5.121264741566253695e-06
6.123061530765382798e+01 5.111003681126936330e-06
6.127063531765882942e+01 5.100774136892481058e-06
6.131065532766383086e+01 5.090575977134947183e-06
6.135067533766883230e+01 5.080409070827417110e-06
6.139069534767383374e+01 5.070273287639477427e-06
6.143071535767883518e+01 5.060168497932687276e-06
6.147073536768384372e+01 5.050094572756103478e-06
6.151075537768884516e+01 5.040051383841830224e-06
6.155077538769384660e+01 5.030038803600607724e-06
6.159079539769884803e+01 5.020056705117447451e-06
6.163081540770384947e+01 5.010104962147260599e-06
6.167083541770885091e+01 5.000183449110576335e-06
6.171085542771385235e+01 4.990292041089229553e-06
6.175087543771886089e+01 4.980430613822152813e-06
6.179089544772386233e+01 4.970599043701132709e-06
6.183091545772886377e+01 4.960797207766639076e-06
6.187093546773386521e+01 4.951024983703672836e-06
6.191095547773886665e+01 4.941282249837647722e-06
6.195097548774386809e+01 4.931568885130298264e-06
6.199099549774886952e+01 4.921884769175630971e-06
6.203101550775387807e+01 4.912229782195889913e-06
6.207103551775887951e+01 4.902603805037567194e-06
6.211105552776388095e+01 4.893006719167427829e-06
6.215107553776888238e+01 4.883438406668585440e-06
6.219109554777388382e+01 4.873898750236584726e-06
6.223111555777888526e+01 4.864387633175522902e-06
6.227113556778388670e+01 4.854904939394221957e-06
6.231115557778889524e+01 4.845450553402376347e-06
6.235117558779389668e+01 4.836024360306790472e-06
6.239119559779889812e+01 4.826626245807600069e-06
6.243121560780389956e+01 4.817256096194541873e-06
6.247123561780890100e+01 4.807913798343247850e-06
6.251125562781390244e+01 4.798599239711559756e-06
6.255127563781891098e+01 4.789312308335887743e-06
6.259129564782391242e+01 4.780052892827573199e-06
6.263131565782891386e+01 4.770820882369300718e-06
6.267133566783391529e+01 4.761616166711518535e-06
6.271135567783891673e+01 4.752438636168903015e-06
6.275137568784391817e+01 4.743288181616819746e-06
6.279139569784891961e+01 4.734164694487865953e-06
6.283141570785392815e+01 4.725068066768360392e-06
6.287143571785892959e+01 4.715998190994931500e-06
6.291145572786393103e+01 4.706954960251096232e-06
6.295147573786893247e+01 4.697938268163854139e-06
6.299149574787393391e+01 4.688948008900339050e-06
6.303151575787893535e+01 4.679984077164462275e-06
6.307153576788393678e+01 4.671046368193612569e-06
6.311155577788894533e+01 4.662134777755337457e-06
6.315157578789394677e+01 4.653249202144099943e-06
6.319159579789894821e+01 4.644389538178015737e-06
6.323161580790394964e+01 4.635555683195640466e-06
6.327163581790895108e+01 4.626747535052767883e-06
6.331165582791395252e+01 4.617964992119251800e-06
6.335167583791896107e+01 4.609207953275858518e-06
6.339169584792396250e+01 4.600476317911145506e-06
6.343171585792896394e+01 4.591769985918329921e-06
6.347173586793396538e+01 4.583088857692235905e-06
6.351175587793896682e+01 4.574432834126202910e-06
6.355177588794396826e+01 4.565801816609068568e-06
6.359179589794896970e+01 4.557195707022143091e-06
6.363181590795397824e+01 4.548614407736208232e-06
6.367183591795897968e+01 4.540057821608556056e-06
6.371185592796398112e+01 4.531525851980010778e-06
6.375187593796898256e+01 4.523018402672027667e-06
6.379189594797398399e+01 4.514535377983762319e-06
6.383191595797898543e+01 4.506076682689178036e-06
6.387193596798398687e+01 4.497642222034196407e-06
6.391195597798899541e+01 4.489231901733825021e-06
6.395197598799399685e+01 4.480845627969344470e-06
6.399199599799899829e+01 4.472483307385497892e-06
6.403201600800400684e+01 4.464144847087684755e-06
6.407203601800900117e+01 4.455830154639230017e-06
6.411205602801400971e+01 4.447539138058582992e-06
6.415207603801900405e+01 4.439271705816644115e-06
6.419209604802401259e+01 4.431027766834006999e-06
6.423211605802900692e+01 4.422807230478297906e-06
6.427213606803401547e+01 4.414610006561488960e-06
6.431215607803902401e+01 4.406436005337248626e-06
6.435217608804401834e+01 4.398285137498322686e-06
6.439219609804902689e+01 4.390157314173877093e-06
6.443221610805402122e+01 4.382052446926951796e-06
6.447223611805902976e+01 4.373970447751842555e-06
6.451225612806402410e+01 4.365911229071562387e-06
6.455227613806903264e+01 4.357874703735287761e-06
6.459229614807404118e+01 4.349860785015832744e-06
6.463231615807903552e+01 4.341869386607158726e-06
6.467233616808404406e+01 4.333900422621853651e-06
6.471235617808903839e+01 4.325953807588682393e-06
6.475237618809404694e+01 4.318029456450130367e-06
6.479239619809904127e+01 4.310127284559957292e-06
6.483241620810404982e+01 4.302247207680781457e-06
6.487243621810905836e+01 4.294389141981663133e-06
6.491245622811405269e+01 4.286553004035738812e-06
6.495247623811906124e+01 4.278738710817833422e-06
6.499249624812405557e+01 4.270946179702108113e-06
6.503251625812906411e+01 4.263175328459724143e-06
6.507253626813405845e+01 4.255426075256527937e-06
6.511255627813906699e+01 4.247698338650722591e-06
6.515257628814407553e+01 4.239992037590608839e-06
6.519259629814906987e+01 4.232307091412279424e-06
6.523261630815407841e+01 4.224643419837387172e-06
6.527263631815907274e+01 4.217000942970885103e-06
6.531265632816408129e+01 4.209379581298795351e-06
6.535267633816907562e+01 4.201779255686018733e-06
6.539269634817408416e+01 4.194199887374108747e-06
6.543271635817909271e+01 4.186641397979115876e-06
6.547273636818408704e+01 4.179103709489405626e-06
6.551275637818909559e+01 4.171586744263496904e-06
6.555277638819408992e+01 4.164090425027952054e-06
6.559279639819909846e+01 4.156614674875222008e-06
6.563281640820410701e+01 4.149159417261561737e-06
6.567283641820910134e+01 4.141724576004927067e-06
6.571285642821410988e+01 4.134310075282887592e-06
6.575287643821910422e+01 4.126915839630573465e-06
6.579289644822411276e+01 4.119541793938613720e-06
6.583291645822910709e+01 4.112187863451101698e-06
6.587293646823411564e+01 4.104853973763568100e-06
6.591295647823912418e+01 4.097540050820976055e-06
6.595297648824411851e+01 4.090246020915723822e-06
6.599299649824912706e+01 4.082971810685650023e-06
6.603301650825412139e+01 4.075717347112077846e-06
6.607303651825912993e+01 4.068482557517847387e-06
6.611305652826412427e+01 4.061267369565379333e-06
6.615307653826913281e+01 4.054071711254737798e-06
6.619309654827414136e+01 4.046895510921719414e-06
6.623311655827913569e+01 4.039738697235945818e-06
6.627313656828414423e+01 4.032601199198965445e-06
6.631315657828913857e+01 4.025482946142383285e-06
6.635317658829414711e+01 4.018383867725990628e-06
6.639319659829914144e+01 4.011303893935910069e-06
6.643321660830414999e+01 4.004242955082747277e-06
6.647323661830915853e+01 3.997200981799771570e-06
6.651325662831415286e+01 3.990177905041108346e-06
6.655327663831916141e+01 3.983173656079894245e-06
6.659329664832415574e+01 3.976188166506523793e-06
6.663331665832916428e+01 3.969221368226853689e-06
6.667333666833415862e+01 3.962273193460429123e-06
6.671335667833916716e+01 3.955343574738727021e-06
6.675337668834417570e+01 3.948432444903411167e-06
6.679339669834917004e+01 3.941539737104606790e-06
6.683341670835417858e+01 3.934665384799160761e-06
6.687343671835917291e+01 3.927809321748937363e-06
6.691345672836418146e+01 3.920971482019113212e-06
6.695347673836917579e+01 3.914151799976508605e-06
6.699349674837418434e+01 3.907350210287867190e-06
6.703351675837919288e+01 3.900566647918231367e-06
6.707353676838418721e+01 3.893801048129271928e-06
6.711355677838919576e+01 3.887053346477616021e-06
6.715357678839419009e+01 3.880323478813256421e-06
6.719359679839919863e+01 3.873611381277898119e-06
6.723361680840420718e+01 3.866916990303347267e-06
6.727363681840920151e+01 3.860240242609927230e-06
6.731365682841421005e+01 3.853581075204857356e-06
6.735367683841920439e+01 3.846939425380695293e-06
6.739369684842421293e+01 3.840315230713750488e-06
6.743371685842920726e+01 3.833708429062530733e-06
6.747373686843421581e+01 3.827118958566187857e-06
6.751375687843922435e+01 3.820546757642974436e-06
6.755377688844421868e+01 3.813991764988714892e-06
6.759379689844922723e+01 3.807453919575282536e-06
6.763381690845422156e+01 3.800933160649092264e-06
6.767383691845923011e+01 3.794429427729587763e-06
6.771385692846422444e+01 3.787942660607765976e-06
6.775387693846923298e+01 3.781472799344672352e-06
6.779389694847424153e+01 3.775019784269956648e-06
6.783391695847923586e+01 3.768583555980383004e-06
6.787393696848424440e+01 3.762164055338386598e-06
6.791395697848923874e+01 3.755761223470635380e-06
6.795397698849424728e+01 3.749375001766576145e-06
6.799399699849924161e+01 3.743005331877036080e-06
6.803401700850425016e+01 3.736652155712771794e-06
6.807403701850925870e+01 3.730315415443092469e-06
6.811405702851425303e+01 3.723995053494443620e-06
6.815407703851926158e+01 3.717691012549016691e-06
6.819409704852425591e+01 3.711403235543378977e-06
6.823411705852926445e+01 3.705131665667085764e-06
6.827413706853425879e+01 3.698876246361332271e-06
6.831415707853926733e+01 3.692636921317581886e-06
6.835417708854427588e+01 3.686413634476240556e-06
6.839419709854927021e+01 3.680206330025301111e-06
6.843421710855427875e+01 3.674014952399019776e-06
6.847423711855927309e+01 3.667839446276597764e-06
6.851425712856428163e+01 3.661679756580860749e-06
6.855427713856927596e+01 3.655535828476973500e-06
6.859429714857428451e+01 3.649407607371114689e-06
6.863431715857929305e+01 3.643295038909215244e-06
6.867433716858428738e+01 3.637198068975668312e-06
6.871435717858929593e+01 3.631116643692048971e-06
6.875437718859429026e+01 3.625050709415870787e-06
6.879439719859929880e+01 3.619000212739308060e-06
6.883441720860429314e+01 3.612965100487968056e-06
6.887443721860930168e+01 3.606945319719630618e-06
6.891445722861431022e+01 3.600940817723033943e-06
6.895447723861930456e+01 3.594951542016643849e-06
6.899449724862431310e+01 3.588977440347428958e-06
6.903451725862930743e+01 3.583018460689664268e-06
6.907453726863431598e+01 3.577074551243719470e-06
6.911455727863932452e+01 3.571145660434868864e-06
6.915457728864431886e+01 3.565231736912109331e-06
6.919459729864932740e+01 3.559332729546967280e-06
6.923461730865432173e+01 3.553448587432345841e-06
6.927463731865933028e+01 3.547579259881336477e-06
6.931465732866432461e+01 3.541724696426089886e-06
6.935467733866933315e+01 3.535884846816634818e-06
6.939469734867434170e+01 3.530059661019762530e-06
6.943471735867933603e+01 3.524249089217872279e-06
6.947473736868434457e+01 3.518453081807845196e-06
6.951475737868933891e+01 3.512671589399937632e-06
6.955477738869434745e+01 3.506904562816635973e-06
6.959479739869934178e+01 3.501151953091581756e-06
6.963481740870435033e+01 3.495413711468442994e-06
6.967483741870935887e+01 3.489689789399838447e-06
6.971485742871435320e+01 3.483980138546238595e-06
6.975487743871936175e+01 3.478284710774884402e-06
6.979489744872435608e+01 3.472603458158723867e-06
6.983491745872936463e+01 3.466936332975324852e-06
6.987493746873435896e+01 3.461283287705837896e-06
6.991495747873936750e+01 3.455644275033914553e-06
6.995497748874437605e+01 3.450019247844679089e-06
6.999499749874937038e+01 3.444408159223680711e-06
7.003501750875437892e+01 3.438810962455850436e-06
7.007503751875937326e+01 3.433227611024486354e-06
7.011505752876438180e+01 3.427658058610207960e-06
7.015507753876937613e+01 3.422102259089965553e-06
7.019509754877438468e+01 3.416560166536008123e-06
7.023511755877939322e+01 3.411031735214890206e-06
7.027513756878438755e+01 3.405516919586475354e-06
7.031515757878939610e+01 3.400015674302924769e-06
7.035517758879439043e+01 3.394527954207736352e-06
7.039519759879939897e+01 3.389053714334743929e-06
7.043521760880439331e+01 3.383592909907158413e-06
7.047523761880940185e+01 3.378145496336583972e-06
7.051525762881441040e+01 3.372711429222066389e-06
7.055527763881940473e+01 3.367290664349134644e-06
7.059529764882441327e+01 3.361883157688838264e-06
7.063531765882940761e+01 3.356488865396819815e-06
7.067533766883441615e+01 3.351107743812359456e-06
7.071535767883942469e+01 3.345739749457447433e-06
7.075537768884441903e+01 3.340384839035858698e-06
7.079539769884942757e+01 3.335042969432221174e-06
7.083541770885442190e+01 3.329714097711105191e-06
7.087543771885943045e+01 3.324398181116105727e-06
7.091545772886442478e+01 3.319095177068945401e-06
7.095547773886943332e+01 3.313805043168558409e-06
7.099549774887444187e+01 3.308527737190212144e-06
7.103551775887943620e+01 3.303263217084601727e-06
7.107553776888444474e+01 3.298011440976972896e-06
7.111555777888943908e+01 3.292772367166236860e-06
7.115557778889444762e+01 3.287545954124102094e-06
7.119559779889944195e+01 3.282332160494201464e-06
7.123561780890445050e+01 3.277130945091223600e-06
7.127563781890945904e+01 3.271942266900060356e-06
7.131565782891445338e+01 3.266766085074957660e-06
7.135567783891946192e+01 3.261602358938642645e-06
7.139569784892445625e+01 3.256451047981512616e-06
7.143571785892946480e+01 3.251312111860764724e-06
7.147573786893445913e+01 3.246185510399588320e-06
7.151575787893946767e+01 3.241071203586315379e-06
7.155577788894447622e+01 3.235969151573609046e-06
7.159579789894947055e+01 3.230879314677639046e-06
7.163581790895447909e+01 3.225801653377266841e-06
7.167583791895947343e+01 3.220736128313236711e-06
7.171585792896448197e+01 3.215682700287369381e-06
7.175587793896947630e+01 3.210641330261766231e-06
7.179589794897448485e+01 3.205611979358002924e-06
7.183591795897949339e+01 3.200594608856356909e-06
7.187593796898448772e+01 3.195589180195001470e-06
7.191595797898949627e+01 3.190595654969230268e-06
7.195597798899449060e+01 3.185613994930691200e-06
7.199599799899949915e+01 3.180644161986593998e-06
7.203601800900449348e+01 3.175686118198959334e-06
7.207603801900950202e+01 3.170739825783842095e-06
7.211605802901451057e+01 3.165805247110588106e-06
7.215607803901950490e+01 3.160882344701059099e-06
7.219609804902451344e+01 3.155971081228898332e-06
7.223611805902950778e+01 3.151071419518775041e-06
7.227613806903451632e+01 3.146183322545644125e-06
7.231615807903951065e+01 3.141306753434020248e-06
7.235617808904451920e+01 3.136441675457221854e-06
7.239619809904952774e+01 3.131588052036665595e-06
7.243621810905452207e+01 3.126745846741125595e-06
7.247623811905953062e+01 3.121915023286018559e-06
7.251625812906452495e+01 3.117095545532690145e-06
7.255627813906953349e+01 3.112287377487693294e-06
7.259629814907454204e+01 3.107490483302092812e-06
7.263631815907953637e+01 3.102704827270751325e-06
7.267633816908454492e+01 3.097930373831631324e-06
7.271635817908953925e+01 3.093167087565100596e-06
7.275637818909454779e+01 3.088414933193241044e-06
7.279639819909954213e+01 3.083673875579159206e-06
7.283641820910455067e+01 3.078943879726295498e-06
7.287643821910955921e+01 3.074224910777759713e-06
7.291645822911455355e+01 3.069516934015640697e-06
7.295647823911956209e+01 3.064819914860334220e-06
7.299649824912455642e+01 3.060133818869886531e-06
7.303651825912956497e+01 3.055458611739309529e-06
7.307653826913455930e+01 3.050794259299945915e-06
7.311655827913956784e+01 3.046140727518782244e-06
7.315657828914457639e+01 3.041497982497820007e-06
7.319659829914957072e+01 3.036865990473415787e-06
7.323661830915457926e+01 3.032244717815627782e-06
7.327663831915957360e+01 3.027634131027586874e-06
7.331665832916458214e+01 3.023034196744847381e-06
7.335667833916957647e+01 3.018444881734762799e-06
7.339669834917458502e+01 3.013866152895836119e-06
7.343671835917959356e+01 3.009297977257110817e-06
7.347673836918458790e+01 3.004740321977536846e-06
7.351675837918959644e+01 3.000193154345345953e-06
7.355677838919459077e+01 2.995656441777446894e-06
7.359679839919959932e+01 2.991130151818793546e-06
7.363681840920459365e+01 2.986614252141791991e-06
7.367683841920960219e+01 2.982108710545680904e-06
7.371685842921461074e+01 2.977613494955934400e-06
7.375687843921960507e+01 2.973128573423657246e-06
7.379689844922461361e+01 2.968653914124991101e-06
7.383691845922960795e+01 2.964189485360522005e-06
7.387693846923461649e+01 2.959735255554680265e-06
7.391695847923961082e+01 2.955291193255168704e-06
7.395697848924461937e+01 2.950857267132362960e-06
7.399699849924962791e+01 2.946433445978748639e-06
7.403701850925462224e+01 2.942019698708327113e-06
7.407703851925963079e+01 2.937615994356044625e-06
7.411705852926462512e+01 2.933222302077237483e-06
7.415707853926963367e+01 2.928838591147037863e-06
7.419709854927464221e+01 2.924464830959834675e-06
7.423711855927963654e+01 2.920100991028696732e-06
7.427713856928464509e+01 2.915747040984815829e-06
7.431715857928963942e+01 2.911402950576957436e-06
7.435717858929464796e+01 2.907068689670905052e-06
7.439719859929964230e+01 2.902744228248909627e-06
7.443721860930465084e+01 2.898429536409144924e-06
7.447723861930965938e+01 2.894124584365169227e-06
7.451725862931465372e+01 2.889829342445375620e-06
7.455727863931966226e+01 2.885543781092462163e-06
7.459729864932465659e+01 2.881267870862896572e-06
7.463731865932966514e+01 2.877001582426382583e-06
7.467733866933465947e+01 2.872744886565335646e-06
7.471735867933966802e+01 2.868497754174350558e-06
7.475737868934467656e+01 2.864260156259689009e-06
7.479739869934967089e+01 2.860032063938752732e-06
7.483741870935467944e+01 2.855813448439567656e-06
7.487743871935967377e+01 2.851604281100272299e-06
7.491745872936468231e+01 2.847404533368603194e-06
7.495747873936967665e+01 2.843214176801393874e-06
7.499749874937468519e+01 2.839033183064056057e-06
7.503751875937969373e+01 2.834861523930094302e-06
7.507753876938468807e+01 2.830699171280590589e-06
7.511755877938969661e+01 2.826546097103713035e-06
7.515757878939469094e+01 2.822402273494228433e-06
7.519759879939969949e+01 2.818267672652991909e-06
7.523761880940469382e+01 2.814142266886478517e-06
7.527763881940970236e+01 2.810026028606283487e-06
7.531765882941471091e+01 2.805918930328642383e-06
7.535767883941970524e+01 2.801820944673952102e-06
7.539769884942471379e+01 2.797732044366283836e-06
7.543771885942970812e+01 2.793652202232918469e-06
7.547773886943471666e+01 2.789581391203863770e-06
7.551775887943971100e+01 2.785519584311389797e-06
7.555777888944471954e+01 2.781466754689552438e-06
7.559779889944972808e+01 2.777422875573737288e-06
7.563781890945472242e+01 2.773387920300192083e-06
7.567783891945973096e+01 2.769361862305559984e-06
7.571785892946472529e+01 2.765344675126435314e-06
7.575787893946973384e+01 2.761336332398889213e-06
7.579789894947472817e+01 2.757336807858031727e-06
7.583791895947973671e+01 2.753346075337551865e-06
7.587793896948474526e+01 2.749364108769275028e-06
7.591795897948973959e+01 2.745390882182709419e-06
7.595797898949474813e+01 2.741426369704609825e-06
7.599799899949974247e+01 2.737470545558531228e-06
7.603801900950475101e+01 2.733523384064390467e-06
7.607803901950975956e+01 2.729584859638032132e-06
7.611805902951475389e+01 2.725654946790791495e-06
7.615807903951976243e+01 2.721733620129061678e-06
7.619809904952475677e+01 2.717820854353865478e-06
7.623811905952976531e+01 2.713916624260426766e-06
7.627813906953475964e+01 2.710020904737751629e-06
7.631815907953976819e+01 2.706133670768191727e-06
7.635817908954477673e+01 2.702254897427033483e-06
7.639819909954977106e+01 2.698384559882085150e-06
7.643821910955477961e+01 2.694522633393245249e-06
7.647823911955977394e+01 2.690669093312097268e-06
7.651825912956478248e+01 2.686823915081495033e-06
7.655827913956977682e+01 2.682987074235163338e-06
7.659829914957478536e+01 2.679158546397272306e-06
7.663831915957979390e+01 2.675338307282047333e-06
7.667833916958478824e+01 2.671526332693355736e-06
7.671835917958979678e+01 2.667722598524314151e-06
7.675837918959479111e+01 2.663927080756882808e-06
7.679839919959979966e+01 2.660139755461467845e-06
7.683841920960479399e+01 2.656360598796539722e-06
7.687843921960980254e+01 2.652589587008216903e-06
7.691845922961481108e+01 2.648826696429898670e-06
7.695847923961980541e+01 2.645071903481865743e-06
7.699849924962481396e+01 2.641325184670888530e-06
7.703851925962980829e+01 2.637586516589855279e-06
7.707853926963481683e+01 2.633855875917374395e-06
7.711855927963981117e+01 2.630133239417414452e-06
7.715857928964481971e+01 2.626418583938900160e-06
7.719859929964982825e+01 2.622711886415357452e-06
7.723861930965482259e+01 2.619013123864529363e-06
7.727863931965983113e+01 2.615322273387999518e-06
7.731865932966482546e+01 2.611639312170831720e-06
7.735867933966983401e+01 2.607964217481194718e-06
7.739869934967482834e+01 2.604296966669993743e-06
7.743871935967983688e+01 2.600637537170508406e-06
7.747873936968484543e+01 2.596985906498028468e-06
7.751875937968983976e+01 2.593342052249501481e-06
7.755877938969484831e+01 2.589705952103154160e-06
7.759879939969984264e+01 2.586077583818153148e-06
7.763881940970485118e+01 2.582456925234240364e-06
7.767883941970985973e+01 2.578843954271380647e-06
7.771885942971485406e+01 2.575238648929412767e-06
7.775887943971986260e+01 2.571640987287691986e-06
7.779889944972485694e+01 2.568050947504755897e-06
7.783891945972986548e+01 2.564468507817957665e-06
7.787893946973485981e+01 2.560893646543139067e-06
7.791895947973986836e+01 2.557326342074281940e-06
7.795897948974487690e+01 2.553766572883162168e-06
7.799899949974987123e+01 2.550214317519014681e-06
7.803901950975487978e+01 2.546669554608194217e-06
7.807903951975987411e+01 2.543132262853846251e-06
7.811905952976488265e+01 2.539602421035556323e-06
7.815907953976987699e+01 2.536080008009038753e-06
7.819909954977488553e+01 2.532565002705782581e-06
7.823911955977989408e+01 2.529057384132747059e-06
7.827913956978488841e+01 2.525557131372016910e-06
7.831915957978989695e+01 2.522064223580477912e-06
7.835917958979489129e+01 2.518578639989502225e-06
7.839919959979989983e+01 2.515100359904615935e-06
7.843921960980489416e+01 2.511629362705184376e-06
7.847923961980990271e+01 2.508165627844088566e-06
7.851925962981491125e+01 2.504709134847416039e-06
7.855927963981990558e+01 2.501259863314132622e-06
7.859929964982491413e+01 2.497817792915774111e-06
7.863931965982990846e+01 2.494382903396139649e-06
7.867933966983491700e+01 2.490955174570966886e-06
7.871935967983991134e+01 2.487534586327639756e-06
7.875937968984491988e+01 2.484121118624861093e-06
7.879939969984992842e+01 2.480714751492362106e-06
7.883941970985492276e+01 2.477315465030591089e-06
7.887943971985993130e+01 2.473923239410404678e-06
7.891945972986492563e+01 2.470538054872780711e-06
7.895947973986993418e+01 2.467159891728497621e-06
7.899949974987492851e+01 2.463788730357859152e-06
7.903951975987993706e+01 2.460424551210374605e-06
7.907953976988494560e+01 2.457067334804478047e-06
7.911955977988993993e+01 2.453717061727229306e-06
7.915957978989494848e+01 2.450373712634018782e-06
7.919959979989994281e+01 2.447037268248279878e-06
7.923961980990495135e+01 2.443707709361197200e-06
7.927963981990994569e+01 2.440385016831418560e-06
7.931965982991495423e+01 2.437069171584765720e-06
7.935967983991996277e+01 2.433760154613954024e-06
7.939969984992495711e+01 2.430457946978303129e-06
7.943971985992996565e+01 2.427162529803458342e-06
7.947973986993495998e+01 2.423873884281106431e-06
7.951975987993996853e+01 2.420591991668692299e-06
7.955977988994497707e+01 2.417316833289152162e-06
7.959979989994997140e+01 2.414048390530625567e-06
7.963981990995497995e+01 2.410786644846181367e-06
7.967983991995997428e+01 2.407531577753550489e-06
7.971985992996498283e+01 2.404283170834838788e-06
7.975987993996997716e+01 2.401041405736272934e-06
7.979989994997498570e+01 2.397806264167917508e-06
7.983991995997999425e+01 2.394577727903409031e-06
7.987993996998498858e+01 2.391355778779692536e-06
7.991995997998999712e+01 2.388140398696747554e-06
7.995997998999499146e+01 2.384931569617334006e-06
8.000000000000000000e+01 2.381729273566714371e-06
