0.000000000000000000e+00 7.590044801697795607e-05
4.002001000500250011e-02 7.622248877322567221e-05
8.004002001000500022e-02 7.654677825624413973e-05
1.200600300150075073e-01 7.687333914721938952e-05
1.600800400200100004e-01 7.720219443183007606e-05
2.001000500250124936e-01 7.753336740538563354e-05
2.401200600300150145e-01 7.786688167806917935e-05
2.801400700350175077e-01 7.820276118028787564e-05
3.201600800400200009e-01 7.854103016813265977e-05
3.601800900450224940e-01 7.888171322895014899e-05
4.002001000500249872e-01 7.922483528702978228e-05
4.402201100550274804e-01 7.957042160940895050e-05
4.802401200600300291e-01 7.991849781179807995e-05
5.202601300650324667e-01 8.026908986463001966e-05
5.602801400700350154e-01 8.062222409923567061e-05
6.003001500750374531e-01 8.097792721414936664e-05
6.403201600800400017e-01 8.133622628154694837e-05
6.803401700850425504e-01 8.169714875382066326e-05
7.203601800900449881e-01 8.206072247029254547e-05
7.603801900950475368e-01 8.242697566407176425e-05
8.004002001000499744e-01 8.279593696905804137e-05
8.404202101050525231e-01 8.316763542709563724e-05
8.804402201100549608e-01 8.354210049528067021e-05
9.204602301150575094e-01 8.391936205342723091e-05
9.604802401200600581e-01 8.429945041169471744e-05
1.000500250125062607e+00 8.468239631838151424e-05
1.040520260130064933e+00 8.506823096788868749e-05
1.080540270135067482e+00 8.545698600885819627e-05
1.120560280140070031e+00 8.584869355249057999e-05
1.160580290145072579e+00 8.624338618104574036e-05
1.200600300150074906e+00 8.664109695653253722e-05
1.240620310155077455e+00 8.704185942959156205e-05
1.280640320160080003e+00 8.744570764857610365e-05
1.320660330165082552e+00 8.785267616883676769e-05
1.360680340170085101e+00 8.826280006221507617e-05
1.400700350175087427e+00 8.867611492675104776e-05
1.440720360180089976e+00 8.909265689661097958e-05
1.480740370185092525e+00 8.951246265224129873e-05
1.520760380190095074e+00 8.993556943075372830e-05
1.560780390195097400e+00 9.036201503654904565e-05
1.600800400200099949e+00 9.079183785218489461e-05
1.640820410205102498e+00 9.122507684949491570e-05
1.680840420210105046e+00 9.166177160096529311e-05
1.720860430215107595e+00 9.210196229137647037e-05
1.760880440220109922e+00 9.254568972971648579e-05
1.800900450225112470e+00 9.299299536137423539e-05
1.840920460230115019e+00 9.344392128061927683e-05
1.880940470235117568e+00 9.389851024337695653e-05
1.920960480240120116e+00 9.435680568030684230e-05
1.960980490245122443e+00 9.481885171019225429e-05
2.001000500250125214e+00 9.528469315365040799e-05
2.041020510255127540e+00 9.575437554717188373e-05
2.081040520260129867e+00 9.622794515749823164e-05
2.121060530265132638e+00 9.670544899634772758e-05
2.161080540270134964e+00 9.718693483549903768e-05
2.201100550275137291e+00 9.767245122224295600e-05
2.241120560280140062e+00 9.816204749521240678e-05
2.281140570285142388e+00 9.865577380060248838e-05
2.321160580290145159e+00 9.915368110878977474e-05
2.361180590295147486e+00 9.965582123136570070e-05
2.401200600300149812e+00 1.001622468385920814e-04
2.441220610305152583e+00 1.006730114772944599e-04
2.481240620310154910e+00 1.011881695892039615e-04
2.521260630315157680e+00 1.017077765297618862e-04
2.561280640320160007e+00 1.022318885873999813e-04
2.601300650325162334e+00 1.027605630033113013e-04
2.641320660330165104e+00 1.032938579917253306e-04
2.681340670335167431e+00 1.038318327607028733e-04
2.721360680340170202e+00 1.043745475334664969e-04
2.761380690345172528e+00 1.049220635702823891e-04
2.801400700350174855e+00 1.054744431909098611e-04
2.841420710355177626e+00 1.060317497976366596e-04
2.881440720360179952e+00 1.065940478989172710e-04
2.921460730365182723e+00 1.071614031336328663e-04
2.961480740370185050e+00 1.077338822959917394e-04
3.001500750375187376e+00 1.083115533610906194e-04
3.041520760380190147e+00 1.088944855111568903e-04
3.081540770385192474e+00 1.094827491624925867e-04
3.121560780390194800e+00 1.100764159931431928e-04
3.161580790395197571e+00 1.106755589713127381e-04
3.201600800400199898e+00 1.112802523845496253e-04
3.241620810405202668e+00 1.118905718697272195e-04
3.281640820410204995e+00 1.125065944438447170e-04
3.321660830415207322e+00 1.131283985356740853e-04
3.361680840420210092e+00 1.137560640182809783e-04
3.401700850425212419e+00 1.143896722424469760e-04
3.441720860430215190e+00 1.150293060710227874e-04
3.481740870435217516e+00 1.156750499142426266e-04
3.521760880440219843e+00 1.163269897660318939e-04
3.561780890445222614e+00 1.169852132413386821e-04
3.601800900450224940e+00 1.176498096145257280e-04
3.641820910455227711e+00 1.183208698588557545e-04
3.681840920460230038e+00 1.189984866871074187e-04
3.721860930465232364e+00 1.196827545933597183e-04
3.761880940470235135e+00 1.203737698959841040e-04
3.801900950475237462e+00 1.210716307818848075e-04
3.841920960480240232e+00 1.217764373520297623e-04
3.881940970485242559e+00 1.224882916683168012e-04
3.921960980490244886e+00 1.232072978018192979e-04
3.961980990495247656e+00 1.239335618824607054e-04
4.002001000500250427e+00 1.246671921501653444e-04
4.042021010505252754e+00 1.254082990075384583e-04
4.082041020510255080e+00 1.261569950741274699e-04
4.122061030515257407e+00 1.269133952423209507e-04
4.162081040520259734e+00 1.276776167349428235e-04
4.202101050525262949e+00 1.284497791646002337e-04
4.242121060530265275e+00 1.292300045948506580e-04
4.282141070535267602e+00 1.300184176032501582e-04
4.322161080540269928e+00 1.308151453463517622e-04
4.362181090545272255e+00 1.316203176267246623e-04
4.402201100550274582e+00 1.324340669620669537e-04
4.442221110555277797e+00 1.332565286564885393e-04
4.482241120560280123e+00 1.340878408740429949e-04
4.522261130565282450e+00 1.349281447145932612e-04
4.562281140570284776e+00 1.357775842920945367e-04
4.602301150575287103e+00 1.366363068153875877e-04
4.642321160580290318e+00 1.375044626715930308e-04
4.682341170585292645e+00 1.383822055122078823e-04
4.722361180590294971e+00 1.392696923420031700e-04
4.762381190595297298e+00 1.401670836108316251e-04
4.802401200600299624e+00 1.410745433084549592e-04
4.842421210605302839e+00 1.419922390625069511e-04
4.882441220610305166e+00 1.429203422397141553e-04
4.922461230615307493e+00 1.438590280504997276e-04
4.962481240620309819e+00 1.448084756571022880e-04
5.002501250625312146e+00 1.457688682853482208e-04
5.042521260630315361e+00 1.467403933402215807e-04
5.082541270635317687e+00 1.477232425253803343e-04
5.122561280640320014e+00 1.487176119667791782e-04
5.162581290645322341e+00 1.497237023405601571e-04
5.202601300650324667e+00 1.507417190053861799e-04
5.242621310655327882e+00 1.517718721393948632e-04
5.282641320660330209e+00 1.528143768819620579e-04
5.322661330665332535e+00 1.538694534804726556e-04
5.362681340670334862e+00 1.549373274423030734e-04
5.402701350675337189e+00 1.560182296922334503e-04
5.442721360680340403e+00 1.571123967355140118e-04
5.482741370685342730e+00 1.582200708268232878e-04
5.522761380690345057e+00 1.593415001453671700e-04
5.562781390695347383e+00 1.604769389763763612e-04
5.602801400700349710e+00 1.616266478992790410e-04
5.642821410705352925e+00 1.627908939828308290e-04
5.682841420710355251e+00 1.639699509875049187e-04
5.722861430715357578e+00 1.651640995754556618e-04
5.762881440720359905e+00 1.663736275283867990e-04
5.802901450725362231e+00 1.675988299736715808e-04
5.842921460730365446e+00 1.688400096190882302e-04
5.882941470735367773e+00 1.700974769965532801e-04
5.922961480740370099e+00 1.713715507152574642e-04
5.962981490745372426e+00 1.726625577246228814e-04
6.003001500750374753e+00 1.739708335875288269e-04
6.043021510755377079e+00 1.752967227642726633e-04
6.083041520760380294e+00 1.766405789077576038e-04
6.123061530765382621e+00 1.780027651704230022e-04
6.163081540770384947e+00 1.793836545234660251e-04
6.203101550775387274e+00 1.807836300889224237e-04
6.243121560780389601e+00 1.822030854852159148e-04
6.283141570785392815e+00 1.836424251868077468e-04
6.323161580790395142e+00 1.851020648986215016e-04
6.363181590795397469e+00 1.865824319459474042e-04
6.403201600800399795e+00 1.880839656805721770e-04
6.443221610805402122e+00 1.896071179039241481e-04
6.483241620810405337e+00 1.911523533080603952e-04
6.523261630815407663e+00 1.927201499353745388e-04
6.563281640820409990e+00 1.943109996579522295e-04
6.603301650825412317e+00 1.959254086775506548e-04
6.643321660830414643e+00 1.975638980472366646e-04
6.683341670835417858e+00 1.992270042157781259e-04
6.723361680840420185e+00 2.009152795959429387e-04
6.763381690845422511e+00 2.026292931579296139e-04
6.803401700850424838e+00 2.043696310492245207e-04
6.843421710855427165e+00 2.061368972422571015e-04
6.883441720860430380e+00 2.079317142113039883e-04
6.923461730865432706e+00 2.097547236401830519e-04
6.963481740870435033e+00 2.116065871623666399e-04
7.003501750875437359e+00 2.134879871352453687e-04
7.043521760880439686e+00 2.153996274503786436e-04
7.083541770885442901e+00 2.173422343816782982e-04
7.123561780890445227e+00 2.193165574735956051e-04
7.163581790895447554e+00 2.213233704715101809e-04
7.203601800900449881e+00 2.233634722966533069e-04
7.243621810905452207e+00 2.254376880680519606e-04
7.283641820910455422e+00 2.275468701741339679e-04
7.323661830915457749e+00 2.296918993968033917e-04
7.363681840920460075e+00 2.318736860909817237e-04
7.403701850925462402e+00 2.340931714228003217e-04
7.443721860930464729e+00 2.363513286698410592e-04
7.483741870935467944e+00 2.386491645870473990e-04
7.523761880940470270e+00 2.409877208421684690e-04
7.563781890945472597e+00 2.433680755248586295e-04
7.603801900950474923e+00 2.457913447338332547e-04
7.643821910955477250e+00 2.482586842467852700e-04
7.683841920960480465e+00 2.507712912780854747e-04
7.723861930965482792e+00 2.533304063296431792e-04
7.763881940970485118e+00 2.559373151406751381e-04
7.803901950975487445e+00 2.585933507425419394e-04
7.843921960980489771e+00 2.612998956252413356e-04
7.883941970985492098e+00 2.640583840226277284e-04
7.923961980990495313e+00 2.668703043239335640e-04
7.963981990995497640e+00 2.697372016197208469e-04
8.004002001000500854e+00 2.726606803909936900e-04
8.044022011005502293e+00 2.756424073508421187e-04
8.084042021010505508e+00 2.786841144486970645e-04
8.124062031015506946e+00 2.817876020480307637e-04
8.164082041020510161e+00 2.849547422891646198e-04
8.204102051025513376e+00 2.881874826497428962e-04
8.244122061030514814e+00 2.914878497164036806e-04
8.284142071035518029e+00 2.948579531822365768e-04
8.324162081040519467e+00 2.982999900857675199e-04
8.364182091045522682e+00 3.018162493084673150e-04
8.404202101050525897e+00 3.054091163491470351e-04
8.444222111055527336e+00 3.090810783950922341e-04
8.484242121060530550e+00 3.128347297114178710e-04
8.524262131065531989e+00 3.166727773718967733e-04
8.564282141070535204e+00 3.205980473564684196e-04
8.604302151075536642e+00 3.246134910427480929e-04
8.644322161080539857e+00 3.287221921211936704e-04
8.684342171085543072e+00 3.329273739661355708e-04
8.724362181090544510e+00 3.372324074976699657e-04
8.764382191095547725e+00 3.416408195724988310e-04
8.804402201100549163e+00 3.461563019451645339e-04
8.844422211105552378e+00 3.507827208448535379e-04
8.884442221110555593e+00 3.555241272170248036e-04
8.924462231115557032e+00 3.603847676836319388e-04
8.964482241120560246e+00 3.653690962806776491e-04
9.004502251125561685e+00 3.704817870373311190e-04
9.044522261130564900e+00 3.757277474669137385e-04
9.084542271135568114e+00 3.811121330467658443e-04
9.124562281140569553e+00 3.866403627714618484e-04
9.164582291145572768e+00 3.923181358720828518e-04
9.204602301150574206e+00 3.981514498034220109e-04
9.244622311155577421e+00 4.041466196111847642e-04
9.284642321160580636e+00 4.103102988025731724e-04
9.324662331165582074e+00 4.166495018562702468e-04
9.364682341170585289e+00 4.231716285219301035e-04
9.404702351175586728e+00 4.298844900749951314e-04
9.444722361180589942e+00 4.367963377102718940e-04
9.484742371185593157e+00 4.439158932773700633e-04
9.524762381190594596e+00 4.512523825832132334e-04
9.564782391195597810e+00 4.588155715116161936e-04
9.604802401200599249e+00 4.666158052377993764e-04
9.644822411205602464e+00 4.746640508471101265e-04
9.684842421210605679e+00 4.829719437026059226e-04
9.724862431215607117e+00 4.915518379461327391e-04
9.764882441220610332e+00 5.004168615627385252e-04
9.804902451225611770e+00 5.095809764894708091e-04
9.844922461230614985e+00 5.190590443077232807e-04
9.884942471235618200e+00 5.288668981243364181e-04
9.924962481240619638e+00 5.390214213218450217e-04
9.964982491245622853e+00 5.495406339440106220e-04
1.000500250125062429e+01 5.604437875807574340e-04
1.004502251125562751e+01 5.717514697287637065e-04
1.008504252126063072e+01 5.834857187325512458e-04
1.012506253126563216e+01 5.956701505587021911e-04
1.016508254127063537e+01 6.083300988259458244e-04
1.020510255127563681e+01 6.214927697101337023e-04
1.024512256128064003e+01 6.351874135700805819e-04
1.028514257128564324e+01 6.494455154031420537e-04
1.032516258129064468e+01 6.643010065448244237e-04
1.036518259129564790e+01 6.797905003820898162e-04
1.040520260130064933e+01 6.959535552647849125e-04
1.044522261130565255e+01 7.128329682846820843e-04
1.048524262131065576e+01 7.304751041604422767e-04
1.052526263131565720e+01 7.489302641356057220e-04
1.056528264132066042e+01 7.682531005851594421e-04
1.060530265132566186e+01 7.885030839583292983e-04
1.064532266133066507e+01 8.097450297904719083e-04
1.068534267133566829e+01 8.320496948311851713e-04
1.072536268134066972e+01 8.554944529036486583e-04
1.076538269134567294e+01 8.801640629865275720e-04
1.080540270135067438e+01 9.061515442627734182e-04
1.084542271135567759e+01 9.335591755942824251e-04
1.088544272136068081e+01 9.624996401639218874e-04
1.092546273136568225e+01 9.930973400105853020e-04
1.096548274137068546e+01 1.025489910037207138e-03
1.100550275137568690e+01 1.059829967009968607e-03
1.104552276138069011e+01 1.096287136361728158e-03
1.108554277138569333e+01 1.135050408612701045e-03
1.112556278139069477e+01 1.176330888375765917e-03
1.116558279139569798e+01 1.220365012803296132e-03
1.120560280140069942e+01 1.267418333713055860e-03
1.124562281140570263e+01 1.317789979491951072e-03
1.128564282141070585e+01 1.371817940520848270e-03
1.132566283141570729e+01 1.429885357017764190e-03
1.136568284142071050e+01 1.492428033163012771e-03
1.140570285142571194e+01 1.559943459241126514e-03
1.144572286143071516e+01 1.633001698494504017e-03
1.148574287143571837e+01 1.712258593135085240e-03
1.152576288144071981e+01 1.798471872337463603e-03
1.156578289144572302e+01 1.892520914890437247e-03
1.160580290145072446e+01 1.995431145674384649e-03
1.164582291145572768e+01 2.108404349630329817e-03
1.168584292146073089e+01 2.232856599804936698e-03
1.172586293146573233e+01 2.370466061100020335e-03
1.176588294147073555e+01 2.523233711982048998e-03
1.180590295147573698e+01 2.693561115743057198e-03
1.184592296148074020e+01 2.884350909144232922e-03
1.188594297148574341e+01 3.099137866863227106e-03
1.192596298149074485e+01 3.342261560217482663e-03
1.196598299149574807e+01 3.619096242605051097e-03
1.200600300150074951e+01 3.936360415878552808e-03
1.204602301150575272e+01 4.302538748597115568e-03
1.208604302151075416e+01 4.728464519100043263e-03
1.212606303151575737e+01 5.228134582505776853e-03
1.216608304152076059e+01 5.819865928565673592e-03
1.220610305152576203e+01 6.527961171710791079e-03
1.224612306153076524e+01 7.385142569302899883e-03
1.228614307153576668e+01 8.436160232117169075e-03
1.232616308154076989e+01 9.743208309670733230e-03
1.236618309154577311e+01 1.139412374488918932e-02
1.240620310155077455e+01 1.351479091630038848e-02
1.244622311155577776e+01 1.628753587047460788e-02
1.248624312156077920e+01 1.997661401800548964e-02
1.252626313156578242e+01 2.495659226500621802e-02
1.256628314157078563e+01 3.171778596859787386e-02
1.260630315157578707e+01 4.075380740497747817e-02
1.264632316158079028e+01 5.207888050922592632e-02
1.268634317158579172e+01 6.405498741581136524e-02
1.272636318159079494e+01 7.234269372582974311e-02
1.276638319159579815e+01 7.239204056892226125e-02
1.280640320160079959e+01 6.487399933026591348e-02
1.284642321160580281e+01 5.488234422689231701e-02
1.288644322161080424e+01 4.646829767965927199e-02
1.292646323161580746e+01 4.108680731444579182e-02
1.296648324162081067e+01 3.885941546663156110e-02
1.300650325162581211e+01 3.952654584754083239e-02
1.304652326163081533e+01 4.249732035879806580e-02
1.308654327163581677e+01 4.621262897701916561e-02
1.312656328164081998e+01 4.778381453075421226e-02
1.316658329164582319e+01 4.491879411645854914e-02
1.320660330165082463e+01 3.856473034841035458e-02
1.324662331165582785e+01 3.147842595779119790e-02
1.328664332166082929e+01 2.541778687284093272e-02
1.332666333166583250e+01 2.079616214846212799e-02
1.336668334167083572e+01 1.743294489685773621e-02
1.340670335167583715e+01 1.503594851552337436e-02
1.344672336168084037e+01 1.336061786376783501e-02
1.348674337168584181e+01 1.223542568032135944e-02
1.352676338169084502e+01 1.155174408685531381e-02
1.356678339169584824e+01 1.125051717296147655e-02
1.360680340170084968e+01 1.131376061644487514e-02
1.364682341170585289e+01 1.176218362543076865e-02
1.368684342171085433e+01 1.265898314655268704e-02
1.372686343171585754e+01 1.411957098203935231e-02
1.376688344172086076e+01 1.632472433482540577e-02
1.380690345172586220e+01 1.952426841136437746e-02
1.384692346173086541e+01 2.398386041992688761e-02
1.388694347173586685e+01 2.974443408337939035e-02
1.392696348174087007e+01 3.600450996044743390e-02
1.396698349174587328e+01 4.045615158624375762e-02
1.400700350175087472e+01 4.038795817530629884e-02
1.404702351175587793e+01 3.576243168801166578e-02
1.408704352176087937e+01 2.926273988201439150e-02
1.412706353176588259e+01 2.321814238828809676e-02
1.416708354177088580e+01 1.844742366744478099e-02
1.420710355177588724e+01 1.491007402640785566e-02
1.424712356178089045e+01 1.233101925415953579e-02
1.428714357178589189e+01 1.044593441098983812e-02
1.432716358179089511e+01 9.055272201215302727e-03
1.436718359179589832e+01 8.019296437226120303e-03
1.440720360180089976e+01 7.242336117787603715e-03
1.444722361180590298e+01 6.659056266455196452e-03
1.448724362181090441e+01 6.224661843825244310e-03
1.452726363181590763e+01 5.908350279160455749e-03
1.456728364182091084e+01 5.689037445969225178e-03
1.460730365182591228e+01 5.552597179034256432e-03
1.464732366183091550e+01 5.490102777487446128e-03
1.468734367183591694e+01 5.496746660500788882e-03
1.472736368184092015e+01 5.571242723170801575e-03
1.476738369184592337e+01 5.715603334076084160e-03
1.480740370185092480e+01 5.935246375549266089e-03
1.484742371185592802e+01 6.239440677051407737e-03
1.488744372186092946e+01 6.642151949023671065e-03
1.492746373186593267e+01 7.163417418884360406e-03
1.496748374187093589e+01 7.831470154996533067e-03
1.500750375187593733e+01 8.685973601586420914e-03
1.504752376188094054e+01 9.782941273585702563e-03
1.508754377188594198e+01 1.120223941917288142e-02
1.512756378189094519e+01 1.305901503686823610e-02
1.516758379189594841e+01 1.552083772885197097e-02
1.520760380190094985e+01 1.883211718532215931e-02
1.524762381190595306e+01 2.334379930042284820e-02
1.528764382191095450e+01 2.953042101250760720e-02
1.532766383191595772e+01 3.792246536453625777e-02
1.536768384192096093e+01 4.874263075421409602e-02
1.540770385192596237e+01 6.087879579745581610e-02
1.544772386193096558e+01 7.049145286353387940e-02
1.548774387193596702e+01 7.223881549446808936e-02
1.552776388194097024e+01 6.491977486353635307e-02
1.556778389194597167e+01 5.309311937489939043e-02
1.560780390195097489e+01 4.155674239015687971e-02
1.564782391195597810e+01 3.228136306358504737e-02
1.568784392196097954e+01 2.536260239969797409e-02
1.572786393196598276e+01 2.031238189427064453e-02
1.576788394197098420e+01 1.661938458954232214e-02
1.580790395197598741e+01 1.388824393866075133e-02
1.584792396198099063e+01 1.183969169225818421e-02
1.588794397198599206e+01 1.028174527547948656e-02
1.592796398199099528e+01 9.082752011435371239e-03
1.596798399199599672e+01 8.151745002000731349e-03
1.600800400200100171e+01 7.425182214567590047e-03
1.604802401200600315e+01 6.858212769731155366e-03
1.608804402201100459e+01 6.418951831264874640e-03
1.612806403201600602e+01 6.084718846784969645e-03
1.616808404202101102e+01 5.839561755753026190e-03
1.620810405202601245e+01 5.672639105861705840e-03
1.624812406203101389e+01 5.577194311790396181e-03
1.628814407203601888e+01 5.549962393679998621e-03
1.632816408204102032e+01 5.590922036159344521e-03
1.636818409204602176e+01 5.703360440579432512e-03
1.640820410205102675e+01 5.894266871788964371e-03
1.644822411205602819e+01 6.175123236980340109e-03
1.648824412206102963e+01 6.563227546522135310e-03
1.652826413206603107e+01 7.083782691404612655e-03
1.656828414207103606e+01 7.773126519735143805e-03
1.660830415207603750e+01 8.683686980797401117e-03
1.664832416208103893e+01 9.891508062943895133e-03
1.668834417208604393e+01 1.150736344474356278e-02
1.672836418209104536e+01 1.369189414498657616e-02
1.676838419209604680e+01 1.667147029720421683e-02
1.680840420210105179e+01 2.073713856228886349e-02
1.684842421210605323e+01 2.616699686334427247e-02
1.688844422211105467e+01 3.293724458934361998e-02
1.692846423211605611e+01 4.015163741009432352e-02
1.696848424212106110e+01 4.582560983651747660e-02
1.700850425212606254e+01 4.807035344248947878e-02
1.704852426213106398e+01 4.622554493686942961e-02
1.708854427213606897e+01 4.079389509837959976e-02
1.712856428214107041e+01 3.359881602631809711e-02
1.716858429214607185e+01 2.671220079496744448e-02
1.720860430215107328e+01 2.113739202805773806e-02
1.724862431215607828e+01 1.694616533025286587e-02
1.728864432216107971e+01 1.386842917596657968e-02
1.732866433216608115e+01 1.160781133822707221e-02
1.736868434217108614e+01 9.930743012194185454e-03
1.740870435217608758e+01 8.670570286354666381e-03
1.744872436218108902e+01 7.711963574970207361e-03
1.748874437218609401e+01 6.975402948330674743e-03
1.752876438219109545e+01 6.405648729864338135e-03
1.756878439219609689e+01 5.963882607207270786e-03
1.760880440220109833e+01 5.622495912966798438e-03
1.764882441220610332e+01 5.361648900170599627e-03
1.768884442221110476e+01 5.166987509561678932e-03
1.772886443221610620e+01 5.028115406276095767e-03
1.776888444222111119e+01 4.937563442892924440e-03
1.780890445222611262e+01 4.890092129842137439e-03
1.784892446223111406e+01 4.882222199931889918e-03
1.788894447223611905e+01 4.911926390110609233e-03
1.792896448224112049e+01 4.978440310040573719e-03
1.796898449224612193e+01 5.082166924592668861e-03
1.800900450225112337e+01 5.224661068137951246e-03
1.804902451225612836e+01 5.408689741235087577e-03
1.808904452226112980e+01 5.638372322024102698e-03
1.812906453226613124e+01 5.919413621262635192e-03
1.816908454227113623e+01 6.259453341886728889e-03
1.820910455227613767e+01 6.668569751379226258e-03
1.824912456228113911e+01 7.159995771314823371e-03
1.828914457228614410e+01 7.751136102611370406e-03
1.832916458229114554e+01 8.465020562689695369e-03
1.836918459229614697e+01 9.332401362148036103e-03
1.840920460230114841e+01 1.039481644502586628e-02
1.844922461230615340e+01 1.170912230618715091e-02
1.848924462231115484e+01 1.335428534013374281e-02
1.852926463231615628e+01 1.544165870589437640e-02
1.856928464232116127e+01 1.813059237760560050e-02
1.860930465232616271e+01 2.165191081295479367e-02
1.864932466233116415e+01 2.634179053081217581e-02
1.868934467233616914e+01 3.268479025317885117e-02
1.872936468234117058e+01 4.134648324053485924e-02
1.876938469234617202e+01 5.311131898338706386e-02
1.880940470235117346e+01 6.846349437674395522e-02
1.884942471235617845e+01 8.628639453578684781e-02
1.888944472236117988e+01 1.017369804435310082e-01
1.892946473236618132e+01 1.068831266612885883e-01
1.896948474237118631e+01 9.830457596311191482e-02
1.900950475237618775e+01 8.163463004398788248e-02
1.904952476238118919e+01 6.442322691984798955e-02
1.908954477238619418e+01 5.028947005660595188e-02
1.912956478239119562e+01 3.969909936550600205e-02
1.916958479239619706e+01 3.200368305742653380e-02
1.920960480240119850e+01 2.643598669901935441e-02
1.924962481240620349e+01 2.238545646780600376e-02
1.928964482241120493e+01 1.941779915272258059e-02
1.932966483241620637e+01 1.723523743282015866e-02
1.936968484242121136e+01 1.563552938905493281e-02
1.940970485242621280e+01 1.448143108263646658e-02
1.944972486243121423e+01 1.368003466006977031e-02
1.948974487243621923e+01 1.316930237412248378e-02
1.952976488244122066e+01 1.290947830046088041e-02
1.956978489244622210e+01 1.287777728349757955e-02
1.960980490245122354e+01 1.306534610328387996e-02
1.964982491245622853e+01 1.347592037436662511e-02
1.968984492246122997e+01 1.412591154162017026e-02
1.972986493246623141e+01 1.504590983936525579e-02
1.976988494247123640e+01 1.628383494488707187e-02
1.980990495247623784e+01 1.791026041095365381e-02
1.984992496248123928e+01 2.002684440404266242e-02
1.988994497248624427e+01 2.277939709146515820e-02
1.992996498249124571e+01 2.637798567974370539e-02
1.996998499249624714e+01 3.112760988849101740e-02
2.001000500250124858e+01 3.747387186263403946e-02
2.005002501250625357e+01 4.606628836997898879e-02
2.009004502251125501e+01 5.782833012314186893e-02
2.013006503251625645e+01 7.396815036678351662e-02
2.017008504252126144e+01 9.568840525116122098e-02
2.021010505252626288e+01 1.229556029613279450e-01
2.025012506253126432e+01 1.515289044861889423e-01
2.029014507253626931e+01 1.703464967576574507e-01
2.033016508254127075e+01 1.678932866142758829e-01
2.037018509254627219e+01 1.458156965033996777e-01
2.041020510255127363e+01 1.166934981368254742e-01
2.045022511255627862e+01 9.027021450818353832e-02
2.049024512256128006e+01 6.961371111600996031e-02
2.053026513256628149e+01 5.432370171446022911e-02
2.057028514257128649e+01 4.313891009704185625e-02
2.061030515257628792e+01 3.489960295363127990e-02
2.065032516258128936e+01 2.874060610440213118e-02
2.069034517258629080e+01 2.405723423317765799e-02
2.073036518259129579e+01 2.043400579075187531e-02
2.077038519259629723e+01 1.758467812106422057e-02
2.081040520260129867e+01 1.530982681944586914e-02
2.085042521260630366e+01 1.346845450217454970e-02
2.089044522261130510e+01 1.195928081030033820e-02
2.093046523261630654e+01 1.070839482352345037e-02
2.097048524262131153e+01 9.661031227490284035e-03
2.101050525262631297e+01 8.776022864993316200e-03
2.105052526263131440e+01 8.022005182417557209e-03
2.109054527263631584e+01 7.374781211093311625e-03
2.113056528264132083e+01 6.815465757663819422e-03
2.117058529264632227e+01 6.329160121239730402e-03
2.121060530265132371e+01 5.903993069589051276e-03
2.125062531265632870e+01 5.530418107746334043e-03
2.129064532266133014e+01 5.200692431784008536e-03
2.133066533266633158e+01 4.908486282378048127e-03
2.137068534267133657e+01 4.648586994990915738e-03
2.141070535267633801e+01 4.416672587705645393e-03
2.145072536268133945e+01 4.209136951517922220e-03
2.149074537268634089e+01 4.022953716105479721e-03
2.153076538269134588e+01 3.855569376102010743e-03
2.157078539269634732e+01 3.704818752688627051e-03
2.161080540270134875e+01 3.568857648857678890e-03
2.165082541270635375e+01 3.446108847057176815e-03
2.169084542271135518e+01 3.335218540329618758e-03
2.173086543271635662e+01 3.235020982583053026e-03
2.177088544272136161e+01 3.144509659918256518e-03
2.181090545272636305e+01 3.062813671930266803e-03
2.185092546273136449e+01 2.989178304331478308e-03
2.189094547273636593e+01 2.922948996967553951e-03
2.193096548274137092e+01 2.863558082272049405e-03
2.197098549274637236e+01 2.810513801515225011e-03
2.201100550275137380e+01 2.763391209462067507e-03
2.205102551275637879e+01 2.721824659399121101e-03
2.209104552276138023e+01 2.685501625262949783e-03
2.213106553276638166e+01 2.654157669858042603e-03
2.217108554277138666e+01 2.627572411005222805e-03
2.221110555277638809e+01 2.605566373357424536e-03
2.225112556278138953e+01 2.587998644526791087e-03
2.229114557278639097e+01 2.574765281730804611e-03
2.233116558279139596e+01 2.565798440830832118e-03
2.237118559279639740e+01 2.561066224757268216e-03
2.241120560280139884e+01 2.560573274253628503e-03
2.245122561280640383e+01 2.564362152105515401e-03
2.249124562281140527e+01 2.572515604265360016e-03
2.253126563281640671e+01 2.585159819647327509e-03
2.257128564282141170e+01 2.602468857546872197e-03
2.261130565282641314e+01 2.624670471202430327e-03
2.265132566283141458e+01 2.652053632784381020e-03
2.269134567283641601e+01 2.684978165705204957e-03
2.273136568284142101e+01 2.723887023861392385e-03
2.277138569284642244e+01 2.769321937342477877e-03
2.281140570285142388e+01 2.821943389013141946e-03
2.285142571285642887e+01 2.882556223289948257e-03
2.289144572286143031e+01 2.952142657026925101e-03
2.293146573286643175e+01 3.031905121309681154e-03
2.297148574287143674e+01 3.123322299831318184e-03
2.301150575287643818e+01 3.228223077138639343e-03
2.305152576288143962e+01 3.348885071774288999e-03
2.309154577288644106e+01 3.488167320563422078e-03
2.313156578289144605e+01 3.649690995877079291e-03
2.317158579289644749e+01 3.838088563114575285e-03
2.321160580290144893e+01 4.059351780375715542e-03
2.325162581290645392e+01 4.321324441890843013e-03
2.329164582291145535e+01 4.634410072530138411e-03
2.333166583291645679e+01 5.012603220879824004e-03
2.337168584292146178e+01 5.475013990067061249e-03
2.341170585292646322e+01 6.048151525928837681e-03
2.345172586293146466e+01 6.769379175635074040e-03
2.349174587293646610e+01 7.692161000435428914e-03
2.353176588294147109e+01 8.893942759148726687e-03
2.357178589294647253e+01 1.048748177909211883e-02
2.361180590295147397e+01 1.263507267213112399e-02
2.365182591295647896e+01 1.555865498848387103e-02
2.369184592296148040e+01 1.951617408795958478e-02
2.373186593296648184e+01 2.465358479879476220e-02
2.377188594297148683e+01 3.055781731285737990e-02
2.381190595297648827e+01 3.556112807278707932e-02
2.385192596298148970e+01 3.705377798098206249e-02
2.389194597298649114e+01 3.406192263039074103e-02
2.393196598299149613e+01 2.854778288286835206e-02
2.397198599299649757e+01 2.295220958506852607e-02
2.401200600300149901e+01 1.839505398990085028e-02
2.405202601300650400e+01 1.499643728450836440e-02
2.409204602301150544e+01 1.253557646211213988e-02
2.413206603301650688e+01 1.076122726847455330e-02
2.417208604302150832e+01 9.475077530195817957e-03
2.421210605302651331e+01 8.536160476187593799e-03
2.425212606303151475e+01 7.847465191281731423e-03
2.429214607303651619e+01 7.342544737577963443e-03
2.433216608304152118e+01 6.975583015828488304e-03
2.437218609304652261e+01 6.714645629702769951e-03
2.441220610305152405e+01 6.537220908270266993e-03
2.445222611305652904e+01 6.427287708652707973e-03
2.449224612306153048e+01 6.373376776425633897e-03
2.453226613306653192e+01 6.367276906601105659e-03
2.457228614307153336e+01 6.403162782571793395e-03
2.461230615307653835e+01 6.477002320366814607e-03
2.465232616308153979e+01 6.586152584752777081e-03
2.469234617308654123e+01 6.729085759890319172e-03
2.473236618309154622e+01 6.905207356782550564e-03
2.477238619309654766e+01 7.114742284396996692e-03
2.481240620310154910e+01 7.358673375031866276e-03
2.485242621310655409e+01 7.638723174914472704e-03
2.489244622311155553e+01 7.957374403760581957e-03
2.493246623311655696e+01 8.317928204630503988e-03
2.497248624312155840e+01 8.724602703106753079e-03
2.501250625312656339e+01 9.182677944535104844e-03
2.505252626313156483e+01 9.698697459347465494e-03
2.509254627313656627e+01 1.028074209612281700e-02
2.513256628314157126e+01 1.093879914389961870e-02
2.517258629314657270e+01 1.168526028666753286e-02
2.521260630315157414e+01 1.253559734660099866e-02
2.525262631315657913e+01 1.350928782548189121e-02
2.529264632316158057e+01 1.463109732329750425e-02
2.533266633316658201e+01 1.593288004783173159e-02
2.537268634317158345e+01 1.745614322496620921e-02
2.541270635317658844e+01 1.925575459167417486e-02
2.545272636318158987e+01 2.140538301236204546e-02
2.549274637318659131e+01 2.400559263308781402e-02
2.553276638319159630e+01 2.719601124106622511e-02
2.557278639319659774e+01 3.117368065409048539e-02
2.561280640320159918e+01 3.622037346613571351e-02
2.565282641320660417e+01 4.274124402943435541e-02
2.569284642321160561e+01 5.131143324359603575e-02
2.573286643321660705e+01 6.270185018768718865e-02
2.577288644322160849e+01 7.776977485954494895e-02
2.581290645322661348e+01 9.688352900441900284e-02
2.585292646323161492e+01 1.183304002729732435e-01
2.589294647323661636e+01 1.362761834547791817e-01
2.593296648324162135e+01 1.429545246745264064e-01
2.597298649324662279e+01 1.372833694728778919e-01
2.601300650325162422e+01 1.267287640822004346e-01
2.605302651325662922e+01 1.188905452626791148e-01
2.609304652326163065e+01 1.173115559143856762e-01
2.613306653326663209e+01 1.230870943259662759e-01
2.617308654327163353e+01 1.367088669763594222e-01
2.621310655327663852e+01 1.584899812669295360e-01
2.625312656328163996e+01 1.879518318351746098e-01
2.629314657328664140e+01 2.236570376088291290e-01
2.633316658329164639e+01 2.650363670872085131e-01
2.637318659329664783e+01 3.117476206039145326e-01
2.641320660330164927e+01 3.574426156949089273e-01
2.645322661330665426e+01 3.907030165896164808e-01
2.649324662331165570e+01 4.051824321867525391e-01
2.653326663331665713e+01 3.964303335802286110e-01
2.657328664332165857e+01 3.586324798437875438e-01
2.661330665332666356e+01 2.994791281225626101e-01
2.665332666333166500e+01 2.376047419934074201e-01
2.669334667333666644e+01 1.852825046094946360e-01
2.673336668334167143e+01 1.451383983163924696e-01
2.677338669334667287e+01 1.153606452945821897e-01
2.681340670335167431e+01 9.333804919807804634e-02
2.685342671335667930e+01 7.687997731433081350e-02
2.689344672336168074e+01 6.438909207698070847e-02
2.693346673336668218e+01 5.475100882671330577e-02
2.697348674337168362e+01 4.719487957885678403e-02
2.701350675337668861e+01 4.118406354400581948e-02
2.705352676338169005e+01 3.634020466721529785e-02
2.709354677338669148e+01 3.239253209318333770e-02
2.713356678339169648e+01 2.914429559940784342e-02
2.717358679339669791e+01 2.645044410458277997e-02
2.721360680340169935e+01 2.420262615077413068e-02
2.725362681340670434e+01 2.231898187126031205e-02
2.729364682341170578e+01 2.073710505112013117e-02
2.733366683341670722e+01 1.940913290331711463e-02
2.737368684342170866e+01 1.829828820935728434e-02
2.741370685342671365e+01 1.737643257166144456e-02
2.745372686343171509e+01 1.662234088173500032e-02
2.749374687343671653e+01 1.602050707925191386e-02
2.753376688344172152e+01 1.556035955351851678e-02
2.757378689344672296e+01 1.523581380876490310e-02
2.761380690345172439e+01 1.504512894155684080e-02
2.765382691345672583e+01 1.499106967998373001e-02
2.769384692346173082e+01 1.508141325930504803e-02
2.773386693346673226e+01 1.532988708100593671e-02
2.777388694347173370e+01 1.575768802274268160e-02
2.781390695347673869e+01 1.639583066511439424e-02
2.785392696348174013e+01 1.728871889849048146e-02
2.789394697348674157e+01 1.849955888799427114e-02
2.793396698349174656e+01 2.011855278632848978e-02
2.797398699349674800e+01 2.227519822758981805e-02
2.801400700350174944e+01 2.515618013425040614e-02
2.805402701350675088e+01 2.902903822216830465e-02
2.809404702351175587e+01 3.426461520533027189e-02
2.813406703351675731e+01 4.132483076873799677e-02
2.817408704352175874e+01 5.060724836350238842e-02
2.821410705352676374e+01 6.191617640769755959e-02
2.825412706353176517e+01 7.352699324013735327e-02
2.829414707353676661e+01 8.230818309290899304e-02
2.833416708354177160e+01 8.702839318030429483e-02
2.837418709354677304e+01 9.080050307187934044e-02
2.841420710355177448e+01 9.781193098164407684e-02
2.845422711355677592e+01 1.093260362064526064e-01
2.849424712356178091e+01 1.217201149822691730e-01
2.853426713356678235e+01 1.267405007000945438e-01
2.857428714357178379e+01 1.183271661337609859e-01
2.861430715357678878e+01 1.000288618796221080e-01
2.865432716358179022e+01 7.994218562911467596e-02
2.869434717358679165e+01 6.287428138437117786e-02
2.873436718359179665e+01 4.982381450556317565e-02
2.877438719359679808e+01 4.019588853758422620e-02
2.881440720360179952e+01 3.312263943395614418e-02
2.885442721360680096e+01 2.787936873421843764e-02
2.889444722361180595e+01 2.394023887522429145e-02
2.893446723361680739e+01 2.094029448762872378e-02
2.897448724362180883e+01 1.862865874022277130e-02
2.901450725362681382e+01 1.683212604147623498e-02
2.905452726363181526e+01 1.543002717520213993e-02
2.909454727363681670e+01 1.433756028120364290e-02
2.913456728364182169e+01 1.349487468490531868e-02
2.917458729364682313e+01 1.285995213101797860e-02
2.921460730365182457e+01 1.240399534923628845e-02
2.925462731365682600e+01 1.210848009125293015e-02
2.929464732366183100e+01 1.196323182095601623e-02
2.933466733366683243e+01 1.196473944897250008e-02
2.937468734367183387e+01 1.211317124744109089e-02
2.941470735367683886e+01 1.240577127742784579e-02
2.945472736368184030e+01 1.282899451287872021e-02
2.949474737368684174e+01 1.336847096961788287e-02
2.953476738369184673e+01 1.404546672012652216e-02
2.957478739369684817e+01 1.492647087477828177e-02
2.961480740370184961e+01 1.609280103427902786e-02
2.965482741370685105e+01 1.762956179334912096e-02
2.969484742371185604e+01 1.964099150325359505e-02
2.973486743371685748e+01 2.227173195482887169e-02
2.977488744372185892e+01 2.573079411647785988e-02
2.981490745372686391e+01 3.032366390579099152e-02
2.985492746373186534e+01 3.649791294115422441e-02
2.989494747373686678e+01 4.490252356178281445e-02
2.993496748374187177e+01 5.643919081125164244e-02
2.997498749374687321e+01 7.220528000662265744e-02
3.001500750375187465e+01 9.300394611247837784e-02
3.005502751375687609e+01 1.177164233308882202e-01
3.009504752376188108e+01 1.403273715868904592e-01
3.013506753376688252e+01 1.498135253979299142e-01
3.017508754377188396e+01 1.398247609884475107e-01
3.021510755377688895e+01 1.169643750692063167e-01
3.025512756378189039e+01 9.221024467205884978e-02
3.029514757378689183e+01 7.143650625398428877e-02
3.033516758379189682e+01 5.568669351161881220e-02
3.037518759379689826e+01 4.413788558216565766e-02
3.041520760380189969e+01 3.569338123462840323e-02
3.045522761380690113e+01 2.945610682746653206e-02
3.049524762381190612e+01 2.478068046587278070e-02
3.053526763381690756e+01 2.122111498546474379e-02
3.057528764382190900e+01 1.847151580712005567e-02
3.061530765382691399e+01 1.632078778612495312e-02
3.065532766383191543e+01 1.462156390494450710e-02
3.069534767383691687e+01 1.326962431779242155e-02
3.073536768384192186e+01 1.219037084761993329e-02
3.077538769384692330e+01 1.132990745615723542e-02
3.081540770385192474e+01 1.064911446942022610e-02
3.085542771385692618e+01 1.011968557657117948e-02
3.089544772386193117e+01 9.721474759998197102e-03
3.093546773386693260e+01 9.440741949938878316e-03
3.097548774387193404e+01 9.269041604147619517e-03
3.101550775387693903e+01 9.202600589441360321e-03
3.105552776388194047e+01 9.242099677324502188e-03
3.109554777388694191e+01 9.392810952975574890e-03
3.113556778389194335e+01 9.665029913168010287e-03
3.117558779389694834e+01 1.007460748309084615e-02
3.121560780390194978e+01 1.064309355122708932e-02
3.125562781390695122e+01 1.139728138455551112e-02
3.129564782391195621e+01 1.237161641619566495e-02
3.133566783391695765e+01 1.362131344726864000e-02
3.137568784392195909e+01 1.524001833806451489e-02
3.141570785392696408e+01 1.736592261142087812e-02
3.145572786393196552e+01 2.018999997336014957e-02
3.149574787393696695e+01 2.398268748021336466e-02
3.153576788394196839e+01 2.913517284817349756e-02
3.157578789394697338e+01 3.620455243640815363e-02
3.161580790395197482e+01 4.592525416425916746e-02
3.165582791395697626e+01 5.904782046110965826e-02
3.169584792396198125e+01 7.562797720055794426e-02
3.173586793396698269e+01 9.325603415497092652e-02
3.177588794397198413e+01 1.053312919376298423e-01
3.181590795397698912e+01 1.045615381551171091e-01
3.185592796398199056e+01 9.142985686543221580e-02
3.189594797398699200e+01 7.353960608996348847e-02
3.193596798399199344e+01 5.710351109265624642e-02
3.197598799399699843e+01 4.418678603836750235e-02
3.201600800400200342e+01 3.460593673439543716e-02
3.205602801400700486e+01 2.759226164837806639e-02
3.209604802401200629e+01 2.242420262189747521e-02
3.213606803401700773e+01 1.856022573789499822e-02
3.217608804402200917e+01 1.562114727820933767e-02
3.221610805402701061e+01 1.334637747995531636e-02
3.225612806403201205e+01 1.155648466583130037e-02
3.229614807403702059e+01 1.012657927316716958e-02
3.233616808404202203e+01 8.968472907934049027e-03
3.237618809404702347e+01 8.018919954723502733e-03
3.241620810405202491e+01 7.231863117678498723e-03
3.245622811405702635e+01 6.573275747860250241e-03
3.249624812406202778e+01 6.017690433350871698e-03
3.253626813406702922e+01 5.545832740740604810e-03
3.257628814407203777e+01 5.142989389475199208e-03
3.261630815407703921e+01 4.797873269598886860e-03
3.265632816408204064e+01 4.501832477491615574e-03
3.269634817408704208e+01 4.248305581166339842e-03
3.273636818409204352e+01 4.032462477205712992e-03
3.277638819409704496e+01 3.850997159581513035e-03
3.281640820410205350e+01 3.702060780870042745e-03
3.285642821410705494e+01 3.585344357413351377e-03
3.289644822411205638e+01 3.502342295567905522e-03
3.293646823411705782e+01 3.456846707623433771e-03
3.297648824412205926e+01 3.455712759717447045e-03
3.301650825412706070e+01 3.509796148560585631e-03
3.305652826413206213e+01 3.634356008406601848e-03
3.309654827413707068e+01 3.846192595755101949e-03
3.313656828414207212e+01 4.149787161321446052e-03
3.317658829414707355e+01 4.500264862058977501e-03
3.321660830415207499e+01 4.759247895342383003e-03
3.325662831415707643e+01 4.752382861979041404e-03
3.329664832416207787e+01 4.462401333469908325e-03
3.333666833416707931e+01 4.053359240149922819e-03
3.337668834417208785e+01 3.679359855490816743e-03
3.341670835417708929e+01 3.399759550544379644e-03
3.345672836418209073e+01 3.217098928108494838e-03
3.349674837418709217e+01 3.118370881591094480e-03
3.353676838419209361e+01 3.092187418175133123e-03
3.357678839419709504e+01 3.133288141536576862e-03
3.361680840420210359e+01 3.243284358377342916e-03
3.365682841420710503e+01 3.431097131393656512e-03
3.369684842421210647e+01 3.714236441463000370e-03
3.373686843421710790e+01 4.121409806895666959e-03
3.377688844422210934e+01 4.696743450583762761e-03
3.381690845422711078e+01 5.505275378909059089e-03
3.385692846423211222e+01 6.636611954606581876e-03
3.389694847423712076e+01 8.194022410084338473e-03
3.393696848424212220e+01 1.023069131200237195e-02
3.397698849424712364e+01 1.256186457933343610e-02
3.401700850425212508e+01 1.448567251743627417e-02
3.405702851425712652e+01 1.494802391674069503e-02
3.409704852426212796e+01 1.360979173019889570e-02
3.413706853426712939e+01 1.130094600145465852e-02
3.417708854427213794e+01 8.992175678781829176e-03
3.421710855427713938e+01 7.111790930259234006e-03
3.425712856428214081e+01 5.697087125270041720e-03
3.429714857428714225e+01 4.656192211214444342e-03
3.433716858429214369e+01 3.887817534710179355e-03
3.437718859429714513e+01 3.312570468745806851e-03
3.441720860430214657e+01 2.874075935635417474e-03
3.445722861430715511e+01 2.533470177207658609e-03
3.449724862431215655e+01 2.264030649365917150e-03
3.453726863431715799e+01 2.047217114744026394e-03
3.457728864432215943e+01 1.869985881726999796e-03
3.461730865432716087e+01 1.723014560806085957e-03
3.465732866433216230e+01 1.599532442201291507e-03
3.469734867433717085e+01 1.494544455461841413e-03
3.473736868434217229e+01 1.404310171236885108e-03
3.477738869434717373e+01 1.325989149566903641e-03
3.481740870435217516e+01 1.257395985300601001e-03
3.485742871435717660e+01 1.196828645376482548e-03
3.489744872436217804e+01 1.142946458361055861e-03
3.493746873436717948e+01 1.094682214416195119e-03
3.497748874437218802e+01 1.051178021524317536e-03
3.501750875437718946e+01 1.011737926626398408e-03
3.505752876438219090e+01 9.757925180333212748e-04
3.509754877438719234e+01 9.428721936850689407e-04
3.513756878439219378e+01 9.125867688456591829e-04
3.517758879439719522e+01 8.846097714197491109e-04
3.521760880440219665e+01 8.586662388048384338e-04
3.525762881440720520e+01 8.345231554706208530e-04
3.529764882441220664e+01 8.119819001718253486e-04
3.533766883441720807e+01 7.908722356515233325e-04
3.537768884442220951e+01 7.710474918895141114e-04
3.541770885442721095e+01 7.523806799824976936e-04
3.545772886443221239e+01 7.347613369358579113e-04
3.549774887443722093e+01 7.180929484676652286e-04
3.553776888444222237e+01 7.022908319029397099e-04
3.557778889444722381e+01 6.872803875717157888e-04
3.561780890445222525e+01 6.729956471021182173e-04
3.565782891445722669e+01 6.593780622622961909e-04
3.569784892446222813e+01 6.463754897452556655e-04
3.573786893446722956e+01 6.339413363797975591e-04
3.577788894447223811e+01 6.220338363313044749e-04
3.581790895447723955e+01 6.106154374046175249e-04
3.585792896448224099e+01 5.996522779338250408e-04
3.589794897448724242e+01 5.891137392085086903e-04
3.593796898449224386e+01 5.789720611454377518e-04
3.597798899449724530e+01 5.692020111235987761e-04
3.601800900450224674e+01 5.597805976769793706e-04
3.605802901450725528e+01 5.506868221749264400e-04
3.609804902451225672e+01 5.419014627848121142e-04
3.613806903451725816e+01 5.334068859611003225e-04
3.617808904452225960e+01 5.251868814818630568e-04
3.621810905452726104e+01 5.172265176920139021e-04
3.625812906453226248e+01 5.095120141389130729e-04
3.629814907453727102e+01 5.020306292216435281e-04
3.633816908454227246e+01 4.947705608371188871e-04
3.637818909454727390e+01 4.877208583077492820e-04
3.641820910455227533e+01 4.808713441276044076e-04
3.645822911455727677e+01 4.742125442755086746e-04
3.649824912456227821e+01 4.677356260215218865e-04
3.653826913456727965e+01 4.614323423034592418e-04
3.657828914457228819e+01 4.552949818772414814e-04
3.661830915457728963e+01 4.493163245527725209e-04
3.665832916458229107e+01 4.434896009188525287e-04
3.669834917458729251e+01 4.378084560390220633e-04
3.673836918459229395e+01 4.322669166672227573e-04
3.677838919459729539e+01 4.268593615896666563e-04
3.681840920460229682e+01 4.215804947487056665e-04
3.685842921460730537e+01 4.164253208470683671e-04
3.689844922461230681e+01 4.113891231676045481e-04
3.693846923461730825e+01 4.064674433754803559e-04
3.697848924462230968e+01 4.016560630973986350e-04
3.701850925462731112e+01 3.969509870963747709e-04
3.705852926463231256e+01 3.923484278815125479e-04
3.709854927463732110e+01 3.878447916104512164e-04
3.713856928464232254e+01 3.834366651580985424e-04
3.717858929464732398e+01 3.791208042392185044e-04
3.721860930465232542e+01 3.748941224847206276e-04
3.725862931465732686e+01 3.707536813822490509e-04
3.729864932466232830e+01 3.666966810011739776e-04
3.733866933466732974e+01 3.627204514304545649e-04
3.737868934467233828e+01 3.588224448652394417e-04
3.741870935467733972e+01 3.550002282846290028e-04
3.745872936468234116e+01 3.512514766688060045e-04
3.749874937468734259e+01 3.475739667089286738e-04
3.753876938469234403e+01 3.439655709677331670e-04
3.757878939469734547e+01 3.404242524528936376e-04
3.761880940470234691e+01 3.369480595688187905e-04
3.765882941470735545e+01 3.335351214158224754e-04
3.769884942471235689e+01 3.301836434085104501e-04
3.773886943471735833e+01 3.268919031878242247e-04
3.777888944472235977e+01 3.236582468035342579e-04
3.781890945472736121e+01 3.204810851460544426e-04
3.785892946473236265e+01 3.173588906083467344e-04
3.789894947473736408e+01 3.142901939603771119e-04
3.793896948474237263e+01 3.112735814201175494e-04
3.797898949474737407e+01 3.083076919064680070e-04
3.801900950475237551e+01 3.053912144607117936e-04
3.805902951475737694e+01 3.025228858242669130e-04
3.809904952476237838e+01 2.997014881614910842e-04
3.813906953476737982e+01 2.969258469172449599e-04
3.817908954477238836e+01 2.941948287997467239e-04
3.821910955477738980e+01 2.915073398800236879e-04
3.825912956478239124e+01 2.888623237999480902e-04
3.829914957478739268e+01 2.862587600814926552e-04
3.833916958479239412e+01 2.836956625304062288e-04
3.837918959479739556e+01 2.811720777280350518e-04
3.841920960480239700e+01 2.786870836055047452e-04
3.845922961480740554e+01 2.762397880949032025e-04
3.849924962481240698e+01 2.738293278525202076e-04
3.853926963481740842e+01 2.714548670495497452e-04
3.857928964482240985e+01 2.691155962260173432e-04
3.861930965482741129e+01 2.668107312039867110e-04
3.865932966483241273e+01 2.645395120563906119e-04
3.869934967483741417e+01 2.623012021280940421e-04
3.873936968484242271e+01 2.600950871060293216e-04
3.877938969484742415e+01 2.579204741354737995e-04
3.881940970485242559e+01 2.557766909797297449e-04
3.885942971485742703e+01 2.536630852206699853e-04
3.889944972486242847e+01 2.515790234977713130e-04
3.893946973486742991e+01 2.495238907834247547e-04
3.897948974487243845e+01 2.474970896924563214e-04
3.901950975487743989e+01 2.454980398239317769e-04
3.905952976488244133e+01 2.435261771334361596e-04
3.909954977488744277e+01 2.415809533341484953e-04
3.913956978489244420e+01 2.396618353251287370e-04
3.917958979489744564e+01 2.377683046453413608e-04
3.921960980490244708e+01 2.358998569520294919e-04
3.925962981490745562e+01 2.340560015221407135e-04
3.929964982491245706e+01 2.322362607755903074e-04
3.933966983491745850e+01 2.304401698192115318e-04
3.937968984492245994e+01 2.286672760103269236e-04
3.941970985492746138e+01 2.269171385389261630e-04
3.945972986493246282e+01 2.251893280275035043e-04
3.949974987493746426e+01 2.234834261476628811e-04
3.953976988494247280e+01 2.217990252526482614e-04
3.957978989494747424e+01 2.201357280250119855e-04
3.961980990495247568e+01 2.184931471386691653e-04
3.965982991495747711e+01 2.168709049346426035e-04
3.969984992496247855e+01 2.152686331098297660e-04
3.973986993496747999e+01 2.136859724181686907e-04
3.977988994497248854e+01 2.121225723836119698e-04
3.981990995497748997e+01 2.105780910243500604e-04
3.985992996498249141e+01 2.090521945877564882e-04
3.989994997498749285e+01 2.075445572955582428e-04
3.993996998499249429e+01 2.060548610987581917e-04
3.997998999499749573e+01 2.045827954418634193e-04
4.002001000500249717e+01 2.031280570359967046e-04
4.006003001500750571e+01 2.016903496404928026e-04
4.010005002501250715e+01 2.002693838525983509e-04
4.014007003501750859e+01 1.988648769049158806e-04
4.018009004502251003e+01 1.974765524702527103e-04
4.022011005502751146e+01 1.961041404735503044e-04
4.026013006503251290e+01 1.947473769105865062e-04
4.030015007503751434e+01 1.934060036731604878e-04
4.034017008504252289e+01 1.920797683804815310e-04
4.038019009504752432e+01 1.907684242165020010e-04
4.042021010505252576e+01 1.894717297729393466e-04
4.046023011505752720e+01 1.881894488977541838e-04
4.050025012506252864e+01 1.869213505488552919e-04
4.054027013506753008e+01 1.856672086528168223e-04
4.058029014507253862e+01 1.844268019684025875e-04
4.062031015507754006e+01 1.831999139547033605e-04
4.066033016508254150e+01 1.819863326436981248e-04
4.070035017508754294e+01 1.807858505170660481e-04
4.074037018509254438e+01 1.795982643870763025e-04
4.078039019509754581e+01 1.784233752813979264e-04
4.082041020510254725e+01 1.772609883316727077e-04
4.086043021510755580e+01 1.761109126657067281e-04
4.090045022511255723e+01 1.749729613031403253e-04
4.094047023511755867e+01 1.738469510544596753e-04
4.098049024512256011e+01 1.727327024232272348e-04
4.102051025512756155e+01 1.716300395114046275e-04
4.106053026513256299e+01 1.705387899276529376e-04
4.110055027513756443e+01 1.694587846984996356e-04
4.114057028514257297e+01 1.683898581822633066e-04
4.118059029514757441e+01 1.673318479856367885e-04
4.122061030515257585e+01 1.662845948828273472e-04
4.126063031515757729e+01 1.652479427371649292e-04
4.130065032516257872e+01 1.642217384250848169e-04
4.134067033516758016e+01 1.632058317624019621e-04
4.138069034517258160e+01 1.622000754327920509e-04
4.142071035517759015e+01 1.612043249184034587e-04
4.146073036518259158e+01 1.602184384325234709e-04
4.150075037518759302e+01 1.592422768542236600e-04
4.154077038519259446e+01 1.582757036649206956e-04
4.158079039519759590e+01 1.573185848867811386e-04
4.162081040520259734e+01 1.563707890229083114e-04
4.166083041520760588e+01 1.554321869992500676e-04
4.170085042521260732e+01 1.545026521081682919e-04
4.174087043521760876e+01 1.535820599536127202e-04
4.178089044522261020e+01 1.526702883978470671e-04
4.182091045522761164e+01 1.517672175096728424e-04
4.186093046523261307e+01 1.508727295141024485e-04
4.190095047523761451e+01 1.499867087434324968e-04
4.194097048524262306e+01 1.491090415896714836e-04
4.198099049524762449e+01 1.482396164582776418e-04
4.202101050525262593e+01 1.473783237231623283e-04
4.206103051525762737e+01 1.465250556829208366e-04
4.210105052526262881e+01 1.456797065182479712e-04
4.214107053526763025e+01 1.448421722505023612e-04
4.218109054527263169e+01 1.440123507013815665e-04
4.222111055527764023e+01 1.431901414536731457e-04
4.226113056528264167e+01 1.423754458130476971e-04
4.230115057528764311e+01 1.415681667708602344e-04
4.234117058529264455e+01 1.407682089679300279e-04
4.238119059529764598e+01 1.399754786592665205e-04
4.242121060530264742e+01 1.391898836797131832e-04
4.246123061530765597e+01 1.384113334104806071e-04
4.250125062531265741e+01 1.376397387465420224e-04
4.254127063531765884e+01 1.368750120648636547e-04
4.258129064532266028e+01 1.361170671934462532e-04
4.262131065532766172e+01 1.353658193811519339e-04
4.266133066533266316e+01 1.346211852682938136e-04
4.270135067533766460e+01 1.338830828579643645e-04
4.274137068534267314e+01 1.331514314880817280e-04
4.278139069534767458e+01 1.324261518041320858e-04
4.282141070535267602e+01 1.317071657325874620e-04
4.286143071535767746e+01 1.309943964549793597e-04
4.290145072536267890e+01 1.302877683826095549e-04
4.294147073536768033e+01 1.295872071318783720e-04
4.298149074537268177e+01 1.288926395002137958e-04
4.302151075537769032e+01 1.282039934425833159e-04
4.306153076538269175e+01 1.275211980485725378e-04
4.310155077538769319e+01 1.268441835200130770e-04
4.314157078539269463e+01 1.261728811491461314e-04
4.318159079539769607e+01 1.255072232973046542e-04
4.322161080540269751e+01 1.248471433741010360e-04
4.326163081540770605e+01 1.241925758171047651e-04
4.330165082541270749e+01 1.235434560719985190e-04
4.334167083541770893e+01 1.228997205731961534e-04
4.338169084542271037e+01 1.222613067249134536e-04
4.342171085542771181e+01 1.216281528826767687e-04
4.346173086543271324e+01 1.210001983352581158e-04
4.350175087543771468e+01 1.203773832870258189e-04
4.354177088544272323e+01 1.197596488406985933e-04
4.358179089544772467e+01 1.191469369804925844e-04
4.362181090545272610e+01 1.185391905556505075e-04
4.366183091545772754e+01 1.179363532643431969e-04
4.370185092546272898e+01 1.173383696379329402e-04
4.374187093546773042e+01 1.167451850255899230e-04
4.378189094547273186e+01 1.161567455792509028e-04
4.382191095547774040e+01 1.155729982389132126e-04
4.386193096548274184e+01 1.149938907182538217e-04
4.390195097548774328e+01 1.144193714905646049e-04
4.394197098549274472e+01 1.138493897749972720e-04
4.398199099549774616e+01 1.132838955231090026e-04
4.402201100550274759e+01 1.127228394057000683e-04
4.406203101550775614e+01 1.121661727999381867e-04
4.410205102551275758e+01 1.116138477767604855e-04
4.414207103551775901e+01 1.110658170885460422e-04
4.418209104552276045e+01 1.105220341570535520e-04
4.422211105552776189e+01 1.099824530616160201e-04
4.426213106553276333e+01 1.094470285275866625e-04
4.430215107553776477e+01 1.089157159150296207e-04
4.434217108554277331e+01 1.083884712076491459e-04
4.438219109554777475e+01 1.078652510019521583e-04
4.442221110555277619e+01 1.073460124966366721e-04
4.446223111555777763e+01 1.068307134822030251e-04
4.450225112556277907e+01 1.063193123307798336e-04
4.454227113556778050e+01 1.058117679861613804e-04
4.458229114557278194e+01 1.053080399540503784e-04
4.462231115557779049e+01 1.048080882925009994e-04
4.466233116558279193e+01 1.043118736025583875e-04
4.470235117558779336e+01 1.038193570190879618e-04
4.474237118559279480e+01 1.033305002017923549e-04
4.478239119559779624e+01 1.028452653264096150e-04
4.482241120560279768e+01 1.023636150760892454e-04
4.486243121560779912e+01 1.018855126329415938e-04
4.490245122561280766e+01 1.014109216697566077e-04
4.494247123561780910e+01 1.009398063418883779e-04
4.498249124562281054e+01 1.004721312792997373e-04
4.502251125562781198e+01 1.000078615787664812e-04
4.506253126563281342e+01 9.954696279623391844e-05
4.510255127563781485e+01 9.908940093932497989e-05
4.514257128564282340e+01 9.863514245999458635e-05
4.518259129564782484e+01 9.818415424732830979e-05
4.522261130565282627e+01 9.773640362048027351e-05
4.526263131565782771e+01 9.729185832174919309e-05
4.530265132566282915e+01 9.685048650978773357e-05
4.534267133566783059e+01 9.641225675294293315e-05
4.538269134567283203e+01 9.597713802272476601e-05
4.542271135567784057e+01 9.554509968739936126e-05
4.546273136568284201e+01 9.511611150570496720e-05
4.550275137568784345e+01 9.469014362068700153e-05
4.554277138569284489e+01 9.426716655364999217e-05
4.558279139569784633e+01 9.384715119822438934e-05
4.562281140570284776e+01 9.343006881454410167e-05
4.566283141570784920e+01 9.301589102353411960e-05
4.570285142571285775e+01 9.260458980130448540e-05
4.574287143571785919e+01 9.219613747364917332e-05
4.578289144572286062e+01 9.179050671064684411e-05
4.582291145572786206e+01 9.138767052136165779e-05
4.586293146573286350e+01 9.098760224864215255e-05
4.590295147573786494e+01 9.059027556401550634e-05
4.594297148574287348e+01 9.019566446267579876e-05
4.598299149574787492e+01 8.980374325856364413e-05
4.602301150575287636e+01 8.941448657953548801e-05
4.606303151575787780e+01 8.902786936262073773e-05
4.610305152576287924e+01 8.864386684936488364e-05
4.614307153576788068e+01 8.826245458125661896e-05
4.618309154577288211e+01 8.788360839523703374e-05
4.622311155577789066e+01 8.750730441928977158e-05
4.626313156578289210e+01 8.713351906810973681e-05
4.630315157578789353e+01 8.676222903884901045e-05
4.634317158579289497e+01 8.639341130693866029e-05
4.638319159579789641e+01 8.602704312198416830e-05
4.642321160580289785e+01 8.566310200373387907e-05
4.646323161580789929e+01 8.530156573811773163e-05
4.650325162581290783e+01 8.494241237335619342e-05
4.654327163581790927e+01 8.458562021613713297e-05
4.658329164582291071e+01 8.423116782785908653e-05
4.662331165582791215e+01 8.387903402094005112e-05
4.666333166583291359e+01 8.352919785519046230e-05
4.670335167583791502e+01 8.318163863424885246e-05
4.674337168584292357e+01 8.283633590207850898e-05
4.678339169584792501e+01 8.249326943952536276e-05
4.682341170585292645e+01 8.215241926093339356e-05
4.686343171585792788e+01 8.181376561081927362e-05
4.690345172586292932e+01 8.147728896060298304e-05
4.694347173586793076e+01 8.114297000539369246e-05
4.698349174587293220e+01 8.081078966083106202e-05
4.702351175587794074e+01 8.048072905997875816e-05
4.706353176588294218e+01 8.015276955027117770e-05
4.710355177588794362e+01 7.982689269051076347e-05
4.714357178589294506e+01 7.950308024791596570e-05
4.718359179589794650e+01 7.918131419521853473e-05
4.722361180590294794e+01 7.886157670780887083e-05
4.726363181590794937e+01 7.854385016092906545e-05
4.730365182591295792e+01 7.822811712691192618e-05
4.734367183591795936e+01 7.791436037246631072e-05
4.738369184592296079e+01 7.760256285600624900e-05
4.742371185592796223e+01 7.729270772502477513e-05
4.746373186593296367e+01 7.698477831351000259e-05
4.750375187593796511e+01 7.667875813940378145e-05
4.754377188594297365e+01 7.637463090210192115e-05
4.758379189594797509e+01 7.607238047999431197e-05
4.762381190595297653e+01 7.577199092804533817e-05
4.766383191595797797e+01 7.547344647541340365e-05
4.770385192596297941e+01 7.517673152310847256e-05
4.774387193596798085e+01 7.488183064168746198e-05
4.778389194597298228e+01 7.458872856898629436e-05
4.782391195597799083e+01 7.429741020788841962e-05
4.786393196598299227e+01 7.400786062412887214e-05
4.790395197598799371e+01 7.372006504413273749e-05
4.794397198599299514e+01 7.343400885288827308e-05
4.798399199599799658e+01 7.314967759185382872e-05
4.802401200600299802e+01 7.286705695689709003e-05
4.806403201600799946e+01 7.258613279626713246e-05
4.810405202601300800e+01 7.230689110859818826e-05
4.814407203601800944e+01 7.202931804094473334e-05
4.818409204602301088e+01 7.175339988684675558e-05
4.822411205602801232e+01 7.147912308442558413e-05
4.826413206603301376e+01 7.120647421450892437e-05
4.830415207603801520e+01 7.093543999878504434e-05
4.834417208604301663e+01 7.066600729798554355e-05
4.838419209604802518e+01 7.039816311009559262e-05
4.842421210605302662e+01 7.013189456859234873e-05
4.846423211605802805e+01 6.986718894070960873e-05
4.850425212606302949e+01 6.960403362572944530e-05
4.854427213606803093e+01 6.934241615329966076e-05
4.858429214607303237e+01 6.908232418177677372e-05
4.862431215607804091e+01 6.882374549659429485e-05
4.866433216608304235e+01 6.856666800865546490e-05
4.870435217608804379e+01 6.831107975275002141e-05
4.874437218609304523e+01 6.805696888599545476e-05
4.878439219609804667e+01 6.780432368630065303e-05
4.882441220610304811e+01 6.755313255085358909e-05
4.886443221610804954e+01 6.730338399463070521e-05
4.890445222611305809e+01 6.705506664892891687e-05
4.894447223611805953e+01 6.680816925991938196e-05
4.898449224612306097e+01 6.656268068722250670e-05
4.902451225612806240e+01 6.631858990250414786e-05
4.906453226613306384e+01 6.607588598809244174e-05
4.910455227613806528e+01 6.583455813561507055e-05
4.914457228614306672e+01 6.559459564465636953e-05
4.918459229614807526e+01 6.535598792143405822e-05
4.922461230615307670e+01 6.511872447749556870e-05
4.926463231615807814e+01 6.488279492843291359e-05
4.930465232616307958e+01 6.464818899261647349e-05
4.934467233616808102e+01 6.441489648994722930e-05
4.938469234617308246e+01 6.418290734062676202e-05
4.942471235617809100e+01 6.395221156394516890e-05
4.946473236618309244e+01 6.372279927708632686e-05
4.950475237618809388e+01 6.349466069395034052e-05
4.954477238619309531e+01 6.326778612399275466e-05
4.958479239619809675e+01 6.304216597108055836e-05
4.962481240620309819e+01 6.281779073236415389e-05
4.966483241620809963e+01 6.259465099716575139e-05
4.970485242621310817e+01 6.237273744588313199e-05
4.974487243621810961e+01 6.215204084890922685e-05
4.978489244622311105e+01 6.193255206556672586e-05
4.982491245622811249e+01 6.171426204305785165e-05
4.986493246623311393e+01 6.149716181542872969e-05
4.990495247623811537e+01 6.128124250254839513e-05
4.994497248624311680e+01 6.106649530910216524e-05
4.998499249624812535e+01 6.085291152359854412e-05
5.002501250625312679e+01 6.064048251739083867e-05
5.006503251625812823e+01 6.042919974371133097e-05
5.010505252626312966e+01 6.021905473671965370e-05
5.014507253626813110e+01 6.001003911056401334e-05
5.018509254627313254e+01 5.980214455845507825e-05
5.022511255627814108e+01 5.959536285175317529e-05
5.026513256628314252e+01 5.938968583906764311e-05
5.030515257628814396e+01 5.918510544536847751e-05
5.034517258629314540e+01 5.898161367111034352e-05
5.038519259629814684e+01 5.877920259136836466e-05
5.042521260630314828e+01 5.857786435498585868e-05
5.046523261630814972e+01 5.837759118373330841e-05
5.050525262631315826e+01 5.817837537147910290e-05
5.054527263631815970e+01 5.798020928337120205e-05
5.058529264632316114e+01 5.778308535503006316e-05
5.062531265632816257e+01 5.758699609175203029e-05
5.066533266633316401e+01 5.739193406772403973e-05
5.070535267633816545e+01 5.719789192524825968e-05
5.074537268634316689e+01 5.700486237397731434e-05
5.078539269634817543e+01 5.681283819015990280e-05
5.082541270635317687e+01 5.662181221589614866e-05
5.086543271635817831e+01 5.643177735840285657e-05
5.090545272636317975e+01 5.624272658928878405e-05
5.094547273636818119e+01 5.605465294383924423e-05
5.098549274637318263e+01 5.586754952031014118e-05
5.102551275637819117e+01 5.568140947923149874e-05
5.106553276638319261e+01 5.549622604271994760e-05
5.110555277638819405e+01 5.531199249380025192e-05
5.114557278639319549e+01 5.512870217573574672e-05
5.118559279639819692e+01 5.494634849136756410e-05
5.122561280640319836e+01 5.476492490246235683e-05
5.126563281640819980e+01 5.458442492906858729e-05
5.130565282641320835e+01 5.440484214888101550e-05
5.134567283641820978e+01 5.422617019661374571e-05
5.138569284642321122e+01 5.404840276338087587e-05
5.142571285642821266e+01 5.387153359608552944e-05
5.146573286643321410e+01 5.369555649681665268e-05
5.150575287643821554e+01 5.352046532225340140e-05
5.154577288644321698e+01 5.334625398307727984e-05
5.158579289644822552e+01 5.317291644339178073e-05
5.162581290645322696e+01 5.300044672014953353e-05
5.166583291645822840e+01 5.282883888258643903e-05
5.170585292646322984e+01 5.265808705166314253e-05
5.174587293646823127e+01 5.248818539951392040e-05
5.178589294647323271e+01 5.231912814890188877e-05
5.182591295647823415e+01 5.215090957268160517e-05
5.186593296648324269e+01 5.198352399326823639e-05
5.190595297648824413e+01 5.181696578211342127e-05
5.194597298649324557e+01 5.165122935918771999e-05
5.198599299649824701e+01 5.148630919246948730e-05
5.202601300650324845e+01 5.132219979744017643e-05
5.206603301650824989e+01 5.115889573658606685e-05
5.210605302651325843e+01 5.099639161890585351e-05
5.214607303651825987e+01 5.083468209942472780e-05
5.218609304652326131e+01 5.067376187871423180e-05
5.222611305652826275e+01 5.051362570241810284e-05
5.226613306653326418e+01 5.035426836078401327e-05
5.230615307653826562e+01 5.019568468820113124e-05
5.234617308654326706e+01 5.003786956274314972e-05
5.238619309654827561e+01 4.988081790571717713e-05
5.242621310655327704e+01 4.972452468121808957e-05
5.246623311655827848e+01 4.956898489568810080e-05
5.250625312656327992e+01 4.941419359748197684e-05
5.254627313656828136e+01 4.926014587643740732e-05
5.258629314657328280e+01 4.910683686345081812e-05
5.262631315657828424e+01 4.895426173005788003e-05
5.266633316658329278e+01 4.880241568801945871e-05
5.270635317658829422e+01 4.865129398891260618e-05
5.274637318659329566e+01 4.850089192372609244e-05
5.278639319659829710e+01 4.835120482246120900e-05
5.282641320660329853e+01 4.820222805373718030e-05
5.286643321660829997e+01 4.805395702440131843e-05
5.290645322661330852e+01 4.790638717914377906e-05
5.294647323661830995e+01 4.775951400011720972e-05
5.298649324662331139e+01 4.761333300656044357e-05
5.302651325662831283e+01 4.746783975442705176e-05
5.306653326663331427e+01 4.732302983601820542e-05
5.310655327663831571e+01 4.717889887961985421e-05
5.314657328664331715e+01 4.703544254914416033e-05
5.318659329664832569e+01 4.689265654377521513e-05
5.322661330665332713e+01 4.675053659761909932e-05
5.326663331665832857e+01 4.660907847935758197e-05
5.330665332666333001e+01 4.646827799190643427e-05
5.334667333666833144e+01 4.632813097207726002e-05
5.338669334667333288e+01 4.618863329024384604e-05
5.342671335667833432e+01 4.604978085001168372e-05
5.346673336668334287e+01 4.591156958789203757e-05
5.350675337668834430e+01 4.577399547297941539e-05
5.354677338669334574e+01 4.563705450663270441e-05
5.358679339669834718e+01 4.550074272216031896e-05
5.362681340670334862e+01 4.536505618450879730e-05
5.366683341670835006e+01 4.522999098995494243e-05
5.370685342671335860e+01 4.509554326580171010e-05
5.374687343671836004e+01 4.496170917007729533e-05
5.378689344672336148e+01 4.482848489123810164e-05
5.382691345672836292e+01 4.469586664787449537e-05
5.386693346673336436e+01 4.456385068842062575e-05
5.390695347673836579e+01 4.443243329086700287e-05
5.394697348674336723e+01 4.430161076247663327e-05
5.398699349674837578e+01 4.417137943950431996e-05
5.402701350675337721e+01 4.404173568691910671e-05
5.406703351675837865e+01 4.391267589812990028e-05
5.410705352676338009e+01 4.378419649471423702e-05
5.414707353676838153e+01 4.365629392615000373e-05
5.418709354677338297e+01 4.352896466955026220e-05
5.422711355677838441e+01 4.340220522940116361e-05
5.426713356678339295e+01 4.327601213730232959e-05
5.430715357678839439e+01 4.315038195171102793e-05
5.434717358679339583e+01 4.302531125768818465e-05
5.438719359679839727e+01 4.290079666664803494e-05
5.442721360680339870e+01 4.277683481611002387e-05
5.446723361680840014e+01 4.265342236945397314e-05
5.450725362681340869e+01 4.253055601567740280e-05
5.454727363681841013e+01 4.240823246915607166e-05
5.458729364682341156e+01 4.228644846940675378e-05
5.462731365682841300e+01 4.216520078085293571e-05
5.466733366683341444e+01 4.204448619259291232e-05
5.470735367683841588e+01 4.192430151817052556e-05
5.474737368684341732e+01 4.180464359534836284e-05
5.478739369684842586e+01 4.168550928588348310e-05
5.482741370685342730e+01 4.156689547530569744e-05
5.486743371685842874e+01 4.144879907269795717e-05
5.490745372686343018e+01 4.133121701047962862e-05
5.494747373686843162e+01 4.121414624419155679e-05
5.498749374687343305e+01 4.109758375228399544e-05
5.502751375687843449e+01 4.098152653590645479e-05
5.506753376688344304e+01 4.086597161870010397e-05
5.510755377688844447e+01 4.075091604659226042e-05
5.514757378689344591e+01 4.063635688759302073e-05
5.518759379689844735e+01 4.052229123159432406e-05
5.522761380690344879e+01 4.040871619017102819e-05
5.526763381690845023e+01 4.029562889638416064e-05
5.530765382691345167e+01 4.018302650458617568e-05
5.534767383691846021e+01 4.007090619022850167e-05
5.538769384692346165e+01 3.995926514967099928e-05
5.542771385692846309e+01 3.984810059999345939e-05
5.546773386693346453e+01 3.973740977880911357e-05
5.550775387693846596e+01 3.962718994408032645e-05
5.554777388694346740e+01 3.951743837393575861e-05
5.558779389694847595e+01 3.940815236649013826e-05
5.562781390695347739e+01 3.929932923966534760e-05
5.566783391695847882e+01 3.919096633101365717e-05
5.570785392696348026e+01 3.908306099754291181e-05
5.574787393696848170e+01 3.897561061554335646e-05
5.578789394697348314e+01 3.886861258041643391e-05
5.582791395697848458e+01 3.876206430650521551e-05
5.586793396698349312e+01 3.865596322692691910e-05
5.590795397698849456e+01 3.855030679340676174e-05
5.594797398699349600e+01 3.844509247611389965e-05
5.598799399699849744e+01 3.834031776349883176e-05
5.602801400700349888e+01 3.823598016213272091e-05
5.606803401700850031e+01 3.813207719654819233e-05
5.610805402701350175e+01 3.802860640908187364e-05
5.614807403701851030e+01 3.792556535971854071e-05
5.618809404702351173e+01 3.782295162593701874e-05
5.622811405702851317e+01 3.772076280255726903e-05
5.626813406703351461e+01 3.761899650158963070e-05
5.630815407703851605e+01 3.751765035208505170e-05
5.634817408704351749e+01 3.741672199998731204e-05
5.638819409704852603e+01 3.731620910798647358e-05
5.642821410705352747e+01 3.721610935537392895e-05
5.646823411705852891e+01 3.711642043789894802e-05
5.650825412706353035e+01 3.701714006762665425e-05
5.654827413706853179e+01 3.691826597279747140e-05
5.658829414707353322e+01 3.681979589768797294e-05
5.662831415707853466e+01 3.672172760247325619e-05
5.666833416708354321e+01 3.662405886309043443e-05
5.670835417708854465e+01 3.652678747110391127e-05
5.674837418709354608e+01 3.642991123357169171e-05
5.678839419709854752e+01 3.633342797291315017e-05
5.682841420710354896e+01 3.623733552677811307e-05
5.686843421710855040e+01 3.614163174791739150e-05
5.690845422711355184e+01 3.604631450405444562e-05
5.694847423711856038e+01 3.595138167775833646e-05
5.698849424712356182e+01 3.585683116631811432e-05
5.702851425712856326e+01 3.576266088161827105e-05
5.706853426713356470e+01 3.566886875001560860e-05
5.710855427713856614e+01 3.557545271221715778e-05
5.714857428714356757e+01 3.548241072315949987e-05
5.718859429714857612e+01 3.538974075188907063e-05
5.722861430715357756e+01 3.529744078144392131e-05
5.726863431715857899e+01 3.520550880873641475e-05
5.730865432716358043e+01 3.511394284443716151e-05
5.734867433716858187e+01 3.502274091286010805e-05
5.738869434717358331e+01 3.493190105184886484e-05
5.742871435717858475e+01 3.484142131266390195e-05
5.746873436718359329e+01 3.475129975987109306e-05
5.750875437718859473e+01 3.466153447123124199e-05
5.754877438719359617e+01 3.457212353759073420e-05
5.758879439719859761e+01 3.448306506277315720e-05
5.762881440720359905e+01 3.439435716347212713e-05
5.766883441720860048e+01 3.430599796914508446e-05
5.770885442721360192e+01 3.421798562190811954e-05
5.774887443721861047e+01 3.413031827643182143e-05
5.778889444722361191e+01 3.404299409983818387e-05
5.782891445722861334e+01 3.395601127159845984e-05
5.786893446723361478e+01 3.386936798343198520e-05
5.790895447723861622e+01 3.378306243920603904e-05
5.794897448724361766e+01 3.369709285483669340e-05
5.798899449724862620e+01 3.361145745819051680e-05
5.802901450725362764e+01 3.352615448898734840e-05
5.806903451725862908e+01 3.344118219870377014e-05
5.810905452726363052e+01 3.335653885047792054e-05
5.814907453726863196e+01 3.327222271901475578e-05
5.818909454727363340e+01 3.318823209049253726e-05
5.822911455727863483e+01 3.310456526247013907e-05
5.826913456728364338e+01 3.302122054379505347e-05
5.830915457728864482e+01 3.293819625451267026e-05
5.834917458729364625e+01 3.285549072577596949e-05
5.838919459729864769e+01 3.277310229975633908e-05
5.842921460730364913e+01 3.269102932955519203e-05
5.846923461730865057e+01 3.260927017911643061e-05
5.850925462731365201e+01 3.252782322313964921e-05
5.854927463731866055e+01 3.244668684699425200e-05
5.858929464732366199e+01 3.236585944663440402e-05
5.862931465732866343e+01 3.228533942851457184e-05
5.866933466733366487e+01 3.220512520950620262e-05
5.870935467733866631e+01 3.212521521681483685e-05
5.874937468734366774e+01 3.204560788789825111e-05
5.878939469734866918e+01 3.196630167038526485e-05
5.882941470735367773e+01 3.188729502199520450e-05
5.886943471735867917e+01 3.180858641045836372e-05
5.890945472736368060e+01 3.173017431343703277e-05
5.894947473736868204e+01 3.165205721844722596e-05
5.898949474737368348e+01 3.157423362278124920e-05
5.902951475737868492e+01 3.149670203343099957e-05
5.906953476738369346e+01 3.141946096701178648e-05
5.910955477738869490e+01 3.134250894968718294e-05
5.914957478739369634e+01 3.126584451709413432e-05
5.918959479739869778e+01 3.118946621426918513e-05
5.922961480740369922e+01 3.111337259557515308e-05
5.926963481740870066e+01 3.103756222462850111e-05
5.930965482741370209e+01 3.096203367422740733e-05
5.934967483741871064e+01 3.088678552628047194e-05
5.938969484742371208e+01 3.081181637173616280e-05
5.942971485742871351e+01 3.073712481051274210e-05
5.946973486743371495e+01 3.066270945142894513e-05
5.950975487743871639e+01 3.058856891213535033e-05
5.954977488744371783e+01 3.051470181904616941e-05
5.958979489744871927e+01 3.044110680727192515e-05
5.962981490745372781e+01 3.036778252055239691e-05
5.966983491745872925e+01 3.029472761119065031e-05
5.970985492746373069e+01 3.022194073998712451e-05
5.974987493746873213e+01 3.014942057617472915e-05
5.978989494747373357e+01 3.007716579735437160e-05
5.982991495747873500e+01 3.000517508943097549e-05
5.986993496748374355e+01 2.993344714655025136e-05
5.990995497748874499e+01 2.986198067103601966e-05
5.994997498749374643e+01 2.979077437332785551e-05
5.998999499749874786e+01 2.971982697191960095e-05
6.003001500750374930e+01 2.964913719329823961e-05
6.007003501750875074e+01 2.957870377188340162e-05
6.011005502751375218e+01 2.950852544996739372e-05
6.015007503751876072e+01 2.943860097765571036e-05
6.019009504752376216e+01 2.936892911280813452e-05
6.023011505752876360e+01 2.929950862098032623e-05
6.027013506753376504e+01 2.923033827536596687e-05
6.031015507753876648e+01 2.916141685673939133e-05
6.035017508754376792e+01 2.909274315339873852e-05
6.039019509754876935e+01 2.902431596110954240e-05
6.043021510755377790e+01 2.895613408304895651e-05
6.047023511755877934e+01 2.888819632975036484e-05
6.051025512756378077e+01 2.882050151904845000e-05
6.055027513756878221e+01 2.875304847602487473e-05
6.059029514757378365e+01 2.868583603295433266e-05
6.063031515757878509e+01 2.861886302925108360e-05
6.067033516758379363e+01 2.855212831141600379e-05
6.071035517758879507e+01 2.848563073298410040e-05
6.075037518759379651e+01 2.841936915447241217e-05
6.079039519759879795e+01 2.835334244332840482e-05
6.083041520760379939e+01 2.828754947387886784e-05
6.087043521760880083e+01 2.822198912727915348e-05
6.091045522761380226e+01 2.815666029146297823e-05
6.095047523761881081e+01 2.809156186109250546e-05
6.099049524762381225e+01 2.802669273750903791e-05
6.103051525762881369e+01 2.796205182868401857e-05
6.107053526763381512e+01 2.789763804917042451e-05
6.111055527763881656e+01 2.783345032005470285e-05
6.115057528764381800e+01 2.776948756890906927e-05
6.119059529764881944e+01 2.770574872974415886e-05
6.123061530765382798e+01 2.764223274296213773e-05
6.127063531765882942e+01 2.757893855531021450e-05
6.131065532766383086e+01 2.751586511983459898e-05
6.135067533766883230e+01 2.745301139583469118e-05
6.139069534767383374e+01 2.739037634881783627e-05
6.143071535767883518e+01 2.732795895045445888e-05
6.147073536768384372e+01 2.726575817853336354e-05
6.151075537768884516e+01 2.720377301691776005e-05
6.155077538769384660e+01 2.714200245550133639e-05
6.159079539769884803e+01 2.708044549016490758e-05
6.163081540770384947e+01 2.701910112273334233e-05
6.167083541770885091e+01 2.695796836093293698e-05
6.171085542771385235e+01 2.689704621834901303e-05
6.175087543771886089e+01 2.683633371438400592e-05
6.179089544772386233e+01 2.677582987421587237e-05
6.183091545772886377e+01 2.671553372875677207e-05
6.187093546773386521e+01 2.665544431461224073e-05
6.191095547773886665e+01 2.659556067404051212e-05
6.195097548774386809e+01 2.653588185491238572e-05
6.199099549774886952e+01 2.647640691067129073e-05
6.203101550775387807e+01 2.641713490029378391e-05
6.207103551775887951e+01 2.635806488825024720e-05
6.211105552776388095e+01 2.629919594446603268e-05
6.215107553776888238e+01 2.624052714428289201e-05
6.219109554777388382e+01 2.618205756842071093e-05
6.223111555777888526e+01 2.612378630293960279e-05
6.227113556778388670e+01 2.606571243920224952e-05
6.231115557778889524e+01 2.600783507383659486e-05
6.235117558779389668e+01 2.595015330869894087e-05
6.239119559779889812e+01 2.589266625083709518e-05
6.243121560780389956e+01 2.583537301245413835e-05
6.247123561780890100e+01 2.577827271087221827e-05
6.251125562781390244e+01 2.572136446849685617e-05
6.255127563781891098e+01 2.566464741278137808e-05
6.259129564782391242e+01 2.560812067619174933e-05
6.263131565782891386e+01 2.555178339617165991e-05
6.267133566783391529e+01 2.549563471510786047e-05
6.271135567783891673e+01 2.543967378029586766e-05
6.275137568784391817e+01 2.538389974390585916e-05
6.279139569784891961e+01 2.532831176294892797e-05
6.283141570785392815e+01 2.527290899924351268e-05
6.287143571785892959e+01 2.521769061938226506e-05
6.291145572786393103e+01 2.516265579469895128e-05
6.295147573786893247e+01 2.510780370123585141e-05
6.299149574787393391e+01 2.505313351971130443e-05
6.303151575787893535e+01 2.499864443548752778e-05
6.307153576788393678e+01 2.494433563853871134e-05
6.311155577788894533e+01 2.489020632341935871e-05
6.315157578789394677e+01 2.483625568923291310e-05
6.319159579789894821e+01 2.478248293960059331e-05
6.323161580790394964e+01 2.472888728263055157e-05
6.327163581790895108e+01 2.467546793088715672e-05
6.331165582791395252e+01 2.462222410136064672e-05
6.335167583791896107e+01 2.456915501543694718e-05
6.339169584792396250e+01 2.451625989886786595e-05
6.343171585792896394e+01 2.446353798174122677e-05
6.347173586793396538e+01 2.441098849845161608e-05
6.351175587793896682e+01 2.435861068767110625e-05
6.355177588794396826e+01 2.430640379232030393e-05
6.359179589794896970e+01 2.425436705953960178e-05
6.363181590795397824e+01 2.420249974066070460e-05
6.367183591795897968e+01 2.415080109117834524e-05
6.371185592796398112e+01 2.409927037072218337e-05
6.375187593796898256e+01 2.404790684302902964e-05
6.379189594797398399e+01 2.399670977591523237e-05
6.383191595797898543e+01 2.394567844124924385e-05
6.387193596798398687e+01 2.389481211492449158e-05
6.391195597798899541e+01 2.384411007683237487e-05
6.395197598799399685e+01 2.379357161083555275e-05
6.399199599799899829e+01 2.374319600474139128e-05
6.403201600800400684e+01 2.369298255027559361e-05
6.407203601800900117e+01 2.364293054305620633e-05
6.411205602801400971e+01 2.359303928256749013e-05
6.415207603801900405e+01 2.354330807213445803e-05
6.419209604802401259e+01 2.349373621889712217e-05
6.423211605802900692e+01 2.344432303378536742e-05
6.427213606803401547e+01 2.339506783149368610e-05
6.431215607803902401e+01 2.334596993045640395e-05
6.435217608804401834e+01 2.329702865282284852e-05
6.439219609804902689e+01 2.324824332443282246e-05
6.443221610805402122e+01 2.319961327479232760e-05
6.447223611805902976e+01 2.315113783704933297e-05
6.451225612806402410e+01 2.310281634796987159e-05
6.455227613806903264e+01 2.305464814791419138e-05
6.459229614807404118e+01 2.300663258081324830e-05
6.463231615807903552e+01 2.295876899414523340e-05
6.467233616808404406e+01 2.291105673891228613e-05
6.471235617808903839e+01 2.286349516961759065e-05
6.475237618809404694e+01 2.281608364424231276e-05
6.479239619809904127e+01 2.276882152422307222e-05
6.483241620810404982e+01 2.272170817442928294e-05
6.487243621810905836e+01 2.267474296314085568e-05
6.491245622811405269e+01 2.262792526202605321e-05
6.495247623811906124e+01 2.258125444611937260e-05
6.499249624812405557e+01 2.253472989379979341e-05
6.503251625812906411e+01 2.248835098676904958e-05
6.507253626813405845e+01 2.244211711003017920e-05
6.511255627813906699e+01 2.239602765186604714e-05
6.515257628814407553e+01 2.235008200381829115e-05
6.519259629814906987e+01 2.230427956066625793e-05
6.523261630815407841e+01 2.225861972040607455e-05
6.527263631815907274e+01 2.221310188423004529e-05
6.531265632816408129e+01 2.216772545650595350e-05
6.535267633816907562e+01 2.212248984475688530e-05
6.539269634817408416e+01 2.207739445964073137e-05
6.543271635817909271e+01 2.203243871493030878e-05
6.547273636818408704e+01 2.198762202749332019e-05
6.551275637818909559e+01 2.194294381727253330e-05
6.555277638819408992e+01 2.189840350726630246e-05
6.559279639819909846e+01 2.185400052350883619e-05
6.563281640820410701e+01 2.180973429505109488e-05
6.567283641820910134e+01 2.176560425394145817e-05
6.571285642821410988e+01 2.172160983520663612e-05
6.575287643821910422e+01 2.167775047683288890e-05
6.579289644822411276e+01 2.163402561974713786e-05
6.583291645822910709e+01 2.159043470779835799e-05
6.587293646823411564e+01 2.154697718773912270e-05
6.591295647823912418e+01 2.150365250920723343e-05
6.595297648824411851e+01 2.146046012470749482e-05
6.599299649824912706e+01 2.141739948959359505e-05
6.603301650825412139e+01 2.137447006205021646e-05
6.607303651825912993e+01 2.133167130307517335e-05
6.611305652826412427e+01 2.128900267646178349e-05
6.615307653826913281e+01 2.124646364878120245e-05
6.619309654827414136e+01 2.120405368936516101e-05
6.623311655827913569e+01 2.116177227028852989e-05
6.627313656828414423e+01 2.111961886635218934e-05
6.631315657828913857e+01 2.107759295506604440e-05
6.635317658829414711e+01 2.103569401663203008e-05
6.639319659829914144e+01 2.099392153392735363e-05
6.643321660830414999e+01 2.095227499248783511e-05
6.647323661830915853e+01 2.091075388049135297e-05
6.651325662831415286e+01 2.086935768874140145e-05
6.655327663831916141e+01 2.082808591065078688e-05
6.659329664832415574e+01 2.078693804222548665e-05
6.663331665832916428e+01 2.074591358204849794e-05
6.667333666833415862e+01 2.070501203126398130e-05
6.671335667833916716e+01 2.066423289356131949e-05
6.675337668834417570e+01 2.062357567515949139e-05
6.679339669834917004e+01 2.058303988479142561e-05
6.683341670835417858e+01 2.054262503368852017e-05
6.687343671835917291e+01 2.050233063556520269e-05
6.691345672836418146e+01 2.046215620660373470e-05
6.695347673836917579e+01 2.042210126543906327e-05
6.699349674837418434e+01 2.038216533314367266e-05
6.703351675837919288e+01 2.034234793321274096e-05
6.707353676838418721e+01 2.030264859154927630e-05
6.711355677838919576e+01 2.026306683644935478e-05
6.715357678839419009e+01 2.022360219858754815e-05
6.719359679839919863e+01 2.018425421100239546e-05
6.723361680840420718e+01 2.014502240908197639e-05
6.727363681840920151e+01 2.010590633054963031e-05
6.731365682841421005e+01 2.006690551544969221e-05
6.735367683841920439e+01 2.002801950613346927e-05
6.739369684842421293e+01 1.998924784724515633e-05
6.743371685842920726e+01 1.995059008570803269e-05
6.747373686843421581e+01 1.991204577071053688e-05
6.751375687843922435e+01 1.987361445369265653e-05
6.755377688844421868e+01 1.983529568833229112e-05
6.759379689844922723e+01 1.979708903053169948e-05
6.763381690845422156e+01 1.975899403840416412e-05
6.767383691845923011e+01 1.972101027226056061e-05
6.771385692846422444e+01 1.968313729459627946e-05
6.775387693846923298e+01 1.964537467007791412e-05
6.779389694847424153e+01 1.960772196553039283e-05
6.783391695847923586e+01 1.957017874992392759e-05
6.787393696848424440e+01 1.953274459436116635e-05
6.791395697848923874e+01 1.949541907206448068e-05
6.795397698849424728e+01 1.945820175836317906e-05
6.799399699849924161e+01 1.942109223068110623e-05
6.803401700850425016e+01 1.938409006852392081e-05
6.807403701850925870e+01 1.934719485346685734e-05
6.811405702851425303e+01 1.931040616914234606e-05
6.815407703851926158e+01 1.927372360122769026e-05
6.819409704852425591e+01 1.923714673743310958e-05
6.823411705852926445e+01 1.920067516748943432e-05
6.827413706853425879e+01 1.916430848313635199e-05
6.831415707853926733e+01 1.912804627811029134e-05
6.835417708854427588e+01 1.909188814813278756e-05
6.839419709854927021e+01 1.905583369089868816e-05
6.843421710855427875e+01 1.901988250606440295e-05
6.847423711855927309e+01 1.898403419523647583e-05
6.851425712856428163e+01 1.894828836195999405e-05
6.855427713856927596e+01 1.891264461170725486e-05
6.859429714857428451e+01 1.887710255186634414e-05
6.863431715857929305e+01 1.884166179172993186e-05
6.867433716858428738e+01 1.880632194248412509e-05
6.871435717858929593e+01 1.877108261719728381e-05
6.875437718859429026e+01 1.873594343080909417e-05
6.879439719859929880e+01 1.870090400011949948e-05
6.883441720860429314e+01 1.866596394377799368e-05
6.887443721860930168e+01 1.863112288227262010e-05
6.891445722861431022e+01 1.859638043791944455e-05
6.895447723861930456e+01 1.856173623485178441e-05
6.899449724862431310e+01 1.852718989900965462e-05
6.903451725862930743e+01 1.849274105812928143e-05
6.907453726863431598e+01 1.845838934173263304e-05
6.911455727863932452e+01 1.842413438111711630e-05
6.915457728864431886e+01 1.838997580934524631e-05
6.919459729864932740e+01 1.835591326123440749e-05
6.923461730865432173e+01 1.832194637334675692e-05
6.927463731865933028e+01 1.828807478397905317e-05
6.931465732866432461e+01 1.825429813315278672e-05
6.935467733866933315e+01 1.822061606260404261e-05
6.939469734867434170e+01 1.818702821577380363e-05
6.943471735867933603e+01 1.815353423779801973e-05
6.947473736868434457e+01 1.812013377549789419e-05
6.951475737868933891e+01 1.808682647737025801e-05
6.955477738869434745e+01 1.805361199357783235e-05
6.959479739869934178e+01 1.802048997593981295e-05
6.963481740870435033e+01 1.798746007792229189e-05
6.967483741870935887e+01 1.795452195462888937e-05
6.971485742871435320e+01 1.792167526279138894e-05
6.975487743871936175e+01 1.788891966076037269e-05
6.979489744872435608e+01 1.785625480849610381e-05
6.983491745872936463e+01 1.782368036755923292e-05
6.987493746873435896e+01 1.779119600110183646e-05
6.991495747873936750e+01 1.775880137385820099e-05
6.995497748874437605e+01 1.772649615213593951e-05
6.999499749874937038e+01 1.769428000380707049e-05
7.003501750875437892e+01 1.766215259829905966e-05
7.007503751875937326e+01 1.763011360658614299e-05
7.011505752876438180e+01 1.759816270118040577e-05
7.015507753876937613e+01 1.756629955612328177e-05
7.019509754877438468e+01 1.753452384697673052e-05
7.023511755877939322e+01 1.750283525081482465e-05
7.027513756878438755e+01 1.747123344621510666e-05
7.031515757878939610e+01 1.743971811325017291e-05
7.035517758879439043e+01 1.740828893347928791e-05
7.039519759879939897e+01 1.737694558993997841e-05
7.043521760880439331e+01 1.734568776713978330e-05
7.047523761880940185e+01 1.731451515104793910e-05
7.051525762881441040e+01 1.728342742908731285e-05
7.055527763881940473e+01 1.725242429012615878e-05
7.059529764882441327e+01 1.722150542447005117e-05
7.063531765882940761e+01 1.719067052385392559e-05
7.067533766883441615e+01 1.715991928143400505e-05
7.071535767883942469e+01 1.712925139177994964e-05
7.075537768884441903e+01 1.709866655086696901e-05
7.079539769884942757e+01 1.706816445606796183e-05
7.083541770885442190e+01 1.703774480614583499e-05
7.087543771885943045e+01 1.700740730124565323e-05
7.091545772886442478e+01 1.697715164288710732e-05
7.095547773886943332e+01 1.694697753395678580e-05
7.099549774887444187e+01 1.691688467870070746e-05
7.103551775887943620e+01 1.688687278271673196e-05
7.107553776888444474e+01 1.685694155294706191e-05
7.111555777888943908e+01 1.682709069767093123e-05
7.115557778889444762e+01 1.679731992649713100e-05
7.119559779889944195e+01 1.676762895035671815e-05
7.123561780890445050e+01 1.673801748149574453e-05
7.127563781890945904e+01 1.670848523346801651e-05
7.131565782891445338e+01 1.667903192112793243e-05
7.135567783891946192e+01 1.664965726062327605e-05
7.139569784892445625e+01 1.662036096938821332e-05
7.143571785892946480e+01 1.659114276613616709e-05
7.147573786893445913e+01 1.656200237085290534e-05
7.151575787893946767e+01 1.653293950478945998e-05
7.155577788894447622e+01 1.650395389045535062e-05
7.159579789894947055e+01 1.647504525161160835e-05
7.163581790895447909e+01 1.644621331326401984e-05
7.167583791895947343e+01 1.641745780165631381e-05
7.171585792896448197e+01 1.638877844426343895e-05
7.175587793896947630e+01 1.636017496978486223e-05
7.179589794897448485e+01 1.633164710813792475e-05
7.183591795897949339e+01 1.630319459045122472e-05
7.187593796898448772e+01 1.627481714905809870e-05
7.191595797898949627e+01 1.624651451748995376e-05
7.195597798899449060e+01 1.621828643047001637e-05
7.199599799899949915e+01 1.619013262390666796e-05
7.203601800900449348e+01 1.616205283488719716e-05
7.207603801900950202e+01 1.613404680167130142e-05
7.211605802901451057e+01 1.610611426368494431e-05
7.215607803901950490e+01 1.607825496151391804e-05
7.219609804902451344e+01 1.605046863689766015e-05
7.223611805902950778e+01 1.602275503272308034e-05
7.227613806903451632e+01 1.599511389301834998e-05
7.231615807903951065e+01 1.596754496294683064e-05
7.235617808904451920e+01 1.594004798880092457e-05
7.239619809904952774e+01 1.591262271799611503e-05
7.243621810905452207e+01 1.588526889906486083e-05
7.247623811905953062e+01 1.585798628165070441e-05
7.251625812906452495e+01 1.583077461650230869e-05
7.255627813906953349e+01 1.580363365546755836e-05
7.259629814907454204e+01 1.577656315148768485e-05
7.263631815907953637e+01 1.574956285859151328e-05
7.267633816908454492e+01 1.572263253188958067e-05
7.271635817908953925e+01 1.569577192756846419e-05
7.275637818909454779e+01 1.566898080288503493e-05
7.279639819909954213e+01 1.564225891616077255e-05
7.283641820910455067e+01 1.561560602677613426e-05
7.287643821910955921e+01 1.558902189516495423e-05
7.291645822911455355e+01 1.556250628280888702e-05
7.295647823911956209e+01 1.553605895223179011e-05
7.299649824912455642e+01 1.550967966699433670e-05
7.303651825912956497e+01 1.548336819168843215e-05
7.307653826913455930e+01 1.545712429193188777e-05
7.311655827913956784e+01 1.543094773436291177e-05
7.315657828914457639e+01 1.540483828663484066e-05
7.319659829914957072e+01 1.537879571741072507e-05
7.323661830915457926e+01 1.535281979635805440e-05
7.327663831915957360e+01 1.532691029414352552e-05
7.331665832916458214e+01 1.530106698242773025e-05
7.335667833916957647e+01 1.527528963386002228e-05
7.339669834917458502e+01 1.524957802207329098e-05
7.343671835917959356e+01 1.522393192167885552e-05
7.347673836918458790e+01 1.519835110826135046e-05
7.351675837918959644e+01 1.517283535837360459e-05
7.355677838919459077e+01 1.514738444953167394e-05
7.359679839919959932e+01 1.512199816020973585e-05
7.363681840920459365e+01 1.509667626983517620e-05
7.367683841920960219e+01 1.507141855878358849e-05
7.371685842921461074e+01 1.504622480837387127e-05
7.375687843921960507e+01 1.502109480086333732e-05
7.379689844922461361e+01 1.499602831944281273e-05
7.383691845922960795e+01 1.497102514823185289e-05
7.387693846923461649e+01 1.494608507227388386e-05
7.391695847923961082e+01 1.492120787753147766e-05
7.395697848924461937e+01 1.489639335088154957e-05
7.399699849924962791e+01 1.487164128011069268e-05
7.403701850925462224e+01 1.484695145391046500e-05
7.407703851925963079e+01 1.482232366187269012e-05
7.411705852926462512e+01 1.479775769448489679e-05
7.415707853926963367e+01 1.477325334312563312e-05
7.419709854927464221e+01 1.474881040005997223e-05
7.423711855927963654e+01 1.472442865843489084e-05
7.427713856928464509e+01 1.470010791227477832e-05
7.431715857928963942e+01 1.467584795647694059e-05
7.435717858929464796e+01 1.465164858680711260e-05
7.439719859929964230e+01 1.462750959989505878e-05
7.443721860930465084e+01 1.460343079323008381e-05
7.447723861930965938e+01 1.457941196515672461e-05
7.451725862931465372e+01 1.455545291487036775e-05
7.455727863931966226e+01 1.453155344241283477e-05
7.459729864932465659e+01 1.450771334866819947e-05
7.463731865932966514e+01 1.448393243535838341e-05
7.467733866933465947e+01 1.446021050503900031e-05
7.471735867933966802e+01 1.443654736109502602e-05
7.475737868934467656e+01 1.441294280773668029e-05
7.479739869934967089e+01 1.438939664999518139e-05
7.483741870935467944e+01 1.436590869371857706e-05
7.487743871935967377e+01 1.434247874556770243e-05
7.491745872936468231e+01 1.431910661301193808e-05
7.495747873936967665e+01 1.429579210432524767e-05
7.499749874937468519e+01 1.427253502858205113e-05
7.503751875937969373e+01 1.424933519565317757e-05
7.507753876938468807e+01 1.422619241620190965e-05
7.511755877938969661e+01 1.420310650167993133e-05
7.515757878939469094e+01 1.418007726432342649e-05
7.519759879939969949e+01 1.415710451714905210e-05
7.523761880940469382e+01 1.413418807395013672e-05
7.527763881940970236e+01 1.411132774929264699e-05
7.531765882941471091e+01 1.408852335851143522e-05
7.535767883941970524e+01 1.406577471770633627e-05
7.539769884942471379e+01 1.404308164373831020e-05
7.543771885942970812e+01 1.402044395422570679e-05
7.547773886943471666e+01 1.399786146754041669e-05
7.551775887943971100e+01 1.397533400280418509e-05
7.555777888944471954e+01 1.395286137988477466e-05
7.559779889944972808e+01 1.393044341939234706e-05
7.563781890945472242e+01 1.390807994267570207e-05
7.567783891945973096e+01 1.388577077181863538e-05
7.571785892946472529e+01 1.386351572963627940e-05
7.575787893946973384e+01 1.384131463967146271e-05
7.579789894947472817e+01 1.381916732619113217e-05
7.583791895947973671e+01 1.379707361418270734e-05
7.587793896948474526e+01 1.377503332935057034e-05
7.591795897948973959e+01 1.375304629811252356e-05
7.595797898949474813e+01 1.373111234759617453e-05
7.599799899949974247e+01 1.370923130563554610e-05
7.603801900950475101e+01 1.368740300076749518e-05
7.607803901950975956e+01 1.366562726222832797e-05
7.611805902951475389e+01 1.364390391995030179e-05
7.615807903951976243e+01 1.362223280455819448e-05
7.619809904952475677e+01 1.360061374736596213e-05
7.623811905952976531e+01 1.357904658037325768e-05
7.627813906953475964e+01 1.355753113626216821e-05
7.631815907953976819e+01 1.353606724839377426e-05
7.635817908954477673e+01 1.351465475080489553e-05
7.639819909954977106e+01 1.349329347820474004e-05
7.643821910955477961e+01 1.347198326597160238e-05
7.647823911955977394e+01 1.345072395014967716e-05
7.651825912956478248e+01 1.342951536744567091e-05
7.655827913956977682e+01 1.340835735522570868e-05
7.659829914957478536e+01 1.338724975151200862e-05
7.663831915957979390e+01 1.336619239497977335e-05
7.667833916958478824e+01 1.334518512495394584e-05
7.671835917958979678e+01 1.332422778140606519e-05
7.675837918959479111e+01 1.330332020495116483e-05
7.679839919959979966e+01 1.328246223684458429e-05
7.683841920960479399e+01 1.326165371897893509e-05
7.687843921960980254e+01 1.324089449388091593e-05
7.691845922961481108e+01 1.322018440470836501e-05
7.695847923961980541e+01 1.319952329524710737e-05
7.699849924962481396e+01 1.317891100990793605e-05
7.703851925962980829e+01 1.315834739372365429e-05
7.707853926963481683e+01 1.313783229234597702e-05
7.711855927963981117e+01 1.311736555204264594e-05
7.715857928964481971e+01 1.309694701969436321e-05
7.719859929964982825e+01 1.307657654279194204e-05
7.723861930965482259e+01 1.305625396943329296e-05
7.727863931965983113e+01 1.303597914832052866e-05
7.731865932966482546e+01 1.301575192875707897e-05
7.735867933966983401e+01 1.299557216064478387e-05
7.739869934967482834e+01 1.297543969448105256e-05
7.743871935967983688e+01 1.295535438135596992e-05
7.747873936968484543e+01 1.293531607294949293e-05
7.751875937968983976e+01 1.291532462152863336e-05
7.755877938969484831e+01 1.289537987994460838e-05
7.759879939969984264e+01 1.287548170163011651e-05
7.763881940970485118e+01 1.285562994059648820e-05
7.767883941970985973e+01 1.283582445143101596e-05
7.771885942971485406e+01 1.281606508929413715e-05
7.775887943971986260e+01 1.279635170991671501e-05
7.779889944972485694e+01 1.277668416959739589e-05
7.783891945972986548e+01 1.275706232519982082e-05
7.787893946973485981e+01 1.273748603414999468e-05
7.791895947973986836e+01 1.271795515443361119e-05
7.795897948974487690e+01 1.269846954459338989e-05
7.799899949974987123e+01 1.267902906372648760e-05
7.803901950975487978e+01 1.265963357148176757e-05
7.807903951975987411e+01 1.264028292805731092e-05
7.811905952976488265e+01 1.262097699419774337e-05
7.815907953976987699e+01 1.260171563119169757e-05
7.819909954977488553e+01 1.258249870086922962e-05
7.823911955977989408e+01 1.256332606559926444e-05
7.827913956978488841e+01 1.254419758828708174e-05
7.831915957978989695e+01 1.252511313237175973e-05
7.835917958979489129e+01 1.250607256182369834e-05
7.839919959979989983e+01 1.248707574114209003e-05
7.843921960980489416e+01 1.246812253535248536e-05
7.847923961980990271e+01 1.244921281000427905e-05
7.851925962981491125e+01 1.243034643116827220e-05
7.855927963981990558e+01 1.241152326543425653e-05
7.859929964982491413e+01 1.239274317990852922e-05
7.863931965982990846e+01 1.237400604221155847e-05
7.867933966983491700e+01 1.235531172047548645e-05
7.871935967983991134e+01 1.233666008334185415e-05
7.875937968984491988e+01 1.231805099995910269e-05
7.879939969984992842e+01 1.229948433998033199e-05
7.883941970985492276e+01 1.228095997356085629e-05
7.887943971985993130e+01 1.226247777135592902e-05
7.891945972986492563e+01 1.224403760451839987e-05
7.895947973986993418e+01 1.222563934469638548e-05
7.899949974987492851e+01 1.220728286403101124e-05
7.903951975987993706e+01 1.218896803515408195e-05
7.907953976988494560e+01 1.217069473118583717e-05
7.911955977988993993e+01 1.215246282573270832e-05
7.915957978989494848e+01 1.213427219288500961e-05
7.919959979989994281e+01 1.211612270721477137e-05
7.923961980990495135e+01 1.209801424377345812e-05
7.927963981990994569e+01 1.207994667808980019e-05
7.931965982991495423e+01 1.206191988616755922e-05
7.935967983991996277e+01 1.204393374448336995e-05
7.939969984992495711e+01 1.202598812998455315e-05
7.943971985992996565e+01 1.200808292008692522e-05
7.947973986993495998e+01 1.199021799267270937e-05
7.951975987993996853e+01 1.197239322608830458e-05
7.955977988994497707e+01 1.195460849914224424e-05
7.959979989994997140e+01 1.193686369110302601e-05
7.963981990995497995e+01 1.191915868169700615e-05
7.967983991995997428e+01 1.190149335110633950e-05
7.971985992996498283e+01 1.188386757996683313e-05
7.975987993996997716e+01 1.186628124936596425e-05
7.979989994997498570e+01 1.184873424084070504e-05
7.983991995997999425e+01 1.183122643637558635e-05
7.987993996998498858e+01 1.181375771840057502e-05
7.991995997998999712e+01 1.179632796978906641e-05
7.995997998999499146e+01 1.177893707385590913e-05
8.000000000000000000e+01 1.176158491435529759e-05
