{
  "restart": 16,
  "seed": 74,
  "iters": 30000,
  "lr": 0.05,
  "best_iter": 29877,
  "best_cost": 0.0007372501422651112,
  "best_alphaD_mean": 0.00012262766485244422,
  "n": 15
}