{
  "restart": 7,
  "seed": 65,
  "iters": 30000,
  "lr": 0.05,
  "best_iter": 29895,
  "best_cost": 0.0009285110281780362,
  "best_alphaD_mean": 0.0001307784860396135,
  "n": 13
}