{
  "restart": 16,
  "seed": 74,
  "iters": 30000,
  "lr": 0.05,
  "best_iter": 29959,
  "best_cost": 0.010651646181941032,
  "best_alphaD_mean": 0.0004618000531245354,
  "n": 5
}