{
  "restart": 15,
  "seed": 73,
  "iters": 30000,
  "lr": 0.05,
  "best_iter": 29986,
  "best_cost": 0.0010888467077165842,
  "best_alphaD_mean": 0.00015390701342087005,
  "n": 8
}