{
  "restart": 27,
  "seed": 85,
  "iters": 30000,
  "lr": 0.05,
  "best_iter": 29767,
  "best_cost": 0.00041316417627967894,
  "best_alphaD_mean": 9.155996315502037e-05,
  "n": 14
}