{
  "restart": 20,
  "seed": 78,
  "iters": 30000,
  "lr": 0.05,
  "best_iter": 29998,
  "best_cost": 0.004594528581947088,
  "best_alphaD_mean": 0.00029251506883981723,
  "n": 6
}