0.000000000000000000e+00 1.387615426566593119e-05
4.002001000500250011e-02 1.395446572968794116e-05
8.004002001000500022e-02 1.403345876332812023e-05
1.200600300150075073e-01 1.411314143018612212e-05
1.600800400200100004e-01 1.419352191481511697e-05
2.001000500250124936e-01 1.427460852492316902e-05
2.401200600300150145e-01 1.435640969362183463e-05
2.801400700350175077e-01 1.443893398172302422e-05
3.201600800400200009e-01 1.452219008008553092e-05
3.601800900450224940e-01 1.460618681201217275e-05
4.002001000500249872e-01 1.469093313569908493e-05
4.402201100550274804e-01 1.477643814673829402e-05
4.802401200600300291e-01 1.486271108067496114e-05
5.202601300650324667e-01 1.494976131562070062e-05
5.602801400700350154e-01 1.503759837492432730e-05
6.003001500750374531e-01 1.512623192990158293e-05
6.403201600800400017e-01 1.521567180262516776e-05
6.803401700850425504e-01 1.530592796877687669e-05
7.203601800900449881e-01 1.539701056056314764e-05
7.603801900950475368e-01 1.548892986969585523e-05
8.004002001000499744e-01 1.558169635043994545e-05
8.404202101050525231e-01 1.567532062272965465e-05
8.804402201100549608e-01 1.576981347535501358e-05
9.204602301150575094e-01 1.586518586922071184e-05
9.604802401200600581e-01 1.596144894067883703e-05
1.000500250125062607e+00 1.605861400493775214e-05
1.040520260130064933e+00 1.615669255954897099e-05
1.080540270135067482e+00 1.625569628797404791e-05
1.120560280140070031e+00 1.635563706323374809e-05
1.160580290145072579e+00 1.645652695164147409e-05
1.200600300150074906e+00 1.655837821662342504e-05
1.240620310155077455e+00 1.666120332262759955e-05
1.280640320160080003e+00 1.676501493912418994e-05
1.320660330165082552e+00 1.686982594469972621e-05
1.360680340170085101e+00 1.697564943124751065e-05
1.400700350175087427e+00 1.708249870825703331e-05
1.440720360180089976e+00 1.719038730720499764e-05
1.480740370185092525e+00 1.729932898605067673e-05
1.520760380190095074e+00 1.740933773383859215e-05
1.560780390195097400e+00 1.752042777541139507e-05
1.600800400200099949e+00 1.763261357623594153e-05
1.640820410205102498e+00 1.774590984734579743e-05
1.680840420210105046e+00 1.786033155040335138e-05
1.720860430215107595e+00 1.797589390288491674e-05
1.760880440220109922e+00 1.809261238339212959e-05
1.800900450225112470e+00 1.821050273709341381e-05
1.840920460230115019e+00 1.832958098129902990e-05
1.880940470235117568e+00 1.844986341117346525e-05
1.920960480240120116e+00 1.857136660558924489e-05
1.960980490245122443e+00 1.869410743312596783e-05
2.001000500250125214e+00 1.881810305821891922e-05
2.041020510255127540e+00 1.894337094746136819e-05
2.081040520260129867e+00 1.906992887606523708e-05
2.121060530265132638e+00 1.919779493448450270e-05
2.161080540270134964e+00 1.932698753520610004e-05
2.201100550275137291e+00 1.945752541971333942e-05
2.241120560280140062e+00 1.958942766562670262e-05
2.281140570285142388e+00 1.972271369402744555e-05
2.321160580290145159e+00 1.985740327696916774e-05
2.361180590295147486e+00 1.999351654518315252e-05
2.401200600300149812e+00 2.013107399598294622e-05
2.441220610305152583e+00 2.027009650137452919e-05
2.481240620310154910e+00 2.041060531637784201e-05
2.521260630315157680e+00 2.055262208756619889e-05
2.561280640320160007e+00 2.069616886183022925e-05
2.601300650325162334e+00 2.084126809537310682e-05
2.641320660330165104e+00 2.098794266294392018e-05
2.681340670335167431e+00 2.113621586731688289e-05
2.721360680340170202e+00 2.128611144902336935e-05
2.761380690345172528e+00 2.143765359634520952e-05
2.801400700350174855e+00 2.159086695557667265e-05
2.841420710355177626e+00 2.174577664156399656e-05
2.881440720360179952e+00 2.190240824853082114e-05
2.921460730365182723e+00 2.206078786119855520e-05
2.961480740370185050e+00 2.222094206621109253e-05
3.001500750375187376e+00 2.238289796387314014e-05
3.041520760380190147e+00 2.254668318021248587e-05
3.081540770385192474e+00 2.271232587937635258e-05
3.121560780390194800e+00 2.287985477637235267e-05
3.161580790395197571e+00 2.304929915016532495e-05
3.201600800400199898e+00 2.322068885714159765e-05
3.241620810405202668e+00 2.339405434495213593e-05
3.281640820410204995e+00 2.356942666674752350e-05
3.321660830415207322e+00 2.374683749581684339e-05
3.361680840420210092e+00 2.392631914064445773e-05
3.401700850425212419e+00 2.410790456039769346e-05
3.441720860430215190e+00 2.429162738086036553e-05
3.481740870435217516e+00 2.447752191082637797e-05
3.521760880440219843e+00 2.466562315896922184e-05
3.561780890445222614e+00 2.485596685120277613e-05
3.601800900450224940e+00 2.504858944855056552e-05
3.641820910455227711e+00 2.524352816554008367e-05
3.681840920460230038e+00 2.544082098914040357e-05
3.721860930465232364e+00 2.564050669826139090e-05
3.761880940470235135e+00 2.584262488383370771e-05
3.801900950475237462e+00 2.604721596948986377e-05
3.841920960480240232e+00 2.625432123286674624e-05
3.881940970485242559e+00 2.646398282755142679e-05
3.921960980490244886e+00 2.667624380569249607e-05
3.961980990495247656e+00 2.689114814130048997e-05
4.002001000500250427e+00 2.710874075426133464e-05
4.042021010505252754e+00 2.732906753508830940e-05
4.082041020510255080e+00 2.755217537043846708e-05
4.122061030515257407e+00 2.777811216942114526e-05
4.162081040520259734e+00 2.800692689072657832e-05
4.202101050525262949e+00 2.823866957060436466e-05
4.242121060530265275e+00 2.847339135172256703e-05
4.282141070535267602e+00 2.871114451293929089e-05
4.322161080540269928e+00 2.895198250002022926e-05
4.362181090545272255e+00 2.919595995733680399e-05
4.402201100550274582e+00 2.944313276058118026e-05
4.442221110555277797e+00 2.969355805053561689e-05
4.482241120560280123e+00 2.994729426793570209e-05
4.522261130565282450e+00 3.020440118946812885e-05
4.562281140570284776e+00 3.046493996494601894e-05
4.602301150575287103e+00 3.072897315570582088e-05
4.642321160580290318e+00 3.099656477427262279e-05
4.682341170585292645e+00 3.126778032534218815e-05
4.722361180590294971e+00 3.154268684812990280e-05
4.762381190595297298e+00 3.182135296013981337e-05
4.802401200600299624e+00 3.210384890240851270e-05
4.842421210605302839e+00 3.239024658628121973e-05
4.882441220610305166e+00 3.268061964178042367e-05
4.922461230615307493e+00 3.297504346762926463e-05
4.962481240620309819e+00 3.327359528299556339e-05
5.002501250625312146e+00 3.357635418102448667e-05
5.042521260630315361e+00 3.388340118423161516e-05
5.082541270635317687e+00 3.419481930183125145e-05
5.122561280640320014e+00 3.451069358907769846e-05
5.162581290645322341e+00 3.483111120870163648e-05
5.202601300650324667e+00 3.515616149452702736e-05
5.242621310655327882e+00 3.548593601735796531e-05
5.282641320660330209e+00 3.582052865322915628e-05
5.322661330665332535e+00 3.616003565411816636e-05
5.362681340670334862e+00 3.650455572122203197e-05
5.402701350675337189e+00 3.685419008090583894e-05
5.442721360680340403e+00 3.720904256343602733e-05
5.482741370685342730e+00 3.756921968461632917e-05
5.522761380690345057e+00 3.793483073045035814e-05
5.562781390695347383e+00 3.830598784496056251e-05
5.602801400700349710e+00 3.868280612129952747e-05
5.642821410705352925e+00 3.906540369629671420e-05
5.682841420710355251e+00 3.945390184859041846e-05
5.722861430715357578e+00 3.984842510050197494e-05
5.762881440720359905e+00 4.024910132381773111e-05
5.802901450725362231e+00 4.065606184965218174e-05
5.842921460730365446e+00 4.106944158257410499e-05
5.882941470735367773e+00 4.148937911918763785e-05
5.922961480740370099e+00 4.191601687136933574e-05
5.962981490745372426e+00 4.234950119437277824e-05
6.003001500750374753e+00 4.278998252002312439e-05
6.043021510755377079e+00 4.323761549523636794e-05
6.083041520760380294e+00 4.369255912610872861e-05
6.123061530765382621e+00 4.415497692783633383e-05
6.163081540770384947e+00 4.462503708073794220e-05
6.203101550775387274e+00 4.510291259266846286e-05
6.243121560780389601e+00 4.558878146812621698e-05
6.283141570785392815e+00 4.608282688437378803e-05
6.323161580790395142e+00 4.658523737490884116e-05
6.363181590795397469e+00 4.709620702064065874e-05
6.403201600800399795e+00 4.761593564914675368e-05
6.443221610805402122e+00 4.814462904240543646e-05
6.483241620810405337e+00 4.868249915342184186e-05
6.523261630815407663e+00 4.922976433218865860e-05
6.563281640820409990e+00 4.978664956144721987e-05
6.603301650825412317e+00 5.035338670274181957e-05
6.643321660830414643e+00 5.093021475328771879e-05
6.683341670835417858e+00 5.151738011420353567e-05
6.723361680840420185e+00 5.211513687069068280e-05
6.763381690845422511e+00 5.272374708477657997e-05
6.803401700850424838e+00 5.334348110127465727e-05
6.843421710855427165e+00 5.397461786765230728e-05
6.883441720860430380e+00 5.461744526854036403e-05
6.923461730865432706e+00 5.527226047566001152e-05
6.963481740870435033e+00 5.593937031399219269e-05
7.003501750875437359e+00 5.661909164506220675e-05
7.043521760880439686e+00 5.731175176826798539e-05
7.083541770885442901e+00 5.801768884123678112e-05
7.123561780890445227e+00 5.873725232025594697e-05
7.163581790895447554e+00 5.947080342189074779e-05
7.203601800900449881e+00 6.021871560696973670e-05
7.243621810905452207e+00 6.098137508819594723e-05
7.283641820910455422e+00 6.175918136272135254e-05
7.323661830915457749e+00 6.255254777110812897e-05
7.363681840920460075e+00 6.336190208419481009e-05
7.403701850925462402e+00 6.418768711948164745e-05
7.443721860930464729e+00 6.503036138876021810e-05
7.483741870935467944e+00 6.589039977882290102e-05
7.523761880940470270e+00 6.676829426721483842e-05
7.563781890945472597e+00 6.766455467512112244e-05
7.603801900950474923e+00 6.857970945962537431e-05
7.643821910955477250e+00 6.951430654773008361e-05
7.683841920960480465e+00 7.046891421469386036e-05
7.723861930965482792e+00 7.144412200941910405e-05
7.763881940970485118e+00 7.244054172981738134e-05
7.803901950975487445e+00 7.345880845128561262e-05
7.843921960980489771e+00 7.449958161165164128e-05
7.883941970985492098e+00 7.556354615618987526e-05
7.923961980990495313e+00 7.665141374657031138e-05
7.963981990995497640e+00 7.776392403788624037e-05
8.004002001000500854e+00 7.890184602821496886e-05
8.044022011005502293e+00 8.006597948549684716e-05
8.084042021010505508e+00 8.125715645687962233e-05
8.124062031015506946e+00 8.247624286606519120e-05
8.164082041020510161e+00 8.372414020462166202e-05
8.204102051025513376e+00 8.500178732368412116e-05
8.244122061030514814e+00 8.631016233296939203e-05
8.284142071035518029e+00 8.765028461457607760e-05
8.324162081040519467e+00 8.902321695963396546e-05
8.364182091045522682e+00 9.043006783651692121e-05
8.404202101050525897e+00 9.187199380003556622e-05
8.444222111055527336e+00 9.335020205179992542e-05
8.484242121060530550e+00 9.486595316278256904e-05
8.524262131065531989e+00 9.642056397002974960e-05
8.564282141070535204e+00 9.801541066047943359e-05
8.604302151075536642e+00 9.965193205594170280e-05
8.644322161080539857e+00 1.013316331145076068e-04
8.684342171085543072e+00 1.030560886649743127e-04
8.724362181090544510e+00 1.048269473923305495e-04
8.764382191095547725e+00 1.066459360939414088e-04
8.804402201100549163e+00 1.085148642278277545e-04
8.844422211105552378e+00 1.104356287763739129e-04
8.884442221110555593e+00 1.124102194509208578e-04
8.924462231115557032e+00 1.144407242650603287e-04
8.964482241120560246e+00 1.165293355070354519e-04
9.004502251125561685e+00 1.186783561445224741e-04
9.044522261130564900e+00 1.208902066982461414e-04
9.084542271135568114e+00 1.231674326243900695e-04
9.124562281140569553e+00 1.255127122496672452e-04
9.164582291145572768e+00 1.279288653072387842e-04
9.204602301150574206e+00 1.304188621264780468e-04
9.244622311155577421e+00 1.329858335349306273e-04
9.284642321160580636e+00 1.356330815367733664e-04
9.324662331165582074e+00 1.383640908387303149e-04
9.364682341170585289e+00 1.411825413018186399e-04
9.404702351175586728e+00 1.440923214055996331e-04
9.444722361180589942e+00 1.470975428209011886e-04
9.484742371185593157e+00 1.502025561973892212e-04
9.524762381190594596e+00 1.534119682840627650e-04
9.564782391195597810e+00 1.567306605138855827e-04
9.604802401200599249e+00 1.601638091985630331e-04
9.644822411205602464e+00 1.637169074961565931e-04
9.684842421210605679e+00 1.673957893330535961e-04
9.724862431215607117e+00 1.712066554831109051e-04
9.764882441220610332e+00 1.751561020309048175e-04
9.804902451225611770e+00 1.792511514733799904e-04
9.844922461230614985e+00 1.834992867452764213e-04
9.884942471235618200e+00 1.879084884890899212e-04
9.924962481240619638e+00 1.924872759306700250e-04
9.964982491245622853e+00 1.972447517676255923e-04
1.000500250125062429e+01 2.021906515304327547e-04
1.004502251125562751e+01 2.073353979365860059e-04
1.008504252126063072e+01 2.126901608275481089e-04
1.012506253126563216e+01 2.182669233581672704e-04
1.016508254127063537e+01 2.240785552003669954e-04
1.020510255127563681e+01 2.301388936294081406e-04
1.024512256128064003e+01 2.364628334843643718e-04
1.028514257128564324e+01 2.430664271375992502e-04
1.032516258129064468e+01 2.499669957745983694e-04
1.036518259129564790e+01 2.571832534797251321e-04
1.040520260130064933e+01 2.647354458505071133e-04
1.044522261130565255e+01 2.726455051291397586e-04
1.048524262131065576e+01 2.809372241524853478e-04
1.052526263131565720e+01 2.896364517901340208e-04
1.056528264132066042e+01 2.987713129751173153e-04
1.060530265132566186e+01 3.083724569472310380e-04
1.064532266133066507e+01 3.184733379412590677e-04
1.068534267133566829e+01 3.291105332820927184e-04
1.072536268134066972e+01 3.403241047211377703e-04
1.076538269134567294e+01 3.521580098946854791e-04
1.080540270135067438e+01 3.646605720440302496e-04
1.084542271135567759e+01 3.778850176576608200e-04
1.088544272136068081e+01 3.918900935386294146e-04
1.092546273136568225e+01 4.067407770420583004e-04
1.096548274137068546e+01 4.225090959655693158e-04
1.100550275137568690e+01 4.392750779325516725e-04
1.104552276138069011e+01 4.571278532420558829e-04
1.108554277138569333e+01 4.761669402715509761e-04
1.112556278139069477e+01 4.965037488704886507e-04
1.116558279139569798e+01 5.182633451111558339e-04
1.120560280140069942e+01 5.415865307092326787e-04
1.124562281140570263e+01 5.666323029674790856e-04
1.128564282141070585e+01 5.935807769940922409e-04
1.132566283141570729e+01 6.226366722149221603e-04
1.136568284142071050e+01 6.540334911884217953e-04
1.140570285142571194e+01 6.880385522648412543e-04
1.144572286143071516e+01 7.249590811746734918e-04
1.148574287143571837e+01 7.651496235561640758e-04
1.152576288144071981e+01 8.090211153774744387e-04
1.156578289144572302e+01 8.570520476140902622e-04
1.160580290145072446e+01 9.098022944184199021e-04
1.164582291145572768e+01 9.679303530939284287e-04
1.168584292146073089e+01 1.032214987604643730e-03
1.172586293146573233e+01 1.103582601233075349e-03
1.176588294147073555e+01 1.183142126333549832e-03
1.180590295147573698e+01 1.272229865753239002e-03
1.184592296148074020e+01 1.372467634400676350e-03
1.188594297148574341e+01 1.485838855393587952e-03
1.192596298149074485e+01 1.614789152993447059e-03
1.196598299149574807e+01 1.762360746285106770e-03
1.200600300150074951e+01 1.932374038476077300e-03
1.204602301150575272e+01 2.129675934373903914e-03
1.208604302151075416e+01 2.360483746879576440e-03
1.212606303151575737e+01 2.632867912740354324e-03
1.216608304152076059e+01 2.957439109053174118e-03
1.220610305152576203e+01 3.348340576160921487e-03
1.224612306153076524e+01 3.824702261057748472e-03
1.228614307153576668e+01 4.412801835630278564e-03
1.232616308154076989e+01 5.149315846887127061e-03
1.236618309154577311e+01 6.086250761631140614e-03
1.240620310155077455e+01 7.298415291437179014e-03
1.244622311155577776e+01 8.894511882018769564e-03
1.248624312156077920e+01 1.103250477105342797e-02
1.252626313156578242e+01 1.393667590454305064e-02
1.256628314157078563e+01 1.790055394344465534e-02
1.260630315157578707e+01 2.321768857537543848e-02
1.264632316158079028e+01 2.988610524941841262e-02
1.268634317158579172e+01 3.689095611031134592e-02
1.272636318159079494e+01 4.156205309284165261e-02
1.276638319159579815e+01 4.109187897918767374e-02
1.280640320160079959e+01 3.584755161758630682e-02
1.284642321160580281e+01 2.887717746518580694e-02
1.288644322161080424e+01 2.256434317877578297e-02
1.292646323161580746e+01 1.767092869308970957e-02
1.296648324162081067e+01 1.411100705448581176e-02
1.300650325162581211e+01 1.158551813799394044e-02
1.304652326163081533e+01 9.810799116399489261e-03
1.308654327163581677e+01 8.550012011498261608e-03
1.312656328164081998e+01 7.597181658264365485e-03
1.316658329164582319e+01 6.804753114613345914e-03
1.320660330165082463e+01 6.130195708465312199e-03
1.324662331165582785e+01 5.593489018141969797e-03
1.328664332166082929e+01 5.206376830285348693e-03
1.332666333166583250e+01 4.960382446977430922e-03
1.336668334167083572e+01 4.841549600983050330e-03
1.340670335167583715e+01 4.840195238995808648e-03
1.344672336168084037e+01 4.954168799184261417e-03
1.348674337168584181e+01 5.189880824721585309e-03
1.352676338169084502e+01 5.563437226015478972e-03
1.356678339169584824e+01 6.102880625470941296e-03
1.360680340170084968e+01 6.852205226811285133e-03
1.364682341170585289e+01 7.877932971133575282e-03
1.368684342171085433e+01 9.279249002789343240e-03
1.372686343171585754e+01 1.120241116066970216e-02
1.376688344172086076e+01 1.385746432080109912e-02
1.380690345172586220e+01 1.752395795706128065e-02
1.384692346173086541e+01 2.249528578547655561e-02
1.388694347173586685e+01 2.882244632069606502e-02
1.392696348174087007e+01 3.565452399288745328e-02
1.396698349174587328e+01 4.052946337596803617e-02
1.400700350175087472e+01 4.055308725520163915e-02
1.404702351175587793e+01 3.568796737945045122e-02
1.408704352176087937e+01 2.880355325778256870e-02
1.412706353176588259e+01 2.239061242504337274e-02
1.416708354177088580e+01 1.732533650806670350e-02
1.420710355177588724e+01 1.356529149124951171e-02
1.424712356178089045e+01 1.081708244263627876e-02
1.428714357178589189e+01 8.798537271504940430e-03
1.432716358179089511e+01 7.296459085199853180e-03
1.436718359179589832e+01 6.161321835074379423e-03
1.440720360180089976e+01 5.290435533051170494e-03
1.444722361180590298e+01 4.613255235880415160e-03
1.448724362181090441e+01 4.080880276740694867e-03
1.452726363181590763e+01 3.659009852034454235e-03
1.456728364182091084e+01 3.323309072043085458e-03
1.460730365182591228e+01 3.056367867475865384e-03
1.464732366183091550e+01 2.845698072707934095e-03
1.468734367183591694e+01 2.682411077874302489e-03
1.472736368184092015e+01 2.560350459930167168e-03
1.476738369184592337e+01 2.475539692766088110e-03
1.480740370185092480e+01 2.425861213211777737e-03
1.484742371185592802e+01 2.410921869880866888e-03
1.488744372186092946e+01 2.432089548103552688e-03
1.492746373186593267e+01 2.492712946503685550e-03
1.496748374187093589e+01 2.598566875857754449e-03
1.500750375187593733e+01 2.758605499090038306e-03
1.504752376188094054e+01 2.986163636899623764e-03
1.508754377188594198e+01 3.300830707427116709e-03
1.512756378189094519e+01 3.731336770375149985e-03
1.516758379189594841e+01 4.319905016422822923e-03
1.520760380190094985e+01 5.128467807667375089e-03
1.524762381190595306e+01 6.246234953061456825e-03
1.528764382191095450e+01 7.794036651110976613e-03
1.532766383191595772e+01 9.907037202523494984e-03
1.536768384192096093e+01 1.264183262117120343e-02
1.540770385192596237e+01 1.571414699893600164e-02
1.544772386193096558e+01 1.814317618069659355e-02
1.548774387193596702e+01 1.856446551917547219e-02
1.552776388194097024e+01 1.667107200459073610e-02
1.556778389194597167e+01 1.362709628593208183e-02
1.560780390195097489e+01 1.065771243044918645e-02
1.564782391195597810e+01 8.266061127496142011e-03
1.568784392196097954e+01 6.476399127130913307e-03
1.572786393196598276e+01 5.163908936587883677e-03
1.576788394197098420e+01 4.197832658251835283e-03
1.580790395197598741e+01 3.477015919096691516e-03
1.584792396198099063e+01 2.929941343554147079e-03
1.588794397198599206e+01 2.507365045189078288e-03
1.592796398199099528e+01 2.175426386497474485e-03
1.596798399199599672e+01 1.910623786454482016e-03
1.600800400200100171e+01 1.696419013283076253e-03
1.604802401200600315e+01 1.520995358307106887e-03
1.608804402201100459e+01 1.375781042116532233e-03
1.612806403201600602e+01 1.254469784641677613e-03
1.616808404202101102e+01 1.152363974828817276e-03
1.620810405202601245e+01 1.065928898007975330e-03
1.624812406203101389e+01 9.924869607926360953e-04
1.628814407203601888e+01 9.300065027570507663e-04
1.632816408204102032e+01 8.769561022300506213e-04
1.636818409204602176e+01 8.322058562779575345e-04
1.640820410205102675e+01 7.949642259681571638e-04
1.644822411205602819e+01 7.647441700133905543e-04
1.648824412206102963e+01 7.413564751525829506e-04
1.652826413206603107e+01 7.249322505495028749e-04
1.656828414207103606e+01 7.159812478100283312e-04
1.660830415207603750e+01 7.154987210662047507e-04
1.664832416208103893e+01 7.251412409708824641e-04
1.668834417208604393e+01 7.474991986243180496e-04
1.672836418209104536e+01 7.864894133439954494e-04
1.676838419209604680e+01 8.478319896784314996e-04
1.680840420210105179e+01 9.393225660850159156e-04
1.684842421210605323e+01 1.069825532691513889e-03
1.688844422211105467e+01 1.244330439504228022e-03
1.692846423211605611e+01 1.452468405197937431e-03
1.696848424212106110e+01 1.657652853969205373e-03
1.700850425212606254e+01 1.801986718397500771e-03
1.704852426213106398e+01 1.820154818901524325e-03
1.708854427213606897e+01 1.681342691704558164e-03
1.712856428214107041e+01 1.441592801443632816e-03
1.716858429214607185e+01 1.191726474294716289e-03
1.720860430215107328e+01 9.821296521527846709e-04
1.724862431215607828e+01 8.214751580423094958e-04
1.728864432216107971e+01 7.016727660786306262e-04
1.732866433216608115e+01 6.121844898432865847e-04
1.736868434217108614e+01 5.443920726776805934e-04
1.740870435217608758e+01 4.920774874712564471e-04
1.744872436218108902e+01 4.509256954990813649e-04
1.748874437218609401e+01 4.179611263253498171e-04
1.752876438219109545e+01 3.911165262573925360e-04
1.756878439219609689e+01 3.689364996833046544e-04
1.760880440220109833e+01 3.503805494693372881e-04
1.764882441220610332e+01 3.346931076187736496e-04
1.768884442221110476e+01 3.213173166939011383e-04
1.772886443221610620e+01 3.098372187655109504e-04
1.776888444222111119e+01 2.999384910979657607e-04
1.780890445222611262e+01 2.913814263763042796e-04
1.784892446223111406e+01 2.839821129699705697e-04
1.788894447223611905e+01 2.775991979426946886e-04
1.792896448224112049e+01 2.721245234617372254e-04
1.796898449224612193e+01 2.674765122531653399e-04
1.800900450225112337e+01 2.635955618457207043e-04
1.804902451225612836e+01 2.604409666698072096e-04
1.808904452226112980e+01 2.579890700053068622e-04
1.812906453226613124e+01 2.562324863270425026e-04
1.816908454227113623e+01 2.551803517513178852e-04
1.820910455227613767e+01 2.548596750008478803e-04
1.824912456228113911e+01 2.553179926135936643e-04
1.828914457228614410e+01 2.566277033154365918e-04
1.832916458229114554e+01 2.588927004329627567e-04
1.836918459229614697e+01 2.622582881073858983e-04
1.840920460230114841e+01 2.669259358134431180e-04
1.844922461230615340e+01 2.731753198359391046e-04
1.848924462231115484e+01 2.813975039495623270e-04
1.852926463231615628e+01 2.921452597511523387e-04
1.856928464232116127e+01 3.062095694054817988e-04
1.860930465232616271e+01 3.247347189980584361e-04
1.864932466233116415e+01 3.493843830733727200e-04
1.868934467233616914e+01 3.825525987378005830e-04
1.872936468234117058e+01 4.275239192826633581e-04
1.876938469234617202e+01 4.881696704006198862e-04
1.880940470235117346e+01 5.668964983289021247e-04
1.884942471235617845e+01 6.582795770972391406e-04
1.888944472236117988e+01 7.386565237056124831e-04
1.892946473236618132e+01 7.692488914625371897e-04
1.896948474237118631e+01 7.333777176013414221e-04
1.900950475237618775e+01 6.587012330730138317e-04
1.904952476238118919e+01 5.822745375505310270e-04
1.908954477238619418e+01 5.219228787411773389e-04
1.912956478239119562e+01 4.800511745266171186e-04
1.916958479239619706e+01 4.536316455968235264e-04
1.920960480240119850e+01 4.390818406142808403e-04
1.924962481240620349e+01 4.336193203680903971e-04
1.928964482241120493e+01 4.353650216626405974e-04
1.932966483241620637e+01 4.431582415831351440e-04
1.936968484242121136e+01 4.563683177811552502e-04
1.940970485242621280e+01 4.747611097437439082e-04
1.944972486243121423e+01 4.984187893597559829e-04
1.948974487243621923e+01 5.277016310946563461e-04
1.952976488244122066e+01 5.632430262980497307e-04
1.956978489244622210e+01 6.059735935042656922e-04
1.960980490245122354e+01 6.571748725258876479e-04
1.964982491245622853e+01 7.185677733368041331e-04
1.968984492246122997e+01 7.924464529519031257e-04
1.972986493246623141e+01 8.818757270614564596e-04
1.976988494247123640e+01 9.909810911648386355e-04
1.980990495247623784e+01 1.125377343247451617e-03
1.984992496248123928e+01 1.292808315148981238e-03
1.988994497248624427e+01 1.504111464026163447e-03
1.992996498249124571e+01 1.774682556509934355e-03
1.996998499249624714e+01 2.126696334007498711e-03
2.001000500250124858e+01 2.592402647983432264e-03
2.005002501250625357e+01 3.218689419047728647e-03
2.009004502251125501e+01 4.072127760884889855e-03
2.013006503251625645e+01 5.239748722062202366e-03
2.017008504252126144e+01 6.808170609665396833e-03
2.021010505252626288e+01 8.775064747732234591e-03
2.025012506253126432e+01 1.083539952060752140e-02
2.029014507253626931e+01 1.219340893886496600e-02
2.033016508254127075e+01 1.202070828540201947e-02
2.037018509254627219e+01 1.043579116828079363e-02
2.041020510255127363e+01 8.343728551805033866e-03
2.045022511255627862e+01 6.445536869907276395e-03
2.049024512256128006e+01 4.961958334075946414e-03
2.053026513256628149e+01 3.864220657176244220e-03
2.057028514257128649e+01 3.061605844975804833e-03
2.061030515257628792e+01 2.470698581810015868e-03
2.065032516258128936e+01 2.029272847408911638e-03
2.069034517258629080e+01 1.693841085978645827e-03
2.073036518259129579e+01 1.434525965258522714e-03
2.077038519259629723e+01 1.230746513697143643e-03
2.081040520260129867e+01 1.068166418851307321e-03
2.085042521260630366e+01 9.366516236832312953e-04
2.089044522261130510e+01 8.289244019745097567e-04
2.093046523261630654e+01 7.396751485629965081e-04
2.097048524262131153e+01 6.649708305260190223e-04
2.101050525262631297e+01 6.018559728953392588e-04
2.105052526263131440e+01 5.480796699593115879e-04
2.109054527263631584e+01 5.019060792906749257e-04
2.113056528264132083e+01 4.619809659771828103e-04
2.117058529264632227e+01 4.272364071547298534e-04
2.121060530265132371e+01 3.968218398267344153e-04
2.125062531265632870e+01 3.700535414093047743e-04
2.129064532266133014e+01 3.463771761846962615e-04
2.133066533266633158e+01 3.253397185909768802e-04
2.137068534267133657e+01 3.065681852165237143e-04
2.141070535267633801e+01 2.897533658719058671e-04
2.145072536268133945e+01 2.746372637421765832e-04
2.149074537268634089e+01 2.610033148661958279e-04
2.153076538269134588e+01 2.486687097973123550e-04
2.157078539269634732e+01 2.374783193699494914e-04
2.161080540270134875e+01 2.272998547602950485e-04
2.165082541270635375e+01 2.180199848130318378e-04
2.169084542271135518e+01 2.095412013575527206e-04
2.173086543271635662e+01 2.017792731541269966e-04
2.177088544272136161e+01 1.946611662019681480e-04
2.181090545272636305e+01 1.881233359268744804e-04
2.185092546273136449e+01 1.821103177426018182e-04
2.189094547273636593e+01 1.765735584338655744e-04
2.193096548274137092e+01 1.714704430291534121e-04
2.197098549274637236e+01 1.667634812567082066e-04
2.201100550275137380e+01 1.624196249952045070e-04
2.205102551275637879e+01 1.584096938505196903e-04
2.209104552276138023e+01 1.547078904903614839e-04
2.213106553276638166e+01 1.512913909336941474e-04
2.217108554277138666e+01 1.481399978369402038e-04
2.221110555277638809e+01 1.452358471078415698e-04
2.225112556278138953e+01 1.425631600370627682e-04
2.229114557278639097e+01 1.401080346656643897e-04
2.233116558279139596e+01 1.378582713815458506e-04
2.237118559279639740e+01 1.358032288231687877e-04
2.241120560280139884e+01 1.339337071171978644e-04
2.245122561280640383e+01 1.322418563343775500e-04
2.249124562281140527e+01 1.307211088577550423e-04
2.253126563281640671e+01 1.293661351618129564e-04
2.257128564282141170e+01 1.281728233458092475e-04
2.261130565282641314e+01 1.271382837024273831e-04
2.265132566283141458e+01 1.262608806987443202e-04
2.269134567283641601e+01 1.255402960847749915e-04
2.273136568284142101e+01 1.249776285386998127e-04
2.277138569284642244e+01 1.245755374638529158e-04
2.281140570285142388e+01 1.243384414915042855e-04
2.285142571285642887e+01 1.242727862323650802e-04
2.289144572286143031e+01 1.243874013200173387e-04
2.293146573286643175e+01 1.246939744818965099e-04
2.297148574287143674e+01 1.252076812750262027e-04
2.301150575287643818e+01 1.259480247727647257e-04
2.305152576288143962e+01 1.269399622410588449e-04
2.309154577288644106e+01 1.282154293499875746e-04
2.313156578289144605e+01 1.298154224585378275e-04
2.317158579289644749e+01 1.317928750813135246e-04
2.321160580290144893e+01 1.342166803764265753e-04
2.325162581290645392e+01 1.371773909493127633e-04
2.329164582291145535e+01 1.407954086655765135e-04
2.333166583291645679e+01 1.452329221903198974e-04
2.337168584292146178e+01 1.507115560630322229e-04
2.341170585292646322e+01 1.575388074134365741e-04
2.345172586293146466e+01 1.661480481163027942e-04
2.349174587293646610e+01 1.771592662014271962e-04
2.353176588294147109e+01 1.914703069310373705e-04
2.357178589294647253e+01 2.103880417337802150e-04
2.361180590295147397e+01 2.357930627963258485e-04
2.365182591295647896e+01 2.702567068290202498e-04
2.369184592296148040e+01 3.167674107968188415e-04
2.373186593296648184e+01 3.770174466765077378e-04
2.377188594297148683e+01 4.462278431957346380e-04
2.381190595297648827e+01 5.050952146797737423e-04
2.385192596298148970e+01 5.234115108533353216e-04
2.389194597298649114e+01 4.899070343452340513e-04
2.393196598299149613e+01 4.273019195956328175e-04
2.397198599299649757e+01 3.638576302211484165e-04
2.401200600300149901e+01 3.125435599908335223e-04
2.405202601300650400e+01 2.747562629051848422e-04
2.409204602301150544e+01 2.479464164101846278e-04
2.413206603301650688e+01 2.292127314961525913e-04
2.417208604302150832e+01 2.162674278518387778e-04
2.421210605302651331e+01 2.074874057210269660e-04
2.425212606303151475e+01 2.017593342324804822e-04
2.429214607303651619e+01 1.983247263262056083e-04
2.433216608304152118e+01 1.966650697497100242e-04
2.437218609304652261e+01 1.964238364093493731e-04
2.441220610305152405e+01 1.973550258353625733e-04
2.445222611305652904e+01 1.992894095906505222e-04
2.449224612306153048e+01 2.021123087564398002e-04
2.453226613306653192e+01 2.057488732275039058e-04
2.457228614307153336e+01 2.101542873949799328e-04
2.461230615307653835e+01 2.153072657405604199e-04
2.465232616308153979e+01 2.212057973797769330e-04
2.469234617308654123e+01 2.278644768845184592e-04
2.473236618309154622e+01 2.353130022823950185e-04
2.477238619309654766e+01 2.435955819424029454e-04
2.481240620310154910e+01 2.527711026680091273e-04
2.485242621310655409e+01 2.629139924709158701e-04
2.489244622311155553e+01 2.741157769950136993e-04
2.493246623311655696e+01 2.864873883912129999e-04
2.497248624312155840e+01 3.001623478985973852e-04
2.501250625312656339e+01 3.153010166688987735e-04
2.505252626313156483e+01 3.320962031123636657e-04
2.509254627313656627e+01 3.507805420765842215e-04
2.513256628314157126e+01 3.716362399707104076e-04
2.517258629314657270e+01 3.950080383364953517e-04
2.521260630315157414e+01 4.213206294001545379e-04
2.525262631315657913e+01 4.511023286865686226e-04
2.529264632316158057e+01 4.850176802647338881e-04
2.533266633316658201e+01 5.239130143998170421e-04
2.537268634317158345e+01 5.688810780179979088e-04
2.541270635317658844e+01 6.213541698897687713e-04
2.545272636318158987e+01 6.832404471418885086e-04
2.549274637318659131e+01 7.571262700376978245e-04
2.553276638319159630e+01 8.465798653178399245e-04
2.557278639319659774e+01 9.566086278257279968e-04
2.561280640320159918e+01 1.094339108689269336e-03
2.565282641320660417e+01 1.269978178364031176e-03
2.569284642321160561e+01 1.497970410723763104e-03
2.573286643321660705e+01 1.797633867380992638e-03
2.577288644322160849e+01 2.190424785690476498e-03
2.581290645322661348e+01 2.685592211201767547e-03
2.585292646323161492e+01 3.240501991824871596e-03
2.589294647323661636e+01 3.709771910451700305e-03
2.593296648324162135e+01 3.899683539619992062e-03
2.597298649324662279e+01 3.782559084778181011e-03
2.601300650325162422e+01 3.542921322912341488e-03
2.605302651325662922e+01 3.367664215523141682e-03
2.609304652326163065e+01 3.341467866099345329e-03
2.613306653326663209e+01 3.487441106901851065e-03
2.617308654327163353e+01 3.816763574568324702e-03
2.621310655327663852e+01 4.351407775412137989e-03
2.625312656328163996e+01 5.132252519174472852e-03
2.629314657328664140e+01 6.225696522227059521e-03
2.633316658329164639e+01 7.734126773884089645e-03
2.637318659329664783e+01 9.789352249790829810e-03
2.641320660330164927e+01 1.249237053320917737e-02
2.645322661330665426e+01 1.576707517472524314e-02
2.649324662331165570e+01 1.904735974605510640e-02
2.653326663331665713e+01 2.100265387426532640e-02
2.657328664332165857e+01 2.036255672942006642e-02
2.661330665332666356e+01 1.748602102184904084e-02
2.665332666333166500e+01 1.390837115274755169e-02
2.669334667333666644e+01 1.072867608001525606e-02
2.673336668334167143e+01 8.261448368157260982e-03
2.677338669334667287e+01 6.438346932601926413e-03
2.681340670335167431e+01 5.103642392863823318e-03
2.685342671335667930e+01 4.118583471446870571e-03
2.689344672336168074e+01 3.380586305579135874e-03
2.693346673336668218e+01 2.818122552476966247e-03
2.697348674337168362e+01 2.382032277563101482e-03
2.701350675337668861e+01 2.038399692277160710e-03
2.705352676338169005e+01 1.763550879410733050e-03
2.709354677338669148e+01 1.540712989813232967e-03
2.713356678339169648e+01 1.357812528663566824e-03
2.717358679339669791e+01 1.206020826083966779e-03
2.721360680340169935e+01 1.078783812719871478e-03
2.725362681340670434e+01 9.711664230139765812e-04
2.729364682341170578e+01 8.794032447278989258e-04
2.733366683341670722e+01 8.005860297650812911e-04
2.737368684342170866e+01 7.324432706588312244e-04
2.741370685342671365e+01 6.731825897306963850e-04
2.745372686343171509e+01 6.213765927004152043e-04
2.749374687343671653e+01 5.758792210869489395e-04
2.753376688344172152e+01 5.357638031956705365e-04
2.757378689344672296e+01 5.002767594448323443e-04
2.761380690345172439e+01 4.688027681380821008e-04
2.765382691345672583e+01 4.408384606776866274e-04
2.769384692346173082e+01 4.159725946674531593e-04
2.773386693346673226e+01 3.938712831650630769e-04
2.777388694347173370e+01 3.742673294224629541e-04
2.781390695347673869e+01 3.569530945321961672e-04
2.785392696348174013e+01 3.417766631557861597e-04
2.789394697348674157e+01 3.286414182383057638e-04
2.793396698349174656e+01 3.175095377908832223e-04
2.797398699349674800e+01 3.084104266947853635e-04
2.801400700350174944e+01 3.014556769180122640e-04
2.805402701350675088e+01 2.968625321844631693e-04
2.809404702351175587e+01 2.949868026120260598e-04
2.813406703351675731e+01 2.963597624342657866e-04
2.817408704352175874e+01 3.017028024700090004e-04
2.821410705352676374e+01 3.118588626603157211e-04
2.825412706353176517e+01 3.276426560536963451e-04
2.829414707353676661e+01 3.500688693302317529e-04
2.833416708354177160e+01 3.815655734414960532e-04
2.837418709354677304e+01 4.266308186343416840e-04
2.841420710355177448e+01 4.894837492137085180e-04
2.845422711355677592e+01 5.680913349916784458e-04
2.849424712356178091e+01 6.440616436265053082e-04
2.853426713356678235e+01 6.796577736228905358e-04
2.857428714357178379e+01 6.478274489919179889e-04
2.861430715357678878e+01 5.665602513073113560e-04
2.865432716358179022e+01 4.749486497924713968e-04
2.869434717358679165e+01 3.962871130813494557e-04
2.873436718359179665e+01 3.357071369624666261e-04
2.877438719359679808e+01 2.906911332357779189e-04
2.881440720360179952e+01 2.573467305582968941e-04
2.885442721360680096e+01 2.323990312402285526e-04
2.889444722361180595e+01 2.134724590066476644e-04
2.893446723361680739e+01 1.989242728634122391e-04
2.897448724362180883e+01 1.876323456698952093e-04
2.901450725362681382e+01 1.788293554773615003e-04
2.905452726363181526e+01 1.719884601717629256e-04
2.909454727363681670e+01 1.667478216219889448e-04
2.913456728364182169e+01 1.628615817618687522e-04
2.917458729364682313e+01 1.601683423425875755e-04
2.921460730365182457e+01 1.585712770305813465e-04
2.925462731365682600e+01 1.580261311719062306e-04
2.929464732366183100e+01 1.585345532776409301e-04
2.933466733366683243e+01 1.601402694726349290e-04
2.937468734367183387e+01 1.629240121669845158e-04
2.941470735367683886e+01 1.669913728849341261e-04
2.945472736368184030e+01 1.724602610031221765e-04
2.949474737368684174e+01 1.794986232142020547e-04
2.953476738369184673e+01 1.884365396527422755e-04
2.957478739369684817e+01 1.998162105229061680e-04
2.961480740370184961e+01 2.143495347811603176e-04
2.965482741370685105e+01 2.329437261548457491e-04
2.969484742371185604e+01 2.568226930568569418e-04
2.973486743371685748e+01 2.877055896070212712e-04
2.977488744372185892e+01 3.280563937692386966e-04
2.981490745372686391e+01 3.814497847652803877e-04
2.985492746373186534e+01 4.531006911746339742e-04
2.989494747373686678e+01 5.505542773666766924e-04
2.993496748374187177e+01 6.842826811062842525e-04
2.997498749374687321e+01 8.670245932826997539e-04
3.001500750375187465e+01 1.108103853346355857e-03
3.005502751375687609e+01 1.394549777681719071e-03
3.009504752376188108e+01 1.656593745094256951e-03
3.013506753376688252e+01 1.766377891050604143e-03
3.017508754377188396e+01 1.650248664558677178e-03
3.021510755377688895e+01 1.384802202477384983e-03
3.025512756378189039e+01 1.097376124483551672e-03
3.029514757378689183e+01 8.561079783081831018e-04
3.033516758379189682e+01 6.731035091267644930e-04
3.037518759379689826e+01 5.388186834079096259e-04
3.041520760380189969e+01 4.405336015466116274e-04
3.045522761380690113e+01 3.678437300838523368e-04
3.049524762381190612e+01 3.132638506222414662e-04
3.053526763381690756e+01 2.716214976421892232e-04
3.057528764382190900e+01 2.393691493971494551e-04
3.061530765382691399e+01 2.140589268643043716e-04
3.065532766383191543e+01 1.939822788592728182e-04
3.069534767383691687e+01 1.779313845016731099e-04
3.073536768384192186e+01 1.650424518511774152e-04
3.077538769384692330e+01 1.546925335795500936e-04
3.081540770385192474e+01 1.464312113231801271e-04
3.085542771385692618e+01 1.399352728970738023e-04
3.089544772386193117e+01 1.349789405354030942e-04
3.093546773386693260e+01 1.314150812055348786e-04
3.097548774387193404e+01 1.291647179725855714e-04
3.101550775387693903e+01 1.282133834504604983e-04
3.105552776388194047e+01 1.286133552310624441e-04
3.109554777388694191e+01 1.304896374590411095e-04
3.113556778389194335e+01 1.340413140873035285e-04
3.117558779389694834e+01 1.395102299955483201e-04
3.121560780390194978e+01 1.470504792517559798e-04
3.125562781390695122e+01 1.564530068628739042e-04
3.129564782391195621e+01 1.670646914070791575e-04
3.133566783391695765e+01 1.786952759508311783e-04
3.137568784392195909e+01 1.927494575823331970e-04
3.141570785392696408e+01 2.116919431218767275e-04
3.145572786393196552e+01 2.381194944927506898e-04
3.149574787393696695e+01 2.749460052240721309e-04
3.153576788394196839e+01 3.261070038641908277e-04
3.157578789394697338e+01 3.971948242876814248e-04
3.161580790395197482e+01 4.956313829326925661e-04
3.165582791395697626e+01 6.290275853338644875e-04
3.169584792396198125e+01 7.979076362940297701e-04
3.173586793396698269e+01 9.775937384529601471e-04
3.177588794397198413e+01 1.100552328712251079e-03
3.181590795397698912e+01 1.092183534684112133e-03
3.185592796398199056e+01 9.574170014585388138e-04
3.189594797398699200e+01 7.740109888402073052e-04
3.193596798399199344e+01 6.055025148450901215e-04
3.197598799399699843e+01 4.730095873390419148e-04
3.201600800400200342e+01 3.746516013864323400e-04
3.205602801400700486e+01 3.025632151075501497e-04
3.209604802401200629e+01 2.493617786860969666e-04
3.213606803401700773e+01 2.095062776292703588e-04
3.217608804402200917e+01 1.791164482799431114e-04
3.221610805402701061e+01 1.555251506029980079e-04
3.225612806403201205e+01 1.368954002819065482e-04
3.229614807403702059e+01 1.219480740065821721e-04
3.233616808404202203e+01 1.097793674074547005e-04
3.237618809404702347e+01 9.974046196638391959e-05
3.241620810405202491e+01 9.135813533523221269e-05
3.245622811405702635e+01 8.428191637893568016e-05
3.249624812406202778e+01 7.824846381442294465e-05
3.253626813406702922e+01 7.305721346574478418e-05
3.257628814407203777e+01 6.855348619874870712e-05
3.261630815407703921e+01 6.461660265703493208e-05
3.265632816408204064e+01 6.115140600420030943e-05
3.269634817408704208e+01 5.808213806075272805e-05
3.273636818409204352e+01 5.534796450081592197e-05
3.277638819409704496e+01 5.289967339309747799e-05
3.281640820410205350e+01 5.069722310351629219e-05
3.285642821410705494e+01 4.870791840458041941e-05
3.289644822411205638e+01 4.690506503207667369e-05
3.293646823411705782e+01 4.526700276079213619e-05
3.297648824412205926e+01 4.377644614398019419e-05
3.301650825412706070e+01 4.242005057887700086e-05
3.305652826413206213e+01 4.118799053627438591e-05
3.309654827413707068e+01 4.007286022621375299e-05
3.313656828414207212e+01 3.906600954434114243e-05
3.317658829414707355e+01 3.814836250597101607e-05
3.321660830415207499e+01 3.727957889254336458e-05
3.325662831415707643e+01 3.641177295373500830e-05
3.329664832416207787e+01 3.553594583260253769e-05
3.333666833416707931e+01 3.468776586693129727e-05
3.337668834417208785e+01 3.390144282367672042e-05
3.341670835417708929e+01 3.318931973831596642e-05
3.345672836418209073e+01 3.255110994329549602e-05
3.349674837418709217e+01 3.198402204798097165e-05
3.353676838419209361e+01 3.148719356076868259e-05
3.357678839419709504e+01 3.106324701657786413e-05
3.361680840420210359e+01 3.071920074295093011e-05
3.365682841420710503e+01 3.046770581716790049e-05
3.369684842421210647e+01 3.032909302587537072e-05
3.373686843421710790e+01 3.033462791821442460e-05
3.377688844422210934e+01 3.053130439899970247e-05
3.381690845422711078e+01 3.098786685713728685e-05
3.385692846423211222e+01 3.179881417606087639e-05
3.389694847423712076e+01 3.307295797007748887e-05
3.393696848424212220e+01 3.486607873674229282e-05
3.397698849424712364e+01 3.698234234208604121e-05
3.401700850425212508e+01 3.867914636374802592e-05
3.405702851425712652e+01 3.884148017892459975e-05
3.409704852426212796e+01 3.711028444663534243e-05
3.413706853426712939e+01 3.436261793339503924e-05
3.417708854427213794e+01 3.162434290097051759e-05
3.421710855427713938e+01 2.934787856737415448e-05
3.425712856428214081e+01 2.757224102786066754e-05
3.429714857428714225e+01 2.619989803816930447e-05
3.433716858429214369e+01 2.512338273158991358e-05
3.437718859429714513e+01 2.425840015031273348e-05
3.441720860430214657e+01 2.354501214080710665e-05
3.445722861430715511e+01 2.294181454186723342e-05
3.449724862431215655e+01 2.242025825781098234e-05
3.453726863431715799e+01 2.196046240573761149e-05
3.457728864432215943e+01 2.154837359681725778e-05
3.461730865432716087e+01 2.117388795439225415e-05
3.465732866433216230e+01 2.082961350754863720e-05
3.469734867433717085e+01 2.051004877340908720e-05
3.473736868434217229e+01 2.021103105055057554e-05
3.477738869434717373e+01 1.992936064491502608e-05
3.481740870435217516e+01 1.966254113122445062e-05
3.485742871435717660e+01 1.940859715646297830e-05
3.489744872436217804e+01 1.916594478876020361e-05
3.493746873436717948e+01 1.893329797659904279e-05
3.497748874437218802e+01 1.870960016810321028e-05
3.501750875437718946e+01 1.849397369568047775e-05
3.505752876438219090e+01 1.828568186556663949e-05
3.509754877438719234e+01 1.808410024425884208e-05
3.513756878439219378e+01 1.788869467963432455e-05
3.517758879439719522e+01 1.769900430794138133e-05
3.521760880440219665e+01 1.751462829040830197e-05
3.525762881440720520e+01 1.733521536727739652e-05
3.529764882441220664e+01 1.716045556009284498e-05
3.533766883441720807e+01 1.699007352655362504e-05
3.537768884442220951e+01 1.682382319734713945e-05
3.541770885442721095e+01 1.666148341546462905e-05
3.545772886443221239e+01 1.650285436543194652e-05
3.549774887443722093e+01 1.634775462950241511e-05
3.553776888444222237e+01 1.619601874494219863e-05
3.557778889444722381e+01 1.604749516447711663e-05
3.561780890445222525e+01 1.590204454318056696e-05
3.565782891445722669e+01 1.575953829129864321e-05
3.569784892446222813e+01 1.561985734499645676e-05
3.573786893446722956e+01 1.548289111668714615e-05
3.577788894447223811e+01 1.534853659415415667e-05
3.581790895447723955e+01 1.521669756360114869e-05
3.585792896448224099e+01 1.508728393643926421e-05
3.589794897448724242e+01 1.496021116333384563e-05
3.593796898449224386e+01 1.483539972199369207e-05
3.597798899449724530e+01 1.471277466756237618e-05
3.601800900450224674e+01 1.459226523638678545e-05
3.605802901450725528e+01 1.447380449548957247e-05
3.609804902451225672e+01 1.435732903133540103e-05
3.613806903451725816e+01 1.424277867251310965e-05
3.617808904452225960e+01 1.413009624180407382e-05
3.621810905452726104e+01 1.401922733380580987e-05
3.625812906453226248e+01 1.391012011485866772e-05
3.629814907453727102e+01 1.380272514250462405e-05
3.633816908454227246e+01 1.369699520210849271e-05
3.637818909454727390e+01 1.359288515860788046e-05
3.641820910455227533e+01 1.349035182164112525e-05
3.645822911455727677e+01 1.338935382254029909e-05
3.649824912456227821e+01 1.328985150187833818e-05
3.653826913456727965e+01 1.319180680643053581e-05
3.657828914457228819e+01 1.309518319455645429e-05
3.661830915457728963e+01 1.299994554913315421e-05
3.665832916458229107e+01 1.290606009727714195e-05
3.669834917458729251e+01 1.281349433618486833e-05
3.673836918459229395e+01 1.272221696450019842e-05
3.677838919459729539e+01 1.263219781868627231e-05
3.681840920460229682e+01 1.254340781393817402e-05
3.685842921460730537e+01 1.245581888922473186e-05
3.689844922461230681e+01 1.236940395609265275e-05
3.693846923461730825e+01 1.228413685090532946e-05
3.697848924462230968e+01 1.219999229022359453e-05
3.701850925462731112e+01 1.211694582906538342e-05
3.705852926463231256e+01 1.203497382180821828e-05
3.709854927463732110e+01 1.195405338552185300e-05
3.713856928464232254e+01 1.187416236553926725e-05
3.717858929464732398e+01 1.179527930309217958e-05
3.721860930465232542e+01 1.171738340485438538e-05
3.725862931465732686e+01 1.164045451424994729e-05
3.729864932466232830e+01 1.156447308439677243e-05
3.733866933466732974e+01 1.148942015256744759e-05
3.737868934467233828e+01 1.141527731605966593e-05
3.741870935467733972e+01 1.134202670937801662e-05
3.745872936468234116e+01 1.126965098263674360e-05
3.749874937468734259e+01 1.119813328110143676e-05
3.753876938469234403e+01 1.112745722579366471e-05
3.757878939469734547e+01 1.105760689508901632e-05
3.761880940470234691e+01 1.098856680724454741e-05
3.765882941470735545e+01 1.092032190379659787e-05
3.769884942471235689e+01 1.085285753377459458e-05
3.773886943471735833e+01 1.078615943868032478e-05
3.777888944472235977e+01 1.072021373818638276e-05
3.781890945472736121e+01 1.065500691651053020e-05
3.785892946473236265e+01 1.059052580942605291e-05
3.789894947473736408e+01 1.052675759187097831e-05
3.793896948474237263e+01 1.046368976612175401e-05
3.797898949474737407e+01 1.040131015049925437e-05
3.801900950475237551e+01 1.033960686857719281e-05
3.805902951475737694e+01 1.027856833886530119e-05
3.809904952476237838e+01 1.021818326494115198e-05
3.813906953476737982e+01 1.015844062600636439e-05
3.817908954477238836e+01 1.009932966784465465e-05
3.821910955477738980e+01 1.004083989416041591e-05
3.825912956478239124e+01 9.982961058277991923e-06
3.829914957478739268e+01 9.925683155183109558e-06
3.833916958479239412e+01 9.868996413888935125e-06
3.837918959479739556e+01 9.812891290110455696e-06
3.841920960480239700e+01 9.757358459231749205e-06
3.845922961480740554e+01 9.702388809551704761e-06
3.849924962481240698e+01 9.647973435794622024e-06
3.853926963481740842e+01 9.594103632872816434e-06
3.857928964482240985e+01 9.540770889889288830e-06
3.861930965482741129e+01 9.487966884368939795e-06
3.865932966483241273e+01 9.435683476707786574e-06
3.869934967483741417e+01 9.383912704829875851e-06
3.873936968484242271e+01 9.332646779042517437e-06
3.877938969484742415e+01 9.281878077080684132e-06
3.881940970485242559e+01 9.231599139332063384e-06
3.885942971485742703e+01 9.181802664234761367e-06
3.889944972486242847e+01 9.132481503839897272e-06
3.893946973486742991e+01 9.083628659531957480e-06
3.897948974487243845e+01 9.035237277899958876e-06
3.901950975487743989e+01 8.987300646753009249e-06
3.905952976488244133e+01 8.939812191273959478e-06
3.909954977488744277e+01 8.892765470305470687e-06
3.913956978489244420e+01 8.846154172762763643e-06
3.917958979489744564e+01 8.799972114167895360e-06
3.921960980490244708e+01 8.754213233300479021e-06
3.925962981490745562e+01 8.708871588960052996e-06
3.929964982491245706e+01 8.663941356835682552e-06
3.933966983491745850e+01 8.619416826478271072e-06
3.937968984492245994e+01 8.575292398371677671e-06
3.941970985492746138e+01 8.531562581098565284e-06
3.945972986493246282e+01 8.488221988597350538e-06
3.949974987493746426e+01 8.445265337506616544e-06
3.953976988494247280e+01 8.402687444593630987e-06
3.957978989494747424e+01 8.360483224263810066e-06
3.961980990495247568e+01 8.318647686147796069e-06
3.965982991495747711e+01 8.277175932763538018e-06
3.969984992496247855e+01 8.236063157250256609e-06
3.973986993496747999e+01 8.195304641171804875e-06
3.977988994497248854e+01 8.154895752386705582e-06
3.981990995497748997e+01 8.114831942982536026e-06
3.985992996498249141e+01 8.075108747272200448e-06
3.989994997498749285e+01 8.035721779849875916e-06
3.993996998499249429e+01 7.996666733704525952e-06
3.997998999499749573e+01 7.957939378388879584e-06
4.002001000500249717e+01 7.919535558241831051e-06
4.006003001500750571e+01 7.881451190662494986e-06
4.010005002501250715e+01 7.843682264434087448e-06
4.014007003501750859e+01 7.806224838095715150e-06
4.018009004502251003e+01 7.769075038360688813e-06
4.022011005502751146e+01 7.732229058579548000e-06
4.026013006503251290e+01 7.695683157246360867e-06
4.030015007503751434e+01 7.659433656546794494e-06
4.034017008504252289e+01 7.623476940946516689e-06
4.038019009504752432e+01 7.587809455818717168e-06
4.042021010505252576e+01 7.552427706109194639e-06
4.046023011505752720e+01 7.517328255038017073e-06
4.050025012506252864e+01 7.482507722836388913e-06
4.054027013506753008e+01 7.447962785517612187e-06
4.058029014507253862e+01 7.413690173681072604e-06
4.062031015507754006e+01 7.379686671348140999e-06
4.066033016508254150e+01 7.345949114828917785e-06
4.070035017508754294e+01 7.312474391618947978e-06
4.074037018509254438e+01 7.279259439324882721e-06
4.078039019509754581e+01 7.246301244618136100e-06
4.082041020510254725e+01 7.213596842215751190e-06
4.086043021510755580e+01 7.181143313887543616e-06
4.090045022511255723e+01 7.148937787488750957e-06
4.094047023511755867e+01 7.116977436017373172e-06
4.098049024512256011e+01 7.085259476695455253e-06
4.102051025512756155e+01 7.053781170073622627e-06
4.106053026513256299e+01 7.022539819158039217e-06
4.110055027513756443e+01 6.991532768559286710e-06
4.114057028514257297e+01 6.960757403662328179e-06
4.118059029514757441e+01 6.930211149817097792e-06
4.122061030515257585e+01 6.899891471548905172e-06
4.126063031515757729e+01 6.869795871788272383e-06
4.130065032516257872e+01 6.839921891119493734e-06
4.134067033516758016e+01 6.810267107047416954e-06
4.138069034517258160e+01 6.780829133281902791e-06
4.142071035517759015e+01 6.751605619039487010e-06
4.146073036518259158e+01 6.722594248361703514e-06
4.150075037518759302e+01 6.693792739449587509e-06
4.154077038519259446e+01 6.665198844013956333e-06
4.158079039519759590e+01 6.636810346640960605e-06
4.162081040520259734e+01 6.608625064172491483e-06
4.166083041520760588e+01 6.580640845101041691e-06
4.170085042521260732e+01 6.552855568978621367e-06
4.174087043521760876e+01 6.525267145839266242e-06
4.178089044522261020e+01 6.497873515634863723e-06
4.182091045522761164e+01 6.470672647683889457e-06
4.186093046523261307e+01 6.443662540132655404e-06
4.190095047523761451e+01 6.416841219428784000e-06
4.194097048524262306e+01 6.390206739806582274e-06
4.198099049524762449e+01 6.363757182783942397e-06
4.202101050525262593e+01 6.337490656670478118e-06
4.206103051525762737e+01 6.311405296086638748e-06
4.210105052526262881e+01 6.285499261493472046e-06
4.214107053526763025e+01 6.259770738732710736e-06
4.218109054527263169e+01 6.234217938577014110e-06
4.222111055527764023e+01 6.208839096290001323e-06
4.226113056528264167e+01 6.183632471195881578e-06
4.230115057528764311e+01 6.158596346258392354e-06
4.234117058529264455e+01 6.133729027668816981e-06
4.238119059529764598e+01 6.109028844442864717e-06
4.242121060530264742e+01 6.084494148026179554e-06
4.246123061530765597e+01 6.060123311908207544e-06
4.250125062531265741e+01 6.035914731244309989e-06
4.254127063531765884e+01 6.011866822485796390e-06
4.258129064532266028e+01 5.987978023017789913e-06
4.262131065532766172e+01 5.964246790804611112e-06
4.266133066533266316e+01 5.940671604042629950e-06
4.270135067533766460e+01 5.917250960820268465e-06
4.274137068534267314e+01 5.893983378785041437e-06
4.278139069534767458e+01 5.870867394817491903e-06
4.282141070535267602e+01 5.847901564711755549e-06
4.286143071535767746e+01 5.825084462862688762e-06
4.290145072536267890e+01 5.802414681959363832e-06
4.294147073536768033e+01 5.779890832684733087e-06
4.298149074537268177e+01 5.757511543421412850e-06
4.302151075537769032e+01 5.735275459963311070e-06
4.306153076538269175e+01 5.713181245233107953e-06
4.310155077538769319e+01 5.691227579005293130e-06
4.314157078539269463e+01 5.669413157634743263e-06
4.318159079539769607e+01 5.647736693790677472e-06
4.322161080540269751e+01 5.626196916195825392e-06
4.326163081540770605e+01 5.604792569370731648e-06
4.330165082541270749e+01 5.583522413383085768e-06
4.334167083541770893e+01 5.562385223601867483e-06
4.338169084542271037e+01 5.541379790456326890e-06
4.342171085542771181e+01 5.520504919199613132e-06
4.346173086543271324e+01 5.499759429676912681e-06
4.350175087543771468e+01 5.479142156098090451e-06
4.354177088544272323e+01 5.458651946814644840e-06
4.358179089544772467e+01 5.438287664100923365e-06
4.362181090545272610e+01 5.418048183939469256e-06
4.366183091545772754e+01 5.397932395810457543e-06
4.370185092546272898e+01 5.377939202485057133e-06
4.374187093546773042e+01 5.358067519822718034e-06
4.378189094547273186e+01 5.338316276572200777e-06
4.382191095547774040e+01 5.318684414176340403e-06
4.386193096548274184e+01 5.299170886580433213e-06
4.390195097548774328e+01 5.279774660044148864e-06
4.394197098549274472e+01 5.260494712956922929e-06
4.398199099549774616e+01 5.241330035656738430e-06
4.402201100550274759e+01 5.222279630252226899e-06
4.406203101550775614e+01 5.203342510447982231e-06
4.410205102551275758e+01 5.184517701373105120e-06
4.414207103551775901e+01 5.165804239412797668e-06
4.418209104552276045e+01 5.147201172043008994e-06
4.422211105552776189e+01 5.128707557668082742e-06
4.426213106553276333e+01 5.110322465461276016e-06
4.430215107553776477e+01 5.092044975208146384e-06
4.434217108554277331e+01 5.073874177152712056e-06
4.438219109554777475e+01 5.055809171846368308e-06
4.442221110555277619e+01 5.037849069999427179e-06
4.446223111555777763e+01 5.019992992335307517e-06
4.450225112556277907e+01 5.002240069447278841e-06
4.454227113556778050e+01 4.984589441657703103e-06
4.458229114557278194e+01 4.967040258879725212e-06
4.462231115557779049e+01 4.949591680481391170e-06
4.466233116558279193e+01 4.932242875152087061e-06
4.470235117558779336e+01 4.914993020771311633e-06
4.474237118559279480e+01 4.897841304279689268e-06
4.478239119559779624e+01 4.880786921552196256e-06
4.482241120560279768e+01 4.863829077273566487e-06
4.486243121560779912e+01 4.846966984815799470e-06
4.490245122561280766e+01 4.830199866117768156e-06
4.494247123561780910e+01 4.813526951566853706e-06
4.498249124562281054e+01 4.796947479882578411e-06
4.502251125562781198e+01 4.780460698002192714e-06
4.506253126563281342e+01 4.764065860968189238e-06
4.510255127563781485e+01 4.747762231817681976e-06
4.514257128564282340e+01 4.731549081473658272e-06
4.518259129564782484e+01 4.715425688637984158e-06
4.522261130565282627e+01 4.699391339686240136e-06
4.526263131565782771e+01 4.683445328564240853e-06
4.530265132566282915e+01 4.667586956686300516e-06
4.534267133566783059e+01 4.651815532835127997e-06
4.538269134567283203e+01 4.636130373063381278e-06
4.542271135567784057e+01 4.620530800596832100e-06
4.546273136568284201e+01 4.605016145739082380e-06
4.550275137568784345e+01 4.589585745777826466e-06
4.554277138569284489e+01 4.574238944892650751e-06
4.558279139569784633e+01 4.558975094064293575e-06
4.562281140570284776e+01 4.543793550985367951e-06
4.566283141570784920e+01 4.528693679972515783e-06
4.570285142571285775e+01 4.513674851879958831e-06
4.574287143571785919e+01 4.498736444014439662e-06
4.578289144572286062e+01 4.483877840051478897e-06
4.582291145572786206e+01 4.469098429952995321e-06
4.586293146573286350e+01 4.454397609886195706e-06
4.590295147573786494e+01 4.439774782143741954e-06
4.594297148574287348e+01 4.425229355065196414e-06
4.598299149574787492e+01 4.410760742959669988e-06
4.602301150575287636e+01 4.396368366029664551e-06
4.606303151575787780e+01 4.382051650296125780e-06
4.610305152576287924e+01 4.367810027524649646e-06
4.614307153576788068e+01 4.353642935152808680e-06
4.618309154577288211e+01 4.339549816218628513e-06
4.622311155577789066e+01 4.325530119290136753e-06
4.626313156578289210e+01 4.311583298396002003e-06
4.630315157578789353e+01 4.297708812957229121e-06
4.634317158579289497e+01 4.283906127719898030e-06
4.638319159579789641e+01 4.270174712688914727e-06
4.642321160580289785e+01 4.256514043062784668e-06
4.646323161580789929e+01 4.242923599169331433e-06
4.650325162581290783e+01 4.229402866402436074e-06
4.654327163581790927e+01 4.215951335159684479e-06
4.658329164582291071e+01 4.202568500780957478e-06
4.662331165582791215e+01 4.189253863487954391e-06
4.666333166583291359e+01 4.176006928324593246e-06
4.670335167583791502e+01 4.162827205098313089e-06
4.674337168584292357e+01 4.149714208322237728e-06
4.678339169584792501e+01 4.136667457158193286e-06
4.682341170585292645e+01 4.123686475360568552e-06
4.686343171585792788e+01 4.110770791220987634e-06
4.690345172586292932e+01 4.097919937513813554e-06
4.694347173586793076e+01 4.085133451442427726e-06
4.698349174587293220e+01 4.072410874586303947e-06
4.702351175587794074e+01 4.059751752848841332e-06
4.706353176588294218e+01 4.047155636405973134e-06
4.710355177588794362e+01 4.034622079655481982e-06
4.714357178589294506e+01 4.022150641167084234e-06
4.718359179589794650e+01 4.009740883633203805e-06
4.722361180590294794e+01 3.997392373820463444e-06
4.726363181590794937e+01 3.985104682521873106e-06
4.730365182591295792e+01 3.972877384509687488e-06
4.734367183591795936e+01 3.960710058488943734e-06
4.738369184592296079e+01 3.948602287051658970e-06
4.742371185592796223e+01 3.936553656631658041e-06
4.746373186593296367e+01 3.924563757460067012e-06
4.750375187593796511e+01 3.912632183521408059e-06
4.754377188594297365e+01 3.900758532510328793e-06
4.758379189594797509e+01 3.888942405788922811e-06
4.762381190595297653e+01 3.877183408344649945e-06
4.766383191595797797e+01 3.865481148748853673e-06
4.770385192596297941e+01 3.853835239115835023e-06
4.774387193596798085e+01 3.842245295062510942e-06
4.778389194597298228e+01 3.830710935668623223e-06
4.782391195597799083e+01 3.819231783437495472e-06
4.786393196598299227e+01 3.807807464257331323e-06
4.790395197598799371e+01 3.796437607363036973e-06
4.794397198599299514e+01 3.785121845298577338e-06
4.798399199599799658e+01 3.773859813879838324e-06
4.802401200600299802e+01 3.762651152157998574e-06
4.806403201600799946e+01 3.751495502383392508e-06
4.810405202601300800e+01 3.740392509969868018e-06
4.814407203601800944e+01 3.729341823459629522e-06
4.818409204602301088e+01 3.718343094488543070e-06
4.822411205602801232e+01 3.707395977751919601e-06
4.826413206603301376e+01 3.696500130970744586e-06
4.830415207603801520e+01 3.685655214858379469e-06
4.834417208604301663e+01 3.674860893087682815e-06
4.838419209604802518e+01 3.664116832258590966e-06
4.842421210605302662e+01 3.653422701866115446e-06
4.846423211605802805e+01 3.642778174268774042e-06
4.850425212606302949e+01 3.632182924657419145e-06
4.854427213606803093e+01 3.621636631024512900e-06
4.858429214607303237e+01 3.611138974133768696e-06
4.862431215607804091e+01 3.600689637490218297e-06
4.866433216608304235e+01 3.590288307310655471e-06
4.870435217608804379e+01 3.579934672494474339e-06
4.874437218609304523e+01 3.569628424594878726e-06
4.878439219609804667e+01 3.559369257790472680e-06
4.882441220610304811e+01 3.549156868857225790e-06
4.886443221610804954e+01 3.538990957140779878e-06
4.890445222611305809e+01 3.528871224529137260e-06
4.894447223611805953e+01 3.518797375425684868e-06
4.898449224612306097e+01 3.508769116722571582e-06
4.902451225612806240e+01 3.498786157774423523e-06
4.906453226613306384e+01 3.488848210372398593e-06
4.910455227613806528e+01 3.478954988718570073e-06
4.914457228614306672e+01 3.469106209400639310e-06
4.918459229614807526e+01 3.459301591366958404e-06
4.922461230615307670e+01 3.449540855901892983e-06
4.926463231615807814e+01 3.439823726601464507e-06
4.930465232616307958e+01 3.430149929349332641e-06
4.934467233616808102e+01 3.420519192293046149e-06
4.938469234617308246e+01 3.410931245820624552e-06
4.942471235617809100e+01 3.401385822537413372e-06
4.946473236618309244e+01 3.391882657243232458e-06
4.950475237618809388e+01 3.382421486909812296e-06
4.954477238619309531e+01 3.373002050658502220e-06
4.958479239619809675e+01 3.363624089738272967e-06
4.962481240620309819e+01 3.354287347503971222e-06
4.966483241620809963e+01 3.344991569394863008e-06
4.970485242621310817e+01 3.335736502913415926e-06
4.974487243621810961e+01 3.326521897604376600e-06
4.978489244622311105e+01 3.317347505034069192e-06
4.982491245622811249e+01 3.308213078769973857e-06
4.986493246623311393e+01 3.299118374360544916e-06
4.990495247623811537e+01 3.290063149315267889e-06
4.994497248624311680e+01 3.281047163084978681e-06
4.998499249624812535e+01 3.272070177042398767e-06
5.002501250625312679e+01 3.263131954462932958e-06
5.006503251625812823e+01 3.254232260505659436e-06
5.010505252626312966e+01 3.245370862194595079e-06
5.014507253626813110e+01 3.236547528400156033e-06
5.018509254627313254e+01 3.227762029820849935e-06
5.022511255627814108e+01 3.219014138965186684e-06
5.026513256628314252e+01 3.210303630133809851e-06
5.030515257628814396e+01 3.201630279401829269e-06
5.034517258629314540e+01 3.192993864601384863e-06
5.038519259629814684e+01 3.184394165304390888e-06
5.042521260630314828e+01 3.175830962805511418e-06
5.046523261630814972e+01 3.167304040105311166e-06
5.050525262631315826e+01 3.158813181893635005e-06
5.054527263631815970e+01 3.150358174533157313e-06
5.058529264632316114e+01 3.141938806043134616e-06
5.062531265632816257e+01 3.133554866083348380e-06
5.066533266633316401e+01 3.125206145938242206e-06
5.070535267633816545e+01 3.116892438501235620e-06
5.074537268634316689e+01 3.108613538259214486e-06
5.078539269634817543e+01 3.100369241277230192e-06
5.082541270635317687e+01 3.092159345183337346e-06
5.086543271635817831e+01 3.083983649153640673e-06
5.090545272636317975e+01 3.075841953897491848e-06
5.094547273636818119e+01 3.067734061642877753e-06
5.098549274637318263e+01 3.059659776121950613e-06
5.102551275637819117e+01 3.051618902556752102e-06
5.106553276638319261e+01 3.043611247645083139e-06
5.110555277638819405e+01 3.035636619546545211e-06
5.114557278639319549e+01 3.027694827868728229e-06
5.118559279639819692e+01 3.019785683653573296e-06
5.122561280640319836e+01 3.011908999363874816e-06
5.126563281640819980e+01 3.004064588869946924e-06
5.130565282641320835e+01 2.996252267436435179e-06
5.134567283641820978e+01 2.988471851709282854e-06
5.138569284642321122e+01 2.980723159702832308e-06
5.142571285642821266e+01 2.973006010787083922e-06
5.146573286643321410e+01 2.965320225675095637e-06
5.150575287643821554e+01 2.957665626410519285e-06
5.154577288644321698e+01 2.950042036355281344e-06
5.158579289644822552e+01 2.942449280177396674e-06
5.162581290645322696e+01 2.934887183838928367e-06
5.166583291645822840e+01 2.927355574584057290e-06
5.170585292646322984e+01 2.919854280927320181e-06
5.174587293646823127e+01 2.912383132641944317e-06
5.178589294647323271e+01 2.904941960748331673e-06
5.182591295647823415e+01 2.897530597502667177e-06
5.186593296648324269e+01 2.890148876385638776e-06
5.190595297648824413e+01 2.882796632091306146e-06
5.194597298649324557e+01 2.875473700516062586e-06
5.198599299649824701e+01 2.868179918747745987e-06
5.202601300650324845e+01 2.860915125054847205e-06
5.206603301650824989e+01 2.853679158875847615e-06
5.210605302651325843e+01 2.846471860808669735e-06
5.214607303651825987e+01 2.839293072600244745e-06
5.218609304652326131e+01 2.832142637136188006e-06
5.222611305652826275e+01 2.825020398430585535e-06
5.226613306653326418e+01 2.817926201615906261e-06
5.230615307653826562e+01 2.810859892932998576e-06
5.234617308654326706e+01 2.803821319721218157e-06
5.238619309654827561e+01 2.796810330408641352e-06
5.242621310655327704e+01 2.789826774502408578e-06
5.246623311655827848e+01 2.782870502579134642e-06
5.250625312656327992e+01 2.775941366275462201e-06
5.254627313656828136e+01 2.769039218278688074e-06
5.258629314657328280e+01 2.762163912317492045e-06
5.262631315657828424e+01 2.755315303152782973e-06
5.266633316658329278e+01 2.748493246568621144e-06
5.270635317658829422e+01 2.741697599363244381e-06
5.274637318659329566e+01 2.734928219340194522e-06
5.278639319659829710e+01 2.728184965299523105e-06
5.282641320660329853e+01 2.721467697029105469e-06
5.286643321660829997e+01 2.714776275296040822e-06
5.290645322661330852e+01 2.708110561838131946e-06
5.294647323661830995e+01 2.701470419355472882e-06
5.298649324662331139e+01 2.694855711502107351e-06
5.302651325662831283e+01 2.688266302877789246e-06
5.306653326663331427e+01 2.681702059019810026e-06
5.310655327663831571e+01 2.675162846394934123e-06
5.314657328664331715e+01 2.668648532391396593e-06
5.318659329664832569e+01 2.662158985310999457e-06
5.322661330665332713e+01 2.655694074361281721e-06
5.326663331665832857e+01 2.649253669647766068e-06
5.330665332666333001e+01 2.642837642166300827e-06
5.334667333666833144e+01 2.636445863795463360e-06
5.338669334667333288e+01 2.630078207289053233e-06
5.342671335667833432e+01 2.623734546268652304e-06
5.346673336668334287e+01 2.617414755216275437e-06
5.350675337668834430e+01 2.611118709467075434e-06
5.354677338669334574e+01 2.604846285202150453e-06
5.358679339669834718e+01 2.598597359441390395e-06
5.362681340670334862e+01 2.592371810036424925e-06
5.366683341670835006e+01 2.586169515663629102e-06
5.370685342671335860e+01 2.579990355817199309e-06
5.374687343671836004e+01 2.573834210802312610e-06
5.378689344672336148e+01 2.567700961728328468e-06
5.382691345672836292e+01 2.561590490502087443e-06
5.386693346673336436e+01 2.555502679821259863e-06
5.390695347673836579e+01 2.549437413167769040e-06
5.394697348674336723e+01 2.543394574801272504e-06
5.398699349674837578e+01 2.537374049752716503e-06
5.402701350675337721e+01 2.531375723817953191e-06
5.406703351675837865e+01 2.525399483551418792e-06
5.410705352676338009e+01 2.519445216259865561e-06
5.414707353676838153e+01 2.513512809996184793e-06
5.418709354677338297e+01 2.507602153553252284e-06
5.422711355677838441e+01 2.501713136457871197e-06
5.426713356678339295e+01 2.495845648964746268e-06
5.430715357678839439e+01 2.489999582050533405e-06
5.434717358679339583e+01 2.484174827407942637e-06
5.438719359679839727e+01 2.478371277439901641e-06
5.442721360680339870e+01 2.472588825253769655e-06
5.446723361680840014e+01 2.466827364655619582e-06
5.450725362681340869e+01 2.461086790144562451e-06
5.454727363681841013e+01 2.455366996907142169e-06
5.458729364682341156e+01 2.449667880811765014e-06
5.462731365682841300e+01 2.443989338403207896e-06
5.466733366683341444e+01 2.438331266897161770e-06
5.470735367683841588e+01 2.432693564174819943e-06
5.474737368684341732e+01 2.427076128777562516e-06
5.478739369684842586e+01 2.421478859901626860e-06
5.482741370685342730e+01 2.415901657392892000e-06
5.486743371685842874e+01 2.410344421741667679e-06
5.490745372686343018e+01 2.404807054077556248e-06
5.494747373686843162e+01 2.399289456164363274e-06
5.498749374687343305e+01 2.393791530395043290e-06
5.502751375687843449e+01 2.388313179786709505e-06
5.506753376688344304e+01 2.382854307975685009e-06
5.510755377688844447e+01 2.377414819212595915e-06
5.514757378689344591e+01 2.371994618357517436e-06
5.518759379689844735e+01 2.366593610875165701e-06
5.522761380690344879e+01 2.361211702830129384e-06
5.526763381690845023e+01 2.355848800882160201e-06
5.530765382691345167e+01 2.350504812281487123e-06
5.534767383691846021e+01 2.345179644864193695e-06
5.538769384692346165e+01 2.339873207047632621e-06
5.542771385692846309e+01 2.334585407825873810e-06
5.546773386693346453e+01 2.329316156765210446e-06
5.550775387693846596e+01 2.324065363999698929e-06
5.554777388694346740e+01 2.318832940226741604e-06
5.558779389694847595e+01 2.313618796702710988e-06
5.562781390695347739e+01 2.308422845238615075e-06
5.566783391695847882e+01 2.303244998195800343e-06
5.570785392696348026e+01 2.298085168481703033e-06
5.574787393696848170e+01 2.292943269545626692e-06
5.578789394697348314e+01 2.287819215374568841e-06
5.582791395697848458e+01 2.282712920489089994e-06
5.586793396698349312e+01 2.277624299939200468e-06
5.590795397698849456e+01 2.272553269300314106e-06
5.594797398699349600e+01 2.267499744669214705e-06
5.598799399699849744e+01 2.262463642660067339e-06
5.602801400700349888e+01 2.257444880400478809e-06
5.606803401700850031e+01 2.252443375527567409e-06
5.610805402701350175e+01 2.247459046184102998e-06
5.614807403701851030e+01 2.242491811014646646e-06
5.618809404702351173e+01 2.237541589161754233e-06
5.622811405702851317e+01 2.232608300262196143e-06
5.626813406703351461e+01 2.227691864443221845e-06
5.630815407703851605e+01 2.222792202318855820e-06
5.634817408704351749e+01 2.217909234986221438e-06
5.638819409704852603e+01 2.213042884021903374e-06
5.642821410705352747e+01 2.208193071478351109e-06
5.646823411705852891e+01 2.203359719880288775e-06
5.650825412706353035e+01 2.198542752221192353e-06
5.654827413706853179e+01 2.193742091959767279e-06
5.658829414707353322e+01 2.188957663016481118e-06
5.662831415707853466e+01 2.184189389770108518e-06
5.666833416708354321e+01 2.179437197054319359e-06
5.670835417708854465e+01 2.174701010154297397e-06
5.674837418709354608e+01 2.169980754803379240e-06
5.678839419709854752e+01 2.165276357179735670e-06
5.682841420710354896e+01 2.160587743903070336e-06
5.686843421710855040e+01 2.155914842031356129e-06
5.690845422711355184e+01 2.151257579057601642e-06
5.694847423711856038e+01 2.146615882906634981e-06
5.698849424712356182e+01 2.141989681931935440e-06
5.702851425712856326e+01 2.137378904912466865e-06
5.706853426713356470e+01 2.132783481049568625e-06
5.710855427713856614e+01 2.128203339963842762e-06
5.714857428714356757e+01 2.123638411692103828e-06
5.718859429714857612e+01 2.119088626684315162e-06
5.722861430715357756e+01 2.114553915800589555e-06
5.726863431715857899e+01 2.110034210308196671e-06
5.730865432716358043e+01 2.105529441878586584e-06
5.734867433716858187e+01 2.101039542584472168e-06
5.738869434717358331e+01 2.096564444896902173e-06
5.742871435717858475e+01 2.092104081682383434e-06
5.746873436718359329e+01 2.087658386200009006e-06
5.750875437718859473e+01 2.083227292098635422e-06
5.754877438719359617e+01 2.078810733414059963e-06
5.758879439719859761e+01 2.074408644566235182e-06
5.762881440720359905e+01 2.070020960356505889e-06
5.766883441720860048e+01 2.065647615964869843e-06
5.770885442721360192e+01 2.061288546947258356e-06
5.774887443721861047e+01 2.056943689232845263e-06
5.778889444722361191e+01 2.052612979121380048e-06
5.782891445722861334e+01 2.048296353280534080e-06
5.786893446723361478e+01 2.043993748743282440e-06
5.790895447723861622e+01 2.039705102905295909e-06
5.794897448724361766e+01 2.035430353522364285e-06
5.798899449724862620e+01 2.031169438707839622e-06
5.802901450725362764e+01 2.026922296930100209e-06
5.806903451725862908e+01 2.022688867010031075e-06
5.810905452726363052e+01 2.018469088118537518e-06
5.814907453726863196e+01 2.014262899774064996e-06
5.818909454727363340e+01 2.010070241840158401e-06
5.822911455727863483e+01 2.005891054523018369e-06
5.826913456728364338e+01 2.001725278369105448e-06
5.830915457728864482e+01 1.997572854262739181e-06
5.834917458729364625e+01 1.993433723423734038e-06
5.838919459729864769e+01 1.989307827405045937e-06
5.842921460730364913e+01 1.985195108090445865e-06
5.846923461730865057e+01 1.981095507692209174e-06
5.850925462731365201e+01 1.977008968748820120e-06
5.854927463731866055e+01 1.972935434122701818e-06
5.858929464732366199e+01 1.968874846997967790e-06
5.862931465732866343e+01 1.964827150878179868e-06
5.866933466733366487e+01 1.960792289584135747e-06
5.870935467733866631e+01 1.956770207251672628e-06
5.874937468734366774e+01 1.952760848329486529e-06
5.878939469734866918e+01 1.948764157576971507e-06
5.882941470735367773e+01 1.944780080062076239e-06
5.886943471735867917e+01 1.940808561159177125e-06
5.890945472736368060e+01 1.936849546546974255e-06
5.894947473736868204e+01 1.932902982206394157e-06
5.898949474737368348e+01 1.928968814418519224e-06
5.902951475737868492e+01 1.925046989762535355e-06
5.906953476738369346e+01 1.921137455113683828e-06
5.910955477738869490e+01 1.917240157641245784e-06
5.914957478739369634e+01 1.913355044806532646e-06
5.918959479739869778e+01 1.909482064360893467e-06
5.922961480740369922e+01 1.905621164343745796e-06
5.926963481740870066e+01 1.901772293080612253e-06
5.930965482741370209e+01 1.897935399181187388e-06
5.934967483741871064e+01 1.894110431537398611e-06
5.938969484742371208e+01 1.890297339321510534e-06
5.942971485742871351e+01 1.886496071984216603e-06
5.946973486743371495e+01 1.882706579252766735e-06
5.950975487743871639e+01 1.878928811129103417e-06
5.954977488744371783e+01 1.875162717888003745e-06
5.958979489744871927e+01 1.871408250075257029e-06
5.962981490745372781e+01 1.867665358505832026e-06
5.966983491745872925e+01 1.863933994262084830e-06
5.970985492746373069e+01 1.860214108691955540e-06
5.974987493746873213e+01 1.856505653407198807e-06
5.978989494747373357e+01 1.852808580281623913e-06
5.982991495747873500e+01 1.849122841449335480e-06
5.986993496748374355e+01 1.845448389303011879e-06
5.990995497748874499e+01 1.841785176492178554e-06
5.994997498749374643e+01 1.838133155921498703e-06
5.998999499749874786e+01 1.834492280749086845e-06
6.003001500750374930e+01 1.830862504384822158e-06
6.007003501750875074e+01 1.827243780488688297e-06
6.011005502751375218e+01 1.823636062969112999e-06
6.015007503751876072e+01 1.820039305981334154e-06
6.019009504752376216e+01 1.816453463925771812e-06
6.023011505752876360e+01 1.812878491446406530e-06
6.027013506753376504e+01 1.809314343429188654e-06
6.031015507753876648e+01 1.805760975000436785e-06
6.035017508754376792e+01 1.802218341525272465e-06
6.039019509754876935e+01 1.798686398606049987e-06
6.043021510755377790e+01 1.795165102080802940e-06
6.047023511755877934e+01 1.791654408021708536e-06
6.051025512756378077e+01 1.788154272733555539e-06
6.055027513756878221e+01 1.784664652752231678e-06
6.059029514757378365e+01 1.781185504843214867e-06
6.063031515757878509e+01 1.777716786000085604e-06
6.067033516758379363e+01 1.774258453443043184e-06
6.071035517758879507e+01 1.770810464617437363e-06
6.075037518759379651e+01 1.767372777192305746e-06
6.079039519759879795e+01 1.763945349058937008e-06
6.083041520760379939e+01 1.760528138329423314e-06
6.087043521760880083e+01 1.757121103335244078e-06
6.091045522761380226e+01 1.753724202625847822e-06
6.095047523761881081e+01 1.750337394967250969e-06
6.099049524762381225e+01 1.746960639340649132e-06
6.103051525762881369e+01 1.743593894941030101e-06
6.107053526763381512e+01 1.740237121175803974e-06
6.111055527763881656e+01 1.736890277663448333e-06
6.115057528764381800e+01 1.733553324232150869e-06
6.119059529764881944e+01 1.730226220918477214e-06
6.123061530765382798e+01 1.726908927966034745e-06
6.127063531765882942e+01 1.723601405824157992e-06
6.131065532766383086e+01 1.720303615146602295e-06
6.135067533766883230e+01 1.717015516790232604e-06
6.139069534767383374e+01 1.713737071813748266e-06
6.143071535767883518e+01 1.710468241476393420e-06
6.147073536768384372e+01 1.707208987236693434e-06
6.151075537768884516e+01 1.703959270751191135e-06
6.155077538769384660e+01 1.700719053873195735e-06
6.159079539769884803e+01 1.697488298651544475e-06
6.163081540770384947e+01 1.694266967329367861e-06
6.167083541770885091e+01 1.691055022342868876e-06
6.171085542771385235e+01 1.687852426320104314e-06
6.175087543771886089e+01 1.684659142079788766e-06
6.179089544772386233e+01 1.681475132630095014e-06
6.183091545772886377e+01 1.678300361167461192e-06
6.187093546773386521e+01 1.675134791075426333e-06
6.191095547773886665e+01 1.671978385923450233e-06
6.195097548774386809e+01 1.668831109465758954e-06
6.199099549774886952e+01 1.665692925640189888e-06
6.203101550775387807e+01 1.662563798567053558e-06
6.207103551775887951e+01 1.659443692547993723e-06
6.211105552776388095e+01 1.656332572064865064e-06
6.215107553776888238e+01 1.653230401778614033e-06
6.219109554777388382e+01 1.650137146528169672e-06
6.223111555777888526e+01 1.647052771329342465e-06
6.227113556778388670e+01 1.643977241373729126e-06
6.231115557778889524e+01 1.640910522027634538e-06
6.235117558779389668e+01 1.637852578830985008e-06
6.239119559779889812e+01 1.634803377496265032e-06
6.243121560780389956e+01 1.631762883907457231e-06
6.247123561780890100e+01 1.628731064118979749e-06
6.251125562781390244e+01 1.625707884354655200e-06
6.255127563781891098e+01 1.622693311006658447e-06
6.259129564782391242e+01 1.619687310634493378e-06
6.263131565782891386e+01 1.616689849963972027e-06
6.267133566783391529e+01 1.613700895886190508e-06
6.271135567783891673e+01 1.610720415456527819e-06
6.275137568784391817e+01 1.607748375893641480e-06
6.279139569784891961e+01 1.604784744578477979e-06
6.283141570785392815e+01 1.601829489053280904e-06
6.287143571785892959e+01 1.598882577020616423e-06
6.291145572786393103e+01 1.595943976342398358e-06
6.295147573786893247e+01 1.593013655038924465e-06
6.299149574787393391e+01 1.590091581287917177e-06
6.303151575787893535e+01 1.587177723423573226e-06
6.307153576788393678e+01 1.584272049935618994e-06
6.311155577788894533e+01 1.581374529468370941e-06
6.315157578789394677e+01 1.578485130819810008e-06
6.319159579789894821e+01 1.575603822940653270e-06
6.323161580790394964e+01 1.572730574933434059e-06
6.327163581790895108e+01 1.569865356051597121e-06
6.331165582791395252e+01 1.567008135698590170e-06
6.335167583791896107e+01 1.564158883426967097e-06
6.339169584792396250e+01 1.561317568937495616e-06
6.343171585792896394e+01 1.558484162078271482e-06
6.347173586793396538e+01 1.555658632843843718e-06
6.351175587793896682e+01 1.552840951374333912e-06
6.355177588794396826e+01 1.550031087954577957e-06
6.359179589794896970e+01 1.547229013013260180e-06
6.363181590795397824e+01 1.544434697122061853e-06
6.367183591795897968e+01 1.541648110994813955e-06
6.371185592796398112e+01 1.538869225486648654e-06
6.375187593796898256e+01 1.536098011593171120e-06
6.379189594797398399e+01 1.533334440449623715e-06
6.383191595797898543e+01 1.530578483330063528e-06
6.387193596798398687e+01 1.527830111646542865e-06
6.391195597798899541e+01 1.525089296948296948e-06
6.395197598799399685e+01 1.522356010920937326e-06
6.399199599799899829e+01 1.519630225385647409e-06
6.403201600800400684e+01 1.516911912298387098e-06
6.407203601800900117e+01 1.514201043749108439e-06
6.411205602801400971e+01 1.511497591960960042e-06
6.415207603801900405e+01 1.508801529289516284e-06
6.419209604802401259e+01 1.506112828221998673e-06
6.423211605802900692e+01 1.503431461376510131e-06
6.427213606803401547e+01 1.500757401501267582e-06
6.431215607803902401e+01 1.498090621473850208e-06
6.435217608804401834e+01 1.495431094300442205e-06
6.439219609804902689e+01 1.492778793115084004e-06
6.443221610805402122e+01 1.490133691178933022e-06
6.447223611805902976e+01 1.487495761879526323e-06
6.451225612806402410e+01 1.484864978730047508e-06
6.455227613806903264e+01 1.482241315368598268e-06
6.459229614807404118e+01 1.479624745557479040e-06
6.463231615807903552e+01 1.477015243182471149e-06
6.467233616808404406e+01 1.474412782252123180e-06
6.471235617808903839e+01 1.471817336897044556e-06
6.475237618809404694e+01 1.469228881369201226e-06
6.479239619809904127e+01 1.466647390041224911e-06
6.483241620810404982e+01 1.464072837405709857e-06
6.487243621810905836e+01 1.461505198074533513e-06
6.491245622811405269e+01 1.458944446778168528e-06
6.495247623811906124e+01 1.456390558365003642e-06
6.499249624812405557e+01 1.453843507800675380e-06
6.503251625812906411e+01 1.451303270167388516e-06
6.507253626813405845e+01 1.448769820663261530e-06
6.511255627813906699e+01 1.446243134601657242e-06
6.515257628814407553e+01 1.443723187410533980e-06
6.519259629814906987e+01 1.441209954631788499e-06
6.523261630815407841e+01 1.438703411920612659e-06
6.527263631815907274e+01 1.436203535044848828e-06
6.531265632816408129e+01 1.433710299884350378e-06
6.535267633816907562e+01 1.431223682430351913e-06
6.539269634817408416e+01 1.428743658784831667e-06
6.543271635817909271e+01 1.426270205159893802e-06
6.547273636818408704e+01 1.423803297877144995e-06
6.551275637818909559e+01 1.421342913367071865e-06
6.555277638819408992e+01 1.418889028168435562e-06
6.559279639819909846e+01 1.416441618927654909e-06
6.563281640820410701e+01 1.414000662398208825e-06
6.567283641820910134e+01 1.411566135440032599e-06
6.571285642821410988e+01 1.409138015018918193e-06
6.575287643821910422e+01 1.406716278205925340e-06
6.579289644822411276e+01 1.404300902176789260e-06
6.583291645822910709e+01 1.401891864211340227e-06
6.587293646823411564e+01 1.399489141692914457e-06
6.591295647823912418e+01 1.397092712107787870e-06
6.595297648824411851e+01 1.394702553044592485e-06
6.599299649824912706e+01 1.392318642193753347e-06
6.603301650825412139e+01 1.389940957346915944e-06
6.607303651825912993e+01 1.387569476396393719e-06
6.611305652826412427e+01 1.385204177334601626e-06
6.615307653826913281e+01 1.382845038253501104e-06
6.619309654827414136e+01 1.380492037344056286e-06
6.623311655827913569e+01 1.378145152895680887e-06
6.627313656828414423e+01 1.375804363295692077e-06
6.631315657828913857e+01 1.373469647028779181e-06
6.635317658829414711e+01 1.371140982676454167e-06
6.639319659829914144e+01 1.368818348916533682e-06
6.643321660830414999e+01 1.366501724522592932e-06
6.647323661830915853e+01 1.364191088363453014e-06
6.651325662831415286e+01 1.361886419402651095e-06
6.655327663831916141e+01 1.359587696697921393e-06
6.659329664832415574e+01 1.357294899400682513e-06
6.663331665832916428e+01 1.355008006755518847e-06
6.667333666833415862e+01 1.352726998099679346e-06
6.671335667833916716e+01 1.350451852862561252e-06
6.675337668834417570e+01 1.348182550565217547e-06
6.679339669834917004e+01 1.345919070819854240e-06
6.683341670835417858e+01 1.343661393329326172e-06
6.687343671835917291e+01 1.341409497886655687e-06
6.691345672836418146e+01 1.339163364374536273e-06
6.695347673836917579e+01 1.336922972764847211e-06
6.699349674837418434e+01 1.334688303118169283e-06
6.703351675837919288e+01 1.332459335583305776e-06
6.707353676838418721e+01 1.330236050396805393e-06
6.711355677838919576e+01 1.328018427882483037e-06
6.715357678839419009e+01 1.325806448450957976e-06
6.719359679839919863e+01 1.323600092599174202e-06
6.723361680840420718e+01 1.321399340909945157e-06
6.727363681840920151e+01 1.319204174051485952e-06
6.731365682841421005e+01 1.317014572776955556e-06
6.735367683841920439e+01 1.314830517924001506e-06
6.739369684842421293e+01 1.312651990414302936e-06
6.743371685842920726e+01 1.310478971253125254e-06
6.747373686843421581e+01 1.308311441528865488e-06
6.751375687843922435e+01 1.306149382412616921e-06
6.755377688844421868e+01 1.303992775157718038e-06
6.759379689844922723e+01 1.301841601099318001e-06
6.763381690845422156e+01 1.299695841653939795e-06
6.767383691845923011e+01 1.297555478319044635e-06
6.771385692846422444e+01 1.295420492672605914e-06
6.775387693846923298e+01 1.293290866372671918e-06
6.779389694847424153e+01 1.291166581156950360e-06
6.783391695847923586e+01 1.289047618842381261e-06
6.787393696848424440e+01 1.286933961324713011e-06
6.791395697848923874e+01 1.284825590578093887e-06
6.795397698849424728e+01 1.282722488654648114e-06
6.799399699849924161e+01 1.280624637684068653e-06
6.803401700850425016e+01 1.278532019873205967e-06
6.807403701850925870e+01 1.276444617505662079e-06
6.811405702851425303e+01 1.274362412941385481e-06
6.815407703851926158e+01 1.272285388616266886e-06
6.819409704852425591e+01 1.270213527041744509e-06
6.823411705852926445e+01 1.268146810804400885e-06
6.827413706853425879e+01 1.266085222565576402e-06
6.831415707853926733e+01 1.264028745060967602e-06
6.835417708854427588e+01 1.261977361100246651e-06
6.839419709854927021e+01 1.259931053566668100e-06
6.843421710855427875e+01 1.257889805416684548e-06
6.847423711855927309e+01 1.255853599679569072e-06
6.851425712856428163e+01 1.253822419457027930e-06
6.855427713856927596e+01 1.251796247922832090e-06
6.859429714857428451e+01 1.249775068322428876e-06
6.863431715857929305e+01 1.247758863972585149e-06
6.867433716858428738e+01 1.245747618261002333e-06
6.871435717858929593e+01 1.243741314645954731e-06
6.875437718859429026e+01 1.241739936655923183e-06
6.879439719859929880e+01 1.239743467889229997e-06
6.883441720860429314e+01 1.237751892013677898e-06
6.887443721860930168e+01 1.235765192766190042e-06
6.891445722861431022e+01 1.233783353952451506e-06
6.895447723861930456e+01 1.231806359446559467e-06
6.899449724862431310e+01 1.229834193190661940e-06
6.903451725862930743e+01 1.227866839194615790e-06
6.907453726863431598e+01 1.225904281535630764e-06
6.911455727863932452e+01 1.223946504357928564e-06
6.915457728864431886e+01 1.221993491872395982e-06
6.919459729864932740e+01 1.220045228356241223e-06
6.923461730865432173e+01 1.218101698152659743e-06
6.927463731865933028e+01 1.216162885670486971e-06
6.931465732866432461e+01 1.214228775383870082e-06
6.935467733866933315e+01 1.212299351831930454e-06
6.939469734867434170e+01 1.210374599618433748e-06
6.943471735867933603e+01 1.208454503411457875e-06
6.947473736868434457e+01 1.206539047943064554e-06
6.951475737868933891e+01 1.204628218008977440e-06
6.955477738869434745e+01 1.202721998468252420e-06
6.959479739869934178e+01 1.200820374242961033e-06
6.963481740870435033e+01 1.198923330317866267e-06
6.967483741870935887e+01 1.197030851740107885e-06
6.971485742871435320e+01 1.195142923618881826e-06
6.975487743871936175e+01 1.193259531125129767e-06
6.979489744872435608e+01 1.191380659491226990e-06
6.983491745872936463e+01 1.189506294010665593e-06
6.987493746873435896e+01 1.187636420037755272e-06
6.991495747873936750e+01 1.185771022987308020e-06
6.995497748874437605e+01 1.183910088334336576e-06
6.999499749874937038e+01 1.182053601613754157e-06
7.003501750875437892e+01 1.180201548420066559e-06
7.007503751875937326e+01 1.178353914407078023e-06
7.011505752876438180e+01 1.176510685287591391e-06
7.015507753876937613e+01 1.174671846833110792e-06
7.019509754877438468e+01 1.172837384873549418e-06
7.023511755877939322e+01 1.171007285296936664e-06
7.027513756878438755e+01 1.169181534049128438e-06
7.031515757878939610e+01 1.167360117133511126e-06
7.035517758879439043e+01 1.165543020610727156e-06
7.039519759879939897e+01 1.163730230598374719e-06
7.043521760880439331e+01 1.161921733270737569e-06
7.047523761880940185e+01 1.160117514858490256e-06
7.051525762881441040e+01 1.158317561648426649e-06
7.055527763881940473e+01 1.156521859983178726e-06
7.059529764882441327e+01 1.154730396260934083e-06
7.063531765882940761e+01 1.152943156935170603e-06
7.067533766883441615e+01 1.151160128514367832e-06
7.071535767883942469e+01 1.149381297561750959e-06
7.075537768884441903e+01 1.147606650695007912e-06
7.079539769884942757e+01 1.145836174586024231e-06
7.083541770885442190e+01 1.144069855960615622e-06
7.087543771885943045e+01 1.142307681598262198e-06
7.091545772886442478e+01 1.140549638331842723e-06
7.095547773886943332e+01 1.138795713047370125e-06
7.099549774887444187e+01 1.137045892683734215e-06
7.103551775887943620e+01 1.135300164232439732e-06
7.107553776888444474e+01 1.133558514737345678e-06
7.111555777888943908e+01 1.131820931294411416e-06
7.115557778889444762e+01 1.130087401051439171e-06
7.119559779889944195e+01 1.128357911207823100e-06
7.123561780890445050e+01 1.126632449014291789e-06
7.127563781890945904e+01 1.124911001772663042e-06
7.131565782891445338e+01 1.123193556835589767e-06
7.135567783891946192e+01 1.121480101606311799e-06
7.139569784892445625e+01 1.119770623538415551e-06
7.143571785892946480e+01 1.118065110135579907e-06
7.147573786893445913e+01 1.116363548951338416e-06
7.151575787893946767e+01 1.114665927588834075e-06
7.155577788894447622e+01 1.112972233700580679e-06
7.159579789894947055e+01 1.111282454988220572e-06
7.163581790895447909e+01 1.109596579202286835e-06
7.167583791895947343e+01 1.107914594141969513e-06
7.171585792896448197e+01 1.106236487654875053e-06
7.175587793896947630e+01 1.104562247636796124e-06
7.179589794897448485e+01 1.102891862031475509e-06
7.183591795897949339e+01 1.101225318830378881e-06
7.187593796898448772e+01 1.099562606072460609e-06
7.191595797898949627e+01 1.097903711843935896e-06
7.195597798899449060e+01 1.096248624278055053e-06
7.199599799899949915e+01 1.094597331554874794e-06
7.203601800900449348e+01 1.092949821901035257e-06
7.207603801900950202e+01 1.091306083589532789e-06
7.211605802901451057e+01 1.089666104939502255e-06
7.215607803901950490e+01 1.088029874315994696e-06
7.219609804902451344e+01 1.086397380129752225e-06
7.223611805902950778e+01 1.084768610837000086e-06
7.227613806903451632e+01 1.083143554939214138e-06
7.231615807903951065e+01 1.081522200982921383e-06
7.235617808904451920e+01 1.079904537559470207e-06
7.239619809904952774e+01 1.078290553304826244e-06
7.243621810905452207e+01 1.076680236899357652e-06
7.247623811905953062e+01 1.075073577067620820e-06
7.251625812906452495e+01 1.073470562578153472e-06
7.255627813906953349e+01 1.071871182243262491e-06
7.259629814907454204e+01 1.070275424918821262e-06
7.263631815907953637e+01 1.068683279504058131e-06
7.267633816908454492e+01 1.067094734941351206e-06
7.271635817908953925e+01 1.065509780216026978e-06
7.275637818909454779e+01 1.063928404356156608e-06
7.279639819909954213e+01 1.062350596432351793e-06
7.283641820910455067e+01 1.060776345557563596e-06
7.287643821910955921e+01 1.059205640886886145e-06
7.291645822911455355e+01 1.057638471617355251e-06
7.295647823911956209e+01 1.056074826987751050e-06
7.299649824912455642e+01 1.054514696278403609e-06
7.303651825912956497e+01 1.052958068810992178e-06
7.307653826913455930e+01 1.051404933948359269e-06
7.311655827913956784e+01 1.049855281094308423e-06
7.315657828914457639e+01 1.048309099693419137e-06
7.319659829914957072e+01 1.046766379230854372e-06
7.323661830915457926e+01 1.045227109232164893e-06
7.327663831915957360e+01 1.043691279263110329e-06
7.331665832916458214e+01 1.042158878929459486e-06
7.335667833916957647e+01 1.040629897876815862e-06
7.339669834917458502e+01 1.039104325790423247e-06
7.343671835917959356e+01 1.037582152394979591e-06
7.347673836918458790e+01 1.036063367454464423e-06
7.351675837918959644e+01 1.034547960771942121e-06
7.355677838919459077e+01 1.033035922189390183e-06
7.359679839919959932e+01 1.031527241587513934e-06
7.363681840920459365e+01 1.030021908885567805e-06
7.367683841920960219e+01 1.028519914041176184e-06
7.371685842921461074e+01 1.027021247050157021e-06
7.375687843921960507e+01 1.025525897946344375e-06
7.379689844922461361e+01 1.024033856801407997e-06
7.383691845922960795e+01 1.022545113724689429e-06
7.387693846923461649e+01 1.021059658863015442e-06
7.391695847923961082e+01 1.019577482400533505e-06
7.395697848924461937e+01 1.018098574558535173e-06
7.399699849924962791e+01 1.016622925595289650e-06
7.403701850925462224e+01 1.015150525805869296e-06
7.407703851925963079e+01 1.013681365521982343e-06
7.411705852926462512e+01 1.012215435111803695e-06
7.415707853926963367e+01 1.010752724979807641e-06
7.419709854927464221e+01 1.009293225566602049e-06
7.423711855927963654e+01 1.007836927348764043e-06
7.427713856928464509e+01 1.006383820838670591e-06
7.431715857928963942e+01 1.004933896584341598e-06
7.435717858929464796e+01 1.003487145169269861e-06
7.439719859929964230e+01 1.002043557212264369e-06
7.443721860930465084e+01 1.000603123367285767e-06
7.447723861930965938e+01 9.991658343232877483e-07
7.451725862931465372e+01 9.977316808040605645e-07
7.455727863931966226e+01 9.963006535680626799e-07
7.459729864932465659e+01 9.948727434082755038e-07
7.463731865932966514e+01 9.934479411520375840e-07
7.467733866933465947e+01 9.920262376608934119e-07
7.471735867933966802e+01 9.906076238304341796e-07
7.475737868934467656e+01 9.891920905901476439e-07
7.479739869934967089e+01 9.877796289032635425e-07
7.483741870935467944e+01 9.863702297665960460e-07
7.487743871935967377e+01 9.849638842103995504e-07
7.491745872936468231e+01 9.835605832982123996e-07
7.495747873936967665e+01 9.821603181267078077e-07
7.499749874937468519e+01 9.807630798255462635e-07
7.503751875937969373e+01 9.793688595572232758e-07
7.507753876938468807e+01 9.779776485169245318e-07
7.511755877938969661e+01 9.765894379323785124e-07
7.515757878939469094e+01 9.752042190637086854e-07
7.519759879939969949e+01 9.738219832032871805e-07
7.523761880940469382e+01 9.724427216755952406e-07
7.527763881940970236e+01 9.710664258370724499e-07
7.531765882941471091e+01 9.696930870759778207e-07
7.535767883941970524e+01 9.683226968122479151e-07
7.539769884942471379e+01 9.669552464973496731e-07
7.543771885942970812e+01 9.655907276141461579e-07
7.547773886943471666e+01 9.642291316767519253e-07
7.551775887943971100e+01 9.628704502303972861e-07
7.555777888944471954e+01 9.615146748512843110e-07
7.559779889944972808e+01 9.601617971464532110e-07
7.563781890945472242e+01 9.588118087536440590e-07
7.567783891945973096e+01 9.574647013411587240e-07
7.571785892946472529e+01 9.561204666077274628e-07
7.575787893946973384e+01 9.547790962823712776e-07
7.579789894947472817e+01 9.534405821242697786e-07
7.583791895947973671e+01 9.521049159226250236e-07
7.587793896948474526e+01 9.507720894965311807e-07
7.591795897948973959e+01 9.494420946948411207e-07
7.595797898949474813e+01 9.481149233960329034e-07
7.599799899949974247e+01 9.467905675080824052e-07
7.603801900950475101e+01 9.454690189683292761e-07
7.607803901950975956e+01 9.441502697433515786e-07
7.611805902951475389e+01 9.428343118288328037e-07
7.615807903951976243e+01 9.415211372494365103e-07
7.619809904952475677e+01 9.402107380586768343e-07
7.623811905952976531e+01 9.389031063387928111e-07
7.627813906953475964e+01 9.375982342006232254e-07
7.631815907953976819e+01 9.362961137834763808e-07
7.635817908954477673e+01 9.349967372550118321e-07
7.639819909954977106e+01 9.337000968111113194e-07
7.643821910955477961e+01 9.324061846757560533e-07
7.647823911955977394e+01 9.311149931009053784e-07
7.651825912956478248e+01 9.298265143663709881e-07
7.655827913956977682e+01 9.285407407797008816e-07
7.659829914957478536e+01 9.272576646760513557e-07
7.663831915957979390e+01 9.259772784180722321e-07
7.667833916958478824e+01 9.246995743957850963e-07
7.671835917958979678e+01 9.234245450264610074e-07
7.675837918959479111e+01 9.221521827545078421e-07
7.679839919959979966e+01 9.208824800513471582e-07
7.683841920960479399e+01 9.196154294152996327e-07
7.687843921960980254e+01 9.183510233714665833e-07
7.691845922961481108e+01 9.170892544716147719e-07
7.695847923961980541e+01 9.158301152940617377e-07
7.699849924962481396e+01 9.145735984435577416e-07
7.703851925962980829e+01 9.133196965511742757e-07
7.707853926963481683e+01 9.120684022741885494e-07
7.711855927963981117e+01 9.108197082959726335e-07
7.715857928964481971e+01 9.095736073258762525e-07
7.719859929964982825e+01 9.083300920991192108e-07
7.723861930965482259e+01 9.070891553766785264e-07
7.727863931965983113e+01 9.058507899451748218e-07
7.731865932966482546e+01 9.046149886167668689e-07
7.735867933966983401e+01 9.033817442290367099e-07
7.739869934967482834e+01 9.021510496448840960e-07
7.743871935967983688e+01 9.009228977524148906e-07
7.747873936968484543e+01 8.996972814648366728e-07
7.751875937968983976e+01 8.984741937203468229e-07
7.755877938969484831e+01 8.972536274820282314e-07
7.759879939969984264e+01 8.960355757377417262e-07
7.763881940970485118e+01 8.948200315000198755e-07
7.767883941970985973e+01 8.936069878059629088e-07
7.771885942971485406e+01 8.923964377171322023e-07
7.775887943971986260e+01 8.911883743194465177e-07
7.779889944972485694e+01 8.899827907230781344e-07
7.783891945972986548e+01 8.887796800623494060e-07
7.787893946973485981e+01 8.875790354956303749e-07
7.791895947973986836e+01 8.863808502052354344e-07
7.795897948974487690e+01 8.851851173973226374e-07
7.799899949974987123e+01 8.839918303017922648e-07
7.803901950975487978e+01 8.828009821721844398e-07
7.807903951975987411e+01 8.816125662855818252e-07
7.811905952976488265e+01 8.804265759425068150e-07
7.815907953976987699e+01 8.792430044668244428e-07
7.819909954977488553e+01 8.780618452056413734e-07
7.823911955977989408e+01 8.768830915292109293e-07
7.827913956978488841e+01 8.757067368308323995e-07
7.831915957978989695e+01 8.745327745267549014e-07
7.835917958979489129e+01 8.733611980560795481e-07
7.839919959979989983e+01 8.721920008806652167e-07
7.843921960980489416e+01 8.710251764850309270e-07
7.847923961980990271e+01 8.698607183762601273e-07
7.851925962981491125e+01 8.686986200839077324e-07
7.855927963981990558e+01 8.675388751599039851e-07
7.859929964982491413e+01 8.663814771784613889e-07
7.863931965982990846e+01 8.652264197359806869e-07
7.867933966983491700e+01 8.640736964509568416e-07
7.871935967983991134e+01 8.629233009638903077e-07
7.875937968984491988e+01 8.617752269371898355e-07
7.879939969984992842e+01 8.606294680550841675e-07
7.883941970985492276e+01 8.594860180235298176e-07
7.887943971985993130e+01 8.583448705701202272e-07
7.891945972986492563e+01 8.572060194439948145e-07
7.895947973986993418e+01 8.560694584157518364e-07
7.899949974987492851e+01 8.549351812773547912e-07
7.903951975987993706e+01 8.538031818420467625e-07
7.907953976988494560e+01 8.526734539442606335e-07
7.911955977988993993e+01 8.515459914395317369e-07
7.915957978989494848e+01 8.504207882044072224e-07
7.919959979989994281e+01 8.492978381363644238e-07
7.923961980990495135e+01 8.481771351537173675e-07
7.927963981990994569e+01 8.470586731955356698e-07
7.931965982991495423e+01 8.459424462215561271e-07
7.935967983991996277e+01 8.448284482120982248e-07
7.939969984992495711e+01 8.437166731679776338e-07
7.943971985992996565e+01 8.426071151104220368e-07
7.947973986993495998e+01 8.414997680809879072e-07
7.951975987993996853e+01 8.403946261414744295e-07
7.955977988994497707e+01 8.392916833738431368e-07
7.959979989994997140e+01 8.381909338801323608e-07
7.963981990995497995e+01 8.370923717823731634e-07
7.967983991995997428e+01 8.359959912225133161e-07
7.971985992996498283e+01 8.349017863623262430e-07
7.975987993996997716e+01 8.338097513833389182e-07
7.979989994997498570e+01 8.327198804867430324e-07
7.983991995997999425e+01 8.316321678933192897e-07
7.987993996998498858e+01 8.305466078433565160e-07
7.991995997998999712e+01 8.294631945965680143e-07
7.995997998999499146e+01 8.283819224320162846e-07
8.000000000000000000e+01 8.273027856480322385e-07
