0.000000000000000000e+00 1.233494153254607916e-04
4.002001000500250011e-02 1.239514103554775640e-04
8.004002001000500022e-02 1.245581209490644666e-04
1.200600300150075073e-01 1.251695989662195661e-04
1.600800400200100004e-01 1.257858970077352096e-04
2.001000500250124936e-01 1.264070684282622811e-04
2.401200600300150145e-01 1.270331673496500355e-04
2.801400700350175077e-01 1.276642486745673368e-04
3.201600800400200009e-01 1.283003681004118068e-04
3.601800900450224940e-01 1.289415821335146623e-04
4.002001000500249872e-01 1.295879481036474757e-04
4.402201100550274804e-01 1.302395241788405623e-04
4.802401200600300291e-01 1.308963693805174401e-04
5.202601300650324667e-01 1.315585435989562028e-04
5.602801400700350154e-01 1.322261076090846383e-04
6.003001500750374531e-01 1.328991230866170868e-04
6.403201600800400017e-01 1.335776526245430152e-04
6.803401700850425504e-01 1.342617597499745424e-04
7.203601800900449881e-01 1.349515089413638952e-04
7.603801900950475368e-01 1.356469656460976790e-04
8.004002001000499744e-01 1.363481962984808640e-04
8.404202101050525231e-01 1.370552683381169937e-04
8.804402201100549608e-01 1.377682502286977338e-04
9.204602301150575094e-01 1.384872114772104084e-04
9.604802401200600581e-01 1.392122226535750693e-04
1.000500250125062607e+00 1.399433554107228908e-04
1.040520260130064933e+00 1.406806825051250493e-04
1.080540270135067482e+00 1.414242778177878380e-04
1.120560280140070031e+00 1.421742163757220114e-04
1.160580290145072579e+00 1.429305743739019716e-04
1.200600300150074906e+00 1.436934291977256671e-04
1.240620310155077455e+00 1.444628594459904092e-04
1.280640320160080003e+00 1.452389449543966399e-04
1.320660330165082552e+00 1.460217668195945605e-04
1.360680340170085101e+00 1.468114074237887178e-04
1.400700350175087427e+00 1.476079504599138014e-04
1.440720360180089976e+00 1.484114809573996790e-04
1.480740370185092525e+00 1.492220853085390571e-04
1.520760380190095074e+00 1.500398512954760112e-04
1.560780390195097400e+00 1.508648681178314838e-04
1.600800400200099949e+00 1.516972264209835058e-04
1.640820410205102498e+00 1.525370183250199750e-04
1.680840420210105046e+00 1.533843374543830749e-04
1.720860430215107595e+00 1.542392789682234385e-04
1.760880440220109922e+00 1.551019395914856073e-04
1.800900450225112470e+00 1.559724176467434053e-04
1.840920460230115019e+00 1.568508130868068585e-04
1.880940470235117568e+00 1.577372275281233201e-04
1.920960480240120116e+00 1.586317642849940500e-04
1.960980490245122443e+00 1.595345284046299685e-04
2.001000500250125214e+00 1.604456267030701351e-04
2.041020510255127540e+00 1.613651678019883528e-04
2.081040520260129867e+00 1.622932621664123444e-04
2.121060530265132638e+00 1.632300221433832582e-04
2.161080540270134964e+00 1.641755620015804382e-04
2.201100550275137291e+00 1.651299979719428746e-04
2.241120560280140062e+00 1.660934482893121626e-04
2.281140570285142388e+00 1.670660332351314194e-04
2.321160580290145159e+00 1.680478751812272112e-04
2.361180590295147486e+00 1.690390986347093739e-04
2.401200600300149812e+00 1.700398302840197898e-04
2.441220610305152583e+00 1.710501990461661432e-04
2.481240620310154910e+00 1.720703361151741293e-04
2.521260630315157680e+00 1.731003750117965519e-04
2.561280640320160007e+00 1.741404516345160095e-04
2.601300650325162334e+00 1.751907043118801203e-04
2.641320660330165104e+00 1.762512738562108377e-04
2.681340670335167431e+00 1.773223036187287311e-04
2.721360680340170202e+00 1.784039395461360341e-04
2.761380690345172528e+00 1.794963302387037507e-04
2.801400700350174855e+00 1.805996270099077632e-04
2.841420710355177626e+00 1.817139839476632961e-04
2.881440720360179952e+00 1.828395579772081547e-04
2.921460730365182723e+00 1.839765089256835797e-04
2.961480740370185050e+00 1.851249995884686364e-04
3.001500750375187376e+00 1.862851957973230802e-04
3.041520760380190147e+00 1.874572664903941823e-04
3.081540770385192474e+00 1.886413837841488007e-04
3.121560780390194800e+00 1.898377230472912485e-04
3.161580790395197571e+00 1.910464629767308191e-04
3.201600800400199898e+00 1.922677856756648885e-04
3.241620810405202668e+00 1.935018767338461969e-04
3.281640820410204995e+00 1.947489253101055686e-04
3.321660830415207322e+00 1.960091242172026858e-04
3.361680840420210092e+00 1.972826700090831397e-04
3.401700850425212419e+00 1.985697630706182240e-04
3.441720860430215190e+00 1.998706077099127426e-04
3.481740870435217516e+00 2.011854122532634741e-04
3.521760880440219843e+00 2.025143891428586357e-04
3.561780890445222614e+00 2.038577550373090114e-04
3.601800900450224940e+00 2.052157309151068606e-04
3.641820910455227711e+00 2.065885421811114843e-04
3.681840920460230038e+00 2.079764187761637731e-04
3.721860930465232364e+00 2.093795952899379378e-04
3.761880940470235135e+00 2.107983110771395217e-04
3.801900950475237462e+00 2.122328103771665183e-04
3.841920960480240232e+00 2.136833424373535861e-04
3.881940970485242559e+00 2.151501616399223112e-04
3.921960980490244886e+00 2.166335276327689761e-04
3.961980990495247656e+00 2.181337054642234900e-04
4.002001000500250427e+00 2.196509657219196138e-04
4.042021010505252754e+00 2.211855846759228203e-04
4.082041020510255080e+00 2.227378444262666549e-04
4.122061030515257407e+00 2.243080330550557030e-04
4.162081040520259734e+00 2.258964447832997435e-04
4.202101050525262949e+00 2.275033801326491472e-04
4.242121060530265275e+00 2.291291460922105212e-04
4.282141070535267602e+00 2.307740562906270497e-04
4.322161080540269928e+00 2.324384311736171955e-04
4.362181090545272255e+00 2.341225981871719890e-04
4.402201100550274582e+00 2.358268919666223228e-04
4.442221110555277797e+00 2.375516545317926057e-04
4.482241120560280123e+00 2.392972354884682126e-04
4.522261130565282450e+00 2.410639922364182655e-04
4.562281140570284776e+00 2.428522901842144653e-04
4.602301150575287103e+00 2.446625029711104360e-04
4.642321160580290318e+00 2.464950126962468357e-04
4.682341170585292645e+00 2.483502101554662094e-04
4.722361180590294971e+00 2.502284950860288312e-04
4.762381190595297298e+00 2.521302764195354137e-04
4.802401200600299624e+00 2.540559725433795893e-04
4.842421210605302839e+00 2.560060115710620626e-04
4.882441220610305166e+00 2.579808316217125134e-04
4.922461230615307493e+00 2.599808811091910217e-04
4.962481240620309819e+00 2.620066190411413846e-04
5.002501250625312146e+00 2.640585153284021958e-04
5.042521260630315361e+00 2.661370511051871428e-04
5.082541270635317687e+00 2.682427190604709673e-04
5.122561280640320014e+00 2.703760237810393270e-04
5.162581290645322341e+00 2.725374821066754326e-04
5.202601300650324667e+00 2.747276234979842001e-04
5.242621310655327882e+00 2.769469904173773710e-04
5.282641320660330209e+00 2.791961387237634350e-04
5.322661330665332535e+00 2.814756380815173630e-04
5.362681340670334862e+00 2.837860723843296600e-04
5.402701350675337189e+00 2.861280401945629241e-04
5.442721360680340403e+00 2.885021551987749437e-04
5.482741370685342730e+00 2.909090466800996755e-04
5.522761380690345057e+00 2.933493600082106743e-04
5.562781390695347383e+00 2.958237571476263509e-04
5.602801400700349710e+00 2.983329171851543254e-04
5.642821410705352925e+00 3.008775368773142114e-04
5.682841420710355251e+00 3.034583312186125352e-04
5.722861430715357578e+00 3.060760340315990600e-04
5.762881440720359905e+00 3.087313985796669613e-04
5.802901450725362231e+00 3.114251982036210444e-04
5.842921460730365446e+00 3.141582269830799925e-04
5.882941470735367773e+00 3.169313004238403239e-04
5.922961480740370099e+00 3.197452561723845431e-04
5.962981490745372426e+00 3.226009547587785288e-04
6.003001500750374753e+00 3.254992803692673890e-04
6.043021510755377079e+00 3.284411416499491572e-04
6.083041520760380294e+00 3.314274725429772650e-04
6.123061530765382621e+00 3.344592331568218158e-04
6.163081540770384947e+00 3.375374106721993218e-04
6.203101550775387274e+00 3.406630202853677333e-04
6.243121560780389601e+00 3.438371061905793279e-04
6.283141570785392815e+00 3.470607426035746080e-04
6.323161580790395142e+00 3.503350348281126288e-04
6.363181590795397469e+00 3.536611203676341144e-04
6.403201600800399795e+00 3.570401700842784588e-04
6.443221610805402122e+00 3.604733894075958932e-04
6.483241620810405337e+00 3.639620195954281542e-04
6.523261630815407663e+00 3.675073390495715571e-04
6.563281640820409990e+00 3.711106646889883280e-04
6.603301650825412317e+00 3.747733533834858967e-04
6.643321660830414643e+00 3.784968034509575961e-04
6.683341670835417858e+00 3.822824562214548303e-04
6.723361680840420185e+00 3.861317976715566893e-04
6.763381690845422511e+00 3.900463601327025889e-04
6.803401700850424838e+00 3.940277240773760472e-04
6.843421710855427165e+00 3.980775199872546338e-04
6.883441720860430380e+00 4.021974303077013348e-04
6.923461730865432706e+00 4.063891914932193949e-04
6.963481740870435033e+00 4.106545961487931880e-04
7.003501750875437359e+00 4.149954952723319151e-04
7.043521760880439686e+00 4.194138006037553736e-04
7.083541770885442901e+00 4.239114870866122152e-04
7.123561780890445227e+00 4.284905954484872961e-04
7.163581790895447554e+00 4.331532349068544169e-04
7.203601800900449881e+00 4.379015860074539682e-04
7.243621810905452207e+00 4.427379036027272153e-04
7.283641820910455422e+00 4.476645199783352530e-04
7.323661830915457749e+00 4.526838481363070106e-04
7.363681840920460075e+00 4.577983852439245264e-04
7.403701850925462402e+00 4.630107162580587507e-04
7.443721860930464729e+00 4.683235177353185742e-04
7.483741870935467944e+00 4.737395618390711290e-04
7.523761880940470270e+00 4.792617205551379946e-04
7.563781890945472597e+00 4.848929701287910533e-04
7.603801900950474923e+00 4.906363957365237607e-04
7.643821910955477250e+00 4.964951964070265025e-04
7.683841920960480465e+00 5.024726902067935298e-04
7.723861930965482792e+00 5.085723197068794553e-04
7.763881940970485118e+00 5.147976577485070251e-04
7.803901950975487445e+00 5.211524135264808399e-04
7.843921960980489771e+00 5.276404390107523488e-04
7.883941970985492098e+00 5.342657357279486383e-04
7.923961980990495313e+00 5.410324619262922401e-04
7.963981990995497640e+00 5.479449401490698928e-04
8.004002001000500854e+00 5.550076652436932963e-04
8.044022011005502293e+00 5.622253128354392669e-04
8.084042021010505508e+00 5.696027482971607794e-04
8.124062031015506946e+00 5.771450362486667653e-04
8.164082041020510161e+00 5.848574506220875378e-04
8.204102051025513376e+00 5.927454853323602287e-04
8.244122061030514814e+00 6.008148655950770311e-04
8.284142071035518029e+00 6.090715599372871665e-04
8.324162081040519467e+00 6.175217929504957367e-04
8.364182091045522682e+00 6.261720588391188336e-04
8.404202101050525897e+00 6.350291358219785093e-04
8.444222111055527336e+00 6.441001014492070973e-04
8.484242121060530550e+00 6.533923489020933414e-04
8.524262131065531989e+00 6.629136043491181676e-04
8.564282141070535204e+00 6.726719454376296715e-04
8.604302151075536642e+00 6.826758210074232794e-04
8.644322161080539857e+00 6.929340721199815124e-04
8.684342171085543072e+00 7.034559545053042972e-04
8.724362181090544510e+00 7.142511625372920591e-04
8.764382191095547725e+00 7.253298548585420617e-04
8.804402201100549163e+00 7.367026817862949500e-04
8.844422211105552378e+00 7.483808146433139482e-04
8.884442221110555593e+00 7.603759771706682579e-04
8.924462231115557032e+00 7.727004791940327326e-04
8.964482241120560246e+00 7.853672527312332164e-04
9.004502251125561685e+00 7.983898907465990279e-04
9.044522261130564900e+00 8.117826887774650096e-04
9.084542271135568114e+00 8.255606896800072540e-04
9.124562281140569553e+00 8.397397317659167871e-04
9.164582291145572768e+00 8.543365006283380747e-04
9.204602301150574206e+00 8.693685849855000650e-04
9.244622311155577421e+00 8.848545369038252409e-04
9.284642321160580636e+00 9.008139367994679510e-04
9.324662331165582074e+00 9.172674636587426237e-04
9.364682341170585289e+00 9.342369709642279292e-04
9.404702351175586728e+00 9.517455688651474139e-04
9.444722361180589942e+00 9.698177131887284396e-04
9.484742371185593157e+00 9.884793019542660684e-04
9.524762381190594596e+00 1.007757780124779413e-03
9.564782391195597810e+00 1.027682253413305345e-03
9.604802401200599249e+00 1.048283612053416526e-03
9.644822411205602464e+00 1.069594665547985964e-03
9.684842421210605679e+00 1.091650289527971041e-03
9.724862431215607117e+00 1.114487585986429895e-03
9.764882441220610332e+00 1.138146058303894951e-03
9.804902451225611770e+00 1.162667802652595254e-03
9.844922461230614985e+00 1.188097717561755178e-03
9.884942471235618200e+00 1.214483733647794567e-03
9.924962481240619638e+00 1.241877065766037753e-03
9.964982491245622853e+00 1.270332490129197963e-03
1.000500250125062429e+01 1.299908649268293869e-03
1.004502251125562751e+01 1.330668388090456818e-03
1.008504252126063072e+01 1.362679124723075287e-03
1.012506253126563216e+01 1.396013260334562920e-03
1.016508254127063537e+01 1.430748632699418814e-03
1.020510255127563681e+01 1.466969018942618132e-03
1.024512256128064003e+01 1.504764693671218137e-03
1.028514257128564324e+01 1.544233049597995306e-03
1.032516258129064468e+01 1.585479288805399182e-03
1.036518259129564790e+01 1.628617194014686000e-03
1.040520260130064933e+01 1.673769990646970136e-03
1.044522261130565255e+01 1.721071312129063930e-03
1.048524262131065576e+01 1.770666282853834489e-03
1.052526263131565720e+01 1.822712735509820787e-03
1.056528264132066042e+01 1.877382582216786640e-03
1.060530265132566186e+01 1.934863362127482072e-03
1.064532266133066507e+01 1.995359991984814538e-03
1.068534267133566829e+01 2.059096750684791949e-03
1.072536268134066972e+01 2.126319534346595395e-03
1.076538269134567294e+01 2.197298424925907701e-03
1.080540270135067438e+01 2.272330623268283695e-03
1.084542271135567759e+01 2.351743806987478033e-03
1.088544272136068081e+01 2.435899985047086051e-03
1.092546273136568225e+01 2.525199934898946560e-03
1.096548274137068546e+01 2.620088325089222920e-03
1.100550275137568690e+01 2.721059647147268997e-03
1.104552276138069011e+01 2.828665106297520437e-03
1.108554277138569333e+01 2.943520652330248229e-03
1.112556278139069477e+01 3.066316371443902032e-03
1.116558279139569798e+01 3.197827509116765981e-03
1.120560280140069942e+01 3.338927455798142499e-03
1.124562281140570263e+01 3.490603104994111170e-03
1.128564282141070585e+01 3.653973091858754140e-03
1.132566283141570729e+01 3.830309545926387921e-03
1.136568284142071050e+01 4.021064152462030389e-03
1.140570285142571194e+01 4.227899524269804026e-03
1.144572286143071516e+01 4.452727154856976274e-03
1.148574287143571837e+01 4.697753575314417458e-03
1.152576288144071981e+01 4.965536799631555843e-03
1.156578289144572302e+01 5.259055755920963304e-03
1.160580290145072446e+01 5.581796219448236472e-03
1.164582291145572768e+01 5.937857865442001427e-03
1.168584292146073089e+01 6.332088556513852835e-03
1.172586293146573233e+01 6.770254031015202414e-03
1.176588294147073555e+01 7.259253997155448723e-03
1.180590295147573698e+01 7.807399604552858752e-03
1.184592296148074020e+01 8.424772867127061637e-03
1.188594297148574341e+01 9.123696610706588314e-03
1.192596298149074485e+01 9.919355073671752218e-03
1.196598299149574807e+01 1.083062218157627293e-02
1.200600300150074951e+01 1.188117952249852921e-02
1.204602301150575272e+01 1.310104354259300670e-02
1.208604302151075416e+01 1.452867842982018959e-02
1.212606303151575737e+01 1.621395876787849050e-02
1.216608304152076059e+01 1.822238247060270488e-02
1.220610305152576203e+01 2.064114915717181475e-02
1.224612306153076524e+01 2.358805917661712867e-02
1.228614307153576668e+01 2.722472719292099580e-02
1.232616308154076989e+01 3.177644587040796137e-02
1.236618309154577311e+01 3.756229271568303080e-02
1.240620310155077455e+01 4.504072780410178084e-02
1.244622311155577776e+01 5.487725276432833116e-02
1.248624312156077920e+01 6.803816044127276863e-02
1.252626313156578242e+01 8.589471272602644536e-02
1.256628314157078563e+01 1.102418030995914733e-01
1.260630315157578707e+01 1.428788835760898546e-01
1.264632316158079028e+01 1.838172514229335086e-01
1.268634317158579172e+01 2.269270113638754971e-01
1.272636318159079494e+01 2.560401696071301081e-01
1.276638319159579815e+01 2.541746761191098769e-01
1.280640320160079959e+01 2.236549321280261182e-01
1.284642321160580281e+01 1.831286930118728173e-01
1.288644322161080424e+01 1.472720632577419198e-01
1.292646323161580746e+01 1.209966969467642234e-01
1.296648324162081067e+01 1.041424604899514744e-01
1.300650325162581211e+01 9.520969284670174893e-02
1.304652326163081533e+01 9.229481567791963936e-02
1.308654327163581677e+01 9.232222720604706112e-02
1.312656328164081998e+01 9.048029622725124732e-02
1.316658329164582319e+01 8.300785984540669238e-02
1.320660330165082463e+01 7.105070343418934398e-02
1.324662331165582785e+01 5.850871186281161179e-02
1.328664332166082929e+01 4.785534687741357235e-02
1.332666333166583250e+01 3.960946011964996960e-02
1.336668334167083572e+01 3.343459269273123258e-02
1.340670335167583715e+01 2.884501155702767772e-02
1.344672336168084037e+01 2.543586576240219194e-02
1.348674337168584181e+01 2.291670745037481874e-02
1.352676338169084502e+01 2.109315541280235712e-02
1.356678339169584824e+01 1.984400894985415692e-02
1.360680340170084968e+01 1.910518906247820475e-02
1.364682341170585289e+01 1.886187063587323187e-02
1.368684342171085433e+01 1.914825966768798904e-02
1.372686343171585754e+01 2.005421852274554342e-02
1.376688344172086076e+01 2.173595097428401152e-02
1.380690345172586220e+01 2.441827968865284068e-02
1.384692346173086541e+01 2.834348823165114273e-02
1.388694347173586685e+01 3.354327598928317361e-02
1.392696348174087007e+01 3.925429539933687068e-02
1.396698349174587328e+01 4.328997785580704361e-02
1.400700350175087472e+01 4.308320101921735840e-02
1.404702351175587793e+01 3.859581541538375377e-02
1.408704352176087937e+01 3.236273655065392135e-02
1.412706353176588259e+01 2.658480250547429549e-02
1.416708354177088580e+01 2.203516083093404188e-02
1.420710355177588724e+01 1.867492855449722974e-02
1.424712356178089045e+01 1.624386056464408729e-02
1.428714357178589189e+01 1.449229175489621067e-02
1.432716358179089511e+01 1.323223241429349190e-02
1.436718359179589832e+01 1.233270003787187603e-02
1.440720360180089976e+01 1.170487781002069357e-02
1.444722361180590298e+01 1.128920183100712640e-02
1.448724362181090441e+01 1.104619377930403205e-02
1.452726363181590763e+01 1.095039880556329150e-02
1.456728364182091084e+01 1.098651651525683719e-02
1.460730365182591228e+01 1.114702054664083036e-02
1.464732366183091550e+01 1.143080291703780886e-02
1.468734367183591694e+01 1.184256528399281472e-02
1.472736368184092015e+01 1.239281313195765219e-02
1.476738369184592337e+01 1.309841015188255124e-02
1.480740370185092480e+01 1.398373826599841503e-02
1.484742371185592802e+01 1.508260203131741792e-02
1.488744372186092946e+01 1.644113408861091682e-02
1.492746373186593267e+01 1.812212616892020997e-02
1.496748374187093589e+01 2.021146463528300172e-02
1.500750375187593733e+01 2.282774597051688906e-02
1.504752376188094054e+01 2.613676613202049054e-02
1.508754377188594198e+01 3.037351491005023385e-02
1.512756378189094519e+01 3.587560032550340949e-02
1.516758379189594841e+01 4.313332744196569923e-02
1.520760380190094985e+01 5.286099293001329802e-02
1.524762381190595306e+01 6.608357163660359690e-02
1.528764382191095450e+01 8.418651029371676531e-02
1.532766383191595772e+01 1.087183757989476363e-01
1.536768384192096093e+01 1.403295713147522383e-01
1.540770385192596237e+01 1.757756405512812536e-01
1.544772386193096558e+01 2.038540115812814135e-01
1.548774387193596702e+01 2.089786605128580999e-01
1.552776388194097024e+01 1.876452969806638171e-01
1.556778389194597167e+01 1.531559760766985079e-01
1.560780390195097489e+01 1.195103825134432030e-01
1.564782391195597810e+01 9.245896098078268399e-02
1.568784392196097954e+01 7.228091523261533091e-02
1.572786393196598276e+01 5.755229162541244947e-02
1.576788394197098420e+01 4.678131219678380998e-02
1.580790395197598741e+01 3.881450783437284668e-02
1.584792396198099063e+01 3.283715387792968815e-02
1.588794397198599206e+01 2.828920426925517900e-02
1.592796398199099528e+01 2.478664429542835890e-02
1.596798399199599672e+01 2.206417851968265828e-02
1.600800400200100171e+01 1.993654537393324197e-02
1.604802401200600315e+01 1.827304365670056815e-02
1.608804402201100459e+01 1.698084099131621366e-02
1.612806403201600602e+01 1.599401592263575284e-02
1.616808404202101102e+01 1.526635943259104997e-02
1.620810405202601245e+01 1.476669025320079438e-02
1.624812406203101389e+01 1.447591362203946158e-02
1.628814407203601888e+01 1.438536541580282338e-02
1.632816408204102032e+01 1.449619942373664254e-02
1.636818409204602176e+01 1.481974176186189388e-02
1.640820410205102675e+01 1.537888874667084002e-02
1.644822411205602819e+01 1.621079535786746836e-02
1.648824412206102963e+01 1.737132710006018127e-02
1.652826413206603107e+01 1.894207518818453312e-02
1.656828414207103606e+01 2.104122146317632600e-02
1.660830415207603750e+01 2.384023207563020288e-02
1.664832416208103893e+01 2.758917764433432146e-02
1.668834417208604393e+01 3.265376530400230376e-02
1.672836418209104536e+01 3.956411780672179634e-02
1.676838419209604680e+01 4.905897841073939697e-02
1.680840420210105179e+01 6.204897169680641950e-02
1.684842421210605323e+01 7.925135863039811657e-02
1.688844422211105467e+01 9.996235786776777599e-02
1.692846423211605611e+01 1.198213936344289798e-01
1.696848424212106110e+01 1.306757309646282839e-01
1.700850425212606254e+01 1.272843430897560857e-01
1.704852426213106398e+01 1.127275447475575565e-01
1.708854427213606897e+01 9.343317474536332046e-02
1.712856428214107041e+01 7.442819761517077692e-02
1.716858429214607185e+01 5.846490321130509704e-02
1.720860430215107328e+01 4.617457749019240887e-02
1.724862431215607828e+01 3.704433736978937630e-02
1.728864432216107971e+01 3.030034945380521982e-02
1.732866433216608115e+01 2.527541039566310113e-02
1.736868434217108614e+01 2.147703026583231214e-02
1.740870435217608758e+01 1.856007756791536178e-02
1.744872436218108902e+01 1.628564087091308871e-02
1.748874437218609401e+01 1.448758418847277685e-02
1.752876438219109545e+01 1.304902282139018370e-02
1.756878439219609689e+01 1.188653927969318333e-02
1.760880440220109833e+01 1.093971953425463238e-02
1.764882441220610332e+01 1.016419615333905013e-02
1.768884442221110476e+01 9.526978795929844784e-03
1.772886443221610620e+01 9.003281766675889572e-03
1.776888444222111119e+01 8.574341522417859920e-03
1.780890445222611262e+01 8.225898056871011957e-03
1.784892446223111406e+01 7.947128988977626707e-03
1.788894447223611905e+01 7.729898453143295260e-03
1.792896448224112049e+01 7.568230194566676582e-03
1.796898449224612193e+01 7.457945406690721576e-03
1.800900450225112337e+01 7.396426943177383632e-03
1.804902451225612836e+01 7.382486501654495457e-03
1.808904452226112980e+01 7.416322805005698751e-03
1.812906453226613124e+01 7.499568564150903803e-03
1.816908454227113623e+01 7.635433636214048955e-03
1.820910455227613767e+01 7.828962837902440214e-03
1.824912456228113911e+01 8.087441212771944929e-03
1.828914457228614410e+01 8.420999812094272230e-03
1.832916458229114554e+01 8.843505227405007788e-03
1.836918459229614697e+01 9.373862518185713255e-03
1.840920460230114841e+01 1.003793388656748151e-02
1.844922461230615340e+01 1.087139033291376934e-02
1.848924462231115484e+01 1.192399428329257369e-02
1.852926463231615628e+01 1.326608812874562580e-02
1.856928464232116127e+01 1.499845602532107712e-02
1.860930465232616271e+01 1.726716044746104753e-02
1.864932466233116415e+01 2.028495374491763939e-02
1.868934467233616914e+01 2.435847641755351303e-02
1.872936468234117058e+01 2.990888685675863537e-02
1.876938469234617202e+01 3.743260119063246405e-02
1.880940470235117346e+01 4.723642700158856012e-02
1.884942471235617845e+01 5.861565820142310840e-02
1.888944472236117988e+01 6.851076067964423366e-02
1.892946473236618132e+01 7.191017991152656719e-02
1.896948474237118631e+01 6.665399039870523179e-02
1.900950475237618775e+01 5.630417244729393755e-02
1.904952476238118919e+01 4.563429978268819520e-02
1.908954477238619418e+01 3.693414054921860534e-02
1.912956478239119562e+01 3.050107405054496013e-02
1.916958479239619706e+01 2.592890242032156248e-02
1.920960480240119850e+01 2.273701502106128744e-02
1.924962481240620349e+01 2.054463256425336642e-02
1.928964482241120493e+01 1.908336558642833442e-02
1.932966483241620637e+01 1.817233226275572280e-02
1.936968484242121136e+01 1.769256291702722347e-02
1.940970485242621280e+01 1.756809475355000996e-02
1.944972486243121423e+01 1.775342983135198144e-02
1.948974487243621923e+01 1.822570739695610759e-02
1.952976488244122066e+01 1.898018891901242719e-02
1.956978489244622210e+01 2.002813568012183978e-02
1.960980490245122354e+01 2.139657697830430264e-02
1.964982491245622853e+01 2.312980147171043999e-02
1.968984492246122997e+01 2.529269867824645440e-02
1.972986493246623141e+01 2.797638933174977430e-02
1.976988494247123640e+01 3.130697914944154114e-02
1.980990495247623784e+01 3.545883773438400499e-02
1.984992496248123928e+01 4.067466520106320649e-02
1.988994497248624427e+01 4.729593059270858352e-02
1.992996498249124571e+01 5.580922556344627972e-02
1.996998499249624714e+01 6.691664197141679316e-02
2.001000500250124858e+01 8.164030413856533663e-02
2.005002501250625357e+01 1.014671225178154085e-01
2.009004502251125501e+01 1.285088622952230697e-01
2.013006503251625645e+01 1.655267594358393601e-01
2.017008504252126144e+01 2.152690737767390949e-01
2.021010505252626288e+01 2.776613266512326095e-01
2.025012506253126432e+01 3.430224812118831679e-01
2.029014507253626931e+01 3.860975247952950773e-01
2.033016508254127075e+01 3.805963082864073366e-01
2.037018509254627219e+01 3.302790532926679345e-01
2.041020510255127363e+01 2.638690005915073078e-01
2.045022511255627862e+01 2.036135100817645371e-01
2.049024512256128006e+01 1.565178916151692134e-01
2.053026513256628149e+01 1.216688379124786917e-01
2.057028514257128649e+01 9.618714202975939265e-02
2.061030515257628792e+01 7.742537508717393935e-02
2.065032516258128936e+01 6.340859218682987075e-02
2.069034517258629080e+01 5.275655017851090672e-02
2.073036518259129579e+01 4.452095492426019069e-02
2.077038519259629723e+01 3.804855410157714085e-02
2.081040520260129867e+01 3.288428643582384098e-02
2.085042521260630366e+01 2.870646240380433228e-02
2.089044522261130510e+01 2.528404869842180991e-02
2.093046523261630654e+01 2.244847895771522051e-02
2.097048524262131153e+01 2.007487949929999058e-02
2.101050525262631297e+01 1.806940546610922779e-02
2.105052526263131440e+01 1.636057662776546281e-02
2.109054527263631584e+01 1.489326267666277875e-02
2.113056528264132083e+01 1.362444740449282078e-02
2.117058529264632227e+01 1.252020399309924925e-02
2.121060530265132371e+01 1.155350638511000103e-02
2.125062531265632870e+01 1.070262567693259191e-02
2.129064532266133014e+01 9.949941206322629461e-03
2.133066533266633158e+01 9.281049252737665414e-03
2.137068534267133657e+01 8.684087843696881512e-03
2.141070535267633801e+01 8.149220232904926670e-03
2.145072536268133945e+01 7.668236107409884088e-03
2.149074537268634089e+01 7.234241014167184548e-03
2.153076538269134588e+01 6.841412513463125157e-03
2.157078539269634732e+01 6.484807249874411511e-03
2.161080540270134875e+01 6.160207202203887324e-03
2.165082541270635375e+01 5.863996318550460107e-03
2.169084542271135518e+01 5.593060892916021029e-03
2.173086543271635662e+01 5.344708623953683957e-03
2.177088544272136161e+01 5.116602473585161147e-03
2.181090545272636305e+01 4.906706324961852828e-03
2.185092546273136449e+01 4.713240104842229133e-03
2.189094547273636593e+01 4.534642541596415471e-03
2.193096548274137092e+01 4.369540117638680797e-03
2.197098549274637236e+01 4.216721073897186645e-03
2.201100550275137380e+01 4.075113555782445239e-03
2.205102551275637879e+01 3.943767171137804381e-03
2.209104552276138023e+01 3.821837372844042336e-03
2.213106553276638166e+01 3.708572191099477212e-03
2.217108554277138666e+01 3.603300929691363209e-03
2.221110555277638809e+01 3.505424511968659781e-03
2.225112556278138953e+01 3.414407219665915177e-03
2.229114557278639097e+01 3.329769614254746678e-03
2.233116558279139596e+01 3.251082468477631011e-03
2.237118559279639740e+01 3.177961567008706027e-03
2.241120560280139884e+01 3.110063261268207740e-03
2.245122561280640383e+01 3.047080685494385401e-03
2.249124562281140527e+01 2.988740560252080986e-03
2.253126563281640671e+01 2.934800526501360300e-03
2.257128564282141170e+01 2.885046968958456925e-03
2.261130565282641314e+01 2.839293302533795870e-03
2.265132566283141458e+01 2.797378710953350549e-03
2.269134567283641601e+01 2.759167343204602194e-03
2.273136568284142101e+01 2.724547992358603617e-03
2.277138569284642244e+01 2.693434304116915871e-03
2.281140570285142388e+01 2.665765591170707501e-03
2.285142571285642887e+01 2.641508367020096483e-03
2.289144572286143031e+01 2.620658763422999832e-03
2.293146573286643175e+01 2.603246065182749855e-03
2.297148574287143674e+01 2.589337693552684182e-03
2.301150575287643818e+01 2.579046108729678675e-03
2.305152576288143962e+01 2.572538303517986433e-03
2.309154577288644106e+01 2.570048856476471900e-03
2.313156578289144605e+01 2.571897954227700400e-03
2.317158579289644749e+01 2.578516459254835864e-03
2.321160580290144893e+01 2.590481119939328815e-03
2.325162581290645392e+01 2.608564601454380939e-03
2.329164582291145535e+01 2.633807496190544110e-03
2.333166583291645679e+01 2.667623394172701466e-03
2.337168584292146178e+01 2.711954316030544977e-03
2.341170585292646322e+01 2.769503612371297316e-03
2.345172586293146466e+01 2.844088428045495141e-03
2.349174587293646610e+01 2.941174942369886511e-03
2.353176588294147109e+01 3.068682388197390993e-03
2.357178589294647253e+01 3.238138925884032418e-03
2.361180590295147397e+01 3.466132961919870820e-03
2.365182591295647896e+01 3.775344465305691469e-03
2.369184592296148040e+01 4.192134022373120855e-03
2.373186593296648184e+01 4.731446961418506701e-03
2.377188594297148683e+01 5.351214346837987988e-03
2.381190595297648827e+01 5.881394199424790775e-03
2.385192596298148970e+01 6.055866756287703496e-03
2.389194597298649114e+01 5.775391706938567092e-03
2.393196598299149613e+01 5.240232357317472535e-03
2.397198599299649757e+01 4.699487122737853323e-03
2.401200600300149901e+01 4.267520324012727580e-03
2.405202601300650400e+01 3.956734453424300656e-03
2.409204602301150544e+01 3.744774903800817799e-03
2.413206603301650688e+01 3.606198279708409341e-03
2.417208604302150832e+01 3.520980870147178213e-03
2.421210605302651331e+01 3.474971092293375075e-03
2.425212606303151475e+01 3.458526297952222318e-03
2.429214607303651619e+01 3.465149733621221331e-03
2.433216608304152118e+01 3.490480765934549524e-03
2.437218609304652261e+01 3.531610428266176126e-03
2.441220610305152405e+01 3.586631209075933930e-03
2.445222611305652904e+01 3.654343331255308774e-03
2.449224612306153048e+01 3.734063274103262796e-03
2.453226613306653192e+01 3.825499137659074244e-03
2.457228614307153336e+01 3.928670304375186939e-03
2.461230615307653835e+01 4.043857160891198461e-03
2.465232616308153979e+01 4.171571933552337651e-03
2.469234617308654123e+01 4.312545080186764440e-03
2.473236618309154622e+01 4.467723898189986630e-03
2.477238619309654766e+01 4.638281518193978353e-03
2.481240620310154910e+01 4.825635547373247417e-03
2.485242621310655409e+01 5.031476499165906530e-03
2.489244622311155553e+01 5.257806931946595701e-03
2.493246623311655696e+01 5.506993024952387336e-03
2.497248624312155840e+01 5.781831245517201484e-03
2.501250625312656339e+01 6.085633918482020489e-03
2.505252626313156483e+01 6.422339037867788765e-03
2.509254627313656627e+01 6.796651758853122609e-03
2.513256628314157126e+01 7.214227961872048296e-03
2.517258629314657270e+01 7.681914523388252633e-03
2.521260630315157414e+01 8.208067127121243534e-03
2.525262631315657913e+01 8.802975650499292662e-03
2.529264632316158057e+01 9.479441021772132617e-03
2.533266633316658201e+01 1.025356861767341352e-02
2.537268634317158345e+01 1.114587602724194208e-02
2.541270635317658844e+01 1.218286417345130698e-02
2.545272636318158987e+01 1.339928104330469043e-02
2.549274637318659131e+01 1.484143230848371936e-02
2.553276638319159630e+01 1.657208204350991629e-02
2.557278639319659774e+01 1.867774783642961109e-02
2.561280640320159918e+01 2.127946224992260937e-02
2.565282641320660417e+01 2.454797336963923313e-02
2.569284642321160561e+01 2.872241493341450014e-02
2.573286643321660705e+01 3.412268926294579480e-02
2.577288644322160849e+01 4.111599313810644640e-02
2.581290645322661348e+01 4.992236202800905132e-02
2.585292646323161492e+01 6.006743324021730085e-02
2.589294647323661636e+01 6.968354406228767506e-02
2.593296648324162135e+01 7.630159509392332728e-02
2.597298649324662279e+01 7.990781820022561932e-02
2.601300650325162422e+01 8.365086022587024661e-02
2.605302651325662922e+01 9.096309760471914252e-02
2.609304652326163065e+01 1.041523607020245351e-01
2.613306653326663209e+01 1.248978032455134723e-01
2.617308654327163353e+01 1.543166158250479647e-01
2.621310655327663852e+01 1.911987974735004370e-01
2.625312656328163996e+01 2.283396055495144350e-01
2.629314657328664140e+01 2.524861406788921903e-01
2.633316658329164639e+01 2.562747499004848217e-01
2.637318659329664783e+01 2.470688125048320083e-01
2.641320660330164927e+01 2.343694565054932621e-01
2.645322661330665426e+01 2.199083317104801039e-01
2.649324662331165570e+01 2.030031428489985912e-01
2.653326663331665713e+01 1.829927163339935825e-01
2.657328664332165857e+01 1.582349114442958282e-01
2.661330665332666356e+01 1.304426891240452469e-01
2.665332666333166500e+01 1.043854754553151520e-01
2.669334667333666644e+01 8.303503755339038117e-02
2.673336668334167143e+01 6.665805166065984222e-02
2.677338669334667287e+01 5.434725984540361710e-02
2.681340670335167431e+01 4.506675239087067769e-02
2.685342671335667930e+01 3.798222045875550984e-02
2.689344672336168074e+01 3.248840517848566173e-02
2.693346673336668218e+01 2.815983848272412063e-02
2.697348674337168362e+01 2.469830880892626146e-02
2.701350675337668861e+01 2.189289664464670604e-02
2.705352676338169005e+01 1.959234039390586948e-02
2.709354677338669148e+01 1.768648601326158754e-02
2.713356678339169648e+01 1.609388632579790077e-02
2.717358679339669791e+01 1.475345394050225044e-02
2.721360680340169935e+01 1.361877640388215946e-02
2.725362681340670434e+01 1.265419180695445157e-02
2.729364682341170578e+01 1.183204251498694119e-02
2.733366683341670722e+01 1.113072889335950562e-02
2.737368684342170866e+01 1.053331516566414182e-02
2.741370685342671365e+01 1.002652323158892932e-02
2.745372686343171509e+01 9.600004738847171468e-03
2.749374687343671653e+01 9.245817792800021737e-03
2.753376688344172152e+01 8.958059205555906485e-03
2.757378689344672296e+01 8.732620476638655593e-03
2.761380690345172439e+01 8.567048631993924926e-03
2.765382691345672583e+01 8.460503660800150136e-03
2.769384692346173082e+01 8.413814206003874044e-03
2.773386693346673226e+01 8.429643938106825413e-03
2.777388694347173370e+01 8.512794472430543213e-03
2.781390695347673869e+01 8.670689185190476322e-03
2.785392696348174013e+01 8.914109276139326604e-03
2.789394697348674157e+01 9.258293694173806015e-03
2.793396698349174656e+01 9.724573624420123491e-03
2.797398699349674800e+01 1.034279177280749903e-02
2.801400700350174944e+01 1.115483452827815622e-02
2.805402701350675088e+01 1.221956324415942458e-02
2.809404702351175587e+01 1.361882279113264815e-02
2.813406703351675731e+01 1.546163961481847662e-02
2.817408704352175874e+01 1.787611673515509397e-02
2.821410705352676374e+01 2.096606549280400147e-02
2.825412706353176517e+01 2.473045409529834107e-02
2.829414707353676661e+01 2.910095943431593654e-02
2.833416708354177160e+01 3.431547994022959847e-02
2.837418709354677304e+01 4.116322268617219476e-02
2.841420710355177448e+01 5.046740993805599873e-02
2.845422711355677592e+01 6.205282047295997833e-02
2.849424712356178091e+01 7.331394778409942858e-02
2.853426713356678235e+01 7.884675539647391374e-02
2.857428714357178379e+01 7.476852787550258839e-02
2.861430715357678878e+01 6.363447616149513208e-02
2.865432716358179022e+01 5.101901759225969252e-02
2.869434717358679165e+01 4.024357627191922637e-02
2.873436718359179665e+01 3.203763321971619255e-02
2.877438719359679808e+01 2.603976914377185634e-02
2.881440720360179952e+01 2.169338395930149946e-02
2.885442721360680096e+01 1.853095971153814400e-02
2.889444722361180595e+01 1.621415858974914123e-02
2.893446723361680739e+01 1.451000556554137531e-02
2.897448724362180883e+01 1.326065562544136850e-02
2.901450725362681382e+01 1.235992207913363429e-02
2.905452726363181526e+01 1.173733007387347399e-02
2.909454727363681670e+01 1.134796407620025302e-02
2.913456728364182169e+01 1.116645453079937247e-02
2.917458729364682313e+01 1.118398181369548161e-02
2.921460730365182457e+01 1.140758731256302089e-02
2.925462731365682600e+01 1.186103271898289284e-02
2.929464732366183100e+01 1.258507518084661485e-02
2.933466733366683243e+01 1.362985475055713061e-02
2.937468734367183387e+01 1.501880962854293747e-02
2.941470735367683886e+01 1.665022142359509627e-02
2.945472736368184030e+01 1.817249942522839931e-02
2.949474737368684174e+01 1.912245490861562772e-02
2.953476738369184673e+01 1.945633953847943076e-02
2.957478739369684817e+01 1.965951351678683207e-02
2.961480740370184961e+01 2.022995497466803863e-02
2.965482741370685105e+01 2.142776114673911741e-02
2.969484742371185604e+01 2.338299860703361988e-02
2.973486743371685748e+01 2.622830348075930532e-02
2.977488744372185892e+01 3.017267828692478046e-02
2.981490745372686391e+01 3.555086928116768519e-02
2.985492746373186534e+01 4.287791047922107773e-02
2.989494747373686678e+01 5.291791601983157622e-02
2.993496748374187177e+01 6.674344619641670029e-02
2.997498749374687321e+01 8.566536876123380384e-02
3.001500750375187465e+01 1.106433953841431533e-01
3.005502751375687609e+01 1.403304108303859710e-01
3.009504752376188108e+01 1.674993138074281351e-01
3.013506753376688252e+01 1.789089664537829028e-01
3.017508754377188396e+01 1.669313590927400115e-01
3.021510755377688895e+01 1.394964361973285161e-01
3.025512756378189039e+01 1.097884469942338737e-01
3.029514757378689183e+01 8.486201116991236304e-02
3.033516758379189682e+01 6.597012201514323992e-02
3.037518759379689826e+01 5.212418155820552901e-02
3.041520760380189969e+01 4.200684674084065318e-02
3.045522761380690113e+01 3.454059616233729618e-02
3.049524762381190612e+01 2.895025013609013251e-02
3.053526763381690756e+01 2.470015251285045954e-02
3.057528764382190900e+01 2.142294231332740259e-02
3.061530765382691399e+01 1.886515368519890365e-02
3.065532766383191543e+01 1.684989982009237053e-02
3.069534767383691687e+01 1.525215950172113810e-02
3.073536768384192186e+01 1.398254161896779826e-02
3.077538769384692330e+01 1.297658712290387581e-02
3.081540770385192474e+01 1.218767440484459265e-02
3.085542771385692618e+01 1.158229355483644460e-02
3.089544772386193117e+01 1.113691124839921026e-02
3.093546773386693260e+01 1.083594131269923280e-02
3.097548774387193404e+01 1.067052648927449728e-02
3.101550775387693903e+01 1.063796170266956623e-02
3.105552776388194047e+01 1.074166012955351211e-02
3.109554777388694191e+01 1.099154603622152712e-02
3.113556778389194335e+01 1.140450225831919975e-02
3.117558779389694834e+01 1.200362226867370333e-02
3.121560780390194978e+01 1.281327418941444543e-02
3.125562781390695122e+01 1.384802544228245190e-02
3.129564782391195621e+01 1.511152028216886101e-02
3.133566783391695765e+01 1.664271726717124478e-02
3.137568784392195909e+01 1.857467787624745084e-02
3.141570785392696408e+01 2.111887867442533567e-02
3.145572786393196552e+01 2.453601219731361624e-02
3.149574787393696695e+01 2.916548158574291602e-02
3.153576788394196839e+01 3.548729810352353742e-02
3.157578789394697338e+01 4.418451612836574172e-02
3.161580790395197482e+01 5.615949852770021206e-02
3.165582791395697626e+01 7.233541213245678336e-02
3.169584792396198125e+01 9.277926573430997359e-02
3.173586793396698269e+01 1.145179994227754489e-01
3.177588794397198413e+01 1.294101276692690150e-01
3.181590795397698912e+01 1.284615627068818877e-01
3.185592796398199056e+01 1.122676889355510854e-01
3.189594797398699200e+01 9.020546736817229572e-02
3.193596798399199344e+01 6.993685971165924942e-02
3.197598799399699843e+01 5.400873377471979847e-02
3.201600800400200342e+01 4.219464931065176200e-02
3.205602801400700486e+01 3.354644999036728720e-02
3.209604802401200629e+01 2.717413607506091733e-02
3.213606803401700773e+01 2.240974062927258981e-02
3.217608804402200917e+01 1.878552691217157816e-02
3.221610805402701061e+01 1.598001916792584493e-02
3.225612806403201205e+01 1.377182864171633964e-02
3.229614807403702059e+01 1.200682374990688465e-02
3.233616808404202203e+01 1.057612210929493451e-02
3.237618809404702347e+01 9.401583417326558542e-03
3.241620810405202491e+01 8.426239153467690243e-03
3.245622811405702635e+01 7.607923074556425212e-03
3.249624812406202778e+01 6.914978742766899646e-03
3.253626813406702922e+01 6.323326251814354731e-03
3.257628814407203777e+01 5.814429274134382160e-03
3.261630815407703921e+01 5.373866934536382020e-03
3.265632816408204064e+01 4.990318299294274791e-03
3.269634817408704208e+01 4.654833170382956589e-03
3.273636818409204352e+01 4.360305561772924270e-03
3.277638819409704496e+01 4.101094517782180419e-03
3.281640820410205350e+01 3.872756353132710775e-03
3.285642821410705494e+01 3.671866491008600290e-03
3.289644822411205638e+01 3.495919993237704432e-03
3.293646823411705782e+01 3.343308056397751183e-03
3.297648824412205926e+01 3.213369335590670044e-03
3.301650825412706070e+01 3.106492266409684438e-03
3.305652826413206213e+01 3.024136825344511236e-03
3.309654827413707068e+01 2.968281016436648181e-03
3.313656828414207212e+01 2.938897741587495182e-03
3.317658829414707355e+01 2.927267900068557770e-03
3.321660830415207499e+01 2.908022035430948664e-03
3.325662831415707643e+01 2.849497264668921209e-03
3.329664832416207787e+01 2.748506720480684180e-03
3.333666833416707931e+01 2.634724228053518958e-03
3.337668834417208785e+01 2.536279963955450842e-03
3.341670835417708929e+01 2.464548435807155553e-03
3.345672836418209073e+01 2.421061444683400739e-03
3.349674837418709217e+01 2.405062819937038750e-03
3.353676838419209361e+01 2.416784600877600227e-03
3.357678839419709504e+01 2.458536251513517359e-03
3.361680840420210359e+01 2.535257403296754027e-03
3.365682841420710503e+01 2.655233148241785066e-03
3.369684842421210647e+01 2.831292849874992006e-03
3.373686843421710790e+01 3.082734956620924571e-03
3.377688844422210934e+01 3.438173295669775652e-03
3.381690845422711078e+01 3.939118361404990269e-03
3.385692846423211222e+01 4.642360243951395432e-03
3.389694847423712076e+01 5.613162735878410824e-03
3.393696848424212220e+01 6.885196645953971413e-03
3.397698849424712364e+01 8.342386431116287013e-03
3.401700850425212508e+01 9.543298111980864223e-03
3.405702851425712652e+01 9.824885463935641855e-03
3.409704852426212796e+01 8.973860988361843927e-03
3.413706853426712939e+01 7.512395262534768935e-03
3.417708854427213794e+01 6.051172366206611537e-03
3.421710855427713938e+01 4.859658816969053378e-03
3.425712856428214081e+01 3.961328413087934590e-03
3.429714857428714225e+01 3.298391169937463750e-03
3.433716858429214369e+01 2.807129403175543519e-03
3.437718859429714513e+01 2.437597351738333452e-03
3.441720860430214657e+01 2.154327452602116093e-03
3.445722861430715511e+01 1.932866944736861322e-03
3.449724862431215655e+01 1.756399976290961770e-03
3.453726863431715799e+01 1.613257391517573455e-03
3.457728864432215943e+01 1.495227373598071331e-03
3.461730865432716087e+01 1.396438832700391992e-03
3.465732866433216230e+01 1.312625743762233215e-03
3.469734867433717085e+01 1.240639051068028907e-03
3.473736868434217229e+01 1.178118992506523065e-03
3.477738869434717373e+01 1.123272051349929329e-03
3.481740870435217516e+01 1.074716902204169095e-03
3.485742871435717660e+01 1.031376452250398453e-03
3.489744872436217804e+01 9.924011089309651198e-04
3.493746873436717948e+01 9.571134989099280149e-04
3.497748874437218802e+01 9.249681262062812905e-04
3.501750875437718946e+01 8.955215725782316068e-04
3.505752876438219090e+01 8.684102318153655298e-04
3.509754877438719234e+01 8.433334930245515613e-04
3.513756878439219378e+01 8.200409100085914466e-04
3.517758879439719522e+01 7.983223180890825985e-04
3.521760880440219665e+01 7.780001526066222632e-04
3.525762881440720520e+01 7.589234278786117713e-04
3.529764882441220664e+01 7.409629798412993096e-04
3.533766883441720807e+01 7.240076786907639981e-04
3.537768884442220951e+01 7.079613921534488267e-04
3.541770885442721095e+01 6.927405341059788028e-04
3.545772886443221239e+01 6.782720729920861712e-04
3.549774887443722093e+01 6.644919039180978339e-04
3.553776888444222237e+01 6.513435102957863950e-04
3.557778889444722381e+01 6.387768574555405688e-04
3.561780890445222525e+01 6.267474732100366749e-04
3.565782891445722669e+01 6.152156799417714088e-04
3.569784892446222813e+01 6.041459501668370799e-04
3.573786893446722956e+01 5.935063632399795912e-04
3.577788894447223811e+01 5.832681453161601059e-04
3.581790895447723955e+01 5.734052781711444606e-04
3.585792896448224099e+01 5.638941652318949036e-04
3.589794897448724242e+01 5.547133453452738347e-04
3.593796898449224386e+01 5.458432465480709790e-04
3.597798899449724530e+01 5.372659734899036922e-04
3.601800900450224674e+01 5.289651232773891123e-04
3.605802901450725528e+01 5.209256254104591968e-04
3.609804902451225672e+01 5.131336022142082235e-04
3.613806903451725816e+01 5.055762467667080729e-04
3.617808904452225960e+01 4.982417158119592559e-04
3.621810905452726104e+01 4.911190355486635527e-04
3.625812906453226248e+01 4.841980185167619371e-04
3.629814907453727102e+01 4.774691900778978712e-04
3.633816908454227246e+01 4.709237232138113651e-04
3.637818909454727390e+01 4.645533805566006997e-04
3.641820910455227533e+01 4.583504627237174707e-04
3.645822911455727677e+01 4.523077621638538302e-04
3.649824912456227821e+01 4.464185218321514042e-04
3.653826913456727965e+01 4.406763981079194403e-04
3.657828914457228819e+01 4.350754274482968552e-04
3.661830915457728963e+01 4.296099963394544750e-04
3.665832916458229107e+01 4.242748141649379796e-04
3.669834917458729251e+01 4.190648886603394593e-04
3.673836918459229395e+01 4.139755036658605575e-04
3.677838919459729539e+01 4.090021989247524825e-04
3.681840920460229682e+01 4.041407517069298193e-04
3.685842921460730537e+01 3.993871600640467776e-04
3.689844922461230681e+01 3.947376275456859740e-04
3.693846923461730825e+01 3.901885492264981284e-04
3.697848924462230968e+01 3.857364989117239131e-04
3.701850925462731112e+01 3.813782174037688493e-04
3.705852926463231256e+01 3.771106017258347943e-04
3.709854927463732110e+01 3.729306952102474384e-04
3.713856928464232254e+01 3.688356783692940894e-04
3.717858929464732398e+01 3.648228604753182749e-04
3.721860930465232542e+01 3.608896717846815736e-04
3.725862931465732686e+01 3.570336563470920548e-04
3.729864932466232830e+01 3.532524653479057427e-04
3.733866933466732974e+01 3.495438509363867942e-04
3.737868934467233828e+01 3.459056604976784989e-04
3.741870935467733972e+01 3.423358313304612657e-04
3.745872936468234116e+01 3.388323856960153931e-04
3.749874937468734259e+01 3.353934262077622988e-04
3.753876938469234403e+01 3.320171315333042029e-04
3.757878939469734547e+01 3.287017523836504272e-04
3.761880940470234691e+01 3.254456077666809479e-04
3.765882941470735545e+01 3.222470814840132825e-04
3.769884942471235689e+01 3.191046188523471473e-04
3.773886943471735833e+01 3.160167236320483440e-04
3.777888944472235977e+01 3.129819551472871539e-04
3.781890945472736121e+01 3.099989255834030761e-04
3.785892946473236265e+01 3.070662974484182086e-04
3.789894947473736408e+01 3.041827811867437196e-04
3.793896948474237263e+01 3.013471329341263667e-04
3.797898949474737407e+01 2.985581524038073307e-04
3.801900950475237551e+01 2.958146808946796524e-04
3.805902951475737694e+01 2.931155994129986081e-04
3.809904952476237838e+01 2.904598268998661984e-04
3.813906953476737982e+01 2.878463185573365102e-04
3.817908954477238836e+01 2.852740642665500012e-04
3.821910955477738980e+01 2.827420870918226836e-04
3.825912956478239124e+01 2.802494418650719227e-04
3.829914957478739268e+01 2.777952138454029257e-04
3.833916958479239412e+01 2.753785174490574572e-04
3.837918959479739556e+01 2.729984950452876312e-04
3.841920960480239700e+01 2.706543158140446216e-04
3.845922961480740554e+01 2.683451746616704009e-04
3.849924962481240698e+01 2.660702911910535614e-04
3.853926963481740842e+01 2.638289087229624607e-04
3.857928964482240985e+01 2.616202933655055593e-04
3.861930965482741129e+01 2.594437331288712394e-04
3.865932966483241273e+01 2.572985370827065308e-04
3.869934967483741417e+01 2.551840345536652015e-04
3.873936968484242271e+01 2.530995743608299036e-04
3.877938969484742415e+01 2.510445240868624671e-04
3.881940970485242559e+01 2.490182693828748867e-04
3.885942971485742703e+01 2.470202133051573675e-04
3.889944972486242847e+01 2.450497756820047978e-04
3.893946973486742991e+01 2.431063925090084089e-04
3.897948974487243845e+01 2.411895153712763330e-04
3.901950975487743989e+01 2.392986108911474127e-04
3.905952976488244133e+01 2.374331602000470231e-04
3.909954977488744277e+01 2.355926584332255483e-04
3.913956978489244420e+01 2.337766142461884648e-04
3.917958979489744564e+01 2.319845493517034977e-04
3.921960980490244708e+01 2.302159980763385943e-04
3.925962981490745562e+01 2.284705069355416531e-04
3.929964982491245706e+01 2.267476342263386184e-04
3.933966983491745850e+01 2.250469496367710610e-04
3.937968984492245994e+01 2.233680338712557012e-04
3.941970985492746138e+01 2.217104782910863053e-04
3.945972986493246282e+01 2.200738845693492654e-04
3.949974987493746426e+01 2.184578643595596204e-04
3.953976988494247280e+01 2.168620389773683824e-04
3.957978989494747424e+01 2.152860390947256648e-04
3.961980990495247568e+01 2.137295044459137103e-04
3.965982991495747711e+01 2.121920835449067145e-04
3.969984992496247855e+01 2.106734334135306852e-04
3.973986993496747999e+01 2.091732193199356371e-04
3.977988994497248854e+01 2.076911145269099020e-04
3.981990995497748997e+01 2.062268000495997579e-04
3.985992996498249141e+01 2.047799644222096671e-04
3.989994997498749285e+01 2.033503034732923767e-04
3.993996998499249429e+01 2.019375201092485719e-04
3.997998999499749573e+01 2.005413241056810849e-04
4.002001000500249717e+01 1.991614319062620295e-04
4.006003001500750571e+01 1.977975664287944565e-04
4.010005002501250715e+01 1.964494568781600763e-04
4.014007003501750859e+01 1.951168385658613692e-04
4.018009004502251003e+01 1.937994527358857062e-04
4.022011005502751146e+01 1.924970463966236547e-04
4.026013006503251290e+01 1.912093721585949213e-04
4.030015007503751434e+01 1.899361880777412394e-04
4.034017008504252289e+01 1.886772575040613373e-04
4.038019009504752432e+01 1.874323489353701174e-04
4.042021010505252576e+01 1.862012358759769688e-04
4.046023011505752720e+01 1.849836967000872707e-04
4.050025012506252864e+01 1.837795145197397377e-04
4.054027013506753008e+01 1.825884770570995741e-04
4.058029014507253862e+01 1.814103765209391147e-04
4.062031015507754006e+01 1.802450094871436482e-04
4.066033016508254150e+01 1.790921767830822042e-04
4.070035017508754294e+01 1.779516833757025472e-04
4.074037018509254438e+01 1.768233382632024124e-04
4.078039019509754581e+01 1.757069543701444102e-04
4.082041020510254725e+01 1.746023484458847689e-04
4.086043021510755580e+01 1.735093409661903627e-04
4.090045022511255723e+01 1.724277560379295347e-04
4.094047023511755867e+01 1.713574213067168553e-04
4.098049024512256011e+01 1.702981678674106881e-04
4.102051025512756155e+01 1.692498301773540852e-04
4.106053026513256299e+01 1.682122459722614611e-04
4.110055027513756443e+01 1.671852561846566923e-04
4.114057028514257297e+01 1.661687048647686698e-04
4.118059029514757441e+01 1.651624391038010106e-04
4.122061030515257585e+01 1.641663089594854776e-04
4.126063031515757729e+01 1.631801673838456548e-04
4.130065032516257872e+01 1.622038701530891013e-04
4.134067033516758016e+01 1.612372757995550162e-04
4.138069034517258160e+01 1.602802455456467802e-04
4.142071035517759015e+01 1.593326432396806617e-04
4.146073036518259158e+01 1.583943352935857443e-04
4.150075037518759302e+01 1.574651906223899949e-04
4.154077038519259446e+01 1.565450805854357442e-04
4.158079039519759590e+01 1.556338789292629674e-04
4.162081040520259734e+01 1.547314617321061286e-04
4.166083041520760588e+01 1.538377073499506238e-04
4.170085042521260732e+01 1.529524963640981072e-04
4.174087043521760876e+01 1.520757115301879286e-04
4.178089044522261020e+01 1.512072377286319096e-04
4.182091045522761164e+01 1.503469619164111753e-04
4.186093046523261307e+01 1.494947730801955243e-04
4.190095047523761451e+01 1.486505621907391198e-04
4.194097048524262306e+01 1.478142221585133920e-04
4.198099049524762449e+01 1.469856477905380921e-04
4.202101050525262593e+01 1.461647357483701387e-04
4.206103051525762737e+01 1.453513845072163749e-04
4.210105052526262881e+01 1.445454943161336454e-04
4.214107053526763025e+01 1.437469671592819039e-04
4.218109054527263169e+01 1.429557067181980439e-04
4.222111055527764023e+01 1.421716183350586564e-04
4.226113056528264167e+01 1.413946089769025239e-04
4.230115057528764311e+01 1.406245872007799442e-04
4.234117058529264455e+01 1.398614631198050596e-04
4.238119059529764598e+01 1.391051483700806162e-04
4.242121060530264742e+01 1.383555560784702437e-04
4.246123061530765597e+01 1.376126008311914502e-04
4.250125062531265741e+01 1.368761986432072658e-04
4.254127063531765884e+01 1.361462669283887287e-04
4.258129064532266028e+01 1.354227244704304294e-04
4.262131065532766172e+01 1.347054913944918479e-04
4.266133066533266316e+01 1.339944891395468646e-04
4.270135067533766460e+01 1.332896404314188926e-04
4.274137068534267314e+01 1.325908692564821455e-04
4.278139069534767458e+01 1.318981008360101451e-04
4.282141070535267602e+01 1.312112616011513599e-04
4.286143071535767746e+01 1.305302791685158178e-04
4.290145072536267890e+01 1.298550823163543988e-04
4.294147073536768033e+01 1.291856009613136756e-04
4.298149074537268177e+01 1.285217661357498779e-04
4.302151075537769032e+01 1.278635099655870712e-04
4.306153076538269175e+01 1.272107656487041563e-04
4.310155077538769319e+01 1.265634674338338280e-04
4.314157078539269463e+01 1.259215505999629239e-04
4.318159079539769607e+01 1.252849514362166519e-04
4.322161080540269751e+01 1.246536072222160184e-04
4.326163081540770605e+01 1.240274562088934131e-04
4.330165082541270749e+01 1.234064375997559145e-04
4.334167083541770893e+01 1.227904915325810575e-04
4.338169084542271037e+01 1.221795590615372819e-04
4.342171085542771181e+01 1.215735821397141562e-04
4.346173086543271324e+01 1.209725036020529152e-04
4.350175087543771468e+01 1.203762671486666467e-04
4.354177088544272323e+01 1.197848173285392031e-04
4.358179089544772467e+01 1.191980995235931490e-04
4.362181090545272610e+01 1.186160599331161861e-04
4.366183091545772754e+01 1.180386455585379925e-04
4.370185092546272898e+01 1.174658041885470950e-04
4.374187093546773042e+01 1.168974843845394255e-04
4.378189094547273186e+01 1.163336354663893472e-04
4.382191095547774040e+01 1.157742074985356807e-04
4.386193096548274184e+01 1.152191512763742356e-04
4.390195097548774328e+01 1.146684183129477376e-04
4.394197098549274472e+01 1.141219608259279219e-04
4.398199099549774616e+01 1.135797317248800331e-04
4.402201100550274759e+01 1.130416845988041637e-04
4.406203101550775614e+01 1.125077737039452028e-04
4.410205102551275758e+01 1.119779539518657316e-04
4.414207103551775901e+01 1.114521808977739497e-04
4.418209104552276045e+01 1.109304107291015783e-04
4.422211105552776189e+01 1.104126002543247059e-04
4.426213106553276333e+01 1.098987068920214371e-04
4.430215107553776477e+01 1.093886886601613031e-04
4.434217108554277331e+01 1.088825041656194551e-04
4.438219109554777475e+01 1.083801125939116002e-04
4.442221110555277619e+01 1.078814736991425802e-04
4.446223111555777763e+01 1.073865477941650685e-04
4.450225112556277907e+01 1.068952957409418530e-04
4.454227113556778050e+01 1.064076789411078696e-04
4.458229114557278194e+01 1.059236593267265386e-04
4.462231115557779049e+01 1.054431993512354568e-04
4.466233116558279193e+01 1.049662619805782335e-04
4.470235117558779336e+01 1.044928106845159112e-04
4.474237118559279480e+01 1.040228094281158973e-04
4.478239119559779624e+01 1.035562226634129042e-04
4.482241120560279768e+01 1.030930153212375618e-04
4.486243121560779912e+01 1.026331528032101668e-04
4.490245122561280766e+01 1.021766009738941900e-04
4.494247123561780910e+01 1.017233261531069787e-04
4.498249124562281054e+01 1.012732951083827491e-04
4.502251125562781198e+01 1.008264750475855242e-04
4.506253126563281342e+01 1.003828336116683028e-04
4.510255127563781485e+01 9.994233886757412390e-05
4.514257128564282340e+01 9.950495930127688476e-05
4.518259129564782484e+01 9.907066381095868692e-05
4.522261130565282627e+01 9.863942170031926528e-05
4.526263131565782771e+01 9.821120267201647008e-05
4.530265132566282915e+01 9.778597682123274677e-05
4.534267133566783059e+01 9.736371462936719353e-05
4.538269134567283203e+01 9.694438695784732827e-05
4.542271135567784057e+01 9.652796504206105307e-05
4.546273136568284201e+01 9.611442048540361173e-05
4.550275137568784345e+01 9.570372525343857830e-05
4.554277138569284489e+01 9.529585166816920388e-05
4.558279139569784633e+01 9.489077240241877991e-05
4.562281140570284776e+01 9.448846047431660273e-05
4.566283141570784920e+01 9.408888924188789967e-05
4.570285142571285775e+01 9.369203239774512792e-05
4.574287143571785919e+01 9.329786396387864061e-05
4.578289144572286062e+01 9.290635828654388755e-05
4.582291145572786206e+01 9.251749003124421541e-05
4.586293146573286350e+01 9.213123417780628597e-05
4.590295147573786494e+01 9.174756601554620139e-05
4.594297148574287348e+01 9.136646113852496770e-05
4.598299149574787492e+01 9.098789544089065390e-05
4.602301150575287636e+01 9.061184511230564731e-05
4.606303151575787780e+01 9.023828663345778549e-05
4.610305152576287924e+01 8.986719677165219352e-05
4.614307153576788068e+01 8.949855257648396212e-05
4.618309154577288211e+01 8.913233137558826478e-05
4.622311155577789066e+01 8.876851077046706039e-05
4.626313156578289210e+01 8.840706863239132399e-05
4.630315157578789353e+01 8.804798309837563448e-05
4.634317158579289497e+01 8.769123256722539039e-05
4.638319159579789641e+01 8.733679569565403790e-05
4.642321160580289785e+01 8.698465139446907802e-05
4.646323161580789929e+01 8.663477882482560600e-05
4.650325162581290783e+01 8.628715739454595988e-05
4.654327163581790927e+01 8.594176675450394701e-05
4.658329164582291071e+01 8.559858679507259104e-05
4.662331165582791215e+01 8.525759764263351602e-05
4.666333166583291359e+01 8.491877965614788592e-05
4.670335167583791502e+01 8.458211342378616220e-05
4.674337168584292357e+01 8.424757975961663864e-05
4.678339169584792501e+01 8.391515970035128989e-05
4.682341170585292645e+01 8.358483450214710395e-05
4.686343171585792788e+01 8.325658563746289880e-05
4.690345172586292932e+01 8.293039479196959011e-05
4.694347173586793076e+01 8.260624386151350365e-05
4.698349174587293220e+01 8.228411494913111940e-05
4.702351175587794074e+01 8.196399036211443449e-05
4.706353176588294218e+01 8.164585260912659236e-05
4.710355177588794362e+01 8.132968439736509489e-05
4.714357178589294506e+01 8.101546862977393915e-05
4.718359179589794650e+01 8.070318840230167009e-05
4.722361180590294794e+01 8.039282700120582356e-05
4.726363181590794937e+01 8.008436790040214688e-05
4.730365182591295792e+01 7.977779475885778376e-05
4.734367183591795936e+01 7.947309141802815261e-05
4.738369184592296079e+01 7.917024189933589192e-05
4.742371185592796223e+01 7.886923040169128984e-05
4.746373186593296367e+01 7.857004129905399486e-05
4.750375187593796511e+01 7.827265913803427267e-05
4.754377188594297365e+01 7.797706863553397199e-05
4.758379189594797509e+01 7.768325467642558653e-05
4.762381190595297653e+01 7.739120231126906074e-05
4.766383191595797797e+01 7.710089675406624449e-05
4.770385192596297941e+01 7.681232338005107216e-05
4.774387193596798085e+01 7.652546772351561538e-05
4.778389194597298228e+01 7.624031547567133155e-05
4.782391195597799083e+01 7.595685248254446483e-05
4.786393196598299227e+01 7.567506474290521998e-05
4.790395197598799371e+01 7.539493840622982820e-05
4.794397198599299514e+01 7.511645977069542361e-05
4.798399199599799658e+01 7.483961528120645652e-05
4.802401200600299802e+01 7.456439152745261624e-05
4.806403201600799946e+01 7.429077524199736917e-05
4.810405202601300800e+01 7.401875329839635294e-05
4.814407203601800944e+01 7.374831270934603352e-05
4.818409204602301088e+01 7.347944062486056502e-05
4.822411205602801232e+01 7.321212433047754350e-05
4.826413206603301376e+01 7.294635124549220760e-05
4.830415207603801520e+01 7.268210892121810716e-05
4.834417208604301663e+01 7.241938503927569009e-05
4.838419209604802518e+01 7.215816740990666617e-05
4.842421210605302662e+01 7.189844397031528616e-05
4.846423211605802805e+01 7.164020278303392052e-05
4.850425212606302949e+01 7.138343203431484884e-05
4.854427213606803093e+01 7.112812003254619976e-05
4.858429214607303237e+01 7.087425520669197380e-05
4.862431215607804091e+01 7.062182610475621679e-05
4.866433216608304235e+01 7.037082139227032740e-05
4.870435217608804379e+01 7.012122985080324142e-05
4.874437218609304523e+01 6.987304037649416742e-05
4.878439219609804667e+01 6.962624197860769755e-05
4.882441220610304811e+01 6.938082377811045345e-05
4.886443221610804954e+01 6.913677500626909085e-05
4.890445222611305809e+01 6.889408500326916151e-05
4.894447223611805953e+01 6.865274321685527973e-05
4.898449224612306097e+01 6.841273920099058775e-05
4.902451225612806240e+01 6.817406261453682085e-05
4.906453226613306384e+01 6.793670321995377978e-05
4.910455227613806528e+01 6.770065088201791218e-05
4.914457228614306672e+01 6.746589556655998958e-05
4.918459229614807526e+01 6.723242733922114801e-05
4.922461230615307670e+01 6.700023636422748207e-05
4.926463231615807814e+01 6.676931290318231143e-05
4.930465232616307958e+01 6.653964731387613347e-05
4.934467233616808102e+01 6.631123004911422124e-05
4.938469234617308246e+01 6.608405165556082328e-05
4.942471235617809100e+01 6.585810277260035833e-05
4.946473236618309244e+01 6.563337413121537447e-05
4.950475237618809388e+01 6.540985655287997178e-05
4.954477238619309531e+01 6.518754094846993517e-05
4.958479239619809675e+01 6.496641831718801897e-05
4.962481240620309819e+01 6.474647974550489828e-05
4.966483241620809963e+01 6.452771640611517712e-05
4.970485242621310817e+01 6.431011955690816889e-05
4.974487243621810961e+01 6.409368053995372007e-05
4.978489244622311105e+01 6.387839078050180333e-05
4.982491245622811249e+01 6.366424178599695068e-05
4.986493246623311393e+01 6.345122514510607645e-05
4.990495247623811537e+01 6.323933252676035429e-05
4.994497248624311680e+01 6.302855567921047052e-05
4.998499249624812535e+01 6.281888642909506406e-05
5.002501250625312679e+01 6.261031668052223097e-05
5.006503251625812823e+01 6.240283841416398530e-05
5.010505252626312966e+01 6.219644368636326952e-05
5.014507253626813110e+01 6.199112462825310795e-05
5.018509254627313254e+01 6.178687344488851326e-05
5.022511255627814108e+01 6.158368241439003449e-05
5.026513256628314252e+01 6.138154388709920421e-05
5.030515257628814396e+01 6.118045028474570861e-05
5.034517258629314540e+01 6.098039409962573170e-05
5.038519259629814684e+01 6.078136789379210369e-05
5.042521260630314828e+01 6.058336429825489161e-05
5.046523261630814972e+01 6.038637601219352317e-05
5.050525262631315826e+01 6.019039580217895304e-05
5.054527263631815970e+01 5.999541650140729446e-05
5.058529264632316114e+01 5.980143100894281583e-05
5.062531265632816257e+01 5.960843228897209765e-05
5.066533266633316401e+01 5.941641337006762206e-05
5.070535267633816545e+01 5.922536734446166916e-05
5.074537268634316689e+01 5.903528736732978804e-05
5.078539269634817543e+01 5.884616665608384962e-05
5.082541270635317687e+01 5.865799848967485713e-05
5.086543271635817831e+01 5.847077620790450489e-05
5.090545272636317975e+01 5.828449321074652872e-05
5.094547273636818119e+01 5.809914295767666903e-05
5.098549274637318263e+01 5.791471896701166656e-05
5.102551275637819117e+01 5.773121481525692511e-05
5.106553276638319261e+01 5.754862413646311207e-05
5.110555277638819405e+01 5.736694062159063297e-05
5.114557278639319549e+01 5.718615801788305074e-05
5.118559279639819692e+01 5.700627012824833827e-05
5.122561280640319836e+01 5.682727081064858785e-05
5.126563281640819980e+01 5.664915397749722178e-05
5.130565282641320835e+01 5.647191359506451084e-05
5.134567283641820978e+01 5.629554368289069562e-05
5.138569284642321122e+01 5.612003831320646691e-05
5.142571285642821266e+01 5.594539161036131333e-05
5.146573286643321410e+01 5.577159775025908566e-05
5.150575287643821554e+01 5.559865095980091350e-05
5.154577288644321698e+01 5.542654551633504034e-05
5.158579289644822552e+01 5.525527574711420076e-05
5.162581290645322696e+01 5.508483602875949601e-05
5.166583291645822840e+01 5.491522078673147271e-05
5.170585292646322984e+01 5.474642449480751036e-05
5.174587293646823127e+01 5.457844167456647966e-05
5.178589294647323271e+01 5.441126689487941825e-05
5.182591295647823415e+01 5.424489477140688779e-05
5.186593296648324269e+01 5.407931996610272786e-05
5.190595297648824413e+01 5.391453718672401012e-05
5.194597298649324557e+01 5.375054118634719276e-05
5.198599299649824701e+01 5.358732676289027874e-05
5.202601300650324845e+01 5.342488875864108617e-05
5.206603301650824989e+01 5.326322205979145476e-05
5.210605302651325843e+01 5.310232159597715783e-05
5.214607303651825987e+01 5.294218233982347932e-05
5.218609304652326131e+01 5.278279930649692326e-05
5.222611305652826275e+01 5.262416755326166669e-05
5.226613306653326418e+01 5.246628217904241614e-05
5.230615307653826562e+01 5.230913832399200741e-05
5.234617308654326706e+01 5.215273116906467721e-05
5.238619309654827561e+01 5.199705593559441691e-05
5.242621310655327704e+01 5.184210788487880154e-05
5.246623311655827848e+01 5.168788231776748761e-05
5.250625312656327992e+01 5.153437457425609134e-05
5.254627313656828136e+01 5.138158003308495252e-05
5.258629314657328280e+01 5.122949411134278410e-05
5.262631315657828424e+01 5.107811226407502444e-05
5.266633316658329278e+01 5.092742998389719730e-05
5.270635317658829422e+01 5.077744280061283899e-05
5.274637318659329566e+01 5.062814628083583686e-05
5.278639319659829710e+01 5.047953602761769414e-05
5.282641320660329853e+01 5.033160768007922649e-05
5.286643321660829997e+01 5.018435691304629716e-05
5.290645322661330852e+01 5.003777943669039039e-05
5.294647323661830995e+01 4.989187099617351494e-05
5.298649324662331139e+01 4.974662737129674630e-05
5.302651325662831283e+01 4.960204437615370224e-05
5.306653326663331427e+01 4.945811785878766377e-05
5.310655327663831571e+01 4.931484370085312117e-05
5.314657328664331715e+01 4.917221781728087069e-05
5.318659329664832569e+01 4.903023615594762427e-05
5.322661330665332713e+01 4.888889469734920390e-05
5.326663331665832857e+01 4.874818945427749001e-05
5.330665332666333001e+01 4.860811647150154412e-05
5.334667333666833144e+01 4.846867182545218047e-05
5.338669334667333288e+01 4.832985162391033925e-05
5.342671335667833432e+01 4.819165200569911899e-05
5.346673336668334287e+01 4.805406914037930544e-05
5.350675337668834430e+01 4.791709922794874945e-05
5.354677338669334574e+01 4.778073849854473312e-05
5.358679339669834718e+01 4.764498321215042208e-05
5.362681340670334862e+01 4.750982965830411635e-05
5.366683341670835006e+01 4.737527415581232299e-05
5.370685342671335860e+01 4.724131305246588488e-05
5.374687343671836004e+01 4.710794272475955861e-05
5.378689344672336148e+01 4.697515957761466877e-05
5.382691345672836292e+01 4.684296004410490647e-05
5.386693346673336436e+01 4.671134058518562436e-05
5.390695347673836579e+01 4.658029768942580155e-05
5.394697348674336723e+01 4.644982787274330174e-05
5.398699349674837578e+01 4.631992767814306552e-05
5.402701350675337721e+01 4.619059367545847393e-05
5.406703351675837865e+01 4.606182246109532771e-05
5.410705352676338009e+01 4.593361065777889606e-05
5.414707353676838153e+01 4.580595491430400817e-05
5.418709354677338297e+01 4.567885190528767205e-05
5.422711355677838441e+01 4.555229833092454636e-05
5.426713356678339295e+01 4.542629091674536655e-05
5.430715357678839439e+01 4.530082641337793934e-05
5.434717358679339583e+01 4.517590159631069171e-05
5.438719359679839727e+01 4.505151326565907282e-05
5.442721360680339870e+01 4.492765824593457824e-05
5.446723361680840014e+01 4.480433338581611886e-05
5.450725362681340869e+01 4.468153555792418833e-05
5.454727363681841013e+01 4.455926165859744288e-05
5.458729364682341156e+01 4.443750860767168670e-05
5.462731365682841300e+01 4.431627334826141877e-05
5.466733366683341444e+01 4.419555284654372426e-05
5.470735367683841588e+01 4.407534409154466635e-05
5.474737368684341732e+01 4.395564409492773130e-05
5.478739369684842586e+01 4.383644989078511276e-05
5.482741370685342730e+01 4.371775853543073757e-05
5.486743371685842874e+01 4.359956710719589364e-05
5.490745372686343018e+01 4.348187270622701271e-05
5.494747373686843162e+01 4.336467245428571635e-05
5.498749374687343305e+01 4.324796349455080677e-05
5.502751375687843449e+01 4.313174299142278516e-05
5.506753376688344304e+01 4.301600813033013189e-05
5.510755377688844447e+01 4.290075611753805320e-05
5.514757378689344591e+01 4.278598417995882041e-05
5.518759379689844735e+01 4.267168956496465693e-05
5.522761380690344879e+01 4.255786954020227193e-05
5.526763381690845023e+01 4.244452139340969114e-05
5.530765382691345167e+01 4.233164243223476144e-05
5.534767383691846021e+01 4.221922998405582380e-05
5.538769384692346165e+01 4.210728139580418195e-05
5.542771385692846309e+01 4.199579403378852940e-05
5.546773386693346453e+01 4.188476528352127380e-05
5.550775387693846596e+01 4.177419254954659603e-05
5.554777388694346740e+01 4.166407325527050150e-05
5.558779389694847595e+01 4.155440484279249099e-05
5.562781390695347739e+01 4.144518477273923050e-05
5.566783391695847882e+01 4.133641052409977961e-05
5.570785392696348026e+01 4.122807959406264944e-05
5.574787393696848170e+01 4.112018949785466312e-05
5.578789394697348314e+01 4.101273776858123924e-05
5.582791395697848458e+01 4.090572195706879632e-05
5.586793396698349312e+01 4.079913963170828881e-05
5.590795397698849456e+01 4.069298837830091846e-05
5.594797398699349600e+01 4.058726579990490932e-05
5.598799399699849744e+01 4.048196951668437684e-05
5.602801400700349888e+01 4.037709716575943686e-05
5.606803401700850031e+01 4.027264640105799519e-05
5.610805402701350175e+01 4.016861489316921768e-05
5.614807403701851030e+01 4.006500032919810484e-05
5.618809404702351173e+01 3.996180041262220096e-05
5.622811405702851317e+01 3.985901286314901475e-05
5.626813406703351461e+01 3.975663541657568293e-05
5.630815407703851605e+01 3.965466582464951471e-05
5.634817408704351749e+01 3.955310185493019648e-05
5.638819409704852603e+01 3.945194129065347370e-05
5.642821410705352747e+01 3.935118193059605936e-05
5.646823411705852891e+01 3.925082158894201275e-05
5.650825412706353035e+01 3.915085809515054822e-05
5.654827413706853179e+01 3.905128929382501601e-05
5.658829414707353322e+01 3.895211304458346893e-05
5.662831415707853466e+01 3.885332722193021824e-05
5.666833416708354321e+01 3.875492971512898877e-05
5.670835417708854465e+01 3.865691842807731412e-05
5.674837418709354608e+01 3.855929127918190761e-05
5.678839419709854752e+01 3.846204620123576796e-05
5.682841420710354896e+01 3.836518114129608458e-05
5.686843421710855040e+01 3.826869406056363361e-05
5.690845422711355184e+01 3.817258293426332598e-05
5.694847423711856038e+01 3.807684575152586672e-05
5.698849424712356182e+01 3.798148051527083053e-05
5.702851425712856326e+01 3.788648524209053020e-05
5.706853426713356470e+01 3.779185796213542996e-05
5.710855427713856614e+01 3.769759671900043980e-05
5.714857428714356757e+01 3.760369956961252434e-05
5.718859429714857612e+01 3.751016458411919266e-05
5.722861430715357756e+01 3.741698984577841112e-05
5.726863431715857899e+01 3.732417345084934965e-05
5.730865432716358043e+01 3.723171350848423935e-05
5.734867433716858187e+01 3.713960814062143632e-05
5.738869434717358331e+01 3.704785548187943407e-05
5.742871435717858475e+01 3.695645367945196019e-05
5.746873436718359329e+01 3.686540089300399464e-05
5.750875437718859473e+01 3.677469529456899407e-05
5.754877438719359617e+01 3.668433506844706501e-05
5.758879439719859761e+01 3.659431841110384837e-05
5.762881440720359905e+01 3.650464353107094230e-05
5.766883441720860048e+01 3.641530864884679933e-05
5.770885442721360192e+01 3.632631199679884325e-05
5.774887443721861047e+01 3.623765181906650072e-05
5.778889444722361191e+01 3.614932637146500553e-05
5.782891445722861334e+01 3.606133392139043595e-05
5.786893446723361478e+01 3.597367274772545018e-05
5.790895447723861622e+01 3.588634114074597042e-05
5.794897448724361766e+01 3.579933740202878172e-05
5.798899449724862620e+01 3.571265984436006597e-05
5.802901450725362764e+01 3.562630679164474910e-05
5.806903451725862908e+01 3.554027657881672907e-05
5.810905452726363052e+01 3.545456755174999843e-05
5.814907453726863196e+01 3.536917806717062066e-05
5.818909454727363340e+01 3.528410649256943834e-05
5.822911455727863483e+01 3.519935120611579775e-05
5.826913456728364338e+01 3.511491059657195790e-05
5.830915457728864482e+01 3.503078306320832623e-05
5.834917458729364625e+01 3.494696701571955495e-05
5.838919459729864769e+01 3.486346087414141657e-05
5.842921460730364913e+01 3.478026306876838423e-05
5.846923461730865057e+01 3.469737204007214713e-05
5.850925462731365201e+01 3.461478623862073584e-05
5.854927463731866055e+01 3.453250412499853523e-05
5.858929464732366199e+01 3.445052416972697515e-05
5.862931465732866343e+01 3.436884485318592573e-05
5.866933466733366487e+01 3.428746466553599396e-05
5.870935467733866631e+01 3.420638210664137598e-05
5.874937468734366774e+01 3.412559568599354273e-05
5.878939469734866918e+01 3.404510392263551525e-05
5.882941470735367773e+01 3.396490534508703440e-05
5.886943471735867917e+01 3.388499849127022523e-05
5.890945472736368060e+01 3.380538190843614230e-05
5.894947473736868204e+01 3.372605415309174864e-05
5.898949474737368348e+01 3.364701379092790442e-05
5.902951475737868492e+01 3.356825939674770796e-05
5.906953476738369346e+01 3.348978955439561601e-05
5.910955477738869490e+01 3.341160285668741783e-05
5.914957478739369634e+01 3.333369790534044646e-05
5.918959479739869778e+01 3.325607331090476578e-05
5.922961480740369922e+01 3.317872769269489285e-05
5.926963481740870066e+01 3.310165967872205563e-05
5.930965482741370209e+01 3.302486790562723668e-05
5.934967483741871064e+01 3.294835101861465064e-05
5.938969484742371208e+01 3.287210767138603473e-05
5.942971485742871351e+01 3.279613652607529177e-05
5.946973486743371495e+01 3.272043625318394618e-05
5.950975487743871639e+01 3.264500553151710837e-05
5.954977488744371783e+01 3.256984304811989301e-05
5.958979489744871927e+01 3.249494749821471150e-05
5.962981490745372781e+01 3.242031758513877449e-05
5.966983491745872925e+01 3.234595202028251598e-05
5.970985492746373069e+01 3.227184952302822069e-05
5.974987493746873213e+01 3.219800882068954591e-05
5.978989494747373357e+01 3.212442864845121954e-05
5.982991495747873500e+01 3.205110774930969357e-05
5.986993496748374355e+01 3.197804487401397373e-05
5.990995497748874499e+01 3.190523878100721489e-05
5.994997498749374643e+01 3.183268823636866882e-05
5.998999499749874786e+01 3.176039201375626211e-05
6.003001500750374930e+01 3.168834889434966201e-05
6.007003501750875074e+01 3.161655766679387759e-05
6.011005502751375218e+01 3.154501712714319973e-05
6.015007503751876072e+01 3.147372607880592033e-05
6.019009504752376216e+01 3.140268333248932262e-05
6.023011505752876360e+01 3.133188770614515932e-05
6.027013506753376504e+01 3.126133802491578141e-05
6.031015507753876648e+01 3.119103312108057168e-05
6.035017508754376792e+01 3.112097183400301540e-05
6.039019509754876935e+01 3.105115301007792673e-05
6.043021510755377790e+01 3.098157550267959681e-05
6.047023511755877934e+01 3.091223817211004337e-05
6.051025512756378077e+01 3.084313988554779578e-05
6.055027513756878221e+01 3.077427951699720181e-05
6.059029514757378365e+01 3.070565594723810029e-05
6.063031515757878509e+01 3.063726806377604271e-05
6.067033516758379363e+01 3.056911476079273164e-05
6.071035517758879507e+01 3.050119493909721804e-05
6.075037518759379651e+01 3.043350750607715284e-05
6.079039519759879795e+01 3.036605137565077033e-05
6.083041520760379939e+01 3.029882546821911215e-05
6.087043521760880083e+01 3.023182871061872890e-05
6.091045522761380226e+01 3.016506003607476137e-05
6.095047523761881081e+01 3.009851838415445867e-05
6.099049524762381225e+01 3.003220270072112346e-05
6.103051525762881369e+01 2.996611193788833820e-05
6.107053526763381512e+01 2.990024505397469976e-05
6.111055527763881656e+01 2.983460101345891647e-05
6.115057528764381800e+01 2.976917878693522036e-05
6.119059529764881944e+01 2.970397735106932479e-05
6.123061530765382798e+01 2.963899568855451767e-05
6.127063531765882942e+01 2.957423278806839499e-05
6.131065532766383086e+01 2.950968764422974688e-05
6.135067533766883230e+01 2.944535925755590780e-05
6.139069534767383374e+01 2.938124663442053024e-05
6.143071535767883518e+01 2.931734878701153799e-05
6.147073536768384372e+01 2.925366473328961140e-05
6.151075537768884516e+01 2.919019349694696057e-05
6.155077538769384660e+01 2.912693410736643738e-05
6.159079539769884803e+01 2.906388559958098292e-05
6.163081540770384947e+01 2.900104701423342397e-05
6.167083541770885091e+01 2.893841739753670304e-05
6.171085542771385235e+01 2.887599580123422036e-05
6.175087543771886089e+01 2.881378128256076527e-05
6.179089544772386233e+01 2.875177290420364760e-05
6.183091545772886377e+01 2.868996973426408991e-05
6.187093546773386521e+01 2.862837084621908730e-05
6.191095547773886665e+01 2.856697531888349419e-05
6.195097548774386809e+01 2.850578223637246689e-05
6.199099549774886952e+01 2.844479068806416027e-05
6.203101550775387807e+01 2.838399976856284117e-05
6.207103551775887951e+01 2.832340857766223560e-05
6.211105552776388095e+01 2.826301622030910290e-05
6.215107553776888238e+01 2.820282180656734532e-05
6.219109554777388382e+01 2.814282445158213441e-05
6.223111555777888526e+01 2.808302327554457965e-05
6.227113556778388670e+01 2.802341740365646132e-05
6.231115557778889524e+01 2.796400596609549544e-05
6.235117558779389668e+01 2.790478809798072732e-05
6.239119559779889812e+01 2.784576293933813872e-05
6.243121560780389956e+01 2.778692963506679354e-05
6.247123561780890100e+01 2.772828733490502435e-05
6.251125562781390244e+01 2.766983519339700164e-05
6.255127563781891098e+01 2.761157236985955726e-05
6.259129564782391242e+01 2.755349802834928565e-05
6.263131565782891386e+01 2.749561133762993306e-05
6.267133566783391529e+01 2.743791147113992912e-05
6.271135567783891673e+01 2.738039760696044689e-05
6.275137568784391817e+01 2.732306892778337145e-05
6.279139569784891961e+01 2.726592462087989196e-05
6.283141570785392815e+01 2.720896387806897508e-05
6.287143571785892959e+01 2.715218589568650583e-05
6.291145572786393103e+01 2.709558987455432349e-05
6.295147573786893247e+01 2.703917501994965728e-05
6.299149574787393391e+01 2.698294054157483979e-05
6.303151575787893535e+01 2.692688565352716282e-05
6.307153576788393678e+01 2.687100957426917701e-05
6.311155577788894533e+01 2.681531152659884576e-05
6.315157578789394677e+01 2.675979073762045139e-05
6.319159579789894821e+01 2.670444643871527080e-05
6.323161580790394964e+01 2.664927786551276963e-05
6.327163581790895108e+01 2.659428425786191153e-05
6.331165582791395252e+01 2.653946485980272494e-05
6.335167583791896107e+01 2.648481891953809696e-05
6.339169584792396250e+01 2.643034568940584827e-05
6.343171585792896394e+01 2.637604442585079470e-05
6.347173586793396538e+01 2.632191438939744896e-05
6.351175587793896682e+01 2.626795484462251246e-05
6.355177588794396826e+01 2.621416506012786850e-05
6.359179589794896970e+01 2.616054430851361270e-05
6.363181590795397824e+01 2.610709186635147994e-05
6.367183591795897968e+01 2.605380701415831865e-05
6.371185592796398112e+01 2.600068903636976501e-05
6.375187593796898256e+01 2.594773722131436442e-05
6.379189594797398399e+01 2.589495086118753371e-05
6.383191595797898543e+01 2.584232925202606545e-05
6.387193596798398687e+01 2.578987169368260511e-05
6.391195597798899541e+01 2.573757748980044004e-05
6.395197598799399685e+01 2.568544594778846791e-05
6.399199599799899829e+01 2.563347637879627360e-05
6.403201600800400684e+01 2.558166809768958223e-05
6.407203601800900117e+01 2.553002042302575278e-05
6.411205602801400971e+01 2.547853267702943433e-05
6.415207603801900405e+01 2.542720418556863575e-05
6.419209604802401259e+01 2.537603427813065637e-05
6.423211605802900692e+01 2.532502228779853846e-05
6.427213606803401547e+01 2.527416755122740793e-05
6.431215607803902401e+01 2.522346940862122495e-05
6.435217608804401834e+01 2.517292720370958544e-05
6.439219609804902689e+01 2.512254028372470544e-05
6.443221610805402122e+01 2.507230799937867663e-05
6.447223611805902976e+01 2.502222970484077261e-05
6.451225612806402410e+01 2.497230475771506348e-05
6.455227613806903264e+01 2.492253251901803391e-05
6.459229614807404118e+01 2.487291235315658731e-05
6.463231615807903552e+01 2.482344362790602304e-05
6.467233616808404406e+01 2.477412571438824390e-05
6.471235617808903839e+01 2.472495798705023475e-05
6.475237618809404694e+01 2.467593982364252412e-05
6.479239619809904127e+01 2.462707060519798131e-05
6.483241620810404982e+01 2.457834971601061347e-05
6.487243621810905836e+01 2.452977654361473533e-05
6.491245622811405269e+01 2.448135047876405089e-05
6.495247623811906124e+01 2.443307091541102651e-05
6.499249624812405557e+01 2.438493725068651121e-05
6.503251625812906411e+01 2.433694888487927585e-05
6.507253626813405845e+01 2.428910522141592481e-05
6.511255627813906699e+01 2.424140566684083829e-05
6.515257628814407553e+01 2.419384963079632464e-05
6.519259629814906987e+01 2.414643652600290818e-05
6.523261630815407841e+01 2.409916576823966790e-05
6.527263631815907274e+01 2.405203677632494880e-05
6.531265632816408129e+01 2.400504897209697501e-05
6.535267633816907562e+01 2.395820178039480175e-05
6.539269634817408416e+01 2.391149462903921635e-05
6.543271635817909271e+01 2.386492694881397824e-05
6.547273636818408704e+01 2.381849817344710966e-05
6.551275637818909559e+01 2.377220773959227109e-05
6.555277638819408992e+01 2.372605508681037724e-05
6.559279639819909846e+01 2.368003965755127407e-05
6.563281640820410701e+01 2.363416089713562241e-05
6.567283641820910134e+01 2.358841825373685959e-05
6.571285642821410988e+01 2.354281117836325922e-05
6.575287643821910422e+01 2.349733912484029263e-05
6.579289644822411276e+01 2.345200154979288181e-05
6.583291645822910709e+01 2.340679791262798782e-05
6.587293646823411564e+01 2.336172767551719916e-05
6.591295647823912418e+01 2.331679030337957089e-05
6.595297648824411851e+01 2.327198526386442648e-05
6.599299649824912706e+01 2.322731202733442730e-05
6.603301650825412139e+01 2.318277006684869295e-05
6.607303651825912993e+01 2.313835885814607410e-05
6.611305652826412427e+01 2.309407787962859120e-05
6.615307653826913281e+01 2.304992661234483615e-05
6.619309654827414136e+01 2.300590453997370915e-05
6.623311655827913569e+01 2.296201114880814557e-05
6.627313656828414423e+01 2.291824592773893424e-05
6.631315657828913857e+01 2.287460836823877625e-05
6.635317658829414711e+01 2.283109796434633023e-05
6.639319659829914144e+01 2.278771421265047794e-05
6.643321660830414999e+01 2.274445661227463036e-05
6.647323661830915853e+01 2.270132466486119991e-05
6.651325662831415286e+01 2.265831787455615740e-05
6.655327663831916141e+01 2.261543574799367690e-05
6.659329664832415574e+01 2.257267779428098075e-05
6.663331665832916428e+01 2.253004352498313694e-05
6.667333666833415862e+01 2.248753245410820554e-05
6.671335667833916716e+01 2.244514409809217511e-05
6.675337668834417570e+01 2.240287797578434625e-05
6.679339669834917004e+01 2.236073360843259666e-05
6.683341670835417858e+01 2.231871051966873761e-05
6.687343671835917291e+01 2.227680823549417873e-05
6.691345672836418146e+01 2.223502628426546075e-05
6.695347673836917579e+01 2.219336419668006932e-05
6.699349674837418434e+01 2.215182150576223543e-05
6.703351675837919288e+01 2.211039774684892540e-05
6.707353676838418721e+01 2.206909245757584457e-05
6.711355677838919576e+01 2.202790517786357982e-05
6.715357678839419009e+01 2.198683544990390811e-05
6.719359679839919863e+01 2.194588281814603733e-05
6.723361680840420718e+01 2.190504682928315195e-05
6.727363681840920151e+01 2.186432703223891480e-05
6.731365682841421005e+01 2.182372297815399914e-05
6.735367683841920439e+01 2.178323422037298007e-05
6.739369684842421293e+01 2.174286031443103945e-05
6.743371685842920726e+01 2.170260081804092838e-05
6.747373686843421581e+01 2.166245529107995000e-05
6.751375687843922435e+01 2.162242329557704054e-05
6.755377688844421868e+01 2.158250439570004689e-05
6.759379689844922723e+01 2.154269815774285848e-05
6.763381690845422156e+01 2.150300415011294233e-05
6.767383691845923011e+01 2.146342194331863417e-05
6.771385692846422444e+01 2.142395110995682259e-05
6.775387693846923298e+01 2.138459122470046716e-05
6.779389694847424153e+01 2.134534186428641470e-05
6.783391695847923586e+01 2.130620260750317491e-05
6.787393696848424440e+01 2.126717303517872308e-05
6.791395697848923874e+01 2.122825273016861117e-05
6.795397698849424728e+01 2.118944127734393313e-05
6.799399699849924161e+01 2.115073826357950711e-05
6.803401700850425016e+01 2.111214327774204748e-05
6.807403701850925870e+01 2.107365591067855373e-05
6.811405702851425303e+01 2.103527575520464172e-05
6.815407703851926158e+01 2.099700240609298678e-05
6.819409704852425591e+01 2.095883546006193618e-05
6.823411705852926445e+01 2.092077451576406403e-05
6.827413706853425879e+01 2.088281917377499383e-05
6.831415707853926733e+01 2.084496903658198386e-05
6.835417708854427588e+01 2.080722370857299709e-05
6.839419709854927021e+01 2.076958279602551010e-05
6.843421710855427875e+01 2.073204590709555259e-05
6.847423711855927309e+01 2.069461265180682797e-05
6.851425712856428163e+01 2.065728264203980707e-05
6.855427713856927596e+01 2.062005549152105883e-05
6.859429714857428451e+01 2.058293081581246932e-05
6.863431715857929305e+01 2.054590823230070462e-05
6.867433716858428738e+01 2.050898736018660936e-05
6.871435717858929593e+01 2.047216782047475096e-05
6.875437718859429026e+01 2.043544923596304853e-05
6.879439719859929880e+01 2.039883123123239846e-05
6.883441720860429314e+01 2.036231343263646931e-05
6.887443721860930168e+01 2.032589546829144259e-05
6.891445722861431022e+01 2.028957696806594319e-05
6.895447723861930456e+01 2.025335756357102751e-05
6.899449724862431310e+01 2.021723688815005288e-05
6.903451725862930743e+01 2.018121457686895706e-05
6.907453726863431598e+01 2.014529026650624291e-05
6.911455727863932452e+01 2.010946359554329169e-05
6.915457728864431886e+01 2.007373420415464594e-05
6.919459729864932740e+01 2.003810173419827876e-05
6.923461730865432173e+01 2.000256582920612394e-05
6.927463731865933028e+01 1.996712613437442662e-05
6.931465732866432461e+01 1.993178229655443606e-05
6.935467733866933315e+01 1.989653396424284092e-05
6.939469734867434170e+01 1.986138078757260103e-05
6.943471735867933603e+01 1.982632241830357918e-05
6.947473736868434457e+01 1.979135850981333892e-05
6.951475737868933891e+01 1.975648871708809154e-05
6.955477738869434745e+01 1.972171269671345320e-05
6.959479739869934178e+01 1.968703010686559851e-05
6.963481740870435033e+01 1.965244060730214650e-05
6.967483741870935887e+01 1.961794385935336160e-05
6.971485742871435320e+01 1.958353952591328014e-05
6.975487743871936175e+01 1.954922727143086394e-05
6.979489744872435608e+01 1.951500676190140801e-05
6.983491745872936463e+01 1.948087766485770428e-05
6.987493746873435896e+01 1.944683964936159162e-05
6.991495747873936750e+01 1.941289238599525513e-05
6.995497748874437605e+01 1.937903554685286759e-05
6.999499749874937038e+01 1.934526880553202427e-05
7.003501750875437892e+01 1.931159183712543185e-05
7.007503751875937326e+01 1.927800431821257023e-05
7.011505752876438180e+01 1.924450592685137467e-05
7.015507753876937613e+01 1.921109634257008053e-05
7.019509754877438468e+01 1.917777524635895964e-05
7.023511755877939322e+01 1.914454232066229721e-05
7.027513756878438755e+01 1.911139724937032806e-05
7.031515757878939610e+01 1.907833971781113222e-05
7.035517758879439043e+01 1.904536941274278798e-05
7.039519759879939897e+01 1.901248602234538953e-05
7.043521760880439331e+01 1.897968923621328805e-05
7.047523761880940185e+01 1.894697874534715339e-05
7.051525762881441040e+01 1.891435424214634394e-05
7.055527763881940473e+01 1.888181542040119867e-05
7.059529764882441327e+01 1.884936197528526474e-05
7.063531765882940761e+01 1.881699360334787409e-05
7.067533766883441615e+01 1.878471000250645580e-05
7.071535767883942469e+01 1.875251087203907879e-05
7.075537768884441903e+01 1.872039591257704198e-05
7.079539769884942757e+01 1.868836482609736619e-05
7.083541770885442190e+01 1.865641731591557404e-05
7.087543771885943045e+01 1.862455308667824281e-05
7.091545772886442478e+01 1.859277184435584874e-05
7.095547773886943332e+01 1.856107329623547914e-05
7.099549774887444187e+01 1.852945715091369698e-05
7.103551775887943620e+01 1.849792311828942583e-05
7.107553776888444474e+01 1.846647090955684493e-05
7.111555777888943908e+01 1.843510023719839271e-05
7.115557778889444762e+01 1.840381081497769914e-05
7.119559779889944195e+01 1.837260235793277899e-05
7.123561780890445050e+01 1.834147458236898786e-05
7.127563781890945904e+01 1.831042720585227308e-05
7.131565782891445338e+01 1.827945994720234997e-05
7.135567783891946192e+01 1.824857252648585783e-05
7.139569784892445625e+01 1.821776466500971581e-05
7.143571785892946480e+01 1.818703608531440426e-05
7.147573786893445913e+01 1.815638651116738156e-05
7.151575787893946767e+01 1.812581566755639936e-05
7.155577788894447622e+01 1.809532328068300412e-05
7.159579789894947055e+01 1.806490907795605904e-05
7.163581790895447909e+01 1.803457278798513717e-05
7.167583791895947343e+01 1.800431414057428387e-05
7.171585792896448197e+01 1.797413286671545061e-05
7.175587793896947630e+01 1.794402869858226080e-05
7.179589794897448485e+01 1.791400136952361980e-05
7.183591795897949339e+01 1.788405061405754510e-05
7.187593796898448772e+01 1.785417616786482035e-05
7.191595797898949627e+01 1.782437776778287984e-05
7.195597798899449060e+01 1.779465515179965216e-05
7.199599799899949915e+01 1.776500805904739728e-05
7.203601800900449348e+01 1.773543622979669259e-05
7.207603801900950202e+01 1.770593940545033424e-05
7.211605802901451057e+01 1.767651732853743843e-05
7.215607803901950490e+01 1.764716974270734952e-05
7.219609804902451344e+01 1.761789639272377521e-05
7.223611805902950778e+01 1.758869702445896909e-05
7.227613806903451632e+01 1.755957138488773705e-05
7.231615807903951065e+01 1.753051922208174860e-05
7.235617808904451920e+01 1.750154028520366524e-05
7.239619809904952774e+01 1.747263432450150598e-05
7.243621810905452207e+01 1.744380109130281640e-05
7.247623811905953062e+01 1.741504033800906804e-05
7.251625812906452495e+01 1.738635181809006461e-05
7.255627813906953349e+01 1.735773528607818553e-05
7.259629814907454204e+01 1.732919049756302256e-05
7.263631815907953637e+01 1.730071720918571480e-05
7.267633816908454492e+01 1.727231517863343622e-05
7.271635817908953925e+01 1.724398416463405258e-05
7.275637818909454779e+01 1.721572392695055133e-05
7.279639819909954213e+01 1.718753422637575614e-05
7.283641820910455067e+01 1.715941482472688892e-05
7.287643821910955921e+01 1.713136548484027420e-05
7.291645822911455355e+01 1.710338597056605025e-05
7.295647823911956209e+01 1.707547604676285647e-05
7.299649824912455642e+01 1.704763547929266312e-05
7.303651825912956497e+01 1.701986403501549262e-05
7.307653826913455930e+01 1.699216148178436781e-05
7.311655827913956784e+01 1.696452758844002311e-05
7.315657828914457639e+01 1.693696212480590700e-05
7.319659829914957072e+01 1.690946486168311679e-05
7.323661830915457926e+01 1.688203557084524186e-05
7.327663831915957360e+01 1.685467402503348138e-05
7.331665832916458214e+01 1.682737999795155194e-05
7.335667833916957647e+01 1.680015326426082556e-05
7.339669834917458502e+01 1.677299359957532546e-05
7.343671835917959356e+01 1.674590078045691828e-05
7.347673836918458790e+01 1.671887458441038434e-05
7.351675837918959644e+01 1.669191478987857601e-05
7.355677838919459077e+01 1.666502117623769465e-05
7.359679839919959932e+01 1.663819352379241511e-05
7.363681840920459365e+01 1.661143161377122361e-05
7.367683841920960219e+01 1.658473522832162360e-05
7.371685842921461074e+01 1.655810415050551089e-05
7.375687843921960507e+01 1.653153816429448454e-05
7.379689844922461361e+01 1.650503705456519830e-05
7.383691845922960795e+01 1.647860060709478665e-05
7.387693846923461649e+01 1.645222860855625693e-05
7.391695847923961082e+01 1.642592084651397298e-05
7.395697848924461937e+01 1.639967710941907098e-05
7.399699849924962791e+01 1.637349718660505149e-05
7.403701850925462224e+01 1.634738086828323937e-05
7.407703851925963079e+01 1.632132794553835207e-05
7.411705852926462512e+01 1.629533821032412222e-05
7.415707853926963367e+01 1.626941145545885234e-05
7.419709854927464221e+01 1.624354747462110517e-05
7.423711855927963654e+01 1.621774606234532959e-05
7.427713856928464509e+01 1.619200701401754414e-05
7.431715857928963942e+01 1.616633012587110862e-05
7.435717858929464796e+01 1.614071519498236695e-05
7.439719859929964230e+01 1.611516201926650692e-05
7.443721860930465084e+01 1.608967039747329105e-05
7.447723861930965938e+01 1.606424012918288591e-05
7.451725862931465372e+01 1.603887101480173529e-05
7.455727863931966226e+01 1.601356285555833185e-05
7.459729864932465659e+01 1.598831545349922251e-05
7.463731865932966514e+01 1.596312861148483427e-05
7.467733866933465947e+01 1.593800213318545588e-05
7.471735867933966802e+01 1.591293582307716869e-05
7.475737868934467656e+01 1.588792948643785884e-05
7.479739869934967089e+01 1.586298292934321585e-05
7.483741870935467944e+01 1.583809595866274820e-05
7.487743871935967377e+01 1.581326838205585647e-05
7.491745872936468231e+01 1.578850000796787261e-05
7.495747873936967665e+01 1.576379064562626186e-05
7.499749874937468519e+01 1.573914010503660104e-05
7.503751875937969373e+01 1.571454819697884819e-05
7.507753876938468807e+01 1.569001473300346658e-05
7.511755877938969661e+01 1.566553952542757916e-05
7.515757878939469094e+01 1.564112238733123822e-05
7.519759879939969949e+01 1.561676313255360698e-05
7.523761880940469382e+01 1.559246157568930721e-05
7.527763881940970236e+01 1.556821753208456686e-05
7.531765882941471091e+01 1.554403081783365241e-05
7.535767883941970524e+01 1.551990124977509786e-05
7.539769884942471379e+01 1.549582864548806587e-05
7.543771885942970812e+01 1.547181282328878346e-05
7.547773886943471666e+01 1.544785360222679474e-05
7.551775887943971100e+01 1.542395080208152193e-05
7.555777888944471954e+01 1.540010424335854861e-05
7.559779889944972808e+01 1.537631374728616718e-05
7.563781890945472242e+01 1.535257913581180780e-05
7.567783891945973096e+01 1.532890023159852490e-05
7.571785892946472529e+01 1.530527685802153109e-05
7.575787893946973384e+01 1.528170883916467351e-05
7.579789894947472817e+01 1.525819599981705589e-05
7.583791895947973671e+01 1.523473816546954199e-05
7.587793896948474526e+01 1.521133516231137759e-05
7.591795897948973959e+01 1.518798681722681089e-05
7.595797898949474813e+01 1.516469295779166538e-05
7.599799899949974247e+01 1.514145341227004658e-05
7.603801900950475101e+01 1.511826800961097254e-05
7.607803901950975956e+01 1.509513657944508059e-05
7.611805902951475389e+01 1.507205895208130187e-05
7.615807903951976243e+01 1.504903495850361890e-05
7.619809904952475677e+01 1.502606443036777233e-05
7.623811905952976531e+01 1.500314719999804557e-05
7.627813906953475964e+01 1.498028310038405116e-05
7.631815907953976819e+01 1.495747196517746631e-05
7.635817908954477673e+01 1.493471362868894464e-05
7.639819909954977106e+01 1.491200792588487199e-05
7.643821910955477961e+01 1.488935469238423075e-05
7.647823911955977394e+01 1.486675376445550139e-05
7.651825912956478248e+01 1.484420497901350474e-05
7.655827913956977682e+01 1.482170817361635603e-05
7.659829914957478536e+01 1.479926318646232582e-05
7.663831915957979390e+01 1.477686985638682454e-05
7.667833916958478824e+01 1.475452802285936336e-05
7.671835917958979678e+01 1.473223752598046924e-05
7.675837918959479111e+01 1.470999820647874920e-05
7.679839919959979966e+01 1.468780990570783414e-05
7.683841920960479399e+01 1.466567246564345493e-05
7.687843921960980254e+01 1.464358572888043545e-05
7.691845922961481108e+01 1.462154953862978723e-05
7.695847923961980541e+01 1.459956373871577705e-05
7.699849924962481396e+01 1.457762817357297587e-05
7.703851925962980829e+01 1.455574268824344498e-05
7.707853926963481683e+01 1.453390712837375954e-05
7.711855927963981117e+01 1.451212134021224385e-05
7.715857928964481971e+01 1.449038517060603216e-05
7.719859929964982825e+01 1.446869846699832934e-05
7.723861930965482259e+01 1.444706107742555303e-05
7.727863931965983113e+01 1.442547285051449943e-05
7.731865932966482546e+01 1.440393363547963791e-05
7.735867933966983401e+01 1.438244328212027849e-05
7.739869934967482834e+01 1.436100164081786138e-05
7.743871935967983688e+01 1.433960856253318377e-05
7.747873936968484543e+01 1.431826389880372489e-05
7.751875937968983976e+01 1.429696750174090166e-05
7.755877938969484831e+01 1.427571922402737677e-05
7.759879939969984264e+01 1.425451891891441429e-05
7.763881940970485118e+01 1.423336644021917759e-05
7.767883941970985973e+01 1.421226164232211885e-05
7.771885942971485406e+01 1.419120438016432945e-05
7.775887943971986260e+01 1.417019450924490069e-05
7.779889944972485694e+01 1.414923188561837082e-05
7.783891945972986548e+01 1.412831636589208734e-05
7.787893946973485981e+01 1.410744780722365578e-05
7.791895947973986836e+01 1.408662606731837147e-05
7.795897948974487690e+01 1.406585100442667846e-05
7.799899949974987123e+01 1.404512247734165213e-05
7.803901950975487978e+01 1.402444034539641063e-05
7.807903951975987411e+01 1.400380446846170430e-05
7.811905952976488265e+01 1.398321470694336769e-05
7.815907953976987699e+01 1.396267092177985141e-05
7.819909954977488553e+01 1.394217297443975379e-05
7.823911955977989408e+01 1.392172072691937639e-05
7.827913956978488841e+01 1.390131404174030659e-05
7.831915957978989695e+01 1.388095278194693739e-05
7.835917958979489129e+01 1.386063681110411954e-05
7.839919959979989983e+01 1.384036599329471523e-05
7.843921960980489416e+01 1.382014019311724507e-05
7.847923961980990271e+01 1.379995927568348590e-05
7.851925962981491125e+01 1.377982310661614483e-05
7.855927963981990558e+01 1.375973155204649602e-05
7.859929964982491413e+01 1.373968447861203271e-05
7.863931965982990846e+01 1.371968175345417684e-05
7.867933966983491700e+01 1.369972324421593107e-05
7.871935967983991134e+01 1.367980881903961721e-05
7.875937968984491988e+01 1.365993834656459600e-05
7.879939969984992842e+01 1.364011169592493947e-05
7.883941970985492276e+01 1.362032873674725915e-05
7.887943971985993130e+01 1.360058933914836823e-05
7.891945972986492563e+01 1.358089337373311491e-05
7.895947973986993418e+01 1.356124071159212076e-05
7.899949974987492851e+01 1.354163122429959709e-05
7.903951975987993706e+01 1.352206478391110711e-05
7.907953976988494560e+01 1.350254126296142461e-05
7.911955977988993993e+01 1.348306053446231642e-05
7.915957978989494848e+01 1.346362247190040791e-05
7.919959979989994281e+01 1.344422694923503152e-05
7.923961980990495135e+01 1.342487384089603292e-05
7.927963981990994569e+01 1.340556302178173648e-05
7.931965982991495423e+01 1.338629436725671415e-05
7.935967983991996277e+01 1.336706775314978815e-05
7.939969984992495711e+01 1.334788305575185755e-05
7.943971985992996565e+01 1.332874015181382632e-05
7.947973986993495998e+01 1.330963891854457733e-05
7.951975987993996853e+01 1.329057923360883269e-05
7.955977988994497707e+01 1.327156097512518185e-05
7.959979989994997140e+01 1.325258402166398269e-05
7.963981990995497995e+01 1.323364825224536081e-05
7.967983991995997428e+01 1.321475354633717494e-05
7.971985992996498283e+01 1.319589978385300104e-05
7.975987993996997716e+01 1.317708684515018576e-05
7.979989994997498570e+01 1.315831461102777637e-05
7.983991995997999425e+01 1.313958296272460807e-05
7.987993996998498858e+01 1.312089178191733389e-05
7.991995997998999712e+01 1.310224095071842390e-05
7.995997998999499146e+01 1.308363035167425777e-05
8.000000000000000000e+01 1.306505986776319010e-05
