0.000000000000000000e+00 8.166966844208979961e-05
4.002001000500250011e-02 8.201655896447525990e-05
8.004002001000500022e-02 8.236588238150651363e-05
1.200600300150075073e-01 8.271766336012709739e-05
1.600800400200100004e-01 8.307192690009418553e-05
2.001000500250124936e-01 8.342869833962176759e-05
2.401200600300150145e-01 8.378800336113944236e-05
2.801400700350175077e-01 8.414986799716957970e-05
3.201600800400200009e-01 8.451431863632545224e-05
3.601800900450224940e-01 8.488138202943357592e-05
4.002001000500249872e-01 8.525108529578249571e-05
4.402201100550274804e-01 8.562345592950236668e-05
4.802401200600300291e-01 8.599852180607729570e-05
5.202601300650324667e-01 8.637631118899448228e-05
5.602801400700350154e-01 8.675685273653286917e-05
6.003001500750374531e-01 8.714017550869558528e-05
6.403201600800400017e-01 8.752630897428904043e-05
6.803401700850425504e-01 8.791528301815223643e-05
7.203601800900449881e-01 8.830712794854083433e-05
7.603801900950475368e-01 8.870187450466898672e-05
8.004002001000499744e-01 8.909955386441336669e-05
8.404202101050525231e-01 8.950019765218333715e-05
8.804402201100549608e-01 8.990383794696138063e-05
9.204602301150575094e-01 9.031050729051843791e-05
9.604802401200600581e-01 9.072023869580808587e-05
1.000500250125062607e+00 9.113306565554447404e-05
1.040520260130064933e+00 9.154902215096870897e-05
1.080540270135067482e+00 9.196814266080857909e-05
1.120560280140070031e+00 9.239046217043614634e-05
1.160580290145072579e+00 9.281601618122912718e-05
1.200600300150074906e+00 9.324484072014068445e-05
1.240620310155077455e+00 9.367697234948318638e-05
1.280640320160080003e+00 9.411244817693216718e-05
1.320660330165082552e+00 9.455130586575493431e-05
1.360680340170085101e+00 9.499358364527162859e-05
1.400700350175087427e+00 9.543932032155292514e-05
1.440720360180089976e+00 9.588855528836216758e-05
1.480740370185092525e+00 9.634132853834766837e-05
1.520760380190095074e+00 9.679768067449224969e-05
1.560780390195097400e+00 9.725765292182648937e-05
1.600800400200099949e+00 9.772128713941347815e-05
1.640820410205102498e+00 9.818862583261176965e-05
1.680840420210105046e+00 9.865971216562455974e-05
1.720860430215107595e+00 9.913458997434263051e-05
1.760880440220109922e+00 9.961330377948920381e-05
1.800900450225112470e+00 1.000958988000751748e-04
1.840920460230115019e+00 1.005824209671729385e-04
1.880940470235117568e+00 1.010729169380180108e-04
1.920960480240120116e+00 1.015674341104472813e-04
1.960980490245122443e+00 1.020660206376836548e-04
2.001000500250125214e+00 1.025687254434763386e-04
2.041020510255127540e+00 1.030755982376070471e-04
2.081040520260129867e+00 1.035866895317727785e-04
2.121060530265132638e+00 1.041020506558553517e-04
2.161080540270134964e+00 1.046217337745885894e-04
2.201100550275137291e+00 1.051457919046355728e-04
2.241120560280140062e+00 1.056742789320864312e-04
2.281140570285142388e+00 1.062072496303896504e-04
2.321160580290145159e+00 1.067447596787293669e-04
2.361180590295147486e+00 1.072868656808614700e-04
2.401200600300149812e+00 1.078336251844212230e-04
2.441220610305152583e+00 1.083850967007182200e-04
2.481240620310154910e+00 1.089413397250306448e-04
2.521260630315157680e+00 1.095024147574153388e-04
2.561280640320160007e+00 1.100683833240479630e-04
2.601300650325162334e+00 1.106393079991097598e-04
2.641320660330165104e+00 1.112152524272369889e-04
2.681340670335167431e+00 1.117962813465495309e-04
2.721360680340170202e+00 1.123824606122773330e-04
2.761380690345172528e+00 1.129738572210012856e-04
2.801400700350174855e+00 1.135705393355286016e-04
2.841420710355177626e+00 1.141725763104210880e-04
2.881440720360179952e+00 1.147800387181974397e-04
2.921460730365182723e+00 1.153929983762289204e-04
2.961480740370185050e+00 1.160115283743514038e-04
3.001500750375187376e+00 1.166357031032150645e-04
3.041520760380190147e+00 1.172655982833950577e-04
3.081540770385192474e+00 1.179012909952873231e-04
3.121560780390194800e+00 1.185428597098138275e-04
3.161580790395197571e+00 1.191903843199632258e-04
3.201600800400199898e+00 1.198439461731935031e-04
3.241620810405202668e+00 1.205036281047237986e-04
3.281640820410204995e+00 1.211695144717442910e-04
3.321660830415207322e+00 1.218416911885735539e-04
3.361680840420210092e+00 1.225202457627946493e-04
3.401700850425212419e+00 1.232052673324003135e-04
3.441720860430215190e+00 1.238968467039819050e-04
3.481740870435217516e+00 1.245950763919958062e-04
3.521760880440219843e+00 1.253000506591417677e-04
3.561780890445222614e+00 1.260118655578919993e-04
3.601800900450224940e+00 1.267306189732073259e-04
3.641820910455227711e+00 1.274564106664814191e-04
3.681840920460230038e+00 1.281893423207541155e-04
3.721860930465232364e+00 1.289295175872359951e-04
3.761880940470235135e+00 1.296770421331895412e-04
3.801900950475237462e+00 1.304320236912122008e-04
3.841920960480240232e+00 1.311945721099707577e-04
3.881940970485242559e+00 1.319647994064348053e-04
3.921960980490244886e+00 1.327428198196632300e-04
3.961980990495247656e+00 1.335287498661962631e-04
4.002001000500250427e+00 1.343227083971099665e-04
4.042021010505252754e+00 1.351248166567902364e-04
4.082041020510255080e+00 1.359351983434886114e-04
4.122061030515257407e+00 1.367539796717213063e-04
4.162081040520259734e+00 1.375812894365786637e-04
4.202101050525262949e+00 1.384172590800106727e-04
4.242121060530265275e+00 1.392620227591638256e-04
4.282141070535267602e+00 1.401157174168381040e-04
4.322161080540269928e+00 1.409784828541462245e-04
4.362181090545272255e+00 1.418504618054508462e-04
4.402201100550274582e+00 1.427318000156672646e-04
4.442221110555277797e+00 1.436226463200151007e-04
4.482241120560280123e+00 1.445231527263125793e-04
4.522261130565282450e+00 1.454334744999064499e-04
4.562281140570284776e+00 1.463537702513359386e-04
4.602301150575287103e+00 1.472842020268351970e-04
4.642321160580290318e+00 1.482249354017792773e-04
4.682341170585292645e+00 1.491761395771870982e-04
4.722361180590294971e+00 1.501379874793973539e-04
4.762381190595297298e+00 1.511106558630402369e-04
4.802401200600299624e+00 1.520943254174297356e-04
4.842421210605302839e+00 1.530891808765127396e-04
4.882441220610305166e+00 1.540954111325096364e-04
4.922461230615307493e+00 1.551132093533955309e-04
4.962481240620309819e+00 1.561427731043694056e-04
5.002501250625312146e+00 1.571843044734721150e-04
5.042521260630315361e+00 1.582380102015172553e-04
5.082541270635317687e+00 1.593041018165075953e-04
5.122561280640320014e+00 1.603827957727195399e-04
5.162581290645322341e+00 1.614743135946418646e-04
5.202601300650324667e+00 1.625788820259691631e-04
5.242621310655327882e+00 1.636967331838553024e-04
5.282641320660330209e+00 1.648281047186447542e-04
5.322661330665332535e+00 1.659732399793079961e-04
5.362681340670334862e+00 1.671323881848187196e-04
5.402701350675337189e+00 1.683058046017224833e-04
5.442721360680340403e+00 1.694937507281561522e-04
5.482741370685342730e+00 1.706964944845941609e-04
5.522761380690345057e+00 1.719143104116048753e-04
5.562781390695347383e+00 1.731474798749211999e-04
5.602801400700349710e+00 1.743962912781384924e-04
5.642821410705352925e+00 1.756610402833709832e-04
5.682841420710355251e+00 1.769420300402151352e-04
5.722861430715357578e+00 1.782395714233830431e-04
5.762881440720359905e+00 1.795539832793906286e-04
5.802901450725362231e+00 1.808855926827004847e-04
5.842921460730365446e+00 1.822347352017446482e-04
5.882941470735367773e+00 1.836017551752682452e-04
5.922961480740370099e+00 1.849870059994656636e-04
5.962981490745372426e+00 1.863908504263946521e-04
6.003001500750374753e+00 1.878136608741903595e-04
6.043021510755377079e+00 1.892558197496190052e-04
6.083041520760380294e+00 1.907177197835459683e-04
6.123061530765382621e+00 1.921997643799198139e-04
6.163081540770384947e+00 1.937023679789072700e-04
6.203101550775387274e+00 1.952259564348478402e-04
6.243121560780389601e+00 1.967709674097325100e-04
6.283141570785392815e+00 1.983378507829505278e-04
6.323161580790395142e+00 1.999270690780871075e-04
6.363181590795397469e+00 2.015390979076000328e-04
6.403201600800399795e+00 2.031744264362451513e-04
6.443221610805402122e+00 2.048335578641765069e-04
6.483241620810405337e+00 2.065170099306891664e-04
6.523261630815407663e+00 2.082253154396354643e-04
6.563281640820409990e+00 2.099590228076001419e-04
6.603301650825412317e+00 2.117186966359838247e-04
6.643321660830414643e+00 2.135049183082069499e-04
6.683341670835417858e+00 2.153182866133207106e-04
6.723361680840420185e+00 2.171594183973862347e-04
6.763381690845422511e+00 2.190289492440596216e-04
6.803401700850424838e+00 2.209275341859092323e-04
6.843421710855427165e+00 2.228558484480807201e-04
6.883441720860430380e+00 2.248145882260246039e-04
6.923461730865432706e+00 2.268044714991002532e-04
6.963481740870435033e+00 2.288262388819862754e-04
7.003501750875437359e+00 2.308806545159415113e-04
7.043521760880439686e+00 2.329685070020867806e-04
7.083541770885442901e+00 2.350906103790178104e-04
7.123561780890445227e+00 2.372478051471971238e-04
7.163581790895447554e+00 2.394409593427328014e-04
7.203601800900449881e+00 2.416709696633148477e-04
7.243621810905452207e+00 2.439387626492594944e-04
7.283641820910455422e+00 2.462452959227994192e-04
7.323661830915457749e+00 2.485915594889639936e-04
7.363681840920460075e+00 2.509785771016127625e-04
7.403701850925462402e+00 2.534074076984194394e-04
7.443721860930464729e+00 2.558791469088567507e-04
7.483741870935467944e+00 2.583949286395028667e-04
7.523761880940470270e+00 2.609559267412861396e-04
7.563781890945472597e+00 2.635633567635930303e-04
7.603801900950474923e+00 2.662184778005058437e-04
7.643821910955477250e+00 2.689225944348044373e-04
7.683841920960480465e+00 2.716770587857484666e-04
7.723861930965482792e+00 2.744832726670922546e-04
7.763881940970485118e+00 2.773426898622327976e-04
7.803901950975487445e+00 2.802568185238892332e-04
7.843921960980489771e+00 2.832272237062405883e-04
7.883941970985492098e+00 2.862555300380313313e-04
7.923961980990495313e+00 2.893434245457710539e-04
7.963981990995497640e+00 2.924926596368317470e-04
8.004002001000500854e+00 2.957050562529784060e-04
8.044022011005502293e+00 2.989825072056569687e-04
8.084042021010505508e+00 3.023269807052268309e-04
8.124062031015506946e+00 3.057405240972501195e-04
8.164082041020510161e+00 3.092252678199732788e-04
8.204102051025513376e+00 3.127834295982228436e-04
8.244122061030514814e+00 3.164173188901453449e-04
8.284142071035518029e+00 3.201293416045185953e-04
8.324162081040519467e+00 3.239220051077774617e-04
8.364182091045522682e+00 3.277979235414491053e-04
8.404202101050525897e+00 3.317598234723699840e-04
8.444222111055527336e+00 3.358105498999117643e-04
8.484242121060530550e+00 3.399530726464387127e-04
8.524262131065531989e+00 3.441904931594279228e-04
8.564282141070535204e+00 3.485260517560903972e-04
8.604302151075536642e+00 3.529631353439595387e-04
8.644322161080539857e+00 3.575052856538149873e-04
8.684342171085543072e+00 3.621562080244646585e-04
8.724362181090544510e+00 3.669197807824031428e-04
8.764382191095547725e+00 3.718000652631815619e-04
8.804402201100549163e+00 3.768013165255347996e-04
8.844422211105552378e+00 3.819279948139510015e-04
8.884442221110555593e+00 3.871847778304677310e-04
8.924462231115557032e+00 3.925765738821257434e-04
8.964482241120560246e+00 3.981085359767283765e-04
9.004502251125561685e+00 4.037860769464311599e-04
9.044522261130564900e+00 4.096148856863161022e-04
9.084542271135568114e+00 4.156009446035177114e-04
9.124562281140569553e+00 4.217505483818438736e-04
9.164582291145572768e+00 4.280703241772056003e-04
9.204602301150574206e+00 4.345672533707122301e-04
9.244622311155577421e+00 4.412486950191454134e-04
9.284642321160580636e+00 4.481224111568153710e-04
9.324662331165582074e+00 4.551965941187776634e-04
9.364682341170585289e+00 4.624798960732024160e-04
9.404702351175586728e+00 4.699814609706114122e-04
9.444722361180589942e+00 4.777109591400252749e-04
9.484742371185593157e+00 4.856786247870483993e-04
9.524762381190594596e+00 4.938952966770166668e-04
9.564782391195597810e+00 5.023724623178782694e-04
9.604802401200599249e+00 5.111223059929983310e-04
9.644822411205602464e+00 5.201577610341325637e-04
9.684842421210605679e+00 5.294925667700118958e-04
9.724862431215607117e+00 5.391413306370898984e-04
9.764882441220610332e+00 5.491195959968927197e-04
9.804902451225611770e+00 5.594439162700349600e-04
9.844922461230614985e+00 5.701319360715511979e-04
9.884942471235618200e+00 5.812024801170281212e-04
9.924962481240619638e+00 5.926756507657550584e-04
9.964982491245622853e+00 6.045729351775403848e-04
1.000500250125062429e+01 6.169173231861612393e-04
1.004502251125562751e+01 6.297334371372100524e-04
1.008504252126063072e+01 6.430476751043093676e-04
1.012506253126563216e+01 6.568883690889251161e-04
1.016508254127063537e+01 6.712859600294404736e-04
1.020510255127563681e+01 6.862731916998194778e-04
1.024512256128064003e+01 7.018853258729785237e-04
1.028514257128564324e+01 7.181603814659428403e-04
1.032516258129064468e+01 7.351394007815629898e-04
1.036518259129564790e+01 7.528667464249606161e-04
1.040520260130064933e+01 7.713904330143136947e-04
1.044522261130565255e+01 7.907624984396610483e-04
1.048524262131065576e+01 8.110394201678567229e-04
1.052526263131565720e+01 8.322825829682287558e-04
1.056528264132066042e+01 8.545588054680048479e-04
1.060530265132566186e+01 8.779409341711610134e-04
1.064532266133066507e+01 9.025085150281655141e-04
1.068534267133566829e+01 9.283485543750082027e-04
1.072536268134066972e+01 9.555563831275991826e-04
1.076538269134567294e+01 9.842366405952882816e-04
1.080540270135067438e+01 1.014504397255947378e-03
1.084542271135567759e+01 1.046486439428639644e-03
1.088544272136068081e+01 1.080322743130805469e-03
1.092546273136568225e+01 1.116168169694545589e-03
1.096548274137068546e+01 1.154194422167085458e-03
1.100550275137568690e+01 1.194592309421549326e-03
1.104552276138069011e+01 1.237574374622219062e-03
1.108554277138569333e+01 1.283377956693328549e-03
1.112556278139069477e+01 1.332268768337522245e-03
1.116558279139569798e+01 1.384545092723287862e-03
1.120560280140069942e+01 1.440542724231104509e-03
1.124562281140570263e+01 1.500640807953586764e-03
1.128564282141070585e+01 1.565268769748331132e-03
1.132566283141570729e+01 1.634914575882483742e-03
1.136568284142071050e+01 1.710134621806874309e-03
1.140570285142571194e+01 1.791565627552416237e-03
1.144572286143071516e+01 1.879939018335292878e-03
1.148574287143571837e+01 1.976098400942582437e-03
1.152576288144071981e+01 2.081020920006640147e-03
1.156578289144572302e+01 2.195843508141173944e-03
1.160580290145072446e+01 2.321895350766584216e-03
1.164582291145572768e+01 2.460738299447001991e-03
1.168584292146073089e+01 2.614217528209452582e-03
1.172586293146573233e+01 2.784525495321228845e-03
1.176588294147073555e+01 2.974283335110974001e-03
1.180590295147573698e+01 3.186645288025749621e-03
1.184592296148074020e+01 3.425433871388431327e-03
1.188594297148574341e+01 3.695316482397994085e-03
1.192596298149074485e+01 4.002038440664676053e-03
1.196598299149574807e+01 4.352733784314825882e-03
1.200600300150074951e+01 4.756344465756050938e-03
1.204602301150575272e+01 5.224192580084782191e-03
1.208604302151075416e+01 5.770771496681759150e-03
1.212606303151575737e+01 6.414854427485833406e-03
1.216608304152076059e+01 7.181069811506702975e-03
1.220610305152576203e+01 8.102172872907384762e-03
1.224612306153076524e+01 9.222369381611526459e-03
1.228614307153576668e+01 1.060224828084976173e-02
1.232616308154076989e+01 1.232619326400151427e-02
1.236618309154577311e+01 1.451361166183801239e-02
1.240620310155077455e+01 1.733593530149670978e-02
1.244622311155577776e+01 2.104184141763902269e-02
1.248624312156077920e+01 2.599219955527653364e-02
1.252626313156578242e+01 3.269893312775994099e-02
1.256628314157078563e+01 4.183214298064660830e-02
1.260630315157578707e+01 5.406456942481544653e-02
1.264632316158079028e+01 6.940547792571141739e-02
1.268634317158579172e+01 8.558284120573751708e-02
1.272636318159079494e+01 9.659540465785275420e-02
1.276638319159579815e+01 9.614341983526504543e-02
1.280640320160079959e+01 8.511124082049696671e-02
1.284642321160580281e+01 7.046124314088736407e-02
1.288644322161080424e+01 5.769242988294711466e-02
1.292646323161580746e+01 4.869077804792802666e-02
1.296648324162081067e+01 4.347257562149278026e-02
1.300650325162581211e+01 4.154685145603185387e-02
1.304652326163081533e+01 4.216951951672511661e-02
1.308654327163581677e+01 4.385900155489705354e-02
1.312656328164081998e+01 4.408974563821426579e-02
1.316658329164582319e+01 4.087144652718965876e-02
1.320660330165082463e+01 3.492400458180376643e-02
1.324662331165582785e+01 2.848437916698186648e-02
1.328664332166082929e+01 2.297470362309173009e-02
1.332666333166583250e+01 1.871178276166272220e-02
1.336668334167083572e+01 1.552563861607060038e-02
1.340670335167583715e+01 1.315675896865121583e-02
1.344672336168084037e+01 1.138618622793745316e-02
1.348674337168584181e+01 1.005494700018106161e-02
1.352676338169084502e+01 9.053949774910653378e-03
1.356678339169584824e+01 8.310832370421265478e-03
1.360680340170084968e+01 7.780039763521921781e-03
1.364682341170585289e+01 7.436711630742688477e-03
1.368684342171085433e+01 7.273809965485804156e-03
1.372686343171585754e+01 7.301848893522828315e-03
1.376688344172086076e+01 7.550227741562574001e-03
1.380690345172586220e+01 8.066944479019474631e-03
1.384692346173086541e+01 8.905696184198706039e-03
1.388694347173586685e+01 1.007052214755754446e-02
1.392696348174087007e+01 1.137466130300070905e-02
1.396698349174587328e+01 1.228895450161884492e-02
1.400700350175087472e+01 1.219300669679945250e-02
1.404702351175587793e+01 1.107633664375579780e-02
1.408704352176087937e+01 9.548930324296435804e-03
1.412706353176588259e+01 8.140511173307864168e-03
1.416708354177088580e+01 7.036920661649456905e-03
1.420710355177588724e+01 6.228478059704148709e-03
1.424712356178089045e+01 5.652326327399537220e-03
1.428714357178589189e+01 5.248326309514991968e-03
1.432716358179089511e+01 4.971370808231430696e-03
1.436718359179589832e+01 4.790265757242875323e-03
1.440720360180089976e+01 4.684166950013177524e-03
1.444722361180590298e+01 4.639490045237267511e-03
1.448724362181090441e+01 4.647733248801395531e-03
1.452726363181590763e+01 4.704060724475067103e-03
1.456728364182091084e+01 4.806430318774638187e-03
1.460730365182591228e+01 4.955100713872940404e-03
1.464732366183091550e+01 5.152413222413126763e-03
1.468734367183591694e+01 5.402791285867241874e-03
1.472736368184092015e+01 5.712937443858039262e-03
1.476738369184592337e+01 6.092238570042735057e-03
1.480740370185092480e+01 6.553421441913991757e-03
1.484742371185592802e+01 7.113538551752272322e-03
1.488744372186092946e+01 7.795416333243513837e-03
1.492746373186593267e+01 8.629775862467391895e-03
1.496748374187093589e+01 9.658356660657192033e-03
1.500750375187593733e+01 1.093856374275857697e-02
1.504752376188094054e+01 1.255045483740856865e-02
1.508754377188594198e+01 1.460733510090952460e-02
1.512756378189094519e+01 1.727184884287805144e-02
1.516758379189594841e+01 2.078008271039379420e-02
1.520760380190094985e+01 2.547587556563881903e-02
1.524762381190595306e+01 3.185253325704334726e-02
1.528764382191095450e+01 4.057679108180033828e-02
1.532766383191595772e+01 5.239385866833003863e-02
1.536768384192096093e+01 6.761677329261736591e-02
1.540770385192596237e+01 8.468450682256666029e-02
1.544772386193096558e+01 9.820688434706653647e-02
1.548774387193596702e+01 1.006845768193691121e-01
1.552776388194097024e+01 9.043151848653457892e-02
1.556778389194597167e+01 7.384821027427185269e-02
1.560780390195097489e+01 5.767082441315583147e-02
1.564782391195597810e+01 4.466631488947982176e-02
1.568784392196097954e+01 3.496908528977879516e-02
1.572786393196598276e+01 2.789404740058994137e-02
1.576788394197098420e+01 2.272348216791059486e-02
1.580790395197598741e+01 1.890245696662528826e-02
1.584792396198099063e+01 1.603903701552150327e-02
1.588794397198599206e+01 1.386383829247110101e-02
1.592796398199099528e+01 1.219218815458016081e-02
1.596798399199599672e+01 1.089655228523158347e-02
1.600800400200100171e+01 9.887924953837466668e-03
1.604802401200600315e+01 9.103577522103086309e-03
1.608804402201100459e+01 8.499034101898401972e-03
1.612806403201600602e+01 8.042808224774582876e-03
1.616808404202101102e+01 7.712951449895470712e-03
1.620810405202601245e+01 7.494815780992589334e-03
1.624812406203101389e+01 7.379660998192076431e-03
1.628814407203601888e+01 7.363889116172439055e-03
1.632816408204102032e+01 7.448793324508107445e-03
1.636818409204602176e+01 7.640790773572885171e-03
1.640820410205102675e+01 7.952185037675646093e-03
1.644822411205602819e+01 8.402591319050254151e-03
1.648824412206102963e+01 9.021274071301777983e-03
1.652826413206603107e+01 9.850816785316294719e-03
1.656828414207103606e+01 1.095279715115289945e-02
1.660830415207603750e+01 1.241650131319965711e-02
1.664832416208103893e+01 1.437213380876304659e-02
1.668834417208604393e+01 1.701011197136607922e-02
1.672836418209104536e+01 2.060637545052878758e-02
1.676838419209604680e+01 2.554487917457986396e-02
1.680840420210105179e+01 3.229639813398442472e-02
1.684842421210605323e+01 4.122166610214818283e-02
1.688844422211105467e+01 5.191546206357806198e-02
1.692846423211605611e+01 6.202126889630408396e-02
1.696848424212106110e+01 6.719696962416435437e-02
1.700850425212606254e+01 6.477789108732311119e-02
1.704852426213106398e+01 5.669605115325614120e-02
1.708854427213606897e+01 4.659445933548558849e-02
1.712856428214107041e+01 3.702671913543858356e-02
1.716858429214607185e+01 2.916920573598065503e-02
1.720860430215107328e+01 2.318272939963317986e-02
1.724862431215607828e+01 1.875363143072992719e-02
1.728864432216107971e+01 1.548678435042626783e-02
1.732866433216608115e+01 1.305465790489327912e-02
1.736868434217108614e+01 1.121860301452976168e-02
1.740870435217608758e+01 9.812060030206636724e-03
1.744872436218108902e+01 8.719803443603981602e-03
1.748874437218609401e+01 7.861656156068834791e-03
1.752876438219109545e+01 7.181163744595374897e-03
1.756878439219609689e+01 6.638022981259735292e-03
1.760880440220109833e+01 6.203065769818959241e-03
1.764882441220610332e+01 5.854922730584668535e-03
1.768884442221110476e+01 5.577782666832251622e-03
1.772886443221610620e+01 5.359870796404341865e-03
1.776888444222111119e+01 5.192404006403633122e-03
1.780890445222611262e+01 5.068867794088612912e-03
1.784892446223111406e+01 4.984514481942718157e-03
1.788894447223611905e+01 4.936017480737979815e-03
1.792896448224112049e+01 4.921239295706669216e-03
1.796898449224612193e+01 4.939086317631475459e-03
1.800900450225112337e+01 4.989434181154141223e-03
1.804902451225612836e+01 5.073115548095837382e-03
1.808904452226112980e+01 5.191968945202319122e-03
1.812906453226613124e+01 5.348953836054202472e-03
1.816908454227113623e+01 5.548344470788924530e-03
1.820910455227613767e+01 5.796024440572701900e-03
1.824912456228113911e+01 6.099916905471308541e-03
1.828914457228614410e+01 6.470604609917484165e-03
1.832916458229114554e+01 6.922222878976426810e-03
1.836918459229614697e+01 7.473753930358586692e-03
1.840920460230114841e+01 8.150921885114442017e-03
1.844922461230615340e+01 8.989000355208982482e-03
1.848924462231115484e+01 1.003702166133078888e-02
1.852926463231615628e+01 1.136414831755005322e-02
1.856928464232116127e+01 1.306935230402519500e-02
1.860930465232616271e+01 1.529597349713790640e-02
1.864932466233116415e+01 1.825272734321473772e-02
1.868934467233616914e+01 2.224038848309704830e-02
1.872936468234117058e+01 2.767202896935101394e-02
1.876938469234617202e+01 3.503449900374697168e-02
1.880940470235117346e+01 4.462857072285598969e-02
1.884942471235617845e+01 5.576258586351263979e-02
1.888944472236117988e+01 6.543456229943639402e-02
1.892946473236618132e+01 6.872736835266265998e-02
1.896948474237118631e+01 6.352143329955746431e-02
1.900950475237618775e+01 5.331067922985356644e-02
1.904952476238118919e+01 4.277756731421251957e-02
1.908954477238619418e+01 3.416762785486608667e-02
1.912956478239119562e+01 2.777154881250133017e-02
1.916958479239619706e+01 2.318955885527858654e-02
1.920960480240119850e+01 1.994864121966829357e-02
1.924962481240620349e+01 1.767342770267496532e-02
1.928964482241120493e+01 1.609845357290793505e-02
1.932966483241620637e+01 1.504366220491953378e-02
1.936968484242121136e+01 1.438918565762446582e-02
1.940970485242621280e+01 1.405665642262681793e-02
1.944972486243121423e+01 1.399671820458171269e-02
1.948974487243621923e+01 1.418110210329904045e-02
1.952976488244122066e+01 1.459787036818188492e-02
1.956978489244622210e+01 1.524889229774689832e-02
1.960980490245122354e+01 1.614901213860637716e-02
1.964982491245622853e+01 1.732667418655880684e-02
1.968984492246122997e+01 1.882602409007323729e-02
1.972986493246623141e+01 2.071075644275782029e-02
1.976988494247123640e+01 2.307028099056772363e-02
1.980990495247623784e+01 2.602919971263705987e-02
1.984992496248123928e+01 2.976171529134106694e-02
1.988994497248624427e+01 3.451354999381334165e-02
1.992996498249124571e+01 4.063537163454108286e-02
1.996998499249624714e+01 4.863357739334522173e-02
2.001000500250124858e+01 5.924574762518004106e-02
2.005002501250625357e+01 7.354514816385369913e-02
2.009004502251125501e+01 9.305629545704034722e-02
2.013006503251625645e+01 1.197727191039230921e-01
2.017008504252126144e+01 1.556786209338517635e-01
2.021010505252626288e+01 2.007200288244368747e-01
2.025012506253126432e+01 2.479064135003601343e-01
2.029014507253626931e+01 2.790018040606563332e-01
2.033016508254127075e+01 2.750228107554079093e-01
2.037018509254627219e+01 2.386844632622785733e-01
2.041020510255127363e+01 1.907267957331039987e-01
2.045022511255627862e+01 1.472138296291568005e-01
2.049024512256128006e+01 1.132038041273820961e-01
2.053026513256628149e+01 8.803718919544203936e-02
2.057028514257128649e+01 6.963494952246654379e-02
2.061030515257628792e+01 5.608541564754402492e-02
2.065032516258128936e+01 4.596250261240317908e-02
2.069034517258629080e+01 3.826954518764170976e-02
2.073036518259129579e+01 3.232177875344705020e-02
2.077038519259629723e+01 2.764748250187374495e-02
2.081040520260129867e+01 2.391804617091418048e-02
2.085042521260630366e+01 2.090116573472296582e-02
2.089044522261130510e+01 1.842999956071537937e-02
2.093046523261630654e+01 1.638281355928652289e-02
2.097048524262131153e+01 1.466942464400569808e-02
2.101050525262631297e+01 1.322205635571155509e-02
2.105052526263131440e+01 1.198908253709765094e-02
2.109054527263631584e+01 1.093068414608828857e-02
2.113056528264132083e+01 1.001579056211520345e-02
2.117058529264632227e+01 9.219895416819112732e-03
2.121060530265132371e+01 8.523476146387690480e-03
2.125062531265632870e+01 7.910835983000762128e-03
2.129064532266133014e+01 7.369245395419926799e-03
2.133066533266633158e+01 6.888298436237632119e-03
2.137068534267133657e+01 6.459425141084173400e-03
2.141070535267633801e+01 6.075518507276344432e-03
2.145072536268133945e+01 5.730646487534366874e-03
2.149074537268634089e+01 5.419827689998035596e-03
2.153076538269134588e+01 5.138855264759733567e-03
2.157078539269634732e+01 4.884157560897475249e-03
2.161080540270134875e+01 4.652687077437852106e-03
2.165082541270635375e+01 4.441831358032032225e-03
2.169084542271135518e+01 4.249341031807607992e-03
2.173086543271635662e+01 4.073271346808088160e-03
2.177088544272136161e+01 3.911934392435472731e-03
2.181090545272636305e+01 3.763859844025783767e-03
2.185092546273136449e+01 3.627762543321842899e-03
2.189094547273636593e+01 3.502515594095733861e-03
2.193096548274137092e+01 3.387127932055792115e-03
2.197098549274637236e+01 3.280725543944519162e-03
2.201100550275137380e+01 3.182535678152709126e-03
2.205102551275637879e+01 3.091873519885635600e-03
2.209104552276138023e+01 3.008130906581633034e-03
2.213106553276638166e+01 2.930766740394898182e-03
2.217108554277138666e+01 2.859298819010903069e-03
2.221110555277638809e+01 2.793296857584754312e-03
2.225112556278138953e+01 2.732376516027237769e-03
2.229114557278639097e+01 2.676194279403568219e-03
2.233116558279139596e+01 2.624443066559561423e-03
2.237118559279639740e+01 2.576848464587455818e-03
2.241120560280139884e+01 2.533165505450941067e-03
2.245122561280640383e+01 2.493175916866304919e-03
2.249124562281140527e+01 2.456685793095935398e-03
2.253126563281640671e+01 2.423523643264235625e-03
2.257128564282141170e+01 2.393538785706775859e-03
2.261130565282641314e+01 2.366600067243134192e-03
2.265132566283141458e+01 2.342594896675900991e-03
2.269134567283641601e+01 2.321428592885958590e-03
2.273136568284142101e+01 2.303024060372619967e-03
2.277138569284642244e+01 2.287321819950341711e-03
2.281140570285142388e+01 2.274280440874732606e-03
2.285142571285642887e+01 2.263877444764063329e-03
2.289144572286143031e+01 2.256110783936530681e-03
2.293146573286643175e+01 2.251001041039659822e-03
2.297148574287143674e+01 2.248594558815055020e-03
2.301150575287643818e+01 2.248967797128543882e-03
2.305152576288143962e+01 2.252233342164481830e-03
2.309154577288644106e+01 2.258548180319038760e-03
2.313156578289144605e+01 2.268125128799408814e-03
2.317158579289644749e+01 2.281248736967523075e-03
2.321160580290144893e+01 2.298297618377794643e-03
2.325162581290645392e+01 2.319776174661436312e-03
2.329164582291145535e+01 2.346360242021189573e-03
2.333166583291645679e+01 2.378963673077667384e-03
2.337168584292146178e+01 2.418836804498031724e-03
2.341170585292646322e+01 2.467713963540242670e-03
2.345172586293146466e+01 2.528036655854199941e-03
2.349174587293646610e+01 2.603292437693971884e-03
2.353176588294147109e+01 2.698523899211924520e-03
2.357178589294647253e+01 2.821060333643746545e-03
2.361180590295147397e+01 2.981436397144379084e-03
2.365182591295647896e+01 3.194045009547241427e-03
2.369184592296148040e+01 3.475611938212749222e-03
2.373186593296648184e+01 3.835643077054729910e-03
2.377188594297148683e+01 4.247568622505151770e-03
2.381190595297648827e+01 4.603838996578533092e-03
2.385192596298148970e+01 4.736109431819714166e-03
2.389194597298649114e+01 4.581646414900259964e-03
2.393196598299149613e+01 4.267256170381776917e-03
2.397198599299649757e+01 3.950656032457574261e-03
2.401200600300149901e+01 3.704308024537560692e-03
2.405202601300650400e+01 3.536158836922007574e-03
2.409204602301150544e+01 3.432169648822752141e-03
2.413206603301650688e+01 3.376357755793092143e-03
2.417208604302150832e+01 3.356182234481940030e-03
2.421210605302651331e+01 3.362831740464923905e-03
2.425212606303151475e+01 3.390363547675058053e-03
2.429214607303651619e+01 3.434842946423522034e-03
2.433216608304152118e+01 3.493706505064441293e-03
2.437218609304652261e+01 3.565331568476926265e-03
2.441220610305152405e+01 3.648754425269737107e-03
2.445222611305652904e+01 3.743488025621055735e-03
2.449224612306153048e+01 3.849405023723864207e-03
2.453226613306653192e+01 3.966663870519662044e-03
2.457228614307153336e+01 4.095663848176367937e-03
2.461230615307653835e+01 4.237020234241697415e-03
2.465232616308153979e+01 4.391554181833311199e-03
2.469234617308654123e+01 4.560294111747176943e-03
2.473236618309154622e+01 4.744486900293865515e-03
2.477238619309654766e+01 4.945618212824149512e-03
2.481240620310154910e+01 5.165442172686092112e-03
2.485242621310655409e+01 5.406021303794460511e-03
2.489244622311155553e+01 5.669778446391516950e-03
2.493246623311655696e+01 5.959563214592560054e-03
2.497248624312155840e+01 6.278736643269482859e-03
2.501250625312656339e+01 6.631279088238028335e-03
2.505252626313156483e+01 7.021928371850506313e-03
2.509254627313656627e+01 7.456357857477719300e-03
2.513256628314157126e+01 7.941407966047874661e-03
2.517258629314657270e+01 8.485390187458568406e-03
2.521260630315157414e+01 9.098490775293420485e-03
2.525262631315657913e+01 9.793313437314909650e-03
2.529264632316158057e+01 1.058561866076884912e-02
2.533266633316658201e+01 1.149534539215109515e-02
2.537268634317158345e+01 1.254804434479745746e-02
2.541270635317658844e+01 1.377692039669799196e-02
2.545272636318158987e+01 1.522578870636792127e-02
2.549274637318659131e+01 1.695341635854999765e-02
2.553276638319159630e+01 1.903997413516131387e-02
2.557278639319659774e+01 2.159667201446605414e-02
2.561280640320159918e+01 2.478000717714438222e-02
2.565282641320660417e+01 2.881190579207672589e-02
2.569284642321160561e+01 3.400438194233938033e-02
2.573286643321660705e+01 4.077536970801817068e-02
2.577288644322160849e+01 4.960183705869634224e-02
2.581290645322661348e+01 6.075357687267043255e-02
2.585292646323161492e+01 7.354679339799338744e-02
2.589294647323661636e+01 8.539019241024455031e-02
2.593296648324162135e+01 9.285402055466472626e-02
2.597298649324662279e+01 9.581261504086151237e-02
2.601300650325162422e+01 9.839033993097652531e-02
2.605302651325662922e+01 1.050312319861581717e-01
2.609304652326163065e+01 1.185655927931493631e-01
2.613306653326663209e+01 1.408861752727062211e-01
2.617308654327163353e+01 1.731423557804967484e-01
2.621310655327663852e+01 2.137177758588962861e-01
2.625312656328163996e+01 2.539462557037445722e-01
2.629314657328664140e+01 2.780581674797285574e-01
2.633316658329164639e+01 2.772125599183051792e-01
2.637318659329664783e+01 2.600805204600363796e-01
2.641320660330164927e+01 2.384709614880933526e-01
2.645322661330665426e+01 2.155486295281764109e-01
2.649324662331165570e+01 1.914970860562906496e-01
2.653326663331665713e+01 1.669152234203759855e-01
2.657328664332165857e+01 1.413183962313414588e-01
2.661330665332666356e+01 1.157619028138299755e-01
2.665332666333166500e+01 9.305697003582009963e-02
2.669334667333666644e+01 7.478814270041350687e-02
2.673336668334167143e+01 6.079480362970164642e-02
2.677338669334667287e+01 5.021378208195637766e-02
2.681340670335167431e+01 4.216783287780056372e-02
2.685342671335667930e+01 3.596843828174441787e-02
2.689344672336168074e+01 3.111822495548978787e-02
2.693346673336668218e+01 2.726628949832862400e-02
2.697348674337168362e+01 2.416497499246833200e-02
2.701350675337668861e+01 2.163767482146062432e-02
2.705352676338169005e+01 1.955665544787578772e-02
2.709354677338669148e+01 1.782813114916035474e-02
2.713356678339169648e+01 1.638223293130125491e-02
2.717358679339669791e+01 1.516621171681763192e-02
2.721360680340169935e+01 1.413977696087848415e-02
2.725362681340670434e+01 1.327185707282686929e-02
2.729364682341170578e+01 1.253831890161895626e-02
2.733366683341670722e+01 1.192034433261864208e-02
2.737368684342170866e+01 1.140326513778821757e-02
2.741370685342671365e+01 1.097572393890611231e-02
2.745372686343171509e+01 1.062907299462032169e-02
2.749374687343671653e+01 1.035695199610605841e-02
2.753376688344172152e+01 1.015500653383095801e-02
2.757378689344672296e+01 1.002072388139112029e-02
2.761380690345172439e+01 9.953374636887132518e-03
2.765382691345672583e+01 9.954059394030522964e-03
2.769384692346173082e+01 1.002587061102524525e-02
2.773386693346673226e+01 1.017419296802367541e-02
2.777388694347173370e+01 1.040718301803784593e-02
2.781390695347673869e+01 1.073649406564903749e-02
2.785392696348174013e+01 1.117834969420041305e-02
2.789394697348674157e+01 1.175512588840894011e-02
2.793396698349174656e+01 1.249768500655514328e-02
2.797398699349674800e+01 1.344881700052244500e-02
2.801400700350174944e+01 1.466825194510643256e-02
2.805402701350675088e+01 1.623964268487472842e-02
2.809404702351175587e+01 1.827903376706262531e-02
2.813406703351675731e+01 2.094062949574616167e-02
2.817408704352175874e+01 2.440471634626126263e-02
2.821410705352676374e+01 2.881463801742323999e-02
2.825412706353176517e+01 3.415997956827657167e-02
2.829414707353676661e+01 4.032933887135736056e-02
2.833416708354177160e+01 4.764646341989892814e-02
2.837418709354677304e+01 5.722352208455358524e-02
2.841420710355177448e+01 7.022564837987844977e-02
2.845422711355677592e+01 8.641666181411908343e-02
2.849424712356178091e+01 1.021615315427066295e-01
2.853426713356678235e+01 1.099167333747700231e-01
2.857428714357178379e+01 1.042616598811522688e-01
2.861430715357678878e+01 8.876132464639945041e-02
2.865432716358179022e+01 7.119493352504398243e-02
2.869434717358679165e+01 5.619742290549215730e-02
2.873436718359179665e+01 4.478627880528010530e-02
2.877438719359679808e+01 3.645642858652318324e-02
2.881440720360179952e+01 3.043029316465041198e-02
2.885442721360680096e+01 2.605442661584223343e-02
2.889444722361180595e+01 2.285535297252075729e-02
2.893446723361680739e+01 2.050615216985673256e-02
2.897448724362180883e+01 1.878401807201538973e-02
2.901450725362681382e+01 1.753713497360609441e-02
2.905452726363181526e+01 1.666187137795934262e-02
2.909454727363681670e+01 1.608777051216546405e-02
2.913456728364182169e+01 1.576787335497462778e-02
2.917458729364682313e+01 1.567260511485158575e-02
2.921460730365182457e+01 1.578606761090593433e-02
2.925462731365682600e+01 1.610396085380319531e-02
2.929464732366183100e+01 1.663240156247244861e-02
2.933466733366683243e+01 1.738627159937453093e-02
2.937468734367183387e+01 1.838377663992385447e-02
2.941470735367683886e+01 1.963191289585497143e-02
2.945472736368184030e+01 2.110857388800913351e-02
2.949474737368684174e+01 2.278669804294066598e-02
2.953476738369184673e+01 2.472107775268637606e-02
2.957478739369684817e+01 2.707114410183466408e-02
2.961480740370184961e+01 3.002859035217105010e-02
2.965482741370685105e+01 3.379062847974126371e-02
2.969484742371185604e+01 3.859546573291177535e-02
2.973486743371685748e+01 4.477122723609894966e-02
2.977488744372185892e+01 5.279036516839781534e-02
2.981490745372686391e+01 6.334205416493092489e-02
2.985492746373186534e+01 7.743485146027415111e-02
2.989494747373686678e+01 9.653017451155918027e-02
2.993496748374187177e+01 1.226577235747566968e-01
2.997498749374687321e+01 1.582871880086182403e-01
3.001500750375187465e+01 2.052263079154069136e-01
3.005502751375687609e+01 2.609594549825073884e-01
3.009504752376188108e+01 3.119563445640963217e-01
3.013506753376688252e+01 3.334215714507752781e-01
3.017508754377188396e+01 3.110715962947142033e-01
3.021510755377688895e+01 2.597607418576451388e-01
3.025512756378189039e+01 2.041836198245955414e-01
3.029514757378689183e+01 1.575542288848725547e-01
3.033516758379189682e+01 1.222203680744518711e-01
3.037518759379689826e+01 9.633131418074331043e-02
3.041520760380189969e+01 7.742045045316718610e-02
3.045522761380690113e+01 6.347017282061433174e-02
3.049524762381190612e+01 5.302900793871832830e-02
3.053526763381690756e+01 4.509397630603752261e-02
3.057528764382190900e+01 3.897719693283199088e-02
3.061530765382691399e+01 3.420400344925290242e-02
3.065532766383191543e+01 3.044305024344233848e-02
3.069534767383691687e+01 2.746001453184996471e-02
3.073536768384192186e+01 2.508716723126658971e-02
3.077538769384692330e+01 2.320330183544374106e-02
3.081540770385192474e+01 2.172039338332345734e-02
3.085542771385692618e+01 2.057466629664531782e-02
3.089544772386193117e+01 1.972059928821141145e-02
3.093546773386693260e+01 1.912693736400273084e-02
3.097548774387193404e+01 1.877412839740830869e-02
3.101550775387693903e+01 1.865283048817311870e-02
3.105552776388194047e+01 1.876329532039258327e-02
3.109554777388694191e+01 1.911555436572136626e-02
3.113556778389194335e+01 1.973044181689204146e-02
3.117558779389694834e+01 2.064159857258095199e-02
3.121560780390194978e+01 2.189873676699333888e-02
3.125562781390695122e+01 2.357266530453051498e-02
3.129564782391195621e+01 2.576304623133061911e-02
3.133566783391695765e+01 2.861052523513106516e-02
3.137568784392195909e+01 3.231505790723371296e-02
3.141570785392696408e+01 3.716297681531700176e-02
3.145572786393196552e+01 4.356808928483752591e-02
3.149574787393696695e+01 5.213346544319649722e-02
3.153576788394196839e+01 6.373770382214846708e-02
3.157578789394697338e+01 7.963231154932988443e-02
3.161580790395197482e+01 1.014660658362903506e-01
3.165582791395697626e+01 1.309233370749124659e-01
3.169584792396198125e+01 1.681300947405260648e-01
3.173586793396698269e+01 2.076838950570884523e-01
3.177588794397198413e+01 2.347847576766670941e-01
3.181590795397698912e+01 2.330820067994403277e-01
3.185592796398199056e+01 2.036590842857591288e-01
3.189594797398699200e+01 1.635648509586329069e-01
3.193596798399199344e+01 1.267299623126211527e-01
3.197598799399699843e+01 9.778525062456459860e-02
3.201600800400200342e+01 7.631933836059368037e-02
3.205602801400700486e+01 6.060864157796615193e-02
3.209604802401200629e+01 4.903526682658786856e-02
3.213606803401700773e+01 4.038496662587742758e-02
3.217608804402200917e+01 3.380751101048488222e-02
3.221610805402701061e+01 2.871857522534674093e-02
3.225612806403201205e+01 2.471579859932923617e-02
3.229614807403702059e+01 2.151910372212968714e-02
3.233616808404202203e+01 1.893069075102049234e-02
3.237618809404702347e+01 1.680866952609514145e-02
3.241620810405202491e+01 1.504966848388680258e-02
3.245622811405702635e+01 1.357726488110144215e-02
3.249624812406202778e+01 1.233419423878473822e-02
3.253626813406702922e+01 1.127703532255079806e-02
3.257628814407203777e+01 1.037253839838176220e-02
3.261630815407703921e+01 9.595062509382882784e-03
3.265632816408204064e+01 8.924776802560100558e-03
3.269634817408704208e+01 8.346403121087008978e-03
3.273636818409204352e+01 7.848358449832762776e-03
3.277638819409704496e+01 7.422213194989270811e-03
3.281640820410205350e+01 7.062425957021775842e-03
3.285642821410705494e+01 6.766355249872713605e-03
3.289644822411205638e+01 6.534587730021263613e-03
3.293646823411705782e+01 6.371655412794492539e-03
3.297648824412205926e+01 6.287200819437551401e-03
3.301650825412706070e+01 6.297428165198704422e-03
3.305652826413206213e+01 6.425708999502071847e-03
3.309654827413707068e+01 6.697979085264402915e-03
3.313656828414207212e+01 7.120575581932727348e-03
3.317658829414707355e+01 7.621062642314631666e-03
3.321660830415207499e+01 7.977703293296483505e-03
3.325662831415707643e+01 7.911305111758162173e-03
3.329664832416207787e+01 7.393510891989035425e-03
3.333666833416707931e+01 6.685474772067248085e-03
3.337668834417208785e+01 6.032347739389527438e-03
3.341670835417708929e+01 5.527803774982521269e-03
3.345672836418209073e+01 5.174539285849266701e-03
3.349674837418709217e+01 4.950070723608555011e-03
3.353676838419209361e+01 4.833995210060902485e-03
3.357678839419709504e+01 4.814963456553728212e-03
3.361680840420210359e+01 4.891529440323687597e-03
3.365682841420710503e+01 5.072338903261822129e-03
3.369684842421210647e+01 5.377397526940526709e-03
3.373686843421710790e+01 5.841075587858485241e-03
3.377688844422210934e+01 6.517186114925114029e-03
3.381690845422711078e+01 7.485692067827624113e-03
3.385692846423211222e+01 8.857171392705752086e-03
3.389694847423712076e+01 1.075925215190282579e-02
3.393696848424212220e+01 1.325755464396334224e-02
3.397698849424712364e+01 1.612278990387051164e-02
3.401700850425212508e+01 1.848465260912908123e-02
3.405702851425712652e+01 1.903622758420527722e-02
3.409704852426212796e+01 1.735695875774184369e-02
3.413706853426712939e+01 1.447562636835753209e-02
3.417708854427213794e+01 1.159547521681100063e-02
3.421710855427713938e+01 9.247383838240709128e-03
3.425712856428214081e+01 7.477506052140626969e-03
3.429714857428714225e+01 6.171877934425207442e-03
3.433716858429214369e+01 5.204869883416072922e-03
3.437718859429714513e+01 4.478003275727709259e-03
3.441720860430214657e+01 3.921339824257238232e-03
3.445722861430715511e+01 3.486654775345655356e-03
3.449724862431215655e+01 3.140778998835666840e-03
3.453726863431715799e+01 2.860690634039580755e-03
3.457728864432215943e+01 2.630185127949134956e-03
3.461730865432716087e+01 2.437674101640881393e-03
3.465732866433216230e+01 2.274735055580142870e-03
3.469734867433717085e+01 2.135149040846095851e-03
3.473736868434217229e+01 2.014254541910016905e-03
3.477738869434717373e+01 1.908507609475203638e-03
3.481740870435217516e+01 1.815178010535731115e-03
3.485742871435717660e+01 1.732136260227704842e-03
3.489744872436217804e+01 1.657702226262795005e-03
3.493746873436717948e+01 1.590536036079295834e-03
3.497748874437218802e+01 1.529558448417761996e-03
3.501750875437718946e+01 1.473892020281797376e-03
3.505752876438219090e+01 1.422817137431608243e-03
3.509754877438719234e+01 1.375738796945824918e-03
3.513756878439219378e+01 1.332161256667883670e-03
3.517758879439719522e+01 1.291668502819154959e-03
3.521760880440219665e+01 1.253909064562768426e-03
3.525762881440720520e+01 1.218584107664754702e-03
3.529764882441220664e+01 1.185438024273888051e-03
3.533766883441720807e+01 1.154250939173191368e-03
3.537768884442220951e+01 1.124832699455081183e-03
3.541770885442721095e+01 1.097018021284956605e-03
3.545772886443221239e+01 1.070662545808802888e-03
3.549774887443722093e+01 1.045639614347033649e-03
3.553776888444222237e+01 1.021837616415226637e-03
3.557778889444722381e+01 9.991577967923158041e-04
3.561780890445222525e+01 9.775124326506057053e-04
3.565782891445722669e+01 9.568233107069303283e-04
3.569784892446222813e+01 9.370204489293257853e-04
3.573786893446722956e+01 9.180410186195660412e-04
3.577788894447223811e+01 8.998284314854858822e-04
3.581790895447723955e+01 8.823315632094302441e-04
3.585792896448224099e+01 8.655040904520728195e-04
3.589794897448724242e+01 8.493039225369158202e-04
3.593796898449224386e+01 8.336927124911752435e-04
3.597798899449724530e+01 8.186354348656406333e-04
3.601800900450224674e+01 8.041000199659599588e-04
3.605802901450725528e+01 7.900570359139867790e-04
3.609804902451225672e+01 7.764794114079427104e-04
3.613806903451725816e+01 7.633421932324044399e-04
3.617808904452225960e+01 7.506223335371208253e-04
3.621810905452726104e+01 7.382985026991377127e-04
3.625812906453226248e+01 7.263509242391422063e-04
3.629814907453727102e+01 7.147612288064680852e-04
3.633816908454227246e+01 7.035123246989551105e-04
3.637818909454727390e+01 6.925882827604947639e-04
3.641820910455227533e+01 6.819742338143683792e-04
3.645822911455727677e+01 6.716562770549487204e-04
3.649824912456227821e+01 6.616213980431470947e-04
3.653826913456727965e+01 6.518573951390905456e-04
3.657828914457228819e+01 6.423528133648573508e-04
3.661830915457728963e+01 6.330968848254570286e-04
3.665832916458229107e+01 6.240794749314787331e-04
3.669834917458729251e+01 6.152910337653420998e-04
3.673836918459229395e+01 6.067225520173136644e-04
3.677838919459729539e+01 5.983655209898454570e-04
3.681840920460229682e+01 5.902118962310368578e-04
3.685842921460730537e+01 5.822540644117117897e-04
3.689844922461230681e+01 5.744848131070521722e-04
3.693846923461730825e+01 5.668973031839025884e-04
3.697848924462230968e+01 5.594850435298508130e-04
3.701850925462731112e+01 5.522418678905240694e-04
3.705852926463231256e+01 5.451619136080823689e-04
3.709854927463732110e+01 5.382396020770271582e-04
3.713856928464232254e+01 5.314696207537344562e-04
3.717858929464732398e+01 5.248469065738787208e-04
3.721860930465232542e+01 5.183666306475846405e-04
3.725862931465732686e+01 5.120241841158606078e-04
3.729864932466232830e+01 5.058151650640365033e-04
3.733866933466732974e+01 4.997353663986296018e-04
3.737868934467233828e+01 4.937807646035753109e-04
3.741870935467733972e+01 4.879475093001560534e-04
3.745872936468234116e+01 4.822319135424293782e-04
3.749874937468734259e+01 4.766304447866313225e-04
3.753876938469234403e+01 4.711397164789123083e-04
3.757878939469734547e+01 4.657564802110668247e-04
3.761880940470234691e+01 4.604776183986297104e-04
3.765882941470735545e+01 4.553001374399349836e-04
3.769884942471235689e+01 4.502211613185128536e-04
3.773886943471735833e+01 4.452379256145916667e-04
3.777888944472235977e+01 4.403477718945339177e-04
3.781890945472736121e+01 4.355481424497648318e-04
3.785892946473236265e+01 4.308365753592292608e-04
3.789894947473736408e+01 4.262106998516424048e-04
3.793896948474237263e+01 4.216682319458143775e-04
3.797898949474737407e+01 4.172069703491503587e-04
3.801900950475237551e+01 4.128247925960636003e-04
3.805902951475737694e+01 4.085196514095595769e-04
3.809904952476237838e+01 4.042895712705771262e-04
3.813906953476737982e+01 4.001326451809232099e-04
3.817908954477238836e+01 3.960470316067477210e-04
3.821910955477738980e+01 3.920309515905358332e-04
3.825912956478239124e+01 3.880826860205080758e-04
3.829914957478739268e+01 3.842005730471889256e-04
3.833916958479239412e+01 3.803830056376614329e-04
3.837918959479739556e+01 3.766284292587411824e-04
3.841920960480239700e+01 3.729353396809522770e-04
3.845922961480740554e+01 3.693022808957786515e-04
3.849924962481240698e+01 3.657278431392163120e-04
3.853926963481740842e+01 3.622106610151339763e-04
3.857928964482240985e+01 3.587494117124352525e-04
3.861930965482741129e+01 3.553428133104158415e-04
3.865932966483241273e+01 3.519896231671064933e-04
3.869934967483741417e+01 3.486886363857501876e-04
3.873936968484242271e+01 3.454386843548936043e-04
3.877938969484742415e+01 3.422386333578717626e-04
3.881940970485242559e+01 3.390873832477498480e-04
3.885942971485742703e+01 3.359838661840488421e-04
3.889944972486242847e+01 3.329270454278150529e-04
3.893946973486742991e+01 3.299159141918204586e-04
3.897948974487243845e+01 3.269494945428858533e-04
3.901950975487743989e+01 3.240268363535130742e-04
3.905952976488244133e+01 3.211470163001770625e-04
3.909954977488744277e+01 3.183091369058146112e-04
3.913956978489244420e+01 3.155123256241789309e-04
3.917958979489744564e+01 3.127557339638817606e-04
3.921960980490244708e+01 3.100385366500747492e-04
3.925962981490745562e+01 3.073599308218440238e-04
3.929964982491245706e+01 3.047191352635106321e-04
3.933966983491745850e+01 3.021153896681246344e-04
3.937968984492245994e+01 2.995479539315579285e-04
3.941970985492746138e+01 2.970161074756792253e-04
3.945972986493246282e+01 2.945191485991871310e-04
3.949974987493746426e+01 2.920563938547577373e-04
3.953976988494247280e+01 2.896271774512412930e-04
3.957978989494747424e+01 2.872308506797098060e-04
3.961980990495247568e+01 2.848667813622231260e-04
3.965982991495747711e+01 2.825343533222507723e-04
3.969984992496247855e+01 2.802329658757370806e-04
3.973986993496747999e+01 2.779620333418531832e-04
3.977988994497248854e+01 2.757209845725356657e-04
3.981990995497748997e+01 2.735092624999557590e-04
3.985992996498249141e+01 2.713263237011052649e-04
3.989994997498749285e+01 2.691716379787369119e-04
3.993996998499249429e+01 2.670446879579292578e-04
3.997998999499749573e+01 2.649449686975853925e-04
4.002001000500249717e+01 2.628719873162099329e-04
4.006003001500750571e+01 2.608252626313464230e-04
4.010005002501250715e+01 2.588043248120838703e-04
4.014007003501750859e+01 2.568087150440666799e-04
4.018009004502251003e+01 2.548379852064846986e-04
4.022011005502751146e+01 2.528916975605303226e-04
4.026013006503251290e+01 2.509694244488437230e-04
4.030015007503751434e+01 2.490707480054874098e-04
4.034017008504252289e+01 2.471952598760139585e-04
4.038019009504752432e+01 2.453425609472154457e-04
4.042021010505252576e+01 2.435122610861522457e-04
4.046023011505752720e+01 2.417039788880924239e-04
4.050025012506252864e+01 2.399173414329978146e-04
4.054027013506753008e+01 2.381519840502170215e-04
4.058029014507253862e+01 2.364075500910576134e-04
4.062031015507754006e+01 2.346836907089289246e-04
4.066033016508254150e+01 2.329800646467536168e-04
4.070035017508754294e+01 2.312963380313704485e-04
4.074037018509254438e+01 2.296321841746532975e-04
4.078039019509754581e+01 2.279872833810889373e-04
4.082041020510254725e+01 2.263613227615679437e-04
4.086043021510755580e+01 2.247539960531494191e-04
4.090045022511255723e+01 2.231650034445784394e-04
4.094047023511755867e+01 2.215940514073343420e-04
4.098049024512256011e+01 2.200408525320089509e-04
4.102051025512756155e+01 2.185051253698141896e-04
4.106053026513256299e+01 2.169865942790298618e-04
4.110055027513756443e+01 2.154849892762114312e-04
4.114057028514257297e+01 2.140000458919839226e-04
4.118059029514757441e+01 2.125315050312566575e-04
4.122061030515257585e+01 2.110791128376966275e-04
4.126063031515757729e+01 2.096426205623124839e-04
4.130065032516257872e+01 2.082217844359995798e-04
4.134067033516758016e+01 2.068163655459063631e-04
4.138069034517258160e+01 2.054261297154883858e-04
4.142071035517759015e+01 2.040508473881202847e-04
4.146073036518259158e+01 2.026902935141424334e-04
4.150075037518759302e+01 2.013442474412218384e-04
4.154077038519259446e+01 2.000124928079146020e-04
4.158079039519759590e+01 1.986948174403210723e-04
4.162081040520259734e+01 1.973910132517257745e-04
4.166083041520760588e+01 1.961008761451225402e-04
4.170085042521260732e+01 1.948242059185292883e-04
4.174087043521760876e+01 1.935608061729940398e-04
4.178089044522261020e+01 1.923104842232086290e-04
4.182091045522761164e+01 1.910730510106387655e-04
4.186093046523261307e+01 1.898483210190899208e-04
4.190095047523761451e+01 1.886361121926275039e-04
4.194097048524262306e+01 1.874362458557768711e-04
4.198099049524762449e+01 1.862485466359262718e-04
4.202101050525262593e+01 1.850728423878622846e-04
4.206103051525762737e+01 1.839089641203710105e-04
4.210105052526262881e+01 1.827567459248371530e-04
4.214107053526763025e+01 1.816160249057764740e-04
4.218109054527263169e+01 1.804866411132432429e-04
4.222111055527764023e+01 1.793684374770505787e-04
4.226113056528264167e+01 1.782612597427497218e-04
4.230115057528764311e+01 1.771649564093090358e-04
4.234117058529264455e+01 1.760793786684451982e-04
4.238119059529764598e+01 1.750043803455515290e-04
4.242121060530264742e+01 1.739398178421754277e-04
4.246123061530765597e+01 1.728855500799983793e-04
4.250125062531265741e+01 1.718414384462715275e-04
4.254127063531765884e+01 1.708073467406622848e-04
4.258129064532266028e+01 1.697831411234712910e-04
4.262131065532766172e+01 1.687686900651767341e-04
4.266133066533266316e+01 1.677638642972668123e-04
4.270135067533766460e+01 1.667685367643219276e-04
4.274137068534267314e+01 1.657825825773093708e-04
4.278139069534767458e+01 1.648058789680563712e-04
4.282141070535267602e+01 1.638383052448627239e-04
4.286143071535767746e+01 1.628797427492248331e-04
4.290145072536267890e+01 1.619300748136348232e-04
4.294147073536768033e+01 1.609891867204253353e-04
4.298149074537268177e+01 1.600569656616296528e-04
4.302151075537769032e+01 1.591333006998272301e-04
4.306153076538269175e+01 1.582180827299476571e-04
4.310155077538769319e+01 1.573112044420038656e-04
4.314157078539269463e+01 1.564125602847300214e-04
4.318159079539769607e+01 1.555220464300979724e-04
4.322161080540269751e+01 1.546395607386867740e-04
4.326163081540770605e+01 1.537650027258821175e-04
4.330165082541270749e+01 1.528982735288830818e-04
4.334167083541770893e+01 1.520392758744913816e-04
4.338169084542271037e+01 1.511879140476644629e-04
4.342171085542771181e+01 1.503440938608097046e-04
4.346173086543271324e+01 1.495077226237991270e-04
4.350175087543771468e+01 1.486787091146861753e-04
4.354177088544272323e+01 1.478569635511041143e-04
4.358179089544772467e+01 1.470423975623287398e-04
4.362181090545272610e+01 1.462349241619861646e-04
4.366183091545772754e+01 1.454344577213895760e-04
4.370185092546272898e+01 1.446409139434875113e-04
4.374187093546773042e+01 1.438542098374071974e-04
4.378189094547273186e+01 1.430742636935773693e-04
4.382191095547774040e+01 1.423009950594151174e-04
4.386193096548274184e+01 1.415343247155625614e-04
4.390195097548774328e+01 1.407741746526570059e-04
4.394197098549274472e+01 1.400204680486231382e-04
4.398199099549774616e+01 1.392731292464713876e-04
4.402201100550274759e+01 1.385320837325914928e-04
4.406203101550775614e+01 1.377972581155257475e-04
4.410205102551275758e+01 1.370685801052130349e-04
4.414207103551775901e+01 1.363459784926874120e-04
4.418209104552276045e+01 1.356293831302235497e-04
4.422211105552776189e+01 1.349187249119151750e-04
4.426213106553276333e+01 1.342139357546763524e-04
4.430215107553776477e+01 1.335149485796548706e-04
4.434217108554277331e+01 1.328216972940471634e-04
4.438219109554777475e+01 1.321341167733052781e-04
4.442221110555277619e+01 1.314521428437244259e-04
4.446223111555777763e+01 1.307757122654043655e-04
4.450225112556277907e+01 1.301047627155726657e-04
4.454227113556778050e+01 1.294392327722623131e-04
4.458229114557278194e+01 1.287790618983349089e-04
4.462231115557779049e+01 1.281241904258400492e-04
4.466233116558279193e+01 1.274745595407041142e-04
4.470235117558779336e+01 1.268301112677386246e-04
4.474237118559279480e+01 1.261907884559620421e-04
4.478239119559779624e+01 1.255565347642267177e-04
4.482241120560279768e+01 1.249272946471431558e-04
4.486243121560779912e+01 1.243030133412956304e-04
4.490245122561280766e+01 1.236836368517406424e-04
4.494247123561780910e+01 1.230691119387834211e-04
4.498249124562281054e+01 1.224593861050232528e-04
4.502251125562781198e+01 1.218544075826638433e-04
4.506253126563281342e+01 1.212541253210812998e-04
4.510255127563781485e+01 1.206584889746428762e-04
4.514257128564282340e+01 1.200674488907719801e-04
4.518259129564782484e+01 1.194809560982535481e-04
4.522261130565282627e+01 1.188989622957726199e-04
4.526263131565782771e+01 1.183214198406825723e-04
4.530265132566282915e+01 1.177482817379968492e-04
4.534267133566783059e+01 1.171795016295990488e-04
4.538269134567283203e+01 1.166150337836661390e-04
4.542271135567784057e+01 1.160548330843005433e-04
4.546273136568284201e+01 1.154988550213660435e-04
4.550275137568784345e+01 1.149470556805220242e-04
4.554277138569284489e+01 1.143993917334530896e-04
4.558279139569784633e+01 1.138558204282883216e-04
4.562281140570284776e+01 1.133162995802068575e-04
4.566283141570784920e+01 1.127807875622246245e-04
4.570285142571285775e+01 1.122492432961590732e-04
4.574287143571785919e+01 1.117216262437675464e-04
4.578289144572286062e+01 1.111978963980549042e-04
4.582291145572786206e+01 1.106780142747479010e-04
4.586293146573286350e+01 1.101619409039313106e-04
4.590295147573786494e+01 1.096496378218430505e-04
4.594297148574287348e+01 1.091410670628244006e-04
4.598299149574787492e+01 1.086361911514226473e-04
4.602301150575287636e+01 1.081349730946409360e-04
4.606303151575787780e+01 1.076373763743348826e-04
4.610305152576287924e+01 1.071433649397504710e-04
4.614307153576788068e+01 1.066529032002011616e-04
4.618309154577288211e+01 1.061659560178811765e-04
4.622311155577789066e+01 1.056824887008115846e-04
4.626313156578289210e+01 1.052024669959174816e-04
4.630315157578789353e+01 1.047258570822312074e-04
4.634317158579289497e+01 1.042526255642217247e-04
4.638319159579789641e+01 1.037827394652454010e-04
4.642321160580289785e+01 1.033161662211162964e-04
4.646323161580789929e+01 1.028528736737938169e-04
4.650325162581290783e+01 1.023928300651843440e-04
4.654327163581790927e+01 1.019360040310557570e-04
4.658329164582291071e+01 1.014823645950606058e-04
4.662331165582791215e+01 1.010318811628678124e-04
4.666333166583291359e+01 1.005845235163991744e-04
4.670335167583791502e+01 1.001402618081688673e-04
4.674337168584292357e+01 9.969906655572377747e-05
4.678339169584792501e+01 9.926090863618309450e-05
4.682341170585292645e+01 9.882575928087428845e-05
4.686343171585792788e+01 9.839359007006390093e-05
4.690345172586292932e+01 9.796437292778159100e-05
4.694347173586793076e+01 9.753808011673463074e-05
4.698349174587293220e+01 9.711468423331209127e-05
4.702351175587794074e+01 9.669415820267565674e-05
4.706353176588294218e+01 9.627647527393699812e-05
4.710355177588794362e+01 9.586160901541751933e-05
4.714357178589294506e+01 9.544953330999184451e-05
4.718359179589794650e+01 9.504022235051041122e-05
4.722361180590294794e+01 9.463365063530196949e-05
4.726363181590794937e+01 9.422979296375280167e-05
4.730365182591295792e+01 9.382862443196176867e-05
4.734367183591795936e+01 9.343012042847003058e-05
4.738369184592296079e+01 9.303425663006282620e-05
4.742371185592796223e+01 9.264100899764347386e-05
4.746373186593296367e+01 9.225035377217649017e-05
4.750375187593796511e+01 9.186226747070000290e-05
4.754377188594297365e+01 9.147672688240492350e-05
4.758379189594797509e+01 9.109370906478040514e-05
4.762381190595297653e+01 9.071319133982352608e-05
4.766383191595797797e+01 9.033515129031272420e-05
4.770385192596297941e+01 8.995956675614319366e-05
4.774387193596798085e+01 8.958641583072356608e-05
4.778389194597298228e+01 8.921567685743176203e-05
4.782391195597799083e+01 8.884732842613017557e-05
4.786393196598299227e+01 8.848134936973806389e-05
4.790395197598799371e+01 8.811771876086009871e-05
4.794397198599299514e+01 8.775641590847083539e-05
4.798399199599799658e+01 8.739742035465291779e-05
4.802401200600299802e+01 8.704071187138908664e-05
4.806403201600799946e+01 8.668627045740595865e-05
4.810405202601300800e+01 8.633407633506934580e-05
4.814407203601800944e+01 8.598410994733003069e-05
4.818409204602301088e+01 8.563635195471845304e-05
4.822411205602801232e+01 8.529078323238819875e-05
4.826413206603301376e+01 8.494738486720712612e-05
4.830415207603801520e+01 8.460613815489473333e-05
4.834417208604301663e+01 8.426702459720571288e-05
4.838419209604802518e+01 8.393002589915821588e-05
4.842421210605302662e+01 8.359512396630659563e-05
4.846423211605802805e+01 8.326230090205676048e-05
4.850425212606302949e+01 8.293153900502470491e-05
4.854427213606803093e+01 8.260282076643657922e-05
4.858429214607303237e+01 8.227612886756957935e-05
4.862431215607804091e+01 8.195144617723314196e-05
4.866433216608304235e+01 8.162875574928994324e-05
4.870435217608804379e+01 8.130804082021484487e-05
4.874437218609304523e+01 8.098928480669293894e-05
4.878439219609804667e+01 8.067247130325430669e-05
4.882441220610304811e+01 8.035758407994572151e-05
4.886443221610804954e+01 8.004460708003837441e-05
4.890445222611305809e+01 7.973352441777084977e-05
4.894447223611805953e+01 7.942432037612754086e-05
4.898449224612306097e+01 7.911697940465003867e-05
4.902451225612806240e+01 7.881148611728321519e-05
4.906453226613306384e+01 7.850782529025384640e-05
4.910455227613806528e+01 7.820598185998123265e-05
4.914457228614306672e+01 7.790594092102025032e-05
4.918459229614807526e+01 7.760768772403523548e-05
4.922461230615307670e+01 7.731120767380488922e-05
4.926463231615807814e+01 7.701648632725679533e-05
4.930465232616307958e+01 7.672350939153222782e-05
4.934467233616808102e+01 7.643226272207968982e-05
4.938469234617308246e+01 7.614273232077698058e-05
4.942471235617809100e+01 7.585490433408166849e-05
4.946473236618309244e+01 7.556876505120926554e-05
4.950475237618809388e+01 7.528430090233785630e-05
4.954477238619309531e+01 7.500149845684021138e-05
4.958479239619809675e+01 7.472034442154185400e-05
4.962481240620309819e+01 7.444082563900461893e-05
4.966483241620809963e+01 7.416292908583604242e-05
4.970485242621310817e+01 7.388664187102309260e-05
4.974487243621810961e+01 7.361195123429105326e-05
4.978489244622311105e+01 7.333884454448582647e-05
4.982491245622811249e+01 7.306730929798007409e-05
4.986493246623311393e+01 7.279733311710306258e-05
4.990495247623811537e+01 7.252890374859258498e-05
4.994497248624311680e+01 7.226200906207020671e-05
4.998499249624812535e+01 7.199663704853780241e-05
5.002501250625312679e+01 7.173277581889654934e-05
5.006503251625812823e+01 7.147041360248664260e-05
5.010505252626312966e+01 7.120953874564857236e-05
5.014507253626813110e+01 7.095013971030470282e-05
5.018509254627313254e+01 7.069220507256134261e-05
5.022511255627814108e+01 7.043572352133065605e-05
5.026513256628314252e+01 7.018068385697260507e-05
5.030515257628814396e+01 6.992707498995553940e-05
5.034517258629314540e+01 6.967488593953645145e-05
5.038519259629814684e+01 6.942410583245963557e-05
5.042521260630314828e+01 6.917472390167383296e-05
5.046523261630814972e+01 6.892672948506725226e-05
5.050525262631315826e+01 6.868011202422072360e-05
5.054527263631815970e+01 6.843486106317826746e-05
5.058529264632316114e+01 6.819096624723455010e-05
5.062531265632816257e+01 6.794841732173986240e-05
5.066533266633316401e+01 6.770720413092121256e-05
5.070535267633816545e+01 6.746731661672026475e-05
5.074537268634316689e+01 6.722874481764717469e-05
5.078539269634817543e+01 6.699147886765030894e-05
5.082541270635317687e+01 6.675550899500192902e-05
5.086543271635817831e+01 6.652082552119849865e-05
5.090545272636317975e+01 6.628741885987707793e-05
5.094547273636818119e+01 6.605527951574578500e-05
5.098549274637318263e+01 6.582439808352958559e-05
5.102551275637819117e+01 6.559476524692982487e-05
5.106553276638319261e+01 6.536637177759880256e-05
5.110555277638819405e+01 6.513920853412733143e-05
5.114557278639319549e+01 6.491326646104691892e-05
5.118559279639819692e+01 6.468853658784499982e-05
5.122561280640319836e+01 6.446501002799358607e-05
5.126563281640819980e+01 6.424267797799118433e-05
5.130565282641320835e+01 6.402153171641741239e-05
5.134567283641820978e+01 6.380156260300047684e-05
5.138569284642321122e+01 6.358276207769710561e-05
5.142571285642821266e+01 6.336512165978482676e-05
5.146573286643321410e+01 6.314863294696640395e-05
5.150575287643821554e+01 6.293328761448603549e-05
5.154577288644321698e+01 6.271907741425754735e-05
5.158579289644822552e+01 6.250599417400418720e-05
5.162581290645322696e+01 6.229402979640955853e-05
5.166583291645822840e+01 6.208317625827996611e-05
5.170585292646322984e+01 6.187342560971765756e-05
5.174587293646823127e+01 6.166476997330535431e-05
5.178589294647323271e+01 6.145720154330096036e-05
5.182591295647823415e+01 6.125071258484322161e-05
5.186593296648324269e+01 6.104529543316763085e-05
5.190595297648824413e+01 6.084094249283265973e-05
5.194597298649324557e+01 6.063764623695578932e-05
5.198599299649824701e+01 6.043539920646005050e-05
5.202601300650324845e+01 6.023419400932969892e-05
5.206603301650824989e+01 6.003402331987603392e-05
5.210605302651325843e+01 5.983487987801237217e-05
5.214607303651825987e+01 5.963675648853872501e-05
5.218609304652326131e+01 5.943964602043521711e-05
5.222611305652826275e+01 5.924354140616501898e-05
5.226613306653326418e+01 5.904843564098606157e-05
5.230615307653826562e+01 5.885432178227146513e-05
5.234617308654326706e+01 5.866119294883879754e-05
5.238619309654827561e+01 5.846904232028780294e-05
5.242621310655327704e+01 5.827786313634661429e-05
5.246623311655827848e+01 5.808764869622621939e-05
5.250625312656327992e+01 5.789839235798306520e-05
5.254627313656828136e+01 5.771008753788984787e-05
5.258629314657328280e+01 5.752272770981414974e-05
5.262631315657828424e+01 5.733630640460496381e-05
5.266633316658329278e+01 5.715081720948683486e-05
5.270635317658829422e+01 5.696625376746187444e-05
5.274637318659329566e+01 5.678260977671872168e-05
5.278639319659829710e+01 5.659987899004955417e-05
5.282641320660329853e+01 5.641805521427388200e-05
5.286643321660829997e+01 5.623713230966974813e-05
5.290645322661330852e+01 5.605710418941185422e-05
5.294647323661830995e+01 5.587796481901699796e-05
5.298649324662331139e+01 5.569970821579574462e-05
5.302651325662831283e+01 5.552232844831149147e-05
5.306653326663331427e+01 5.534581963584590190e-05
5.310655327663831571e+01 5.517017594787101416e-05
5.314657328664331715e+01 5.499539160352767236e-05
5.318659329664832569e+01 5.482146087111065239e-05
5.322661330665332713e+01 5.464837806755977809e-05
5.326663331665832857e+01 5.447613755795746132e-05
5.330665332666333001e+01 5.430473375503225254e-05
5.334667333666833144e+01 5.413416111866850360e-05
5.338669334667333288e+01 5.396441415542195980e-05
5.342671335667833432e+01 5.379548741804122009e-05
5.346673336668334287e+01 5.362737550499491657e-05
5.350675337668834430e+01 5.346007306000487053e-05
5.354677338669334574e+01 5.329357477158450020e-05
5.358679339669834718e+01 5.312787537258300180e-05
5.362681340670334862e+01 5.296296963973501939e-05
5.366683341670835006e+01 5.279885239321564766e-05
5.370685342671335860e+01 5.263551849620068629e-05
5.374687343671836004e+01 5.247296285443245085e-05
5.378689344672336148e+01 5.231118041579030001e-05
5.382691345672836292e+01 5.215016616986659054e-05
5.386693346673336436e+01 5.198991514754769410e-05
5.390695347673836579e+01 5.183042242059975074e-05
5.394697348674336723e+01 5.167168310125951129e-05
5.398699349674837578e+01 5.151369234182986902e-05
5.402701350675337721e+01 5.135644533428045306e-05
5.406703351675837865e+01 5.119993730985253160e-05
5.410705352676338009e+01 5.104416353866867199e-05
5.414707353676838153e+01 5.088911932934723234e-05
5.418709354677338297e+01 5.073480002862109506e-05
5.422711355677838441e+01 5.058120102096090657e-05
5.426713356678339295e+01 5.042831772820268100e-05
5.430715357678839439e+01 5.027614560918002522e-05
5.434717358679339583e+01 5.012468015936013833e-05
5.438719359679839727e+01 4.997391691048441216e-05
5.442721360680339870e+01 4.982385143021310434e-05
5.446723361680840014e+01 4.967447932177406362e-05
5.450725362681340869e+01 4.952579622361553437e-05
5.454727363681841013e+01 4.937779780906299988e-05
5.458729364682341156e+01 4.923047978597984740e-05
5.462731365682841300e+01 4.908383789643211924e-05
5.466733366683341444e+01 4.893786791635688249e-05
5.470735367683841588e+01 4.879256565523461693e-05
5.474737368684341732e+01 4.864792695576514029e-05
5.478739369684842586e+01 4.850394769354730780e-05
5.482741370685342730e+01 4.836062377676250646e-05
5.486743371685842874e+01 4.821795114586140872e-05
5.490745372686343018e+01 4.807592577325452084e-05
5.494747373686843162e+01 4.793454366300622780e-05
5.498749374687343305e+01 4.779380085053223996e-05
5.502751375687843449e+01 4.765369340230035319e-05
5.506753376688344304e+01 4.751421741553472602e-05
5.510755377688844447e+01 4.737536901792355833e-05
5.514757378689344591e+01 4.723714436732964333e-05
5.518759379689844735e+01 4.709953965150465312e-05
5.522761380690344879e+01 4.696255108780635171e-05
5.526763381690845023e+01 4.682617492291890469e-05
5.530765382691345167e+01 4.669040743257654323e-05
5.534767383691846021e+01 4.655524492129008087e-05
5.538769384692346165e+01 4.642068372207661510e-05
5.542771385692846309e+01 4.628672019619203441e-05
5.546773386693346453e+01 4.615335073286674396e-05
5.550775387693846596e+01 4.602057174904409506e-05
5.554777388694346740e+01 4.588837968912176906e-05
5.558779389694847595e+01 4.575677102469604795e-05
5.562781390695347739e+01 4.562574225430891063e-05
5.566783391695847882e+01 4.549528990319770419e-05
5.570785392696348026e+01 4.536541052304778320e-05
5.574787393696848170e+01 4.523610069174783236e-05
5.578789394697348314e+01 4.510735701314766253e-05
5.582791395697848458e+01 4.497917611681893408e-05
5.586793396698349312e+01 4.485155465781812996e-05
5.590795397698849456e+01 4.472448931645258487e-05
5.594797398699349600e+01 4.459797679804848635e-05
5.598799399699849744e+01 4.447201383272175572e-05
5.602801400700349888e+01 4.434659717515144985e-05
5.606803401700850031e+01 4.422172360435522965e-05
5.610805402701350175e+01 4.409738992346770174e-05
5.614807403701851030e+01 4.397359295952077939e-05
5.618809404702351173e+01 4.385032956322664556e-05
5.622811405702851317e+01 4.372759660876289120e-05
5.626813406703351461e+01 4.360539099356002511e-05
5.630815407703851605e+01 4.348370963809117262e-05
5.634817408704351749e+01 4.336254948566413918e-05
5.638819409704852603e+01 4.324190750221560846e-05
5.642821410705352747e+01 4.312178067610752914e-05
5.646823411705852891e+01 4.300216601792574474e-05
5.650825412706353035e+01 4.288306056028045975e-05
5.654827413706853179e+01 4.276446135760929426e-05
5.658829414707353322e+01 4.264636548598204632e-05
5.662831415707853466e+01 4.252877004290760903e-05
5.666833416708354321e+01 4.241167214714296804e-05
5.670835417708854465e+01 4.229506893850419798e-05
5.674837418709354608e+01 4.217895757767938338e-05
5.678839419709854752e+01 4.206333524604348440e-05
5.682841420710354896e+01 4.194819914547528279e-05
5.686843421710855040e+01 4.183354649817610333e-05
5.690845422711355184e+01 4.171937454649038516e-05
5.694847423711856038e+01 4.160568055272827914e-05
5.698849424712356182e+01 4.149246179899007491e-05
5.702851425712856326e+01 4.137971558699213222e-05
5.706853426713356470e+01 4.126743923789515008e-05
5.710855427713856614e+01 4.115563009213363531e-05
5.714857428714356757e+01 4.104428550924772923e-05
5.718859429714857612e+01 4.093340286771611177e-05
5.722861430715357756e+01 4.082297956479128407e-05
5.726863431715857899e+01 4.071301301633596236e-05
5.730865432716358043e+01 4.060350065666160638e-05
5.734867433716858187e+01 4.049443993836827595e-05
5.738869434717358331e+01 4.038582833218631033e-05
5.742871435717858475e+01 4.027766332681958648e-05
5.746873436718359329e+01 4.016994242879030197e-05
5.750875437718859473e+01 4.006266316228544516e-05
5.754877438719359617e+01 3.995582306900469520e-05
5.758879439719859761e+01 3.984941970801007030e-05
5.762881440720359905e+01 3.974345065557676181e-05
5.766883441720860048e+01 3.963791350504590640e-05
5.770885442721360192e+01 3.953280586667850329e-05
5.774887443721861047e+01 3.942812536751082918e-05
5.778889444722361191e+01 3.932386965121168946e-05
5.782891445722861334e+01 3.922003637794050290e-05
5.786893446723361478e+01 3.911662322420725665e-05
5.790895447723861622e+01 3.901362788273374867e-05
5.794897448724361766e+01 3.891104806231616509e-05
5.798899449724862620e+01 3.880888148768900608e-05
5.802901450725362764e+01 3.870712589939062447e-05
5.806903451725862908e+01 3.860577905362963167e-05
5.810905452726363052e+01 3.850483872215305870e-05
5.814907453726863196e+01 3.840430269211568955e-05
5.818909454727363340e+01 3.830416876595058701e-05
5.822911455727863483e+01 3.820443476124102140e-05
5.826913456728364338e+01 3.810509851059365948e-05
5.830915457728864482e+01 3.800615786151290550e-05
5.834917458729364625e+01 3.790761067627655668e-05
5.838919459729864769e+01 3.780945483181273278e-05
5.842921460730364913e+01 3.771168821957787622e-05
5.846923461730865057e+01 3.761430874543604649e-05
5.850925462731365201e+01 3.751731432953941400e-05
5.854927463731866055e+01 3.742070290620977705e-05
5.858929464732366199e+01 3.732447242382150874e-05
5.862931465732866343e+01 3.722862084468527618e-05
5.866933466733366487e+01 3.713314614493325069e-05
5.870935467733866631e+01 3.703804631440517164e-05
5.874937468734366774e+01 3.694331935653569785e-05
5.878939469734866918e+01 3.684896328824265347e-05
5.882941470735367773e+01 3.675497613981660878e-05
5.886943471735867917e+01 3.666135595481134860e-05
5.890945472736368060e+01 3.656810078993536406e-05
5.894947473736868204e+01 3.647520871494448942e-05
5.898949474737368348e+01 3.638267781253565707e-05
5.902951475737868492e+01 3.629050617824141142e-05
5.906953476738369346e+01 3.619869192032562898e-05
5.910955477738869490e+01 3.610723315968028877e-05
5.914957478739369634e+01 3.601612802972301518e-05
5.918959479739869778e+01 3.592537467629573224e-05
5.922961480740369922e+01 3.583497125756429354e-05
5.926963481740870066e+01 3.574491594391907446e-05
5.930965482741370209e+01 3.565520691787642498e-05
5.934967483741871064e+01 3.556584237398109150e-05
5.938969484742371208e+01 3.547682051870969570e-05
5.942971485742871351e+01 3.538813957037485720e-05
5.946973486743371495e+01 3.529979775903046820e-05
5.950975487743871639e+01 3.521179332637774733e-05
5.954977488744371783e+01 3.512412452567222868e-05
5.958979489744871927e+01 3.503678962163160458e-05
5.962981490745372781e+01 3.494978689034433417e-05
5.966983491745872925e+01 3.486311461917930901e-05
5.970985492746373069e+01 3.477677110669627768e-05
5.974987493746873213e+01 3.469075466255689370e-05
5.978989494747373357e+01 3.460506360743709176e-05
5.982991495747873500e+01 3.451969627293970772e-05
5.986993496748374355e+01 3.443465100150835912e-05
5.990995497748874499e+01 3.434992614634189485e-05
5.994997498749374643e+01 3.426552007130966471e-05
5.998999499749874786e+01 3.418143115086766322e-05
6.003001500750374930e+01 3.409765776997531703e-05
6.007003501750875074e+01 3.401419832401326857e-05
6.011005502751375218e+01 3.393105121870153908e-05
6.015007503751876072e+01 3.384821487001892496e-05
6.019009504752376216e+01 3.376568770412273973e-05
6.023011505752876360e+01 3.368346815726943683e-05
6.027013506753376504e+01 3.360155467573603213e-05
6.031015507753876648e+01 3.351994571574216328e-05
6.035017508754376792e+01 3.343863974337281327e-05
6.039019509754876935e+01 3.335763523450192830e-05
6.043021510755377790e+01 3.327693067471651695e-05
6.047023511755877934e+01 3.319652455924159621e-05
6.051025512756378077e+01 3.311641539286570683e-05
6.055027513756878221e+01 3.303660168986719431e-05
6.059029514757378365e+01 3.295708197394111341e-05
6.063031515757878509e+01 3.287785477812688468e-05
6.067033516758379363e+01 3.279891864473631705e-05
6.071035517758879507e+01 3.272027212528282297e-05
6.075037518759379651e+01 3.264191378041063352e-05
6.079039519759879795e+01 3.256384217982513169e-05
6.083041520760379939e+01 3.248605590222357185e-05
6.087043521760880083e+01 3.240855353522653783e-05
6.091045522761380226e+01 3.233133367530998379e-05
6.095047523761881081e+01 3.225439492773779683e-05
6.099049524762381225e+01 3.217773590649513889e-05
6.103051525762881369e+01 3.210135523422219522e-05
6.107053526763381512e+01 3.202525154214866149e-05
6.111055527763881656e+01 3.194942347002875259e-05
6.115057528764381800e+01 3.187386966607676041e-05
6.119059529764881944e+01 3.179858878690327564e-05
6.123061530765382798e+01 3.172357949745189067e-05
6.127063531765882942e+01 3.164884047093648531e-05
6.131065532766383086e+01 3.157437038877910872e-05
6.135067533766883230e+01 3.150016794054830870e-05
6.139069534767383374e+01 3.142623182389822661e-05
6.143071535767883518e+01 3.135256074450790234e-05
6.147073536768384372e+01 3.127915341602137221e-05
6.151075537768884516e+01 3.120600855998826141e-05
6.155077538769384660e+01 3.113312490580478987e-05
6.159079539769884803e+01 3.106050119065531344e-05
6.163081540770384947e+01 3.098813615945454945e-05
6.167083541770885091e+01 3.091602856479008690e-05
6.171085542771385235e+01 3.084417716686545230e-05
6.175087543771886089e+01 3.077258073344381925e-05
6.179089544772386233e+01 3.070123803979206358e-05
6.183091545772886377e+01 3.063014786862529288e-05
6.187093546773386521e+01 3.055930901005196555e-05
6.191095547773886665e+01 3.048872026151935540e-05
6.195097548774386809e+01 3.041838042775967362e-05
6.199099549774886952e+01 3.034828832073647187e-05
6.203101550775387807e+01 3.027844275959155708e-05
6.207103551775887951e+01 3.020884257059248555e-05
6.211105552776388095e+01 3.013948658708030779e-05
6.215107553776888238e+01 3.007037364941797067e-05
6.219109554777388382e+01 3.000150260493898043e-05
6.223111555777888526e+01 2.993287230789662819e-05
6.227113556778388670e+01 2.986448161941361850e-05
6.231115557778889524e+01 2.979632940743209789e-05
6.235117558779389668e+01 2.972841454666419483e-05
6.239119559779889812e+01 2.966073591854280381e-05
6.243121560780389956e+01 2.959329241117310109e-05
6.247123561780890100e+01 2.952608291928403352e-05
6.251125562781390244e+01 2.945910634418073213e-05
6.255127563781891098e+01 2.939236159369683444e-05
6.259129564782391242e+01 2.932584758214764345e-05
6.263131565782891386e+01 2.925956323028334438e-05
6.267133566783391529e+01 2.919350746524279052e-05
6.271135567783891673e+01 2.912767922050771603e-05
6.275137568784391817e+01 2.906207743585715537e-05
6.279139569784891961e+01 2.899670105732249302e-05
6.283141570785392815e+01 2.893154903714259440e-05
6.287143571785892959e+01 2.886662033371963481e-05
6.291145572786393103e+01 2.880191391157507064e-05
6.295147573786893247e+01 2.873742874130601722e-05
6.299149574787393391e+01 2.867316379954211109e-05
6.303151575787893535e+01 2.860911806890255524e-05
6.307153576788393678e+01 2.854529053795372011e-05
6.311155577788894533e+01 2.848168020116691721e-05
6.315157578789394677e+01 2.841828605887663370e-05
6.319159579789894821e+01 2.835510711723909208e-05
6.323161580790394964e+01 2.829214238819110477e-05
6.327163581790895108e+01 2.822939088940939957e-05
6.331165582791395252e+01 2.816685164427007389e-05
6.335167583791896107e+01 2.810452368180864864e-05
6.339169584792396250e+01 2.804240603668020355e-05
6.343171585792896394e+01 2.798049774911997312e-05
6.347173586793396538e+01 2.791879786490429505e-05
6.351175587793896682e+01 2.785730543531173819e-05
6.355177588794396826e+01 2.779601951708476586e-05
6.359179589794896970e+01 2.773493917239145331e-05
6.363181590795397824e+01 2.767406346878776427e-05
6.367183591795897968e+01 2.761339147918002063e-05
6.371185592796398112e+01 2.755292228178758554e-05
6.375187593796898256e+01 2.749265496010611237e-05
6.379189594797398399e+01 2.743258860287079359e-05
6.383191595797898543e+01 2.737272230402016543e-05
6.387193596798398687e+01 2.731305516266000050e-05
6.391195597798899541e+01 2.725358628302766129e-05
6.395197598799399685e+01 2.719431477445667045e-05
6.399199599799899829e+01 2.713523975134149799e-05
6.403201600800400684e+01 2.707636033310278540e-05
6.407203601800900117e+01 2.701767564415274276e-05
6.411205602801400971e+01 2.695918481386080996e-05
6.415207603801900405e+01 2.690088697651977541e-05
6.419209604802401259e+01 2.684278127131183711e-05
6.423211605802900692e+01 2.678486684227533122e-05
6.427213606803401547e+01 2.672714283827134875e-05
6.431215607803902401e+01 2.666960841295099949e-05
6.435217608804401834e+01 2.661226272472261485e-05
6.439219609804902689e+01 2.655510493671926924e-05
6.443221610805402122e+01 2.649813421676686727e-05
6.447223611805902976e+01 2.644134973735202425e-05
6.451225612806402410e+01 2.638475067559057350e-05
6.455227613806903264e+01 2.632833621319611772e-05
6.459229614807404118e+01 2.627210553644891578e-05
6.463231615807903552e+01 2.621605783616504391e-05
6.467233616808404406e+01 2.616019230766564846e-05
6.471235617808903839e+01 2.610450815074667630e-05
6.475237618809404694e+01 2.604900456964859845e-05
6.479239619809904127e+01 2.599368077302663862e-05
6.483241620810404982e+01 2.593853597392095083e-05
6.487243621810905836e+01 2.588356938972729177e-05
6.491245622811405269e+01 2.582878024216777102e-05
6.495247623811906124e+01 2.577416775726178093e-05
6.499249624812405557e+01 2.571973116529745158e-05
6.503251625812906411e+01 2.566546970080287537e-05
6.507253626813405845e+01 2.561138260251804991e-05
6.511255627813906699e+01 2.555746911336660070e-05
6.515257628814407553e+01 2.550372848042802210e-05
6.519259629814906987e+01 2.545015995491007430e-05
6.523261630815407841e+01 2.539676279212121403e-05
6.527263631815907274e+01 2.534353625144355050e-05
6.531265632816408129e+01 2.529047959630571668e-05
6.535267633816907562e+01 2.523759209415620802e-05
6.539269634817408416e+01 2.518487301643663998e-05
6.543271635817909271e+01 2.513232163855555435e-05
6.547273636818408704e+01 2.507993723986215448e-05
6.551275637818909559e+01 2.502771910362028778e-05
6.555277638819408992e+01 2.497566651698284842e-05
6.559279639819909846e+01 2.492377877096604106e-05
6.563281640820410701e+01 2.487205516042409863e-05
6.567283641820910134e+01 2.482049498402418979e-05
6.571285642821410988e+01 2.476909754422121465e-05
6.575287643821910422e+01 2.471786214723329503e-05
6.579289644822411276e+01 2.466678810301696652e-05
6.583291645822910709e+01 2.461587472524291273e-05
6.587293646823411564e+01 2.456512133127163505e-05
6.591295647823912418e+01 2.451452724212954608e-05
6.595297648824411851e+01 2.446409178248504595e-05
6.599299649824912706e+01 2.441381428062483933e-05
6.603301650825412139e+01 2.436369406843050646e-05
6.607303651825912993e+01 2.431373048135518269e-05
6.611305652826412427e+01 2.426392285840043103e-05
6.615307653826913281e+01 2.421427054209323679e-05
6.619309654827414136e+01 2.416477287846335111e-05
6.623311655827913569e+01 2.411542921702061081e-05
6.627313656828414423e+01 2.406623891073245139e-05
6.631315657828913857e+01 2.401720131600179264e-05
6.635317658829414711e+01 2.396831579264479899e-05
6.639319659829914144e+01 2.391958170386908024e-05
6.643321660830414999e+01 2.387099841625178731e-05
6.647323661830915853e+01 2.382256529971816874e-05
6.651325662831415286e+01 2.377428172752007299e-05
6.655327663831916141e+01 2.372614707621460323e-05
6.659329664832415574e+01 2.367816072564314479e-05
6.663331665832916428e+01 2.363032205891029775e-05
6.667333666833415862e+01 2.358263046236314835e-05
6.671335667833916716e+01 2.353508532557057093e-05
6.675337668834417570e+01 2.348768604130281438e-05
6.679339669834917004e+01 2.344043200551112935e-05
6.683341670835417858e+01 2.339332261730755122e-05
6.687343671835917291e+01 2.334635727894494067e-05
6.691345672836418146e+01 2.329953539579705126e-05
6.695347673836917579e+01 2.325285637633885458e-05
6.699349674837418434e+01 2.320631963212683484e-05
6.703351675837919288e+01 2.315992457777971719e-05
6.707353676838418721e+01 2.311367063095902665e-05
6.711355677838919576e+01 2.306755721234999255e-05
6.715357678839419009e+01 2.302158374564256148e-05
6.719359679839919863e+01 2.297574965751245421e-05
6.723361680840420718e+01 2.293005437760251068e-05
6.727363681840920151e+01 2.288449733850407217e-05
6.731365682841421005e+01 2.283907797573845840e-05
6.735367683841920439e+01 2.279379572773877668e-05
6.739369684842421293e+01 2.274865003583158529e-05
6.743371685842920726e+01 2.270364034421899063e-05
6.747373686843421581e+01 2.265876609996058508e-05
6.751375687843922435e+01 2.261402675295575755e-05
6.755377688844421868e+01 2.256942175592604132e-05
6.759379689844922723e+01 2.252495056439745511e-05
6.763381690845422156e+01 2.248061263668327104e-05
6.767383691845923011e+01 2.243640743386661994e-05
6.771385692846422444e+01 2.239233441978340502e-05
6.775387693846923298e+01 2.234839306100522906e-05
6.779389694847424153e+01 2.230458282682253171e-05
6.783391695847923586e+01 2.226090318922783513e-05
6.787393696848424440e+01 2.221735362289897617e-05
6.791395697848923874e+01 2.217393360518273151e-05
6.795397698849424728e+01 2.213064261607823951e-05
6.799399699849924161e+01 2.208748013822085920e-05
6.803401700850425016e+01 2.204444565686583605e-05
6.807403701850925870e+01 2.200153865987238794e-05
6.811405702851425303e+01 2.195875863768764879e-05
6.815407703851926158e+01 2.191610508333087650e-05
6.819409704852425591e+01 2.187357749237776587e-05
6.823411705852926445e+01 2.183117536294474801e-05
6.827413706853425879e+01 2.178889819567362179e-05
6.831415707853926733e+01 2.174674549371607006e-05
6.835417708854427588e+01 2.170471676271846725e-05
6.839419709854927021e+01 2.166281151080665655e-05
6.843421710855427875e+01 2.162102924857088281e-05
6.847423711855927309e+01 2.157936948905094245e-05
6.851425712856428163e+01 2.153783174772123154e-05
6.855427713856927596e+01 2.149641554247608543e-05
6.859429714857428451e+01 2.145512039361509115e-05
6.863431715857929305e+01 2.141394582382861333e-05
6.867433716858428738e+01 2.137289135818338110e-05
6.871435717858929593e+01 2.133195652410806479e-05
6.875437718859429026e+01 2.129114085137919825e-05
6.879439719859929880e+01 2.125044387210693175e-05
6.883441720860429314e+01 2.120986512072112711e-05
6.887443721860930168e+01 2.116940413395732064e-05
6.891445722861431022e+01 2.112906045084301479e-05
6.895447723861930456e+01 2.108883361268389521e-05
6.899449724862431310e+01 2.104872316305018333e-05
6.903451725862930743e+01 2.100872864776317538e-05
6.907453726863431598e+01 2.096884961488169319e-05
6.911455727863932452e+01 2.092908561468887049e-05
6.915457728864431886e+01 2.088943619967884098e-05
6.919459729864932740e+01 2.084990092454353471e-05
6.923461730865432173e+01 2.081047934615970499e-05
6.927463731865933028e+01 2.077117102357591114e-05
6.931465732866432461e+01 2.073197551799962668e-05
6.935467733866933315e+01 2.069289239278444234e-05
6.939469734867434170e+01 2.065392121341741479e-05
6.943471735867933603e+01 2.061506154750642549e-05
6.947473736868434457e+01 2.057631296476754637e-05
6.951475737868933891e+01 2.053767503701281886e-05
6.955477738869434745e+01 2.049914733813769404e-05
6.959479739869934178e+01 2.046072944410888959e-05
6.963481740870435033e+01 2.042242093295211462e-05
6.967483741870935887e+01 2.038422138474005191e-05
6.971485742871435320e+01 2.034613038158033011e-05
6.975487743871936175e+01 2.030814750760350258e-05
6.979489744872435608e+01 2.027027234895132111e-05
6.983491745872936463e+01 2.023250449376486391e-05
6.987493746873435896e+01 2.019484353217291766e-05
6.991495747873936750e+01 2.015728905628031900e-05
6.995497748874437605e+01 2.011984066015647213e-05
6.999499749874937038e+01 2.008249793982386304e-05
7.003501750875437892e+01 2.004526049324669909e-05
7.007503751875937326e+01 2.000812792031963336e-05
7.011505752876438180e+01 1.997109982285648211e-05
7.015507753876937613e+01 1.993417580457921678e-05
7.019509754877438468e+01 1.989735547110675263e-05
7.023511755877939322e+01 1.986063842994404238e-05
7.027513756878438755e+01 1.982402429047119011e-05
7.031515757878939610e+01 1.978751266393249068e-05
7.035517758879439043e+01 1.975110316342583842e-05
7.039519759879939897e+01 1.971479540389184444e-05
7.043521760880439331e+01 1.967858900210338086e-05
7.047523761880940185e+01 1.964248357665493192e-05
7.051525762881441040e+01 1.960647874795215176e-05
7.055527763881940473e+01 1.957057413820147639e-05
7.059529764882441327e+01 1.953476937139971538e-05
7.063531765882940761e+01 1.949906407332390774e-05
7.067533766883441615e+01 1.946345787152098481e-05
7.071535767883942469e+01 1.942795039529776163e-05
7.075537768884441903e+01 1.939254127571083021e-05
7.079539769884942757e+01 1.935723014555650013e-05
7.083541770885442190e+01 1.932201663936102042e-05
7.087543771885943045e+01 1.928690039337055742e-05
7.091545772886442478e+01 1.925188104554154207e-05
7.095547773886943332e+01 1.921695823553085100e-05
7.099549774887444187e+01 1.918213160468617756e-05
7.103551775887943620e+01 1.914740079603645013e-05
7.107553776888444474e+01 1.911276545428223692e-05
7.111555777888943908e+01 1.907822522578636089e-05
7.115557778889444762e+01 1.904377975856442649e-05
7.119559779889944195e+01 1.900942870227549216e-05
7.123561780890445050e+01 1.897517170821280718e-05
7.127563781890945904e+01 1.894100842929455526e-05
7.131565782891445338e+01 1.890693852005474729e-05
7.135567783891946192e+01 1.887296163663403607e-05
7.139569784892445625e+01 1.883907743677081911e-05
7.143571785892946480e+01 1.880528557979205677e-05
7.147573786893445913e+01 1.877158572660455799e-05
7.151575787893946767e+01 1.873797753968595771e-05
7.155577788894447622e+01 1.870446068307605002e-05
7.159579789894947055e+01 1.867103482236793835e-05
7.163581790895447909e+01 1.863769962469937201e-05
7.167583791895947343e+01 1.860445475874416410e-05
7.171585792896448197e+01 1.857129989470354832e-05
7.175587793896947630e+01 1.853823470429772225e-05
7.179589794897448485e+01 1.850525886075733971e-05
7.183591795897949339e+01 1.847237203881514211e-05
7.187593796898448772e+01 1.843957391469758632e-05
7.191595797898949627e+01 1.840686416611652350e-05
7.195597798899449060e+01 1.837424247226103024e-05
7.199599799899949915e+01 1.834170851378911447e-05
7.203601800900449348e+01 1.830926197281970586e-05
7.207603801900950202e+01 1.827690253292441931e-05
7.211605802901451057e+01 1.824462987911968772e-05
7.215607803901950490e+01 1.821244369785869819e-05
7.219609804902451344e+01 1.818034367702340624e-05
7.223611805902950778e+01 1.814832950591679727e-05
7.227613806903451632e+01 1.811640087525497872e-05
7.231615807903951065e+01 1.808455747715940763e-05
7.235617808904451920e+01 1.805279900514917930e-05
7.239619809904952774e+01 1.802112515413335995e-05
7.243621810905452207e+01 1.798953562040339047e-05
7.247623811905953062e+01 1.795803010162542253e-05
7.251625812906452495e+01 1.792660829683291550e-05
7.255627813906953349e+01 1.789526990641901311e-05
7.259629814907454204e+01 1.786401463212926582e-05
7.263631815907953637e+01 1.783284217705417344e-05
7.267633816908454492e+01 1.780175224562179572e-05
7.271635817908953925e+01 1.777074454359057622e-05
7.275637818909454779e+01 1.773981877804202734e-05
7.279639819909954213e+01 1.770897465737358818e-05
7.283641820910455067e+01 1.767821189129138403e-05
7.287643821910955921e+01 1.764753019080322658e-05
7.291645822911455355e+01 1.761692926821154618e-05
7.295647823911956209e+01 1.758640883710625315e-05
7.299649824912455642e+01 1.755596861235796140e-05
7.303651825912956497e+01 1.752560831011088703e-05
7.307653826913455930e+01 1.749532764777611261e-05
7.311655827913956784e+01 1.746512634402462805e-05
7.315657828914457639e+01 1.743500411878063218e-05
7.319659829914957072e+01 1.740496069321472946e-05
7.323661830915457926e+01 1.737499578973725531e-05
7.327663831915957360e+01 1.734510913199157779e-05
7.331665832916458214e+01 1.731530044484748735e-05
7.335667833916957647e+01 1.728556945439464079e-05
7.339669834917458502e+01 1.725591588793597137e-05
7.343671835917959356e+01 1.722633947398125132e-05
7.347673836918458790e+01 1.719683994224059344e-05
7.351675837918959644e+01 1.716741702361803057e-05
7.355677838919459077e+01 1.713807045020516624e-05
7.359679839919959932e+01 1.710879995527480156e-05
7.363681840920459365e+01 1.707960527327470114e-05
7.367683841920960219e+01 1.705048613982124701e-05
7.371685842921461074e+01 1.702144229169329603e-05
7.375687843921960507e+01 1.699247346682598633e-05
7.379689844922461361e+01 1.696357940430453368e-05
7.383691845922960795e+01 1.693475984435822090e-05
7.387693846923461649e+01 1.690601452835426537e-05
7.391695847923961082e+01 1.687734319879184236e-05
7.395697848924461937e+01 1.684874559929603046e-05
7.399699849924962791e+01 1.682022147461192973e-05
7.403701850925462224e+01 1.679177057059872574e-05
7.407703851925963079e+01 1.676339263422373999e-05
7.411705852926462512e+01 1.673508741355673110e-05
7.415707853926963367e+01 1.670685465776393163e-05
7.419709854927464221e+01 1.667869411710239677e-05
7.423711855927963654e+01 1.665060554291420718e-05
7.427713856928464509e+01 1.662258868762079387e-05
7.431715857928963942e+01 1.659464330471728684e-05
7.435717858929464796e+01 1.656676914876681621e-05
7.439719859929964230e+01 1.653896597539502683e-05
7.443721860930465084e+01 1.651123354128442689e-05
7.447723861930965938e+01 1.648357160416890593e-05
7.451725862931465372e+01 1.645597992282823928e-05
7.455727863931966226e+01 1.642845825708260605e-05
7.459729864932465659e+01 1.640100636778721557e-05
7.463731865932966514e+01 1.637362401682682878e-05
7.467733866933465947e+01 1.634631096711052018e-05
7.471735867933966802e+01 1.631906698256622632e-05
7.475737868934467656e+01 1.629189182813554500e-05
7.479739869934967089e+01 1.626478526976844305e-05
7.483741870935467944e+01 1.623774707441800130e-05
7.487743871935967377e+01 1.621077701003526125e-05
7.491745872936468231e+01 1.618387484556402768e-05
7.495747873936967665e+01 1.615704035093576611e-05
7.499749874937468519e+01 1.613027329706444944e-05
7.503751875937969373e+01 1.610357345584154695e-05
7.507753876938468807e+01 1.607694060013094205e-05
7.511755877938969661e+01 1.605037450376391788e-05
7.515757878939469094e+01 1.602387494153422755e-05
7.519759879939969949e+01 1.599744168919306280e-05
7.523761880940469382e+01 1.597107452344421571e-05
7.527763881940970236e+01 1.594477322193913206e-05
7.531765882941471091e+01 1.591853756327207643e-05
7.535767883941970524e+01 1.589236732697531433e-05
7.539769884942471379e+01 1.586626229351421967e-05
7.543771885942970812e+01 1.584022224428265679e-05
7.547773886943471666e+01 1.581424696159808459e-05
7.551775887943971100e+01 1.578833622869693174e-05
7.555777888944471954e+01 1.576248982972985665e-05
7.559779889944972808e+01 1.573670754975713967e-05
7.563781890945472242e+01 1.571098917474401079e-05
7.567783891945973096e+01 1.568533449155601472e-05
7.571785892946472529e+01 1.565974328795453855e-05
7.575787893946973384e+01 1.563421535259214968e-05
7.579789894947472817e+01 1.560875047500814039e-05
7.583791895947973671e+01 1.558334844562398781e-05
7.587793896948474526e+01 1.555800905573893913e-05
7.591795897948973959e+01 1.553273209752551557e-05
7.595797898949474813e+01 1.550751736402512137e-05
7.599799899949974247e+01 1.548236464914365274e-05
7.603801900950475101e+01 1.545727374764713398e-05
7.607803901950975956e+01 1.543224445515736711e-05
7.611805902951475389e+01 1.540727656814764248e-05
7.615807903951976243e+01 1.538236988393842908e-05
7.619809904952475677e+01 1.535752420069313261e-05
7.623811905952976531e+01 1.533273931741381961e-05
7.627813906953475964e+01 1.530801503393708400e-05
7.631815907953976819e+01 1.528335115092976785e-05
7.635817908954477673e+01 1.525874746988485154e-05
7.639819909954977106e+01 1.523420379311734400e-05
7.643821910955477961e+01 1.520971992376007972e-05
7.647823911955977394e+01 1.518529566575972244e-05
7.651825912956478248e+01 1.516093082387264180e-05
7.655827913956977682e+01 1.513662520366090519e-05
7.659829914957478536e+01 1.511237861148822043e-05
7.663831915957979390e+01 1.508819085451600049e-05
7.667833916958478824e+01 1.506406174069935193e-05
7.671835917958979678e+01 1.503999107878311248e-05
7.675837918959479111e+01 1.501597867829798179e-05
7.679839919959979966e+01 1.499202434955656239e-05
7.683841920960479399e+01 1.496812790364954467e-05
7.687843921960980254e+01 1.494428915244174107e-05
7.691845922961481108e+01 1.492050790856840994e-05
7.695847923961980541e+01 1.489678398543130163e-05
7.699849924962481396e+01 1.487311719719493825e-05
7.703851925962980829e+01 1.484950735878285124e-05
7.707853926963481683e+01 1.482595428587378658e-05
7.711855927963981117e+01 1.480245779489805413e-05
7.715857928964481971e+01 1.477901770303373460e-05
7.719859929964982825e+01 1.475563382820308305e-05
7.723861930965482259e+01 1.473230598906883920e-05
7.727863931965983113e+01 1.470903400503055810e-05
7.731865932966482546e+01 1.468581769622103398e-05
7.735867933966983401e+01 1.466265688350268166e-05
7.739869934967482834e+01 1.463955138846398245e-05
7.743871935967983688e+01 1.461650103341588935e-05
7.747873936968484543e+01 1.459350564138833723e-05
7.751875937968983976e+01 1.457056503612670565e-05
7.755877938969484831e+01 1.454767904208830367e-05
7.759879939969984264e+01 1.452484748443896310e-05
7.763881940970485118e+01 1.450207018904947582e-05
7.767883941970985973e+01 1.447934698249228028e-05
7.771885942971485406e+01 1.445667769203796992e-05
7.775887943971986260e+01 1.443406214565188991e-05
7.779889944972485694e+01 1.441150017199083022e-05
7.783891945972986548e+01 1.438899160039957490e-05
7.787893946973485981e+01 1.436653626090766466e-05
7.791895947973986836e+01 1.434413398422599691e-05
7.795897948974487690e+01 1.432178460174356298e-05
7.799899949974987123e+01 1.429948794552417348e-05
7.803901950975487978e+01 1.427724384830316505e-05
7.807903951975987411e+01 1.425505214348418165e-05
7.811905952976488265e+01 1.423291266513593716e-05
7.815907953976987699e+01 1.421082524798902718e-05
7.819909954977488553e+01 1.418878972743270350e-05
7.823911955977989408e+01 1.416680593951173335e-05
7.827913956978488841e+01 1.414487372092325177e-05
7.831915957978989695e+01 1.412299290901358528e-05
7.835917958979489129e+01 1.410116334177518220e-05
7.839919959979989983e+01 1.407938485784347187e-05
7.843921960980489416e+01 1.405765729649381533e-05
7.847923961980990271e+01 1.403598049763841364e-05
7.851925962981491125e+01 1.401435430182327723e-05
7.855927963981990558e+01 1.399277855022519853e-05
7.859929964982491413e+01 1.397125308464868920e-05
7.863931965982990846e+01 1.394977774752308488e-05
7.867933966983491700e+01 1.392835238189942985e-05
7.871935967983991134e+01 1.390697683144765471e-05
7.875937968984491988e+01 1.388565094045348472e-05
7.879939969984992842e+01 1.386437455381565810e-05
7.883941970985492276e+01 1.384314751704290388e-05
7.887943971985993130e+01 1.382196967625104498e-05
7.891945972986492563e+01 1.380084087816021831e-05
7.895947973986993418e+01 1.377976097009187794e-05
7.899949974987492851e+01 1.375872979996605407e-05
7.903951975987993706e+01 1.373774721629842406e-05
7.907953976988494560e+01 1.371681306819757814e-05
7.911955977988993993e+01 1.369592720536217681e-05
7.915957978989494848e+01 1.367508947807814038e-05
7.919959979989994281e+01 1.365429973721594689e-05
7.923961980990495135e+01 1.363355783422779293e-05
7.927963981990994569e+01 1.361286362114492373e-05
7.931965982991495423e+01 1.359221695057484985e-05
7.935967983991996277e+01 1.357161767569867222e-05
7.939969984992495711e+01 1.355106565026840215e-05
7.943971985992996565e+01 1.353056072860421861e-05
7.947973986993495998e+01 1.351010276559185941e-05
7.951975987993996853e+01 1.348969161667992761e-05
7.955977988994497707e+01 1.346932713787730974e-05
7.959979989994997140e+01 1.344900918575049583e-05
7.963981990995497995e+01 1.342873761742099088e-05
7.967983991995997428e+01 1.340851229056274660e-05
7.971985992996498283e+01 1.338833306339953228e-05
7.975987993996997716e+01 1.336819979470243433e-05
7.979989994997498570e+01 1.334811234378721520e-05
7.983991995997999425e+01 1.332807057051188413e-05
7.987993996998498858e+01 1.330807433527408830e-05
7.991995997998999712e+01 1.328812349900862925e-05
7.995997998999499146e+01 1.326821792318499473e-05
8.000000000000000000e+01 1.324835746980482091e-05
