0.000000000000000000e+00 1.048439421522241423e-04
4.002001000500250011e-02 1.053242069850288988e-04
8.004002001000500022e-02 1.058080505681242329e-04
1.200600300150075073e-01 1.062955108296052576e-04
1.600800400200100004e-01 1.067866262247895164e-04
2.001000500250124936e-01 1.072814357453228860e-04
2.401200600300150145e-01 1.077799789284740348e-04
2.801400700350175077e-01 1.082822958666214359e-04
3.201600800400200009e-01 1.087884272169379354e-04
3.601800900450224940e-01 1.092984142112770089e-04
4.002001000500249872e-01 1.098122986662669685e-04
4.402201100550274804e-01 1.103301229936162503e-04
4.802401200600300291e-01 1.108519302106367079e-04
5.202601300650324667e-01 1.113777639509895329e-04
5.602801400700350154e-01 1.119076684756586953e-04
6.003001500750374531e-01 1.124416886841592909e-04
6.403201600800400017e-01 1.129798701259840588e-04
6.803401700850425504e-01 1.135222590122965706e-04
7.203601800900449881e-01 1.140689022278756681e-04
7.603801900950475368e-01 1.146198473433177121e-04
8.004002001000499744e-01 1.151751426275036738e-04
8.404202101050525231e-01 1.157348370603370331e-04
8.804402201100549608e-01 1.162989803457598428e-04
9.204602301150575094e-01 1.168676229250537610e-04
9.604802401200600581e-01 1.174408159904338734e-04
1.000500250125062607e+00 1.180186114989413885e-04
1.040520260130064933e+00 1.186010621866449106e-04
1.080540270135067482e+00 1.191882215831565386e-04
1.120560280140070031e+00 1.197801440264716115e-04
1.160580290145072579e+00 1.203768846781407090e-04
1.200600300150074906e+00 1.209784995387822124e-04
1.240620310155077455e+00 1.215850454639441419e-04
1.280640320160080003e+00 1.221965801803252577e-04
1.320660330165082552e+00 1.228131623023637328e-04
1.360680340170085101e+00 1.234348513492045509e-04
1.400700350175087427e+00 1.240617077620536257e-04
1.440720360180089976e+00 1.246937929219316663e-04
1.480740370185092525e+00 1.253311691678353761e-04
1.520760380190095074e+00 1.259738998153199735e-04
1.560780390195097400e+00 1.266220491755117342e-04
1.600800400200099949e+00 1.272756825745640535e-04
1.640820410205102498e+00 1.279348663735678971e-04
1.680840420210105046e+00 1.285996679889298152e-04
1.720860430215107595e+00 1.292701559132296068e-04
1.760880440220109922e+00 1.299463997365710524e-04
1.800900450225112470e+00 1.306284701684398903e-04
1.840920460230115019e+00 1.313164390600815058e-04
1.880940470235117568e+00 1.320103794274150291e-04
1.920960480240120116e+00 1.327103654744960664e-04
1.960980490245122443e+00 1.334164726175457102e-04
2.001000500250125214e+00 1.341287775095609258e-04
2.041020510255127540e+00 1.348473580655217636e-04
2.081040520260129867e+00 1.355722934882134774e-04
2.121060530265132638e+00 1.363036642946811655e-04
2.161080540270134964e+00 1.370415523433332530e-04
2.201100550275137291e+00 1.377860408617144689e-04
2.241120560280140062e+00 1.385372144749659636e-04
2.281140570285142388e+00 1.392951592349931929e-04
2.321160580290145159e+00 1.400599626503620885e-04
2.361180590295147486e+00 1.408317137169437885e-04
2.401200600300149812e+00 1.416105029493309943e-04
2.441220610305152583e+00 1.423964224130475304e-04
2.481240620310154910e+00 1.431895657575755544e-04
2.521260630315157680e+00 1.439900282502224013e-04
2.561280640320160007e+00 1.447979068108553853e-04
2.601300650325162334e+00 1.456133000475265144e-04
2.641320660330165104e+00 1.464363082930167988e-04
2.681340670335167431e+00 1.472670336423259835e-04
2.721360680340170202e+00 1.481055799911372493e-04
2.761380690345172528e+00 1.489520530752853162e-04
2.801400700350174855e+00 1.498065605112591466e-04
2.841420710355177626e+00 1.506692118377712052e-04
2.881440720360179952e+00 1.515401185584244466e-04
2.921460730365182723e+00 1.524193941855125380e-04
2.961480740370185050e+00 1.533071542849869819e-04
3.001500750375187376e+00 1.542035165226284075e-04
3.041520760380190147e+00 1.551086007114586233e-04
3.081540770385192474e+00 1.560225288604325975e-04
3.121560780390194800e+00 1.569454252244510781e-04
3.161580790395197571e+00 1.578774163557345096e-04
3.201600800400199898e+00 1.588186311566023201e-04
3.241620810405202668e+00 1.597692009337018141e-04
3.281640820410204995e+00 1.607292594537329923e-04
3.321660830415207322e+00 1.616989430007177643e-04
3.361680840420210092e+00 1.626783904348625038e-04
3.401700850425212419e+00 1.636677432530670470e-04
3.441720860430215190e+00 1.646671456511310900e-04
3.481740870435217516e+00 1.656767445877173469e-04
3.521760880440219843e+00 1.666966898501246743e-04
3.561780890445222614e+00 1.677271341219343452e-04
3.601800900450224940e+00 1.687682330525898887e-04
3.641820910455227711e+00 1.698201453289749526e-04
3.681840920460230038e+00 1.708830327490560002e-04
3.721860930465232364e+00 1.719570602976600742e-04
3.761880940470235135e+00 1.730423962244575554e-04
3.801900950475237462e+00 1.741392121242270319e-04
3.841920960480240232e+00 1.752476830194777389e-04
3.881940970485242559e+00 1.763679874455130795e-04
3.921960980490244886e+00 1.775003075380141568e-04
3.961980990495247656e+00 1.786448291232370193e-04
4.002001000500250427e+00 1.798017418109074822e-04
4.042021010505252754e+00 1.809712390899126215e-04
4.082041020510255080e+00 1.821535184268840524e-04
4.122061030515257407e+00 1.833487813677753936e-04
4.162081040520259734e+00 1.845572336425402803e-04
4.202101050525262949e+00 1.857790852730198308e-04
4.242121060530265275e+00 1.870145506841559043e-04
4.282141070535267602e+00 1.882638488186470804e-04
4.322161080540269928e+00 1.895272032551737764e-04
4.362181090545272255e+00 1.908048423303192762e-04
4.402201100550274582e+00 1.920969992643238187e-04
4.442221110555277797e+00 1.934039122908096868e-04
4.482241120560280123e+00 1.947258247906237148e-04
4.522261130565282450e+00 1.960629854299507412e-04
4.562281140570284776e+00 1.974156483028542913e-04
4.602301150575287103e+00 1.987840730784114045e-04
4.642321160580290318e+00 2.001685251526123940e-04
4.682341170585292645e+00 2.015692758052068463e-04
4.722361180590294971e+00 2.029866023616815822e-04
4.762381190595297298e+00 2.044207883605663064e-04
4.802401200600299624e+00 2.058721237262722934e-04
4.842421210605302839e+00 2.073409049476737122e-04
4.882441220610305166e+00 2.088274352626582437e-04
4.922461230615307493e+00 2.103320248488741025e-04
4.962481240620309819e+00 2.118549910209190903e-04
5.002501250625312146e+00 2.133966584342237845e-04
5.042521260630315361e+00 2.149573592958919433e-04
5.082541270635317687e+00 2.165374335827764435e-04
5.122561280640320014e+00 2.181372292670782519e-04
5.162581290645322341e+00 2.197571025497700302e-04
5.202601300650324667e+00 2.213974181021617193e-04
5.242621310655327882e+00 2.230585493159365602e-04
5.282641320660330209e+00 2.247408785620044443e-04
5.322661330665332535e+00 2.264447974585338211e-04
5.362681340670334862e+00 2.281707071485398986e-04
5.402701350675337189e+00 2.299190185874286666e-04
5.442721360680340403e+00 2.316901528409066782e-04
5.482741370685342730e+00 2.334845413936962341e-04
5.522761380690345057e+00 2.353026264695108746e-04
5.562781390695347383e+00 2.371448613627657326e-04
5.602801400700349710e+00 2.390117107825280693e-04
5.642821410705352925e+00 2.409036512092296552e-04
5.682841420710355251e+00 2.428211712646942107e-04
5.722861430715357578e+00 2.447647720960565397e-04
5.762881440720359905e+00 2.467349677741812949e-04
5.802901450725362231e+00 2.487322857072169890e-04
5.842921460730365446e+00 2.507572670699556670e-04
5.882941470735367773e+00 2.528104672496992323e-04
5.922961480740370099e+00 2.548924563093724473e-04
5.962981490745372426e+00 2.570038194686578674e-04
6.003001500750374753e+00 2.591451576039664577e-04
6.043021510755377079e+00 2.613170877681066442e-04
6.083041520760380294e+00 2.635202437305499005e-04
6.123061530765382621e+00 2.657552765392430082e-04
6.163081540770384947e+00 2.680228551049708028e-04
6.203101550775387274e+00 2.703236668093178248e-04
6.243121560780389601e+00 2.726584181373380177e-04
6.283141570785392815e+00 2.750278353361036276e-04
6.323161580790395142e+00 2.774326651003611072e-04
6.363181590795397469e+00 2.798736752865953951e-04
6.403201600800399795e+00 2.823516556568681749e-04
6.443221610805402122e+00 2.848674186538783918e-04
6.483241620810405337e+00 2.874218002087650797e-04
6.523261630815407663e+00 2.900156605832663855e-04
6.563281640820409990e+00 2.926498852479303761e-04
6.603301650825412317e+00 2.953253857981771868e-04
6.643321660830414643e+00 2.980431009101048223e-04
6.683341670835417858e+00 3.008039973380512155e-04
6.723361680840420185e+00 3.036090709560299375e-04
6.763381690845422511e+00 3.064593478452865656e-04
6.803401700850424838e+00 3.093558854303504399e-04
6.843421710855427165e+00 3.122997736660995953e-04
6.883441720860430380e+00 3.152921362785021035e-04
6.923461730865432706e+00 3.183341320618589309e-04
6.963481740870435033e+00 3.214269562355404931e-04
7.003501750875437359e+00 3.245718418633932942e-04
7.043521760880439686e+00 3.277700613391813073e-04
7.083541770885442901e+00 3.310229279416420267e-04
7.123561780890445227e+00 3.343317974629456081e-04
7.163581790895447554e+00 3.376980699145960222e-04
7.203601800900449881e+00 3.411231913150542189e-04
7.243621810905452207e+00 3.446086555636394431e-04
7.283641820910455422e+00 3.481560064055559548e-04
7.323661830915457749e+00 3.517668394931987449e-04
7.363681840920460075e+00 3.554428045492289724e-04
7.403701850925462402e+00 3.591856076372660625e-04
7.443721860930464729e+00 3.629970135464232004e-04
7.483741870935467944e+00 3.668788482963344423e-04
7.523761880940470270e+00 3.708330017697519256e-04
7.563781890945472597e+00 3.748614304802773889e-04
7.603801900950474923e+00 3.789661604832987997e-04
7.643821910955477250e+00 3.831492904387556199e-04
7.683841920960480465e+00 3.874129948349476125e-04
7.723861930965482792e+00 3.917595273832445929e-04
7.763881940970485118e+00 3.961912245942383372e-04
7.803901950975487445e+00 4.007105095466255732e-04
7.843921960980489771e+00 4.053198958609096117e-04
7.883941970985492098e+00 4.100219918908797577e-04
7.923961980990495313e+00 4.148195051467537726e-04
7.963981990995497640e+00 4.197152469648956119e-04
8.004002001000500854e+00 4.247121374401006911e-04
8.044022011005502293e+00 4.298132106376403318e-04
8.084042021010505508e+00 4.350216201035341217e-04
8.124062031015506946e+00 4.403406446929148321e-04
8.164082041020510161e+00 4.457736947378646789e-04
8.204102051025513376e+00 4.513243185777411366e-04
8.244122061030514814e+00 4.569962094767947834e-04
8.284142071035518029e+00 4.627932129558231947e-04
8.324162081040519467e+00 4.687193345667094971e-04
8.364182091045522682e+00 4.747787481410064214e-04
8.404202101050525897e+00 4.809758045462074016e-04
8.444222111055527336e+00 4.873150409861072411e-04
8.484242121060530550e+00 4.938011908846120287e-04
8.524262131065531989e+00 5.004391943956234970e-04
8.564282141070535204e+00 5.072342095851913946e-04
8.604302151075536642e+00 5.141916243360075862e-04
8.644322161080539857e+00 5.213170690285947803e-04
8.684342171085543072e+00 5.286164300582109213e-04
8.724362181090544510e+00 5.360958642516255564e-04
8.764382191095547725e+00 5.437618142535514390e-04
8.804402201100549163e+00 5.516210249587072704e-04
8.844422211105552378e+00 5.596805610722973548e-04
8.884442221110555593e+00 5.679478258891835010e-04
8.924462231115557032e+00 5.764305813903065120e-04
8.964482241120560246e+00 5.851369697640027056e-04
9.004502251125561685e+00 5.940755364699520187e-04
9.044522261130564900e+00 6.032552549746132784e-04
9.084542271135568114e+00 6.126855532993197382e-04
9.124562281140569553e+00 6.223763425358547208e-04
9.164582291145572768e+00 6.323380474994586605e-04
9.204602301150574206e+00 6.425816397060187674e-04
9.244622311155577421e+00 6.531186728788813609e-04
9.284642321160580636e+00 6.639613212114951410e-04
9.324662331165582074e+00 6.751224206352734710e-04
9.364682341170585289e+00 6.866155133678845642e-04
9.404702351175586728e+00 6.984548960460417724e-04
9.444722361180589942e+00 7.106556717791630371e-04
9.484742371185593157e+00 7.232338064963760764e-04
9.524762381190594596e+00 7.362061899999185676e-04
9.564782391195597810e+00 7.495907021834729992e-04
9.604802401200599249e+00 7.634062849251677715e-04
9.644822411205602464e+00 7.776730202226166512e-04
9.684842421210605679e+00 7.924122152023488222e-04
9.724862431215607117e+00 8.076464947094308356e-04
9.764882441220610332e+00 8.233999022660961958e-04
9.804902451225611770e+00 8.396980102823150887e-04
9.844922461230614985e+00 8.565680405080204835e-04
9.884942471235618200e+00 8.740389958380712348e-04
9.924962481240619638e+00 8.921418047192878915e-04
9.964982491245622853e+00 9.109094795665379591e-04
1.000500250125062429e+01 9.303772907750352617e-04
1.004502251125562751e+01 9.505829581222946653e-04
1.008504252126063072e+01 9.715668615897960240e-04
1.012506253126563216e+01 9.933722739063439652e-04
1.016508254127063537e+01 1.016045617428304156e-03
1.020510255127563681e+01 1.039636748333239375e-03
1.024512256128064003e+01 1.064199271521496090e-03
1.028514257128564324e+01 1.089790890104596569e-03
1.032516258129064468e+01 1.116473793922062845e-03
1.036518259129564790e+01 1.144315092183414463e-03
1.040520260130064933e+01 1.173387296096722572e-03
1.044522261130565255e+01 1.203768858239831225e-03
1.048524262131065576e+01 1.235544776479722846e-03
1.052526263131565720e+01 1.268807271479852321e-03
1.056528264132066042e+01 1.303656548290822509e-03
1.060530265132566186e+01 1.340201654241214005e-03
1.064532266133066507e+01 1.378561447387206427e-03
1.068534267133566829e+01 1.418865692208508885e-03
1.072536268134066972e+01 1.461256302136913548e-03
1.076538269134567294e+01 1.505888751973994506e-03
1.080540270135067438e+01 1.552933687423097659e-03
1.084542271135567759e+01 1.602578763985563299e-03
1.088544272136068081e+01 1.655030753549500402e-03
1.092546273136568225e+01 1.710517964380204757e-03
1.096548274137068546e+01 1.769293029217825766e-03
1.100550275137568690e+01 1.831636127198243242e-03
1.104552276138069011e+01 1.897858718844659459e-03
1.108554277138569333e+01 1.968307890079553334e-03
1.112556278139069477e+01 2.043371421916455322e-03
1.116558279139569798e+01 2.123483728291046622e-03
1.120560280140069942e+01 2.209132836791466784e-03
1.124562281140570263e+01 2.300868627694310341e-03
1.128564282141070585e+01 2.399312598137249598e-03
1.132566283141570729e+01 2.505169483685292138e-03
1.136568284142071050e+01 2.619241153277121915e-03
1.140570285142571194e+01 2.742443301350885876e-03
1.144572286143071516e+01 2.875825600668235026e-03
1.148574287143571837e+01 3.020596161647608885e-03
1.152576288144071981e+01 3.178151383543572489e-03
1.156578289144572302e+01 3.350112599881315770e-03
1.160580290145072446e+01 3.538371343566511402e-03
1.164582291145572768e+01 3.745145626079889826e-03
1.168584292146073089e+01 3.973050397131945057e-03
1.172586293146573233e+01 4.225186408041263671e-03
1.176588294147073555e+01 4.505253162928749347e-03
1.180590295147573698e+01 4.817693681316705806e-03
1.184592296148074020e+01 5.167881673258731788e-03
1.188594297148574341e+01 5.562365833173659943e-03
1.192596298149074485e+01 6.009191882900248236e-03
1.196598299149574807e+01 6.518331648205009238e-03
1.200600300150074951e+01 7.102261252655841031e-03
1.204602301150575272e+01 7.776749689681960315e-03
1.208604302151075416e+01 8.561948141443346399e-03
1.212606303151575737e+01 9.483915165893636381e-03
1.216608304152076059e+01 1.057678251919638365e-02
1.220610305152576203e+01 1.188587590073438352e-02
1.224612306153076524e+01 1.347227833093267955e-02
1.228614307153576668e+01 1.541959850749970509e-02
1.232616308154076989e+01 1.784413544768255477e-02
1.236618309154577311e+01 2.091027161749211410e-02
1.240620310155077455e+01 2.485377038730916810e-02
1.244622311155577776e+01 3.001633008702042638e-02
1.248624312156077920e+01 3.689346272185287101e-02
1.252626313156578242e+01 4.618777101487239745e-02
1.256628314157078563e+01 5.881892559773117812e-02
1.260630315157578707e+01 7.571146392030192462e-02
1.264632316158079028e+01 9.688502217154956742e-02
1.268634317158579172e+01 1.192442629243454233e-01
1.272636318159079494e+01 1.346013401091450679e-01
1.276638319159579815e+01 1.343659073504409607e-01
1.280640320160079959e+01 1.197730908200669020e-01
1.284642321160580281e+01 1.003758108255037168e-01
1.288644322161080424e+01 8.374424425556319107e-02
1.292646323161580746e+01 7.253338845077135499e-02
1.296648324162081067e+01 6.686378015170546529e-02
1.300650325162581211e+01 6.615139951267177965e-02
1.304652326163081533e+01 6.933597220873202738e-02
1.308654327163581677e+01 7.396649305030252031e-02
1.312656328164081998e+01 7.565954629211009419e-02
1.316658329164582319e+01 7.094803038145335028e-02
1.320660330165082463e+01 6.119562420691436466e-02
1.324662331165582785e+01 5.046751229167107528e-02
1.328664332166082929e+01 4.135594707373856094e-02
1.332666333166583250e+01 3.446434984601463164e-02
1.336668334167083572e+01 2.952029400131246303e-02
1.340670335167583715e+01 2.609106911582308522e-02
1.344672336168084037e+01 2.382011180610673143e-02
1.348674337168584181e+01 2.246544932938692590e-02
1.352676338169084502e+01 2.188622812525168118e-02
1.356678339169584824e+01 2.202561571000604540e-02
1.360680340170084968e+01 2.290249513660371980e-02
1.364682341170585289e+01 2.461464693866844897e-02
1.368684342171085433e+01 2.735449940509921893e-02
1.372686343171585754e+01 3.143781870077837215e-02
1.376688344172086076e+01 3.733970203857894105e-02
1.380690345172586220e+01 4.570570947709557547e-02
1.384692346173086541e+01 5.721834197377439341e-02
1.388694347173586685e+01 7.198876918845421857e-02
1.392696348174087007e+01 8.799334802413841250e-02
1.396698349174587328e+01 9.939259357762567082e-02
1.400700350175087472e+01 9.932440595310285114e-02
1.404702351175587793e+01 8.769659591298370471e-02
1.408704352176087937e+01 7.130545398541124347e-02
1.412706353176588259e+01 5.605063125028344334e-02
1.416708354177088580e+01 4.400664036061206069e-02
1.420710355177588724e+01 3.507179426911008480e-02
1.424712356178089045e+01 2.855014783940612588e-02
1.428714357178589189e+01 2.377269224330528716e-02
1.432716358179089511e+01 2.023417589251623461e-02
1.436718359179589832e+01 1.758053040373813367e-02
1.440720360180089976e+01 1.556899000033002377e-02
1.444722361180590298e+01 1.403330524124154176e-02
1.448724362181090441e+01 1.285890181917933445e-02
1.452726363181590763e+01 1.196624854754208683e-02
1.456728364182091084e+01 1.129996106807247720e-02
1.460730365182591228e+01 1.082171096472879859e-02
1.464732366183091550e+01 1.050563609567545936e-02
1.468734367183591694e+01 1.033541938698921345e-02
1.472736368184092015e+01 1.030252269283598102e-02
1.476738369184592337e+01 1.040527511051071545e-02
1.480740370185092480e+01 1.064866296834824852e-02
1.484742371185592802e+01 1.104478307579837872e-02
1.488744372186092946e+01 1.161402636117521078e-02
1.492746373186593267e+01 1.238717837595880097e-02
1.496748374187093589e+01 1.340878211570907530e-02
1.500750375187593733e+01 1.474234142558922094e-02
1.504752376188094054e+01 1.647829678940570738e-02
1.508754377188594198e+01 1.874623490909917839e-02
1.512756378189094519e+01 2.173352123326241850e-02
1.516758379189594841e+01 2.571327435838745290e-02
1.520760380190094985e+01 3.108423164803748515e-02
1.524762381190595306e+01 3.841924241422484121e-02
1.528764382191095450e+01 4.849311429127232953e-02
1.532766383191595772e+01 6.217209985567241637e-02
1.536768384192096093e+01 7.981971035932866609e-02
1.540770385192596237e+01 9.961898120574264048e-02
1.544772386193096558e+01 1.152976200588477496e-01
1.548774387193596702e+01 1.181292928727317032e-01
1.552776388194097024e+01 1.061517483050578997e-01
1.556778389194597167e+01 8.681191257684517382e-02
1.560780390195097489e+01 6.794732109597476089e-02
1.564782391195597810e+01 5.277715387048047962e-02
1.568784392196097954e+01 4.145751023511075328e-02
1.572786393196598276e+01 3.319098887421043087e-02
1.576788394197098420e+01 2.714223497944943941e-02
1.580790395197598741e+01 2.266531261137477368e-02
1.584792396198099063e+01 1.930394485282946326e-02
1.588794397198599206e+01 1.674444514294860450e-02
1.592796398199099528e+01 1.477168183446926110e-02
1.596798399199599672e+01 1.323698667136448057e-02
1.600800400200100171e+01 1.203649039526600781e-02
1.604802401200600315e+01 1.109685343506183232e-02
1.608804402201100459e+01 1.036591075372231621e-02
1.612806403201600602e+01 9.806523085322437633e-03
1.616808404202101102e+01 9.392527604207587949e-03
1.620810405202601245e+01 9.106088160563951053e-03
1.624812406203101389e+01 8.936010030935876564e-03
1.628814407203601888e+01 8.876756987466091070e-03
1.632816408204102032e+01 8.928026184068222834e-03
1.636818409204602176e+01 9.094824414255039610e-03
1.640820410205102675e+01 9.388066495849880719e-03
1.644822411205602819e+01 9.825799109726938985e-03
1.648824412206102963e+01 1.043525873958588840e-02
1.652826413206603107e+01 1.125612229690911049e-02
1.656828414207103606e+01 1.234553177896886150e-02
1.660830415207603750e+01 1.378579863556963006e-02
1.664832416208103893e+01 1.569611133385264215e-02
1.668834417208604393e+01 1.824988319519999652e-02
1.672836418209104536e+01 2.169865405886151413e-02
1.676838419209604680e+01 2.639826759113071686e-02
1.680840420210105179e+01 3.281267472562691273e-02
1.684842421210605323e+01 4.141023079771495585e-02
1.688844422211105467e+01 5.225605717133091632e-02
1.692846423211605611e+01 6.417626549084491649e-02
1.696848424212106110e+01 7.432524870511544868e-02
1.700850425212606254e+01 7.958189224599750144e-02
1.704852426213106398e+01 7.804972651087305202e-02
1.708854427213606897e+01 6.973429802410710532e-02
1.712856428214107041e+01 5.765374490733832236e-02
1.716858429214607185e+01 4.572264484609630392e-02
1.720860430215107328e+01 3.595157783726332656e-02
1.724862431215607828e+01 2.857565538344427128e-02
1.728864432216107971e+01 2.315235764770125562e-02
1.732866433216608115e+01 1.916628044900107325e-02
1.736868434217108614e+01 1.620568897070658737e-02
1.740870435217608758e+01 1.397566044802520460e-02
1.744872436218108902e+01 1.227196917149916619e-02
1.748874437218609401e+01 1.095386917492019094e-02
1.752876438219109545e+01 9.923647175339665380e-03
1.756878439219609689e+01 9.112639603731091664e-03
1.760880440220109833e+01 8.471953574671411968e-03
1.764882441220610332e+01 7.966342265047672566e-03
1.768884442221110476e+01 7.570141177417258685e-03
1.772886443221610620e+01 7.264546424581323422e-03
1.776888444222111119e+01 7.035773735831896657e-03
1.780890445222611262e+01 6.873803732920982963e-03
1.784892446223111406e+01 6.771525119482743604e-03
1.788894447223611905e+01 6.724154937433919101e-03
1.792896448224112049e+01 6.728858567151100277e-03
1.796898449224612193e+01 6.784520936471295088e-03
1.800900450225112337e+01 6.891640300911855421e-03
1.804902451225612836e+01 7.052330751657748947e-03
1.808904452226112980e+01 7.270431918043663601e-03
1.812906453226613124e+01 7.551736206395080579e-03
1.816908454227113623e+01 7.904357286239739253e-03
1.820910455227613767e+01 8.339280623753100516e-03
1.824912456228113911e+01 8.871160682960994512e-03
1.828914457228614410e+01 9.519464455565548877e-03
1.832916458229114554e+01 1.031011426673910519e-02
1.836918459229614697e+01 1.127786558323031450e-02
1.840920460230114841e+01 1.246978588459823900e-02
1.844922461230615340e+01 1.395040706809735041e-02
1.848924462231115484e+01 1.580944897894612927e-02
1.852926463231615628e+01 1.817351004817722993e-02
1.856928464232116127e+01 2.122382735246505434e-02
1.860930465232616271e+01 2.522298992113245278e-02
1.864932466233116415e+01 3.055348671089299153e-02
1.868934467233616914e+01 3.776666982438771358e-02
1.872936468234117058e+01 4.761988645010335752e-02
1.876938469234617202e+01 6.100577115810362772e-02
1.880940470235117346e+01 7.847531702499009609e-02
1.884942471235617845e+01 9.875796244887986852e-02
1.888944472236117988e+01 1.163428456186359344e-01
1.892946473236618132e+01 1.222040364691447528e-01
1.896948474237118631e+01 1.124497094923999629e-01
1.900950475237618775e+01 9.349016299000779961e-02
1.904952476238118919e+01 7.391667702337662016e-02
1.908954477238619418e+01 5.784764700693668243e-02
1.912956478239119562e+01 4.581327849983592854e-02
1.916958479239619706e+01 3.707600308331326922e-02
1.920960480240119850e+01 3.076312418720524716e-02
1.924962481240620349e+01 2.618030322696053569e-02
1.928964482241120493e+01 2.283385525223420934e-02
1.932966483241620637e+01 2.038554298989422864e-02
1.936968484242121136e+01 1.860597044004897241e-02
1.940970485242621280e+01 1.733986736340211929e-02
1.944972486243121423e+01 1.648262153212543338e-02
1.948974487243621923e+01 1.596501336783219191e-02
1.952976488244122066e+01 1.574352041223882684e-02
1.956978489244622210e+01 1.579437817334764307e-02
1.960980490245122354e+01 1.611026500839445041e-02
1.964982491245622853e+01 1.669897170494203179e-02
1.968984492246122997e+01 1.758377843630930595e-02
1.972986493246623141e+01 1.880556087332410295e-02
1.976988494247123640e+01 2.042694734705616244e-02
1.980990495247623784e+01 2.253921614488566677e-02
1.984992496248123928e+01 2.527313560783998880e-02
1.988994497248624427e+01 2.881570978162326102e-02
1.992996498249124571e+01 3.343590230373232053e-02
1.996998499249624714e+01 3.952385555478331314e-02
2.001000500250124858e+01 4.764925963197338965e-02
2.005002501250625357e+01 5.864225578035099640e-02
2.009004502251125501e+01 7.368293052738576765e-02
2.013006503251625645e+01 9.431503252678898053e-02
2.017008504252126144e+01 1.220752516767353996e-01
2.021010505252626288e+01 1.569209654098245310e-01
2.025012506253126432e+01 1.934342866695914487e-01
2.029014507253626931e+01 2.174829396948463056e-01
2.033016508254127075e+01 2.143555283665606603e-01
2.037018509254627219e+01 1.861555864239091418e-01
2.041020510255127363e+01 1.489549096218918123e-01
2.045022511255627862e+01 1.152017370993866224e-01
2.049024512256128006e+01 8.881558500077001150e-02
2.053026513256628149e+01 6.928510631508487394e-02
2.057028514257128649e+01 5.499896055792853622e-02
2.061030515257628792e+01 4.447553139680862633e-02
2.065032516258128936e+01 3.660952187921624051e-02
2.069034517258629080e+01 3.062842742738355883e-02
2.073036518259129579e+01 2.600146366060902131e-02
2.077038519259629723e+01 2.236295667650022023e-02
2.081040520260129867e+01 1.945814749980257982e-02
2.085042521260630366e+01 1.710692023008143769e-02
2.089044522261130510e+01 1.517989873485366299e-02
2.093046523261630654e+01 1.358267181811410006e-02
2.097048524262131153e+01 1.224528679798173904e-02
2.101050525262631297e+01 1.111516236208921933e-02
2.105052526263131440e+01 1.015223959282957056e-02
2.109054527263631584e+01 9.325615653370384478e-03
2.113056528264132083e+01 8.611172961483514604e-03
2.117058529264632227e+01 7.989886141231045819e-03
2.121060530265132371e+01 7.446596888774008154e-03
2.125062531265632870e+01 6.969116262533015319e-03
2.129064532266133014e+01 6.547559082232722039e-03
2.133066533266633158e+01 6.173844916828200545e-03
2.137068534267133657e+01 5.841320048698551808e-03
2.141070535267633801e+01 5.544468272468371095e-03
2.145072536268133945e+01 5.278687615680832494e-03
2.149074537268634089e+01 5.040116466867468163e-03
2.153076538269134588e+01 4.825497083374182331e-03
2.157078539269634732e+01 4.632067632161230609e-03
2.161080540270134875e+01 4.457476195383805635e-03
2.165082541270635375e+01 4.299711821075137899e-03
2.169084542271135518e+01 4.157048903252628935e-03
2.173086543271635662e+01 4.028002063092376087e-03
2.177088544272136161e+01 3.911289362445268328e-03
2.181090545272636305e+01 3.805802175432792481e-03
2.185092546273136449e+01 3.710580417530701634e-03
2.189094547273636593e+01 3.624792116188127206e-03
2.193096548274137092e+01 3.547716525582131873e-03
2.197098549274637236e+01 3.478730157294251165e-03
2.201100550275137380e+01 3.417295230807687080e-03
2.205102551275637879e+01 3.362950151884549609e-03
2.209104552276138023e+01 3.315301709930825163e-03
2.213106553276638166e+01 3.274018752584254531e-03
2.217108554277138666e+01 3.238827150966950424e-03
2.221110555277638809e+01 3.209505915476546650e-03
2.225112556278138953e+01 3.185884362192975636e-03
2.229114557278639097e+01 3.167840266093924998e-03
2.233116558279139596e+01 3.155298971199423357e-03
2.237118559279639740e+01 3.148233461302288316e-03
2.241120560280139884e+01 3.146665429917467824e-03
2.245122561280640383e+01 3.150667426509137260e-03
2.249124562281140527e+01 3.160366200285297418e-03
2.253126563281640671e+01 3.175947415797165940e-03
2.257128564282141170e+01 3.197661979992302665e-03
2.261130565282641314e+01 3.225834303213494583e-03
2.265132566283141458e+01 3.260872923639837086e-03
2.269134567283641601e+01 3.303284065105101079e-03
2.273136568284142101e+01 3.353688885058283674e-03
2.277138569284642244e+01 3.412845420977193931e-03
2.281140570285142388e+01 3.481676586024387392e-03
2.285142571285642887e+01 3.561306036065921277e-03
2.289144572286143031e+01 3.653104385819930158e-03
2.293146573286643175e+01 3.758749173895882100e-03
2.297148574287143674e+01 3.880303287558503362e-03
2.301150575287643818e+01 4.020318443997960081e-03
2.305152576288143962e+01 4.181973070352254691e-03
2.309154577288644106e+01 4.369257971081781482e-03
2.313156578289144605e+01 4.587229211151257029e-03
2.317158579289644749e+01 4.842356776146703248e-03
2.321160580290144893e+01 5.143011558696086206e-03
2.325162581290645392e+01 5.500154913274500450e-03
2.329164582291145535e+01 5.928329039056288996e-03
2.333166583291645679e+01 6.447100250220831781e-03
2.337168584292146178e+01 7.083192555408232734e-03
2.341170585292646322e+01 7.873683439596912068e-03
2.345172586293146466e+01 8.870839469946260880e-03
2.349174587293646610e+01 1.014945901778084927e-02
2.353176588294147109e+01 1.181790209984483718e-02
2.357178589294647253e+01 1.403394717391924680e-02
2.361180590295147397e+01 1.702470086160998153e-02
2.365182591295647896e+01 2.110074410335424297e-02
2.369184592296148040e+01 2.662304711593260070e-02
2.373186593296648184e+01 3.379583702610977625e-02
2.377188594297148683e+01 4.204093958564839723e-02
2.381190595297648827e+01 4.902416540639673720e-02
2.385192596298148970e+01 5.109292618134824576e-02
2.389194597298649114e+01 4.688418569893831184e-02
2.393196598299149613e+01 3.914414588342267354e-02
2.397198599299649757e+01 3.128888029605009224e-02
2.401200600300149901e+01 2.488561617449038324e-02
2.405202601300650400e+01 2.010237442051900428e-02
2.409204602301150544e+01 1.663004498673598813e-02
2.413206603301650688e+01 1.411687396307596126e-02
2.417208604302150832e+01 1.228517744003696649e-02
2.421210605302651331e+01 1.093751669193708011e-02
2.425212606303151475e+01 9.937956656617282641e-03
2.429214607303651619e+01 9.193320856270999902e-03
2.433216608304152118e+01 8.639286735245443882e-03
2.437218609304652261e+01 8.230936831740422524e-03
2.441220610305152405e+01 7.936514697503779109e-03
2.445222611305652904e+01 7.733317058313620394e-03
2.449224612306153048e+01 7.604975803938584904e-03
2.453226613306653192e+01 7.539641538449210270e-03
2.457228614307153336e+01 7.528756217301076602e-03
2.461230615307653835e+01 7.566215642348453341e-03
2.465232616308153979e+01 7.647794233105688691e-03
2.469234617308654123e+01 7.770749775331035024e-03
2.473236618309154622e+01 7.933554705228671247e-03
2.477238619309654766e+01 8.135719154072245871e-03
2.481240620310154910e+01 8.377683322468021387e-03
2.485242621310655409e+01 8.660765188414128873e-03
2.489244622311155553e+01 8.987155612373568664e-03
2.493246623311655696e+01 9.359957598873305459e-03
2.497248624312155840e+01 9.783270526106070328e-03
2.501250625312656339e+01 1.026232413654172212e-02
2.505252626313156483e+01 1.080367153432355495e-02
2.509254627313656627e+01 1.141545597068093464e-02
2.513256628314157126e+01 1.210777361400206843e-02
2.517258629314657270e+01 1.289316493771547334e-02
2.521260630315157414e+01 1.378728254083933999e-02
2.525262631315657913e+01 1.480980583109527994e-02
2.529264632316158057e+01 1.598570732147599344e-02
2.533266633316658201e+01 1.734702818903381683e-02
2.537268634317158345e+01 1.893540331985224881e-02
2.541270635317658844e+01 2.080570614969208532e-02
2.545272636318158987e+01 2.303138915301150558e-02
2.549274637318659131e+01 2.571241774406593170e-02
2.553276638319159630e+01 2.898718267379583879e-02
2.557278639319659774e+01 3.305044543099118493e-02
2.561280640320159918e+01 3.818003094861215085e-02
2.565282641320660417e+01 4.477458077987603313e-02
2.569284642321160561e+01 5.339909950538655747e-02
2.573286643321660705e+01 6.481035737436739719e-02
2.577288644322160849e+01 7.985106831377329628e-02
2.581290645322661348e+01 9.889151072842883305e-02
2.585292646323161492e+01 1.202834550948602282e-01
2.589294647323661636e+01 1.383787843245621596e-01
2.593296648324162135e+01 1.456586822701772810e-01
2.597298649324662279e+01 1.411087428619078599e-01
2.601300650325162422e+01 1.320339600082683640e-01
2.605302651325662922e+01 1.258886796844599643e-01
2.609304652326163065e+01 1.262135565080259592e-01
2.613306653326663209e+01 1.342133025587590178e-01
2.617308654327163353e+01 1.505695869311239332e-01
2.621310655327663852e+01 1.758843480693584316e-01
2.625312656328163996e+01 2.101161680281135036e-01
2.629314657328664140e+01 2.524052376601830239e-01
2.633316658329164639e+01 3.026676313226584480e-01
2.637318659329664783e+01 3.604783993700463318e-01
2.641320660330164927e+01 4.184060377876950843e-01
2.645322661330665426e+01 4.632400055442534303e-01
2.649324662331165570e+01 4.867407640222684573e-01
2.653326663331665713e+01 4.814075257393469753e-01
2.657328664332165857e+01 4.383366225135197913e-01
2.661330665332666356e+01 3.668896533476997401e-01
2.665332666333166500e+01 2.909490669034128230e-01
2.669334667333666644e+01 2.264151824529367918e-01
2.673336668334167143e+01 1.768548958264335724e-01
2.677338669334667287e+01 1.401177114339732244e-01
2.681340670335167431e+01 1.129851565351957660e-01
2.685342671335667930e+01 9.274052789819521581e-02
2.689344672336168074e+01 7.740021589314993733e-02
2.693346673336668218e+01 6.558064833797246085e-02
2.697348674337168362e+01 5.632559828683947334e-02
2.701350675337668861e+01 4.897012663814213906e-02
2.705352676338169005e+01 4.304599307176807527e-02
2.709354677338669148e+01 3.821849595830347640e-02
2.713356678339169648e+01 3.424468273389390249e-02
2.717358679339669791e+01 3.094558042594302422e-02
2.721360680340169935e+01 2.818755061455945066e-02
2.725362681340670434e+01 2.586960940597301736e-02
2.729364682341170578e+01 2.391468871370218754e-02
2.733366683341670722e+01 2.226353830124152069e-02
2.737368684342170866e+01 2.087042604759371811e-02
2.741370685342671365e+01 1.970008558671081447e-02
2.745372686343171509e+01 1.872554857373151874e-02
2.749374687343671653e+01 1.792662247862754354e-02
2.753376688344172152e+01 1.728885848666891073e-02
2.757378689344672296e+01 1.680291343920390507e-02
2.761380690345172439e+01 1.646425526419050336e-02
2.765382691345672583e+01 1.627320075585977910e-02
2.769384692346173082e+01 1.623531456978211454e-02
2.773386693346673226e+01 1.636224605705214816e-02
2.777388694347173370e+01 1.667314523895563685e-02
2.781390695347673869e+01 1.719689386782741192e-02
2.785392696348174013e+01 1.797553099855101963e-02
2.789394697348674157e+01 1.906946963368832265e-02
2.793396698349174656e+01 2.056541281253608522e-02
2.797398699349674800e+01 2.258825160494027512e-02
2.801400700350174944e+01 2.531838523305182317e-02
2.805402701350675088e+01 2.901464585393135134e-02
2.809404702351175587e+01 3.403607325175203591e-02
2.813406703351675731e+01 4.083020583846284218e-02
2.817408704352175874e+01 4.978296893967285724e-02
2.821410705352676374e+01 6.070755403519866727e-02
2.825412706353176517e+01 7.194011615151292560e-02
2.829414707353676661e+01 8.045831094938891981e-02
2.833416708354177160e+01 8.507940979844769158e-02
2.837418709354677304e+01 8.882316959132485756e-02
2.841420710355177448e+01 9.574656422235722220e-02
2.845422711355677592e+01 1.070640384927834948e-01
2.849424712356178091e+01 1.192233311139721808e-01
2.853426713356678235e+01 1.241433754485689184e-01
2.857428714357178379e+01 1.158926775270471693e-01
2.861430715357678878e+01 9.795051440227908746e-02
2.865432716358179022e+01 7.824966449632576870e-02
2.869434717358679165e+01 6.150012423906126707e-02
2.873436718359179665e+01 4.868096555187334529e-02
2.877438719359679808e+01 3.920998146988444177e-02
2.881440720360179952e+01 3.223729951865158400e-02
2.885442721360680096e+01 2.705304711810071344e-02
2.889444722361180595e+01 2.314194298969602520e-02
2.893446723361680739e+01 2.014611350876330600e-02
2.897448724362180883e+01 1.781924664381067877e-02
2.901450725362681382e+01 1.599091161745684955e-02
2.905452726363181526e+01 1.454190060566947287e-02
2.909454727363681670e+01 1.338783851113068898e-02
2.913456728364182169e+01 1.246839486656917996e-02
2.917458729364682313e+01 1.174017041952345186e-02
2.921460730365182457e+01 1.117198346201698014e-02
2.925462731365682600e+01 1.074173981002131753e-02
2.929464732366183100e+01 1.043437056655495410e-02
2.933466733366683243e+01 1.024051329876003204e-02
2.937468734367183387e+01 1.015573273928748084e-02
2.941470735367683886e+01 1.018015782040630583e-02
2.945472736368184030e+01 1.031851204889571230e-02
2.949474737368684174e+01 1.058069629981528252e-02
2.953476738369184673e+01 1.098306720618897996e-02
2.957478739369684817e+01 1.155017119142045037e-02
2.961480740370184961e+01 1.231710449936299599e-02
2.965482741370685105e+01 1.333337597915835483e-02
2.969484742371185604e+01 1.466902025384489786e-02
2.973486743371685748e+01 1.642390123394655774e-02
2.977488744372185892e+01 1.874184298012925715e-02
2.981490745372686391e+01 2.183195278280077381e-02
2.985492746373186534e+01 2.599967420634986814e-02
2.989494747373686678e+01 3.168728684432522980e-02
2.993496748374187177e+01 3.950893543663919205e-02
2.997498749374687321e+01 5.021186483226885988e-02
3.001500750375187465e+01 6.434293483687436588e-02
3.005502751375687609e+01 8.114043231131266853e-02
3.009504752376188108e+01 9.650881271147801477e-02
3.013506753376688252e+01 1.029428997070620383e-01
3.017508754377188396e+01 9.611919936609644721e-02
3.021510755377688895e+01 8.053349191887143599e-02
3.025512756378189039e+01 6.365997516707985748e-02
3.029514757378689183e+01 4.949800003609239329e-02
3.033516758379189682e+01 3.875803756197077760e-02
3.037518759379689826e+01 3.087980677938707147e-02
3.041520760380189969e+01 2.511664165133047077e-02
3.045522761380690113e+01 2.085781173974351338e-02
3.049524762381190612e+01 1.766397394486089734e-02
3.053526763381690756e+01 1.523157176394270527e-02
3.057528764382190900e+01 1.335246700477539690e-02
3.061530765382691399e+01 1.188311210306703183e-02
3.065532766383191543e+01 1.072340910622170129e-02
3.069534767383691687e+01 9.802716455384739846e-03
3.073536768384192186e+01 9.070667497899932361e-03
3.077538769384692330e+01 8.491136945921707105e-03
3.081540770385192474e+01 8.038263703318920816e-03
3.085542771385692618e+01 7.693837625103462294e-03
3.089544772386193117e+01 7.445620509770738658e-03
3.093546773386693260e+01 7.286343862512117964e-03
3.097548774387193404e+01 7.213241307130745759e-03
3.101550775387693903e+01 7.228048082490778035e-03
3.105552776388194047e+01 7.337418709635935149e-03
3.109554777388694191e+01 7.553577987834143165e-03
3.113556778389194335e+01 7.894396348344979303e-03
3.117558779389694834e+01 8.380151536860140291e-03
3.121560780390194978e+01 9.020478634700034026e-03
3.125562781390695122e+01 9.787007361472876282e-03
3.129564782391195621e+01 1.060457082791502539e-02
3.133566783391695765e+01 1.143793415541872679e-02
3.137568784392195909e+01 1.239965790434396919e-02
3.141570785392696408e+01 1.369478963517842783e-02
3.145572786393196552e+01 1.552562526716962966e-02
3.149574787393696695e+01 1.810217612493941405e-02
3.153576788394196839e+01 2.170015788941463339e-02
3.157578789394697338e+01 2.671088069082673197e-02
3.161580790395197482e+01 3.365508228225697757e-02
3.165582791395697626e+01 4.306751861717377644e-02
3.169584792396198125e+01 5.498391931746434563e-02
3.173586793396698269e+01 6.766373359423347167e-02
3.177588794397198413e+01 7.634544898011080827e-02
3.181590795397698912e+01 7.576957563081403169e-02
3.185592796398199056e+01 6.628339445819833586e-02
3.189594797398699200e+01 5.336851949289690006e-02
3.193596798399199344e+01 4.150405591340572409e-02
3.197598799399699843e+01 3.217870476881244668e-02
3.201600800400200342e+01 2.525984542964827481e-02
3.205602801400700486e+01 2.019296752025541083e-02
3.209604802401200629e+01 1.645760492988688345e-02
3.213606803401700773e+01 1.366313496163703775e-02
3.217608804402200917e+01 1.153602436227235857e-02
3.221610805402701061e+01 9.888271506526082055e-03
3.225612806403201205e+01 8.590407634040253884e-03
3.229614807403702059e+01 7.552300913804880361e-03
3.233616808404202203e+01 6.710288457576591217e-03
3.237618809404702347e+01 6.018694552038513640e-03
3.241620810405202491e+01 5.444236037145651005e-03
3.245622811405702635e+01 4.962299936570766998e-03
3.249624812406202778e+01 4.554436506126332933e-03
3.253626813406702922e+01 4.206648318650247145e-03
3.257628814407203777e+01 3.908207581563394144e-03
3.261630815407703921e+01 3.650829668250759816e-03
3.265632816408204064e+01 3.428091630148495748e-03
3.269634817408704208e+01 3.235023609279625515e-03
3.273636818409204352e+01 3.067827011140360303e-03
3.277638819409704496e+01 2.923691388499924902e-03
3.281640820410205350e+01 2.800695776453486323e-03
3.285642821410705494e+01 2.697792139490478268e-03
3.289644822411205638e+01 2.614879975392524203e-03
3.293646823411705782e+01 2.552990591125097429e-03
3.297648824412205926e+01 2.514596258432127713e-03
3.301650825412706070e+01 2.503999692540812699e-03
3.305652826413206213e+01 2.527495873589545583e-03
3.309654827413707068e+01 2.592119809086748487e-03
3.313656828414207212e+01 2.699622332046866611e-03
3.317658829414707355e+01 2.830385626072983753e-03
3.321660830415207499e+01 2.924254655731739570e-03
3.325662831415707643e+01 2.905517585583843390e-03
3.329664832416207787e+01 2.766736923611757062e-03
3.333666833416707931e+01 2.579284893663238726e-03
3.337668834417208785e+01 2.410309960763253479e-03
3.341670835417708929e+01 2.285945437715421365e-03
3.345672836418209073e+01 2.207816134170394011e-03
3.349674837418709217e+01 2.171011420900870181e-03
3.353676838419209361e+01 2.171620022998945604e-03
3.357678839419709504e+01 2.208808509566007917e-03
3.361680840420210359e+01 2.285326456561697153e-03
3.365682841420710503e+01 2.407972952116952964e-03
3.369684842421210647e+01 2.588572126680661542e-03
3.373686843421710790e+01 2.845736730063792158e-03
3.377688844422210934e+01 3.207605299979802808e-03
3.381690845422711078e+01 3.715350796301912506e-03
3.385692846423211222e+01 4.425515805103325678e-03
3.389694847423712076e+01 5.403179362726615378e-03
3.393696848424212220e+01 6.681890149267639273e-03
3.397698849424712364e+01 8.145559478801548889e-03
3.401700850425212508e+01 9.352929261246280962e-03
3.405702851425712652e+01 9.641258646022429768e-03
3.409704852426212796e+01 8.797347848528357453e-03
3.413706853426712939e+01 7.343088452366537677e-03
3.417708854427213794e+01 5.888846504521225676e-03
3.421710855427713938e+01 4.703948965150255186e-03
3.425712856428214081e+01 3.811858727330101528e-03
3.429714857428714225e+01 3.154818606100261331e-03
3.433716858429214369e+01 2.669148317713934682e-03
3.437718859429714513e+01 2.304933556401014567e-03
3.441720860430214657e+01 2.026731540847241057e-03
3.445722861430715511e+01 1.810109112095778690e-03
3.449724862431215655e+01 1.638266361795997442e-03
3.453726863431715799e+01 1.499547540231984093e-03
3.457728864432215943e+01 1.385752451402328571e-03
3.461730865432716087e+01 1.291020331067406490e-03
3.465732866433216230e+01 1.211094502777697313e-03
3.469734867433717085e+01 1.142834491493798692e-03
3.473736868434217229e+01 1.083888487985132203e-03
3.477738869434717373e+01 1.032470397155688070e-03
3.481740870435217516e+01 9.872058527215276172e-04
3.485742871435717660e+01 9.470243092059429458e-04
3.489744872436217804e+01 9.110823485841972220e-04
3.493746873436717948e+01 8.787084303153361699e-04
3.497748874437218802e+01 8.493625751520509758e-04
3.501750875437718946e+01 8.226065874126726801e-04
3.505752876438219090e+01 7.980818084173618796e-04
3.509754877438719234e+01 7.754923168626367365e-04
3.513756878439219378e+01 7.545921136926788623e-04
3.517758879439719522e+01 7.351752531304458788e-04
3.521760880440219665e+01 7.170681743171698156e-04
3.525762881440720520e+01 7.001236924930481255e-04
3.529764882441220664e+01 6.842162530568381487e-04
3.533766883441720807e+01 6.692381549026341818e-04
3.537768884442220951e+01 6.550965237295247861e-04
3.541770885442721095e+01 6.417108700964734751e-04
3.545772886443221239e+01 6.290111067142235704e-04
3.549774887443722093e+01 6.169359288936001554e-04
3.553776888444222237e+01 6.054314840525550079e-04
3.557778889444722381e+01 5.944502727351983059e-04
3.561780890445222525e+01 5.839502361507373836e-04
3.565782891445722669e+01 5.738939948314112759e-04
3.569784892446222813e+01 5.642482103857852319e-04
3.573786893446722956e+01 5.549830480349661910e-04
3.577788894447223811e+01 5.460717220681359386e-04
3.581790895447723955e+01 5.374901098398803066e-04
3.585792896448224099e+01 5.292164226789135674e-04
3.589794897448724242e+01 5.212309242544679042e-04
3.593796898449224386e+01 5.135156886800967607e-04
3.597798899449724530e+01 5.060543920222456424e-04
3.601800900450224674e+01 4.988321319968466640e-04
3.605802901450725528e+01 4.918352715388351823e-04
3.609804902451225672e+01 4.850513026611523405e-04
3.613806903451725816e+01 4.784687276160708158e-04
3.617808904452225960e+01 4.720769548596725432e-04
3.621810905452726104e+01 4.658662077211109839e-04
3.625812906453226248e+01 4.598274440088908526e-04
3.629814907453727102e+01 4.539522850599788024e-04
3.633816908454227246e+01 4.482329529648137372e-04
3.637818909454727390e+01 4.426622148906515222e-04
3.641820910455227533e+01 4.372333335840854641e-04
3.645822911455727677e+01 4.319400232663774463e-04
3.649824912456227821e+01 4.267764102470421967e-04
3.653826913456727965e+01 4.217369976754445121e-04
3.657828914457228819e+01 4.168166339300097517e-04
3.661830915457728963e+01 4.120104842124194355e-04
3.665832916458229107e+01 4.073140049718149353e-04
3.669834917458729251e+01 4.027229208332723152e-04
3.673836918459229395e+01 3.982332037468785339e-04
3.677838919459729539e+01 3.938410541098605528e-04
3.681840920460229682e+01 3.895428836452536400e-04
3.685842921460730537e+01 3.853352998473312595e-04
3.689844922461230681e+01 3.812150918271303333e-04
3.693846923461730825e+01 3.771792174113769891e-04
3.697848924462230968e+01 3.732247913654874799e-04
3.701850925462731112e+01 3.693490746263674673e-04
3.705852926463231256e+01 3.655494644438797916e-04
3.709854927463732110e+01 3.618234853413040335e-04
3.713856928464232254e+01 3.581687808151368482e-04
3.717858929464732398e+01 3.545831057033482043e-04
3.721860930465232542e+01 3.510643191589432502e-04
3.725862931465732686e+01 3.476103781724207745e-04
3.729864932466232830e+01 3.442193315927164930e-04
3.733866933466732974e+01 3.408893146014691520e-04
3.737868934467233828e+01 3.376185436001126017e-04
3.741870935467733972e+01 3.344053114734127840e-04
3.745872936468234116e+01 3.312479831967198485e-04
3.749874937468734259e+01 3.281449917574649918e-04
3.753876938469234403e+01 3.250948343642994409e-04
3.757878939469734547e+01 3.220960689198595797e-04
3.761880940470234691e+01 3.191473107354263075e-04
3.765882941470735545e+01 3.162472294678031807e-04
3.769884942471235689e+01 3.133945462605672587e-04
3.773886943471735833e+01 3.105880310734857866e-04
3.777888944472235977e+01 3.078265001853765464e-04
3.781890945472736121e+01 3.051088138570000287e-04
3.785892946473236265e+01 3.024338741417691243e-04
3.789894947473736408e+01 2.998006228331306336e-04
3.793896948474237263e+01 2.972080395384455744e-04
3.797898949474737407e+01 2.946551398700576513e-04
3.801900950475237551e+01 2.921409737450331515e-04
3.805902951475737694e+01 2.896646237857724627e-04
3.809904952476237838e+01 2.872252038143335764e-04
3.813906953476737982e+01 2.848218574338941115e-04
3.817908954477238836e+01 2.824537566913170282e-04
3.821910955477738980e+01 2.801201008152618137e-04
3.825912956478239124e+01 2.778201150247239237e-04
3.829914957478739268e+01 2.755530494032910243e-04
3.833916958479239412e+01 2.733181778347652932e-04
3.837918959479739556e+01 2.711147969961343789e-04
3.841920960480239700e+01 2.689422254041801716e-04
3.845922961480740554e+01 2.667998025122924775e-04
3.849924962481240698e+01 2.646868878543106132e-04
3.853926963481740842e+01 2.626028602324436724e-04
3.857928964482240985e+01 2.605471169465447580e-04
3.861930965482741129e+01 2.585190730622013316e-04
3.865932966483241273e+01 2.565181607152887465e-04
3.869934967483741417e+01 2.545438284507995307e-04
3.873936968484242271e+01 2.525955405939128858e-04
3.877938969484742415e+01 2.506727766514124677e-04
3.881940970485242559e+01 2.487750307416818399e-04
3.885942971485742703e+01 2.469018110516388808e-04
3.889944972486242847e+01 2.450526393190709880e-04
3.893946973486742991e+01 2.432270503389372769e-04
3.897948974487243845e+01 2.414245914923009509e-04
3.901950975487743989e+01 2.396448222966404045e-04
3.905952976488244133e+01 2.378873139763648399e-04
3.909954977488744277e+01 2.361516490524441785e-04
3.913956978489244420e+01 2.344374209501211607e-04
3.917958979489744564e+01 2.327442336237477952e-04
3.921960980490244708e+01 2.310717011978410940e-04
3.925962981490745562e+01 2.294194476235116009e-04
3.929964982491245706e+01 2.277871063494727052e-04
3.933966983491745850e+01 2.261743200068771912e-04
3.937968984492245994e+01 2.245807401072868114e-04
3.941970985492746138e+01 2.230060267531079068e-04
3.945972986493246282e+01 2.214498483598742126e-04
3.949974987493746426e+01 2.199118813897921404e-04
3.953976988494247280e+01 2.183918100959938568e-04
3.957978989494747424e+01 2.168893262769827841e-04
3.961980990495247568e+01 2.154041290407759078e-04
3.965982991495747711e+01 2.139359245782844888e-04
3.969984992496247855e+01 2.124844259454948113e-04
3.973986993496747999e+01 2.110493528540349903e-04
3.977988994497248854e+01 2.096304314697397216e-04
3.981990995497748997e+01 2.082273942188439943e-04
3.985992996498249141e+01 2.068399796014548609e-04
3.989994997498749285e+01 2.054679320119735960e-04
3.993996998499249429e+01 2.041110015661553115e-04
3.997998999499749573e+01 2.027689439345080119e-04
4.002001000500249717e+01 2.014415201817527457e-04
4.006003001500750571e+01 2.001284966120772451e-04
4.010005002501250715e+01 1.988296446199323332e-04
4.014007003501750859e+01 1.975447405461287504e-04
4.018009004502251003e+01 1.962735655390102443e-04
4.022011005502751146e+01 1.950159054204853471e-04
4.026013006503251290e+01 1.937715505567130108e-04
4.030015007503751434e+01 1.925402957332469423e-04
4.034017008504252289e+01 1.913219400344529412e-04
4.038019009504752432e+01 1.901162867270248208e-04
4.042021010505252576e+01 1.889231431474274717e-04
4.046023011505752720e+01 1.877423205931111870e-04
4.050025012506252864e+01 1.865736342173425879e-04
4.054027013506753008e+01 1.854169029275080048e-04
4.058029014507253862e+01 1.842719492867509433e-04
4.062031015507754006e+01 1.831385994188133664e-04
4.066033016508254150e+01 1.820166829159519922e-04
4.070035017508754294e+01 1.809060327498130533e-04
4.074037018509254438e+01 1.798064851851503495e-04
4.078039019509754581e+01 1.787178796962754902e-04
4.082041020510254725e+01 1.776400588861394136e-04
4.086043021510755580e+01 1.765728684079418591e-04
4.090045022511255723e+01 1.755161568891778557e-04
4.094047023511755867e+01 1.744697758580254895e-04
4.098049024512256011e+01 1.734335796719923097e-04
4.102051025512756155e+01 1.724074254487348540e-04
4.106053026513256299e+01 1.713911729989716064e-04
4.110055027513756443e+01 1.703846847614146043e-04
4.114057028514257297e+01 1.693878257396453713e-04
4.118059029514757441e+01 1.684004634408665479e-04
4.122061030515257585e+01 1.674224678164603719e-04
4.126063031515757729e+01 1.664537112042928054e-04
4.130065032516257872e+01 1.654940682726993139e-04
4.134067033516758016e+01 1.645434159660942922e-04
4.138069034517258160e+01 1.636016334521483550e-04
4.142071035517759015e+01 1.626686020704778729e-04
4.146073036518259158e+01 1.617442052827966904e-04
4.150075037518759302e+01 1.608283286244769001e-04
4.154077038519259446e+01 1.599208596574750883e-04
4.158079039519759590e+01 1.590216879245748836e-04
4.162081040520259734e+01 1.581307049049020870e-04
4.166083041520760588e+01 1.572478039706708066e-04
4.170085042521260732e+01 1.563728803451202611e-04
4.174087043521760876e+01 1.555058310616001078e-04
4.178089044522261020e+01 1.546465549237708171e-04
4.182091045522761164e+01 1.537949524668795487e-04
4.186093046523261307e+01 1.529509259200778648e-04
4.190095047523761451e+01 1.521143791697481581e-04
4.194097048524262306e+01 1.512852177238057803e-04
4.198099049524762449e+01 1.504633486769458629e-04
4.202101050525262593e+01 1.496486806768053672e-04
4.206103051525762737e+01 1.488411238910111452e-04
4.210105052526262881e+01 1.480405899750863617e-04
4.214107053526763025e+01 1.472469920411891247e-04
4.218109054527263169e+01 1.464602446276561348e-04
4.222111055527764023e+01 1.456802636693280443e-04
4.226113056528264167e+01 1.449069664686322679e-04
4.230115057528764311e+01 1.441402716673986859e-04
4.234117058529264455e+01 1.433800992193884284e-04
4.238119059529764598e+01 1.426263703635123462e-04
4.242121060530264742e+01 1.418790075977194927e-04
4.246123061530765597e+01 1.411379346535348255e-04
4.250125062531265741e+01 1.404030764712282118e-04
4.254127063531765884e+01 1.396743591755936231e-04
4.258129064532266028e+01 1.389517100523236922e-04
4.262131065532766172e+01 1.382350575249600901e-04
4.266133066533266316e+01 1.375243311324031068e-04
4.270135067533766460e+01 1.368194615069655566e-04
4.274137068534267314e+01 1.361203803529538491e-04
4.278139069534767458e+01 1.354270204257623485e-04
4.282141070535267602e+01 1.347393155114646774e-04
4.286143071535767746e+01 1.340572004068903904e-04
4.290145072536267890e+01 1.333806109001709991e-04
4.294147073536768033e+01 1.327094837517432864e-04
4.298149074537268177e+01 1.320437566757968182e-04
4.302151075537769032e+01 1.313833683221535102e-04
4.306153076538269175e+01 1.307282582585674307e-04
4.310155077538769319e+01 1.300783669534317762e-04
4.314157078539269463e+01 1.294336357588846706e-04
4.318159079539769607e+01 1.287940068942999643e-04
4.322161080540269751e+01 1.281594234301544686e-04
4.326163081540770605e+01 1.275298292722605933e-04
4.330165082541270749e+01 1.269051691463552801e-04
4.334167083541770893e+01 1.262853885830341730e-04
4.338169084542271037e+01 1.256704339030237079e-04
4.342171085542771181e+01 1.250602522027810103e-04
4.346173086543271324e+01 1.244547913404129007e-04
4.350175087543771468e+01 1.238539999219063646e-04
4.354177088544272323e+01 1.232578272876609724e-04
4.358179089544772467e+01 1.226662234993177206e-04
4.362181090545272610e+01 1.220791393268732346e-04
4.366183091545772754e+01 1.214965262360751322e-04
4.370185092546272898e+01 1.209183363760894954e-04
4.374187093546773042e+01 1.203445225674342422e-04
4.378189094547273186e+01 1.197750382901706872e-04
4.382191095547774040e+01 1.192098376723481698e-04
4.386193096548274184e+01 1.186488754786939955e-04
4.390195097548774328e+01 1.180921070995431490e-04
4.394197098549274472e+01 1.175394885400014904e-04
4.398199099549774616e+01 1.169909764093373381e-04
4.402201100550274759e+01 1.164465279105942973e-04
4.406203101550775614e+01 1.159061008304214976e-04
4.410205102551275758e+01 1.153696535291148030e-04
4.414207103551775901e+01 1.148371449308636006e-04
4.418209104552276045e+01 1.143085345141994259e-04
4.422211105552776189e+01 1.137837823026402478e-04
4.426213106553276333e+01 1.132628488555261674e-04
4.430215107553776477e+01 1.127456952590417098e-04
4.434217108554277331e+01 1.122322831174206399e-04
4.438219109554777475e+01 1.117225745443285208e-04
4.442221110555277619e+01 1.112165321544184726e-04
4.446223111555777763e+01 1.107141190550570836e-04
4.450225112556277907e+01 1.102152988382149035e-04
4.454227113556778050e+01 1.097200355725193630e-04
4.458229114557278194e+01 1.092282937954648089e-04
4.462231115557779049e+01 1.087400385057765218e-04
4.466233116558279193e+01 1.082552351559259134e-04
4.470235117558779336e+01 1.077738496447913988e-04
4.474237118559279480e+01 1.072958483104640380e-04
4.478239119559779624e+01 1.068211979231924018e-04
4.482241120560279768e+01 1.063498656784651718e-04
4.486243121560779912e+01 1.058818191902269492e-04
4.490245122561280766e+01 1.054170264842251291e-04
4.494247123561780910e+01 1.049554559914852263e-04
4.498249124562281054e+01 1.044970765419092710e-04
4.502251125562781198e+01 1.040418573579983598e-04
4.506253126563281342e+01 1.035897680486934250e-04
4.510255127563781485e+01 1.031407786033326101e-04
4.514257128564282340e+01 1.026948593857234215e-04
4.518259129564782484e+01 1.022519811283255771e-04
4.522261130565282627e+01 1.018121149265435222e-04
4.526263131565782771e+01 1.013752322331249942e-04
4.530265132566282915e+01 1.009413048526645233e-04
4.534267133566783059e+01 1.005103049362083759e-04
4.538269134567283203e+01 1.000822049759596217e-04
4.542271135567784057e+01 9.965697780008042888e-05
4.546273136568284201e+01 9.923459656759047191e-05
4.550275137568784345e+01 9.881503476335785029e-05
4.554277138569284489e+01 9.839826619318201462e-05
4.558279139569784633e+01 9.798426497896609900e-05
4.562281140570284776e+01 9.757300555397666714e-05
4.566283141570784920e+01 9.716446265818874455e-05
4.570285142571285775e+01 9.675861133371532362e-05
4.574287143571785919e+01 9.635542692031857687e-05
4.578289144572286062e+01 9.595488505100111150e-05
4.582291145572786206e+01 9.555696164767637059e-05
4.586293146573286350e+01 9.516163291691576880e-05
4.590295147573786494e+01 9.476887534577107164e-05
4.594297148574287348e+01 9.437866569767066314e-05
4.598299149574787492e+01 9.399098100838823827e-05
4.602301150575287636e+01 9.360579858208202260e-05
4.606303151575787780e+01 9.322309598740313708e-05
4.610305152576287924e+01 9.284285105367245721e-05
4.614307153576788068e+01 9.246504186712328332e-05
4.618309154577288211e+01 9.208964676720959148e-05
4.622311155577789066e+01 9.171664434297769676e-05
4.626313156578289210e+01 9.134601342950108476e-05
4.630315157578789353e+01 9.097773310437529441e-05
4.634317158579289497e+01 9.061178268427415305e-05
4.638319159579789641e+01 9.024814172156388084e-05
4.642321160580289785e+01 8.988679000097522700e-05
4.646323161580789929e+01 8.952770753633191691e-05
4.650325162581290783e+01 8.917087456733450187e-05
4.654327163581790927e+01 8.881627155639831058e-05
4.658329164582291071e+01 8.846387918554479755e-05
4.662331165582791215e+01 8.811367835334475707e-05
4.666333166583291359e+01 8.776565017191284698e-05
4.670335167583791502e+01 8.741977596395213493e-05
4.674337168584292357e+01 8.707603725984756915e-05
4.678339169584792501e+01 8.673441579480798086e-05
4.682341170585292645e+01 8.639489350605470742e-05
4.686343171585792788e+01 8.605745253005741885e-05
4.690345172586292932e+01 8.572207519981422052e-05
4.694347173586793076e+01 8.538874404217715677e-05
4.698349174587293220e+01 8.505744177522131305e-05
4.702351175587794074e+01 8.472815130565613411e-05
4.706353176588294218e+01 8.440085572627951407e-05
4.710355177588794362e+01 8.407553831347254394e-05
4.714357178589294506e+01 8.375218252473494397e-05
4.718359179589794650e+01 8.343077199626042163e-05
4.722361180590294794e+01 8.311129054055023423e-05
4.726363181590794937e+01 8.279372214406582344e-05
4.730365182591295792e+01 8.247805096491812296e-05
4.734367183591795936e+01 8.216426133059437961e-05
4.738369184592296079e+01 8.185233773572041422e-05
4.742371185592796223e+01 8.154226483985853931e-05
4.746373186593296367e+01 8.123402746534059125e-05
4.750375187593796511e+01 8.092761059513445081e-05
4.754377188594297365e+01 8.062299937074452632e-05
4.758379189594797509e+01 8.032017909014496615e-05
4.762381190595297653e+01 8.001913520574501784e-05
4.766383191595797797e+01 7.971985332238626268e-05
4.770385192596297941e+01 7.942231919537091282e-05
4.774387193596798085e+01 7.912651872852034395e-05
4.778389194597298228e+01 7.883243797226431094e-05
4.782391195597799083e+01 7.854006312175866448e-05
4.786393196598299227e+01 7.824938051503299162e-05
4.790395197598799371e+01 7.796037663116568673e-05
4.794397198599299514e+01 7.767303808848752332e-05
4.798399199599799658e+01 7.738735164281254782e-05
4.802401200600299802e+01 7.710330418569565829e-05
4.806403201600799946e+01 7.682088274271663760e-05
4.810405202601300800e+01 7.654007447179022108e-05
4.814407203601800944e+01 7.626086666150184621e-05
4.818409204602301088e+01 7.598324672946794585e-05
4.822411205602801232e+01 7.570720222072125955e-05
4.826413206603301376e+01 7.543272080612003789e-05
4.830415207603801520e+01 7.515979028078141101e-05
4.834417208604301663e+01 7.488839856253744405e-05
4.838419209604802518e+01 7.461853369041482819e-05
4.842421210605302662e+01 7.435018382313659461e-05
4.846423211605802805e+01 7.408333723764595963e-05
4.850425212606302949e+01 7.381798232765228766e-05
4.854427213606803093e+01 7.355410760219822312e-05
4.858429214607303237e+01 7.329170168424774755e-05
4.862431215607804091e+01 7.303075330929494492e-05
4.866433216608304235e+01 7.277125132399338032e-05
4.870435217608804379e+01 7.251318468480475040e-05
4.874437218609304523e+01 7.225654245666779483e-05
4.878439219609804667e+01 7.200131381168624898e-05
4.882441220610304811e+01 7.174748802783562117e-05
4.886443221610804954e+01 7.149505448768886211e-05
4.890445222611305809e+01 7.124400267716007266e-05
4.894447223611805953e+01 7.099432218426664318e-05
4.898449224612306097e+01 7.074600269790846897e-05
4.902451225612806240e+01 7.049903400666525832e-05
4.906453226613306384e+01 7.025340599761051026e-05
4.910455227613806528e+01 7.000910865514252770e-05
4.914457228614306672e+01 6.976613205983192415e-05
4.918459229614807526e+01 6.952446638728544757e-05
4.922461230615307670e+01 6.928410190702597241e-05
4.926463231615807814e+01 6.904502898138781958e-05
4.930465232616307958e+01 6.880723806442795999e-05
4.934467233616808102e+01 6.857071970085253240e-05
4.938469234617308246e+01 6.833546452495787606e-05
4.942471235617809100e+01 6.810146325958682349e-05
4.946473236618309244e+01 6.786870671509933185e-05
4.950475237618809388e+01 6.763718578835714113e-05
4.954477238619309531e+01 6.740689146172279805e-05
4.958479239619809675e+01 6.717781480207239513e-05
4.962481240620309819e+01 6.694994695982201135e-05
4.966483241620809963e+01 6.672327916796717676e-05
4.970485242621310817e+01 6.649780274113587615e-05
4.974487243621810961e+01 6.627350907465440037e-05
4.978489244622311105e+01 6.605038964362588299e-05
4.982491245622811249e+01 6.582843600202134581e-05
4.986493246623311393e+01 6.560763978178319920e-05
4.990495247623811537e+01 6.538799269194084482e-05
4.994497248624311680e+01 6.516948651773827239e-05
4.998499249624812535e+01 6.495211311977325730e-05
5.002501250625312679e+01 6.473586443314847103e-05
5.006503251625812823e+01 6.452073246663360970e-05
5.010505252626312966e+01 6.430670930183900159e-05
5.014507253626813110e+01 6.409378709240021936e-05
5.018509254627313254e+01 6.388195806317343943e-05
5.022511255627814108e+01 6.367121450944164334e-05
5.026513256628314252e+01 6.346154879613151206e-05
5.030515257628814396e+01 6.325295335704021369e-05
5.034517258629314540e+01 6.304542069407284338e-05
5.038519259629814684e+01 6.283894337648985153e-05
5.042521260630314828e+01 6.263351404016408066e-05
5.046523261630814972e+01 6.242912538684818361e-05
5.050525262631315826e+01 6.222577018345071525e-05
5.054527263631815970e+01 6.202344126132275457e-05
5.058529264632316114e+01 6.182213151555297000e-05
5.062531265632816257e+01 6.162183390427222567e-05
5.066533266633316401e+01 6.142254144796730853e-05
5.070535267633816545e+01 6.122424722880324781e-05
5.074537268634316689e+01 6.102694438995478918e-05
5.078539269634817543e+01 6.083062613494612237e-05
5.082541270635317687e+01 6.063528572699937056e-05
5.086543271635817831e+01 6.044091648839127227e-05
5.090545272636317975e+01 6.024751179981832671e-05
5.094547273636818119e+01 6.005506509976975228e-05
5.098549274637318263e+01 5.986356988390882048e-05
5.102551275637819117e+01 5.967301970446171823e-05
5.106553276638319261e+01 5.948340816961459595e-05
5.110555277638819405e+01 5.929472894291764262e-05
5.114557278639319549e+01 5.910697574269746171e-05
5.118559279639819692e+01 5.892014234147622349e-05
5.122561280640319836e+01 5.873422256539853538e-05
5.126563281640819980e+01 5.854921029366542067e-05
5.130565282641320835e+01 5.836509945797520223e-05
5.134567283641820978e+01 5.818188404197186724e-05
5.138569284642321122e+01 5.799955808069975411e-05
5.142571285642821266e+01 5.781811566006542913e-05
5.146573286643321410e+01 5.763755091630624438e-05
5.150575287643821554e+01 5.745785803546518412e-05
5.154577288644321698e+01 5.727903125287272455e-05
5.158579289644822552e+01 5.710106485263458217e-05
5.162581290645322696e+01 5.692395316712631974e-05
5.166583291645822840e+01 5.674769057649360355e-05
5.170585292646322984e+01 5.657227150815908126e-05
5.174587293646823127e+01 5.639769043633512103e-05
5.178589294647323271e+01 5.622394188154248678e-05
5.182591295647823415e+01 5.605102041013499011e-05
5.186593296648324269e+01 5.587892063382980028e-05
5.190595297648824413e+01 5.570763720924384622e-05
5.194597298649324557e+01 5.553716483743519896e-05
5.198599299649824701e+01 5.536749826345067476e-05
5.202601300650324845e+01 5.519863227587855424e-05
5.206603301650824989e+01 5.503056170640670226e-05
5.210605302651325843e+01 5.486328142938621042e-05
5.214607303651825987e+01 5.469678636140021662e-05
5.218609304652326131e+01 5.453107146083770521e-05
5.222611305652826275e+01 5.436613172747262646e-05
5.226613306653326418e+01 5.420196220204814570e-05
5.230615307653826562e+01 5.403855796586544608e-05
5.234617308654326706e+01 5.387591414037796593e-05
5.238619309654827561e+01 5.371402588678993899e-05
5.242621310655327704e+01 5.355288840566019309e-05
5.246623311655827848e+01 5.339249693651019070e-05
5.250625312656327992e+01 5.323284675743694845e-05
5.254627313656828136e+01 5.307393318473059161e-05
5.258629314657328280e+01 5.291575157249621820e-05
5.262631315657828424e+01 5.275829731228028974e-05
5.266633316658329278e+01 5.260156583270140618e-05
5.270635317658829422e+01 5.244555259908555318e-05
5.274637318659329566e+01 5.229025311310519158e-05
5.278639319659829710e+01 5.213566291242305626e-05
5.282641320660329853e+01 5.198177757033980404e-05
5.286643321660829997e+01 5.182859269544580179e-05
5.290645322661330852e+01 5.167610393127699392e-05
5.294647323661830995e+01 5.152430695597481523e-05
5.298649324662331139e+01 5.137319748194985107e-05
5.302651325662831283e+01 5.122277125554950907e-05
5.306653326663331427e+01 5.107302405672956008e-05
5.310655327663831571e+01 5.092395169872918921e-05
5.314657328664331715e+01 5.077555002775026852e-05
5.318659329664832569e+01 5.062781492263967900e-05
5.322661330665332713e+01 5.048074229457591514e-05
5.326663331665832857e+01 5.033432808675858302e-05
5.330665332666333001e+01 5.018856827410201829e-05
5.334667333666833144e+01 5.004345886293204161e-05
5.338669334667333288e+01 4.989899589068633260e-05
5.342671335667833432e+01 4.975517542561801578e-05
5.346673336668334287e+01 4.961199356650279038e-05
5.350675337668834430e+01 4.946944644234927226e-05
5.354677338669334574e+01 4.932753021211252055e-05
5.358679339669834718e+01 4.918624106441091856e-05
5.362681340670334862e+01 4.904557521724615152e-05
5.366683341670835006e+01 4.890552891772637583e-05
5.370685342671335860e+01 4.876609844179238351e-05
5.374687343671836004e+01 4.862728009394693790e-05
5.378689344672336148e+01 4.848907020698707733e-05
5.382691345672836292e+01 4.835146514173927846e-05
5.386693346673336436e+01 4.821446128679783826e-05
5.390695347673836579e+01 4.807805505826579038e-05
5.394697348674336723e+01 4.794224289949908084e-05
5.398699349674837578e+01 4.780702128085314255e-05
5.402701350675337721e+01 4.767238669943276314e-05
5.406703351675837865e+01 4.753833567884408043e-05
5.410705352676338009e+01 4.740486476894989834e-05
5.414707353676838153e+01 4.727197054562735419e-05
5.418709354677338297e+01 4.713964961052825577e-05
5.422711355677838441e+01 4.700789859084216962e-05
5.426713356678339295e+01 4.687671413906196912e-05
5.430715357678839439e+01 4.674609293275197781e-05
5.434717358679339583e+01 4.661603167431866741e-05
5.438719359679839727e+01 4.648652709078371402e-05
5.442721360680339870e+01 4.635757593355971053e-05
5.446723361680840014e+01 4.622917497822810848e-05
5.450725362681340869e+01 4.610132102431959257e-05
5.454727363681841013e+01 4.597401089509715893e-05
5.458729364682341156e+01 4.584724143734075866e-05
5.462731365682841300e+01 4.572100952113516015e-05
5.466733366683341444e+01 4.559531203965939023e-05
5.470735367683841588e+01 4.547014590897873674e-05
5.474737368684341732e+01 4.534550806783904832e-05
5.478739369684842586e+01 4.522139547746285013e-05
5.482741370685342730e+01 4.509780512134822442e-05
5.486743371685842874e+01 4.497473400506902586e-05
5.490745372686343018e+01 4.485217915607812606e-05
5.494747373686843162e+01 4.473013762351197924e-05
5.498749374687343305e+01 4.460860647799763434e-05
5.502751375687843449e+01 4.448758281146177306e-05
5.506753376688344304e+01 4.436706373694156407e-05
5.510755377688844447e+01 4.424704638839780074e-05
5.514757378689344591e+01 4.412752792052963130e-05
5.518759379689844735e+01 4.400850550859156590e-05
5.522761380690344879e+01 4.388997634821221148e-05
5.526763381690845023e+01 4.377193765521495160e-05
5.530765382691345167e+01 4.365438666544052342e-05
5.534767383691846021e+01 4.353732063457136351e-05
5.538769384692346165e+01 4.342073683795785759e-05
5.542771385692846309e+01 4.330463257044631835e-05
5.546773386693346453e+01 4.318900514620882666e-05
5.550775387693846596e+01 4.307385189857476692e-05
5.554777388694346740e+01 4.295917017986414449e-05
5.558779389694847595e+01 4.284495736122258372e-05
5.562781390695347739e+01 4.273121083245808092e-05
5.566783391695847882e+01 4.261792800187924824e-05
5.570785392696348026e+01 4.250510629613564451e-05
5.574787393696848170e+01 4.239274316005908197e-05
5.578789394697348314e+01 4.228083605650729784e-05
5.582791395697848458e+01 4.216938246620857461e-05
5.586793396698349312e+01 4.205837988760839321e-05
5.590795397698849456e+01 4.194782583671738038e-05
5.594797398699349600e+01 4.183771784696090957e-05
5.598799399699849744e+01 4.172805346903026702e-05
5.602801400700349888e+01 4.161883027073515966e-05
5.606803401700850031e+01 4.151004583685793053e-05
5.610805402701350175e+01 4.140169776900904145e-05
5.614807403701851030e+01 4.129378368548416837e-05
5.618809404702351173e+01 4.118630122112265879e-05
5.622811405702851317e+01 4.107924802716737150e-05
5.626813406703351461e+01 4.097262177112606136e-05
5.630815407703851605e+01 4.086642013663392957e-05
5.634817408704351749e+01 4.076064082331777312e-05
5.638819409704852603e+01 4.065528154666138785e-05
5.642821410705352747e+01 4.055034003787236072e-05
5.646823411705852891e+01 4.044581404374992585e-05
5.650825412706353035e+01 4.034170132655464340e-05
5.654827413706853179e+01 4.023799966387888491e-05
5.658829414707353322e+01 4.013470684851885671e-05
5.662831415707853466e+01 4.003182068834776867e-05
5.666833416708354321e+01 3.992933900619043261e-05
5.670835417708854465e+01 3.982725963969884332e-05
5.674837418709354608e+01 3.972558044122916911e-05
5.678839419709854752e+01 3.962429927771986033e-05
5.682841420710354896e+01 3.952341403057103186e-05
5.686843421710855040e+01 3.942292259552499087e-05
5.690845422711355184e+01 3.932282288254776735e-05
5.694847423711856038e+01 3.922311281571218972e-05
5.698849424712356182e+01 3.912379033308170575e-05
5.702851425712856326e+01 3.902485338659553849e-05
5.706853426713356470e+01 3.892629994195487888e-05
5.710855427713856614e+01 3.882812797851026428e-05
5.714857428714356757e+01 3.873033548914994631e-05
5.718859429714857612e+01 3.863292048018945125e-05
5.722861430715357756e+01 3.853588097126209604e-05
5.726863431715857899e+01 3.843921499521058829e-05
5.730865432716358043e+01 3.834292059797978522e-05
5.734867433716858187e+01 3.824699583851021140e-05
5.738869434717358331e+01 3.815143878863301992e-05
5.742871435717858475e+01 3.805624753296548205e-05
5.746873436718359329e+01 3.796142016880783219e-05
5.750875437718859473e+01 3.786695480604096664e-05
5.754877438719359617e+01 3.777284956702505711e-05
5.758879439719859761e+01 3.767910258649926204e-05
5.762881440720359905e+01 3.758571201148229170e-05
5.766883441720860048e+01 3.749267600117404394e-05
5.770885442721360192e+01 3.739999272685789051e-05
5.774887443721861047e+01 3.730766037180423722e-05
5.778889444722361191e+01 3.721567713117489057e-05
5.782891445722861334e+01 3.712404121192799353e-05
5.786893446723361478e+01 3.703275083272446568e-05
5.790895447723861622e+01 3.694180422383479571e-05
5.794897448724361766e+01 3.685119962704691809e-05
5.798899449724862620e+01 3.676093529557502491e-05
5.802901450725362764e+01 3.667100949396912989e-05
5.806903451725862908e+01 3.658142049802544545e-05
5.810905452726363052e+01 3.649216659469772215e-05
5.814907453726863196e+01 3.640324608200925887e-05
5.818909454727363340e+01 3.631465726896589559e-05
5.822911455727863483e+01 3.622639847546967024e-05
5.826913456728364338e+01 3.613846803223341747e-05
5.830915457728864482e+01 3.605086428069607208e-05
5.834917458729364625e+01 3.596358557293867053e-05
5.838919459729864769e+01 3.587663027160135519e-05
5.842921460730364913e+01 3.578999674980092081e-05
5.846923461730865057e+01 3.570368339104925542e-05
5.850925462731365201e+01 3.561768858917256723e-05
5.854927463731866055e+01 3.553201074823112657e-05
5.858929464732366199e+01 3.544664828244003109e-05
5.862931465732866343e+01 3.536159961609050616e-05
5.866933466733366487e+01 3.527686318347195756e-05
5.870935467733866631e+01 3.519243742879486439e-05
5.874937468734366774e+01 3.510832080611411235e-05
5.878939469734866918e+01 3.502451177925333008e-05
5.882941470735367773e+01 3.494100882172971998e-05
5.886943471735867917e+01 3.485781041667963457e-05
5.890945472736368060e+01 3.477491505678476259e-05
5.894947473736868204e+01 3.469232124419906063e-05
5.898949474737368348e+01 3.461002749047640967e-05
5.902951475737868492e+01 3.452803231649866474e-05
5.906953476738369346e+01 3.444633425240470743e-05
5.910955477738869490e+01 3.436493183751978983e-05
5.914957478739369634e+01 3.428382362028587448e-05
5.918959479739869778e+01 3.420300815819216414e-05
5.922961480740369922e+01 3.412248401770674288e-05
5.926963481740870066e+01 3.404224977420836616e-05
5.930965482741370209e+01 3.396230401191919286e-05
5.934967483741871064e+01 3.388264532383804592e-05
5.938969484742371208e+01 3.380327231167411332e-05
5.942971485742871351e+01 3.372418358578142160e-05
5.946973486743371495e+01 3.364537776509374316e-05
5.950975487743871639e+01 3.356685347706035038e-05
5.954977488744371783e+01 3.348860935758184453e-05
5.958979489744871927e+01 3.341064405094717706e-05
5.962981490745372781e+01 3.333295620977065756e-05
5.966983491745872925e+01 3.325554449492995086e-05
5.970985492746373069e+01 3.317840757550434533e-05
5.974987493746873213e+01 3.310154412871362418e-05
5.978989494747373357e+01 3.302495283985761439e-05
5.982991495747873500e+01 3.294863240225606775e-05
5.986993496748374355e+01 3.287258151718922623e-05
5.990995497748874499e+01 3.279679889383886170e-05
5.994997498749374643e+01 3.272128324922968836e-05
5.998999499749874786e+01 3.264603330817158154e-05
6.003001500750374930e+01 3.257104780320190494e-05
6.007003501750875074e+01 3.249632547452894913e-05
6.011005502751375218e+01 3.242186506997498383e-05
6.015007503751876072e+01 3.234766534492074003e-05
6.019009504752376216e+01 3.227372506224966838e-05
6.023011505752876360e+01 3.220004299229306505e-05
6.027013506753376504e+01 3.212661791277549570e-05
6.031015507753876648e+01 3.205344860876078864e-05
6.035017508754376792e+01 3.198053387259847525e-05
6.039019509754876935e+01 3.190787250387058278e-05
6.043021510755377790e+01 3.183546330933902341e-05
6.047023511755877934e+01 3.176330510289349833e-05
6.051025512756378077e+01 3.169139670549951708e-05
6.055027513756878221e+01 3.161973694514720959e-05
6.059029514757378365e+01 3.154832465680052454e-05
6.063031515757878509e+01 3.147715868234659040e-05
6.067033516758379363e+01 3.140623787054586916e-05
6.071035517758879507e+01 3.133556107698252702e-05
6.075037518759379651e+01 3.126512716401519805e-05
6.079039519759879795e+01 3.119493500072837127e-05
6.083041520760379939e+01 3.112498346288392005e-05
6.087043521760880083e+01 3.105527143287328877e-05
6.091045522761380226e+01 3.098579779966995057e-05
6.095047523761881081e+01 3.091656145878221069e-05
6.099049524762381225e+01 3.084756131220666028e-05
6.103051525762881369e+01 3.077879626838167092e-05
6.107053526763381512e+01 3.071026524214158710e-05
6.111055527763881656e+01 3.064196715467112193e-05
6.115057528764381800e+01 3.057390093346024079e-05
6.119059529764881944e+01 3.050606551225932620e-05
6.123061530765382798e+01 3.043845983103479327e-05
6.127063531765882942e+01 3.037108283592508125e-05
6.131065532766383086e+01 3.030393347919697379e-05
6.135067533766883230e+01 3.023701071920221044e-05
6.139069534767383374e+01 3.017031352033467767e-05
6.143071535767883518e+01 3.010384085298775905e-05
6.147073536768384372e+01 3.003759169351206151e-05
6.151075537768884516e+01 2.997156502417363633e-05
6.155077538769384660e+01 2.990575983311234909e-05
6.159079539769884803e+01 2.984017511430076141e-05
6.163081540770384947e+01 2.977480986750321914e-05
6.167083541770885091e+01 2.970966309823540495e-05
6.171085542771385235e+01 2.964473381772412790e-05
6.175087543771886089e+01 2.958002104286744179e-05
6.179089544772386233e+01 2.951552379619525472e-05
6.183091545772886377e+01 2.945124110582998271e-05
6.187093546773386521e+01 2.938717200544774884e-05
6.191095547773886665e+01 2.932331553423984661e-05
6.195097548774386809e+01 2.925967073687449135e-05
6.199099549774886952e+01 2.919623666345886633e-05
6.203101550775387807e+01 2.913301236950155518e-05
6.207103551775887951e+01 2.906999691587520808e-05
6.211105552776388095e+01 2.900718936877951960e-05
6.215107553776888238e+01 2.894458879970458949e-05
6.219109554777388382e+01 2.888219428539443246e-05
6.223111555777888526e+01 2.882000490781095559e-05
6.227113556778388670e+01 2.875801975409808140e-05
6.231115557778889524e+01 2.869623791654620634e-05
6.235117558779389668e+01 2.863465849255708619e-05
6.239119559779889812e+01 2.857328058460869435e-05
6.243121560780389956e+01 2.851210330022073408e-05
6.247123561780890100e+01 2.845112575192007952e-05
6.251125562781390244e+01 2.839034705720679274e-05
6.255127563781891098e+01 2.832976633852021532e-05
6.259129564782391242e+01 2.826938272320539197e-05
6.263131565782891386e+01 2.820919534347982616e-05
6.267133566783391529e+01 2.814920333640036115e-05
6.271135567783891673e+01 2.808940584383047437e-05
6.275137568784391817e+01 2.802980201240773097e-05
6.279139569784891961e+01 2.797039099351156951e-05
6.283141570785392815e+01 2.791117194323126379e-05
6.287143571785892959e+01 2.785214402233422685e-05
6.291145572786393103e+01 2.779330639623452505e-05
6.295147573786893247e+01 2.773465823496156502e-05
6.299149574787393391e+01 2.767619871312921415e-05
6.303151575787893535e+01 2.761792700990495849e-05
6.307153576788393678e+01 2.755984230897948404e-05
6.311155577788894533e+01 2.750194379853635981e-05
6.315157578789394677e+01 2.744423067122206636e-05
6.319159579789894821e+01 2.738670212411612945e-05
6.323161580790394964e+01 2.732935735870167037e-05
6.327163581790895108e+01 2.727219558083599359e-05
6.331165582791395252e+01 2.721521600072157756e-05
6.335167583791896107e+01 2.715841783287716379e-05
6.339169584792396250e+01 2.710180029610913393e-05
6.343171585792896394e+01 2.704536261348315784e-05
6.347173586793396538e+01 2.698910401229585529e-05
6.351175587793896682e+01 2.693302372404701326e-05
6.355177588794396826e+01 2.687712098441168132e-05
6.359179589794896970e+01 2.682139503321274805e-05
6.363181590795397824e+01 2.676584511439352091e-05
6.367183591795897968e+01 2.671047047599076009e-05
6.371185592796398112e+01 2.665527037010758364e-05
6.375187593796898256e+01 2.660024405288696547e-05
6.379189594797398399e+01 2.654539078448512839e-05
6.383191595797898543e+01 2.649070982904534367e-05
6.387193596798398687e+01 2.643620045467176107e-05
6.391195597798899541e+01 2.638186193340363541e-05
6.395197598799399685e+01 2.632769354118962411e-05
6.399199599799899829e+01 2.627369455786225769e-05
6.403201600800400684e+01 2.621986426711267102e-05
6.407203601800900117e+01 2.616620195646561590e-05
6.411205602801400971e+01 2.611270691725437192e-05
6.415207603801900405e+01 2.605937844459627059e-05
6.419209604802401259e+01 2.600621583736793829e-05
6.423211605802900692e+01 2.595321839818119983e-05
6.427213606803401547e+01 2.590038543335871444e-05
6.431215607803902401e+01 2.584771625291020801e-05
6.435217608804401834e+01 2.579521017050859013e-05
6.439219609804902689e+01 2.574286650346633545e-05
6.443221610805402122e+01 2.569068457271215638e-05
6.447223611805902976e+01 2.563866370276765547e-05
6.451225612806402410e+01 2.558680322172437422e-05
6.455227613806903264e+01 2.553510246122079781e-05
6.459229614807404118e+01 2.548356075641970884e-05
6.463231615807903552e+01 2.543217744598562916e-05
6.467233616808404406e+01 2.538095187206237686e-05
6.471235617808903839e+01 2.532988338025100953e-05
6.475237618809404694e+01 2.527897131958754056e-05
6.479239619809904127e+01 2.522821504252138378e-05
6.483241620810404982e+01 2.517761390489332051e-05
6.487243621810905836e+01 2.512716726591417800e-05
6.491245622811405269e+01 2.507687448814337238e-05
6.495247623811906124e+01 2.502673493746761430e-05
6.499249624812405557e+01 2.497674798307997703e-05
6.503251625812906411e+01 2.492691299745881210e-05
6.507253626813405845e+01 2.487722935634719350e-05
6.511255627813906699e+01 2.482769643873210106e-05
6.515257628814407553e+01 2.477831362682417966e-05
6.519259629814906987e+01 2.472908030603734614e-05
6.523261630815407841e+01 2.467999586496853501e-05
6.527263631815907274e+01 2.463105969537794903e-05
6.531265632816408129e+01 2.458227119216895067e-05
6.535267633816907562e+01 2.453362975336859388e-05
6.539269634817408416e+01 2.448513478010788146e-05
6.543271635817909271e+01 2.443678567660242899e-05
6.547273636818408704e+01 2.438858185013326090e-05
6.551275637818909559e+01 2.434052271102755234e-05
6.555277638819408992e+01 2.429260767263974707e-05
6.559279639819909846e+01 2.424483615133261449e-05
6.563281640820410701e+01 2.419720756645865213e-05
6.567283641820910134e+01 2.414972134034147128e-05
6.571285642821410988e+01 2.410237689825727407e-05
6.575287643821910422e+01 2.405517366841669646e-05
6.579289644822411276e+01 2.400811108194651910e-05
6.583291645822910709e+01 2.396118857287173737e-05
6.587293646823411564e+01 2.391440557809751955e-05
6.591295647823912418e+01 2.386776153739159870e-05
6.595297648824411851e+01 2.382125589336652903e-05
6.599299649824912706e+01 2.377488809146211841e-05
6.603301650825412139e+01 2.372865757992820315e-05
6.607303651825912993e+01 2.368256380980719567e-05
6.611305652826412427e+01 2.363660623491711343e-05
6.615307653826913281e+01 2.359078431183443829e-05
6.619309654827414136e+01 2.354509749987728433e-05
6.623311655827913569e+01 2.349954526108865029e-05
6.627313656828414423e+01 2.345412706021967879e-05
6.631315657828913857e+01 2.340884236471324766e-05
6.635317658829414711e+01 2.336369064468744259e-05
6.639319659829914144e+01 2.331867137291935850e-05
6.643321660830414999e+01 2.327378402482883308e-05
6.647323661830915853e+01 2.322902807846249551e-05
6.651325662831415286e+01 2.318440301447775753e-05
6.655327663831916141e+01 2.313990831612690950e-05
6.659329664832415574e+01 2.309554346924159605e-05
6.663331665832916428e+01 2.305130796221696297e-05
6.667333666833415862e+01 2.300720128599644451e-05
6.671335667833916716e+01 2.296322293405607292e-05
6.675337668834417570e+01 2.291937240238946230e-05
6.679339669834917004e+01 2.287564918949249081e-05
6.683341670835417858e+01 2.283205279634829463e-05
6.687343671835917291e+01 2.278858272641230603e-05
6.691345672836418146e+01 2.274523848559738956e-05
6.695347673836917579e+01 2.270201958225918166e-05
6.699349674837418434e+01 2.265892552718129805e-05
6.703351675837919288e+01 2.261595583356094773e-05
6.707353676838418721e+01 2.257311001699444531e-05
6.711355677838919576e+01 2.253038759546284876e-05
6.715357678839419009e+01 2.248778808931778004e-05
6.719359679839919863e+01 2.244531102126725257e-05
6.723361680840420718e+01 2.240295591636168838e-05
6.727363681840920151e+01 2.236072230197997261e-05
6.731365682841421005e+01 2.231860970781555193e-05
6.735367683841920439e+01 2.227661766586279740e-05
6.739369684842421293e+01 2.223474571040327569e-05
6.743371685842920726e+01 2.219299337799231854e-05
6.747373686843421581e+01 2.215136020744536862e-05
6.751375687843922435e+01 2.210984573982486742e-05
6.755377688844421868e+01 2.206844951842681457e-05
6.759379689844922723e+01 2.202717108876763879e-05
6.763381690845422156e+01 2.198600999857116376e-05
6.767383691845923011e+01 2.194496579775551302e-05
6.771385692846422444e+01 2.190403803842036378e-05
6.775387693846923298e+01 2.186322627483394668e-05
6.779389694847424153e+01 2.182253006342049613e-05
6.783391695847923586e+01 2.178194896274750417e-05
6.787393696848424440e+01 2.174148253351320813e-05
6.791395697848923874e+01 2.170113033853415273e-05
6.795397698849424728e+01 2.166089194273271843e-05
6.799399699849924161e+01 2.162076691312499188e-05
6.803401700850425016e+01 2.158075481880837555e-05
6.807403701850925870e+01 2.154085523094963436e-05
6.811405702851425303e+01 2.150106772277275268e-05
6.815407703851926158e+01 2.146139186954694705e-05
6.819409704852425591e+01 2.142182724857494668e-05
6.823411705852926445e+01 2.138237343918099266e-05
6.827413706853425879e+01 2.134303002269930479e-05
6.831415707853926733e+01 2.130379658246231794e-05
6.835417708854427588e+01 2.126467270378920650e-05
6.839419709854927021e+01 2.122565797397442568e-05
6.843421710855427875e+01 2.118675198227615121e-05
6.847423711855927309e+01 2.114795431990521034e-05
6.851425712856428163e+01 2.110926458001358927e-05
6.855427713856927596e+01 2.107068235768346239e-05
6.859429714857428451e+01 2.103220724991599109e-05
6.863431715857929305e+01 2.099383885562030222e-05
6.867433716858428738e+01 2.095557677560262570e-05
6.871435717858929593e+01 2.091742061255532376e-05
6.875437718859429026e+01 2.087936997104622848e-05
6.879439719859929880e+01 2.084142445750771170e-05
6.883441720860429314e+01 2.080358368022629698e-05
6.887443721860930168e+01 2.076584724933184132e-05
6.891445722861431022e+01 2.072821477678715729e-05
6.895447723861930456e+01 2.069068587637759455e-05
6.899449724862431310e+01 2.065326016370053322e-05
6.903451725862930743e+01 2.061593725615527712e-05
6.907453726863431598e+01 2.057871677293261490e-05
6.911455727863932452e+01 2.054159833500486236e-05
6.915457728864431886e+01 2.050458156511564381e-05
6.919459729864932740e+01 2.046766608776984288e-05
6.923461730865432173e+01 2.043085152922378712e-05
6.927463731865933028e+01 2.039413751747517166e-05
6.931465732866432461e+01 2.035752368225340986e-05
6.935467733866933315e+01 2.032100965500970605e-05
6.939469734867434170e+01 2.028459506890747387e-05
6.943471735867933603e+01 2.024827955881270390e-05
6.947473736868434457e+01 2.021206276128426332e-05
6.951475737868933891e+01 2.017594431456456848e-05
6.955477738869434745e+01 2.013992385857002354e-05
6.959479739869934178e+01 2.010400103488166587e-05
6.963481740870435033e+01 2.006817548673582832e-05
6.967483741870935887e+01 2.003244685901496420e-05
6.971485742871435320e+01 1.999681479823836716e-05
6.975487743871936175e+01 1.996127895255303002e-05
6.979489744872435608e+01 1.992583897172463912e-05
6.983491745872936463e+01 1.989049450712847039e-05
6.987493746873435896e+01 1.985524521174053959e-05
6.991495747873936750e+01 1.982009074012853900e-05
6.995497748874437605e+01 1.978503074844323163e-05
6.999499749874937038e+01 1.975006489440942856e-05
7.003501750875437892e+01 1.971519283731740346e-05
7.007503751875937326e+01 1.968041423801418510e-05
7.011505752876438180e+01 1.964572875889495821e-05
7.015507753876937613e+01 1.961113606389447124e-05
7.019509754877438468e+01 1.957663581847857279e-05
7.023511755877939322e+01 1.954222768963576496e-05
7.027513756878438755e+01 1.950791134586881440e-05
7.031515757878939610e+01 1.947368645718633274e-05
7.035517758879439043e+01 1.943955269509464853e-05
7.039519759879939897e+01 1.940550973258942154e-05
7.043521760880439331e+01 1.937155724414759938e-05
7.047523761880940185e+01 1.933769490571917416e-05
7.051525762881441040e+01 1.930392239471922719e-05
7.055527763881940473e+01 1.927023939001982789e-05
7.059529764882441327e+01 1.923664557194207174e-05
7.063531765882940761e+01 1.920314062224824013e-05
7.067533766883441615e+01 1.916972422413381450e-05
7.071535767883942469e+01 1.913639606221976500e-05
7.075537768884441903e+01 1.910315582254479164e-05
7.079539769884942757e+01 1.907000319255746043e-05
7.083541770885442190e+01 1.903693786110875291e-05
7.087543771885943045e+01 1.900395951844425986e-05
7.091545772886442478e+01 1.897106785619676809e-05
7.095547773886943332e+01 1.893826256737859648e-05
7.099549774887444187e+01 1.890554334637424032e-05
7.103551775887943620e+01 1.887290988893291409e-05
7.107553776888444474e+01 1.884036189216113140e-05
7.111555777888943908e+01 1.880789905451543407e-05
7.115557778889444762e+01 1.877552107579504668e-05
7.119559779889944195e+01 1.874322765713473438e-05
7.123561780890445050e+01 1.871101850099751159e-05
7.127563781890945904e+01 1.867889331116751007e-05
7.131565782891445338e+01 1.864685179274300943e-05
7.135567783891946192e+01 1.861489365212916629e-05
7.139569784892445625e+01 1.858301859703120068e-05
7.143571785892946480e+01 1.855122633644726068e-05
7.147573786893445913e+01 1.851951658066166645e-05
7.151575787893946767e+01 1.848788904123791038e-05
7.155577788894447622e+01 1.845634343101184015e-05
7.159579789894947055e+01 1.842487946408493668e-05
7.163581790895447909e+01 1.839349685581743960e-05
7.167583791895947343e+01 1.836219532282179465e-05
7.171585792896448197e+01 1.833097458295580620e-05
7.175587793896947630e+01 1.829983435531622017e-05
7.179589794897448485e+01 1.826877436023192742e-05
7.183591795897949339e+01 1.823779431925759409e-05
7.187593796898448772e+01 1.820689395516707164e-05
7.191595797898949627e+01 1.817607299194695604e-05
7.195597798899449060e+01 1.814533115479015710e-05
7.199599799899949915e+01 1.811466817008955586e-05
7.203601800900449348e+01 1.808408376543162817e-05
7.207603801900950202e+01 1.805357766959013593e-05
7.211605802901451057e+01 1.802314961251988621e-05
7.215607803901950490e+01 1.799279932535054110e-05
7.219609804902451344e+01 1.796252654038034288e-05
7.223611805902950778e+01 1.793233099107005609e-05
7.227613806903451632e+01 1.790221241203682139e-05
7.231615807903951065e+01 1.787217053904806714e-05
7.235617808904451920e+01 1.784220510901550900e-05
7.239619809904952774e+01 1.781231585998914617e-05
7.243621810905452207e+01 1.778250253115130504e-05
7.247623811905953062e+01 1.775276486281067269e-05
7.251625812906452495e+01 1.772310259639646931e-05
7.255627813906953349e+01 1.769351547445259014e-05
7.259629814907454204e+01 1.766400324063177105e-05
7.263631815907953637e+01 1.763456563968979153e-05
7.267633816908454492e+01 1.760520241747978593e-05
7.271635817908953925e+01 1.757591332094651757e-05
7.275637818909454779e+01 1.754669809812062570e-05
7.279639819909954213e+01 1.751755649811314005e-05
7.283641820910455067e+01 1.748848827110975498e-05
7.287643821910955921e+01 1.745949316836528642e-05
7.291645822911455355e+01 1.743057094219818313e-05
7.295647823911956209e+01 1.740172134598495999e-05
7.299649824912455642e+01 1.737294413415478038e-05
7.303651825912956497e+01 1.734423906218396065e-05
7.307653826913455930e+01 1.731560588659066766e-05
7.311655827913956784e+01 1.728704436492941646e-05
7.315657828914457639e+01 1.725855425578586277e-05
7.319659829914957072e+01 1.723013531877144627e-05
7.323661830915457926e+01 1.720178731451804083e-05
7.327663831915957360e+01 1.717351000467285868e-05
7.331665832916458214e+01 1.714530315189310739e-05
7.335667833916957647e+01 1.711716651984093471e-05
7.339669834917458502e+01 1.708909987317816010e-05
7.343671835917959356e+01 1.706110297756125685e-05
7.347673836918458790e+01 1.703317559963621908e-05
7.351675837918959644e+01 1.700531750703349648e-05
7.355677838919459077e+01 1.697752846836303410e-05
7.359679839919959932e+01 1.694980825320916302e-05
7.363681840920459365e+01 1.692215663212580617e-05
7.367683841920960219e+01 1.689457337663132836e-05
7.371685842921461074e+01 1.686705825920386065e-05
7.375687843921960507e+01 1.683961105327627235e-05
7.379689844922461361e+01 1.681223153323131589e-05
7.383691845922960795e+01 1.678491947439692740e-05
7.387693846923461649e+01 1.675767465304134446e-05
7.391695847923961082e+01 1.673049684636838304e-05
7.395697848924461937e+01 1.670338583251265005e-05
7.399699849924962791e+01 1.667634139053493552e-05
7.403701850925462224e+01 1.664936330041748270e-05
7.407703851925963079e+01 1.662245134305929896e-05
7.411705852926462512e+01 1.659560530027161905e-05
7.415707853926963367e+01 1.656882495477324978e-05
7.419709854927464221e+01 1.654211009018602321e-05
7.423711855927963654e+01 1.651546049103029375e-05
7.427713856928464509e+01 1.648887594272035068e-05
7.431715857928963942e+01 1.646235623156000680e-05
7.435717858929464796e+01 1.643590114473806509e-05
7.439719859929964230e+01 1.640951047032397850e-05
7.443721860930465084e+01 1.638318399726334040e-05
7.447723861930965938e+01 1.635692151537359516e-05
7.451725862931465372e+01 1.633072281533965730e-05
7.455727863931966226e+01 1.630458768870949338e-05
7.459729864932465659e+01 1.627851592788996814e-05
7.463731865932966514e+01 1.625250732614245351e-05
7.467733866933465947e+01 1.622656167757862387e-05
7.471735867933966802e+01 1.620067877715620065e-05
7.475737868934467656e+01 1.617485842067476113e-05
7.479739869934967089e+01 1.614910040477158802e-05
7.483741870935467944e+01 1.612340452691745461e-05
7.487743871935967377e+01 1.609777058541254208e-05
7.491745872936468231e+01 1.607219837938228226e-05
7.495747873936967665e+01 1.604668770877335285e-05
7.499749874937468519e+01 1.602123837434953714e-05
7.503751875937969373e+01 1.599585017768773276e-05
7.507753876938468807e+01 1.597052292117394695e-05
7.511755877938969661e+01 1.594525640799925449e-05
7.515757878939469094e+01 1.592005044215588440e-05
7.519759879939969949e+01 1.589490482843327620e-05
7.523761880940469382e+01 1.586981937241410895e-05
7.527763881940970236e+01 1.584479388047045918e-05
7.531765882941471091e+01 1.581982815975988417e-05
7.535767883941970524e+01 1.579492201822161367e-05
7.539769884942471379e+01 1.577007526457267395e-05
7.543771885942970812e+01 1.574528770830412012e-05
7.547773886943471666e+01 1.572055915967718724e-05
7.551775887943971100e+01 1.569588942971962100e-05
7.555777888944471954e+01 1.567127833022181522e-05
7.559779889944972808e+01 1.564672567373321364e-05
7.563781890945472242e+01 1.562223127355852543e-05
7.567783891945973096e+01 1.559779494375406934e-05
7.571785892946472529e+01 1.557341649912412132e-05
7.575787893946973384e+01 1.554909575521725196e-05
7.579789894947472817e+01 1.552483252832277232e-05
7.583791895947973671e+01 1.550062663546705781e-05
7.587793896948474526e+01 1.547647789441002116e-05
7.591795897948973959e+01 1.545238612364156501e-05
7.595797898949474813e+01 1.542835114237800409e-05
7.599799899949974247e+01 1.540437277055859235e-05
7.603801900950475101e+01 1.538045082884200273e-05
7.607803901950975956e+01 1.535658513860286442e-05
7.611805902951475389e+01 1.533277552192831381e-05
7.615807903951976243e+01 1.530902180161452503e-05
7.619809904952475677e+01 1.528532380116334887e-05
7.623811905952976531e+01 1.526168134477885020e-05
7.627813906953475964e+01 1.523809425736400106e-05
7.631815907953976819e+01 1.521456236451725533e-05
7.635817908954477673e+01 1.519108549252926050e-05
7.639819909954977106e+01 1.516766346837951872e-05
7.643821910955477961e+01 1.514429611973306467e-05
7.647823911955977394e+01 1.512098327493721807e-05
7.651825912956478248e+01 1.509772476301827689e-05
7.655827913956977682e+01 1.507452041367832736e-05
7.659829914957478536e+01 1.505137005729195756e-05
7.663831915957979390e+01 1.502827352490307589e-05
7.667833916958478824e+01 1.500523064822173981e-05
7.671835917958979678e+01 1.498224125962091173e-05
7.675837918959479111e+01 1.495930519213339611e-05
7.679839919959979966e+01 1.493642227944860715e-05
7.683841920960479399e+01 1.491359235590953650e-05
7.687843921960980254e+01 1.489081525650955986e-05
7.691845922961481108e+01 1.486809081688942497e-05
7.695847923961980541e+01 1.484541887333415995e-05
7.699849924962481396e+01 1.482279926276996804e-05
7.703851925962980829e+01 1.480023182276130708e-05
7.707853926963481683e+01 1.477771639150771477e-05
7.711855927963981117e+01 1.475525280784098133e-05
7.715857928964481971e+01 1.473284091122201206e-05
7.719859929964982825e+01 1.471048054173794236e-05
7.723861930965482259e+01 1.468817154009919849e-05
7.727863931965983113e+01 1.466591374763647204e-05
7.731865932966482546e+01 1.464370700629791110e-05
7.735867933966983401e+01 1.462155115864612179e-05
7.739869934967482834e+01 1.459944604785534593e-05
7.743871935967983688e+01 1.457739151770856425e-05
7.747873936968484543e+01 1.455538741259463501e-05
7.751875937968983976e+01 1.453343357750548871e-05
7.755877938969484831e+01 1.451152985803322613e-05
7.759879939969984264e+01 1.448967610036741798e-05
7.763881940970485118e+01 1.446787215129219618e-05
7.767883941970985973e+01 1.444611785818358406e-05
7.771885942971485406e+01 1.442441306900667736e-05
7.775887943971986260e+01 1.440275763231286097e-05
7.779889944972485694e+01 1.438115139723716778e-05
7.783891945972986548e+01 1.435959421349547509e-05
7.787893946973485981e+01 1.433808593138187537e-05
7.791895947973986836e+01 1.431662640176590987e-05
7.795897948974487690e+01 1.429521547608996313e-05
7.799899949974987123e+01 1.427385300636658128e-05
7.803901950975487978e+01 1.425253884517579714e-05
7.807903951975987411e+01 1.423127284566257212e-05
7.811905952976488265e+01 1.421005486153408409e-05
7.815907953976987699e+01 1.418888474705722178e-05
7.819909954977488553e+01 1.416776235705592010e-05
7.823911955977989408e+01 1.414668754690865115e-05
7.827913956978488841e+01 1.412566017254582048e-05
7.831915957978989695e+01 1.410468009044721923e-05
7.835917958979489129e+01 1.408374715763956261e-05
7.839919959979989983e+01 1.406286123169385396e-05
7.843921960980489416e+01 1.404202217072299274e-05
7.847923961980990271e+01 1.402122983337920799e-05
7.851925962981491125e+01 1.400048407885162057e-05
7.855927963981990558e+01 1.397978476686379189e-05
7.859929964982491413e+01 1.395913175767120479e-05
7.863931965982990846e+01 1.393852491205891558e-05
7.867933966983491700e+01 1.391796409133903664e-05
7.871935967983991134e+01 1.389744915734843255e-05
7.875937968984491988e+01 1.387697997244620770e-05
7.879939969984992842e+01 1.385655639951140752e-05
7.883941970985492276e+01 1.383617830194062981e-05
7.887943971985993130e+01 1.381584554364559376e-05
7.891945972986492563e+01 1.379555798905091226e-05
7.895947973986993418e+01 1.377531550309163210e-05
7.899949974987492851e+01 1.375511795121104019e-05
7.903951975987993706e+01 1.373496519935822068e-05
7.907953976988494560e+01 1.371485711398586963e-05
7.911955977988993993e+01 1.369479356204794703e-05
7.915957978989494848e+01 1.367477441099740846e-05
7.919959979989994281e+01 1.365479952878397567e-05
7.923961980990495135e+01 1.363486878385184795e-05
7.927963981990994569e+01 1.361498204513750486e-05
7.931965982991495423e+01 1.359513918206744130e-05
7.935967983991996277e+01 1.357534006455597880e-05
7.939969984992495711e+01 1.355558456300307841e-05
7.943971985992996565e+01 1.353587254829208938e-05
7.947973986993495998e+01 1.351620389178765689e-05
7.951975987993996853e+01 1.349657846533347412e-05
7.955977988994497707e+01 1.347699614125017814e-05
7.959979989994997140e+01 1.345745679233321543e-05
7.963981990995497995e+01 1.343796029185063281e-05
7.967983991995997428e+01 1.341850651354105135e-05
7.971985992996498283e+01 1.339909533161148607e-05
7.975987993996997716e+01 1.337972662073529447e-05
7.979989994997498570e+01 1.336040025605004535e-05
7.983991995997999425e+01 1.334111611315547073e-05
7.987993996998498858e+01 1.332187406811141600e-05
7.991995997998999712e+01 1.330267399743572406e-05
7.995997998999499146e+01 1.328351577810225320e-05
8.000000000000000000e+01 1.326439928753879518e-05
