0.000000000000000000e+00 8.955356195338515311e-05
4.002001000500250011e-02 8.996084009914025008e-05
8.004002001000500022e-02 9.037112463952613663e-05
1.200600300150075073e-01 9.078444704948783180e-05
1.600800400200100004e-01 9.120083923448987979e-05
2.001000500250124936e-01 9.162033353779874627e-05
2.401200600300150145e-01 9.204296274791246284e-05
2.801400700350175077e-01 9.246876010613952544e-05
3.201600800400200009e-01 9.289775931433261690e-05
3.601800900450224940e-01 9.332999454277835969e-05
4.002001000500249872e-01 9.376550043824872322e-05
4.402201100550274804e-01 9.420431213221706727e-05
4.802401200600300291e-01 9.464646524924246710e-05
5.202601300650324667e-01 9.509199591552706368e-05
5.602801400700350154e-01 9.554094076765024738e-05
6.003001500750374531e-01 9.599333696148338831e-05
6.403201600800400017e-01 9.644922218129029054e-05
6.803401700850425504e-01 9.690863464901746304e-05
7.203601800900449881e-01 9.737161313377865252e-05
7.603801900950475368e-01 9.783819696153831381e-05
8.004002001000499744e-01 9.830842602499973695e-05
8.404202101050525231e-01 9.878234079370112430e-05
8.804402201100549608e-01 9.925998232432650225e-05
9.204602301150575094e-01 9.974139227123572312e-05
9.604802401200600581e-01 1.002266128972189918e-04
1.000500250125062607e+00 1.007156870844817445e-04
1.040520260130064933e+00 1.012086583458657486e-04
1.080540270135067482e+00 1.017055708363117348e-04
1.120560280140070031e+00 1.022064693645701361e-04
1.160580290145072579e+00 1.027113994051656517e-04
1.200600300150074906e+00 1.032204071106228326e-04
1.240620310155077455e+00 1.037335393239580155e-04
1.280640320160080003e+00 1.042508435914456808e-04
1.320660330165082552e+00 1.047723681756652133e-04
1.360680340170085101e+00 1.052981620688356269e-04
1.400700350175087427e+00 1.058282750064459777e-04
1.440720360180089976e+00 1.063627574811877688e-04
1.480740370185092525e+00 1.069016607571989002e-04
1.520760380190095074e+00 1.074450368846256558e-04
1.560780390195097400e+00 1.079929387145120656e-04
1.600800400200099949e+00 1.085454199140240830e-04
1.640820410205102498e+00 1.091025349820186867e-04
1.680840420210105046e+00 1.096643392649656072e-04
1.720860430215107595e+00 1.102308889732314331e-04
1.760880440220109922e+00 1.108022411977363178e-04
1.800900450225112470e+00 1.113784539269920671e-04
1.840920460230115019e+00 1.119595860645322075e-04
1.880940470235117568e+00 1.125456974467444691e-04
1.920960480240120116e+00 1.131368488611168778e-04
1.960980490245122443e+00 1.137331020649074868e-04
2.001000500250125214e+00 1.143345198042503632e-04
2.041020510255127540e+00 1.149411658337084016e-04
2.081040520260129867e+00 1.155531049362863006e-04
2.121060530265132638e+00 1.161704029439154649e-04
2.161080540270134964e+00 1.167931267584236679e-04
2.201100550275137291e+00 1.174213443730032171e-04
2.241120560280140062e+00 1.180551248941910523e-04
2.281140570285142388e+00 1.186945385643748178e-04
2.321160580290145159e+00 1.193396567848399104e-04
2.361180590295147486e+00 1.199905521393719647e-04
2.401200600300149812e+00 1.206472984184306987e-04
2.441220610305152583e+00 1.213099706439109231e-04
2.481240620310154910e+00 1.219786450945075328e-04
2.521260630315157680e+00 1.226533993317009187e-04
2.561280640320160007e+00 1.233343122263808804e-04
2.601300650325162334e+00 1.240214639861275247e-04
2.641320660330165104e+00 1.247149361831661714e-04
2.681340670335167431e+00 1.254148117830185889e-04
2.721360680340170202e+00 1.261211751738672542e-04
2.761380690345172528e+00 1.268341121966555160e-04
2.801400700350174855e+00 1.275537101759443681e-04
2.841420710355177626e+00 1.282800579515472729e-04
2.881440720360179952e+00 1.290132459109664823e-04
2.921460730365182723e+00 1.297533660226539204e-04
2.961480740370185050e+00 1.305005118701211327e-04
3.001500750375187376e+00 1.312547786869233733e-04
3.041520760380190147e+00 1.320162633925427392e-04
3.081540770385192474e+00 1.327850646291998699e-04
3.121560780390194800e+00 1.335612827996179560e-04
3.161580790395197571e+00 1.343450201057713657e-04
3.201600800400199898e+00 1.351363805886458597e-04
3.241620810405202668e+00 1.359354701690430271e-04
3.281640820410204995e+00 1.367423966894588147e-04
3.321660830415207322e+00 1.375572699570700829e-04
3.361680840420210092e+00 1.383802017878628810e-04
3.401700850425212419e+00 1.392113060519371902e-04
3.441720860430215190e+00 1.400506987200248615e-04
3.481740870435217516e+00 1.408984979112573685e-04
3.521760880440219843e+00 1.417548239422240851e-04
3.561780890445222614e+00 1.426197993773591717e-04
3.601800900450224940e+00 1.434935490807005744e-04
3.641820910455227711e+00 1.443762002690627687e-04
3.681840920460230038e+00 1.452678825666695441e-04
3.721860930465232364e+00 1.461687280612919328e-04
3.761880940470235135e+00 1.470788713619395564e-04
3.801900950475237462e+00 1.479984496581553707e-04
3.841920960480240232e+00 1.489276027809654471e-04
3.881940970485242559e+00 1.498664732655363165e-04
3.921960980490244886e+00 1.508152064155966906e-04
3.961980990495247656e+00 1.517739503696798292e-04
4.002001000500250427e+00 1.527428561692455893e-04
4.042021010505252754e+00 1.537220778287465295e-04
4.082041020510255080e+00 1.547117724076984332e-04
4.122061030515257407e+00 1.557121000848249925e-04
4.162081040520259734e+00 1.567232242343429775e-04
4.202101050525262949e+00 1.577453115044615635e-04
4.242121060530265275e+00 1.587785318981687016e-04
4.282141070535267602e+00 1.598230588563817817e-04
4.322161080540269928e+00 1.608790693435434966e-04
4.362181090545272255e+00 1.619467439357447102e-04
4.402201100550274582e+00 1.630262669114617986e-04
4.442221110555277797e+00 1.641178263449971772e-04
4.482241120560280123e+00 1.652216142027175853e-04
4.522261130565282450e+00 1.663378264421842086e-04
4.562281140570284776e+00 1.674666631142790755e-04
4.602301150575287103e+00 1.686083284684290198e-04
4.642321160580290318e+00 1.697630310610368203e-04
4.682341170585292645e+00 1.709309838672342296e-04
4.722361180590294971e+00 1.721124043960716777e-04
4.762381190595297298e+00 1.733075148092695541e-04
4.802401200600299624e+00 1.745165420436565898e-04
4.842421210605302839e+00 1.757397179374281548e-04
4.882441220610305166e+00 1.769772793603630588e-04
4.922461230615307493e+00 1.782294683481413470e-04
4.962481240620309819e+00 1.794965322409127373e-04
5.002501250625312146e+00 1.807787238262717163e-04
5.042521260630315361e+00 1.820763014868004867e-04
5.082541270635317687e+00 1.833895293523487137e-04
5.122561280640320014e+00 1.847186774572274169e-04
5.162581290645322341e+00 1.860640219024973390e-04
5.202601300650324667e+00 1.874258450235455375e-04
5.242621310655327882e+00 1.888044355631480933e-04
5.282641320660330209e+00 1.902000888502264537e-04
5.322661330665332535e+00 1.916131069845152782e-04
5.362681340670334862e+00 1.930437990273655140e-04
5.402701350675337189e+00 1.944924811989212794e-04
5.442721360680340403e+00 1.959594770819141475e-04
5.482741370685342730e+00 1.974451178323330879e-04
5.522761380690345057e+00 1.989497423972378916e-04
5.562781390695347383e+00 2.004736977399966427e-04
5.602801400700349710e+00 2.020173390732379122e-04
5.642821410705352925e+00 2.035810300998266173e-04
5.682841420710355251e+00 2.051651432621795631e-04
5.722861430715357578e+00 2.067700600002566084e-04
5.762881440720359905e+00 2.083961710185755912e-04
5.802901450725362231e+00 2.100438765626169333e-04
5.842921460730365446e+00 2.117135867049985327e-04
5.882941470735367773e+00 2.134057216418201199e-04
5.922961480740370099e+00 2.151207119995975862e-04
5.962981490745372426e+00 2.168589991532216151e-04
6.003001500750374753e+00 2.186210355553994242e-04
6.043021510755377079e+00 2.204072850780618706e-04
6.083041520760380294e+00 2.222182233662333252e-04
6.123061530765382621e+00 2.240543382048961970e-04
6.163081540770384947e+00 2.259161298993973062e-04
6.203101550775387274e+00 2.278041116699772097e-04
6.243121560780389601e+00 2.297188100610267326e-04
6.283141570785392815e+00 2.316607653657083254e-04
6.323161580790395142e+00 2.336305320666088681e-04
6.363181590795397469e+00 2.356286792931221738e-04
6.403201600800399795e+00 2.376557912962999695e-04
6.443221610805402122e+00 2.397124679419376651e-04
6.483241620810405337e+00 2.417993252227102602e-04
6.523261630815407663e+00 2.439169957902050144e-04
6.563281640820409990e+00 2.460661295077490058e-04
6.603301650825412317e+00 2.482473940249696042e-04
6.643321660830414643e+00 2.504614753750760000e-04
6.683341670835417858e+00 2.527090785959024057e-04
6.723361680840420185e+00 2.549909283758071345e-04
6.763381690845422511e+00 2.573077697255765389e-04
6.803401700850424838e+00 2.596603686775461107e-04
6.843421710855427165e+00 2.620495130132160394e-04
6.883441720860430380e+00 2.644760130207024973e-04
6.923461730865432706e+00 2.669407022834412689e-04
6.963481740870435033e+00 2.694444385016375385e-04
7.003501750875437359e+00 2.719881043480334407e-04
7.043521760880439686e+00 2.745726083596517712e-04
7.083541770885442901e+00 2.771988858672707451e-04
7.123561780890445227e+00 2.798678999644715394e-04
7.163581790895447554e+00 2.825806425182141382e-04
7.203601800900449881e+00 2.853381352229990829e-04
7.243621810905452207e+00 2.881414307007916053e-04
7.283641820910455422e+00 2.909916136490079568e-04
7.323661830915457749e+00 2.938898020389970971e-04
7.363681840920460075e+00 2.968371483675869785e-04
7.403701850925462402e+00 2.998348409644185615e-04
7.443721860930464729e+00 3.028841053579448168e-04
7.483741870935467944e+00 3.059862057031462559e-04
7.523761880940470270e+00 3.091424462741898462e-04
7.563781890945472597e+00 3.123541730254553845e-04
7.603801900950474923e+00 3.156227752245545208e-04
7.643821910955477250e+00 3.189496871611909165e-04
7.683841920960480465e+00 3.223363899359402520e-04
7.723861930965482792e+00 3.257844133332823923e-04
7.763881940970485118e+00 3.292953377834838659e-04
7.803901950975487445e+00 3.328707964182135259e-04
7.843921960980489771e+00 3.365124772250843938e-04
7.883941970985492098e+00 3.402221253066358320e-04
7.923961980990495313e+00 3.440015452496301973e-04
7.963981990995497640e+00 3.478526036109029626e-04
8.004002001000500854e+00 3.517772315264201094e-04
8.044022011005502293e+00 3.557774274506189465e-04
8.084042021010505508e+00 3.598552600335807304e-04
8.124062031015506946e+00 3.640128711440740700e-04
8.164082041020510161e+00 3.682524790470540973e-04
8.204102051025513376e+00 3.725763817447634639e-04
8.244122061030514814e+00 3.769869604912176467e-04
8.284142071035518029e+00 3.814866834905086021e-04
8.324162081040519467e+00 3.860781097900860791e-04
8.364182091045522682e+00 3.907638933809498647e-04
8.404202101050525897e+00 3.955467875175136408e-04
8.444222111055527336e+00 4.004296492708081219e-04
8.484242121060530550e+00 4.054154443296584145e-04
8.524262131065531989e+00 4.105072520655152213e-04
8.564282141070535204e+00 4.157082708777624252e-04
8.604302151075536642e+00 4.210218238375391421e-04
8.644322161080539857e+00 4.264513646494518559e-04
8.684342171085543072e+00 4.320004839519749952e-04
8.724362181090544510e+00 4.376729159789127343e-04
8.764382191095547725e+00 4.434725456059681594e-04
8.804402201100549163e+00 4.494034158083068061e-04
8.844422211105552378e+00 4.554697355569939073e-04
8.884442221110555593e+00 4.616758881843382382e-04
8.924462231115557032e+00 4.680264402505425318e-04
8.964482241120560246e+00 4.745261509466111301e-04
9.004502251125561685e+00 4.811799820712585525e-04
9.044522261130564900e+00 4.879931086226129539e-04
9.084542271135568114e+00 4.949709300488161316e-04
9.124562281140569553e+00 5.021190822052564720e-04
9.164582291145572768e+00 5.094434500701358311e-04
9.204602301150574206e+00 5.169501812743920515e-04
9.244622311155577421e+00 5.246457005067704446e-04
9.284642321160580636e+00 5.325367248600128452e-04
9.324662331165582074e+00 5.406302801898632332e-04
9.364682341170585289e+00 5.489337185648386370e-04
9.404702351175586728e+00 5.574547368916043556e-04
9.444722361180589942e+00 5.662013968083791328e-04
9.484742371185593157e+00 5.751821459471194442e-04
9.524762381190594596e+00 5.844058406744461528e-04
9.564782391195597810e+00 5.938817704314205796e-04
9.604802401200599249e+00 6.036196838034793436e-04
9.644822411205602464e+00 6.136298164642579401e-04
9.684842421210605679e+00 6.239229211507385390e-04
9.724862431215607117e+00 6.345102998423975691e-04
9.764882441220610332e+00 6.454038383339007938e-04
9.804902451225611770e+00 6.566160434096704468e-04
9.844922461230614985e+00 6.681600828495237905e-04
9.884942471235618200e+00 6.800498285178356713e-04
9.924962481240619638e+00 6.922999028146280221e-04
9.964982491245622853e+00 7.049257287959496054e-04
1.000500250125062429e+01 7.179435843033207549e-04
1.004502251125562751e+01 7.313706604783100232e-04
1.008504252126063072e+01 7.452251250790099422e-04
1.012506253126563216e+01 7.595261910609109671e-04
1.016508254127063537e+01 7.742941909361160087e-04
1.020510255127563681e+01 7.895506574827750122e-04
1.024512256128064003e+01 8.053184114420824068e-04
1.028514257128564324e+01 8.216216569140689582e-04
1.032516258129064468e+01 8.384860852472149351e-04
1.036518259129564790e+01 8.559389883118607252e-04
1.040520260130064933e+01 8.740093821553506859e-04
1.044522261130565255e+01 8.927281421597696009e-04
1.048524262131065576e+01 9.121281509632768241e-04
1.052526263131565720e+01 9.322444605663341355e-04
1.056528264132066042e+01 9.531144702275927806e-04
1.060530265132566186e+01 9.747781219648261886e-04
1.064532266133066507e+01 9.972781157185483386e-04
1.068534267133566829e+01 1.020660146515141439e-03
1.072536268134066972e+01 1.044973166288961156e-03
1.076538269134567294e+01 1.070269673396458815e-03
1.080540270135067438e+01 1.096606033289101263e-03
1.084542271135567759e+01 1.124042834316702974e-03
1.088544272136068081e+01 1.152645283221809822e-03
1.092546273136568225e+01 1.182483645575111830e-03
1.096548274137068546e+01 1.213633737210581195e-03
1.100550275137568690e+01 1.246177473670771665e-03
1.104552276138069011e+01 1.280203485796099685e-03
1.108554277138569333e+01 1.315807810921850287e-03
1.112556278139069477e+01 1.353094670726525534e-03
1.116558279139569798e+01 1.392177348657803017e-03
1.120560280140069942e+01 1.433179182113967273e-03
1.124562281140570263e+01 1.476234687261073668e-03
1.128564282141070585e+01 1.521490837621545383e-03
1.132566283141570729e+01 1.569108521507186008e-03
1.136568284142071050e+01 1.619264208150317328e-03
1.140570285142571194e+01 1.672151858216283388e-03
1.144572286143071516e+01 1.727985121520100864e-03
1.148574287143571837e+01 1.786999873553330419e-03
1.152576288144071981e+01 1.849457153284734612e-03
1.156578289144572302e+01 1.915646578185276365e-03
1.160580290145072446e+01 1.985890329268355341e-03
1.164582291145572768e+01 2.060547820076530368e-03
1.168584292146073089e+01 2.140021190233145840e-03
1.172586293146573233e+01 2.224761798064929259e-03
1.176588294147073555e+01 2.315277930096047189e-03
1.180590295147573698e+01 2.412144000881983903e-03
1.184592296148074020e+01 2.516011588710441362e-03
1.188594297148574341e+01 2.627622746628571065e-03
1.192596298149074485e+01 2.747826151605384584e-03
1.196598299149574807e+01 2.877596817870795454e-03
1.200600300150074951e+01 3.018060318238466322e-03
1.204602301150575272e+01 3.170522750214282027e-03
1.208604302151075416e+01 3.336508081432156773e-03
1.212606303151575737e+01 3.517805053968785754e-03
1.216608304152076059e+01 3.716526581271372993e-03
1.220610305152576203e+01 3.935185625888779071e-03
1.224612306153076524e+01 4.176793036510782937e-03
1.228614307153576668e+01 4.444984953146274495e-03
1.232616308154076989e+01 4.744190470695336566e-03
1.236618309154577311e+01 5.079854763495364120e-03
1.240620310155077455e+01 5.458739565678326876e-03
1.244622311155577776e+01 5.889332957494367374e-03
1.248624312156077920e+01 6.382415715343806549e-03
1.252626313156578242e+01 6.951855087128915901e-03
1.256628314157078563e+01 7.615733686815517184e-03
1.260630315157578707e+01 8.397979246890613717e-03
1.264632316158079028e+01 9.330752975523496501e-03
1.268634317158579172e+01 1.045799979419069145e-02
1.272636318159079494e+01 1.184078969062683610e-02
1.276638319159579815e+01 1.356541123914021228e-02
1.280640320160079959e+01 1.575559240622437240e-02
1.284642321160580281e+01 1.859045879607991794e-02
1.288644322161080424e+01 2.232872749023353393e-02
1.292646323161580746e+01 2.733292132325106788e-02
1.296648324162081067e+01 3.406161867728602771e-02
1.300650325162581211e+01 4.291980508609006401e-02
1.304652326163081533e+01 5.370128549871606288e-02
1.308654327163581677e+01 6.440540459240400029e-02
1.312656328164081998e+01 7.066132357168006251e-02
1.316658329164582319e+01 6.896336008604665724e-02
1.320660330165082463e+01 6.108512951441898153e-02
1.324662331165582785e+01 5.174246675276635010e-02
1.328664332166082929e+01 4.396523048760041241e-02
1.332666333166583250e+01 3.853951344153998954e-02
1.336668334167083572e+01 3.526083538394633732e-02
1.340670335167583715e+01 3.374183518601970438e-02
1.344672336168084037e+01 3.368505481626327125e-02
1.348674337168584181e+01 3.493569665067521035e-02
1.352676338169084502e+01 3.747880023262992882e-02
1.356678339169584824e+01 4.143674912500663887e-02
1.360680340170084968e+01 4.708388401514079086e-02
1.364682341170585289e+01 5.488537584484983606e-02
1.368684342171085433e+01 6.556680663441778745e-02
1.372686343171585754e+01 8.021865002335680506e-02
1.376688344172086076e+01 1.004198428613460176e-01
1.380690345172586220e+01 1.282791565426159852e-01
1.384692346173086541e+01 1.660126018324536712e-01
1.388694347173586685e+01 2.140028743416846069e-01
1.392696348174087007e+01 2.658062477719491667e-01
1.396698349174587328e+01 3.027833636633564529e-01
1.400700350175087472e+01 3.030241448637486790e-01
1.404702351175587793e+01 2.662443721171309230e-01
1.408704352176087937e+01 2.141650320356899562e-01
1.412706353176588259e+01 1.656405333368690669e-01
1.416708354177088580e+01 1.273029159124767218e-01
1.420710355177588724e+01 9.883013469886700597e-02
1.424712356178089045e+01 7.800022848532206510e-02
1.428714357178589189e+01 6.267599908697600586e-02
1.432716358179089511e+01 5.124214207725773240e-02
1.436718359179589832e+01 4.256503160116553025e-02
1.440720360180089976e+01 3.586520903827121465e-02
1.444722361180590298e+01 3.060608431347563649e-02
1.448724362181090441e+01 2.641433566695585919e-02
1.452726363181590763e+01 2.302644449433522908e-02
1.456728364182091084e+01 2.025343739872675214e-02
1.460730365182591228e+01 1.795763185999020572e-02
1.464732366183091550e+01 1.603716669875895201e-02
1.468734367183591694e+01 1.441558213322008571e-02
1.472736368184092015e+01 1.303470144837269411e-02
1.476738369184592337e+01 1.184969677312279306e-02
1.480740370185092480e+01 1.082561913794272829e-02
1.484742371185592802e+01 9.934923996833724957e-03
1.488744372186092946e+01 9.155682977187190597e-03
1.492746373186593267e+01 8.470275143822678793e-03
1.496748374187093589e+01 7.864417731629854205e-03
1.500750375187593733e+01 7.326440211536126325e-03
1.504752376188094054e+01 6.846734851605254350e-03
1.508754377188594198e+01 6.417336732938725384e-03
1.512756378189094519e+01 6.031599725630460568e-03
1.516758379189594841e+01 5.683944309289143577e-03
1.520760380190094985e+01 5.369659691914219213e-03
1.524762381190595306e+01 5.084747332711830881e-03
1.528764382191095450e+01 4.825796303004444704e-03
1.532766383191595772e+01 4.589883324909138987e-03
1.536768384192096093e+01 4.374492082423192194e-03
1.540770385192596237e+01 4.177447691472273468e-03
1.544772386193096558e+01 3.996863174708125376e-03
1.548774387193596702e+01 3.831095504901369051e-03
1.552776388194097024e+01 3.678709322509827497e-03
1.556778389194597167e+01 3.538446844781539206e-03
1.560780390195097489e+01 3.409202799013955759e-03
1.564782391195597810e+01 3.290003455659781719e-03
1.568784392196097954e+01 3.179989025678031135e-03
1.572786393196598276e+01 3.078398834063525696e-03
1.576788394197098420e+01 2.984558797680863206e-03
1.580790395197598741e+01 2.897870827782126572e-03
1.584792396198099063e+01 2.817803851538069893e-03
1.588794397198599206e+01 2.743886206917267676e-03
1.592796398199099528e+01 2.675699214753053147e-03
1.596798399199599672e+01 2.612871773663105485e-03
1.600800400200100171e+01 2.555075860065726939e-03
1.604802401200600315e+01 2.502022849143378889e-03
1.608804402201100459e+01 2.453460605587999208e-03
1.612806403201600602e+01 2.409171328046910265e-03
1.616808404202101102e+01 2.368970171872342937e-03
1.620810405202601245e+01 2.332704725946824036e-03
1.624812406203101389e+01 2.300255488232793352e-03
1.628814407203601888e+01 2.271537582373795144e-03
1.632816408204102032e+01 2.246504101640749065e-03
1.636818409204602176e+01 2.225151684771338022e-03
1.640820410205102675e+01 2.207529266013366458e-03
1.644822411205602819e+01 2.193751471890404217e-03
1.648824412206102963e+01 2.184018975488546954e-03
1.652826413206603107e+01 2.178649439649889361e-03
1.656828414207103606e+01 2.178124711377627844e-03
1.660830415207603750e+01 2.183162838277464581e-03
1.664832416208103893e+01 2.194826821400690936e-03
1.668834417208604393e+01 2.214682641884269197e-03
1.672836418209104536e+01 2.245003821158066647e-03
1.676838419209604680e+01 2.288942184212143342e-03
1.680840420210105179e+01 2.350303943530474438e-03
1.684842421210605323e+01 2.431778266583450084e-03
1.688844422211105467e+01 2.529173779781408293e-03
1.692846423211605611e+01 2.621226846008372236e-03
1.696848424212106110e+01 2.670233733452867606e-03
1.700850425212606254e+01 2.656240319512663539e-03
1.704852426213106398e+01 2.603412231186414457e-03
1.708854427213606897e+01 2.549077567010730322e-03
1.712856428214107041e+01 2.512658299505898894e-03
1.716858429214607185e+01 2.497533498416153967e-03
1.720860430215107328e+01 2.501076262201397827e-03
1.724862431215607828e+01 2.519884596276579340e-03
1.728864432216107971e+01 2.551306767912189279e-03
1.732866433216608115e+01 2.593597517715354964e-03
1.736868434217108614e+01 2.645742664749899629e-03
1.740870435217608758e+01 2.707267130166997153e-03
1.744872436218108902e+01 2.778093211662568257e-03
1.748874437218609401e+01 2.858449022578748219e-03
1.752876438219109545e+01 2.948814728233769850e-03
1.756878439219609689e+01 3.049895569418353998e-03
1.760880440220109833e+01 3.162614185671147951e-03
1.764882441220610332e+01 3.288117773747681501e-03
1.768884442221110476e+01 3.427797831099475920e-03
1.772886443221610620e+01 3.583321849627361510e-03
1.776888444222111119e+01 3.756677597651872803e-03
1.780890445222611262e+01 3.950231770173128626e-03
1.784892446223111406e+01 4.166805972725138273e-03
1.788894447223611905e+01 4.409774392577434955e-03
1.792896448224112049e+01 4.683189277021796056e-03
1.796898449224612193e+01 4.991942700776608698e-03
1.800900450225112337e+01 5.341976363993626055e-03
1.804902451225612836e+01 5.740555754672647774e-03
1.808904452226112980e+01 6.196631584735457290e-03
1.812906453226613124e+01 6.721320957501796846e-03
1.816908454227113623e+01 7.328554776219181090e-03
1.820910455227613767e+01 8.035958856292669747e-03
1.824912456228113911e+01 8.866067859823838909e-03
1.828914457228614410e+01 9.848019622344496640e-03
1.832916458229114554e+01 1.101995253065859819e-02
1.836918459229614697e+01 1.243244629928425861e-02
1.840920460230114841e+01 1.415353255732037380e-02
1.844922461230615340e+01 1.627609688749362751e-02
1.848924462231115484e+01 1.892895939091127772e-02
1.852926463231615628e+01 2.229363461549970643e-02
1.856928464232116127e+01 2.662978343391410666e-02
1.860930465232616271e+01 3.231348895710429298e-02
1.864932466233116415e+01 3.989248496859471027e-02
1.868934467233616914e+01 5.015630332614542247e-02
1.872936468234117058e+01 6.418946727517214901e-02
1.876938469234617202e+01 8.327017751995137440e-02
1.880940470235117346e+01 1.081869939578909423e-01
1.884942471235617845e+01 1.371185189252838998e-01
1.888944472236117988e+01 1.621679930234698197e-01
1.892946473236618132e+01 1.704023204825767523e-01
1.896948474237118631e+01 1.562438656315365548e-01
1.900950475237618775e+01 1.288747274404957177e-01
1.904952476238118919e+01 1.006013745326184011e-01
1.908954477238619418e+01 7.732146070704340457e-02
1.912956478239119562e+01 5.979126181812946528e-02
1.916958479239619706e+01 4.695007686386751949e-02
1.920960480240119850e+01 3.754286297508006159e-02
1.924962481240620349e+01 3.056921179763435331e-02
1.928964482241120493e+01 2.531508861934358631e-02
1.932966483241620637e+01 2.128780401069730113e-02
1.936968484242121136e+01 1.814890399000780585e-02
1.940970485242621280e+01 1.566399620265536419e-02
1.944972486243121423e+01 1.366855556437773095e-02
1.948974487243621923e+01 1.204529680189365265e-02
1.952976488244122066e+01 1.070927190057453446e-02
1.956978489244622210e+01 9.597993066885069507e-03
1.960980490245122354e+01 8.664811237415701375e-03
1.964982491245622853e+01 7.874415920346732045e-03
1.968984492246122997e+01 7.199732157430943635e-03
1.972986493246623141e+01 6.619749606512992032e-03
1.976988494247123640e+01 6.117982154487177499e-03
1.980990495247623784e+01 5.681360043058598236e-03
1.984992496248123928e+01 5.299422767881819575e-03
1.988994497248624427e+01 4.963723922285866348e-03
1.992996498249124571e+01 4.667387291112017576e-03
1.996998499249624714e+01 4.404772186030745003e-03
2.001000500250124858e+01 4.171218584367820600e-03
2.005002501250625357e+01 3.962851196824936431e-03
2.009004502251125501e+01 3.776427494053713908e-03
2.013006503251625645e+01 3.609218840952867647e-03
2.017008504252126144e+01 3.458916792951710183e-03
2.021010505252626288e+01 3.323558679790528016e-03
2.025012506253126432e+01 3.201468093879865535e-03
2.029014507253626931e+01 3.091206984816310954e-03
2.033016508254127075e+01 2.991536857385766919e-03
2.037018509254627219e+01 2.901387159369226212e-03
2.041020510255127363e+01 2.819829385026620654e-03
2.045022511255627862e+01 2.746055750771021157e-03
2.049024512256128006e+01 2.679361550122467007e-03
2.053026513256628149e+01 2.619130486295395341e-03
2.057028514257128649e+01 2.564822427766205292e-03
2.061030515257628792e+01 2.515963145874737603e-03
2.065032516258128936e+01 2.472135682024801523e-03
2.069034517258629080e+01 2.432973061362118678e-03
2.073036518259129579e+01 2.398152124401838840e-03
2.077038519259629723e+01 2.367388291319147842e-03
2.081040520260129867e+01 2.340431108052611585e-03
2.085042521260630366e+01 2.317060450939978193e-03
2.089044522261130510e+01 2.297083288795289877e-03
2.093046523261630654e+01 2.280330919288558588e-03
2.097048524262131153e+01 2.266656611091525612e-03
2.101050525262631297e+01 2.255933595195625321e-03
2.105052526263131440e+01 2.248053358632940042e-03
2.109054527263631584e+01 2.242924201964323176e-03
2.113056528264132083e+01 2.240470028679465968e-03
2.117058529264632227e+01 2.240629340352147131e-03
2.121060530265132371e+01 2.243354416227739262e-03
2.125062531265632870e+01 2.248610660066083667e-03
2.129064532266133014e+01 2.256376100666314301e-03
2.133066533266633158e+01 2.266641035681843126e-03
2.137068534267133657e+01 2.279407811196018999e-03
2.141070535267633801e+01 2.294690732160249366e-03
2.145072536268133945e+01 2.312516101275548849e-03
2.149074537268634089e+01 2.332922386297475639e-03
2.153076538269134588e+01 2.355960518132007176e-03
2.157078539269634732e+01 2.381694324533938523e-03
2.161080540270134875e+01 2.410201106789674162e-03
2.165082541270635375e+01 2.441572369537593160e-03
2.169084542271135518e+01 2.475914716933989672e-03
2.173086543271635662e+01 2.513350931805105430e-03
2.177088544272136161e+01 2.554021258345116202e-03
2.181090545272636305e+01 2.598084913456579544e-03
2.185092546273136449e+01 2.645721857140197111e-03
2.189094547273636593e+01 2.697134858615805094e-03
2.193096548274137092e+01 2.752551902332013144e-03
2.197098549274637236e+01 2.812228986989467969e-03
2.201100550275137380e+01 2.876453381527933548e-03
2.205102551275637879e+01 2.945547415169151410e-03
2.209104552276138023e+01 3.019872894647469656e-03
2.213106553276638166e+01 3.099836261437688683e-03
2.217108554277138666e+01 3.185894626050410176e-03
2.221110555277638809e+01 3.278562846526950590e-03
2.225112556278138953e+01 3.378421855702352233e-03
2.229114557278639097e+01 3.486128488664018334e-03
2.233116558279139596e+01 3.602427120795197255e-03
2.237118559279639740e+01 3.728163501383476887e-03
2.241120560280139884e+01 3.864301262667831170e-03
2.245122561280640383e+01 4.011941705622234025e-03
2.249124562281140527e+01 4.172347620092219621e-03
2.253126563281640671e+01 4.346972099416332100e-03
2.257128564282141170e+01 4.537493573769874576e-03
2.261130565282641314e+01 4.745858633289241728e-03
2.265132566283141458e+01 4.974334670793818455e-03
2.269134567283641601e+01 5.225574985385584084e-03
2.273136568284142101e+01 5.502699809751565932e-03
2.277138569284642244e+01 5.809397837111367202e-03
2.281140570285142388e+01 6.150054345309344771e-03
2.285142571285642887e+01 6.529914114827495113e-03
2.289144572286143031e+01 6.955290262276547092e-03
2.293146573286643175e+01 7.433834227863060293e-03
2.297148574287143674e+01 7.974888013138713497e-03
2.301150575287643818e+01 8.589948194781902441e-03
2.305152576288143962e+01 9.293283514100388401e-03
2.309154577288644106e+01 1.010276593418476046e-02
2.313156578289144605e+01 1.104100206460370895e-02
2.317158579289644749e+01 1.213689269351345655e-02
2.321160580290144893e+01 1.342781072238917461e-02
2.325162581290645392e+01 1.496268481012476628e-02
2.329164582291145535e+01 1.680642816435422987e-02
2.333166583291645679e+01 1.904639251910411960e-02
2.337168584292146178e+01 2.180190909367589469e-02
2.341170585292646322e+01 2.523857971076927387e-02
2.345172586293146466e+01 2.958990131027671583e-02
2.349174587293646610e+01 3.519010256190348296e-02
2.353176588294147109e+01 4.252346978748960948e-02
2.357178589294647253e+01 5.229525975935651189e-02
2.361180590295147397e+01 6.552073772631411552e-02
2.365182591295647896e+01 8.358843912415805932e-02
2.369184592296148040e+01 1.081122026388256080e-01
2.373186593296648184e+01 1.400048251791155551e-01
2.377188594297148683e+01 1.766799770695766658e-01
2.381190595297648827e+01 2.076979838001041245e-01
2.385192596298148970e+01 2.167229355919213507e-01
2.389194597298649114e+01 1.976582253031417824e-01
2.393196598299149613e+01 1.627845742142863261e-01
2.397198599299649757e+01 1.273784260905851118e-01
2.401200600300149901e+01 9.844768128328594547e-02
2.405202601300650400e+01 7.674257407894825855e-02
2.409204602301150544e+01 6.087938272351935826e-02
2.413206603301650688e+01 4.928353636924670544e-02
2.417208604302150832e+01 4.071156873451500097e-02
2.421210605302651331e+01 3.427871622921881134e-02
2.425212606303151475e+01 2.937508028710065361e-02
2.429214607303651619e+01 2.558177041474913802e-02
2.433216608304152118e+01 2.260869065683401846e-02
2.437218609304652261e+01 2.025224878774584472e-02
2.441220610305152405e+01 1.836739218448326522e-02
2.445222611305652904e+01 1.684919065984670158e-02
2.449224612306153048e+01 1.562062675656632031e-02
2.453226613306653192e+01 1.462440813948182039e-02
2.457228614307153336e+01 1.381740249580146879e-02
2.461230615307653835e+01 1.316680126532168878e-02
2.465232616308153979e+01 1.264743824183307830e-02
2.469234617308654123e+01 1.223989068681466397e-02
2.473236618309154622e+01 1.192911845271108634e-02
2.477238619309654766e+01 1.170347850776162595e-02
2.481240620310154910e+01 1.155400534692068923e-02
2.485242621310655409e+01 1.147388265296595683e-02
2.489244622311155553e+01 1.145805481043314471e-02
2.493246623311655696e+01 1.150294258985896587e-02
2.497248624312155840e+01 1.160623812067890399e-02
2.501250625312656339e+01 1.176676183460625448e-02
2.505252626313156483e+01 1.198436948153139281e-02
2.509254627313656627e+01 1.225990132484421763e-02
2.513256628314157126e+01 1.259516870966424958e-02
2.517258629314657270e+01 1.299297571844845560e-02
2.521260630315157414e+01 1.345717584921539249e-02
2.525262631315657913e+01 1.399276579004826888e-02
2.529264632316158057e+01 1.460602062044617962e-02
2.533266633316658201e+01 1.530467735603311188e-02
2.537268634317158345e+01 1.609817691627511357e-02
2.541270635317658844e+01 1.699797865490767709e-02
2.545272636318158987e+01 1.801796698716017289e-02
2.549274637318659131e+01 1.917497699911464154e-02
2.553276638319159630e+01 2.048947614264376785e-02
2.557278639319659774e+01 2.198645356131666284e-02
2.561280640320159918e+01 2.369658931506237604e-02
2.565282641320660417e+01 2.565780593543806609e-02
2.569284642321160561e+01 2.791734926782982879e-02
2.573286643321660705e+01 3.053461216981815177e-02
2.577288644322160849e+01 3.358501554220124502e-02
2.581290645322661348e+01 3.716541558755723229e-02
2.585292646323161492e+01 4.140174375572660409e-02
2.589294647323661636e+01 4.645994953527374932e-02
2.593296648324162135e+01 5.256185805787890603e-02
2.597298649324662279e+01 6.000829694004741061e-02
2.601300650325162422e+01 6.921261556767663303e-02
2.605302651325662922e+01 8.074753271459036985e-02
2.609304652326163065e+01 9.540332873597413832e-02
2.613306653326663209e+01 1.142338657021937098e-01
2.617308654327163353e+01 1.385020118230751163e-01
2.621310655327663852e+01 1.693263368963388027e-01
2.625312656328163996e+01 2.069977879986204805e-01
2.629314657328664140e+01 2.512882762434822115e-01
2.633316658329164639e+01 3.047518852907213915e-01
2.637318659329664783e+01 3.751528424897230818e-01
2.641320660330164927e+01 4.712453979380695768e-01
2.645322661330665426e+01 5.937100096105002445e-01
2.649324662331165570e+01 7.208812720711802458e-01
2.653326663331665713e+01 7.990283329646677979e-01
2.657328664332165857e+01 7.770026866670508570e-01
2.661330665332666356e+01 6.679171308684312969e-01
2.665332666333166500e+01 5.311184107859612258e-01
2.669334667333666644e+01 4.092704496021181693e-01
2.673336668334167143e+01 3.146770579456739103e-01
2.677338669334667287e+01 2.447900937401724097e-01
2.681340670335167431e+01 1.936485304772522786e-01
2.685342671335667930e+01 1.559268658485459813e-01
2.689344672336168074e+01 1.276850441769399602e-01
2.693346673336668218e+01 1.061755158040120911e-01
2.697348674337168362e+01 8.951020915644065934e-02
2.701350675337668861e+01 7.638685781789930629e-02
2.705352676338169005e+01 6.589673129296322318e-02
2.709354677338669148e+01 5.739621000515231219e-02
2.713356678339169648e+01 5.042215300087821150e-02
2.717358679339669791e+01 4.463599457533880960e-02
2.721360680340169935e+01 3.978646108691182015e-02
2.725362681340670434e+01 3.568438248260229206e-02
2.729364682341170578e+01 3.218543047858711537e-02
2.733366683341670722e+01 2.917811524247478430e-02
2.737368684342170866e+01 2.657531812113918257e-02
2.741370685342671365e+01 2.430823561750217188e-02
2.745372686343171509e+01 2.232199057421217075e-02
2.749374687343671653e+01 2.057241175582538717e-02
2.753376688344172152e+01 1.902364292581330135e-02
2.757378689344672296e+01 1.764634813029567276e-02
2.761380690345172439e+01 1.641635056692959671e-02
2.765382691345672583e+01 1.531359030661715373e-02
2.769384692346173082e+01 1.432131899546522716e-02
2.773386693346673226e+01 1.342547248622789034e-02
2.777388694347173370e+01 1.261417838798169558e-02
2.781390695347673869e+01 1.187736693075176070e-02
2.785392696348174013e+01 1.120646175828199885e-02
2.789394697348674157e+01 1.059413326654824045e-02
2.793396698349174656e+01 1.003410157807209380e-02
2.797398699349674800e+01 9.520979670536370079e-03
2.801400700350174944e+01 9.050149932788600221e-03
2.805402701350675088e+01 8.617669809661332447e-03
2.809404702351175587e+01 8.220204506501866543e-03
2.813406703351675731e+01 7.854987243278639328e-03
2.817408704352175874e+01 7.519810513515108076e-03
2.821410705352676374e+01 7.213055069396668434e-03
2.825412706353176517e+01 6.933765065335256890e-03
2.829414707353676661e+01 6.681769685745393358e-03
2.833416708354177160e+01 6.457803800490879986e-03
2.837418709354677304e+01 6.263399458512439177e-03
2.841420710355177448e+01 6.099784176369809838e-03
2.845422711355677592e+01 5.964008391130960762e-03
2.849424712356178091e+01 5.841180609868185970e-03
2.853426713356678235e+01 5.701961196632063245e-03
2.857428714357178379e+01 5.525366121381438192e-03
2.861430715357678878e+01 5.324963634833861092e-03
2.865432716358179022e+01 5.130623718941740297e-03
2.869434717358679165e+01 4.960394926470121889e-03
2.873436718359179665e+01 4.818751739760768725e-03
2.877438719359679808e+01 4.704689808316625185e-03
2.881440720360179952e+01 4.616614187336123831e-03
2.885442721360680096e+01 4.554001189672324083e-03
2.889444722361180595e+01 4.517815890815588507e-03
2.893446723361680739e+01 4.510678265400371555e-03
2.897448724362180883e+01 4.537131384642739337e-03
2.901450725362681382e+01 4.604154147955265286e-03
2.905452726363181526e+01 4.722035363319465086e-03
2.909454727363681670e+01 4.905774320520952560e-03
2.913456728364182169e+01 5.177257955255767929e-03
2.917458729364682313e+01 5.568549555979725695e-03
2.921460730365182457e+01 6.126568051285540689e-03
2.925462731365682600e+01 6.918701270301362213e-03
2.929464732366183100e+01 8.035665406548694878e-03
2.933466733366683243e+01 9.577065648085169788e-03
2.937468734367183387e+01 1.157775156692630175e-02
2.941470735367683886e+01 1.380567938753402349e-02
2.945472736368184030e+01 1.550508217265705348e-02
2.949474737368684174e+01 1.567648208757821057e-02
2.953476738369184673e+01 1.415864589074222052e-02
2.957478739369684817e+01 1.184630194462546644e-02
2.961480740370184961e+01 9.623640375551658493e-03
2.965482741370685105e+01 7.837115544098022246e-03
2.969484742371185604e+01 6.493931371722233385e-03
2.973486743371685748e+01 5.499736252050799364e-03
2.977488744372185892e+01 4.758521959476989110e-03
2.981490745372686391e+01 4.196577453336293798e-03
2.985492746373186534e+01 3.761903031178842095e-03
2.989494747373686678e+01 3.418697488522054462e-03
2.993496748374187177e+01 3.142320051906480945e-03
2.997498749374687321e+01 2.915640118692931944e-03
3.001500750375187465e+01 2.726575059518929461e-03
3.005502751375687609e+01 2.566465056725995408e-03
3.009504752376188108e+01 2.429001862975478480e-03
3.013506753376688252e+01 2.309517082821464177e-03
3.017508754377188396e+01 2.204503527271166850e-03
3.021510755377688895e+01 2.111288775660226814e-03
3.025512756378189039e+01 2.027809274196953112e-03
3.029514757378689183e+01 1.952451726147173654e-03
3.033516758379189682e+01 1.883940152666209933e-03
3.037518759379689826e+01 1.821254385257265775e-03
3.041520760380189969e+01 1.763570486941219229e-03
3.045522761380690113e+01 1.710216674388651556e-03
3.049524762381190612e+01 1.660640335555338193e-03
3.053526763381690756e+01 1.614383084550423788e-03
3.057528764382190900e+01 1.571061704459702927e-03
3.061530765382691399e+01 1.530353449854714816e-03
3.065532766383191543e+01 1.491984610105152398e-03
3.069534767383691687e+01 1.455721534944892518e-03
3.073536768384192186e+01 1.421363536133801774e-03
3.077538769384692330e+01 1.388737230843280169e-03
3.081540770385192474e+01 1.357692001957188288e-03
3.085542771385692618e+01 1.328096330322400907e-03
3.089544772386193117e+01 1.299834812696146202e-03
3.093546773386693260e+01 1.272805722686588424e-03
3.097548774387193404e+01 1.246919004551397215e-03
3.101550775387693903e+01 1.222094614267286950e-03
3.105552776388194047e+01 1.198261140925881586e-03
3.109554777388694191e+01 1.175354655771064169e-03
3.113556778389194335e+01 1.153317747176595826e-03
3.117558779389694834e+01 1.132098708379906385e-03
3.121560780390194978e+01 1.111650851436540681e-03
3.125562781390695122e+01 1.091931926083552487e-03
3.129564782391195621e+01 1.072903626332296625e-03
3.133566783391695765e+01 1.054531170901969054e-03
3.137568784392195909e+01 1.036782946246133080e-03
3.141570785392696408e+01 1.019630203061334993e-03
3.145572786393196552e+01 1.003046798912924590e-03
3.149574787393696695e+01 9.870089810570185484e-04
3.153576788394196839e+01 9.714952047494912956e-04
3.157578789394697338e+01 9.564859833698313935e-04
3.161580790395197482e+01 9.419637675971914096e-04
3.165582791395697626e+01 9.279128516987878057e-04
3.169584792396198125e+01 9.143193057640834577e-04
3.173586793396698269e+01 9.011709334774180508e-04
3.177588794397198413e+01 8.884572558034920442e-04
3.181590795397698912e+01 8.761695218044902346e-04
3.185592796398199056e+01 8.643007487612219993e-04
3.189594797398699200e+01 8.528457948908554735e-04
3.193596798399199344e+01 8.418014693135958924e-04
3.197598799399699843e+01 8.311666856156785330e-04
3.201600800400200342e+01 8.209426675149927854e-04
3.205602801400700486e+01 8.111332179338462227e-04
3.209604802401200629e+01 8.017450664638184734e-04
3.213606803401700773e+01 7.927883151109171769e-04
3.217608804402200917e+01 7.842770088181829453e-04
3.221610805402701061e+01 7.762298662700128872e-04
3.225612806403201205e+01 7.686712188912456917e-04
3.229614807403702059e+01 7.616322232353236066e-04
3.233616808404202203e+01 7.551524362896610111e-04
3.237618809404702347e+01 7.492818778814521819e-04
3.241620810405202491e+01 7.440837543034200564e-04
3.245622811405702635e+01 7.396380901129754942e-04
3.249624812406202778e+01 7.360466226293396535e-04
3.253626813406702922e+01 7.334394745843862305e-04
3.257628814407203777e+01 7.319843642979255698e-04
3.261630815407703921e+01 7.318994872336886644e-04
3.265632816408204064e+01 7.334717848508797875e-04
3.269634817408704208e+01 7.370832311449534687e-04
3.273636818409204352e+01 7.432492150294710883e-04
3.277638819409704496e+01 7.526753922241422295e-04
3.281640820410205350e+01 7.663429810377585596e-04
3.285642821410705494e+01 7.856379174143280448e-04
3.289644822411205638e+01 8.125466826510058553e-04
3.293646823411705782e+01 8.499485489024973493e-04
3.297648824412205926e+01 9.020276934752391625e-04
3.301650825412706070e+01 9.747597177526749583e-04
3.305652826413206213e+01 1.076130104777314874e-03
3.309654827413707068e+01 1.214755211015088520e-03
3.313656828414207212e+01 1.393138317563506886e-03
3.317658829414707355e+01 1.589625916419495520e-03
3.321660830415207499e+01 1.736894245838519792e-03
3.325662831415707643e+01 1.749979194845802284e-03
3.329664832416207787e+01 1.620349088306057223e-03
3.333666833416707931e+01 1.427698226201583320e-03
3.337668834417208785e+01 1.246702683459655330e-03
3.341670835417708929e+01 1.105653660093589225e-03
3.345672836418209073e+01 1.004877641461036355e-03
3.349674837418709217e+01 9.367523562315153204e-04
3.353676838419209361e+01 8.939321289606220805e-04
3.357678839419709504e+01 8.713355570399167888e-04
3.361680840420210359e+01 8.661928989391282172e-04
3.365682841420710503e+01 8.777812095791361676e-04
3.369684842421210647e+01 9.073204136381873754e-04
3.373686843421710790e+01 9.581523457886590833e-04
3.377688844422210934e+01 1.036232301651929559e-03
3.381690845422711078e+01 1.150860962714874694e-03
3.385692846423211222e+01 1.315172277503373448e-03
3.389694847423712076e+01 1.544450815140407593e-03
3.393696848424212220e+01 1.846510301484457833e-03
3.397698849424712364e+01 2.193403755321610832e-03
3.401700850425212508e+01 2.479395924899988751e-03
3.405702851425712652e+01 2.545769680804934373e-03
3.409704852426212796e+01 2.341424544752235878e-03
3.413706853426712939e+01 1.991216283498867257e-03
3.417708854427213794e+01 1.641188740077001440e-03
3.421710855427713938e+01 1.355769211334959022e-03
3.425712856428214081e+01 1.140545948451313768e-03
3.429714857428714225e+01 9.816732111615840591e-04
3.433716858429214369e+01 8.638919816241036028e-04
3.437718859429714513e+01 7.752415107979931767e-04
3.441720860430214657e+01 7.072274713990521142e-04
3.445722861430715511e+01 6.539928142595881908e-04
3.449724862431215655e+01 6.115092171072478589e-04
3.453726863431715799e+01 5.769809916073087921e-04
3.457728864432215943e+01 5.484406539818367570e-04
3.461730865432716087e+01 5.244815716258889116e-04
3.465732866433216230e+01 5.040817900166207803e-04
3.469734867433717085e+01 4.864871211251301820e-04
3.473736868434217229e+01 4.711326376573416169e-04
3.477738869434717373e+01 4.575892201147859894e-04
3.481740870435217516e+01 4.455266275089030375e-04
3.485742871435717660e+01 4.346876100019900083e-04
3.489744872436217804e+01 4.248695035303528579e-04
3.493746873436717948e+01 4.159109656177199191e-04
3.497748874437218802e+01 4.076822926748129104e-04
3.501750875437718946e+01 4.000782654603364931e-04
3.505752876438219090e+01 3.930128018559927213e-04
3.509754877438719234e+01 3.864149172477028310e-04
3.513756878439219378e+01 3.802256417901908559e-04
3.517758879439719522e+01 3.743956454700201209e-04
3.521760880440219665e+01 3.688833920633831408e-04
3.525762881440720520e+01 3.636536921110995746e-04
3.529764882441220664e+01 3.586765596634882889e-04
3.533766883441720807e+01 3.539263022695032226e-04
3.537768884442220951e+01 3.493807915116694585e-04
3.541770885442721095e+01 3.450208743675003053e-04
3.545772886443221239e+01 3.408298952143107340e-04
3.549774887443722093e+01 3.367933053619165786e-04
3.553776888444222237e+01 3.328983422791615939e-04
3.557778889444722381e+01 3.291337646580091199e-04
3.561780890445222525e+01 3.254896324774214970e-04
3.565782891445722669e+01 3.219571235360941630e-04
3.569784892446222813e+01 3.185283796981775188e-04
3.573786893446722956e+01 3.151963774708389917e-04
3.577788894447223811e+01 3.119548186038209885e-04
3.581790895447723955e+01 3.087980372409464313e-04
3.585792896448224099e+01 3.057209208155782401e-04
3.589794897448724242e+01 3.027188424068282652e-04
3.593796898449224386e+01 2.997876026914084798e-04
3.597798899449724530e+01 2.969233799608338360e-04
3.601800900450224674e+01 2.941226869430429904e-04
3.605802901450725528e+01 2.913823333852229346e-04
3.609804902451225672e+01 2.886993935313685792e-04
3.613806903451725816e+01 2.860711777721885096e-04
3.617808904452225960e+01 2.834952078629346373e-04
3.621810905452726104e+01 2.809691952016433688e-04
3.625812906453226248e+01 2.784910217402392888e-04
3.629814907453727102e+01 2.760587231671424667e-04
3.633816908454227246e+01 2.736704740550131810e-04
3.637818909454727390e+01 2.713245747131032043e-04
3.641820910455227533e+01 2.690194395220345518e-04
3.645822911455727677e+01 2.667535865609716133e-04
3.649824912456227821e+01 2.645256283642375881e-04
3.653826913456727965e+01 2.623342636672563490e-04
3.657828914457228819e+01 2.601782700210450894e-04
3.661830915457728963e+01 2.580564971708931019e-04
3.665832916458229107e+01 2.559678611088201652e-04
3.669834917458729251e+01 2.539113387213381436e-04
3.673836918459229395e+01 2.518859629642201145e-04
3.677838919459729539e+01 2.498908185047252683e-04
3.681840920460229682e+01 2.479250377792412380e-04
3.685842921460730537e+01 2.459877974207727797e-04
3.689844922461230681e+01 2.440783150162976101e-04
3.693846923461730825e+01 2.421958461588334384e-04
3.697848924462230968e+01 2.403396817632675350e-04
3.701850925462731112e+01 2.385091456186267246e-04
3.705852926463231256e+01 2.367035921526429464e-04
3.709854927463732110e+01 2.349224043872336716e-04
3.713856928464232254e+01 2.331649920659347515e-04
3.717858929464732398e+01 2.314307899364301767e-04
3.721860930465232542e+01 2.297192561731933359e-04
3.725862931465732686e+01 2.280298709268700188e-04
3.729864932466232830e+01 2.263621349884776157e-04
3.733866933466732974e+01 2.247155685577548916e-04
3.737868934467233828e+01 2.230897101061151495e-04
3.741870935467733972e+01 2.214841153256455811e-04
3.745872936468234116e+01 2.198983561564614203e-04
3.749874937468734259e+01 2.183320198855143602e-04
3.753876938469234403e+01 2.167847083106279001e-04
3.757878939469734547e+01 2.152560369641580667e-04
3.761880940470234691e+01 2.137456343912155787e-04
3.765882941470735545e+01 2.122531414778796254e-04
3.769884942471235689e+01 2.107782108252642629e-04
3.773886943471735833e+01 2.093205061656877412e-04
3.777888944472235977e+01 2.078797018175496385e-04
3.781890945472736121e+01 2.064554821758244425e-04
3.785892946473236265e+01 2.050475412353698124e-04
3.789894947473736408e+01 2.036555821444935137e-04
3.793896948474237263e+01 2.022793167864542522e-04
3.797898949474737407e+01 2.009184653867760893e-04
3.801900950475237551e+01 1.995727561444353610e-04
3.805902951475737694e+01 1.982419248851571641e-04
3.809904952476237838e+01 1.969257147351959438e-04
3.813906953476737982e+01 1.956238758141210356e-04
3.817908954477238836e+01 1.943361649452472165e-04
3.821910955477738980e+01 1.930623453824636254e-04
3.825912956478239124e+01 1.918021865523147516e-04
3.829914957478739268e+01 1.905554638102832784e-04
3.833916958479239412e+01 1.893219582103038807e-04
3.837918959479739556e+01 1.881014562866184948e-04
3.841920960480239700e+01 1.868937498471487163e-04
3.845922961480740554e+01 1.856986357776287144e-04
3.849924962481240698e+01 1.845159158557991631e-04
3.853926963481740842e+01 1.833453965750116946e-04
3.857928964482240985e+01 1.821868889766505733e-04
3.861930965482741129e+01 1.810402084908140107e-04
3.865932966483241273e+01 1.799051747847433527e-04
3.869934967483741417e+01 1.787816116185249587e-04
3.873936968484242271e+01 1.776693467076222838e-04
3.877938969484742415e+01 1.765682115918304766e-04
3.881940970485242559e+01 1.754780415102694677e-04
3.885942971485742703e+01 1.743986752820649998e-04
3.889944972486242847e+01 1.733299551923854812e-04
3.893946973486742991e+01 1.722717268835295137e-04
3.897948974487243845e+01 1.712238392507761848e-04
3.901950975487743989e+01 1.701861443427338510e-04
3.905952976488244133e+01 1.691584972659347641e-04
3.909954977488744277e+01 1.681407560934473184e-04
3.913956978489244420e+01 1.671327817772856605e-04
3.917958979489744564e+01 1.661344380644132679e-04
3.921960980490244708e+01 1.651455914161523034e-04
3.925962981490745562e+01 1.641661109308186622e-04
3.929964982491245706e+01 1.631958682694171516e-04
3.933966983491745850e+01 1.622347375842378870e-04
3.937968984492245994e+01 1.612825954502106554e-04
3.941970985492746138e+01 1.603393207988756204e-04
3.945972986493246282e+01 1.594047948548437082e-04
3.949974987493746426e+01 1.584789010746220721e-04
3.953976988494247280e+01 1.575615250876926917e-04
3.957978989494747424e+01 1.566525546397347921e-04
3.961980990495247568e+01 1.557518795378888706e-04
3.965982991495747711e+01 1.548593915979685457e-04
3.969984992496247855e+01 1.539749845935281275e-04
3.973986993496747999e+01 1.530985542067016660e-04
3.977988994497248854e+01 1.522299979807332181e-04
3.981990995497748997e+01 1.513692152741219000e-04
3.985992996498249141e+01 1.505161072163095680e-04
3.989994997498749285e+01 1.496705766648448314e-04
3.993996998499249429e+01 1.488325281639576384e-04
3.997998999499749573e+01 1.480018679044849692e-04
4.002001000500249717e+01 1.471785036850885168e-04
4.006003001500750571e+01 1.463623448747111515e-04
4.010005002501250715e+01 1.455533023762211014e-04
4.014007003501750859e+01 1.447512885911922138e-04
4.018009004502251003e+01 1.439562173857763334e-04
4.022011005502751146e+01 1.431680040576226143e-04
4.026013006503251290e+01 1.423865653038018588e-04
4.030015007503751434e+01 1.416118191896961493e-04
4.034017008504252289e+01 1.408436851188153650e-04
4.038019009504752432e+01 1.400820838035056980e-04
4.042021010505252576e+01 1.393269372365140389e-04
4.046023011505752720e+01 1.385781686633773323e-04
4.050025012506252864e+01 1.378357025556049983e-04
4.054027013506753008e+01 1.370994645846243889e-04
4.058029014507253862e+01 1.363693815964614692e-04
4.062031015507754006e+01 1.356453815871301865e-04
4.066033016508254150e+01 1.349273936787033425e-04
4.070035017508754294e+01 1.342153480960417390e-04
4.074037018509254438e+01 1.335091761441578790e-04
4.078039019509754581e+01 1.328088101861911593e-04
4.082041020510254725e+01 1.321141836219737891e-04
4.086043021510755580e+01 1.314252308671663499e-04
4.090045022511255723e+01 1.307418873329445623e-04
4.094047023511755867e+01 1.300640894062157413e-04
4.098049024512256011e+01 1.293917744303513576e-04
4.102051025512756155e+01 1.287248806864136979e-04
4.106053026513256299e+01 1.280633473748640999e-04
4.110055027513756443e+01 1.274071145977340072e-04
4.114057028514257297e+01 1.267561233412456954e-04
4.118059029514757441e+01 1.261103154588674128e-04
4.122061030515257585e+01 1.254696336547882142e-04
4.126063031515757729e+01 1.248340214678005100e-04
4.130065032516257872e+01 1.242034232555769117e-04
4.134067033516758016e+01 1.235777841793281480e-04
4.138069034517258160e+01 1.229570501888316151e-04
4.142071035517759015e+01 1.223411680078181744e-04
4.146073036518259158e+01 1.217300851197069932e-04
4.150075037518759302e+01 1.211237497536765006e-04
4.154077038519259446e+01 1.205221108710630449e-04
4.158079039519759590e+01 1.199251181520767737e-04
4.162081040520259734e+01 1.193327219828241271e-04
4.166083041520760588e+01 1.187448734426305868e-04
4.170085042521260732e+01 1.181615242916522166e-04
4.174087043521760876e+01 1.175826269587689317e-04
4.178089044522261020e+01 1.170081345297515712e-04
4.182091045522761164e+01 1.164380007356942599e-04
4.186093046523261307e+01 1.158721799417050820e-04
4.190095047523761451e+01 1.153106271358474632e-04
4.194097048524262306e+01 1.147532979183252131e-04
4.198099049524762449e+01 1.142001484909052248e-04
4.202101050525262593e+01 1.136511356465696331e-04
4.206103051525762737e+01 1.131062167593931876e-04
4.210105052526262881e+01 1.125653497746380901e-04
4.214107053526763025e+01 1.120284931990614169e-04
4.218109054527263169e+01 1.114956060914285940e-04
4.222111055527764023e+01 1.109666480532284656e-04
4.226113056528264167e+01 1.104415792195835599e-04
4.230115057528764311e+01 1.099203602503510122e-04
4.234117058529264455e+01 1.094029523214091570e-04
4.238119059529764598e+01 1.088893171161246944e-04
4.242121060530264742e+01 1.083794168169959307e-04
4.246123061530765597e+01 1.078732140974676755e-04
4.250125062531265741e+01 1.073706721139135124e-04
4.254127063531765884e+01 1.068717544977800904e-04
4.258129064532266028e+01 1.063764253478914428e-04
4.262131065532766172e+01 1.058846492229073588e-04
4.266133066533266316e+01 1.053963911339328782e-04
4.270135067533766460e+01 1.049116165372754149e-04
4.274137068534267314e+01 1.044302913273449125e-04
4.278139069534767458e+01 1.039523818296948120e-04
4.282141070535267602e+01 1.034778547941990994e-04
4.286143071535767746e+01 1.030066773883628865e-04
4.290145072536267890e+01 1.025388171907637202e-04
4.294147073536768033e+01 1.020742421846192953e-04
4.298149074537268177e+01 1.016129207514794846e-04
4.302151075537769032e+01 1.011548216650394889e-04
4.306153076538269175e+01 1.006999140850716384e-04
4.310155077538769319e+01 1.002481675514716727e-04
4.314157078539269463e+01 9.979955197841891622e-05
4.318159079539769607e+01 9.935403764864612062e-05
4.322161080540269751e+01 9.891159520781702276e-05
4.326163081540770605e+01 9.847219565900907018e-05
4.330165082541270749e+01 9.803581035729925434e-05
4.334167083541770893e+01 9.760241100444967677e-05
4.338169084542271037e+01 9.717196964369208940e-05
4.342171085542771181e+01 9.674445865460798021e-05
4.346173086543271324e+01 9.631985074810249655e-05
4.350175087543771468e+01 9.589811896147043080e-05
4.354177088544272323e+01 9.547923665355134096e-05
4.358179089544772467e+01 9.506317749997322353e-05
4.362181090545272610e+01 9.464991548848094378e-05
4.366183091545772754e+01 9.423942491434958630e-05
4.370185092546272898e+01 9.383168037587933741e-05
4.374187093546773042e+01 9.342665676997086968e-05
4.378189094547273186e+01 9.302432928777945305e-05
4.382191095547774040e+01 9.262467341044548861e-05
4.386193096548274184e+01 9.222766490490118057e-05
4.390195097548774328e+01 9.183327981974979547e-05
4.394197098549274472e+01 9.144149448121805088e-05
4.398199099549774616e+01 9.105228548917840802e-05
4.402201100550274759e+01 9.066562971324082108e-05
4.406203101550775614e+01 9.028150428891184263e-05
4.410205102551275758e+01 8.989988661382066490e-05
4.414207103551775901e+01 8.952075434400896640e-05
4.418209104552276045e+01 8.914408539028533635e-05
4.422211105552776189e+01 8.876985791464124108e-05
4.426213106553276333e+01 8.839805032672855961e-05
4.430215107553776477e+01 8.802864128039615402e-05
4.434217108554277331e+01 8.766160967028540686e-05
4.438219109554777475e+01 8.729693462848337035e-05
4.442221110555277619e+01 8.693459552123110150e-05
4.446223111555777763e+01 8.657457194568806400e-05
4.450225112556277907e+01 8.621684372674989999e-05
4.454227113556778050e+01 8.586139091391943611e-05
4.458229114557278194e+01 8.550819377822908081e-05
4.462231115557779049e+01 8.515723280921430106e-05
4.466233116558279193e+01 8.480848871193713502e-05
4.470235117558779336e+01 8.446194240405795173e-05
4.474237118559279480e+01 8.411757501295551197e-05
4.478239119559779624e+01 8.377536787289385312e-05
4.482241120560279768e+01 8.343530252223511706e-05
4.486243121560779912e+01 8.309736070069783330e-05
4.490245122561280766e+01 8.276152434665880056e-05
4.494247123561780910e+01 8.242777559449940706e-05
4.498249124562281054e+01 8.209609677199351644e-05
4.502251125562781198e+01 8.176647039773774601e-05
4.506253126563281342e+01 8.143887917862257869e-05
4.510255127563781485e+01 8.111330600734359051e-05
4.514257128564282340e+01 8.078973395995238697e-05
4.518259129564782484e+01 8.046814629344610991e-05
4.522261130565282627e+01 8.014852644339457972e-05
4.526263131565782771e+01 7.983085802160543888e-05
4.530265132566282915e+01 7.951512481382522321e-05
4.534267133566783059e+01 7.920131077747687588e-05
4.538269134567283203e+01 7.888940003943209142e-05
4.542271135567784057e+01 7.857937689381830002e-05
4.546273136568284201e+01 7.827122579986002093e-05
4.550275137568784345e+01 7.796493137975302667e-05
4.554277138569284489e+01 7.766047841657158887e-05
4.558279139569784633e+01 7.735785185220765388e-05
4.562281140570284776e+01 7.705703678534188037e-05
4.566283141570784920e+01 7.675801846944514304e-05
4.570285142571285775e+01 7.646078231081104447e-05
4.574287143571785919e+01 7.616531386661805282e-05
4.578289144572286062e+01 7.587159884302068261e-05
4.582291145572786206e+01 7.557962309327015220e-05
4.586293146573286350e+01 7.528937261586272911e-05
4.590295147573786494e+01 7.500083355271630527e-05
4.594297148574287348e+01 7.471399218737403666e-05
4.598299149574787492e+01 7.442883494323516925e-05
4.602301150575287636e+01 7.414534838181158780e-05
4.606303151575787780e+01 7.386351920101107648e-05
4.610305152576287924e+01 7.358333423344520460e-05
4.614307153576788068e+01 7.330478044476302984e-05
4.618309154577288211e+01 7.302784493200881655e-05
4.622311155577789066e+01 7.275251492200391821e-05
4.626313156578289210e+01 7.247877776975300025e-05
4.630315157578789353e+01 7.220662095687255678e-05
4.634317158579289497e+01 7.193603209004333391e-05
4.638319159579789641e+01 7.166699889948478959e-05
4.642321160580289785e+01 7.139950923745163041e-05
4.646323161580789929e+01 7.113355107675258817e-05
4.650325162581290783e+01 7.086911250928999955e-05
4.654327163581790927e+01 7.060618174462092076e-05
4.658329164582291071e+01 7.034474710853854383e-05
4.662331165582791215e+01 7.008479704167421280e-05
4.666333166583291359e+01 6.982632009811944344e-05
4.670335167583791502e+01 6.956930494406730946e-05
4.674337168584292357e+01 6.931374035647345285e-05
4.678339169584792501e+01 6.905961522173617616e-05
4.682341170585292645e+01 6.880691853439473583e-05
4.686343171585792788e+01 6.855563939584659544e-05
4.690345172586292932e+01 6.830576701308250067e-05
4.694347173586793076e+01 6.805729069743909107e-05
4.698349174587293220e+01 6.781019986336968590e-05
4.702351175587794074e+01 6.756448402723150910e-05
4.706353176588294218e+01 6.732013280609030223e-05
4.710355177588794362e+01 6.707713591654155269e-05
4.714357178589294506e+01 6.683548317354784960e-05
4.718359179589794650e+01 6.659516448929262452e-05
4.722361180590294794e+01 6.635616987204958619e-05
4.726363181590794937e+01 6.611848942506784888e-05
4.730365182591295792e+01 6.588211334547226686e-05
4.734367183591795936e+01 6.564703192317909665e-05
4.738369184592296079e+01 6.541323553982628255e-05
4.742371185592796223e+01 6.518071466771841946e-05
4.746373186593296367e+01 6.494945986878617632e-05
4.750375187593796511e+01 6.471946179355994968e-05
4.754377188594297365e+01 6.449071118015706975e-05
4.758379189594797509e+01 6.426319885328349421e-05
4.762381190595297653e+01 6.403691572324782114e-05
4.766383191595797797e+01 6.381185278498980326e-05
4.770385192596297941e+01 6.358800111712119491e-05
4.774387193596798085e+01 6.336535188097960946e-05
4.778389194597298228e+01 6.314389631969525164e-05
4.782391195597799083e+01 6.292362575726994202e-05
4.786393196598299227e+01 6.270453159766842006e-05
4.790395197598799371e+01 6.248660532392180374e-05
4.794397198599299514e+01 6.226983849724286710e-05
4.798399199599799658e+01 6.205422275615325744e-05
4.802401200600299802e+01 6.183974981562187989e-05
4.806403201600799946e+01 6.162641146621500483e-05
4.810405202601300800e+01 6.141419957325725812e-05
4.814407203601800944e+01 6.120310607600395461e-05
4.818409204602301088e+01 6.099312298682399604e-05
4.822411205602801232e+01 6.078424239039347530e-05
4.826413206603301376e+01 6.057645644290004144e-05
4.830415207603801520e+01 6.036975737125729359e-05
4.834417208604301663e+01 6.016413747232970510e-05
4.838419209604802518e+01 5.995958911216729882e-05
4.842421210605302662e+01 5.975610472525047317e-05
4.846423211605802805e+01 5.955367681374438275e-05
4.850425212606302949e+01 5.935229794676300901e-05
4.854427213606803093e+01 5.915196075964271094e-05
4.858429214607303237e+01 5.895265795322504561e-05
4.862431215607804091e+01 5.875438229314888582e-05
4.866433216608304235e+01 5.855712660915136724e-05
4.870435217608804379e+01 5.836088379437786818e-05
4.874437218609304523e+01 5.816564680470085288e-05
4.878439219609804667e+01 5.797140865804724597e-05
4.882441220610304811e+01 5.777816243373429093e-05
4.886443221610804954e+01 5.758590127181394656e-05
4.890445222611305809e+01 5.739461837242547599e-05
4.894447223611805953e+01 5.720430699515618750e-05
4.898449224612306097e+01 5.701496045841018497e-05
4.902451225612806240e+01 5.682657213878506677e-05
4.906453226613306384e+01 5.663913547045647842e-05
4.910455227613806528e+01 5.645264394457024786e-05
4.914457228614306672e+01 5.626709110864213726e-05
4.918459229614807526e+01 5.608247056596504869e-05
4.922461230615307670e+01 5.589877597502384632e-05
4.926463231615807814e+01 5.571600104891681263e-05
4.930465232616307958e+01 5.553413955478494465e-05
4.934467233616808102e+01 5.535318531324782330e-05
4.938469234617308246e+01 5.517313219784672647e-05
4.942471235617809100e+01 5.499397413449432864e-05
4.946473236618309244e+01 5.481570510093147498e-05
4.950475237618809388e+01 5.463831912619018273e-05
4.954477238619309531e+01 5.446181029006362902e-05
4.958479239619809675e+01 5.428617272258229147e-05
4.962481240620309819e+01 5.411140060349666853e-05
4.966483241620809963e+01 5.393748816176623405e-05
4.970485242621310817e+01 5.376442967505437522e-05
4.974487243621810961e+01 5.359221946922995098e-05
4.978489244622311105e+01 5.342085191787419683e-05
4.982491245622811249e+01 5.325032144179416883e-05
4.986493246623311393e+01 5.308062250854172370e-05
4.990495247623811537e+01 5.291174963193831981e-05
4.994497248624311680e+01 5.274369737160564575e-05
4.998499249624812535e+01 5.257646033250165630e-05
5.002501250625312679e+01 5.241003316446240216e-05
5.006503251625812823e+01 5.224441056174902319e-05
5.010505252626312966e+01 5.207958726260035237e-05
5.014507253626813110e+01 5.191555804879084593e-05
5.018509254627313254e+01 5.175231774519359562e-05
5.022511255627814108e+01 5.158986121934857239e-05
5.026513256628314252e+01 5.142818338103611470e-05
5.030515257628814396e+01 5.126727918185516040e-05
5.034517258629314540e+01 5.110714361480666912e-05
5.038519259629814684e+01 5.094777171388193039e-05
5.042521260630314828e+01 5.078915855365551346e-05
5.046523261630814972e+01 5.063129924888320452e-05
5.050525262631315826e+01 5.047418895410447714e-05
5.054527263631815970e+01 5.031782286324960456e-05
5.058529264632316114e+01 5.016219620925163050e-05
5.062531265632816257e+01 5.000730426366223628e-05
5.066533266633316401e+01 4.985314233627273771e-05
5.070535267633816545e+01 4.969970577473903914e-05
5.074537268634316689e+01 4.954698996421109388e-05
5.078539269634817543e+01 4.939499032696650482e-05
5.082541270635317687e+01 4.924370232204858385e-05
5.086543271635817831e+01 4.909312144490820607e-05
5.090545272636317975e+01 4.894324322705015650e-05
5.094547273636818119e+01 4.879406323568324455e-05
5.098549274637318263e+01 4.864557707337455872e-05
5.102551275637819117e+01 4.849778037770756340e-05
5.106553276638319261e+01 4.835066882094430897e-05
5.110555277638819405e+01 4.820423810969114511e-05
5.114557278639319549e+01 4.805848398456843897e-05
5.118559279639819692e+01 4.791340221988414221e-05
5.122561280640319836e+01 4.776898862331065132e-05
5.126563281640819980e+01 4.762523903556586247e-05
5.130565282641320835e+01 4.748214933009726883e-05
5.134567283641820978e+01 4.733971541277009662e-05
5.138569284642321122e+01 4.719793322155850404e-05
5.142571285642821266e+01 4.705679872624056801e-05
5.146573286643321410e+01 4.691630792809657109e-05
5.150575287643821554e+01 4.677645685961062905e-05
5.154577288644321698e+01 4.663724158417567942e-05
5.158579289644822552e+01 4.649865819580167528e-05
5.162581290645322696e+01 4.636070281882726879e-05
5.166583291645822840e+01 4.622337160763430688e-05
5.170585292646322984e+01 4.608666074636582347e-05
5.174587293646823127e+01 4.595056644864697263e-05
5.178589294647323271e+01 4.581508495730908558e-05
5.182591295647823415e+01 4.568021254411681762e-05
5.186593296648324269e+01 4.554594550949820893e-05
5.190595297648824413e+01 4.541228018227777433e-05
5.194597298649324557e+01 4.527921291941245258e-05
5.198599299649824701e+01 4.514674010573053732e-05
5.202601300650324845e+01 4.501485815367334552e-05
5.206603301650824989e+01 4.488356350303980661e-05
5.210605302651325843e+01 4.475285262073382299e-05
5.214607303651825987e+01 4.462272200051423950e-05
5.218609304652326131e+01 4.449316816274776729e-05
5.222611305652826275e+01 4.436418765416433356e-05
5.226613306653326418e+01 4.423577704761516902e-05
5.230615307653826562e+01 4.410793294183366670e-05
5.234617308654326706e+01 4.398065196119859901e-05
5.238619309654827561e+01 4.385393075549982845e-05
5.242621310655327704e+01 4.372776599970697945e-05
5.246623311655827848e+01 4.360215439373998740e-05
5.250625312656327992e+01 4.347709266224246644e-05
5.254627313656828136e+01 4.335257755435757102e-05
5.258629314657328280e+01 4.322860584350590388e-05
5.262631315657828424e+01 4.310517432716616157e-05
5.266633316658329278e+01 4.298227982665778587e-05
5.270635317658829422e+01 4.285991918692627812e-05
5.274637318659329566e+01 4.273808927633042463e-05
5.278639319659829710e+01 4.261678698643195460e-05
5.282641320660329853e+01 4.249600923178752923e-05
5.286643321660829997e+01 4.237575294974269582e-05
5.290645322661330852e+01 4.225601510022811879e-05
5.294647323661830995e+01 4.213679266555807388e-05
5.298649324662331139e+01 4.201808265023075851e-05
5.302651325662831283e+01 4.189988208073102787e-05
5.306653326663331427e+01 4.178218800533493372e-05
5.310655327663831571e+01 4.166499749391653300e-05
5.314657328664331715e+01 4.154830763775649912e-05
5.318659329664832569e+01 4.143211554935274569e-05
5.322661330665332713e+01 4.131641836223337453e-05
5.326663331665832857e+01 4.120121323077097897e-05
5.330665332666333001e+01 4.108649732999931204e-05
5.334667333666833144e+01 4.097226785543176388e-05
5.338669334667333288e+01 4.085852202288153329e-05
5.342671335667833432e+01 4.074525706828394057e-05
5.346673336668334287e+01 4.063247024752030559e-05
5.350675337668834430e+01 4.052015883624379786e-05
5.354677338669334574e+01 4.040832012970701451e-05
5.358679339669834718e+01 4.029695144259136749e-05
5.362681340670334862e+01 4.018605010883811746e-05
5.366683341670835006e+01 4.007561348148131180e-05
5.370685342671335860e+01 3.996563893248216592e-05
5.374687343671836004e+01 3.985612385256547750e-05
5.378689344672336148e+01 3.974706565105738242e-05
5.382691345672836292e+01 3.963846175572487249e-05
5.386693346673336436e+01 3.953030961261704115e-05
5.390695347673836579e+01 3.942260668590780642e-05
5.394697348674336723e+01 3.931535045774027363e-05
5.398699349674837578e+01 3.920853842807263645e-05
5.402701350675337721e+01 3.910216811452577192e-05
5.406703351675837865e+01 3.899623705223208238e-05
5.410705352676338009e+01 3.889074279368613977e-05
5.414707353676838153e+01 3.878568290859671244e-05
5.418709354677338297e+01 3.868105498374024875e-05
5.422711355677838441e+01 3.857685662281587176e-05
5.426713356678339295e+01 3.847308544630176997e-05
5.430715357678839439e+01 3.836973909131315320e-05
5.434717358679339583e+01 3.826681521146140799e-05
5.438719359679839727e+01 3.816431147671483181e-05
5.442721360680339870e+01 3.806222557326069546e-05
5.446723361680840014e+01 3.796055520336858618e-05
5.450725362681340869e+01 3.785929808525531599e-05
5.454727363681841013e+01 3.775845195295092792e-05
5.458729364682341156e+01 3.765801455616613871e-05
5.462731365682841300e+01 3.755798366016110295e-05
5.466733366683341444e+01 3.745835704561540361e-05
5.470735367683841588e+01 3.735913250849940477e-05
5.474737368684341732e+01 3.726030785994675616e-05
5.478739369684842586e+01 3.716188092612825303e-05
5.482741370685342730e+01 3.706384954812693604e-05
5.486743371685842874e+01 3.696621158181415346e-05
5.490745372686343018e+01 3.686896489772727663e-05
5.494747373686843162e+01 3.677210738094820164e-05
5.498749374687343305e+01 3.667563693098330099e-05
5.502751375687843449e+01 3.657955146164433753e-05
5.506753376688344304e+01 3.648384890093066594e-05
5.510755377688844447e+01 3.638852719091261318e-05
5.514757378689344591e+01 3.629358428761578741e-05
5.518759379689844735e+01 3.619901816090666745e-05
5.522761380690344879e+01 3.610482679437926990e-05
5.526763381690845023e+01 3.601100818524292734e-05
5.530765382691345167e+01 3.591756034421100178e-05
5.534767383691846021e+01 3.582448129539083140e-05
5.538769384692346165e+01 3.573176907617471397e-05
5.542771385692846309e+01 3.563942173713177127e-05
5.546773386693346453e+01 3.554743734190107384e-05
5.550775387693846596e+01 3.545581396708563990e-05
5.554777388694346740e+01 3.536454970214740327e-05
5.558779389694847595e+01 3.527364264930338744e-05
5.562781390695347739e+01 3.518309092342262508e-05
5.566783391695847882e+01 3.509289265192425654e-05
5.570785392696348026e+01 3.500304597467636028e-05
5.574787393696848170e+01 3.491354904389603009e-05
5.578789394697348314e+01 3.482440002405015698e-05
5.582791395697848458e+01 3.473559709175722763e-05
5.586793396698349312e+01 3.464713843569010532e-05
5.590795397698849456e+01 3.455902225647969176e-05
5.594797398699349600e+01 3.447124676661933440e-05
5.598799399699849744e+01 3.438381019037043302e-05
5.602801400700349888e+01 3.429671076366867658e-05
5.606803401700850031e+01 3.420994673403126944e-05
5.610805402701350175e+01 3.412351636046499775e-05
5.614807403701851030e+01 3.403741791337514292e-05
5.618809404702351173e+01 3.395164967447527601e-05
5.622811405702851317e+01 3.386620993669791268e-05
5.626813406703351461e+01 3.378109700410584582e-05
5.630815407703851605e+01 3.369630919180445386e-05
5.634817408704351749e+01 3.361184482585486300e-05
5.638819409704852603e+01 3.352770224318768537e-05
5.642821410705352747e+01 3.344387979151780072e-05
5.646823411705852891e+01 3.336037582925974800e-05
5.650825412706353035e+01 3.327718872544401142e-05
5.654827413706853179e+01 3.319431685963397053e-05
5.658829414707353322e+01 3.311175862184375160e-05
5.662831415707853466e+01 3.302951241245668883e-05
5.666833416708354321e+01 3.294757664214457163e-05
5.670835417708854465e+01 3.286594973178775245e-05
5.674837418709354608e+01 3.278463011239580354e-05
5.678839419709854752e+01 3.270361622502895291e-05
5.682841420710354896e+01 3.262290652072030641e-05
5.686843421710855040e+01 3.254249946039879484e-05
5.690845422711355184e+01 3.246239351481258181e-05
5.694847423711856038e+01 3.238258716445352198e-05
5.698849424712356182e+01 3.230307889948199875e-05
5.702851425712856326e+01 3.222386721965261571e-05
5.706853426713356470e+01 3.214495063424049805e-05
5.710855427713856614e+01 3.206632766196827831e-05
5.714857428714356757e+01 3.198799683093366485e-05
5.718859429714857612e+01 3.190995667853781004e-05
5.722861430715357756e+01 3.183220575141422042e-05
5.726863431715857899e+01 3.175474260535829038e-05
5.730865432716358043e+01 3.167756580525748626e-05
5.734867433716858187e+01 3.160067392502221499e-05
5.738869434717358331e+01 3.152406554751720756e-05
5.742871435717858475e+01 3.144773926449364801e-05
5.746873436718359329e+01 3.137169367652168863e-05
5.750875437718859473e+01 3.129592739292388670e-05
5.754877438719359617e+01 3.122043903170887842e-05
5.758879439719859761e+01 3.114522721950594732e-05
5.762881440720359905e+01 3.107029059149991792e-05
5.766883441720860048e+01 3.099562779136681511e-05
5.770885442721360192e+01 3.092123747121005884e-05
5.774887443721861047e+01 3.084711829149708572e-05
5.778889444722361191e+01 3.077326892099672284e-05
5.782891445722861334e+01 3.069968803671696127e-05
5.786893446723361478e+01 3.062637432384329890e-05
5.790895447723861622e+01 3.055332647567777436e-05
5.794897448724361766e+01 3.048054319357831608e-05
5.798899449724862620e+01 3.040802318689878592e-05
5.802901450725362764e+01 3.033576517292947003e-05
5.806903451725862908e+01 3.026376787683809143e-05
5.810905452726363052e+01 3.019203003161135803e-05
5.814907453726863196e+01 3.012055037799703567e-05
5.818909454727363340e+01 3.004932766444647868e-05
5.822911455727863483e+01 2.997836064705769910e-05
5.826913456728364338e+01 2.990764808951890003e-05
5.830915457728864482e+01 2.983718876305257149e-05
5.834917458729364625e+01 2.976698144635990813e-05
5.838919459729864769e+01 2.969702492556587742e-05
5.842921460730364913e+01 2.962731799416470801e-05
5.846923461730865057e+01 2.955785945296579483e-05
5.850925462731365201e+01 2.948864811004013269e-05
5.854927463731866055e+01 2.941968278066717688e-05
5.858929464732366199e+01 2.935096228728219830e-05
5.862931465732866343e+01 2.928248545942401145e-05
5.866933466733366487e+01 2.921425113368325790e-05
5.870935467733866631e+01 2.914625815365102536e-05
5.874937468734366774e+01 2.907850536986801885e-05
5.878939469734866918e+01 2.901099163977399287e-05
5.882941470735367773e+01 2.894371582765787470e-05
5.886943471735867917e+01 2.887667680460803004e-05
5.890945472736368060e+01 2.880987344846314523e-05
5.894947473736868204e+01 2.874330464376345849e-05
5.898949474737368348e+01 2.867696928170238417e-05
5.902951475737868492e+01 2.861086626007861477e-05
5.906953476738369346e+01 2.854499448324853119e-05
5.910955477738869490e+01 2.847935286207912804e-05
5.914957478739369634e+01 2.841394031390123373e-05
5.918959479739869778e+01 2.834875576246317095e-05
5.922961480740369922e+01 2.828379813788484075e-05
5.926963481740870066e+01 2.821906637661207422e-05
5.930965482741370209e+01 2.815455942137157032e-05
5.934967483741871064e+01 2.809027622112594559e-05
5.938969484742371208e+01 2.802621573102945796e-05
5.942971485742871351e+01 2.796237691238380866e-05
5.946973486743371495e+01 2.789875873259452336e-05
5.950975487743871639e+01 2.783536016512761117e-05
5.954977488744371783e+01 2.777218018946659643e-05
5.958979489744871927e+01 2.770921779106991624e-05
5.962981490745372781e+01 2.764647196132864006e-05
5.966983491745872925e+01 2.758394169752461603e-05
5.970985492746373069e+01 2.752162600278882753e-05
5.974987493746873213e+01 2.745952388606027813e-05
5.978989494747373357e+01 2.739763436204506637e-05
5.982991495747873500e+01 2.733595645117581967e-05
5.986993496748374355e+01 2.727448917957156867e-05
5.990995497748874499e+01 2.721323157899784522e-05
5.994997498749374643e+01 2.715218268682708186e-05
5.998999499749874786e+01 2.709134154599950942e-05
6.003001500750374930e+01 2.703070720498414271e-05
6.007003501750875074e+01 2.697027871774029464e-05
6.011005502751375218e+01 2.691005514367925656e-05
6.015007503751876072e+01 2.685003554762636465e-05
6.019009504752376216e+01 2.679021899978343237e-05
6.023011505752876360e+01 2.673060457569127429e-05
6.027013506753376504e+01 2.667119135619280259e-05
6.031015507753876648e+01 2.661197842739624212e-05
6.035017508754376792e+01 2.655296488063874183e-05
6.039019509754876935e+01 2.649414981245017939e-05
6.043021510755377790e+01 2.643553232451740281e-05
6.047023511755877934e+01 2.637711152364862461e-05
6.051025512756378077e+01 2.631888652173817168e-05
6.055027513756878221e+01 2.626085643573150278e-05
6.059029514757378365e+01 2.620302038759053447e-05
6.063031515757878509e+01 2.614537750425923457e-05
6.067033516758379363e+01 2.608792691762940207e-05
6.071035517758879507e+01 2.603066776450694162e-05
6.075037518759379651e+01 2.597359918657815846e-05
6.079039519759879795e+01 2.591672033037643608e-05
6.083041520760379939e+01 2.586003034724927653e-05
6.087043521760880083e+01 2.580352839332541176e-05
6.091045522761380226e+01 2.574721362948232845e-05
6.095047523761881081e+01 2.569108522131395534e-05
6.099049524762381225e+01 2.563514233909869623e-05
6.103051525762881369e+01 2.557938415776765946e-05
6.107053526763381512e+01 2.552380985687310766e-05
6.111055527763881656e+01 2.546841862055727670e-05
6.115057528764381800e+01 2.541320963752130661e-05
6.119059529764881944e+01 2.535818210099451454e-05
6.123061530765382798e+01 2.530333520870384740e-05
6.127063531765882942e+01 2.524866816284365974e-05
6.131065532766383086e+01 2.519418017004561693e-05
6.135067533766883230e+01 2.513987044134890673e-05
6.139069534767383374e+01 2.508573819217070833e-05
6.143071535767883518e+01 2.503178264227681049e-05
6.147073536768384372e+01 2.497800301575252101e-05
6.151075537768884516e+01 2.492439854097385746e-05
6.155077538769384660e+01 2.487096845057879549e-05
6.159079539769884803e+01 2.481771198143890340e-05
6.163081540770384947e+01 2.476462837463113594e-05
6.167083541770885091e+01 2.471171687540983815e-05
6.171085542771385235e+01 2.465897673317898306e-05
6.175087543771886089e+01 2.460640720146464985e-05
6.179089544772386233e+01 2.455400753788769181e-05
6.183091545772886377e+01 2.450177700413655335e-05
6.187093546773386521e+01 2.444971486594045635e-05
6.191095547773886665e+01 2.439782039304258984e-05
6.195097548774386809e+01 2.434609285917374696e-05
6.199099549774886952e+01 2.429453154202590093e-05
6.203101550775387807e+01 2.424313572322624177e-05
6.207103551775887951e+01 2.419190468831120292e-05
6.211105552776388095e+01 2.414083772670080967e-05
6.215107553776888238e+01 2.408993413167323088e-05
6.219109554777388382e+01 2.403919320033939176e-05
6.223111555777888526e+01 2.398861423361799654e-05
6.227113556778388670e+01 2.393819653621054774e-05
6.231115557778889524e+01 2.388793941657660610e-05
6.235117558779389668e+01 2.383784218690941967e-05
6.239119559779889812e+01 2.378790416311139043e-05
6.243121560780389956e+01 2.373812466477006252e-05
6.247123561780890100e+01 2.368850301513409707e-05
6.251125562781390244e+01 2.363903854108952810e-05
6.255127563781891098e+01 2.358973057313612021e-05
6.259129564782391242e+01 2.354057844536398703e-05
6.263131565782891386e+01 2.349158149543034187e-05
6.267133566783391529e+01 2.344273906453634663e-05
6.271135567783891673e+01 2.339405049740439437e-05
6.275137568784391817e+01 2.334551514225520553e-05
6.279139569784891961e+01 2.329713235078541208e-05
6.283141570785392815e+01 2.324890147814509753e-05
6.287143571785892959e+01 2.320082188291566235e-05
6.291145572786393103e+01 2.315289292708773327e-05
6.295147573786893247e+01 2.310511397603927941e-05
6.299149574787393391e+01 2.305748439851395529e-05
6.303151575787893535e+01 2.301000356659950487e-05
6.307153576788393678e+01 2.296267085570642656e-05
6.311155577788894533e+01 2.291548564454667531e-05
6.315157578789394677e+01 2.286844731511269020e-05
6.319159579789894821e+01 2.282155525265641162e-05
6.323161580790394964e+01 2.277480884566854938e-05
6.327163581790895108e+01 2.272820748585801671e-05
6.331165582791395252e+01 2.268175056813145240e-05
6.335167583791896107e+01 2.263543749057293265e-05
6.339169584792396250e+01 2.258926765442386254e-05
6.343171585792896394e+01 2.254324046406294877e-05
6.347173586793396538e+01 2.249735532698637569e-05
6.351175587793896682e+01 2.245161165378810669e-05
6.355177588794396826e+01 2.240600885814032797e-05
6.359179589794896970e+01 2.236054635677407510e-05
6.363181590795397824e+01 2.231522356945993770e-05
6.367183591795897968e+01 2.227003991898896727e-05
6.371185592796398112e+01 2.222499483115364608e-05
6.375187593796898256e+01 2.218008773472914736e-05
6.379189594797398399e+01 2.213531806145452110e-05
6.383191595797898543e+01 2.209068524601423539e-05
6.387193596798398687e+01 2.204618872601967394e-05
6.391195597798899541e+01 2.200182794199089770e-05
6.395197598799399685e+01 2.195760233733846077e-05
6.399199599799899829e+01 2.191351135834538217e-05
6.403201600800400684e+01 2.186955445414929036e-05
6.407203601800900117e+01 2.182573107672461865e-05
6.411205602801400971e+01 2.178204068086499361e-05
6.415207603801900405e+01 2.173848272416574901e-05
6.419209604802401259e+01 2.169505666700648707e-05
6.423211605802900692e+01 2.165176197253395143e-05
6.427213606803401547e+01 2.160859810664474771e-05
6.431215607803902401e+01 2.156556453796846384e-05
6.435217608804401834e+01 2.152266073785075986e-05
6.439219609804902689e+01 2.147988618033657300e-05
6.443221610805402122e+01 2.143724034215355642e-05
6.447223611805902976e+01 2.139472270269546729e-05
6.451225612806402410e+01 2.135233274400590708e-05
6.455227613806903264e+01 2.131006995076190947e-05
6.459229614807404118e+01 2.126793381025786028e-05
6.463231615807903552e+01 2.122592381238947836e-05
6.467233616808404406e+01 2.118403944963777961e-05
6.471235617808903839e+01 2.114228021705339666e-05
6.475237618809404694e+01 2.110064561224074954e-05
6.479239619809904127e+01 2.105913513534258562e-05
6.483241620810404982e+01 2.101774828902439423e-05
6.487243621810905836e+01 2.097648457845913294e-05
6.491245622811405269e+01 2.093534351131191658e-05
6.495247623811906124e+01 2.089432459772485202e-05
6.499249624812405557e+01 2.085342735030207948e-05
6.503251625812906411e+01 2.081265128409473609e-05
6.507253626813405845e+01 2.077199591658628522e-05
6.511255627813906699e+01 2.073146076767756806e-05
6.515257628814407553e+01 2.069104535967241761e-05
6.519259629814906987e+01 2.065074921726302198e-05
6.523261630815407841e+01 2.061057186751553155e-05
6.527263631815907274e+01 2.057051283985576449e-05
6.531265632816408129e+01 2.053057166605498675e-05
6.535267633816907562e+01 2.049074788021584793e-05
6.539269634817408416e+01 2.045104101875829002e-05
6.543271635817909271e+01 2.041145062040574420e-05
6.547273636818408704e+01 2.037197622617126317e-05
6.551275637818909559e+01 2.033261737934375857e-05
6.555277638819408992e+01 2.029337362547451283e-05
6.559279639819909846e+01 2.025424451236351825e-05
6.563281640820410701e+01 2.021522959004616498e-05
6.567283641820910134e+01 2.017632841077984438e-05
6.571285642821410988e+01 2.013754052903070140e-05
6.575287643821910422e+01 2.009886550146055306e-05
6.579289644822411276e+01 2.006030288691373903e-05
6.583291645822910709e+01 2.002185224640426372e-05
6.587293646823411564e+01 1.998351314310279942e-05
6.591295647823912418e+01 1.994528514232404512e-05
6.595297648824411851e+01 1.990716781151391265e-05
6.599299649824912706e+01 1.986916072023694994e-05
6.603301650825412139e+01 1.983126344016387940e-05
6.607303651825912993e+01 1.979347554505905176e-05
6.611305652826412427e+01 1.975579661076823517e-05
6.615307653826913281e+01 1.971822621520621469e-05
6.619309654827414136e+01 1.968076393834474066e-05
6.623311655827913569e+01 1.964340936220035857e-05
6.627313656828414423e+01 1.960616207082236423e-05
6.631315657828913857e+01 1.956902165028103001e-05
6.635317658829414711e+01 1.953198768865554988e-05
6.639319659829914144e+01 1.949505977602249604e-05
6.643321660830414999e+01 1.945823750444390624e-05
6.647323661830915853e+01 1.942152046795589290e-05
6.651325662831415286e+01 1.938490826255698791e-05
6.655327663831916141e+01 1.934840048619670093e-05
6.659329664832415574e+01 1.931199673876425724e-05
6.663331665832916428e+01 1.927569662207717632e-05
6.667333666833415862e+01 1.923949973987016900e-05
6.671335667833916716e+01 1.920340569778389558e-05
6.675337668834417570e+01 1.916741410335400862e-05
6.679339669834917004e+01 1.913152456600012460e-05
6.683341670835417858e+01 1.909573669701487009e-05
6.687343671835917291e+01 1.906005010955315489e-05
6.691345672836418146e+01 1.902446441862127243e-05
6.695347673836917579e+01 1.898897924106633558e-05
6.699349674837418434e+01 1.895359419556555999e-05
6.703351675837919288e+01 1.891830890261579135e-05
6.707353676838418721e+01 1.888312298452301578e-05
6.711355677838919576e+01 1.884803606539188706e-05
6.715357678839419009e+01 1.881304777111553178e-05
6.719359679839919863e+01 1.877815772936511051e-05
6.723361680840420718e+01 1.874336556957977194e-05
6.727363681840920151e+01 1.870867092295648516e-05
6.731365682841421005e+01 1.867407342243989555e-05
6.735367683841920439e+01 1.863957270271246873e-05
6.739369684842421293e+01 1.860516840018445827e-05
6.743371685842920726e+01 1.857086015298413097e-05
6.747373686843421581e+01 1.853664760094788703e-05
6.751375687843922435e+01 1.850253038561061069e-05
6.755377688844421868e+01 1.846850815019600046e-05
6.759379689844922723e+01 1.843458053960689264e-05
6.763381690845422156e+01 1.840074720041582877e-05
6.767383691845923011e+01 1.836700778085553835e-05
6.771385692846422444e+01 1.833336193080954015e-05
6.775387693846923298e+01 1.829980930180275035e-05
6.779389694847424153e+01 1.826634954699230744e-05
6.783391695847923586e+01 1.823298232115825825e-05
6.787393696848424440e+01 1.819970728069442021e-05
6.791395697848923874e+01 1.816652408359930107e-05
6.795397698849424728e+01 1.813343238946704927e-05
6.799399699849924161e+01 1.810043185947847875e-05
6.803401700850425016e+01 1.806752215639211752e-05
6.807403701850925870e+01 1.803470294453539510e-05
6.811405702851425303e+01 1.800197388979582664e-05
6.815407703851926158e+01 1.796933465961221392e-05
6.819409704852425591e+01 1.793678492296606319e-05
6.823411705852926445e+01 1.790432435037281675e-05
6.827413706853425879e+01 1.787195261387344015e-05
6.831415707853926733e+01 1.783966938702572489e-05
6.835417708854427588e+01 1.780747434489599089e-05
6.839419709854927021e+01 1.777536716405058226e-05
6.843421710855427875e+01 1.774334752254751895e-05
6.847423711855927309e+01 1.771141509992828393e-05
6.851425712856428163e+01 1.767956957720941044e-05
6.855427713856927596e+01 1.764781063687450972e-05
6.859429714857428451e+01 1.761613796286593962e-05
6.863431715857929305e+01 1.758455124057685262e-05
6.867433716858428738e+01 1.755305015684309483e-05
6.871435717858929593e+01 1.752163439993523707e-05
6.875437718859429026e+01 1.749030365955068735e-05
6.879439719859929880e+01 1.745905762680574567e-05
6.883441720860429314e+01 1.742789599422786214e-05
6.887443721860930168e+01 1.739681845574776297e-05
6.891445722861431022e+01 1.736582470669184071e-05
6.895447723861930456e+01 1.733491444377437512e-05
6.899449724862431310e+01 1.730408736508997085e-05
6.903451725862930743e+01 1.727334317010596802e-05
6.907453726863431598e+01 1.724268155965488671e-05
6.911455727863932452e+01 1.721210223592698320e-05
6.915457728864431886e+01 1.718160490246283675e-05
6.919459729864932740e+01 1.715118926414587201e-05
6.923461730865432173e+01 1.712085502719515922e-05
6.927463731865933028e+01 1.709060189915797727e-05
6.931465732866432461e+01 1.706042958890271555e-05
6.935467733866933315e+01 1.703033780661155562e-05
6.939469734867434170e+01 1.700032626377341707e-05
6.943471735867933603e+01 1.697039467317678829e-05
6.947473736868434457e+01 1.694054274890266555e-05
6.951475737868933891e+01 1.691077020631760736e-05
6.955477738869434745e+01 1.688107676206669391e-05
6.959479739869934178e+01 1.685146213406662211e-05
6.963481740870435033e+01 1.682192604149881744e-05
6.967483741870935887e+01 1.679246820480263404e-05
6.971485742871435320e+01 1.676308834566852756e-05
6.975487743871936175e+01 1.673378618703128914e-05
6.979489744872435608e+01 1.670456145306336394e-05
6.983491745872936463e+01 1.667541386916815961e-05
6.987493746873435896e+01 1.664634316197347670e-05
6.991495747873936750e+01 1.661734905932484423e-05
6.995497748874437605e+01 1.658843129027903136e-05
6.999499749874937038e+01 1.655958958509755918e-05
7.003501750875437892e+01 1.653082367524018190e-05
7.007503751875937326e+01 1.650213329335854429e-05
7.011505752876438180e+01 1.647351817328970356e-05
7.015507753876937613e+01 1.644497805004993586e-05
7.019509754877438468e+01 1.641651265982824802e-05
7.023511755877939322e+01 1.638812173998032293e-05
7.027513756878438755e+01 1.635980502902212278e-05
7.031515757878939610e+01 1.633156226662381411e-05
7.035517758879439043e+01 1.630339319360360142e-05
7.039519759879939897e+01 1.627529755192158790e-05
7.043521760880439331e+01 1.624727508467377500e-05
7.047523761880940185e+01 1.621932553608594014e-05
7.051525762881441040e+01 1.619144865150774467e-05
7.055527763881940473e+01 1.616364417740674033e-05
7.059529764882441327e+01 1.613591186136238578e-05
7.063531765882940761e+01 1.610825145206031052e-05
7.067533766883441615e+01 1.608066269928630089e-05
7.071535767883942469e+01 1.605314535392064876e-05
7.075537768884441903e+01 1.602569916793229675e-05
7.079539769884942757e+01 1.599832389437306492e-05
7.083541770885442190e+01 1.597101928737206032e-05
7.087543771885943045e+01 1.594378510212991038e-05
7.091545772886442478e+01 1.591662109491320302e-05
7.095547773886943332e+01 1.588952702304881489e-05
7.099549774887444187e+01 1.586250264491844631e-05
7.103551775887943620e+01 1.583554771995302073e-05
7.107553776888444474e+01 1.580866200862719590e-05
7.111555777888943908e+01 1.578184527245394289e-05
7.115557778889444762e+01 1.575509727397907765e-05
7.119559779889944195e+01 1.572841777677591791e-05
7.123561780890445050e+01 1.570180654543984862e-05
7.127563781890945904e+01 1.567526334558306698e-05
7.131565782891445338e+01 1.564878794382926981e-05
7.135567783891946192e+01 1.562238010780833081e-05
7.139569784892445625e+01 1.559603960615117774e-05
7.143571785892946480e+01 1.556976620848448995e-05
7.147573786893445913e+01 1.554355968542559923e-05
7.151575787893946767e+01 1.551741980857730943e-05
7.155577788894447622e+01 1.549134635052284127e-05
7.159579789894947055e+01 1.546533908482071297e-05
7.163581790895447909e+01 1.543939778599969862e-05
7.167583791895947343e+01 1.541352222955388496e-05
7.171585792896448197e+01 1.538771219193755868e-05
7.175587793896947630e+01 1.536196745056042233e-05
7.179589794897448485e+01 1.533628778378249864e-05
7.183591795897949339e+01 1.531067297090938029e-05
7.187593796898448772e+01 1.528512279218728669e-05
7.191595797898949627e+01 1.525963702879824601e-05
7.195597798899449060e+01 1.523421546285532641e-05
7.199599799899949915e+01 1.520885787739778929e-05
7.203601800900449348e+01 1.518356405638642897e-05
7.207603801900950202e+01 1.515833378469876654e-05
7.211605802901451057e+01 1.513316684812444548e-05
7.215607803901950490e+01 1.510806303336050853e-05
7.219609804902451344e+01 1.508302212800677972e-05
7.223611805902950778e+01 1.505804392056127510e-05
7.227613806903451632e+01 1.503312820041558986e-05
7.231615807903951065e+01 1.500827475785039711e-05
7.235617808904451920e+01 1.498348338403086213e-05
7.239619809904952774e+01 1.495875387100219879e-05
7.243621810905452207e+01 1.493408601168518534e-05
7.247623811905953062e+01 1.490947959987168197e-05
7.251625812906452495e+01 1.488493443022027362e-05
7.255627813906953349e+01 1.486045029825183155e-05
7.259629814907454204e+01 1.483602700034516977e-05
7.263631815907953637e+01 1.481166433373271833e-05
7.267633816908454492e+01 1.478736209649615782e-05
7.271635817908953925e+01 1.476312008756221120e-05
7.275637818909454779e+01 1.473893810669829691e-05
7.279639819909954213e+01 1.471481595450836141e-05
7.283641820910455067e+01 1.469075343242860002e-05
7.287643821910955921e+01 1.466675034272335214e-05
7.291645822911455355e+01 1.464280648848085938e-05
7.295647823911956209e+01 1.461892167360916076e-05
7.299649824912455642e+01 1.459509570283200330e-05
7.303651825912956497e+01 1.457132838168468307e-05
7.307653826913455930e+01 1.454761951651007426e-05
7.311655827913956784e+01 1.452396891445447710e-05
7.315657828914457639e+01 1.450037638346370617e-05
7.319659829914957072e+01 1.447684173227903998e-05
7.323661830915457926e+01 1.445336477043321614e-05
7.327663831915957360e+01 1.442994530824658244e-05
7.331665832916458214e+01 1.440658315682304979e-05
7.335667833916957647e+01 1.438327812804631943e-05
7.339669834917458502e+01 1.436003003457587318e-05
7.343671835917959356e+01 1.433683868984321934e-05
7.347673836918458790e+01 1.431370390804802682e-05
7.351675837918959644e+01 1.429062550415426439e-05
7.355677838919459077e+01 1.426760329388649915e-05
7.359679839919959932e+01 1.424463709372602893e-05
7.363681840920459365e+01 1.422172672090723844e-05
7.367683841920960219e+01 1.419887199341378413e-05
7.371685842921461074e+01 1.417607272997496390e-05
7.375687843921960507e+01 1.415332875006199008e-05
7.379689844922461361e+01 1.413063987388433371e-05
7.383691845922960795e+01 1.410800592238611441e-05
7.387693846923461649e+01 1.408542671724244295e-05
7.391695847923961082e+01 1.406290208085585860e-05
7.395697848924461937e+01 1.404043183635272076e-05
7.399699849924962791e+01 1.401801580757969552e-05
7.403701850925462224e+01 1.399565381910018957e-05
7.407703851925963079e+01 1.397334569619081139e-05
7.411705852926462512e+01 1.395109126483795254e-05
7.415707853926963367e+01 1.392889035173422340e-05
7.419709854927464221e+01 1.390674278427506502e-05
7.423711855927963654e+01 1.388464839055529490e-05
7.427713856928464509e+01 1.386260699936566638e-05
7.431715857928963942e+01 1.384061844018951946e-05
7.435717858929464796e+01 1.381868254319934690e-05
7.439719859929964230e+01 1.379679913925350101e-05
7.443721860930465084e+01 1.377496805989279528e-05
7.447723861930965938e+01 1.375318913733723661e-05
7.451725862931465372e+01 1.373146220448269301e-05
7.455727863931966226e+01 1.370978709489760885e-05
7.459729864932465659e+01 1.368816364281977936e-05
7.463731865932966514e+01 1.366659168315305054e-05
7.467733866933465947e+01 1.364507105146415980e-05
7.471735867933966802e+01 1.362360158397946127e-05
7.475737868934467656e+01 1.360218311758178673e-05
7.479739869934967089e+01 1.358081548980726583e-05
7.483741870935467944e+01 1.355949853884212771e-05
7.487743871935967377e+01 1.353823210351964658e-05
7.491745872936468231e+01 1.351701602331693149e-05
7.495747873936967665e+01 1.349585013835191763e-05
7.499749874937468519e+01 1.347473428938020525e-05
7.503751875937969373e+01 1.345366831779204927e-05
7.507753876938468807e+01 1.343265206560928289e-05
7.511755877938969661e+01 1.341168537548228346e-05
7.515757878939469094e+01 1.339076809068700285e-05
7.519759879939969949e+01 1.336990005512188760e-05
7.523761880940469382e+01 1.334908111330500238e-05
7.527763881940970236e+01 1.332831111037096888e-05
7.531765882941471091e+01 1.330758989206808243e-05
7.535767883941970524e+01 1.328691730475536438e-05
7.539769884942471379e+01 1.326629319539962625e-05
7.543771885942970812e+01 1.324571741157262543e-05
7.547773886943471666e+01 1.322518980144810561e-05
7.551775887943971100e+01 1.320471021379901514e-05
7.555777888944471954e+01 1.318427849799459493e-05
7.559779889944972808e+01 1.316389450399757647e-05
7.563781890945472242e+01 1.314355808236135275e-05
7.567783891945973096e+01 1.312326908422717791e-05
7.571785892946472529e+01 1.310302736132138738e-05
7.575787893946973384e+01 1.308283276595261272e-05
7.579789894947472817e+01 1.306268515100903056e-05
7.583791895947973671e+01 1.304258436995564016e-05
7.587793896948474526e+01 1.302253027683151061e-05
7.591795897948973959e+01 1.300252272624709061e-05
7.595797898949474813e+01 1.298256157338150137e-05
7.599799899949974247e+01 1.296264667397987354e-05
7.603801900950475101e+01 1.294277788435063163e-05
7.607803901950975956e+01 1.292295506136293257e-05
7.611805902951475389e+01 1.290317806244395010e-05
7.615807903951976243e+01 1.288344674557626428e-05
7.619809904952475677e+01 1.286376096929530677e-05
7.623811905952976531e+01 1.284412059268669610e-05
7.627813906953475964e+01 1.282452547538373046e-05
7.631815907953976819e+01 1.280497547756474491e-05
7.635817908954477673e+01 1.278547045995063134e-05
7.639819909954977106e+01 1.276601028380227866e-05
7.643821910955477961e+01 1.274659481091800296e-05
7.647823911955977394e+01 1.272722390363114360e-05
7.651825912956478248e+01 1.270789742480744251e-05
7.655827913956977682e+01 1.268861523784267078e-05
7.659829914957478536e+01 1.266937720666008080e-05
7.663831915957979390e+01 1.265018319570800747e-05
7.667833916958478824e+01 1.263103306995740500e-05
7.671835917958979678e+01 1.261192669489939733e-05
7.675837918959479111e+01 1.259286393654291996e-05
7.679839919959979966e+01 1.257384466141224492e-05
7.683841920960479399e+01 1.255486873654466669e-05
7.687843921960980254e+01 1.253593602948805430e-05
7.691845922961481108e+01 1.251704640829856087e-05
7.695847923961980541e+01 1.249819974153822491e-05
7.699849924962481396e+01 1.247939589827262904e-05
7.703851925962980829e+01 1.246063474806861985e-05
7.707853926963481683e+01 1.244191616099195309e-05
7.711855927963981117e+01 1.242324000760501518e-05
7.715857928964481971e+01 1.240460615896452435e-05
7.719859929964982825e+01 1.238601448661926738e-05
7.723861930965482259e+01 1.236746486260784649e-05
7.727863931965983113e+01 1.234895715945637709e-05
7.731865932966482546e+01 1.233049125017633634e-05
7.735867933966983401e+01 1.231206700826223886e-05
7.739869934967482834e+01 1.229368430768951411e-05
7.743871935967983688e+01 1.227534302291222782e-05
7.747873936968484543e+01 1.225704302886094244e-05
7.751875937968983976e+01 1.223878420094052834e-05
7.755877938969484831e+01 1.222056641502797514e-05
7.759879939969984264e+01 1.220238954747024531e-05
7.763881940970485118e+01 1.218425347508215655e-05
7.767883941970985973e+01 1.216615807514421005e-05
7.771885942971485406e+01 1.214810322540049660e-05
7.775887943971986260e+01 1.213008880405657223e-05
7.779889944972485694e+01 1.211211468977737282e-05
7.783891945972986548e+01 1.209418076168510328e-05
7.787893946973485981e+01 1.207628689935719116e-05
7.791895947973986836e+01 1.205843298282419612e-05
7.795897948974487690e+01 1.204061889256777200e-05
7.799899949974987123e+01 1.202284450951862715e-05
7.803901950975487978e+01 1.200510971505445261e-05
7.807903951975987411e+01 1.198741439099796712e-05
7.811905952976488265e+01 1.196975841961484024e-05
7.815907953976987699e+01 1.195214168361173905e-05
7.819909954977488553e+01 1.193456406613429870e-05
7.823911955977989408e+01 1.191702545076518097e-05
7.827913956978488841e+01 1.189952572152209902e-05
7.831915957978989695e+01 1.188206476285580651e-05
7.835917958979489129e+01 1.186464245964823585e-05
7.839919959979989983e+01 1.184725869721048901e-05
7.843921960980489416e+01 1.182991336128094695e-05
7.847923961980990271e+01 1.181260633802332824e-05
7.851925962981491125e+01 1.179533751402481202e-05
7.855927963981990558e+01 1.177810677629411690e-05
7.859929964982491413e+01 1.176091401225960536e-05
7.863931965982990846e+01 1.174375910976744056e-05
7.867933966983491700e+01 1.172664195707968053e-05
7.871935967983991134e+01 1.170956244287245368e-05
7.875937968984491988e+01 1.169252045623407157e-05
7.879939969984992842e+01 1.167551588666323155e-05
7.883941970985492276e+01 1.165854862406717527e-05
7.887943971985993130e+01 1.164161855875983031e-05
7.891945972986492563e+01 1.162472558146007039e-05
7.895947973986993418e+01 1.160786958328984171e-05
7.899949974987492851e+01 1.159105045577244177e-05
7.903951975987993706e+01 1.157426809083066441e-05
7.907953976988494560e+01 1.155752238078510400e-05
7.911955977988993993e+01 1.154081321835232080e-05
7.915957978989494848e+01 1.152414049664313672e-05
7.919959979989994281e+01 1.150750410916086333e-05
7.923961980990495135e+01 1.149090394979958406e-05
7.927963981990994569e+01 1.147433991284240765e-05
7.931965982991495423e+01 1.145781189295976219e-05
7.935967983991996277e+01 1.144131978520768414e-05
7.939969984992495711e+01 1.142486348502612427e-05
7.943971985992996565e+01 1.140844288823722306e-05
7.947973986993495998e+01 1.139205789104369291e-05
7.951975987993996853e+01 1.137570839002706475e-05
7.955977988994497707e+01 1.135939428214608379e-05
7.959979989994997140e+01 1.134311546473503408e-05
7.963981990995497995e+01 1.132687183550205457e-05
7.967983991995997428e+01 1.131066329252757215e-05
7.971985992996498283e+01 1.129448973426259404e-05
7.975987993996997716e+01 1.127835105952713561e-05
7.979989994997498570e+01 1.126224716750857894e-05
7.983991995997999425e+01 1.124617795776008033e-05
7.987993996998498858e+01 1.123014333019897790e-05
7.991995997998999712e+01 1.121414318510515679e-05
7.995997998999499146e+01 1.119817742311953641e-05
8.000000000000000000e+01 1.118224594524242884e-05
