0.000000000000000000e+00 8.202903366738655661e-05
4.002001000500250011e-02 8.238096373259675808e-05
8.004002001000500022e-02 8.273536376080253970e-05
1.200600300150075073e-01 8.309225867108499584e-05
1.600800400200100004e-01 8.345167371581097449e-05
2.001000500250124936e-01 8.381363448621698944e-05
2.401200600300150145e-01 8.417816691810537462e-05
2.801400700350175077e-01 8.454529729765572965e-05
3.201600800400200009e-01 8.491505226735402854e-05
3.601800900450224940e-01 8.528745883204253558e-05
4.002001000500249872e-01 8.566254436509349642e-05
4.402201100550274804e-01 8.604033661470886771e-05
4.802401200600300291e-01 8.642086371034973086e-05
5.202601300650324667e-01 8.680415416929847987e-05
5.602801400700350154e-01 8.719023690335656160e-05
6.003001500750374531e-01 8.757914122568146820e-05
6.403201600800400017e-01 8.797089685776622082e-05
6.803401700850425504e-01 8.836553393656454306e-05
7.203601800900449881e-01 8.876308302176588456e-05
7.603801900950475368e-01 8.916357510322329017e-05
8.004002001000499744e-01 8.956704160853819370e-05
8.404202101050525231e-01 8.997351441080629706e-05
8.804402201100549608e-01 9.038302583652797707e-05
9.204602301150575094e-01 9.079560867368742126e-05
9.604802401200600581e-01 9.121129618000516819e-05
1.000500250125062607e+00 9.163012209136775228e-05
1.040520260130064933e+00 9.205212063043937255e-05
1.080540270135067482e+00 9.247732651545974606e-05
1.120560280140070031e+00 9.290577496923348557e-05
1.160580290145072579e+00 9.333750172831491827e-05
1.200600300150074906e+00 9.377254305239437636e-05
1.240620310155077455e+00 9.421093573389029629e-05
1.280640320160080003e+00 9.465271710775257480e-05
1.320660330165082552e+00 9.509792506148330752e-05
1.360680340170085101e+00 9.554659804537890804e-05
1.400700350175087427e+00 9.599877508300171201e-05
1.440720360180089976e+00 9.645449578188429159e-05
1.480740370185092525e+00 9.691380034447518116e-05
1.520760380190095074e+00 9.737672957933035092e-05
1.560780390195097400e+00 9.784332491255751650e-05
1.600800400200099949e+00 9.831362839952109071e-05
1.640820410205102498e+00 9.878768273681237189e-05
1.680840420210105046e+00 9.926553127449404886e-05
1.720860430215107595e+00 9.974721802862569048e-05
1.760880440220109922e+00 1.002327876940770231e-04
1.800900450225112470e+00 1.007222856576378729e-04
1.840920460230115019e+00 1.012157580114321997e-04
1.880940470235117568e+00 1.017132515666440014e-04
1.920960480240120116e+00 1.022148138675647530e-04
1.960980490245122443e+00 1.027204932059698315e-04
2.001000500250125214e+00 1.032303386358339459e-04
2.041020510255127540e+00 1.037443999883943093e-04
2.081040520260129867e+00 1.042627278875711116e-04
2.121060530265132638e+00 1.047853737657559558e-04
2.161080540270134964e+00 1.053123898799771229e-04
2.201100550275137291e+00 1.058438293284536718e-04
2.241120560280140062e+00 1.063797460675481601e-04
2.281140570285142388e+00 1.069201949291295457e-04
2.321160580290145159e+00 1.074652316383580599e-04
2.361180590295147486e+00 1.080149128319038827e-04
2.401200600300149812e+00 1.085692960766112365e-04
2.441220610305152583e+00 1.091284398886225871e-04
2.481240620310154910e+00 1.096924037529731590e-04
2.521260630315157680e+00 1.102612481436723380e-04
2.561280640320160007e+00 1.108350345442835901e-04
2.601300650325162334e+00 1.114138254690197837e-04
2.641320660330165104e+00 1.119976844843654736e-04
2.681340670335167431e+00 1.125866762312458679e-04
2.721360680340170202e+00 1.131808664477546462e-04
2.761380690345172528e+00 1.137803219924592374e-04
2.801400700350174855e+00 1.143851108683006072e-04
2.841420710355177626e+00 1.149953022471040599e-04
2.881440720360179952e+00 1.156109664947202470e-04
2.921460730365182723e+00 1.162321751968150305e-04
2.961480740370185050e+00 1.168590011853275527e-04
3.001500750375187376e+00 1.174915185656168155e-04
3.041520760380190147e+00 1.181298027443177754e-04
3.081540770385192474e+00 1.187739304579282443e-04
3.121560780390194800e+00 1.194239798021492029e-04
3.161580790395197571e+00 1.200800302620016064e-04
3.201600800400199898e+00 1.207421627427434117e-04
3.241620810405202668e+00 1.214104596016119951e-04
3.281640820410204995e+00 1.220850046804175873e-04
3.321660830415207322e+00 1.227658833390135563e-04
3.361680840420210092e+00 1.234531824896723928e-04
3.401700850425212419e+00 1.241469906323945562e-04
3.441720860430215190e+00 1.248473978911804317e-04
3.481740870435217516e+00 1.255544960512961470e-04
3.521760880440219843e+00 1.262683785975643686e-04
3.561780890445222614e+00 1.269891407537135754e-04
3.601800900450224940e+00 1.277168795228189634e-04
3.641820910455227711e+00 1.284516937288719760e-04
3.681840920460230038e+00 1.291936840595122899e-04
3.721860930465232364e+00 1.299429531099637795e-04
3.761880940470235135e+00 1.306996054282107014e-04
3.801900950475237462e+00 1.314637475614567868e-04
3.841920960480240232e+00 1.322354881039090673e-04
3.881940970485242559e+00 1.330149377459300178e-04
3.921960980490244886e+00 1.338022093246053691e-04
3.961980990495247656e+00 1.345974178757719346e-04
4.002001000500250427e+00 1.354006806875583050e-04
4.042021010505252754e+00 1.362121173554860362e-04
4.082041020510255080e+00 1.370318498391879234e-04
4.122061030515257407e+00 1.378600025207948096e-04
4.162081040520259734e+00 1.386967022650510174e-04
4.202101050525262949e+00 1.395420784812174421e-04
4.242121060530265275e+00 1.403962631868222865e-04
4.282141070535267602e+00 1.412593910733266327e-04
4.322161080540269928e+00 1.421315995737694427e-04
4.362181090545272255e+00 1.430130289324622959e-04
4.402201100550274582e+00 1.439038222768066974e-04
4.442221110555277797e+00 1.448041256913084403e-04
4.482241120560280123e+00 1.457140882938673561e-04
4.522261130565282450e+00 1.466338623144244999e-04
4.562281140570284776e+00 1.475636031760510134e-04
4.602301150575287103e+00 1.485034695785672986e-04
4.642321160580290318e+00 1.494536235847833047e-04
4.682341170585292645e+00 1.504142307094579400e-04
4.722361180590294971e+00 1.513854600110748608e-04
4.762381190595297298e+00 1.523674841865399151e-04
4.802401200600299624e+00 1.533604796689081720e-04
4.842421210605302839e+00 1.543646267282533209e-04
4.882441220610305166e+00 1.553801095757966443e-04
4.922461230615307493e+00 1.564071164714194860e-04
4.962481240620309819e+00 1.574458398346854731e-04
5.002501250625312146e+00 1.584964763595076342e-04
5.042521260630315361e+00 1.595592271325967830e-04
5.082541270635317687e+00 1.606342977558413256e-04
5.122561280640320014e+00 1.617218984727645094e-04
5.162581290645322341e+00 1.628222442992220947e-04
5.202601300650324667e+00 1.639355551585022124e-04
5.242621310655327882e+00 1.650620560210036721e-04
5.282641320660330209e+00 1.662019770486691198e-04
5.322661330665332535e+00 1.673555537443660070e-04
5.362681340670334862e+00 1.685230271064085204e-04
5.402701350675337189e+00 1.697046437884291558e-04
5.442721360680340403e+00 1.709006562648141729e-04
5.482741370685342730e+00 1.721113230019290154e-04
5.522761380690345057e+00 1.733369086353686692e-04
5.562781390695347383e+00 1.745776841534810522e-04
5.602801400700349710e+00 1.758339270874203369e-04
5.642821410705352925e+00 1.771059217080015000e-04
5.682841420710355251e+00 1.783939592296398353e-04
5.722861430715357578e+00 1.796983380216700345e-04
5.762881440720359905e+00 1.810193638273592271e-04
5.802901450725362231e+00 1.823573499909362052e-04
5.842921460730365446e+00 1.837126176929811745e-04
5.882941470735367773e+00 1.850854961945326809e-04
5.922961480740370099e+00 1.864763230902881201e-04
5.962981490745372426e+00 1.878854445712928322e-04
6.003001500750374753e+00 1.893132156975295887e-04
6.043021510755377079e+00 1.907600006808450794e-04
6.083041520760380294e+00 1.922261731786679517e-04
6.123061530765382621e+00 1.937121165989987037e-04
6.163081540770384947e+00 1.952182244171740395e-04
6.203101550775387274e+00 1.967449005049354564e-04
6.243121560780389601e+00 1.982925594723576070e-04
6.283141570785392815e+00 1.998616270232225311e-04
6.323161580790395142e+00 2.014525403244534147e-04
6.363181590795397469e+00 2.030657483902585593e-04
6.403201600800399795e+00 2.047017124816627562e-04
6.443221610805402122e+00 2.063609065221485488e-04
6.483241620810405337e+00 2.080438175301594413e-04
6.523261630815407663e+00 2.097509460692638936e-04
6.563281640820409990e+00 2.114828067168187861e-04
6.603301650825412317e+00 2.132399285520174444e-04
6.643321660830414643e+00 2.150228556642558558e-04
6.683341670835417858e+00 2.168321476828015350e-04
6.723361680840420185e+00 2.186683803288042450e-04
6.763381690845422511e+00 2.205321459907473591e-04
6.803401700850424838e+00 2.224240543244959212e-04
6.843421710855427165e+00 2.243447328791692633e-04
6.883441720860430380e+00 2.262948277501277035e-04
6.923461730865432706e+00 2.282750042604469272e-04
6.963481740870435033e+00 2.302859476723218230e-04
7.003501750875437359e+00 2.323283639299341644e-04
7.043521760880439686e+00 2.344029804354030128e-04
7.083541770885442901e+00 2.365105468595348392e-04
7.123561780890445227e+00 2.386518359891894839e-04
7.163581790895447554e+00 2.408276446131905337e-04
7.203601800900449881e+00 2.430387944488202057e-04
7.243621810905452207e+00 2.452861331110647554e-04
7.283641820910455422e+00 2.475705351269101941e-04
7.323661830915457749e+00 2.498929029971248676e-04
7.363681840920460075e+00 2.522541683081220925e-04
7.403701850925462402e+00 2.546552928966519806e-04
7.443721860930464729e+00 2.570972700702496604e-04
7.483741870935467944e+00 2.595811258865491711e-04
7.523761880940470270e+00 2.621079204947702264e-04
7.563781890945472597e+00 2.646787495429030754e-04
7.603801900950474923e+00 2.672947456543374348e-04
7.643821910955477250e+00 2.699570799779309931e-04
7.683841920960480465e+00 2.726669638157766680e-04
7.723861930965482792e+00 2.754256503332064353e-04
7.763881940970485118e+00 2.782344363558776255e-04
7.803901950975487445e+00 2.810946642591097559e-04
7.843921960980489771e+00 2.840077239549953104e-04
7.883941970985492098e+00 2.869750549831838818e-04
7.923961980990495313e+00 2.899981487116478924e-04
7.963981990995497640e+00 2.930785506541774225e-04
8.004002001000500854e+00 2.962178629118245553e-04
8.044022011005502293e+00 2.994177467460321530e-04
8.084042021010505508e+00 3.026799252917322658e-04
8.124062031015506946e+00 3.060061864192963922e-04
8.164082041020510161e+00 3.093983857548699497e-04
8.204102051025513376e+00 3.128584498693142237e-04
8.244122061030514814e+00 3.163883796467473826e-04
8.284142071035518029e+00 3.199902538444863152e-04
8.324162081040519467e+00 3.236662328570830767e-04
8.364182091045522682e+00 3.274185626981236121e-04
8.404202101050525897e+00 3.312495792144907005e-04
8.444222111055527336e+00 3.351617125489418864e-04
8.484242121060530550e+00 3.391574918680935967e-04
8.524262131065531989e+00 3.432395503742435871e-04
8.564282141070535204e+00 3.474106306209403237e-04
8.604302151075536642e+00 3.516735901538036932e-04
8.644322161080539857e+00 3.560314074998586521e-04
8.684342171085543072e+00 3.604871885305362816e-04
8.724362181090544510e+00 3.650441732255995785e-04
8.764382191095547725e+00 3.697057428675176206e-04
8.804402201100549163e+00 3.744754276983199926e-04
8.844422211105552378e+00 3.793569150736919690e-04
8.884442221110555593e+00 3.843540581520767953e-04
8.924462231115557032e+00 3.894708851598450484e-04
8.964482241120560246e+00 3.947116092772120794e-04
9.004502251125561685e+00 4.000806391935605804e-04
9.044522261130564900e+00 4.055825903852215393e-04
9.084542271135568114e+00 4.112222971735857483e-04
9.124562281140569553e+00 4.170048256267560975e-04
9.164582291145572768e+00 4.229354873738370231e-04
9.204602301150574206e+00 4.290198544074612787e-04
9.244622311155577421e+00 4.352637749573708137e-04
9.284642321160580636e+00 4.416733905258283209e-04
9.324662331165582074e+00 4.482551541845234354e-04
9.364682341170585289e+00 4.550158502424412514e-04
9.404702351175586728e+00 4.619626154051183100e-04
9.444722361180589942e+00 4.691029615578856107e-04
9.484742371185593157e+00 4.764448003192634645e-04
9.524762381190594596e+00 4.839964695258400749e-04
9.564782391195597810e+00 4.917667618268935963e-04
9.604802401200599249e+00 4.997649555859726362e-04
9.644822411205602464e+00 5.080008483079113176e-04
9.684842421210605679e+00 5.164847928335777579e-04
9.724862431215607117e+00 5.252277365714877943e-04
9.764882441220610332e+00 5.342412640655727629e-04
9.804902451225611770e+00 5.435376432324164108e-04
9.844922461230614985e+00 5.531298756397096898e-04
9.884942471235618200e+00 5.630317512411041250e-04
9.924962481240619638e+00 5.732579080319145015e-04
9.964982491245622853e+00 5.838238971459672405e-04
1.000500250125062429e+01 5.947462539774460086e-04
1.004502251125562751e+01 6.060425759839399009e-04
1.008504252126063072e+01 6.177316079094583934e-04
1.012506253126563216e+01 6.298333352606067101e-04
1.016508254127063537e+01 6.423690869772283188e-04
1.020510255127563681e+01 6.553616483629655593e-04
1.024512256128064003e+01 6.688353854839944454e-04
1.028514257128564324e+01 6.828163824087455551e-04
1.032516258129064468e+01 6.973325928516274337e-04
1.036518259129564790e+01 7.124140080039309325e-04
1.040520260130064933e+01 7.280928425906817505e-04
1.044522261130565255e+01 7.444037414895920924e-04
1.048524262131065576e+01 7.613840095951004711e-04
1.052526263131565720e+01 7.790738680161683012e-04
1.056528264132066042e+01 7.975167401721650539e-04
1.060530265132566186e+01 8.167595719105127808e-04
1.064532266133066507e+01 8.368531904294099037e-04
1.068534267133566829e+01 8.578527075690785091e-04
1.072536268134066972e+01 8.798179739606607885e-04
1.076538269134567294e+01 9.028140916235612157e-04
1.080540270135067438e+01 9.269119939176469593e-04
1.084542271135567759e+01 9.521891033331983216e-04
1.088544272136068081e+01 9.787300794972457300e-04
1.092546273136568225e+01 1.006627672063180236e-03
1.096548274137068546e+01 1.035983695923063186e-03
1.100550275137568690e+01 1.066910149554931714e-03
1.104552276138069011e+01 1.099530501437727533e-03
1.108554277138569333e+01 1.133981174521709202e-03
1.112556278139069477e+01 1.170413264972710145e-03
1.116558279139569798e+01 1.208994539123761820e-03
1.120560280140069942e+01 1.249911762168415220e-03
1.124562281140570263e+01 1.293373424139110340e-03
1.128564282141070585e+01 1.339612943815839292e-03
1.132566283141570729e+01 1.388892450309176961e-03
1.136568284142071050e+01 1.441507266357588621e-03
1.140570285142571194e+01 1.497791248477172051e-03
1.144572286143071516e+01 1.558123179165595137e-03
1.148574287143571837e+01 1.622934458326328201e-03
1.152576288144071981e+01 1.692718408961953669e-03
1.156578289144572302e+01 1.768041601527866507e-03
1.160580290145072446e+01 1.849557719853736886e-03
1.164582291145572768e+01 1.938024650062101584e-03
1.168584292146073089e+01 2.034325687800237360e-03
1.172586293146573233e+01 2.139496050348190740e-03
1.176588294147073555e+01 2.254756280597447309e-03
1.180590295147573698e+01 2.381554686063550724e-03
1.184592296148074020e+01 2.521621736865252775e-03
1.188594297148574341e+01 2.677040455033686834e-03
1.192596298149074485e+01 2.850338419712437552e-03
1.196598299149574807e+01 3.044609328127302443e-03
1.200600300150074951e+01 3.263675462181202767e-03
1.204602301150575272e+01 3.512307498874211575e-03
1.208604302151075416e+01 3.796525796944897474e-03
1.212606303151575737e+01 4.124019080393505690e-03
1.216608304152076059e+01 4.504734726141160911e-03
1.220610305152576203e+01 4.951723536954590922e-03
1.224612306153076524e+01 5.482367172779281476e-03
1.228614307153576668e+01 6.120187994507519762e-03
1.232616308154076989e+01 6.897552724435341946e-03
1.236618309154577311e+01 7.859748083696093193e-03
1.240620310155077455e+01 9.071126557630428480e-03
1.244622311155577776e+01 1.062419981854294260e-02
1.248624312156077920e+01 1.265223869694404729e-02
1.252626313156578242e+01 1.534339791945457492e-02
1.256628314157078563e+01 1.894398133203418003e-02
1.260630315157578707e+01 2.370521125666157428e-02
1.264632316158079028e+01 2.965210208280522758e-02
1.268634317158579172e+01 3.602056609154621891e-02
1.272636318159079494e+01 4.075512435651974102e-02
1.276638319159579815e+01 4.171336676404501648e-02
1.280640320160079959e+01 3.928918812090471946e-02
1.284642321160580281e+01 3.603869707603800376e-02
1.288644322161080424e+01 3.406163206453167308e-02
1.292646323161580746e+01 3.426691840806913442e-02
1.296648324162081067e+01 3.697644364389929966e-02
1.300650325162581211e+01 4.229729127361311902e-02
1.304652326163081533e+01 4.982372389576530947e-02
1.308654327163581677e+01 5.764709203100293333e-02
1.312656328164081998e+01 6.184926512896606055e-02
1.316658329164582319e+01 5.929827266807329716e-02
1.320660330165082463e+01 5.146965783961148649e-02
1.324662331165582785e+01 4.240819689670662085e-02
1.328664332166082929e+01 3.470246288253687333e-02
1.332666333166583250e+01 2.899573461884816239e-02
1.336668334167083572e+01 2.507036421411277041e-02
1.340670335167583715e+01 2.254540505596380057e-02
1.344672336168084037e+01 2.110925879931038404e-02
1.348674337168584181e+01 2.056011223322868481e-02
1.352676338169084502e+01 2.079607798366411506e-02
1.356678339169584824e+01 2.180229942091226752e-02
1.360680340170084968e+01 2.364765810715659805e-02
1.364682341170585289e+01 2.649449238285965860e-02
1.368684342171085433e+01 3.062334625905396845e-02
1.372686343171585754e+01 3.647380749571292602e-02
1.376688344172086076e+01 4.469430780567483497e-02
1.380690345172586220e+01 5.615815079350942179e-02
1.384692346173086541e+01 7.178576513868227538e-02
1.388694347173586685e+01 9.173190842416423241e-02
1.392696348174087007e+01 1.132954487706606811e-01
1.396698349174587328e+01 1.286718563595525833e-01
1.400700350175087472e+01 1.286883870345137959e-01
1.404702351175587793e+01 1.132240433979038174e-01
1.408704352176087937e+01 9.136823104020010133e-02
1.412706353176588259e+01 7.101093324906737614e-02
1.416708354177088580e+01 5.492691191177801607e-02
1.420710355177588724e+01 4.298062912876499803e-02
1.424712356178089045e+01 3.424156672479906210e-02
1.428714357178589189e+01 2.781486354224360635e-02
1.432716358179089511e+01 2.302425622131368949e-02
1.436718359179589832e+01 1.939524089316163949e-02
1.440720360180089976e+01 1.660170526493946752e-02
1.444722361180590298e+01 1.441935334329337917e-02
1.448724362181090441e+01 1.269240477509438712e-02
1.452726363181590763e+01 1.131124153952499899e-02
1.456728364182091084e+01 1.019768586110987064e-02
1.460730365182591228e+01 9.295315872491695386e-03
1.464732366183091550e+01 8.563057625684499657e-03
1.468734367183591694e+01 7.970914953159199956e-03
1.472736368184092015e+01 7.497114717495291514e-03
1.476738369184592337e+01 7.126213098186836431e-03
1.480740370185092480e+01 6.847881396419593439e-03
1.484742371185592802e+01 6.656204682046086910e-03
1.488744372186092946e+01 6.549408582867777100e-03
1.492746373186593267e+01 6.529996259368666886e-03
1.496748374187093589e+01 6.605343225514391514e-03
1.500750375187593733e+01 6.788875876838350830e-03
1.504752376188094054e+01 7.102065880694652909e-03
1.508754377188594198e+01 7.577623791093188697e-03
1.512756378189094519e+01 8.264478478848358983e-03
1.516758379189594841e+01 9.235331357811134290e-03
1.520760380190094985e+01 1.059747566263362188e-02
1.524762381190595306e+01 1.250598532626671922e-02
1.528764382191095450e+01 1.517127681032708238e-02
1.532766383191595772e+01 1.882889962136846326e-02
1.536768384192096093e+01 2.357726490932805091e-02
1.540770385192596237e+01 2.891951298320017197e-02
1.544772386193096558e+01 3.314234011969833388e-02
1.548774387193596702e+01 3.386244099565464960e-02
1.552776388194097024e+01 3.054353329439729939e-02
1.556778389194597167e+01 2.521859869346907215e-02
1.560780390195097489e+01 2.002732686041264892e-02
1.564782391195597810e+01 1.584839526988296790e-02
1.568784392196097954e+01 1.272413556880440562e-02
1.572786393196598276e+01 1.043655555554711019e-02
1.576788394197098420e+01 8.757327555655565476e-03
1.580790395197598741e+01 7.509869123434477663e-03
1.584792396198099063e+01 6.569405011637530732e-03
1.588794397198599206e+01 5.850111603594080820e-03
1.592796398199099528e+01 5.293089727199940843e-03
1.596798399199599672e+01 4.857598805455896722e-03
1.600800400200100171e+01 4.515138018695244275e-03
1.604802401200600315e+01 4.245546370468785205e-03
1.608804402201100459e+01 4.034443972407098823e-03
1.612806403201600602e+01 3.871547881304867548e-03
1.616808404202101102e+01 3.749559727829857546e-03
1.620810405202601245e+01 3.663433309003848344e-03
1.624812406203101389e+01 3.609902277383379189e-03
1.628814407203601888e+01 3.587194717095089618e-03
1.632816408204102032e+01 3.594892681953312102e-03
1.636818409204602176e+01 3.633917461852778641e-03
1.640820410205102675e+01 3.706640255867047797e-03
1.644822411205602819e+01 3.817136988088011638e-03
1.648824412206102963e+01 3.971629157819712118e-03
1.652826413206603107e+01 4.179184711168748741e-03
1.656828414207103606e+01 4.452800449449754137e-03
1.660830415207603750e+01 4.811058603456932863e-03
1.664832416208103893e+01 5.280651080906883545e-03
1.668834417208604393e+01 5.900181881164309056e-03
1.672836418209104536e+01 6.725689807753879382e-03
1.676838419209604680e+01 7.837861759001026746e-03
1.680840420210105179e+01 9.348533556185697341e-03
1.684842421210605323e+01 1.139613267256882854e-02
1.688844422211105467e+01 1.410148251758958950e-02
1.692846423211605611e+01 1.744164694686177117e-02
1.696848424212106110e+01 2.105548957952536188e-02
1.700850425212606254e+01 2.407937177278190316e-02
1.704852426213106398e+01 2.519716237452399726e-02
1.708854427213606897e+01 2.359971962991373740e-02
1.712856428214107041e+01 2.012768098292605501e-02
1.716858429214607185e+01 1.634730980006252402e-02
1.720860430215107328e+01 1.316201294445084290e-02
1.724862431215607828e+01 1.075177858969456057e-02
1.728864432216107971e+01 8.998314386139414159e-03
1.732866433216608115e+01 7.734264477112575385e-03
1.736868434217108614e+01 6.820927651967419354e-03
1.740870435217608758e+01 6.158144933294170190e-03
1.744872436218108902e+01 5.676737436070330295e-03
1.748874437218609401e+01 5.329434958423120462e-03
1.752876438219109545e+01 5.083863084684078423e-03
1.756878439219609689e+01 4.917715006667012015e-03
1.760880440220109833e+01 4.815553801151018116e-03
1.764882441220610332e+01 4.766717430329201269e-03
1.768884442221110476e+01 4.763946836615594316e-03
1.772886443221610620e+01 4.802486709010138702e-03
1.776888444222111119e+01 4.879498996062965090e-03
1.780890445222611262e+01 4.993688414795861320e-03
1.784892446223111406e+01 5.145077202612829796e-03
1.788894447223611905e+01 5.334890987769095802e-03
1.792896448224112049e+01 5.565534170286450324e-03
1.796898449224612193e+01 5.840645037520560655e-03
1.800900450225112337e+01 6.165230280619654959e-03
1.804902451225612836e+01 6.545887304067931657e-03
1.808904452226112980e+01 6.991132161519275981e-03
1.812906453226613124e+01 7.511862605651891713e-03
1.816908454227113623e+01 8.122001491244788124e-03
1.820910455227613767e+01 8.839388292422414514e-03
1.824912456228113911e+01 9.687019846642512880e-03
1.828914457228614410e+01 1.069479200779093614e-02
1.832916458229114554e+01 1.190197192221213902e-02
1.836918459229614697e+01 1.336075269597743892e-02
1.840920460230114841e+01 1.514143500995562656e-02
1.844922461230615340e+01 1.734008600828857924e-02
1.848924462231115484e+01 2.009000773895497707e-02
1.852926463231615628e+01 2.357908646035017722e-02
1.856928464232116127e+01 2.807614165508410392e-02
1.860930465232616271e+01 3.397055266718317090e-02
1.864932466233116415e+01 4.182943718422622165e-02
1.868934467233616914e+01 5.247027617042869518e-02
1.872936468234117058e+01 6.701598662843953613e-02
1.876938469234617202e+01 8.679003150635790365e-02
1.880940470235117346e+01 1.126089730669159877e-01
1.884942471235617845e+01 1.425872823693725699e-01
1.888944472236117988e+01 1.685495617985724726e-01
1.892946473236618132e+01 1.771062677098463045e-01
1.896948474237118631e+01 1.624831174321152982e-01
1.900950475237618775e+01 1.341868464452474485e-01
1.904952476238118919e+01 1.049589617317811530e-01
1.908954477238619418e+01 8.090591444464180493e-02
1.912956478239119562e+01 6.281131024470865132e-02
1.916958479239619706e+01 4.957772727378784161e-02
1.920960480240119850e+01 3.990667662136435784e-02
1.924962481240620349e+01 3.276346375856430126e-02
1.928964482241120493e+01 2.741008642102809797e-02
1.932966483241620637e+01 2.333795828626640881e-02
1.936968484242121136e+01 2.019849160809558675e-02
1.940970485242621280e+01 1.775123257302830063e-02
1.944972486243121423e+01 1.582856557345502235e-02
1.948974487243621923e+01 1.431242718054039423e-02
1.952976488244122066e+01 1.311906520404598937e-02
1.956978489244622210e+01 1.218906692042588842e-02
1.960980490245122354e+01 1.148085141966025645e-02
1.964982491245622853e+01 1.096649233515723659e-02
1.968984492246122997e+01 1.062918188511672093e-02
1.972986493246623141e+01 1.046194696929383071e-02
1.976988494247123640e+01 1.046744675754857253e-02
1.980990495247623784e+01 1.065886691207918943e-02
1.984992496248123928e+01 1.106211856465374836e-02
1.988994497248624427e+01 1.171978889328932627e-02
1.992996498249124571e+01 1.269760941031994328e-02
1.996998499249624714e+01 1.409460830601696676e-02
2.001000500250124858e+01 1.605842658155878788e-02
2.005002501250625357e+01 1.880668092765518801e-02
2.009004502251125501e+01 2.265065003537851396e-02
2.013006503251625645e+01 2.799882381600320505e-02
2.017008504252126144e+01 3.525817064830224362e-02
2.021010505252626288e+01 4.441567915394683402e-02
2.025012506253126432e+01 5.402816065538594559e-02
2.029014507253626931e+01 6.033362868549621560e-02
2.033016508254127075e+01 5.941615552268721123e-02
2.037018509254627219e+01 5.183460435564294505e-02
2.041020510255127363e+01 4.186507585699499046e-02
2.045022511255627862e+01 3.281950255030175595e-02
2.049024512256128006e+01 2.574031199457010172e-02
2.053026513256628149e+01 2.049090246657551614e-02
2.057028514257128649e+01 1.664201570082806877e-02
2.061030515257628792e+01 1.379897031665083471e-02
2.065032516258128936e+01 1.166727632626545462e-02
2.069034517258629080e+01 1.004104588546662034e-02
2.073036518259129579e+01 8.778752669319010715e-03
2.077038519259629723e+01 7.782840667064768944e-03
2.081040520260129867e+01 6.985298310047129491e-03
2.085042521260630366e+01 6.338002861766949166e-03
2.089044522261130510e+01 5.806356693043954187e-03
2.093046523261630654e+01 5.365087039451298286e-03
2.097048524262131153e+01 4.995448085619750428e-03
2.101050525262631297e+01 4.683333252650792242e-03
2.105052526263131440e+01 4.417983342002931510e-03
2.109054527263631584e+01 4.191089452867760058e-03
2.113056528264132083e+01 3.996161003126011413e-03
2.117058529264632227e+01 3.828074284826740638e-03
2.121060530265132371e+01 3.682745688303253658e-03
2.125062531265632870e+01 3.556892193698344990e-03
2.129064532266133014e+01 3.447853753045475658e-03
2.133066533266633158e+01 3.353460117566096996e-03
2.137068534267133657e+01 3.271929964734981815e-03
2.141070535267633801e+01 3.201793766536134133e-03
2.145072536268133945e+01 3.141834298172994575e-03
2.149074537268634089e+01 3.091040391000704230e-03
2.153076538269134588e+01 3.048570729233250187e-03
2.157078539269634732e+01 3.013725338240076223e-03
2.161080540270134875e+01 2.985923020461537982e-03
2.165082541270635375e+01 2.964683435629150016e-03
2.169084542271135518e+01 2.949612844511382160e-03
2.173086543271635662e+01 2.940392773904661715e-03
2.177088544272136161e+01 2.936771038804852040e-03
2.181090545272636305e+01 2.938554692355963699e-03
2.185092546273136449e+01 2.945604577192611519e-03
2.189094547273636593e+01 2.957831231751406002e-03
2.193096548274137092e+01 2.975191968287070176e-03
2.197098549274637236e+01 2.997688990335391473e-03
2.201100550275137380e+01 3.025368459731250532e-03
2.205102551275637879e+01 3.058320459748235364e-03
2.209104552276138023e+01 3.096679833682835191e-03
2.213106553276638166e+01 3.140627909132517100e-03
2.217108554277138666e+01 3.190395149004842269e-03
2.221110555277638809e+01 3.246264802588305284e-03
2.225112556278138953e+01 3.308577665535178229e-03
2.229114557278639097e+01 3.377738098279150364e-03
2.233116558279139596e+01 3.454221500517024035e-03
2.237118559279639740e+01 3.538583497738800789e-03
2.241120560280139884e+01 3.631471167977554440e-03
2.245122561280640383e+01 3.733636727630659097e-03
2.249124562281140527e+01 3.845954210544229573e-03
2.253126563281640671e+01 3.969439822815734771e-03
2.257128564282141170e+01 4.105276848150204300e-03
2.261130565282641314e+01 4.254846230419751484e-03
2.265132566283141458e+01 4.419764292473490376e-03
2.269134567283641601e+01 4.601929492699305228e-03
2.273136568284142101e+01 4.803580714807523938e-03
2.277138569284642244e+01 5.027370390649240142e-03
2.281140570285142388e+01 5.276456854994253029e-03
2.285142571285642887e+01 5.554621847304661367e-03
2.289144572286143031e+01 5.866421187554237901e-03
2.293146573286643175e+01 6.217379625778868268e-03
2.297148574287143674e+01 6.614245094450084406e-03
2.301150575287643818e+01 7.065323678722574760e-03
2.305152576288143962e+01 7.580925481063747508e-03
2.309154577288644106e+01 8.173964618722528649e-03
2.313156578289144605e+01 8.860776091117242986e-03
2.317158579289644749e+01 9.662241738837002228e-03
2.321160580290144893e+01 1.060536267792067285e-02
2.325162581290645392e+01 1.172548563063867573e-02
2.329164582291145535e+01 1.306950040503509873e-02
2.333166583291645679e+01 1.470049947738368001e-02
2.337168584292146178e+01 1.670466623986055152e-02
2.341170585292646322e+01 1.920159264342102129e-02
2.345172586293146466e+01 2.235989120058692534e-02
2.349174587293646610e+01 2.642090157288828900e-02
2.353176588294147109e+01 3.173430161803834915e-02
2.357178589294647253e+01 3.880930307845611299e-02
2.361180590295147397e+01 4.837893278553068860e-02
2.365182591295647896e+01 6.144570475388260594e-02
2.369184592296148040e+01 7.917479623300154035e-02
2.373186593296648184e+01 1.022252753213565707e-01
2.377188594297148683e+01 1.287300298743106475e-01
2.381190595297648827e+01 1.511522490766033788e-01
2.385192596298148970e+01 1.576983555544602955e-01
2.389194597298649114e+01 1.439670254713265318e-01
2.393196598299149613e+01 1.188244209223559694e-01
2.397198599299649757e+01 9.329947155639110867e-02
2.401200600300149901e+01 7.245166173401663967e-02
2.405202601300650400e+01 5.682278089102779650e-02
2.409204602301150544e+01 4.541402942558992600e-02
2.413206603301650688e+01 3.708884282220185208e-02
2.417208604302150832e+01 3.094971730682367569e-02
2.421210605302651331e+01 2.635813686170334486e-02
2.425212606303151475e+01 2.287404980051203213e-02
2.429214607303651619e+01 2.019533190419796342e-02
2.433216608304152118e+01 1.811287555097245566e-02
2.437218609304652261e+01 1.648006270278800159e-02
2.441220610305152405e+01 1.519258183069781623e-02
2.445222611305652904e+01 1.417513823661446966e-02
2.449224612306153048e+01 1.337264703392643771e-02
2.453226613306653192e+01 1.274433132671826292e-02
2.457228614307153336e+01 1.225971547955011579e-02
2.461230615307653835e+01 1.189586869566081062e-02
2.465232616308153979e+01 1.163548505106601696e-02
2.469234617308654123e+01 1.146553181899651400e-02
2.473236618309154622e+01 1.137629041215706960e-02
2.477238619309654766e+01 1.136067364294403130e-02
2.481240620310154910e+01 1.141374166511700990e-02
2.485242621310655409e+01 1.153236459169447795e-02
2.489244622311155553e+01 1.171499717415617169e-02
2.493246623311655696e+01 1.196154311713884012e-02
2.497248624312155840e+01 1.227329557319501059e-02
2.501250625312656339e+01 1.265294746982398993e-02
2.505252626313156483e+01 1.310467157360046576e-02
2.509254627313656627e+01 1.363427644918440047e-02
2.513256628314157126e+01 1.424945158871245877e-02
2.517258629314657270e+01 1.496012400856669422e-02
2.521260630315157414e+01 1.577896095912047561e-02
2.525262631315657913e+01 1.672207118245689142e-02
2.529264632316158057e+01 1.780998366701612434e-02
2.533266633316658201e+01 1.906902331208811321e-02
2.537268634317158345e+01 2.053326572965739893e-02
2.541270635317658844e+01 2.224735203994921903e-02
2.545272636318158987e+01 2.427060003410018776e-02
2.549274637318659131e+01 2.668309131075589230e-02
2.553276638319159630e+01 2.959478188443577865e-02
2.557278639319659774e+01 3.315918888890265898e-02
2.561280640320159918e+01 3.759370400229630760e-02
2.565282641320660417e+01 4.320828364598346127e-02
2.569284642321160561e+01 5.044006656878118749e-02
2.573286643321660705e+01 5.987289993080452399e-02
2.577288644322160849e+01 7.215816801213273401e-02
2.581290645322661348e+01 8.759504822239529143e-02
2.585292646323161492e+01 1.049673703975270850e-01
2.589294647323661636e+01 1.200528580673240059e-01
2.593296648324162135e+01 1.272265673058261826e-01
2.597298649324662279e+01 1.257658614054739665e-01
2.601300650325162422e+01 1.212175097885558744e-01
2.605302651325662922e+01 1.192500870126107643e-01
2.609304652326163065e+01 1.226045031411968494e-01
2.613306653326663209e+01 1.323154577263347120e-01
2.617308654327163353e+01 1.491889773671344066e-01
2.621310655327663852e+01 1.744433073188805805e-01
2.625312656328163996e+01 2.098338350251879869e-01
2.629314657328664140e+01 2.577235795493089676e-01
2.633316658329164639e+01 3.212229268645598323e-01
2.637318659329664783e+01 4.027248921232042256e-01
2.641320660330164927e+01 4.999421841503853825e-01
2.645322661330665426e+01 6.038818181216185632e-01
2.649324662331165570e+01 6.966704262906561196e-01
2.653326663331665713e+01 7.425262338487632618e-01
2.657328664332165857e+01 7.064331168378409354e-01
2.661330665332666356e+01 6.018563729945944907e-01
2.665332666333166500e+01 4.779253162381341125e-01
2.669334667333666644e+01 3.692065303820324385e-01
2.673336668334167143e+01 2.851166181042493752e-01
2.677338669334667287e+01 2.229480280904682643e-01
2.681340670335167431e+01 1.773406325374696224e-01
2.685342671335667930e+01 1.435918342920825264e-01
2.689344672336168074e+01 1.182373642068546005e-01
2.693346673336668218e+01 9.886193139642281136e-02
2.697348674337168362e+01 8.380336457955081531e-02
2.701350675337668861e+01 7.191269657242967128e-02
2.705352676338169005e+01 6.238618159815746689e-02
2.709354677338669148e+01 5.465312576854227528e-02
2.713356678339169648e+01 4.830189384725309260e-02
2.717358679339669791e+01 4.303095672389693760e-02
2.721360680340169935e+01 3.861618615188776305e-02
2.725362681340670434e+01 3.488872179676056479e-02
2.729364682341170578e+01 3.171978349888597559e-02
2.733366683341670722e+01 2.901010480190828467e-02
2.737368684342170866e+01 2.668248654618531057e-02
2.741370685342671365e+01 2.467649058195170442e-02
2.745372686343171509e+01 2.294462715685956916e-02
2.749374687343671653e+01 2.144960601179642795e-02
2.753376688344172152e+01 2.016236455851578777e-02
2.757378689344672296e+01 1.906068423385284816e-02
2.761380690345172439e+01 1.812827596060904989e-02
2.765382691345672583e+01 1.735426966980833929e-02
2.769384692346173082e+01 1.673309019830140562e-02
2.773386693346673226e+01 1.626475080355355152e-02
2.777388694347173370e+01 1.595565514191351134e-02
2.781390695347673869e+01 1.582008065350010498e-02
2.785392696348174013e+01 1.588263712397308333e-02
2.789394697348674157e+01 1.618217424013187328e-02
2.793396698349174656e+01 1.677786636455127350e-02
2.797398699349674800e+01 1.775849461457842601e-02
2.801400700350174944e+01 1.925600738245991303e-02
2.805402701350675088e+01 2.146314750071579708e-02
2.809404702351175587e+01 2.464833107956038855e-02
2.813406703351675731e+01 2.913707156280630553e-02
2.817408704352175874e+01 3.516190142304557315e-02
2.821410705352676374e+01 4.237375351071814844e-02
2.825412706353176517e+01 4.898290152444193662e-02
2.829414707353676661e+01 5.183338574301124546e-02
2.833416708354177160e+01 4.931572173852375590e-02
2.837418709354677304e+01 4.356255574166590511e-02
2.841420710355177448e+01 3.777455081698621875e-02
2.845422711355677592e+01 3.350590314569703437e-02
2.849424712356178091e+01 3.061843975473569485e-02
2.853426713356678235e+01 2.805819066751955373e-02
2.857428714357178379e+01 2.493333375564046189e-02
2.861430715357678878e+01 2.137553120278244678e-02
2.865432716358179022e+01 1.803977950853699261e-02
2.869434717358679165e+01 1.529930947410888115e-02
2.873436718359179665e+01 1.317816269585713081e-02
2.877438719359679808e+01 1.156347928854624917e-02
2.881440720360179952e+01 1.033110184474375116e-02
2.885442721360680096e+01 9.382516849199391828e-03
2.889444722361180595e+01 8.647209182006961037e-03
2.893446723361680739e+01 8.076769366550891338e-03
2.897448724362180883e+01 7.638946687174250419e-03
2.901450725362681382e+01 7.313377427675700655e-03
2.905452726363181526e+01 7.088986380537429938e-03
2.909454727363681670e+01 6.962788733995959635e-03
2.913456728364182169e+01 6.939923051939586932e-03
2.917458729364682313e+01 7.034901303806502179e-03
2.921460730365182457e+01 7.274105534141106673e-03
2.925462731365682600e+01 7.699123649949468802e-03
2.929464732366183100e+01 8.368386450305602062e-03
2.933466733366683243e+01 9.347309072146967046e-03
2.937468734367183387e+01 1.065880166270085673e-02
2.941470735367683886e+01 1.214765783068504079e-02
2.945472736368184030e+01 1.330832940058395558e-02
2.949474737368684174e+01 1.347292196423727391e-02
2.953476738369184673e+01 1.253727422621923708e-02
2.957478739369684817e+01 1.110742142718319087e-02
2.961480740370184961e+01 9.784770336858332820e-03
2.965482741370685105e+01 8.813378135858231099e-03
2.969484742371185604e+01 8.214532219541912511e-03
2.973486743371685748e+01 7.948377341028758578e-03
2.977488744372185892e+01 7.984241941553745989e-03
2.981490745372686391e+01 8.321706858433620957e-03
2.985492746373186534e+01 8.997493410887923149e-03
2.989494747373686678e+01 1.009126046791592249e-02
2.993496748374187177e+01 1.173043726774368987e-02
2.997498749374687321e+01 1.407868885994673427e-02
3.001500750375187465e+01 1.725609315818377870e-02
3.005502751375687609e+01 2.107828181033094897e-02
3.009504752376188108e+01 2.458098268076944204e-02
3.013506753376688252e+01 2.600177447680362616e-02
3.017508754377188396e+01 2.432483116035569215e-02
3.021510755377688895e+01 2.060220705021627643e-02
3.025512756378189039e+01 1.658453459886675280e-02
3.029514757378689183e+01 1.320821323765379238e-02
3.033516758379189682e+01 1.063892631638392074e-02
3.037518759379689826e+01 8.744654691014489695e-03
3.041520760380189969e+01 7.349822876613155975e-03
3.045522761380690113e+01 6.310825010202525398e-03
3.049524762381190612e+01 5.524313692955863143e-03
3.053526763381690756e+01 4.918839110157021896e-03
3.057528764382190900e+01 4.445374893750327419e-03
3.061530765382691399e+01 4.070083814726891368e-03
3.065532766383191543e+01 3.769357027535050718e-03
3.069534767383691687e+01 3.526531527968503835e-03
3.073536768384192186e+01 3.329738339452526473e-03
3.077538769384692330e+01 3.170491906617685113e-03
3.081540770385192474e+01 3.042765811599053814e-03
3.085542771385692618e+01 2.942394228967089732e-03
3.089544772386193117e+01 2.866701223644601247e-03
3.093546773386693260e+01 2.814301951568502335e-03
3.097548774387193404e+01 2.785048791845177139e-03
3.101550775387693903e+01 2.780113897132935503e-03
3.105552776388194047e+01 2.802198306539177390e-03
3.109554777388694191e+01 2.855792708408193010e-03
3.113556778389194335e+01 2.947142732706744921e-03
3.117558779389694834e+01 3.082743362194980807e-03
3.121560780390194978e+01 3.263577363619436789e-03
3.125562781390695122e+01 3.473149646674090173e-03
3.129564782391195621e+01 3.673263923569316906e-03
3.133566783391695765e+01 3.840214693373292156e-03
3.137568784392195909e+01 4.009599851153536516e-03
3.141570785392696408e+01 4.251096293845500231e-03
3.145572786393196552e+01 4.625364559854635606e-03
3.149574787393696695e+01 5.184702492766523133e-03
3.153576788394196839e+01 5.992432788726255108e-03
3.157578789394697338e+01 7.138156825889978470e-03
3.161580790395197482e+01 8.742146489826361014e-03
3.165582791395697626e+01 1.092845529843898371e-02
3.169584792396198125e+01 1.370453587249768901e-02
3.173586793396698269e+01 1.666164380694306821e-02
3.177588794397198413e+01 1.868290380993484906e-02
3.181590795397698912e+01 1.853481195264800735e-02
3.185592796398199056e+01 1.629857860603299569e-02
3.189594797398699200e+01 1.325932766039530052e-02
3.193596798399199344e+01 1.046716762571374415e-02
3.197598799399699843e+01 8.271075977047601807e-03
3.201600800400200342e+01 6.639900968051504204e-03
3.205602801400700486e+01 5.443588046123536486e-03
3.209604802401200629e+01 4.560079520487311106e-03
3.213606803401700773e+01 3.897774397485925801e-03
3.217608804402200917e+01 3.392536625621811117e-03
3.221610805402701061e+01 3.000295133244652336e-03
3.225612806403201205e+01 2.690713467835788297e-03
3.229614807403702059e+01 2.442689571093484193e-03
3.233616808404202203e+01 2.241339900740784655e-03
3.237618809404702347e+01 2.076012710620910983e-03
3.241620810405202491e+01 1.938979164874217540e-03
3.245622811405702635e+01 1.824564583140899157e-03
3.249624812406202778e+01 1.728566200604184045e-03
3.253626813406702922e+01 1.647859694070481860e-03
3.257628814407203777e+01 1.580132551835125056e-03
3.261630815407703921e+01 1.523705259577734505e-03
3.265632816408204064e+01 1.477416201639319450e-03
3.269634817408704208e+01 1.440556415048757036e-03
3.273636818409204352e+01 1.412848088721648920e-03
3.277638819409704496e+01 1.394467592726384396e-03
3.281640820410205350e+01 1.386121212206936626e-03
3.285642821410705494e+01 1.389190834871751158e-03
3.289644822411205638e+01 1.405978047688523271e-03
3.293646823411705782e+01 1.440085321537696228e-03
3.297648824412205926e+01 1.496964945747104913e-03
3.301650825412706070e+01 1.584572931128404435e-03
3.305652826413206213e+01 1.713660956378280920e-03
3.309654827413707068e+01 1.895895688654714506e-03
3.313656828414207212e+01 2.134674914095661177e-03
3.317658829414707355e+01 2.400558680850581328e-03
3.321660830415207499e+01 2.601978603072225421e-03
3.325662831415707643e+01 2.623418282667001541e-03
3.329664832416207787e+01 2.453534686818800888e-03
3.333666833416707931e+01 2.201239938817512679e-03
3.337668834417208785e+01 1.968754033505641481e-03
3.341670835417708929e+01 1.795316670428063035e-03
3.345672836418209073e+01 1.682334868440557921e-03
3.349674837418709217e+01 1.620732141677073881e-03
3.353676838419209361e+01 1.602284156965025439e-03
3.357678839419709504e+01 1.622525059781418193e-03
3.361680840420210359e+01 1.681111537261567590e-03
3.365682841420710503e+01 1.781915930968390504e-03
3.369684842421210647e+01 1.933574092512338038e-03
3.373686843421710790e+01 2.150763965886148387e-03
3.377688844422210934e+01 2.456357791135405609e-03
3.381690845422711078e+01 2.884260838965503008e-03
3.385692846423211222e+01 3.481301445403455451e-03
3.389694847423712076e+01 4.301501354964151931e-03
3.393696848424212220e+01 5.372670333163608210e-03
3.397698849424712364e+01 6.597991220235554718e-03
3.401700850425212508e+01 7.609767808032093413e-03
3.405702851425712652e+01 7.855801080936402475e-03
3.409704852426212796e+01 7.158432261954959623e-03
3.413706853426712939e+01 5.952438719443696458e-03
3.417708854427213794e+01 4.746316469172332485e-03
3.421710855427713938e+01 3.764438331743356035e-03
3.425712856428214081e+01 3.026345348237403053e-03
3.429714857428714225e+01 2.483915136781221500e-03
3.433716858429214369e+01 2.084093053019221362e-03
3.437718859429714513e+01 1.785295068532732985e-03
3.441720860430214657e+01 1.557995098274391182e-03
3.445722861430715511e+01 1.381840427911678161e-03
3.449724862431215655e+01 1.242838487079318951e-03
3.453726863431715799e+01 1.131282906698261558e-03
3.457728864432215943e+01 1.040346534850778186e-03
3.461730865432716087e+01 9.651514426515167078e-04
3.465732866433216230e+01 9.021561963252163786e-04
3.469734867433717085e+01 8.487493157363541502e-04
3.473736868434217229e+01 8.029763430680912466e-04
3.477738869434717373e+01 7.633540567647096285e-04
3.481740870435217516e+01 7.287421536946945546e-04
3.485742871435717660e+01 6.982533276900575138e-04
3.489744872436217804e+01 6.711893601366593050e-04
3.493746873436717948e+01 6.469950804878562157e-04
3.497748874437218802e+01 6.252247722602774982e-04
3.501750875437718946e+01 6.055173617881990863e-04
3.505752876438219090e+01 5.875778835966002272e-04
3.509754877438719234e+01 5.711634854358423139e-04
3.513756878439219378e+01 5.560727541607051426e-04
3.517758879439719522e+01 5.421374970592720416e-04
3.521760880440219665e+01 5.292163572352342289e-04
3.525762881440720520e+01 5.171898120641388449e-04
3.529764882441220664e+01 5.059562240956325726e-04
3.533766883441720807e+01 4.954286996710761904e-04
3.537768884442220951e+01 4.855325724525915137e-04
3.541770885442721095e+01 4.762033741342132690e-04
3.545772886443221239e+01 4.673851877144654570e-04
3.549774887443722093e+01 4.590293032403767776e-04
3.553776888444222237e+01 4.510931142584761197e-04
3.557778889444722381e+01 4.435392070059521576e-04
3.561780890445222525e+01 4.363346048416592610e-04
3.565782891445722669e+01 4.294501384126998703e-04
3.569784892446222813e+01 4.228599182027869001e-04
3.573786893446722956e+01 4.165408908700378074e-04
3.577788894447223811e+01 4.104724644908917092e-04
3.581790895447723955e+01 4.046361907331694858e-04
3.585792896448224099e+01 3.990154942715093151e-04
3.589794897448724242e+01 3.935954415729784879e-04
3.593796898449224386e+01 3.883625426257080447e-04
3.597798899449724530e+01 3.833045803400245187e-04
3.601800900450224674e+01 3.784104632816438188e-04
3.605802901450725528e+01 3.736700981479145378e-04
3.609804902451225672e+01 3.690742790077874112e-04
3.613806903451725816e+01 3.646145908230078976e-04
3.617808904452225960e+01 3.602833251745182590e-04
3.621810905452726104e+01 3.560734064519125905e-04
3.625812906453226248e+01 3.519783270390535769e-04
3.629814907453727102e+01 3.479920902567382656e-04
3.633816908454227246e+01 3.441091600124343954e-04
3.637818909454727390e+01 3.403244162646712544e-04
3.641820910455227533e+01 3.366331155414276901e-04
3.645822911455727677e+01 3.330308558622753663e-04
3.649824912456227821e+01 3.295135455069643894e-04
3.653826913456727965e+01 3.260773751514976782e-04
3.657828914457228819e+01 3.227187929590390842e-04
3.661830915457728963e+01 3.194344822692571405e-04
3.665832916458229107e+01 3.162213415775267278e-04
3.669834917458729251e+01 3.130764665362341468e-04
3.673836918459229395e+01 3.099971337452968540e-04
3.677838919459729539e+01 3.069807861289077303e-04
3.681840920460229682e+01 3.040250197212003981e-04
3.685842921460730537e+01 3.011275717056422375e-04
3.689844922461230681e+01 2.982863095720481006e-04
3.693846923461730825e+01 2.954992212716037528e-04
3.697848924462230968e+01 2.927644062646116781e-04
3.701850925462731112e+01 2.900800673680709344e-04
3.705852926463231256e+01 2.874445033210293126e-04
3.709854927463732110e+01 2.848561019950683138e-04
3.713856928464232254e+01 2.823133341855096879e-04
3.717858929464732398e+01 2.798147479261407539e-04
3.721860930465232542e+01 2.773589632765791719e-04
3.725862931465732686e+01 2.749446675369342057e-04
3.729864932466232830e+01 2.725706108493137591e-04
3.733866933466732974e+01 2.702356021500208348e-04
3.737868934467233828e+01 2.679385054400840009e-04
3.741870935467733972e+01 2.656782363451223330e-04
3.745872936468234116e+01 2.634537589385122685e-04
3.749874937468734259e+01 2.612640828044717595e-04
3.753876938469234403e+01 2.591082603200031025e-04
3.757878939469734547e+01 2.569853841367283334e-04
3.761880940470234691e+01 2.548945848454994248e-04
3.765882941470735545e+01 2.528350288083228343e-04
3.769884942471235689e+01 2.508059161436128445e-04
3.773886943471735833e+01 2.488064788521064208e-04
3.777888944472235977e+01 2.468359790719609195e-04
3.781890945472736121e+01 2.448937074526107496e-04
3.785892946473236265e+01 2.429789816379130491e-04
3.789894947473736408e+01 2.410911448499666833e-04
3.793896948474237263e+01 2.392295645657593862e-04
3.797898949474737407e+01 2.373936312794928949e-04
3.801900950475237551e+01 2.355827573440540828e-04
3.805902951475737694e+01 2.337963758856764893e-04
3.809904952476237838e+01 2.320339397863344522e-04
3.813906953476737982e+01 2.302949207288838699e-04
3.817908954477238836e+01 2.285788083003742032e-04
3.821910955477738980e+01 2.268851091493427966e-04
3.825912956478239124e+01 2.252133461932382069e-04
3.829914957478739268e+01 2.235630578724423804e-04
3.833916958479239412e+01 2.219337974476362767e-04
3.837918959479739556e+01 2.203251323375186312e-04
3.841920960480239700e+01 2.187366434941222736e-04
3.845922961480740554e+01 2.171679248131835969e-04
3.849924962481240698e+01 2.156185825772268514e-04
3.853926963481740842e+01 2.140882349291893842e-04
3.857928964482240985e+01 2.125765113745963874e-04
3.861930965482741129e+01 2.110830523104278923e-04
3.865932966483241273e+01 2.096075085789672165e-04
3.869934967483741417e+01 2.081495410450445434e-04
3.873936968484242271e+01 2.067088201952028525e-04
3.877938969484742415e+01 2.052850257574255813e-04
3.881940970485242559e+01 2.038778463401519456e-04
3.885942971485742703e+01 2.024869790894104707e-04
3.889944972486242847e+01 2.011121293629718134e-04
3.893946973486742991e+01 1.997530104205037305e-04
3.897948974487243845e+01 1.984093431287811432e-04
3.901950975487743989e+01 1.970808556810676993e-04
3.905952976488244133e+01 1.957672833298443793e-04
3.909954977488744277e+01 1.944683681321199981e-04
3.913956978489244420e+01 1.931838587066053985e-04
3.917958979489744564e+01 1.919135100020798374e-04
3.921960980490244708e+01 1.906570830763281528e-04
3.925962981490745562e+01 1.894143448850592315e-04
3.929964982491245706e+01 1.881850680802616446e-04
3.933966983491745850e+01 1.869690308174803950e-04
3.937968984492245994e+01 1.857660165715379751e-04
3.941970985492746138e+01 1.845758139602463456e-04
3.945972986493246282e+01 1.833982165756902784e-04
3.949974987493746426e+01 1.822330228226828322e-04
3.953976988494247280e+01 1.810800357640229765e-04
3.957978989494747424e+01 1.799390629722061980e-04
3.961980990495247568e+01 1.788099163872551838e-04
3.965982991495747711e+01 1.776924121803675474e-04
3.969984992496247855e+01 1.765863706230846647e-04
3.973986993496747999e+01 1.754916159617110030e-04
3.977988994497248854e+01 1.744079762967236261e-04
3.981990995497748997e+01 1.733352834669302602e-04
3.985992996498249141e+01 1.722733729381458552e-04
3.989994997498749285e+01 1.712220836961710687e-04
3.993996998499249429e+01 1.701812581438706348e-04
3.997998999499749573e+01 1.691507420021553479e-04
4.002001000500249717e+01 1.681303842146884711e-04
4.006003001500750571e+01 1.671200368561424454e-04
4.010005002501250715e+01 1.661195550438460892e-04
4.014007003501750859e+01 1.651287968526620430e-04
4.018009004502251003e+01 1.641476232329573334e-04
4.022011005502751146e+01 1.631758979315211253e-04
4.026013006503251290e+01 1.622134874153042443e-04
4.030015007503751434e+01 1.612602607978527800e-04
4.034017008504252289e+01 1.603160897683211415e-04
4.038019009504752432e+01 1.593808485229523226e-04
4.042021010505252576e+01 1.584544136989167148e-04
4.046023011505752720e+01 1.575366643104146515e-04
4.050025012506252864e+01 1.566274816869418285e-04
4.054027013506753008e+01 1.557267494136309435e-04
4.058029014507253862e+01 1.548343532735800283e-04
4.062031015507754006e+01 1.539501811920897354e-04
4.066033016508254150e+01 1.530741231827267466e-04
4.070035017508754294e+01 1.522060712951435349e-04
4.074037018509254438e+01 1.513459195645813500e-04
4.078039019509754581e+01 1.504935639629905624e-04
4.082041020510254725e+01 1.496489023517027183e-04
4.086043021510755580e+01 1.488118344355955126e-04
4.090045022511255723e+01 1.479822617186911870e-04
4.094047023511755867e+01 1.471600874611314299e-04
4.098049024512256011e+01 1.463452166374807229e-04
4.102051025512756155e+01 1.455375558963003450e-04
4.106053026513256299e+01 1.447370135209525665e-04
4.110055027513756443e+01 1.439434993915832356e-04
4.114057028514257297e+01 1.431569249482407980e-04
4.118059029514757441e+01 1.423772031550910933e-04
4.122061030515257585e+01 1.416042484656845045e-04
4.126063031515757729e+01 1.408379767892405771e-04
4.130065032516257872e+01 1.400783054579110500e-04
4.134067033516758016e+01 1.393251531949859514e-04
4.138069034517258160e+01 1.385784400840116997e-04
4.142071035517759015e+01 1.378380875387854286e-04
4.146073036518259158e+01 1.371040182741975651e-04
4.150075037518759302e+01 1.363761562778907307e-04
4.154077038519259446e+01 1.356544267827093240e-04
4.158079039519759590e+01 1.349387562399102672e-04
4.162081040520259734e+01 1.342290722931089501e-04
4.166083041520760588e+01 1.335253037529378209e-04
4.170085042521260732e+01 1.328273805723909778e-04
4.174087043521760876e+01 1.321352338228321845e-04
4.178089044522261020e+01 1.314487956706458175e-04
4.182091045522761164e+01 1.307679993545079230e-04
4.186093046523261307e+01 1.300927791632576502e-04
4.190095047523761451e+01 1.294230704143493026e-04
4.194097048524262306e+01 1.287588094328663579e-04
4.198099049524762449e+01 1.280999335310797308e-04
4.202101050525262593e+01 1.274463809885309788e-04
4.206103051525762737e+01 1.267980910326273333e-04
4.210105052526262881e+01 1.261550038197285512e-04
4.214107053526763025e+01 1.255170604167127140e-04
4.218109054527263169e+01 1.248842027830054946e-04
4.222111055527764023e+01 1.242563737530570655e-04
4.226113056528264167e+01 1.236335170192561026e-04
4.230115057528764311e+01 1.230155771152631851e-04
4.234117058529264455e+01 1.224024993997550003e-04
4.238119059529764598e+01 1.217942300405643763e-04
4.242121060530264742e+01 1.211907159992049363e-04
4.246123061530765597e+01 1.205919050157691109e-04
4.250125062531265741e+01 1.199977455941885992e-04
4.254127063531765884e+01 1.194081869878453524e-04
4.258129064532266028e+01 1.188231791855249084e-04
4.262131065532766172e+01 1.182426728977000412e-04
4.266133066533266316e+01 1.176666195431364870e-04
4.270135067533766460e+01 1.170949712358109065e-04
4.274137068534267314e+01 1.165276807721321931e-04
4.278139069534767458e+01 1.159647016184580780e-04
4.282141070535267602e+01 1.154059878988972053e-04
4.286143071535767746e+01 1.148514943833905239e-04
4.290145072536267890e+01 1.143011764760627964e-04
4.294147073536768033e+01 1.137549902038374999e-04
4.298149074537268177e+01 1.132128922053071387e-04
4.302151075537769032e+01 1.126748397198526383e-04
4.306153076538269175e+01 1.121407905770049234e-04
4.310155077538769319e+01 1.116107031860407919e-04
4.314157078539269463e+01 1.110845365258092632e-04
4.318159079539769607e+01 1.105622501347795777e-04
4.322161080540269751e+01 1.100438041013069727e-04
4.326163081540770605e+01 1.095291590541087792e-04
4.330165082541270749e+01 1.090182761529467611e-04
4.334167083541770893e+01 1.085111170795088805e-04
4.338169084542271037e+01 1.080076440284862731e-04
4.342171085542771181e+01 1.075078196988401620e-04
4.346173086543271324e+01 1.070116072852534387e-04
4.350175087543771468e+01 1.065189704697620457e-04
4.354177088544272323e+01 1.060298734135623378e-04
4.358179089544772467e+01 1.055442807489892195e-04
4.362181090545272610e+01 1.050621575716609242e-04
4.366183091545772754e+01 1.045834694327859763e-04
4.370185092546272898e+01 1.041081823316289076e-04
4.374187093546773042e+01 1.036362627081301337e-04
4.378189094547273186e+01 1.031676774356765619e-04
4.382191095547774040e+01 1.027023938140184984e-04
4.386193096548274184e+01 1.022403795623304018e-04
4.390195097548774328e+01 1.017816028124109433e-04
4.394197098549274472e+01 1.013260321020190261e-04
4.398199099549774616e+01 1.008736363683436895e-04
4.402201100550274759e+01 1.004243849416025459e-04
4.406203101550775614e+01 9.997824753876780111e-05
4.410205102551275758e+01 9.953519425741557487e-05
4.414207103551775901e+01 9.909519556969525718e-05
4.418209104552276045e+01 9.865822231641747562e-05
4.422211105552776189e+01 9.822424570125650042e-05
4.426213106553276333e+01 9.779323728506527107e-05
4.430215107553776477e+01 9.736516898029961556e-05
4.434217108554277331e+01 9.694001304554995477e-05
4.438219109554777475e+01 9.651774208017764589e-05
4.442221110555277619e+01 9.609832901905284786e-05
4.446223111555777763e+01 9.568174712739312268e-05
4.450225112556277907e+01 9.526796999569901866e-05
4.454227113556778050e+01 9.485697153478502279e-05
4.458229114557278194e+01 9.444872597090375450e-05
4.462231115557779049e+01 9.404320784096127303e-05
4.466233116558279193e+01 9.364039198782145204e-05
4.470235117558779336e+01 9.324025355569690065e-05
4.474237118559279480e+01 9.284276798562552291e-05
4.478239119559779624e+01 9.244791101102980187e-05
4.482241120560279768e+01 9.205565865335780542e-05
4.486243121560779912e+01 9.166598721780340659e-05
4.490245122561280766e+01 9.127887328910439034e-05
4.494247123561780910e+01 9.089429372741695580e-05
4.498249124562281054e+01 9.051222566426394439e-05
4.502251125562781198e+01 9.013264649855678003e-05
4.506253126563281342e+01 8.975553389268790968e-05
4.510255127563781485e+01 8.938086576869332394e-05
4.514257128564282340e+01 8.900862030448340951e-05
4.518259129564782484e+01 8.863877593014039878e-05
4.522261130565282627e+01 8.827131132428089866e-05
4.526263131565782771e+01 8.790620541048283453e-05
4.530265132566282915e+01 8.754343735377511531e-05
4.534267133566783059e+01 8.718298655718797324e-05
4.538269134567283203e+01 8.682483265836372075e-05
4.542271135567784057e+01 8.646895552622654217e-05
4.546273136568284201e+01 8.611533525770932805e-05
4.550275137568784345e+01 8.576395217453713189e-05
4.554277138569284489e+01 8.541478682006567729e-05
4.558279139569784633e+01 8.506781995617429201e-05
4.562281140570284776e+01 8.472303256021133098e-05
4.566283141570784920e+01 8.438040582199177653e-05
4.570285142571285775e+01 8.403992114084564706e-05
4.574287143571785919e+01 8.370156012271625192e-05
4.578289144572286062e+01 8.336530457730680164e-05
4.582291145572786206e+01 8.303113651527553628e-05
4.586293146573286350e+01 8.269903814547728473e-05
4.590295147573786494e+01 8.236899187225084503e-05
4.594297148574287348e+01 8.204098029275191484e-05
4.598299149574787492e+01 8.171498619432959320e-05
4.602301150575287636e+01 8.139099255194637240e-05
4.606303151575787780e+01 8.106898252564046794e-05
4.610305152576287924e+01 8.074893945803003929e-05
4.614307153576788068e+01 8.043084687185747203e-05
4.618309154577288211e+01 8.011468846757458851e-05
4.622311155577789066e+01 7.980044812096607674e-05
4.626313156578289210e+01 7.948810988081214017e-05
4.630315157578789353e+01 7.917765796658845774e-05
4.634317158579289497e+01 7.886907676620315570e-05
4.638319159579789641e+01 7.856235083376991062e-05
4.642321160580289785e+01 7.825746488741729177e-05
4.646323161580789929e+01 7.795440380713216104e-05
4.650325162581290783e+01 7.765315263263764531e-05
4.654327163581790927e+01 7.735369656130519351e-05
4.658329164582291071e+01 7.705602094609860400e-05
4.662331165582791215e+01 7.676011129355144542e-05
4.666333166583291359e+01 7.646595326177522826e-05
4.670335167583791502e+01 7.617353265849983134e-05
4.674337168584292357e+01 7.588283543914336451e-05
4.678339169584792501e+01 7.559384770491308009e-05
4.682341170585292645e+01 7.530655570093489374e-05
4.686343171585792788e+01 7.502094581441220587e-05
4.690345172586292932e+01 7.473700457281327826e-05
4.694347173586793076e+01 7.445471864208625778e-05
4.698349174587293220e+01 7.417407482490146788e-05
4.702351175587794074e+01 7.389506005892071015e-05
4.706353176588294218e+01 7.361766141509306120e-05
4.710355177588794362e+01 7.334186609597618883e-05
4.714357178589294506e+01 7.306766143408364848e-05
4.718359179589794650e+01 7.279503489025664195e-05
4.722361180590294794e+01 7.252397405206053660e-05
4.726363181590794937e+01 7.225446663220573844e-05
4.730365182591295792e+01 7.198650046699146896e-05
4.734367183591795936e+01 7.172006351477401792e-05
4.738369184592296079e+01 7.145514385445640899e-05
4.742371185592796223e+01 7.119172968400161981e-05
4.746373186593296367e+01 7.092980931896729628e-05
4.750375187593796511e+01 7.066937119106228647e-05
4.754377188594297365e+01 7.041040384672447904e-05
4.758379189594797509e+01 7.015289594571967526e-05
4.762381190595297653e+01 6.989683625976024766e-05
4.766383191595797797e+01 6.964221367114541497e-05
4.770385192596297941e+01 6.938901717141982657e-05
4.774387193596798085e+01 6.913723586005270604e-05
4.778389194597298228e+01 6.888685894313587347e-05
4.782391195597799083e+01 6.863787573210015848e-05
4.786393196598299227e+01 6.839027564245132894e-05
4.790395197598799371e+01 6.814404819252304160e-05
4.794397198599299514e+01 6.789918300224854944e-05
4.798399199599799658e+01 6.765566979194970209e-05
4.802401200600299802e+01 6.741349838114315792e-05
4.806403201600799946e+01 6.717265868736388911e-05
4.810405202601300800e+01 6.693314072500494987e-05
4.814407203601800944e+01 6.669493460417423938e-05
4.818409204602301088e+01 6.645803052956704004e-05
4.822411205602801232e+01 6.622241879935442555e-05
4.826413206603301376e+01 6.598808980408766114e-05
4.830415207603801520e+01 6.575503402561772828e-05
4.834417208604301663e+01 6.552324203602974374e-05
4.838419209604802518e+01 6.529270449659281485e-05
4.842421210605302662e+01 6.506341215672427412e-05
4.846423211605802805e+01 6.483535585296800840e-05
4.850425212606302949e+01 6.460852650798708599e-05
4.854427213606803093e+01 6.438291512957091203e-05
4.858429214607303237e+01 6.415851280965505557e-05
4.862431215607804091e+01 6.393531072335545580e-05
4.866433216608304235e+01 6.371330012801531347e-05
4.870435217608804379e+01 6.349247236226523668e-05
4.874437218609304523e+01 6.327281884509632938e-05
4.878439219609804667e+01 6.305433107494555836e-05
4.882441220610304811e+01 6.283700062879419852e-05
4.886443221610804954e+01 6.262081916127758090e-05
4.890445222611305809e+01 6.240577840380781051e-05
4.894447223611805953e+01 6.219187016370777336e-05
4.898449224612306097e+01 6.197908632335683943e-05
4.902451225612806240e+01 6.176741883934820708e-05
4.906453226613306384e+01 6.155685974165755049e-05
4.910455227613806528e+01 6.134740113282263090e-05
4.914457228614306672e+01 6.113903518713387198e-05
4.918459229614807526e+01 6.093175414983584488e-05
4.922461230615307670e+01 6.072555033633934466e-05
4.926463231615807814e+01 6.052041613144359044e-05
4.930465232616307958e+01 6.031634398856911846e-05
4.934467233616808102e+01 6.011332642900056849e-05
4.938469234617308246e+01 5.991135604113956693e-05
4.942471235617809100e+01 5.971042547976704919e-05
4.946473236618309244e+01 5.951052746531597008e-05
4.950475237618809388e+01 5.931165478315263362e-05
4.954477238619309531e+01 5.911380028286803144e-05
4.958479239619809675e+01 5.891695687757824774e-05
4.962481240620309819e+01 5.872111754323370729e-05
4.966483241620809963e+01 5.852627531793776119e-05
4.970485242621310817e+01 5.833242330127367512e-05
4.974487243621810961e+01 5.813955465364064359e-05
4.978489244622311105e+01 5.794766259559816615e-05
4.982491245622811249e+01 5.775674040721869734e-05
4.986493246623311393e+01 5.756678142744897029e-05
4.990495247623811537e+01 5.737777905347918084e-05
4.994497248624311680e+01 5.718972674012026919e-05
4.998499249624812535e+01 5.700261799918916375e-05
5.002501250625312679e+01 5.681644639890191930e-05
5.006503251625812823e+01 5.663120556327440390e-05
5.010505252626312966e+01 5.644688917153040580e-05
5.014507253626813110e+01 5.626349095751774997e-05
5.018509254627313254e+01 5.608100470913122466e-05
5.022511255627814108e+01 5.589942426774287384e-05
5.026513256628314252e+01 5.571874352763983839e-05
5.030515257628814396e+01 5.553895643546850593e-05
5.034517258629314540e+01 5.536005698968625015e-05
5.038519259629814684e+01 5.518203924001965498e-05
5.042521260630314828e+01 5.500489728692958277e-05
5.046523261630814972e+01 5.482862528108285613e-05
5.050525262631315826e+01 5.465321742283049244e-05
5.054527263631815970e+01 5.447866796169232152e-05
5.058529264632316114e+01 5.430497119584802731e-05
5.062531265632816257e+01 5.413212147163445746e-05
5.066533266633316401e+01 5.396011318304903170e-05
5.070535267633816545e+01 5.378894077125924195e-05
5.074537268634316689e+01 5.361859872411835280e-05
5.078539269634817543e+01 5.344908157568648227e-05
5.082541270635317687e+01 5.328038390575841825e-05
5.086543271635817831e+01 5.311250033939600207e-05
5.090545272636317975e+01 5.294542554646722738e-05
5.094547273636818119e+01 5.277915424119036705e-05
5.098549274637318263e+01 5.261368118168370398e-05
5.102551275637819117e+01 5.244900116952067617e-05
5.106553276638319261e+01 5.228510904929059870e-05
5.110555277638819405e+01 5.212199970816422384e-05
5.114557278639319549e+01 5.195966807546488497e-05
5.118559279639819692e+01 5.179810912224466833e-05
5.122561280640319836e+01 5.163731786086548411e-05
5.126563281640819980e+01 5.147728934458534167e-05
5.130565282641320835e+01 5.131801866714943592e-05
5.134567283641820978e+01 5.115950096238615325e-05
5.138569284642321122e+01 5.100173140380758369e-05
5.142571285642821266e+01 5.084470520421531178e-05
5.146573286643321410e+01 5.068841761531024610e-05
5.150575287643821554e+01 5.053286392730739544e-05
5.154577288644321698e+01 5.037803946855514445e-05
5.158579289644822552e+01 5.022393960515885927e-05
5.162581290645322696e+01 5.007055974060910112e-05
5.166583291645822840e+01 4.991789531541377674e-05
5.170585292646322984e+01 4.976594180673525603e-05
5.174587293646823127e+01 4.961469472803096568e-05
5.178589294647323271e+01 4.946414962869863157e-05
5.182591295647823415e+01 4.931430209372552573e-05
5.186593296648324269e+01 4.916514774334171140e-05
5.190595297648824413e+01 4.901668223267739450e-05
5.194597298649324557e+01 4.886890125142397492e-05
5.198599299649824701e+01 4.872180052349940751e-05
5.202601300650324845e+01 4.857537580671700544e-05
5.206603301650824989e+01 4.842962289245824150e-05
5.210605302651325843e+01 4.828453760534935098e-05
5.214607303651825987e+01 4.814011580294140388e-05
5.218609304652326131e+01 4.799635337539420580e-05
5.222611305652826275e+01 4.785324624516376987e-05
5.226613306653326418e+01 4.771079036669322428e-05
5.230615307653826562e+01 4.756898172610741284e-05
5.234617308654326706e+01 4.742781634091070074e-05
5.238619309654827561e+01 4.728729025968847336e-05
5.242621310655327704e+01 4.714739956181181993e-05
5.246623311655827848e+01 4.700814035714540203e-05
5.250625312656327992e+01 4.686950878575909645e-05
5.254627313656828136e+01 4.673150101764221310e-05
5.258629314657328280e+01 4.659411325242150751e-05
5.262631315657828424e+01 4.645734171908190397e-05
5.266633316658329278e+01 4.632118267569060668e-05
5.270635317658829422e+01 4.618563240912417899e-05
5.274637318659329566e+01 4.605068723479857705e-05
5.278639319659829710e+01 4.591634349640225988e-05
5.282641320660329853e+01 4.578259756563236236e-05
5.286643321660829997e+01 4.564944584193356510e-05
5.290645322661330852e+01 4.551688475223989849e-05
5.294647323661830995e+01 4.538491075071967733e-05
5.298649324662331139e+01 4.525352031852261750e-05
5.302651325662831283e+01 4.512270996353046944e-05
5.306653326663331427e+01 4.499247622010979291e-05
5.310655327663831571e+01 4.486281564886767954e-05
5.314657328664331715e+01 4.473372483641022639e-05
5.318659329664832569e+01 4.460520039510341522e-05
5.322661330665332713e+01 4.447723896283680382e-05
5.326663331665832857e+01 4.434983720278965006e-05
5.330665332666333001e+01 4.422299180319946182e-05
5.334667333666833144e+01 4.409669947713351493e-05
5.338669334667333288e+01 4.397095696226213299e-05
5.342671335667833432e+01 4.384576102063512482e-05
5.346673336668334287e+01 4.372110843846006514e-05
5.350675337668834430e+01 4.359699602588333996e-05
5.354677338669334574e+01 4.347342061677329257e-05
5.358679339669834718e+01 4.335037906850576836e-05
5.362681340670334862e+01 4.322786826175211263e-05
5.366683341670835006e+01 4.310588510026904543e-05
5.370685342671335860e+01 4.298442651069120629e-05
5.374687343671836004e+01 4.286348944232572494e-05
5.378689344672336148e+01 4.274307086694880472e-05
5.382691345672836292e+01 4.262316777860465048e-05
5.386693346673336436e+01 4.250377719340659881e-05
5.390695347673836579e+01 4.238489614934014559e-05
5.394697348674336723e+01 4.226652170606806744e-05
5.398699349674837578e+01 4.214865094473789454e-05
5.402701350675337721e+01 4.203128096779088093e-05
5.406703351675837865e+01 4.191440889877351601e-05
5.410705352676338009e+01 4.179803188215067583e-05
5.414707353676838153e+01 4.168214708312071920e-05
5.418709354677338297e+01 4.156675168743279958e-05
5.422711355677838441e+01 4.145184290120574238e-05
5.426713356678339295e+01 4.133741795074906351e-05
5.430715357678839439e+01 4.122347408238561419e-05
5.434717358679339583e+01 4.111000856227636714e-05
5.438719359679839727e+01 4.099701867624661218e-05
5.442721360680339870e+01 4.088450172961438124e-05
5.446723361680840014e+01 4.077245504702026928e-05
5.450725362681340869e+01 4.066087597225934906e-05
5.454727363681841013e+01 4.054976186811442087e-05
5.458729364682341156e+01 4.043911011619142384e-05
5.462731365682841300e+01 4.032891811675608733e-05
5.466733366683341444e+01 4.021918328857259489e-05
5.470735367683841588e+01 4.010990306874382029e-05
5.474737368684341732e+01 4.000107491255290522e-05
5.478739369684842586e+01 3.989269629330692416e-05
5.482741370685342730e+01 3.978476470218187056e-05
5.486743371685842874e+01 3.967727764806904569e-05
5.490745372686343018e+01 3.957023265742349400e-05
5.494747373686843162e+01 3.946362727411340064e-05
5.498749374687343305e+01 3.935745905927152862e-05
5.502751375687843449e+01 3.925172559114777418e-05
5.506753376688344304e+01 3.914642446496330086e-05
5.510755377688844447e+01 3.904155329276644227e-05
5.514757378689344591e+01 3.893710970328947225e-05
5.518759379689844735e+01 3.883309134180735361e-05
5.522761380690344879e+01 3.872949586999763888e-05
5.526763381690845023e+01 3.862632096580169248e-05
5.530765382691345167e+01 3.852356432328756620e-05
5.534767383691846021e+01 3.842122365251403348e-05
5.538769384692346165e+01 3.831929667939608060e-05
5.542771385692846309e+01 3.821778114557153626e-05
5.546773386693346453e+01 3.811667480826930031e-05
5.550775387693846596e+01 3.801597544017875166e-05
5.554777388694346740e+01 3.791568082932034195e-05
5.558779389694847595e+01 3.781578877891769356e-05
5.562781390695347739e+01 3.771629710727073442e-05
5.566783391695847882e+01 3.761720364763021518e-05
5.570785392696348026e+01 3.751850624807337149e-05
5.574787393696848170e+01 3.742020277138092811e-05
5.578789394697348314e+01 3.732229109491513966e-05
5.582791395697848458e+01 3.722476911049923417e-05
5.586793396698349312e+01 3.712763472429772386e-05
5.590795397698849456e+01 3.703088585669836951e-05
5.594797398699349600e+01 3.693452044219465961e-05
5.598799399699849744e+01 3.683853642926996345e-05
5.602801400700349888e+01 3.674293178028257851e-05
5.606803401700850031e+01 3.664770447135195705e-05
5.610805402701350175e+01 3.655285249224582710e-05
5.614807403701851030e+01 3.645837384626884485e-05
5.618809404702351173e+01 3.636426655015185025e-05
5.622811405702851317e+01 3.627052863394241675e-05
5.626813406703351461e+01 3.617715814089651240e-05
5.630815407703851605e+01 3.608415312737098089e-05
5.634817408704351749e+01 3.599151166271733718e-05
5.638819409704852603e+01 3.589923182917630849e-05
5.642821410705352747e+01 3.580731172177354082e-05
5.646823411705852891e+01 3.571574944821634227e-05
5.650825412706353035e+01 3.562454312879108364e-05
5.654827413706853179e+01 3.553369089626218463e-05
5.658829414707353322e+01 3.544319089577135083e-05
5.662831415707853466e+01 3.535304128473830144e-05
5.666833416708354321e+01 3.526324023276223565e-05
5.670835417708854465e+01 3.517378592152415955e-05
5.674837418709354608e+01 3.508467654469031084e-05
5.678839419709854752e+01 3.499591030781627467e-05
5.682841420710354896e+01 3.490748542825229894e-05
5.686843421710855040e+01 3.481940013504919234e-05
5.690845422711355184e+01 3.473165266886520488e-05
5.694847423711856038e+01 3.464424128187401305e-05
5.698849424712356182e+01 3.455716423767321317e-05
5.702851425712856326e+01 3.447041981119382432e-05
5.706853426713356470e+01 3.438400628861071302e-05
5.710855427713856614e+01 3.429792196725372241e-05
5.714857428714356757e+01 3.421216515551968936e-05
5.718859429714857612e+01 3.412673417278532873e-05
5.722861430715357756e+01 3.404162734932082929e-05
5.726863431715857899e+01 3.395684302620426950e-05
5.730865432716358043e+01 3.387237955523682612e-05
5.734867433716858187e+01 3.378823529885889760e-05
5.738869434717358331e+01 3.370440863006678997e-05
5.742871435717858475e+01 3.362089793233026319e-05
5.746873436718359329e+01 3.353770159951093824e-05
5.750875437718859473e+01 3.345481803578130038e-05
5.754877438719359617e+01 3.337224565554443436e-05
5.758879439719859761e+01 3.328998288335469465e-05
5.762881440720359905e+01 3.320802815383888396e-05
5.766883441720860048e+01 3.312637991161827204e-05
5.770885442721360192e+01 3.304503661123122423e-05
5.774887443721861047e+01 3.296399671705670429e-05
5.778889444722361191e+01 3.288325870323838696e-05
5.782891445722861334e+01 3.280282105360925854e-05
5.786893446723361478e+01 3.272268226161728123e-05
5.790895447723861622e+01 3.264284083025140312e-05
5.794897448724361766e+01 3.256329527196846941e-05
5.798899449724862620e+01 3.248404410862061479e-05
5.802901450725362764e+01 3.240508587138350271e-05
5.806903451725862908e+01 3.232641910068491723e-05
5.810905452726363052e+01 3.224804234613433721e-05
5.814907453726863196e+01 3.216995416645289694e-05
5.818909454727363340e+01 3.209215312940410554e-05
5.822911455727863483e+01 3.201463781172510860e-05
5.826913456728364338e+01 3.193740679905862059e-05
5.830915457728864482e+01 3.186045868588545361e-05
5.834917458729364625e+01 3.178379207545760176e-05
5.838919459729864769e+01 3.170740557973193545e-05
5.842921460730364913e+01 3.163129781930462746e-05
5.846923461730865057e+01 3.155546742334587043e-05
5.850925462731365201e+01 3.147991302953551590e-05
5.854927463731866055e+01 3.140463328399893699e-05
5.858929464732366199e+01 3.132962684124375165e-05
5.862931465732866343e+01 3.125489236409701344e-05
5.866933466733366487e+01 3.118042852364279541e-05
5.870935467733866631e+01 3.110623399916054641e-05
5.874937468734366774e+01 3.103230747806389465e-05
5.878939469734866918e+01 3.095864765583997304e-05
5.882941470735367773e+01 3.088525323598931375e-05
5.886943471735867917e+01 3.081212292996628481e-05
5.890945472736368060e+01 3.073925545711989272e-05
5.894947473736868204e+01 3.066664954463541845e-05
5.898949474737368348e+01 3.059430392747618905e-05
5.902951475737868492e+01 3.052221734832614200e-05
5.906953476738369346e+01 3.045038855753275553e-05
5.910955477738869490e+01 3.037881631305051767e-05
5.914957478739369634e+01 3.030749938038487633e-05
5.918959479739869778e+01 3.023643653253663672e-05
5.922961480740369922e+01 3.016562654994689064e-05
5.926963481740870066e+01 3.009506822044246755e-05
5.930965482741370209e+01 3.002476033918169057e-05
5.934967483741871064e+01 2.995470170860076612e-05
5.938969484742371208e+01 2.988489113836062405e-05
5.942971485742871351e+01 2.981532744529406288e-05
5.946973486743371495e+01 2.974600945335351829e-05
5.950975487743871639e+01 2.967693599355915017e-05
5.954977488744371783e+01 2.960810590394753620e-05
5.958979489744871927e+01 2.953951802952062955e-05
5.962981490745372781e+01 2.947117122219523517e-05
5.966983491745872925e+01 2.940306434075296019e-05
5.970985492746373069e+01 2.933519625079046946e-05
5.974987493746873213e+01 2.926756582467028984e-05
5.978989494747373357e+01 2.920017194147194996e-05
5.982991495747873500e+01 2.913301348694358412e-05
5.986993496748374355e+01 2.906608935345388861e-05
5.990995497748874499e+01 2.899939843994459301e-05
5.994997498749374643e+01 2.893293965188318553e-05
5.998999499749874786e+01 2.886671190121613314e-05
6.003001500750374930e+01 2.880071410632253527e-05
6.007003501750875074e+01 2.873494519196801136e-05
6.011005502751375218e+01 2.866940408925917452e-05
6.015007503751876072e+01 2.860408973559830172e-05
6.019009504752376216e+01 2.853900107463852915e-05
6.023011505752876360e+01 2.847413705623934907e-05
6.027013506753376504e+01 2.840949663642247265e-05
6.031015507753876648e+01 2.834507877732807903e-05
6.035017508754376792e+01 2.828088244717152512e-05
6.039019509754876935e+01 2.821690662020015036e-05
6.043021510755377790e+01 2.815315027665080645e-05
6.047023511755877934e+01 2.808961240270742440e-05
6.051025512756378077e+01 2.802629199045909316e-05
6.055027513756878221e+01 2.796318803785845678e-05
6.059029514757378365e+01 2.790029954868044357e-05
6.063031515757878509e+01 2.783762553248134760e-05
6.067033516758379363e+01 2.777516500455824231e-05
6.071035517758879507e+01 2.771291698590874642e-05
6.075037518759379651e+01 2.765088050319109480e-05
6.079039519759879795e+01 2.758905458868451090e-05
6.083041520760379939e+01 2.752743828025002975e-05
6.087043521760880083e+01 2.746603062129147348e-05
6.091045522761380226e+01 2.740483066071688084e-05
6.095047523761881081e+01 2.734383745290016368e-05
6.099049524762381225e+01 2.728305005764314971e-05
6.103051525762881369e+01 2.722246754013792685e-05
6.107053526763381512e+01 2.716208897092933994e-05
6.111055527763881656e+01 2.710191342587807371e-05
6.115057528764381800e+01 2.704193998612382035e-05
6.119059529764881944e+01 2.698216773804876903e-05
6.123061530765382798e+01 2.692259577324149520e-05
6.127063531765882942e+01 2.686322318846111413e-05
6.131065532766383086e+01 2.680404908560153951e-05
6.135067533766883230e+01 2.674507257165634178e-05
6.139069534767383374e+01 2.668629275868366737e-05
6.143071535767883518e+01 2.662770876377148327e-05
6.147073536768384372e+01 2.656931970900315023e-05
6.151075537768884516e+01 2.651112472142331102e-05
6.155077538769384660e+01 2.645312293300380922e-05
6.159079539769884803e+01 2.639531348061027212e-05
6.163081540770384947e+01 2.633769550596857831e-05
6.167083541770885091e+01 2.628026815563190815e-05
6.171085542771385235e+01 2.622303058094777045e-05
6.175087543771886089e+01 2.616598193802557127e-05
6.179089544772386233e+01 2.610912138770424374e-05
6.183091545772886377e+01 2.605244809552018610e-05
6.187093546773386521e+01 2.599596123167549806e-05
6.191095547773886665e+01 2.593965997100641349e-05
6.195097548774386809e+01 2.588354349295209238e-05
6.199099549774886952e+01 2.582761098152342632e-05
6.203101550775387807e+01 2.577186162527240297e-05
6.207103551775887951e+01 2.571629461726147401e-05
6.211105552776388095e+01 2.566090915503323471e-05
6.215107553776888238e+01 2.560570444058037122e-05
6.219109554777388382e+01 2.555067968031585858e-05
6.223111555777888526e+01 2.549583408504329417e-05
6.227113556778388670e+01 2.544116686992761080e-05
6.231115557778889524e+01 2.538667725446585737e-05
6.235117558779389668e+01 2.533236446245838624e-05
6.239119559779889812e+01 2.527822772198009478e-05
6.243121560780389956e+01 2.522426626535199891e-05
6.247123561780890100e+01 2.517047932911300998e-05
6.251125562781390244e+01 2.511686615399188105e-05
6.255127563781891098e+01 2.506342598487946145e-05
6.259129564782391242e+01 2.501015807080111741e-05
6.263131565782891386e+01 2.495706166488934917e-05
6.267133566783391529e+01 2.490413602435661818e-05
6.271135567783891673e+01 2.485138041046845546e-05
6.275137568784391817e+01 2.479879408851670556e-05
6.279139569784891961e+01 2.474637632779300424e-05
6.283141570785392815e+01 2.469412640156245611e-05
6.287143571785892959e+01 2.464204358703756291e-05
6.291145572786393103e+01 2.459012716535224671e-05
6.295147573786893247e+01 2.453837642153615777e-05
6.299149574787393391e+01 2.448679064448917875e-05
6.303151575787893535e+01 2.443536912695609510e-05
6.307153576788393678e+01 2.438411116550146868e-05
6.311155577788894533e+01 2.433301606048469430e-05
6.315157578789394677e+01 2.428208311603528331e-05
6.319159579789894821e+01 2.423131164002828949e-05
6.323161580790394964e+01 2.418070094405997208e-05
6.327163581790895108e+01 2.413025034342360794e-05
6.331165582791395252e+01 2.407995915708543579e-05
6.335167583791896107e+01 2.402982670766097654e-05
6.339169584792396250e+01 2.397985232139128930e-05
6.343171585792896394e+01 2.393003532811957632e-05
6.347173586793396538e+01 2.388037506126789635e-05
6.351175587793896682e+01 2.383087085781407789e-05
6.355177588794396826e+01 2.378152205826879854e-05
6.359179589794896970e+01 2.373232800665280652e-05
6.363181590795397824e+01 2.368328805047443031e-05
6.367183591795897968e+01 2.363440154070707463e-05
6.371185592796398112e+01 2.358566783176704854e-05
6.375187593796898256e+01 2.353708628149147819e-05
6.379189594797398399e+01 2.348865625111642289e-05
6.383191595797898543e+01 2.344037710525509279e-05
6.387193596798398687e+01 2.339224821187634444e-05
6.391195597798899541e+01 2.334426894228320000e-05
6.395197598799399685e+01 2.329643867109166806e-05
6.399199599799899829e+01 2.324875677620956779e-05
6.403201600800400684e+01 2.320122263881566144e-05
6.407203601800900117e+01 2.315383564333888512e-05
6.411205602801400971e+01 2.310659517743761000e-05
6.415207603801900405e+01 2.305950063197936099e-05
6.419209604802401259e+01 2.301255140102029820e-05
6.423211605802900692e+01 2.296574688178525407e-05
6.427213606803401547e+01 2.291908647464749606e-05
6.431215607803902401e+01 2.287256958310905853e-05
6.435217608804401834e+01 2.282619561378091541e-05
6.439219609804902689e+01 2.277996397636340359e-05
6.443221610805402122e+01 2.273387408362686308e-05
6.447223611805902976e+01 2.268792535139224680e-05
6.451225612806402410e+01 2.264211719851208938e-05
6.455227613806903264e+01 2.259644904685138798e-05
6.459229614807404118e+01 2.255092032126885236e-05
6.463231615807903552e+01 2.250553044959811765e-05
6.467233616808404406e+01 2.246027886262910969e-05
6.471235617808903839e+01 2.241516499408974906e-05
6.475237618809404694e+01 2.237018828062741125e-05
6.479239619809904127e+01 2.232534816179098991e-05
6.483241620810404982e+01 2.228064408001261104e-05
6.487243621810905836e+01 2.223607548058993347e-05
6.491245622811405269e+01 2.219164181166820862e-05
6.495247623811906124e+01 2.214734252422265553e-05
6.499249624812405557e+01 2.210317707204101866e-05
6.503251625812906411e+01 2.205914491170599034e-05
6.507253626813405845e+01 2.201524550257819213e-05
6.511255627813906699e+01 2.197147830677872600e-05
6.515257628814407553e+01 2.192784278917239623e-05
6.519259629814906987e+01 2.188433841735072815e-05
6.523261630815407841e+01 2.184096466161506133e-05
6.527263631815907274e+01 2.179772099496013073e-05
6.531265632816408129e+01 2.175460689305732588e-05
6.535267633816907562e+01 2.171162183423837032e-05
6.539269634817408416e+01 2.166876529947896025e-05
6.543271635817909271e+01 2.162603677238267096e-05
6.547273636818408704e+01 2.158343573916482249e-05
6.551275637818909559e+01 2.154096168863649786e-05
6.555277638819408992e+01 2.149861411218880855e-05
6.559279639819909846e+01 2.145639250377704145e-05
6.563281640820410701e+01 2.141429635990517512e-05
6.567283641820910134e+01 2.137232517961029093e-05
6.571285642821410988e+01 2.133047846444720457e-05
6.575287643821910422e+01 2.128875571847322278e-05
6.579289644822411276e+01 2.124715644823286294e-05
6.583291645822910709e+01 2.120568016274299605e-05
6.587293646823411564e+01 2.116432637347762390e-05
6.591295647823912418e+01 2.112309459435326262e-05
6.595297648824411851e+01 2.108198434171409258e-05
6.599299649824912706e+01 2.104099513431726057e-05
6.603301650825412139e+01 2.100012649331852100e-05
6.607303651825912993e+01 2.095937794225756520e-05
6.611305652826412427e+01 2.091874900704391330e-05
6.615307653826913281e+01 2.087823921594251464e-05
6.619309654827414136e+01 2.083784809955975821e-05
6.623311655827913569e+01 2.079757519082934069e-05
6.627313656828414423e+01 2.075742002499831758e-05
6.631315657828913857e+01 2.071738213961339813e-05
6.635317658829414711e+01 2.067746107450704393e-05
6.639319659829914144e+01 2.063765637178396713e-05
6.643321660830414999e+01 2.059796757580747967e-05
6.647323661830915853e+01 2.055839423318612036e-05
6.651325662831415286e+01 2.051893589276028527e-05
6.655327663831916141e+01 2.047959210558884124e-05
6.659329664832415574e+01 2.044036242493618323e-05
6.663331665832916428e+01 2.040124640625896296e-05
6.667333666833415862e+01 2.036224360719315988e-05
6.671335667833916716e+01 2.032335358754122311e-05
6.675337668834417570e+01 2.028457590925916276e-05
6.679339669834917004e+01 2.024591013644399002e-05
6.683341670835417858e+01 2.020735583532089658e-05
6.687343671835917291e+01 2.016891257423087769e-05
6.691345672836418146e+01 2.013057992361813175e-05
6.695347673836917579e+01 2.009235745601781897e-05
6.699349674837418434e+01 2.005424474604365745e-05
6.703351675837919288e+01 2.001624137037583427e-05
6.707353676838418721e+01 1.997834690774880149e-05
6.711355677838919576e+01 1.994056093893923810e-05
6.715357678839419009e+01 1.990288304675421187e-05
6.719359679839919863e+01 1.986531281601914474e-05
6.723361680840420718e+01 1.982784983356615424e-05
6.727363681840920151e+01 1.979049368822232037e-05
6.731365682841421005e+01 1.975324397079797966e-05
6.735367683841920439e+01 1.971610027407529015e-05
6.739369684842421293e+01 1.967906219279668472e-05
6.743371685842920726e+01 1.964212932365353432e-05
6.747373686843421581e+01 1.960530126527475374e-05
6.751375687843922435e+01 1.956857761821565803e-05
6.755377688844421868e+01 1.953195798494676471e-05
6.759379689844922723e+01 1.949544196984268071e-05
6.763381690845422156e+01 1.945902917917115193e-05
6.767383691845923011e+01 1.942271922108205858e-05
6.771385692846422444e+01 1.938651170559666464e-05
6.775387693846923298e+01 1.935040624459668097e-05
6.779389694847424153e+01 1.931440245181368758e-05
6.783391695847923586e+01 1.927849994281844066e-05
6.787393696848424440e+01 1.924269833501025757e-05
6.791395697848923874e+01 1.920699724760661529e-05
6.795397698849424728e+01 1.917139630163262686e-05
6.799399699849924161e+01 1.913589511991077536e-05
6.803401700850425016e+01 1.910049332705050895e-05
6.807403701850925870e+01 1.906519054943816457e-05
6.811405702851425303e+01 1.902998641522673915e-05
6.815407703851926158e+01 1.899488055432574558e-05
6.819409704852425591e+01 1.895987259839135322e-05
6.823411705852926445e+01 1.892496218081630142e-05
6.827413706853425879e+01 1.889014893672009092e-05
6.831415707853926733e+01 1.885543250293913114e-05
6.835417708854427588e+01 1.882081251801703315e-05
6.839419709854927021e+01 1.878628862219492647e-05
6.843421710855427875e+01 1.875186045740170453e-05
6.847423711855927309e+01 1.871752766724470743e-05
6.851425712856428163e+01 1.868328989700001144e-05
6.855427713856927596e+01 1.864914679360312865e-05
6.859429714857428451e+01 1.861509800563956424e-05
6.863431715857929305e+01 1.858114318333557022e-05
6.867433716858428738e+01 1.854728197854887218e-05
6.871435717858929593e+01 1.851351404475947047e-05
6.875437718859429026e+01 1.847983903706056002e-05
6.879439719859929880e+01 1.844625661214940946e-05
6.883441720860429314e+01 1.841276642831843685e-05
6.887443721860930168e+01 1.837936814544619378e-05
6.891445722861431022e+01 1.834606142498851225e-05
6.895447723861930456e+01 1.831284592996970564e-05
6.899449724862431310e+01 1.827972132497371216e-05
6.903451725862930743e+01 1.824668727613554321e-05
6.907453726863431598e+01 1.821374345113239290e-05
6.911455727863932452e+01 1.818088951917531344e-05
6.915457728864431886e+01 1.814812515100045677e-05
6.919459729864932740e+01 1.811545001886069917e-05
6.923461730865432173e+01 1.808286379651719459e-05
6.927463731865933028e+01 1.805036615923094837e-05
6.931465732866432461e+01 1.801795678375460783e-05
6.935467733866933315e+01 1.798563534832405629e-05
6.939469734867434170e+01 1.795340153265030867e-05
6.943471735867933603e+01 1.792125501791132575e-05
6.947473736868434457e+01 1.788919548674386233e-05
6.951475737868933891e+01 1.785722262323548819e-05
6.955477738869434745e+01 1.782533611291650061e-05
6.959479739869934178e+01 1.779353564275206731e-05
6.963481740870435033e+01 1.776182090113423719e-05
6.967483741870935887e+01 1.773019157787418832e-05
6.971485742871435320e+01 1.769864736419435056e-05
6.975487743871936175e+01 1.766718795272066700e-05
6.979489744872435608e+01 1.763581303747498088e-05
6.983491745872936463e+01 1.760452231386725979e-05
6.987493746873435896e+01 1.757331547868809778e-05
6.991495747873936750e+01 1.754219223010114286e-05
6.995497748874437605e+01 1.751115226763555837e-05
6.999499749874937038e+01 1.748019529217862677e-05
7.003501750875437892e+01 1.744932100596825842e-05
7.007503751875937326e+01 1.741852911258575453e-05
7.011505752876438180e+01 1.738781931694841768e-05
7.015507753876937613e+01 1.735719132530225036e-05
7.019509754877438468e+01 1.732664484521486705e-05
7.023511755877939322e+01 1.729617958556816561e-05
7.027513756878438755e+01 1.726579525655135119e-05
7.031515757878939610e+01 1.723549156965372287e-05
7.035517758879439043e+01 1.720526823765773476e-05
7.039519759879939897e+01 1.717512497463192497e-05
7.043521760880439331e+01 1.714506149592405805e-05
7.047523761880940185e+01 1.711507751815414201e-05
7.051525762881441040e+01 1.708517275920762163e-05
7.055527763881940473e+01 1.705534693822853098e-05
7.059529764882441327e+01 1.702559977561272396e-05
7.063531765882940761e+01 1.699593099300116241e-05
7.067533766883441615e+01 1.696634031327319406e-05
7.071535767883942469e+01 1.693682746053997617e-05
7.075537768884441903e+01 1.690739216013776021e-05
7.079539769884942757e+01 1.687803413862144433e-05
7.083541770885442190e+01 1.684875312375797997e-05
7.087543771885943045e+01 1.681954884451991413e-05
7.091545772886442478e+01 1.679042103107895867e-05
7.095547773886943332e+01 1.676136941479954611e-05
7.099549774887444187e+01 1.673239372823255141e-05
7.103551775887943620e+01 1.670349370510887483e-05
7.107553776888444474e+01 1.667466908033324844e-05
7.111555777888943908e+01 1.664591958997796472e-05
7.115557778889444762e+01 1.661724497127662877e-05
7.119559779889944195e+01 1.658864496261806313e-05
7.123561780890445050e+01 1.656011930354012442e-05
7.127563781890945904e+01 1.653166773472367583e-05
7.131565782891445338e+01 1.650328999798651223e-05
7.135567783891946192e+01 1.647498583627728184e-05
7.139569784892445625e+01 1.644675499366967560e-05
7.143571785892946480e+01 1.641859721535626754e-05
7.147573786893445913e+01 1.639051224764283626e-05
7.151575787893946767e+01 1.636249983794232392e-05
7.155577788894447622e+01 1.633455973476912043e-05
7.159579789894947055e+01 1.630669168773322232e-05
7.163581790895447909e+01 1.627889544753446954e-05
7.167583791895947343e+01 1.625117076595687372e-05
7.171585792896448197e+01 1.622351739586287529e-05
7.175587793896947630e+01 1.619593509118771578e-05
7.179589794897448485e+01 1.616842360693383386e-05
7.183591795897949339e+01 1.614098269916525459e-05
7.187593796898448772e+01 1.611361212500209388e-05
7.191595797898949627e+01 1.608631164261496469e-05
7.195597798899449060e+01 1.605908101121957969e-05
7.199599799899949915e+01 1.603191999107123205e-05
7.203601800900449348e+01 1.600482834345946589e-05
7.207603801900950202e+01 1.597780583070260442e-05
7.211605802901451057e+01 1.595085221614247467e-05
7.215607803901950490e+01 1.592396726413905419e-05
7.219609804902451344e+01 1.589715074006518221e-05
7.223611805902950778e+01 1.587040241030137239e-05
7.227613806903451632e+01 1.584372204223049010e-05
7.231615807903951065e+01 1.581710940423267694e-05
7.235617808904451920e+01 1.579056426568010597e-05
7.239619809904952774e+01 1.576408639693191303e-05
7.243621810905452207e+01 1.573767556932909422e-05
7.247623811905953062e+01 1.571133155518940677e-05
7.251625812906452495e+01 1.568505412780238850e-05
7.255627813906953349e+01 1.565884306142431960e-05
7.259629814907454204e+01 1.563269813127327607e-05
7.263631815907953637e+01 1.560661911352417955e-05
7.267633816908454492e+01 1.558060578530386426e-05
7.271635817908953925e+01 1.555465792468625568e-05
7.275637818909454779e+01 1.552877531068742726e-05
7.279639819909954213e+01 1.550295772326087059e-05
7.283641820910455067e+01 1.547720494329262665e-05
7.287643821910955921e+01 1.545151675259657631e-05
7.291645822911455355e+01 1.542589293390966983e-05
7.295647823911956209e+01 1.540033327088721741e-05
7.299649824912455642e+01 1.537483754809823379e-05
7.303651825912956497e+01 1.534940555102074920e-05
7.307653826913455930e+01 1.532403706603722852e-05
7.311655827913956784e+01 1.529873188042992616e-05
7.315657828914457639e+01 1.527348978237636634e-05
7.319659829914957072e+01 1.524831056094476399e-05
7.323661830915457926e+01 1.522319400608949820e-05
7.327663831915957360e+01 1.519813990864667550e-05
7.331665832916458214e+01 1.517314806032960836e-05
7.335667833916957647e+01 1.514821825372444792e-05
7.339669834917458502e+01 1.512335028228567094e-05
7.343671835917959356e+01 1.509854394033181593e-05
7.347673836918458790e+01 1.507379902304105987e-05
7.351675837918959644e+01 1.504911532644685260e-05
7.355677838919459077e+01 1.502449264743371899e-05
7.359679839919959932e+01 1.499993078373284244e-05
7.363681840920459365e+01 1.497542953391795681e-05
7.367683841920960219e+01 1.495098869740096047e-05
7.371685842921461074e+01 1.492660807442783360e-05
7.375687843921960507e+01 1.490228746607441998e-05
7.379689844922461361e+01 1.487802667424222568e-05
7.383691845922960795e+01 1.485382550165435842e-05
7.387693846923461649e+01 1.482968375185137029e-05
7.391695847923961082e+01 1.480560122918719881e-05
7.395697848924461937e+01 1.478157773882506895e-05
7.399699849924962791e+01 1.475761308673353074e-05
7.403701850925462224e+01 1.473370707968238670e-05
7.407703851925963079e+01 1.470985952523868203e-05
7.411705852926462512e+01 1.468607023176283871e-05
7.415707853926963367e+01 1.466233900840459317e-05
7.419709854927464221e+01 1.463866566509915409e-05
7.423711855927963654e+01 1.461505001256330781e-05
7.427713856928464509e+01 1.459149186229148129e-05
7.431715857928963942e+01 1.456799102655195585e-05
7.435717858929464796e+01 1.454454731838298441e-05
7.439719859929964230e+01 1.452116055158905438e-05
7.443721860930465084e+01 1.449783054073701327e-05
7.447723861930965938e+01 1.447455710115237234e-05
7.451725862931465372e+01 1.445134004891556938e-05
7.455727863931966226e+01 1.442817920085816902e-05
7.459729864932465659e+01 1.440507437455927293e-05
7.463731865932966514e+01 1.438202538834174888e-05
7.467733866933465947e+01 1.435903206126864605e-05
7.471735867933966802e+01 1.433609421313951217e-05
7.475737868934467656e+01 1.431321166448678686e-05
7.479739869934967089e+01 1.429038423657224741e-05
7.483741870935467944e+01 1.426761175138338358e-05
7.487743871935967377e+01 1.424489403162988740e-05
7.491745872936468231e+01 1.422223090074008046e-05
7.495747873936967665e+01 1.419962218285744612e-05
7.499749874937468519e+01 1.417706770283710415e-05
7.503751875937969373e+01 1.415456728624236502e-05
7.507753876938468807e+01 1.413212075934126385e-05
7.511755877938969661e+01 1.410972794910311635e-05
7.515757878939469094e+01 1.408738868319514425e-05
7.519759879939969949e+01 1.406510278997902956e-05
7.523761880940469382e+01 1.404287009850761626e-05
7.527763881940970236e+01 1.402069043852145435e-05
7.531765882941471091e+01 1.399856364044556763e-05
7.535767883941970524e+01 1.397648953538608247e-05
7.539769884942471379e+01 1.395446795512690744e-05
7.543771885942970812e+01 1.393249873212652985e-05
7.547773886943471666e+01 1.391058169951469031e-05
7.551775887943971100e+01 1.388871669108916228e-05
7.555777888944471954e+01 1.386690354131251978e-05
7.559779889944972808e+01 1.384514208530896109e-05
7.563781890945472242e+01 1.382343215886110857e-05
7.567783891945973096e+01 1.380177359840680693e-05
7.571785892946472529e+01 1.378016624103600954e-05
7.575787893946973384e+01 1.375860992448763589e-05
7.579789894947472817e+01 1.373710448714646642e-05
7.583791895947973671e+01 1.371564976803999492e-05
7.587793896948474526e+01 1.369424560683542495e-05
7.591795897948973959e+01 1.367289184383655276e-05
7.595797898949474813e+01 1.365158831998072308e-05
7.599799899949974247e+01 1.363033487683582380e-05
7.603801900950475101e+01 1.360913135659724684e-05
7.607803901950975956e+01 1.358797760208491847e-05
7.611805902951475389e+01 1.356687345674030418e-05
7.615807903951976243e+01 1.354581876462345083e-05
7.619809904952475677e+01 1.352481337041005425e-05
7.623811905952976531e+01 1.350385711938848445e-05
7.627813906953475964e+01 1.348294985745693280e-05
7.631815907953976819e+01 1.346209143112048131e-05
7.635817908954477673e+01 1.344128168748823288e-05
7.639819909954977106e+01 1.342052047427044156e-05
7.643821910955477961e+01 1.339980763977564785e-05
7.647823911955977394e+01 1.337914303290789033e-05
7.651825912956478248e+01 1.335852650316383585e-05
7.655827913956977682e+01 1.333795790063003686e-05
7.659829914957478536e+01 1.331743707598007354e-05
7.663831915957979390e+01 1.329696388047185343e-05
7.667833916958478824e+01 1.327653816594481456e-05
7.671835917958979678e+01 1.325615978481718270e-05
7.675837918959479111e+01 1.323582859008329143e-05
7.679839919959979966e+01 1.321554443531080548e-05
7.683841920960479399e+01 1.319530717463808483e-05
7.687843921960980254e+01 1.317511666277147417e-05
7.691845922961481108e+01 1.315497275498263815e-05
7.695847923961980541e+01 1.313487530710592541e-05
7.699849924962481396e+01 1.311482417553572072e-05
7.703851925962980829e+01 1.309481921722383789e-05
7.707853926963481683e+01 1.307486028967686509e-05
7.711855927963981117e+01 1.305494725095366616e-05
7.715857928964481971e+01 1.303507995966268022e-05
7.719859929964982825e+01 1.301525827495946363e-05
7.723861930965482259e+01 1.299548205654408616e-05
7.727863931965983113e+01 1.297575116465859163e-05
7.731865932966482546e+01 1.295606546008451101e-05
7.735867933966983401e+01 1.293642480414029588e-05
7.739869934967482834e+01 1.291682905867888917e-05
7.743871935967983688e+01 1.289727808608519254e-05
7.747873936968484543e+01 1.287777174927361333e-05
7.751875937968983976e+01 1.285830991168564548e-05
7.755877938969484831e+01 1.283889243728733687e-05
7.759879939969984264e+01 1.281951919056697186e-05
7.763881940970485118e+01 1.280019003653257422e-05
7.767883941970985973e+01 1.278090484070953714e-05
7.771885942971485406e+01 1.276166346913824984e-05
7.775887943971986260e+01 1.274246578837167505e-05
7.779889944972485694e+01 1.272331166547302986e-05
7.783891945972986548e+01 1.270420096801340045e-05
7.787893946973485981e+01 1.268513356406945002e-05
7.791895947973986836e+01 1.266610932222103017e-05
7.795897948974487690e+01 1.264712811154893285e-05
7.799899949974987123e+01 1.262818980163254411e-05
7.803901950975487978e+01 1.260929426254757913e-05
7.807903951975987411e+01 1.259044136486378503e-05
7.811905952976488265e+01 1.257163097964270137e-05
7.815907953976987699e+01 1.255286297843541038e-05
7.819909954977488553e+01 1.253413723328025001e-05
7.823911955977989408e+01 1.251545361670066073e-05
7.827913956978488841e+01 1.249681200170292909e-05
7.831915957978989695e+01 1.247821226177395320e-05
7.835917958979489129e+01 1.245965427087912346e-05
7.839919959979989983e+01 1.244113790346007287e-05
7.843921960980489416e+01 1.242266303443256621e-05
7.847923961980990271e+01 1.240422953918429433e-05
7.851925962981491125e+01 1.238583729357276339e-05
7.855927963981990558e+01 1.236748617392316034e-05
7.859929964982491413e+01 1.234917605702617939e-05
7.863931965982990846e+01 1.233090682013599255e-05
7.867933966983491700e+01 1.231267834096808123e-05
7.871935967983991134e+01 1.229449049769717792e-05
7.875937968984491988e+01 1.227634316895518761e-05
7.879939969984992842e+01 1.225823623382910914e-05
7.883941970985492276e+01 1.224016957185900404e-05
7.887943971985993130e+01 1.222214306303590433e-05
7.891945972986492563e+01 1.220415658779983388e-05
7.895947973986993418e+01 1.218621002703773823e-05
7.899949974987492851e+01 1.216830326208151782e-05
7.903951975987993706e+01 1.215043617470597644e-05
7.907953976988494560e+01 1.213260864712685951e-05
7.911955977988993993e+01 1.211482056199887544e-05
7.915957978989494848e+01 1.209707180241370335e-05
7.919959979989994281e+01 1.207936225189806191e-05
7.923961980990495135e+01 1.206169179441171535e-05
7.927963981990994569e+01 1.204406031434559818e-05
7.931965982991495423e+01 1.202646769651980939e-05
7.935967983991996277e+01 1.200891382618175579e-05
7.939969984992495711e+01 1.199139858900422240e-05
7.943971985992996565e+01 1.197392187108344637e-05
7.947973986993495998e+01 1.195648355893727718e-05
7.951975987993996853e+01 1.193908353950323526e-05
7.955977988994497707e+01 1.192172170013671120e-05
7.959979989994997140e+01 1.190439792860904295e-05
7.963981990995497995e+01 1.188711211310571847e-05
7.967983991995997428e+01 1.186986414222449867e-05
7.971985992996498283e+01 1.185265390497357767e-05
7.975987993996997716e+01 1.183548129076981924e-05
7.979989994997498570e+01 1.181834618943685443e-05
7.983991995997999425e+01 1.180124849120337898e-05
7.987993996998498858e+01 1.178418808670129326e-05
7.991995997998999712e+01 1.176716486696392180e-05
7.995997998999499146e+01 1.175017872342428025e-05
8.000000000000000000e+01 1.173322954791324073e-05
