0.000000000000000000e+00 7.673877762229311904e-05
4.002001000500250011e-02 7.716201090024184077e-05
8.004002001000500022e-02 7.758887576074640908e-05
1.200600300150075073e-01 7.801941488086399756e-05
1.600800400200100004e-01 7.845367157728736819e-05
2.001000500250124936e-01 7.889168981802939951e-05
2.401200600300150145e-01 7.933351423435916320e-05
2.801400700350175077e-01 7.977919013299629826e-05
3.201600800400200009e-01 8.022876350857104186e-05
3.601800900450224940e-01 8.068228105635494481e-05
4.002001000500249872e-01 8.113979018527011852e-05
4.402201100550274804e-01 8.160133903118399316e-05
4.802401200600300291e-01 8.206697647049643080e-05
5.202601300650324667e-01 8.253675213402735238e-05
5.602801400700350154e-01 8.301071642121097703e-05
6.003001500750374531e-01 8.348892051460697367e-05
6.403201600800400017e-01 8.397141639473391884e-05
6.803401700850425504e-01 8.445825685523571298e-05
7.203601800900449881e-01 8.494949551838790766e-05
7.603801900950475368e-01 8.544518685095367451e-05
8.004002001000499744e-01 8.594538618039830613e-05
8.404202101050525231e-01 8.645014971147134300e-05
8.804402201100549608e-01 8.695953454316601619e-05
9.204602301150575094e-01 8.747359868606669896e-05
9.604802401200600581e-01 8.799240108009295954e-05
1.000500250125062607e+00 8.851600161265285951e-05
1.040520260130064933e+00 8.904446113721432062e-05
1.080540270135067482e+00 8.957784149230686558e-05
1.120560280140070031e+00 9.011620552096527971e-05
1.160580290145072579e+00 9.065961709062606249e-05
1.200600300150074906e+00 9.120814111349080438e-05
1.240620310155077455e+00 9.176184356736609752e-05
1.280640320160080003e+00 9.232079151699654164e-05
1.320660330165082552e+00 9.288505313590076555e-05
1.360680340170085101e+00 9.345469772872698477e-05
1.400700350175087427e+00 9.402979575414084819e-05
1.440720360180089976e+00 9.461041884826030537e-05
1.480740370185092525e+00 9.519663984865309354e-05
1.520760380190095074e+00 9.578853281891232111e-05
1.560780390195097400e+00 9.638617307382600424e-05
1.600800400200099949e+00 9.698963720515702284e-05
1.640820410205102498e+00 9.759900310805142592e-05
1.680840420210105046e+00 9.821435000809138993e-05
1.720860430215107595e+00 9.883575848901257632e-05
1.760880440220109922e+00 9.946331052110343859e-05
1.800900450225112470e+00 1.000970894903064826e-04
1.840920460230115019e+00 1.007371802280415511e-04
1.880940470235117568e+00 1.013836690417715161e-04
1.920960480240120116e+00 1.020366437463322926e-04
1.960980490245122443e+00 1.026961936960478695e-04
2.001000500250125214e+00 1.033624098176554149e-04
2.041020510255127540e+00 1.040353846440618841e-04
2.081040520260129867e+00 1.047152123489569840e-04
2.121060530265132638e+00 1.054019887823087325e-04
2.161080540270134964e+00 1.060958115067658176e-04
2.201100550275137291e+00 1.067967798349949451e-04
2.241120560280140062e+00 1.075049948679801721e-04
2.281140570285142388e+00 1.082205595343128349e-04
2.321160580290145159e+00 1.089435786305025384e-04
2.361180590295147486e+00 1.096741588623383848e-04
2.401200600300149812e+00 1.104124088873335911e-04
2.441220610305152583e+00 1.111584393582853037e-04
2.481240620310154910e+00 1.119123629679835046e-04
2.521260630315157680e+00 1.126742944951047607e-04
2.561280640320160007e+00 1.134443508513259449e-04
2.601300650325162334e+00 1.142226511296969861e-04
2.641320660330165104e+00 1.150093166543092693e-04
2.681340670335167431e+00 1.158044710313024003e-04
2.721360680340170202e+00 1.166082402012489115e-04
2.761380690345172528e+00 1.174207524929608978e-04
2.801400700350174855e+00 1.182421386787630232e-04
2.841420710355177626e+00 1.190725320312778534e-04
2.881440720360179952e+00 1.199120683817718296e-04
2.921460730365182723e+00 1.207608861801109847e-04
2.961480740370185050e+00 1.216191265563774948e-04
3.001500750375187376e+00 1.224869333842010580e-04
3.041520760380190147e+00 1.233644533458596519e-04
3.081540770385192474e+00 1.242518359992067912e-04
3.121560780390194800e+00 1.251492338464846202e-04
3.161580790395197571e+00 1.260568024050842857e-04
3.201600800400199898e+00 1.269747002803174791e-04
3.241620810405202668e+00 1.279030892402643058e-04
3.281640820410204995e+00 1.288421342927673877e-04
3.321660830415207322e+00 1.297920037646419389e-04
3.361680840420210092e+00 1.307528693831760838e-04
3.401700850425212419e+00 1.317249063599987193e-04
3.441720860430215190e+00 1.327082934773921182e-04
3.481740870435217516e+00 1.337032131771350059e-04
3.521760880440219843e+00 1.347098516519587813e-04
3.561780890445222614e+00 1.357283989397068704e-04
3.601800900450224940e+00 1.367590490202903459e-04
3.641820910455227711e+00 1.378019999155344908e-04
3.681840920460230038e+00 1.388574537920163495e-04
3.721860930465232364e+00 1.399256170669980570e-04
3.761880940470235135e+00 1.410067005175606237e-04
3.801900950475237462e+00 1.421009193930535626e-04
3.841920960480240232e+00 1.432084935309744448e-04
3.881940970485242559e+00 1.443296474763999218e-04
3.921960980490244886e+00 1.454646106050938462e-04
3.961980990495247656e+00 1.466136172504243032e-04
4.002001000500250427e+00 1.477769068342242652e-04
4.042021010505252754e+00 1.489547240017385227e-04
4.082041020510255080e+00 1.501473187608041808e-04
4.122061030515257407e+00 1.513549466254181090e-04
4.162081040520259734e+00 1.525778687638517240e-04
4.202101050525262949e+00 1.538163521514778246e-04
4.242121060530265275e+00 1.550706697284857407e-04
4.282141070535267602e+00 1.563411005626629598e-04
4.322161080540269928e+00 1.576279300174320171e-04
4.362181090545272255e+00 1.589314499253399455e-04
4.402201100550274582e+00 1.602519587672031700e-04
4.442221110555277797e+00 1.615897618571223522e-04
4.482241120560280123e+00 1.629451715335878499e-04
4.522261130565282450e+00 1.643185073569101680e-04
4.562281140570284776e+00 1.657100963132146574e-04
4.602301150575287103e+00 1.671202730252547067e-04
4.642321160580290318e+00 1.685493799703056419e-04
4.682341170585292645e+00 1.699977677054153712e-04
4.722361180590294971e+00 1.714657951002984660e-04
4.762381190595297298e+00 1.729538295781733769e-04
4.802401200600299624e+00 1.744622473648556880e-04
4.842421210605302839e+00 1.759914337464362725e-04
4.882441220610305166e+00 1.775417833358835173e-04
4.922461230615307493e+00 1.791137003489314677e-04
4.962481240620309819e+00 1.807075988896220066e-04
5.002501250625312146e+00 1.823239032458969910e-04
5.042521260630315361e+00 1.839630481956460557e-04
5.082541270635317687e+00 1.856254793236401042e-04
5.122561280640320014e+00 1.873116533497949025e-04
5.162581290645322341e+00 1.890220384692374599e-04
5.202601300650324667e+00 1.907571147046614626e-04
5.242621310655327882e+00 1.925173742714899260e-04
5.282641320660330209e+00 1.943033219563777359e-04
5.322661330665332535e+00 1.961154755096245026e-04
5.362681340670334862e+00 1.979543660520816811e-04
5.402701350675337189e+00 1.998205384971792964e-04
5.442721360680340403e+00 2.017145519887179178e-04
5.482741370685342730e+00 2.036369803551086840e-04
5.522761380690345057e+00 2.055884125807752735e-04
5.562781390695347383e+00 2.075694532954697679e-04
5.602801400700349710e+00 2.095807232822853377e-04
5.642821410705352925e+00 2.116228600051977941e-04
5.682841420710355251e+00 2.136965181569984906e-04
5.722861430715357578e+00 2.158023702285352392e-04
5.762881440720359905e+00 2.179411071002159360e-04
5.802901450725362231e+00 2.201134386567837192e-04
5.842921460730365446e+00 2.223200944264223282e-04
5.882941470735367773e+00 2.245618242453056011e-04
5.922961480740370099e+00 2.268393989487621834e-04
5.962981490745372426e+00 2.291536110902889732e-04
6.003001500750374753e+00 2.315052756897113351e-04
6.043021510755377079e+00 2.338952310118559078e-04
6.083041520760380294e+00 2.363243393771773983e-04
6.123061530765382621e+00 2.387934880058532861e-04
6.163081540770384947e+00 2.413035898969479972e-04
6.203101550775387274e+00 2.438555847443306087e-04
6.243121560780389601e+00 2.464504398911222262e-04
6.283141570785392815e+00 2.490891513245511698e-04
6.323161580790395142e+00 2.517727447131916547e-04
6.363181590795397469e+00 2.545022764886791574e-04
6.403201600800399795e+00 2.572788349741030414e-04
6.443221610805402122e+00 2.601035415614140131e-04
6.483241620810405337e+00 2.629775519403013107e-04
6.523261630815407663e+00 2.659020573811516860e-04
6.563281640820409990e+00 2.688782860748370604e-04
6.603301650825412317e+00 2.719075045322457318e-04
6.643321660830414643e+00 2.749910190466425559e-04
6.683341670835417858e+00 2.781301772221145014e-04
6.723361680840420185e+00 2.813263695715663665e-04
6.763381690845422511e+00 2.845810311879212826e-04
6.803401700850424838e+00 2.878956434924094575e-04
6.843421710855427165e+00 2.912717360640614916e-04
6.883441720860430380e+00 2.947108885547679606e-04
6.923461730865432706e+00 2.982147326945376251e-04
6.963481740870435033e+00 3.017849543918719383e-04
7.003501750875437359e+00 3.054232959344751466e-04
7.043521760880439686e+00 3.091315582958478986e-04
7.083541770885442901e+00 3.129116035536616113e-04
7.123561780890445227e+00 3.167653574261780581e-04
7.163581790895447554e+00 3.206948119333902615e-04
7.203601800900449881e+00 3.247020281899772715e-04
7.243621810905452207e+00 3.287891393376318316e-04
7.283641820910455422e+00 3.329583536248110261e-04
7.323661830915457749e+00 3.372119576424865983e-04
7.363681840920460075e+00 3.415523197250478274e-04
7.403701850925462402e+00 3.459818935261044855e-04
7.443721860930464729e+00 3.505032217796111705e-04
7.483741870935467944e+00 3.551189402574264674e-04
7.523761880940470270e+00 3.598317819351824743e-04
7.563781890945472597e+00 3.646445813791620574e-04
7.603801900950474923e+00 3.695602793677539794e-04
7.643821910955477250e+00 3.745819277620116082e-04
7.683841920960480465e+00 3.797126946408532874e-04
7.723861930965482792e+00 3.849558697175618337e-04
7.763881940970485118e+00 3.903148700554183404e-04
7.803901950975487445e+00 3.957932461015981084e-04
7.843921960980489771e+00 4.013946880598510242e-04
7.883941970985492098e+00 4.071230326239902182e-04
7.923961980990495313e+00 4.129822700958462396e-04
7.963981990995497640e+00 4.189765519131014243e-04
8.004002001000500854e+00 4.251101986143472188e-04
8.044022011005502293e+00 4.313877082707588640e-04
8.084042021010505508e+00 4.378137654160608322e-04
8.124062031015506946e+00 4.443932505088729894e-04
8.164082041020510161e+00 4.511312499642109114e-04
8.204102051025513376e+00 4.580330667937774830e-04
8.244122061030514814e+00 4.651042318978538224e-04
8.284142071035518029e+00 4.723505160550002893e-04
8.324162081040519467e+00 4.797779426595205079e-04
8.364182091045522682e+00 4.873928012607168592e-04
8.404202101050525897e+00 4.952016619623976750e-04
8.444222111055527336e+00 5.032113907459649258e-04
8.484242121060530550e+00 5.114291657857062204e-04
8.524262131065531989e+00 5.198624948307318952e-04
8.564282141070535204e+00 5.285192337343529168e-04
8.604302151075536642e+00 5.374076062186664655e-04
8.644322161080539857e+00 5.465362249697633314e-04
8.684342171085543072e+00 5.559141141673626472e-04
8.724362181090544510e+00 5.655507335619106013e-04
8.764382191095547725e+00 5.754560042223212917e-04
8.804402201100549163e+00 5.856403360887079811e-04
8.844422211105552378e+00 5.961146574767628306e-04
8.884442221110555593e+00 6.068904466940290001e-04
8.924462231115557032e+00 6.179797659432781495e-04
8.964482241120560246e+00 6.293952977048008482e-04
9.004502251125561685e+00 6.411503838077158056e-04
9.044522261130564900e+00 6.532590674207373969e-04
9.084542271135568114e+00 6.657361382153059509e-04
9.124562281140569553e+00 6.785971809789960799e-04
9.164582291145572768e+00 6.918586279848493994e-04
9.204602301150574206e+00 7.055378154531395879e-04
9.244622311155577421e+00 7.196530444764853230e-04
9.284642321160580636e+00 7.342236468175108955e-04
9.324662331165582074e+00 7.492700560310656521e-04
9.364682341170585289e+00 7.648138844108330180e-04
9.404702351175586728e+00 7.808780063136358529e-04
9.444722361180589942e+00 7.974866484747594872e-04
9.484742371185593157e+00 8.146654879948242445e-04
9.524762381190594596e+00 8.324417587543780743e-04
9.564782391195597810e+00 8.508443670973814786e-04
9.604802401200599249e+00 8.699040177205496485e-04
9.644822411205602464e+00 8.896533508136553756e-04
9.684842421210605679e+00 9.101270916179645667e-04
9.724862431215607117e+00 9.313622137082595625e-04
9.764882441220610332e+00 9.533981174605130450e-04
9.804902451225611770e+00 9.762768253451361905e-04
9.844922461230614985e+00 1.000043195887952282e-03
9.884942471235618200e+00 1.024745158371334359e-03
9.924962481240619638e+00 1.050433970610794568e-03
9.964982491245622853e+00 1.077164502442603828e-03
1.000500250125062429e+01 1.104995547901968045e-03
1.004502251125562751e+01 1.133990169465840317e-03
1.008504252126063072e+01 1.164216078187844906e-03
1.012506253126563216e+01 1.195746054075066392e-03
1.016508254127063537e+01 1.228658411659002770e-03
1.020510255127563681e+01 1.263037516409831404e-03
1.024512256128064003e+01 1.298974358450633157e-03
1.028514257128564324e+01 1.336567190965955816e-03
1.032516258129064468e+01 1.375922241790783268e-03
1.036518259129564790e+01 1.417154507939523238e-03
1.040520260130064933e+01 1.460388644324123533e-03
1.044522261130565255e+01 1.505759959656905334e-03
1.048524262131065576e+01 1.553415534586339219e-03
1.052526263131565720e+01 1.603515479533413864e-03
1.056528264132066042e+01 1.656234352555225383e-03
1.060530265132566186e+01 1.711762760950679124e-03
1.064532266133066507e+01 1.770309174350429351e-03
1.068534267133566829e+01 1.832101981833998477e-03
1.072536268134066972e+01 1.897391831358343720e-03
1.076538269134567294e+01 1.966454296669938907e-03
1.080540270135067438e+01 2.039592925163538455e-03
1.084542271135567759e+01 2.117142730165823879e-03
1.088544272136068081e+01 2.199474203262408948e-03
1.092546273136568225e+01 2.286997937059128457e-03
1.096548274137068546e+01 2.380169966812337775e-03
1.100550275137568690e+01 2.479497961492048951e-03
1.104552276138069011e+01 2.585548422094522542e-03
1.108554277138569333e+01 2.698955078729232179e-03
1.112556278139069477e+01 2.820428719888232183e-03
1.116558279139569798e+01 2.950768739590945225e-03
1.120560280140069942e+01 3.090876753689792214e-03
1.124562281140570263e+01 3.241772719331769033e-03
1.128564282141070585e+01 3.404614096423704342e-03
1.132566283141570729e+01 3.580718723619234940e-03
1.136568284142071050e+01 3.771592252751870475e-03
1.140570285142571194e+01 3.978961206783526543e-03
1.144572286143071516e+01 4.204813013489609556e-03
1.148574287143571837e+01 4.451444742472690681e-03
1.152576288144071981e+01 4.721522767261108512e-03
1.156578289144572302e+01 5.018156229626739677e-03
1.160580290145072446e+01 5.344988059218232050e-03
1.164582291145572768e+01 5.706308481988631512e-03
1.168584292146073089e+01 6.107197555196286487e-03
1.172586293146573233e+01 6.553705466981060539e-03
1.176588294147073555e+01 7.053082384783244778e-03
1.180590295147573698e+01 7.614073896784719249e-03
1.184592296148074020e+01 8.247304110386002862e-03
1.188594297148574341e+01 8.965777072609593112e-03
1.192596298149074485e+01 9.785539608107551510e-03
1.196598299149574807e+01 1.072656685346658548e-02
1.200600300150074951e+01 1.181395869648513806e-02
1.204602301150575272e+01 1.307957572671666381e-02
1.208604302151075416e+01 1.456430469264207404e-02
1.212606303151575737e+01 1.632123794681758847e-02
1.216608304152076059e+01 1.842019854637431953e-02
1.220610305152576203e+01 2.095427433249515137e-02
1.224612306153076524e+01 2.404939141176358833e-02
1.228614307153576668e+01 2.787853916047541847e-02
1.232616308154076989e+01 3.268316782484127075e-02
1.236618309154577311e+01 3.880563794997451965e-02
1.240620310155077455e+01 4.673838748925847331e-02
1.244622311155577776e+01 5.719690758537553099e-02
1.248624312156077920e+01 7.122085828260339702e-02
1.252626313156578242e+01 9.028632806766959118e-02
1.256628314157078563e+01 1.163253303703169345e-01
1.260630315157578707e+01 1.512712269209122995e-01
1.264632316158079028e+01 1.951169925511565262e-01
1.268634317158579172e+01 2.412017267899686790e-01
1.272636318159079494e+01 2.719897002519995333e-01
1.276638319159579815e+01 2.690483574576990056e-01
1.280640320160079959e+01 2.348168629377702654e-01
1.284642321160580281e+01 1.893661604688407774e-01
1.288644322161080424e+01 1.484185399384135295e-01
1.292646323161580746e+01 1.170628350994523809e-01
1.296648324162081067e+01 9.483831405812115367e-02
1.300650325162581211e+01 7.986942917377284901e-02
1.304652326163081533e+01 7.023330788469638042e-02
1.308654327163581677e+01 6.388138429032835797e-02
1.312656328164081998e+01 5.839554982059948218e-02
1.316658329164582319e+01 5.194645973090072227e-02
1.320660330165082463e+01 4.466020650272262832e-02
1.324662331165582785e+01 3.777575511051547985e-02
1.328664332166082929e+01 3.206551438658406666e-02
1.332666333166583250e+01 2.762010081377347034e-02
1.336668334167083572e+01 2.424321659012088764e-02
1.340670335167583715e+01 2.170523457887971533e-02
1.344672336168084037e+01 1.982341392315947748e-02
1.348674337168584181e+01 1.847140485632973311e-02
1.352676338169084502e+01 1.757126918935605561e-02
1.356678339169584824e+01 1.708543291406624740e-02
1.360680340170084968e+01 1.701295982316119310e-02
1.364682341170585289e+01 1.739111662175863229e-02
1.368684342171085433e+01 1.830273025691030869e-02
1.372686343171585754e+01 1.988955417398778278e-02
1.376688344172086076e+01 2.236903498709911023e-02
1.380690345172586220e+01 2.603941344475222200e-02
1.384692346173086541e+01 3.121697786725544446e-02
1.388694347173586685e+01 3.795063058420824337e-02
1.392696348174087007e+01 4.528839105402980569e-02
1.396698349174587328e+01 5.048877276332111586e-02
1.400700350175087472e+01 5.033099477356255125e-02
1.404702351175587793e+01 4.477031820404867024e-02
1.408704352176087937e+01 3.699362872590562790e-02
1.412706353176588259e+01 2.976749949629935166e-02
1.416708354177088580e+01 2.406444706848585510e-02
1.420710355177588724e+01 1.983641849565161153e-02
1.424712356178089045e+01 1.675685875719701637e-02
1.428714357178589189e+01 1.451211086490662890e-02
1.432716358179089511e+01 1.286561068225974651e-02
1.436718359179589832e+01 1.165201209858649292e-02
1.440720360180089976e+01 1.075851451967541061e-02
1.444722361180590298e+01 1.010859403954264199e-02
1.448724362181090441e+01 9.650417237156599590e-03
1.452726363181590763e+01 9.349128243746965272e-03
1.456728364182091084e+01 9.181855691529161242e-03
1.460730365182591228e+01 9.134543708837032649e-03
1.464732366183091550e+01 9.200008802733370197e-03
1.468734367183591694e+01 9.376851381985566725e-03
1.472736368184092015e+01 9.669008984287567887e-03
1.476738369184592337e+01 1.008585078682662853e-02
1.480740370185092480e+01 1.064280155148205828e-02
1.484742371185592802e+01 1.136256629564836099e-02
1.488744372186092946e+01 1.227712228002223425e-02
1.492746373186593267e+01 1.343077279092834073e-02
1.496748374187093589e+01 1.488474556085712421e-02
1.500750375187593733e+01 1.672410840044191369e-02
1.504752376188094054e+01 1.906822421053315855e-02
1.508754377188594198e+01 2.208664727731819363e-02
1.512756378189094519e+01 2.602330032343701943e-02
1.516758379189594841e+01 3.123271303638585836e-02
1.520760380190094985e+01 3.823162318893629646e-02
1.524762381190595306e+01 4.776172337385655581e-02
1.528764382191095450e+01 6.082570062456280069e-02
1.532766383191595772e+01 7.854435417154899401e-02
1.536768384192096093e+01 1.013882625360226081e-01
1.540770385192596237e+01 1.270082921539845144e-01
1.544772386193096558e+01 1.472939601729804371e-01
1.548774387193596702e+01 1.509613395137890113e-01
1.552776388194097024e+01 1.354731753225218160e-01
1.556778389194597167e+01 1.104593053380562712e-01
1.560780390195097489e+01 8.605460120562186122e-02
1.564782391195597810e+01 6.642179329054583026e-02
1.568784392196097954e+01 5.176262070443964081e-02
1.572786393196598276e+01 4.104576073775701578e-02
1.576788394197098420e+01 3.319073232885847574e-02
1.580790395197598741e+01 2.736190675294628352e-02
1.584792396198099063e+01 2.296880693280624330e-02
1.588794397198599206e+01 1.960522737296831186e-02
1.592796398199099528e+01 1.699227201092498238e-02
1.596798399199599672e+01 1.493683141869091464e-02
1.600800400200100171e+01 1.330353642722257798e-02
1.604802401200600315e+01 1.199626529551104347e-02
1.608804402201100459e+01 1.094599344409631463e-02
1.612806403201600602e+01 1.010277348359735552e-02
1.616808404202101102e+01 9.430408657489206675e-03
1.620810405202601245e+01 8.902907036950784281e-03
1.624812406203101389e+01 8.502143035486547928e-03
1.628814407203601888e+01 8.216371600368765210e-03
1.632816408204102032e+01 8.039385553537599025e-03
1.636818409204602176e+01 7.970209701017038489e-03
1.640820410205102675e+01 8.013308709903870300e-03
1.644822411205602819e+01 8.179366986015439850e-03
1.648824412206102963e+01 8.486794917824374423e-03
1.652826413206603107e+01 8.964246522496686909e-03
1.656828414207103606e+01 9.654621983331732396e-03
1.660830415207603750e+01 1.062129374616273270e-02
1.664832416208103893e+01 1.195760890695277134e-02
1.668834417208604393e+01 1.380084273714456827e-02
1.672836418209104536e+01 1.635067239685590937e-02
1.676838419209604680e+01 1.988621886934043015e-02
1.680840420210105179e+01 2.475351203367088040e-02
1.684842421210605323e+01 3.123180451491991416e-02
1.688844422211105467e+01 3.908039196260604253e-02
1.692846423211605611e+01 4.670720229769112497e-02
1.696848424212106110e+01 5.109336909625870893e-02
1.700850425212606254e+01 5.021331401286981133e-02
1.704852426213106398e+01 4.501212616084496188e-02
1.708854427213606897e+01 3.772245704624242052e-02
1.712856428214107041e+01 3.028814347522747544e-02
1.716858429214607185e+01 2.392181770017636280e-02
1.720860430215107328e+01 1.897447850042725120e-02
1.724862431215607828e+01 1.528320737823428421e-02
1.728864432216107971e+01 1.254998739215913706e-02
1.732866433216608115e+01 1.050906286358606161e-02
1.736868434217108614e+01 8.962171598609448148e-03
1.740870435217608758e+01 7.769903535635607796e-03
1.744872436218108902e+01 6.835695443514568093e-03
1.748874437218609401e+01 6.092425470516370928e-03
1.752876438219109545e+01 5.492897558791729092e-03
1.756878439219609689e+01 5.003438220913373341e-03
1.760880440220109833e+01 4.599649591488258471e-03
1.764882441220610332e+01 4.263587056297434702e-03
1.768884442221110476e+01 3.981865944442897383e-03
1.772886443221610620e+01 3.744375402448074305e-03
1.776888444222111119e+01 3.543392775531992601e-03
1.780890445222611262e+01 3.372965573923713579e-03
1.784892446223111406e+01 3.228474867630011513e-03
1.788894447223611905e+01 3.106323688741152896e-03
1.792896448224112049e+01 3.003713106864625091e-03
1.796898449224612193e+01 2.918481066775982426e-03
1.800900450225112337e+01 2.848987316496800429e-03
1.804902451225612836e+01 2.794033362293978692e-03
1.808904452226112980e+01 2.752810358205602832e-03
1.812906453226613124e+01 2.724870832805611695e-03
1.816908454227113623e+01 2.710122649082810642e-03
1.820910455227613767e+01 2.708845971833517829e-03
1.824912456228113911e+01 2.721736662293482850e-03
1.828914457228614410e+01 2.749982889280916474e-03
1.832916458229114554e+01 2.795386476351062726e-03
1.836918459229614697e+01 2.860547558910563840e-03
1.840920460230114841e+01 2.949142014040925623e-03
1.844922461230615340e+01 3.066338208553492668e-03
1.848924462231115484e+01 3.219426399693518358e-03
1.852926463231615628e+01 3.418775104342857037e-03
1.856928464232116127e+01 3.679286778685968064e-03
1.860930465232616271e+01 4.022589333170926637e-03
1.864932466233116415e+01 4.480199861856604127e-03
1.868934467233616914e+01 5.097544123891345827e-03
1.872936468234117058e+01 5.937006475857538150e-03
1.876938469234617202e+01 7.072132764766939951e-03
1.880940470235117346e+01 8.548503812782345598e-03
1.884942471235617845e+01 1.026231465908453155e-02
1.888944472236117988e+01 1.176192357859655660e-02
1.892946473236618132e+01 1.230737010652431344e-02
1.896948474237118631e+01 1.158006359274713244e-02
1.900950475237618775e+01 1.010684287446255401e-02
1.904952476238118919e+01 8.593650486323911250e-03
1.908954477238619418e+01 7.379603686347162468e-03
1.912956478239119562e+01 6.509619052324283270e-03
1.916958479239619706e+01 5.924847962745624988e-03
1.920960480240119850e+01 5.555665101338315773e-03
1.924962481240620349e+01 5.347457983126526274e-03
1.928964482241120493e+01 5.262542119704479229e-03
1.932966483241620637e+01 5.276561386005993587e-03
1.936968484242121136e+01 5.374804962077816238e-03
1.940970485242621280e+01 5.549542020122790777e-03
1.944972486243121423e+01 5.798336131740100020e-03
1.948974487243621923e+01 6.123110252303559306e-03
1.952976488244122066e+01 6.529775775626617436e-03
1.956978489244622210e+01 7.028319344287725819e-03
1.960980490245122354e+01 7.633316472616447079e-03
1.964982491245622853e+01 8.364911111138071884e-03
1.968984492246122997e+01 9.250375590414767341e-03
1.972986493246623141e+01 1.032646098813621086e-02
1.976988494247123640e+01 1.164288446503493335e-02
1.980990495247623784e+01 1.326750756669184753e-02
1.984992496248123928e+01 1.529408263413924163e-02
1.988994497248624427e+01 1.785394586618656992e-02
1.992996498249124571e+01 2.113378224752217316e-02
1.996998499249624714e+01 2.540256671879475778e-02
2.001000500250124858e+01 3.105155802857014966e-02
2.005002501250625357e+01 3.864966694456694468e-02
2.009004502251125501e+01 4.900467653742490715e-02
2.013006503251625645e+01 6.317266558676709609e-02
2.017008504252126144e+01 8.220471301026971434e-02
2.021010505252626288e+01 1.060725176854079299e-01
2.025012506253126432e+01 1.310744310162538229e-01
2.029014507253626931e+01 1.475536613548454057e-01
2.033016508254127075e+01 1.454575872297171335e-01
2.037018509254627219e+01 1.262241259209677113e-01
2.041020510255127363e+01 1.008364524206098178e-01
2.045022511255627862e+01 7.780150656531167885e-02
2.049024512256128006e+01 5.979801804857336200e-02
2.053026513256628149e+01 4.647681599588923684e-02
2.057028514257128649e+01 3.673700902046925926e-02
2.061030515257628792e+01 2.956632635681011312e-02
2.065032516258128936e+01 2.420963421318628878e-02
2.069034517258629080e+01 2.013919434648684531e-02
2.073036518259129579e+01 1.699243181810760478e-02
2.077038519259629723e+01 1.451958539106255192e-02
2.081040520260129867e+01 1.254667449192824538e-02
2.085042521260630366e+01 1.095071419400541791e-02
2.089044522261130510e+01 9.643382108509105169e-03
2.093046523261630654e+01 8.560239735220947360e-03
2.097048524262131153e+01 7.653553853935373373e-03
2.101050525262631297e+01 6.887454363052091313e-03
2.105052526263131440e+01 6.234621466488337628e-03
2.109054527263631584e+01 5.673985942883340294e-03
2.113056528264132083e+01 5.189109597820463181e-03
2.117058529264632227e+01 4.767028801303109346e-03
2.121060530265132371e+01 4.397417708325213406e-03
2.125062531265632870e+01 4.071975165975529574e-03
2.129064532266133014e+01 3.783970179339675270e-03
2.133066533266633158e+01 3.527901168243406573e-03
2.137068534267133657e+01 3.299237849726761179e-03
2.141070535267633801e+01 3.094223785741172326e-03
2.145072536268133945e+01 2.909723941384474624e-03
2.149074537268634089e+01 2.743105970615634329e-03
2.153076538269134588e+01 2.592147011830079825e-03
2.157078539269634732e+01 2.454959948717435388e-03
2.161080540270134875e+01 2.329934648310014265e-03
2.165082541270635375e+01 2.215690814053674056e-03
2.169084542271135518e+01 2.111039913876182079e-03
2.173086543271635662e+01 2.014954248937020527e-03
2.177088544272136161e+01 1.926541678799350427e-03
2.181090545272636305e+01 1.845024855880987190e-03
2.185092546273136449e+01 1.769724076509921092e-03
2.189094547273636593e+01 1.700043049407201027e-03
2.193096548274137092e+01 1.635457030587907090e-03
2.197098549274637236e+01 1.575502887891092139e-03
2.201100550275137380e+01 1.519770746965858239e-03
2.205102551275637879e+01 1.467896939718334182e-03
2.209104552276138023e+01 1.419558030549264525e-03
2.213106553276638166e+01 1.374465738621351860e-03
2.217108554277138666e+01 1.332362608481827771e-03
2.221110555277638809e+01 1.293018308597241890e-03
2.225112556278138953e+01 1.256226459239880976e-03
2.229114557278639097e+01 1.221801908857294552e-03
2.233116558279139596e+01 1.189578392457085222e-03
2.237118559279639740e+01 1.159406517352744607e-03
2.241120560280139884e+01 1.131152031399718398e-03
2.245122561280640383e+01 1.104694337052200201e-03
2.249124562281140527e+01 1.079925221557501537e-03
2.253126563281640671e+01 1.056747779687365477e-03
2.257128564282141170e+01 1.035075510858773787e-03
2.261130565282641314e+01 1.014831577577718184e-03
2.265132566283141458e+01 9.959482171071007157e-04
2.269134567283641601e+01 9.783663033970349705e-04
2.273136568284142101e+01 9.620350619555506893e-04
2.277138569284642244e+01 9.469119469010667126e-04
2.281140570285142388e+01 9.329626974847741094e-04
2.285142571285642887e+01 9.201616016763381617e-04
2.289144572286143031e+01 9.084920080742342084e-04
2.293146573286643175e+01 8.979471460417093927e-04
2.297148574287143674e+01 8.885313399674666344e-04
2.301150575287643818e+01 8.802617405024500694e-04
2.305152576288143962e+01 8.731707490248855627e-04
2.309154577288644106e+01 8.673093899418787269e-04
2.313156578289144605e+01 8.627520020860427602e-04
2.317158579289644749e+01 8.596027965718686884e-04
2.321160580290144893e+01 8.580050979642442560e-04
2.325162581290645392e+01 8.581545033031802439e-04
2.329164582291145535e+01 8.603178483304737764e-04
2.333166583291645679e+01 8.648609056648992599e-04
2.337168584292146178e+01 8.722893823399390564e-04
2.341170585292646322e+01 8.833103716675691150e-04
2.345172586293146466e+01 8.989253729580053707e-04
2.349174587293646610e+01 9.205715662936389543e-04
2.353176588294147109e+01 9.503340465361616958e-04
2.357178589294647253e+01 9.912509481181783124e-04
2.361180590295147397e+01 1.047696568489453082e-03
2.365182591295647896e+01 1.125653615535175027e-03
2.369184592296148040e+01 1.232076716666330582e-03
2.373186593296648184e+01 1.370907168406178094e-03
2.377188594297148683e+01 1.531035005155008399e-03
2.381190595297648827e+01 1.667566209375454791e-03
2.385192596298148970e+01 1.710242909681742316e-03
2.389194597298649114e+01 1.632862861926857043e-03
2.393196598299149613e+01 1.488291613669447816e-03
2.397198599299649757e+01 1.342287203238382888e-03
2.401200600300149901e+01 1.225038765805737959e-03
2.405202601300650400e+01 1.139818280362392064e-03
2.409204602301150544e+01 1.080722332964324838e-03
2.413206603301650688e+01 1.041032440803490392e-03
2.417208604302150832e+01 1.015461297871494452e-03
2.421210605302651331e+01 1.000272279419422029e-03
2.425212606303151475e+01 9.929196421770245407e-04
2.429214607303651619e+01 9.916887841334540328e-04
2.433216608304152118e+01 9.954297881562342194e-04
2.437218609304652261e+01 1.003376877897728088e-03
2.441220610305152405e+01 1.015029748548504623e-03
2.445222611305652904e+01 1.030076255651151936e-03
2.449224612306153048e+01 1.048342152236246680e-03
2.453226613306653192e+01 1.069758543661062863e-03
2.457228614307153336e+01 1.094341127610805146e-03
2.461230615307653835e+01 1.122177485692897386e-03
2.465232616308153979e+01 1.153420097484752094e-03
2.469234617308654123e+01 1.188283652806604394e-03
2.473236618309154622e+01 1.227045837257236156e-03
2.477238619309654766e+01 1.270051183296087849e-03
2.481240620310154910e+01 1.317717893932389851e-03
2.485242621310655409e+01 1.370547812031432935e-03
2.489244622311155553e+01 1.429139965166432080e-03
2.493246623311655696e+01 1.494208398138794410e-03
2.497248624312155840e+01 1.566605348145521520e-03
2.501250625312656339e+01 1.647351263872956061e-03
2.505252626313156483e+01 1.737673777233880897e-03
2.509254627313656627e+01 1.839058588060724000e-03
2.513256628314157126e+01 1.953316441899567366e-03
2.517258629314657270e+01 2.082672159091593887e-03
2.521260630315157414e+01 2.229884305570152634e-03
2.525262631315657913e+01 2.398408049907421822e-03
2.529264632316158057e+01 2.592619774488052684e-03
2.533266633316658201e+01 2.818131305545068174e-03
2.537268634317158345e+01 3.082236143891114218e-03
2.541270635317658844e+01 3.394552943290533257e-03
2.545272636318158987e+01 3.767967599039158226e-03
2.549274637318659131e+01 4.220031857349138688e-03
2.553276638319159630e+01 4.775061973440970775e-03
2.557278639319659774e+01 5.467298713151615662e-03
2.561280640320159918e+01 6.345606860880060977e-03
2.565282641320660417e+01 7.480126052099531422e-03
2.569284642321160561e+01 8.970319925932945804e-03
2.573286643321660705e+01 1.094959007043297752e-02
2.577288644322160849e+01 1.356717940205816840e-02
2.581290645322661348e+01 1.689155667286794046e-02
2.585292646323161492e+01 2.064233684501667887e-02
2.589294647323661636e+01 2.384693120777815409e-02
2.593296648324162135e+01 2.521253133065467361e-02
2.597298649324662279e+01 2.458499474226972722e-02
2.601300650325162422e+01 2.326833009000230101e-02
2.605302651325662922e+01 2.260881958064801453e-02
2.609304652326163065e+01 2.329024997665422175e-02
2.613306653326663209e+01 2.559223073243135221e-02
2.617308654327163353e+01 2.962634599546109040e-02
2.621310655327663852e+01 3.517592481410251187e-02
2.625312656328163996e+01 4.118667132364999678e-02
2.629314657328664140e+01 4.576541105238760010e-02
2.633316658329164639e+01 4.792954505862331849e-02
2.637318659329664783e+01 4.887906989720957468e-02
2.641320660330164927e+01 5.007598059607868551e-02
2.645322661330665426e+01 5.164140343146300660e-02
2.649324662331165570e+01 5.281580142606986245e-02
2.653326663331665713e+01 5.199468885596778694e-02
2.657328664332165857e+01 4.749501536340843683e-02
2.661330665332666356e+01 3.999027065809600268e-02
2.665332666333166500e+01 3.195140994689872616e-02
2.669334667333666644e+01 2.507938444139119760e-02
2.673336668334167143e+01 1.977249969772020693e-02
2.677338669334667287e+01 1.581558822142688572e-02
2.681340670335167431e+01 1.287452378240596003e-02
2.685342671335667930e+01 1.066499825887537792e-02
2.689344672336168074e+01 8.978525512641976833e-03
2.693346673336668218e+01 7.669175200715919877e-03
2.697348674337168362e+01 6.635739021700995909e-03
2.701350675337668861e+01 5.807575918824179652e-03
2.705352676338169005e+01 5.134737085836239487e-03
2.709354677338669148e+01 4.581355837241821508e-03
2.713356678339169648e+01 4.121264092395514334e-03
2.717358679339669791e+01 3.735072411142791125e-03
2.721360680340169935e+01 3.408203923445747661e-03
2.725362681340670434e+01 3.129552604714000083e-03
2.729364682341170578e+01 2.890554411992652707e-03
2.733366683341670722e+01 2.684535049694109984e-03
2.737368684342170866e+01 2.506245802691360689e-03
2.741370685342671365e+01 2.351529197591770842e-03
2.745372686343171509e+01 2.217075729874265402e-03
2.749374687343671653e+01 2.100245569255073351e-03
2.753376688344172152e+01 1.998937536309624858e-03
2.757378689344672296e+01 1.911493296188980029e-03
2.761380690345172439e+01 1.836628632979068121e-03
2.765382691345672583e+01 1.773386497014082727e-03
2.769384692346173082e+01 1.721108698450964872e-03
2.773386693346673226e+01 1.679424982362246127e-03
2.777388694347173370e+01 1.648260046245506255e-03
2.781390695347673869e+01 1.627861142365341716e-03
2.785392696348174013e+01 1.618851598845815094e-03
2.789394697348674157e+01 1.622319354032420021e-03
2.793396698349174656e+01 1.639954970601114996e-03
2.797398699349674800e+01 1.674260888388052039e-03
2.801400700350174944e+01 1.728861529708670096e-03
2.805402701350675088e+01 1.808943974303331079e-03
2.809404702351175587e+01 1.921818797490743198e-03
2.813406703351675731e+01 2.077407933208825185e-03
2.817408704352175874e+01 2.287913202269444175e-03
2.821410705352676374e+01 2.565007440556856845e-03
2.825412706353176517e+01 2.914458103781371497e-03
2.829414707353676661e+01 3.339717501800229266e-03
2.833416708354177160e+01 3.870410078146614523e-03
2.837418709354677304e+01 4.580077447833739816e-03
2.841420710355177448e+01 5.542194179062807403e-03
2.845422711355677592e+01 6.733645356464560035e-03
2.849424712356178091e+01 7.888481266325155644e-03
2.853426713356678235e+01 8.457680322391612077e-03
2.857428714357178379e+01 8.047242234583971629e-03
2.861430715357678878e+01 6.918018220030475347e-03
2.865432716358179022e+01 5.637832605993386287e-03
2.869434717358679165e+01 4.545112266884427342e-03
2.873436718359179665e+01 3.714459549680820642e-03
2.877438719359679808e+01 3.109424875746920249e-03
2.881440720360179952e+01 2.673679058433162375e-03
2.885442721360680096e+01 2.359965731460885677e-03
2.889444722361180595e+01 2.134208819226731009e-03
2.893446723361680739e+01 1.973118977252493172e-03
2.897448724362180883e+01 1.861153983077594963e-03
2.901450725362681382e+01 1.788179509390763061e-03
2.905452726363181526e+01 1.747916149544966003e-03
2.909454727363681670e+01 1.737008521842028311e-03
2.913456728364182169e+01 1.754565496792109434e-03
2.917458729364682313e+01 1.802080174980826444e-03
2.921460730365182457e+01 1.883676497776341991e-03
2.925462731365682600e+01 2.006576972392248685e-03
2.929464732366183100e+01 2.181337629354278967e-03
2.933466733366683243e+01 2.420168704455196319e-03
2.937468734367183387e+01 2.728540002533608524e-03
2.941470735367683886e+01 3.082146184534126278e-03
2.945472736368184030e+01 3.397683207712778267e-03
2.949474737368684174e+01 3.565119646670771893e-03
2.953476738369184673e+01 3.571819555134993478e-03
2.957478739369684817e+01 3.527976087679367181e-03
2.961480740370184961e+01 3.545396317620315603e-03
2.965482741370685105e+01 3.678354902642773459e-03
2.969484742371185604e+01 3.948037465805102550e-03
2.973486743371685748e+01 4.372362721055249660e-03
2.977488744372185892e+01 4.981411764347019530e-03
2.981490745372686391e+01 5.826204635406920414e-03
2.985492746373186534e+01 6.987418740479587817e-03
2.989494747373686678e+01 8.586211755788927813e-03
2.993496748374187177e+01 1.079355131488754851e-02
2.997498749374687321e+01 1.381884798256932494e-02
3.001500750375187465e+01 1.781543537784839940e-02
3.005502751375687609e+01 2.256721470562007142e-02
3.009504752376188108e+01 2.691619841875685440e-02
3.013506753376688252e+01 2.874101010683759519e-02
3.017508754377188396e+01 2.681953302907922124e-02
3.021510755377688895e+01 2.242205432305494073e-02
3.025512756378189039e+01 1.766061803268714064e-02
3.029514757378689183e+01 1.366531947442174537e-02
3.033516758379189682e+01 1.063684724554611258e-02
3.037518759379689826e+01 8.416796118336795918e-03
3.041520760380189969e+01 6.794101938768224921e-03
3.045522761380690113e+01 5.596124250390885173e-03
3.049524762381190612e+01 4.698660929525280000e-03
3.053526763381690756e+01 4.015884029255425286e-03
3.057528764382190900e+01 3.488928592935648144e-03
3.061530765382691399e+01 3.077177622461898382e-03
3.065532766383191543e+01 2.752284181722815422e-03
3.069534767383691687e+01 2.494212804784624784e-03
3.073536768384192186e+01 2.288639583326361471e-03
3.077538769384692330e+01 2.125240109829661887e-03
3.081540770385192474e+01 1.996555854335929810e-03
3.085542771385692618e+01 1.897241863927364358e-03
3.089544772386193117e+01 1.823572167573292565e-03
3.093546773386693260e+01 1.773126835440151823e-03
3.097548774387193404e+01 1.744615855210773867e-03
3.101550775387693903e+01 1.737815259220608062e-03
3.105552776388194047e+01 1.753599809256057998e-03
3.109554777388694191e+01 1.794040003269839045e-03
3.113556778389194335e+01 1.862438508975993844e-03
3.117558779389694834e+01 1.962886810805352603e-03
3.121560780390194978e+01 2.098346330531423911e-03
3.125562781390695122e+01 2.266573809376073566e-03
3.129564782391195621e+01 2.459001510023703981e-03
3.133566783391695765e+01 2.674511800767051268e-03
3.137568784392195909e+01 2.936669902082539568e-03
3.141570785392696408e+01 3.286017932455998283e-03
3.145572786393196552e+01 3.766635564816854694e-03
3.149574787393696695e+01 4.429675111647708545e-03
3.153576788394196839e+01 5.344999076517097797e-03
3.157578789394697338e+01 6.611911657602326589e-03
3.161580790395197482e+01 8.362052069080708194e-03
3.165582791395697626e+01 1.073033230271282050e-02
3.169584792396198125e+01 1.372617321450950861e-02
3.173586793396698269e+01 1.691288786876390254e-02
3.177588794397198413e+01 1.909523031914776153e-02
3.181590795397698912e+01 1.895286417960432082e-02
3.185592796398199056e+01 1.657308078086259032e-02
3.189594797398699200e+01 1.333219995658882842e-02
3.193596798399199344e+01 1.035482470419057076e-02
3.197598799399699843e+01 8.014753666623993314e-03
3.201600800400200342e+01 6.278715756519928116e-03
3.205602801400700486e+01 5.007509915921270517e-03
3.209604802401200629e+01 4.070476675525245072e-03
3.213606803401700773e+01 3.369551360006897700e-03
3.217608804402200917e+01 2.836062830869840682e-03
3.221610805402701061e+01 2.422810904990828438e-03
3.225612806403201205e+01 2.097288158281530347e-03
3.229614807403702059e+01 1.836860558478866506e-03
3.233616808404202203e+01 1.625536652934486985e-03
3.237618809404702347e+01 1.451837806961920555e-03
3.241620810405202491e+01 1.307393105560184518e-03
3.245622811405702635e+01 1.186004070438672307e-03
3.249624812406202778e+01 1.083014213156535156e-03
3.253626813406702922e+01 9.948780228256964495e-04
3.257628814407203777e+01 9.188619863889009890e-04
3.261630815407703921e+01 8.528342027209982051e-04
3.265632816408204064e+01 7.951142819277913108e-04
3.269634817408704208e+01 7.443648460976435167e-04
3.273636818409204352e+01 6.995121365423835266e-04
3.277638819409704496e+01 6.596872615640987777e-04
3.281640820410205350e+01 6.241822768580149563e-04
3.285642821410705494e+01 5.924170688989998171e-04
3.289644822411205638e+01 5.639142185331845990e-04
3.293646823411705782e+01 5.382798516570445977e-04
3.297648824412205926e+01 5.151890524496454196e-04
3.301650825412706070e+01 4.943747653862054850e-04
3.305652826413206213e+01 4.756191686264062287e-04
3.309654827413707068e+01 4.587459339407589710e-04
3.313656828414207212e+01 4.436100190138788941e-04
3.317658829414707355e+01 4.300800521585602964e-04
3.321660830415207499e+01 4.180194103043237712e-04
3.325662831415707643e+01 4.073080611476632105e-04
3.329664832416207787e+01 3.979183941678962741e-04
3.333666833416707931e+01 3.899276338021687160e-04
3.337668834417208785e+01 3.834492834061190014e-04
3.341670835417708929e+01 3.786089382364758206e-04
3.345672836418209073e+01 3.755720353860484361e-04
3.349674837418709217e+01 3.745793825444755816e-04
3.353676838419209361e+01 3.759830014943764355e-04
3.357678839419709504e+01 3.802916530666728377e-04
3.361680840420210359e+01 3.882372449268980345e-04
3.365682841420710503e+01 4.008755228585804062e-04
3.369684842421210647e+01 4.197395687035991065e-04
3.373686843421710790e+01 4.470707160815977051e-04
3.377688844422210934e+01 4.861498277159547604e-04
3.381690845422711078e+01 5.417090249498115583e-04
3.385692846423211222e+01 6.202055962199954416e-04
3.389694847423712076e+01 7.290525667239143234e-04
3.393696848424212220e+01 8.720763823979699007e-04
3.397698849424712364e+01 1.036118316196308438e-03
3.401700850425212508e+01 1.171119178005488801e-03
3.405702851425712652e+01 1.201885615935578341e-03
3.409704852426212796e+01 1.104230180606393654e-03
3.413706853426712939e+01 9.373725418915977931e-04
3.417708854427213794e+01 7.705701552144571080e-04
3.421710855427713938e+01 6.343829041562828964e-04
3.425712856428214081e+01 5.314725786136198634e-04
3.429714857428714225e+01 4.552847361080006447e-04
3.433716858429214369e+01 3.985925649991565317e-04
3.437718859429714513e+01 3.557310430044633527e-04
3.441720860430214657e+01 3.226770636692886463e-04
3.445722861430715511e+01 2.966566760250596759e-04
3.449724862431215655e+01 2.757620155792644208e-04
3.453726863431715799e+01 2.586689023012300271e-04
3.457728864432215943e+01 2.444452600082970464e-04
3.461730865432716087e+01 2.324244880541933959e-04
3.465732866433216230e+01 2.221220345023752394e-04
3.469734867433717085e+01 2.131800443528513497e-04
3.473736868434217229e+01 2.053301998561544268e-04
3.477738869434717373e+01 1.983684258121807718e-04
3.481740870435217516e+01 1.921374188885894988e-04
3.485742871435717660e+01 1.865144041561501802e-04
3.489744872436217804e+01 1.814024326850188318e-04
3.493746873436717948e+01 1.767241116905495608e-04
3.497748874437218802e+01 1.724170287598784164e-04
3.501750875437718946e+01 1.684303715565774282e-04
3.505752876438219090e+01 1.647224018668288895e-04
3.509754877438719234e+01 1.612585475670899300e-04
3.513756878439219378e+01 1.580099466284035374e-04
3.517758879439719522e+01 1.549523253813534830e-04
3.521760880440219665e+01 1.520651264770328959e-04
3.525762881440720520e+01 1.493308251737351499e-04
3.529764882441220664e+01 1.467343889581560563e-04
3.533766883441720807e+01 1.442628471991155305e-04
3.537768884442220951e+01 1.419049459584352155e-04
3.541770885442721095e+01 1.396508692166700827e-04
3.545772886443221239e+01 1.374920122760487935e-04
3.549774887443722093e+01 1.354207964403510080e-04
3.553776888444222237e+01 1.334305165645158545e-04
3.557778889444722381e+01 1.315152149437876124e-04
3.561780890445222525e+01 1.296695764360333814e-04
3.565782891445722669e+01 1.278888407986233716e-04
3.569784892446222813e+01 1.261687290579708025e-04
3.573786893446722956e+01 1.245053813776093583e-04
3.577788894447223811e+01 1.228953043953190719e-04
3.581790895447723955e+01 1.213353263952778060e-04
3.585792896448224099e+01 1.198225589928884145e-04
3.589794897448724242e+01 1.183543642569162004e-04
3.593796898449224386e+01 1.169283263903034997e-04
3.597798899449724530e+01 1.155422272485336565e-04
3.601800900450224674e+01 1.141940251011141919e-04
3.605802901450725528e+01 1.128818361441420081e-04
3.609804902451225672e+01 1.116039183550316370e-04
3.613806903451725816e+01 1.103586573482449044e-04
3.617808904452225960e+01 1.091445539463343703e-04
3.621810905452726104e+01 1.079602132261954923e-04
3.625812906453226248e+01 1.068043348380365320e-04
3.629814907453727102e+01 1.056757044257189486e-04
3.633816908454227246e+01 1.045731860030041263e-04
3.637818909454727390e+01 1.034957151618244250e-04
3.641820910455227533e+01 1.024422930067615735e-04
3.645822911455727677e+01 1.014119807250694281e-04
3.649824912456227821e+01 1.004038947143490710e-04
3.653826913456727965e+01 9.941720220076189884e-05
3.657828914457228819e+01 9.845111728980629527e-05
3.661830915457728963e+01 9.750489739943771282e-05
3.665832916458229107e+01 9.657784003192503594e-05
3.669834917458729251e+01 9.566927984648530814e-05
3.673836918459229395e+01 9.477858599957066533e-05
3.677838919459729539e+01 9.390515972383762047e-05
3.681840920460229682e+01 9.304843212040213112e-05
3.685842921460730537e+01 9.220786214206740637e-05
3.689844922461230681e+01 9.138293474788068856e-05
3.693846923461730825e+01 9.057315921168443309e-05
3.697848924462230968e+01 8.977806756934053752e-05
3.701850925462731112e+01 8.899721319105136227e-05
3.705852926463231256e+01 8.823016946672884492e-05
3.709854927463732110e+01 8.747652859369813721e-05
3.713856928464232254e+01 8.673590045719046235e-05
3.717858929464732398e+01 8.600791159510408183e-05
3.721860930465232542e+01 8.529220423941888439e-05
3.725862931465732686e+01 8.458843542744115724e-05
3.729864932466232830e+01 8.389627617675938370e-05
3.733866933466732974e+01 8.321541071841150603e-05
3.737868934467233828e+01 8.254553578331473129e-05
3.741870935467733972e+01 8.188635993749717433e-05
3.745872936468234116e+01 8.123760296210158884e-05
3.749874937468734259e+01 8.059899527452295633e-05
3.753876938469234403e+01 7.997027738738059742e-05
3.757878939469734547e+01 7.935119940233556512e-05
3.761880940470234691e+01 7.874152053603998233e-05
3.765882941470735545e+01 7.814100867574950017e-05
3.769884942471235689e+01 7.754943996235243750e-05
3.773886943471735833e+01 7.696659839876674402e-05
3.777888944472235977e+01 7.639227548183630007e-05
3.781890945472736121e+01 7.582626985601745751e-05
3.785892946473236265e+01 7.526838698729305260e-05
3.789894947473736408e+01 7.471843885588100938e-05
3.793896948474237263e+01 7.417624366642547264e-05
3.797898949474737407e+01 7.364162557446410589e-05
3.801900950475237551e+01 7.311441442806242911e-05
3.805902951475737694e+01 7.259444552359679143e-05
3.809904952476237838e+01 7.208155937474565044e-05
3.813906953476737982e+01 7.157560149382315151e-05
3.817908954477238836e+01 7.107642218465482528e-05
3.821910955477738980e+01 7.058387634625855236e-05
3.825912956478239124e+01 7.009782328664459030e-05
3.829914957478739268e+01 6.961812654610487672e-05
3.833916958479239412e+01 6.914465372940475712e-05
3.837918959479739556e+01 6.867727634633259692e-05
3.841920960480239700e+01 6.821586966010438396e-05
3.845922961480740554e+01 6.776031254315348254e-05
3.849924962481240698e+01 6.731048733987067903e-05
3.853926963481740842e+01 6.686627973588779421e-05
3.857928964482240985e+01 6.642757863352815619e-05
3.861930965482741129e+01 6.599427603307160897e-05
3.865932966483241273e+01 6.556626691950524517e-05
3.869934967483741417e+01 6.514344915445348090e-05
3.873936968484242271e+01 6.472572337300127069e-05
3.877938969484742415e+01 6.431299288514233901e-05
3.881940970485242559e+01 6.390516358160142226e-05
3.885942971485742703e+01 6.350214384379717367e-05
3.889944972486242847e+01 6.310384445772458108e-05
3.893946973486742991e+01 6.271017853155148186e-05
3.897948974487243845e+01 6.232106141673598369e-05
3.901950975487743989e+01 6.193641063248274024e-05
3.905952976488244133e+01 6.155614579336760430e-05
3.909954977488744277e+01 6.118018853997142991e-05
3.913956978489244420e+01 6.080846247237057779e-05
3.917958979489744564e+01 6.044089308634377407e-05
3.921960980490244708e+01 6.007740771216089491e-05
3.925962981490745562e+01 5.971793545582792303e-05
3.929964982491245706e+01 5.936240714266988454e-05
3.933966983491745850e+01 5.901075526313898887e-05
3.937968984492245994e+01 5.866291392074312239e-05
3.941970985492746138e+01 5.831881878199477327e-05
3.945972986493246282e+01 5.797840702828564160e-05
3.949974987493746426e+01 5.764161730959857922e-05
3.953976988494247280e+01 5.730838969997200679e-05
3.957978989494747424e+01 5.697866565463780372e-05
3.961980990495247568e+01 5.665238796875606529e-05
3.965982991495747711e+01 5.632950073767656546e-05
3.969984992496247855e+01 5.600994931865833611e-05
3.973986993496747999e+01 5.569368029398341505e-05
3.977988994497248854e+01 5.538064143540410853e-05
3.981990995497748997e+01 5.507078166986551941e-05
3.985992996498249141e+01 5.476405104644872438e-05
3.989994997498749285e+01 5.446040070448279562e-05
3.993996998499249429e+01 5.415978284277585470e-05
3.997998999499749573e+01 5.386215068991814483e-05
4.002001000500249717e+01 5.356745847561249994e-05
4.006003001500750571e+01 5.327566140298983175e-05
4.010005002501250715e+01 5.298671562186891627e-05
4.014007003501750859e+01 5.270057820292184142e-05
4.018009004502251003e+01 5.241720711270892396e-05
4.022011005502751146e+01 5.213656118954773682e-05
4.026013006503251290e+01 5.185860012018305711e-05
4.030015007503751434e+01 5.158328441722583859e-05
4.034017008504252289e+01 5.131057539733134581e-05
4.038019009504752432e+01 5.104043516008699340e-05
4.042021010505252576e+01 5.077282656758264328e-05
4.046023011505752720e+01 5.050771322463712865e-05
4.050025012506252864e+01 5.024505945965564824e-05
4.054027013506753008e+01 4.998483030609402914e-05
4.058029014507253862e+01 4.972699148450695442e-05
4.062031015507754006e+01 4.947150938515858682e-05
4.066033016508254150e+01 4.921835105117364684e-05
4.070035017508754294e+01 4.896748416221003276e-05
4.074037018509254438e+01 4.871887701863310781e-05
4.078039019509754581e+01 4.847249852617325681e-05
4.082041020510254725e+01 4.822831818104950753e-05
4.086043021510755580e+01 4.798630605554212017e-05
4.090045022511255723e+01 4.774643278399812581e-05
4.094047023511755867e+01 4.750866954925397781e-05
4.098049024512256011e+01 4.727298806946111985e-05
4.102051025512756155e+01 4.703936058529992870e-05
4.106053026513256299e+01 4.680775984756833696e-05
4.110055027513756443e+01 4.657815910513224053e-05
4.114057028514257297e+01 4.635053209322490393e-05
4.118059029514757441e+01 4.612485302208399978e-05
4.122061030515257585e+01 4.590109656591365140e-05
4.126063031515757729e+01 4.567923785216125999e-05
4.130065032516257872e+01 4.545925245109841661e-05
4.134067033516758016e+01 4.524111636569505020e-05
4.138069034517258160e+01 4.502480602177769077e-05
4.142071035517759015e+01 4.481029825846196123e-05
4.146073036518259158e+01 4.459757031885029893e-05
4.150075037518759302e+01 4.438659984098636881e-05
4.154077038519259446e+01 4.417736484905742013e-05
4.158079039519759590e+01 4.396984374483694293e-05
4.162081040520259734e+01 4.376401529935945907e-05
4.166083041520760588e+01 4.355985864482005474e-05
4.170085042521260732e+01 4.335735326669187155e-05
4.174087043521760876e+01 4.315647899605377696e-05
4.178089044522261020e+01 4.295721600212232548e-05
4.182091045522761164e+01 4.275954478498120056e-05
4.186093046523261307e+01 4.256344616850222824e-05
4.190095047523761451e+01 4.236890129345128106e-05
4.194097048524262306e+01 4.217589161077432231e-05
4.198099049524762449e+01 4.198439887505736969e-05
4.202101050525262593e+01 4.179440513815498482e-05
4.206103051525762737e+01 4.160589274298263294e-05
4.210105052526262881e+01 4.141884431746745832e-05
4.214107053526763025e+01 4.123324276865293484e-05
4.218109054527263169e+01 4.104907127695264877e-05
4.222111055527764023e+01 4.086631329054880884e-05
4.226113056528264167e+01 4.068495251993111994e-05
4.230115057528764311e+01 4.050497293257178513e-05
4.234117058529264455e+01 4.032635874773278029e-05
4.238119059529764598e+01 4.014909443140143738e-05
4.242121060530264742e+01 3.997316469135054153e-05
4.246123061530765597e+01 3.979855447231926918e-05
4.250125062531265741e+01 3.962524895131180289e-05
4.254127063531765884e+01 3.945323353300961115e-05
4.258129064532266028e+01 3.928249384529474374e-05
4.262131065532766172e+01 3.911301573488059859e-05
4.266133066533266316e+01 3.894478526304734133e-05
4.270135067533766460e+01 3.877778870147866378e-05
4.274137068534267314e+01 3.861201252819755045e-05
4.278139069534767458e+01 3.844744342359778693e-05
4.282141070535267602e+01 3.828406826656863504e-05
4.286143071535767746e+01 3.812187413071046582e-05
4.290145072536267890e+01 3.796084828063828740e-05
4.294147073536768033e+01 3.780097816837115529e-05
4.298149074537268177e+01 3.764225142980487642e-05
4.302151075537769032e+01 3.748465588126574384e-05
4.306153076538269175e+01 3.732817951614350615e-05
4.310155077538769319e+01 3.717281050160052937e-05
4.314157078539269463e+01 3.701853717535611425e-05
4.318159079539769607e+01 3.686534804254333993e-05
4.322161080540269751e+01 3.671323177263661125e-05
4.326163081540770605e+01 3.656217719644806627e-05
4.330165082541270749e+01 3.641217330319115707e-05
4.334167083541770893e+01 3.626320923760920122e-05
4.338169084542271037e+01 3.611527429716786741e-05
4.342171085542771181e+01 3.596835792930910814e-05
4.346173086543271324e+01 3.582244972876584170e-05
4.350175087543771468e+01 3.567753943493496416e-05
4.354177088544272323e+01 3.553361692930762761e-05
4.358179089544772467e+01 3.539067223295554453e-05
4.362181090545272610e+01 3.524869550407106855e-05
4.366183091545772754e+01 3.510767703556062481e-05
4.370185092546272898e+01 3.496760725268945692e-05
4.374187093546773042e+01 3.482847671077678251e-05
4.378189094547273186e+01 3.469027609293977185e-05
4.382191095547774040e+01 3.455299620788545488e-05
4.386193096548274184e+01 3.441662798774906606e-05
4.390195097548774328e+01 3.428116248597787145e-05
4.394197098549274472e+01 3.414659087525919059e-05
4.398199099549774616e+01 3.401290444549175259e-05
4.402201100550274759e+01 3.388009460179891601e-05
4.406203101550775614e+01 3.374815286258324421e-05
4.410205102551275758e+01 3.361707085762113522e-05
4.414207103551775901e+01 3.348684032619617801e-05
4.418209104552276045e+01 3.335745311527129600e-05
4.422211105552776189e+01 3.322890117769750280e-05
4.426213106553276333e+01 3.310117657045954110e-05
4.430215107553776477e+01 3.297427145295654812e-05
4.434217108554277331e+01 3.284817808531759165e-05
4.438219109554777475e+01 3.272288882675106713e-05
4.442221110555277619e+01 3.259839613392676304e-05
4.446223111555777763e+01 3.247469255939047957e-05
4.450225112556277907e+01 3.235177075000998057e-05
4.454227113556778050e+01 3.222962344545167603e-05
4.458229114557278194e+01 3.210824347668728260e-05
4.462231115557779049e+01 3.198762376452980510e-05
4.466233116558279193e+01 3.186775731819824258e-05
4.470235117558779336e+01 3.174863723391011092e-05
4.474237118559279480e+01 3.163025669350132124e-05
4.478239119559779624e+01 3.151260896307295331e-05
4.482241120560279768e+01 3.139568739166379903e-05
4.486243121560779912e+01 3.127948540994859476e-05
4.490245122561280766e+01 3.116399652896121745e-05
4.494247123561780910e+01 3.104921433884211940e-05
4.498249124562281054e+01 3.093513250760955449e-05
4.502251125562781198e+01 3.082174477995414867e-05
4.506253126563281342e+01 3.070904497605614380e-05
4.510255127563781485e+01 3.059702699042512515e-05
4.514257128564282340e+01 3.048568479076101619e-05
4.518259129564782484e+01 3.037501241683690314e-05
4.522261130565282627e+01 3.026500397940221196e-05
4.526263131565782771e+01 3.015565365910650899e-05
4.530265132566282915e+01 3.004695570544297642e-05
4.534267133566783059e+01 2.993890443571162020e-05
4.538269134567283203e+01 2.983149423400123138e-05
4.542271135567784057e+01 2.972471955019016500e-05
4.546273136568284201e+01 2.961857489896533365e-05
4.550275137568784345e+01 2.951305485885884303e-05
4.554277138569284489e+01 2.940815407130234404e-05
4.558279139569784633e+01 2.930386723969828823e-05
4.562281140570284776e+01 2.920018912850792068e-05
4.566283141570784920e+01 2.909711456235570867e-05
4.570285142571285775e+01 2.899463842514962003e-05
4.574287143571785919e+01 2.889275565921730539e-05
4.578289144572286062e+01 2.879146126445741182e-05
4.582291145572786206e+01 2.869075029750598724e-05
4.586293146573286350e+01 2.859061787091766039e-05
4.590295147573786494e+01 2.849105915236112223e-05
4.594297148574287348e+01 2.839206936382880010e-05
4.598299149574787492e+01 2.829364378086028100e-05
4.602301150575287636e+01 2.819577773177924331e-05
4.606303151575787780e+01 2.809846659694367681e-05
4.610305152576287924e+01 2.800170580800914014e-05
4.614307153576788068e+01 2.790549084720458836e-05
4.618309154577288211e+01 2.780981724662075677e-05
4.622311155577789066e+01 2.771468058751066764e-05
4.626313156578289210e+01 2.762007649960227307e-05
4.630315157578789353e+01 2.752600066042249562e-05
4.634317158579289497e+01 2.743244879463300879e-05
4.638319159579789641e+01 2.733941667337720172e-05
4.642321160580289785e+01 2.724690011363807400e-05
4.646323161580789929e+01 2.715489497760706738e-05
4.650325162581290783e+01 2.706339717206334986e-05
4.654327163581790927e+01 2.697240264776363012e-05
4.658329164582291071e+01 2.688190739884198041e-05
4.662331165582791215e+01 2.679190746221970875e-05
4.666333166583291359e+01 2.670239891702509729e-05
4.670335167583791502e+01 2.661337788402255632e-05
4.674337168584292357e+01 2.652484052505129215e-05
4.678339169584792501e+01 2.643678304247322797e-05
4.682341170585292645e+01 2.634920167862973386e-05
4.686343171585792788e+01 2.626209271530755557e-05
4.690345172586292932e+01 2.617545247321316284e-05
4.694347173586793076e+01 2.608927731145578482e-05
4.698349174587293220e+01 2.600356362703870245e-05
4.702351175587794074e+01 2.591830785435878071e-05
4.706353176588294218e+01 2.583350646471413244e-05
4.710355177588794362e+01 2.574915596581955787e-05
4.714357178589294506e+01 2.566525290132971930e-05
4.718359179589794650e+01 2.558179385037006101e-05
4.722361180590294794e+01 2.549877542707502048e-05
4.726363181590794937e+01 2.541619428013368665e-05
4.730365182591295792e+01 2.533404709234254285e-05
4.734367183591795936e+01 2.525233058016529086e-05
4.738369184592296079e+01 2.517104149329960712e-05
4.742371185592796223e+01 2.509017661425064129e-05
4.746373186593296367e+01 2.500973275791123693e-05
4.750375187593796511e+01 2.492970677114862680e-05
4.754377188594297365e+01 2.485009553239760975e-05
4.758379189594797509e+01 2.477089595125995494e-05
4.762381190595297653e+01 2.469210496811006400e-05
4.766383191595797797e+01 2.461371955370663344e-05
4.770385192596297941e+01 2.453573670881036166e-05
4.774387193596798085e+01 2.445815346380744278e-05
4.778389194597298228e+01 2.438096687833883725e-05
4.782391195597799083e+01 2.430417404093519046e-05
4.786393196598299227e+01 2.422777206865728766e-05
4.790395197598799371e+01 2.415175810674193650e-05
4.794397198599299514e+01 2.407612932825323009e-05
4.798399199599799658e+01 2.400088293373904796e-05
4.802401200600299802e+01 2.392601615089269359e-05
4.806403201600799946e+01 2.385152623421964106e-05
4.810405202601300800e+01 2.377741046470924549e-05
4.814407203601800944e+01 2.370366614951131533e-05
4.818409204602301088e+01 2.363029062161744499e-05
4.822411205602801232e+01 2.355728123954729423e-05
4.826413206603301376e+01 2.348463538703916695e-05
4.830415207603801520e+01 2.341235047274544193e-05
4.834417208604301663e+01 2.334042392993228602e-05
4.838419209604802518e+01 2.326885321618385677e-05
4.842421210605302662e+01 2.319763581311086882e-05
4.846423211605802805e+01 2.312676922606326678e-05
4.850425212606302949e+01 2.305625098384720445e-05
4.854427213606803093e+01 2.298607863844608296e-05
4.858429214607303237e+01 2.291624976474561744e-05
4.862431215607804091e+01 2.284676196026287119e-05
4.866433216608304235e+01 2.277761284487923358e-05
4.870435217608804379e+01 2.270880006057710129e-05
4.874437218609304523e+01 2.264032127118049644e-05
4.878439219609804667e+01 2.257217416209926944e-05
4.882441220610304811e+01 2.250435644007695761e-05
4.886443221610804954e+01 2.243686583294231653e-05
4.890445222611305809e+01 2.236970008936419886e-05
4.894447223611805953e+01 2.230285697861010254e-05
4.898449224612306097e+01 2.223633429030791734e-05
4.902451225612806240e+01 2.217012983421115784e-05
4.906453226613306384e+01 2.210424143996745914e-05
4.910455227613806528e+01 2.203866695689029473e-05
4.914457228614306672e+01 2.197340425373381476e-05
4.918459229614807526e+01 2.190845121847098106e-05
4.922461230615307670e+01 2.184380575807458877e-05
4.926463231615807814e+01 2.177946579830148977e-05
4.930465232616307958e+01 2.171542928347963504e-05
4.934467233616808102e+01 2.165169417629820027e-05
4.938469234617308246e+01 2.158825845760046252e-05
4.942471235617809100e+01 2.152512012617959419e-05
4.946473236618309244e+01 2.146227719857732324e-05
4.950475237618809388e+01 2.139972770888506684e-05
4.954477238619309531e+01 2.133746970854809730e-05
4.958479239619809675e+01 2.127550126617213064e-05
4.962481240620309819e+01 2.121382046733265598e-05
4.966483241620809963e+01 2.115242541438684014e-05
4.970485242621310817e+01 2.109131422628777661e-05
4.974487243621810961e+01 2.103048503840158066e-05
4.978489244622311105e+01 2.096993600232656139e-05
4.982491245622811249e+01 2.090966528571510085e-05
4.986493246623311393e+01 2.084967107209769141e-05
4.990495247623811537e+01 2.078995156070952439e-05
4.994497248624311680e+01 2.073050496631915227e-05
4.998499249624812535e+01 2.067132951905962753e-05
5.002501250625312679e+01 2.061242346426173889e-05
5.006503251625812823e+01 2.055378506228948692e-05
5.010505252626312966e+01 2.049541258837776889e-05
5.014507253626813110e+01 2.043730433247203200e-05
5.018509254627313254e+01 2.037945859907026110e-05
5.022511255627814108e+01 2.032187370706681291e-05
5.026513256628314252e+01 2.026454798959846608e-05
5.030515257628814396e+01 2.020747979389231103e-05
5.034517258629314540e+01 2.015066748111564215e-05
5.038519259629814684e+01 2.009410942622797099e-05
5.042521260630314828e+01 2.003780401783465217e-05
5.046523261630814972e+01 1.998174965804264385e-05
5.050525262631315826e+01 1.992594476231795546e-05
5.054527263631815970e+01 1.987038775934508092e-05
5.058529264632316114e+01 1.981507709088802080e-05
5.062531265632816257e+01 1.976001121165328329e-05
5.066533266633316401e+01 1.970518858915445713e-05
5.070535267633816545e+01 1.965060770357864806e-05
5.074537268634316689e+01 1.959626704765453148e-05
5.078539269634817543e+01 1.954216512652200754e-05
5.082541270635317687e+01 1.948830045760366228e-05
5.086543271635817831e+01 1.943467157047771264e-05
5.090545272636317975e+01 1.938127700675257444e-05
5.094547273636818119e+01 1.932811531994300586e-05
5.098549274637318263e+01 1.927518507534786021e-05
5.102551275637819117e+01 1.922248484992924826e-05
5.106553276638319261e+01 1.917001323219329629e-05
5.110555277638819405e+01 1.911776882207230012e-05
5.114557278639319549e+01 1.906575023080844439e-05
5.118559279639819692e+01 1.901395608083885686e-05
5.122561280640319836e+01 1.896238500568212288e-05
5.126563281640819980e+01 1.891103564982624327e-05
5.130565282641320835e+01 1.885990666861778146e-05
5.134567283641820978e+01 1.880899672815272155e-05
5.138569284642321122e+01 1.875830450516822093e-05
5.142571285642821266e+01 1.870782868693600268e-05
5.146573286643321410e+01 1.865756797115694743e-05
5.150575287643821554e+01 1.860752106585695235e-05
5.154577288644321698e+01 1.855768668928399628e-05
5.158579289644822552e+01 1.850806356980658730e-05
5.162581290645322696e+01 1.845865044581335206e-05
5.166583291645822840e+01 1.840944606561374314e-05
5.170585292646322984e+01 1.836044918734015596e-05
5.174587293646823127e+01 1.831165857885099096e-05
5.178589294647323271e+01 1.826307301763502690e-05
5.182591295647823415e+01 1.821469129071688869e-05
5.186593296648324269e+01 1.816651219456358568e-05
5.190595297648824413e+01 1.811853453499227999e-05
5.194597298649324557e+01 1.807075712707899331e-05
5.198599299649824701e+01 1.802317879506855708e-05
5.202601300650324845e+01 1.797579837228544707e-05
5.206603301650824989e+01 1.792861470104587491e-05
5.210605302651325843e+01 1.788162663257069276e-05
5.214607303651825987e+01 1.783483302689951093e-05
5.218609304652326131e+01 1.778823275280567277e-05
5.222611305652826275e+01 1.774182468771232378e-05
5.226613306653326418e+01 1.769560771760939232e-05
5.230615307653826562e+01 1.764958073697158995e-05
5.234617308654326706e+01 1.760374264867729625e-05
5.238619309654827561e+01 1.755809236392844299e-05
5.242621310655327704e+01 1.751262880217133690e-05
5.246623311655827848e+01 1.746735089101827186e-05
5.250625312656327992e+01 1.742225756617019820e-05
5.254627313656828136e+01 1.737734777134018475e-05
5.258629314657328280e+01 1.733262045817781611e-05
5.262631315657828424e+01 1.728807458619435896e-05
5.266633316658329278e+01 1.724370912268888726e-05
5.270635317658829422e+01 1.719952304267523410e-05
5.274637318659329566e+01 1.715551532880968898e-05
5.278639319659829710e+01 1.711168497131958279e-05
5.282641320660329853e+01 1.706803096793269942e-05
5.286643321660829997e+01 1.702455232380740914e-05
5.290645322661330852e+01 1.698124805146368962e-05
5.294647323661830995e+01 1.693811717071481101e-05
5.298649324662331139e+01 1.689515870859987823e-05
5.302651325662831283e+01 1.685237169931709159e-05
5.306653326663331427e+01 1.680975518415774256e-05
5.310655327663831571e+01 1.676730821144096175e-05
5.314657328664331715e+01 1.672502983644918854e-05
5.318659329664832569e+01 1.668291912136438276e-05
5.322661330665332713e+01 1.664097513520490035e-05
5.326663331665832857e+01 1.659919695376309420e-05
5.330665332666333001e+01 1.655758365954356539e-05
5.334667333666833144e+01 1.651613434170218363e-05
5.338669334667333288e+01 1.647484809598569720e-05
5.342671335667833432e+01 1.643372402467202387e-05
5.346673336668334287e+01 1.639276123651118902e-05
5.350675337668834430e+01 1.635195884666698201e-05
5.354677338669334574e+01 1.631131597665912752e-05
5.358679339669834718e+01 1.627083175430618200e-05
5.362681340670334862e+01 1.623050531366900608e-05
5.366683341670835006e+01 1.619033579499486376e-05
5.370685342671335860e+01 1.615032234466215862e-05
5.374687343671836004e+01 1.611046411512568499e-05
5.378689344672336148e+01 1.607076026486256690e-05
5.382691345672836292e+01 1.603120995831868497e-05
5.386693346673336436e+01 1.599181236585578089e-05
5.390695347673836579e+01 1.595256666369901589e-05
5.394697348674336723e+01 1.591347203388520011e-05
5.398699349674837578e+01 1.587452766421148273e-05
5.402701350675337721e+01 1.583573274818468924e-05
5.406703351675837865e+01 1.579708648497106188e-05
5.410705352676338009e+01 1.575858807934667433e-05
5.414707353676838153e+01 1.572023674164826993e-05
5.418709354677338297e+01 1.568203168772469282e-05
5.422711355677838441e+01 1.564397213888878320e-05
5.426713356678339295e+01 1.560605732186975719e-05
5.430715357678839439e+01 1.556828646876623037e-05
5.434717358679339583e+01 1.553065881699950557e-05
5.438719359679839727e+01 1.549317360926755869e-05
5.442721360680339870e+01 1.545583009349939718e-05
5.446723361680840014e+01 1.541862752280990300e-05
5.450725362681340869e+01 1.538156515545520753e-05
5.454727363681841013e+01 1.534464225478845615e-05
5.458729364682341156e+01 1.530785808921605049e-05
5.462731365682841300e+01 1.527121193215439556e-05
5.466733366683341444e+01 1.523470306198700599e-05
5.470735367683841588e+01 1.519833076202218826e-05
5.474737368684341732e+01 1.516209432045096521e-05
5.478739369684842586e+01 1.512599303030563407e-05
5.482741370685342730e+01 1.509002618941863457e-05
5.486743371685842874e+01 1.505419310038184559e-05
5.490745372686343018e+01 1.501849307050631895e-05
5.494747373686843162e+01 1.498292541178247898e-05
5.498749374687343305e+01 1.494748944084058475e-05
5.502751375687843449e+01 1.491218447891174282e-05
5.506753376688344304e+01 1.487700985178925713e-05
5.510755377688844447e+01 1.484196488979033124e-05
5.514757378689344591e+01 1.480704892771823141e-05
5.518759379689844735e+01 1.477226130482476300e-05
5.522761380690344879e+01 1.473760136477320091e-05
5.526763381690845023e+01 1.470306845560151655e-05
5.530765382691345167e+01 1.466866192968603159e-05
5.534767383691846021e+01 1.463438114370539200e-05
5.538769384692346165e+01 1.460022545860496725e-05
5.542771385692846309e+01 1.456619423956150189e-05
5.546773386693346453e+01 1.453228685594823140e-05
5.550775387693846596e+01 1.449850268130027917e-05
5.554777388694346740e+01 1.446484109328042113e-05
5.558779389694847595e+01 1.443130147364515530e-05
5.562781390695347739e+01 1.439788320821116945e-05
5.566783391695847882e+01 1.436458568682210184e-05
5.570785392696348026e+01 1.433140830331560518e-05
5.574787393696848170e+01 1.429835045549079347e-05
5.578789394697348314e+01 1.426541154507598361e-05
5.582791395697848458e+01 1.423259097769672832e-05
5.586793396698349312e+01 1.419988816284418462e-05
5.590795397698849456e+01 1.416730251384383114e-05
5.594797398699349600e+01 1.413483344782440918e-05
5.598799399699849744e+01 1.410248038568721601e-05
5.602801400700349888e+01 1.407024275207572523e-05
5.606803401700850031e+01 1.403811997534542389e-05
5.610805402701350175e+01 1.400611148753400715e-05
5.614807403701851030e+01 1.397421672433184386e-05
5.618809404702351173e+01 1.394243512505273368e-05
5.622811405702851317e+01 1.391076613260489613e-05
5.626813406703351461e+01 1.387920919346234428e-05
5.630815407703851605e+01 1.384776375763640585e-05
5.634817408704351749e+01 1.381642927864763555e-05
5.638819409704852603e+01 1.378520521349790706e-05
5.642821410705352747e+01 1.375409102264283701e-05
5.646823411705852891e+01 1.372308616996441739e-05
5.650825412706353035e+01 1.369219012274396970e-05
5.654827413706853179e+01 1.366140235163527379e-05
5.658829414707353322e+01 1.363072233063805393e-05
5.662831415707853466e+01 1.360014953707162092e-05
5.666833416708354321e+01 1.356968345154886303e-05
5.670835417708854465e+01 1.353932355795035055e-05
5.674837418709354608e+01 1.350906934339881978e-05
5.678839419709854752e+01 1.347892029823382638e-05
5.682841420710354896e+01 1.344887591598664100e-05
5.686843421710855040e+01 1.341893569335538385e-05
5.690845422711355184e+01 1.338909913018043017e-05
5.694847423711856038e+01 1.335936572941996490e-05
5.698849424712356182e+01 1.332973499712587782e-05
5.702851425712856326e+01 1.330020644241977388e-05
5.706853426713356470e+01 1.327077957746926302e-05
5.710855427713856614e+01 1.324145391746447538e-05
5.714857428714356757e+01 1.321222898059477975e-05
5.718859429714857612e+01 1.318310428802568493e-05
5.722861430715357756e+01 1.315407936387608340e-05
5.726863431715857899e+01 1.312515373519549999e-05
5.730865432716358043e+01 1.309632693194172006e-05
5.734867433716858187e+01 1.306759848695855146e-05
5.738869434717358331e+01 1.303896793595384238e-05
5.742871435717858475e+01 1.301043481747760076e-05
5.746873436718359329e+01 1.298199867290041870e-05
5.750875437718859473e+01 1.295365904639207297e-05
5.754877438719359617e+01 1.292541548490024589e-05
5.758879439719859761e+01 1.289726753812953753e-05
5.762881440720359905e+01 1.286921475852062195e-05
5.766883441720860048e+01 1.284125670122957953e-05
5.770885442721360192e+01 1.281339292410747679e-05
5.774887443721861047e+01 1.278562298768002228e-05
5.778889444722361191e+01 1.275794645512758341e-05
5.782891445722861334e+01 1.273036289226515920e-05
5.786893446723361478e+01 1.270287186752271216e-05
5.790895447723861622e+01 1.267547295192562897e-05
5.794897448724361766e+01 1.264816571907529290e-05
5.798899449724862620e+01 1.262094974512993409e-05
5.802901450725362764e+01 1.259382460878557470e-05
5.806903451725862908e+01 1.256678989125714520e-05
5.810905452726363052e+01 1.253984517625984786e-05
5.814907453726863196e+01 1.251299004999057633e-05
5.818909454727363340e+01 1.248622410110960951e-05
5.822911455727863483e+01 1.245954692072235292e-05
5.826913456728364338e+01 1.243295810236137312e-05
5.830915457728864482e+01 1.240645724196847623e-05
5.834917458729364625e+01 1.238004393787699979e-05
5.838919459729864769e+01 1.235371779079427077e-05
5.842921460730364913e+01 1.232747840378418208e-05
5.846923461730865057e+01 1.230132538224993849e-05
5.850925462731365201e+01 1.227525833391698386e-05
5.854927463731866055e+01 1.224927686881603167e-05
5.858929464732366199e+01 1.222338059926626837e-05
5.862931465732866343e+01 1.219756913985867528e-05
5.866933466733366487e+01 1.217184210743959955e-05
5.870935467733866631e+01 1.214619912109429123e-05
5.874937468734366774e+01 1.212063980213075204e-05
5.878939469734866918e+01 1.209516377406362481e-05
5.882941470735367773e+01 1.206977066259825739e-05
5.886943471735867917e+01 1.204446009561493261e-05
5.890945472736368060e+01 1.201923170315314903e-05
5.894947473736868204e+01 1.199408511739612362e-05
5.898949474737368348e+01 1.196901997265542151e-05
5.902951475737868492e+01 1.194403590535564333e-05
5.906953476738369346e+01 1.191913255401932260e-05
5.910955477738869490e+01 1.189430955925193326e-05
5.914957478739369634e+01 1.186956656372700391e-05
5.918959479739869778e+01 1.184490321217137942e-05
5.922961480740369922e+01 1.182031915135059101e-05
5.926963481740870066e+01 1.179581403005440415e-05
5.930965482741370209e+01 1.177138749908239189e-05
5.934967483741871064e+01 1.174703921122972844e-05
5.938969484742371208e+01 1.172276882127306404e-05
5.942971485742871351e+01 1.169857598595650658e-05
5.946973486743371495e+01 1.167446036397772853e-05
5.950975487743871639e+01 1.165042161597423489e-05
5.954977488744371783e+01 1.162645940450966322e-05
5.958979489744871927e+01 1.160257339406028200e-05
5.962981490745372781e+01 1.157876325100155324e-05
5.966983491745872925e+01 1.155502864359484429e-05
5.970985492746373069e+01 1.153136924197418864e-05
5.974987493746873213e+01 1.150778471813324676e-05
5.978989494747373357e+01 1.148427474591230750e-05
5.982991495747873500e+01 1.146083900098540133e-05
5.986993496748374355e+01 1.143747716084758809e-05
5.990995497748874499e+01 1.141418890480227351e-05
5.994997498749374643e+01 1.139097391394864598e-05
5.998999499749874786e+01 1.136783187116926929e-05
6.003001500750374930e+01 1.134476246111770908e-05
6.007003501750875074e+01 1.132176537020633566e-05
6.011005502751375218e+01 1.129884028659414020e-05
6.015007503751876072e+01 1.127598690017472726e-05
6.019009504752376216e+01 1.125320490256439361e-05
6.023011505752876360e+01 1.123049398709024944e-05
6.027013506753376504e+01 1.120785384877851916e-05
6.031015507753876648e+01 1.118528418434285743e-05
6.035017508754376792e+01 1.116278469217284982e-05
6.039019509754876935e+01 1.114035507232251686e-05
6.043021510755377790e+01 1.111799502649898590e-05
6.047023511755877934e+01 1.109570425805120855e-05
6.051025512756378077e+01 1.107348247195878157e-05
6.055027513756878221e+01 1.105132937482088971e-05
6.059029514757378365e+01 1.102924467484529087e-05
6.063031515757878509e+01 1.100722808183741483e-05
6.067033516758379363e+01 1.098527930718956692e-05
6.071035517758879507e+01 1.096339806387018257e-05
6.075037518759379651e+01 1.094158406641320892e-05
6.079039519759879795e+01 1.091983703090750677e-05
6.083041520760379939e+01 1.089815667498645740e-05
6.087043521760880083e+01 1.087654271781749502e-05
6.091045522761380226e+01 1.085499488009188137e-05
6.095047523761881081e+01 1.083351288401443456e-05
6.099049524762381225e+01 1.081209645329342232e-05
6.103051525762881369e+01 1.079074531313051446e-05
6.107053526763381512e+01 1.076945919021077267e-05
6.111055527763881656e+01 1.074823781269280795e-05
6.115057528764381800e+01 1.072708091019892289e-05
6.119059529764881944e+01 1.070598821380541143e-05
6.123061530765382798e+01 1.068495945603286877e-05
6.127063531765882942e+01 1.066399437083664028e-05
6.131065532766383086e+01 1.064309269359730251e-05
6.135067533766883230e+01 1.062225416111122218e-05
6.139069534767383374e+01 1.060147851158123203e-05
6.143071535767883518e+01 1.058076548460731175e-05
6.147073536768384372e+01 1.056011482117741295e-05
6.151075537768884516e+01 1.053952626365832982e-05
6.155077538769384660e+01 1.051899955578657319e-05
6.159079539769884803e+01 1.049853444265947841e-05
6.163081540770384947e+01 1.047813067072620812e-05
6.167083541770885091e+01 1.045778798777892451e-05
6.171085542771385235e+01 1.043750614294402082e-05
6.175087543771886089e+01 1.041728488667339352e-05
6.179089544772386233e+01 1.039712397073581612e-05
6.183091545772886377e+01 1.037702314820832651e-05
6.187093546773386521e+01 1.035698217346777027e-05
6.191095547773886665e+01 1.033700080218231159e-05
6.195097548774386809e+01 1.031707879130308502e-05
6.199099549774886952e+01 1.029721589905586059e-05
6.203101550775387807e+01 1.027741188493280559e-05
6.207103551775887951e+01 1.025766650968431243e-05
6.211105552776388095e+01 1.023797953531086707e-05
6.215107553776888238e+01 1.021835072505498700e-05
6.219109554777388382e+01 1.019877984339322183e-05
6.223111555777888526e+01 1.017926665602824204e-05
6.227113556778388670e+01 1.015981092988094122e-05
6.231115557778889524e+01 1.014041243308263657e-05
6.235117558779389668e+01 1.012107093496731690e-05
6.239119559779889812e+01 1.010178620606393970e-05
6.243121560780389956e+01 1.008255801808881289e-05
6.247123561780890100e+01 1.006338614393798851e-05
6.251125562781390244e+01 1.004427035767979016e-05
6.255127563781891098e+01 1.002521043454730834e-05
6.259129564782391242e+01 1.000620615093103117e-05
6.263131565782891386e+01 9.987257284371478712e-06
6.267133566783391529e+01 9.968363613551903127e-06
6.271135567783891673e+01 9.949524918291077113e-06
6.275137568784391817e+01 9.930740979536089008e-06
6.279139569784891961e+01 9.912011579355231111e-06
6.283141570785392815e+01 9.893336500930926958e-06
6.287143571785892959e+01 9.874715528552694167e-06
6.291145572786393103e+01 9.856148447610186912e-06
6.295147573786893247e+01 9.837635044586302773e-06
6.299149574787393391e+01 9.819175107050277714e-06
6.303151575787893535e+01 9.800768423650908136e-06
6.307153576788393678e+01 9.782414784109784770e-06
6.311155577788894533e+01 9.764113979214579097e-06
6.315157578789394677e+01 9.745865800812377199e-06
6.319159579789894821e+01 9.727670041803093229e-06
6.323161580790394964e+01 9.709526496132872721e-06
6.327163581790895108e+01 9.691434958787612785e-06
6.331165582791395252e+01 9.673395225786490779e-06
6.335167583791896107e+01 9.655407094175559040e-06
6.339169584792396250e+01 9.637470362021348098e-06
6.343171585792896394e+01 9.619584828404583382e-06
6.347173586793396538e+01 9.601750293413884987e-06
6.351175587793896682e+01 9.583966558139545374e-06
6.355177588794396826e+01 9.566233424667376523e-06
6.359179589794896970e+01 9.548550696072528280e-06
6.363181590795397824e+01 9.530918176413440550e-06
6.367183591795897968e+01 9.513335670725773453e-06
6.371185592796398112e+01 9.495802985016410335e-06
6.375187593796898256e+01 9.478319926257523450e-06
6.379189594797398399e+01 9.460886302380624408e-06
6.383191595797898543e+01 9.443501922270716251e-06
6.387193596798398687e+01 9.426166595760472649e-06
6.391195597798899541e+01 9.408880133624425557e-06
6.395197598799399685e+01 9.391642347573278237e-06
6.399199599799899829e+01 9.374453050248138656e-06
6.403201600800400684e+01 9.357312055214890109e-06
6.407203601800900117e+01 9.340219176958607572e-06
6.411205602801400971e+01 9.323174230877913078e-06
6.415207603801900405e+01 9.306177033279493721e-06
6.419209604802401259e+01 9.289227401372590856e-06
6.423211605802900692e+01 9.272325153263538433e-06
6.427213606803401547e+01 9.255470107950326740e-06
6.431215607803902401e+01 9.238662085317272870e-06
6.435217608804401834e+01 9.221900906129652225e-06
6.439219609804902689e+01 9.205186392028379155e-06
6.443221610805402122e+01 9.188518365524785838e-06
6.447223611805902976e+01 9.171896649995363909e-06
6.451225612806402410e+01 9.155321069676594162e-06
6.455227613806903264e+01 9.138791449659798292e-06
6.459229614807404118e+01 9.122307615886000786e-06
6.463231615807903552e+01 9.105869395140899245e-06
6.467233616808404406e+01 9.089476615049777106e-06
6.471235617808903839e+01 9.073129104072512918e-06
6.475237618809404694e+01 9.056826691498620123e-06
6.479239619809904127e+01 9.040569207442317320e-06
6.483241620810404982e+01 9.024356482837607007e-06
6.487243621810905836e+01 9.008188349433423773e-06
6.491245622811405269e+01 8.992064639788836707e-06
6.495247623811906124e+01 8.975985187268182343e-06
6.499249624812405557e+01 8.959949826036375488e-06
6.503251625812906411e+01 8.943958391054131955e-06
6.507253626813405845e+01 8.928010718073306495e-06
6.511255627813906699e+01 8.912106643632201926e-06
6.515257628814407553e+01 8.896246005050964666e-06
6.519259629814906987e+01 8.880428640426997198e-06
6.523261630815407841e+01 8.864654388630341744e-06
6.527263631815907274e+01 8.848923089299214704e-06
6.531265632816408129e+01 8.833234582835454706e-06
6.535267633816907562e+01 8.817588710400094311e-06
6.539269634817408416e+01 8.801985313908889378e-06
6.543271635817909271e+01 8.786424236027919575e-06
6.547273636818408704e+01 8.770905320169256650e-06
6.551275637818909559e+01 8.755428410486519201e-06
6.555277638819408992e+01 8.739993351870683258e-06
6.559279639819909846e+01 8.724599989945699724e-06
6.563281640820410701e+01 8.709248171064269385e-06
6.567283641820910134e+01 8.693937742303650091e-06
6.571285642821410988e+01 8.678668551461391097e-06
6.575287643821910422e+01 8.663440447051246981e-06
6.579289644822411276e+01 8.648253278298959418e-06
6.583291645822910709e+01 8.633106895138208358e-06
6.587293646823411564e+01 8.618001148206488678e-06
6.591295647823912418e+01 8.602935888841086769e-06
6.595297648824411851e+01 8.587910969075043577e-06
6.599299649824912706e+01 8.572926241633129507e-06
6.603301650825412139e+01 8.557981559927920964e-06
6.607303651825912993e+01 8.543076778055820990e-06
6.611305652826412427e+01 8.528211750793156140e-06
6.615307653826913281e+01 8.513386333592278432e-06
6.619309654827414136e+01 8.498600382577719823e-06
6.623311655827913569e+01 8.483853754542331429e-06
6.627313656828414423e+01 8.469146306943487121e-06
6.631315657828913857e+01 8.454477897899292214e-06
6.635317658829414711e+01 8.439848386184815854e-06
6.639319659829914144e+01 8.425257631228394575e-06
6.643321660830414999e+01 8.410705493107871467e-06
6.647323661830915853e+01 8.396191832546931913e-06
6.651325662831415286e+01 8.381716510911485068e-06
6.655327663831916141e+01 8.367279390205947071e-06
6.659329664832415574e+01 8.352880333069729254e-06
6.663331665832916428e+01 8.338519202773551849e-06
6.667333666833415862e+01 8.324195863215976237e-06
6.671335667833916716e+01 8.309910178919794897e-06
6.675337668834417570e+01 8.295662015028572116e-06
6.679339669834917004e+01 8.281451237303122034e-06
6.683341670835417858e+01 8.267277712118037498e-06
6.687343671835917291e+01 8.253141306458286683e-06
6.691345672836418146e+01 8.239041887915741957e-06
6.695347673836917579e+01 8.224979324685825622e-06
6.699349674837418434e+01 8.210953485564098073e-06
6.703351675837919288e+01 8.196964239942945894e-06
6.707353676838418721e+01 8.183011457808215752e-06
6.711355677838919576e+01 8.169095009735924520e-06
6.715357678839419009e+01 8.155214766888976177e-06
6.719359679839919863e+01 8.141370601013873625e-06
6.723361680840420718e+01 8.127562384437518603e-06
6.727363681840920151e+01 8.113789990063962463e-06
6.731365682841421005e+01 8.100053291371194224e-06
6.735367683841920439e+01 8.086352162408004857e-06
6.739369684842421293e+01 8.072686477790777027e-06
6.743371685842920726e+01 8.059056112700391732e-06
6.747373686843421581e+01 8.045460942879092584e-06
6.751375687843922435e+01 8.031900844627397530e-06
6.755377688844421868e+01 8.018375694801010566e-06
6.759379689844922723e+01 8.004885370807789363e-06
6.763381690845422156e+01 7.991429750604694252e-06
6.767383691845923011e+01 7.978008712694759235e-06
6.771385692846422444e+01 7.964622136124130757e-06
6.775387693846923298e+01 7.951269900479070906e-06
6.779389694847424153e+01 7.937951885883006345e-06
6.783391695847923586e+01 7.924667972993587419e-06
6.787393696848424440e+01 7.911418042999765888e-06
6.791395697848923874e+01 7.898201977618908242e-06
6.795397698849424728e+01 7.885019659093912397e-06
6.799399699849924161e+01 7.871870970190344725e-06
6.803401700850425016e+01 7.858755794193578777e-06
6.807403701850925870e+01 7.845674014906010241e-06
6.811405702851425303e+01 7.832625516644219378e-06
6.815407703851926158e+01 7.819610184236182589e-06
6.819409704852425591e+01 7.806627903018528033e-06
6.823411705852926445e+01 7.793678558833748885e-06
6.827413706853425879e+01 7.780762038027506382e-06
6.831415707853926733e+01 7.767878227445878665e-06
6.835417708854427588e+01 7.755027014432677374e-06
6.839419709854927021e+01 7.742208286826777799e-06
6.843421710855427875e+01 7.729421932959420241e-06
6.847423711855927309e+01 7.716667841651597752e-06
6.851425712856428163e+01 7.703945902211404930e-06
6.855427713856927596e+01 7.691256004431422277e-06
6.859429714857428451e+01 7.678598038586132750e-06
6.863431715857929305e+01 7.665971895429329839e-06
6.867433716858428738e+01 7.653377466191564613e-06
6.871435717858929593e+01 7.640814642577582592e-06
6.875437718859429026e+01 7.628283316763802137e-06
6.879439719859929880e+01 7.615783381395785206e-06
6.883441720860429314e+01 7.603314729585775028e-06
6.887443721860930168e+01 7.590877254910146537e-06
6.891445722861431022e+01 7.578470851407018583e-06
6.895447723861930456e+01 7.566095413573731472e-06
6.899449724862431310e+01 7.553750836364440539e-06
6.903451725862930743e+01 7.541437015187712277e-06
6.907453726863431598e+01 7.529153845904077250e-06
6.911455727863932452e+01 7.516901224823663491e-06
6.915457728864431886e+01 7.504679048703832424e-06
6.919459729864932740e+01 7.492487214746775842e-06
6.923461730865432173e+01 7.480325620597218746e-06
6.927463731865933028e+01 7.468194164340045960e-06
6.931465732866432461e+01 7.456092744498019379e-06
6.935467733866933315e+01 7.444021260029442700e-06
6.939469734867434170e+01 7.431979610325902382e-06
6.943471735867933603e+01 7.419967695209984045e-06
6.947473736868434457e+01 7.407985414932990569e-06
6.951475737868933891e+01 7.396032670172744037e-06
6.955477738869434745e+01 7.384109362031297053e-06
6.959479739869934178e+01 7.372215392032768576e-06
6.963481740870435033e+01 7.360350662121095894e-06
6.967483741870935887e+01 7.348515074657880616e-06
6.971485742871435320e+01 7.336708532420189776e-06
6.975487743871936175e+01 7.324930938598386585e-06
6.979489744872435608e+01 7.313182196794015384e-06
6.983491745872936463e+01 7.301462211017616302e-06
6.987493746873435896e+01 7.289770885686650027e-06
6.991495747873936750e+01 7.278108125623354808e-06
6.995497748874437605e+01 7.266473836052658526e-06
6.999499749874937038e+01 7.254867922600105994e-06
7.003501750875437892e+01 7.243290291289763408e-06
7.007503751875937326e+01 7.231740848542182920e-06
7.011505752876438180e+01 7.220219501172347739e-06
7.015507753876937613e+01 7.208726156387636711e-06
7.019509754877438468e+01 7.197260721785799906e-06
7.023511755877939322e+01 7.185823105352961323e-06
7.027513756878438755e+01 7.174413215461625811e-06
7.031515757878939610e+01 7.163030960868658056e-06
7.035517758879439043e+01 7.151676250713365744e-06
7.039519759879939897e+01 7.140348994515492936e-06
7.043521760880439331e+01 7.129049102173304086e-06
7.047523761880940185e+01 7.117776483961622305e-06
7.051525762881441040e+01 7.106531050529921004e-06
7.055527763881940473e+01 7.095312712900421450e-06
7.059529764882441327e+01 7.084121382466151374e-06
7.063531765882940761e+01 7.072956970989103514e-06
7.067533766883441615e+01 7.061819390598321328e-06
7.071535767883942469e+01 7.050708553788052457e-06
7.075537768884441903e+01 7.039624373415886945e-06
7.079539769884942757e+01 7.028566762700907328e-06
7.083541770885442190e+01 7.017535635221873431e-06
7.087543771885943045e+01 7.006530904915366527e-06
7.091545772886442478e+01 6.995552486074020729e-06
7.095547773886943332e+01 6.984600293344684930e-06
7.099549774887444187e+01 6.973674241726659277e-06
7.103551775887943620e+01 6.962774246569903700e-06
7.107553776888444474e+01 6.951900223573266765e-06
7.111555777888943908e+01 6.941052088782746716e-06
7.115557778889444762e+01 6.930229758589716092e-06
7.119559779889944195e+01 6.919433149729222578e-06
7.123561780890445050e+01 6.908662179278209396e-06
7.127563781890945904e+01 6.897916764653863580e-06
7.131565782891445338e+01 6.887196823611858392e-06
7.135567783891946192e+01 6.876502274244682120e-06
7.139569784892445625e+01 6.865833034979951639e-06
7.143571785892946480e+01 6.855189024578725967e-06
7.147573786893445913e+01 6.844570162133854549e-06
7.151575787893946767e+01 6.833976367068316229e-06
7.155577788894447622e+01 6.823407559133562450e-06
7.159579789894947055e+01 6.812863658407902813e-06
7.163581790895447909e+01 6.802344585294860135e-06
7.167583791895947343e+01 6.791850260521568713e-06
7.171585792896448197e+01 6.781380605137147171e-06
7.175587793896947630e+01 6.770935540511121287e-06
7.179589794897448485e+01 6.760514988331823099e-06
7.183591795897949339e+01 6.750118870604821355e-06
7.187593796898448772e+01 6.739747109651348568e-06
7.191595797898949627e+01 6.729399628106724696e-06
7.195597798899449060e+01 6.719076348918840097e-06
7.199599799899949915e+01 6.708777195346565655e-06
7.203601800900449348e+01 6.698502090958278091e-06
7.207603801900950202e+01 6.688250959630278556e-06
7.211605802901451057e+01 6.678023725545322179e-06
7.215607803901950490e+01 6.667820313191084092e-06
7.219609804902451344e+01 6.657640647358669499e-06
7.223611805902950778e+01 6.647484653141132215e-06
7.227613806903451632e+01 6.637352255931980499e-06
7.231615807903951065e+01 6.627243381423721005e-06
7.235617808904451920e+01 6.617157955606383252e-06
7.239619809904952774e+01 6.607095904766065267e-06
7.243621810905452207e+01 6.597057155483506335e-06
7.247623811905953062e+01 6.587041634632621630e-06
7.251625812906452495e+01 6.577049269379083439e-06
7.255627813906953349e+01 6.567079987178916776e-06
7.259629814907454204e+01 6.557133715777059432e-06
7.263631815907953637e+01 6.547210383205987236e-06
7.267633816908454492e+01 6.537309917784273254e-06
7.271635817908953925e+01 6.527432248115248627e-06
7.275637818909454779e+01 6.517577303085588031e-06
7.279639819909954213e+01 6.507745011863958655e-06
7.283641820910455067e+01 6.497935303899631918e-06
7.287643821910955921e+01 6.488148108921146847e-06
7.291645822911455355e+01 6.478383356934960755e-06
7.295647823911956209e+01 6.468640978224084671e-06
7.299649824912455642e+01 6.458920903346783993e-06
7.303651825912956497e+01 6.449223063135214763e-06
7.307653826913455930e+01 6.439547388694147189e-06
7.311655827913956784e+01 6.429893811399612933e-06
7.315657828914457639e+01 6.420262262897626939e-06
7.319659829914957072e+01 6.410652675102891471e-06
7.323661830915457926e+01 6.401064980197491686e-06
7.327663831915957360e+01 6.391499110629627620e-06
7.331665832916458214e+01 6.381954999112336869e-06
7.335667833916957647e+01 6.372432578622225726e-06
7.339669834917458502e+01 6.362931782398210498e-06
7.343671835917959356e+01 6.353452543940271513e-06
7.347673836918458790e+01 6.343994797008188508e-06
7.351675837918959644e+01 6.334558475620325975e-06
7.355677838919459077e+01 6.325143514052389722e-06
7.359679839919959932e+01 6.315749846836195288e-06
7.363681840920459365e+01 6.306377408758471929e-06
7.367683841920960219e+01 6.297026134859625103e-06
7.371685842921461074e+01 6.287695960432554862e-06
7.375687843921960507e+01 6.278386821021455605e-06
7.379689844922461361e+01 6.269098652420602278e-06
7.383691845922960795e+01 6.259831390673205187e-06
7.387693846923461649e+01 6.250584972070191967e-06
7.391695847923961082e+01 6.241359333149081022e-06
7.395697848924461937e+01 6.232154410692768581e-06
7.399699849924962791e+01 6.222970141728425007e-06
7.403701850925462224e+01 6.213806463526293712e-06
7.407703851925963079e+01 6.204663313598584077e-06
7.411705852926462512e+01 6.195540629698303399e-06
7.415707853926963367e+01 6.186438349818155748e-06
7.419709854927464221e+01 6.177356412189391692e-06
7.423711855927963654e+01 6.168294755280701230e-06
7.427713856928464509e+01 6.159253317797096552e-06
7.431715857928963942e+01 6.150232038678813438e-06
7.435717858929464796e+01 6.141230857100188943e-06
7.439719859929964230e+01 6.132249712468605987e-06
7.443721860930465084e+01 6.123288544423355795e-06
7.447723861930965938e+01 6.114347292834597741e-06
7.451725862931465372e+01 6.105425897802263283e-06
7.455727863931966226e+01 6.096524299654978540e-06
7.459729864932465659e+01 6.087642438949024137e-06
7.463731865932966514e+01 6.078780256467247610e-06
7.467733866933465947e+01 6.069937693218037655e-06
7.471735867933966802e+01 6.061114690434253472e-06
7.475737868934467656e+01 6.052311189572196473e-06
7.479739869934967089e+01 6.043527132310584521e-06
7.483741870935467944e+01 6.034762460549490600e-06
7.487743871935967377e+01 6.026017116409354325e-06
7.491745872936468231e+01 6.017291042229935014e-06
7.495747873936967665e+01 6.008584180569321499e-06
7.499749874937468519e+01 5.999896474202902143e-06
7.503751875937969373e+01 5.991227866122381427e-06
7.507753876938468807e+01 5.982578299534782997e-06
7.511755877938969661e+01 5.973947717861442538e-06
7.515757878939469094e+01 5.965336064737027761e-06
7.519759879939969949e+01 5.956743284008577866e-06
7.523761880940469382e+01 5.948169319734501500e-06
7.527763881940970236e+01 5.939614116183614530e-06
7.531765882941471091e+01 5.931077617834187130e-06
7.535767883941970524e+01 5.922559769372993412e-06
7.539769884942471379e+01 5.914060515694295828e-06
7.543771885942970812e+01 5.905579801898988828e-06
7.547773886943471666e+01 5.897117573293584106e-06
7.551775887943971100e+01 5.888673775389297504e-06
7.555777888944471954e+01 5.880248353901122358e-06
7.559779889944972808e+01 5.871841254746883357e-06
7.563781890945472242e+01 5.863452424046341235e-06
7.567783891945973096e+01 5.855081808120228846e-06
7.571785892946472529e+01 5.846729353489380412e-06
7.575787893946973384e+01 5.838395006873810800e-06
7.579789894947472817e+01 5.830078715191801573e-06
7.583791895947973671e+01 5.821780425559003982e-06
7.587793896948474526e+01 5.813500085287562287e-06
7.591795897948973959e+01 5.805237641885209973e-06
7.595797898949474813e+01 5.796993043054375284e-06
7.599799899949974247e+01 5.788766236691328259e-06
7.603801900950475101e+01 5.780557170885280336e-06
7.607803901950975956e+01 5.772365793917533933e-06
7.611805902951475389e+01 5.764192054260605767e-06
7.615807903951976243e+01 5.756035900577360342e-06
7.619809904952475677e+01 5.747897281720179853e-06
7.623811905952976531e+01 5.739776146730069720e-06
7.627813906953475964e+01 5.731672444835852215e-06
7.631815907953976819e+01 5.723586125453295711e-06
7.635817908954477673e+01 5.715517138184294752e-06
7.639819909954977106e+01 5.707465432816030648e-06
7.643821910955477961e+01 5.699430959320127824e-06
7.647823911955977394e+01 5.691413667851855074e-06
7.651825912956478248e+01 5.683413508749274289e-06
7.655827913956977682e+01 5.675430432532460340e-06
7.659829914957478536e+01 5.667464389902654048e-06
7.663831915957979390e+01 5.659515331741470204e-06
7.667833916958478824e+01 5.651583209110104749e-06
7.671835917958979678e+01 5.643667973248508916e-06
7.675837918959479111e+01 5.635769575574620971e-06
7.679839919959979966e+01 5.627887967683553063e-06
7.683841920960479399e+01 5.620023101346827196e-06
7.687843921960980254e+01 5.612174928511568013e-06
7.691845922961481108e+01 5.604343401299747237e-06
7.695847923961980541e+01 5.596528472007397625e-06
7.699849924962481396e+01 5.588730093103832009e-06
7.703851925962980829e+01 5.580948217230906370e-06
7.707853926963481683e+01 5.573182797202226173e-06
7.711855927963981117e+01 5.565433786002410294e-06
7.715857928964481971e+01 5.557701136786317680e-06
7.719859929964982825e+01 5.549984802878327367e-06
7.723861930965482259e+01 5.542284737771549897e-06
7.727863931965983113e+01 5.534600895127119196e-06
7.731865932966482546e+01 5.526933228773443800e-06
7.735867933966983401e+01 5.519281692705458071e-06
7.739869934967482834e+01 5.511646241083920862e-06
7.743871935967983688e+01 5.504026828234651487e-06
7.747873936968484543e+01 5.496423408647834311e-06
7.751875937968983976e+01 5.488835936977298768e-06
7.755877938969484831e+01 5.481264368039772284e-06
7.759879939969984264e+01 5.473708656814209420e-06
7.763881940970485118e+01 5.466168758441052416e-06
7.767883941970985973e+01 5.458644628221544248e-06
7.771885942971485406e+01 5.451136221617022200e-06
7.775887943971986260e+01 5.443643494248214828e-06
7.779889944972485694e+01 5.436166401894548240e-06
7.783891945972986548e+01 5.428704900493462542e-06
7.787893946973485981e+01 5.421258946139728277e-06
7.791895947973986836e+01 5.413828495084741702e-06
7.795897948974487690e+01 5.406413503735878492e-06
7.799899949974987123e+01 5.399013928655776313e-06
7.803901950975487978e+01 5.391629726561697846e-06
7.807903951975987411e+01 5.384260854324850622e-06
7.811905952976488265e+01 5.376907268969701774e-06
7.815907953976987699e+01 5.369568927673345298e-06
7.819909954977488553e+01 5.362245787764824436e-06
7.823911955977989408e+01 5.354937806724470980e-06
7.827913956978488841e+01 5.347644942183280169e-06
7.831915957978989695e+01 5.340367151922218659e-06
7.835917958979489129e+01 5.333104393871627367e-06
7.839919959979989983e+01 5.325856626110537068e-06
7.843921960980489416e+01 5.318623806866053447e-06
7.847923961980990271e+01 5.311405894512712511e-06
7.851925962981491125e+01 5.304202847571848699e-06
7.855927963981990558e+01 5.297014624710966383e-06
7.859929964982491413e+01 5.289841184743105445e-06
7.863931965982990846e+01 5.282682486626239031e-06
7.867933966983491700e+01 5.275538489462628115e-06
7.871935967983991134e+01 5.268409152498217566e-06
7.875937968984491988e+01 5.261294435122019502e-06
7.879939969984992842e+01 5.254194296865511904e-06
7.883941970985492276e+01 5.247108697402010960e-06
7.887943971985993130e+01 5.240037596546089153e-06
7.891945972986492563e+01 5.232980954252953543e-06
7.895947973986993418e+01 5.225938730617853686e-06
7.899949974987492851e+01 5.218910885875500572e-06
7.903951975987993706e+01 5.211897380399450834e-06
7.907953976988494560e+01 5.204898174701535842e-06
7.911955977988993993e+01 5.197913229431263704e-06
7.915957978989494848e+01 5.190942505375235656e-06
7.919959979989994281e+01 5.183985963456578553e-06
7.923961980990495135e+01 5.177043564734349400e-06
7.927963981990994569e+01 5.170115270402979707e-06
7.931965982991495423e+01 5.163201041791668156e-06
7.935967983991996277e+01 5.156300840363867307e-06
7.939969984992495711e+01 5.149414627716661025e-06
7.943971985992996565e+01 5.142542365580235085e-06
7.947973986993495998e+01 5.135684015817307119e-06
7.951975987993996853e+01 5.128839540422565036e-06
7.955977988994497707e+01 5.122008901522119832e-06
7.959979989994997140e+01 5.115192061372941471e-06
7.963981990995497995e+01 5.108388982362320174e-06
7.967983991995997428e+01 5.101599627007320077e-06
7.971985992996498283e+01 5.094823957954216805e-06
7.975987993996997716e+01 5.088061937977987556e-06
7.979989994997498570e+01 5.081313529981735121e-06
7.983991995997999425e+01 5.074578696996181357e-06
7.987993996998498858e+01 5.067857402179131862e-06
7.991995997998999712e+01 5.061149608814915239e-06
7.995997998999499146e+01 5.054455280313889276e-06
8.000000000000000000e+01 5.047774380211904776e-06
