0.000000000000000000e+00 1.104988889548525849e-04
4.002001000500250011e-02 1.110282099149254432e-04
8.004002001000500022e-02 1.115616183695624622e-04
1.200600300150075073e-01 1.120991587808119834e-04
1.600800400200100004e-01 1.126408762399525504e-04
2.001000500250124936e-01 1.131868164784920991e-04
2.401200600300150145e-01 1.137370258793955356e-04
2.801400700350175077e-01 1.142915514885471922e-04
3.201600800400200009e-01 1.148504410264541395e-04
3.601800900450224940e-01 1.154137429001949076e-04
4.002001000500249872e-01 1.159815062156209210e-04
4.402201100550274804e-01 1.165537807898161230e-04
4.802401200600300291e-01 1.171306171638216331e-04
5.202601300650324667e-01 1.177120666156307774e-04
5.602801400700350154e-01 1.182981811734635721e-04
6.003001500750374531e-01 1.188890136293247260e-04
6.403201600800400017e-01 1.194846175528546618e-04
6.803401700850425504e-01 1.200850473054787884e-04
7.203601800900449881e-01 1.206903580548648896e-04
7.603801900950475368e-01 1.213006057896938065e-04
8.004002001000499744e-01 1.219158473347533748e-04
8.404202101050525231e-01 1.225361403663628951e-04
8.804402201100549608e-01 1.231615434281363073e-04
9.204602301150575094e-01 1.237921159470935977e-04
9.604802401200600581e-01 1.244279182501286914e-04
1.000500250125062607e+00 1.250690115808428975e-04
1.040520260130064933e+00 1.257154581167536369e-04
1.080540270135067482e+00 1.263673209868889291e-04
1.120560280140070031e+00 1.270246642897753908e-04
1.160580290145072579e+00 1.276875531118329453e-04
1.200600300150074906e+00 1.283560535461842397e-04
1.240620310155077455e+00 1.290302327118918874e-04
1.280640320160080003e+00 1.297101587736326994e-04
1.320660330165082552e+00 1.303959009618224554e-04
1.360680340170085101e+00 1.310875295932012431e-04
1.400700350175087427e+00 1.317851160918938151e-04
1.440720360180089976e+00 1.324887330109556676e-04
1.480740370185092525e+00 1.331984540544180412e-04
1.520760380190095074e+00 1.339143540998478921e-04
1.560780390195097400e+00 1.346365092214327512e-04
1.600800400200099949e+00 1.353649967136077666e-04
1.640820410205102498e+00 1.360998951152383725e-04
1.680840420210105046e+00 1.368412842343740064e-04
1.720860430215107595e+00 1.375892451735887879e-04
1.760880440220109922e+00 1.383438603559247954e-04
1.800900450225112470e+00 1.391052135514551013e-04
1.840920460230115019e+00 1.398733899044830159e-04
1.880940470235117568e+00 1.406484759613972743e-04
1.920960480240120116e+00 1.414305596991978834e-04
1.960980490245122443e+00 1.422197305547149909e-04
2.001000500250125214e+00 1.430160794545386931e-04
2.041020510255127540e+00 1.438196988456796757e-04
2.081040520260129867e+00 1.446306827269818580e-04
2.121060530265132638e+00 1.454491266813084786e-04
2.161080540270134964e+00 1.462751279085234722e-04
2.201100550275137291e+00 1.471087852592918512e-04
2.241120560280140062e+00 1.479501992697208326e-04
2.281140570285142388e+00 1.487994721968676761e-04
2.321160580290145159e+00 1.496567080551394139e-04
2.361180590295147486e+00 1.505220126536089751e-04
2.401200600300149812e+00 1.513954936342766532e-04
2.441220610305152583e+00 1.522772605113021521e-04
2.481240620310154910e+00 1.531674247112383791e-04
2.521260630315157680e+00 1.540660996142956382e-04
2.561280640320160007e+00 1.549734005966648981e-04
2.601300650325162334e+00 1.558894450739364303e-04
2.641320660330165104e+00 1.568143525456412463e-04
2.681340670335167431e+00 1.577482446409537162e-04
2.721360680340170202e+00 1.586912451655865649e-04
2.761380690345172528e+00 1.596434801499183899e-04
2.801400700350174855e+00 1.606050778983872558e-04
2.841420710355177626e+00 1.615761690401924062e-04
2.881440720360179952e+00 1.625568865813423647e-04
2.921460730365182723e+00 1.635473659580915465e-04
2.961480740370185050e+00 1.645477450918084780e-04
3.001500750375187376e+00 1.655581644453200214e-04
3.041520760380190147e+00 1.665787670807778473e-04
3.081540770385192474e+00 1.676096987190946414e-04
3.121560780390194800e+00 1.686511078009998114e-04
3.161580790395197571e+00 1.697031455497661394e-04
3.201600800400199898e+00 1.707659660356590958e-04
3.241620810405202668e+00 1.718397262421664945e-04
3.281640820410204995e+00 1.729245861340623198e-04
3.321660830415207322e+00 1.740207087273666609e-04
3.361680840420210092e+00 1.751282601612605980e-04
3.401700850425212419e+00 1.762474097720216615e-04
3.441720860430215190e+00 1.773783301690439417e-04
3.481740870435217516e+00 1.785211973130132663e-04
3.521760880440219843e+00 1.796761905963052913e-04
3.561780890445222614e+00 1.808434929256834281e-04
3.601800900450224940e+00 1.820232908073702519e-04
3.641820910455227711e+00 1.832157744345728394e-04
3.681840920460230038e+00 1.844211377775444884e-04
3.721860930465232364e+00 1.856395786762671718e-04
3.761880940470235135e+00 1.868712989358433307e-04
3.801900950475237462e+00 1.881165044246909811e-04
3.841920960480240232e+00 1.893754051756341822e-04
3.881940970485242559e+00 1.906482154899925168e-04
3.921960980490244886e+00 1.919351540447684348e-04
3.961980990495247656e+00 1.932364440030429683e-04
4.002001000500250427e+00 1.945523131276894304e-04
4.042021010505252754e+00 1.958829938985218665e-04
4.082041020510255080e+00 1.972287236329978730e-04
4.122061030515257407e+00 1.985897446106023897e-04
4.162081040520259734e+00 1.999663042010417599e-04
4.202101050525262949e+00 2.013586549963826855e-04
4.242121060530265275e+00 2.027670549472806040e-04
4.282141070535267602e+00 2.041917675034406545e-04
4.322161080540269928e+00 2.056330617584650018e-04
4.362181090545272255e+00 2.070912125992481695e-04
4.402201100550274582e+00 2.085665008600816079e-04
4.442221110555277797e+00 2.100592134816450297e-04
4.482241120560280123e+00 2.115696436750598333e-04
4.522261130565282450e+00 2.130980910911958097e-04
4.562281140570284776e+00 2.146448619954229031e-04
4.602301150575287103e+00 2.162102694480152424e-04
4.642321160580290318e+00 2.177946334904155292e-04
4.682341170585292645e+00 2.193982813375847010e-04
4.722361180590294971e+00 2.210215475766664746e-04
4.762381190595297298e+00 2.226647743722061639e-04
4.802401200600299624e+00 2.243283116781770122e-04
4.842421210605302839e+00 2.260125174570750360e-04
4.882441220610305166e+00 2.277177579063570064e-04
4.922461230615307493e+00 2.294444076925068233e-04
4.962481240620309819e+00 2.311928501930291967e-04
5.002501250625312146e+00 2.329634777466822878e-04
5.042521260630315361e+00 2.347566919122746540e-04
5.082541270635317687e+00 2.365729037363686427e-04
5.122561280640320014e+00 2.384125340302445254e-04
5.162581290645322341e+00 2.402760136564980665e-04
5.202601300650324667e+00 2.421637838256617307e-04
5.242621310655327882e+00 2.440762964032556711e-04
5.282641320660330209e+00 2.460140142276940212e-04
5.322661330665332535e+00 2.479774114394950237e-04
5.362681340670334862e+00 2.499669738222585753e-04
5.402701350675337189e+00 2.519831991559021676e-04
5.442721360680340403e+00 2.540265975826663716e-04
5.482741370685342730e+00 2.560976919864260031e-04
5.522761380690345057e+00 2.581970183858696443e-04
5.562781390695347383e+00 2.603251263421359706e-04
5.602801400700349710e+00 2.624825793815250955e-04
5.642821410705352925e+00 2.646699554339314439e-04
5.682841420710355251e+00 2.668878472876797902e-04
5.722861430715357578e+00 2.691368630614744532e-04
5.762881440720359905e+00 2.714176266942126175e-04
5.802901450725362231e+00 2.737307784534469095e-04
5.842921460730365446e+00 2.760769754633192138e-04
5.882941470735367773e+00 2.784568922528369954e-04
5.922961480740370099e+00 2.808712213254002015e-04
5.962981490745372426e+00 2.833206737505344127e-04
6.003001500750374753e+00 2.858059797788400154e-04
6.043021510755377079e+00 2.883278894812138417e-04
6.083041520760380294e+00 2.908871734134553977e-04
6.123061530765382621e+00 2.934846233074310572e-04
6.163081540770384947e+00 2.961210527900300983e-04
6.203101550775387274e+00 2.987972981312082572e-04
6.243121560780389601e+00 3.015142190224897743e-04
6.283141570785392815e+00 3.042726993873662343e-04
6.323161580790395142e+00 3.070736482251143658e-04
6.363181590795397469e+00 3.099180004896310778e-04
6.403201600800399795e+00 3.128067180049774135e-04
6.443221610805402122e+00 3.157407904194115726e-04
6.483241620810405337e+00 3.187212361997931770e-04
6.523261630815407663e+00 3.217491036683430873e-04
6.563281640820409990e+00 3.248254720838567012e-04
6.603301650825412317e+00 3.279514527695857038e-04
6.643321660830414643e+00 3.311281902901308527e-04
6.683341670835417858e+00 3.343568636798190238e-04
6.723361680840420185e+00 3.376386877251855785e-04
6.763381690845422511e+00 3.409749143043290433e-04
6.803401700850424838e+00 3.443668337860750434e-04
6.843421710855427165e+00 3.478157764920470013e-04
6.883441720860430380e+00 3.513231142249394136e-04
6.923461730865432706e+00 3.548902618664730711e-04
6.963481740870435033e+00 3.585186790487285410e-04
7.003501750875437359e+00 3.622098719027755658e-04
7.043521760880439686e+00 3.659653948887541257e-04
7.083541770885442901e+00 3.697868527118189472e-04
7.123561780890445227e+00 3.736759023286288783e-04
7.163581790895447554e+00 3.776342550493640713e-04
7.203601800900449881e+00 3.816636787405493008e-04
7.243621810905452207e+00 3.857660001343144948e-04
7.283641820910455422e+00 3.899431072500658874e-04
7.323661830915457749e+00 3.941969519349365083e-04
7.363681840920460075e+00 3.985295525297873911e-04
7.403701850925462402e+00 4.029429966679785001e-04
7.443721860930464729e+00 4.074394442145985902e-04
7.483741870935467944e+00 4.120211303543507312e-04
7.523761880940470270e+00 4.166903688368416535e-04
7.563781890945472597e+00 4.214495553886052326e-04
7.603801900950474923e+00 4.263011713018257211e-04
7.643821910955477250e+00 4.312477872104039048e-04
7.683841920960480465e+00 4.362920670647440200e-04
7.723861930965482792e+00 4.414367723174291596e-04
7.763881940970485118e+00 4.466847663327964632e-04
7.803901950975487445e+00 4.520390190343550924e-04
7.843921960980489771e+00 4.575026118049627414e-04
7.883941970985492098e+00 4.630787426557639937e-04
7.923961980990495313e+00 4.687707316810361523e-04
7.963981990995497640e+00 4.745820268173463348e-04
8.004002001000500854e+00 4.805162099267792529e-04
8.044022011005502293e+00 4.865770032254462503e-04
8.084042021010505508e+00 4.927682760800951821e-04
8.124062031015506946e+00 4.990940521973424252e-04
8.164082041020510161e+00 5.055585172319291892e-04
8.204102051025513376e+00 5.121660268424278999e-04
8.244122061030514814e+00 5.189211152250246045e-04
8.284142071035518029e+00 5.258285041584149881e-04
8.324162081040519467e+00 5.328931125954308040e-04
8.364182091045522682e+00 5.401200668398892539e-04
8.404202101050525897e+00 5.475147113502225717e-04
8.444222111055527336e+00 5.550826202148366646e-04
8.484242121060530550e+00 5.628296093478295063e-04
8.524262131065531989e+00 5.707617494577177071e-04
8.564282141070535204e+00 5.788853798462380252e-04
8.604302151075536642e+00 5.872071230990775527e-04
8.644322161080539857e+00 5.957339007356954319e-04
8.684342171085543072e+00 6.044729498911433855e-04
8.724362181090544510e+00 6.134318411091611639e-04
8.764382191095547725e+00 6.226184973327774123e-04
8.804402201100549163e+00 6.320412141862869404e-04
8.844422211105552378e+00 6.417086816509254320e-04
8.884442221110555593e+00 6.516300072457950491e-04
8.924462231115557032e+00 6.618147408358520181e-04
8.964482241120560246e+00 6.722729012000144789e-04
9.004502251125561685e+00 6.830150045049114505e-04
9.044522261130564900e+00 6.940520948435688862e-04
9.084542271135568114e+00 7.053957770135497931e-04
9.124562281140569553e+00 7.170582517259669122e-04
9.164582291145572768e+00 7.290523534555009774e-04
9.204602301150574206e+00 7.413915911623442188e-04
9.244622311155577421e+00 7.540901921401263041e-04
9.284642321160580636e+00 7.671631492695940406e-04
9.324662331165582074e+00 7.806262719864778040e-04
9.364682341170585289e+00 7.944962413039974043e-04
9.404702351175586728e+00 8.087906692661460699e-04
9.444722361180589942e+00 8.235281632479223620e-04
9.484742371185593157e+00 8.387283955633746549e-04
9.524762381190594596e+00 8.544121788926063808e-04
9.564782391195597810e+00 8.706015480952097700e-04
9.604802401200599249e+00 8.873198490410478829e-04
9.644822411205602464e+00 9.045918351607194980e-04
9.684842421210605679e+00 9.224437724985752032e-04
9.724862431215607117e+00 9.409035541421917554e-04
9.764882441220610332e+00 9.600008250051318345e-04
9.804902451225611770e+00 9.797671180564911098e-04
9.844922461230614985e+00 1.000236003223182839e-03
9.884942471235618200e+00 1.021443250341418302e-03
9.924962481240619638e+00 1.043427007705348495e-03
9.964982491245622853e+00 1.066227997956433523e-03
1.000500250125062429e+01 1.089889733280670044e-03
1.004502251125562751e+01 1.114458752136903352e-03
1.008504252126063072e+01 1.139984880033076495e-03
1.012506253126563216e+01 1.166521517205026861e-03
1.016508254127063537e+01 1.194125956441274795e-03
1.020510255127563681e+01 1.222859734746183568e-03
1.024512256128064003e+01 1.252789023053160538e-03
1.028514257128564324e+01 1.283985058801416284e-03
1.032516258129064468e+01 1.316524626889289300e-03
1.036518259129564790e+01 1.350490595331573515e-03
1.040520260130064933e+01 1.385972512899128622e-03
1.044522261130565255e+01 1.423067277131892169e-03
1.048524262131065576e+01 1.461879882421913447e-03
1.052526263131565720e+01 1.502524259399061349e-03
1.056528264132066042e+01 1.545124218663758691e-03
1.060530265132566186e+01 1.589814514054351761e-03
1.064532266133066507e+01 1.636742043179485219e-03
1.068534267133566829e+01 1.686067205971532659e-03
1.072536268134066972e+01 1.737965445629016713e-03
1.076538269134567294e+01 1.792629000641196525e-03
1.080540270135067438e+01 1.850268901785110959e-03
1.084542271135567759e+01 1.911117254251677375e-03
1.088544272136068081e+01 1.975429852639972415e-03
1.092546273136568225e+01 2.043489185768727120e-03
1.096548274137068546e+01 2.115607899483502256e-03
1.100550275137568690e+01 2.192132799385445707e-03
1.104552276138069011e+01 2.273449492308099971e-03
1.108554277138569333e+01 2.359987786235927948e-03
1.112556278139069477e+01 2.452227994240812909e-03
1.116558279139569798e+01 2.550708320267400762e-03
1.120560280140069942e+01 2.656033544992562282e-03
1.124562281140570263e+01 2.768885280833304537e-03
1.128564282141070585e+01 2.890034129530592941e-03
1.132566283141570729e+01 3.020354157639490271e-03
1.136568284142071050e+01 3.160840210106615963e-03
1.140570285142571194e+01 3.312628717170952586e-03
1.144572286143071516e+01 3.477022824907049104e-03
1.148574287143571837e+01 3.655522908237702085e-03
1.152576288144071981e+01 3.849863825596725343e-03
1.156578289144572302e+01 4.062060672149011079e-03
1.160580290145072446e+01 4.294465319265325896e-03
1.164582291145572768e+01 4.549836742148217691e-03
1.168584292146073089e+01 4.831429106798882170e-03
1.172586293146573233e+01 5.143102914989873022e-03
1.176588294147073555e+01 5.489466341322960484e-03
1.180590295147573698e+01 5.876056459711274417e-03
1.184592296148074020e+01 6.309573674235716481e-03
1.188594297148574341e+01 6.798187831665965068e-03
1.192596298149074485e+01 7.351941945262352625e-03
1.196598299149574807e+01 7.983290348087654711e-03
1.200600300150074951e+01 8.707824203553211906e-03
1.204602301150575272e+01 9.545261442650948211e-03
1.208604302151075416e+01 1.052081484947891762e-02
1.212606303151575737e+01 1.166710838083347482e-02
1.216608304152076059e+01 1.302689953868387679e-02
1.220610305152576203e+01 1.465700360142029209e-02
1.224612306153076524e+01 1.663403405290234810e-02
1.228614307153576668e+01 1.906291966352114536e-02
1.232616308154076989e+01 2.208969933164549662e-02
1.236618309154577311e+01 2.592090357715969018e-02
1.240620310155077455e+01 3.085289475548182864e-02
1.244622311155577776e+01 3.731538961571747443e-02
1.248624312156077920e+01 4.593176451338341210e-02
1.252626313156578242e+01 5.758612856206638680e-02
1.256628314157078563e+01 7.343569885779784034e-02
1.260630315157578707e+01 9.464274525717646103e-02
1.264632316158079028e+01 1.212262314195711316e-01
1.268634317158579172e+01 1.492725680680899725e-01
1.272636318159079494e+01 1.684394251929816066e-01
1.276638319159579815e+01 1.678718097125767861e-01
1.280640320160079959e+01 1.491048917486902103e-01
1.284642321160580281e+01 1.241582187006191745e-01
1.288644322161080424e+01 1.025343004455277623e-01
1.292646323161580746e+01 8.751392738279237249e-02
1.296648324162081067e+01 7.916160441054376218e-02
1.300650325162581211e+01 7.666358611972313997e-02
1.304652326163081533e+01 7.872439425696356463e-02
1.308654327163581677e+01 8.264307056462048828e-02
1.312656328164081998e+01 8.374174504172025857e-02
1.316658329164582319e+01 7.833133258648666830e-02
1.320660330165082463e+01 6.779286288151326056e-02
1.324662331165582785e+01 5.634543387811431076e-02
1.328664332166082929e+01 4.667911831086864888e-02
1.332666333166583250e+01 3.941302877329357773e-02
1.336668334167083572e+01 3.425685914006271898e-02
1.340670335167583715e+01 3.075791938398820743e-02
1.344672336168084037e+01 2.854810864448786845e-02
1.348674337168584181e+01 2.738462217073927771e-02
1.352676338169084502e+01 2.713714695931201265e-02
1.356678339169584824e+01 2.777225079250274925e-02
1.360680340170084968e+01 2.934836790786707686e-02
1.364682341170585289e+01 3.202485504625470630e-02
1.368684342171085433e+01 3.608710772601227829e-02
1.372686343171585754e+01 4.198874632349441915e-02
1.376688344172086076e+01 5.040334136508494572e-02
1.380690345172586220e+01 6.224089589148230212e-02
1.384692346173086541e+01 7.846156178360869093e-02
1.388694347173586685e+01 9.922464128829151797e-02
1.392696348174087007e+01 1.217004219845333607e-01
1.396698349174587328e+01 1.377173903432699631e-01
1.400700350175087472e+01 1.376721573594147929e-01
1.404702351175587793e+01 1.214370349597536092e-01
1.408704352176087937e+01 9.852607996502603382e-02
1.412706353176588259e+01 7.719805019524059175e-02
1.416708354177088580e+01 6.035732482941270211e-02
1.420710355177588724e+01 4.786201136710644538e-02
1.424712356178089045e+01 3.873826526560711359e-02
1.428714357178589189e+01 3.204981098056893657e-02
1.432716358179089511e+01 2.708946237263436599e-02
1.436718359179589832e+01 2.336152409680427797e-02
1.440720360180089976e+01 2.052596550065303657e-02
1.444722361180590298e+01 1.834971941657728353e-02
1.448724362181090441e+01 1.667189488874202055e-02
1.452726363181590763e+01 1.538047282694015271e-02
1.456728364182091084e+01 1.439702048557691544e-02
1.460730365182591228e+01 1.366672004063682402e-02
1.464732366183091550e+01 1.315188169792409767e-02
1.468734367183591694e+01 1.282776985322299154e-02
1.472736368184092015e+01 1.268001522469624533e-02
1.476738369184592337e+01 1.270317981815626343e-02
1.480740370185092480e+01 1.290024261543289488e-02
1.484742371185592802e+01 1.328292493682919212e-02
1.488744372186092946e+01 1.387290813778048124e-02
1.492746373186593267e+01 1.470414136673361266e-02
1.496748374187093589e+01 1.582662481986452097e-02
1.500750375187593733e+01 1.731232459623864919e-02
1.504752376188094054e+01 1.926428331530830734e-02
1.508754377188594198e+01 2.183060005220265401e-02
1.512756378189094519e+01 2.522578945696818745e-02
1.516758379189594841e+01 2.976286821698186091e-02
1.520760380190094985e+01 3.589909337249713034e-02
1.524762381190595306e+01 4.429160575879093759e-02
1.528764382191095450e+01 5.582937951753003808e-02
1.532766383191595772e+01 7.150637752739563702e-02
1.536768384192096093e+01 9.173959516647667289e-02
1.540770385192596237e+01 1.144435128983666283e-01
1.544772386193096558e+01 1.324192359593157065e-01
1.548774387193596702e+01 1.356513740596664019e-01
1.552776388194097024e+01 1.218877137358513607e-01
1.556778389194597167e+01 9.967500081245170285e-02
1.560780390195097489e+01 7.800829377182948166e-02
1.564782391195597810e+01 6.058215445364003443e-02
1.568784392196097954e+01 4.757564064071517773e-02
1.572786393196598276e+01 3.807347696798525638e-02
1.576788394197098420e+01 3.111682991112212429e-02
1.580790395197598741e+01 2.596426195590210984e-02
1.584792396198099063e+01 2.209200514770954388e-02
1.588794397198599206e+01 1.913993789121426828e-02
1.592796398199099528e+01 1.686104262815428870e-02
1.596798399199599672e+01 1.508457107908178253e-02
1.600800400200100171e+01 1.369117601936360729e-02
1.604802401200600315e+01 1.259652942723277907e-02
1.608804402201100459e+01 1.174057926296145221e-02
1.612806403201600602e+01 1.108048434903098622e-02
1.616808404202101102e+01 1.058595615692540896e-02
1.620810405202601245e+01 1.023620320890356039e-02
1.624812406203101389e+01 1.001797725354581191e-02
1.628814407203601888e+01 9.924418034828104765e-03
1.632816408204102032e+01 9.954527437159226694e-03
1.636818409204602176e+01 1.011320311542059612e-02
1.640820410205102675e+01 1.041184759098101945e-02
1.644822411205602819e+01 1.086965923042779690e-02
1.648824412206102963e+01 1.151582550835043850e-02
1.652826413206603107e+01 1.239300016094195545e-02
1.656828414207103606e+01 1.356268484128117860e-02
1.660830415207603750e+01 1.511348466599442102e-02
1.664832416208103893e+01 1.717366140007106634e-02
1.668834417208604393e+01 1.992977212280172550e-02
1.672836418209104536e+01 2.365251021533826270e-02
1.676838419209604680e+01 2.872565909059974706e-02
1.680840420210105179e+01 3.565334796435808834e-02
1.684842421210605323e+01 4.495877602041820076e-02
1.688844422211105467e+01 5.677141568084489304e-02
1.692846423211605611e+01 6.996077714762699573e-02
1.696848424212106110e+01 8.161568198375002137e-02
1.700850425212606254e+01 8.828151043395156272e-02
1.704852426213106398e+01 8.741630816496669121e-02
1.708854427213606897e+01 7.857246897342533287e-02
1.712856428214107041e+01 6.509338457743225892e-02
1.716858429214607185e+01 5.158182088753655858e-02
1.720860430215107328e+01 4.045706763448825294e-02
1.724862431215607828e+01 3.204340853556365831e-02
1.728864432216107971e+01 2.585311297149126344e-02
1.732866433216608115e+01 2.130158205828091428e-02
1.736868434217108614e+01 1.791890435458370207e-02
1.740870435217608758e+01 1.536789369187311141e-02
1.744872436218108902e+01 1.341498983141891158e-02
1.748874437218609401e+01 1.189926394892956360e-02
1.752876438219109545e+01 1.070901942790230578e-02
1.756878439219609689e+01 9.765766728527686472e-03
1.760880440220109833e+01 9.013586089867924381e-03
1.764882441220610332e+01 8.412107042711702495e-03
1.768884442221110476e+01 7.931850513660713628e-03
1.772886443221610620e+01 7.551108034690307870e-03
1.776888444222111119e+01 7.253828097070273186e-03
1.780890445222611262e+01 7.028171221152676625e-03
1.784892446223111406e+01 6.865517016315231952e-03
1.788894447223611905e+01 6.759783789907844107e-03
1.792896448224112049e+01 6.706970885370276692e-03
1.796898449224612193e+01 6.704866489252887633e-03
1.800900450225112337e+01 6.752885808270810662e-03
1.804902451225612836e+01 6.852020549178003753e-03
1.808904452226112980e+01 7.004893415543621965e-03
1.812906453226613124e+01 7.215923020220920379e-03
1.816908454227113623e+01 7.491617106294190358e-03
1.820910455227613767e+01 7.841027343377429334e-03
1.824912456228113911e+01 8.276419910244860526e-03
1.828914457228614410e+01 8.814246510582610453e-03
1.832916458229114554e+01 9.476546475107353387e-03
1.836918459229614697e+01 1.029298186852466677e-02
1.840920460230114841e+01 1.130381957609235925e-02
1.844922461230615340e+01 1.256435169776369716e-02
1.848924462231115484e+01 1.415152485236414841e-02
1.852926463231615628e+01 1.617397704923148952e-02
1.856928464232116127e+01 1.878728740066085839e-02
1.860930465232616271e+01 2.221691511627809854e-02
1.864932466233116415e+01 2.679130218117255560e-02
1.868934467233616914e+01 3.298392071805228420e-02
1.872936468234117058e+01 4.144516042963754948e-02
1.876938469234617202e+01 5.294160730644110330e-02
1.880940470235117346e+01 6.794647343387641425e-02
1.884942471235617845e+01 8.536869750378867083e-02
1.888944472236117988e+01 1.004758076500047448e-01
1.892946473236618132e+01 1.055167285015571610e-01
1.896948474237118631e+01 9.714940673486052725e-02
1.900950475237618775e+01 8.087893795575321065e-02
1.904952476238118919e+01 6.408340290582266452e-02
1.908954477238619418e+01 5.029975241071545089e-02
1.912956478239119562e+01 3.998356023915362878e-02
1.916958479239619706e+01 3.250172727753507240e-02
1.920960480240119850e+01 2.710517017604615123e-02
1.924962481240620349e+01 2.319804541748361759e-02
1.928964482241120493e+01 2.035691205141177892e-02
1.932966483241620637e+01 1.829193075360521434e-02
1.936968484242121136e+01 1.680686613789892508e-02
1.940970485242621280e+01 1.576930846657710605e-02
1.944972486243121423e+01 1.509056522389310914e-02
1.948974487243621923e+01 1.471261116814644339e-02
1.952976488244122066e+01 1.459984163783904082e-02
1.956978489244622210e+01 1.473407973406814196e-02
1.960980490245122354e+01 1.511187657433481213e-02
1.964982491245622853e+01 1.574357273532213386e-02
1.968984492246122997e+01 1.665390843382063418e-02
1.972986493246623141e+01 1.788424017265195093e-02
1.976988494247123640e+01 1.949670026805561118e-02
1.980990495247623784e+01 2.158098422926231150e-02
1.984992496248123928e+01 2.426494466411207446e-02
1.988994497248624427e+01 2.773090538308912306e-02
1.992996498249124571e+01 3.224068538692787672e-02
1.996998499249624714e+01 3.817372404204635861e-02
2.001000500250124858e+01 4.608380279621252656e-02
2.005002501250625357e+01 5.677765303069161329e-02
2.009004502251125501e+01 7.140190576971376657e-02
2.013006503251625645e+01 9.145642604716720803e-02
2.017008504252126144e+01 1.184341888922262609e-01
2.021010505252626288e+01 1.522939423142148918e-01
2.025012506253126432e+01 1.877726899272427474e-01
2.029014507253626931e+01 2.111419513525223390e-01
2.033016508254127075e+01 2.081106526651168576e-01
2.037018509254627219e+01 1.807223244466941714e-01
2.041020510255127363e+01 1.445897499975564715e-01
2.045022511255627862e+01 1.118056522090431076e-01
2.049024512256128006e+01 8.617764284567887290e-02
2.053026513256628149e+01 6.720902967903361058e-02
2.057028514257128649e+01 5.333454206623001320e-02
2.061030515257628792e+01 4.311492295246110995e-02
2.065032516258128936e+01 3.547648087851554971e-02
2.069034517258629080e+01 2.966880688478695099e-02
2.073036518259129579e+01 2.517630426613694933e-02
2.077038519259629723e+01 2.164376759839588965e-02
2.081040520260129867e+01 1.882373561945118248e-02
2.085042521260630366e+01 1.654125577453761584e-02
2.089044522261130510e+01 1.467066396126321878e-02
2.093046523261630654e+01 1.312026052698241595e-02
2.097048524262131153e+01 1.182210415447264643e-02
2.101050525262631297e+01 1.072512732886182069e-02
2.105052526263131440e+01 9.790426019643803587e-03
2.109054527263631584e+01 8.987989652722096906e-03
2.113056528264132083e+01 8.294398118125762345e-03
2.117058529264632227e+01 7.691177180963294259e-03
2.121060530265132371e+01 7.163608428467056234e-03
2.125062531265632870e+01 6.699857278009151325e-03
2.129064532266133014e+01 6.290326454639695412e-03
2.133066533266633158e+01 5.927171290862438477e-03
2.137068534267133657e+01 5.603932539928797689e-03
2.141070535267633801e+01 5.315255479965945960e-03
2.145072536268133945e+01 5.056673051372874948e-03
2.149074537268634089e+01 4.824436985366773074e-03
2.153076538269134588e+01 4.615385240118920901e-03
2.157078539269634732e+01 4.426837150837213686e-03
2.161080540270134875e+01 4.256509913582899769e-03
2.165082541270635375e+01 4.102451623972403275e-03
2.169084542271135518e+01 3.962987261464975819e-03
2.173086543271635662e+01 3.836674871863563104e-03
2.177088544272136161e+01 3.722269841393335919e-03
2.181090545272636305e+01 3.618695636016245644e-03
2.185092546273136449e+01 3.525019742590366698e-03
2.189094547273636593e+01 3.440433824944919353e-03
2.193096548274137092e+01 3.364237320203027678e-03
2.197098549274637236e+01 3.295823864986034864e-03
2.201100550275137380e+01 3.234670069414323501e-03
2.205102551275637879e+01 3.180326257940524655e-03
2.209104552276138023e+01 3.132408876652530236e-03
2.213106553276638166e+01 3.090594331806429448e-03
2.217108554277138666e+01 3.054614077874943240e-03
2.221110555277638809e+01 3.024250818376844185e-03
2.225112556278138953e+01 2.999335721653620217e-03
2.229114557278639097e+01 2.979746588654268256e-03
2.233116558279139596e+01 2.965406942510626261e-03
2.237118559279639740e+01 2.956286041967086733e-03
2.241120560280139884e+01 2.952399854329995285e-03
2.245122561280640383e+01 2.953813060451625921e-03
2.249124562281140527e+01 2.960642206616688910e-03
2.253126563281640671e+01 2.973060168840589105e-03
2.257128564282141170e+01 2.991302157598300666e-03
2.261130565282641314e+01 3.015673570124312742e-03
2.265132566283141458e+01 3.046560099581145653e-03
2.269134567283641601e+01 3.084440644436498447e-03
2.273136568284142101e+01 3.129903739680308175e-03
2.277138569284642244e+01 3.183668471537922165e-03
2.281140570285142388e+01 3.246611164107066853e-03
2.285142571285642887e+01 3.319799576043541440e-03
2.289144572286143031e+01 3.404536970958306052e-03
2.293146573286643175e+01 3.502419304830628292e-03
2.297148574287143674e+01 3.615410024581264866e-03
2.301150575287643818e+01 3.745938771244767141e-03
2.305152576288143962e+01 3.897032900495160570e-03
2.309154577288644106e+01 4.072494593706997915e-03
2.313156578289144605e+01 4.277142095062080873e-03
2.317158579289644749e+01 4.517142323245791277e-03
2.321160580290144893e+01 4.800475451772695870e-03
2.325162581290645392e+01 5.137592747941075247e-03
2.329164582291145535e+01 5.542361414941345162e-03
2.333166583291645679e+01 6.033441509381697043e-03
2.337168584292146178e+01 6.636321446546728994e-03
2.341170585292646322e+01 7.386366898579817437e-03
2.345172586293146466e+01 8.333434166264020587e-03
2.349174587293646610e+01 9.548875465958651942e-03
2.353176588294147109e+01 1.113606191578997776e-02
2.357178589294647253e+01 1.324551168269501311e-02
2.361180590295147397e+01 1.609388482700343376e-02
2.365182591295647896e+01 1.997747939351253096e-02
2.369184592296148040e+01 2.524066645840229370e-02
2.373186593296648184e+01 3.207827490745230464e-02
2.377188594297148683e+01 3.993868056649134413e-02
2.381190595297648827e+01 4.659492757514606398e-02
2.385192596298148970e+01 4.856223702768534822e-02
2.389194597298649114e+01 4.454018095186292742e-02
2.393196598299149613e+01 3.714875786810636210e-02
2.397198599299649757e+01 2.964705689677251885e-02
2.401200600300149901e+01 2.353026873784992701e-02
2.405202601300650400e+01 1.895866549099887652e-02
2.409204602301150544e+01 1.563730853994957024e-02
2.413206603301650688e+01 1.323057162969611296e-02
2.417208604302150832e+01 1.147349160193299362e-02
2.421210605302651331e+01 1.017765938247248113e-02
2.425212606303151475e+01 9.213339057448036856e-03
2.429214607303651619e+01 8.491583469323099945e-03
2.433216608304152118e+01 7.950967723247609129e-03
2.437218609304652261e+01 7.548573671890949389e-03
2.441220610305152405e+01 7.254031753451896554e-03
2.445222611305652904e+01 7.045600741680195511e-03
2.449224612306153048e+01 6.907573256149952129e-03
2.453226613306653192e+01 6.828541153349106455e-03
2.457228614307153336e+01 6.800222626008101123e-03
2.461230615307653835e+01 6.816660864957137592e-03
2.465232616308153979e+01 6.873672474093935059e-03
2.469234617308654123e+01 6.968467006566232691e-03
2.473236618309154622e+01 7.099386489228434738e-03
2.477238619309654766e+01 7.265731568396638015e-03
2.481240620310154910e+01 7.467652629881376194e-03
2.485242621310655409e+01 7.706092216484381960e-03
2.489244622311155553e+01 7.982770741872601689e-03
2.493246623311655696e+01 8.300211836190340975e-03
2.497248624312155840e+01 8.661807324775422368e-03
2.501250625312656339e+01 9.071925359944686684e-03
2.505252626313156483e+01 9.536069077209564579e-03
2.509254627313656627e+01 1.006109785953602197e-02
2.513256628314157126e+01 1.065552954240811534e-02
2.517258629314657270e+01 1.132995063615090635e-02
2.521260630315157414e+01 1.209757431965601850e-02
2.525262631315657913e+01 1.297500481009681607e-02
2.529264632316158057e+01 1.398329529065674669e-02
2.533266633316658201e+01 1.514943059509716444e-02
2.537268634317158345e+01 1.650843453007650938e-02
2.541270635317658844e+01 1.810640988256054934e-02
2.545272636318158987e+01 2.000499003213045135e-02
2.549274637318659131e+01 2.228794865765701752e-02
2.553276638319159630e+01 2.507111904374935071e-02
2.557278639319659774e+01 2.851733084612226646e-02
2.561280640320159918e+01 3.285862065505176094e-02
2.565282641320660417e+01 3.842764020397777119e-02
2.569284642321160561e+01 4.569555221881158730e-02
2.573286643321660705e+01 5.529321587342052313e-02
2.577288644322160849e+01 6.792341104987624500e-02
2.581290645322661348e+01 8.389723011134098130e-02
2.585292646323161492e+01 1.018501965641602641e-01
2.589294647323661636e+01 1.170969075879268184e-01
2.593296648324162135e+01 1.233997661374549165e-01
2.597298649324662279e+01 1.199253455562555859e-01
2.601300650325162422e+01 1.127525204964476280e-01
2.605302651325662922e+01 1.080880326861758528e-01
2.609304652326163065e+01 1.088940948728599895e-01
2.613306653326663209e+01 1.162035704693407251e-01
2.617308654327163353e+01 1.306376247228758780e-01
2.621310655327663852e+01 1.528021004946095995e-01
2.625312656328163996e+01 1.828662976137858109e-01
2.629314657328664140e+01 2.204312627562274585e-01
2.633316658329164639e+01 2.657455702002693432e-01
2.637318659329664783e+01 3.186533595915087003e-01
2.641320660330164927e+01 3.730419015394835780e-01
2.645322661330665426e+01 4.176807181791820089e-01
2.649324662331165570e+01 4.444961954061616982e-01
2.653326663331665713e+01 4.444241234721058031e-01
2.657328664332165857e+01 4.073638716247925950e-01
2.661330665332666356e+01 3.418852765542027550e-01
2.665332666333166500e+01 2.711463887070126311e-01
2.669334667333666644e+01 2.107294695507289928e-01
2.673336668334167143e+01 1.642782200312215002e-01
2.677338669334667287e+01 1.298606965162406590e-01
2.681340670335167431e+01 1.044689079234945306e-01
2.685342671335667930e+01 8.554796055872453120e-02
2.689344672336168074e+01 7.122967801753106454e-02
2.693346673336668218e+01 6.021110948013593672e-02
2.697348674337168362e+01 5.159238703593775621e-02
2.701350675337668861e+01 4.474837335376150721e-02
2.705352676338169005e+01 3.923932375649904353e-02
2.709354677338669148e+01 3.475123236695901174e-02
2.713356678339169648e+01 3.105638199428004467e-02
2.717358679339669791e+01 2.798714795212162154e-02
2.721360680340169935e+01 2.541842287275961065e-02
2.725362681340670434e+01 2.325567260530976912e-02
2.729364682341170578e+01 2.142670867785645070e-02
2.733366683341670722e+01 1.987594743015890994e-02
2.737368684342170866e+01 1.856035923497553752e-02
2.741370685342671365e+01 1.744658685927390901e-02
2.745372686343171509e+01 1.650888940796678417e-02
2.749374687343671653e+01 1.572768448278970277e-02
2.753376688344172152e+01 1.508853928987493459e-02
2.757378689344672296e+01 1.458151611689509006e-02
2.761380690345172439e+01 1.420081857731938201e-02
2.765382691345672583e+01 1.394471924542134596e-02
2.769384692346173082e+01 1.381578255144427954e-02
2.773386693346673226e+01 1.382143492013362257e-02
2.777388694347173370e+01 1.397498431569853955e-02
2.781390695347673869e+01 1.429726360718736218e-02
2.785392696348174013e+01 1.481918080275152795e-02
2.789394697348674157e+01 1.558562297895453586e-02
2.793396698349174656e+01 1.666139558512182497e-02
2.797398699349674800e+01 1.814016079858102662e-02
2.801400700350174944e+01 2.015745975949080615e-02
2.805402701350675088e+01 2.290796747328678259e-02
2.809404702351175587e+01 2.666194711272809603e-02
2.813406703351675731e+01 3.175674744574700364e-02
2.817408704352175874e+01 3.848490575318763707e-02
2.821410705352676374e+01 4.671240213453493190e-02
2.825412706353176517e+01 5.520307513056197518e-02
2.829414707353676661e+01 6.170847313694075714e-02
2.833416708354177160e+01 6.536134288006778537e-02
2.837418709354677304e+01 6.844252845734399848e-02
2.841420710355177448e+01 7.400495303702984973e-02
2.845422711355677592e+01 8.294209743611088981e-02
2.849424712356178091e+01 9.248981893917522512e-02
2.853426713356678235e+01 9.638533060232491734e-02
2.857428714357178379e+01 9.003575619183917800e-02
2.861430715357678878e+01 7.614832323000055025e-02
2.865432716358179022e+01 6.088359754037370175e-02
2.869434717358679165e+01 4.789984823269678726e-02
2.873436718359179665e+01 3.795928714088004502e-02
2.877438719359679808e+01 3.061190610559592559e-02
2.881440720360179952e+01 2.519946957499819007e-02
2.885442721360680096e+01 2.117200169726578610e-02
2.889444722361180595e+01 1.813025972002046265e-02
2.893446723361680739e+01 1.579695920209020846e-02
2.897448724362180883e+01 1.398125291880443488e-02
2.901450725362681382e+01 1.255108151468833921e-02
2.905452726363181526e+01 1.141406641946322680e-02
2.909454727363681670e+01 1.050481253606238771e-02
2.913456728364182169e+01 9.776555600160590637e-03
2.917458729364682313e+01 9.195661640944418139e-03
2.921460730365182457e+01 8.737991313840521787e-03
2.925462731365682600e+01 8.386493555589961263e-03
2.929464732366183100e+01 8.129608730553369508e-03
2.933466733366683243e+01 7.960153231837300419e-03
2.937468734367183387e+01 7.874308549030815604e-03
2.941470735367683886e+01 7.870257644669744965e-03
2.945472736368184030e+01 7.946829272638809838e-03
2.949474737368684174e+01 8.105332627952415575e-03
2.953476738369184673e+01 8.356058021163913913e-03
2.957478739369684817e+01 8.720610904333837149e-03
2.961480740370184961e+01 9.228014263247576177e-03
2.965482741370685105e+01 9.914674606787512653e-03
2.969484742371185604e+01 1.082970552533786893e-02
2.973486743371685748e+01 1.204270070596262857e-02
2.977488744372185892e+01 1.365418719372651045e-02
2.981490745372686391e+01 1.581074343919795094e-02
2.985492746373186534e+01 1.872683404194472670e-02
2.989494747373686678e+01 2.271326375484043758e-02
2.993496748374187177e+01 2.820178672471902737e-02
2.997498749374687321e+01 3.571782090904847273e-02
3.001500750375187465e+01 4.564588033488680557e-02
3.005502751375687609e+01 5.745013199208785781e-02
3.009504752376188108e+01 6.824994277282192545e-02
3.013506753376688252e+01 7.276656172480673590e-02
3.017508754377188396e+01 6.795905683666876584e-02
3.021510755377688895e+01 5.698946098492379403e-02
3.025512756378189039e+01 4.511465850174038728e-02
3.029514757378689183e+01 3.514754091105371653e-02
3.033516758379189682e+01 2.758780492135243928e-02
3.037518759379689826e+01 2.204138421409995371e-02
3.041520760380189969e+01 1.798312958449844665e-02
3.045522761380690113e+01 1.498351143903418718e-02
3.049524762381190612e+01 1.273355633136974419e-02
3.053526763381690756e+01 1.101981022399811314e-02
3.057528764382190900e+01 9.695949658982485481e-03
3.061530765382691399e+01 8.661104775574156311e-03
3.065532766383191543e+01 7.844997557524126947e-03
3.069534767383691687e+01 7.198110604920809376e-03
3.073536768384192186e+01 6.685244881577089016e-03
3.077538769384692330e+01 6.281298549957217182e-03
3.081540770385192474e+01 5.968502755606683655e-03
3.085542771385692618e+01 5.734633001439884935e-03
3.089544772386193117e+01 5.571902716437888287e-03
3.093546773386693260e+01 5.476371402197335175e-03
3.097548774387193404e+01 5.447786573107907086e-03
3.101550775387693903e+01 5.489834038545656977e-03
3.105552776388194047e+01 5.610767138079191321e-03
3.109554777388694191e+01 5.824190947576651615e-03
3.113556778389194335e+01 6.148963032970224986e-03
3.117558779389694834e+01 6.604693935635365214e-03
3.121560780390194978e+01 7.194514040230582698e-03
3.125562781390695122e+01 7.869278416435802892e-03
3.129564782391195621e+01 8.514943481389317809e-03
3.133566783391695765e+01 9.060886769440452959e-03
3.137568784392195909e+01 9.614032654808415609e-03
3.141570785392696408e+01 1.038341871344974562e-02
3.145572786393196552e+01 1.155130962702209489e-02
3.149574787393696695e+01 1.327525717291273832e-02
3.153576788394196839e+01 1.574625909545685626e-02
3.157578789394697338e+01 1.923456706007313152e-02
3.161580790395197482e+01 2.410286947620153900e-02
3.165582791395697626e+01 3.072522524034908276e-02
3.169584792396198125e+01 3.912416874154686641e-02
3.173586793396698269e+01 4.806756745247277307e-02
3.177588794397198413e+01 5.418857651529156855e-02
3.181590795397698912e+01 5.376875614753225813e-02
3.185592796398199056e+01 4.705293151592077061e-02
3.189594797398699200e+01 3.791517897325217407e-02
3.193596798399199344e+01 2.952110008980612585e-02
3.197598799399699843e+01 2.292269157491027415e-02
3.201600800400200342e+01 1.802602154086393321e-02
3.205602801400700486e+01 1.443900038714950040e-02
3.209604802401200629e+01 1.179363422148095066e-02
3.213606803401700773e+01 9.813729570285771933e-03
3.217608804402200917e+01 8.305872436903179168e-03
3.221610805402701061e+01 7.137117964677046691e-03
3.225612806403201205e+01 6.215903676631170417e-03
3.229614807403702059e+01 5.478478726211506895e-03
3.233616808404202203e+01 4.879806433304292174e-03
3.237618809404702347e+01 4.387567461581164119e-03
3.241620810405202491e+01 3.978203913866968679e-03
3.245622811405702635e+01 3.634286872322350231e-03
3.249624812406202778e+01 3.342743001198954147e-03
3.253626813406702922e+01 3.093643657400685625e-03
3.257628814407203777e+01 2.879367065197924614e-03
3.261630815407703921e+01 2.694011762773847619e-03
3.265632816408204064e+01 2.532982405870383338e-03
3.269634817408704208e+01 2.392696545984062360e-03
3.273636818409204352e+01 2.270379107251359156e-03
3.277638819409704496e+01 2.163923708217388268e-03
3.281640820410205350e+01 2.071809147396434445e-03
3.285642821410705494e+01 1.993066928150527724e-03
3.289644822411205638e+01 1.927302562532632550e-03
3.293646823411705782e+01 1.874778979448562524e-03
3.297648824412205926e+01 1.836569031357481634e-03
3.301650825412706070e+01 1.814752871876691926e-03
3.305652826413206213e+01 1.812497279746919793e-03
3.309654827413707068e+01 1.833390950309453371e-03
3.313656828414207212e+01 1.878264811222304324e-03
3.317658829414707355e+01 1.936708574314778769e-03
3.321660830415207499e+01 1.976962224362895527e-03
3.325662831415707643e+01 1.959089780744409891e-03
3.329664832416207787e+01 1.879188158738925385e-03
3.333666833416707931e+01 1.774947180951058417e-03
3.337668834417208785e+01 1.681870830530124081e-03
3.341670835417708929e+01 1.613886704515026102e-03
3.345672836418209073e+01 1.572065962203692902e-03
3.349674837418709217e+01 1.554123910798274177e-03
3.353676838419209361e+01 1.558427198993478629e-03
3.357678839419709504e+01 1.585140423773664670e-03
3.361680840420210359e+01 1.636568662477385153e-03
3.365682841420710503e+01 1.717519051204036921e-03
3.369684842421210647e+01 1.835990967889352451e-03
3.373686843421710790e+01 2.004369983111862520e-03
3.377688844422210934e+01 2.241249625632479262e-03
3.381690845422711078e+01 2.573751687395641700e-03
3.385692846423211222e+01 3.039070410621069751e-03
3.389694847423712076e+01 3.679991275058054970e-03
3.393696848424212220e+01 4.518579273403298263e-03
3.397698849424712364e+01 5.478607970745617492e-03
3.401700850425212508e+01 6.270270143637362951e-03
3.405702851425712652e+01 6.458281925981548127e-03
3.409704852426212796e+01 5.902620339718719217e-03
3.413706853426712939e+01 4.946076913236700442e-03
3.417708854427213794e+01 3.989552549204499962e-03
3.421710855427713938e+01 3.209948315432089097e-03
3.425712856428214081e+01 2.622677839252341575e-03
3.429714857428714225e+01 2.189807672442017211e-03
3.433716858429214369e+01 1.869513418401586328e-03
3.437718859429714513e+01 1.629011884430042962e-03
3.441720860430214657e+01 1.445024594148780137e-03
3.445722861430715511e+01 1.301504046924917496e-03
3.449724862431215655e+01 1.187416137199830872e-03
3.453726863431715799e+01 1.095105336466950952e-03
3.457728864432215943e+01 1.019185634494178911e-03
3.461730865432716087e+01 9.558074863125632769e-04
3.465732866433216230e+01 9.021748526069420238e-04
3.469734867433717085e+01 8.562247684252650894e-04
3.473736868434217229e+01 8.164122284392632493e-04
3.477738869434717373e+01 7.815637612150888851e-04
3.481740870435217516e+01 7.507762990602837895e-04
3.485742871435717660e+01 7.233463101361003230e-04
3.489744872436217804e+01 6.987194312337377273e-04
3.493746873436717948e+01 6.764541836292582277e-04
3.497748874437218802e+01 6.561954966631299360e-04
3.501750875437718946e+01 6.376551523351412388e-04
3.505752876438219090e+01 6.205971758345413388e-04
3.509754877438719234e+01 6.048268031803930023e-04
3.513756878439219378e+01 5.901820655190265870e-04
3.517758879439719522e+01 5.765273081638805537e-04
3.521760880440219665e+01 5.637481547532362507e-04
3.525762881440720520e+01 5.517475611972005823e-04
3.529764882441220664e+01 5.404426989226553471e-04
3.533766883441720807e+01 5.297624746086339971e-04
3.537768884442220951e+01 5.196455423978586178e-04
3.541770885442721095e+01 5.100387000833323274e-04
3.545772886443221239e+01 5.008955868530249505e-04
3.549774887443722093e+01 4.921756195007677111e-04
3.553776888444222237e+01 4.838431184474345005e-04
3.557778889444722381e+01 4.758665857851083277e-04
3.561780890445222525e+01 4.682181058011686704e-04
3.565782891445722669e+01 4.608728447373449354e-04
3.569784892446222813e+01 4.538086313830359039e-04
3.573786893446722956e+01 4.470056038523636676e-04
3.577788894447223811e+01 4.404459108156434763e-04
3.581790895447723955e+01 4.341134577449689592e-04
3.585792896448224099e+01 4.279936905373780856e-04
3.589794897448724242e+01 4.220734103082589631e-04
3.593796898449224386e+01 4.163406142858394414e-04
3.597798899449724530e+01 4.107843586486674891e-04
3.601800900450224674e+01 4.053946398806747070e-04
3.605802901450725528e+01 4.001622918103892425e-04
3.609804902451225672e+01 3.950788959812610683e-04
3.613806903451725816e+01 3.901367033915473389e-04
3.617808904452225960e+01 3.853285659625924325e-04
3.621810905452726104e+01 3.806478763575075206e-04
3.625812906453226248e+01 3.760885149892928092e-04
3.629814907453727102e+01 3.716448032370797358e-04
3.633816908454227246e+01 3.673114620383788505e-04
3.637818909454727390e+01 3.630835751495488026e-04
3.641820910455227533e+01 3.589565564707092034e-04
3.645822911455727677e+01 3.549261209185184535e-04
3.649824912456227821e+01 3.509882584036415776e-04
3.653826913456727965e+01 3.471392105316759664e-04
3.657828914457228819e+01 3.433754496987193277e-04
3.661830915457728963e+01 3.396936602972779702e-04
3.665832916458229107e+01 3.360907217860630361e-04
3.669834917458729251e+01 3.325636934095693134e-04
3.673836918459229395e+01 3.291098003809512498e-04
3.677838919459729539e+01 3.257264213654388293e-04
3.681840920460229682e+01 3.224110771219218454e-04
3.685842921460730537e+01 3.191614201778878606e-04
3.689844922461230681e+01 3.159752254280902804e-04
3.693846923461730825e+01 3.128503815604321094e-04
3.697848924462230968e+01 3.097848832239753075e-04
3.701850925462731112e+01 3.067768238638640438e-04
3.705852926463231256e+01 3.038243891565949257e-04
3.709854927463732110e+01 3.009258509865922926e-04
3.713856928464232254e+01 2.980795619116352537e-04
3.717858929464732398e+01 2.952839500704521319e-04
3.721860930465232542e+01 2.925375144908686853e-04
3.725862931465732686e+01 2.898388207613490750e-04
3.729864932466232830e+01 2.871864970326914101e-04
3.733866933466732974e+01 2.845792303201081738e-04
3.737868934467233828e+01 2.820157630789813397e-04
3.741870935467733972e+01 2.794948900302956433e-04
3.745872936468234116e+01 2.770154552141496085e-04
3.749874937468734259e+01 2.745763492518954246e-04
3.753876938469234403e+01 2.721765067993413213e-04
3.757878939469734547e+01 2.698149041751559188e-04
3.761880940470234691e+01 2.674905571501164634e-04
3.765882941470735545e+01 2.652025188841978967e-04
3.769884942471235689e+01 2.629498779997052268e-04
3.773886943471735833e+01 2.607317567797276373e-04
3.777888944472235977e+01 2.585473094821798767e-04
3.781890945472736121e+01 2.563957207605494166e-04
3.785892946473236265e+01 2.542762041832649167e-04
3.789894947473736408e+01 2.521880008443065364e-04
3.793896948474237263e+01 2.501303780583105066e-04
3.797898949474737407e+01 2.481026281340043276e-04
3.801900950475237551e+01 2.461040672203198328e-04
3.805902951475737694e+01 2.441340342200118516e-04
3.809904952476237838e+01 2.421918897660297069e-04
3.813906953476737982e+01 2.402770152562790995e-04
3.817908954477238836e+01 2.383888119427614197e-04
3.821910955477738980e+01 2.365267000714027360e-04
3.825912956478239124e+01 2.346901180691640014e-04
3.829914957478739268e+01 2.328785217753041447e-04
3.833916958479239412e+01 2.310913837138969470e-04
3.837918959479739556e+01 2.293281924049273555e-04
3.841920960480239700e+01 2.275884517114986944e-04
3.845922961480740554e+01 2.258716802208583655e-04
3.849924962481240698e+01 2.241774106571264326e-04
3.853926963481740842e+01 2.225051893237596165e-04
3.857928964482240985e+01 2.208545755739312456e-04
3.861930965482741129e+01 2.192251413071327456e-04
3.865932966483241273e+01 2.176164704904248162e-04
3.869934967483741417e+01 2.160281587028752492e-04
3.873936968484242271e+01 2.144598127018239840e-04
3.877938969484742415e+01 2.129110500097060202e-04
3.881940970485242559e+01 2.113814985202500519e-04
3.885942971485742703e+01 2.098707961229529027e-04
3.889944972486242847e+01 2.083785903447997944e-04
3.893946973486742991e+01 2.069045380082671379e-04
3.897948974487243845e+01 2.054483049047141905e-04
3.901950975487743989e+01 2.040095654823192051e-04
3.905952976488244133e+01 2.025880025477748089e-04
3.909954977488744277e+01 2.011833069810068189e-04
3.913956978489244420e+01 1.997951774622249625e-04
3.917958979489744564e+01 1.984233202106593466e-04
3.921960980490244708e+01 1.970674487343729449e-04
3.925962981490745562e+01 1.957272835905814158e-04
3.929964982491245706e+01 1.944025521559447048e-04
3.933966983491745850e+01 1.930929884063231649e-04
3.937968984492245994e+01 1.917983327055285418e-04
3.941970985492746138e+01 1.905183316026210752e-04
3.945972986493246282e+01 1.892527376373331557e-04
3.949974987493746426e+01 1.880013091532235878e-04
3.953976988494247280e+01 1.867638101181898441e-04
3.957978989494747424e+01 1.855400099519865706e-04
3.961980990495247568e+01 1.843296833604153497e-04
3.965982991495747711e+01 1.831326101758769416e-04
3.969984992496247855e+01 1.819485752039852998e-04
3.973986993496747999e+01 1.807773680759658592e-04
3.977988994497248854e+01 1.796187831065718988e-04
3.981990995497748997e+01 1.784726191572694220e-04
3.985992996498249141e+01 1.773386795044520838e-04
3.989994997498749285e+01 1.762167717124630650e-04
3.993996998499249429e+01 1.751067075112103580e-04
3.997998999499749573e+01 1.740083026781733694e-04
4.002001000500249717e+01 1.729213769246098304e-04
4.006003001500750571e+01 1.718457537857823604e-04
4.010005002501250715e+01 1.707812605150317781e-04
4.014007003501750859e+01 1.697277279815322028e-04
4.018009004502251003e+01 1.686849905715755843e-04
4.022011005502751146e+01 1.676528860932357731e-04
4.026013006503251290e+01 1.666312556842727290e-04
4.030015007503751434e+01 1.656199437231422635e-04
4.034017008504252289e+01 1.646187977429863357e-04
4.038019009504752432e+01 1.636276683484814683e-04
4.042021010505252576e+01 1.626464091354287028e-04
4.046023011505752720e+01 1.616748766129803903e-04
4.050025012506252864e+01 1.607129301283936602e-04
4.054027013506753008e+01 1.597604317942145349e-04
4.058029014507253862e+01 1.588172464177960066e-04
4.062031015507754006e+01 1.578832414330615509e-04
4.066033016508254150e+01 1.569582868344237094e-04
4.070035017508754294e+01 1.560422551127795693e-04
4.074037018509254438e+01 1.551350211935020428e-04
4.078039019509754581e+01 1.542364623763512149e-04
4.082041020510254725e+01 1.533464582772353115e-04
4.086043021510755580e+01 1.524648907717512784e-04
4.090045022511255723e+01 1.515916439404405675e-04
4.094047023511755867e+01 1.507266040156945096e-04
4.098049024512256011e+01 1.498696593302528408e-04
4.102051025512756155e+01 1.490207002672349387e-04
4.106053026513256299e+01 1.481796192116494222e-04
4.110055027513756443e+01 1.473463105033299926e-04
4.114057028514257297e+01 1.465206703912454460e-04
4.118059029514757441e+01 1.457025969891374004e-04
4.122061030515257585e+01 1.448919902324369475e-04
4.126063031515757729e+01 1.440887518364174300e-04
4.130065032516257872e+01 1.432927852555402758e-04
4.134067033516758016e+01 1.425039956439519558e-04
4.138069034517258160e+01 1.417222898170943373e-04
4.142071035517759015e+01 1.409475762143883688e-04
4.146073036518259158e+01 1.401797648629582753e-04
4.150075037518759302e+01 1.394187673423573652e-04
4.154077038519259446e+01 1.386644967502649584e-04
4.158079039519759590e+01 1.379168676691220155e-04
4.162081040520259734e+01 1.371757961336727270e-04
4.166083041520760588e+01 1.364411995993843876e-04
4.170085042521260732e+01 1.357129969117168238e-04
4.174087043521760876e+01 1.349911082762115600e-04
4.178089044522261020e+01 1.342754552293780356e-04
4.182091045522761164e+01 1.335659606103486031e-04
4.186093046523261307e+01 1.328625485332783727e-04
4.190095047523761451e+01 1.321651443604681655e-04
4.194097048524262306e+01 1.314736746761850433e-04
4.198099049524762449e+01 1.307880672611609239e-04
4.202101050525262593e+01 1.301082510677468963e-04
4.206103051525762737e+01 1.294341561957037992e-04
4.210105052526262881e+01 1.287657138686088974e-04
4.214107053526763025e+01 1.281028564108603336e-04
4.218109054527263169e+01 1.274455172252607056e-04
4.222111055527764023e+01 1.267936307711626956e-04
4.226113056528264167e+01 1.261471325431600516e-04
4.230115057528764311e+01 1.255059590503060612e-04
4.234117058529264455e+01 1.248700477958464251e-04
4.238119059529764598e+01 1.242393372574492364e-04
4.242121060530264742e+01 1.236137668679181362e-04
4.246123061530765597e+01 1.229932769963744388e-04
4.250125062531265741e+01 1.223778089298952203e-04
4.254127063531765884e+01 1.217673048555924860e-04
4.258129064532266028e+01 1.211617078431228211e-04
4.262131065532766172e+01 1.205609618276135513e-04
4.266133066533266316e+01 1.199650115929943808e-04
4.270135067533766460e+01 1.193738027557225288e-04
4.274137068534267314e+01 1.187872817488907107e-04
4.278139069534767458e+01 1.182053958067071905e-04
4.282141070535267602e+01 1.176280929493361274e-04
4.286143071535767746e+01 1.170553219680907348e-04
4.290145072536267890e+01 1.164870324109673269e-04
4.294147073536768033e+01 1.159231745685118079e-04
4.298149074537268177e+01 1.153636994600092130e-04
4.302151075537769032e+01 1.148085588199875061e-04
4.306153076538269175e+01 1.142577050850276227e-04
4.310155077538769319e+01 1.137110913808699893e-04
4.314157078539269463e+01 1.131686715098118788e-04
4.318159079539769607e+01 1.126303999383852902e-04
4.322161080540269751e+01 1.120962317853100399e-04
4.326163081540770605e+01 1.115661228097129018e-04
4.330165082541270749e+01 1.110400293996078371e-04
4.334167083541770893e+01 1.105179085606278682e-04
4.338169084542271037e+01 1.099997179050044341e-04
4.342171085542771181e+01 1.094854156407865179e-04
4.346173086543271324e+01 1.089749605612934738e-04
4.350175087543771468e+01 1.084683120347956856e-04
4.354177088544272323e+01 1.079654299944169044e-04
4.358179089544772467e+01 1.074662749282537103e-04
4.362181090545272610e+01 1.069708078697039958e-04
4.366183091545772754e+01 1.064789903880026937e-04
4.370185092546272898e+01 1.059907845789563618e-04
4.374187093546773042e+01 1.055061530558735740e-04
4.378189094547273186e+01 1.050250589406853587e-04
4.382191095547774040e+01 1.045474658552511039e-04
4.386193096548274184e+01 1.040733379128456858e-04
4.390195097548774328e+01 1.036026397098224560e-04
4.394197098549274472e+01 1.031353363174488058e-04
4.398199099549774616e+01 1.026713932739094437e-04
4.402201100550274759e+01 1.022107765764735358e-04
4.406203101550775614e+01 1.017534526738213057e-04
4.410205102551275758e+01 1.012993884585272608e-04
4.414207103551775901e+01 1.008485512596945431e-04
4.418209104552276045e+01 1.004009088357386283e-04
4.422211105552776189e+01 9.995642936731571220e-05
4.426213106553276333e+01 9.951508145039247670e-05
4.430215107553776477e+01 9.907683408945426812e-05
4.434217108554277331e+01 9.864165669084756717e-05
4.438219109554777475e+01 9.820951905625507059e-05
4.442221110555277619e+01 9.778039137629845109e-05
4.446223111555777763e+01 9.735424422426731841e-05
4.450225112556277907e+01 9.693104854997055978e-05
4.454227113556778050e+01 9.651077567370774208e-05
4.458229114557278194e+01 9.609339728035740471e-05
4.462231115557779049e+01 9.567888541357965433e-05
4.466233116558279193e+01 9.526721247013102882e-05
4.470235117558779336e+01 9.485835119428772722e-05
4.474237118559279480e+01 9.445227467237632478e-05
4.478239119559779624e+01 9.404895632740825964e-05
4.482241120560279768e+01 9.364836991381672257e-05
4.486243121560779912e+01 9.325048951229287294e-05
4.490245122561280766e+01 9.285528952471934852e-05
4.494247123561780910e+01 9.246274466919979478e-05
4.498249124562281054e+01 9.207282997518045659e-05
4.502251125562781198e+01 9.168552077866365597e-05
4.506253126563281342e+01 9.130079271750978149e-05
4.510255127563781485e+01 9.091862172682705734e-05
4.514257128564282340e+01 9.053898403444544647e-05
4.518259129564782484e+01 9.016185615647540617e-05
4.522261130565282627e+01 8.978721489294637305e-05
4.526263131565782771e+01 8.941503732352629229e-05
4.530265132566282915e+01 8.904530080331891115e-05
4.534267133566783059e+01 8.867798295873708866e-05
4.538269134567283203e+01 8.831306168345102374e-05
4.542271135567784057e+01 8.795051513440951775e-05
4.546273136568284201e+01 8.759032172793318753e-05
4.550275137568784345e+01 8.723246013587699960e-05
4.554277138569284489e+01 8.687690928186184082e-05
4.558279139569784633e+01 8.652364833757325558e-05
4.562281140570284776e+01 8.617265671912553303e-05
4.566283141570784920e+01 8.582391408349035879e-05
4.570285142571285775e+01 8.547740032498853991e-05
4.574287143571785919e+01 8.513309557184304166e-05
4.578289144572286062e+01 8.479098018279282076e-05
4.582291145572786206e+01 8.445103474376544964e-05
4.586293146573286350e+01 8.411324006460790803e-05
4.590295147573786494e+01 8.377757717587402421e-05
4.594297148574287348e+01 8.344402732566746797e-05
4.598299149574787492e+01 8.311257197653959072e-05
4.602301150575287636e+01 8.278319280243953769e-05
4.606303151575787780e+01 8.245587168571787899e-05
4.610305152576287924e+01 8.213059071418072395e-05
4.614307153576788068e+01 8.180733217819412880e-05
4.618309154577288211e+01 8.148607856783776778e-05
4.622311155577789066e+01 8.116681257010662095e-05
4.626313156578289210e+01 8.084951706616029900e-05
4.630315157578789353e+01 8.053417512861789113e-05
4.634317158579289497e+01 8.022077001889902693e-05
4.638319159579789641e+01 7.990928518460880788e-05
4.642321160580289785e+01 7.959970425696668965e-05
4.646323161580789929e+01 7.929201104827775671e-05
4.650325162581290783e+01 7.898618954944647058e-05
4.654327163581790927e+01 7.868222392753080458e-05
4.658329164582291071e+01 7.838009852333717171e-05
4.662331165582791215e+01 7.807979784905474973e-05
4.666333166583291359e+01 7.778130658592834960e-05
4.670335167583791502e+01 7.748460958196955628e-05
4.674337168584292357e+01 7.718969184970517964e-05
4.678339169584792501e+01 7.689653856396186349e-05
4.682341170585292645e+01 7.660513505968687988e-05
4.686343171585792788e+01 7.631546682980406508e-05
4.690345172586292932e+01 7.602751952310427387e-05
4.694347173586793076e+01 7.574127894216949833e-05
4.698349174587293220e+01 7.545673104133052904e-05
4.702351175587794074e+01 7.517386192465685783e-05
4.706353176588294218e+01 7.489265784397906595e-05
4.710355177588794362e+01 7.461310519694188152e-05
4.714357178589294506e+01 7.433519052508855693e-05
4.718359179589794650e+01 7.405890051197567170e-05
4.722361180590294794e+01 7.378422198131674790e-05
4.726363181590794937e+01 7.351114189515597940e-05
4.730365182591295792e+01 7.323964735206981152e-05
4.734367183591795936e+01 7.296972558539715711e-05
4.738369184592296079e+01 7.270136396149655519e-05
4.742371185592796223e+01 7.243454997803074622e-05
4.746373186593296367e+01 7.216927126227798655e-05
4.750375187593796511e+01 7.190551556946877393e-05
4.754377188594297365e+01 7.164327078114893254e-05
4.758379189594797509e+01 7.138252490356740442e-05
4.762381190595297653e+01 7.112326606608863867e-05
4.766383191595797797e+01 7.086548251962937516e-05
4.770385192596297941e+01 7.060916263511955184e-05
4.774387193596798085e+01 7.035429490198581758e-05
4.778389194597298228e+01 7.010086792665881617e-05
4.782391195597799083e+01 6.984887043110252030e-05
4.786393196598299227e+01 6.959829125136600847e-05
4.790395197598799371e+01 6.934911933615665500e-05
4.794397198599299514e+01 6.910134374543508526e-05
4.798399199599799658e+01 6.885495364903090703e-05
4.802401200600299802e+01 6.860993832527928558e-05
4.806403201600799946e+01 6.836628715967746817e-05
4.810405202601300800e+01 6.812398964356137967e-05
4.814407203601800944e+01 6.788303537280237099e-05
4.818409204602301088e+01 6.764341404652185669e-05
4.822411205602801232e+01 6.740511546582632211e-05
4.826413206603301376e+01 6.716812953255997586e-05
4.830415207603801520e+01 6.693244624807617260e-05
4.834417208604301663e+01 6.669805571202619659e-05
4.838419209604802518e+01 6.646494812116650374e-05
4.842421210605302662e+01 6.623311376818259266e-05
4.846423211605802805e+01 6.600254304053027716e-05
4.850425212606302949e+01 6.577322641929351989e-05
4.854427213606803093e+01 6.554515447805904407e-05
4.858429214607303237e+01 6.531831788180676094e-05
4.862431215607804091e+01 6.509270738581636549e-05
4.866433216608304235e+01 6.486831383458966651e-05
4.870435217608804379e+01 6.464512816078789238e-05
4.874437218609304523e+01 6.442314138418459566e-05
4.878439219609804667e+01 6.420234461063322156e-05
4.882441220610304811e+01 6.398272903104932675e-05
4.886443221610804954e+01 6.376428592040719087e-05
4.890445222611305809e+01 6.354700663675060402e-05
4.894447223611805953e+01 6.333088262021768116e-05
4.898449224612306097e+01 6.311590539207909340e-05
4.902451225612806240e+01 6.290206655379002813e-05
4.906453226613306384e+01 6.268935778605532209e-05
4.910455227613806528e+01 6.247777084790751012e-05
4.914457228614306672e+01 6.226729757579785708e-05
4.918459229614807526e+01 6.205792988269995313e-05
4.922461230615307670e+01 6.184965975722580428e-05
4.926463231615807814e+01 6.164247926275361891e-05
4.930465232616307958e+01 6.143638053656844198e-05
4.934467233616808102e+01 6.123135578901397016e-05
4.938469234617308246e+01 6.102739730265615756e-05
4.942471235617809100e+01 6.082449743145838187e-05
4.946473236618309244e+01 6.062264859996773707e-05
4.950475237618809388e+01 6.042184330251241885e-05
4.954477238619309531e+01 6.022207410241013512e-05
4.958479239619809675e+01 6.002333363118695183e-05
4.962481240620309819e+01 5.982561458780706224e-05
4.966483241620809963e+01 5.962890973791270697e-05
4.970485242621310817e+01 5.943321191307436688e-05
4.974487243621810961e+01 5.923851401005118811e-05
4.978489244622311105e+01 5.904480899006098199e-05
4.982491245622811249e+01 5.885208987806026735e-05
4.986493246623311393e+01 5.866034976203379287e-05
4.990495247623811537e+01 5.846958179229360032e-05
4.994497248624311680e+01 5.827977918078724941e-05
4.998499249624812535e+01 5.809093520041534638e-05
5.002501250625312679e+01 5.790304318435808507e-05
5.006503251625812823e+01 5.771609652541039378e-05
5.010505252626312966e+01 5.753008867532641990e-05
5.014507253626813110e+01 5.734501314417182749e-05
5.018509254627313254e+01 5.716086349968542586e-05
5.022511255627814108e+01 5.697763336664829942e-05
5.026513256628314252e+01 5.679531642626205835e-05
5.030515257628814396e+01 5.661390641553430610e-05
5.034517258629314540e+01 5.643339712667265164e-05
5.038519259629814684e+01 5.625378240648636540e-05
5.042521260630314828e+01 5.607505615579595667e-05
5.046523261630814972e+01 5.589721232884998120e-05
5.050525262631315826e+01 5.572024493274975004e-05
5.054527263631815970e+01 5.554414802688138373e-05
5.058529264632316114e+01 5.536891572235470382e-05
5.062531265632816257e+01 5.519454218144995096e-05
5.066533266633316401e+01 5.502102161707108269e-05
5.070535267633816545e+01 5.484834829220620672e-05
5.074537268634316689e+01 5.467651651939488527e-05
5.078539269634817543e+01 5.450552066020216828e-05
5.082541270635317687e+01 5.433535512469926058e-05
5.086543271635817831e+01 5.416601437095078909e-05
5.090545272636317975e+01 5.399749290450841946e-05
5.094547273636818119e+01 5.382978527791097787e-05
5.098549274637318263e+01 5.366288609019084088e-05
5.102551275637819117e+01 5.349678998638634261e-05
5.106553276638319261e+01 5.333149165706050417e-05
5.110555277638819405e+01 5.316698583782548227e-05
5.114557278639319549e+01 5.300326730887327907e-05
5.118559279639819692e+01 5.284033089451187307e-05
5.122561280640319836e+01 5.267817146270755026e-05
5.126563281640819980e+01 5.251678392463246655e-05
5.130565282641320835e+01 5.235616323421805814e-05
5.134567283641820978e+01 5.219630438771400159e-05
5.138569284642321122e+01 5.203720242325218841e-05
5.142571285642821266e+01 5.187885242041654748e-05
5.146573286643321410e+01 5.172124949981786164e-05
5.150575287643821554e+01 5.156438882267378165e-05
5.154577288644321698e+01 5.140826559039404428e-05
5.158579289644822552e+01 5.125287504417065074e-05
5.162581290645322696e+01 5.109821246457314070e-05
5.166583291645822840e+01 5.094427317114863697e-05
5.170585292646322984e+01 5.079105252202672827e-05
5.174587293646823127e+01 5.063854591352927168e-05
5.178589294647323271e+01 5.048674877978464708e-05
5.182591295647823415e+01 5.033565659234705308e-05
5.186593296648324269e+01 5.018526485981978063e-05
5.190595297648824413e+01 5.003556912748360278e-05
5.194597298649324557e+01 4.988656497692911491e-05
5.198599299649824701e+01 4.973824802569380482e-05
5.202601300650324845e+01 4.959061392690320894e-05
5.206603301650824989e+01 4.944365836891650019e-05
5.210605302651325843e+01 4.929737707497608738e-05
5.214607303651825987e+01 4.915176580286167340e-05
5.218609304652326131e+01 4.900682034454799971e-05
5.222611305652826275e+01 4.886253652586683275e-05
5.226613306653326418e+01 4.871891020617304325e-05
5.230615307653826562e+01 4.857593727801429043e-05
5.234617308654326706e+01 4.843361366680496859e-05
5.238619309654827561e+01 4.829193533050354172e-05
5.242621310655327704e+01 4.815089825929407945e-05
5.246623311655827848e+01 4.801049847527099821e-05
5.250625312656327992e+01 4.787073203212802386e-05
5.254627313656828136e+01 4.773159501485023094e-05
5.258629314657328280e+01 4.759308353941014752e-05
5.262631315657828424e+01 4.745519375246697719e-05
5.266633316658329278e+01 4.731792183106942604e-05
5.270635317658829422e+01 4.718126398236203973e-05
5.274637318659329566e+01 4.704521644329479312e-05
5.278639319659829710e+01 4.690977548033609524e-05
5.282641320660329853e+01 4.677493738918898577e-05
5.286643321660829997e+01 4.664069849451070617e-05
5.290645322661330852e+01 4.650705514963528620e-05
5.294647323661830995e+01 4.637400373629955254e-05
5.298649324662331139e+01 4.624154066437188165e-05
5.302651325662831283e+01 4.610966237158448323e-05
5.306653326663331427e+01 4.597836532326825851e-05
5.310655327663831571e+01 4.584764601209099935e-05
5.314657328664331715e+01 4.571750095779831814e-05
5.318659329664832569e+01 4.558792670695767439e-05
5.322661330665332713e+01 4.545891983270519324e-05
5.326663331665832857e+01 4.533047693449518086e-05
5.330665332666333001e+01 4.520259463785269598e-05
5.334667333666833144e+01 4.507526959412877764e-05
5.338669334667333288e+01 4.494849848025833617e-05
5.342671335667833432e+01 4.482227799852083578e-05
5.346673336668334287e+01 4.469660487630357264e-05
5.350675337668834430e+01 4.457147586586772436e-05
5.354677338669334574e+01 4.444688774411664241e-05
5.358679339669834718e+01 4.432283731236717360e-05
5.362681340670334862e+01 4.419932139612314310e-05
5.366683341670835006e+01 4.407633684485145993e-05
5.370685342671335860e+01 4.395388053176074998e-05
5.374687343671836004e+01 4.383194935358225233e-05
5.378689344672336148e+01 4.371054023035330402e-05
5.382691345672836292e+01 4.358965010520306107e-05
5.386693346673336436e+01 4.346927594414058444e-05
5.390695347673836579e+01 4.334941473584522976e-05
5.394697348674336723e+01 4.323006349145943608e-05
5.398699349674837578e+01 4.311121924438352020e-05
5.402701350675337721e+01 4.299287905007300543e-05
5.406703351675837865e+01 4.287503998583785448e-05
5.410705352676338009e+01 4.275769915064401975e-05
5.414707353676838153e+01 4.264085366491703337e-05
5.418709354677338297e+01 4.252450067034801632e-05
5.422711355677838441e+01 4.240863732970128673e-05
5.426713356678339295e+01 4.229326082662436705e-05
5.430715357678839439e+01 4.217836836546007143e-05
5.434717358679339583e+01 4.206395717106023983e-05
5.438719359679839727e+01 4.195002448860185731e-05
5.442721360680339870e+01 4.183656758340492161e-05
5.446723361680840014e+01 4.172358374075224200e-05
5.450725362681340869e+01 4.161107026571135228e-05
5.454727363681841013e+01 4.149902448295794168e-05
5.458729364682341156e+01 4.138744373660153546e-05
5.462731365682841300e+01 4.127632539001279511e-05
5.466733366683341444e+01 4.116566682565267514e-05
5.470735367683841588e+01 4.105546544490337567e-05
5.474737368684341732e+01 4.094571866790124650e-05
5.478739369684842586e+01 4.083642393337103975e-05
5.482741370685342730e+01 4.072757869846241894e-05
5.486743371685842874e+01 4.061918043858761323e-05
5.490745372686343018e+01 4.051122664726136891e-05
5.494747373686843162e+01 4.040371483594195110e-05
5.498749374687343305e+01 4.029664253387433426e-05
5.502751375687843449e+01 4.019000728793469370e-05
5.506753376688344304e+01 4.008380666247658442e-05
5.510755377688844447e+01 3.997803823917881399e-05
5.514757378689344591e+01 3.987269961689469098e-05
5.518759379689844735e+01 3.976778841150305563e-05
5.522761380690344879e+01 3.966330225576063180e-05
5.526763381690845023e+01 3.955923879915608662e-05
5.530765382691345167e+01 3.945559570776541820e-05
5.534767383691846021e+01 3.935237066410888845e-05
5.538769384692346165e+01 3.924956136700960237e-05
5.542771385692846309e+01 3.914716553145312428e-05
5.546773386693346453e+01 3.904518088844886929e-05
5.550775387693846596e+01 3.894360518489287044e-05
5.554777388694346740e+01 3.884243618343173843e-05
5.558779389694847595e+01 3.874167166232817309e-05
5.562781390695347739e+01 3.864130941532787760e-05
5.566783391695847882e+01 3.854134725152760430e-05
5.570785392696348026e+01 3.844178299524475903e-05
5.574787393696848170e+01 3.834261448588813036e-05
5.578789394697348314e+01 3.824383957783008251e-05
5.582791395697848458e+01 3.814545614028001536e-05
5.586793396698349312e+01 3.804746205715884097e-05
5.590795397698849456e+01 3.794985522697512023e-05
5.594797398699349600e+01 3.785263356270216183e-05
5.598799399699849744e+01 3.775579499165638149e-05
5.602801400700349888e+01 3.765933745537687421e-05
5.606803401700850031e+01 3.756325890950638246e-05
5.610805402701350175e+01 3.746755732367311811e-05
5.614807403701851030e+01 3.737223068137400067e-05
5.618809404702351173e+01 3.727727697985895930e-05
5.622811405702851317e+01 3.718269423001639370e-05
5.626813406703351461e+01 3.708848045625973941e-05
5.630815407703851605e+01 3.699463369641520547e-05
5.634817408704351749e+01 3.690115200161052172e-05
5.638819409704852603e+01 3.680803343616502780e-05
5.642821410705352747e+01 3.671527607748037203e-05
5.646823411705852891e+01 3.662287801593276882e-05
5.650825412706353035e+01 3.653083735476609631e-05
5.654827413706853179e+01 3.643915220998593596e-05
5.658829414707353322e+01 3.634782071025475733e-05
5.662831415707853466e+01 3.625684099678834282e-05
5.666833416708354321e+01 3.616621122325263944e-05
5.670835417708854465e+01 3.607592955566227749e-05
5.674837418709354608e+01 3.598599417227963131e-05
5.678839419709854752e+01 3.589640326351490327e-05
5.682841420710354896e+01 3.580715503182736655e-05
5.686843421710855040e+01 3.571824769162748196e-05
5.690845422711355184e+01 3.562967946917982800e-05
5.694847423711856038e+01 3.554144860250709473e-05
5.698849424712356182e+01 3.545355334129493151e-05
5.702851425712856326e+01 3.536599194679783821e-05
5.706853426713356470e+01 3.527876269174572734e-05
5.710855427713856614e+01 3.519186386025155005e-05
5.714857428714356757e+01 3.510529374771983682e-05
5.718859429714857612e+01 3.501905066075592271e-05
5.722861430715357756e+01 3.493313291707622961e-05
5.726863431715857899e+01 3.484753884541922611e-05
5.730865432716358043e+01 3.476226678545741742e-05
5.734867433716858187e+01 3.467731508771002642e-05
5.738869434717358331e+01 3.459268211345651499e-05
5.742871435717858475e+01 3.450836623465105402e-05
5.746873436718359329e+01 3.442436583383750838e-05
5.750875437718859473e+01 3.434067930406567556e-05
5.754877438719359617e+01 3.425730504880777498e-05
5.758879439719859761e+01 3.417424148187616381e-05
5.762881440720359905e+01 3.409148702734163559e-05
5.766883441720860048e+01 3.400904011945238287e-05
5.770885442721360192e+01 3.392689920255398986e-05
5.774887443721861047e+01 3.384506273100990623e-05
5.778889444722361191e+01 3.376352916912280855e-05
5.782891445722861334e+01 3.368229699105663262e-05
5.786893446723361478e+01 3.360136468075937145e-05
5.790895447723861622e+01 3.352073073188651710e-05
5.794897448724361766e+01 3.344039364772531556e-05
5.798899449724862620e+01 3.336035194111968577e-05
5.802901450725362764e+01 3.328060413439575525e-05
5.806903451725862908e+01 3.320114875928808693e-05
5.810905452726363052e+01 3.312198435686680719e-05
5.814907453726863196e+01 3.304310947746509310e-05
5.818909454727363340e+01 3.296452268060750661e-05
5.822911455727863483e+01 3.288622253493889125e-05
5.826913456728364338e+01 3.280820761815406839e-05
5.830915457728864482e+01 3.273047651692806881e-05
5.834917458729364625e+01 3.265302782684689287e-05
5.838919459729864769e+01 3.257586015233912444e-05
5.842921460730364913e+01 3.249897210660803273e-05
5.846923461730865057e+01 3.242236231156431112e-05
5.850925462731365201e+01 3.234602939775945969e-05
5.854927463731866055e+01 3.226997200431967603e-05
5.858929464732366199e+01 3.219418877888055233e-05
5.862931465732866343e+01 3.211867837752201653e-05
5.866933466733366487e+01 3.204343946470426270e-05
5.870935467733866631e+01 3.196847071320395935e-05
5.874937468734366774e+01 3.189377080405110136e-05
5.878939469734866918e+01 3.181933842646658710e-05
5.882941470735367773e+01 3.174517227780006653e-05
5.886943471735867917e+01 3.167127106346869051e-05
5.890945472736368060e+01 3.159763349689606349e-05
5.894947473736868204e+01 3.152425829945195508e-05
5.898949474737368348e+01 3.145114420039254695e-05
5.902951475737868492e+01 3.137828993680109987e-05
5.906953476738369346e+01 3.130569425352921706e-05
5.910955477738869490e+01 3.123335590313865639e-05
5.914957478739369634e+01 3.116127364584358312e-05
5.918959479739869778e+01 3.108944624945341205e-05
5.922961480740369922e+01 3.101787248931606313e-05
5.926963481740870066e+01 3.094655114826182012e-05
5.930965482741370209e+01 3.087548101654764322e-05
5.934967483741871064e+01 3.080466089180186801e-05
5.938969484742371208e+01 3.073408957896964976e-05
5.942971485742871351e+01 3.066376589025853643e-05
5.946973486743371495e+01 3.059368864508486173e-05
5.950975487743871639e+01 3.052385667002036843e-05
5.954977488744371783e+01 3.045426879873940095e-05
5.958979489744871927e+01 3.038492387196652485e-05
5.962981490745372781e+01 3.031582073742464776e-05
5.966983491745872925e+01 3.024695824978352655e-05
5.970985492746373069e+01 3.017833527060880981e-05
5.974987493746873213e+01 3.010995066831138531e-05
5.978989494747373357e+01 3.004180331809733049e-05
5.982991495747873500e+01 2.997389210191816117e-05
5.986993496748374355e+01 2.990621590842159854e-05
5.990995497748874499e+01 2.983877363290275304e-05
5.994997498749374643e+01 2.977156417725560625e-05
5.998999499749874786e+01 2.970458644992511968e-05
6.003001500750374930e+01 2.963783936585956372e-05
6.007003501750875074e+01 2.957132184646338880e-05
6.011005502751375218e+01 2.950503281955044196e-05
6.015007503751876072e+01 2.943897121929752922e-05
6.019009504752376216e+01 2.937313598619856393e-05
6.023011505752876360e+01 2.930752606701883038e-05
6.027013506753376504e+01 2.924214041474987086e-05
6.031015507753876648e+01 2.917697798856467420e-05
6.035017508754376792e+01 2.911203775377323367e-05
6.039019509754876935e+01 2.904731868177845040e-05
6.043021510755377790e+01 2.898281975003250108e-05
6.047023511755877934e+01 2.891853994199355114e-05
6.051025512756378077e+01 2.885447824708274242e-05
6.055027513756878221e+01 2.879063366064163151e-05
6.059029514757378365e+01 2.872700518388999726e-05
6.063031515757878509e+01 2.866359182388395001e-05
6.067033516758379363e+01 2.860039259347441673e-05
6.071035517758879507e+01 2.853740651126601593e-05
6.075037518759379651e+01 2.847463260157616629e-05
6.079039519759879795e+01 2.841206989439464250e-05
6.083041520760379939e+01 2.834971742534352079e-05
6.087043521760880083e+01 2.828757423563717189e-05
6.091045522761380226e+01 2.822563937204301625e-05
6.095047523761881081e+01 2.816391188684224547e-05
6.099049524762381225e+01 2.810239083779105527e-05
6.103051525762881369e+01 2.804107528808212583e-05
6.107053526763381512e+01 2.797996430630647144e-05
6.111055527763881656e+01 2.791905696641558827e-05
6.115057528764381800e+01 2.785835234768386644e-05
6.119059529764881944e+01 2.779784953467143917e-05
6.123061530765382798e+01 2.773754761718716402e-05
6.127063531765882942e+01 2.767744569025208193e-05
6.131065532766383086e+01 2.761754285406308287e-05
6.135067533766883230e+01 2.755783821395678835e-05
6.139069534767383374e+01 2.749833088037401672e-05
6.143071535767883518e+01 2.743901996882417387e-05
6.147073536768384372e+01 2.737990459985020981e-05
6.151075537768884516e+01 2.732098389899375478e-05
6.155077538769384660e+01 2.726225699676052984e-05
6.159079539769884803e+01 2.720372302858609618e-05
6.163081540770384947e+01 2.714538113480180788e-05
6.167083541770885091e+01 2.708723046060110666e-05
6.171085542771385235e+01 2.702927015600606420e-05
6.175087543771886089e+01 2.697149937583421901e-05
6.179089544772386233e+01 2.691391727966568789e-05
6.183091545772886377e+01 2.685652303181040605e-05
6.187093546773386521e+01 2.679931580127587550e-05
6.191095547773886665e+01 2.674229476173496087e-05
6.195097548774386809e+01 2.668545909149408837e-05
6.199099549774886952e+01 2.662880797346162102e-05
6.203101550775387807e+01 2.657234059511645737e-05
6.207103551775887951e+01 2.651605614847706406e-05
6.211105552776388095e+01 2.645995383007048113e-05
6.215107553776888238e+01 2.640403284090181191e-05
6.219109554777388382e+01 2.634829238642385181e-05
6.223111555777888526e+01 2.629273167650697800e-05
6.227113556778388670e+01 2.623734992540924574e-05
6.231115557778889524e+01 2.618214635174681679e-05
6.235117558779389668e+01 2.612712017846454361e-05
6.239119559779889812e+01 2.607227063280675018e-05
6.243121560780389956e+01 2.601759694628839892e-05
6.247123561780890100e+01 2.596309835466628822e-05
6.251125562781390244e+01 2.590877409791069041e-05
6.255127563781891098e+01 2.585462342017699644e-05
6.259129564782391242e+01 2.580064556977779432e-05
6.263131565782891386e+01 2.574683979915499155e-05
6.267133566783391529e+01 2.569320536485225268e-05
6.271135567783891673e+01 2.563974152748767064e-05
6.275137568784391817e+01 2.558644755172655665e-05
6.279139569784891961e+01 2.553332270625456216e-05
6.283141570785392815e+01 2.548036626375091603e-05
6.287143571785892959e+01 2.542757750086194961e-05
6.291145572786393103e+01 2.537495569817476085e-05
6.295147573786893247e+01 2.532250014019108163e-05
6.299149574787393391e+01 2.527021011530145337e-05
6.303151575787893535e+01 2.521808491575950101e-05
6.307153576788393678e+01 2.516612383765642373e-05
6.311155577788894533e+01 2.511432618089571610e-05
6.315157578789394677e+01 2.506269124916807897e-05
6.319159579789894821e+01 2.501121834992650316e-05
6.323161580790394964e+01 2.495990679436151913e-05
6.327163581790895108e+01 2.490875589737677535e-05
6.331165582791395252e+01 2.485776497756461326e-05
6.335167583791896107e+01 2.480693335718198441e-05
6.339169584792396250e+01 2.475626036212647942e-05
6.343171585792896394e+01 2.470574532191255690e-05
6.347173586793396538e+01 2.465538756964795182e-05
6.351175587793896682e+01 2.460518644201026357e-05
6.355177588794396826e+01 2.455514127922377773e-05
6.359179589794896970e+01 2.450525142503634545e-05
6.363181590795397824e+01 2.445551622669660507e-05
6.367183591795897968e+01 2.440593503493117657e-05
6.371185592796398112e+01 2.435650720392224232e-05
6.375187593796898256e+01 2.430723209128515154e-05
6.379189594797398399e+01 2.425810905804621107e-05
6.383191595797898543e+01 2.420913746862075061e-05
6.387193596798398687e+01 2.416031669079122526e-05
6.391195597798899541e+01 2.411164609568554497e-05
6.395197598799399685e+01 2.406312505775559045e-05
6.399199599799899829e+01 2.401475295475584079e-05
6.403201600800400684e+01 2.396652916772218074e-05
6.407203601800900117e+01 2.391845308095092137e-05
6.411205602801400971e+01 2.387052408197786141e-05
6.415207603801900405e+01 2.382274156155765355e-05
6.419209604802401259e+01 2.377510491364316731e-05
6.423211605802900692e+01 2.372761353536519414e-05
6.427213606803401547e+01 2.368026682701208138e-05
6.431215607803902401e+01 2.363306419200974899e-05
6.435217608804401834e+01 2.358600503690172677e-05
6.439219609804902689e+01 2.353908877132924901e-05
6.443221610805402122e+01 2.349231480801178295e-05
6.447223611805902976e+01 2.344568256272738774e-05
6.451225612806402410e+01 2.339919145429349021e-05
6.455227613806903264e+01 2.335284090454752844e-05
6.459229614807404118e+01 2.330663033832799859e-05
6.463231615807903552e+01 2.326055918345556944e-05
6.467233616808404406e+01 2.321462687071410881e-05
6.471235617808903839e+01 2.316883283383227931e-05
6.475237618809404694e+01 2.312317650946484594e-05
6.479239619809904127e+01 2.307765733717445137e-05
6.483241620810404982e+01 2.303227475941325227e-05
6.487243621810905836e+01 2.298702822150491812e-05
6.491245622811405269e+01 2.294191717162671144e-05
6.495247623811906124e+01 2.289694106079147307e-05
6.499249624812405557e+01 2.285209934283011904e-05
6.503251625812906411e+01 2.280739147437395799e-05
6.507253626813405845e+01 2.276281691483730661e-05
6.511255627813906699e+01 2.271837512640014240e-05
6.515257628814407553e+01 2.267406557399096316e-05
6.519259629814906987e+01 2.262988772526970397e-05
6.523261630815407841e+01 2.258584105061076609e-05
6.527263631815907274e+01 2.254192502308631005e-05
6.531265632816408129e+01 2.249813911844942343e-05
6.535267633816907562e+01 2.245448281511772904e-05
6.539269634817408416e+01 2.241095559415675603e-05
6.543271635817909271e+01 2.236755693926379540e-05
6.547273636818408704e+01 2.232428633675157599e-05
6.551275637818909559e+01 2.228114327553218103e-05
6.555277638819408992e+01 2.223812724710115437e-05
6.559279639819909846e+01 2.219523774552152552e-05
6.563281640820410701e+01 2.215247426740821738e-05
6.567283641820910134e+01 2.210983631191230166e-05
6.571285642821410988e+01 2.206732338070550490e-05
6.575287643821910422e+01 2.202493497796488738e-05
6.579289644822411276e+01 2.198267061035739998e-05
6.583291645822910709e+01 2.194052978702486803e-05
6.587293646823411564e+01 2.189851201956879547e-05
6.591295647823912418e+01 2.185661682203545375e-05
6.595297648824411851e+01 2.181484371090105869e-05
6.599299649824912706e+01 2.177319220505691358e-05
6.603301650825412139e+01 2.173166182579492489e-05
6.607303651825912993e+01 2.169025209679283000e-05
6.611305652826412427e+01 2.164896254410003822e-05
6.615307653826913281e+01 2.160779269612309232e-05
6.619309654827414136e+01 2.156674208361149595e-05
6.623311655827913569e+01 2.152581023964362920e-05
6.627313656828414423e+01 2.148499669961260653e-05
6.631315657828913857e+01 2.144430100121255144e-05
6.635317658829414711e+01 2.140372268442448830e-05
6.639319659829914144e+01 2.136326129150288469e-05
6.643321660830414999e+01 2.132291636696176005e-05
6.647323661830915853e+01 2.128268745756141438e-05
6.651325662831415286e+01 2.124257411229474017e-05
6.655327663831916141e+01 2.120257588237399856e-05
6.659329664832415574e+01 2.116269232121759201e-05
6.663331665832916428e+01 2.112292298443676594e-05
6.667333666833415862e+01 2.108326742982272704e-05
6.671335667833916716e+01 2.104372521733347020e-05
6.675337668834417570e+01 2.100429590908106284e-05
6.679339669834917004e+01 2.096497906931875989e-05
6.683341670835417858e+01 2.092577426442827793e-05
6.687343671835917291e+01 2.088668106290723198e-05
6.691345672836418146e+01 2.084769903535658254e-05
6.695347673836917579e+01 2.080882775446824174e-05
6.699349674837418434e+01 2.077006679501259149e-05
6.703351675837919288e+01 2.073141573382634379e-05
6.707353676838418721e+01 2.069287414980035703e-05
6.711355677838919576e+01 2.065444162386738448e-05
6.715357678839419009e+01 2.061611773899026668e-05
6.719359679839919863e+01 2.057790208014979511e-05
6.723361680840420718e+01 2.053979423433307061e-05
6.727363681840920151e+01 2.050179379052157713e-05
6.731365682841421005e+01 2.046390033967955031e-05
6.735367683841920439e+01 2.042611347474236291e-05
6.739369684842421293e+01 2.038843279060503907e-05
6.743371685842920726e+01 2.035085788411076518e-05
6.747373686843421581e+01 2.031338835403951926e-05
6.751375687843922435e+01 2.027602380109682918e-05
6.755377688844421868e+01 2.023876382790250710e-05
6.759379689844922723e+01 2.020160803897954997e-05
6.763381690845422156e+01 2.016455604074307724e-05
6.767383691845923011e+01 2.012760744148931949e-05
6.771385692846422444e+01 2.009076185138475941e-05
6.775387693846923298e+01 2.005401888245522882e-05
6.779389694847424153e+01 2.001737814857526318e-05
6.783391695847923586e+01 1.998083926545731712e-05
6.787393696848424440e+01 1.994440185064113251e-05
6.791395697848923874e+01 1.990806552348332674e-05
6.795397698849424728e+01 1.987182990514678107e-05
6.799399699849924161e+01 1.983569461859035427e-05
6.803401700850425016e+01 1.979965928855846412e-05
6.807403701850925870e+01 1.976372354157090267e-05
6.811405702851425303e+01 1.972788700591261089e-05
6.815407703851926158e+01 1.969214931162356505e-05
6.819409704852425591e+01 1.965651009048873096e-05
6.823411705852926445e+01 1.962096897602806555e-05
6.827413706853425879e+01 1.958552560348664049e-05
6.831415707853926733e+01 1.955017960982473530e-05
6.835417708854427588e+01 1.951493063370810660e-05
6.839419709854927021e+01 1.947977831549826760e-05
6.843421710855427875e+01 1.944472229724274718e-05
6.847423711855927309e+01 1.940976222266566079e-05
6.851425712856428163e+01 1.937489773715806433e-05
6.855427713856927596e+01 1.934012848776853186e-05
6.859429714857428451e+01 1.930545412319375348e-05
6.863431715857929305e+01 1.927087429376921459e-05
6.867433716858428738e+01 1.923638865145995306e-05
6.871435717858929593e+01 1.920199684985124866e-05
6.875437718859429026e+01 1.916769854413962417e-05
6.879439719859929880e+01 1.913349339112359578e-05
6.883441720860429314e+01 1.909938104919479282e-05
6.887443721860930168e+01 1.906536117832887412e-05
6.891445722861431022e+01 1.903143344007671216e-05
6.895447723861930456e+01 1.899759749755551612e-05
6.899449724862431310e+01 1.896385301543997194e-05
6.903451725862930743e+01 1.893019965995361951e-05
6.907453726863431598e+01 1.889663709886010452e-05
6.911455727863932452e+01 1.886316500145460986e-05
6.915457728864431886e+01 1.882978303855526673e-05
6.919459729864932740e+01 1.879649088249461653e-05
6.923461730865432173e+01 1.876328820711127269e-05
6.927463731865933028e+01 1.873017468774137238e-05
6.931465732866432461e+01 1.869715000121042469e-05
6.935467733866933315e+01 1.866421382582484706e-05
6.939469734867434170e+01 1.863136584136384057e-05
6.943471735867933603e+01 1.859860572907122450e-05
6.947473736868434457e+01 1.856593317164723368e-05
6.951475737868933891e+01 1.853334785324055981e-05
6.955477738869434745e+01 1.850084945944020632e-05
6.959479739869934178e+01 1.846843767726766522e-05
6.963481740870435033e+01 1.843611219516888721e-05
6.967483741870935887e+01 1.840387270300648898e-05
6.971485742871435320e+01 1.837171889205194359e-05
6.975487743871936175e+01 1.833965045497777077e-05
6.979489744872435608e+01 1.830766708584987982e-05
6.983491745872936463e+01 1.827576848011989202e-05
6.987493746873435896e+01 1.824395433461755805e-05
6.991495747873936750e+01 1.821222434754314485e-05
6.995497748874437605e+01 1.818057821845996474e-05
6.999499749874937038e+01 1.814901564828691824e-05
7.003501750875437892e+01 1.811753633929104345e-05
7.007503751875937326e+01 1.808613999508019440e-05
7.011505752876438180e+01 1.805482632059569550e-05
7.015507753876937613e+01 1.802359502210508423e-05
7.019509754877438468e+01 1.799244580719487065e-05
7.023511755877939322e+01 1.796137838476333427e-05
7.027513756878438755e+01 1.793039246501350041e-05
7.031515757878939610e+01 1.789948775944589642e-05
7.035517758879439043e+01 1.786866398085163986e-05
7.039519759879939897e+01 1.783792084330535055e-05
7.043521760880439331e+01 1.780725806215829974e-05
7.047523761880940185e+01 1.777667535403137299e-05
7.051525762881441040e+01 1.774617243680830066e-05
7.055527763881940473e+01 1.771574902962886472e-05
7.059529764882441327e+01 1.768540485288198696e-05
7.063531765882940761e+01 1.765513962819913567e-05
7.067533766883441615e+01 1.762495307844754263e-05
7.071535767883942469e+01 1.759484492772360977e-05
7.075537768884441903e+01 1.756481490134629555e-05
7.079539769884942757e+01 1.753486272585048781e-05
7.083541770885442190e+01 1.750498812898060351e-05
7.087543771885943045e+01 1.747519083968395487e-05
7.091545772886442478e+01 1.744547058810443717e-05
7.095547773886943332e+01 1.741582710557605752e-05
7.099549774887444187e+01 1.738626012461660236e-05
7.103551775887943620e+01 1.735676937892133222e-05
7.107553776888444474e+01 1.732735460335662890e-05
7.111555777888943908e+01 1.729801553395384945e-05
7.115557778889444762e+01 1.726875190790304456e-05
7.119559779889944195e+01 1.723956346354686670e-05
7.123561780890445050e+01 1.721044994037437999e-05
7.127563781890945904e+01 1.718141107901501239e-05
7.131565782891445338e+01 1.715244662123252485e-05
7.135567783891946192e+01 1.712355630991891603e-05
7.139569784892445625e+01 1.709473988908857440e-05
7.143571785892946480e+01 1.706599710387222702e-05
7.147573786893445913e+01 1.703732770051112554e-05
7.151575787893946767e+01 1.700873142635111015e-05
7.155577788894447622e+01 1.698020802983684979e-05
7.159579789894947055e+01 1.695175726050604504e-05
7.163581790895447909e+01 1.692337886898360392e-05
7.167583791895947343e+01 1.689507260697602101e-05
7.171585792896448197e+01 1.686683822726562095e-05
7.175587793896947630e+01 1.683867548370496470e-05
7.179589794897448485e+01 1.681058413121116422e-05
7.183591795897949339e+01 1.678256392576040726e-05
7.187593796898448772e+01 1.675461462438233306e-05
7.191595797898949627e+01 1.672673598515454356e-05
7.195597798899449060e+01 1.669892776719714516e-05
7.199599799899949915e+01 1.667118973066728700e-05
7.203601800900449348e+01 1.664352163675377049e-05
7.207603801900950202e+01 1.661592324767163166e-05
7.211605802901451057e+01 1.658839432665686921e-05
7.215607803901950490e+01 1.656093463796109809e-05
7.219609804902451344e+01 1.653354394684624027e-05
7.223611805902950778e+01 1.650622201957933409e-05
7.227613806903451632e+01 1.647896862342727932e-05
7.231615807903951065e+01 1.645178352665170750e-05
7.235617808904451920e+01 1.642466649850376085e-05
7.239619809904952774e+01 1.639761730921903714e-05
7.243621810905452207e+01 1.637063573001249736e-05
7.247623811905953062e+01 1.634372153307334964e-05
7.251625812906452495e+01 1.631687449156009578e-05
7.255627813906953349e+01 1.629009437959551344e-05
7.259629814907454204e+01 1.626338097226165527e-05
7.263631815907953637e+01 1.623673404559496997e-05
7.267633816908454492e+01 1.621015337658136921e-05
7.271635817908953925e+01 1.618363874315135206e-05
7.275637818909454779e+01 1.615718992417516678e-05
7.279639819909954213e+01 1.613080669945800305e-05
7.283641820910455067e+01 1.610448884973515369e-05
7.287643821910955921e+01 1.607823615666734924e-05
7.291645822911455355e+01 1.605204840283593664e-05
7.295647823911956209e+01 1.602592537173823408e-05
7.299649824912455642e+01 1.599986684778285879e-05
7.303651825912956497e+01 1.597387261628501414e-05
7.307653826913455930e+01 1.594794246346199019e-05
7.311655827913956784e+01 1.592207617642843389e-05
7.315657828914457639e+01 1.589627354319190719e-05
7.319659829914957072e+01 1.587053435264831989e-05
7.323661830915457926e+01 1.584485839457734546e-05
7.327663831915957360e+01 1.581924545963806392e-05
7.331665832916458214e+01 1.579369533936440481e-05
7.335667833916957647e+01 1.576820782616080357e-05
7.339669834917458502e+01 1.574278271329771571e-05
7.343671835917959356e+01 1.571741979490730027e-05
7.347673836918458790e+01 1.569211886597907628e-05
7.351675837918959644e+01 1.566687972235553849e-05
7.355677838919459077e+01 1.564170216072795609e-05
7.359679839919959932e+01 1.561658597863196818e-05
7.363681840920459365e+01 1.559153097444349761e-05
7.367683841920960219e+01 1.556653694737437018e-05
7.371685842921461074e+01 1.554160369746824887e-05
7.375687843921960507e+01 1.551673102559639867e-05
7.379689844922461361e+01 1.549191873345349545e-05
7.383691845922960795e+01 1.546716662355362800e-05
7.387693846923461649e+01 1.544247449922609331e-05
7.391695847923961082e+01 1.541784216461134101e-05
7.395697848924461937e+01 1.539326942465696522e-05
7.399699849924962791e+01 1.536875608511361843e-05
7.403701850925462224e+01 1.534430195253108466e-05
7.407703851925963079e+01 1.531990683425421033e-05
7.411705852926462512e+01 1.529557053841902825e-05
7.415707853926963367e+01 1.527129287394874942e-05
7.419709854927464221e+01 1.524707365054994971e-05
7.423711855927963654e+01 1.522291267870858034e-05
7.427713856928464509e+01 1.519880976968615623e-05
7.431715857928963942e+01 1.517476473551592739e-05
7.435717858929464796e+01 1.515077738899900293e-05
7.439719859929964230e+01 1.512684754370063256e-05
7.443721860930465084e+01 1.510297501394634582e-05
7.447723861930965938e+01 1.507915961481827429e-05
7.451725862931465372e+01 1.505540116215138053e-05
7.455727863931966226e+01 1.503169947252971937e-05
7.459729864932465659e+01 1.500805436328283963e-05
7.463731865932966514e+01 1.498446565248201488e-05
7.467733866933465947e+01 1.496093315893667231e-05
7.471735867933966802e+01 1.493745670219071495e-05
7.475737868934467656e+01 1.491403610251896580e-05
7.479739869934967089e+01 1.489067118092355609e-05
7.483741870935467944e+01 1.486736175913036603e-05
7.487743871935967377e+01 1.484410765958548425e-05
7.491745872936468231e+01 1.482090870545167394e-05
7.495747873936967665e+01 1.479776472060491360e-05
7.499749874937468519e+01 1.477467552963085302e-05
7.503751875937969373e+01 1.475164095782141841e-05
7.507753876938468807e+01 1.472866083117131920e-05
7.511755877938969661e+01 1.470573497637465316e-05
7.515757878939469094e+01 1.468286322082149622e-05
7.519759879939969949e+01 1.466004539259450421e-05
7.523761880940469382e+01 1.463728132046559752e-05
7.527763881940970236e+01 1.461457083389255777e-05
7.531765882941471091e+01 1.459191376301574640e-05
7.535767883941970524e+01 1.456930993865477917e-05
7.539769884942471379e+01 1.454675919230523466e-05
7.543771885942970812e+01 1.452426135613541008e-05
7.547773886943471666e+01 1.450181626298302972e-05
7.551775887943971100e+01 1.447942374635207197e-05
7.555777888944471954e+01 1.445708364040948282e-05
7.559779889944972808e+01 1.443479577998206047e-05
7.563781890945472242e+01 1.441256000055322309e-05
7.567783891945973096e+01 1.439037613825985441e-05
7.571785892946472529e+01 1.436824402988918668e-05
7.575787893946973384e+01 1.434616351287565986e-05
7.579789894947472817e+01 1.432413442529783843e-05
7.583791895947973671e+01 1.430215660587526887e-05
7.587793896948474526e+01 1.428022989396547441e-05
7.591795897948973959e+01 1.425835412956089387e-05
7.595797898949474813e+01 1.423652915328576453e-05
7.599799899949974247e+01 1.421475480639322023e-05
7.603801900950475101e+01 1.419303093076219970e-05
7.607803901950975956e+01 1.417135736889450227e-05
7.611805902951475389e+01 1.414973396391183508e-05
7.615807903951976243e+01 1.412816055955279093e-05
7.619809904952475677e+01 1.410663700017000558e-05
7.623811905952976531e+01 1.408516313072714743e-05
7.627813906953475964e+01 1.406373879679610704e-05
7.631815907953976819e+01 1.404236384455401729e-05
7.635817908954477673e+01 1.402103812078046155e-05
7.639819909954977106e+01 1.399976147285458190e-05
7.643821910955477961e+01 1.397853374875222974e-05
7.647823911955977394e+01 1.395735479704316883e-05
7.651825912956478248e+01 1.393622446688826492e-05
7.655827913956977682e+01 1.391514260803667690e-05
7.659829914957478536e+01 1.389410907082308877e-05
7.663831915957979390e+01 1.387312370616497196e-05
7.667833916958478824e+01 1.385218636555980206e-05
7.671835917958979678e+01 1.383129690108234485e-05
7.675837918959479111e+01 1.381045516538196617e-05
7.679839919959979966e+01 1.378966101167988243e-05
7.683841920960479399e+01 1.376891429376651111e-05
7.687843921960980254e+01 1.374821486599880597e-05
7.691845922961481108e+01 1.372756258329756350e-05
7.695847923961980541e+01 1.370695730114484456e-05
7.699849924962481396e+01 1.368639887558124861e-05
7.703851925962980829e+01 1.366588716320342684e-05
7.707853926963481683e+01 1.364542202116138348e-05
7.711855927963981117e+01 1.362500330715593646e-05
7.715857928964481971e+01 1.360463087943615255e-05
7.719859929964982825e+01 1.358430459679676223e-05
7.723861930965482259e+01 1.356402431857566771e-05
7.727863931965983113e+01 1.354378990465135271e-05
7.731865932966482546e+01 1.352360121544043454e-05
7.735867933966983401e+01 1.350345811189509588e-05
7.739869934967482834e+01 1.348336045550067584e-05
7.743871935967983688e+01 1.346330810827312037e-05
7.747873936968484543e+01 1.344330093275659195e-05
7.751875937968983976e+01 1.342333879202098607e-05
7.755877938969484831e+01 1.340342154965947656e-05
7.759879939969984264e+01 1.338354906978617773e-05
7.763881940970485118e+01 1.336372121703363382e-05
7.767883941970985973e+01 1.334393785655051164e-05
7.771885942971485406e+01 1.332419885399919164e-05
7.775887943971986260e+01 1.330450407555336738e-05
7.779889944972485694e+01 1.328485338789575689e-05
7.783891945972986548e+01 1.326524665821569367e-05
7.787893946973485981e+01 1.324568375420686685e-05
7.791895947973986836e+01 1.322616454406492743e-05
7.795897948974487690e+01 1.320668889648526567e-05
7.799899949974987123e+01 1.318725668066065978e-05
7.803901950975487978e+01 1.316786776627901596e-05
7.807903951975987411e+01 1.314852202352111027e-05
7.811905952976488265e+01 1.312921932305833549e-05
7.815907953976987699e+01 1.310995953605042940e-05
7.819909954977488553e+01 1.309074253414328262e-05
7.823911955977989408e+01 1.307156818946669571e-05
7.827913956978488841e+01 1.305243637463219552e-05
7.831915957978989695e+01 1.303334696273081082e-05
7.835917958979489129e+01 1.301429982733091753e-05
7.839919959979989983e+01 1.299529484247602621e-05
7.843921960980489416e+01 1.297633188268270008e-05
7.847923961980990271e+01 1.295741082293831716e-05
7.851925962981491125e+01 1.293853153869898316e-05
7.855927963981990558e+01 1.291969390588742241e-05
7.859929964982491413e+01 1.290089780089080261e-05
7.863931965982990846e+01 1.288214310055870541e-05
7.867933966983491700e+01 1.286342968220096645e-05
7.871935967983991134e+01 1.284475742358566448e-05
7.875937968984491988e+01 1.282612620293695637e-05
7.879939969984992842e+01 1.280753589893315267e-05
7.883941970985492276e+01 1.278898639070454913e-05
7.887943971985993130e+01 1.277047755783143628e-05
7.891945972986492563e+01 1.275200928034210373e-05
7.895947973986993418e+01 1.273358143871074804e-05
7.899949974987492851e+01 1.271519391385557197e-05
7.903951975987993706e+01 1.269684658713668893e-05
7.907953976988494560e+01 1.267853934035420865e-05
7.911955977988993993e+01 1.266027205574623655e-05
7.915957978989494848e+01 1.264204461598691705e-05
7.919959979989994281e+01 1.262385690418448029e-05
7.923961980990495135e+01 1.260570880387928386e-05
7.927963981990994569e+01 1.258760019904193741e-05
7.931965982991495423e+01 1.256953097407129859e-05
7.935967983991996277e+01 1.255150101379262822e-05
7.939969984992495711e+01 1.253351020345567090e-05
7.943971985992996565e+01 1.251555842873273564e-05
7.947973986993495998e+01 1.249764557571685948e-05
7.951975987993996853e+01 1.247977153091989323e-05
7.955977988994497707e+01 1.246193618127068031e-05
7.959979989994997140e+01 1.244413941411317634e-05
7.963981990995497995e+01 1.242638111720459758e-05
7.967983991995997428e+01 1.240866117871363530e-05
7.971985992996498283e+01 1.239097948721857204e-05
7.975987993996997716e+01 1.237333593170553501e-05
7.979989994997498570e+01 1.235573040156660383e-05
7.983991995997999425e+01 1.233816278659809948e-05
7.987993996998498858e+01 1.232063297699877849e-05
7.991995997998999712e+01 1.230314086336800500e-05
7.995997998999499146e+01 1.228568633670405330e-05
8.000000000000000000e+01 1.226826928840230201e-05
