0.000000000000000000e+00 1.064145393813211571e-04
4.002001000500250011e-02 1.069477213249354149e-04
8.004002001000500022e-02 1.074851640696778657e-04
1.200600300150075073e-01 1.080269151065904923e-04
1.600800400200100004e-01 1.085730226101260301e-04
2.001000500250124936e-01 1.091235354502290963e-04
2.401200600300150145e-01 1.096785032046706566e-04
2.801400700350175077e-01 1.102379761716421855e-04
3.201600800400200009e-01 1.108020053826161335e-04
3.601800900450224940e-01 1.113706426154785430e-04
4.002001000500249872e-01 1.119439404079415233e-04
4.402201100550274804e-01 1.125219520712410204e-04
4.802401200600300291e-01 1.131047317041286224e-04
5.202601300650324667e-01 1.136923342071633901e-04
5.602801400700350154e-01 1.142848152973117645e-04
6.003001500750374531e-01 1.148822315228630037e-04
6.403201600800400017e-01 1.154846402786683084e-04
6.803401700850425504e-01 1.160920998217115105e-04
7.203601800900449881e-01 1.167046692870200917e-04
7.603801900950475368e-01 1.173224087039243408e-04
8.004002001000499744e-01 1.179453790126743911e-04
8.404202101050525231e-01 1.185736420814238686e-04
8.804402201100549608e-01 1.192072607235892964e-04
9.204602301150575094e-01 1.198462987155951646e-04
9.604802401200600581e-01 1.204908208150148814e-04
1.000500250125062607e+00 1.211408927791169466e-04
1.040520260130064933e+00 1.217965813838277150e-04
1.080540270135067482e+00 1.224579544431215116e-04
1.120560280140070031e+00 1.231250808288483051e-04
1.160580290145072579e+00 1.237980304910115943e-04
1.200600300150074906e+00 1.244768744785081256e-04
1.240620310155077455e+00 1.251616849603403084e-04
1.280640320160080003e+00 1.258525352473161690e-04
1.320660330165082552e+00 1.265494998142472521e-04
1.360680340170085101e+00 1.272526543226601078e-04
1.400700350175087427e+00 1.279620756440329405e-04
1.440720360180089976e+00 1.286778418835736253e-04
1.480740370185092525e+00 1.294000324045512657e-04
1.520760380190095074e+00 1.301287278531989612e-04
1.560780390195097400e+00 1.308640101842013142e-04
1.600800400200099949e+00 1.316059626867828274e-04
1.640820410205102498e+00 1.323546700114145954e-04
1.680840420210105046e+00 1.331102181971559318e-04
1.720860430215107595e+00 1.338726946996468157e-04
1.760880440220109922e+00 1.346421884197719209e-04
1.800900450225112470e+00 1.354187897330131121e-04
1.840920460230115019e+00 1.362025905195090052e-04
1.880940470235117568e+00 1.369936841948429199e-04
1.920960480240120116e+00 1.377921657415794488e-04
1.960980490245122443e+00 1.385981317415694528e-04
2.001000500250125214e+00 1.394116804090459025e-04
2.041020510255127540e+00 1.402329116245337910e-04
2.081040520260129867e+00 1.410619269695962124e-04
2.121060530265132638e+00 1.418988297624412679e-04
2.161080540270134964e+00 1.427437250944129776e-04
2.201100550275137291e+00 1.435967198673947644e-04
2.241120560280140062e+00 1.444579228321481981e-04
2.281140570285142388e+00 1.453274446276169236e-04
2.321160580290145159e+00 1.462053978212227417e-04
2.361180590295147486e+00 1.470918969501828469e-04
2.401200600300149812e+00 1.479870585638783608e-04
2.441220610305152583e+00 1.488910012673056317e-04
2.481240620310154910e+00 1.498038457656416058e-04
2.521260630315157680e+00 1.507257149099566643e-04
2.561280640320160007e+00 1.516567337441099175e-04
2.601300650325162334e+00 1.525970295528603245e-04
2.641320660330165104e+00 1.535467319112332907e-04
2.681340670335167431e+00 1.545059727351778464e-04
2.721360680340170202e+00 1.554748863335544658e-04
2.761380690345172528e+00 1.564536094614953781e-04
2.801400700350174855e+00 1.574422813751773231e-04
2.841420710355177626e+00 1.584410438880512841e-04
2.881440720360179952e+00 1.594500414285735434e-04
2.921460730365182723e+00 1.604694210994854118e-04
2.961480740370185050e+00 1.614993327386882800e-04
3.001500750375187376e+00 1.625399289817655742e-04
3.041520760380190147e+00 1.635913653262021370e-04
3.081540770385192474e+00 1.646538001973536748e-04
3.121560780390194800e+00 1.657273950162242737e-04
3.161580790395197571e+00 1.668123142691060878e-04
3.201600800400199898e+00 1.679087255791432149e-04
3.241620810405202668e+00 1.690167997798793637e-04
3.281640820410204995e+00 1.701367109908551243e-04
3.321660830415207322e+00 1.712686366953187285e-04
3.361680840420210092e+00 1.724127578201211785e-04
3.401700850425212419e+00 1.735692588178642127e-04
3.441720860430215190e+00 1.747383277513781408e-04
3.481740870435217516e+00 1.759201563806027586e-04
3.521760880440219843e+00 1.771149402519529284e-04
3.561780890445222614e+00 1.783228787902500605e-04
3.601800900450224940e+00 1.795441753933054167e-04
3.641820910455227711e+00 1.807790375292438439e-04
3.681840920460230038e+00 1.820276768366597411e-04
3.721860930465232364e+00 1.832903092277007526e-04
3.761880940470235135e+00 1.845671549941794748e-04
3.801900950475237462e+00 1.858584389168144689e-04
3.841920960480240232e+00 1.871643903777091885e-04
3.881940970485242559e+00 1.884852434761797376e-04
3.921960980490244886e+00 1.898212371480458406e-04
3.961980990495247656e+00 1.911726152885074052e-04
4.002001000500250427e+00 1.925396268787290285e-04
4.042021010505252754e+00 1.939225261162647214e-04
4.082041020510255080e+00 1.953215725494556636e-04
4.122061030515257407e+00 1.967370312159429948e-04
4.162081040520259734e+00 1.981691727854410583e-04
4.202101050525262949e+00 1.996182737069227529e-04
4.242121060530265275e+00 2.010846163603760962e-04
4.282141070535267602e+00 2.025684892132955273e-04
4.322161080540269928e+00 2.040701869820799551e-04
4.362181090545272255e+00 2.055900107985163662e-04
4.402201100550274582e+00 2.071282683815327361e-04
4.442221110555277797e+00 2.086852742144168916e-04
4.482241120560280123e+00 2.102613497277000586e-04
4.522261130565282450e+00 2.118568234879177341e-04
4.562281140570284776e+00 2.134720313924640459e-04
4.602301150575287103e+00 2.151073168707704256e-04
4.642321160580290318e+00 2.167630310920452504e-04
4.682341170585292645e+00 2.184395331798230329e-04
4.722361180590294971e+00 2.201371904335817963e-04
4.762381190595297298e+00 2.218563785576988716e-04
4.802401200600299624e+00 2.235974818980277152e-04
4.842421210605302839e+00 2.253608936863883444e-04
4.882441220610305166e+00 2.271470162932797397e-04
4.922461230615307493e+00 2.289562614891354337e-04
4.962481240620309819e+00 2.307890507144555188e-04
5.002501250625312146e+00 2.326458153591665426e-04
5.042521260630315361e+00 2.345269970515739908e-04
5.082541270635317687e+00 2.364330479572906768e-04
5.122561280640320014e+00 2.383644310885385607e-04
5.162581290645322341e+00 2.403216206242447502e-04
5.202601300650324667e+00 2.423051022413649021e-04
5.242621310655327882e+00 2.443153734578947032e-04
5.282641320660330209e+00 2.463529439880447172e-04
5.322661330665332535e+00 2.484183361100812605e-04
5.362681340670334862e+00 2.505120850473559744e-04
5.402701350675337189e+00 2.526347393630746238e-04
5.442721360680340403e+00 2.547868613693760097e-04
5.482741370685342730e+00 2.569690275513293945e-04
5.522761380690345057e+00 2.591818290064742372e-04
5.562781390695347383e+00 2.614258719005711361e-04
5.602801400700349710e+00 2.637017779402495740e-04
5.642821410705352925e+00 2.660101848632877731e-04
5.682841420710355251e+00 2.683517469472813770e-04
5.722861430715357578e+00 2.707271355375056015e-04
5.762881440720359905e+00 2.731370395948091046e-04
5.802901450725362231e+00 2.755821662644235802e-04
5.842921460730365446e+00 2.780632414666133032e-04
5.882941470735367773e+00 2.805810105101416013e-04
5.922961480740370099e+00 2.831362387295748668e-04
5.962981490745372426e+00 2.857297121474976849e-04
6.003001500750374753e+00 2.883622381627747272e-04
6.043021510755377079e+00 2.910346462660439002e-04
6.083041520760380294e+00 2.937477887836922440e-04
6.123061530765382621e+00 2.965025416516340012e-04
6.163081540770384947e+00 2.992998052202725618e-04
6.203101550775387274e+00 3.021405050921081707e-04
6.243121560780389601e+00 3.050255929935289019e-04
6.283141570785392815e+00 3.079560476824004175e-04
6.323161580790395142e+00 3.109328758931692843e-04
6.363181590795397469e+00 3.139571133212699190e-04
6.403201600800399795e+00 3.170298256487441742e-04
6.443221610805402122e+00 3.201521096130673549e-04
6.483241620810405337e+00 3.233250941213008803e-04
6.523261630815407663e+00 3.265499414118014127e-04
6.563281640820409990e+00 3.298278482658443785e-04
6.603301650825412317e+00 3.331600472716509374e-04
6.643321660830414643e+00 3.365478081434542575e-04
6.683341670835417858e+00 3.399924390983853715e-04
6.723361680840420185e+00 3.434952882941237932e-04
6.763381690845422511e+00 3.470577453304290560e-04
6.803401700850424838e+00 3.506812428178467068e-04
6.843421710855427165e+00 3.543672580170843865e-04
6.883441720860430380e+00 3.581173145527544763e-04
6.923461730865432706e+00 3.619329842053979835e-04
6.963481740870435033e+00 3.658158887859550641e-04
7.003501750875437359e+00 3.697677020970767240e-04
7.043521760880439686e+00 3.737901519859593920e-04
7.083541770885442901e+00 3.778850224936653552e-04
7.123561780890445227e+00 3.820541561061928577e-04
7.163581790895447554e+00 3.862994561129014042e-04
7.203601800900449881e+00 3.906228890782323425e-04
7.243621810905452207e+00 3.950264874330596627e-04
7.283641820910455422e+00 3.995123521923915491e-04
7.323661830915457749e+00 4.040826558065888823e-04
7.363681840920460075e+00 4.087396451537223603e-04
7.403701850925462402e+00 4.134856446811875056e-04
7.443721860930464729e+00 4.183230597052350723e-04
7.483741870935467944e+00 4.232543798776409235e-04
7.523761880940470270e+00 4.282821828293603651e-04
7.563781890945472597e+00 4.334091380016694421e-04
7.603801900950474923e+00 4.386380106760095934e-04
7.643821910955477250e+00 4.439716662145203811e-04
7.683841920960480465e+00 4.494130745240650484e-04
7.723861930965482792e+00 4.549653147574456852e-04
7.763881940970485118e+00 4.606315802664677711e-04
7.803901950975487445e+00 4.664151838225375130e-04
7.843921960980489771e+00 4.723195631216015565e-04
7.883941970985492098e+00 4.783482865914403799e-04
7.923961980990495313e+00 4.845050595206306493e-04
7.963981990995497640e+00 4.907937305299002462e-04
8.004002001000500854e+00 4.972182984081265598e-04
8.044022011005502293e+00 5.037829193368807473e-04
8.084042021010505508e+00 5.104919145292110020e-04
8.124062031015506946e+00 5.173497783102930150e-04
8.164082041020510161e+00 5.243611866696952072e-04
8.204102051025513376e+00 5.315310063172792908e-04
8.244122061030514814e+00 5.388643042772506492e-04
8.284142071035518029e+00 5.463663580575769214e-04
8.324162081040519467e+00 5.540426664349276751e-04
8.364182091045522682e+00 5.618989608984976177e-04
8.404202101050525897e+00 5.699412177995625889e-04
8.444222111055527336e+00 5.781756712574403654e-04
8.484242121060530550e+00 5.866088268766563030e-04
8.524262131065531989e+00 5.952474763346880847e-04
8.564282141070535204e+00 6.040987129046183294e-04
8.604302151075536642e+00 6.131699479824422169e-04
8.644322161080539857e+00 6.224689286947628465e-04
8.684342171085543072e+00 6.320037566691017383e-04
8.724362181090544510e+00 6.417829080562339680e-04
8.764382191095547725e+00 6.518152549018093288e-04
8.804402201100549163e+00 6.621100879731583143e-04
8.844422211105552378e+00 6.726771411567178220e-04
8.884442221110555593e+00 6.835266175519412804e-04
8.924462231115557032e+00 6.946692173991491108e-04
8.964482241120560246e+00 7.061161679914756701e-04
9.004502251125561685e+00 7.178792557351655092e-04
9.044522261130564900e+00 7.299708605380189142e-04
9.084542271135568114e+00 7.424039927230123960e-04
9.124562281140569553e+00 7.551923326832057611e-04
9.164582291145572768e+00 7.683502735152190465e-04
9.204602301150574206e+00 7.818929668920633364e-04
9.244622311155577421e+00 7.958363724622773442e-04
9.284642321160580636e+00 8.101973110913897585e-04
9.324662331165582074e+00 8.249935222941870601e-04
9.364682341170585289e+00 8.402437262424491656e-04
9.404702351175586728e+00 8.559676907732383187e-04
9.444722361180589942e+00 8.721863038680935029e-04
9.484742371185593157e+00 8.889216521241280087e-04
9.524762381190594596e+00 9.061971057948829157e-04
9.564782391195597810e+00 9.240374110426497357e-04
9.604802401200599249e+00 9.424687901157613543e-04
9.644822411205602464e+00 9.615190502453008475e-04
9.684842421210605679e+00 9.812177021468906999e-04
9.724862431215607117e+00 1.001596089116401104e-03
9.764882441220610332e+00 1.022687527825072483e-03
9.804902451225611770e+00 1.044527462051801940e-03
9.844922461230614985e+00 1.067153630740543284e-03
9.884942471235618200e+00 1.090606251941434769e-03
9.924962481240619638e+00 1.114928224388865834e-03
9.964982491245622853e+00 1.140165348691569817e-03
1.000500250125062429e+01 1.166366570363606883e-03
1.004502251125562751e+01 1.193584247215740855e-03
1.008504252126063072e+01 1.221874443960156145e-03
1.012506253126563216e+01 1.251297257264980976e-03
1.016508254127063537e+01 1.281917174936849117e-03
1.020510255127563681e+01 1.313803473419766603e-03
1.024512256128064003e+01 1.347030658388739506e-03
1.028514257128564324e+01 1.381678953900883095e-03
1.032516258129064468e+01 1.417834846362026665e-03
1.036518259129564790e+01 1.455591690493278660e-03
1.040520260130064933e+01 1.495050385563796757e-03
1.044522261130565255e+01 1.536320131422485831e-03
1.048524262131065576e+01 1.579519275347559572e-03
1.052526263131565720e+01 1.624776262481974825e-03
1.056528264132066042e+01 1.672230704686462422e-03
1.060530265132566186e+01 1.722034585083886396e-03
1.064532266133066507e+01 1.774353618466860188e-03
1.068534267133566829e+01 1.829368791190199130e-03
1.072536268134066972e+01 1.887278108289107761e-03
1.076538269134567294e+01 1.948298580498538995e-03
1.080540270135067438e+01 2.012668489780291420e-03
1.084542271135567759e+01 2.080649979118182752e-03
1.088544272136068081e+01 2.152532021000991714e-03
1.092546273136568225e+01 2.228633829534261424e-03
1.096548274137068546e+01 2.309308793955105587e-03
1.100550275137568690e+01 2.394949027040375530e-03
1.104552276138069011e+01 2.485990641226191924e-03
1.108554277138569333e+01 2.582919889129634862e-03
1.112556278139069477e+01 2.686280334784511836e-03
1.116558279139569798e+01 2.796681258830383422e-03
1.120560280140069942e+01 2.914807547157375993e-03
1.124562281140570263e+01 3.041431370767907517e-03
1.128564282141070585e+01 3.177426038374662944e-03
1.132566283141570729e+01 3.323782497162306501e-03
1.136568284142071050e+01 3.481629077405157778e-03
1.140570285142571194e+01 3.652255231601333682e-03
1.144572286143071516e+01 3.837140219757638904e-03
1.148574287143571837e+01 4.037987954857773405e-03
1.152576288144071981e+01 4.256769567574947635e-03
1.156578289144572302e+01 4.495775706345466090e-03
1.160580290145072446e+01 4.757681199113902165e-03
1.164582291145572768e+01 5.045625524400681496e-03
1.168584292146073089e+01 5.363313654449032922e-03
1.172586293146573233e+01 5.715143360920362826e-03
1.176588294147073555e+01 6.106367186613246255e-03
1.180590295147573698e+01 6.543300238619405643e-03
1.184592296148074020e+01 7.033589125877249409e-03
1.188594297148574341e+01 7.586563313097951372e-03
1.192596298149074485e+01 8.213698753668128086e-03
1.196598299149574807e+01 8.929236219660137419e-03
1.200600300150074951e+01 9.751015328015510616e-03
1.204602301150575272e+01 1.070161311487389903e-02
1.208604302151075416e+01 1.180991830716237277e-02
1.212606303151575737e+01 1.311333750084009084e-02
1.216608304152076059e+01 1.466093074567539727e-02
1.220610305152576203e+01 1.651793337712343171e-02
1.224612306153076524e+01 1.877237332883531160e-02
1.228614307153576668e+01 2.154489295554570111e-02
1.232616308154076989e+01 2.500350896053730315e-02
1.236618309154577311e+01 2.938597719397498254e-02
1.240620310155077455e+01 3.503365711371025232e-02
1.244622311155577776e+01 4.244175315893278927e-02
1.248624312156077920e+01 5.232892912718500877e-02
1.252626313156578242e+01 6.571469583662528646e-02
1.256628314157078563e+01 8.393345680274098830e-02
1.260630315157578707e+01 1.083240973931622747e-01
1.264632316158079028e+01 1.389012621584991558e-01
1.268634317158579172e+01 1.711285571975596220e-01
1.272636318159079494e+01 1.930302623561606090e-01
1.276638319159579815e+01 1.920317188518536611e-01
1.280640320160079959e+01 1.698793550400271857e-01
1.284642321160580281e+01 1.404321872017567085e-01
1.288644322161080424e+01 1.146189862127882791e-01
1.292646323161580746e+01 9.614773329239308108e-02
1.296648324162081067e+01 8.498353952724464755e-02
1.300650325162581211e+01 8.008913945518357502e-02
1.304652326163081533e+01 8.001894966471276294e-02
1.308654327163581677e+01 8.213808473289666012e-02
1.312656328164081998e+01 8.210138452822506039e-02
1.316658329164582319e+01 7.649817418744199460e-02
1.320660330165082463e+01 6.650120950539201159e-02
1.324662331165582785e+01 5.585292251243226258e-02
1.328664332166082929e+01 4.693870924503294739e-02
1.332666333166583250e+01 4.029625593808487671e-02
1.336668334167083572e+01 3.565566079259919335e-02
1.340670335167583715e+01 3.260871780081891352e-02
1.344672336168084037e+01 3.083031934826073114e-02
1.348674337168584181e+01 3.011563744401274043e-02
1.352676338169084502e+01 3.037031857217279904e-02
1.356678339169584824e+01 3.159952495895981817e-02
1.360680340170084968e+01 3.390842902530540742e-02
1.364682341170585289e+01 3.751817652554340771e-02
1.368684342171085433e+01 4.280028130901074312e-02
1.372686343171585754e+01 5.033120796209784864e-02
1.376688344172086076e+01 6.095813392473530684e-02
1.380690345172586220e+01 7.582038442416740021e-02
1.384692346173086541e+01 9.611814174287720836e-02
1.388694347173586685e+01 1.220534316939356073e-01
1.392696348174087007e+01 1.501062907861962503e-01
1.396698349174587328e+01 1.701059025324841989e-01
1.400700350175087472e+01 1.700983654060857775e-01
1.404702351175587793e+01 1.499260641049369180e-01
1.408704352176087937e+01 1.214344635067439587e-01
1.412706353176588259e+01 9.490601685138626287e-02
1.416708354177088580e+01 7.395710586901924066e-02
1.420710355177588724e+01 5.841152257387176305e-02
1.424712356178089045e+01 4.705718241204893959e-02
1.428714357178589189e+01 3.872863839719647983e-02
1.432716358179089511e+01 3.254551983817766114e-02
1.436718359179589832e+01 2.789062506401794594e-02
1.440720360180089976e+01 2.434041776483853586e-02
1.444722361180590298e+01 2.160438763641805288e-02
1.448724362181090441e+01 1.948172658052683970e-02
1.452726363181590763e+01 1.783229280160580216e-02
1.456728364182091084e+01 1.655754834484183743e-02
1.460730365182591228e+01 1.558810011419776292e-02
1.464732366183091550e+01 1.487556270148614711e-02
1.468734367183591694e+01 1.438727887629437548e-02
1.472736368184092015e+01 1.410298426360000364e-02
1.476738369184592337e+01 1.401286484510010436e-02
1.480740370185092480e+01 1.411670040608644511e-02
1.484742371185592802e+01 1.442396624965226401e-02
1.488744372186092946e+01 1.495491820593417009e-02
1.492746373186593267e+01 1.574284497538419592e-02
1.496748374187093589e+01 1.683787136777210869e-02
1.500750375187593733e+01 1.831297877296341955e-02
1.504752376188094054e+01 2.027333202660479977e-02
1.508754377188594198e+01 2.287063102258827044e-02
1.512756378189094519e+01 2.632506761550229904e-02
1.516758379189594841e+01 3.095833219505072370e-02
1.520760380190094985e+01 3.724067882100673410e-02
1.524762381190595306e+01 4.584819075013175232e-02
1.528764382191095450e+01 5.769565795394816787e-02
1.532766383191595772e+01 7.380599133623234887e-02
1.536768384192096093e+01 9.460819642627456283e-02
1.540770385192596237e+01 1.179551725197874879e-01
1.544772386193096558e+01 1.364360390207582097e-01
1.548774387193596702e+01 1.397405816170457227e-01
1.552776388194097024e+01 1.255501601613032148e-01
1.556778389194597167e+01 1.026627962205642897e-01
1.560780390195097489e+01 8.033802145166035746e-02
1.564782391195597810e+01 6.237894328374103681e-02
1.568784392196097954e+01 4.896974674031588648e-02
1.572786393196598276e+01 3.916809008821763027e-02
1.576788394197098420e+01 3.198678929376384122e-02
1.580790395197598741e+01 2.666244599279056146e-02
1.584792396198099063e+01 2.265572561660972664e-02
1.588794397198599206e+01 1.959574090821528808e-02
1.592796398199099528e+01 1.722801798633492518e-02
1.596798399199599672e+01 1.537657222851211702e-02
1.600800400200100171e+01 1.391830136877117256e-02
1.604802401200600315e+01 1.276611278747322165e-02
1.608804402201100459e+01 1.185785282222952264e-02
1.612806403201600602e+01 1.114901898826575755e-02
1.616808404202101102e+01 1.060794524580038756e-02
1.620810405202601245e+01 1.021263055279775581e-02
1.624812406203101389e+01 9.948692519732453554e-03
1.628814407203601888e+01 9.808130255603779435e-03
1.632816408204102032e+01 9.788716563448663852e-03
1.636818409204602176e+01 9.893939059717606760e-03
1.640820410205102675e+01 1.013349376614969960e-02
1.644822411205602819e+01 1.052442084472871540e-02
1.648824412206102963e+01 1.109307843432152767e-02
1.652826413206603107e+01 1.187829905455250329e-02
1.656828414207103606e+01 1.293629214672540988e-02
1.660830415207603750e+01 1.434817636604492075e-02
1.664832416208103893e+01 1.623144640020015780e-02
1.668834417208604393e+01 1.875703672262850341e-02
1.672836418209104536e+01 2.217312434978956082e-02
1.676838419209604680e+01 2.683237339190215967e-02
1.680840420210105179e+01 3.320137918288158796e-02
1.684842421210605323e+01 4.177688790239222211e-02
1.688844422211105467e+01 5.273002074953281326e-02
1.692846423211605611e+01 6.514104511754303939e-02
1.696848424212106110e+01 7.647315231308247918e-02
1.700850425212606254e+01 8.347310869860072313e-02
1.704852426213106398e+01 8.336709624745093639e-02
1.708854427213606897e+01 7.534417749639414630e-02
1.712856428214107041e+01 6.255514508871425072e-02
1.716858429214607185e+01 4.956600433814290635e-02
1.720860430215107328e+01 3.882134892691227468e-02
1.724862431215607828e+01 3.068150770173641226e-02
1.728864432216107971e+01 2.468895576125784003e-02
1.732866433216608115e+01 2.028105099232340239e-02
1.736868434217108614e+01 1.700310305729663823e-02
1.740870435217608758e+01 1.452835522976730562e-02
1.744872436218108902e+01 1.263041531806633443e-02
1.748874437218609401e+01 1.115332261901095731e-02
1.752876438219109545e+01 9.988854594915285573e-03
1.756878439219609689e+01 9.060965904649208660e-03
1.760880440220109833e+01 8.315456740935639815e-03
1.764882441220610332e+01 7.713154731628269097e-03
1.768884442221110476e+01 7.225391696414338802e-03
1.772886443221610620e+01 6.830972338787142696e-03
1.776888444222111119e+01 6.514119211385797394e-03
1.780890445222611262e+01 6.263064549872445798e-03
1.784892446223111406e+01 6.069077852201626086e-03
1.788894447223611905e+01 5.925793070151893355e-03
1.792896448224112049e+01 5.828747269069215267e-03
1.796898449224612193e+01 5.775073895648381340e-03
1.800900450225112337e+01 5.763314817916660900e-03
1.804902451225612836e+01 5.793330156011966547e-03
1.808904452226112980e+01 5.866296308802217314e-03
1.812906453226613124e+01 5.984792441417138148e-03
1.816908454227113623e+01 6.152985647781571144e-03
1.820910455227613767e+01 6.376936680667047615e-03
1.824912456228113911e+01 6.665063573425981762e-03
1.828914457228614410e+01 7.028822527620879820e-03
1.832916458229114554e+01 7.483698488682572272e-03
1.836918459229614697e+01 8.050648814539200504e-03
1.840920460230114841e+01 8.758223452824964034e-03
1.844922461230615340e+01 9.645711563831418575e-03
1.848924462231115484e+01 1.076786367588631298e-02
1.852926463231615628e+01 1.220204364719635476e-02
1.856928464232116127e+01 1.405909716687224129e-02
1.860930465232616271e+01 1.649970199204785909e-02
1.864932466233116415e+01 1.975796369133156483e-02
1.868934467233616914e+01 2.417138790815363467e-02
1.872936468234117058e+01 3.020361072522623203e-02
1.876938469234617202e+01 3.840111487423483738e-02
1.880940470235117346e+01 4.910127531184324545e-02
1.884942471235617845e+01 6.152642116553969781e-02
1.888944472236117988e+01 7.230318523308969236e-02
1.892946473236618132e+01 7.590646387535437967e-02
1.896948474237118631e+01 6.995407796439408188e-02
1.900950475237618775e+01 5.837042082752369465e-02
1.904952476238118919e+01 4.641504780619216258e-02
1.908954477238619418e+01 3.660947158864139711e-02
1.912956478239119562e+01 2.927874688685616275e-02
1.916958479239619706e+01 2.397194564870488639e-02
1.920960480240119850e+01 2.015553382977062699e-02
1.924962481240620349e+01 1.740529844990642422e-02
1.928964482241120493e+01 1.542002675294834417e-02
1.932966483241620637e+01 1.399387233246456724e-02
1.936968484242121136e+01 1.298787531518082877e-02
1.940970485242621280e+01 1.230877680908380387e-02
1.944972486243121423e+01 1.189473922662559642e-02
1.948974487243621923e+01 1.170611569527277469e-02
1.952976488244122066e+01 1.171966763494293809e-02
1.956978489244622210e+01 1.192513567303750931e-02
1.960980490245122354e+01 1.232349303440329405e-02
1.964982491245622853e+01 1.292652300092902128e-02
1.968984492246122997e+01 1.375760006375438028e-02
1.972986493246623141e+01 1.485376307422133120e-02
1.976988494247123640e+01 1.626939269203494035e-02
1.980990495247623784e+01 1.808209404267902692e-02
1.984992496248123928e+01 2.040180105409347341e-02
1.988994497248624427e+01 2.338474228740160255e-02
1.992996498249124571e+01 2.725482354598423446e-02
1.996998499249624714e+01 3.233617655093074666e-02
2.001000500250124858e+01 3.910156366195624567e-02
2.005002501250625357e+01 4.823944640532237815e-02
2.009004502251125501e+01 6.072816586907232167e-02
2.013006503251625645e+01 7.784732682626273326e-02
2.017008504252126144e+01 1.008706217547087752e-01
2.021010505252626288e+01 1.297630268253079644e-01
2.025012506253126432e+01 1.600353744101450371e-01
2.029014507253626931e+01 1.799774646737701822e-01
2.033016508254127075e+01 1.773991918764024345e-01
2.037018509254627219e+01 1.540437660860483615e-01
2.041020510255127363e+01 1.232288851514623945e-01
2.045022511255627862e+01 9.526964430998735578e-02
2.049024512256128006e+01 7.341397503673131875e-02
2.053026513256628149e+01 5.723825335238123813e-02
2.057028514257128649e+01 4.540735736881093554e-02
2.061030515257628792e+01 3.669364870672090634e-02
2.065032516258128936e+01 3.018130979801051522e-02
2.069034517258629080e+01 2.523027724831244240e-02
2.073036518259129579e+01 2.140077771657925704e-02
2.077038519259629723e+01 1.838984767028266701e-02
2.081040520260129867e+01 1.598642605666521915e-02
2.085042521260630366e+01 1.404129897552797851e-02
2.089044522261130510e+01 1.244729320695789343e-02
2.093046523261630654e+01 1.112620516109771515e-02
2.097048524262131153e+01 1.002009532623013809e-02
2.101050525262631297e+01 9.085415979790992594e-03
2.105052526263131440e+01 8.288993469205859638e-03
2.109054527263631584e+01 7.605239031817369669e-03
2.113056528264132083e+01 7.014184473330403215e-03
2.117058529264632227e+01 6.500079445362059484e-03
2.121060530265132371e+01 6.050376426531200655e-03
2.125062531265632870e+01 5.654986996244019438e-03
2.129064532266133014e+01 5.305730422601041656e-03
2.133066533266633158e+01 4.995920274842618330e-03
2.137068534267133657e+01 4.720051266252248828e-03
2.141070535267633801e+01 4.473559695590653001e-03
2.145072536268133945e+01 4.252638502190445036e-03
2.149074537268634089e+01 4.054093251462083727e-03
2.153076538269134588e+01 3.875229085278947532e-03
2.157078539269634732e+01 3.713761307295318850e-03
2.161080540270134875e+01 3.567744161206756574e-03
2.165082541270635375e+01 3.435513725833843398e-03
2.169084542271135518e+01 3.315641848451351525e-03
2.173086543271635662e+01 3.206898772926472518e-03
2.177088544272136161e+01 3.108222665697267604e-03
2.181090545272636305e+01 3.018694652230220939e-03
2.185092546273136449e+01 2.937518286104527730e-03
2.189094547273636593e+01 2.864002608597847506e-03
2.193096548274137092e+01 2.797548137600576728e-03
2.197098549274637236e+01 2.737635264714397519e-03
2.201100550275137380e+01 2.683814648674260218e-03
2.205102551275637879e+01 2.635699279323847500e-03
2.209104552276138023e+01 2.592957954930533420e-03
2.213106553276638166e+01 2.555309970937376905e-03
2.217108554277138666e+01 2.522520863617078776e-03
2.221110555277638809e+01 2.494399090104544060e-03
2.225112556278138953e+01 2.470793559026520161e-03
2.229114557278639097e+01 2.451591955162995932e-03
2.233116558279139596e+01 2.436719828798261309e-03
2.237118559279639740e+01 2.426140447087034736e-03
2.241120560280139884e+01 2.419855432320150435e-03
2.245122561280640383e+01 2.417906241997734400e-03
2.249124562281140527e+01 2.420376579932261192e-03
2.253126563281640671e+01 2.427395868454391460e-03
2.257128564282141170e+01 2.439143962056834324e-03
2.261130565282641314e+01 2.455857346287408129e-03
2.265132566283141458e+01 2.477837147533874101e-03
2.269134567283641601e+01 2.505459386607311947e-03
2.273136568284142101e+01 2.539188051610613735e-03
2.277138569284642244e+01 2.579591757446670058e-03
2.281140570285142388e+01 2.627365020462103795e-03
2.285142571285642887e+01 2.683355536041037194e-03
2.289144572286143031e+01 2.748599346731616083e-03
2.293146573286643175e+01 2.824366491226469253e-03
2.297148574287143674e+01 2.912220723765162472e-03
2.301150575287643818e+01 3.014098330880704991e-03
2.305152576288143962e+01 3.132413164804954964e-03
2.309154577288644106e+01 3.270198096656916614e-03
2.313156578289144605e+01 3.431297695613399167e-03
2.317158579289644749e+01 3.620633900408508007e-03
2.321160580290144893e+01 3.844577110145026844e-03
2.325162581290645392e+01 4.111471653717081558e-03
2.329164582291145535e+01 4.432390522410698495e-03
2.333166583291645679e+01 4.822235251777202622e-03
2.337168584292146178e+01 5.301361894662025114e-03
2.341170585292646322e+01 5.898016509940278221e-03
2.345172586293146466e+01 6.652020379918556492e-03
2.349174587293646610e+01 7.620365931436368610e-03
2.353176588294147109e+01 8.885622657117512452e-03
2.357178589294647253e+01 1.056802172047699960e-02
2.361180590295147397e+01 1.284062934653234719e-02
2.365182591295647896e+01 1.594012770489300693e-02
2.369184592296148040e+01 2.014160020783448482e-02
2.373186593296648184e+01 2.560067283080063108e-02
2.377188594297148683e+01 3.187669080582774400e-02
2.381190595297648827e+01 3.719071343035702110e-02
2.385192596298148970e+01 3.875902749305518147e-02
2.389194597298649114e+01 3.554281834673862078e-02
2.393196598299149613e+01 2.963497854048446553e-02
2.397198599299649757e+01 2.363891696535165218e-02
2.401200600300149901e+01 1.874900743603067840e-02
2.405202601300650400e+01 1.509326544770982562e-02
2.409204602301150544e+01 1.243607468702203137e-02
2.413206603301650688e+01 1.050931544261475038e-02
2.417208604302150832e+01 9.101313414308320054e-03
2.421210605302651331e+01 8.061545330549224966e-03
2.425212606303151475e+01 7.286355098031633594e-03
2.429214607303651619e+01 6.704667132075761878e-03
2.433216608304152118e+01 6.267388511032714882e-03
2.437218609304652261e+01 5.940206833710436583e-03
2.441220610305152405e+01 5.698830279009710516e-03
2.445222611305652904e+01 5.525855505809845920e-03
2.449224612306153048e+01 5.408694496215594137e-03
2.453226613306653192e+01 5.338188167897705075e-03
2.457228614307153336e+01 5.307668543186185896e-03
2.461230615307653835e+01 5.312317549493889186e-03
2.465232616308153979e+01 5.348725104966218363e-03
2.469234617308654123e+01 5.414583622550029479e-03
2.473236618309154622e+01 5.508478016961065177e-03
2.477238619309654766e+01 5.629744470420390036e-03
2.481240620310154910e+01 5.778380547905212147e-03
2.485242621310655409e+01 5.954995582696936962e-03
2.489244622311155553e+01 6.160794736965404320e-03
2.493246623311655696e+01 6.397593537635996516e-03
2.497248624312155840e+01 6.667862521246013460e-03
2.501250625312656339e+01 6.974804299093251281e-03
2.505252626313156483e+01 7.322468241950380249e-03
2.509254627313656627e+01 7.715911477566728127e-03
2.513256628314157126e+01 8.161419494034847372e-03
2.517258629314657270e+01 8.666806050780673926e-03
2.521260630315157414e+01 9.241821369021283039e-03
2.525262631315657913e+01 9.898711339193665484e-03
2.529264632316158057e+01 1.065299133634806453e-02
2.533266633316658201e+01 1.152453034048169130e-02
2.537268634317158345e+01 1.253909114223748268e-02
2.541270635317658844e+01 1.373055127615811603e-02
2.545272636318158987e+01 1.514415388781973314e-02
2.549274637318659131e+01 1.684133277918166763e-02
2.553276638319159630e+01 1.890695108195931604e-02
2.557278639319659774e+01 2.146019849346331512e-02
2.561280640320159918e+01 2.467079170468055790e-02
2.565282641320660417e+01 2.878188013969300643e-02
2.569284642321160561e+01 3.413768132264552446e-02
2.573286643321660705e+01 4.119893648471450315e-02
2.577288644322160849e+01 5.047894552724770112e-02
2.581290645322661348e+01 6.220566316851987299e-02
2.585292646323161492e+01 7.538591002308998867e-02
2.589294647323661636e+01 8.660608717522268185e-02
2.593296648324162135e+01 9.132125970608695464e-02
2.597298649324662279e+01 8.892525815326399186e-02
2.601300650325162422e+01 8.384964258233817969e-02
2.605302651325662922e+01 8.061846584475400312e-02
2.609304652326163065e+01 8.139042949452576781e-02
2.613306653326663209e+01 8.692004538893810528e-02
2.617308654327163353e+01 9.767469251050284185e-02
2.621310655327663852e+01 1.141556644018462685e-01
2.625312656328163996e+01 1.366506961379375940e-01
2.629314657328664140e+01 1.651624054585620893e-01
2.633316658329164639e+01 2.001914084620279310e-01
2.637318659329664783e+01 2.419457966646002822e-01
2.641320660330164927e+01 2.864709759536781530e-01
2.645322661330665426e+01 3.258907128818628873e-01
2.649324662331165570e+01 3.531743292038133641e-01
2.653326663331665713e+01 3.585507145330856238e-01
2.657328664332165857e+01 3.317099471097601504e-01
2.661330665332666356e+01 2.794580530842267763e-01
2.665332666333166500e+01 2.217107494668326961e-01
2.669334667333666644e+01 1.720483923569568196e-01
2.673336668334167143e+01 1.338047786649816107e-01
2.677338669334667287e+01 1.054832812109813139e-01
2.681340670335167431e+01 8.461793008272566752e-02
2.685342671335667930e+01 6.909640813085923816e-02
2.689344672336168074e+01 5.737108851227993439e-02
2.693346673336668218e+01 4.836266134044456266e-02
2.697348674337168362e+01 4.132639134548977272e-02
2.701350675337668861e+01 3.574556827309122164e-02
2.705352676338169005e+01 3.125722571136702738e-02
2.709354677338669148e+01 2.760253993071305062e-02
2.713356678339169648e+01 2.459404889231073255e-02
2.717358679339669791e+01 2.209390499254708026e-02
2.721360680340169935e+01 1.999929969158238327e-02
2.725362681340670434e+01 1.823256765062151660e-02
2.729364682341170578e+01 1.673437512905939784e-02
2.733366683341670722e+01 1.545896842591459354e-02
2.737368684342170866e+01 1.437081927151019969e-02
2.741370685342671365e+01 1.344223346139530699e-02
2.745372686343171509e+01 1.265163630669931434e-02
2.749374687343671653e+01 1.198234454827908774e-02
2.753376688344172152e+01 1.142169846495320537e-02
2.757378689344672296e+01 1.096047211689064362e-02
2.761380690345172439e+01 1.059251189159560527e-02
2.765382691345672583e+01 1.031457923810170929e-02
2.769384692346173082e+01 1.012639697219426364e-02
2.773386693346673226e+01 1.003092384636538291e-02
2.777388694347173370e+01 1.003491385354774931e-02
2.781390695347673869e+01 1.014986117849555648e-02
2.785392696348174013e+01 1.039349752600121461e-02
2.789394697348674157e+01 1.079210706626013150e-02
2.793396698349174656e+01 1.138406514137640241e-02
2.797398699349674800e+01 1.222517640267263735e-02
2.801400700350174944e+01 1.339646379871143114e-02
2.805402701350675088e+01 1.501451274157898121e-02
2.809404702351175587e+01 1.724142086180862829e-02
2.813406703351675731e+01 2.028011295346338408e-02
2.817408704352175874e+01 2.430871042735914880e-02
2.821410705352676374e+01 2.925563421786852442e-02
2.825412706353176517e+01 3.440135991315908942e-02
2.829414707353676661e+01 3.843310546909714520e-02
2.833416708354177160e+01 4.086139889837880901e-02
2.837418709354677304e+01 4.306383155923669548e-02
2.841420710355177448e+01 4.686939660103885824e-02
2.845422711355677592e+01 5.278648665027818598e-02
2.849424712356178091e+01 5.903911501902622816e-02
2.853426713356678235e+01 6.163571367048530786e-02
2.857428714357178379e+01 5.765416704563079697e-02
2.861430715357678878e+01 4.883382576928740892e-02
2.865432716358179022e+01 3.911747141616293139e-02
2.869434717358679165e+01 3.084707461927926192e-02
2.873436718359179665e+01 2.451289177352620682e-02
2.877438719359679808e+01 1.982970583688215688e-02
2.881440720360179952e+01 1.637858186833100402e-02
2.885442721360680096e+01 1.380928518328007962e-02
2.889444722361180595e+01 1.186756525790112586e-02
2.893446723361680739e+01 1.037687204186597302e-02
2.897448724362180883e+01 9.215730538478192693e-03
2.901450725362681382e+01 8.300124312498815757e-03
2.905452726363181526e+01 7.571324116407983015e-03
2.909454727363681670e+01 6.987804815010125598e-03
2.913456728364182169e+01 6.519935651096221349e-03
2.917458729364682313e+01 6.146494057698222678e-03
2.921460730365182457e+01 5.852375091039518744e-03
2.925462731365682600e+01 5.627088907985431342e-03
2.929464732366183100e+01 5.463759186548522613e-03
2.933466733366683243e+01 5.358336564303399149e-03
2.937468734367183387e+01 5.308565442471976058e-03
2.941470735367683886e+01 5.312046752476755340e-03
2.945472736368184030e+01 5.364016225562251265e-03
2.949474737368684174e+01 5.459990667830410399e-03
2.953476738369184673e+01 5.605622687390917833e-03
2.957478739369684817e+01 5.819333333653914711e-03
2.961480740370184961e+01 6.124187479375151240e-03
2.965482741370685105e+01 6.545076477819240270e-03
2.969484742371185604e+01 7.113142766694781696e-03
2.973486743371685748e+01 7.871964035827155870e-03
2.977488744372185892e+01 8.884704517296350065e-03
2.981490745372686391e+01 1.024381847861865688e-02
2.985492746373186534e+01 1.208487828706252334e-02
2.989494747373686678e+01 1.460456932456785650e-02
2.993496748374187177e+01 1.807625197526059949e-02
2.997498749374687321e+01 2.283265828454423413e-02
3.001500750375187465e+01 2.911729234485494616e-02
3.005502751375687609e+01 3.659068460851883781e-02
3.009504752376188108e+01 4.342806851665659273e-02
3.013506753376688252e+01 4.628560278751436829e-02
3.017508754377188396e+01 4.323699662837614949e-02
3.021510755377688895e+01 3.628522428885985057e-02
3.025512756378189039e+01 2.876024546153829395e-02
3.029514757378689183e+01 2.244388027423359702e-02
3.033516758379189682e+01 1.765266290418179840e-02
3.037518759379689826e+01 1.413697873959676894e-02
3.041520760380189969e+01 1.156418342224033689e-02
3.045522761380690113e+01 9.662207919251548927e-03
3.049524762381190612e+01 8.235355602930463995e-03
3.053526763381690756e+01 7.148444306951267681e-03
3.057528764382190900e+01 6.308825646206635621e-03
3.061530765382691399e+01 5.652656837460598958e-03
3.065532766383191543e+01 5.135490886338333824e-03
3.069534767383691687e+01 4.726055195293393275e-03
3.073536768384192186e+01 4.402179634239633023e-03
3.077538769384692330e+01 4.148135636114864619e-03
3.081540770385192474e+01 3.952904397064811726e-03
3.085542771385692618e+01 3.809072593167154436e-03
3.089544772386193117e+01 3.712174963209202445e-03
3.093546773386693260e+01 3.660385519248434555e-03
3.097548774387193404e+01 3.654517516993848695e-03
3.101550775387693903e+01 3.698329047775724115e-03
3.105552776388194047e+01 3.799118420078203759e-03
3.109554777388694191e+01 3.968411291908249990e-03
3.113556778389194335e+01 4.221802247599337927e-03
3.117558779389694834e+01 4.574776541812641643e-03
3.121560780390194978e+01 5.026995067704456872e-03
3.125562781390695122e+01 5.529766068618506905e-03
3.129564782391195621e+01 5.974198758202212828e-03
3.133566783391695765e+01 6.287919633243090230e-03
3.137568784392195909e+01 6.554624255335122184e-03
3.141570785392696408e+01 6.944501776103726917e-03
3.145572786393196552e+01 7.595680843731543452e-03
3.149574787393696695e+01 8.612219339328383919e-03
3.153576788394196839e+01 1.011104665057240871e-02
3.157578789394697338e+01 1.225709655182626728e-02
3.161580790395197482e+01 1.527364676263383465e-02
3.165582791395697626e+01 1.939198279781625955e-02
3.169584792396198125e+01 2.462450085314372983e-02
3.173586793396698269e+01 3.020021424442934088e-02
3.177588794397198413e+01 3.401473627817619416e-02
3.181590795397698912e+01 3.374424535602647823e-02
3.185592796398199056e+01 2.954130894061208004e-02
3.189594797398699200e+01 2.382614206265472670e-02
3.193596798399199344e+01 1.857638464544964299e-02
3.197598799399699843e+01 1.444916079415683313e-02
3.201600800400200342e+01 1.138566249896499905e-02
3.205602801400700486e+01 9.140821889799016081e-03
3.209604802401200629e+01 7.484646102963632593e-03
3.213606803401700773e+01 6.244513583765569018e-03
3.217608804402200917e+01 5.299534063344256765e-03
3.221610805402701061e+01 4.566606398037008699e-03
3.225612806403201205e+01 3.988491181983361798e-03
3.229614807403702059e+01 3.525330221452935547e-03
3.233616808404202203e+01 3.148961230711306864e-03
3.237618809404702347e+01 2.839170018182720322e-03
3.241620810405202491e+01 2.581217967826156257e-03
3.245622811405702635e+01 2.364196470591661825e-03
3.249624812406202778e+01 2.179918095529734170e-03
3.253626813406702922e+01 2.022159143951812645e-03
3.257628814407203777e+01 1.886135138684505008e-03
3.261630815407703921e+01 1.768133041746539243e-03
3.265632816408204064e+01 1.665250737498554694e-03
3.269634817408704208e+01 1.575211445020635766e-03
3.273636818409204352e+01 1.496231915076333277e-03
3.277638819409704496e+01 1.426930834220482489e-03
3.281640820410205350e+01 1.366269284159504337e-03
3.285642821410705494e+01 1.313519363372617991e-03
3.289644822411205638e+01 1.268260737412337360e-03
3.293646823411705782e+01 1.230407784334379981e-03
3.297648824412205926e+01 1.200269705050014150e-03
3.301650825412706070e+01 1.178632323568984744e-03
3.305652826413206213e+01 1.166788912511778796e-03
3.309654827413707068e+01 1.166242031952538548e-03
3.313656828414207212e+01 1.177290429681837310e-03
3.317658829414707355e+01 1.195263500413727177e-03
3.321660830415207499e+01 1.206035536991617455e-03
3.325662831415707643e+01 1.191871362559889826e-03
3.329664832416207787e+01 1.151043446082178172e-03
3.333666833416707931e+01 1.100301501617844627e-03
3.337668834417208785e+01 1.055451765196594241e-03
3.341670835417708929e+01 1.022759681016207007e-03
3.345672836418209073e+01 1.002828527478829591e-03
3.349674837418709217e+01 9.948289798390225376e-04
3.353676838419209361e+01 9.982980201567205874e-04
3.357678839419709504e+01 1.013678898428886036e-03
3.361680840420210359e+01 1.042520143095593656e-03
3.365682841420710503e+01 1.087707405508664231e-03
3.369684842421210647e+01 1.153878318470697838e-03
3.373686843421710790e+01 1.248115415303749452e-03
3.377688844422210934e+01 1.380988348607146282e-03
3.381690845422711078e+01 1.567874021600528141e-03
3.385692846423211222e+01 1.829835088840576530e-03
3.389694847423712076e+01 2.191088884324939555e-03
3.393696848424212220e+01 2.664128350950539445e-03
3.397698849424712364e+01 3.205851109284849846e-03
3.401700850425212508e+01 3.652355302490327849e-03
3.405702851425712652e+01 3.757458605661806710e-03
3.409704852426212796e+01 3.441970575015781443e-03
3.413706853426712939e+01 2.899769382909936355e-03
3.417708854427213794e+01 2.357597852946447751e-03
3.421710855427713938e+01 1.915508658780420851e-03
3.425712856428214081e+01 1.582220158353831851e-03
3.429714857428714225e+01 1.336278405279681114e-03
3.433716858429214369e+01 1.154028569602327629e-03
3.437718859429714513e+01 1.016929151019657900e-03
3.441720860430214657e+01 9.118141783398445686e-04
3.445722861430715511e+01 8.296072654554744429e-04
3.449724862431215655e+01 7.640674218258999492e-04
3.453726863431715799e+01 7.108644548654281629e-04
3.457728864432215943e+01 6.669517258227690122e-04
3.461730865432716087e+01 6.301515628787498135e-04
3.465732866433216230e+01 5.988821189413911497e-04
3.469734867433717085e+01 5.719761498233068373e-04
3.473736868434217229e+01 5.485593555272643166e-04
3.477738869434717373e+01 5.279675692542305137e-04
3.481740870435217516e+01 5.096895635934493808e-04
3.485742871435717660e+01 4.933269715972465452e-04
3.489744872436217804e+01 4.785658019607391591e-04
3.493746873436717948e+01 4.651559187931624028e-04
3.497748874437218802e+01 4.528960680385895688e-04
3.501750875437718946e+01 4.416228179690503161e-04
3.505752876438219090e+01 4.312022967533370686e-04
3.509754877438719234e+01 4.215239529759074247e-04
3.513756878439219378e+01 4.124957959358517600e-04
3.517758879439719522e+01 4.040407300826733949e-04
3.521760880440219665e+01 3.960937066940897798e-04
3.525762881440720520e+01 3.885994918505381057e-04
3.529764882441220664e+01 3.815109033947636707e-04
3.533766883441720807e+01 3.747874078419408984e-04
3.537768884442220951e+01 3.683939957994649761e-04
3.541770885442721095e+01 3.623002745388600402e-04
3.545772886443221239e+01 3.564797311131220154e-04
3.549774887443722093e+01 3.509091303412646885e-04
3.553776888444222237e+01 3.455680201453720604e-04
3.557778889444722381e+01 3.404383228716070906e-04
3.561780890445222525e+01 3.355039958886759581e-04
3.565782891445722669e+01 3.307507483187120526e-04
3.569784892446222813e+01 3.261658034949019118e-04
3.573786893446722956e+01 3.217376988607929117e-04
3.577788894447223811e+01 3.174561166781124616e-04
3.581790895447723955e+01 3.133117402042948671e-04
3.585792896448224099e+01 3.092961310208955502e-04
3.589794897448724242e+01 3.054016240022462084e-04
3.593796898449224386e+01 3.016212370573124915e-04
3.597798899449724530e+01 2.979485932929063136e-04
3.601800900450224674e+01 2.943778536607226945e-04
3.605802901450725528e+01 2.909036584854253829e-04
3.609804902451225672e+01 2.875210765426689050e-04
3.613806903451725816e+01 2.842255605773298731e-04
3.617808904452225960e+01 2.810129083334112800e-04
3.621810905452726104e+01 2.778792283159038624e-04
3.625812906453226248e+01 2.748209096276456147e-04
3.629814907453727102e+01 2.718345953258104989e-04
3.633816908454227246e+01 2.689171588270496843e-04
3.637818909454727390e+01 2.660656829606296270e-04
3.641820910455227533e+01 2.632774413277492141e-04
3.645822911455727677e+01 2.605498816745352485e-04
3.649824912456227821e+01 2.578806110277460234e-04
3.653826913456727965e+01 2.552673823772585397e-04
3.657828914457228819e+01 2.527080827190665482e-04
3.661830915457728963e+01 2.502007222977087959e-04
3.665832916458229107e+01 2.477434249084617445e-04
3.669834917458729251e+01 2.453344191379404934e-04
3.673836918459229395e+01 2.429720304373820974e-04
3.677838919459729539e+01 2.406546739363188371e-04
3.681840920460229682e+01 2.383808479158869764e-04
3.685842921460730537e+01 2.361491278709619795e-04
3.689844922461230681e+01 2.339581610989071485e-04
3.693846923461730825e+01 2.318066617601523282e-04
3.697848924462230968e+01 2.296934063622884346e-04
3.701850925462731112e+01 2.276172296249580991e-04
3.705852926463231256e+01 2.255770206877236953e-04
3.709854927463732110e+01 2.235717196273579929e-04
3.713856928464232254e+01 2.216003142547355348e-04
3.717858929464732398e+01 2.196618371647751210e-04
3.721860930465232542e+01 2.177553630157580563e-04
3.725862931465732686e+01 2.158800060168734414e-04
3.729864932466232830e+01 2.140349176050648935e-04
3.733866933466732974e+01 2.122192842942242658e-04
3.737868934467233828e+01 2.104323256815106302e-04
3.741870935467733972e+01 2.086732925971169312e-04
3.745872936468234116e+01 2.069414653851644158e-04
3.749874937468734259e+01 2.052361523046297080e-04
3.753876938469234403e+01 2.035566880402751996e-04
3.757878939469734547e+01 2.019024323145271460e-04
3.761880940470234691e+01 2.002727685920976095e-04
3.765882941470735545e+01 1.986671028699148710e-04
3.769884942471235689e+01 1.970848625456191429e-04
3.773886943471735833e+01 1.955254953584852377e-04
3.777888944472235977e+01 1.939884683971992822e-04
3.781890945472736121e+01 1.924732671694032713e-04
3.785892946473236265e+01 1.909793947283744192e-04
3.789894947473736408e+01 1.895063708526038729e-04
3.793896948474237263e+01 1.880537312744077648e-04
3.797898949474737407e+01 1.866210269540288129e-04
3.801900950475237551e+01 1.852078233959816638e-04
3.805902951475737694e+01 1.838137000046706937e-04
3.809904952476237838e+01 1.824382494765444478e-04
3.813906953476737982e+01 1.810810772262773849e-04
3.817908954477238836e+01 1.797418008446681134e-04
3.821910955477738980e+01 1.784200495861284867e-04
3.825912956478239124e+01 1.771154638837980878e-04
3.829914957478739268e+01 1.758276948904810490e-04
3.833916958479239412e+01 1.745564040437276479e-04
3.837918959479739556e+01 1.733012626535205961e-04
3.841920960480239700e+01 1.720619515111335477e-04
3.845922961480740554e+01 1.708381605178404541e-04
3.849924962481240698e+01 1.696295883322477183e-04
3.853926963481740842e+01 1.684359420351102198e-04
3.857928964482240985e+01 1.672569368105776110e-04
3.861930965482741129e+01 1.660922956428858590e-04
3.865932966483241273e+01 1.649417490275832221e-04
3.869934967483741417e+01 1.638050346964400514e-04
3.873936968484242271e+01 1.626818973552516525e-04
3.877938969484742415e+01 1.615720884337965989e-04
3.881940970485242559e+01 1.604753658472604292e-04
3.885942971485742703e+01 1.593914937684868919e-04
3.889944972486242847e+01 1.583202424104523498e-04
3.893946973486742991e+01 1.572613878184053033e-04
3.897948974487243845e+01 1.562147116711447368e-04
3.901950975487743989e+01 1.551800010909482562e-04
3.905952976488244133e+01 1.541570484616865491e-04
3.909954977488744277e+01 1.531456512546975344e-04
3.913956978489244420e+01 1.521456118620118363e-04
3.917958979489744564e+01 1.511567374365523075e-04
3.921960980490244708e+01 1.501788397389497334e-04
3.925962981490745562e+01 1.492117349906410268e-04
3.929964982491245706e+01 1.482552437329348724e-04
3.933966983491745850e+01 1.473091906917462564e-04
3.937968984492245994e+01 1.463734046477244968e-04
3.941970985492746138e+01 1.454477183115090880e-04
3.945972986493246282e+01 1.445319682038678170e-04
3.949974987493746426e+01 1.436259945404812005e-04
3.953976988494247280e+01 1.427296411211564030e-04
3.957978989494747424e+01 1.418427552232594876e-04
3.961980990495247568e+01 1.409651874991706523e-04
3.965982991495747711e+01 1.400967918775778147e-04
3.969984992496247855e+01 1.392374254684315997e-04
3.973986993496747999e+01 1.383869484713971245e-04
3.977988994497248854e+01 1.375452240876437438e-04
3.981990995497748997e+01 1.367121184348264414e-04
3.985992996498249141e+01 1.358875004651146983e-04
3.989994997498749285e+01 1.350712418861387584e-04
3.993996998499249429e+01 1.342632170847244354e-04
3.997998999499749573e+01 1.334633030532970087e-04
4.002001000500249717e+01 1.326713793188393907e-04
4.006003001500750571e+01 1.318873278742989114e-04
4.010005002501250715e+01 1.311110331123362224e-04
4.014007003501750859e+01 1.303423817613212925e-04
4.018009004502251003e+01 1.295812628234832239e-04
4.022011005502751146e+01 1.288275675151238486e-04
4.026013006503251290e+01 1.280811892088139768e-04
4.030015007503751434e+01 1.273420233774892770e-04
4.034017008504252289e+01 1.266099675403717893e-04
4.038019009504752432e+01 1.258849212106439436e-04
4.042021010505252576e+01 1.251667858448041203e-04
4.046023011505752720e+01 1.244554647936417123e-04
4.050025012506252864e+01 1.237508632547647085e-04
4.054027013506753008e+01 1.230528882266226649e-04
4.058029014507253862e+01 1.223614484639659985e-04
4.062031015507754006e+01 1.216764544346890894e-04
4.066033016508254150e+01 1.209978182780020050e-04
4.070035017508754294e+01 1.203254537638839139e-04
4.074037018509254438e+01 1.196592762537686407e-04
4.078039019509754581e+01 1.189992026624181958e-04
4.082041020510254725e+01 1.183451514209391616e-04
4.086043021510755580e+01 1.176970424409015502e-04
4.090045022511255723e+01 1.170547970795203556e-04
4.094047023511755867e+01 1.164183381058595760e-04
4.098049024512256011e+01 1.157875896680254620e-04
4.102051025512756155e+01 1.151624772613110849e-04
4.106053026513256299e+01 1.145429276972600101e-04
4.110055027513756443e+01 1.139288690736171866e-04
4.114057028514257297e+01 1.133202307451352446e-04
4.118059029514757441e+01 1.127169432952077695e-04
4.122061030515257585e+01 1.121189385082997745e-04
4.126063031515757729e+01 1.115261493431497742e-04
4.130065032516257872e+01 1.109385099067168671e-04
4.134067033516758016e+01 1.103559554288464814e-04
4.138069034517258160e+01 1.097784222376329920e-04
4.142071035517759015e+01 1.092058477354536079e-04
4.146073036518259158e+01 1.086381703756541492e-04
4.150075037518759302e+01 1.080753296398621031e-04
4.154077038519259446e+01 1.075172660159095980e-04
4.158079039519759590e+01 1.069639209763443671e-04
4.162081040520259734e+01 1.064152369575107184e-04
4.166083041520760588e+01 1.058711573391820103e-04
4.170085042521260732e+01 1.053316264247273690e-04
4.174087043521760876e+01 1.047965894217949321e-04
4.178089044522261020e+01 1.042659924234965639e-04
4.182091045522761164e+01 1.037397823900770323e-04
4.186093046523261307e+01 1.032179071310541495e-04
4.190095047523761451e+01 1.027003152878133024e-04
4.194097048524262306e+01 1.021869563166447569e-04
4.198099049524762449e+01 1.016777804722079079e-04
4.202101050525262593e+01 1.011727387914111042e-04
4.206103051525762737e+01 1.006717830776938607e-04
4.210105052526262881e+01 1.001748658856993436e-04
4.214107053526763025e+01 9.968194050632558033e-05
4.218109054527263169e+01 9.919296095214439062e-05
4.222111055527764023e+01 9.870788194317603047e-05
4.226113056528264167e+01 9.822665889301129599e-05
4.230115057528764311e+01 9.774924789526823904e-05
4.234117058529264455e+01 9.727560571037572918e-05
4.238119059529764598e+01 9.680568975267354848e-05
4.242121060530264742e+01 9.633945807782057593e-05
4.246123061530765597e+01 9.587686937050078856e-05
4.250125062531265741e+01 9.541788293242095369e-05
4.254127063531765884e+01 9.496245867058862805e-05
4.258129064532266028e+01 9.451055708586593733e-05
4.262131065532766172e+01 9.406213926178867344e-05
4.266133066533266316e+01 9.361716685364471950e-05
4.270135067533766460e+01 9.317560207780453826e-05
4.274137068534267314e+01 9.273740770129576853e-05
4.278139069534767458e+01 9.230254703161665795e-05
4.282141070535267602e+01 9.187098390678056625e-05
4.286143071535767746e+01 9.144268268558588771e-05
4.290145072536267890e+01 9.101760823810503673e-05
4.294147073536768033e+01 9.059572593638708885e-05
4.298149074537268177e+01 9.017700164536704378e-05
4.302151075537769032e+01 8.976140171397814580e-05
4.306153076538269175e+01 8.934889296646009247e-05
4.310155077538769319e+01 8.893944269385865918e-05
4.314157078539269463e+01 8.853301864571213177e-05
4.318159079539769607e+01 8.812958902191862472e-05
4.322161080540269751e+01 8.772912246478058510e-05
4.326163081540770605e+01 8.733158805122135933e-05
4.330165082541270749e+01 8.693695528516940480e-05
4.334167083541770893e+01 8.654519409010545704e-05
4.338169084542271037e+01 8.615627480176979284e-05
4.342171085542771181e+01 8.577016816102362633e-05
4.346173086543271324e+01 8.538684530686263215e-05
4.350175087543771468e+01 8.500627776957705279e-05
4.354177088544272323e+01 8.462843746405573366e-05
4.358179089544772467e+01 8.425329668323064381e-05
4.362181090545272610e+01 8.388082809165715219e-05
4.366183091545772754e+01 8.351100471922797254e-05
4.370185092546272898e+01 8.314379995501726677e-05
4.374187093546773042e+01 8.277918754125040729e-05
4.378189094547273186e+01 8.241714156739858533e-05
4.382191095547774040e+01 8.205763646439281694e-05
4.386193096548274184e+01 8.170064699895677757e-05
4.390195097548774328e+01 8.134614826805286805e-05
4.394197098549274472e+01 8.099411569344170162e-05
4.398199099549774616e+01 8.064452501635026868e-05
4.402201100550274759e+01 8.029735229224669224e-05
4.406203101550775614e+01 7.995257388571935125e-05
4.410205102551275758e+01 7.961016646545805459e-05
4.414207103551775901e+01 7.927010699933351146e-05
4.418209104552276045e+01 7.893237274957459683e-05
4.422211105552776189e+01 7.859694126804025419e-05
4.426213106553276333e+01 7.826379039158325732e-05
4.430215107553776477e+01 7.793289823750503150e-05
4.434217108554277331e+01 7.760424319909795627e-05
4.438219109554777475e+01 7.727780394127490584e-05
4.442221110555277619e+01 7.695355939628156826e-05
4.446223111555777763e+01 7.663148875949243801e-05
4.450225112556277907e+01 7.631157148528622627e-05
4.454227113556778050e+01 7.599378728300041806e-05
4.458229114557278194e+01 7.567811611296260436e-05
4.462231115557779049e+01 7.536453818259624478e-05
4.466233116558279193e+01 7.505303394260090131e-05
4.470235117558779336e+01 7.474358408320322985e-05
4.474237118559279480e+01 7.443616953047866170e-05
4.478239119559779624e+01 7.413077144274151178e-05
4.482241120560279768e+01 7.382737120700217184e-05
4.486243121560779912e+01 7.352595043548992501e-05
4.490245122561280766e+01 7.322649096223995870e-05
4.494247123561780910e+01 7.292897483974313921e-05
4.498249124562281054e+01 7.263338433565686759e-05
4.502251125562781198e+01 7.233970192957646112e-05
4.506253126563281342e+01 7.204791030986494615e-05
4.510255127563781485e+01 7.175799237054059825e-05
4.514257128564282340e+01 7.146993120822048144e-05
4.518259129564782484e+01 7.118371011911918682e-05
4.522261130565282627e+01 7.089931259610145610e-05
4.526263131565782771e+01 7.061672232578736176e-05
4.530265132566282915e+01 7.033592318570958319e-05
4.534267133566783059e+01 7.005689924152031216e-05
4.538269134567283203e+01 6.977963474424873631e-05
4.542271135567784057e+01 6.950411412760602425e-05
4.546273136568284201e+01 6.923032200533828662e-05
4.550275137568784345e+01 6.895824316862564287e-05
4.554277138569284489e+01 6.868786258352697351e-05
4.558279139569784633e+01 6.841916538846902994e-05
4.562281140570284776e+01 6.815213689177931878e-05
4.566283141570784920e+01 6.788676256926148703e-05
4.570285142571285775e+01 6.762302806181292333e-05
4.574287143571785919e+01 6.736091917308286770e-05
4.578289144572286062e+01 6.710042186717093493e-05
4.582291145572786206e+01 6.684152226636506228e-05
4.586293146573286350e+01 6.658420664891781082e-05
4.590295147573786494e+01 6.632846144686058674e-05
4.594297148574287348e+01 6.607427324385472557e-05
4.598299149574787492e+01 6.582162877307907328e-05
4.602301150575287636e+01 6.557051491515288532e-05
4.606303151575787780e+01 6.532091869609358279e-05
4.610305152576287924e+01 6.507282728530902681e-05
4.614307153576788068e+01 6.482622799362271204e-05
4.618309154577288211e+01 6.458110827133224522e-05
4.622311155577789066e+01 6.433745570629976693e-05
4.626313156578289210e+01 6.409525802207401862e-05
4.630315157578789353e+01 6.385450307604336351e-05
4.634317158579289497e+01 6.361517885761881286e-05
4.638319159579789641e+01 6.337727348644749115e-05
4.642321160580289785e+01 6.314077521065465648e-05
4.646323161580789929e+01 6.290567240511442523e-05
4.650325162581290783e+01 6.267195356974886210e-05
4.654327163581790927e+01 6.243960732785450054e-05
4.658329164582291071e+01 6.220862242445534477e-05
4.662331165582791215e+01 6.197898772468334277e-05
4.666333166583291359e+01 6.175069221218385017e-05
4.670335167583791502e+01 6.152372498754730469e-05
4.674337168584292357e+01 6.129807526676544420e-05
4.678339169584792501e+01 6.107373237971255636e-05
4.682341170585292645e+01 6.085068576865024860e-05
4.686343171585792788e+01 6.062892498675623998e-05
4.690345172586292932e+01 6.040843969667634143e-05
4.694347173586793076e+01 6.018921966909894673e-05
4.698349174587293220e+01 5.997125478135218336e-05
4.702351175587794074e+01 5.975453501602269983e-05
4.706353176588294218e+01 5.953905045959640151e-05
4.710355177588794362e+01 5.932479130111965063e-05
4.714357178589294506e+01 5.911174783088196064e-05
4.718359179589794650e+01 5.889991043911849762e-05
4.722361180590294794e+01 5.868926961473295108e-05
4.726363181590794937e+01 5.847981594403985946e-05
4.730365182591295792e+01 5.827154010952607173e-05
4.734367183591795936e+01 5.806443288863167055e-05
4.738369184592296079e+01 5.785848515254887270e-05
4.742371185592796223e+01 5.765368786503942883e-05
4.746373186593296367e+01 5.745003208127026482e-05
4.750375187593796511e+01 5.724750894666617911e-05
4.754377188594297365e+01 5.704610969578028691e-05
4.758379189594797509e+01 5.684582565118137136e-05
4.762381190595297653e+01 5.664664822235763309e-05
4.766383191595797797e+01 5.644856890463724502e-05
4.770385192596297941e+01 5.625157927812484489e-05
4.774387193596798085e+01 5.605567100665372163e-05
4.778389194597298228e+01 5.586083583675388527e-05
4.782391195597799083e+01 5.566706559663507853e-05
4.786393196598299227e+01 5.547435219518517731e-05
4.790395197598799371e+01 5.528268762098270613e-05
4.794397198599299514e+01 5.509206394132474920e-05
4.798399199599799658e+01 5.490247330126835990e-05
4.802401200600299802e+01 5.471390792268630198e-05
4.806403201600799946e+01 5.452636010333664144e-05
4.810405202601300800e+01 5.433982221594557932e-05
4.814407203601800944e+01 5.415428670730389107e-05
4.818409204602301088e+01 5.396974609737618001e-05
4.822411205602801232e+01 5.378619297842314787e-05
4.826413206603301376e+01 5.360362001413647600e-05
4.830415207603801520e+01 5.342201993878614778e-05
4.834417208604301663e+01 5.324138555637978541e-05
4.838419209604802518e+01 5.306170973983426517e-05
4.842421210605302662e+01 5.288298543015913030e-05
4.846423211605802805e+01 5.270520563565127265e-05
4.850425212606302949e+01 5.252836343110140518e-05
4.854427213606803093e+01 5.235245195701164743e-05
4.858429214607303237e+01 5.217746441882398017e-05
4.862431215607804091e+01 5.200339408615986048e-05
4.866433216608304235e+01 5.183023429207029952e-05
4.870435217608804379e+01 5.165797843229645011e-05
4.874437218609304523e+01 5.148661996454065027e-05
4.878439219609804667e+01 5.131615240774744802e-05
4.882441220610304811e+01 5.114656934139487880e-05
4.886443221610804954e+01 5.097786440479524990e-05
4.890445222611305809e+01 5.081003129640589285e-05
4.894447223611805953e+01 5.064306377314934830e-05
4.898449224612306097e+01 5.047695564974261079e-05
4.902451225612806240e+01 5.031170079803621946e-05
4.906453226613306384e+01 5.014729314636175129e-05
4.910455227613806528e+01 4.998372667888860459e-05
4.914457228614306672e+01 4.982099543498959168e-05
4.918459229614807526e+01 4.965909350861481890e-05
4.922461230615307670e+01 4.949801504767455872e-05
4.926463231615807814e+01 4.933775425342999590e-05
4.930465232616307958e+01 4.917830537989258626e-05
4.934467233616808102e+01 4.901966273323123526e-05
4.938469234617308246e+01 4.886182067118753354e-05
4.942471235617809100e+01 4.870477360249918502e-05
4.946473236618309244e+01 4.854851598633046867e-05
4.950475237618809388e+01 4.839304233171092001e-05
4.954477238619309531e+01 4.823834719698108010e-05
4.958479239619809675e+01 4.808442518924600350e-05
4.962481240620309819e+01 4.793127096383563727e-05
4.966483241620809963e+01 4.777887922377257936e-05
4.970485242621310817e+01 4.762724471924672842e-05
4.974487243621810961e+01 4.747636224709712329e-05
4.978489244622311105e+01 4.732622665030005045e-05
4.982491245622811249e+01 4.717683281746455805e-05
4.986493246623311393e+01 4.702817568233400741e-05
4.990495247623811537e+01 4.688025022329438742e-05
4.994497248624311680e+01 4.673305146288903240e-05
4.998499249624812535e+01 4.658657446733958089e-05
5.002501250625312679e+01 4.644081434607326355e-05
5.006503251625812823e+01 4.629576625125608633e-05
5.010505252626312966e+01 4.615142537733222074e-05
5.014507253626813110e+01 4.600778696056939790e-05
5.018509254627313254e+01 4.586484627860987938e-05
5.022511255627814108e+01 4.572259865002740482e-05
5.026513256628314252e+01 4.558103943388983829e-05
5.030515257628814396e+01 4.544016402932714082e-05
5.034517258629314540e+01 4.529996787510521123e-05
5.038519259629814684e+01 4.516044644920479552e-05
5.042521260630314828e+01 4.502159526840595282e-05
5.046523261630814972e+01 4.488340988787780690e-05
5.050525262631315826e+01 4.474588590077331878e-05
5.054527263631815970e+01 4.460901893782925681e-05
5.058529264632316114e+01 4.447280466697123535e-05
5.062531265632816257e+01 4.433723879292368662e-05
5.066533266633316401e+01 4.420231705682465043e-05
5.070535267633816545e+01 4.406803523584540216e-05
5.074537268634316689e+01 4.393438914281504100e-05
5.078539269634817543e+01 4.380137462584927948e-05
5.082541270635317687e+01 4.366898756798447096e-05
5.086543271635817831e+01 4.353722388681553361e-05
5.090545272636317975e+01 4.340607953413883448e-05
5.094547273636818119e+01 4.327555049559916655e-05
5.098549274637318263e+01 4.314563279034142843e-05
5.102551275637819117e+01 4.301632247066605811e-05
5.106553276638319261e+01 4.288761562168931859e-05
5.110555277638819405e+01 4.275950836100720872e-05
5.114557278639319549e+01 4.263199683836372444e-05
5.118559279639819692e+01 4.250507723532321967e-05
5.122561280640319836e+01 4.237874576494663647e-05
5.126563281640819980e+01 4.225299867147164500e-05
5.130565282641320835e+01 4.212783222999675448e-05
5.134567283641820978e+01 4.200324274616923918e-05
5.138569284642321122e+01 4.187922655587675736e-05
5.142571285642821266e+01 4.175578002494264988e-05
5.146573286643321410e+01 4.163289954882504017e-05
5.150575287643821554e+01 4.151058155231955956e-05
5.154577288644321698e+01 4.138882248926535910e-05
5.158579289644822552e+01 4.126761884225495669e-05
5.162581290645322696e+01 4.114696712234735724e-05
5.166583291645822840e+01 4.102686386878459472e-05
5.170585292646322984e+01 4.090730564871178447e-05
5.174587293646823127e+01 4.078828905690027207e-05
5.178589294647323271e+01 4.066981071547422477e-05
5.182591295647823415e+01 4.055186727364047531e-05
5.186593296648324269e+01 4.043445540742119163e-05
5.190595297648824413e+01 4.031757181939039534e-05
5.194597298649324557e+01 4.020121323841279105e-05
5.198599299649824701e+01 4.008537641938616662e-05
5.202601300650324845e+01 3.997005814298651763e-05
5.206603301650824989e+01 3.985525521541648534e-05
5.210605302651325843e+01 3.974096446815628158e-05
5.214607303651825987e+01 3.962718275771794752e-05
5.218609304652326131e+01 3.951390696540203843e-05
5.222611305652826275e+01 3.940113399705751351e-05
5.226613306653326418e+01 3.928886078284408556e-05
5.230615307653826562e+01 3.917708427699755221e-05
5.234617308654326706e+01 3.906580145759769535e-05
5.238619309654827561e+01 3.895500932633881645e-05
5.242621310655327704e+01 3.884470490830307064e-05
5.246623311655827848e+01 3.873488525173615876e-05
5.250625312656327992e+01 3.862554742782578422e-05
5.254627313656828136e+01 3.851668853048259675e-05
5.258629314657328280e+01 3.840830567612343323e-05
5.262631315657828424e+01 3.830039600345735046e-05
5.266633316658329278e+01 3.819295667327377876e-05
5.270635317658829422e+01 3.808598486823329133e-05
5.274637318659329566e+01 3.797947779266060971e-05
5.278639319659829710e+01 3.787343267233992674e-05
5.282641320660329853e+01 3.776784675431270284e-05
5.286643321660829997e+01 3.766271730667744778e-05
5.290645322661330852e+01 3.755804161839212480e-05
5.294647323661830995e+01 3.745381699907833695e-05
5.298649324662331139e+01 3.735004077882802062e-05
5.302651325662831283e+01 3.724671030801223967e-05
5.306653326663331427e+01 3.714382295709189733e-05
5.310655327663831571e+01 3.704137611643085361e-05
5.314657328664331715e+01 3.693936719611091974e-05
5.318659329664832569e+01 3.683779362574889229e-05
5.322661330665332713e+01 3.673665285431579634e-05
5.326663331665832857e+01 3.663594234995778883e-05
5.330665332666333001e+01 3.653565959981939972e-05
5.334667333666833144e+01 3.643580210986849434e-05
5.338669334667333288e+01 3.633636740472316693e-05
5.342671335667833432e+01 3.623735302748058582e-05
5.346673336668334287e+01 3.613875653954772910e-05
5.350675337668834430e+01 3.604057552047386864e-05
5.354677338669334574e+01 3.594280756778497172e-05
5.358679339669834718e+01 3.584545029681984426e-05
5.362681340670334862e+01 3.574850134056809675e-05
5.366683341670835006e+01 3.565195834950975689e-05
5.370685342671335860e+01 3.555581899145683378e-05
5.374687343671836004e+01 3.546008095139631866e-05
5.378689344672336148e+01 3.536474193133511010e-05
5.382691345672836292e+01 3.526979965014647068e-05
5.386693346673336436e+01 3.517525184341809637e-05
5.390695347673836579e+01 3.508109626330200870e-05
5.394697348674336723e+01 3.498733067836587684e-05
5.398699349674837578e+01 3.489395287344593195e-05
5.402701350675337721e+01 3.480096064950155538e-05
5.406703351675837865e+01 3.470835182347132371e-05
5.410705352676338009e+01 3.461612422813059879e-05
5.414707353676838153e+01 3.452427571195066281e-05
5.418709354677338297e+01 3.443280413895930339e-05
5.422711355677838441e+01 3.434170738860289635e-05
5.426713356678339295e+01 3.425098335560991140e-05
5.430715357678839439e+01 3.416062994985594252e-05
5.434717358679339583e+01 3.407064509622997162e-05
5.438719359679839727e+01 3.398102673450223145e-05
5.442721360680339870e+01 3.389177281919337619e-05
5.446723361680840014e+01 3.380288131944504134e-05
5.450725362681340869e+01 3.371435021889162322e-05
5.454727363681841013e+01 3.362617751553358998e-05
5.458729364682341156e+01 3.353836122161199193e-05
5.462731365682841300e+01 3.345089936348432719e-05
5.466733366683341444e+01 3.336378998150163385e-05
5.470735367683841588e+01 3.327703112988689664e-05
5.474737368684341732e+01 3.319062087661475474e-05
5.478739369684842586e+01 3.310455730329228696e-05
5.482741370685342730e+01 3.301883850504128772e-05
5.486743371685842874e+01 3.293346259038143069e-05
5.490745372686343018e+01 3.284842768111492328e-05
5.494747373686843162e+01 3.276373191221217069e-05
5.498749374687343305e+01 3.267937343169868012e-05
5.502751375687843449e+01 3.259535040054306940e-05
5.506753376688344304e+01 3.251166099254622772e-05
5.510755377688844447e+01 3.242830339423171629e-05
5.514757378689344591e+01 3.234527580473706355e-05
5.518759379689844735e+01 3.226257643570640878e-05
5.522761380690344879e+01 3.218020351118392510e-05
5.526763381690845023e+01 3.209815526750871956e-05
5.530765382691345167e+01 3.201642995321045160e-05
5.534767383691846021e+01 3.193502582890611700e-05
5.538769384692346165e+01 3.185394116719801768e-05
5.542771385692846309e+01 3.177317425257243622e-05
5.546773386693346453e+01 3.169272338129959792e-05
5.550775387693846596e+01 3.161258686133456110e-05
5.554777388694346740e+01 3.153276301221910366e-05
5.558779389694847595e+01 3.145325016498445652e-05
5.562781390695347739e+01 3.137404666205525014e-05
5.566783391695847882e+01 3.129515085715418599e-05
5.570785392696348026e+01 3.121656111520781267e-05
5.574787393696848170e+01 3.113827581225312184e-05
5.578789394697348314e+01 3.106029333534511999e-05
5.582791395697848458e+01 3.098261208246540314e-05
5.586793396698349312e+01 3.090523046243135482e-05
5.590795397698849456e+01 3.082814689480672661e-05
5.594797398699349600e+01 3.075135980981248273e-05
5.598799399699849744e+01 3.067486764823900683e-05
5.602801400700349888e+01 3.059866886135897279e-05
5.606803401700850031e+01 3.052276191084105577e-05
5.610805402701350175e+01 3.044714526866456483e-05
5.614807403701851030e+01 3.037181741703484129e-05
5.618809404702351173e+01 3.029677684829951769e-05
5.622811405702851317e+01 3.022202206486561353e-05
5.626813406703351461e+01 3.014755157911726811e-05
5.630815407703851605e+01 3.007336391333457440e-05
5.634817408704351749e+01 2.999945759961290427e-05
5.638819409704852603e+01 2.992583117978319247e-05
5.642821410705352747e+01 2.985248320533296612e-05
5.646823411705852891e+01 2.977941223732800090e-05
5.650825412706353035e+01 2.970661684633488868e-05
5.654827413706853179e+01 2.963409561234434041e-05
5.658829414707353322e+01 2.956184712469506833e-05
5.662831415707853466e+01 2.948986998199860333e-05
5.666833416708354321e+01 2.941816279206465102e-05
5.670835417708854465e+01 2.934672417182735243e-05
5.674837418709354608e+01 2.927555274727196822e-05
5.678839419709854752e+01 2.920464715336257598e-05
5.682841420710354896e+01 2.913400603397024177e-05
5.686843421710855040e+01 2.906362804180193040e-05
5.690845422711355184e+01 2.899351183833012374e-05
5.694847423711856038e+01 2.892365609372302523e-05
5.698849424712356182e+01 2.885405948677556730e-05
5.702851425712856326e+01 2.878472070484087631e-05
5.706853426713356470e+01 2.871563844376255389e-05
5.710855427713856614e+01 2.864681140780741582e-05
5.714857428714356757e+01 2.857823830959912523e-05
5.718859429714857612e+01 2.850991787005214103e-05
5.722861430715357756e+01 2.844184881830657765e-05
5.726863431715857899e+01 2.837402989166336979e-05
5.730865432716358043e+01 2.830645983552032476e-05
5.734867433716858187e+01 2.823913740330861202e-05
5.738869434717358331e+01 2.817206135642985230e-05
5.742871435717858475e+01 2.810523046419381664e-05
5.746873436718359329e+01 2.803864350375674886e-05
5.750875437718859473e+01 2.797229926006021314e-05
5.754877438719359617e+01 2.790619652577040584e-05
5.758879439719859761e+01 2.784033410121825668e-05
5.762881440720359905e+01 2.777471079433988234e-05
5.766883441720860048e+01 2.770932542061764993e-05
5.770885442721360192e+01 2.764417680302185025e-05
5.774887443721861047e+01 2.757926377195277096e-05
5.778889444722361191e+01 2.751458516518346420e-05
5.782891445722861334e+01 2.745013982780286667e-05
5.786893446723361478e+01 2.738592661215955327e-05
5.790895447723861622e+01 2.732194437780601583e-05
5.794897448724361766e+01 2.725819199144329769e-05
5.798899449724862620e+01 2.719466832686638378e-05
5.802901450725362764e+01 2.713137226490982111e-05
5.806903451725862908e+01 2.706830269339401010e-05
5.810905452726363052e+01 2.700545850707192959e-05
5.814907453726863196e+01 2.694283860757630571e-05
5.818909454727363340e+01 2.688044190336732285e-05
5.822911455727863483e+01 2.681826730968078182e-05
5.826913456728364338e+01 2.675631374847666806e-05
5.830915457728864482e+01 2.669458014838831946e-05
5.834917458729364625e+01 2.663306544467186190e-05
5.838919459729864769e+01 2.657176857915624445e-05
5.842921460730364913e+01 2.651068850019370492e-05
5.846923461730865057e+01 2.644982416261065208e-05
5.850925462731365201e+01 2.638917452765885625e-05
5.854927463731866055e+01 2.632873856296740896e-05
5.858929464732366199e+01 2.626851524249471993e-05
5.862931465732866343e+01 2.620850354648124583e-05
5.866933466733366487e+01 2.614870246140243930e-05
5.870935467733866631e+01 2.608911097992226379e-05
5.874937468734366774e+01 2.602972810084694218e-05
5.878939469734866918e+01 2.597055282907934570e-05
5.882941470735367773e+01 2.591158417557355915e-05
5.886943471735867917e+01 2.585282115729002199e-05
5.890945472736368060e+01 2.579426279715092362e-05
5.894947473736868204e+01 2.573590812399611019e-05
5.898949474737368348e+01 2.567775617253926932e-05
5.902951475737868492e+01 2.561980598332460601e-05
5.906953476738369346e+01 2.556205660268381005e-05
5.910955477738869490e+01 2.550450708269346714e-05
5.914957478739369634e+01 2.544715648113276825e-05
5.918959479739869778e+01 2.539000386144165265e-05
5.922961480740369922e+01 2.533304829267926940e-05
5.926963481740870066e+01 2.527628884948286239e-05
5.930965482741370209e+01 2.521972461202693654e-05
5.934967483741871064e+01 2.516335466598280355e-05
5.938969484742371208e+01 2.510717810247851042e-05
5.942971485742871351e+01 2.505119401805907300e-05
5.946973486743371495e+01 2.499540151464710585e-05
5.950975487743871639e+01 2.493979969950366562e-05
5.954977488744371783e+01 2.488438768518961959e-05
5.958979489744871927e+01 2.482916458952720389e-05
5.962981490745372781e+01 2.477412953556193075e-05
5.966983491745872925e+01 2.471928165152489218e-05
5.970985492746373069e+01 2.466462007079532105e-05
5.974987493746873213e+01 2.461014393186347415e-05
5.978989494747373357e+01 2.455585237829385401e-05
5.982991495747873500e+01 2.450174455868877292e-05
5.986993496748374355e+01 2.444781962665211350e-05
5.990995497748874499e+01 2.439407674075362453e-05
5.994997498749374643e+01 2.434051506449317281e-05
5.998999499749874786e+01 2.428713376626569288e-05
6.003001500750374930e+01 2.423393201932606911e-05
6.007003501750875074e+01 2.418090900175461736e-05
6.011005502751375218e+01 2.412806389642262092e-05
6.015007503751876072e+01 2.407539589095833058e-05
6.019009504752376216e+01 2.402290417771316131e-05
6.023011505752876360e+01 2.397058795372819371e-05
6.027013506753376504e+01 2.391844642070092974e-05
6.031015507753876648e+01 2.386647878495235325e-05
6.035017508754376792e+01 2.381468425739431585e-05
6.039019509754876935e+01 2.376306205349711925e-05
6.043021510755377790e+01 2.371161139325735513e-05
6.047023511755877934e+01 2.366033150116610750e-05
6.051025512756378077e+01 2.360922160617734823e-05
6.055027513756878221e+01 2.355828094167660021e-05
6.059029514757378365e+01 2.350750874544986819e-05
6.063031515757878509e+01 2.345690425965288127e-05
6.067033516758379363e+01 2.340646673078043379e-05
6.071035517758879507e+01 2.335619540963627152e-05
6.075037518759379651e+01 2.330608955130283571e-05
6.079039519759879795e+01 2.325614841511157961e-05
6.083041520760379939e+01 2.320637126461338337e-05
6.087043521760880083e+01 2.315675736754929068e-05
6.091045522761380226e+01 2.310730599582136411e-05
6.095047523761881081e+01 2.305801642546387919e-05
6.099049524762381225e+01 2.300888793661477939e-05
6.103051525762881369e+01 2.295991981348725311e-05
6.107053526763381512e+01 2.291111134434158846e-05
6.111055527763881656e+01 2.286246182145738377e-05
6.115057528764381800e+01 2.281397054110572092e-05
6.119059529764881944e+01 2.276563680352185697e-05
6.123061530765382798e+01 2.271745991287793274e-05
6.127063531765882942e+01 2.266943917725595926e-05
6.131065532766383086e+01 2.262157390862110573e-05
6.135067533766883230e+01 2.257386342279502816e-05
6.139069534767383374e+01 2.252630703942961132e-05
6.143071535767883518e+01 2.247890408198081240e-05
6.147073536768384372e+01 2.243165387768264690e-05
6.151075537768884516e+01 2.238455575752162181e-05
6.155077538769384660e+01 2.233760905621112470e-05
6.159079539769884803e+01 2.229081311216609407e-05
6.163081540770384947e+01 2.224416726747803526e-05
6.167083541770885091e+01 2.219767086789000248e-05
6.171085542771385235e+01 2.215132326277191965e-05
6.175087543771886089e+01 2.210512380509614181e-05
6.179089544772386233e+01 2.205907185141309788e-05
6.183091545772886377e+01 2.201316676182718402e-05
6.187093546773386521e+01 2.196740789997280623e-05
6.191095547773886665e+01 2.192179463299072438e-05
6.195097548774386809e+01 2.187632633150445385e-05
6.199099549774886952e+01 2.183100236959694846e-05
6.203101550775387807e+01 2.178582212478735107e-05
6.207103551775887951e+01 2.174078497800813385e-05
6.211105552776388095e+01 2.169589031358218098e-05
6.215107553776888238e+01 2.165113751920022032e-05
6.219109554777388382e+01 2.160652598589834987e-05
6.223111555777888526e+01 2.156205510803581847e-05
6.227113556778388670e+01 2.151772428327281315e-05
6.231115557778889524e+01 2.147353291254872092e-05
6.235117558779389668e+01 2.142948040006024482e-05
6.239119559779889812e+01 2.138556615323983505e-05
6.243121560780389956e+01 2.134178958273432681e-05
6.247123561780890100e+01 2.129815010238369333e-05
6.251125562781390244e+01 2.125464712919993444e-05
6.255127563781891098e+01 2.121128008334621578e-05
6.259129564782391242e+01 2.116804838811608608e-05
6.263131565782891386e+01 2.112495146991288743e-05
6.267133566783391529e+01 2.108198875822936552e-05
6.271135567783891673e+01 2.103915968562734761e-05
6.275137568784391817e+01 2.099646368771769159e-05
6.279139569784891961e+01 2.095390020314029261e-05
6.283141570785392815e+01 2.091146867354428621e-05
6.287143571785892959e+01 2.086916854356842766e-05
6.291145572786393103e+01 2.082699926082159664e-05
6.295147573786893247e+01 2.078496027586336294e-05
6.299149574787393391e+01 2.074305104218493836e-05
6.303151575787893535e+01 2.070127101619001681e-05
6.307153576788393678e+01 2.065961965717589909e-05
6.311155577788894533e+01 2.061809642731473951e-05
6.315157578789394677e+01 2.057670079163497896e-05
6.319159579789894821e+01 2.053543221800279152e-05
6.323161580790394964e+01 2.049429017710381899e-05
6.327163581790895108e+01 2.045327414242493263e-05
6.331165582791395252e+01 2.041238359023621164e-05
6.335167583791896107e+01 2.037161799957303354e-05
6.339169584792396250e+01 2.033097685221830678e-05
6.343171585792896394e+01 2.029045963268477114e-05
6.347173586793396538e+01 2.025006582819752175e-05
6.351175587793896682e+01 2.020979492867668219e-05
6.355177588794396826e+01 2.016964642672010468e-05
6.359179589794896970e+01 2.012961981758624308e-05
6.363181590795397824e+01 2.008971459917720207e-05
6.367183591795897968e+01 2.004993027202190152e-05
6.371185592796398112e+01 2.001026633925929844e-05
6.375187593796898256e+01 1.997072230662177839e-05
6.379189594797398399e+01 1.993129768241873998e-05
6.383191595797898543e+01 1.989199197752020306e-05
6.387193596798398687e+01 1.985280470534055586e-05
6.391195597798899541e+01 1.981373538182244786e-05
6.395197598799399685e+01 1.977478352542086549e-05
6.399199599799899829e+01 1.973594865708717410e-05
6.403201600800400684e+01 1.969723030025341391e-05
6.407203601800900117e+01 1.965862798081667061e-05
6.411205602801400971e+01 1.962014122712348992e-05
6.415207603801900405e+01 1.958176956995461070e-05
6.419209604802401259e+01 1.954351254250952179e-05
6.423211605802900692e+01 1.950536968039138488e-05
6.427213606803401547e+01 1.946734052159194037e-05
6.431215607803902401e+01 1.942942460647656229e-05
6.435217608804401834e+01 1.939162147776942848e-05
6.439219609804902689e+01 1.935393068053874155e-05
6.443221610805402122e+01 1.931635176218221073e-05
6.447223611805902976e+01 1.927888427241237788e-05
6.451225612806402410e+01 1.924152776324239070e-05
6.455227613806903264e+01 1.920428178897153545e-05
6.459229614807404118e+01 1.916714590617118633e-05
6.463231615807903552e+01 1.913011967367060924e-05
6.467233616808404406e+01 1.909320265254299925e-05
6.471235617808903839e+01 1.905639440609162993e-05
6.475237618809404694e+01 1.901969449983600610e-05
6.479239619809904127e+01 1.898310250149826380e-05
6.483241620810404982e+01 1.894661798098945857e-05
6.487243621810905836e+01 1.891024051039625007e-05
6.491245622811405269e+01 1.887396966396734615e-05
6.495247623811906124e+01 1.883780501810029936e-05
6.499249624812405557e+01 1.880174615132834738e-05
6.503251625812906411e+01 1.876579264430720950e-05
6.507253626813405845e+01 1.872994407980218122e-05
6.511255627813906699e+01 1.869420004267515433e-05
6.515257628814407553e+01 1.865856011987186396e-05
6.519259629814906987e+01 1.862302390040913229e-05
6.523261630815407841e+01 1.858759097536216980e-05
6.527263631815907274e+01 1.855226093785221201e-05
6.531265632816408129e+01 1.851703338303387156e-05
6.535267633816907562e+01 1.848190790808290707e-05
6.539269634817408416e+01 1.844688411218390388e-05
6.543271635817909271e+01 1.841196159651807679e-05
6.547273636818408704e+01 1.837713996425121505e-05
6.551275637818909559e+01 1.834241882052163762e-05
6.555277638819408992e+01 1.830779777242829060e-05
6.559279639819909846e+01 1.827327642901884137e-05
6.563281640820410701e+01 1.823885440127804710e-05
6.567283641820910134e+01 1.820453130211599797e-05
6.571285642821410988e+01 1.817030674635650942e-05
6.575287643821910422e+01 1.813618035072569397e-05
6.579289644822411276e+01 1.810215173384045512e-05
6.583291645822910709e+01 1.806822051619724894e-05
6.587293646823411564e+01 1.803438632016066267e-05
6.591295647823912418e+01 1.800064876995241005e-05
6.595297648824411851e+01 1.796700749164009290e-05
6.599299649824912706e+01 1.793346211312623714e-05
6.603301650825412139e+01 1.790001226413733893e-05
6.607303651825912993e+01 1.786665757621297185e-05
6.611305652826412427e+01 1.783339768269502279e-05
6.615307653826913281e+01 1.780023221871693465e-05
6.619309654827414136e+01 1.776716082119309469e-05
6.623311655827913569e+01 1.773418312880829068e-05
6.627313656828414423e+01 1.770129878200713653e-05
6.631315657828913857e+01 1.766850742298372494e-05
6.635317658829414711e+01 1.763580869567121567e-05
6.639319659829914144e+01 1.760320224573165082e-05
6.643321660830414999e+01 1.757068772054561765e-05
6.647323661830915853e+01 1.753826476920227725e-05
6.651325662831415286e+01 1.750593304248917315e-05
6.655327663831916141e+01 1.747369219288226670e-05
6.659329664832415574e+01 1.744154187453605059e-05
6.663331665832916428e+01 1.740948174327366224e-05
6.667333666833415862e+01 1.737751145657713279e-05
6.671335667833916716e+01 1.734563067357758180e-05
6.675337668834417570e+01 1.731383905504570679e-05
6.679339669834917004e+01 1.728213626338205932e-05
6.683341670835417858e+01 1.725052196260759208e-05
6.687343671835917291e+01 1.721899581835424663e-05
6.691345672836418146e+01 1.718755749785544638e-05
6.695347673836917579e+01 1.715620666993689436e-05
6.699349674837418434e+01 1.712494300500725248e-05
6.703351675837919288e+01 1.709376617504895971e-05
6.707353676838418721e+01 1.706267585360910107e-05
6.711355677838919576e+01 1.703167171579030706e-05
6.715357678839419009e+01 1.700075343824179890e-05
6.719359679839919863e+01 1.696992069915042347e-05
6.723361680840420718e+01 1.693917317823172901e-05
6.727363681840920151e+01 1.690851055672119323e-05
6.731365682841421005e+01 1.687793251736541416e-05
6.735367683841920439e+01 1.684743874441347044e-05
6.739369684842421293e+01 1.681702892360817991e-05
6.743371685842920726e+01 1.678670274217760559e-05
6.747373686843421581e+01 1.675645988882643964e-05
6.751375687843922435e+01 1.672630005372761775e-05
6.755377688844421868e+01 1.669622292851386913e-05
6.759379689844922723e+01 1.666622820626931055e-05
6.763381690845422156e+01 1.663631558152124030e-05
6.767383691845923011e+01 1.660648475023180338e-05
6.771385692846422444e+01 1.657673540978988030e-05
6.775387693846923298e+01 1.654706725900288104e-05
6.779389694847424153e+01 1.651747999808872533e-05
6.783391695847923586e+01 1.648797332866779587e-05
6.787393696848424440e+01 1.645854695375493211e-05
6.791395697848923874e+01 1.642920057775158001e-05
6.795397698849424728e+01 1.639993390643787057e-05
6.799399699849924161e+01 1.637074664696486437e-05
6.803401700850425016e+01 1.634163850784670132e-05
6.807403701850925870e+01 1.631260919895299085e-05
6.811405702851425303e+01 1.628365843150113447e-05
6.815407703851926158e+01 1.625478591804861434e-05
6.819409704852425591e+01 1.622599137248563087e-05
6.823411705852926445e+01 1.619727451002741166e-05
6.827413706853425879e+01 1.616863504720686943e-05
6.831415707853926733e+01 1.614007270186715488e-05
6.835417708854427588e+01 1.611158719315431125e-05
6.839419709854927021e+01 1.608317824150997289e-05
6.843421710855427875e+01 1.605484556866409090e-05
6.847423711855927309e+01 1.602658889762772327e-05
6.851425712856428163e+01 1.599840795268588244e-05
6.855427713856927596e+01 1.597030245939042028e-05
6.859429714857428451e+01 1.594227214455294013e-05
6.863431715857929305e+01 1.591431673623779346e-05
6.867433716858428738e+01 1.588643596375509702e-05
6.871435717858929593e+01 1.585862955765380064e-05
6.875437718859429026e+01 1.583089724971480263e-05
6.879439719859929880e+01 1.580323877294408195e-05
6.883441720860429314e+01 1.577565386156598638e-05
6.887443721860930168e+01 1.574814225101637494e-05
6.891445722861431022e+01 1.572070367793598728e-05
6.895447723861930456e+01 1.569333788016373182e-05
6.899449724862431310e+01 1.566604459673010598e-05
6.903451725862930743e+01 1.563882356785059952e-05
6.907453726863431598e+01 1.561167453491916216e-05
6.911455727863932452e+01 1.558459724050170522e-05
6.915457728864431886e+01 1.555759142832968784e-05
6.919459729864932740e+01 1.553065684329363208e-05
6.923461730865432173e+01 1.550379323143686171e-05
6.927463731865933028e+01 1.547700033994909519e-05
6.931465732866432461e+01 1.545027791716020819e-05
6.935467733866933315e+01 1.542362571253393157e-05
6.939469734867434170e+01 1.539704347666175283e-05
6.943471735867933603e+01 1.537053096125663788e-05
6.947473736868434457e+01 1.534408791914698995e-05
6.951475737868933891e+01 1.531771410427054425e-05
6.955477738869434745e+01 1.529140927166826929e-05
6.959479739869934178e+01 1.526517317747847830e-05
6.963481740870435033e+01 1.523900557893072047e-05
6.967483741870935887e+01 1.521290623433998889e-05
6.971485742871435320e+01 1.518687490310073206e-05
6.975487743871936175e+01 1.516091134568102798e-05
6.979489744872435608e+01 1.513501532361680572e-05
6.983491745872936463e+01 1.510918659950598561e-05
6.987493746873435896e+01 1.508342493700285155e-05
6.991495747873936750e+01 1.505773010081221331e-05
6.995497748874437605e+01 1.503210185668386348e-05
6.999499749874937038e+01 1.500653997140686684e-05
7.003501750875437892e+01 1.498104421280397666e-05
7.007503751875937326e+01 1.495561434972609683e-05
7.011505752876438180e+01 1.493025015204671686e-05
7.015507753876937613e+01 1.490495139065647221e-05
7.019509754877438468e+01 1.487971783745763690e-05
7.023511755877939322e+01 1.485454926535873129e-05
7.027513756878438755e+01 1.482944544826915018e-05
7.031515757878939610e+01 1.480440616109373339e-05
7.035517758879439043e+01 1.477943117972757168e-05
7.039519759879939897e+01 1.475452028105058409e-05
7.043521760880439331e+01 1.472967324292236626e-05
7.047523761880940185e+01 1.470488984417690497e-05
7.051525762881441040e+01 1.468016986461745527e-05
7.055527763881940473e+01 1.465551308501132784e-05
7.059529764882441327e+01 1.463091928708477799e-05
7.063531765882940761e+01 1.460638825351795057e-05
7.067533766883441615e+01 1.458191976793977915e-05
7.071535767883942469e+01 1.455751361492297496e-05
7.075537768884441903e+01 1.453316957997905988e-05
7.079539769884942757e+01 1.450888744955333678e-05
7.083541770885442190e+01 1.448466701102004448e-05
7.087543771885943045e+01 1.446050805267734161e-05
7.091545772886442478e+01 1.443641036374254971e-05
7.095547773886943332e+01 1.441237373434724208e-05
7.099549774887444187e+01 1.438839795553245302e-05
7.103551775887943620e+01 1.436448281924389202e-05
7.107553776888444474e+01 1.434062811832718691e-05
7.111555777888943908e+01 1.431683364652318616e-05
7.115557778889444762e+01 1.429309919846321548e-05
7.119559779889944195e+01 1.426942456966447341e-05
7.123561780890445050e+01 1.424580955652533363e-05
7.127563781890945904e+01 1.422225395632079639e-05
7.131565782891445338e+01 1.419875756719787222e-05
7.135567783891946192e+01 1.417532018817104857e-05
7.139569784892445625e+01 1.415194161911775142e-05
7.143571785892946480e+01 1.412862166077384584e-05
7.147573786893445913e+01 1.410536011472921789e-05
7.151575787893946767e+01 1.408215678342326498e-05
7.155577788894447622e+01 1.405901147014052857e-05
7.159579789894947055e+01 1.403592397900630489e-05
7.163581790895447909e+01 1.401289411498225895e-05
7.167583791895947343e+01 1.398992168386213520e-05
7.171585792896448197e+01 1.396700649226740206e-05
7.175587793896947630e+01 1.394414834764301170e-05
7.179589794897448485e+01 1.392134705825312589e-05
7.183591795897949339e+01 1.389860243317690288e-05
7.187593796898448772e+01 1.387591428230428931e-05
7.191595797898949627e+01 1.385328241633182235e-05
7.195597798899449060e+01 1.383070664675851648e-05
7.199599799899949915e+01 1.380818678588170287e-05
7.203601800900449348e+01 1.378572264679297211e-05
7.207603801900950202e+01 1.376331404337403897e-05
7.211605802901451057e+01 1.374096079029274103e-05
7.215607803901950490e+01 1.371866270299899834e-05
7.219609804902451344e+01 1.369641959772077983e-05
7.223611805902950778e+01 1.367423129146017986e-05
7.227613806903451632e+01 1.365209760198941008e-05
7.231615807903951065e+01 1.363001834784692167e-05
7.235617808904451920e+01 1.360799334833342774e-05
7.239619809904952774e+01 1.358602242350810007e-05
7.243621810905452207e+01 1.356410539418465927e-05
7.247623811905953062e+01 1.354224208192753092e-05
7.251625812906452495e+01 1.352043230904808136e-05
7.255627813906953349e+01 1.349867589860075182e-05
7.259629814907454204e+01 1.347697267437936369e-05
7.263631815907953637e+01 1.345532246091333053e-05
7.267633816908454492e+01 1.343372508346393800e-05
7.271635817908953925e+01 1.341218036802066086e-05
7.275637818909454779e+01 1.339068814129745811e-05
7.279639819909954213e+01 1.336924823072913579e-05
7.283641820910455067e+01 1.334786046446768107e-05
7.287643821910955921e+01 1.332652467137870635e-05
7.291645822911455355e+01 1.330524068103778844e-05
7.295647823911956209e+01 1.328400832372694656e-05
7.299649824912455642e+01 1.326282743043106615e-05
7.303651825912956497e+01 1.324169783283437019e-05
7.307653826913455930e+01 1.322061936331693107e-05
7.311655827913956784e+01 1.319959185495115204e-05
7.315657828914457639e+01 1.317861514149833160e-05
7.319659829914957072e+01 1.315768905740520430e-05
7.323661830915457926e+01 1.313681343780048307e-05
7.327663831915957360e+01 1.311598811849152535e-05
7.331665832916458214e+01 1.309521293596086530e-05
7.335667833916957647e+01 1.307448772736290871e-05
7.339669834917458502e+01 1.305381233052055162e-05
7.343671835917959356e+01 1.303318658392185151e-05
7.347673836918458790e+01 1.301261032671677973e-05
7.351675837918959644e+01 1.299208339871383511e-05
7.355677838919459077e+01 1.297160564037685401e-05
7.359679839919959932e+01 1.295117689282171705e-05
7.363681840920459365e+01 1.293079699781316428e-05
7.367683841920960219e+01 1.291046579776151037e-05
7.371685842921461074e+01 1.289018313571952587e-05
7.375687843921960507e+01 1.286994885537923538e-05
7.379689844922461361e+01 1.284976280106872935e-05
7.383691845922960795e+01 1.282962481774908087e-05
7.387693846923461649e+01 1.280953475101117606e-05
7.391695847923961082e+01 1.278949244707265630e-05
7.395697848924461937e+01 1.276949775277479775e-05
7.399699849924962791e+01 1.274955051557948069e-05
7.403701850925462224e+01 1.272965058356611474e-05
7.407703851925963079e+01 1.270979780542860654e-05
7.411705852926462512e+01 1.268999203047238661e-05
7.415707853926963367e+01 1.267023310861133637e-05
7.419709854927464221e+01 1.265052089036490647e-05
7.423711855927963654e+01 1.263085522685509634e-05
7.427713856928464509e+01 1.261123596980349968e-05
7.431715857928963942e+01 1.259166297152842967e-05
7.435717858929464796e+01 1.257213608494195602e-05
7.439719859929964230e+01 1.255265516354705728e-05
7.443721860930465084e+01 1.253322006143469175e-05
7.447723861930965938e+01 1.251383063328099725e-05
7.451725862931465372e+01 1.249448673434441114e-05
7.455727863931966226e+01 1.247518822046282605e-05
7.459729864932465659e+01 1.245593494805081665e-05
7.463731865932966514e+01 1.243672677409683938e-05
7.467733866933465947e+01 1.241756355616043213e-05
7.471735867933966802e+01 1.239844515236943601e-05
7.475737868934467656e+01 1.237937142141731534e-05
7.479739869934967089e+01 1.236034222256036238e-05
7.483741870935467944e+01 1.234135741561498691e-05
7.487743871935967377e+01 1.232241686095505138e-05
7.491745872936468231e+01 1.230352041950914185e-05
7.495747873936967665e+01 1.228466795275793534e-05
7.499749874937468519e+01 1.226585932273150632e-05
7.503751875937969373e+01 1.224709439200672121e-05
7.507753876938468807e+01 1.222837302370460581e-05
7.511755877938969661e+01 1.220969508148769914e-05
7.515757878939469094e+01 1.219106042955750901e-05
7.519759879939969949e+01 1.217246893265187601e-05
7.523761880940469382e+01 1.215392045604248833e-05
7.527763881940970236e+01 1.213541486553221867e-05
7.531765882941471091e+01 1.211695202745269499e-05
7.535767883941970524e+01 1.209853180866170177e-05
7.539769884942471379e+01 1.208015407654069484e-05
7.543771885942970812e+01 1.206181869899231957e-05
7.547773886943471666e+01 1.204352554443790702e-05
7.551775887943971100e+01 1.202527448181502606e-05
7.555777888944471954e+01 1.200706538057500152e-05
7.559779889944972808e+01 1.198889811068052218e-05
7.563781890945472242e+01 1.197077254260317083e-05
7.567783891945973096e+01 1.195268854732100176e-05
7.571785892946472529e+01 1.193464599631620972e-05
7.575787893946973384e+01 1.191664476157265655e-05
7.579789894947472817e+01 1.189868471557358089e-05
7.583791895947973671e+01 1.188076573129916369e-05
7.587793896948474526e+01 1.186288768222424473e-05
7.591795897948973959e+01 1.184505044231595081e-05
7.595797898949474813e+01 1.182725388603137499e-05
7.599799899949974247e+01 1.180949788831530307e-05
7.603801900950475101e+01 1.179178232459787922e-05
7.607803901950975956e+01 1.177410707079234943e-05
7.611805902951475389e+01 1.175647200329278646e-05
7.615807903951976243e+01 1.173887699897182478e-05
7.619809904952475677e+01 1.172132193517842618e-05
7.623811905952976531e+01 1.170380668973562322e-05
7.627813906953475964e+01 1.168633114093836270e-05
7.631815907953976819e+01 1.166889516755121022e-05
7.635817908954477673e+01 1.165149864880622917e-05
7.639819909954977106e+01 1.163414146440076155e-05
7.643821910955477961e+01 1.161682349449524766e-05
7.647823911955977394e+01 1.159954461971111702e-05
7.651825912956478248e+01 1.158230472112856576e-05
7.655827913956977682e+01 1.156510368028449829e-05
7.659829914957478536e+01 1.154794137917034709e-05
7.663831915957979390e+01 1.153081770022997202e-05
7.667833916958478824e+01 1.151373252635759869e-05
7.671835917958979678e+01 1.149668574089565848e-05
7.675837918959479111e+01 1.147967722763278956e-05
7.679839919959979966e+01 1.146270687080169223e-05
7.683841920960479399e+01 1.144577455507715526e-05
7.687843921960980254e+01 1.142888016557392995e-05
7.691845922961481108e+01 1.141202358784475811e-05
7.695847923961980541e+01 1.139520470787832404e-05
7.699849924962481396e+01 1.137842341209724191e-05
7.703851925962980829e+01 1.136167958735606529e-05
7.707853926963481683e+01 1.134497312093928470e-05
7.711855927963981117e+01 1.132830390055938796e-05
7.715857928964481971e+01 1.131167181435482219e-05
7.719859929964982825e+01 1.129507675088810665e-05
7.723861930965482259e+01 1.127851859914385236e-05
7.727863931965983113e+01 1.126199724852681393e-05
7.731865932966482546e+01 1.124551258886000915e-05
7.735867933966983401e+01 1.122906451038274708e-05
7.739869934967482834e+01 1.121265290374877645e-05
7.743871935967983688e+01 1.119627766002433920e-05
7.747873936968484543e+01 1.117993867068634082e-05
7.751875937968983976e+01 1.116363582762043616e-05
7.755877938969484831e+01 1.114736902311916923e-05
7.759879939969984264e+01 1.113113814988014710e-05
7.763881940970485118e+01 1.111494310100414586e-05
7.767883941970985973e+01 1.109878376999334035e-05
7.771885942971485406e+01 1.108266005074943223e-05
7.775887943971986260e+01 1.106657183757183053e-05
7.779889944972485694e+01 1.105051902515589831e-05
7.783891945972986548e+01 1.103450150859108071e-05
7.787893946973485981e+01 1.101851918335921255e-05
7.791895947973986836e+01 1.100257194533263629e-05
7.795897948974487690e+01 1.098665969077253162e-05
7.799899949974987123e+01 1.097078231632710959e-05
7.803901950975487978e+01 1.095493971902984575e-05
7.807903951975987411e+01 1.093913179629779618e-05
7.811905952976488265e+01 1.092335844592981710e-05
7.815907953976987699e+01 1.090761956610487751e-05
7.819909954977488553e+01 1.089191505538032450e-05
7.823911955977989408e+01 1.087624481269020953e-05
7.827913956978488841e+01 1.086060873734356215e-05
7.831915957978989695e+01 1.084500672902272810e-05
7.835917958979489129e+01 1.082943868778168379e-05
7.839919959979989983e+01 1.081390451404436588e-05
7.843921960980489416e+01 1.079840410860304669e-05
7.847923961980990271e+01 1.078293737261662491e-05
7.851925962981491125e+01 1.076750420760904501e-05
7.855927963981990558e+01 1.075210451546763366e-05
7.859929964982491413e+01 1.073673819844146162e-05
7.863931965982990846e+01 1.072140515913978176e-05
7.867933966983491700e+01 1.070610530053037564e-05
7.871935967983991134e+01 1.069083852593796287e-05
7.875937968984491988e+01 1.067560473904263567e-05
7.879939969984992842e+01 1.066040384387825638e-05
7.883941970985492276e+01 1.064523574483089550e-05
7.887943971985993130e+01 1.063010034663724604e-05
7.891945972986492563e+01 1.061499755438310562e-05
7.895947973986993418e+01 1.059992727350178071e-05
7.899949974987492851e+01 1.058488940977259579e-05
7.903951975987993706e+01 1.056988386931932130e-05
7.907953976988494560e+01 1.055491055860866763e-05
7.911955977988993993e+01 1.053996938444878240e-05
7.915957978989494848e+01 1.052506025398769204e-05
7.919959979989994281e+01 1.051018307471188205e-05
7.923961980990495135e+01 1.049533775444470973e-05
7.927963981990994569e+01 1.048052420134499978e-05
7.931965982991495423e+01 1.046574232390551795e-05
7.935967983991996277e+01 1.045099203095152258e-05
7.939969984992495711e+01 1.043627323163930100e-05
7.943971985992996565e+01 1.042158583545470746e-05
7.947973986993495998e+01 1.040692975221171141e-05
7.951975987993996853e+01 1.039230489205100152e-05
7.955977988994497707e+01 1.037771116543846780e-05
7.959979989994997140e+01 1.036314848316387689e-05
7.963981990995497995e+01 1.034861675633936599e-05
7.967983991995997428e+01 1.033411589639809610e-05
7.971985992996498283e+01 1.031964581509282731e-05
7.975987993996997716e+01 1.030520642449450762e-05
7.979989994997498570e+01 1.029079763699090584e-05
7.983991995997999425e+01 1.027641936528521403e-05
7.987993996998498858e+01 1.026207152239470740e-05
7.991995997998999712e+01 1.024775402164933326e-05
7.995997998999499146e+01 1.023346677669036755e-05
8.000000000000000000e+01 1.021920970146906807e-05
