0.000000000000000000e+00 1.003838458705630371e-04
4.002001000500250011e-02 1.008294006595430385e-04
8.004002001000500022e-02 1.012781957670738588e-04
1.200600300150075073e-01 1.017302649487919811e-04
1.600800400200100004e-01 1.021856424244973457e-04
2.001000500250124936e-01 1.026443628861258814e-04
2.401200600300150145e-01 1.031064615058869443e-04
2.801400700350175077e-01 1.035719739445686453e-04
3.201600800400200009e-01 1.040409363600165688e-04
3.601800900450224940e-01 1.045133854157885925e-04
4.002001000500249872e-01 1.049893582899910670e-04
4.402201100550274804e-01 1.054688926843007341e-04
4.802401200600300291e-01 1.059520268331762158e-04
5.202601300650324667e-01 1.064387995132644310e-04
5.602801400700350154e-01 1.069292500530069520e-04
6.003001500750374531e-01 1.074234183424501636e-04
6.403201600800400017e-01 1.079213448432656496e-04
6.803401700850425504e-01 1.084230705989848578e-04
7.203601800900449881e-01 1.089286372454544005e-04
7.603801900950475368e-01 1.094380870215165845e-04
8.004002001000499744e-01 1.099514627799219054e-04
8.404202101050525231e-01 1.104688079984784548e-04
8.804402201100549608e-01 1.109901667914445401e-04
9.204602301150575094e-01 1.115155839211711731e-04
9.604802401200600581e-01 1.120451048100002398e-04
1.000500250125062607e+00 1.125787755524248579e-04
1.040520260130064933e+00 1.131166429275193752e-04
1.080540270135067482e+00 1.136587544116453654e-04
1.120560280140070031e+00 1.142051581914409528e-04
1.160580290145072579e+00 1.147559031771005946e-04
1.200600300150074906e+00 1.153110390159538463e-04
1.240620310155077455e+00 1.158706161063494100e-04
1.280640320160080003e+00 1.164346856118542671e-04
1.320660330165082552e+00 1.170032994757743702e-04
1.360680340170085101e+00 1.175765104360074811e-04
1.400700350175087427e+00 1.181543720402347409e-04
1.440720360180089976e+00 1.187369386614622202e-04
1.480740370185092525e+00 1.193242655139199304e-04
1.520760380190095074e+00 1.199164086693296950e-04
1.560780390195097400e+00 1.205134250735499161e-04
1.600800400200099949e+00 1.211153725636093933e-04
1.640820410205102498e+00 1.217223098851393838e-04
1.680840420210105046e+00 1.223342967102154907e-04
1.720860430215107595e+00 1.229513936556203308e-04
1.760880440220109922e+00 1.235736623015386488e-04
1.800900450225112470e+00 1.242011652106971454e-04
1.840920460230115019e+00 1.248339659479606452e-04
1.880940470235117568e+00 1.254721291003978059e-04
1.920960480240120116e+00 1.261157202978301106e-04
1.960980490245122443e+00 1.267648062338759605e-04
2.001000500250125214e+00 1.274194546875058074e-04
2.041020510255127540e+00 1.280797345451217405e-04
2.081040520260129867e+00 1.287457158231758143e-04
2.121060530265132638e+00 1.294174696913447890e-04
2.161080540270134964e+00 1.300950684962739676e-04
2.201100550275137291e+00 1.307785857859094581e-04
2.241120560280140062e+00 1.314680963344340913e-04
2.281140570285142388e+00 1.321636761678252915e-04
2.321160580290145159e+00 1.328654025900523014e-04
2.361180590295147486e+00 1.335733542099323302e-04
2.401200600300149812e+00 1.342876109686641397e-04
2.441220610305152583e+00 1.350082541680593942e-04
2.481240620310154910e+00 1.357353664994930269e-04
2.521260630315157680e+00 1.364690320735924636e-04
2.561280640320160007e+00 1.372093364506889852e-04
2.601300650325162334e+00 1.379563666720539988e-04
2.641320660330165104e+00 1.387102112919429045e-04
2.681340670335167431e+00 1.394709604104727124e-04
2.721360680340170202e+00 1.402387057073556929e-04
2.761380690345172528e+00 1.410135404765188458e-04
2.801400700350174855e+00 1.417955596616335043e-04
2.841420710355177626e+00 1.425848598925837758e-04
2.881440720360179952e+00 1.433815395229036632e-04
2.921460730365182723e+00 1.441856986682114091e-04
2.961480740370185050e+00 1.449974392456733702e-04
3.001500750375187376e+00 1.458168650145286757e-04
3.041520760380190147e+00 1.466440816177088215e-04
3.081540770385192474e+00 1.474791966245851595e-04
3.121560780390194800e+00 1.483223195748825283e-04
3.161580790395197571e+00 1.491735620237933659e-04
3.201600800400199898e+00 1.500330375883325031e-04
3.241620810405202668e+00 1.509008619949716939e-04
3.281640820410204995e+00 1.517771531285947047e-04
3.321660830415207322e+00 1.526620310828171161e-04
3.361680840420210092e+00 1.535556182117136083e-04
3.401700850425212419e+00 1.544580391829997309e-04
3.441720860430215190e+00 1.553694210327146428e-04
3.481740870435217516e+00 1.562898932214565372e-04
3.521760880440219843e+00 1.572195876922196777e-04
3.561780890445222614e+00 1.581586389298872007e-04
3.601800900450224940e+00 1.591071840224360357e-04
3.641820910455227711e+00 1.600653627239094544e-04
3.681840920460230038e+00 1.610333175192181542e-04
3.721860930465232364e+00 1.620111936908323255e-04
3.761880940470235135e+00 1.629991393874265031e-04
3.801900950475237462e+00 1.639973056945472941e-04
3.841920960480240232e+00 1.650058467073706354e-04
3.881940970485242559e+00 1.660249196056221694e-04
3.921960980490244886e+00 1.670546847307361447e-04
3.961980990495247656e+00 1.680953056653288998e-04
4.002001000500250427e+00 1.691469493150696789e-04
4.042021010505252754e+00 1.702097859930326454e-04
4.082041020510255080e+00 1.712839895066172618e-04
4.122061030515257407e+00 1.723697372471292742e-04
4.162081040520259734e+00 1.734672102821161398e-04
4.202101050525262949e+00 1.745765934505554787e-04
4.242121060530265275e+00 1.756980754610023394e-04
4.282141070535267602e+00 1.768318489927967613e-04
4.322161080540269928e+00 1.779781108004495403e-04
4.362181090545272255e+00 1.791370618213171926e-04
4.402201100550274582e+00 1.803089072866899867e-04
4.442221110555277797e+00 1.814938568364183236e-04
4.482241120560280123e+00 1.826921246372077321e-04
4.522261130565282450e+00 1.839039295047225308e-04
4.562281140570284776e+00 1.851294950296367169e-04
4.602301150575287103e+00 1.863690497077840084e-04
4.642321160580290318e+00 1.876228270745621853e-04
4.682341170585292645e+00 1.888910658437523030e-04
4.722361180590294971e+00 1.901740100509229699e-04
4.762381190595297298e+00 1.914719092015953290e-04
4.802401200600299624e+00 1.927850184243547118e-04
4.842421210605302839e+00 1.941135986290992157e-04
4.882441220610305166e+00 1.954579166706273260e-04
4.922461230615307493e+00 1.968182455177740512e-04
4.962481240620309819e+00 1.981948644283162335e-04
5.002501250625312146e+00 1.995880591298730092e-04
5.042521260630315361e+00 2.009981220070460701e-04
5.082541270635317687e+00 2.024253522950438867e-04
5.122561280640320014e+00 2.038700562800586414e-04
5.162581290645322341e+00 2.053325475066652137e-04
5.202601300650324667e+00 2.068131469925306963e-04
5.242621310655327882e+00 2.083121834507349840e-04
5.282641320660330209e+00 2.098299935200158501e-04
5.322661330665332535e+00 2.113669220032695988e-04
5.362681340670334862e+00 2.129233221146483303e-04
5.402701350675337189e+00 2.144995557356192467e-04
5.442721360680340403e+00 2.160959936803610274e-04
5.482741370685342730e+00 2.177130159708964472e-04
5.522761380690345057e+00 2.193510121223751059e-04
5.562781390695347383e+00 2.210103814389442593e-04
5.602801400700349710e+00 2.226915333206648247e-04
5.642821410705352925e+00 2.243948875819513705e-04
5.682841420710355251e+00 2.261208747820434440e-04
5.722861430715357578e+00 2.278699365680329628e-04
5.762881440720359905e+00 2.296425260310082568e-04
5.802901450725362231e+00 2.314391080758939148e-04
5.842921460730365446e+00 2.332601598056050819e-04
5.882941470735367773e+00 2.351061709201548013e-04
5.922961480740370099e+00 2.369776441313990755e-04
5.962981490745372426e+00 2.388750955941283899e-04
6.003001500750374753e+00 2.407990553542562362e-04
6.043021510755377079e+00 2.427500678148966477e-04
6.083041520760380294e+00 2.447286922211600502e-04
6.123061530765382621e+00 2.467355031645418126e-04
6.163081540770384947e+00 2.487710911078281576e-04
6.203101550775387274e+00 2.508360629314880324e-04
6.243121560780389601e+00 2.529310425025767294e-04
6.283141570785392815e+00 2.550566712672297683e-04
6.323161580790395142e+00 2.572136088678858025e-04
6.363181590795397469e+00 2.594025337864417453e-04
6.403201600800399795e+00 2.616241440146034798e-04
6.443221610805402122e+00 2.638791577527772707e-04
6.483241620810405337e+00 2.661683141389092249e-04
6.523261630815407663e+00 2.684923740087721443e-04
6.563281640820409990e+00 2.708521206892742497e-04
6.603301650825412317e+00 2.732483608264621032e-04
6.643321660830414643e+00 2.756819252499804790e-04
6.683341670835417858e+00 2.781536698758612747e-04
6.723361680840420185e+00 2.806644766496120547e-04
6.763381690845422511e+00 2.832152545317054098e-04
6.803401700850424838e+00 2.858069405276812843e-04
6.843421710855427165e+00 2.884405007652141766e-04
6.883441720860430380e+00 2.911169316206361677e-04
6.923461730865432706e+00 2.938372608975574362e-04
6.963481740870435033e+00 2.966025490603882236e-04
7.003501750875437359e+00 2.994138905257355651e-04
7.043521760880439686e+00 3.022724150148329062e-04
7.083541770885442901e+00 3.051792889703637372e-04
7.123561780890445227e+00 3.081357170412345648e-04
7.163581790895447554e+00 3.111429436391005988e-04
7.203601800900449881e+00 3.142022545706667095e-04
7.243621810905452207e+00 3.173149787500603464e-04
7.283641820910455422e+00 3.204824899958420500e-04
7.323661830915457749e+00 3.237062089175185326e-04
7.363681840920460075e+00 3.269876048967461824e-04
7.403701850925462402e+00 3.303281981687472123e-04
7.443721860930464729e+00 3.337295620098362954e-04
7.483741870935467944e+00 3.371933250373476318e-04
7.523761880940470270e+00 3.407211736286781594e-04
7.563781890945472597e+00 3.443148544666197711e-04
7.603801900950474923e+00 3.479761772186476922e-04
7.643821910955477250e+00 3.517070173583620204e-04
7.683841920960480465e+00 3.555093191378500450e-04
7.723861930965482792e+00 3.593850987203585910e-04
7.763881940970485118e+00 3.633364474833264001e-04
7.803901950975487445e+00 3.673655355025461458e-04
7.843921960980489771e+00 3.714746152290084188e-04
7.883941970985492098e+00 3.756660253708111151e-04
7.923961980990495313e+00 3.799421949934320207e-04
7.963981990995497640e+00 3.843056478526436976e-04
8.004002001000500854e+00 3.887590069754142470e-04
8.044022011005502293e+00 3.933049995052947468e-04
8.084042021010505508e+00 3.979464618300437590e-04
8.124062031015506946e+00 4.026863450105945021e-04
8.164082041020510161e+00 4.075277205319600277e-04
8.204102051025513376e+00 4.124737863982551691e-04
8.244122061030514814e+00 4.175278735957792687e-04
8.284142071035518029e+00 4.226934529499884702e-04
8.324162081040519467e+00 4.279741424042599529e-04
8.364182091045522682e+00 4.333737147506093110e-04
8.404202101050525897e+00 4.388961058449712227e-04
8.444222111055527336e+00 4.445454233423506703e-04
8.484242121060530550e+00 4.503259559900819192e-04
8.524262131065531989e+00 4.562421835206311328e-04
8.564282141070535204e+00 4.622987871889121291e-04
8.604302151075536642e+00 4.685006610029015064e-04
8.644322161080539857e+00 4.748529237005870473e-04
8.684342171085543072e+00 4.813609315308794642e-04
8.724362181090544510e+00 4.880302919012175812e-04
8.764382191095547725e+00 4.948668779601804154e-04
8.804402201100549163e+00 5.018768441895421137e-04
8.844422211105552378e+00 5.090666430870024540e-04
8.884442221110555593e+00 5.164430430282538134e-04
8.924462231115557032e+00 5.240131474052876683e-04
8.964482241120560246e+00 5.317844151469379747e-04
9.004502251125561685e+00 5.397646827376705210e-04
9.044522261130564900e+00 5.479621878617983114e-04
9.084542271135568114e+00 5.563855948125628718e-04
9.124562281140569553e+00 5.650440218192273123e-04
9.164582291145572768e+00 5.739470704604697059e-04
9.204602301150574206e+00 5.831048573492252302e-04
9.244622311155577421e+00 5.925280482928962011e-04
9.284642321160580636e+00 6.022278951537409462e-04
9.324662331165582074e+00 6.122162756575684484e-04
9.364682341170585289e+00 6.225057364249086608e-04
9.404702351175586728e+00 6.331095395279323938e-04
9.444722361180589942e+00 6.440417129090077967e-04
9.484742371185593157e+00 6.553171050333150404e-04
9.524762381190594596e+00 6.669514441889782879e-04
9.564782391195597810e+00 6.789614028942987135e-04
9.604802401200599249e+00 6.913646679235751482e-04
9.644822411205602464e+00 7.041800165215680732e-04
9.684842421210605679e+00 7.174273994427079418e-04
9.724862431215607117e+00 7.311280315259169110e-04
9.764882441220610332e+00 7.453044906004948180e-04
9.804902451225611770e+00 7.599808256145414121e-04
9.844922461230614985e+00 7.751826749864129196e-04
9.884942471235618200e+00 7.909373963038199675e-04
9.924962481240619638e+00 8.072742086366418946e-04
9.964982491245622853e+00 8.242243488910749134e-04
1.000500250125062429e+01 8.418212438175325454e-04
1.004502251125562751e+01 8.601006994965660658e-04
1.008504252126063072e+01 8.791011103702582596e-04
1.012506253126563216e+01 8.988636901664382849e-04
1.016508254127063537e+01 9.194327273856716352e-04
1.020510255127563681e+01 9.408558683936951586e-04
1.024512256128064003e+01 9.631844315935104549e-04
1.028514257128564324e+01 9.864737566519438724e-04
1.032516258129064468e+01 1.010783593337745596e-03
1.036518259129564790e+01 1.036178535206845868e-03
1.040520260130064933e+01 1.062728504163260815e-03
1.044522261130565255e+01 1.090509292852783830e-03
1.048524262131065576e+01 1.119603172937043856e-03
1.052526263131565720e+01 1.150099578579351443e-03
1.056528264132066042e+01 1.182095875989394064e-03
1.060530265132566186e+01 1.215698231668112944e-03
1.064532266133066507e+01 1.251022594124543254e-03
1.068534267133566829e+01 1.288195806373245312e-03
1.072536268134066972e+01 1.327356869551667672e-03
1.076538269134567294e+01 1.368658381628752281e-03
1.080540270135067438e+01 1.412268179543197093e-03
1.084542271135567759e+01 1.458371218379039434e-03
1.088544272136068081e+01 1.507171727566742822e-03
1.092546273136568225e+01 1.558895691853002001e-03
1.096548274137068546e+01 1.613793714244427576e-03
1.100550275137568690e+01 1.672144329721242904e-03
1.104552276138069011e+01 1.734257852775678748e-03
1.108554277138569333e+01 1.800480859445725227e-03
1.112556278139069477e+01 1.871201426377954065e-03
1.116558279139569798e+01 1.946855276714676937e-03
1.120560280140069942e+01 2.027933016761496263e-03
1.124562281140570263e+01 2.114988690417245014e-03
1.128564282141070585e+01 2.208649932830357258e-03
1.132566283141570729e+01 2.309630074121745216e-03
1.136568284142071050e+01 2.418742632873550208e-03
1.140570285142571194e+01 2.536918753596619121e-03
1.144572286143071516e+01 2.665228290913502010e-03
1.148574287143571837e+01 2.804905437128091868e-03
1.152576288144071981e+01 2.957380044875496019e-03
1.156578289144572302e+01 3.124316134390019758e-03
1.160580290145072446e+01 3.307659525988486827e-03
1.164582291145572768e+01 3.509697145523928835e-03
1.168584292146073089e+01 3.733131374897188156e-03
1.172586293146573233e+01 3.981173949069596527e-03
1.176588294147073555e+01 4.257665463047793572e-03
1.180590295147573698e+01 4.567228734489491362e-03
1.184592296148074020e+01 4.915467348318648851e-03
1.188594297148574341e+01 5.309225107260702806e-03
1.192596298149074485e+01 5.756928462214692434e-03
1.196598299149574807e+01 6.269043276812894840e-03
1.200600300150074951e+01 6.858691014091558742e-03
1.204602301150575272e+01 7.542490019016720275e-03
1.208604302151075416e+01 8.341718830670852985e-03
1.212606303151575737e+01 9.283946539170648618e-03
1.216608304152076059e+01 1.040535005556741423e-02
1.220610305152576203e+01 1.175405591031382542e-02
1.224612306153076524e+01 1.339503069901268675e-02
1.228614307153576668e+01 1.541733971066294381e-02
1.232616308154076989e+01 1.794505476623872720e-02
1.236618309154577311e+01 2.115378181811415279e-02
1.240620310155077455e+01 2.529568629221319934e-02
1.244622311155577776e+01 3.073662036609795326e-02
1.248624312156077920e+01 3.800756759839755278e-02
1.252626313156578242e+01 4.786184009132856548e-02
1.256628314157078563e+01 6.128550311341795370e-02
1.260630315157578707e+01 7.926815902049200169e-02
1.264632316158079028e+01 1.018215759989546804e-01
1.268634317158579172e+01 1.255963308342361029e-01
1.272636318159079494e+01 1.417485882729355162e-01
1.276638319159579815e+01 1.409932668165386205e-01
1.280640320160079959e+01 1.246255738163333793e-01
1.284642321160580281e+01 1.028905694617645444e-01
1.288644322161080424e+01 8.387275841014775468e-02
1.292646323161580746e+01 7.032802463431084283e-02
1.296648324162081067e+01 6.225216494461078415e-02
1.300650325162581211e+01 5.889719526557082863e-02
1.304652326163081533e+01 5.918058538355285003e-02
1.308654327163581677e+01 6.104571462160580247e-02
1.312656328164081998e+01 6.104642185809320415e-02
1.316658329164582319e+01 5.647116572467735657e-02
1.320660330165082463e+01 4.827109687974136254e-02
1.324662331165582785e+01 3.944861783470541422e-02
1.328664332166082929e+01 3.191171880428303465e-02
1.332666333166583250e+01 2.608107998697339544e-02
1.336668334167083572e+01 2.172315751112029181e-02
1.340670335167583715e+01 1.848522737873519936e-02
1.344672336168084037e+01 1.607046680496731009e-02
1.348674337168584181e+01 1.426400862312347806e-02
1.352676338169084502e+01 1.291932047609507979e-02
1.356678339169584824e+01 1.194061559557988046e-02
1.360680340170084968e+01 1.126979426808527238e-02
1.364682341170585289e+01 1.087875780471948307e-02
1.368684342171085433e+01 1.076641203863795693e-02
1.372686343171585754e+01 1.095956201779079743e-02
1.376688344172086076e+01 1.151617575954662701e-02
1.380690345172586220e+01 1.252549362473323775e-02
1.384692346173086541e+01 1.408570121753682271e-02
1.388694347173586685e+01 1.620660557836468840e-02
1.392696348174087007e+01 1.856095389016074182e-02
1.396698349174587328e+01 2.021725701339201903e-02
1.400700350175087472e+01 2.008278218019606681e-02
1.404702351175587793e+01 1.814000610014940978e-02
1.408704352176087937e+01 1.546527883329829565e-02
1.412706353176588259e+01 1.299322547516998383e-02
1.416708354177088580e+01 1.105191856856897747e-02
1.420710355177588724e+01 9.624508508788886391e-03
1.424712356178089045e+01 8.600242141414540797e-03
1.428714357178589189e+01 7.873029898494251361e-03
1.432716358179089511e+01 7.363159945697781567e-03
1.436718359179589832e+01 7.015319801781411124e-03
1.440720360180089976e+01 6.792301707557605976e-03
1.444722361180590298e+01 6.669536003183851834e-03
1.448724362181090441e+01 6.631226096017531213e-03
1.452726363181590763e+01 6.667815209292133651e-03
1.456728364182091084e+01 6.774400579058279491e-03
1.460730365182591228e+01 6.949800464522972940e-03
1.464732366183091550e+01 7.196083664415485991e-03
1.468734367183591694e+01 7.518453220590215827e-03
1.472736368184092015e+01 7.925437212975127571e-03
1.476738369184592337e+01 8.429389040347243581e-03
1.480740370185092480e+01 9.047346823918280337e-03
1.484742371185592802e+01 9.802356183149856309e-03
1.488744372186092946e+01 1.072543399288976122e-02
1.492746373186593267e+01 1.185845854518825793e-02
1.496748374187093589e+01 1.325843742048601372e-02
1.500750375187593733e+01 1.500386443930592888e-02
1.504752376188094054e+01 1.720428389000264180e-02
1.508754377188594198e+01 2.001479735301590207e-02
1.512756378189094519e+01 2.365810080827576711e-02
1.516758379189594841e+01 2.845749577720984788e-02
1.520760380190094985e+01 3.488388110165917960e-02
1.524762381190595306e+01 4.361288761247754386e-02
1.528764382191095450e+01 5.555769795155928586e-02
1.532766383191595772e+01 7.173898615758199371e-02
1.536768384192096093e+01 9.258548786160444855e-02
1.540770385192596237e+01 1.159590495114830450e-01
1.544772386193096558e+01 1.344767675634008786e-01
1.548774387193596702e+01 1.378668489932265984e-01
1.552776388194097024e+01 1.238198864310527114e-01
1.556778389194597167e+01 1.011025843990272510e-01
1.560780390195097489e+01 7.894141604887863761e-02
1.564782391195597810e+01 6.112624818980845476e-02
1.568784392196097954e+01 4.784116505466077390e-02
1.572786393196598276e+01 3.814780094552554929e-02
1.576788394197098420e+01 3.106309774535892174e-02
1.580790395197598741e+01 2.582696650888457318e-02
1.584792396198099063e+01 2.190257711600761964e-02
1.588794397198599206e+01 1.892095834128473819e-02
1.592796398199099528e+01 1.662916974292620587e-02
1.596798399199599672e+01 1.485253534022755798e-02
1.600800400200100171e+01 1.346915436738688014e-02
1.604802401200600315e+01 1.239312098674193174e-02
1.608804402201100459e+01 1.156353404718699247e-02
1.612806403201600602e+01 1.093728876776142375e-02
1.616808404202101102e+01 1.048435046295071935e-02
1.620810405202601245e+01 1.018469113066935473e-02
1.624812406203101389e+01 1.002638373221801174e-02
1.628814407203601888e+01 1.000455599850240580e-02
1.632816408204102032e+01 1.012104966361844667e-02
1.636818409204602176e+01 1.038474342419911343e-02
1.640820410205102675e+01 1.081260276361948290e-02
1.644822411205602819e+01 1.143163940946514100e-02
1.648824412206102963e+01 1.228212314035514313e-02
1.652826413206603107e+01 1.342262194265270679e-02
1.656828414207103606e+01 1.493779430116814674e-02
1.660830415207603750e+01 1.695035241076622151e-02
1.664832416208103893e+01 1.963919721423232692e-02
1.668834417208604393e+01 2.326591520607991861e-02
1.672836418209104536e+01 2.820957959181989022e-02
1.676838419209604680e+01 3.499786950738649483e-02
1.680840420210105179e+01 4.427884870659498651e-02
1.684842421210605323e+01 5.655346314012485442e-02
1.688844422211105467e+01 7.128185703290799979e-02
1.692846423211605611e+01 8.526450720387394877e-02
1.696848424212106110e+01 9.257956578380890922e-02
1.700850425212606254e+01 8.953970497521571148e-02
1.704852426213106398e+01 7.865744548050615514e-02
1.708854427213606897e+01 6.480898748561479683e-02
1.712856428214107041e+01 5.152897657549805610e-02
1.716858429214607185e+01 4.054338360462209773e-02
1.720860430215107328e+01 3.214521416813603816e-02
1.724862431215607828e+01 2.592371421082998589e-02
1.728864432216107971e+01 2.133286250296530240e-02
1.732866433216608115e+01 1.791428839304516629e-02
1.736868434217108614e+01 1.533259033374365261e-02
1.740870435217608758e+01 1.335336862286056608e-02
1.744872436218108902e+01 1.181443391544467238e-02
1.748874437218609401e+01 1.060295519439264332e-02
1.752876438219109545e+01 9.639508210122093093e-03
1.756878439219609689e+01 8.867398656372166982e-03
1.760880440220109833e+01 8.245587319383291050e-03
1.764882441220610332e+01 7.743984980346167724e-03
1.768884442221110476e+01 7.340293303404775600e-03
1.772886443221610620e+01 7.017858999103468443e-03
1.776888444222111119e+01 6.764199669309252372e-03
1.780890445222611262e+01 6.569981788247972014e-03
1.784892446223111406e+01 6.428308816973438318e-03
1.788894447223611905e+01 6.334227050259840126e-03
1.792896448224112049e+01 6.284389013031593633e-03
1.796898449224612193e+01 6.276835676248867374e-03
1.800900450225112337e+01 6.310873623613912943e-03
1.804902451225612836e+01 6.387034277616941355e-03
1.808904452226112980e+01 6.507111252369694038e-03
1.812906453226613124e+01 6.674280282254653994e-03
1.816908454227113623e+01 6.893315303979832311e-03
1.820910455227613767e+01 7.170925632809794018e-03
1.824912456228113911e+01 7.516254744927484271e-03
1.828914457228614410e+01 7.941603863789666734e-03
1.832916458229114554e+01 8.463477874146512620e-03
1.836918459229614697e+01 9.104104277094621570e-03
1.840920460230114841e+01 9.893659542141528679e-03
1.844922461230615340e+01 1.087356959640375237e-02
1.848924462231115484e+01 1.210145965163718015e-02
1.852926463231615628e+01 1.365864808165742454e-02
1.856928464232116127e+01 1.566153185375300516e-02
1.860930465232616271e+01 1.827871199306793301e-02
1.864932466233116415e+01 2.175570606300649898e-02
1.868934467233616914e+01 2.644633795565880588e-02
1.872936468234117058e+01 3.283654567613573244e-02
1.876938469234617202e+01 4.149906832203914542e-02
1.880940470235117346e+01 5.278775727010107804e-02
1.884942471235617845e+01 6.588900133253562663e-02
1.888944472236117988e+01 7.727138621170483168e-02
1.892946473236618132e+01 8.115057038186609950e-02
1.896948474237118631e+01 7.503321811012078624e-02
1.900950475237618775e+01 6.302960331174248254e-02
1.904952476238118919e+01 5.064819182059999980e-02
1.908954477238619418e+01 4.053071987822598476e-02
1.912956478239119562e+01 3.301931696077458483e-02
1.916958479239619706e+01 2.764390414065939078e-02
1.920960480240119850e+01 2.384827790106331183e-02
1.924962481240620349e+01 2.119115461772350453e-02
1.928964482241120493e+01 1.936059772809869267e-02
1.932966483241620637e+01 1.814521566842644540e-02
1.936968484242121136e+01 1.740451202030916800e-02
1.940970485242621280e+01 1.704692409388690322e-02
1.944972486243121423e+01 1.701516108525971682e-02
1.948974487243621923e+01 1.727692265298172436e-02
1.952976488244122066e+01 1.781935725406724735e-02
1.956978489244622210e+01 1.864616517633372467e-02
1.960980490245122354e+01 1.977671866039526841e-02
1.964982491245622853e+01 2.124693444275068191e-02
1.968984492246122997e+01 2.311193836097345800e-02
1.972986493246623141e+01 2.545086599043345360e-02
1.976988494247123640e+01 2.837451292901528935e-02
1.980990495247623784e+01 3.203706469385544237e-02
1.984992496248123928e+01 3.665391067565189342e-02
1.988994497248624427e+01 4.252872949211936732e-02
1.992996498249124571e+01 5.009478339430077642e-02
1.996998499249624714e+01 5.997764897227007147e-02
2.001000500250124858e+01 7.308841605867183455e-02
2.005002501250625357e+01 9.075276319695943505e-02
2.009004502251125501e+01 1.148536958640249683e-01
2.013006503251625645e+01 1.478534876799377784e-01
2.017008504252126144e+01 1.922028822223159628e-01
2.021010505252626288e+01 2.478352608254829059e-01
2.025012506253126432e+01 3.061166364767191617e-01
2.029014507253626931e+01 3.445237390586346482e-01
2.033016508254127075e+01 3.396101548669598347e-01
2.037018509254627219e+01 2.947292478590460285e-01
2.041020510255127363e+01 2.354971146691867689e-01
2.045022511255627862e+01 1.817544923440960747e-01
2.049024512256128006e+01 1.397488417842566444e-01
2.053026513256628149e+01 1.086655884944609518e-01
2.057028514257128649e+01 8.593692121584237120e-02
2.061030515257628792e+01 6.920174132865331007e-02
2.065032516258128936e+01 5.669869583323570300e-02
2.069034517258629080e+01 4.719680823556739874e-02
2.073036518259129579e+01 3.985033047648864346e-02
2.077038519259629723e+01 3.407664472842191622e-02
2.081040520260129867e+01 2.946988871375744862e-02
2.085042521260630366e+01 2.574314765033698660e-02
2.089044522261130510e+01 2.269035900422199103e-02
2.093046523261630654e+01 2.016117221775887147e-02
2.097048524262131153e+01 1.804420504217804644e-02
2.101050525262631297e+01 1.625574933940323805e-02
2.105052526263131440e+01 1.473204391721778632e-02
2.109054527263631584e+01 1.342391028239844908e-02
2.113056528264132083e+01 1.229297487020042379e-02
2.117058529264632227e+01 1.130897139756997967e-02
2.121060530265132371e+01 1.044778887131147214e-02
2.125062531265632870e+01 9.690041349087257297e-03
2.129064532266133014e+01 9.020007548379824214e-03
2.133066533266633158e+01 8.424835885081164918e-03
2.137068534267133657e+01 7.893942250382814455e-03
2.141070535267633801e+01 7.418549303387833929e-03
2.145072536268133945e+01 6.991330764614668049e-03
2.149074537268634089e+01 6.606134392055576857e-03
2.153076538269134588e+01 6.257764471423118285e-03
2.157078539269634732e+01 5.941809720771381101e-03
2.161080540270134875e+01 5.654506140181421274e-03
2.165082541270635375e+01 5.392626963452239186e-03
2.169084542271135518e+01 5.153393786446836509e-03
2.173086543271635662e+01 4.934404359629476246e-03
2.177088544272136161e+01 4.733573582165662499e-03
2.181090545272636305e+01 4.549085021360308075e-03
2.185092546273136449e+01 4.379350874840353541e-03
2.189094547273636593e+01 4.222978744303470915e-03
2.193096548274137092e+01 4.078743935340490949e-03
2.197098549274637236e+01 3.945566264343777080e-03
2.201100550275137380e+01 3.822490560300972721e-03
2.205102551275637879e+01 3.708670210725084366e-03
2.209104552276138023e+01 3.603353227787820402e-03
2.213106553276638166e+01 3.505870410923149147e-03
2.217108554277138666e+01 3.415625261803680555e-03
2.221110555277638809e+01 3.332085371259303503e-03
2.225112556278138953e+01 3.254775048924457050e-03
2.229114557278639097e+01 3.183269007878442546e-03
2.233116558279139596e+01 3.117186950389980778e-03
2.237118559279639740e+01 3.056188928749736019e-03
2.241120560280139884e+01 2.999971378390143585e-03
2.245122561280640383e+01 2.948263740120581587e-03
2.249124562281140527e+01 2.900825605236900199e-03
2.253126563281640671e+01 2.857444332267928665e-03
2.257128564282141170e+01 2.817933097898434915e-03
2.261130565282641314e+01 2.782129357840727041e-03
2.265132566283141458e+01 2.749893706834443188e-03
2.269134567283641601e+01 2.721109141355011231e-03
2.273136568284142101e+01 2.695680745007821705e-03
2.277138569284642244e+01 2.673535836278272213e-03
2.281140570285142388e+01 2.654624643060840648e-03
2.285142571285642887e+01 2.638921600673173763e-03
2.289144572286143031e+01 2.626427413419287708e-03
2.293146573286643175e+01 2.617172079386569875e-03
2.297148574287143674e+01 2.611219161758102699e-03
2.301150575287643818e+01 2.608671709131282681e-03
2.305152576288143962e+01 2.609680399950144256e-03
2.309154577288644106e+01 2.614454739744187343e-03
2.313156578289144605e+01 2.623278517647785902e-03
2.317158579289644749e+01 2.636531299238976597e-03
2.321160580290144893e+01 2.654718606047329864e-03
2.325162581290645392e+01 2.678514785837898555e-03
2.329164582291145535e+01 2.708824700167384442e-03
2.333166583291645679e+01 2.746873711844729799e-03
2.337168584292146178e+01 2.794340779551330364e-03
2.341170585292646322e+01 2.853557854363366567e-03
2.345172586293146466e+01 2.927811604584801709e-03
2.349174587293646610e+01 3.021801562344524419e-03
2.353176588294147109e+01 3.142328289482016271e-03
2.357178589294647253e+01 3.299282655844436220e-03
2.361180590295147397e+01 3.506887959329788550e-03
2.365182591295647896e+01 3.784582653044804741e-03
2.369184592296148040e+01 4.154957412961221563e-03
2.373186593296648184e+01 4.630837224917595460e-03
2.377188594297148683e+01 5.176260742239673605e-03
2.381190595297648827e+01 5.645758295312080198e-03
2.385192596298148970e+01 5.811646284079742542e-03
2.389194597298649114e+01 5.589050656058489573e-03
2.393196598299149613e+01 5.149399170503315276e-03
2.397198599299649757e+01 4.705914733706696371e-03
2.401200600300149901e+01 4.356528374591094391e-03
2.405202601300650400e+01 4.111924405887053442e-03
2.409204602301150544e+01 3.953050914964921156e-03
2.413206603301650688e+01 3.858220406672233527e-03
2.417208604302150832e+01 3.810391751553118996e-03
2.421210605302651331e+01 3.797558396517843656e-03
2.425212606303151475e+01 3.811583014790557132e-03
2.429214607303651619e+01 3.847032467181873278e-03
2.433216608304152118e+01 3.900315278635933889e-03
2.437218609304652261e+01 3.969097755650255466e-03
2.441220610305152405e+01 4.051920851024354807e-03
2.445222611305652904e+01 4.147951298456241907e-03
2.449224612306153048e+01 4.256820664161473783e-03
2.453226613306653192e+01 4.378522107764651512e-03
2.457228614307153336e+01 4.513345665703253143e-03
2.461230615307653835e+01 4.661840005419303455e-03
2.465232616308153979e+01 4.824793159185468590e-03
2.469234617308654123e+01 5.003227688881277391e-03
2.473236618309154622e+01 5.198407685815652907e-03
2.477238619309654766e+01 5.411856373344550199e-03
2.481240620310154910e+01 5.645384112010079850e-03
2.485242621310655409e+01 5.901127480271202951e-03
2.489244622311155553e+01 6.181600946062052251e-03
2.493246623311655696e+01 6.489763563886219791e-03
2.497248624312155840e+01 6.829104238961760873e-03
2.501250625312656339e+01 7.203750524855860246e-03
2.505252626313156483e+01 7.618607837869016686e-03
2.509254627313656627e+01 8.079538627185219382e-03
2.513256628314157126e+01 8.593594799909986745e-03
2.517258629314657270e+01 9.169322118997324730e-03
2.521260630315157414e+01 9.817163226513284102e-03
2.525262631315657913e+01 1.054999773844239250e-02
2.529264632316158057e+01 1.138387564345291238e-02
2.533266633316658201e+01 1.233902743375461276e-02
2.537268634317158345e+01 1.344127649789742147e-02
2.541270635317658844e+01 1.472404511159698497e-02
2.545272636318158987e+01 1.623124863942481538e-02
2.549274637318659131e+01 1.802153351237534631e-02
2.553276638319159630e+01 2.017455780078429919e-02
2.557278639319659774e+01 2.280034933348470613e-02
2.561280640320159918e+01 2.605312044160526183e-02
2.565282641320660417e+01 3.015078789742971915e-02
2.569284642321160561e+01 3.539893442415546071e-02
2.573286643321660705e+01 4.220659280011500314e-02
2.577288644322160849e+01 5.104271746416678274e-02
2.581290645322661348e+01 6.218460584763902538e-02
2.585292646323161492e+01 7.501047533208700380e-02
2.589294647323661636e+01 8.709588141013692442e-02
2.593296648324162135e+01 9.523529138690958740e-02
2.597298649324662279e+01 9.938853638770364651e-02
2.601300650325162422e+01 1.035914396220998235e-01
2.605302651325662922e+01 1.122337486636224707e-01
2.609304652326163065e+01 1.282352088753408448e-01
2.613306653326663209e+01 1.536815123355665669e-01
2.617308654327163353e+01 1.899124535589629681e-01
2.621310655327663852e+01 2.352650067778540854e-01
2.625312656328163996e+01 2.803872988622196916e-01
2.629314657328664140e+01 3.081745267351230222e-01
2.633316658329164639e+01 3.090510402861851857e-01
2.637318659329664783e+01 2.924208842355341398e-01
2.641320660330164927e+01 2.708559492111110578e-01
2.645322661330665426e+01 2.473645194855223495e-01
2.649324662331165570e+01 2.219161612856162535e-01
2.653326663331665713e+01 1.950055580439456204e-01
2.657328664332165857e+01 1.658996930175848650e-01
2.661330665332666356e+01 1.360336402712458148e-01
2.665332666333166500e+01 1.091510999653042963e-01
2.669334667333666644e+01 8.742801865451432786e-02
2.673336668334167143e+01 7.078879024059472891e-02
2.677338669334667287e+01 5.823075844016686875e-02
2.681340670335167431e+01 4.870614836547421805e-02
2.685342671335667930e+01 4.138737344709042532e-02
2.689344672336168074e+01 3.567609598020397149e-02
2.693346673336668218e+01 3.115069278204428416e-02
2.697348674337168362e+01 2.751421100799773464e-02
2.701350675337668861e+01 2.455539869751828530e-02
2.705352676338169005e+01 2.212184025832465706e-02
2.709354677338669148e+01 2.010189221240439930e-02
2.713356678339169648e+01 1.841256185866455009e-02
2.717358679339669791e+01 1.699130991802001028e-02
2.721360680340169935e+01 1.579043987837583027e-02
2.725362681340670434e+01 1.477320615161948660e-02
2.729364682341170578e+01 1.391107895657017583e-02
2.733366683341670722e+01 1.318179966542169963e-02
2.737368684342170866e+01 1.256798571594875714e-02
2.741370685342671365e+01 1.205612514699656856e-02
2.745372686343171509e+01 1.163585386698448576e-02
2.749374687343671653e+01 1.129944427006296208e-02
2.753376688344172152e+01 1.104145831562488092e-02
2.757378689344672296e+01 1.085853591687756074e-02
2.761380690345172439e+01 1.074930331690234289e-02
2.765382691345672583e+01 1.071439820323236494e-02
2.769384692346173082e+01 1.075662047171178567e-02
2.773386693346673226e+01 1.088123173515180390e-02
2.777388694347173370e+01 1.109644531161194971e-02
2.781390695347673869e+01 1.141417493251288898e-02
2.785392696348174013e+01 1.185114976621253965e-02
2.789394697348674157e+01 1.243056256345550885e-02
2.793396698349174656e+01 1.318450490714579738e-02
2.797398699349674800e+01 1.415756087223263120e-02
2.801400700350174944e+01 1.541204418912184813e-02
2.805402701350675088e+01 1.703529643172335684e-02
2.809404702351175587e+01 1.914854328261052230e-02
2.813406703351675731e+01 2.191294168514210106e-02
2.817408704352175874e+01 2.551701510727272249e-02
2.821410705352676374e+01 3.011093310515882554e-02
2.825412706353176517e+01 3.568467543335274161e-02
2.829414707353676661e+01 4.212324106650133099e-02
2.833416708354177160e+01 4.976638109919745423e-02
2.837418709354677304e+01 5.977726726486554815e-02
2.841420710355177448e+01 7.337394280431713822e-02
2.845422711355677592e+01 9.030820190638683131e-02
2.849424712356178091e+01 1.067742298637943399e-01
2.853426713356678235e+01 1.148745917828813273e-01
2.857428714357178379e+01 1.089344226551726136e-01
2.861430715357678878e+01 9.268608650004370175e-02
2.865432716358179022e+01 7.427385118189898383e-02
2.869434717358679165e+01 5.855015378259573883e-02
2.873436718359179665e+01 4.658023045457937439e-02
2.877438719359679808e+01 3.783532203455389903e-02
2.881440720360179952e+01 3.150139889413521022e-02
2.885442721360680096e+01 2.689443207884516934e-02
2.889444722361180595e+01 2.351887731579452995e-02
2.893446723361680739e+01 2.103273234374570394e-02
2.897448724362180883e+01 1.920316204236454868e-02
2.901450725362681382e+01 1.787190980446706420e-02
2.905452726363181526e+01 1.693155832663234550e-02
2.909454727363681670e+01 1.631002819311561797e-02
2.913456728364182169e+01 1.596077488100425268e-02
2.917458729364682313e+01 1.585688533423145613e-02
2.921460730365182457e+01 1.598790528608336550e-02
2.925462731365682600e+01 1.635850699342100700e-02
2.929464732366183100e+01 1.698762966642160949e-02
2.933466733366683243e+01 1.790430335504742190e-02
2.937468734367183387e+01 1.912989755090404448e-02
2.941470735367683886e+01 2.063003019660224549e-02
2.945472736368184030e+01 2.225404175327407030e-02
2.949474737368684174e+01 2.380512814117382442e-02
2.953476738369184673e+01 2.530551143394632954e-02
2.957478739369684817e+01 2.705466855110245927e-02
2.961480740370184961e+01 2.938002491901212099e-02
2.965482741370685105e+01 3.252201954284599655e-02
2.969484742371185604e+01 3.670072758578672711e-02
2.973486743371685748e+01 4.220157036201072076e-02
2.977488744372185892e+01 4.944246610688438764e-02
2.981490745372686391e+01 5.904451421312867376e-02
2.985492746373186534e+01 7.192631281480398042e-02
2.989494747373686678e+01 8.942577793593468882e-02
2.993496748374187177e+01 1.134054384202154570e-01
2.997498749374687321e+01 1.461338085988605762e-01
3.001500750375187465e+01 1.892714449616987316e-01
3.005502751375687609e+01 2.405030369617637553e-01
3.009504752376188108e+01 2.873828390536771193e-01
3.013506753376688252e+01 3.071041806391083817e-01
3.017508754377188396e+01 2.865289980197185393e-01
3.021510755377688895e+01 2.393192359316443640e-01
3.025512756378189039e+01 1.881876604677171216e-01
3.029514757378689183e+01 1.452877056038985870e-01
3.033516758379189682e+01 1.127785670634229437e-01
3.037518759379689826e+01 8.895785570787480279e-02
3.041520760380189969e+01 7.155674856875110512e-02
3.045522761380690113e+01 5.871944075191516677e-02
3.049524762381190612e+01 4.911086128508789644e-02
3.053526763381690756e+01 4.180847235173318355e-02
3.057528764382190900e+01 3.617957598338517045e-02
3.061530765382691399e+01 3.178760506782390971e-02
3.065532766383191543e+01 2.832783887226026850e-02
3.069534767383691687e+01 2.558482267212937311e-02
3.073536768384192186e+01 2.340438469708748179e-02
3.077538769384692330e+01 2.167518233343981165e-02
3.081540770385192474e+01 2.031644166089886447e-02
3.085542771385692618e+01 1.926975674883545792e-02
3.089544772386193117e+01 1.849359716350890137e-02
3.093546773386693260e+01 1.795967158446131959e-02
3.097548774387193404e+01 1.765061638905524380e-02
3.101550775387693903e+01 1.755868937047999276e-02
3.105552776388194047e+01 1.768529207760616631e-02
3.109554777388694191e+01 1.804123700355536944e-02
3.113556778389194335e+01 1.864770000258923408e-02
3.117558779389694834e+01 1.953767627961818312e-02
3.121560780390194978e+01 2.075744893031233537e-02
3.125562781390695122e+01 2.236800768757472163e-02
3.129564782391195621e+01 2.445106761514454982e-02
3.133566783391695765e+01 2.713000035540770807e-02
3.137568784392195909e+01 3.059879641802795702e-02
3.141570785392696408e+01 3.514022554629216144e-02
3.145572786393196552e+01 4.115211738265445868e-02
3.149574787393696695e+01 4.920449263314100041e-02
3.153576788394196839e+01 6.012430027795340193e-02
3.157578789394697338e+01 7.508928632019654104e-02
3.161580790395197482e+01 9.565163256723728524e-02
3.165582791395697626e+01 1.233973414713360334e-01
3.169584792396198125e+01 1.584445576427408742e-01
3.173586793396698269e+01 1.957035380323737805e-01
3.177588794397198413e+01 2.212316796417754805e-01
3.181590795397698912e+01 2.196256178950981575e-01
3.185592796398199056e+01 1.919058923174367659e-01
3.189594797398699200e+01 1.541333385828041469e-01
3.193596798399199344e+01 1.194313012019145720e-01
3.197598799399699843e+01 9.216221741418198499e-02
3.201600800400200342e+01 7.193850750476821210e-02
3.205602801400700486e+01 5.713643027305805033e-02
3.209604802401200629e+01 4.623181369890373704e-02
3.213606803401700773e+01 3.808074255600632507e-02
3.217608804402200917e+01 3.188222456817972617e-02
3.221610805402701061e+01 2.708576185706285805e-02
3.225612806403201205e+01 2.331227238455141001e-02
3.229614807403702059e+01 2.029786573792273507e-02
3.233616808404202203e+01 1.785615364031059929e-02
3.237618809404702347e+01 1.585340754548546574e-02
3.241620810405202491e+01 1.419217218797225871e-02
3.245622811405702635e+01 1.280036216672238332e-02
3.249624812406202778e+01 1.162391740684858184e-02
3.253626813406702922e+01 1.062178878686609144e-02
3.257628814407203777e+01 9.762469059117867901e-03
3.261630815407703921e+01 9.021564518168616667e-03
3.265632816408204064e+01 8.380080548224722384e-03
3.269634817408704208e+01 7.823208281627535426e-03
3.273636818409204352e+01 7.339474665313845160e-03
3.277638819409704496e+01 6.920169774028523020e-03
3.281640820410205350e+01 6.559003336248340685e-03
3.285642821410705494e+01 6.251973938553249087e-03
3.289644822411205638e+01 5.997463076448677870e-03
3.293646823411705782e+01 5.796589599282267469e-03
3.297648824412205926e+01 5.653854287485836176e-03
3.301650825412706070e+01 5.577972168260873602e-03
3.305652826413206213e+01 5.582203756036524175e-03
3.309654827413707068e+01 5.681538926668111035e-03
3.313656828414207212e+01 5.879247220481599763e-03
3.317658829414707355e+01 6.131005721987445659e-03
3.321660830415207499e+01 6.302153062433360139e-03
3.325662831415707643e+01 6.223349989723487609e-03
3.329664832416207787e+01 5.877414914583452450e-03
3.333666833416707931e+01 5.422780209051053686e-03
3.337668834417208785e+01 5.008378314082868182e-03
3.341670835417708929e+01 4.691590157897810968e-03
3.345672836418209073e+01 4.474978060122206808e-03
3.349674837418709217e+01 4.346263084522509167e-03
3.353676838419209361e+01 4.294998869718138178e-03
3.357678839419709504e+01 4.317027015657877095e-03
3.361680840420210359e+01 4.415338408672904967e-03
3.365682841420710503e+01 4.600713631396005990e-03
3.369684842421210647e+01 4.893291972192763926e-03
3.373686843421710790e+01 5.325594765412639854e-03
3.377688844422210934e+01 5.947326698752439765e-03
3.381690845422711078e+01 6.831582332329526851e-03
3.385692846423211222e+01 8.078976960074176275e-03
3.389694847423712076e+01 9.805425612429483420e-03
3.393696848424212220e+01 1.207061345324957936e-02
3.397698849424712364e+01 1.466718252002641512e-02
3.401700850425212508e+01 1.680742774446909726e-02
3.405702851425712652e+01 1.730835452328963533e-02
3.409704852426212796e+01 1.578934101946782506e-02
3.413706853426712939e+01 1.318179503768128653e-02
3.417708854427213794e+01 1.057504725894939206e-02
3.421710855427713938e+01 8.449738658692697649e-03
3.425712856428214081e+01 6.847690738164848717e-03
3.429714857428714225e+01 5.665766694641599481e-03
3.433716858429214369e+01 4.790263173676905656e-03
3.437718859429714513e+01 4.132051279588417822e-03
3.441720860430214657e+01 3.627835256359874562e-03
3.445722861430715511e+01 3.233973066754056505e-03
3.449724862431215655e+01 2.920449711937634155e-03
3.453726863431715799e+01 2.666434264992029700e-03
3.457728864432215943e+01 2.457265694720267134e-03
3.461730865432716087e+01 2.282460520156538979e-03
3.465732866433216230e+01 2.134400126264259304e-03
3.469734867433717085e+01 2.007459779816581167e-03
3.473736868434217229e+01 1.897423869306733880e-03
3.477738869434717373e+01 1.801087830352958961e-03
3.481740870435217516e+01 1.715983181939970386e-03
3.485742871435717660e+01 1.640184817766734580e-03
3.489744872436217804e+01 1.572174023168915972e-03
3.493746873436717948e+01 1.510739775768726910e-03
3.497748874437218802e+01 1.454906709811186558e-03
3.501750875437718946e+01 1.403881898046637974e-03
3.505752876438219090e+01 1.357015082594608931e-03
3.509754877438719234e+01 1.313768633912733817e-03
3.513756878439219378e+01 1.273694626906225411e-03
3.517758879439719522e+01 1.236417180277340436e-03
3.521760880440219665e+01 1.201618727877433674e-03
3.525762881440720520e+01 1.169029255869592256e-03
3.529764882441220664e+01 1.138417797311709351e-03
3.533766883441720807e+01 1.109585659769187372e-03
3.537768884442220951e+01 1.082360994220375825e-03
3.541770885442721095e+01 1.056594410074341130e-03
3.545772886443221239e+01 1.032155412046353946e-03
3.549774887443722093e+01 1.008929487188347596e-03
3.553776888444222237e+01 9.868157096321944141e-04
3.557778889444722381e+01 9.657247601655952370e-04
3.561780890445222525e+01 9.455772801869953125e-04
3.565782891445722669e+01 9.263024967207535544e-04
3.569784892446222813e+01 9.078370683552432208e-04
3.573786893446722956e+01 8.901241121725066933e-04
3.577788894447223811e+01 8.731123796895136607e-04
3.581790895447723955e+01 8.567555560628168374e-04
3.585792896448224099e+01 8.410116617201055921e-04
3.589794897448724242e+01 8.258425394747505961e-04
3.593796898449224386e+01 8.112134132801642958e-04
3.597798899449724530e+01 7.970925072634151964e-04
3.601800900450224674e+01 7.834507156746566784e-04
3.605802901450725528e+01 7.702613160029474996e-04
3.609804902451225672e+01 7.574997188192849305e-04
3.613806903451725816e+01 7.451432489757529691e-04
3.617808904452225960e+01 7.331709536641415823e-04
3.621810905452726104e+01 7.215634335558917525e-04
3.625812906453226248e+01 7.103026938380897423e-04
3.629814907453727102e+01 6.993720124510858149e-04
3.633816908454227246e+01 6.887558232412088061e-04
3.637818909454727390e+01 6.784396120821388531e-04
3.641820910455227533e+01 6.684098243030994280e-04
3.645822911455727677e+01 6.586537820007760209e-04
3.649824912456227821e+01 6.491596100129685878e-04
3.653826913456727965e+01 6.399161695017709399e-04
3.657828914457228819e+01 6.309129982378367581e-04
3.661830915457728963e+01 6.221402567994627469e-04
3.665832916458229107e+01 6.135886800041711166e-04
3.669834917458729251e+01 6.052495329793594094e-04
3.673836918459229395e+01 5.971145713545688433e-04
3.677838919459729539e+01 5.891760051232207071e-04
3.681840920460229682e+01 5.814264657778034926e-04
3.685842921460730537e+01 5.738589763709456889e-04
3.689844922461230681e+01 5.664669241966553562e-04
3.693846923461730825e+01 5.592440358222719888e-04
3.697848924462230968e+01 5.521843542332070549e-04
3.701850925462731112e+01 5.452822178799071650e-04
3.705852926463231256e+01 5.385322414403967417e-04
3.709854927463732110e+01 5.319292981326278471e-04
3.713856928464232254e+01 5.254685034291462073e-04
3.717858929464732398e+01 5.191452000425924532e-04
3.721860930465232542e+01 5.129549440646872464e-04
3.725862931465732686e+01 5.068934921537087508e-04
3.729864932466232830e+01 5.009567896764397909e-04
3.733866933466732974e+01 4.951409597202131646e-04
3.737868934467233828e+01 4.894422928992435765e-04
3.741870935467733972e+01 4.838572378870228236e-04
3.745872936468234116e+01 4.783823926132655356e-04
3.749874937468734259e+01 4.730144960699226154e-04
3.753876938469234403e+01 4.677504206760709762e-04
3.757878939469734547e+01 4.625871651562793669e-04
3.761880940470234691e+01 4.575218478912818835e-04
3.765882941470735545e+01 4.525517007036095941e-04
3.769884942471235689e+01 4.476740630442346651e-04
3.773886943471735833e+01 4.428863765493285302e-04
3.777888944472235977e+01 4.381861799390150995e-04
3.781890945472736121e+01 4.335711042324357791e-04
3.785892946473236265e+01 4.290388682557004854e-04
3.789894947473736408e+01 4.245872744212904120e-04
3.793896948474237263e+01 4.202142047593033971e-04
3.797898949474737407e+01 4.159176171825753059e-04
3.801900950475237551e+01 4.116955419691805339e-04
3.805902951475737694e+01 4.075460784471908048e-04
3.809904952476237838e+01 4.034673918677669324e-04
3.813906953476737982e+01 3.994577104537858428e-04
3.817908954477238836e+01 3.955153226122046207e-04
3.821910955477738980e+01 3.916385742993009657e-04
3.825912956478239124e+01 3.878258665287376067e-04
3.829914957478739268e+01 3.840756530132018870e-04
3.833916958479239412e+01 3.803864379310400372e-04
3.837918959479739556e+01 3.767567738099588271e-04
3.841920960480239700e+01 3.731852595204511350e-04
3.845922961480740554e+01 3.696705383721358290e-04
3.849924962481240698e+01 3.662112963066986538e-04
3.853926963481740842e+01 3.628062601815588289e-04
3.857928964482240985e+01 3.594541961388248992e-04
3.861930965482741129e+01 3.561539080544586151e-04
3.865932966483241273e+01 3.529042360629330573e-04
3.869934967483741417e+01 3.497040551529893241e-04
3.873936968484242271e+01 3.465522738303931732e-04
3.877938969484742415e+01 3.434478328438733273e-04
3.881940970485242559e+01 3.403897039706649339e-04
3.885942971485742703e+01 3.373768888583360184e-04
3.889944972486242847e+01 3.344084179197711238e-04
3.893946973486742991e+01 3.314833492784034384e-04
3.897948974487243845e+01 3.286007677609606740e-04
3.901950975487743989e+01 3.257597839351774704e-04
3.905952976488244133e+01 3.229595331900652830e-04
3.909954977488744277e+01 3.201991748565060801e-04
3.913956978489244420e+01 3.174778913660526746e-04
3.917958979489744564e+01 3.147948874459562617e-04
3.921960980490244708e+01 3.121493893485653877e-04
3.925962981490745562e+01 3.095406441133375037e-04
3.929964982491245706e+01 3.069679188598298074e-04
3.933966983491745850e+01 3.044305001101062246e-04
3.937968984492245994e+01 3.019276931391142588e-04
3.941970985492746138e+01 2.994588213516509770e-04
3.945972986493246282e+01 2.970232256846217530e-04
3.949974987493746426e+01 2.946202640333725259e-04
3.953976988494247280e+01 2.922493107009389488e-04
3.957978989494747424e+01 2.899097558691283343e-04
3.961980990495247568e+01 2.876010050903951868e-04
3.965982991495747711e+01 2.853224787995518354e-04
3.969984992496247855e+01 2.830736118443820219e-04
3.973986993496747999e+01 2.808538530342952351e-04
3.977988994497248854e+01 2.786626647061946505e-04
3.981990995497748997e+01 2.764995223067820093e-04
3.985992996498249141e+01 2.743639139905548600e-04
3.989994997498749285e+01 2.722553402328045506e-04
3.993996998499249429e+01 2.701733134569443370e-04
3.997998999499749573e+01 2.681173576755425665e-04
4.002001000500249717e+01 2.660870081444582274e-04
4.006003001500750571e+01 2.640818110295179528e-04
4.010005002501250715e+01 2.621013230851929206e-04
4.014007003501750859e+01 2.601451113447598930e-04
4.018009004502251003e+01 2.582127528214682097e-04
4.022011005502751146e+01 2.563038342202430034e-04
4.026013006503251290e+01 2.544179516594892768e-04
4.030015007503751434e+01 2.525547104025743263e-04
4.034017008504252289e+01 2.507137245985934307e-04
4.038019009504752432e+01 2.488946170320387370e-04
4.042021010505252576e+01 2.470970188810060210e-04
4.046023011505752720e+01 2.453205694836012698e-04
4.050025012506252864e+01 2.435649161122130683e-04
4.054027013506753008e+01 2.418297137553416598e-04
4.058029014507253862e+01 2.401146249066824835e-04
4.062031015507754006e+01 2.384193193611841403e-04
4.066033016508254150e+01 2.367434740178013086e-04
4.070035017508754294e+01 2.350867726886911801e-04
4.074037018509254438e+01 2.334489059145996616e-04
4.078039019509754581e+01 2.318295707862025020e-04
4.082041020510254725e+01 2.302284707711747206e-04
4.086043021510755580e+01 2.286453155467707099e-04
4.090045022511255723e+01 2.270798208377109112e-04
4.094047023511755867e+01 2.255317082591718576e-04
4.098049024512256011e+01 2.240007051646959464e-04
4.102051025512756155e+01 2.224865444988354348e-04
4.106053026513256299e+01 2.209889646543586772e-04
4.110055027513756443e+01 2.195077093338518260e-04
4.114057028514257297e+01 2.180425274155574594e-04
4.118059029514757441e+01 2.165931728232969920e-04
4.122061030515257585e+01 2.151594044003293359e-04
4.126063031515757729e+01 2.137409857870088768e-04
4.130065032516257872e+01 2.123376853021049907e-04
4.134067033516758016e+01 2.109492758276563314e-04
4.138069034517258160e+01 2.095755346972347699e-04
4.142071035517759015e+01 2.082162435875011626e-04
4.146073036518259158e+01 2.068711884129396472e-04
4.150075037518759302e+01 2.055401592236582252e-04
4.154077038519259446e+01 2.042229501061544204e-04
4.158079039519759590e+01 2.029193590869427162e-04
4.162081040520259734e+01 2.016291880389468167e-04
4.166083041520760588e+01 2.003522425905647920e-04
4.170085042521260732e+01 1.990883320373178493e-04
4.174087043521760876e+01 1.978372692559929866e-04
4.178089044522261020e+01 1.965988706212023595e-04
4.182091045522761164e+01 1.953729559242759059e-04
4.186093046523261307e+01 1.941593482944112790e-04
4.190095047523761451e+01 1.929578741220085842e-04
4.194097048524262306e+01 1.917683629841172757e-04
4.198099049524762449e+01 1.905906475719296221e-04
4.202101050525262593e+01 1.894245636202506714e-04
4.206103051525762737e+01 1.882699498388863593e-04
4.210105052526262881e+01 1.871266478458857125e-04
4.214107053526763025e+01 1.859945021025785714e-04
4.218109054527263169e+01 1.848733598503538641e-04
4.222111055527764023e+01 1.837630710491220797e-04
4.226113056528264167e+01 1.826634883174110932e-04
4.230115057528764311e+01 1.815744668740420511e-04
4.234117058529264455e+01 1.804958644813400002e-04
4.238119059529764598e+01 1.794275413898289246e-04
4.242121060530264742e+01 1.783693602843680398e-04
4.246123061530765597e+01 1.773211862316830206e-04
4.250125062531265741e+01 1.762828866292534861e-04
4.254127063531765884e+01 1.752543311555107954e-04
4.258129064532266028e+01 1.742353917213119779e-04
4.262131065532766172e+01 1.732259424226478915e-04
4.266133066533266316e+01 1.722258594945513756e-04
4.270135067533766460e+01 1.712350212661670733e-04
4.274137068534267314e+01 1.702533081169518858e-04
4.278139069534767458e+01 1.692806024339708513e-04
4.282141070535267602e+01 1.683167885702558124e-04
4.286143071535767746e+01 1.673617528041986566e-04
4.290145072536267890e+01 1.664153832999458178e-04
4.294147073536768033e+01 1.654775700687685050e-04
4.298149074537268177e+01 1.645482049313773257e-04
4.302151075537769032e+01 1.636271814811567462e-04
4.306153076538269175e+01 1.627143950482931242e-04
4.310155077538769319e+01 1.618097426647680437e-04
4.314157078539269463e+01 1.609131230301972994e-04
4.318159079539769607e+01 1.600244364784871541e-04
4.322161080540269751e+01 1.591435849452882965e-04
4.326163081540770605e+01 1.582704719362232695e-04
4.330165082541270749e+01 1.574050024958674194e-04
4.334167083541770893e+01 1.565470831774605151e-04
4.338169084542271037e+01 1.556966220133312038e-04
4.342171085542771181e+01 1.548535284860138922e-04
4.346173086543271324e+01 1.540177135000377518e-04
4.350175087543771468e+01 1.531890893543721001e-04
4.354177088544272323e+01 1.523675697155083984e-04
4.358179089544772467e+01 1.515530695911631177e-04
4.362181090545272610e+01 1.507455053045826080e-04
4.366183091545772754e+01 1.499447944694373399e-04
4.370185092546272898e+01 1.491508559652860301e-04
4.374187093546773042e+01 1.483636099135976700e-04
4.378189094547273186e+01 1.475829776543145441e-04
4.382191095547774040e+01 1.468088817229431468e-04
4.386193096548274184e+01 1.460412458281591186e-04
4.390195097548774328e+01 1.452799948299113503e-04
4.394197098549274472e+01 1.445250547180148713e-04
4.398199099549774616e+01 1.437763525912175080e-04
4.402201100550274759e+01 1.430338166367292520e-04
4.406203101550775614e+01 1.422973761102014649e-04
4.410205102551275758e+01 1.415669613161468635e-04
4.414207103551775901e+01 1.408425035887846501e-04
4.418209104552276045e+01 1.401239352733046309e-04
4.422211105552776189e+01 1.394111897075369624e-04
4.426213106553276333e+01 1.387042012040175232e-04
4.430215107553776477e+01 1.380029050324403455e-04
4.434217108554277331e+01 1.373072374024853978e-04
4.438219109554777475e+01 1.366171354470144543e-04
4.442221110555277619e+01 1.359325372056238831e-04
4.446223111555777763e+01 1.352533816085471174e-04
4.450225112556277907e+01 1.345796084608975656e-04
4.454227113556778050e+01 1.339111584272431252e-04
4.458229114557278194e+01 1.332479730165048182e-04
4.462231115557779049e+01 1.325899945671717161e-04
4.466233116558279193e+01 1.319371662328239680e-04
4.470235117558779336e+01 1.312894319679561248e-04
4.474237118559279480e+01 1.306467365140947438e-04
4.478239119559779624e+01 1.300090253862024666e-04
4.482241120560279768e+01 1.293762448593612239e-04
4.486243121560779912e+01 1.287483419557286068e-04
4.490245122561280766e+01 1.281252644317609226e-04
4.494247123561780910e+01 1.275069607656960271e-04
4.498249124562281054e+01 1.268933801452900223e-04
4.502251125562781198e+01 1.262844724558021816e-04
4.506253126563281342e+01 1.256801882682220600e-04
4.510255127563781485e+01 1.250804788277327961e-04
4.514257128564282340e+01 1.244852960424052421e-04
4.518259129564782484e+01 1.238945924721185561e-04
4.522261130565282627e+01 1.233083213176997212e-04
4.526263131565782771e+01 1.227264364102794185e-04
4.530265132566282915e+01 1.221488922008578276e-04
4.534267133566783059e+01 1.215756437500759382e-04
4.538269134567283203e+01 1.210066467181874117e-04
4.542271135567784057e+01 1.204418573552268736e-04
4.546273136568284201e+01 1.198812324913702172e-04
4.550275137568784345e+01 1.193247295274813100e-04
4.554277138569284489e+01 1.187723064258429726e-04
4.558279139569784633e+01 1.182239217010662283e-04
4.562281140570284776e+01 1.176795344111751800e-04
4.566283141570784920e+01 1.171391041488622142e-04
4.570285142571285775e+01 1.166025910329113256e-04
4.574287143571785919e+01 1.160699556997847213e-04
4.578289144572286062e+01 1.155411592953687629e-04
4.582291145572786206e+01 1.150161634668774290e-04
4.586293146573286350e+01 1.144949303549077561e-04
4.590295147573786494e+01 1.139774225856458211e-04
4.594297148574287348e+01 1.134636032632181283e-04
4.598299149574787492e+01 1.129534359621871823e-04
4.602301150575287636e+01 1.124468847201860148e-04
4.606303151575787780e+01 1.119439140306905268e-04
4.610305152576287924e+01 1.114444888359258928e-04
4.614307153576788068e+01 1.109485745199035569e-04
4.618309154577288211e+01 1.104561369015871135e-04
4.622311155577789066e+01 1.099671422281835620e-04
4.626313156578289210e+01 1.094815571685577959e-04
4.630315157578789353e+01 1.089993488067668946e-04
4.634317158579289497e+01 1.085204846357127028e-04
4.638319159579789641e+01 1.080449325509093078e-04
4.642321160580289785e+01 1.075726608443635448e-04
4.646323161580789929e+01 1.071036381985662403e-04
4.650325162581290783e+01 1.066378336805909674e-04
4.654327163581790927e+01 1.061752167362996219e-04
4.658329164582291071e+01 1.057157571846505914e-04
4.662331165582791215e+01 1.052594252121095443e-04
4.666333166583291359e+01 1.048061913671589890e-04
4.670335167583791502e+01 1.043560265549054524e-04
4.674337168584292357e+01 1.039089020317821087e-04
4.678339169584792501e+01 1.034647894003448937e-04
4.682341170585292645e+01 1.030236606041598138e-04
4.686343171585792788e+01 1.025854879227801764e-04
4.690345172586292932e+01 1.021502439668117891e-04
4.694347173586793076e+01 1.017179016730639064e-04
4.698349174587293220e+01 1.012884342997846760e-04
4.702351175587794074e+01 1.008618154219791205e-04
4.706353176588294218e+01 1.004380189268082302e-04
4.710355177588794362e+01 1.000170190090671896e-04
4.714357178589294506e+01 9.959879016674128699e-05
4.718359179589794650e+01 9.918330719663838229e-05
4.722361180590294794e+01 9.877054519009580505e-05
4.726363181590794937e+01 9.836047952876034151e-05
4.730365182591295792e+01 9.795308588044023977e-05
4.734367183591795936e+01 9.754834019502753892e-05
4.738369184592296079e+01 9.714621870048906888e-05
4.742371185592796223e+01 9.674669789892534843e-05
4.746373186593296367e+01 9.634975456269552463e-05
4.750375187593796511e+01 9.595536573060768973e-05
4.754377188594297365e+01 9.556350870417242049e-05
4.758379189594797509e+01 9.517416104391943174e-05
4.762381190595297653e+01 9.478730056577472840e-05
4.766383191595797797e+01 9.440290533749864888e-05
4.770385192596297941e+01 9.402095367518223878e-05
4.774387193596798085e+01 9.364142413980187311e-05
4.778389194597298228e+01 9.326429553383054182e-05
4.782391195597799083e+01 9.288954689790418560e-05
4.786393196598299227e+01 9.251715750754374611e-05
4.790395197598799371e+01 9.214710686992947481e-05
4.794397198599299514e+01 9.177937472072873358e-05
4.798399199599799658e+01 9.141394102097482059e-05
4.802401200600299802e+01 9.105078595399650979e-05
4.806403201600799946e+01 9.068988992239736876e-05
4.810405202601300800e+01 9.033123354508331001e-05
4.814407203601800944e+01 8.997479765433856556e-05
4.818409204602301088e+01 8.962056329294790257e-05
4.822411205602801232e+01 8.926851171136524301e-05
4.826413206603301376e+01 8.891862436492749440e-05
4.830415207603801520e+01 8.857088291111230439e-05
4.834417208604301663e+01 8.822526920683979328e-05
4.838419209604802518e+01 8.788176530581677363e-05
4.842421210605302662e+01 8.754035345592299641e-05
4.846423211605802805e+01 8.720101609663835271e-05
4.850425212606302949e+01 8.686373585651052990e-05
4.854427213606803093e+01 8.652849555066298643e-05
4.858429214607303237e+01 8.619527817834060277e-05
4.862431215607804091e+01 8.586406692049485141e-05
4.866433216608304235e+01 8.553484513740608735e-05
4.870435217608804379e+01 8.520759636634211856e-05
4.874437218609304523e+01 8.488230431925392408e-05
4.878439219609804667e+01 8.455895288050659499e-05
4.882441220610304811e+01 8.423752610464484798e-05
4.886443221610804954e+01 8.391800821419355860e-05
4.890445222611305809e+01 8.360038359749133560e-05
4.894447223611805953e+01 8.328463680655759707e-05
4.898449224612306097e+01 8.297075255499213205e-05
4.902451225612806240e+01 8.265871571590632078e-05
4.906453226613306384e+01 8.234851131988621701e-05
4.910455227613806528e+01 8.204012455298597436e-05
4.914457228614306672e+01 8.173354075475198273e-05
4.918459229614807526e+01 8.142874541627648146e-05
4.922461230615307670e+01 8.112572417828055435e-05
4.926463231615807814e+01 8.082446282922585608e-05
4.930465232616307958e+01 8.052494730345444651e-05
4.934467233616808102e+01 8.022716367935652968e-05
4.938469234617308246e+01 7.993109817756554182e-05
4.942471235617809100e+01 7.963673715917954474e-05
4.946473236618309244e+01 7.934406712400994121e-05
4.950475237618809388e+01 7.905307470885477455e-05
4.954477238619309531e+01 7.876374668579857769e-05
4.958479239619809675e+01 7.847606996053669800e-05
4.962481240620309819e+01 7.819003157072440980e-05
4.966483241620809963e+01 7.790561868434987922e-05
4.970485242621310817e+01 7.762281859813141528e-05
4.974487243621810961e+01 7.734161873593771951e-05
4.978489244622311105e+01 7.706200664723090391e-05
4.982491245622811249e+01 7.678397000553267013e-05
4.986493246623311393e+01 7.650749660691210491e-05
4.990495247623811537e+01 7.623257436849595922e-05
4.994497248624311680e+01 7.595919132699936456e-05
4.998499249624812535e+01 7.568733563727877544e-05
5.002501250625312679e+01 7.541699557090514577e-05
5.006503251625812823e+01 7.514815951475735270e-05
5.010505252626312966e+01 7.488081596963578669e-05
5.014507253626813110e+01 7.461495354889617539e-05
5.018509254627313254e+01 7.435056097710200174e-05
5.022511255627814108e+01 7.408762708869662727e-05
5.026513256628314252e+01 7.382614082669411806e-05
5.030515257628814396e+01 7.356609124138819027e-05
5.034517258629314540e+01 7.330746748907976341e-05
5.038519259629814684e+01 7.305025883082200990e-05
5.042521260630314828e+01 7.279445463118349715e-05
5.046523261630814972e+01 7.254004435702801298e-05
5.050525262631315826e+01 7.228701757631177875e-05
5.054527263631815970e+01 7.203536395689756264e-05
5.058529264632316114e+01 7.178507326538483902e-05
5.062531265632816257e+01 7.153613536595644130e-05
5.066533266633316401e+01 7.128854021924108477e-05
5.070535267633816545e+01 7.104227788119167814e-05
5.074537268634316689e+01 7.079733850197896298e-05
5.078539269634817543e+01 7.055371232490044041e-05
5.082541270635317687e+01 7.031138968530420560e-05
5.086543271635817831e+01 7.007036100952748672e-05
5.090545272636317975e+01 6.983061681384973931e-05
5.094547273636818119e+01 6.959214770346001152e-05
5.098549274637318263e+01 6.935494437143821414e-05
5.102551275637819117e+01 6.911899759775026850e-05
5.106553276638319261e+01 6.888429824825719990e-05
5.110555277638819405e+01 6.865083727373682133e-05
5.114557278639319549e+01 6.841860570891941694e-05
5.118559279639819692e+01 6.818759467153592097e-05
5.122561280640319836e+01 6.795779536137897155e-05
5.126563281640819980e+01 6.772919905937663612e-05
5.130565282641320835e+01 6.750179712667837481e-05
5.134567283641820978e+01 6.727558100375341792e-05
5.138569284642321122e+01 6.705054220950067655e-05
5.142571285642821266e+01 6.682667234037099966e-05
5.146573286643321410e+01 6.660396306950078812e-05
5.150575287643821554e+01 6.638240614585701996e-05
5.154577288644321698e+01 6.616199339339380885e-05
5.158579289644822552e+01 6.594271671021962840e-05
5.162581290645322696e+01 6.572456806777615104e-05
5.166583291645822840e+01 6.550753951002703432e-05
5.170585292646322984e+01 6.529162315265794241e-05
5.174587293646823127e+01 6.507681118228682672e-05
5.178589294647323271e+01 6.486309585568437108e-05
5.182591295647823415e+01 6.465046949900480440e-05
5.186593296648324269e+01 6.443892450702641713e-05
5.190595297648824413e+01 6.422845334240226910e-05
5.194597298649324557e+01 6.401904853492018091e-05
5.198599299649824701e+01 6.381070268077259147e-05
5.202601300650324845e+01 6.360340844183552298e-05
5.206603301650824989e+01 6.339715854495715449e-05
5.210605302651325843e+01 6.319194578125527251e-05
5.214607303651825987e+01 6.298776300542386947e-05
5.218609304652326131e+01 6.278460313504804992e-05
5.222611305652826275e+01 6.258245914992874878e-05
5.226613306653326418e+01 6.238132409141487636e-05
5.230615307653826562e+01 6.218119106174469261e-05
5.234617308654326706e+01 6.198205322339527229e-05
5.238619309654827561e+01 6.178390379844012873e-05
5.242621310655327704e+01 6.158673606791514529e-05
5.246623311655827848e+01 6.139054337119221824e-05
5.250625312656327992e+01 6.119531910536089555e-05
5.254627313656828136e+01 6.100105672461794400e-05
5.258629314657328280e+01 6.080774973966424817e-05
5.262631315657828424e+01 6.061539171710949534e-05
5.266633316658329278e+01 6.042397627888398905e-05
5.270635317658829422e+01 6.023349710165825532e-05
5.274637318659329566e+01 6.004394791626934389e-05
5.278639319659829710e+01 5.985532250715437999e-05
5.282641320660329853e+01 5.966761471179153614e-05
5.286643321660829997e+01 5.948081842014717717e-05
5.290645322661330852e+01 5.929492757413046581e-05
5.294647323661830995e+01 5.910993616705437876e-05
5.298649324662331139e+01 5.892583824310322106e-05
5.302651325662831283e+01 5.874262789680698458e-05
5.306653326663331427e+01 5.856029927252185931e-05
5.310655327663831571e+01 5.837884656391720246e-05
5.314657328664331715e+01 5.819826401346875523e-05
5.318659329664832569e+01 5.801854591195797185e-05
5.322661330665332713e+01 5.783968659797750135e-05
5.326663331665832857e+01 5.766168045744253772e-05
5.330665332666333001e+01 5.748452192310813980e-05
5.334667333666833144e+01 5.730820547409243309e-05
5.338669334667333288e+01 5.713272563540546293e-05
5.342671335667833432e+01 5.695807697748367192e-05
5.346673336668334287e+01 5.678425411573013727e-05
5.350675337668834430e+01 5.661125171006016807e-05
5.354677338669334574e+01 5.643906446445227622e-05
5.358679339669834718e+01 5.626768712650471739e-05
5.362681340670334862e+01 5.609711448699705320e-05
5.366683341670835006e+01 5.592734137945719547e-05
5.370685342671335860e+01 5.575836267973325472e-05
5.374687343671836004e+01 5.559017330557088429e-05
5.378689344672336148e+01 5.542276821619514427e-05
5.382691345672836292e+01 5.525614241189767792e-05
5.386693346673336436e+01 5.509029093362848245e-05
5.390695347673836579e+01 5.492520886259268071e-05
5.394697348674336723e+01 5.476089131985190068e-05
5.398699349674837578e+01 5.459733346593034417e-05
5.402701350675337721e+01 5.443453050042550406e-05
5.406703351675837865e+01 5.427247766162326568e-05
5.410705352676338009e+01 5.411117022611778562e-05
5.414707353676838153e+01 5.395060350843544292e-05
5.418709354677338297e+01 5.379077286066337785e-05
5.422711355677838441e+01 5.363167367208234723e-05
5.426713356678339295e+01 5.347330136880355729e-05
5.430715357678839439e+01 5.331565141341010453e-05
5.434717358679339583e+01 5.315871930460216370e-05
5.438719359679839727e+01 5.300250057684637722e-05
5.442721360680339870e+01 5.284699080002941190e-05
5.446723361680840014e+01 5.269218557911531717e-05
5.450725362681340869e+01 5.253808055380680675e-05
5.454727363681841013e+01 5.238467139821051806e-05
5.458729364682341156e+01 5.223195382050596457e-05
5.462731365682841300e+01 5.207992356261828299e-05
5.466733366683341444e+01 5.192857639989481572e-05
5.470735367683841588e+01 5.177790814078514248e-05
5.474737368684341732e+01 5.162791462652488629e-05
5.478739369684842586e+01 5.147859173082301601e-05
5.482741370685342730e+01 5.132993535955285552e-05
5.486743371685842874e+01 5.118194145044625056e-05
5.490745372686343018e+01 5.103460597279133390e-05
5.494747373686843162e+01 5.088792492713372593e-05
5.498749374687343305e+01 5.074189434498117769e-05
5.502751375687843449e+01 5.059651028851108701e-05
5.506753376688344304e+01 5.045176885028177546e-05
5.510755377688844447e+01 5.030766615294676042e-05
5.514757378689344591e+01 5.016419834897202902e-05
5.518759379689844735e+01 5.002136162035684936e-05
5.522761380690344879e+01 4.987915217835727177e-05
5.526763381690845023e+01 4.973756626321296416e-05
5.530765382691345167e+01 4.959660014387695420e-05
5.534767383691846021e+01 4.945625011774827873e-05
5.538769384692346165e+01 4.931651251040783135e-05
5.542771385692846309e+01 4.917738367535667675e-05
5.546773386693346453e+01 4.903885999375772592e-05
5.550775387693846596e+01 4.890093787417980353e-05
5.554777388694346740e+01 4.876361375234489323e-05
5.558779389694847595e+01 4.862688409087778863e-05
5.562781390695347739e+01 4.849074537905873934e-05
5.566783391695847882e+01 4.835519413257861779e-05
5.570785392696348026e+01 4.822022689329685753e-05
5.574787393696848170e+01 4.808584022900189880e-05
5.578789394697348314e+01 4.795203073317433096e-05
5.582791395697848458e+01 4.781879502475250835e-05
5.586793396698349312e+01 4.768612974790071397e-05
5.590795397698849456e+01 4.755403157177995913e-05
5.594797398699349600e+01 4.742249719032093119e-05
5.598799399699849744e+01 4.729152332199967218e-05
5.602801400700349888e+01 4.716110670961550698e-05
5.606803401700850031e+01 4.703124412007141797e-05
5.610805402701350175e+01 4.690193234415670305e-05
5.614807403701851030e+01 4.677316819633195130e-05
5.618809404702351173e+01 4.664494851451639026e-05
5.622811405702851317e+01 4.651727015987738129e-05
5.626813406703351461e+01 4.639013001662217148e-05
5.630815407703851605e+01 4.626352499179192229e-05
5.634817408704351749e+01 4.613745201505783889e-05
5.638819409704852603e+01 4.601190803851937309e-05
5.642821410705352747e+01 4.588689003650491303e-05
5.646823411705852891e+01 4.576239500537396373e-05
5.650825412706353035e+01 4.563841996332197043e-05
5.654827413706853179e+01 4.551496195018689682e-05
5.658829414707353322e+01 4.539201802725783636e-05
5.662831415707853466e+01 4.526958527708579858e-05
5.666833416708354321e+01 4.514766080329612861e-05
5.670835417708854465e+01 4.502624173040335254e-05
5.674837418709354608e+01 4.490532520362749324e-05
5.678839419709854752e+01 4.478490838871252068e-05
5.682841420710354896e+01 4.466498847174669290e-05
5.686843421710855040e+01 4.454556265898467230e-05
5.690845422711355184e+01 4.442662817667156639e-05
5.694847423711856038e+01 4.430818227086856097e-05
5.698849424712356182e+01 4.419022220728084372e-05
5.702851425712856326e+01 4.407274527108655097e-05
5.706853426713356470e+01 4.395574876676822167e-05
5.710855427713856614e+01 4.383923001794547792e-05
5.714857428714356757e+01 4.372318636720963671e-05
5.718859429714857612e+01 4.360761517595985982e-05
5.722861430715357756e+01 4.349251382424128249e-05
5.726863431715857899e+01 4.337787971058427365e-05
5.730865432716358043e+01 4.326371025184587134e-05
5.734867433716858187e+01 4.315000288305247854e-05
5.738869434717358331e+01 4.303675505724425306e-05
5.742871435717858475e+01 4.292396424532113726e-05
5.746873436718359329e+01 4.281162793589025662e-05
5.750875437718859473e+01 4.269974363511518171e-05
5.754877438719359617e+01 4.258830886656629481e-05
5.758879439719859761e+01 4.247732117107297920e-05
5.762881440720359905e+01 4.236677810657719093e-05
5.766883441720860048e+01 4.225667724798843320e-05
5.770885442721360192e+01 4.214701618704023512e-05
5.774887443721861047e+01 4.203779253214817539e-05
5.778889444722361191e+01 4.192900390826905806e-05
5.782891445722861334e+01 4.182064795676177546e-05
5.786893446723361478e+01 4.171272233524930280e-05
5.790895447723861622e+01 4.160522471748227173e-05
5.794897448724361766e+01 4.149815279320377703e-05
5.798899449724862620e+01 4.139150426801551833e-05
5.802901450725362764e+01 4.128527686324538515e-05
5.806903451725862908e+01 4.117946831581613968e-05
5.810905452726363052e+01 4.107407637811557677e-05
5.814907453726863196e+01 4.096909881786787663e-05
5.818909454727363340e+01 4.086453341800628554e-05
5.822911455727863483e+01 4.076037797654690121e-05
5.826913456728364338e+01 4.065663030646389465e-05
5.830915457728864482e+01 4.055328823556581625e-05
5.834917458729364625e+01 4.045034960637300641e-05
5.838919459729864769e+01 4.034781227599657145e-05
5.842921460730364913e+01 4.024567411601813206e-05
5.846923461730865057e+01 4.014393301237092695e-05
5.850925462731365201e+01 4.004258686522208887e-05
5.854927463731866055e+01 3.994163358885601830e-05
5.858929464732366199e+01 3.984107111155887524e-05
5.862931465732866343e+01 3.974089737550416207e-05
5.866933466733366487e+01 3.964111033663949890e-05
5.870935467733866631e+01 3.954170796457440868e-05
5.874937468734366774e+01 3.944268824246928131e-05
5.878939469734866918e+01 3.934404916692513742e-05
5.882941470735367773e+01 3.924578874787486255e-05
5.886943471735867917e+01 3.914790500847521384e-05
5.890945472736368060e+01 3.905039598499974828e-05
5.894947473736868204e+01 3.895325972673309943e-05
5.898949474737368348e+01 3.885649429586600638e-05
5.902951475737868492e+01 3.876009776739153522e-05
5.906953476738369346e+01 3.866406822900197142e-05
5.910955477738869490e+01 3.856840378098716910e-05
5.914957478739369634e+01 3.847310253613333403e-05
5.918959479739869778e+01 3.837816261962316176e-05
5.922961480740369922e+01 3.828358216893678224e-05
5.926963481740870066e+01 3.818935933375354464e-05
5.930965482741370209e+01 3.809549227585487963e-05
5.934967483741871064e+01 3.800197916902803578e-05
5.938969484742371208e+01 3.790881819897063586e-05
5.942971485742871351e+01 3.781600756319622930e-05
5.946973486743371495e+01 3.772354547094062388e-05
5.950975487743871639e+01 3.763143014306922715e-05
5.954977488744371783e+01 3.753965981198514667e-05
5.958979489744871927e+01 3.744823272153821196e-05
5.962981490745372781e+01 3.735714712693474174e-05
5.966983491745872925e+01 3.726640129464829377e-05
5.970985492746373069e+01 3.717599350233112619e-05
5.974987493746873213e+01 3.708592203872653978e-05
5.978989494747373357e+01 3.699618520358202657e-05
5.982991495747873500e+01 3.690678130756315034e-05
5.986993496748374355e+01 3.681770867216834864e-05
5.990995497748874499e+01 3.672896562964443953e-05
5.994997498749374643e+01 3.664055052290284670e-05
5.998999499749874786e+01 3.655246170543675958e-05
6.003001500750374930e+01 3.646469754123890343e-05
6.007003501750875074e+01 3.637725640472012928e-05
6.011005502751375218e+01 3.629013668062871541e-05
6.015007503751876072e+01 3.620333676397044812e-05
6.019009504752376216e+01 3.611685505992947497e-05
6.023011505752876360e+01 3.603068998378967296e-05
6.027013506753376504e+01 3.594483996085697907e-05
6.031015507753876648e+01 3.585930342638228314e-05
6.035017508754376792e+01 3.577407882548507966e-05
6.039019509754876935e+01 3.568916461307778374e-05
6.043021510755377790e+01 3.560455925379069075e-05
6.047023511755877934e+01 3.552026122189773556e-05
6.051025512756378077e+01 3.543626900124282101e-05
6.055027513756878221e+01 3.535258108516678335e-05
6.059029514757378365e+01 3.526919597643513694e-05
6.063031515757878509e+01 3.518611218716634071e-05
6.067033516758379363e+01 3.510332823876080328e-05
6.071035517758879507e+01 3.502084266183051140e-05
6.075037518759379651e+01 3.493865399612918030e-05
6.079039519759879795e+01 3.485676079048316285e-05
6.083041520760379939e+01 3.477516160272290090e-05
6.087043521760880083e+01 3.469385499961505424e-05
6.091045522761380226e+01 3.461283955679514450e-05
6.095047523761881081e+01 3.453211385870078867e-05
6.099049524762381225e+01 3.445167649850573889e-05
6.103051525762881369e+01 3.437152607805418666e-05
6.107053526763381512e+01 3.429166120779581905e-05
6.111055527763881656e+01 3.421208050672157298e-05
6.115057528764381800e+01 3.413278260229963342e-05
6.119059529764881944e+01 3.405376613041234636e-05
6.123061530765382798e+01 3.397502973529335541e-05
6.127063531765882942e+01 3.389657206946565320e-05
6.131065532766383086e+01 3.381839179367980900e-05
6.135067533766883230e+01 3.374048757685296193e-05
6.139069534767383374e+01 3.366285809600835647e-05
6.143071535767883518e+01 3.358550203621520980e-05
6.147073536768384372e+01 3.350841809052942634e-05
6.151075537768884516e+01 3.343160495993448836e-05
6.155077538769384660e+01 3.335506135328305139e-05
6.159079539769884803e+01 3.327878598723905458e-05
6.163081540770384947e+01 3.320277758622019700e-05
6.167083541770885091e+01 3.312703488234115936e-05
6.171085542771385235e+01 3.305155661535696797e-05
6.175087543771886089e+01 3.297634153260720573e-05
6.179089544772386233e+01 3.290138838896046719e-05
6.183091545772886377e+01 3.282669594675936906e-05
6.187093546773386521e+01 3.275226297576604883e-05
6.191095547773886665e+01 3.267808825310812397e-05
6.195097548774386809e+01 3.260417056322508498e-05
6.199099549774886952e+01 3.253050869781512879e-05
6.203101550775387807e+01 3.245710145578260884e-05
6.207103551775887951e+01 3.238394764318575623e-05
6.211105552776388095e+01 3.231104607318481417e-05
6.215107553776888238e+01 3.223839556599088397e-05
6.219109554777388382e+01 3.216599494881485914e-05
6.223111555777888526e+01 3.209384305581709128e-05
6.227113556778388670e+01 3.202193872805725929e-05
6.231115557778889524e+01 3.195028081344485521e-05
6.235117558779389668e+01 3.187886816668994113e-05
6.239119559779889812e+01 3.180769964925440749e-05
6.243121560780389956e+01 3.173677412930354317e-05
6.247123561780890100e+01 3.166609048165816115e-05
6.251125562781390244e+01 3.159564758774711045e-05
6.255127563781891098e+01 3.152544433555991011e-05
6.259129564782391242e+01 3.145547961960023684e-05
6.263131565782891386e+01 3.138575234083947378e-05
6.267133566783391529e+01 3.131626140667072674e-05
6.271135567783891673e+01 3.124700573086319966e-05
6.275137568784391817e+01 3.117798423351715278e-05
6.279139569784891961e+01 3.110919584101896917e-05
6.283141570785392815e+01 3.104063948599658057e-05
6.287143571785892959e+01 3.097231410727571297e-05
6.291145572786393103e+01 3.090421864983584096e-05
6.295147573786893247e+01 3.083635206476706354e-05
6.299149574787393391e+01 3.076871330922702067e-05
6.303151575787893535e+01 3.070130134639825699e-05
6.307153576788393678e+01 3.063411514544597185e-05
6.311155577788894533e+01 3.056715368147606743e-05
6.315157578789394677e+01 3.050041593549365093e-05
6.319159579789894821e+01 3.043390089436164174e-05
6.323161580790394964e+01 3.036760755075997159e-05
6.327163581790895108e+01 3.030153490314502177e-05
6.331165582791395252e+01 3.023568195570936544e-05
6.335167583791896107e+01 3.017004771834184181e-05
6.339169584792396250e+01 3.010463120658811833e-05
6.343171585792896394e+01 3.003943144161122229e-05
6.347173586793396538e+01 2.997444745015278406e-05
6.351175587793896682e+01 2.990967826449440555e-05
6.355177588794396826e+01 2.984512292241926930e-05
6.359179589794896970e+01 2.978078046717424902e-05
6.363181590795397824e+01 2.971664994743222337e-05
6.367183591795897968e+01 2.965273041725470491e-05
6.371185592796398112e+01 2.958902093605468919e-05
6.375187593796898256e+01 2.952552056856003925e-05
6.379189594797398399e+01 2.946222838477689714e-05
6.383191595797898543e+01 2.939914345995357664e-05
6.387193596798398687e+01 2.933626487454465921e-05
6.391195597798899541e+01 2.927359171417541521e-05
6.395197598799399685e+01 2.921112306960647927e-05
6.399199599799899829e+01 2.914885803669886439e-05
6.403201600800400684e+01 2.908679571637919637e-05
6.407203601800900117e+01 2.902493521460528357e-05
6.411205602801400971e+01 2.896327564233183247e-05
6.415207603801900405e+01 2.890181611547674922e-05
6.419209604802401259e+01 2.884055575488724145e-05
6.423211605802900692e+01 2.877949368630668573e-05
6.427213606803401547e+01 2.871862904034130185e-05
6.431215607803902401e+01 2.865796095242755906e-05
6.435217608804401834e+01 2.859748856279936195e-05
6.439219609804902689e+01 2.853721101645585308e-05
6.443221610805402122e+01 2.847712746312940868e-05
6.447223611805902976e+01 2.841723705725361063e-05
6.451225612806402410e+01 2.835753895793197737e-05
6.455227613806903264e+01 2.829803232890638995e-05
6.459229614807404118e+01 2.823871633852620579e-05
6.463231615807903552e+01 2.817959015971743006e-05
6.467233616808404406e+01 2.812065296995200228e-05
6.471235617808903839e+01 2.806190395121766230e-05
6.475237618809404694e+01 2.800334228998768406e-05
6.479239619809904127e+01 2.794496717719115156e-05
6.483241620810404982e+01 2.788677780818320427e-05
6.487243621810905836e+01 2.782877338271578737e-05
6.491245622811405269e+01 2.777095310490843594e-05
6.495247623811906124e+01 2.771331618321922844e-05
6.499249624812405557e+01 2.765586183041628579e-05
6.503251625812906411e+01 2.759858926354909762e-05
6.507253626813405845e+01 2.754149770392043121e-05
6.511255627813906699e+01 2.748458637705810165e-05
6.515257628814407553e+01 2.742785451268730431e-05
6.519259629814906987e+01 2.737130134470299817e-05
6.523261630815407841e+01 2.731492611114234002e-05
6.527263631815907274e+01 2.725872805415772168e-05
6.531265632816408129e+01 2.720270641998964801e-05
6.535267633816907562e+01 2.714686045894007570e-05
6.539269634817408416e+01 2.709118942534572834e-05
6.543271635817909271e+01 2.703569257755189940e-05
6.547273636818408704e+01 2.698036917788618742e-05
6.551275637818909559e+01 2.692521849263254969e-05
6.555277638819408992e+01 2.687023979200564734e-05
6.559279639819909846e+01 2.681543235012515312e-05
6.563281640820410701e+01 2.676079544499050981e-05
6.567283641820910134e+01 2.670632835845575980e-05
6.571285642821410988e+01 2.665203037620443566e-05
6.575287643821910422e+01 2.659790078772501987e-05
6.579289644822411276e+01 2.654393888628607258e-05
6.583291645822910709e+01 2.649014396891209789e-05
6.587293646823411564e+01 2.643651533635908501e-05
6.591295647823912418e+01 2.638305229309066929e-05
6.595297648824411851e+01 2.632975414725417817e-05
6.599299649824912706e+01 2.627662021065693457e-05
6.603301650825412139e+01 2.622364979874285167e-05
6.607303651825912993e+01 2.617084223056903789e-05
6.611305652826412427e+01 2.611819682878275078e-05
6.615307653826913281e+01 2.606571291959826627e-05
6.619309654827414136e+01 2.601338983277429336e-05
6.623311655827913569e+01 2.596122690159123641e-05
6.627313656828414423e+01 2.590922346282870805e-05
6.631315657828913857e+01 2.585737885674336747e-05
6.635317658829414711e+01 2.580569242704667729e-05
6.639319659829914144e+01 2.575416352088307384e-05
6.643321660830414999e+01 2.570279148880809679e-05
6.647323661830915853e+01 2.565157568476678638e-05
6.651325662831415286e+01 2.560051546607227386e-05
6.655327663831916141e+01 2.554961019338439218e-05
6.659329664832415574e+01 2.549885923068862217e-05
6.663331665832916428e+01 2.544826194527501832e-05
6.667333666833415862e+01 2.539781770771749379e-05
6.671335667833916716e+01 2.534752589185301045e-05
6.675337668834417570e+01 2.529738587476118239e-05
6.679339669834917004e+01 2.524739703674385897e-05
6.683341670835417858e+01 2.519755876130482658e-05
6.687343671835917291e+01 2.514787043512990334e-05
6.691345672836418146e+01 2.509833144806687119e-05
6.695347673836917579e+01 2.504894119310578407e-05
6.699349674837418434e+01 2.499969906635929985e-05
6.703351675837919288e+01 2.495060446704322899e-05
6.707353676838418721e+01 2.490165679745718502e-05
6.711355677838919576e+01 2.485285546296532629e-05
6.715357678839419009e+01 2.480419987197740624e-05
6.719359679839919863e+01 2.475568943592975916e-05
6.723361680840420718e+01 2.470732356926656043e-05
6.727363681840920151e+01 2.465910168942123926e-05
6.731365682841421005e+01 2.461102321679781003e-05
6.735367683841920439e+01 2.456308757475268826e-05
6.739369684842421293e+01 2.451529418957631331e-05
6.743371685842920726e+01 2.446764249047514390e-05
6.747373686843421581e+01 2.442013190955359258e-05
6.751375687843922435e+01 2.437276188179624139e-05
6.755377688844421868e+01 2.432553184505014231e-05
6.759379689844922723e+01 2.427844124000714474e-05
6.763381690845422156e+01 2.423148951018653472e-05
6.767383691845923011e+01 2.418467610191764701e-05
6.771385692846422444e+01 2.413800046432267038e-05
6.775387693846923298e+01 2.409146204929953070e-05
6.779389694847424153e+01 2.404506031150502147e-05
6.783391695847923586e+01 2.399879470833790384e-05
6.787393696848424440e+01 2.395266469992212853e-05
6.791395697848923874e+01 2.390666974909036953e-05
6.795397698849424728e+01 2.386080932136740534e-05
6.799399699849924161e+01 2.381508288495394398e-05
6.803401700850425016e+01 2.376948991071012961e-05
6.807403701850925870e+01 2.372402987213965555e-05
6.811405702851425303e+01 2.367870224537360968e-05
6.815407703851926158e+01 2.363350650915459089e-05
6.819409704852425591e+01 2.358844214482101861e-05
6.823411705852926445e+01 2.354350863629128655e-05
6.827413706853425879e+01 2.349870547004839411e-05
6.831415707853926733e+01 2.345403213512434404e-05
6.835417708854427588e+01 2.340948812308488909e-05
6.839419709854927021e+01 2.336507292801431589e-05
6.843421710855427875e+01 2.332078604650017462e-05
6.847423711855927309e+01 2.327662697761844922e-05
6.851425712856428163e+01 2.323259522291851062e-05
6.855427713856927596e+01 2.318869028640840554e-05
6.859429714857428451e+01 2.314491167454003337e-05
6.863431715857929305e+01 2.310125889619470257e-05
6.867433716858428738e+01 2.305773146266853124e-05
6.871435717858929593e+01 2.301432888765801363e-05
6.875437718859429026e+01 2.297105068724588151e-05
6.879439719859929880e+01 2.292789637988674185e-05
6.883441720860429314e+01 2.288486548639310757e-05
6.887443721860930168e+01 2.284195752992130630e-05
6.891445722861431022e+01 2.279917203595766695e-05
6.895447723861930456e+01 2.275650853230468259e-05
6.899449724862431310e+01 2.271396654906726820e-05
6.903451725862930743e+01 2.267154561863923861e-05
6.907453726863431598e+01 2.262924527568968824e-05
6.911455727863932452e+01 2.258706505714966892e-05
6.915457728864431886e+01 2.254500450219881362e-05
6.919459729864932740e+01 2.250306315225208538e-05
6.923461730865432173e+01 2.246124055094668565e-05
6.927463731865933028e+01 2.241953624412894213e-05
6.931465732866432461e+01 2.237794977984141026e-05
6.935467733866933315e+01 2.233648070830993723e-05
6.939469734867434170e+01 2.229512858193094979e-05
6.943471735867933603e+01 2.225389295525868094e-05
6.947473736868434457e+01 2.221277338499259998e-05
6.951475737868933891e+01 2.217176942996492046e-05
6.955477738869434745e+01 2.213088065112810479e-05
6.959479739869934178e+01 2.209010661154255510e-05
6.963481740870435033e+01 2.204944687636432789e-05
6.967483741870935887e+01 2.200890101283297067e-05
6.971485742871435320e+01 2.196846859025942630e-05
6.975487743871936175e+01 2.192814918001395429e-05
6.979489744872435608e+01 2.188794235551430964e-05
6.983491745872936463e+01 2.184784769221377593e-05
6.987493746873435896e+01 2.180786476758949662e-05
6.991495747873936750e+01 2.176799316113067756e-05
6.995497748874437605e+01 2.172823245432706395e-05
6.999499749874937038e+01 2.168858223065739697e-05
7.003501750875437892e+01 2.164904207557786367e-05
7.007503751875937326e+01 2.160961157651088561e-05
7.011505752876438180e+01 2.157029032283362633e-05
7.015507753876937613e+01 2.153107790586695621e-05
7.019509754877438468e+01 2.149197391886414625e-05
7.023511755877939322e+01 2.145297795699990071e-05
7.027513756878438755e+01 2.141408961735932198e-05
7.031515757878939610e+01 2.137530849892696686e-05
7.035517758879439043e+01 2.133663420257603171e-05
7.039519759879939897e+01 2.129806633105755102e-05
7.043521760880439331e+01 2.125960448898970114e-05
7.047523761880940185e+01 2.122124828284715472e-05
7.051525762881441040e+01 2.118299732095055721e-05
7.055527763881940473e+01 2.114485121345600668e-05
7.059529764882441327e+01 2.110680957234458113e-05
7.063531765882940761e+01 2.106887201141211308e-05
7.067533766883441615e+01 2.103103814625876093e-05
7.071535767883942469e+01 2.099330759427890894e-05
7.075537768884441903e+01 2.095567997465100956e-05
7.079539769884942757e+01 2.091815490832738862e-05
7.083541770885442190e+01 2.088073201802439935e-05
7.087543771885943045e+01 2.084341092821232917e-05
7.091545772886442478e+01 2.080619126510566559e-05
7.095547773886943332e+01 2.076907265665312152e-05
7.099549774887444187e+01 2.073205473252805029e-05
7.103551775887943620e+01 2.069513712411862004e-05
7.107553776888444474e+01 2.065831946451826594e-05
7.111555777888943908e+01 2.062160138851617977e-05
7.115557778889444762e+01 2.058498253258766723e-05
7.119559779889944195e+01 2.054846253488487129e-05
7.123561780890445050e+01 2.051204103522731248e-05
7.127563781890945904e+01 2.047571767509262576e-05
7.131565782891445338e+01 2.043949209760728382e-05
7.135567783891946192e+01 2.040336394753741863e-05
7.139569784892445625e+01 2.036733287127972429e-05
7.143571785892946480e+01 2.033139851685233958e-05
7.147573786893445913e+01 2.029556053388588635e-05
7.151575787893946767e+01 2.025981857361449097e-05
7.155577788894447622e+01 2.022417228886692775e-05
7.159579789894947055e+01 2.018862133405775560e-05
7.163581790895447909e+01 2.015316536517855630e-05
7.167583791895947343e+01 2.011780403978922363e-05
7.171585792896448197e+01 2.008253701700926942e-05
7.175587793896947630e+01 2.004736395750931257e-05
7.179589794897448485e+01 2.001228452350239524e-05
7.183591795897949339e+01 1.997729837873559727e-05
7.187593796898448772e+01 1.994240518848157257e-05
7.191595797898949627e+01 1.990760461953012628e-05
7.195597798899449060e+01 1.987289634017993414e-05
7.199599799899949915e+01 1.983828002023022125e-05
7.203601800900449348e+01 1.980375533097261361e-05
7.207603801900950202e+01 1.976932194518289142e-05
7.211605802901451057e+01 1.973497953711290836e-05
7.215607803901950490e+01 1.970072778248252787e-05
7.219609804902451344e+01 1.966656635847161019e-05
7.223611805902950778e+01 1.963249494371205025e-05
7.227613806903451632e+01 1.959851321827983252e-05
7.231615807903951065e+01 1.956462086368728235e-05
7.235617808904451920e+01 1.953081756287507675e-05
7.239619809904952774e+01 1.949710300020467867e-05
7.243621810905452207e+01 1.946347686145050030e-05
7.247623811905953062e+01 1.942993883379226617e-05
7.251625812906452495e+01 1.939648860580745426e-05
7.255627813906953349e+01 1.936312586746366253e-05
7.259629814907454204e+01 1.932985031011114148e-05
7.263631815907953637e+01 1.929666162647534025e-05
7.267633816908454492e+01 1.926355951064938498e-05
7.271635817908953925e+01 1.923054365808687225e-05
7.275637818909454779e+01 1.919761376559437453e-05
7.279639819909954213e+01 1.916476953132432171e-05
7.283641820910455067e+01 1.913201065476758449e-05
7.287643821910955921e+01 1.909933683674648128e-05
7.291645822911455355e+01 1.906674777940749370e-05
7.295647823911956209e+01 1.903424318621421587e-05
7.299649824912455642e+01 1.900182276194034103e-05
7.303651825912956497e+01 1.896948621266257012e-05
7.307653826913455930e+01 1.893723324575374067e-05
7.311655827913956784e+01 1.890506356987580998e-05
7.315657828914457639e+01 1.887297689497307549e-05
7.319659829914957072e+01 1.884097293226530022e-05
7.323661830915457926e+01 1.880905139424085521e-05
7.327663831915957360e+01 1.877721199465011607e-05
7.331665832916458214e+01 1.874545444849859521e-05
7.335667833916957647e+01 1.871377847204044002e-05
7.339669834917458502e+01 1.868218378277163629e-05
7.343671835917959356e+01 1.865067009942358430e-05
7.347673836918458790e+01 1.861923714195648857e-05
7.351675837918959644e+01 1.858788463155282218e-05
7.355677838919459077e+01 1.855661229061095368e-05
7.359679839919959932e+01 1.852541984273863845e-05
7.363681840920459365e+01 1.849430701274673041e-05
7.367683841920960219e+01 1.846327352664275126e-05
7.371685842921461074e+01 1.843231911162466317e-05
7.375687843921960507e+01 1.840144349607458711e-05
7.379689844922461361e+01 1.837064640955252809e-05
7.383691845922960795e+01 1.833992758279030699e-05
7.387693846923461649e+01 1.830928674768526201e-05
7.391695847923961082e+01 1.827872363729427543e-05
7.395697848924461937e+01 1.824823798582762751e-05
7.399699849924962791e+01 1.821782952864299610e-05
7.403701850925462224e+01 1.818749800223945970e-05
7.407703851925963079e+01 1.815724314425149700e-05
7.411705852926462512e+01 1.812706469344314242e-05
7.415707853926963367e+01 1.809696238970199248e-05
7.419709854927464221e+01 1.806693597403346969e-05
7.423711855927963654e+01 1.803698518855494074e-05
7.427713856928464509e+01 1.800710977648994316e-05
7.431715857928963942e+01 1.797730948216245934e-05
7.435717858929464796e+01 1.794758405099119400e-05
7.439719859929964230e+01 1.791793322948393295e-05
7.443721860930465084e+01 1.788835676523181713e-05
7.447723861930965938e+01 1.785885440690386400e-05
7.451725862931465372e+01 1.782942590424130939e-05
7.455727863931966226e+01 1.780007100805206110e-05
7.459729864932465659e+01 1.777078947020529145e-05
7.463731865932966514e+01 1.774158104362582992e-05
7.467733866933465947e+01 1.771244548228887767e-05
7.471735867933966802e+01 1.768338254121444423e-05
7.475737868934467656e+01 1.765439197646212976e-05
7.479739869934967089e+01 1.762547354512568372e-05
7.483741870935467944e+01 1.759662700532771602e-05
7.487743871935967377e+01 1.756785211621448263e-05
7.491745872936468231e+01 1.753914863795052561e-05
7.495747873936967665e+01 1.751051633171360784e-05
7.499749874937468519e+01 1.748195495968941733e-05
7.503751875937969373e+01 1.745346428506646476e-05
7.507753876938468807e+01 1.742504407203098428e-05
7.511755877938969661e+01 1.739669408576178359e-05
7.515757878939469094e+01 1.736841409242527353e-05
7.519759879939969949e+01 1.734020385917034863e-05
7.523761880940469382e+01 1.731206315412347430e-05
7.527763881940970236e+01 1.728399174638368258e-05
7.531765882941471091e+01 1.725598940601759493e-05
7.535767883941970524e+01 1.722805590405463149e-05
7.539769884942471379e+01 1.720019101248198979e-05
7.543771885942970812e+01 1.717239450423992513e-05
7.547773886943471666e+01 1.714466615321680388e-05
7.551775887943971100e+01 1.711700573424444484e-05
7.555777888944471954e+01 1.708941302309325042e-05
7.559779889944972808e+01 1.706188779646750740e-05
7.563781890945472242e+01 1.703442983200073154e-05
7.567783891945973096e+01 1.700703890825090394e-05
7.571785892946472529e+01 1.697971480469587669e-05
7.575787893946973384e+01 1.695245730172868711e-05
7.579789894947472817e+01 1.692526618065308538e-05
7.583791895947973671e+01 1.689814122367881832e-05
7.587793896948474526e+01 1.687108221391717732e-05
7.591795897948973959e+01 1.684408893537648201e-05
7.595797898949474813e+01 1.681716117295752996e-05
7.599799899949974247e+01 1.679029871244922263e-05
7.603801900950475101e+01 1.676350134052401850e-05
7.607803901950975956e+01 1.673676884473364028e-05
7.611805902951475389e+01 1.671010101350462970e-05
7.615807903951976243e+01 1.668349763613395648e-05
7.619809904952475677e+01 1.665695850278476963e-05
7.623811905952976531e+01 1.663048340448201320e-05
7.627813906953475964e+01 1.660407213310819788e-05
7.631815907953976819e+01 1.657772448139908792e-05
7.635817908954477673e+01 1.655144024293952695e-05
7.639819909954977106e+01 1.652521921215922992e-05
7.643821910955477961e+01 1.649906118432849372e-05
7.647823911955977394e+01 1.647296595555420258e-05
7.651825912956478248e+01 1.644693332277554886e-05
7.655827913956977682e+01 1.642096308376002150e-05
7.659829914957478536e+01 1.639505503709925893e-05
7.663831915957979390e+01 1.636920898220499350e-05
7.667833916958478824e+01 1.634342471930506365e-05
7.671835917958979678e+01 1.631770204943930409e-05
7.675837918959479111e+01 1.629204077445567316e-05
7.679839919959979966e+01 1.626644069700614983e-05
7.683841920960479399e+01 1.624090162054291187e-05
7.687843921960980254e+01 1.621542334931428363e-05
7.691845922961481108e+01 1.619000568836095492e-05
7.695847923961980541e+01 1.616464844351205753e-05
7.699849924962481396e+01 1.613935142138123838e-05
7.703851925962980829e+01 1.611411442936295970e-05
7.707853926963481683e+01 1.608893727562854507e-05
7.711855927963981117e+01 1.606381976912252022e-05
7.715857928964481971e+01 1.603876171955871671e-05
7.719859929964982825e+01 1.601376293741664663e-05
7.723861930965482259e+01 1.598882323393766719e-05
7.727863931965983113e+01 1.596394242112135207e-05
7.731865932966482546e+01 1.593912031172178142e-05
7.735867933966983401e+01 1.591435671924386233e-05
7.739869934967482834e+01 1.588965145793971368e-05
7.743871935967983688e+01 1.586500434280503749e-05
7.747873936968484543e+01 1.584041518957551731e-05
7.751875937968983976e+01 1.581588381472322341e-05
7.755877938969484831e+01 1.579141003545307898e-05
7.759879939969984264e+01 1.576699366969930256e-05
7.763881940970485118e+01 1.574263453612189797e-05
7.767883941970985973e+01 1.571833245410314078e-05
7.771885942971485406e+01 1.569408724374413602e-05
7.775887943971986260e+01 1.566989872586129786e-05
7.779889944972485694e+01 1.564576672198295809e-05
7.783891945972986548e+01 1.562169105434593061e-05
7.787893946973485981e+01 1.559767154589211647e-05
7.791895947973986836e+01 1.557370802026509203e-05
7.795897948974487690e+01 1.554980030180680217e-05
7.799899949974987123e+01 1.552594821555416195e-05
7.803901950975487978e+01 1.550215158723573967e-05
7.807903951975987411e+01 1.547841024326848393e-05
7.811905952976488265e+01 1.545472401075438965e-05
7.815907953976987699e+01 1.543109271747728962e-05
7.819909954977488553e+01 1.540751619189951367e-05
7.823911955977989408e+01 1.538399426315873106e-05
7.827913956978488841e+01 1.536052676106474860e-05
7.831915957978989695e+01 1.533711351609620387e-05
7.835917958979489129e+01 1.531375435939751590e-05
7.839919959979989983e+01 1.529044912277562580e-05
7.843921960980489416e+01 1.526719763869691693e-05
7.847923961980990271e+01 1.524399974028406391e-05
7.851925962981491125e+01 1.522085526131290208e-05
7.855927963981990558e+01 1.519776403620939330e-05
7.859929964982491413e+01 1.517472590004647510e-05
7.863931965982990846e+01 1.515174068854107567e-05
7.867933966983491700e+01 1.512880823805101205e-05
7.871935967983991134e+01 1.510592838557204076e-05
7.875937968984491988e+01 1.508310096873474239e-05
7.879939969984992842e+01 1.506032582580166037e-05
7.883941970985492276e+01 1.503760279566422789e-05
7.887943971985993130e+01 1.501493171783984056e-05
7.891945972986492563e+01 1.499231243246893926e-05
7.895947973986993418e+01 1.496974478031205057e-05
7.899949974987492851e+01 1.494722860274690858e-05
7.903951975987993706e+01 1.492476374176552582e-05
7.907953976988494560e+01 1.490235003997135066e-05
7.911955977988993993e+01 1.487998734057641447e-05
7.915957978989494848e+01 1.485767548739843136e-05
7.919959979989994281e+01 1.483541432485803014e-05
7.923961980990495135e+01 1.481320369797590316e-05
7.927963981990994569e+01 1.479104345237000771e-05
7.931965982991495423e+01 1.476893343425281827e-05
7.935967983991996277e+01 1.474687349042852114e-05
7.939969984992495711e+01 1.472486346829028187e-05
7.943971985992996565e+01 1.470290321581748737e-05
7.947973986993495998e+01 1.468099258157305739e-05
7.951975987993996853e+01 1.465913141470068492e-05
7.955977988994497707e+01 1.463731956492220527e-05
7.959979989994997140e+01 1.461555688253487543e-05
7.963981990995497995e+01 1.459384321840871437e-05
7.967983991995997428e+01 1.457217842398385860e-05
7.971985992996498283e+01 1.455056235126794149e-05
7.975987993996997716e+01 1.452899485283345385e-05
7.979989994997498570e+01 1.450747578181513002e-05
7.983991995997999425e+01 1.448600499190739324e-05
7.987993996998498858e+01 1.446458233736173829e-05
7.991995997998999712e+01 1.444320767298418022e-05
7.995997998999499146e+01 1.442188085413271497e-05
8.000000000000000000e+01 1.440060173671475115e-05
