0.000000000000000000e+00 8.501366887734902354e-05
4.002001000500250011e-02 8.541817814445091985e-05
8.004002001000500022e-02 8.582578442064323998e-05
1.200600300150075073e-01 8.623652098529152111e-05
1.600800400200100004e-01 8.665042158069032551e-05
2.001000500250124936e-01 8.706752041997231921e-05
2.401200600300150145e-01 8.748785219517721625e-05
2.801400700350175077e-01 8.791145208548504738e-05
3.201600800400200009e-01 8.833835576561707345e-05
3.601800900450224940e-01 8.876859941440796216e-05
4.002001000500249872e-01 8.920221972355399853e-05
4.402201100550274804e-01 8.963925390654124583e-05
4.802401200600300291e-01 9.007973970775760082e-05
5.202601300650324667e-01 9.052371541179362203e-05
5.602801400700350154e-01 9.097121985293611570e-05
6.003001500750374531e-01 9.142229242485973772e-05
6.403201600800400017e-01 9.187697309052070434e-05
6.803401700850425504e-01 9.233530239225807342e-05
7.203601800900449881e-01 9.279732146210705498e-05
7.603801900950475368e-01 9.326307203233017860e-05
8.004002001000499744e-01 9.373259644617091201e-05
8.404202101050525231e-01 9.420593766883557200e-05
8.804402201100549608e-01 9.468313929870928749e-05
9.204602301150575094e-01 9.516424557881121885e-05
9.604802401200600581e-01 9.564930140849540335e-05
1.000500250125062607e+00 9.613835235540320312e-05
1.040520260130064933e+00 9.663144466767337323e-05
1.080540270135067482e+00 9.712862528641655303e-05
1.120560280140070031e+00 9.762994185846050996e-05
1.160580290145072579e+00 9.813544274937288485e-05
1.200600300150074906e+00 9.864517705676878424e-05
1.240620310155077455e+00 9.915919462390986050e-05
1.280640320160080003e+00 9.967754605360291628e-05
1.320660330165082552e+00 1.002002827224048775e-04
1.360680340170085101e+00 1.007274567951425099e-04
1.400700350175087427e+00 1.012591212397552287e-04
1.440720360180089976e+00 1.017953298424679651e-04
1.480740370185092525e+00 1.023361372233043653e-04
1.520760380190095074e+00 1.028815988519471907e-04
1.560780390195097400e+00 1.034317710639571017e-04
1.600800400200099949e+00 1.039867110773570746e-04
1.640820410205102498e+00 1.045464770095932543e-04
1.680840420210105046e+00 1.051111278948818091e-04
1.720860430215107595e+00 1.056807237019516150e-04
1.760880440220109922e+00 1.062553253521936506e-04
1.800900450225112470e+00 1.068349947382277160e-04
1.840920460230115019e+00 1.074197947428972883e-04
1.880940470235117568e+00 1.080097892587042252e-04
1.920960480240120116e+00 1.086050432076950524e-04
1.960980490245122443e+00 1.092056225618109232e-04
2.001000500250125214e+00 1.098115943637133804e-04
2.041020510255127540e+00 1.104230267480995541e-04
2.081040520260129867e+00 1.110399889635190607e-04
2.121060530265132638e+00 1.116625513947072532e-04
2.161080540270134964e+00 1.122907855854480495e-04
2.201100550275137291e+00 1.129247642619816543e-04
2.241120560280140062e+00 1.135645613569712684e-04
2.281140570285142388e+00 1.142102520340449937e-04
2.321160580290145159e+00 1.148619127129286700e-04
2.361180590295147486e+00 1.155196210951853631e-04
2.401200600300149812e+00 1.161834561905798275e-04
2.441220610305152583e+00 1.168534983440838547e-04
2.481240620310154910e+00 1.175298292635418469e-04
2.521260630315157680e+00 1.182125320480142603e-04
2.561280640320160007e+00 1.189016912168187461e-04
2.601300650325162334e+00 1.195973927392885599e-04
2.641320660330165104e+00 1.202997240652683899e-04
2.681340670335167431e+00 1.210087741563695206e-04
2.721360680340170202e+00 1.217246335180052557e-04
2.761380690345172528e+00 1.224473942322294642e-04
2.801400700350174855e+00 1.231771499914017891e-04
2.841420710355177626e+00 1.239139961327028448e-04
2.881440720360179952e+00 1.246580296735250149e-04
2.921460730365182723e+00 1.254093493477635723e-04
2.961480740370185050e+00 1.261680556430354967e-04
3.001500750375187376e+00 1.269342508388523897e-04
3.041520760380190147e+00 1.277080390457767617e-04
3.081540770385192474e+00 1.284895262455901504e-04
3.121560780390194800e+00 1.292788203325030759e-04
3.161580790395197571e+00 1.300760311554393592e-04
3.201600800400199898e+00 1.308812705614251074e-04
3.241620810405202668e+00 1.316946524401177909e-04
3.281640820410204995e+00 1.325162927695083196e-04
3.321660830415207322e+00 1.333463096628323299e-04
3.361680840420210092e+00 1.341848234167284390e-04
3.401700850425212419e+00 1.350319565606803037e-04
3.441720860430215190e+00 1.358878339077828419e-04
3.481740870435217516e+00 1.367525826068731942e-04
3.521760880440219843e+00 1.376263321960696567e-04
3.561780890445222614e+00 1.385092146577607080e-04
3.601800900450224940e+00 1.394013644750913185e-04
3.641820910455227711e+00 1.403029186899922432e-04
3.681840920460230038e+00 1.412140169628019247e-04
3.721860930465232364e+00 1.421348016335304216e-04
3.761880940470235135e+00 1.430654177848188116e-04
3.801900950475237462e+00 1.440060133066468982e-04
3.841920960480240232e+00 1.449567389628461406e-04
3.881940970485242559e+00 1.459177484594759481e-04
3.921960980490244886e+00 1.468891985151225084e-04
3.961980990495247656e+00 1.478712489331840917e-04
4.002001000500250427e+00 1.488640626762065538e-04
4.042021010505252754e+00 1.498678059423361772e-04
4.082041020510255080e+00 1.508826482439601618e-04
4.122061030515257407e+00 1.519087624886059421e-04
4.162081040520259734e+00 1.529463250621756045e-04
4.202101050525262949e+00 1.539955159145911642e-04
4.242121060530265275e+00 1.550565186479339408e-04
4.282141070535267602e+00 1.561295206071588863e-04
4.322161080540269928e+00 1.572147129734738553e-04
4.362181090545272255e+00 1.583122908604706622e-04
4.402201100550274582e+00 1.594224534131048515e-04
4.442221110555277797e+00 1.605454039096192132e-04
4.482241120560280123e+00 1.616813498665132013e-04
4.522261130565282450e+00 1.628305031466632336e-04
4.562281140570284776e+00 1.639930800707024286e-04
4.602301150575287103e+00 1.651693015317737289e-04
4.642321160580290318e+00 1.663593931137743456e-04
4.682341170585292645e+00 1.675635852132133057e-04
4.722361180590294971e+00 1.687821131648113411e-04
4.762381190595297298e+00 1.700152173709727342e-04
4.802401200600299624e+00 1.712631434352703376e-04
4.842421210605302839e+00 1.725261423000846604e-04
4.882441220610305166e+00 1.738044703885473728e-04
4.922461230615307493e+00 1.750983897509446492e-04
4.962481240620309819e+00 1.764081682157413536e-04
5.002501250625312146e+00 1.777340795453953386e-04
5.042521260630315361e+00 1.790764035971364695e-04
5.082541270635317687e+00 1.804354264888926532e-04
5.122561280640320014e+00 1.818114407705548861e-04
5.162581290645322341e+00 1.832047456007764215e-04
5.202601300650324667e+00 1.846156469295157153e-04
5.242621310655327882e+00 1.860444576865365749e-04
5.282641320660330209e+00 1.874914979760899404e-04
5.322661330665332535e+00 1.889570952780127069e-04
5.362681340670334862e+00 1.904415846554853087e-04
5.402701350675337189e+00 1.919453089697053226e-04
5.442721360680340403e+00 1.934686191017407643e-04
5.482741370685342730e+00 1.950118741818404481e-04
5.522761380690345057e+00 1.965754418264922972e-04
5.562781390695347383e+00 1.981596983835298784e-04
5.602801400700349710e+00 1.997650291856032571e-04
5.642821410705352925e+00 2.013918288123441242e-04
5.682841420710355251e+00 2.030405013615693471e-04
5.722861430715357578e+00 2.047114607298810033e-04
5.762881440720359905e+00 2.064051309030417428e-04
5.802901450725362231e+00 2.081219462565157927e-04
5.842921460730365446e+00 2.098623518665881980e-04
5.882941470735367773e+00 2.116268038324906379e-04
5.922961480740370099e+00 2.134157696099857142e-04
5.962981490745372426e+00 2.152297283568773019e-04
6.003001500750374753e+00 2.170691712909411392e-04
6.043021510755377079e+00 2.189346020607919289e-04
6.083041520760380294e+00 2.208265371302233859e-04
6.123061530765382621e+00 2.227455061765903032e-04
6.163081540770384947e+00 2.246920525038229542e-04
6.203101550775387274e+00 2.266667334706941620e-04
6.243121560780389601e+00 2.286701209349905554e-04
6.283141570785392815e+00 2.307028017142695984e-04
6.323161580790395142e+00 2.327653780639169358e-04
6.363181590795397469e+00 2.348584681732560021e-04
6.403201600800399795e+00 2.369827066804948315e-04
6.443221610805402122e+00 2.391387452073385047e-04
6.483241620810405337e+00 2.413272529141318866e-04
6.523261630815407663e+00 2.435489170764472866e-04
6.563281640820409990e+00 2.458044436840688888e-04
6.603301650825412317e+00 2.480945580633839428e-04
6.643321660830414643e+00 2.504200055242331480e-04
6.683341670835417858e+00 2.527815520323337898e-04
6.723361680840420185e+00 2.551799849084411716e-04
6.763381690845422511e+00 2.576161135554786135e-04
6.803401700850424838e+00 2.600907702149280083e-04
6.843421710855427165e+00 2.626048107538411737e-04
6.883441720860430380e+00 2.651591154839043948e-04
6.923461730865432706e+00 2.677545900140653671e-04
6.963481740870435033e+00 2.703921661383120877e-04
7.003501750875437359e+00 2.730728027602764016e-04
7.043521760880439686e+00 2.757974868564312980e-04
7.083541770885442901e+00 2.785672344797397336e-04
7.123561780890445227e+00 2.813830918057226506e-04
7.163581790895447554e+00 2.842461362230165253e-04
7.203601800900449881e+00 2.871574774706071214e-04
7.243621810905452207e+00 2.901182588240530267e-04
7.283641820910455422e+00 2.931296583331328997e-04
7.323661830915457749e+00 2.961928901135009993e-04
7.363681840920460075e+00 2.993092056950712090e-04
7.403701850925462402e+00 3.024798954300128811e-04
7.443721860930464729e+00 3.057062899634074415e-04
7.483741870935467944e+00 3.089897617697887609e-04
7.523761880940470270e+00 3.123317267589841039e-04
7.563781890945472597e+00 3.157336459548707635e-04
7.603801900950474923e+00 3.191970272508764823e-04
7.643821910955477250e+00 3.227234272462875227e-04
7.683841920960480465e+00 3.263144531676642215e-04
7.723861930965482792e+00 3.299717648799309604e-04
7.763881940970485118e+00 3.336970769919863408e-04
7.803901950975487445e+00 3.374921610619685585e-04
7.843921960980489771e+00 3.413588479076467576e-04
7.883941970985492098e+00 3.452990300277294640e-04
7.923961980990495313e+00 3.493146641402626248e-04
7.963981990995497640e+00 3.534077738446701734e-04
8.004002001000500854e+00 3.575804524144140660e-04
8.044022011005502293e+00 3.618348657276958084e-04
8.084042021010505508e+00 3.661732553441047664e-04
8.124062031015506946e+00 3.705979417356296528e-04
8.164082041020510161e+00 3.751113276810147217e-04
8.204102051025513376e+00 3.797159018330186690e-04
8.244122061030514814e+00 3.844142424687946313e-04
8.284142071035518029e+00 3.892090214342814941e-04
8.324162081040519467e+00 3.941030082942392418e-04
8.364182091045522682e+00 3.990990747003669132e-04
8.404202101050525897e+00 4.042001989907848545e-04
8.444222111055527336e+00 4.094094710350967337e-04
8.484242121060530550e+00 4.147300973402437028e-04
8.524262131065531989e+00 4.201654064334289177e-04
8.564282141070535204e+00 4.257188545395680190e-04
8.604302151075536642e+00 4.313940315719571629e-04
8.644322161080539857e+00 4.371946674562239327e-04
8.684342171085543072e+00 4.431246388090807550e-04
8.724362181090544510e+00 4.491879759949987758e-04
8.764382191095547725e+00 4.553888705856342202e-04
8.804402201100549163e+00 4.617316832487082631e-04
8.844422211105552378e+00 4.682209520950680274e-04
8.884442221110555593e+00 4.748614015148460896e-04
8.924462231115557032e+00 4.816579515360326115e-04
8.964482241120560246e+00 4.886157277413648607e-04
9.004502251125561685e+00 4.957400717822587873e-04
9.044522261130564900e+00 5.030365525315970811e-04
9.084542271135568114e+00 5.105109779205192376e-04
9.124562281140569553e+00 5.181694075080366113e-04
9.164582291145572768e+00 5.260181658362700135e-04
9.204602301150574206e+00 5.340638566284723523e-04
9.244622311155577421e+00 5.423133778917699557e-04
9.284642321160580636e+00 5.507739379917654839e-04
9.324662331165582074e+00 5.594530727718685127e-04
9.364682341170585289e+00 5.683586637964859129e-04
9.404702351175586728e+00 5.774989578040663849e-04
9.444722361180589942e+00 5.868825874635788097e-04
9.484742371185593157e+00 5.965185935362732816e-04
9.524762381190594596e+00 6.064164485537524392e-04
9.564782391195597810e+00 6.165860821334331063e-04
9.604802401200599249e+00 6.270379080635964239e-04
9.644822411205602464e+00 6.377828533025067109e-04
9.684842421210605679e+00 6.488323890496202218e-04
9.724862431215607117e+00 6.601985640619454504e-04
9.764882441220610332e+00 6.718940404052231412e-04
9.804902451225611770e+00 6.839321318480510829e-04
9.844922461230614985e+00 6.963268451275830828e-04
9.884942471235618200e+00 7.090929243381818761e-04
9.924962481240619638e+00 7.222458987198123771e-04
9.964982491245622853e+00 7.358021341512216255e-04
1.000500250125062429e+01 7.497788886845187586e-04
1.004502251125562751e+01 7.641943724930970721e-04
1.008504252126063072e+01 7.790678126443180895e-04
1.012506253126563216e+01 7.944195231527127581e-04
1.016508254127063537e+01 8.102709808191834459e-04
1.020510255127563681e+01 8.266449074176221304e-04
1.024512256128064003e+01 8.435653588534006674e-04
1.028514257128564324e+01 8.610578219892292117e-04
1.032516258129064468e+01 8.791493199142484888e-04
1.036518259129564790e+01 8.978685265231311011e-04
1.040520260130064933e+01 9.172458913750854148e-04
1.044522261130565255e+01 9.373137759198401546e-04
1.048524262131065576e+01 9.581066023109998135e-04
1.052526263131565720e+01 9.796610161792829001e-04
1.056528264132066042e+01 1.002016064911921862e-03
1.060530265132566186e+01 1.025213393183523579e-03
1.064532266133066507e+01 1.049297457712080944e-03
1.068534267133566829e+01 1.074315763476459303e-03
1.072536268134066972e+01 1.100319123934477691e-03
1.076538269134567294e+01 1.127361948130514106e-03
1.080540270135067438e+01 1.155502557986750212e-03
1.084542271135567759e+01 1.184803539542675409e-03
1.088544272136068081e+01 1.215332132455167451e-03
1.092546273136568225e+01 1.247160662710880292e-03
1.096548274137068546e+01 1.280367024251098662e-03
1.100550275137568690e+01 1.315035216087860918e-03
1.104552276138069011e+01 1.351255942524808192e-03
1.108554277138569333e+01 1.389127285318189197e-03
1.112556278139069477e+01 1.428755458061574434e-03
1.116558279139569798e+01 1.470255654799466558e-03
1.120560280140069942e+01 1.513753006929014064e-03
1.124562281140570263e+01 1.559383664908586212e-03
1.128564282141070585e+01 1.607296024247817107e-03
1.132566283141570729e+01 1.657652118820393105e-03
1.136568284142071050e+01 1.710629208861513990e-03
1.140570285142571194e+01 1.766421596268480561e-03
1.144572286143071516e+01 1.825242706246052666e-03
1.148574287143571837e+01 1.887327482222708221e-03
1.152576288144071981e+01 1.952935150688941621e-03
1.156578289144572302e+01 2.022352424663157334e-03
1.160580290145072446e+01 2.095897229510535354e-03
1.164582291145572768e+01 2.173923053656648050e-03
1.168584292146073089e+01 2.256824050443424334e-03
1.172586293146573233e+01 2.345041047418760724e-03
1.176588294147073555e+01 2.439068657662146061e-03
1.180590295147573698e+01 2.539463736919776553e-03
1.184592296148074020e+01 2.646855493860784773e-03
1.188594297148574341e+01 2.761957643452535825e-03
1.192596298149074485e+01 2.885583101861880634e-03
1.196598299149574807e+01 3.018661864532284043e-03
1.200600300150074951e+01 3.162262899910721348e-03
1.204602301150575272e+01 3.317621147696201821e-03
1.208604302151075416e+01 3.486171058099925626e-03
1.212606303151575737e+01 3.669588584373392227e-03
1.216608304152076059e+01 3.869844198501423086e-03
1.220610305152576203e+01 4.089270418503895485e-03
1.224612306153076524e+01 4.330648632814101777e-03
1.228614307153576668e+01 4.597321859667617173e-03
1.232616308154076989e+01 4.893342756910090338e-03
1.236618309154577311e+01 5.223670115760192800e-03
1.240620310155077455e+01 5.594432879555475205e-03
1.244622311155577776e+01 6.013289449812337338e-03
1.248624312156077920e+01 6.489923312579499483e-03
1.252626313156578242e+01 7.036736472935612580e-03
1.256628314157078563e+01 7.669834093268533895e-03
1.260630315157578707e+01 8.410444001147238113e-03
1.264632316158079028e+01 9.286994398943520385e-03
1.268634317158579172e+01 1.033819909301166191e-02
1.272636318159079494e+01 1.161769514978763969e-02
1.276638319159579815e+01 1.320106508577947174e-02
1.280640320160079959e+01 1.519643410094255291e-02
1.284642321160580281e+01 1.776003648470598009e-02
1.288644322161080424e+01 2.111718385787548363e-02
1.292646323161580746e+01 2.558326143481479478e-02
1.296648324162081067e+01 3.155708829875798066e-02
1.300650325162581211e+01 3.939155266118092580e-02
1.304652326163081533e+01 4.891140085361488088e-02
1.308654327163581677e+01 5.838983076914487647e-02
1.312656328164081998e+01 6.405066684997409721e-02
1.316658329164582319e+01 6.286718153991255331e-02
1.320660330165082463e+01 5.638066503958965442e-02
1.324662331165582785e+01 4.867926597958592561e-02
1.328664332166082929e+01 4.239515954997402636e-02
1.332666333166583250e+01 3.822286060404332664e-02
1.336668334167083572e+01 3.600436953721619648e-02
1.340670335167583715e+01 3.542943321376014476e-02
1.344672336168084037e+01 3.627381704412715319e-02
1.348674337168584181e+01 3.844832498014023880e-02
1.352676338169084502e+01 4.200138157808055300e-02
1.356678339169584824e+01 4.712442709242146976e-02
1.360680340170084968e+01 5.417600740444691865e-02
1.364682341170585289e+01 6.373276485815033976e-02
1.368684342171085433e+01 7.667549794104648597e-02
1.372686343171585754e+01 9.431578467952414502e-02
1.376688344172086076e+01 1.185446826697064693e-01
1.380690345172586220e+01 1.518829602740693341e-01
1.384692346173086541e+01 1.969777652851396055e-01
1.388694347173586685e+01 2.542889616654811502e-01
1.392696348174087007e+01 3.161352214475094957e-01
1.396698349174587328e+01 3.602915342744839045e-01
1.400700350175087472e+01 3.606321667739071923e-01
1.404702351175587793e+01 3.168195278457029418e-01
1.408704352176087937e+01 2.547566129743367158e-01
1.412706353176588259e+01 1.969278683069587421e-01
1.416708354177088580e+01 1.512426071056819643e-01
1.420710355177588724e+01 1.173173848881537695e-01
1.424712356178089045e+01 9.250303814251385759e-02
1.428714357178589189e+01 7.425140128224198832e-02
1.432716358179089511e+01 6.063659316993021825e-02
1.436718359179589832e+01 5.030707319768665947e-02
1.440720360180089976e+01 4.233359564237322570e-02
1.444722361180590298e+01 3.607649541152233713e-02
1.448724362181090441e+01 3.109077218592230102e-02
1.452726363181590763e+01 2.706233903423073406e-02
1.456728364182091084e+01 2.376598190684758513e-02
1.460730365182591228e+01 2.103763251497430681e-02
1.464732366183091550e+01 1.875592386597534078e-02
1.468734367183591694e+01 1.682976688658350400e-02
1.472736368184092015e+01 1.518986378640511600e-02
1.476738369184592337e+01 1.378282562700383455e-02
1.480740370185092480e+01 1.256703577090029222e-02
1.484742371185592802e+01 1.150970019993553806e-02
1.488744372186092946e+01 1.058471597990407256e-02
1.492746373186593267e+01 9.771111397984179325e-03
1.496748374187093589e+01 9.051890794645245375e-03
1.500750375187593733e+01 8.413169469635696507e-03
1.504752376188094054e+01 7.843518974454276663e-03
1.508754377188594198e+01 7.333466709544299474e-03
1.512756378189094519e+01 6.875109895087637597e-03
1.516758379189594841e+01 6.461815167088658975e-03
1.520760380190094985e+01 6.087982882733029497e-03
1.524762381190595306e+01 5.748860765031995820e-03
1.528764382191095450e+01 5.440395485086674601e-03
1.532766383191595772e+01 5.159113648106311567e-03
1.536768384192096093e+01 4.902025741497307958e-03
1.540770385192596237e+01 4.666548143488303234e-03
1.544772386193096558e+01 4.450439434311299208e-03
1.548774387193596702e+01 4.251748108038041693e-03
1.552776388194097024e+01 4.068769429105787219e-03
1.556778389194597167e+01 3.900009668655325407e-03
1.560780390195097489e+01 3.744156331936938659e-03
1.564782391195597810e+01 3.600053278245227834e-03
1.568784392196097954e+01 3.466679860422482683e-03
1.572786393196598276e+01 3.343133387701392560e-03
1.576788394197098420e+01 3.228614355341067645e-03
1.580790395197598741e+01 3.122413996081264877e-03
1.584792396198099063e+01 3.023903798774167130e-03
1.588794397198599206e+01 2.932526714067448803e-03
1.592796398199099528e+01 2.847789830133540343e-03
1.596798399199599672e+01 2.769258356990142878e-03
1.600800400200100171e+01 2.696550809513325545e-03
1.604802401200600315e+01 2.629335330514566242e-03
1.608804402201100459e+01 2.567327150530062697e-03
1.612806403201600602e+01 2.510287245756023106e-03
1.616808404202101102e+01 2.458022337479332919e-03
1.620810405202601245e+01 2.410386486565451597e-03
1.624812406203101389e+01 2.367284692053921863e-03
1.628814407203601888e+01 2.328679130171293615e-03
1.632816408204102032e+01 2.294599011190506018e-03
1.636818409204602176e+01 2.265155554233894055e-03
1.640820410205102675e+01 2.240564393878184853e-03
1.644822411205602819e+01 2.221179014150548997e-03
1.648824412206102963e+01 2.207540835760595736e-03
1.652826413206603107e+01 2.200454784056683852e-03
1.656828414207103606e+01 2.201104091706491094e-03
1.660830415207603750e+01 2.211225147460694519e-03
1.664832416208103893e+01 2.233371315934854287e-03
1.668834417208604393e+01 2.271296161881037994e-03
1.672836418209104536e+01 2.330449416443821763e-03
1.676838419209604680e+01 2.418390641115326922e-03
1.680840420210105179e+01 2.544244403421289623e-03
1.684842421210605323e+01 2.714398028952199390e-03
1.688844422211105467e+01 2.918506915475970170e-03
1.692846423211605611e+01 3.104748434438201615e-03
1.696848424212106110e+01 3.181354160699200861e-03
1.700850425212606254e+01 3.099614151840986934e-03
1.704852426213106398e+01 2.917895997833760708e-03
1.708854427213606897e+01 2.726481125621467005e-03
1.712856428214107041e+01 2.572130115132156575e-03
1.716858429214607185e+01 2.462600548588062249e-03
1.720860430215107328e+01 2.391008367102093971e-03
1.724862431215607828e+01 2.348519694695311560e-03
1.728864432216107971e+01 2.328044824284445855e-03
1.732866433216608115e+01 2.324606463294657741e-03
1.736868434217108614e+01 2.334900884010243042e-03
1.740870435217608758e+01 2.356816397060190575e-03
1.744872436218108902e+01 2.389070893785447645e-03
1.748874437218609401e+01 2.430967609008641284e-03
1.752876438219109545e+01 2.482238277058993262e-03
1.756878439219609689e+01 2.542945941221634067e-03
1.760880440220109833e+01 2.613427959749221700e-03
1.764882441220610332e+01 2.694266739080764753e-03
1.768884442221110476e+01 2.786280639869849734e-03
1.772886443221610620e+01 2.890530813567725871e-03
1.776888444222111119e+01 3.008342004564973620e-03
1.780890445222611262e+01 3.141337034465384662e-03
1.784892446223111406e+01 3.291486084601134843e-03
1.788894447223611905e+01 3.461173244402051229e-03
1.792896448224112049e+01 3.653284295922128513e-03
1.796898449224612193e+01 3.871321562146556785e-03
1.800900450225112337e+01 4.119554104420185270e-03
1.804902451225612836e+01 4.403214945431515107e-03
1.808904452226112980e+01 4.728761800585941019e-03
1.812906453226613124e+01 5.104224746248567368e-03
1.816908454227113623e+01 5.539674451079332380e-03
1.820910455227613767e+01 6.047859785894380003e-03
1.824912456228113911e+01 6.645086563467138101e-03
1.828914457228614410e+01 7.352444255832930008e-03
1.832916458229114554e+01 8.197541921777372342e-03
1.836918459229614697e+01 9.216999811428807851e-03
1.840920460230114841e+01 1.046007786580416786e-02
1.844922461230615340e+01 1.199403613710024741e-02
1.848924462231115484e+01 1.391215922316596867e-02
1.852926463231615628e+01 1.634589371948647063e-02
1.856928464232116127e+01 1.948328040130253500e-02
1.860930465232616271e+01 2.359667359204080037e-02
1.864932466233116415e+01 2.908273756687774700e-02
1.868934467233616914e+01 3.651324728918260015e-02
1.872936468234117058e+01 4.667361099425714616e-02
1.876938469234617202e+01 6.048949855072694587e-02
1.880940470235117346e+01 7.853198197156698035e-02
1.884942471235617845e+01 9.948200084729200143e-02
1.888944472236117988e+01 1.176207147464497643e-01
1.892946473236618132e+01 1.235819659247674590e-01
1.896948474237118631e+01 1.133264250078938468e-01
1.900950475237618775e+01 9.350377060075351632e-02
1.904952476238118919e+01 7.302635166032685199e-02
1.908954477238619418e+01 5.616525013241239345e-02
1.912956478239119562e+01 4.346815941346578865e-02
1.916958479239619706e+01 3.416691740568134766e-02
1.920960480240119850e+01 2.735261964434061027e-02
1.924962481240620349e+01 2.230076822859419425e-02
1.928964482241120493e+01 1.849425730727047648e-02
1.932966483241620637e+01 1.557627949963222465e-02
1.936968484242121136e+01 1.330172491104037770e-02
1.940970485242621280e+01 1.150084521976063416e-02
1.944972486243121423e+01 1.005449010078509654e-02
1.948974487243621923e+01 8.877720403420063383e-03
1.952976488244122066e+01 7.909015711152668146e-03
1.956978489244622210e+01 7.103121382409635642e-03
1.960980490245122354e+01 6.426253260263761757e-03
1.964982491245622853e+01 5.852838652550699204e-03
1.968984492246122997e+01 5.363269107712044514e-03
1.972986493246623141e+01 4.942328233104668553e-03
1.976988494247123640e+01 4.578076144045342862e-03
1.980990495247623784e+01 4.261047139096381560e-03
1.984992496248123928e+01 3.983665195815364740e-03
1.988994497248624427e+01 3.739812957099002827e-03
1.992996498249124571e+01 3.524510253141239537e-03
1.996998499249624714e+01 3.333671736322922630e-03
2.001000500250124858e+01 3.163922310033392190e-03
2.005002501250625357e+01 3.012455234012551778e-03
2.009004502251125501e+01 2.876922064898777397e-03
2.013006503251625645e+01 2.755346573586986165e-03
2.017008504252126144e+01 2.646056885090042419e-03
2.021010505252626288e+01 2.547631586596535089e-03
2.025012506253126432e+01 2.458856629616232563e-03
2.029014507253626931e+01 2.378690637498172018e-03
2.033016508254127075e+01 2.306236805892861695e-03
2.037018509254627219e+01 2.240720010274083532e-03
2.041020510255127363e+01 2.181468052967383726e-03
2.045022511255627862e+01 2.127896221581319913e-03
2.049024512256128006e+01 2.079494512207272564e-03
2.053026513256628149e+01 2.035817009269614685e-03
2.057028514257128649e+01 1.996473020362265170e-03
2.061030515257628792e+01 1.961119646756755673e-03
2.065032516258128936e+01 1.929455534369540863e-03
2.069034517258629080e+01 1.901215600175766660e-03
2.073036518259129579e+01 1.876166568596709071e-03
2.077038519259629723e+01 1.854103183707077936e-03
2.081040520260129867e+01 1.834844988050937480e-03
2.085042521260630366e+01 1.818233578825746927e-03
2.089044522261130510e+01 1.804130268268373588e-03
2.093046523261630654e+01 1.792414088083768781e-03
2.097048524262131153e+01 1.782980088338330122e-03
2.101050525262631297e+01 1.775737889896168145e-03
2.105052526263131440e+01 1.770610456599773985e-03
2.109054527263631584e+01 1.767533059296298508e-03
2.113056528264132083e+01 1.766452408732008261e-03
2.117058529264632227e+01 1.767325938476779074e-03
2.121060530265132371e+01 1.770121222555400041e-03
2.125062531265632870e+01 1.774815515481573342e-03
2.129064532266133014e+01 1.781395405019064798e-03
2.133066533266633158e+01 1.789856570320685902e-03
2.137068534267133657e+01 1.800203640194125146e-03
2.141070535267633801e+01 1.812450148178932187e-03
2.145072536268133945e+01 1.826618582948943796e-03
2.149074537268634089e+01 1.842740534332176858e-03
2.153076538269134588e+01 1.860856937016645406e-03
2.157078539269634732e+01 1.881018415836038923e-03
2.161080540270134875e+01 1.903285738456041761e-03
2.165082541270635375e+01 1.927730383366216271e-03
2.169084542271135518e+01 1.954435233386114714e-03
2.173086543271635662e+01 1.983495407488607143e-03
2.177088544272136161e+01 2.015019246711067646e-03
2.181090545272636305e+01 2.049129473364841476e-03
2.185092546273136449e+01 2.085964546784237726e-03
2.189094547273636593e+01 2.125680243623105647e-03
2.193096548274137092e+01 2.168451496389284770e-03
2.197098549274637236e+01 2.214474530726438621e-03
2.201100550275137380e+01 2.263969350187453478e-03
2.205102551275637879e+01 2.317182627242653312e-03
2.209104552276138023e+01 2.374391071472429539e-03
2.213106553276638166e+01 2.435905360870143591e-03
2.217108554277138666e+01 2.502074740647342033e-03
2.221110555277638809e+01 2.573292416816288109e-03
2.225112556278138953e+01 2.650001900322726880e-03
2.229114557278639097e+01 2.732704493173375698e-03
2.233116558279139596e+01 2.821968152888586559e-03
2.237118559279639740e+01 2.918438028395360911e-03
2.241120560280139884e+01 3.022849032717332511e-03
2.245122561280640383e+01 3.136040910258206579e-03
2.249124562281140527e+01 3.258976375480144173e-03
2.253126563281640671e+01 3.392763053953774637e-03
2.257128564282141170e+01 3.538680157820613559e-03
2.261130565282641314e+01 3.698211091744374110e-03
2.265132566283141458e+01 3.873083534682048024e-03
2.269134567283641601e+01 4.065319008314680939e-03
2.273136568284142101e+01 4.277294568422599849e-03
2.277138569284642244e+01 4.511820102909585087e-03
2.281140570285142388e+01 4.772235878546816565e-03
2.285142571285642887e+01 5.062536576692841343e-03
2.289144572286143031e+01 5.387530284890224008e-03
2.293146573286643175e+01 5.753044045477424470e-03
2.297148574287143674e+01 6.166192021918977077e-03
2.301150575287643818e+01 6.635728760913783830e-03
2.305152576288143962e+01 7.172519372520233007e-03
2.309154577288644106e+01 7.790172224201967477e-03
2.313156578289144605e+01 8.505900305920542637e-03
2.317158579289644749e+01 9.341708514969699478e-03
2.321160580290144893e+01 1.032605173276018341e-02
2.325162581290645392e+01 1.149618242085802787e-02
2.329164582291145535e+01 1.290152228131741241e-02
2.333166583291645679e+01 1.460857569659782494e-02
2.337168584292146178e+01 1.670819329584677729e-02
2.341170585292646322e+01 1.932645182856307375e-02
2.345172586293146466e+01 2.264111696906858165e-02
2.349174587293646610e+01 2.690664191676023567e-02
2.353176588294147109e+01 3.249171934398679268e-02
2.357178589294647253e+01 3.993326747963778234e-02
2.361180590295147397e+01 5.000421496849083436e-02
2.365182591295647896e+01 6.376166216980014290e-02
2.369184592296148040e+01 8.243423364685759092e-02
2.373186593296648184e+01 1.067168497893104945e-01
2.377188594297148683e+01 1.346405390251955991e-01
2.381190595297648827e+01 1.582575623878395010e-01
2.385192596298148970e+01 1.651313651673871619e-01
2.389194597298649114e+01 1.506205957473342461e-01
2.393196598299149613e+01 1.240746017241008275e-01
2.397198599299649757e+01 9.712338115710787700e-02
2.401200600300149901e+01 7.510207341708170781e-02
2.405202601300650400e+01 5.858184439032807639e-02
2.409204602301150544e+01 4.650927562950497168e-02
2.413206603301650688e+01 3.768565582457174962e-02
2.417208604302150832e+01 3.116434531028293084e-02
2.421210605302651331e+01 2.627178668100557321e-02
2.425212606303151475e+01 2.254367911517482156e-02
2.429214607303651619e+01 1.966113803314275058e-02
2.433216608304152118e+01 1.740333194886279147e-02
2.437218609304652261e+01 1.561528655283251493e-02
2.441220610305152405e+01 1.418659574793977758e-02
2.445222611305652904e+01 1.303740082959900341e-02
2.449224612306153048e+01 1.210909544573940920e-02
2.453226613306653192e+01 1.135809261929899595e-02
2.457228614307153336e+01 1.075158832710888628e-02
2.461230615307653835e+01 1.026464128160082569e-02
2.465232616308153979e+01 9.878131965720520977e-03
2.469234617308654123e+01 9.577317450961898154e-03
2.473236618309154622e+01 9.350795866966439898e-03
2.477238619309654766e+01 9.189756739324168172e-03
2.481240620310154910e+01 9.087433833621306328e-03
2.485242621310655409e+01 9.038703699968016203e-03
2.489244622311155553e+01 9.039790806566624926e-03
2.493246623311655696e+01 9.088052117964179333e-03
2.497248624312155840e+01 9.181822200379035487e-03
2.501250625312656339e+01 9.320305699433777472e-03
2.505252626313156483e+01 9.503508167886896146e-03
2.509254627313656627e+01 9.732199276892205750e-03
2.513256628314157126e+01 1.000790480256116138e-02
2.517258629314657270e+01 1.033292570889186857e-02
2.521260630315157414e+01 1.071038435071725373e-02
2.525262631315657913e+01 1.114429946225771635e-02
2.529264632316158057e+01 1.163969333107663616e-02
2.533266633316658201e+01 1.220273654379077331e-02
2.537268634317158345e+01 1.284093811693131498e-02
2.541270635317658844e+01 1.356339193547657397e-02
2.545272636318158987e+01 1.438109454212665138e-02
2.549274637318659131e+01 1.530735491929611537e-02
2.553276638319159630e+01 1.635832466292684931e-02
2.557278639319659774e+01 1.755368787231901748e-02
2.561280640320159918e+01 1.891756569738749574e-02
2.565282641320660417e+01 2.047971312735733657e-02
2.569284642321160561e+01 2.227711888937655357e-02
2.573286643321660705e+01 2.435616891401003528e-02
2.577288644322160849e+01 2.677560863647076433e-02
2.581290645322661348e+01 2.961065346627881137e-02
2.585292646323161492e+01 3.295877176051385110e-02
2.589294647323661636e+01 3.694793237168517153e-02
2.593296648324162135e+01 4.174850923364023525e-02
2.597298649324662279e+01 4.759059287724090592e-02
2.601300650325162422e+01 5.478907492546188779e-02
2.605302651325662922e+01 6.377892944873642112e-02
2.609304652326163065e+01 7.516018517744289806e-02
2.613306653326663209e+01 8.973845419746993846e-02
2.617308654327163353e+01 1.085051214743442127e-01
2.621310655327663852e+01 1.324304476171888623e-01
2.625312656328163996e+01 1.620524906156987077e-01
2.629314657328664140e+01 1.977275198845717397e-01
2.633316658329164639e+01 2.418397064515402650e-01
2.637318659329664783e+01 3.003877711417369811e-01
2.641320660330164927e+01 3.799754284973096419e-01
2.645322661330665426e+01 4.808752124149183738e-01
2.649324662331165570e+01 5.853680500241399409e-01
2.653326663331665713e+01 6.496708248149501985e-01
2.657328664332165857e+01 6.321192679632187117e-01
2.661330665332666356e+01 5.434522916246071755e-01
2.665332666333166500e+01 4.321060624892871793e-01
2.669334667333666644e+01 3.329001029724399374e-01
2.673336668334167143e+01 2.558846506219851769e-01
2.677338669334667287e+01 1.989917111977488051e-01
2.681340670335167431e+01 1.573665641207780963e-01
2.685342671335667930e+01 1.266707498619324412e-01
2.689344672336168074e+01 1.036943864201951837e-01
2.693346673336668218e+01 8.619923970640204491e-02
2.697348674337168362e+01 7.264739053958553516e-02
2.701350675337668861e+01 6.197821890732058830e-02
2.705352676338169005e+01 5.345172118116736648e-02
2.709354677338669148e+01 4.654385902725547558e-02
2.713356678339169648e+01 4.087759887425506528e-02
2.717358679339669791e+01 3.617736431832891536e-02
2.721360680340169935e+01 3.223866236022200626e-02
2.725362681340670434e+01 2.890756505694077119e-02
2.729364682341170578e+01 2.606664969431274001e-02
2.733366683341670722e+01 2.362522311669102565e-02
2.737368684342170866e+01 2.151242662766575386e-02
2.741370685342671365e+01 1.967230496239520676e-02
2.745372686343171509e+01 1.806023312317922569e-02
2.749374687343671653e+01 1.664029470508535807e-02
2.753376688344172152e+01 1.538333563003538296e-02
2.757378689344672296e+01 1.426550325547110837e-02
2.761380690345172439e+01 1.326713839007160299e-02
2.765382691345672583e+01 1.237192675322402666e-02
2.769384692346173082e+01 1.156624317008000946e-02
2.773386693346673226e+01 1.083864036597353281e-02
2.777388694347173370e+01 1.017944726308319184e-02
2.781390695347673869e+01 9.580450936903607551e-03
2.785392696348174013e+01 9.034643027317443634e-03
2.789394697348674157e+01 8.536016206676572127e-03
2.793396698349174656e+01 8.079399823112917364e-03
2.797398699349674800e+01 7.660326432439103911e-03
2.801400700350174944e+01 7.274922865378791702e-03
2.805402701350675088e+01 6.919820931145637295e-03
2.809404702351175587e+01 6.592083964023893149e-03
2.813406703351675731e+01 6.289146270987520417e-03
2.817408704352175874e+01 6.008763204202131197e-03
2.821410705352676374e+01 5.748970109777384180e-03
2.825412706353176517e+01 5.508048811858704159e-03
2.829414707353676661e+01 5.284500527769988437e-03
2.833416708354177160e+01 5.077023912539357399e-03
2.837418709354677304e+01 4.884495429413246263e-03
2.841420710355177448e+01 4.705944337808260630e-03
2.845422711355677592e+01 4.540505128492897113e-03
2.849424712356178091e+01 4.387336660950528176e-03
2.853426713356678235e+01 4.245595182784226568e-03
2.857428714357178379e+01 4.114652347396236670e-03
2.861430715357678878e+01 3.994350391208333767e-03
2.865432716358179022e+01 3.884840422518165502e-03
2.869434717358679165e+01 3.786334374505738194e-03
2.873436718359179665e+01 3.699117861337692173e-03
2.877438719359679808e+01 3.623670399249454520e-03
2.881440720360179952e+01 3.560774246048173212e-03
2.885442721360680096e+01 3.511619875919615164e-03
2.889444722361180595e+01 3.477939414142898131e-03
2.893446723361680739e+01 3.462196641940997171e-03
2.897448724362180883e+01 3.467866689095631255e-03
2.901450725362681382e+01 3.499853318605452169e-03
2.905452726363181526e+01 3.565117830222761658e-03
2.909454727363681670e+01 3.673634023619370623e-03
2.913456728364182169e+01 3.839839232311344913e-03
2.917458729364682313e+01 4.084805361043709199e-03
2.921460730365182457e+01 4.439315720927381262e-03
2.925462731365682600e+01 4.947550359920729716e-03
2.929464732366183100e+01 5.668964633728567314e-03
2.933466733366683243e+01 6.668830944529885452e-03
2.937468734367183387e+01 7.969984365471296725e-03
2.941470735367683886e+01 9.420370587182277586e-03
2.945472736368184030e+01 1.052475560550496757e-02
2.949474737368684174e+01 1.062820865184119570e-02
2.953476738369184673e+01 9.625069844696422169e-03
2.957478739369684817e+01 8.101612850419853684e-03
2.961480740370184961e+01 6.637205668253728583e-03
2.965482741370685105e+01 5.458857006733527049e-03
2.969484742371185604e+01 4.571276836270407942e-03
2.973486743371685748e+01 3.912629546166914579e-03
2.977488744372185892e+01 3.419994234445264836e-03
2.981490745372686391e+01 3.045060839364307267e-03
2.985492746373186534e+01 2.753746289661166205e-03
2.989494747373686678e+01 2.522582157107097506e-03
2.993496748374187177e+01 2.335413401151510172e-03
2.997498749374687321e+01 2.181006486735366512e-03
3.001500750375187465e+01 2.051435992046739785e-03
3.005502751375687609e+01 1.941019692370953313e-03
3.009504752376188108e+01 1.845616605427627963e-03
3.013506753376688252e+01 1.762160617430376820e-03
3.017508754377188396e+01 1.688346832327303941e-03
3.021510755377688895e+01 1.622417656295818602e-03
3.025512756378189039e+01 1.563014759910861173e-03
3.029514757378689183e+01 1.509075133968009342e-03
3.033516758379189682e+01 1.459757071690887496e-03
3.037518759379689826e+01 1.414386747143853412e-03
3.041520760380189969e+01 1.372419163032112923e-03
3.045522761380690113e+01 1.333409256087188157e-03
3.049524762381190612e+01 1.296990273346848013e-03
3.053526763381690756e+01 1.262857415384820116e-03
3.057528764382190900e+01 1.230755338162614490e-03
3.061530765382691399e+01 1.200468512089963857e-03
3.065532766383191543e+01 1.171813718234304561e-03
3.069534767383691687e+01 1.144634158411240998e-03
3.073536768384192186e+01 1.118794795056360153e-03
3.077538769384692330e+01 1.094178636235464174e-03
3.081540770385192474e+01 1.070683752941166455e-03
3.085542771385692618e+01 1.048220868140300197e-03
3.089544772386193117e+01 1.026711395508005499e-03
3.093546773386693260e+01 1.006085834320056714e-03
3.097548774387193404e+01 9.862824483154522537e-04
3.101550775387693903e+01 9.672461724267351641e-04
3.105552776388194047e+01 9.489277034911546699e-04
3.109554777388694191e+01 9.312827403997519984e-04
3.113556778389194335e+01 9.142713463386939726e-04
3.117558779389694834e+01 8.978574113581559322e-04
3.121560780390194978e+01 8.820081978605795806e-04
3.125562781390695122e+01 8.666939550229913304e-04
3.129564782391195621e+01 8.518875908753838428e-04
3.133566783391695765e+01 8.375643929131254897e-04
3.137568784392195909e+01 8.237017898511115243e-04
3.141570785392696408e+01 8.102791485265845983e-04
3.145572786393196552e+01 7.972776011003022273e-04
3.149574787393696695e+01 7.846798986500352858e-04
3.153576788394196839e+01 7.724702880422237893e-04
3.157578789394697338e+01 7.606344096441402733e-04
3.161580790395197482e+01 7.491592140311449134e-04
3.165582791395697626e+01 7.380328963780197812e-04
3.169584792396198125e+01 7.272448477241281366e-04
3.173586793396698269e+01 7.167856227920805503e-04
3.177588794397198413e+01 7.066469245423210753e-04
3.181590795397698912e+01 6.968216061872825823e-04
3.185592796398199056e+01 6.873036919982743317e-04
3.189594797398699200e+01 6.780884189527255695e-04
3.193596798399199344e+01 6.691723021353001731e-04
3.197598799399699843e+01 6.605532278846442361e-04
3.201600800400200342e+01 6.522305800500643579e-04
3.205602801400700486e+01 6.442054065007920280e-04
3.209604802401200629e+01 6.364806353693625149e-04
3.213606803401700773e+01 6.290613536266864052e-04
3.217608804402200917e+01 6.219551647869966471e-04
3.221610805402701061e+01 6.151726482667173096e-04
3.225612806403201205e+01 6.087279508112491662e-04
3.229614807403702059e+01 6.026395513940502931e-04
3.233616808404202203e+01 5.969312564712548046e-04
3.237618809404702347e+01 5.916335045237932320e-04
3.241620810405202491e+01 5.867850905961458606e-04
3.245622811405702635e+01 5.824354678970833452e-04
3.249624812406202778e+01 5.786478520037406214e-04
3.253626813406702922e+01 5.755034556678480673e-04
3.257628814407203777e+01 5.731073375316858695e-04
3.261630815407703921e+01 5.715965865349598770e-04
3.265632816408204064e+01 5.711519344848029010e-04
3.269634817408704208e+01 5.720144717021855875e-04
3.273636818409204352e+01 5.745100628108928530e-04
3.277638819409704496e+01 5.790855219439354626e-04
3.281640820410205350e+01 5.863629003398004294e-04
3.285642821410705494e+01 5.972217053467994072e-04
3.289644822411205638e+01 6.129235826144678731e-04
3.293646823411705782e+01 6.352984086115820309e-04
3.297648824412205926e+01 6.670067289040064245e-04
3.301650825412706070e+01 7.118495670921230105e-04
3.305652826413206213e+01 7.749073952173485659e-04
3.309654827413707068e+01 8.616612360414071256e-04
3.313656828414207212e+01 9.736954737128136663e-04
3.317658829414707355e+01 1.097201039637170404e-03
3.321660830415207499e+01 1.189267737316870030e-03
3.325662831415707643e+01 1.195742349008599003e-03
3.329664832416207787e+01 1.111164917661311077e-03
3.333666833416707931e+01 9.862813535339747580e-04
3.337668834417208785e+01 8.686318822427143479e-04
3.341670835417708929e+01 7.761918483732421770e-04
3.345672836418209073e+01 7.091037829563470989e-04
3.349674837418709217e+01 6.624244116561087223e-04
3.353676838419209361e+01 6.313566977848209362e-04
3.357678839419709504e+01 6.125034788703928026e-04
3.361680840420210359e+01 6.038784930340531125e-04
3.365682841420710503e+01 6.047086120043712511e-04
3.369684842421210647e+01 6.153235758302622472e-04
3.373686843421710790e+01 6.372039662085905980e-04
3.377688844422210934e+01 6.731996858089823879e-04
3.381690845422711078e+01 7.278786558232529626e-04
3.385692846423211222e+01 8.077593841022080636e-04
3.389694847423712076e+01 9.204584205550312044e-04
3.393696848424212220e+01 1.069856582694506033e-03
3.397698849424712364e+01 1.241898655579154942e-03
3.401700850425212508e+01 1.383500323527301267e-03
3.405702851425712652e+01 1.414994814917051305e-03
3.409704852426212796e+01 1.310723942790344675e-03
3.413706853426712939e+01 1.133331677167473362e-03
3.417708854427213794e+01 9.560969429953673684e-04
3.421710855427713938e+01 8.113431964402359996e-04
3.425712856428214081e+01 7.018683623324689560e-04
3.429714857428714225e+01 6.207189841081165328e-04
3.433716858429214369e+01 5.602332474162664442e-04
3.437718859429714513e+01 5.144051824868004158e-04
3.441720860430214657e+01 4.789689161406530038e-04
3.445722861430715511e+01 4.509824838726259402e-04
3.449724862431215655e+01 4.284219972971501462e-04
3.453726863431715799e+01 4.098824450138060550e-04
3.457728864432215943e+01 3.943746878636217638e-04
3.461730865432716087e+01 3.811912523507610183e-04
3.465732866433216230e+01 3.698178884790307309e-04
3.469734867433717085e+01 3.598748727168659409e-04
3.473736868434217229e+01 3.510775889262983938e-04
3.477738869434717373e+01 3.432096853976464345e-04
3.481740870435217516e+01 3.361045270704986752e-04
3.485742871435717660e+01 3.296321914665752378e-04
3.489744872436217804e+01 3.236902213845843971e-04
3.493746873436717948e+01 3.181969593061136862e-04
3.497748874437218802e+01 3.130866805071901124e-04
3.501750875437718946e+01 3.083059960437372726e-04
3.505752876438219090e+01 3.038111636717233323e-04
3.509754877438719234e+01 2.995660557735433066e-04
3.513756878439219378e+01 2.955406081563364401e-04
3.517758879439719522e+01 2.917096246162492073e-04
3.521760880440219665e+01 2.880518474005328792e-04
3.525762881440720520e+01 2.845492283174229538e-04
3.529764882441220664e+01 2.811863526346426788e-04
3.533766883441720807e+01 2.779499803236203407e-04
3.537768884442220951e+01 2.748286781610147222e-04
3.541770885442721095e+01 2.718125227193063354e-04
3.545772886443221239e+01 2.688928590694217866e-04
3.549774887443722093e+01 2.660621035697603677e-04
3.553776888444222237e+01 2.633135817702659046e-04
3.557778889444722381e+01 2.606413944596016339e-04
3.561780890445222525e+01 2.580403064009758425e-04
3.565782891445722669e+01 2.555056534620689618e-04
3.569784892446222813e+01 2.530332647372193983e-04
3.573786893446722956e+01 2.506193969515128320e-04
3.577788894447223811e+01 2.482606789754007899e-04
3.581790895447723955e+01 2.459540647010694230e-04
3.585792896448224099e+01 2.436967928650036379e-04
3.589794897448724242e+01 2.414863526653954337e-04
3.593796898449224386e+01 2.393204542335736662e-04
3.597798899449724530e+01 2.371970031872754211e-04
3.601800900450224674e+01 2.351140786292791663e-04
3.605802901450725528e+01 2.330699140646371056e-04
3.609804902451225672e+01 2.310628807988356732e-04
3.613806903451725816e+01 2.290914734518557428e-04
3.617808904452225960e+01 2.271542972826029406e-04
3.621810905452726104e+01 2.252500570670667296e-04
3.625812906453226248e+01 2.233775473139175752e-04
3.629814907453727102e+01 2.215356436346666133e-04
3.633816908454227246e+01 2.197232951132774129e-04
3.637818909454727390e+01 2.179395175432715325e-04
3.641820910455227533e+01 2.161833874197460509e-04
3.645822911455727677e+01 2.144540365899721718e-04
3.649824912456227821e+01 2.127506474799297192e-04
3.653826913456727965e+01 2.110724488256881235e-04
3.657828914457228819e+01 2.094187118483239183e-04
3.661830915457728963e+01 2.077887468193740392e-04
3.665832916458229107e+01 2.061818999708887434e-04
3.669834917458729251e+01 2.045975507101926646e-04
3.673836918459229395e+01 2.030351091046166817e-04
3.677838919459729539e+01 2.014940136058992364e-04
3.681840920460229682e+01 1.999737289877622903e-04
3.685842921460730537e+01 1.984737444734478501e-04
3.689844922461230681e+01 1.969935720328402202e-04
3.693846923461730825e+01 1.955327448312440966e-04
3.697848924462230968e+01 1.940908158140298631e-04
3.701850925462731112e+01 1.926673564131937348e-04
3.705852926463231256e+01 1.912619553635017935e-04
3.709854927463732110e+01 1.898742176172863382e-04
3.713856928464232254e+01 1.885037633481980411e-04
3.717858929464732398e+01 1.871502270352844209e-04
3.721860930465232542e+01 1.858132566197239833e-04
3.725862931465732686e+01 1.844925127273604280e-04
3.729864932466232830e+01 1.831876679509234060e-04
3.733866933466732974e+01 1.818984061864616076e-04
3.737868934467233828e+01 1.806244220190856360e-04
3.741870935467733972e+01 1.793654201536215174e-04
3.745872936468234116e+01 1.781211148862202451e-04
3.749874937468734259e+01 1.768912296133703748e-04
3.753876938469234403e+01 1.756754963751071155e-04
3.757878939469734547e+01 1.744736554295273512e-04
3.761880940470234691e+01 1.732854548560005127e-04
3.765882941470735545e+01 1.721106501847128494e-04
3.769884942471235689e+01 1.709490040504075441e-04
3.773886943471735833e+01 1.698002858683783200e-04
3.777888944472235977e+01 1.686642715309602156e-04
3.781890945472736121e+01 1.675407431229153474e-04
3.785892946473236265e+01 1.664294886542571695e-04
3.789894947473736408e+01 1.653303018091889867e-04
3.793896948474237263e+01 1.642429817099452869e-04
3.797898949474737407e+01 1.631673326944341272e-04
3.801900950475237551e+01 1.621031641066679279e-04
3.805902951475737694e+01 1.610502900990629473e-04
3.809904952476237838e+01 1.600085294457604030e-04
3.813906953476737982e+01 1.589777053661927612e-04
3.817908954477238836e+01 1.579576453581856390e-04
3.821910955477738980e+01 1.569481810399414904e-04
3.825912956478239124e+01 1.559491480003019897e-04
3.829914957478739268e+01 1.549603856567392031e-04
3.833916958479239412e+01 1.539817371205628863e-04
3.837918959479739556e+01 1.530130490688765596e-04
3.841920960480239700e+01 1.520541716228465407e-04
3.845922961480740554e+01 1.511049582318841082e-04
3.849924962481240698e+01 1.501652655633713791e-04
3.853926963481740842e+01 1.492349533975845818e-04
3.857928964482240985e+01 1.483138845275015511e-04
3.861930965482741129e+01 1.474019246631961026e-04
3.865932966483241273e+01 1.464989423405461770e-04
3.869934967483741417e+01 1.456048088340033248e-04
3.873936968484242271e+01 1.447193980731870653e-04
3.877938969484742415e+01 1.438425865630847884e-04
3.881940970485242559e+01 1.429742533076523638e-04
3.885942971485742703e+01 1.421142797366269713e-04
3.889944972486242847e+01 1.412625496353733378e-04
3.893946973486742991e+01 1.404189490775984762e-04
3.897948974487243845e+01 1.395833663607803444e-04
3.901950975487743989e+01 1.387556919441664698e-04
3.905952976488244133e+01 1.379358183892059311e-04
3.909954977488744277e+01 1.371236403022913397e-04
3.913956978489244420e+01 1.363190542796895014e-04
3.917958979489744564e+01 1.355219588545509809e-04
3.921960980490244708e+01 1.347322544458959769e-04
3.925962981490745562e+01 1.339498433094758409e-04
3.929964982491245706e+01 1.331746294904220102e-04
3.933966983491745850e+01 1.324065187775931552e-04
3.937968984492245994e+01 1.316454186595418258e-04
3.941970985492746138e+01 1.308912382820231861e-04
3.945972986493246282e+01 1.301438884069743332e-04
3.949974987493746426e+01 1.294032813728966560e-04
3.953976988494247280e+01 1.286693310565769114e-04
3.957978989494747424e+01 1.279419528360887170e-04
3.961980990495247568e+01 1.272210635550138523e-04
3.965982991495747711e+01 1.265065814878347692e-04
3.969984992496247855e+01 1.257984263064432077e-04
3.973986993496747999e+01 1.250965190477193521e-04
3.977988994497248854e+01 1.244007820821353965e-04
3.981990995497748997e+01 1.237111390833415864e-04
3.985992996498249141e+01 1.230275149986910445e-04
3.989994997498749285e+01 1.223498360206686853e-04
3.993996998499249429e+01 1.216780295591857430e-04
3.997998999499749573e+01 1.210120242147040396e-04
4.002001000500249717e+01 1.203517497521594456e-04
4.006003001500750571e+01 1.196971370756513695e-04
4.010005002501250715e+01 1.190481182038694518e-04
4.014007003501750859e+01 1.184046262462283095e-04
4.018009004502251003e+01 1.177665953796845427e-04
4.022011005502751146e+01 1.171339608262092903e-04
4.026013006503251290e+01 1.165066588308924826e-04
4.030015007503751434e+01 1.158846266406551954e-04
4.034017008504252289e+01 1.152678024835482871e-04
4.038019009504752432e+01 1.146561255486161485e-04
4.042021010505252576e+01 1.140495359663041533e-04
4.046023011505752720e+01 1.134479747893925967e-04
4.050025012506252864e+01 1.128513839744373364e-04
4.054027013506753008e+01 1.122597063636994355e-04
4.058029014507253862e+01 1.116728856675476669e-04
4.062031015507754006e+01 1.110908664473177649e-04
4.066033016508254150e+01 1.105135940986117269e-04
4.070035017508754294e+01 1.099410148350246711e-04
4.074037018509254438e+01 1.093730756722829451e-04
4.078039019509754581e+01 1.088097244127813018e-04
4.082041020510254725e+01 1.082509096305057949e-04
4.086043021510755580e+01 1.076965806563295034e-04
4.090045022511255723e+01 1.071466875636705970e-04
4.094047023511755867e+01 1.066011811544985790e-04
4.098049024512256011e+01 1.060600129456812271e-04
4.102051025512756155e+01 1.055231351556587722e-04
4.106053026513256299e+01 1.049905006914366308e-04
4.110055027513756443e+01 1.044620631358866050e-04
4.114057028514257297e+01 1.039377767353470662e-04
4.118059029514757441e+01 1.034175963875137716e-04
4.122061030515257585e+01 1.029014776296109884e-04
4.126063031515757729e+01 1.023893766268370022e-04
4.130065032516257872e+01 1.018812501610737772e-04
4.134067033516758016e+01 1.013770556198544543e-04
4.138069034517258160e+01 1.008767509855806080e-04
4.142071035517759015e+01 1.003802948249820254e-04
4.146073036518259158e+01 9.988764627881291033e-05
4.150075037518759302e+01 9.939876505177614797e-05
4.154077038519259446e+01 9.891361140267136329e-05
4.158079039519759590e+01 9.843214613475884383e-05
4.162081040520259734e+01 9.795433058633429908e-05
4.166083041520760588e+01 9.748012662150780242e-05
4.170085042521260732e+01 9.700949662118289014e-05
4.174087043521760876e+01 9.654240347422805228e-05
4.178089044522261020e+01 9.607881056883787747e-05
4.182091045522761164e+01 9.561868178407722466e-05
4.186093046523261307e+01 9.516198148160394941e-05
4.190095047523761451e+01 9.470867449756580720e-05
4.194097048524262306e+01 9.425872613466635688e-05
4.198099049524762449e+01 9.381210215439648938e-05
4.202101050525262593e+01 9.336876876942546983e-05
4.206103051525762737e+01 9.292869263615005627e-05
4.210105052526262881e+01 9.249184084739463414e-05
4.214107053526763025e+01 9.205818092526145868e-05
4.218109054527263169e+01 9.162768081412478438e-05
4.222111055527764023e+01 9.120030887376679460e-05
4.226113056528264167e+01 9.077603387265144167e-05
4.230115057528764311e+01 9.035482498133222667e-05
4.234117058529264455e+01 8.993665176599138441e-05
4.238119059529764598e+01 8.952148418210695020e-05
4.242121060530264742e+01 8.910929256824437418e-05
4.246123061530765597e+01 8.870004763997006790e-05
4.250125062531265741e+01 8.829372048388383352e-05
4.254127063531765884e+01 8.789028255176690974e-05
4.258129064532266028e+01 8.748970565484337101e-05
4.262131065532766172e+01 8.709196195815250836e-05
4.266133066533266316e+01 8.669702397502853275e-05
4.270135067533766460e+01 8.630486456168582547e-05
4.274137068534267314e+01 8.591545691190744525e-05
4.278139069534767458e+01 8.552877455183404603e-05
4.282141070535267602e+01 8.514479133485071177e-05
4.286143071535767746e+01 8.476348143657025814e-05
4.290145072536267890e+01 8.438481934991012791e-05
4.294147073536768033e+01 8.400877988026105058e-05
4.298149074537268177e+01 8.363533814074520286e-05
4.302151075537769032e+01 8.326446954756191847e-05
4.306153076538269175e+01 8.289614981541949714e-05
4.310155077538769319e+01 8.253035495304980606e-05
4.314157078539269463e+01 8.216706125880587691e-05
4.318159079539769607e+01 8.180624531633867681e-05
4.322161080540269751e+01 8.144788399035270078e-05
4.326163081540770605e+01 8.109195442243791912e-05
4.330165082541270749e+01 8.073843402697698194e-05
4.334167083541770893e+01 8.038730048712520082e-05
4.338169084542271037e+01 8.003853175086276541e-05
4.342171085542771181e+01 7.969210602711680974e-05
4.346173086543271324e+01 7.934800178195259646e-05
4.350175087543771468e+01 7.900619773483139301e-05
4.354177088544272323e+01 7.866667285493460617e-05
4.358179089544772467e+01 7.832940635755231812e-05
4.362181090545272610e+01 7.799437770053425912e-05
4.366183091545772754e+01 7.766156658080362310e-05
4.370185092546272898e+01 7.733095293093035191e-05
4.374187093546773042e+01 7.700251691576424028e-05
4.378189094547273186e+01 7.667623892912567979e-05
4.382191095547774040e+01 7.635209959055354019e-05
4.386193096548274184e+01 7.603007974210853487e-05
4.390195097548774328e+01 7.571016044523070146e-05
4.394197098549274472e+01 7.539232297765109268e-05
4.398199099549774616e+01 7.507654883035492599e-05
4.402201100550274759e+01 7.476281970459666660e-05
4.406203101550775614e+01 7.445111750896492959e-05
4.410205102551275758e+01 7.414142435649682158e-05
4.414207103551775901e+01 7.383372256184028552e-05
4.418209104552276045e+01 7.352799463846398768e-05
4.422211105552776189e+01 7.322422329591341884e-05
4.426213106553276333e+01 7.292239143711253186e-05
4.430215107553776477e+01 7.262248215570966904e-05
4.434217108554277331e+01 7.232447873346761638e-05
4.438219109554777475e+01 7.202836463769588763e-05
4.442221110555277619e+01 7.173412351872554961e-05
4.446223111555777763e+01 7.144173920742485429e-05
4.450225112556277907e+01 7.115119571275547419e-05
4.454227113556778050e+01 7.086247721936810788e-05
4.458229114557278194e+01 7.057556808523718448e-05
4.462231115557779049e+01 7.029045283933355601e-05
4.466233116558279193e+01 7.000711617933451326e-05
4.470235117558779336e+01 6.972554296937062397e-05
4.474237118559279480e+01 6.944571823780824123e-05
4.478239119559779624e+01 6.916762717506776343e-05
4.482241120560279768e+01 6.889125513147619569e-05
4.486243121560779912e+01 6.861658761515368747e-05
4.490245122561280766e+01 6.834361028993372108e-05
4.494247123561780910e+01 6.807230897331581270e-05
4.498249124562281054e+01 6.780266963445014323e-05
4.502251125562781198e+01 6.753467839215421362e-05
4.506253126563281342e+01 6.726832151296016974e-05
4.510255127563781485e+01 6.700358540919233567e-05
4.514257128564282340e+01 6.674045663707498281e-05
4.518259129564782484e+01 6.647892189486920972e-05
4.522261130565282627e+01 6.621896802103833656e-05
4.526263131565782771e+01 6.596058199244188172e-05
4.530265132566282915e+01 6.570375092255707728e-05
4.534267133566783059e+01 6.544846205972780116e-05
4.538269134567283203e+01 6.519470278543980119e-05
4.542271135567784057e+01 6.494246061262267191e-05
4.546273136568284201e+01 6.469172318397759468e-05
4.550275137568784345e+01 6.444247827032964851e-05
4.554277138569284489e+01 6.419471376900622310e-05
4.558279139569784633e+01 6.394841770223878288e-05
4.562281140570284776e+01 6.370357821558921528e-05
4.566283141570784920e+01 6.346018357639971982e-05
4.570285142571285775e+01 6.321822217226558734e-05
4.574287143571785919e+01 6.297768250953108638e-05
4.578289144572286062e+01 6.273855321180746715e-05
4.582291145572786206e+01 6.250082301851306982e-05
4.586293146573286350e+01 6.226448078343499481e-05
4.590295147573786494e+01 6.202951547331192852e-05
4.594297148574287348e+01 6.179591616643809757e-05
4.598299149574787492e+01 6.156367205128728069e-05
4.602301150575287636e+01 6.133277242515746113e-05
4.606303151575787780e+01 6.110320669283476436e-05
4.610305152576287924e+01 6.087496436527731111e-05
4.614307153576788068e+01 6.064803505831798308e-05
4.618309154577288211e+01 6.042240849138608757e-05
4.622311155577789066e+01 6.019807448624733159e-05
4.626313156578289210e+01 5.997502296576232906e-05
4.630315157578789353e+01 5.975324395266246882e-05
4.634317158579289497e+01 5.953272756834395650e-05
4.638319159579789641e+01 5.931346403167856677e-05
4.642321160580289785e+01 5.909544365784184436e-05
4.646323161580789929e+01 5.887865685715771050e-05
4.650325162581290783e+01 5.866309413395965759e-05
4.654327163581790927e+01 5.844874608546806464e-05
4.658329164582291071e+01 5.823560340068333524e-05
4.662331165582791215e+01 5.802365685929471590e-05
4.666333166583291359e+01 5.781289733060454382e-05
4.670335167583791502e+01 5.760331577246757194e-05
4.674337168584292357e+01 5.739490323024508650e-05
4.678339169584792501e+01 5.718765083577385114e-05
4.682341170585292645e+01 5.698154980634913204e-05
4.686343171585792788e+01 5.677659144372227844e-05
4.690345172586292932e+01 5.657276713311183540e-05
4.694347173586793076e+01 5.637006834222863601e-05
4.698349174587293220e+01 5.616848662031435798e-05
4.702351175587794074e+01 5.596801359719307716e-05
4.706353176588294218e+01 5.576864098233635995e-05
4.710355177588794362e+01 5.557036056394066154e-05
4.714357178589294506e+01 5.537316420801772089e-05
4.718359179589794650e+01 5.517704385749727501e-05
4.722361180590294794e+01 5.498199153134209930e-05
4.726363181590794937e+01 5.478799932367489276e-05
4.730365182591295792e+01 5.459505940291728589e-05
4.734367183591795936e+01 5.440316401094036158e-05
4.738369184592296079e+01 5.421230546222661421e-05
4.742371185592796223e+01 5.402247614304335396e-05
4.746373186593296367e+01 5.383366851062713600e-05
4.750375187593796511e+01 5.364587509237927576e-05
4.754377188594297365e+01 5.345908848507190120e-05
4.758379189594797509e+01 5.327330135406498264e-05
4.762381190595297653e+01 5.308850643253339152e-05
4.766383191595797797e+01 5.290469652070458429e-05
4.770385192596297941e+01 5.272186448510635581e-05
4.774387193596798085e+01 5.254000325782437095e-05
4.778389194597298228e+01 5.235910583576975215e-05
4.782391195597799083e+01 5.217916527995624179e-05
4.786393196598299227e+01 5.200017471478689886e-05
4.790395197598799371e+01 5.182212732735011289e-05
4.794397198599299514e+01 5.164501636672498954e-05
4.798399199599799658e+01 5.146883514329561300e-05
4.802401200600299802e+01 5.129357702807455812e-05
4.806403201600799946e+01 5.111923545203498113e-05
4.810405202601300800e+01 5.094580390545147899e-05
4.814407203601800944e+01 5.077327593724960874e-05
4.818409204602301088e+01 5.060164515436352478e-05
4.822411205602801232e+01 5.043090522110235761e-05
4.826413206603301376e+01 5.026104985852442584e-05
4.830415207603801520e+01 5.009207284381965436e-05
4.834417208604301663e+01 4.992396800969979868e-05
4.838419209604802518e+01 4.975672924379671272e-05
4.842421210605302662e+01 4.959035048806819925e-05
4.846423211605802805e+01 4.942482573821130743e-05
4.850425212606302949e+01 4.926014904308328757e-05
4.854427213606803093e+01 4.909631450412988449e-05
4.858429214607303237e+01 4.893331627482084770e-05
4.862431215607804091e+01 4.877114856009255660e-05
4.866433216608304235e+01 4.860980561579786243e-05
4.870435217608804379e+01 4.844928174816261836e-05
4.874437218609304523e+01 4.828957131324922305e-05
4.878439219609804667e+01 4.813066871642686590e-05
4.882441220610304811e+01 4.797256841184841306e-05
4.886443221610804954e+01 4.781526490193386641e-05
4.890445222611305809e+01 4.765875273686015837e-05
4.894447223611805953e+01 4.750302651405762124e-05
4.898449224612306097e+01 4.734808087771215552e-05
4.902451225612806240e+01 4.719391051827418794e-05
4.906453226613306384e+01 4.704051017197338253e-05
4.910455227613806528e+01 4.688787462033937591e-05
4.914457228614306672e+01 4.673599868972850262e-05
4.918459229614807526e+01 4.658487725085630753e-05
4.922461230615307670e+01 4.643450521833592643e-05
4.926463231615807814e+01 4.628487755022178598e-05
4.930465232616307958e+01 4.613598924755940909e-05
4.934467233616808102e+01 4.598783535394027538e-05
4.938469234617308246e+01 4.584041095506227888e-05
4.942471235617809100e+01 4.569371117829570153e-05
4.946473236618309244e+01 4.554773119225418761e-05
4.950475237618809388e+01 4.540246620637102400e-05
4.954477238619309531e+01 4.525791147048063812e-05
4.958479239619809675e+01 4.511406227440500872e-05
4.962481240620309819e+01 4.497091394754530784e-05
4.966483241620809963e+01 4.482846185847807623e-05
4.970485242621310817e+01 4.468670141455659603e-05
4.974487243621810961e+01 4.454562806151700019e-05
4.978489244622311105e+01 4.440523728308877954e-05
4.982491245622811249e+01 4.426552460061044673e-05
4.986493246623311393e+01 4.412648557264928619e-05
4.990495247623811537e+01 4.398811579462606427e-05
4.994497248624311680e+01 4.385041089844387982e-05
4.998499249624812535e+01 4.371336655212156150e-05
5.002501250625312679e+01 4.357697845943145614e-05
5.006503251625812823e+01 4.344124235954130328e-05
5.010505252626312966e+01 4.330615402666050738e-05
5.014507253626813110e+01 4.317170926969055716e-05
5.018509254627313254e+01 4.303790393187953108e-05
5.022511255627814108e+01 4.290473389048047871e-05
5.026513256628314252e+01 4.277219505641428134e-05
5.030515257628814396e+01 4.264028337393574480e-05
5.034517258629314540e+01 4.250899482030438148e-05
5.038519259629814684e+01 4.237832540545828229e-05
5.042521260630314828e+01 4.224827117169237972e-05
5.046523261630814972e+01 4.211882819334007179e-05
5.050525262631315826e+01 4.198999257645857989e-05
5.054527263631815970e+01 4.186176045851829091e-05
5.058529264632316114e+01 4.173412800809507425e-05
5.062531265632816257e+01 4.160709142456670522e-05
5.066533266633316401e+01 4.148064693781248677e-05
5.070535267633816545e+01 4.135479080791632726e-05
5.074537268634316689e+01 4.122951932487348403e-05
5.078539269634817543e+01 4.110482880830015309e-05
5.082541270635317687e+01 4.098071560714696196e-05
5.086543271635817831e+01 4.085717609941531521e-05
5.090545272636317975e+01 4.073420669187708082e-05
5.094547273636818119e+01 4.061180381979755615e-05
5.098549274637318263e+01 4.048996394666145622e-05
5.102551275637819117e+01 4.036868356390203253e-05
5.106553276638319261e+01 4.024795919063335647e-05
5.110555277638819405e+01 4.012778737338538093e-05
5.114557278639319549e+01 4.000816468584227493e-05
5.118559279639819692e+01 3.988908772858348900e-05
5.122561280640319836e+01 3.977055312882782926e-05
5.126563281640819980e+01 3.965255754018032333e-05
5.130565282641320835e+01 3.953509764238203391e-05
5.134567283641820978e+01 3.941817014106257605e-05
5.138569284642321122e+01 3.930177176749536532e-05
5.142571285642821266e+01 3.918589927835558321e-05
5.146573286643321410e+01 3.907054945548105634e-05
5.150575287643821554e+01 3.895571910563544639e-05
5.154577288644321698e+01 3.884140506027429957e-05
5.158579289644822552e+01 3.872760417531355594e-05
5.162581290645322696e+01 3.861431333090078273e-05
5.166583291645822840e+01 3.850152943118860321e-05
5.170585292646322984e+01 3.838924940411105285e-05
5.174587293646823127e+01 3.827747020116195489e-05
5.178589294647323271e+01 3.816618879717602667e-05
5.182591295647823415e+01 3.805540219011224246e-05
5.186593296648324269e+01 3.794510740083964262e-05
5.190595297648824413e+01 3.783530147292540587e-05
5.194597298649324557e+01 3.772598147242529340e-05
5.198599299649824701e+01 3.761714448767618674e-05
5.202601300650324845e+01 3.750878762909120071e-05
5.206603301650824989e+01 3.740090802895676815e-05
5.210605302651325843e+01 3.729350284123188636e-05
5.214607303651825987e+01 3.718656924134983686e-05
5.218609304652326131e+01 3.708010442602162630e-05
5.222611305652826275e+01 3.697410561304186684e-05
5.226613306653326418e+01 3.686857004109656742e-05
5.230615307653826562e+01 3.676349496957308672e-05
5.234617308654326706e+01 3.665887767837201045e-05
5.238619309654827561e+01 3.655471546772115656e-05
5.242621310655327704e+01 3.645100565799152506e-05
5.246623311655827848e+01 3.634774558951513857e-05
5.250625312656327992e+01 3.624493262240490886e-05
5.254627313656828136e+01 3.614256413637631271e-05
5.258629314657328280e+01 3.604063753057117520e-05
5.262631315657828424e+01 3.593915022338303858e-05
5.266633316658329278e+01 3.583809965228452343e-05
5.270635317658829422e+01 3.573748327365660070e-05
5.274637318659329566e+01 3.563729856261938839e-05
5.278639319659829710e+01 3.553754301286503537e-05
5.282641320660329853e+01 3.543821413649215688e-05
5.286643321660829997e+01 3.533930946384201841e-05
5.290645322661330852e+01 3.524082654333661685e-05
5.294647323661830995e+01 3.514276294131821182e-05
5.298649324662331139e+01 3.504511624189063910e-05
5.302651325662831283e+01 3.494788404676234527e-05
5.306653326663331427e+01 3.485106397509087246e-05
5.310655327663831571e+01 3.475465366332918627e-05
5.314657328664331715e+01 3.465865076507340631e-05
5.318659329664832569e+01 3.456305295091219700e-05
5.322661330665332713e+01 3.446785790827775072e-05
5.326663331665832857e+01 3.437306334129817373e-05
5.330665332666333001e+01 3.427866697065153219e-05
5.334667333666833144e+01 3.418466653342132127e-05
5.338669334667333288e+01 3.409105978295348595e-05
5.342671335667833432e+01 3.399784448871481069e-05
5.346673336668334287e+01 3.390501843615281339e-05
5.350675337668834430e+01 3.381257942655715049e-05
5.354677338669334574e+01 3.372052527692221465e-05
5.358679339669834718e+01 3.362885381981137233e-05
5.362681340670334862e+01 3.353756290322248203e-05
5.366683341670835006e+01 3.344665039045474077e-05
5.370685342671335860e+01 3.335611415997683828e-05
5.374687343671836004e+01 3.326595210529679852e-05
5.378689344672336148e+01 3.317616213483248533e-05
5.382691345672836292e+01 3.308674217178411378e-05
5.386693346673336436e+01 3.299769015400754759e-05
5.390695347673836579e+01 3.290900403388912122e-05
5.394697348674336723e+01 3.282068177822157327e-05
5.398699349674837578e+01 3.273272136808140286e-05
5.402701350675337721e+01 3.264512079870733737e-05
5.406703351675837865e+01 3.255787807937991145e-05
5.410705352676338009e+01 3.247099123330246902e-05
5.414707353676838153e+01 3.238445829748323604e-05
5.418709354677338297e+01 3.229827732261857895e-05
5.422711355677838441e+01 3.221244637297737457e-05
5.426713356678339295e+01 3.212696352628666738e-05
5.430715357678839439e+01 3.204182687361826880e-05
5.434717358679339583e+01 3.195703451927665742e-05
5.438719359679839727e+01 3.187258458068788219e-05
5.442721360680339870e+01 3.178847518828958364e-05
5.446723361680840014e+01 3.170470448542206545e-05
5.450725362681340869e+01 3.162127062822056540e-05
5.454727363681841013e+01 3.153817178550846149e-05
5.458729364682341156e+01 3.145540613869149442e-05
5.462731365682841300e+01 3.137297188165314891e-05
5.466733366683341444e+01 3.129086722065097003e-05
5.470735367683841588e+01 3.120909037421400450e-05
5.474737368684341732e+01 3.112763957304099407e-05
5.478739369684842586e+01 3.104651305989989036e-05
5.482741370685342730e+01 3.096570908952809463e-05
5.486743371685842874e+01 3.088522592853374803e-05
5.490745372686343018e+01 3.080506185529799748e-05
5.494747373686843162e+01 3.072521515987821711e-05
5.498749374687343305e+01 3.064568414391206995e-05
5.502751375687843449e+01 3.056646712052264015e-05
5.506753376688344304e+01 3.048756241422434466e-05
5.510755377688844447e+01 3.040896836082988152e-05
5.514757378689344591e+01 3.033068330735789651e-05
5.518759379689844735e+01 3.025270561194173395e-05
5.522761380690344879e+01 3.017503364373888897e-05
5.526763381690845023e+01 3.009766578284145906e-05
5.530765382691345167e+01 3.002060042018737514e-05
5.534767383691846021e+01 2.994383595747248284e-05
5.538769384692346165e+01 2.986737080706351836e-05
5.542771385692846309e+01 2.979120339191182972e-05
5.546773386693346453e+01 2.971533214546795177e-05
5.550775387693846596e+01 2.963975551159703164e-05
5.554777388694346740e+01 2.956447194449503008e-05
5.558779389694847595e+01 2.948947990860562756e-05
5.562781390695347739e+01 2.941477787853809928e-05
5.566783391695847882e+01 2.934036433898581372e-05
5.570785392696348026e+01 2.926623778464546970e-05
5.574787393696848170e+01 2.919239672013728559e-05
5.578789394697348314e+01 2.911883965992575763e-05
5.582791395697848458e+01 2.904556512824121118e-05
5.586793396698349312e+01 2.897257165900214132e-05
5.590795397698849456e+01 2.889985779573819722e-05
5.594797398699349600e+01 2.882742209151393904e-05
5.598799399699849744e+01 2.875526310885325885e-05
5.602801400700349888e+01 2.868337941966461475e-05
5.606803401700850031e+01 2.861176960516677653e-05
5.610805402701350175e+01 2.854043225581547267e-05
5.614807403701851030e+01 2.846936597123049124e-05
5.618809404702351173e+01 2.839856936012371267e-05
5.622811405702851317e+01 2.832804104022753537e-05
5.626813406703351461e+01 2.825777963822419939e-05
5.630815407703851605e+01 2.818778378967558087e-05
5.634817408704351749e+01 2.811805213895376927e-05
5.638819409704852603e+01 2.804858333917218324e-05
5.642821410705352747e+01 2.797937605211741496e-05
5.646823411705852891e+01 2.791042894818154206e-05
5.650825412706353035e+01 2.784174070629527297e-05
5.654827413706853179e+01 2.777331001386151586e-05
5.658829414707353322e+01 2.770513556668967257e-05
5.662831415707853466e+01 2.763721606893043405e-05
5.666833416708354321e+01 2.756955023301128720e-05
5.670835417708854465e+01 2.750213677957253687e-05
5.674837418709354608e+01 2.743497443740386640e-05
5.678839419709854752e+01 2.736806194338154883e-05
5.682841420710354896e+01 2.730139804240621702e-05
5.686843421710855040e+01 2.723498148734115903e-05
5.690845422711355184e+01 2.716881103895121317e-05
5.694847423711856038e+01 2.710288546584216785e-05
5.698849424712356182e+01 2.703720354440075779e-05
5.702851425712856326e+01 2.697176405873515144e-05
5.706853426713356470e+01 2.690656580061600434e-05
5.710855427713856614e+01 2.684160756941804087e-05
5.714857428714356757e+01 2.677688817206214098e-05
5.718859429714857612e+01 2.671240642295793840e-05
5.722861430715357756e+01 2.664816114394698480e-05
5.726863431715857899e+01 2.658415116424637121e-05
5.730865432716358043e+01 2.652037532039282387e-05
5.734867433716858187e+01 2.645683245618740996e-05
5.738869434717358331e+01 2.639352142264060573e-05
5.742871435717858475e+01 2.633044107791790352e-05
5.746873436718359329e+01 2.626759028728596753e-05
5.750875437718859473e+01 2.620496792305915555e-05
5.754877438719359617e+01 2.614257286454655906e-05
5.758879439719859761e+01 2.608040399799953804e-05
5.762881440720359905e+01 2.601846021655967585e-05
5.766883441720860048e+01 2.595674042020720173e-05
5.770885442721360192e+01 2.589524351570992482e-05
5.774887443721861047e+01 2.583396841657250036e-05
5.778889444722361191e+01 2.577291404298626831e-05
5.782891445722861334e+01 2.571207932177941061e-05
5.786893446723361478e+01 2.565146318636764706e-05
5.790895447723861622e+01 2.559106457670529713e-05
5.794897448724361766e+01 2.553088243923680599e-05
5.798899449724862620e+01 2.547091572684864996e-05
5.802901450725362764e+01 2.541116339882172986e-05
5.806903451725862908e+01 2.535162442078407272e-05
5.810905452726363052e+01 2.529229776466406537e-05
5.814907453726863196e+01 2.523318240864400318e-05
5.818909454727363340e+01 2.517427733711406564e-05
5.822911455727863483e+01 2.511558154062671554e-05
5.826913456728364338e+01 2.505709401585144702e-05
5.830915457728864482e+01 2.499881376553000133e-05
5.834917458729364625e+01 2.494073979843182637e-05
5.838919459729864769e+01 2.488287112931008183e-05
5.842921460730364913e+01 2.482520677885791197e-05
5.846923461730865057e+01 2.476774577366515207e-05
5.850925462731365201e+01 2.471048714617533979e-05
5.854927463731866055e+01 2.465342993464318398e-05
5.858929464732366199e+01 2.459657318309236548e-05
5.862931465732866343e+01 2.453991594127356835e-05
5.866933466733366487e+01 2.448345726462312430e-05
5.870935467733866631e+01 2.442719621422177918e-05
5.874937468734366774e+01 2.437113185675392015e-05
5.878939469734866918e+01 2.431526326446714173e-05
5.882941470735367773e+01 2.425958951513210323e-05
5.886943471735867917e+01 2.420410969200281984e-05
5.890945472736368060e+01 2.414882288377715361e-05
5.894947473736868204e+01 2.409372818455778219e-05
5.898949474737368348e+01 2.403882469381340810e-05
5.902951475737868492e+01 2.398411151634029326e-05
5.906953476738369346e+01 2.392958776222417982e-05
5.910955477738869490e+01 2.387525254680245820e-05
5.914957478739369634e+01 2.382110499062673172e-05
5.918959479739869778e+01 2.376714421942558095e-05
5.922961480740369922e+01 2.371336936406779236e-05
5.926963481740870066e+01 2.365977956052570211e-05
5.930965482741370209e+01 2.360637394983908534e-05
5.934967483741871064e+01 2.355315167807908272e-05
5.938969484742371208e+01 2.350011189631266237e-05
5.942971485742871351e+01 2.344725376056724095e-05
5.946973486743371495e+01 2.339457643179558265e-05
5.950975487743871639e+01 2.334207907584112161e-05
5.954977488744371783e+01 2.328976086340344369e-05
5.958979489744871927e+01 2.323762097000408664e-05
5.962981490745372781e+01 2.318565857595266216e-05
5.966983491745872925e+01 2.313387286631324565e-05
5.970985492746373069e+01 2.308226303087098619e-05
5.974987493746873213e+01 2.303082826409905186e-05
5.978989494747373357e+01 2.297956776512583271e-05
5.982991495747873500e+01 2.292848073770240784e-05
5.986993496748374355e+01 2.287756639017027690e-05
5.990995497748874499e+01 2.282682393542939640e-05
5.994997498749374643e+01 2.277625259090634486e-05
5.998999499749874786e+01 2.272585157852297579e-05
6.003001500750374930e+01 2.267562012466505718e-05
6.007003501750875074e+01 2.262555746015142589e-05
6.011005502751375218e+01 2.257566282020320652e-05
6.015007503751876072e+01 2.252593544441333854e-05
6.019009504752376216e+01 2.247637457671642529e-05
6.023011505752876360e+01 2.242697946535866435e-05
6.027013506753376504e+01 2.237774936286820134e-05
6.031015507753876648e+01 2.232868352602560236e-05
6.035017508754376792e+01 2.227978121583459411e-05
6.039019509754876935e+01 2.223104169749308520e-05
6.043021510755377790e+01 2.218246424036433989e-05
6.047023511755877934e+01 2.213404811794850085e-05
6.051025512756378077e+01 2.208579260785417293e-05
6.055027513756878221e+01 2.203769699177039650e-05
6.059029514757378365e+01 2.198976055543879366e-05
6.063031515757878509e+01 2.194198258862586681e-05
6.067033516758379363e+01 2.189436238509560566e-05
6.071035517758879507e+01 2.184689924258232795e-05
6.075037518759379651e+01 2.179959246276362859e-05
6.079039519759879795e+01 2.175244135123363716e-05
6.083041520760379939e+01 2.170544521747648544e-05
6.087043521760880083e+01 2.165860337483989690e-05
6.091045522761380226e+01 2.161191514050913201e-05
6.095047523761881081e+01 2.156537983548099447e-05
6.099049524762381225e+01 2.151899678453816949e-05
6.103051525762881369e+01 2.147276531622365695e-05
6.107053526763381512e+01 2.142668476281545532e-05
6.111055527763881656e+01 2.138075446030148602e-05
6.115057528764381800e+01 2.133497374835462636e-05
6.119059529764881944e+01 2.128934197030802694e-05
6.123061530765382798e+01 2.124385847313055788e-05
6.127063531765882942e+01 2.119852260740249559e-05
6.131065532766383086e+01 2.115333372729137217e-05
6.135067533766883230e+01 2.110829119052799418e-05
6.139069534767383374e+01 2.106339435838274949e-05
6.143071535767883518e+01 2.101864259564191403e-05
6.147073536768384372e+01 2.097403527058437872e-05
6.151075537768884516e+01 2.092957175495835270e-05
6.155077538769384660e+01 2.088525142395835450e-05
6.159079539769884803e+01 2.084107365620239637e-05
6.163081540770384947e+01 2.079703783370922621e-05
6.167083541770885091e+01 2.075314334187593538e-05
6.171085542771385235e+01 2.070938956945553945e-05
6.175087543771886089e+01 2.066577590853488082e-05
6.179089544772386233e+01 2.062230175451264987e-05
6.183091545772886377e+01 2.057896650607755865e-05
6.187093546773386521e+01 2.053576956518671104e-05
6.191095547773886665e+01 2.049271033704410164e-05
6.195097548774386809e+01 2.044978823007935527e-05
6.199099549774886952e+01 2.040700265592656132e-05
6.203101550775387807e+01 2.036435302940327744e-05
6.207103551775887951e+01 2.032183876848974005e-05
6.211105552776388095e+01 2.027945929430818311e-05
6.215107553776888238e+01 2.023721403110233317e-05
6.219109554777388382e+01 2.019510240621710432e-05
6.223111555777888526e+01 2.015312385007832018e-05
6.227113556778388670e+01 2.011127779617281544e-05
6.231115557778889524e+01 2.006956368102840181e-05
6.235117558779389668e+01 2.002798094419430496e-05
6.239119559779889812e+01 1.998652902822139476e-05
6.243121560780389956e+01 1.994520737864293055e-05
6.247123561780890100e+01 1.990401544395513695e-05
6.251125562781390244e+01 1.986295267559818291e-05
6.255127563781891098e+01 1.982201852793712008e-05
6.259129564782391242e+01 1.978121245824303800e-05
6.263131565782891386e+01 1.974053392667440569e-05
6.267133566783391529e+01 1.969998239625842673e-05
6.271135567783891673e+01 1.965955733287269255e-05
6.275137568784391817e+01 1.961925820522686278e-05
6.279139569784891961e+01 1.957908448484451845e-05
6.283141570785392815e+01 1.953903564604514724e-05
6.287143571785892959e+01 1.949911116592629824e-05
6.291145572786393103e+01 1.945931052434579425e-05
6.295147573786893247e+01 1.941963320390413379e-05
6.299149574787393391e+01 1.938007868992705580e-05
6.303151575787893535e+01 1.934064647044811787e-05
6.307153576788393678e+01 1.930133603619157940e-05
6.311155577788894533e+01 1.926214688055520003e-05
6.315157578789394677e+01 1.922307849959339047e-05
6.319159579789894821e+01 1.918413039200027187e-05
6.323161580790394964e+01 1.914530205909305022e-05
6.327163581790895108e+01 1.910659300479538404e-05
6.331165582791395252e+01 1.906800273562094512e-05
6.335167583791896107e+01 1.902953076065703358e-05
6.339169584792396250e+01 1.899117659154846724e-05
6.343171585792896394e+01 1.895293974248132542e-05
6.347173586793396538e+01 1.891481973016711615e-05
6.351175587793896682e+01 1.887681607382679099e-05
6.355177588794396826e+01 1.883892829517511220e-05
6.359179589794896970e+01 1.880115591840491823e-05
6.363181590795397824e+01 1.876349847017169079e-05
6.367183591795897968e+01 1.872595547957811514e-05
6.371185592796398112e+01 1.868852647815879284e-05
6.375187593796898256e+01 1.865121099986506630e-05
6.379189594797398399e+01 1.861400858104995853e-05
6.383191595797898543e+01 1.857691876045323149e-05
6.387193596798398687e+01 1.853994107918651896e-05
6.391195597798899541e+01 1.850307508071858818e-05
6.395197598799399685e+01 1.846632031086075732e-05
6.399199599799899829e+01 1.842967631775229600e-05
6.403201600800400684e+01 1.839314265184605288e-05
6.407203601800900117e+01 1.835671886589418142e-05
6.411205602801400971e+01 1.832040451493380812e-05
6.415207603801900405e+01 1.828419915627310047e-05
6.419209604802401259e+01 1.824810234947707075e-05
6.423211605802900692e+01 1.821211365635385740e-05
6.427213606803401547e+01 1.817623264094078632e-05
6.431215607803902401e+01 1.814045886949074715e-05
6.435217608804401834e+01 1.810479191045856622e-05
6.439219609804902689e+01 1.806923133448745401e-05
6.443221610805402122e+01 1.803377671439570674e-05
6.447223611805902976e+01 1.799842762516325889e-05
6.451225612806402410e+01 1.796318364391861854e-05
6.455227613806903264e+01 1.792804434992557912e-05
6.459229614807404118e+01 1.789300932457034453e-05
6.463231615807903552e+01 1.785807815134850854e-05
6.467233616808404406e+01 1.782325041585220695e-05
6.471235617808903839e+01 1.778852570575744269e-05
6.475237618809404694e+01 1.775390361081132938e-05
6.479239619809904127e+01 1.771938372281960279e-05
6.483241620810404982e+01 1.768496563563406773e-05
6.487243621810905836e+01 1.765064894514033306e-05
6.491245622811405269e+01 1.761643324924534333e-05
6.495247623811906124e+01 1.758231814786527980e-05
6.499249624812405557e+01 1.754830324291341395e-05
6.503251625812906411e+01 1.751438813828799494e-05
6.507253626813405845e+01 1.748057243986041485e-05
6.511255627813906699e+01 1.744685575546322485e-05
6.515257628814407553e+01 1.741323769487838856e-05
6.519259629814906987e+01 1.737971786982559638e-05
6.523261630815407841e+01 1.734629589395061033e-05
6.527263631815907274e+01 1.731297138281373083e-05
6.531265632816408129e+01 1.727974395387833124e-05
6.535267633816907562e+01 1.724661322649952125e-05
6.539269634817408416e+01 1.721357882191275590e-05
6.543271635817909271e+01 1.718064036322270558e-05
6.547273636818408704e+01 1.714779747539208881e-05
6.551275637818909559e+01 1.711504978523053537e-05
6.555277638819408992e+01 1.708239692138374772e-05
6.559279639819909846e+01 1.704983851432240145e-05
6.563281640820410701e+01 1.701737419633150318e-05
6.567283641820910134e+01 1.698500360149947738e-05
6.571285642821410988e+01 1.695272636570757167e-05
6.575287643821910422e+01 1.692054212661921471e-05
6.579289644822411276e+01 1.688845052366946895e-05
6.583291645822910709e+01 1.685645119805460873e-05
6.587293646823411564e+01 1.682454379272166789e-05
6.591295647823912418e+01 1.679272795235819745e-05
6.595297648824411851e+01 1.676100332338195553e-05
6.599299649824912706e+01 1.672936955393073278e-05
6.603301650825412139e+01 1.669782629385229981e-05
6.607303651825912993e+01 1.666637319469431054e-05
6.611305652826412427e+01 1.663500990969437498e-05
6.615307653826913281e+01 1.660373609377012184e-05
6.619309654827414136e+01 1.657255140350940344e-05
6.623311655827913569e+01 1.654145549716053452e-05
6.627313656828414423e+01 1.651044803462252422e-05
6.631315657828913857e+01 1.647952867743558255e-05
6.635317658829414711e+01 1.644869708877138293e-05
6.639319659829914144e+01 1.641795293342372105e-05
6.643321660830414999e+01 1.638729587779898413e-05
6.647323661830915853e+01 1.635672558990680298e-05
6.651325662831415286e+01 1.632624173935078553e-05
6.655327663831916141e+01 1.629584399731920282e-05
6.659329664832415574e+01 1.626553203657586817e-05
6.663331665832916428e+01 1.623530553145098582e-05
6.667333666833415862e+01 1.620516415783215204e-05
6.671335667833916716e+01 1.617510759315523769e-05
6.675337668834417570e+01 1.614513551639562314e-05
6.679339669834917004e+01 1.611524760805918240e-05
6.683341670835417858e+01 1.608544355017353162e-05
6.687343671835917291e+01 1.605572302627929446e-05
6.691345672836418146e+01 1.602608572142134039e-05
6.695347673836917579e+01 1.599653132214024322e-05
6.699349674837418434e+01 1.596705951646361425e-05
6.703351675837919288e+01 1.593766999389762516e-05
6.707353676838418721e+01 1.590836244541856477e-05
6.711355677838919576e+01 1.587913656346437894e-05
6.715357678839419009e+01 1.584999204192638649e-05
6.719359679839919863e+01 1.582092857614089706e-05
6.723361680840420718e+01 1.579194586288108291e-05
6.727363681840920151e+01 1.576304360034872884e-05
6.731365682841421005e+01 1.573422148816606343e-05
6.735367683841920439e+01 1.570547922736780706e-05
6.739369684842421293e+01 1.567681652039304042e-05
6.743371685842920726e+01 1.564823307107731013e-05
6.747373686843421581e+01 1.561972858464463618e-05
6.751375687843922435e+01 1.559130276769972597e-05
6.755377688844421868e+01 1.556295532822017484e-05
6.759379689844922723e+01 1.553468597554860900e-05
6.763381690845422156e+01 1.550649442038507577e-05
6.767383691845923011e+01 1.547838037477934577e-05
6.771385692846422444e+01 1.545034355212334719e-05
6.775387693846923298e+01 1.542238366714352896e-05
6.779389694847424153e+01 1.539450043589346109e-05
6.783391695847923586e+01 1.536669357574632991e-05
6.787393696848424440e+01 1.533896280538749775e-05
6.791395697848923874e+01 1.531130784480721512e-05
6.795397698849424728e+01 1.528372841529326837e-05
6.799399699849924161e+01 1.525622423942372747e-05
6.803401700850425016e+01 1.522879504105973436e-05
6.807403701850925870e+01 1.520144054533835733e-05
6.811405702851425303e+01 1.517416047866544382e-05
6.815407703851926158e+01 1.514695456870854596e-05
6.819409704852425591e+01 1.511982254438995290e-05
6.823411705852926445e+01 1.509276413587960620e-05
6.827413706853425879e+01 1.506577907458828125e-05
6.831415707853926733e+01 1.503886709316060092e-05
6.835417708854427588e+01 1.501202792546826944e-05
6.839419709854927021e+01 1.498526130660322674e-05
6.843421710855427875e+01 1.495856697287088398e-05
6.847423711855927309e+01 1.493194466178346084e-05
6.851425712856428163e+01 1.490539411205327019e-05
6.855427713856927596e+01 1.487891506358612316e-05
6.859429714857428451e+01 1.485250725747471375e-05
6.863431715857929305e+01 1.482617043599212549e-05
6.867433716858428738e+01 1.479990434258531442e-05
6.871435717858929593e+01 1.477370872186861564e-05
6.875437718859429026e+01 1.474758331961739914e-05
6.879439719859929880e+01 1.472152788276163056e-05
6.883441720860429314e+01 1.469554215937961676e-05
6.887443721860930168e+01 1.466962589869160732e-05
6.891445722861431022e+01 1.464377885105365861e-05
6.895447723861930456e+01 1.461800076795136748e-05
6.899449724862431310e+01 1.459229140199366755e-05
6.903451725862930743e+01 1.456665050690678820e-05
6.907453726863431598e+01 1.454107783752805597e-05
6.911455727863932452e+01 1.451557314979994500e-05
6.915457728864431886e+01 1.449013620076401229e-05
6.919459729864932740e+01 1.446476674855488203e-05
6.923461730865432173e+01 1.443946455239441130e-05
6.927463731865933028e+01 1.441422937258567270e-05
6.931465732866432461e+01 1.438906097050720978e-05
6.935467733866933315e+01 1.436395910860710275e-05
6.939469734867434170e+01 1.433892355039726452e-05
6.943471735867933603e+01 1.431395406044765044e-05
6.947473736868434457e+01 1.428905040438052552e-05
6.951475737868933891e+01 1.426421234886485712e-05
6.955477738869434745e+01 1.423943966161057202e-05
6.959479739869934178e+01 1.421473211136304907e-05
6.963481740870435033e+01 1.419008946789746265e-05
6.967483741870935887e+01 1.416551150201332272e-05
6.971485742871435320e+01 1.414099798552892507e-05
6.975487743871936175e+01 1.411654869127586930e-05
6.979489744872435608e+01 1.409216339309369881e-05
6.983491745872936463e+01 1.406784186582442050e-05
6.987493746873435896e+01 1.404358388530720401e-05
6.991495747873936750e+01 1.401938922837299125e-05
6.995497748874437605e+01 1.399525767283926846e-05
6.999499749874937038e+01 1.397118899750474859e-05
7.003501750875437892e+01 1.394718298214415691e-05
7.007503751875937326e+01 1.392323940750304722e-05
7.011505752876438180e+01 1.389935805529258747e-05
7.015507753876937613e+01 1.387553870818450642e-05
7.019509754877438468e+01 1.385178114980591649e-05
7.023511755877939322e+01 1.382808516473428585e-05
7.027513756878438755e+01 1.380445053849237990e-05
7.031515757878939610e+01 1.378087705754327396e-05
7.035517758879439043e+01 1.375736450928535406e-05
7.039519759879939897e+01 1.373391268204738553e-05
7.043521760880439331e+01 1.371052136508360359e-05
7.047523761880940185e+01 1.368719034856881242e-05
7.051525762881441040e+01 1.366391942359354521e-05
7.055527763881940473e+01 1.364070838215924963e-05
7.059529764882441327e+01 1.361755701717345636e-05
7.063531765882940761e+01 1.359446512244506280e-05
7.067533766883441615e+01 1.357143249267954225e-05
7.071535767883942469e+01 1.354845892347430556e-05
7.075537768884441903e+01 1.352554421131397638e-05
7.079539769884942757e+01 1.350268815356574265e-05
7.083541770885442190e+01 1.347989054847476738e-05
7.087543771885943045e+01 1.345715119515956044e-05
7.091545772886442478e+01 1.343446989360745881e-05
7.095547773886943332e+01 1.341184644467004243e-05
7.099549774887444187e+01 1.338928065005867034e-05
7.103551775887943620e+01 1.336677231233997617e-05
7.107553776888444474e+01 1.334432123493141440e-05
7.111555777888943908e+01 1.332192722209685584e-05
7.115557778889444762e+01 1.329959007894216100e-05
7.119559779889944195e+01 1.327730961141084332e-05
7.123561780890445050e+01 1.325508562627966963e-05
7.127563781890945904e+01 1.323291793115441316e-05
7.131565782891445338e+01 1.321080633446551332e-05
7.135567783891946192e+01 1.318875064546380670e-05
7.139569784892445625e+01 1.316675067421632574e-05
7.143571785892946480e+01 1.314480623160202291e-05
7.147573786893445913e+01 1.312291712930766603e-05
7.151575787893946767e+01 1.310108317982356748e-05
7.155577788894447622e+01 1.307930419643955403e-05
7.159579789894947055e+01 1.305757999324078932e-05
7.163581790895447909e+01 1.303591038510368093e-05
7.167583791895947343e+01 1.301429518769186887e-05
7.171585792896448197e+01 1.299273421745211067e-05
7.175587793896947630e+01 1.297122729161033764e-05
7.179589794897448485e+01 1.294977422816761446e-05
7.183591795897949339e+01 1.292837484589620224e-05
7.187593796898448772e+01 1.290702896433560449e-05
7.191595797898949627e+01 1.288573640378863696e-05
7.195597798899449060e+01 1.286449698531753465e-05
7.199599799899949915e+01 1.284331053074009949e-05
7.203601800900449348e+01 1.282217686262583279e-05
7.207603801900950202e+01 1.280109580429208635e-05
7.211605802901451057e+01 1.278006717980031854e-05
7.215607803901950490e+01 1.275909081395226067e-05
7.219609804902451344e+01 1.273816653228616289e-05
7.223611805902950778e+01 1.271729416107309268e-05
7.227613806903451632e+01 1.269647352731316556e-05
7.231615807903951065e+01 1.267570445873192488e-05
7.235617808904451920e+01 1.265498678377659282e-05
7.239619809904952774e+01 1.263432033161248407e-05
7.243621810905452207e+01 1.261370493211935513e-05
7.247623811905953062e+01 1.259314041588777220e-05
7.251625812906452495e+01 1.257262661421559773e-05
7.255627813906953349e+01 1.255216335910433459e-05
7.259629814907454204e+01 1.253175048325566850e-05
7.263631815907953637e+01 1.251138782006790541e-05
7.267633816908454492e+01 1.249107520363245968e-05
7.271635817908953925e+01 1.247081246873041685e-05
7.275637818909454779e+01 1.245059945082902691e-05
7.279639819909954213e+01 1.243043598607830938e-05
7.283641820910455067e+01 1.241032191130759744e-05
7.287643821910955921e+01 1.239025706402215995e-05
7.291645822911455355e+01 1.237024128239983025e-05
7.295647823911956209e+01 1.235027440528761295e-05
7.299649824912455642e+01 1.233035627219839747e-05
7.303651825912956497e+01 1.231048672330757834e-05
7.307653826913455930e+01 1.229066559944981616e-05
7.311655827913956784e+01 1.227089274211568675e-05
7.315657828914457639e+01 1.225116799344849458e-05
7.319659829914957072e+01 1.223149119624098463e-05
7.323661830915457926e+01 1.221186219393211518e-05
7.327663831915957360e+01 1.219228083060388140e-05
7.331665832916458214e+01 1.217274695097807974e-05
7.335667833916957647e+01 1.215326040041322809e-05
7.339669834917458502e+01 1.213382102490130638e-05
7.343671835917959356e+01 1.211442867106471240e-05
7.347673836918458790e+01 1.209508318615311585e-05
7.351675837918959644e+01 1.207578441804033961e-05
7.355677838919459077e+01 1.205653221522132904e-05
7.359679839919959932e+01 1.203732642680905016e-05
7.363681840920459365e+01 1.201816690253149283e-05
7.367683841920960219e+01 1.199905349272858077e-05
7.371685842921461074e+01 1.197998604834925103e-05
7.375687843921960507e+01 1.196096442094839613e-05
7.379689844922461361e+01 1.194198846268389783e-05
7.383691845922960795e+01 1.192305802631371498e-05
7.387693846923461649e+01 1.190417296519289689e-05
7.391695847923961082e+01 1.188533313327070513e-05
7.395697848924461937e+01 1.186653838508766074e-05
7.399699849924962791e+01 1.184778857577269484e-05
7.403701850925462224e+01 1.182908356104027720e-05
7.407703851925963079e+01 1.181042319718751256e-05
7.411705852926462512e+01 1.179180734109138783e-05
7.415707853926963367e+01 1.177323585020584470e-05
7.419709854927464221e+01 1.175470858255907254e-05
7.423711855927963654e+01 1.173622539675065391e-05
7.427713856928464509e+01 1.171778615194880662e-05
7.431715857928963942e+01 1.169939070788763253e-05
7.435717858929464796e+01 1.168103892486436304e-05
7.439719859929964230e+01 1.166273066373665874e-05
7.443721860930465084e+01 1.164446578591984638e-05
7.447723861930965938e+01 1.162624415338427781e-05
7.451725862931465372e+01 1.160806562865261953e-05
7.455727863931966226e+01 1.158993007479716581e-05
7.459729864932465659e+01 1.157183735543725025e-05
7.463731865932966514e+01 1.155378733473654537e-05
7.467733866933465947e+01 1.153577987740047920e-05
7.471735867933966802e+01 1.151781484867360268e-05
7.475737868934467656e+01 1.149989211433703672e-05
7.479739869934967089e+01 1.148201154070585317e-05
7.483741870935467944e+01 1.146417299462653200e-05
7.487743871935967377e+01 1.144637634347442364e-05
7.491745872936468231e+01 1.142862145515118410e-05
7.495747873936967665e+01 1.141090819808228647e-05
7.499749874937468519e+01 1.139323644121449328e-05
7.503751875937969373e+01 1.137560605401338156e-05
7.507753876938468807e+01 1.135801690646086941e-05
7.511755877938969661e+01 1.134046886905271227e-05
7.515757878939469094e+01 1.132296181279611421e-05
7.519759879939969949e+01 1.130549560920723091e-05
7.523761880940469382e+01 1.128807013030879966e-05
7.527763881940970236e+01 1.127068524862768466e-05
7.531765882941471091e+01 1.125334083719251546e-05
7.535767883941970524e+01 1.123603676953130009e-05
7.539769884942471379e+01 1.121877291966902789e-05
7.543771885942970812e+01 1.120154916212535882e-05
7.547773886943471666e+01 1.118436537191222301e-05
7.551775887943971100e+01 1.116722142453155743e-05
7.555777888944471954e+01 1.115011719597292745e-05
7.559779889944972808e+01 1.113305256271126696e-05
7.563781890945472242e+01 1.111602740170457952e-05
7.567783891945973096e+01 1.109904159039162086e-05
7.571785892946472529e+01 1.108209500668969832e-05
7.575787893946973384e+01 1.106518752899234656e-05
7.579789894947472817e+01 1.104831903616715579e-05
7.583791895947973671e+01 1.103148940755347459e-05
7.587793896948474526e+01 1.101469852296025850e-05
7.591795897948973959e+01 1.099794626266383039e-05
7.595797898949474813e+01 1.098123250740567655e-05
7.599799899949974247e+01 1.096455713839030195e-05
7.603801900950475101e+01 1.094792003728302460e-05
7.607803901950975956e+01 1.093132108620785966e-05
7.611805902951475389e+01 1.091476016774534592e-05
7.615807903951976243e+01 1.089823716493040114e-05
7.619809904952475677e+01 1.088175196125026209e-05
7.623811905952976531e+01 1.086530444064230083e-05
7.627813906953475964e+01 1.084889448749197836e-05
7.631815907953976819e+01 1.083252198663072018e-05
7.635817908954477673e+01 1.081618682333388519e-05
7.639819909954977106e+01 1.079988888331867004e-05
7.643821910955477961e+01 1.078362805274205092e-05
7.647823911955977394e+01 1.076740421819878283e-05
7.651825912956478248e+01 1.075121726671931418e-05
7.655827913956977682e+01 1.073506708576782845e-05
7.659829914957478536e+01 1.071895356324016560e-05
7.663831915957979390e+01 1.070287658746189928e-05
7.667833916958478824e+01 1.068683604718630056e-05
7.671835917958979678e+01 1.067083183159236437e-05
7.675837918959479111e+01 1.065486383028287313e-05
7.679839919959979966e+01 1.063893193328241647e-05
7.683841920960479399e+01 1.062303603103546837e-05
7.687843921960980254e+01 1.060717601440442041e-05
7.691845922961481108e+01 1.059135177466770475e-05
7.695847923961980541e+01 1.057556320351783915e-05
7.699849924962481396e+01 1.055981019305955501e-05
7.703851925962980829e+01 1.054409263580788652e-05
7.707853926963481683e+01 1.052841042468629868e-05
7.711855927963981117e+01 1.051276345302481367e-05
7.715857928964481971e+01 1.049715161455814567e-05
7.719859929964982825e+01 1.048157480342385266e-05
7.723861930965482259e+01 1.046603291416050004e-05
7.727863931965983113e+01 1.045052584170580733e-05
7.731865932966482546e+01 1.043505348139486936e-05
7.735867933966983401e+01 1.041961572895827424e-05
7.739869934967482834e+01 1.040421248052038889e-05
7.743871935967983688e+01 1.038884363259748883e-05
7.747873936968484543e+01 1.037350908209601329e-05
7.751875937968983976e+01 1.035820872631079490e-05
7.755877938969484831e+01 1.034294246292326738e-05
7.759879939969984264e+01 1.032771018999974265e-05
7.763881940970485118e+01 1.031251180598963041e-05
7.767883941970985973e+01 1.029734720972374234e-05
7.771885942971485406e+01 1.028221630041254215e-05
7.775887943971986260e+01 1.026711897764440069e-05
7.779889944972485694e+01 1.025205514138395270e-05
7.783891945972986548e+01 1.023702469197034176e-05
7.787893946973485981e+01 1.022202753011554318e-05
7.791895947973986836e+01 1.020706355690268344e-05
7.795897948974487690e+01 1.019213267378438855e-05
7.799899949974987123e+01 1.017723478258108653e-05
7.803901950975487978e+01 1.016236978547936927e-05
7.807903951975987411e+01 1.014753758503034592e-05
7.811905952976488265e+01 1.013273808414799282e-05
7.815907953976987699e+01 1.011797118610754759e-05
7.819909954977488553e+01 1.010323679454385397e-05
7.823911955977989408e+01 1.008853481344978807e-05
7.827913956978488841e+01 1.007386514717463374e-05
7.831915957978989695e+01 1.005922770042247153e-05
7.835917958979489129e+01 1.004462237825063536e-05
7.839919959979989983e+01 1.003004908606808967e-05
7.843921960980489416e+01 1.001550772963387589e-05
7.847923961980990271e+01 1.000099821505556412e-05
7.851925962981491125e+01 9.986520448787670836e-06
7.855927963981990558e+01 9.972074337630146106e-06
7.859929964982491413e+01 9.957659788726799799e-06
7.863931965982990846e+01 9.943276709563805726e-06
7.867933966983491700e+01 9.928925007968149874e-06
7.871935967983991134e+01 9.914604592106137935e-06
7.875937968984491988e+01 9.900315370481877422e-06
7.879939969984992842e+01 9.886057251935788585e-06
7.883941970985492276e+01 9.871830145643110247e-06
7.887943971985993130e+01 9.857633961112400553e-06
7.891945972986492563e+01 9.843468608184102099e-06
7.895947973986993418e+01 9.829333997029018964e-06
7.899949974987492851e+01 9.815230038146914023e-06
7.903951975987993706e+01 9.801156642365013092e-06
7.907953976988494560e+01 9.787113720836590377e-06
7.911955977988993993e+01 9.773101185039504804e-06
7.915957978989494848e+01 9.759118946774792249e-06
7.919959979989994281e+01 9.745166918165230666e-06
7.923961980990495135e+01 9.731245011653925540e-06
7.927963981990994569e+01 9.717353140002912284e-06
7.931965982991495423e+01 9.703491216291733223e-06
7.935967983991996277e+01 9.689659153916084036e-06
7.939969984992495711e+01 9.675856866586382270e-06
7.943971985992996565e+01 9.662084268326410390e-06
7.947973986993495998e+01 9.648341273471955452e-06
7.951975987993996853e+01 9.634627796669411489e-06
7.955977988994497707e+01 9.620943752874451372e-06
7.959979989994997140e+01 9.607289057350671551e-06
7.963981990995497995e+01 9.593663625668231724e-06
7.967983991995997428e+01 9.580067373702521604e-06
7.971985992996498283e+01 9.566500217632848020e-06
7.975987993996997716e+01 9.552962073941103383e-06
7.979989994997498570e+01 9.539452859410418897e-06
7.983991995997999425e+01 9.525972491123914346e-06
7.987993996998498858e+01 9.512520886463337756e-06
7.991995997998999712e+01 9.499097963107794844e-06
7.995997998999499146e+01 9.485703639032469999e-06
8.000000000000000000e+01 9.472337832507301525e-06
