0.000000000000000000e+00 7.740244424415417381e-05
4.002001000500250011e-02 7.772844536308248461e-05
8.004002001000500022e-02 7.805669052749362384e-05
1.200600300150075073e-01 7.838720196731934051e-05
1.600800400200100004e-01 7.872000220493803320e-05
2.001000500250124936e-01 7.905511406000023580e-05
2.401200600300150145e-01 7.939256065435005508e-05
2.801400700350175077e-01 7.973236541704443049e-05
3.201600800400200009e-01 8.007455208947295358e-05
3.601800900450224940e-01 8.041914473058015824e-05
4.002001000500249872e-01 8.076616772219291065e-05
4.402201100550274804e-01 8.111564577445550125e-05
4.802401200600300291e-01 8.146760393137436303e-05
5.202601300650324667e-01 8.182206757647598062e-05
5.602801400700350154e-01 8.217906243857983314e-05
6.003001500750374531e-01 8.253861459768931184e-05
6.403201600800400017e-01 8.290075049100390577e-05
6.803401700850425504e-01 8.326549691905466119e-05
7.203601800900449881e-01 8.363288105196702124e-05
7.603801900950475368e-01 8.400293043585297021e-05
8.004002001000499744e-01 8.437567299933631788e-05
8.404202101050525231e-01 8.475113706021433584e-05
8.804402201100549608e-01 8.512935133225863241e-05
9.204602301150575094e-01 8.551034493215899329e-05
9.604802401200600581e-01 8.589414738661410435e-05
1.000500250125062607e+00 8.628078863957129813e-05
1.040520260130064933e+00 8.667029905962120567e-05
1.080540270135067482e+00 8.706270944754899424e-05
1.120560280140070031e+00 8.745805104404761200e-05
1.160580290145072579e+00 8.785635553759625150e-05
1.200600300150074906e+00 8.825765507250858568e-05
1.240620310155077455e+00 8.866198225715455760e-05
1.280640320160080003e+00 8.906937017236103628e-05
1.320660330165082552e+00 8.947985237999449672e-05
1.360680340170085101e+00 8.989346293173163264e-05
1.400700350175087427e+00 9.031023637802203577e-05
1.440720360180089976e+00 9.073020777724776615e-05
1.480740370185092525e+00 9.115341270508520752e-05
1.520760380190095074e+00 9.157988726407431700e-05
1.560780390195097400e+00 9.200966809340029712e-05
1.600800400200099949e+00 9.244279237889392424e-05
1.640820410205102498e+00 9.287929786325530403e-05
1.680840420210105046e+00 9.331922285650750485e-05
1.720860430215107595e+00 9.376260624668605935e-05
1.760880440220109922e+00 9.420948751077027022e-05
1.800900450225112470e+00 9.465990672586281184e-05
1.840920460230115019e+00 9.511390458062436335e-05
1.880940470235117568e+00 9.557152238696952089e-05
1.920960480240120116e+00 9.603280209203206633e-05
1.960980490245122443e+00 9.649778629040531167e-05
2.001000500250125214e+00 9.696651823666616553e-05
2.041020510255127540e+00 9.743904185818987431e-05
2.081040520260129867e+00 9.791540176826361006e-05
2.121060530265132638e+00 9.839564327950684700e-05
2.161080540270134964e+00 9.887981241760707813e-05
2.201100550275137291e+00 9.936795593537930179e-05
2.241120560280140062e+00 9.986012132715824986e-05
2.281140570285142388e+00 1.003563568435326817e-04
2.321160580290145159e+00 1.008567115064309733e-04
2.361180590295147486e+00 1.013612351245677995e-04
2.401200600300149812e+00 1.018699783092622782e-04
2.441220610305152583e+00 1.023829924906373602e-04
2.481240620310154910e+00 1.029003299342121336e-04
2.521260630315157680e+00 1.034220437578966932e-04
2.561280640320160007e+00 1.039481879494028011e-04
2.601300650325162334e+00 1.044788173840805167e-04
2.641320660330165104e+00 1.050139878431936846e-04
2.681340670335167431e+00 1.055537560326472234e-04
2.721360680340170202e+00 1.060981796021780594e-04
2.761380690345172528e+00 1.066473171650245198e-04
2.801400700350174855e+00 1.072012283180868547e-04
2.841420710355177626e+00 1.077599736625938517e-04
2.881440720360179952e+00 1.083236148252899358e-04
2.921460730365182723e+00 1.088922144801586094e-04
2.961480740370185050e+00 1.094658363706969525e-04
3.001500750375187376e+00 1.100445453327591257e-04
3.041520760380190147e+00 1.106284073179836073e-04
3.081540770385192474e+00 1.112174894178237890e-04
3.121560780390194800e+00 1.118118598881983152e-04
3.161580790395197571e+00 1.124115881747804918e-04
3.201600800400199898e+00 1.130167449389461173e-04
3.241620810405202668e+00 1.136274020843994008e-04
3.281640820410204995e+00 1.142436327844976627e-04
3.321660830415207322e+00 1.148655115102962290e-04
3.361680840420210092e+00 1.154931140593355580e-04
3.401700850425212419e+00 1.161265175851934877e-04
3.441720860430215190e+00 1.167658006278260647e-04
3.481740870435217516e+00 1.174110431447218764e-04
3.521760880440219843e+00 1.180623265428946484e-04
3.561780890445222614e+00 1.187197337117410753e-04
3.601800900450224940e+00 1.193833490567900964e-04
3.641820910455227711e+00 1.200532585343730386e-04
3.681840920460230038e+00 1.207295496872426254e-04
3.721860930465232364e+00 1.214123116811718342e-04
3.761880940470235135e+00 1.221016353425635010e-04
3.801900950475237462e+00 1.227976131971036727e-04
3.841920960480240232e+00 1.235003395094913959e-04
3.881940970485242559e+00 1.242099103242813043e-04
3.921960980490244886e+00 1.249264235078735216e-04
3.961980990495247656e+00 1.256499787916898995e-04
4.002001000500250427e+00 1.263806778165741014e-04
4.042021010505252754e+00 1.271186241784573586e-04
4.082041020510255080e+00 1.278639234753309599e-04
4.122061030515257407e+00 1.286166833555682748e-04
4.162081040520259734e+00 1.293770135676432839e-04
4.202101050525262949e+00 1.301450260112910705e-04
4.242121060530265275e+00 1.309208347901583862e-04
4.282141070535267602e+00 1.317045562659968183e-04
4.322161080540269928e+00 1.324963091144490846e-04
4.362181090545272255e+00 1.332962143824839118e-04
4.402201100550274582e+00 1.341043955475354152e-04
4.442221110555277797e+00 1.349209785784068270e-04
4.482241120560280123e+00 1.357460919979983419e-04
4.522261130565282450e+00 1.365798669479240210e-04
4.562281140570284776e+00 1.374224372550822935e-04
4.602301150575287103e+00 1.382739395002504463e-04
4.642321160580290318e+00 1.391345130887728710e-04
4.682341170585292645e+00 1.400043003234179863e-04
4.722361180590294971e+00 1.408834464794824133e-04
4.762381190595297298e+00 1.417720998822203033e-04
4.802401200600299624e+00 1.426704119866836339e-04
4.842421210605302839e+00 1.435785374600596659e-04
4.882441220610305166e+00 1.444966342665966622e-04
4.922461230615307493e+00 1.454248637552120308e-04
4.962481240620309819e+00 1.463633907498814205e-04
5.002501250625312146e+00 1.473123836429117656e-04
5.042521260630315361e+00 1.482720144912041277e-04
5.082541270635317687e+00 1.492424591156187377e-04
5.122561280640320014e+00 1.502238972035570828e-04
5.162581290645322341e+00 1.512165124148835520e-04
5.202601300650324667e+00 1.522204924913115698e-04
5.242621310655327882e+00 1.532360293693860816e-04
5.282641320660330209e+00 1.542633192972001673e-04
5.322661330665332535e+00 1.553025629549885725e-04
5.362681340670334862e+00 1.563539655797480739e-04
5.402701350675337189e+00 1.574177370940398578e-04
5.442721360680340403e+00 1.584940922391387080e-04
5.482741370685342730e+00 1.595832507126967580e-04
5.522761380690345057e+00 1.606854373111020007e-04
5.562781390695347383e+00 1.618008820767157083e-04
5.602801400700349710e+00 1.629298204501834031e-04
5.642821410705352925e+00 1.640724934280226677e-04
5.682841420710355251e+00 1.652291477256993758e-04
5.722861430715357578e+00 1.664000359464147419e-04
5.762881440720359905e+00 1.675854167558348006e-04
5.802901450725362231e+00 1.687855550630055861e-04
5.842921460730365446e+00 1.700007222077084168e-04
5.882941470735367773e+00 1.712311961545198334e-04
5.922961480740370099e+00 1.724772616938572399e-04
5.962981490745372426e+00 1.737392106502995968e-04
6.003001500750374753e+00 1.750173420984896678e-04
6.043021510755377079e+00 1.763119625869392340e-04
6.083041520760380294e+00 1.776233863700703948e-04
6.123061530765382621e+00 1.789519356488470574e-04
6.163081540770384947e+00 1.802979408203646196e-04
6.203101550775387274e+00 1.816617407367847163e-04
6.243121560780389601e+00 1.830436829740219034e-04
6.283141570785392815e+00 1.844441241106068807e-04
6.323161580790395142e+00 1.858634300171758990e-04
6.363181590795397469e+00 1.873019761570539126e-04
6.403201600800399795e+00 1.887601478984260656e-04
6.443221610805402122e+00 1.902383408386156764e-04
6.483241620810405337e+00 1.917369611410141847e-04
6.523261630815407663e+00 1.932564258852335676e-04
6.563281640820409990e+00 1.947971634310869944e-04
6.603301650825412317e+00 1.963596137970275357e-04
6.643321660830414643e+00 1.979442290537152048e-04
6.683341670835417858e+00 1.995514737334102889e-04
6.723361680840420185e+00 2.011818252559345631e-04
6.763381690845422511e+00 2.028357743719764864e-04
6.803401700850424838e+00 2.045138256245612567e-04
6.843421710855427165e+00 2.062164978295477733e-04
6.883441720860430380e+00 2.079443245760652435e-04
6.923461730865432706e+00 2.096978547478466743e-04
6.963481740870435033e+00 2.114776530664745234e-04
7.003501750875437359e+00 2.132843006576066395e-04
7.043521760880439686e+00 2.151183956413086783e-04
7.083541770885442901e+00 2.169805537476869183e-04
7.123561780890445227e+00 2.188714089590779860e-04
7.163581790895447554e+00 2.207916141801261848e-04
7.203601800900449881e+00 2.227418419371522532e-04
7.243621810905452207e+00 2.247227851083016749e-04
7.283641820910455422e+00 2.267351576860437642e-04
7.323661830915457749e+00 2.287796955736847500e-04
7.363681840920460075e+00 2.308571574176571182e-04
7.403701850925462402e+00 2.329683254774495536e-04
7.443721860930464729e+00 2.351140065351543882e-04
7.483741870935467944e+00 2.372950328467252827e-04
7.523761880940470270e+00 2.395122631371681082e-04
7.563781890945472597e+00 2.417665836420184789e-04
7.603801900950474923e+00 2.440589091976059154e-04
7.643821910955477250e+00 2.463901843827579537e-04
7.683841920960480465e+00 2.487613847147633682e-04
7.723861930965482792e+00 2.511735179025852810e-04
7.763881940970485118e+00 2.536276251605111163e-04
7.803901950975487445e+00 2.561247825856195607e-04
7.843921960980489771e+00 2.586661026026674170e-04
7.883941970985492098e+00 2.612527354802286522e-04
7.923961980990495313e+00 2.638858709221650594e-04
7.963981990995497640e+00 2.665667397387773765e-04
8.004002001000500854e+00 2.692966156022719355e-04
8.044022011005502293e+00 2.720768168914805139e-04
8.084042021010505508e+00 2.749087086311115583e-04
8.124062031015506946e+00 2.777937045311543651e-04
8.164082041020510161e+00 2.807332691324526761e-04
8.204102051025513376e+00 2.837289200648641040e-04
8.244122061030514814e+00 2.867822304248765193e-04
8.284142071035518029e+00 2.898948312800220988e-04
8.324162081040519467e+00 2.930684143079501504e-04
8.364182091045522682e+00 2.963047345785760822e-04
8.404202101050525897e+00 2.996056134883210050e-04
8.444222111055527336e+00 3.029729418561144614e-04
8.484242121060530550e+00 3.064086831915230867e-04
8.524262131065531989e+00 3.099148771461381676e-04
8.564282141070535204e+00 3.134936431601725556e-04
8.604302151075536642e+00 3.171471843171088214e-04
8.644322161080539857e+00 3.208777914202069412e-04
8.684342171085543072e+00 3.246878473057286077e-04
8.724362181090544510e+00 3.285798314088712868e-04
8.764382191095547725e+00 3.325563245996445458e-04
8.804402201100549163e+00 3.366200143072595728e-04
8.844422211105552378e+00 3.407736999530718469e-04
8.884442221110555593e+00 3.450202987137043526e-04
8.924462231115557032e+00 3.493628516377160031e-04
8.964482241120560246e+00 3.538045301410737160e-04
9.004502251125561685e+00 3.583486429087473220e-04
9.044522261130564900e+00 3.629986432320132361e-04
9.084542271135568114e+00 3.677581368135067431e-04
9.124562281140569553e+00 3.726308900747759699e-04
9.164582291145572768e+00 3.776208390040400233e-04
9.204602301150574206e+00 3.827320985850948885e-04
9.244622311155577421e+00 3.879689728518759717e-04
9.284642321160580636e+00 3.933359656170835536e-04
9.324662331165582074e+00 3.988377919275765517e-04
9.364682341170585289e+00 4.044793903039671122e-04
9.404702351175586728e+00 4.102659358270491978e-04
9.444722361180589942e+00 4.162028541394413150e-04
9.484742371185593157e+00 4.222958364371459401e-04
9.524762381190594596e+00 4.285508555327447811e-04
9.564782391195597810e+00 4.349741830796761749e-04
9.604802401200599249e+00 4.415724080556197775e-04
9.644822411205602464e+00 4.483524566125235682e-04
9.684842421210605679e+00 4.553216134113451151e-04
9.724862431215607117e+00 4.624875445713135858e-04
9.764882441220610332e+00 4.698583223765515873e-04
9.804902451225611770e+00 4.774424518974236292e-04
9.844922461230614985e+00 4.852488997001885092e-04
9.884942471235618200e+00 4.932871248366136165e-04
9.924962481240619638e+00 5.015671123254661660e-04
9.964982491245622853e+00 5.100994093604348419e-04
1.000500250125062429e+01 5.188951645044614968e-04
1.004502251125562751e+01 5.279661701590054228e-04
1.008504252126063072e+01 5.373249086288380168e-04
1.012506253126563216e+01 5.469846021391454359e-04
1.016508254127063537e+01 5.569592672024835465e-04
1.020510255127563681e+01 5.672637737792161905e-04
1.024512256128064003e+01 5.779139097272373293e-04
1.028514257128564324e+01 5.889264510958892992e-04
1.032516258129064468e+01 6.003192388861562818e-04
1.036518259129564790e+01 6.121112629755999903e-04
1.040520260130064933e+01 6.243227539935658965e-04
1.044522261130565255e+01 6.369752840316365546e-04
1.048524262131065576e+01 6.500918771880198057e-04
1.052526263131565720e+01 6.636971310750016404e-04
1.056528264132066042e+01 6.778173505683389444e-04
1.060530265132566186e+01 6.924806952499239134e-04
1.064532266133066507e+01 7.077173421939601935e-04
1.068534267133566829e+01 7.235596659768634212e-04
1.072536268134066972e+01 7.400424380576707583e-04
1.076538269134567294e+01 7.572030479853152866e-04
1.080540270135067438e+01 7.750817492496981471e-04
1.084542271135567759e+01 7.937219330144156719e-04
1.088544272136068081e+01 8.131704334616639100e-04
1.092546273136568225e+01 8.334778690581575800e-04
1.096548274137068546e+01 8.546990247314636188e-04
1.100550275137568690e+01 8.768932807495169587e-04
1.104552276138069011e+01 9.001250950472170506e-04
1.108554277138569333e+01 9.244645468734455666e-04
1.112556278139069477e+01 9.499879509775755598e-04
1.116558279139569798e+01 9.767785531630166721e-04
1.120560280140069942e+01 1.004927319964706717e-03
1.124562281140570263e+01 1.034533837529952966e-03
1.128564282141070585e+01 1.065707337587960563e-03
1.132566283141570729e+01 1.098567871796738479e-03
1.136568284142071050e+01 1.133247659900245112e-03
1.140570285142571194e+01 1.169892642196014966e-03
1.144572286143071516e+01 1.208664273036641826e-03
1.148574287143571837e+01 1.249741599765014088e-03
1.152576288144071981e+01 1.293323680997369258e-03
1.156578289144572302e+01 1.339632410017100889e-03
1.160580290145072446e+01 1.388915823874002338e-03
1.164582291145572768e+01 1.441451997447911653e-03
1.168584292146073089e+01 1.497553645352611403e-03
1.172586293146573233e+01 1.557573584613204665e-03
1.176588294147073555e+01 1.621911249535413786e-03
1.180590295147573698e+01 1.691020499774010264e-03
1.184592296148074020e+01 1.765419026927172791e-03
1.188594297148574341e+01 1.845699748989226884e-03
1.192596298149074485e+01 1.932544692511179709e-03
1.196598299149574807e+01 2.026742008823869800e-03
1.200600300150074951e+01 2.129206966450047835e-03
1.204602301150575272e+01 2.241008025640215274e-03
1.208604302151075416e+01 2.363399459603689277e-03
1.212606303151575737e+01 2.497862479093548253e-03
1.216608304152076059e+01 2.646157498797689894e-03
1.220610305152576203e+01 2.810391138322353762e-03
1.224612306153076524e+01 2.993102900768108195e-03
1.228614307153576668e+01 3.197378403784738570e-03
1.232616308154076989e+01 3.426998834764091728e-03
1.236618309154577311e+01 3.686640400442876917e-03
1.240620310155077455e+01 3.982143623968424292e-03
1.244622311155577776e+01 4.320881487455444439e-03
1.248624312156077920e+01 4.712269346956540587e-03
1.252626313156578242e+01 5.168481034203355369e-03
1.256628314157078563e+01 5.705469101699256994e-03
1.260630315157578707e+01 6.344440044056685185e-03
1.264632316158079028e+01 7.114019165019558853e-03
1.268634317158579172e+01 8.053472389761406197e-03
1.272636318159079494e+01 9.217558282939684530e-03
1.276638319159579815e+01 1.068388600697452520e-02
1.280640320160079959e+01 1.256403238828136468e-02
1.284642321160580281e+01 1.501988529225935405e-02
1.288644322161080424e+01 1.828566566216378517e-02
1.292646323161580746e+01 2.268995610119151421e-02
1.296648324162081067e+01 2.864855607577540889e-02
1.300650325162581211e+01 3.652787853487268060e-02
1.304652326163081533e+01 4.613620150786624380e-02
1.308654327163581677e+01 5.564413401208333221e-02
1.312656328164081998e+01 6.105923898235597613e-02
1.316658329164582319e+01 5.917699830313097320e-02
1.320660330165082463e+01 5.160697476784927712e-02
1.324662331165582785e+01 4.264045797477270666e-02
1.328664332166082929e+01 3.502799614213845253e-02
1.332666333166583250e+01 2.946964595765882988e-02
1.336668334167083572e+01 2.575680236929298039e-02
1.340670335167583715e+01 2.350709099835285656e-02
1.344672336168084037e+01 2.241049364318295142e-02
1.348674337168584181e+01 2.227351380924802449e-02
1.352676338169084502e+01 2.301072449098644571e-02
1.356678339169584824e+01 2.463366059065232733e-02
1.360680340170084968e+01 2.725075608519049800e-02
1.364682341170585289e+01 3.108249100812879653e-02
1.368684342171085433e+01 3.649459937502283480e-02
1.372686343171585754e+01 4.405097605407435474e-02
1.376688344172086076e+01 5.457749137817608648e-02
1.380690345172586220e+01 6.918283324757312780e-02
1.384692346173086541e+01 8.903418981526184384e-02
1.388694347173586685e+01 1.143299564918242861e-01
1.392696348174087007e+01 1.416573929285454281e-01
1.396698349174587328e+01 1.611513717991484296e-01
1.400700350175087472e+01 1.612166495461997973e-01
1.404702351175587793e+01 1.417012751014420924e-01
1.408704352176087937e+01 1.140972230600247189e-01
1.412706353176588259e+01 8.837991137833474398e-02
1.416708354177088580e+01 6.805771791263108550e-02
1.420710355177588724e+01 5.295955034745653683e-02
1.424712356178089045e+01 4.190913039714347366e-02
1.428714357178589189e+01 3.377512475334176062e-02
1.432716358179089511e+01 2.770242630644464271e-02
1.436718359179589832e+01 2.309086100087914470e-02
1.440720360180089976e+01 1.952770657498650517e-02
1.444722361180590298e+01 1.672879215675231873e-02
1.448724362181090441e+01 1.449637222449605932e-02
1.452726363181590763e+01 1.269083079423054955e-02
1.456728364182091084e+01 1.121202067330995429e-02
1.460730365182591228e+01 9.986955047359380791e-03
1.464732366183091550e+01 8.961618921023954340e-03
1.468734367183591694e+01 8.095452999717010073e-03
1.472736368184092015e+01 7.357584997511232815e-03
1.476738369184592337e+01 6.724216982333357760e-03
1.480740370185092480e+01 6.176787809946868678e-03
1.484742371185592802e+01 5.700662529078989391e-03
1.488744372186092946e+01 5.284185089009924702e-03
1.492746373186593267e+01 4.917984936990811573e-03
1.496748374187093589e+01 4.594463375466482577e-03
1.500750375187593733e+01 4.307408788486541233e-03
1.504752376188094054e+01 4.051705352765269316e-03
1.508754377188594198e+01 3.823110327791731915e-03
1.512756378189094519e+01 3.618082189417093451e-03
1.516758379189594841e+01 3.433646836341273413e-03
1.520760380190094985e+01 3.267292576660505571e-03
1.524762381190595306e+01 3.116887064461099695e-03
1.528764382191095450e+01 2.980611118845191265e-03
1.532766383191595772e+01 2.856905631551342768e-03
1.536768384192096093e+01 2.744428698706816942e-03
1.540770385192596237e+01 2.642020796466314041e-03
1.544772386193096558e+01 2.548676328355358248e-03
1.548774387193596702e+01 2.463520252484014891e-03
1.552776388194097024e+01 2.385788783753855884e-03
1.556778389194597167e+01 2.314813384290123361e-03
1.560780390195097489e+01 2.250007422288775611e-03
1.564782391195597810e+01 2.190855008142686411e-03
1.568784392196097954e+01 2.136901616531354259e-03
1.572786393196598276e+01 2.087746181087966803e-03
1.576788394197098420e+01 2.043034409476187762e-03
1.580790395197598741e+01 2.002453115099252570e-03
1.584792396198099063e+01 1.965725400157841956e-03
1.588794397198599206e+01 1.932606555602521146e-03
1.592796398199099528e+01 1.902880568407345086e-03
1.596798399199599672e+01 1.876357146858177683e-03
1.600800400200100171e+01 1.852869191259479869e-03
1.604802401200600315e+01 1.832270651476849673e-03
1.608804402201100459e+01 1.814434724779670277e-03
1.612806403201600602e+01 1.799252358192252000e-03
1.616808404202101102e+01 1.786631029664319291e-03
1.620810405202601245e+01 1.776493792573523170e-03
1.624812406203101389e+01 1.768778579304634141e-03
1.628814407203601888e+01 1.763437773200934346e-03
1.632816408204102032e+01 1.760438075964545004e-03
1.636818409204602176e+01 1.759760722555609933e-03
1.640820410205102675e+01 1.761402132506328195e-03
1.644822411205602819e+01 1.765375142839286857e-03
1.648824412206102963e+01 1.771711055319973027e-03
1.652826413206603107e+01 1.780462867410339319e-03
1.656828414207103606e+01 1.791710265336270711e-03
1.660830415207603750e+01 1.805567256250106964e-03
1.664832416208103893e+01 1.822193659475995027e-03
1.668834417208604393e+01 1.841811742495593710e-03
1.672836418209104536e+01 1.864727731487077558e-03
1.676838419209604680e+01 1.891350015393176509e-03
1.680840420210105179e+01 1.922167251994012262e-03
1.684842421210605323e+01 1.957568816553667806e-03
1.688844422211105467e+01 1.997258296337420334e-03
1.692846423211605611e+01 2.039215573425715369e-03
1.696848424212106110e+01 2.079763087191993740e-03
1.700850425212606254e+01 2.117054913096397262e-03
1.704852426213106398e+01 2.153768664728750257e-03
1.708854427213606897e+01 2.193950981718950557e-03
1.712856428214107041e+01 2.239852124989851877e-03
1.716858429214607185e+01 2.292119821106325308e-03
1.720860430215107328e+01 2.350827380178650491e-03
1.724862431215607828e+01 2.416012403626996777e-03
1.728864432216107971e+01 2.487838469260837682e-03
1.732866433216608115e+01 2.566618257506577804e-03
1.736868434217108614e+01 2.652804154490541813e-03
1.740870435217608758e+01 2.746978729824341332e-03
1.744872436218108902e+01 2.849852238308783672e-03
1.748874437218609401e+01 2.962267551760636077e-03
1.752876438219109545e+01 3.085211779492481009e-03
1.756878439219609689e+01 3.219834109401310471e-03
1.760880440220109833e+01 3.367469935729144881e-03
1.764882441220610332e+01 3.529671875784146443e-03
1.768884442221110476e+01 3.708248802970110902e-03
1.772886443221610620e+01 3.905314583874857758e-03
1.776888444222111119e+01 4.123348864105215970e-03
1.780890445222611262e+01 4.365273072000490015e-03
1.784892446223111406e+01 4.634545889044601290e-03
1.788894447223611905e+01 4.935283887432130763e-03
1.792896448224112049e+01 5.272415021921723899e-03
1.796898449224612193e+01 5.651875419730398656e-03
1.800900450225112337e+01 6.080863783863903194e-03
1.804902451225612836e+01 6.568173226608802102e-03
1.808904452226112980e+01 7.124628258756491965e-03
1.812906453226613124e+01 7.763666166925958095e-03
1.816908454227113623e+01 8.502118960568461059e-03
1.820910455227613767e+01 9.361277354337092099e-03
1.824912456228113911e+01 1.036835645873263566e-02
1.828914457228614410e+01 1.155854133594193082e-02
1.832916458229114554e+01 1.297788121949841958e-02
1.836918459229614697e+01 1.468744326404970539e-02
1.840920460230114841e+01 1.676936130114308962e-02
1.844922461230615340e+01 1.933577146869052549e-02
1.848924462231115484e+01 2.254218843673620742e-02
1.852926463231615628e+01 2.660773758757435659e-02
1.856928464232116127e+01 3.184587986096210771e-02
1.860930465232616271e+01 3.871061740390228240e-02
1.864932466233116415e+01 4.786316381691107374e-02
1.868934467233616914e+01 6.025662414990142629e-02
1.872936468234117058e+01 7.720020839726962625e-02
1.876938469234617202e+01 1.002369282154563085e-01
1.880940470235117346e+01 1.303187144603574765e-01
1.884942471235617845e+01 1.652468307842813178e-01
1.888944472236117988e+01 1.954885357360732212e-01
1.892946473236618132e+01 2.054313648130417225e-01
1.896948474237118631e+01 1.883421567378475436e-01
1.900950475237618775e+01 1.553052843082552426e-01
1.904952476238118919e+01 1.211767708389063503e-01
1.908954477238619418e+01 9.307609946593999040e-02
1.912956478239119562e+01 7.191622711379103139e-02
1.916958479239619706e+01 5.641670748405264169e-02
1.920960480240119850e+01 4.506249013389846542e-02
1.924962481240620349e+01 3.664591207406375090e-02
1.928964482241120493e+01 3.030501235085388337e-02
1.932966483241620637e+01 2.544503165477349574e-02
1.936968484242121136e+01 2.165739923012193272e-02
1.940970485242621280e+01 1.865916446134019066e-02
1.944972486243121423e+01 1.625171841597411460e-02
1.948974487243621923e+01 1.429347861854185671e-02
1.952976488244122066e+01 1.268189911331145392e-02
1.956978489244622210e+01 1.134154718599112051e-02
1.960980490245122354e+01 1.021611008882310732e-02
1.964982491245622853e+01 9.262962577838146708e-03
1.968984492246122997e+01 8.449421014142432379e-03
1.972986493246623141e+01 7.750122694418895564e-03
1.976988494247123640e+01 7.145166339611676992e-03
1.980990495247623784e+01 6.618774700508924316e-03
1.984992496248123928e+01 6.158320248116111971e-03
1.988994497248624427e+01 5.753606717214348326e-03
1.992996498249124571e+01 5.396333234448326757e-03
1.996998499249624714e+01 5.079690319303718435e-03
2.001000500250124858e+01 4.798052221280972411e-03
2.005002501250625357e+01 4.546740394010513955e-03
2.009004502251125501e+01 4.321840034885889720e-03
2.013006503251625645e+01 4.120056591021602731e-03
2.017008504252126144e+01 3.938602639648255618e-03
2.021010505252626288e+01 3.775108051405947317e-03
2.025012506253126432e+01 3.627548145576627546e-03
2.029014507253626931e+01 3.494185855464993027e-03
2.033016508254127075e+01 3.373524882744814886e-03
2.037018509254627219e+01 3.264271530588383572e-03
2.041020510255127363e+01 3.165303436017301211e-03
2.045022511255627862e+01 3.075643821043288779e-03
2.049024512256128006e+01 2.994440184651610964e-03
2.053026513256628149e+01 2.920946588563055283e-03
2.057028514257128649e+01 2.854508867148912096e-03
2.061030515257628792e+01 2.794552229130074349e-03
2.065032516258128936e+01 2.740570825531324622e-03
2.069034517258629080e+01 2.692118942025503465e-03
2.073036518259129579e+01 2.648803539695626652e-03
2.077038519259629723e+01 2.610277920430938755e-03
2.081040520260129867e+01 2.576236334729629408e-03
2.085042521260630366e+01 2.546409382947601059e-03
2.089044522261130510e+01 2.520560087801446050e-03
2.093046523261630654e+01 2.498480537585854710e-03
2.097048524262131153e+01 2.479989017170812233e-03
2.101050525262631297e+01 2.464927558235331662e-03
2.105052526263131440e+01 2.453159852025509936e-03
2.109054527263631584e+01 2.444569477709954228e-03
2.113056528264132083e+01 2.439058407552920690e-03
2.117058529264632227e+01 2.436545756960932767e-03
2.121060530265132371e+01 2.436966753243653694e-03
2.125062531265632870e+01 2.440271901876832263e-03
2.129064532266133014e+01 2.446426333338294276e-03
2.133066533266633158e+01 2.455409317351160518e-03
2.137068534267133657e+01 2.467213934733870819e-03
2.141070535267633801e+01 2.481846900128375274e-03
2.145072536268133945e+01 2.499328531748678823e-03
2.149074537268634089e+01 2.519692867045354376e-03
2.153076538269134588e+01 2.542987925896939005e-03
2.157078539269634732e+01 2.569276125693223736e-03
2.161080540270134875e+01 2.598634855547313823e-03
2.165082541270635375e+01 2.631157219945896852e-03
2.169084542271135518e+01 2.666952965511859910e-03
2.173086543271635662e+01 2.706149608313350788e-03
2.177088544272136161e+01 2.748893783427741599e-03
2.181090545272636305e+01 2.795352843399463195e-03
2.185092546273136449e+01 2.845716737986679016e-03
2.189094547273636593e+01 2.900200214379910005e-03
2.193096548274137092e+01 2.959045385150075019e-03
2.197098549274637236e+01 3.022524720858819208e-03
2.201100550275137380e+01 3.090944535933907913e-03
2.205102551275637879e+01 3.164649050571382433e-03
2.209104552276138023e+01 3.244025128699987506e-03
2.213106553276638166e+01 3.329507813227891924e-03
2.217108554277138666e+01 3.421586805904595994e-03
2.221110555277638809e+01 3.520814071482263833e-03
2.225112556278138953e+01 3.627812786143838186e-03
2.229114557278639097e+01 3.743287900582985012e-03
2.233116558279139596e+01 3.868038651556849564e-03
2.237118559279639740e+01 4.002973435980239705e-03
2.241120560280139884e+01 4.149127563716588016e-03
2.245122561280640383e+01 4.307684535847207744e-03
2.249124562281140527e+01 4.480001663362272180e-03
2.253126563281640671e+01 4.667641059073811098e-03
2.257128564282141170e+01 4.872407319661433214e-03
2.261130565282641314e+01 5.096393587850754463e-03
2.265132566283141458e+01 5.342038178227847753e-03
2.269134567283641601e+01 5.612194607964882467e-03
2.273136568284142101e+01 5.910218757494026774e-03
2.277138569284642244e+01 6.240078083581052266e-03
2.281140570285142388e+01 6.606489444034488977e-03
2.285142571285642887e+01 7.015094351538967571e-03
2.289144572286143031e+01 7.472683620372642943e-03
2.293146573286643175e+01 7.987487798478114936e-03
2.297148574287143674e+01 8.569556078765557319e-03
2.301150575287643818e+01 9.231255451315797944e-03
2.305152576288143962e+01 9.987935061569280792e-03
2.309154577288644106e+01 1.085882020191393862e-02
2.313156578289144605e+01 1.186822941729930199e-02
2.317158579289644749e+01 1.304725213820480054e-02
2.321160580290144893e+01 1.443609154679828185e-02
2.325162581290645392e+01 1.608738174011989028e-02
2.329164582291145535e+01 1.807095190576888180e-02
2.333166583291645679e+01 2.048076904700105172e-02
2.337168584292146178e+01 2.344520145940875988e-02
2.341170585292646322e+01 2.714239208580501370e-02
2.345172586293146466e+01 3.182352060822320194e-02
2.349174587293646610e+01 3.784812670532908263e-02
2.353176588294147109e+01 4.573717131697883909e-02
2.357178589294647253e+01 5.624931950905408262e-02
2.361180590295147397e+01 7.047672114780324792e-02
2.365182591295647896e+01 8.991306327986367530e-02
2.369184592296148040e+01 1.162943980166956520e-01
2.373186593296648184e+01 1.506026475850745505e-01
2.377188594297148683e+01 1.900556271413796350e-01
2.381190595297648827e+01 2.234230918130962751e-01
2.385192596298148970e+01 2.331320535922933590e-01
2.389194597298649114e+01 2.126242256516685802e-01
2.393196598299149613e+01 1.751103217319063821e-01
2.397198599299649757e+01 1.370236373328932722e-01
2.401200600300149901e+01 1.059027674389557694e-01
2.405202601300650400e+01 8.255476291796338961e-02
2.409204602301150544e+01 6.549111945607299923e-02
2.413206603301650688e+01 5.301803147026249580e-02
2.417208604302150832e+01 4.379787213860285994e-02
2.421210605302651331e+01 3.687888151908291778e-02
2.425212606303151475e+01 3.160498011227302895e-02
2.429214607303651619e+01 2.752556168946297677e-02
2.433216608304152118e+01 2.432856855278544422e-02
2.437218609304652261e+01 2.179499823557195029e-02
2.441220610305152405e+01 1.976882182468192584e-02
2.445222611305652904e+01 1.813717222953840913e-02
2.449224612306153048e+01 1.681721000933785251e-02
2.453226613306653192e+01 1.574731590713734572e-02
2.457228614307153336e+01 1.488110451803801096e-02
2.461230615307653835e+01 1.418329774313513252e-02
2.465232616308153979e+01 1.362684061319730314e-02
2.469234617308654123e+01 1.319085893429701450e-02
2.473236618309154622e+01 1.285919574820211346e-02
2.477238619309654766e+01 1.261935169942471173e-02
2.481240620310154910e+01 1.246171151744237746e-02
2.485242621310655409e+01 1.237897634796235151e-02
2.489244622311155553e+01 1.236574667118590411e-02
2.493246623311655696e+01 1.241821745737379731e-02
2.497248624312155840e+01 1.253395883853418435e-02
2.501250625312656339e+01 1.271176372408912639e-02
2.505252626313156483e+01 1.295154963597408213e-02
2.509254627313656627e+01 1.325430636932712659e-02
2.513256628314157126e+01 1.362208443554094491e-02
2.517258629314657270e+01 1.405802199735090192e-02
2.521260630315157414e+01 1.456641045053867420e-02
2.525262631315657913e+01 1.515280118424068567e-02
2.529264632316158057e+01 1.582415858671191652e-02
2.533266633316658201e+01 1.658906729531836252e-02
2.537268634317158345e+01 1.745800530496670680e-02
2.541270635317658844e+01 1.844369922134759740e-02
2.545272636318158987e+01 1.956158418935815754e-02
2.549274637318659131e+01 2.083039958106501499e-02
2.553276638319159630e+01 2.227296347709072435e-02
2.557278639319659774e+01 2.391718594797167391e-02
2.561280640320159918e+01 2.579740561749263930e-02
2.565282641320660417e+01 2.795616979872241059e-02
2.569284642321160561e+01 3.044663162351591082e-02
2.573286643321660705e+01 3.333581748456194982e-02
2.577288644322160849e+01 3.670913974306048988e-02
2.581290645322661348e+01 4.067671661670511918e-02
2.585292646323161492e+01 4.538234973092752228e-02
2.589294647323661636e+01 5.101645196236653801e-02
2.593296648324162135e+01 5.783487385800253899e-02
2.597298649324662279e+01 6.618645825646059244e-02
2.601300650325162422e+01 7.655298913948464790e-02
2.605302651325662922e+01 8.960459033231783776e-02
2.609304652326163065e+01 1.062662964229935531e-01
2.613306653326663209e+01 1.277609943665488634e-01
2.617308654327163353e+01 1.555032568908198409e-01
2.621310655327663852e+01 1.905658380271535723e-01
2.625312656328163996e+01 2.326691757796027771e-01
2.629314657328664140e+01 2.805110804169116401e-01
2.633316658329164639e+01 3.362110945144592411e-01
2.637318659329664783e+01 4.086545727241528425e-01
2.641320660330164927e+01 5.081725118802513652e-01
2.645322661330665426e+01 6.360386988926856056e-01
2.649324662331165570e+01 7.693758374041957948e-01
2.653326663331665713e+01 8.511333003117453888e-01
2.657328664332165857e+01 8.269738170557295875e-01
2.661330665332666356e+01 7.107151374632607599e-01
2.665332666333166500e+01 5.652204412408778911e-01
2.669334667333666644e+01 4.356832896691391621e-01
2.673336668334167143e+01 3.351200706715919408e-01
2.677338669334667287e+01 2.608088141925571923e-01
2.681340670335167431e+01 2.064149516191180200e-01
2.685342671335667930e+01 1.662818371206638279e-01
2.689344672336168074e+01 1.362245900205325544e-01
2.693346673336668218e+01 1.133246663703428442e-01
2.697348674337168362e+01 9.557618029219849820e-02
2.701350675337668861e+01 8.159534291736228462e-02
2.705352676338169005e+01 7.041633388888347833e-02
2.709354677338669148e+01 6.135494690130384454e-02
2.713356678339169648e+01 5.391872267519318140e-02
2.717358679339669791e+01 4.774758023362269538e-02
2.721360680340169935e+01 4.257421689852554370e-02
2.725362681340670434e+01 3.819735044003574886e-02
2.729364682341170578e+01 3.446337880164025008e-02
2.733366683341670722e+01 3.125362477448449805e-02
2.737368684342170866e+01 2.847533679631618006e-02
2.741370685342671365e+01 2.605525148538673230e-02
2.745372686343171509e+01 2.393492774342508705e-02
2.749374687343671653e+01 2.206732264145043823e-02
2.753376688344172152e+01 2.041424910600773621e-02
2.757378689344672296e+01 1.894446759640404029e-02
2.761380690345172439e+01 1.763223903526361935e-02
2.765382691345672583e+01 1.645621714786291157e-02
2.769384692346173082e+01 1.539859330869079897e-02
2.773386693346673226e+01 1.444443129099371760e-02
2.777388694347173370e+01 1.358114643135015405e-02
2.781390695347673869e+01 1.279809595252187279e-02
2.785392696348174013e+01 1.208625608240010245e-02
2.789394697348674157e+01 1.143796823556921319e-02
2.793396698349174656e+01 1.084674165846812727e-02
2.797398699349674800e+01 1.030710417737968482e-02
2.801400700350174944e+01 9.814496552737946369e-03
2.805402701350675088e+01 9.365209965906196379e-03
2.809404702351175587e+01 8.956370964655418002e-03
2.813406703351675731e+01 8.585984502873894933e-03
2.817408704352175874e+01 8.253054156524127979e-03
2.821410705352676374e+01 7.957808523928000186e-03
2.825412706353176517e+01 7.702067618096636314e-03
2.829414707353676661e+01 7.489753727334604039e-03
2.833416708354177160e+01 7.327383176278362380e-03
2.837418709354677304e+01 7.223742108145999111e-03
2.841420710355177448e+01 7.186073093452331230e-03
2.845422711355677592e+01 7.206550811380131420e-03
2.849424712356178091e+01 7.235121329991298783e-03
2.853426713356678235e+01 7.170736767827440121e-03
2.857428714357178379e+01 6.941172436036169638e-03
2.861430715357678878e+01 6.594705091381790341e-03
2.865432716358179022e+01 6.236187457382818926e-03
2.869434717358679165e+01 5.928539814370149472e-03
2.873436718359179665e+01 5.686517346514868322e-03
2.877438719359679808e+01 5.504904909245170175e-03
2.881440720360179952e+01 5.375423685375932056e-03
2.885442721360680096e+01 5.292255104799082656e-03
2.889444722361180595e+01 5.253079355394852344e-03
2.893446723361680739e+01 5.259041842915834243e-03
2.897448724362180883e+01 5.314787725575807406e-03
2.901450725362681382e+01 5.428911456574835905e-03
2.905452726363181526e+01 5.614992483201093794e-03
2.909454727363681670e+01 5.893427154575541296e-03
2.913456728364182169e+01 6.294385712327990427e-03
2.917458729364682313e+01 6.862347083279497426e-03
2.921460730365182457e+01 7.662591087878003332e-03
2.925462731365682600e+01 8.789004939031635003e-03
2.929464732366183100e+01 1.036805588246323892e-02
2.933466733366683243e+01 1.253863806074136111e-02
2.937468734367183387e+01 1.534933523004212465e-02
2.941470735367683886e+01 1.847644613389268567e-02
2.945472736368184030e+01 2.086571951897674831e-02
2.949474737368684174e+01 2.112295035183528111e-02
2.953476738369184673e+01 1.902323593107155611e-02
2.957478739369684817e+01 1.581467557031257520e-02
2.961480740370184961e+01 1.273067093504347269e-02
2.965482741370685105e+01 1.025451863831734582e-02
2.969484742371185604e+01 8.396283867787884131e-03
2.973486743371685748e+01 7.024369014378855670e-03
2.977488744372185892e+01 6.004865874988973493e-03
2.981490745372686391e+01 5.234969416785839255e-03
2.985492746373186534e+01 4.642160376125955244e-03
2.989494747373686678e+01 4.176515069014519362e-03
2.993496748374187177e+01 3.803677517588309551e-03
2.997498749374687321e+01 3.499767506306237803e-03
3.001500750375187465e+01 3.247945930822812403e-03
3.005502751375687609e+01 3.036147774685864827e-03
3.009504752376188108e+01 2.855587781577711114e-03
3.013506753376688252e+01 2.699767648415798537e-03
3.017508754377188396e+01 2.563808347390800040e-03
3.021510755377688895e+01 2.443994772718746742e-03
3.025512756378189039e+01 2.337460633480068720e-03
3.029514757378689183e+01 2.241967216787484323e-03
3.033516758379189682e+01 2.155745860551481780e-03
3.037518759379689826e+01 2.077384272680281394e-03
3.041520760380189969e+01 2.005743440262731589e-03
3.045522761380690113e+01 1.939896162057198805e-03
3.049524762381190612e+01 1.879081058665380824e-03
3.053526763381690756e+01 1.822667794081884269e-03
3.057528764382190900e+01 1.770130510353275666e-03
3.061530765382691399e+01 1.721027343390990963e-03
3.065532766383191543e+01 1.674984486983997854e-03
3.069534767383691687e+01 1.631683691029344732e-03
3.073536768384192186e+01 1.590852376293159197e-03
3.077538769384692330e+01 1.552255759763090329e-03
3.081540770385192474e+01 1.515690537500883088e-03
3.085542771385692618e+01 1.480979783289723120e-03
3.089544772386193117e+01 1.447968803280217948e-03
3.093546773386693260e+01 1.416521747594203570e-03
3.097548774387193404e+01 1.386518825281840041e-03
3.101550775387693903e+01 1.357854003275340638e-03
3.105552776388194047e+01 1.330433095991593586e-03
3.109554777388694191e+01 1.304172172131136745e-03
3.113556778389194335e+01 1.278996220545718749e-03
3.117558779389694834e+01 1.254838028930965787e-03
3.121560780390194978e+01 1.231637238378439003e-03
3.125562781390695122e+01 1.209339544112196302e-03
3.129564782391195621e+01 1.187896018503174604e-03
3.133566783391695765e+01 1.167262537050380153e-03
3.137568784392195909e+01 1.147399291707399890e-03
3.141570785392696408e+01 1.128270378920360160e-03
3.145572786393196552e+01 1.109843452187137675e-03
3.149574787393696695e+01 1.092089430971379541e-03
3.153576788394196839e+01 1.074982259507109962e-03
3.157578789394697338e+01 1.058498710490291114e-03
3.161580790395197482e+01 1.042618229939427672e-03
3.165582791395697626e+01 1.027322820675769747e-03
3.169584792396198125e+01 1.012596962977612737e-03
3.173586793396698269e+01 9.984275720530950797e-04
3.177588794397198413e+01 9.848039931043589719e-04
3.181590795397698912e+01 9.717180359805916573e-04
3.185592796398199056e+01 9.591640528058319529e-04
3.189594797398699200e+01 9.471390636025965506e-04
3.193596798399199344e+01 9.356429369203162708e-04
3.197598799399699843e+01 9.246786349573030573e-04
3.201600800400200342e+01 9.142525358233595870e-04
3.205602801400700486e+01 9.043748496819142358e-04
3.209604802401200629e+01 8.950601508884992175e-04
3.213606803401700773e+01 8.863280554006939356e-04
3.217608804402200917e+01 8.782040823737809155e-04
3.221610805402701061e+01 8.707207519800791830e-04
3.225612806403201205e+01 8.639189895523033576e-04
3.229614807403702059e+01 8.578499312825710712e-04
3.233616808404202203e+01 8.525772620646976125e-04
3.237618809404702347e+01 8.481802663785395881e-04
3.241620810405202491e+01 8.447578455562623941e-04
3.245622811405702635e+01 8.424338603563454823e-04
3.249624812406202778e+01 8.413643136191639943e-04
3.253626813406702922e+01 8.417471208071738379e-04
3.257628814407203777e+01 8.438355692536040264e-04
3.261630815407703921e+01 8.479571087123137681e-04
3.265632816408204064e+01 8.545399575681147247e-04
3.269634817408704208e+01 8.641513311871640247e-04
3.273636818409204352e+01 8.775531914789846781e-04
3.277638819409704496e+01 8.957847340185374129e-04
3.281640820410205350e+01 9.202860317577522212e-04
3.285642821410705494e+01 9.530851152682849343e-04
3.289644822411205638e+01 9.970814577132526384e-04
3.293646823411705782e+01 1.056468850150289653e-03
3.297648824412205926e+01 1.137331578317679875e-03
3.301650825412706070e+01 1.248348331011461983e-03
3.305652826413206213e+01 1.401109487740487530e-03
3.309654827413707068e+01 1.608128540295797370e-03
3.313656828414207212e+01 1.873108401440003049e-03
3.317658829414707355e+01 2.164894235086747484e-03
3.321660830415207499e+01 2.386418007074861056e-03
3.325662831415707643e+01 2.415174787676248411e-03
3.329664832416207787e+01 2.239053247990641874e-03
3.333666833416707931e+01 1.973376103304105064e-03
3.337668834417208785e+01 1.726293617622846801e-03
3.341670835417708929e+01 1.539084320318428057e-03
3.345672836418209073e+01 1.412785550019399336e-03
3.349674837418709217e+01 1.337143635292567089e-03
3.353676838419209361e+01 1.302564549521538929e-03
3.357678839419709504e+01 1.303094654113727026e-03
3.361680840420210359e+01 1.336655419440685704e-03
3.365682841420710503e+01 1.404912743721411627e-03
3.369684842421210647e+01 1.513509114485877280e-03
3.373686843421710790e+01 1.672895642175929384e-03
3.377688844422210934e+01 1.899863506984028009e-03
3.381690845422711078e+01 2.219621442390227496e-03
3.385692846423211222e+01 2.667179349597669814e-03
3.389694847423712076e+01 3.283014053725842683e-03
3.393696848424212220e+01 4.087929061035471510e-03
3.397698849424712364e+01 5.009027586858665927e-03
3.401700850425212508e+01 5.769711957077464440e-03
3.405702851425712652e+01 5.954639539740133082e-03
3.409704852426212796e+01 5.430161533409141698e-03
3.413706853426712939e+01 4.523235885982650542e-03
3.417708854427213794e+01 3.616268872017991843e-03
3.421710855427713938e+01 2.877989409528415587e-03
3.425712856428214081e+01 2.323081090838400014e-03
3.429714857428714225e+01 1.915342338056253129e-03
3.433716858429214369e+01 1.614864352765129751e-03
3.437718859429714513e+01 1.390366838879030995e-03
3.441720860430214657e+01 1.219639345312075601e-03
3.445722861430715511e+01 1.087371561030413053e-03
3.449724862431215655e+01 9.830373313999090073e-04
3.453726863431715799e+01 8.993347207816925837e-04
3.457728864432215943e+01 8.311277158311188538e-04
3.461730865432716087e+01 7.747466902789398955e-04
3.465732866433216230e+01 7.275275003934884204e-04
3.469734867433717085e+01 6.875056658467349922e-04
3.473736868434217229e+01 6.532110493571413167e-04
3.477738869434717373e+01 6.235280871001267367e-04
3.481740870435217516e+01 5.975992482529985435e-04
3.485742871435717660e+01 5.747573784461024312e-04
3.489744872436217804e+01 5.544776117902326749e-04
3.493746873436717948e+01 5.363427268951607985e-04
3.497748874437218802e+01 5.200178664257763990e-04
3.501750875437718946e+01 5.052318648632725525e-04
3.505752876438219090e+01 4.917632991150487978e-04
3.509754877438719234e+01 4.794299552092015247e-04
3.513756878439219378e+01 4.680807940756276310e-04
3.517758879439719522e+01 4.575897652845368037e-04
3.521760880440219665e+01 4.478510011725619173e-04
3.525762881440720520e+01 4.387750519965803535e-04
3.529764882441220664e+01 4.302859133038001863e-04
3.533766883441720807e+01 4.223186613361199046e-04
3.537768884442220951e+01 4.148175588831478191e-04
3.541770885442721095e+01 4.077345279162779496e-04
3.545772886443221239e+01 4.010279102514987767e-04
3.549774887443722093e+01 3.946614559498400933e-04
3.553776888444222237e+01 3.886034929565988327e-04
3.557778889444722381e+01 3.828262418656146779e-04
3.561780890445222525e+01 3.773052475732384739e-04
3.565782891445722669e+01 3.720189056058620033e-04
3.569784892446222813e+01 3.669480655351056329e-04
3.573786893446722956e+01 3.620756974795448285e-04
3.577788894447223811e+01 3.573866104844919617e-04
3.581790895447723955e+01 3.528672137597461044e-04
3.585792896448224099e+01 3.485053134798124595e-04
3.589794897448724242e+01 3.442899392175950376e-04
3.593796898449224386e+01 3.402111951708517964e-04
3.597798899449724530e+01 3.362601322118264572e-04
3.601800900450224674e+01 3.324286374910195635e-04
3.605802901450725528e+01 3.287093388920455566e-04
3.609804902451225672e+01 3.250955220937992544e-04
3.613806903451725816e+01 3.215810583703871198e-04
3.617808904452225960e+01 3.181603415655097117e-04
3.621810905452726104e+01 3.148282329294768288e-04
3.625812906453226248e+01 3.115800127144126340e-04
3.629814907453727102e+01 3.084113375948044052e-04
3.633816908454227246e+01 3.053182031230279527e-04
3.637818909454727390e+01 3.022969105481906871e-04
3.641820910455227533e+01 2.993440374258773376e-04
3.645822911455727677e+01 2.964564115295758337e-04
3.649824912456227821e+01 2.936310876445438929e-04
3.653826913456727965e+01 2.908653268839137235e-04
3.657828914457228819e+01 2.881565782167607370e-04
3.661830915457728963e+01 2.855024619402285056e-04
3.665832916458229107e+01 2.829007548638181463e-04
3.669834917458729251e+01 2.803493770046866875e-04
3.673836918459229395e+01 2.778463796190467510e-04
3.677838919459729539e+01 2.753899344172725232e-04
3.681840920460229682e+01 2.729783238296426811e-04
3.685842921460730537e+01 2.706099322062978829e-04
3.689844922461230681e+01 2.682832378493450569e-04
3.693846923461730825e+01 2.659968057874523392e-04
3.697848924462230968e+01 2.637492812140519076e-04
3.701850925462731112e+01 2.615393835195896528e-04
3.705852926463231256e+01 2.593659008564014735e-04
3.709854927463732110e+01 2.572276851818717527e-04
3.713856928464232254e+01 2.551236477317217238e-04
3.717858929464732398e+01 2.530527548806777989e-04
3.721860930465232542e+01 2.510140243525275146e-04
3.725862931465732686e+01 2.490065217457213551e-04
3.729864932466232830e+01 2.470293573443499749e-04
3.733866933466732974e+01 2.450816831875503353e-04
3.737868934467233828e+01 2.431626903732393978e-04
3.741870935467733972e+01 2.412716065745946581e-04
3.745872936468234116e+01 2.394076937499167463e-04
3.749874937468734259e+01 2.375702460284989149e-04
3.753876938469234403e+01 2.357585877568642578e-04
3.757878939469734547e+01 2.339720716912984755e-04
3.761880940470234691e+01 2.322100773239896060e-04
3.765882941470735545e+01 2.304720093313193392e-04
3.769884942471235689e+01 2.287572961339609458e-04
3.773886943471735833e+01 2.270653885594117597e-04
3.777888944472235977e+01 2.253957585984867680e-04
3.781890945472736121e+01 2.237478982480749310e-04
3.785892946473236265e+01 2.221213184331794388e-04
3.789894947473736408e+01 2.205155480018946884e-04
3.793896948474237263e+01 2.189301327875458985e-04
3.797898949474737407e+01 2.173646347327378066e-04
3.801900950475237551e+01 2.158186310705129303e-04
3.805902951475737694e+01 2.142917135582524959e-04
3.809904952476237838e+01 2.127834877603210098e-04
3.813906953476737982e+01 2.112935723758022565e-04
3.817908954477238836e+01 2.098215986079848046e-04
3.821910955477738980e+01 2.083672095725347200e-04
3.825912956478239124e+01 2.069300597415467510e-04
3.829914957478739268e+01 2.055098144208993049e-04
3.833916958479239412e+01 2.041061492585463731e-04
3.837918959479739556e+01 2.027187497815709563e-04
3.841920960480239700e+01 2.013473109599982517e-04
3.845922961480740554e+01 1.999915367955269502e-04
3.849924962481240698e+01 1.986511399334801062e-04
3.853926963481740842e+01 1.973258412964071988e-04
3.857928964482240985e+01 1.960153697378947193e-04
3.861930965482741129e+01 1.947194617152483542e-04
3.865932966483241273e+01 1.934378609798110171e-04
3.869934967483741417e+01 1.921703182837762591e-04
3.873936968484242271e+01 1.909165911024384669e-04
3.877938969484742415e+01 1.896764433709007349e-04
3.881940970485242559e+01 1.884496452343293021e-04
3.885942971485742703e+01 1.872359728109168424e-04
3.889944972486242847e+01 1.860352079667655840e-04
3.893946973486742991e+01 1.848471381019678775e-04
3.897948974487243845e+01 1.836715559472055050e-04
3.901950975487743989e+01 1.825082593702395954e-04
3.905952976488244133e+01 1.813570511917041606e-04
3.909954977488744277e+01 1.802177390096594968e-04
3.913956978489244420e+01 1.790901350323952535e-04
3.917958979489744564e+01 1.779740559190087768e-04
3.921960980490244708e+01 1.768693226273169148e-04
3.925962981490745562e+01 1.757757602686852501e-04
3.929964982491245706e+01 1.746931979693922520e-04
3.933966983491745850e+01 1.736214687381609128e-04
3.937968984492245994e+01 1.725604093395258047e-04
3.941970985492746138e+01 1.715098601727144427e-04
3.945972986493246282e+01 1.704696651557487553e-04
3.949974987493746426e+01 1.694396716144868048e-04
3.953976988494247280e+01 1.684197301763454139e-04
3.957978989494747424e+01 1.674096946684593753e-04
3.961980990495247568e+01 1.664094220200445736e-04
3.965982991495747711e+01 1.654187721687533840e-04
3.969984992496247855e+01 1.644376079708167277e-04
3.973986993496747999e+01 1.634657951147823452e-04
3.977988994497248854e+01 1.625032020386708810e-04
3.981990995497748997e+01 1.615496998503808347e-04
3.985992996498249141e+01 1.606051622511810216e-04
3.989994997498749285e+01 1.596694654621440940e-04
3.993996998499249429e+01 1.587424881533776029e-04
3.997998999499749573e+01 1.578241113759188622e-04
4.002001000500249717e+01 1.569142184961701812e-04
4.006003001500750571e+01 1.560126951327529235e-04
4.010005002501250715e+01 1.551194290956704573e-04
4.014007003501750859e+01 1.542343103276718180e-04
4.018009004502251003e+01 1.533572308477181001e-04
4.022011005502751146e+01 1.524880846964552742e-04
4.026013006503251290e+01 1.516267678836034113e-04
4.030015007503751434e+01 1.507731783371788338e-04
4.034017008504252289e+01 1.499272158544674141e-04
4.038019009504752432e+01 1.490887820546732921e-04
4.042021010505252576e+01 1.482577803331697446e-04
4.046023011505752720e+01 1.474341158172857730e-04
4.050025012506252864e+01 1.466176953235609178e-04
4.054027013506753008e+01 1.458084273164081532e-04
4.058029014507253862e+01 1.450062218681254754e-04
4.062031015507754006e+01 1.442109906202003748e-04
4.066033016508254150e+01 1.434226467458546894e-04
4.070035017508754294e+01 1.426411049137792076e-04
4.074037018509254438e+01 1.418662812530096650e-04
4.078039019509754581e+01 1.410980933188997911e-04
4.082041020510254725e+01 1.403364600601466553e-04
4.086043021510755580e+01 1.395813017868272488e-04
4.090045022511255723e+01 1.388325401394083539e-04
4.094047023511755867e+01 1.380900980586890450e-04
4.098049024512256011e+01 1.373538997566440796e-04
4.102051025512756155e+01 1.366238706881305856e-04
4.106053026513256299e+01 1.358999375234273886e-04
4.110055027513756443e+01 1.351820281215752938e-04
4.114057028514257297e+01 1.344700715044884519e-04
4.118059029514757441e+01 1.337639978318097057e-04
4.122061030515257585e+01 1.330637383764799364e-04
4.126063031515757729e+01 1.323692255009995661e-04
4.130065032516257872e+01 1.316803926343540791e-04
4.134067033516758016e+01 1.309971742495812553e-04
4.138069034517258160e+01 1.303195058419578359e-04
4.142071035517759015e+01 1.296473239077830964e-04
4.146073036518259158e+01 1.289805659237389167e-04
4.150075037518759302e+01 1.283191703268065352e-04
4.154077038519259446e+01 1.276630764947208501e-04
4.158079039519759590e+01 1.270122247269443521e-04
4.162081040520259734e+01 1.263665562261421745e-04
4.166083041520760588e+01 1.257260130801428669e-04
4.170085042521260732e+01 1.250905382443681397e-04
4.174087043521760876e+01 1.244600755247151009e-04
4.178089044522261020e+01 1.238345695608786246e-04
4.182091045522761164e+01 1.232139658100966668e-04
4.186093046523261307e+01 1.225982105313076320e-04
4.190095047523761451e+01 1.219872507697045041e-04
4.194097048524262306e+01 1.213810343416741938e-04
4.198099049524762449e+01 1.207795098201102041e-04
4.202101050525262593e+01 1.201826265200854409e-04
4.206103051525762737e+01 1.195903344848760474e-04
4.210105052526262881e+01 1.190025844723240241e-04
4.214107053526763025e+01 1.184193279415284581e-04
4.218109054527263169e+01 1.178405170398557234e-04
4.222111055527764023e+01 1.172661045902588018e-04
4.226113056528264167e+01 1.166960440788968051e-04
4.230115057528764311e+01 1.161302896430445081e-04
4.234117058529264455e+01 1.155687960592853602e-04
4.238119059529764598e+01 1.150115187319779184e-04
4.242121060530264742e+01 1.144584136819883850e-04
4.246123061530765597e+01 1.139094375356815102e-04
4.250125062531265741e+01 1.133645475141626231e-04
4.254127063531765884e+01 1.128237014227629985e-04
4.258129064532266028e+01 1.122868576407620402e-04
4.262131065532766172e+01 1.117539751113400340e-04
4.266133066533266316e+01 1.112250133317539881e-04
4.270135067533766460e+01 1.106999323437311416e-04
4.274137068534267314e+01 1.101786927240738507e-04
4.278139069534767458e+01 1.096612555754701492e-04
4.282141070535267602e+01 1.091475825175038550e-04
4.286143071535767746e+01 1.086376356778595770e-04
4.290145072536267890e+01 1.081313776837168736e-04
4.294147073536768033e+01 1.076287716533285766e-04
4.298149074537268177e+01 1.071297811877782396e-04
4.302151075537769032e+01 1.066343703629121824e-04
4.306153076538269175e+01 1.061425037214418920e-04
4.310155077538769319e+01 1.056541462652107739e-04
4.314157078539269463e+01 1.051692634476230194e-04
4.318159079539769607e+01 1.046878211662293027e-04
4.322161080540269751e+01 1.042097857554648760e-04
4.326163081540770605e+01 1.037351239795370541e-04
4.330165082541270749e+01 1.032638030254583752e-04
4.334167083541770893e+01 1.027957904962201120e-04
4.338169084542271037e+01 1.023310544041046818e-04
4.342171085542771181e+01 1.018695631641325659e-04
4.346173086543271324e+01 1.014112855876397813e-04
4.350175087543771468e+01 1.009561908759840998e-04
4.354177088544272323e+01 1.005042486143751791e-04
4.358179089544772467e+01 1.000554287658273844e-04
4.362181090545272610e+01 9.960970166523023270e-05
4.366183091545772754e+01 9.916703801353591685e-05
4.370185092546272898e+01 9.872740887205890968e-05
4.374187093546773042e+01 9.829078565688665768e-05
4.378189094547273186e+01 9.785714013339763800e-05
4.382191095547774040e+01 9.742644441088467791e-05
4.386193096548274184e+01 9.699867093728131414e-05
4.390195097548774328e+01 9.657379249398787165e-05
4.394197098549274472e+01 9.615178219079593383e-05
4.398199099549774616e+01 9.573261346090847993e-05
4.402201100550274759e+01 9.531626005605330456e-05
4.406203101550775614e+01 9.490269604168784896e-05
4.410205102551275758e+01 9.449189579229358741e-05
4.414207103551775901e+01 9.408383398675675678e-05
4.418209104552276045e+01 9.367848560383551049e-05
4.422211105552776189e+01 9.327582591770918732e-05
4.426213106553276333e+01 9.287583049361000664e-05
4.430215107553776477e+01 9.247847518353367999e-05
4.434217108554277331e+01 9.208373612202820722e-05
4.438219109554777475e+01 9.169158972205894626e-05
4.442221110555277619e+01 9.130201267094748994e-05
4.446223111555777763e+01 9.091498192638418721e-05
4.450225112556277907e+01 9.053047471251117820e-05
4.454227113556778050e+01 9.014846851607557718e-05
4.458229114557278194e+01 8.976894108265078399e-05
4.462231115557779049e+01 8.939187041292389127e-05
4.466233116558279193e+01 8.901723475904967510e-05
4.470235117558779336e+01 8.864501262106683254e-05
4.474237118559279480e+01 8.827518274337803794e-05
4.478239119559779624e+01 8.790772411129052488e-05
4.482241120560279768e+01 8.754261594761685483e-05
4.486243121560779912e+01 8.717983770933432765e-05
4.490245122561280766e+01 8.681936908430158369e-05
4.494247123561780910e+01 8.646118998803195045e-05
4.498249124562281054e+01 8.610528056052110758e-05
4.502251125562781198e+01 8.575162116312942293e-05
4.506253126563281342e+01 8.540019237551680460e-05
4.510255127563781485e+01 8.505097499262910673e-05
4.514257128564282340e+01 8.470395002173566911e-05
4.518259129564782484e+01 8.435909867951626919e-05
4.522261130565282627e+01 8.401640238919661928e-05
4.526263131565782771e+01 8.367584277773171774e-05
4.530265132566282915e+01 8.333740167303606478e-05
4.534267133566783059e+01 8.300106110125942836e-05
4.538269134567283203e+01 8.266680328410753661e-05
4.542271135567784057e+01 8.233461063620682965e-05
4.546273136568284201e+01 8.200446576251245738e-05
4.550275137568784345e+01 8.167635145575834448e-05
4.554277138569284489e+01 8.135025069394859047e-05
4.558279139569784633e+01 8.102614663789019147e-05
4.562281140570284776e+01 8.070402262876468489e-05
4.566283141570784920e+01 8.038386218573959779e-05
4.570285142571285775e+01 8.006564900361789658e-05
4.574287143571785919e+01 7.974936695052524827e-05
4.578289144572286062e+01 7.943500006563362957e-05
4.582291145572786206e+01 7.912253255692194799e-05
4.586293146573286350e+01 7.881194879897141154e-05
4.590295147573786494e+01 7.850323333079604025e-05
4.594297148574287348e+01 7.819637085370724863e-05
4.598299149574787492e+01 7.789134622921226883e-05
4.602301150575287636e+01 7.758814447694466622e-05
4.606303151575787780e+01 7.728675077262797731e-05
4.610305152576287924e+01 7.698715044607051848e-05
4.614307153576788068e+01 7.668932897919154173e-05
4.618309154577288211e+01 7.639327200407766672e-05
4.622311155577789066e+01 7.609896530106935886e-05
4.626313156578289210e+01 7.580639479687700604e-05
4.630315157578789353e+01 7.551554656272545566e-05
4.634317158579289497e+01 7.522640681252725598e-05
4.638319159579789641e+01 7.493896190108338196e-05
4.642321160580289785e+01 7.465319832231167598e-05
4.646323161580789929e+01 7.436910270750177025e-05
4.650325162581290783e+01 7.408666182359634179e-05
4.654327163581790927e+01 7.380586257149886252e-05
4.658329164582291071e+01 7.352669198440550007e-05
4.662331165582791215e+01 7.324913722616339170e-05
4.666333166583291359e+01 7.297318558965240479e-05
4.670335167583791502e+01 7.269882449519152233e-05
4.674337168584292357e+01 7.242604148896844378e-05
4.678339169584792501e+01 7.215482424149309267e-05
4.682341170585292645e+01 7.188516054607302504e-05
4.686343171585792788e+01 7.161703831731218895e-05
4.690345172586292932e+01 7.135044558963101553e-05
4.694347173586793076e+01 7.108537051580866861e-05
4.698349174587293220e+01 7.082180136554625991e-05
4.702351175587794074e+01 7.055972652405096237e-05
4.706353176588294218e+01 7.029913449064114337e-05
4.710355177588794362e+01 7.004001387737093234e-05
4.714357178589294506e+01 6.978235340767533390e-05
4.718359179589794650e+01 6.952614191503450440e-05
4.722361180590294794e+01 6.927136834165730005e-05
4.726363181590794937e+01 6.901802173718355469e-05
4.730365182591295792e+01 6.876609125740516847e-05
4.734367183591795936e+01 6.851556616300534335e-05
4.738369184592296079e+01 6.826643581831547754e-05
4.742371185592796223e+01 6.801868969008986797e-05
4.746373186593296367e+01 6.777231734629797684e-05
4.750375187593796511e+01 6.752730845493312381e-05
4.754377188594297365e+01 6.728365278283875584e-05
4.758379189594797509e+01 6.704134019455047864e-05
4.762381190595297653e+01 6.680036065115447304e-05
4.766383191595797797e+01 6.656070420916231003e-05
4.770385192596297941e+01 6.632236101940052440e-05
4.774387193596798085e+01 6.608532132591677679e-05
4.778389194597298228e+01 6.584957546490004243e-05
4.782391195597799083e+01 6.561511386361638552e-05
4.786393196598299227e+01 6.538192703935951917e-05
4.790395197598799371e+01 6.515000559841514847e-05
4.794397198599299514e+01 6.491934023504015343e-05
4.798399199599799658e+01 6.468992173045541940e-05
4.802401200600299802e+01 6.446174095185257236e-05
4.806403201600799946e+01 6.423478885141414472e-05
4.810405202601300800e+01 6.400905646534698202e-05
4.814407203601800944e+01 6.378453491292922922e-05
4.818409204602301088e+01 6.356121539556935159e-05
4.822411205602801232e+01 6.333908919587864046e-05
4.826413206603301376e+01 6.311814767675594327e-05
4.830415207603801520e+01 6.289838228048437408e-05
4.834417208604301663e+01 6.267978452784074995e-05
4.838419209604802518e+01 6.246234601721623514e-05
4.842421210605302662e+01 6.224605842374935890e-05
4.846423211605802805e+01 6.203091349847007850e-05
4.850425212606302949e+01 6.181690306745540257e-05
4.854427213606803093e+01 6.160401903099615463e-05
4.858429214607303237e+01 6.139225336277497167e-05
4.862431215607804091e+01 6.118159810905467037e-05
4.866433216608304235e+01 6.097204538787777390e-05
4.870435217608804379e+01 6.076358738827612174e-05
4.874437218609304523e+01 6.055621636949125379e-05
4.878439219609804667e+01 6.034992466020454549e-05
4.882441220610304811e+01 6.014470465777772422e-05
4.886443221610804954e+01 5.994054882750306896e-05
4.890445222611305809e+01 5.973744970186337452e-05
4.894447223611805953e+01 5.953539987980168720e-05
4.898449224612306097e+01 5.933439202600000539e-05
4.902451225612806240e+01 5.913441887016777866e-05
4.906453226613306384e+01 5.893547320633935835e-05
4.910455227613806528e+01 5.873754789218036564e-05
4.914457228614306672e+01 5.854063584830310597e-05
4.918459229614807526e+01 5.834473005759058934e-05
4.922461230615307670e+01 5.814982356452941389e-05
4.926463231615807814e+01 5.795590947455070657e-05
4.930465232616307958e+01 5.776298095337983895e-05
4.934467233616808102e+01 5.757103122639427463e-05
4.938469234617308246e+01 5.738005357798933129e-05
4.942471235617809100e+01 5.719004135095221656e-05
4.946473236618309244e+01 5.700098794584387016e-05
4.950475237618809388e+01 5.681288682038830736e-05
4.954477238619309531e+01 5.662573148887005327e-05
4.958479239619809675e+01 5.643951552153880069e-05
4.962481240620309819e+01 5.625423254402156243e-05
4.966483241620809963e+01 5.606987623674225047e-05
4.970485242621310817e+01 5.588644033434826176e-05
4.974487243621810961e+01 5.570391862514457890e-05
4.978489244622311105e+01 5.552230495053420660e-05
4.982491245622811249e+01 5.534159320446623828e-05
4.986493246623311393e+01 5.516177733289020417e-05
4.990495247623811537e+01 5.498285133321751425e-05
4.994497248624311680e+01 5.480480925378910818e-05
4.998499249624812535e+01 5.462764519335001705e-05
5.002501250625312679e+01 5.445135330053017288e-05
5.006503251625812823e+01 5.427592777333139796e-05
5.010505252626312966e+01 5.410136285862098086e-05
5.014507253626813110e+01 5.392765285163112057e-05
5.018509254627313254e+01 5.375479209546457101e-05
5.022511255627814108e+01 5.358277498060626888e-05
5.026513256628314252e+01 5.341159594444087053e-05
5.030515257628814396e+01 5.324124947077593336e-05
5.034517258629314540e+01 5.307173008937108070e-05
5.038519259629814684e+01 5.290303237547273001e-05
5.042521260630314828e+01 5.273515094935423531e-05
5.046523261630814972e+01 5.256808047586191139e-05
5.050525262631315826e+01 5.240181566396590984e-05
5.054527263631815970e+01 5.223635126631718015e-05
5.058529264632316114e+01 5.207168207880890319e-05
5.062531265632816257e+01 5.190780294014368443e-05
5.066533266633316401e+01 5.174470873140580234e-05
5.070535267633816545e+01 5.158239437563820012e-05
5.074537268634316689e+01 5.142085483742487814e-05
5.078539269634817543e+01 5.126008512247784676e-05
5.082541270635317687e+01 5.110008027722932406e-05
5.086543271635817831e+01 5.094083538842820931e-05
5.090545272636317975e+01 5.078234558274174034e-05
5.094547273636818119e+01 5.062460602636159607e-05
5.098549274637318263e+01 5.046761192461460022e-05
5.102551275637819117e+01 5.031135852157793794e-05
5.106553276638319261e+01 5.015584109969904128e-05
5.110555277638819405e+01 5.000105497941957438e-05
5.114557278639319549e+01 4.984699551880396540e-05
5.118559279639819692e+01 4.969365811317218731e-05
5.122561280640319836e+01 4.954103819473681443e-05
5.126563281640819980e+01 4.938913123224419888e-05
5.130565282641320835e+01 4.923793273061969939e-05
5.134567283641820978e+01 4.908743823061728742e-05
5.138569284642321122e+01 4.893764330847272449e-05
5.142571285642821266e+01 4.878854357556098133e-05
5.146573286643321410e+01 4.864013467805758064e-05
5.150575287643821554e+01 4.849241229660365986e-05
5.154577288644321698e+01 4.834537214597486941e-05
5.158579289644822552e+01 4.819900997475414693e-05
5.162581290645322696e+01 4.805332156500805583e-05
5.166583291645822840e+01 4.790830273196681685e-05
5.170585292646322984e+01 4.776394932370797860e-05
5.174587293646823127e+01 4.762025722084363194e-05
5.178589294647323271e+01 4.747722233621118879e-05
5.182591295647823415e+01 4.733484061456748126e-05
5.186593296648324269e+01 4.719310803228648604e-05
5.190595297648824413e+01 4.705202059706040313e-05
5.194597298649324557e+01 4.691157434760375675e-05
5.198599299649824701e+01 4.677176535336127056e-05
5.202601300650324845e+01 4.663258971421860256e-05
5.206603301650824989e+01 4.649404356021661716e-05
5.210605302651325843e+01 4.635612305126842196e-05
5.214607303651825987e+01 4.621882437688000950e-05
5.218609304652326131e+01 4.608214375587354854e-05
5.222611305652826275e+01 4.594607743611398216e-05
5.226613306653326418e+01 4.581062169423860063e-05
5.230615307653826562e+01 4.567577283538950774e-05
5.234617308654326706e+01 4.554152719294907550e-05
5.238619309654827561e+01 4.540788112827825155e-05
5.242621310655327704e+01 4.527483103045789573e-05
5.246623311655827848e+01 4.514237331603256266e-05
5.250625312656327992e+01 4.501050442875755068e-05
5.254627313656828136e+01 4.487922083934825463e-05
5.258629314657328280e+01 4.474851904523258146e-05
5.262631315657828424e+01 4.461839557030595446e-05
5.266633316658329278e+01 4.448884696468866881e-05
5.270635317658829422e+01 4.435986980448649973e-05
5.274637318659329566e+01 4.423146069155312667e-05
5.278639319659829710e+01 4.410361625325576272e-05
5.282641320660329853e+01 4.397633314224293200e-05
5.286643321660829997e+01 4.384960803621492379e-05
5.290645322661330852e+01 4.372343763769646918e-05
5.294647323661830995e+01 4.359781867381214181e-05
5.298649324662331139e+01 4.347274789606398127e-05
5.302651325662831283e+01 4.334822208011147453e-05
5.306653326663331427e+01 4.322423802555398374e-05
5.310655327663831571e+01 4.310079255571534231e-05
5.314657328664331715e+01 4.297788251743087020e-05
5.318659329664832569e+01 4.285550478083655079e-05
5.322661330665332713e+01 4.273365623916055238e-05
5.326663331665832857e+01 4.261233380851668764e-05
5.330665332666333001e+01 4.249153442770039389e-05
5.334667333666833144e+01 4.237125505798659039e-05
5.338669334667333288e+01 4.225149268292978529e-05
5.342671335667833432e+01 4.213224430816623592e-05
5.346673336668334287e+01 4.201350696121816214e-05
5.350675337668834430e+01 4.189527769130011462e-05
5.354677338669334574e+01 4.177755356912715918e-05
5.358679339669834718e+01 4.166033168672522268e-05
5.362681340670334862e+01 4.154360915724339057e-05
5.366683341670835006e+01 4.142738311476803391e-05
5.370685342671335860e+01 4.131165071413906429e-05
5.374687343671836004e+01 4.119640913076788266e-05
5.378689344672336148e+01 4.108165556045730694e-05
5.382691345672836292e+01 4.096738721922341727e-05
5.386693346673336436e+01 4.085360134311902757e-05
5.390695347673836579e+01 4.074029518805921706e-05
5.394697348674336723e+01 4.062746602964852880e-05
5.398699349674837578e+01 4.051511116300987575e-05
5.402701350675337721e+01 4.040322790261539177e-05
5.406703351675837865e+01 4.029181358211874611e-05
5.410705352676338009e+01 4.018086555418938927e-05
5.414707353676838153e+01 4.007038119034841836e-05
5.418709354677338297e+01 3.996035788080601450e-05
5.422711355677838441e+01 3.985079303430068276e-05
5.426713356678339295e+01 3.974168407794005740e-05
5.430715357678839439e+01 3.963302845704320466e-05
5.434717358679339583e+01 3.952482363498474837e-05
5.438719359679839727e+01 3.941706709304033728e-05
5.442721360680339870e+01 3.930975633023382673e-05
5.446723361680840014e+01 3.920288886318591047e-05
5.450725362681340869e+01 3.909646222596429752e-05
5.454727363681841013e+01 3.899047396993542039e-05
5.458729364682341156e+01 3.888492166361757986e-05
5.462731365682841300e+01 3.877980289253551288e-05
5.466733366683341444e+01 3.867511525907657989e-05
5.470735367683841588e+01 3.857085638234820577e-05
5.474737368684341732e+01 3.846702389803679129e-05
5.478739369684842586e+01 3.836361545826809497e-05
5.482741370685342730e+01 3.826062873146894984e-05
5.486743371685842874e+01 3.815806140223024066e-05
5.490745372686343018e+01 3.805591117117145314e-05
5.494747373686843162e+01 3.795417575480638877e-05
5.498749374687343305e+01 3.785285288541024836e-05
5.502751375687843449e+01 3.775194031088803705e-05
5.506753376688344304e+01 3.765143579464427028e-05
5.510755377688844447e+01 3.755133711545397408e-05
5.514757378689344591e+01 3.745164206733481697e-05
5.518759379689844735e+01 3.735234845942069876e-05
5.522761380690344879e+01 3.725345411583637611e-05
5.526763381690845023e+01 3.715495687557344339e-05
5.530765382691345167e+01 3.705685459236751286e-05
5.534767383691846021e+01 3.695914513457643848e-05
5.538769384692346165e+01 3.686182638505997619e-05
5.542771385692846309e+01 3.676489624106037943e-05
5.546773386693346453e+01 3.666835261408423461e-05
5.550775387693846596e+01 3.657219342978546895e-05
5.554777388694346740e+01 3.647641662784944925e-05
5.558779389694847595e+01 3.638102016187824618e-05
5.562781390695347739e+01 3.628600199927690831e-05
5.566783391695847882e+01 3.619136012114085408e-05
5.570785392696348026e+01 3.609709252214449718e-05
5.574787393696848170e+01 3.600319721043068505e-05
5.578789394697348314e+01 3.590967220750139092e-05
5.582791395697848458e+01 3.581651554810932751e-05
5.586793396698349312e+01 3.572372528015070587e-05
5.590795397698849456e+01 3.563129946455893614e-05
5.594797398699349600e+01 3.553923617519929055e-05
5.598799399699849744e+01 3.544753349876480640e-05
5.602801400700349888e+01 3.535618953467276515e-05
5.606803401700850031e+01 3.526520239496258087e-05
5.610805402701350175e+01 3.517457020419435278e-05
5.614807403701851030e+01 3.508429109934854949e-05
5.618809404702351173e+01 3.499436322972656731e-05
5.622811405702851317e+01 3.490478475685213560e-05
5.626813406703351461e+01 3.481555385437383346e-05
5.630815407703851605e+01 3.472666870796846020e-05
5.634817408704351749e+01 3.463812751524515123e-05
5.638819409704852603e+01 3.454992848565063233e-05
5.642821410705352747e+01 3.446206984037519897e-05
5.646823411705852891e+01 3.437454981225963082e-05
5.650825412706353035e+01 3.428736664570294646e-05
5.654827413706853179e+01 3.420051859657103900e-05
5.658829414707353322e+01 3.411400393210620619e-05
5.662831415707853466e+01 3.402782093083731073e-05
5.666833416708354321e+01 3.394196788249113998e-05
5.670835417708854465e+01 3.385644308790419928e-05
5.674837418709354608e+01 3.377124485893560993e-05
5.678839419709854752e+01 3.368637151838061014e-05
5.682841420710354896e+01 3.360182139988497082e-05
5.686843421710855040e+01 3.351759284786016356e-05
5.690845422711355184e+01 3.343368421739934172e-05
5.694847423711856038e+01 3.335009387419401273e-05
5.698849424712356182e+01 3.326682019445152352e-05
5.702851425712856326e+01 3.318386156481329812e-05
5.706853426713356470e+01 3.310121638227385454e-05
5.710855427713856614e+01 3.301888305410050604e-05
5.714857428714356757e+01 3.293685999775378072e-05
5.718859429714857612e+01 3.285514564080860674e-05
5.722861430715357756e+01 3.277373842087631081e-05
5.726863431715857899e+01 3.269263678552706382e-05
5.730865432716358043e+01 3.261183919221323453e-05
5.734867433716858187e+01 3.253134410819344798e-05
5.738869434717358331e+01 3.245115001045718601e-05
5.742871435717858475e+01 3.237125538565020094e-05
5.746873436718359329e+01 3.229165873000049164e-05
5.750875437718859473e+01 3.221235854924507923e-05
5.754877438719359617e+01 3.213335335855731136e-05
5.758879439719859761e+01 3.205464168247489147e-05
5.762881440720359905e+01 3.197622205482846376e-05
5.766883441720860048e+01 3.189809301867105876e-05
5.770885442721360192e+01 3.182025312620781666e-05
5.774887443721861047e+01 3.174270093872670682e-05
5.778889444722361191e+01 3.166543502652966060e-05
5.782891445722861334e+01 3.158845396886423272e-05
5.786893446723361478e+01 3.151175635385613681e-05
5.790895447723861622e+01 3.143534077844212650e-05
5.794897448724361766e+01 3.135920584830366258e-05
5.798899449724862620e+01 3.128335017780096641e-05
5.802901450725362764e+01 3.120777238990793390e-05
5.806903451725862908e+01 3.113247111614728666e-05
5.810905452726363052e+01 3.105744499652655666e-05
5.814907453726863196e+01 3.098269267947457908e-05
5.818909454727363340e+01 3.090821282177839849e-05
5.822911455727863483e+01 3.083400408852097471e-05
5.826913456728364338e+01 3.076006515301915964e-05
5.830915457728864482e+01 3.068639469676252791e-05
5.834917458729364625e+01 3.061299140935239734e-05
5.838919459729864769e+01 3.053985398844166922e-05
5.842921460730364913e+01 3.046698113967503119e-05
5.846923461730865057e+01 3.039437157662976319e-05
5.850925462731365201e+01 3.032202402075703809e-05
5.854927463731866055e+01 3.024993720132361191e-05
5.858929464732366199e+01 3.017810985535432385e-05
5.862931465732866343e+01 3.010654072757469461e-05
5.866933466733366487e+01 3.003522857035436481e-05
5.870935467733866631e+01 2.996417214365080806e-05
5.874937468734366774e+01 2.989337021495366392e-05
5.878939469734866918e+01 2.982282155922941306e-05
5.882941470735367773e+01 2.975252495886668947e-05
5.886943471735867917e+01 2.968247920362195854e-05
5.890945472736368060e+01 2.961268309056562880e-05
5.894947473736868204e+01 2.954313542402874985e-05
5.898949474737368348e+01 2.947383501555005583e-05
5.902951475737868492e+01 2.940478068382353753e-05
5.906953476738369346e+01 2.933597125464634640e-05
5.910955477738869490e+01 2.926740556086738650e-05
5.914957478739369634e+01 2.919908244233601472e-05
5.918959479739869778e+01 2.913100074585139507e-05
5.922961480740369922e+01 2.906315932511229326e-05
5.926963481740870066e+01 2.899555704066719670e-05
5.930965482741370209e+01 2.892819275986485109e-05
5.934967483741871064e+01 2.886106535680531553e-05
5.938969484742371208e+01 2.879417371229144783e-05
5.942971485742871351e+01 2.872751671378055588e-05
5.946973486743371495e+01 2.866109325533678422e-05
5.950975487743871639e+01 2.859490223758365989e-05
5.954977488744371783e+01 2.852894256765719049e-05
5.958979489744871927e+01 2.846321315915922997e-05
5.962981490745372781e+01 2.839771293211134241e-05
5.966983491745872925e+01 2.833244081290899787e-05
5.970985492746373069e+01 2.826739573427616806e-05
5.974987493746873213e+01 2.820257663522021674e-05
5.978989494747373357e+01 2.813798246098741013e-05
5.982991495747873500e+01 2.807361216301843419e-05
5.986993496748374355e+01 2.800946469890464361e-05
5.990995497748874499e+01 2.794553903234443627e-05
5.994997498749374643e+01 2.788183413310005456e-05
5.998999499749874786e+01 2.781834897695481694e-05
6.003001500750374930e+01 2.775508254567054275e-05
6.007003501750875074e+01 2.769203382694555626e-05
6.011005502751375218e+01 2.762920181437280600e-05
6.015007503751876072e+01 2.756658550739846854e-05
6.019009504752376216e+01 2.750418391128091488e-05
6.023011505752876360e+01 2.744199603704988000e-05
6.027013506753376504e+01 2.738002090146604591e-05
6.031015507753876648e+01 2.731825752698106163e-05
6.035017508754376792e+01 2.725670494169766492e-05
6.039019509754876935e+01 2.719536217933031557e-05
6.043021510755377790e+01 2.713422827916610311e-05
6.047023511755877934e+01 2.707330228602592226e-05
6.051025512756378077e+01 2.701258325022602095e-05
6.055027513756878221e+01 2.695207022753985342e-05
6.059029514757378365e+01 2.689176227916019408e-05
6.063031515757878509e+01 2.683165847166168512e-05
6.067033516758379363e+01 2.677175787696346200e-05
6.071035517758879507e+01 2.671205957229242617e-05
6.075037518759379651e+01 2.665256264014639567e-05
6.079039519759879795e+01 2.659326616825789959e-05
6.083041520760379939e+01 2.653416924955816225e-05
6.087043521760880083e+01 2.647527098214122622e-05
6.091045522761380226e+01 2.641657046922860061e-05
6.095047523761881081e+01 2.635806681913403801e-05
6.099049524762381225e+01 2.629975914522869772e-05
6.103051525762881369e+01 2.624164656590641744e-05
6.107053526763381512e+01 2.618372820454948632e-05
6.111055527763881656e+01 2.612600318949456036e-05
6.115057528764381800e+01 2.606847065399883195e-05
6.119059529764881944e+01 2.601112973620656524e-05
6.123061530765382798e+01 2.595397957911581117e-05
6.127063531765882942e+01 2.589701933054546127e-05
6.131065532766383086e+01 2.584024814310248102e-05
6.135067533766883230e+01 2.578366517414947191e-05
6.139069534767383374e+01 2.572726958577249768e-05
6.143071535767883518e+01 2.567106054474907673e-05
6.147073536768384372e+01 2.561503722251652333e-05
6.151075537768884516e+01 2.555919879514054985e-05
6.155077538769384660e+01 2.550354444328394686e-05
6.159079539769884803e+01 2.544807335217578499e-05
6.163081540770384947e+01 2.539278471158059992e-05
6.167083541770885091e+01 2.533767771576798386e-05
6.171085542771385235e+01 2.528275156348236001e-05
6.175087543771886089e+01 2.522800545791298749e-05
6.179089544772386233e+01 2.517343860666425076e-05
6.183091545772886377e+01 2.511905022172604735e-05
6.187093546773386521e+01 2.506483951944462625e-05
6.191095547773886665e+01 2.501080572049346688e-05
6.195097548774386809e+01 2.495694804984446304e-05
6.199099549774886952e+01 2.490326573673931352e-05
6.203101550775387807e+01 2.484975801466114990e-05
6.207103551775887951e+01 2.479642412130640827e-05
6.211105552776388095e+01 2.474326329855686018e-05
6.215107553776888238e+01 2.469027479245187068e-05
6.219109554777388382e+01 2.463745785316093405e-05
6.223111555777888526e+01 2.458481173495637905e-05
6.227113556778388670e+01 2.453233569618626047e-05
6.231115557778889524e+01 2.448002899924747771e-05
6.235117558779389668e+01 2.442789091055922533e-05
6.239119559779889812e+01 2.437592070053633191e-05
6.243121560780389956e+01 2.432411764356318492e-05
6.247123561780890100e+01 2.427248101796762182e-05
6.251125562781390244e+01 2.422101010599502440e-05
6.255127563781891098e+01 2.416970419378274175e-05
6.259129564782391242e+01 2.411856257133460137e-05
6.263131565782891386e+01 2.406758453249567434e-05
6.267133566783391529e+01 2.401676937492713880e-05
6.271135567783891673e+01 2.396611640008149236e-05
6.275137568784391817e+01 2.391562491317781195e-05
6.279139569784891961e+01 2.386529422317727799e-05
6.283141570785392815e+01 2.381512364275882723e-05
6.287143571785892959e+01 2.376511248829511400e-05
6.291145572786393103e+01 2.371526007982848494e-05
6.295147573786893247e+01 2.366556574104722481e-05
6.299149574787393391e+01 2.361602879926203609e-05
6.303151575787893535e+01 2.356664858538258295e-05
6.307153576788393678e+01 2.351742443389429944e-05
6.311155577788894533e+01 2.346835568283529266e-05
6.315157578789394677e+01 2.341944167377357110e-05
6.319159579789894821e+01 2.337068175178421878e-05
6.323161580790394964e+01 2.332207526542695567e-05
6.327163581790895108e+01 2.327362156672373536e-05
6.331165582791395252e+01 2.322532001113656634e-05
6.335167583791896107e+01 2.317716995754548240e-05
6.339169584792396250e+01 2.312917076822669930e-05
6.343171585792896394e+01 2.308132180883086298e-05
6.347173586793396538e+01 2.303362244836159594e-05
6.351175587793896682e+01 2.298607205915406386e-05
6.355177588794396826e+01 2.293867001685379644e-05
6.359179589794896970e+01 2.289141570039561997e-05
6.363181590795397824e+01 2.284430849198272208e-05
6.367183591795897968e+01 2.279734777706599765e-05
6.371185592796398112e+01 2.275053294432337111e-05
6.375187593796898256e+01 2.270386338563941677e-05
6.379189594797398399e+01 2.265733849608505036e-05
6.383191595797898543e+01 2.261095767389740695e-05
6.387193596798398687e+01 2.256472032045983740e-05
6.391195597798899541e+01 2.251862584028210473e-05
6.395197598799399685e+01 2.247267364098069230e-05
6.399199599799899829e+01 2.242686313325919668e-05
6.403201600800400684e+01 2.238119373088901193e-05
6.407203601800900117e+01 2.233566485069003756e-05
6.411205602801400971e+01 2.229027591251151529e-05
6.415207603801900405e+01 2.224502633921317403e-05
6.419209604802401259e+01 2.219991555664623610e-05
6.423211605802900692e+01 2.215494299363486374e-05
6.427213606803401547e+01 2.211010808195748378e-05
6.431215607803902401e+01 2.206541025632846459e-05
6.435217608804401834e+01 2.202084895437976601e-05
6.439219609804902689e+01 2.197642361664275856e-05
6.443221610805402122e+01 2.193213368653026301e-05
6.447223611805902976e+01 2.188797861031858987e-05
6.451225612806402410e+01 2.184395783712987708e-05
6.455227613806903264e+01 2.180007081891430568e-05
6.459229614807404118e+01 2.175631701043274918e-05
6.463231615807903552e+01 2.171269586923930779e-05
6.467233616808404406e+01 2.166920685566402891e-05
6.471235617808903839e+01 2.162584943279589531e-05
6.475237618809404694e+01 2.158262306646567443e-05
6.479239619809904127e+01 2.153952722522917425e-05
6.483241620810404982e+01 2.149656138035033645e-05
6.487243621810905836e+01 2.145372500578476000e-05
6.491245622811405269e+01 2.141101757816307215e-05
6.495247623811906124e+01 2.136843857677453668e-05
6.499249624812405557e+01 2.132598748355082134e-05
6.503251625812906411e+01 2.128366378304977213e-05
6.507253626813405845e+01 2.124146696243944159e-05
6.511255627813906699e+01 2.119939651148201553e-05
6.515257628814407553e+01 2.115745192251817681e-05
6.519259629814906987e+01 2.111563269045126242e-05
6.523261630815407841e+01 2.107393831273168147e-05
6.527263631815907274e+01 2.103236828934150257e-05
6.531265632816408129e+01 2.099092212277899042e-05
6.535267633816907562e+01 2.094959931804342017e-05
6.539269634817408416e+01 2.090839938261984101e-05
6.543271635817909271e+01 2.086732182646410064e-05
6.547273636818408704e+01 2.082636616198787309e-05
6.551275637818909559e+01 2.078553190404379498e-05
6.555277638819408992e+01 2.074481856991077801e-05
6.559279639819909846e+01 2.070422567927935527e-05
6.563281640820410701e+01 2.066375275423717661e-05
6.567283641820910134e+01 2.062339931925457527e-05
6.571285642821410988e+01 2.058316490117021908e-05
6.575287643821910422e+01 2.054304902917695487e-05
6.579289644822411276e+01 2.050305123480763254e-05
6.583291645822910709e+01 2.046317105192114593e-05
6.587293646823411564e+01 2.042340801668841952e-05
6.591295647823912418e+01 2.038376166757866278e-05
6.595297648824411851e+01 2.034423154534563809e-05
6.599299649824912706e+01 2.030481719301397602e-05
6.603301650825412139e+01 2.026551815586570418e-05
6.607303651825912993e+01 2.022633398142674211e-05
6.611305652826412427e+01 2.018726421945362653e-05
6.615307653826913281e+01 2.014830842192016897e-05
6.619309654827414136e+01 2.010946614300439443e-05
6.623311655827913569e+01 2.007073693907539887e-05
6.627313656828414423e+01 2.003212036868035572e-05
6.631315657828913857e+01 1.999361599253172227e-05
6.635317658829414711e+01 1.995522337349430042e-05
6.639319659829914144e+01 1.991694207657267347e-05
6.643321660830414999e+01 1.987877166889845661e-05
6.647323661830915853e+01 1.984071171971783193e-05
6.651325662831415286e+01 1.980276180037909031e-05
6.655327663831916141e+01 1.976492148432023761e-05
6.659329664832415574e+01 1.972719034705674657e-05
6.663331665832916428e+01 1.968956796616932905e-05
6.667333666833415862e+01 1.965205392129187770e-05
6.671335667833916716e+01 1.961464779409936008e-05
6.675337668834417570e+01 1.957734916829596369e-05
6.679339669834917004e+01 1.954015762960318662e-05
6.683341670835417858e+01 1.950307276574801297e-05
6.687343671835917291e+01 1.946609416645131194e-05
6.691345672836418146e+01 1.942922142341612160e-05
6.695347673836917579e+01 1.939245413031616318e-05
6.699349674837418434e+01 1.935579188278434512e-05
6.703351675837919288e+01 1.931923427840141958e-05
6.707353676838418721e+01 1.928278091668463563e-05
6.711355677838919576e+01 1.924643139907651434e-05
6.715357678839419009e+01 1.921018532893370182e-05
6.719359679839919863e+01 1.917404231151589685e-05
6.723361680840420718e+01 1.913800195397481906e-05
6.727363681840920151e+01 1.910206386534334325e-05
6.731365682841421005e+01 1.906622765652455230e-05
6.735367683841920439e+01 1.903049294028104422e-05
6.739369684842421293e+01 1.899485933122415117e-05
6.743371685842920726e+01 1.895932644580335485e-05
6.747373686843421581e+01 1.892389390229567156e-05
6.751375687843922435e+01 1.888856132079522011e-05
6.755377688844421868e+01 1.885332832320276943e-05
6.759379689844922723e+01 1.881819453321533701e-05
6.763381690845422156e+01 1.878315957631599063e-05
6.767383691845923011e+01 1.874822307976355181e-05
6.771385692846422444e+01 1.871338467258252630e-05
6.775387693846923298e+01 1.867864398555295664e-05
6.779389694847424153e+01 1.864400065120047116e-05
6.783391695847923586e+01 1.860945430378628228e-05
6.787393696848424440e+01 1.857500457929734056e-05
6.791395697848923874e+01 1.854065111543653623e-05
6.795397698849424728e+01 1.850639355161290750e-05
6.799399699849924161e+01 1.847223152893198776e-05
6.803401700850425016e+01 1.843816469018619346e-05
6.807403701850925870e+01 1.840419267984525262e-05
6.811405702851425303e+01 1.837031514404675197e-05
6.815407703851926158e+01 1.833653173058660273e-05
6.819409704852425591e+01 1.830284208890986216e-05
6.823411705852926445e+01 1.826924587010119258e-05
6.827413706853425879e+01 1.823574272687586927e-05
6.831415707853926733e+01 1.820233231357037165e-05
6.835417708854427588e+01 1.816901428613342841e-05
6.839419709854927021e+01 1.813578830211690345e-05
6.843421710855427875e+01 1.810265402066672927e-05
6.847423711855927309e+01 1.806961110251409098e-05
6.851425712856428163e+01 1.803665920996643090e-05
6.855427713856927596e+01 1.800379800689868001e-05
6.859429714857428451e+01 1.797102715874448946e-05
6.863431715857929305e+01 1.793834633248750281e-05
6.867433716858428738e+01 1.790575519665272639e-05
6.871435717858929593e+01 1.787325342129790652e-05
6.875437718859429026e+01 1.784084067800501518e-05
6.879439719859929880e+01 1.780851663987172539e-05
6.883441720860429314e+01 1.777628098150307309e-05
6.887443721860930168e+01 1.774413337900293596e-05
6.891445722861431022e+01 1.771207350996587817e-05
6.895447723861930456e+01 1.768010105346878852e-05
6.899449724862431310e+01 1.764821569006264722e-05
6.903451725862930743e+01 1.761641710176446216e-05
6.907453726863431598e+01 1.758470497204904935e-05
6.911455727863932452e+01 1.755307898584108426e-05
6.915457728864431886e+01 1.752153882950708560e-05
6.919459729864932740e+01 1.749008419084733797e-05
6.923461730865432173e+01 1.745871475908819062e-05
6.927463731865933028e+01 1.742743022487406150e-05
6.931465732866432461e+01 1.739623028025970552e-05
6.935467733866933315e+01 1.736511461870244894e-05
6.939469734867434170e+01 1.733408293505451188e-05
6.943471735867933603e+01 1.730313492555534438e-05
6.947473736868434457e+01 1.727227028782400307e-05
6.951475737868933891e+01 1.724148872085168714e-05
6.955477738869434745e+01 1.721078992499413537e-05
6.959479739869934178e+01 1.718017360196425015e-05
6.963481740870435033e+01 1.714963945482463005e-05
6.967483741870935887e+01 1.711918718798026502e-05
6.971485742871435320e+01 1.708881650717122139e-05
6.975487743871936175e+01 1.705852711946531335e-05
6.979489744872435608e+01 1.702831873325099467e-05
6.983491745872936463e+01 1.699819105823004368e-05
6.987493746873435896e+01 1.696814380541061086e-05
6.991495747873936750e+01 1.693817668709996483e-05
6.995497748874437605e+01 1.690828941689758737e-05
6.999499749874937038e+01 1.687848170968810234e-05
7.003501750875437892e+01 1.684875328163435714e-05
7.007503751875937326e+01 1.681910385017054143e-05
7.011505752876438180e+01 1.678953313399527870e-05
7.015507753876937613e+01 1.676004085306485340e-05
7.019509754877438468e+01 1.673062672858639745e-05
7.023511755877939322e+01 1.670129048301121553e-05
7.027513756878438755e+01 1.667203184002802587e-05
7.031515757878939610e+01 1.664285052455638040e-05
7.035517758879439043e+01 1.661374626274001728e-05
7.039519759879939897e+01 1.658471878194030827e-05
7.043521760880439331e+01 1.655576781072975686e-05
7.047523761880940185e+01 1.652689307888547955e-05
7.051525762881441040e+01 1.649809431738280224e-05
7.055527763881940473e+01 1.646937125838886007e-05
7.059529764882441327e+01 1.644072363525618709e-05
7.063531765882940761e+01 1.641215118251645834e-05
7.067533766883441615e+01 1.638365363587417442e-05
7.071535767883942469e+01 1.635523073220041034e-05
7.075537768884441903e+01 1.632688220952668303e-05
7.079539769884942757e+01 1.629860780703867314e-05
7.083541770885442190e+01 1.627040726507020431e-05
7.087543771885943045e+01 1.624228032509709031e-05
7.091545772886442478e+01 1.621422672973110758e-05
7.095547773886943332e+01 1.618624622271400503e-05
7.099549774887444187e+01 1.615833854891147650e-05
7.103551775887943620e+01 1.613050345430728239e-05
7.107553776888444474e+01 1.610274068599728653e-05
7.111555777888943908e+01 1.607504999218364555e-05
7.115557778889444762e+01 1.604743112216893723e-05
7.119559779889944195e+01 1.601988382635043120e-05
7.123561780890445050e+01 1.599240785621422405e-05
7.127563781890945904e+01 1.596500296432964213e-05
7.131565782891445338e+01 1.593766890434346483e-05
7.135567783891946192e+01 1.591040543097429347e-05
7.139569784892445625e+01 1.588321230000698121e-05
7.143571785892946480e+01 1.585608926828697491e-05
7.147573786893445913e+01 1.582903609371484323e-05
7.151575787893946767e+01 1.580205253524068627e-05
7.155577788894447622e+01 1.577513835285872809e-05
7.159579789894947055e+01 1.574829330760181778e-05
7.163581790895447909e+01 1.572151716153602198e-05
7.167583791895947343e+01 1.569480967775530554e-05
7.171585792896448197e+01 1.566817062037605628e-05
7.175587793896947630e+01 1.564159975453192488e-05
7.179589794897448485e+01 1.561509684636840046e-05
7.183591795897949339e+01 1.558866166303767421e-05
7.187593796898448772e+01 1.556229397269335047e-05
7.191595797898949627e+01 1.553599354448526631e-05
7.195597798899449060e+01 1.550976014855436866e-05
7.199599799899949915e+01 1.548359355602755419e-05
7.203601800900449348e+01 1.545749353901259727e-05
7.207603801900950202e+01 1.543145987059307118e-05
7.211605802901451057e+01 1.540549232482334380e-05
7.215607803901950490e+01 1.537959067672355645e-05
7.219609804902451344e+01 1.535375470227462298e-05
7.223611805902950778e+01 1.532798417841337116e-05
7.227613806903451632e+01 1.530227888302751138e-05
7.231615807903951065e+01 1.527663859495087962e-05
7.235617808904451920e+01 1.525106309395849087e-05
7.239619809904952774e+01 1.522555216076176009e-05
7.243621810905452207e+01 1.520010557700371314e-05
7.247623811905953062e+01 1.517472312525416715e-05
7.251625812906452495e+01 1.514940458900505994e-05
7.255627813906953349e+01 1.512414975266570333e-05
7.259629814907454204e+01 1.509895840155810065e-05
7.263631815907953637e+01 1.507383032191232540e-05
7.267633816908454492e+01 1.504876530086183203e-05
7.271635817908953925e+01 1.502376312643894297e-05
7.275637818909454779e+01 1.499882358757019165e-05
7.279639819909954213e+01 1.497394647407186538e-05
7.283641820910455067e+01 1.494913157664539244e-05
7.287643821910955921e+01 1.492437868687294598e-05
7.291645822911455355e+01 1.489968759721293439e-05
7.295647823911956209e+01 1.487505810099554593e-05
7.299649824912455642e+01 1.485048999241839157e-05
7.303651825912956497e+01 1.482598306654206487e-05
7.307653826913455930e+01 1.480153711928584921e-05
7.311655827913956784e+01 1.477715194742329965e-05
7.315657828914457639e+01 1.475282734857801625e-05
7.319659829914957072e+01 1.472856312121934453e-05
7.323661830915457926e+01 1.470435906465805898e-05
7.327663831915957360e+01 1.468021497904222278e-05
7.331665832916458214e+01 1.465613066535290348e-05
7.335667833916957647e+01 1.463210592540005986e-05
7.339669834917458502e+01 1.460814056181831516e-05
7.343671835917959356e+01 1.458423437806288292e-05
7.347673836918458790e+01 1.456038717840544866e-05
7.351675837918959644e+01 1.453659876793003471e-05
7.355677838919459077e+01 1.451286895252902080e-05
7.359679839919959932e+01 1.448919753889902074e-05
7.363681840920459365e+01 1.446558433453696740e-05
7.367683841920960219e+01 1.444202914773601141e-05
7.371685842921461074e+01 1.441853178758166208e-05
7.375687843921960507e+01 1.439509206394778767e-05
7.379689844922461361e+01 1.437170978749266317e-05
7.383691845922960795e+01 1.434838476965517727e-05
7.387693846923461649e+01 1.432511682265083778e-05
7.391695847923961082e+01 1.430190575946801583e-05
7.395697848924461937e+01 1.427875139386404280e-05
7.399699849924962791e+01 1.425565354036145455e-05
7.403701850925462224e+01 1.423261201424420179e-05
7.407703851925963079e+01 1.420962663155383505e-05
7.411705852926462512e+01 1.418669720908583195e-05
7.415707853926963367e+01 1.416382356438582452e-05
7.419709854927464221e+01 1.414100551574593321e-05
7.423711855927963654e+01 1.411824288220107726e-05
7.427713856928464509e+01 1.409553548352530362e-05
7.431715857928963942e+01 1.407288314022819386e-05
7.435717858929464796e+01 1.405028567355118635e-05
7.439719859929964230e+01 1.402774290546405935e-05
7.443721860930465084e+01 1.400525465866128204e-05
7.447723861930965938e+01 1.398282075655852473e-05
7.451725862931465372e+01 1.396044102328909450e-05
7.455727863931966226e+01 1.393811528370040992e-05
7.459729864932465659e+01 1.391584336335056882e-05
7.463731865932966514e+01 1.389362508850479585e-05
7.467733866933465947e+01 1.387146028613206283e-05
7.471735867933966802e+01 1.384934878390160404e-05
7.475737868934467656e+01 1.382729041017953826e-05
7.479739869934967089e+01 1.380528499402547047e-05
7.483741870935467944e+01 1.378333236518909694e-05
7.487743871935967377e+01 1.376143235410687811e-05
7.491745872936468231e+01 1.373958479189866566e-05
7.495747873936967665e+01 1.371778951036444655e-05
7.499749874937468519e+01 1.369604634198097861e-05
7.503751875937969373e+01 1.367435511989856498e-05
7.507753876938468807e+01 1.365271567793776433e-05
7.511755877938969661e+01 1.363112785058614155e-05
7.515757878939469094e+01 1.360959147299508635e-05
7.519759879939969949e+01 1.358810638097655893e-05
7.523761880940469382e+01 1.356667241099994074e-05
7.527763881940970236e+01 1.354528940018882759e-05
7.531765882941471091e+01 1.352395718631792613e-05
7.535767883941970524e+01 1.350267560780988424e-05
7.539769884942471379e+01 1.348144450373217568e-05
7.543771885942970812e+01 1.346026371379403884e-05
7.547773886943471666e+01 1.343913307834331741e-05
7.551775887943971100e+01 1.341805243836351262e-05
7.555777888944471954e+01 1.339702163547062213e-05
7.559779889944972808e+01 1.337604051191018054e-05
7.563781890945472242e+01 1.335510891055424052e-05
7.567783891945973096e+01 1.333422667489833026e-05
7.571785892946472529e+01 1.331339364905854313e-05
7.575787893946973384e+01 1.329260967776851877e-05
7.579789894947472817e+01 1.327187460637653276e-05
7.583791895947973671e+01 1.325118828084254210e-05
7.587793896948474526e+01 1.323055054773529858e-05
7.591795897948973959e+01 1.320996125422943327e-05
7.595797898949474813e+01 1.318942024810258168e-05
7.599799899949974247e+01 1.316892737773251910e-05
7.603801900950475101e+01 1.314848249209431458e-05
7.607803901950975956e+01 1.312808544075749336e-05
7.611805902951475389e+01 1.310773607388322812e-05
7.615807903951976243e+01 1.308743424222152004e-05
7.619809904952475677e+01 1.306717979710844764e-05
7.623811905952976531e+01 1.304697259046334785e-05
7.627813906953475964e+01 1.302681247478611061e-05
7.631815907953976819e+01 1.300669930315439889e-05
7.635817908954477673e+01 1.298663292922094665e-05
7.639819909954977106e+01 1.296661320721085681e-05
7.643821910955477961e+01 1.294663999191886025e-05
7.647823911955977394e+01 1.292671313870671713e-05
7.651825912956478248e+01 1.290683250350044706e-05
7.655827913956977682e+01 1.288699794278778974e-05
7.659829914957478536e+01 1.286720931361546730e-05
7.663831915957979390e+01 1.284746647358664322e-05
7.667833916958478824e+01 1.282776928085826776e-05
7.671835917958979678e+01 1.280811759413850292e-05
7.675837918959479111e+01 1.278851127268414921e-05
7.679839919959979966e+01 1.276895017629804183e-05
7.683841920960479399e+01 1.274943416532657907e-05
7.687843921960980254e+01 1.272996310065707783e-05
7.691845922961481108e+01 1.271053684371537314e-05
7.695847923961980541e+01 1.269115525646321271e-05
7.699849924962481396e+01 1.267181820139579035e-05
7.703851925962980829e+01 1.265252554153929465e-05
7.707853926963481683e+01 1.263327714044838822e-05
7.711855927963981117e+01 1.261407286220381231e-05
7.715857928964481971e+01 1.259491257140987953e-05
7.719859929964982825e+01 1.257579613319210897e-05
7.723861930965482259e+01 1.255672341319478677e-05
7.727863931965983113e+01 1.253769427757851814e-05
7.731865932966482546e+01 1.251870859301793024e-05
7.735867933966983401e+01 1.249976622669921070e-05
7.739869934967482834e+01 1.248086704631781386e-05
7.743871935967983688e+01 1.246201092007604332e-05
7.747873936968484543e+01 1.244319771668076664e-05
7.751875937968983976e+01 1.242442730534108265e-05
7.755877938969484831e+01 1.240569955576597512e-05
7.759879939969984264e+01 1.238701433816205463e-05
7.763881940970485118e+01 1.236837152323122746e-05
7.767883941970985973e+01 1.234977098216847982e-05
7.771885942971485406e+01 1.233121258665956710e-05
7.775887943971986260e+01 1.231269620887875908e-05
7.779889944972485694e+01 1.229422172148664614e-05
7.783891945972986548e+01 1.227578899762786069e-05
7.787893946973485981e+01 1.225739791092890375e-05
7.791895947973986836e+01 1.223904833549590025e-05
7.795897948974487690e+01 1.222074014591246453e-05
7.799899949974987123e+01 1.220247321723747436e-05
7.803901950975487978e+01 1.218424742500290081e-05
7.807903951975987411e+01 1.216606264521169237e-05
7.811905952976488265e+01 1.214791875433558793e-05
7.815907953976987699e+01 1.212981562931301779e-05
7.819909954977488553e+01 1.211175314754693701e-05
7.823911955977989408e+01 1.209373118690276367e-05
7.827913956978488841e+01 1.207574962570627489e-05
7.831915957978989695e+01 1.205780834274146550e-05
7.835917958979489129e+01 1.203990721724852195e-05
7.839919959979989983e+01 1.202204612892174706e-05
7.843921960980489416e+01 1.200422495790748652e-05
7.847923961980990271e+01 1.198644358480211124e-05
7.851925962981491125e+01 1.196870189064995394e-05
7.855927963981990558e+01 1.195099975694131531e-05
7.859929964982491413e+01 1.193333706561041751e-05
7.863931965982990846e+01 1.191571369903344927e-05
7.867933966983491700e+01 1.189812954002652448e-05
7.871935967983991134e+01 1.188058447184374425e-05
7.875937968984491988e+01 1.186307837817518430e-05
7.879939969984992842e+01 1.184561114314498749e-05
7.883941970985492276e+01 1.182818265130937323e-05
7.887943971985993130e+01 1.181079278765469786e-05
7.891945972986492563e+01 1.179344143759555892e-05
7.895947973986993418e+01 1.177612848697284190e-05
7.899949974987492851e+01 1.175885382205183817e-05
7.903951975987993706e+01 1.174161732952030695e-05
7.907953976988494560e+01 1.172441889648665248e-05
7.911955977988993993e+01 1.170725841047798093e-05
7.915957978989494848e+01 1.169013575943824543e-05
7.919959979989994281e+01 1.167305083172642492e-05
7.923961980990495135e+01 1.165600351611461830e-05
7.927963981990994569e+01 1.163899370178626235e-05
7.931965982991495423e+01 1.162202127833423260e-05
7.935967983991996277e+01 1.160508613575909342e-05
7.939969984992495711e+01 1.158818816446724975e-05
7.943971985992996565e+01 1.157132725526913111e-05
7.947973986993495998e+01 1.155450329937743140e-05
7.951975987993996853e+01 1.153771618840530478e-05
7.955977988994497707e+01 1.152096581436459705e-05
7.959979989994997140e+01 1.150425206966409564e-05
7.963981990995497995e+01 1.148757484710773735e-05
7.967983991995997428e+01 1.147093403989290070e-05
7.971985992996498283e+01 1.145432954160863052e-05
7.975987993996997716e+01 1.143776124623396598e-05
7.979989994997498570e+01 1.142122904813614312e-05
7.983991995997999425e+01 1.140473284206894315e-05
7.987993996998498858e+01 1.138827252317099334e-05
7.991995997998999712e+01 1.137184798696401023e-05
7.995997998999499146e+01 1.135545912935119365e-05
8.000000000000000000e+01 1.133910584661548868e-05
