0.000000000000000000e+00 7.812252312472288331e-05
4.002001000500250011e-02 7.851785017738168154e-05
8.004002001000500022e-02 7.891635183120232987e-05
1.200600300150075073e-01 7.931806343286224980e-05
1.600800400200100004e-01 7.972302083418925480e-05
2.001000500250124936e-01 8.013126040098439461e-05
2.401200600300150145e-01 8.054281902202603744e-05
2.801400700350175077e-01 8.095773411826080084e-05
3.201600800400200009e-01 8.137604365218581719e-05
3.601800900450224940e-01 8.179778613742566767e-05
4.002001000500249872e-01 8.222300064851019181e-05
4.402201100550274804e-01 8.265172683085712985e-05
4.802401200600300291e-01 8.308400491096455838e-05
5.202601300650324667e-01 8.351987570681898717e-05
5.602801400700350154e-01 8.395938063852325100e-05
6.003001500750374531e-01 8.440256173915033563e-05
6.403201600800400017e-01 8.484946166582861321e-05
6.803401700850425504e-01 8.530012371106386734e-05
7.203601800900449881e-01 8.575459181430404403e-05
7.603801900950475368e-01 8.621291057375316577e-05
8.004002001000499744e-01 8.667512525843996539e-05
8.404202101050525231e-01 8.714128182054790752e-05
8.804402201100549608e-01 8.761142690801329254e-05
9.204602301150575094e-01 8.808560787739747402e-05
9.604802401200600581e-01 8.856387280704123969e-05
1.000500250125062607e+00 8.904627051050760381e-05
1.040520260130064933e+00 8.953285055031997685e-05
1.080540270135067482e+00 9.002366325200491463e-05
1.120560280140070031e+00 9.051875971844471893e-05
1.160580290145072579e+00 9.101819184455077223e-05
1.200600300150074906e+00 9.152201233226249890e-05
1.240620310155077455e+00 9.203027470588360831e-05
1.280640320160080003e+00 9.254303332776171818e-05
1.320660330165082552e+00 9.306034341432233589e-05
1.360680340170085101e+00 9.358226105246446195e-05
1.400700350175087427e+00 9.410884321632924019e-05
1.440720360180089976e+00 9.464014778444937990e-05
1.480740370185092525e+00 9.517623355729139787e-05
1.520760380190095074e+00 9.571716027519958450e-05
1.560780390195097400e+00 9.626298863675256297e-05
1.600800400200099949e+00 9.681378031754424589e-05
1.640820410205102498e+00 9.736959798939961118e-05
1.680840420210105046e+00 9.793050534003706084e-05
1.720860430215107595e+00 9.849656709318951918e-05
1.760880440220109922e+00 9.906784902919705063e-05
1.800900450225112470e+00 9.964441800608319429e-05
1.840920460230115019e+00 1.002263419811273617e-04
1.880940470235117568e+00 1.008136900329491541e-04
1.920960480240120116e+00 1.014065323841162141e-04
1.960980490245122443e+00 1.020049404242907490e-04
2.001000500250125214e+00 1.026089867339305026e-04
2.041020510255127540e+00 1.032187451085580783e-04
2.081040520260129867e+00 1.038342905836147560e-04
2.121060530265132638e+00 1.044556994599162312e-04
2.161080540270134964e+00 1.050830493297249261e-04
2.201100550275137291e+00 1.057164191034585372e-04
2.241120560280140062e+00 1.063558890370502300e-04
2.281140570285142388e+00 1.070015407599818515e-04
2.321160580290145159e+00 1.076534573040057466e-04
2.361180590295147486e+00 1.083117231325780150e-04
2.401200600300149812e+00 1.089764241710214761e-04
2.441220610305152583e+00 1.096476478374398643e-04
2.481240620310154910e+00 1.103254830744049254e-04
2.521260630315157680e+00 1.110100203814388964e-04
2.561280640320160007e+00 1.117013518483147996e-04
2.601300650325162334e+00 1.123995711891992433e-04
2.641320660330165104e+00 1.131047737776612143e-04
2.681340670335167431e+00 1.138170566825735499e-04
2.721360680340170202e+00 1.145365187049322668e-04
2.761380690345172528e+00 1.152632604156214103e-04
2.801400700350174855e+00 1.159973841941510828e-04
2.841420710355177626e+00 1.167389942683985763e-04
2.881440720360179952e+00 1.174881967553810281e-04
2.921460730365182723e+00 1.182450997030923165e-04
2.961480740370185050e+00 1.190098131334345528e-04
3.001500750375187376e+00 1.197824490862786076e-04
3.041520760380190147e+00 1.205631216646874571e-04
3.081540770385192474e+00 1.213519470813375462e-04
3.121560780390194800e+00 1.221490437061754236e-04
3.161580790395197571e+00 1.229545321153466741e-04
3.201600800400199898e+00 1.237685351414381731e-04
3.241620810405202668e+00 1.245911779250716083e-04
3.281640820410204995e+00 1.254225879678936987e-04
3.321660830415207322e+00 1.262628951870033329e-04
3.361680840420210092e+00 1.271122319708636048e-04
3.401700850425212419e+00 1.279707332367430335e-04
3.441720860430215190e+00 1.288385364897371181e-04
3.481740870435217516e+00 1.297157818834166821e-04
3.521760880440219843e+00 1.306026122821595783e-04
3.561780890445222614e+00 1.314991733252147044e-04
3.601800900450224940e+00 1.324056134925584210e-04
3.641820910455227711e+00 1.333220841725977742e-04
3.681840920460230038e+00 1.342487397317832941e-04
3.721860930465232364e+00 1.351857375861912757e-04
3.761880940470235135e+00 1.361332382751416210e-04
3.801900950475237462e+00 1.370914055369168113e-04
3.841920960480240232e+00 1.380604063866527258e-04
3.881940970485242559e+00 1.390404111964716719e-04
3.921960980490244886e+00 1.400315937779342257e-04
3.961980990495247656e+00 1.410341314668853434e-04
4.002001000500250427e+00 1.420482052107768171e-04
4.042021010505252754e+00 1.430739996585485025e-04
4.082041020510255080e+00 1.441117032531554875e-04
4.122061030515257407e+00 1.451615083268317059e-04
4.162081040520259734e+00 1.462236111991822613e-04
4.202101050525262949e+00 1.472982122782033414e-04
4.242121060530265275e+00 1.483855161643281946e-04
4.282141070535267602e+00 1.494857317576079138e-04
4.322161080540269928e+00 1.505990723681315468e-04
4.362181090545272255e+00 1.517257558298026779e-04
4.402201100550274582e+00 1.528660046175881956e-04
4.442221110555277797e+00 1.540200459683626266e-04
4.482241120560280123e+00 1.551881120054751585e-04
4.522261130565282450e+00 1.563704398671730898e-04
4.562281140570284776e+00 1.575672718390178258e-04
4.602301150575287103e+00 1.587788554904388956e-04
4.642321160580290318e+00 1.600054438155742813e-04
4.682341170585292645e+00 1.612472953785537794e-04
4.722361180590294971e+00 1.625046744633862382e-04
4.762381190595297298e+00 1.637778512286208624e-04
4.802401200600299624e+00 1.650671018669571950e-04
4.842421210605302839e+00 1.663727087699883370e-04
4.882441220610305166e+00 1.676949606982666772e-04
4.922461230615307493e+00 1.690341529568931719e-04
4.962481240620309819e+00 1.703905875768354399e-04
5.002501250625312146e+00 1.717645735021943332e-04
5.042521260630315361e+00 1.731564267836399975e-04
5.082541270635317687e+00 1.745664707782575457e-04
5.122561280640320014e+00 1.759950363560452340e-04
5.162581290645322341e+00 1.774424621133217700e-04
5.202601300650324667e+00 1.789090945933117442e-04
5.242621310655327882e+00 1.803952885141870657e-04
5.282641320660330209e+00 1.819014070048572177e-04
5.322661330665332535e+00 1.834278218488124244e-04
5.362681340670334862e+00 1.849749137363385131e-04
5.402701350675337189e+00 1.865430725254371865e-04
5.442721360680340403e+00 1.881326975117971346e-04
5.482741370685342730e+00 1.897441977081825262e-04
5.522761380690345057e+00 1.913779921336177274e-04
5.562781390695347383e+00 1.930345101127654459e-04
5.602801400700349710e+00 1.947141915859163408e-04
5.642821410705352925e+00 1.964174874300243757e-04
5.682841420710355251e+00 1.981448597912436596e-04
5.722861430715357578e+00 1.998967824294462371e-04
5.762881440720359905e+00 2.016737410752176087e-04
5.802901450725362231e+00 2.034762337998568225e-04
5.842921460730365446e+00 2.053047713989280632e-04
5.882941470735367773e+00 2.071598777899395034e-04
5.922961480740370099e+00 2.090420904247523978e-04
5.962981490745372426e+00 2.109519607173544048e-04
6.003001500750374753e+00 2.128900544876561436e-04
6.043021510755377079e+00 2.148569524220128157e-04
6.083041520760380294e+00 2.168532505511963323e-04
6.123061530765382621e+00 2.188795607465878921e-04
6.163081540770384947e+00 2.209365112353953262e-04
6.203101550775387274e+00 2.230247471357398839e-04
6.243121560780389601e+00 2.251449310125039729e-04
6.283141570785392815e+00 2.272977434548707483e-04
6.323161580790395142e+00 2.294838836765404958e-04
6.363181590795397469e+00 2.317040701396541245e-04
6.403201600800399795e+00 2.339590412035122012e-04
6.443221610805402122e+00 2.362495557992319768e-04
6.483241620810405337e+00 2.385763941315446218e-04
6.523261630815407663e+00 2.409403584090029230e-04
6.563281640820409990e+00 2.433422736039299468e-04
6.603301650825412317e+00 2.457829882435201107e-04
6.643321660830414643e+00 2.482633752335679906e-04
6.683341670835417858e+00 2.507843327163957110e-04
6.723361680840420185e+00 2.533467849646201019e-04
6.763381690845422511e+00 2.559516833125020431e-04
6.803401700850424838e+00 2.586000071267131168e-04
6.843421710855427165e+00 2.612927648184560627e-04
6.883441720860430380e+00 2.640309948989864961e-04
6.923461730865432706e+00 2.668157670806975174e-04
6.963481740870435033e+00 2.696481834260526576e-04
7.003501750875437359e+00 2.725293795467843339e-04
7.043521760880439686e+00 2.754605258559123036e-04
7.083541770885442901e+00 2.784428288752868763e-04
7.123561780890445227e+00 2.814775326015205872e-04
7.163581790895447554e+00 2.845659199333388394e-04
7.203601800900449881e+00 2.877093141635608678e-04
7.243621810905452207e+00 2.909090805391148764e-04
7.283641820910455422e+00 2.941666278926974732e-04
7.323661830915457749e+00 2.974834103499013815e-04
7.363681840920460075e+00 3.008609291158783261e-04
7.403701850925462402e+00 3.043007343458425137e-04
7.443721860930464729e+00 3.078044271040016977e-04
7.483741870935467944e+00 3.113736614157731593e-04
7.523761880940470270e+00 3.150101464184649255e-04
7.563781890945472597e+00 3.187156486159174458e-04
7.603801900950474923e+00 3.224919942429618313e-04
7.643821910955477250e+00 3.263410717459216070e-04
7.683841920960480465e+00 3.302648343857973604e-04
7.723861930965482792e+00 3.342653029712007928e-04
7.763881940970485118e+00 3.383445687285760862e-04
7.803901950975487445e+00 3.425047963177495734e-04
7.843921960980489771e+00 3.467482270013813096e-04
7.883941970985492098e+00 3.510771819774834157e-04
7.923961980990495313e+00 3.554940658847859439e-04
7.963981990995497640e+00 3.600013704914067979e-04
8.004002001000500854e+00 3.646016785780160853e-04
8.044022011005502293e+00 3.692976680274524044e-04
8.084042021010505508e+00 3.740921161336106175e-04
8.124062031015506946e+00 3.789879041433200091e-04
8.164082041020510161e+00 3.839880220459291390e-04
8.204102051025513376e+00 3.890955736263692244e-04
8.244122061030514814e+00 3.943137817986305305e-04
8.284142071035518029e+00 3.996459942378369299e-04
8.324162081040519467e+00 4.050956893304467378e-04
8.364182091045522682e+00 4.106664824635952401e-04
8.404202101050525897e+00 4.163621326761695121e-04
8.444222111055527336e+00 4.221865496959560302e-04
8.484242121060530550e+00 4.281438013890679229e-04
8.524262131065531989e+00 4.342381216499157661e-04
8.564282141070535204e+00 4.404739187622146190e-04
8.604302151075536642e+00 4.468557842639389100e-04
8.644322161080539857e+00 4.533885023518010975e-04
8.684342171085543072e+00 4.600770598636996431e-04
8.724362181090544510e+00 4.669266568807601213e-04
8.764382191095547725e+00 4.739427179940266838e-04
8.804402201100549163e+00 4.811309042846415485e-04
8.844422211105552378e+00 4.884971260704972038e-04
8.884442221110555593e+00 4.960475564768604710e-04
8.924462231115557032e+00 5.037886458934590734e-04
8.964482241120560246e+00 5.117271373859743570e-04
9.004502251125561685e+00 5.198700831358984151e-04
9.044522261130564900e+00 5.282248619893194306e-04
9.084542271135568114e+00 5.367991982024890567e-04
9.124562281140569553e+00 5.456011814800537998e-04
9.164582291145572768e+00 5.546392884107061248e-04
9.204602301150574206e+00 5.639224054148102424e-04
9.244622311155577421e+00 5.734598533294122443e-04
9.284642321160580636e+00 5.832614137680549324e-04
9.324662331165582074e+00 5.933373574061514286e-04
9.364682341170585289e+00 6.036984743574813064e-04
9.404702351175586728e+00 6.143561068238115536e-04
9.444722361180589942e+00 6.253221842180074807e-04
9.484742371185593157e+00 6.366092609813697647e-04
9.524762381190594596e+00 6.482305573388089668e-04
9.564782391195597810e+00 6.602000032608873296e-04
9.604802401200599249e+00 6.725322859303248723e-04
9.644822411205602464e+00 6.852429010425616042e-04
9.684842421210605679e+00 6.983482083058282098e-04
9.724862431215607117e+00 7.118654915465867476e-04
9.764882441220610332e+00 7.258130238716433346e-04
9.804902451225611770e+00 7.402101383894950024e-04
9.844922461230614985e+00 7.550773050514231893e-04
9.884942471235618200e+00 7.704362142383556740e-04
9.924962481240619638e+00 7.863098677938491592e-04
9.964982491245622853e+00 8.027226782879110433e-04
1.000500250125062429e+01 8.197005773923493480e-04
1.004502251125562751e+01 8.372711343577937714e-04
1.008504252126063072e+01 8.554636857074278964e-04
1.012506253126563216e+01 8.743094774054869763e-04
1.016508254127063537e+01 8.938418209224913711e-04
1.020510255127563681e+01 9.140962648075329818e-04
1.024512256128064003e+01 9.351107835948804532e-04
1.028514257128564324e+01 9.569259861224366009e-04
1.032516258129064468e+01 9.795853456291854760e-04
1.036518259129564790e+01 1.003135454334470487e-03
1.040520260130064933e+01 1.027626305592188507e-03
1.044522261130565255e+01 1.053111607167713480e-03
1.048524262131065576e+01 1.079649129716561944e-03
1.052526263131565720e+01 1.107301095166179613e-03
1.056528264132066042e+01 1.136134610433184918e-03
1.060530265132566186e+01 1.166222152769620483e-03
1.064532266133066507e+01 1.197642114049299366e-03
1.068534267133566829e+01 1.230479412511253489e-03
1.072536268134066972e+01 1.264826181911216920e-03
1.076538269134567294e+01 1.300782549742399716e-03
1.080540270135067438e+01 1.338457518234085781e-03
1.084542271135567759e+01 1.377969964295717433e-03
1.088544272136068081e+01 1.419449777538725824e-03
1.092546273136568225e+01 1.463039159096175216e-03
1.096548274137068546e+01 1.508894108319201038e-03
1.100550275137568690e+01 1.557186129746878289e-03
1.104552276138069011e+01 1.608104199261207751e-03
1.108554277138569333e+01 1.661857036356063433e-03
1.112556278139069477e+01 1.718675739360750378e-03
1.116558279139569798e+01 1.778816852771327199e-03
1.120560280140069942e+01 1.842565951214888325e-03
1.124562281140570263e+01 1.910241843864174090e-03
1.128564282141070585e+01 1.982201527463892284e-03
1.132566283141570729e+01 2.058846047025054450e-03
1.136568284142071050e+01 2.140627462685536133e-03
1.140570285142571194e+01 2.228057171903650904e-03
1.144572286143071516e+01 2.321715901667924156e-03
1.148574287143571837e+01 2.422265770701617377e-03
1.152576288144071981e+01 2.530464933484900120e-03
1.156578289144572302e+01 2.647185465679633126e-03
1.160580290145072446e+01 2.773435347302353852e-03
1.164582291145572768e+01 2.910385664178206933e-03
1.168584292146073089e+01 3.059404506028814714e-03
1.172586293146573233e+01 3.222099528642747169e-03
1.176588294147073555e+01 3.400371822570667519e-03
1.180590295147573698e+01 3.596484671802510375e-03
1.184592296148074020e+01 3.813152111766511618e-03
1.188594297148574341e+01 4.053654085066723048e-03
1.192596298149074485e+01 4.321987716424687161e-03
1.196598299149574807e+01 4.623068201465751342e-03
1.200600300150074951e+01 4.962998674688413360e-03
1.204602301150575272e+01 5.349437209352029925e-03
1.208604302151075416e+01 5.792102428559340287e-03
1.212606303151575737e+01 6.303479680194936687e-03
1.216608304152076059e+01 6.899821567584718367e-03
1.220610305152576203e+01 7.602586665251548012e-03
1.224612306153076524e+01 8.440539441334399956e-03
1.228614307153576668e+01 9.452859765751957591e-03
1.232616308154076989e+01 1.069380612659346502e-02
1.236618309154577311e+01 1.223976910391634358e-02
1.240620310155077455e+01 1.419993673585541287e-02
1.244622311155577776e+01 1.673210314510928734e-02
1.248624312156077920e+01 2.006457090040889707e-02
1.252626313156578242e+01 2.452055698685022891e-02
1.256628314157078563e+01 3.052297672357523819e-02
1.260630315157578707e+01 3.849828565651143564e-02
1.264632316158079028e+01 4.846322486915396327e-02
1.268634317158579172e+01 5.902042653177706072e-02
1.272636318159079494e+01 6.646014785899947985e-02
1.276638319159579815e+01 6.689498276623294382e-02
1.280640320160079959e+01 6.091409788142931880e-02
1.284642321160580281e+01 5.290125016368829591e-02
1.288644322161080424e+01 4.635507820946487001e-02
1.292646323161580746e+01 4.256044569346087436e-02
1.296648324162081067e+01 4.166976000084506720e-02
1.300650325162581211e+01 4.350502363668722061e-02
1.304652326163081533e+01 4.754874758270880714e-02
1.308654327163581677e+01 5.228823221797360143e-02
1.312656328164081998e+01 5.485276661306515839e-02
1.316658329164582319e+01 5.296622329438350346e-02
1.320660330165082463e+01 4.762371492091421743e-02
1.324662331165582785e+01 4.164987370743943040e-02
1.328664332166082929e+01 3.686242051591255564e-02
1.332666333166583250e+01 3.372605159738623765e-02
1.336668334167083572e+01 3.211529905007273061e-02
1.340670335167583715e+01 3.180725291492384615e-02
1.344672336168084037e+01 3.264933381129524192e-02
1.348674337168584181e+01 3.459464260865205421e-02
1.352676338169084502e+01 3.770588957547374442e-02
1.356678339169584824e+01 4.216308819090180265e-02
1.360680340170084968e+01 4.828696504203557754e-02
1.364682341170585289e+01 5.658503232236171410e-02
1.368684342171085433e+01 6.782760356580182226e-02
1.372686343171585754e+01 8.315872566513601849e-02
1.376688344172086076e+01 1.042260745625223084e-01
1.380690345172586220e+01 1.332249713285582060e-01
1.384692346173086541e+01 1.724604127757276562e-01
1.388694347173586685e+01 2.223331193911586012e-01
1.392696348174087007e+01 2.761566604918110901e-01
1.396698349174587328e+01 3.145840558615986549e-01
1.400700350175087472e+01 3.148726502316898102e-01
1.404702351175587793e+01 2.767286902336483223e-01
1.408704352176087937e+01 2.227012021853739532e-01
1.412706353176588259e+01 1.723633356603196665e-01
1.416708354177088580e+01 1.326004216164739513e-01
1.420710355177588724e+01 1.030788740266704584e-01
1.424712356178089045e+01 8.149281757820561745e-02
1.428714357178589189e+01 6.562435744654723790e-02
1.432716358179089511e+01 5.379737893186224695e-02
1.436718359179589832e+01 4.483582683251070150e-02
1.440720360180089976e+01 3.793136626522525257e-02
1.444722361180590298e+01 3.252787631642550109e-02
1.448724362181090441e+01 2.823885386717094395e-02
1.452726363181590763e+01 2.479195475183027311e-02
1.456728364182091084e+01 2.199244558885913789e-02
1.460730365182591228e+01 1.969913054530967461e-02
1.464732366183091550e+01 1.780837913641235282e-02
1.468734367183591694e+01 1.624342349005412911e-02
1.472736368184092015e+01 1.494712161996613643e-02
1.476738369184592337e+01 1.387704269311165577e-02
1.480740370185092480e+01 1.300215062515412169e-02
1.484742371185592802e+01 1.230063446990959514e-02
1.488744372186092946e+01 1.175861769423267207e-02
1.492746373186593267e+01 1.136961307863918261e-02
1.496748374187093589e+01 1.113470386608339004e-02
1.500750375187593733e+01 1.106354824030640269e-02
1.504752376188094054e+01 1.117644604478067009e-02
1.508754377188594198e+01 1.150789655786843210e-02
1.512756378189094519e+01 1.211232430079238996e-02
1.516758379189594841e+01 1.307289476520611185e-02
1.520760380190094985e+01 1.451422851498815857e-02
1.524762381190595306e+01 1.661794558109962877e-02
1.528764382191095450e+01 1.963155899514990033e-02
1.532766383191595772e+01 2.383262282079613020e-02
1.536768384192096093e+01 2.933639794763445718e-02
1.540770385192596237e+01 3.555293237424141106e-02
1.544772386193096558e+01 4.045094563373941021e-02
1.548774387193596702e+01 4.120533595577047931e-02
1.552776388194097024e+01 3.717981976657418891e-02
1.556778389194597167e+01 3.078276642025556259e-02
1.560780390195097489e+01 2.454906985238633835e-02
1.564782391195597810e+01 1.951939632279213119e-02
1.568784392196097954e+01 1.574340132896247940e-02
1.572786393196598276e+01 1.296230334510307600e-02
1.576788394197098420e+01 1.090511067756656620e-02
1.580790395197598741e+01 9.362179589123503440e-03
1.584792396198099063e+01 8.185281109579558081e-03
1.588794397198599206e+01 7.272360930209945812e-03
1.592796398199099528e+01 6.553280981952062066e-03
1.596798399199599672e+01 5.979425479794247753e-03
1.600800400200100171e+01 5.516680165758269458e-03
1.604802401200600315e+01 5.140803085897345873e-03
1.608804402201100459e+01 4.834383385623268817e-03
1.612806403201600602e+01 4.584834510114370321e-03
1.616808404202101102e+01 4.383062197720233484e-03
1.620810405202601245e+01 4.222578771663308174e-03
1.624812406203101389e+01 4.098920003303102404e-03
1.628814407203601888e+01 4.009275345004898426e-03
1.632816408204102032e+01 3.952278235683177876e-03
1.636818409204602176e+01 3.927928265108735113e-03
1.640820410205102675e+01 3.937636570796920581e-03
1.644822411205602819e+01 3.984403970440698363e-03
1.648824412206102963e+01 4.073161712246214754e-03
1.652826413206603107e+01 4.211331614336890836e-03
1.656828414207103606e+01 4.409701486140103245e-03
1.660830415207603750e+01 4.683771137350704362e-03
1.664832416208103893e+01 5.055814339374670348e-03
1.668834417208604393e+01 5.558030809284272671e-03
1.672836418209104536e+01 6.237312407855952201e-03
1.676838419209604680e+01 7.162189245038312786e-03
1.680840420210105179e+01 8.431911098427283952e-03
1.684842421210605323e+01 1.018448029877379313e-02
1.688844422211105467e+01 1.258931559131647518e-02
1.692846423211605611e+01 1.577957896979576349e-02
1.696848424212106110e+01 1.962590829683760751e-02
1.700850425212606254e+01 2.329402643218352054e-02
1.704852426213106398e+01 2.510491657425325401e-02
1.708854427213606897e+01 2.385919083625597306e-02
1.712856428214107041e+01 2.037116505105181566e-02
1.716858429214607185e+01 1.640193588506947200e-02
1.720860430215107328e+01 1.300236921690923336e-02
1.724862431215607828e+01 1.040507988771625751e-02
1.728864432216107971e+01 8.497511614196226123e-03
1.732866433216608115e+01 7.104786966284192505e-03
1.736868434217108614e+01 6.079623753724900347e-03
1.740870435217608758e+01 5.315094272099786521e-03
1.744872436218108902e+01 4.737137653303685227e-03
1.748874437218609401e+01 4.294992010061374557e-03
1.752876438219109545e+01 3.953707157738841835e-03
1.756878439219609689e+01 3.688967833206990843e-03
1.760880440220109833e+01 3.483656722565117020e-03
1.764882441220610332e+01 3.325595648170502280e-03
1.768884442221110476e+01 3.206057297764023511e-03
1.772886443221610620e+01 3.118777426961962407e-03
1.776888444222111119e+01 3.059294258075052810e-03
1.780890445222611262e+01 3.024504960240103485e-03
1.784892446223111406e+01 3.012369315424195861e-03
1.788894447223611905e+01 3.021716257215715119e-03
1.792896448224112049e+01 3.052125477744368522e-03
1.796898449224612193e+01 3.103867285097055943e-03
1.800900450225112337e+01 3.177891618994741710e-03
1.804902451225612836e+01 3.275863081140846164e-03
1.808904452226112980e+01 3.400244066831795489e-03
1.812906453226613124e+01 3.554433470084408103e-03
1.816908454227113623e+01 3.742974857965474314e-03
1.820910455227613767e+01 3.971856553324497503e-03
1.824912456228113911e+01 4.248938251265392020e-03
1.828914457228614410e+01 4.584556937041612754e-03
1.832916458229114554e+01 4.992392626427140205e-03
1.836918459229614697e+01 5.490717686396483915e-03
1.840920460230114841e+01 6.104221661231101076e-03
1.844922461230615340e+01 6.866711553257538042e-03
1.848924462231115484e+01 7.825157709098414655e-03
1.852926463231615628e+01 9.045816406669720394e-03
1.856928464232116127e+01 1.062353007840207385e-02
1.860930465232616271e+01 1.269571531830778789e-02
1.864932466233116415e+01 1.546254753661821350e-02
1.868934467233616914e+01 1.921259895752163577e-02
1.872936468234117058e+01 2.434228048598540903e-02
1.876938469234617202e+01 3.131881242939851123e-02
1.880940470235117346e+01 4.043047598138106019e-02
1.884942471235617845e+01 5.101164930299033340e-02
1.888944472236117988e+01 6.017622130938667102e-02
1.892946473236618132e+01 6.319735322585331994e-02
1.896948474237118631e+01 5.803662354365221598e-02
1.900950475237618775e+01 4.805025896311320571e-02
1.904952476238118919e+01 3.773647094546249414e-02
1.908954477238619418e+01 2.925113047402453162e-02
1.912956478239119562e+01 2.287101918011108861e-02
1.916958479239619706e+01 1.820889318189600550e-02
1.920960480240119850e+01 1.480656263563554301e-02
1.924962481240620349e+01 1.229900855881811174e-02
1.928964482241120493e+01 1.042600637548177743e-02
1.932966483241620637e+01 9.008387848499140385e-03
1.936968484242121136e+01 7.923550752620084001e-03
1.940970485242621280e+01 7.087169948607052218e-03
1.944972486243121423e+01 6.440764222911344629e-03
1.948974487243621923e+01 5.943511716970556989e-03
1.952976488244122066e+01 5.566917678990314713e-03
1.956978489244622210e+01 5.291359390290986849e-03
1.960980490245122354e+01 5.103878078302617922e-03
1.964982491245622853e+01 4.996827989304006463e-03
1.968984492246122997e+01 4.967154958840994984e-03
1.972986493246623141e+01 5.016190741845476773e-03
1.976988494247123640e+01 5.149939290662042257e-03
1.980990495247623784e+01 5.379916891911049569e-03
1.984992496248123928e+01 5.724708153403213103e-03
1.988994497248624427e+01 6.212534030818463691e-03
1.992996498249124571e+01 6.885315342432683262e-03
1.996998499249624714e+01 7.804954377964239999e-03
2.001000500250124858e+01 9.062745020999825665e-03
2.005002501250625357e+01 1.079245551197301548e-02
2.009004502251125501e+01 1.318481673568363405e-02
2.013006503251625645e+01 1.648971874299701157e-02
2.017008504252126144e+01 2.095601195748100776e-02
2.021010505252626288e+01 2.657628128154013517e-02
2.025012506253126432e+01 3.247067481216932977e-02
2.029014507253626931e+01 3.634488745385360681e-02
2.033016508254127075e+01 3.581066217884597974e-02
2.037018509254627219e+01 3.120917207879652169e-02
2.041020510255127363e+01 2.514894470348813527e-02
2.045022511255627862e+01 1.965036502185098580e-02
2.049024512256128006e+01 1.534946780482355708e-02
2.053026513256628149e+01 1.216309565922747173e-02
2.057028514257128649e+01 9.829560369101176046e-03
2.061030515257628792e+01 8.108247209798876906e-03
2.065032516258128936e+01 6.819639935894046892e-03
2.069034517258629080e+01 5.838253671924979911e-03
2.073036518259129579e+01 5.077850586702595433e-03
2.077038519259629723e+01 4.479003339691651174e-03
2.081040520260129867e+01 4.000296977221665107e-03
2.085042521260630366e+01 3.612440357737454859e-03
2.089044522261130510e+01 3.294385372033682442e-03
2.093046523261630654e+01 3.030765692360329160e-03
2.097048524262131153e+01 2.810190789222952786e-03
2.101050525262631297e+01 2.624095051967026502e-03
2.105052526263131440e+01 2.465950284828921906e-03
2.109054527263631584e+01 2.330718935097839291e-03
2.113056528264132083e+01 2.214468967890865798e-03
2.117058529264632227e+01 2.114098810610666283e-03
2.121060530265132371e+01 2.027138296916372942e-03
2.125062531265632870e+01 1.951602801837824201e-03
2.129064532266133014e+01 1.885885093257230836e-03
2.133066533266633158e+01 1.828674262191699092e-03
2.137068534267133657e+01 1.778894326417040797e-03
2.141070535267633801e+01 1.735657289273330591e-03
2.145072536268133945e+01 1.698226934183712754e-03
2.149074537268634089e+01 1.665990674644363383e-03
2.153076538269134588e+01 1.638437508401145368e-03
2.157078539269634732e+01 1.615140641528652618e-03
2.161080540270134875e+01 1.595743718715746584e-03
2.165082541270635375e+01 1.579949864442321741e-03
2.169084542271135518e+01 1.567512936048078530e-03
2.173086543271635662e+01 1.558230534724271447e-03
2.177088544272136161e+01 1.551938428678409712e-03
2.181090545272636305e+01 1.548506124318496094e-03
2.185092546273136449e+01 1.547833383525749115e-03
2.189094547273636593e+01 1.549847533145272968e-03
2.193096548274137092e+01 1.554501450517100205e-03
2.197098549274637236e+01 1.561772138996204854e-03
2.201100550275137380e+01 1.571659832073457001e-03
2.205102551275637879e+01 1.584187585527436787e-03
2.209104552276138023e+01 1.599401335292987896e-03
2.213106553276638166e+01 1.617370415489199605e-03
2.217108554277138666e+01 1.638188547238352997e-03
2.221110555277638809e+01 1.661975325401743309e-03
2.225112556278138953e+01 1.688878248040521059e-03
2.229114557278639097e+01 1.719075353237662892e-03
2.233116558279139596e+01 1.752778550998042089e-03
2.237118559279639740e+01 1.790237765620074362e-03
2.241120560280139884e+01 1.831746037894913534e-03
2.245122561280640383e+01 1.877645778920262760e-03
2.249124562281140527e+01 1.928336421090760030e-03
2.253126563281640671e+01 1.984283780787383412e-03
2.257128564282141170e+01 2.046031536630831590e-03
2.261130565282641314e+01 2.114215343991821157e-03
2.265132566283141458e+01 2.189580260567313818e-03
2.269134567283641601e+01 2.273002362892937150e-03
2.273136568284142101e+01 2.365515708873861412e-03
2.277138569284642244e+01 2.468346174044275688e-03
2.281140570285142388e+01 2.582954198400049580e-03
2.285142571285642887e+01 2.711089182903429241e-03
2.289144572286143031e+01 2.854859252994158131e-03
2.293146573286643175e+01 3.016821483264191944e-03
2.297148574287143674e+01 3.200099636341486968e-03
2.301150575287643818e+01 3.408539287771859654e-03
2.305152576288143962e+01 3.646914312897198834e-03
2.309154577288644106e+01 3.921204761390013720e-03
2.313156578289144605e+01 4.238975175906248630e-03
2.317158579289644749e+01 4.609896067127672824e-03
2.321160580290144893e+01 5.046472174236982244e-03
2.325162581290645392e+01 5.565073577766061798e-03
2.329164582291145535e+01 6.187416599996327198e-03
2.333166583291645679e+01 6.942721878113564289e-03
2.337168584292146178e+01 7.870904643217897095e-03
2.341170585292646322e+01 9.027353323028159890e-03
2.345172586293146466e+01 1.049016022639578417e-02
2.349174587293646610e+01 1.237110123338387539e-02
2.353176588294147109e+01 1.483212903416517882e-02
2.357178589294647253e+01 1.810908439242442380e-02
2.361180590295147397e+01 2.254146796288157908e-02
2.365182591295647896e+01 2.859359329717769960e-02
2.369184592296148040e+01 3.680511130738270409e-02
2.373186593296648184e+01 4.748126831789480085e-02
2.377188594297148683e+01 5.975731014368034638e-02
2.381190595297648827e+01 7.014256155181085306e-02
2.385192596298148970e+01 7.317482569350820809e-02
2.389194597298649114e+01 6.681562747506415711e-02
2.393196598299149613e+01 5.517132725992729414e-02
2.397198599299649757e+01 4.334997069574258316e-02
2.401200600300149901e+01 3.369485440807931664e-02
2.405202601300650400e+01 2.645690404673209026e-02
2.409204602301150544e+01 2.117352069327938999e-02
2.413206603301650688e+01 1.731829867798895251e-02
2.417208604302150832e+01 1.447555219821010028e-02
2.421210605302651331e+01 1.234954430472937070e-02
2.425212606303151475e+01 1.073645522753142491e-02
2.429214607303651619e+01 9.496344427236430574e-03
2.433216608304152118e+01 8.532349764494944616e-03
2.437218609304652261e+01 7.776548477640790082e-03
2.441220610305152405e+01 7.180608863754362955e-03
2.445222611305652904e+01 6.709634523011949632e-03
2.449224612306153048e+01 6.338084606240375514e-03
2.453226613306653192e+01 6.047039430732370491e-03
2.457228614307153336e+01 5.822343589164355113e-03
2.461230615307653835e+01 5.653327864894026715e-03
2.465232616308153979e+01 5.531918205854557610e-03
2.469234617308654123e+01 5.452007462872044546e-03
2.473236618309154622e+01 5.409008407989204792e-03
2.477238619309654766e+01 5.399534008717442671e-03
2.481240620310154910e+01 5.421168789533204087e-03
2.485242621310655409e+01 5.472306912782450017e-03
2.489244622311155553e+01 5.552040568832828336e-03
2.493246623311655696e+01 5.660087776578015713e-03
2.497248624312155840e+01 5.796752662138194602e-03
2.501250625312656339e+01 5.962914309626339907e-03
2.505252626313156483e+01 6.160042793537997587e-03
2.509254627313656627e+01 6.390243348625679852e-03
2.513256628314157126e+01 6.656332125544085591e-03
2.517258629314657270e+01 6.961949968368003235e-03
2.521260630315157414e+01 7.311724584874892789e-03
2.525262631315657913e+01 7.711497010843180837e-03
2.529264632316158057e+01 8.168636385621935378e-03
2.533266633316658201e+01 8.692479319010843267e-03
2.537268634317158345e+01 9.294949036353316457e-03
2.541270635317658844e+01 9.991439030746472605e-03
2.545272636318158987e+01 1.080209236550801893e-02
2.549274637318659131e+01 1.175368017597362702e-02
2.553276638319159630e+01 1.288239226368764929e-02
2.557278639319659774e+01 1.423800281563747210e-02
2.561280640320159918e+01 1.589002315531812953e-02
2.565282641320660417e+01 1.793636943194864761e-02
2.569284642321160561e+01 2.051384812362101392e-02
2.573286643321660705e+01 2.380432784639865615e-02
2.577288644322160849e+01 2.801213368297682943e-02
2.581290645322661348e+01 3.324182878325745993e-02
2.585292646323161492e+01 3.915840036563187493e-02
2.589294647323661636e+01 4.455184641777481386e-02
2.593296648324162135e+01 4.780931156570796675e-02
2.597298649324662279e+01 4.876618678643106913e-02
2.601300650325162422e+01 4.911125645793817940e-02
2.605302651325662922e+01 5.059132390987538391e-02
2.609304652326163065e+01 5.412714715975461971e-02
2.613306653326663209e+01 6.018631638283629404e-02
2.617308654327163353e+01 6.923941513375195256e-02
2.621310655327663852e+01 8.198405481930397254e-02
2.625312656328163996e+01 9.943615127013195887e-02
2.629314657328664140e+01 1.230221067521473366e-01
2.633316658329164639e+01 1.546890842263562438e-01
2.637318659329664783e+01 1.964816661334773673e-01
2.641320660330164927e+01 2.490456215718517274e-01
2.645322661330665426e+01 3.095581176395240108e-01
2.649324662331165570e+01 3.676548466629080969e-01
2.653326663331665713e+01 4.003085873739064549e-01
2.657328664332165857e+01 3.853487160379026055e-01
2.661330665332666356e+01 3.298242783354705665e-01
2.665332666333166500e+01 2.620225004172314631e-01
2.669334667333666644e+01 2.020631443688722662e-01
2.673336668334167143e+01 1.556040559335901408e-01
2.677338669334667287e+01 1.212775563167746845e-01
2.681340670335167431e+01 9.613656590941470348e-02
2.685342671335667930e+01 7.757077395735730019e-02
2.689344672336168074e+01 6.365306944960678892e-02
2.693346673336668218e+01 5.303993558520648383e-02
2.697348674337168362e+01 4.480766430251231086e-02
2.701350675337668861e+01 3.831861509429521084e-02
2.705352676338169005e+01 3.312741297090773113e-02
2.709354677338669148e+01 2.891830927982664071e-02
2.713356678339169648e+01 2.546388794061205801e-02
2.717358679339669791e+01 2.259777232587133200e-02
2.721360680340169935e+01 2.019640994317008914e-02
2.725362681340670434e+01 1.816675768153524356e-02
2.729364682341170578e+01 1.643783772753724254e-02
2.733366683341670722e+01 1.495486422751436326e-02
2.737368684342170866e+01 1.367510124632825841e-02
2.741370685342671365e+01 1.256490385172327404e-02
2.745372686343171509e+01 1.159758000874798814e-02
2.749374687343671653e+01 1.075183100443120182e-02
2.753376688344172152e+01 1.001060681241097011e-02
2.757378689344672296e+01 9.360265357917400136e-03
2.761380690345172439e+01 8.789960639966128142e-03
2.765382691345672583e+01 8.291210311598682867e-03
2.769384692346173082e+01 7.857612827563026717e-03
2.773386693346673226e+01 7.484700790147924034e-03
2.777388694347173370e+01 7.169933398897441849e-03
2.781390695347673869e+01 6.912849816030076401e-03
2.785392696348174013e+01 6.715430258176893590e-03
2.789394697348674157e+01 6.582746829514691742e-03
2.793396698349174656e+01 6.524034638672509580e-03
2.797398699349674800e+01 6.554369393141212287e-03
2.801400700350174944e+01 6.697152780652974174e-03
2.805402701350675088e+01 6.987380415287243463e-03
2.809404702351175587e+01 7.474488871217924678e-03
2.813406703351675731e+01 8.219296504235118137e-03
2.817408704352175874e+01 9.267465473359893721e-03
2.821410705352676374e+01 1.056234150227407416e-02
2.825412706353176517e+01 1.179152490256440804e-02
2.829414707353676661e+01 1.240160638037432483e-02
2.833416708354177160e+01 1.212310415764333328e-02
2.837418709354677304e+01 1.136443230580627163e-02
2.841420710355177448e+01 1.072163629099970317e-02
2.845422711355677592e+01 1.045654971600090515e-02
2.849424712356178091e+01 1.042056000023160005e-02
2.853426713356678235e+01 1.017226734966645424e-02
2.857428714357178379e+01 9.371035133436433559e-03
2.861430715357678878e+01 8.161265017321273768e-03
2.865432716358179022e+01 6.922386275802204850e-03
2.869434717358679165e+01 5.877419067440900133e-03
2.873436718359179665e+01 5.065079165844237757e-03
2.877438719359679808e+01 4.448272207791666329e-03
2.881440720360179952e+01 3.978647800487081221e-03
2.885442721360680096e+01 3.616576671689100859e-03
2.889444722361180595e+01 3.333470065774243526e-03
2.893446723361680739e+01 3.109617656460896343e-03
2.897448724362180883e+01 2.931710965407479785e-03
2.901450725362681382e+01 2.790981677121152655e-03
2.905452726363181526e+01 2.681991547299839018e-03
2.909454727363681670e+01 2.601944863165261187e-03
2.913456728364182169e+01 2.550416608707249330e-03
2.917458729364682313e+01 2.529442381111955598e-03
2.921460730365182457e+01 2.543942792918985670e-03
2.925462731365682600e+01 2.602371448254059329e-03
2.929464732366183100e+01 2.717016894577994630e-03
2.933466733366683243e+01 2.901804199706862174e-03
2.937468734367183387e+01 3.161428780937844320e-03
2.941470735367683886e+01 3.461637011425486472e-03
2.945472736368184030e+01 3.691493605976814418e-03
2.949474737368684174e+01 3.704541836090129419e-03
2.953476738369184673e+01 3.477807803812259235e-03
2.957478739369684817e+01 3.143868793895242264e-03
2.961480740370184961e+01 2.834297932048030280e-03
2.965482741370685105e+01 2.602410383413576809e-03
2.969484742371185604e+01 2.452728672114058359e-03
2.973486743371685748e+01 2.376369270308028268e-03
2.977488744372185892e+01 2.366430310961179645e-03
2.981490745372686391e+01 2.422585842498773973e-03
2.985492746373186534e+01 2.552566305487809131e-03
2.989494747373686678e+01 2.773392080150993439e-03
2.993496748374187177e+01 3.112400783600974882e-03
2.997498749374687321e+01 3.604754309723884505e-03
3.001500750375187465e+01 4.276246661291902354e-03
3.005502751375687609e+01 5.087137439635943358e-03
3.009504752376188108e+01 5.829784439485234844e-03
3.013506753376688252e+01 6.124713554161030811e-03
3.017508754377188396e+01 5.753196123561525079e-03
3.021510755377688895e+01 4.941716652734622073e-03
3.025512756378189039e+01 4.067165874567809855e-03
3.029514757378689183e+01 3.331137055296954155e-03
3.033516758379189682e+01 2.769295074828997342e-03
3.037518759379689826e+01 2.353215007079718837e-03
3.041520760380189969e+01 2.045099468632449995e-03
3.045522761380690113e+01 1.814039882683709474e-03
3.049524762381190612e+01 1.637802154627234462e-03
3.053526763381690756e+01 1.501028178508087606e-03
3.057528764382190900e+01 1.393198293857273156e-03
3.061530765382691399e+01 1.307076851902652052e-03
3.065532766383191543e+01 1.237648525463703195e-03
3.069534767383691687e+01 1.181417752766831869e-03
3.073536768384192186e+01 1.135954305368996366e-03
3.077538769384692330e+01 1.099602447890130237e-03
3.081540770385192474e+01 1.071300886551056816e-03
3.085542771385692618e+01 1.050482180140918393e-03
3.089544772386193117e+01 1.037035604056279993e-03
3.093546773386693260e+01 1.031329152999654495e-03
3.097548774387193404e+01 1.034295881651697141e-03
3.101550775387693903e+01 1.047595412690709854e-03
3.105552776388194047e+01 1.073851340353214161e-03
3.109554777388694191e+01 1.116894341888563904e-03
3.113556778389194335e+01 1.181666381116121788e-03
3.117558779389694834e+01 1.272618376583408003e-03
3.121560780390194978e+01 1.387838726306246662e-03
3.125562781390695122e+01 1.506962671678821431e-03
3.129564782391195621e+01 1.586558088026575461e-03
3.133566783391695765e+01 1.595109745094044343e-03
3.137568784392195909e+01 1.556145347237967427e-03
3.141570785392696408e+01 1.521795582415763019e-03
3.145572786393196552e+01 1.527920226515997251e-03
3.149574787393696695e+01 1.591175130982616041e-03
3.153576788394196839e+01 1.723134616256801095e-03
3.157578789394697338e+01 1.939694332059417776e-03
3.161580790395197482e+01 2.263991235954675857e-03
3.165582791395697626e+01 2.720829809403245945e-03
3.169584792396198125e+01 3.310266641770929445e-03
3.173586793396698269e+01 3.942046375771852268e-03
3.177588794397198413e+01 4.371751829577436368e-03
3.181590795397698912e+01 4.329744115069089627e-03
3.185592796398199056e+01 3.833369655233719812e-03
3.189594797398699200e+01 3.162738539237760788e-03
3.193596798399199344e+01 2.546757941504887695e-03
3.197598799399699843e+01 2.061417262461081364e-03
3.201600800400200342e+01 1.699807576591181712e-03
3.205602801400700486e+01 1.433467662531695422e-03
3.209604802401200629e+01 1.235699689472883993e-03
3.213606803401700773e+01 1.086464447414936790e-03
3.217608804402200917e+01 9.717251011143241595e-04
3.221610805402701061e+01 8.818301326096936307e-04
3.225612806403201205e+01 8.101302929619930409e-04
3.229614807403702059e+01 7.519952929243585828e-04
3.233616808404202203e+01 7.041546508984889916e-04
3.237618809404702347e+01 6.642632861614825371e-04
3.241620810405202491e+01 6.306151292313038866e-04
3.245622811405702635e+01 6.019528236158084742e-04
3.249624812406202778e+01 5.773399437555175925e-04
3.253626813406702922e+01 5.560743400659698930e-04
3.257628814407203777e+01 5.376290270422009153e-04
3.261630815407703921e+01 5.216120027173922489e-04
3.265632816408204064e+01 5.077396055058694012e-04
3.269634817408704208e+01 4.958201841931974847e-04
3.273636818409204352e+01 4.857464456420824343e-04
3.277638819409704496e+01 4.774961836638239466e-04
3.281640820410205350e+01 4.711424452380850851e-04
3.285642821410705494e+01 4.668757773649463987e-04
3.289644822411205638e+01 4.650431085094436714e-04
3.293646823411705782e+01 4.662095473959347678e-04
3.297648824412205926e+01 4.712480826443307897e-04
3.301650825412706070e+01 4.814467381593863287e-04
3.305652826413206213e+01 4.985559487468600726e-04
3.309654827413707068e+01 5.244768204760729986e-04
3.313656828414207212e+01 5.597422029933407867e-04
3.317658829414707355e+01 5.994546925264573195e-04
3.321660830415207499e+01 6.284439610941002603e-04
3.325662831415707643e+01 6.275758485234283948e-04
3.329664832416207787e+01 5.949270363878522358e-04
3.333666833416707931e+01 5.484403679746865023e-04
3.337668834417208785e+01 5.049383526750731961e-04
3.341670835417708929e+01 4.708142450145341154e-04
3.345672836418209073e+01 4.461812548497985208e-04
3.349674837418709217e+01 4.293824705889048290e-04
3.353676838419209361e+01 4.188491666764586059e-04
3.357678839419709504e+01 4.135585392890430150e-04
3.361680840420210359e+01 4.130599756335622918e-04
3.365682841420710503e+01 4.174391465359300634e-04
3.369684842421210647e+01 4.273306923660027089e-04
3.373686843421710790e+01 4.440127263003886232e-04
3.377688844422210934e+01 4.695951875714249779e-04
3.381690845422711078e+01 5.072811460925269076e-04
3.385692846423211222e+01 5.615408558234827405e-04
3.389694847423712076e+01 6.375526471355243098e-04
3.393696848424212220e+01 7.379723875176384630e-04
3.397698849424712364e+01 8.534246892126654341e-04
3.401700850425212508e+01 9.483741847913059386e-04
3.405702851425712652e+01 9.694675812824083902e-04
3.409704852426212796e+01 8.995323254289376829e-04
3.413706853426712939e+01 7.805549934005043614e-04
3.417708854427213794e+01 6.616445319623298410e-04
3.421710855427713938e+01 5.644669241621834248e-04
3.425712856428214081e+01 4.909039038699923065e-04
3.429714857428714225e+01 4.363022354834070909e-04
3.433716858429214369e+01 3.955329382891170642e-04
3.437718859429714513e+01 3.645755641491361097e-04
3.441720860430214657e+01 3.405748322067660193e-04
3.445722861430715511e+01 3.215619229536852055e-04
3.449724862431215655e+01 3.061826792579357636e-04
3.453726863431715799e+01 2.934972289068690852e-04
3.457728864432215943e+01 2.828440398990173356e-04
3.461730865432716087e+01 2.737500568793097065e-04
3.465732866433216230e+01 2.658714890140450671e-04
3.469734867433717085e+01 2.589545186205931271e-04
3.473736868434217229e+01 2.528089192893672138e-04
3.477738869434717373e+01 2.472900946114839024e-04
3.481740870435217516e+01 2.422866703631077205e-04
3.485742871435717660e+01 2.377117975003208692e-04
3.489744872436217804e+01 2.334969693748434457e-04
3.493746873436717948e+01 2.295875664168031184e-04
3.497748874437218802e+01 2.259396040945277166e-04
3.501750875437718946e+01 2.225173301737329561e-04
3.505752876438219090e+01 2.192914290502782817e-04
3.509754877438719234e+01 2.162376652554002295e-04
3.513756878439219378e+01 2.133358483026737823e-04
3.517758879439719522e+01 2.105690352015861082e-04
3.521760880440219665e+01 2.079229105452421573e-04
3.525762881440720520e+01 2.053853005523092903e-04
3.529764882441220664e+01 2.029457890778193097e-04
3.533766883441720807e+01 2.005954119122376356e-04
3.537768884442220951e+01 1.983264116762645279e-04
3.541770885442721095e+01 1.961320399779795977e-04
3.545772886443221239e+01 1.940063967013928034e-04
3.549774887443722093e+01 1.919442986686099352e-04
3.553776888444222237e+01 1.899411716909992301e-04
3.557778889444722381e+01 1.879929613600776707e-04
3.561780890445222525e+01 1.860960589420010620e-04
3.565782891445722669e+01 1.842472395137414272e-04
3.569784892446222813e+01 1.824436100746943366e-04
3.573786893446722956e+01 1.806825658287135978e-04
3.577788894447223811e+01 1.789617531909771131e-04
3.581790895447723955e+01 1.772790383558017920e-04
3.585792896448224099e+01 1.756324804835758611e-04
3.589794897448724242e+01 1.740203087409891724e-04
3.593796898449224386e+01 1.724409025689426487e-04
3.597798899449724530e+01 1.708927746647890926e-04
3.601800900450224674e+01 1.693745562558725758e-04
3.605802901450725528e+01 1.678849843143272375e-04
3.609804902451225672e+01 1.664228904223513032e-04
3.613806903451725816e+01 1.649871910454765148e-04
3.617808904452225960e+01 1.635768790108996251e-04
3.621810905452726104e+01 1.621910160204307835e-04
3.625812906453226248e+01 1.608287260544215942e-04
3.629814907453727102e+01 1.594891895452298168e-04
3.633816908454227246e+01 1.581716382172135076e-04
3.637818909454727390e+01 1.568753505056180784e-04
3.641820910455227533e+01 1.555996474795838362e-04
3.645822911455727677e+01 1.543438892052811668e-04
3.649824912456227821e+01 1.531074714942684968e-04
3.653826913456727965e+01 1.518898229898272970e-04
3.657828914457228819e+01 1.506904025505252849e-04
3.661830915457728963e+01 1.495086968957620645e-04
3.665832916458229107e+01 1.483442184827437390e-04
3.669834917458729251e+01 1.471965035883400735e-04
3.673836918459229395e+01 1.460651105726971217e-04
3.677838919459729539e+01 1.449496183044221857e-04
3.681840920460229682e+01 1.438496247296801084e-04
3.685842921460730537e+01 1.427647455697218771e-04
3.689844922461230681e+01 1.416946131332453630e-04
3.693846923461730825e+01 1.406388752316151873e-04
3.697848924462230968e+01 1.395971941863866008e-04
3.701850925462731112e+01 1.385692459198018911e-04
3.705852926463231256e+01 1.375547191200007617e-04
3.709854927463732110e+01 1.365533144736195677e-04
3.713856928464232254e+01 1.355647439592710512e-04
3.717858929464732398e+01 1.345887301961139616e-04
3.721860930465232542e+01 1.336250058423480715e-04
3.725862931465732686e+01 1.326733130390249404e-04
3.729864932466232830e+01 1.317334028950503373e-04
3.733866933466732974e+01 1.308050350096848539e-04
3.737868934467233828e+01 1.298879770292287871e-04
3.741870935467733972e+01 1.289820042349147525e-04
3.745872936468234116e+01 1.280868991593259274e-04
3.749874937468734259e+01 1.272024512289304473e-04
3.753876938469234403e+01 1.263284564305481022e-04
3.757878939469734547e+01 1.254647169997856514e-04
3.761880940470234691e+01 1.246110411296550238e-04
3.765882941470735545e+01 1.237672426977644150e-04
3.769884942471235689e+01 1.229331410106158462e-04
3.773886943471735833e+01 1.221085605636784330e-04
3.777888944472235977e+01 1.212933308160309739e-04
3.781890945472736121e+01 1.204872859784691637e-04
3.785892946473236265e+01 1.196902648140748984e-04
3.789894947473736408e+01 1.189021104503297711e-04
3.793896948474237263e+01 1.181226702019369079e-04
3.797898949474737407e+01 1.173517954035829727e-04
3.801900950475237551e+01 1.165893412519383872e-04
3.805902951475737694e+01 1.158351666562546379e-04
3.809904952476237838e+01 1.150891340969643358e-04
3.813906953476737982e+01 1.143511094917442879e-04
3.817908954477238836e+01 1.136209620685401219e-04
3.821910955477738980e+01 1.128985642450947550e-04
3.825912956478239124e+01 1.121837915145542503e-04
3.829914957478739268e+01 1.114765223367633753e-04
3.833916958479239412e+01 1.107766380348872506e-04
3.837918959479739556e+01 1.100840226970267515e-04
3.841920960480239700e+01 1.093985630825188563e-04
3.845922961480740554e+01 1.087201485326346265e-04
3.849924962481240698e+01 1.080486708854125648e-04
3.853926963481740842e+01 1.073840243943778621e-04
3.857928964482240985e+01 1.067261056509222905e-04
3.861930965482741129e+01 1.060748135101313575e-04
3.865932966483241273e+01 1.054300490198605841e-04
3.869934967483741417e+01 1.047917153528784754e-04
3.873936968484242271e+01 1.041597177419041083e-04
3.877938969484742415e+01 1.035339634173802151e-04
3.881940970485242559e+01 1.029143615478319808e-04
3.885942971485742703e+01 1.023008231826732779e-04
3.889944972486242847e+01 1.016932611973301123e-04
3.893946973486742991e+01 1.010915902405589551e-04
3.897948974487243845e+01 1.004957266838468511e-04
3.901950975487743989e+01 9.990558857278623872e-05
3.905952976488244133e+01 9.932109558032431516e-05
3.909954977488744277e+01 9.874216896179356911e-05
3.913956978489244420e+01 9.816873151163509222e-05
3.917958979489744564e+01 9.760070752173186288e-05
3.921960980490244708e+01 9.703802274127427876e-05
3.925962981490745562e+01 9.648060433808478150e-05
3.929964982491245706e+01 9.592838086133299782e-05
3.933966983491745850e+01 9.538128220557534197e-05
3.937968984492245994e+01 9.483923957605906903e-05
3.941970985492746138e+01 9.430218545523322130e-05
3.945972986493246282e+01 9.377005357041075359e-05
3.949974987493746426e+01 9.324277886253123199e-05
3.953976988494247280e+01 9.272029745597576455e-05
3.957978989494747424e+01 9.220254662938785458e-05
3.961980990495247568e+01 9.168946478745599563e-05
3.965982991495747711e+01 9.118099143361847519e-05
3.969984992496247855e+01 9.067706714364994652e-05
3.973986993496747999e+01 9.017763354009352902e-05
3.977988994497248854e+01 8.968263326750347184e-05
3.981990995497748997e+01 8.919200996846485144e-05
3.985992996498249141e+01 8.870570826035854991e-05
3.989994997498749285e+01 8.822367371284218606e-05
3.993996998499249429e+01 8.774585282601863408e-05
3.997998999499749573e+01 8.727219300926383186e-05
4.002001000500249717e+01 8.680264256068963378e-05
4.006003001500750571e+01 8.633715064721625605e-05
4.010005002501250715e+01 8.587566728523185824e-05
4.014007003501750859e+01 8.541814332181563889e-05
4.018009004502251003e+01 8.496453041650450940e-05
4.022011005502751146e+01 8.451478102358347825e-05
4.026013006503251290e+01 8.406884837487863069e-05
4.030015007503751434e+01 8.362668646303657641e-05
4.034017008504252289e+01 8.318825002527098500e-05
4.038019009504752432e+01 8.275349452756093562e-05
4.042021010505252576e+01 8.232237614928353026e-05
4.046023011505752720e+01 8.189485176826719103e-05
4.050025012506252864e+01 8.147087894624959522e-05
4.054027013506753008e+01 8.105041591472684473e-05
4.058029014507253862e+01 8.063342156118046640e-05
4.062031015507754006e+01 8.021985541566972072e-05
4.066033016508254150e+01 7.980967763777553083e-05
4.070035017508754294e+01 7.940284900388636894e-05
4.074037018509254438e+01 7.899933089481313026e-05
4.078039019509754581e+01 7.859908528372296576e-05
4.082041020510254725e+01 7.820207472438120444e-05
4.086043021510755580e+01 7.780826233969193268e-05
4.090045022511255723e+01 7.741761181052754059e-05
4.094047023511755867e+01 7.703008736483711160e-05
4.098049024512256011e+01 7.664565376702663503e-05
4.102051025512756155e+01 7.626427630760093158e-05
4.106053026513256299e+01 7.588592079305977003e-05
4.110055027513756443e+01 7.551055353604036878e-05
4.114057028514257297e+01 7.513814134569889636e-05
4.118059029514757441e+01 7.476865151832327275e-05
4.122061030515257585e+01 7.440205182817023809e-05
4.126063031515757729e+01 7.403831051852083377e-05
4.130065032516257872e+01 7.367739629294678806e-05
4.134067033516758016e+01 7.331927830678197850e-05
4.138069034517258160e+01 7.296392615879322490e-05
4.142071035517759015e+01 7.261130988304430073e-05
4.146073036518259158e+01 7.226139994094721330e-05
4.150075037518759302e+01 7.191416721349651081e-05
4.154077038519259446e+01 7.156958299367992141e-05
4.158079039519759590e+01 7.122761897906155647e-05
4.162081040520259734e+01 7.088824726453252830e-05
4.166083041520760588e+01 7.055144033522305980e-05
4.170085042521260732e+01 7.021717105957437830e-05
4.174087043521760876e+01 6.988541268256239782e-05
4.178089044522261020e+01 6.955613881907215959e-05
4.182091045522761164e+01 6.922932344741731170e-05
4.186093046523261307e+01 6.890494090300071123e-05
4.190095047523761451e+01 6.858296587211304537e-05
4.194097048524262306e+01 6.826337338586524299e-05
4.198099049524762449e+01 6.794613881425141065e-05
4.202101050525262593e+01 6.763123786033837636e-05
4.206103051525762737e+01 6.731864655457929308e-05
4.210105052526262881e+01 6.700834124924711440e-05
4.214107053526763025e+01 6.670029861298582810e-05
4.218109054527263169e+01 6.639449562547551740e-05
4.222111055527764023e+01 6.609090957220889169e-05
4.226113056528264167e+01 6.578951803937623758e-05
4.230115057528764311e+01 6.549029890885605244e-05
4.234117058529264455e+01 6.519323035330839265e-05
4.238119059529764598e+01 6.489829083136940493e-05
4.242121060530264742e+01 6.460545908294293448e-05
4.246123061530765597e+01 6.431471412458801724e-05
4.250125062531265741e+01 6.402603524499974903e-05
4.254127063531765884e+01 6.373940200058041453e-05
4.258129064532266028e+01 6.345479421109956157e-05
4.262131065532766172e+01 6.317219195544070305e-05
4.266133066533266316e+01 6.289157556743192265e-05
4.270135067533766460e+01 6.261292563175919156e-05
4.274137068534267314e+01 6.233622297995998398e-05
4.278139069534767458e+01 6.206144868649521263e-05
4.282141070535267602e+01 6.178858406489779029e-05
4.286143071535767746e+01 6.151761066399593345e-05
4.290145072536267890e+01 6.124851026420966330e-05
4.294147073536768033e+01 6.098126487391840312e-05
4.298149074537268177e+01 6.071585672589835771e-05
4.302151075537769032e+01 6.045226827382782492e-05
4.306153076538269175e+01 6.019048218885918546e-05
4.310155077538769319e+01 5.993048135625546390e-05
4.314157078539269463e+01 5.967224887209066769e-05
4.318159079539769607e+01 5.941576804001216984e-05
4.322161080540269751e+01 5.916102236806337303e-05
4.326163081540770605e+01 5.890799556556592374e-05
4.330165082541270749e+01 5.865667154005993098e-05
4.334167083541770893e+01 5.840703439430029948e-05
4.338169084542271037e+01 5.815906842330900749e-05
4.342171085542771181e+01 5.791275811148122220e-05
4.346173086543271324e+01 5.766808812974432406e-05
4.350175087543771468e+01 5.742504333276899324e-05
4.354177088544272323e+01 5.718360875623064367e-05
4.358179089544772467e+01 5.694376961412064234e-05
4.362181090545272610e+01 5.670551129610576198e-05
4.366183091545772754e+01 5.646881936493527093e-05
4.370185092546272898e+01 5.623367955389447424e-05
4.374187093546773042e+01 5.600007776430336446e-05
4.378189094547273186e+01 5.576800006306016503e-05
4.382191095547774040e+01 5.553743268022784206e-05
4.386193096548274184e+01 5.530836200666389613e-05
4.390195097548774328e+01 5.508077459169113000e-05
4.394197098549274472e+01 5.485465714080966365e-05
4.398199099549774616e+01 5.462999651344877325e-05
4.402201100550274759e+01 5.440677972075798509e-05
4.406203101550775614e+01 5.418499392343623859e-05
4.410205102551275758e+01 5.396462642959897599e-05
4.414207103551775901e+01 5.374566469268145800e-05
4.418209104552276045e+01 5.352809630937852893e-05
4.422211105552776189e+01 5.331190901761940159e-05
4.426213106553276333e+01 5.309709069457719762e-05
4.430215107553776477e+01 5.288362935471206422e-05
4.434217108554277331e+01 5.267151314784769783e-05
4.438219109554777475e+01 5.246073035728027195e-05
4.442221110555277619e+01 5.225126939791914559e-05
4.446223111555777763e+01 5.204311881445885775e-05
4.450225112556277907e+01 5.183626727958172355e-05
4.454227113556778050e+01 5.163070359219040843e-05
4.458229114557278194e+01 5.142641667566978273e-05
4.462231115557779049e+01 5.122339557617765660e-05
4.466233116558279193e+01 5.102162946096398203e-05
4.470235117558779336e+01 5.082110761671718028e-05
4.474237118559279480e+01 5.062181944793828583e-05
4.478239119559779624e+01 5.042375447534121967e-05
4.482241120560279768e+01 5.022690233427938827e-05
4.486243121560779912e+01 5.003125277319789695e-05
4.490245122561280766e+01 4.983679565211075399e-05
4.494247123561780910e+01 4.964352094110294374e-05
4.498249124562281054e+01 4.945141871885618267e-05
4.502251125562781198e+01 4.926047917119898872e-05
4.506253126563281342e+01 4.907069258967951887e-05
4.510255127563781485e+01 4.888204937016150703e-05
4.514257128564282340e+01 4.869454001144233988e-05
4.518259129564782484e+01 4.850815511389335223e-05
4.522261130565282627e+01 4.832288537812147423e-05
4.526263131565782771e+01 4.813872160365203421e-05
4.530265132566282915e+01 4.795565468763250688e-05
4.534267133566783059e+01 4.777367562355631247e-05
4.538269134567283203e+01 4.759277550000696506e-05
4.542271135567784057e+01 4.741294549942141125e-05
4.546273136568284201e+01 4.723417689687318938e-05
4.550275137568784345e+01 4.705646105887390505e-05
4.554277138569284489e+01 4.687978944219363267e-05
4.558279139569784633e+01 4.670415359269947071e-05
4.562281140570284776e+01 4.652954514421199294e-05
4.566283141570784920e+01 4.635595581737911482e-05
4.570285142571285775e+01 4.618337741856742216e-05
4.574287143571785919e+01 4.601180183877045415e-05
4.578289144572286062e+01 4.584122105253330348e-05
4.582291145572786206e+01 4.567162711689390651e-05
4.586293146573286350e+01 4.550301217034023732e-05
4.590295147573786494e+01 4.533536843178322936e-05
4.594297148574287348e+01 4.516868819954522168e-05
4.598299149574787492e+01 4.500296385036373970e-05
4.602301150575287636e+01 4.483818783840985185e-05
4.606303151575787780e+01 4.467435269432160327e-05
4.610305152576287924e+01 4.451145102425169332e-05
4.614307153576788068e+01 4.434947550892926800e-05
4.618309154577288211e+01 4.418841890273569856e-05
4.622311155577789066e+01 4.402827403279410245e-05
4.626313156578289210e+01 4.386903379807221339e-05
4.630315157578789353e+01 4.371069116849843816e-05
4.634317158579289497e+01 4.355323918409086277e-05
4.638319159579789641e+01 4.339667095409929619e-05
4.642321160580289785e+01 4.324097965615949775e-05
4.646323161580789929e+01 4.308615853545992038e-05
4.650325162581290783e+01 4.293220090392048843e-05
4.654327163581790927e+01 4.277910013938338306e-05
4.658329164582291071e+01 4.262684968481542856e-05
4.662331165582791215e+01 4.247544304752195771e-05
4.666333166583291359e+01 4.232487379837221708e-05
4.670335167583791502e+01 4.217513557103558724e-05
4.674337168584292357e+01 4.202622206122894998e-05
4.678339169584792501e+01 4.187812702597482973e-05
4.682341170585292645e+01 4.173084428286986198e-05
4.686343171585792788e+01 4.158436770936385315e-05
4.690345172586292932e+01 4.143869124204918760e-05
4.694347173586793076e+01 4.129380887595992486e-05
4.698349174587293220e+01 4.114971466388121031e-05
4.702351175587794074e+01 4.100640271566801667e-05
4.706353176588294218e+01 4.086386719757374508e-05
4.710355177588794362e+01 4.072210233158804184e-05
4.714357178589294506e+01 4.058110239478403416e-05
4.718359179589794650e+01 4.044086171867454445e-05
4.722361180590294794e+01 4.030137468857728319e-05
4.726363181590794937e+01 4.016263574298889835e-05
4.730365182591295792e+01 4.002463937296774586e-05
4.734367183591795936e+01 3.988738012152500171e-05
4.738369184592296079e+01 3.975085258302423749e-05
4.742371185592796223e+01 3.961505140258943252e-05
4.746373186593296367e+01 3.947997127552087347e-05
4.750375187593796511e+01 3.934560694671913124e-05
4.754377188594297365e+01 3.921195321011693911e-05
4.758379189594797509e+01 3.907900490811880924e-05
4.762381190595297653e+01 3.894675693104816409e-05
4.766383191595797797e+01 3.881520421660212509e-05
4.770385192596297941e+01 3.868434174931351788e-05
4.774387193596798085e+01 3.855416456002024354e-05
4.778389194597298228e+01 3.842466772534181214e-05
4.782391195597799083e+01 3.829584636716281532e-05
4.786393196598299227e+01 3.816769565212345291e-05
4.790395197598799371e+01 3.804021079111674094e-05
4.794397198599299514e+01 3.791338703879242137e-05
4.798399199599799658e+01 3.778721969306778365e-05
4.802401200600299802e+01 3.766170409464452388e-05
4.806403201600799946e+01 3.753683562653237351e-05
4.810405202601300800e+01 3.741260971357881983e-05
4.814407203601800944e+01 3.728902182200526398e-05
4.818409204602301088e+01 3.716606745894896586e-05
4.822411205602801232e+01 3.704374217201127062e-05
4.826413206603301376e+01 3.692204154881170345e-05
4.830415207603801520e+01 3.680096121654780376e-05
4.834417208604301663e+01 3.668049684156086840e-05
4.838419209604802518e+01 3.656064412890716321e-05
4.842421210605302662e+01 3.644139882193493511e-05
4.846423211605802805e+01 3.632275670186669610e-05
4.850425212606302949e+01 3.620471358738699605e-05
4.854427213606803093e+01 3.608726533423561650e-05
4.858429214607303237e+01 3.597040783480583983e-05
4.862431215607804091e+01 3.585413701774804469e-05
4.866433216608304235e+01 3.573844884757829539e-05
4.870435217608804379e+01 3.562333932429197295e-05
4.874437218609304523e+01 3.550880448298231889e-05
4.878439219609804667e+01 3.539484039346391889e-05
4.882441220610304811e+01 3.528144315990082148e-05
4.886443221610804954e+01 3.516860892043967789e-05
4.890445222611305809e+01 3.505633384684714418e-05
4.894447223611805953e+01 3.494461414415222329e-05
4.898449224612306097e+01 3.483344605029290320e-05
4.902451225612806240e+01 3.472282583576726070e-05
4.906453226613306384e+01 3.461274980328916620e-05
4.910455227613806528e+01 3.450321428744791875e-05
4.914457228614306672e+01 3.439421565437263812e-05
4.918459229614807526e+01 3.428575030140034298e-05
4.922461230615307670e+01 3.417781465674854904e-05
4.926463231615807814e+01 3.407040517919183114e-05
4.930465232616307958e+01 3.396351835774223438e-05
4.934467233616808102e+01 3.385715071133385258e-05
4.938469234617308246e+01 3.375129878851129635e-05
4.942471235617809100e+01 3.364595916712187452e-05
4.946473236618309244e+01 3.354112845401172619e-05
4.950475237618809388e+01 3.343680328472554411e-05
4.954477238619309531e+01 3.333298032321001155e-05
4.958479239619809675e+01 3.322965626152106771e-05
4.962481240620309819e+01 3.312682781953436471e-05
4.966483241620809963e+01 3.302449174465967523e-05
4.970485242621310817e+01 3.292264481155850528e-05
4.974487243621810961e+01 3.282128382186522380e-05
4.978489244622311105e+01 3.272040560391149242e-05
4.982491245622811249e+01 3.262000701245430003e-05
4.986493246623311393e+01 3.252008492840684358e-05
4.990495247623811537e+01 3.242063625857308820e-05
4.994497248624311680e+01 3.232165793538520734e-05
4.998499249624812535e+01 3.222314691664437714e-05
5.002501250625312679e+01 3.212510018526457269e-05
5.006503251625812823e+01 3.202751474901942714e-05
5.010505252626312966e+01 3.193038764029213335e-05
5.014507253626813110e+01 3.183371591582843555e-05
5.018509254627313254e+01 3.173749665649229084e-05
5.022511255627814108e+01 3.164172696702470869e-05
5.026513256628314252e+01 3.154640397580536884e-05
5.030515257628814396e+01 3.145152483461686148e-05
5.034517258629314540e+01 3.135708671841203103e-05
5.038519259629814684e+01 3.126308682508385426e-05
5.042521260630314828e+01 3.116952237523798138e-05
5.046523261630814972e+01 3.107639061196822497e-05
5.050525262631315826e+01 3.098368880063429167e-05
5.054527263631815970e+01 3.089141422864242781e-05
5.058529264632316114e+01 3.079956420522847731e-05
5.062531265632816257e+01 3.070813606124347391e-05
5.066533266633316401e+01 3.061712714894182876e-05
5.070535267633816545e+01 3.052653484177180832e-05
5.074537268634316689e+01 3.043635653416850595e-05
5.078539269634817543e+01 3.034658964134935124e-05
5.082541270635317687e+01 3.025723159911176740e-05
5.086543271635817831e+01 3.016827986363327144e-05
5.090545272636317975e+01 3.007973191127381060e-05
5.094547273636818119e+01 2.999158523838045009e-05
5.098549274637318263e+01 2.990383736109425972e-05
5.102551275637819117e+01 2.981648581515936904e-05
5.106553276638319261e+01 2.972952815573425844e-05
5.110555277638819405e+01 2.964296195720517822e-05
5.114557278639319549e+01 2.955678481300163428e-05
5.118559279639819692e+01 2.947099433541412359e-05
5.122561280640319836e+01 2.938558815541372630e-05
5.126563281640819980e+01 2.930056392247394086e-05
5.130565282641320835e+01 2.921591930439432160e-05
5.134567283641820978e+01 2.913165198712638971e-05
5.138569284642321122e+01 2.904775967460114351e-05
5.142571285642821266e+01 2.896424008855878781e-05
5.146573286643321410e+01 2.888109096838028622e-05
5.150575287643821554e+01 2.879831007092074636e-05
5.154577288644321698e+01 2.871589517034473294e-05
5.158579289644822552e+01 2.863384405796335621e-05
5.162581290645322696e+01 2.855215454207331879e-05
5.166583291645822840e+01 2.847082444779748371e-05
5.170585292646322984e+01 2.838985161692745163e-05
5.174587293646823127e+01 2.830923390776784575e-05
5.178589294647323271e+01 2.822896919498216192e-05
5.182591295647823415e+01 2.814905536944049586e-05
5.186593296648324269e+01 2.806949033806885259e-05
5.190595297648824413e+01 2.799027202370018387e-05
5.194597298649324557e+01 2.791139836492693326e-05
5.198599299649824701e+01 2.783286731595533634e-05
5.202601300650324845e+01 2.775467684646124212e-05
5.206603301650824989e+01 2.767682494144752014e-05
5.210605302651325843e+01 2.759930960110301590e-05
5.214607303651825987e+01 2.752212884066309540e-05
5.218609304652326131e+01 2.744528069027155165e-05
5.222611305652826275e+01 2.736876319484423913e-05
5.226613306653326418e+01 2.729257441393395848e-05
5.230615307653826562e+01 2.721671242159697429e-05
5.234617308654326706e+01 2.714117530626086101e-05
5.238619309654827561e+01 2.706596117059379561e-05
5.242621310655327704e+01 2.699106813137532404e-05
5.246623311655827848e+01 2.691649431936842879e-05
5.250625312656327992e+01 2.684223787919298219e-05
5.254627313656828136e+01 2.676829696920060569e-05
5.258629314657328280e+01 2.669466976135079984e-05
5.262631315657828424e+01 2.662135444108845310e-05
5.266633316658329278e+01 2.654834920722261114e-05
5.270635317658829422e+01 2.647565227180655051e-05
5.274637318659329566e+01 2.640326186001910592e-05
5.278639319659829710e+01 2.633117621004730201e-05
5.282641320660329853e+01 2.625939357297018441e-05
5.286643321660829997e+01 2.618791221264384357e-05
5.290645322661330852e+01 2.611673040558774625e-05
5.294647323661830995e+01 2.604584644087226653e-05
5.298649324662331139e+01 2.597525862000711800e-05
5.302651325662831283e+01 2.590496525683143940e-05
5.306653326663331427e+01 2.583496467740463575e-05
5.310655327663831571e+01 2.576525521989846639e-05
5.314657328664331715e+01 2.569583523449037979e-05
5.318659329664832569e+01 2.562670308325779370e-05
5.322661330665332713e+01 2.555785714007357463e-05
5.326663331665832857e+01 2.548929579050256098e-05
5.330665332666333001e+01 2.542101743169920412e-05
5.334667333666833144e+01 2.535302047230613795e-05
5.338669334667333288e+01 2.528530333235404939e-05
5.342671335667833432e+01 2.521786444316226724e-05
5.346673336668334287e+01 2.515070224724064526e-05
5.350675337668834430e+01 2.508381519819229908e-05
5.354677338669334574e+01 2.501720176061735952e-05
5.358679339669834718e+01 2.495086041001776949e-05
5.362681340670334862e+01 2.488478963270303633e-05
5.366683341670835006e+01 2.481898792569686842e-05
5.370685342671335860e+01 2.475345379664488254e-05
5.374687343671836004e+01 2.468818576372319539e-05
5.378689344672336148e+01 2.462318235554793338e-05
5.382691345672836292e+01 2.455844211108560303e-05
5.386693346673336436e+01 2.449396357956458277e-05
5.390695347673836579e+01 2.442974532038723142e-05
5.394697348674336723e+01 2.436578590304307071e-05
5.398699349674837578e+01 2.430208390702280125e-05
5.402701350675337721e+01 2.423863792173318253e-05
5.406703351675837865e+01 2.417544654641269551e-05
5.410705352676338009e+01 2.411250839004819798e-05
5.414707353676838153e+01 2.404982207129227446e-05
5.418709354677338297e+01 2.398738621838148062e-05
5.422711355677838441e+01 2.392519946905544820e-05
5.426713356678339295e+01 2.386326047047663035e-05
5.430715357678839439e+01 2.380156787915110406e-05
5.434717358679339583e+01 2.374012036084991126e-05
5.438719359679839727e+01 2.367891659053130123e-05
5.442721360680339870e+01 2.361795525226373192e-05
5.446723361680840014e+01 2.355723503914969116e-05
5.450725362681340869e+01 2.349675465325008034e-05
5.454727363681841013e+01 2.343651280550964168e-05
5.458729364682341156e+01 2.337650821568275131e-05
5.462731365682841300e+01 2.331673961226030000e-05
5.466733366683341444e+01 2.325720573239707878e-05
5.470735367683841588e+01 2.319790532183992675e-05
5.474737368684341732e+01 2.313883713485657021e-05
5.478739369684842586e+01 2.307999993416517658e-05
5.482741370685342730e+01 2.302139249086468766e-05
5.486743371685842874e+01 2.296301358436559671e-05
5.490745372686343018e+01 2.290486200232156577e-05
5.494747373686843162e+01 2.284693654056180873e-05
5.498749374687343305e+01 2.278923600302385044e-05
5.502751375687843449e+01 2.273175920168713632e-05
5.506753376688344304e+01 2.267450495650727543e-05
5.510755377688844447e+01 2.261747209535088337e-05
5.514757378689344591e+01 2.256065945393096717e-05
5.518759379689844735e+01 2.250406587574309969e-05
5.522761380690344879e+01 2.244769021200206834e-05
5.526763381690845023e+01 2.239153132157923527e-05
5.530765382691345167e+01 2.233558807094042616e-05
5.534767383691846021e+01 2.227985933408441530e-05
5.538769384692346165e+01 2.222434399248207471e-05
5.542771385692846309e+01 2.216904093501598414e-05
5.546773386693346453e+01 2.211394905792072197e-05
5.550775387693846596e+01 2.205906726472368472e-05
5.554777388694346740e+01 2.200439446618646225e-05
5.558779389694847595e+01 2.194992958024675155e-05
5.562781390695347739e+01 2.189567153196088394e-05
5.566783391695847882e+01 2.184161925344681971e-05
5.570785392696348026e+01 2.178777168382774589e-05
5.574787393696848170e+01 2.173412776917614498e-05
5.578789394697348314e+01 2.168068646245847016e-05
5.582791395697848458e+01 2.162744672348024057e-05
5.586793396698349312e+01 2.157440751883171946e-05
5.590795397698849456e+01 2.152156782183413768e-05
5.594797398699349600e+01 2.146892661248628664e-05
5.598799399699849744e+01 2.141648287741175149e-05
5.602801400700349888e+01 2.136423560980655096e-05
5.606803401700850031e+01 2.131218380938732263e-05
5.610805402701350175e+01 2.126032648233991824e-05
5.614807403701851030e+01 2.120866264126853424e-05
5.618809404702351173e+01 2.115719130514536416e-05
5.622811405702851317e+01 2.110591149926054237e-05
5.626813406703351461e+01 2.105482225517272478e-05
5.630815407703851605e+01 2.100392261066006254e-05
5.634817408704351749e+01 2.095321160967161968e-05
5.638819409704852603e+01 2.090268830227922433e-05
5.642821410705352747e+01 2.085235174462984851e-05
5.646823411705852891e+01 2.080220099889828954e-05
5.650825412706353035e+01 2.075223513324040700e-05
5.654827413706853179e+01 2.070245322174670192e-05
5.658829414707353322e+01 2.065285434439642460e-05
5.662831415707853466e+01 2.060343758701194998e-05
5.666833416708354321e+01 2.055420204121369854e-05
5.670835417708854465e+01 2.050514680437546042e-05
5.674837418709354608e+01 2.045627097958000411e-05
5.678839419709854752e+01 2.040757367557523741e-05
5.682841420710354896e+01 2.035905400673071060e-05
5.686843421710855040e+01 2.031071109299444145e-05
5.690845422711355184e+01 2.026254405985024852e-05
5.694847423711856038e+01 2.021455203827540964e-05
5.698849424712356182e+01 2.016673416469869993e-05
5.702851425712856326e+01 2.011908958095879566e-05
5.706853426713356470e+01 2.007161743426313222e-05
5.710855427713856614e+01 2.002431687714698223e-05
5.714857428714356757e+01 1.997718706743310628e-05
5.718859429714857612e+01 1.993022716819153582e-05
5.722861430715357756e+01 1.988343634769992524e-05
5.726863431715857899e+01 1.983681377940408350e-05
5.730865432716358043e+01 1.979035864187898353e-05
5.734867433716858187e+01 1.974407011879007317e-05
5.738869434717358331e+01 1.969794739885490453e-05
5.742871435717858475e+01 1.965198967580514630e-05
5.746873436718359329e+01 1.960619614834891448e-05
5.750875437718859473e+01 1.956056602013345888e-05
5.754877438719359617e+01 1.951509849970809360e-05
5.758879439719859761e+01 1.946979280048760516e-05
5.762881440720359905e+01 1.942464814071582675e-05
5.766883441720860048e+01 1.937966374342965959e-05
5.770885442721360192e+01 1.933483883642332144e-05
5.774887443721861047e+01 1.929017265221295751e-05
5.778889444722361191e+01 1.924566442800158348e-05
5.782891445722861334e+01 1.920131340564421482e-05
5.786893446723361478e+01 1.915711883161345700e-05
5.790895447723861622e+01 1.911307995696534285e-05
5.794897448724361766e+01 1.906919603730538018e-05
5.798899449724862620e+01 1.902546633275500583e-05
5.802901450725362764e+01 1.898189010791833799e-05
5.806903451725862908e+01 1.893846663184909780e-05
5.810905452726363052e+01 1.889519517801792410e-05
5.814907453726863196e+01 1.885207502427995236e-05
5.818909454727363340e+01 1.880910545284264439e-05
5.822911455727863483e+01 1.876628575023393312e-05
5.826913456728364338e+01 1.872361520727058084e-05
5.830915457728864482e+01 1.868109311902695077e-05
5.834917458729364625e+01 1.863871878480382273e-05
5.838919459729864769e+01 1.859649150809767631e-05
5.842921460730364913e+01 1.855441059657017734e-05
5.846923461730865057e+01 1.851247536201788466e-05
5.850925462731365201e+01 1.847068512034223461e-05
5.854927463731866055e+01 1.842903919151981019e-05
5.858929464732366199e+01 1.838753689957290836e-05
5.862931465732866343e+01 1.834617757254015477e-05
5.866933466733366487e+01 1.830496054244766738e-05
5.870935467733866631e+01 1.826388514528019973e-05
5.874937468734366774e+01 1.822295072095270096e-05
5.878939469734866918e+01 1.818215661328199443e-05
5.882941470735367773e+01 1.814150216995885273e-05
5.886943471735867917e+01 1.810098674252014385e-05
5.890945472736368060e+01 1.806060968632125854e-05
5.894947473736868204e+01 1.802037036050889690e-05
5.898949474737368348e+01 1.798026812799387176e-05
5.902951475737868492e+01 1.794030235542432217e-05
5.906953476738369346e+01 1.790047241315907930e-05
5.910955477738869490e+01 1.786077767524120509e-05
5.914957478739369634e+01 1.782121751937187654e-05
5.918959479739869778e+01 1.778179132688433779e-05
5.922961480740369922e+01 1.774249848271826208e-05
5.926963481740870066e+01 1.770333837539408330e-05
5.930965482741370209e+01 1.766431039698780858e-05
5.934967483741871064e+01 1.762541394310580386e-05
5.938969484742371208e+01 1.758664841285995884e-05
5.942971485742871351e+01 1.754801320884292315e-05
5.946973486743371495e+01 1.750950773710371181e-05
5.950975487743871639e+01 1.747113140712334452e-05
5.954977488744371783e+01 1.743288363179078997e-05
5.958979489744871927e+01 1.739476382737904561e-05
5.962981490745372781e+01 1.735677141352152576e-05
5.966983491745872925e+01 1.731890581318850392e-05
5.970985492746373069e+01 1.728116645266380584e-05
5.974987493746873213e+01 1.724355276152175325e-05
5.978989494747373357e+01 1.720606417260421608e-05
5.982991495747873500e+01 1.716870012199785771e-05
5.986993496748374355e+01 1.713146004901165817e-05
5.990995497748874499e+01 1.709434339615448805e-05
5.994997498749374643e+01 1.705734960911298403e-05
5.998999499749874786e+01 1.702047813672950228e-05
6.003001500750374930e+01 1.698372843098034293e-05
6.007003501750875074e+01 1.694709994695411012e-05
6.011005502751375218e+01 1.691059214283022443e-05
6.015007503751876072e+01 1.687420447985765219e-05
6.019009504752376216e+01 1.683793642233380420e-05
6.023011505752876360e+01 1.680178743758356660e-05
6.027013506753376504e+01 1.676575699593854513e-05
6.031015507753876648e+01 1.672984457071643148e-05
6.035017508754376792e+01 1.669404963820058971e-05
6.039019509754876935e+01 1.665837167761979190e-05
6.043021510755377790e+01 1.662281017112808584e-05
6.047023511755877934e+01 1.658736460378484911e-05
6.051025512756378077e+01 1.655203446353496172e-05
6.055027513756878221e+01 1.651681924118928710e-05
6.059029514757378365e+01 1.648171843040505480e-05
6.063031515757878509e+01 1.644673152766666334e-05
6.067033516758379363e+01 1.641185803226642210e-05
6.071035517758879507e+01 1.637709744628562515e-05
6.075037518759379651e+01 1.634244927457564891e-05
6.079039519759879795e+01 1.630791302473923274e-05
6.083041520760379939e+01 1.627348820711195596e-05
6.087043521760880083e+01 1.623917433474378615e-05
6.091045522761380226e+01 1.620497092338083739e-05
6.095047523761881081e+01 1.617087749144726074e-05
6.099049524762381225e+01 1.613689356002726003e-05
6.103051525762881369e+01 1.610301865284721943e-05
6.107053526763381512e+01 1.606925229625804795e-05
6.111055527763881656e+01 1.603559401921763903e-05
6.115057528764381800e+01 1.600204335327340137e-05
6.119059529764881944e+01 1.596859983254501669e-05
6.123061530765382798e+01 1.593526299370729246e-05
6.127063531765882942e+01 1.590203237597315338e-05
6.131065532766383086e+01 1.586890752107675165e-05
6.135067533766883230e+01 1.583588797325674984e-05
6.139069534767383374e+01 1.580297327923967844e-05
6.143071535767883518e+01 1.577016298822344581e-05
6.147073536768384372e+01 1.573745665186103448e-05
6.151075537768884516e+01 1.570485382424426522e-05
6.155077538769384660e+01 1.567235406188761872e-05
6.159079539769884803e+01 1.563995692371237238e-05
6.163081540770384947e+01 1.560766197103066925e-05
6.167083541770885091e+01 1.557546876752980396e-05
6.171085542771385235e+01 1.554337687925665416e-05
6.175087543771886089e+01 1.551138587460216636e-05
6.179089544772386233e+01 1.547949532428599407e-05
6.183091545772886377e+01 1.544770480134123768e-05
6.187093546773386521e+01 1.541601388109934694e-05
6.191095547773886665e+01 1.538442214117504718e-05
6.195097548774386809e+01 1.535292916145156704e-05
6.199099549774886952e+01 1.532153452406569339e-05
6.203101550775387807e+01 1.529023781339320244e-05
6.207103551775887951e+01 1.525903861603430085e-05
6.211105552776388095e+01 1.522793652079914663e-05
6.215107553776888238e+01 1.519693111869352744e-05
6.219109554777388382e+01 1.516602200290464063e-05
6.223111555777888526e+01 1.513520876878697153e-05
6.227113556778388670e+01 1.510449101384826483e-05
6.231115557778889524e+01 1.507386833773567397e-05
6.235117558779389668e+01 1.504334034222190193e-05
6.239119559779889812e+01 1.501290663119155893e-05
6.243121560780389956e+01 1.498256681062753708e-05
6.247123561780890100e+01 1.495232048859754592e-05
6.251125562781390244e+01 1.492216727524072594e-05
6.255127563781891098e+01 1.489210678275436367e-05
6.259129564782391242e+01 1.486213862538070341e-05
6.263131565782891386e+01 1.483226241939389447e-05
6.267133566783391529e+01 1.480247778308695357e-05
6.271135567783891673e+01 1.477278433675891883e-05
6.275137568784391817e+01 1.474318170270207135e-05
6.279139569784891961e+01 1.471366950518919589e-05
6.283141570785392815e+01 1.468424737046100916e-05
6.287143571785892959e+01 1.465491492671367800e-05
6.291145572786393103e+01 1.462567180408636454e-05
6.295147573786893247e+01 1.459651763464893242e-05
6.299149574787393391e+01 1.456745205238973426e-05
6.303151575787893535e+01 1.453847469320342789e-05
6.307153576788393678e+01 1.450958519487900784e-05
6.311155577788894533e+01 1.448078319708777236e-05
6.315157578789394677e+01 1.445206834137152593e-05
6.319159579789894821e+01 1.442344027113075300e-05
6.323161580790394964e+01 1.439489863161294420e-05
6.327163581790895108e+01 1.436644306990099875e-05
6.331165582791395252e+01 1.433807323490168784e-05
6.335167583791896107e+01 1.430978877733424686e-05
6.339169584792396250e+01 1.428158934971902000e-05
6.343171585792896394e+01 1.425347460636618122e-05
6.347173586793396538e+01 1.422544420336457033e-05
6.351175587793896682e+01 1.419749779857055787e-05
6.355177588794396826e+01 1.416963505159708964e-05
6.359179589794896970e+01 1.414185562380269388e-05
6.363181590795397824e+01 1.411415917828064599e-05
6.367183591795897968e+01 1.408654537984820790e-05
6.371185592796398112e+01 1.405901389503587406e-05
6.375187593796898256e+01 1.403156439207682425e-05
6.379189594797398399e+01 1.400419654089631358e-05
6.383191595797898543e+01 1.397691001310125915e-05
6.387193596798398687e+01 1.394970448196980962e-05
6.391195597798899541e+01 1.392257962244106731e-05
6.395197598799399685e+01 1.389553511110482052e-05
6.399199599799899829e+01 1.386857062619138417e-05
6.403201600800400684e+01 1.384168584756150998e-05
6.407203601800900117e+01 1.381488045669639651e-05
6.411205602801400971e+01 1.378815413668767390e-05
6.415207603801900405e+01 1.376150657222761384e-05
6.419209604802401259e+01 1.373493744959925145e-05
6.423211605802900692e+01 1.370844645666672406e-05
6.427213606803401547e+01 1.368203328286553539e-05
6.431215607803902401e+01 1.365569761919301796e-05
6.435217608804401834e+01 1.362943915819880908e-05
6.439219609804902689e+01 1.360325759397533691e-05
6.443221610805402122e+01 1.357715262214851842e-05
6.447223611805902976e+01 1.355112393986835728e-05
6.451225612806402410e+01 1.352517124579976204e-05
6.455227613806903264e+01 1.349929424011328636e-05
6.459229614807404118e+01 1.347349262447608606e-05
6.463231615807903552e+01 1.344776610204280172e-05
6.467233616808404406e+01 1.342211437744657499e-05
6.471235617808903839e+01 1.339653715679016154e-05
6.475237618809404694e+01 1.337103414763699658e-05
6.479239619809904127e+01 1.334560505900248223e-05
6.483241620810404982e+01 1.332024960134515301e-05
6.487243621810905836e+01 1.329496748655806488e-05
6.491245622811405269e+01 1.326975842796017416e-05
6.495247623811906124e+01 1.324462214028771809e-05
6.499249624812405557e+01 1.321955833968582754e-05
6.503251625812906411e+01 1.319456674369997703e-05
6.507253626813405845e+01 1.316964707126770926e-05
6.511255627813906699e+01 1.314479904271024606e-05
6.515257628814407553e+01 1.312002237972426201e-05
6.519259629814906987e+01 1.309531680537370552e-05
6.523261630815407841e+01 1.307068204408159102e-05
6.527263631815907274e+01 1.304611782162199289e-05
6.531265632816408129e+01 1.302162386511194942e-05
6.535267633816907562e+01 1.299719990300353638e-05
6.539269634817408416e+01 1.297284566507590650e-05
6.543271635817909271e+01 1.294856088242748501e-05
6.547273636818408704e+01 1.292434528746812772e-05
6.551275637818909559e+01 1.290019861391133515e-05
6.555277638819408992e+01 1.287612059676664107e-05
6.559279639819909846e+01 1.285211097233186385e-05
6.563281640820410701e+01 1.282816947818561529e-05
6.567283641820910134e+01 1.280429585317969428e-05
6.571285642821410988e+01 1.278048983743159902e-05
6.575287643821910422e+01 1.275675117231714258e-05
6.579289644822411276e+01 1.273307960046300749e-05
6.583291645822910709e+01 1.270947486573948159e-05
6.587293646823411564e+01 1.268593671325308374e-05
6.591295647823912418e+01 1.266246488933942845e-05
6.595297648824411851e+01 1.263905914155599047e-05
6.599299649824912706e+01 1.261571921867494912e-05
6.603301650825412139e+01 1.259244487067618328e-05
6.607303651825912993e+01 1.256923584874015125e-05
6.611305652826412427e+01 1.254609190524096711e-05
6.615307653826913281e+01 1.252301279373940082e-05
6.619309654827414136e+01 1.249999826897606130e-05
6.623311655827913569e+01 1.247704808686447958e-05
6.627313656828414423e+01 1.245416200448434439e-05
6.631315657828913857e+01 1.243133978007477668e-05
6.635317658829414711e+01 1.240858117302755173e-05
6.639319659829914144e+01 1.238588594388051257e-05
6.643321660830414999e+01 1.236325385431090044e-05
6.647323661830915853e+01 1.234068466712884624e-05
6.651325662831415286e+01 1.231817814627077885e-05
6.655327663831916141e+01 1.229573405679296403e-05
6.659329664832415574e+01 1.227335216486510418e-05
6.663331665832916428e+01 1.225103223776389925e-05
6.667333666833415862e+01 1.222877404386672105e-05
6.671335667833916716e+01 1.220657735264528257e-05
6.675337668834417570e+01 1.218444193465941223e-05
6.679339669834917004e+01 1.216236756155080114e-05
6.683341670835417858e+01 1.214035400603680789e-05
6.687343671835917291e+01 1.211840104190436157e-05
6.691345672836418146e+01 1.209650844400382421e-05
6.695347673836917579e+01 1.207467598824296666e-05
6.699349674837418434e+01 1.205290345158091909e-05
6.703351675837919288e+01 1.203119061202221973e-05
6.707353676838418721e+01 1.200953724861088056e-05
6.711355677838919576e+01 1.198794314142443946e-05
6.715357678839419009e+01 1.196640807156819357e-05
6.719359679839919863e+01 1.194493182116928027e-05
6.723361680840420718e+01 1.192351417337098510e-05
6.727363681840920151e+01 1.190215491232695649e-05
6.731365682841421005e+01 1.188085382319546803e-05
6.735367683841920439e+01 1.185961069213385170e-05
6.739369684842421293e+01 1.183842530629275674e-05
6.743371685842920726e+01 1.181729745381067268e-05
6.747373686843421581e+01 1.179622692380825257e-05
6.751375687843922435e+01 1.177521350638291565e-05
6.755377688844421868e+01 1.175425699260328577e-05
6.759379689844922723e+01 1.173335717450377374e-05
6.763381690845422156e+01 1.171251384507917156e-05
6.767383691845923011e+01 1.169172679827928563e-05
6.771385692846422444e+01 1.167099582900359370e-05
6.775387693846923298e+01 1.165032073309591526e-05
6.779389694847424153e+01 1.162970130733919899e-05
6.783391695847923586e+01 1.160913734945026261e-05
6.787393696848424440e+01 1.158862865807455825e-05
6.791395697848923874e+01 1.156817503278108350e-05
6.795397698849424728e+01 1.154777627405717717e-05
6.799399699849924161e+01 1.152743218330347276e-05
6.803401700850425016e+01 1.150714256282881277e-05
6.807403701850925870e+01 1.148690721584522591e-05
6.811405702851425303e+01 1.146672594646291932e-05
6.815407703851926158e+01 1.144659855968530490e-05
6.819409704852425591e+01 1.142652486140412373e-05
6.823411705852926445e+01 1.140650465839444348e-05
6.827413706853425879e+01 1.138653775830989814e-05
6.831415707853926733e+01 1.136662396967775994e-05
6.835417708854427588e+01 1.134676310189419089e-05
6.839419709854927021e+01 1.132695496521946046e-05
6.843421710855427875e+01 1.130719937077315470e-05
6.847423711855927309e+01 1.128749613052953119e-05
6.851425712856428163e+01 1.126784505731276205e-05
6.855427713856927596e+01 1.124824596479237520e-05
6.859429714857428451e+01 1.122869866747851611e-05
6.863431715857929305e+01 1.120920298071745002e-05
6.867433716858428738e+01 1.118975872068695915e-05
6.871435717858929593e+01 1.117036570439179077e-05
6.875437718859429026e+01 1.115102374965919673e-05
6.879439719859929880e+01 1.113173267513439842e-05
6.883441720860429314e+01 1.111249230027621441e-05
6.887443721860930168e+01 1.109330244535255081e-05
6.891445722861431022e+01 1.107416293143608485e-05
6.895447723861930456e+01 1.105507358039988057e-05
6.899449724862431310e+01 1.103603421491301311e-05
6.903451725862930743e+01 1.101704465843633011e-05
6.907453726863431598e+01 1.099810473521810306e-05
6.911455727863932452e+01 1.097921427028981586e-05
6.915457728864431886e+01 1.096037308946195506e-05
6.919459729864932740e+01 1.094158101931973234e-05
6.923461730865432173e+01 1.092283788721899842e-05
6.927463731865933028e+01 1.090414352128204856e-05
6.931465732866432461e+01 1.088549775039352293e-05
6.935467733866933315e+01 1.086690040419628662e-05
6.939469734867434170e+01 1.084835131308739270e-05
6.943471735867933603e+01 1.082985030821402999e-05
6.947473736868434457e+01 1.081139722146947259e-05
6.951475737868933891e+01 1.079299188548916485e-05
6.955477738869434745e+01 1.077463413364664886e-05
6.959479739869934178e+01 1.075632380004972907e-05
6.963481740870435033e+01 1.073806071953647262e-05
6.967483741870935887e+01 1.071984472767136550e-05
6.971485742871435320e+01 1.070167566074144327e-05
6.975487743871936175e+01 1.068355335575239138e-05
6.979489744872435608e+01 1.066547765042480801e-05
6.983491745872936463e+01 1.064744838319034500e-05
6.987493746873435896e+01 1.062946539318797247e-05
6.991495747873936750e+01 1.061152852026019251e-05
6.995497748874437605e+01 1.059363760494935805e-05
6.999499749874937038e+01 1.057579248849393741e-05
7.003501750875437892e+01 1.055799301282485172e-05
7.007503751875937326e+01 1.054023902056181238e-05
7.011505752876438180e+01 1.052253035500968555e-05
7.015507753876937613e+01 1.050486686015489571e-05
7.019509754877438468e+01 1.048724838066179181e-05
7.023511755877939322e+01 1.046967476186915420e-05
7.027513756878438755e+01 1.045214584978660481e-05
7.031515757878939610e+01 1.043466149109106322e-05
7.035517758879439043e+01 1.041722153312329078e-05
7.039519759879939897e+01 1.039982582388438383e-05
7.043521760880439331e+01 1.038247421203234497e-05
7.047523761880940185e+01 1.036516654687860512e-05
7.051525762881441040e+01 1.034790267838464723e-05
7.055527763881940473e+01 1.033068245715857752e-05
7.059529764882441327e+01 1.031350573445177970e-05
7.063531765882940761e+01 1.029637236215554883e-05
7.067533766883441615e+01 1.027928219279775911e-05
7.071535767883942469e+01 1.026223507953955878e-05
7.075537768884441903e+01 1.024523087617207851e-05
7.079539769884942757e+01 1.022826943711314323e-05
7.083541770885442190e+01 1.021135061740404666e-05
7.087543771885943045e+01 1.019447427270628342e-05
7.091545772886442478e+01 1.017764025929838621e-05
7.095547773886943332e+01 1.016084843407268678e-05
7.099549774887444187e+01 1.014409865453216665e-05
7.103551775887943620e+01 1.012739077878731799e-05
7.107553776888444474e+01 1.011072466555296220e-05
7.111555777888943908e+01 1.009410017414518361e-05
7.115557778889444762e+01 1.007751716447818533e-05
7.119559779889944195e+01 1.006097549706127548e-05
7.123561780890445050e+01 1.004447503299573317e-05
7.127563781890945904e+01 1.002801563397182527e-05
7.131565782891445338e+01 1.001159716226575878e-05
7.135567783891946192e+01 9.995219480736673842e-06
7.139569784892445625e+01 9.978882452823674060e-06
7.143571785892946480e+01 9.962585942542836475e-06
7.147573786893445913e+01 9.946329814484280825e-06
7.151575787893946767e+01 9.930113933809228647e-06
7.155577788894447622e+01 9.913938166247091181e-06
7.159579789894947055e+01 9.897802378092569126e-06
7.163581790895447909e+01 9.881706436202757483e-06
7.167583791895947343e+01 9.865650207994323240e-06
7.171585792896448197e+01 9.849633561440606828e-06
7.175587793896947630e+01 9.833656365068854012e-06
7.179589794897448485e+01 9.817718487957334292e-06
7.183591795897949339e+01 9.801819799732615146e-06
7.187593796898448772e+01 9.785960170566729551e-06
7.191595797898949627e+01 9.770139471174438378e-06
7.195597798899449060e+01 9.754357572810494470e-06
7.199599799899949915e+01 9.738614347266876236e-06
7.203601800900449348e+01 9.722909666870136434e-06
7.207603801900950202e+01 9.707243404478627298e-06
7.211605802901451057e+01 9.691615433479884890e-06
7.215607803901950490e+01 9.676025627787945710e-06
7.219609804902451344e+01 9.660473861840668372e-06
7.223611805902950778e+01 9.644960010597143377e-06
7.227613806903451632e+01 9.629483949535045292e-06
7.231615807903951065e+01 9.614045554648052684e-06
7.235617808904451920e+01 9.598644702443222317e-06
7.239619809904952774e+01 9.583281269938470081e-06
7.243621810905452207e+01 9.567955134659982455e-06
7.247623811905953062e+01 9.552666174639665246e-06
7.251625812906452495e+01 9.537414268412656697e-06
7.255627813906953349e+01 9.522199295014760983e-06
7.259629814907454204e+01 9.507021133980001973e-06
7.263631815907953637e+01 9.491879665338109242e-06
7.267633816908454492e+01 9.476774769612063366e-06
7.271635817908953925e+01 9.461706327815637833e-06
7.275637818909454779e+01 9.446674221450961285e-06
7.279639819909954213e+01 9.431678332506101775e-06
7.283641820910455067e+01 9.416718543452617151e-06
7.287643821910955921e+01 9.401794737243217246e-06
7.291645822911455355e+01 9.386906797309337974e-06
7.295647823911956209e+01 9.372054607558784881e-06
7.299649824912455642e+01 9.357238052373391954e-06
7.303651825912956497e+01 9.342457016606641452e-06
7.307653826913455930e+01 9.327711385581388776e-06
7.311655827913956784e+01 9.313001045087487392e-06
7.315657828914457639e+01 9.298325881379547578e-06
7.319659829914957072e+01 9.283685781174627415e-06
7.323661830915457926e+01 9.269080631649925469e-06
7.327663831915957360e+01 9.254510320440571727e-06
7.331665832916458214e+01 9.239974735637328750e-06
7.335667833916957647e+01 9.225473765784411413e-06
7.339669834917458502e+01 9.211007299877216854e-06
7.343671835917959356e+01 9.196575227360135742e-06
7.347673836918458790e+01 9.182177438124353378e-06
7.351675837918959644e+01 9.167813822505667740e-06
7.355677838919459077e+01 9.153484271282322771e-06
7.359679839919959932e+01 9.139188675672811179e-06
7.363681840920459365e+01 9.124926927333800895e-06
7.367683841920960219e+01 9.110698918357910768e-06
7.371685842921461074e+01 9.096504541271675993e-06
7.375687843921960507e+01 9.082343689033376313e-06
7.379689844922461361e+01 9.068216255030952326e-06
7.383691845922960795e+01 9.054122133079945493e-06
7.387693846923461649e+01 9.040061217421385643e-06
7.391695847923961082e+01 9.026033402719754704e-06
7.395697848924461937e+01 9.012038584060923330e-06
7.399699849924962791e+01 8.998076656950114636e-06
7.403701850925462224e+01 8.984147517309893339e-06
7.407703851925963079e+01 8.970251061478109165e-06
7.411705852926462512e+01 8.956387186205945283e-06
7.415707853926963367e+01 8.942555788655878648e-06
7.419709854927464221e+01 8.928756766399726749e-06
7.423711855927963654e+01 8.914990017416663852e-06
7.427713856928464509e+01 8.901255440091262661e-06
7.431715857928963942e+01 8.887552933211563086e-06
7.435717858929464796e+01 8.873882395967093569e-06
7.439719859929964230e+01 8.860243727947000842e-06
7.443721860930465084e+01 8.846636829138083109e-06
7.447723861930965938e+01 8.833061599922918108e-06
7.451725862931465372e+01 8.819517941077964062e-06
7.455727863931966226e+01 8.806005753771645384e-06
7.459729864932465659e+01 8.792524939562534946e-06
7.463731865932966514e+01 8.779075400397434698e-06
7.467733866933465947e+01 8.765657038609574883e-06
7.471735867933966802e+01 8.752269756916726841e-06
7.475737868934467656e+01 8.738913458419400525e-06
7.479739869934967089e+01 8.725588046599031853e-06
7.483741870935467944e+01 8.712293425316120928e-06
7.487743871935967377e+01 8.699029498808504086e-06
7.491745872936468231e+01 8.685796171689492127e-06
7.495747873936967665e+01 8.672593348946155912e-06
7.499749874937468519e+01 8.659420935937491695e-06
7.503751875937969373e+01 8.646278838392715195e-06
7.507753876938468807e+01 8.633166962409476053e-06
7.511755877938969661e+01 8.620085214452124801e-06
7.515757878939469094e+01 8.607033501349991691e-06
7.519759879939969949e+01 8.594011730295638421e-06
7.523761880940469382e+01 8.581019808843199644e-06
7.527763881940970236e+01 8.568057644906595726e-06
7.531765882941471091e+01 8.555125146757930162e-06
7.535767883941970524e+01 8.542222223025741298e-06
7.539769884942471379e+01 8.529348782693347233e-06
7.543771885942970812e+01 8.516504735097189016e-06
7.547773886943471666e+01 8.503689989925156914e-06
7.551775887943971100e+01 8.490904457214959027e-06
7.555777888944471954e+01 8.478148047352478039e-06
7.559779889944972808e+01 8.465420671070138142e-06
7.563781890945472242e+01 8.452722239445287203e-06
7.567783891945973096e+01 8.440052663898570462e-06
7.571785892946472529e+01 8.427411856192375375e-06
7.575787893946973384e+01 8.414799728429169740e-06
7.579789894947472817e+01 8.402216193049977035e-06
7.583791895947973671e+01 8.389661162832746729e-06
7.587793896948474526e+01 8.377134550890841477e-06
7.591795897948973959e+01 8.364636270671446398e-06
7.595797898949474813e+01 8.352166235954005445e-06
7.599799899949974247e+01 8.339724360848712001e-06
7.603801900950475101e+01 8.327310559794948635e-06
7.607803901950975956e+01 8.314924747559779392e-06
7.611805902951475389e+01 8.302566839236430208e-06
7.615807903951976243e+01 8.290236750242752398e-06
7.619809904952475677e+01 8.277934396319774229e-06
7.623811905952976531e+01 8.265659693530155928e-06
7.627813906953475964e+01 8.253412558256746341e-06
7.631815907953976819e+01 8.241192907201058275e-06
7.635817908954477673e+01 8.229000657381869196e-06
7.639819909954977106e+01 8.216835726133696571e-06
7.643821910955477961e+01 8.204698031105368079e-06
7.647823911955977394e+01 8.192587490258596898e-06
7.651825912956478248e+01 8.180504021866502785e-06
7.655827913956977682e+01 8.168447544512229724e-06
7.659829914957478536e+01 8.156417977087478859e-06
7.663831915957979390e+01 8.144415238791132913e-06
7.667833916958478824e+01 8.132439249127839954e-06
7.671835917958979678e+01 8.120489927906583596e-06
7.675837918959479111e+01 8.108567195239339611e-06
7.679839919959979966e+01 8.096670971539663076e-06
7.683841920960479399e+01 8.084801177521316176e-06
7.687843921960980254e+01 8.072957734196896018e-06
7.691845922961481108e+01 8.061140562876492925e-06
7.695847923961980541e+01 8.049349585166313159e-06
7.699849924962481396e+01 8.037584722967337230e-06
7.703851925962980829e+01 8.025845898473993431e-06
7.707853926963481683e+01 8.014133034172814452e-06
7.711855927963981117e+01 8.002446052841095676e-06
7.715857928964481971e+01 7.990784877545614465e-06
7.719859929964982825e+01 7.979149431641279993e-06
7.723861930965482259e+01 7.967539638769866080e-06
7.727863931965983113e+01 7.955955422858677965e-06
7.731865932966482546e+01 7.944396708119283451e-06
7.735867933966983401e+01 7.932863419046208472e-06
7.739869934967482834e+01 7.921355480415707203e-06
7.743871935967983688e+01 7.909872817284420359e-06
7.747873936968484543e+01 7.898415354988182573e-06
7.751875937968983976e+01 7.886983019140712884e-06
7.755877938969484831e+01 7.875575735632396701e-06
7.759879939969984264e+01 7.864193430629025421e-06
7.763881940970485118e+01 7.852836030570558063e-06
7.767883941970985973e+01 7.841503462169911710e-06
7.771885942971485406e+01 7.830195652411712977e-06
7.775887943971986260e+01 7.818912528551078290e-06
7.779889944972485694e+01 7.807654018112446668e-06
7.783891945972986548e+01 7.796420048888314259e-06
7.787893946973485981e+01 7.785210548938077294e-06
7.791895947973986836e+01 7.774025446586817439e-06
7.795897948974487690e+01 7.762864670424137975e-06
7.799899949974987123e+01 7.751728149302967782e-06
7.803901950975487978e+01 7.740615812338377195e-06
7.807903951975987411e+01 7.729527588906442973e-06
7.811905952976488265e+01 7.718463408643059067e-06
7.815907953976987699e+01 7.707423201442796515e-06
7.819909954977488553e+01 7.696406897457743005e-06
7.823911955977989408e+01 7.685414427096367852e-06
7.827913956978488841e+01 7.674445721022390361e-06
7.831915957978989695e+01 7.663500710153621086e-06
7.835917958979489129e+01 7.652579325660875936e-06
7.839919959979989983e+01 7.641681498966824206e-06
7.843921960980489416e+01 7.630807161744889133e-06
7.847923961980990271e+01 7.619956245918137431e-06
7.851925962981491125e+01 7.609128683658181542e-06
7.855927963981990558e+01 7.598324407384080181e-06
7.859929964982491413e+01 7.587543349761225339e-06
7.863931965982990846e+01 7.576785443700309747e-06
7.867933966983491700e+01 7.566050622356192704e-06
7.871935967983991134e+01 7.555338819126859066e-06
7.875937968984491988e+01 7.544649967652327426e-06
7.879939969984992842e+01 7.533984001813619274e-06
7.883941970985492276e+01 7.523340855731665477e-06
7.887943971985993130e+01 7.512720463766274590e-06
7.891945972986492563e+01 7.502122760515100329e-06
7.895947973986993418e+01 7.491547680812550587e-06
7.899949974987492851e+01 7.480995159728810807e-06
7.903951975987993706e+01 7.470465132568769099e-06
7.907953976988494560e+01 7.459957534871023514e-06
7.911955977988993993e+01 7.449472302406835113e-06
7.915957978989494848e+01 7.439009371179124235e-06
7.919959979989994281e+01 7.428568677421469299e-06
7.923961980990495135e+01 7.418150157597084440e-06
7.927963981990994569e+01 7.407753748397844572e-06
7.931965982991495423e+01 7.397379386743255396e-06
7.935967983991996277e+01 7.387027009779507265e-06
7.939969984992495711e+01 7.376696554878460436e-06
7.943971985992996565e+01 7.366387959636666752e-06
7.947973986993495998e+01 7.356101161874415877e-06
7.951975987993996853e+01 7.345836099634751049e-06
7.955977988994497707e+01 7.335592711182500916e-06
7.959979989994997140e+01 7.325370935003345263e-06
7.963981990995497995e+01 7.315170709802818901e-06
7.967983991995997428e+01 7.304991974505398561e-06
7.971985992996498283e+01 7.294834668253549142e-06
7.975987993996997716e+01 7.284698730406769945e-06
7.979989994997498570e+01 7.274584100540677342e-06
7.983991995997999425e+01 7.264490718446061175e-06
7.987993996998498858e+01 7.254418524127972508e-06
7.991995997998999712e+01 7.244367457804776642e-06
7.995997998999499146e+01 7.234337459907277280e-06
8.000000000000000000e+01 7.224328471077762771e-06
