0.000000000000000000e+00 1.093201996130602834e-05
4.002001000500250011e-02 1.099094922019395224e-05
8.004002001000500022e-02 1.105037008439562666e-05
1.200600300150075073e-01 1.111028812806401397e-05
1.600800400200100004e-01 1.117070900530825646e-05
2.001000500250124936e-01 1.123163845158089096e-05
2.401200600300150145e-01 1.129308228509323751e-05
2.801400700350175077e-01 1.135504640825967014e-05
3.201600800400200009e-01 1.141753680917153726e-05
3.601800900450224940e-01 1.148055956310124478e-05
4.002001000500249872e-01 1.154412083403739663e-05
4.402201100550274804e-01 1.160822687625163291e-05
4.802401200600300291e-01 1.167288403589789418e-05
5.202601300650324667e-01 1.173809875264498767e-05
5.602801400700350154e-01 1.180387756134313812e-05
6.003001500750374531e-01 1.187022709372538398e-05
6.403201600800400017e-01 1.193715408014468266e-05
6.803401700850425504e-01 1.200466535134751963e-05
7.203601800900449881e-01 1.207276784028499532e-05
7.603801900950475368e-01 1.214146858396215890e-05
8.004002001000499744e-01 1.221077472532668679e-05
8.404202101050525231e-01 1.228069351519772236e-05
8.804402201100549608e-01 1.235123231423592379e-05
9.204602301150575094e-01 1.242239859495574162e-05
9.604802401200600581e-01 1.249419994378095089e-05
1.000500250125062607e+00 1.256664406314443559e-05
1.040520260130064933e+00 1.263973877363346060e-05
1.080540270135067482e+00 1.271349201618146258e-05
1.120560280140070031e+00 1.278791185430748144e-05
1.160580290145072579e+00 1.286300647640457058e-05
1.200600300150074906e+00 1.293878419807827533e-05
1.240620310155077455e+00 1.301525346453644830e-05
1.280640320160080003e+00 1.309242285303184166e-05
1.320660330165082552e+00 1.317030107535857754e-05
1.360680340170085101e+00 1.324889698040407872e-05
1.400700350175087427e+00 1.332821955675775560e-05
1.440720360180089976e+00 1.340827793537792166e-05
1.480740370185092525e+00 1.348908139231842975e-05
1.520760380190095074e+00 1.357063935151660143e-05
1.560780390195097400e+00 1.365296138764394006e-05
1.600800400200099949e+00 1.373605722902139969e-05
1.640820410205102498e+00 1.381993676060068015e-05
1.680840420210105046e+00 1.390461002701349989e-05
1.720860430215107595e+00 1.399008723569041027e-05
1.760880440220109922e+00 1.407637876005115365e-05
1.800900450225112470e+00 1.416349514276831178e-05
1.840920460230115019e+00 1.425144709910622503e-05
1.880940470235117568e+00 1.434024552033723886e-05
1.920960480240120116e+00 1.442990147723722245e-05
1.960980490245122443e+00 1.452042622366252786e-05
2.001000500250125214e+00 1.461183120021061401e-05
2.041020510255127540e+00 1.470412803796647171e-05
2.081040520260129867e+00 1.479732856233725531e-05
2.121060530265132638e+00 1.489144479697746726e-05
2.161080540270134964e+00 1.498648896780711980e-05
2.201100550275137291e+00 1.508247350712551646e-05
2.241120560280140062e+00 1.517941105782305733e-05
2.281140570285142388e+00 1.527731447769400727e-05
2.321160580290145159e+00 1.537619684385276814e-05
2.361180590295147486e+00 1.547607145725671287e-05
2.401200600300149812e+00 1.557695184733833251e-05
2.441220610305152583e+00 1.567885177674989978e-05
2.481240620310154910e+00 1.578178524622369323e-05
2.521260630315157680e+00 1.588576649955105013e-05
2.561280640320160007e+00 1.599081002868353083e-05
2.601300650325162334e+00 1.609693057895974906e-05
2.641320660330165104e+00 1.620414315446125269e-05
2.681340670335167431e+00 1.631246302350127019e-05
2.721360680340170202e+00 1.642190572425005965e-05
2.761380690345172528e+00 1.653248707050064179e-05
2.801400700350174855e+00 1.664422315757916541e-05
2.841420710355177626e+00 1.675713036840391029e-05
2.881440720360179952e+00 1.687122537969721673e-05
2.921460730365182723e+00 1.698652516835483115e-05
2.961480740370185050e+00 1.710304701797726867e-05
3.001500750375187376e+00 1.722080852556788546e-05
3.041520760380190147e+00 1.733982760840246153e-05
3.081540770385192474e+00 1.746012251107554596e-05
3.121560780390194800e+00 1.758171181272856842e-05
3.161580790395197571e+00 1.770461443446522641e-05
3.201600800400199898e+00 1.782884964695971816e-05
3.241620810405202668e+00 1.795443707826346920e-05
3.281640820410204995e+00 1.808139672181649537e-05
3.321660830415207322e+00 1.820974894466932797e-05
3.361680840420210092e+00 1.833951449592203695e-05
3.401700850425212419e+00 1.847071451538684700e-05
3.441720860430215190e+00 1.860337054248119065e-05
3.481740870435217516e+00 1.873750452535820850e-05
3.521760880440219843e+00 1.887313883028191651e-05
3.561780890445222614e+00 1.901029625125478918e-05
3.601800900450224940e+00 1.914900001990523949e-05
3.641820910455227711e+00 1.928927381564334069e-05
3.681840920460230038e+00 1.943114177609296537e-05
3.721860930465232364e+00 1.957462850780905615e-05
3.761880940470235135e+00 1.971975909728898967e-05
3.801900950475237462e+00 1.986655912228722911e-05
3.841920960480240232e+00 2.001505466344290123e-05
3.881940970485242559e+00 2.016527231623033349e-05
3.921960980490244886e+00 2.031723920324257675e-05
3.961980990495247656e+00 2.047098298681892170e-05
4.002001000500250427e+00 2.062653188202723384e-05
4.042021010505252754e+00 2.078391467001250838e-05
4.082041020510255080e+00 2.094316071172387263e-05
4.122061030515257407e+00 2.110429996203179272e-05
4.162081040520259734e+00 2.126736298424880349e-05
4.202101050525262949e+00 2.143238096506657199e-05
4.242121060530265275e+00 2.159938572992322318e-05
4.282141070535267602e+00 2.176840975881507678e-05
4.322161080540269928e+00 2.193948620256769958e-05
4.362181090545272255e+00 2.211264889958127242e-05
4.402201100550274582e+00 2.228793239306658247e-05
4.442221110555277797e+00 2.246537194878774781e-05
4.482241120560280123e+00 2.264500357332907248e-05
4.522261130565282450e+00 2.282686403290368749e-05
4.562281140570284776e+00 2.301099087272243305e-05
4.602301150575287103e+00 2.319742243694214849e-05
4.642321160580290318e+00 2.338619788921337023e-05
4.682341170585292645e+00 2.357735723384792907e-05
4.722361180590294971e+00 2.377094133762821897e-05
4.762381190595297298e+00 2.396699195228016362e-05
4.802401200600299624e+00 2.416555173763323513e-05
4.842421210605302839e+00 2.436666428549177032e-05
4.882441220610305166e+00 2.457037414424241624e-05
4.922461230615307493e+00 2.477672684422394943e-05
4.962481240620309819e+00 2.498576892388658065e-05
5.002501250625312146e+00 2.519754795676898865e-05
5.042521260630315361e+00 2.541211257932229876e-05
5.082541270635317687e+00 2.562951251961175027e-05
5.122561280640320014e+00 2.584979862692776887e-05
5.162581290645322341e+00 2.607302290233944796e-05
5.202601300650324667e+00 2.629923853022512646e-05
5.242621310655327882e+00 2.652849991081570298e-05
5.282641320660330209e+00 2.676086269378823696e-05
5.322661330665332535e+00 2.699638381294873591e-05
5.362681340670334862e+00 2.723512152204458979e-05
5.402701350675337189e+00 2.747713543174918729e-05
5.442721360680340403e+00 2.772248654786240715e-05
5.482741370685342730e+00 2.797123731077328686e-05
5.522761380690345057e+00 2.822345163623255328e-05
5.562781390695347383e+00 2.847919495748511210e-05
5.602801400700349710e+00 2.873853426881442261e-05
5.642821410705352925e+00 2.900153817055334740e-05
5.682841420710355251e+00 2.926827691561806894e-05
5.722861430715357578e+00 2.953882245762438571e-05
5.762881440720359905e+00 2.981324850064808569e-05
5.802901450725362231e+00 3.009163055069419526e-05
5.842921460730365446e+00 3.037404596894223262e-05
5.882941470735367773e+00 3.066057402683812852e-05
5.922961480740370099e+00 3.095129596310632666e-05
5.962981490745372426e+00 3.124629504275898786e-05
6.003001500750374753e+00 3.154565661818262726e-05
6.043021510755377079e+00 3.184946819238643716e-05
6.083041520760380294e+00 3.215781948449986186e-05
6.123061530765382621e+00 3.247080249761185265e-05
6.163081540770384947e+00 3.278851158904746348e-05
6.203101550775387274e+00 3.311104354318295694e-05
6.243121560780389601e+00 3.343849764690435107e-05
6.283141570785392815e+00 3.377097576782021226e-05
6.323161580790395142e+00 3.410858243534366051e-05
6.363181590795397469e+00 3.445142492476522774e-05
6.403201600800399795e+00 3.479961334444278372e-05
6.443221610805402122e+00 3.515326072624175784e-05
6.483241620810405337e+00 3.551248311936496313e-05
6.523261630815407663e+00 3.587739968771775284e-05
6.563281640820409990e+00 3.624813281096191060e-05
6.603301650825412317e+00 3.662480818941906823e-05
6.643321660830414643e+00 3.700755495299165495e-05
6.683341670835417858e+00 3.739650577427911952e-05
6.723361680840420185e+00 3.779179698607453919e-05
6.763381690845422511e+00 3.819356870343694807e-05
6.803401700850424838e+00 3.860196495054425171e-05
6.843421710855427165e+00 3.901713379254207072e-05
6.883441720860430380e+00 3.943922747261453576e-05
6.923461730865432706e+00 3.986840255451517889e-05
6.963481740870435033e+00 4.030482007080795178e-05
7.003501750875437359e+00 4.074864567708114766e-05
7.043521760880439686e+00 4.120004981241160645e-05
7.083541770885442901e+00 4.165920786636995897e-05
7.123561780890445227e+00 4.212630035287399715e-05
7.163581790895447554e+00 4.260151309121305212e-05
7.203601800900449881e+00 4.308503739458342688e-05
7.243621810905452207e+00 4.357707026649364597e-05
7.283641820910455422e+00 4.407781460541729880e-05
7.323661830915457749e+00 4.458747941809182609e-05
7.363681840920460075e+00 4.510628004188369628e-05
7.403701850925462402e+00 4.563443837666293623e-05
7.443721860930464729e+00 4.617218312665546611e-05
7.483741870935467944e+00 4.671975005276663172e-05
7.523761880940470270e+00 4.727738223589809285e-05
7.563781890945472597e+00 4.784533035180893050e-05
7.603801900950474923e+00 4.842385295810348081e-05
7.643821910955477250e+00 4.901321679396155993e-05
7.683841920960480465e+00 4.961369709326215690e-05
7.723861930965482792e+00 5.022557791178952353e-05
7.763881940970485118e+00 5.084915246925059086e-05
7.803901950975487445e+00 5.148472350687519652e-05
7.843921960980489771e+00 5.213260366141656406e-05
7.883941970985492098e+00 5.279311585641800671e-05
7.923961980990495313e+00 5.346659371166304341e-05
7.963981990995497640e+00 5.415338197178200507e-05
8.004002001000500854e+00 5.485383695504750180e-05
8.044022011005502293e+00 5.556832702345252805e-05
8.084042021010505508e+00 5.629723307523471041e-05
8.124062031015506946e+00 5.704094906107953094e-05
8.164082041020510161e+00 5.779988252531468158e-05
8.204102051025513376e+00 5.857445517348809893e-05
8.244122061030514814e+00 5.936510346781143825e-05
8.284142071035518029e+00 6.017227925204480675e-05
8.324162081040519467e+00 6.099645040749902749e-05
8.364182091045522682e+00 6.183810154194137256e-05
8.404202101050525897e+00 6.269773471330473481e-05
8.444222111055527336e+00 6.357587019022728969e-05
8.484242121060530550e+00 6.447304725158136828e-05
8.524262131065531989e+00 6.538982502729483409e-05
8.564282141070535204e+00 6.632678338292280940e-05
8.604302151075536642e+00 6.728452385059276132e-05
8.644322161080539857e+00 6.826367060912535284e-05
8.684342171085543072e+00 6.926487151632462226e-05
8.724362181090544510e+00 7.028879919663866575e-05
8.764382191095547725e+00 7.133615218761542461e-05
8.804402201100549163e+00 7.240765614881542953e-05
8.844422211105552378e+00 7.350406513710834643e-05
8.884442221110555593e+00 7.462616295255264235e-05
8.924462231115557032e+00 7.577476455936708020e-05
8.964482241120560246e+00 7.695071758682360747e-05
9.004502251125561685e+00 7.815490391524722877e-05
9.044522261130564900e+00 7.938824135269082318e-05
9.084542271135568114e+00 8.065168540826345460e-05
9.124562281140569553e+00 8.194623116854306613e-05
9.164582291145572768e+00 8.327291528398659420e-05
9.204602301150574206e+00 8.463281807277942535e-05
9.244622311155577421e+00 8.602706575013815754e-05
9.284642321160580636e+00 8.745683279170127905e-05
9.324662331165582074e+00 8.892334444031913725e-05
9.364682341170585289e+00 9.042787936628853354e-05
9.404702351175586728e+00 9.197177249187767978e-05
9.444722361180589942e+00 9.355641799186102323e-05
9.484742371185593157e+00 9.518327248272940005e-05
9.524762381190594596e+00 9.685385841428450864e-05
9.564782391195597810e+00 9.856976767845419612e-05
9.604802401200599249e+00 1.003326654514046201e-04
9.644822411205602464e+00 1.021442942863824975e-04
9.684842421210605679e+00 1.040064784761973092e-04
9.724862431215607117e+00 1.059211287058834798e-04
9.764882441220610332e+00 1.078902470178612154e-04
9.804902451225611770e+00 1.099159321138681129e-04
9.844922461230614985e+00 1.120003850200875336e-04
9.884942471235618200e+00 1.141459151442547409e-04
9.924962481240619638e+00 1.163549467561286044e-04
9.964982491245622853e+00 1.186300259255777052e-04
1.000500250125062429e+01 1.209738279556887456e-04
1.004502251125562751e+01 1.233891653517976369e-04
1.008504252126063072e+01 1.258789963711936166e-04
1.012506253126563216e+01 1.284464342025154644e-04
1.016508254127063537e+01 1.310947568285813071e-04
1.020510255127563681e+01 1.338274176316295739e-04
1.024512256128064003e+01 1.366480568057678907e-04
1.028514257128564324e+01 1.395605136478811445e-04
1.032516258129064468e+01 1.425688398054476575e-04
1.036518259129564790e+01 1.456773135677179960e-04
1.040520260130064933e+01 1.488904552956487768e-04
1.044522261130565255e+01 1.522130440959660832e-04
1.048524262131065576e+01 1.556501358558962100e-04
1.052526263131565720e+01 1.592070827676071623e-04
1.056528264132066042e+01 1.628895544854303814e-04
1.060530265132566186e+01 1.667035610746842782e-04
1.064532266133066507e+01 1.706554779286522457e-04
1.068534267133566829e+01 1.747520728502307814e-04
1.072536268134066972e+01 1.790005355173114447e-04
1.076538269134567294e+01 1.834085095764348709e-04
1.080540270135067438e+01 1.879841276381107008e-04
1.084542271135567759e+01 1.927360494799356576e-04
1.088544272136068081e+01 1.976735038008395502e-04
1.092546273136568225e+01 2.028063339121610059e-04
1.096548274137068546e+01 2.081450477995947066e-04
1.100550275137568690e+01 2.137008730453181856e-04
1.104552276138069011e+01 2.194858171629543583e-04
1.108554277138569333e+01 2.255127339707438340e-04
1.112556278139069477e+01 2.317953967120527743e-04
1.116558279139569798e+01 2.383485787289492462e-04
1.120560280140069942e+01 2.451881426063747590e-04
1.124562281140570263e+01 2.523311388341280118e-04
1.128564282141070585e+01 2.597959151847245552e-04
1.132566283141570729e+01 2.676022381812467833e-04
1.136568284142071050e+01 2.757714282353246013e-04
1.140570285142571194e+01 2.843265102773348736e-04
1.144572286143071516e+01 2.932923819860463739e-04
1.148574287143571837e+01 3.026960020621523458e-04
1.152576288144071981e+01 3.125666013905638828e-04
1.156578289144572302e+01 3.229359204137743282e-04
1.160580290145072446e+01 3.338384766103452499e-04
1.164582291145572768e+01 3.453118666605322945e-04
1.168584292146073089e+01 3.573971087129124992e-04
1.172586293146573233e+01 3.701390311772112182e-04
1.176588294147073555e+01 3.835867157049917958e-04
1.180590295147573698e+01 3.977940035409086483e-04
1.184592296148074020e+01 4.128200763106282213e-04
1.188594297148574341e+01 4.287301246599155790e-04
1.192596298149074485e+01 4.455961211098434884e-04
1.196598299149574807e+01 4.634977172297762189e-04
1.200600300150074951e+01 4.825232900034442203e-04
1.204602301150575272e+01 5.027711684185406709e-04
1.208604302151075416e+01 5.243510793255521437e-04
1.212606303151575737e+01 5.473858621604558257e-04
1.216608304152076059e+01 5.720135161667748089e-04
1.220610305152576203e+01 5.983896626672045903e-04
1.224612306153076524e+01 6.266905307415904930e-04
1.228614307153576668e+01 6.571166103540737212e-04
1.232616308154076989e+01 6.898971670213311985e-04
1.236618309154577311e+01 7.252958833485824734e-04
1.240620310155077455e+01 7.636179957065898421e-04
1.244622311155577776e+01 8.052194454384500443e-04
1.248624312156077920e+01 8.505187893206914672e-04
1.252626313156578242e+01 9.000129552284251693e-04
1.256628314157078563e+01 9.542984531802519137e-04
1.260630315157578707e+01 1.014100467287319717e-03
1.264632316158079028e+01 1.080313532658739662e-03
1.268634317158579172e+01 1.154059506338150042e-03
1.272636318159079494e+01 1.236771635112254896e-03
1.276638319159579815e+01 1.330318050468547132e-03
1.280640320160079959e+01 1.437183681211107785e-03
1.284642321160580281e+01 1.560732925322235506e-03
1.288644322161080424e+01 1.705561028142157627e-03
1.292646323161580746e+01 1.877853698330254591e-03
1.296648324162081067e+01 2.085334015698623710e-03
1.300650325162581211e+01 2.335344814752299096e-03
1.304652326163081533e+01 2.627549707397317229e-03
1.308654327163581677e+01 2.938376683889915107e-03
1.312656328164081998e+01 3.213535537878777111e-03
1.316658329164582319e+01 3.411021422580408358e-03
1.320660330165082463e+01 3.559781545631283354e-03
1.324662331165582785e+01 3.729109995471359407e-03
1.328664332166082929e+01 3.967838149364980027e-03
1.332666333166583250e+01 4.297571361084901592e-03
1.336668334167083572e+01 4.730144334951104541e-03
1.340670335167583715e+01 5.279546401728400958e-03
1.344672336168084037e+01 5.967313360141236409e-03
1.348674337168584181e+01 6.825832990975853019e-03
1.352676338169084502e+01 7.902177873282305656e-03
1.356678339169584824e+01 9.263889531123148044e-03
1.360680340170084968e+01 1.100799154266148688e-02
1.364682341170585289e+01 1.327488080256862026e-02
1.368684342171085433e+01 1.626917790050297005e-02
1.372686343171585754e+01 2.028903161818300036e-02
1.376688344172086076e+01 2.575996118183846925e-02
1.380690345172586220e+01 3.324653081925776216e-02
1.384692346173086541e+01 4.334061957100220769e-02
1.388694347173586685e+01 5.614653224842194867e-02
1.392696348174087007e+01 6.995557237277229279e-02
1.396698349174587328e+01 7.982069554884224649e-02
1.400700350175087472e+01 7.992615187448419423e-02
1.404702351175587793e+01 7.019751129339495133e-02
1.408704352176087937e+01 5.640243914115996432e-02
1.412706353176588259e+01 4.354737977475987148e-02
1.416708354177088580e+01 3.339366434355361957e-02
1.420710355177588724e+01 2.585624498755980868e-02
1.424712356178089045e+01 2.034557637303980454e-02
1.428714357178589189e+01 1.629455533924864183e-02
1.432716358179089511e+01 1.327458917907696316e-02
1.436718359179589832e+01 1.098492793172164972e-02
1.440720360180089976e+01 9.218817964949551497e-03
1.444722361180590298e+01 7.833958468330270639e-03
1.448724362181090441e+01 6.731372610877420053e-03
1.452726363181590763e+01 5.841216555788389039e-03
1.456728364182091084e+01 5.113421708154993785e-03
1.460730365182591228e+01 4.511523312504897749e-03
1.464732366183091550e+01 4.008555433067950875e-03
1.468734367183591694e+01 3.584286219964106721e-03
1.472736368184092015e+01 3.223329448895114260e-03
1.476738369184592337e+01 2.913835696073315776e-03
1.480740370185092480e+01 2.646572080590194054e-03
1.484742371185592802e+01 2.414266140079153987e-03
1.488744372186092946e+01 2.211131766487010875e-03
1.492746373186593267e+01 2.032522342742090499e-03
1.496748374187093589e+01 1.874673916973942402e-03
1.500750375187593733e+01 1.734512905561746803e-03
1.504752376188094054e+01 1.609510591842688984e-03
1.508754377188594198e+01 1.497571941394845165e-03
1.512756378189094519e+01 1.396949849354685736e-03
1.516758379189594841e+01 1.306178423966542065e-03
1.520760380190094985e+01 1.224020653520280569e-03
1.524762381190595306e+01 1.149427037921136457e-03
1.528764382191095450e+01 1.081502649078123525e-03
1.532766383191595772e+01 1.019480722309290413e-03
1.536768384192096093e+01 9.627013463614264620e-04
1.540770385192596237e+01 9.105941621906853915e-04
1.544772386193096558e+01 8.626642349422019435e-04
1.548774387193596702e+01 8.184804538830499701e-04
1.552776388194097024e+01 7.776659585889524398e-04
1.556778389194597167e+01 7.398901987612953920e-04
1.560780390195097489e+01 7.048623185259913918e-04
1.564782391195597810e+01 6.723256203886525438e-04
1.568784392196097954e+01 6.420529139171694257e-04
1.572786393196598276e+01 6.138425931850976895e-04
1.576788394197098420e+01 5.875153176368425436e-04
1.580790395197598741e+01 5.629111952808234448e-04
1.584792396198099063e+01 5.398873864594908902e-04
1.588794397198599206e+01 5.183160620196691337e-04
1.592796398199099528e+01 4.980826623973964341e-04
1.596798399199599672e+01 4.790844146431137447e-04
1.600800400200100171e+01 4.612290733292056751e-04
1.604802401200600315e+01 4.444338591141145300e-04
1.608804402201100459e+01 4.286245759726858948e-04
1.612806403201600602e+01 4.137348952581662315e-04
1.616808404202101102e+01 3.997058024520549276e-04
1.620810405202601245e+01 3.864852114950884207e-04
1.624812406203101389e+01 3.740277631327798167e-04
1.628814407203601888e+01 3.622948394938633522e-04
1.632816408204102032e+01 3.512548498637659586e-04
1.636818409204602176e+01 3.408838766402397247e-04
1.640820410205102675e+01 3.311668227247586342e-04
1.644822411205602819e+01 3.220992833219326538e-04
1.648824412206102963e+01 3.136904940506599071e-04
1.652826413206603107e+01 3.059679101688210414e-04
1.656828414207103606e+01 2.989842835866205178e-04
1.660830415207603750e+01 2.928285508722267634e-04
1.664832416208103893e+01 2.876423587019088417e-04
1.668834417208604393e+01 2.836441487935717530e-04
1.672836418209104536e+01 2.811603791006865778e-04
1.676838419209604680e+01 2.806515475730508467e-04
1.680840420210105179e+01 2.826776191432158131e-04
1.684842421210605323e+01 2.876258892755146745e-04
1.688844422211105467e+01 2.948260363345982390e-04
1.692846423211605611e+01 3.009854064525414158e-04
1.696848424212106110e+01 3.002857637347048888e-04
1.700850425212606254e+01 2.896311705754228650e-04
1.704852426213106398e+01 2.726955046719916329e-04
1.708854427213606897e+01 2.551700269611634837e-04
1.712856428214107041e+01 2.399938036113478262e-04
1.716858429214607185e+01 2.276391745665919965e-04
1.720860430215107328e+01 2.176518239110971915e-04
1.724862431215607828e+01 2.094530105158347191e-04
1.728864432216107971e+01 2.025728734789352433e-04
1.732866433216608115e+01 1.966734286039301170e-04
1.736868434217108614e+01 1.915204911908071673e-04
1.740870435217608758e+01 1.869528462292041095e-04
1.744872436218108902e+01 1.828588803282992338e-04
1.748874437218609401e+01 1.791606066375593719e-04
1.752876438219109545e+01 1.758031148298792043e-04
1.756878439219609689e+01 1.727476685740048925e-04
1.760880440220109833e+01 1.699671903424021665e-04
1.764882441220610332e+01 1.674433070011818573e-04
1.768884442221110476e+01 1.651644296241994766e-04
1.772886443221610620e+01 1.631245361585910002e-04
1.776888444222111119e+01 1.613224505899812455e-04
1.780890445222611262e+01 1.597614931059659351e-04
1.784892446223111406e+01 1.584494297474747890e-04
1.788894447223611905e+01 1.573986883524676093e-04
1.792896448224112049e+01 1.566268376016466120e-04
1.796898449224612193e+01 1.561573528845723417e-04
1.800900450225112337e+01 1.560207207421229259e-04
1.804902451225612836e+01 1.562559669393527790e-04
1.808904452226112980e+01 1.569127366485686059e-04
1.812906453226613124e+01 1.580541153429139325e-04
1.816908454227113623e+01 1.597604654204162929e-04
1.820910455227613767e+01 1.621346809852408839e-04
1.824912456228113911e+01 1.653094546586982082e-04
1.828914457228614410e+01 1.694574425575891003e-04
1.832916458229114554e+01 1.748056659742753378e-04
1.836918459229614697e+01 1.816561969378152142e-04
1.840920460230114841e+01 1.904162948948231072e-04
1.844922461230615340e+01 2.016429387343912508e-04
1.848924462231115484e+01 2.161094996471817022e-04
1.852926463231615628e+01 2.349065960839065762e-04
1.856928464232116127e+01 2.595952611857080955e-04
1.860930465232616271e+01 2.924372906358260532e-04
1.864932466233116415e+01 3.367276172609435744e-04
1.868934467233616914e+01 3.972164736401045536e-04
1.872936468234117058e+01 4.804295203760608089e-04
1.876938469234617202e+01 5.940581011962932714e-04
1.880940470235117346e+01 7.428468110287048294e-04
1.884942471235617845e+01 9.158327496789715663e-04
1.888944472236117988e+01 1.065489611150722887e-03
1.892946473236618132e+01 1.113980865878621499e-03
1.896948474237118631e+01 1.027737537996340758e-03
1.900950475237618775e+01 8.620194863754672464e-04
1.904952476238118919e+01 6.908900671750733318e-04
1.908954477238619418e+01 5.498423889082611031e-04
1.912956478239119562e+01 4.434271492522081216e-04
1.916958479239619706e+01 3.652599382146062596e-04
1.920960480240119850e+01 3.077867707132894096e-04
1.924962481240620349e+01 2.649861677527148092e-04
1.928964482241120493e+01 2.325601709540660170e-04
1.932966483241620637e+01 2.075429796333903712e-04
1.936968484242121136e+01 1.878970610060259894e-04
1.940970485242621280e+01 1.722111868219913301e-04
1.944972486243121423e+01 1.594946396010868438e-04
1.948974487243621923e+01 1.490410322276909053e-04
1.952976488244122066e+01 1.403386185767932460e-04
1.956978489244622210e+01 1.330108493624614693e-04
1.960980490245122354e+01 1.267765209710113874e-04
1.964982491245622853e+01 1.214226912119714257e-04
1.968984492246122997e+01 1.167860034446090351e-04
1.972986493246623141e+01 1.127396205582166354e-04
1.976988494247123640e+01 1.091839537374930083e-04
1.980990495247623784e+01 1.060399942767855980e-04
1.984992496248123928e+01 1.032444555906469576e-04
1.988994497248624427e+01 1.007461908183121204e-04
1.992996498249124571e+01 9.850352074123998000e-05
1.996998499249624714e+01 9.648221919043198814e-05
2.001000500250124858e+01 9.465397877471193105e-05
2.005002501250625357e+01 9.299523129834450451e-05
2.009004502251125501e+01 9.148623277215978079e-05
2.013006503251625645e+01 9.011034771143564275e-05
2.017008504252126144e+01 8.885348489953716052e-05
2.021010505252626288e+01 8.770364926188881018e-05
2.025012506253126432e+01 8.665058347175686371e-05
2.029014507253626931e+01 8.568547943629978715e-05
2.033016508254127075e+01 8.480074460058106400e-05
2.037018509254627219e+01 8.398981155206990189e-05
2.041020510255127363e+01 8.324698205370686444e-05
2.045022511255627862e+01 8.256729862362537748e-05
2.049024512256128006e+01 8.194643828781221647e-05
2.053026513256628149e+01 8.138062428322354199e-05
2.057028514257128649e+01 8.086655237367024955e-05
2.061030515257628792e+01 8.040132912526555260e-05
2.065032516258128936e+01 7.998242002108036969e-05
2.069034517258629080e+01 7.960760571197314430e-05
2.073036518259129579e+01 7.927494502930779261e-05
2.077038519259629723e+01 7.898274364571169744e-05
2.081040520260129867e+01 7.872952747749019180e-05
2.085042521260630366e+01 7.851402008847126537e-05
2.089044522261130510e+01 7.833512348885599658e-05
2.093046523261630654e+01 7.819190183097622681e-05
2.097048524262131153e+01 7.808356759205699088e-05
2.101050525262631297e+01 7.800946990630693153e-05
2.105052526263131440e+01 7.796908476817990057e-05
2.109054527263631584e+01 7.796200687804032950e-05
2.113056528264132083e+01 7.798794294276928732e-05
2.117058529264632227e+01 7.804670627870414557e-05
2.121060530265132371e+01 7.813821259403402766e-05
2.125062531265632870e+01 7.826247685344831981e-05
2.129064532266133014e+01 7.841961115035294978e-05
2.133066533266633158e+01 7.860982353206409515e-05
2.137068534267133657e+01 7.883341774170592794e-05
2.141070535267633801e+01 7.909079385763223568e-05
2.145072536268133945e+01 7.938244982756504167e-05
2.149074537268634089e+01 7.970898391076631389e-05
2.153076538269134588e+01 8.007109805789035261e-05
2.157078539269634732e+01 8.046960227515866473e-05
2.161080540270134875e+01 8.090542003764912473e-05
2.165082541270635375e+01 8.137959483631093942e-05
2.169084542271135518e+01 8.189329796540890775e-05
2.173086543271635662e+01 8.244783768213344874e-05
2.177088544272136161e+01 8.304466989889311185e-05
2.181090545272636305e+01 8.368541060228421112e-05
2.185092546273136449e+01 8.437185023206633379e-05
2.189094547273636593e+01 8.510597030007319120e-05
2.193096548274137092e+01 8.588996258460759360e-05
2.197098549274637236e+01 8.672625130266709416e-05
2.201100550275137380e+01 8.761751874305165886e-05
2.205102551275637879e+01 8.856673494141856034e-05
2.209104552276138023e+01 8.957719209801396850e-05
2.213106553276638166e+01 9.065254458562292000e-05
2.217108554277138666e+01 9.179685557628311998e-05
2.221110555277638809e+01 9.301465153957500529e-05
2.225112556278138953e+01 9.431098614455202765e-05
2.229114557278639097e+01 9.569151544685294071e-05
2.233116558279139596e+01 9.716258668222203885e-05
2.237118559279639740e+01 9.873134354379830863e-05
2.241120560280139884e+01 1.004058515279410531e-04
2.245122561280640383e+01 1.021952478384120582e-04
2.249124562281140527e+01 1.041099215037243628e-04
2.253126563281640671e+01 1.061617308715638743e-04
2.257128564282141170e+01 1.083642676120232071e-04
2.261130565282641314e+01 1.107331789452843836e-04
2.265132566283141458e+01 1.132865632269472038e-04
2.269134567283641601e+01 1.160454585790132004e-04
2.273136568284142101e+01 1.190344503738585675e-04
2.277138569284642244e+01 1.222824316691902534e-04
2.281140570285142388e+01 1.258235620242332013e-04
2.285142571285642887e+01 1.296984857617685142e-04
2.289144572286143031e+01 1.339558925222544003e-04
2.293146573286643175e+01 1.386545336153582441e-04
2.297148574287143674e+01 1.438658512966946963e-04
2.301150575287643818e+01 1.496774408695989897e-04
2.305152576288143962e+01 1.561976569114901928e-04
2.309154577288644106e+01 1.635618096494160622e-04
2.313156578289144605e+01 1.719405986240853438e-04
2.317158579289644749e+01 1.815517348943708996e-04
2.321160580290144893e+01 1.926761688466606620e-04
2.325162581290645392e+01 2.056810630577672713e-04
2.329164582291145535e+01 2.210527824820631771e-04
2.333166583291645679e+01 2.394449658315483172e-04
2.337168584292146178e+01 2.617495846953930448e-04
2.341170585292646322e+01 2.892033750350281817e-04
2.345172586293146466e+01 3.235488767329793469e-04
2.349174587293646610e+01 3.672789633193507372e-04
2.353176588294147109e+01 4.240041577215262298e-04
2.357178589294647253e+01 4.989806922158776048e-04
2.361180590295147397e+01 5.997735363270202897e-04
2.365182591295647896e+01 7.367274889725203063e-04
2.369184592296148040e+01 9.218654019462798731e-04
2.373186593296648184e+01 1.161990371755885522e-03
2.377188594297148683e+01 1.437850404118038361e-03
2.381190595297648827e+01 1.671715650055084464e-03
2.385192596298148970e+01 1.741951668372020970e-03
2.389194597298649114e+01 1.603169483200325663e-03
2.393196598299149613e+01 1.346823794935988593e-03
2.397198599299649757e+01 1.086677030251501259e-03
2.401200600300149901e+01 8.749223359502314836e-04
2.405202601300650400e+01 7.171572414162490300e-04
2.409204602301150544e+01 6.030901092038118199e-04
2.413206603301650688e+01 5.210091764511732377e-04
2.417208604302150832e+01 4.616692771742078485e-04
2.421210605302651331e+01 4.184974583430918754e-04
2.425212606303151475e+01 3.869688255856417467e-04
2.429214607303651619e+01 3.639822608845461700e-04
2.433216608304152118e+01 3.473973214067278869e-04
2.437218609304652261e+01 3.357195093054021078e-04
2.441220610305152405e+01 3.278922457246493251e-04
2.445222611305652904e+01 3.231599613481197088e-04
2.449224612306153048e+01 3.209774407703919327e-04
2.453226613306653192e+01 3.209491527534826124e-04
2.457228614307153336e+01 3.227881504185713298e-04
2.461230615307653835e+01 3.262878936635592525e-04
2.465232616308153979e+01 3.313027281158952204e-04
2.469234617308654123e+01 3.377342576713886365e-04
2.473236618309154622e+01 3.455218016342396755e-04
2.477238619309654766e+01 3.546357396185195418e-04
2.481240620310154910e+01 3.650729455762037937e-04
2.485242621310655409e+01 3.768537755655747799e-04
2.489244622311155553e+01 3.900202512760413522e-04
2.493246623311655696e+01 4.046352037622550930e-04
2.497248624312155840e+01 4.207822290329222637e-04
2.501250625312656339e+01 4.385663719481549356e-04
2.505252626313156483e+01 4.581155059430816337e-04
2.509254627313656627e+01 4.795824194845539081e-04
2.513256628314157126e+01 5.031476604448186386e-04
2.517258629314657270e+01 5.290232305176965043e-04
2.521260630315157414e+01 5.574572669313826228e-04
2.525262631315657913e+01 5.887399017428917442e-04
2.529264632316158057e+01 6.232105542818763833e-04
2.533266633316658201e+01 6.612669953346884564e-04
2.537268634317158345e+01 7.033766297004958711e-04
2.541270635317658844e+01 7.500905867717190187e-04
2.545272636318158987e+01 8.020614007235015450e-04
2.549274637318659131e+01 8.600653225465724853e-04
2.553276638319159630e+01 9.250306640566748539e-04
2.557278639319659774e+01 9.980740707757616067e-04
2.561280640320159918e+01 1.080547317619436455e-03
2.565282641320660417e+01 1.174098210351230947e-03
2.569284642321160561e+01 1.280750595350503692e-03
2.573286643321660705e+01 1.403010542231039257e-03
2.577288644322160849e+01 1.544008795760104871e-03
2.581290645322661348e+01 1.707694106836879890e-03
2.585292646323161492e+01 1.899098851727178041e-03
2.589294647323661636e+01 2.124708703102604242e-03
2.593296648324162135e+01 2.392984007970147022e-03
2.597298649324662279e+01 2.715104950349792653e-03
2.601300650325162422e+01 3.106049638167363621e-03
2.605302651325662922e+01 3.586168054207690675e-03
2.609304652326163065e+01 4.183483725983502474e-03
2.613306653326663209e+01 4.937013532449114825e-03
2.617308654327163353e+01 5.901366847107798741e-03
2.621310655327663852e+01 7.152755890762767590e-03
2.625312656328163996e+01 8.797321165224547893e-03
2.629314657328664140e+01 1.098694156774909954e-02
2.633316658329164639e+01 1.394660922965700739e-02
2.637318659329664783e+01 1.798292095305378813e-02
2.641320660330164927e+01 2.339325433547184696e-02
2.645322661330665426e+01 3.012798373755587109e-02
2.649324662331165570e+01 3.703545009150509965e-02
2.653326663331665713e+01 4.130805747998634453e-02
2.657328664332165857e+01 4.027755545908588697e-02
2.661330665332666356e+01 3.464538959950207164e-02
2.665332666333166500e+01 2.753583650075118808e-02
2.669334667333666644e+01 2.119465285325276144e-02
2.673336668334167143e+01 1.627211035869107619e-02
2.677338669334667287e+01 1.263759628406468764e-02
2.681340670335167431e+01 9.980441233436736573e-03
2.685342671335667930e+01 8.022699871447764100e-03
2.689344672336168074e+01 6.558709705092207083e-03
2.693346673336668218e+01 5.445096988825390456e-03
2.697348674337168362e+01 4.583386559631280610e-03
2.701350675337668861e+01 3.905698424952082186e-03
2.705352676338169005e+01 3.364698049406293027e-03
2.709354677338669148e+01 2.926884994117395864e-03
2.713356678339169648e+01 2.568171568180483300e-03
2.717358679339669791e+01 2.270963536483548532e-03
2.721360680340169935e+01 2.022214099774456101e-03
2.725362681340670434e+01 1.812109851924977727e-03
2.729364682341170578e+01 1.633170770473140994e-03
2.733366683341670722e+01 1.479624768683442115e-03
2.737368684342170866e+01 1.346966804904423500e-03
2.741370685342671365e+01 1.231643800229979650e-03
2.745372686343171509e+01 1.130826522840495865e-03
2.749374687343671653e+01 1.042242416825731781e-03
2.753376688344172152e+01 9.640517117587804434e-04
2.757378689344672296e+01 8.947546713579005795e-04
2.761380690345172439e+01 8.331215376804657242e-04
2.765382691345672583e+01 7.781392391424742268e-04
2.769384692346173082e+01 7.289706630919487625e-04
2.773386693346673226e+01 6.849235102898375543e-04
2.777388694347173370e+01 6.454266237838945973e-04
2.781390695347673869e+01 6.100123372182095736e-04
2.785392696348174013e+01 5.783039032071877073e-04
2.789394697348674157e+01 5.500075087857722285e-04
2.793396698349174656e+01 5.249088244617119373e-04
2.797398699349674800e+01 5.028745350137025540e-04
2.801400700350174944e+01 4.838599536410607082e-04
2.805402701350675088e+01 4.679247547122853301e-04
2.809404702351175587e+01 4.552602605483824314e-04
2.813406703351675731e+01 4.462338318721214615e-04
2.817408704352175874e+01 4.414589576202868201e-04
2.821410705352676374e+01 4.419033350027197927e-04
2.825412706353176517e+01 4.490489442705717965e-04
2.829414707353676661e+01 4.651063652532208591e-04
2.833416708354177160e+01 4.932189639113084305e-04
2.837418709354677304e+01 5.373418793144426470e-04
2.841420710355177448e+01 6.007382271874569645e-04
2.845422711355677592e+01 6.806307589739177787e-04
2.849424712356178091e+01 7.574556719374586676e-04
2.853426713356678235e+01 7.913924363928755319e-04
2.857428714357178379e+01 7.539403523180280859e-04
2.861430715357678878e+01 6.641846109711575189e-04
2.865432716358179022e+01 5.634895762303493774e-04
2.869434717358679165e+01 4.765024833752121570e-04
2.873436718359179665e+01 4.086599667740059756e-04
2.877438719359679808e+01 3.573052554962197029e-04
2.881440720360179952e+01 3.183229754750525192e-04
2.885442721360680096e+01 2.882471217256005669e-04
2.889444722361180595e+01 2.645606722774135897e-04
2.893446723361680739e+01 2.455211234560844493e-04
2.897448724362180883e+01 2.299377813814588219e-04
2.901450725362681382e+01 2.169985455076614339e-04
2.905452726363181526e+01 2.061519848154214985e-04
2.909454727363681670e+01 1.970319825319456872e-04
2.913456728364182169e+01 1.894127503172681371e-04
2.917458729364682313e+01 1.831859239264729963e-04
2.921460730365182457e+01 1.783544546258579357e-04
2.925462731365682600e+01 1.750375347390476226e-04
2.929464732366183100e+01 1.734702624758511439e-04
2.933466733366683243e+01 1.739423506508056558e-04
2.937468734367183387e+01 1.765191292646607515e-04
2.941470735367683886e+01 1.802867468240308549e-04
2.945472736368184030e+01 1.823952594763563536e-04
2.949474737368684174e+01 1.790967261724426879e-04
2.953476738369184673e+01 1.697628941547007261e-04
2.957478739369684817e+01 1.576927920136084453e-04
2.961480740370184961e+01 1.461499905827622330e-04
2.965482741370685105e+01 1.364034711517771539e-04
2.969484742371185604e+01 1.284644155076086075e-04
2.973486743371685748e+01 1.219687676958794366e-04
2.977488744372185892e+01 1.165479991098061936e-04
2.981490745372686391e+01 1.119178202873709799e-04
2.985492746373186534e+01 1.078757852386344978e-04
2.989494747373686678e+01 1.042806339587631415e-04
2.993496748374187177e+01 1.010334309046132943e-04
2.997498749374687321e+01 9.806388450255640202e-05
3.001500750375187465e+01 9.532110053246232344e-05
3.005502751375687609e+01 9.276746139465096204e-05
3.009504752376188108e+01 9.037457641113191820e-05
3.013506753376688252e+01 8.812057854763283250e-05
3.017508754377188396e+01 8.598829586350485580e-05
3.021510755377688895e+01 8.396399572799243178e-05
3.025512756378189039e+01 8.203650860265720795e-05
3.029514757378689183e+01 8.019660687840967034e-05
3.033516758379189682e+01 7.843655762679764825e-05
3.037518759379689826e+01 7.674979569865687259e-05
3.041520760380189969e+01 7.513068131730409537e-05
3.045522761380690113e+01 7.357431783363481501e-05
3.049524762381190612e+01 7.207641290073173201e-05
3.053526763381690756e+01 7.063317139319289124e-05
3.057528764382190900e+01 6.924121182446047514e-05
3.061530765382691399e+01 6.789750036435139677e-05
3.065532766383191543e+01 6.659929818857869132e-05
3.069534767383691687e+01 6.534411903619980497e-05
3.073536768384192186e+01 6.412969466351716114e-05
3.077538769384692330e+01 6.295394646643676431e-05
3.081540770385192474e+01 6.181496196669566024e-05
3.085542771385692618e+01 6.071097516771843948e-05
3.089544772386193117e+01 5.964035001553778500e-05
3.093546773386693260e+01 5.860156637176621488e-05
3.097548774387193404e+01 5.759320803487023019e-05
3.101550775387693903e+01 5.661395244423685015e-05
3.105552776388194047e+01 5.566256177678013419e-05
3.109554777388694191e+01 5.473787520394932636e-05
3.113556778389194335e+01 5.383880212221743772e-05
3.117558779389694834e+01 5.296431620556296417e-05
3.121560780390194978e+01 5.211345015643564012e-05
3.125562781390695122e+01 5.128529105393494873e-05
3.129564782391195621e+01 5.047897621574210045e-05
3.133566783391695765e+01 4.969368950470346845e-05
3.137568784392195909e+01 4.892865802263367215e-05
3.141570785392696408e+01 4.818314914346377638e-05
3.145572786393196552e+01 4.745646784575695493e-05
3.149574787393696695e+01 4.674795431120614694e-05
3.153576788394196839e+01 4.605698176130280230e-05
3.157578789394697338e+01 4.538295450914343052e-05
3.161580790395197482e+01 4.472530620752170999e-05
3.165582791395697626e+01 4.408349827819183067e-05
3.169584792396198125e+01 4.345701851063859297e-05
3.173586793396698269e+01 4.284537982197747958e-05
3.177588794397198413e+01 4.224811917287989708e-05
3.181590795397698912e+01 4.166479663781606373e-05
3.185592796398199056e+01 4.109499463159755982e-05
3.189594797398699200e+01 4.053831729838314196e-05
3.193596798399199344e+01 3.999439007423943301e-05
3.197598799399699843e+01 3.946285944034082384e-05
3.201600800400200342e+01 3.894339289139353517e-05
3.205602801400700486e+01 3.843567915345947087e-05
3.209604802401200629e+01 3.793942869785772747e-05
3.213606803401700773e+01 3.745437461437118475e-05
3.217608804402200917e+01 3.698027392920212451e-05
3.221610805402701061e+01 3.651690948331838267e-05
3.225612806403201205e+01 3.606409252837014409e-05
3.229614807403702059e+01 3.562166625515274281e-05
3.233616808404202203e+01 3.518951055094142661e-05
3.237618809404702347e+01 3.476754839786133649e-05
3.241620810405202491e+01 3.435575449138421751e-05
3.245622811405702635e+01 3.395416690154910033e-05
3.249624812406202778e+01 3.356290295922312750e-05
3.253626813406702922e+01 3.318218108799710455e-05
3.257628814407203777e+01 3.281235111833537190e-05
3.261630815407703921e+01 3.245393687373599590e-05
3.265632816408204064e+01 3.210769676676447306e-05
3.269634817408704208e+01 3.177471120401694112e-05
3.273636818409204352e+01 3.145651044611119960e-05
3.277638819409704496e+01 3.115526425502052375e-05
3.281640820410205350e+01 3.087406671865587827e-05
3.285642821410705494e+01 3.061736786362721617e-05
3.289644822411205638e+01 3.039162844222045065e-05
3.293646823411705782e+01 3.020629748892757069e-05
3.297648824412205926e+01 3.007519113673628306e-05
3.301650825412706070e+01 3.001812027626495367e-05
3.305652826413206213e+01 3.006161958027750723e-05
3.309654827413707068e+01 3.023432389196819666e-05
3.313656828414207212e+01 3.054436979932114023e-05
3.317658829414707355e+01 3.091893899049981371e-05
3.321660830415207499e+01 3.113217528629554185e-05
3.325662831415707643e+01 3.089908105685278876e-05
3.329664832416207787e+01 3.019066926644944389e-05
3.333666833416707931e+01 2.927345575207025436e-05
3.337668834417208785e+01 2.839704331628365119e-05
3.341670835417708929e+01 2.765549753889568474e-05
3.345672836418209073e+01 2.704900740758336768e-05
3.349674837418709217e+01 2.655086990077545851e-05
3.353676838419209361e+01 2.613493960986191221e-05
3.357678839419709504e+01 2.578212934076970747e-05
3.361680840420210359e+01 2.548033126067151174e-05
3.365682841420710503e+01 2.522316992065627638e-05
3.369684842421210647e+01 2.500910809880225913e-05
3.373686843421710790e+01 2.484122738561081662e-05
3.377688844422210934e+01 2.472770124206541431e-05
3.381690845422711078e+01 2.468278916331273642e-05
3.385692846423211222e+01 2.472750102351562623e-05
3.389694847423712076e+01 2.488668038317065319e-05
3.393696848424212220e+01 2.517283661375158878e-05
3.397698849424712364e+01 2.553876029809712921e-05
3.401700850425212508e+01 2.580716525371601057e-05
3.405702851425712652e+01 2.571217509266359434e-05
3.409704852426212796e+01 2.516804074816013609e-05
3.413706853426712939e+01 2.438348322169057029e-05
3.417708854427213794e+01 2.360270749032704709e-05
3.421710855427713938e+01 2.293337056110970933e-05
3.425712856428214081e+01 2.238469090502314909e-05
3.429714857428714225e+01 2.193338235089171273e-05
3.433716858429214369e+01 2.155380585270545292e-05
3.437718859429714513e+01 2.122585130730454477e-05
3.441720860430214657e+01 2.093521726116650777e-05
3.445722861430715511e+01 2.067202216752574750e-05
3.449724862431215655e+01 2.042945037010014130e-05
3.453726863431715799e+01 2.020275380548877355e-05
3.457728864432215943e+01 1.998857458157846882e-05
3.461730865432716087e+01 1.978449705415859057e-05
3.465732866433216230e+01 1.958875257665595109e-05
3.469734867433717085e+01 1.940002349204267252e-05
3.473736868434217229e+01 1.921731145281455373e-05
3.477738869434717373e+01 1.903984771284125330e-05
3.481740870435217516e+01 1.886703110941186133e-05
3.485742871435717660e+01 1.869838455519178390e-05
3.489744872436217804e+01 1.853352407714270607e-05
3.493746873436717948e+01 1.837213648071121970e-05
3.497748874437218802e+01 1.821396302555270132e-05
3.501750875437718946e+01 1.805878734713799665e-05
3.505752876438219090e+01 1.790642641551899825e-05
3.509754877438719234e+01 1.775672369303312327e-05
3.513756878439219378e+01 1.760954390239747268e-05
3.517758879439719522e+01 1.746476898701353252e-05
3.521760880440219665e+01 1.732229496297904757e-05
3.525762881440720520e+01 1.718202944453332123e-05
3.529764882441220664e+01 1.704388968276745932e-05
3.533766883441720807e+01 1.690780099892617944e-05
3.537768884442220951e+01 1.677369552356461520e-05
3.541770885442721095e+01 1.664151117462723628e-05
3.545772886443221239e+01 1.651119082354543993e-05
3.549774887443722093e+01 1.638268161033580014e-05
3.553776888444222237e+01 1.625593437756771552e-05
3.557778889444722381e+01 1.613090319976661507e-05
3.561780890445222525e+01 1.600754498990458215e-05
3.565782891445722669e+01 1.588581916851899877e-05
3.569784892446222813e+01 1.576568738399482258e-05
3.573786893446722956e+01 1.564711327486727042e-05
3.577788894447223811e+01 1.553006226681181575e-05
3.581790895447723955e+01 1.541450139840885069e-05
3.585792896448224099e+01 1.530039917089072061e-05
3.589794897448724242e+01 1.518772541796860129e-05
3.593796898449224386e+01 1.507645119254509320e-05
3.597798899449724530e+01 1.496654866768731495e-05
3.601800900450224674e+01 1.485799104969289997e-05
3.605802901450725528e+01 1.475075250145167846e-05
3.609804902451225672e+01 1.464480807460723900e-05
3.613806903451725816e+01 1.454013364926769154e-05
3.617808904452225960e+01 1.443670588021720840e-05
3.621810905452726104e+01 1.433450214874511148e-05
3.625812906453226248e+01 1.423350051934626119e-05
3.629814907453727102e+01 1.413367970066040654e-05
3.633816908454227246e+01 1.403501901011216285e-05
3.637818909454727390e+01 1.393749834179244568e-05
3.641820910455227533e+01 1.384109813718828679e-05
3.645822911455727677e+01 1.374579935842339806e-05
3.649824912456227821e+01 1.365158346371860213e-05
3.653826913456727965e+01 1.355843238482121646e-05
3.657828914457228819e+01 1.346632850618552901e-05
3.661830915457728963e+01 1.337525464571573795e-05
3.665832916458229107e+01 1.328519403690634161e-05
3.669834917458729251e+01 1.319613031223661316e-05
3.673836918459229395e+01 1.310804748769308439e-05
3.677838919459729539e+01 1.302092994830956167e-05
3.681840920460229682e+01 1.293476243462751262e-05
3.685842921460730537e+01 1.284953002999099715e-05
3.689844922461230681e+01 1.276521814860033329e-05
3.693846923461730825e+01 1.268181252425709946e-05
3.697848924462230968e+01 1.259929919974097422e-05
3.701850925462731112e+01 1.251766451676501311e-05
3.705852926463231256e+01 1.243689510646193039e-05
3.709854927463732110e+01 1.235697788035886990e-05
3.713856928464232254e+01 1.227790002180268715e-05
3.717858929464732398e+01 1.219964897780123827e-05
3.721860930465232542e+01 1.212221245125024500e-05
3.725862931465732686e+01 1.204557839351756868e-05
3.729864932466232830e+01 1.196973499735993790e-05
3.733866933466732974e+01 1.189467069014932598e-05
3.737868934467233828e+01 1.182037412738820558e-05
3.741870935467733972e+01 1.174683418649499170e-05
3.745872936468234116e+01 1.167403996084232224e-05
3.749874937468734259e+01 1.160198075403275678e-05
3.753876938469234403e+01 1.153064607439735695e-05
3.757878939469734547e+01 1.146002562970409537e-05
3.761880940470234691e+01 1.139010932206403161e-05
3.765882941470735545e+01 1.132088724302408103e-05
3.769884942471235689e+01 1.125234966883625106e-05
3.773886943471735833e+01 1.118448705589378194e-05
3.777888944472235977e+01 1.111729003632552844e-05
3.781890945472736121e+01 1.105074941374047654e-05
3.785892946473236265e+01 1.098485615911487668e-05
3.789894947473736408e+01 1.091960140681495818e-05
3.793896948474237263e+01 1.085497645074885183e-05
3.797898949474737407e+01 1.079097274064155409e-05
3.801900950475237551e+01 1.072758187842727319e-05
3.805902951475737694e+01 1.066479561475399349e-05
3.809904952476237838e+01 1.060260584559515738e-05
3.813906953476737982e+01 1.054100460896391772e-05
3.817908954477238836e+01 1.047998408172555126e-05
3.821910955477738980e+01 1.041953657650404691e-05
3.825912956478239124e+01 1.035965453867877762e-05
3.829914957478739268e+01 1.030033054346789997e-05
3.833916958479239412e+01 1.024155729309488325e-05
3.837918959479739556e+01 1.018332761403497144e-05
3.841920960480239700e+01 1.012563445433852003e-05
3.845922961480740554e+01 1.006847088102832306e-05
3.849924962481240698e+01 1.001183007756817208e-05
3.853926963481740842e+01 9.955705341399977458e-06
3.857928964482240985e+01 9.900090081547129286e-06
3.861930965482741129e+01 9.844977816281612801e-06
3.865932966483241273e+01 9.790362170852672590e-06
3.869934967483741417e+01 9.736236875274941908e-06
3.873936968484242271e+01 9.682595762173943225e-06
3.877938969484742415e+01 9.629432764687111780e-06
3.881940970485242559e+01 9.576741914418343153e-06
3.885942971485742703e+01 9.524517339444491060e-06
3.889944972486242847e+01 9.472753262372001027e-06
3.893946973486742991e+01 9.421443998442060415e-06
3.897948974487243845e+01 9.370583953682814682e-06
3.901950975487743989e+01 9.320167623107137079e-06
3.905952976488244133e+01 9.270189588954367814e-06
3.909954977488744277e+01 9.220644518974982558e-06
3.913956978489244420e+01 9.171527164756587669e-06
3.917958979489744564e+01 9.122832360090171524e-06
3.921960980490244708e+01 9.074555019375315959e-06
3.925962981490745562e+01 9.026690136063210803e-06
3.929964982491245706e+01 8.979232781136500788e-06
3.933966983491745850e+01 8.932178101624585871e-06
3.937968984492245994e+01 8.885521319153734607e-06
3.941970985492746138e+01 8.839257728530682432e-06
3.945972986493246282e+01 8.793382696358962685e-06
3.949974987493746426e+01 8.747891659686955632e-06
3.953976988494247280e+01 8.702780124686749146e-06
3.957978989494747424e+01 8.658043665363121592e-06
3.961980990495247568e+01 8.613677922291508468e-06
3.965982991495747711e+01 8.569678601384471715e-06
3.969984992496247855e+01 8.526041472685702677e-06
3.973986993496747999e+01 8.482762369190860759e-06
3.977988994497248854e+01 8.439837185694583707e-06
3.981990995497748997e+01 8.397261877662886859e-06
3.985992996498249141e+01 8.355032460130300834e-06
3.989994997498749285e+01 8.313145006621119168e-06
3.993996998499249429e+01 8.271595648094135875e-06
3.997998999499749573e+01 8.230380571910230861e-06
4.002001000500249717e+01 8.189496020822157780e-06
4.006003001500750571e+01 8.148938291986109099e-06
4.010005002501250715e+01 8.108703735994370588e-06
4.014007003501750859e+01 8.068788755928540084e-06
4.018009004502251003e+01 8.029189806432892075e-06
4.022011005502751146e+01 7.989903392807246076e-06
4.026013006503251290e+01 7.950926070118935593e-06
4.030015007503751434e+01 7.912254442333394868e-06
4.034017008504252289e+01 7.873885161462841641e-06
4.038019009504752432e+01 7.835814926732717110e-06
4.042021010505252576e+01 7.798040483765298633e-06
4.046023011505752720e+01 7.760558623780220905e-06
4.050025012506252864e+01 7.723366182811375368e-06
4.054027013506753008e+01 7.686460040939879518e-06
4.058029014507253862e+01 7.649837121542614693e-06
4.062031015507754006e+01 7.613494390556146812e-06
4.066033016508254150e+01 7.577428855755400744e-06
4.070035017508754294e+01 7.541637566047002742e-06
4.074037018509254438e+01 7.506117610776766636e-06
4.078039019509754581e+01 7.470866119051052725e-06
4.082041020510254725e+01 7.435880259071679207e-06
4.086043021510755580e+01 7.401157237484035453e-06
4.090045022511255723e+01 7.366694298738160822e-06
4.094047023511755867e+01 7.332488724462356176e-06
4.098049024512256011e+01 7.298537832849204419e-06
4.102051025512756155e+01 7.264838978053576562e-06
4.106053026513256299e+01 7.231389549602446270e-06
4.110055027513756443e+01 7.198186971816147824e-06
4.114057028514257297e+01 7.165228703240915717e-06
4.118059029514757441e+01 7.132512236092399250e-06
4.122061030515257585e+01 7.100035095709874315e-06
4.126063031515757729e+01 7.067794840020974477e-06
4.130065032516257872e+01 7.035789059016686397e-06
4.134067033516758016e+01 7.004015374236352958e-06
4.138069034517258160e+01 6.972471438262482481e-06
4.142071035517759015e+01 6.941154934225151447e-06
4.146073036518259158e+01 6.910063575315805040e-06
4.150075037518759302e+01 6.879195104310150595e-06
4.154077038519259446e+01 6.848547293100116838e-06
4.158079039519759590e+01 6.818117942234516386e-06
4.162081040520259734e+01 6.787904880468316650e-06
4.166083041520760588e+01 6.757905964320286192e-06
4.170085042521260732e+01 6.728119077638904741e-06
4.174087043521760876e+01 6.698542131176220071e-06
4.178089044522261020e+01 6.669173062169648350e-06
4.182091045522761164e+01 6.640009833931448616e-06
4.186093046523261307e+01 6.611050435445687553e-06
4.190095047523761451e+01 6.582292880972638688e-06
4.194097048524262306e+01 6.553735209660334774e-06
4.198099049524762449e+01 6.525375485163243720e-06
4.202101050525262593e+01 6.497211795267791938e-06
4.206103051525762737e+01 6.469242251524692750e-06
4.210105052526262881e+01 6.441464988887909611e-06
4.214107053526763025e+01 6.413878165360073711e-06
4.218109054527263169e+01 6.386479961644283132e-06
4.222111055527764023e+01 6.359268580802101440e-06
4.226113056528264167e+01 6.332242247917677779e-06
4.230115057528764311e+01 6.305399209767787725e-06
4.234117058529264455e+01 6.278737734497755945e-06
4.238119059529764598e+01 6.252256111303091236e-06
4.242121060530264742e+01 6.225952650116730622e-06
4.246123061530765597e+01 6.199825681301761211e-06
4.250125062531265741e+01 6.173873555349557136e-06
4.254127063531765884e+01 6.148094642583144381e-06
4.258129064532266028e+01 6.122487332865762153e-06
4.262131065532766172e+01 6.097050035314482740e-06
4.266133066533266316e+01 6.071781178018784811e-06
4.270135067533766460e+01 6.046679207763981916e-06
4.274137068534267314e+01 6.021742589759430784e-06
4.278139069534767458e+01 5.996969807371402546e-06
4.282141070535267602e+01 5.972359361860516074e-06
4.286143071535767746e+01 5.947909772123678379e-06
4.290145072536267890e+01 5.923619574440403329e-06
4.294147073536768033e+01 5.899487322223462090e-06
4.298149074537268177e+01 5.875511585773740775e-06
4.302151075537769032e+01 5.851690952039242636e-06
4.306153076538269175e+01 5.828024024378182261e-06
4.310155077538769319e+01 5.804509422326006625e-06
4.314157078539269463e+01 5.781145781366378553e-06
4.318159079539769607e+01 5.757931752705957439e-06
4.322161080540269751e+01 5.734866003052948407e-06
4.326163081540770605e+01 5.711947214399333534e-06
4.330165082541270749e+01 5.689174083806724975e-06
4.334167083541770893e+01 5.666545323195737518e-06
4.338169084542271037e+01 5.644059659138867853e-06
4.342171085542771181e+01 5.621715832656752652e-06
4.346173086543271324e+01 5.599512599017822410e-06
4.350175087543771468e+01 5.577448727541168079e-06
4.354177088544272323e+01 5.555523001402687411e-06
4.358179089544772467e+01 5.533734217444376339e-06
4.362181090545272610e+01 5.512081185986680688e-06
4.366183091545772754e+01 5.490562730643942937e-06
4.370185092546272898e+01 5.469177688142818688e-06
4.374187093546773042e+01 5.447924908143599300e-06
4.378189094547273186e+01 5.426803253064435613e-06
4.382191095547774040e+01 5.405811597908370428e-06
4.386193096548274184e+01 5.384948830093156041e-06
4.390195097548774328e+01 5.364213849283756013e-06
4.394197098549274472e+01 5.343605567227550679e-06
4.398199099549774616e+01 5.323122907592154903e-06
4.402201100550274759e+01 5.302764805805777775e-06
4.406203101550775614e+01 5.282530208900142894e-06
4.410205102551275758e+01 5.262418075355883679e-06
4.414207103551775901e+01 5.242427374950333244e-06
4.418209104552276045e+01 5.222557088607751181e-06
4.422211105552776189e+01 5.202806208251863601e-06
4.426213106553276333e+01 5.183173736660727419e-06
4.430215107553776477e+01 5.163658687323831666e-06
4.434217108554277331e+01 5.144260084301455289e-06
4.438219109554777475e+01 5.124976962086178113e-06
4.442221110555277619e+01 5.105808365466530557e-06
4.446223111555777763e+01 5.086753349392772794e-06
4.450225112556277907e+01 5.067810978844724580e-06
4.454227113556778050e+01 5.048980328701625412e-06
4.458229114557278194e+01 5.030260483613992000e-06
4.462231115557779049e+01 5.011650537877428145e-06
4.466233116558279193e+01 4.993149595308386181e-06
4.470235117558779336e+01 4.974756769121762242e-06
4.474237118559279480e+01 4.956471181810416839e-06
4.478239119559779624e+01 4.938291965026465735e-06
4.482241120560279768e+01 4.920218259464398710e-06
4.486243121560779912e+01 4.902249214745939837e-06
4.490245122561280766e+01 4.884383989306645863e-06
4.494247123561780910e+01 4.866621750284220675e-06
4.498249124562281054e+01 4.848961673408467939e-06
4.502251125562781198e+01 4.831402942892912384e-06
4.506253126563281342e+01 4.813944751328034686e-06
4.510255127563781485e+01 4.796586299576086921e-06
4.514257128564282340e+01 4.779326796667456384e-06
4.518259129564782484e+01 4.762165459698601512e-06
4.522261130565282627e+01 4.745101513731444696e-06
4.526263131565782771e+01 4.728134191694277897e-06
4.530265132566282915e+01 4.711262734284118382e-06
4.534267133566783059e+01 4.694486389870494253e-06
4.538269134567283203e+01 4.677804414400638587e-06
4.542271135567784057e+01 4.661216071306056622e-06
4.546273136568284201e+01 4.644720631410490545e-06
4.550275137568784345e+01 4.628317372839156525e-06
4.554277138569284489e+01 4.612005580929362403e-06
4.558279139569784633e+01 4.595784548142382391e-06
4.562281140570284776e+01 4.579653573976604849e-06
4.566283141570784920e+01 4.563611964881959091e-06
4.570285142571285775e+01 4.547659034175519563e-06
4.574287143571785919e+01 4.531794101958381414e-06
4.578289144572286062e+01 4.516016495033672795e-06
4.582291145572786206e+01 4.500325546825767392e-06
4.586293146573286350e+01 4.484720597300638769e-06
4.590295147573786494e+01 4.469200992887350573e-06
4.594297148574287348e+01 4.453766086400635189e-06
4.598299149574787492e+01 4.438415236964627734e-06
4.602301150575287636e+01 4.423147809937588549e-06
4.606303151575787780e+01 4.407963176837778496e-06
4.610305152576287924e+01 4.392860715270299876e-06
4.614307153576788068e+01 4.377839808855018162e-06
4.618309154577288211e+01 4.362899847155449345e-06
4.622311155577789066e+01 4.348040225608682361e-06
4.626313156578289210e+01 4.333260345456241717e-06
4.630315157578789353e+01 4.318559613675923363e-06
4.634317158579289497e+01 4.303937442914595336e-06
4.638319159579789641e+01 4.289393251421893708e-06
4.642321160580289785e+01 4.274926462984862144e-06
4.646323161580789929e+01 4.260536506863480829e-06
4.650325162581290783e+01 4.246222817727088181e-06
4.654327163581790927e+01 4.231984835591671609e-06
4.658329164582291071e+01 4.217822005758001922e-06
4.662331165582791215e+01 4.203733778750657971e-06
4.666333166583291359e+01 4.189719610257818697e-06
4.670335167583791502e+01 4.175778961071936097e-06
4.674337168584292357e+01 4.161911297031176447e-06
4.678339169584792501e+01 4.148116088961668752e-06
4.682341170585292645e+01 4.134392812620529073e-06
4.686343171585792788e+01 4.120740948639653113e-06
4.690345172586292932e+01 4.107159982470281302e-06
4.694347173586793076e+01 4.093649404328282158e-06
4.698349174587293220e+01 4.080208709140186978e-06
4.702351175587794074e+01 4.066837396489953810e-06
4.706353176588294218e+01 4.053534970566420921e-06
4.710355177588794362e+01 4.040300940111481933e-06
4.714357178589294506e+01 4.027134818368925879e-06
4.718359179589794650e+01 4.014036123033989614e-06
4.722361180590294794e+01 4.001004376203542115e-06
4.726363181590794937e+01 3.988039104326960806e-06
4.730365182591295792e+01 3.975139838157627908e-06
4.734367183591795936e+01 3.962306112705085783e-06
4.738369184592296079e+01 3.949537467187814003e-06
4.742371185592796223e+01 3.936833444986613734e-06
4.746373186593296367e+01 3.924193593598620630e-06
4.750375187593796511e+01 3.911617464591913177e-06
4.754377188594297365e+01 3.899104613560707196e-06
4.758379189594797509e+01 3.886654600081135641e-06
4.762381190595297653e+01 3.874266987667599293e-06
4.766383191595797797e+01 3.861941343729698528e-06
4.770385192596297941e+01 3.849677239529688542e-06
4.774387193596798085e+01 3.837474250140525812e-06
4.778389194597298228e+01 3.825331954404423620e-06
4.782391195597799083e+01 3.813249934891952641e-06
4.786393196598299227e+01 3.801227777861664159e-06
4.790395197598799371e+01 3.789265073220226148e-06
4.794397198599299514e+01 3.777361414483075209e-06
4.798399199599799658e+01 3.765516398735567403e-06
4.802401200600299802e+01 3.753729626594624597e-06
4.806403201600799946e+01 3.742000702170858962e-06
4.810405202601300800e+01 3.730329233031192143e-06
4.814407203601800944e+01 3.718714830161946217e-06
4.818409204602301088e+01 3.707157107932374691e-06
4.822411205602801232e+01 3.695655684058694097e-06
4.826413206603301376e+01 3.684210179568530203e-06
4.830415207603801520e+01 3.672820218765843654e-06
4.834417208604301663e+01 3.661485429196258369e-06
4.838419209604802518e+01 3.650205441612862165e-06
4.842421210605302662e+01 3.638979889942406328e-06
4.846423211605802805e+01 3.627808411251930824e-06
4.850425212606302949e+01 3.616690645715822335e-06
4.854427213606803093e+01 3.605626236583247967e-06
4.858429214607303237e+01 3.594614830146034062e-06
4.862431215607804091e+01 3.583656075706894416e-06
4.866433216608304235e+01 3.572749625548104462e-06
4.870435217608804379e+01 3.561895134900505366e-06
4.874437218609304523e+01 3.551092261912932917e-06
4.878439219609804667e+01 3.540340667621994545e-06
4.882441220610304811e+01 3.529640015922230886e-06
4.886443221610804954e+01 3.518989973536636501e-06
4.890445222611305809e+01 3.508390209987536763e-06
4.894447223611805953e+01 3.497840397567833203e-06
4.898449224612306097e+01 3.487340211312576667e-06
4.902451225612806240e+01 3.476889328970897908e-06
4.906453226613306384e+01 3.466487430978285052e-06
4.910455227613806528e+01 3.456134200429176567e-06
4.914457228614306672e+01 3.445829323049907464e-06
4.918459229614807526e+01 3.435572487171952791e-06
4.922461230615307670e+01 3.425363383705531545e-06
4.926463231615807814e+01 3.415201706113482486e-06
4.930465232616307958e+01 3.405087150385486379e-06
4.934467233616808102e+01 3.395019415012583010e-06
4.938469234617308246e+01 3.384998200961991013e-06
4.942471235617809100e+01 3.375023211652230937e-06
4.946473236618309244e+01 3.365094152928548584e-06
4.950475237618809388e+01 3.355210733038612789e-06
4.954477238619309531e+01 3.345372662608518547e-06
4.958479239619809675e+01 3.335579654619067559e-06
4.962481240620309819e+01 3.325831424382327432e-06
4.966483241620809963e+01 3.316127689518464490e-06
4.970485242621310817e+01 3.306468169932856088e-06
4.974487243621810961e+01 3.296852587793467641e-06
4.978489244622311105e+01 3.287280667508484595e-06
4.982491245622811249e+01 3.277752135704228163e-06
4.986493246623311393e+01 3.268266721203303570e-06
4.990495247623811537e+01 3.258824155003025276e-06
4.994497248624311680e+01 3.249424170254074284e-06
4.998499249624812535e+01 3.240066502239411260e-06
5.002501250625312679e+01 3.230750888353446295e-06
5.006503251625812823e+01 3.221477068081415772e-06
5.010505252626312966e+01 3.212244782979037479e-06
5.014507253626813110e+01 3.203053776652369864e-06
5.018509254627313254e+01 3.193903794737916500e-06
5.022511255627814108e+01 3.184794584882959669e-06
5.026513256628314252e+01 3.175725896726112070e-06
5.030515257628814396e+01 3.166697481878092978e-06
5.034517258629314540e+01 3.157709093902732262e-06
5.038519259629814684e+01 3.148760488298179801e-06
5.042521260630314828e+01 3.139851422478330058e-06
5.046523261630814972e+01 3.130981655754470686e-06
5.050525262631315826e+01 3.122150949317112820e-06
5.054527263631815970e+01 3.113359066218064477e-06
5.058529264632316114e+01 3.104605771352667849e-06
5.062531265632816257e+01 3.095890831442255980e-06
5.066533266633316401e+01 3.087214015016818237e-06
5.070535267633816545e+01 3.078575092397830954e-06
5.074537268634316689e+01 3.069973835681308300e-06
5.078539269634817543e+01 3.061410018721026368e-06
5.082541270635317687e+01 3.052883417111945051e-06
5.086543271635817831e+01 3.044393808173804817e-06
5.090545272636317975e+01 3.035940970934914082e-06
5.094547273636818119e+01 3.027524686116112334e-06
5.098549274637318263e+01 3.019144736114914097e-06
5.102551275637819117e+01 3.010800904989832893e-06
5.106553276638319261e+01 3.002492978444864871e-06
5.110555277638819405e+01 2.994220743814157933e-06
5.114557278639319549e+01 2.985983990046838833e-06
5.118559279639819692e+01 2.977782507692019421e-06
5.122561280640319836e+01 2.969616088883956207e-06
5.126563281640819980e+01 2.961484527327380170e-06
5.130565282641320835e+01 2.953387618282976919e-06
5.134567283641820978e+01 2.945325158553049393e-06
5.138569284642321122e+01 2.937296946467299564e-06
5.142571285642821266e+01 2.929302781868802841e-06
5.146573286643321410e+01 2.921342466100109108e-06
5.150575287643821554e+01 2.913415801989508508e-06
5.154577288644321698e+01 2.905522593837436140e-06
5.158579289644822552e+01 2.897662647403033882e-06
5.162581290645322696e+01 2.889835769890852396e-06
5.166583291645822840e+01 2.882041769937692898e-06
5.170585292646322984e+01 2.874280457599595879e-06
5.174587293646823127e+01 2.866551644338970446e-06
5.178589294647323271e+01 2.858855143011854519e-06
5.182591295647823415e+01 2.851190767855323685e-06
5.186593296648324269e+01 2.843558334475018219e-06
5.190595297648824413e+01 2.835957659832824257e-06
5.194597298649324557e+01 2.828388562234659158e-06
5.198599299649824701e+01 2.820850861318415683e-06
5.202601300650324845e+01 2.813344378042013751e-06
5.206603301650824989e+01 2.805868934671587293e-06
5.210605302651325843e+01 2.798424354769791807e-06
5.214607303651825987e+01 2.791010463184249983e-06
5.218609304652326131e+01 2.783627086036090925e-06
5.222611305652826275e+01 2.776274050708635061e-06
5.226613306653326418e+01 2.768951185836197212e-06
5.230615307653826562e+01 2.761658321292981992e-06
5.234617308654326706e+01 2.754395288182132096e-06
5.238619309654827561e+01 2.747161918824857902e-06
5.242621310655327704e+01 2.739958046749709376e-06
5.246623311655827848e+01 2.732783506681932676e-06
5.250625312656327992e+01 2.725638134532957208e-06
5.254627313656828136e+01 2.718521767389984740e-06
5.258629314657328280e+01 2.711434243505691600e-06
5.262631315657828424e+01 2.704375402288023625e-06
5.266633316658329278e+01 2.697345084290117735e-06
5.270635317658829422e+01 2.690343131200307374e-06
5.274637318659329566e+01 2.683369385832248641e-06
5.278639319659829710e+01 2.676423692115129439e-06
5.282641320660329853e+01 2.669505895083998052e-06
5.286643321660829997e+01 2.662615840870179816e-06
5.290645322661330852e+01 2.655753376691790772e-06
5.294647323661830995e+01 2.648918350844361858e-06
5.298649324662331139e+01 2.642110612691536368e-06
5.302651325662831283e+01 2.635330012655886428e-06
5.306653326663331427e+01 2.628576402209806112e-06
5.310655327663831571e+01 2.621849633866500710e-06
5.314657328664331715e+01 2.615149561171076790e-06
5.318659329664832569e+01 2.608476038691706371e-06
5.322661330665332713e+01 2.601828922010900790e-06
5.326663331665832857e+01 2.595208067716851063e-06
5.330665332666333001e+01 2.588613333394866495e-06
5.334667333666833144e+01 2.582044577618908166e-06
5.338669334667333288e+01 2.575501659943188058e-06
5.342671335667833432e+01 2.568984440893867283e-06
5.346673336668334287e+01 2.562492781960834360e-06
5.350675337668834430e+01 2.556026545589564378e-06
5.354677338669334574e+01 2.549585595173053977e-06
5.358679339669834718e+01 2.543169795043850339e-06
5.362681340670334862e+01 2.536779010466143715e-06
5.366683341670835006e+01 2.530413107627956087e-06
5.370685342671335860e+01 2.524071953633385311e-06
5.374687343671836004e+01 2.517755416494954712e-06
5.378689344672336148e+01 2.511463365126008428e-06
5.382691345672836292e+01 2.505195669333199070e-06
5.386693346673336436e+01 2.498952199809052893e-06
5.390695347673836579e+01 2.492732828124593831e-06
5.394697348674336723e+01 2.486537426722057322e-06
5.398699349674837578e+01 2.480365868907651139e-06
5.402701350675337721e+01 2.474218028844419986e-06
5.406703351675837865e+01 2.468093781545152864e-06
5.410705352676338009e+01 2.461993002865365410e-06
5.414707353676838153e+01 2.455915569496368194e-06
5.418709354677338297e+01 2.449861358958375691e-06
5.422711355677838441e+01 2.443830249593702906e-06
5.426713356678339295e+01 2.437822120560018760e-06
5.430715357678839439e+01 2.431836851823671046e-06
5.434717358679339583e+01 2.425874324153065172e-06
5.438719359679839727e+01 2.419934419112121255e-06
5.442721360680339870e+01 2.414017019053779921e-06
5.446723361680840014e+01 2.408122007113585604e-06
5.450725362681340869e+01 2.402249267203319825e-06
5.454727363681841013e+01 2.396398684004701809e-06
5.458729364682341156e+01 2.390570142963142037e-06
5.462731365682841300e+01 2.384763530281571190e-06
5.466733366683341444e+01 2.378978732914310171e-06
5.470735367683841588e+01 2.373215638561012127e-06
5.474737368684341732e+01 2.367474135660653169e-06
5.478739369684842586e+01 2.361754113385586629e-06
5.482741370685342730e+01 2.356055461635652793e-06
5.486743371685842874e+01 2.350378071032339874e-06
5.490745372686343018e+01 2.344721832913005984e-06
5.494747373686843162e+01 2.339086639325154032e-06
5.498749374687343305e+01 2.333472383020761266e-06
5.502751375687843449e+01 2.327878957450658783e-06
5.506753376688344304e+01 2.322306256758969915e-06
5.510755377688844447e+01 2.316754175777596886e-06
5.514757378689344591e+01 2.311222610020760841e-06
5.518759379689844735e+01 2.305711455679592694e-06
5.522761380690344879e+01 2.300220609616771407e-06
5.526763381690845023e+01 2.294749969361224530e-06
5.530765382691345167e+01 2.289299433102859658e-06
5.534767383691846021e+01 2.283868899687360254e-06
5.538769384692346165e+01 2.278458268611028497e-06
5.542771385692846309e+01 2.273067440015661999e-06
5.546773386693346453e+01 2.267696314683499559e-06
5.550775387693846596e+01 2.262344794032194022e-06
5.554777388694346740e+01 2.257012780109846976e-06
5.558779389694847595e+01 2.251700175590078170e-06
5.562781390695347739e+01 2.246406883767154225e-06
5.566783391695847882e+01 2.241132808551138954e-06
5.570785392696348026e+01 2.235877854463114395e-06
5.574787393696848170e+01 2.230641926630431502e-06
5.578789394697348314e+01 2.225424930782004873e-06
5.582791395697848458e+01 2.220226773243654073e-06
5.586793396698349312e+01 2.215047360933488996e-06
5.590795397698849456e+01 2.209886601357333345e-06
5.594797398699349600e+01 2.204744402604190045e-06
5.598799399699849744e+01 2.199620673341751118e-06
5.602801400700349888e+01 2.194515322811947794e-06
5.606803401700850031e+01 2.189428260826536205e-06
5.610805402701350175e+01 2.184359397762736853e-06
5.614807403701851030e+01 2.179308644558891452e-06
5.618809404702351173e+01 2.174275912710180328e-06
5.622811405702851317e+01 2.169261114264368196e-06
5.626813406703351461e+01 2.164264161817586361e-06
5.630815407703851605e+01 2.159284968510163198e-06
5.634817408704351749e+01 2.154323448022480887e-06
5.638819409704852603e+01 2.149379514570871967e-06
5.642821410705352747e+01 2.144453082903566280e-06
5.646823411705852891e+01 2.139544068296648930e-06
5.650825412706353035e+01 2.134652386550075842e-06
5.654827413706853179e+01 2.129777953983718114e-06
5.658829414707353322e+01 2.124920687433439414e-06
5.662831415707853466e+01 2.120080504247209786e-06
5.666833416708354321e+01 2.115257322281256314e-06
5.670835417708854465e+01 2.110451059896244693e-06
5.674837418709354608e+01 2.105661635953497231e-06
5.678839419709854752e+01 2.100888969811240491e-06
5.682841420710354896e+01 2.096132981320894439e-06
5.686843421710855040e+01 2.091393590823382346e-06
5.690845422711355184e+01 2.086670719145488547e-06
5.694847423711856038e+01 2.081964287596228903e-06
5.698849424712356182e+01 2.077274217963275053e-06
5.702851425712856326e+01 2.072600432509390946e-06
5.706853426713356470e+01 2.067942853968913418e-06
5.710855427713856614e+01 2.063301405544256065e-06
5.714857428714356757e+01 2.058676010902451654e-06
5.718859429714857612e+01 2.054066594171711474e-06
5.722861430715357756e+01 2.049473079938035937e-06
5.726863431715857899e+01 2.044895393241829406e-06
5.730865432716358043e+01 2.040333459574561196e-06
5.734867433716858187e+01 2.035787204875456636e-06
5.738869434717358331e+01 2.031256555528205500e-06
5.742871435717858475e+01 2.026741438357708555e-06
5.746873436718359329e+01 2.022241780626846130e-06
5.750875437718859473e+01 2.017757510033283952e-06
5.754877438719359617e+01 2.013288554706291269e-06
5.758879439719859761e+01 2.008834843203603441e-06
5.762881440720359905e+01 2.004396304508300198e-06
5.766883441720860048e+01 1.999972868025709735e-06
5.770885442721360192e+01 1.995564463580353041e-06
5.774887443721861047e+01 1.991171021412896699e-06
5.778889444722361191e+01 1.986792472177147609e-06
5.782891445722861334e+01 1.982428746937058310e-06
5.786893446723361478e+01 1.978079777163773794e-06
5.790895447723861622e+01 1.973745494732687644e-06
5.794897448724361766e+01 1.969425831920537558e-06
5.798899449724862620e+01 1.965120721402515276e-06
5.802901450725362764e+01 1.960830096249408686e-06
5.806903451725862908e+01 1.956553889924758761e-06
5.810905452726363052e+01 1.952292036282050796e-06
5.814907453726863196e+01 1.948044469561925976e-06
5.818909454727363340e+01 1.943811124389410309e-06
5.822911455727863483e+01 1.939591935771177862e-06
5.826913456728364338e+01 1.935386839092826701e-06
5.830915457728864482e+01 1.931195770116187023e-06
5.834917458729364625e+01 1.927018664976642836e-06
5.838919459729864769e+01 1.922855460180486253e-06
5.842921460730364913e+01 1.918706092602279831e-06
5.846923461730865057e+01 1.914570499482261260e-06
5.850925462731365201e+01 1.910448618423746788e-06
5.854927463731866055e+01 1.906340387390577199e-06
5.858929464732366199e+01 1.902245744704569732e-06
5.862931465732866343e+01 1.898164629042996671e-06
5.866933466733366487e+01 1.894096979436091684e-06
5.870935467733866631e+01 1.890042735264562506e-06
5.874937468734366774e+01 1.886001836257141114e-06
5.878939469734866918e+01 1.881974222488136219e-06
5.882941470735367773e+01 1.877959834375023463e-06
5.886943471735867917e+01 1.873958612676044498e-06
5.890945472736368060e+01 1.869970498487824712e-06
5.894947473736868204e+01 1.865995433243022709e-06
5.898949474737368348e+01 1.862033358707984028e-06
5.902951475737868492e+01 1.858084216980427051e-06
5.906953476738369346e+01 1.854147950487135469e-06
5.910955477738869490e+01 1.850224501981685274e-06
5.914957478739369634e+01 1.846313814542174287e-06
5.918959479739869778e+01 1.842415831568980480e-06
5.922961480740369922e+01 1.838530496782535133e-06
5.926963481740870066e+01 1.834657754221113766e-06
5.930965482741370209e+01 1.830797548238651859e-06
5.934967483741871064e+01 1.826949823502561407e-06
5.938969484742371208e+01 1.823114524991588567e-06
5.942971485742871351e+01 1.819291597993669389e-06
5.946973486743371495e+01 1.815480988103810544e-06
5.950975487743871639e+01 1.811682641221990162e-06
5.954977488744371783e+01 1.807896503551067568e-06
5.958979489744871927e+01 1.804122521594720120e-06
5.962981490745372781e+01 1.800360642155387038e-06
5.966983491745872925e+01 1.796610812332236100e-06
5.970985492746373069e+01 1.792872979519145375e-06
5.974987493746873213e+01 1.789147091402695754e-06
5.978989494747373357e+01 1.785433095960191438e-06
5.982991495747873500e+01 1.781730941457682956e-06
5.986993496748374355e+01 1.778040576448015185e-06
5.990995497748874499e+01 1.774361949768891660e-06
5.994997498749374643e+01 1.770695010540941231e-06
5.998999499749874786e+01 1.767039708165818795e-06
6.003001500750374930e+01 1.763395992324307734e-06
6.007003501750875074e+01 1.759763812974443525e-06
6.011005502751375218e+01 1.756143120349648149e-06
6.015007503751876072e+01 1.752533864956884198e-06
6.019009504752376216e+01 1.748935997574822737e-06
6.023011505752876360e+01 1.745349469252019011e-06
6.027013506753376504e+01 1.741774231305110381e-06
6.031015507753876648e+01 1.738210235317026966e-06
6.035017508754376792e+01 1.734657433135215418e-06
6.039019509754876935e+01 1.731115776869872009e-06
6.043021510755377790e+01 1.727585218892200282e-06
6.047023511755877934e+01 1.724065711832675062e-06
6.051025512756378077e+01 1.720557208579315352e-06
6.055027513756878221e+01 1.717059662275985188e-06
6.059029514757378365e+01 1.713573026320692791e-06
6.063031515757878509e+01 1.710097254363915568e-06
6.067033516758379363e+01 1.706632300306926367e-06
6.071035517758879507e+01 1.703178118300142615e-06
6.075037518759379651e+01 1.699734662741483918e-06
6.079039519759879795e+01 1.696301888274741736e-06
6.083041520760379939e+01 1.692879749787964091e-06
6.087043521760880083e+01 1.689468202411851072e-06
6.091045522761380226e+01 1.686067201518162844e-06
6.095047523761881081e+01 1.682676702718143098e-06
6.099049524762381225e+01 1.679296661860949507e-06
6.103051525762881369e+01 1.675927035032101533e-06
6.107053526763381512e+01 1.672567778551934809e-06
6.111055527763881656e+01 1.669218848974072237e-06
6.115057528764381800e+01 1.665880203083904417e-06
6.119059529764881944e+01 1.662551797897083623e-06
6.123061530765382798e+01 1.659233590658024760e-06
6.127063531765882942e+01 1.655925538838425815e-06
6.131065532766383086e+01 1.652627600135791688e-06
6.135067533766883230e+01 1.649339732471972004e-06
6.139069534767383374e+01 1.646061893991715223e-06
6.143071535767883518e+01 1.642794043061222122e-06
6.147073536768384372e+01 1.639536138266725747e-06
6.151075537768884516e+01 1.636288138413069029e-06
6.155077538769384660e+01 1.633050002522295533e-06
6.159079539769884803e+01 1.629821689832260750e-06
6.163081540770384947e+01 1.626603159795241903e-06
6.167083541770885091e+01 1.623394372076563213e-06
6.171085542771385235e+01 1.620195286553233020e-06
6.175087543771886089e+01 1.617005863312589806e-06
6.179089544772386233e+01 1.613826062650957738e-06
6.183091545772886377e+01 1.610655845072310263e-06
6.187093546773386521e+01 1.607495171286953184e-06
6.191095547773886665e+01 1.604344002210202227e-06
6.195097548774386809e+01 1.601202298961088570e-06
6.199099549774886952e+01 1.598070022861056732e-06
6.203101550775387807e+01 1.594947135432684925e-06
6.207103551775887951e+01 1.591833598398410479e-06
6.211105552776388095e+01 1.588729373679260564e-06
6.215107553776888238e+01 1.585634423393602600e-06
6.219109554777388382e+01 1.582548709855892351e-06
6.223111555777888526e+01 1.579472195575441695e-06
6.227113556778388670e+01 1.576404843255185986e-06
6.231115557778889524e+01 1.573346615790471098e-06
6.235117558779389668e+01 1.570297476267839417e-06
6.239119559779889812e+01 1.567257387963830443e-06
6.243121560780389956e+01 1.564226314343791133e-06
6.247123561780890100e+01 1.561204219060689205e-06
6.251125562781390244e+01 1.558191065953944656e-06
6.255127563781891098e+01 1.555186819048257472e-06
6.259129564782391242e+01 1.552191442552456932e-06
6.263131565782891386e+01 1.549204900858351335e-06
6.267133566783391529e+01 1.546227158539585567e-06
6.271135567783891673e+01 1.543258180350513277e-06
6.275137568784391817e+01 1.540297931225073496e-06
6.279139569784891961e+01 1.537346376275674041e-06
6.283141570785392815e+01 1.534403480792084649e-06
6.287143571785892959e+01 1.531469210240341345e-06
6.291145572786393103e+01 1.528543530261654190e-06
6.295147573786893247e+01 1.525626406671323079e-06
6.299149574787393391e+01 1.522717805457666669e-06
6.303151575787893535e+01 1.519817692780950883e-06
6.307153576788393678e+01 1.516926034972336256e-06
6.311155577788894533e+01 1.514042798532819996e-06
6.315157578789394677e+01 1.511167950132198153e-06
6.319159579789894821e+01 1.508301456608025886e-06
6.323161580790394964e+01 1.505443284964588323e-06
6.327163581790895108e+01 1.502593402371882208e-06
6.331165582791395252e+01 1.499751776164601163e-06
6.335167583791896107e+01 1.496918373841128136e-06
6.339169584792396250e+01 1.494093163062539718e-06
6.343171585792896394e+01 1.491276111651607277e-06
6.347173586793396538e+01 1.488467187591820332e-06
6.351175587793896682e+01 1.485666359026403356e-06
6.355177588794396826e+01 1.482873594257347619e-06
6.359179589794896970e+01 1.480088861744445569e-06
6.363181590795397824e+01 1.477312130104334960e-06
6.367183591795897968e+01 1.474543368109553556e-06
6.371185592796398112e+01 1.471782544687585167e-06
6.375187593796898256e+01 1.469029628919932567e-06
6.379189594797398399e+01 1.466284590041185547e-06
6.383191595797898543e+01 1.463547397438096591e-06
6.387193596798398687e+01 1.460818020648663328e-06
6.391195597798899541e+01 1.458096429361222630e-06
6.395197598799399685e+01 1.455382593413543226e-06
6.399199599799899829e+01 1.452676482791928907e-06
6.403201600800400684e+01 1.449978067630330414e-06
6.407203601800900117e+01 1.447287318209459863e-06
6.411205602801400971e+01 1.444604204955909618e-06
6.415207603801900405e+01 1.441928698441285567e-06
6.419209604802401259e+01 1.439260769381334678e-06
6.423211605802900692e+01 1.436600388635094575e-06
6.427213606803401547e+01 1.433947527204028719e-06
6.431215607803902401e+01 1.431302156231188694e-06
6.435217608804401834e+01 1.428664247000367596e-06
6.439219609804902689e+01 1.426033770935261893e-06
6.443221610805402122e+01 1.423410699598648536e-06
6.447223611805902976e+01 1.420795004691554014e-06
6.451225612806402410e+01 1.418186658052441208e-06
6.455227613806903264e+01 1.415585631656392214e-06
6.459229614807404118e+01 1.412991897614304929e-06
6.463231615807903552e+01 1.410405428172091551e-06
6.467233616808404406e+01 1.407826195709878979e-06
6.471235617808903839e+01 1.405254172741224033e-06
6.475237618809404694e+01 1.402689331912324025e-06
6.479239619809904127e+01 1.400131646001241717e-06
6.483241620810404982e+01 1.397581087917127753e-06
6.487243621810905836e+01 1.395037630699454088e-06
6.491245622811405269e+01 1.392501247517252507e-06
6.495247623811906124e+01 1.389971911668351872e-06
6.499249624812405557e+01 1.387449596578631675e-06
6.503251625812906411e+01 1.384934275801267119e-06
6.507253626813405845e+01 1.382425923015996435e-06
6.511255627813906699e+01 1.379924512028372950e-06
6.515257628814407553e+01 1.377430016769042149e-06
6.519259629814906987e+01 1.374942411293009832e-06
6.523261630815407841e+01 1.372461669778921084e-06
6.527263631815907274e+01 1.369987766528342621e-06
6.531265632816408129e+01 1.367520675965050438e-06
6.535267633816907562e+01 1.365060372634325923e-06
6.539269634817408416e+01 1.362606831202245411e-06
6.543271635817909271e+01 1.360160026454991966e-06
6.547273636818408704e+01 1.357719933298157853e-06
6.551275637818909559e+01 1.355286526756053568e-06
6.555277638819408992e+01 1.352859781971029364e-06
6.559279639819909846e+01 1.350439674202792548e-06
6.563281640820410701e+01 1.348026178827735565e-06
6.567283641820910134e+01 1.345619271338267482e-06
6.571285642821410988e+01 1.343218927342142500e-06
6.575287643821910422e+01 1.340825122561807318e-06
6.579289644822411276e+01 1.338437832833738960e-06
6.583291645822910709e+01 1.336057034107797014e-06
6.587293646823411564e+01 1.333682702446571410e-06
6.591295647823912418e+01 1.331314814024746088e-06
6.595297648824411851e+01 1.328953345128455256e-06
6.599299649824912706e+01 1.326598272154647688e-06
6.603301650825412139e+01 1.324249571610465428e-06
6.607303651825912993e+01 1.321907220112604914e-06
6.611305652826412427e+01 1.319571194386707327e-06
6.615307653826913281e+01 1.317241471266732419e-06
6.619309654827414136e+01 1.314918027694350773e-06
6.623311655827913569e+01 1.312600840718332238e-06
6.627313656828414423e+01 1.310289887493939245e-06
6.631315657828913857e+01 1.307985145282328594e-06
6.635317658829414711e+01 1.305686591449951111e-06
6.639319659829914144e+01 1.303394203467962754e-06
6.643321660830414999e+01 1.301107958911630207e-06
6.647323661830915853e+01 1.298827835459749180e-06
6.651325662831415286e+01 1.296553810894063343e-06
6.655327663831916141e+01 1.294285863098681568e-06
6.659329664832415574e+01 1.292023970059511688e-06
6.663331665832916428e+01 1.289768109863682608e-06
6.667333666833415862e+01 1.287518260698986747e-06
6.671335667833916716e+01 1.285274400853309349e-06
6.675337668834417570e+01 1.283036508714073463e-06
6.679339669834917004e+01 1.280804562767688313e-06
6.683341670835417858e+01 1.278578541598988566e-06
6.687343671835917291e+01 1.276358423890698156e-06
6.691345672836418146e+01 1.274144188422874209e-06
6.695347673836917579e+01 1.271935814072377856e-06
6.699349674837418434e+01 1.269733279812326842e-06
6.703351675837919288e+01 1.267536564711569942e-06
6.707353676838418721e+01 1.265345647934153115e-06
6.711355677838919576e+01 1.263160508738791169e-06
6.715357678839419009e+01 1.260981126478350648e-06
6.719359679839919863e+01 1.258807480599322342e-06
6.723361680840420718e+01 1.256639550641311161e-06
6.727363681840920151e+01 1.254477316236522409e-06
6.731365682841421005e+01 1.252320757109244671e-06
6.735367683841920439e+01 1.250169853075355995e-06
6.739369684842421293e+01 1.248024584041809103e-06
6.743371685842920726e+01 1.245884930006139903e-06
6.747373686843421581e+01 1.243750871055965200e-06
6.751375687843922435e+01 1.241622387368492260e-06
6.755377688844421868e+01 1.239499459210029229e-06
6.759379689844922723e+01 1.237382066935495119e-06
6.763381690845422156e+01 1.235270190987939125e-06
6.767383691845923011e+01 1.233163811898057384e-06
6.771385692846422444e+01 1.231062910283718643e-06
6.775387693846923298e+01 1.228967466849483776e-06
6.779389694847424153e+01 1.226877462386140976e-06
6.783391695847923586e+01 1.224792877770233322e-06
6.787393696848424440e+01 1.222713693963593122e-06
6.791395697848923874e+01 1.220639892012881977e-06
6.795397698849424728e+01 1.218571453049128297e-06
6.799399699849924161e+01 1.216508358287272658e-06
6.803401700850425016e+01 1.214450589025712947e-06
6.807403701850925870e+01 1.212398126645855008e-06
6.811405702851425303e+01 1.210350952611663714e-06
6.815407703851926158e+01 1.208309048469216164e-06
6.819409704852425591e+01 1.206272395846262909e-06
6.823411705852926445e+01 1.204240976451785598e-06
6.827413706853425879e+01 1.202214772075563084e-06
6.831415707853926733e+01 1.200193764587733502e-06
6.835417708854427588e+01 1.198177935938367160e-06
6.839419709854927021e+01 1.196167268157038148e-06
6.843421710855427875e+01 1.194161743352392987e-06
6.847423711855927309e+01 1.192161343711735373e-06
6.851425712856428163e+01 1.190166051500599269e-06
6.855427713856927596e+01 1.188175849062336192e-06
6.859429714857428451e+01 1.186190718817696563e-06
6.863431715857929305e+01 1.184210643264419748e-06
6.867433716858428738e+01 1.182235604976823665e-06
6.871435717858929593e+01 1.180265586605395037e-06
6.875437718859429026e+01 1.178300570876388951e-06
6.879439719859929880e+01 1.176340540591421655e-06
6.883441720860429314e+01 1.174385478627077103e-06
6.887443721860930168e+01 1.172435367934502504e-06
6.891445722861431022e+01 1.170490191539021009e-06
6.895447723861930456e+01 1.168549932539733401e-06
6.899449724862431310e+01 1.166614574109131842e-06
6.903451725862930743e+01 1.164684099492712571e-06
6.907453726863431598e+01 1.162758492008587114e-06
6.911455727863932452e+01 1.160837735047104932e-06
6.915457728864431886e+01 1.158921812070472042e-06
6.919459729864932740e+01 1.157010706612367951e-06
6.923461730865432173e+01 1.155104402277578249e-06
6.927463731865933028e+01 1.153202882741615570e-06
6.931465732866432461e+01 1.151306131750351970e-06
6.935467733866933315e+01 1.149414133119647723e-06
6.939469734867434170e+01 1.147526870734987516e-06
6.943471735867933603e+01 1.145644328551117074e-06
6.947473736868434457e+01 1.143766490591675969e-06
6.951475737868933891e+01 1.141893340948846740e-06
6.955477738869434745e+01 1.140024863782988123e-06
6.959479739869934178e+01 1.138161043322288830e-06
6.963481740870435033e+01 1.136301863862407349e-06
6.967483741870935887e+01 1.134447309766126772e-06
6.971485742871435320e+01 1.132597365463002226e-06
6.975487743871936175e+01 1.130752015449016547e-06
6.979489744872435608e+01 1.128911244286235542e-06
6.983491745872936463e+01 1.127075036602463881e-06
6.987493746873435896e+01 1.125243377090908821e-06
6.991495747873936750e+01 1.123416250509838646e-06
6.995497748874437605e+01 1.121593641682248510e-06
6.999499749874937038e+01 1.119775535495525856e-06
7.003501750875437892e+01 1.117961916901117538e-06
7.007503751875937326e+01 1.116152770914202860e-06
7.011505752876438180e+01 1.114348082613360698e-06
7.015507753876937613e+01 1.112547837140249527e-06
7.019509754877438468e+01 1.110752019699278567e-06
7.023511755877939322e+01 1.108960615557289081e-06
7.027513756878438755e+01 1.107173610043232720e-06
7.031515757878939610e+01 1.105390988547851551e-06
7.035517758879439043e+01 1.103612736523368469e-06
7.039519759879939897e+01 1.101838839483163629e-06
7.043521760880439331e+01 1.100069283001471213e-06
7.047523761880940185e+01 1.098304052713060515e-06
7.051525762881441040e+01 1.096543134312935247e-06
7.055527763881940473e+01 1.094786513556020989e-06
7.059529764882441327e+01 1.093034176256862154e-06
7.063531765882940761e+01 1.091286108289321087e-06
7.067533766883441615e+01 1.089542295586270587e-06
7.071535767883942469e+01 1.087802724139302530e-06
7.075537768884441903e+01 1.086067379998424845e-06
7.079539769884942757e+01 1.084336249271766318e-06
7.083541770885442190e+01 1.082609318125285006e-06
7.087543771885943045e+01 1.080886572782471347e-06
7.091545772886442478e+01 1.079167999524061444e-06
7.095547773886943332e+01 1.077453584687746953e-06
7.099549774887444187e+01 1.075743314667888576e-06
7.103551775887943620e+01 1.074037175915228493e-06
7.107553776888444474e+01 1.072335154936607452e-06
7.111555777888943908e+01 1.070637238294684824e-06
7.115557778889444762e+01 1.068943412607655485e-06
7.119559779889944195e+01 1.067253664548972622e-06
7.123561780890445050e+01 1.065567980847068638e-06
7.127563781890945904e+01 1.063886348285082617e-06
7.131565782891445338e+01 1.062208753700584825e-06
7.135567783891946192e+01 1.060535183985303547e-06
7.139569784892445625e+01 1.058865626084856786e-06
7.143571785892946480e+01 1.057200066998480365e-06
7.147573786893445913e+01 1.055538493778763654e-06
7.151575787893946767e+01 1.053880893531380423e-06
7.155577788894447622e+01 1.052227253414828596e-06
7.159579789894947055e+01 1.050577560640163432e-06
7.163581790895447909e+01 1.048931802470737060e-06
7.167583791895947343e+01 1.047289966221943317e-06
7.171585792896448197e+01 1.045652039260950927e-06
7.175587793896947630e+01 1.044018009006456381e-06
7.179589794897448485e+01 1.042387862928421146e-06
7.183591795897949339e+01 1.040761588547823482e-06
7.187593796898448772e+01 1.039139173436403065e-06
7.191595797898949627e+01 1.037520605216410049e-06
7.195597798899449060e+01 1.035905871560358796e-06
7.199599799899949915e+01 1.034294960190776091e-06
7.203601800900449348e+01 1.032687858879959107e-06
7.207603801900950202e+01 1.031084555449725524e-06
7.211605802901451057e+01 1.029485037771175309e-06
7.215607803901950490e+01 1.027889293764443798e-06
7.219609804902451344e+01 1.026297311398464956e-06
7.223611805902950778e+01 1.024709078690729970e-06
7.227613806903451632e+01 1.023124583707046903e-06
7.231615807903951065e+01 1.021543814561311786e-06
7.235617808904451920e+01 1.019966759415263610e-06
7.239619809904952774e+01 1.018393406478259442e-06
7.243621810905452207e+01 1.016823744007035136e-06
7.247623811905953062e+01 1.015257760305478330e-06
7.251625812906452495e+01 1.013695443724396994e-06
7.255627813906953349e+01 1.012136782661290728e-06
7.259629814907454204e+01 1.010581765560124184e-06
7.263631815907953637e+01 1.009030380911102816e-06
7.267633816908454492e+01 1.007482617250443115e-06
7.271635817908953925e+01 1.005938463160155775e-06
7.275637818909454779e+01 1.004397907267818476e-06
7.279639819909954213e+01 1.002860938246359886e-06
7.283641820910455067e+01 1.001327544813834144e-06
7.287643821910955921e+01 9.997977157332084634e-07
7.291645822911455355e+01 9.982714398121437498e-07
7.295647823911956209e+01 9.967487059027769160e-07
7.299649824912455642e+01 9.952295029015101811e-07
7.303651825912956497e+01 9.937138197487942303e-07
7.307653826913455930e+01 9.922016454289192094e-07
7.311655827913956784e+01 9.906929689698012729e-07
7.315657828914457639e+01 9.891877794427733663e-07
7.319659829914957072e+01 9.876860659623793976e-07
7.323661830915457926e+01 9.861878176861620552e-07
7.327663831915957360e+01 9.846930238144618495e-07
7.331665832916458214e+01 9.832016735902074723e-07
7.335667833916957647e+01 9.817137562987146262e-07
7.339669834917458502e+01 9.802292612674842195e-07
7.343671835917959356e+01 9.787481778659973836e-07
7.347673836918458790e+01 9.772704955055198088e-07
7.351675837918959644e+01 9.757962036388954918e-07
7.355677838919459077e+01 9.743252917603574236e-07
7.359679839919959932e+01 9.728577494053223959e-07
7.363681840920459365e+01 9.713935661502002069e-07
7.367683841920960219e+01 9.699327316121967262e-07
7.371685842921461074e+01 9.684752354491211948e-07
7.375687843921960507e+01 9.670210673591920427e-07
7.379689844922461361e+01 9.655702170808467301e-07
7.383691845922960795e+01 9.641226743925513765e-07
7.387693846923461649e+01 9.626784291126084847e-07
7.391695847923961082e+01 9.612374710989733461e-07
7.395697848924461937e+01 9.597997902490609170e-07
7.399699849924962791e+01 9.583653764995660363e-07
7.403701850925462224e+01 9.569342198262726311e-07
7.407703851925963079e+01 9.555063102438709691e-07
7.411705852926462512e+01 9.540816378057772413e-07
7.415707853926963367e+01 9.526601926039475314e-07
7.419709854927464221e+01 9.512419647686978222e-07
7.423711855927963654e+01 9.498269444685261181e-07
7.427713856928464509e+01 9.484151219099289568e-07
7.431715857928963942e+01 9.470064873372278736e-07
7.435717858929464796e+01 9.456010310323882418e-07
7.439719859929964230e+01 9.441987433148459489e-07
7.443721860930465084e+01 9.427996145413288845e-07
7.447723861930965938e+01 9.414036351056873215e-07
7.451725862931465372e+01 9.400107954387161456e-07
7.455727863931966226e+01 9.386210860079840718e-07
7.459729864932465659e+01 9.372344973176633912e-07
7.463731865932966514e+01 9.358510199083573878e-07
7.467733866933465947e+01 9.344706443569329435e-07
7.471735867933966802e+01 9.330933612763493319e-07
7.475737868934467656e+01 9.317191613154930467e-07
7.479739869934967089e+01 9.303480351590099830e-07
7.483741870935467944e+01 9.289799735271384667e-07
7.487743871935967377e+01 9.276149671755465174e-07
7.491745872936468231e+01 9.262530068951648776e-07
7.495747873936967665e+01 9.248940835120279822e-07
7.499749874937468519e+01 9.235381878871063517e-07
7.503751875937969373e+01 9.221853109161504205e-07
7.507753876938468807e+01 9.208354435295267420e-07
7.511755877938969661e+01 9.194885766920589583e-07
7.515757878939469094e+01 9.181447014028701458e-07
7.519759879939969949e+01 9.168038086952223027e-07
7.523761880940469382e+01 9.154658896363631421e-07
7.527763881940970236e+01 9.141309353273663201e-07
7.531765882941471091e+01 9.127989369029776994e-07
7.535767883941970524e+01 9.114698855314621422e-07
7.539769884942471379e+01 9.101437724144453269e-07
7.543771885942970812e+01 9.088205887867668939e-07
7.547773886943471666e+01 9.075003259163231087e-07
7.551775887943971100e+01 9.061829751039200081e-07
7.555777888944471954e+01 9.048685276831182870e-07
7.559779889944972808e+01 9.035569750200889854e-07
7.563781890945472242e+01 9.022483085134609163e-07
7.567783891945973096e+01 9.009425195941724351e-07
7.571785892946472529e+01 8.996395997253283969e-07
7.575787893946973384e+01 8.983395404020481142e-07
7.579789894947472817e+01 8.970423331513255960e-07
7.583791895947973671e+01 8.957479695318780356e-07
7.587793896948474526e+01 8.944564411340085903e-07
7.591795897948973959e+01 8.931677395794586809e-07
7.595797898949474813e+01 8.918818565212667483e-07
7.599799899949974247e+01 8.905987836436264818e-07
7.603801900950475101e+01 8.893185126617453643e-07
7.607803901950975956e+01 8.880410353217050180e-07
7.611805902951475389e+01 8.867663434003223966e-07
7.615807903951976243e+01 8.854944287050085429e-07
7.619809904952475677e+01 8.842252830736339100e-07
7.623811905952976531e+01 8.829588983743870136e-07
7.627813906953475964e+01 8.816952665056426113e-07
7.631815907953976819e+01 8.804343793958208845e-07
7.635817908954477673e+01 8.791762290032569947e-07
7.639819909954977106e+01 8.779208073160636523e-07
7.643821910955477961e+01 8.766681063519973919e-07
7.647823911955977394e+01 8.754181181583286580e-07
7.651825912956478248e+01 8.741708348117038447e-07
7.655827913956977682e+01 8.729262484180210997e-07
7.659829914957478536e+01 8.716843511122918342e-07
7.663831915957979390e+01 8.704451350585172679e-07
7.667833916958478824e+01 8.692085924495543859e-07
7.671835917958979678e+01 8.679747155069878253e-07
7.675837918959479111e+01 8.667434964810044082e-07
7.679839919959979966e+01 8.655149276502608985e-07
7.683841920960479399e+01 8.642890013217631945e-07
7.687843921960980254e+01 8.630657098307341909e-07
7.691845922961481108e+01 8.618450455404923360e-07
7.695847923961980541e+01 8.606270008423262708e-07
7.699849924962481396e+01 8.594115681553672444e-07
7.703851925962980829e+01 8.581987399264713766e-07
7.707853926963481683e+01 8.569885086300911208e-07
7.711855927963981117e+01 8.557808667681571024e-07
7.715857928964481971e+01 8.545758068699537114e-07
7.719859929964982825e+01 8.533733214920002000e-07
7.723861930965482259e+01 8.521734032179295564e-07
7.727863931965983113e+01 8.509760446583673799e-07
7.731865932966482546e+01 8.497812384508165780e-07
7.735867933966983401e+01 8.485889772595336995e-07
7.739869934967482834e+01 8.473992537754153268e-07
7.743871935967983688e+01 8.462120607158782201e-07
7.747873936968484543e+01 8.450273908247456035e-07
7.751875937968983976e+01 8.438452368721278394e-07
7.755877938969484831e+01 8.426655916543080786e-07
7.759879939969984264e+01 8.414884479936294997e-07
7.763881940970485118e+01 8.403137987383770413e-07
7.767883941970985973e+01 8.391416367626675002e-07
7.771885942971485406e+01 8.379719549663352875e-07
7.775887943971986260e+01 8.368047462748182909e-07
7.779889944972485694e+01 8.356400036390485016e-07
7.783891945972986548e+01 8.344777200353389356e-07
7.787893946973485981e+01 8.333178884652734131e-07
7.791895947973986836e+01 8.321605019555961270e-07
7.795897948974487690e+01 8.310055535581025873e-07
7.799899949974987123e+01 8.298530363495314125e-07
7.803901950975487978e+01 8.287029434314515685e-07
7.807903951975987411e+01 8.275552679301612539e-07
7.811905952976488265e+01 8.264100029965734448e-07
7.815907953976987699e+01 8.252671418061149918e-07
7.819909954977488553e+01 8.241266775586149181e-07
7.823911955977989408e+01 8.229886034782043627e-07
7.827913956978488841e+01 8.218529128132062555e-07
7.831915957978989695e+01 8.207195988360335667e-07
7.835917958979489129e+01 8.195886548430850160e-07
7.839919959979989983e+01 8.184600741546389821e-07
7.843921960980489416e+01 8.173338501147545053e-07
7.847923961980990271e+01 8.162099760911643496e-07
7.851925962981491125e+01 8.150884454751764297e-07
7.855927963981990558e+01 8.139692516815707901e-07
7.859929964982491413e+01 8.128523881484980672e-07
7.863931965982990846e+01 8.117378483373801749e-07
7.867933966983491700e+01 8.106256257328094013e-07
7.871935967983991134e+01 8.095157138424496242e-07
7.875937968984491988e+01 8.084081061969364663e-07
7.879939969984992842e+01 8.073027963497795695e-07
7.883941970985492276e+01 8.061997778772651855e-07
7.887943971985993130e+01 8.050990443783560146e-07
7.891945972986492563e+01 8.040005894745983494e-07
7.895947973986993418e+01 8.029044068100205370e-07
7.899949974987492851e+01 8.018104900510422404e-07
7.903951975987993706e+01 8.007188328863743827e-07
7.907953976988494560e+01 7.996294290269269267e-07
7.911955977988993993e+01 7.985422722057139010e-07
7.915957978989494848e+01 7.974573561777570500e-07
7.919959979989994281e+01 7.963746747199955194e-07
7.923961980990495135e+01 7.952942216311898232e-07
7.927963981990994569e+01 7.942159907318315294e-07
7.931965982991495423e+01 7.931399758640483922e-07
7.935967983991996277e+01 7.920661708915153073e-07
7.939969984992495711e+01 7.909945696993616681e-07
7.943971985992996565e+01 7.899251661940790389e-07
7.947973986993495998e+01 7.888579543034342280e-07
7.951975987993996853e+01 7.877929279763750557e-07
7.955977988994497707e+01 7.867300811829451212e-07
7.959979989994997140e+01 7.856694079141920057e-07
7.963981990995497995e+01 7.846109021820786514e-07
7.967983991995997428e+01 7.835545580193968582e-07
7.971985992996498283e+01 7.825003694796772867e-07
7.975987993996997716e+01 7.814483306371046489e-07
7.979989994997498570e+01 7.803984355864286637e-07
7.983991995997999425e+01 7.793506784428785069e-07
7.987993996998498858e+01 7.783050533420778958e-07
7.991995997998999712e+01 7.772615544399565746e-07
7.995997998999499146e+01 7.762201759126685753e-07
8.000000000000000000e+01 7.751809119565035974e-07
