{
  "restart": 28,
  "seed": 86,
  "iters": 30000,
  "lr": 0.05,
  "best_iter": 29959,
  "best_cost": 0.0005790907889604568,
  "best_alphaD_mean": 0.00010702190396627136,
  "n": 10
}