{
  "restart": 18,
  "seed": 76,
  "iters": 30000,
  "lr": 0.05,
  "best_iter": 29978,
  "best_cost": 0.0020521904807537794,
  "best_alphaD_mean": 0.000197901690482925,
  "n": 8
}