tier,restart_idx,param_seed,final_train_cost,final_test_cost
3,0,142000729,5.797084e-02,1.838182e+00
3,1,142000730,3.157251e-01,3.703796e+00
3,2,142000731,8.478843e-03,1.187220e+00
3,3,142000732,3.539589e-02,5.208505e+00
3,4,142000733,1.620864e-02,3.714188e+00
3,5,142000734,1.163701e-01,2.125273e+00
3,6,142000735,6.772677e-02,2.636499e+00
3,7,142000736,1.073013e-01,8.086439e+00
3,8,142000737,5.556577e-02,1.521615e+00
3,9,142000738,8.580094e-03,1.845046e+00
