tier,restart_idx,param_seed,final_train_cost,final_test_cost
1,0,142000527,2.248784e-02,2.198164e+01
1,1,142000528,4.687138e-05,4.413656e+01
1,2,142000529,8.457073e-07,2.042891e+01
1,3,142000530,4.408374e-02,4.769624e+01
1,4,142000531,2.588879e-02,1.197140e+01
1,5,142000532,3.380159e-02,5.117455e+01
1,6,142000533,6.531746e-03,2.044071e+01
1,7,142000534,2.269990e-02,2.078277e+01
1,8,142000535,2.763562e-03,1.324022e+01
1,9,142000536,6.459121e-05,7.140462e+01
