{
  "restart": 7,
  "seed": 65,
  "iters": 30000,
  "lr": 0.05,
  "best_iter": 29949,
  "best_cost": 0.0032563423737883568,
  "best_alphaD_mean": 0.00025565237417437723,
  "n": 5
}