{
  "restart": 2,
  "seed": 60,
  "iters": 30000,
  "lr": 0.05,
  "best_iter": 29464,
  "best_cost": 0.0015013529919087887,
  "best_alphaD_mean": 0.00016576222623416762,
  "n": 15
}