{
  "restart": 13,
  "seed": 71,
  "iters": 30000,
  "lr": 0.05,
  "best_iter": 29656,
  "best_cost": 0.0012742809485644102,
  "best_alphaD_mean": 0.00016359904881425497,
  "n": 7
}