{
  "restart": 29,
  "seed": 87,
  "iters": 30000,
  "lr": 0.05,
  "best_iter": 29634,
  "best_cost": 0.0005473732599057257,
  "best_alphaD_mean": 0.00010057694753932154,
  "n": 12
}