{
  "restart": 18,
  "seed": 76,
  "iters": 30000,
  "lr": 0.05,
  "best_iter": 29983,
  "best_cost": 0.008137742057442665,
  "best_alphaD_mean": 0.00039738360725883795,
  "n": 5
}