tier,restart_idx,param_seed,final_train_cost,final_test_cost
2,0,154000664,4.669792e-02,5.767991e+00
2,1,154000665,3.854346e-03,1.353026e+01
2,2,154000666,4.425685e-03,5.782292e+00
2,3,154000667,5.542271e-02,5.505207e+01
2,4,154000668,1.813249e-02,1.958694e+01
2,5,154000669,2.846731e-03,8.932695e+00
2,6,154000670,3.710726e-03,5.062984e+00
2,7,154000671,1.116940e-01,5.982852e+00
2,8,154000672,5.622940e-03,1.363589e+01
2,9,154000673,4.358200e-03,8.978221e+00
