tier,restart_idx,param_seed,final_train_cost,final_test_cost
5,0,154000967,8.134482e-03,1.469100e-01
5,1,154000968,1.181381e-02,1.146762e-01
5,2,154000969,5.035312e-02,3.832723e-01
5,3,154000970,3.311533e-02,1.365589e-01
5,4,154000971,5.119953e-02,2.768608e-01
5,5,154000972,6.830343e-02,2.775010e-01
5,6,154000973,2.239227e-02,1.718061e-01
5,7,154000974,4.288387e-02,6.648666e-01
5,8,154000975,2.144137e-02,6.465571e-02
5,9,154000976,1.138216e-01,4.439233e-01
