tier,restart_idx,param_seed,final_train_cost,final_test_cost
4,0,154000866,8.337414e-02,3.131698e+00
4,1,154000867,3.761551e-02,1.042111e+00
4,2,154000868,6.815547e-02,1.397899e+00
4,3,154000869,8.809737e-02,7.764822e-01
4,4,154000870,1.288268e-01,1.412919e+00
4,5,154000871,2.892942e-02,8.147280e-01
4,6,154000872,3.720795e-02,1.385894e+00
4,7,154000873,3.012481e-02,3.516346e-01
4,8,154000874,3.197346e-02,1.274225e+01
4,9,154000875,1.826512e-02,4.763341e-01
