tier,restart_idx,param_seed,final_train_cost,final_test_cost
6,0,154001068,9.861743e-02,2.258672e-01
6,1,154001069,1.160708e-01,7.639339e-01
6,2,154001070,1.948276e-01,1.865762e-01
6,3,154001071,6.465051e-02,1.777147e-01
6,4,154001072,2.373234e-02,1.181720e-01
6,5,154001073,3.321512e-02,7.022063e-02
6,6,154001074,3.193839e-02,1.181557e-01
6,7,154001075,3.520299e-01,4.799411e+00
6,8,154001076,4.337197e-02,1.764056e-01
6,9,154001077,6.872572e-02,1.415834e-01
