tier,restart_idx,param_seed,final_train_cost,final_test_cost
7,0,154001169,6.918103e-02,3.284476e-01
7,1,154001170,6.061872e-02,2.394097e-01
7,2,154001171,9.803553e-03,1.475744e-01
7,3,154001172,3.349564e-02,4.654659e-02
7,4,154001173,7.199392e-02,5.042080e-01
7,5,154001174,7.066688e-02,2.795266e-01
7,6,154001175,1.194865e-02,1.262305e-01
7,7,154001176,1.601566e-02,5.890590e-02
7,8,154001177,2.454241e-02,1.675920e-01
7,9,154001178,6.661075e-02,7.381865e-02
