{
  "restart": 13,
  "seed": 71,
  "iters": 30000,
  "lr": 0.05,
  "best_iter": 29930,
  "best_cost": 0.00035792263224720955,
  "best_alphaD_mean": 7.881339723421031e-05,
  "n": 16
}