{
  "restart": 12,
  "seed": 70,
  "iters": 30000,
  "lr": 0.05,
  "best_iter": 29854,
  "best_cost": 0.001104848925024271,
  "best_alphaD_mean": 0.0001371573000596815,
  "n": 15
}