{
  "restart": 14,
  "seed": 72,
  "iters": 30000,
  "lr": 0.05,
  "best_iter": 28017,
  "best_cost": 0.00250114849768579,
  "best_alphaD_mean": 0.0002240306585649527,
  "n": 9
}