{
  "restart": 10,
  "seed": 68,
  "iters": 30000,
  "lr": 0.05,
  "best_iter": 29839,
  "best_cost": 0.0035151939373463392,
  "best_alphaD_mean": 0.0002722002945880941,
  "n": 5
}