0.000000000000000000e+00 8.181507679544195529e-07
4.002001000500250011e-02 8.228033032680848690e-07
8.004002001000500022e-02 8.274965471417511616e-07
1.200600300150075073e-01 8.322309830052455698e-07
1.600800400200100004e-01 8.370071015593584505e-07
2.001000500250124936e-01 8.418254009084385521e-07
2.401200600300150145e-01 8.466863866958345348e-07
2.801400700350175077e-01 8.515905722422538859e-07
3.201600800400200009e-01 8.565384786871075187e-07
3.601800900450224940e-01 8.615306351329201025e-07
4.002001000500249872e-01 8.665675787928761080e-07
4.402201100550274804e-01 8.716498551415861662e-07
4.802401200600300291e-01 8.767780180691500794e-07
5.202601300650324667e-01 8.819526300386038350e-07
5.602801400700350154e-01 8.871742622468299251e-07
6.003001500750374531e-01 8.924434947890279572e-07
6.403201600800400017e-01 8.977609168268233773e-07
6.803401700850425504e-01 9.031271267601229381e-07
7.203601800900449881e-01 9.085427324027975898e-07
7.603801900950475368e-01 9.140083511623043940e-07
8.004002001000499744e-01 9.195246102233359710e-07
8.404202101050525231e-01 9.250921467356144813e-07
8.804402201100549608e-01 9.307116080059276528e-07
9.204602301150575094e-01 9.363836516945249103e-07
9.604802401200600581e-01 9.421089460159807572e-07
1.000500250125062607e+00 9.478881699446476992e-07
1.040520260130064933e+00 9.537220134248164469e-07
1.080540270135067482e+00 9.596111775857134191e-07
1.120560280140070031e+00 9.655563749614508466e-07
1.160580290145072579e+00 9.715583297160760148e-07
1.200600300150074906e+00 9.776177778738480760e-07
1.240620310155077455e+00 9.837354675548817685e-07
1.280640320160080003e+00 9.899121592163038372e-07
1.320660330165082552e+00 9.961486258990729291e-07
1.360680340170085101e+00 1.002445653480611617e-06
1.400700350175087427e+00 1.008804040933413392e-06
1.440720360180089976e+00 1.015224600589778366e-06
1.480740370185092525e+00 1.021708158412864025e-06
1.520760380190095074e+00 1.028255554274195248e-06
1.560780390195097400e+00 1.034867642237841952e-06
1.600800400200099949e+00 1.041545290851427639e-06
1.640820410205102498e+00 1.048289383444168100e-06
1.680840420210105046e+00 1.055100818432129390e-06
1.720860430215107595e+00 1.061980509630914480e-06
1.760880440220109922e+00 1.068929386575982748e-06
1.800900450225112470e+00 1.075948394850810020e-06
1.840920460230115019e+00 1.083038496423129524e-06
1.880940470235117568e+00 1.090200669989459366e-06
1.920960480240120116e+00 1.097435911328168306e-06
1.960980490245122443e+00 1.104745233661325905e-06
2.001000500250125214e+00 1.112129668025564255e-06
2.041020510255127540e+00 1.119590263652248387e-06
2.081040520260129867e+00 1.127128088357188296e-06
2.121060530265132638e+00 1.134744228940196241e-06
2.161080540270134964e+00 1.142439791594751689e-06
2.201100550275137291e+00 1.150215902328093444e-06
2.241120560280140062e+00 1.158073707392026747e-06
2.281140570285142388e+00 1.166014373724763613e-06
2.321160580290145159e+00 1.174039089404132469e-06
2.361180590295147486e+00 1.182149064112480444e-06
2.401200600300149812e+00 1.190345529613628726e-06
2.441220610305152583e+00 1.198629740242220655e-06
2.481240620310154910e+00 1.207002973405874398e-06
2.521260630315157680e+00 1.215466530100474178e-06
2.561280640320160007e+00 1.224021735439036465e-06
2.601300650325162334e+00 1.232669939194547351e-06
2.641320660330165104e+00 1.241412516357200959e-06
2.681340670335167431e+00 1.250250867706471731e-06
2.721360680340170202e+00 1.259186420398486251e-06
2.761380690345172528e+00 1.268220628569167453e-06
2.801400700350174855e+00 1.277354973953618782e-06
2.841420710355177626e+00 1.286590966522288078e-06
2.881440720360179952e+00 1.295930145134399070e-06
2.921460730365182723e+00 1.305374078209218215e-06
2.961480740370185050e+00 1.314924364415701509e-06
3.001500750375187376e+00 1.324582633381113570e-06
3.041520760380190147e+00 1.334350546419210637e-06
3.081540770385192474e+00 1.344229797278618324e-06
3.121560780390194800e+00 1.354222112912049129e-06
3.161580790395197571e+00 1.364329254267019760e-06
3.201600800400199898e+00 1.374553017098782540e-06
3.241620810405202668e+00 1.384895232806164172e-06
3.281640820410204995e+00 1.395357769291079513e-06
3.321660830415207322e+00 1.405942531842477787e-06
3.361680840420210092e+00 1.416651464045538013e-06
3.401700850425212419e+00 1.427486548716927208e-06
3.441720860430215190e+00 1.438449808866998902e-06
3.481740870435217516e+00 1.449543308689828110e-06
3.521760880440219843e+00 1.460769154581992075e-06
3.561780890445222614e+00 1.472129496191086516e-06
3.601800900450224940e+00 1.483626527494959315e-06
3.641820910455227711e+00 1.495262487912712814e-06
3.681840920460230038e+00 1.507039663448541978e-06
3.721860930465232364e+00 1.518960387869541966e-06
3.761880940470235135e+00 1.531027043918641734e-06
3.801900950475237462e+00 1.543242064563863708e-06
3.841920960480240232e+00 1.555607934285193202e-06
3.881940970485242559e+00 1.568127190400333418e-06
3.921960980490244886e+00 1.580802424430718873e-06
3.961980990495247656e+00 1.593636283509200300e-06
4.002001000500250427e+00 1.606631471830859617e-06
4.042021010505252754e+00 1.619790752148484507e-06
4.082041020510255080e+00 1.633116947314294796e-06
4.122061030515257407e+00 1.646612941869567915e-06
4.162081040520259734e+00 1.660281683683870002e-06
4.202101050525262949e+00 1.674126185645716722e-06
4.242121060530265275e+00 1.688149527406473923e-06
4.282141070535267602e+00 1.702354857179480601e-06
4.322161080540269928e+00 1.716745393596396356e-06
4.362181090545272255e+00 1.731324427622862329e-06
4.402201100550274582e+00 1.746095324535689341e-06
4.442221110555277797e+00 1.761061525963840109e-06
4.482241120560280123e+00 1.776226551995577221e-06
4.522261130565282450e+00 1.791594003354282415e-06
4.562281140570284776e+00 1.807167563645496071e-06
4.602301150575287103e+00 1.822951001677894000e-06
4.642321160580290318e+00 1.838948173861008596e-06
4.682341170585292645e+00 1.855163026682622756e-06
4.722361180590294971e+00 1.871599599268888841e-06
4.762381190595297298e+00 1.888262026030377870e-06
4.802401200600299624e+00 1.905154539397388191e-06
4.842421210605302839e+00 1.922281472647975464e-06
4.882441220610305166e+00 1.939647262832370120e-06
4.922461230615307493e+00 1.957256453797544401e-06
4.962481240620309819e+00 1.975113699315910024e-06
5.002501250625312146e+00 1.993223766322288261e-06
5.042521260630315361e+00 2.011591538263489870e-06
5.082541270635317687e+00 2.030222018565008343e-06
5.122561280640320014e+00 2.049120334219590183e-06
5.162581290645322341e+00 2.068291739502618719e-06
5.202601300650324667e+00 2.087741619819487676e-06
5.242621310655327882e+00 2.107475495690403730e-06
5.282641320660330209e+00 2.127499026878270278e-06
5.322661330665332535e+00 2.147818016665614294e-06
5.362681340670334862e+00 2.168438416286767536e-06
5.402701350675337189e+00 2.189366329521806065e-06
5.442721360680340403e+00 2.210608017459116660e-06
5.482741370685342730e+00 2.232169903433689103e-06
5.522761380690345057e+00 2.254058578148691584e-06
5.562781390695347383e+00 2.276280804988149857e-06
5.602801400700349710e+00 2.298843525529004407e-06
5.642821410705352925e+00 2.321753865261202289e-06
5.682841420710355251e+00 2.345019139524878012e-06
5.722861430715357578e+00 2.368646859674189005e-06
5.762881440720359905e+00 2.392644739477797681e-06
5.802901450725362231e+00 2.417020701766511800e-06
5.842921460730365446e+00 2.441782885339125444e-06
5.882941470735367773e+00 2.466939652138075153e-06
5.922961480740370099e+00 2.492499594707098308e-06
5.962981490745372426e+00 2.518471543943717428e-06
6.003001500750374753e+00 2.544864577160057164e-06
6.043021510755377079e+00 2.571688026466162314e-06
6.083041520760380294e+00 2.598951487490767405e-06
6.123061530765382621e+00 2.626664828455231591e-06
6.163081540770384947e+00 2.654838199617205115e-06
6.203101550775387274e+00 2.683482043101456751e-06
6.243121560780389601e+00 2.712607103136241559e-06
6.283141570785392815e+00 2.742224436714572557e-06
6.323161580790395142e+00 2.772345424700837327e-06
6.363181590795397469e+00 2.802981783404271229e-06
6.403201600800399795e+00 2.834145576642035565e-06
6.443221610805402122e+00 2.865849228315881041e-06
6.483241620810405337e+00 2.898105535527702907e-06
6.523261630815407663e+00 2.930927682260762914e-06
6.563281640820409990e+00 2.964329253654812226e-06
6.603301650825412317e+00 2.998324250904992694e-06
6.643321660830414643e+00 3.032927106816079476e-06
6.683341670835417858e+00 3.068152702045485526e-06
6.723361680840420185e+00 3.104016382070327639e-06
6.763381690845422511e+00 3.140533974915991211e-06
6.803401700850424838e+00 3.177721809685770050e-06
6.843421710855427165e+00 3.215596735933541146e-06
6.883441720860430380e+00 3.254176143923911429e-06
6.923461730865432706e+00 3.293477985826981955e-06
6.963481740870435033e+00 3.333520797897680317e-06
7.003501750875437359e+00 3.374323723692681318e-06
7.043521760880439686e+00 3.415906538381206736e-06
7.083541770885442901e+00 3.458289674209430605e-06
7.123561780890445227e+00 3.501494247181957761e-06
7.163581790895447554e+00 3.545542085027871476e-06
7.203601800900449881e+00 3.590455756522993070e-06
7.243621810905452207e+00 3.636258602244692772e-06
7.283641820910455422e+00 3.682974766840371755e-06
7.323661830915457749e+00 3.730629232896065635e-06
7.363681840920460075e+00 3.779247856497190256e-06
7.403701850925462402e+00 3.828857404579477211e-06
7.443721860930464729e+00 3.879485594174708934e-06
7.483741870935467944e+00 3.931161133662737304e-06
7.523761880940470270e+00 3.983913766148796848e-06
7.563781890945472597e+00 4.037774315093168344e-06
7.603801900950474923e+00 4.092774732328965832e-06
7.643821910955477250e+00 4.148948148613035811e-06
7.683841920960480465e+00 4.206328926865100975e-06
7.723861930965482792e+00 4.264952718261128019e-06
7.763881940970485118e+00 4.324856521358521964e-06
7.803901950975487445e+00 4.386078744443389774e-06
7.843921960980489771e+00 4.448659271303763408e-06
7.883941970985492098e+00 4.512639530647410823e-06
7.923961980990495313e+00 4.578062569398690264e-06
7.963981990995497640e+00 4.644973130126233466e-06
8.004002001000500854e+00 4.713417732871860331e-06
8.044022011005502293e+00 4.783444761671303968e-06
8.084042021010505508e+00 4.855104556079257205e-06
8.124062031015506946e+00 4.928449508035039766e-06
8.164082041020510161e+00 5.003534164430952028e-06
8.204102051025513376e+00 5.080415335773414699e-06
8.244122061030514814e+00 5.159152211357516571e-06
8.284142071035518029e+00 5.239806481408717438e-06
8.324162081040519467e+00 5.322442466681534308e-06
8.364182091045522682e+00 5.407127256044485381e-06
8.404202101050525897e+00 5.493930852623321099e-06
8.444222111055527336e+00 5.582926329121548013e-06
8.484242121060530550e+00 5.674189992988301883e-06
8.524262131065531989e+00 5.767801562159525547e-06
8.564282141070535204e+00 5.863844352159677180e-06
8.604302151075536642e+00 5.962405475418012806e-06
8.644322161080539857e+00 6.063576053727026285e-06
8.684342171085543072e+00 6.167451444851063419e-06
8.724362181090544510e+00 6.274131484381479985e-06
8.764382191095547725e+00 6.383720744031984218e-06
8.804402201100549163e+00 6.496328807674366927e-06
8.844422211105552378e+00 6.612070566532786195e-06
8.884442221110555593e+00 6.731066535083977458e-06
8.924462231115557032e+00 6.853443189354055714e-06
8.964482241120560246e+00 6.979333329460271266e-06
9.004502251125561685e+00 7.108876468420470126e-06
9.044522261130564900e+00 7.242219249446419117e-06
9.084542271135568114e+00 7.379515894150510643e-06
9.124562281140569553e+00 7.520928684333000559e-06
9.164582291145572768e+00 7.666628480279810955e-06
9.204602301150574206e+00 7.816795278793632899e-06
9.244622311155577421e+00 7.971618814506774625e-06
9.284642321160580636e+00 8.131299208386447836e-06
9.324662331165582074e+00 8.296047667748171573e-06
9.364682341170585289e+00 8.466087242544250243e-06
9.404702351175586728e+00 8.641653643199705243e-06
9.444722361180589942e+00 8.822996125833336721e-06
9.484742371185593157e+00 9.010378451335689348e-06
9.524762381190594596e+00 9.204079925487500092e-06
9.564782391195597810e+00 9.404396528102276068e-06
9.604802401200599249e+00 9.611642140077388728e-06
9.644822411205602464e+00 9.826149878254135844e-06
9.684842421210605679e+00 1.004827354913318542e-05
9.724862431215607117e+00 1.027838923378968028e-05
9.764882441220610332e+00 1.051689701780024934e-05
9.804902451225611770e+00 1.076422288166103435e-05
9.844922461230614985e+00 1.102082076906932357e-05
9.884942471235618200e+00 1.128717485259653899e-05
9.924962481240619638e+00 1.156380201873815920e-05
9.964982491245622853e+00 1.185125459713327627e-05
1.000500250125062429e+01 1.215012336195885937e-05
1.004502251125562751e+01 1.246104083718731330e-05
1.008504252126063072e+01 1.278468494162625897e-05
1.012506253126563216e+01 1.312178301452988337e-05
1.016508254127063537e+01 1.347311626818734669e-05
1.020510255127563681e+01 1.383952472038536622e-05
1.024512256128064003e+01 1.422191266716122811e-05
1.028514257128564324e+01 1.462125476499023139e-05
1.032516258129064468e+01 1.503860280170772207e-05
1.036518259129564790e+01 1.547509324730864783e-05
1.040520260130064933e+01 1.593195568961401818e-05
1.044522261130565255e+01 1.641052227602181169e-05
1.048524262131065576e+01 1.691223830162640412e-05
1.052526263131565720e+01 1.743867410645786735e-05
1.056528264132066042e+01 1.799153847113123413e-05
1.060530265132566186e+01 1.857269373164090694e-05
1.064532266133066507e+01 1.918417287139945101e-05
1.068534267133566829e+01 1.982819889315019362e-05
1.072536268134066972e+01 2.050720682662709568e-05
1.076538269134567294e+01 2.122386879169699394e-05
1.080540270135067438e+01 2.198112261358054547e-05
1.084542271135567759e+01 2.278220457957521070e-05
1.088544272136068081e+01 2.363068703921677338e-05
1.092546273136568225e+01 2.453052168670717353e-05
1.096548274137068546e+01 2.548608953162960388e-05
1.100550275137568690e+01 2.650225876900710848e-05
1.104552276138069011e+01 2.758445201225865243e-05
1.108554277138569333e+01 2.873872466491153146e-05
1.112556278139069477e+01 2.997185659497301132e-05
1.116558279139569798e+01 3.129145976029439974e-05
1.120560280140069942e+01 3.270610504101478761e-05
1.124562281140570263e+01 3.422547230157702399e-05
1.128564282141070585e+01 3.586052867647903123e-05
1.132566283141570729e+01 3.762374131277330150e-05
1.136568284142071050e+01 3.952933239110524783e-05
1.140570285142571194e+01 4.159358629716968772e-05
1.144572286143071516e+01 4.383522147786381596e-05
1.148574287143571837e+01 4.627584299733973307e-05
1.152576288144071981e+01 4.894049639151617110e-05
1.156578289144572302e+01 5.185834949938329555e-05
1.160580290145072446e+01 5.506353707715962620e-05
1.164582291145572768e+01 5.859621395601688395e-05
1.168584292146073089e+01 6.250387739622634612e-05
1.172586293146573233e+01 6.684303971909026404e-05
1.176588294147073555e+01 7.168136058835456554e-05
1.180590295147573698e+01 7.710038788341497988e-05
1.184592296148074020e+01 8.319911203846082576e-05
1.188594297148574341e+01 9.009861865347220452e-05
1.192596298149074485e+01 9.794823973474929600e-05
1.196598299149574807e+01 1.069337729835734854e-04
1.200600300150074951e+01 1.172885889953346209e-04
1.204602301150575272e+01 1.293088220024056121e-04
1.208604302151075416e+01 1.433744109404388903e-04
1.212606303151575737e+01 1.599786368578619571e-04
1.216608304152076059e+01 1.797701725734822734e-04
1.220610305152576203e+01 2.036138168985059560e-04
1.224612306153076524e+01 2.326795034255472745e-04
1.228614307153576668e+01 2.685745901047995998e-04
1.232616308154076989e+01 3.135428997761065283e-04
1.236618309154577311e+01 3.707666288854380497e-04
1.240620310155077455e+01 4.448238761119213528e-04
1.244622311155577776e+01 5.423677974515821783e-04
1.248624312156077920e+01 6.730676232932120313e-04
1.252626313156578242e+01 8.506528954654179889e-04
1.256628314157078563e+01 1.093092017106270762e-03
1.260630315157578707e+01 1.418350168720569713e-03
1.264632316158079028e+01 1.826282157648549415e-03
1.268634317158579172e+01 2.254684405875037861e-03
1.272636318159079494e+01 2.539932836582465148e-03
1.276638319159579815e+01 2.509970667878202652e-03
1.280640320160079959e+01 2.187191500583624687e-03
1.284642321160580281e+01 1.758183977482363249e-03
1.288644322161080424e+01 1.368764804654386920e-03
1.292646323161580746e+01 1.065321703046060321e-03
1.296648324162081067e+01 8.422293039975919677e-04
1.300650325162581211e+01 6.808494850954464233e-04
1.304652326163081533e+01 5.639774033100415163e-04
1.308654327163581677e+01 4.787132967160494853e-04
1.312656328164081998e+01 4.159454509416608868e-04
1.316658329164582319e+01 3.694518573177065965e-04
1.320660330165082463e+01 3.352262576174176788e-04
1.324662331165582785e+01 3.107435764410110702e-04
1.328664332166082929e+01 2.943282945243711510e-04
1.332666333166583250e+01 2.848682680827176162e-04
1.336668334167083572e+01 2.817184369092141862e-04
1.340670335167583715e+01 2.846563668164437495e-04
1.344672336168084037e+01 2.938694747370177514e-04
1.348674337168584181e+01 3.099841815488489443e-04
1.352676338169084502e+01 3.341500147706665327e-04
1.356678339169584824e+01 3.681974857076107535e-04
1.360680340170084968e+01 4.149005239923518975e-04
1.364682341170585289e+01 4.783909724316146484e-04
1.368684342171085433e+01 5.647874991865686799e-04
1.372686343171585754e+01 6.830839564095012029e-04
1.376688344172086076e+01 8.461773544185083621e-04
1.380690345172586220e+01 1.071220575073330867e-03
1.384692346173086541e+01 1.376211540727041716e-03
1.388694347173586685e+01 1.764285215833201774e-03
1.392696348174087007e+01 2.183281849858594546e-03
1.396698349174587328e+01 2.482267680939248804e-03
1.400700350175087472e+01 2.483816171900492774e-03
1.404702351175587793e+01 2.185635773950428060e-03
1.408704352176087937e+01 1.763643308842206435e-03
1.412706353176588259e+01 1.370539582626400946e-03
1.416708354177088580e+01 1.060041772551009124e-03
1.420710355177588724e+01 8.295494254182540729e-04
1.424712356178089045e+01 6.610763616933263559e-04
1.428714357178589189e+01 5.373241470397629007e-04
1.432716358179089511e+01 4.452226787213231767e-04
1.436718359179589832e+01 3.756050051335104714e-04
1.440720360180089976e+01 3.221752493148827149e-04
1.444722361180590298e+01 2.806079465465942434e-04
1.448724362181090441e+01 2.479042564065263993e-04
1.452726363181590763e+01 2.219600551407187284e-04
1.456728364182091084e+01 2.012817855092013984e-04
1.460730365182591228e+01 1.847999347029940446e-04
1.464732366183091550e+01 1.717461276863595243e-04
1.468734367183591694e+01 1.615719016185049827e-04
1.472736368184092015e+01 1.538953156014803366e-04
1.476738369184592337e+01 1.484667960295201167e-04
1.480740370185092480e+01 1.451490507929425404e-04
1.484742371185592802e+01 1.439082443654863337e-04
1.488744372186092946e+01 1.448154245246397950e-04
1.492746373186593267e+01 1.480588168793612030e-04
1.496748374187093589e+01 1.539694018788319188e-04
1.500750375187593733e+01 1.630645412243749781e-04
1.504752376188094054e+01 1.761177964907696550e-04
1.508754377188594198e+01 1.942680137299272877e-04
1.512756378189094519e+01 2.191874520351704719e-04
1.516758379189594841e+01 2.533354347548569924e-04
1.520760380190094985e+01 3.003206678126378419e-04
1.524762381190595306e+01 3.653424100513740945e-04
1.528764382191095450e+01 4.554436176116064797e-04
1.532766383191595772e+01 5.785031043557511054e-04
1.536768384192096093e+01 7.378192583691816448e-04
1.540770385192596237e+01 9.168175986944978413e-04
1.544772386193096558e+01 1.058315834410175713e-03
1.548774387193596702e+01 1.082764750426923675e-03
1.552776388194097024e+01 9.722685584988573866e-04
1.556778389194597167e+01 7.946939736615241980e-04
1.560780390195097489e+01 6.214683275349107807e-04
1.564782391195597810e+01 4.819240894850286019e-04
1.568784392196097954e+01 3.774745659989493535e-04
1.572786393196598276e+01 3.008419291754451243e-04
1.576788394197098420e+01 2.444019607853149616e-04
1.580790395197598741e+01 2.022562558557836586e-04
1.584792396198099063e+01 1.702341477166862240e-04
1.588794397198599206e+01 1.454633809000338714e-04
1.592796398199099528e+01 1.259683691673062461e-04
1.596798399199599672e+01 1.103772361833192845e-04
1.600800400200100171e+01 9.772378602044928906e-05
1.604802401200600315e+01 8.731673008776062196e-05
1.608804402201100459e+01 7.865350695972408567e-05
1.612806403201600602e+01 7.136305954197395916e-05
1.616808404202101102e+01 6.516738257797630575e-05
1.620810405202601245e+01 5.985532372356083147e-05
1.624812406203101389e+01 5.526447562962075616e-05
1.628814407203601888e+01 5.126848308467734738e-05
1.632816408204102032e+01 4.776802742493353390e-05
1.636818409204602176e+01 4.468434668021103572e-05
1.640820410205102675e+01 4.195453339824673286e-05
1.644822411205602819e+01 3.952810271443680780e-05
1.648824412206102963e+01 3.736449075575409216e-05
1.652826413206603107e+01 3.543125940090559512e-05
1.656828414207103606e+01 3.370286837608824402e-05
1.660830415207603750e+01 3.215994354976972391e-05
1.664832416208103893e+01 3.078902943742061989e-05
1.668834417208604393e+01 2.958286219868430395e-05
1.672836418209104536e+01 2.854120133745555093e-05
1.676838419209604680e+01 2.767206740676276700e-05
1.680840420210105179e+01 2.699237394233219937e-05
1.684842421210605323e+01 2.652424923566151671e-05
1.688844422211105467e+01 2.627788715525559526e-05
1.692846423211605611e+01 2.621181861659877701e-05
1.696848424212106110e+01 2.619463781458003466e-05
1.700850425212606254e+01 2.601966479440019942e-05
1.704852426213106398e+01 2.545169129118521524e-05
1.708854427213606897e+01 2.437608577062530440e-05
1.712856428214107041e+01 2.298452092118829108e-05
1.716858429214607185e+01 2.159216003982610373e-05
1.720860430215107328e+01 2.037314213383987390e-05
1.724862431215607828e+01 1.935568802635356892e-05
1.728864432216107971e+01 1.850944837723263233e-05
1.732866433216608115e+01 1.779566123001373115e-05
1.736868434217108614e+01 1.718245375997819250e-05
1.740870435217608758e+01 1.664651860710607398e-05
1.744872436218108902e+01 1.617136134514052419e-05
1.748874437218609401e+01 1.574531485772469327e-05
1.752876438219109545e+01 1.536001773000544732e-05
1.756878439219609689e+01 1.500936529901107013e-05
1.760880440220109833e+01 1.468881025855854837e-05
1.764882441220610332e+01 1.439489897629845176e-05
1.768884442221110476e+01 1.412496208546740366e-05
1.772886443221610620e+01 1.387690554640570725e-05
1.776888444222111119e+01 1.364906756849704951e-05
1.780890445222611262e+01 1.344011924916375785e-05
1.784892446223111406e+01 1.324899470028954758e-05
1.788894447223611905e+01 1.307484143930779465e-05
1.792896448224112049e+01 1.291698501089537714e-05
1.796898449224612193e+01 1.277490386264320220e-05
1.800900450225112337e+01 1.264821185126531378e-05
1.804902451225612836e+01 1.253664667111664232e-05
1.808904452226112980e+01 1.244006314302434070e-05
1.812906453226613124e+01 1.235843079024453863e-05
1.816908454227113623e+01 1.229183553919979565e-05
1.820910455227613767e+01 1.224048578029333729e-05
1.824912456228113911e+01 1.220472347248634835e-05
1.828914457228614410e+01 1.218504155153188658e-05
1.832916458229114554e+01 1.218210971346416705e-05
1.836918459229614697e+01 1.219681185553012930e-05
1.840920460230114841e+01 1.223030032252135612e-05
1.844922461230615340e+01 1.228407502798986302e-05
1.848924462231115484e+01 1.236010009334518780e-05
1.852926463231615628e+01 1.246097763507145324e-05
1.856928464232116127e+01 1.259020821647433878e-05
1.860930465232616271e+01 1.275257842244914299e-05
1.864932466233116415e+01 1.295471607034429929e-05
1.868934467233616914e+01 1.320579386606444505e-05
1.872936468234117058e+01 1.351807280868320899e-05
1.876938469234617202e+01 1.390595102248569709e-05
1.880940470235117346e+01 1.437936954665929253e-05
1.884942471235617845e+01 1.492327735228104037e-05
1.888944472236117988e+01 1.546404936843706564e-05
1.892946473236618132e+01 1.587963820262380319e-05
1.896948474237118631e+01 1.611993592624356571e-05
1.900950475237618775e+01 1.627874140386835789e-05
1.904952476238118919e+01 1.648093985733775364e-05
1.908954477238619418e+01 1.679011423141914752e-05
1.912956478239119562e+01 1.722102728618939068e-05
1.916958479239619706e+01 1.777211294019560912e-05
1.920960480240119850e+01 1.844150474028841916e-05
1.924962481240620349e+01 1.923174370080302424e-05
1.928964482241120493e+01 2.015052933947619117e-05
1.932966483241620637e+01 2.121065369471973830e-05
1.936968484242121136e+01 2.243007707970917256e-05
1.940970485242621280e+01 2.383238476614307815e-05
1.944972486243121423e+01 2.544769123416286714e-05
1.948974487243621923e+01 2.731405590921166080e-05
1.952976488244122066e+01 2.947952496002889430e-05
1.956978489244622210e+01 3.200499166685995722e-05
1.960980490245122354e+01 3.496817720153676376e-05
1.964982491245622853e+01 3.846919232227843748e-05
1.968984492246122997e+01 4.263837924844605010e-05
1.972986493246623141e+01 4.764750134366691164e-05
1.976988494247123640e+01 5.372592578158195427e-05
1.980990495247623784e+01 6.118435826040733187e-05
1.984992496248123928e+01 7.045013613431748737e-05
1.988994497248624427e+01 8.212034696009245843e-05
1.992996498249124571e+01 9.704241485839878371e-05
1.996998499249624714e+01 1.164362280360753415e-04
2.001000500250124858e+01 1.420753751320067543e-04
2.005002501250625357e+01 1.765380128218276207e-04
2.009004502251125501e+01 2.234842323738980407e-04
2.013006503251625645e+01 2.876987775857356238e-04
2.017008504252126144e+01 3.739436370097398319e-04
2.021010505252626288e+01 4.820911104237202735e-04
2.025012506253126432e+01 5.953731271338571053e-04
2.029014507253626931e+01 6.700447027841324949e-04
2.033016508254127075e+01 6.605676899090590602e-04
2.037018509254627219e+01 5.734561464116064372e-04
2.041020510255127363e+01 4.584642008584667475e-04
2.045022511255627862e+01 3.541285830781729788e-04
2.049024512256128006e+01 2.725841506832934026e-04
2.053026513256628149e+01 2.122493212930412650e-04
2.057028514257128649e+01 1.681371925370220039e-04
2.061030515257628792e+01 1.356622978538048153e-04
2.065032516258128936e+01 1.114039893571706148e-04
2.069034517258629080e+01 9.297171078329328120e-05
2.073036518259129579e+01 7.872308644532371655e-05
2.077038519259629723e+01 6.752677841184731252e-05
2.081040520260129867e+01 5.859472767201375870e-05
2.085042521260630366e+01 5.136987878741084432e-05
2.089044522261130510e+01 4.545219162827619254e-05
2.093046523261630654e+01 4.054981474629487252e-05
2.097048524262131153e+01 3.644656686684249797e-05
2.101050525262631297e+01 3.298000242436883084e-05
2.105052526263131440e+01 3.002640498800252509e-05
2.109054527263631584e+01 2.749036989776498829e-05
2.113056528264132083e+01 2.529746808325030670e-05
2.117058529264632227e+01 2.338900761719841579e-05
2.121060530265132371e+01 2.171824339704127215e-05
2.125062531265632870e+01 2.024760009436884096e-05
2.129064532266133014e+01 1.894661334753955091e-05
2.133066533266633158e+01 1.779038640199375607e-05
2.137068534267133657e+01 1.675842102329111851e-05
2.141070535267633801e+01 1.583372320435685288e-05
2.145072536268133945e+01 1.500211275345702076e-05
2.149074537268634089e+01 1.425168565258937178e-05
2.153076538269134588e+01 1.357239196214805132e-05
2.157078539269634732e+01 1.295570189135878079e-05
2.161080540270134875e+01 1.239433970465463968e-05
2.165082541270635375e+01 1.188207023440550976e-05
2.169084542271135518e+01 1.141352649455306068e-05
2.173086543271635662e+01 1.098406963340512978e-05
2.177088544272136161e+01 1.058967450245227881e-05
2.181090545272636305e+01 1.022683564506187881e-05
2.185092546273136449e+01 9.892489661507040087e-06
2.189094547273636593e+01 9.583950783186993464e-06
2.193096548274137092e+01 9.298857159945752253e-06
2.197098549274637236e+01 9.035125881651718453e-06
2.201100550275137380e+01 8.790915156453140078e-06
2.205102551275637879e+01 8.564592381295664810e-06
2.209104552276138023e+01 8.354707086143969665e-06
2.213106553276638166e+01 8.159967927450156535e-06
2.217108554277138666e+01 7.979223060487552151e-06
2.221110555277638809e+01 7.811443343119921730e-06
2.225112556278138953e+01 7.655707922202099487e-06
2.229114557278639097e+01 7.511191833331162453e-06
2.233116558279139596e+01 7.377155309123326146e-06
2.237118559279639740e+01 7.252934543725275447e-06
2.241120560280139884e+01 7.137933704339207217e-06
2.245122561280640383e+01 7.031618016096961415e-06
2.249124562281140527e+01 6.933507776211412672e-06
2.253126563281640671e+01 6.843173178223053295e-06
2.257128564282141170e+01 6.760229848385643880e-06
2.261130565282641314e+01 6.684335014681352308e-06
2.265132566283141458e+01 6.615184245409066217e-06
2.269134567283641601e+01 6.552508709489206933e-06
2.273136568284142101e+01 6.496072925323084925e-06
2.277138569284642244e+01 6.445672980060790492e-06
2.281140570285142388e+01 6.401135217454652304e-06
2.285142571285642887e+01 6.362315411370589779e-06
2.289144572286143031e+01 6.329098465212223191e-06
2.293146573286643175e+01 6.301398707406757927e-06
2.297148574287143674e+01 6.279160893238877978e-06
2.301150575287643818e+01 6.262362078964869883e-06
2.305152576288143962e+01 6.251014613293370199e-06
2.309154577288644106e+01 6.245170606326666977e-06
2.313156578289144605e+01 6.244928406239891634e-06
2.317158579289644749e+01 6.250441869960474013e-06
2.321160580290144893e+01 6.261933604967562831e-06
2.325162581290645392e+01 6.279713964334915591e-06
2.329164582291145535e+01 6.304208524830239389e-06
2.333166583291645679e+01 6.335998275697174793e-06
2.337168584292146178e+01 6.375879121353193451e-06
2.341170585292646322e+01 6.424951042683856674e-06
2.345172586293146466e+01 6.484752984902228858e-06
2.349174587293646610e+01 6.557467597920009481e-06
2.353176588294147109e+01 6.646228654047906454e-06
2.357178589294647253e+01 6.755562852443904225e-06
2.361180590295147397e+01 6.891944492658364895e-06
2.365182591295647896e+01 7.064190009521817746e-06
2.369184592296148040e+01 7.282539071716685701e-06
2.373186593296648184e+01 7.552895207205719963e-06
2.377188594297148683e+01 7.859426452558560957e-06
2.381190595297648827e+01 8.137488779291257013e-06
2.385192596298148970e+01 8.285799398798656434e-06
2.389194597298649114e+01 8.266784808925270141e-06
2.393196598299149613e+01 8.157193330953470007e-06
2.397198599299649757e+01 8.052441439198770097e-06
2.401200600300149901e+01 7.996565916499349049e-06
2.405202601300650400e+01 7.994733498721854235e-06
2.409204602301150544e+01 8.038890621058217406e-06
2.413206603301650688e+01 8.119852841409616129e-06
2.417208604302150832e+01 8.230556998351007587e-06
2.421210605302651331e+01 8.366239903547764405e-06
2.425212606303151475e+01 8.523925061176085437e-06
2.429214607303651619e+01 8.701910480462970811e-06
2.433216608304152118e+01 8.899392511841941770e-06
2.437218609304652261e+01 9.116215261932211688e-06
2.441220610305152405e+01 9.352711096613942882e-06
2.445222611305652904e+01 9.609602886138858302e-06
2.449224612306153048e+01 9.887947688092211396e-06
2.453226613306653192e+01 1.018910884901966028e-05
2.457228614307153336e+01 1.051474852863326656e-05
2.461230615307653835e+01 1.086683597103548223e-05
2.465232616308153979e+01 1.124766905991123932e-05
2.469234617308654123e+01 1.165990823887750621e-05
2.473236618309154622e+01 1.210662305261428315e-05
2.477238619309654766e+01 1.259135257296535727e-05
2.481240620310154910e+01 1.311818196714325143e-05
2.485242621310655409e+01 1.369183856979496961e-05
2.489244622311155553e+01 1.431781216544624102e-05
2.493246623311655696e+01 1.500250592453289535e-05
2.497248624312155840e+01 1.575342676488776836e-05
2.501250625312656339e+01 1.657942711243859548e-05
2.505252626313156483e+01 1.749101452056794751e-05
2.509254627313656627e+01 1.850075199101282745e-05
2.513256628314157126e+01 1.962378105459753277e-05
2.517258629314657270e+01 2.087851316048115153e-05
2.521260630315157414e+01 2.228755494650706411e-05
2.525262631315657913e+01 2.387896309892588087e-05
2.529264632316158057e+01 2.568797048637067203e-05
2.533266633316658201e+01 2.775939631533294748e-05
2.537268634317158345e+01 3.015106416339053276e-05
2.541270635317658844e+01 3.293872695727691592e-05
2.545272636318158987e+01 3.622327498585910433e-05
2.549274637318659131e+01 4.014143705721965341e-05
2.553276638319159630e+01 4.488184194165553985e-05
2.557278639319659774e+01 5.070920904697222926e-05
2.561280640320159918e+01 5.800032202876043570e-05
2.565282641320660417e+01 6.729487684403598824e-05
2.569284642321160561e+01 7.935669055620473843e-05
2.573286643321660705e+01 9.520721452684370242e-05
2.577288644322160849e+01 1.159803256796400599e-04
2.581290645322661348e+01 1.421617597664217019e-04
2.585292646323161492e+01 1.714860476988563844e-04
2.589294647323661636e+01 1.962402349200028891e-04
2.593296648324162135e+01 2.061458606819946675e-04
2.597298649324662279e+01 1.997169415234193520e-04
2.601300650325162422e+01 1.867028975029306332e-04
2.605302651325662922e+01 1.769650198670529462e-04
2.609304652326163065e+01 1.749292317036143759e-04
2.613306653326663209e+01 1.817377460579580183e-04
2.617308654327163353e+01 1.978944877847879571e-04
2.621310655327663852e+01 2.245330742480658253e-04
2.625312656328163996e+01 2.639808824720841531e-04
2.629314657328664140e+01 3.201847961463911594e-04
2.633316658329164639e+01 3.991278302430734440e-04
2.637318659329664783e+01 5.087562649251989311e-04
2.641320660330164927e+01 6.566386403881306231e-04
2.645322661330665426e+01 8.409657590538261373e-04
2.649324662331165570e+01 1.029928784058416766e-03
2.653326663331665713e+01 1.146374929455232531e-03
2.657328664332165857e+01 1.116983322269250777e-03
2.661330665332666356e+01 9.610952364343279802e-04
2.665332666333166500e+01 7.646891277916248670e-04
2.669334667333666644e+01 5.895508001535001985e-04
2.673336668334167143e+01 4.535539514012042780e-04
2.677338669334667287e+01 3.530842510863814866e-04
2.681340670335167431e+01 2.795760847989170960e-04
2.685342671335667930e+01 2.253680714021738475e-04
2.689344672336168074e+01 1.847909434538327152e-04
2.693346673336668218e+01 1.538917720564519670e-04
2.697348674337168362e+01 1.299548232934172418e-04
2.701350675337668861e+01 1.111075199834936329e-04
2.705352676338169005e+01 9.604358300161585759e-05
2.709354677338669148e+01 8.383812666474288228e-05
2.713356678339169648e+01 7.382583238297765434e-05
2.717358679339669791e+01 6.552049862960896646e-05
2.721360680340169935e+01 5.856140337000674567e-05
2.725362681340670434e+01 5.267707858810304311e-05
2.729364682341170578e+01 4.766049368195785695e-05
2.733366683341670722e+01 4.335180571931551789e-05
2.737368684342170866e+01 3.962619701160869696e-05
2.741370685342671365e+01 3.638518137804219515e-05
2.745372686343171509e+01 3.355030886393672114e-05
2.749374687343671653e+01 3.105855186263697503e-05
2.753376688344172152e+01 2.885888591627812252e-05
2.757378689344672296e+01 2.690973068309372130e-05
2.761380690345172439e+01 2.517701854895180292e-05
2.765382691345672583e+01 2.363272770318432212e-05
2.769384692346173082e+01 2.225376441579683402e-05
2.773386693346673226e+01 2.102111303044886250e-05
2.777388694347173370e+01 1.991919666478011690e-05
2.781390695347673869e+01 1.893541012155027049e-05
2.785392696348174013e+01 1.805980151178099863e-05
2.789394697348674157e+01 1.728489258952639582e-05
2.793396698349174656e+01 1.660564175152908582e-05
2.797398699349674800e+01 1.601957034426549560e-05
2.801400700350174944e+01 1.552709541935048314e-05
2.805402701350675088e+01 1.513214483378396354e-05
2.809404702351175587e+01 1.484317998131701198e-05
2.813406703351675731e+01 1.467482552839370678e-05
2.817408704352175874e+01 1.465041038077516762e-05
2.821410705352676374e+01 1.480584963851669904e-05
2.825412706353176517e+01 1.519537043791992822e-05
2.829414707353676661e+01 1.589924994959286122e-05
2.833416708354177160e+01 1.703137510073618428e-05
2.837418709354677304e+01 1.873504425106351634e-05
2.841420710355177448e+01 2.112865781545459560e-05
2.845422711355677592e+01 2.411298624029851670e-05
2.849424712356178091e+01 2.698427066281889347e-05
2.853426713356678235e+01 2.830934256261315293e-05
2.857428714357178379e+01 2.706258249154297523e-05
2.861430715357678878e+01 2.393170429631216663e-05
2.865432716358179022e+01 2.040658639748384819e-05
2.869434717358679165e+01 1.737520332852544619e-05
2.873436718359179665e+01 1.503385044315122596e-05
2.877438719359679808e+01 1.328742330176265213e-05
2.881440720360179952e+01 1.198830546112400167e-05
2.885442721360680096e+01 1.101226348427471279e-05
2.889444722361180595e+01 1.026922650726513274e-05
2.893446723361680739e+01 9.696988310259309631e-06
2.897448724362180883e+01 9.253159114479085544e-06
2.901450725362681382e+01 8.908877904373373657e-06
2.905452726363181526e+01 8.644480930921853967e-06
2.909454727363681670e+01 8.446647427283701759e-06
2.913456728364182169e+01 8.306552007896586372e-06
2.917458729364682313e+01 8.218684249747646879e-06
2.921460730365182457e+01 8.180113495588754149e-06
2.925462731365682600e+01 8.190060576439949630e-06
2.929464732366183100e+01 8.249693786317558673e-06
2.933466733366683243e+01 8.362102233246349265e-06
2.937468734367183387e+01 8.532421107937620844e-06
2.941470735367683886e+01 8.768100592507061439e-06
2.945472736368184030e+01 9.079371973206025229e-06
2.949474737368684174e+01 9.480128668280686708e-06
2.953476738369184673e+01 9.989397874183060058e-06
2.957478739369684817e+01 1.063314287519659602e-05
2.961480740370184961e+01 1.144655490226960456e-05
2.965482741370685105e+01 1.247772524298552184e-05
2.969484742371185604e+01 1.379340584142940870e-05
2.973486743371685748e+01 1.548771097639002137e-05
2.977488744372185892e+01 1.769527582697234892e-05
2.981490745372686391e+01 2.061107015592888699e-05
2.985492746373186534e+01 2.451922443381274487e-05
2.989494747373686678e+01 2.983060831075649377e-05
2.993496748374187177e+01 3.711533150471044140e-05
2.997498749374687321e+01 4.706681794935596509e-05
3.001500750375187465e+01 6.019260924139752724e-05
3.005502751375687609e+01 7.578685328862032648e-05
3.009504752376188108e+01 9.005247377065253556e-05
3.013506753376688252e+01 9.603089488105187002e-05
3.017508754377188396e+01 8.971358004182919713e-05
3.021510755377688895e+01 7.526926830664793650e-05
3.025512756378189039e+01 5.962827715029231867e-05
3.029514757378689183e+01 4.649897347456787033e-05
3.033516758379189682e+01 3.654020555828847532e-05
3.037518759379689826e+01 2.923253192627833083e-05
3.041520760380189969e+01 2.388365657689503065e-05
3.045522761380690113e+01 1.992728601712581677e-05
3.049524762381190612e+01 1.695599705454002465e-05
3.053526763381690756e+01 1.468822216291231289e-05
3.057528764382190900e+01 1.293081194025958557e-05
3.061530765382691399e+01 1.155044052344089941e-05
3.065532766383191543e+01 1.045398821319054144e-05
3.069534767383691687e+01 9.575545491729251329e-06
3.073536768384192186e+01 8.867869766281027806e-06
3.077538769384692330e+01 8.296748138524457004e-06
3.081540770385192474e+01 7.837247887521046251e-06
3.085542771385692618e+01 7.471203041171536088e-06
3.089544772386193117e+01 7.185523777649169677e-06
3.093546773386693260e+01 6.971067438497422523e-06
3.097548774387193404e+01 6.821907364917942197e-06
3.101550775387693903e+01 6.734899536339664130e-06
3.105552776388194047e+01 6.709489781127211619e-06
3.109554777388694191e+01 6.747731578159559606e-06
3.113556778389194335e+01 6.854491355185014292e-06
3.117558779389694834e+01 7.037782891265139594e-06
3.121560780390194978e+01 7.309083147888263117e-06
3.125562781390695122e+01 7.683598444760283513e-06
3.129564782391195621e+01 8.181768990316497795e-06
3.133566783391695765e+01 8.834882223006922266e-06
3.137568784392195909e+01 9.692810434767260361e-06
3.141570785392696408e+01 1.082849958998173475e-05
3.145572786393196552e+01 1.234442482776758833e-05
3.149574787393696695e+01 1.438727081365102972e-05
3.153576788394196839e+01 1.716983342476509822e-05
3.157578789394697338e+01 2.099524042683181946e-05
3.161580790395197482e+01 2.626305305326285551e-05
3.165582791395697626e+01 3.338155899633908315e-05
3.169584792396198125e+01 4.238109071316706659e-05
3.173586793396698269e+01 5.195097318413551387e-05
3.177588794397198413e+01 5.850094933858975357e-05
3.181590795397698912e+01 5.806462665128512136e-05
3.185592796398199056e+01 5.090473639954881495e-05
3.189594797398699200e+01 4.115685660778294010e-05
3.193596798399199344e+01 3.220017177348499966e-05
3.197598799399699843e+01 2.515795568092626494e-05
3.201600800400200342e+01 1.993036584917019338e-05
3.205602801400700486e+01 1.609925269954910076e-05
3.209604802401200629e+01 1.327210657313706388e-05
3.213606803401700773e+01 1.115433356721131480e-05
3.217608804402200917e+01 9.539641549021516282e-06
3.221610805402701061e+01 8.286239358634966612e-06
3.225612806403201205e+01 7.296473523907370627e-06
3.229614807403702059e+01 6.502349795674743785e-06
3.233616808404202203e+01 5.855827160067811090e-06
3.237618809404702347e+01 5.322419704693089336e-06
3.241620810405202491e+01 4.876975539107436339e-06
3.245622811405702635e+01 4.500867117995081190e-06
3.249624812406202778e+01 4.180097315308160443e-06
3.253626813406702922e+01 3.904004590076203470e-06
3.257628814407203777e+01 3.664364747334542583e-06
3.261630815407703921e+01 3.454758789234014717e-06
3.265632816408204064e+01 3.270121804436694336e-06
3.269634817408704208e+01 3.106416756467282061e-06
3.273636818409204352e+01 2.960395620047121137e-06
3.277638819409704496e+01 2.829422412684451698e-06
3.281640820410205350e+01 2.711340646270654177e-06
3.285642821410705494e+01 2.604373054720726234e-06
3.289644822411205638e+01 2.507045064889486114e-06
3.293646823411705782e+01 2.418125953458377172e-06
3.297648824412205926e+01 2.336583329900843026e-06
3.301650825412706070e+01 2.261547671701364556e-06
3.305652826413206213e+01 2.192284008869498558e-06
3.309654827413707068e+01 2.128166876238439273e-06
3.313656828414207212e+01 2.068651173607982467e-06
3.317658829414707355e+01 2.013228412245966290e-06
3.321660830415207499e+01 1.961380184562163151e-06
3.325662831415707643e+01 1.912613482720120839e-06
3.329664832416207787e+01 1.866603947872942067e-06
3.333666833416707931e+01 1.823208360616735924e-06
3.337668834417208785e+01 1.782309553195230397e-06
3.341670835417708929e+01 1.743745738157441010e-06
3.345672836418209073e+01 1.707336853294181220e-06
3.349674837418709217e+01 1.672914362420276689e-06
3.353676838419209361e+01 1.640333031032679016e-06
3.357678839419709504e+01 1.609473732029671786e-06
3.361680840420210359e+01 1.580244459539379301e-06
3.365682841420710503e+01 1.552582641538965365e-06
3.369684842421210647e+01 1.526460261332922983e-06
3.373686843421710790e+01 1.501893021216207235e-06
3.377688844422210934e+01 1.478954569795427672e-06
3.381690845422711078e+01 1.457794780199060321e-06
3.385692846423211222e+01 1.438651721223380142e-06
3.389694847423712076e+01 1.421814553276219823e-06
3.393696848424212220e+01 1.407408531256414653e-06
3.397698849424712364e+01 1.394762245371126554e-06
3.401700850425212508e+01 1.381467468963428160e-06
3.405702851425712652e+01 1.363933879099587729e-06
3.409704852426212796e+01 1.340981127904930607e-06
3.413706853426712939e+01 1.315367265680462949e-06
3.417708854427213794e+01 1.290326716916431296e-06
3.421710855427713938e+01 1.267270575772414863e-06
3.425712856428214081e+01 1.246295915610617305e-06
3.429714857428714225e+01 1.227067032453032735e-06
3.433716858429214369e+01 1.209218377868009996e-06
3.437718859429714513e+01 1.192459805772044279e-06
3.441720860430214657e+01 1.176580204510613341e-06
3.445722861430715511e+01 1.161428832277970580e-06
3.449724862431215655e+01 1.146897123189103519e-06
3.453726863431715799e+01 1.132905254889913342e-06
3.457728864432215943e+01 1.119393011825368369e-06
3.461730865432716087e+01 1.106313722433579556e-06
3.465732866433216230e+01 1.093630242990703934e-06
3.469734867433717085e+01 1.081312273511268954e-06
3.473736868434217229e+01 1.069334538615769452e-06
3.477738869434717373e+01 1.057675534145118798e-06
3.481740870435217516e+01 1.046316648248269253e-06
3.485742871435717660e+01 1.035241533879004682e-06
3.489744872436217804e+01 1.024435652666123052e-06
3.493746873436717948e+01 1.013885937429748161e-06
3.497748874437218802e+01 1.003580538123192403e-06
3.501750875437718946e+01 9.935086273386416047e-07
3.505752876438219090e+01 9.836602489809073595e-07
3.509754877438719234e+01 9.740261986863271528e-07
3.513756878439219378e+01 9.645979279201319363e-07
3.517758879439719522e+01 9.553674659804268990e-07
3.521760880440219665e+01 9.463273557260307618e-07
3.525762881440720520e+01 9.374705999593218737e-07
3.529764882441220664e+01 9.287906161854450046e-07
3.533766883441720807e+01 9.202811980361519856e-07
3.537768884442220951e+01 9.119364820579551545e-07
3.541770885442721095e+01 9.037509188658324970e-07
3.545772886443221239e+01 8.957192478872679630e-07
3.549774887443722093e+01 8.878364750886218404e-07
3.553776888444222237e+01 8.800978532022412856e-07
3.557778889444722381e+01 8.724988640691182254e-07
3.561780890445222525e+01 8.650352027861512711e-07
3.565782891445722669e+01 8.577027634047051702e-07
3.569784892446222813e+01 8.504976259723494730e-07
3.573786893446722956e+01 8.434160447453593614e-07
3.577788894447223811e+01 8.364544374279850528e-07
3.581790895447723955e+01 8.296093753173676658e-07
3.585792896448224099e+01 8.228775742514105571e-07
3.589794897448724242e+01 8.162558862720575432e-07
3.593796898449224386e+01 8.097412919287325784e-07
3.597798899449724530e+01 8.033308931570022595e-07
3.601800900450224674e+01 7.970219066759947653e-07
3.605802901450725528e+01 7.908116578552926310e-07
3.609804902451225672e+01 7.846975750080292074e-07
3.613806903451725816e+01 7.786771840720210782e-07
3.617808904452225960e+01 7.727481036451570787e-07
3.621810905452726104e+01 7.669080403449912919e-07
3.625812906453226248e+01 7.611547844657173485e-07
3.629814907453727102e+01 7.554862059084980472e-07
3.633816908454227246e+01 7.499002503635779525e-07
3.637818909454727390e+01 7.443949357246934032e-07
3.641820910455227533e+01 7.389683487182278185e-07
3.645822911455727677e+01 7.336186417311414967e-07
3.649824912456227821e+01 7.283440298232200185e-07
3.653826913456727965e+01 7.231427879104359050e-07
3.657828914457228819e+01 7.180132481074105920e-07
3.661830915457728963e+01 7.129537972179617979e-07
3.665832916458229107e+01 7.079628743636574403e-07
3.669834917458729251e+01 7.030389687411422775e-07
3.673836918459229395e+01 6.981806174997190884e-07
3.677838919459729539e+01 6.933864037313671228e-07
3.681840920460229682e+01 6.886549545659764436e-07
3.685842921460730537e+01 6.839849393651424937e-07
3.689844922461230681e+01 6.793750680083556513e-07
3.693846923461730825e+01 6.748240892658766674e-07
3.697848924462230968e+01 6.703307892530366383e-07
3.701850925462731112e+01 6.658939899610322066e-07
3.705852926463231256e+01 6.615125478596826698e-07
3.709854927463732110e+01 6.571853525679030312e-07
3.713856928464232254e+01 6.529113255879623387e-07
3.717858929464732398e+01 6.486894190998433508e-07
3.721860930465232542e+01 6.445186148123021663e-07
3.725862931465732686e+01 6.403979228674135358e-07
3.729864932466232830e+01 6.363263807956318433e-07
3.733866933466732974e+01 6.323030525185766759e-07
3.737868934467233828e+01 6.283270273969339104e-07
3.741870935467733972e+01 6.243974193210359299e-07
3.745872936468234116e+01 6.205133658418215965e-07
3.749874937468734259e+01 6.166740273400538429e-07
3.753876938469234403e+01 6.128785862317605216e-07
3.757878939469734547e+01 6.091262462080249822e-07
3.761880940470234691e+01 6.054162315073511002e-07
3.765882941470735545e+01 6.017477862189303964e-07
3.769884942471235689e+01 5.981201736152515437e-07
3.773886943471735833e+01 5.945326755125698447e-07
3.777888944472235977e+01 5.909845916578554901e-07
3.781890945472736121e+01 5.874752391409045178e-07
3.785892946473236265e+01 5.840039518303890415e-07
3.789894947473736408e+01 5.805700798326717009e-07
3.793896948474237263e+01 5.771729889722975915e-07
3.797898949474737407e+01 5.738120602931269044e-07
3.801900950475237551e+01 5.704866895791180954e-07
3.805902951475737694e+01 5.671962868938531408e-07
3.809904952476237838e+01 5.639402761379231173e-07
3.813906953476737982e+01 5.607180946233436977e-07
3.817908954477238836e+01 5.575291926642256322e-07
3.821910955477738980e+01 5.543730331829572614e-07
3.825912956478239124e+01 5.512490913311923185e-07
3.829914957478739268e+01 5.481568541249873109e-07
3.833916958479239412e+01 5.450958200934509828e-07
3.837918959479739556e+01 5.420654989403118784e-07
3.841920960480239700e+01 5.390654112178379732e-07
3.845922961480740554e+01 5.360950880125661693e-07
3.849924962481240698e+01 5.331540706423377741e-07
3.853926963481740842e+01 5.302419103641439196e-07
3.857928964482240985e+01 5.273581680923341123e-07
3.861930965482741129e+01 5.245024141267370799e-07
3.865932966483241273e+01 5.216742278902842688e-07
3.869934967483741417e+01 5.188731976757366175e-07
3.873936968484242271e+01 5.160989204011403205e-07
3.877938969484742415e+01 5.133510013736485263e-07
3.881940970485242559e+01 5.106290540613700483e-07
3.885942971485742703e+01 5.079326998729171818e-07
3.889944972486242847e+01 5.052615679443466361e-07
3.893946973486742991e+01 5.026152949331904509e-07
3.897948974487243845e+01 4.999935248193023500e-07
3.901950975487743989e+01 4.973959087122456263e-07
3.905952976488244133e+01 4.948221046649665393e-07
3.909954977488744277e+01 4.922717774935089641e-07
3.913956978489244420e+01 4.897445986025373568e-07
3.917958979489744564e+01 4.872402458164433610e-07
3.921960980490244708e+01 4.847584032158204859e-07
3.925962981490745562e+01 4.822987609791067442e-07
3.929964982491245706e+01 4.798610152291994785e-07
3.933966983491745850e+01 4.774448678848512664e-07
3.937968984492245994e+01 4.750500265166768601e-07
3.941970985492746138e+01 4.726762042075920150e-07
3.945972986493246282e+01 4.703231194175276103e-07
3.949974987493746426e+01 4.679904958522585510e-07
3.953976988494247280e+01 4.656780623361992179e-07
3.957978989494747424e+01 4.633855526890250196e-07
3.961980990495247568e+01 4.611127056059736667e-07
3.965982991495747711e+01 4.588592645417080078e-07
3.969984992496247855e+01 4.566249775976019376e-07
3.973986993496747999e+01 4.544095974123376748e-07
3.977988994497248854e+01 4.522128810556889944e-07
3.981990995497748997e+01 4.500345899253917906e-07
3.985992996498249141e+01 4.478744896469810015e-07
3.989994997498749285e+01 4.457323499765028392e-07
3.993996998499249429e+01 4.436079447059986722e-07
3.997998999499749573e+01 4.415010515716662190e-07
4.002001000500249717e+01 4.394114521646093273e-07
4.006003001500750571e+01 4.373389318440869243e-07
4.010005002501250715e+01 4.352832796531809344e-07
4.014007003501750859e+01 4.332442882367974016e-07
4.018009004502251003e+01 4.312217537619284491e-07
4.022011005502751146e+01 4.292154758400987896e-07
4.026013006503251290e+01 4.272252574519248419e-07
4.030015007503751434e+01 4.252509048737177904e-07
4.034017008504252289e+01 4.232922276060644673e-07
4.038019009504752432e+01 4.213490383043263404e-07
4.042021010505252576e+01 4.194211527109839740e-07
4.046023011505752720e+01 4.175083895897830230e-07
4.050025012506252864e+01 4.156105706616133624e-07
4.054027013506753008e+01 4.137275205420726476e-07
4.058029014507253862e+01 4.118590666806573959e-07
4.062031015507754006e+01 4.100050393015360069e-07
4.066033016508254150e+01 4.081652713458478201e-07
4.070035017508754294e+01 4.063395984154892964e-07
4.074037018509254438e+01 4.045278587183338038e-07
4.078039019509754581e+01 4.027298930148465712e-07
4.082041020510254725e+01 4.009455445660508197e-07
4.086043021510755580e+01 3.991746590828026122e-07
4.090045022511255723e+01 3.974170846763385812e-07
4.094047023511755867e+01 3.956726718100534970e-07
4.098049024512256011e+01 3.939412732524771268e-07
4.102051025512756155e+01 3.922227440314101543e-07
4.106053026513256299e+01 3.905169413891858576e-07
4.110055027513756443e+01 3.888237247390268426e-07
4.114057028514257297e+01 3.871429556224616795e-07
4.118059029514757441e+01 3.854744976677741777e-07
4.122061030515257585e+01 3.838182165494511540e-07
4.126063031515757729e+01 3.821739799486040773e-07
4.130065032516257872e+01 3.805416575143345723e-07
4.134067033516758016e+01 3.789211208260175244e-07
4.138069034517258160e+01 3.773122433564747874e-07
4.142071035517759015e+01 3.757149004360161463e-07
4.146073036518259158e+01 3.741289692173228144e-07
4.150075037518759302e+01 3.725543286411465156e-07
4.154077038519259446e+01 3.709908594028071612e-07
4.158079039519759590e+01 3.694384439194638146e-07
4.162081040520259734e+01 3.678969662981363385e-07
4.166083041520760588e+01 3.663663123044600968e-07
4.170085042521260732e+01 3.648463693321532222e-07
4.174087043521760876e+01 3.633370263731731048e-07
4.178089044522261020e+01 3.618381739885503477e-07
4.182091045522761164e+01 3.603497042798762086e-07
4.186093046523261307e+01 3.588715108614270628e-07
4.190095047523761451e+01 3.574034888329138189e-07
4.194097048524262306e+01 3.559455347528296554e-07
4.198099049524762449e+01 3.544975466123931707e-07
4.202101050525262593e+01 3.530594238100585142e-07
4.206103051525762737e+01 3.516310671265867831e-07
4.210105052526262881e+01 3.502123787006600499e-07
4.214107053526763025e+01 3.488032620050244149e-07
4.218109054527263169e+01 3.474036218231496424e-07
4.222111055527764023e+01 3.460133642263888646e-07
4.226113056528264167e+01 3.446323965516315228e-07
4.230115057528764311e+01 3.432606273794279481e-07
4.234117058529264455e+01 3.418979665125841497e-07
4.238119059529764598e+01 3.405443249552062736e-07
4.242121060530264742e+01 3.391996148921871050e-07
4.246123061530765597e+01 3.378637496691244001e-07
4.250125062531265741e+01 3.365366437726586038e-07
4.254127063531765884e+01 3.352182128112177795e-07
4.258129064532266028e+01 3.339083734961650380e-07
4.262131065532766172e+01 3.326070436233326367e-07
4.266133066533266316e+01 3.313141420549375613e-07
4.270135067533766460e+01 3.300295887018661500e-07
4.274137068534267314e+01 3.287533045063212996e-07
4.278139069534767458e+01 3.274852114248210318e-07
4.282141070535267602e+01 3.262252324115434966e-07
4.286143071535767746e+01 3.249732914020040647e-07
4.290145072536267890e+01 3.237293132970637691e-07
4.294147073536768033e+01 3.224932239472555958e-07
4.298149074537268177e+01 3.212649501374243880e-07
4.302151075537769032e+01 3.200444195716698301e-07
4.306153076538269175e+01 3.188315608585892274e-07
4.310155077538769319e+01 3.176263034968097602e-07
4.314157078539269463e+01 3.164285778608038583e-07
4.318159079539769607e+01 3.152383151869846255e-07
4.322161080540269751e+01 3.140554475600679213e-07
4.326163081540770605e+01 3.128799078997041161e-07
4.330165082541270749e+01 3.117116299473629508e-07
4.334167083541770893e+01 3.105505482534748882e-07
4.338169084542271037e+01 3.093965981648173106e-07
4.342171085542771181e+01 3.082497158121419091e-07
4.346173086543271324e+01 3.071098380980378132e-07
4.350175087543771468e+01 3.059769026850260138e-07
4.354177088544272323e+01 3.048508479838770843e-07
4.358179089544772467e+01 3.037316131421505601e-07
4.362181090545272610e+01 3.026191380329474533e-07
4.366183091545772754e+01 3.015133632438756893e-07
4.370185092546272898e+01 3.004142300662188320e-07
4.374187093546773042e+01 2.993216804843066145e-07
4.378189094547273186e+01 2.982356571650829869e-07
4.382191095547774040e+01 2.971561034478655943e-07
4.386193096548274184e+01 2.960829633342930304e-07
4.390195097548774328e+01 2.950161814784567455e-07
4.394197098549274472e+01 2.939557031772127358e-07
4.398199099549774616e+01 2.929014743606703701e-07
4.402201100550274759e+01 2.918534415828502510e-07
4.406203101550775614e+01 2.908115520125151366e-07
4.410205102551275758e+01 2.897757534241625390e-07
4.414207103551775901e+01 2.887459941891797944e-07
4.418209104552276045e+01 2.877222232671574230e-07
4.422211105552776189e+01 2.867043901973569127e-07
4.426213106553276333e+01 2.856924450903300166e-07
4.430215107553776477e+01 2.846863386196849574e-07
4.434217108554277331e+01 2.836860220140009156e-07
4.438219109554777475e+01 2.826914470488811665e-07
4.442221110555277619e+01 2.817025660391467182e-07
4.446223111555777763e+01 2.807193318311661642e-07
4.450225112556277907e+01 2.797416977953195780e-07
4.454227113556778050e+01 2.787696178185915275e-07
4.458229114557278194e+01 2.778030462972933684e-07
4.462231115557779049e+01 2.768419381299095210e-07
4.466233116558279193e+01 2.758862487100685792e-07
4.470235117558779336e+01 2.749359339196322102e-07
4.474237118559279480e+01 2.739909501219038556e-07
4.478239119559779624e+01 2.730512541549519417e-07
4.482241120560279768e+01 2.721168033250456915e-07
4.486243121560779912e+01 2.711875554002035394e-07
4.490245122561280766e+01 2.702634686038481136e-07
4.494247123561780910e+01 2.693445016085697970e-07
4.498249124562281054e+01 2.684306135299919850e-07
4.502251125562781198e+01 2.675217639207410054e-07
4.506253126563281342e+01 2.666179127645146640e-07
4.510255127563781485e+01 2.657190204702511112e-07
4.514257128564282340e+01 2.648250478663909348e-07
4.518259129564782484e+01 2.639359561952366087e-07
4.522261130565282627e+01 2.630517071074031039e-07
4.526263131565782771e+01 2.621722626563593432e-07
4.530265132566282915e+01 2.612975852930589125e-07
4.534267133566783059e+01 2.604276378606587042e-07
4.538269134567283203e+01 2.595623835893215764e-07
4.542271135567784057e+01 2.587017860911051969e-07
4.546273136568284201e+01 2.578458093549316205e-07
4.550275137568784345e+01 2.569944177416380757e-07
4.554277138569284489e+01 2.561475759791068428e-07
4.558279139569784633e+01 2.553052491574738528e-07
4.562281140570284776e+01 2.544674027244129909e-07
4.566283141570784920e+01 2.536340024804938792e-07
4.570285142571285775e+01 2.528050145746160514e-07
4.574287143571785919e+01 2.519804054995129551e-07
4.578289144572286062e+01 2.511601420873268397e-07
4.582291145572786206e+01 2.503441915052543188e-07
4.586293146573286350e+01 2.495325212512580546e-07
4.590295147573786494e+01 2.487250991498482684e-07
4.594297148574287348e+01 2.479218933479266153e-07
4.598299149574787492e+01 2.471228723106967616e-07
4.602301150575287636e+01 2.463280048176366375e-07
4.606303151575787780e+01 2.455372599585345878e-07
4.610305152576287924e+01 2.447506071295842846e-07
4.614307153576788068e+01 2.439680160295418454e-07
4.618309154577288211e+01 2.431894566559390663e-07
4.622311155577789066e+01 2.424148993013569003e-07
4.626313156578289210e+01 2.416443145497540990e-07
4.630315157578789353e+01 2.408776732728512819e-07
4.634317158579289497e+01 2.401149466265708570e-07
4.638319159579789641e+01 2.393561060475294043e-07
4.642321160580289785e+01 2.386011232495836873e-07
4.646323161580789929e+01 2.378499702204274066e-07
4.650325162581290783e+01 2.371026192182399413e-07
4.654327163581790927e+01 2.363590427683844286e-07
4.658329164582291071e+01 2.356192136601544691e-07
4.662331165582791215e+01 2.348831049435701456e-07
4.666333166583291359e+01 2.341506899262198342e-07
4.670335167583791502e+01 2.334219421701508257e-07
4.674337168584292357e+01 2.326968354888030661e-07
4.678339169584792501e+01 2.319753439439899611e-07
4.682341170585292645e+01 2.312574418429219811e-07
4.686343171585792788e+01 2.305431037352739957e-07
4.690345172586292932e+01 2.298323044102959376e-07
4.694347173586793076e+01 2.291250188939640197e-07
4.698349174587293220e+01 2.284212224461744617e-07
4.702351175587794074e+01 2.277208905579770275e-07
4.706353176588294218e+01 2.270239989488481616e-07
4.710355177588794362e+01 2.263305235640043594e-07
4.714357178589294506e+01 2.256404405717518274e-07
4.718359179589794650e+01 2.249537263608764045e-07
4.722361180590294794e+01 2.242703575380690312e-07
4.726363181590794937e+01 2.235903109253884896e-07
4.730365182591295792e+01 2.229135635577592941e-07
4.734367183591795936e+01 2.222400926805065342e-07
4.738369184592296079e+01 2.215698757469229848e-07
4.742371185592796223e+01 2.209028904158723198e-07
4.746373186593296367e+01 2.202391145494259171e-07
4.750375187593796511e+01 2.195785262105310563e-07
4.754377188594297365e+01 2.189211036607133946e-07
4.758379189594797509e+01 2.182668253578105716e-07
4.762381190595297653e+01 2.176156699537368358e-07
4.766383191595797797e+01 2.169676162922795688e-07
4.770385192596297941e+01 2.163226434069256918e-07
4.774387193596798085e+01 2.156807305187176407e-07
4.778389194597298228e+01 2.150418570341394892e-07
4.782391195597799083e+01 2.144060025430315800e-07
4.786393196598299227e+01 2.137731468165337705e-07
4.790395197598799371e+01 2.131432698050563647e-07
4.794397198599299514e+01 2.125163516362792630e-07
4.798399199599799658e+01 2.118923726131778991e-07
4.802401200600299802e+01 2.112713132120755137e-07
4.806403201600799946e+01 2.106531540807221371e-07
4.810405202601300800e+01 2.100378760363994324e-07
4.814407203601800944e+01 2.094254600640513993e-07
4.818409204602301088e+01 2.088158873144381603e-07
4.822411205602801232e+01 2.082091391023172752e-07
4.826413206603301376e+01 2.076051969046468393e-07
4.830415207603801520e+01 2.070040423588141534e-07
4.834417208604301663e+01 2.064056572608865732e-07
4.838419209604802518e+01 2.058100235638866863e-07
4.842421210605302662e+01 2.052171233760892725e-07
4.846423211605802805e+01 2.046269389593409762e-07
4.850425212606302949e+01 2.040394527274026625e-07
4.854427213606803093e+01 2.034546472443122617e-07
4.858429214607303237e+01 2.028725052227703771e-07
4.862431215607804091e+01 2.022930095225459045e-07
4.866433216608304235e+01 2.017161431489029067e-07
4.870435217608804379e+01 2.011418892510475257e-07
4.874437218609304523e+01 2.005702311205957000e-07
4.878439219609804667e+01 2.000011521900595167e-07
4.882441220610304811e+01 1.994346360313543955e-07
4.886443221610804954e+01 1.988706663543244571e-07
4.890445222611305809e+01 1.983092270052873207e-07
4.894447223611805953e+01 1.977503019655971920e-07
4.898449224612306097e+01 1.971938753502266917e-07
4.902451225612806240e+01 1.966399314063663399e-07
4.906453226613306384e+01 1.960884545120419064e-07
4.910455227613806528e+01 1.955394291747496560e-07
4.914457228614306672e+01 1.949928400301085336e-07
4.918459229614807526e+01 1.944486718405290253e-07
4.922461230615307670e+01 1.939069094938996751e-07
4.926463231615807814e+01 1.933675380022895629e-07
4.930465232616307958e+01 1.928305425006663728e-07
4.934467233616808102e+01 1.922959082456319585e-07
4.938469234617308246e+01 1.917636206141723607e-07
4.942471235617809100e+01 1.912336651024246859e-07
4.946473236618309244e+01 1.907060273244574850e-07
4.950475237618809388e+01 1.901806930110678607e-07
4.954477238619309531e+01 1.896576480085930800e-07
4.958479239619809675e+01 1.891368782777362691e-07
4.962481240620309819e+01 1.886183698924069575e-07
4.966483241620809963e+01 1.881021090385758896e-07
4.970485242621310817e+01 1.875880820131440240e-07
4.974487243621810961e+01 1.870762752228250320e-07
4.978489244622311105e+01 1.865666751830413231e-07
4.982491245622811249e+01 1.860592685168338069e-07
4.986493246623311393e+01 1.855540419537850240e-07
4.990495247623811537e+01 1.850509823289552454e-07
4.994497248624311680e+01 1.845500765818305902e-07
4.998499249624812535e+01 1.840513117552853838e-07
5.002501250625312679e+01 1.835546749945556069e-07
5.006503251625812823e+01 1.830601535462255529e-07
5.010505252626312966e+01 1.825677347572265026e-07
5.014507253626813110e+01 1.820774060738465427e-07
5.018509254627313254e+01 1.815891550407534339e-07
5.022511255627814108e+01 1.811029693000281463e-07
5.026513256628314252e+01 1.806188365902109942e-07
5.030515257628814396e+01 1.801367447453574860e-07
5.034517258629314540e+01 1.796566816941066406e-07
5.038519259629814684e+01 1.791786354587599185e-07
5.042521260630314828e+01 1.787025941543708200e-07
5.046523261630814972e+01 1.782285459878456809e-07
5.050525262631315826e+01 1.777564792570540756e-07
5.054527263631815970e+01 1.772863823499508411e-07
5.058529264632316114e+01 1.768182437437074712e-07
5.062531265632816257e+01 1.763520520038538608e-07
5.066533266633316401e+01 1.758877957834303986e-07
5.070535267633816545e+01 1.754254638221490875e-07
5.074537268634316689e+01 1.749650449455655962e-07
5.078539269634817543e+01 1.745065280642595430e-07
5.082541270635317687e+01 1.740499021730253941e-07
5.086543271635817831e+01 1.735951563500717792e-07
5.090545272636317975e+01 1.731422797562304685e-07
5.094547273636818119e+01 1.726912616341746676e-07
5.098549274637318263e+01 1.722420913076452787e-07
5.102551275637819117e+01 1.717947581806875659e-07
5.106553276638319261e+01 1.713492517368949127e-07
5.110555277638819405e+01 1.709055615386618455e-07
5.114557278639319549e+01 1.704636772264464001e-07
5.118559279639819692e+01 1.700235885180385498e-07
5.122561280640319836e+01 1.695852852078398568e-07
5.126563281640819980e+01 1.691487571661490530e-07
5.130565282641320835e+01 1.687139943384559321e-07
5.134567283641820978e+01 1.682809867447448238e-07
5.138569284642321122e+01 1.678497244788034677e-07
5.142571285642821266e+01 1.674201977075412847e-07
5.146573286643321410e+01 1.669923966703150849e-07
5.150575287643821554e+01 1.665663116782615008e-07
5.154577288644321698e+01 1.661419331136374388e-07
5.158579289644822552e+01 1.657192514291681293e-07
5.162581290645322696e+01 1.652982571474016609e-07
5.166583291645822840e+01 1.648789408600710584e-07
5.170585292646322984e+01 1.644612932274634818e-07
5.174587293646823127e+01 1.640453049777963073e-07
5.178589294647323271e+01 1.636309669065998249e-07
5.182591295647823415e+01 1.632182698761068197e-07
5.186593296648324269e+01 1.628072048146493247e-07
5.190595297648824413e+01 1.623977627160610664e-07
5.194597298649324557e+01 1.619899346390875056e-07
5.198599299649824701e+01 1.615837117068008824e-07
5.202601300650324845e+01 1.611790851060231479e-07
5.206603301650824989e+01 1.607760460867542969e-07
5.210605302651325843e+01 1.603745859616065761e-07
5.214607303651825987e+01 1.599746961052461570e-07
5.218609304652326131e+01 1.595763679538391500e-07
5.222611305652826275e+01 1.591795930045044742e-07
5.226613306653326418e+01 1.587843628147729204e-07
5.230615307653826562e+01 1.583906690020512448e-07
5.234617308654326706e+01 1.579985032430924551e-07
5.238619309654827561e+01 1.576078572734712061e-07
5.242621310655327704e+01 1.572187228870663156e-07
5.246623311655827848e+01 1.568310919355464302e-07
5.250625312656327992e+01 1.564449563278631289e-07
5.254627313656828136e+01 1.560603080297485529e-07
5.258629314657328280e+01 1.556771390632181978e-07
5.262631315657828424e+01 1.552954415060798192e-07
5.266633316658329278e+01 1.549152074914461512e-07
5.270635317658829422e+01 1.545364292072541881e-07
5.274637318659329566e+01 1.541590988957887815e-07
5.278639319659829710e+01 1.537832088532106049e-07
5.282641320660329853e+01 1.534087514290907354e-07
5.286643321660829997e+01 1.530357190259483062e-07
5.290645322661330852e+01 1.526641040987941674e-07
5.294647323661830995e+01 1.522938991546790998e-07
5.298649324662331139e+01 1.519250967522459202e-07
5.302651325662831283e+01 1.515576895012873295e-07
5.306653326663331427e+01 1.511916700623077061e-07
5.310655327663831571e+01 1.508270311460895040e-07
5.314657328664331715e+01 1.504637655132641517e-07
5.318659329664832569e+01 1.501018659738873970e-07
5.322661330665332713e+01 1.497413253870192583e-07
5.326663331665832857e+01 1.493821366603076021e-07
5.330665332666333001e+01 1.490242927495766437e-07
5.334667333666833144e+01 1.486677866584194187e-07
5.338669334667333288e+01 1.483126114377943036e-07
5.342671335667833432e+01 1.479587601856259316e-07
5.346673336668334287e+01 1.476062260464094159e-07
5.350675337668834430e+01 1.472550022108201856e-07
5.354677338669334574e+01 1.469050819153255414e-07
5.358679339669834718e+01 1.465564584418022467e-07
5.362681340670334862e+01 1.462091251171564747e-07
5.366683341670835006e+01 1.458630753129484138e-07
5.370685342671335860e+01 1.455183024450202613e-07
5.374687343671836004e+01 1.451747999731284526e-07
5.378689344672336148e+01 1.448325614005785630e-07
5.382691345672836292e+01 1.444915802738650280e-07
5.386693346673336436e+01 1.441518501823136952e-07
5.390695347673836579e+01 1.438133647577278969e-07
5.394697348674336723e+01 1.434761176740392606e-07
5.398699349674837578e+01 1.431401026469598172e-07
5.402701350675337721e+01 1.428053134336397460e-07
5.406703351675837865e+01 1.424717438323268151e-07
5.410705352676338009e+01 1.421393876820303740e-07
5.414707353676838153e+01 1.418082388621882309e-07
5.418709354677338297e+01 1.414782912923362576e-07
5.422711355677838441e+01 1.411495389317825459e-07
5.426713356678339295e+01 1.408219757792828091e-07
5.430715357678839439e+01 1.404955958727215006e-07
5.434717358679339583e+01 1.401703932887937790e-07
5.438719359679839727e+01 1.398463621426914978e-07
5.442721360680339870e+01 1.395234965877923966e-07
5.446723361680840014e+01 1.392017908153523638e-07
5.450725362681340869e+01 1.388812390541998166e-07
5.454727363681841013e+01 1.385618355704346069e-07
5.458729364682341156e+01 1.382435746671279338e-07
5.462731365682841300e+01 1.379264506840270201e-07
5.466733366683341444e+01 1.376104579972606357e-07
5.470735367683841588e+01 1.372955910190500483e-07
5.474737368684341732e+01 1.369818441974199727e-07
5.478739369684842586e+01 1.366692120159143652e-07
5.482741370685342730e+01 1.363576889933139381e-07
5.486743371685842874e+01 1.360472696833564003e-07
5.490745372686343018e+01 1.357379486744599543e-07
5.494747373686843162e+01 1.354297205894486456e-07
5.498749374687343305e+01 1.351225800852810739e-07
5.502751375687843449e+01 1.348165218527812222e-07
5.506753376688344304e+01 1.345115406163717997e-07
5.510755377688844447e+01 1.342076311338106564e-07
5.514757378689344591e+01 1.339047881959284936e-07
5.518759379689844735e+01 1.336030066263710481e-07
5.522761380690344879e+01 1.333022812813410918e-07
5.526763381690845023e+01 1.330026070493455392e-07
5.530765382691345167e+01 1.327039788509429783e-07
5.534767383691846021e+01 1.324063916384940347e-07
5.538769384692346165e+01 1.321098403959151491e-07
5.542771385692846309e+01 1.318143201384327529e-07
5.546773386693346453e+01 1.315198259123416785e-07
5.550775387693846596e+01 1.312263527947641782e-07
5.554777388694346740e+01 1.309338958934124904e-07
5.558779389694847595e+01 1.306424503463526231e-07
5.562781390695347739e+01 1.303520113217711292e-07
5.566783391695847882e+01 1.300625740177431246e-07
5.570785392696348026e+01 1.297741336620033519e-07
5.574787393696848170e+01 1.294866855117190423e-07
5.578789394697348314e+01 1.292002248532643941e-07
5.582791395697848458e+01 1.289147470019979873e-07
5.586793396698349312e+01 1.286302473020414442e-07
5.590795397698849456e+01 1.283467211260608677e-07
5.594797398699349600e+01 1.280641638750491544e-07
5.598799399699849744e+01 1.277825709781118537e-07
5.602801400700349888e+01 1.275019378922534246e-07
5.606803401700850031e+01 1.272222601021665361e-07
5.610805402701350175e+01 1.269435331200230880e-07
5.614807403701851030e+01 1.266657524852661328e-07
5.618809404702351173e+01 1.263889137644055282e-07
5.622811405702851317e+01 1.261130125508137230e-07
5.626813406703351461e+01 1.258380444645240310e-07
5.630815407703851605e+01 1.255640051520310752e-07
5.634817408704351749e+01 1.252908902860927677e-07
5.638819409704852603e+01 1.250186955655333740e-07
5.642821410705352747e+01 1.247474167150499399e-07
5.646823411705852891e+01 1.244770494850184797e-07
5.650825412706353035e+01 1.242075896513038967e-07
5.654827413706853179e+01 1.239390330150696388e-07
5.658829414707353322e+01 1.236713754025910076e-07
5.662831415707853466e+01 1.234046126650681490e-07
5.666833416708354321e+01 1.231387406784426443e-07
5.670835417708854465e+01 1.228737553432141275e-07
5.674837418709354608e+01 1.226096525842597083e-07
5.678839419709854752e+01 1.223464283506538723e-07
5.682841420710354896e+01 1.220840786154912384e-07
5.686843421710855040e+01 1.218225993757096888e-07
5.690845422711355184e+01 1.215619866519160647e-07
5.694847423711856038e+01 1.213022364882122867e-07
5.698849424712356182e+01 1.210433449520244656e-07
5.702851425712856326e+01 1.207853081339320405e-07
5.706853426713356470e+01 1.205281221474992187e-07
5.710855427713856614e+01 1.202717831291079517e-07
5.714857428714356757e+01 1.200162872377917577e-07
5.718859429714857612e+01 1.197616306550716887e-07
5.722861430715357756e+01 1.195078095847934088e-07
5.726863431715857899e+01 1.192548202529655695e-07
5.730865432716358043e+01 1.190026589075997474e-07
5.734867433716858187e+01 1.187513218185516651e-07
5.738869434717358331e+01 1.185008052773641191e-07
5.742871435717858475e+01 1.182511055971107426e-07
5.746873436718359329e+01 1.180022191122413818e-07
5.750875437718859473e+01 1.177541421784290346e-07
5.754877438719359617e+01 1.175068711724177815e-07
5.758879439719859761e+01 1.172604024918718818e-07
5.762881440720359905e+01 1.170147325552264440e-07
5.766883441720860048e+01 1.167698578015398831e-07
5.770885442721360192e+01 1.165257746903462861e-07
5.774887443721861047e+01 1.162824797015101317e-07
5.778889444722361191e+01 1.160399693350825336e-07
5.782891445722861334e+01 1.157982401111569934e-07
5.786893446723361478e+01 1.155572885697283955e-07
5.790895447723861622e+01 1.153171112705520959e-07
5.794897448724361766e+01 1.150777047930042011e-07
5.798899449724862620e+01 1.148390657359433828e-07
5.802901450725362764e+01 1.146011907175740952e-07
5.806903451725862908e+01 1.143640763753099115e-07
5.810905452726363052e+01 1.141277193656390972e-07
5.814907453726863196e+01 1.138921163639908451e-07
5.818909454727363340e+01 1.136572640646026748e-07
5.822911455727863483e+01 1.134231591803887855e-07
5.826913456728364338e+01 1.131897984428100494e-07
5.830915457728864482e+01 1.129571786017443892e-07
5.834917458729364625e+01 1.127252964253587573e-07
5.838919459729864769e+01 1.124941486999817763e-07
5.842921460730364913e+01 1.122637322299780074e-07
5.846923461730865057e+01 1.120340438376227087e-07
5.850925462731365201e+01 1.118050803629778377e-07
5.854927463731866055e+01 1.115768386637690064e-07
5.858929464732366199e+01 1.113493156152640380e-07
5.862931465732866343e+01 1.111225081101512586e-07
5.866933466733366487e+01 1.108964130584201587e-07
5.870935467733866631e+01 1.106710273872421992e-07
5.874937468734366774e+01 1.104463480408529551e-07
5.878939469734866918e+01 1.102223719804350133e-07
5.882941470735367773e+01 1.099990961840019684e-07
5.886943471735867917e+01 1.097765176462834380e-07
5.890945472736368060e+01 1.095546333786107004e-07
5.894947473736868204e+01 1.093334404088038538e-07
5.898949474737368348e+01 1.091129357810589885e-07
5.902951475737868492e+01 1.088931165558374510e-07
5.906953476738369346e+01 1.086739798097547501e-07
5.910955477738869490e+01 1.084555226354716340e-07
5.914957478739369634e+01 1.082377421415848493e-07
5.918959479739869778e+01 1.080206354525197265e-07
5.922961480740369922e+01 1.078041997084230573e-07
5.926963481740870066e+01 1.075884320650570561e-07
5.930965482741370209e+01 1.073733296936943415e-07
5.934967483741871064e+01 1.071588897810134337e-07
5.938969484742371208e+01 1.069451095289951116e-07
5.942971485742871351e+01 1.067319861548201738e-07
5.946973486743371495e+01 1.065195168907670267e-07
5.950975487743871639e+01 1.063076989841111390e-07
5.954977488744371783e+01 1.060965296970243908e-07
5.958979489744871927e+01 1.058860063064761026e-07
5.962981490745372781e+01 1.056761261041339856e-07
5.966983491745872925e+01 1.054668863962665874e-07
5.970985492746373069e+01 1.052582845036460285e-07
5.974987493746873213e+01 1.050503177614518777e-07
5.978989494747373357e+01 1.048429835191754504e-07
5.982991495747873500e+01 1.046362791405252319e-07
5.986993496748374355e+01 1.044302020033326322e-07
5.990995497748874499e+01 1.042247494994590501e-07
5.994997498749374643e+01 1.040199190347028456e-07
5.998999499749874786e+01 1.038157080287081114e-07
6.003001500750374930e+01 1.036121139148729951e-07
6.007003501750875074e+01 1.034091341402598477e-07
6.011005502751375218e+01 1.032067661655051992e-07
6.015007503751876072e+01 1.030050074647309268e-07
6.019009504752376216e+01 1.028038555254563615e-07
6.023011505752876360e+01 1.026033078485098394e-07
6.027013506753376504e+01 1.024033619479428209e-07
6.031015507753876648e+01 1.022040153509429369e-07
6.035017508754376792e+01 1.020052655977488093e-07
6.039019509754876935e+01 1.018071102415652286e-07
6.043021510755377790e+01 1.016095468484787552e-07
6.047023511755877934e+01 1.014125729973742731e-07
6.051025512756378077e+01 1.012161862798521660e-07
6.055027513756878221e+01 1.010203843001458244e-07
6.059029514757378365e+01 1.008251646750400789e-07
6.063031515757878509e+01 1.006305250337906527e-07
6.067033516758379363e+01 1.004364630180429256e-07
6.071035517758879507e+01 1.002429762817530545e-07
6.075037518759379651e+01 1.000500624911084049e-07
6.079039519759879795e+01 9.985771932444889605e-08
6.083041520760379939e+01 9.966594447218947088e-08
6.087043521760880083e+01 9.947473563674232797e-08
6.091045522761380226e+01 9.928409053244068847e-08
6.095047523761881081e+01 9.909400688546206021e-08
6.099049524762381225e+01 9.890448243375328854e-08
6.103051525762881369e+01 9.871551492695503803e-08
6.107053526763381512e+01 9.852710212632761095e-08
6.111055527763881656e+01 9.833924180467712301e-08
6.115057528764381800e+01 9.815193174628214239e-08
6.119059529764881944e+01 9.796516974682084490e-08
6.123061530765382798e+01 9.777895361329916177e-08
6.127063531765882942e+01 9.759328116397862303e-08
6.131065532766383086e+01 9.740815022830586846e-08
6.135067533766883230e+01 9.722355864684148365e-08
6.139069534767383374e+01 9.703950427119046382e-08
6.143071535767883518e+01 9.685598496393224099e-08
6.147073536768384372e+01 9.667299859855224637e-08
6.151075537768884516e+01 9.649054305937291687e-08
6.155077538769384660e+01 9.630861624148618393e-08
6.159079539769884803e+01 9.612721605068559176e-08
6.163081540770384947e+01 9.594634040339977881e-08
6.167083541770885091e+01 9.576598722662582683e-08
6.171085542771385235e+01 9.558615445786329820e-08
6.175087543771886089e+01 9.540684004504876295e-08
6.179089544772386233e+01 9.522804194649121244e-08
6.183091545772886377e+01 9.504975813080683787e-08
6.187093546773386521e+01 9.487198657685580722e-08
6.191095547773886665e+01 9.469472527367827451e-08
6.195097548774386809e+01 9.451797222043143471e-08
6.199099549774886952e+01 9.434172542632696238e-08
6.203101550775387807e+01 9.416598291056872832e-08
6.207103551775887951e+01 9.399074270229157492e-08
6.211105552776388095e+01 9.381600284049945632e-08
6.215107553776888238e+01 9.364176137400524613e-08
6.219109554777388382e+01 9.346801636137000251e-08
6.223111555777888526e+01 9.329476587084338468e-08
6.227113556778388670e+01 9.312200798030401656e-08
6.231115557778889524e+01 9.294974077720064438e-08
6.235117558779389668e+01 9.277796235849344001e-08
6.239119559779889812e+01 9.260667083059596590e-08
6.243121560780389956e+01 9.243586430931733869e-08
6.247123561780890100e+01 9.226554091980493530e-08
6.251125562781390244e+01 9.209569879648781383e-08
6.255127563781891098e+01 9.192633608301964466e-08
6.259129564782391242e+01 9.175745093222325634e-08
6.263131565782891386e+01 9.158904150603479750e-08
6.267133566783391529e+01 9.142110597544821655e-08
6.271135567783891673e+01 9.125364252046073392e-08
6.275137568784391817e+01 9.108664933001828783e-08
6.279139569784891961e+01 9.092012460196150948e-08
6.283141570785392815e+01 9.075406654297187029e-08
6.287143571785892959e+01 9.058847336851871585e-08
6.291145572786393103e+01 9.042334330280618081e-08
6.295147573786893247e+01 9.025867457872058015e-08
6.299149574787393391e+01 9.009446543777842258e-08
6.303151575787893535e+01 8.993071413007458268e-08
6.307153576788393678e+01 8.976741891423092304e-08
6.311155577788894533e+01 8.960457805734519443e-08
6.315157578789394677e+01 8.944218983494051811e-08
6.319159579789894821e+01 8.928025253091492131e-08
6.323161580790394964e+01 8.911876443749144162e-08
6.327163581790895108e+01 8.895772385516858880e-08
6.331165582791395252e+01 8.879712909267091253e-08
6.335167583791896107e+01 8.863697846690049646e-08
6.339169584792396250e+01 8.847727030288800241e-08
6.343171585792896394e+01 8.831800293374465414e-08
6.347173586793396538e+01 8.815917470061443299e-08
6.351175587793896682e+01 8.800078395262639253e-08
6.355177588794396826e+01 8.784282904684768791e-08
6.359179589794896970e+01 8.768530834823645974e-08
6.363181590795397824e+01 8.752822022959556482e-08
6.367183591795897968e+01 8.737156307152617467e-08
6.371185592796398112e+01 8.721533526238196958e-08
6.375187593796898256e+01 8.705953519822380907e-08
6.379189594797398399e+01 8.690416128277405834e-08
6.383191595797898543e+01 8.674921192737199988e-08
6.387193596798398687e+01 8.659468555092912602e-08
6.391195597798899541e+01 8.644058057988489474e-08
6.395197598799399685e+01 8.628689544816273683e-08
6.399199599799899829e+01 8.613362859712630138e-08
6.403201600800400684e+01 8.598077847553611152e-08
6.407203601800900117e+01 8.582834353950657749e-08
6.411205602801400971e+01 8.567632225246320822e-08
6.415207603801900405e+01 8.552471308509998179e-08
6.419209604802401259e+01 8.537351451533743050e-08
6.423211605802900692e+01 8.522272502828039513e-08
6.427213606803401547e+01 8.507234311617682471e-08
6.431215607803902401e+01 8.492236727837612631e-08
6.435217608804401834e+01 8.477279602128844131e-08
6.439219609804902689e+01 8.462362785834353783e-08
6.443221610805402122e+01 8.447486130995066928e-08
6.447223611805902976e+01 8.432649490345818152e-08
6.451225612806402410e+01 8.417852717311382140e-08
6.455227613806903264e+01 8.403095666002464826e-08
6.459229614807404118e+01 8.388378191211834839e-08
6.463231615807903552e+01 8.373700148410354357e-08
6.467233616808404406e+01 8.359061393743111871e-08
6.471235617808903839e+01 8.344461784025590689e-08
6.475237618809404694e+01 8.329901176739793754e-08
6.479239619809904127e+01 8.315379430030498177e-08
6.483241620810404982e+01 8.300896402701398583e-08
6.487243621810905836e+01 8.286451954211443700e-08
6.491245622811405269e+01 8.272045944671043235e-08
6.495247623811906124e+01 8.257678234838366076e-08
6.499249624812405557e+01 8.243348686115723202e-08
6.503251625812906411e+01 8.229057160545855286e-08
6.507253626813405845e+01 8.214803520808322228e-08
6.511255627813906699e+01 8.200587630215901934e-08
6.515257628814407553e+01 8.186409352711027488e-08
6.519259629814906987e+01 8.172268552862216374e-08
6.523261630815407841e+01 8.158165095860524855e-08
6.527263631815907274e+01 8.144098847516067193e-08
6.531265632816408129e+01 8.130069674254530903e-08
6.535267633816907562e+01 8.116077443113689360e-08
6.539269634817408416e+01 8.102122021739997786e-08
6.543271635817909271e+01 8.088203278385156148e-08
6.547273636818408704e+01 8.074321081902735586e-08
6.551275637818909559e+01 8.060475301744783662e-08
6.555277638819408992e+01 8.046665807958514314e-08
6.559279639819909846e+01 8.032892471182939579e-08
6.563281640820410701e+01 8.019155162645624397e-08
6.567283641820910134e+01 8.005453754159348768e-08
6.571285642821410988e+01 7.991788118118874475e-08
6.575287643821910422e+01 7.978158127497736943e-08
6.579289644822411276e+01 7.964563655844957691e-08
6.583291645822910709e+01 7.951004577281940753e-08
6.587293646823411564e+01 7.937480766499215571e-08
6.591295647823912418e+01 7.923992098753353266e-08
6.595297648824411851e+01 7.910538449863790262e-08
6.599299649824912706e+01 7.897119696209732649e-08
6.603301650825412139e+01 7.883735714727067157e-08
6.607303651825912993e+01 7.870386382905295956e-08
6.611305652826412427e+01 7.857071578784480721e-08
6.615307653826913281e+01 7.843791180952202577e-08
6.619309654827414136e+01 7.830545068540577631e-08
6.623311655827913569e+01 7.817333121223250006e-08
6.627313656828414423e+01 7.804155219212412667e-08
6.631315657828913857e+01 7.791011243255889127e-08
6.635317658829414711e+01 7.777901074634152951e-08
6.639319659829914144e+01 7.764824595157463725e-08
6.643321660830414999e+01 7.751781687162932881e-08
6.647323661830915853e+01 7.738772233511686137e-08
6.651325662831415286e+01 7.725796117585972997e-08
6.655327663831916141e+01 7.712853223286342426e-08
6.659329664832415574e+01 7.699943435028844993e-08
6.663331665832916428e+01 7.687066637742172811e-08
6.667333666833415862e+01 7.674222716864951682e-08
6.671335667833916716e+01 7.661411558342911474e-08
6.675337668834417570e+01 7.648633048626180910e-08
6.679339669834917004e+01 7.635887074666543977e-08
6.683341670835417858e+01 7.623173523914708243e-08
6.687343671835917291e+01 7.610492284317648615e-08
6.691345672836418146e+01 7.597843244315891542e-08
6.695347673836917579e+01 7.585226292840891856e-08
6.699349674837418434e+01 7.572641319312340798e-08
6.703351675837919288e+01 7.560088213635601094e-08
6.707353676838418721e+01 7.547566866199049394e-08
6.711355677838919576e+01 7.535077167871495463e-08
6.715357678839419009e+01 7.522619009999623878e-08
6.719359679839919863e+01 7.510192284405398669e-08
6.723361680840420718e+01 7.497796883383567217e-08
6.727363681840920151e+01 7.485432699699086067e-08
6.731365682841421005e+01 7.473099626584640711e-08
6.735367683841920439e+01 7.460797557738137574e-08
6.739369684842421293e+01 7.448526387320222477e-08
6.743371685842920726e+01 7.436286009951830855e-08
6.747373686843421581e+01 7.424076320711723420e-08
6.751375687843922435e+01 7.411897215134056237e-08
6.755377688844421868e+01 7.399748589205971977e-08
6.759379689844922723e+01 7.387630339365191159e-08
6.763381690845422156e+01 7.375542362497636495e-08
6.767383691845923011e+01 7.363484555935022813e-08
6.771385692846422444e+01 7.351456817452562127e-08
6.775387693846923298e+01 7.339459045266558861e-08
6.779389694847424153e+01 7.327491138032130795e-08
6.783391695847923586e+01 7.315552994840870464e-08
6.787393696848424440e+01 7.303644515218544935e-08
6.791395697848923874e+01 7.291765599122829990e-08
6.795397698849424728e+01 7.279916146941012554e-08
6.799399699849924161e+01 7.268096059487780463e-08
6.803401700850425016e+01 7.256305238002919599e-08
6.807403701850925870e+01 7.244543584149139390e-08
6.811405702851425303e+01 7.232811000009837447e-08
6.815407703851926158e+01 7.221107388086889329e-08
6.819409704852425591e+01 7.209432651298492583e-08
6.823411705852926445e+01 7.197786692976941958e-08
6.827413706853425879e+01 7.186169416866546236e-08
6.831415707853926733e+01 7.174580727121402119e-08
6.835417708854427588e+01 7.163020528303315031e-08
6.839419709854927021e+01 7.151488725379672272e-08
6.843421710855427875e+01 7.139985223721308226e-08
6.847423711855927309e+01 7.128509929100447664e-08
6.851425712856428163e+01 7.117062747688585512e-08
6.855427713856927596e+01 7.105643586054477795e-08
6.859429714857428451e+01 7.094252351162008173e-08
6.863431715857929305e+01 7.082888950368217266e-08
6.867433716858428738e+01 7.071553291421244629e-08
6.871435717858929593e+01 7.060245282458290577e-08
6.875437718859429026e+01 7.048964832003646836e-08
6.879439719859929880e+01 7.037711848966675576e-08
6.883441720860429314e+01 7.026486242639861230e-08
6.887443721860930168e+01 7.015287922696797473e-08
6.891445722861431022e+01 7.004116799190278748e-08
6.895447723861930456e+01 6.992972782550316356e-08
6.899449724862431310e+01 6.981855783582231311e-08
6.903451725862930743e+01 6.970765713464714101e-08
6.907453726863431598e+01 6.959702483747933426e-08
6.911455727863932452e+01 6.948666006351631694e-08
6.915457728864431886e+01 6.937656193563237729e-08
6.919459729864932740e+01 6.926672958035974179e-08
6.923461730865432173e+01 6.915716212787045664e-08
6.927463731865933028e+01 6.904785871195721032e-08
6.931465732866432461e+01 6.893881847001545336e-08
6.935467733866933315e+01 6.883004054302471059e-08
6.939469734867434170e+01 6.872152407553076701e-08
6.943471735867933603e+01 6.861326821562735073e-08
6.947473736868434457e+01 6.850527211493802759e-08
6.951475737868933891e+01 6.839753492859877084e-08
6.955477738869434745e+01 6.829005581523971022e-08
6.959479739869934178e+01 6.818283393696808542e-08
6.963481740870435033e+01 6.807586845934987608e-08
6.967483741870935887e+01 6.796915855139329783e-08
6.971485742871435320e+01 6.786270338553071024e-08
6.975487743871936175e+01 6.775650213760175554e-08
6.979489744872435608e+01 6.765055398683628564e-08
6.983491745872936463e+01 6.754485811583709058e-08
6.987493746873435896e+01 6.743941371056314317e-08
6.991495747873936750e+01 6.733421996031264509e-08
6.995497748874437605e+01 6.722927605770664208e-08
6.999499749874937038e+01 6.712458119867188481e-08
7.003501750875437892e+01 6.702013458242476166e-08
7.007503751875937326e+01 6.691593541145464926e-08
7.011505752876438180e+01 6.681198289150755419e-08
7.015507753876937613e+01 6.670827623156995312e-08
7.019509754877438468e+01 6.660481464385272571e-08
7.023511755877939322e+01 6.650159734377500801e-08
7.027513756878438755e+01 6.639862354994836354e-08
7.031515757878939610e+01 6.629589248416064999e-08
7.035517758879439043e+01 6.619340337136069315e-08
7.039519759879939897e+01 6.609115543964214042e-08
7.043521760880439331e+01 6.598914792022842592e-08
7.047523761880940185e+01 6.588738004745670336e-08
7.051525762881441040e+01 6.578585105876293031e-08
7.055527763881940473e+01 6.568456019466638339e-08
7.059529764882441327e+01 6.558350669875434549e-08
7.063531765882940761e+01 6.548268981766722975e-08
7.067533766883441615e+01 6.538210880108320065e-08
7.071535767883942469e+01 6.528176290170360233e-08
7.075537768884441903e+01 6.518165137523792385e-08
7.079539769884942757e+01 6.508177348038894955e-08
7.083541770885442190e+01 6.498212847883814780e-08
7.087543771885943045e+01 6.488271563523108612e-08
7.091545772886442478e+01 6.478353421716295219e-08
7.095547773886943332e+01 6.468458349516404847e-08
7.099549774887444187e+01 6.458586274268537935e-08
7.103551775887943620e+01 6.448737123608472807e-08
7.107553776888444474e+01 6.438910825461189983e-08
7.111555777888943908e+01 6.429107308039520894e-08
7.115557778889444762e+01 6.419326499842698662e-08
7.119559779889944195e+01 6.409568329654997556e-08
7.123561780890445050e+01 6.399832726544332736e-08
7.127563781890945904e+01 6.390119619860879861e-08
7.131565782891445338e+01 6.380428939235719828e-08
7.135567783891946192e+01 6.370760614579453085e-08
7.139569784892445625e+01 6.361114576080874817e-08
7.143571785892946480e+01 6.351490754205593221e-08
7.147573786893445913e+01 6.341889079694739110e-08
7.151575787893946767e+01 6.332309483563577566e-08
7.155577788894447622e+01 6.322751897100228132e-08
7.159579789894947055e+01 6.313216251864342642e-08
7.163581790895447909e+01 6.303702479685763207e-08
7.167583791895947343e+01 6.294210512663275485e-08
7.171585792896448197e+01 6.284740283163273285e-08
7.175587793896947630e+01 6.275291723818486688e-08
7.179589794897448485e+01 6.265864767526699592e-08
7.183591795897949339e+01 6.256459347449489748e-08
7.187593796898448772e+01 6.247075397010962179e-08
7.191595797898949627e+01 6.237712849896461430e-08
7.195597798899449060e+01 6.228371640051380422e-08
7.199599799899949915e+01 6.219051701679851529e-08
7.203601800900449348e+01 6.209752969243572634e-08
7.207603801900950202e+01 6.200475377460528648e-08
7.211605802901451057e+01 6.191218861303803009e-08
7.215607803901950490e+01 6.181983356000350814e-08
7.219609804902451344e+01 6.172768797029769292e-08
7.223611805902950778e+01 6.163575120123150344e-08
7.227613806903451632e+01 6.154402261261825873e-08
7.231615807903951065e+01 6.145250156676229584e-08
7.235617808904451920e+01 6.136118742844664815e-08
7.239619809904952774e+01 6.127007956492191483e-08
7.243621810905452207e+01 6.117917734589411124e-08
7.247623811905953062e+01 6.108848014351315452e-08
7.251625812906452495e+01 6.099798733236148163e-08
7.255627813906953349e+01 6.090769828944232323e-08
7.259629814907454204e+01 6.081761239416852018e-08
7.263631815907953637e+01 6.072772902835107538e-08
7.267633816908454492e+01 6.063804757618770558e-08
7.271635817908953925e+01 6.054856742425193582e-08
7.275637818909454779e+01 6.045928796148157188e-08
7.279639819909954213e+01 6.037020857916794027e-08
7.283641820910455067e+01 6.028132867094457241e-08
7.287643821910955921e+01 6.019264763277643147e-08
7.291645822911455355e+01 6.010416486294883471e-08
7.295647823911956209e+01 6.001587976205658765e-08
7.299649824912455642e+01 5.992779173299343591e-08
7.303651825912956497e+01 5.983990018094090812e-08
7.307653826913455930e+01 5.975220451335811189e-08
7.311655827913956784e+01 5.966470413997072234e-08
7.315657828914457639e+01 5.957739847276058610e-08
7.319659829914957072e+01 5.949028692595526578e-08
7.323661830915457926e+01 5.940336891601740569e-08
7.327663831915957360e+01 5.931664386163464686e-08
7.331665832916458214e+01 5.923011118370892668e-08
7.335667833916957647e+01 5.914377030534655267e-08
7.339669834917458502e+01 5.905762065184769402e-08
7.343671835917959356e+01 5.897166165069642232e-08
7.347673836918458790e+01 5.888589273155060670e-08
7.351675837918959644e+01 5.880031332623160392e-08
7.355677838919459077e+01 5.871492286871462989e-08
7.359679839919959932e+01 5.862972079511848948e-08
7.363681840920459365e+01 5.854470654369601427e-08
7.367683841920960219e+01 5.845987955482381874e-08
7.371685842921461074e+01 5.837523927099295649e-08
7.375687843921960507e+01 5.829078513679898736e-08
7.379689844922461361e+01 5.820651659893214402e-08
7.383691845922960795e+01 5.812243310616806084e-08
7.387693846923461649e+01 5.803853410935788747e-08
7.391695847923961082e+01 5.795481906141899794e-08
7.395697848924461937e+01 5.787128741732539536e-08
7.399699849924962791e+01 5.778793863409836147e-08
7.403701850925462224e+01 5.770477217079710621e-08
7.407703851925963079e+01 5.762178748850927826e-08
7.411705852926462512e+01 5.753898405034204478e-08
7.415707853926963367e+01 5.745636132141254902e-08
7.419709854927464221e+01 5.737391876883893705e-08
7.423711855927963654e+01 5.729165586173119266e-08
7.427713856928464509e+01 5.720957207118208461e-08
7.431715857928963942e+01 5.712766687025816036e-08
7.435717858929464796e+01 5.704593973399066692e-08
7.439719859929964230e+01 5.696439013936682901e-08
7.443721860930465084e+01 5.688301756532083617e-08
7.447723861930965938e+01 5.680182149272506797e-08
7.451725862931465372e+01 5.672080140438139211e-08
7.455727863931966226e+01 5.663995678501225732e-08
7.459729864932465659e+01 5.655928712125216348e-08
7.463731865932966514e+01 5.647879190163897289e-08
7.467733866933465947e+01 5.639847061660536721e-08
7.471735867933966802e+01 5.631832275847017853e-08
7.475737868934467656e+01 5.623834782143009776e-08
7.479739869934967089e+01 5.615854530155107197e-08
7.483741870935467944e+01 5.607891469675980751e-08
7.487743871935967377e+01 5.599945550683580270e-08
7.491745872936468231e+01 5.592016723340246054e-08
7.495747873936967665e+01 5.584104937991931985e-08
7.499749874937468519e+01 5.576210145167353201e-08
7.503751875937969373e+01 5.568332295577178765e-08
7.507753876938468807e+01 5.560471340113223679e-08
7.511755877938969661e+01 5.552627229847616406e-08
7.515757878939469094e+01 5.544799916032017349e-08
7.519759879939969949e+01 5.536989350096797631e-08
7.523761880940469382e+01 5.529195483650266835e-08
7.527763881940970236e+01 5.521418268477851118e-08
7.531765882941471091e+01 5.513657656541324927e-08
7.535767883941970524e+01 5.505913599978026169e-08
7.539769884942471379e+01 5.498186051100052852e-08
7.543771885942970812e+01 5.490474962393517964e-08
7.547773886943471666e+01 5.482780286517756039e-08
7.551775887943971100e+01 5.475101976304565459e-08
7.555777888944471954e+01 5.467439984757433553e-08
7.559779889944972808e+01 5.459794265050788825e-08
7.563781890945472242e+01 5.452164770529237300e-08
7.567783891945973096e+01 5.444551454706815417e-08
7.571785892946472529e+01 5.436954271266228357e-08
7.575787893946973384e+01 5.429373174058126760e-08
7.579789894947472817e+01 5.421808117100351011e-08
7.583791895947973671e+01 5.414259054577189426e-08
7.587793896948474526e+01 5.406725940838669521e-08
7.591795897948973959e+01 5.399208730399804286e-08
7.595797898949474813e+01 5.391707377939876180e-08
7.599799899949974247e+01 5.384221838301723106e-08
7.603801900950475101e+01 5.376752066491004536e-08
7.607803901950975956e+01 5.369298017675507343e-08
7.611805902951475389e+01 5.361859647184411925e-08
7.615807903951976243e+01 5.354436910507608623e-08
7.619809904952475677e+01 5.347029763294981054e-08
7.623811905952976531e+01 5.339638161355705319e-08
7.627813906953475964e+01 5.332262060657571720e-08
7.631815907953976819e+01 5.324901417326265439e-08
7.635817908954477673e+01 5.317556187644702151e-08
7.639819909954977106e+01 5.310226328052333188e-08
7.643821910955477961e+01 5.302911795144458653e-08
7.647823911955977394e+01 5.295612545671563684e-08
7.651825912956478248e+01 5.288328536538623629e-08
7.655827913956977682e+01 5.281059724804460165e-08
7.659829914957478536e+01 5.273806067681043157e-08
7.663831915957979390e+01 5.266567522532853399e-08
7.667833916958478824e+01 5.259344046876206975e-08
7.671835917958979678e+01 5.252135598378600128e-08
7.675837918959479111e+01 5.244942134858055459e-08
7.679839919959979966e+01 5.237763614282474078e-08
7.683841920960479399e+01 5.230599994768983788e-08
7.687843921960980254e+01 5.223451234583303807e-08
7.691845922961481108e+01 5.216317292139090966e-08
7.695847923961980541e+01 5.209198125997315022e-08
7.699849924962481396e+01 5.202093694865616767e-08
7.703851925962980829e+01 5.195003957597673414e-08
7.707853926963481683e+01 5.187928873192583174e-08
7.711855927963981117e+01 5.180868400794232628e-08
7.715857928964481971e+01 5.173822499690677338e-08
7.719859929964982825e+01 5.166791129313513845e-08
7.723861930965482259e+01 5.159774249237290722e-08
7.727863931965983113e+01 5.152771819178859401e-08
7.731865932966482546e+01 5.145783798996800440e-08
7.735867933966983401e+01 5.138810148690789571e-08
7.739869934967482834e+01 5.131850828401021321e-08
7.743871935967983688e+01 5.124905798407584327e-08
7.747873936968484543e+01 5.117975019129880324e-08
7.751875937968983976e+01 5.111058451126031218e-08
7.755877938969484831e+01 5.104156055092270948e-08
7.759879939969984264e+01 5.097267791862377045e-08
7.763881940970485118e+01 5.090393622407079693e-08
7.767883941970985973e+01 5.083533507833474103e-08
7.771885942971485406e+01 5.076687409384456704e-08
7.775887943971986260e+01 5.069855288438121635e-08
7.779889944972485694e+01 5.063037106507222079e-08
7.783891945972986548e+01 5.056232825238570069e-08
7.787893946973485981e+01 5.049442406412487234e-08
7.791895947973986836e+01 5.042665811942229082e-08
7.795897948974487690e+01 5.035903003873440388e-08
7.799899949974987123e+01 5.029153944383572853e-08
7.803901950975487978e+01 5.022418595781344466e-08
7.807903951975987411e+01 5.015696920506184955e-08
7.811905952976488265e+01 5.008988881127675955e-08
7.815907953976987699e+01 5.002294440345014996e-08
7.819909954977488553e+01 4.995613560986464927e-08
7.823911955977989408e+01 4.988946206008805335e-08
7.827913956978488841e+01 4.982292338496805131e-08
7.831915957978989695e+01 4.975651921662677274e-08
7.835917958979489129e+01 4.969024918845549377e-08
7.839919959979989983e+01 4.962411293510913131e-08
7.843921960980489416e+01 4.955811009250135942e-08
7.847923961980990271e+01 4.949224029779886535e-08
7.851925962981491125e+01 4.942650318941647911e-08
7.855927963981990558e+01 4.936089840701173390e-08
7.859929964982491413e+01 4.929542559147978397e-08
7.863931965982990846e+01 4.923008438494824294e-08
7.867933966983491700e+01 4.916487443077198255e-08
7.871935967983991134e+01 4.909979537352812984e-08
7.875937968984491988e+01 4.903484685901081954e-08
7.879939969984992842e+01 4.897002853422627065e-08
7.883941970985492276e+01 4.890534004738775722e-08
7.887943971985993130e+01 4.884078104791041364e-08
7.891945972986492563e+01 4.877635118640656936e-08
7.895947973986993418e+01 4.871205011468034238e-08
7.899949974987492851e+01 4.864787748572317257e-08
7.903951975987993706e+01 4.858383295370857395e-08
7.907953976988494560e+01 4.851991617398739663e-08
7.911955977988993993e+01 4.845612680308296300e-08
7.915957978989494848e+01 4.839246449868605171e-08
7.919959979989994281e+01 4.832892891965033158e-08
7.923961980990495135e+01 4.826551972598734567e-08
7.927963981990994569e+01 4.820223657886200469e-08
7.931965982991495423e+01 4.813907914058745859e-08
7.935967983991996277e+01 4.807604707462071572e-08
7.939969984992495711e+01 4.801314004555782538e-08
7.943971985992996565e+01 4.795035771912900738e-08
7.947973986993495998e+01 4.788769976219441022e-08
7.951975987993996853e+01 4.782516584273900911e-08
7.955977988994497707e+01 4.776275562986838395e-08
7.959979989994997140e+01 4.770046879380386881e-08
7.963981990995497995e+01 4.763830500587806530e-08
7.967983991995997428e+01 4.757626393853037575e-08
7.971985992996498283e+01 4.751434526530237103e-08
7.975987993996997716e+01 4.745254866083329731e-08
7.979989994997498570e+01 4.739087380085572839e-08
7.983991995997999425e+01 4.732932036219087392e-08
7.987993996998498858e+01 4.726788802274439718e-08
7.991995997998999712e+01 4.720657646150178291e-08
7.995997998999499146e+01 4.714538535852408220e-08
8.000000000000000000e+01 4.708431439494342597e-08
