0.000000000000000000e+00 1.039788734764483292e-04
4.002001000500250011e-02 1.045327393527468670e-04
8.004002001000500022e-02 1.050912372994812537e-04
1.200600300150075073e-01 1.056544207369653567e-04
1.600800400200100004e-01 1.062223438751414023e-04
2.001000500250124936e-01 1.067950617278550017e-04
2.401200600300150145e-01 1.073726301274366266e-04
2.801400700350175077e-01 1.079551057395953352e-04
3.201600800400200009e-01 1.085425460786343838e-04
3.601800900450224940e-01 1.091350095229952035e-04
4.002001000500249872e-01 1.097325553311385494e-04
4.402201100550274804e-01 1.103352436577718492e-04
4.802401200600300291e-01 1.109431355704302056e-04
5.202601300650324667e-01 1.115562930664211748e-04
5.602801400700350154e-01 1.121747790901419015e-04
6.003001500750374531e-01 1.127986575507781768e-04
6.403201600800400017e-01 1.134279933403954091e-04
6.803401700850425504e-01 1.140628523524309790e-04
7.203601800900449881e-01 1.147033015005992292e-04
7.603801900950475368e-01 1.153494087382186148e-04
8.004002001000499744e-01 1.160012430779729412e-04
8.404202101050525231e-01 1.166588746121169221e-04
8.804402201100549608e-01 1.173223745331389176e-04
9.204602301150575094e-01 1.179918151548916281e-04
9.604802401200600581e-01 1.186672699342032524e-04
1.000500250125062607e+00 1.193488134929829607e-04
1.040520260130064933e+00 1.200365216408311848e-04
1.080540270135067482e+00 1.207304713981715465e-04
1.120560280140070031e+00 1.214307410199146542e-04
1.160580290145072579e+00 1.221374100196707490e-04
1.200600300150074906e+00 1.228505591945250265e-04
1.240620310155077455e+00 1.235702706503897792e-04
1.280640320160080003e+00 1.242966278279501410e-04
1.320660330165082552e+00 1.250297155292198032e-04
1.360680340170085101e+00 1.257696199447211772e-04
1.400700350175087427e+00 1.265164286813098436e-04
1.440720360180089976e+00 1.272702307906582514e-04
1.480740370185092525e+00 1.280311167984196175e-04
1.520760380190095074e+00 1.287991787340872886e-04
1.560780390195097400e+00 1.295745101615719530e-04
1.600800400200099949e+00 1.303572062105154590e-04
1.640820410205102498e+00 1.311473636083611359e-04
1.680840420210105046e+00 1.319450807132022195e-04
1.720860430215107595e+00 1.327504575474313406e-04
1.760880440220109922e+00 1.335635958322112422e-04
1.800900450225112470e+00 1.343845990227930990e-04
1.840920460230115019e+00 1.352135723447029844e-04
1.880940470235117568e+00 1.360506228308243771e-04
1.920960480240120116e+00 1.368958593594003141e-04
1.960980490245122443e+00 1.377493926929824596e-04
2.001000500250125214e+00 1.386113355183544375e-04
2.041020510255127540e+00 1.394818024874570482e-04
2.081040520260129867e+00 1.403609102593446703e-04
2.121060530265132638e+00 1.412487775432038001e-04
2.161080540270134964e+00 1.421455251424630860e-04
2.201100550275137291e+00 1.430512760000289801e-04
2.241120560280140062e+00 1.439661552446780716e-04
2.281140570285142388e+00 1.448902902386426392e-04
2.321160580290145159e+00 1.458238106264221374e-04
2.361180590295147486e+00 1.467668483848608683e-04
2.401200600300149812e+00 1.477195378745254771e-04
2.441220610305152583e+00 1.486820158924254478e-04
2.481240620310154910e+00 1.496544217261140328e-04
2.521260630315157680e+00 1.506368972092133631e-04
2.561280640320160007e+00 1.516295867784069452e-04
2.601300650325162334e+00 1.526326375319428039e-04
2.641320660330165104e+00 1.536461992896957611e-04
2.681340670335167431e+00 1.546704246548360432e-04
2.721360680340170202e+00 1.557054690771531111e-04
2.761380690345172528e+00 1.567514909180870017e-04
2.801400700350174855e+00 1.578086515175218757e-04
2.841420710355177626e+00 1.588771152623928956e-04
2.881440720360179952e+00 1.599570496571682836e-04
2.921460730365182723e+00 1.610486253962625618e-04
2.961480740370185050e+00 1.621520164384434497e-04
3.001500750375187376e+00 1.632674000832955478e-04
3.041520760380190147e+00 1.643949570498071599e-04
3.081540770385192474e+00 1.655348715571488302e-04
3.121560780390194800e+00 1.666873314077113848e-04
3.161580790395197571e+00 1.678525280724811879e-04
3.201600800400199898e+00 1.690306567788260942e-04
3.241620810405202668e+00 1.702219166007698081e-04
3.281640820410204995e+00 1.714265105518392987e-04
3.321660830415207322e+00 1.726446456805680221e-04
3.361680840420210092e+00 1.738765331687430965e-04
3.401700850425212419e+00 1.751223884324888322e-04
3.441720860430215190e+00 1.763824312262795581e-04
3.481740870435217516e+00 1.776568857499819540e-04
3.521760880440219843e+00 1.789459807590274194e-04
3.561780890445222614e+00 1.802499496778220607e-04
3.601800900450224940e+00 1.815690307165016037e-04
3.641820910455227711e+00 1.829034669911498994e-04
3.681840920460230038e+00 1.842535066475946455e-04
3.721860930465232364e+00 1.856194029889085052e-04
3.761880940470235135e+00 1.870014146067399525e-04
3.801900950475237462e+00 1.883998055166099400e-04
3.841920960480240232e+00 1.898148452973113501e-04
3.881940970485242559e+00 1.912468092345557267e-04
3.921960980490244886e+00 1.926959784690176667e-04
3.961980990495247656e+00 1.941626401489309633e-04
4.002001000500250427e+00 1.956470875874011099e-04
4.042021010505252754e+00 1.971496204246002914e-04
4.082041020510255080e+00 1.986705447950222123e-04
4.122061030515257407e+00 2.002101734999791227e-04
4.162081040520259734e+00 2.017688261855290718e-04
4.202101050525262949e+00 2.033468295260355363e-04
4.242121060530265275e+00 2.049445174135616841e-04
4.282141070535267602e+00 2.065622311533158405e-04
4.322161080540269928e+00 2.082003196653729401e-04
4.362181090545272255e+00 2.098591396929026830e-04
4.402201100550274582e+00 2.115390560171498033e-04
4.442221110555277797e+00 2.132404416794186637e-04
4.482241120560280123e+00 2.149636782103262866e-04
4.522261130565282450e+00 2.167091558666006201e-04
4.562281140570284776e+00 2.184772738757096160e-04
4.602301150575287103e+00 2.202684406886225830e-04
4.642321160580290318e+00 2.220830742410161477e-04
4.682341170585292645e+00 2.239216022232513284e-04
4.722361180590294971e+00 2.257844623594625164e-04
4.762381190595297298e+00 2.276721026961159593e-04
4.802401200600299624e+00 2.295849819004067832e-04
4.842421210605302839e+00 2.315235695688866284e-04
4.882441220610305166e+00 2.334883465467244880e-04
4.922461230615307493e+00 2.354798052580274947e-04
4.962481240620309819e+00 2.374984500476638174e-04
5.002501250625312146e+00 2.395447975350523855e-04
5.042521260630315361e+00 2.416193769804032387e-04
5.082541270635317687e+00 2.437227306639170742e-04
5.122561280640320014e+00 2.458554142784748708e-04
5.162581290645322341e+00 2.480179973363716450e-04
5.202601300650324667e+00 2.502110635906784793e-04
5.242621310655327882e+00 2.524352114718394612e-04
5.282641320660330209e+00 2.546910545401434838e-04
5.322661330665332535e+00 2.569792219547373659e-04
5.362681340670334862e+00 2.593003589598830453e-04
5.402701350675337189e+00 2.616551273891890559e-04
5.442721360680340403e+00 2.640442061885905694e-04
5.482741370685342730e+00 2.664682919588801514e-04
5.522761380690345057e+00 2.689280995186400574e-04
5.562781390695347383e+00 2.714243624884610500e-04
5.602801400700349710e+00 2.739578338973828607e-04
5.642821410705352925e+00 2.765292868125313747e-04
5.682841420710355251e+00 2.791395149929831797e-04
5.722861430715357578e+00 2.817893335689364786e-04
5.762881440720359905e+00 2.844795797473207051e-04
5.802901450725362231e+00 2.872111135450390921e-04
5.842921460730365446e+00 2.899848185510961202e-04
5.882941470735367773e+00 2.928016027189269364e-04
5.922961480740370099e+00 2.956623991903157070e-04
5.962981490745372426e+00 2.985681671523640309e-04
6.003001500750374753e+00 3.015198927290368915e-04
6.043021510755377079e+00 3.045185899089125040e-04
6.083041520760380294e+00 3.075653015108281187e-04
6.123061530765382621e+00 3.106611001892238869e-04
6.163081540770384947e+00 3.138070894810683739e-04
6.203101550775387274e+00 3.170044048963597291e-04
6.243121560780389601e+00 3.202542150543037517e-04
6.283141570785392815e+00 3.235577228673832805e-04
6.323161580790395142e+00 3.269161667756587792e-04
6.363181590795397469e+00 3.303308220337675973e-04
6.403201600800399795e+00 3.338030020532242650e-04
6.443221610805402122e+00 3.373340598027810603e-04
6.483241620810405337e+00 3.409253892697503376e-04
6.523261630815407663e+00 3.445784269853691606e-04
6.563281640820409990e+00 3.482946536174502802e-04
6.603301650825412317e+00 3.520755956337622353e-04
6.643321660830414643e+00 3.559228270397776978e-04
6.683341670835417858e+00 3.598379711946330197e-04
6.723361680840420185e+00 3.638227027093890236e-04
6.763381690845422511e+00 3.678787494319030681e-04
6.803401700850424838e+00 3.720078945228935739e-04
6.843421710855427165e+00 3.762119786280530994e-04
6.883441720860430380e+00 3.804929021513508720e-04
6.923461730865432706e+00 3.848526276349932204e-04
6.963481740870435033e+00 3.892931822518311681e-04
7.003501750875437359e+00 3.938166604163760576e-04
7.043521760880439686e+00 3.984252265209568800e-04
7.083541770885442901e+00 4.031211178039705088e-04
7.123561780890445227e+00 4.079066473576110734e-04
7.163581790895447554e+00 4.127842072829365533e-04
7.203601800900449881e+00 4.177562720006350989e-04
7.243621810905452207e+00 4.228254017263897210e-04
7.283641820910455422e+00 4.279942461203250299e-04
7.323661830915457749e+00 4.332655481206360709e-04
7.363681840920460075e+00 4.386421479721716718e-04
7.403701850925462402e+00 4.441269874614547095e-04
7.443721860930464729e+00 4.497231143703991278e-04
7.483741870935467944e+00 4.554336871618065025e-04
7.523761880940470270e+00 4.612619799106194179e-04
7.563781890945472597e+00 4.672113874958663230e-04
7.603801900950474923e+00 4.732854310692656162e-04
7.643821910955477250e+00 4.794877638175745770e-04
7.683841920960480465e+00 4.858221770369586722e-04
7.723861930965482792e+00 4.922926065389688667e-04
7.763881940970485118e+00 4.989031394090951387e-04
7.803901950975487445e+00 5.056580211403888941e-04
7.843921960980489771e+00 5.125616631662707322e-04
7.883941970985492098e+00 5.196186508184164228e-04
7.923961980990495313e+00 5.268337517375093612e-04
7.963981990995497640e+00 5.342119247667368592e-04
8.004002001000500854e+00 5.417583293601343662e-04
8.044022011005502293e+00 5.494783355403235533e-04
8.084042021010505508e+00 5.573775344428265419e-04
8.124062031015506946e+00 5.654617494869999816e-04
8.164082041020510161e+00 5.737370482167563788e-04
8.204102051025513376e+00 5.822097548576172588e-04
8.244122061030514814e+00 5.908864636403265373e-04
8.284142071035518029e+00 5.997740529452754094e-04
8.324162081040519467e+00 6.088797003263441126e-04
8.364182091045522682e+00 6.182108984775545142e-04
8.404202101050525897e+00 6.277754722111087695e-04
8.444222111055527336e+00 6.375815965210966446e-04
8.484242121060530550e+00 6.476378158133486856e-04
8.524262131065531989e+00 6.579530643887130780e-04
8.564282141070535204e+00 6.685366882744936705e-04
8.604302151075536642e+00 6.793984685069104617e-04
8.644322161080539857e+00 6.905486459764270018e-04
8.684342171085543072e+00 7.019979479575786394e-04
8.724362181090544510e+00 7.137576164557356100e-04
8.764382191095547725e+00 7.258394385151143444e-04
8.804402201100549163e+00 7.382557786453790207e-04
8.844422211105552378e+00 7.510196135386081702e-04
8.884442221110555593e+00 7.641445692642196601e-04
8.924462231115557032e+00 7.776449611470241359e-04
8.964482241120560246e+00 7.915358365528839344e-04
9.004502251125561685e+00 8.058330208279008674e-04
9.044522261130564900e+00 8.205531666607605119e-04
9.084542271135568114e+00 8.357138071641291273e-04
9.124562281140569553e+00 8.513334130001997020e-04
9.164582291145572768e+00 8.674314539078445754e-04
9.204602301150574206e+00 8.840284650248904754e-04
9.244622311155577421e+00 9.011461184391674579e-04
9.284642321160580636e+00 9.188073004466653770e-04
9.324662331165582074e+00 9.370361950451059664e-04
9.364682341170585289e+00 9.558583742469895948e-04
9.404702351175586728e+00 9.753008958585867661e-04
9.444722361180589942e+00 9.953924094413077895e-04
9.484742371185593157e+00 1.016163271250270991e-03
9.524762381190594596e+00 1.037645669033069630e-03
9.564782391195597810e+00 1.059873757670782039e-03
9.604802401200599249e+00 1.082883806754976388e-03
9.644822411205602464e+00 1.106714361320388067e-03
9.684842421210605679e+00 1.131406417095202075e-03
9.724862431215607117e+00 1.157003611791930031e-03
9.764882441220610332e+00 1.183552434144236011e-03
9.804902451225611770e+00 1.211102452602179401e-03
9.844922461230614985e+00 1.239706565833726586e-03
9.884942471235618200e+00 1.269421277448446990e-03
9.924962481240619638e+00 1.300306997665154904e-03
9.964982491245622853e+00 1.332428374994639808e-03
1.000500250125062429e+01 1.365854661408716537e-03
1.004502251125562751e+01 1.400660114925679186e-03
1.008504252126063072e+01 1.436924444069433799e-03
1.012506253126563216e+01 1.474733299266751778e-03
1.016508254127063537e+01 1.514178816947424344e-03
1.020510255127563681e+01 1.555360222921829639e-03
1.024512256128064003e+01 1.598384502548643978e-03
1.028514257128564324e+01 1.643367146294627632e-03
1.032516258129064468e+01 1.690432980556229921e-03
1.036518259129564790e+01 1.739717095091439496e-03
1.040520260130064933e+01 1.791365880139367912e-03
1.044522261130565255e+01 1.845538188331968159e-03
1.048524262131065576e+01 1.902406638884030030e-03
1.052526263131565720e+01 1.962159084354285921e-03
1.056528264132066042e+01 2.025000263586358793e-03
1.060530265132566186e+01 2.091153668367165541e-03
1.064532266133066507e+01 2.160863656009172178e-03
1.068534267133566829e+01 2.234397845627129030e-03
1.072536268134066972e+01 2.312049842532944936e-03
1.076538269134567294e+01 2.394142343151744144e-03
1.080540270135067438e+01 2.481030682465364991e-03
1.084542271135567759e+01 2.573106897586564887e-03
1.088544272136068081e+01 2.670804395122093177e-03
1.092546273136568225e+01 2.774603327080737546e-03
1.096548274137068546e+01 2.885036800962077590e-03
1.100550275137568690e+01 3.002698075262353900e-03
1.104552276138069011e+01 3.128248923154749398e-03
1.108554277138569333e+01 3.262429386079420887e-03
1.112556278139069477e+01 3.406069187397937729e-03
1.116558279139569798e+01 3.560101136696878620e-03
1.120560280140069942e+01 3.725576931117884159e-03
1.124562281140570263e+01 3.903685855640269195e-03
1.128564282141070585e+01 4.095777005342563296e-03
1.132566283141570729e+01 4.303385807016201978e-03
1.136568284142071050e+01 4.528265815377547666e-03
1.140570285142571194e+01 4.772427014356407649e-03
1.144572286143071516e+01 5.038182185274206991e-03
1.148574287143571837e+01 5.328203336753111613e-03
1.152576288144071981e+01 5.645590761134466895e-03
1.156578289144572302e+01 5.993958037883508581e-03
1.160580290145072446e+01 6.377537314279536386e-03
1.164582291145572768e+01 6.801310554152901165e-03
1.168584292146073089e+01 7.271174294082164910e-03
1.172586293146573233e+01 7.794147981267394998e-03
1.176588294147073555e+01 8.378639476067218858e-03
1.180590295147573698e+01 9.034786207880547357e-03
1.184592296148074020e+01 9.774897404108173413e-03
1.188594297148574341e+01 1.061403271284660707e-02
1.192596298149074485e+01 1.157076684709435269e-02
1.196598299149574807e+01 1.266821080223063181e-02
1.200600300150074951e+01 1.393539118290270003e-02
1.204602301150575272e+01 1.540913564783297045e-02
1.208604302151075416e+01 1.713668309116934962e-02
1.212606303151575737e+01 1.917934584277042678e-02
1.216608304152076059e+01 2.161772042058416124e-02
1.220610305152576203e+01 2.455920972304228775e-02
1.224612306153076524e+01 2.814904159448368068e-02
1.228614307153576668e+01 3.258663740961961069e-02
1.232616308154076989e+01 3.815022918805417718e-02
1.236618309154577311e+01 4.523418497289370677e-02
1.240620310155077455e+01 5.440555612445542588e-02
1.244622311155577776e+01 6.648799961695767147e-02
1.248624312156077920e+01 8.267806167171115606e-02
1.252626313156578242e+01 1.046743145322070606e-01
1.256628314157078563e+01 1.347000073631219319e-01
1.260630315157578707e+01 1.749812369255745181e-01
1.264632316158079028e+01 2.255169090790642150e-01
1.268634317158579172e+01 2.786648977169898234e-01
1.272636318159079494e+01 3.142944163155102499e-01
1.276638319159579815e+01 3.112501581544490081e-01
1.280640320160079959e+01 2.723618418998199897e-01
1.284642321160580281e+01 2.207264225016812298e-01
1.288644322161080424e+01 1.744634777100853851e-01
1.292646323161580746e+01 1.395010434279906619e-01
1.296648324162081067e+01 1.154139330436260019e-01
1.300650325162581211e+01 1.001390341434516412e-01
1.304652326163081533e+01 9.141773492595287043e-02
1.308654327163581677e+01 8.643329267148966433e-02
1.312656328164081998e+01 8.139799431687637365e-02
1.316658329164582319e+01 7.339894244982991811e-02
1.320660330165082463e+01 6.298437500102388453e-02
1.324662331165582785e+01 5.265723348414964172e-02
1.328664332166082929e+01 4.399450150235546808e-02
1.332666333166583250e+01 3.727091691744908314e-02
1.336668334167083572e+01 3.220039178285450526e-02
1.340670335167583715e+01 2.841218206655692080e-02
1.344672336168084037e+01 2.560420170993253641e-02
1.348674337168584181e+01 2.356366759591118840e-02
1.352676338169084502e+01 2.215368505077577183e-02
1.356678339169584824e+01 2.129802134747095163e-02
1.360680340170084968e+01 2.097199114740488229e-02
1.364682341170585289e+01 2.120077101764774111e-02
1.368684342171085433e+01 2.206534781703771084e-02
1.372686343171585754e+01 2.371597701514320533e-02
1.376688344172086076e+01 2.638996018971985838e-02
1.380690345172586220e+01 3.041668866054370035e-02
1.384692346173086541e+01 3.614691558310632880e-02
1.388694347173586685e+01 4.363276672963199709e-02
1.392696348174087007e+01 5.180602738885488334e-02
1.396698349174587328e+01 5.759475337850156890e-02
1.400700350175087472e+01 5.739056241662121582e-02
1.404702351175587793e+01 5.114243086578056791e-02
1.408704352176087937e+01 4.241888787363479879e-02
1.412706353176588259e+01 3.431790646573841530e-02
1.416708354177088580e+01 2.792831911668409994e-02
1.420710355177588724e+01 2.319608147350455535e-02
1.424712356178089045e+01 1.975535397619488862e-02
1.428714357178589189e+01 1.725485447848992826e-02
1.432716358179089511e+01 1.542975244365906058e-02
1.436718359179589832e+01 1.409509199066758499e-02
1.440720360180089976e+01 1.312488689623407360e-02
1.444722361180590298e+01 1.243391313841143639e-02
1.448724362181090441e+01 1.196475224084631202e-02
1.452726363181590763e+01 1.167918039085807241e-02
1.456728364182091084e+01 1.155261367768176985e-02
1.460730365182591228e+01 1.157060918341318995e-02
1.464732366183091550e+01 1.172675636200116306e-02
1.468734367183591694e+01 1.202154916946078164e-02
1.472736368184092015e+01 1.246200948916896013e-02
1.476738369184592337e+01 1.306196254801614970e-02
1.480740370185092480e+01 1.384297047421416058e-02
1.484742371185592802e+01 1.483603285198787855e-02
1.488744372186092946e+01 1.608428475041832548e-02
1.492746373186593267e+01 1.764708930431336739e-02
1.496748374187093589e+01 1.960616987719534035e-02
1.500750375187593733e+01 2.207480999809451061e-02
1.504752376188094054e+01 2.521174502479223839e-02
1.508754377188594198e+01 2.924227094908288943e-02
1.512756378189094519e+01 3.449033958187266991e-02
1.516758379189594841e+01 4.142665818646012327e-02
1.520760380190094985e+01 5.073717495337502076e-02
1.524762381190595306e+01 6.340635444495863748e-02
1.528764382191095450e+01 8.076500963574954894e-02
1.532766383191595772e+01 1.043006893091271009e-01
1.536768384192096093e+01 1.346380406060629087e-01
1.540770385192596237e+01 1.686597189070936365e-01
1.544772386193096558e+01 1.956025966171413555e-01
1.548774387193596702e+01 2.004921286510996936e-01
1.552776388194097024e+01 1.799613289885411138e-01
1.556778389194597167e+01 1.467899525825001605e-01
1.560780390195097489e+01 1.144279890699950036e-01
1.564782391195597810e+01 8.839992316660827409e-02
1.568784392196097954e+01 6.897370037785645336e-02
1.572786393196598276e+01 5.478091862254062805e-02
1.576788394197098420e+01 4.438797158707544210e-02
1.580790395197598741e+01 3.668623256807207467e-02
1.584792396198099063e+01 3.089246087185887682e-02
1.588794397198599206e+01 2.646802033362639223e-02
1.592796398199099528e+01 2.304330006862888650e-02
1.596798399199599672e+01 2.036262822059209734e-02
1.600800400200100171e+01 1.824707492398076197e-02
1.604802401200600315e+01 1.656994011048159438e-02
1.608804402201100459e+01 1.524066714587063442e-02
1.612806403201600602e+01 1.419424952753207091e-02
1.616808404202101102e+01 1.338422814300572333e-02
1.620810405202601245e+01 1.277807412882574038e-02
1.624812406203101389e+01 1.235420531588166809e-02
1.628814407203601888e+01 1.210017875546661771e-02
1.632816408204102032e+01 1.201180073893508976e-02
1.636818409204602176e+01 1.209304239581155196e-02
1.640820410205102675e+01 1.235677489854923768e-02
1.644822411205602819e+01 1.282647021903437004e-02
1.648824412206102963e+01 1.353917916720791086e-02
1.652826413206603107e+01 1.455033216122621903e-02
1.656828414207103606e+01 1.594125136199879902e-02
1.660830415207603750e+01 1.783074933711853091e-02
1.664832416208103893e+01 2.039276623062949781e-02
1.668834417208604393e+01 2.388221505845001744e-02
1.672836418209104536e+01 2.866913449985880949e-02
1.676838419209604680e+01 3.527003046669954095e-02
1.680840420210105179e+01 4.432398877707986046e-02
1.684842421210605323e+01 5.634319472581410249e-02
1.688844422211105467e+01 7.086932611811852523e-02
1.692846423211605611e+01 8.492922252177233233e-02
1.696848424212106110e+01 9.290852271269578466e-02
1.700850425212606254e+01 9.108685734694897673e-02
1.704852426213106398e+01 8.132959890896399036e-02
1.708854427213606897e+01 6.787034783601496313e-02
1.712856428214107041e+01 5.427912597261199540e-02
1.716858429214607185e+01 4.270494683680963605e-02
1.720860430215107328e+01 3.373624364132264686e-02
1.724862431215607828e+01 2.705525873943234391e-02
1.728864432216107971e+01 2.211411697736666640e-02
1.732866433216608115e+01 1.842890568456932721e-02
1.736868434217108614e+01 1.563969127130251241e-02
1.740870435217608758e+01 1.349363048822142808e-02
1.744872436218108902e+01 1.181562854651283315e-02
1.748874437218609401e+01 1.048396933371076485e-02
1.752876438219109545e+01 9.413061002958147960e-03
1.756878439219609689e+01 8.541834496784101588e-03
1.760880440220109833e+01 7.826049884952689106e-03
1.764882441220610332e+01 7.233182783782582566e-03
1.768884442221110476e+01 6.738993439022982444e-03
1.772886443221610620e+01 6.325195899769908356e-03
1.776888444222111119e+01 5.977853281131768025e-03
1.780890445222611262e+01 5.686258581071176876e-03
1.784892446223111406e+01 5.442145164273047217e-03
1.788894447223611905e+01 5.239124886586156438e-03
1.792896448224112049e+01 5.072286453121914625e-03
1.796898449224612193e+01 4.937909196174782023e-03
1.800900450225112337e+01 4.833262518854928268e-03
1.804902451225612836e+01 4.756471603744528293e-03
1.808904452226112980e+01 4.706437457244371653e-03
1.812906453226613124e+01 4.682805186994411228e-03
1.816908454227113623e+01 4.685979513484026839e-03
1.820910455227613767e+01 4.717191698572050819e-03
1.824912456228113911e+01 4.778628181785760966e-03
1.828914457228614410e+01 4.873639331356879358e-03
1.832916458229114554e+01 5.007058402307449502e-03
1.836918459229614697e+01 5.185678456190742289e-03
1.840920460230114841e+01 5.418962441274816424e-03
1.844922461230615340e+01 5.720104824623721031e-03
1.848924462231115484e+01 6.107631002956108966e-03
1.852926463231615628e+01 6.607824565620108899e-03
1.856928464232116127e+01 7.258419566831235924e-03
1.860930465232616271e+01 8.114157670496188399e-03
1.864932466233116415e+01 9.254809615035988410e-03
1.868934467233616914e+01 1.079536564734250546e-02
1.872936468234117058e+01 1.289376616198373120e-02
1.876938469234617202e+01 1.573619625592607985e-02
1.880940470235117346e+01 1.943786027539844141e-02
1.884942471235617845e+01 2.373506836274824616e-02
1.888944472236117988e+01 2.748198351070439346e-02
1.892946473236618132e+01 2.880153858338921000e-02
1.896948474237118631e+01 2.688508944149983412e-02
1.900950475237618775e+01 2.306775090289708841e-02
1.904952476238118919e+01 1.913866784803781168e-02
1.908954477238619418e+01 1.595659003788996513e-02
1.912956478239119562e+01 1.363400311924943542e-02
1.916958479239619706e+01 1.202000263663533831e-02
1.920960480240119850e+01 1.093604573518131354e-02
1.924962481240620349e+01 1.024128199517861972e-02
1.928964482241120493e+01 9.837324206511588801e-03
1.932966483241620637e+01 9.659010637836817209e-03
1.936968484242121136e+01 9.664924279218356853e-03
1.940970485242621280e+01 9.830450867040383192e-03
1.944972486243121423e+01 1.014326452313122490e-02
1.948974487243621923e+01 1.060063920448077283e-02
1.952976488244122066e+01 1.120808351721619411e-02
1.956978489244622210e+01 1.197898682252399732e-02
1.960980490245122354e+01 1.293513621240021533e-02
1.964982491245622853e+01 1.410811201014019155e-02
1.968984492246122997e+01 1.554171482685396191e-02
1.972986493246623141e+01 1.729574859766235678e-02
1.976988494247123640e+01 1.945171831401894952e-02
1.980990495247623784e+01 2.212134994600416585e-02
1.984992496248123928e+01 2.545937854746175774e-02
1.988994497248624427e+01 2.968288306407848576e-02
1.992996498249124571e+01 3.510068433910118468e-02
1.996998499249624714e+01 4.215794533675912281e-02
2.001000500250124858e+01 5.150239184635178880e-02
2.005002501250625357e+01 6.407599752963824558e-02
2.009004502251125501e+01 8.121636276169162671e-02
2.013006503251625645e+01 1.046723146767303270e-01
2.017008504252126144e+01 1.361844213377290391e-01
2.021010505252626288e+01 1.757057141402601774e-01
2.025012506253126432e+01 2.171058326571960739e-01
2.029014507253626931e+01 2.443921557930301691e-01
2.033016508254127075e+01 2.409165413561354385e-01
2.037018509254627219e+01 2.090602601220810375e-01
2.041020510255127363e+01 1.670124275788902324e-01
2.045022511255627862e+01 1.288612887497357917e-01
2.049024512256128006e+01 9.904303389540365654e-02
2.053026513256628149e+01 7.697937176732490283e-02
2.057028514257128649e+01 6.084709558375353544e-02
2.061030515257628792e+01 4.896976585031576762e-02
2.065032516258128936e+01 4.009678872665863036e-02
2.069034517258629080e+01 3.335416107838840710e-02
2.073036518259129579e+01 2.814140775662641453e-02
2.077038519259629723e+01 2.404488550034750149e-02
2.081040520260129867e+01 2.077645253847504661e-02
2.085042521260630366e+01 1.813242209086086618e-02
2.089044522261130510e+01 1.596651304527854989e-02
2.093046523261630654e+01 1.417199936093855965e-02
2.097048524262131153e+01 1.266982149528253672e-02
2.101050525262631297e+01 1.140056722211124640e-02
2.105052526263131440e+01 1.031898520761340317e-02
2.109054527263631584e+01 9.390176357516341263e-03
2.113056528264132083e+01 8.586911621364179750e-03
2.117058529264632227e+01 7.887716718308792133e-03
2.121060530265132371e+01 7.275486295823564709e-03
2.125062531265632870e+01 6.736468541032679391e-03
2.129064532266133014e+01 6.259512386160506411e-03
2.133066533266633158e+01 5.835503167432416587e-03
2.137068534267133657e+01 5.456935124452420155e-03
2.141070535267633801e+01 5.117584370857759975e-03
2.145072536268133945e+01 4.812256410161795152e-03
2.149074537268634089e+01 4.536589510586934437e-03
2.153076538269134588e+01 4.286900329401314123e-03
2.157078539269634732e+01 4.060061776082255977e-03
2.161080540270134875e+01 3.853405681360817011e-03
2.165082541270635375e+01 3.664644703874534500e-03
2.169084542271135518e+01 3.491809267736694158e-03
2.173086543271635662e+01 3.333196327471745542e-03
2.177088544272136161e+01 3.187327502131351471e-03
2.181090545272636305e+01 3.052914678728024193e-03
2.185092546273136449e+01 2.928831606572875491e-03
2.189094547273636593e+01 2.814090324578875056e-03
2.193096548274137092e+01 2.707821508996342916e-03
2.197098549274637236e+01 2.609258018233345973e-03
2.201100550275137380e+01 2.517721058198962684e-03
2.205102551275637879e+01 2.432608506203507662e-03
2.209104552276138023e+01 2.353385021452532831e-03
2.213106553276638166e+01 2.279573641274607650e-03
2.217108554277138666e+01 2.210748618721500476e-03
2.221110555277638809e+01 2.146529302335458637e-03
2.225112556278138953e+01 2.086574895187981796e-03
2.229114557278639097e+01 2.030579959680961673e-03
2.233116558279139596e+01 1.978270558557333487e-03
2.237118559279639740e+01 1.929400942267595932e-03
2.241120560280139884e+01 1.883750709210816384e-03
2.245122561280640383e+01 1.841122379167450199e-03
2.249124562281140527e+01 1.801339332089046908e-03
2.253126563281640671e+01 1.764244074841888428e-03
2.257128564282141170e+01 1.729696807999631146e-03
2.261130565282641314e+01 1.697574273806841654e-03
2.265132566283141458e+01 1.667768875471480061e-03
2.269134567283641601e+01 1.640188067529638454e-03
2.273136568284142101e+01 1.614754027812954993e-03
2.277138569284642244e+01 1.591403634378671253e-03
2.281140570285142388e+01 1.570088786766957222e-03
2.285142571285642887e+01 1.550777131711102022e-03
2.289144572286143031e+01 1.533453281208064373e-03
2.293146573286643175e+01 1.518120648969220783e-03
2.297148574287143674e+01 1.504804084631752338e-03
2.301150575287643818e+01 1.493553561135882446e-03
2.305152576288143962e+01 1.484449280699970094e-03
2.309154577288644106e+01 1.477608726414007768e-03
2.313156578289144605e+01 1.473196427159986603e-03
2.317158579289644749e+01 1.471437567048022388e-03
2.321160580290144893e+01 1.472637126878586795e-03
2.325162581290645392e+01 1.477207107503182701e-03
2.329164582291145535e+01 1.485705736937250731e-03
2.333166583291645679e+01 1.498894700967519453e-03
2.337168584292146178e+01 1.517823828833674612e-03
2.341170585292646322e+01 1.543958008489506413e-03
2.345172586293146466e+01 1.579369279883740488e-03
2.349174587293646610e+01 1.627028563653309988e-03
2.353176588294147109e+01 1.691243906967415927e-03
2.357178589294647253e+01 1.778290532771864248e-03
2.361180590295147397e+01 1.897201941533981041e-03
2.365182591295647896e+01 2.060332058705656878e-03
2.369184592296148040e+01 2.282040925263788267e-03
2.373186593296648184e+01 2.570465542215132244e-03
2.377188594297148683e+01 2.902662762771258346e-03
2.381190595297648827e+01 3.185927992241054368e-03
2.385192596298148970e+01 3.275181957728627580e-03
2.389194597298649114e+01 3.116314606035627734e-03
2.393196598299149613e+01 2.818481477631105091e-03
2.397198599299649757e+01 2.517458531435910665e-03
2.401200600300149901e+01 2.275574317392523548e-03
2.405202601300650400e+01 2.099574791646476122e-03
2.409204602301150544e+01 1.977258040900711604e-03
2.413206603301650688e+01 1.894737288147767653e-03
2.417208604302150832e+01 1.841078933156134944e-03
2.421210605302651331e+01 1.808549056074339840e-03
2.425212606303151475e+01 1.791870161921594934e-03
2.429214607303651619e+01 1.787477993188756487e-03
2.433216608304152118e+01 1.792970898004402243e-03
2.437218609304652261e+01 1.806736518905102023e-03
2.441220610305152405e+01 1.827706150705098263e-03
2.445222611305652904e+01 1.855194381648212062e-03
2.449224612306153048e+01 1.888794443699176422e-03
2.453226613306653192e+01 1.928309972470228922e-03
2.457228614307153336e+01 1.973710885267351660e-03
2.461230615307653835e+01 2.025105615078671289e-03
2.465232616308153979e+01 2.082724823517461028e-03
2.469234617308654123e+01 2.146913564741056296e-03
2.473236618309154622e+01 2.218130083825254912e-03
2.477238619309654766e+01 2.296950259871888625e-03
2.481240620310154910e+01 2.384077307167474687e-03
2.485242621310655409e+01 2.480356832954794515e-03
2.489244622311155553e+01 2.586797793087513252e-03
2.493246623311655696e+01 2.704600347788993931e-03
2.497248624312155840e+01 2.835192157203346962e-03
2.501250625312656339e+01 2.980275336760644656e-03
2.505252626313156483e+01 3.141887201651223389e-03
2.509254627313656627e+01 3.322479189071620483e-03
2.513256628314157126e+01 3.525020135212757894e-03
2.517258629314657270e+01 3.753132673009968237e-03
2.521260630315157414e+01 4.011275327827221009e-03
2.525262631315657913e+01 4.304988584756858430e-03
2.529264632316158057e+01 4.641231839796034798e-03
2.533266633316658201e+01 5.028851426234881572e-03
2.537268634317158345e+01 5.479240567010655247e-03
2.541270635317658844e+01 6.007284538897735351e-03
2.545272636318158987e+01 6.632735429245401222e-03
2.549274637318659131e+01 7.382240712269222752e-03
2.553276638319159630e+01 8.292370669101328459e-03
2.557278639319659774e+01 9.414156121809567554e-03
2.561280640320159918e+01 1.081981517965666974e-02
2.565282641320660417e+01 1.261226541279667629e-02
2.569284642321160561e+01 1.493670148761670584e-02
2.573286643321660705e+01 1.798763722351261890e-02
2.577288644322160849e+01 2.198492938134167726e-02
2.581290645322661348e+01 2.704197367394690910e-02
2.585292646323161492e+01 3.279813539892870167e-02
2.589294647323661636e+01 3.794844873489482129e-02
2.593296648324162135e+01 4.076145930060580402e-02
2.597298649324662279e+01 4.109843340600492084e-02
2.601300650325162422e+01 4.086458198963947852e-02
2.605302651325662922e+01 4.207049913192717483e-02
2.609304652326163065e+01 4.587330724496729156e-02
2.613306653326663209e+01 5.292413880712092816e-02
2.617308654327163353e+01 6.359517205240355908e-02
2.621310655327663852e+01 7.742273159485775491e-02
2.625312656328163996e+01 9.179167299570430150e-02
2.629314657328664140e+01 1.019215211399266546e-01
2.633316658329164639e+01 1.052282007854204449e-01
2.637318659329664783e+01 1.045172571484654506e-01
2.641320660330164927e+01 1.032817486481311386e-01
2.645322661330665426e+01 1.019476863252875565e-01
2.649324662331165570e+01 9.956494371081786587e-02
2.653326663331665713e+01 9.435178797869003819e-02
2.657328664332165857e+01 8.422549405785824395e-02
2.661330665332666356e+01 7.028421596427522622e-02
2.665332666333166500e+01 5.616453792450880333e-02
2.669334667333666644e+01 4.429861518363461398e-02
2.673336668334167143e+01 3.516130132106147499e-02
2.677338669334667287e+01 2.832805749329497108e-02
2.681340670335167431e+01 2.322181116088904360e-02
2.685342671335667930e+01 1.936196522374846948e-02
2.689344672336168074e+01 1.639757985666168150e-02
2.693346673336668218e+01 1.408265062024945807e-02
2.697348674337168362e+01 1.224590217269732814e-02
2.701350675337668861e+01 1.076719800183906228e-02
2.705352676338169005e+01 9.561138815584385026e-03
2.709354677338669148e+01 8.566073081415314164e-03
2.713356678339169648e+01 7.736788256755554836e-03
2.717358679339669791e+01 7.039623612952736371e-03
2.721360680340169935e+01 6.449165647846497561e-03
2.725362681340670434e+01 5.945983147924082876e-03
2.729364682341170578e+01 5.515052690036680895e-03
2.733366683341670722e+01 5.144648974035400876e-03
2.737368684342170866e+01 4.825552862432894510e-03
2.741370685342671365e+01 4.550480100351021739e-03
2.745372686343171509e+01 4.313666011047521259e-03
2.749374687343671653e+01 4.110562622260209402e-03
2.753376688344172152e+01 3.937618793062000987e-03
2.757378689344672296e+01 3.792123567817429469e-03
2.761380690345172439e+01 3.672099845043442189e-03
2.765382691345672583e+01 3.576240625104614400e-03
2.769384692346173082e+01 3.503884391270455350e-03
2.773386693346673226e+01 3.455030238581779760e-03
2.777388694347173370e+01 3.430397837326622928e-03
2.781390695347673869e+01 3.431542961388474137e-03
2.785392696348174013e+01 3.461047134412507248e-03
2.789394697348674157e+01 3.522811312819177070e-03
2.793396698349174656e+01 3.622500030660285360e-03
2.797398699349674800e+01 3.768204743946024400e-03
2.801400700350174944e+01 3.971417894571693287e-03
2.805402701350675088e+01 4.248402629144335668e-03
2.809404702351175587e+01 4.621892906528238601e-03
2.813406703351675731e+01 5.122407340521390427e-03
2.817408704352175874e+01 5.786514293450531650e-03
2.821410705352676374e+01 6.646189454639187671e-03
2.825412706353176517e+01 7.708839656473879913e-03
2.829414707353676661e+01 8.968037575421300769e-03
2.833416708354177160e+01 1.050081789838680502e-02
2.837418709354677304e+01 1.253027714958680587e-02
2.841420710355177448e+01 1.528488062445059609e-02
2.845422711355677592e+01 1.870619597937419124e-02
2.849424712356178091e+01 2.202732243535377929e-02
2.853426713356678235e+01 2.366102633354997056e-02
2.857428714357178379e+01 2.246751413370065911e-02
2.861430715357678878e+01 1.919893622044199777e-02
2.865432716358179022e+01 1.549453720575113755e-02
2.869434717358679165e+01 1.233116798790638222e-02
2.873436718359179665e+01 9.923744154122889766e-03
2.877438719359679808e+01 8.166484093307667044e-03
2.881440720360179952e+01 6.896221889256433368e-03
2.885442721360680096e+01 5.975998551026037026e-03
2.889444722361180595e+01 5.306889336546697158e-03
2.893446723361680739e+01 4.821051120350067394e-03
2.897448724362180883e+01 4.472897194773327659e-03
2.901450725362681382e+01 4.232282106234223212e-03
2.905452726363181526e+01 4.079935393949821361e-03
2.909454727363681670e+01 4.004656740079476536e-03
2.913456728364182169e+01 4.001817398516458943e-03
2.917458729364682313e+01 4.072879080727839947e-03
2.921460730365182457e+01 4.225755689866653696e-03
2.925462731365682600e+01 4.475742208384058708e-03
2.929464732366183100e+01 4.845950602202244578e-03
2.933466733366683243e+01 5.363393126906029242e-03
2.937468734367183387e+01 6.039725029088414965e-03
2.941470735367683886e+01 6.818518698173167691e-03
2.945472736368184030e+01 7.508386755324163164e-03
2.949474737368684174e+01 7.856708801841598769e-03
2.953476738369184673e+01 7.833365717214536145e-03
2.957478739369684817e+01 7.688792894832892529e-03
2.961480740370184961e+01 7.676676348120669777e-03
2.965482741370685105e+01 7.918509769893321629e-03
2.969484742371185604e+01 8.459186311742625253e-03
2.973486743371685748e+01 9.334739556370491229e-03
2.977488744372185892e+01 1.060694469847984697e-02
2.981490745372686391e+01 1.238236556687784436e-02
2.985492746373186534e+01 1.483080559577306876e-02
2.989494747373686678e+01 1.820812116755031115e-02
2.993496748374187177e+01 2.287588202455499362e-02
2.997498749374687321e+01 2.927722589922257534e-02
3.001500750375187465e+01 3.773662984644578222e-02
3.005502751375687609e+01 4.779623386569685495e-02
3.009504752376188108e+01 5.700343493309476678e-02
3.013506753376688252e+01 6.086533847178476897e-02
3.017508754377188396e+01 5.679358509693593210e-02
3.021510755377688895e+01 4.747840685892223966e-02
3.025512756378189039e+01 3.739277676398441996e-02
3.029514757378689183e+01 2.893004493706240882e-02
3.033516758379189682e+01 2.251521315627575542e-02
3.037518759379689826e+01 1.781277839400860138e-02
3.041520760380189969e+01 1.437571911369379257e-02
3.045522761380690113e+01 1.183839507886504279e-02
3.049524762381190612e+01 9.937756455503654607e-03
3.053526763381690756e+01 8.492028983929662128e-03
3.057528764382190900e+01 7.376546510946943927e-03
3.061530765382691399e+01 6.505293782897763645e-03
3.065532766383191543e+01 5.818246287768978793e-03
3.069534767383691687e+01 5.272986888456445906e-03
3.073536768384192186e+01 4.839200154172383292e-03
3.077538769384692330e+01 4.495047285983577376e-03
3.081540770385192474e+01 4.224766375814510179e-03
3.085542771385692618e+01 4.017080620697851753e-03
3.089544772386193117e+01 3.864152793145158530e-03
3.093546773386693260e+01 3.760925049451313736e-03
3.097548774387193404e+01 3.704749324867909286e-03
3.101550775387693903e+01 3.695256595058797437e-03
3.105552776388194047e+01 3.734432258345499276e-03
3.109554777388694191e+01 3.826830261582182379e-03
3.113556778389194335e+01 3.979663360172063652e-03
3.117558779389694834e+01 4.201886080713976464e-03
3.121560780390194978e+01 4.500170597299658036e-03
3.125562781390695122e+01 4.870343358608875302e-03
3.129564782391195621e+01 5.295079122034545942e-03
3.133566783391695765e+01 5.773071294375623982e-03
3.137568784392195909e+01 6.355547670714916351e-03
3.141570785392696408e+01 7.130198481873906147e-03
3.145572786393196552e+01 8.193101440253838103e-03
3.149574787393696695e+01 9.656632881346044819e-03
3.153576788394196839e+01 1.167466191895344396e-02
3.157578789394697338e+01 1.446591210045354570e-02
3.161580790395197482e+01 1.832024646826065778e-02
3.165582791395697626e+01 2.353469367547508795e-02
3.169584792396198125e+01 3.013006385912583504e-02
3.173586793396698269e+01 3.714532636995374754e-02
3.177588794397198413e+01 4.194995661743176202e-02
3.181590795397698912e+01 4.163811370322512140e-02
3.185592796398199056e+01 3.640193496635282799e-02
3.189594797398699200e+01 2.927051837466319514e-02
3.193596798399199344e+01 2.271896594886874468e-02
3.197598799399699843e+01 1.756996517816830986e-02
3.201600800400200342e+01 1.375029996865472816e-02
3.205602801400700486e+01 1.095361624798944430e-02
3.209604802401200629e+01 8.892357683162524853e-03
3.213606803401700773e+01 7.350703567985584878e-03
3.217608804402200917e+01 6.177523512961817856e-03
3.221610805402701061e+01 5.268941140146797021e-03
3.225612806403201205e+01 4.553416375903265347e-03
3.229614807403702059e+01 3.981138824996159446e-03
3.233616808404202203e+01 3.516917313651194473e-03
3.237618809404702347e+01 3.135492680941668643e-03
3.241620810405202491e+01 2.818445450416971233e-03
3.245622811405702635e+01 2.552137504102994486e-03
3.249624812406202778e+01 2.326324670376922650e-03
3.253626813406702922e+01 2.133208260823834471e-03
3.257628814407203777e+01 1.966777225817725912e-03
3.261630815407703921e+01 1.822345343141176669e-03
3.265632816408204064e+01 1.696221161007036840e-03
3.269634817408704208e+01 1.585469612191401896e-03
3.273636818409204352e+01 1.487737856208965967e-03
3.277638819409704496e+01 1.401126804771305303e-03
3.281640820410205350e+01 1.324095684466105715e-03
3.285642821410705494e+01 1.255390977693322894e-03
3.289644822411205638e+01 1.193993838927043033e-03
3.293646823411705782e+01 1.139082003370022172e-03
3.297648824412205926e+01 1.090003374354972998e-03
3.301650825412706070e+01 1.046258330095872291e-03
3.305652826413206213e+01 1.007483951364865783e-03
3.309654827413707068e+01 9.734189462413713736e-04
3.313656828414207212e+01 9.437915978400635095e-04
3.317658829414707355e+01 9.180406335609082305e-04
3.321660830415207499e+01 8.949870763830171817e-04
3.325662831415707643e+01 8.732578054322218987e-04
3.329664832416207787e+01 8.527104122812667565e-04
3.333666833416707931e+01 8.346200780229692719e-04
3.337668834417208785e+01 8.202861044258986326e-04
3.341670835417708929e+01 8.104301044613247944e-04
3.345672836418209073e+01 8.055086666362928525e-04
3.349674837418709217e+01 8.060668858196171245e-04
3.353676838419209361e+01 8.129387721704403559e-04
3.357678839419709504e+01 8.273912437999495417e-04
3.361680840420210359e+01 8.512967667715421773e-04
3.365682841420710503e+01 8.873905570061553375e-04
3.369684842421210647e+01 9.396664355647232035e-04
3.373686843421710790e+01 1.013976591438281363e-03
3.377688844422210934e+01 1.118894985688137934e-03
3.381690845422711078e+01 1.266791963241983105e-03
3.385692846423211222e+01 1.474549189896190698e-03
3.389694847423712076e+01 1.761547654975382550e-03
3.393696848424212220e+01 2.137793493670931202e-03
3.397698849424712364e+01 2.568893418546886430e-03
3.401700850425212508e+01 2.923995433304258772e-03
3.405702851425712652e+01 3.006546143854789323e-03
3.409704852426212796e+01 2.753322858876919993e-03
3.413706853426712939e+01 2.319131196548910711e-03
3.417708854427213794e+01 1.885015649801670672e-03
3.421710855427713938e+01 1.530864040087040944e-03
3.425712856428214081e+01 1.263637639062510122e-03
3.429714857428714225e+01 1.066206057035531344e-03
3.433716858429214369e+01 9.196811354901092504e-04
3.437718859429714513e+01 8.092571041773028188e-04
3.441720860430214657e+01 7.244200418105462697e-04
3.445722861430715511e+01 6.579211985717856471e-04
3.449724862431215655e+01 6.047756522526363376e-04
3.453726863431715799e+01 5.615241105875530981e-04
3.457728864432215943e+01 5.257321229506754659e-04
3.461730865432716087e+01 4.956590787868957008e-04
3.465732866433216230e+01 4.700401354902374301e-04
3.469734867433717085e+01 4.479415347962517569e-04
3.473736868434217229e+01 4.286634733353085827e-04
3.477738869434717373e+01 4.116739881322733119e-04
3.481740870435217516e+01 3.965632938710593274e-04
3.485742871435717660e+01 3.830117838287439317e-04
3.489744872436217804e+01 3.707672868422739283e-04
3.493746873436717948e+01 3.596286826513681251e-04
3.497748874437218802e+01 3.494339452634373077e-04
3.501750875437718946e+01 3.400513110027127465e-04
3.505752876438219090e+01 3.313726795260366477e-04
3.509754877438719234e+01 3.233086298187267012e-04
3.513756878439219378e+01 3.157846175637501899e-04
3.517758879439719522e+01 3.087380460340847176e-04
3.521760880440219665e+01 3.021159894723296903e-04
3.525762881440720520e+01 2.958734085510417297e-04
3.529764882441220664e+01 2.899717403214065333e-04
3.533766883441720807e+01 2.843777756126365536e-04
3.537768884442220951e+01 2.790627588708019784e-04
3.541770885442721095e+01 2.740016614567495701e-04
3.545772886443221239e+01 2.691725911970710926e-04
3.549774887443722093e+01 2.645563097051632545e-04
3.553776888444222237e+01 2.601358355055036382e-04
3.557778889444722381e+01 2.558961159000497886e-04
3.561780890445222525e+01 2.518237542368720458e-04
3.565782891445722669e+01 2.479067820838811039e-04
3.569784892446222813e+01 2.441344679970809933e-04
3.573786893446722956e+01 2.404971562655243086e-04
3.577788894447223811e+01 2.369861303337574422e-04
3.581790895447723955e+01 2.335934966358355763e-04
3.585792896448224099e+01 2.303120853892609424e-04
3.589794897448724242e+01 2.271353655424409343e-04
3.593796898449224386e+01 2.240573715831481482e-04
3.597798899449724530e+01 2.210726403268627681e-04
3.601800900450224674e+01 2.181761561347569716e-04
3.605802901450725528e+01 2.153633032784635316e-04
3.609804902451225672e+01 2.126298243857827693e-04
3.613806903451725816e+01 2.099717840783676211e-04
3.617808904452225960e+01 2.073855370572217271e-04
3.621810905452726104e+01 2.048677000108000735e-04
3.625812906453226248e+01 2.024151268186427243e-04
3.629814907453727102e+01 2.000248866047162738e-04
3.633816908454227246e+01 1.976942442621452273e-04
3.637818909454727390e+01 1.954206431272856347e-04
3.641820910455227533e+01 1.932016895281899122e-04
3.645822911455727677e+01 1.910351389720028404e-04
3.649824912456227821e+01 1.889188837691008389e-04
3.653826913456727965e+01 1.868509419198661483e-04
3.657828914457228819e+01 1.848294471137698245e-04
3.661830915457728963e+01 1.828526397106413422e-04
3.665832916458229107e+01 1.809188585911909741e-04
3.669834917458729251e+01 1.790265337785572331e-04
3.673836918459229395e+01 1.771741797452079973e-04
3.677838919459729539e+01 1.753603893303284217e-04
3.681840920460229682e+01 1.735838282021075294e-04
3.685842921460730537e+01 1.718432298073482823e-04
3.689844922461230681e+01 1.701373907577472596e-04
3.693846923461730825e+01 1.684651666081842197e-04
3.697848924462230968e+01 1.668254679875799792e-04
3.701850925462731112e+01 1.652172570474030845e-04
3.705852926463231256e+01 1.636395441968643393e-04
3.709854927463732110e+01 1.620913850972894557e-04
3.713856928464232254e+01 1.605718778911863459e-04
3.717858929464732398e+01 1.590801606441709544e-04
3.721860930465232542e+01 1.576154089802550996e-04
3.725862931465732686e+01 1.561768338930445449e-04
3.729864932466232830e+01 1.547636797172131332e-04
3.733866933466732974e+01 1.533752222462141904e-04
3.737868934467233828e+01 1.520107669836107947e-04
3.741870935467733972e+01 1.506696475166626067e-04
3.745872936468234116e+01 1.493512240019171538e-04
3.749874937468734259e+01 1.480548817535568093e-04
3.753876938469234403e+01 1.467800299261265461e-04
3.757878939469734547e+01 1.455261002840629436e-04
3.761880940470234691e+01 1.442925460511486270e-04
3.765882941470735545e+01 1.430788408336481656e-04
3.769884942471235689e+01 1.418844776114477587e-04
3.773886943471735833e+01 1.407089677920265265e-04
3.777888944472235977e+01 1.395518403225491676e-04
3.781890945472736121e+01 1.384126408557758109e-04
3.785892946473236265e+01 1.372909309658572287e-04
3.789894947473736408e+01 1.361862874104197098e-04
3.793896948474237263e+01 1.350983014356416654e-04
3.797898949474737407e+01 1.340265781213049047e-04
3.801900950475237551e+01 1.329707357630397098e-04
3.805902951475737694e+01 1.319304052892211212e-04
3.809904952476237838e+01 1.309052297101665320e-04
3.813906953476737982e+01 1.298948635974759745e-04
3.817908954477238836e+01 1.288989725915237956e-04
3.821910955477738980e+01 1.279172329352639748e-04
3.825912956478239124e+01 1.269493310326511948e-04
3.829914957478739268e+01 1.259949630301096101e-04
3.833916958479239412e+01 1.250538344195955361e-04
3.837918959479739556e+01 1.241256596619106755e-04
3.841920960480239700e+01 1.232101618290167748e-04
3.845922961480740554e+01 1.223070722641960307e-04
3.849924962481240698e+01 1.214161302589828714e-04
3.853926963481740842e+01 1.205370827458656621e-04
3.857928964482240985e+01 1.196696840058333736e-04
3.861930965482741129e+01 1.188136953898983087e-04
3.865932966483241273e+01 1.179688850537916680e-04
3.869934967483741417e+01 1.171350277050787326e-04
3.873936968484242271e+01 1.163119043619935817e-04
3.877938969484742415e+01 1.154993021233384183e-04
3.881940970485242559e+01 1.146970139488343867e-04
3.885942971485742703e+01 1.139048384493535244e-04
3.889944972486242847e+01 1.131225796864953443e-04
3.893946973486742991e+01 1.123500469810060877e-04
3.897948974487243845e+01 1.115870547295721391e-04
3.901950975487743989e+01 1.108334222295456528e-04
3.905952976488244133e+01 1.100889735111894205e-04
3.909954977488744277e+01 1.093535371770531730e-04
3.913956978489244420e+01 1.086269462481158327e-04
3.917958979489744564e+01 1.079090380163520290e-04
3.921960980490244708e+01 1.071996539033991623e-04
3.925962981490745562e+01 1.064986393250219956e-04
3.929964982491245706e+01 1.058058435610901286e-04
3.933966983491745850e+01 1.051211196307965735e-04
3.937968984492245994e+01 1.044443241728658833e-04
3.941970985492746138e+01 1.037753173305116687e-04
3.945972986493246282e+01 1.031139626409168224e-04
3.949974987493746426e+01 1.024601269290238421e-04
3.953976988494247280e+01 1.018136802054334919e-04
3.957978989494747424e+01 1.011744955682209715e-04
3.961980990495247568e+01 1.005424491084893983e-04
3.965982991495747711e+01 9.991741981949062591e-05
3.969984992496247855e+01 9.929928950915117565e-05
3.973986993496747999e+01 9.868794271585127665e-05
3.977988994497248854e+01 9.808326662731126945e-05
3.981990995497748997e+01 9.748515100244949626e-05
3.985992996498249141e+01 9.689348809607907975e-05
3.989994997498749285e+01 9.630817258632297286e-05
3.993996998499249429e+01 9.572910150462808512e-05
3.997998999499749573e+01 9.515617416826747683e-05
4.002001000500249717e+01 9.458929211522564310e-05
4.006003001500750571e+01 9.402835904136528462e-05
4.010005002501250715e+01 9.347328073978136134e-05
4.014007003501750859e+01 9.292396504224970284e-05
4.018009004502251003e+01 9.238032176268564820e-05
4.022011005502751146e+01 9.184226264252955704e-05
4.026013006503251290e+01 9.130970129798018063e-05
4.030015007503751434e+01 9.078255316900261430e-05
4.034017008504252289e+01 9.026073547003840678e-05
4.038019009504752432e+01 8.974416714235152717e-05
4.042021010505252576e+01 8.923276880794326748e-05
4.046023011505752720e+01 8.872646272497709981e-05
4.050025012506252864e+01 8.822517274465250213e-05
4.054027013506753008e+01 8.772882426947302729e-05
4.058029014507253862e+01 8.723734421285352439e-05
4.062031015507754006e+01 8.675066096001733033e-05
4.066033016508254150e+01 8.626870433013195908e-05
4.070035017508754294e+01 8.579140553963890403e-05
4.074037018509254438e+01 8.531869716673117692e-05
4.078039019509754581e+01 8.485051311693673278e-05
4.082041020510254725e+01 8.438678858976609372e-05
4.086043021510755580e+01 8.392746004638600729e-05
4.090045022511255723e+01 8.347246517828098929e-05
4.094047023511755867e+01 8.302174287686629457e-05
4.098049024512256011e+01 8.257523320401951889e-05
4.102051025512756155e+01 8.213287736349678765e-05
4.106053026513256299e+01 8.169461767320207631e-05
4.110055027513756443e+01 8.126039753827925044e-05
4.114057028514257297e+01 8.083016142499889381e-05
4.118059029514757441e+01 8.040385483541097615e-05
4.122061030515257585e+01 7.998142428273671649e-05
4.126063031515757729e+01 7.956281726747486786e-05
4.130065032516257872e+01 7.914798225419721587e-05
4.134067033516758016e+01 7.873686864900998064e-05
4.138069034517258160e+01 7.832942677765798798e-05
4.142071035517759015e+01 7.792560786425054931e-05
4.146073036518259158e+01 7.752536401058788098e-05
4.150075037518759302e+01 7.712864817606763970e-05
4.154077038519259446e+01 7.673541415815242404e-05
4.158079039519759590e+01 7.634561657338042066e-05
4.162081040520259734e+01 7.595921083889996402e-05
4.166083041520760588e+01 7.557615315451216692e-05
4.170085042521260732e+01 7.519640048520440990e-05
4.174087043521760876e+01 7.481991054415844020e-05
4.178089044522261020e+01 7.444664177621906692e-05
4.182091045522761164e+01 7.407655334180718928e-05
4.186093046523261307e+01 7.370960510126429673e-05
4.190095047523761451e+01 7.334575759961383128e-05
4.194097048524262306e+01 7.298497205172657762e-05
4.198099049524762449e+01 7.262721032787808741e-05
4.202101050525262593e+01 7.227243493968413756e-05
4.206103051525762737e+01 7.192060902640487160e-05
4.210105052526262881e+01 7.157169634160403073e-05
4.214107053526763025e+01 7.122566124015397766e-05
4.218109054527263169e+01 7.088246866557477662e-05
4.222111055527764023e+01 7.054208413769800557e-05
4.226113056528264167e+01 7.020447374064506826e-05
4.230115057528764311e+01 6.986960411111045176e-05
4.234117058529264455e+01 6.953744242694099827e-05
4.238119059529764598e+01 6.920795639600236854e-05
4.242121060530264742e+01 6.888111424532402326e-05
4.246123061530765597e+01 6.855688471051442833e-05
4.250125062531265741e+01 6.823523702543915200e-05
4.254127063531765884e+01 6.791614091215284149e-05
4.258129064532266028e+01 6.759956657107922453e-05
4.262131065532766172e+01 6.728548467143099046e-05
4.266133066533266316e+01 6.697386634186277491e-05
4.270135067533766460e+01 6.666468316135076985e-05
4.274137068534267314e+01 6.635790715029234524e-05
4.278139069534767458e+01 6.605351076181933999e-05
4.282141070535267602e+01 6.575146687331899107e-05
4.286143071535767746e+01 6.545174877815703926e-05
4.290145072536267890e+01 6.515433017759653339e-05
4.294147073536768033e+01 6.485918517290772522e-05
4.298149074537268177e+01 6.456628825766309182e-05
4.302151075537769032e+01 6.427561431021260659e-05
4.306153076538269175e+01 6.398713858633463746e-05
4.310155077538769319e+01 6.370083671205676668e-05
4.314157078539269463e+01 6.341668467664256128e-05
4.318159079539769607e+01 6.313465882574010658e-05
4.322161080540269751e+01 6.285473585468667821e-05
4.326163081540770605e+01 6.257689280196666631e-05
4.330165082541270749e+01 6.230110704281791327e-05
4.334167083541770893e+01 6.202735628298233176e-05
4.338169084542271037e+01 6.175561855259791629e-05
4.342171085542771181e+01 6.148587220022699829e-05
4.346173086543271324e+01 6.121809588701846794e-05
4.350175087543771468e+01 6.095226858099967333e-05
4.354177088544272323e+01 6.068836955149459531e-05
4.358179089544772467e+01 6.042637836366564853e-05
4.362181090545272610e+01 6.016627487317481241e-05
4.366183091545772754e+01 5.990803922096230998e-05
4.370185092546272898e+01 5.965165182813854524e-05
4.374187093546773042e+01 5.939709339098734058e-05
4.378189094547273186e+01 5.914434487607715397e-05
4.382191095547774040e+01 5.889338751547753160e-05
4.386193096548274184e+01 5.864420280207843084e-05
4.390195097548774328e+01 5.839677248500935094e-05
4.394197098549274472e+01 5.815107856515620442e-05
4.398199099549774616e+01 5.790710329077313758e-05
4.402201100550274759e+01 5.766482915318749743e-05
4.406203101550775614e+01 5.742423888259437411e-05
4.410205102551275758e+01 5.718531544394038669e-05
4.414207103551775901e+01 5.694804203289253818e-05
4.418209104552276045e+01 5.671240207189151631e-05
4.422211105552776189e+01 5.647837920628662124e-05
4.426213106553276333e+01 5.624595730055059214e-05
4.430215107553776477e+01 5.601512043457242178e-05
4.434217108554277331e+01 5.578585290002576722e-05
4.438219109554777475e+01 5.555813919681231258e-05
4.442221110555277619e+01 5.533196402957653347e-05
4.446223111555777763e+01 5.510731230429204576e-05
4.450225112556277907e+01 5.488416912491632686e-05
4.454227113556778050e+01 5.466251979011309807e-05
4.458229114557278194e+01 5.444234979004017230e-05
4.462231115557779049e+01 5.422364480320171026e-05
4.466233116558279193e+01 5.400639069336336714e-05
4.470235117558779336e+01 5.379057350652780895e-05
4.474237118559279480e+01 5.357617946797101885e-05
4.478239119559779624e+01 5.336319497933651328e-05
4.482241120560279768e+01 5.315160661578644495e-05
4.486243121560779912e+01 5.294140112320880646e-05
4.490245122561280766e+01 5.273256541547885755e-05
4.494247123561780910e+01 5.252508657177379353e-05
4.498249124562281054e+01 5.231895183393944857e-05
4.502251125562781198e+01 5.211414860390753640e-05
4.506253126563281342e+01 5.191066444116300145e-05
4.510255127563781485e+01 5.170848706025940697e-05
4.514257128564282340e+01 5.150760432838212289e-05
4.518259129564782484e+01 5.130800426295775485e-05
4.522261130565282627e+01 5.110967502930875066e-05
4.526263131565782771e+01 5.091260493835245902e-05
4.530265132566282915e+01 5.071678244434359698e-05
4.534267133566783059e+01 5.052219614265902837e-05
4.538269134567283203e+01 5.032883476762385714e-05
4.542271135567784057e+01 5.013668719037817827e-05
4.546273136568284201e+01 4.994574241678361890e-05
4.550275137568784345e+01 4.975598958536819248e-05
4.554277138569284489e+01 4.956741796530954715e-05
4.558279139569784633e+01 4.938001695445519228e-05
4.562281140570284776e+01 4.919377607737874082e-05
4.566283141570784920e+01 4.900868498347222846e-05
4.570285142571285775e+01 4.882473344507266648e-05
4.574287143571785919e+01 4.864191135562290284e-05
4.578289144572286062e+01 4.846020872786570727e-05
4.582291145572786206e+01 4.827961569207036213e-05
4.586293146573286350e+01 4.810012249429120328e-05
4.590295147573786494e+01 4.792171949465754192e-05
4.594297148574287348e+01 4.774439716569370685e-05
4.598299149574787492e+01 4.756814609066965452e-05
4.602301150575287636e+01 4.739295696198018157e-05
4.606303151575787780e+01 4.721882057955319417e-05
4.610305152576287924e+01 4.704572784928625452e-05
4.614307153576788068e+01 4.687366978151000213e-05
4.618309154577288211e+01 4.670263748947920193e-05
4.622311155577789066e+01 4.653262218788969793e-05
4.626313156578289210e+01 4.636361519142154371e-05
4.630315157578789353e+01 4.619560791330698139e-05
4.634317158579289497e+01 4.602859186392374352e-05
4.638319159579789641e+01 4.586255864941225487e-05
4.642321160580289785e+01 4.569749997031691702e-05
4.646323161580789929e+01 4.553340762025042554e-05
4.650325162581290783e+01 4.537027348458112634e-05
4.654327163581790927e+01 4.520808953914277450e-05
4.658329164582291071e+01 4.504684784896606514e-05
4.662331165582791215e+01 4.488654056703173315e-05
4.666333166583291359e+01 4.472715993304490328e-05
4.670335167583791502e+01 4.456869827222974874e-05
4.674337168584292357e+01 4.441114799414479025e-05
4.678339169584792501e+01 4.425450159151772425e-05
4.682341170585292645e+01 4.409875163909977364e-05
4.686343171585792788e+01 4.394389079253929655e-05
4.690345172586292932e+01 4.378991178727384691e-05
4.694347173586793076e+01 4.363680743744072069e-05
4.698349174587293220e+01 4.348457063480551344e-05
4.702351175587794074e+01 4.333319434770809280e-05
4.706353176588294218e+01 4.318267162002623673e-05
4.710355177588794362e+01 4.303299557015576526e-05
4.714357178589294506e+01 4.288415939000763305e-05
4.718359179589794650e+01 4.273615634402135293e-05
4.722361180590294794e+01 4.258897976819419446e-05
4.726363181590794937e+01 4.244262306912621865e-05
4.730365182591295792e+01 4.229707972308071516e-05
4.734367183591795936e+01 4.215234327505973697e-05
4.738369184592296079e+01 4.200840733789446831e-05
4.742371185592796223e+01 4.186526559135002605e-05
4.746373186593296367e+01 4.172291178124469448e-05
4.750375187593796511e+01 4.158133971858312604e-05
4.754377188594297365e+01 4.144054327870312160e-05
4.758379189594797509e+01 4.130051640043624119e-05
4.762381190595297653e+01 4.116125308528114724e-05
4.766383191595797797e+01 4.102274739659056814e-05
4.770385192596297941e+01 4.088499345877028295e-05
4.774387193596798085e+01 4.074798545649141457e-05
4.778389194597298228e+01 4.061171763391430368e-05
4.782391195597799083e+01 4.047618429392491187e-05
4.786393196598299227e+01 4.034137979738288684e-05
4.790395197598799371e+01 4.020729856238120133e-05
4.794397198599299514e+01 4.007393506351739310e-05
4.798399199599799658e+01 3.994128383117581633e-05
4.802401200600299802e+01 3.980933945082099253e-05
4.806403201600799946e+01 3.967809656230183052e-05
4.810405202601300800e+01 3.954754985916632265e-05
4.814407203601800944e+01 3.941769408798683893e-05
4.818409204602301088e+01 3.928852404769541626e-05
4.822411205602801232e+01 3.916003458892933404e-05
4.826413206603301376e+01 3.903222061338651526e-05
4.830415207603801520e+01 3.890507707319050930e-05
4.834417208604301663e+01 3.877859897026517838e-05
4.838419209604802518e+01 3.865278135571857248e-05
4.842421210605302662e+01 3.852761932923627765e-05
4.846423211605802805e+01 3.840310803848335651e-05
4.850425212606302949e+01 3.827924267851555868e-05
4.854427213606803093e+01 3.815601849119925910e-05
4.858429214607303237e+01 3.803343076463962946e-05
4.862431215607804091e+01 3.791147483261749683e-05
4.866433216608304235e+01 3.779014607403461838e-05
4.870435217608804379e+01 3.766943991236659296e-05
4.874437218609304523e+01 3.754935181512434467e-05
4.878439219609804667e+01 3.742987729332312129e-05
4.882441220610304811e+01 3.731101190095917022e-05
4.886443221610804954e+01 3.719275123449430198e-05
4.890445222611305809e+01 3.707509093234774501e-05
4.894447223611805953e+01 3.695802667439522391e-05
4.898449224612306097e+01 3.684155418147550513e-05
4.902451225612806240e+01 3.672566921490377323e-05
4.906453226613306384e+01 3.661036757599220337e-05
4.910455227613806528e+01 3.649564510557723565e-05
4.914457228614306672e+01 3.638149768355365281e-05
4.918459229614807526e+01 3.626792122841526468e-05
4.922461230615307670e+01 3.615491169680225383e-05
4.926463231615807814e+01 3.604246508305447073e-05
4.930465232616307958e+01 3.593057741877171517e-05
4.934467233616808102e+01 3.581924477237960144e-05
4.938469234617308246e+01 3.570846324870188799e-05
4.942471235617809100e+01 3.559822898853862112e-05
4.946473236618309244e+01 3.548853816825028927e-05
4.950475237618809388e+01 3.537938699934769642e-05
4.954477238619309531e+01 3.527077172808754790e-05
4.958479239619809675e+01 3.516268863507367409e-05
4.962481240620309819e+01 3.505513403486379024e-05
4.966483241620809963e+01 3.494810427558158930e-05
4.970485242621310817e+01 3.484159573853434381e-05
4.974487243621810961e+01 3.473560483783562385e-05
4.978489244622311105e+01 3.463012802003320566e-05
4.982491245622811249e+01 3.452516176374210982e-05
4.986493246623311393e+01 3.442070257928267431e-05
4.990495247623811537e+01 3.431674700832342500e-05
4.994497248624311680e+01 3.421329162352896750e-05
4.998499249624812535e+01 3.411033302821245294e-05
5.002501250625312679e+01 3.400786785599299036e-05
5.006503251625812823e+01 3.390589277045739599e-05
5.010505252626312966e+01 3.380440446482669268e-05
5.014507253626813110e+01 3.370339966162705451e-05
5.018509254627313254e+01 3.360287511236505437e-05
5.022511255627814108e+01 3.350282759720731610e-05
5.026513256628314252e+01 3.340325392466453054e-05
5.030515257628814396e+01 3.330415093127952380e-05
5.034517258629314540e+01 3.320551548131944546e-05
5.038519259629814684e+01 3.310734446647220557e-05
5.042521260630314828e+01 3.300963480554674687e-05
5.046523261630814972e+01 3.291238344417737617e-05
5.050525262631315826e+01 3.281558735453192417e-05
5.054527263631815970e+01 3.271924353502374754e-05
5.058529264632316114e+01 3.262334901002742393e-05
5.062531265632816257e+01 3.252790082959833670e-05
5.066533266633316401e+01 3.243289606919574929e-05
5.070535267633816545e+01 3.233833182940949150e-05
5.074537268634316689e+01 3.224420523569025053e-05
5.078539269634817543e+01 3.215051343808344688e-05
5.082541270635317687e+01 3.205725361096617974e-05
5.086543271635817831e+01 3.196442295278800782e-05
5.090545272636317975e+01 3.187201868581477271e-05
5.094547273636818119e+01 3.178003805587574260e-05
5.098549274637318263e+01 3.168847833211413736e-05
5.102551275637819117e+01 3.159733680674062164e-05
5.106553276638319261e+01 3.150661079479018603e-05
5.110555277638819405e+01 3.141629763388177274e-05
5.114557278639319549e+01 3.132639468398135704e-05
5.118559279639819692e+01 3.123689932716770541e-05
5.122561280640319836e+01 3.114780896740118973e-05
5.126563281640819980e+01 3.105912103029563051e-05
5.130565282641320835e+01 3.097083296289278960e-05
5.134567283641820978e+01 3.088294223343989191e-05
5.138569284642321122e+01 3.079544633116971532e-05
5.142571285642821266e+01 3.070834276608370962e-05
5.146573286643321410e+01 3.062162906873756158e-05
5.150575287643821554e+01 3.053530279002951133e-05
5.154577288644321698e+01 3.044936150099131813e-05
5.158579289644822552e+01 3.036380279258182492e-05
5.162581290645322696e+01 3.027862427548306390e-05
5.166583291645822840e+01 3.019382357989872372e-05
5.170585292646322984e+01 3.010939835535537452e-05
5.174587293646823127e+01 3.002534627050589195e-05
5.178589294647323271e+01 2.994166501293541206e-05
5.182591295647823415e+01 2.985835228896959354e-05
5.186593296648324269e+01 2.977540582348530587e-05
5.190595297648824413e+01 2.969282335972346550e-05
5.194597298649324557e+01 2.961060265910430819e-05
5.198599299649824701e+01 2.952874150104478556e-05
5.202601300650324845e+01 2.944723768277824878e-05
5.206603301650824989e+01 2.936608901917626334e-05
5.210605302651325843e+01 2.928529334257248373e-05
5.214607303651825987e+01 2.920484850258892365e-05
5.218609304652326131e+01 2.912475236596389312e-05
5.222611305652826275e+01 2.904500281638241568e-05
5.226613306653326418e+01 2.896559775430832277e-05
5.230615307653826562e+01 2.888653509681858762e-05
5.234617308654326706e+01 2.880781277743950570e-05
5.238619309654827561e+01 2.872942874598487077e-05
5.242621310655327704e+01 2.865138096839602795e-05
5.246623311655827848e+01 2.857366742658383769e-05
5.250625312656327992e+01 2.849628611827252360e-05
5.254627313656828136e+01 2.841923505684530230e-05
5.258629314657328280e+01 2.834251227119186000e-05
5.262631315657828424e+01 2.826611580555764831e-05
5.266633316658329278e+01 2.819004371939484374e-05
5.270635317658829422e+01 2.811429408721526554e-05
5.274637318659329566e+01 2.803886499844459790e-05
5.278639319659829710e+01 2.796375455727879755e-05
5.282641320660329853e+01 2.788896088254178886e-05
5.286643321660829997e+01 2.781448210754502911e-05
5.290645322661330852e+01 2.774031637994853755e-05
5.294647323661830995e+01 2.766646186162367944e-05
5.298649324662331139e+01 2.759291672851741371e-05
5.302651325662831283e+01 2.751967917051811624e-05
5.306653326663331427e+01 2.744674739132301242e-05
5.310655327663831571e+01 2.737411960830703607e-05
5.314657328664331715e+01 2.730179405239326393e-05
5.318659329664832569e+01 2.722976896792474942e-05
5.322661330665332713e+01 2.715804261253792167e-05
5.326663331665832857e+01 2.708661325703722467e-05
5.330665332666333001e+01 2.701547918527145726e-05
5.334667333666833144e+01 2.694463869401122095e-05
5.338669334667333288e+01 2.687409009282800771e-05
5.342671335667833432e+01 2.680383170397438545e-05
5.346673336668334287e+01 2.673386186226587761e-05
5.350675337668834430e+01 2.666417891496373373e-05
5.354677338669334574e+01 2.659478122165943151e-05
5.358679339669834718e+01 2.652566715416013079e-05
5.362681340670334862e+01 2.645683509637565905e-05
5.366683341670835006e+01 2.638828344420661497e-05
5.370685342671335860e+01 2.632001060543370525e-05
5.374687343671836004e+01 2.625201499960842997e-05
5.378689344672336148e+01 2.618429505794487916e-05
5.382691345672836292e+01 2.611684922321264415e-05
5.386693346673336436e+01 2.604967594963119256e-05
5.390695347673836579e+01 2.598277370276504288e-05
5.394697348674336723e+01 2.591614095942039258e-05
5.398699349674837578e+01 2.584977620754269148e-05
5.402701350675337721e+01 2.578367794611544168e-05
5.406703351675837865e+01 2.571784468506001722e-05
5.410705352676338009e+01 2.565227494513669341e-05
5.414707353676838153e+01 2.558696725784658413e-05
5.418709354677338297e+01 2.552192016533480221e-05
5.422711355677838441e+01 2.545713222029460246e-05
5.426713356678339295e+01 2.539260198587252408e-05
5.430715357678839439e+01 2.532832803557470548e-05
5.434717358679339583e+01 2.526430895317393425e-05
5.438719359679839727e+01 2.520054333261799822e-05
5.442721360680339870e+01 2.513702977793883943e-05
5.446723361680840014e+01 2.507376690316273141e-05
5.450725362681340869e+01 2.501075333222143560e-05
5.454727363681841013e+01 2.494798769886426233e-05
5.458729364682341156e+01 2.488546864657108739e-05
5.462731365682841300e+01 2.482319482846631373e-05
5.466733366683341444e+01 2.476116490723373795e-05
5.470735367683841588e+01 2.469937755503231452e-05
5.474737368684341732e+01 2.463783145341277386e-05
5.478739369684842586e+01 2.457652529323519928e-05
5.482741370685342730e+01 2.451545777458744073e-05
5.486743371685842874e+01 2.445462760670432824e-05
5.490745372686343018e+01 2.439403350788782037e-05
5.494747373686843162e+01 2.433367420542792526e-05
5.498749374687343305e+01 2.427354843552451607e-05
5.502751375687843449e+01 2.421365494320986477e-05
5.506753376688344304e+01 2.415399248227212113e-05
5.510755377688844447e+01 2.409455981517945590e-05
5.514757378689344591e+01 2.403535571300504414e-05
5.518759379689844735e+01 2.397637895535285836e-05
5.522761380690344879e+01 2.391762833028416302e-05
5.526763381690845023e+01 2.385910263424486283e-05
5.530765382691345167e+01 2.380080067199348795e-05
5.534767383691846021e+01 2.374272125652997892e-05
5.538769384692346165e+01 2.368486320902528803e-05
5.542771385692846309e+01 2.362722535875146180e-05
5.546773386693346453e+01 2.356980654301277047e-05
5.550775387693846596e+01 2.351260560707719318e-05
5.554777388694346740e+01 2.345562140410893995e-05
5.558779389694847595e+01 2.339885279510135987e-05
5.562781390695347739e+01 2.334229864881077769e-05
5.566783391695847882e+01 2.328595784169080468e-05
5.570785392696348026e+01 2.322982925782748645e-05
5.574787393696848170e+01 2.317391178887493182e-05
5.578789394697348314e+01 2.311820433399175821e-05
5.582791395697848458e+01 2.306270579977808260e-05
5.586793396698349312e+01 2.300741510021318324e-05
5.590795397698849456e+01 2.295233115659373746e-05
5.594797398699349600e+01 2.289745289747275732e-05
5.598799399699849744e+01 2.284277925859903017e-05
5.602801400700349888e+01 2.278830918285734182e-05
5.606803401700850031e+01 2.273404162020907583e-05
5.610805402701350175e+01 2.267997552763355816e-05
5.614807403701851030e+01 2.262610986906992363e-05
5.618809404702351173e+01 2.257244361535962266e-05
5.622811405702851317e+01 2.251897574418942281e-05
5.626813406703351461e+01 2.246570524003492175e-05
5.630815407703851605e+01 2.241263109410486000e-05
5.634817408704351749e+01 2.235975230428569445e-05
5.638819409704852603e+01 2.230706787508690716e-05
5.642821410705352747e+01 2.225457681758675793e-05
5.646823411705852891e+01 2.220227814937864348e-05
5.650825412706353035e+01 2.215017089451787319e-05
5.654827413706853179e+01 2.209825408346910571e-05
5.658829414707353322e+01 2.204652675305419202e-05
5.662831415707853466e+01 2.199498794640053012e-05
5.666833416708354321e+01 2.194363671289000254e-05
5.670835417708854465e+01 2.189247210810837794e-05
5.674837418709354608e+01 2.184149319379508208e-05
5.678839419709854752e+01 2.179069903779369381e-05
5.682841420710354896e+01 2.174008871400266471e-05
5.686843421710855040e+01 2.168966130232670956e-05
5.690845422711355184e+01 2.163941588862858983e-05
5.694847423711856038e+01 2.158935156468129018e-05
5.698849424712356182e+01 2.153946742812081844e-05
5.702851425712856326e+01 2.148976258239930707e-05
5.706853426713356470e+01 2.144023613673863300e-05
5.710855427713856614e+01 2.139088720608446783e-05
5.714857428714356757e+01 2.134171491106077518e-05
5.718859429714857612e+01 2.129271837792476551e-05
5.722861430715357756e+01 2.124389673852214905e-05
5.726863431715857899e+01 2.119524913024303586e-05
5.730865432716358043e+01 2.114677469597804938e-05
5.734867433716858187e+01 2.109847258407494141e-05
5.738869434717358331e+01 2.105034194829568140e-05
5.742871435717858475e+01 2.100238194777377955e-05
5.746873436718359329e+01 2.095459174697217910e-05
5.750875437718859473e+01 2.090697051564150441e-05
5.754877438719359617e+01 2.085951742877858680e-05
5.758879439719859761e+01 2.081223166658555628e-05
5.762881440720359905e+01 2.076511241442916361e-05
5.766883441720860048e+01 2.071815886280058353e-05
5.770885442721360192e+01 2.067137020727555677e-05
5.774887443721861047e+01 2.062474564847487766e-05
5.778889444722361191e+01 2.057828439202533571e-05
5.782891445722861334e+01 2.053198564852084704e-05
5.786893446723361478e+01 2.048584863348416841e-05
5.790895447723861622e+01 2.043987256732881467e-05
5.794897448724361766e+01 2.039405667532132171e-05
5.798899449724862620e+01 2.034840018754400417e-05
5.802901450725362764e+01 2.030290233885786210e-05
5.806903451725862908e+01 2.025756236886599938e-05
5.810905452726363052e+01 2.021237952187721819e-05
5.814907453726863196e+01 2.016735304687010820e-05
5.818909454727363340e+01 2.012248219745732891e-05
5.822911455727863483e+01 2.007776623185034259e-05
5.826913456728364338e+01 2.003320441282432338e-05
5.830915457728864482e+01 1.998879600768357123e-05
5.834917458729364625e+01 1.994454028822699026e-05
5.838919459729864769e+01 1.990043653071414982e-05
5.842921460730364913e+01 1.985648401583149465e-05
5.846923461730865057e+01 1.981268202865887695e-05
5.850925462731365201e+01 1.976902985863639327e-05
5.854927463731866055e+01 1.972552679953162814e-05
5.858929464732366199e+01 1.968217214940697887e-05
5.862931465732866343e+01 1.963896521058750897e-05
5.866933466733366487e+01 1.959590528962889305e-05
5.870935467733866631e+01 1.955299169728575809e-05
5.874937468734366774e+01 1.951022374848037372e-05
5.878939469734866918e+01 1.946760076227136964e-05
5.882941470735367773e+01 1.942512206182305602e-05
5.886943471735867917e+01 1.938278697437476096e-05
5.890945472736368060e+01 1.934059483121058462e-05
5.894947473736868204e+01 1.929854496762934985e-05
5.898949474737368348e+01 1.925663672291486124e-05
5.902951475737868492e+01 1.921486944030644184e-05
5.906953476738369346e+01 1.917324246696960896e-05
5.910955477738869490e+01 1.913175515396725804e-05
5.914957478739369634e+01 1.909040685623076872e-05
5.918959479739869778e+01 1.904919693253167323e-05
5.922961480740369922e+01 1.900812474545339264e-05
5.926963481740870066e+01 1.896718966136325764e-05
5.930965482741370209e+01 1.892639105038482073e-05
5.934967483741871064e+01 1.888572828637036154e-05
5.938969484742371208e+01 1.884520074687367675e-05
5.942971485742871351e+01 1.880480781312300888e-05
5.946973486743371495e+01 1.876454886999439530e-05
5.950975487743871639e+01 1.872442330598505440e-05
5.954977488744371783e+01 1.868443051318704630e-05
5.958979489744871927e+01 1.864456988726138071e-05
5.962981490745372781e+01 1.860484082741195206e-05
5.966983491745872925e+01 1.856524273636008107e-05
5.970985492746373069e+01 1.852577502031903597e-05
5.974987493746873213e+01 1.848643708896887230e-05
5.978989494747373357e+01 1.844722835543147923e-05
5.982991495747873500e+01 1.840814823624576835e-05
5.986993496748374355e+01 1.836919615134327571e-05
5.990995497748874499e+01 1.833037152402369608e-05
5.994997498749374643e+01 1.829167378093082727e-05
5.998999499749874786e+01 1.825310235202868376e-05
6.003001500750374930e+01 1.821465667057771545e-05
6.007003501750875074e+01 1.817633617311137527e-05
6.011005502751375218e+01 1.813814029941279197e-05
6.015007503751876072e+01 1.810006849249164607e-05
6.019009504752376216e+01 1.806212019856130336e-05
6.023011505752876360e+01 1.802429486701605346e-05
6.027013506753376504e+01 1.798659195040862616e-05
6.031015507753876648e+01 1.794901090442782297e-05
6.035017508754376792e+01 1.791155118787640955e-05
6.039019509754876935e+01 1.787421226264915389e-05
6.043021510755377790e+01 1.783699359371101345e-05
6.047023511755877934e+01 1.779989464907561717e-05
6.051025512756378077e+01 1.776291489978379151e-05
6.055027513756878221e+01 1.772605381988239814e-05
6.059029514757378365e+01 1.768931088640319878e-05
6.063031515757878509e+01 1.765268557934208599e-05
6.067033516758379363e+01 1.761617738163831048e-05
6.071035517758879507e+01 1.757978577915397618e-05
6.075037518759379651e+01 1.754351026065367755e-05
6.079039519759879795e+01 1.750735031778434357e-05
6.083041520760379939e+01 1.747130544505518004e-05
6.087043521760880083e+01 1.743537513981784556e-05
6.091045522761380226e+01 1.739955890224674962e-05
6.095047523761881081e+01 1.736385623531952672e-05
6.099049524762381225e+01 1.732826664479768681e-05
6.103051525762881369e+01 1.729278963920740793e-05
6.107053526763381512e+01 1.725742472982047122e-05
6.111055527763881656e+01 1.722217143063541951e-05
6.115057528764381800e+01 1.718702925835872267e-05
6.119059529764881944e+01 1.715199773238635300e-05
6.123061530765382798e+01 1.711707637478519789e-05
6.127063531765882942e+01 1.708226471027489608e-05
6.131065532766383086e+01 1.704756226620966032e-05
6.135067533766883230e+01 1.701296857256031009e-05
6.139069534767383374e+01 1.697848316189642297e-05
6.143071535767883518e+01 1.694410556936864852e-05
6.147073536768384372e+01 1.690983533269121205e-05
6.151075537768884516e+01 1.687567199212444195e-05
6.155077538769384660e+01 1.684161509045755125e-05
6.159079539769884803e+01 1.680766417299150043e-05
6.163081540770384947e+01 1.677381878752201951e-05
6.167083541770885091e+01 1.674007848432275546e-05
6.171085542771385235e+01 1.670644281612859583e-05
6.175087543771886089e+01 1.667291133811903980e-05
6.179089544772386233e+01 1.663948360790177587e-05
6.183091545772886377e+01 1.660615918549640535e-05
6.187093546773386521e+01 1.657293763331820974e-05
6.191095547773886665e+01 1.653981851616213508e-05
6.195097548774386809e+01 1.650680140118684401e-05
6.199099549774886952e+01 1.647388585789896431e-05
6.203101550775387807e+01 1.644107145813736802e-05
6.207103551775887951e+01 1.640835777605765037e-05
6.211105552776388095e+01 1.637574438811674428e-05
6.215107553776888238e+01 1.634323087305756536e-05
6.219109554777388382e+01 1.631081681189383646e-05
6.223111555777888526e+01 1.627850178789508502e-05
6.227113556778388670e+01 1.624628538657166076e-05
6.231115557778889524e+01 1.621416719565992615e-05
6.235117558779389668e+01 1.618214680510757223e-05
6.239119559779889812e+01 1.615022380705900563e-05
6.243121560780389956e+01 1.611839779584088461e-05
6.247123561780890100e+01 1.608666836794777035e-05
6.251125562781390244e+01 1.605503512202786966e-05
6.255127563781891098e+01 1.602349765886890647e-05
6.259129564782391242e+01 1.599205558138411533e-05
6.263131565782891386e+01 1.596070849459828227e-05
6.267133566783391529e+01 1.592945600563399917e-05
6.271135567783891673e+01 1.589829772369791470e-05
6.275137568784391817e+01 1.586723326006717167e-05
6.279139569784891961e+01 1.583626222807592898e-05
6.283141570785392815e+01 1.580538424310194129e-05
6.287143571785892959e+01 1.577459892255333510e-05
6.291145572786393103e+01 1.574390588585539508e-05
6.295147573786893247e+01 1.571330475443750952e-05
6.299149574787393391e+01 1.568279515172020405e-05
6.303151575787893535e+01 1.565237670310223956e-05
6.307153576788393678e+01 1.562204903594791689e-05
6.311155577788894533e+01 1.559181177957428665e-05
6.315157578789394677e+01 1.556166456523868765e-05
6.319159579789894821e+01 1.553160702612620066e-05
6.323161580790394964e+01 1.550163879733729527e-05
6.327163581790895108e+01 1.547175951587550726e-05
6.331165582791395252e+01 1.544196882063527524e-05
6.335167583791896107e+01 1.541226635238984494e-05
6.339169584792396250e+01 1.538265175377923126e-05
6.343171585792896394e+01 1.535312466929832250e-05
6.347173586793396538e+01 1.532368474528503205e-05
6.351175587793896682e+01 1.529433162990858228e-05
6.355177588794396826e+01 1.526506497315787303e-05
6.359179589794896970e+01 1.523588442682983663e-05
6.363181590795397824e+01 1.520678964451809612e-05
6.367183591795897968e+01 1.517778028160147102e-05
6.371185592796398112e+01 1.514885599523272025e-05
6.375187593796898256e+01 1.512001644432734267e-05
6.379189594797398399e+01 1.509126128955240981e-05
6.383191595797898543e+01 1.506259019331556287e-05
6.387193596798398687e+01 1.503400281975398440e-05
6.391195597798899541e+01 1.500549883472360707e-05
6.395197598799399685e+01 1.497707790578825303e-05
6.399199599799899829e+01 1.494873970220890367e-05
6.403201600800400684e+01 1.492048389493312362e-05
6.407203601800900117e+01 1.489231015658445412e-05
6.411205602801400971e+01 1.486421816145191669e-05
6.415207603801900405e+01 1.483620758547969448e-05
6.419209604802401259e+01 1.480827810625669349e-05
6.423211605802900692e+01 1.478042940300640697e-05
6.427213606803401547e+01 1.475266115657663920e-05
6.431215607803902401e+01 1.472497304942949696e-05
6.435217608804401834e+01 1.469736476563133862e-05
6.439219609804902689e+01 1.466983599084276732e-05
6.443221610805402122e+01 1.464238641230886975e-05
6.447223611805902976e+01 1.461501571884930246e-05
6.451225612806402410e+01 1.458772360084865434e-05
6.455227613806903264e+01 1.456050975024672945e-05
6.459229614807404118e+01 1.453337386052897217e-05
6.463231615807903552e+01 1.450631562671699228e-05
6.467233616808404406e+01 1.447933474535905107e-05
6.471235617808903839e+01 1.445243091452073554e-05
6.475237618809404694e+01 1.442560383377562916e-05
6.479239619809904127e+01 1.439885320419607752e-05
6.483241620810404982e+01 1.437217872834400817e-05
6.487243621810905836e+01 1.434558011026182506e-05
6.491245622811405269e+01 1.431905705546341131e-05
6.495247623811906124e+01 1.429260927092504397e-05
6.499249624812405557e+01 1.426623646507662548e-05
6.503251625812906411e+01 1.423993834779272723e-05
6.507253626813405845e+01 1.421371463038388030e-05
6.511255627813906699e+01 1.418756502558781375e-05
6.515257628814407553e+01 1.416148924756081154e-05
6.519259629814906987e+01 1.413548701186917271e-05
6.523261630815407841e+01 1.410955803548057675e-05
6.527263631815907274e+01 1.408370203675571826e-05
6.531265632816408129e+01 1.405791873543982821e-05
6.535267633816907562e+01 1.403220785265437804e-05
6.539269634817408416e+01 1.400656911088874830e-05
6.543271635817909271e+01 1.398100223399205982e-05
6.547273636818408704e+01 1.395550694716492700e-05
6.551275637818909559e+01 1.393008297695141103e-05
6.555277638819408992e+01 1.390473005123095782e-05
6.559279639819909846e+01 1.387944789921034777e-05
6.563281640820410701e+01 1.385423625141585904e-05
6.567283641820910134e+01 1.382909483968529020e-05
6.571285642821410988e+01 1.380402339716016753e-05
6.575287643821910422e+01 1.377902165827802345e-05
6.579289644822411276e+01 1.375408935876458011e-05
6.583291645822910709e+01 1.372922623562620401e-05
6.587293646823411564e+01 1.370443202714221159e-05
6.591295647823912418e+01 1.367970647285734753e-05
6.595297648824411851e+01 1.365504931357432240e-05
6.599299649824912706e+01 1.363046029134629612e-05
6.603301650825412139e+01 1.360593914946953245e-05
6.607303651825912993e+01 1.358148563247604679e-05
6.611305652826412427e+01 1.355709948612632841e-05
6.615307653826913281e+01 1.353278045740205096e-05
6.619309654827414136e+01 1.350852829449897426e-05
6.623311655827913569e+01 1.348434274681972255e-05
6.627313656828414423e+01 1.346022356496671344e-05
6.631315657828913857e+01 1.343617050073517666e-05
6.635317658829414711e+01 1.341218330710609321e-05
6.639319659829914144e+01 1.338826173823929539e-05
6.643321660830414999e+01 1.336440554946655169e-05
6.647323661830915853e+01 1.334061449728474980e-05
6.651325662831415286e+01 1.331688833934908820e-05
6.655327663831916141e+01 1.329322683446629310e-05
6.659329664832415574e+01 1.326962974258799637e-05
6.663331665832916428e+01 1.324609682480396770e-05
6.667333666833415862e+01 1.322262784333561958e-05
6.671335667833916716e+01 1.319922256152934623e-05
6.675337668834417570e+01 1.317588074385007427e-05
6.679339669834917004e+01 1.315260215587475587e-05
6.683341670835417858e+01 1.312938656428591766e-05
6.687343671835917291e+01 1.310623373686535211e-05
6.691345672836418146e+01 1.308314344248765971e-05
6.695347673836917579e+01 1.306011545111407241e-05
6.699349674837418434e+01 1.303714953378609579e-05
6.703351675837919288e+01 1.301424546261936469e-05
6.707353676838418721e+01 1.299140301079747003e-05
6.711355677838919576e+01 1.296862195256575514e-05
6.715357678839419009e+01 1.294590206322534419e-05
6.719359679839919863e+01 1.292324311912699610e-05
6.723361680840420718e+01 1.290064489766516175e-05
6.727363681840920151e+01 1.287810717727203277e-05
6.731365682841421005e+01 1.285562973741152755e-05
6.735367683841920439e+01 1.283321235857353146e-05
6.739369684842421293e+01 1.281085482226794727e-05
6.743371685842920726e+01 1.278855691101898616e-05
6.747373686843421581e+01 1.276631840835932655e-05
6.751375687843922435e+01 1.274413909882444071e-05
6.755377688844421868e+01 1.272201876794688576e-05
6.759379689844922723e+01 1.269995720225064714e-05
6.763381690845422156e+01 1.267795418924557533e-05
6.767383691845923011e+01 1.265600951742174463e-05
6.771385692846422444e+01 1.263412297624399144e-05
6.775387693846923298e+01 1.261229435614635607e-05
6.779389694847424153e+01 1.259052344852665155e-05
6.783391695847923586e+01 1.256881004574106464e-05
6.787393696848424440e+01 1.254715394109869248e-05
6.791395697848923874e+01 1.252555492885628251e-05
6.795397698849424728e+01 1.250401280421284362e-05
6.799399699849924161e+01 1.248252736330442509e-05
6.803401700850425016e+01 1.246109840319879888e-05
6.807403701850925870e+01 1.243972572189033508e-05
6.811405702851425303e+01 1.241840911829476388e-05
6.815407703851926158e+01 1.239714839224404762e-05
6.819409704852425591e+01 1.237594334448128842e-05
6.823411705852926445e+01 1.235479377665564261e-05
6.827413706853425879e+01 1.233369949131728597e-05
6.831415707853926733e+01 1.231266029191239078e-05
6.835417708854427588e+01 1.229167598277818770e-05
6.839419709854927021e+01 1.227074636913801053e-05
6.843421710855427875e+01 1.224987125709633607e-05
6.847423711855927309e+01 1.222905045363399325e-05
6.851425712856428163e+01 1.220828376660326729e-05
6.855427713856927596e+01 1.218757100472311569e-05
6.859429714857428451e+01 1.216691197757432144e-05
6.863431715857929305e+01 1.214630649559485305e-05
6.867433716858428738e+01 1.212575437007505335e-05
6.871435717858929593e+01 1.210525541315299607e-05
6.875437718859429026e+01 1.208480943780982378e-05
6.879439719859929880e+01 1.206441625786508582e-05
6.883441720860429314e+01 1.204407568797223375e-05
6.887443721860930168e+01 1.202378754361392545e-05
6.891445722861431022e+01 1.200355164109760865e-05
6.895447723861930456e+01 1.198336779755094017e-05
6.899449724862431310e+01 1.196323583091733396e-05
6.903451725862930743e+01 1.194315555995151414e-05
6.907453726863431598e+01 1.192312680421506978e-05
6.911455727863932452e+01 1.190314938407212147e-05
6.915457728864431886e+01 1.188322312068488629e-05
6.919459729864932740e+01 1.186334783600939008e-05
6.923461730865432173e+01 1.184352335279114761e-05
6.927463731865933028e+01 1.182374949456088166e-05
6.931465732866432461e+01 1.180402608563026414e-05
6.935467733866933315e+01 1.178435295108771820e-05
6.939469734867434170e+01 1.176472991679417966e-05
6.943471735867933603e+01 1.174515680937899741e-05
6.947473736868434457e+01 1.172563345623568294e-05
6.951475737868933891e+01 1.170615968551788867e-05
6.955477738869434745e+01 1.168673532613526257e-05
6.959479739869934178e+01 1.166736020774943998e-05
6.963481740870435033e+01 1.164803416076991859e-05
6.967483741870935887e+01 1.162875701635011290e-05
6.971485742871435320e+01 1.160952860638336477e-05
6.975487743871936175e+01 1.159034876349896062e-05
6.979489744872435608e+01 1.157121732105818259e-05
6.983491745872936463e+01 1.155213411315041387e-05
6.987493746873435896e+01 1.153309897458928298e-05
6.991495747873936750e+01 1.151411174090873022e-05
6.995497748874437605e+01 1.149517224835922137e-05
6.999499749874937038e+01 1.147628033390394789e-05
7.003501750875437892e+01 1.145743583521497300e-05
7.007503751875937326e+01 1.143863859066953175e-05
7.011505752876438180e+01 1.141988843934623130e-05
7.015507753876937613e+01 1.140118522102141370e-05
7.019509754877438468e+01 1.138252877616535106e-05
7.023511755877939322e+01 1.136391894593867107e-05
7.027513756878438755e+01 1.134535557218866222e-05
7.031515757878939610e+01 1.132683849744565359e-05
7.035517758879439043e+01 1.130836756491939972e-05
7.039519759879939897e+01 1.128994261849554849e-05
7.043521760880439331e+01 1.127156350273201239e-05
7.047523761880940185e+01 1.125323006285548220e-05
7.051525762881441040e+01 1.123494214475791511e-05
7.055527763881940473e+01 1.121669959499300268e-05
7.059529764882441327e+01 1.119850226077274536e-05
7.063531765882940761e+01 1.118034998996396276e-05
7.067533766883441615e+01 1.116224263108490383e-05
7.071535767883942469e+01 1.114418003330182140e-05
7.075537768884441903e+01 1.112616204642557736e-05
7.079539769884942757e+01 1.110818852090831544e-05
7.083541770885442190e+01 1.109025930784008158e-05
7.087543771885943045e+01 1.107237425894550188e-05
7.091545772886442478e+01 1.105453322658051131e-05
7.095547773886943332e+01 1.103673606372904019e-05
7.099549774887444187e+01 1.101898262399978014e-05
7.103551775887943620e+01 1.100127276162293323e-05
7.107553776888444474e+01 1.098360633144695086e-05
7.111555777888943908e+01 1.096598318893542858e-05
7.115557778889444762e+01 1.094840319016380092e-05
7.119559779889944195e+01 1.093086619181629380e-05
7.123561780890445050e+01 1.091337205118268545e-05
7.127563781890945904e+01 1.089592062615526898e-05
7.131565782891445338e+01 1.087851177522569124e-05
7.135567783891946192e+01 1.086114535748186621e-05
7.139569784892445625e+01 1.084382123260493758e-05
7.143571785892946480e+01 1.082653926086622261e-05
7.147573786893445913e+01 1.080929930312417642e-05
7.151575787893946767e+01 1.079210122082137140e-05
7.155577788894447622e+01 1.077494487598152251e-05
7.159579789894947055e+01 1.075783013120651582e-05
7.163581790895447909e+01 1.074075684967342020e-05
7.167583791895947343e+01 1.072372489513158203e-05
7.171585792896448197e+01 1.070673413189969611e-05
7.175587793896947630e+01 1.068978442486289359e-05
7.179589794897448485e+01 1.067287563946986035e-05
7.183591795897949339e+01 1.065600764172997744e-05
7.187593796898448772e+01 1.063918029821046315e-05
7.191595797898949627e+01 1.062239347603352364e-05
7.195597798899449060e+01 1.060564704287357633e-05
7.199599799899949915e+01 1.058894086695440387e-05
7.203601800900449348e+01 1.057227481704641148e-05
7.207603801900950202e+01 1.055564876246382323e-05
7.211605802901451057e+01 1.053906257306196988e-05
7.215607803901950490e+01 1.052251611923453090e-05
7.219609804902451344e+01 1.050600927191082908e-05
7.223611805902950778e+01 1.048954190255312000e-05
7.227613806903451632e+01 1.047311388315392220e-05
7.231615807903951065e+01 1.045672508623332700e-05
7.235617808904451920e+01 1.044037538483636593e-05
7.239619809904952774e+01 1.042406465253037133e-05
7.243621810905452207e+01 1.040779276340235401e-05
7.247623811905953062e+01 1.039155959205638076e-05
7.251625812906452495e+01 1.037536501361102653e-05
7.255627813906953349e+01 1.035920890369673676e-05
7.259629814907454204e+01 1.034309113845333368e-05
7.263631815907953637e+01 1.032701159452744477e-05
7.267633816908454492e+01 1.031097014906993958e-05
7.271635817908953925e+01 1.029496667973348357e-05
7.275637818909454779e+01 1.027900106466998508e-05
7.279639819909954213e+01 1.026307318252814237e-05
7.283641820910455067e+01 1.024718291245093299e-05
7.287643821910955921e+01 1.023133013407322010e-05
7.291645822911455355e+01 1.021551472751926722e-05
7.295647823911956209e+01 1.019973657340029712e-05
7.299649824912455642e+01 1.018399555281215741e-05
7.303651825912956497e+01 1.016829154733281836e-05
7.307653826913455930e+01 1.015262443902007069e-05
7.311655827913956784e+01 1.013699411040910475e-05
7.315657828914457639e+01 1.012140044451020660e-05
7.319659829914957072e+01 1.010584332480635579e-05
7.323661830915457926e+01 1.009032263525092994e-05
7.327663831915957360e+01 1.007483826026539910e-05
7.331665832916458214e+01 1.005939008473698962e-05
7.335667833916957647e+01 1.004397799401644292e-05
7.339669834917458502e+01 1.002860187391568615e-05
7.343671835917959356e+01 1.001326161070560448e-05
7.347673836918458790e+01 9.997957091113808322e-06
7.351675837918959644e+01 9.982688202322351437e-06
7.355677838919459077e+01 9.967454831965540495e-06
7.359679839919959932e+01 9.952256868127714161e-06
7.363681840920459365e+01 9.937094199341069606e-06
7.367683841920960219e+01 9.921966714583428033e-06
7.371685842921461074e+01 9.906874303276106935e-06
7.375687843921960507e+01 9.891816855281766930e-06
7.379689844922461361e+01 9.876794260902212872e-06
7.383691845922960795e+01 9.861806410876323693e-06
7.387693846923461649e+01 9.846853196377877232e-06
7.391695847923961082e+01 9.831934509013464833e-06
7.395697848924461937e+01 9.817050240820402563e-06
7.399699849924962791e+01 9.802200284264630574e-06
7.403701850925462224e+01 9.787384532238648031e-06
7.407703851925963079e+01 9.772602878059429417e-06
7.411705852926462512e+01 9.757855215466422141e-06
7.415707853926963367e+01 9.743141438619445902e-06
7.419709854927464221e+01 9.728461442096720792e-06
7.423711855927963654e+01 9.713815120892832725e-06
7.427713856928464509e+01 9.699202370416698863e-06
7.431715857928963942e+01 9.684623086489636381e-06
7.435717858929464796e+01 9.670077165343329590e-06
7.439719859929964230e+01 9.655564503617895309e-06
7.443721860930465084e+01 9.641084998359890649e-06
7.447723861930965938e+01 9.626638547020397021e-06
7.451725862931465372e+01 9.612225047453077043e-06
7.455727863931966226e+01 9.597844397912222975e-06
7.459729864932465659e+01 9.583496497050886476e-06
7.463731865932966514e+01 9.569181243918932112e-06
7.467733866933465947e+01 9.554898537961184059e-06
7.471735867933966802e+01 9.540648279015493167e-06
7.475737868934467656e+01 9.526430367310937861e-06
7.479739869934967089e+01 9.512244703465899689e-06
7.483741870935467944e+01 9.498091188486218478e-06
7.487743871935967377e+01 9.483969723763408484e-06
7.491745872936468231e+01 9.469880211072757652e-06
7.495747873936967665e+01 9.455822552571548846e-06
7.499749874937468519e+01 9.441796650797245501e-06
7.503751875937969373e+01 9.427802408665690839e-06
7.507753876938468807e+01 9.413839729469315536e-06
7.511755877938969661e+01 9.399908516875352189e-06
7.515757878939469094e+01 9.386008674924092111e-06
7.519759879939969949e+01 9.372140108027076077e-06
7.523761880940469382e+01 9.358302720965413804e-06
7.527763881940970236e+01 9.344496418887984860e-06
7.531765882941471091e+01 9.330721107309747979e-06
7.535767883941970524e+01 9.316976692109992791e-06
7.539769884942471379e+01 9.303263079530635588e-06
7.543771885942970812e+01 9.289580176174543893e-06
7.547773886943471666e+01 9.275927889003811905e-06
7.551775887943971100e+01 9.262306125338088449e-06
7.555777888944471954e+01 9.248714792852913411e-06
7.559779889944972808e+01 9.235153799578038912e-06
7.563781890945472242e+01 9.221623053895794538e-06
7.567783891945973096e+01 9.208122464539413604e-06
7.571785892946472529e+01 9.194651940591437340e-06
7.575787893946973384e+01 9.181211391482027603e-06
7.579789894947472817e+01 9.167800726987425280e-06
7.583791895947973671e+01 9.154419857228264688e-06
7.587793896948474526e+01 9.141068692668030283e-06
7.591795897948973959e+01 9.127747144111450684e-06
7.595797898949474813e+01 9.114455122702865594e-06
7.599799899949974247e+01 9.101192539924748574e-06
7.603801900950475101e+01 9.087959307596035001e-06
7.607803901950975956e+01 9.074755337870660089e-06
7.611805902951475389e+01 9.061580543235947830e-06
7.615807903951976243e+01 9.048434836511077870e-06
7.619809904952475677e+01 9.035318130845589640e-06
7.623811905952976531e+01 9.022230339717808578e-06
7.627813906953475964e+01 9.009171376933382451e-06
7.631815907953976819e+01 8.996141156623736366e-06
7.635817908954477673e+01 8.983139593244581997e-06
7.639819909954977106e+01 8.970166601574452211e-06
7.643821910955477961e+01 8.957222096713176416e-06
7.647823911955977394e+01 8.944305994080442294e-06
7.651825912956478248e+01 8.931418209414310107e-06
7.655827913956977682e+01 8.918558658769765965e-06
7.659829914957478536e+01 8.905727258517256458e-06
7.663831915957979390e+01 8.892923925341265641e-06
7.667833916958478824e+01 8.880148576238861525e-06
7.671835917958979678e+01 8.867401128518283230e-06
7.675837918959479111e+01 8.854681499797521351e-06
7.679839919959979966e+01 8.841989608002874618e-06
7.683841920960479399e+01 8.829325371367598033e-06
7.687843921960980254e+01 8.816688708430469684e-06
7.691845922961481108e+01 8.804079538034423642e-06
7.695847923961980541e+01 8.791497779325132021e-06
7.699849924962481396e+01 8.778943351749686998e-06
7.703851925962980829e+01 8.766416175055177798e-06
7.707853926963481683e+01 8.753916169287359156e-06
7.711855927963981117e+01 8.741443254789323171e-06
7.715857928964481971e+01 8.728997352200086455e-06
7.719859929964982825e+01 8.716578382453317889e-06
7.723861930965482259e+01 8.704186266775993535e-06
7.727863931965983113e+01 8.691820926687036301e-06
7.731865932966482546e+01 8.679482283996047085e-06
7.735867933966983401e+01 8.667170260801957993e-06
7.739869934967482834e+01 8.654884779491771955e-06
7.743871935967983688e+01 8.642625762739210860e-06
7.747873936968484543e+01 8.630393133503483968e-06
7.751875937968983976e+01 8.618186815027973317e-06
7.755877938969484831e+01 8.606006730838949623e-06
7.759879939969984264e+01 8.593852804744350852e-06
7.763881940970485118e+01 8.581724960832455774e-06
7.767883941970985973e+01 8.569623123470689640e-06
7.771885942971485406e+01 8.557547217304350252e-06
7.775887943971986260e+01 8.545497167255339098e-06
7.779889944972485694e+01 8.533472898520985678e-06
7.783891945972986548e+01 8.521474336572765093e-06
7.787893946973485981e+01 8.509501407155110506e-06
7.791895947973986836e+01 8.497554036284171391e-06
7.795897948974487690e+01 8.485632150246631074e-06
7.799899949974987123e+01 8.473735675598492088e-06
7.803901950975487978e+01 8.461864539163856450e-06
7.807903951975987411e+01 8.450018668033785547e-06
7.811905952976488265e+01 8.438197989565063474e-06
7.815907953976987699e+01 8.426402431379065395e-06
7.819909954977488553e+01 8.414631921360541205e-06
7.823911955977989408e+01 8.402886387656497447e-06
7.827913956978488841e+01 8.391165758674991134e-06
7.831915957978989695e+01 8.379469963084016751e-06
7.835917958979489129e+01 8.367798929810323796e-06
7.839919959979989983e+01 8.356152588038315637e-06
7.843921960980489416e+01 8.344530867208865360e-06
7.847923961980990271e+01 8.332933697018226485e-06
7.851925962981491125e+01 8.321361007416891163e-06
7.855927963981990558e+01 8.309812728608492426e-06
7.859929964982491413e+01 8.298288791048643749e-06
7.863931965982990846e+01 8.286789125443898892e-06
7.867933966983491700e+01 8.275313662750586387e-06
7.871935967983991134e+01 8.263862334173777848e-06
7.875937968984491988e+01 8.252435071166139396e-06
7.879939969984992842e+01 8.241031805426896585e-06
7.883941970985492276e+01 8.229652468900729869e-06
7.887943971985993130e+01 8.218296993776703956e-06
7.891945972986492563e+01 8.206965312487210707e-06
7.895947973986993418e+01 8.195657357706900183e-06
7.899949974987492851e+01 8.184373062351632018e-06
7.903951975987993706e+01 8.173112359577418319e-06
7.907953976988494560e+01 8.161875182779376739e-06
7.911955977988993993e+01 8.150661465590714030e-06
7.915957978989494848e+01 8.139471141881638461e-06
7.919959979989994281e+01 8.128304145758409439e-06
7.923961980990495135e+01 8.117160411562232984e-06
7.927963981990994569e+01 8.106039873868299496e-06
7.931965982991495423e+01 8.094942467484748683e-06
7.935967983991996277e+01 8.083868127451664980e-06
7.939969984992495711e+01 8.072816789040067881e-06
7.943971985992996565e+01 8.061788387750931084e-06
7.947973986993495998e+01 8.050782859314177899e-06
7.951975987993996853e+01 8.039800139687681760e-06
7.955977988994497707e+01 8.028840165056309067e-06
7.959979989994997140e+01 8.017902871830940025e-06
7.963981990995497995e+01 8.006988196647455588e-06
7.967983991995997428e+01 7.996096076365837911e-06
7.971985992996498283e+01 7.985226448069130192e-06
7.975987993996997716e+01 7.974379249062557457e-06
7.979989994997498570e+01 7.963554416872501641e-06
7.983991995997999425e+01 7.952751889245608826e-06
7.987993996998498858e+01 7.941971604147815143e-06
7.991995997998999712e+01 7.931213499763411657e-06
7.995997998999499146e+01 7.920477514494127870e-06
8.000000000000000000e+01 7.909763586958181353e-06
