0.000000000000000000e+00 8.271626980706237866e-05
4.002001000500250011e-02 8.306796612849669909e-05
8.004002001000500022e-02 8.342213220494411048e-05
1.200600300150075073e-01 8.377879309898380851e-05
1.600800400200100004e-01 8.413797421150340391e-05
2.001000500250124936e-01 8.449970128743742833e-05
2.401200600300150145e-01 8.486400042162312387e-05
2.801400700350175077e-01 8.523089806477668741e-05
3.201600800400200009e-01 8.560042102959268030e-05
3.601800900450224940e-01 8.597259649696959859e-05
4.002001000500249872e-01 8.634745202236439549e-05
4.402201100550274804e-01 8.672501554227977796e-05
4.802401200600300291e-01 8.710531538088662205e-05
5.202601300650324667e-01 8.748838025678576228e-05
5.602801400700350154e-01 8.787423928991168975e-05
6.003001500750374531e-01 8.826292200858225140e-05
6.403201600800400017e-01 8.865445835669783382e-05
6.803401700850425504e-01 8.904887870109340592e-05
7.203601800900449881e-01 8.944621383904800133e-05
7.603801900950475368e-01 8.984649500595451364e-05
8.004002001000499744e-01 9.024975388315499515e-05
8.404202101050525231e-01 9.065602260594444052e-05
8.804402201100549608e-01 9.106533377174839527e-05
9.204602301150575094e-01 9.147772044847810231e-05
9.604802401200600581e-01 9.189321618306779444e-05
1.000500250125062607e+00 9.231185501019937764e-05
1.040520260130064933e+00 9.273367146121819151e-05
1.080540270135067482e+00 9.315870057324597238e-05
1.120560280140070031e+00 9.358697789849531560e-05
1.160580290145072579e+00 9.401853951379108469e-05
1.200600300150074906e+00 9.445342203030439212e-05
1.240620310155077455e+00 9.489166260350409793e-05
1.280640320160080003e+00 9.533329894333250794e-05
1.320660330165082552e+00 9.577836932460985215e-05
1.360680340170085101e+00 9.622691259767511920e-05
1.400700350175087427e+00 9.667896819926815287e-05
1.440720360180089976e+00 9.713457616365999032e-05
1.480740370185092525e+00 9.759377713403848923e-05
1.520760380190095074e+00 9.805661237415545090e-05
1.560780390195097400e+00 9.852312378024236810e-05
1.600800400200099949e+00 9.899335389320235981e-05
1.640820410205102498e+00 9.946734591108586873e-05
1.680840420210105046e+00 9.994514370185688442e-05
1.720860430215107595e+00 1.004267918164591922e-04
1.760880440220109922e+00 1.009123355021894649e-04
1.800900450225112470e+00 1.014018207163866025e-04
1.840920460230115019e+00 1.018952941404453711e-04
1.880940470235117568e+00 1.023928031941637038e-04
1.920960480240120116e+00 1.028943960504333964e-04
1.960980490245122443e+00 1.034001216502826405e-04
2.001000500250125214e+00 1.039100297182815461e-04
2.041020510255127540e+00 1.044241707783198051e-04
2.081040520260129867e+00 1.049425961697683093e-04
2.121060530265132638e+00 1.054653580640339155e-04
2.161080540270134964e+00 1.059925094815204191e-04
2.201100550275137291e+00 1.065241043090058622e-04
2.241120560280140062e+00 1.070601973174494431e-04
2.281140570285142388e+00 1.076008441802390043e-04
2.321160580290145159e+00 1.081461014918935206e-04
2.361180590295147486e+00 1.086960267872322131e-04
2.401200600300149812e+00 1.092506785610255512e-04
2.441220610305152583e+00 1.098101162881406369e-04
2.481240620310154910e+00 1.103744004441971268e-04
2.521260630315157680e+00 1.109435925267473376e-04
2.561280640320160007e+00 1.115177550769977496e-04
2.601300650325162334e+00 1.120969517020862708e-04
2.641320660330165104e+00 1.126812470979335866e-04
2.681340670335167431e+00 1.132707070726845193e-04
2.721360680340170202e+00 1.138653985707585592e-04
2.761380690345172528e+00 1.144653896975267261e-04
2.801400700350174855e+00 1.150707497446348462e-04
2.841420710355177626e+00 1.156815492159928265e-04
2.881440720360179952e+00 1.162978598544499992e-04
2.921460730365182723e+00 1.169197546691783010e-04
2.961480740370185050e+00 1.175473079637847951e-04
3.001500750375187376e+00 1.181805953651767112e-04
3.041520760380190147e+00 1.188196938532021501e-04
3.081540770385192474e+00 1.194646817910910929e-04
3.121560780390194800e+00 1.201156389567216909e-04
3.161580790395197571e+00 1.207726465747387790e-04
3.201600800400199898e+00 1.214357873495505393e-04
3.241620810405202668e+00 1.221051454992324648e-04
3.281640820410204995e+00 1.227808067903676543e-04
3.321660830415207322e+00 1.234628585738529007e-04
3.361680840420210092e+00 1.241513898217027473e-04
3.401700850425212419e+00 1.248464911648839554e-04
3.441720860430215190e+00 1.255482549322131821e-04
3.481740870435217516e+00 1.262567751903546345e-04
3.521760880440219843e+00 1.269721477849515838e-04
3.561780890445222614e+00 1.276944703829320147e-04
3.601800900450224940e+00 1.284238425160254651e-04
3.641820910455227711e+00 1.291603656255325527e-04
3.681840920460230038e+00 1.299041431083895542e-04
3.721860930465232364e+00 1.306552803645710521e-04
3.761880940470235135e+00 1.314138848458767559e-04
3.801900950475237462e+00 1.321800661061495511e-04
3.841920960480240232e+00 1.329539358529738637e-04
3.881940970485242559e+00 1.337356080009049727e-04
3.921960980490244886e+00 1.345251987262831002e-04
3.961980990495247656e+00 1.353228265236864367e-04
4.002001000500250427e+00 1.361286122640812941e-04
4.042021010505252754e+00 1.369426792547285860e-04
4.082041020510255080e+00 1.377651533009078091e-04
4.122061030515257407e+00 1.385961627695250981e-04
4.162081040520259734e+00 1.394358386546703501e-04
4.202101050525262949e+00 1.402843146451942993e-04
4.242121060530265275e+00 1.411417271943779116e-04
4.282141070535267602e+00 1.420082155917706725e-04
4.322161080540269928e+00 1.428839220372749887e-04
4.362181090545272255e+00 1.437689917175602146e-04
4.402201100550274582e+00 1.446635728848914154e-04
4.442221110555277797e+00 1.455678169384617407e-04
4.482241120560280123e+00 1.464818785083214640e-04
4.522261130565282450e+00 1.474059155420010198e-04
4.562281140570284776e+00 1.483400893939282469e-04
4.602301150575287103e+00 1.492845649177453298e-04
4.642321160580290318e+00 1.502395105616359202e-04
4.682341170585292645e+00 1.512050984667757893e-04
4.722361180590294971e+00 1.521815045690283626e-04
4.762381190595297298e+00 1.531689087040080037e-04
4.802401200600299624e+00 1.541674947156425866e-04
4.842421210605302839e+00 1.551774505683712094e-04
4.882441220610305166e+00 1.561989684631189966e-04
4.922461230615307493e+00 1.572322449571973365e-04
4.962481240620309819e+00 1.582774810882852463e-04
5.002501250625312146e+00 1.593348825026532733e-04
5.042521260630315361e+00 1.604046595877996661e-04
5.082541270635317687e+00 1.614870276096768407e-04
5.122561280640320014e+00 1.625822068546919680e-04
5.162581290645322341e+00 1.636904227766772734e-04
5.202601300650324667e+00 1.648119061490315200e-04
5.242621310655327882e+00 1.659468932222466961e-04
5.282641320660330209e+00 1.670956258870400293e-04
5.322661330665332535e+00 1.682583518433271113e-04
5.362681340670334862e+00 1.694353247752766658e-04
5.402701350675337189e+00 1.706268045327064356e-04
5.442721360680340403e+00 1.718330573190837035e-04
5.482741370685342730e+00 1.730543558864150238e-04
5.522761380690345057e+00 1.742909797373174113e-04
5.562781390695347383e+00 1.755432153345799296e-04
5.602801400700349710e+00 1.768113563185401014e-04
5.642821410705352925e+00 1.780957037326156330e-04
5.682841420710355251e+00 1.793965662573459327e-04
5.722861430715357578e+00 1.807142604533216752e-04
5.762881440720359905e+00 1.820491110133917755e-04
5.802901450725362231e+00 1.834014510245653531e-04
5.842921460730365446e+00 1.847716222400390862e-04
5.882941470735367773e+00 1.861599753618101215e-04
5.922961480740370099e+00 1.875668703343518287e-04
5.962981490745372426e+00 1.889926766498600265e-04
6.003001500750374753e+00 1.904377736655986060e-04
6.043021510755377079e+00 1.919025509339055725e-04
6.083041520760380294e+00 1.933874085454477130e-04
6.123061530765382621e+00 1.948927574863431580e-04
6.163081540770384947e+00 1.964190200098071565e-04
6.203101550775387274e+00 1.979666300230058739e-04
6.243121560780389601e+00 1.995360334898477986e-04
6.283141570785392815e+00 2.011276888504735707e-04
6.323161580790395142e+00 2.027420674582557829e-04
6.363181590795397469e+00 2.043796540351557078e-04
6.403201600800399795e+00 2.060409471463390868e-04
6.443221610805402122e+00 2.077264596949983584e-04
6.483241620810405337e+00 2.094367194383838318e-04
6.523261630815407663e+00 2.111722695261034251e-04
6.563281640820409990e+00 2.129336690618105412e-04
6.603301650825412317e+00 2.147214936894628926e-04
6.643321660830414643e+00 2.165363362054052601e-04
6.683341670835417858e+00 2.183788071976011614e-04
6.723361680840420185e+00 2.202495357134156564e-04
6.763381690845422511e+00 2.221491699574343467e-04
6.803401700850424838e+00 2.240783780208928865e-04
6.843421710855427165e+00 2.260378486443834765e-04
6.883441720860430380e+00 2.280282920156068377e-04
6.923461730865432706e+00 2.300504406040443329e-04
6.963481740870435033e+00 2.321050500345408834e-04
7.003501750875437359e+00 2.341929000019088111e-04
7.043521760880439686e+00 2.363147952287964154e-04
7.083541770885442901e+00 2.384715664692043627e-04
7.123561780890445227e+00 2.406640715601807395e-04
7.163581790895447554e+00 2.428931965243888783e-04
7.203601800900449881e+00 2.451598567264114408e-04
7.243621810905452207e+00 2.474649980858383436e-04
7.283641820910455422e+00 2.498095983503876086e-04
7.323661830915457749e+00 2.521946684325103698e-04
7.363681840920460075e+00 2.546212538131713407e-04
7.403701850925462402e+00 2.570904360167274093e-04
7.443721860930464729e+00 2.596033341610986004e-04
7.483741870935467944e+00 2.621611065877011890e-04
7.523761880940470270e+00 2.647649525759205019e-04
7.563781890945472597e+00 2.674161141472231160e-04
7.603801900950474923e+00 2.701158779643607431e-04
7.643821910955477250e+00 2.728655773314995125e-04
7.683841920960480465e+00 2.756665943015096289e-04
7.723861930965482792e+00 2.785203618970981550e-04
7.763881940970485118e+00 2.814283664529337696e-04
7.803901950975487445e+00 2.843921500864356406e-04
7.843921960980489771e+00 2.874133133054418464e-04
7.883941970985492098e+00 2.904935177615781440e-04
7.923961980990495313e+00 2.936344891587975886e-04
7.963981990995497640e+00 2.968380203272562691e-04
8.004002001000500854e+00 3.001059744734574939e-04
8.044022011005502293e+00 3.034402886184175041e-04
8.084042021010505508e+00 3.068429772365002047e-04
8.124062031015506946e+00 3.103161361085390326e-04
8.164082041020510161e+00 3.138619464039191773e-04
8.204102051025513376e+00 3.174826790074361678e-04
8.244122061030514814e+00 3.211806991079982289e-04
8.284142071035518029e+00 3.249584710675922430e-04
8.324162081040519467e+00 3.288185635904130894e-04
8.364182091045522682e+00 3.327636552136691538e-04
8.404202101050525897e+00 3.367965401433328852e-04
8.444222111055527336e+00 3.409201344600264281e-04
8.484242121060530550e+00 3.451374827223340283e-04
8.524262131065531989e+00 3.494517649971166776e-04
8.564282141070535204e+00 3.538663043489354205e-04
8.604302151075536642e+00 3.583845748234192811e-04
8.644322161080539857e+00 3.630102099624498606e-04
8.684342171085543072e+00 3.677470118923336631e-04
8.724362181090544510e+00 3.725989610297761301e-04
8.764382191095547725e+00 3.775702264544661597e-04
8.804402201100549163e+00 3.826651770014809326e-04
8.844422211105552378e+00 3.878883931315662789e-04
8.884442221110555593e+00 3.932446796426879989e-04
8.924462231115557032e+00 3.987390792921468013e-04
8.964482241120560246e+00 4.043768874050611287e-04
9.004502251125561685e+00 4.101636675522165308e-04
9.044522261130564900e+00 4.161052683882636547e-04
9.084542271135568114e+00 4.222078417500605145e-04
9.124562281140569553e+00 4.284778621247672709e-04
9.164582291145572768e+00 4.349221476081707163e-04
9.204602301150574206e+00 4.415478824858097757e-04
9.244622311155577421e+00 4.483626415829417228e-04
9.284642321160580636e+00 4.553744165443767171e-04
9.324662331165582074e+00 4.625916442219534419e-04
9.364682341170585289e+00 4.700232373661165312e-04
9.404702351175586728e+00 4.776786178389542492e-04
9.444722361180589942e+00 4.855677525894862355e-04
9.484742371185593157e+00 4.937011926582160221e-04
9.524762381190594596e+00 5.020901155074652044e-04
9.564782391195597810e+00 5.107463710071275453e-04
9.604802401200599249e+00 5.196825314428024601e-04
9.644822411205602464e+00 5.289119459553504737e-04
9.684842421210605679e+00 5.384487998684050905e-04
9.724862431215607117e+00 5.483081794141318353e-04
9.764882441220610332e+00 5.585061424283612689e-04
9.804902451225611770e+00 5.690597956552808246e-04
9.844922461230614985e+00 5.799873793803254560e-04
9.884942471235618200e+00 5.913083601991891850e-04
9.924962481240619638e+00 6.030435328327100756e-04
9.964982491245622853e+00 6.152151320136592383e-04
1.000500250125062429e+01 6.278469556045000906e-04
1.004502251125562751e+01 6.409645002577439186e-04
1.008504252126063072e+01 6.545951111056612414e-04
1.012506253126563216e+01 6.687681471677190152e-04
1.016508254127063537e+01 6.835151643965418347e-04
1.020510255127563681e+01 6.988701185517529231e-04
1.024512256128064003e+01 7.148695904020594110e-04
1.028514257128564324e+01 7.315530361167911109e-04
1.032516258129064468e+01 7.489630661278589988e-04
1.036518259129564790e+01 7.671457562323788027e-04
1.040520260130064933e+01 7.861509952779939178e-04
1.044522261130565255e+01 8.060328744427745209e-04
1.048524262131065576e+01 8.268501239081881395e-04
1.052526263131565720e+01 8.486666036500026874e-04
1.056528264132066042e+01 8.715518561657108415e-04
1.060530265132566186e+01 8.955817302521317707e-04
1.064532266133066507e+01 9.208390864847549153e-04
1.068534267133566829e+01 9.474145968818791473e-04
1.072536268134066972e+01 9.754076534250453751e-04
1.076538269134567294e+01 1.004927402730489659e-03
1.080540270135067438e+01 1.036093927320718561e-03
1.084542271135567759e+01 1.069039597751898904e-03
1.088544272136068081e+01 1.103910624462892251e-03
1.092546273136568225e+01 1.140868843815917924e-03
1.096548274137068546e+01 1.180093779637396856e-03
1.100550275137568690e+01 1.221785029946035207e-03
1.104552276138069011e+01 1.266165038863451605e-03
1.108554277138569333e+01 1.313482326439888289e-03
1.112556278139069477e+01 1.364015264937789044e-03
1.116558279139569798e+01 1.418076509832872853e-03
1.120560280140069942e+01 1.476018218502254649e-03
1.124562281140570263e+01 1.538238220695683231e-03
1.128564282141070585e+01 1.605187344305248481e-03
1.132566283141570729e+01 1.677378150150696115e-03
1.136568284142071050e+01 1.755395393805575261e-03
1.140570285142571194e+01 1.839908615373542179e-03
1.144572286143071516e+01 1.931687365637437502e-03
1.148574287143571837e+01 2.031619717404621953e-03
1.152576288144071981e+01 2.140734895518980191e-03
1.156578289144572302e+01 2.260231103649869202e-03
1.160580290145072446e+01 2.391509952623965818e-03
1.164582291145572768e+01 2.536219334812633928e-03
1.168584292146073089e+01 2.696307186186582428e-03
1.172586293146573233e+01 2.874089395768292515e-03
1.176588294147073555e+01 3.072336253869022756e-03
1.180590295147573698e+01 3.294383411579386144e-03
1.184592296148074020e+01 3.544275556301548606e-03
1.188594297148574341e+01 3.826954194836601746e-03
1.192596298149074485e+01 4.148505537516326835e-03
1.196598299149574807e+01 4.516491203076014420e-03
1.200600300150074951e+01 4.940394418373544004e-03
1.204602301150575272e+01 5.432229309096331220e-03
1.208604302151075416e+01 6.007383538423980568e-03
1.212606303151575737e+01 6.685799407264767132e-03
1.216608304152076059e+01 7.493652797413375734e-03
1.220610305152576203e+01 8.465774708266524118e-03
1.224612306153076524e+01 9.649195361562673198e-03
1.228614307153576668e+01 1.110840504650249978e-02
1.232616308154076989e+01 1.293326049949779233e-02
1.236618309154577311e+01 1.525096557877772888e-02
1.240620310155077455e+01 1.824421294216808237e-02
1.244622311155577776e+01 2.217809985473199672e-02
1.248624312156077920e+01 2.743742357259600778e-02
1.252626313156578242e+01 3.456814244027757443e-02
1.256628314157078563e+01 4.428490449572915211e-02
1.260630315157578707e+01 5.730475631572912870e-02
1.264632316158079028e+01 7.363531055729578834e-02
1.268634317158579172e+01 9.084605435445716748e-02
1.272636318159079494e+01 1.025210249448234856e-01
1.276638319159579815e+01 1.019235180894965676e-01
1.280640320160079959e+01 8.998939225781585338e-02
1.284642321160580281e+01 7.414404442388621008e-02
1.288644322161080424e+01 6.024361663935291766e-02
1.292646323161580746e+01 5.027658953350051807e-02
1.296648324162081067e+01 4.422689473787169701e-02
1.300650325162581211e+01 4.154052387587438971e-02
1.304652326163081533e+01 4.143810676699135470e-02
1.308654327163581677e+01 4.248453420670974395e-02
1.312656328164081998e+01 4.230392373675926493e-02
1.316658329164582319e+01 3.902869639178180999e-02
1.320660330165082463e+01 3.329836419820365878e-02
1.324662331165582785e+01 2.715689172621999978e-02
1.328664332166082929e+01 2.190212844660780270e-02
1.332666333166583250e+01 1.781660905158549690e-02
1.336668334167083572e+01 1.473629423019722114e-02
1.340670335167583715e+01 1.241573966931887839e-02
1.344672336168084037e+01 1.064730734835311540e-02
1.348674337168584181e+01 9.278489882688109244e-03
1.352676338169084502e+01 8.201992893194653619e-03
1.356678339169584824e+01 7.342870123935126524e-03
1.360680340170084968e+01 6.648368559403704768e-03
1.364682341170585289e+01 6.080844038083665741e-03
1.368684342171085433e+01 5.613008404273356171e-03
1.372686343171585754e+01 5.224766443846066283e-03
1.376688344172086076e+01 4.901099565965850481e-03
1.380690345172586220e+01 4.630633698954304475e-03
1.384692346173086541e+01 4.404656758951732906e-03
1.388694347173586685e+01 4.216434845641606026e-03
1.392696348174087007e+01 4.060729771751596558e-03
1.396698349174587328e+01 3.933454445004526574e-03
1.400700350175087472e+01 3.831424240627049910e-03
1.404702351175587793e+01 3.752176428128712032e-03
1.408704352176087937e+01 3.693838808951327435e-03
1.412706353176588259e+01 3.655034756387497055e-03
1.416708354177088580e+01 3.634815933091586210e-03
1.420710355177588724e+01 3.632616793647206084e-03
1.424712356178089045e+01 3.648227009393417448e-03
1.428714357178589189e+01 3.681779476715115774e-03
1.432716358179089511e+01 3.733752792492600961e-03
1.436718359179589832e+01 3.804988151789840713e-03
1.440720360180089976e+01 3.896721666049884642e-03
1.444722361180590298e+01 4.010634230456320594e-03
1.448724362181090441e+01 4.148922412528910537e-03
1.452726363181590763e+01 4.314395546228913178e-03
1.456728364182091084e+01 4.510606507715749988e-03
1.460730365182591228e+01 4.742026822338346603e-03
1.464732366183091550e+01 5.014281255187113401e-03
1.468734367183591694e+01 5.334463549343160596e-03
1.472736368184092015e+01 5.711564547263195402e-03
1.476738369184592337e+01 6.157058208477214634e-03
1.480740370185092480e+01 6.685712635777680407e-03
1.484742371185592802e+01 7.316726337965545265e-03
1.488744372186092946e+01 8.075341374323259658e-03
1.492746373186593267e+01 8.995165745609863192e-03
1.496748374187093589e+01 1.012156514595700593e-02
1.500750375187593733e+01 1.151668684056605420e-02
1.504752376188094054e+01 1.326699698036793579e-02
1.508754377188594198e+01 1.549469684005271714e-02
1.512756378189094519e+01 1.837505274232827807e-02
1.516758379189594841e+01 2.216234677687561883e-02
1.520760380190094985e+01 2.722681164599051115e-02
1.524762381190595306e+01 3.409953436867382837e-02
1.528764382191095450e+01 4.349825168132819692e-02
1.532766383191595772e+01 5.622515012552598695e-02
1.536768384192096093e+01 7.261724420726439755e-02
1.540770385192596237e+01 9.099442558538002601e-02
1.544772386193096558e+01 1.055551518727132765e-01
1.548774387193596702e+01 1.082277280696739702e-01
1.552776388194097024e+01 9.719744448147706051e-02
1.556778389194597167e+01 7.935340283962778740e-02
1.560780390195097489e+01 6.194599517563271346e-02
1.564782391195597810e+01 4.795342254721395719e-02
1.568784392196097954e+01 3.752039196796779635e-02
1.572786393196598276e+01 2.990956710590076534e-02
1.576788394197098420e+01 2.434849163965639024e-02
1.580790395197598741e+01 2.023992411068172015e-02
1.584792396198099063e+01 1.716206706992314673e-02
1.588794397198599206e+01 1.482503459279040266e-02
1.592796398199099528e+01 1.303012701363104320e-02
1.596798399199599672e+01 1.164015626253714873e-02
1.600800400200100171e+01 1.055941957441486855e-02
1.604802401200600315e+01 9.720517998074648669e-03
1.608804402201100459e+01 9.075726422276764876e-03
1.612806403201600602e+01 8.591337752440060885e-03
1.616808404202101102e+01 8.243960712743855085e-03
1.620810405202601245e+01 8.018128941761090353e-03
1.624812406203101389e+01 7.904826487266975246e-03
1.628814407203601888e+01 7.900698533544952412e-03
1.632816408204102032e+01 8.007831065075262864e-03
1.636818409204602176e+01 8.234074124851005483e-03
1.640820410205102675e+01 8.593969917029245856e-03
1.644822411205602819e+01 9.110447770595246283e-03
1.648824412206102963e+01 9.817584516342773085e-03
1.652826413206603107e+01 1.076492927080143457e-02
1.656828414207103606e+01 1.202419068932266723e-02
1.660830415207603750e+01 1.369950772018909899e-02
1.664832416208103893e+01 1.594300888235956892e-02
1.668834417208604393e+01 1.897745674345456893e-02
1.672836418209104536e+01 2.312557822639733571e-02
1.676838419209604680e+01 2.883452243316962649e-02
1.680840420210105179e+01 3.664353655113513492e-02
1.684842421210605323e+01 4.692904433202330777e-02
1.688844422211105467e+01 5.907552591804805797e-02
1.692846423211605611e+01 7.000946181816905534e-02
1.696848424212106110e+01 7.429003638308211144e-02
1.700850425212606254e+01 6.902635744475445201e-02
1.704852426213106398e+01 5.766995038134752061e-02
1.708854427213606897e+01 4.556184346583139894e-02
1.712856428214107041e+01 3.546358207460050677e-02
1.716858429214607185e+01 2.782472999411454012e-02
1.720860430215107328e+01 2.222590527496392035e-02
1.724862431215607828e+01 1.813046632517171380e-02
1.728864432216107971e+01 1.510311778812369748e-02
1.732866433216608115e+01 1.283145289191842293e-02
1.736868434217108614e+01 1.109963216099338519e-02
1.740870435217608758e+01 9.759473410909236604e-03
1.744872436218108902e+01 8.708522240887047947e-03
1.748874437218609401e+01 7.875036759490538357e-03
1.752876438219109545e+01 7.208040259823458515e-03
1.756878439219609689e+01 6.670773258644721593e-03
1.760880440220109833e+01 6.236360273637854383e-03
1.764882441220610332e+01 5.884911880641187192e-03
1.768884442221110476e+01 5.601562231427950622e-03
1.772886443221610620e+01 5.375123181351362626e-03
1.776888444222111119e+01 5.197150768497003220e-03
1.780890445222611262e+01 5.061292119446001922e-03
1.784892446223111406e+01 4.962826813762373501e-03
1.788894447223611905e+01 4.898346314012812751e-03
1.792896448224112049e+01 4.865534461674380501e-03
1.796898449224612193e+01 4.863025110454081631e-03
1.800900450225112337e+01 4.890322159441270848e-03
1.804902451225612836e+01 4.947774161567363924e-03
1.808904452226112980e+01 5.036601445279003698e-03
1.812906453226613124e+01 5.158979195510237509e-03
1.816908454227113623e+01 5.318186046436648717e-03
1.820910455227613767e+01 5.518835428795012231e-03
1.824912456228113911e+01 5.767217519860190315e-03
1.828914457228614410e+01 6.071795142396437146e-03
1.832916458229114554e+01 6.443920440841517487e-03
1.836918459229614697e+01 6.898875570252580025e-03
1.840920460230114841e+01 7.457397898354561905e-03
1.844922461230615340e+01 8.147940864050915236e-03
1.848924462231115484e+01 9.010064372492559287e-03
1.852926463231615628e+01 1.009956738443460421e-02
1.856928464232116127e+01 1.149628539564326833e-02
1.860930465232616271e+01 1.331581853487026276e-02
1.864932466233116415e+01 1.572645499479463638e-02
1.868934467233616914e+01 1.897066697883317832e-02
1.872936468234117058e+01 2.338141569386552668e-02
1.876938469234617202e+01 2.935112900057413113e-02
1.880940470235117346e+01 3.712239682634481397e-02
1.884942471235617845e+01 4.613847426980948602e-02
1.888944472236117988e+01 5.398174828553057442e-02
1.892946473236618132e+01 5.669205336543537560e-02
1.896948474237118631e+01 5.256269217688775558e-02
1.900950475237618775e+01 4.440863535864937595e-02
1.904952476238118919e+01 3.600231266267493735e-02
1.908954477238619418e+01 2.915337877620367488e-02
1.912956478239119562e+01 2.409705347637433950e-02
1.916958479239619706e+01 2.051259316763432913e-02
1.920960480240119850e+01 1.802048654423386853e-02
1.924962481240620349e+01 1.632015747056175803e-02
1.928964482241120493e+01 1.519990025113261700e-02
1.932966483241620637e+01 1.451723089644686542e-02
1.936968484242121136e+01 1.417867865083683940e-02
1.940970485242621280e+01 1.412486965716576622e-02
1.944972486243121423e+01 1.432064622964087167e-02
1.948974487243621923e+01 1.474892134413487849e-02
1.952976488244122066e+01 1.540716442781333434e-02
1.956978489244622210e+01 1.630579667503430363e-02
1.960980490245122354e+01 1.746810704764063110e-02
1.964982491245622853e+01 1.893156817156376598e-02
1.968984492246122997e+01 2.075066979916414742e-02
1.972986493246623141e+01 2.300164277584077627e-02
1.976988494247123640e+01 2.578977337352679131e-02
1.980990495247623784e+01 2.926047841005404923e-02
1.984992496248123928e+01 3.361602729196362660e-02
1.988994497248624427e+01 3.914089675857982537e-02
1.992996498249124571e+01 4.624037516323455804e-02
1.996998499249624714e+01 5.549916874119979054e-02
2.001000500250124858e+01 6.776844584005524419e-02
2.005002501250625357e+01 8.428637099815620981e-02
2.009004502251125501e+01 1.068113904549425480e-01
2.013006503251625645e+01 1.376427309733941340e-01
2.017008504252126144e+01 1.790688073176718575e-01
2.021010505252626288e+01 2.310276423061263240e-01
2.025012506253126432e+01 2.854582417596666644e-01
2.029014507253626931e+01 3.213317558766480841e-01
2.033016508254127075e+01 3.167574129432026431e-01
2.037018509254627219e+01 2.748662275940330635e-01
2.041020510255127363e+01 2.195749590411793239e-01
2.045022511255627862e+01 1.694081470481278440e-01
2.049024512256128006e+01 1.301988599076949471e-01
2.053026513256628149e+01 1.011866359682429273e-01
2.057028514257128649e+01 7.997408301791261720e-02
2.061030515257628792e+01 6.435680029007130598e-02
2.065032516258128936e+01 5.269033750557159529e-02
2.069034517258629080e+01 4.382542872479138624e-02
2.073036518259129579e+01 3.697247450832531063e-02
2.077038519259629723e+01 3.158754464891889296e-02
2.081040520260129867e+01 2.729173433989309089e-02
2.085042521260630366e+01 2.381719170784947145e-02
2.089044522261130510e+01 2.097155028852977846e-02
2.093046523261630654e+01 1.861445695682052356e-02
2.097048524262131153e+01 1.664193936306511759e-02
2.101050525262631297e+01 1.497586126808585390e-02
2.105052526263131440e+01 1.355670823255865874e-02
2.109054527263631584e+01 1.233857943427876629e-02
2.113056528264132083e+01 1.128566068682036391e-02
2.117058529264632227e+01 1.036970590302037018e-02
2.121060530265132371e+01 9.568214726806885742e-03
2.125062531265632870e+01 8.863097287823073003e-03
2.129064532266133014e+01 8.239684253695705660e-03
2.133066533266633158e+01 7.685984690646020280e-03
2.137068534267133657e+01 7.192123865037734071e-03
2.141070535267633801e+01 6.749913162692198002e-03
2.145072536268133945e+01 6.352518034610531161e-03
2.149074537268634089e+01 5.994199397610009555e-03
2.153076538269134588e+01 5.670110593862098293e-03
2.157078539269634732e+01 5.376136745484472873e-03
2.161080540270134875e+01 5.108766729870390516e-03
2.165082541270635375e+01 4.864990453352558211e-03
2.169084542271135518e+01 4.642215891181479190e-03
2.173086543271635662e+01 4.438201680854115400e-03
2.177088544272136161e+01 4.251002035919842006e-03
2.181090545272636305e+01 4.078921481524915536e-03
2.185092546273136449e+01 3.920477467101906102e-03
2.189094547273636593e+01 3.774369332967008640e-03
2.193096548274137092e+01 3.639452430217649751e-03
2.197098549274637236e+01 3.514716442007780398e-03
2.201100550275137380e+01 3.399267147185885529e-03
2.205102551275637879e+01 3.292311017832923528e-03
2.209104552276138023e+01 3.193142160415643385e-03
2.213106553276638166e+01 3.101131203553448429e-03
2.217108554277138666e+01 3.015715809421096964e-03
2.221110555277638809e+01 2.936392544850126730e-03
2.225112556278138953e+01 2.862709895513416633e-03
2.229114557278639097e+01 2.794262244684283733e-03
2.233116558279139596e+01 2.730684668886626358e-03
2.237118559279639740e+01 2.671648427796927214e-03
2.241120560280139884e+01 2.616857046191358675e-03
2.245122561280640383e+01 2.566042902469683768e-03
2.249124562281140527e+01 2.518964252053239230e-03
2.253126563281640671e+01 2.475402625319023803e-03
2.257128564282141170e+01 2.435160549149463331e-03
2.261130565282641314e+01 2.398059549009933563e-03
2.265132566283141458e+01 2.363938395004045855e-03
2.269134567283641601e+01 2.332651560833887399e-03
2.273136568284142101e+01 2.304067869197085321e-03
2.277138569284642244e+01 2.278069301038439590e-03
2.281140570285142388e+01 2.254549949365070288e-03
2.285142571285642887e+01 2.233415101133132130e-03
2.289144572286143031e+01 2.214580433104035555e-03
2.293146573286643175e+01 2.197971309618615421e-03
2.297148574287143674e+01 2.183522172005351175e-03
2.301150575287643818e+01 2.171176010871386178e-03
2.305152576288143962e+01 2.160883913862452019e-03
2.309154577288644106e+01 2.152604682653502539e-03
2.313156578289144605e+01 2.146304513974183446e-03
2.317158579289644749e+01 2.141956740406764093e-03
2.321160580290144893e+01 2.139541627539852126e-03
2.325162581290645392e+01 2.139046224837637573e-03
2.329164582291145535e+01 2.140464268308110880e-03
2.333166583291645679e+01 2.143796133739690225e-03
2.337168584292146178e+01 2.149048839937944474e-03
2.341170585292646322e+01 2.156236102045938283e-03
2.345172586293146466e+01 2.165378435686214891e-03
2.349174587293646610e+01 2.176503313332733662e-03
2.353176588294147109e+01 2.189645375020857730e-03
2.357178589294647253e+01 2.204846696247235970e-03
2.361180590295147397e+01 2.222157116715096133e-03
2.365182591295647896e+01 2.241634634461606244e-03
2.369184592296148040e+01 2.263345870882692724e-03
2.373186593296648184e+01 2.287366613270148084e-03
2.377188594297148683e+01 2.313782442722782384e-03
2.381190595297648827e+01 2.342689456719629793e-03
2.385192596298148970e+01 2.374195097286397639e-03
2.389194597298649114e+01 2.408419097591581268e-03
2.393196598299149613e+01 2.445494562030349657e-03
2.397198599299649757e+01 2.485569197458081542e-03
2.401200600300149901e+01 2.528806716302049989e-03
2.405202601300650400e+01 2.575388435906360990e-03
2.409204602301150544e+01 2.625515102773336856e-03
2.413206603301650688e+01 2.679408975502705400e-03
2.417208604302150832e+01 2.737316206383077783e-03
2.421210605302651331e+01 2.799509568988919721e-03
2.425212606303151475e+01 2.866291588068679667e-03
2.429214607303651619e+01 2.937998138839496148e-03
2.433216608304152118e+01 3.015002595989499205e-03
2.437218609304652261e+01 3.097720628814595867e-03
2.441220610305152405e+01 3.186615758728125747e-03
2.445222611305652904e+01 3.282205819837465122e-03
2.449224612306153048e+01 3.385070493621468359e-03
2.453226613306653192e+01 3.495860126577755161e-03
2.457228614307153336e+01 3.615306087149450839e-03
2.461230615307653835e+01 3.744232978068701666e-03
2.465232616308153979e+01 3.883573096159579404e-03
2.469234617308654123e+01 4.034383628563627255e-03
2.473236618309154622e+01 4.197867198940293150e-03
2.477238619309654766e+01 4.375396538497624242e-03
2.481240620310154910e+01 4.568544267125379012e-03
2.485242621310655409e+01 4.779119046594100181e-03
2.489244622311155553e+01 5.009209734730161838e-03
2.493246623311655696e+01 5.261239660532211412e-03
2.497248624312155840e+01 5.538033803671358994e-03
2.501250625312656339e+01 5.842902567451093571e-03
2.505252626313156483e+01 6.179747083940624608e-03
2.509254627313656627e+01 6.553192734245065140e-03
2.513256628314157126e+01 6.968760031293458335e-03
2.517258629314657270e+01 7.433085539356678977e-03
2.521260630315157414e+01 7.954210619860294790e-03
2.525262631315657913e+01 8.541963316012713900e-03
2.529264632316158057e+01 9.208469909442348195e-03
2.533266633316658201e+01 9.968849651647434043e-03
2.537268634317158345e+01 1.084217216957343577e-02
2.541270635317658844e+01 1.185279728934439565e-02
2.545272636318158987e+01 1.303227966602337785e-02
2.549274637318659131e+01 1.442211765411835316e-02
2.553276638319159630e+01 1.607777223997478369e-02
2.557278639319659774e+01 1.807458561666501137e-02
2.561280640320159918e+01 2.051644706068770155e-02
2.565282641320660417e+01 2.354802690871560591e-02
2.569284642321160561e+01 2.737008993111809951e-02
2.573286643321660705e+01 3.225127507082724970e-02
2.577288644322160849e+01 3.850875775630882569e-02
2.581290645322661348e+01 4.637690592209530588e-02
2.585292646323161492e+01 5.562909822109792651e-02
2.589294647323661636e+01 6.509713700376179579e-02
2.593296648324162135e+01 7.325562929500326059e-02
2.597298649324662279e+01 8.042406569216356549e-02
2.601300650325162422e+01 8.931833132695503330e-02
2.605302651325662922e+01 1.030734752400383897e-01
2.609304652326163065e+01 1.242940964496874745e-01
2.613306653326663209e+01 1.553134643980493834e-01
2.617308654327163353e+01 1.976048158101908481e-01
2.621310655327663852e+01 2.484919388658066441e-01
2.625312656328163996e+01 2.949187407538411687e-01
2.629314657328664140e+01 3.135030732142746746e-01
2.633316658329164639e+01 2.912534802278373136e-01
2.637318659329664783e+01 2.424580989111385088e-01
2.641320660330164927e+01 1.901123650844912250e-01
2.645322661330665426e+01 1.463179645122551220e-01
2.649324662331165570e+01 1.131281302460396126e-01
2.653326663331665713e+01 8.876565922058930747e-02
2.657328664332165857e+01 7.091480567572265581e-02
2.661330665332666356e+01 5.768927080662274165e-02
2.665332666333166500e+01 4.773297569541269658e-02
2.669334667333666644e+01 4.010810751803357138e-02
2.673336668334167143e+01 3.417028168448098951e-02
2.677338669334667287e+01 2.947350739743252734e-02
2.681340670335167431e+01 2.570502430822359588e-02
2.685342671335667930e+01 2.264209921463194650e-02
2.689344672336168074e+01 2.012356767437852717e-02
2.693346673336668218e+01 1.803098438755234775e-02
2.697348674337168362e+01 1.627599883908584580e-02
2.701350675337668861e+01 1.479178480141751448e-02
2.705352676338169005e+01 1.352713715884433510e-02
2.709354677338669148e+01 1.244234635263055319e-02
2.713356678339169648e+01 1.150627395585522919e-02
2.717358679339669791e+01 1.069425128015135881e-02
2.721360680340169935e+01 9.986549753248530337e-03
2.725362681340670434e+01 9.367253836095639635e-03
2.729364682341170578e+01 8.823420971068947696e-03
2.733366683341670722e+01 8.344448694147306445e-03
2.737368684342170866e+01 7.921592995813473218e-03
2.741370685342671365e+01 7.547598315620618163e-03
2.745372686343171509e+01 7.216410784254479426e-03
2.749374687343671653e+01 6.922954153420362612e-03
2.753376688344172152e+01 6.662953370436403011e-03
2.757378689344672296e+01 6.432794684652419319e-03
2.761380690345172439e+01 6.229414001663361247e-03
2.765382691345672583e+01 6.050207257369174738e-03
2.769384692346173082e+01 5.892958092372592438e-03
2.773386693346673226e+01 5.755779223845045728e-03
2.777388694347173370e+01 5.637064745791272279e-03
2.781390695347673869e+01 5.535451216536973508e-03
2.785392696348174013e+01 5.449785869072790688e-03
2.789394697348674157e+01 5.379100645041426029e-03
2.793396698349174656e+01 5.322591035266429314e-03
2.797398699349674800e+01 5.279598929746399591e-03
2.801400700350174944e+01 5.249598853475222204e-03
2.805402701350675088e+01 5.232187102878224291e-03
2.809404702351175587e+01 5.227073409839466667e-03
2.813406703351675731e+01 5.234074852972846019e-03
2.817408704352175874e+01 5.253111814243443915e-03
2.821410705352676374e+01 5.284205847541001942e-03
2.825412706353176517e+01 5.327479387923332761e-03
2.829414707353676661e+01 5.383157289147158867e-03
2.833416708354177160e+01 5.451570235770796316e-03
2.837418709354677304e+01 5.533160137576233033e-03
2.841420710355177448e+01 5.628487681632935585e-03
2.845422711355677592e+01 5.738242294895842290e-03
2.849424712356178091e+01 5.863254862611804070e-03
2.853426713356678235e+01 6.004513661243405034e-03
2.857428714357178379e+01 6.163184107480036526e-03
2.861430715357678878e+01 6.340633108731820455e-03
2.865432716358179022e+01 6.538459041559788534e-03
2.869434717358679165e+01 6.758528706174112000e-03
2.873436718359179665e+01 7.003023041682374279e-03
2.877438719359679808e+01 7.274493989231542966e-03
2.881440720360179952e+01 7.575935735874459245e-03
2.885442721360680096e+01 7.910874779809269272e-03
2.889444722361180595e+01 8.283485012801171735e-03
2.893446723361680739e+01 8.698736608952095661e-03
2.897448724362180883e+01 9.162591397065940335e-03
2.901450725362681382e+01 9.682263280481630957e-03
2.905452726363181526e+01 1.026657117802769713e-02
2.909454727363681670e+01 1.092642514901780854e-02
2.913456728364182169e+01 1.167550446190422468e-02
2.917458729364682313e+01 1.253120555837038998e-02
2.921460730365182457e+01 1.351593572773640041e-02
2.925462731365682600e+01 1.465871566749439407e-02
2.929464732366183100e+01 1.599652842079168913e-02
2.933466733366683243e+01 1.757305665937502689e-02
2.937468734367183387e+01 1.942790192925882356e-02
2.941470735367683886e+01 2.156484402110380935e-02
2.945472736368184030e+01 2.391173233021802805e-02
2.949474737368684174e+01 2.637140556606096947e-02
2.953476738369184673e+01 2.900855364953294421e-02
2.957478739369684817e+01 3.209433250440299479e-02
2.961480740370184961e+01 3.593964585260360500e-02
2.965482741370685105e+01 4.082435677499616361e-02
2.969484742371185604e+01 4.705665710706716243e-02
2.973486743371685748e+01 5.505235379649906641e-02
2.977488744372185892e+01 6.541156185409302548e-02
2.981490745372686391e+01 7.901311892909589074e-02
2.985492746373186534e+01 9.714602473137656791e-02
2.989494747373686678e+01 1.216799815879510832e-01
2.993496748374187177e+01 1.552128455042212640e-01
2.997498749374687321e+01 2.009061507150922410e-01
3.001500750375187465e+01 2.610742060865237080e-01
3.005502751375687609e+01 3.324964771974781574e-01
3.009504752376188108e+01 3.978510221427089544e-01
3.013506753376688252e+01 4.253937980507304095e-01
3.017508754377188396e+01 3.968385695499472288e-01
3.021510755377688895e+01 3.312027790138450944e-01
3.025512756378189039e+01 2.601018690325232474e-01
3.029514757378689183e+01 2.004532469792744132e-01
3.033516758379189682e+01 1.552628834594603213e-01
3.037518759379689826e+01 1.221615881070905602e-01
3.041520760380189969e+01 9.799166050259160154e-02
3.045522761380690113e+01 8.017023379262752658e-02
3.049524762381190612e+01 6.683921521509979258e-02
3.053526763381690756e+01 5.671468237474264901e-02
3.057528764382190900e+01 4.891610486338791863e-02
3.061530765382691399e+01 4.283590831072919825e-02
3.065532766383191543e+01 3.804999353171024251e-02
3.069534767383691687e+01 3.425846420957542188e-02
3.073536768384192186e+01 3.124667043876180536e-02
3.077538769384692330e+01 2.885951290214933129e-02
3.081540770385192474e+01 2.698436300219119247e-02
3.085542771385692618e+01 2.553962713014436975e-02
3.089544772386193117e+01 2.446707069321858719e-02
3.093546773386693260e+01 2.372671113093435813e-02
3.097548774387193404e+01 2.329353390943169483e-02
3.101550775387693903e+01 2.315557826295031041e-02
3.105552776388194047e+01 2.331314311867228178e-02
3.109554777388694191e+01 2.377902016724208964e-02
3.113556778389194335e+01 2.457980129467967137e-02
3.117558779389694834e+01 2.575845873717289014e-02
3.121560780390194978e+01 2.737858833596584426e-02
3.125562781390695122e+01 2.953097903914712538e-02
3.129564782391195621e+01 3.234358399173711124e-02
3.133566783391695765e+01 3.599660826179048451e-02
3.137568784392195909e+01 4.074541980299137972e-02
3.141570785392696408e+01 4.695547055387412627e-02
3.145572786393196552e+01 5.515537642835777188e-02
3.149574787393696695e+01 6.611594498466603909e-02
3.153576788394196839e+01 8.096029146537361831e-02
3.157578789394697338e+01 1.012882209058556665e-01
3.161580790395197482e+01 1.292073378325653554e-01
3.165582791395697626e+01 1.668707297517224575e-01
3.169584792396198125e+01 2.144394531925228886e-01
3.173586793396698269e+01 2.650078851406196812e-01
3.177588794397198413e+01 2.996580347770063657e-01
3.181590795397698912e+01 2.974897369869504704e-01
3.185592796398199056e+01 2.598879113903379556e-01
3.189594797398699200e+01 2.086452051045734335e-01
3.193596798399199344e+01 1.615684303233385632e-01
3.197598799399699843e+01 1.245769374175507427e-01
3.201600800400200342e+01 9.714489164058240367e-02
3.205602801400700486e+01 7.706913447076706170e-02
3.209604802401200629e+01 6.228160443422672832e-02
3.213606803401700773e+01 5.123019743868031939e-02
3.217608804402200917e+01 4.282811181576206411e-02
3.221610805402701061e+01 3.632843658252041252e-02
3.225612806403201205e+01 3.121685390599659299e-02
3.229614807403702059e+01 2.713535214518271801e-02
3.233616808404202203e+01 2.383108848014377570e-02
3.237618809404702347e+01 2.112268393056774066e-02
3.241620810405202491e+01 1.887799282265760839e-02
3.245622811405702635e+01 1.699931317994623700e-02
3.249624812406202778e+01 1.541342769573998336e-02
3.253626813406702922e+01 1.406480878636844588e-02
3.257628814407203777e+01 1.291092378699778415e-02
3.261630815407703921e+01 1.191895722624923895e-02
3.265632816408204064e+01 1.106350898927888592e-02
3.269634817408704208e+01 1.032498324179613632e-02
3.273636818409204352e+01 9.688486809873719796e-03
3.277638819409704496e+01 9.143128770317239182e-03
3.281640820410205350e+01 8.681669642893422023e-03
3.285642821410705494e+01 8.300518727565056598e-03
3.289644822411205638e+01 8.000127151936809594e-03
3.293646823411705782e+01 7.785865352073781907e-03
3.297648824412205926e+01 7.669457208913246261e-03
3.301650825412706070e+01 7.670769707337504566e-03
3.305652826413206213e+01 7.818556005521157259e-03
3.309654827413707068e+01 8.144747110530470985e-03
3.313656828414207212e+01 8.656993630681555571e-03
3.317658829414707355e+01 9.265363671085000488e-03
3.321660830415207499e+01 9.694976607608518301e-03
3.325662831415707643e+01 9.599754026707461169e-03
3.329664832416207787e+01 8.944260418258647219e-03
3.333666833416707931e+01 8.051590239303865748e-03
3.337668834417208785e+01 7.224928135153940376e-03
3.341670835417708929e+01 6.579715483705379439e-03
3.345672836418209073e+01 6.118539593927730877e-03
3.349674837418709217e+01 5.812565387516427373e-03
3.353676838419209361e+01 5.635204356720965695e-03
3.357678839419709504e+01 5.570608821500916234e-03
3.361680840420210359e+01 5.614510997396699593e-03
3.365682841420710503e+01 5.774133735698852403e-03
3.369684842421210647e+01 6.069271460329100573e-03
3.373686843421710790e+01 6.535276880357250226e-03
3.377688844422210934e+01 7.228298042956316644e-03
3.381690845422711078e+01 8.232278239399360570e-03
3.385692846423211222e+01 9.663616289592637937e-03
3.389694847423712076e+01 1.165680487691947084e-02
3.393696848424212220e+01 1.428091785879207279e-02
3.397698849424712364e+01 1.729364113662589311e-02
3.401700850425212508e+01 1.977575963200769657e-02
3.405702851425712652e+01 2.034700923392638444e-02
3.409704852426212796e+01 1.856317196554247220e-02
3.413706853426712939e+01 1.551059505906927927e-02
3.417708854427213794e+01 1.245987875377199683e-02
3.421710855427713938e+01 9.971591011638362284e-03
3.425712856428214081e+01 8.094421637282737947e-03
3.429714857428714225e+01 6.707977079022986455e-03
3.433716858429214369e+01 5.679549840885853018e-03
3.437718859429714513e+01 4.905109327101819967e-03
3.441720860430214657e+01 4.310768339375571460e-03
3.445722861430715511e+01 3.845573161362255722e-03
3.449724862431215655e+01 3.474472107366639168e-03
3.453726863431715799e+01 3.173131746917536977e-03
3.457728864432215943e+01 2.924420032700973497e-03
3.461730865432716087e+01 2.716081563061774687e-03
3.465732866433216230e+01 2.539205798824109399e-03
3.469734867433717085e+01 2.387210623346665370e-03
3.473736868434217229e+01 2.255159860903509141e-03
3.477738869434717373e+01 2.139298625242000949e-03
3.481740870435217516e+01 2.036732326026062349e-03
3.485742871435717660e+01 1.945201665407185216e-03
3.489744872436217804e+01 1.862922670614681987e-03
3.493746873436717948e+01 1.788471410836298386e-03
3.497748874437218802e+01 1.720699839004038133e-03
3.501750875437718946e+01 1.658673602278988666e-03
3.505752876438219090e+01 1.601625555835324566e-03
3.509754877438719234e+01 1.548920637131157149e-03
3.513756878439219378e+01 1.500029053006584527e-03
3.517758879439719522e+01 1.454505615414630965e-03
3.521760880440219665e+01 1.411973671557766388e-03
3.525762881440720520e+01 1.372112500254193523e-03
3.529764882441220664e+01 1.334647347267266162e-03
3.533766883441720807e+01 1.299341487116142425e-03
3.537768884442220951e+01 1.265989853749146599e-03
3.541770885442721095e+01 1.234413895195463507e-03
3.545772886443221239e+01 1.204457390129351274e-03
3.549774887443722093e+01 1.175983025652334009e-03
3.553776888444222237e+01 1.148869581454395328e-03
3.557778889444722381e+01 1.123009600047880207e-03
3.561780890445222525e+01 1.098307448969432568e-03
3.565782891445722669e+01 1.074677700867681610e-03
3.569784892446222813e+01 1.052043772799864585e-03
3.573786893446722956e+01 1.030336777990793285e-03
3.577788894447223811e+01 1.009494552604183002e-03
3.581790895447723955e+01 9.894608273639288361e-04
3.585792896448224099e+01 9.701845196080804328e-04
3.589794897448724242e+01 9.516191259124424841e-04
3.593796898449224386e+01 9.337221990493635828e-04
3.597798899449724530e+01 9.164548959533495203e-04
3.601800900450224674e+01 8.997815857034947070e-04
3.605802901450725528e+01 8.836695084231164458e-04
3.609804902451225672e+01 8.680884775320050822e-04
3.613806903451725816e+01 8.530106190384393987e-04
3.617808904452225960e+01 8.384101425832526499e-04
3.621810905452726104e+01 8.242631397908437149e-04
3.625812906453226248e+01 8.105474061775460280e-04
3.629814907453727102e+01 7.972422834438173348e-04
3.633816908454227246e+01 7.843285194556133327e-04
3.637818909454727390e+01 7.717881436197211818e-04
3.641820910455227533e+01 7.596043556922490786e-04
3.645822911455727677e+01 7.477614263401074221e-04
3.649824912456227821e+01 7.362446080118148798e-04
3.653826913456727965e+01 7.250400548737111900e-04
3.657828914457228819e+01 7.141347507369212545e-04
3.661830915457728963e+01 7.035164440442485869e-04
3.665832916458229107e+01 6.931735891087019777e-04
3.669834917458729251e+01 6.830952929001202732e-04
3.673836918459229395e+01 6.732712667659907250e-04
3.677838919459729539e+01 6.636917825496160351e-04
3.681840920460229682e+01 6.543476326350796323e-04
3.685842921460730537e+01 6.452300935056824727e-04
3.689844922461230681e+01 6.363308924520206513e-04
3.693846923461730825e+01 6.276421771087481102e-04
3.697848924462230968e+01 6.191564875364054992e-04
3.701850925462731112e+01 6.108667305970849485e-04
3.705852926463231256e+01 6.027661564010681171e-04
3.709854927463732110e+01 5.948483366263057496e-04
3.713856928464232254e+01 5.871071445343197491e-04
3.717858929464732398e+01 5.795367365251119117e-04
3.721860930465232542e+01 5.721315350904494085e-04
3.725862931465732686e+01 5.648862130396125475e-04
3.729864932466232830e+01 5.577956788847177917e-04
3.733866933466732974e+01 5.508550632842487693e-04
3.737868934467233828e+01 5.440597064536079096e-04
3.741870935467733972e+01 5.374051464605663535e-04
3.745872936468234116e+01 5.308871083314903316e-04
3.749874937468734259e+01 5.245014939014248836e-04
3.753876938469234403e+01 5.182443723474540378e-04
3.757878939469734547e+01 5.121119713504633780e-04
3.761880940470234691e+01 5.061006688355247207e-04
3.765882941470735545e+01 5.002069852456789882e-04
3.769884942471235689e+01 4.944275763079840564e-04
3.773886943471735833e+01 4.887592262543526698e-04
3.777888944472235977e+01 4.831988414630336960e-04
3.781890945472736121e+01 4.777434444895347341e-04
3.785892946473236265e+01 4.723901684584816971e-04
3.789894947473736408e+01 4.671362517903260509e-04
3.793896948474237263e+01 4.619790332389964648e-04
3.797898949474737407e+01 4.569159472185801681e-04
3.801900950475237551e+01 4.519445193988932204e-04
3.805902951475737694e+01 4.470623625514569786e-04
3.809904952476237838e+01 4.422671726288500567e-04
3.813906953476737982e+01 4.375567250617610343e-04
3.817908954477238836e+01 4.329288712592922641e-04
3.821910955477738980e+01 4.283815352991800132e-04
3.825912956478239124e+01 4.239127107956032329e-04
3.829914957478739268e+01 4.195204579332047516e-04
3.833916958479239412e+01 4.152029006567763592e-04
3.837918959479739556e+01 4.109582240068501832e-04
3.841920960480239700e+01 4.067846715921452183e-04
3.845922961480740554e+01 4.026805431904747915e-04
3.849924962481240698e+01 3.986441924703202537e-04
3.853926963481740842e+01 3.946740248258186700e-04
3.857928964482240985e+01 3.907684953184349728e-04
3.861930965482741129e+01 3.869261067190409411e-04
3.865932966483241273e+01 3.831454076445571532e-04
3.869934967483741417e+01 3.794249907837131614e-04
3.873936968484242271e+01 3.757634912068429827e-04
3.877938969484742415e+01 3.721595847549737167e-04
3.881940970485242559e+01 3.686119865037680229e-04
3.885942971485742703e+01 3.651194492981858536e-04
3.889944972486242847e+01 3.616807623539831842e-04
3.893946973486742991e+01 3.582947499224176709e-04
3.897948974487243845e+01 3.549602700147639418e-04
3.901950975487743989e+01 3.516762131834511832e-04
3.905952976488244133e+01 3.484415013568298108e-04
3.909954977488744277e+01 3.452550867247667320e-04
3.913956978489244420e+01 3.421159506724311713e-04
3.917958979489744564e+01 3.390231027597957183e-04
3.921960980490244708e+01 3.359755797445243271e-04
3.925962981490745562e+01 3.329724446460565835e-04
3.929964982491245706e+01 3.300127858488308033e-04
3.933966983491745850e+01 3.270957162426946143e-04
3.937968984492245994e+01 3.242203723986858454e-04
3.941970985492746138e+01 3.213859137784495410e-04
3.945972986493246282e+01 3.185915219756673463e-04
3.949974987493746426e+01 3.158363999879627848e-04
3.953976988494247280e+01 3.131197715178332848e-04
3.957978989494747424e+01 3.104408803012379263e-04
3.961980990495247568e+01 3.077989894625444197e-04
3.965982991495747711e+01 3.051933808946146126e-04
3.969984992496247855e+01 3.026233546628669655e-04
3.973986993496747999e+01 3.000882284322201380e-04
3.977988994497248854e+01 2.975873369158793459e-04
3.981990995497748997e+01 2.951200313449835275e-04
3.985992996498249141e+01 2.926856789581753202e-04
3.989994997498749285e+01 2.902836625102183559e-04
3.993996998499249429e+01 2.879133797988157081e-04
3.997998999499749573e+01 2.855742432088379163e-04
4.002001000500249717e+01 2.832656792732038127e-04
4.006003001500750571e+01 2.809871282496959771e-04
4.010005002501250715e+01 2.787380437130319464e-04
4.014007003501750859e+01 2.765178921615378928e-04
4.018009004502251003e+01 2.743261526378147977e-04
4.022011005502751146e+01 2.721623163628070457e-04
4.026013006503251290e+01 2.700258863827174048e-04
4.030015007503751434e+01 2.679163772282374041e-04
4.034017008504252289e+01 2.658333145855862464e-04
4.038019009504752432e+01 2.637762349788814217e-04
4.042021010505252576e+01 2.617446854633740023e-04
4.046023011505752720e+01 2.597382233291209018e-04
4.050025012506252864e+01 2.577564158146700667e-04
4.054027013506753008e+01 2.557988398303640042e-04
4.058029014507253862e+01 2.538650816908813641e-04
4.062031015507754006e+01 2.519547368566558585e-04
4.066033016508254150e+01 2.500674096838220533e-04
4.070035017508754294e+01 2.482027131823648825e-04
4.074037018509254438e+01 2.463602687821515847e-04
4.078039019509754581e+01 2.445397061065468199e-04
4.082041020510254725e+01 2.427406627533231116e-04
4.086043021510755580e+01 2.409627840825893572e-04
4.090045022511255723e+01 2.392057230114771156e-04
4.094047023511755867e+01 2.374691398153270399e-04
4.098049024512256011e+01 2.357527019351400739e-04
4.102051025512756155e+01 2.340560837910588725e-04
4.106053026513256299e+01 2.323789666016588384e-04
4.110055027513756443e+01 2.307210382088374905e-04
4.114057028514257297e+01 2.290819929080981727e-04
4.118059029514757441e+01 2.274615312840365768e-04
4.122061030515257585e+01 2.258593600508374455e-04
4.126063031515757729e+01 2.242751918976104491e-04
4.130065032516257872e+01 2.227087453383878879e-04
4.134067033516758016e+01 2.211597445666228085e-04
4.138069034517258160e+01 2.196279193140285378e-04
4.142071035517759015e+01 2.181130047136083593e-04
4.146073036518259158e+01 2.166147411667317037e-04
4.150075037518759302e+01 2.151328742141130870e-04
4.154077038519259446e+01 2.136671544105654013e-04
4.158079039519759590e+01 2.122173372033940640e-04
4.162081040520259734e+01 2.107831828143113552e-04
4.166083041520760588e+01 2.093644561247498916e-04
4.170085042521260732e+01 2.079609265644638614e-04
4.174087043521760876e+01 2.065723680033037743e-04
4.178089044522261020e+01 2.051985586460637850e-04
4.182091045522761164e+01 2.038392809302971842e-04
4.186093046523261307e+01 2.024943214270027742e-04
4.190095047523761451e+01 2.011634707440888902e-04
4.194097048524262306e+01 1.998465234325230711e-04
4.198099049524762449e+01 1.985432778950827046e-04
4.202101050525262593e+01 1.972535362976186900e-04
4.206103051525762737e+01 1.959771044827562524e-04
4.210105052526262881e+01 1.947137918859515374e-04
4.214107053526763025e+01 1.934634114538298297e-04
4.218109054527263169e+01 1.922257795647341601e-04
4.222111055527764023e+01 1.910007159514133968e-04
4.226113056528264167e+01 1.897880436257842252e-04
4.230115057528764311e+01 1.885875888056994713e-04
4.234117058529264455e+01 1.873991808436641668e-04
4.238119059529764598e+01 1.862226521574365540e-04
4.242121060530264742e+01 1.850578381624567038e-04
4.246123061530765597e+01 1.839045772060466104e-04
4.250125062531265741e+01 1.827627105033290730e-04
4.254127063531765884e+01 1.816320820748096884e-04
4.258129064532266028e+01 1.805125386855765555e-04
4.262131065532766172e+01 1.794039297860647265e-04
4.266133066533266316e+01 1.783061074543413336e-04
4.270135067533766460e+01 1.772189263398643902e-04
4.274137068534267314e+01 1.761422436086721973e-04
4.278139069534767458e+01 1.750759188899618827e-04
4.282141070535267602e+01 1.740198142240133555e-04
4.286143071535767746e+01 1.729737940114232735e-04
4.290145072536267890e+01 1.719377249636074468e-04
4.294147073536768033e+01 1.709114760545366561e-04
4.298149074537268177e+01 1.698949184736694041e-04
4.302151075537769032e+01 1.688879255800473911e-04
4.306153076538269175e+01 1.678903728575208121e-04
4.310155077538769319e+01 1.669021378710695369e-04
4.314157078539269463e+01 1.659231002241915527e-04
4.318159079539769607e+01 1.649531415173262502e-04
4.322161080540269751e+01 1.639921453072843642e-04
4.326163081540770605e+01 1.630399970676564070e-04
4.330165082541270749e+01 1.620965841501718116e-04
4.334167083541770893e+01 1.611617957469813262e-04
4.338169084542271037e+01 1.602355228538400033e-04
4.342171085542771181e+01 1.593176582341627524e-04
4.346173086543271324e+01 1.584080963839297463e-04
4.350175087543771468e+01 1.575067334974185849e-04
4.354177088544272323e+01 1.566134674337402871e-04
4.358179089544772467e+01 1.557281976841578045e-04
4.362181090545272610e+01 1.548508253401637491e-04
4.366183091545772754e+01 1.539812530623005274e-04
4.370185092546272898e+01 1.531193850496994095e-04
4.374187093546773042e+01 1.522651270103213478e-04
4.378189094547273186e+01 1.514183861318798674e-04
4.382191095547774040e+01 1.505790710534283823e-04
4.386193096548274184e+01 1.497470918375945373e-04
4.390195097548774328e+01 1.489223599434431422e-04
4.394197098549274472e+01 1.481047881999533343e-04
4.398199099549774616e+01 1.472942907800917534e-04
4.402201100550274759e+01 1.464907831754683675e-04
4.406203101550775614e+01 1.456941821715572222e-04
4.410205102551275758e+01 1.449044058234702948e-04
4.414207103551775901e+01 1.441213734322674335e-04
4.418209104552276045e+01 1.433450055217908329e-04
4.422211105552776189e+01 1.425752238160099517e-04
4.426213106553276333e+01 1.418119512168625619e-04
4.430215107553776477e+01 1.410551117825816284e-04
4.434217108554277331e+01 1.403046307064935460e-04
4.438219109554777475e+01 1.395604342962775146e-04
4.442221110555277619e+01 1.388224499536731501e-04
4.446223111555777763e+01 1.380906061546257615e-04
4.450225112556277907e+01 1.373648324298589656e-04
4.454227113556778050e+01 1.366450593458623346e-04
4.458229114557278194e+01 1.359312184862855924e-04
4.462231115557779049e+01 1.352232424337277859e-04
4.466233116558279193e+01 1.345210647519135699e-04
4.470235117558779336e+01 1.338246199682444103e-04
4.474237118559279480e+01 1.331338435567184695e-04
4.478239119559779624e+01 1.324486719212081157e-04
4.482241120560279768e+01 1.317690423790874405e-04
4.486243121560779912e+01 1.310948931452005409e-04
4.490245122561280766e+01 1.304261633161633014e-04
4.494247123561780910e+01 1.297627928549900309e-04
4.498249124562281054e+01 1.291047225760366863e-04
4.502251125562781198e+01 1.284518941302545034e-04
4.506253126563281342e+01 1.278042499907453336e-04
4.510255127563781485e+01 1.271617334386126433e-04
4.514257128564282340e+01 1.265242885490996906e-04
4.518259129564782484e+01 1.258918601780105982e-04
4.522261130565282627e+01 1.252643939484039128e-04
4.526263131565782771e+01 1.246418362375565920e-04
4.530265132566282915e+01 1.240241341641890396e-04
4.534267133566783059e+01 1.234112355759458776e-04
4.538269134567283203e+01 1.228030890371275207e-04
4.542271135567784057e+01 1.221996438166651820e-04
4.546273136568284201e+01 1.216008498763353240e-04
4.550275137568784345e+01 1.210066578592064408e-04
4.554277138569284489e+01 1.204170190783142010e-04
4.558279139569784633e+01 1.198318855055591355e-04
4.562281140570284776e+01 1.192512097608217769e-04
4.566283141570784920e+01 1.186749451012905453e-04
4.570285142571285775e+01 1.181030454109974627e-04
4.574287143571785919e+01 1.175354651905570740e-04
4.578289144572286062e+01 1.169721595471036687e-04
4.582291145572786206e+01 1.164130841844230620e-04
4.586293146573286350e+01 1.158581953932740985e-04
4.590295147573786494e+01 1.153074500418956082e-04
4.594297148574287348e+01 1.147608055666950210e-04
4.598299149574787492e+01 1.142182199631146678e-04
4.602301150575287636e+01 1.136796517766710125e-04
4.606303151575787780e+01 1.131450600941642386e-04
4.610305152576287924e+01 1.126144045350538684e-04
4.614307153576788068e+01 1.120876452429964972e-04
4.618309154577288211e+01 1.115647428775425938e-04
4.622311155577789066e+01 1.110456586059888968e-04
4.626313156578289210e+01 1.105303540953826952e-04
4.630315157578789353e+01 1.100187915046747658e-04
4.634317158579289497e+01 1.095109334770184617e-04
4.638319159579789641e+01 1.090067431322106677e-04
4.642321160580289785e+01 1.085061840592727137e-04
4.646323161580789929e+01 1.080092203091673821e-04
4.650325162581290783e+01 1.075158163876496786e-04
4.654327163581790927e+01 1.070259372482485475e-04
4.658329164582291071e+01 1.065395482853758184e-04
4.662331165582791215e+01 1.060566153275614893e-04
4.666333166583291359e+01 1.055771046308107792e-04
4.670335167583791502e+01 1.051009828720818253e-04
4.674337168584292357e+01 1.046282171428805825e-04
4.678339169584792501e+01 1.041587749429714074e-04
4.682341170585292645e+01 1.036926241741995724e-04
4.686343171585792788e+01 1.032297331344247612e-04
4.690345172586292932e+01 1.027700705115627686e-04
4.694347173586793076e+01 1.023136053777328006e-04
4.698349174587293220e+01 1.018603071835085330e-04
4.702351175587794074e+01 1.014101457522708819e-04
4.706353176588294218e+01 1.009630912746606833e-04
4.710355177588794362e+01 1.005191143031279344e-04
4.714357178589294506e+01 1.000781857465774069e-04
4.718359179589794650e+01 9.964027686510763739e-05
4.722361180590294794e+01 9.920535926484158671e-05
4.726363181590794937e+01 9.877340489284707175e-05
4.730365182591295792e+01 9.834438603214538303e-05
4.734367183591795936e+01 9.791827529680640838e-05
4.738369184592296079e+01 9.749504562712767370e-05
4.742371185592796223e+01 9.707467028489709783e-05
4.746373186593296367e+01 9.665712284873641193e-05
4.750375187593796511e+01 9.624237720952447106e-05
4.754377188594297365e+01 9.583040756589862835e-05
4.758379189594797509e+01 9.542118841983276219e-05
4.762381190595297653e+01 9.501469457228973396e-05
4.766383191595797797e+01 9.461090111894826266e-05
4.770385192596297941e+01 9.420978344600131624e-05
4.774387193596798085e+01 9.381131722602555881e-05
4.778389194597298228e+01 9.341547841391994284e-05
4.782391195597799083e+01 9.302224324291218603e-05
4.786393196598299227e+01 9.263158822063265836e-05
4.790395197598799371e+01 9.224349012525244040e-05
4.794397198599299514e+01 9.185792600168673193e-05
4.798399199599799658e+01 9.147487315786053438e-05
4.802401200600299802e+01 9.109430916103613282e-05
4.806403201600799946e+01 9.071621183420122551e-05
4.810405202601300800e+01 9.034055925251637280e-05
4.814407203601800944e+01 8.996732973982088464e-05
4.818409204602301088e+01 8.959650186519542534e-05
4.822411205602801232e+01 8.922805443958110524e-05
4.826413206603301376e+01 8.886196651245356864e-05
4.830415207603801520e+01 8.849821736855083092e-05
4.834417208604301663e+01 8.813678652465432297e-05
4.838419209604802518e+01 8.777765372642180115e-05
4.842421210605302662e+01 8.742079894527145863e-05
4.846423211605802805e+01 8.706620237531572032e-05
4.850425212606302949e+01 8.671384443034462657e-05
4.854427213606803093e+01 8.636370574085723334e-05
4.858429214607303237e+01 8.601576715114032435e-05
4.862431215607804091e+01 8.567000971639373034e-05
4.866433216608304235e+01 8.532641469990130678e-05
4.870435217608804379e+01 8.498496357024636386e-05
4.874437218609304523e+01 8.464563799857134554e-05
4.878439219609804667e+01 8.430841985588101212e-05
4.882441220610304811e+01 8.397329121038695811e-05
4.886443221610804954e+01 8.364023432489511866e-05
4.890445222611305809e+01 8.330923165423291716e-05
4.894447223611805953e+01 8.298026584271743630e-05
4.898449224612306097e+01 8.265331972166236295e-05
4.902451225612806240e+01 8.232837630692403208e-05
4.906453226613306384e+01 8.200541879648525509e-05
4.910455227613806528e+01 8.168443056807662094e-05
4.914457228614306672e+01 8.136539517683444322e-05
4.918459229614807526e+01 8.104829635299448600e-05
4.922461230615307670e+01 8.073311799962156312e-05
4.926463231615807814e+01 8.041984419037318151e-05
4.930465232616307958e+01 8.010845916729801444e-05
4.934467233616808102e+01 7.979894733866736169e-05
4.938469234617308246e+01 7.949129327684003015e-05
4.942471235617809100e+01 7.918548171615907654e-05
4.946473236618309244e+01 7.888149755088094055e-05
4.950475237618809388e+01 7.857932583313512545e-05
4.954477238619309531e+01 7.827895177091513082e-05
4.958479239619809675e+01 7.798036072609949897e-05
4.962481240620309819e+01 7.768353821250213482e-05
4.966483241620809963e+01 7.738846989395225162e-05
4.970485242621310817e+01 7.709514158240243819e-05
4.974487243621810961e+01 7.680353923606549808e-05
4.978489244622311105e+01 7.651364895757828551e-05
4.982491245622811249e+01 7.622545699219310700e-05
4.986493246623311393e+01 7.593894972599584867e-05
4.990495247623811537e+01 7.565411368415021927e-05
4.994497248624311680e+01 7.537093552916790558e-05
4.998499249624812535e+01 7.508940205920403043e-05
5.002501250625312679e+01 7.480950020637779129e-05
5.006503251625812823e+01 7.453121703511722236e-05
5.010505252626312966e+01 7.425453974052845967e-05
5.014507253626813110e+01 7.397945564678851972e-05
5.018509254627313254e+01 7.370595220556151056e-05
5.022511255627814108e+01 7.343401699443751613e-05
5.026513256628314252e+01 7.316363771539458776e-05
5.030515257628814396e+01 7.289480219328201309e-05
5.034517258629314540e+01 7.262749837432633964e-05
5.038519259629814684e+01 7.236171432465818808e-05
5.042521260630314828e+01 7.209743822886028860e-05
5.046523261630814972e+01 7.183465838853660514e-05
5.050525262631315826e+01 7.157336322090125983e-05
5.054527263631815970e+01 7.131354125738798943e-05
5.058529264632316114e+01 7.105518114227913110e-05
5.062531265632816257e+01 7.079827163135409657e-05
5.066533266633316401e+01 7.054280159055680639e-05
5.070535267633816545e+01 7.028875999468205701e-05
5.074537268634316689e+01 7.003613592608033287e-05
5.078539269634817543e+01 6.978491857338071111e-05
5.082541270635317687e+01 6.953509723023173692e-05
5.086543271635817831e+01 6.928666129405983587e-05
5.090545272636317975e+01 6.903960026484497864e-05
5.094547273636818119e+01 6.879390374391366580e-05
5.098549274637318263e+01 6.854956143274824345e-05
5.102551275637819117e+01 6.830656313181296976e-05
5.106553276638319261e+01 6.806489873939650722e-05
5.110555277638819405e+01 6.782455825046979688e-05
5.114557278639319549e+01 6.758553175556016870e-05
5.118559279639819692e+01 6.734780943964075253e-05
5.122561280640319836e+01 6.711138158103509515e-05
5.126563281640819980e+01 6.687623855033668504e-05
5.130565282641320835e+01 6.664237080934338488e-05
5.134567283641820978e+01 6.640976891000636539e-05
5.138569284642321122e+01 6.617842349339301167e-05
5.142571285642821266e+01 6.594832528866435796e-05
5.146573286643321410e+01 6.571946511206607487e-05
5.150575287643821554e+01 6.549183386593309048e-05
5.154577288644321698e+01 6.526542253770762844e-05
5.158579289644822552e+01 6.504022219897073081e-05
5.162581290645322696e+01 6.481622400448639831e-05
5.166583291645822840e+01 6.459341919125860553e-05
5.170585292646322984e+01 6.437179907760113672e-05
5.174587293646823127e+01 6.415135506221957831e-05
5.178589294647323271e+01 6.393207862330580675e-05
5.182591295647823415e+01 6.371396131764414520e-05
5.186593296648324269e+01 6.349699477972962252e-05
5.190595297648824413e+01 6.328117072089800945e-05
5.194597298649324557e+01 6.306648092846681879e-05
5.198599299649824701e+01 6.285291726488832667e-05
5.202601300650324845e+01 6.264047166691306988e-05
5.206603301650824989e+01 6.242913614476487650e-05
5.210605302651325843e+01 6.221890278132615566e-05
5.214607303651825987e+01 6.200976373133451733e-05
5.218609304652326131e+01 6.180171122058909566e-05
5.222611305652826275e+01 6.159473754516771435e-05
5.226613306653326418e+01 6.138883507065418931e-05
5.230615307653826562e+01 6.118399623137537561e-05
5.234617308654326706e+01 6.098021352964837200e-05
5.238619309654827561e+01 6.077747953503723937e-05
5.242621310655327704e+01 6.057578688361952440e-05
5.246623311655827848e+01 6.037512827726191765e-05
5.250625312656327992e+01 6.017549648290541875e-05
5.254627313656828136e+01 5.997688433185964274e-05
5.258629314657328280e+01 5.977928471910614564e-05
5.262631315657828424e+01 5.958269060261043042e-05
5.266633316658329278e+01 5.938709500264305346e-05
5.270635317658829422e+01 5.919249100110925561e-05
5.274637318659329566e+01 5.899887174088676534e-05
5.278639319659829710e+01 5.880623042517249240e-05
5.282641320660329853e+01 5.861456031683715651e-05
5.286643321660829997e+01 5.842385473778808816e-05
5.290645322661330852e+01 5.823410706834016096e-05
5.294647323661830995e+01 5.804531074659459802e-05
5.298649324662331139e+01 5.785745926782542869e-05
5.302651325662831283e+01 5.767054618387371773e-05
5.306653326663331427e+01 5.748456510254945840e-05
5.310655327663831571e+01 5.729950968704078390e-05
5.314657328664331715e+01 5.711537365533053109e-05
5.318659329664832569e+01 5.693215077962007515e-05
5.322661330665332713e+01 5.674983488576050284e-05
5.326663331665832857e+01 5.656841985269031825e-05
5.330665332666333001e+01 5.638789961188071066e-05
5.334667333666833144e+01 5.620826814678715836e-05
5.338669334667333288e+01 5.602951949230805940e-05
5.342671335667833432e+01 5.585164773424990142e-05
5.346673336668334287e+01 5.567464700879901123e-05
5.350675337668834430e+01 5.549851150199978933e-05
5.354677338669334574e+01 5.532323544923920563e-05
5.358679339669834718e+01 5.514881313473771912e-05
5.362681340670334862e+01 5.497523889104630288e-05
5.366683341670835006e+01 5.480250709854958817e-05
5.370685342671335860e+01 5.463061218497499187e-05
5.374687343671836004e+01 5.445954862490800353e-05
5.378689344672336148e+01 5.428931093931285966e-05
5.382691345672836292e+01 5.411989369505949951e-05
5.386693346673336436e+01 5.395129150445588089e-05
5.390695347673836579e+01 5.378349902478602877e-05
5.394697348674336723e+01 5.361651095785365391e-05
5.398699349674837578e+01 5.345032204953104342e-05
5.402701350675337721e+01 5.328492708931367733e-05
5.406703351675837865e+01 5.312032090987978497e-05
5.410705352676338009e+01 5.295649838665531564e-05
5.414707353676838153e+01 5.279345443738412021e-05
5.418709354677338297e+01 5.263118402170311328e-05
5.422711355677838441e+01 5.246968214072258530e-05
5.426713356678339295e+01 5.230894383661123770e-05
5.430715357678839439e+01 5.214896419218649005e-05
5.434717358679339583e+01 5.198973833050922559e-05
5.438719359679839727e+01 5.183126141448347667e-05
5.442721360680339870e+01 5.167352864646077910e-05
5.446723361680840014e+01 5.151653526784923586e-05
5.450725362681340869e+01 5.136027655872693138e-05
5.454727363681841013e+01 5.120474783746016350e-05
5.458729364682341156e+01 5.104994446032576854e-05
5.462731365682841300e+01 5.089586182113810822e-05
5.466733366683341444e+01 5.074249535088027160e-05
5.470735367683841588e+01 5.058984051733951201e-05
5.474737368684341732e+01 5.043789282474702096e-05
5.478739369684842586e+01 5.028664781342166603e-05
5.482741370685342730e+01 5.013610105941814020e-05
5.486743371685842874e+01 4.998624817417868216e-05
5.490745372686343018e+01 4.983708480418930301e-05
5.494747373686843162e+01 4.968860663063962452e-05
5.498749374687343305e+01 4.954080936908664774e-05
5.502751375687843449e+01 4.939368876912249247e-05
5.506753376688344304e+01 4.924724061404579589e-05
5.510755377688844447e+01 4.910146072053697371e-05
5.514757378689344591e+01 4.895634493833697106e-05
5.518759379689844735e+01 4.881188914992973352e-05
5.522761380690344879e+01 4.866808927022852038e-05
5.526763381690845023e+01 4.852494124626534165e-05
5.530765382691345167e+01 4.838244105688414924e-05
5.534767383691846021e+01 4.824058471243753131e-05
5.538769384692346165e+01 4.809936825448662555e-05
5.542771385692846309e+01 4.795878775550446103e-05
5.546773386693346453e+01 4.781883931858274257e-05
5.550775387693846596e+01 4.767951907714173854e-05
5.554777388694346740e+01 4.754082319464355682e-05
5.558779389694847595e+01 4.740274786430848363e-05
5.562781390695347739e+01 4.726528930883464274e-05
5.566783391695847882e+01 4.712844378012049393e-05
5.570785392696348026e+01 4.699220755899071952e-05
5.574787393696848170e+01 4.685657695492497063e-05
5.578789394697348314e+01 4.672154830578958127e-05
5.582791395697848458e+01 4.658711797757235222e-05
5.586793396698349312e+01 4.645328236412018082e-05
5.590795397698849456e+01 4.632003788687967923e-05
5.594797398699349600e+01 4.618738099464037429e-05
5.598799399699849744e+01 4.605530816328103815e-05
5.602801400700349888e+01 4.592381589551864122e-05
5.606803401700850031e+01 4.579290072065998860e-05
5.610805402701350175e+01 4.566255919435621599e-05
5.614807403701851030e+01 4.553278789835977938e-05
5.618809404702351173e+01 4.540358344028432459e-05
5.622811405702851317e+01 4.527494245336682681e-05
5.626813406703351461e+01 4.514686159623263053e-05
5.630815407703851605e+01 4.501933755266282033e-05
5.634817408704351749e+01 4.489236703136420743e-05
5.638819409704852603e+01 4.476594676574173530e-05
5.642821410705352747e+01 4.464007351367339934e-05
5.646823411705852891e+01 4.451474405728744326e-05
5.650825412706353035e+01 4.438995520274214413e-05
5.654827413706853179e+01 4.426570378000776573e-05
5.658829414707353322e+01 4.414198664265100563e-05
5.662831415707853466e+01 4.401880066762156997e-05
5.666833416708354321e+01 4.389614275504113354e-05
5.670835417708854465e+01 4.377400982799465793e-05
5.674837418709354608e+01 4.365239883232355965e-05
5.678839419709854752e+01 4.353130673642144647e-05
5.682841420710354896e+01 4.341073053103181202e-05
5.686843421710855040e+01 4.329066722904796664e-05
5.690845422711355184e+01 4.317111386531493331e-05
5.694847423711856038e+01 4.305206749643369495e-05
5.698849424712356182e+01 4.293352520056720352e-05
5.702851425712856326e+01 4.281548407724854405e-05
5.706853426713356470e+01 4.269794124719115177e-05
5.710855427713856614e+01 4.258089385210107576e-05
5.714857428714356757e+01 4.246433905449092987e-05
5.718859429714857612e+01 4.234827403749606619e-05
5.722861430715357756e+01 4.223269600469259854e-05
5.726863431715857899e+01 4.211760217991720805e-05
5.730865432716358043e+01 4.200298980708882580e-05
5.734867433716858187e+01 4.188885615003240927e-05
5.738869434717358331e+01 4.177519849230417576e-05
5.742871435717858475e+01 4.166201413701892966e-05
5.746873436718359329e+01 4.154930040667900916e-05
5.750875437718859473e+01 4.143705464300511689e-05
5.754877438719359617e+01 4.132527420676872259e-05
5.758879439719859761e+01 4.121395647762638343e-05
5.762881440720359905e+01 4.110309885395552806e-05
5.766883441720860048e+01 4.099269875269225319e-05
5.770885442721360192e+01 4.088275360917036701e-05
5.774887443721861047e+01 4.077326087696243835e-05
5.778889444722361191e+01 4.066421802772228922e-05
5.782891445722861334e+01 4.055562255102900524e-05
5.786893446723361478e+01 4.044747195423276884e-05
5.790895447723861622e+01 4.033976376230206809e-05
5.794897448724361766e+01 4.023249551767247759e-05
5.798899449724862620e+01 4.012566478009703180e-05
5.802901450725362764e+01 4.001926912649812301e-05
5.806903451725862908e+01 3.991330615082070040e-05
5.810905452726363052e+01 3.980777346388721729e-05
5.814907453726863196e+01 3.970266869325381177e-05
5.818909454727363340e+01 3.959798948306814066e-05
5.822911455727863483e+01 3.949373349392836549e-05
5.826913456728364338e+01 3.938989840274379183e-05
5.830915457728864482e+01 3.928648190259685717e-05
5.834917458729364625e+01 3.918348170260625712e-05
5.838919459729864769e+01 3.908089552779186066e-05
5.842921460730364913e+01 3.897872111894052651e-05
5.846923461730865057e+01 3.887695623247360011e-05
5.850925462731365201e+01 3.877559864031542697e-05
5.854927463731866055e+01 3.867464612976348562e-05
5.858929464732366199e+01 3.857409650335949627e-05
5.862931465732866343e+01 3.847394757876198640e-05
5.866933466733366487e+01 3.837419718862009640e-05
5.870935467733866631e+01 3.827484318044846267e-05
5.874937468734366774e+01 3.817588341650369305e-05
5.878939469734866918e+01 3.807731577366149970e-05
5.882941470735367773e+01 3.797913814329562749e-05
5.886943471735867917e+01 3.788134843115759575e-05
5.890945472736368060e+01 3.778394455725764603e-05
5.894947473736868204e+01 3.768692445574696389e-05
5.898949474737368348e+01 3.759028607480100517e-05
5.902951475737868492e+01 3.749402737650392008e-05
5.906953476738369346e+01 3.739814633673411564e-05
5.910955477738869490e+01 3.730264094505097007e-05
5.914957478739369634e+01 3.720750920458259760e-05
5.918959479739869778e+01 3.711274913191465671e-05
5.922961480740369922e+01 3.701835875698033075e-05
5.926963481740870066e+01 3.692433612295127751e-05
5.930965482741370209e+01 3.683067928612971043e-05
5.934967483741871064e+01 3.673738631584142855e-05
5.938969484742371208e+01 3.664445529432996447e-05
5.942971485742871351e+01 3.655188431665164033e-05
5.946973486743371495e+01 3.645967149057172162e-05
5.950975487743871639e+01 3.636781493646150604e-05
5.954977488744371783e+01 3.627631278719638139e-05
5.958979489744871927e+01 3.618516318805498798e-05
5.962981490745372781e+01 3.609436429661905195e-05
5.966983491745872925e+01 3.600391428267457372e-05
5.970985492746373069e+01 3.591381132811354514e-05
5.974987493746873213e+01 3.582405362683685913e-05
5.978989494747373357e+01 3.573463938465807320e-05
5.982991495747873500e+01 3.564556681920800645e-05
5.986993496748374355e+01 3.555683415984033265e-05
5.990995497748874499e+01 3.546843964753808136e-05
5.994997498749374643e+01 3.538038153482084378e-05
5.998999499749874786e+01 3.529265808565304246e-05
6.003001500750374930e+01 3.520526757535292610e-05
6.007003501750875074e+01 3.511820829050256719e-05
6.011005502751375218e+01 3.503147852885851699e-05
6.015007503751876072e+01 3.494507659926340918e-05
6.019009504752376216e+01 3.485900082155836985e-05
6.023011505752876360e+01 3.477324952649624748e-05
6.027013506753376504e+01 3.468782105565557469e-05
6.031015507753876648e+01 3.460271376135542451e-05
6.035017508754376792e+01 3.451792600657105944e-05
6.039019509754876935e+01 3.443345616485021750e-05
6.043021510755377790e+01 3.434930262023035369e-05
6.047023511755877934e+01 3.426546376715659304e-05
6.051025512756378077e+01 3.418193801040027313e-05
6.055027513756878221e+01 3.409872376497851657e-05
6.059029514757378365e+01 3.401581945607427793e-05
6.063031515757878509e+01 3.393322351895737316e-05
6.067033516758379363e+01 3.385093439890595618e-05
6.071035517758879507e+01 3.376895055112899850e-05
6.075037518759379651e+01 3.368727044068926341e-05
6.079039519759879795e+01 3.360589254242701878e-05
6.083041520760379939e+01 3.352481534088459694e-05
6.087043521760880083e+01 3.344403733023142210e-05
6.091045522761380226e+01 3.336355701418987124e-05
6.095047523761881081e+01 3.328337290596176522e-05
6.099049524762381225e+01 3.320348352815551037e-05
6.103051525762881369e+01 3.312388741271387710e-05
6.107053526763381512e+01 3.304458310084252382e-05
6.111055527763881656e+01 3.296556914293904278e-05
6.115057528764381800e+01 3.288684409852274431e-05
6.119059529764881944e+01 3.280840653616504436e-05
6.123061530765382798e+01 3.273025503342036010e-05
6.127063531765882942e+01 3.265238817675796110e-05
6.131065532766383086e+01 3.257480456149395589e-05
6.135067533766883230e+01 3.249750279172424091e-05
6.139069534767383374e+01 3.242048148025799821e-05
6.143071535767883518e+01 3.234373924855159303e-05
6.147073536768384372e+01 3.226727472664330480e-05
6.151075537768884516e+01 3.219108655308855965e-05
6.155077538769384660e+01 3.211517337489553552e-05
6.159079539769884803e+01 3.203953384746169574e-05
6.163081540770384947e+01 3.196416663451060711e-05
6.167083541770885091e+01 3.188907040802942209e-05
6.171085542771385235e+01 3.181424384820693700e-05
6.175087543771886089e+01 3.173968564337209742e-05
6.179089544772386233e+01 3.166539448993323539e-05
6.183091545772886377e+01 3.159136909231755747e-05
6.187093546773386521e+01 3.151760816291143897e-05
6.191095547773886665e+01 3.144411042200104364e-05
6.195097548774386809e+01 3.137087459771365476e-05
6.199099549774886952e+01 3.129789942595931790e-05
6.203101550775387807e+01 3.122518365037309370e-05
6.207103551775887951e+01 3.115272602225790000e-05
6.211105552776388095e+01 3.108052530052763870e-05
6.215107553776888238e+01 3.100858025165105443e-05
6.219109554777388382e+01 3.093688964959586421e-05
6.223111555777888526e+01 3.086545227577357160e-05
6.227113556778388670e+01 3.079426691898457896e-05
6.231115557778889524e+01 3.072333237536392989e-05
6.235117558779389668e+01 3.065264744832743793e-05
6.239119559779889812e+01 3.058221094851822867e-05
6.243121560780389956e+01 3.051202169375392547e-05
6.247123561780890100e+01 3.044207850897403183e-05
6.251125562781390244e+01 3.037238022618805910e-05
6.255127563781891098e+01 3.030292568442380659e-05
6.259129564782391242e+01 3.023371372967635669e-05
6.263131565782891386e+01 3.016474321485729693e-05
6.267133566783391529e+01 3.009601299974446040e-05
6.271135567783891673e+01 3.002752195093212701e-05
6.275137568784391817e+01 2.995926894178160084e-05
6.279139569784891961e+01 2.989125285237224819e-05
6.283141570785392815e+01 2.982347256945285083e-05
6.287143571785892959e+01 2.975592698639358260e-05
6.291145572786393103e+01 2.968861500313816222e-05
6.295147573786893247e+01 2.962153552615648719e-05
6.299149574787393391e+01 2.955468746839783696e-05
6.303151575787893535e+01 2.948806974924415730e-05
6.307153576788393678e+01 2.942168129446406986e-05
6.311155577788894533e+01 2.935552103616694263e-05
6.315157578789394677e+01 2.928958791275769564e-05
6.319159579789894821e+01 2.922388086889171510e-05
6.323161580790394964e+01 2.915839885543016058e-05
6.327163581790895108e+01 2.909314082939592602e-05
6.331165582791395252e+01 2.902810575392955340e-05
6.335167583791896107e+01 2.896329259824591886e-05
6.339169584792396250e+01 2.889870033759097640e-05
6.343171585792896394e+01 2.883432795319900306e-05
6.347173586793396538e+01 2.877017443225022693e-05
6.351175587793896682e+01 2.870623876782868222e-05
6.355177588794396826e+01 2.864251995888059279e-05
6.359179589794896970e+01 2.857901701017290480e-05
6.363181590795397824e+01 2.851572893225229715e-05
6.367183591795897968e+01 2.845265474140456789e-05
6.371185592796398112e+01 2.838979345961413251e-05
6.375187593796898256e+01 2.832714411452416596e-05
6.379189594797398399e+01 2.826470573939678533e-05
6.383191595797898543e+01 2.820247737307381527e-05
6.387193596798398687e+01 2.814045805993763813e-05
6.391195597798899541e+01 2.807864684987256928e-05
6.395197598799399685e+01 2.801704279822644583e-05
6.399199599799899829e+01 2.795564496577247627e-05
6.403201600800400684e+01 2.789445241867158818e-05
6.407203601800900117e+01 2.783346422843489449e-05
6.411205602801400971e+01 2.777267947188653247e-05
6.415207603801900405e+01 2.771209723112690246e-05
6.419209604802401259e+01 2.765171659349599141e-05
6.423211605802900692e+01 2.759153665153727224e-05
6.427213606803401547e+01 2.753155650296160341e-05
6.431215607803902401e+01 2.747177525061167714e-05
6.435217608804401834e+01 2.741219200242662031e-05
6.439219609804902689e+01 2.735280587140682219e-05
6.443221610805402122e+01 2.729361597557928066e-05
6.447223611805902976e+01 2.723462143796295516e-05
6.451225612806402410e+01 2.717582138653462792e-05
6.455227613806903264e+01 2.711721495419480910e-05
6.459229614807404118e+01 2.705880127873417406e-05
6.463231615807903552e+01 2.700057950280011903e-05
6.467233616808404406e+01 2.694254877386348631e-05
6.471235617808903839e+01 2.688470824418588234e-05
6.475237618809404694e+01 2.682705707078685348e-05
6.479239619809904127e+01 2.676959441541168857e-05
6.483241620810404982e+01 2.671231944449916398e-05
6.487243621810905836e+01 2.665523132914987466e-05
6.491245622811405269e+01 2.659832924509451791e-05
6.495247623811906124e+01 2.654161237266252599e-05
6.499249624812405557e+01 2.648507989675111561e-05
6.503251625812906411e+01 2.642873100679430339e-05
6.507253626813405845e+01 2.637256489673241611e-05
6.511255627813906699e+01 2.631658076498163818e-05
6.515257628814407553e+01 2.626077781440397244e-05
6.519259629814906987e+01 2.620515525227736363e-05
6.523261630815407841e+01 2.614971229026596413e-05
6.527263631815907274e+01 2.609444814439086392e-05
6.531265632816408129e+01 2.603936203500077981e-05
6.535267633816907562e+01 2.598445318674325638e-05
6.539269634817408416e+01 2.592972082853576513e-05
6.543271635817909271e+01 2.587516419353741367e-05
6.547273636818408704e+01 2.582078251912055649e-05
6.551275637818909559e+01 2.576657504684271417e-05
6.555277638819408992e+01 2.571254102241888896e-05
6.559279639819909846e+01 2.565867969569377865e-05
6.563281640820410701e+01 2.560499032061456655e-05
6.567283641820910134e+01 2.555147215520361652e-05
6.571285642821410988e+01 2.549812446153148986e-05
6.575287643821910422e+01 2.544494650569031124e-05
6.579289644822411276e+01 2.539193755776706003e-05
6.583291645822910709e+01 2.533909689181739700e-05
6.587293646823411564e+01 2.528642378583933177e-05
6.591295647823912418e+01 2.523391752174747635e-05
6.595297648824411851e+01 2.518157738534719037e-05
6.599299649824912706e+01 2.512940266630902774e-05
6.603301650825412139e+01 2.507739265814350524e-05
6.607303651825912993e+01 2.502554665817584065e-05
6.611305652826412427e+01 2.497386396752108041e-05
6.615307653826913281e+01 2.492234389105927144e-05
6.619309654827414136e+01 2.487098573741096833e-05
6.623311655827913569e+01 2.481978881891281843e-05
6.627313656828414423e+01 2.476875245159329610e-05
6.631315657828913857e+01 2.471787595514883664e-05
6.635317658829414711e+01 2.466715865291986196e-05
6.639319659829914144e+01 2.461659987186726347e-05
6.643321660830414999e+01 2.456619894254883090e-05
6.647323661830915853e+01 2.451595519909605713e-05
6.651325662831415286e+01 2.446586797919098711e-05
6.655327663831916141e+01 2.441593662404325306e-05
6.659329664832415574e+01 2.436616047836740790e-05
6.663331665832916428e+01 2.431653889036022138e-05
6.667333666833415862e+01 2.426707121167840647e-05
6.671335667833916716e+01 2.421775679741620352e-05
6.675337668834417570e+01 2.416859500608349630e-05
6.679339669834917004e+01 2.411958519958376542e-05
6.683341670835417858e+01 2.407072674319235347e-05
6.687343671835917291e+01 2.402201900553497071e-05
6.691345672836418146e+01 2.397346135856615672e-05
6.695347673836917579e+01 2.392505317754815879e-05
6.699349674837418434e+01 2.387679384102969510e-05
6.703351675837919288e+01 2.382868273082513466e-05
6.707353676838418721e+01 2.378071923199366028e-05
6.711355677838919576e+01 2.373290273281858406e-05
6.715357678839419009e+01 2.368523262478702194e-05
6.719359679839919863e+01 2.363770830256939896e-05
6.723361680840420718e+01 2.359032916399944225e-05
6.727363681840920151e+01 2.354309461005405223e-05
6.731365682841421005e+01 2.349600404483345826e-05
6.735367683841920439e+01 2.344905687554155055e-05
6.739369684842421293e+01 2.340225251246620192e-05
6.743371685842920726e+01 2.335559036895996896e-05
6.747373686843421581e+01 2.330906986142064756e-05
6.751375687843922435e+01 2.326269040927229939e-05
6.755377688844421868e+01 2.321645143494612584e-05
6.759379689844922723e+01 2.317035236386162669e-05
6.763381690845422156e+01 2.312439262440795518e-05
6.767383691845923011e+01 2.307857164792521552e-05
6.771385692846422444e+01 2.303288886868611957e-05
6.775387693846923298e+01 2.298734372387758586e-05
6.779389694847424153e+01 2.294193565358262329e-05
6.783391695847923586e+01 2.289666410076229269e-05
6.787393696848424440e+01 2.285152851123771245e-05
6.791395697848923874e+01 2.280652833367239281e-05
6.795397698849424728e+01 2.276166301955446513e-05
6.799399699849924161e+01 2.271693202317927700e-05
6.803401700850425016e+01 2.267233480163186212e-05
6.807403701850925870e+01 2.262787081476981660e-05
6.811405702851425303e+01 2.258353952520607378e-05
6.815407703851926158e+01 2.253934039829184153e-05
6.819409704852425591e+01 2.249527290209985477e-05
6.823411705852926445e+01 2.245133650740742460e-05
6.827413706853425879e+01 2.240753068767994152e-05
6.831415707853926733e+01 2.236385491905423968e-05
6.835417708854427588e+01 2.232030868032223899e-05
6.839419709854927021e+01 2.227689145291466855e-05
6.843421710855427875e+01 2.223360272088479680e-05
6.847423711855927309e+01 2.219044197089251074e-05
6.851425712856428163e+01 2.214740869218823242e-05
6.855427713856927596e+01 2.210450237659724888e-05
6.859429714857428451e+01 2.206172251850382175e-05
6.863431715857929305e+01 2.201906861483571371e-05
6.867433716858428738e+01 2.197654016504868438e-05
6.871435717858929593e+01 2.193413667111102349e-05
6.875437718859429026e+01 2.189185763748840253e-05
6.879439719859929880e+01 2.184970257112860787e-05
6.883441720860429314e+01 2.180767098144658890e-05
6.887443721860930168e+01 2.176576238030938085e-05
6.891445722861431022e+01 2.172397628202144774e-05
6.895447723861930456e+01 2.168231220330979492e-05
6.899449724862431310e+01 2.164076966330936961e-05
6.903451725862930743e+01 2.159934818354863087e-05
6.907453726863431598e+01 2.155804728793499415e-05
6.911455727863932452e+01 2.151686650274062148e-05
6.915457728864431886e+01 2.147580535658814729e-05
6.919459729864932740e+01 2.143486338043656004e-05
6.923461730865432173e+01 2.139404010756723633e-05
6.927463731865933028e+01 2.135333507356993780e-05
6.931465732866432461e+01 2.131274781632906543e-05
6.935467733866933315e+01 2.127227787600989358e-05
6.939469734867434170e+01 2.123192479504496327e-05
6.943471735867933603e+01 2.119168811812057704e-05
6.947473736868434457e+01 2.115156739216325326e-05
6.951475737868933891e+01 2.111156216632653607e-05
6.955477738869434745e+01 2.107167199197760215e-05
6.959479739869934178e+01 2.103189642268426382e-05
6.963481740870435033e+01 2.099223501420169433e-05
6.967483741870935887e+01 2.095268732445968173e-05
6.971485742871435320e+01 2.091325291354957777e-05
6.975487743871936175e+01 2.087393134371156870e-05
6.979489744872435608e+01 2.083472217932201044e-05
6.983491745872936463e+01 2.079562498688069595e-05
6.987493746873435896e+01 2.075663933499847163e-05
6.991495747873936750e+01 2.071776479438465721e-05
6.995497748874437605e+01 2.067900093783481453e-05
6.999499749874937038e+01 2.064034734021841144e-05
7.003501750875437892e+01 2.060180357846659732e-05
7.007503751875937326e+01 2.056336923156020917e-05
7.011505752876438180e+01 2.052504388051763870e-05
7.015507753876937613e+01 2.048682710838301788e-05
7.019509754877438468e+01 2.044871850021423175e-05
7.023511755877939322e+01 2.041071764307128019e-05
7.027513756878438755e+01 2.037282412600449738e-05
7.031515757878939610e+01 2.033503754004294069e-05
7.035517758879439043e+01 2.029735747818295569e-05
7.039519759879939897e+01 2.025978353537658203e-05
7.043521760880439331e+01 2.022231530852033527e-05
7.047523761880940185e+01 2.018495239644374487e-05
7.051525762881441040e+01 2.014769439989829531e-05
7.055527763881940473e+01 2.011054092154618769e-05
7.059529764882441327e+01 2.007349156594927402e-05
7.063531765882940761e+01 2.003654593955813058e-05
7.067533766883441615e+01 1.999970365070105659e-05
7.071535767883942469e+01 1.996296430957332033e-05
7.075537768884441903e+01 1.992632752822633401e-05
7.079539769884942757e+01 1.988979292055694393e-05
7.083541770885442190e+01 1.985336010229688319e-05
7.087543771885943045e+01 1.981702869100212622e-05
7.091545772886442478e+01 1.978079830604249394e-05
7.095547773886943332e+01 1.974466856859117091e-05
7.099549774887444187e+01 1.970863910161443932e-05
7.103551775887943620e+01 1.967270952986135190e-05
7.107553776888444474e+01 1.963687947985354046e-05
7.111555777888943908e+01 1.960114857987513282e-05
7.115557778889444762e+01 1.956551645996259514e-05
7.119559779889944195e+01 1.952998275189486574e-05
7.123561780890445050e+01 1.949454708918328216e-05
7.127563781890945904e+01 1.945920910706184365e-05
7.131565782891445338e+01 1.942396844247733139e-05
7.135567783891946192e+01 1.938882473407961169e-05
7.139569784892445625e+01 1.935377762221198315e-05
7.143571785892946480e+01 1.931882674890151374e-05
7.147573786893445913e+01 1.928397175784960144e-05
7.151575787893946767e+01 1.924921229442238589e-05
7.155577788894447622e+01 1.921454800564144109e-05
7.159579789894947055e+01 1.917997854017437003e-05
7.163581790895447909e+01 1.914550354832551102e-05
7.167583791895947343e+01 1.911112268202675585e-05
7.171585792896448197e+01 1.907683559482832049e-05
7.175587793896947630e+01 1.904264194188973951e-05
7.179589794897448485e+01 1.900854137997068754e-05
7.183591795897949339e+01 1.897453356742213632e-05
7.187593796898448772e+01 1.894061816417735579e-05
7.191595797898949627e+01 1.890679483174301006e-05
7.195597798899449060e+01 1.887306323319047369e-05
7.199599799899949915e+01 1.883942303314694116e-05
7.203601800900449348e+01 1.880587389778683462e-05
7.207603801900950202e+01 1.877241549482312345e-05
7.211605802901451057e+01 1.873904749349875913e-05
7.215607803901950490e+01 1.870576956457816758e-05
7.219609804902451344e+01 1.867258138033873140e-05
7.223611805902950778e+01 1.863948261456245512e-05
7.227613806903451632e+01 1.860647294252752869e-05
7.231615807903951065e+01 1.857355204100011469e-05
7.235617808904451920e+01 1.854071958822598300e-05
7.239619809904952774e+01 1.850797526392244707e-05
7.243621810905452207e+01 1.847531874927015448e-05
7.247623811905953062e+01 1.844274972690496895e-05
7.251625812906452495e+01 1.841026788091000826e-05
7.255627813906953349e+01 1.837787289680761435e-05
7.259629814907454204e+01 1.834556446155142172e-05
7.263631815907953637e+01 1.831334226351853764e-05
7.267633816908454492e+01 1.828120599250159694e-05
7.271635817908953925e+01 1.824915533970110823e-05
7.275637818909454779e+01 1.821718999771762735e-05
7.279639819909954213e+01 1.818530966054417131e-05
7.283641820910455067e+01 1.815351402355847981e-05
7.287643821910955921e+01 1.812180278351554100e-05
7.291645822911455355e+01 1.809017563854001227e-05
7.295647823911956209e+01 1.805863228811869855e-05
7.299649824912455642e+01 1.802717243309322383e-05
7.303651825912956497e+01 1.799579577565250946e-05
7.307653826913455930e+01 1.796450201932556763e-05
7.311655827913956784e+01 1.793329086897409150e-05
7.315657828914457639e+01 1.790216203078530288e-05
7.319659829914957072e+01 1.787111521226470161e-05
7.323661830915457926e+01 1.784015012222890304e-05
7.327663831915957360e+01 1.780926647079858057e-05
7.331665832916458214e+01 1.777846396939134719e-05
7.335667833916957647e+01 1.774774233071478268e-05
7.339669834917458502e+01 1.771710126875941004e-05
7.343671835917959356e+01 1.768654049879181416e-05
7.347673836918458790e+01 1.765605973734775720e-05
7.351675837918959644e+01 1.762565870222526670e-05
7.355677838919459077e+01 1.759533711247794412e-05
7.359679839919959932e+01 1.756509468840809367e-05
7.363681840920459365e+01 1.753493115156013236e-05
7.367683841920960219e+01 1.750484622471379007e-05
7.371685842921461074e+01 1.747483963187761109e-05
7.375687843921960507e+01 1.744491109828227613e-05
7.379689844922461361e+01 1.741506035037406996e-05
7.383691845922960795e+01 1.738528711580842028e-05
7.387693846923461649e+01 1.735559112344338574e-05
7.391695847923961082e+01 1.732597210333328621e-05
7.395697848924461937e+01 1.729642978672224504e-05
7.399699849924962791e+01 1.726696390603793115e-05
7.403701850925462224e+01 1.723757419488521308e-05
7.407703851925963079e+01 1.720826038803987062e-05
7.411705852926462512e+01 1.717902222144243856e-05
7.415707853926963367e+01 1.714985943219194203e-05
7.419709854927464221e+01 1.712077175853983854e-05
7.423711855927963654e+01 1.709175893988383124e-05
7.427713856928464509e+01 1.706282071676183806e-05
7.431715857928963942e+01 1.703395683084596418e-05
7.435717858929464796e+01 1.700516702493646445e-05
7.439719859929964230e+01 1.697645104295585473e-05
7.443721860930465084e+01 1.694780862994291838e-05
7.447723861930965938e+01 1.691923953204687182e-05
7.451725862931465372e+01 1.689074349652151664e-05
7.455727863931966226e+01 1.686232027171937815e-05
7.459729864932465659e+01 1.683396960708600314e-05
7.463731865932966514e+01 1.680569125315413905e-05
7.467733866933465947e+01 1.677748496153810633e-05
7.471735867933966802e+01 1.674935048492807584e-05
7.475737868934467656e+01 1.672128757708445812e-05
7.479739869934967089e+01 1.669329599283230959e-05
7.483741870935467944e+01 1.666537548805572519e-05
7.487743871935967377e+01 1.663752581969238348e-05
7.491745872936468231e+01 1.660974674572794946e-05
7.495747873936967665e+01 1.658203802519071793e-05
7.499749874937468519e+01 1.655439941814607725e-05
7.503751875937969373e+01 1.652683068569121375e-05
7.507753876938468807e+01 1.649933158994968050e-05
7.511755877938969661e+01 1.647190189406606443e-05
7.515757878939469094e+01 1.644454136220074825e-05
7.519759879939969949e+01 1.641724975952456062e-05
7.523761880940469382e+01 1.639002685221362953e-05
7.527763881940970236e+01 1.636287240744408331e-05
7.531765882941471091e+01 1.633578619338697181e-05
7.535767883941970524e+01 1.630876797920307914e-05
7.539769884942471379e+01 1.628181753503780423e-05
7.543771885942970812e+01 1.625493463201612269e-05
7.547773886943471666e+01 1.622811904223750798e-05
7.551775887943971100e+01 1.620137053877093050e-05
7.555777888944471954e+01 1.617468889564984999e-05
7.559779889944972808e+01 1.614807388786729933e-05
7.563781890945472242e+01 1.612152529137094123e-05
7.567783891945973096e+01 1.609504288305813513e-05
7.571785892946472529e+01 1.606862644077114300e-05
7.575787893946973384e+01 1.604227574329220637e-05
7.579789894947472817e+01 1.601599057033883684e-05
7.583791895947973671e+01 1.598977070255892021e-05
7.587793896948474526e+01 1.596361592152608155e-05
7.591795897948973959e+01 1.593752600973489435e-05
7.595797898949474813e+01 1.591150075059617779e-05
7.599799899949974247e+01 1.588553992843239231e-05
7.603801900950475101e+01 1.585964332847294699e-05
7.607803901950975956e+01 1.583381073684958835e-05
7.611805902951475389e+01 1.580804194059188395e-05
7.615807903951976243e+01 1.578233672762255354e-05
7.619809904952475677e+01 1.575669488675306791e-05
7.623811905952976531e+01 1.573111620767904097e-05
7.627813906953475964e+01 1.570560048097581845e-05
7.631815907953976819e+01 1.568014749809401234e-05
7.635817908954477673e+01 1.565475705135506242e-05
7.639819909954977106e+01 1.562942893394688929e-05
7.643821910955477961e+01 1.560416293991944914e-05
7.647823911955977394e+01 1.557895886418047150e-05
7.651825912956478248e+01 1.555381650249106480e-05
7.655827913956977682e+01 1.552873565146150497e-05
7.659829914957478536e+01 1.550371610854688162e-05
7.663831915957979390e+01 1.547875767204293410e-05
7.667833916958478824e+01 1.545386014108178919e-05
7.671835917958979678e+01 1.542902331562777336e-05
7.675837918959479111e+01 1.540424699647326913e-05
7.679839919959979966e+01 1.537953098523453066e-05
7.683841920960479399e+01 1.535487508434763162e-05
7.687843921960980254e+01 1.533027909706428078e-05
7.691845922961481108e+01 1.530574282744783763e-05
7.695847923961980541e+01 1.528126608036921945e-05
7.699849924962481396e+01 1.525684866150287456e-05
7.703851925962980829e+01 1.523249037732282161e-05
7.707853926963481683e+01 1.520819103509861763e-05
7.711855927963981117e+01 1.518395044289147701e-05
7.715857928964481971e+01 1.515976840955025649e-05
7.719859929964982825e+01 1.513564474470763004e-05
7.723861930965482259e+01 1.511157925877615685e-05
7.727863931965983113e+01 1.508757176294441212e-05
7.731865932966482546e+01 1.506362206917320424e-05
7.735867933966983401e+01 1.503972999019168178e-05
7.739869934967482834e+01 1.501589533949361334e-05
7.743871935967983688e+01 1.499211793133355049e-05
7.747873936968484543e+01 1.496839758072313132e-05
7.751875937968983976e+01 1.494473410342732132e-05
7.755877938969484831e+01 1.492112731596068978e-05
7.759879939969984264e+01 1.489757703558378285e-05
7.763881940970485118e+01 1.487408308029937962e-05
7.767883941970985973e+01 1.485064526884892951e-05
7.771885942971485406e+01 1.482726342070887952e-05
7.775887943971986260e+01 1.480393735608705575e-05
7.779889944972485694e+01 1.478066689591914814e-05
7.783891945972986548e+01 1.475745186186509203e-05
7.787893946973485981e+01 1.473429207630555968e-05
7.791895947973986836e+01 1.471118736233841123e-05
7.795897948974487690e+01 1.468813754377523034e-05
7.799899949974987123e+01 1.466514244513783441e-05
7.803901950975487978e+01 1.464220189165477293e-05
7.807903951975987411e+01 1.461931570925796141e-05
7.811905952976488265e+01 1.459648372457920342e-05
7.815907953976987699e+01 1.457370576494682789e-05
7.819909954977488553e+01 1.455098165838224507e-05
7.823911955977989408e+01 1.452831123359667867e-05
7.827913956978488841e+01 1.450569431998775913e-05
7.831915957978989695e+01 1.448313074763619472e-05
7.835917958979489129e+01 1.446062034730251559e-05
7.839919959979989983e+01 1.443816295042372798e-05
7.843921960980489416e+01 1.441575838911009548e-05
7.847923961980990271e+01 1.439340649614186782e-05
7.851925962981491125e+01 1.437110710496604518e-05
7.855927963981990558e+01 1.434886004969320688e-05
7.859929964982491413e+01 1.432666516509423341e-05
7.863931965982990846e+01 1.430452228659722489e-05
7.867933966983491700e+01 1.428243125028427051e-05
7.871935967983991134e+01 1.426039189288836530e-05
7.875937968984491988e+01 1.423840405179023039e-05
7.879939969984992842e+01 1.421646756501526199e-05
7.883941970985492276e+01 1.419458227123040754e-05
7.887943971985993130e+01 1.417274800974110453e-05
7.891945972986492563e+01 1.415096462048824811e-05
7.895947973986993418e+01 1.412923194404510113e-05
7.899949974987492851e+01 1.410754982161434984e-05
7.903951975987993706e+01 1.408591809502503087e-05
7.907953976988494560e+01 1.406433660672960388e-05
7.911955977988993993e+01 1.404280519980095811e-05
7.915957978989494848e+01 1.402132371792942921e-05
7.919959979989994281e+01 1.399989200541993617e-05
7.923961980990495135e+01 1.397850990718898969e-05
7.927963981990994569e+01 1.395717726876183592e-05
7.931965982991495423e+01 1.393589393626954439e-05
7.935967983991996277e+01 1.391465975644616028e-05
7.939969984992495711e+01 1.389347457662584484e-05
7.943971985992996565e+01 1.387233824473999209e-05
7.947973986993495998e+01 1.385125060931449289e-05
7.951975987993996853e+01 1.383021151946682624e-05
7.955977988994497707e+01 1.380922082490336912e-05
7.959979989994997140e+01 1.378827837591654533e-05
7.963981990995497995e+01 1.376738402338207778e-05
7.967983991995997428e+01 1.374653761875629316e-05
7.971985992996498283e+01 1.372573901407330986e-05
7.975987993996997716e+01 1.370498806194239516e-05
7.979989994997498570e+01 1.368428461554522091e-05
7.983991995997999425e+01 1.366362852863319532e-05
7.987993996998498858e+01 1.364301965552481517e-05
7.991995997998999712e+01 1.362245785110293325e-05
7.995997998999499146e+01 1.360194297081221732e-05
8.000000000000000000e+01 1.358147487065643953e-05
