0.000000000000000000e+00 9.605784021893092181e-05
4.002001000500250011e-02 9.650347448997158609e-05
8.004002001000500022e-02 9.695245757814875481e-05
1.200600300150075073e-01 9.740482509451600331e-05
1.600800400200100004e-01 9.786061314417551598e-05
2.001000500250124936e-01 9.831985833475202058e-05
2.401200600300150145e-01 9.878259778503932780e-05
2.801400700350175077e-01 9.924886913382496433e-05
3.201600800400200009e-01 9.971871054889531224e-05
3.601800900450224940e-01 1.001921607362271633e-04
4.002001000500249872e-01 1.006692589493694828e-04
4.402201100550274804e-01 1.011500449990194902e-04
4.802401200600300291e-01 1.016345592627989096e-04
5.202601300650324667e-01 1.021228426952338475e-04
5.602801400700350154e-01 1.026149368379444913e-04
6.003001500750374531e-01 1.031108838300490177e-04
6.403201600800400017e-01 1.036107264187867416e-04
6.803401700850425504e-01 1.041145079703667244e-04
7.203601800900449881e-01 1.046222724810467883e-04
7.603801900950475368e-01 1.051340645884482372e-04
8.004002001000499744e-01 1.056499295831133702e-04
8.404202101050525231e-01 1.061699134203101662e-04
8.804402201100549608e-01 1.066940627320919332e-04
9.204602301150575094e-01 1.072224248396171103e-04
9.604802401200600581e-01 1.077550477657359881e-04
1.000500250125062607e+00 1.082919802478516096e-04
1.040520260130064933e+00 1.088332717510611677e-04
1.080540270135067482e+00 1.093789724815853672e-04
1.120560280140070031e+00 1.099291334004925133e-04
1.160580290145072579e+00 1.104838062377256892e-04
1.200600300150074906e+00 1.110430435064400960e-04
1.240620310155077455e+00 1.116068985176587968e-04
1.280640320160080003e+00 1.121754253952549941e-04
1.320660330165082552e+00 1.127486790912691919e-04
1.360680340170085101e+00 1.133267154015703867e-04
1.400700350175087427e+00 1.139095909818693681e-04
1.440720360180089976e+00 1.144973633640943456e-04
1.480740370185092525e+00 1.150900909731373189e-04
1.520760380190095074e+00 1.156878331439824254e-04
1.560780390195097400e+00 1.162906501392240859e-04
1.600800400200099949e+00 1.168986031669883247e-04
1.640820410205102498e+00 1.175117543992645273e-04
1.680840420210105046e+00 1.181301669906616099e-04
1.720860430215107595e+00 1.187539050975983297e-04
1.760880440220109922e+00 1.193830338979392434e-04
1.800900450225112470e+00 1.200176196110900017e-04
1.840920460230115019e+00 1.206577295185617369e-04
1.880940470235117568e+00 1.213034319850201298e-04
1.920960480240120116e+00 1.219547964798305535e-04
1.960980490245122443e+00 1.226118935991128190e-04
2.001000500250125214e+00 1.232747950883213389e-04
2.041020510255127540e+00 1.239435738653623775e-04
2.081040520260129867e+00 1.246183040442660605e-04
2.121060530265132638e+00 1.252990609594264114e-04
2.161080540270134964e+00 1.259859211904261933e-04
2.201100550275137291e+00 1.266789625874640245e-04
2.241120560280140062e+00 1.273782642973971316e-04
2.281140570285142388e+00 1.280839067904215867e-04
2.321160580290145159e+00 1.287959718874048538e-04
2.361180590295147486e+00 1.295145427878903791e-04
2.401200600300149812e+00 1.302397040987935762e-04
2.441220610305152583e+00 1.309715418638079097e-04
2.481240620310154910e+00 1.317101435935429240e-04
2.521260630315157680e+00 1.324555982964144372e-04
2.561280640320160007e+00 1.332079965103081230e-04
2.601300650325162334e+00 1.339674303350412831e-04
2.641320660330165104e+00 1.347339934656422973e-04
2.681340670335167431e+00 1.355077812264760494e-04
2.721360680340170202e+00 1.362888906062365794e-04
2.761380690345172528e+00 1.370774202938343652e-04
2.801400700350174855e+00 1.378734707152049323e-04
2.841420710355177626e+00 1.386771440710650016e-04
2.881440720360179952e+00 1.394885443756456120e-04
2.921460730365182723e+00 1.403077774964305968e-04
2.961480740370185050e+00 1.411349511949315299e-04
3.001500750375187376e+00 1.419701751685303675e-04
3.041520760380190147e+00 1.428135610934208469e-04
3.081540770385192474e+00 1.436652226686845578e-04
3.121560780390194800e+00 1.445252756615339940e-04
3.161580790395197571e+00 1.453938379537602352e-04
3.201600800400199898e+00 1.462710295894211734e-04
3.241620810405202668e+00 1.471569728238096661e-04
3.281640820410204995e+00 1.480517921737409205e-04
3.321660830415207322e+00 1.489556144692002256e-04
3.361680840420210092e+00 1.498685689063942116e-04
3.401700850425212419e+00 1.507907871022494916e-04
3.441720860430215190e+00 1.517224031504041143e-04
3.481740870435217516e+00 1.526635536787407257e-04
3.521760880440219843e+00 1.536143779085085467e-04
3.561780890445222614e+00 1.545750177150865081e-04
3.601800900450224940e+00 1.555456176904400996e-04
3.641820910455227711e+00 1.565263252073266292e-04
3.681840920460230038e+00 1.575172904853053008e-04
3.721860930465232364e+00 1.585186666586114416e-04
3.761880940470235135e+00 1.595306098459553230e-04
3.801900950475237462e+00 1.605532792223100336e-04
3.841920960480240232e+00 1.615868370927523140e-04
3.881940970485242559e+00 1.626314489684267488e-04
3.921960980490244886e+00 1.636872836447013206e-04
3.961980990495247656e+00 1.647545132815904096e-04
4.002001000500250427e+00 1.658333134865197251e-04
4.042021010505252754e+00 1.669238633995126118e-04
4.082041020510255080e+00 1.680263457808809453e-04
4.122061030515257407e+00 1.691409471015037466e-04
4.162081040520259734e+00 1.702678576357848875e-04
4.202101050525262949e+00 1.714072715573796584e-04
4.242121060530265275e+00 1.725593870377877773e-04
4.282141070535267602e+00 1.737244063479100379e-04
4.322161080540269928e+00 1.749025359626749034e-04
4.362181090545272255e+00 1.760939866688406203e-04
4.402201100550274582e+00 1.772989736760842536e-04
4.442221110555277797e+00 1.785177167314961461e-04
4.482241120560280123e+00 1.797504402375983614e-04
4.522261130565282450e+00 1.809973733740144746e-04
4.562281140570284776e+00 1.822587502229218470e-04
4.602301150575287103e+00 1.835348098984209060e-04
4.642321160580290318e+00 1.848257966799661989e-04
4.682341170585292645e+00 1.861319601500039615e-04
4.722361180590294971e+00 1.874535553359729764e-04
4.762381190595297298e+00 1.887908428568270164e-04
4.802401200600299624e+00 1.901440890742470569e-04
4.842421210605302839e+00 1.915135662487165704e-04
4.882441220610305166e+00 1.928995527006424529e-04
4.922461230615307493e+00 1.943023329767095298e-04
4.962481240620309819e+00 1.957221980216664276e-04
5.002501250625312146e+00 1.971594453557491873e-04
5.042521260630315361e+00 1.986143792579561824e-04
5.082541270635317687e+00 2.000873109553985801e-04
5.122561280640320014e+00 2.015785588189599104e-04
5.162581290645322341e+00 2.030884485655104780e-04
5.202601300650324667e+00 2.046173134669270128e-04
5.242621310655327882e+00 2.061654945661887451e-04
5.282641320660330209e+00 2.077333409008235321e-04
5.322661330665332535e+00 2.093212097339963620e-04
5.362681340670334862e+00 2.109294667935432985e-04
5.402701350675337189e+00 2.125584865192669105e-04
5.442721360680340403e+00 2.142086523188257118e-04
5.482741370685342730e+00 2.158803568325637411e-04
5.522761380690345057e+00 2.175740022076423001e-04
5.562781390695347383e+00 2.192900003818541851e-04
5.602801400700349710e+00 2.210287733775161470e-04
5.642821410705352925e+00 2.227907536058554262e-04
5.682841420710355251e+00 2.245763841823263725e-04
5.722861430715357578e+00 2.263861192533102946e-04
5.762881440720359905e+00 2.282204243346782691e-04
5.802901450725362231e+00 2.300797766627152101e-04
5.842921460730365446e+00 2.319646655579297632e-04
5.882941470735367773e+00 2.338755928022990356e-04
5.922961480740370099e+00 2.358130730305249057e-04
5.962981490745372426e+00 2.377776341359060278e-04
6.003001500750374753e+00 2.397698176914576495e-04
6.043021510755377079e+00 2.417901793869477070e-04
6.083041520760380294e+00 2.438392894825453915e-04
6.123061530765382621e+00 2.459177332798150257e-04
6.163081540770384947e+00 2.480261116108289096e-04
6.203101550775387274e+00 2.501650413462044018e-04
6.243121560780389601e+00 2.523351559229180933e-04
6.283141570785392815e+00 2.545371058927924112e-04
6.323161580790395142e+00 2.567715594925910763e-04
6.363181590795397469e+00 2.590392032367186577e-04
6.403201600800399795e+00 2.613407425335580658e-04
6.443221610805402122e+00 2.636769023265486721e-04
6.483241620810405337e+00 2.660484277611525742e-04
6.523261630815407663e+00 2.684560848789293306e-04
6.563281640820409990e+00 2.709006613399947828e-04
6.603301650825412317e+00 2.733829671752169960e-04
6.643321660830414643e+00 2.759038355695694585e-04
6.683341670835417858e+00 2.784641236781409393e-04
6.723361680840420185e+00 2.810647134763887326e-04
6.763381690845422511e+00 2.837065126463012748e-04
6.803401700850424838e+00 2.863904555002342385e-04
6.843421710855427165e+00 2.891175039442860713e-04
6.883441720860430380e+00 2.918886484831751120e-04
6.923461730865432706e+00 2.947049092687005511e-04
6.963481740870435033e+00 2.975673371939868087e-04
7.003501750875437359e+00 3.004770150358338008e-04
7.043521760880439686e+00 3.034350586476336899e-04
7.083541770885442901e+00 3.064426182054610297e-04
7.123561780890445227e+00 3.095008795100874142e-04
7.163581790895447554e+00 3.126110653478498722e-04
7.203601800900449881e+00 3.157744369134585943e-04
7.243621810905452207e+00 3.189922952980342734e-04
7.283641820910455422e+00 3.222659830458473804e-04
7.323661830915457749e+00 3.255968857834577496e-04
7.363681840920460075e+00 3.289864339251700174e-04
7.403701850925462402e+00 3.324361044589691709e-04
7.443721860930464729e+00 3.359474228173577460e-04
7.483741870935467944e+00 3.395219648377946920e-04
7.523761880940470270e+00 3.431613588177310375e-04
7.563781890945472597e+00 3.468672876695669846e-04
7.603801900950474923e+00 3.506414911811771718e-04
7.643821910955477250e+00 3.544857683880429499e-04
7.683841920960480465e+00 3.584019800634017988e-04
7.723861930965482792e+00 3.623920513332594298e-04
7.763881940970485118e+00 3.664579744235656449e-04
7.803901950975487445e+00 3.706018115473321819e-04
7.843921960980489771e+00 3.748256979400084845e-04
7.883941970985492098e+00 3.791318450519901343e-04
7.923961980990495313e+00 3.835225439077452505e-04
7.963981990995497640e+00 3.880001686417016761e-04
8.004002001000500854e+00 3.925671802217427730e-04
8.044022011005502293e+00 3.972261303719229280e-04
8.084042021010505508e+00 4.019796657068464810e-04
8.124062031015506946e+00 4.068305320910265191e-04
8.164082041020510161e+00 4.117815792375235668e-04
8.204102051025513376e+00 4.168357655611878510e-04
8.244122061030514814e+00 4.219961633029662047e-04
8.284142071035518029e+00 4.272659639429520666e-04
8.324162081040519467e+00 4.326484839211767802e-04
8.364182091045522682e+00 4.381471706865843916e-04
8.404202101050525897e+00 4.437656090961806556e-04
8.444222111055527336e+00 4.495075281880454160e-04
8.484242121060530550e+00 4.553768083537377458e-04
8.524262131065531989e+00 4.613774889376214125e-04
8.564282141070535204e+00 4.675137762928236644e-04
8.604302151075536642e+00 4.737900523259068746e-04
8.644322161080539857e+00 4.802108835649411133e-04
8.684342171085543072e+00 4.867810307884700132e-04
8.724362181090544510e+00 4.935054592559726463e-04
8.764382191095547725e+00 5.003893495837940511e-04
8.804402201100549163e+00 5.074381093142074552e-04
8.844422211105552378e+00 5.146573852293382994e-04
8.884442221110555593e+00 5.220530764661015415e-04
8.924462231115557032e+00 5.296313484931897348e-04
8.964482241120560246e+00 5.373986480164933506e-04
9.004502251125561685e+00 5.453617188852279965e-04
9.044522261130564900e+00 5.535276190775107732e-04
9.084542271135568114e+00 5.619037388512726884e-04
9.124562281140569553e+00 5.704978201542649195e-04
9.164582291145572768e+00 5.793179773956033457e-04
9.204602301150574206e+00 5.883727196909004998e-04
9.244622311155577421e+00 5.976709747036718480e-04
9.284642321160580636e+00 6.072221142174740556e-04
9.324662331165582074e+00 6.170359815862866892e-04
9.364682341170585289e+00 6.271229212251605307e-04
9.404702351175586728e+00 6.374938103192799273e-04
9.444722361180589942e+00 6.481600929475251661e-04
9.484742371185593157e+00 6.591338168366318688e-04
9.524762381190594596e+00 6.704276729843823297e-04
9.564782391195597810e+00 6.820550384151983104e-04
9.604802401200599249e+00 6.940300223594416578e-04
9.644822411205602464e+00 7.063675161790332812e-04
9.684842421210605679e+00 7.190832473970986023e-04
9.724862431215607117e+00 7.321938382288709860e-04
9.764882441220610332e+00 7.457168690554815500e-04
9.804902451225611770e+00 7.596709473324082069e-04
9.844922461230614985e+00 7.740757824809327411e-04
9.884942471235618200e+00 7.889522673749552835e-04
9.924962481240619638e+00 8.043225671080582147e-04
9.964982491245622853e+00 8.202102158080319628e-04
1.000500250125062429e+01 8.366402223596551427e-04
1.004502251125562751e+01 8.536391860032008011e-04
1.008504252126063072e+01 8.712354228977923489e-04
1.012506253126563216e+01 8.894591048779430234e-04
1.016508254127063537e+01 9.083424117910595015e-04
1.020510255127563681e+01 9.279196989867952335e-04
1.024512256128064003e+01 9.482276817398336936e-04
1.028514257128564324e+01 9.693056386306112340e-04
1.032516258129064468e+01 9.911956361893094029e-04
1.036518259129564790e+01 1.013942777433716460e-03
1.040520260130064933e+01 1.037595477309291364e-03
1.044522261130565255e+01 1.062205768479504301e-03
1.048524262131065576e+01 1.087829641427698075e-03
1.052526263131565720e+01 1.114527423432267253e-03
1.056528264132066042e+01 1.142364201681597300e-03
1.060530265132566186e+01 1.171410296624291868e-03
1.064532266133066507e+01 1.201741792628787135e-03
1.068534267133566829e+01 1.233441134184562818e-03
1.072536268134066972e+01 1.266597797252503113e-03
1.076538269134567294e+01 1.301309047010134994e-03
1.080540270135067438e+01 1.337680795195621969e-03
1.084542271135567759e+01 1.375828572602970628e-03
1.088544272136068081e+01 1.415878635107963805e-03
1.092546273136568225e+01 1.457969225020286624e-03
1.096548274137068546e+01 1.502252013700726462e-03
1.100550275137568690e+01 1.548893756428639532e-03
1.104552276138069011e+01 1.598078196676900199e-03
1.108554277138569333e+01 1.650008264533166756e-03
1.112556278139069477e+01 1.704908623362714083e-03
1.116558279139569798e+01 1.763028630409183006e-03
1.120560280140069942e+01 1.824645791486015573e-03
1.124562281140570263e+01 1.890069808019351812e-03
1.128564282141070585e+01 1.959647337507978287e-03
1.132566283141570729e+01 2.033767617349445563e-03
1.136568284142071050e+01 2.112869138780636147e-03
1.140570285142571194e+01 2.197447604857179475e-03
1.144572286143071516e+01 2.288065467269655845e-03
1.148574287143571837e+01 2.385363415878638971e-03
1.152576288144071981e+01 2.490074298331014513e-03
1.156578289144572302e+01 2.603040083541476295e-03
1.160580290145072446e+01 2.725232664095716961e-03
1.164582291145572768e+01 2.857779535505925589e-03
1.168584292146073089e+01 3.001995718506037577e-03
1.172586293146573233e+01 3.159423738317224811e-03
1.176588294147073555e+01 3.331884091453195511e-03
1.180590295147573698e+01 3.521539488537336199e-03
1.184592296148074020e+01 3.730977367953490498e-03
1.188594297148574341e+01 3.963316890552352062e-03
1.192596298149074485e+01 4.222349093626863448e-03
1.196598299149574807e+01 4.512722476774359837e-03
1.200600300150074951e+01 4.840191593937133614e-03
1.204602301150575272e+01 5.211954148279533162e-03
1.208604302151075416e+01 5.637114082258859807e-03
1.212606303151575737e+01 6.127326556961753407e-03
1.216608304152076059e+01 6.697709293590591549e-03
1.220610305152576203e+01 7.368149609119636727e-03
1.224612306153076524e+01 8.165207400059857484e-03
1.228614307153576668e+01 9.124926498359102467e-03
1.232616308154076989e+01 1.029704187245463615e-02
1.236618309154577311e+01 1.175133162215831126e-02
1.240620310155077455e+01 1.358720737489080461e-02
1.244622311155577776e+01 1.594791594738216231e-02
1.248624312156077920e+01 1.904021629574286986e-02
1.252626313156578242e+01 2.315637648442832319e-02
1.256628314157078563e+01 2.867890195561886846e-02
1.260630315157578707e+01 3.599589917000967781e-02
1.264632316158079028e+01 4.513535861232029212e-02
1.268634317158579172e+01 5.487533107126793541e-02
1.272636318159079494e+01 6.194907076092234094e-02
1.276638319159579815e+01 6.294302983119143269e-02
1.280640320160079959e+01 5.843263730081189877e-02
1.284642321160580281e+01 5.238490552603075612e-02
1.288644322161080424e+01 4.801593925229343668e-02
1.292646323161580746e+01 4.662236340988730465e-02
1.296648324162081067e+01 4.853743887971854326e-02
1.300650325162581211e+01 5.377694825920352473e-02
1.304652326163081533e+01 6.178590645570828516e-02
1.308654327163581677e+01 7.033637622569575976e-02
1.312656328164081998e+01 7.495218047437685049e-02
1.316658329164582319e+01 7.206325118555330367e-02
1.320660330165082463e+01 6.332049116410902456e-02
1.324662331165582785e+01 5.328848998634712342e-02
1.328664332166082929e+01 4.489331865795521959e-02
1.332666333166583250e+01 3.886890212765788805e-02
1.336668334167083572e+01 3.498293098399898188e-02
1.340670335167583715e+01 3.282646086028860599e-02
1.344672336168084037e+01 3.207887862339833113e-02
1.348674337168584181e+01 3.255688326932468235e-02
1.352676338169084502e+01 3.420845410719083879e-02
1.356678339169584824e+01 3.710614057634129687e-02
1.360680340170084968e+01 4.145539515933242131e-02
1.364682341170585289e+01 4.762393313348890767e-02
1.368684342171085433e+01 5.619714557340631245e-02
1.372686343171585754e+01 6.806274227935811549e-02
1.376688344172086076e+01 8.451144896800338868e-02
1.380690345172586220e+01 1.072704522157495455e-01
1.384692346173086541e+01 1.381560153738317365e-01
1.388694347173586685e+01 1.774797104803767511e-01
1.392696348174087007e+01 2.199480789941841152e-01
1.396698349174587328e+01 2.502535009130512633e-01
1.400700350175087472e+01 2.504029153423067422e-01
1.404702351175587793e+01 2.201619167780743125e-01
1.408704352176087937e+01 1.773662113339744828e-01
1.412706353176588259e+01 1.374977735704276671e-01
1.416708354177088580e+01 1.060021842455061564e-01
1.420710355177588724e+01 8.261473607319202994e-02
1.424712356178089045e+01 6.551072290936982290e-02
1.428714357178589189e+01 5.293518150310552728e-02
1.432716358179089511e+01 4.356184830216527221e-02
1.436718359179589832e+01 3.646014280413979042e-02
1.440720360180089976e+01 3.099047258683899908e-02
1.444722361180590298e+01 2.671285854562161638e-02
1.448724362181090441e+01 2.332159811216492559e-02
1.452726363181590763e+01 2.060140006734929169e-02
1.456728364182091084e+01 1.839848385375267292e-02
1.460730365182591228e+01 1.660155345650195235e-02
1.464732366183091550e+01 1.512918753361155305e-02
1.468734367183591694e+01 1.392140836077339350e-02
1.472736368184092015e+01 1.293400663147635694e-02
1.476738369184592337e+01 1.213472255372629281e-02
1.480740370185092480e+01 1.150071883060807022e-02
1.484742371185592802e+01 1.101700040004992796e-02
1.488744372186092946e+01 1.067558729404004779e-02
1.492746373186593267e+01 1.047536326004842172e-02
1.496748374187093589e+01 1.042262832690701510e-02
1.500750375187593733e+01 1.053250013010450375e-02
1.504752376188094054e+01 1.083145952526251218e-02
1.508754377188594198e+01 1.136154478718792542e-02
1.512756378189094519e+01 1.218697592388292769e-02
1.516758379189594841e+01 1.340426566588231658e-02
1.520760380190094985e+01 1.515674239719084701e-02
1.524762381190595306e+01 1.765227554287492062e-02
1.528764382191095450e+01 2.117342947749694185e-02
1.532766383191595772e+01 2.603674580438037484e-02
1.536768384192096093e+01 3.237414322196995736e-02
1.540770385192596237e+01 3.951579652809838333e-02
1.544772386193096558e+01 4.515340293085046142e-02
1.548774387193596702e+01 4.607622844671067919e-02
1.552776388194097024e+01 4.156152943646438530e-02
1.556778389194597167e+01 3.434740306880866567e-02
1.560780390195097489e+01 2.731571909413059093e-02
1.564782391195597810e+01 2.164979592998735047e-02
1.568784392196097954e+01 1.740642133965304358e-02
1.572786393196598276e+01 1.429174970111136284e-02
1.576788394197098420e+01 1.199803269660545610e-02
1.580790395197598741e+01 1.028723886483286394e-02
1.584792396198099063e+01 8.991134255430138431e-03
1.588794397198599206e+01 7.993963374782468712e-03
1.592796398199099528e+01 7.216246075999495704e-03
1.596798399199599672e+01 6.602967482880610015e-03
1.600800400200100171e+01 6.115602740448033980e-03
1.604802401200600315e+01 5.726860995352692045e-03
1.608804402201100459e+01 5.417235591625729589e-03
1.612806403201600602e+01 5.172731649368669804e-03
1.616808404202101102e+01 4.983362885466710232e-03
1.620810405202601245e+01 4.842158824458651575e-03
1.624812406203101389e+01 4.744520268396884045e-03
1.628814407203601888e+01 4.687823416562873421e-03
1.632816408204102032e+01 4.671214659189524068e-03
1.636818409204602176e+01 4.695567833382473591e-03
1.640820410205102675e+01 4.763599929943542616e-03
1.644822411205602819e+01 4.880164870277201201e-03
1.648824412206102963e+01 5.052772898426345985e-03
1.652826413206603107e+01 5.292421211686858425e-03
1.656828414207103606e+01 5.614877671539286741e-03
1.660830415207603750e+01 6.042644713280550736e-03
1.664832416208103893e+01 6.607957204938203800e-03
1.668834417208604393e+01 7.357337872718677091e-03
1.672836418209104536e+01 8.358388735263545810e-03
1.676838419209604680e+01 9.709340897150840061e-03
1.680840420210105179e+01 1.155032643248224411e-02
1.684842421210605323e+01 1.406908384218634109e-02
1.688844422211105467e+01 1.747574215313187421e-02
1.692846423211605611e+01 2.188668837035609438e-02
1.696848424212106110e+01 2.703034592239232647e-02
1.700850425212606254e+01 3.176123622285895870e-02
1.704852426213106398e+01 3.394856955878845090e-02
1.708854427213606897e+01 3.212446622633381016e-02
1.712856428214107041e+01 2.740614751476186384e-02
1.716858429214607185e+01 2.210556070894637362e-02
1.720860430215107328e+01 1.758938445022741742e-02
1.724862431215607828e+01 1.415191691076562140e-02
1.728864432216107971e+01 1.163793409063468287e-02
1.732866433216608115e+01 9.813035242697080648e-03
1.736868434217108614e+01 8.480750889600737266e-03
1.740870435217608758e+01 7.498689524792801452e-03
1.744872436218108902e+01 6.768335771654050009e-03
1.748874437218609401e+01 6.222258931101619893e-03
1.752876438219109545e+01 5.814139158643451093e-03
1.756878439219609689e+01 5.511880770216949499e-03
1.760880440220109833e+01 5.293044249148143310e-03
1.764882441220610332e+01 5.141848062039084885e-03
1.768884442221110476e+01 5.047198222187428314e-03
1.772886443221610620e+01 5.001386985261328279e-03
1.776888444222111119e+01 4.999230997831905984e-03
1.780890445222611262e+01 5.037503438158150854e-03
1.784892446223111406e+01 5.114568491735478617e-03
1.788894447223611905e+01 5.230160977220317010e-03
1.792896448224112049e+01 5.385276525152505288e-03
1.796898449224612193e+01 5.582153205598450012e-03
1.800900450225112337e+01 5.824337012670364501e-03
1.804902451225612836e+01 6.116833280135436889e-03
1.808904452226112980e+01 6.466355576601764618e-03
1.812906453226613124e+01 6.881694451062981936e-03
1.816908454227113623e+01 7.374242328924029977e-03
1.820910455227613767e+01 7.958730252932255667e-03
1.824912456228113911e+01 8.654260504527788028e-03
1.828914457228614410e+01 9.485761840914118392e-03
1.832916458229114554e+01 1.048605977468285676e-02
1.836918459229614697e+01 1.169885693387972235e-02
1.840920460230114841e+01 1.318308051457097591e-02
1.844922461230615340e+01 1.501931066032237937e-02
1.848924462231115484e+01 1.731940835287593475e-02
1.852926463231615628e+01 2.024108201162475029e-02
1.856928464232116127e+01 2.401001164910614855e-02
1.860930465232616271e+01 2.895312274122765692e-02
1.864932466233116415e+01 3.554659888459571482e-02
1.868934467233616914e+01 4.447686527718119204e-02
1.872936468234117058e+01 5.668683360968494039e-02
1.876938469234617202e+01 7.328782418405910271e-02
1.880940470235117346e+01 9.496551338025337186e-02
1.884942471235617845e+01 1.201366027434726258e-01
1.888944472236117988e+01 1.419361142562908240e-01
1.892946473236618132e+01 1.491206895989206083e-01
1.896948474237118631e+01 1.368416165191951306e-01
1.900950475237618775e+01 1.130818692288360627e-01
1.904952476238118919e+01 8.854071428793992837e-02
1.908954477238619418e+01 6.834588543573251462e-02
1.912956478239119562e+01 5.315546634347713406e-02
1.916958479239619706e+01 4.204803411172335081e-02
1.920960480240119850e+01 3.393334802636925607e-02
1.924962481240620349e+01 2.794270421873638194e-02
1.928964482241120493e+01 2.345656589731406894e-02
1.932966483241620637e+01 2.004807749055679059e-02
1.936968484242121136e+01 1.742478296046978681e-02
1.940970485242621280e+01 1.538508608709160570e-02
1.944972486243121423e+01 1.378862755681557403e-02
1.948974487243621923e+01 1.253675175134654450e-02
1.952976488244122066e+01 1.155973599508717045e-02
1.956978489244622210e+01 1.080845401643252233e-02
1.960980490245122354e+01 1.024896188363546602e-02
1.964982491245622853e+01 9.859060292390175659e-03
1.968984492246122997e+01 9.626263405975570356e-03
1.972986493246623141e+01 9.546860778670588840e-03
1.976988494247123640e+01 9.625949727872545186e-03
1.980990495247623784e+01 9.878482864837683300e-03
1.984992496248123928e+01 1.033155561504899879e-02
1.988994497248624427e+01 1.102838725595743120e-02
1.992996498249124571e+01 1.203475925978720468e-02
1.996998499249624714e+01 1.344906616467955729e-02
2.001000500250124858e+01 1.541744100920872974e-02
2.005002501250625357e+01 1.815482822359523740e-02
2.009004502251125501e+01 2.196833859523076443e-02
2.013006503251625645e+01 2.726076329409901286e-02
2.017008504252126144e+01 3.443333167197164257e-02
2.021010505252626288e+01 4.347352188418855679e-02
2.025012506253126432e+01 5.295997886066738936e-02
2.029014507253626931e+01 5.918718951211048018e-02
2.033016508254127075e+01 5.829797169785310568e-02
2.037018509254627219e+01 5.084299278527498744e-02
2.041020510255127363e+01 4.103454862575228734e-02
2.045022511255627862e+01 3.213516717920077148e-02
2.049024512256128006e+01 2.517179444980420164e-02
2.053026513256628149e+01 2.000996533585189946e-02
2.057028514257128649e+01 1.622692334241659581e-02
2.061030515257628792e+01 1.343396208982407247e-02
2.065032516258128936e+01 1.134105992548876084e-02
2.069034517258629080e+01 9.745465086993998841e-03
2.073036518259129579e+01 8.507818512777470116e-03
2.077038519259629723e+01 7.532068368634461768e-03
2.081040520260129867e+01 6.751260585144303050e-03
2.085042521260630366e+01 6.118028224985969273e-03
2.089044522261130510e+01 5.598323426222692224e-03
2.093046523261630654e+01 5.167280405614822769e-03
2.097048524262131153e+01 4.806459759432489889e-03
2.101050525262631297e+01 4.501989305995462987e-03
2.105052526263131440e+01 4.243291831354157988e-03
2.109054527263631584e+01 4.022201668236503880e-03
2.113056528264132083e+01 3.832342382562745238e-03
2.117058529264632227e+01 3.668682267429692039e-03
2.121060530265132371e+01 3.527212617732105975e-03
2.125062531265632870e+01 3.404711946561915156e-03
2.129064532266133014e+01 3.298571148613675761e-03
2.133066533266633158e+01 3.206662428330939608e-03
2.137068534267133657e+01 3.127240030826825348e-03
2.141070535267633801e+01 3.058864346556184471e-03
2.145072536268133945e+01 3.000343381555630341e-03
2.149074537268634089e+01 2.950687263868018162e-03
2.153076538269134588e+01 2.909072634483638765e-03
2.157078539269634732e+01 2.874814606540995656e-03
2.161080540270134875e+01 2.847344575500319191e-03
2.165082541270635375e+01 2.826192596933264477e-03
2.169084542271135518e+01 2.810973366156132355e-03
2.173086543271635662e+01 2.801375068744280713e-03
2.177088544272136161e+01 2.797150546395712947e-03
2.181090545272636305e+01 2.798110355138304101e-03
2.185092546273136449e+01 2.804117394227870468e-03
2.189094547273636593e+01 2.815082862712177739e-03
2.193096548274137092e+01 2.830963362703435571e-03
2.197098549274637236e+01 2.851759018478587301e-03
2.201100550275137380e+01 2.877512522067477395e-03
2.205102551275637879e+01 2.908309051678336938e-03
2.209104552276138023e+01 2.944277041311197437e-03
2.213106553276638166e+01 2.985589810055231958e-03
2.217108554277138666e+01 3.032468089506982958e-03
2.221110555277638809e+01 3.085183519083781623e-03
2.225112556278138953e+01 3.144063213410874802e-03
2.229114557278639097e+01 3.209495545298433287e-03
2.233116558279139596e+01 3.281937334301336575e-03
2.237118559279639740e+01 3.361922687189556821e-03
2.241120560280139884e+01 3.450073806308052125e-03
2.245122561280640383e+01 3.547114169268841648e-03
2.249124562281140527e+01 3.653884594641588612e-03
2.253126563281640671e+01 3.771362851259257853e-03
2.257128564282141170e+01 3.900687654224600179e-03
2.261130565282641314e+01 4.043188133456787799e-03
2.265132566283141458e+01 4.200420181042816004e-03
2.269134567283641601e+01 4.374211510167163967e-03
2.273136568284142101e+01 4.566717830948141543e-03
2.277138569284642244e+01 4.780493323848014620e-03
2.281140570285142388e+01 5.018579650798431213e-03
2.285142571285642887e+01 5.284619205614014478e-03
2.289144572286143031e+01 5.583000341107500174e-03
2.293146573286643175e+01 5.919045175740688010e-03
2.297148574287143674e+01 6.299254659509583021e-03
2.301150575287643818e+01 6.731631445219155886e-03
2.305152576288143962e+01 7.226109653157208532e-03
2.309154577288644106e+01 7.795133208028638683e-03
2.313156578289144605e+01 8.454443222394279062e-03
2.317158579289644749e+01 9.224163322083894778e-03
2.321160580290144893e+01 1.013031534222411101e-02
2.325162581290645392e+01 1.120696533413882701e-02
2.329164582291145535e+01 1.249930569330751085e-02
2.333166583291645679e+01 1.406814665584185838e-02
2.337168584292146178e+01 1.599655607920358324e-02
2.341170585292646322e+01 1.839980493220851748e-02
2.345172586293146466e+01 2.144041619831724838e-02
2.349174587293646610e+01 2.535101642591819013e-02
2.353176588294147109e+01 3.046866239640491983e-02
2.357178589294647253e+01 3.728419036468878095e-02
2.361180590295147397e+01 4.650417887683001850e-02
2.365182591295647896e+01 5.909497360806524602e-02
2.369184592296148040e+01 7.617971593409200715e-02
2.373186593296648184e+01 9.839368978426221712e-02
2.377188594297148683e+01 1.239371045093410478e-01
2.381190595297648827e+01 1.455449476482389148e-01
2.385192596298148970e+01 1.518489593338202270e-01
2.389194597298649114e+01 1.386065290389232874e-01
2.393196598299149613e+01 1.143640368768599341e-01
2.397198599299649757e+01 8.975262786750995425e-02
2.401200600300149901e+01 6.964928797327615828e-02
2.405202601300650400e+01 5.457623663141597525e-02
2.409204602301150544e+01 4.357066265457092136e-02
2.413206603301650688e+01 3.553695496004057042e-02
2.417208604302150832e+01 2.960993751688760500e-02
2.421210605302651331e+01 2.517407717095017719e-02
2.425212606303151475e+01 2.180514240125499756e-02
2.429214607303651619e+01 1.921184902360291782e-02
2.433216608304152118e+01 1.719256821802150892e-02
2.437218609304652261e+01 1.560589951722365573e-02
2.441220610305152405e+01 1.435121451022085964e-02
2.445222611305652904e+01 1.335584512786225538e-02
2.449224612306153048e+01 1.256659267293081667e-02
2.453226613306653192e+01 1.194403697176429045e-02
2.457228614307153336e+01 1.145867190121187089e-02
2.461230615307653835e+01 1.108824567737665655e-02
2.465232616308153979e+01 1.081590687062553187e-02
2.469234617308654123e+01 1.062889751389799881e-02
2.473236618309154622e+01 1.051762378877289274e-02
2.477238619309654766e+01 1.047499195218185887e-02
2.481240620310154910e+01 1.049593436467018658e-02
2.485242621310655409e+01 1.057707509209846776e-02
2.489244622311155553e+01 1.071650118503767249e-02
2.493246623311655696e+01 1.091361730956756648e-02
2.497248624312155840e+01 1.116906979967588302e-02
2.501250625312656339e+01 1.148473270089947137e-02
2.505252626313156483e+01 1.186375390201096017e-02
2.509254627313656627e+01 1.231066476037345411e-02
2.513256628314157126e+01 1.283156244212910711e-02
2.517258629314657270e+01 1.343438135439184791e-02
2.521260630315157414e+01 1.412927965159578060e-02
2.525262631315657913e+01 1.492918047113781822e-02
2.529264632316158057e+01 1.585052778858912770e-02
2.533266633316658201e+01 1.691434753227604240e-02
2.537268634317158345e+01 1.814775220103240910e-02
2.541270635317658844e+01 1.958610183679974914e-02
2.545272636318158987e+01 2.127615169205418835e-02
2.549274637318659131e+01 2.328070052134759496e-02
2.553276638319159630e+01 2.568553095820001395e-02
2.557278639319659774e+01 2.860981450840278939e-02
2.561280640320159918e+01 3.222153013673406674e-02
2.565282641320660417e+01 3.675922333738382286e-02
2.569284642321160561e+01 4.255828470000952435e-02
2.573286643321660705e+01 5.006599208436903620e-02
2.577288644322160849e+01 5.978257984613567777e-02
2.581290645322661348e+01 7.194678279130679865e-02
2.585292646323161492e+01 8.566348349673047480e-02
2.589294647323661636e+01 9.778575438367997918e-02
2.593296648324162135e+01 1.041206429706619113e-01
2.597298649324662279e+01 1.041657899946700216e-01
2.601300650325162422e+01 1.021398040240409366e-01
2.605302651325662922e+01 1.023722778718767351e-01
2.609304652326163065e+01 1.070227296392450289e-01
2.613306653326663209e+01 1.170103651763938629e-01
2.617308654327163353e+01 1.331419344409202343e-01
2.621310655327663852e+01 1.566189930883475634e-01
2.625312656328163996e+01 1.891670831409988374e-01
2.629314657328664140e+01 2.331349399805736911e-01
2.633316658329164639e+01 2.916380066356945022e-01
2.637318659329664783e+01 3.673879720561968876e-01
2.641320660330164927e+01 4.593463199099226402e-01
2.645322661330665426e+01 5.602354919774054087e-01
2.649324662331165570e+01 6.527432100770574896e-01
2.653326663331665713e+01 7.008425727651571568e-01
2.657328664332165857e+01 6.694960575156861937e-01
2.661330665332666356e+01 5.712930281762806928e-01
2.665332666333166500e+01 4.537040831138627328e-01
2.669334667333666644e+01 3.502593489524150061e-01
2.673336668334167143e+01 2.701997729800523773e-01
2.677338669334667287e+01 2.110247328965058622e-01
2.681340670335167431e+01 1.676392126978178687e-01
2.685342671335667930e+01 1.355582884435033164e-01
2.689344672336168074e+01 1.114755498481884849e-01
2.693346673336668218e+01 9.308582382069847949e-02
2.697348674337168362e+01 7.880326751119716422e-02
2.701350675337668861e+01 6.753220918758265356e-02
2.705352676338169005e+01 5.850660100232168287e-02
2.709354677338669148e+01 5.118281275994651658e-02
2.713356678339169648e+01 4.516892891196649246e-02
2.717358679339669791e+01 4.017798853808464410e-02
2.721360680340169935e+01 3.599675641592351566e-02
2.725362681340670434e+01 3.246459632322333533e-02
2.729364682341170578e+01 2.945897723528571530e-02
2.733366683341670722e+01 2.688538991853706150e-02
2.737368684342170866e+01 2.467023836107555199e-02
2.741370685342671365e+01 2.275576875146862951e-02
2.745372686343171509e+01 2.109641717385026677e-02
2.749374687343671653e+01 1.965616349024229548e-02
2.753376688344172152e+01 1.840661493818533320e-02
2.757378689344672296e+01 1.732563496936346745e-02
2.761380690345172439e+01 1.639639751711330362e-02
2.765382691345672583e+01 1.560679537059778479e-02
2.769384692346173082e+01 1.494917177211011958e-02
2.773386693346673226e+01 1.442038360247034461e-02
2.777388694347173370e+01 1.402224965177530265e-02
2.781390695347673869e+01 1.376249719421549292e-02
2.785392696348174013e+01 1.365640601647608726e-02
2.789394697348674157e+01 1.372947567135560272e-02
2.793396698349174656e+01 1.402161978256843446e-02
2.797398699349674800e+01 1.459359538705747375e-02
2.801400700350174944e+01 1.553641994858209231e-02
2.805402701350675088e+01 1.698363575305733911e-02
2.809404702351175587e+01 1.912170935122434537e-02
2.813406703351675731e+01 2.217730108352712962e-02
2.817408704352175874e+01 2.631347413721573519e-02
2.821410705352676374e+01 3.129138097743907471e-02
2.825412706353176517e+01 3.587536311086582386e-02
2.829414707353676661e+01 3.788525676317853336e-02
2.833416708354177160e+01 3.621595245490364517e-02
2.837418709354677304e+01 3.235885145067620566e-02
2.841420710355177448e+01 2.854330255040782305e-02
2.845422711355677592e+01 2.583711196314274205e-02
2.849424712356178091e+01 2.407854041568138759e-02
2.853426713356678235e+01 2.240287894952008516e-02
2.857428714357178379e+01 2.009592557496899315e-02
2.861430715357678878e+01 1.731311568940194223e-02
2.865432716358179022e+01 1.464763864928081590e-02
2.869434717358679165e+01 1.244108871836531807e-02
2.873436718359179665e+01 1.072833298043116869e-02
2.877438719359679808e+01 9.422084328032610465e-03
2.881440720360179952e+01 8.422297120976175722e-03
2.885442721360680096e+01 7.648863817154824378e-03
2.889444722361180595e+01 7.044246838557087151e-03
2.893446723361680739e+01 6.568794058079160600e-03
2.897448724362180883e+01 6.195848842274981859e-03
2.901450725362681382e+01 5.908179492143714184e-03
2.905452726363181526e+01 5.695741887789412122e-03
2.909454727363681670e+01 5.554536484185156921e-03
2.913456728364182169e+01 5.486391077255994321e-03
2.917458729364682313e+01 5.499618306283178895e-03
2.921460730365182457e+01 5.610539387845140009e-03
2.925462731365682600e+01 5.845589358490646016e-03
2.929464732366183100e+01 6.242331649869516108e-03
2.933466733366683243e+01 6.842964684576288009e-03
2.937468734367183387e+01 7.661907957732580661e-03
2.941470735367683886e+01 8.597047082330494874e-03
2.945472736368184030e+01 9.317024103959545972e-03
2.949474737368684174e+01 9.384191246059114117e-03
2.953476738369184673e+01 8.729587109988067722e-03
2.957478739369684817e+01 7.748693195048438412e-03
2.961480740370184961e+01 6.833681973827178922e-03
2.965482741370685105e+01 6.142525491572398480e-03
2.969484742371185604e+01 5.686850420903361014e-03
2.973486743371685748e+01 5.437392479866092268e-03
2.977488744372185892e+01 5.369571363731768729e-03
2.981490745372686391e+01 5.476620183231655295e-03
2.985492746373186534e+01 5.773140591694820266e-03
2.989494747373686678e+01 6.297655919598398391e-03
2.993496748374187177e+01 7.114701014858755036e-03
2.997498749374687321e+01 8.308459200553241358e-03
3.001500750375187465e+01 9.940728530136793209e-03
3.005502751375687609e+01 1.191412045310597488e-02
3.009504752376188108e+01 1.372288358898563973e-02
3.013506753376688252e+01 1.444328276888055471e-02
3.017508754377188396e+01 1.354281554293867290e-02
3.021510755377688895e+01 1.157237660186107020e-02
3.025512756378189039e+01 9.448889990021346399e-03
3.029514757378689183e+01 7.662766132201283449e-03
3.033516758379189682e+01 6.300690088741984531e-03
3.037518759379689826e+01 5.293416944307423495e-03
3.041520760380189969e+01 4.548909493628235795e-03
3.045522761380690113e+01 3.991902439030215258e-03
3.049524762381190612e+01 3.568244074928115291e-03
3.053526763381690756e+01 3.240517066975760925e-03
3.057528764382190900e+01 2.983077677161036657e-03
3.061530765382691399e+01 2.778270377551776086e-03
3.065532766383191543e+01 2.613836113899237288e-03
3.069534767383691687e+01 2.481203302498645891e-03
3.073536768384192186e+01 2.374376273812262451e-03
3.077538769384692330e+01 2.289219498000856154e-03
3.081540770385192474e+01 2.223007824539004283e-03
3.085542771385692618e+01 2.174164517876431540e-03
3.089544772386193117e+01 2.142145036035277440e-03
3.093546773386693260e+01 2.127451335284223383e-03
3.097548774387193404e+01 2.131782639970557919e-03
3.101550775387693903e+01 2.158341330231498649e-03
3.105552776388194047e+01 2.212294114295610369e-03
3.109554777388694191e+01 2.301251219976171210e-03
3.113556778389194335e+01 2.435091625271668114e-03
3.117558779389694834e+01 2.622856991770931671e-03
3.121560780390194978e+01 2.861325157683621001e-03
3.125562781390695122e+01 3.111462197675536698e-03
3.129564782391195621e+01 3.289493703193804505e-03
3.133566783391695765e+01 3.335307263652663532e-03
3.137568784392195909e+01 3.296807106344341876e-03
3.141570785392696408e+01 3.278576274090643471e-03
3.145572786393196552e+01 3.354697958803782264e-03
3.149574787393696695e+01 3.563641158895183240e-03
3.153576788394196839e+01 3.936676672488091319e-03
3.157578789394697338e+01 4.517191234888388515e-03
3.161580790395197482e+01 5.366627386681772222e-03
3.165582791395697626e+01 6.550033525961469934e-03
3.169584792396198125e+01 8.068767554490820573e-03
3.173586793396698269e+01 9.693329788234819958e-03
3.177588794397198413e+01 1.080053775359539163e-02
3.181590795397698912e+01 1.070267000516971281e-02
3.185592796398199056e+01 9.444284784489134082e-03
3.189594797398699200e+01 7.740442599339431538e-03
3.193596798399199344e+01 6.175477757983777703e-03
3.197598799399699843e+01 4.943435115941399206e-03
3.201600800400200342e+01 4.026773112397585147e-03
3.205602801400700486e+01 3.352928511257526577e-03
3.209604802401200629e+01 2.853824179055604142e-03
3.213606803401700773e+01 2.478365727330584384e-03
3.217608804402200917e+01 2.190769572586638656e-03
3.221610805402701061e+01 1.966438273489773403e-03
3.225612806403201205e+01 1.788432595390757919e-03
3.229614807403702059e+01 1.644963412467970306e-03
3.233616808404202203e+01 1.527710682185440347e-03
3.237618809404702347e+01 1.430715887091252173e-03
3.241620810405202491e+01 1.349652218306682206e-03
3.245622811405702635e+01 1.281340072135221360e-03
3.249624812406202778e+01 1.223422274615548885e-03
3.253626813406702922e+01 1.174144574263421116e-03
3.257628814407203777e+01 1.132206907208104830e-03
3.261630815407703921e+01 1.096663701902760631e-03
3.265632816408204064e+01 1.066859819381001931e-03
3.269634817408704208e+01 1.042394448182823626e-03
3.273636818409204352e+01 1.023109623543256219e-03
3.277638819409704496e+01 1.009103927260261756e-03
3.281640820410205350e+01 1.000776114652465786e-03
3.285642821410705494e+01 9.989085805358509026e-04
3.289644822411205638e+01 1.004806968871959022e-03
3.293646823411705782e+01 1.020518064740663991e-03
3.297648824412205926e+01 1.049143506863171654e-03
3.301650825412706070e+01 1.095213380286468811e-03
3.305652826413206213e+01 1.164852495749965459e-03
3.309654827413707068e+01 1.264703296286926685e-03
3.313656828414207212e+01 1.396669768971904070e-03
3.317658829414707355e+01 1.543858104988480749e-03
3.321660830415207499e+01 1.653815070407438446e-03
3.325662831415707643e+01 1.660370393809508429e-03
3.329664832416207787e+01 1.556939384582526438e-03
3.333666833416707931e+01 1.405718444665299402e-03
3.337668834417208785e+01 1.265041590024893262e-03
3.341670835417708929e+01 1.157162593196775328e-03
3.345672836418209073e+01 1.082627282987022122e-03
3.349674837418709217e+01 1.035898345436705873e-03
3.353676838419209361e+01 1.011806907413246182e-03
3.357678839419709504e+01 1.007164670960463901e-03
3.361680840420210359e+01 1.020896121470337998e-03
3.365682841420710503e+01 1.053976615320314537e-03
3.369684842421210647e+01 1.109570946489343759e-03
3.373686843421710790e+01 1.193502457975445259e-03
3.377688844422210934e+01 1.315108426347743730e-03
3.381690845422711078e+01 1.488397198733977869e-03
3.385692846423211222e+01 1.732818796532897485e-03
3.389694847423712076e+01 2.070858267385362189e-03
3.393696848424212220e+01 2.514069765229742272e-03
3.397698849424712364e+01 3.021951177650512507e-03
3.401700850425212508e+01 3.440833312302118106e-03
3.405702851425712652e+01 3.539966595434138920e-03
3.409704852426212796e+01 3.245097273024274802e-03
3.413706853426712939e+01 2.737863126843122913e-03
3.417708854427213794e+01 2.230706543835843381e-03
3.421710855427713938e+01 1.817360963401442459e-03
3.425712856428214081e+01 1.505979656358741618e-03
3.429714857428714225e+01 1.276446674757346226e-03
3.433716858429214369e+01 1.106586709383516887e-03
3.437718859429714513e+01 9.790182370861032560e-04
3.441720860430214657e+01 8.813987056767859200e-04
3.445722861430715511e+01 8.052191412599685964e-04
3.449724862431215655e+01 7.446285993050565360e-04
3.453726863431715799e+01 6.955675281960570049e-04
3.457728864432215943e+01 6.551798204925528973e-04
3.461730865432716087e+01 6.214241751891908232e-04
3.465732866433216230e+01 5.928180321253481190e-04
3.469734867433717085e+01 5.682676648325979494e-04
3.473736868434217229e+01 5.469541061290189793e-04
3.477738869434717373e+01 5.282554910317576163e-04
3.481740870435217516e+01 5.116934161587672995e-04
3.485742871435717660e+01 4.968953460912497533e-04
3.489744872436217804e+01 4.835678915330730745e-04
3.493746873436717948e+01 4.714775567243533979e-04
3.497748874437218802e+01 4.604366891853420361e-04
3.501750875437718946e+01 4.502931010389167555e-04
3.505752876438219090e+01 4.409223144763817887e-04
3.509754877438719234e+01 4.322217053692903690e-04
3.513756878439219378e+01 4.241060355657411021e-04
3.517758879439719522e+01 4.165040121142206462e-04
3.521760880440219665e+01 4.093556136357095468e-04
3.525762881440720520e+01 4.026099952930607575e-04
3.529764882441220664e+01 3.962238341120889870e-04
3.533766883441720807e+01 3.901600123149135931e-04
3.537768884442220951e+01 3.843865622139084736e-04
3.541770885442721095e+01 3.788758150588845681e-04
3.545772886443221239e+01 3.736037100728900476e-04
3.549774887443722093e+01 3.685492301691645689e-04
3.553776888444222237e+01 3.636939385050143737e-04
3.557778889444722381e+01 3.590215957987141337e-04
3.561780890445222525e+01 3.545178427132173447e-04
3.565782891445722669e+01 3.501699349551945376e-04
3.569784892446222813e+01 3.459665213109601261e-04
3.573786893446722956e+01 3.418974568330374053e-04
3.577788894447223811e+01 3.379536449431711290e-04
3.581790895447723955e+01 3.341269034339178646e-04
3.585792896448224099e+01 3.304098503095652048e-04
3.589794897448724242e+01 3.267958061667632324e-04
3.593796898449224386e+01 3.232787104202948882e-04
3.597798899449724530e+01 3.198530491637605077e-04
3.601800900450224674e+01 3.165137928445246624e-04
3.605802901450725528e+01 3.132563422470409126e-04
3.609804902451225672e+01 3.100764815341384680e-04
3.613806903451725816e+01 3.069703373040491090e-04
3.617808904452225960e+01 3.039343427913477778e-04
3.621810905452726104e+01 3.009652064799386590e-04
3.625812906453226248e+01 2.980598845116610041e-04
3.629814907453727102e+01 2.952155563696136679e-04
3.633816908454227246e+01 2.924296033946614673e-04
3.637818909454727390e+01 2.896995897596881669e-04
3.641820910455227533e+01 2.870232455814874573e-04
3.645822911455727677e+01 2.843984518965172732e-04
3.649824912456227821e+01 2.818232272657931548e-04
3.653826913456727965e+01 2.792957158070960935e-04
3.657828914457228819e+01 2.768141764805429712e-04
3.661830915457728963e+01 2.743769734772049372e-04
3.665832916458229107e+01 2.719825675805660281e-04
3.669834917458729251e+01 2.696295083877977509e-04
3.673836918459229395e+01 2.673164272924735121e-04
3.677838919459729539e+01 2.650420311429465669e-04
3.681840920460229682e+01 2.628050965014257895e-04
3.685842921460730537e+01 2.606044644380893331e-04
3.689844922461230681e+01 2.584390358026293177e-04
3.693846923461730825e+01 2.563077669225609367e-04
3.697848924462230968e+01 2.542096656836794356e-04
3.701850925462731112e+01 2.521437879532731330e-04
3.705852926463231256e+01 2.501092343112707849e-04
3.709854927463732110e+01 2.481051470584767619e-04
3.713856928464232254e+01 2.461307074745301346e-04
3.717858929464732398e+01 2.441851333012586564e-04
3.721860930465232542e+01 2.422676764297826326e-04
3.725862931465732686e+01 2.403776207720586275e-04
3.729864932466232830e+01 2.385142802996230037e-04
3.733866933466732974e+01 2.366769972341185337e-04
3.737868934467233828e+01 2.348651403757899396e-04
3.741870935467733972e+01 2.330781035575647114e-04
3.745872936468234116e+01 2.313153042135833101e-04
3.749874937468734259e+01 2.295761820521778022e-04
3.753876938469234403e+01 2.278601978242761155e-04
3.757878939469734547e+01 2.261668321791009410e-04
3.761880940470234691e+01 2.244955845998209017e-04
3.765882941470735545e+01 2.228459724125100502e-04
3.769884942471235689e+01 2.212175298624066428e-04
3.773886943471735833e+01 2.196098072520137742e-04
3.777888944472235977e+01 2.180223701361046077e-04
3.781890945472736121e+01 2.164547985691287770e-04
3.785892946473236265e+01 2.149066864009366914e-04
3.789894947473736408e+01 2.133776406170949619e-04
3.793896948474237263e+01 2.118672807203993418e-04
3.797898949474737407e+01 2.103752381504882664e-04
3.801900950475237551e+01 2.089011557387206370e-04
3.805902951475737694e+01 2.074446871957357961e-04
3.809904952476237838e+01 2.060054966293192562e-04
3.813906953476737982e+01 2.045832580904055089e-04
3.817908954477238836e+01 2.031776551452214082e-04
3.821910955477738980e+01 2.017883804717440625e-04
3.825912956478239124e+01 2.004151354787854012e-04
3.829914957478739268e+01 1.990576299461634178e-04
3.833916958479239412e+01 1.977155816845266908e-04
3.837918959479739556e+01 1.963887162135258550e-04
3.841920960480239700e+01 1.950767664571158473e-04
3.845922961480740554e+01 1.937794724548715466e-04
3.849924962481240698e+01 1.924965810882844322e-04
3.853926963481740842e+01 1.912278458210805781e-04
3.857928964482240985e+01 1.899730264526793401e-04
3.861930965482741129e+01 1.887318888839694742e-04
3.865932966483241273e+01 1.875042048946437448e-04
3.869934967483741417e+01 1.862897519313867756e-04
3.873936968484242271e+01 1.850883129062609069e-04
3.877938969484742415e+01 1.838996760046819287e-04
3.881940970485242559e+01 1.827236345024164878e-04
3.885942971485742703e+01 1.815599865910775526e-04
3.889944972486242847e+01 1.804085352116249221e-04
3.893946973486742991e+01 1.792690878954135165e-04
3.897948974487243845e+01 1.781414566123642529e-04
3.901950975487743989e+01 1.770254576258570561e-04
3.905952976488244133e+01 1.759209113539764798e-04
3.909954977488744277e+01 1.748276422367600960e-04
3.913956978489244420e+01 1.737454786091261784e-04
3.917958979489744564e+01 1.726742525791759926e-04
3.921960980490244708e+01 1.716137999115844920e-04
3.925962981490745562e+01 1.705639599158138419e-04
3.929964982491245706e+01 1.695245753388992694e-04
3.933966983491745850e+01 1.684954922625702843e-04
3.937968984492245994e+01 1.674765600044895921e-04
3.941970985492746138e+01 1.664676310234001761e-04
3.945972986493246282e+01 1.654685608279865582e-04
3.949974987493746426e+01 1.644792078892673870e-04
3.953976988494247280e+01 1.634994335563447437e-04
3.957978989494747424e+01 1.625291019753530091e-04
3.961980990495247568e+01 1.615680800114453676e-04
3.965982991495747711e+01 1.606162371736844820e-04
3.969984992496247855e+01 1.596734455426915950e-04
3.973986993496747999e+01 1.587395797009327097e-04
3.977988994497248854e+01 1.578145166655155369e-04
3.981990995497748997e+01 1.568981358233873826e-04
3.985992996498249141e+01 1.559903188688201311e-04
3.989994997498749285e+01 1.550909497430858332e-04
3.993996998499249429e+01 1.541999145762211986e-04
3.997998999499749573e+01 1.533171016307921704e-04
4.002001000500249717e+01 1.524424012475708156e-04
4.006003001500750571e+01 1.515757057930412646e-04
4.010005002501250715e+01 1.507169096086589683e-04
4.014007003501750859e+01 1.498659089617857248e-04
4.018009004502251003e+01 1.490226019982345300e-04
4.022011005502751146e+01 1.481868886963537239e-04
4.026013006503251290e+01 1.473586708225891218e-04
4.030015007503751434e+01 1.465378518884638201e-04
4.034017008504252289e+01 1.457243371089175928e-04
4.038019009504752432e+01 1.449180333619522632e-04
4.042021010505252576e+01 1.441188491495303317e-04
4.046023011505752720e+01 1.433266945596787763e-04
4.050025012506252864e+01 1.425414812297504552e-04
4.054027013506753008e+01 1.417631223107975217e-04
4.058029014507253862e+01 1.409915324330160847e-04
4.062031015507754006e+01 1.402266276722202113e-04
4.066033016508254150e+01 1.394683255173051006e-04
4.070035017508754294e+01 1.387165448386668768e-04
4.074037018509254438e+01 1.379712058575382886e-04
4.078039019509754581e+01 1.372322301162105546e-04
4.082041020510254725e+01 1.364995404491071204e-04
4.086043021510755580e+01 1.357730609546786444e-04
4.090045022511255723e+01 1.350527169680920811e-04
4.094047023511755867e+01 1.343384350346807376e-04
4.098049024512256011e+01 1.336301428841343538e-04
4.102051025512756155e+01 1.329277694053989539e-04
4.106053026513256299e+01 1.322312446222637312e-04
4.110055027513756443e+01 1.315404996696107861e-04
4.114057028514257297e+01 1.308554667703054381e-04
4.118059029514757441e+01 1.301760792127050481e-04
4.122061030515257585e+01 1.295022713287650464e-04
4.126063031515757729e+01 1.288339784727240327e-04
4.130065032516257872e+01 1.281711370003462650e-04
4.134067033516758016e+01 1.275136842487055173e-04
4.138069034517258160e+01 1.268615585164905744e-04
4.142071035517759015e+01 1.262146990448174012e-04
4.146073036518259158e+01 1.255730459985303685e-04
4.150075037518759302e+01 1.249365404479765168e-04
4.154077038519259446e+01 1.243051243512404151e-04
4.158079039519759590e+01 1.236787405368211046e-04
4.162081040520259734e+01 1.230573326867416919e-04
4.166083041520760588e+01 1.224408453200740571e-04
4.170085042521260732e+01 1.218292237768695951e-04
4.174087043521760876e+01 1.212224142024799853e-04
4.178089044522261020e+01 1.206203635322593157e-04
4.182091045522761164e+01 1.200230194766340906e-04
4.186093046523261307e+01 1.194303305065304554e-04
4.190095047523761451e+01 1.188422458391486105e-04
4.194097048524262306e+01 1.182587154240732463e-04
4.198099049524762449e+01 1.176796899297112174e-04
4.202101050525262593e+01 1.171051207300452621e-04
4.206103051525762737e+01 1.165349598916966788e-04
4.210105052526262881e+01 1.159691601612859811e-04
4.214107053526763025e+01 1.154076749530847436e-04
4.218109054527263169e+01 1.148504583369490823e-04
4.222111055527764023e+01 1.142974650265274106e-04
4.226113056528264167e+01 1.137486503677349094e-04
4.230115057528764311e+01 1.132039703274864174e-04
4.234117058529264455e+01 1.126633814826813701e-04
4.238119059529764598e+01 1.121268410094340673e-04
4.242121060530264742e+01 1.115943066725413001e-04
4.246123061530765597e+01 1.110657368151818602e-04
4.250125062531265741e+01 1.105410903488421613e-04
4.254127063531765884e+01 1.100203267434594987e-04
4.258129064532266028e+01 1.095034060177803081e-04
4.262131065532766172e+01 1.089902887299253699e-04
4.266133066533266316e+01 1.084809359681572044e-04
4.270135067533766460e+01 1.079753093418446157e-04
4.274137068534267314e+01 1.074733709726188679e-04
4.278139069534767458e+01 1.069750834857164122e-04
4.282141070535267602e+01 1.064804100015038547e-04
4.286143071535767746e+01 1.059893141271796627e-04
4.290145072536267890e+01 1.055017599486490179e-04
4.294147073536768033e+01 1.050177120225666131e-04
4.298149074537268177e+01 1.045371353685436777e-04
4.302151075537769032e+01 1.040599954615145845e-04
4.306153076538269175e+01 1.035862582242598397e-04
4.310155077538769319e+01 1.031158900200802636e-04
4.314157078539269463e+01 1.026488576456200199e-04
4.318159079539769607e+01 1.021851283238341416e-04
4.322161080540269751e+01 1.017246696970965287e-04
4.326163081540770605e+01 1.012674498204461817e-04
4.330165082541270749e+01 1.008134371549671720e-04
4.334167083541770893e+01 1.003626005612998404e-04
4.338169084542271037e+01 9.991490929327934980e-05
4.342171085542771181e+01 9.947033299169970625e-05
4.346173086543271324e+01 9.902884167819906228e-05
4.350175087543771468e+01 9.859040574926388899e-05
4.354177088544272323e+01 9.815499597034927997e-05
4.358179089544772467e+01 9.772258347011325899e-05
4.362181090545272610e+01 9.729313973476038887e-05
4.366183091545772754e+01 9.686663660249485760e-05
4.370185092546272898e+01 9.644304625807839334e-05
4.374187093546773042e+01 9.602234122749212723e-05
4.378189094547273186e+01 9.560449437269814864e-05
4.382191095547774040e+01 9.518947888650063083e-05
4.386193096548274184e+01 9.477726828750282712e-05
4.390195097548774328e+01 9.436783641515798619e-05
4.394197098549274472e+01 9.396115742491262777e-05
4.398199099549774616e+01 9.355720578343934633e-05
4.402201100550274759e+01 9.315595626395803148e-05
4.406203101550775614e+01 9.275738394164232022e-05
4.410205102551275758e+01 9.236146418911106415e-05
4.414207103551775901e+01 9.196817267200092219e-05
4.418209104552276045e+01 9.157748534462024123e-05
4.422211105552776189e+01 9.118937844568105367e-05
4.426213106553276333e+01 9.080382849410824299e-05
4.430215107553776477e+01 9.042081228492384454e-05
4.434217108554277331e+01 9.004030688520509918e-05
4.438219109554777475e+01 8.966228963011457927e-05
4.442221110555277619e+01 8.928673811900059805e-05
4.446223111555777763e+01 8.891363021156670980e-05
4.450225112556277907e+01 8.854294402410910821e-05
4.454227113556778050e+01 8.817465792581970024e-05
4.458229114557278194e+01 8.780875053515408302e-05
4.462231115557779049e+01 8.744520071626275695e-05
4.466233116558279193e+01 8.708398757548491066e-05
4.470235117558779336e+01 8.672509045790206762e-05
4.474237118559279480e+01 8.636848894395202786e-05
4.478239119559779624e+01 8.601416284610052994e-05
4.482241120560279768e+01 8.566209220557045693e-05
4.486243121560779912e+01 8.531225728912651294e-05
4.490245122561280766e+01 8.496463858591486859e-05
4.494247123561780910e+01 8.461921680435663721e-05
4.498249124562281054e+01 8.427597286909329786e-05
4.502251125562781198e+01 8.393488791798437690e-05
4.506253126563281342e+01 8.359594329915501633e-05
4.510255127563781485e+01 8.325912056809325293e-05
4.514257128564282340e+01 8.292440148479573406e-05
4.518259129564782484e+01 8.259176801096096215e-05
4.522261130565282627e+01 8.226120230722898375e-05
4.526263131565782771e+01 8.193268673046669637e-05
4.530265132566282915e+01 8.160620383109812260e-05
4.534267133566783059e+01 8.128173635047837760e-05
4.538269134567283203e+01 8.095926721831057092e-05
4.542271135567784057e+01 8.063877955010511430e-05
4.546273136568284201e+01 8.032025664468032391e-05
4.550275137568784345e+01 8.000368198170321947e-05
4.554277138569284489e+01 7.968903921927061494e-05
4.558279139569784633e+01 7.937631219152875269e-05
4.562281140570284776e+01 7.906548490633183337e-05
4.566283141570784920e+01 7.875654154293728671e-05
4.570285142571285775e+01 7.844946644973828462e-05
4.574287143571785919e+01 7.814424414203264288e-05
4.578289144572286062e+01 7.784085929982645792e-05
4.582291145572786206e+01 7.753929676567329187e-05
4.586293146573286350e+01 7.723954154254672401e-05
4.590295147573786494e+01 7.694157879174713579e-05
4.594297148574287348e+01 7.664539383084064252e-05
4.598299149574787492e+01 7.635097213163103899e-05
4.602301150575287636e+01 7.605829931816244160e-05
4.606303151575787780e+01 7.576736116475394148e-05
4.610305152576287924e+01 7.547814359406420878e-05
4.614307153576788068e+01 7.519063267518618352e-05
4.618309154577288211e+01 7.490481462177106704e-05
4.622311155577789066e+01 7.462067579018130225e-05
4.626313156578289210e+01 7.433820267767204135e-05
4.630315157578789353e+01 7.405738192059969146e-05
4.634317158579289497e+01 7.377820029265889348e-05
4.638319159579789641e+01 7.350064470314510167e-05
4.642321160580289785e+01 7.322470219524485101e-05
4.646323161580789929e+01 7.295035994435064954e-05
4.650325162581290783e+01 7.267760525640174244e-05
4.654327163581790927e+01 7.240642556625066664e-05
4.658329164582291071e+01 7.213680843605258712e-05
4.662331165582791215e+01 7.186874155368022047e-05
4.666333166583291359e+01 7.160221273116170284e-05
4.670335167583791502e+01 7.133720990314226969e-05
4.674337168584292357e+01 7.107372112536761957e-05
4.678339169584792501e+01 7.081173457319125237e-05
4.682341170585292645e+01 7.055123854010266480e-05
4.686343171585792788e+01 7.029222143627759597e-05
4.690345172586292932e+01 7.003467178714976719e-05
4.694347173586793076e+01 6.977857823200324871e-05
4.698349174587293220e+01 6.952392952258549413e-05
4.702351175587794074e+01 6.927071452174067643e-05
4.706353176588294218e+01 6.901892220206275652e-05
4.710355177588794362e+01 6.876854164456790478e-05
4.714357178589294506e+01 6.851956203738662798e-05
4.718359179589794650e+01 6.827197267447428696e-05
4.722361180590294794e+01 6.802576295434026267e-05
4.726363181590794937e+01 6.778092237879563479e-05
4.730365182591295792e+01 6.753744055171823492e-05
4.734367183591795936e+01 6.729530717783594124e-05
4.738369184592296079e+01 6.705451206152690047e-05
4.742371185592796223e+01 6.681504510563678523e-05
4.746373186593296367e+01 6.657689631031312762e-05
4.750375187593796511e+01 6.634005577185560416e-05
4.754377188594297365e+01 6.610451368158323424e-05
4.758379189594797509e+01 6.587026032471690650e-05
4.762381190595297653e+01 6.563728607927781585e-05
4.766383191595797797e+01 6.540558141500109291e-05
4.770385192596297941e+01 6.517513689226518150e-05
4.774387193596798085e+01 6.494594316103543261e-05
4.778389194597298228e+01 6.471799095982287741e-05
4.782391195597799083e+01 6.449127111465701335e-05
4.786393196598299227e+01 6.426577453807337623e-05
4.790395197598799371e+01 6.404149222811424461e-05
4.794397198599299514e+01 6.381841526734394025e-05
4.798399199599799658e+01 6.359653482187708486e-05
4.802401200600299802e+01 6.337584214042042284e-05
4.806403201600799946e+01 6.315632855332769515e-05
4.810405202601300800e+01 6.293798547166717125e-05
4.814407203601800944e+01 6.272080438630234049e-05
4.818409204602301088e+01 6.250477686698451625e-05
4.822411205602801232e+01 6.228989456145822003e-05
4.826413206603301376e+01 6.207614919457819368e-05
4.830415207603801520e+01 6.186353256743877147e-05
4.834417208604301663e+01 6.165203655651451439e-05
4.838419209604802518e+01 6.144165311281270280e-05
4.842421210605302662e+01 6.123237426103702360e-05
4.846423211605802805e+01 6.102419209876238390e-05
4.850425212606302949e+01 6.081709879562078366e-05
4.854427213606803093e+01 6.061108659249801669e-05
4.858429214607303237e+01 6.040614780074097661e-05
4.862431215607804091e+01 6.020227480137556081e-05
4.866433216608304235e+01 5.999946004433469820e-05
4.870435217608804379e+01 5.979769604769674457e-05
4.874437218609304523e+01 5.959697539693366975e-05
4.878439219609804667e+01 5.939729074416940909e-05
4.882441220610304811e+01 5.919863480744765429e-05
4.886443221610804954e+01 5.900100037000927333e-05
4.890445222611305809e+01 5.880438027957912228e-05
4.894447223611805953e+01 5.860876744766245228e-05
4.898449224612306097e+01 5.841415484884967846e-05
4.902451225612806240e+01 5.822053552013100155e-05
4.906453226613306384e+01 5.802790256021936424e-05
4.910455227613806528e+01 5.783624912888224391e-05
4.914457228614306672e+01 5.764556844628215268e-05
4.918459229614807526e+01 5.745585379232535721e-05
4.922461230615307670e+01 5.726709850601933310e-05
4.926463231615807814e+01 5.707929598483784924e-05
4.930465232616307958e+01 5.689243968409475301e-05
4.934467233616808102e+01 5.670652311632531098e-05
4.938469234617308246e+01 5.652153985067555233e-05
4.942471235617809100e+01 5.633748351229937794e-05
4.946473236618309244e+01 5.615434778176318426e-05
4.950475237618809388e+01 5.597212639445810385e-05
4.954477238619309531e+01 5.579081314001957089e-05
4.958479239619809675e+01 5.561040186175414418e-05
4.962481240620309819e+01 5.543088645607368914e-05
4.966483241620809963e+01 5.525226087193649868e-05
4.970485242621310817e+01 5.507451911029526489e-05
4.974487243621810961e+01 5.489765522355234201e-05
4.978489244622311105e+01 5.472166331502123672e-05
4.982491245622811249e+01 5.454653753839521359e-05
4.986493246623311393e+01 5.437227209722235146e-05
4.990495247623811537e+01 5.419886124438696279e-05
4.994497248624311680e+01 5.402629928159749111e-05
4.998499249624812535e+01 5.385458055888081195e-05
5.002501250625312679e+01 5.368369947408267322e-05
5.006503251625812823e+01 5.351365047237406468e-05
5.010505252626312966e+01 5.334442804576399106e-05
5.014507253626813110e+01 5.317602673261782881e-05
5.018509254627313254e+01 5.300844111718188307e-05
5.022511255627814108e+01 5.284166582911341319e-05
5.026513256628314252e+01 5.267569554301672970e-05
5.030515257628814396e+01 5.251052497798438027e-05
5.034517258629314540e+01 5.234614889714442077e-05
5.038519259629814684e+01 5.218256210721285664e-05
5.042521260630314828e+01 5.201975945805151197e-05
5.046523261630814972e+01 5.185773584223123161e-05
5.050525262631315826e+01 5.169648619460030765e-05
5.054527263631815970e+01 5.153600549185812375e-05
5.058529264632316114e+01 5.137628875213390192e-05
5.062531265632816257e+01 5.121733103457017236e-05
5.066533266633316401e+01 5.105912743891179308e-05
5.070535267633816545e+01 5.090167310509915050e-05
5.074537268634316689e+01 5.074496321286683519e-05
5.078539269634817543e+01 5.058899298134659350e-05
5.082541270635317687e+01 5.043375766867521910e-05
5.086543271635817831e+01 5.027925257160684224e-05
5.090545272636317975e+01 5.012547302513007763e-05
5.094547273636818119e+01 4.997241440208946176e-05
5.098549274637318263e+01 4.982007211281131500e-05
5.102551275637819117e+01 4.966844160473400833e-05
5.106553276638319261e+01 4.951751836204279733e-05
5.110555277638819405e+01 4.936729790530843719e-05
5.114557278639319549e+01 4.921777579113030407e-05
5.118559279639819692e+01 4.906894761178364313e-05
5.122561280640319836e+01 4.892080899487088910e-05
5.126563281640819980e+01 4.877335560297695098e-05
5.130565282641320835e+01 4.862658313332844054e-05
5.134567283641820978e+01 4.848048731745712239e-05
5.138569284642321122e+01 4.833506392086674543e-05
5.142571285642821266e+01 4.819030874270418402e-05
5.146573286643321410e+01 4.804621761543396725e-05
5.150575287643821554e+01 4.790278640451679944e-05
5.154577288644321698e+01 4.776001100809157044e-05
5.158579289644822552e+01 4.761788735666110637e-05
5.162581290645322696e+01 4.747641141278150510e-05
5.166583291645822840e+01 4.733557917075477840e-05
5.170585292646322984e+01 4.719538665632528219e-05
5.174587293646823127e+01 4.705582992637937216e-05
5.178589294647323271e+01 4.691690506864856959e-05
5.182591295647823415e+01 4.677860820141591189e-05
5.186593296648324269e+01 4.664093547322581342e-05
5.190595297648824413e+01 4.650388306259714484e-05
5.194597298649324557e+01 4.636744717773926032e-05
5.198599299649824701e+01 4.623162405627155504e-05
5.202601300650324845e+01 4.609640996494597721e-05
5.206603301650824989e+01 4.596180119937273847e-05
5.210605302651325843e+01 4.582779408374880936e-05
5.214607303651825987e+01 4.569438497058988418e-05
5.218609304652326131e+01 4.556157024046485990e-05
5.222611305652826275e+01 4.542934630173351345e-05
5.226613306653326418e+01 4.529770959028704534e-05
5.230615307653826562e+01 4.516665656929142868e-05
5.234617308654326706e+01 4.503618372893364492e-05
5.238619309654827561e+01 4.490628758617062324e-05
5.242621310655327704e+01 4.477696468448112769e-05
5.246623311655827848e+01 4.464821159361994144e-05
5.250625312656327992e+01 4.452002490937539850e-05
5.254627313656828136e+01 4.439240125332883995e-05
5.258629314657328280e+01 4.426533727261730241e-05
5.262631315657828424e+01 4.413882963969834776e-05
5.266633316658329278e+01 4.401287505211761027e-05
5.270635317658829422e+01 4.388747023227916252e-05
5.274637318659329566e+01 4.376261192721767035e-05
5.278639319659829710e+01 4.363829690837368517e-05
5.282641320660329853e+01 4.351452197137100979e-05
5.286643321660829997e+01 4.339128393579653092e-05
5.290645322661330852e+01 4.326857964498249774e-05
5.294647323661830995e+01 4.314640596579105030e-05
5.298649324662331139e+01 4.302475978840100441e-05
5.302651325662831283e+01 4.290363802609700814e-05
5.306653326663331427e+01 4.278303761506102273e-05
5.310655327663831571e+01 4.266295551416584295e-05
5.314657328664331715e+01 4.254338870477094870e-05
5.318659329664832569e+01 4.242433419052040291e-05
5.322661330665332713e+01 4.230578899714314826e-05
5.326663331665832857e+01 4.218775017225495058e-05
5.330665332666333001e+01 4.207021478516306627e-05
5.334667333666833144e+01 4.195317992667233273e-05
5.338669334667333288e+01 4.183664270889377279e-05
5.342671335667833432e+01 4.172060026505495421e-05
5.346673336668334287e+01 4.160504974931247693e-05
5.350675337668834430e+01 4.148998833656637118e-05
5.354677338669334574e+01 4.137541322227638620e-05
5.358679339669834718e+01 4.126132162228025765e-05
5.362681340670334862e+01 4.114771077261390622e-05
5.366683341670835006e+01 4.103457792933345907e-05
5.370685342671335860e+01 4.092192036833901952e-05
5.374687343671836004e+01 4.080973538520065266e-05
5.378689344672336148e+01 4.069802029498551600e-05
5.382691345672836292e+01 4.058677243208744332e-05
5.386693346673336436e+01 4.047598915005784292e-05
5.390695347673836579e+01 4.036566782143861536e-05
5.394697348674336723e+01 4.025580583759662961e-05
5.398699349674837578e+01 4.014640060855991372e-05
5.402701350675337721e+01 4.003744956285556654e-05
5.406703351675837865e+01 3.992895014734937034e-05
5.410705352676338009e+01 3.982089982708694845e-05
5.414707353676838153e+01 3.971329608513661692e-05
5.418709354677338297e+01 3.960613642243381504e-05
5.422711355677838441e+01 3.949941835762708767e-05
5.426713356678339295e+01 3.939313942692563962e-05
5.430715357678839439e+01 3.928729718394862477e-05
5.434717358679339583e+01 3.918188919957558719e-05
5.438719359679839727e+01 3.907691306179873856e-05
5.442721360680339870e+01 3.897236637557659764e-05
5.446723361680840014e+01 3.886824676268911381e-05
5.450725362681340869e+01 3.876455186159424063e-05
5.454727363681841013e+01 3.866127932728604766e-05
5.458729364682341156e+01 3.855842683115407913e-05
5.462731365682841300e+01 3.845599206084424402e-05
5.466733366683341444e+01 3.835397272012114269e-05
5.470735367683841588e+01 3.825236652873160651e-05
5.474737368684341732e+01 3.815117122226976889e-05
5.478739369684842586e+01 3.805038455204330861e-05
5.482741370685342730e+01 3.795000428494119072e-05
5.486743371685842874e+01 3.785002820330268813e-05
5.490745372686343018e+01 3.775045410478753484e-05
5.494747373686843162e+01 3.765127980224756998e-05
5.498749374687343305e+01 3.755250312359957441e-05
5.502751375687843449e+01 3.745412191169930003e-05
5.506753376688344304e+01 3.735613402421686103e-05
5.510755377688844447e+01 3.725853733351329071e-05
5.514757378689344591e+01 3.716132972651819602e-05
5.518759379689844735e+01 3.706450910460885553e-05
5.522761380690344879e+01 3.696807338349029302e-05
5.526763381690845023e+01 3.687202049307662519e-05
5.530765382691345167e+01 3.677634837737351378e-05
5.534767383691846021e+01 3.668105499436180356e-05
5.538769384692346165e+01 3.658613831588231909e-05
5.542771385692846309e+01 3.649159632752169824e-05
5.546773386693346453e+01 3.639742702849935055e-05
5.550775387693846596e+01 3.630362843155559465e-05
5.554777388694346740e+01 3.621019856284073086e-05
5.558779389694847595e+01 3.611713546180542834e-05
5.562781390695347739e+01 3.602443718109187118e-05
5.566783391695847882e+01 3.593210178642609713e-05
5.570785392696348026e+01 3.584012735651153573e-05
5.574787393696848170e+01 3.574851198292316985e-05
5.578789394697348314e+01 3.565725377000310666e-05
5.582791395697848458e+01 3.556635083475692119e-05
5.586793396698349312e+01 3.547580130675104330e-05
5.590795397698849456e+01 3.538560332801132384e-05
5.594797398699349600e+01 3.529575505292199377e-05
5.598799399699849744e+01 3.520625464812637156e-05
5.602801400700349888e+01 3.511710029242784165e-05
5.606803401700850031e+01 3.502829017669220851e-05
5.610805402701350175e+01 3.493982250375070119e-05
5.614807403701851030e+01 3.485169548830406209e-05
5.618809404702351173e+01 3.476390735682750307e-05
5.622811405702851317e+01 3.467645634747648154e-05
5.626813406703351461e+01 3.458934070999345904e-05
5.630815407703851605e+01 3.450255870561555433e-05
5.634817408704351749e+01 3.441610860698281313e-05
5.638819409704852603e+01 3.432998869804780595e-05
5.642821410705352747e+01 3.424419727398561901e-05
5.646823411705852891e+01 3.415873264110492254e-05
5.650825412706353035e+01 3.407359311675978451e-05
5.654827413706853179e+01 3.398877702926240589e-05
5.658829414707353322e+01 3.390428271779653352e-05
5.662831415707853466e+01 3.382010853233176080e-05
5.666833416708354321e+01 3.373625283353868197e-05
5.670835417708854465e+01 3.365271399270461584e-05
5.674837418709354608e+01 3.356949039165037284e-05
5.678839419709854752e+01 3.348658042264765245e-05
5.682841420710354896e+01 3.340398248833719943e-05
5.686843421710855040e+01 3.332169500164763100e-05
5.690845422711355184e+01 3.323971638571538882e-05
5.694847423711856038e+01 3.315804507380488747e-05
5.698849424712356182e+01 3.307667950922980822e-05
5.702851425712856326e+01 3.299561814527492121e-05
5.706853426713356470e+01 3.291485944511867345e-05
5.710855427713856614e+01 3.283440188175646118e-05
5.714857428714356757e+01 3.275424393792475603e-05
5.718859429714857612e+01 3.267438410602553617e-05
5.722861430715357756e+01 3.259482088805194387e-05
5.726863431715857899e+01 3.251555279551411934e-05
5.730865432716358043e+01 3.243657834936604416e-05
5.734867433716858187e+01 3.235789607993286586e-05
5.738869434717358331e+01 3.227950452683891368e-05
5.742871435717858475e+01 3.220140223893654780e-05
5.746873436718359329e+01 3.212358777423525929e-05
5.750875437718859473e+01 3.204605969983187458e-05
5.754877438719359617e+01 3.196881659184100394e-05
5.758879439719859761e+01 3.189185703532630977e-05
5.762881440720359905e+01 3.181517962423237132e-05
5.766883441720860048e+01 3.173878296131715923e-05
5.770885442721360192e+01 3.166266565808497756e-05
5.774887443721861047e+01 3.158682633472031400e-05
5.778889444722361191e+01 3.151126362002190672e-05
5.782891445722861334e+01 3.143597615133771945e-05
5.786893446723361478e+01 3.136096257450022808e-05
5.790895447723861622e+01 3.128622154376254765e-05
5.794897448724361766e+01 3.121175172173486418e-05
5.798899449724862620e+01 3.113755177932163231e-05
5.802901450725362764e+01 3.106362039565934205e-05
5.806903451725862908e+01 3.098995625805441435e-05
5.810905452726363052e+01 3.091655806192247221e-05
5.814907453726863196e+01 3.084342451072716459e-05
5.818909454727363340e+01 3.077055431592037941e-05
5.822911455727863483e+01 3.069794619688238208e-05
5.826913456728364338e+01 3.062559888086290261e-05
5.830915457728864482e+01 3.055351110292238545e-05
5.834917458729364625e+01 3.048168160587405581e-05
5.838919459729864769e+01 3.041010914022629431e-05
5.842921460730364913e+01 3.033879246412557744e-05
5.846923461730865057e+01 3.026773034329994323e-05
5.850925462731365201e+01 3.019692155100291424e-05
5.854927463731866055e+01 3.012636486795791191e-05
5.858929464732366199e+01 3.005605908230319937e-05
5.862931465732866343e+01 2.998600298953719027e-05
5.866933466733366487e+01 2.991619539246438093e-05
5.870935467733866631e+01 2.984663510114163830e-05
5.874937468734366774e+01 2.977732093282494871e-05
5.878939469734866918e+01 2.970825171191673579e-05
5.882941470735367773e+01 2.963942626991355450e-05
5.886943471735867917e+01 2.957084344535420187e-05
5.890945472736368060e+01 2.950250208376833263e-05
5.894947473736868204e+01 2.943440103762549830e-05
5.898949474737368348e+01 2.936653916628463351e-05
5.902951475737868492e+01 2.929891533594394560e-05
5.906953476738369346e+01 2.923152841959128178e-05
5.910955477738869490e+01 2.916437729695485224e-05
5.914957478739369634e+01 2.909746085445446130e-05
5.918959479739869778e+01 2.903077798515303685e-05
5.922961480740369922e+01 2.896432758870869843e-05
5.926963481740870066e+01 2.889810857132713704e-05
5.930965482741370209e+01 2.883211984571446248e-05
5.934967483741871064e+01 2.876636033103040994e-05
5.938969484742371208e+01 2.870082895284197332e-05
5.942971485742871351e+01 2.863552464307735383e-05
5.946973486743371495e+01 2.857044633998044714e-05
5.950975487743871639e+01 2.850559298806557121e-05
5.954977488744371783e+01 2.844096353807259726e-05
5.958979489744871927e+01 2.837655694692257539e-05
5.962981490745372781e+01 2.831237217767353301e-05
5.966983491745872925e+01 2.824840819947690689e-05
5.970985492746373069e+01 2.818466398753403948e-05
5.974987493746873213e+01 2.812113852305325135e-05
5.978989494747373357e+01 2.805783079320727267e-05
5.982991495747873500e+01 2.799473979109084752e-05
5.986993496748374355e+01 2.793186451567889722e-05
5.990995497748874499e+01 2.786920397178496833e-05
5.994997498749374643e+01 2.780675717001990417e-05
5.998999499749874786e+01 2.774452312675103479e-05
6.003001500750374930e+01 2.768250086406162444e-05
6.007003501750875074e+01 2.762068940971065101e-05
6.011005502751375218e+01 2.755908779709292101e-05
6.015007503751876072e+01 2.749769506519951306e-05
6.019009504752376216e+01 2.743651025857860774e-05
6.023011505752876360e+01 2.737553242729652748e-05
6.027013506753376504e+01 2.731476062689917617e-05
6.031015507753876648e+01 2.725419391837379399e-05
6.035017508754376792e+01 2.719383136811101708e-05
6.039019509754876935e+01 2.713367204786717440e-05
6.043021510755377790e+01 2.707371503472707252e-05
6.047023511755877934e+01 2.701395941106686846e-05
6.051025512756378077e+01 2.695440426451739654e-05
6.055027513756878221e+01 2.689504868792774936e-05
6.059029514757378365e+01 2.683589177932910950e-05
6.063031515757878509e+01 2.677693264189899794e-05
6.067033516758379363e+01 2.671817038392568512e-05
6.071035517758879507e+01 2.665960411877293747e-05
6.075037518759379651e+01 2.660123296484504505e-05
6.079039519759879795e+01 2.654305604555218812e-05
6.083041520760379939e+01 2.648507248927597303e-05
6.087043521760880083e+01 2.642728142933539507e-05
6.091045522761380226e+01 2.636968200395285210e-05
6.095047523761881081e+01 2.631227335622073421e-05
6.099049524762381225e+01 2.625505463406798960e-05
6.103051525762881369e+01 2.619802499022716826e-05
6.107053526763381512e+01 2.614118358220159433e-05
6.111055527763881656e+01 2.608452957223287392e-05
6.115057528764381800e+01 2.602806212726868756e-05
6.119059529764881944e+01 2.597178041893075199e-05
6.123061530765382798e+01 2.591568362348304627e-05
6.127063531765882942e+01 2.585977092180046140e-05
6.131065532766383086e+01 2.580404149933745672e-05
6.135067533766883230e+01 2.574849454609708899e-05
6.139069534767383374e+01 2.569312925660031930e-05
6.143071535767883518e+01 2.563794482985549278e-05
6.147073536768384372e+01 2.558294046932809275e-05
6.151075537768884516e+01 2.552811538291076255e-05
6.155077538769384660e+01 2.547346878289343910e-05
6.159079539769884803e+01 2.541899988593391690e-05
6.163081540770384947e+01 2.536470791302852703e-05
6.167083541770885091e+01 2.531059208948300610e-05
6.171085542771385235e+01 2.525665164488368690e-05
6.175087543771886089e+01 2.520288581306889578e-05
6.179089544772386233e+01 2.514929383210053984e-05
6.183091545772886377e+01 2.509587494423594811e-05
6.187093546773386521e+01 2.504262839589991272e-05
6.191095547773886665e+01 2.498955343765695364e-05
6.195097548774386809e+01 2.493664932418381718e-05
6.199099549774886952e+01 2.488391531424219145e-05
6.203101550775387807e+01 2.483135067065156735e-05
6.207103551775887951e+01 2.477895466026243507e-05
6.211105552776388095e+01 2.472672655392955514e-05
6.215107553776888238e+01 2.467466562648553441e-05
6.219109554777388382e+01 2.462277115671458489e-05
6.223111555777888526e+01 2.457104242732642506e-05
6.227113556778388670e+01 2.451947872493048935e-05
6.231115557778889524e+01 2.446807934001022242e-05
6.235117558779389668e+01 2.441684356689772237e-05
6.239119559779889812e+01 2.436577070374834329e-05
6.243121560780389956e+01 2.431486005251578574e-05
6.247123561780890100e+01 2.426411091892712279e-05
6.251125562781390244e+01 2.421352261245821242e-05
6.255127563781891098e+01 2.416309444630912332e-05
6.259129564782391242e+01 2.411282573737991657e-05
6.263131565782891386e+01 2.406271580624649164e-05
6.267133566783391529e+01 2.401276397713668652e-05
6.271135567783891673e+01 2.396296957790647943e-05
6.275137568784391817e+01 2.391333194001653287e-05
6.279139569784891961e+01 2.386385039850868328e-05
6.283141570785392815e+01 2.381452429198281713e-05
6.287143571785892959e+01 2.376535296257387898e-05
6.291145572786393103e+01 2.371633575592889322e-05
6.295147573786893247e+01 2.366747202118441943e-05
6.299149574787393391e+01 2.361876111094394335e-05
6.303151575787893535e+01 2.357020238125562029e-05
6.307153576788393678e+01 2.352179519159005910e-05
6.311155577788894533e+01 2.347353890481833664e-05
6.315157578789394677e+01 2.342543288719016120e-05
6.319159579789894821e+01 2.337747650831223595e-05
6.323161580790394964e+01 2.332966914112666635e-05
6.327163581790895108e+01 2.328201016188975722e-05
6.331165582791395252e+01 2.323449895015067092e-05
6.335167583791896107e+01 2.318713488873052592e-05
6.339169584792396250e+01 2.313991736370149207e-05
6.343171585792896394e+01 2.309284576436604846e-05
6.347173586793396538e+01 2.304591948323646823e-05
6.351175587793896682e+01 2.299913791601439835e-05
6.355177588794396826e+01 2.295250046157063585e-05
6.359179589794896970e+01 2.290600652192496505e-05
6.363181590795397824e+01 2.285965550222630307e-05
6.367183591795897968e+01 2.281344681073283189e-05
6.371185592796398112e+01 2.276737985879237423e-05
6.375187593796898256e+01 2.272145406082285763e-05
6.379189594797398399e+01 2.267566883429297157e-05
6.383191595797898543e+01 2.263002359970299067e-05
6.387193596798398687e+01 2.258451778056558428e-05
6.391195597798899541e+01 2.253915080338702255e-05
6.395197598799399685e+01 2.249392209764828420e-05
6.399199599799899829e+01 2.244883109578642852e-05
6.403201600800400684e+01 2.240387723317605899e-05
6.407203601800900117e+01 2.235905994811099681e-05
6.411205602801400971e+01 2.231437868178592739e-05
6.415207603801900405e+01 2.226983287827840601e-05
6.419209604802401259e+01 2.222542198453078216e-05
6.423211605802900692e+01 2.218114545033241514e-05
6.427213606803401547e+01 2.213700272830188649e-05
6.431215607803902401e+01 2.209299327386950358e-05
6.435217608804401834e+01 2.204911654525974575e-05
6.439219609804902689e+01 2.200537200347398484e-05
6.443221610805402122e+01 2.196175911227325988e-05
6.447223611805902976e+01 2.191827733816118404e-05
6.451225612806402410e+01 2.187492615036702422e-05
6.455227613806903264e+01 2.183170502082881127e-05
6.459229614807404118e+01 2.178861342417667715e-05
6.463231615807903552e+01 2.174565083771626660e-05
6.467233616808404406e+01 2.170281674141216923e-05
6.471235617808903839e+01 2.166011061787171063e-05
6.475237618809404694e+01 2.161753195232861150e-05
6.479239619809904127e+01 2.157508023262691765e-05
6.483241620810404982e+01 2.153275494920495049e-05
6.487243621810905836e+01 2.149055559507951488e-05
6.491245622811405269e+01 2.144848166583003597e-05
6.495247623811906124e+01 2.140653265958289582e-05
6.499249624812405557e+01 2.136470807699602080e-05
6.503251625812906411e+01 2.132300742124323858e-05
6.507253626813405845e+01 2.128143019799913998e-05
6.511255627813906699e+01 2.123997591542376118e-05
6.515257628814407553e+01 2.119864408414749642e-05
6.519259629814906987e+01 2.115743421725614615e-05
6.523261630815407841e+01 2.111634583027593133e-05
6.527263631815907274e+01 2.107537844115882618e-05
6.531265632816408129e+01 2.103453157026774194e-05
6.535267633816907562e+01 2.099380474036210690e-05
6.539269634817408416e+01 2.095319747658326364e-05
6.543271635817909271e+01 2.091270930644013038e-05
6.547273636818408704e+01 2.087233975979502847e-05
6.551275637818909559e+01 2.083208836884932686e-05
6.555277638819408992e+01 2.079195466812960158e-05
6.559279639819909846e+01 2.075193819447345643e-05
6.563281640820410701e+01 2.071203848701578406e-05
6.567283641820910134e+01 2.067225508717500005e-05
6.571285642821410988e+01 2.063258753863924299e-05
6.575287643821910422e+01 2.059303538735297108e-05
6.579289644822411276e+01 2.055359818150330454e-05
6.583291645822910709e+01 2.051427547150680851e-05
6.587293646823411564e+01 2.047506680999602863e-05
6.591295647823912418e+01 2.043597175180642301e-05
6.595297648824411851e+01 2.039698985396321289e-05
6.599299649824912706e+01 2.035812067566829765e-05
6.603301650825412139e+01 2.031936377828746129e-05
6.607303651825912993e+01 2.028071872533736191e-05
6.611305652826412427e+01 2.024218508247299571e-05
6.615307653826913281e+01 2.020376241747482882e-05
6.619309654827414136e+01 2.016545030023637642e-05
6.623311655827913569e+01 2.012724830275166663e-05
6.627313656828414423e+01 2.008915599910279256e-05
6.631315657828913857e+01 2.005117296544771499e-05
6.635317658829414711e+01 2.001329878000792961e-05
6.639319659829914144e+01 1.997553302305640185e-05
6.643321660830414999e+01 1.993787527690542722e-05
6.647323661830915853e+01 1.990032512589477284e-05
6.651325662831415286e+01 1.986288215637968006e-05
6.655327663831916141e+01 1.982554595671910430e-05
6.659329664832415574e+01 1.978831611726397172e-05
6.663331665832916428e+01 1.975119223034554102e-05
6.667333666833415862e+01 1.971417389026384654e-05
6.671335667833916716e+01 1.967726069327616162e-05
6.675337668834417570e+01 1.964045223758563826e-05
6.679339669834917004e+01 1.960374812333000086e-05
6.683341670835417858e+01 1.956714795257014520e-05
6.687343671835917291e+01 1.953065132927918121e-05
6.691345672836418146e+01 1.949425785933113693e-05
6.695347673836917579e+01 1.945796715049005551e-05
6.699349674837418434e+01 1.942177881239895668e-05
6.703351675837919288e+01 1.938569245656905231e-05
6.707353676838418721e+01 1.934970769636888070e-05
6.711355677838919576e+01 1.931382414701356278e-05
6.715357678839419009e+01 1.927804142555422100e-05
6.719359679839919863e+01 1.924235915086731349e-05
6.723361680840420718e+01 1.920677694364418843e-05
6.727363681840920151e+01 1.917129442638061473e-05
6.731365682841421005e+01 1.913591122336636693e-05
6.735367683841920439e+01 1.910062696067502352e-05
6.739369684842421293e+01 1.906544126615361621e-05
6.743371685842920726e+01 1.903035376941260442e-05
6.747373686843421581e+01 1.899536410181562282e-05
6.751375687843922435e+01 1.896047189646961508e-05
6.755377688844421868e+01 1.892567678821475418e-05
6.759379689844922723e+01 1.889097841361459990e-05
6.763381690845422156e+01 1.885637641094629354e-05
6.767383691845923011e+01 1.882187042019071879e-05
6.771385692846422444e+01 1.878746008302291335e-05
6.775387693846923298e+01 1.875314504280234496e-05
6.779389694847424153e+01 1.871892494456340090e-05
6.783391695847923586e+01 1.868479943500587755e-05
6.787393696848424440e+01 1.865076816248551053e-05
6.791395697848923874e+01 1.861683077700464041e-05
6.795397698849424728e+01 1.858298693020285128e-05
6.799399699849924161e+01 1.854923627534779234e-05
6.803401700850425016e+01 1.851557846732587067e-05
6.807403701850925870e+01 1.848201316263325912e-05
6.811405702851425303e+01 1.844854001936675178e-05
6.815407703851926158e+01 1.841515869721469732e-05
6.819409704852425591e+01 1.838186885744819661e-05
6.823411705852926445e+01 1.834867016291204966e-05
6.827413706853425879e+01 1.831556227801608874e-05
6.831415707853926733e+01 1.828254486872621682e-05
6.835417708854427588e+01 1.824961760255588300e-05
6.839419709854927021e+01 1.821678014855728352e-05
6.843421710855427875e+01 1.818403217731279659e-05
6.847423711855927309e+01 1.815137336092648835e-05
6.851425712856428163e+01 1.811880337301554424e-05
6.855427713856927596e+01 1.808632188870190713e-05
6.859429714857428451e+01 1.805392858460381039e-05
6.863431715857929305e+01 1.802162313882756838e-05
6.867433716858428738e+01 1.798940523095919768e-05
6.871435717858929593e+01 1.795727454205627537e-05
6.875437718859429026e+01 1.792523075463976344e-05
6.879439719859929880e+01 1.789327355268579943e-05
6.883441720860429314e+01 1.786140262161784264e-05
6.887443721860930168e+01 1.782961764829844444e-05
6.891445722861431022e+01 1.779791832102149278e-05
6.895447723861930456e+01 1.776630432950416204e-05
6.899449724862431310e+01 1.773477536487913381e-05
6.903451725862930743e+01 1.770333111968681444e-05
6.907453726863431598e+01 1.767197128786751175e-05
6.911455727863932452e+01 1.764069556475383215e-05
6.915457728864431886e+01 1.760950364706295564e-05
6.919459729864932740e+01 1.757839523288906672e-05
6.923461730865432173e+01 1.754737002169581248e-05
6.927463731865933028e+01 1.751642771430876052e-05
6.931465732866432461e+01 1.748556801290801629e-05
6.935467733866933315e+01 1.745479062102071833e-05
6.939469734867434170e+01 1.742409524351380465e-05
6.943471735867933603e+01 1.739348158658657572e-05
6.947473736868434457e+01 1.736294935776351171e-05
6.951475737868933891e+01 1.733249826588701843e-05
6.955477738869434745e+01 1.730212802111028518e-05
6.959479739869934178e+01 1.727183833489013919e-05
6.963481740870435033e+01 1.724162891997992373e-05
6.967483741870935887e+01 1.721149949042254909e-05
6.971485742871435320e+01 1.718144976154346897e-05
6.975487743871936175e+01 1.715147944994366703e-05
6.979489744872435608e+01 1.712158827349286372e-05
6.983491745872936463e+01 1.709177595132257057e-05
6.987493746873435896e+01 1.706204220381933430e-05
6.991495747873936750e+01 1.703238675261790967e-05
6.995497748874437605e+01 1.700280932059458833e-05
6.999499749874937038e+01 1.697330963186049365e-05
7.003501750875437892e+01 1.694388741175488239e-05
7.007503751875937326e+01 1.691454238683864968e-05
7.011505752876438180e+01 1.688527428488763741e-05
7.015507753876937613e+01 1.685608283488626799e-05
7.019509754877438468e+01 1.682696776702089341e-05
7.023511755877939322e+01 1.679792881267353735e-05
7.027513756878438755e+01 1.676896570441534936e-05
7.031515757878939610e+01 1.674007817600032660e-05
7.035517758879439043e+01 1.671126596235898820e-05
7.039519759879939897e+01 1.668252879959205307e-05
7.043521760880439331e+01 1.665386642496428018e-05
7.047523761880940185e+01 1.662527857689819383e-05
7.051525762881441040e+01 1.659676499496796461e-05
7.055527763881940473e+01 1.656832541989329728e-05
7.059529764882441327e+01 1.653995959353330157e-05
7.063531765882940761e+01 1.651166725888050541e-05
7.067533766883441615e+01 1.648344816005476641e-05
7.071535767883942469e+01 1.645530204229737317e-05
7.075537768884441903e+01 1.642722865196512955e-05
7.079539769884942757e+01 1.639922773652434078e-05
7.083541770885442190e+01 1.637129904454509089e-05
7.087543771885943045e+01 1.634344232569531007e-05
7.091545772886442478e+01 1.631565733073506231e-05
7.095547773886943332e+01 1.628794381151073815e-05
7.099549774887444187e+01 1.626030152094939984e-05
7.103551775887943620e+01 1.623273021305304188e-05
7.107553776888444474e+01 1.620522964289293963e-05
7.111555777888943908e+01 1.617779956660411983e-05
7.115557778889444762e+01 1.615043974137969569e-05
7.119559779889944195e+01 1.612314992546536456e-05
7.123561780890445050e+01 1.609592987815387167e-05
7.127563781890945904e+01 1.606877935977957903e-05
7.131565782891445338e+01 1.604169813171301049e-05
7.135567783891946192e+01 1.601468595635539686e-05
7.139569784892445625e+01 1.598774259713336331e-05
7.143571785892946480e+01 1.596086781849355581e-05
7.147573786893445913e+01 1.593406138589735564e-05
7.151575787893946767e+01 1.590732306581553292e-05
7.155577788894447622e+01 1.588065262572311355e-05
7.159579789894947055e+01 1.585404983409408365e-05
7.163581790895447909e+01 1.582751446039621238e-05
7.167583791895947343e+01 1.580104627508595970e-05
7.171585792896448197e+01 1.577464504960327546e-05
7.175587793896947630e+01 1.574831055636661219e-05
7.179589794897448485e+01 1.572204256876774794e-05
7.183591795897949339e+01 1.569584086116688034e-05
7.187593796898448772e+01 1.566970520888756466e-05
7.191595797898949627e+01 1.564363538821174010e-05
7.195597798899449060e+01 1.561763117637484066e-05
7.199599799899949915e+01 1.559169235156084173e-05
7.203601800900449348e+01 1.556581869289744893e-05
7.207603801900950202e+01 1.554000998045114803e-05
7.211605802901451057e+01 1.551426599522251921e-05
7.215607803901950490e+01 1.548858651914134454e-05
7.219609804902451344e+01 1.546297133506187142e-05
7.223611805902950778e+01 1.543742022675815049e-05
7.227613806903451632e+01 1.541193297891920415e-05
7.231615807903951065e+01 1.538650937714449324e-05
7.235617808904451920e+01 1.536114920793916691e-05
7.239619809904952774e+01 1.533585225870949198e-05
7.243621810905452207e+01 1.531061831775826205e-05
7.247623811905953062e+01 1.528544717428019980e-05
7.251625812906452495e+01 1.526033861835748468e-05
7.255627813906953349e+01 1.523529244095516534e-05
7.259629814907454204e+01 1.521030843391673134e-05
7.263631815907953637e+01 1.518538638995966968e-05
7.267633816908454492e+01 1.516052610267097035e-05
7.271635817908953925e+01 1.513572736650278112e-05
7.275637818909454779e+01 1.511098997676801313e-05
7.279639819909954213e+01 1.508631372963600233e-05
7.283641820910455067e+01 1.506169842212815072e-05
7.287643821910955921e+01 1.503714385211364708e-05
7.291645822911455355e+01 1.501264981830524202e-05
7.295647823911956209e+01 1.498821612025488741e-05
7.299649824912455642e+01 1.496384255834964186e-05
7.303651825912956497e+01 1.493952893380735421e-05
7.307653826913455930e+01 1.491527504867258764e-05
7.311655827913956784e+01 1.489108070581240648e-05
7.315657828914457639e+01 1.486694570891228002e-05
7.319659829914957072e+01 1.484286986247198111e-05
7.323661830915457926e+01 1.481885297180147643e-05
7.327663831915957360e+01 1.479489484301695552e-05
7.331665832916458214e+01 1.477099528303668208e-05
7.335667833916957647e+01 1.474715409957711792e-05
7.339669834917458502e+01 1.472337110114882837e-05
7.343671835917959356e+01 1.469964609705261480e-05
7.347673836918458790e+01 1.467597889737551487e-05
7.351675837918959644e+01 1.465236931298691298e-05
7.355677838919459077e+01 1.462881715553468118e-05
7.359679839919959932e+01 1.460532223744124555e-05
7.363681840920459365e+01 1.458188437189981352e-05
7.367683841920960219e+01 1.455850337287049278e-05
7.371685842921461074e+01 1.453517905507653379e-05
7.375687843921960507e+01 1.451191123400054868e-05
7.379689844922461361e+01 1.448869972588070975e-05
7.383691845922960795e+01 1.446554434770708518e-05
7.387693846923461649e+01 1.444244491721786300e-05
7.391695847923961082e+01 1.441940125289570881e-05
7.395697848924461937e+01 1.439641317396405241e-05
7.399699849924962791e+01 1.437348050038349808e-05
7.403701850925462224e+01 1.435060305284814673e-05
7.407703851925963079e+01 1.432778065278198757e-05
7.411705852926462512e+01 1.430501312233535919e-05
7.415707853926963367e+01 1.428230028438134292e-05
7.419709854927464221e+01 1.425964196251223575e-05
7.423711855927963654e+01 1.423703798103604193e-05
7.427713856928464509e+01 1.421448816497290529e-05
7.431715857928963942e+01 1.419199234005171769e-05
7.435717858929464796e+01 1.416955033270657844e-05
7.439719859929964230e+01 1.414716197007340954e-05
7.443721860930465084e+01 1.412482707998646593e-05
7.447723861930965938e+01 1.410254549097501341e-05
7.451725862931465372e+01 1.408031703225988120e-05
7.455727863931966226e+01 1.405814153375009418e-05
7.459729864932465659e+01 1.403601882603957280e-05
7.463731865932966514e+01 1.401394874040377550e-05
7.467733866933465947e+01 1.399193110879638674e-05
7.471735867933966802e+01 1.396996576384603056e-05
7.475737868934467656e+01 1.394805253885302476e-05
7.479739869934967089e+01 1.392619126778610623e-05
7.483741870935467944e+01 1.390438178527916312e-05
7.487743871935967377e+01 1.388262392662812283e-05
7.491745872936468231e+01 1.386091752778761304e-05
7.495747873936967665e+01 1.383926242536791740e-05
7.499749874937468519e+01 1.381765845663172642e-05
7.503751875937969373e+01 1.379610545949101689e-05
7.507753876938468807e+01 1.377460327250396535e-05
7.511755877938969661e+01 1.375315173487174971e-05
7.515757878939469094e+01 1.373175068643558629e-05
7.519759879939969949e+01 1.371039996767352464e-05
7.523761880940469382e+01 1.368909941969749145e-05
7.527763881940970236e+01 1.366784888425019374e-05
7.531765882941471091e+01 1.364664820370213565e-05
7.535767883941970524e+01 1.362549722104858264e-05
7.539769884942471379e+01 1.360439577990659352e-05
7.543771885942970812e+01 1.358334372451205581e-05
7.547773886943471666e+01 1.356234089971668386e-05
7.551775887943971100e+01 1.354138715098516945e-05
7.555777888944471954e+01 1.352048232439215277e-05
7.559779889944972808e+01 1.349962626661940860e-05
7.563781890945472242e+01 1.347881882495293929e-05
7.567783891945973096e+01 1.345805984728002198e-05
7.571785892946472529e+01 1.343734918208648458e-05
7.575787893946973384e+01 1.341668667845373604e-05
7.579789894947472817e+01 1.339607218605605247e-05
7.583791895947973671e+01 1.337550555515767521e-05
7.587793896948474526e+01 1.335498663661007998e-05
7.591795897948973959e+01 1.333451528184919525e-05
7.595797898949474813e+01 1.331409134289257142e-05
7.599799899949974247e+01 1.329371467233672964e-05
7.603801900950475101e+01 1.327338512335435981e-05
7.607803901950975956e+01 1.325310254969164225e-05
7.611805902951475389e+01 1.323286680566553045e-05
7.615807903951976243e+01 1.321267774616104224e-05
7.619809904952475677e+01 1.319253522662864074e-05
7.623811905952976531e+01 1.317243910308152729e-05
7.627813906953475964e+01 1.315238923209302748e-05
7.631815907953976819e+01 1.313238547079393654e-05
7.635817908954477673e+01 1.311242767686994777e-05
7.639819909954977106e+01 1.309251570855900980e-05
7.643821910955477961e+01 1.307264942464875495e-05
7.647823911955977394e+01 1.305282868447394804e-05
7.651825912956478248e+01 1.303305334791389609e-05
7.655827913956977682e+01 1.301332327538994457e-05
7.659829914957478536e+01 1.299363832786289385e-05
7.663831915957979390e+01 1.297399836683054461e-05
7.667833916958478824e+01 1.295440325432517019e-05
7.671835917958979678e+01 1.293485285291099081e-05
7.675837918959479111e+01 1.291534702568178830e-05
7.679839919959979966e+01 1.289588563625834976e-05
7.683841920960479399e+01 1.287646854878607381e-05
7.687843921960980254e+01 1.285709562793254645e-05
7.691845922961481108e+01 1.283776673888507106e-05
7.695847923961980541e+01 1.281848174734831364e-05
7.699849924962481396e+01 1.279924051954185324e-05
7.703851925962980829e+01 1.278004292219787969e-05
7.707853926963481683e+01 1.276088882255871858e-05
7.711855927963981117e+01 1.274177808837458153e-05
7.715857928964481971e+01 1.272271058790113860e-05
7.719859929964982825e+01 1.270368618989725163e-05
7.723861930965482259e+01 1.268470476362263305e-05
7.727863931965983113e+01 1.266576617883548943e-05
7.731865932966482546e+01 1.264687030579033781e-05
7.735867933966983401e+01 1.262801701523560861e-05
7.739869934967482834e+01 1.260920617841147726e-05
7.743871935967983688e+01 1.259043766704752970e-05
7.747873936968484543e+01 1.257171135336055847e-05
7.751875937968983976e+01 1.255302711005235533e-05
7.755877938969484831e+01 1.253438481030741236e-05
7.759879939969984264e+01 1.251578432779078921e-05
7.763881940970485118e+01 1.249722553664588026e-05
7.767883941970985973e+01 1.247870831149225132e-05
7.771885942971485406e+01 1.246023252742343906e-05
7.775887943971986260e+01 1.244179806000481812e-05
7.779889944972485694e+01 1.242340478527143449e-05
7.783891945972986548e+01 1.240505257972588105e-05
7.787893946973485981e+01 1.238674132033614787e-05
7.791895947973986836e+01 1.236847088453351988e-05
7.795897948974487690e+01 1.235024115021049480e-05
7.799899949974987123e+01 1.233205199571866223e-05
7.803901950975487978e+01 1.231390329986661991e-05
7.807903951975987411e+01 1.229579494191792563e-05
7.811905952976488265e+01 1.227772680158900163e-05
7.815907953976987699e+01 1.225969875904714581e-05
7.819909954977488553e+01 1.224171069490841581e-05
7.823911955977989408e+01 1.222376249023568761e-05
7.827913956978488841e+01 1.220585402653656677e-05
7.831915957978989695e+01 1.218798518576140635e-05
7.835917958979489129e+01 1.217015585030134521e-05
7.839919959979989983e+01 1.215236590298625814e-05
7.843921960980489416e+01 1.213461522708284841e-05
7.847923961980990271e+01 1.211690370629263176e-05
7.851925962981491125e+01 1.209923122475002724e-05
7.855927963981990558e+01 1.208159766702038362e-05
7.859929964982491413e+01 1.206400291809803795e-05
7.863931965982990846e+01 1.204644686340443858e-05
7.867933966983491700e+01 1.202892938878618678e-05
7.871935967983991134e+01 1.201145038051316824e-05
7.875937968984491988e+01 1.199400972527661500e-05
7.879939969984992842e+01 1.197660731018727927e-05
7.883941970985492276e+01 1.195924302277352593e-05
7.887943971985993130e+01 1.194191675097946396e-05
7.891945972986492563e+01 1.192462838316313376e-05
7.895947973986993418e+01 1.190737780809460308e-05
7.899949974987492851e+01 1.189016491495419499e-05
7.903951975987993706e+01 1.187298959333061424e-05
7.907953976988494560e+01 1.185585173321915834e-05
7.911955977988993993e+01 1.183875122501992353e-05
7.915957978989494848e+01 1.182168795953595320e-05
7.919959979989994281e+01 1.180466182797154038e-05
7.923961980990495135e+01 1.178767272193035247e-05
7.927963981990994569e+01 1.177072053341374220e-05
7.931965982991495423e+01 1.175380515481894690e-05
7.935967983991996277e+01 1.173692647893733506e-05
7.939969984992495711e+01 1.172008439895271235e-05
7.943971985992996565e+01 1.170327880843951060e-05
7.947973986993495998e+01 1.168650960136115308e-05
7.951975987993996853e+01 1.166977667206827396e-05
7.955977988994497707e+01 1.165307991529704128e-05
7.959979989994997140e+01 1.163641922616746620e-05
7.963981990995497995e+01 1.161979450018169711e-05
7.967983991995997428e+01 1.160320563322235095e-05
7.971985992996498283e+01 1.158665252155084288e-05
7.975987993996997716e+01 1.157013506180573120e-05
7.979989994997498570e+01 1.155365315100103847e-05
7.983991995997999425e+01 1.153720668652463712e-05
7.987993996998498858e+01 1.152079556613660618e-05
7.991995997998999712e+01 1.150441968796758466e-05
7.995997998999499146e+01 1.148807895051717740e-05
8.000000000000000000e+01 1.147177325265232545e-05
