{
  "restart": 2,
  "seed": 60,
  "iters": 30000,
  "lr": 0.05,
  "best_iter": 29987,
  "best_cost": 0.0025769127532839775,
  "best_alphaD_mean": 0.00023110027466494962,
  "n": 11
}