{
  "restart": 28,
  "seed": 86,
  "iters": 30000,
  "lr": 0.05,
  "best_iter": 29977,
  "best_cost": 0.0018112475518137217,
  "best_alphaD_mean": 0.0001850273104219172,
  "n": 13
}