{
  "restart": 18,
  "seed": 76,
  "iters": 30000,
  "lr": 0.05,
  "best_iter": 29912,
  "best_cost": 0.0007070730207487941,
  "best_alphaD_mean": 0.00011950204293674534,
  "n": 12
}