{
  "restart": 0,
  "seed": 58,
  "iters": 30000,
  "lr": 0.05,
  "best_iter": 29297,
  "best_cost": 0.00035576868685893714,
  "best_alphaD_mean": 7.390205653501621e-05,
  "n": 16
}