{
  "restart": 26,
  "seed": 84,
  "iters": 30000,
  "lr": 0.05,
  "best_iter": 29671,
  "best_cost": 0.0012071438832208514,
  "best_alphaD_mean": 0.00014931213383344698,
  "n": 15
}