tier,restart_idx,param_seed,final_train_cost,final_test_cost
9,0,130001299,1.487797e-02,4.414946e-02
9,1,130001300,2.225959e-02,5.761211e-02
9,2,130001301,1.054299e-01,1.090178e-01
9,3,130001302,4.295602e-01,3.030931e-01
9,4,130001303,1.501650e-01,1.169959e-01
9,5,130001304,4.237897e-02,9.486270e-02
9,6,130001305,6.837642e-02,1.402836e-01
9,7,130001306,3.559143e-02,4.211518e-02
9,8,130001307,9.105913e-02,8.286917e-02
9,9,130001308,3.581468e-01,2.582099e-01
