{
  "restart": 27,
  "seed": 85,
  "iters": 30000,
  "lr": 0.05,
  "best_iter": 29966,
  "best_cost": 0.008168826811015606,
  "best_alphaD_mean": 0.0003942791530565076,
  "n": 5
}