{
  "restart": 19,
  "seed": 77,
  "iters": 30000,
  "lr": 0.05,
  "best_iter": 29877,
  "best_cost": 0.0025961515493690968,
  "best_alphaD_mean": 0.00023175014850097445,
  "n": 7
}