{
  "restart": 3,
  "seed": 61,
  "iters": 30000,
  "lr": 0.05,
  "best_iter": 29642,
  "best_cost": 0.0007254410302266479,
  "best_alphaD_mean": 0.0001178651621766942,
  "n": 8
}