{
  "restart": 28,
  "seed": 86,
  "iters": 30000,
  "lr": 0.05,
  "best_iter": 29952,
  "best_cost": 0.0015214784070849419,
  "best_alphaD_mean": 0.00017179547501999012,
  "n": 8
}