{
  "restart": 6,
  "seed": 64,
  "iters": 30000,
  "lr": 0.05,
  "best_iter": 29814,
  "best_cost": 0.0008443640545010567,
  "best_alphaD_mean": 0.0001332692102123148,
  "n": 13
}