{
  "restart": 13,
  "seed": 71,
  "iters": 30000,
  "lr": 0.05,
  "best_iter": 29953,
  "best_cost": 0.0017245131311938167,
  "best_alphaD_mean": 0.0001938103432387502,
  "n": 6
}