{
  "restart": 1,
  "seed": 59,
  "iters": 30000,
  "lr": 0.05,
  "best_iter": 29806,
  "best_cost": 0.002899275626987219,
  "best_alphaD_mean": 0.00024061279324239738,
  "n": 5
}