{
  "restart": 11,
  "seed": 69,
  "iters": 30000,
  "lr": 0.05,
  "best_iter": 29349,
  "best_cost": 0.002115298993885517,
  "best_alphaD_mean": 0.00021564094046053789,
  "n": 5
}