{
  "restart": 23,
  "seed": 81,
  "iters": 30000,
  "lr": 0.05,
  "best_iter": 29914,
  "best_cost": 0.0026968151796609163,
  "best_alphaD_mean": 0.0002332670329761239,
  "n": 6
}