{
  "restart": 22,
  "seed": 80,
  "iters": 30000,
  "lr": 0.05,
  "best_iter": 29989,
  "best_cost": 0.0023564689327031374,
  "best_alphaD_mean": 0.0002198901267561836,
  "n": 6
}