{
  "restart": 14,
  "seed": 72,
  "iters": 30000,
  "lr": 0.05,
  "best_iter": 29899,
  "best_cost": 0.0005201014573685825,
  "best_alphaD_mean": 9.334533586650671e-05,
  "n": 16
}