0.000000000000000000e+00 6.451888864847164085e-07
4.002001000500250011e-02 6.486933909861129870e-07
8.004002001000500022e-02 6.522272650396005798e-07
1.200600300150075073e-01 6.557908424952754721e-07
1.600800400200100004e-01 6.593844619977779731e-07
2.001000500250124936e-01 6.630084670695056742e-07
2.401200600300150145e-01 6.666632061955189723e-07
2.801400700350175077e-01 6.703490329101792003e-07
3.201600800400200009e-01 6.740663058855647840e-07
3.601800900450224940e-01 6.778153890216941217e-07
4.002001000500249872e-01 6.815966515386152180e-07
4.402201100550274804e-01 6.854104680703922477e-07
4.802401200600300291e-01 6.892572187610412484e-07
5.202601300650324667e-01 6.931372893624586703e-07
5.602801400700350154e-01 6.970510713343896871e-07
6.003001500750374531e-01 7.009989619464893127e-07
6.403201600800400017e-01 7.049813643825195248e-07
6.803401700850425504e-01 7.089986878467392495e-07
7.203601800900449881e-01 7.130513476725418424e-07
7.603801900950475368e-01 7.171397654333839005e-07
8.004002001000499744e-01 7.212643690560753886e-07
8.404202101050525231e-01 7.254255929364780938e-07
8.804402201100549608e-01 7.296238780576743444e-07
9.204602301150575094e-01 7.338596721106685698e-07
9.604802401200600581e-01 7.381334296176804636e-07
1.000500250125062607e+00 7.424456120580974061e-07
1.040520260130064933e+00 7.467966879971468158e-07
1.080540270135067482e+00 7.511871332173633925e-07
1.120560280140070031e+00 7.556174308529108601e-07
1.160580290145072579e+00 7.600880715268416448e-07
1.200600300150074906e+00 7.645995534913551544e-07
1.240620310155077455e+00 7.691523827711398939e-07
1.280640320160080003e+00 7.737470733098719425e-07
1.320660330165082552e+00 7.783841471199537563e-07
1.360680340170085101e+00 7.830641344355683625e-07
1.400700350175087427e+00 7.877875738691431799e-07
1.440720360180089976e+00 7.925550125712985328e-07
1.480740370185092525e+00 7.973670063943853605e-07
1.520760380190095074e+00 8.022241200596865565e-07
1.560780390195097400e+00 8.071269273283922632e-07
1.600800400200099949e+00 8.120760111764362603e-07
1.640820410205102498e+00 8.170719639732981607e-07
1.680840420210105046e+00 8.221153876648736954e-07
1.720860430215107595e+00 8.272068939605211868e-07
1.760880440220109922e+00 8.323471045243871279e-07
1.800900450225112470e+00 8.375366511711330497e-07
1.840920460230115019e+00 8.427761760661707221e-07
1.880940470235117568e+00 8.480663319305313656e-07
1.920960480240120116e+00 8.534077822504877771e-07
1.960980490245122443e+00 8.588012014920585415e-07
2.001000500250125214e+00 8.642472753205231846e-07
2.041020510255127540e+00 8.697467008250827333e-07
2.081040520260129867e+00 8.753001867488074557e-07
2.121060530265132638e+00 8.809084537240061411e-07
2.161080540270134964e+00 8.865722345131754219e-07
2.201100550275137291e+00 8.922922742556693198e-07
2.241120560280140062e+00 8.980693307202556722e-07
2.281140570285142388e+00 9.039041745637089377e-07
2.321160580290145159e+00 9.097975895956172596e-07
2.361180590295147486e+00 9.157503730495645109e-07
2.401200600300149812e+00 9.217633358608720802e-07
2.441220610305152583e+00 9.278373029510752042e-07
2.481240620310154910e+00 9.339731135193259133e-07
2.521260630315157680e+00 9.401716213409154994e-07
2.561280640320160007e+00 9.464336950731150321e-07
2.601300650325162334e+00 9.527602185685403855e-07
2.641320660330165104e+00 9.591520911962509933e-07
2.681340670335167431e+00 9.656102281708119846e-07
2.721360680340170202e+00 9.721355608895305052e-07
2.761380690345172528e+00 9.787290372781122872e-07
2.801400700350174855e+00 9.853916221449760604e-07
2.841420710355177626e+00 9.921242975444676327e-07
2.881440720360179952e+00 9.989280631492462789e-07
2.921460730365182723e+00 1.005803936632087594e-06
2.961480740370185050e+00 1.012752954057399063e-06
3.001500750375187376e+00 1.019776170282712619e-06
3.041520760380190147e+00 1.026874659370457214e-06
3.081540770385192474e+00 1.034049515010311686e-06
3.121560780390194800e+00 1.041301850952444319e-06
3.161580790395197571e+00 1.048632801451970729e-06
3.201600800400199898e+00 1.056043521724956375e-06
3.241620810405202668e+00 1.063535188416306338e-06
3.281640820410204995e+00 1.071109000079907645e-06
3.321660830415207322e+00 1.078766177671380092e-06
3.361680840420210092e+00 1.086507965053827127e-06
3.401700850425212419e+00 1.094335629516972812e-06
3.441720860430215190e+00 1.102250462310090816e-06
3.481740870435217516e+00 1.110253779189155086e-06
3.521760880440219843e+00 1.118346920978637624e-06
3.561780890445222614e+00 1.126531254148408655e-06
3.601800900450224940e+00 1.134808171406204408e-06
3.641820910455227711e+00 1.143179092306143845e-06
3.681840920460230038e+00 1.151645463873796620e-06
3.721860930465232364e+00 1.160208761248310292e-06
3.761880940470235135e+00 1.168870488342144805e-06
3.801900950475237462e+00 1.177632178518957185e-06
3.841920960480240232e+00 1.186495395290211396e-06
3.881940970485242559e+00 1.195461733031113028e-06
3.921960980490244886e+00 1.204532817716482513e-06
3.961980990495247656e+00 1.213710307677191124e-06
4.002001000500250427e+00 1.222995894377845212e-06
4.042021010505252754e+00 1.232391303216375785e-06
4.082041020510255080e+00 1.241898294346268421e-06
4.122061030515257407e+00 1.251518663522139531e-06
4.162081040520259734e+00 1.261254242969453696e-06
4.202101050525262949e+00 1.271106902279144409e-06
4.242121060530265275e+00 1.281078549327973604e-06
4.282141070535267602e+00 1.291171131225470443e-06
4.322161080540269928e+00 1.301386635288347437e-06
4.362181090545272255e+00 1.311727090043278605e-06
4.402201100550274582e+00 1.322194566259021196e-06
4.442221110555277797e+00 1.332791178008846780e-06
4.482241120560280123e+00 1.343519083764304310e-06
4.522261130565282450e+00 1.354380487521387056e-06
4.562281140570284776e+00 1.365377639960195040e-06
4.602301150575287103e+00 1.376512839639237512e-06
4.642321160580290318e+00 1.387788434225574243e-06
4.682341170585292645e+00 1.399206821762013871e-06
4.722361180590294971e+00 1.410770451972665689e-06
4.762381190595297298e+00 1.422481827608173229e-06
4.802401200600299624e+00 1.434343505832004598e-06
4.842421210605302839e+00 1.446358099649257718e-06
4.882441220610305166e+00 1.458528279379457925e-06
4.922461230615307493e+00 1.470856774174918525e-06
4.962481240620309819e+00 1.483346373586271131e-06
5.002501250625312146e+00 1.495999929176862183e-06
5.042521260630315361e+00 1.508820356187748242e-06
5.082541270635317687e+00 1.521810635255127297e-06
5.122561280640320014e+00 1.534973814182100653e-06
5.162581290645322341e+00 1.548313009766728435e-06
5.202601300650324667e+00 1.561831409688443742e-06
5.242621310655327882e+00 1.575532274454959360e-06
5.282641320660330209e+00 1.589418939411898534e-06
5.322661330665332535e+00 1.603494816817465800e-06
5.362681340670334862e+00 1.617763397984578064e-06
5.402701350675337189e+00 1.632228255492979020e-06
5.442721360680340403e+00 1.646893045473952766e-06
5.482741370685342730e+00 1.661761509970381002e-06
5.522761380690345057e+00 1.676837479374998942e-06
5.562781390695347383e+00 1.692124874949821546e-06
5.602801400700349710e+00 1.707627711429837464e-06
5.642821410705352925e+00 1.723350099714223923e-06
5.682841420710355251e+00 1.739296249648452071e-06
5.722861430715357578e+00 1.755470472900800905e-06
5.762881440720359905e+00 1.771877185936979867e-06
5.802901450725362231e+00 1.788520913096685694e-06
5.842921460730365446e+00 1.805406289776111464e-06
5.882941470735367773e+00 1.822538065720602515e-06
5.922961480740370099e+00 1.839921108431837166e-06
5.962981490745372426e+00 1.857560406694107457e-06
6.003001500750374753e+00 1.875461074224477408e-06
6.043021510755377079e+00 1.893628353451826860e-06
6.083041520760380294e+00 1.912067619430007539e-06
6.123061530765382621e+00 1.930784383890570017e-06
6.163081540770384947e+00 1.949784299440792409e-06
6.203101550775387274e+00 1.969073163912994872e-06
6.243121560780389601e+00 1.988656924871388248e-06
6.283141570785392815e+00 2.008541684283033444e-06
6.323161580790395142e+00 2.028733703359771019e-06
6.363181590795397469e+00 2.049239407578296622e-06
6.403201600800399795e+00 2.070065391885941634e-06
6.443221610805402122e+00 2.091218426100022007e-06
6.483241620810405337e+00 2.112705460509051997e-06
6.523261630815407663e+00 2.134533631684473963e-06
6.563281640820409990e+00 2.156710268512014066e-06
6.603301650825412317e+00 2.179242898452192141e-06
6.643321660830414643e+00 2.202139254039982858e-06
6.683341670835417858e+00 2.225407279634150429e-06
6.723361680840420185e+00 2.249055138427251348e-06
6.763381690845422511e+00 2.273091219727899361e-06
6.803401700850424838e+00 2.297524146527431482e-06
6.843421710855427165e+00 2.322362783363737317e-06
6.883441720860430380e+00 2.347616244495688585e-06
6.923461730865432706e+00 2.373293902402233406e-06
6.963481740870435033e+00 2.399405396621008073e-06
7.003501750875437359e+00 2.425960642942050879e-06
7.043521760880439686e+00 2.452969842972992818e-06
7.083541770885442901e+00 2.480443494093016516e-06
7.123561780890445227e+00 2.508392399813710722e-06
7.163581790895447554e+00 2.536827680565976868e-06
7.203601800900449881e+00 2.565760784933097535e-06
7.243621810905452207e+00 2.595203501351212093e-06
7.283641820910455422e+00 2.625167970299516716e-06
7.323661830915457749e+00 2.655666697003815929e-06
7.363681840920460075e+00 2.686712564678224666e-06
7.403701850925462402e+00 2.718318848331263212e-06
7.443721860930464729e+00 2.750499229164001488e-06
7.483741870935467944e+00 2.783267809589438906e-06
7.523761880940470270e+00 2.816639128903948388e-06
7.563781890945472597e+00 2.850628179643352561e-06
7.603801900950474923e+00 2.885250424657986504e-06
7.643821910955477250e+00 2.920521814943142353e-06
7.683841920960480465e+00 2.956458808263299830e-06
7.723861930965482792e+00 2.993078388610792216e-06
7.763881940970485118e+00 3.030398086541912909e-06
7.803901950975487445e+00 3.068436000435964749e-06
7.843921960980489771e+00 3.107210818725422883e-06
7.883941970985492098e+00 3.146741843148276228e-06
7.923961980990495313e+00 3.187049013076564963e-06
7.963981990995497640e+00 3.228152930978444602e-06
8.004002001000500854e+00 3.270074889074546211e-06
8.044022011005502293e+00 3.312836897253025448e-06
8.084042021010505508e+00 3.356461712311766136e-06
8.124062031015506946e+00 3.400972868600242242e-06
8.164082041020510161e+00 3.446394710138197897e-06
8.204102051025513376e+00 3.492752424292997633e-06
8.244122061030514814e+00 3.540072077102711670e-06
8.284142071035518029e+00 3.588380650337480509e-06
8.324162081040519467e+00 3.637706080397589168e-06
8.364182091045522682e+00 3.688077299153035795e-06
8.404202101050525897e+00 3.739524276836084534e-06
8.444222111055527336e+00 3.792078067105632455e-06
8.484242121060530550e+00 3.845770854409936027e-06
8.524262131065531989e+00 3.900636003782628612e-06
8.564282141070535204e+00 3.956708113215971222e-06
8.604302151075536642e+00 4.014023068764817658e-06
8.644322161080539857e+00 4.072618102545312611e-06
8.684342171085543072e+00 4.132531853803306631e-06
8.724362181090544510e+00 4.193804433239606847e-06
8.764382191095547725e+00 4.256477490792052154e-06
8.804402201100549163e+00 4.320594287088312401e-06
8.844422211105552378e+00 4.386199768798359510e-06
8.884442221110555593e+00 4.453340648131652909e-06
8.924462231115557032e+00 4.522065486741715230e-06
8.964482241120560246e+00 4.592424784319410593e-06
9.004502251125561685e+00 4.664471072176785168e-06
9.044522261130564900e+00 4.738259012145326278e-06
9.084542271135568114e+00 4.813845501136215777e-06
9.124562281140569553e+00 4.891289781736126013e-06
9.164582291145572768e+00 4.970653559239852940e-06
9.204602301150574206e+00 5.052001125551505513e-06
9.244622311155577421e+00 5.135399490418736293e-06
9.284642321160580636e+00 5.220918520500086253e-06
9.324662331165582074e+00 5.308631086804365978e-06
9.364682341170585289e+00 5.398613221082858315e-06
9.404702351175586728e+00 5.490944281800936810e-06
9.444722361180589942e+00 5.585707130365561605e-06
9.484742371185593157e+00 5.682988318339028989e-06
9.524762381190594596e+00 5.782878286428768443e-06
9.564782391195597810e+00 5.885471576107058227e-06
9.604802401200599249e+00 5.990867054784998607e-06
9.644822411205602464e+00 6.099168155541903494e-06
9.684842421210605679e+00 6.210483132495035160e-06
9.724862431215607117e+00 6.324925332986625022e-06
9.764882441220610332e+00 6.442613487865562912e-06
9.804902451225611770e+00 6.563672021251259178e-06
9.844922461230614985e+00 6.688231381288247842e-06
9.884942471235618200e+00 6.816428393532397953e-06
9.924962481240619638e+00 6.948406638755692283e-06
9.964982491245622853e+00 7.084316857116484538e-06
1.000500250125062429e+01 7.224317380818650950e-06
1.004502251125562751e+01 7.368574597577380139e-06
1.008504252126063072e+01 7.517263447423465730e-06
1.012506253126563216e+01 7.670567955614624679e-06
1.016508254127063537e+01 7.828681804683488421e-06
1.020510255127563681e+01 7.991808948940931772e-06
1.024512256128064003e+01 8.160164275073402530e-06
1.028514257128564324e+01 8.333974312827274367e-06
1.032516258129064468e+01 8.513478000166771175e-06
1.036518259129564790e+01 8.698927507728792009e-06
1.040520260130064933e+01 8.890589127883598619e-06
1.044522261130565255e+01 9.088744234251396899e-06
1.048524262131065576e+01 9.293690318126858731e-06
1.052526263131565720e+01 9.505742108936579749e-06
1.056528264132066042e+01 9.725232786605290380e-06
1.060530265132566186e+01 9.952515294546530010e-06
1.064532266133066507e+01 1.018796376293517790e-05
1.068534267133566829e+01 1.043197505297325521e-05
1.072536268134066972e+01 1.068497043404650580e-05
1.076538269134567294e+01 1.094739740700040320e-05
1.080540270135067438e+01 1.121973168826509345e-05
1.084542271135567759e+01 1.150247937125029507e-05
1.088544272136068081e+01 1.179617928334115369e-05
1.092546273136568225e+01 1.210140555898710416e-05
1.096548274137068546e+01 1.241877045182298491e-05
1.100550275137568690e+01 1.274892741153809085e-05
1.104552276138069011e+01 1.309257445436478966e-05
1.108554277138569333e+01 1.345045785964954037e-05
1.112556278139069477e+01 1.382337622906531188e-05
1.116558279139569798e+01 1.421218494970258036e-05
1.120560280140069942e+01 1.461780110762963255e-05
1.124562281140570263e+01 1.504120890465209021e-05
1.128564282141070585e+01 1.548346563805181908e-05
1.132566283141570729e+01 1.594570831120296163e-05
1.136568284142071050e+01 1.642916095232396299e-05
1.140570285142571194e+01 1.693514272944504314e-05
1.144572286143071516e+01 1.746507696220711474e-05
1.148574287143571837e+01 1.802050114566067544e-05
1.152576288144071981e+01 1.860307811817289155e-05
1.156578289144572302e+01 1.921460852531192001e-05
1.160580290145072446e+01 1.985704475469049970e-05
1.164582291145572768e+01 2.053250654385820536e-05
1.168584292146073089e+01 2.124329849520635555e-05
1.172586293146573233e+01 2.199192976944496438e-05
1.176588294147073555e+01 2.278113627368152192e-05
1.180590295147573698e+01 2.361390571290551183e-05
1.184592296148074020e+01 2.449350593651840929e-05
1.188594297148574341e+01 2.542351708662700949e-05
1.192596298149074485e+01 2.640786814486229954e-05
1.196598299149574807e+01 2.745087858290441314e-05
1.200600300150074951e+01 2.855730595299282398e-05
1.204602301150575272e+01 2.973240041394799318e-05
1.208604302151075416e+01 3.098196738261557574e-05
1.212606303151575737e+01 3.231243973919832710e-05
1.216608304152076059e+01 3.373096130939792634e-05
1.220610305152576203e+01 3.524548371209954852e-05
1.224612306153076524e+01 3.686487911901220425e-05
1.228614307153576668e+01 3.859907204985499508e-05
1.232616308154076989e+01 4.045919406104591260e-05
1.236618309154577311e+01 4.245776612959530804e-05
1.240620310155077455e+01 4.460891476052698080e-05
1.244622311155577776e+01 4.692862946088468320e-05
1.248624312156077920e+01 4.943507137970284509e-05
1.252626313156578242e+01 5.214894583892310941e-05
1.256628314157078563e+01 5.509395551814169032e-05
1.260630315157578707e+01 5.829735672843039943e-05
1.264632316158079028e+01 6.179064931165373657e-05
1.268634317158579172e+01 6.561044241242710412e-05
1.272636318159079494e+01 6.979955531153875042e-05
1.276638319159579815e+01 7.440843638225324577e-05
1.280640320160079959e+01 7.949701369742142654e-05
1.284642321160580281e+01 8.513711695705823658e-05
1.288644322161080424e+01 9.141558023121170167e-05
1.292646323161580746e+01 9.843785589490436794e-05
1.296648324162081067e+01 1.063308292392523989e-04
1.300650325162581211e+01 1.152400089321138388e-04
1.304652326163081533e+01 1.253091981074117033e-04
1.308654327163581677e+01 1.366330663588391503e-04
1.312656328164081998e+01 1.492396052323578955e-04
1.316658329164582319e+01 1.632498451647656417e-04
1.320660330165082463e+01 1.790954275870551104e-04
1.324662331165582785e+01 1.974326184071346533e-04
1.328664332166082929e+01 2.189591453130735471e-04
1.332666333166583250e+01 2.444283369332223010e-04
1.336668334167083572e+01 2.747621055564448338e-04
1.340670335167583715e+01 3.111670051839209982e-04
1.344672336168084037e+01 3.552608023348825979e-04
1.348674337168584181e+01 4.092418683078246429e-04
1.352676338169084502e+01 4.761369116138210482e-04
1.356678339169584824e+01 5.601734165281329128e-04
1.360680340170084968e+01 6.673451595857024694e-04
1.364682341170585289e+01 8.062706880772955434e-04
1.368684342171085433e+01 9.894728631707611338e-04
1.372686343171585754e+01 1.235171851892109124e-03
1.376688344172086076e+01 1.569353425663791652e-03
1.380690345172586220e+01 2.026483469051335463e-03
1.384692346173086541e+01 2.642691219173363883e-03
1.388694347173586685e+01 3.424349882022773538e-03
1.392696348174087007e+01 4.267195055658998780e-03
1.396698349174587328e+01 4.869345509802039743e-03
1.400700350175087472e+01 4.875907494586957831e-03
1.404702351175587793e+01 4.282342132903415449e-03
1.408704352176087937e+01 3.440615282601438511e-03
1.412706353176588259e+01 2.656239932326362723e-03
1.416708354177088580e+01 2.036700406710782469e-03
1.420710355177588724e+01 1.576808155333534953e-03
1.424712356178089045e+01 1.240588172973827686e-03
1.428714357178589189e+01 9.934347677315465922e-04
1.432716358179089511e+01 8.091944939592502981e-04
1.436718359179589832e+01 6.695151989855786410e-04
1.440720360180089976e+01 5.617806170681292378e-04
1.444722361180590298e+01 4.773075377238444037e-04
1.448724362181090441e+01 4.100564631867504618e-04
1.452726363181590763e+01 3.557656357403834796e-04
1.456728364182091084e+01 3.113800038880448241e-04
1.460730365182591228e+01 2.746746291656910967e-04
1.464732366183091550e+01 2.440041895835129003e-04
1.468734367183591694e+01 2.181342709664762082e-04
1.472736368184092015e+01 1.961261307232614517e-04
1.476738369184592337e+01 1.772568322918875749e-04
1.480740370185092480e+01 1.609630907598316133e-04
1.484742371185592802e+01 1.468012363511621721e-04
1.488744372186092946e+01 1.344182874681253126e-04
1.492746373186593267e+01 1.235307856512381090e-04
1.496748374187093589e+01 1.139091246734162812e-04
1.500750375187593733e+01 1.053658171796112696e-04
1.504752376188094054e+01 9.774661676696014517e-05
1.508754377188594198e+01 9.092373401648569170e-05
1.512756378189094519e+01 8.479060433378519663e-05
1.516758379189594841e+01 7.925781732316771312e-05
1.520760380190094985e+01 7.424992377742529581e-05
1.524762381190595306e+01 6.970291167059901652e-05
1.528764382191095450e+01 6.556219641855986341e-05
1.532766383191595772e+01 6.178100960345825712e-05
1.536768384192096093e+01 5.831909875608009766e-05
1.540770385192596237e+01 5.514167169144789071e-05
1.544772386193096558e+01 5.221853440851445072e-05
1.548774387193596702e+01 4.952338317617457350e-05
1.552776388194097024e+01 4.703322018485883222e-05
1.556778389194597167e+01 4.472786879613242160e-05
1.560780390195097489e+01 4.258956951301877733e-05
1.564782391195597810e+01 4.060264171450697396e-05
1.568784392196097954e+01 3.875319923695275494e-05
1.572786393196598276e+01 3.702891025551030189e-05
1.576788394197098420e+01 3.541879377838879543e-05
1.580790395197598741e+01 3.391304653394965236e-05
1.584792396198099063e+01 3.250289519462042564e-05
1.588794397198599206e+01 3.118046980993467878e-05
1.592796398199099528e+01 2.993869506538155654e-05
1.596798399199599672e+01 2.877119658387823417e-05
1.600800400200100171e+01 2.767221997334963008e-05
1.604802401200600315e+01 2.663656072120651022e-05
1.608804402201100459e+01 2.565950336354524204e-05
1.612806403201600602e+01 2.473676862912520637e-05
1.616808404202101102e+01 2.386446748852723626e-05
1.620810405202601245e+01 2.303906123879428947e-05
1.624812406203101389e+01 2.225732693424733785e-05
1.628814407203601888e+01 2.151632764681559855e-05
1.632816408204102032e+01 2.081338721837757306e-05
1.636818409204602176e+01 2.014606937262850478e-05
1.640820410205102675e+01 1.951216131326017283e-05
1.644822411205602819e+01 1.890966229225910525e-05
1.648824412206102963e+01 1.833677815409257613e-05
1.652826413206603107e+01 1.779192364840310222e-05
1.656828414207103606e+01 1.727373548562327328e-05
1.660830415207603750e+01 1.678110078216430218e-05
1.664832416208103893e+01 1.631320745533631399e-05
1.668834417208604393e+01 1.586962350104220858e-05
1.672836418209104536e+01 1.545040347459898276e-05
1.676838419209604680e+01 1.505617667895960388e-05
1.680840420210105179e+01 1.468801309247863997e-05
1.684842421210605323e+01 1.434641570109218394e-05
1.688844422211105467e+01 1.402805821733862931e-05
1.692846423211605611e+01 1.372002171775405566e-05
1.696848424212106110e+01 1.340014609282663020e-05
1.700850425212606254e+01 1.305633854417203736e-05
1.704852426213106398e+01 1.270146501198756894e-05
1.708854427213606897e+01 1.235585732735776008e-05
1.712856428214107041e+01 1.202975756963689607e-05
1.716858429214607185e+01 1.172436572824214312e-05
1.720860430215107328e+01 1.143750465943415969e-05
1.724862431215607828e+01 1.116656994775681069e-05
1.728864432216107971e+01 1.090938627119876471e-05
1.732866433216608115e+01 1.066428999097924972e-05
1.736868434217108614e+01 1.043002394868555218e-05
1.740870435217608758e+01 1.020562228086979409e-05
1.744872436218108902e+01 9.990322826330542207e-06
1.748874437218609401e+01 9.783506859860941239e-06
1.752876438219109545e+01 9.584658898103199620e-06
1.756878439219609689e+01 9.393340024497624072e-06
1.760880440220109833e+01 9.209170085084230300e-06
1.764882441220610332e+01 9.031815703005939788e-06
1.768884442221110476e+01 8.860982163733189328e-06
1.772886443221610620e+01 8.696407941203816646e-06
1.776888444222111119e+01 8.537861094688691712e-06
1.780890445222611262e+01 8.385137062814701235e-06
1.784892446223111406e+01 8.238057578371971144e-06
1.788894447223611905e+01 8.096470566253587755e-06
1.792896448224112049e+01 7.960250993934186962e-06
1.796898449224612193e+01 7.829302738035611093e-06
1.800900450225112337e+01 7.703561626650997076e-06
1.804902451225612836e+01 7.582999929429231538e-06
1.808904452226112980e+01 7.467632712390509669e-06
1.812906453226613124e+01 7.357526673944800827e-06
1.816908454227113623e+01 7.252812364442954820e-06
1.820910455227613767e+01 7.153701112329844388e-06
1.824912456228113911e+01 7.060508611656581396e-06
1.828914457228614410e+01 6.973688089644402472e-06
1.832916458229114554e+01 6.893877464741866779e-06
1.836918459229614697e+01 6.821967242068359412e-06
1.840920460230114841e+01 6.759199585837907959e-06
1.844922461230615340e+01 6.707314866693185150e-06
1.848924462231115484e+01 6.668771216904041847e-06
1.852926463231615628e+01 6.647076788297119183e-06
1.856928464232116127e+01 6.647294481709521877e-06
1.860930465232616271e+01 6.676801128463342303e-06
1.864932466233116415e+01 6.746383033173238647e-06
1.868934467233616914e+01 6.871627529870327842e-06
1.872936468234117058e+01 7.073978174790144705e-06
1.876938469234617202e+01 7.378724459817519006e-06
1.880940470235117346e+01 7.801444315750470654e-06
1.884942471235617845e+01 8.305935945540007871e-06
1.888944472236117988e+01 8.735462542646926827e-06
1.892946473236618132e+01 8.833366875881176216e-06
1.896948474237118631e+01 8.488929840540902517e-06
1.900950475237618775e+01 7.884274394526295579e-06
1.904952476238118919e+01 7.263514702312818763e-06
1.908954477238619418e+01 6.743613468876693764e-06
1.912956478239119562e+01 6.339528344698042755e-06
1.916958479239619706e+01 6.030169408619779382e-06
1.920960480240119850e+01 5.790592870275089892e-06
1.924962481240620349e+01 5.600908876024637260e-06
1.928964482241120493e+01 5.446911149482764728e-06
1.932966483241620637e+01 5.318786727127284100e-06
1.936968484242121136e+01 5.209784400709593197e-06
1.940970485242621280e+01 5.115219181558256309e-06
1.944972486243121423e+01 5.031793808178326935e-06
1.948974487243621923e+01 4.957149749679311409e-06
1.952976488244122066e+01 4.889571478066370785e-06
1.956978489244622210e+01 4.827790452089202157e-06
1.960980490245122354e+01 4.770853695537992750e-06
1.964982491245622853e+01 4.718034466526390170e-06
1.968984492246122997e+01 4.668770648937082209e-06
1.972986493246623141e+01 4.622621640094317275e-06
1.976988494247123640e+01 4.579237750861258084e-06
1.980990495247623784e+01 4.538338189292063486e-06
1.984992496248123928e+01 4.499695013965772462e-06
1.988994497248624427e+01 4.463121294502835227e-06
1.992996498249124571e+01 4.428462274969725016e-06
1.996998499249624714e+01 4.395588706619161820e-06
2.001000500250124858e+01 4.364391765827777953e-06
2.005002501250625357e+01 4.334779142999733850e-06
2.009004502251125501e+01 4.306672005360189515e-06
2.013006503251625645e+01 4.280002618289025923e-06
2.017008504252126144e+01 4.254712467494904108e-06
2.021010505252626288e+01 4.230750765429275687e-06
2.025012506253126432e+01 4.208073254938250096e-06
2.029014507253626931e+01 4.186641244671944434e-06
2.033016508254127075e+01 4.166420826563478914e-06
2.037018509254627219e+01 4.147382237379981660e-06
2.041020510255127363e+01 4.129499335073396082e-06
2.045022511255627862e+01 4.112749167223052336e-06
2.049024512256128006e+01 4.097111613837756884e-06
2.053026513256628149e+01 4.082569090584035983e-06
2.057028514257128649e+01 4.069106301427682626e-06
2.061030515257628792e+01 4.056710031935918170e-06
2.065032516258128936e+01 4.045368976247636393e-06
2.069034517258629080e+01 4.035073592098689973e-06
2.073036518259129579e+01 4.025815979376483386e-06
2.077038519259629723e+01 4.017589778540495383e-06
2.081040520260129867e+01 4.010390085932965390e-06
2.085042521260630366e+01 4.004213383555604992e-06
2.089044522261130510e+01 3.999057481333243717e-06
2.093046523261630654e+01 3.994921470246383064e-06
2.097048524262131153e+01 3.991805685009664460e-06
2.101050525262631297e+01 3.989711675215622610e-06
2.105052526263131440e+01 3.988642184063850980e-06
2.109054527263631584e+01 3.988601133963217918e-06
2.113056528264132083e+01 3.989593618435951156e-06
2.117058529264632227e+01 3.991625899872399959e-06
2.121060530265132371e+01 3.994705412788957610e-06
2.125062531265632870e+01 3.998840772331858013e-06
2.129064532266133014e+01 4.004041787850179863e-06
2.133066533266633158e+01 4.010319481434027521e-06
2.137068534267133657e+01 4.017686111381313693e-06
2.141070535267633801e+01 4.026155200620375189e-06
2.145072536268133945e+01 4.035741570177631262e-06
2.149074537268634089e+01 4.046461377841186835e-06
2.153076538269134588e+01 4.058332162234444485e-06
2.157078539269634732e+01 4.071372892579628904e-06
2.161080540270134875e+01 4.085604024501847211e-06
2.165082541270635375e+01 4.101047562301086910e-06
2.169084542271135518e+01 4.117727128205117205e-06
2.173086543271635662e+01 4.135668039212301034e-06
2.177088544272136161e+01 4.154897392243154027e-06
2.181090545272636305e+01 4.175444158445958785e-06
2.185092546273136449e+01 4.197339287649139294e-06
2.189094547273636593e+01 4.220615824126010229e-06
2.193096548274137092e+01 4.245309035042138713e-06
2.197098549274637236e+01 4.271456553199073009e-06
2.201100550275137380e+01 4.299098535979937005e-06
2.205102551275637879e+01 4.328277842754027469e-06
2.209104552276138023e+01 4.359040233423502756e-06
2.213106553276638166e+01 4.391434591314459090e-06
2.217108554277138666e+01 4.425513174250573475e-06
2.221110555277638809e+01 4.461331898430879145e-06
2.225112556278138953e+01 4.498950660703624969e-06
2.229114557278639097e+01 4.538433706036380607e-06
2.233116558279139596e+01 4.579850048496430804e-06
2.237118559279639740e+01 4.623273955962508869e-06
2.241120560280139884e+01 4.668785511206261570e-06
2.245122561280640383e+01 4.716471265064752198e-06
2.249124562281140527e+01 4.766425001382817563e-06
2.253126563281640671e+01 4.818748638517843502e-06
2.257128564282141170e+01 4.873553298853286605e-06
2.261130565282641314e+01 4.930960586488032279e-06
2.265132566283141458e+01 4.991104124783878683e-06
2.269134567283641601e+01 5.054131420779177638e-06
2.273136568284142101e+01 5.120206144041667208e-06
2.277138569284642244e+01 5.189510935367018949e-06
2.281140570285142388e+01 5.262250898741470589e-06
2.285142571285642887e+01 5.338657982391051038e-06
2.289144572286143031e+01 5.418996527704525497e-06
2.293146573286643175e+01 5.503570367468725900e-06
2.297148574287143674e+01 5.592732000849569681e-06
2.301150575287643818e+01 5.686894582567191647e-06
2.305152576288143962e+01 5.786547769426172297e-06
2.309154577288644106e+01 5.892278917893424910e-06
2.313156578289144605e+01 6.004801798849784581e-06
2.317158579289644749e+01 6.124996012321382247e-06
2.321160580290144893e+01 6.253961842104398542e-06
2.325162581290645392e+01 6.393097704788998454e-06
2.329164582291145535e+01 6.544211133975606197e-06
2.333166583291645679e+01 6.709680228385722035e-06
2.337168584292146178e+01 6.892691993145445885e-06
2.341170585292646322e+01 7.097598969546667011e-06
2.345172586293146466e+01 7.330458444860690484e-06
2.349174587293646610e+01 7.599850772090473717e-06
2.353176588294147109e+01 7.918108132137187052e-06
2.357178589294647253e+01 8.303080601738384458e-06
2.361180590295147397e+01 8.780353398431290935e-06
2.365182591295647896e+01 9.384822840458244159e-06
2.369184592296148040e+01 1.015701611130269570e-05
2.373186593296648184e+01 1.112004149933625019e-05
2.377188594297148683e+01 1.220996114714258759e-05
2.381190595297648827e+01 1.316744010659832198e-05
2.385192596298148970e+01 1.358645120781926635e-05
2.389194597298649114e+01 1.331580627699635041e-05
2.393196598299149613e+01 1.266167192362477335e-05
2.397198599299649757e+01 1.200480651536503716e-05
2.401200600300149901e+01 1.152025637446645425e-05
2.405202601300650400e+01 1.122740051265547350e-05
2.409204602301150544e+01 1.109257311996800948e-05
2.413206603301650688e+01 1.107742298004086590e-05
2.417208604302150832e+01 1.115190857898328698e-05
2.421210605302651331e+01 1.129499209257658715e-05
2.425212606303151475e+01 1.149256120524656840e-05
2.429214607303651619e+01 1.173535145251034750e-05
2.433216608304152118e+01 1.201740830130015784e-05
2.437218609304652261e+01 1.233504631751798505e-05
2.441220610305152405e+01 1.268616636129088639e-05
2.445222611305652904e+01 1.306981209793446363e-05
2.449224612306153048e+01 1.348588299215130555e-05
2.453226613306653192e+01 1.393494972124315227e-05
2.457228614307153336e+01 1.441813755435711728e-05
2.461230615307653835e+01 1.493705590354198453e-05
2.465232616308153979e+01 1.549376029226830971e-05
2.469234617308654123e+01 1.609073810543646126e-05
2.473236618309154622e+01 1.673091279030073587e-05
2.477238619309654766e+01 1.741766336693600402e-05
2.481240620310154910e+01 1.815485761373844745e-05
2.485242621310655409e+01 1.894689839026908977e-05
2.489244622311155553e+01 1.979878342133591375e-05
2.493246623311655696e+01 2.071617960956977366e-05
2.497248624312155840e+01 2.170551365270043435e-05
2.501250625312656339e+01 2.277408148264237596e-05
2.505252626313156483e+01 2.393017987590357999e-05
2.509254627313656627e+01 2.518326456954757085e-05
2.513256628314157126e+01 2.654414042305334813e-05
2.517258629314657270e+01 2.802519067859223279e-05
2.521260630315157414e+01 2.964065429925852224e-05
2.525262631315657913e+01 3.140696285068643283e-05
2.529264632316158057e+01 3.334315163071304718e-05
2.533266633316658201e+01 3.547136401048849941e-05
2.537268634317158345e+01 3.781747359726707612e-05
2.541270635317658844e+01 4.041185637964044285e-05
2.545272636318158987e+01 4.329035519851583044e-05
2.549274637318659131e+01 4.649549274075462601e-05
2.553276638319159630e+01 5.007800827427088701e-05
2.557278639319659774e+01 5.409881971350787602e-05
2.561280640320159918e+01 5.863154953076457008e-05
2.565282641320660417e+01 6.376580528615713071e-05
2.569284642321160561e+01 6.961148032409123247e-05
2.573286643321660705e+01 7.630444842391394765e-05
2.577288644322160849e+01 8.401418477110255128e-05
2.581290645322661348e+01 9.295408085472089976e-05
2.585292646323161492e+01 1.033955743286606475e-04
2.589294647323661636e+01 1.156877527131611340e-04
2.593296648324162135e+01 1.302849184920527750e-04
2.597298649324662279e+01 1.477858944247783504e-04
2.601300650325162422e+01 1.689908776610897121e-04
2.605302651325662922e+01 1.949848536542527703e-04
2.609304652326163065e+01 2.272616017952860533e-04
2.613306653326663209e+01 2.679099984236993338e-04
2.617308654327163353e+01 3.198953477931273047e-04
2.621310655327663852e+01 3.874824028605984246e-04
2.625312656328163996e+01 4.768594037582968661e-04
2.629314657328664140e+01 5.970077608662126842e-04
2.633316658329164639e+01 7.606646247915054048e-04
2.637318659329664783e+01 9.843458063575507948e-04
2.641320660330164927e+01 1.283830268810246976e-03
2.645322661330665426e+01 1.656064438336246267e-03
2.649324662331165570e+01 2.037538229756345222e-03
2.653326663331665713e+01 2.273601579482453002e-03
2.657328664332165857e+01 2.217296526040773551e-03
2.661330665332666356e+01 1.907321741865435419e-03
2.665332666333166500e+01 1.515858268011985354e-03
2.669334667333666644e+01 1.166670334438763001e-03
2.673336668334167143e+01 8.956043671069159780e-04
2.677338669334667287e+01 6.954754025211691516e-04
2.681340670335167431e+01 5.491739873815337618e-04
2.685342671335667930e+01 4.413913816114879772e-04
2.689344672336168074e+01 3.607999667638151875e-04
2.693346673336668218e+01 2.995030733683175608e-04
2.697348674337168362e+01 2.520771265703410872e-04
2.701350675337668861e+01 2.147837633054036860e-04
2.705352676338169005e+01 1.850162553518586140e-04
2.709354677338669148e+01 1.609298267159720778e-04
2.713356678339169648e+01 1.411981176843806721e-04
2.717358679339669791e+01 1.248523896847162208e-04
2.721360680340169935e+01 1.111743419471830424e-04
2.725362681340670434e+01 9.962373932984471914e-05
2.729364682341170578e+01 8.978884583196355322e-05
2.733366683341670722e+01 8.135198116018449899e-05
2.737368684342170866e+01 7.406524273071100884e-05
2.741370685342671365e+01 6.773315723106068751e-05
2.745372686343171509e+01 6.220012248906207301e-05
2.749374687343671653e+01 5.734120658259732713e-05
2.753376688344172152e+01 5.305533159301309746e-05
2.757378689344672296e+01 4.926017365905501058e-05
2.761380690345172439e+01 4.588831481031153877e-05
2.765382691345672583e+01 4.288432059518418712e-05
2.769384692346173082e+01 4.020251320551175740e-05
2.773386693346673226e+01 3.780527719861381602e-05
2.777388694347173370e+01 3.566178369147426718e-05
2.781390695347673869e+01 3.374705569825963087e-05
2.785392696348174013e+01 3.204132696985706696e-05
2.789394697348674157e+01 3.052967325055784770e-05
2.793396698349174656e+01 2.920192212138053207e-05
2.797398699349674800e+01 2.805287999224769595e-05
2.801400700350174944e+01 2.708295831727270398e-05
2.805402701350675088e+01 2.629934446261839891e-05
2.809404702351175587e+01 2.571795864581120588e-05
2.813406703351675731e+01 2.536658404475176088e-05
2.817408704352175874e+01 2.528976757302162358e-05
2.821410705352676374e+01 2.555634430713141410e-05
2.825412706353176517e+01 2.627055688736558840e-05
2.829414707353676661e+01 2.758692658899673287e-05
2.833416708354177160e+01 2.972441834926348392e-05
2.837418709354677304e+01 3.295807787979588606e-05
2.841420710355177448e+01 3.751489040137071071e-05
2.845422711355677592e+01 4.320335349398293193e-05
2.849424712356178091e+01 4.866917846771336327e-05
2.853426713356678235e+01 5.115494485938493137e-05
2.857428714357178379e+01 4.868717881422008703e-05
2.861430715357678878e+01 4.258823602550903257e-05
2.865432716358179022e+01 3.572349314206117287e-05
2.869434717358679165e+01 2.980036017074050108e-05
2.873436718359179665e+01 2.519556814300532357e-05
2.877438719359679808e+01 2.172516095249249691e-05
2.881440720360179952e+01 1.910401752060255170e-05
2.885442721360680096e+01 1.709182343272080542e-05
2.889444722361180595e+01 1.551377566210594480e-05
2.893446723361680739e+01 1.424842875889315744e-05
2.897448724362180883e+01 1.321216563669178257e-05
2.901450725362681382e+01 1.234704472059469349e-05
2.905452726363181526e+01 1.161239752570712534e-05
2.909454727363681670e+01 1.097925247424570418e-05
2.913456728364182169e+01 1.042667630767495077e-05
2.917458729364682313e+01 9.939375149032287659e-06
2.921460730365182457e+01 9.506119508744202684e-06
2.925462731365682600e+01 9.118705539621897006e-06
2.929464732366183100e+01 8.771228686086470270e-06
2.933466733366683243e+01 8.459382135110071031e-06
2.937468734367183387e+01 8.179209539628304852e-06
2.941470735367683886e+01 7.924443326627513063e-06
2.945472736368184030e+01 7.683269336441720407e-06
2.949474737368684174e+01 7.441494755912033788e-06
2.953476738369184673e+01 7.195241049249360876e-06
2.957478739369684817e+01 6.953438125822199967e-06
2.961480740370184961e+01 6.725143584241162897e-06
2.965482741370685105e+01 6.513257016494123340e-06
2.969484742371185604e+01 6.316830913300537489e-06
2.973486743371685748e+01 6.133853503009222752e-06
2.977488744372185892e+01 5.962407353382845940e-06
2.981490745372686391e+01 5.800934109604551741e-06
2.985492746373186534e+01 5.648212516922408357e-06
2.989494747373686678e+01 5.503280980296434781e-06
2.993496748374187177e+01 5.365367968504250752e-06
2.997498749374687321e+01 5.233840603380565746e-06
3.001500750375187465e+01 5.108168714772663747e-06
3.005502751375687609e+01 4.987899931404168538e-06
3.009504752376188108e+01 4.872642241565773928e-06
3.013506753376688252e+01 4.762051553198384034e-06
3.017508754377188396e+01 4.655822622184983173e-06
3.021510755377688895e+01 4.553682284338702029e-06
3.025512756378189039e+01 4.455384293288077843e-06
3.029514757378689183e+01 4.360705301150129904e-06
3.033516758379189682e+01 4.269441669567253312e-06
3.037518759379689826e+01 4.181406896454714314e-06
3.041520760380189969e+01 4.096429508157479694e-06
3.045522761380690113e+01 4.014351309765463179e-06
3.049524762381190612e+01 3.935025915633489698e-06
3.053526763381690756e+01 3.858317502440108301e-06
3.057528764382190900e+01 3.784099741411430290e-06
3.061530765382691399e+01 3.712254876574857774e-06
3.065532766383191543e+01 3.642672923360827150e-06
3.069534767383691687e+01 3.575250967380679480e-06
3.073536768384192186e+01 3.509892547341512057e-06
3.077538769384692330e+01 3.446507109200872392e-06
3.081540770385192474e+01 3.385009521083874801e-06
3.085542771385692618e+01 3.325319640371081579e-06
3.089544772386193117e+01 3.267361925850967943e-06
3.093546773386693260e+01 3.211065089013570255e-06
3.097548774387193404e+01 3.156361779512032604e-06
3.101550775387693903e+01 3.103188300589260609e-06
3.105552776388194047e+01 3.051484350896227041e-06
3.109554777388694191e+01 3.001192789646736497e-06
3.113556778389194335e+01 2.952259422483301397e-06
3.117558779389694834e+01 2.904632805787079526e-06
3.121560780390194978e+01 2.858264067466001537e-06
3.125562781390695122e+01 2.813106742509086610e-06
3.129564782391195621e+01 2.769116621810796806e-06
3.133566783391695765e+01 2.726251612952982655e-06
3.137568784392195909e+01 2.684471611789703557e-06
3.141570785392696408e+01 2.643738383815877585e-06
3.145572786393196552e+01 2.604015454418127988e-06
3.149574787393696695e+01 2.565268007208047720e-06
3.153576788394196839e+01 2.527462789727318347e-06
3.157578789394697338e+01 2.490568025892025937e-06
3.161580790395197482e+01 2.454553334612536207e-06
3.165582791395697626e+01 2.419389654086338521e-06
3.169584792396198125e+01 2.385049171316053612e-06
3.173586793396698269e+01 2.351505256454072196e-06
3.177588794397198413e+01 2.318732401620337747e-06
3.181590795397698912e+01 2.286706163881647873e-06
3.185592796398199056e+01 2.255403112120111283e-06
3.189594797398699200e+01 2.224800777556592155e-06
3.193596798399199344e+01 2.194877607732903012e-06
3.197598799399699843e+01 2.165612923795532963e-06
3.201600800400200342e+01 2.136986880965661908e-06
3.205602801400700486e+01 2.108980432126892531e-06
3.209604802401200629e+01 2.081575294516658821e-06
3.213606803401700773e+01 2.054753919573207975e-06
3.217608804402200917e+01 2.028499466072739491e-06
3.221610805402701061e+01 2.002795776798306997e-06
3.225612806403201205e+01 1.977627359124206539e-06
3.229614807403702059e+01 1.952979370092441893e-06
3.233616808404202203e+01 1.928837606825018882e-06
3.237618809404702347e+01 1.905188503491761387e-06
3.241620810405202491e+01 1.882019136591538273e-06
3.245622811405702635e+01 1.859317241085723016e-06
3.249624812406202778e+01 1.837071241073139310e-06
3.253626813406702922e+01 1.815270300413806357e-06
3.257628814407203777e+01 1.793904401310229913e-06
3.261630815407703921e+01 1.772964462846950416e-06
3.265632816408204064e+01 1.752442517692116033e-06
3.269634817408704208e+01 1.732331974909578352e-06
3.273636818409204352e+01 1.712628012257072056e-06
3.277638819409704496e+01 1.693328165807485770e-06
3.281640820410205350e+01 1.674433223101494595e-06
3.285642821410705494e+01 1.655948584023631743e-06
3.289644822411205638e+01 1.637886332433058293e-06
3.293646823411705782e+01 1.620268335436749231e-06
3.297648824412205926e+01 1.603130620034837468e-06
3.301650825412706070e+01 1.586528542094898989e-06
3.305652826413206213e+01 1.570539096212009365e-06
3.309654827413707068e+01 1.555246193260959536e-06
3.313656828414207212e+01 1.540668740346010021e-06
3.317658829414707355e+01 1.526568251768576149e-06
3.321660830415207499e+01 1.512219463950452158e-06
3.325662831415707643e+01 1.496709116548811952e-06
3.329664832416207787e+01 1.479938795213932384e-06
3.333666833416707931e+01 1.462750592543731753e-06
3.337668834417208785e+01 1.445932955648029548e-06
3.341670835417708929e+01 1.429779559194088624e-06
3.345672836418209073e+01 1.414285507831699958e-06
3.349674837418709217e+01 1.399360479138623714e-06
3.353676838419209361e+01 1.384916060122724583e-06
3.357678839419709504e+01 1.370886418979271458e-06
3.361680840420210359e+01 1.357228036269796253e-06
3.365682841420710503e+01 1.343915712716811150e-06
3.369684842421210647e+01 1.330939690002987716e-06
3.373686843421710790e+01 1.318304904332923700e-06
3.377688844422210934e+01 1.306032424842890064e-06
3.381690845422711078e+01 1.294162535281086375e-06
3.385692846423211222e+01 1.282756792298948834e-06
3.389694847423712076e+01 1.271888885069497857e-06
3.393696848424212220e+01 1.261594038568076086e-06
3.397698849424712364e+01 1.251720749056107044e-06
3.401700850425212508e+01 1.241710642595169360e-06
3.405702851425712652e+01 1.230728271562443732e-06
3.409704852426212796e+01 1.218501867473520172e-06
3.413706853426712939e+01 1.205681089834918537e-06
3.417708854427213794e+01 1.193026712008012264e-06
3.421710855427713938e+01 1.180872367730502835e-06
3.425712856428214081e+01 1.169243783851710546e-06
3.429714857428714225e+01 1.158065069879465627e-06
3.433716858429214369e+01 1.147253053348852283e-06
3.437718859429714513e+01 1.136741937600960809e-06
3.441720860430214657e+01 1.126484174376899287e-06
3.445722861430715511e+01 1.116446116325799379e-06
3.449724862431215655e+01 1.106603778276443247e-06
3.453726863431715799e+01 1.096939711575634047e-06
3.457728864432215943e+01 1.087440882470091029e-06
3.461730865432716087e+01 1.078097268624024778e-06
3.465732866433216230e+01 1.068900933397815951e-06
3.469734867433717085e+01 1.059845410709145913e-06
3.473736868434217229e+01 1.050925291233640399e-06
3.477738869434717373e+01 1.042135939993500798e-06
3.481740870435217516e+01 1.033473300646412620e-06
3.485742871435717660e+01 1.024933757748465500e-06
3.489744872436217804e+01 1.016514038331415006e-06
3.493746873436717948e+01 1.008211140521509404e-06
3.497748874437218802e+01 1.000022281019604994e-06
3.501750875437718946e+01 9.919448559159203993e-07
3.505752876438219090e+01 9.839764110554390522e-07
3.509754877438719234e+01 9.761146193293442475e-07
3.513756878439219378e+01 9.683572630491262116e-07
3.517758879439719522e+01 9.607022200931742325e-07
3.521760880440219665e+01 9.531474528839448466e-07
3.525762881440720520e+01 9.456909995111586193e-07
3.529764882441220664e+01 9.383309664983708620e-07
3.533766883441720807e+01 9.310655228401325343e-07
3.537768884442220951e+01 9.238928950307505943e-07
3.541770885442721095e+01 9.168113628738791066e-07
3.545772886443221239e+01 9.098192559124319650e-07
3.549774887443722093e+01 9.029149503555216313e-07
3.553776888444222237e+01 8.960968664070194985e-07
3.557778889444722381e+01 8.893634659212882366e-07
3.561780890445222525e+01 8.827132503276637154e-07
3.565782891445722669e+01 8.761447587774096022e-07
3.569784892446222813e+01 8.696565664763314169e-07
3.573786893446722956e+01 8.632472831735070179e-07
3.577788894447223811e+01 8.569155517823117761e-07
3.581790895447723955e+01 8.506600471143969680e-07
3.585792896448224099e+01 8.444794747107936268e-07
3.589794897448724242e+01 8.383725697571779029e-07
3.593796898449224386e+01 8.323380960725359601e-07
3.597798899449724530e+01 8.263748451623075600e-07
3.601800900450224674e+01 8.204816353285278703e-07
3.605802901450725528e+01 8.146573108306878053e-07
3.609804902451225672e+01 8.089007410919993571e-07
3.613806903451725816e+01 8.032108199465255003e-07
3.617808904452225960e+01 7.975864649233281908e-07
3.621810905452726104e+01 7.920266165642904764e-07
3.625812906453226248e+01 7.865302377727390543e-07
3.629814907453727102e+01 7.810963131903669415e-07
3.633816908454227246e+01 7.757238486002718643e-07
3.637818909454727390e+01 7.704118703541791326e-07
3.641820910455227533e+01 7.651594248221700741e-07
3.645822911455727677e+01 7.599655778633967682e-07
3.649824912456227821e+01 7.548294143164527087e-07
3.653826913456727965e+01 7.497500375081890920e-07
3.657828914457228819e+01 7.447265687799033264e-07
3.661830915457728963e+01 7.397581470299252535e-07
3.665832916458229107e+01 7.348439282716971891e-07
3.669834917458729251e+01 7.299830852065683037e-07
3.673836918459229395e+01 7.251748068105401651e-07
3.677838919459729539e+01 7.204182979343007448e-07
3.681840920460229682e+01 7.157127789159130974e-07
3.685842921460730537e+01 7.110574852055880235e-07
3.689844922461230681e+01 7.064516670020034860e-07
3.693846923461730825e+01 7.018945888996689119e-07
3.697848924462230968e+01 6.973855295468771947e-07
3.701850925462731112e+01 6.929237813138063752e-07
3.705852926463231256e+01 6.885086499703666472e-07
3.709854927463732110e+01 6.841394543734050664e-07
3.713856928464232254e+01 6.798155261629199369e-07
3.717858929464732398e+01 6.755362094669308151e-07
3.721860930465232542e+01 6.713008606146963415e-07
3.725862931465732686e+01 6.671088478579705207e-07
3.729864932466232830e+01 6.629595511000102002e-07
3.733866933466732974e+01 6.588523616320601560e-07
3.737868934467233828e+01 6.547866818770610392e-07
3.741870935467733972e+01 6.507619251403245934e-07
3.745872936468234116e+01 6.467775153669453241e-07
3.749874937468734259e+01 6.428328869057247931e-07
3.753876938469234403e+01 6.389274842793910613e-07
3.757878939469734547e+01 6.350607619609067113e-07
3.761880940470234691e+01 6.312321841556714768e-07
3.765882941470735545e+01 6.274412245894301691e-07
3.769884942471235689e+01 6.236873663017039996e-07
3.773886943471735833e+01 6.199701014445709147e-07
3.777888944472235977e+01 6.162889310866319970e-07
3.781890945472736121e+01 6.126433650220014055e-07
3.785892946473236265e+01 6.090329215841669687e-07
3.789894947473736408e+01 6.054571274645708675e-07
3.793896948474237263e+01 6.019155175357719200e-07
3.797898949474737407e+01 5.984076346790530953e-07
3.801900950475237551e+01 5.949330296163320597e-07
3.805902951475737694e+01 5.914912607462631606e-07
3.809904952476237838e+01 5.880818939843952153e-07
3.813906953476737982e+01 5.847045026072732972e-07
3.817908954477238836e+01 5.813586671003664636e-07
3.821910955477738980e+01 5.780439750097182999e-07
3.825912956478239124e+01 5.747600207971994705e-07
3.829914957478739268e+01 5.715064056992776804e-07
3.833916958479239412e+01 5.682827375891896391e-07
3.837918959479739556e+01 5.650886308424312751e-07
3.841920960480239700e+01 5.619237062054632884e-07
3.845922961480740554e+01 5.587875906675487128e-07
3.849924962481240698e+01 5.556799173356356673e-07
3.853926963481740842e+01 5.526003253121936062e-07
3.857928964482240985e+01 5.495484595759331862e-07
3.861930965482741129e+01 5.465239708653228249e-07
3.865932966483241273e+01 5.435265155648273058e-07
3.869934967483741417e+01 5.405557555937965372e-07
3.873936968484242271e+01 5.376113582979314089e-07
3.877938969484742415e+01 5.346929963432584551e-07
3.881940970485242559e+01 5.318003476125439714e-07
3.885942971485742703e+01 5.289330951040862833e-07
3.889944972486242847e+01 5.260909268328193558e-07
3.893946973486742991e+01 5.232735357336700397e-07
3.897948974487243845e+01 5.204806195671060627e-07
3.901950975487743989e+01 5.177118808268207679e-07
3.905952976488244133e+01 5.149670266494971048e-07
3.909954977488744277e+01 5.122457687265945487e-07
3.913956978489244420e+01 5.095478232181130991e-07
3.917958979489744564e+01 5.068729106682766556e-07
3.921960980490244708e+01 5.042207559230888665e-07
3.925962981490745562e+01 5.015910880497142261e-07
3.929964982491245706e+01 4.989836402576391075e-07
3.933966983491745850e+01 4.963981498215613764e-07
3.937968984492245994e+01 4.938343580059733310e-07
3.941970985492746138e+01 4.912920099913885199e-07
3.945972986493246282e+01 4.887708548021744293e-07
3.949974987493746426e+01 4.862706452359500634e-07
3.953976988494247280e+01 4.837911377945091371e-07
3.957978989494747424e+01 4.813320926162319287e-07
3.961980990495247568e+01 4.788932734099450304e-07
3.965982991495747711e+01 4.764744473902002482e-07
3.969984992496247855e+01 4.740753852139308849e-07
3.973986993496747999e+01 4.716958609184554394e-07
3.977988994497248854e+01 4.693356518607953725e-07
3.981990995497748997e+01 4.669945386582731625e-07
3.985992996498249141e+01 4.646723051303607410e-07
3.989994997498749285e+01 4.623687382417486081e-07
3.993996998499249429e+01 4.600836280466067765e-07
3.997998999499749573e+01 4.578167676340044037e-07
4.002001000500249717e+01 4.555679530744671481e-07
4.006003001500750571e+01 4.533369833676389503e-07
4.010005002501250715e+01 4.511236603910271693e-07
4.014007003501750859e+01 4.489277888498000518e-07
4.018009004502251003e+01 4.467491762276152516e-07
4.022011005502751146e+01 4.445876327384560013e-07
4.026013006503251290e+01 4.424429712794468771e-07
4.030015007503751434e+01 4.403150073846300990e-07
4.034017008504252289e+01 4.382035591796784911e-07
4.038019009504752432e+01 4.361084473375235548e-07
4.042021010505252576e+01 4.340294950348762612e-07
4.046023011505752720e+01 4.319665279096220357e-07
4.050025012506252864e+01 4.299193740190682270e-07
4.054027013506753008e+01 4.278878637990251107e-07
4.058029014507253862e+01 4.258718300237003083e-07
4.062031015507754006e+01 4.238711077663902642e-07
4.066033016508254150e+01 4.218855343609475001e-07
4.070035017508754294e+01 4.199149493640082917e-07
4.074037018509254438e+01 4.179591945179637240e-07
4.078039019509754581e+01 4.160181137146559115e-07
4.082041020510254725e+01 4.140915529597831863e-07
4.086043021510755580e+01 4.121793603379990050e-07
4.090045022511255723e+01 4.102813859786919766e-07
4.094047023511755867e+01 4.083974820224219702e-07
4.098049024512256011e+01 4.065275025880114027e-07
4.102051025512756155e+01 4.046713037402667719e-07
4.106053026513256299e+01 4.028287434583203238e-07
4.110055027513756443e+01 4.009996816045778774e-07
4.114057028514257297e+01 3.991839798942604731e-07
4.118059029514757441e+01 3.973815018655249148e-07
4.122061030515257585e+01 3.955921128501504476e-07
4.126063031515757729e+01 3.938156799447820956e-07
4.130065032516257872e+01 3.920520719827158878e-07
4.134067033516758016e+01 3.903011595062146989e-07
4.138069034517258160e+01 3.885628147393437958e-07
4.142071035517759015e+01 3.868369115613143938e-07
4.146073036518259158e+01 3.851233254803263262e-07
4.150075037518759302e+01 3.834219336078933635e-07
4.154077038519259446e+01 3.817326146336495425e-07
4.158079039519759590e+01 3.800552488006181330e-07
4.162081040520259734e+01 3.783897178809388502e-07
4.166083041520760588e+01 3.767359051520403946e-07
4.170085042521260732e+01 3.750936953732518071e-07
4.174087043521760876e+01 3.734629747628393004e-07
4.178089044522261020e+01 3.718436309754630064e-07
4.182091045522761164e+01 3.702355530800465463e-07
4.186093046523261307e+01 3.686386315380426945e-07
4.190095047523761451e+01 3.670527581820981012e-07
4.194097048524262306e+01 3.654778261950983324e-07
4.198099049524762449e+01 3.639137300895937044e-07
4.202101050525262593e+01 3.623603656875914596e-07
4.206103051525762737e+01 3.608176301007106854e-07
4.210105052526262881e+01 3.592854217106926143e-07
4.214107053526763025e+01 3.577636401502560391e-07
4.218109054527263169e+01 3.562521862842933928e-07
4.222111055527764023e+01 3.547509621914000836e-07
4.226113056528264167e+01 3.532598711457301492e-07
4.230115057528764311e+01 3.517788175991693893e-07
4.234117058529264455e+01 3.503077071638246011e-07
4.238119059529764598e+01 3.488464465948175869e-07
4.242121060530264742e+01 3.473949437733804413e-07
4.246123061530765597e+01 3.459531076902447585e-07
4.250125062531265741e+01 3.445208484293214249e-07
4.254127063531765884e+01 3.430980771516598803e-07
4.258129064532266028e+01 3.416847060796882220e-07
4.262131065532766172e+01 3.402806484817224553e-07
4.266133066533266316e+01 3.388858186567440404e-07
4.270135067533766460e+01 3.375001319194368438e-07
4.274137068534267314e+01 3.361235045854815346e-07
4.278139069534767458e+01 3.347558539571000673e-07
4.282141070535267602e+01 3.333970983088459629e-07
4.286143071535767746e+01 3.320471568736367355e-07
4.290145072536267890e+01 3.307059498290216887e-07
4.294147073536768033e+01 3.293733982836830157e-07
4.298149074537268177e+01 3.280494242641625814e-07
4.302151075537769032e+01 3.267339507018129568e-07
4.306153076538269175e+01 3.254269014199674101e-07
4.310155077538769319e+01 3.241282011213227164e-07
4.314157078539269463e+01 3.228377753755337775e-07
4.318159079539769607e+01 3.215555506070140184e-07
4.322161080540269751e+01 3.202814540829385944e-07
4.326163081540770605e+01 3.190154139014453818e-07
4.330165082541270749e+01 3.177573589800318961e-07
4.334167083541770893e+01 3.165072190441416300e-07
4.338169084542271037e+01 3.152649246159387482e-07
4.342171085542771181e+01 3.140304070032675430e-07
4.346173086543271324e+01 3.128035982887902426e-07
4.350175087543771468e+01 3.115844313193042841e-07
4.354177088544272323e+01 3.103728396952307937e-07
4.358179089544772467e+01 3.091687577602758086e-07
4.362181090545272610e+01 3.079721205912576756e-07
4.366183091545772754e+01 3.067828639880981395e-07
4.370185092546272898e+01 3.056009244639755849e-07
4.374187093546773042e+01 3.044262392356365679e-07
4.378189094547273186e+01 3.032587462138616655e-07
4.382191095547774040e+01 3.020983839940834216e-07
4.386193096548274184e+01 3.009450918471561228e-07
4.390195097548774328e+01 2.997988097102699409e-07
4.394197098549274472e+01 2.986594781780094941e-07
4.398199099549774616e+01 2.975270384935559804e-07
4.402201100550274759e+01 2.964014325400263721e-07
4.406203101550775614e+01 2.952826028319485048e-07
4.410205102551275758e+01 2.941704925068729639e-07
4.414207103551775901e+01 2.930650453171134010e-07
4.418209104552276045e+01 2.919662056216174534e-07
4.422211105552776189e+01 2.908739183779644528e-07
4.426213106553276333e+01 2.897881291344878071e-07
4.430215107553776477e+01 2.887087840225189320e-07
4.434217108554277331e+01 2.876358297487524132e-07
4.438219109554777475e+01 2.865692135877287478e-07
4.442221110555277619e+01 2.855088833744321765e-07
4.446223111555777763e+01 2.844547874970032886e-07
4.450225112556277907e+01 2.834068748895637528e-07
4.454227113556778050e+01 2.823650950251498919e-07
4.458229114557278194e+01 2.813293979087547309e-07
4.462231115557779049e+01 2.802997340704761884e-07
4.466233116558279193e+01 2.792760545587695593e-07
4.470235117558779336e+01 2.782583109338013766e-07
4.474237118559279480e+01 2.772464552609050233e-07
4.478239119559779624e+01 2.762404401041348115e-07
4.482241120560279768e+01 2.752402185199164116e-07
4.486243121560779912e+01 2.742457440507937375e-07
4.490245122561280766e+01 2.732569707192694291e-07
4.494247123561780910e+01 2.722738530217366550e-07
4.498249124562281054e+01 2.712963459225025012e-07
4.502251125562781198e+01 2.703244048478993451e-07
4.506253126563281342e+01 2.693579856804845853e-07
4.510255127563781485e+01 2.683970447533262931e-07
4.514257128564282340e+01 2.674415388443727726e-07
4.518259129564782484e+01 2.664914251709059771e-07
4.522261130565282627e+01 2.655466613840749700e-07
4.526263131565782771e+01 2.646072055635128723e-07
4.530265132566282915e+01 2.636730162120288240e-07
4.534267133566783059e+01 2.627440522503803089e-07
4.538269134567283203e+01 2.618202730121213415e-07
4.542271135567784057e+01 2.609016382385240276e-07
4.546273136568284201e+01 2.599881080735766234e-07
4.550275137568784345e+01 2.590796430590509977e-07
4.554277138569284489e+01 2.581762041296442629e-07
4.558279139569784633e+01 2.572777526081882211e-07
4.562281140570284776e+01 2.563842502009299612e-07
4.566283141570784920e+01 2.554956589928773603e-07
4.570285142571285775e+01 2.546119414432152587e-07
4.574287143571785919e+01 2.537330603807830450e-07
4.578289144572286062e+01 2.528589789996197396e-07
4.582291145572786206e+01 2.519896608545710171e-07
4.586293146573286350e+01 2.511250698569593322e-07
4.590295147573786494e+01 2.502651702703155626e-07
4.594297148574287348e+01 2.494099267061694135e-07
4.598299149574787492e+01 2.485593041199023445e-07
4.602301150575287636e+01 2.477132678066556594e-07
4.606303151575787780e+01 2.468717833972980467e-07
4.610305152576287924e+01 2.460348168544489722e-07
4.614307153576788068e+01 2.452023344685582925e-07
4.618309154577288211e+01 2.443743028540400790e-07
4.622311155577789066e+01 2.435506889454598050e-07
4.626313156578289210e+01 2.427314599937766960e-07
4.630315157578789353e+01 2.419165835626350486e-07
4.634317158579289497e+01 2.411060275247099717e-07
4.638319159579789641e+01 2.402997600581008791e-07
4.642321160580289785e+01 2.394977496427774447e-07
4.646323161580789929e+01 2.386999650570719339e-07
4.650325162581290783e+01 2.379063753742214028e-07
4.654327163581790927e+01 2.371169499589568024e-07
4.658329164582291071e+01 2.363316584641377965e-07
4.662331165582791215e+01 2.355504708274351981e-07
4.666333166583291359e+01 2.347733572680568957e-07
4.670335167583791502e+01 2.340002882835194406e-07
4.674337168584292357e+01 2.332312346464626733e-07
4.678339169584792501e+01 2.324661674015082106e-07
4.682341170585292645e+01 2.317050578621592526e-07
4.686343171585792788e+01 2.309478776077427664e-07
4.690345172586292932e+01 2.301945984803935997e-07
4.694347173586793076e+01 2.294451925820769212e-07
4.698349174587293220e+01 2.286996322716529870e-07
4.702351175587794074e+01 2.279578901619790173e-07
4.706353176588294218e+01 2.272199391170516512e-07
4.710355177588794362e+01 2.264857522491854540e-07
4.714357178589294506e+01 2.257553029162302013e-07
4.718359179589794650e+01 2.250285647188250638e-07
4.722361180590294794e+01 2.243055114976880220e-07
4.726363181590794937e+01 2.235861173309422861e-07
4.730365182591295792e+01 2.228703565314771267e-07
4.734367183591795936e+01 2.221582036443438575e-07
4.738369184592296079e+01 2.214496334441856722e-07
4.742371185592796223e+01 2.207446209327009400e-07
4.746373186593296367e+01 2.200431413361404085e-07
4.750375187593796511e+01 2.193451701028361701e-07
4.754377188594297365e+01 2.186506829007633985e-07
4.758379189594797509e+01 2.179596556151334516e-07
4.762381190595297653e+01 2.172720643460178117e-07
4.766383191595797797e+01 2.165878854060040277e-07
4.770385192596297941e+01 2.159070953178800065e-07
4.774387193596798085e+01 2.152296708123498561e-07
4.778389194597298228e+01 2.145555888257782370e-07
4.782391195597799083e+01 2.138848264979635393e-07
4.786393196598299227e+01 2.132173611699404405e-07
4.790395197598799371e+01 2.125531703818093840e-07
4.794397198599299514e+01 2.118922318705944590e-07
4.798399199599799658e+01 2.112345235681284387e-07
4.802401200600299802e+01 2.105800235989647119e-07
4.806403201600799946e+01 2.099287102783153927e-07
4.810405202601300800e+01 2.092805621100159271e-07
4.814407203601800944e+01 2.086355577845154280e-07
4.818409204602301088e+01 2.079936761768914942e-07
4.822411205602801232e+01 2.073548963448913148e-07
4.826413206603301376e+01 2.067191975269959606e-07
4.830415207603801520e+01 2.060865591405105893e-07
4.834417208604301663e+01 2.054569607796766476e-07
4.838419209604802518e+01 2.048303822138092190e-07
4.842421210605302662e+01 2.042068033854570567e-07
4.846423211605802805e+01 2.035862044085845330e-07
4.850425212606302949e+01 2.029685655667780738e-07
4.854427213606803093e+01 2.023538673114727361e-07
4.858429214607303237e+01 2.017420902602027144e-07
4.862431215607804091e+01 2.011332151948713025e-07
4.866433216608304235e+01 2.005272230600445720e-07
4.870435217608804379e+01 1.999240949612636857e-07
4.874437218609304523e+01 1.993238121633792866e-07
4.878439219609804667e+01 1.987263560889061629e-07
4.882441220610304811e+01 1.981317083163975801e-07
4.886443221610804954e+01 1.975398505788398624e-07
4.890445222611305809e+01 1.969507647620661115e-07
4.894447223611805953e+01 1.963644329031896726e-07
4.898449224612306097e+01 1.957808371890564194e-07
4.902451225612806240e+01 1.951999599547150657e-07
4.906453226613306384e+01 1.946217836819075147e-07
4.910455227613806528e+01 1.940462909975759367e-07
4.914457228614306672e+01 1.934734646723884818e-07
4.918459229614807526e+01 1.929032876192825157e-07
4.922461230615307670e+01 1.923357428920260930e-07
4.926463231615807814e+01 1.917708136837950477e-07
4.930465232616307958e+01 1.912084833257685596e-07
4.934467233616808102e+01 1.906487352857408674e-07
4.938469234617308246e+01 1.900915531667492872e-07
4.942471235617809100e+01 1.895369207057194622e-07
4.946473236618309244e+01 1.889848217721254367e-07
4.950475237618809388e+01 1.884352403666663254e-07
4.954477238619309531e+01 1.878881606199586799e-07
4.958479239619809675e+01 1.873435667912438639e-07
4.962481240620309819e+01 1.868014432671110708e-07
4.966483241620809963e+01 1.862617745602350075e-07
4.970485242621310817e+01 1.857245453081284518e-07
4.974487243621810961e+01 1.851897402719100855e-07
4.978489244622311105e+01 1.846573443350849246e-07
4.982491245622811249e+01 1.841273425023415067e-07
4.986493246623311393e+01 1.835997198983609628e-07
4.990495247623811537e+01 1.830744617666408055e-07
4.994497248624311680e+01 1.825515534683326152e-07
4.998499249624812535e+01 1.820309804810926424e-07
5.002501250625312679e+01 1.815127283979459897e-07
5.006503251625812823e+01 1.809967829261636844e-07
5.010505252626312966e+01 1.804831298861531179e-07
5.014507253626813110e+01 1.799717552103606091e-07
5.018509254627313254e+01 1.794626449421871489e-07
5.022511255627814108e+01 1.789557852349163745e-07
5.026513256628314252e+01 1.784511623506546925e-07
5.030515257628814396e+01 1.779487626592835527e-07
5.034517258629314540e+01 1.774485726374235525e-07
5.038519259629814684e+01 1.769505788674106924e-07
5.042521260630314828e+01 1.764547680362839596e-07
5.046523261630814972e+01 1.759611269347843466e-07
5.050525262631315826e+01 1.754696424563655435e-07
5.054527263631815970e+01 1.749803015962151650e-07
5.058529264632316114e+01 1.744930914502879678e-07
5.062531265632816257e+01 1.740079992143486507e-07
5.066533266633316401e+01 1.735250121830270423e-07
5.070535267633816545e+01 1.730441177488821030e-07
5.074537268634316689e+01 1.725653034014780240e-07
5.078539269634817543e+01 1.720885567264696432e-07
5.082541270635317687e+01 1.716138654046982907e-07
5.086543271635817831e+01 1.711412172112980101e-07
5.090545272636317975e+01 1.706706000148109385e-07
5.094547273636818119e+01 1.702020017763138303e-07
5.098549274637318263e+01 1.697354105485529189e-07
5.102551275637819117e+01 1.692708144750889161e-07
5.106553276638319261e+01 1.688082017894519914e-07
5.110555277638819405e+01 1.683475608143046382e-07
5.114557278639319549e+01 1.678888799606155523e-07
5.118559279639819692e+01 1.674321477268408420e-07
5.122561280640319836e+01 1.669773526981156943e-07
5.126563281640819980e+01 1.665244835454538490e-07
5.130565282641320835e+01 1.660735290249562847e-07
5.134567283641820978e+01 1.656244779770288253e-07
5.138569284642321122e+01 1.651773193256072369e-07
5.142571285642821266e+01 1.647320420773919338e-07
5.146573286643321410e+01 1.642886353210903337e-07
5.150575287643821554e+01 1.638470882266675780e-07
5.154577288644321698e+01 1.634073900446052453e-07
5.158579289644822552e+01 1.629695301051683505e-07
5.162581290645322696e+01 1.625334978176800990e-07
5.166583291645822840e+01 1.620992826698041592e-07
5.170585292646322984e+01 1.616668742268351657e-07
5.174587293646823127e+01 1.612362621309963182e-07
5.178589294647323271e+01 1.608074361007450783e-07
5.182591295647823415e+01 1.603803859300858556e-07
5.186593296648324269e+01 1.599551014878898140e-07
5.190595297648824413e+01 1.595315727172230153e-07
5.194597298649324557e+01 1.591097896346800955e-07
5.198599299649824701e+01 1.586897423297263855e-07
5.202601300650324845e+01 1.582714209640464624e-07
5.206603301650824989e+01 1.578548157708995053e-07
5.210605302651325843e+01 1.574399170544815320e-07
5.214607303651825987e+01 1.570267151892948360e-07
5.218609304652326131e+01 1.566152006195230880e-07
5.222611305652826275e+01 1.562053638584136899e-07
5.226613306653326418e+01 1.557971954876672233e-07
5.230615307653826562e+01 1.553906861568311850e-07
5.234617308654326706e+01 1.549858265827029353e-07
5.238619309654827561e+01 1.545826075487361921e-07
5.242621310655327704e+01 1.541810199044559698e-07
5.246623311655827848e+01 1.537810545648776464e-07
5.250625312656327992e+01 1.533827025099333379e-07
5.254627313656828136e+01 1.529859547839042264e-07
5.258629314657328280e+01 1.525908024948577602e-07
5.262631315657828424e+01 1.521972368140920001e-07
5.266633316658329278e+01 1.518052489755844127e-07
5.270635317658829422e+01 1.514148302754475722e-07
5.274637318659329566e+01 1.510259720713892565e-07
5.278639319659829710e+01 1.506386657821791869e-07
5.282641320660329853e+01 1.502529028871206119e-07
5.286643321660829997e+01 1.498686749255272378e-07
5.290645322661330852e+01 1.494859734962060625e-07
5.294647323661830995e+01 1.491047902569450788e-07
5.298649324662331139e+01 1.487251169240057699e-07
5.302651325662831283e+01 1.483469452716222743e-07
5.306653326663331427e+01 1.479702671315033308e-07
5.310655327663831571e+01 1.475950743923419517e-07
5.314657328664331715e+01 1.472213589993276383e-07
5.318659329664832569e+01 1.468491129536651602e-07
5.322661330665332713e+01 1.464783283120975167e-07
5.326663331665832857e+01 1.461089971864335041e-07
5.330665332666333001e+01 1.457411117430808952e-07
5.334667333666833144e+01 1.453746642025832175e-07
5.338669334667333288e+01 1.450096468391622236e-07
5.342671335667833432e+01 1.446460519802640136e-07
5.346673336668334287e+01 1.442838720061103723e-07
5.350675337668834430e+01 1.439230993492544477e-07
5.354677338669334574e+01 1.435637264941404790e-07
5.358679339669834718e+01 1.432057459766684481e-07
5.362681340670334862e+01 1.428491503837625695e-07
5.366683341670835006e+01 1.424939323529445176e-07
5.370685342671335860e+01 1.421400845719104665e-07
5.374687343671836004e+01 1.417875997781129204e-07
5.378689344672336148e+01 1.414364707583456142e-07
5.382691345672836292e+01 1.410866903483336292e-07
5.386693346673336436e+01 1.407382514323270026e-07
5.390695347673836579e+01 1.403911469426983073e-07
5.394697348674336723e+01 1.400453698595444671e-07
5.398699349674837578e+01 1.397009132102919600e-07
5.402701350675337721e+01 1.393577700693066270e-07
5.406703351675837865e+01 1.390159335575067369e-07
5.410705352676338009e+01 1.386753968419796511e-07
5.414707353676838153e+01 1.383361531356030939e-07
5.418709354677338297e+01 1.379981956966692022e-07
5.422711355677838441e+01 1.376615178285128104e-07
5.426713356678339295e+01 1.373261128791426735e-07
5.430715357678839439e+01 1.369919742408773486e-07
5.434717358679339583e+01 1.366590953499836180e-07
5.438719359679839727e+01 1.363274696863185911e-07
5.442721360680339870e+01 1.359970907729756976e-07
5.446723361680840014e+01 1.356679521759335661e-07
5.450725362681340869e+01 1.353400475037086079e-07
5.454727363681841013e+01 1.350133704070111216e-07
5.458729364682341156e+01 1.346879145784038600e-07
5.462731365682841300e+01 1.343636737519646192e-07
5.466733366683341444e+01 1.340406417029521635e-07
5.470735367683841588e+01 1.337188122474745068e-07
5.474737368684341732e+01 1.333981792421611894e-07
5.478739369684842586e+01 1.330787365838382826e-07
5.482741370685342730e+01 1.327604782092067014e-07
5.486743371685842874e+01 1.324433980945228200e-07
5.490745372686343018e+01 1.321274902552834813e-07
5.494747373686843162e+01 1.318127487459126481e-07
5.498749374687343305e+01 1.314991676594517328e-07
5.502751375687843449e+01 1.311867411272528654e-07
5.506753376688344304e+01 1.308754633186744124e-07
5.510755377688844447e+01 1.305653284407803850e-07
5.514757378689344591e+01 1.302563307380417019e-07
5.518759379689844735e+01 1.299484644920406010e-07
5.522761380690344879e+01 1.296417240211779894e-07
5.526763381690845023e+01 1.293361036803837054e-07
5.530765382691345167e+01 1.290315978608284215e-07
5.534767383691846021e+01 1.287282009896397556e-07
5.538769384692346165e+01 1.284259075296198389e-07
5.542771385692846309e+01 1.281247119789658211e-07
5.546773386693346453e+01 1.278246088709935263e-07
5.550775387693846596e+01 1.275255927738626171e-07
5.554777388694346740e+01 1.272276582903054380e-07
5.558779389694847595e+01 1.269308000573574210e-07
5.562781390695347739e+01 1.266350127460906140e-07
5.566783391695847882e+01 1.263402910613492218e-07
5.570785392696348026e+01 1.260466297414879515e-07
5.574787393696848170e+01 1.257540235581125299e-07
5.578789394697348314e+01 1.254624673158225495e-07
5.582791395697848458e+01 1.251719558519569612e-07
5.586793396698349312e+01 1.248824840363414208e-07
5.590795397698849456e+01 1.245940467710386520e-07
5.594797398699349600e+01 1.243066389901003984e-07
5.598799399699849744e+01 1.240202556593218104e-07
5.602801400700349888e+01 1.237348917759981877e-07
5.606803401700850031e+01 1.234505423686841310e-07
5.610805402701350175e+01 1.231672024969544140e-07
5.614807403701851030e+01 1.228848672511672376e-07
5.618809404702351173e+01 1.226035317522297871e-07
5.622811405702851317e+01 1.223231911513655363e-07
5.626813406703351461e+01 1.220438406298840930e-07
5.630815407703851605e+01 1.217654753989526320e-07
5.634817408704351749e+01 1.214880906993698172e-07
5.638819409704852603e+01 1.212116818013414701e-07
5.642821410705352747e+01 1.209362440042585939e-07
5.646823411705852891e+01 1.206617726364765366e-07
5.650825412706353035e+01 1.203882630550975678e-07
5.654827413706853179e+01 1.201157106457536415e-07
5.658829414707353322e+01 1.198441108223927849e-07
5.662831415707853466e+01 1.195734590270662021e-07
5.666833416708354321e+01 1.193037507297177066e-07
5.670835417708854465e+01 1.190349814279752061e-07
5.674837418709354608e+01 1.187671466469434968e-07
5.678839419709854752e+01 1.185002419389994797e-07
5.682841420710354896e+01 1.182342628835888868e-07
5.686843421710855040e+01 1.179692050870246463e-07
5.690845422711355184e+01 1.177050641822874870e-07
5.694847423711856038e+01 1.174418358288277052e-07
5.698849424712356182e+01 1.171795157123695139e-07
5.702851425712856326e+01 1.169180995447160393e-07
5.706853426713356470e+01 1.166575830635567541e-07
5.710855427713856614e+01 1.163979620322764971e-07
5.714857428714356757e+01 1.161392322397662280e-07
5.718859429714857612e+01 1.158813895002347478e-07
5.722861430715357756e+01 1.156244296530233442e-07
5.726863431715857899e+01 1.153683485624208073e-07
5.730865432716358043e+01 1.151131421174804841e-07
5.734867433716858187e+01 1.148588062318393836e-07
5.738869434717358331e+01 1.146053368435381165e-07
5.742871435717858475e+01 1.143527299148430711e-07
5.746873436718359329e+01 1.141009814320692773e-07
5.750875437718859473e+01 1.138500874054058785e-07
5.754877438719359617e+01 1.136000438687421985e-07
5.758879439719859761e+01 1.133508468794956347e-07
5.762881440720359905e+01 1.131024925184412464e-07
5.766883441720860048e+01 1.128549768895424664e-07
5.770885442721360192e+01 1.126082961197834289e-07
5.774887443721861047e+01 1.123624463590025802e-07
5.778889444722361191e+01 1.121174237797281690e-07
5.782891445722861334e+01 1.118732245770145441e-07
5.786893446723361478e+01 1.116298449682800533e-07
5.790895447723861622e+01 1.113872811931466237e-07
5.794897448724361766e+01 1.111455295132802147e-07
5.798899449724862620e+01 1.109045862122331508e-07
5.802901450725362764e+01 1.106644475952873680e-07
5.806903451725862908e+01 1.104251099892989826e-07
5.810905452726363052e+01 1.101865697425446743e-07
5.814907453726863196e+01 1.099488232245687438e-07
5.818909454727363340e+01 1.097118668260318244e-07
5.822911455727863483e+01 1.094756969585609179e-07
5.826913456728364338e+01 1.092403100546002768e-07
5.830915457728864482e+01 1.090057025672641797e-07
5.834917458729364625e+01 1.087718709701902617e-07
5.838919459729864769e+01 1.085388117573945136e-07
5.842921460730364913e+01 1.083065214431274448e-07
5.846923461730865057e+01 1.080749965617313977e-07
5.850925462731365201e+01 1.078442336674987762e-07
5.854927463731866055e+01 1.076142293345320860e-07
5.858929464732366199e+01 1.073849801566045851e-07
5.862931465732866343e+01 1.071564827470222434e-07
5.866933466733366487e+01 1.069287337384869473e-07
5.870935467733866631e+01 1.067017297829607359e-07
5.874937468734366774e+01 1.064754675515313874e-07
5.878939469734866918e+01 1.062499437342785354e-07
5.882941470735367773e+01 1.060251550401417562e-07
5.886943471735867917e+01 1.058010981967889349e-07
5.890945472736368060e+01 1.055777699504862195e-07
5.894947473736868204e+01 1.053551670659688877e-07
5.898949474737368348e+01 1.051332863263131276e-07
5.902951475737868492e+01 1.049121245328092207e-07
5.906953476738369346e+01 1.046916785048353476e-07
5.910955477738869490e+01 1.044719450797328489e-07
5.914957478739369634e+01 1.042529211126822275e-07
5.918959479739869778e+01 1.040346034765800643e-07
5.922961480740369922e+01 1.038169890619173232e-07
5.926963481740870066e+01 1.036000747766583183e-07
5.930965482741370209e+01 1.033838575461208981e-07
5.934967483741871064e+01 1.031683343128571331e-07
5.938969484742371208e+01 1.029535020365358960e-07
5.942971485742871351e+01 1.027393576938253226e-07
5.946973486743371495e+01 1.025258982782768607e-07
5.950975487743871639e+01 1.023131208002103254e-07
5.954977488744371783e+01 1.021010222865992317e-07
5.958979489744871927e+01 1.018895997809579939e-07
5.962981490745372781e+01 1.016788503432290978e-07
5.966983491745872925e+01 1.014687710496720204e-07
5.970985492746373069e+01 1.012593589927522292e-07
5.974987493746873213e+01 1.010506112810317423e-07
5.978989494747373357e+01 1.008425250390602321e-07
5.982991495747873500e+01 1.006350974072670022e-07
5.986993496748374355e+01 1.004283255418540359e-07
5.990995497748874499e+01 1.002222066146896676e-07
5.994997498749374643e+01 1.000167378132031532e-07
5.998999499749874786e+01 9.981191634028023372e-08
6.003001500750374930e+01 9.960773941415917541e-08
6.007003501750875074e+01 9.940420426832830507e-08
6.011005502751375218e+01 9.920130815142336028e-08
6.015007503751876072e+01 9.899904832712675866e-08
6.019009504752376216e+01 9.879742207406682743e-08
6.023011505752876360e+01 9.859642668571813143e-08
6.027013506753376504e+01 9.839605947030270116e-08
6.031015507753876648e+01 9.819631775069173724e-08
6.035017508754376792e+01 9.799719886430859869e-08
6.039019509754876935e+01 9.779870016303172497e-08
6.043021510755377790e+01 9.760081901309939775e-08
6.047023511755877934e+01 9.740355279501435707e-08
6.051025512756378077e+01 9.720689890344929092e-08
6.055027513756878221e+01 9.701085474715374113e-08
6.059029514757378365e+01 9.681541774886086347e-08
6.063031515757878509e+01 9.662058534519549819e-08
6.067033516758379363e+01 9.642635498658263747e-08
6.071035517758879507e+01 9.623272413715685907e-08
6.075037518759379651e+01 9.603969027467230264e-08
6.079039519759879795e+01 9.584725089041324155e-08
6.083041520760379939e+01 9.565540348910566058e-08
6.087043521760880083e+01 9.546414558882924394e-08
6.091045522761380226e+01 9.527347472093023671e-08
6.095047523761881081e+01 9.508338842993472988e-08
6.099049524762381225e+01 9.489388427346296442e-08
6.103051525762881369e+01 9.470495982214401916e-08
6.107053526763381512e+01 9.451661265953108109e-08
6.111055527763881656e+01 9.432884038201789343e-08
6.115057528764381800e+01 9.414164059875507145e-08
6.119059529764881944e+01 9.395501093156778147e-08
6.123061530765382798e+01 9.376894901487351248e-08
6.127063531765882942e+01 9.358345249560091977e-08
6.131065532766383086e+01 9.339851903310893332e-08
6.135067533766883230e+01 9.321414629910652788e-08
6.139069534767383374e+01 9.303033197757349894e-08
6.143071535767883518e+01 9.284707376468117245e-08
6.147073536768384372e+01 9.266436936871439846e-08
6.151075537768884516e+01 9.248221650999375636e-08
6.155077538769384660e+01 9.230061292079819701e-08
6.159079539769884803e+01 9.211955634528878327e-08
6.163081540770384947e+01 9.193904453943257616e-08
6.167083541770885091e+01 9.175907527092730186e-08
6.171085542771385235e+01 9.157964631912644225e-08
6.175087543771886089e+01 9.140075547496505333e-08
6.179089544772386233e+01 9.122240054088611308e-08
6.183091545772886377e+01 9.104457933076716045e-08
6.187093546773386521e+01 9.086728966984797993e-08
6.191095547773886665e+01 9.069052939465827288e-08
6.195097548774386809e+01 9.051429635294646704e-08
6.199099549774886952e+01 9.033858840360840698e-08
6.203101550775387807e+01 9.016340341661715620e-08
6.207103551775887951e+01 8.998873927295302430e-08
6.211105552776388095e+01 8.981459386453401761e-08
6.215107553776888238e+01 8.964096509414726927e-08
6.219109554777388382e+01 8.946785087538029714e-08
6.223111555777888526e+01 8.929524913255353240e-08
6.227113556778388670e+01 8.912315780065264954e-08
6.231115557778889524e+01 8.895157482526184924e-08
6.235117558779389668e+01 8.878049816249772368e-08
6.239119559779889812e+01 8.860992577894288355e-08
6.243121560780389956e+01 8.843985565158105413e-08
6.247123561780890100e+01 8.827028576773190672e-08
6.251125562781390244e+01 8.810121412498686941e-08
6.255127563781891098e+01 8.793263873114484523e-08
6.259129564782391242e+01 8.776455760414914787e-08
6.263131565782891386e+01 8.759696877202430514e-08
6.267133566783391529e+01 8.742987027281332552e-08
6.271135567783891673e+01 8.726326015451605011e-08
6.275137568784391817e+01 8.709713647502709419e-08
6.279139569784891961e+01 8.693149730207508585e-08
6.283141570785392815e+01 8.676634071316144139e-08
6.287143571785892959e+01 8.660166479550059658e-08
6.291145572786393103e+01 8.643746764595988052e-08
6.295147573786893247e+01 8.627374737100010423e-08
6.299149574787393391e+01 8.611050208661665217e-08
6.303151575787893535e+01 8.594772991828093109e-08
6.307153576788393678e+01 8.578542900088228207e-08
6.311155577788894533e+01 8.562359747867013083e-08
6.315157578789394677e+01 8.546223350519693215e-08
6.319159579789894821e+01 8.530133524326120685e-08
6.323161580790394964e+01 8.514090086485083033e-08
6.327163581790895108e+01 8.498092855108753866e-08
6.331165582791395252e+01 8.482141649217068031e-08
6.335167583791896107e+01 8.466236288732245015e-08
6.339169584792396250e+01 8.450376594473284558e-08
6.343171585792896394e+01 8.434562388150504610e-08
6.347173586793396538e+01 8.418793492360170615e-08
6.351175587793896682e+01 8.403069730579103619e-08
6.355177588794396826e+01 8.387390927159357192e-08
6.359179589794896970e+01 8.371756907322926123e-08
6.363181590795397824e+01 8.356167497156496140e-08
6.367183591795897968e+01 8.340622523606243918e-08
6.371185592796398112e+01 8.325121814472614593e-08
6.375187593796898256e+01 8.309665198405228979e-08
6.379189594797398399e+01 8.294252504897745780e-08
6.383191595797898543e+01 8.278883564282820423e-08
6.387193596798398687e+01 8.263558207727038741e-08
6.391195597798899541e+01 8.248276267225955214e-08
6.395197598799399685e+01 8.233037575599112678e-08
6.399199599799899829e+01 8.217841966485114976e-08
6.403201600800400684e+01 8.202689274336744611e-08
6.407203601800900117e+01 8.187579334416104212e-08
6.411205602801400971e+01 8.172511982789777860e-08
6.415207603801900405e+01 8.157487056324071827e-08
6.419209604802401259e+01 8.142504392680227508e-08
6.423211605802900692e+01 8.127563830309736276e-08
6.427213606803401547e+01 8.112665208449604035e-08
6.431215607803902401e+01 8.097808367117750776e-08
6.435217608804401834e+01 8.082993147108341304e-08
6.439219609804902689e+01 8.068219389987212586e-08
6.443221610805402122e+01 8.053486938087332859e-08
6.447223611805902976e+01 8.038795634504235593e-08
6.451225612806402410e+01 8.024145323091563307e-08
6.455227613806903264e+01 8.009535848456574317e-08
6.459229614807404118e+01 7.994967055955736848e-08
6.463231615807903552e+01 7.980438791690311225e-08
6.467233616808404406e+01 7.965950902501966476e-08
6.471235617808903839e+01 7.951503235968476349e-08
6.475237618809404694e+01 7.937095640399362384e-08
6.479239619809904127e+01 7.922727964831664042e-08
6.483241620810404982e+01 7.908400059025633399e-08
6.487243621810905836e+01 7.894111773460559531e-08
6.491245622811405269e+01 7.879862959330553211e-08
6.495247623811906124e+01 7.865653468540373940e-08
6.499249624812405557e+01 7.851483153701321842e-08
6.503251625812906411e+01 7.837351868127099111e-08
6.507253626813405845e+01 7.823259465829774698e-08
6.511255627813906699e+01 7.809205801515672223e-08
6.515257628814407553e+01 7.795190730581411426e-08
6.519259629814906987e+01 7.781214109109876819e-08
6.523261630815407841e+01 7.767275793866237949e-08
6.527263631815907274e+01 7.753375642294053055e-08
6.531265632816408129e+01 7.739513512511310503e-08
6.535267633816907562e+01 7.725689263306574797e-08
6.539269634817408416e+01 7.711902754135087568e-08
6.543271635817909271e+01 7.698153845114985054e-08
6.547273636818408704e+01 7.684442397023450710e-08
6.551275637818909559e+01 7.670768271292937973e-08
6.555277638819408992e+01 7.657131330007419496e-08
6.559279639819909846e+01 7.643531435898654905e-08
6.563281640820410701e+01 7.629968452342490327e-08
6.567283641820910134e+01 7.616442243355179090e-08
6.571285642821410988e+01 7.602952673589690513e-08
6.575287643821910422e+01 7.589499608332136481e-08
6.579289644822411276e+01 7.576082913498106712e-08
6.583291645822910709e+01 7.562702455629139004e-08
6.587293646823411564e+01 7.549358101889108764e-08
6.591295647823912418e+01 7.536049720060736316e-08
6.595297648824411851e+01 7.522777178542063772e-08
6.599299649824912706e+01 7.509540346342939851e-08
6.603301650825412139e+01 7.496339093081605274e-08
6.607303651825912993e+01 7.483173288981205370e-08
6.611305652826412427e+01 7.470042804866408562e-08
6.615307653826913281e+01 7.456947512159971914e-08
6.619309654827414136e+01 7.443887282879415203e-08
6.623311655827913569e+01 7.430861989633643376e-08
6.627313656828414423e+01 7.417871505619595472e-08
6.631315657828913857e+01 7.404915704619007373e-08
6.635317658829414711e+01 7.391994460995050140e-08
6.639319659829914144e+01 7.379107649689133784e-08
6.643321660830414999e+01 7.366255146217610461e-08
6.647323661830915853e+01 7.353436826668602064e-08
6.651325662831415286e+01 7.340652567698784147e-08
6.655327663831916141e+01 7.327902246530193669e-08
6.659329664832415574e+01 7.315185740947101590e-08
6.663331665832916428e+01 7.302502929292858995e-08
6.667333666833415862e+01 7.289853690466798809e-08
6.671335667833916716e+01 7.277237903921118979e-08
6.675337668834417570e+01 7.264655449657835802e-08
6.679339669834917004e+01 7.252106208225713431e-08
6.683341670835417858e+01 7.239590060717235733e-08
6.687343671835917291e+01 7.227106888765596673e-08
6.691345672836418146e+01 7.214656574541697321e-08
6.695347673836917579e+01 7.202239000751190497e-08
6.699349674837418434e+01 7.189854050631501600e-08
6.703351675837919288e+01 7.177501607948907666e-08
6.707353676838418721e+01 7.165181556995640254e-08
6.711355677838919576e+01 7.152893782586938031e-08
6.715357678839419009e+01 7.140638170058230392e-08
6.719359679839919863e+01 7.128414605262219165e-08
6.723361680840420718e+01 7.116222974566080755e-08
6.727363681840920151e+01 7.104063164848631229e-08
6.731365682841421005e+01 7.091935063497508613e-08
6.735367683841920439e+01 7.079838558406410766e-08
6.739369684842421293e+01 7.067773537972305465e-08
6.743371685842920726e+01 7.055739891092689463e-08
6.747373686843421581e+01 7.043737507162863422e-08
6.751375687843922435e+01 7.031766276073209499e-08
6.755377688844421868e+01 7.019826088206494070e-08
6.759379689844922723e+01 7.007916834435181055e-08
6.763381690845422156e+01 6.996038406118788905e-08
6.767383691845923011e+01 6.984190695101225096e-08
6.771385692846422444e+01 6.972373593708177534e-08
6.775387693846923298e+01 6.960586994744467576e-08
6.779389694847424153e+01 6.948830791491508931e-08
6.783391695847923586e+01 6.937104877704684504e-08
6.787393696848424440e+01 6.925409147610793389e-08
6.791395697848923874e+01 6.913743495905525648e-08
6.795397698849424728e+01 6.902107817750900040e-08
6.799399699849924161e+01 6.890502008772801003e-08
6.803401700850425016e+01 6.878925965058405797e-08
6.807403701850925870e+01 6.867379583153786340e-08
6.811405702851425303e+01 6.855862760061391931e-08
6.815407703851926158e+01 6.844375393237603440e-08
6.819409704852425591e+01 6.832917380590320596e-08
6.823411705852926445e+01 6.821488620476518815e-08
6.827413706853425879e+01 6.810089011699872224e-08
6.831415707853926733e+01 6.798718453508331670e-08
6.835417708854427588e+01 6.787376845591780823e-08
6.839419709854927021e+01 6.776064088079676394e-08
6.843421710855427875e+01 6.764780081538671151e-08
6.847423711855927309e+01 6.753524726970332222e-08
6.851425712856428163e+01 6.742297925808782640e-08
6.855427713856927596e+01 6.731099579918443466e-08
6.859429714857428451e+01 6.719929591591713719e-08
6.863431715857929305e+01 6.708787863546721763e-08
6.867433716858428738e+01 6.697674298925060821e-08
6.871435717858929593e+01 6.686588801289537719e-08
6.875437718859429026e+01 6.675531274621966629e-08
6.879439719859929880e+01 6.664501623320927078e-08
6.883441720860429314e+01 6.653499752199598724e-08
6.887443721860930168e+01 6.642525566483525978e-08
6.891445722861431022e+01 6.631578971808492486e-08
6.895447723861930456e+01 6.620659874218337366e-08
6.899449724862431310e+01 6.609768180162805869e-08
6.903451725862930743e+01 6.598903796495427819e-08
6.907453726863431598e+01 6.588066630471390771e-08
6.911455727863932452e+01 6.577256589745431693e-08
6.915457728864431886e+01 6.566473582369761731e-08
6.919459729864932740e+01 6.555717516791948632e-08
6.923461730865432173e+01 6.544988301852891804e-08
6.927463731865933028e+01 6.534285846784724583e-08
6.931465732866432461e+01 6.523610061208825032e-08
6.935467733866933315e+01 6.512960855133716889e-08
6.939469734867434170e+01 6.502338138953122711e-08
6.943471735867933603e+01 6.491741823443909821e-08
6.947473736868434457e+01 6.481171819764111691e-08
6.951475737868933891e+01 6.470628039450963888e-08
6.955477738869434745e+01 6.460110394418918833e-08
6.959479739869934178e+01 6.449618796957681753e-08
6.963481740870435033e+01 6.439153159730288966e-08
6.967483741870935887e+01 6.428713395771158388e-08
6.971485742871435320e+01 6.418299418484190324e-08
6.975487743871936175e+01 6.407911141640813996e-08
6.979489744872435608e+01 6.397548479378161133e-08
6.983491745872936463e+01 6.387211346197096616e-08
6.987493746873435896e+01 6.376899656960418534e-08
6.991495747873936750e+01 6.366613326890952360e-08
6.995497748874437605e+01 6.356352271569711300e-08
6.999499749874937038e+01 6.346116406934060617e-08
7.003501750875437892e+01 6.335905649275879300e-08
7.007503751875937326e+01 6.325719915239756153e-08
7.011505752876438180e+01 6.315559121821166026e-08
7.015507753876937613e+01 6.305423186364684425e-08
7.019509754877438468e+01 6.295312026562198160e-08
7.023511755877939322e+01 6.285225560451138484e-08
7.027513756878438755e+01 6.275163706412718207e-08
7.031515757878939610e+01 6.265126383170148955e-08
7.035517758879439043e+01 6.255113509786947106e-08
7.039519759879939897e+01 6.245125005665165608e-08
7.043521760880439331e+01 6.235160790543682705e-08
7.047523761880940185e+01 6.225220784496495965e-08
7.051525762881441040e+01 6.215304907931017622e-08
7.055527763881940473e+01 6.205413081586385805e-08
7.059529764882441327e+01 6.195545226531767828e-08
7.063531765882940761e+01 6.185701264164726998e-08
7.067533766883441615e+01 6.175881116209517969e-08
7.071535767883942469e+01 6.166084704715457522e-08
7.075537768884441903e+01 6.156311952055299322e-08
7.079539769884942757e+01 6.146562780923567644e-08
7.083541770885442190e+01 6.136837114334966544e-08
7.087543771885943045e+01 6.127134875622750636e-08
7.091545772886442478e+01 6.117455988437128974e-08
7.095547773886943332e+01 6.107800376743672885e-08
7.099549774887444187e+01 6.098167964821727789e-08
7.103551775887943620e+01 6.088558677262852805e-08
7.107553776888444474e+01 6.078972438969233882e-08
7.111555777888943908e+01 6.069409175152151207e-08
7.115557778889444762e+01 6.059868811330416158e-08
7.119559779889944195e+01 6.050351273328851942e-08
7.123561780890445050e+01 6.040856487276742464e-08
7.127563781890945904e+01 6.031384379606327521e-08
7.131565782891445338e+01 6.021934877051309909e-08
7.135567783891946192e+01 6.012507906645309581e-08
7.139569784892445625e+01 6.003103395720418404e-08
7.143571785892946480e+01 5.993721271905680791e-08
7.147573786893445913e+01 5.984361463125647127e-08
7.151575787893946767e+01 5.975023897598886167e-08
7.155577788894447622e+01 5.965708503836535818e-08
7.159579789894947055e+01 5.956415210640866489e-08
7.163581790895447909e+01 5.947143947103811358e-08
7.167583791895947343e+01 5.937894642605564135e-08
7.171585792896448197e+01 5.928667226813129843e-08
7.175587793896947630e+01 5.919461629678940444e-08
7.179589794897448485e+01 5.910277781439405626e-08
7.183591795897949339e+01 5.901115612613555556e-08
7.187593796898448772e+01 5.891975054001630050e-08
7.191595797898949627e+01 5.882856036683680961e-08
7.195597798899449060e+01 5.873758492018235459e-08
7.199599799899949915e+01 5.864682351640889164e-08
7.203601800900449348e+01 5.855627547462980004e-08
7.207603801900950202e+01 5.846594011670206497e-08
7.211605802901451057e+01 5.837581676721312866e-08
7.215607803901950490e+01 5.828590475346738414e-08
7.219609804902451344e+01 5.819620340547287420e-08
7.223611805902950778e+01 5.810671205592823518e-08
7.227613806903451632e+01 5.801743004020931648e-08
7.231615807903951065e+01 5.792835669635648168e-08
7.235617808904451920e+01 5.783949136506123471e-08
7.239619809904952774e+01 5.775083338965371947e-08
7.243621810905452207e+01 5.766238211608961068e-08
7.247623811905953062e+01 5.757413689293741501e-08
7.251625812906452495e+01 5.748609707136585822e-08
7.255627813906953349e+01 5.739826200513127232e-08
7.259629814907454204e+01 5.731063105056498271e-08
7.263631815907953637e+01 5.722320356656100635e-08
7.267633816908454492e+01 5.713597891456334628e-08
7.271635817908953925e+01 5.704895645855408021e-08
7.275637818909454779e+01 5.696213556504077413e-08
7.279639819909954213e+01 5.687551560304451797e-08
7.283641820910455067e+01 5.678909594408760396e-08
7.287643821910955921e+01 5.670287596218168134e-08
7.291645822911455355e+01 5.661685503381576559e-08
7.295647823911956209e+01 5.653103253794411527e-08
7.299649824912455642e+01 5.644540785597467792e-08
7.303651825912956497e+01 5.635998037175707286e-08
7.307653826913455930e+01 5.627474947157116278e-08
7.311655827913956784e+01 5.618971454411501664e-08
7.315657828914457639e+01 5.610487498049378578e-08
7.319659829914957072e+01 5.602023017420785200e-08
7.323661830915457926e+01 5.593577952114154491e-08
7.327663831915957360e+01 5.585152241955172013e-08
7.331665832916458214e+01 5.576745827005643028e-08
7.335667833916957647e+01 5.568358647562377456e-08
7.339669834917458502e+01 5.559990644156052340e-08
7.343671835917959356e+01 5.551641757550114006e-08
7.347673836918458790e+01 5.543311928739676925e-08
7.351675837918959644e+01 5.535001098950393451e-08
7.355677838919459077e+01 5.526709209637401647e-08
7.359679839919959932e+01 5.518436202484202309e-08
7.363681840920459365e+01 5.510182019401605462e-08
7.367683841920960219e+01 5.501946602526619295e-08
7.371685842921461074e+01 5.493729894221423134e-08
7.375687843921960507e+01 5.485531837072275560e-08
7.379689844922461361e+01 5.477352373888456287e-08
7.383691845922960795e+01 5.469191447701233829e-08
7.387693846923461649e+01 5.461049001762789516e-08
7.391695847923961082e+01 5.452924979545214941e-08
7.395697848924461937e+01 5.444819324739438617e-08
7.399699849924962791e+01 5.436731981254232034e-08
7.403701850925462224e+01 5.428662893215159471e-08
7.407703851925963079e+01 5.420612004963574789e-08
7.411705852926462512e+01 5.412579261055610953e-08
7.415707853926963367e+01 5.404564606261156969e-08
7.419709854927464221e+01 5.396567985562884461e-08
7.423711855927963654e+01 5.388589344155229245e-08
7.427713856928464509e+01 5.380628627443409964e-08
7.431715857928963942e+01 5.372685781042453336e-08
7.435717858929464796e+01 5.364760750776191610e-08
7.439719859929964230e+01 5.356853482676316937e-08
7.443721860930465084e+01 5.348963922981391399e-08
7.447723861930965938e+01 5.341092018135902035e-08
7.451725862931465372e+01 5.333237714789289404e-08
7.455727863931966226e+01 5.325400959794997978e-08
7.459729864932465659e+01 5.317581700209543087e-08
7.463731865932966514e+01 5.309779883291545428e-08
7.467733866933465947e+01 5.301995456500815215e-08
7.471735867933966802e+01 5.294228367497409854e-08
7.475737868934467656e+01 5.286478564140707498e-08
7.479739869934967089e+01 5.278745994488499138e-08
7.483741870935467944e+01 5.271030606796050245e-08
7.487743871935967377e+01 5.263332349515206095e-08
7.491745872936468231e+01 5.255651171293479222e-08
7.495747873936967665e+01 5.247987020973150106e-08
7.499749874937468519e+01 5.240339847590368524e-08
7.503751875937969373e+01 5.232709600374262845e-08
7.507753876938468807e+01 5.225096228746055276e-08
7.511755877938969661e+01 5.217499682318170488e-08
7.515757878939469094e+01 5.209919910893378004e-08
7.519759879939969949e+01 5.202356864463895525e-08
7.523761880940469382e+01 5.194810493210541245e-08
7.527763881940970236e+01 5.187280747501852399e-08
7.531765882941471091e+01 5.179767577893246838e-08
7.535767883941970524e+01 5.172270935126158790e-08
7.539769884942471379e+01 5.164790770127177929e-08
7.543771885942970812e+01 5.157327034007231457e-08
7.547773886943471666e+01 5.149879678060718549e-08
7.551775887943971100e+01 5.142448653764693752e-08
7.555777888944471954e+01 5.135033912778015989e-08
7.559779889944972808e+01 5.127635406940544531e-08
7.563781890945472242e+01 5.120253088272305209e-08
7.567783891945973096e+01 5.112886908972662564e-08
7.571785892946472529e+01 5.105536821419526418e-08
7.575787893946973384e+01 5.098202778168527340e-08
7.579789894947472817e+01 5.090884731952225862e-08
7.583791895947973671e+01 5.083582635679289268e-08
7.587793896948474526e+01 5.076296442433723311e-08
7.591795897948973959e+01 5.069026105474062895e-08
7.595797898949474813e+01 5.061771578232582617e-08
7.599799899949974247e+01 5.054532814314527158e-08
7.603801900950475101e+01 5.047309767497313219e-08
7.607803901950975956e+01 5.040102391729774469e-08
7.611805902951475389e+01 5.032910641131377380e-08
7.615807903951976243e+01 5.025734469991452280e-08
7.619809904952475677e+01 5.018573832768440283e-08
7.623811905952976531e+01 5.011428684089124350e-08
7.627813906953475964e+01 5.004298978747886142e-08
7.631815907953976819e+01 4.997184671705937078e-08
7.635817908954477673e+01 4.990085718090596370e-08
7.639819909954977106e+01 4.983002073194525386e-08
7.643821910955477961e+01 4.975933692474993109e-08
7.647823911955977394e+01 4.968880531553154842e-08
7.651825912956478248e+01 4.961842546213301786e-08
7.655827913956977682e+01 4.954819692402150989e-08
7.659829914957478536e+01 4.947811926228101543e-08
7.663831915957979390e+01 4.940819203960534464e-08
7.667833916958478824e+01 4.933841482029094692e-08
7.671835917958979678e+01 4.926878717022952589e-08
7.675837918959479111e+01 4.919930865690136239e-08
7.679839919959979966e+01 4.912997884936790290e-08
7.683841920960479399e+01 4.906079731826498995e-08
7.687843921960980254e+01 4.899176363579568876e-08
7.691845922961481108e+01 4.892287737572359041e-08
7.695847923961980541e+01 4.885413811336568486e-08
7.699849924962481396e+01 4.878554542558553833e-08
7.703851925962980829e+01 4.871709889078661634e-08
7.707853926963481683e+01 4.864879808890527582e-08
7.711855927963981117e+01 4.858064260140418072e-08
7.715857928964481971e+01 4.851263201126538685e-08
7.719859929964982825e+01 4.844476590298388318e-08
7.723861930965482259e+01 4.837704386256076929e-08
7.727863931965983113e+01 4.830946547749663795e-08
7.731865932966482546e+01 4.824203033678510320e-08
7.735867933966983401e+01 4.817473803090610353e-08
7.739869934967482834e+01 4.810758815181952930e-08
7.743871935967983688e+01 4.804058029295855231e-08
7.747873936968484543e+01 4.797371404922339881e-08
7.751875937968983976e+01 4.790698901697478502e-08
7.755877938969484831e+01 4.784040479402749813e-08
7.759879939969984264e+01 4.777396097964416276e-08
7.763881940970485118e+01 4.770765717452886168e-08
7.767883941970985973e+01 4.764149298082080294e-08
7.771885942971485406e+01 4.757546800208821197e-08
7.775887943971986260e+01 4.750958184332191926e-08
7.779889944972485694e+01 4.744383411092930541e-08
7.783891945972986548e+01 4.737822441272804765e-08
7.787893946973485981e+01 4.731275235794013104e-08
7.791895947973986836e+01 4.724741755718554865e-08
7.795897948974487690e+01 4.718221962247640547e-08
7.799899949974987123e+01 4.711715816721090309e-08
7.803901950975487978e+01 4.705223280616707962e-08
7.807903951975987411e+01 4.698744315549723121e-08
7.811905952976488265e+01 4.692278883272154602e-08
7.815907953976987699e+01 4.685826945672257209e-08
7.819909954977488553e+01 4.679388464773904982e-08
7.823911955977989408e+01 4.672963402736025411e-08
7.827913956978488841e+01 4.666551721852007833e-08
7.831915957978989695e+01 4.660153384549118453e-08
7.835917958979489129e+01 4.653768353387941827e-08
7.839919959979989983e+01 4.647396591061789267e-08
7.843921960980489416e+01 4.641038060396140325e-08
7.847923961980990271e+01 4.634692724348063771e-08
7.851925962981491125e+01 4.628360546005669664e-08
7.855927963981990558e+01 4.622041488587533636e-08
7.859929964982491413e+01 4.615735515442133749e-08
7.863931965982990846e+01 4.609442590047314479e-08
7.867933966983491700e+01 4.603162676009714309e-08
7.871935967983991134e+01 4.596895737064223762e-08
7.875937968984491988e+01 4.590641737073432839e-08
7.879939969984992842e+01 4.584400640027091702e-08
7.883941970985492276e+01 4.578172410041569366e-08
7.887943971985993130e+01 4.571957011359293862e-08
7.891945972986492563e+01 4.565754408348252620e-08
7.895947973986993418e+01 4.559564565501420724e-08
7.899949974987492851e+01 4.553387447436254011e-08
7.903951975987993706e+01 4.547223018894145786e-08
7.907953976988494560e+01 4.541071244739911315e-08
7.911955977988993993e+01 4.534932089961259759e-08
7.915957978989494848e+01 4.528805519668267422e-08
7.919959979989994281e+01 4.522691499092868871e-08
7.923961980990495135e+01 4.516589993588335481e-08
7.927963981990994569e+01 4.510500968628764568e-08
7.931965982991495423e+01 4.504424389808564552e-08
7.935967983991996277e+01 4.498360222841955341e-08
7.939969984992495711e+01 4.492308433562452168e-08
7.943971985992996565e+01 4.486268987922368622e-08
7.947973986993495998e+01 4.480241851992321001e-08
7.951975987993996853e+01 4.474226991960710169e-08
7.955977988994497707e+01 4.468224374133255020e-08
7.959979989994997140e+01 4.462233964932478310e-08
7.963981990995497995e+01 4.456255730897215636e-08
7.967983991995997428e+01 4.450289638682144940e-08
7.971985992996498283e+01 4.444335655057276963e-08
7.975987993996997716e+01 4.438393746907490040e-08
7.979989994997498570e+01 4.432463881232043720e-08
7.983991995997999425e+01 4.426546025144093039e-08
7.987993996998498858e+01 4.420640145870224644e-08
7.991995997998999712e+01 4.414746210749970408e-08
7.995997998999499146e+01 4.408864187235344209e-08
8.000000000000000000e+01 4.402994042890363487e-08
