0.000000000000000000e+00 9.909927611709374081e-07
4.002001000500250011e-02 9.967924565782440710e-07
8.004002001000500022e-02 1.002644190806238083e-06
1.200600300150075073e-01 1.008548596751173650e-06
1.600800400200100004e-01 1.014506317054873895e-06
2.001000500250124936e-01 1.020518004286673107e-06
2.401200600300150145e-01 1.026584321129363771e-06
2.801400700350175077e-01 1.032705940569231370e-06
3.201600800400200009e-01 1.038883546090301912e-06
3.601800900450224940e-01 1.045117831872887937e-06
4.002001000500249872e-01 1.051409502996565347e-06
4.402201100550274804e-01 1.057759275647669166e-06
4.802401200600300291e-01 1.064167877331452417e-06
5.202601300650324667e-01 1.070636047089002163e-06
5.602801400700350154e-01 1.077164535719054559e-06
6.003001500750374531e-01 1.083754106004827524e-06
6.403201600800400017e-01 1.090405532946002103e-06
6.803401700850425504e-01 1.097119603995990159e-06
7.203601800900449881e-01 1.103897119304626251e-06
7.603801900950475368e-01 1.110738891966422618e-06
8.004002001000499744e-01 1.117645748274539935e-06
8.404202101050525231e-01 1.124618527980621026e-06
8.804402201100549608e-01 1.131658084560644856e-06
9.204602301150575094e-01 1.138765285486964292e-06
9.604802401200600581e-01 1.145941012506687083e-06
1.000500250125062607e+00 1.153186161926573486e-06
1.040520260130064933e+00 1.160501644904629259e-06
1.080540270135067482e+00 1.167888387748572126e-06
1.120560280140070031e+00 1.175347332221355500e-06
1.160580290145072579e+00 1.182879435853946831e-06
1.200600300150074906e+00 1.190485672265559637e-06
1.240620310155077455e+00 1.198167031491532549e-06
1.280640320160080003e+00 1.205924520319085755e-06
1.320660330165082552e+00 1.213759162631149887e-06
1.360680340170085101e+00 1.221671999758509592e-06
1.400700350175087427e+00 1.229664090840481598e-06
1.440720360180089976e+00 1.237736513194372483e-06
1.480740370185092525e+00 1.245890362693958620e-06
1.520760380190095074e+00 1.254126754157239860e-06
1.560780390195097400e+00 1.262446821743739279e-06
1.600800400200099949e+00 1.270851719361600976e-06
1.640820410205102498e+00 1.279342621084787255e-06
1.680840420210105046e+00 1.287920721580640956e-06
1.720860430215107595e+00 1.296587236548130767e-06
1.760880440220109922e+00 1.305343403167066473e-06
1.800900450225112470e+00 1.314190480558618055e-06
1.840920460230115019e+00 1.323129750257453133e-06
1.880940470235117568e+00 1.332162516695842761e-06
1.920960480240120116e+00 1.341290107700069958e-06
1.960980490245122443e+00 1.350513874999514718e-06
2.001000500250125214e+00 1.359835194748782911e-06
2.041020510255127540e+00 1.369255468063260435e-06
2.081040520260129867e+00 1.378776121568497730e-06
2.121060530265132638e+00 1.388398607963831426e-06
2.161080540270134964e+00 1.398124406600662850e-06
2.201100550275137291e+00 1.407955024075851607e-06
2.241120560280140062e+00 1.417891994840652016e-06
2.281140570285142388e+00 1.427936881825685787e-06
2.321160580290145159e+00 1.438091277082419332e-06
2.361180590295147486e+00 1.448356802441659681e-06
2.401200600300149812e+00 1.458735110189592438e-06
2.441220610305152583e+00 1.469227883761875515e-06
2.481240620310154910e+00 1.479836838456373742e-06
2.521260630315157680e+00 1.490563722165101627e-06
2.561280640320160007e+00 1.501410316125954094e-06
2.601300650325162334e+00 1.512378435694870818e-06
2.641320660330165104e+00 1.523469931139045524e-06
2.681340670335167431e+00 1.534686688451863374e-06
2.721360680340170202e+00 1.546030630190235808e-06
2.761380690345172528e+00 1.557503716335053038e-06
2.801400700350174855e+00 1.569107945175484537e-06
2.841420710355177626e+00 1.580845354217889861e-06
2.881440720360179952e+00 1.592718021120126694e-06
2.921460730365182723e+00 1.604728064652081765e-06
2.961480740370185050e+00 1.616877645683260653e-06
3.001500750375187376e+00 1.629168968198322903e-06
3.041520760380190147e+00 1.641604280341473865e-06
3.081540770385192474e+00 1.654185875490657053e-06
3.121560780390194800e+00 1.666916093362517094e-06
3.161580790395197571e+00 1.679797321149166648e-06
3.201600800400199898e+00 1.692831994687802961e-06
3.241620810405202668e+00 1.706022599664255709e-06
3.281640820410204995e+00 1.719371672851630166e-06
3.321660830415207322e+00 1.732881803385192169e-06
3.361680840420210092e+00 1.746555634074742540e-06
3.401700850425212419e+00 1.760395862755733316e-06
3.441720860430215190e+00 1.774405243680453086e-06
3.481740870435217516e+00 1.788586588950655531e-06
3.521760880440219843e+00 1.802942769993034278e-06
3.561780890445222614e+00 1.817476719079046070e-06
3.601800900450224940e+00 1.832191430890601618e-06
3.641820910455227711e+00 1.847089964133218040e-06
3.681840920460230038e+00 1.862175443198307462e-06
3.721860930465232364e+00 1.877451059876309208e-06
3.761880940470235135e+00 1.892920075122466769e-06
3.801900950475237462e+00 1.908585820877108596e-06
3.841920960480240232e+00 1.924451701942380885e-06
3.881940970485242559e+00 1.940521197917442153e-06
3.921960980490244886e+00 1.956797865194213468e-06
3.961980990495247656e+00 1.973285339015892551e-06
4.002001000500250427e+00 1.989987335600469188e-06
4.042021010505252754e+00 2.006907654331644980e-06
4.082041020510255080e+00 2.024050180019596888e-06
4.122061030515257407e+00 2.041418885234165068e-06
4.162081040520259734e+00 2.059017832713140750e-06
4.202101050525262949e+00 2.076851177848418481e-06
4.242121060530265275e+00 2.094923171252949379e-06
4.282141070535267602e+00 2.113238161411493888e-06
4.322161080540269928e+00 2.131800597418343233e-06
4.362181090545272255e+00 2.150615031805287562e-06
4.402201100550274582e+00 2.169686123463272296e-06
4.442221110555277797e+00 2.189018640661313760e-06
4.482241120560280123e+00 2.208617464166394698e-06
4.522261130565282450e+00 2.228487590468274976e-06
4.562281140570284776e+00 2.248634135113218874e-06
4.602301150575287103e+00 2.269062336150949074e-06
4.642321160580290318e+00 2.289777557699204826e-06
4.682341170585292645e+00 2.310785293630574822e-06
4.722361180590294971e+00 2.332091171386396875e-06
4.762381190595297298e+00 2.353700955922820568e-06
4.802401200600299624e+00 2.375620553794269658e-06
4.842421210605302839e+00 2.397856017379849341e-06
4.882441220610305166e+00 2.420413549258453114e-06
4.922461230615307493e+00 2.443299506738610271e-06
4.962481240620309819e+00 2.466520406549379776e-06
5.002501250625312146e+00 2.490082929698890595e-06
5.042521260630315361e+00 2.513993926507441532e-06
5.082541270635317687e+00 2.538260421822387052e-06
5.122561280640320014e+00 2.562889620422388749e-06
5.162581290645322341e+00 2.587888912618951795e-06
5.202601300650324667e+00 2.613265880063558319e-06
5.242621310655327882e+00 2.639028301769091217e-06
5.282641320660330209e+00 2.665184160354679849e-06
5.322661330665332535e+00 2.691741648523515791e-06
5.362681340670334862e+00 2.718709175783672178e-06
5.402701350675337189e+00 2.746095375422423494e-06
5.442721360680340403e+00 2.773909111745114918e-06
5.482741370685342730e+00 2.802159487590127998e-06
5.522761380690345057e+00 2.830855852132117043e-06
5.562781390695347383e+00 2.860007808986245870e-06
5.602801400700349710e+00 2.889625224626817359e-06
5.642821410705352925e+00 2.919718237134392106e-06
5.682841420710355251e+00 2.950297265286123997e-06
5.722861430715357578e+00 2.981373018004914601e-06
5.762881440720359905e+00 3.012956504183660009e-06
5.802901450725362231e+00 3.045059042901804371e-06
5.842921460730365446e+00 3.077692274052255490e-06
5.882941470735367773e+00 3.110868169397672424e-06
5.922961480740370099e+00 3.144599044076147687e-06
5.962981490745372426e+00 3.178897568577351457e-06
6.003001500750374753e+00 3.213776781211308454e-06
6.043021510755377079e+00 3.249250101093221168e-06
6.083041520760380294e+00 3.285331341668949132e-06
6.123061530765382621e+00 3.322034724807118094e-06
6.163081540770384947e+00 3.359374895485261430e-06
6.203101550775387274e+00 3.397366937098857738e-06
6.243121560780389601e+00 3.436026387423766256e-06
6.283141570785392815e+00 3.475369255264221944e-06
6.323161580790395142e+00 3.515412037820361344e-06
6.363181590795397469e+00 3.556171738811171807e-06
6.403201600800399795e+00 3.597665887390759073e-06
6.443221610805402122e+00 3.639912557898008024e-06
6.483241620810405337e+00 3.682930390482008172e-06
6.523261630815407663e+00 3.726738612648049369e-06
6.563281640820409990e+00 3.771357061771592801e-06
6.603301650825412317e+00 3.816806208630411999e-06
6.643321660830414643e+00 3.863107182008022589e-06
6.683341670835417858e+00 3.910281794424692461e-06
6.723361680840420185e+00 3.958352569055661367e-06
6.763381690845422511e+00 4.007342767899787398e-06
6.803401700850424838e+00 4.057276421265660038e-06
6.843421710855427165e+00 4.108178358646275508e-06
6.883441720860430380e+00 4.160074241057763663e-06
6.923461730865432706e+00 4.212990594922280514e-06
6.963481740870435033e+00 4.266954847580172864e-06
7.003501750875437359e+00 4.321995364521842593e-06
7.043521760880439686e+00 4.378141488435397168e-06
7.083541770885442901e+00 4.435423580172392709e-06
7.123561780890445227e+00 4.493873061740299045e-06
7.163581790895447554e+00 4.553522461437558328e-06
7.203601800900449881e+00 4.614405461254407653e-06
7.243621810905452207e+00 4.676556946670813389e-06
7.283641820910455422e+00 4.740013058991436898e-06
7.323661830915457749e+00 4.804811250366865299e-06
7.363681840920460075e+00 4.870990341660302036e-06
7.403701850925462402e+00 4.938590583329560896e-06
7.443721860930464729e+00 5.007653719505829304e-06
7.483741870935467944e+00 5.078223055462972352e-06
7.523761880940470270e+00 5.150343528684516951e-06
7.563781890945472597e+00 5.224061783749833856e-06
7.603801900950474923e+00 5.299426251276535154e-06
7.643821910955477250e+00 5.376487231172761744e-06
7.683841920960480465e+00 5.455296980471093199e-06
7.723861930965482792e+00 5.535909806035249285e-06
7.763881940970485118e+00 5.618382162451801182e-06
7.803901950975487445e+00 5.702772755441770258e-06
7.843921960980489771e+00 5.789142651151612973e-06
7.883941970985492098e+00 5.877555391709682240e-06
7.923961980990495313e+00 5.968077117462978448e-06
7.963981990995497640e+00 6.060776696340335950e-06
8.004002001000500854e+00 6.155725860821939162e-06
8.044022011005502293e+00 6.252999353031738091e-06
8.084042021010505508e+00 6.352675078509385059e-06
8.124062031015506946e+00 6.454834269261332664e-06
8.164082041020510161e+00 6.559561656738210900e-06
8.204102051025513376e+00 6.666945655436424178e-06
8.244122061030514814e+00 6.777078557878114736e-06
8.284142071035518029e+00 6.890056741784118722e-06
8.324162081040519467e+00 7.005980890321001192e-06
8.364182091045522682e+00 7.124956226375668215e-06
8.404202101050525897e+00 7.247092761889826675e-06
8.444222111055527336e+00 7.372505563373262106e-06
8.484242121060530550e+00 7.501315034809131377e-06
8.524262131065531989e+00 7.633647219267940593e-06
8.564282141070535204e+00 7.769634120660364046e-06
8.604302151075536642e+00 7.909414047183058066e-06
8.644322161080539857e+00 8.053131978148313547e-06
8.684342171085543072e+00 8.200939956037916800e-06
8.724362181090544510e+00 8.352997505786555703e-06
8.764382191095547725e+00 8.509472083481335012e-06
8.804402201100549163e+00 8.670539556863375767e-06
8.844422211105552378e+00 8.836384720238157984e-06
8.884442221110555593e+00 9.007201846643612109e-06
8.924462231115557032e+00 9.183195280393821451e-06
8.964482241120560246e+00 9.364580073412766053e-06
9.004502251125561685e+00 9.551582669100950105e-06
9.044522261130564900e+00 9.744441637842075673e-06
9.084542271135568114e+00 9.943408468660277607e-06
9.124562281140569553e+00 1.014874842198720771e-05
9.164582291145572768e+00 1.036074144899638452e-05
9.204602301150574206e+00 1.057968318351703504e-05
9.244622311155577421e+00 1.080588601315791419e-05
9.284642321160580636e+00 1.103968023696070163e-05
9.324662331165582074e+00 1.128141531767312657e-05
9.364682341170585289e+00 1.153146123759277350e-05
9.404702351175586728e+00 1.179020996789670428e-05
9.444722361180589942e+00 1.205807706245351396e-05
9.484742371185593157e+00 1.233550338832708844e-05
9.524762381190594596e+00 1.262295700654630935e-05
9.564782391195597810e+00 1.292093521824987630e-05
9.604802401200599249e+00 1.322996679304620194e-05
9.644822411205602464e+00 1.355061439838317509e-05
9.684842421210605679e+00 1.388347725093010442e-05
9.724862431215607117e+00 1.422919401347697807e-05
9.764882441220610332e+00 1.458844596369137193e-05
9.804902451225611770e+00 1.496196046429545590e-05
9.844922461230614985e+00 1.535051476789110801e-05
9.884942471235618200e+00 1.575494019383734387e-05
9.924962481240619638e+00 1.617612671935317298e-05
9.964982491245622853e+00 1.661502803247136981e-05
1.000500250125062429e+01 1.707266710071528006e-05
1.004502251125562751e+01 1.755014231654160778e-05
1.008504252126063072e+01 1.804863428883636981e-05
1.012506253126563216e+01 1.856941335925277274e-05
1.016508254127063537e+01 1.911384793314790888e-05
1.020510255127563681e+01 1.968341372756585254e-05
1.024512256128064003e+01 2.027970405342925192e-05
1.028514257128564324e+01 2.090444126619749642e-05
1.032516258129064468e+01 2.155948953916305666e-05
1.036518259129564790e+01 2.224686913680021599e-05
1.040520260130064933e+01 2.296877239277959220e-05
1.044522261130565255e+01 2.372758162916849498e-05
1.048524262131065576e+01 2.452588929085856276e-05
1.052526263131565720e+01 2.536652061350968710e-05
1.056528264132066042e+01 2.625255919561372906e-05
1.060530265132566186e+01 2.718737590731237379e-05
1.064532266133066507e+01 2.817466164237088797e-05
1.068534267133566829e+01 2.921846450769091118e-05
1.072536268134066972e+01 3.032323215001823111e-05
1.076538269134567294e+01 3.149386004585807649e-05
1.080540270135067438e+01 3.273574673279013557e-05
1.084542271135567759e+01 3.405485714428681151e-05
1.088544272136068081e+01 3.545779543319168805e-05
1.092546273136568225e+01 3.695188894056162892e-05
1.096548274137068546e+01 3.854528529842205100e-05
1.100550275137568690e+01 4.024706506216519188e-05
1.104552276138069011e+01 4.206737277002092838e-05
1.108554277138569333e+01 4.401756994787391915e-05
1.112556278139069477e+01 4.611041434947752343e-05
1.116558279139569798e+01 4.836027068602695585e-05
1.120560280140069942e+01 5.078335930886997487e-05
1.124562281140570263e+01 5.339805083537791904e-05
1.128564282141070585e+01 5.622521664374628209e-05
1.132566283141570729e+01 5.928864763138637730e-05
1.136568284142071050e+01 6.261555679887302248e-05
1.140570285142571194e+01 6.623718530962514417e-05
1.144572286143071516e+01 7.018953698626494468e-05
1.148574287143571837e+01 7.451427314995064100e-05
1.152576288144071981e+01 7.925980885618134171e-05
1.156578289144572302e+01 8.448266371695137571e-05
1.160580290145072446e+01 9.024913672691107971e-05
1.164582291145572768e+01 9.663739638724903663e-05
1.168584292146073089e+01 1.037401071650542077e-04
1.172586293146573233e+01 1.116677541338694738e-04
1.176588294147073555e+01 1.205528841614559709e-04
1.180590295147573698e+01 1.305555610770140049e-04
1.184592296148074020e+01 1.418704440195089271e-04
1.188594297148574341e+01 1.547360579122943080e-04
1.192596298149074485e+01 1.694470559577534107e-04
1.196598299149574807e+01 1.863706119640655694e-04
1.200600300150074951e+01 2.059685809317634729e-04
1.204602301150575272e+01 2.288278174990970046e-04
1.208604302151075416e+01 2.557021836224391523e-04
1.212606303151575737e+01 2.875715346151391880e-04
1.216608304152076059e+01 3.257257113735738331e-04
1.220610305152576203e+01 3.718858778632431659e-04
1.224612306153076524e+01 4.283823759302359891e-04
1.228614307153576668e+01 4.984190983148014493e-04
1.232616308154076989e+01 5.864713031454783137e-04
1.236618309154577311e+01 6.988890792538410756e-04
1.240620310155077455e+01 8.448119300614525488e-04
1.244622311155577776e+01 1.037526444360463342e-03
1.248624312156077920e+01 1.296347492631757864e-03
1.252626313156578242e+01 1.648705741393210371e-03
1.256628314157078563e+01 2.130504199618747391e-03
1.260630315157578707e+01 2.777635881478077249e-03
1.264632316158079028e+01 3.589779002566063654e-03
1.268634317158579172e+01 4.442524814592776691e-03
1.272636318159079494e+01 5.008674422805844441e-03
1.276638319159579815e+01 4.944160642873333088e-03
1.280640320160079959e+01 4.293698190076467892e-03
1.284642321160580281e+01 3.430287599198225939e-03
1.288644322161080424e+01 2.645393477349991355e-03
1.292646323161580746e+01 2.031659795669067421e-03
1.296648324162081067e+01 1.577712191754146627e-03
1.300650325162581211e+01 1.246139500234078610e-03
1.304652326163081533e+01 1.002397978404020052e-03
1.308654327163581677e+01 8.206006294363448394e-04
1.312656328164081998e+01 6.825009286362041221e-04
1.316658329164582319e+01 5.755371979758085871e-04
1.320660330165082463e+01 4.912678705221011112e-04
1.324662331165582785e+01 4.239885762652924632e-04
1.328664332166082929e+01 3.696520457787409774e-04
1.332666333166583250e+01 3.252817471714149807e-04
1.336668334167083572e+01 2.886665063745777167e-04
1.340670335167583715e+01 2.581556682714115534e-04
1.344672336168084037e+01 2.325070682848295205e-04
1.348674337168584181e+01 2.107760255748654431e-04
1.352676338169084502e+01 1.922359048902763353e-04
1.356678339169584824e+01 1.763215483636117154e-04
1.360680340170084968e+01 1.625887925770518635e-04
1.364682341170585289e+01 1.506852213234432538e-04
1.368684342171085433e+01 1.403288012936825587e-04
1.372686343171585754e+01 1.312921004587270059e-04
1.376688344172086076e+01 1.233905050468457306e-04
1.380690345172586220e+01 1.164733347550306287e-04
1.384692346173086541e+01 1.104170838929903839e-04
1.388694347173586685e+01 1.051202406314103967e-04
1.392696348174087007e+01 1.004992918342594233e-04
1.396698349174587328e+01 9.648562972177457148e-05
1.400700350175087472e+01 9.302315377349858032e-05
1.404702351175587793e+01 9.006641679430641269e-05
1.408704352176087937e+01 8.757920464730694992e-05
1.412706353176588259e+01 8.553346940677855246e-05
1.416708354177088580e+01 8.390855881518166583e-05
1.420710355177588724e+01 8.269070324581697675e-05
1.424712356178089045e+01 8.187273659730853021e-05
1.428714357178589189e+01 8.145404104123147194e-05
1.432716358179089511e+01 8.144071848806948841e-05
1.436718359179589832e+01 8.184600516665424303e-05
1.440720360180089976e+01 8.269096106560131084e-05
1.444722361180590298e+01 8.400548465952631762e-05
1.448724362181090441e+01 8.582972730313347088e-05
1.452726363181590763e+01 8.821601364835285775e-05
1.456728364182091084e+01 9.123141834604200668e-05
1.460730365182591228e+01 9.496121092447714468e-05
1.464732366183091550e+01 9.951346880367379927e-05
1.468734367183591694e+01 1.050252862233951419e-04
1.472736368184092015e+01 1.116711950733982665e-04
1.476738369184592337e+01 1.196746946230146317e-04
1.480740370185092480e+01 1.293242124359863881e-04
1.484742371185592802e+01 1.409954709548396213e-04
1.488744372186092946e+01 1.551832469751741796e-04
1.492746373186593267e+01 1.725471012041449178e-04
1.496748374187093589e+01 1.939781715068779864e-04
1.500750375187593733e+01 2.206981153023310444e-04
1.504752376188094054e+01 2.544075614106112017e-04
1.508754377188594198e+01 2.975109691468913898e-04
1.512756378189094519e+01 3.534579761738209768e-04
1.516758379189594841e+01 4.272545607876964574e-04
1.520760380190094985e+01 5.261905722996189924e-04
1.524762381190595306e+01 6.607242322632113883e-04
1.528764382191095450e+01 8.449902240292402533e-04
1.532766383191595772e+01 1.094786450155186500e-03
1.536768384192096093e+01 1.416747205863779684e-03
1.540770385192596237e+01 1.777771886620224976e-03
1.544772386193096558e+01 2.063572969589155554e-03
1.548774387193596702e+01 2.115143535910921427e-03
1.552776388194097024e+01 1.896729663535827188e-03
1.556778389194597167e+01 1.544029296117933707e-03
1.560780390195097489e+01 1.199856275506625339e-03
1.564782391195597810e+01 9.228671577333023976e-04
1.568784392196097954e+01 7.159012725845223524e-04
1.572786393196598276e+01 5.644212544678400920e-04
1.576788394197098420e+01 4.531958917041619393e-04
1.580790395197598741e+01 3.704430077691803496e-04
1.584792396198099063e+01 3.078334577535347624e-04
1.588794397198599206e+01 2.596329530447602811e-04
1.592796398199099528e+01 2.218990159724612663e-04
1.596798399199599672e+01 1.918953957125180696e-04
1.600800400200100171e+01 1.676962535507029502e-04
1.604802401200600315e+01 1.479247953979147029e-04
1.608804402201100459e+01 1.315810448268149482e-04
1.612806403201600602e+01 1.179274998685936045e-04
1.616808404202101102e+01 1.064123093621634875e-04
1.620810405202601245e+01 9.661694206691415416e-05
1.624812406203101389e+01 8.822002834848162185e-05
1.628814407203601888e+01 8.097202652129511212e-05
1.632816408204102032e+01 7.467724199815494411e-05
1.636818409204602176e+01 6.918092035117103216e-05
1.640820410205102675e+01 6.435990358153205059e-05
1.644822411205602819e+01 6.011584252858033251e-05
1.648824412206102963e+01 5.637029748322356499e-05
1.652826413206603107e+01 5.306129755571986303e-05
1.656828414207103606e+01 5.014110918638780233e-05
1.660830415207603750e+01 4.757511237535524148e-05
1.664832416208103893e+01 4.534180786744378426e-05
1.668834417208604393e+01 4.343403702142299374e-05
1.672836418209104536e+01 4.186127488310047824e-05
1.676838419209604680e+01 4.065158524638600877e-05
1.680840420210105179e+01 3.984715793235385365e-05
1.684842421210605323e+01 3.947413328763870659e-05
1.688844422211105467e+01 3.944585292464403842e-05
1.692846423211605611e+01 3.939222843381859856e-05
1.696848424212106110e+01 3.866996459394338094e-05
1.700850425212606254e+01 3.693334055477280451e-05
1.704852426213106398e+01 3.457442039423928826e-05
1.708854427213606897e+01 3.220575941813682885e-05
1.712856428214107041e+01 3.014127301207753960e-05
1.716858429214607185e+01 2.842717763424349009e-05
1.720860430215107328e+01 2.700946614387656562e-05
1.724862431215607828e+01 2.582111271446611985e-05
1.728864432216107971e+01 2.480738444987699471e-05
1.732866433216608115e+01 2.392827911877519009e-05
1.736868434217108614e+01 2.315541378630727568e-05
1.740870435217608758e+01 2.246862063596410890e-05
1.744872436218108902e+01 2.185336003093135668e-05
1.748874437218609401e+01 2.129894210657794622e-05
1.752876438219109545e+01 2.079734164254483530e-05
1.756878439219609689e+01 2.034241173691796650e-05
1.760880440220109833e+01 1.992935811873266152e-05
1.764882441220610332e+01 1.955438307687322103e-05
1.768884442221110476e+01 1.921444052926018497e-05
1.772886443221610620e+01 1.890706482762059075e-05
1.776888444222111119e+01 1.863024924192026419e-05
1.780890445222611262e+01 1.838235849610377569e-05
1.784892446223111406e+01 1.816206507721250234e-05
1.788894447223611905e+01 1.796830247232134402e-05
1.792896448224112049e+01 1.780023071910930325e-05
1.796898449224612193e+01 1.765721112916229335e-05
1.800900450225112337e+01 1.753878803356630908e-05
1.804902451225612836e+01 1.744467608108797197e-05
1.808904452226112980e+01 1.737475210104877455e-05
1.812906453226613124e+01 1.732905089874853339e-05
1.816908454227113623e+01 1.730776463120590846e-05
1.820910455227613767e+01 1.731124565264200054e-05
1.824912456228113911e+01 1.734001295477672686e-05
1.828914457228614410e+01 1.739476258984012499e-05
1.832916458229114554e+01 1.747638279525170053e-05
1.836918459229614697e+01 1.758597499599905237e-05
1.840920460230114841e+01 1.772488253108710438e-05
1.844922461230615340e+01 1.789472996780401546e-05
1.848924462231115484e+01 1.809747742929919249e-05
1.852926463231615628e+01 1.833549671846713887e-05
1.856928464232116127e+01 1.861167933626260609e-05
1.860930465232616271e+01 1.892959017063504317e-05
1.864932466233116415e+01 1.929368079413746077e-05
1.868934467233616914e+01 1.970955706428809394e-05
1.872936468234117058e+01 2.018420176769008194e-05
1.876938469234617202e+01 2.072571970141357298e-05
1.880940470235117346e+01 2.134125752654995520e-05
1.884942471235617845e+01 2.203040146868398487e-05
1.888944472236117988e+01 2.277434636130887537e-05
1.892946473236618132e+01 2.353930944808243627e-05
1.896948474237118631e+01 2.431581714337243723e-05
1.900950475237618775e+01 2.514227854607579984e-05
1.904952476238118919e+01 2.606848604607110581e-05
1.908954477238619418e+01 2.712580719054894808e-05
1.912956478239119562e+01 2.833154647937979122e-05
1.916958479239619706e+01 2.969988839280378456e-05
1.920960480240119850e+01 3.124757821496435337e-05
1.924962481240620349e+01 3.299604043275697622e-05
1.928964482241120493e+01 3.497236627417467619e-05
1.932966483241620637e+01 3.721024058288889498e-05
1.936968484242121136e+01 3.975118647031972114e-05
1.940970485242621280e+01 4.264629714935744536e-05
1.944972486243121423e+01 4.595860399558052937e-05
1.948974487243621923e+01 4.976628072078395041e-05
1.952976488244122066e+01 5.416697570773403199e-05
1.956978489244622210e+01 5.928370204728794707e-05
1.960980490245122354e+01 6.527291867017173503e-05
1.964982491245622853e+01 7.233574340110123435e-05
1.968984492246122997e+01 8.073371031204551126e-05
1.972986493246623141e+01 9.081121733811553076e-05
1.976988494247123640e+01 1.030279642457164230e-04
1.980990495247623784e+01 1.180065098227780780e-04
1.984992496248123928e+01 1.366029749340563824e-04
1.988994497248624427e+01 1.600134452831305457e-04
1.992996498249124571e+01 1.899353879755981173e-04
1.996998499249624714e+01 2.288122705756354960e-04
2.001000500250124858e+01 2.801965700340770956e-04
2.005002501250625357e+01 3.492522475893210438e-04
2.009004502251125501e+01 4.433102986460400632e-04
2.013006503251625645e+01 5.719543160143827996e-04
2.017008504252126144e+01 7.447223074569895174e-04
2.021010505252626288e+01 9.613585419757360393e-04
2.025012506253126432e+01 1.188277690858220628e-03
2.029014507253626931e+01 1.337861397041429984e-03
2.033016508254127075e+01 1.318899708951121446e-03
2.037018509254627219e+01 1.144439892156273253e-03
2.041020510255127363e+01 9.141362905564998304e-04
2.045022511255627862e+01 7.051755168169450850e-04
2.049024512256128006e+01 5.418629285591951891e-04
2.053026513256628149e+01 4.210307337521163300e-04
2.057028514257128649e+01 3.326905013415271182e-04
2.061030515257628792e+01 2.676578485349465466e-04
2.065032516258128936e+01 2.190814477456629863e-04
2.069034517258629080e+01 1.821731770887310140e-04
2.073036518259129579e+01 1.536434707832956949e-04
2.077038519259629723e+01 1.312263374124745272e-04
2.081040520260129867e+01 1.133433498334887043e-04
2.085042521260630366e+01 9.887876493240623237e-05
2.089044522261130510e+01 8.703132993673755888e-05
2.093046523261630654e+01 7.721648585926048521e-05
2.097048524262131153e+01 6.900123504856715655e-05
2.101050525262631297e+01 6.206020789041495091e-05
2.105052526263131440e+01 5.614560562138527452e-05
2.109054527263631584e+01 5.106633503054660851e-05
2.113056528264132083e+01 4.667331456619101240e-05
2.117058529264632227e+01 4.284898206576871342e-05
2.121060530265132371e+01 3.949970298842780757e-05
2.125062531265632870e+01 3.655020815365964696e-05
2.129064532266133014e+01 3.393947007056037933e-05
2.133066533266633158e+01 3.161761167158659656e-05
2.137068534267133657e+01 2.954356468645707035e-05
2.141070535267633801e+01 2.768327840714201847e-05
2.145072536268133945e+01 2.600833680876380369e-05
2.149074537268634089e+01 2.449488165565973357e-05
2.153076538269134588e+01 2.312276703492226174e-05
2.157078539269634732e+01 2.187489047586306458e-05
2.161080540270134875e+01 2.073665993584669165e-05
2.165082541270635375e+01 1.969556614834972843e-05
2.169084542271135518e+01 1.874083728825866094e-05
2.173086543271635662e+01 1.786315840482046810e-05
2.177088544272136161e+01 1.705444215579705574e-05
2.181090545272636305e+01 1.630764043476896644e-05
2.185092546273136449e+01 1.561658879203704214e-05
2.189094547273636593e+01 1.497587730484412581e-05
2.193096548274137092e+01 1.438074289659543111e-05
2.197098549274637236e+01 1.382697914065194946e-05
2.201100550275137380e+01 1.331086038779457904e-05
2.205102551275637879e+01 1.282907768352868425e-05
2.209104552276138023e+01 1.237868443360364176e-05
2.213106553276638166e+01 1.195705016461713412e-05
2.217108554277138666e+01 1.156182103484244696e-05
2.221110555277638809e+01 1.119088599626934493e-05
2.225112556278138953e+01 1.084234770588479122e-05
2.229114557278639097e+01 1.051449744287180921e-05
2.233116558279139596e+01 1.020579341672443723e-05
2.237118559279639740e+01 9.914841955516279465e-06
2.241120560280139884e+01 9.640381148589280682e-06
2.245122561280640383e+01 9.381266587570243222e-06
2.249124562281140527e+01 9.136458906879644891e-06
2.253126563281640671e+01 8.905012872151563390e-06
2.257128564282141170e+01 8.686067804125096852e-06
2.261130565282641314e+01 8.478839158103240601e-06
2.265132566283141458e+01 8.282611106214876547e-06
2.269134567283641601e+01 8.096729992431718584e-06
2.273136568284142101e+01 7.920598549368316769e-06
2.277138569284642244e+01 7.753670781968390507e-06
2.281140570285142388e+01 7.595447436771218276e-06
2.285142571285642887e+01 7.445471986982753814e-06
2.289144572286143031e+01 7.303327073392497572e-06
2.293146573286643175e+01 7.168631349566814509e-06
2.297148574287143674e+01 7.041036686947898794e-06
2.301150575287643818e+01 6.920225701690365936e-06
2.305152576288143962e+01 6.805909570439408628e-06
2.309154577288644106e+01 6.697826106932323340e-06
2.313156578289144605e+01 6.595738075404362899e-06
2.317158579289644749e+01 6.499431720399776527e-06
2.321160580290144893e+01 6.408715495813122969e-06
2.325162581290645392e+01 6.323418978888778448e-06
2.329164582291145535e+01 6.243391957551490191e-06
2.333166583291645679e+01 6.168503681886273878e-06
2.337168584292146178e+01 6.098642272884748325e-06
2.341170585292646322e+01 6.033714283775472819e-06
2.345172586293146466e+01 5.973644411406559854e-06
2.349174587293646610e+01 5.918375357296064511e-06
2.353176588294147109e+01 5.867867840157403696e-06
2.357178589294647253e+01 5.822100763994230369e-06
2.361180590295147397e+01 5.781071548296337158e-06
2.365182591295647896e+01 5.744796629516588439e-06
2.369184592296148040e+01 5.713312145937988520e-06
2.373186593296648184e+01 5.686674821330442109e-06
2.377188594297148683e+01 5.664963066544127649e-06
2.381190595297648827e+01 5.648278322503394770e-06
2.385192596298148970e+01 5.636746673089786307e-06
2.389194597298649114e+01 5.630520762301068816e-06
2.393196598299149613e+01 5.629782057050241231e-06
2.397198599299649757e+01 5.634743505276703825e-06
2.401200600300149901e+01 5.645652648994800568e-06
2.405202601300650400e+01 5.662795263894753606e-06
2.409204602301150544e+01 5.686499611629252376e-06
2.413206603301650688e+01 5.717141408586359549e-06
2.417208604302150832e+01 5.755149636552954355e-06
2.421210605302651331e+01 5.801013347216063124e-06
2.425212606303151475e+01 5.855289645217396193e-06
2.429214607303651619e+01 5.918613075125229230e-06
2.433216608304152118e+01 5.991706688361337763e-06
2.437218609304652261e+01 6.075395129611808409e-06
2.441220610305152405e+01 6.170620162217075831e-06
2.445222611305652904e+01 6.278459153298188272e-06
2.449224612306153048e+01 6.400147168326239752e-06
2.453226613306653192e+01 6.537103490011038758e-06
2.457228614307153336e+01 6.690963589239848315e-06
2.461230615307653835e+01 6.863617851855678910e-06
2.465232616308153979e+01 7.057258725486506349e-06
2.469234617308654123e+01 7.274438424498215266e-06
2.473236618309154622e+01 7.518139958722167969e-06
2.477238619309654766e+01 7.791865089176950037e-06
2.481240620310154910e+01 8.099743940876631110e-06
2.485242621310655409e+01 8.446672531829873271e-06
2.489244622311155553e+01 8.838486570567385384e-06
2.493246623311655696e+01 9.282182767172795249e-06
2.497248624312155840e+01 9.786202939704460543e-06
2.501250625312656339e+01 1.036080189037097317e-05
2.505252626313156483e+01 1.101852814050407995e-05
2.509254627313656627e+01 1.177485831332561851e-05
2.513256628314157126e+01 1.264904302436544277e-05
2.517258629314657270e+01 1.366524735580455084e-05
2.521260630315157414e+01 1.485410671581155721e-05
2.525262631315657913e+01 1.625487605473083756e-05
2.529264632316158057e+01 1.791843816853471645e-05
2.533266633316658201e+01 1.991157319086846333e-05
2.537268634317158345e+01 2.232310558778427694e-05
2.541270635317658844e+01 2.527288409645519530e-05
2.545272636318158987e+01 2.892508796291828917e-05
2.549274637318659131e+01 3.350819766325440819e-05
2.553276638319159630e+01 3.934524914753855489e-05
2.557278639319659774e+01 4.689974843964730017e-05
2.561280640320159918e+01 5.684433721874764277e-05
2.565282641320660417e+01 7.015813713140092202e-05
2.569284642321160561e+01 8.824358628593252402e-05
2.573286643321660705e+01 1.129871358960002575e-04
2.577288644322160849e+01 1.464645907579909868e-04
2.581290645322661348e+01 1.894267744523843010e-04
2.585292646323161492e+01 2.371263055470728515e-04
2.589294647323661636e+01 2.739657886428209532e-04
2.593296648324162135e+01 2.791708574745363340e-04
2.597298649324662279e+01 2.492155072485255233e-04
2.601300650325162422e+01 2.025982492641772656e-04
2.605302651325662922e+01 1.577606373182031561e-04
2.609304652326163065e+01 1.219939117600836204e-04
2.613306653326663209e+01 9.550780829150906117e-05
2.617308654327163353e+01 7.637105130157498538e-05
2.621310655327663852e+01 6.255994974533871154e-05
2.625312656328163996e+01 5.238607975258116964e-05
2.629314657328664140e+01 4.448648290213313755e-05
2.633316658329164639e+01 3.796084699643157155e-05
2.637318659329664783e+01 3.247175153199928559e-05
2.641320660330164927e+01 2.794348150194106453e-05
2.645322661330665426e+01 2.427304489527093139e-05
2.649324662331165570e+01 2.130663550939498185e-05
2.653326663331665713e+01 1.889279393857332316e-05
2.657328664332165857e+01 1.690754804509599511e-05
2.661330665332666356e+01 1.525620849587390564e-05
2.665332666333166500e+01 1.386780886578367138e-05
2.669334667333666644e+01 1.268905540216970558e-05
2.673336668334167143e+01 1.167951937062872324e-05
2.677338669334667287e+01 1.080814020612393306e-05
2.681340670335167431e+01 1.005074420961048029e-05
2.685342671335667930e+01 9.388285243887784030e-06
2.689344672336168074e+01 8.805586278838703658e-06
2.693346673336668218e+01 8.290427909850702911e-06
2.697348674337168362e+01 7.832879246244483669e-06
2.701350675337668861e+01 7.424800168982938769e-06
2.705352676338169005e+01 7.059466387598155252e-06
2.709354677338669148e+01 6.731283678426247005e-06
2.713356678339169648e+01 6.435567727584532548e-06
2.717358679339669791e+01 6.168372822392231289e-06
2.721360680340169935e+01 5.926357327329503885e-06
2.725362681340670434e+01 5.706677151883810006e-06
2.729364682341170578e+01 5.506900727802846145e-06
2.733366683341670722e+01 5.324940665019371709e-06
2.737368684342170866e+01 5.158998450377721805e-06
2.741370685342671365e+01 5.007519427197573163e-06
2.745372686343171509e+01 4.869155939492682060e-06
2.749374687343671653e+01 4.742737006503858517e-06
2.753376688344172152e+01 4.627243256008903726e-06
2.757378689344672296e+01 4.521786120398853522e-06
2.761380690345172439e+01 4.425590510468638041e-06
2.765382691345672583e+01 4.337980344658033289e-06
2.769384692346173082e+01 4.258366438048302243e-06
2.773386693346673226e+01 4.186236354565566644e-06
2.777388694347173370e+01 4.121145904088449607e-06
2.781390695347673869e+01 4.062712028389952038e-06
2.785392696348174013e+01 4.010606869748638651e-06
2.789394697348674157e+01 3.964552856451125723e-06
2.793396698349174656e+01 3.924318672436752030e-06
2.797398699349674800e+01 3.889716005685057099e-06
2.801400700350174944e+01 3.860596992941170529e-06
2.805402701350675088e+01 3.836852298072854178e-06
2.809404702351175587e+01 3.818409778623244559e-06
2.813406703351675731e+01 3.805233710696086276e-06
2.817408704352175874e+01 3.797324556823342893e-06
2.821410705352676374e+01 3.794719275502641208e-06
2.825412706353176517e+01 3.797492185216818396e-06
2.829414707353676661e+01 3.805756410536345187e-06
2.833416708354177160e+01 3.819665953979911758e-06
2.837418709354677304e+01 3.839418455378659897e-06
2.841420710355177448e+01 3.865258721399002225e-06
2.845422711355677592e+01 3.897483132665487280e-06
2.849424712356178091e+01 3.936445065902860478e-06
2.853426713356678235e+01 3.982561505382831160e-06
2.857428714357178379e+01 4.036321063952712662e-06
2.861430715357678878e+01 4.098293692029595111e-06
2.865432716358179022e+01 4.169142427224899409e-06
2.869434717358679165e+01 4.249637633308261943e-06
2.873436718359179665e+01 4.340674302834405339e-06
2.877438719359679808e+01 4.443293164013060045e-06
2.881440720360179952e+01 4.558706555239758002e-06
2.885442721360680096e+01 4.688330333428656579e-06
2.889444722361180595e+01 4.833823499469429897e-06
2.893446723361680739e+01 4.997137807666056322e-06
2.897448724362180883e+01 5.180580454281876085e-06
2.901450725362681382e+01 5.386894130817234888e-06
2.905452726363181526e+01 5.619360450154831097e-06
2.909454727363681670e+01 5.881935226331452516e-06
2.913456728364182169e+01 6.179427486032792502e-06
2.917458729364682313e+01 6.517738106965522091e-06
2.921460730365182457e+01 6.904176175665103375e-06
2.925462731365682600e+01 7.347861297692169159e-06
2.929464732366183100e+01 7.860162835762310709e-06
2.933466733366683243e+01 8.454921676661321397e-06
2.937468734367183387e+01 9.147672166906480826e-06
2.941470735367683886e+01 9.952560648189127831e-06
2.945472736368184030e+01 1.087852720259652836e-05
2.949474737368684174e+01 1.193663369303896132e-05
2.953476738369184673e+01 1.316402582674229474e-05
2.957478739369684817e+01 1.463184230648729231e-05
2.961480740370184961e+01 1.642928744654550697e-05
2.965482741370685105e+01 1.866087522930888259e-05
2.969484742371185604e+01 2.146187010592438035e-05
2.973486743371685748e+01 2.502038303413662922e-05
2.977488744372185892e+01 2.960575074155477723e-05
2.981490745372686391e+01 3.560880870522479749e-05
2.985492746373186534e+01 4.359978574891370894e-05
2.989494747373686678e+01 5.440367749429537270e-05
2.993496748374187177e+01 6.916542956754542695e-05
2.997498749374687321e+01 8.927772735229023331e-05
3.001500750375187465e+01 1.157600096964463398e-04
3.005502751375687609e+01 1.471949376138787771e-04
3.009504752376188108e+01 1.759572141380331208e-04
3.013506753376688252e+01 1.880724440221105134e-04
3.017508754377188396e+01 1.754906621186762543e-04
3.021510755377688895e+01 1.465839587685517089e-04
3.025512756378189039e+01 1.152703717064244420e-04
3.029514757378689183e+01 8.899742731974976382e-05
3.033516758379189682e+01 6.908842779109256168e-05
3.037518759379689826e+01 5.450035762331984992e-05
3.041520760380189969e+01 4.384305508827625992e-05
3.045522761380690113e+01 3.597939387114963271e-05
3.049524762381190612e+01 3.009129022305407882e-05
3.053526763381690756e+01 2.561340126995735613e-05
3.057528764382190900e+01 2.215794086470595036e-05
3.061530765382691399e+01 1.945725416671333473e-05
3.065532766383191543e+01 1.732442047971115441e-05
3.069534767383691687e+01 1.562715314138677327e-05
3.073536768384192186e+01 1.427064104785375387e-05
3.077538769384692330e+01 1.318622536997564058e-05
3.081540770385192474e+01 1.232386600503660125e-05
3.085542771385692618e+01 1.164708847012955681e-05
3.089544772386193117e+01 1.112958027253183392e-05
3.093546773386693260e+01 1.075291058399029497e-05
3.097548774387193404e+01 1.050504203967177414e-05
3.101550775387693903e+01 1.037943120296692834e-05
3.105552776388194047e+01 1.037460216635288766e-05
3.109554777388694191e+01 1.049414407081656435e-05
3.113556778389194335e+01 1.074714112848810792e-05
3.117558779389694834e+01 1.114910420799136336e-05
3.121560780390194978e+01 1.172354813011401526e-05
3.125562781390695122e+01 1.250446404400923170e-05
3.129564782391195621e+01 1.354009416933065592e-05
3.133566783391695765e+01 1.489866048523438999e-05
3.137568784392195909e+01 1.667707707032646259e-05
3.141570785392696408e+01 1.901423995175085296e-05
3.145572786393196552e+01 2.211123580682530128e-05
3.149574787393696695e+01 2.626143570330335665e-05
3.153576788394196839e+01 3.189243154667980543e-05
3.157578789394697338e+01 3.961340745024454580e-05
3.161580790395197482e+01 5.022698518926726677e-05
3.165582791395697626e+01 6.455312793653051370e-05
3.169584792396198125e+01 8.265306346732617161e-05
3.173586793396698269e+01 1.018963856565592335e-04
3.177588794397198413e+01 1.150772763474077490e-04
3.181590795397698912e+01 1.142349302422801153e-04
3.185592796398199056e+01 9.989677310475068915e-05
3.189594797398699200e+01 8.036338889921630006e-05
3.193596798399199344e+01 6.241719080560006159e-05
3.197598799399699843e+01 4.831274873938904628e-05
3.201600800400200342e+01 3.784971123394502608e-05
3.205602801400700486e+01 3.018884749593341986e-05
3.209604802401200629e+01 2.454238395971432385e-05
3.213606803401700773e+01 2.031906994352617000e-05
3.217608804402200917e+01 1.710488218346643201e-05
3.221610805402701061e+01 1.461525486150623952e-05
3.225612806403201205e+01 1.265420891610431174e-05
3.229614807403702059e+01 1.108529266018174663e-05
3.233616808404202203e+01 9.812101152719000091e-06
3.237618809404702347e+01 8.765434701392454459e-06
3.241620810405202491e+01 7.894826884561277806e-06
3.245622811405702635e+01 7.162905364407102709e-06
3.249624812406202778e+01 6.541590676042579319e-06
3.253626813406702922e+01 6.009497430346260306e-06
3.257628814407203777e+01 5.550131502028454958e-06
3.261630815407703921e+01 5.150621266640227451e-06
3.265632816408204064e+01 4.800812176658857767e-06
3.269634817408704208e+01 4.492611994148859344e-06
3.273636818409204352e+01 4.219511301872511934e-06
3.277638819409704496e+01 3.976228190627990355e-06
3.281640820410205350e+01 3.758442022264558519e-06
3.285642821410705494e+01 3.562591853433754963e-06
3.289644822411205638e+01 3.385722333115764898e-06
3.293646823411705782e+01 3.225364836726082986e-06
3.297648824412205926e+01 3.079445023497631071e-06
3.301650825412706070e+01 2.946210369771550961e-06
3.305652826413206213e+01 2.824172777002748865e-06
3.309654827413707068e+01 2.712062053396327705e-06
3.313656828414207212e+01 2.608785667689772924e-06
3.317658829414707355e+01 2.513389678651181545e-06
3.321660830415207499e+01 2.425023466070287501e-06
3.325662831415707643e+01 2.342935027131618492e-06
3.329664832416207787e+01 2.266504656967548135e-06
3.333666833416707931e+01 2.195238297164232990e-06
3.337668834417208785e+01 2.128708093025306458e-06
3.341670835417708929e+01 2.066522411711836023e-06
3.345672836418209073e+01 2.008329288066261107e-06
3.349674837418709217e+01 1.953822621640534401e-06
3.353676838419209361e+01 1.902744205086400071e-06
3.357678839419709504e+01 1.854884867285069650e-06
3.361680840420210359e+01 1.810087690914131578e-06
3.365682841420710503e+01 1.768255349400910643e-06
3.369684842421210647e+01 1.729363670345917079e-06
3.373686843421710790e+01 1.693484048731352507e-06
3.377688844422210934e+01 1.660817126594832403e-06
3.381690845422711078e+01 1.631735515039173112e-06
3.385692846423211222e+01 1.606811836979012290e-06
3.389694847423712076e+01 1.586733860281991662e-06
3.393696848424212220e+01 1.571810716340560867e-06
3.397698849424712364e+01 1.560518973618085269e-06
3.401700850425212508e+01 1.547342228267451149e-06
3.405702851425712652e+01 1.524046107405404585e-06
3.409704852426212796e+01 1.487933544888418873e-06
3.413706853426712939e+01 1.445357454748977868e-06
3.417708854427213794e+01 1.403764572263043150e-06
3.421710855427713938e+01 1.366410470179964248e-06
3.425712856428214081e+01 1.333530110069052011e-06
3.429714857428714225e+01 1.304363145476653591e-06
3.433716858429214369e+01 1.278079985680505018e-06
3.437718859429714513e+01 1.254023724092343384e-06
3.441720860430214657e+01 1.231718534443710689e-06
3.445722861430715511e+01 1.210826820661866889e-06
3.449724862431215655e+01 1.191107443891864620e-06
3.453726863431715799e+01 1.172384888342311865e-06
3.457728864432215943e+01 1.154528295766248621e-06
3.461730865432716087e+01 1.137437561255230184e-06
3.465732866433216230e+01 1.121034129859527288e-06
3.469734867433717085e+01 1.105254852085663564e-06
3.473736868434217229e+01 1.090047825092448030e-06
3.477738869434717373e+01 1.075369532158829606e-06
3.481740870435217516e+01 1.061182841046468875e-06
3.485742871435717660e+01 1.047455578611924061e-06
3.489744872436217804e+01 1.034159497887831684e-06
3.493746873436717948e+01 1.021269516593588861e-06
3.497748874437218802e+01 1.008763146253497180e-06
3.501750875437718946e+01 9.966200571911318545e-07
3.505752876438219090e+01 9.848217418148749866e-07
3.509754877438719234e+01 9.733512500275455632e-07
3.513756878439219378e+01 9.621929782971438348e-07
3.517758879439719522e+01 9.513324991917268028e-07
3.521760880440219665e+01 9.407564218263346933e-07
3.525762881440720520e+01 9.304522762236995166e-07
3.529764882441220664e+01 9.204084164009663844e-07
3.533766883441720807e+01 9.106139382927364567e-07
3.537768884442220951e+01 9.010586095618454572e-07
3.541770885442721095e+01 8.917328090385684579e-07
3.545772886443221239e+01 8.826274740391959782e-07
3.549774887443722093e+01 8.737340541962216057e-07
3.553776888444222237e+01 8.650444707201413083e-07
3.557778889444722381e+01 8.565510802319631263e-07
3.561780890445222525e+01 8.482466424739921037e-07
3.565782891445722669e+01 8.401242913369220020e-07
3.569784892446222813e+01 8.321775087433736814e-07
3.573786893446722956e+01 8.244001010084426349e-07
3.577788894447223811e+01 8.167861773617395013e-07
3.581790895447723955e+01 8.093301303666161388e-07
3.585792896448224099e+01 8.020266180135324132e-07
3.589794897448724242e+01 7.948705472981574989e-07
3.593796898449224386e+01 7.878570591222145599e-07
3.597798899449724530e+01 7.809815143777868412e-07
3.601800900450224674e+01 7.742394810945720754e-07
3.605802901450725528e+01 7.676267225452856318e-07
3.609804902451225672e+01 7.611391862176097094e-07
3.613806903451725816e+01 7.547729935722089048e-07
3.617808904452225960e+01 7.485244305158631929e-07
3.621810905452726104e+01 7.423899385268196648e-07
3.625812906453226248e+01 7.363661063764585309e-07
3.629814907453727102e+01 7.304496623973652554e-07
3.633816908454227246e+01 7.246374672531258227e-07
3.637818909454727390e+01 7.189265071696798910e-07
3.641820910455227533e+01 7.133138875920821623e-07
3.645822911455727677e+01 7.077968272339683434e-07
3.649824912456227821e+01 7.023726524901372499e-07
3.653826913456727965e+01 6.970387921853586142e-07
3.657828914457228819e+01 6.917927726349576285e-07
3.661830915457728963e+01 6.866322129948647392e-07
3.665832916458229107e+01 6.815548208807450434e-07
3.669834917458729251e+01 6.765583882375650480e-07
3.673836918459229395e+01 6.716407874424741235e-07
3.677838919459729539e+01 6.667999676252968754e-07
3.681840920460229682e+01 6.620339511921780032e-07
3.685842921460730537e+01 6.573408305390635485e-07
3.689844922461230681e+01 6.527187649427406829e-07
3.693846923461730825e+01 6.481659776180751022e-07
3.697848924462230968e+01 6.436807529309723561e-07
3.701850925462731112e+01 6.392614337573283779e-07
3.705852926463231256e+01 6.349064189789776404e-07
3.709854927463732110e+01 6.306141611082690878e-07
3.713856928464232254e+01 6.263831640335208697e-07
3.717858929464732398e+01 6.222119808781208499e-07
3.721860930465232542e+01 6.180992119665707425e-07
3.725862931465732686e+01 6.140435028912110186e-07
3.729864932466232830e+01 6.100435426737929640e-07
3.733866933466732974e+01 6.060980620164635332e-07
3.737868934467233828e+01 6.022058316370721227e-07
3.741870935467733972e+01 5.983656606840650889e-07
3.745872936468234116e+01 5.945763952265133589e-07
3.749874937468734259e+01 5.908369168151328377e-07
3.753876938469234403e+01 5.871461411103994594e-07
3.757878939469734547e+01 5.835030165741162175e-07
3.761880940470234691e+01 5.799065232210132326e-07
3.765882941470735545e+01 5.763556714271765300e-07
3.769884942471235689e+01 5.728495007922946446e-07
3.773886943471735833e+01 5.693870790528929034e-07
3.777888944472235977e+01 5.659675010439009955e-07
3.781890945472736121e+01 5.625898877060575192e-07
3.785892946473236265e+01 5.592533851367908236e-07
3.789894947473736408e+01 5.559571636823747077e-07
3.793896948474237263e+01 5.527004170692636277e-07
3.797898949474737407e+01 5.494823615726529914e-07
3.801900950475237551e+01 5.463022352204022305e-07
3.805902951475737694e+01 5.431592970305832814e-07
3.809904952476237838e+01 5.400528262809997948e-07
3.813906953476737982e+01 5.369821218091229811e-07
3.817908954477238836e+01 5.339465013409745950e-07
3.821910955477738980e+01 5.309453008475685603e-07
3.825912956478239124e+01 5.279778739275919816e-07
3.829914957478739268e+01 5.250435912150957567e-07
3.833916958479239412e+01 5.221418398110074609e-07
3.837918959479739556e+01 5.192720227373621848e-07
3.841920960480239700e+01 5.164335584131953924e-07
3.845922961480740554e+01 5.136258801511003126e-07
3.849924962481240698e+01 5.108484356735071166e-07
3.853926963481740842e+01 5.081006866477812617e-07
3.857928964482240985e+01 5.053821082393013793e-07
3.861930965482741129e+01 5.026921886817010159e-07
3.865932966483241273e+01 5.000304288635153901e-07
3.869934967483741417e+01 4.973963419305030236e-07
3.873936968484242271e+01 4.947894529029551969e-07
3.877938969484742415e+01 4.922092983073376260e-07
3.881940970485242559e+01 4.896554258216387202e-07
3.885942971485742703e+01 4.871273939338368981e-07
3.889944972486242847e+01 4.846247716129215672e-07
3.893946973486742991e+01 4.821471379919313829e-07
3.897948974487243845e+01 4.796940820625040040e-07
3.901950975487743989e+01 4.772652023804483925e-07
3.905952976488244133e+01 4.748601067818785567e-07
3.909954977488744277e+01 4.724784121094725131e-07
3.913956978489244420e+01 4.701197439484328474e-07
3.917958979489744564e+01 4.677837363717520903e-07
3.921960980490244708e+01 4.654700316944029091e-07
3.925962981490745562e+01 4.631782802360867734e-07
3.929964982491245706e+01 4.609081400922010635e-07
3.933966983491745850e+01 4.586592769126859149e-07
3.937968984492245994e+01 4.564313636884430075e-07
3.941970985492746138e+01 4.542240805450233272e-07
3.945972986493246282e+01 4.520371145432933676e-07
3.949974987493746426e+01 4.498701594868111020e-07
3.953976988494247280e+01 4.477229157356420542e-07
3.957978989494747424e+01 4.455950900263755965e-07
3.961980990495247568e+01 4.434863952980892725e-07
3.965982991495747711e+01 4.413965505240425033e-07
3.969984992496247855e+01 4.393252805488761138e-07
3.973986993496747999e+01 4.372723159311099446e-07
3.977988994497248854e+01 4.352373927907345194e-07
3.981990995497748997e+01 4.332202526617124865e-07
3.985992996498249141e+01 4.312206423491961805e-07
3.989994997498749285e+01 4.292383137912948631e-07
3.993996998499249429e+01 4.272730239252184240e-07
3.997998999499749573e+01 4.253245345576368175e-07
4.002001000500249717e+01 4.233926122391010231e-07
4.006003001500750571e+01 4.214770281423784614e-07
4.010005002501250715e+01 4.195775579445599845e-07
4.014007003501750859e+01 4.176939817128009545e-07
4.018009004502251003e+01 4.158260837935699918e-07
4.022011005502751146e+01 4.139736527052753726e-07
4.026013006503251290e+01 4.121364810341531392e-07
4.030015007503751434e+01 4.103143653332976490e-07
4.034017008504252289e+01 4.085071060247281546e-07
4.038019009504752432e+01 4.067145073043826240e-07
4.042021010505252576e+01 4.049363770499361506e-07
4.046023011505752720e+01 4.031725267313483447e-07
4.050025012506252864e+01 4.014227713240452625e-07
4.054027013506753008e+01 3.996869292246428567e-07
4.058029014507253862e+01 3.979648221691278824e-07
4.062031015507754006e+01 3.962562751534137767e-07
4.066033016508254150e+01 3.945611163561852745e-07
4.070035017508754294e+01 3.928791770639625686e-07
4.074037018509254438e+01 3.912102915983050217e-07
4.078039019509754581e+01 3.895542972450848151e-07
4.082041020510254725e+01 3.879110341857636719e-07
4.086043021510755580e+01 3.862803454306024033e-07
4.090045022511255723e+01 3.846620767537448327e-07
4.094047023511755867e+01 3.830560766301095533e-07
4.098049024512256011e+01 3.814621961740352550e-07
4.102051025512756155e+01 3.798802890796195887e-07
4.106053026513256299e+01 3.783102115626991029e-07
4.110055027513756443e+01 3.767518223044154096e-07
4.114057028514257297e+01 3.752049823963202488e-07
4.118059029514757441e+01 3.736695552869650322e-07
4.122061030515257585e+01 3.721454067299338371e-07
4.126063031515757729e+01 3.706324047332706681e-07
4.130065032516257872e+01 3.691304195102584263e-07
4.134067033516758016e+01 3.676393234315065431e-07
4.138069034517258160e+01 3.661589909783082642e-07
4.142071035517759015e+01 3.646892986972258133e-07
4.146073036518259158e+01 3.632301251558686546e-07
4.150075037518759302e+01 3.617813508998246210e-07
4.154077038519259446e+01 3.603428584107113476e-07
4.158079039519759590e+01 3.589145320653143974e-07
4.162081040520259734e+01 3.574962580957761825e-07
4.166083041520760588e+01 3.560879245508057735e-07
4.170085042521260732e+01 3.546894212578815886e-07
4.174087043521760876e+01 3.533006397864109670e-07
4.178089044522261020e+01 3.519214734118233827e-07
4.182091045522761164e+01 3.505518170805689790e-07
4.186093046523261307e+01 3.491915673759936755e-07
4.190095047523761451e+01 3.478406224850666021e-07
4.194097048524262306e+01 3.464988821659331258e-07
4.198099049524762449e+01 3.451662477162746228e-07
4.202101050525262593e+01 3.438426219424421748e-07
4.206103051525762737e+01 3.425279091293523825e-07
4.210105052526262881e+01 3.412220150111154922e-07
4.214107053526763025e+01 3.399248467423796894e-07
4.218109054527263169e+01 3.386363128703671524e-07
4.222111055527764023e+01 3.373563233075859863e-07
4.226113056528264167e+01 3.360847893051971250e-07
4.230115057528764311e+01 3.348216234270159780e-07
4.234117058529264455e+01 3.335667395241354823e-07
4.238119059529764598e+01 3.323200527101482711e-07
4.242121060530264742e+01 3.310814793369554659e-07
4.246123061530765597e+01 3.298509369711424509e-07
4.250125062531265741e+01 3.286283443709084485e-07
4.254127063531765884e+01 3.274136214635331136e-07
4.258129064532266028e+01 3.262066893233662236e-07
4.262131065532766172e+01 3.250074701503264882e-07
4.266133066533266316e+01 3.238158872488939675e-07
4.270135067533766460e+01 3.226318650075852992e-07
4.274137068534267314e+01 3.214553288788964879e-07
4.278139069534767458e+01 3.202862053597019272e-07
4.282141070535267602e+01 3.191244219720964202e-07
4.286143071535767746e+01 3.179699072446704047e-07
4.290145072536267890e+01 3.168225906942044064e-07
4.294147073536768033e+01 3.156824028077730858e-07
4.298149074537268177e+01 3.145492750252482900e-07
4.302151075537769032e+01 3.134231397221895699e-07
4.306153076538269175e+01 3.123039301931132146e-07
4.310155077538769319e+01 3.111915806351287395e-07
4.314157078539269463e+01 3.100860261319340932e-07
4.318159079539769607e+01 3.089872026381609529e-07
4.322161080540269751e+01 3.078950469640596810e-07
4.326163081540770605e+01 3.068094967605152059e-07
4.330165082541270749e+01 3.057304905043883763e-07
4.334167083541770893e+01 3.046579674841691812e-07
4.338169084542271037e+01 3.035918677859390319e-07
4.342171085542771181e+01 3.025321322796320998e-07
4.346173086543271324e+01 3.014787026055869205e-07
4.350175087543771468e+01 3.004315211613843497e-07
4.354177088544272323e+01 2.993905310889613327e-07
4.358179089544772467e+01 2.983556762619962548e-07
4.362181090545272610e+01 2.973269012735559187e-07
4.366183091545772754e+01 2.963041514240023489e-07
4.370185092546272898e+01 2.952873727091485717e-07
4.374187093546773042e+01 2.942765118086602983e-07
4.378189094547273186e+01 2.932715160746952019e-07
4.382191095547774040e+01 2.922723335207757630e-07
4.386193096548274184e+01 2.912789128108908146e-07
4.390195097548774328e+01 2.902912032488151445e-07
4.394197098549274472e+01 2.893091547676500678e-07
4.398199099549774616e+01 2.883327179195718936e-07
4.402201100550274759e+01 2.873618438657880720e-07
4.406203101550775614e+01 2.863964843666950959e-07
4.410205102551275758e+01 2.854365917722323831e-07
4.414207103551775901e+01 2.844821190124274829e-07
4.418209104552276045e+01 2.835330195881294303e-07
4.422211105552776189e+01 2.825892475619255345e-07
4.426213106553276333e+01 2.816507575492360457e-07
4.430215107553776477e+01 2.807175047095838920e-07
4.434217108554277331e+01 2.797894447380341411e-07
4.438219109554777475e+01 2.788665338568017567e-07
4.442221110555277619e+01 2.779487288070203439e-07
4.446223111555777763e+01 2.770359868406703489e-07
4.450225112556277907e+01 2.761282657126639595e-07
4.454227113556778050e+01 2.752255236730790837e-07
4.458229114557278194e+01 2.743277194595452644e-07
4.462231115557779049e+01 2.734348122897707316e-07
4.466233116558279193e+01 2.725467618542153021e-07
4.470235117558779336e+01 2.716635283088978000e-07
4.474237118559279480e+01 2.707850722683422303e-07
4.478239119559779624e+01 2.699113547986539203e-07
4.482241120560279768e+01 2.690423374107271095e-07
4.486243121560779912e+01 2.681779820535778467e-07
4.490245122561280766e+01 2.673182511078009262e-07
4.494247123561780910e+01 2.664631073791489536e-07
4.498249124562281054e+01 2.656125140922279861e-07
4.502251125562781198e+01 2.647664348843099037e-07
4.506253126563281342e+01 2.639248337992596593e-07
4.510255127563781485e+01 2.630876752815702609e-07
4.514257128564282340e+01 2.622549241705083977e-07
4.518259129564782484e+01 2.614265456943663158e-07
4.522261130565282627e+01 2.606025054648157077e-07
4.526263131565782771e+01 2.597827694713649414e-07
4.530265132566282915e+01 2.589673040759147023e-07
4.534267133566783059e+01 2.581560760074117336e-07
4.538269134567283203e+01 2.573490523565970199e-07
4.542271135567784057e+01 2.565462005708475157e-07
4.546273136568284201e+01 2.557474884491101470e-07
4.550275137568784345e+01 2.549528841369221044e-07
4.554277138569284489e+01 2.541623561215227754e-07
4.558279139569784633e+01 2.533758732270481553e-07
4.562281140570284776e+01 2.525934046098101741e-07
4.566283141570784920e+01 2.518149197536585557e-07
4.570285142571285775e+01 2.510403884654220337e-07
4.574287143571785919e+01 2.502697808704299293e-07
4.578289144572286062e+01 2.495030674081087978e-07
4.582291145572786206e+01 2.487402188276563664e-07
4.586293146573286350e+01 2.479812061837887937e-07
4.590295147573786494e+01 2.472260008325602442e-07
4.594297148574287348e+01 2.464745744272538262e-07
4.598299149574787492e+01 2.457268989143427260e-07
4.602301150575287636e+01 2.449829465295177303e-07
4.606303151575787780e+01 2.442426897937830387e-07
4.610305152576287924e+01 2.435061015096184639e-07
4.614307153576788068e+01 2.427731547572025114e-07
4.618309154577288211e+01 2.420438228907020050e-07
4.622311155577789066e+01 2.413180795346211627e-07
4.626313156578289210e+01 2.405958985802120828e-07
4.630315157578789353e+01 2.398772541819438346e-07
4.634317158579289497e+01 2.391621207540296756e-07
4.638319159579789641e+01 2.384504729670122386e-07
4.642321160580289785e+01 2.377422857444030609e-07
4.646323161580789929e+01 2.370375342593776467e-07
4.650325162581290783e+01 2.363361939315242370e-07
4.654327163581790927e+01 2.356382404236455196e-07
4.658329164582291071e+01 2.349436496386105776e-07
4.662331165582791215e+01 2.342523977162590636e-07
4.666333166583291359e+01 2.335644610303541843e-07
4.670335167583791502e+01 2.328798161855846796e-07
4.674337168584292357e+01 2.321984400146142370e-07
4.678339169584792501e+01 2.315203095751785505e-07
4.682341170585292645e+01 2.308454021472270078e-07
4.686343171585792788e+01 2.301736952301110707e-07
4.690345172586292932e+01 2.295051665398157742e-07
4.694347173586793076e+01 2.288397940062350329e-07
4.698349174587293220e+01 2.281775557704897766e-07
4.702351175587794074e+01 2.275184301822871392e-07
4.706353176588294218e+01 2.268623957973225030e-07
4.710355177588794362e+01 2.262094313747188916e-07
4.714357178589294506e+01 2.255595158745091380e-07
4.718359179589794650e+01 2.249126284551539988e-07
4.722361180590294794e+01 2.242687484711006873e-07
4.726363181590794937e+01 2.236278554703770354e-07
4.730365182591295792e+01 2.229899291922236395e-07
4.734367183591795936e+01 2.223549495647614760e-07
4.738369184592296079e+01 2.217228967026942974e-07
4.742371185592796223e+01 2.210937509050472934e-07
4.746373186593296367e+01 2.204674926529384934e-07
4.750375187593796511e+01 2.198441026073840256e-07
4.754377188594297365e+01 2.192235616071370441e-07
4.758379189594797509e+01 2.186058506665579440e-07
4.762381190595297653e+01 2.179909509735164732e-07
4.766383191595797797e+01 2.173788438873257389e-07
4.770385192596297941e+01 2.167695109367059671e-07
4.774387193596798085e+01 2.161629338177791787e-07
4.778389194597298228e+01 2.155590943920922411e-07
4.782391195597799083e+01 2.149579746846701480e-07
4.786393196598299227e+01 2.143595568820975693e-07
4.790395197598799371e+01 2.137638233306271091e-07
4.794397198599299514e+01 2.131707565343170505e-07
4.798399199599799658e+01 2.125803391531951206e-07
4.802401200600299802e+01 2.119925540014483548e-07
4.806403201600799946e+01 2.114073840456403835e-07
4.810405202601300800e+01 2.108248124029528859e-07
4.814407203601800944e+01 2.102448223394539631e-07
4.818409204602301088e+01 2.096673972683893557e-07
4.822411205602801232e+01 2.090925207484995740e-07
4.826413206603301376e+01 2.085201764823605079e-07
4.830415207603801520e+01 2.079503483147473559e-07
4.834417208604301663e+01 2.073830202310216368e-07
4.838419209604802518e+01 2.068181763555415462e-07
4.842421210605302662e+01 2.062558009500942318e-07
4.846423211605802805e+01 2.056958784123497192e-07
4.850425212606302949e+01 2.051383932743372591e-07
4.854427213606803093e+01 2.045833302009424257e-07
4.858429214607303237e+01 2.040306739884250741e-07
4.862431215607804091e+01 2.034804095629583140e-07
4.866433216608304235e+01 2.029325219791872040e-07
4.870435217608804379e+01 2.023869964188072713e-07
4.874437218609304523e+01 2.018438181891630694e-07
4.878439219609804667e+01 2.013029727218658997e-07
4.882441220610304811e+01 2.007644455714298501e-07
4.886443221610804954e+01 2.002282224139268920e-07
4.890445222611305809e+01 1.996942890456605327e-07
4.894447223611805953e+01 1.991626313818570701e-07
4.898449224612306097e+01 1.986332354553743172e-07
4.902451225612806240e+01 1.981060874154283266e-07
4.906453226613306384e+01 1.975811735263371610e-07
4.910455227613806528e+01 1.970584801662808634e-07
4.914457228614306672e+01 1.965379938260792419e-07
4.918459229614807526e+01 1.960197011079844767e-07
4.922461230615307670e+01 1.955035887244913566e-07
4.926463231615807814e+01 1.949896434971618092e-07
4.930465232616307958e+01 1.944778523554662919e-07
4.934467233616808102e+01 1.939682023356395831e-07
4.938469234617308246e+01 1.934606805795521103e-07
4.942471235617809100e+01 1.929552743335960757e-07
4.946473236618309244e+01 1.924519709475858485e-07
4.950475237618809388e+01 1.919507578736731804e-07
4.954477238619309531e+01 1.914516226652762382e-07
4.958479239619809675e+01 1.909545529760226394e-07
4.962481240620309819e+01 1.904595365587061982e-07
4.966483241620809963e+01 1.899665612642573839e-07
4.970485242621310817e+01 1.894756150407265105e-07
4.974487243621810961e+01 1.889866859322807706e-07
4.978489244622311105e+01 1.884997620782134183e-07
4.982491245622811249e+01 1.880148317119658433e-07
4.986493246623311393e+01 1.875318831601625090e-07
4.990495247623811537e+01 1.870509048416578823e-07
4.994497248624311680e+01 1.865718852665952204e-07
4.998499249624812535e+01 1.860948130354775876e-07
5.002501250625312679e+01 1.856196768382512072e-07
5.006503251625812823e+01 1.851464654533982889e-07
5.010505252626312966e+01 1.846751677470443090e-07
5.014507253626813110e+01 1.842057726720737610e-07
5.018509254627313254e+01 1.837382692672585324e-07
5.022511255627814108e+01 1.832726466563966308e-07
5.026513256628314252e+01 1.828088940474616039e-07
5.030515257628814396e+01 1.823470007317627596e-07
5.034517258629314540e+01 1.818869560831154705e-07
5.038519259629814684e+01 1.814287495570219081e-07
5.042521260630314828e+01 1.809723706898620726e-07
5.046523261630814972e+01 1.805178090980940097e-07
5.050525262631315826e+01 1.800650544774650893e-07
5.054527263631815970e+01 1.796140966022318364e-07
5.058529264632316114e+01 1.791649253243895536e-07
5.062531265632816257e+01 1.787175305729114482e-07
5.066533266633316401e+01 1.782719023529972072e-07
5.070535267633816545e+01 1.778280307453302825e-07
5.074537268634316689e+01 1.773859059053440954e-07
5.078539269634817543e+01 1.769455180624977175e-07
5.082541270635317687e+01 1.765068575195592806e-07
5.086543271635817831e+01 1.760699146518992342e-07
5.090545272636317975e+01 1.756346799067905900e-07
5.094547273636818119e+01 1.752011438027188015e-07
5.098549274637318263e+01 1.747692969286990298e-07
5.102551275637819117e+01 1.743391299436021694e-07
5.106553276638319261e+01 1.739106335754880216e-07
5.110555277638819405e+01 1.734837986209474678e-07
5.114557278639319549e+01 1.730586159444512333e-07
5.118559279639819692e+01 1.726350764777070953e-07
5.122561280640319836e+01 1.722131712190243169e-07
5.126563281640819980e+01 1.717928912326857576e-07
5.130565282641320835e+01 1.713742276483269449e-07
5.134567283641820978e+01 1.709571716603228231e-07
5.138569284642321122e+01 1.705417145271812503e-07
5.142571285642821266e+01 1.701278475709436440e-07
5.146573286643321410e+01 1.697155621765928254e-07
5.150575287643821554e+01 1.693048497914671635e-07
5.154577288644321698e+01 1.688957019246822374e-07
5.158579289644822552e+01 1.684881101465581354e-07
5.162581290645322696e+01 1.680820660880545115e-07
5.166583291645822840e+01 1.676775614402108015e-07
5.170585292646322984e+01 1.672745879535940907e-07
5.174587293646823127e+01 1.668731374377521945e-07
5.178589294647323271e+01 1.664732017606736757e-07
5.182591295647823415e+01 1.660747728482537897e-07
5.186593296648324269e+01 1.656778426837661743e-07
5.190595297648824413e+01 1.652824033073412363e-07
5.194597298649324557e+01 1.648884468154490644e-07
5.198599299649824701e+01 1.644959653603898591e-07
5.202601300650324845e+01 1.641049511497887839e-07
5.206603301650824989e+01 1.637153964460969040e-07
5.210605302651325843e+01 1.633272935660976303e-07
5.214607303651825987e+01 1.629406348804192526e-07
5.218609304652326131e+01 1.625554128130514952e-07
5.222611305652826275e+01 1.621716198408687433e-07
5.226613306653326418e+01 1.617892484931581395e-07
5.230615307653826562e+01 1.614082913511526046e-07
5.234617308654326706e+01 1.610287410475692833e-07
5.238619309654827561e+01 1.606505902661530734e-07
5.242621310655327704e+01 1.602738317412249718e-07
5.246623311655827848e+01 1.598984582572355025e-07
5.250625312656327992e+01 1.595244626483228837e-07
5.254627313656828136e+01 1.591518377978764082e-07
5.258629314657328280e+01 1.587805766381035570e-07
5.262631315657828424e+01 1.584106721496033855e-07
5.266633316658329278e+01 1.580421173609428751e-07
5.270635317658829422e+01 1.576749053482393191e-07
5.274637318659329566e+01 1.573090292347458063e-07
5.278639319659829710e+01 1.569444821904422098e-07
5.282641320660329853e+01 1.565812574316303844e-07
5.286643321660829997e+01 1.562193482205331235e-07
5.290645322661330852e+01 1.558587478648980119e-07
5.294647323661830995e+01 1.554994497176053294e-07
5.298649324662331139e+01 1.551414471762799239e-07
5.302651325662831283e+01 1.547847336829074000e-07
5.306653326663331427e+01 1.544293027234544894e-07
5.310655327663831571e+01 1.540751478274927298e-07
5.314657328664331715e+01 1.537222625678275440e-07
5.318659329664832569e+01 1.533706405601292777e-07
5.322661330665332713e+01 1.530202754625700606e-07
5.326663331665832857e+01 1.526711609754629439e-07
5.330665332666333001e+01 1.523232908409056962e-07
5.334667333666833144e+01 1.519766588424280147e-07
5.338669334667333288e+01 1.516312588046424415e-07
5.342671335667833432e+01 1.512870845928986947e-07
5.346673336668334287e+01 1.509441301129421555e-07
5.350675337668834430e+01 1.506023893105753197e-07
5.354677338669334574e+01 1.502618561713228753e-07
5.358679339669834718e+01 1.499225247201003276e-07
5.362681340670334862e+01 1.495843890208863034e-07
5.366683341670835006e+01 1.492474431763974223e-07
5.370685342671335860e+01 1.489116813277672186e-07
5.374687343671836004e+01 1.485770976542282923e-07
5.378689344672336148e+01 1.482436863727973183e-07
5.382691345672836292e+01 1.479114417379634446e-07
5.386693346673336436e+01 1.475803580413799454e-07
5.390695347673836579e+01 1.472504296115588925e-07
5.394697348674336723e+01 1.469216508135691881e-07
5.398699349674837578e+01 1.465940160487367148e-07
5.402701350675337721e+01 1.462675197543491716e-07
5.406703351675837865e+01 1.459421564033622851e-07
5.410705352676338009e+01 1.456179205041094897e-07
5.414707353676838153e+01 1.452948066000151536e-07
5.418709354677338297e+01 1.449728092693093933e-07
5.422711355677838441e+01 1.446519231247473885e-07
5.426713356678339295e+01 1.443321428133295697e-07
5.430715357678839439e+01 1.440134630160264648e-07
5.434717358679339583e+01 1.436958784475047106e-07
5.438719359679839727e+01 1.433793838558568494e-07
5.442721360680339870e+01 1.430639740223334015e-07
5.446723361680840014e+01 1.427496437610772413e-07
5.450725362681340869e+01 1.424363879188612816e-07
5.454727363681841013e+01 1.421242013748283818e-07
5.458729364682341156e+01 1.418130790402333729e-07
5.462731365682841300e+01 1.415030158581885777e-07
5.466733366683341444e+01 1.411940068034107328e-07
5.470735367683841588e+01 1.408860468819712463e-07
5.474737368684341732e+01 1.405791311310487585e-07
5.478739369684842586e+01 1.402732546186830255e-07
5.482741370685342730e+01 1.399684124435331976e-07
5.486743371685842874e+01 1.396645997346364412e-07
5.490745372686343018e+01 1.393618116511699488e-07
5.494747373686843162e+01 1.390600433822152261e-07
5.498749374687343305e+01 1.387592901465240987e-07
5.502751375687843449e+01 1.384595471922876839e-07
5.506753376688344304e+01 1.381608097969069246e-07
5.510755377688844447e+01 1.378630732667658222e-07
5.514757378689344591e+01 1.375663329370062054e-07
5.518759379689844735e+01 1.372705841713054903e-07
5.522761380690344879e+01 1.369758223616558952e-07
5.526763381690845023e+01 1.366820429281458276e-07
5.530765382691345167e+01 1.363892413187437840e-07
5.534767383691846021e+01 1.360974130090834691e-07
5.538769384692346165e+01 1.358065535022522487e-07
5.542771385692846309e+01 1.355166583285799475e-07
5.546773386693346453e+01 1.352277230454308762e-07
5.550775387693846596e+01 1.349397432369973935e-07
5.554777388694346740e+01 1.346527145140954535e-07
5.558779389694847595e+01 1.343666325139618741e-07
5.562781390695347739e+01 1.340814929000538541e-07
5.566783391695847882e+01 1.337972913618499211e-07
5.570785392696348026e+01 1.335140236146529697e-07
5.574787393696848170e+01 1.332316853993955233e-07
5.578789394697348314e+01 1.329502724824456841e-07
5.582791395697848458e+01 1.326697806554162594e-07
5.586793396698349312e+01 1.323902057349744708e-07
5.590795397698849456e+01 1.321115435626544154e-07
5.594797398699349600e+01 1.318337900046703217e-07
5.598799399699849744e+01 1.315569409517318961e-07
5.602801400700349888e+01 1.312809923188620261e-07
5.606803401700850031e+01 1.310059400452146148e-07
5.610805402701350175e+01 1.307317800938959894e-07
5.614807403701851030e+01 1.304585084517861510e-07
5.618809404702351173e+01 1.301861211293628826e-07
5.622811405702851317e+01 1.299146141605270488e-07
5.626813406703351461e+01 1.296439836024289009e-07
5.630815407703851605e+01 1.293742255352973469e-07
5.634817408704351749e+01 1.291053360622690364e-07
5.638819409704852603e+01 1.288373113092205682e-07
5.642821410705352747e+01 1.285701474246013075e-07
5.646823411705852891e+01 1.283038405792674731e-07
5.650825412706353035e+01 1.280383869663188192e-07
5.654827413706853179e+01 1.277737828009355811e-07
5.658829414707353322e+01 1.275100243202175923e-07
5.662831415707853466e+01 1.272471077830247243e-07
5.666833416708354321e+01 1.269850294698184655e-07
5.670835417708854465e+01 1.267237856825054310e-07
5.674837418709354608e+01 1.264633727442813773e-07
5.678839419709854752e+01 1.262037869994777823e-07
5.682841420710354896e+01 1.259450248134086127e-07
5.686843421710855040e+01 1.256870825722195782e-07
5.690845422711355184e+01 1.254299566827374916e-07
5.694847423711856038e+01 1.251736435723219861e-07
5.698849424712356182e+01 1.249181396887181040e-07
5.702851425712856326e+01 1.246634414999100518e-07
5.706853426713356470e+01 1.244095454939764371e-07
5.710855427713856614e+01 1.241564481789468281e-07
5.714857428714356757e+01 1.239041460826594795e-07
5.718859429714857612e+01 1.236526357526199567e-07
5.722861430715357756e+01 1.234019137558617727e-07
5.726863431715857899e+01 1.231519766788075011e-07
5.730865432716358043e+01 1.229028211271312657e-07
5.734867433716858187e+01 1.226544437256228444e-07
5.738869434717358331e+01 1.224068411180522767e-07
5.742871435717858475e+01 1.221600099670362437e-07
5.746873436718359329e+01 1.219139469539051373e-07
5.750875437718859473e+01 1.216686487785717701e-07
5.754877438719359617e+01 1.214241121594003760e-07
5.758879439719859761e+01 1.211803338330778354e-07
5.762881440720359905e+01 1.209373105544850843e-07
5.766883441720860048e+01 1.206950390965700863e-07
5.770885442721360192e+01 1.204535162502217307e-07
5.774887443721861047e+01 1.202127388241448945e-07
5.778889444722361191e+01 1.199727036447365379e-07
5.782891445722861334e+01 1.197334075559626198e-07
5.786893446723361478e+01 1.194948474192365748e-07
5.790895447723861622e+01 1.192570201132981875e-07
5.794897448724361766e+01 1.190199225340940553e-07
5.798899449724862620e+01 1.187835515946585931e-07
5.802901450725362764e+01 1.185479042249965607e-07
5.806903451725862908e+01 1.183129773719658943e-07
5.810905452726363052e+01 1.180787679991621920e-07
5.814907453726863196e+01 1.178452730868035444e-07
5.818909454727363340e+01 1.176124896316171378e-07
5.822911455727863483e+01 1.173804146467257911e-07
5.826913456728364338e+01 1.171490451615362936e-07
5.830915457728864482e+01 1.169183782216283774e-07
5.834917458729364625e+01 1.166884108886442588e-07
5.838919459729864769e+01 1.164591402401797151e-07
5.842921460730364913e+01 1.162305633696755589e-07
5.846923461730865057e+01 1.160026773863104219e-07
5.850925462731365201e+01 1.157754794148939494e-07
5.854927463731866055e+01 1.155489665957613186e-07
5.858929464732366199e+01 1.153231360846685764e-07
5.862931465732866343e+01 1.150979850526882828e-07
5.866933466733366487e+01 1.148735106861067419e-07
5.870935467733866631e+01 1.146497101863217492e-07
5.874937468734366774e+01 1.144265807697410796e-07
5.878939469734866918e+01 1.142041196676818896e-07
5.882941470735367773e+01 1.139823241262711903e-07
5.886943471735867917e+01 1.137611914063466791e-07
5.890945472736368060e+01 1.135407187833585625e-07
5.894947473736868204e+01 1.133209035472724126e-07
5.898949474737368348e+01 1.131017430024724462e-07
5.902951475737868492e+01 1.128832344676659030e-07
5.906953476738369346e+01 1.126653752757877143e-07
5.910955477738869490e+01 1.124481627739067475e-07
5.914957478739369634e+01 1.122315943231319306e-07
5.918959479739869778e+01 1.120156672985196744e-07
5.922961480740369922e+01 1.118003790889818636e-07
5.926963481740870066e+01 1.115857270971946680e-07
5.930965482741370209e+01 1.113717087395079107e-07
5.934967483741871064e+01 1.111583214458553611e-07
5.938969484742371208e+01 1.109455626596656253e-07
5.942971485742871351e+01 1.107334298377738290e-07
5.946973486743371495e+01 1.105219204503337646e-07
5.950975487743871639e+01 1.103110319807312027e-07
5.954977488744371783e+01 1.101007619254973622e-07
5.958979489744871927e+01 1.098911077942234528e-07
5.962981490745372781e+01 1.096820671094756407e-07
5.966983491745872925e+01 1.094736374067109279e-07
5.970985492746373069e+01 1.092658162341935337e-07
5.974987493746873213e+01 1.090586011529118198e-07
5.978989494747373357e+01 1.088519897364961409e-07
5.982991495747873500e+01 1.086459795711372256e-07
5.986993496748374355e+01 1.084405682555050196e-07
5.990995497748874499e+01 1.082357534006686412e-07
5.994997498749374643e+01 1.080315326300162576e-07
5.998999499749874786e+01 1.078279035791763635e-07
6.003001500750374930e+01 1.076248638959387687e-07
6.007003501750875074e+01 1.074224112401773463e-07
6.011005502751375218e+01 1.072205432837721451e-07
6.015007503751876072e+01 1.070192577105332763e-07
6.019009504752376216e+01 1.068185522161243621e-07
6.023011505752876360e+01 1.066184245079872033e-07
6.027013506753376504e+01 1.064188723052668961e-07
6.031015507753876648e+01 1.062198933387375182e-07
6.035017508754376792e+01 1.060214853507282517e-07
6.039019509754876935e+01 1.058236460950501676e-07
6.043021510755377790e+01 1.056263733369237781e-07
6.047023511755877934e+01 1.054296648529068003e-07
6.051025512756378077e+01 1.052335184308225825e-07
6.055027513756878221e+01 1.050379318696892308e-07
6.059029514757378365e+01 1.048429029796490806e-07
6.063031515757878509e+01 1.046484295818989354e-07
6.067033516758379363e+01 1.044545095086204648e-07
6.071035517758879507e+01 1.042611406029115416e-07
6.075037518759379651e+01 1.040683207187178173e-07
6.079039519759879795e+01 1.038760477207650526e-07
6.083041520760379939e+01 1.036843194844915660e-07
6.087043521760880083e+01 1.034931338959817422e-07
6.091045522761380226e+01 1.033024888518994734e-07
6.095047523761881081e+01 1.031123822594225540e-07
6.099049524762381225e+01 1.029228120361774596e-07
6.103051525762881369e+01 1.027337761101743497e-07
6.107053526763381512e+01 1.025452724197427732e-07
6.111055527763881656e+01 1.023572989134680346e-07
6.115057528764381800e+01 1.021698535501276404e-07
6.119059529764881944e+01 1.019829342986284994e-07
6.123061530765382798e+01 1.017965391379445600e-07
6.127063531765882942e+01 1.016106660570548044e-07
6.131065532766383086e+01 1.014253130548817070e-07
6.135067533766883230e+01 1.012404781402303134e-07
6.139069534767383374e+01 1.010561593317276254e-07
6.143071535767883518e+01 1.008723546577625007e-07
6.147073536768384372e+01 1.006890621564258980e-07
6.151075537768884516e+01 1.005062798754517296e-07
6.155077538769384660e+01 1.003240058721580195e-07
6.159079539769884803e+01 1.001422382133883657e-07
6.163081540770384947e+01 9.996097497545447364e-08
6.167083541770885091e+01 9.978021424407801590e-08
6.171085542771385235e+01 9.959995411433407925e-08
6.175087543771886089e+01 9.942019269059402975e-08
6.179089544772386233e+01 9.924092808646987320e-08
6.183091545772886377e+01 9.906215842475758335e-08
6.187093546773386521e+01 9.888388183738240213e-08
6.191095547773886665e+01 9.870609646534334576e-08
6.195097548774386809e+01 9.852880045865886225e-08
6.199099549774886952e+01 9.835199197631227722e-08
6.203101550775387807e+01 9.817566918619828523e-08
6.207103551775887951e+01 9.799983026506932201e-08
6.211105552776388095e+01 9.782447339848239989e-08
6.215107553776888238e+01 9.764959678074671091e-08
6.219109554777388382e+01 9.747519861487097838e-08
6.223111555777888526e+01 9.730127711251178791e-08
6.227113556778388670e+01 9.712783049392202426e-08
6.231115557778889524e+01 9.695485698789942732e-08
6.235117558779389668e+01 9.678235483173616720e-08
6.239119559779889812e+01 9.661032227116810163e-08
6.243121560780389956e+01 9.643875756032481430e-08
6.247123561780890100e+01 9.626765896167979867e-08
6.251125562781390244e+01 9.609702474600119777e-08
6.255127563781891098e+01 9.592685319230275567e-08
6.259129564782391242e+01 9.575714258779499396e-08
6.263131565782891386e+01 9.558789122783719561e-08
6.267133566783391529e+01 9.541909741588907111e-08
6.271135567783891673e+01 9.525075946346335111e-08
6.275137568784391817e+01 9.508287569007835260e-08
6.279139569784891961e+01 9.491544442321127292e-08
6.283141570785392815e+01 9.474846399825106041e-08
6.287143571785892959e+01 9.458193275845260835e-08
6.291145572786393103e+01 9.441584905489052560e-08
6.295147573786893247e+01 9.425021124641343643e-08
6.299149574787393391e+01 9.408501769959886283e-08
6.303151575787893535e+01 9.392026678870790825e-08
6.307153576788393678e+01 9.375595689564093394e-08
6.311155577788894533e+01 9.359208640989271913e-08
6.315157578789394677e+01 9.342865372850881239e-08
6.319159579789894821e+01 9.326565725604153885e-08
6.323161580790394964e+01 9.310309540450645740e-08
6.327163581790895108e+01 9.294096659333947967e-08
6.331165582791395252e+01 9.277926924935369778e-08
6.335167583791896107e+01 9.261800180669709891e-08
6.339169584792396250e+01 9.245716270681010775e-08
6.343171585792896394e+01 9.229675039838369808e-08
6.347173586793396538e+01 9.213676333731764992e-08
6.351175587793896682e+01 9.197719998667920375e-08
6.355177588794396826e+01 9.181805881666207204e-08
6.359179589794896970e+01 9.165933830454529199e-08
6.363181590795397824e+01 9.150103693465305764e-08
6.367183591795897968e+01 9.134315319831419461e-08
6.371185592796398112e+01 9.118568559382223048e-08
6.375187593796898256e+01 9.102863262639582243e-08
6.379189594797398399e+01 9.087199280813911880e-08
6.383191595797898543e+01 9.071576465800274254e-08
6.387193596798398687e+01 9.055994670174480135e-08
6.391195597798899541e+01 9.040453747189217550e-08
6.395197598799399685e+01 9.024953550770250732e-08
6.399199599799899829e+01 9.009493935512566117e-08
6.403201600800400684e+01 8.994074756676600399e-08
6.407203601800900117e+01 8.978695870184509615e-08
6.411205602801400971e+01 8.963357132616381322e-08
6.415207603801900405e+01 8.948058401206580443e-08
6.419209604802401259e+01 8.932799533840028935e-08
6.423211605802900692e+01 8.917580389048571495e-08
6.427213606803401547e+01 8.902400826007318756e-08
6.431215607803902401e+01 8.887260704531056663e-08
6.435217608804401834e+01 8.872159885070669081e-08
6.439219609804902689e+01 8.857098228709536582e-08
6.443221610805402122e+01 8.842075597160051698e-08
6.447223611805902976e+01 8.827091852760070649e-08
6.451225612806402410e+01 8.812146858469439182e-08
6.455227613806903264e+01 8.797240477866515766e-08
6.459229614807404118e+01 8.782372575144742435e-08
6.463231615807903552e+01 8.767543015109220918e-08
6.467233616808404406e+01 8.752751663173303331e-08
6.471235617808903839e+01 8.737998385355245080e-08
6.475237618809404694e+01 8.723283048274807455e-08
6.479239619809904127e+01 8.708605519149989944e-08
6.483241620810404982e+01 8.693965665793661950e-08
6.487243621810905836e+01 8.679363356610332154e-08
6.491245622811405269e+01 8.664798460592841117e-08
6.495247623811906124e+01 8.650270847319127997e-08
6.499249624812405557e+01 8.635780386949050203e-08
6.503251625812906411e+01 8.621326950221114379e-08
6.507253626813405845e+01 8.606910408449375469e-08
6.511255627813906699e+01 8.592530633520204756e-08
6.515257628814407553e+01 8.578187497889216723e-08
6.519259629814906987e+01 8.563880874578120468e-08
6.523261630815407841e+01 8.549610637171618774e-08
6.527263631815907274e+01 8.535376659814354819e-08
6.531265632816408129e+01 8.521178817207850944e-08
6.535267633816907562e+01 8.507016984607460660e-08
6.539269634817408416e+01 8.492891037819369619e-08
6.543271635817909271e+01 8.478800853197588651e-08
6.547273636818408704e+01 8.464746307641005029e-08
6.551275637818909559e+01 8.450727278590368883e-08
6.555277638819408992e+01 8.436743644025430494e-08
6.559279639819909846e+01 8.422795282461947888e-08
6.563281640820410701e+01 8.408882072948851919e-08
6.567283641820910134e+01 8.395003895065334595e-08
6.571285642821410988e+01 8.381160628917969167e-08
6.575287643821910422e+01 8.367352155137922859e-08
6.579289644822411276e+01 8.353578354878069016e-08
6.583291645822910709e+01 8.339839109810226305e-08
6.587293646823411564e+01 8.326134302122346305e-08
6.591295647823912418e+01 8.312463814515764615e-08
6.595297648824411851e+01 8.298827530202417560e-08
6.599299649824912706e+01 8.285225332902133006e-08
6.603301650825412139e+01 8.271657106839905302e-08
6.607303651825912993e+01 8.258122736743196679e-08
6.611305652826412427e+01 8.244622107839249249e-08
6.615307653826913281e+01 8.231155105852416847e-08
6.619309654827414136e+01 8.217721617001539236e-08
6.623311655827913569e+01 8.204321527997289824e-08
6.627313656828414423e+01 8.190954726039555167e-08
6.631315657828913857e+01 8.177621098814855482e-08
6.635317658829414711e+01 8.164320534493749288e-08
6.639319659829914144e+01 8.151052921728292305e-08
6.643321660830414999e+01 8.137818149649438124e-08
6.647323661830915853e+01 8.124616107864572546e-08
6.651325662831415286e+01 8.111446686454949985e-08
6.655327663831916141e+01 8.098309775973186777e-08
6.659329664832415574e+01 8.085205267440824638e-08
6.663331665832916428e+01 8.072133052345808096e-08
6.667333666833415862e+01 8.059093022640069123e-08
6.671335667833916716e+01 8.046085070737064119e-08
6.675337668834417570e+01 8.033109089509369135e-08
6.679339669834917004e+01 8.020164972286271125e-08
6.683341670835417858e+01 8.007252612851338015e-08
6.687343671835917291e+01 7.994371905440113190e-08
6.691345672836418146e+01 7.981522744737672331e-08
6.695347673836917579e+01 7.968705025876349661e-08
6.699349674837418434e+01 7.955918644433347725e-08
6.703351675837919288e+01 7.943163496428443783e-08
6.707353676838418721e+01 7.930439478321700174e-08
6.711355677838919576e+01 7.917746487011131004e-08
6.715357678839419009e+01 7.905084419830474716e-08
6.719359679839919863e+01 7.892453174546896511e-08
6.723361680840420718e+01 7.879852649358770184e-08
6.727363681840920151e+01 7.867282742893420246e-08
6.731365682841421005e+01 7.854743354204909056e-08
6.735367683841920439e+01 7.842234382771849092e-08
6.739369684842421293e+01 7.829755728495179487e-08
6.743371685842920726e+01 7.817307291696021980e-08
6.747373686843421581e+01 7.804888973113472012e-08
6.751375687843922435e+01 7.792500673902499672e-08
6.755377688844421868e+01 7.780142295631775205e-08
6.759379689844922723e+01 7.767813740281543488e-08
6.763381690845422156e+01 7.755514910241531595e-08
6.767383691845923011e+01 7.743245708308827244e-08
6.771385692846422444e+01 7.731006037685824741e-08
6.775387693846923298e+01 7.718795801978099457e-08
6.779389694847424153e+01 7.706614905192402745e-08
6.783391695847923586e+01 7.694463251734580087e-08
6.787393696848424440e+01 7.682340746407539541e-08
6.791395697848923874e+01 7.670247294409241363e-08
6.795397698849424728e+01 7.658182801330657183e-08
6.799399699849924161e+01 7.646147173153815216e-08
6.803401700850425016e+01 7.634140316249768703e-08
6.807403701850925870e+01 7.622162137376655677e-08
6.811405702851425303e+01 7.610212543677721672e-08
6.815407703851926158e+01 7.598291442679353018e-08
6.819409704852425591e+01 7.586398742289177631e-08
6.823411705852926445e+01 7.574534350794093019e-08
6.827413706853425879e+01 7.562698176858389573e-08
6.831415707853926733e+01 7.550890129521801065e-08
6.835417708854427588e+01 7.539110118197668975e-08
6.839419709854927021e+01 7.527358052671023426e-08
6.843421710855427875e+01 7.515633843096707800e-08
6.847423711855927309e+01 7.503937399997551007e-08
6.851425712856428163e+01 7.492268634262484151e-08
6.855427713856927596e+01 7.480627457144740590e-08
6.859429714857428451e+01 7.469013780259995113e-08
6.863431715857929305e+01 7.457427515584575898e-08
6.867433716858428738e+01 7.445868575453655310e-08
6.871435717858929593e+01 7.434336872559436721e-08
6.875437718859429026e+01 7.422832319949411468e-08
6.879439719859929880e+01 7.411354831024535093e-08
6.883441720860429314e+01 7.399904319537520040e-08
6.887443721860930168e+01 7.388480699591044970e-08
6.891445722861431022e+01 7.377083885636038202e-08
6.895447723861930456e+01 7.365713792469934676e-08
6.899449724862431310e+01 7.354370335234962031e-08
6.903451725862930743e+01 7.343053429416433310e-08
6.907453726863431598e+01 7.331762990841034361e-08
6.911455727863932452e+01 7.320498935675157568e-08
6.915457728864431886e+01 7.309261180423201163e-08
6.919459729864932740e+01 7.298049641925905606e-08
6.923461730865432173e+01 7.286864237358709805e-08
6.927463731865933028e+01 7.275704884230066321e-08
6.931465732866432461e+01 7.264571500379847884e-08
6.935467733866933315e+01 7.253464003977670532e-08
6.939469734867434170e+01 7.242382313521309396e-08
6.943471735867933603e+01 7.231326347835065515e-08
6.947473736868434457e+01 7.220296026068163089e-08
6.951475737868933891e+01 7.209291267693183793e-08
6.955477738869434745e+01 7.198311992504442856e-08
6.959479739869934178e+01 7.187358120616448518e-08
6.963481740870435033e+01 7.176429572462323112e-08
6.967483741870935887e+01 7.165526268792245311e-08
6.971485742871435320e+01 7.154648130671912239e-08
6.975487743871936175e+01 7.143795079480988342e-08
6.979489744872435608e+01 7.132967036911599252e-08
6.983491745872936463e+01 7.122163924966783313e-08
6.987493746873435896e+01 7.111385665959005295e-08
6.991495747873936750e+01 7.100632182508630417e-08
6.995497748874437605e+01 7.089903397542463212e-08
6.999499749874937038e+01 7.079199234292230810e-08
7.003501750875437892e+01 7.068519616293117834e-08
7.007503751875937326e+01 7.057864467382310566e-08
7.011505752876438180e+01 7.047233711697515958e-08
7.015507753876937613e+01 7.036627273675530943e-08
7.019509754877438468e+01 7.026045078050776011e-08
7.023511755877939322e+01 7.015487049853893628e-08
7.027513756878438755e+01 7.004953114410300347e-08
7.031515757878939610e+01 6.994443197338752139e-08
7.035517758879439043e+01 6.983957224549985176e-08
7.039519759879939897e+01 6.973495122245258663e-08
7.043521760880439331e+01 6.963056816915004886e-08
7.047523761880940185e+01 6.952642235337410426e-08
7.051525762881441040e+01 6.942251304577055617e-08
7.055527763881940473e+01 6.931883951983557965e-08
7.059529764882441327e+01 6.921540105190167932e-08
7.063531765882940761e+01 6.911219692112463969e-08
7.067533766883441615e+01 6.900922640946960214e-08
7.071535767883942469e+01 6.890648880169806817e-08
7.075537768884441903e+01 6.880398338535438664e-08
7.079539769884942757e+01 6.870170945075239974e-08
7.083541770885442190e+01 6.859966629096261838e-08
7.087543771885943045e+01 6.849785320179877556e-08
7.091545772886442478e+01 6.839626948180508116e-08
7.095547773886943332e+01 6.829491443224301350e-08
7.099549774887444187e+01 6.819378735707879919e-08
7.103551775887943620e+01 6.809288756297032375e-08
7.107553776888444474e+01 6.799221435925443942e-08
7.111555777888943908e+01 6.789176705793451107e-08
7.115557778889444762e+01 6.779154497366755194e-08
7.119559779889944195e+01 6.769154742375207397e-08
7.123561780890445050e+01 6.759177372811515733e-08
7.127563781890945904e+01 6.749222320930060519e-08
7.131565782891445338e+01 6.739289519245633089e-08
7.135567783891946192e+01 6.729378900532206269e-08
7.139569784892445625e+01 6.719490397821749857e-08
7.143571785892946480e+01 6.709623944402981249e-08
7.147573786893445913e+01 6.699779473820202091e-08
7.151575787893946767e+01 6.689956919872072729e-08
7.155577788894447622e+01 6.680156216610432983e-08
7.159579789894947055e+01 6.670377298339122912e-08
7.163581790895447909e+01 6.660620099612799621e-08
7.167583791895947343e+01 6.650884555235776559e-08
7.171585792896448197e+01 6.641170600260848259e-08
7.175587793896947630e+01 6.631478169988141551e-08
7.179589794897448485e+01 6.621807199963956188e-08
7.183591795897949339e+01 6.612157625979642524e-08
7.187593796898448772e+01 6.602529384070440813e-08
7.191595797898949627e+01 6.592922410514356249e-08
7.195597798899449060e+01 6.583336641831039290e-08
7.199599799899949915e+01 6.573772014780654074e-08
7.203601800900449348e+01 6.564228466362790516e-08
7.207603801900950202e+01 6.554705933815322131e-08
7.211605802901451057e+01 6.545204354613337983e-08
7.215607803901950490e+01 6.535723666468034923e-08
7.219609804902451344e+01 6.526263807325616446e-08
7.223611805902950778e+01 6.516824715366239195e-08
7.227613806903451632e+01 6.507406329002901226e-08
7.231615807903951065e+01 6.498008586880408371e-08
7.235617808904451920e+01 6.488631427874270440e-08
7.239619809904952774e+01 6.479274791089674198e-08
7.243621810905452207e+01 6.469938615860421927e-08
7.247623811905953062e+01 6.460622841747864692e-08
7.251625812906452495e+01 6.451327408539891197e-08
7.255627813906953349e+01 6.442052256249865020e-08
7.259629814907454204e+01 6.432797325115604210e-08
7.263631815907953637e+01 6.423562555598370133e-08
7.267633816908454492e+01 6.414347888381812657e-08
7.271635817908953925e+01 6.405153264371004004e-08
7.275637818909454779e+01 6.395978624691378633e-08
7.279639819909954213e+01 6.386823910687776361e-08
7.283641820910455067e+01 6.377689063923414009e-08
7.287643821910955921e+01 6.368574026178909992e-08
7.291645822911455355e+01 6.359478739451287731e-08
7.295647823911956209e+01 6.350403145952994950e-08
7.299649824912455642e+01 6.341347188110945467e-08
7.303651825912956497e+01 6.332310808565510696e-08
7.307653826913455930e+01 6.323293950169595855e-08
7.311655827913956784e+01 6.314296555987647344e-08
7.315657828914457639e+01 6.305318569294714394e-08
7.319659829914957072e+01 6.296359933575505422e-08
7.323661830915457926e+01 6.287420592523412613e-08
7.327663831915957360e+01 6.278500490039607985e-08
7.331665832916458214e+01 6.269599570232079881e-08
7.335667833916957647e+01 6.260717777414727710e-08
7.339669834917458502e+01 6.251855056106405058e-08
7.343671835917959356e+01 6.243011351030039574e-08
7.347673836918458790e+01 6.234186607111686669e-08
7.351675837918959644e+01 6.225380769479624254e-08
7.355677838919459077e+01 6.216593783463462032e-08
7.359679839919959932e+01 6.207825594593222993e-08
7.363681840920459365e+01 6.199076148598461973e-08
7.367683841920960219e+01 6.190345391407359066e-08
7.371685842921461074e+01 6.181633269145851409e-08
7.375687843921960507e+01 6.172939728136743806e-08
7.379689844922461361e+01 6.164264714898812717e-08
7.383691845922960795e+01 6.155608176145972466e-08
7.387693846923461649e+01 6.146970058786371297e-08
7.391695847923961082e+01 6.138350309921552279e-08
7.395697848924461937e+01 6.129748876845575838e-08
7.399699849924962791e+01 6.121165707044181983e-08
7.403701850925462224e+01 6.112600748193936659e-08
7.407703851925963079e+01 6.104053948161372803e-08
7.411705852926462512e+01 6.095525255002169776e-08
7.415707853926963367e+01 6.087014616960302367e-08
7.419709854927464221e+01 6.078521982467214930e-08
7.423711855927963654e+01 6.070047300141003472e-08
7.427713856928464509e+01 6.061590518785558026e-08
7.431715857928963942e+01 6.053151587389796359e-08
7.435717858929464796e+01 6.044730455126797080e-08
7.439719859929964230e+01 6.036327071353028050e-08
7.443721860930465084e+01 6.027941385607512582e-08
7.447723861930965938e+01 6.019573347611053877e-08
7.451725862931465372e+01 6.011222907265415783e-08
7.455727863931966226e+01 6.002890014652533998e-08
7.459729864932465659e+01 5.994574620033732565e-08
7.463731865932966514e+01 5.986276673848935067e-08
7.467733866933465947e+01 5.977996126715886423e-08
7.471735867933966802e+01 5.969732929429366730e-08
7.475737868934467656e+01 5.961487032960426288e-08
7.479739869934967089e+01 5.953258388455616655e-08
7.483741870935467944e+01 5.945046947236218388e-08
7.487743871935967377e+01 5.936852660797492612e-08
7.491745872936468231e+01 5.928675480807903468e-08
7.495747873936967665e+01 5.920515359108384905e-08
7.499749874937468519e+01 5.912372247711579667e-08
7.503751875937969373e+01 5.904246098801096160e-08
7.507753876938468807e+01 5.896136864730773249e-08
7.511755877938969661e+01 5.888044498023925213e-08
7.515757878939469094e+01 5.879968951372631687e-08
7.519759879939969949e+01 5.871910177636979969e-08
7.523761880940469382e+01 5.863868129844364231e-08
7.527763881940970236e+01 5.855842761188741719e-08
7.531765882941471091e+01 5.847834025029929979e-08
7.535767883941970524e+01 5.839841874892879600e-08
7.539769884942471379e+01 5.831866264466962841e-08
7.543771885942970812e+01 5.823907147605281442e-08
7.547773886943471666e+01 5.815964478323932093e-08
7.551775887943971100e+01 5.808038210801337404e-08
7.555777888944471954e+01 5.800128299377524611e-08
7.559779889944972808e+01 5.792234698553441985e-08
7.563781890945472242e+01 5.784357362990277907e-08
7.567783891945973096e+01 5.776496247508744189e-08
7.571785892946472529e+01 5.768651307088429557e-08
7.575787893946973384e+01 5.760822496867086948e-08
7.579789894947472817e+01 5.753009772139983679e-08
7.583791895947973671e+01 5.745213088359209922e-08
7.587793896948474526e+01 5.737432401133014315e-08
7.591795897948973959e+01 5.729667666225150818e-08
7.595797898949474813e+01 5.721918839554187854e-08
7.599799899949974247e+01 5.714185877192878325e-08
7.603801900950475101e+01 5.706468735367476696e-08
7.607803901950975956e+01 5.698767370457114966e-08
7.611805902951475389e+01 5.691081738993125704e-08
7.615807903951976243e+01 5.683411797658410088e-08
7.619809904952475677e+01 5.675757503286797988e-08
7.623811905952976531e+01 5.668118812862395498e-08
7.627813906953475964e+01 5.660495683518954946e-08
7.631815907953976819e+01 5.652888072539245577e-08
7.635817908954477673e+01 5.645295937354419607e-08
7.639819909954977106e+01 5.637719235543384882e-08
7.643821910955477961e+01 5.630157924832171593e-08
7.647823911955977394e+01 5.622611963093338028e-08
7.651825912956478248e+01 5.615081308345315445e-08
7.655827913956977682e+01 5.607565918751831693e-08
7.659829914957478536e+01 5.600065752621267995e-08
7.663831915957979390e+01 5.592580768406069999e-08
7.667833916958478824e+01 5.585110924702137643e-08
7.671835917958979678e+01 5.577656180248213712e-08
7.675837918959479111e+01 5.570216493925301494e-08
7.679839919959979966e+01 5.562791824756046055e-08
7.683841920960479399e+01 5.555382131904167120e-08
7.687843921960980254e+01 5.547987374673838361e-08
7.691845922961481108e+01 5.540607512509132190e-08
7.695847923961980541e+01 5.533242504993408306e-08
7.699849924962481396e+01 5.525892311848743938e-08
7.703851925962980829e+01 5.518556892935352166e-08
7.707853926963481683e+01 5.511236208251007532e-08
7.711855927963981117e+01 5.503930217930474287e-08
7.715857928964481971e+01 5.496638882244926709e-08
7.719859929964982825e+01 5.489362161601393232e-08
7.723861930965482259e+01 5.482100016542189336e-08
7.727863931965983113e+01 5.474852407744341163e-08
7.731865932966482546e+01 5.467619296019052154e-08
7.735867933966983401e+01 5.460400642311117403e-08
7.739869934967482834e+01 5.453196407698397574e-08
7.743871935967983688e+01 5.446006553391242516e-08
7.747873936968484543e+01 5.438831040731963858e-08
7.751875937968983976e+01 5.431669831194279799e-08
7.755877938969484831e+01 5.424522886382764545e-08
7.759879939969984264e+01 5.417390168032326847e-08
7.763881940970485118e+01 5.410271638007648183e-08
7.767883941970985973e+01 5.403167258302673877e-08
7.771885942971485406e+01 5.396076991040064512e-08
7.775887943971986260e+01 5.389000798470657931e-08
7.779889944972485694e+01 5.381938642972967635e-08
7.783891945972986548e+01 5.374890487052630229e-08
7.787893946973485981e+01 5.367856293341912418e-08
7.791895947973986836e+01 5.360836024599157790e-08
7.795897948974487690e+01 5.353829643708298453e-08
7.799899949974987123e+01 5.346837113678325632e-08
7.803901950975487978e+01 5.339858397642776161e-08
7.807903951975987411e+01 5.332893458859238157e-08
7.811905952976488265e+01 5.325942260708822949e-08
7.815907953976987699e+01 5.319004766695676048e-08
7.819909954977488553e+01 5.312080940446466944e-08
7.823911955977989408e+01 5.305170745709891471e-08
7.827913956978488841e+01 5.298274146356179472e-08
7.831915957978989695e+01 5.291391106376584593e-08
7.835917958979489129e+01 5.284521589882912457e-08
7.839919959979989983e+01 5.277665561107013773e-08
7.843921960980489416e+01 5.270822984400303902e-08
7.847923961980990271e+01 5.263993824233272513e-08
7.851925962981491125e+01 5.257178045195007781e-08
7.855927963981990558e+01 5.250375611992711333e-08
7.859929964982491413e+01 5.243586489451211864e-08
7.863931965982990846e+01 5.236810642512508534e-08
7.867933966983491700e+01 5.230048036235270687e-08
7.871935967983991134e+01 5.223298635794395148e-08
7.875937968984491988e+01 5.216562406480501971e-08
7.879939969984992842e+01 5.209839313699504305e-08
7.883941970985492276e+01 5.203129322972122013e-08
7.887943971985993130e+01 5.196432399933413816e-08
7.891945972986492563e+01 5.189748510332335913e-08
7.895947973986993418e+01 5.183077620031263539e-08
7.899949974987492851e+01 5.176419695005552888e-08
7.903951975987993706e+01 5.169774701343068629e-08
7.907953976988494560e+01 5.163142605243750462e-08
7.911955977988993993e+01 5.156523373019150561e-08
7.915957978989494848e+01 5.149916971091987557e-08
7.919959979989994281e+01 5.143323365995710448e-08
7.923961980990495135e+01 5.136742524374038025e-08
7.927963981990994569e+01 5.130174412980535354e-08
7.931965982991495423e+01 5.123618998678159163e-08
7.935967983991996277e+01 5.117076248438836964e-08
7.939969984992495711e+01 5.110546129343019061e-08
7.943971985992996565e+01 5.104028608579245762e-08
7.947973986993495998e+01 5.097523653443726512e-08
7.951975987993996853e+01 5.091031231339897850e-08
7.955977988994497707e+01 5.084551309778011139e-08
7.959979989994997140e+01 5.078083856374697140e-08
7.963981990995497995e+01 5.071628838852535875e-08
7.967983991995997428e+01 5.065186225039664879e-08
7.971985992996498283e+01 5.058755982869322593e-08
7.975987993996997716e+01 5.052338080379457274e-08
7.979989994997498570e+01 5.045932485712302155e-08
7.983991995997999425e+01 5.039539167113967148e-08
7.987993996998498858e+01 5.033158092934025917e-08
7.991995997998999712e+01 5.026789231625099640e-08
7.995997998999499146e+01 5.020432551742461945e-08
8.000000000000000000e+01 5.014088021943621354e-08
