0.000000000000000000e+00 6.713348875234639759e-05
4.002001000500250011e-02 6.749638685432275144e-05
8.004002001000500022e-02 6.786234911486326124e-05
1.200600300150075073e-01 6.823141102590236451e-05
1.600800400200100004e-01 6.860360860384002025e-05
2.001000500250124936e-01 6.897897839898432381e-05
2.401200600300150145e-01 6.935755750519574268e-05
2.801400700350175077e-01 6.973938356973614461e-05
3.201600800400200009e-01 7.012449480332966516e-05
3.601800900450224940e-01 7.051292999043811186e-05
4.002001000500249872e-01 7.090472849975923962e-05
4.402201100550274804e-01 7.129993029495058086e-05
4.802401200600300291e-01 7.169857594558617583e-05
5.202601300650324667e-01 7.210070663835190874e-05
5.602801400700350154e-01 7.250636418848449116e-05
6.003001500750374531e-01 7.291559105146150604e-05
6.403201600800400017e-01 7.332843033494744543e-05
6.803401700850425504e-01 7.374492581100375137e-05
7.203601800900449881e-01 7.416512192856832171e-05
7.603801900950475368e-01 7.458906382621194829e-05
8.004002001000499744e-01 7.501679734517877540e-05
8.404202101050525231e-01 7.544836904271788006e-05
8.804402201100549608e-01 7.588382620571378046e-05
9.204602301150575094e-01 7.632321686462297395e-05
9.604802401200600581e-01 7.676658980772543578e-05
1.000500250125062607e+00 7.721399459569828854e-05
1.040520260130064933e+00 7.766548157652061399e-05
1.080540270135067482e+00 7.812110190071835209e-05
1.120560280140070031e+00 7.858090753695710689e-05
1.160580290145072579e+00 7.904495128799356586e-05
1.200600300150074906e+00 7.951328680699379966e-05
1.240620310155077455e+00 7.998596861422885079e-05
1.280640320160080003e+00 8.046305211415753138e-05
1.320660330165082552e+00 8.094459361290673026e-05
1.360680340170085101e+00 8.143065033615971881e-05
1.400700350175087427e+00 8.192128044746424629e-05
1.440720360180089976e+00 8.241654306697069764e-05
1.480740370185092525e+00 8.291649829061259209e-05
1.520760380190095074e+00 8.342120720974191821e-05
1.560780390195097400e+00 8.393073193123043192e-05
1.600800400200099949e+00 8.444513559805136445e-05
1.640820410205102498e+00 8.496448241035314136e-05
1.680840420210105046e+00 8.548883764704030472e-05
1.720860430215107595e+00 8.601826768787403934e-05
1.760880440220109922e+00 8.655284003610875555e-05
1.800900450225112470e+00 8.709262334167735967e-05
1.840920460230115019e+00 8.763768742494288451e-05
1.880940470235117568e+00 8.818810330103096773e-05
1.920960480240120116e+00 8.874394320475996944e-05
1.960980490245122443e+00 8.930528061618611712e-05
2.001000500250125214e+00 8.987219028678052350e-05
2.041020510255127540e+00 9.044474826625641410e-05
2.081040520260129867e+00 9.102303193006567336e-05
2.121060530265132638e+00 9.160712000758296474e-05
2.161080540270134964e+00 9.219709261099847178e-05
2.201100550275137291e+00 9.279303126493919590e-05
2.241120560280140062e+00 9.339501893683949216e-05
2.281140570285142388e+00 9.400314006808422099e-05
2.321160580290145159e+00 9.461748060594560371e-05
2.361180590295147486e+00 9.523812803633879972e-05
2.401200600300149812e+00 9.586517141741864847e-05
2.441220610305152583e+00 9.649870141404361047e-05
2.481240620310154910e+00 9.713881033313342972e-05
2.521260630315157680e+00 9.778559215994533222e-05
2.561280640320160007e+00 9.843914259529823734e-05
2.601300650325162334e+00 9.909955909377254782e-05
2.641320660330165104e+00 9.976694090291515782e-05
2.681340670335167431e+00 1.004413891034813106e-04
2.721360680340170202e+00 1.011230066507427691e-04
2.761380690345172528e+00 1.018118984168974546e-04
2.801400700350174855e+00 1.025081712346128488e-04
2.841420710355177626e+00 1.032119339417386547e-04
2.881440720360179952e+00 1.039232974272250617e-04
2.921460730365182723e+00 1.046423746782845651e-04
2.961480740370185050e+00 1.053692808288348505e-04
3.001500750375187376e+00 1.061041332092652729e-04
3.041520760380190147e+00 1.068470513975659471e-04
3.081540770385192474e+00 1.075981572718656107e-04
3.121560780390194800e+00 1.083575750644199989e-04
3.161580790395197571e+00 1.091254314170996725e-04
3.201600800400199898e+00 1.099018554384238088e-04
3.241620810405202668e+00 1.106869787621904129e-04
3.281640820410204995e+00 1.114809356077543399e-04
3.321660830415207322e+00 1.122838628420069860e-04
3.361680840420210092e+00 1.130959000431126853e-04
3.401700850425212419e+00 1.139171895660599798e-04
3.441720860430215190e+00 1.147478766100866753e-04
3.481740870435217516e+00 1.155881092880417564e-04
3.521760880440219843e+00 1.164380386977473979e-04
3.561780890445222614e+00 1.172978189954281149e-04
3.601800900450224940e+00 1.181676074712768220e-04
3.641820910455227711e+00 1.190475646272288698e-04
3.681840920460230038e+00 1.199378542570190865e-04
3.721860930465232364e+00 1.208386435285991944e-04
3.761880940470235135e+00 1.217501030689964442e-04
3.801900950475237462e+00 1.226724070516964880e-04
3.841920960480240232e+00 1.236057332866372961e-04
3.881940970485242559e+00 1.245502633129058406e-04
3.921960980490244886e+00 1.255061824942284429e-04
3.961980990495247656e+00 1.264736801173554394e-04
4.002001000500250427e+00 1.274529494934396412e-04
4.042021010505252754e+00 1.284441880625138502e-04
4.082041020510255080e+00 1.294475975011786433e-04
4.122061030515257407e+00 1.304633838336124237e-04
4.162081040520259734e+00 1.314917575460242745e-04
4.202101050525262949e+00 1.325329337046711540e-04
4.242121060530265275e+00 1.335871320775694558e-04
4.282141070535267602e+00 1.346545772600347241e-04
4.322161080540269928e+00 1.357354988041864594e-04
4.362181090545272255e+00 1.368301313525661152e-04
4.402201100550274582e+00 1.379387147760177451e-04
4.442221110555277797e+00 1.390614943159881552e-04
4.482241120560280123e+00 1.401987207314111183e-04
4.522261130565282450e+00 1.413506504503477380e-04
4.562281140570284776e+00 1.425175457265587145e-04
4.602301150575287103e+00 1.436996748011950186e-04
4.642321160580290318e+00 1.448973120698023509e-04
4.682341170585292645e+00 1.461107382548389026e-04
4.722361180590294971e+00 1.473402405839183832e-04
4.762381190595297298e+00 1.485861129739976191e-04
4.802401200600299624e+00 1.498486562217398225e-04
4.842421210605302839e+00 1.511281782002896689e-04
4.882441220610305166e+00 1.524249940627148906e-04
4.922461230615307493e+00 1.537394264523706628e-04
4.962481240620309819e+00 1.550718057204643124e-04
5.002501250625312146e+00 1.564224701511015636e-04
5.042521260630315361e+00 1.577917661941149433e-04
5.082541270635317687e+00 1.591800487059845078e-04
5.122561280640320014e+00 1.605876811991765606e-04
5.162581290645322341e+00 1.620150361002418548e-04
5.202601300650324667e+00 1.634624950170277631e-04
5.242621310655327882e+00 1.649304490153790856e-04
5.282641320660330209e+00 1.664192989057158866e-04
5.322661330665332535e+00 1.679294555398983761e-04
5.362681340670334862e+00 1.694613401188034649e-04
5.402701350675337189e+00 1.710153845110646187e-04
5.442721360680340403e+00 1.725920315834411883e-04
5.482741370685342730e+00 1.741917355433084981e-04
5.522761380690345057e+00 1.758149622937868581e-04
5.562781390695347383e+00 1.774621898020452586e-04
5.602801400700349710e+00 1.791339084813496586e-04
5.642821410705352925e+00 1.808306215874478154e-04
5.682841420710355251e+00 1.825528456299147211e-04
5.722861430715357578e+00 1.843011107991120688e-04
5.762881440720359905e+00 1.860759614094492133e-04
5.802901450725362231e+00 1.878779563596659431e-04
5.842921460730365446e+00 1.897076696108949219e-04
5.882941470735367773e+00 1.915656906832983010e-04
5.922961480740370099e+00 1.934526251721167291e-04
5.962981490745372426e+00 1.953690952840090147e-04
6.003001500750374753e+00 1.973157403946048554e-04
6.043021510755377079e+00 1.992932176282470114e-04
6.083041520760380294e+00 2.013022024609425879e-04
6.123061530765382621e+00 2.033433893476029942e-04
6.163081540770384947e+00 2.054174923747038905e-04
6.203101550775387274e+00 2.075252459395622703e-04
6.243121560780389601e+00 2.096674054574860504e-04
6.283141570785392815e+00 2.118447480981237451e-04
6.323161580790395142e+00 2.140580735524107874e-04
6.363181590795397469e+00 2.163082048315881768e-04
6.403201600800399795e+00 2.185959890998457591e-04
6.443221610805402122e+00 2.209222985422328966e-04
6.483241620810405337e+00 2.232880312695678887e-04
6.523261630815407663e+00 2.256941122621739198e-04
6.563281640820409990e+00 2.281414943543764822e-04
6.603301650825412317e+00 2.306311592617993269e-04
6.643321660830414643e+00 2.331641186536212494e-04
6.683341670835417858e+00 2.357414152720723225e-04
6.723361680840420185e+00 2.383641241015861548e-04
6.763381690845422511e+00 2.410333535901614172e-04
6.803401700850424838e+00 2.437502469256381285e-04
6.843421710855427165e+00 2.465159833697513447e-04
6.883441720860430380e+00 2.493317796529981290e-04
6.923461730865432706e+00 2.521988914335357391e-04
6.963481740870435033e+00 2.551186148235160792e-04
7.003501750875437359e+00 2.580922879864803879e-04
7.043521760880439686e+00 2.611212928096468184e-04
7.083541770885442901e+00 2.642070566551716834e-04
7.123561780890445227e+00 2.673510541947055085e-04
7.163581790895447554e+00 2.705548093318518063e-04
7.203601800900449881e+00 2.738198972174053130e-04
7.243621810905452207e+00 2.771479463625792249e-04
7.283641820910455422e+00 2.805406408557433850e-04
7.323661830915457749e+00 2.839997226885644308e-04
7.363681840920460075e+00 2.875269941978139438e-04
7.403701850925462402e+00 2.911243206295262113e-04
7.443721860930464729e+00 2.947936328326200821e-04
7.483741870935467944e+00 2.985369300895760651e-04
7.523761880940470270e+00 3.023562830922715654e-04
7.563781890945472597e+00 3.062538370716134505e-04
7.603801900950474923e+00 3.102318150902038871e-04
7.643821910955477250e+00 3.142925215079033548e-04
7.683841920960480465e+00 3.184383456308368743e-04
7.723861930965482792e+00 3.226717655551241369e-04
7.763881940970485118e+00 3.269953522174072133e-04
7.803901950975487445e+00 3.314117736651007225e-04
7.843921960980489771e+00 3.359237995602167167e-04
7.883941970985492098e+00 3.405343059316063583e-04
7.923961980990495313e+00 3.452462801915491151e-04
7.963981990995497640e+00 3.500628264337711862e-04
8.004002001000500854e+00 3.549871710312502192e-04
8.044022011005502293e+00 3.600226685535228618e-04
8.084042021010505508e+00 3.651728080246912441e-04
8.124062031015506946e+00 3.704412195449393566e-04
8.164082041020510161e+00 3.758316813001057687e-04
8.204102051025513376e+00 3.813481269857559985e-04
8.244122061030514814e+00 3.869946536742604874e-04
8.284142071035518029e+00 3.927755301556172616e-04
8.324162081040519467e+00 3.986952057851993365e-04
8.364182091045522682e+00 4.047583198742644626e-04
8.404202101050525897e+00 4.109697116619520944e-04
8.444222111055527336e+00 4.173344309106623491e-04
8.484242121060530550e+00 4.238577491701513481e-04
8.524262131065531989e+00 4.305451717594483579e-04
8.564282141070535204e+00 4.374024505198288379e-04
8.604302151075536642e+00 4.444355973965768373e-04
8.644322161080539857e+00 4.516508989122331699e-04
8.684342171085543072e+00 4.590549315994233901e-04
8.724362181090544510e+00 4.666545784673317558e-04
8.764382191095547725e+00 4.744570465824088433e-04
8.804402201100549163e+00 4.824698858510885740e-04
8.844422211105552378e+00 4.907010091002113241e-04
8.884442221110555593e+00 4.991587135595412957e-04
8.924462231115557032e+00 5.078517038604007635e-04
8.964482241120560246e+00 5.167891166750255725e-04
9.004502251125561685e+00 5.259805471329781403e-04
9.044522261130564900e+00 5.354360771639205723e-04
9.084542271135568114e+00 5.451663059303847895e-04
9.124562281140569553e+00 5.551823825301087020e-04
9.164582291145572768e+00 5.654960411651536100e-04
9.204602301150574206e+00 5.761196389946227764e-04
9.244622311155577421e+00 5.870661969096455102e-04
9.284642321160580636e+00 5.983494434935586904e-04
9.324662331165582074e+00 6.099838624573271579e-04
9.364682341170585289e+00 6.219847438704751048e-04
9.404702351175586728e+00 6.343682395415936549e-04
9.444722361180589942e+00 6.471514229403434442e-04
9.484742371185593157e+00 6.603523540952258063e-04
9.524762381190594596e+00 6.739901499490064075e-04
9.564782391195597810e+00 6.880850607071054221e-04
9.604802401200599249e+00 7.026585527744387376e-04
9.644822411205602464e+00 7.177333989439992762e-04
9.684842421210605679e+00 7.333337765769618825e-04
9.724862431215607117e+00 7.494853746006202013e-04
9.764882441220610332e+00 7.662155102483630877e-04
9.804902451225611770e+00 7.835532565769470640e-04
9.844922461230614985e+00 8.015295819224515670e-04
9.884942471235618200e+00 8.201775025997732737e-04
9.924962481240619638e+00 8.395322503140826512e-04
9.964982491245622853e+00 8.596314559393612676e-04
1.000500250125062429e+01 8.805153515327018279e-04
1.004502251125562751e+01 9.022269926978201092e-04
1.008504252126063072e+01 9.248125036921811797e-04
1.012506253126563216e+01 9.483213479954376041e-04
1.016508254127063537e+01 9.728066274295319371e-04
1.020510255127563681e+01 9.983254133512451528e-04
1.024512256128064003e+01 1.024939113936399913e-03
1.028514257128564324e+01 1.052713882153036642e-03
1.032516258129064468e+01 1.081721069693337154e-03
1.036518259129564790e+01 1.112037732917743604e-03
1.040520260130064933e+01 1.143747197780471767e-03
1.044522261130565255e+01 1.176939691778301203e-03
1.048524262131065576e+01 1.211713052224152633e-03
1.052526263131565720e+01 1.248173521630340259e-03
1.056528264132066042e+01 1.286436642737669037e-03
1.060530265132566186e+01 1.326628267800313444e-03
1.064532266133066507e+01 1.368885699199167121e-03
1.068534267133566829e+01 1.413358981389643571e-03
1.072536268134066972e+01 1.460212367695144743e-03
1.076538269134567294e+01 1.509625989659126467e-03
1.080540270135067438e+01 1.561797761722573440e-03
1.084542271135567759e+01 1.616945560093768514e-03
1.088544272136068081e+01 1.675309722066288098e-03
1.092546273136568225e+01 1.737155921025720527e-03
1.096548274137068546e+01 1.802778483352086977e-03
1.100550275137568690e+01 1.872504226865104489e-03
1.104552276138069011e+01 1.946696917000408913e-03
1.108554277138569333e+01 2.025762457350731034e-03
1.112556278139069477e+01 2.110154956594344905e-03
1.116558279139569798e+01 2.200383845507410379e-03
1.120560280140069942e+01 2.297022257469222284e-03
1.124562281140570263e+01 2.400716935916784832e-03
1.128564282141070585e+01 2.512199995615915782e-03
1.132566283141570729e+01 2.632302945411731966e-03
1.136568284142071050e+01 2.761973483672706085e-03
1.140570285142571194e+01 2.902295711176434631e-03
1.144572286143071516e+01 3.054514579493284882e-03
1.148574287143571837e+01 3.220065619372651511e-03
1.152576288144071981e+01 3.400611291618821537e-03
1.156578289144572302e+01 3.598085697971791907e-03
1.160580290145072446e+01 3.814749917282706047e-03
1.164582291145572768e+01 4.053260943191921636e-03
1.168584292146073089e+01 4.316758165400889566e-03
1.172586293146573233e+01 4.608972660836051054e-03
1.176588294147073555e+01 4.934366393801218990e-03
1.180590295147573698e+01 5.298310986416724863e-03
1.184592296148074020e+01 5.707319340326388359e-03
1.188594297148574341e+01 6.169348560882132251e-03
1.192596298149074485e+01 6.694200105594779425e-03
1.196598299149574807e+01 7.294054003543709065e-03
1.200600300150074951e+01 7.984190169192054848e-03
1.204602301150575272e+01 8.783974095808470481e-03
1.208604302151075416e+01 9.718221075453789895e-03
1.212606303151575737e+01 1.081910981801257818e-02
1.216608304152076059e+01 1.212890469275709586e-02
1.220610305152576203e+01 1.370388485303414457e-02
1.224612306153076524e+01 1.562009880772581745e-02
1.228614307153576668e+01 1.798191205887435251e-02
1.232616308154076989e+01 2.093486081898062942e-02
1.236618309154577311e+01 2.468513973734814959e-02
1.240620310155077455e+01 2.952912365808508036e-02
1.244622311155577776e+01 3.589717922473839584e-02
1.248624312156077920e+01 4.441436945285804488e-02
1.252626313156578242e+01 5.596786999398010304e-02
1.256628314157078563e+01 7.171881064688502561e-02
1.260630315157578707e+01 9.282993783135921884e-02
1.264632316158079028e+01 1.193017059890845860e-01
1.268634317158579172e+01 1.471466331876145339e-01
1.272636318159079494e+01 1.658592025055765917e-01
1.276638319159579815e+01 1.643995237817167665e-01
1.280640320160079959e+01 1.442468971758954221e-01
1.284642321160580281e+01 1.174595376869789765e-01
1.288644322161080424e+01 9.349868763603093325e-02
1.292646323161580746e+01 7.546352135448088083e-02
1.296648324162081067e+01 6.313840895882347204e-02
1.300650325162581211e+01 5.545295674884488657e-02
1.304652326163081533e+01 5.123068611692992158e-02
1.308654327163581677e+01 4.899078384571218386e-02
1.312656328164081998e+01 4.672840054893385997e-02
1.316658329164582319e+01 4.290336535076081509e-02
1.320660330165082463e+01 3.782463309107280541e-02
1.324662331165582785e+01 3.284648643829060632e-02
1.328664332166082929e+01 2.882995194288042254e-02
1.332666333166583250e+01 2.594311588446719663e-02
1.336668334167083572e+01 2.405923718949929541e-02
1.340670335167583715e+01 2.301357907068221284e-02
1.344672336168084037e+01 2.268850055479116820e-02
1.348674337168584181e+01 2.302897376020000830e-02
1.352676338169084502e+01 2.404199363462300107e-02
1.356678339169584824e+01 2.579828083447752510e-02
1.360680340170084968e+01 2.844229798149587596e-02
1.364682341170585289e+01 3.221390608991754612e-02
1.368684342171085433e+01 3.748513517322041300e-02
1.372686343171585754e+01 4.481442962089724619e-02
1.376688344172086076e+01 5.501041846234464017e-02
1.380690345172586220e+01 6.915336341664829467e-02
1.384692346173086541e+01 8.837854663099163621e-02
1.388694347173586685e+01 1.128810585449474546e-01
1.392696348174087007e+01 1.393549372373212303e-01
1.396698349174587328e+01 1.582393895618295632e-01
1.400700350175087472e+01 1.582962715011561605e-01
1.404702351175587793e+01 1.393792213075876196e-01
1.408704352176087937e+01 1.126282233965096163e-01
1.412706353176588259e+01 8.771319582413103499e-02
1.416708354177088580e+01 6.803553027356798455e-02
1.420710355177588724e+01 5.343013254186330246e-02
1.424712356178089045e+01 4.275765013534145453e-02
1.428714357178589189e+01 3.492240356350535119e-02
1.432716358179089511e+01 2.909660635679310950e-02
1.436718359179589832e+01 2.469976825211544005e-02
1.440720360180089976e+01 2.133333495640305638e-02
1.444722361180590298e+01 1.872365541903138822e-02
1.448724362181090441e+01 1.668122261886311949e-02
1.452726363181590763e+01 1.507333930005769207e-02
1.456728364182091084e+01 1.380614920545061332e-02
1.460730365182591228e+01 1.281286130246757360e-02
1.464732366183091550e+01 1.204601619690924726e-02
1.468734367183591694e+01 1.147241030630371389e-02
1.472736368184092015e+01 1.106980773648868523e-02
1.476738369184592337e+01 1.082490518481106327e-02
1.480740370185092480e+01 1.073223735545900635e-02
1.484742371185592802e+01 1.079386703029674294e-02
1.488744372186092946e+01 1.101982914294878831e-02
1.492746373186593267e+01 1.142941886341107202e-02
1.496748374187093589e+01 1.205355564205263727e-02
1.500750375187593733e+01 1.293864861114571094e-02
1.504752376188094054e+01 1.415267245480495394e-02
1.508754377188594198e+01 1.579458140673459937e-02
1.512756378189094519e+01 1.800876050923513536e-02
1.516758379189594841e+01 2.100678519312254230e-02
1.520760380190094985e+01 2.509847362981638269e-02
1.524762381190595306e+01 3.072968186877664612e-02
1.528764382191095450e+01 3.850399740160091733e-02
1.532766383191595772e+01 4.909648186810999793e-02
1.536768384192096093e+01 6.279002551966361700e-02
1.540770385192596237e+01 7.816625027164456063e-02
1.544772386193096558e+01 9.033050569387583717e-02
1.548774387193596702e+01 9.247339007940082178e-02
1.552776388194097024e+01 8.306332306501341967e-02
1.556778389194597167e+01 6.791041153429717980e-02
1.560780390195097489e+01 5.312956271834777533e-02
1.564782391195597810e+01 4.123215322781739745e-02
1.568784392196097954e+01 3.233954757872439800e-02
1.572786393196598276e+01 2.582912188742936613e-02
1.576788394197098420e+01 2.104862449237225597e-02
1.580790395197598741e+01 1.749357670557191019e-02
1.584792396198099063e+01 1.480744885924509258e-02
1.588794397198599206e+01 1.274492108327722820e-02
1.592796398199099528e+01 1.113750828350783956e-02
1.596798399199599672e+01 9.868501140298958224e-03
1.600800400200100171e+01 8.856038452428671021e-03
1.604802401200600315e+01 8.041943447723050656e-03
1.608804402201100459e+01 7.384386128198594697e-03
1.612806403201600602e+01 6.853036164848142799e-03
1.616808404202101102e+01 6.425838457826718066e-03
1.620810405202601245e+01 6.086859375942755244e-03
1.624812406203101389e+01 5.824855734088111789e-03
1.628814407203601888e+01 5.632349568738839046e-03
1.632816408204102032e+01 5.505077722175189155e-03
1.636818409204602176e+01 5.441744902364134030e-03
1.640820410205102675e+01 5.444055030254246752e-03
1.644822411205602819e+01 5.517037956632121418e-03
1.648824412206102963e+01 5.669735763689490518e-03
1.652826413206603107e+01 5.916374545104941506e-03
1.656828414207103606e+01 6.278235664111028388e-03
1.660830415207603750e+01 6.786567943036768760e-03
1.664832416208103893e+01 7.487051923173255498e-03
1.668834417208604393e+01 8.446484247587241270e-03
1.672836418209104536e+01 9.762207467719183004e-03
1.676838419209604680e+01 1.157328029278244241e-02
1.680840420210105179e+01 1.406600264792196714e-02
1.684842421210605323e+01 1.744682155510237850e-02
1.688844422211105467e+01 2.181700031277950674e-02
1.692846423211605611e+01 2.689015341139331522e-02
1.696848424212106110e+01 3.175331034455670248e-02
1.700850425212606254e+01 3.506954144992389943e-02
1.704852426213106398e+01 3.545829109473318252e-02
1.708854427213606897e+01 3.233965275230949593e-02
1.712856428214107041e+01 2.700969516645056884e-02
1.716858429214607185e+01 2.149118754242808696e-02
1.720860430215107328e+01 1.689389663406328651e-02
1.724862431215607828e+01 1.340061797149255836e-02
1.728864432216107971e+01 1.082441803426271131e-02
1.732866433216608115e+01 8.926377510722543346e-03
1.736868434217108614e+01 7.511910489790944029e-03
1.740870435217608758e+01 6.440871480076827173e-03
1.744872436218108902e+01 5.616121379514061630e-03
1.748874437218609401e+01 4.970755369691899801e-03
1.752876438219109545e+01 4.458361003309846415e-03
1.756878439219609689e+01 4.046326295347437742e-03
1.760880440220109833e+01 3.711395196027718942e-03
1.764882441220610332e+01 3.436735062991181505e-03
1.768884442221110476e+01 3.209991550338156269e-03
1.772886443221610620e+01 3.021984818857350544e-03
1.776888444222111119e+01 2.865824690799403246e-03
1.780890445222611262e+01 2.736302646172189025e-03
1.784892446223111406e+01 2.629469498714266662e-03
1.788894447223611905e+01 2.542339819570400491e-03
1.792896448224112049e+01 2.472684715516967890e-03
1.796898449224612193e+01 2.418887847217419691e-03
1.800900450225112337e+01 2.379848351673181841e-03
1.804902451225612836e+01 2.354920342071367256e-03
1.808904452226112980e+01 2.343883010079321656e-03
1.812906453226613124e+01 2.346938805888018880e-03
1.816908454227113623e+01 2.364740289821537153e-03
1.820910455227613767e+01 2.398449544868994955e-03
1.824912456228113911e+01 2.449838069990546967e-03
1.828914457228614410e+01 2.521440570853809762e-03
1.832916458229114554e+01 2.616784102028738360e-03
1.836918459229614697e+01 2.740726263698219263e-03
1.840920460230114841e+01 2.899955268232709115e-03
1.844922461230615340e+01 3.103734833041835520e-03
1.848924462231115484e+01 3.365024240267020569e-03
1.852926463231615628e+01 3.702176476498449369e-03
1.856928464232116127e+01 4.141520176854826887e-03
1.860930465232616271e+01 4.721244836350234168e-03
1.864932466233116415e+01 5.497008433973057419e-03
1.868934467233616914e+01 6.549060927794964765e-03
1.872936468234117058e+01 7.987647042608608111e-03
1.876938469234617202e+01 9.942720442414112667e-03
1.880940470235117346e+01 1.249455883945881605e-02
1.884942471235617845e+01 1.545845911826393415e-02
1.888944472236117988e+01 1.803284581563287248e-02
1.892946473236618132e+01 1.890478684517652233e-02
1.896948474237118631e+01 1.750833683456277587e-02
1.900950475237618775e+01 1.477642091258281505e-02
1.904952476238118919e+01 1.195932642101732619e-02
1.908954477238619418e+01 9.656665468659167070e-03
1.912956478239119562e+01 7.946098992817269765e-03
1.916958479239619706e+01 6.720942086931342048e-03
1.920960480240119850e+01 5.854968911320239215e-03
1.924962481240620349e+01 5.248046203855208890e-03
1.928964482241120493e+01 4.829409369751994432e-03
1.932966483241620637e+01 4.551127002627773296e-03
1.936968484242121136e+01 4.381373576633117162e-03
1.940970485242621280e+01 4.299448029501841927e-03
1.944972486243121423e+01 4.292450246600615534e-03
1.948974487243621923e+01 4.353180226936275224e-03
1.952976488244122066e+01 4.478888087330672521e-03
1.956978489244622210e+01 4.670627140366348864e-03
1.960980490245122354e+01 4.933068746090573525e-03
1.964982491245622853e+01 5.274720567174213080e-03
1.968984492246122997e+01 5.708559777001567456e-03
1.972986493246623141e+01 6.253163167879967690e-03
1.976988494247123640e+01 6.934502089406950100e-03
1.980990495247623784e+01 7.788690645122881354e-03
1.984992496248123928e+01 8.866156593102090047e-03
1.988994497248624427e+01 1.023798105440701205e-02
1.992996498249124571e+01 1.200556261112047628e-02
1.996998499249624714e+01 1.431529707267085658e-02
2.001000500250124858e+01 1.738038643111245590e-02
2.005002501250625357e+01 2.151104260713134625e-02
2.009004502251125501e+01 2.714788809006471113e-02
2.013006503251625645e+01 3.486709045331929518e-02
2.017008504252126144e+01 4.524211820257786898e-02
2.021010505252626288e+01 5.825738619639333343e-02
2.025012506253126432e+01 7.189257837704260412e-02
2.029014507253626931e+01 8.087734095488664787e-02
2.033016508254127075e+01 7.972530777162177562e-02
2.037018509254627219e+01 6.922115407090288774e-02
2.041020510255127363e+01 5.535894603219615462e-02
2.045022511255627862e+01 4.278133838604841754e-02
2.049024512256128006e+01 3.295021298086617950e-02
2.053026513256628149e+01 2.567496327132676864e-02
2.057028514257128649e+01 2.035473219002807699e-02
2.061030515257628792e+01 1.643703256893170803e-02
2.065032516258128936e+01 1.350971532504558620e-02
2.069034517258629080e+01 1.128473738530484834e-02
2.073036518259129579e+01 9.564197633351124994e-03
2.077038519259629723e+01 8.211766431822104667e-03
2.081040520260129867e+01 7.132474305487764184e-03
2.085042521260630366e+01 6.259185100694179132e-03
2.089044522261130510e+01 5.543681862734216488e-03
2.093046523261630654e+01 4.950784125560361328e-03
2.097048524262131153e+01 4.454429973427342405e-03
2.101050525262631297e+01 4.035033256732061327e-03
2.105052526263131440e+01 3.677675479755869621e-03
2.109054527263631584e+01 3.370850602302669866e-03
2.113056528264132083e+01 3.105581071188571584e-03
2.117058529264632227e+01 2.874786597292938468e-03
2.121060530265132371e+01 2.672827414025715637e-03
2.125062531265632870e+01 2.495169625234711867e-03
2.129064532266133014e+01 2.338137097663622963e-03
2.133066533266633158e+01 2.198725464753807386e-03
2.137068534267133657e+01 2.074461232604079327e-03
2.141070535267633801e+01 1.963294002538056547e-03
2.145072536268133945e+01 1.863513266324192535e-03
2.149074537268634089e+01 1.773683616081438976e-03
2.153076538269134588e+01 1.692593884026905113e-03
2.157078539269634732e+01 1.619216913312984630e-03
2.161080540270134875e+01 1.552677510807757340e-03
2.165082541270635375e+01 1.492226747303751141e-03
2.169084542271135518e+01 1.437221219493869506e-03
2.173086543271635662e+01 1.387106218803289652e-03
2.177088544272136161e+01 1.341401997990849561e-03
2.181090545272636305e+01 1.299692510649179053e-03
2.185092546273136449e+01 1.261616137880562346e-03
2.189094547273636593e+01 1.226858022344338777e-03
2.193096548274137092e+01 1.195143711110286614e-03
2.197098549274637236e+01 1.166233871536844239e-03
2.201100550275137380e+01 1.139919893295145191e-03
2.205102551275637879e+01 1.116020228067041500e-03
2.209104552276138023e+01 1.094377348889221876e-03
2.213106553276638166e+01 1.074855235508564684e-03
2.217108554277138666e+01 1.057337311917551240e-03
2.221110555277638809e+01 1.041724778587199435e-03
2.225112556278138953e+01 1.027935295708053533e-03
2.229114557278639097e+01 1.015901985720686325e-03
2.233116558279139596e+01 1.005572734188830107e-03
2.237118559279639740e+01 9.969097781990557926e-04
2.241120560280139884e+01 9.898895814953079415e-04
2.245122561280640383e+01 9.845030060264422199e-04
2.249124562281140527e+01 9.807558011131515489e-04
2.253126563281640671e+01 9.786694447546573014e-04
2.257128564282141170e+01 9.782823876045003853e-04
2.261130565282641314e+01 9.796517700310502109e-04
2.265132566283141458e+01 9.828557080248732491e-04
2.269134567283641601e+01 9.879962766870657200e-04
2.273136568284142101e+01 9.952033636422342230e-04
2.277138569284642244e+01 1.004639623216544222e-03
2.281140570285142388e+01 1.016506841675410711e-03
2.285142571285642887e+01 1.031054133000141280e-03
2.289144572286143031e+01 1.048588536423315093e-03
2.293146573286643175e+01 1.069488800203058278e-03
2.297148574287143674e+01 1.094223439265361785e-03
2.301150575287643818e+01 1.123374590322833268e-03
2.305152576288143962e+01 1.157669822672426551e-03
2.309154577288644106e+01 1.198024998088056655e-03
2.313156578289144605e+01 1.245602669121932725e-03
2.317158579289644749e+01 1.301892615765194066e-03
2.321160580290144893e+01 1.368824353168049532e-03
2.325162581290645392e+01 1.448926456365950358e-03
2.329164582291145535e+01 1.545555409477745437e-03
2.333166583291645679e+01 1.663229120018118283e-03
2.337168584292146178e+01 1.808119966250557606e-03
2.341170585292646322e+01 1.988793321956350019e-03
2.345172586293146466e+01 2.217325046883067766e-03
2.349174587293646610e+01 2.510998374124343881e-03
2.353176588294147109e+01 2.894852893291469716e-03
2.357178589294647253e+01 3.405349045502022512e-03
2.361180590295147397e+01 4.094969252070260017e-03
2.365182591295647896e+01 5.035487081782323050e-03
2.369184592296148040e+01 6.310321274929433198e-03
2.373186593296648184e+01 7.966667379166130977e-03
2.377188594297148683e+01 9.870907920623929466e-03
2.381190595297648827e+01 1.148360995952055034e-02
2.385192596298148970e+01 1.196065831715124005e-02
2.389194597298649114e+01 1.098705412087768070e-02
2.393196598299149613e+01 9.197444777969510793e-03
2.397198599299649757e+01 7.381285333794234890e-03
2.401200600300149901e+01 5.900761980568721733e-03
2.405202601300650400e+01 4.794703972991760932e-03
2.409204602301150544e+01 3.991675502654075565e-03
2.413206603301650688e+01 3.410385766428265190e-03
2.417208604302150832e+01 2.986661542842119176e-03
2.421210605302651331e+01 2.674874240069636741e-03
2.425212606303151475e+01 2.443608678304916466e-03
2.429214607303651619e+01 2.271331039740078113e-03
2.433216608304152118e+01 2.143175427971978804e-03
2.437218609304652261e+01 2.048760156525963362e-03
2.441220610305152405e+01 1.980744636348708530e-03
2.445222611305652904e+01 1.933879925121594241e-03
2.449224612306153048e+01 1.904380436431161614e-03
2.453226613306653192e+01 1.889503961922365171e-03
2.457228614307153336e+01 1.887267783825890026e-03
2.461230615307653835e+01 1.896254823351549261e-03
2.465232616308153979e+01 1.915480324452325037e-03
2.469234617308654123e+01 1.944300032475984510e-03
2.473236618309154622e+01 1.982347489687282232e-03
2.477238619309654766e+01 2.029492374845333087e-03
2.481240620310154910e+01 2.085814655170220664e-03
2.485242621310655409e+01 2.151591252511977047e-03
2.489244622311155553e+01 2.227293304074865095e-03
2.493246623311655696e+01 2.313593153342817250e-03
2.497248624312155840e+01 2.411381101362583459e-03
2.501250625312656339e+01 2.521792809626049927e-03
2.505252626313156483e+01 2.646249190751680767e-03
2.509254627313656627e+01 2.786511781385460004e-03
2.513256628314157126e+01 2.944758129234739241e-03
2.517258629314657270e+01 3.123683878384282339e-03
2.521260630315157414e+01 3.326641358196577407e-03
2.525262631315657913e+01 3.557829122222282408e-03
2.529264632316158057e+01 3.822553919692730628e-03
2.533266633316658201e+01 4.127597419946420730e-03
2.537268634317158345e+01 4.481736921613937129e-03
2.541270635317658844e+01 4.896495913296640412e-03
2.545272636318158987e+01 5.387242430007960214e-03
2.549274637318659131e+01 5.974819039825370569e-03
2.553276638319159630e+01 6.687988024125023773e-03
2.557278639319659774e+01 7.567112259679380400e-03
2.561280640320159918e+01 8.669627089741446108e-03
2.565282641320660417e+01 1.007777543992831835e-02
2.569284642321160561e+01 1.190793311381739203e-02
2.573286643321660705e+01 1.431579164104623651e-02
2.577288644322160849e+01 1.747461769954022220e-02
2.581290645322661348e+01 2.146069997573003818e-02
2.585292646323161492e+01 2.593625417770980407e-02
2.589294647323661636e+01 2.974298550262070157e-02
2.593296648324162135e+01 3.133815882466345348e-02
2.597298649324662279e+01 3.051083740927131374e-02
2.601300650325162422e+01 2.875292840763124871e-02
2.605302651325662922e+01 2.758295480827310797e-02
2.609304652326163065e+01 2.771215345699429289e-02
2.613306653326663209e+01 2.937044952962590202e-02
2.617308654327163353e+01 3.269423156964931798e-02
2.621310655327663852e+01 3.786944511068788405e-02
2.625312656328163996e+01 4.511630984428633556e-02
2.629314657328664140e+01 5.469879573111092325e-02
2.633316658329164639e+01 6.709783529499757648e-02
2.637318659329664783e+01 8.281471266262967201e-02
2.641320660330164927e+01 1.014049202946780276e-01
2.645322661330665426e+01 1.210207008667813916e-01
2.649324662331165570e+01 1.382351014090794361e-01
2.653326663331665713e+01 1.463400593248404269e-01
2.657328664332165857e+01 1.387366747911333853e-01
2.661330665332666356e+01 1.180651161960665080e-01
2.665332666333166500e+01 9.378517166877567424e-02
2.669334667333666644e+01 7.253434857821872139e-02
2.673336668334167143e+01 5.610278839257658301e-02
2.677338669334667287e+01 4.394882585802583480e-02
2.681340670335167431e+01 3.502490526176445934e-02
2.685342671335667930e+01 2.841445541490493845e-02
2.689344672336168074e+01 2.344261385712416434e-02
2.693346673336668218e+01 1.963878583298768465e-02
2.697348674337168362e+01 1.667896012044288445e-02
2.701350675337668861e+01 1.433902241536791008e-02
2.705352676338169005e+01 1.246207995293667492e-02
2.709354677338669148e+01 1.093664066055586789e-02
2.713356678339169648e+01 9.682214133093862071e-03
2.717358679339669791e+01 8.639780938872408320e-03
2.721360680340169935e+01 7.765421302031974733e-03
2.725362681340670434e+01 7.026000143916554148e-03
2.729364682341170578e+01 6.396203259953425584e-03
2.733366683341670722e+01 5.856472526530885452e-03
2.737368684342170866e+01 5.391547826105013395e-03
2.741370685342671365e+01 4.989424579004737501e-03
2.745372686343171509e+01 4.640600443019066677e-03
2.749374687343671653e+01 4.337526594272743397e-03
2.753376688344172152e+01 4.074206514041018440e-03
2.757378689344672296e+01 3.845903653771908914e-03
2.761380690345172439e+01 3.648932070853925288e-03
2.765382691345672583e+01 3.480513290940601221e-03
2.769384692346173082e+01 3.338689749590116260e-03
2.773386693346673226e+01 3.222291328944367362e-03
2.777388694347173370e+01 3.130957744555953534e-03
2.781390695347673869e+01 3.065226942305250644e-03
2.785392696348174013e+01 3.026709579881841587e-03
2.789394697348674157e+01 3.018383754644616678e-03
2.793396698349174656e+01 3.045063894869504215e-03
2.797398699349674800e+01 3.114121793983284144e-03
2.801400700350174944e+01 3.236551292582293734e-03
2.805402701350675088e+01 3.428405398100914468e-03
2.809404702351175587e+01 3.712259975647949455e-03
2.813406703351675731e+01 4.116952526045940426e-03
2.817408704352175874e+01 4.669831899004915805e-03
2.821410705352676374e+01 5.369238657635715985e-03
2.825412706353176517e+01 6.135543261475566272e-03
2.829414707353676661e+01 6.819530956300906381e-03
2.833416708354177160e+01 7.382010260479858650e-03
2.837418709354677304e+01 8.024255962278924181e-03
2.841420710355177448e+01 8.999447156223612868e-03
2.845422711355677592e+01 1.035242227070453346e-02
2.849424712356178091e+01 1.172337574907825371e-02
2.853426713356678235e+01 1.233226848010365688e-02
2.857428714357178379e+01 1.161264595480078661e-02
2.861430715357678878e+01 9.916833408712162970e-03
2.865432716358179022e+01 8.029949268509511268e-03
2.869434717358679165e+01 6.418943818560494431e-03
2.873436718359179665e+01 5.183619891848578048e-03
2.877438719359679808e+01 4.269678291851019755e-03
2.881440720360179952e+01 3.595794679504964262e-03
2.885442721360680096e+01 3.093806909295399987e-03
2.889444722361180595e+01 2.714237729114451526e-03
2.893446723361680739e+01 2.422771661887999049e-03
2.897448724362180883e+01 2.195845745025136291e-03
2.901450725362681382e+01 2.017211531410777886e-03
2.905452726363181526e+01 1.875561204804297201e-03
2.909454727363681670e+01 1.762954274629824911e-03
2.913456728364182169e+01 1.673788288260278116e-03
2.917458729364682313e+01 1.604128382696298500e-03
2.921460730365182457e+01 1.551273485708710162e-03
2.925462731365682600e+01 1.513479194344057206e-03
2.929464732366183100e+01 1.489776511226126700e-03
2.933466733366683243e+01 1.479810616741447432e-03
2.937468734367183387e+01 1.483550817082724326e-03
2.941470735367683886e+01 1.500645986075428446e-03
2.945472736368184030e+01 1.529654362500068024e-03
2.949474737368684174e+01 1.569002544015782839e-03
2.953476738369184673e+01 1.620514878109717300e-03
2.957478739369684817e+01 1.690323340626428191e-03
2.961480740370184961e+01 1.785880405912765529e-03
2.965482741370685105e+01 1.914836934114635958e-03
2.969484742371185604e+01 2.086460396279372215e-03
2.973486743371685748e+01 2.313590871218895121e-03
2.977488744372185892e+01 2.614800982109264597e-03
2.981490745372686391e+01 3.017260735065088566e-03
2.985492746373186534e+01 3.560798446432512487e-03
2.989494747373686678e+01 4.303181536986284972e-03
2.993496748374187177e+01 5.324683106112583324e-03
2.997498749374687321e+01 6.723001857447273057e-03
3.001500750375187465e+01 8.569642235007739542e-03
3.005502751375687609e+01 1.076498187712689007e-02
3.009504752376188108e+01 1.277340676192787947e-02
3.013506753376688252e+01 1.361339634365390724e-02
3.017508754377188396e+01 1.271953056570366940e-02
3.021510755377688895e+01 1.067977007092075180e-02
3.025512756378189039e+01 8.471592181344774278e-03
3.029514757378689183e+01 6.618036757672217385e-03
3.033516758379189682e+01 5.212026885555830734e-03
3.037518759379689826e+01 4.180298593695376541e-03
3.041520760380189969e+01 3.425214016837574513e-03
3.045522761380690113e+01 2.866914765564322360e-03
3.049524762381190612e+01 2.447958943576336067e-03
3.053526763381690756e+01 2.128666219643351228e-03
3.057528764382190900e+01 1.881839754530003966e-03
3.061530765382691399e+01 1.688736340233409298e-03
3.065532766383191543e+01 1.536304074484710772e-03
3.069534767383691687e+01 1.415355874875866716e-03
3.073536768384192186e+01 1.319373838862196273e-03
3.077538769384692330e+01 1.243727660953335276e-03
3.081540770385192474e+01 1.185165603091037139e-03
3.085542771385692618e+01 1.141489430024371018e-03
3.089544772386193117e+01 1.111360194368396200e-03
3.093546773386693260e+01 1.094205908536320399e-03
3.097548774387193404e+01 1.090219222276788249e-03
3.101550775387693903e+01 1.100443947833040564e-03
3.105552776388194047e+01 1.126945533557315807e-03
3.109554777388694191e+01 1.173007324492091183e-03
3.113556778389194335e+01 1.243078533595687925e-03
3.117558779389694834e+01 1.341546699719698300e-03
3.121560780390194978e+01 1.468139521848962296e-03
3.125562781390695122e+01 1.608414332923089121e-03
3.129564782391195621e+01 1.730276677981021794e-03
3.133566783391695765e+01 1.812174483629581858e-03
3.137568784392195909e+01 1.877939690907953372e-03
3.141570785392696408e+01 1.976400482563175735e-03
3.145572786393196552e+01 2.146656346707582607e-03
3.149574787393696695e+01 2.417310538803064870e-03
3.153576788394196839e+01 2.819919770002074846e-03
3.157578789394697338e+01 3.398964455230627478e-03
3.161580790395197482e+01 4.214795392447610346e-03
3.165582791395697626e+01 5.329997485846615056e-03
3.169584792396198125e+01 6.747816774358129932e-03
3.173586793396698269e+01 8.258986919199115539e-03
3.177588794397198413e+01 9.292486529282975929e-03
3.181590795397698912e+01 9.217773356472013652e-03
3.185592796398199056e+01 8.076212711990526580e-03
3.189594797398699200e+01 6.524438004792020539e-03
3.193596798399199344e+01 5.099008017990623240e-03
3.197598799399699843e+01 3.978201569007617719e-03
3.201600800400200342e+01 3.146052709403626864e-03
3.205602801400700486e+01 2.536061198991053280e-03
3.209604802401200629e+01 2.085818358724845101e-03
3.213606803401700773e+01 1.748482561402825257e-03
3.217608804402200917e+01 1.491248686015446195e-03
3.221610805402701061e+01 1.291565092260975930e-03
3.225612806403201205e+01 1.133897287534926888e-03
3.229614807403702059e+01 1.007426825593654490e-03
3.233616808404202203e+01 9.045086201935882654e-04
3.237618809404702347e+01 8.196539418800562020e-04
3.241620810405202491e+01 7.488594194117757568e-04
3.245622811405702635e+01 6.891603881210547943e-04
3.249624812406202778e+01 6.383298299861846865e-04
3.253626813406702922e+01 5.946725943155251526e-04
3.257628814407203777e+01 5.568827336761566918e-04
3.261630815407703921e+01 5.239432380149037062e-04
3.265632816408204064e+01 4.950546861585402312e-04
3.269634817408704208e+01 4.695839492840264196e-04
3.273636818409204352e+01 4.470270676037301372e-04
3.277638819409704496e+01 4.269823955403588881e-04
3.281640820410205350e+01 4.091314586329333584e-04
3.285642821410705494e+01 3.932259334363497841e-04
3.289644822411205638e+01 3.790798995783887702e-04
3.293646823411705782e+01 3.665670607795994953e-04
3.297648824412205926e+01 3.556227662471042779e-04
3.301650825412706070e+01 3.462493289504719215e-04
3.305652826413206213e+01 3.385166880752437778e-04
3.309654827413707068e+01 3.325286707309228545e-04
3.313656828414207212e+01 3.282710975873133269e-04
3.317658829414707355e+01 3.252099582305171470e-04
3.321660830415207499e+01 3.218133225907257285e-04
3.325662831415707643e+01 3.161731310511735988e-04
3.329664832416207787e+01 3.080929913312174633e-04
3.333666833416707931e+01 2.993515102332757155e-04
3.337668834417208785e+01 2.916365160848787279e-04
3.341670835417708929e+01 2.856318768866465230e-04
3.345672836418209073e+01 2.814330621957952133e-04
3.349674837418709217e+01 2.790014948127378424e-04
3.353676838419209361e+01 2.783623534310959561e-04
3.357678839419709504e+01 2.796716084515266294e-04
3.361680840420210359e+01 2.832516933864688362e-04
3.365682841420710503e+01 2.896382430615204490e-04
3.369684842421210647e+01 2.996578562176343847e-04
3.373686843421710790e+01 3.145523676275760114e-04
3.377688844422210934e+01 3.361622321254143604e-04
3.381690845422711078e+01 3.671570732059596946e-04
3.385692846423211222e+01 4.111890818491881357e-04
3.389694847423712076e+01 4.724553503995467690e-04
3.393696848424212220e+01 5.531208659743772115e-04
3.397698849424712364e+01 6.457190045031185833e-04
3.401700850425212508e+01 7.218563082809058978e-04
3.405702851425712652e+01 7.388853822690464928e-04
3.409704852426212796e+01 6.830870097967099664e-04
3.413706853426712939e+01 5.880461385396771809e-04
3.417708854427213794e+01 4.930408659967464632e-04
3.421710855427713938e+01 4.154024427826546626e-04
3.425712856428214081e+01 3.566400678960008610e-04
3.429714857428714225e+01 3.130361374788857409e-04
3.433716858429214369e+01 2.804918079676367603e-04
3.437718859429714513e+01 2.557940611504836543e-04
3.441720860430214657e+01 2.366611303136069541e-04
3.445722861430715511e+01 2.215197360104419829e-04
3.449724862431215655e+01 2.092878212945243634e-04
3.453726863431715799e+01 1.992143818779016631e-04
3.457728864432215943e+01 1.907708067905755005e-04
3.461730865432716087e+01 1.835790576398403954e-04
3.465732866433216230e+01 1.773643503275216084e-04
3.469734867433717085e+01 1.719237601348701282e-04
3.473736868434217229e+01 1.671051449372118296e-04
3.477738869434717373e+01 1.627927980370089621e-04
3.481740870435217516e+01 1.588975387030091690e-04
3.485742871435717660e+01 1.553497675744388434e-04
3.489744872436217804e+01 1.520945305746891076e-04
3.493746873436717948e+01 1.490879626003048899e-04
3.497748874437218802e+01 1.462946921291385807e-04
3.501750875437718946e+01 1.436859239383463810e-04
3.505752876438219090e+01 1.412380064352952952e-04
3.509754877438719234e+01 1.389313494988022289e-04
3.513756878439219378e+01 1.367495987356517439e-04
3.517758879439719522e+01 1.346789993450678801e-04
3.521760880440219665e+01 1.327079016218676898e-04
3.525762881440720520e+01 1.308263732854759455e-04
3.529764882441220664e+01 1.290258931127908682e-04
3.533766883441720807e+01 1.272991069835617821e-04
3.537768884442220951e+01 1.256396322270072455e-04
3.541770885442721095e+01 1.240418996374845987e-04
3.545772886443221239e+01 1.225010250824129922e-04
3.549774887443722093e+01 1.210127045189013470e-04
3.553776888444222237e+01 1.195731276498387805e-04
3.557778889444722381e+01 1.181789065150404478e-04
3.561780890445222525e+01 1.168270161207997344e-04
3.565782891445722669e+01 1.155147448282948174e-04
3.569784892446222813e+01 1.142396526959834848e-04
3.573786893446722956e+01 1.129995363386182187e-04
3.577788894447223811e+01 1.117923991518049952e-04
3.581790895447723955e+01 1.106164259753855390e-04
3.585792896448224099e+01 1.094699614457373061e-04
3.589794897448724242e+01 1.083514914272059015e-04
3.593796898449224386e+01 1.072596270244849436e-04
3.597798899449724530e+01 1.061930907671117675e-04
3.601800900450224674e+01 1.051507046291152363e-04
3.605802901450725528e+01 1.041313796049351013e-04
3.609804902451225672e+01 1.031341066098761925e-04
3.613806903451725816e+01 1.021579485117901930e-04
3.617808904452225960e+01 1.012020331321424944e-04
3.621810905452726104e+01 1.002655470804667063e-04
3.625812906453226248e+01 9.934773030754085084e-05
3.629814907453727102e+01 9.844787128027740562e-05
3.633816908454227246e+01 9.756530269599094480e-05
3.637818909454727390e+01 9.669939766594390623e-05
3.641820910455227533e+01 9.584956630830746851e-05
3.645822911455727677e+01 9.501525269926390949e-05
3.649824912456227821e+01 9.419593213821152275e-05
3.653826913456727965e+01 9.339110868914065559e-05
3.657828914457228819e+01 9.260031296542428853e-05
3.661830915457728963e+01 9.182310012965962782e-05
3.665832916458229107e+01 9.105904808393902171e-05
3.669834917458729251e+01 9.030775582912980797e-05
3.673836918459229395e+01 8.956884197447329021e-05
3.677838919459729539e+01 8.884194338116657274e-05
3.681840920460229682e+01 8.812671392561193624e-05
3.685842921460730537e+01 8.742282336976158982e-05
3.689844922461230681e+01 8.672995632749557632e-05
3.693846923461730825e+01 8.604781131727301904e-05
3.697848924462230968e+01 8.537609989243840041e-05
3.701850925462731112e+01 8.471454584154535948e-05
3.705852926463231256e+01 8.406288445192782962e-05
3.709854927463732110e+01 8.342086183049646480e-05
3.713856928464232254e+01 8.278823427640271489e-05
3.717858929464732398e+01 8.216476770078547814e-05
3.721860930465232542e+01 8.155023708933144733e-05
3.725862931465732686e+01 8.094442600382058771e-05
3.729864932466232830e+01 8.034712611922958383e-05
3.733866933466732974e+01 7.975813679331146457e-05
3.737868934467233828e+01 7.917726466588239493e-05
3.741870935467733972e+01 7.860432328531772738e-05
3.745872936468234116e+01 7.803913276000581814e-05
3.749874937468734259e+01 7.748151943272419480e-05
3.753876938469234403e+01 7.693131557609628689e-05
3.757878939469734547e+01 7.638835910745847893e-05
3.761880940470234691e+01 7.585249332162365501e-05
3.765882941470735545e+01 7.532356664016376965e-05
3.769884942471235689e+01 7.480143237595961159e-05
3.773886943471735833e+01 7.428594851187433369e-05
3.777888944472235977e+01 7.377697749251174459e-05
3.781890945472736121e+01 7.327438602810659219e-05
3.785892946473236265e+01 7.277804490967729547e-05
3.789894947473736408e+01 7.228782883464397833e-05
3.793896948474237263e+01 7.180361624218247634e-05
3.797898949474737407e+01 7.132528915764315466e-05
3.801900950475237551e+01 7.085273304541852028e-05
3.805902951475737694e+01 7.038583666969448858e-05
3.809904952476237838e+01 6.992449196256158000e-05
3.813906953476737982e+01 6.946859389900716854e-05
3.817908954477238836e+01 6.901804037834377114e-05
3.821910955477738980e+01 6.857273211166401035e-05
3.825912956478239124e+01 6.813257251494328102e-05
3.829914957478739268e+01 6.769746760743920538e-05
3.833916958479239412e+01 6.726732591506351031e-05
3.837918959479739556e+01 6.684205837842430880e-05
3.841920960480239700e+01 6.642157826525980674e-05
3.845922961480740554e+01 6.600580108700345697e-05
3.849924962481240698e+01 6.559464451923937981e-05
3.853926963481740842e+01 6.518802832582261733e-05
3.857928964482240985e+01 6.478587428645595967e-05
3.861930965482741129e+01 6.438810612752779395e-05
3.865932966483241273e+01 6.399464945602882995e-05
3.869934967483741417e+01 6.360543169637826867e-05
3.873936968484242271e+01 6.322038203000074092e-05
3.877938969484742415e+01 6.283943133750511431e-05
3.881940970485242559e+01 6.246251214332678369e-05
3.885942971485742703e+01 6.208955856270339515e-05
3.889944972486242847e+01 6.172050625086209841e-05
3.893946973486742991e+01 6.135529235430406641e-05
3.897948974487243845e+01 6.099385546407914927e-05
3.901950975487743989e+01 6.063613557094996062e-05
3.905952976488244133e+01 6.028207402235071150e-05
3.909954977488744277e+01 5.993161348105222622e-05
3.913956978489244420e+01 5.958469788544891774e-05
3.917958979489744564e+01 5.924127241138966711e-05
3.921960980490244708e+01 5.890128343547742400e-05
3.925962981490745562e+01 5.856467849976871567e-05
3.929964982491245706e+01 5.823140627780630437e-05
3.933966983491745850e+01 5.790141654192277368e-05
3.937968984492245994e+01 5.757466013175682886e-05
3.941970985492746138e+01 5.725108892392625121e-05
3.945972986493246282e+01 5.693065580280507159e-05
3.949974987493746426e+01 5.661331463235580154e-05
3.953976988494247280e+01 5.629902022896877289e-05
3.957978989494747424e+01 5.598772833526540773e-05
3.961980990495247568e+01 5.567939559482189466e-05
3.965982991495747711e+01 5.537397952777443666e-05
3.969984992496247855e+01 5.507143850726779809e-05
3.973986993496747999e+01 5.477173173671086412e-05
3.977988994497248854e+01 5.447481922780581903e-05
3.981990995497748997e+01 5.418066177931832924e-05
3.985992996498249141e+01 5.388922095655716051e-05
3.989994997498749285e+01 5.360045907153556180e-05
3.993996998499249429e+01 5.331433916378527102e-05
3.997998999499749573e+01 5.303082498179731847e-05
4.002001000500249717e+01 5.274988096506427103e-05
4.006003001500750571e+01 5.247147222670020029e-05
4.010005002501250715e+01 5.219556453661535562e-05
4.014007003501750859e+01 5.192212430522342444e-05
4.018009004502251003e+01 5.165111856766172176e-05
4.022011005502751146e+01 5.138251496850347198e-05
4.026013006503251290e+01 5.111628174694376510e-05
4.030015007503751434e+01 5.085238772244126402e-05
4.034017008504252289e+01 5.059080228079836328e-05
4.038019009504752432e+01 5.033149536066347507e-05
4.042021010505252576e+01 5.007443744043951842e-05
4.046023011505752720e+01 4.981959952558404927e-05
4.050025012506252864e+01 4.956695313628631342e-05
4.054027013506753008e+01 4.931647029550783256e-05
4.058029014507253862e+01 4.906812351737313327e-05
4.062031015507754006e+01 4.882188579589844224e-05
4.066033016508254150e+01 4.857773059404577086e-05
4.070035017508754294e+01 4.833563183309149303e-05
4.074037018509254438e+01 4.809556388229818100e-05
4.078039019509754581e+01 4.785750154887878963e-05
4.082041020510254725e+01 4.762142006824381742e-05
4.086043021510755580e+01 4.738729509452085969e-05
4.090045022511255723e+01 4.715510269133813801e-05
4.094047023511755867e+01 4.692481932286209876e-05
4.098049024512256011e+01 4.669642184508162707e-05
4.102051025512756155e+01 4.646988749732949777e-05
4.106053026513256299e+01 4.624519389403415821e-05
4.110055027513756443e+01 4.602231901669367103e-05
4.114057028514257297e+01 4.580124120606453894e-05
4.118059029514757441e+01 4.558193915455881147e-05
4.122061030515257585e+01 4.536439189884217582e-05
4.126063031515757729e+01 4.514857881262707525e-05
4.130065032516257872e+01 4.493447959965430927e-05
4.134067033516758016e+01 4.472207428685714574e-05
4.138069034517258160e+01 4.451134321770243570e-05
4.142071035517759015e+01 4.430226704570269341e-05
4.146073036518259158e+01 4.409482672809439125e-05
4.150075037518759302e+01 4.388900351967676408e-05
4.154077038519259446e+01 4.368477896680652179e-05
4.158079039519759590e+01 4.348213490154372680e-05
4.162081040520259734e+01 4.328105343594381522e-05
4.166083041520760588e+01 4.308151695649183141e-05
4.170085042521260732e+01 4.288350811867426142e-05
4.174087043521760876e+01 4.268700984168458915e-05
4.178089044522261020e+01 4.249200530325808266e-05
4.182091045522761164e+01 4.229847793463296463e-05
4.186093046523261307e+01 4.210641141563307429e-05
4.190095047523761451e+01 4.191578966986918872e-05
4.194097048524262306e+01 4.172659686005563529e-05
4.198099049524762449e+01 4.153881738343830602e-05
4.202101050525262593e+01 4.135243586733111242e-05
4.206103051525762737e+01 4.116743716475808904e-05
4.210105052526262881e+01 4.098380635019768992e-05
4.214107053526763025e+01 4.080152871542654021e-05
4.218109054527263169e+01 4.062058976546002059e-05
4.222111055527764023e+01 4.044097521458649288e-05
4.226113056528264167e+01 4.026267098249317468e-05
4.230115057528764311e+01 4.008566319048062032e-05
4.234117058529264455e+01 3.990993815776355862e-05
4.238119059529764598e+01 3.973548239785572235e-05
4.242121060530264742e+01 3.956228261503644695e-05
4.246123061530765597e+01 3.939032570089642267e-05
4.250125062531265741e+01 3.921959873096121803e-05
4.254127063531765884e+01 3.905008896138938948e-05
4.258129064532266028e+01 3.888178382574446597e-05
4.262131065532766172e+01 3.871467093183765735e-05
4.266133066533266316e+01 3.854873805864011434e-05
4.270135067533766460e+01 3.838397315326284951e-05
4.274137068534267314e+01 3.822036432800206951e-05
4.278139069534767458e+01 3.805789985744892926e-05
4.282141070535267602e+01 3.789656817566135666e-05
4.286143071535767746e+01 3.773635787339661306e-05
4.290145072536267890e+01 3.757725769540330854e-05
4.294147073536768033e+01 3.741925653777082578e-05
4.298149074537268177e+01 3.726234344533495301e-05
4.302151075537769032e+01 3.710650760913848602e-05
4.306153076538269175e+01 3.695173836394484082e-05
4.310155077538769319e+01 3.679802518580400629e-05
4.314157078539269463e+01 3.664535768966902728e-05
4.318159079539769607e+01 3.649372562706213071e-05
4.322161080540269751e+01 3.634311888378882082e-05
4.326163081540770605e+01 3.619352747769915754e-05
4.330165082541270749e+01 3.604494155649508633e-05
4.334167083541770893e+01 3.589735139558192218e-05
4.338169084542271037e+01 3.575074739596429264e-05
4.342171085542771181e+01 3.560512008218385659e-05
4.346173086543271324e+01 3.546046010029931358e-05
4.350175087543771468e+01 3.531675821590643381e-05
4.354177088544272323e+01 3.517400531219791227e-05
4.358179089544772467e+01 3.503219238806182717e-05
4.362181090545272610e+01 3.489131055621769314e-05
4.366183091545772754e+01 3.475135104138964154e-05
4.370185092546272898e+01 3.461230517851515584e-05
4.374187093546773042e+01 3.447416441098917234e-05
4.378189094547273186e+01 3.433692028894240098e-05
4.382191095547774040e+01 3.420056446755314125e-05
4.386193096548274184e+01 3.406508870539184101e-05
4.390195097548774328e+01 3.393048486279733430e-05
4.394197098549274472e+01 3.379674490028479212e-05
4.398199099549774616e+01 3.366386087698369881e-05
4.402201100550274759e+01 3.353182494910590824e-05
4.406203101550775614e+01 3.340062936844270244e-05
4.410205102551275758e+01 3.327026648089037830e-05
4.414207103551775901e+01 3.314072872500356271e-05
4.418209104552276045e+01 3.301200863057580898e-05
4.422211105552776189e+01 3.288409881724679683e-05
4.426213106553276333e+01 3.275699199313537706e-05
4.430215107553776477e+01 3.263068095349813566e-05
4.434217108554277331e+01 3.250515857941289454e-05
4.438219109554777475e+01 3.238041783648628832e-05
4.442221110555277619e+01 3.225645177358536298e-05
4.446223111555777763e+01 3.213325352159213929e-05
4.450225112556277907e+01 3.201081629218114775e-05
4.454227113556778050e+01 3.188913337661916934e-05
4.458229114557278194e+01 3.176819814458665356e-05
4.462231115557779049e+01 3.164800404302037327e-05
4.466233116558279193e+01 3.152854459497730276e-05
4.470235117558779336e+01 3.140981339851827580e-05
4.474237118559279480e+01 3.129180412561206052e-05
4.478239119559779624e+01 3.117451052105888213e-05
4.482241120560279768e+01 3.105792640143291932e-05
4.486243121560779912e+01 3.094204565404362492e-05
4.490245122561280766e+01 3.082686223591532912e-05
4.494247123561780910e+01 3.071237017278488093e-05
4.498249124562281054e+01 3.059856355811663023e-05
4.502251125562781198e+01 3.048543655213477394e-05
4.506253126563281342e+01 3.037298338087251069e-05
4.510255127563781485e+01 3.026119833523774992e-05
4.514257128564282340e+01 3.015007577009475202e-05
4.518259129564782484e+01 3.003961010336189593e-05
4.522261130565282627e+01 2.992979581512461538e-05
4.526263131565782771e+01 2.982062744676383930e-05
4.530265132566282915e+01 2.971209960009905195e-05
4.534267133566783059e+01 2.960420693654604741e-05
4.538269134567283203e+01 2.949694417628892100e-05
4.542271135567784057e+01 2.939030609746606722e-05
4.546273136568284201e+01 2.928428753536995723e-05
4.550275137568784345e+01 2.917888338166014362e-05
4.554277138569284489e+01 2.907408858358962451e-05
4.558279139569784633e+01 2.896989814324413688e-05
4.562281140570284776e+01 2.886630711679390117e-05
4.566283141570784920e+01 2.876331061375795963e-05
4.570285142571285775e+01 2.866090379628059671e-05
4.574287143571785919e+01 2.855908187841969592e-05
4.578289144572286062e+01 2.845784012544672799e-05
4.582291145572786206e+01 2.835717385315832324e-05
4.586293146573286350e+01 2.825707842719894330e-05
4.590295147573786494e+01 2.815754926239465590e-05
4.594297148574287348e+01 2.805858182209773456e-05
4.598299149574787492e+01 2.796017161754182944e-05
4.602301150575287636e+01 2.786231420720744812e-05
4.606303151575787780e+01 2.776500519619783125e-05
4.610305152576287924e+01 2.766824023562463683e-05
4.614307153576788068e+01 2.757201502200360593e-05
4.618309154577288211e+01 2.747632529665972867e-05
4.622311155577789066e+01 2.738116684514191741e-05
4.626313156578289210e+01 2.728653549664698704e-05
4.630315157578789353e+01 2.719242712345265454e-05
4.634317158579289497e+01 2.709883764035948990e-05
4.638319159579789641e+01 2.700576300414170004e-05
4.642321160580289785e+01 2.691319921300637275e-05
4.646323161580789929e+01 2.682114230606134689e-05
4.650325162581290783e+01 2.672958836279115650e-05
4.654327163581790927e+01 2.663853350254132327e-05
4.658329164582291071e+01 2.654797388401038409e-05
4.662331165582791215e+01 2.645790570475003997e-05
4.666333166583291359e+01 2.636832520067272496e-05
4.670335167583791502e+01 2.627922864556692713e-05
4.674337168584292357e+01 2.619061235061982115e-05
4.678339169584792501e+01 2.610247266394729370e-05
4.682341170585292645e+01 2.601480597013089093e-05
4.686343171585792788e+01 2.592760868976208763e-05
4.690345172586292932e+01 2.584087727899325471e-05
4.694347173586793076e+01 2.575460822909542331e-05
4.698349174587293220e+01 2.566879806602280823e-05
4.702351175587794074e+01 2.558344334998368747e-05
4.706353176588294218e+01 2.549854067501794964e-05
4.710355177588794362e+01 2.541408666858066887e-05
4.714357178589294506e+01 2.533007799113206964e-05
4.718359179589794650e+01 2.524651133573353620e-05
4.722361180590294794e+01 2.516338342764955108e-05
4.726363181590794937e+01 2.508069102395557641e-05
4.730365182591295792e+01 2.499843091315163417e-05
4.734367183591795936e+01 2.491659991478164615e-05
4.738369184592296079e+01 2.483519487905829322e-05
4.742371185592796223e+01 2.475421268649330241e-05
4.746373186593296367e+01 2.467365024753330404e-05
4.750375187593796511e+01 2.459350450220071008e-05
4.754377188594297365e+01 2.451377241974008809e-05
4.758379189594797509e+01 2.443445099826936995e-05
4.762381190595297653e+01 2.435553726443628853e-05
4.766383191595797797e+01 2.427702827307967975e-05
4.770385192596297941e+01 2.419892110689561261e-05
4.774387193596798085e+01 2.412121287610833053e-05
4.778389194597298228e+01 2.404390071814588845e-05
4.782391195597799083e+01 2.396698179732041495e-05
4.786393196598299227e+01 2.389045330451289054e-05
4.790395197598799371e+01 2.381431245686231032e-05
4.794397198599299514e+01 2.373855649745941382e-05
4.798399199599799658e+01 2.366318269504459235e-05
4.802401200600299802e+01 2.358818834371009601e-05
4.806403201600799946e+01 2.351357076260631644e-05
4.810405202601300800e+01 2.343932729565235577e-05
4.814407203601800944e+01 2.336545531125050866e-05
4.818409204602301088e+01 2.329195220200464087e-05
4.822411205602801232e+01 2.321881538444265375e-05
4.826413206603301376e+01 2.314604229874268939e-05
4.830415207603801520e+01 2.307363040846313371e-05
4.834417208604301663e+01 2.300157720027624838e-05
4.838419209604802518e+01 2.292988018370568205e-05
4.842421210605302662e+01 2.285853689086731554e-05
4.846423211605802805e+01 2.278754487621385770e-05
4.850425212606302949e+01 2.271690171628279212e-05
4.854427213606803093e+01 2.264660500944778651e-05
4.858429214607303237e+01 2.257665237567351731e-05
4.862431215607804091e+01 2.250704145627378420e-05
4.866433216608304235e+01 2.243776991367290430e-05
4.870435217608804379e+01 2.236883543117021669e-05
4.874437218609304523e+01 2.230023571270794115e-05
4.878439219609804667e+01 2.223196848264199479e-05
4.882441220610304811e+01 2.216403148551595960e-05
4.886443221610804954e+01 2.209642248583797058e-05
4.890445222611305809e+01 2.202913926786067013e-05
4.894447223611805953e+01 2.196217963536410337e-05
4.898449224612306097e+01 2.189554141144135776e-05
4.902451225612806240e+01 2.182922243828710988e-05
4.906453226613306384e+01 2.176322057698902823e-05
4.910455227613806528e+01 2.169753370732177826e-05
4.914457228614306672e+01 2.163215972754390387e-05
4.918459229614807526e+01 2.156709655419714833e-05
4.922461230615307670e+01 2.150234212190866873e-05
4.926463231615807814e+01 2.143789438319551705e-05
4.930465232616307958e+01 2.137375130827194353e-05
4.934467233616808102e+01 2.130991088485904470e-05
4.938469234617308246e+01 2.124637111799691853e-05
4.942471235617809100e+01 2.118313002985921506e-05
4.946473236618309244e+01 2.112018565957013660e-05
4.950475237618809388e+01 2.105753606302373517e-05
4.954477238619309531e+01 2.099517931270553406e-05
4.958479239619809675e+01 2.093311349751647717e-05
4.962481240620309819e+01 2.087133672259908394e-05
4.966483241620809963e+01 2.080984710916579643e-05
4.970485242621310817e+01 2.074864279432957616e-05
4.974487243621810961e+01 2.068772193093659469e-05
4.978489244622311105e+01 2.062708268740109956e-05
4.982491245622811249e+01 2.056672324754226552e-05
4.986493246623311393e+01 2.050664181042319729e-05
4.990495247623811537e+01 2.044683659019189405e-05
4.994497248624311680e+01 2.038730581592429087e-05
4.998499249624812535e+01 2.032804773146913984e-05
5.002501250625312679e+01 2.026906059529494104e-05
5.006503251625812823e+01 2.021034268033872349e-05
5.010505252626312966e+01 2.015189227385671321e-05
5.014507253626813110e+01 2.009370767727685123e-05
5.018509254627313254e+01 2.003578720605315815e-05
5.022511255627814108e+01 1.997812918952190453e-05
5.026513256628314252e+01 1.992073197075951946e-05
5.030515257628814396e+01 1.986359390644221683e-05
5.034517258629314540e+01 1.980671336670745803e-05
5.038519259629814684e+01 1.975008873501699351e-05
5.042521260630314828e+01 1.969371840802163563e-05
5.046523261630814972e+01 1.963760079542770871e-05
5.050525262631315826e+01 1.958173431986502704e-05
5.054527263631815970e+01 1.952611741675658400e-05
5.058529264632316114e+01 1.947074853418974879e-05
5.062531265632816257e+01 1.941562613278902179e-05
5.066533266633316401e+01 1.936074868559038904e-05
5.070535267633816545e+01 1.930611467791712354e-05
5.074537268634316689e+01 1.925172260725711791e-05
5.078539269634817543e+01 1.919757098314162994e-05
5.082541270635317687e+01 1.914365832702558326e-05
5.086543271635817831e+01 1.908998317216917590e-05
5.090545272636317975e+01 1.903654406352098290e-05
5.094547273636818119e+01 1.898333955760242108e-05
5.098549274637318263e+01 1.893036822239361978e-05
5.102551275637819117e+01 1.887762863722054188e-05
5.106553276638319261e+01 1.882511939264356506e-05
5.110555277638819405e+01 1.877283909034730997e-05
5.114557278639319549e+01 1.872078634303175917e-05
5.118559279639819692e+01 1.866895977430464332e-05
5.122561280640319836e+01 1.861735801857520632e-05
5.126563281640819980e+01 1.856597972094901393e-05
5.130565282641320835e+01 1.851482353712416518e-05
5.134567283641820978e+01 1.846388813328863875e-05
5.138569284642321122e+01 1.841317218601882854e-05
5.142571285642821266e+01 1.836267438217925504e-05
5.146573286643321410e+01 1.831239341882349289e-05
5.150575287643821554e+01 1.826232800309614214e-05
5.154577288644321698e+01 1.821247685213604281e-05
5.158579289644822552e+01 1.816283869298052634e-05
5.162581290645322696e+01 1.811341226247080875e-05
5.166583291645822840e+01 1.806419630715840367e-05
5.170585292646322984e+01 1.801518958321271445e-05
5.174587293646823127e+01 1.796639085632957493e-05
5.178589294647323271e+01 1.791779890164090826e-05
5.182591295647823415e+01 1.786941250362536157e-05
5.186593296648324269e+01 1.782123045601995365e-05
5.190595297648824413e+01 1.777325156173285427e-05
5.194597298649324557e+01 1.772547463275685807e-05
5.198599299649824701e+01 1.767789849008421032e-05
5.202601300650324845e+01 1.763052196362206286e-05
5.206603301650824989e+01 1.758334389210909894e-05
5.210605302651325843e+01 1.753636312303295773e-05
5.214607303651825987e+01 1.748957851254870222e-05
5.218609304652326131e+01 1.744298892539804626e-05
5.222611305652826275e+01 1.739659323482965886e-05
5.226613306653326418e+01 1.735039032252021394e-05
5.230615307653826562e+01 1.730437907849639560e-05
5.234617308654326706e+01 1.725855840105774690e-05
5.238619309654827561e+01 1.721292719670032849e-05
5.242621310655327704e+01 1.716748438004132255e-05
5.246623311655827848e+01 1.712222887374439221e-05
5.250625312656327992e+01 1.707715960844583385e-05
5.254627313656828136e+01 1.703227552268165093e-05
5.258629314657328280e+01 1.698757556281532582e-05
5.262631315657828424e+01 1.694305868296641152e-05
5.266633316658329278e+01 1.689872384493993994e-05
5.270635317658829422e+01 1.685457001815655184e-05
5.274637318659329566e+01 1.681059617958341283e-05
5.278639319659829710e+01 1.676680131366586798e-05
5.282641320660329853e+01 1.672318441225985195e-05
5.286643321660829997e+01 1.667974447456502086e-05
5.290645322661330852e+01 1.663648050705858545e-05
5.294647323661830995e+01 1.659339152342995401e-05
5.298649324662331139e+01 1.655047654451586998e-05
5.302651325662831283e+01 1.650773459823653890e-05
5.306653326663331427e+01 1.646516471953214840e-05
5.310655327663831571e+01 1.642276595030029272e-05
5.314657328664331715e+01 1.638053733933394967e-05
5.318659329664832569e+01 1.633847794226009434e-05
5.322661330665332713e+01 1.629658682147912621e-05
5.326663331665832857e+01 1.625486304610473308e-05
5.330665332666333001e+01 1.621330569190452430e-05
5.334667333666833144e+01 1.617191384124125344e-05
5.338669334667333288e+01 1.613068658301470505e-05
5.342671335667833432e+01 1.608962301260409978e-05
5.346673336668334287e+01 1.604872223181120095e-05
5.350675337668834430e+01 1.600798334880396644e-05
5.354677338669334574e+01 1.596740547806083769e-05
5.358679339669834718e+01 1.592698774031553008e-05
5.362681340670334862e+01 1.588672926250249756e-05
5.366683341670835006e+01 1.584662917770292246e-05
5.370685342671335860e+01 1.580668662509120329e-05
5.374687343671836004e+01 1.576690074988216771e-05
5.378689344672336148e+01 1.572727070327864112e-05
5.382691345672836292e+01 1.568779564241970655e-05
5.386693346673336436e+01 1.564847473032938125e-05
5.390695347673836579e+01 1.560930713586593696e-05
5.394697348674336723e+01 1.557029203367166751e-05
5.398699349674837578e+01 1.553142860412317814e-05
5.402701350675337721e+01 1.549271603328223725e-05
5.406703351675837865e+01 1.545415351284707542e-05
5.410705352676338009e+01 1.541574024010418582e-05
5.414707353676838153e+01 1.537747541788067013e-05
5.418709354677338297e+01 1.533935825449702836e-05
5.422711355677838441e+01 1.530138796372042630e-05
5.426713356678339295e+01 1.526356376471843738e-05
5.430715357678839439e+01 1.522588488201331980e-05
5.434717358679339583e+01 1.518835054543665119e-05
5.438719359679839727e+01 1.515095999008447650e-05
5.442721360680339870e+01 1.511371245627291666e-05
5.446723361680840014e+01 1.507660718949426186e-05
5.450725362681340869e+01 1.503964344037338144e-05
5.454727363681841013e+01 1.500282046462470318e-05
5.458729364682341156e+01 1.496613752300954141e-05
5.462731365682841300e+01 1.492959388129389449e-05
5.466733366683341444e+01 1.489318881020666740e-05
5.470735367683841588e+01 1.485692158539826881e-05
5.474737368684341732e+01 1.482079148739965193e-05
5.478739369684842586e+01 1.478479780158178400e-05
5.482741370685342730e+01 1.474893981811546304e-05
5.486743371685842874e+01 1.471321683193156659e-05
5.490745372686343018e+01 1.467762814268170874e-05
5.494747373686843162e+01 1.464217305469924439e-05
5.498749374687343305e+01 1.460685087696070049e-05
5.502751375687843449e+01 1.457166092304753929e-05
5.506753376688344304e+01 1.453660251110836196e-05
5.510755377688844447e+01 1.450167496382141901e-05
5.514757378689344591e+01 1.446687760835751695e-05
5.518759379689844735e+01 1.443220977634330792e-05
5.522761380690344879e+01 1.439767080382487911e-05
5.526763381690845023e+01 1.436326003123177928e-05
5.530765382691345167e+01 1.432897680334131804e-05
5.534767383691846021e+01 1.429482046924325807e-05
5.538769384692346165e+01 1.426079038230481746e-05
5.542771385692846309e+01 1.422688590013607181e-05
5.546773386693346453e+01 1.419310638455560022e-05
5.550775387693846596e+01 1.415945120155653964e-05
5.554777388694346740e+01 1.412591972127293562e-05
5.558779389694847595e+01 1.409251131794641494e-05
5.562781390695347739e+01 1.405922536989318186e-05
5.566783391695847882e+01 1.402606125947134972e-05
5.570785392696348026e+01 1.399301837304854193e-05
5.574787393696848170e+01 1.396009610096984532e-05
5.578789394697348314e+01 1.392729383752604137e-05
5.582791395697848458e+01 1.389461098092217784e-05
5.586793396698349312e+01 1.386204693324636917e-05
5.590795397698849456e+01 1.382960110043900180e-05
5.594797398699349600e+01 1.379727289226210031e-05
5.598799399699849744e+01 1.376506172226908499e-05
5.602801400700349888e+01 1.373296700777477672e-05
5.606803401700850031e+01 1.370098816982570672e-05
5.610805402701350175e+01 1.366912463317065683e-05
5.614807403701851030e+01 1.363737582623151639e-05
5.618809404702351173e+01 1.360574118107443748e-05
5.622811405702851317e+01 1.357422013338118988e-05
5.626813406703351461e+01 1.354281212242083804e-05
5.630815407703851605e+01 1.351151659102168392e-05
5.634817408704351749e+01 1.348033298554342503e-05
5.638819409704852603e+01 1.344926075584961742e-05
5.642821410705352747e+01 1.341829935528041472e-05
5.646823411705852891e+01 1.338744824062546650e-05
5.650825412706353035e+01 1.335670687209716389e-05
5.654827413706853179e+01 1.332607471330409695e-05
5.658829414707353322e+01 1.329555123122475260e-05
5.662831415707853466e+01 1.326513589618145144e-05
5.666833416708354321e+01 1.323482818181455215e-05
5.670835417708854465e+01 1.320462756505687964e-05
5.674837418709354608e+01 1.317453352610834958e-05
5.678839419709854752e+01 1.314454554841089457e-05
5.682841420710354896e+01 1.311466311862356810e-05
5.686843421710855040e+01 1.308488572659793323e-05
5.690845422711355184e+01 1.305521286535355953e-05
5.694847423711856038e+01 1.302564403105390307e-05
5.698849424712356182e+01 1.299617872298228111e-05
5.702851425712856326e+01 1.296681644351811113e-05
5.706853426713356470e+01 1.293755669811338029e-05
5.710855427713856614e+01 1.290839899526929782e-05
5.714857428714356757e+01 1.287934284651316588e-05
5.718859429714857612e+01 1.285038776637548771e-05
5.722861430715357756e+01 1.282153327236725355e-05
5.726863431715857899e+01 1.279277888495742315e-05
5.730865432716358043e+01 1.276412412755064370e-05
5.734867433716858187e+01 1.273556852646514904e-05
5.738869434717358331e+01 1.270711161091083680e-05
5.742871435717858475e+01 1.267875291296760293e-05
5.746873436718359329e+01 1.265049196756379320e-05
5.750875437718859473e+01 1.262232831245491899e-05
5.754877438719359617e+01 1.259426148820249499e-05
5.758879439719859761e+01 1.256629103815313442e-05
5.762881440720359905e+01 1.253841650841775437e-05
5.766883441720860048e+01 1.251063744785105732e-05
5.770885442721360192e+01 1.248295340803109895e-05
5.774887443721861047e+01 1.245536394323910170e-05
5.778889444722361191e+01 1.242786861043943255e-05
5.782891445722861334e+01 1.240046696925973677e-05
5.786893446723361478e+01 1.237315858197128502e-05
5.790895447723861622e+01 1.234594301346943571e-05
5.794897448724361766e+01 1.231881983125433959e-05
5.798899449724862620e+01 1.229178860541175950e-05
5.802901450725362764e+01 1.226484890859408163e-05
5.806903451725862908e+01 1.223800031600147750e-05
5.810905452726363052e+01 1.221124240536327597e-05
5.814907453726863196e+01 1.218457475691940820e-05
5.818909454727363340e+01 1.215799695340211678e-05
5.822911455727863483e+01 1.213150858001775128e-05
5.826913456728364338e+01 1.210510922442875362e-05
5.830915457728864482e+01 1.207879847673582457e-05
5.834917458729364625e+01 1.205257592946013101e-05
5.838919459729864769e+01 1.202644117752585027e-05
5.842921460730364913e+01 1.200039381824268567e-05
5.846923461730865057e+01 1.197443345128866160e-05
5.850925462731365201e+01 1.194855967869298465e-05
5.854927463731866055e+01 1.192277210481911308e-05
5.858929464732366199e+01 1.189707033634791281e-05
5.862931465732866343e+01 1.187145398226103174e-05
5.866933466733366487e+01 1.184592265382430649e-05
5.870935467733866631e+01 1.182047596457142812e-05
5.874937468734366774e+01 1.179511353028772153e-05
5.878939469734866918e+01 1.176983496899396199e-05
5.882941470735367773e+01 1.174463990093046110e-05
5.886943471735867917e+01 1.171952794854122392e-05
5.890945472736368060e+01 1.169449873645824491e-05
5.894947473736868204e+01 1.166955189148592599e-05
5.898949474737368348e+01 1.164468704258568081e-05
5.902951475737868492e+01 1.161990382086060009e-05
5.906953476738369346e+01 1.159520185954027111e-05
5.910955477738869490e+01 1.157058079396578518e-05
5.914957478739369634e+01 1.154604026157475199e-05
5.918959479739869778e+01 1.152157990188653071e-05
5.922961480740369922e+01 1.149719935648759325e-05
5.926963481740870066e+01 1.147289826901690620e-05
5.930965482741370209e+01 1.144867628515157530e-05
5.934967483741871064e+01 1.142453305259251192e-05
5.938969484742371208e+01 1.140046822105025041e-05
5.942971485742871351e+01 1.137648144223086694e-05
5.946973486743371495e+01 1.135257236982206621e-05
5.950975487743871639e+01 1.132874065947931038e-05
5.954977488744371783e+01 1.130498596881212089e-05
5.958979489744871927e+01 1.128130795737047850e-05
5.962981490745372781e+01 1.125770628663131817e-05
5.966983491745872925e+01 1.123418061998514934e-05
5.970985492746373069e+01 1.121073062272281683e-05
5.974987493746873213e+01 1.118735596202228200e-05
5.978989494747373357e+01 1.116405630693562929e-05
5.982991495747873500e+01 1.114083132837608798e-05
5.986993496748374355e+01 1.111768069910519964e-05
5.990995497748874499e+01 1.109460409372011095e-05
5.994997498749374643e+01 1.107160118864089698e-05
5.998999499749874786e+01 1.104867166209809457e-05
6.003001500750374930e+01 1.102581519412022385e-05
6.007003501750875074e+01 1.100303146652150966e-05
6.011005502751375218e+01 1.098032016288963342e-05
6.015007503751876072e+01 1.095768096857363752e-05
6.019009504752376216e+01 1.093511357067187545e-05
6.023011505752876360e+01 1.091261765802011600e-05
6.027013506753376504e+01 1.089019292117969337e-05
6.031015507753876648e+01 1.086783905242576211e-05
6.035017508754376792e+01 1.084555574573571149e-05
6.039019509754876935e+01 1.082334269677755938e-05
6.043021510755377790e+01 1.080119960289854278e-05
6.047023511755877934e+01 1.077912616311376583e-05
6.051025512756378077e+01 1.075712207809488859e-05
6.055027513756878221e+01 1.073518705015899187e-05
6.059029514757378365e+01 1.071332078325747101e-05
6.063031515757878509e+01 1.069152298296504473e-05
6.067033516758379363e+01 1.066979335646883860e-05
6.071035517758879507e+01 1.064813161255759042e-05
6.075037518759379651e+01 1.062653746161085737e-05
6.079039519759879795e+01 1.060501061558843651e-05
6.083041520760379939e+01 1.058355078801972441e-05
6.087043521760880083e+01 1.056215769399329353e-05
6.091045522761380226e+01 1.054083105014647712e-05
6.095047523761881081e+01 1.051957057465502691e-05
6.099049524762381225e+01 1.049837598722292337e-05
6.103051525762881369e+01 1.047724700907219430e-05
6.107053526763381512e+01 1.045618336293282504e-05
6.111055527763881656e+01 1.043518477303281256e-05
6.115057528764381800e+01 1.041425096508820945e-05
6.119059529764881944e+01 1.039338166629330684e-05
6.123061530765382798e+01 1.037257660531085787e-05
6.127063531765882942e+01 1.035183551226240975e-05
6.131065532766383086e+01 1.033115811871870850e-05
6.135067533766883230e+01 1.031054415769011733e-05
6.139069534767383374e+01 1.028999336361721969e-05
6.143071535767883518e+01 1.026950547236138835e-05
6.147073536768384372e+01 1.024908022119550196e-05
6.151075537768884516e+01 1.022871734879470562e-05
6.155077538769384660e+01 1.020841659522721544e-05
6.159079539769884803e+01 1.018817770194526551e-05
6.163081540770384947e+01 1.016800041177605646e-05
6.167083541770885091e+01 1.014788446891280575e-05
6.171085542771385235e+01 1.012782961890587073e-05
6.175087543771886089e+01 1.010783560865391581e-05
6.179089544772386233e+01 1.008790218639518968e-05
6.183091545772886377e+01 1.006802910169879922e-05
6.187093546773386521e+01 1.004821610545616459e-05
6.191095547773886665e+01 1.002846294987239137e-05
6.195097548774386809e+01 1.000876938845785447e-05
6.199099549774886952e+01 9.989135176019744671e-06
6.203101550775387807e+01 9.969560068653722035e-06
6.207103551775887951e+01 9.950043823735635267e-06
6.211105552776388095e+01 9.930586199913280098e-06
6.215107553776888238e+01 9.911186957098276241e-06
6.219109554777388382e+01 9.891845856457898601e-06
6.223111555777888526e+01 9.872562660407110084e-06
6.227113556778388670e+01 9.853337132600533421e-06
6.231115557778889524e+01 9.834169037924558513e-06
6.235117558779389668e+01 9.815058142489481964e-06
6.239119559779889812e+01 9.796004213621692359e-06
6.243121560780389956e+01 9.777007019855975812e-06
6.247123561780890100e+01 9.758066330927769007e-06
6.251125562781390244e+01 9.739181917765598579e-06
6.255127563781891098e+01 9.720353552483488311e-06
6.259129564782391242e+01 9.701581008373451036e-06
6.263131565782891386e+01 9.682864059898038133e-06
6.267133566783391529e+01 9.664202482682960176e-06
6.271135567783891673e+01 9.645596053509721137e-06
6.275137568784391817e+01 9.627044550308357619e-06
6.279139569784891961e+01 9.608547752150191641e-06
6.283141570785392815e+01 9.590105439240657965e-06
6.287143571785892959e+01 9.571717392912194099e-06
6.291145572786393103e+01 9.553383395617167574e-06
6.295147573786893247e+01 9.535103230920832017e-06
6.299149574787393391e+01 9.516876683494396728e-06
6.303151575787893535e+01 9.498703539108091173e-06
6.307153576788393678e+01 9.480583584624326042e-06
6.311155577788894533e+01 9.462516607990854303e-06
6.315157578789394677e+01 9.444502398234038985e-06
6.319159579789894821e+01 9.426540745452126043e-06
6.323161580790394964e+01 9.408631440808574818e-06
6.327163581790895108e+01 9.390774276525485067e-06
6.331165582791395252e+01 9.372969045876973157e-06
6.335167583791896107e+01 9.355215543182705823e-06
6.339169584792396250e+01 9.337513563801442385e-06
6.343171585792896394e+01 9.319862904124558335e-06
6.347173586793396538e+01 9.302263361569726471e-06
6.351175587793896682e+01 9.284714734574564150e-06
6.355177588794396826e+01 9.267216822590378797e-06
6.359179589794896970e+01 9.249769426075886308e-06
6.363181590795397824e+01 9.232372346491081921e-06
6.367183591795897968e+01 9.215025386291063650e-06
6.371185592796398112e+01 9.197728348919933649e-06
6.375187593796898256e+01 9.180481038804762253e-06
6.379189594797398399e+01 9.163283261349552025e-06
6.383191595797898543e+01 9.146134822929305135e-06
6.387193596798398687e+01 9.129035530884078883e-06
6.391195597798899541e+01 9.111985193513090348e-06
6.395197598799399685e+01 9.094983620068931157e-06
6.399199599799899829e+01 9.078030620751704319e-06
6.403201600800400684e+01 9.061126006703323695e-06
6.407203601800900117e+01 9.044269590001791445e-06
6.411205602801400971e+01 9.027461183655500880e-06
6.415207603801900405e+01 9.010700601597637578e-06
6.419209604802401259e+01 8.993987658680565250e-06
6.423211605802900692e+01 8.977322170670289528e-06
6.427213606803401547e+01 8.960703954240962422e-06
6.431215607803902401e+01 8.944132826969361353e-06
6.435217608804401834e+01 8.927608607329542685e-06
6.439219609804902689e+01 8.911131114687336009e-06
6.443221610805402122e+01 8.894700169295101009e-06
6.447223611805902976e+01 8.878315592286328475e-06
6.451225612806402410e+01 8.861977205670422582e-06
6.455227613806903264e+01 8.845684832327410315e-06
6.459229614807404118e+01 8.829438296002771190e-06
6.463231615807903552e+01 8.813237421302268649e-06
6.467233616808404406e+01 8.797082033686791637e-06
6.471235617808903839e+01 8.780971959467301200e-06
6.475237618809404694e+01 8.764907025799724570e-06
6.479239619809904127e+01 8.748887060679993248e-06
6.483241620810404982e+01 8.732911892938994685e-06
6.487243621810905836e+01 8.716981352237661187e-06
6.491245622811405269e+01 8.701095269062052043e-06
6.495247623811906124e+01 8.685253474718427176e-06
6.499249624812405557e+01 8.669455801328476661e-06
6.503251625812906411e+01 8.653702081824428256e-06
6.507253626813405845e+01 8.637992149944314184e-06
6.511255627813906699e+01 8.622325840227202341e-06
6.515257628814407553e+01 8.606702988008502035e-06
6.519259629814906987e+01 8.591123429415276506e-06
6.523261630815407841e+01 8.575587001361569000e-06
6.527263631815907274e+01 8.560093541543828792e-06
6.531265632816408129e+01 8.544642888436293160e-06
6.535267633816907562e+01 8.529234881286464228e-06
6.539269634817408416e+01 8.513869360110555321e-06
6.543271635817909271e+01 8.498546165689037263e-06
6.547273636818408704e+01 8.483265139562166043e-06
6.551275637818909559e+01 8.468026124025517258e-06
6.555277638819408992e+01 8.452828962125676410e-06
6.559279639819909846e+01 8.437673497655778429e-06
6.563281640820410701e+01 8.422559575151240322e-06
6.567283641820910134e+01 8.407487039885436222e-06
6.571285642821410988e+01 8.392455737865380910e-06
6.575287643821910422e+01 8.377465515827535304e-06
6.579289644822411276e+01 8.362516221233584851e-06
6.583291645822910709e+01 8.347607702266207749e-06
6.587293646823411564e+01 8.332739807824949895e-06
6.591295647823912418e+01 8.317912387522081202e-06
6.595297648824411851e+01 8.303125291678511204e-06
6.599299649824912706e+01 8.288378371319662314e-06
6.603301650825412139e+01 8.273671478171497237e-06
6.607303651825912993e+01 8.259004464656419332e-06
6.611305652826412427e+01 8.244377183889340684e-06
6.615307653826913281e+01 8.229789489673682416e-06
6.619309654827414136e+01 8.215241236497458009e-06
6.623311655827913569e+01 8.200732279529337983e-06
6.627313656828414423e+01 8.186262474614763713e-06
6.631315657828913857e+01 8.171831678272127312e-06
6.635317658829414711e+01 8.157439747688883746e-06
6.639319659829914144e+01 8.143086540717784928e-06
6.643321660830414999e+01 8.128771915873064680e-06
6.647323661830915853e+01 8.114495732326723647e-06
6.651325662831415286e+01 8.100257849904763391e-06
6.655327663831916141e+01 8.086058129083479771e-06
6.659329664832415574e+01 8.071896430985802068e-06
6.663331665832916428e+01 8.057772617377638886e-06
6.667333666833415862e+01 8.043686550664210498e-06
6.671335667833916716e+01 8.029638093886472673e-06
6.675337668834417570e+01 8.015627110717537116e-06
6.679339669834917004e+01 8.001653465459095295e-06
6.683341670835417858e+01 7.987717023037871063e-06
6.687343671835917291e+01 7.973817649002147828e-06
6.691345672836418146e+01 7.959955209518243199e-06
6.695347673836917579e+01 7.946129571367056482e-06
6.699349674837418434e+01 7.932340601940619560e-06
6.703351675837919288e+01 7.918588169238705371e-06
6.707353676838418721e+01 7.904872141865380489e-06
6.711355677838919576e+01 7.891192389025667811e-06
6.715357678839419009e+01 7.877548780522202471e-06
6.719359679839919863e+01 7.863941186751853874e-06
6.723361680840420718e+01 7.850369478702457841e-06
6.727363681840920151e+01 7.836833527949533509e-06
6.731365682841421005e+01 7.823333206652986684e-06
6.735367683841920439e+01 7.809868387553887720e-06
6.739369684842421293e+01 7.796438943971240940e-06
6.743371685842920726e+01 7.783044749798808263e-06
6.747373686843421581e+01 7.769685679501876923e-06
6.751375687843922435e+01 7.756361608114164413e-06
6.755377688844421868e+01 7.743072411234642110e-06
6.759379689844922723e+01 7.729817965024394480e-06
6.763381690845422156e+01 7.716598146203590083e-06
6.767383691845923011e+01 7.703412832048347556e-06
6.771385692846422444e+01 7.690261900387687985e-06
6.775387693846923298e+01 7.677145229600514388e-06
6.779389694847424153e+01 7.664062698612592888e-06
6.783391695847923586e+01 7.651014186893537276e-06
6.787393696848424440e+01 7.637999574453834231e-06
6.791395697848923874e+01 7.625018741841908353e-06
6.795397698849424728e+01 7.612071570141144838e-06
6.799399699849924161e+01 7.599157940967001948e-06
6.803401700850425016e+01 7.586277736464085355e-06
6.807403701850925870e+01 7.573430839303276700e-06
6.811405702851425303e+01 7.560617132678873164e-06
6.815407703851926158e+01 7.547836500305719414e-06
6.819409704852425591e+01 7.535088826416410701e-06
6.823411705852926445e+01 7.522373995758445979e-06
6.827413706853425879e+01 7.509691893591484370e-06
6.831415707853926733e+01 7.497042405684520305e-06
6.835417708854427588e+01 7.484425418313153540e-06
6.839419709854927021e+01 7.471840818256870178e-06
6.843421710855427875e+01 7.459288492796264402e-06
6.847423711855927309e+01 7.446768329710405895e-06
6.851425712856428163e+01 7.434280217274087833e-06
6.855427713856927596e+01 7.421824044255208705e-06
6.859429714857428451e+01 7.409399699912084675e-06
6.863431715857929305e+01 7.397007073990845805e-06
6.867433716858428738e+01 7.384646056722787383e-06
6.871435717858929593e+01 7.372316538821787319e-06
6.875437718859429026e+01 7.360018411481715073e-06
6.879439719859929880e+01 7.347751566373854976e-06
6.883441720860429314e+01 7.335515895644384618e-06
6.887443721860930168e+01 7.323311291911779537e-06
6.891445722861431022e+01 7.311137648264364447e-06
6.895447723861930456e+01 7.298994858257751808e-06
6.899449724862431310e+01 7.286882815912374426e-06
6.903451725862930743e+01 7.274801415711026506e-06
6.907453726863431598e+01 7.262750552596369996e-06
6.911455727863932452e+01 7.250730121968537480e-06
6.915457728864431886e+01 7.238740019682668159e-06
6.919459729864932740e+01 7.226780142046512442e-06
6.923461730865432173e+01 7.214850385818041619e-06
6.927463731865933028e+01 7.202950648203043138e-06
6.931465732866432461e+01 7.191080826852787868e-06
6.935467733866933315e+01 7.179240819861644017e-06
6.939469734867434170e+01 7.167430525764768959e-06
6.943471735867933603e+01 7.155649843535775664e-06
6.947473736868434457e+01 7.143898672584407589e-06
6.951475737868933891e+01 7.132176912754281336e-06
6.955477738869434745e+01 7.120484464320571714e-06
6.959479739869934178e+01 7.108821227987773873e-06
6.963481740870435033e+01 7.097187104887430718e-06
6.967483741870935887e+01 7.085581996575911139e-06
6.971485742871435320e+01 7.074005805032186553e-06
6.975487743871936175e+01 7.062458432655608288e-06
6.979489744872435608e+01 7.050939782263724776e-06
6.983491745872936463e+01 7.039449757090091978e-06
6.987493746873435896e+01 7.027988260782110906e-06
6.991495747873936750e+01 7.016555197398865994e-06
6.995497748874437605e+01 7.005150471408986343e-06
6.999499749874937038e+01 6.993773987688521360e-06
7.003501750875437892e+01 6.982425651518810469e-06
7.007503751875937326e+01 6.971105368584402802e-06
7.011505752876438180e+01 6.959813044970931991e-06
7.015507753876937613e+01 6.948548587163091757e-06
7.019509754877438468e+01 6.937311902042515791e-06
7.023511755877939322e+01 6.926102896885763507e-06
7.027513756878438755e+01 6.914921479362272763e-06
7.031515757878939610e+01 6.903767557532314280e-06
7.035517758879439043e+01 6.892641039845009579e-06
7.039519759879939897e+01 6.881541835136298107e-06
7.043521760880439331e+01 6.870469852626966188e-06
7.047523761880940185e+01 6.859425001920665817e-06
7.051525762881441040e+01 6.848407193001942763e-06
7.055527763881940473e+01 6.837416336234290935e-06
7.059529764882441327e+01 6.826452342358203362e-06
7.063531765882940761e+01 6.815515122489246038e-06
7.067533766883441615e+01 6.804604588116136851e-06
7.071535767883942469e+01 6.793720651098842301e-06
7.075537768884441903e+01 6.782863223666680993e-06
7.079539769884942757e+01 6.772032218416428824e-06
7.083541770885442190e+01 6.761227548310476684e-06
7.087543771885943045e+01 6.750449126674928875e-06
7.091545772886442478e+01 6.739696867197777743e-06
7.095547773886943332e+01 6.728970683927061392e-06
7.099549774887444187e+01 6.718270491269038323e-06
7.103551775887943620e+01 6.707596203986364620e-06
7.107553776888444474e+01 6.696947737196277062e-06
7.111555777888943908e+01 6.686325006368828759e-06
7.115557778889444762e+01 6.675727927325072260e-06
7.119559779889944195e+01 6.665156416235310435e-06
7.123561780890445050e+01 6.654610389617311773e-06
7.127563781890945904e+01 6.644089764334573120e-06
7.131565782891445338e+01 6.633594457594579872e-06
7.135567783891946192e+01 6.623124386947050921e-06
7.139569784892445625e+01 6.612679470282247135e-06
7.143571785892946480e+01 6.602259625829236630e-06
7.147573786893445913e+01 6.591864772154210871e-06
7.151575787893946767e+01 6.581494828158776205e-06
7.155577788894447622e+01 6.571149713078288595e-06
7.159579789894947055e+01 6.560829346480178190e-06
7.163581790895447909e+01 6.550533648262275585e-06
7.167583791895947343e+01 6.540262538651187214e-06
7.171585792896448197e+01 6.530015938200618224e-06
7.175587793896947630e+01 6.519793767789774973e-06
7.179589794897448485e+01 6.509595948621715853e-06
7.183591795897949339e+01 6.499422402221760564e-06
7.187593796898448772e+01 6.489273050435875669e-06
7.191595797898949627e+01 6.479147815429066929e-06
7.195597798899449060e+01 6.469046619683825837e-06
7.199599799899949915e+01 6.458969385998530427e-06
7.203601800900449348e+01 6.448916037485892658e-06
7.207603801900950202e+01 6.438886497571384629e-06
7.211605802901451057e+01 6.428880689991708839e-06
7.215607803901950490e+01 6.418898538793259123e-06
7.219609804902451344e+01 6.408939968330572280e-06
7.223611805902950778e+01 6.399004903264832213e-06
7.227613806903451632e+01 6.389093268562331715e-06
7.231615807903951065e+01 6.379204989492998632e-06
7.235617808904451920e+01 6.369339991628875440e-06
7.239619809904952774e+01 6.359498200842644560e-06
7.243621810905452207e+01 6.349679543306164686e-06
7.247623811905953062e+01 6.339883945488977463e-06
7.251625812906452495e+01 6.330111334156852288e-06
7.255627813906953349e+01 6.320361636370359905e-06
7.259629814907454204e+01 6.310634779483399414e-06
7.263631815907953637e+01 6.300930691141787115e-06
7.267633816908454492e+01 6.291249299281800459e-06
7.271635817908953925e+01 6.281590532128796534e-06
7.275637818909454779e+01 6.271954318195767879e-06
7.279639819909954213e+01 6.262340586281971134e-06
7.283641820910455067e+01 6.252749265471507412e-06
7.287643821910955921e+01 6.243180285131956886e-06
7.291645822911455355e+01 6.233633574912990499e-06
7.295647823911956209e+01 6.224109064744985911e-06
7.299649824912455642e+01 6.214606684837707825e-06
7.303651825912956497e+01 6.205126365678903604e-06
7.307653826913455930e+01 6.195668038032992067e-06
7.311655827913956784e+01 6.186231632939711618e-06
7.315657828914457639e+01 6.176817081712787023e-06
7.319659829914957072e+01 6.167424315938618201e-06
7.323661830915457926e+01 6.158053267474943604e-06
7.327663831915957360e+01 6.148703868449551034e-06
7.331665832916458214e+01 6.139376051258965590e-06
7.335667833916957647e+01 6.130069748567169799e-06
7.339669834917458502e+01 6.120784893304281401e-06
7.343671835917959356e+01 6.111521418665333617e-06
7.347673836918458790e+01 6.102279258108952936e-06
7.351675837918959644e+01 6.093058345356108042e-06
7.355677838919459077e+01 6.083858614388868914e-06
7.359679839919959932e+01 6.074679999449132041e-06
7.363681840920459365e+01 6.065522435037396457e-06
7.367683841920960219e+01 6.056385855911515219e-06
7.371685842921461074e+01 6.047270197085482451e-06
7.375687843921960507e+01 6.038175393828194986e-06
7.379689844922461361e+01 6.029101381662227553e-06
7.383691845922960795e+01 6.020048096362668107e-06
7.387693846923461649e+01 6.011015473955865072e-06
7.391695847923961082e+01 6.002003450718261816e-06
7.395697848924461937e+01 5.993011963175199800e-06
7.399699849924962791e+01 5.984040948099740352e-06
7.403701850925462224e+01 5.975090342511497455e-06
7.407703851925963079e+01 5.966160083675436658e-06
7.411705852926462512e+01 5.957250109100760375e-06
7.415707853926963367e+01 5.948360356539711881e-06
7.419709854927464221e+01 5.939490763986455528e-06
7.423711855927963654e+01 5.930641269675917161e-06
7.427713856928464509e+01 5.921811812082647401e-06
7.431715857928963942e+01 5.913002329919714568e-06
7.435717858929464796e+01 5.904212762137543401e-06
7.439719859929964230e+01 5.895443047922835941e-06
7.443721860930465084e+01 5.886693126697433962e-06
7.447723861930965938e+01 5.877962938117222912e-06
7.451725862931465372e+01 5.869252422071047709e-06
7.455727863931966226e+01 5.860561518679583650e-06
7.459729864932465659e+01 5.851890168294291168e-06
7.463731865932966514e+01 5.843238311496309610e-06
7.467733866933465947e+01 5.834605889095395903e-06
7.471735867933966802e+01 5.825992842128837812e-06
7.475737868934467656e+01 5.817399111860412088e-06
7.479739869934967089e+01 5.808824639779317207e-06
7.483741870935467944e+01 5.800269367599126439e-06
7.487743871935967377e+01 5.791733237256736677e-06
7.491745872936468231e+01 5.783216190911328283e-06
7.495747873936967665e+01 5.774718170943345261e-06
7.499749874937468519e+01 5.766239119953444085e-06
7.503751875937969373e+01 5.757778980761500134e-06
7.507753876938468807e+01 5.749337696405564144e-06
7.511755877938969661e+01 5.740915210140859323e-06
7.515757878939469094e+01 5.732511465438789475e-06
7.519759879939969949e+01 5.724126405985914938e-06
7.523761880940469382e+01 5.715759975682978493e-06
7.527763881940970236e+01 5.707412118643900787e-06
7.531765882941471091e+01 5.699082779194812170e-06
7.535767883941970524e+01 5.690771901873056589e-06
7.539769884942471379e+01 5.682479431426223426e-06
7.543771885942970812e+01 5.674205312811197127e-06
7.547773886943471666e+01 5.665949491193161942e-06
7.551775887943971100e+01 5.657711911944682889e-06
7.555777888944471954e+01 5.649492520644706259e-06
7.559779889944972808e+01 5.641291263077665147e-06
7.563781890945472242e+01 5.633108085232498589e-06
7.567783891945973096e+01 5.624942933301722367e-06
7.571785892946472529e+01 5.616795753680516754e-06
7.575787893946973384e+01 5.608666492965770213e-06
7.579789894947472817e+01 5.600555097955181545e-06
7.583791895947973671e+01 5.592461515646330689e-06
7.587793896948474526e+01 5.584385693235766472e-06
7.591795897948973959e+01 5.576327578118114682e-06
7.595797898949474813e+01 5.568287117885146331e-06
7.599799899949974247e+01 5.560264260324917070e-06
7.603801900950475101e+01 5.552258953420836298e-06
7.607803901950975956e+01 5.544271145350814205e-06
7.611805902951475389e+01 5.536300784486362217e-06
7.615807903951976243e+01 5.528347819391704462e-06
7.619809904952475677e+01 5.520412198822929887e-06
7.623811905952976531e+01 5.512493871727099491e-06
7.627813906953475964e+01 5.504592787241403521e-06
7.631815907953976819e+01 5.496708894692271242e-06
7.635817908954477673e+01 5.488842143594554401e-06
7.639819909954977106e+01 5.480992483650650543e-06
7.643821910955477961e+01 5.473159864749661909e-06
7.647823911955977394e+01 5.465344236966556875e-06
7.651825912956478248e+01 5.457545550561333929e-06
7.655827913956977682e+01 5.449763755978190732e-06
7.659829914957478536e+01 5.441998803844681317e-06
7.663831915957979390e+01 5.434250644970919886e-06
7.667833916958478824e+01 5.426519230348737158e-06
7.671835917958979678e+01 5.418804511150868064e-06
7.675837918959479111e+01 5.411106438730158932e-06
7.679839919959979966e+01 5.403424964618738233e-06
7.683841920960479399e+01 5.395760040527234774e-06
7.687843921960980254e+01 5.388111618343964546e-06
7.691845922961481108e+01 5.380479650134138747e-06
7.695847923961980541e+01 5.372864088139094678e-06
7.699849924962481396e+01 5.365264884775473271e-06
7.703851925962980829e+01 5.357681992634472010e-06
7.707853926963481683e+01 5.350115364481047869e-06
7.711855927963981117e+01 5.342564953253153290e-06
7.715857928964481971e+01 5.335030712060967079e-06
7.719859929964982825e+01 5.327512594186124450e-06
7.723861930965482259e+01 5.320010553080959778e-06
7.727863931965983113e+01 5.312524542367745964e-06
7.731865932966482546e+01 5.305054515837951590e-06
7.735867933966983401e+01 5.297600427451470960e-06
7.739869934967482834e+01 5.290162231335906669e-06
7.743871935967983688e+01 5.282739881785803880e-06
7.747873936968484543e+01 5.275333333261926116e-06
7.751875937968983976e+01 5.267942540390527654e-06
7.755877938969484831e+01 5.260567457962597128e-06
7.759879939969984264e+01 5.253208040933164655e-06
7.763881940970485118e+01 5.245864244420555598e-06
7.767883941970985973e+01 5.238536023705683294e-06
7.771885942971485406e+01 5.231223334231330771e-06
7.775887943971986260e+01 5.223926131601446862e-06
7.779889944972485694e+01 5.216644371580424535e-06
7.783891945972986548e+01 5.209378010092410559e-06
7.787893946973485981e+01 5.202127003220601622e-06
7.791895947973986836e+01 5.194891307206537055e-06
7.795897948974487690e+01 5.187670878449430526e-06
7.799899949974987123e+01 5.180465673505459380e-06
7.803901950975487978e+01 5.173275649087079386e-06
7.807903951975987411e+01 5.166100762062359818e-06
7.811905952976488265e+01 5.158940969454282112e-06
7.815907953976987699e+01 5.151796228440095274e-06
7.819909954977488553e+01 5.144666496350598442e-06
7.823911955977989408e+01 5.137551730669523401e-06
7.827913956978488841e+01 5.130451889032840012e-06
7.831915957978989695e+01 5.123366929228092144e-06
7.835917958979489129e+01 5.116296809193754770e-06
7.839919959979989983e+01 5.109241487018575827e-06
7.843921960980489416e+01 5.102200920940920610e-06
7.847923961980990271e+01 5.095175069348115322e-06
7.851925962981491125e+01 5.088163890775830436e-06
7.855927963981990558e+01 5.081167343907408146e-06
7.859929964982491413e+01 5.074185387573237262e-06
7.863931965982990846e+01 5.067217980750131484e-06
7.867933966983491700e+01 5.060265082560662790e-06
7.871935967983991134e+01 5.053326652272578675e-06
7.875937968984491988e+01 5.046402649298133844e-06
7.879939969984992842e+01 5.039493033193504062e-06
7.883941970985492276e+01 5.032597763658143261e-06
7.887943971985993130e+01 5.025716800534169436e-06
7.891945972986492563e+01 5.018850103805767489e-06
7.895947973986993418e+01 5.011997633598564121e-06
7.899949974987492851e+01 5.005159350179036598e-06
7.903951975987993706e+01 4.998335213953884256e-06
7.907953976988494560e+01 4.991525185469461837e-06
7.911955977988993993e+01 4.984729225411159457e-06
7.915957978989494848e+01 4.977947294602802062e-06
7.919959979989994281e+01 4.971179354006086152e-06
7.923961980990495135e+01 4.964425364719957210e-06
7.927963981990994569e+01 4.957685287980064212e-06
7.931965982991495423e+01 4.950959085158134520e-06
7.935967983991996277e+01 4.944246717761420768e-06
7.939969984992495711e+01 4.937548147432127417e-06
7.943971985992996565e+01 4.930863335946817840e-06
7.947973986993495998e+01 4.924192245215857811e-06
7.951975987993996853e+01 4.917534837282842921e-06
7.955977988994497707e+01 4.910891074324027671e-06
7.959979989994997140e+01 4.904260918647793538e-06
7.963981990995497995e+01 4.897644332694026403e-06
7.967983991995997428e+01 4.891041279033631207e-06
7.971985992996498283e+01 4.884451720367933092e-06
7.975987993996997716e+01 4.877875619528141233e-06
7.979989994997498570e+01 4.871312939474793184e-06
7.983991995997999425e+01 4.864763643297222941e-06
7.987993996998498858e+01 4.858227694213004441e-06
7.991995997998999712e+01 4.851705055567408612e-06
7.995997998999499146e+01 4.845195690832894311e-06
8.000000000000000000e+01 4.838699563608525562e-06
