0.000000000000000000e+00 9.219965039314659597e-05
4.002001000500250011e-02 9.260497807211481814e-05
8.004002001000500022e-02 9.301322432123682320e-05
1.200600300150075073e-01 9.342441928526878209e-05
1.600800400200100004e-01 9.383859352052949547e-05
2.001000500250124936e-01 9.425577800192392307e-05
2.401200600300150145e-01 9.467600413011146774e-05
2.801400700350175077e-01 9.509930373882118234e-05
3.201600800400200009e-01 9.552570910231826355e-05
3.601800900450224940e-01 9.595525294302519352e-05
4.002001000500249872e-01 9.638796843930108019e-05
4.402201100550274804e-01 9.682388923338379060e-05
4.802401200600300291e-01 9.726304943949741141e-05
5.202601300650324667e-01 9.770548365213104056e-05
5.602801400700350154e-01 9.815122695449137640e-05
6.003001500750374531e-01 9.860031492713384799e-05
6.403201600800400017e-01 9.905278365677772079e-05
6.803401700850425504e-01 9.950866974530796986e-05
7.203601800900449881e-01 9.996801031897041198e-05
7.603801900950475368e-01 1.004308430377631598e-04
8.004002001000499744e-01 1.008972061050306726e-04
8.404202101050525231e-01 1.013671382772650522e-04
8.804402201100549608e-01 1.018406788741193012e-04
9.204602301150575094e-01 1.023178677886387345e-04
9.604802401200600581e-01 1.027987454977155352e-04
1.000500250125062607e+00 1.032833530727724283e-04
1.040520260130064933e+00 1.037717321906810844e-04
1.080540270135067482e+00 1.042639251449212163e-04
1.120560280140070031e+00 1.047599748569870908e-04
1.160580290145072579e+00 1.052599248880477435e-04
1.200600300150074906e+00 1.057638194508661009e-04
1.240620310155077455e+00 1.062717034219864840e-04
1.280640320160080003e+00 1.067836223541945032e-04
1.320660330165082552e+00 1.072996224892588870e-04
1.360680340170085101e+00 1.078197507709609493e-04
1.400700350175087427e+00 1.083440548584207352e-04
1.440720360180089976e+00 1.088725831397263638e-04
1.480740370185092525e+00 1.094053847458755809e-04
1.520760380190095074e+00 1.099425095650375436e-04
1.560780390195097400e+00 1.104840082571434444e-04
1.600800400200099949e+00 1.110299322688147825e-04
1.640820410205102498e+00 1.115803338486381322e-04
1.680840420210105046e+00 1.121352660627967769e-04
1.720860430215107595e+00 1.126947828110676789e-04
1.760880440220109922e+00 1.132589388431943275e-04
1.800900450225112470e+00 1.138277897756463772e-04
1.840920460230115019e+00 1.144013921087753445e-04
1.880940470235117568e+00 1.149798032443785341e-04
1.920960480240120116e+00 1.155630815036821311e-04
1.960980490245122443e+00 1.161512861457546941e-04
2.001000500250125214e+00 1.167444773863640471e-04
2.041020510255127540e+00 1.173427164172885056e-04
2.081040520260129867e+00 1.179460654260973727e-04
2.121060530265132638e+00 1.185545876164117502e-04
2.161080540270134964e+00 1.191683472286605462e-04
2.201100550275137291e+00 1.197874095613459618e-04
2.241120560280140062e+00 1.204118409928323091e-04
2.281140570285142388e+00 1.210417090036734614e-04
2.321160580290145159e+00 1.216770821994945194e-04
2.361180590295147486e+00 1.223180303344443241e-04
2.401200600300149812e+00 1.229646243352340487e-04
2.441220610305152583e+00 1.236169363257801784e-04
2.481240620310154910e+00 1.242750396524690780e-04
2.521260630315157680e+00 1.249390089100619965e-04
2.561280640320160007e+00 1.256089199682583187e-04
2.601300650325162334e+00 1.262848499989377979e-04
2.641320660330165104e+00 1.269668775041010158e-04
2.681340670335167431e+00 1.276550823445299679e-04
2.721360680340170202e+00 1.283495457691896213e-04
2.761380690345172528e+00 1.290503504453927226e-04
2.801400700350174855e+00 1.297575804897519271e-04
2.841420710355177626e+00 1.304713214999419623e-04
2.881440720360179952e+00 1.311916605872972771e-04
2.921460730365182723e+00 1.319186864102717409e-04
2.961480740370185050e+00 1.326524892087838374e-04
3.001500750375187376e+00 1.333931608394789035e-04
3.041520760380190147e+00 1.341407948119335673e-04
3.081540770385192474e+00 1.348954863258334472e-04
3.121560780390194800e+00 1.356573323091543614e-04
3.161580790395197571e+00 1.364264314573784896e-04
3.201600800400199898e+00 1.372028842737773354e-04
3.241620810405202668e+00 1.379867931107974584e-04
3.281640820410204995e+00 1.387782622125826389e-04
3.321660830415207322e+00 1.395773977586680118e-04
3.361680840420210092e+00 1.403843079088865282e-04
3.401700850425212419e+00 1.411991028495243356e-04
3.441720860430215190e+00 1.420218948407673360e-04
3.481740870435217516e+00 1.428527982654798480e-04
3.521760880440219843e+00 1.436919296793595007e-04
3.561780890445222614e+00 1.445394078625143579e-04
3.601800900450224940e+00 1.453953538725073736e-04
3.641820910455227711e+00 1.462598910989188123e-04
3.681840920460230038e+00 1.471331453194766421e-04
3.721860930465232364e+00 1.480152447578068073e-04
3.761880940470235135e+00 1.489063201428583499e-04
3.801900950475237462e+00 1.498065047700603534e-04
3.841920960480240232e+00 1.507159345642690950e-04
3.881940970485242559e+00 1.516347481445664994e-04
3.921960980490244886e+00 1.525630868909735654e-04
3.961980990495247656e+00 1.535010950131446294e-04
4.002001000500250427e+00 1.544489196211110149e-04
4.042021010505252754e+00 1.554067107981453816e-04
4.082041020510255080e+00 1.563746216758210149e-04
4.122061030515257407e+00 1.573528085113426000e-04
4.162081040520259734e+00 1.583414307672291455e-04
4.202101050525262949e+00 1.593406511934325942e-04
4.242121060530265275e+00 1.603506359119778821e-04
4.282141070535267602e+00 1.613715545042162494e-04
4.322161080540269928e+00 1.624035801007837714e-04
4.362181090545272255e+00 1.634468894743653982e-04
4.402201100550274582e+00 1.645016631353640334e-04
4.442221110555277797e+00 1.655680854305824736e-04
4.482241120560280123e+00 1.666463446450271743e-04
4.522261130565282450e+00 1.677366331069512042e-04
4.562281140570284776e+00 1.688391472962534558e-04
4.602301150575287103e+00 1.699540879563623738e-04
4.642321160580290318e+00 1.710816602097315405e-04
4.682341170585292645e+00 1.722220736770856781e-04
4.722361180590294971e+00 1.733755426005570682e-04
4.762381190595297298e+00 1.745422859708612730e-04
4.802401200600299624e+00 1.757225276586670405e-04
4.842421210605302839e+00 1.769164965503190355e-04
4.882441220610305166e+00 1.781244266880846765e-04
4.922461230615307493e+00 1.793465574150994706e-04
4.962481240620309819e+00 1.805831335251928849e-04
5.002501250625312146e+00 1.818344054177878767e-04
5.042521260630315361e+00 1.831006292580748243e-04
5.082541270635317687e+00 1.843820671426665326e-04
5.122561280640320014e+00 1.856789872709548148e-04
5.162581290645322341e+00 1.869916641223974150e-04
5.202601300650324667e+00 1.883203786399731752e-04
5.242621310655327882e+00 1.896654184200554337e-04
5.282641320660330209e+00 1.910270779089670644e-04
5.322661330665332535e+00 1.924056586064891276e-04
5.362681340670334862e+00 1.938014692766095793e-04
5.402701350675337189e+00 1.952148261658141239e-04
5.442721360680340403e+00 1.966460532292311906e-04
5.482741370685342730e+00 1.980954823649619314e-04
5.522761380690345057e+00 1.995634536569396644e-04
5.562781390695347383e+00 2.010503156266797752e-04
5.602801400700349710e+00 2.025564254943000076e-04
5.642821410705352925e+00 2.040821494492091001e-04
5.682841420710355251e+00 2.056278629308788545e-04
5.722861430715357578e+00 2.071939509201398241e-04
5.762881440720359905e+00 2.087808082414573942e-04
5.802901450725362231e+00 2.103888398766728398e-04
5.842921460730365446e+00 2.120184612907132437e-04
5.882941470735367773e+00 2.136700987698039733e-04
5.922961480740370099e+00 2.153441897727415108e-04
5.962981490745372426e+00 2.170411832958150336e-04
6.003001500750374753e+00 2.187615402519924089e-04
6.043021510755377079e+00 2.205057338650220997e-04
6.083041520760380294e+00 2.222742500791328644e-04
6.123061530765382621e+00 2.240675879850505356e-04
6.163081540770384947e+00 2.258862602630888974e-04
6.203101550775387274e+00 2.277307936441101373e-04
6.243121560780389601e+00 2.296017293891970028e-04
6.283141570785392815e+00 2.314996237889165173e-04
6.323161580790395142e+00 2.334250486831120346e-04
6.363181590795397469e+00 2.353785920022028019e-04
6.403201600800399795e+00 2.373608583310288830e-04
6.443221610805402122e+00 2.393724694963337489e-04
6.483241620810405337e+00 2.414140651790401874e-04
6.523261630815407663e+00 2.434863035525353277e-04
6.563281640820409990e+00 2.455898619482534367e-04
6.603301650825412317e+00 2.477254375499139075e-04
6.643321660830414643e+00 2.498937481178521735e-04
6.683341670835417858e+00 2.520955327449618381e-04
6.723361680840420185e+00 2.543315526458536690e-04
6.763381690845422511e+00 2.566025919809319738e-04
6.803401700850424838e+00 2.589094587171854225e-04
6.843421710855427165e+00 2.612529855275986688e-04
6.883441720860430380e+00 2.636340307312007910e-04
6.923461730865432706e+00 2.660534792758870257e-04
6.963481740870435033e+00 2.685122437662841696e-04
7.003501750875437359e+00 2.710112655390563307e-04
7.043521760880439686e+00 2.735515157882068742e-04
7.083541770885442901e+00 2.761339967430775813e-04
7.123561780890445227e+00 2.787597429019215717e-04
7.163581790895447554e+00 2.814298223240993091e-04
7.203601800900449881e+00 2.841453379841449279e-04
7.243621810905452207e+00 2.869074291911465264e-04
7.283641820910455422e+00 2.897172730771133218e-04
7.323661830915457749e+00 2.925760861582298684e-04
7.363681840920460075e+00 2.954851259731531405e-04
7.403701850925462402e+00 2.984456928027805775e-04
7.443721860930464729e+00 3.014591314762030409e-04
7.483741870935467944e+00 3.045268332678731631e-04
7.523761880940470270e+00 3.076502378913509566e-04
7.563781890945472597e+00 3.108308355953525717e-04
7.603801900950474923e+00 3.140701693682113570e-04
7.643821910955477250e+00 3.173698372572798538e-04
7.683841920960480465e+00 3.207314948102522770e-04
7.723861930965482792e+00 3.241568576458636478e-04
7.763881940970485118e+00 3.276477041619562584e-04
7.803901950975487445e+00 3.312058783894489028e-04
7.843921960980489771e+00 3.348332930013714673e-04
7.883941970985492098e+00 3.385319324867653093e-04
7.923961980990495313e+00 3.423038564999733948e-04
7.963981990995497640e+00 3.461512033965998556e-04
8.004002001000500854e+00 3.500761939682551409e-04
8.044022011005502293e+00 3.540811353890981669e-04
8.084042021010505508e+00 3.581684253881586345e-04
8.124062031015506946e+00 3.623405566624829854e-04
8.164082041020510161e+00 3.666001215472865248e-04
8.204102051025513376e+00 3.709498169605392865e-04
8.244122061030514814e+00 3.753924496407688455e-04
8.284142071035518029e+00 3.799309416983208875e-04
8.324162081040519467e+00 3.845683365019270800e-04
8.364182091045522682e+00 3.893078049241654385e-04
8.404202101050525897e+00 3.941526519712903673e-04
8.444222111055527336e+00 3.991063238249862861e-04
8.484242121060530550e+00 4.041724153258509193e-04
8.524262131065531989e+00 4.093546779308724205e-04
8.564282141070535204e+00 4.146570281798792989e-04
8.604302151075536642e+00 4.200835567088700528e-04
8.644322161080539857e+00 4.256385378513703678e-04
8.684342171085543072e+00 4.313264398725048993e-04
8.724362181090544510e+00 4.371519358843480897e-04
8.764382191095547725e+00 4.431199154953883307e-04
8.804402201100549163e+00 4.492354972516138310e-04
8.844422211105552378e+00 4.555040419318997602e-04
8.884442221110555593e+00 4.619311667660284016e-04
8.924462231115557032e+00 4.685227606499463206e-04
8.964482241120560246e+00 4.752850004397509787e-04
9.004502251125561685e+00 4.822243684135165548e-04
9.044522261130564900e+00 4.893476709985020981e-04
9.084542271135568114e+00 4.966620588705850927e-04
9.124562281140569553e+00 5.041750485431095719e-04
9.164582291145572768e+00 5.118945455737676292e-04
9.204602301150574206e+00 5.198288695308582973e-04
9.244622311155577421e+00 5.279867808743939376e-04
9.284642321160580636e+00 5.363775099232371982e-04
9.324662331165582074e+00 5.450107880969927909e-04
9.364682341170585289e+00 5.538968816408913797e-04
9.404702351175586728e+00 5.630466280637548560e-04
9.444722361180589942e+00 5.724714755435248749e-04
9.484742371185593157e+00 5.821835255821733836e-04
9.524762381190594596e+00 5.921955792224660019e-04
9.564782391195597810e+00 6.025211871734552967e-04
9.604802401200599249e+00 6.131747042302709621e-04
9.644822411205602464e+00 6.241713484173607969e-04
9.684842421210605679e+00 6.355272653334261175e-04
9.724862431215607117e+00 6.472595982318292722e-04
9.764882441220610332e+00 6.593865644329720190e-04
9.804902451225611770e+00 6.719275387362482182e-04
9.844922461230614985e+00 6.849031445798762271e-04
9.884942471235618200e+00 6.983353537885706114e-04
9.924962481240619638e+00 7.122475958534642791e-04
9.964982491245622853e+00 7.266648778077350497e-04
1.000500250125062429e+01 7.416139158974567429e-04
1.004502251125562751e+01 7.571232804029676177e-04
1.008504252126063072e+01 7.732235551446400759e-04
1.012506253126563216e+01 7.899475134122358388e-04
1.016508254127063537e+01 8.073303122933737615e-04
1.020510255127563681e+01 8.254097076493448681e-04
1.024512256128064003e+01 8.442262923018724894e-04
1.028514257128564324e+01 8.638237603597820813e-04
1.032516258129064468e+01 8.842492010390194538e-04
1.036518259129564790e+01 9.055534258234558369e-04
1.040520260130064933e+01 9.277913333904956247e-04
1.044522261130565255e+01 9.510223173999407921e-04
1.048524262131065576e+01 9.753107230355268073e-04
1.052526263131565720e+01 1.000726359118666621e-03
1.056528264132066042e+01 1.027345073710613605e-03
1.060530265132566186e+01 1.055249402415918370e-03
1.064532266133066507e+01 1.084529300137789497e-03
1.068534267133566829e+01 1.115282968864814758e-03
1.072536268134066972e+01 1.147617796250625629e-03
1.076538269134567294e+01 1.181651422359895247e-03
1.080540270135067438e+01 1.217512955090712919e-03
1.084542271135567759e+01 1.255344358563418141e-03
1.088544272136068081e+01 1.295302043337506022e-03
1.092546273136568225e+01 1.337558692867962633e-03
1.096548274137068546e+01 1.382305367375339907e-03
1.100550275137568690e+01 1.429753934578644262e-03
1.104552276138069011e+01 1.480139886907077835e-03
1.108554277138569333e+01 1.533725617352609026e-03
1.112556278139069477e+01 1.590804241677608614e-03
1.116558279139569798e+01 1.651704074061407981e-03
1.120560280140069942e+01 1.716793887512925009e-03
1.124562281140570263e+01 1.786489120875830007e-03
1.128564282141070585e+01 1.861259232828405734e-03
1.132566283141570729e+01 1.941636452345765285e-03
1.136568284142071050e+01 2.028226237866133635e-03
1.140570285142571194e+01 2.121719838210200677e-03
1.144572286143071516e+01 2.222909452994633467e-03
1.148574287143571837e+01 2.332706626833882038e-03
1.152576288144071981e+01 2.452164690999607526e-03
1.156578289144572302e+01 2.582506303587760871e-03
1.160580290145072446e+01 2.725157455847132364e-03
1.164582291145572768e+01 2.881789738065419597e-03
1.168584292146073089e+01 3.054373235866855111e-03
1.172586293146573233e+01 3.245243218148584786e-03
1.176588294147073555e+01 3.457184870040691700e-03
1.180590295147573698e+01 3.693541848658295386e-03
1.184592296148074020e+01 3.958356589619793642e-03
1.188594297148574341e+01 4.256553358983916104e-03
1.192596298149074485e+01 4.594179469968840204e-03
1.196598299149574807e+01 4.978726545503010976e-03
1.200600300150074951e+01 5.419563262982696888e-03
1.204602301150575272e+01 5.928525330690739142e-03
1.208604302151075416e+01 6.520730166220938678e-03
1.212606303151575737e+01 7.215717136593754501e-03
1.216608304152076059e+01 8.039066172605876734e-03
1.220610305152576203e+01 9.024729255022959779e-03
1.224612306153076524e+01 1.021843860003324167e-02
1.228614307153576668e+01 1.168276015833830811e-02
1.232616308154076989e+01 1.350468088246223157e-02
1.236618309154577311e+01 1.580709606821125920e-02
1.240620310155077455e+01 1.876619217000687068e-02
1.244622311155577776e+01 2.263722536397746316e-02
1.248624312156077920e+01 2.779024102204475863e-02
1.252626313156578242e+01 3.474983666698770735e-02
1.256628314157078563e+01 4.420270325864101429e-02
1.260630315157578707e+01 5.683971280370461038e-02
1.264632316158079028e+01 7.267845584508950130e-02
1.268634317158579172e+01 8.941728356204220463e-02
1.272636318159079494e+01 1.009627463903361722e-01
1.276638319159579815e+01 1.009240268656717149e-01
1.280640320160079959e+01 9.023306823400593923e-02
1.284642321160580281e+01 7.602326405378059815e-02
1.288644322161080424e+01 6.395887388293834686e-02
1.292646323161580746e+01 5.605301166596250023e-02
1.296648324162081067e+01 5.244027113793593015e-02
1.300650325162581211e+01 5.272491221090905289e-02
1.304652326163081533e+01 5.609538266760425579e-02
1.308654327163581677e+01 6.052527956855226210e-02
1.312656328164081998e+01 6.231246958139893127e-02
1.316658329164582319e+01 5.852308212430987894e-02
1.320660330165082463e+01 5.034668956451288785e-02
1.324662331165582785e+01 4.127739162260312539e-02
1.328664332166082929e+01 3.354332078533330680e-02
1.332666333166583250e+01 2.766650600396479420e-02
1.336668334167083572e+01 2.341624326777301882e-02
1.340670335167583715e+01 2.042189295821840445e-02
1.344672336168084037e+01 1.837524298042875551e-02
1.348674337168584181e+01 1.706306644032853925e-02
1.352676338169084502e+01 1.635483020700877199e-02
1.356678339169584824e+01 1.618674102605290391e-02
1.360680340170084968e+01 1.655251145701183008e-02
1.364682341170585289e+01 1.750277171849936447e-02
1.368684342171085433e+01 1.915355574123769888e-02
1.372686343171585754e+01 2.170382067136990278e-02
1.376688344172086076e+01 2.545811957955752131e-02
1.380690345172586220e+01 3.083333234581604049e-02
1.384692346173086541e+01 3.827131501671804381e-02
1.388694347173586685e+01 4.784233684157112448e-02
1.392696348174087007e+01 5.822622624232946104e-02
1.396698349174587328e+01 6.561697872906308016e-02
1.400700350175087472e+01 6.554259139397122791e-02
1.404702351175587793e+01 5.794220433715445429e-02
1.408704352176087937e+01 4.724330832957628068e-02
1.412706353176588259e+01 3.728933273075051708e-02
1.416708354177088580e+01 2.943156351493403725e-02
1.420710355177588724e+01 2.360348838348179726e-02
1.424712356178089045e+01 1.935149539545184816e-02
1.428714357178589189e+01 1.623960305096926876e-02
1.432716358179089511e+01 1.393860154285162835e-02
1.436718359179589832e+01 1.221785940403986165e-02
1.440720360180089976e+01 1.091934192866357220e-02
1.444722361180590298e+01 9.934952277096287254e-03
1.448724362181090441e+01 9.190356198990105863e-03
1.452726363181590763e+01 8.634160123766542252e-03
1.456728364182091084e+01 8.230832197647818677e-03
1.460730365182591228e+01 7.956110279964226026e-03
1.464732366183091550e+01 7.794049621491339237e-03
1.468734367183591694e+01 7.735171195887982805e-03
1.472736368184092015e+01 7.775381326439155701e-03
1.476738369184592337e+01 7.915474258402502988e-03
1.480740370185092480e+01 8.161129225334353213e-03
1.484742371185592802e+01 8.523393561670554452e-03
1.488744372186092946e+01 9.019720690134680474e-03
1.492746373186593267e+01 9.675722941615030187e-03
1.496748374187093589e+01 1.052792389214421941e-02
1.500750375187593733e+01 1.162798014226707616e-02
1.504752376188094054e+01 1.304912554044860597e-02
1.508754377188594198e+01 1.489601606968368741e-02
1.512756378189094519e+01 1.731973857603285108e-02
1.516758379189594841e+01 2.054033329718952736e-02
1.520760380190094985e+01 2.487888244173808508e-02
1.524762381190595306e+01 3.079653923305184643e-02
1.528764382191095450e+01 3.891694133308128828e-02
1.532766383191595772e+01 4.993728756268260571e-02
1.536768384192096093e+01 6.415021109986190906e-02
1.540770385192596237e+01 8.009374076096727191e-02
1.544772386193096558e+01 9.272077243832972659e-02
1.548774387193596702e+01 9.500946902256071636e-02
1.552776388194097024e+01 8.538091606194471439e-02
1.556778389194597167e+01 6.982758208275922918e-02
1.560780390195097489e+01 5.465624505438028413e-02
1.564782391195597810e+01 4.245737253737566497e-02
1.568784392196097954e+01 3.335662341393272334e-02
1.572786393196598276e+01 2.671238872007763651e-02
1.576788394197098420e+01 2.185251629705577125e-02
1.580790395197598741e+01 1.825727390576302109e-02
1.584792396198099063e+01 1.555954326213569543e-02
1.588794397198599206e+01 1.350694557706397583e-02
1.592796398199099528e+01 1.192640795127960195e-02
1.596798399199599672e+01 1.069834094969760244e-02
1.600800400200100171e+01 9.739206888295749709e-03
1.604802401200600315e+01 8.990039092720437247e-03
1.608804402201100459e+01 8.408915897699395167e-03
1.612806403201600602e+01 7.966015353703550725e-03
1.616808404202101102e+01 7.640360143031690345e-03
1.620810405202601245e+01 7.417689901703537238e-03
1.624812406203101389e+01 7.289111409537493355e-03
1.628814407203601888e+01 7.250316474101548524e-03
1.632816408204102032e+01 7.301252462279262008e-03
1.636818409204602176e+01 7.446201956235793187e-03
1.640820410205102675e+01 7.694291193243686482e-03
1.644822411205602819e+01 8.060515093715440657e-03
1.648824412206102963e+01 8.567454154958634854e-03
1.652826413206603107e+01 9.247983440456072207e-03
1.656828414207103606e+01 1.014945964431297233e-02
1.660830415207603750e+01 1.134014187150859249e-02
1.664832416208103893e+01 1.291894529118272489e-02
1.668834417208604393e+01 1.502986733183710698e-02
1.672836418209104536e+01 1.788174465418596384e-02
1.676838419209604680e+01 2.176940256749221314e-02
1.680840420210105179e+01 2.707444143858827798e-02
1.684842421210605323e+01 3.417138112388991983e-02
1.688844422211105467e+01 4.306975209130583376e-02
1.692846423211605611e+01 5.269518587163091183e-02
1.696848424212106110e+01 6.057137109675816977e-02
1.700850425212606254e+01 6.417834277722050951e-02
1.704852426213106398e+01 6.231687117742275989e-02
1.708854427213606897e+01 5.533156908638585392e-02
1.712856428214107041e+01 4.565717097998323731e-02
1.716858429214607185e+01 3.625192329633879912e-02
1.720860430215107328e+01 2.859380295070924199e-02
1.724862431215607828e+01 2.282461552147994205e-02
1.728864432216107971e+01 1.858551544026528640e-02
1.732866433216608115e+01 1.547095326676270997e-02
1.736868434217108614e+01 1.315912638086946286e-02
1.740870435217608758e+01 1.141997334803502955e-02
1.744872436218108902e+01 1.009423428028782821e-02
1.748874437218609401e+01 9.072127277543197768e-03
1.752876438219109545e+01 8.277414921923569036e-03
1.756878439219609689e+01 7.656525445107719742e-03
1.760880440220109833e+01 7.171335940005172695e-03
1.764882441220610332e+01 6.794408466708548588e-03
1.768884442221110476e+01 6.505829027971424955e-03
1.772886443221610620e+01 6.291091363597698348e-03
1.776888444222111119e+01 6.139667643433965524e-03
1.780890445222611262e+01 6.044037711712271083e-03
1.784892446223111406e+01 5.999030997820390364e-03
1.788894447223611905e+01 6.001387799593746637e-03
1.792896448224112049e+01 6.049480706258698534e-03
1.796898449224612193e+01 6.143159658506107748e-03
1.800900450225112337e+01 6.283700116157513865e-03
1.804902451225612836e+01 6.473846022206960343e-03
1.808904452226112980e+01 6.717949847494022846e-03
1.812906453226613124e+01 7.022222716228990018e-03
1.816908454227113623e+01 7.395120183905118383e-03
1.820910455227613767e+01 7.847905765762313440e-03
1.824912456228113911e+01 8.395457724237815819e-03
1.828914457228614410e+01 9.057419346932153725e-03
1.832916458229114554e+01 9.859845963942161229e-03
1.836918459229614697e+01 1.083758447126227133e-02
1.840920460230114841e+01 1.203775116532000006e-02
1.844922461230615340e+01 1.352487971851613902e-02
1.848924462231115484e+01 1.538863570128484910e-02
1.852926463231615628e+01 1.775549165277918312e-02
1.856928464232116127e+01 2.080646193620603462e-02
1.860930465232616271e+01 2.480377692079314966e-02
1.864932466233116415e+01 3.012937361189518132e-02
1.868934467233616914e+01 3.733378548618994375e-02
1.872936468234117058e+01 4.717321863353464428e-02
1.876938469234617202e+01 6.053895085946200960e-02
1.880940470235117346e+01 7.798112288807165782e-02
1.884942471235617845e+01 9.823105984739669005e-02
1.888944472236117988e+01 1.157861780854298195e-01
1.892946473236618132e+01 1.216341205645851686e-01
1.896948474237118631e+01 1.118888646457934649e-01
1.900950475237618775e+01 9.295093367277235119e-02
1.904952476238118919e+01 7.339851822402694570e-02
1.908954477238619418e+01 5.734365619290565652e-02
1.912956478239119562e+01 4.531558720552625319e-02
1.916958479239619706e+01 3.657765858159622158e-02
1.920960480240119850e+01 3.025825384850367589e-02
1.924962481240620349e+01 2.566379704399997241e-02
1.928964482241120493e+01 2.230100405929403770e-02
1.932966483241620637e+01 1.983173134815340369e-02
1.936968484242121136e+01 1.802642236255684940e-02
1.940970485242621280e+01 1.672942165518260388e-02
1.944972486243121423e+01 1.583551265145874756e-02
1.948974487243621923e+01 1.527463572528900415e-02
1.952976488244122066e+01 1.500215431619084973e-02
1.956978489244622210e+01 1.499285306359393784e-02
1.960980490245122354e+01 1.523752958958580171e-02
1.964982491245622853e+01 1.574153011669049071e-02
1.968984492246122997e+01 1.652493487829111846e-02
1.972986493246623141e+01 1.762438905611492246e-02
1.976988494247123640e+01 1.909686066305818844e-02
1.980990495247623784e+01 2.102595127180170026e-02
1.984992496248123928e+01 2.353186319681910971e-02
1.988994497248624427e+01 2.678683083050380567e-02
1.992996498249124571e+01 3.103885019134528314e-02
1.996998499249624714e+01 3.664787539527299826e-02
2.001000500250124858e+01 4.413970178754121620e-02
2.005002501250625357e+01 5.428065993072828110e-02
2.009004502251125501e+01 6.816024434190792736e-02
2.013006503251625645e+01 8.720377306604691625e-02
2.017008504252126144e+01 1.128300681658695459e-01
2.021010505252626288e+01 1.449996711686358797e-01
2.025012506253126432e+01 1.787097506082541420e-01
2.029014507253626931e+01 2.009108338100861757e-01
2.033016508254127075e+01 1.980187128614885606e-01
2.037018509254627219e+01 1.719756838931765786e-01
2.041020510255127363e+01 1.376220021976476693e-01
2.045022511255627862e+01 1.064520256535528148e-01
2.049024512256128006e+01 8.208490302794739513e-02
2.053026513256628149e+01 6.404843684942188031e-02
2.057028514257128649e+01 5.085472643827496086e-02
2.061030515257628792e+01 4.113565857382001784e-02
2.065032516258128936e+01 3.387060704801100192e-02
2.069034517258629080e+01 2.834624050808992601e-02
2.073036518259129579e+01 2.407242830676387807e-02
2.077038519259629723e+01 2.071150068176317097e-02
2.081040520260129867e+01 1.802820567031211338e-02
2.085042521260630366e+01 1.585621636290194397e-02
2.089044522261130510e+01 1.407605899809999221e-02
2.093046523261630654e+01 1.260054671689146873e-02
2.097048524262131153e+01 1.136507805757380231e-02
2.101050525262631297e+01 1.032109274542088694e-02
2.105052526263131440e+01 9.431594168403514833e-03
2.109054527263631584e+01 8.668040918192954081e-03
2.113056528264132083e+01 8.008157551045572142e-03
2.117058529264632227e+01 7.434371201432483055e-03
2.121060530265132371e+01 6.932680264078980130e-03
2.125062531265632870e+01 6.491825418492569270e-03
2.129064532266133014e+01 6.102674983065130808e-03
2.133066533266633158e+01 5.757764098373269017e-03
2.137068534267133657e+01 5.450945621406812734e-03
2.141070535267633801e+01 5.177123051317096894e-03
2.145072536268133945e+01 4.932044329060546184e-03
2.149074537268634089e+01 4.712141261430541697e-03
2.153076538269134588e+01 4.514403463037892916e-03
2.157078539269634732e+01 4.336278646970463148e-03
2.161080540270134875e+01 4.175593198889896752e-03
2.165082541270635375e+01 4.030488491549562811e-03
2.169084542271135518e+01 3.899369508480686562e-03
2.173086543271635662e+01 3.780863164941284348e-03
2.177088544272136161e+01 3.673784323314293991e-03
2.181090545272636305e+01 3.577107956719103622e-03
2.185092546273136449e+01 3.489946259633213213e-03
2.189094547273636593e+01 3.411529767137426450e-03
2.193096548274137092e+01 3.341191746183969948e-03
2.197098549274637236e+01 3.278355278481043505e-03
2.201100550275137380e+01 3.222522576537237456e-03
2.205102551275637879e+01 3.173266170537990521e-03
2.209104552276138023e+01 3.130221680345126028e-03
2.213106553276638166e+01 3.093081948810974362e-03
2.217108554277138666e+01 3.061592363469141202e-03
2.221110555277638809e+01 3.035547236404720437e-03
2.225112556278138953e+01 3.014787149060704861e-03
2.229114557278639097e+01 2.999197201872969617e-03
2.233116558279139596e+01 2.988706139683763516e-03
2.237118559279639740e+01 2.983286354506716875e-03
2.241120560280139884e+01 2.982954799073901566e-03
2.245122561280640383e+01 2.987774879513899976e-03
2.249124562281140527e+01 2.997859435625086204e-03
2.253126563281640671e+01 3.013374965155943969e-03
2.257128564282141170e+01 3.034547307672773829e-03
2.261130565282641314e+01 3.061669078471968876e-03
2.265132566283141458e+01 3.095109239657002978e-03
2.269134567283641601e+01 3.135325322320557401e-03
2.273136568284142101e+01 3.182878982445338286e-03
2.277138569284642244e+01 3.238455800202289740e-03
2.281140570285142388e+01 3.302890541442126977e-03
2.285142571285642887e+01 3.377199525567217784e-03
2.289144572286143031e+01 3.462622335687825462e-03
2.293146573286643175e+01 3.560675939038440447e-03
2.297148574287143674e+01 3.673225468813479371e-03
2.301150575287643818e+01 3.802577620543898945e-03
2.305152576288143962e+01 3.951605093746018288e-03
2.309154577288644106e+01 4.123914161136904392e-03
2.313156578289144605e+01 4.324072898256874249e-03
2.317158579289644749e+01 4.557925847918179244e-03
2.321160580290144893e+01 4.833033517258216762e-03
2.325162581290645392e+01 5.159294681233286828e-03
2.329164582291145535e+01 5.549840164700539993e-03
2.333166583291645679e+01 6.022335325438101135e-03
2.337168584292146178e+01 6.600905493439677800e-03
2.341170585292646322e+01 7.319019972179662686e-03
2.345172586293146466e+01 8.223855861618481825e-03
2.349174587293646610e+01 9.382924368348845301e-03
2.353176588294147109e+01 1.089402446604961598e-02
2.357178589294647253e+01 1.289955252096735769e-02
2.361180590295147397e+01 1.560446938332641677e-02
2.365182591295647896e+01 1.928906631192364371e-02
2.369184592296148040e+01 2.427910837711982212e-02
2.373186593296648184e+01 3.075891351360606971e-02
2.377188594297148683e+01 3.820674403876078012e-02
2.381190595297648827e+01 4.451619504875295452e-02
2.385192596298148970e+01 4.639110969086426839e-02
2.389194597298649114e+01 4.260147852271868596e-02
2.393196598299149613e+01 3.562556687739262817e-02
2.397198599299649757e+01 2.854615058683614495e-02
2.401200600300149901e+01 2.277756645680198769e-02
2.405202601300650400e+01 1.847147823177069936e-02
2.409204602301150544e+01 1.534897933342022590e-02
2.413206603301650688e+01 1.309268460318361443e-02
2.417208604302150832e+01 1.145205614514144613e-02
2.421210605302651331e+01 1.024897656672926413e-02
2.425212606303151475e+01 9.360836900326499968e-03
2.429214607303651619e+01 8.703621426074736184e-03
2.433216608304152118e+01 8.219360733959851437e-03
2.437218609304652261e+01 7.867605994325434227e-03
2.441220610305152405e+01 7.619795459442837461e-03
2.445222611305652904e+01 7.455548989349897356e-03
2.449224612306153048e+01 7.360217071276591028e-03
2.453226613306653192e+01 7.323243767269645502e-03
2.457228614307153336e+01 7.337061681689253413e-03
2.461230615307653835e+01 7.396339254338290051e-03
2.465232616308153979e+01 7.497465366197428316e-03
2.469234617308654123e+01 7.638197141790854447e-03
2.473236618309154622e+01 7.817422916830510035e-03
2.477238619309654766e+01 8.035009242144543207e-03
2.481240620310154910e+01 8.291712011330668736e-03
2.485242621310655409e+01 8.589139514668326161e-03
2.489244622311155553e+01 8.929760830084284423e-03
2.493246623311655696e+01 9.316957392904733765e-03
2.497248624312155840e+01 9.755119510356688797e-03
2.501250625312656339e+01 1.024979355511730118e-02
2.505252626313156483e+01 1.080789012265266462e-02
2.509254627313656627e+01 1.143796919580395734e-02
2.513256628314157126e+01 1.215062616039513411e-02
2.517258629314657270e+01 1.295901356376561592e-02
2.521260630315157414e+01 1.387954963666370237e-02
2.525262631315657913e+01 1.493288867270789293e-02
2.529264632316158057e+01 1.614526493797724047e-02
2.533266633316658201e+01 1.755037820300024351e-02
2.537268634317158345e+01 1.919207710771785383e-02
2.541270635317658844e+01 2.112823543968623055e-02
2.545272636318158987e+01 2.343643588926561452e-02
2.549274637318659131e+01 2.622241965759298729e-02
2.553276638319159630e+01 2.963278082898310878e-02
2.557278639319659774e+01 3.387409946213583434e-02
2.561280640320159918e+01 3.924141175778161211e-02
2.565282641320660417e+01 4.615848502448720303e-02
2.569284642321160561e+01 5.522639515451247677e-02
2.573286643321660705e+01 6.725051930955910917e-02
2.577288644322160849e+01 8.312713840052116110e-02
2.581290645322661348e+01 1.032459958308615811e-01
2.585292646323161492e+01 1.258365086648516873e-01
2.589294647323661636e+01 1.448482905031260870e-01
2.593296648324162135e+01 1.522272003911283034e-01
2.597298649324662279e+01 1.468703044180877382e-01
2.601300650325162422e+01 1.365649331078006568e-01
2.605302651325662922e+01 1.292489201205460347e-01
2.609304652326163065e+01 1.286612331475041338e-01
2.613306653326663209e+01 1.360220045016056478e-01
2.617308654327163353e+01 1.519589132189671232e-01
2.621310655327663852e+01 1.769604244558649064e-01
2.625312656328163996e+01 2.107460375629836291e-01
2.629314657328664140e+01 2.520801521976219206e-01
2.633316658329164639e+01 3.005828092356643833e-01
2.637318659329664783e+01 3.557757508370982258e-01
2.641320660330164927e+01 4.102129553507829485e-01
2.645322661330665426e+01 4.507193161380054214e-01
2.649324662331165570e+01 4.697174694695646080e-01
2.653326663331665713e+01 4.613688844874371808e-01
2.657328664332165857e+01 4.183274681774974413e-01
2.661330665332666356e+01 3.495801819727502591e-01
2.665332666333166500e+01 2.772605007971966629e-01
2.669334667333666644e+01 2.160004442543825842e-01
2.673336668334167143e+01 1.689858682753678509e-01
2.677338669334667287e+01 1.341230200672858808e-01
2.681340670335167431e+01 1.083543977168998224e-01
2.685342671335667930e+01 8.910944572352236248e-02
2.689344672336168074e+01 7.451296543942707851e-02
2.693346673336668218e+01 6.325687509920167872e-02
2.697348674337168362e+01 5.443666040859914540e-02
2.701350675337668861e+01 4.742291167682824438e-02
2.705352676338169005e+01 4.177208112235223508e-02
2.709354677338669148e+01 3.716689132834549020e-02
2.713356678339169648e+01 3.337689299077272603e-02
2.717358679339669791e+01 3.023224257132926113e-02
2.721360680340169935e+01 2.760608702090603175e-02
2.725362681340670434e+01 2.540257872284821389e-02
2.729364682341170578e+01 2.354861349988437644e-02
2.733366683341670722e+01 2.198806574801711461e-02
2.737368684342170866e+01 2.067772642456617432e-02
2.741370685342671365e+01 1.958442477655841785e-02
2.745372686343171509e+01 1.868299241185205142e-02
2.749374687343671653e+01 1.795484546588164282e-02
2.753376688344172152e+01 1.738704032517863693e-02
2.757378689344672296e+01 1.697171548269013966e-02
2.761380690345172439e+01 1.670587668061119732e-02
2.765382691345672583e+01 1.659152212014251837e-02
2.769384692346173082e+01 1.663614596610008337e-02
2.773386693346673226e+01 1.685370913742908344e-02
2.777388694347173370e+01 1.726623629588750625e-02
2.781390695347673869e+01 1.790630122206959135e-02
2.785392696348174013e+01 1.882082006143755495e-02
2.789394697348674157e+01 2.007681048154365266e-02
2.793396698349174656e+01 2.177011763994741306e-02
2.797398699349674800e+01 2.403851914847323842e-02
2.801400700350174944e+01 2.708079349775342412e-02
2.805402701350675088e+01 3.118194714007047064e-02
2.809404702351175587e+01 3.673714233175327804e-02
2.813406703351675731e+01 4.423865794765135390e-02
2.817408704352175874e+01 5.411017205007167402e-02
2.821410705352676374e+01 6.614287898516722775e-02
2.825412706353176517e+01 7.849792699758702252e-02
2.829414707353676661e+01 8.783651975188069838e-02
2.833416708354177160e+01 9.284568583083398219e-02
2.837418709354677304e+01 9.684399031576979011e-02
2.841420710355177448e+01 1.042956146526955036e-01
2.845422711355677592e+01 1.165473818431675551e-01
2.849424712356178091e+01 1.297371476019262282e-01
2.853426713356678235e+01 1.350658207547144329e-01
2.857428714357178379e+01 1.260728557960082707e-01
2.861430715357678878e+01 1.065412686018758215e-01
2.865432716358179022e+01 8.510236105642197957e-02
2.869434717358679165e+01 6.688065619855404487e-02
2.873436718359179665e+01 5.294057878360718117e-02
2.877438719359679808e+01 4.264769050847025400e-02
2.881440720360179952e+01 3.507651950667065727e-02
2.885442721360680096e+01 2.945417526802955946e-02
2.889444722361180595e+01 2.521971136102248157e-02
2.893446723361680739e+01 2.198362196900142951e-02
2.897448724362180883e+01 1.947792501626301534e-02
2.901450725362681382e+01 1.751732047251608124e-02
2.905452726363181526e+01 1.597235393523282337e-02
2.909454727363681670e+01 1.475158766571179648e-02
2.913456728364182169e+01 1.378987832783793062e-02
2.917458729364682313e+01 1.304066554112894363e-02
2.921460730365182457e+01 1.247088584788030342e-02
2.925462731365682600e+01 1.205762286946582447e-02
2.929464732366183100e+01 1.178591499542512577e-02
2.933466733366683243e+01 1.164729433336305492e-02
2.937468734367183387e+01 1.163861936610802866e-02
2.941470735367683886e+01 1.176070978617932937e-02
2.945472736368184030e+01 1.201715712807035520e-02
2.949474737368684174e+01 1.241661170978656213e-02
2.953476738369184673e+01 1.298011970634380292e-02
2.957478739369684817e+01 1.374451964196657730e-02
2.961480740370184961e+01 1.475992949507185480e-02
2.965482741370685105e+01 1.609195763743994506e-02
2.969484742371185604e+01 1.783056655912255983e-02
2.973486743371685748e+01 2.010321100434063479e-02
2.977488744372185892e+01 2.309341910719913543e-02
2.981490745372686391e+01 2.706816017526049445e-02
2.985492746373186534e+01 3.241750887613891602e-02
2.989494747373686678e+01 3.970634681632692620e-02
2.993496748374187177e+01 4.971907855655289393e-02
2.997498749374687321e+01 6.341010872101665585e-02
3.001500750375187465e+01 8.147792704746459336e-02
3.005502751375687609e+01 1.029497970061011708e-01
3.009504752376188108e+01 1.225952236906223819e-01
3.013506753376688252e+01 1.308291445213044801e-01
3.017508754377188396e+01 1.221299270660002878e-01
3.021510755377688895e+01 1.022393348365328025e-01
3.025512756378189039e+01 8.070296341456979772e-02
3.029514757378689183e+01 6.262854894895035496e-02
3.033516758379189682e+01 4.892347229192550717e-02
3.037518759379689826e+01 3.887217991885924540e-02
3.041520760380189969e+01 3.152106547735158970e-02
3.045522761380690113e+01 2.609011467703191769e-02
3.049524762381190612e+01 2.201817896675172664e-02
3.053526763381690756e+01 1.891750447029311860e-02
3.057528764382190900e+01 1.652217056969165765e-02
3.061530765382691399e+01 1.464871094968999907e-02
3.065532766383191543e+01 1.316910272010649897e-02
3.069534767383691687e+01 1.199287975357649430e-02
3.073536768384192186e+01 1.105538466176183079e-02
3.077538769384692330e+01 1.031003130004829252e-02
3.081540770385192474e+01 9.723178686232488224e-03
3.085542771385692618e+01 9.270724150787340231e-03
3.089544772386193117e+01 8.935854707195543464e-03
3.093546773386693260e+01 8.707609199423593793e-03
3.097548774387193404e+01 8.580043194763459571e-03
3.101550775387693903e+01 8.551879738166703188e-03
3.105552776388194047e+01 8.626576090648227155e-03
3.109554777388694191e+01 8.812698271425910279e-03
3.113556778389194335e+01 9.124211862536731402e-03
3.117558779389694834e+01 9.579369071048086590e-03
3.121560780390194978e+01 1.019504321614696750e-02
3.125562781390695122e+01 1.097440397346260109e-02
3.129564782391195621e+01 1.190444922139110434e-02
3.133566783391695765e+01 1.300188804905129912e-02
3.137568784392195909e+01 1.437099059750032715e-02
3.141570785392696408e+01 1.618277598815556773e-02
3.145572786393196552e+01 1.863783670087011332e-02
3.149574787393696695e+01 2.198651709438494486e-02
3.153576788394196839e+01 2.657855966418818869e-02
3.157578789394697338e+01 3.291143915298606892e-02
3.161580790395197482e+01 4.164312389419949634e-02
3.165582791395697626e+01 5.344716011914063536e-02
3.169584792396198125e+01 6.837181150408613850e-02
3.173586793396698269e+01 8.424419391039940364e-02
3.177588794397198413e+01 9.511502202597608979e-02
3.181590795397698912e+01 9.441211785399640510e-02
3.185592796398199056e+01 8.257036598412610673e-02
3.189594797398699200e+01 6.644136592328706015e-02
3.193596798399199344e+01 5.162360654342088712e-02
3.197598799399699843e+01 3.997801958109385018e-02
3.201600800400200342e+01 3.133910838004354271e-02
3.205602801400700486e+01 2.501403505186631029e-02
3.209604802401200629e+01 2.035246817132767977e-02
3.213606803401700773e+01 1.686632500419082623e-02
3.217608804402200917e+01 1.421383962286802867e-02
3.221610805402701061e+01 1.216012761280100586e-02
3.225612806403201205e+01 1.054344726942387650e-02
3.229614807403702059e+01 9.251211861129725322e-03
3.233616808404202203e+01 8.203909974185880083e-03
3.237618809404702347e+01 7.344507397751484645e-03
3.241620810405202491e+01 6.631457199996257726e-03
3.245622811405702635e+01 6.034049759706954993e-03
3.249624812406202778e+01 5.529282031570714739e-03
3.253626813406702922e+01 5.099722127473498012e-03
3.257628814407203777e+01 4.732034806841196699e-03
3.261630815407703921e+01 4.415953297388729333e-03
3.265632816408204064e+01 4.143559026299850970e-03
3.269634817408704208e+01 3.908780077370787448e-03
3.273636818409204352e+01 3.707052092564438496e-03
3.277638819409704496e+01 3.535108715048911488e-03
3.281640820410205350e+01 3.390887113756728410e-03
3.285642821410705494e+01 3.273550855437146970e-03
3.289644822411205638e+01 3.183649104191865406e-03
3.293646823411705782e+01 3.123445294319824456e-03
3.297648824412205926e+01 3.097442171957142699e-03
3.301650825412706070e+01 3.113032236758992571e-03
3.305652826413206213e+01 3.180773530126068931e-03
3.309654827413707068e+01 3.312361038077490591e-03
3.313656828414207212e+01 3.510830305908241820e-03
3.317658829414707355e+01 3.744388539980909349e-03
3.321660830415207499e+01 3.915224635463343539e-03
3.325662831415707643e+01 3.900154087825714010e-03
3.329664832416207787e+01 3.687020489351540246e-03
3.333666833416707931e+01 3.391828170400041677e-03
3.337668834417208785e+01 3.123616882319137089e-03
3.341670835417708929e+01 2.924572232870914675e-03
3.345672836418209073e+01 2.796849737204325052e-03
3.349674837418709217e+01 2.731768486940227593e-03
3.353676838419209361e+01 2.721995372605347241e-03
3.357678839419709504e+01 2.764813606629547456e-03
3.361680840420210359e+01 2.862773796749760666e-03
3.365682841420710503e+01 3.024193660751472740e-03
3.369684842421210647e+01 3.264350996245939107e-03
3.373686843421710790e+01 3.607761038972735323e-03
3.377688844422210934e+01 4.091781329639055699e-03
3.381690845422711078e+01 4.771266099797822485e-03
3.385692846423211222e+01 5.721664288703988237e-03
3.389694847423712076e+01 7.029870405257683877e-03
3.393696848424212220e+01 8.740658410471471157e-03
3.397698849424712364e+01 1.069880569504340698e-02
3.401700850425212508e+01 1.231446150562770861e-02
3.405702851425712652e+01 1.270173731651843066e-02
3.409704852426212796e+01 1.157563518532228435e-02
3.413706853426712939e+01 9.633729704920157566e-03
3.417708854427213794e+01 7.691859698992960410e-03
3.421710855427713938e+01 6.110013650702705336e-03
3.425712856428214081e+01 4.919545660035664139e-03
3.429714857428714225e+01 4.043247975825246809e-03
3.433716858429214369e+01 3.395997069510741338e-03
3.437718859429714513e+01 2.911070936676192315e-03
3.441720860430214657e+01 2.541091940329400813e-03
3.445722861430715511e+01 2.253399244188527151e-03
3.449724862431215655e+01 2.025535610619626226e-03
3.453726863431715799e+01 1.841920220341901771e-03
3.457728864432215943e+01 1.691591494530073677e-03
3.461730865432716087e+01 1.566715150092456901e-03
3.465732866433216230e+01 1.461601239734174659e-03
3.469734867433717085e+01 1.372051969721483234e-03
3.473736868434217229e+01 1.294923860811977596e-03
3.477738869434717373e+01 1.227829709221363872e-03
3.481740870435217516e+01 1.168932737632430528e-03
3.485742871435717660e+01 1.116802340290678737e-03
3.489744872436217804e+01 1.070311554988715146e-03
3.493746873436717948e+01 1.028563200401051139e-03
3.497748874437218802e+01 9.908359770933981847e-04
3.501750875437718946e+01 9.565446567312697705e-04
3.505752876438219090e+01 9.252103394068709758e-04
3.509754877438719234e+01 8.964379929045486559e-04
3.513756878439219378e+01 8.698993188929449692e-04
3.517758879439719522e+01 8.453195579583146170e-04
3.521760880440219665e+01 8.224672367822909429e-04
3.525762881440720520e+01 8.011461341205774675e-04
3.529764882441220664e+01 7.811889352813272550e-04
3.533766883441720807e+01 7.624521825766539338e-04
3.537768884442220951e+01 7.448122285455165744e-04
3.541770885442721095e+01 7.281619710400336022e-04
3.545772886443221239e+01 7.124082023682229686e-04
3.549774887443722093e+01 6.974694440286524286e-04
3.553776888444222237e+01 6.832741679626599387e-04
3.557778889444722381e+01 6.697593273779916005e-04
3.561780890445222525e+01 6.568691369833841920e-04
3.565782891445722669e+01 6.445540552973544595e-04
3.569784892446222813e+01 6.327699315583339840e-04
3.573786893446722956e+01 6.214772873996850504e-04
3.577788894447223811e+01 6.106407094017673315e-04
3.581790895447723955e+01 6.002283332946432544e-04
3.585792896448224099e+01 5.902114042584006171e-04
3.589794897448724242e+01 5.805639006787236380e-04
3.593796898449224386e+01 5.712622110334291282e-04
3.597798899449724530e+01 5.622848554412477034e-04
3.601800900450224674e+01 5.536122448964455548e-04
3.605802901450725528e+01 5.452264724186219090e-04
3.609804902451225672e+01 5.371111313255234280e-04
3.613806903451725816e+01 5.292511566341389327e-04
3.617808904452225960e+01 5.216326862479532750e-04
3.621810905452726104e+01 5.142429391242831545e-04
3.625812906453226248e+01 5.070701080577583609e-04
3.629814907453727102e+01 5.001032650818981696e-04
3.633816908454227246e+01 4.933322777946704853e-04
3.637818909454727390e+01 4.867477351671940962e-04
3.641820910455227533e+01 4.803408816065789168e-04
3.645822911455727677e+01 4.741035582215283252e-04
3.649824912456227821e+01 4.680281503888374496e-04
3.653826913456727965e+01 4.621075408450765819e-04
3.657828914457228819e+01 4.563350676345205299e-04
3.661830915457728963e+01 4.507044863350218554e-04
3.665832916458229107e+01 4.452099360606283818e-04
3.669834917458729251e+01 4.398459088055890124e-04
3.673836918459229395e+01 4.346072217506525030e-04
3.677838919459729539e+01 4.294889922008710025e-04
3.681840920460229682e+01 4.244866148656044639e-04
3.685842921460730537e+01 4.195957412271928344e-04
3.689844922461230681e+01 4.148122607756481173e-04
3.693846923461730825e+01 4.101322839134303186e-04
3.697848924462230968e+01 4.055521263575887761e-04
3.701850925462731112e+01 4.010682948866735407e-04
3.705852926463231256e+01 3.966774742973884840e-04
3.709854927463732110e+01 3.923765154512770374e-04
3.713856928464232254e+01 3.881624243051230477e-04
3.717858929464732398e+01 3.840323518304768332e-04
3.721860930465232542e+01 3.799835847380323784e-04
3.725862931465732686e+01 3.760135369316191948e-04
3.729864932466232830e+01 3.721197416245574665e-04
3.733866933466732974e+01 3.682998440581594581e-04
3.737868934467233828e+01 3.645515947683763275e-04
3.741870935467733972e+01 3.608728433521049854e-04
3.745872936468234116e+01 3.572615326895278438e-04
3.749874937468734259e+01 3.537156935832235665e-04
3.753876938469234403e+01 3.502334397786103170e-04
3.757878939469734547e+01 3.468129633337417692e-04
3.761880940470234691e+01 3.434525303095170611e-04
3.765882941470735545e+01 3.401504767541171427e-04
3.769884942471235689e+01 3.369052049579222439e-04
3.773886943471735833e+01 3.337151799573445979e-04
3.777888944472235977e+01 3.305789262679987087e-04
3.781890945472736121e+01 3.274950248293772366e-04
3.785892946473236265e+01 3.244621101447964662e-04
3.789894947473736408e+01 3.214788676018029965e-04
3.793896948474237263e+01 3.185440309595198105e-04
3.797898949474737407e+01 3.156563799905815772e-04
3.801900950475237551e+01 3.128147382663382711e-04
3.805902951475737694e+01 3.100179710749871283e-04
3.809904952476237838e+01 3.072649834631269259e-04
3.813906953476737982e+01 3.045547183920220427e-04
3.817908954477238836e+01 3.018861550005720725e-04
3.821910955477738980e+01 2.992583069676244966e-04
3.825912956478239124e+01 2.966702209668468340e-04
3.829914957478739268e+01 2.941209752079252467e-04
3.833916958479239412e+01 2.916096780583219122e-04
3.837918959479739556e+01 2.891354667402832386e-04
3.841920960480239700e+01 2.866975060981854779e-04
3.845922961480740554e+01 2.842949874316786718e-04
3.849924962481240698e+01 2.819271273904336099e-04
3.853926963481740842e+01 2.795931669265901902e-04
3.857928964482240985e+01 2.772923703013137017e-04
3.861930965482741129e+01 2.750240241421057015e-04
3.865932966483241273e+01 2.727874365477647093e-04
3.869934967483741417e+01 2.705819362381156157e-04
3.873936968484242271e+01 2.684068717458179521e-04
3.877938969484742415e+01 2.662616106477655388e-04
3.881940970485242559e+01 2.641455388337408364e-04
3.885942971485742703e+01 2.620580598101705056e-04
3.889944972486242847e+01 2.599985940369546090e-04
3.893946973486742991e+01 2.579665782954836464e-04
3.897948974487243845e+01 2.559614650860891319e-04
3.901950975487743989e+01 2.539827220532783693e-04
3.905952976488244133e+01 2.520298314372141843e-04
3.909954977488744277e+01 2.501022895500067318e-04
3.913956978489244420e+01 2.481996062754645649e-04
3.917958979489744564e+01 2.463213045910448524e-04
3.921960980490244708e+01 2.444669201108212340e-04
3.925962981490745562e+01 2.426360006483560018e-04
3.929964982491245706e+01 2.408281057984400285e-04
3.933966983491745850e+01 2.390428065367168002e-04
3.937968984492245994e+01 2.372796848362767610e-04
3.941970985492746138e+01 2.355383333003550959e-04
3.945972986493246282e+01 2.338183548103216973e-04
3.949974987493746426e+01 2.321193621881964314e-04
3.953976988494247280e+01 2.304409778729727234e-04
3.957978989494747424e+01 2.287828336100677668e-04
3.961980990495247568e+01 2.271445701532606558e-04
3.965982991495747711e+01 2.255258369785164080e-04
3.969984992496247855e+01 2.239262920091243431e-04
3.973986993496747999e+01 2.223456013516146492e-04
3.977988994497248854e+01 2.207834390419457604e-04
3.981990995497748997e+01 2.192394868014814013e-04
3.985992996498249141e+01 2.177134338023038057e-04
3.989994997498749285e+01 2.162049764414358235e-04
3.993996998499249429e+01 2.147138181235632554e-04
3.997998999499749573e+01 2.132396690518756647e-04
4.002001000500249717e+01 2.117822460266579894e-04
4.006003001500750571e+01 2.103412722512916716e-04
4.010005002501250715e+01 2.089164771453364423e-04
4.014007003501750859e+01 2.075075961643799919e-04
4.018009004502251003e+01 2.061143706263668352e-04
4.022011005502751146e+01 2.047365475441210590e-04
4.026013006503251290e+01 2.033738794638017167e-04
4.030015007503751434e+01 2.020261243090366496e-04
4.034017008504252289e+01 2.006930452304954264e-04
4.038019009504752432e+01 1.993744104606751794e-04
4.042021010505252576e+01 1.980699931736792474e-04
4.046023011505752720e+01 1.967795713497873136e-04
4.050025012506252864e+01 1.955029276446167336e-04
4.054027013506753008e+01 1.942398492626901964e-04
4.058029014507253862e+01 1.929901278352310148e-04
4.062031015507754006e+01 1.917535593020193224e-04
4.066033016508254150e+01 1.905299437971411526e-04
4.070035017508754294e+01 1.893190855384835987e-04
4.074037018509254438e+01 1.881207927208258389e-04
4.078039019509754581e+01 1.869348774123840773e-04
4.082041020510254725e+01 1.857611554546800521e-04
4.086043021510755580e+01 1.845994463656026006e-04
4.090045022511255723e+01 1.834495732455437237e-04
4.094047023511755867e+01 1.823113626864858482e-04
4.098049024512256011e+01 1.811846446839377497e-04
4.102051025512756155e+01 1.800692525516055915e-04
4.106053026513256299e+01 1.789650228387004726e-04
4.110055027513756443e+01 1.778717952497841205e-04
4.114057028514257297e+01 1.767894125670600280e-04
4.118059029514757441e+01 1.757177205750202911e-04
4.122061030515257585e+01 1.746565679873630374e-04
4.126063031515757729e+01 1.736058063760980449e-04
4.130065032516257872e+01 1.725652901027638993e-04
4.134067033516758016e+01 1.715348762516785718e-04
4.138069034517258160e+01 1.705144245651552502e-04
4.142071035517759015e+01 1.695037973806108600e-04
4.146073036518259158e+01 1.685028595695036628e-04
4.150075037518759302e+01 1.675114784780345806e-04
4.154077038519259446e+01 1.665295238695532645e-04
4.158079039519759590e+01 1.655568678686081946e-04
4.162081040520259734e+01 1.645933849065872763e-04
4.166083041520760588e+01 1.636389516688926374e-04
4.170085042521260732e+01 1.626934470435998335e-04
4.174087043521760876e+01 1.617567520715496368e-04
4.178089044522261020e+01 1.608287498978271969e-04
4.182091045522761164e+01 1.599093257245809234e-04
4.186093046523261307e+01 1.589983667651363665e-04
4.190095047523761451e+01 1.580957621993656038e-04
4.194097048524262306e+01 1.572014031302672744e-04
4.198099049524762449e+01 1.563151825417217523e-04
4.202101050525262593e+01 1.554369952573808839e-04
4.206103051525762737e+01 1.545667379006572138e-04
4.210105052526262881e+01 1.537043088557779526e-04
4.214107053526763025e+01 1.528496082298692340e-04
4.218109054527263169e+01 1.520025378160381362e-04
4.222111055527764023e+01 1.511630010574218394e-04
4.226113056528264167e+01 1.503309030121737497e-04
4.230115057528764311e+01 1.495061503193563155e-04
4.234117058529264455e+01 1.486886511657143771e-04
4.238119059529764598e+01 1.478783152533007282e-04
4.242121060530264742e+01 1.470750537679282985e-04
4.246123061530765597e+01 1.462787793484239150e-04
4.250125062531265741e+01 1.454894060566599783e-04
4.254127063531765884e+01 1.447068493483382498e-04
4.258129064532266028e+01 1.439310260445071014e-04
4.262131065532766172e+01 1.431618543037875633e-04
4.266133066533266316e+01 1.423992535952875406e-04
4.270135067533766460e+01 1.416431446721849567e-04
4.274137068534267314e+01 1.408934495459596560e-04
4.278139069534767458e+01 1.401500914612551732e-04
4.282141070535267602e+01 1.394129948713509906e-04
4.286143071535767746e+01 1.386820854142305909e-04
4.290145072536267890e+01 1.379572898892245981e-04
4.294147073536768033e+01 1.372385362342152919e-04
4.298149074537268177e+01 1.365257535033850920e-04
4.302151075537769032e+01 1.358188718454939720e-04
4.306153076538269175e+01 1.351178224826712990e-04
4.310155077538769319e+01 1.344225376897065422e-04
4.314157078539269463e+01 1.337329507738264087e-04
4.318159079539769607e+01 1.330489960549436344e-04
4.322161080540269751e+01 1.323706088463651783e-04
4.326163081540770605e+01 1.316977254359465394e-04
4.330165082541270749e+01 1.310302830676810003e-04
4.334167083541770893e+01 1.303682199237098680e-04
4.338169084542271037e+01 1.297114751067450077e-04
4.342171085542771181e+01 1.290599886228903110e-04
4.346173086543271324e+01 1.284137013648523637e-04
4.350175087543771468e+01 1.277725550955296368e-04
4.354177088544272323e+01 1.271364924319704956e-04
4.358179089544772467e+01 1.265054568296892666e-04
4.362181090545272610e+01 1.258793925673320135e-04
4.366183091545772754e+01 1.252582447316816694e-04
4.370185092546272898e+01 1.246419592029951505e-04
4.374187093546773042e+01 1.240304826406621807e-04
4.378189094547273186e+01 1.234237624691781005e-04
4.382191095547774040e+01 1.228217468644230174e-04
4.386193096548274184e+01 1.222243847402392208e-04
4.390195097548774328e+01 1.216316257352976848e-04
4.394197098549274472e+01 1.210434202002489312e-04
4.398199099549774616e+01 1.204597191851487781e-04
4.402201100550274759e+01 1.198804744271532273e-04
4.406203101550775614e+01 1.193056383384752693e-04
4.410205102551275758e+01 1.187351639945968406e-04
4.414207103551775901e+01 1.181690051227299174e-04
4.418209104552276045e+01 1.176071160905203626e-04
4.422211105552776189e+01 1.170494518949886025e-04
4.426213106553276333e+01 1.164959681517010494e-04
4.430215107553776477e+01 1.159466210841666041e-04
4.434217108554277331e+01 1.154013675134531842e-04
4.438219109554777475e+01 1.148601648480185853e-04
4.442221110555277619e+01 1.143229710737495090e-04
4.446223111555777763e+01 1.137897447442058168e-04
4.450225112556277907e+01 1.132604449710630714e-04
4.454227113556778050e+01 1.127350314147497728e-04
4.458229114557278194e+01 1.122134642752740328e-04
4.462231115557779049e+01 1.116957042832352403e-04
4.466233116558279193e+01 1.111817126910168569e-04
4.470235117558779336e+01 1.106714512641550699e-04
4.474237118559279480e+01 1.101648822728800635e-04
4.478239119559779624e+01 1.096619684838255452e-04
4.482241120560279768e+01 1.091626731519022169e-04
4.486243121560779912e+01 1.086669600123319515e-04
4.490245122561280766e+01 1.081747932728385693e-04
4.494247123561780910e+01 1.076861376059918125e-04
4.498249124562281054e+01 1.072009581417005322e-04
4.502251125562781198e+01 1.067192204598521214e-04
4.506253126563281342e+01 1.062408905830950623e-04
4.510255127563781485e+01 1.057659349697603061e-04
4.514257128564282340e+01 1.052943205069195598e-04
4.518259129564782484e+01 1.048260145035766053e-04
4.522261130565282627e+01 1.043609846839884650e-04
4.526263131565782771e+01 1.038991991811144213e-04
4.530265132566282915e+01 1.034406265301893006e-04
4.534267133566783059e+01 1.029852356624181593e-04
4.538269134567283203e+01 1.025329958987901115e-04
4.542271135567784057e+01 1.020838769440087613e-04
4.546273136568284201e+01 1.016378488805357185e-04
4.550275137568784345e+01 1.011948821627458949e-04
4.554277138569284489e+01 1.007549476111912752e-04
4.558279139569784633e+01 1.003180164069713870e-04
4.562281140570284776e+01 9.988406008620742053e-05
4.566283141570784920e+01 9.945305053461898144e-05
4.570285142571285775e+01 9.902495998219915400e-05
4.574287143571785919e+01 9.859976099798870074e-05
4.578289144572286062e+01 9.817742648494408634e-05
4.582291145572786206e+01 9.775792967489984068e-05
4.586293146573286350e+01 9.734124412362184578e-05
4.590295147573786494e+01 9.692734370595017777e-05
4.594297148574287348e+01 9.651620261102918661e-05
4.598299149574787492e+01 9.610779533762394593e-05
4.602301150575287636e+01 9.570209668951929209e-05
4.606303151575787780e+01 9.529908177100217053e-05
4.610305152576287924e+01 9.489872598242369813e-05
4.614307153576788068e+01 9.450100501584008772e-05
4.618309154577288211e+01 9.410589485073061870e-05
4.622311155577789066e+01 9.371337174979090553e-05
4.626313156578289210e+01 9.332341225480050178e-05
4.630315157578789353e+01 9.293599318256216997e-05
4.634317158579289497e+01 9.255109162091269522e-05
4.638319159579789641e+01 9.216868492480269478e-05
4.642321160580289785e+01 9.178875071244484076e-05
4.646323161580789929e+01 9.141126686152816492e-05
4.650325162581290783e+01 9.103621150549822880e-05
4.654327163581790927e+01 9.066356302990093651e-05
4.658329164582291071e+01 9.029330006878886529e-05
4.662331165582791215e+01 8.992540150118958535e-05
4.666333166583291359e+01 8.955984644763333982e-05
4.670335167583791502e+01 8.919661426674057258e-05
4.674337168584292357e+01 8.883568455186652583e-05
4.678339169584792501e+01 8.847703712780315133e-05
4.682341170585292645e+01 8.812065204753581442e-05
4.686343171585792788e+01 8.776650958905527888e-05
4.690345172586292932e+01 8.741459025222218066e-05
4.694347173586793076e+01 8.706487475568479024e-05
4.698349174587293220e+01 8.671734403384724447e-05
4.702351175587794074e+01 8.637197923388842435e-05
4.706353176588294218e+01 8.602876171283039425e-05
4.710355177588794362e+01 8.568767303465473590e-05
4.714357178589294506e+01 8.534869496746651945e-05
4.718359179589794650e+01 8.501180948070519335e-05
4.722361180590294794e+01 8.467699874240026535e-05
4.726363181590794937e+01 8.434424511647258785e-05
4.730365182591295792e+01 8.401353116007901115e-05
4.734367183591795936e+01 8.368483962100044563e-05
4.738369184592296079e+01 8.335815343507169269e-05
4.742371185592796223e+01 8.303345572365327504e-05
4.746373186593296367e+01 8.271072979114384323e-05
4.750375187593796511e+01 8.238995912253183030e-05
4.754377188594297365e+01 8.207112738098728969e-05
4.758379189594797509e+01 8.175421840549150401e-05
4.762381190595297653e+01 8.143921620850424277e-05
4.766383191595797797e+01 8.112610497366845217e-05
4.770385192596297941e+01 8.081486905355096749e-05
4.774387193596798085e+01 8.050549296741869247e-05
4.778389194597298228e+01 8.019796139905059802e-05
4.782391195597799083e+01 7.989225919458280264e-05
4.786393196598299227e+01 7.958837136038853703e-05
4.790395197598799371e+01 7.928628306099062123e-05
4.794397198599299514e+01 7.898597961700614257e-05
4.798399199599799658e+01 7.868744650312407981e-05
4.802401200600299802e+01 7.839066934611325780e-05
4.806403201600799946e+01 7.809563392286120198e-05
4.810405202601300800e+01 7.780232615844393320e-05
4.814407203601800944e+01 7.751073212422450757e-05
4.818409204602301088e+01 7.722083803598112778e-05
4.822411205602801232e+01 7.693263025206390458e-05
4.826413206603301376e+01 7.664609527157963131e-05
4.830415207603801520e+01 7.636121973260400224e-05
4.834417208604301663e+01 7.607799041042126128e-05
4.838419209604802518e+01 7.579639421579011549e-05
4.842421210605302662e+01 7.551641819323625217e-05
4.846423211605802805e+01 7.523804951936998234e-05
4.850425212606302949e+01 7.496127550122968824e-05
4.854427213606803093e+01 7.468608357464961121e-05
4.858429214607303237e+01 7.441246130265239994e-05
4.862431215607804091e+01 7.414039637386533508e-05
4.866433216608304235e+01 7.386987660096029781e-05
4.870435217608804379e+01 7.360088991911653382e-05
4.874437218609304523e+01 7.333342438450638878e-05
4.878439219609804667e+01 7.306746817280351390e-05
4.882441220610304811e+01 7.280300957771264716e-05
4.886443221610804954e+01 7.254003700952118693e-05
4.890445222611305809e+01 7.227853899367188049e-05
4.894447223611805953e+01 7.201850416935662736e-05
4.898449224612306097e+01 7.175992128813023197e-05
4.902451225612806240e+01 7.150277921254467482e-05
4.906453226613306384e+01 7.124706691480322456e-05
4.910455227613806528e+01 7.099277347543379467e-05
4.914457228614306672e+01 7.073988808198143630e-05
4.918459229614807526e+01 7.048840002771988595e-05
4.922461230615307670e+01 7.023829871038144974e-05
4.926463231615807814e+01 6.998957363090483122e-05
4.930465232616307958e+01 6.974221439220134992e-05
4.934467233616808102e+01 6.949621069793837170e-05
4.938469234617308246e+01 6.925155235133999135e-05
4.942471235617809100e+01 6.900822925400518454e-05
4.946473236618309244e+01 6.876623140474211421e-05
4.950475237618809388e+01 6.852554889841918804e-05
4.954477238619309531e+01 6.828617192483220268e-05
4.958479239619809675e+01 6.804809076758769684e-05
4.962481240620309819e+01 6.781129580300121213e-05
4.966483241620809963e+01 6.757577749901193893e-05
4.970485242621310817e+01 6.734152641411167374e-05
4.974487243621810961e+01 6.710853319628930767e-05
4.978489244622311105e+01 6.687678858198932831e-05
4.982491245622811249e+01 6.664628339508540554e-05
4.986493246623311393e+01 6.641700854586766534e-05
4.990495247623811537e+01 6.618895503004415320e-05
4.994497248624311680e+01 6.596211392775608035e-05
4.998499249624812535e+01 6.573647640260640575e-05
5.002501250625312679e+01 6.551203370070191631e-05
5.006503251625812823e+01 6.528877714970820925e-05
5.010505252626312966e+01 6.506669815791757633e-05
5.014507253626813110e+01 6.484578821332988503e-05
5.018509254627313254e+01 6.462603888274538592e-05
5.022511255627814108e+01 6.440744181087027301e-05
5.026513256628314252e+01 6.418998871943412958e-05
5.030515257628814396e+01 6.397367140631917836e-05
5.034517258629314540e+01 6.375848174470155269e-05
5.038519259629814684e+01 6.354441168220365378e-05
5.042521260630314828e+01 6.333145324005828500e-05
5.046523261630814972e+01 6.311959851228368245e-05
5.050525262631315826e+01 6.290883966486956374e-05
5.054527263631815970e+01 6.269916893497419496e-05
5.058529264632316114e+01 6.249057863013185248e-05
5.062531265632816257e+01 6.228306112747090983e-05
5.066533266633316401e+01 6.207660887294240079e-05
5.070535267633816545e+01 6.187121438055831317e-05
5.074537268634316689e+01 6.166687023164056192e-05
5.078539269634817543e+01 6.146356907407904250e-05
5.082541270635317687e+01 6.126130362160016037e-05
5.086543271635817831e+01 6.106006665304441344e-05
5.090545272636317975e+01 6.085985101165344792e-05
5.094547273636818119e+01 6.066064960436672276e-05
5.098549274637318263e+01 6.046245540112688168e-05
5.102551275637819117e+01 6.026526143419440860e-05
5.106553276638319261e+01 6.006906079747112621e-05
5.110555277638819405e+01 5.987384664583219186e-05
5.114557278639319549e+01 5.967961219446700429e-05
5.118559279639819692e+01 5.948635071822834351e-05
5.122561280640319836e+01 5.929405555098998782e-05
5.126563281640819980e+01 5.910272008501249615e-05
5.130565282641320835e+01 5.891233777031706101e-05
5.134567283641820978e+01 5.872290211406751325e-05
5.138569284642321122e+01 5.853440667995984167e-05
5.142571285642821266e+01 5.834684508761978322e-05
5.146573286643321410e+01 5.816021101200790093e-05
5.150575287643821554e+01 5.797449818283217671e-05
5.154577288644321698e+01 5.778970038396806486e-05
5.158579289644822552e+01 5.760581145288574191e-05
5.162581290645322696e+01 5.742282528008473588e-05
5.166583291645822840e+01 5.724073580853532495e-05
5.170585292646322984e+01 5.705953703312728847e-05
5.174587293646823127e+01 5.687922300012529183e-05
5.178589294647323271e+01 5.669978780663104768e-05
5.182591295647823415e+01 5.652122560005245664e-05
5.186593296648324269e+01 5.634353057757877215e-05
5.190595297648824413e+01 5.616669698566300912e-05
5.194597298649324557e+01 5.599071911950998366e-05
5.198599299649824701e+01 5.581559132257125786e-05
5.202601300650324845e+01 5.564130798604587140e-05
5.206603301650824989e+01 5.546786354838756497e-05
5.210605302651325843e+01 5.529525249481772947e-05
5.214607303651825987e+01 5.512346935684461660e-05
5.218609304652326131e+01 5.495250871178809240e-05
5.222611305652826275e+01 5.478236518231034029e-05
5.226613306653326418e+01 5.461303343595239859e-05
5.230615307653826562e+01 5.444450818467613248e-05
5.234617308654326706e+01 5.427678418441174224e-05
5.238619309654827561e+01 5.410985623461081446e-05
5.242621310655327704e+01 5.394371917780499756e-05
5.246623311655827848e+01 5.377836789916942066e-05
5.250625312656327992e+01 5.361379732609181808e-05
5.254627313656828136e+01 5.345000242774670897e-05
5.258629314657328280e+01 5.328697821467469293e-05
5.262631315657828424e+01 5.312471973836655690e-05
5.266633316658329278e+01 5.296322209085278939e-05
5.270635317658829422e+01 5.280248040429743835e-05
5.274637318659329566e+01 5.264248985059720036e-05
5.278639319659829710e+01 5.248324564098500914e-05
5.282641320660329853e+01 5.232474302563861152e-05
5.286643321660829997e+01 5.216697729329332426e-05
5.290645322661330852e+01 5.200994377085978507e-05
5.294647323661830995e+01 5.185363782304597936e-05
5.298649324662331139e+01 5.169805485198374615e-05
5.302651325662831283e+01 5.154319029685955307e-05
5.306653326663331427e+01 5.138903963354981132e-05
5.310655327663831571e+01 5.123559837426029721e-05
5.314657328664331715e+01 5.108286206716982231e-05
5.318659329664832569e+01 5.093082629607794228e-05
5.322661330665332713e+01 5.077948668005701605e-05
5.326663331665832857e+01 5.062883887310789036e-05
5.330665332666333001e+01 5.047887856382001588e-05
5.334667333666833144e+01 5.032960147503511418e-05
5.338669334667333288e+01 5.018100336351499172e-05
5.342671335667833432e+01 5.003308001961292496e-05
5.346673336668334287e+01 4.988582726694903665e-05
5.350675337668834430e+01 4.973924096208932460e-05
5.354677338669334574e+01 4.959331699422828854e-05
5.358679339669834718e+01 4.944805128487519594e-05
5.362681340670334862e+01 4.930343978754400696e-05
5.366683341670835006e+01 4.915947848744675527e-05
5.370685342671335860e+01 4.901616340119042546e-05
5.374687343671836004e+01 4.887349057647733382e-05
5.378689344672336148e+01 4.873145609180865316e-05
5.382691345672836292e+01 4.859005605619169188e-05
5.386693346673336436e+01 4.844928660885007310e-05
5.390695347673836579e+01 4.830914391893734270e-05
5.394697348674336723e+01 4.816962418525393830e-05
5.398699349674837578e+01 4.803072363596702470e-05
5.402701350675337721e+01 4.789243852833373767e-05
5.406703351675837865e+01 4.775476514842728063e-05
5.410705352676338009e+01 4.761769981086637555e-05
5.414707353676838153e+01 4.748123885854734980e-05
5.418709354677338297e+01 4.734537866237956372e-05
5.422711355677838441e+01 4.721011562102343350e-05
5.426713356678339295e+01 4.707544616063168635e-05
5.430715357678839439e+01 4.694136673459327867e-05
5.434717358679339583e+01 4.680787382328006549e-05
5.438719359679839727e+01 4.667496393379645816e-05
5.442721360680339870e+01 4.654263359973171126e-05
5.446723361680840014e+01 4.641087938091501491e-05
5.450725362681340869e+01 4.627969786317308066e-05
5.454727363681841013e+01 4.614908565809065484e-05
5.458729364682341156e+01 4.601903940277338320e-05
5.462731365682841300e+01 4.588955575961342669e-05
5.466733366683341444e+01 4.576063141605754390e-05
5.470735367683841588e+01 4.563226308437780260e-05
5.474737368684341732e+01 4.550444750144454778e-05
5.478739369684842586e+01 4.537718142850210738e-05
5.482741370685342730e+01 4.525046165094672053e-05
5.486743371685842874e+01 4.512428497810693921e-05
5.490745372686343018e+01 4.499864824302634057e-05
5.494747373686843162e+01 4.487354830224865159e-05
5.498749374687343305e+01 4.474898203560516419e-05
5.502751375687843449e+01 4.462494634600435253e-05
5.506753376688344304e+01 4.450143815922369265e-05
5.510755377688844447e+01 4.437845442370409775e-05
5.514757378689344591e+01 4.425599211034591201e-05
5.518759379689844735e+01 4.413404821230757419e-05
5.522761380690344879e+01 4.401261974480623969e-05
5.526763381690845023e+01 4.389170374492043541e-05
5.530765382691345167e+01 4.377129727139508628e-05
5.534767383691846021e+01 4.365139740444809365e-05
5.538769384692346165e+01 4.353200124557965797e-05
5.542771385692846309e+01 4.341310591738286191e-05
5.546773386693346453e+01 4.329470856335686907e-05
5.550775387693846596e+01 4.317680634772160002e-05
5.554777388694346740e+01 4.305939645523475956e-05
5.558779389694847595e+01 4.294247609101034129e-05
5.562781390695347739e+01 4.282604248033956487e-05
5.566783391695847882e+01 4.271009286851314141e-05
5.570785392696348026e+01 4.259462452064574785e-05
5.574787393696848170e+01 4.247963472150213457e-05
5.578789394697348314e+01 4.236512077532514375e-05
5.582791395697848458e+01 4.225108000566553710e-05
5.586793396698349312e+01 4.213750975521332110e-05
5.590795397698849456e+01 4.202440738563130841e-05
5.594797398699349600e+01 4.191177027738977027e-05
5.598799399699849744e+01 4.179959582960337248e-05
5.602801400700349888e+01 4.168788145986934468e-05
5.606803401700850031e+01 4.157662460410760797e-05
5.610805402701350175e+01 4.146582271640241363e-05
5.614807403701851030e+01 4.135547326884549970e-05
5.618809404702351173e+01 4.124557375138112464e-05
5.622811405702851317e+01 4.113612167165235455e-05
5.626813406703351461e+01 4.102711455484919355e-05
5.630815407703851605e+01 4.091854994355803555e-05
5.634817408704351749e+01 4.081042539761279647e-05
5.638819409704852603e+01 4.070273849394748992e-05
5.642821410705352747e+01 4.059548682645030708e-05
5.646823411705852891e+01 4.048866800581915355e-05
5.650825412706353035e+01 4.038227965941857534e-05
5.654827413706853179e+01 4.027631943113833823e-05
5.658829414707353322e+01 4.017078498125319980e-05
5.662831415707853466e+01 4.006567398628415184e-05
5.666833416708354321e+01 3.996098413886110617e-05
5.670835417708854465e+01 3.985671314758696277e-05
5.674837418709354608e+01 3.975285873690295193e-05
5.678839419709854752e+01 3.964941864695525019e-05
5.682841420710354896e+01 3.954639063346322952e-05
5.686843421710855040e+01 3.944377246758869573e-05
5.690845422711355184e+01 3.934156193580650248e-05
5.694847423711856038e+01 3.923975683977658159e-05
5.698849424712356182e+01 3.913835499621715232e-05
5.702851425712856326e+01 3.903735423677904203e-05
5.706853426713356470e+01 3.893675240792147051e-05
5.710855427713856614e+01 3.883654737078894557e-05
5.714857428714356757e+01 3.873673700108939196e-05
5.718859429714857612e+01 3.863731918897343222e-05
5.722861430715357756e+01 3.853829183891492116e-05
5.726863431715857899e+01 3.843965286959259166e-05
5.730865432716358043e+01 3.834140021377283882e-05
5.734867433716858187e+01 3.824353181819373747e-05
5.738869434717358331e+01 3.814604564345010993e-05
5.742871435717858475e+01 3.804893966387974582e-05
5.746873436718359329e+01 3.795221186745065175e-05
5.750875437718859473e+01 3.785586025564958860e-05
5.754877438719359617e+01 3.775988284337139479e-05
5.758879439719859761e+01 3.766427765880963772e-05
5.762881440720359905e+01 3.756904274334818002e-05
5.766883441720860048e+01 3.747417615145385027e-05
5.770885442721360192e+01 3.737967595057005568e-05
5.774887443721861047e+01 3.728554022101162127e-05
5.778889444722361191e+01 3.719176705586036763e-05
5.782891445722861334e+01 3.709835456086188135e-05
5.786893446723361478e+01 3.700530085432317983e-05
5.790895447723861622e+01 3.691260406701141975e-05
5.794897448724361766e+01 3.682026234205347282e-05
5.798899449724862620e+01 3.672827383483656541e-05
5.802901450725362764e+01 3.663663671290988725e-05
5.806903451725862908e+01 3.654534915588687088e-05
5.810905452726363052e+01 3.645440935534873835e-05
5.814907453726863196e+01 3.636381551474875259e-05
5.818909454727363340e+01 3.627356584931742430e-05
5.822911455727863483e+01 3.618365858596865386e-05
5.826913456728364338e+01 3.609409196320668652e-05
5.830915457728864482e+01 3.600486423103396196e-05
5.834917458729364625e+01 3.591597365085983799e-05
5.838919459729864769e+01 3.582741849541030369e-05
5.842921460730364913e+01 3.573919704863810575e-05
5.846923461730865057e+01 3.565130760563437249e-05
5.850925462731365201e+01 3.556374847254051562e-05
5.854927463731866055e+01 3.547651796646104688e-05
5.858929464732366199e+01 3.538961441537758043e-05
5.862931465732866343e+01 3.530303615806309960e-05
5.866933466733366487e+01 3.521678154399739586e-05
5.870935467733866631e+01 3.513084893328311773e-05
5.874937468734366774e+01 3.504523669656274797e-05
5.878939469734866918e+01 3.495994321493610938e-05
5.882941470735367773e+01 3.487496687987885307e-05
5.886943471735867917e+01 3.479030609316165158e-05
5.890945472736368060e+01 3.470595926676998141e-05
5.894947473736868204e+01 3.462192482282486114e-05
5.898949474737368348e+01 3.453820119350414504e-05
5.902951475737868492e+01 3.445478682096469775e-05
5.906953476738369346e+01 3.437168015726507710e-05
5.910955477738869490e+01 3.428887966428914526e-05
5.914957478739369634e+01 3.420638381367012041e-05
5.918959479739869778e+01 3.412419108671567192e-05
5.922961480740369922e+01 3.404229997433329334e-05
5.926963481740870066e+01 3.396070897695667830e-05
5.930965482741370209e+01 3.387941660447257755e-05
5.934967483741871064e+01 3.379842137614834710e-05
5.938969484742371208e+01 3.371772182056030962e-05
5.942971485742871351e+01 3.363731647552250874e-05
5.946973486743371495e+01 3.355720388801622920e-05
5.950975487743871639e+01 3.347738261412026227e-05
5.954977488744371783e+01 3.339785121894156425e-05
5.958979489744871927e+01 3.331860827654676204e-05
5.962981490745372781e+01 3.323965236989408553e-05
5.966983491745872925e+01 3.316098209076609286e-05
5.970985492746373069e+01 3.308259603970282260e-05
5.974987493746873213e+01 3.300449282593563707e-05
5.978989494747373357e+01 3.292667106732163489e-05
5.982991495747873500e+01 3.284912939027871405e-05
5.986993496748374355e+01 3.277186642972102800e-05
5.990995497748874499e+01 3.269488082899530909e-05
5.994997498749374643e+01 3.261817123981738855e-05
5.998999499749874786e+01 3.254173632220963124e-05
6.003001500750374930e+01 3.246557474443867534e-05
6.007003501750875074e+01 3.238968518295380221e-05
6.011005502751375218e+01 3.231406632232604494e-05
6.015007503751876072e+01 3.223871685518731712e-05
6.019009504752376216e+01 3.216363548217072077e-05
6.023011505752876360e+01 3.208882091185090842e-05
6.027013506753376504e+01 3.201427186068511607e-05
6.031015507753876648e+01 3.193998705295479927e-05
6.035017508754376792e+01 3.186596522070765533e-05
6.039019509754876935e+01 3.179220510370020812e-05
6.043021510755377790e+01 3.171870544934086707e-05
6.047023511755877934e+01 3.164546501263352157e-05
6.051025512756378077e+01 3.157248255612159617e-05
6.055027513756878221e+01 3.149975684983260713e-05
6.059029514757378365e+01 3.142728667122317987e-05
6.063031515757878509e+01 3.135507080512450680e-05
6.067033516758379363e+01 3.128310804368843537e-05
6.071035517758879507e+01 3.121139718633382038e-05
6.075037518759379651e+01 3.113993703969349976e-05
6.079039519759879795e+01 3.106872641756152096e-05
6.083041520760379939e+01 3.099776414084111966e-05
6.087043521760880083e+01 3.092704903749292871e-05
6.091045522761380226e+01 3.085657994248362085e-05
6.095047523761881081e+01 3.078635569773512744e-05
6.099049524762381225e+01 3.071637515207423653e-05
6.103051525762881369e+01 3.064663716118250957e-05
6.107053526763381512e+01 3.057714058754683496e-05
6.111055527763881656e+01 3.050788430041019854e-05
6.115057528764381800e+01 3.043886717572302997e-05
6.119059529764881944e+01 3.037008809609486768e-05
6.123061530765382798e+01 3.030154595074646085e-05
6.127063531765882942e+01 3.023323963546231181e-05
6.131065532766383086e+01 3.016516805254354378e-05
6.135067533766883230e+01 3.009733011076123950e-05
6.139069534767383374e+01 3.002972472531015597e-05
6.143071535767883518e+01 2.996235081776281526e-05
6.147073536768384372e+01 2.989520731602392397e-05
6.151075537768884516e+01 2.982829315428538899e-05
6.155077538769384660e+01 2.976160727298141464e-05
6.159079539769884803e+01 2.969514861874416890e-05
6.163081540770384947e+01 2.962891614435981229e-05
6.167083541770885091e+01 2.956290880872482481e-05
6.171085542771385235e+01 2.949712557680276326e-05
6.175087543771886089e+01 2.943156541958127933e-05
6.179089544772386233e+01 2.936622731402968673e-05
6.183091545772886377e+01 2.930111024305657557e-05
6.187093546773386521e+01 2.923621319546818246e-05
6.191095547773886665e+01 2.917153516592669270e-05
6.195097548774386809e+01 2.910707515490922701e-05
6.199099549774886952e+01 2.904283216866693660e-05
6.203101550775387807e+01 2.897880521918452511e-05
6.207103551775887951e+01 2.891499332414020773e-05
6.211105552776388095e+01 2.885139550686575494e-05
6.215107553776888238e+01 2.878801079630706141e-05
6.219109554777388382e+01 2.872483822698503346e-05
6.223111555777888526e+01 2.866187683895672034e-05
6.227113556778388670e+01 2.859912567777670993e-05
6.231115557778889524e+01 2.853658379445909689e-05
6.235117558779389668e+01 2.847425024543944757e-05
6.239119559779889812e+01 2.841212409253725943e-05
6.243121560780389956e+01 2.835020440291868826e-05
6.247123561780890100e+01 2.828849024905963447e-05
6.251125562781390244e+01 2.822698070870894118e-05
6.255127563781891098e+01 2.816567486485215818e-05
6.259129564782391242e+01 2.810457180567540409e-05
6.263131565782891386e+01 2.804367062452960127e-05
6.267133566783391529e+01 2.798297041989493430e-05
6.271135567783891673e+01 2.792247029534573199e-05
6.275137568784391817e+01 2.786216935951546121e-05
6.279139569784891961e+01 2.780206672606217133e-05
6.283141570785392815e+01 2.774216151363403016e-05
6.287143571785892959e+01 2.768245284583537144e-05
6.291145572786393103e+01 2.762293985119277631e-05
6.295147573786893247e+01 2.756362166312160191e-05
6.299149574787393391e+01 2.750449741989266590e-05
6.303151575787893535e+01 2.744556626459928670e-05
6.307153576788393678e+01 2.738682734512454738e-05
6.311155577788894533e+01 2.732827981410877638e-05
6.315157578789394677e+01 2.726992282891740424e-05
6.319159579789894821e+01 2.721175555160892890e-05
6.323161580790394964e+01 2.715377714890326372e-05
6.327163581790895108e+01 2.709598679215026852e-05
6.331165582791395252e+01 2.703838365729856183e-05
6.335167583791896107e+01 2.698096692486450933e-05
6.339169584792396250e+01 2.692373577990164933e-05
6.343171585792896394e+01 2.686668941197006746e-05
6.347173586793396538e+01 2.680982701510627617e-05
6.351175587793896682e+01 2.675314778779318235e-05
6.355177588794396826e+01 2.669665093293038016e-05
6.359179589794896970e+01 2.664033565780459298e-05
6.363181590795397824e+01 2.658420117406044402e-05
6.367183591795897968e+01 2.652824669767131835e-05
6.371185592796398112e+01 2.647247144891064173e-05
6.375187593796898256e+01 2.641687465232321361e-05
6.379189594797398399e+01 2.636145553669685189e-05
6.383191595797898543e+01 2.630621333503426121e-05
6.387193596798398687e+01 2.625114728452503348e-05
6.391195597798899541e+01 2.619625662651805151e-05
6.395197598799399685e+01 2.614154060649390623e-05
6.399199599799899829e+01 2.608699847403756806e-05
6.403201600800400684e+01 2.603262948281146816e-05
6.407203601800900117e+01 2.597843289052849841e-05
6.411205602801400971e+01 2.592440795892540106e-05
6.415207603801900405e+01 2.587055395373637174e-05
6.419209604802401259e+01 2.581687014466668291e-05
6.423211605802900692e+01 2.576335580536686965e-05
6.427213606803401547e+01 2.571001021340665120e-05
6.431215607803902401e+01 2.565683265024943193e-05
6.435217608804401834e+01 2.560382240122686996e-05
6.439219609804902689e+01 2.555097875551350689e-05
6.443221610805402122e+01 2.549830100610189545e-05
6.447223611805902976e+01 2.544578844977754098e-05
6.451225612806402410e+01 2.539344038709445594e-05
6.455227613806903264e+01 2.534125612235044699e-05
6.459229614807404118e+01 2.528923496356301172e-05
6.463231615807903552e+01 2.523737622244512377e-05
6.467233616808404406e+01 2.518567921438137690e-05
6.471235617808903839e+01 2.513414325840415632e-05
6.475237618809404694e+01 2.508276767717016571e-05
6.479239619809904127e+01 2.503155179693705923e-05
6.483241620810404982e+01 2.498049494754009736e-05
6.487243621810905836e+01 2.492959646236926339e-05
6.491245622811405269e+01 2.487885567834640713e-05
6.495247623811906124e+01 2.482827193590243260e-05
6.499249624812405557e+01 2.477784457895496008e-05
6.503251625812906411e+01 2.472757295488583568e-05
6.507253626813405845e+01 2.467745641451911189e-05
6.511255627813906699e+01 2.462749431209886888e-05
6.515257628814407553e+01 2.457768600526755750e-05
6.519259629814906987e+01 2.452803085504422386e-05
6.523261630815407841e+01 2.447852822580294714e-05
6.527263631815907274e+01 2.442917748525167063e-05
6.531265632816408129e+01 2.437997800441079550e-05
6.535267633816907562e+01 2.433092915759236068e-05
6.539269634817408416e+01 2.428203032237895181e-05
6.543271635817909271e+01 2.423328087960318944e-05
6.547273636818408704e+01 2.418468021332705466e-05
6.551275637818909559e+01 2.413622771082145189e-05
6.555277638819408992e+01 2.408792276254605630e-05
6.559279639819909846e+01 2.403976476212906968e-05
6.563281640820410701e+01 2.399175310634741684e-05
6.567283641820910134e+01 2.394388719510683015e-05
6.571285642821410988e+01 2.389616643142217467e-05
6.575287643821910422e+01 2.384859022139803754e-05
6.579289644822411276e+01 2.380115797420918186e-05
6.583291645822910709e+01 2.375386910208152571e-05
6.587293646823411564e+01 2.370672302027285010e-05
6.591295647823912418e+01 2.365971914705399488e-05
6.595297648824411851e+01 2.361285690369003428e-05
6.599299649824912706e+01 2.356613571442145580e-05
6.603301650825412139e+01 2.351955500644583382e-05
6.607303651825912993e+01 2.347311420989928638e-05
6.611305652826412427e+01 2.342681275783830121e-05
6.615307653826913281e+01 2.338065008622148389e-05
6.619309654827414136e+01 2.333462563389174981e-05
6.623311655827913569e+01 2.328873884255828236e-05
6.627313656828414423e+01 2.324298915677886046e-05
6.631315657828913857e+01 2.319737602394228771e-05
6.635317658829414711e+01 2.315189889425082150e-05
6.639319659829914144e+01 2.310655722070295456e-05
6.643321660830414999e+01 2.306135045907604402e-05
6.647323661830915853e+01 2.301627806790931648e-05
6.651325662831415286e+01 2.297133950848684610e-05
6.655327663831916141e+01 2.292653424482068845e-05
6.659329664832415574e+01 2.288186174363420752e-05
6.663331665832916428e+01 2.283732147434535190e-05
6.667333666833415862e+01 2.279291290905031720e-05
6.671335667833916716e+01 2.274863552250700182e-05
6.675337668834417570e+01 2.270448879211889976e-05
6.679339669834917004e+01 2.266047219791888164e-05
6.683341670835417858e+01 2.261658522255315527e-05
6.687343671835917291e+01 2.257282735126544648e-05
6.691345672836418146e+01 2.252919807188108166e-05
6.695347673836917579e+01 2.248569687479145320e-05
6.699349674837418434e+01 2.244232325293826465e-05
6.703351675837919288e+01 2.239907670179826720e-05
6.707353676838418721e+01 2.235595671936779964e-05
6.711355677838919576e+01 2.231296280614754514e-05
6.715357678839419009e+01 2.227009446512744051e-05
6.719359679839919863e+01 2.222735120177162955e-05
6.723361680840420718e+01 2.218473252400358909e-05
6.727363681840920151e+01 2.214223794219127882e-05
6.731365682841421005e+01 2.209986696913239282e-05
6.735367683841920439e+01 2.205761912003988197e-05
6.739369684842421293e+01 2.201549391252731729e-05
6.743371685842920726e+01 2.197349086659462590e-05
6.747373686843421581e+01 2.193160950461364400e-05
6.751375687843922435e+01 2.188984935131410017e-05
6.755377688844421868e+01 2.184820993376938186e-05
6.759379689844922723e+01 2.180669078138257965e-05
6.763381690845422156e+01 2.176529142587266028e-05
6.767383691845923011e+01 2.172401140126052111e-05
6.771385692846422444e+01 2.168285024385546472e-05
6.775387693846923298e+01 2.164180749224141933e-05
6.779389694847424153e+01 2.160088268726357265e-05
6.783391695847923586e+01 2.156007537201490743e-05
6.787393696848424440e+01 2.151938509182278110e-05
6.791395697848923874e+01 2.147881139423588143e-05
6.795397698849424728e+01 2.143835382901089425e-05
6.799399699849924161e+01 2.139801194809964546e-05
6.803401700850425016e+01 2.135778530563592464e-05
6.807403701850925870e+01 2.131767345792288793e-05
6.811405702851425303e+01 2.127767596342004423e-05
6.815407703851926158e+01 2.123779238273066489e-05
6.819409704852425591e+01 2.119802227858922055e-05
6.823411705852926445e+01 2.115836521584877388e-05
6.827413706853425879e+01 2.111882076146865694e-05
6.831415707853926733e+01 2.107938848450200962e-05
6.835417708854427588e+01 2.104006795608365357e-05
6.839419709854927021e+01 2.100085874941783726e-05
6.843421710855427875e+01 2.096176043976614040e-05
6.847423711855927309e+01 2.092277260443554092e-05
6.851425712856428163e+01 2.088389482276639385e-05
6.855427713856927596e+01 2.084512667612071522e-05
6.859429714857428451e+01 2.080646774787025920e-05
6.863431715857929305e+01 2.076791762338500518e-05
6.867433716858428738e+01 2.072947589002146202e-05
6.871435717858929593e+01 2.069114213711113480e-05
6.875437718859429026e+01 2.065291595594917457e-05
6.879439719859929880e+01 2.061479693978288585e-05
6.883441720860429314e+01 2.057678468380056948e-05
6.887443721860930168e+01 2.053887878512021642e-05
6.891445722861431022e+01 2.050107884277842859e-05
6.895447723861930456e+01 2.046338445771935319e-05
6.899449724862431310e+01 2.042579523278362726e-05
6.903451725862930743e+01 2.038831077269761697e-05
6.907453726863431598e+01 2.035093068406240957e-05
6.911455727863932452e+01 2.031365457534319157e-05
6.915457728864431886e+01 2.027648205685850165e-05
6.919459729864932740e+01 2.023941274076958510e-05
6.923461730865432173e+01 2.020244624106991435e-05
6.927463731865933028e+01 2.016558217357462812e-05
6.931465732866432461e+01 2.012882015591023160e-05
6.935467733866933315e+01 2.009215980750416426e-05
6.939469734867434170e+01 2.005560074957460169e-05
6.943471735867933603e+01 2.001914260512023693e-05
6.947473736868434457e+01 1.998278499891012285e-05
6.951475737868933891e+01 1.994652755747368736e-05
6.955477738869434745e+01 1.991036990909061642e-05
6.959479739869934178e+01 1.987431168378105560e-05
6.963481740870435033e+01 1.983835251329571327e-05
6.967483741870935887e+01 1.980249203110597751e-05
6.971485742871435320e+01 1.976672987239435137e-05
6.975487743871936175e+01 1.973106567404458661e-05
6.979489744872435608e+01 1.969549907463227491e-05
6.983491745872936463e+01 1.966002971441518826e-05
6.987493746873435896e+01 1.962465723532385998e-05
6.991495747873936750e+01 1.958938128095212843e-05
6.995497748874437605e+01 1.955420149654782982e-05
6.999499749874937038e+01 1.951911752900353168e-05
7.003501750875437892e+01 1.948412902684719852e-05
7.007503751875937326e+01 1.944923564023317945e-05
7.011505752876438180e+01 1.941443702093295854e-05
7.015507753876937613e+01 1.937973282232621693e-05
7.019509754877438468e+01 1.934512269939178317e-05
7.023511755877939322e+01 1.931060630869874272e-05
7.027513756878438755e+01 1.927618330839757461e-05
7.031515757878939610e+01 1.924185335821125420e-05
7.035517758879439043e+01 1.920761611942669141e-05
7.039519759879939897e+01 1.917347125488577582e-05
7.043521760880439331e+01 1.913941842897700128e-05
7.047523761880940185e+01 1.910545730762666346e-05
7.051525762881441040e+01 1.907158755829050143e-05
7.055527763881940473e+01 1.903780884994515270e-05
7.059529764882441327e+01 1.900412085307970667e-05
7.063531765882940761e+01 1.897052323968741045e-05
7.067533766883441615e+01 1.893701568325732051e-05
7.071535767883942469e+01 1.890359785876608308e-05
7.075537768884441903e+01 1.887026944266970098e-05
7.079539769884942757e+01 1.883703011289539873e-05
7.083541770885442190e+01 1.880387954883358927e-05
7.087543771885943045e+01 1.877081743132968825e-05
7.091545772886442478e+01 1.873784344267630776e-05
7.095547773886943332e+01 1.870495726660516888e-05
7.099549774887444187e+01 1.867215858827931234e-05
7.103551775887943620e+01 1.863944709428521436e-05
7.107553776888444474e+01 1.860682247262501426e-05
7.111555777888943908e+01 1.857428441270877936e-05
7.115557778889444762e+01 1.854183260534681730e-05
7.119559779889944195e+01 1.850946674274207311e-05
7.123561780890445050e+01 1.847718651848245843e-05
7.127563781890945904e+01 1.844499162753343829e-05
7.131565782891445338e+01 1.841288176623043156e-05
7.135567783891946192e+01 1.838085663227140447e-05
7.139569784892445625e+01 1.834891592470951158e-05
7.143571785892946480e+01 1.831705934394567919e-05
7.147573786893445913e+01 1.828528659172139195e-05
7.151575787893946767e+01 1.825359737111132376e-05
7.155577788894447622e+01 1.822199138651626327e-05
7.159579789894947055e+01 1.819046834365587687e-05
7.163581790895447909e+01 1.815902794956153601e-05
7.167583791895947343e+01 1.812766991256939864e-05
7.171585792896448197e+01 1.809639394231320940e-05
7.175587793896947630e+01 1.806519974971746920e-05
7.179589794897448485e+01 1.803408704699036751e-05
7.183591795897949339e+01 1.800305554761701972e-05
7.187593796898448772e+01 1.797210496635250448e-05
7.191595797898949627e+01 1.794123501921506710e-05
7.195597798899449060e+01 1.791044542347945177e-05
7.199599799899949915e+01 1.787973589767006424e-05
7.203601800900449348e+01 1.784910616155437516e-05
7.207603801900950202e+01 1.781855593613618108e-05
7.211605802901451057e+01 1.778808494364916024e-05
7.215607803901950490e+01 1.775769290755019452e-05
7.219609804902451344e+01 1.772737955251285413e-05
7.223611805902950778e+01 1.769714460442103123e-05
7.227613806903451632e+01 1.766698779036238396e-05
7.231615807903951065e+01 1.763690883862201414e-05
7.235617808904451920e+01 1.760690747867610441e-05
7.239619809904952774e+01 1.757698344118558236e-05
7.243621810905452207e+01 1.754713645798989998e-05
7.247623811905953062e+01 1.751736626210072153e-05
7.251625812906452495e+01 1.748767258769579104e-05
7.255627813906953349e+01 1.745805517011272186e-05
7.259629814907454204e+01 1.742851374584293868e-05
7.263631815907953637e+01 1.739904805252558565e-05
7.267633816908454492e+01 1.736965782894138715e-05
7.271635817908953925e+01 1.734034281500677267e-05
7.275637818909454779e+01 1.731110275176782232e-05
7.279639819909954213e+01 1.728193738139439511e-05
7.283641820910455067e+01 1.725284644717415574e-05
7.287643821910955921e+01 1.722382969350679779e-05
7.291645822911455355e+01 1.719488686589816536e-05
7.295647823911956209e+01 1.716601771095446947e-05
7.299649824912455642e+01 1.713722197637657910e-05
7.303651825912956497e+01 1.710849941095422746e-05
7.307653826913455930e+01 1.707984976456043515e-05
7.311655827913956784e+01 1.705127278814574015e-05
7.315657828914457639e+01 1.702276823373271246e-05
7.319659829914957072e+01 1.699433585441027217e-05
7.323661830915457926e+01 1.696597540432819053e-05
7.327663831915957360e+01 1.693768663869160121e-05
7.331665832916458214e+01 1.690946931375546404e-05
7.335667833916957647e+01 1.688132318681919149e-05
7.339669834917458502e+01 1.685324801622115984e-05
7.343671835917959356e+01 1.682524356133342035e-05
7.347673836918458790e+01 1.679730958255630532e-05
7.351675837918959644e+01 1.676944584131310199e-05
7.355677838919459077e+01 1.674165210004479072e-05
7.359679839919959932e+01 1.671392812220482731e-05
7.363681840920459365e+01 1.668627367225387442e-05
7.367683841920960219e+01 1.665868851565464488e-05
7.371685842921461074e+01 1.663117241886675167e-05
7.375687843921960507e+01 1.660372514934160544e-05
7.379689844922461361e+01 1.657634647551723742e-05
7.383691845922960795e+01 1.654903616681336972e-05
7.387693846923461649e+01 1.652179399362625176e-05
7.391695847923961082e+01 1.649461972732379158e-05
7.395697848924461937e+01 1.646751314024044990e-05
7.399699849924962791e+01 1.644047400567242559e-05
7.403701850925462224e+01 1.641350209787267173e-05
7.407703851925963079e+01 1.638659719204603024e-05
7.411705852926462512e+01 1.635975906434439364e-05
7.415707853926963367e+01 1.633298749186185326e-05
7.419709854927464221e+01 1.630628225262994904e-05
7.423711855927963654e+01 1.627964312561288891e-05
7.427713856928464509e+01 1.625306989070277828e-05
7.431715857928963942e+01 1.622656232871494782e-05
7.435717858929464796e+01 1.620012022138327107e-05
7.439719859929964230e+01 1.617374335135551589e-05
7.443721860930465084e+01 1.614743150218867564e-05
7.447723861930965938e+01 1.612118445834444941e-05
7.451725862931465372e+01 1.609500200518460705e-05
7.455727863931966226e+01 1.606888392896645585e-05
7.459729864932465659e+01 1.604283001683838177e-05
7.463731865932966514e+01 1.601684005683526866e-05
7.467733866933465947e+01 1.599091383787410727e-05
7.471735867933966802e+01 1.596505114974952291e-05
7.475737868934467656e+01 1.593925178312940134e-05
7.479739869934967089e+01 1.591351552955046393e-05
7.483741870935467944e+01 1.588784218141393078e-05
7.487743871935967377e+01 1.586223153198119753e-05
7.491745872936468231e+01 1.583668337536948156e-05
7.495747873936967665e+01 1.581119750654762075e-05
7.499749874937468519e+01 1.578577372133174001e-05
7.503751875937969373e+01 1.576041181638105683e-05
7.507753876938468807e+01 1.573511158919369687e-05
7.511755877938969661e+01 1.570987283810243177e-05
7.515757878939469094e+01 1.568469536227063026e-05
7.519759879939969949e+01 1.565957896168801626e-05
7.523761880940469382e+01 1.563452343716666747e-05
7.527763881940970236e+01 1.560952859033682430e-05
7.531765882941471091e+01 1.558459422364291553e-05
7.535767883941970524e+01 1.555972014033948241e-05
7.539769884942471379e+01 1.553490614448712988e-05
7.543771885942970812e+01 1.551015204094863015e-05
7.547773886943471666e+01 1.548545763538485023e-05
7.551775887943971100e+01 1.546082273425088941e-05
7.555777888944471954e+01 1.543624714479210840e-05
7.559779889944972808e+01 1.541173067504023975e-05
7.563781890945472242e+01 1.538727313380953892e-05
7.567783891945973096e+01 1.536287433069287439e-05
7.571785892946472529e+01 1.533853407605798377e-05
7.575787893946973384e+01 1.531425218104356389e-05
7.579789894947472817e+01 1.529002845755555740e-05
7.583791895947973671e+01 1.526586271826335133e-05
7.587793896948474526e+01 1.524175477659603313e-05
7.591795897948973959e+01 1.521770444673871801e-05
7.595797898949474813e+01 1.519371154362875928e-05
7.599799899949974247e+01 1.516977588295215183e-05
7.603801900950475101e+01 1.514589728113981030e-05
7.607803901950975956e+01 1.512207555536399459e-05
7.611805902951475389e+01 1.509831052353464051e-05
7.615807903951976243e+01 1.507460200429578530e-05
7.619809904952475677e+01 1.505094981702198807e-05
7.623811905952976531e+01 1.502735378181477058e-05
7.627813906953475964e+01 1.500381371949910880e-05
7.631815907953976819e+01 1.498032945161987371e-05
7.635817908954477673e+01 1.495690080043837369e-05
7.639819909954977106e+01 1.493352758892888339e-05
7.643821910955477961e+01 1.491020964077513194e-05
7.647823911955977394e+01 1.488694678036695204e-05
7.651825912956478248e+01 1.486373883279679027e-05
7.655827913956977682e+01 1.484058562385636121e-05
7.659829914957478536e+01 1.481748698003324075e-05
7.663831915957979390e+01 1.479444272850753215e-05
7.667833916958478824e+01 1.477145269714849820e-05
7.671835917958979678e+01 1.474851671451125614e-05
7.675837918959479111e+01 1.472563460983350643e-05
7.679839919959979966e+01 1.470280621303218011e-05
7.683841920960479399e+01 1.468003135470025238e-05
7.687843921960980254e+01 1.465730986610343060e-05
7.691845922961481108e+01 1.463464157917698476e-05
7.695847923961980541e+01 1.461202632652249484e-05
7.699849924962481396e+01 1.458946394140468120e-05
7.703851925962980829e+01 1.456695425774823673e-05
7.707853926963481683e+01 1.454449711013462841e-05
7.711855927963981117e+01 1.452209233379903104e-05
7.715857928964481971e+01 1.449973976462714414e-05
7.719859929964982825e+01 1.447743923915213242e-05
7.723861930965482259e+01 1.445519059455151721e-05
7.727863931965983113e+01 1.443299366864408812e-05
7.731865932966482546e+01 1.441084829988692495e-05
7.735867933966983401e+01 1.438875432737227374e-05
7.739869934967482834e+01 1.436671159082461615e-05
7.743871935967983688e+01 1.434471993059756750e-05
7.747873936968484543e+01 1.432277918767101219e-05
7.751875937968983976e+01 1.430088920364806794e-05
7.755877938969484831e+01 1.427904982075209737e-05
7.759879939969984264e+01 1.425726088182388580e-05
7.763881940970485118e+01 1.423552223031862063e-05
7.767883941970985973e+01 1.421383371030303860e-05
7.771885942971485406e+01 1.419219516645254247e-05
7.775887943971986260e+01 1.417060644404830077e-05
7.779889944972485694e+01 1.414906738897444581e-05
7.783891945972986548e+01 1.412757784771516501e-05
7.787893946973485981e+01 1.410613766735195816e-05
7.791895947973986836e+01 1.408474669556075243e-05
7.795897948974487690e+01 1.406340478060919189e-05
7.799899949974987123e+01 1.404211177135379319e-05
7.803901950975487978e+01 1.402086751723722311e-05
7.807903951975987411e+01 1.399967186828554582e-05
7.811905952976488265e+01 1.397852467510548008e-05
7.815907953976987699e+01 1.395742578888171083e-05
7.819909954977488553e+01 1.393637506137415324e-05
7.823911955977989408e+01 1.391537234491530999e-05
7.827913956978488841e+01 1.389441749240756582e-05
7.831915957978989695e+01 1.387351035732052956e-05
7.835917958979489129e+01 1.385265079368844896e-05
7.839919959979989983e+01 1.383183865610749346e-05
7.843921960980489416e+01 1.381107379973322150e-05
7.847923961980990271e+01 1.379035608027793783e-05
7.851925962981491125e+01 1.376968535400812356e-05
7.855927963981990558e+01 1.374906147774187139e-05
7.859929964982491413e+01 1.372848430884631231e-05
7.863931965982990846e+01 1.370795370523509820e-05
7.867933966983491700e+01 1.368746952536582857e-05
7.871935967983991134e+01 1.366703162823760940e-05
7.875937968984491988e+01 1.364663987338846120e-05
7.879939969984992842e+01 1.362629412089291518e-05
7.883941970985492276e+01 1.360599423135949410e-05
7.887943971985993130e+01 1.358574006592824241e-05
7.891945972986492563e+01 1.356553148626833246e-05
7.895947973986993418e+01 1.354536835457555394e-05
7.899949974987492851e+01 1.352525053356996417e-05
7.903951975987993706e+01 1.350517788649342330e-05
7.907953976988494560e+01 1.348515027710724794e-05
7.911955977988993993e+01 1.346516756968981584e-05
7.915957978989494848e+01 1.344522962903413992e-05
7.919959979989994281e+01 1.342533632044561859e-05
7.923961980990495135e+01 1.340548750973957763e-05
7.927963981990994569e+01 1.338568306323903745e-05
7.931965982991495423e+01 1.336592284777233627e-05
7.935967983991996277e+01 1.334620673067081777e-05
7.939969984992495711e+01 1.332653457976659148e-05
7.943971985992996565e+01 1.330690626339018994e-05
7.947973986993495998e+01 1.328732165036834943e-05
7.951975987993996853e+01 1.326778061002169253e-05
7.955977988994497707e+01 1.324828301216256136e-05
7.959979989994997140e+01 1.322882872709273232e-05
7.963981990995497995e+01 1.320941762560118331e-05
7.967983991995997428e+01 1.319004957896192702e-05
7.971985992996498283e+01 1.317072445893176457e-05
7.975987993996997716e+01 1.315144213774817812e-05
7.979989994997498570e+01 1.313220248812704388e-05
7.983991995997999425e+01 1.311300538326056365e-05
7.987993996998498858e+01 1.309385069681507946e-05
7.991995997998999712e+01 1.307473830292891368e-05
7.995997998999499146e+01 1.305566807621029205e-05
8.000000000000000000e+01 1.303663989173514478e-05
