0.000000000000000000e+00 1.089883550325958320e-04
4.002001000500250011e-02 1.095724184439515270e-04
8.004002001000500022e-02 1.101613878749081949e-04
1.200600300150075073e-01 1.107553201124695104e-04
1.600800400200100004e-01 1.113542727859831514e-04
2.001000500250124936e-01 1.119583043824243636e-04
2.401200600300150145e-01 1.125674742620076310e-04
2.801400700350175077e-01 1.131818426741356293e-04
3.201600800400200009e-01 1.138014707736925344e-04
3.601800900450224940e-01 1.144264206376912284e-04
4.002001000500249872e-01 1.150567552822829415e-04
4.402201100550274804e-01 1.156925386801387469e-04
4.802401200600300291e-01 1.163338357782114625e-04
5.202601300650324667e-01 1.169807125158891527e-04
5.602801400700350154e-01 1.176332358435483482e-04
6.003001500750374531e-01 1.182914737415188155e-04
6.403201600800400017e-01 1.189554952394692274e-04
6.803401700850425504e-01 1.196253704362253758e-04
7.203601800900449881e-01 1.203011705200315656e-04
7.603801900950475368e-01 1.209829677892668859e-04
8.004002001000499744e-01 1.216708356736282028e-04
8.404202101050525231e-01 1.223648487557916652e-04
8.804402201100549608e-01 1.230650827935661127e-04
9.204602301150575094e-01 1.237716147425502720e-04
9.604802401200600581e-01 1.244845227793072665e-04
1.000500250125062607e+00 1.252038863250708189e-04
1.040520260130064933e+00 1.259297860699966581e-04
1.080540270135067482e+00 1.266623039979731039e-04
1.120560280140070031e+00 1.274015234120070097e-04
1.160580290145072579e+00 1.281475289601997295e-04
1.200600300150074906e+00 1.289004066623288816e-04
1.240620310155077455e+00 1.296602439370522005e-04
1.280640320160080003e+00 1.304271296297515570e-04
1.320660330165082552e+00 1.312011540410326215e-04
1.360680340170085101e+00 1.319824089558990906e-04
1.400700350175087427e+00 1.327709876736208315e-04
1.440720360180089976e+00 1.335669850383127463e-04
1.480740370185092525e+00 1.343704974702461248e-04
1.520760380190095074e+00 1.351816229979121617e-04
1.560780390195097400e+00 1.360004612908569110e-04
1.600800400200099949e+00 1.368271136933122615e-04
1.640820410205102498e+00 1.376616832586426392e-04
1.680840420210105046e+00 1.385042747846309359e-04
1.720860430215107595e+00 1.393549948496287374e-04
1.760880440220109922e+00 1.402139518495928050e-04
1.800900450225112470e+00 1.410812560360358108e-04
1.840920460230115019e+00 1.419570195549149075e-04
1.880940470235117568e+00 1.428413564864867839e-04
1.920960480240120116e+00 1.437343828861554693e-04
1.960980490245122443e+00 1.446362168263433813e-04
2.001000500250125214e+00 1.455469784394132905e-04
2.041020510255127540e+00 1.464667899616730240e-04
2.081040520260129867e+00 1.473957757784937254e-04
2.121060530265132638e+00 1.483340624705757431e-04
2.161080540270134964e+00 1.492817788613932364e-04
2.201100550275137291e+00 1.502390560658553099e-04
2.241120560280140062e+00 1.512060275402175857e-04
2.281140570285142388e+00 1.521828291332821066e-04
2.321160580290145159e+00 1.531695991389246539e-04
2.361180590295147486e+00 1.541664783499878085e-04
2.401200600300149812e+00 1.551736101135829595e-04
2.441220610305152583e+00 1.561911403878417284e-04
2.481240620310154910e+00 1.572192178001619392e-04
2.521260630315157680e+00 1.582579937069939955e-04
2.561280640320160007e+00 1.593076222552134726e-04
2.601300650325162334e+00 1.603682604451305027e-04
2.641320660330165104e+00 1.614400681951840639e-04
2.681340670335167431e+00 1.625232084083760354e-04
2.721360680340170202e+00 1.636178470404967054e-04
2.761380690345172528e+00 1.647241531701994959e-04
2.801400700350174855e+00 1.658422990709818219e-04
2.841420710355177626e+00 1.669724602851319626e-04
2.881440720360179952e+00 1.681148156997055315e-04
2.921460730365182723e+00 1.692695476245940499e-04
2.961480740370185050e+00 1.704368418727537123e-04
3.001500750375187376e+00 1.716168878426630546e-04
3.041520760380190147e+00 1.728098786030807569e-04
3.081540770385192474e+00 1.740160109801793399e-04
3.121560780390194800e+00 1.752354856471291858e-04
3.161580790395197571e+00 1.764685072162154719e-04
3.201600800400199898e+00 1.777152843335693322e-04
3.241620810405202668e+00 1.789760297765986558e-04
3.281640820410204995e+00 1.802509605542095949e-04
3.321660830415207322e+00 1.815402980099089592e-04
3.361680840420210092e+00 1.828442679278846714e-04
3.401700850425212419e+00 1.841631006421638110e-04
3.441720860430215190e+00 1.854970311489510023e-04
3.481740870435217516e+00 1.868462992222547818e-04
3.521760880440219843e+00 1.882111495329131287e-04
3.561780890445222614e+00 1.895918317711342766e-04
3.601800900450224940e+00 1.909886007726724225e-04
3.641820910455227711e+00 1.924017166487627700e-04
3.681840920460230038e+00 1.938314449199470707e-04
3.721860930465232364e+00 1.952780566539226925e-04
3.761880940470235135e+00 1.967418286075562186e-04
3.801900950475237462e+00 1.982230433732071553e-04
3.841920960480240232e+00 1.997219895295125635e-04
3.881940970485242559e+00 2.012389617967912580e-04
3.921960980490244886e+00 2.027742611972293933e-04
3.961980990495247656e+00 2.043281952200195518e-04
4.002001000500250427e+00 2.059010779916300331e-04
4.042021010505252754e+00 2.074932304513882244e-04
4.082041020510255080e+00 2.091049805325707965e-04
4.122061030515257407e+00 2.107366633491999203e-04
4.162081040520259734e+00 2.123886213887549450e-04
4.202101050525262949e+00 2.140612047110134223e-04
4.242121060530265275e+00 2.157547711532515472e-04
4.282141070535267602e+00 2.174696865420348933e-04
4.322161080540269928e+00 2.192063249118475640e-04
4.362181090545272255e+00 2.209650687308137068e-04
4.402201100550274582e+00 2.227463091337784831e-04
4.442221110555277797e+00 2.245504461630259681e-04
4.482241120560280123e+00 2.263778890169228404e-04
4.522261130565282450e+00 2.282290563067917077e-04
4.562281140570284776e+00 2.301043763223275119e-04
4.602301150575287103e+00 2.320042873058864757e-04
4.642321160580290318e+00 2.339292377359915266e-04
4.682341170585292645e+00 2.358796866204120393e-04
4.722361180590294971e+00 2.378561037991913229e-04
4.762381190595297298e+00 2.398589702580147939e-04
4.802401200600299624e+00 2.418887784523254673e-04
4.842421210605302839e+00 2.439460326426135049e-04
4.882441220610305166e+00 2.460312492413265417e-04
4.922461230615307493e+00 2.481449571718665620e-04
4.962481240620309819e+00 2.502876982401607019e-04
5.002501250625312146e+00 2.524600275193153096e-04
5.042521260630315361e+00 2.546625137478879361e-04
5.082541270635317687e+00 2.568957397423322084e-04
5.122561280640320014e+00 2.591603028242036254e-04
5.162581290645322341e+00 2.614568152627346257e-04
5.202601300650324667e+00 2.637859047334183875e-04
5.242621310655327882e+00 2.661482147932756276e-04
5.282641320660330209e+00 2.685444053735013773e-04
5.322661330665332535e+00 2.709751532902325176e-04
5.362681340670334862e+00 2.734411527742039048e-04
5.402701350675337189e+00 2.759431160201034202e-04
5.442721360680340403e+00 2.784817737564729756e-04
5.482741370685342730e+00 2.810578758370458762e-04
5.522761380690345057e+00 2.836721918544534977e-04
5.562781390695347383e+00 2.863255117772797688e-04
5.602801400700349710e+00 2.890186466114921500e-04
5.642821410705352925e+00 2.917524290873308194e-04
5.682841420710355251e+00 2.945277143727848793e-04
5.722861430715357578e+00 2.973453808148540634e-04
5.762881440720359905e+00 3.002063307098411498e-04
5.802901450725362231e+00 3.031114911039967759e-04
5.842921460730365446e+00 3.060618146258971164e-04
5.882941470735367773e+00 3.090582803520122430e-04
5.922961480740370099e+00 3.121018947069965454e-04
5.962981490745372426e+00 3.151936924003136413e-04
6.003001500750374753e+00 3.183347374008916285e-04
6.043021510755377079e+00 3.215261239515985895e-04
6.083041520760380294e+00 3.247689776254196014e-04
6.123061530765382621e+00 3.280644564253182034e-04
6.163081540770384947e+00 3.314137519298792755e-04
6.203101550775387274e+00 3.348180904869303047e-04
6.243121560780389601e+00 3.382787344574749431e-04
6.283141570785392815e+00 3.417969835123894277e-04
6.323161580790395142e+00 3.453741759844714248e-04
6.363181590795397469e+00 3.490116902785806428e-04
6.403201600800399795e+00 3.527109463427550301e-04
6.443221610805402122e+00 3.564734072033583267e-04
6.483241620810405337e+00 3.603005805674830615e-04
6.523261630815407663e+00 3.641940204960191917e-04
6.563281640820409990e+00 3.681553291509987217e-04
6.603301650825412317e+00 3.721861586210270024e-04
6.643321660830414643e+00 3.762882128288477118e-04
6.683341670835417858e+00 3.804632495253115385e-04
6.723361680840420185e+00 3.847130823742854130e-04
6.763381690845422511e+00 3.890395831332963566e-04
6.803401700850424838e+00 3.934446839350061865e-04
6.843421710855427165e+00 3.979303796749052917e-04
6.883441720860430380e+00 4.024987305109581424e-04
6.923461730865432706e+00 4.071518644812678394e-04
6.963481740870435033e+00 4.118919802462194858e-04
7.003501750875437359e+00 4.167213499619430478e-04
7.043521760880439686e+00 4.216423222923863139e-04
7.083541770885442901e+00 4.266573255677304807e-04
7.123561780890445227e+00 4.317688710973788713e-04
7.163581790895447554e+00 4.369795566462810897e-04
7.203601800900449881e+00 4.422920700839065057e-04
7.243621810905452207e+00 4.477091932158002037e-04
7.283641820910455422e+00 4.532338058082896037e-04
7.323661830915457749e+00 4.588688898176183765e-04
7.363681840920460075e+00 4.646175338355254948e-04
7.403701850925462402e+00 4.704829377640921137e-04
7.443721860930464729e+00 4.764684177335443355e-04
7.483741870935467944e+00 4.825774112776291792e-04
7.523761880940470270e+00 4.888134827821795196e-04
7.563781890945472597e+00 4.951803292235632458e-04
7.603801900950474923e+00 5.016817862148695989e-04
7.643821910955477250e+00 5.083218343789370911e-04
7.683841920960480465e+00 5.151046060686818471e-04
7.723861930965482792e+00 5.220343924566275221e-04
7.763881940970485118e+00 5.291156510171275001e-04
7.803901950975487445e+00 5.363530134264589931e-04
7.843921960980489771e+00 5.437512939078007444e-04
7.883941970985492098e+00 5.513154980501094307e-04
7.923961980990495313e+00 5.590508321320451909e-04
7.963981990995497640e+00 5.669627129844334937e-04
8.004002001000500854e+00 5.750567784272799963e-04
8.044022011005502293e+00 5.833388983200873479e-04
8.084042021010505508e+00 5.918151862672065043e-04
8.124062031015506946e+00 6.004920120231692403e-04
8.164082041020510161e+00 6.093760146464829346e-04
8.204102051025513376e+00 6.184741164541614602e-04
8.244122061030514814e+00 6.277935378334435507e-04
8.284142071035518029e+00 6.373418129716650667e-04
8.324162081040519467e+00 6.471268065701858956e-04
8.364182091045522682e+00 6.571567316136689473e-04
8.404202101050525897e+00 6.674401682718662148e-04
8.444222111055527336e+00 6.779860840175065987e-04
8.484242121060530550e+00 6.888038550508911867e-04
8.524262131065531989e+00 6.999032891294824921e-04
8.564282141070535204e+00 7.112946499092091422e-04
8.604302151075536642e+00 7.229886829133996958e-04
8.644322161080539857e+00 7.349966432554196549e-04
8.684342171085543072e+00 7.473303252521616181e-04
8.724362181090544510e+00 7.600020940777805784e-04
8.764382191095547725e+00 7.730249196204895448e-04
8.804402201100549163e+00 7.864124127200191900e-04
8.844422211105552378e+00 8.001788639796699474e-04
8.884442221110555593e+00 8.143392853648453306e-04
8.924462231115557032e+00 8.289094548198350752e-04
8.964482241120560246e+00 8.439059641565669137e-04
9.004502251125561685e+00 8.593462704933160952e-04
9.044522261130564900e+00 8.752487515483029943e-04
9.084542271135568114e+00 8.916327651228987987e-04
9.124562281140569553e+00 9.085187131423034341e-04
9.164582291145572768e+00 9.259281106583370016e-04
9.204602301150574206e+00 9.438836602599146291e-04
9.244622311155577421e+00 9.624093323823885472e-04
9.284642321160580636e+00 9.815304520577382372e-04
9.324662331165582074e+00 1.001273792704372853e-03
9.364682341170585289e+00 1.021667677618738005e-03
9.404702351175586728e+00 1.042742089901885130e-03
9.444722361180589942e+00 1.064528791633790120e-03
9.484742371185593157e+00 1.087061453197392868e-03
9.524762381190594596e+00 1.110375793754717370e-03
9.564782391195597810e+00 1.134509733990261490e-03
9.604802401200599249e+00 1.159503562363984469e-03
9.644822411205602464e+00 1.185400116259790505e-03
9.684842421210605679e+00 1.212244979577460939e-03
9.724862431215607117e+00 1.240086698499588301e-03
9.764882441220610332e+00 1.268977017373020032e-03
9.804902451225611770e+00 1.298971136880491860e-03
9.844922461230614985e+00 1.330127996946717196e-03
9.884942471235618200e+00 1.362510587129013096e-03
9.924962481240619638e+00 1.396186287591668577e-03
9.964982491245622853e+00 1.431227244162131462e-03
1.000500250125062429e+01 1.467710781423950178e-03
1.004502251125562751e+01 1.505719858325531508e-03
1.008504252126063072e+01 1.545343571386092541e-03
1.012506253126563216e+01 1.586677711274018295e-03
1.016508254127063537e+01 1.629825379333384693e-03
1.020510255127563681e+01 1.674897671560158672e-03
1.024512256128064003e+01 1.722014438602539280e-03
1.028514257128564324e+01 1.771305131605768095e-03
1.032516258129064468e+01 1.822909745172265634e-03
1.036518259129564790e+01 1.876979870400059293e-03
1.040520260130064933e+01 1.933679872941676840e-03
1.044522261130565255e+01 1.993188213346105443e-03
1.048524262131065576e+01 2.055698929673909804e-03
1.052526263131565720e+01 2.121423305590197563e-03
1.056528264132066042e+01 2.190591750938851012e-03
1.060530265132566186e+01 2.263455926303325431e-03
1.064532266133066507e+01 2.340291148410023406e-03
1.068534267133566829e+01 2.421399119608627984e-03
1.072536268134066972e+01 2.507111032291528627e-03
1.076538269134567294e+01 2.597791108264975012e-03
1.080540270135067438e+01 2.693840644099060842e-03
1.084542271135567759e+01 2.795702646787471407e-03
1.088544272136068081e+01 2.903867160174490071e-03
1.092546273136568225e+01 3.018877402228133285e-03
1.096548274137068546e+01 3.141336857203949531e-03
1.100550275137568690e+01 3.271917496133357108e-03
1.104552276138069011e+01 3.411369335262237710e-03
1.108554277138569333e+01 3.560531586826903502e-03
1.112556278139069477e+01 3.720345712166893935e-03
1.116558279139569798e+01 3.891870756592398940e-03
1.120560280140069942e+01 4.076301432503061199e-03
1.124562281140570263e+01 4.274989527048376169e-03
1.128564282141070585e+01 4.489469349794214699e-03
1.132566283141570729e+01 4.721488113267663725e-03
1.136568284142071050e+01 4.973042366720551929e-03
1.140570285142571194e+01 5.246421896896719464e-03
1.144572286143071516e+01 5.544262890578817611e-03
1.148574287143571837e+01 5.869612651676017583e-03
1.152576288144071981e+01 6.226008821124636924e-03
1.156578289144572302e+01 6.617576917137522191e-03
1.160580290145072446e+01 7.049151175044000156e-03
1.164582291145572768e+01 7.526425231214611475e-03
1.168584292146073089e+01 8.056141322712883496e-03
1.172586293146573233e+01 8.646329591270013326e-03
1.176588294147073555e+01 9.306613118318585870e-03
1.180590295147573698e+01 1.004859996414483349e-02
1.184592296148074020e+01 1.088639146236067105e-02
1.188594297148574341e+01 1.183724741848769801e-02
1.192596298149074485e+01 1.292246533257223641e-02
1.196598299149574807e+01 1.416855485628051511e-02
1.200600300150074951e+01 1.560882437074949045e-02
1.204602301150575272e+01 1.728555008372657104e-02
1.208604302151075416e+01 1.925297935572823152e-02
1.212606303151575737e+01 2.158154510348323993e-02
1.216608304152076059e+01 2.436386304944936076e-02
1.220610305152576203e+01 2.772339035105492872e-02
1.224612306153076524e+01 3.182711023659689359e-02
1.228614307153576668e+01 3.690437749175887183e-02
1.232616308154076989e+01 4.327526312985068707e-02
1.236618309154577311e+01 5.139353482535680834e-02
1.240620310155077455e+01 6.191177536110194224e-02
1.244622311155577776e+01 7.577802917681902839e-02
1.248624312156077920e+01 9.436971728416386485e-02
1.252626313156578242e+01 1.196423386804592315e-01
1.256628314157078563e+01 1.541554587612928851e-01
1.260630315157578707e+01 2.004713598851421696e-01
1.264632316158079028e+01 2.585856083786765569e-01
1.268634317158579172e+01 3.196894824870339380e-01
1.272636318159079494e+01 3.605845611122997507e-01
1.276638319159579815e+01 3.568896964851976938e-01
1.280640320160079959e+01 3.118531402894031412e-01
1.284642321160580281e+01 2.520676311708360262e-01
1.288644322161080424e+01 1.983840395903974929e-01
1.292646323161580746e+01 1.575977248935077624e-01
1.296648324162081067e+01 1.291755128069437819e-01
1.300650325162581211e+01 1.107020527277985250e-01
1.304652326163081533e+01 9.959349861229918610e-02
1.308654327163581677e+01 9.278983493351010414e-02
1.312656328164081998e+01 8.633278922024484325e-02
1.316658329164582319e+01 7.719110066084172717e-02
1.320660330165082463e+01 6.582919388540500738e-02
1.324662331165582785e+01 5.468906424866165628e-02
1.328664332166082929e+01 4.530215800128360726e-02
1.332666333166583250e+01 3.790754209193785557e-02
1.336668334167083572e+01 3.218909679590180317e-02
1.340670335167583715e+01 2.774844735584925531e-02
1.344672336168084037e+01 2.425552198175824625e-02
1.348674337168584181e+01 2.146642962570414689e-02
1.352676338169084502e+01 1.920678965923085582e-02
1.356678339169584824e+01 1.735219949729847541e-02
1.360680340170084968e+01 1.581300435114277314e-02
1.364682341170585289e+01 1.452362681246885563e-02
1.368684342171085433e+01 1.343532967480622585e-02
1.372686343171585754e+01 1.251132907943345272e-02
1.376688344172086076e+01 1.172346968077803142e-02
1.380690345172586220e+01 1.104993362970747503e-02
1.384692346173086541e+01 1.047363879812115463e-02
1.388694347173586685e+01 9.981102409915572349e-03
1.392696348174087007e+01 9.561623807928557386e-03
1.396698349174587328e+01 9.206689755413445878e-03
1.400700350175087472e+01 8.909537685981088265e-03
1.404702351175587793e+01 8.664833197552295960e-03
1.408704352176087937e+01 8.468431913423410048e-03
1.412706353176588259e+01 8.317205156951211834e-03
1.416708354177088580e+01 8.208915311702721582e-03
1.420710355177588724e+01 8.142131292372296880e-03
1.424712356178089045e+01 8.116177903280117831e-03
1.428714357178589189e+01 8.131115462742576419e-03
1.432716358179089511e+01 8.187748244094834524e-03
1.436718359179589832e+01 8.287662275143405782e-03
1.440720360180089976e+01 8.433295062049338264e-03
1.444722361180590298e+01 8.628042076180411635e-03
1.448724362181090441e+01 8.876407611113619131e-03
1.452726363181590763e+01 9.184211200141709913e-03
1.456728364182091084e+01 9.558865622566033171e-03
1.460730365182591228e+01 1.000974925690649442e-02
1.464732366183091550e+01 1.054870511071150270e-02
1.468734367183591694e+01 1.119071271539909089e-02
1.472736368184092015e+01 1.195479945662515121e-02
1.476738369184592337e+01 1.286528832376954146e-02
1.480740370185092480e+01 1.395352507660817774e-02
1.484742371185592802e+01 1.526029838189020202e-02
1.488744372186092946e+01 1.683927602202777915e-02
1.492746373186593267e+01 1.876195226219326898e-02
1.496748374187093589e+01 2.112487365181938900e-02
1.500750375187593733e+01 2.406034231540422896e-02
1.504752376188094054e+01 2.775247450177637659e-02
1.508754377188594198e+01 3.246152377545587914e-02
1.512756378189094519e+01 3.856080423715527172e-02
1.516758379189594841e+01 4.659198170278729123e-02
1.520760380190094985e+01 5.734376829325652652e-02
1.524762381190595306e+01 7.194759587159260672e-02
1.528764382191095450e+01 9.193257585192105008e-02
1.532766383191595772e+01 1.190077432735986984e-01
1.536768384192096093e+01 1.538909930243029245e-01
1.540770385192596237e+01 1.930023854756633683e-01
1.544772386193096558e+01 2.239805551214816004e-01
1.548774387193596702e+01 2.296271733722433095e-01
1.552776388194097024e+01 2.060754445342884711e-01
1.556778389194597167e+01 1.680034752876972681e-01
1.560780390195097489e+01 1.308591263448936060e-01
1.564782391195597810e+01 1.009875955114333396e-01
1.568784392196097954e+01 7.869679513526224579e-02
1.572786393196598276e+01 6.241523585208653968e-02
1.576788394197098420e+01 5.049652706042203482e-02
1.580790395197598741e+01 4.166751584141906856e-02
1.584792396198099063e+01 3.502875679808720166e-02
1.588794397198599206e+01 2.996173578389329031e-02
1.592796398199099528e+01 2.604206891816026465e-02
1.596798399199599672e+01 2.297623896968192803e-02
1.600800400200100171e+01 2.055887894166870053e-02
1.604802401200600315e+01 1.864462598321151021e-02
1.608804402201100459e+01 1.712965471219938390e-02
1.612806403201600602e+01 1.593952255211406044e-02
1.616808404202101102e+01 1.502114341969208906e-02
1.620810405202601245e+01 1.433750791919338394e-02
1.624812406203101389e+01 1.386428946686106209e-02
1.628814407203601888e+01 1.358781565369336641e-02
1.632816408204102032e+01 1.350411519880595317e-02
1.636818409204602176e+01 1.361892341836801190e-02
1.640820410205102675e+01 1.394868040296236809e-02
1.644822411205602819e+01 1.452271829322145796e-02
1.648824412206102963e+01 1.538704164800841490e-02
1.652826413206603107e+01 1.661040048001998989e-02
1.656828414207103606e+01 1.829379031712461204e-02
1.660830415207603750e+01 2.058512479505522283e-02
1.664832416208103893e+01 2.370152401188595562e-02
1.668834417208604393e+01 2.796179523992557703e-02
1.672836418209104536e+01 3.382852895570474111e-02
1.676838419209604680e+01 4.194320312086759206e-02
1.680840420210105179e+01 5.307972102054599184e-02
1.684842421210605323e+01 6.777817145570209922e-02
1.688844422211105467e+01 8.515370148638465309e-02
1.692846423211605611e+01 1.007903729393501979e-01
1.696848424212106110e+01 1.068714549886270043e-01
1.700850425212606254e+01 9.924347013428991282e-02
1.704852426213106398e+01 8.286446589655867279e-02
1.708854427213606897e+01 6.540697032554661228e-02
1.712856428214107041e+01 5.083786066702070811e-02
1.716858429214607185e+01 3.980264890440361747e-02
1.720860430215107328e+01 3.169853547388742226e-02
1.724862431215607828e+01 2.575427334056556647e-02
1.728864432216107971e+01 2.134421161662119690e-02
1.732866433216608115e+01 1.801923866030114355e-02
1.736868434217108614e+01 1.546896442240992993e-02
1.740870435217608758e+01 1.348018365588912054e-02
1.744872436218108902e+01 1.190536693601245734e-02
1.748874437218609401e+01 1.064108413543882192e-02
1.752876438219109545e+01 9.613707805849754096e-03
1.756878439219609689e+01 8.769999162877928703e-03
1.760880440220109833e+01 8.070874577608506614e-03
1.764882441220610332e+01 7.487232475399266743e-03
1.768884442221110476e+01 6.997122184385819697e-03
1.772886443221610620e+01 6.583796139600185844e-03
1.776888444222111119e+01 6.234351316750599663e-03
1.780890445222611262e+01 5.938769474974463398e-03
1.784892446223111406e+01 5.689231526186770693e-03
1.788894447223611905e+01 5.479623447828845494e-03
1.792896448224112049e+01 5.305178481408602022e-03
1.796898449224612193e+01 5.162218391729767215e-03
1.800900450225112337e+01 5.047968716301003654e-03
1.804902451225612836e+01 4.960431373804927505e-03
1.808904452226112980e+01 4.898304133224196458e-03
1.812906453226613124e+01 4.860941236158805752e-03
1.816908454227113623e+01 4.848353638391656069e-03
1.820910455227613767e+01 4.861251524296277861e-03
1.824912456228113911e+01 4.901136616864736756e-03
1.828914457228614410e+01 4.970458203638544910e-03
1.832916458229114554e+01 5.072855942014334839e-03
1.836918459229614697e+01 5.213526268631268716e-03
1.840920460230114841e+01 5.399770571658884209e-03
1.844922461230615340e+01 5.641816822070392680e-03
1.848924462231115484e+01 5.954059000390139571e-03
1.852926463231615628e+01 6.356939216984449324e-03
1.856928464232116127e+01 6.879811512363792451e-03
1.860930465232616271e+01 7.565252525581016817e-03
1.864932466233116415e+01 8.475283920838344934e-03
1.868934467233616914e+01 9.699277582678123705e-03
1.872936468234117058e+01 1.135995410862495822e-02
1.876938469234617202e+01 1.360198333942207009e-02
1.880940470235117346e+01 1.651504174456122978e-02
1.884942471235617845e+01 1.989503608281063124e-02
1.888944472236117988e+01 2.285384519223736949e-02
1.892946473236618132e+01 2.393636452049039895e-02
1.896948474237118631e+01 2.251612779145323665e-02
1.900950475237618775e+01 1.962923227600658210e-02
1.904952476238118919e+01 1.666399323331231586e-02
1.908954477238619418e+01 1.428736201073288123e-02
1.912956478239119562e+01 1.258774591747395533e-02
1.916958479239619706e+01 1.144950661145435582e-02
1.920960480240119850e+01 1.073582700311218573e-02
1.924962481240620349e+01 1.033943029013933458e-02
1.928964482241120493e+01 1.018635029533966271e-02
1.932966483241620637e+01 1.022885792637729177e-02
1.936968484242121136e+01 1.043822505763881622e-02
1.940970485242621280e+01 1.079949181524712983e-02
1.944972486243121423e+01 1.130816318480321048e-02
1.948974487243621923e+01 1.196838530563092660e-02
1.952976488244122066e+01 1.279223607413568220e-02
1.956978489244622210e+01 1.379992299187038883e-02
1.960980490245122354e+01 1.502083033396729196e-02
1.964982491245622853e+01 1.649549690991529427e-02
1.968984492246122997e+01 1.827875593900696316e-02
1.972986493246623141e+01 2.044445992915789809e-02
1.976988494247123640e+01 2.309248716363425727e-02
1.980990495247623784e+01 2.635914273032163857e-02
1.984992496248123928e+01 3.043271576902732006e-02
1.988994497248624427e+01 3.557696135512834062e-02
1.992996498249124571e+01 4.216677473672478943e-02
1.996998499249624714e+01 5.074229182138331740e-02
2.001000500250124858e+01 6.208920013440905050e-02
2.005002501250625357e+01 7.734992238263785347e-02
2.009004502251125501e+01 9.814655126777634131e-02
2.013006503251625645e+01 1.265997726091845910e-01
2.017008504252126144e+01 1.648202310460962772e-01
2.021010505252626288e+01 2.127511026263841643e-01
2.025012506253126432e+01 2.629592340377333581e-01
2.029014507253626931e+01 2.960531438721113462e-01
2.033016508254127075e+01 2.918464972620293807e-01
2.037018509254627219e+01 2.532267328024462305e-01
2.041020510255127363e+01 2.022488075691022125e-01
2.045022511255627862e+01 1.559952316715601250e-01
2.049024512256128006e+01 1.198450772758520022e-01
2.053026513256628149e+01 9.309718844521898407e-02
2.057028514257128649e+01 7.354090367914233040e-02
2.061030515257628792e+01 5.914351740577492023e-02
2.065032516258128936e+01 4.838867216433891810e-02
2.069034517258629080e+01 4.021663584394688518e-02
2.073036518259129579e+01 3.389933517174352484e-02
2.077038519259629723e+01 2.893523420624866463e-02
2.081040520260129867e+01 2.497496952003231893e-02
2.085042521260630366e+01 2.177158023023595401e-02
2.089044522261130510e+01 1.914771002680661083e-02
2.093046523261630654e+01 1.697396292721587568e-02
2.097048524262131153e+01 1.515448815380426514e-02
2.101050525262631297e+01 1.361725675292508458e-02
2.105052526263131440e+01 1.230740924731278663e-02
2.109054527263631584e+01 1.118263762488269815e-02
2.113056528264132083e+01 1.020993317991265338e-02
2.117058529264632227e+01 9.363264259755688795e-03
2.121060530265132371e+01 8.621895955944912718e-03
2.125062531265632870e+01 7.969158972165784130e-03
2.129064532266133014e+01 7.391536888232849017e-03
2.133066533266633158e+01 6.877981923001937059e-03
2.137068534267133657e+01 6.419396614566003946e-03
2.141070535267633801e+01 6.008237319531584825e-03
2.145072536268133945e+01 5.638208095676401285e-03
2.149074537268634089e+01 5.304022310796264843e-03
2.153076538269134588e+01 5.001215476142812505e-03
2.157078539269634732e+01 4.725997166450116721e-03
2.161080540270134875e+01 4.475133014060096899e-03
2.165082541270635375e+01 4.245850025565966676e-03
2.169084542271135518e+01 4.035760120289305641e-03
2.173086543271635662e+01 3.842798006182887669e-03
2.177088544272136161e+01 3.665170412464260376e-03
2.181090545272636305e+01 3.501314375199089841e-03
2.185092546273136449e+01 3.349862782999009272e-03
2.189094547273636593e+01 3.209615778501049514e-03
2.193096548274137092e+01 3.079516908762833238e-03
2.197098549274637236e+01 2.958633146992422584e-03
2.201100550275137380e+01 2.846138085885771378e-03
2.205102551275637879e+01 2.741297741644344206e-03
2.209104552276138023e+01 2.643458516694720001e-03
2.213106553276638166e+01 2.552036955126424280e-03
2.217108554277138666e+01 2.466510993101537520e-03
2.221110555277638809e+01 2.386412460911611477e-03
2.225112556278138953e+01 2.311320636974124442e-03
2.229114557278639097e+01 2.240856689181251835e-03
2.233116558279139596e+01 2.174678867420191432e-03
2.237118559279639740e+01 2.112478334160350964e-03
2.241120560280139884e+01 2.053975538826381935e-03
2.245122561280640383e+01 1.998917057093185009e-03
2.249124562281140527e+01 1.947072828914641783e-03
2.253126563281640671e+01 1.898233739558996330e-03
2.257128564282141170e+01 1.852209496588735904e-03
2.261130565282641314e+01 1.808826762925122957e-03
2.265132566283141458e+01 1.767927512144889949e-03
2.269134567283641601e+01 1.729367577184339052e-03
2.273136568284142101e+01 1.693015367847426319e-03
2.277138569284642244e+01 1.658750736070870556e-03
2.281140570285142388e+01 1.626463970904998627e-03
2.285142571285642887e+01 1.596054907717943091e-03
2.289144572286143031e+01 1.567432138299328049e-03
2.293146573286643175e+01 1.540512310391048759e-03
2.297148574287143674e+01 1.515219506759367049e-03
2.301150575287643818e+01 1.491484695287214257e-03
2.305152576288143962e+01 1.469245242744627016e-03
2.309154577288644106e+01 1.448444485918571559e-03
2.313156578289144605e+01 1.429031354676258293e-03
2.317158579289644749e+01 1.410960042319930278e-03
2.321160580290144893e+01 1.394189719284071212e-03
2.325162581290645392e+01 1.378684286843751688e-03
2.329164582291145535e+01 1.364412168058761312e-03
2.333166583291645679e+01 1.351346133684266362e-03
2.337168584292146178e+01 1.339463161245460715e-03
2.341170585292646322e+01 1.328744325910545055e-03
2.345172586293146466e+01 1.319174722212264816e-03
2.349174587293646610e+01 1.310743416071556396e-03
2.353176588294147109e+01 1.303443426975589483e-03
2.357178589294647253e+01 1.297271740565004083e-03
2.361180590295147397e+01 1.292229352299670113e-03
2.365182591295647896e+01 1.288321343307861780e-03
2.369184592296148040e+01 1.285556989990008572e-03
2.373186593296648184e+01 1.283949909456003286e-03
2.377188594297148683e+01 1.283518243436719119e-03
2.381190595297648827e+01 1.284284883940144291e-03
2.385192596298148970e+01 1.286277744637083064e-03
2.389194597298649114e+01 1.289530082780562239e-03
2.393196598299149613e+01 1.294080877410608982e-03
2.397198599299649757e+01 1.299975270700720609e-03
2.401200600300149901e+01 1.307265080599074019e-03
2.405202601300650400e+01 1.316009394449150355e-03
2.409204602301150544e+01 1.326275255093707249e-03
2.413206603301650688e+01 1.338138453138529955e-03
2.417208604302150832e+01 1.351684441659297808e-03
2.421210605302651331e+01 1.367009392778606490e-03
2.425212606303151475e+01 1.384221419348735140e-03
2.429214607303651619e+01 1.403441989611916348e-03
2.433216608304152118e+01 1.424807568379984728e-03
2.437218609304652261e+01 1.448471525243846900e-03
2.441220610305152405e+01 1.474606358930003174e-03
2.445222611305652904e+01 1.503406297605931535e-03
2.449224612306153048e+01 1.535090348271208336e-03
2.453226613306653192e+01 1.569905885106297194e-03
2.457228614307153336e+01 1.608132887775030754e-03
2.461230615307653835e+01 1.650088967503467608e-03
2.465232616308153979e+01 1.696135353044058488e-03
2.469234617308654123e+01 1.746684052749528353e-03
2.473236618309154622e+01 1.802206466145796432e-03
2.477238619309654766e+01 1.863243793023242664e-03
2.481240620310154910e+01 1.930419686267563885e-03
2.485242621310655409e+01 2.004455724953061596e-03
2.489244622311155553e+01 2.086190458648386117e-03
2.493246623311655696e+01 2.176603009572612279e-03
2.497248624312155840e+01 2.276842540870638917e-03
2.501250625312656339e+01 2.388265342813049308e-03
2.505252626313156483e+01 2.512481907182326658e-03
2.509254627313656627e+01 2.651417232610508209e-03
2.513256628314157126e+01 2.807388849770440717e-03
2.517258629314657270e+01 2.983208858166126916e-03
2.521260630315157414e+01 3.182318909659670892e-03
2.525262631315657913e+01 3.408971003320215420e-03
2.529264632316158057e+01 3.668472878710455406e-03
2.533266633316658201e+01 3.967525842155118602e-03
2.537268634317158345e+01 4.314696852112521845e-03
2.541270635317658844e+01 4.721088536037089736e-03
2.545272636318158987e+01 5.201305065313266765e-03
2.549274637318659131e+01 5.774865166074418660e-03
2.553276638319159630e+01 6.468294180565379789e-03
2.557278639319659774e+01 7.318238712965927963e-03
2.561280640320159918e+01 8.376062703036710536e-03
2.565282641320660417e+01 9.714345968769350428e-03
2.569284642321160561e+01 1.143489426184202823e-02
2.573286643321660705e+01 1.367417746934963124e-02
2.577288644322160849e+01 1.658956674927102026e-02
2.581290645322661348e+01 2.027793125809245270e-02
2.585292646323161492e+01 2.454588932845245403e-02
2.589294647323661636e+01 2.861664384618034865e-02
2.593296648324162135e+01 3.146576851995288443e-02
2.597298649324662279e+01 3.311251174495224991e-02
2.601300650325162422e+01 3.492236943840092839e-02
2.605302651325662922e+01 3.839938373906119640e-02
2.609304652326163065e+01 4.459401020529980830e-02
2.613306653326663209e+01 5.429052318675407773e-02
2.617308654327163353e+01 6.793294677289019035e-02
2.621310655327663852e+01 8.457751582241972155e-02
2.625312656328163996e+01 9.982294355719623091e-02
2.629314657328664140e+01 1.058281508314608405e-01
2.633316658329164639e+01 9.823297393880137118e-02
2.637318659329664783e+01 8.179984145482306623e-02
2.641320660330164927e+01 6.420503126221697998e-02
2.645322661330665426e+01 4.948672986858931172e-02
2.649324662331165570e+01 3.832669294403570626e-02
2.653326663331665713e+01 3.012775448401454684e-02
2.657328664332165857e+01 2.411361088557806981e-02
2.661330665332666356e+01 1.965207647172333497e-02
2.665332666333166500e+01 1.628859362964446555e-02
2.669334667333666644e+01 1.370870149731523262e-02
2.673336668334167143e+01 1.169623347869646647e-02
2.677338669334667287e+01 1.010149859819780248e-02
2.681340670335167431e+01 8.819461971373145776e-03
2.685342671335667930e+01 7.775275617872415453e-03
2.689344672336168074e+01 6.914745008039134382e-03
2.693346673336668218e+01 6.198012572195814307e-03
2.697348674337168362e+01 5.595325827847833638e-03
2.701350675337668861e+01 5.084163335480539232e-03
2.705352676338169005e+01 4.647254314399839464e-03
2.709354677338669148e+01 4.271194014483334529e-03
2.713356678339169648e+01 3.945461769229961779e-03
2.717358679339669791e+01 3.661715067926364902e-03
2.721360680340169935e+01 3.413275451786902063e-03
2.725362681340670434e+01 3.194749509738263084e-03
2.729364682341170578e+01 3.001746244773695685e-03
2.733366683341670722e+01 2.830664023382008666e-03
2.737368684342170866e+01 2.678528347695878498e-03
2.741370685342671365e+01 2.542867154292551262e-03
2.745372686343171509e+01 2.421614108917699831e-03
2.749374687343671653e+01 2.313032991625808832e-03
2.753376688344172152e+01 2.215658117821006114e-03
2.757378689344672296e+01 2.128247059851092176e-03
2.761380690345172439e+01 2.049742883638441295e-03
2.765382691345672583e+01 1.979243805462420173e-03
2.769384692346173082e+01 1.915978680910962201e-03
2.773386693346673226e+01 1.859287113456711306e-03
2.777388694347173370e+01 1.808603250642006055e-03
2.781390695347673869e+01 1.763442547301693163e-03
2.785392696348174013e+01 1.723390936030868474e-03
2.789394697348674157e+01 1.688095968480152545e-03
2.793396698349174656e+01 1.657259586679755677e-03
2.797398699349674800e+01 1.630632258546026734e-03
2.801400700350174944e+01 1.608008271287919176e-03
2.805402701350675088e+01 1.589222024594320014e-03
2.809404702351175587e+01 1.574145205324320364e-03
2.813406703351675731e+01 1.562684759387384954e-03
2.817408704352175874e+01 1.554781606616242352e-03
2.821410705352676374e+01 1.550410072484358906e-03
2.825412706353176517e+01 1.549578038191249015e-03
2.829414707353676661e+01 1.552327839679896191e-03
2.833416708354177160e+01 1.558737978532879435e-03
2.837418709354677304e+01 1.568925745819127254e-03
2.841420710355177448e+01 1.583050906938576231e-03
2.845422711355677592e+01 1.601320655537440997e-03
2.849424712356178091e+01 1.623996123505634702e-03
2.853426713356678235e+01 1.651400840301761467e-03
2.857428714357178379e+01 1.683931680592521633e-03
2.861430715357678878e+01 1.722073042524496257e-03
2.865432716358179022e+01 1.766415287038296473e-03
2.869434717358679165e+01 1.817678882884332572e-03
2.873436718359179665e+01 1.876746306325347566e-03
2.877438719359679808e+01 1.944704638886944658e-03
2.881440720360179952e+01 2.022903149201887331e-03
2.885442721360680096e+01 2.113032189177673891e-03
2.889444722361180595e+01 2.217232888682298293e-03
2.893446723361680739e+01 2.338252057008988541e-03
2.897448724362180883e+01 2.479664454653436340e-03
2.901450725362681382e+01 2.646196847829118941e-03
2.905452726363181526e+01 2.844207431124925762e-03
2.909454727363681670e+01 3.082403201739240383e-03
2.913456728364182169e+01 3.372917619545859075e-03
2.917458729364682313e+01 3.732909747489978735e-03
2.921460730365182457e+01 4.186820679993246558e-03
2.925462731365682600e+01 4.769085766702105614e-03
2.929464732366183100e+01 5.525616489286303001e-03
2.933466733366683243e+01 6.507372994024863272e-03
2.937468734367183387e+01 7.736761985691542262e-03
2.941470735367683886e+01 9.115002232684292494e-03
2.945472736368184030e+01 1.030446624532641367e-02
2.949474737368684174e+01 1.085829946805056713e-02
2.953476738369184673e+01 1.071941979046656286e-02
2.957478739369684817e+01 1.032223468824993579e-02
2.961480740370184961e+01 1.010402328579101602e-02
2.965482741370685105e+01 1.026556388584632870e-02
2.969484742371185604e+01 1.086734526480731371e-02
2.973486743371685748e+01 1.194630781918436767e-02
2.977488744372185892e+01 1.357297945214663848e-02
2.981490745372686391e+01 1.587932464880038169e-02
2.985492746373186534e+01 1.908295517379330133e-02
2.989494747373686678e+01 2.351650378803425354e-02
2.993496748374187177e+01 2.965290451794451096e-02
2.997498749374687321e+01 3.807321648088464461e-02
3.001500750375187465e+01 4.920298777367970722e-02
3.005502751375687609e+01 6.243915726778791198e-02
3.009504752376188108e+01 7.455529293539545077e-02
3.013506753376688252e+01 7.964160305563468267e-02
3.017508754377188396e+01 7.429339181125979574e-02
3.021510755377688895e+01 6.204881527877945113e-02
3.025512756378189039e+01 4.879087184415611955e-02
3.029514757378689183e+01 3.766733635438855587e-02
3.033516758379189682e+01 2.923710350090450924e-02
3.037518759379689826e+01 2.305881797971428768e-02
3.041520760380189969e+01 1.854445909251098076e-02
3.045522761380690113e+01 1.521305019657322177e-02
3.049524762381190612e+01 1.271854941451636654e-02
3.053526763381690756e+01 1.082181018750728169e-02
3.057528764382190900e+01 9.358789629445191452e-03
3.061530765382691399e+01 8.216266694481746263e-03
3.065532766383191543e+01 7.315183685434691920e-03
3.069534767383691687e+01 6.599610714547498105e-03
3.073536768384192186e+01 6.029491723786534717e-03
3.077538769384692330e+01 5.575858794379193878e-03
3.081540770385192474e+01 5.217650124219731615e-03
3.085542771385692618e+01 4.939578392655996283e-03
3.089544772386193117e+01 4.730698600462209663e-03
3.093546773386693260e+01 4.583453525169882761e-03
3.097548774387193404e+01 4.493057642562722602e-03
3.101550775387693903e+01 4.457134753119167472e-03
3.105552776388194047e+01 4.475562299493721259e-03
3.109554777388694191e+01 4.550504251034001232e-03
3.113556778389194335e+01 4.686640163191106191e-03
3.117558779389694834e+01 4.891625575625644512e-03
3.121560780390194978e+01 5.176853752577191894e-03
3.125562781390695122e+01 5.558638121698177004e-03
3.129564782391195621e+01 6.060009241071263528e-03
3.133566783391695765e+01 6.713435627773024772e-03
3.137568784392195909e+01 7.564956761181958894e-03
3.141570785392696408e+01 8.680483741054787969e-03
3.145572786393196552e+01 1.015537714014601821e-02
3.149574787393696695e+01 1.212870756857804995e-02
3.153576788394196839e+01 1.480312660276170492e-02
3.157578789394697338e+01 1.846731228746189765e-02
3.161580790395197482e+01 2.350158274000015493e-02
3.165582791395697626e+01 3.029446588421526310e-02
3.169584792396198125e+01 3.887500832398142758e-02
3.173586793396698269e+01 4.799700143634379884e-02
3.177588794397198413e+01 5.424647973638613285e-02
3.181590795397698912e+01 5.385177433411170861e-02
3.185592796398199056e+01 4.706279432758136289e-02
3.189594797398699200e+01 3.781223775130527348e-02
3.193596798399199344e+01 2.931351694027177837e-02
3.197598799399699843e+01 2.263482676802433882e-02
3.201600800400200342e+01 1.768126034461026119e-02
3.205602801400700486e+01 1.405521935319715629e-02
3.209604802401200629e+01 1.138348407862905740e-02
3.213606803401700773e+01 9.385943259959768012e-03
3.217608804402200917e+01 7.866452400095745937e-03
3.221610805402701061e+01 6.690201324078711570e-03
3.225612806403201205e+01 5.764350494503041496e-03
3.229614807403702059e+01 5.024263322443970996e-03
3.233616808404202203e+01 4.424276731506360250e-03
3.237618809404702347e+01 3.931617235533870283e-03
3.241620810405202491e+01 3.522387230816271132e-03
3.245622811405702635e+01 3.178893432170255655e-03
3.249624812406202778e+01 2.887846132558415969e-03
3.253626813406702922e+01 2.639128175410730779e-03
3.257628814407203777e+01 2.424941090699106981e-03
3.261630815407703921e+01 2.239204306930816981e-03
3.265632816408204064e+01 2.077126577356968543e-03
3.269634817408704208e+01 1.934896257881359031e-03
3.273636818409204352e+01 1.809454758504580813e-03
3.277638819409704496e+01 1.698329006993908215e-03
3.281640820410205350e+01 1.599506367945492322e-03
3.285642821410705494e+01 1.511340557156464967e-03
3.289644822411205638e+01 1.432480561915200649e-03
3.293646823411705782e+01 1.361816969770239657e-03
3.297648824412205926e+01 1.298441714479656216e-03
3.301650825412706070e+01 1.241618041130662566e-03
3.305652826413206213e+01 1.190756749300665197e-03
3.309654827413707068e+01 1.145390143351860584e-03
3.313656828414207212e+01 1.105122628343266789e-03
3.317658829414707355e+01 1.069525752000470131e-03
3.321660830415207499e+01 1.038019053219380559e-03
3.325662831415707643e+01 1.010018744929436175e-03
3.329664832416207787e+01 9.854424372066699581e-04
3.333666833416707931e+01 9.647819333582061032e-04
3.337668834417208785e+01 9.486246527789187182e-04
3.341670835417708929e+01 9.374608596114624012e-04
3.345672836418209073e+01 9.318227950113732588e-04
3.349674837418709217e+01 9.324524891724778703e-04
3.353676838419209361e+01 9.404368802011188119e-04
3.357678839419709504e+01 9.573552017324078083e-04
3.361680840420210359e+01 9.854857218717417728e-04
3.365682841420710503e+01 1.028118138178301007e-03
3.369684842421210647e+01 1.090030562201292977e-03
3.373686843421710790e+01 1.178207949450783528e-03
3.377688844422210934e+01 1.302873383484298968e-03
3.381690845422711078e+01 1.478770121495089941e-03
3.385692846423211222e+01 1.726014511603294124e-03
3.389694847423712076e+01 2.067699454874524431e-03
3.393696848424212220e+01 2.515747068559133232e-03
3.397698849424712364e+01 3.029178045854411840e-03
3.401700850425212508e+01 3.452084447348494414e-03
3.405702851425712652e+01 3.550276452529808544e-03
3.409704852426212796e+01 3.248424520015949762e-03
3.413706853426712939e+01 2.730974656939185938e-03
3.417708854427213794e+01 2.213635860412091223e-03
3.421710855427713938e+01 1.791591348472874618e-03
3.425712856428214081e+01 1.473134104392694000e-03
3.429714857428714225e+01 1.237852509209153582e-03
3.433716858429214369e+01 1.063240656221656460e-03
3.437718859429714513e+01 9.316567643937433965e-04
3.441720860430214657e+01 8.305727471992197224e-04
3.445722861430715511e+01 7.513509503672522556e-04
3.449724862431215655e+01 6.880510730364057699e-04
3.453726863431715799e+01 6.365506207398163689e-04
3.457728864432215943e+01 5.939482256460781699e-04
3.461730865432716087e+01 5.581692634600009554e-04
3.465732866433216230e+01 5.277060229873801935e-04
3.469734867433717085e+01 5.014453163583825184e-04
3.473736868434217229e+01 4.785527489450321667e-04
3.477738869434717373e+01 4.583939429278941586e-04
3.481740870435217516e+01 4.404801287558187620e-04
3.485742871435717660e+01 4.244300166589938463e-04
3.489744872436217804e+01 4.099426966284899190e-04
3.493746873436717948e+01 3.967781143767278441e-04
3.497748874437218802e+01 3.847428233075573124e-04
3.501750875437718946e+01 3.736794595974173320e-04
3.505752876438219090e+01 3.634588779232410380e-04
3.509754877438719234e+01 3.539742115156876783e-04
3.513756878439219378e+01 3.451363398998567519e-04
3.517758879439719522e+01 3.368703975213687600e-04
3.521760880440219665e+01 3.291130598926364959e-04
3.525762881440720520e+01 3.218104161326900033e-04
3.529764882441220664e+01 3.149162877860971904e-04
3.533766883441720807e+01 3.083908902120241794e-04
3.537768884442220951e+01 3.021997590785716037e-04
3.541770885442721095e+01 2.963128835983029966e-04
3.545772886443221239e+01 2.907040021699836213e-04
3.549774887443722093e+01 2.853500264851880361e-04
3.553776888444222237e+01 2.802305679224942076e-04
3.557778889444722381e+01 2.753275458973886689e-04
3.561780890445222525e+01 2.706248622700093711e-04
3.565782891445722669e+01 2.661081293001915193e-04
3.569784892446222813e+01 2.617644412447680960e-04
3.573786893446722956e+01 2.575821817091853653e-04
3.577788894447223811e+01 2.535508604368033061e-04
3.581790895447723955e+01 2.496609744505961332e-04
3.585792896448224099e+01 2.459038894323532418e-04
3.589794897448724242e+01 2.422717379934402149e-04
3.593796898449224386e+01 2.387573321036358289e-04
3.597798899449724530e+01 2.353540874348742653e-04
3.601800900450224674e+01 2.320559577711052098e-04
3.605802901450725528e+01 2.288573779541881910e-04
3.609804902451225672e+01 2.257532140944236453e-04
3.613806903451725816e+01 2.227387199851900868e-04
3.617808904452225960e+01 2.198094988337756734e-04
3.621810905452726104e+01 2.169614695623194186e-04
3.625812906453226248e+01 2.141908370497966980e-04
3.629814907453727102e+01 2.114940657828637261e-04
3.633816908454227246e+01 2.088678564638811572e-04
3.637818909454727390e+01 2.063091251915527959e-04
3.641820910455227533e+01 2.038149848857882373e-04
3.645822911455727677e+01 2.013827286755120506e-04
3.649824912456227821e+01 1.990098150078366008e-04
3.653826913456727965e+01 1.966938542705201360e-04
3.657828914457228819e+01 1.944325967480150141e-04
3.661830915457728963e+01 1.922239217555231925e-04
3.665832916458229107e+01 1.900658278159965279e-04
3.669834917458729251e+01 1.879564237625741584e-04
3.673836918459229395e+01 1.858939206639460308e-04
3.677838919459729539e+01 1.838766244830316644e-04
3.681840920460229682e+01 1.819029293904527616e-04
3.685842921460730537e+01 1.799713116638437284e-04
3.689844922461230681e+01 1.780803241123217820e-04
3.693846923461730825e+01 1.762285909725993963e-04
3.697848924462230968e+01 1.744148032294597387e-04
3.701850925462731112e+01 1.726377143187243497e-04
3.705852926463231256e+01 1.708961361755748564e-04
3.709854927463732110e+01 1.691889355952218678e-04
3.713856928464232254e+01 1.675150308765314727e-04
3.717858929464732398e+01 1.658733887223915989e-04
3.721860930465232542e+01 1.642630213733991401e-04
3.725862931465732686e+01 1.626829839538999510e-04
3.729864932466232830e+01 1.611323720115860072e-04
3.733866933466732974e+01 1.596103192337714957e-04
3.737868934467233828e+01 1.581159953251676763e-04
3.741870935467733972e+01 1.566486040334830166e-04
3.745872936468234116e+01 1.552073813105083486e-04
3.749874937468734259e+01 1.537915935975469760e-04
3.753876938469234403e+01 1.524005362251015577e-04
3.757878939469734547e+01 1.510335319176811953e-04
3.761880940470234691e+01 1.496899293954410016e-04
3.765882941470735545e+01 1.483691020651197584e-04
3.769884942471235689e+01 1.470704467934274911e-04
3.773886943471735833e+01 1.457933827566377366e-04
3.777888944472235977e+01 1.445373503606978670e-04
3.781890945472736121e+01 1.433018102266565754e-04
3.785892946473236265e+01 1.420862422366579053e-04
3.789894947473736408e+01 1.408901446361534378e-04
3.793896948474237263e+01 1.397130331883458657e-04
3.797898949474737407e+01 1.385544403772103264e-04
3.801900950475237551e+01 1.374139146557314649e-04
3.805902951475737694e+01 1.362910197362747348e-04
3.809904952476237838e+01 1.351853339202459877e-04
3.813906953476737982e+01 1.340964494644250680e-04
3.817908954477238836e+01 1.330239719815572695e-04
3.821910955477738980e+01 1.319675198729771380e-04
3.825912956478239124e+01 1.309267237912013575e-04
3.829914957478739268e+01 1.299012261305909795e-04
3.833916958479239412e+01 1.288906805443173998e-04
3.837918959479739556e+01 1.278947514859988415e-04
3.841920960480239700e+01 1.269131137744935523e-04
3.845922961480740554e+01 1.259454521804419355e-04
3.849924962481240698e+01 1.249914610332538334e-04
3.853926963481740842e+01 1.240508438473232958e-04
3.857928964482240985e+01 1.231233129663436164e-04
3.861930965482741129e+01 1.222085892246685748e-04
3.865932966483241273e+01 1.213064016247400369e-04
3.869934967483741417e+01 1.204164870296658442e-04
3.873936968484242271e+01 1.195385898700955106e-04
3.877938969484742415e+01 1.186724618645958900e-04
3.881940970485242559e+01 1.178178617527797446e-04
3.885942971485742703e+01 1.169745550404923491e-04
3.889944972486242847e+01 1.161423137564016923e-04
3.893946973486742991e+01 1.153209162193809500e-04
3.897948974487243845e+01 1.145101468161108634e-04
3.901950975487743989e+01 1.137097957883645855e-04
3.905952976488244133e+01 1.129196590294686322e-04
3.909954977488744277e+01 1.121395378894692035e-04
3.913956978489244420e+01 1.113692389885565485e-04
3.917958979489744564e+01 1.106085740383295476e-04
3.921960980490244708e+01 1.098573596705069890e-04
3.925962981490745562e+01 1.091154172727142670e-04
3.929964982491245706e+01 1.083825728309976494e-04
3.933966983491745850e+01 1.076586567787348912e-04
3.937968984492245994e+01 1.069435038516349434e-04
3.941970985492746138e+01 1.062369529485316803e-04
3.945972986493246282e+01 1.055388469976969464e-04
3.949974987493746426e+01 1.048490328284108731e-04
3.953976988494247280e+01 1.041673610475444894e-04
3.957978989494747424e+01 1.034936859209204110e-04
3.961980990495247568e+01 1.028278652592312583e-04
3.965982991495747711e+01 1.021697603083086115e-04
3.969984992496247855e+01 1.015192356435435522e-04
3.973986993496747999e+01 1.008761590682730538e-04
3.977988994497248854e+01 1.002404015159540052e-04
3.981990995497748997e+01 9.961183695595842889e-05
3.985992996498249141e+01 9.899034230282860512e-05
3.989994997498749285e+01 9.837579732884297028e-05
3.993996998499249429e+01 9.776808457974860351e-05
3.997998999499749573e+01 9.716708929352369266e-05
4.002001000500249717e+01 9.657269932204110843e-05
4.006003001500750571e+01 9.598480505551034141e-05
4.010005002501250715e+01 9.540329934958068114e-05
4.014007003501750859e+01 9.482807745499362544e-05
4.018009004502251003e+01 9.425903694968074857e-05
4.022011005502751146e+01 9.369607767320435392e-05
4.026013006503251290e+01 9.313910166344624712e-05
4.030015007503751434e+01 9.258801309545302790e-05
4.034017008504252289e+01 9.204271822235040560e-05
4.038019009504752432e+01 9.150312531824501990e-05
4.042021010505252576e+01 9.096914462303261426e-05
4.046023011505752720e+01 9.044068828903912085e-05
4.050025012506252864e+01 8.991767032942186641e-05
4.054027013506753008e+01 8.940000656826190310e-05
4.058029014507253862e+01 8.888761459228237158e-05
4.062031015507754006e+01 8.838041370413086636e-05
4.066033016508254150e+01 8.787832487716375999e-05
4.070035017508754294e+01 8.738127071167857407e-05
4.074037018509254438e+01 8.688917539253688030e-05
4.078039019509754581e+01 8.640196464812701781e-05
4.082041020510254725e+01 8.591956571061622509e-05
4.086043021510755580e+01 8.544190727744433247e-05
4.090045022511255723e+01 8.496891947401354647e-05
4.094047023511755867e+01 8.450053381752942639e-05
4.098049024512256011e+01 8.403668318195305976e-05
4.102051025512756155e+01 8.357730176402223404e-05
4.106053026513256299e+01 8.312232505030425376e-05
4.110055027513756443e+01 8.267168978524339117e-05
4.114057028514257297e+01 8.222533394016689362e-05
4.118059029514757441e+01 8.178319668321694022e-05
4.122061030515257585e+01 8.134521835017405670e-05
4.126063031515757729e+01 8.091134041614298584e-05
4.130065032516257872e+01 8.048150546806953133e-05
4.134067033516758016e+01 8.005565717805988716e-05
4.138069034517258160e+01 7.963374027747559193e-05
4.142071035517759015e+01 7.921570053177636567e-05
4.146073036518259158e+01 7.880148471608685494e-05
4.150075037518759302e+01 7.839104059146114335e-05
4.154077038519259446e+01 7.798431688182303173e-05
4.158079039519759590e+01 7.758126325155881829e-05
4.162081040520259734e+01 7.718183028374055589e-05
4.166083041520760588e+01 7.678596945895952537e-05
4.170085042521260732e+01 7.639363313474970463e-05
4.174087043521760876e+01 7.600477452558118924e-05
4.178089044522261020e+01 7.561934768340613600e-05
4.182091045522761164e+01 7.523730747873843216e-05
4.186093046523261307e+01 7.485860958225023089e-05
4.190095047523761451e+01 7.448321044686869699e-05
4.194097048524262306e+01 7.411106729035695732e-05
4.198099049524762449e+01 7.374213807836403633e-05
4.202101050525262593e+01 7.337638150792846260e-05
4.206103051525762737e+01 7.301375699142210194e-05
4.210105052526262881e+01 7.265422464091949933e-05
4.214107053526763025e+01 7.229774525298024760e-05
4.218109054527263169e+01 7.194428029383114214e-05
4.222111055527764023e+01 7.159379188493574810e-05
4.226113056528264167e+01 7.124624278894014519e-05
4.230115057528764311e+01 7.090159639598198852e-05
4.234117058529264455e+01 7.055981671035364280e-05
4.238119059529764598e+01 7.022086833750693514e-05
4.242121060530264742e+01 6.988471647139066299e-05
4.246123061530765597e+01 6.955132688210960868e-05
4.250125062531265741e+01 6.922066590389686135e-05
4.254127063531765884e+01 6.889270042338853633e-05
4.258129064532266028e+01 6.856739786819331627e-05
4.262131065532766172e+01 6.824472619574748974e-05
4.266133066533266316e+01 6.792465388244723398e-05
4.270135067533766460e+01 6.760714991304991514e-05
4.274137068534267314e+01 6.729218377033691187e-05
4.278139069534767458e+01 6.697972542503030462e-05
4.282141070535267602e+01 6.666974532595544860e-05
4.286143071535767746e+01 6.636221439044377875e-05
4.290145072536267890e+01 6.605710399496756628e-05
4.294147073536768033e+01 6.575438596600112430e-05
4.298149074537268177e+01 6.545403257110111723e-05
4.302151075537769032e+01 6.515601651020052579e-05
4.306153076538269175e+01 6.486031090711034508e-05
4.310155077538769319e+01 6.456688930122204983e-05
4.314157078539269463e+01 6.427572563940693725e-05
4.318159079539769607e+01 6.398679426810559821e-05
4.322161080540269751e+01 6.370006992560293610e-05
4.326163081540770605e+01 6.341552773448309551e-05
4.330165082541270749e+01 6.313314319426042466e-05
4.334167083541770893e+01 6.285289217417985798e-05
4.338169084542271037e+01 6.257475090618453686e-05
4.342171085542771181e+01 6.229869597804367552e-05
4.346173086543271324e+01 6.202470432663835444e-05
4.350175087543771468e+01 6.175275323139992880e-05
4.354177088544272323e+01 6.148282030789702687e-05
4.358179089544772467e+01 6.121488350156796695e-05
4.362181090545272610e+01 6.094892108159351079e-05
4.366183091545772754e+01 6.068491163490745296e-05
4.370185092546272898e+01 6.042283406034073650e-05
4.374187093546773042e+01 6.016266756289582866e-05
4.378189094547273186e+01 5.990439164814782635e-05
4.382191095547774040e+01 5.964798611676908611e-05
4.386193096548274184e+01 5.939343105917456640e-05
4.390195097548774328e+01 5.914070685028367423e-05
4.394197098549274472e+01 5.888979414439713880e-05
4.398199099549774616e+01 5.864067387018460941e-05
4.402201100550274759e+01 5.839332722578120197e-05
4.406203101550775614e+01 5.814773567398936235e-05
4.410205102551275758e+01 5.790388093758426415e-05
4.414207103551775901e+01 5.766174499471912935e-05
4.418209104552276045e+01 5.742131007442898087e-05
4.422211105552776189e+01 5.718255865222971688e-05
4.426213106553276333e+01 5.694547344581034522e-05
4.430215107553776477e+01 5.671003741081599253e-05
4.434217108554277331e+01 5.647623373671956738e-05
4.438219109554777475e+01 5.624404584277994262e-05
4.442221110555277619e+01 5.601345737408416344e-05
4.446223111555777763e+01 5.578445219767208871e-05
4.450225112556277907e+01 5.555701439874124287e-05
4.454227113556778050e+01 5.533112827692993378e-05
4.458229114557278194e+01 5.510677834267674568e-05
4.462231115557779049e+01 5.488394931365459835e-05
4.466233116558279193e+01 5.466262611127780676e-05
4.470235117558779336e+01 5.444279385727966822e-05
4.474237118559279480e+01 5.422443787035987207e-05
4.478239119559779624e+01 5.400754366289947552e-05
4.482241120560279768e+01 5.379209693774189387e-05
4.486243121560779912e+01 5.357808358503842101e-05
4.490245122561280766e+01 5.336548967915693192e-05
4.494247123561780910e+01 5.315430147565212033e-05
4.498249124562281054e+01 5.294450540829566566e-05
4.502251125562781198e+01 5.273608808616518412e-05
4.506253126563281342e+01 5.252903629079079827e-05
4.510255127563781485e+01 5.232333697335756341e-05
4.514257128564282340e+01 5.211897725196234799e-05
4.518259129564782484e+01 5.191594440892493770e-05
4.522261130565282627e+01 5.171422588815067297e-05
4.526263131565782771e+01 5.151380929254457941e-05
4.530265132566282915e+01 5.131468238147543249e-05
4.534267133566783059e+01 5.111683306828839439e-05
4.538269134567283203e+01 5.092024941786564053e-05
4.542271135567784057e+01 5.072491964423333556e-05
4.546273136568284201e+01 5.053083210821451864e-05
4.550275137568784345e+01 5.033797531512613610e-05
4.554277138569284489e+01 5.014633791252011289e-05
4.558279139569784633e+01 4.995590868796670811e-05
4.562281140570284776e+01 4.976667656687974094e-05
4.566283141570784920e+01 4.957863061038241995e-05
4.570285142571285775e+01 4.939176001321319990e-05
4.574287143571785919e+01 4.920605410167058834e-05
4.578289144572286062e+01 4.902150233159581813e-05
4.582291145572786206e+01 4.883809428639340598e-05
4.586293146573286350e+01 4.865581967508757091e-05
4.590295147573786494e+01 4.847466833041499398e-05
4.594297148574287348e+01 4.829463020695192669e-05
4.598299149574787492e+01 4.811569537927611604e-05
4.602301150575287636e+01 4.793785404016153329e-05
4.606303151575787780e+01 4.776109649880642174e-05
4.610305152576287924e+01 4.758541317909325386e-05
4.614307153576788068e+01 4.741079461787977119e-05
4.618309154577288211e+01 4.723723146332116791e-05
4.622311155577789066e+01 4.706471447322211032e-05
4.626313156578289210e+01 4.689323451341827372e-05
4.630315157578789353e+01 4.672278255618663096e-05
4.634317158579289497e+01 4.655334967868398450e-05
4.638319159579789641e+01 4.638492706141333531e-05
4.642321160580289785e+01 4.621750598671701802e-05
4.646323161580789929e+01 4.605107783729646686e-05
4.650325162581290783e+01 4.588563409475806328e-05
4.654327163581790927e+01 4.572116633818427956e-05
4.658329164582291071e+01 4.555766624272963015e-05
4.662331165582791215e+01 4.539512557824135647e-05
4.666333166583291359e+01 4.523353620790366599e-05
4.670335167583791502e+01 4.507289008690554586e-05
4.674337168584292357e+01 4.491317926113160241e-05
4.678339169584792501e+01 4.475439586587521477e-05
4.682341170585292645e+01 4.459653212457379272e-05
4.686343171585792788e+01 4.443958034756571179e-05
4.690345172586292932e+01 4.428353293086818024e-05
4.694347173586793076e+01 4.412838235497613281e-05
4.698349174587293220e+01 4.397412118368121604e-05
4.702351175587794074e+01 4.382074206291078393e-05
4.706353176588294218e+01 4.366823771958649059e-05
4.710355177588794362e+01 4.351660096050187666e-05
4.714357178589294506e+01 4.336582467121884805e-05
4.718359179589794650e+01 4.321590181498244376e-05
4.722361180590294794e+01 4.306682543165380475e-05
4.726363181590794937e+01 4.291858863666072048e-05
4.730365182591295792e+01 4.277118461996546163e-05
4.734367183591795936e+01 4.262460664504981781e-05
4.738369184592296079e+01 4.247884804791664899e-05
4.742371185592796223e+01 4.233390223610783551e-05
4.746373186593296367e+01 4.218976268773836236e-05
4.750375187593796511e+01 4.204642295054599567e-05
4.754377188594297365e+01 4.190387664095653774e-05
4.758379189594797509e+01 4.176211744316426106e-05
4.762381190595297653e+01 4.162113910822692469e-05
4.766383191595797797e+01 4.148093545317567816e-05
4.770385192596297941e+01 4.134150036013916848e-05
4.774387193596798085e+01 4.120282777548161287e-05
4.778389194597298228e+01 4.106491170895471557e-05
4.782391195597799083e+01 4.092774623286307608e-05
4.786393196598299227e+01 4.079132548124295344e-05
4.790395197598799371e+01 4.065564364905374282e-05
4.794397198599299514e+01 4.052069499138263864e-05
4.798399199599799658e+01 4.038647382266148152e-05
4.802401200600299802e+01 4.025297451589622251e-05
4.806403201600799946e+01 4.012019150190815103e-05
4.810405202601300800e+01 3.998811926858722514e-05
4.814407203601800944e+01 3.985675236015696210e-05
4.818409204602301088e+01 3.972608537645065896e-05
4.822411205602801232e+01 3.959611297219899713e-05
4.826413206603301376e+01 3.946682985632855682e-05
4.830415207603801520e+01 3.933823079127119382e-05
4.834417208604301663e+01 3.921031059228405498e-05
4.838419209604802518e+01 3.908306412677986654e-05
4.842421210605302662e+01 3.895648631366777309e-05
4.846423211605802805e+01 3.883057212270392758e-05
4.850425212606302949e+01 3.870531657385206951e-05
4.854427213606803093e+01 3.858071473665395588e-05
4.858429214607303237e+01 3.845676172960904164e-05
4.862431215607804091e+01 3.833345271956376221e-05
4.866433216608304235e+01 3.821078292110995707e-05
4.870435217608804379e+01 3.808874759599214328e-05
4.874437218609304523e+01 3.796734205252397747e-05
4.878439219609804667e+01 3.784656164501320184e-05
4.882441220610304811e+01 3.772640177319518915e-05
4.886443221610804954e+01 3.760685788167506650e-05
4.890445222611305809e+01 3.748792545937788253e-05
4.894447223611805953e+01 3.736960003900707556e-05
4.898449224612306097e+01 3.725187719651082923e-05
4.902451225612806240e+01 3.713475255055627514e-05
4.906453226613306384e+01 3.701822176201161014e-05
4.910455227613806528e+01 3.690228053343542352e-05
4.914457228614306672e+01 3.678692460857383052e-05
4.918459229614807526e+01 3.667214977186466666e-05
4.922461230615307670e+01 3.655795184794917663e-05
4.926463231615807814e+01 3.644432670119038460e-05
4.930465232616307958e+01 3.633127023519878963e-05
4.934467233616808102e+01 3.621877839236467474e-05
4.938469234617308246e+01 3.610684715339726681e-05
4.942471235617809100e+01 3.599547253687038125e-05
4.946473236618309244e+01 3.588465059877473469e-05
4.950475237618809388e+01 3.577437743207639680e-05
4.954477238619309531e+01 3.566464916628188972e-05
4.958479239619809675e+01 3.555546196700904728e-05
4.962481240620309819e+01 3.544681203556429138e-05
4.966483241620809963e+01 3.533869560852566811e-05
4.970485242621310817e+01 3.523110895733187417e-05
4.974487243621810961e+01 3.512404838787713796e-05
4.978489244622311105e+01 3.501751024011144034e-05
4.982491245622811249e+01 3.491149088764671209e-05
4.986493246623311393e+01 3.480598673736843201e-05
4.990495247623811537e+01 3.470099422905241569e-05
4.994497248624311680e+01 3.459650983498727594e-05
4.998499249624812535e+01 3.449253005960173515e-05
5.002501250625312679e+01 3.438905143909746690e-05
5.006503251625812823e+01 3.428607054108672179e-05
5.010505252626312966e+01 3.418358396423500827e-05
5.014507253626813110e+01 3.408158833790881498e-05
5.018509254627313254e+01 3.398008032182790717e-05
5.022511255627814108e+01 3.387905660572263069e-05
5.026513256628314252e+01 3.377851390899574258e-05
5.030515257628814396e+01 3.367844898038878170e-05
5.034517258629314540e+01 3.357885859765314892e-05
5.038519259629814684e+01 3.347973956722546311e-05
5.042521260630314828e+01 3.338108872390739622e-05
5.046523261630814972e+01 3.328290293054979776e-05
5.050525262631315826e+01 3.318517907774104091e-05
5.054527263631815970e+01 3.308791408349960372e-05
5.058529264632316114e+01 3.299110489297066875e-05
5.062531265632816257e+01 3.289474847812685611e-05
5.066533266633316401e+01 3.279884183747292068e-05
5.070535267633816545e+01 3.270338199575427115e-05
5.074537268634316689e+01 3.260836600366958190e-05
5.078539269634817543e+01 3.251379093758689467e-05
5.082541270635317687e+01 3.241965389926377238e-05
5.086543271635817831e+01 3.232595201557092929e-05
5.090545272636317975e+01 3.223268243821948633e-05
5.094547273636818119e+01 3.213984234349200769e-05
5.098549274637318263e+01 3.204742893197677639e-05
5.102551275637819117e+01 3.195543942830568842e-05
5.106553276638319261e+01 3.186387108089566375e-05
5.110555277638819405e+01 3.177272116169307952e-05
5.114557278639319549e+01 3.168198696592184217e-05
5.118559279639819692e+01 3.159166581183461039e-05
5.122561280640319836e+01 3.150175504046708112e-05
5.126563281640819980e+01 3.141225201539570418e-05
5.130565282641320835e+01 3.132315412249822947e-05
5.134567283641820978e+01 3.123445876971759483e-05
5.138569284642321122e+01 3.114616338682853799e-05
5.142571285642821266e+01 3.105826542520742720e-05
5.146573286643321410e+01 3.097076235760489729e-05
5.150575287643821554e+01 3.088365167792140621e-05
5.154577288644321698e+01 3.079693090098565807e-05
5.158579289644822552e+01 3.071059756233568910e-05
5.162581290645322696e+01 3.062464921800296913e-05
5.166583291645822840e+01 3.053908344429895610e-05
5.170585292646322984e+01 3.045389783760451345e-05
5.174587293646823127e+01 3.036909001416180775e-05
5.178589294647323271e+01 3.028465760986903186e-05
5.182591295647823415e+01 3.020059828007742544e-05
5.186593296648324269e+01 3.011690969939097870e-05
5.190595297648824413e+01 3.003358956146868751e-05
5.194597298649324557e+01 2.995063557882900057e-05
5.198599299649824701e+01 2.986804548265700087e-05
5.202601300650324845e+01 2.978581702261369108e-05
5.206603301650824989e+01 2.970394796664782355e-05
5.210605302651325843e+01 2.962243610080992571e-05
5.214607303651825987e+01 2.954127922906871418e-05
5.218609304652326131e+01 2.946047517312956542e-05
5.222611305652826275e+01 2.938002177225543604e-05
5.226613306653326418e+01 2.929991688308980580e-05
5.230615307653826562e+01 2.922015837948177549e-05
5.234617308654326706e+01 2.914074415231342465e-05
5.238619309654827561e+01 2.906167210932906667e-05
5.242621310655327704e+01 2.898294017496675024e-05
5.246623311655827848e+01 2.890454629019160052e-05
5.250625312656327992e+01 2.882648841233134907e-05
5.254627313656828136e+01 2.874876451491375094e-05
5.258629314657328280e+01 2.867137258750588558e-05
5.262631315657828424e+01 2.859431063555553133e-05
5.266633316658329278e+01 2.851757668023426775e-05
5.270635317658829422e+01 2.844116875828262448e-05
5.274637318659329566e+01 2.836508492185686313e-05
5.278639319659829710e+01 2.828932323837774127e-05
5.282641320660329853e+01 2.821388179038099414e-05
5.286643321660829997e+01 2.813875867536960195e-05
5.290645322661330852e+01 2.806395200566773091e-05
5.294647323661830995e+01 2.798945990827658855e-05
5.298649324662331139e+01 2.791528052473162753e-05
5.302651325662831283e+01 2.784141201096183990e-05
5.306653326663331427e+01 2.776785253715026430e-05
5.310655327663831571e+01 2.769460028759654309e-05
5.314657328664331715e+01 2.762165346058072273e-05
5.318659329664832569e+01 2.754901026822879925e-05
5.322661330665332713e+01 2.747666893637993392e-05
5.326663331665832857e+01 2.740462770445489552e-05
5.330665332666333001e+01 2.733288482532634568e-05
5.334667333666833144e+01 2.726143856519039143e-05
5.338669334667333288e+01 2.719028720343974034e-05
5.342671335667833432e+01 2.711942903253824813e-05
5.346673336668334287e+01 2.704886235789693002e-05
5.350675337668834430e+01 2.697858549775142213e-05
5.354677338669334574e+01 2.690859678304074063e-05
5.358679339669834718e+01 2.683889455728753493e-05
5.362681340670334862e+01 2.676947717647956411e-05
5.366683341670835006e+01 2.670034300895273178e-05
5.370685342671335860e+01 2.663149043527516800e-05
5.374687343671836004e+01 2.656291784813293058e-05
5.378689344672336148e+01 2.649462365221667211e-05
5.382691345672836292e+01 2.642660626410984516e-05
5.386693346673336436e+01 2.635886411217800186e-05
5.390695347673836579e+01 2.629139563645944191e-05
5.394697348674336723e+01 2.622419928855696181e-05
5.398699349674837578e+01 2.615727353153092879e-05
5.402701350675337721e+01 2.609061683979355754e-05
5.406703351675837865e+01 2.602422769900414920e-05
5.410705352676338009e+01 2.595810460596579056e-05
5.414707353676838153e+01 2.589224606852300205e-05
5.418709354677338297e+01 2.582665060546053760e-05
5.422711355677838441e+01 2.576131674640341101e-05
5.426713356678339295e+01 2.569624303171785752e-05
5.430715357678839439e+01 2.563142801241356924e-05
5.434717358679339583e+01 2.556687025004681830e-05
5.438719359679839727e+01 2.550256831662476583e-05
5.442721360680339870e+01 2.543852079451078743e-05
5.446723361680840014e+01 2.537472627633080485e-05
5.450725362681340869e+01 2.531118336488066462e-05
5.454727363681841013e+01 2.524789067303454334e-05
5.458729364682341156e+01 2.518484682365426430e-05
5.462731365682841300e+01 2.512205044949967123e-05
5.466733366683341444e+01 2.505950019313993378e-05
5.470735367683841588e+01 2.499719470686590335e-05
5.474737368684341732e+01 2.493513265260320752e-05
5.478739369684842586e+01 2.487331270182648960e-05
5.482741370685342730e+01 2.481173353547449532e-05
5.486743371685842874e+01 2.475039384386597602e-05
5.490745372686343018e+01 2.468929232661663532e-05
5.494747373686843162e+01 2.462842769255686195e-05
5.498749374687343305e+01 2.456779865965042810e-05
5.502751375687843449e+01 2.450740395491388918e-05
5.506753376688344304e+01 2.444724231433706774e-05
5.510755377688844447e+01 2.438731248280419131e-05
5.514757378689344591e+01 2.432761321401593152e-05
5.518759379689844735e+01 2.426814327041226644e-05
5.522761380690344879e+01 2.420890142309615960e-05
5.526763381690845023e+01 2.414988645175803169e-05
5.530765382691345167e+01 2.409109714460104214e-05
5.534767383691846021e+01 2.403253229826710245e-05
5.538769384692346165e+01 2.397419071776371629e-05
5.542771385692846309e+01 2.391607121639158863e-05
5.546773386693346453e+01 2.385817261567290583e-05
5.550775387693846596e+01 2.380049374528048298e-05
5.554777388694346740e+01 2.374303344296754489e-05
5.558779389694847595e+01 2.368579055449827615e-05
5.562781390695347739e+01 2.362876393357913693e-05
5.566783391695847882e+01 2.357195244179074461e-05
5.570785392696348026e+01 2.351535494852062270e-05
5.574787393696848170e+01 2.345897033089654280e-05
5.578789394697348314e+01 2.340279747372059151e-05
5.582791395697848458e+01 2.334683526940388115e-05
5.586793396698349312e+01 2.329108261790191435e-05
5.590795397698849456e+01 2.323553842665075845e-05
5.594797398699349600e+01 2.318020161050359594e-05
5.598799399699849744e+01 2.312507109166818295e-05
5.602801400700349888e+01 2.307014579964480235e-05
5.606803401700850031e+01 2.301542467116487426e-05
5.610805402701350175e+01 2.296090665013020678e-05
5.614807403701851030e+01 2.290659068755283975e-05
5.618809404702351173e+01 2.285247574149551527e-05
5.622811405702851317e+01 2.279856077701272757e-05
5.626813406703351461e+01 2.274484476609236246e-05
5.630815407703851605e+01 2.269132668759792632e-05
5.634817408704351749e+01 2.263800552721141536e-05
5.638819409704852603e+01 2.258488027737664240e-05
5.642821410705352747e+01 2.253194993724323101e-05
5.646823411705852891e+01 2.247921351261108065e-05
5.650825412706353035e+01 2.242667001587545525e-05
5.654827413706853179e+01 2.237431846597259688e-05
5.658829414707353322e+01 2.232215788832589174e-05
5.662831415707853466e+01 2.227018731479247319e-05
5.666833416708354321e+01 2.221840578361050246e-05
5.670835417708854465e+01 2.216681233934689310e-05
5.674837418709354608e+01 2.211540603284549295e-05
5.678839419709854752e+01 2.206418592117589622e-05
5.682841420710354896e+01 2.201315106758267910e-05
5.686843421710855040e+01 2.196230054143514702e-05
5.690845422711355184e+01 2.191163341817755619e-05
5.694847423711856038e+01 2.186114877927987390e-05
5.698849424712356182e+01 2.181084571218899957e-05
5.702851425712856326e+01 2.176072331028038563e-05
5.706853426713356470e+01 2.171078067281026486e-05
5.710855427713856614e+01 2.166101690486819958e-05
5.714857428714356757e+01 2.161143111733020012e-05
5.718859429714857612e+01 2.156202242681223282e-05
5.722861430715357756e+01 2.151278995562423297e-05
5.726863431715857899e+01 2.146373283172446663e-05
5.730865432716358043e+01 2.141485018867443461e-05
5.734867433716858187e+01 2.136614116559416610e-05
5.738869434717358331e+01 2.131760490711787475e-05
5.742871435717858475e+01 2.126924056335022470e-05
5.746873436718359329e+01 2.122104728982273888e-05
5.750875437718859473e+01 2.117302424745093911e-05
5.754877438719359617e+01 2.112517060249163197e-05
5.758879439719859761e+01 2.107748552650069262e-05
5.762881440720359905e+01 2.102996819629130953e-05
5.766883441720860048e+01 2.098261779389257804e-05
5.770885442721360192e+01 2.093543350650840581e-05
5.774887443721861047e+01 2.088841452647698728e-05
5.778889444722361191e+01 2.084156005123047141e-05
5.782891445722861334e+01 2.079486928325513756e-05
5.786893446723361478e+01 2.074834143005186614e-05
5.790895447723861622e+01 2.070197570409705655e-05
5.794897448724361766e+01 2.065577132280382286e-05
5.798899449724862620e+01 2.060972750848361987e-05
5.802901450725362764e+01 2.056384348830826890e-05
5.806903451725862908e+01 2.051811849427214625e-05
5.810905452726363052e+01 2.047255176315496798e-05
5.814907453726863196e+01 2.042714253648471691e-05
5.818909454727363340e+01 2.038189006050108816e-05
5.822911455727863483e+01 2.033679358611912763e-05
5.826913456728364338e+01 2.029185236889327721e-05
5.830915457728864482e+01 2.024706566898176545e-05
5.834917458729364625e+01 2.020243275111125250e-05
5.838919459729864769e+01 2.015795288454192208e-05
5.842921460730364913e+01 2.011362534303275999e-05
5.846923461730865057e+01 2.006944940480722211e-05
5.850925462731365201e+01 2.002542435251924473e-05
5.854927463731866055e+01 1.998154947321949867e-05
5.858929464732366199e+01 1.993782405832200270e-05
5.862931465732866343e+01 1.989424740357098760e-05
5.866933466733366487e+01 1.985081880900814644e-05
5.870935467733866631e+01 1.980753757894006113e-05
5.874937468734366774e+01 1.976440302190607948e-05
5.878939469734866918e+01 1.972141445064632794e-05
5.882941470735367773e+01 1.967857118207011718e-05
5.886943471735867917e+01 1.963587253722462903e-05
5.890945472736368060e+01 1.959331784126376597e-05
5.894947473736868204e+01 1.955090642341748855e-05
5.898949474737368348e+01 1.950863761696120701e-05
5.902951475737868492e+01 1.946651075918564045e-05
5.906953476738369346e+01 1.942452519136679122e-05
5.910955477738869490e+01 1.938268025873630891e-05
5.914957478739369634e+01 1.934097531045202379e-05
5.918959479739869778e+01 1.929940969956882239e-05
5.922961480740369922e+01 1.925798278300971632e-05
5.926963481740870066e+01 1.921669392153719553e-05
5.930965482741370209e+01 1.917554247972488664e-05
5.934967483741871064e+01 1.913452782592932639e-05
5.938969484742371208e+01 1.909364933226218914e-05
5.942971485742871351e+01 1.905290637456253806e-05
5.946973486743371495e+01 1.901229833236947614e-05
5.950975487743871639e+01 1.897182458889499368e-05
5.954977488744371783e+01 1.893148453099701911e-05
5.958979489744871927e+01 1.889127754915277812e-05
5.962981490745372781e+01 1.885120303743229505e-05
5.966983491745872925e+01 1.881126039347225348e-05
5.970985492746373069e+01 1.877144901844993808e-05
5.974987493746873213e+01 1.873176831705748147e-05
5.978989494747373357e+01 1.869221769747638200e-05
5.982991495747873500e+01 1.865279657135214707e-05
5.986993496748374355e+01 1.861350435376920055e-05
5.990995497748874499e+01 1.857434046322605458e-05
5.994997498749374643e+01 1.853530432161056604e-05
5.998999499749874786e+01 1.849639535417560638e-05
6.003001500750374930e+01 1.845761298951470773e-05
6.007003501750875074e+01 1.841895665953812233e-05
6.011005502751375218e+01 1.838042579944898031e-05
6.015007503751876072e+01 1.834201984771965401e-05
6.019009504752376216e+01 1.830373824606841042e-05
6.023011505752876360e+01 1.826558043943611096e-05
6.027013506753376504e+01 1.822754587596329758e-05
6.031015507753876648e+01 1.818963400696730251e-05
6.035017508754376792e+01 1.815184428691967992e-05
6.039019509754876935e+01 1.811417617342376635e-05
6.043021510755377790e+01 1.807662912719242403e-05
6.047023511755877934e+01 1.803920261202605194e-05
6.051025512756378077e+01 1.800189609479064764e-05
6.055027513756878221e+01 1.796470904539622488e-05
6.059029514757378365e+01 1.792764093677524812e-05
6.063031515757878509e+01 1.789069124486137541e-05
6.067033516758379363e+01 1.785385944856830631e-05
6.071035517758879507e+01 1.781714502976884654e-05
6.075037518759379651e+01 1.778054747327413544e-05
6.079039519759879795e+01 1.774406626681301896e-05
6.083041520760379939e+01 1.770770090101169718e-05
6.087043521760880083e+01 1.767145086937335486e-05
6.091045522761380226e+01 1.763531566825821888e-05
6.095047523761881081e+01 1.759929479686351067e-05
6.099049524762381225e+01 1.756338775720378491e-05
6.103051525762881369e+01 1.752759405409132576e-05
6.107053526763381512e+01 1.749191319511668205e-05
6.111055527763881656e+01 1.745634469062946678e-05
6.115057528764381800e+01 1.742088805371919716e-05
6.119059529764881944e+01 1.738554280019642955e-05
6.123061530765382798e+01 1.735030844857389095e-05
6.127063531765882942e+01 1.731518452004788828e-05
6.131065532766383086e+01 1.728017053847987362e-05
6.135067533766883230e+01 1.724526603037801947e-05
6.139069534767383374e+01 1.721047052487913976e-05
6.143071535767883518e+01 1.717578355373061070e-05
6.147073536768384372e+01 1.714120465127252557e-05
6.151075537768884516e+01 1.710673335441996795e-05
6.155077538769384660e+01 1.707236920264537653e-05
6.159079539769884803e+01 1.703811173796116395e-05
6.163081540770384947e+01 1.700396050490240015e-05
6.167083541770885091e+01 1.696991505050965136e-05
6.171085542771385235e+01 1.693597492431193790e-05
6.175087543771886089e+01 1.690213967830992223e-05
6.179089544772386233e+01 1.686840886695910039e-05
6.183091545772886377e+01 1.683478204715320702e-05
6.187093546773386521e+01 1.680125877820779978e-05
6.191095547773886665e+01 1.676783862184383372e-05
6.195097548774386809e+01 1.673452114217152700e-05
6.199099549774886952e+01 1.670130590567425369e-05
6.203101550775387807e+01 1.666819248119256878e-05
6.207103551775887951e+01 1.663518043990848717e-05
6.211105552776388095e+01 1.660226935532965777e-05
6.215107553776888238e+01 1.656945880327392377e-05
6.219109554777388382e+01 1.653674836185377447e-05
6.223111555777888526e+01 1.650413761146111229e-05
6.227113556778388670e+01 1.647162613475201630e-05
6.231115557778889524e+01 1.643921351663166168e-05
6.235117558779389668e+01 1.640689934423940512e-05
6.239119559779889812e+01 1.637468320693390419e-05
6.243121560780389956e+01 1.634256469627844331e-05
6.247123561780890100e+01 1.631054340602627333e-05
6.251125562781390244e+01 1.627861893210620517e-05
6.255127563781891098e+01 1.624679087260816622e-05
6.259129564782391242e+01 1.621505882776900069e-05
6.263131565782891386e+01 1.618342239995830382e-05
6.267133566783391529e+01 1.615188119366434759e-05
6.271135567783891673e+01 1.612043481548026052e-05
6.275137568784391817e+01 1.608908287409008890e-05
6.279139569784891961e+01 1.605782498025520700e-05
6.283141570785392815e+01 1.602666074680063240e-05
6.287143571785892959e+01 1.599558978860159204e-05
6.291145572786393103e+01 1.596461172257013233e-05
6.295147573786893247e+01 1.593372616764176993e-05
6.299149574787393391e+01 1.590293274476242368e-05
6.303151575787893535e+01 1.587223107687525515e-05
6.307153576788393678e+01 1.584162078890774625e-05
6.311155577788894533e+01 1.581110150775876679e-05
6.315157578789394677e+01 1.578067286228588249e-05
6.319159579789894821e+01 1.575033448329264273e-05
6.323161580790394964e+01 1.572008600351595636e-05
6.327163581790895108e+01 1.568992705761371149e-05
6.331165582791395252e+01 1.565985728215231053e-05
6.335167583791896107e+01 1.562987631559442888e-05
6.339169584792396250e+01 1.559998379828681766e-05
6.343171585792896394e+01 1.557017937244818096e-05
6.347173586793396538e+01 1.554046268215719879e-05
6.351175587793896682e+01 1.551083337334059750e-05
6.355177588794396826e+01 1.548129109376133195e-05
6.359179589794896970e+01 1.545183549300684563e-05
6.363181590795397824e+01 1.542246622247745279e-05
6.367183591795897968e+01 1.539318293537477131e-05
6.371185592796398112e+01 1.536398528669022679e-05
6.375187593796898256e+01 1.533487293319373961e-05
6.379189594797398399e+01 1.530584553342236785e-05
6.383191595797898543e+01 1.527690274766914345e-05
6.387193596798398687e+01 1.524804423797192014e-05
6.391195597798899541e+01 1.521926966810237388e-05
6.395197598799399685e+01 1.519057870355502365e-05
6.399199599799899829e+01 1.516197101153634871e-05
6.403201600800400684e+01 1.513344626095402455e-05
6.407203601800900117e+01 1.510500412240622825e-05
6.411205602801400971e+01 1.507664426817094550e-05
6.415207603801900405e+01 1.504836637219551149e-05
6.419209604802401259e+01 1.502017011008605345e-05
6.423211605802900692e+01 1.499205515909718736e-05
6.427213606803401547e+01 1.496402119812162655e-05
6.431215607803902401e+01 1.493606790768000713e-05
6.435217608804401834e+01 1.490819496991070665e-05
6.439219609804902689e+01 1.488040206855973733e-05
6.443221610805402122e+01 1.485268888897077815e-05
6.447223611805902976e+01 1.482505511807520697e-05
6.451225612806402410e+01 1.479750044438228515e-05
6.455227613806903264e+01 1.477002455796929969e-05
6.459229614807404118e+01 1.474262715047193088e-05
6.463231615807903552e+01 1.471530791507456386e-05
6.467233616808404406e+01 1.468806654650068161e-05
6.471235617808903839e+01 1.466090274100347642e-05
6.475237618809404694e+01 1.463381619635628859e-05
6.479239619809904127e+01 1.460680661184334328e-05
6.483241620810404982e+01 1.457987368825039755e-05
6.487243621810905836e+01 1.455301712785554671e-05
6.491245622811405269e+01 1.452623663442008647e-05
6.495247623811906124e+01 1.449953191317934131e-05
6.499249624812405557e+01 1.447290267083376048e-05
6.503251625812906411e+01 1.444634861553984960e-05
6.507253626813405845e+01 1.441986945690137006e-05
6.511255627813906699e+01 1.439346490596042311e-05
6.515257628814407553e+01 1.436713467518877119e-05
6.519259629814906987e+01 1.434087847847910159e-05
6.523261630815407841e+01 1.431469603113635794e-05
6.527263631815907274e+01 1.428858704986924280e-05
6.531265632816408129e+01 1.426255125278162869e-05
6.535267633816907562e+01 1.423658835936418436e-05
6.539269634817408416e+01 1.421069809048590109e-05
6.543271635817909271e+01 1.418488016838582899e-05
6.547273636818408704e+01 1.415913431666482352e-05
6.551275637818909559e+01 1.413346026027724968e-05
6.555277638819408992e+01 1.410785772552292502e-05
6.559279639819909846e+01 1.408232644003896947e-05
6.563281640820410701e+01 1.405686613279182123e-05
6.567283641820910134e+01 1.403147653406921534e-05
6.571285642821410988e+01 1.400615737547228430e-05
6.575287643821910422e+01 1.398090838990772126e-05
6.579289644822411276e+01 1.395572931157992130e-05
6.583291645822910709e+01 1.393061987598329204e-05
6.587293646823411564e+01 1.390557981989450328e-05
6.591295647823912418e+01 1.388060888136489084e-05
6.595297648824411851e+01 1.385570679971286373e-05
6.599299649824912706e+01 1.383087331551633506e-05
6.603301650825412139e+01 1.380610817060529867e-05
6.607303651825912993e+01 1.378141110805435998e-05
6.611305652826412427e+01 1.375678187217539896e-05
6.615307653826913281e+01 1.373222020851020271e-05
6.619309654827414136e+01 1.370772586382326898e-05
6.623311655827913569e+01 1.368329858609451160e-05
6.627313656828414423e+01 1.365893812451213858e-05
6.631315657828913857e+01 1.363464422946552349e-05
6.635317658829414711e+01 1.361041665253813952e-05
6.639319659829914144e+01 1.358625514650055113e-05
6.643321660830414999e+01 1.356215946530342431e-05
6.647323661830915853e+01 1.353812936407062839e-05
6.651325662831415286e+01 1.351416459909237502e-05
6.655327663831916141e+01 1.349026492781835048e-05
6.659329664832415574e+01 1.346643010885098848e-05
6.663331665832916428e+01 1.344265990193871937e-05
6.667333666833415862e+01 1.341895406796930227e-05
6.671335667833916716e+01 1.339531236896314874e-05
6.675337668834417570e+01 1.337173456806680914e-05
6.679339669834917004e+01 1.334822042954637928e-05
6.683341670835417858e+01 1.332476971878097490e-05
6.687343671835917291e+01 1.330138220225636877e-05
6.691345672836418146e+01 1.327805764755848204e-05
6.695347673836917579e+01 1.325479582336710272e-05
6.699349674837418434e+01 1.323159649944950406e-05
6.703351675837919288e+01 1.320845944665421553e-05
6.707353676838418721e+01 1.318538443690477336e-05
6.711355677838919576e+01 1.316237124319349149e-05
6.715357678839419009e+01 1.313941963957538664e-05
6.719359679839919863e+01 1.311652940116200176e-05
6.723361680840420718e+01 1.309370030411540563e-05
6.727363681840920151e+01 1.307093212564213318e-05
6.731365682841421005e+01 1.304822464398716819e-05
6.735367683841920439e+01 1.302557763842811062e-05
6.739369684842421293e+01 1.300299088926915080e-05
6.743371685842920726e+01 1.298046417783532317e-05
6.747373686843421581e+01 1.295799728646657366e-05
6.751375687843922435e+01 1.293558999851208796e-05
6.755377688844421868e+01 1.291324209832448426e-05
6.759379689844922723e+01 1.289095337125411608e-05
6.763381690845422156e+01 1.286872360364342432e-05
6.767383691845923011e+01 1.284655258282130782e-05
6.771385692846422444e+01 1.282444009709755327e-05
6.775387693846923298e+01 1.280238593575722621e-05
6.779389694847424153e+01 1.278038988905523472e-05
6.783391695847923586e+01 1.275845174821081527e-05
6.787393696848424440e+01 1.273657130540207102e-05
6.791395697848923874e+01 1.271474835376063216e-05
6.795397698849424728e+01 1.269298268736622300e-05
6.799399699849924161e+01 1.267127410124139178e-05
6.803401700850425016e+01 1.264962239134616584e-05
6.807403701850925870e+01 1.262802735457282886e-05
6.811405702851425303e+01 1.260648878874069125e-05
6.815407703851926158e+01 1.258500649259087244e-05
6.819409704852425591e+01 1.256358026578119495e-05
6.823411705852926445e+01 1.254220990888101412e-05
6.827413706853425879e+01 1.252089522336617656e-05
6.831415707853926733e+01 1.249963601161393627e-05
6.835417708854427588e+01 1.247843207689795374e-05
6.839419709854927021e+01 1.245728322338332217e-05
6.843421710855427875e+01 1.243618925612155815e-05
6.847423711855927309e+01 1.241514998104577184e-05
6.851425712856428163e+01 1.239416520496568812e-05
6.855427713856927596e+01 1.237323473556286258e-05
6.859429714857428451e+01 1.235235838138582457e-05
6.863431715857929305e+01 1.233153595184529323e-05
6.867433716858428738e+01 1.231076725720941371e-05
6.871435717858929593e+01 1.229005210859904096e-05
6.875437718859429026e+01 1.226939031798303862e-05
6.879439719859929880e+01 1.224878169817358314e-05
6.883441720860429314e+01 1.222822606282159990e-05
6.887443721860930168e+01 1.220772322641206226e-05
6.891445722861431022e+01 1.218727300425949711e-05
6.895447723861930456e+01 1.216687521250342281e-05
6.899449724862431310e+01 1.214652966810377014e-05
6.903451725862930743e+01 1.212623618883649970e-05
6.907453726863431598e+01 1.210599459328903981e-05
6.911455727863932452e+01 1.208580470085594466e-05
6.915457728864431886e+01 1.206566633173446258e-05
6.919459729864932740e+01 1.204557930692012472e-05
6.923461730865432173e+01 1.202554344820247598e-05
6.927463731865933028e+01 1.200555857816070096e-05
6.931465732866432461e+01 1.198562452015937695e-05
6.935467733866933315e+01 1.196574109834418279e-05
6.939469734867434170e+01 1.194590813763769598e-05
6.943471735867933603e+01 1.192612546373517439e-05
6.947473736868434457e+01 1.190639290310036687e-05
6.951475737868933891e+01 1.188671028296139327e-05
6.955477738869434745e+01 1.186707743130660076e-05
6.959479739869934178e+01 1.184749417688046249e-05
6.963481740870435033e+01 1.182796034917951522e-05
6.967483741870935887e+01 1.180847577844832068e-05
6.971485742871435320e+01 1.178904029567544723e-05
6.975487743871936175e+01 1.176965373258944645e-05
6.979489744872435608e+01 1.175031592165492801e-05
6.983491745872936463e+01 1.173102669606858877e-05
6.987493746873435896e+01 1.171178588975531134e-05
6.991495747873936750e+01 1.169259333736425757e-05
6.995497748874437605e+01 1.167344887426499591e-05
6.999499749874937038e+01 1.165435233654371348e-05
7.003501750875437892e+01 1.163530356099931127e-05
7.007503751875937326e+01 1.161630238513966698e-05
7.011505752876438180e+01 1.159734864717785392e-05
7.015507753876937613e+01 1.157844218602839202e-05
7.019509754877438468e+01 1.155958284130350900e-05
7.023511755877939322e+01 1.154077045330947786e-05
7.027513756878438755e+01 1.152200486304291866e-05
7.031515757878939610e+01 1.150328591218710892e-05
7.035517758879439043e+01 1.148461344310844126e-05
7.039519759879939897e+01 1.146598729885272530e-05
7.043521760880439331e+01 1.144740732314167247e-05
7.047523761880940185e+01 1.142887336036927237e-05
7.051525762881441040e+01 1.141038525559831827e-05
7.055527763881940473e+01 1.139194285455684619e-05
7.059529764882441327e+01 1.137354600363462815e-05
7.063531765882940761e+01 1.135519454987975696e-05
7.067533766883441615e+01 1.133688834099512256e-05
7.071535767883942469e+01 1.131862722533504421e-05
7.075537768884441903e+01 1.130041105190181629e-05
7.079539769884942757e+01 1.128223967034233204e-05
7.083541770885442190e+01 1.126411293094475638e-05
7.087543771885943045e+01 1.124603068463509716e-05
7.091545772886442478e+01 1.122799278297396102e-05
7.095547773886943332e+01 1.120999907815320589e-05
7.099549774887444187e+01 1.119204942299266467e-05
7.103551775887943620e+01 1.117414367093689266e-05
7.107553776888444474e+01 1.115628167605190474e-05
7.111555777888943908e+01 1.113846329302197193e-05
7.115557778889444762e+01 1.112068837714637891e-05
7.119559779889944195e+01 1.110295678433631547e-05
7.123561780890445050e+01 1.108526837111161705e-05
7.127563781890945904e+01 1.106762299459769853e-05
7.131565782891445338e+01 1.105002051252239312e-05
7.135567783891946192e+01 1.103246078321282844e-05
7.139569784892445625e+01 1.101494366559239079e-05
7.143571785892946480e+01 1.099746901917759624e-05
7.147573786893445913e+01 1.098003670407509716e-05
7.151575787893946767e+01 1.096264658097859735e-05
7.155577788894447622e+01 1.094529851116588404e-05
7.159579789894947055e+01 1.092799235649582771e-05
7.163581790895447909e+01 1.091072797940534968e-05
7.167583791895947343e+01 1.089350524290655917e-05
7.171585792896448197e+01 1.087632401058372091e-05
7.175587793896947630e+01 1.085918414659040909e-05
7.179589794897448485e+01 1.084208551564652585e-05
7.183591795897949339e+01 1.082502798303549924e-05
7.187593796898448772e+01 1.080801141460135423e-05
7.191595797898949627e+01 1.079103567674586156e-05
7.195597798899449060e+01 1.077410063642574764e-05
7.199599799899949915e+01 1.075720616114981632e-05
7.203601800900449348e+01 1.074035211897620448e-05
7.207603801900950202e+01 1.072353837850955808e-05
7.211605802901451057e+01 1.070676480889828940e-05
7.215607803901950490e+01 1.069003127983182426e-05
7.219609804902451344e+01 1.067333766153783551e-05
7.223611805902950778e+01 1.065668382477957667e-05
7.227613806903451632e+01 1.064006964085313749e-05
7.231615807903951065e+01 1.062349498158479273e-05
7.235617808904451920e+01 1.060695971932830186e-05
7.239619809904952774e+01 1.059046372696227474e-05
7.243621810905452207e+01 1.057400687788755264e-05
7.247623811905953062e+01 1.055758904602451632e-05
7.251625812906452495e+01 1.054121010581059411e-05
7.255627813906953349e+01 1.052486993219753952e-05
7.259629814907454204e+01 1.050856840064896128e-05
7.263631815907953637e+01 1.049230538713773482e-05
7.267633816908454492e+01 1.047608076814340868e-05
7.271635817908953925e+01 1.045989442064975822e-05
7.275637818909454779e+01 1.044374622214218869e-05
7.279639819909954213e+01 1.042763605060531433e-05
7.283641820910455067e+01 1.041156378452039703e-05
7.287643821910955921e+01 1.039552930286293221e-05
7.291645822911455355e+01 1.037953248510018737e-05
7.295647823911956209e+01 1.036357321118871692e-05
7.299649824912455642e+01 1.034765136157199892e-05
7.303651825912956497e+01 1.033176681717796684e-05
7.307653826913455930e+01 1.031591945941665991e-05
7.311655827913956784e+01 1.030010917017778532e-05
7.315657828914457639e+01 1.028433583182840246e-05
7.319659829914957072e+01 1.026859932721053938e-05
7.323661830915457926e+01 1.025289953963883801e-05
7.327663831915957360e+01 1.023723635289825361e-05
7.331665832916458214e+01 1.022160965124171701e-05
7.335667833916957647e+01 1.020601931938787129e-05
7.339669834917458502e+01 1.019046524251870858e-05
7.343671835917959356e+01 1.017494730627738810e-05
7.347673836918458790e+01 1.015946539676590512e-05
7.351675837918959644e+01 1.014401940054286326e-05
7.355677838919459077e+01 1.012860920462126037e-05
7.359679839919959932e+01 1.011323469646622353e-05
7.363681840920459365e+01 1.009789576399285592e-05
7.367683841920960219e+01 1.008259229556398030e-05
7.371685842921461074e+01 1.006732417998800283e-05
7.375687843921960507e+01 1.005209130651671920e-05
7.379689844922461361e+01 1.003689356484314458e-05
7.383691845922960795e+01 1.002173084509940788e-05
7.387693846923461649e+01 1.000660303785456640e-05
7.391695847923961082e+01 9.991510034112539070e-06
7.395697848924461937e+01 9.976451725309936356e-06
7.399699849924962791e+01 9.961428003314025685e-06
7.403701850925462224e+01 9.946438760420603701e-06
7.407703851925963079e+01 9.931483889351926111e-06
7.411705852926462512e+01 9.916563283254676507e-06
7.415707853926963367e+01 9.901676835697875880e-06
7.419709854927464221e+01 9.886824440670876853e-06
7.423711855927963654e+01 9.872005992581339272e-06
7.427713856928464509e+01 9.857221386253171912e-06
7.431715857928963942e+01 9.842470516924589383e-06
7.435717858929464796e+01 9.827753280246065705e-06
7.439719859929964230e+01 9.813069572278416619e-06
7.443721860930465084e+01 9.798419289490756546e-06
7.447723861930965938e+01 9.783802328758597845e-06
7.451725862931465372e+01 9.769218587361890778e-06
7.455727863931966226e+01 9.754667962983068559e-06
7.459729864932465659e+01 9.740150353705155081e-06
7.463731865932966514e+01 9.725665658009806578e-06
7.467733866933465947e+01 9.711213774775466785e-06
7.471735867933966802e+01 9.696794603275413682e-06
7.475737868934467656e+01 9.682408043175936676e-06
7.479739869934967089e+01 9.668053994534425699e-06
7.483741870935467944e+01 9.653732357797509427e-06
7.487743871935967377e+01 9.639443033799246016e-06
7.491745872936468231e+01 9.625185923759235917e-06
7.495747873936967665e+01 9.610960929280827855e-06
7.499749874937468519e+01 9.596767952349275692e-06
7.503751875937969373e+01 9.582606895329951179e-06
7.507753876938468807e+01 9.568477660966536396e-06
7.511755877938969661e+01 9.554380152379221260e-06
7.515757878939469094e+01 9.540314273062967110e-06
7.519759879939969949e+01 9.526279926885673728e-06
7.523761880940469382e+01 9.512277018086498823e-06
7.527763881940970236e+01 9.498305451274033527e-06
7.531765882941471091e+01 9.484365131424616794e-06
7.535767883941970524e+01 9.470455963880602374e-06
7.539769884942471379e+01 9.456577854348596982e-06
7.543771885942970812e+01 9.442730708897798423e-06
7.547773886943471666e+01 9.428914433958272723e-06
7.551775887943971100e+01 9.415128936319271924e-06
7.555777888944471954e+01 9.401374123127543406e-06
7.559779889944972808e+01 9.387649901885656149e-06
7.563781890945472242e+01 9.373956180450371042e-06
7.567783891945973096e+01 9.360292867030921407e-06
7.571785892946472529e+01 9.346659870187439209e-06
7.575787893946973384e+01 9.333057098829276242e-06
7.579789894947472817e+01 9.319484462213398148e-06
7.583791895947973671e+01 9.305941869942736095e-06
7.587793896948474526e+01 9.292429231964628237e-06
7.591795897948973959e+01 9.278946458569193407e-06
7.595797898949474813e+01 9.265493460387721759e-06
7.599799899949974247e+01 9.252070148391109447e-06
7.603801900950475101e+01 9.238676433888305168e-06
7.607803901950975956e+01 9.225312228524724519e-06
7.611805902951475389e+01 9.211977444280689757e-06
7.615807903951976243e+01 9.198671993469881427e-06
7.619809904952475677e+01 9.185395788737828949e-06
7.623811905952976531e+01 9.172148743060338523e-06
7.627813906953475964e+01 9.158930769742002352e-06
7.631815907953976819e+01 9.145741782414665511e-06
7.635817908954477673e+01 9.132581695035928395e-06
7.639819909954977106e+01 9.119450421887654248e-06
7.643821910955477961e+01 9.106347877574469908e-06
7.647823911955977394e+01 9.093273977022283509e-06
7.651825912956478248e+01 9.080228635476820799e-06
7.655827913956977682e+01 9.067211768502161473e-06
7.659829914957478536e+01 9.054223291979256863e-06
7.663831915957979390e+01 9.041263122104522171e-06
7.667833916958478824e+01 9.028331175388360934e-06
7.671835917958979678e+01 9.015427368653731847e-06
7.675837918959479111e+01 9.002551619034757937e-06
7.679839919959979966e+01 8.989703843975262884e-06
7.683841920960479399e+01 8.976883961227397139e-06
7.687843921960980254e+01 8.964091888850201354e-06
7.691845922961481108e+01 8.951327545208237577e-06
7.695847923961980541e+01 8.938590848970203505e-06
7.699849924962481396e+01 8.925881719107524719e-06
7.703851925962980829e+01 8.913200074893006200e-06
7.707853926963481683e+01 8.900545835899449981e-06
7.711855927963981117e+01 8.887918921998321910e-06
7.715857928964481971e+01 8.875319253358364212e-06
7.719859929964982825e+01 8.862746750444284283e-06
7.723861930965482259e+01 8.850201334015409601e-06
7.727863931965983113e+01 8.837682925124332471e-06
7.731865932966482546e+01 8.825191445115634399e-06
7.735867933966983401e+01 8.812726815624525751e-06
7.739869934967482834e+01 8.800288958575571820e-06
7.743871935967983688e+01 8.787877796181362981e-06
7.747873936968484543e+01 8.775493250941249226e-06
7.751875937968983976e+01 8.763135245640030650e-06
7.755877938969484831e+01 8.750803703346671654e-06
7.759879939969984264e+01 8.738498547413065974e-06
7.763881940970485118e+01 8.726219701472711919e-06
7.767883941970985973e+01 8.713967089439506196e-06
7.771885942971485406e+01 8.701740635506469975e-06
7.775887943971986260e+01 8.689540264144469866e-06
7.779889944972485694e+01 8.677365900101032073e-06
7.783891945972986548e+01 8.665217468399071850e-06
7.787893946973485981e+01 8.653094894335689011e-06
7.791895947973986836e+01 8.640998103480919412e-06
7.795897948974487690e+01 8.628927021676540630e-06
7.799899949974987123e+01 8.616881575034865789e-06
7.803901950975487978e+01 8.604861689937530608e-06
7.807903951975987411e+01 8.592867293034297393e-06
7.811905952976488265e+01 8.580898311241887824e-06
7.815907953976987699e+01 8.568954671742766614e-06
7.819909954977488553e+01 8.557036301983981076e-06
7.823911955977989408e+01 8.545143129676004078e-06
7.827913956978488841e+01 8.533275082791551579e-06
7.831915957978989695e+01 8.521432089564425587e-06
7.835917958979489129e+01 8.509614078488372357e-06
7.839919959979989983e+01 8.497820978315916875e-06
7.843921960980489416e+01 8.486052718057249855e-06
7.847923961980990271e+01 8.474309226979068996e-06
7.851925962981491125e+01 8.462590434603467680e-06
7.855927963981990558e+01 8.450896270706806721e-06
7.859929964982491413e+01 8.439226665318582727e-06
7.863931965982990846e+01 8.427581548720343904e-06
7.867933966983491700e+01 8.415960851444558412e-06
7.871935967983991134e+01 8.404364504273552193e-06
7.875937968984491988e+01 8.392792438238363777e-06
7.879939969984992842e+01 8.381244584617704129e-06
7.883941970985492276e+01 8.369720874936843646e-06
7.887943971985993130e+01 8.358221240966539814e-06
7.891945972986492563e+01 8.346745614721995358e-06
7.895947973986993418e+01 8.335293928461740156e-06
7.899949974987492851e+01 8.323866114686628354e-06
7.903951975987993706e+01 8.312462106138721979e-06
7.907953976988494560e+01 8.301081835800306680e-06
7.911955977988993993e+01 8.289725236892802452e-06
7.915957978989494848e+01 8.278392242875735329e-06
7.919959979989994281e+01 8.267082787445712483e-06
7.923961980990495135e+01 8.255796804535388836e-06
7.927963981990994569e+01 8.244534228312440464e-06
7.931965982991495423e+01 8.233294993178551536e-06
7.935967983991996277e+01 8.222079033768419908e-06
7.939969984992495711e+01 8.210886284948710180e-06
7.943971985992996565e+01 8.199716681817081310e-06
7.947973986993495998e+01 8.188570159701185418e-06
7.951975987993996853e+01 8.177446654157675062e-06
7.955977988994497707e+01 8.166346100971207130e-06
7.959979989994997140e+01 8.155268436153478915e-06
7.963981990995497995e+01 8.144213595942235393e-06
7.967983991995997428e+01 8.133181516800303603e-06
7.971985992996498283e+01 8.122172135414628728e-06
7.975987993996997716e+01 8.111185388695316945e-06
7.979989994997498570e+01 8.100221213774651171e-06
7.983991995997999425e+01 8.089279548006179661e-06
7.987993996998498858e+01 8.078360328963746996e-06
7.991995997998999712e+01 8.067463494440538634e-06
7.995997998999499146e+01 8.056588982448174583e-06
8.000000000000000000e+01 8.045736731215747173e-06
