0.000000000000000000e+00 6.958606833080838573e-07
4.002001000500250011e-02 6.997015285017765834e-07
8.004002001000500022e-02 7.035750652724537553e-07
1.200600300150075073e-01 7.074816712928394130e-07
1.600800400200100004e-01 7.114217297557137154e-07
2.001000500250124936e-01 7.153956294715973327e-07
2.401200600300150145e-01 7.194037649684598238e-07
2.801400700350175077e-01 7.234465365935108681e-07
3.201600800400200009e-01 7.275243506171221022e-07
3.601800900450224940e-01 7.316376193389257260e-07
4.002001000500249872e-01 7.357867611961512869e-07
4.402201100550274804e-01 7.399722008742452186e-07
4.802401200600300291e-01 7.441943694198381422e-07
5.202601300650324667e-01 7.484537043561074721e-07
5.602801400700350154e-01 7.527506498006027691e-07
6.003001500750374531e-01 7.570856565855876288e-07
6.403201600800400017e-01 7.614591823809632203e-07
6.803401700850425504e-01 7.658716918198355214e-07
7.203601800900449881e-01 7.703236566267957047e-07
7.603801900950475368e-01 7.748155557489742408e-07
8.004002001000499744e-01 7.793478754899421951e-07
8.404202101050525231e-01 7.839211096465320370e-07
8.804402201100549608e-01 7.885357596486468859e-07
9.204602301150575094e-01 7.931923347021387703e-07
9.604802401200600581e-01 7.978913519348252491e-07
1.000500250125062607e+00 8.026333365457337583e-07
1.040520260130064933e+00 8.074188219576489629e-07
1.080540270135067482e+00 8.122483499730450632e-07
1.120560280140070031e+00 8.171224709335032194e-07
1.160580290145072579e+00 8.220417438826812197e-07
1.200600300150074906e+00 8.270067367329494250e-07
1.240620310155077455e+00 8.320180264357725055e-07
1.280640320160080003e+00 8.370761991559397761e-07
1.320660330165082552e+00 8.421818504497437657e-07
1.360680340170085101e+00 8.473355854472092968e-07
1.400700350175087427e+00 8.525380190384788506e-07
1.440720360180089976e+00 8.577897760644640131e-07
1.480740370185092525e+00 8.630914915118751293e-07
1.520760380190095074e+00 8.684438107127452072e-07
1.560780390195097400e+00 8.738473895485642235e-07
1.600800400200099949e+00 8.793028946591520481e-07
1.640820410205102498e+00 8.848110036563938677e-07
1.680840420210105046e+00 8.903724053429633629e-07
1.720860430215107595e+00 8.959877999361774223e-07
1.760880440220109922e+00 9.016578992971126258e-07
1.800900450225112470e+00 9.073834271651315150e-07
1.840920460230115019e+00 9.131651193979602121e-07
1.880940470235117568e+00 9.190037242174736641e-07
1.920960480240120116e+00 9.249000024613426730e-07
1.960980490245122443e+00 9.308547278406997302e-07
2.001000500250125214e+00 9.368686872040017436e-07
2.041020510255127540e+00 9.429426808072422302e-07
2.081040520260129867e+00 9.490775225907046142e-07
2.121060530265132638e+00 9.552740404624366261e-07
2.161080540270134964e+00 9.615330765886241021e-07
2.201100550275137291e+00 9.678554876910667323e-07
2.241120560280140062e+00 9.742421453519549145e-07
2.281140570285142388e+00 9.806939363261517432e-07
2.321160580290145159e+00 9.872117628611863876e-07
2.361180590295147486e+00 9.937965430251970844e-07
2.401200600300149812e+00 1.000449211043030635e-06
2.441220610305152583e+00 1.007170717640740447e-06
2.481240620310154910e+00 1.013962030398728544e-06
2.521260630315157680e+00 1.020824134113776767e-06
2.561280640320160007e+00 1.027758031170221055e-06
2.601300650325162334e+00 1.034764741920547918e-06
2.641320660330165104e+00 1.041845305075668250e-06
2.681340670335167431e+00 1.049000778105176187e-06
2.721360680340170202e+00 1.056232237647864258e-06
2.761380690345172528e+00 1.063540779932809724e-06
2.801400700350174855e+00 1.070927521211351848e-06
2.841420710355177626e+00 1.078393598200266103e-06
2.881440720360179952e+00 1.085940168536484062e-06
2.921460730365182723e+00 1.093568411243700138e-06
2.961480740370185050e+00 1.101279527211227045e-06
3.001500750375187376e+00 1.109074739685467186e-06
3.041520760380190147e+00 1.116955294774376677e-06
3.081540770385192474e+00 1.124922461965335363e-06
3.121560780390194800e+00 1.132977534656810761e-06
3.161580790395197571e+00 1.141121830704260632e-06
3.201600800400199898e+00 1.149356692980696421e-06
3.241620810405202668e+00 1.157683489952373648e-06
3.281640820410204995e+00 1.166103616270069607e-06
3.321660830415207322e+00 1.174618493376444740e-06
3.361680840420210092e+00 1.183229570129980028e-06
3.401700850425212419e+00 1.191938323446026344e-06
3.441720860430215190e+00 1.200746258955491156e-06
3.481740870435217516e+00 1.209654911681735589e-06
3.521760880440219843e+00 1.218665846736251691e-06
3.561780890445222614e+00 1.227780660033724258e-06
3.601800900450224940e+00 1.237000979027107625e-06
3.641820910455227711e+00 1.246328463463342746e-06
3.681840920460230038e+00 1.255764806160409756e-06
3.721860930465232364e+00 1.265311733806386674e-06
3.761880940470235135e+00 1.274971007781247962e-06
3.801900950475237462e+00 1.284744425002139036e-06
3.841920960480240232e+00 1.294633818792910638e-06
3.881940970485242559e+00 1.304641059778705067e-06
3.921960980490244886e+00 1.314768056806431325e-06
3.961980990495247656e+00 1.325016757891997193e-06
4.002001000500250427e+00 1.335389151195189517e-06
4.042021010505252754e+00 1.345887266023128736e-06
4.082041020510255080e+00 1.356513173863284635e-06
4.122061030515257407e+00 1.367268989447027222e-06
4.162081040520259734e+00 1.378156871844783154e-06
4.202101050525262949e+00 1.389179025593856930e-06
4.242121060530265275e+00 1.400337701860057379e-06
4.282141070535267602e+00 1.411635199634298354e-06
4.322161080540269928e+00 1.423073866965370695e-06
4.362181090545272255e+00 1.434656102230171679e-06
4.402201100550274582e+00 1.446384355442678828e-06
4.442221110555277797e+00 1.458261129603067555e-06
4.482241120560280123e+00 1.470288982088345515e-06
4.522261130565282450e+00 1.482470526086029128e-06
4.562281140570284776e+00 1.494808432072358589e-06
4.602301150575287103e+00 1.507305429336673207e-06
4.642321160580290318e+00 1.519964307553600901e-06
4.682341170585292645e+00 1.532787918404794260e-06
4.722361180590294971e+00 1.545779177252019454e-06
4.762381190595297298e+00 1.558941064863471213e-06
4.802401200600299624e+00 1.572276629195274547e-06
4.842421210605302839e+00 1.585788987230195278e-06
4.882441220610305166e+00 1.599481326875707678e-06
4.922461230615307493e+00 1.613356908923609222e-06
4.962481240620309819e+00 1.627419069073489963e-06
5.002501250625312146e+00 1.641671220022476536e-06
5.042521260630315361e+00 1.656116853623737012e-06
5.082541270635317687e+00 1.670759543116374965e-06
5.122561280640320014e+00 1.685602945429434264e-06
5.162581290645322341e+00 1.700650803562867607e-06
5.202601300650324667e+00 1.715906949048418800e-06
5.242621310655327882e+00 1.731375304493557464e-06
5.282641320660330209e+00 1.747059886211653984e-06
5.322661330665332535e+00 1.762964806941827497e-06
5.362681340670334862e+00 1.779094278661957557e-06
5.402701350675337189e+00 1.795452615498572232e-06
5.442721360680340403e+00 1.812044236737466197e-06
5.482741370685342730e+00 1.828873669939068013e-06
5.522761380690345057e+00 1.845945554162793434e-06
5.562781390695347383e+00 1.863264643304771538e-06
5.602801400700349710e+00 1.880835809553567626e-06
5.642821410705352925e+00 1.898664046968722513e-06
5.682841420710355251e+00 1.916754475187159277e-06
5.722861430715357578e+00 1.935112343262739347e-06
5.762881440720359905e+00 1.953743033644512201e-06
5.802901450725362231e+00 1.972652066299441131e-06
5.842921460730365446e+00 1.991845102985691452e-06
5.882941470735367773e+00 2.011327951682828388e-06
5.922961480740370099e+00 2.031106571185608778e-06
5.962981490745372426e+00 2.051187075868365224e-06
6.003001500750374753e+00 2.071575740627279014e-06
6.043021510755377079e+00 2.092279006008279045e-06
6.083041520760380294e+00 2.113303483528618637e-06
6.123061530765382621e+00 2.134655961200586605e-06
6.163081540770384947e+00 2.156343409266286647e-06
6.203101550775387274e+00 2.178372986152779144e-06
6.243121560780389601e+00 2.200752044657432946e-06
6.283141570785392815e+00 2.223488138373776934e-06
6.323161580790395142e+00 2.246589028368703936e-06
6.363181590795397469e+00 2.270062690122397588e-06
6.403201600800399795e+00 2.293917320742996876e-06
6.443221610805402122e+00 2.318161346468573398e-06
6.483241620810405337e+00 2.342803430469720205e-06
6.523261630815407663e+00 2.367852480966672341e-06
6.563281640820409990e+00 2.393317659675734746e-06
6.603301650825412317e+00 2.419208390600435191e-06
6.643321660830414643e+00 2.445534369183786431e-06
6.683341670835417858e+00 2.472305571838821401e-06
6.723361680840420185e+00 2.499532265875579228e-06
6.763381690845422511e+00 2.527225019843657457e-06
6.803401700850424838e+00 2.555394714310532669e-06
6.843421710855427165e+00 2.584052553096957430e-06
6.883441720860430380e+00 2.613210074991967209e-06
6.923461730865432706e+00 2.642879165971215019e-06
6.963481740870435033e+00 2.673072071943816932e-06
7.003501750875437359e+00 2.703801412054220582e-06
7.043521760880439686e+00 2.735080192567194450e-06
7.083541770885442901e+00 2.766921821365627269e-06
7.123561780890445227e+00 2.799340123092592131e-06
7.163581790895447554e+00 2.832349354970947581e-06
7.203601800900449881e+00 2.865964223335711862e-06
7.243621810905452207e+00 2.900199900916578850e-06
7.283641820910455422e+00 2.935072044910151606e-06
7.323661830915457749e+00 2.970596815883853442e-06
7.363681840920460075e+00 3.006790897556103882e-06
7.403701850925462402e+00 3.043671517499957055e-06
7.443721860930464729e+00 3.081256468820451038e-06
7.483741870935467944e+00 3.119564132858927907e-06
7.523761880940470270e+00 3.158613502981030367e-06
7.563781890945472597e+00 3.198424209508571066e-06
7.603801900950474923e+00 3.239016545859393291e-06
7.643821910955477250e+00 3.280411495963379117e-06
7.683841920960480465e+00 3.322630763027255888e-06
7.723861930965482792e+00 3.365696799725514799e-06
7.763881940970485118e+00 3.409632839899924802e-06
7.803901950975487445e+00 3.454462931855505416e-06
7.843921960980489771e+00 3.500211973346801213e-06
7.883941970985492098e+00 3.546905748354518833e-06
7.923961980990495313e+00 3.594570965759520348e-06
7.963981990995497640e+00 3.643235300028379258e-06
8.004002001000500854e+00 3.692927434032711172e-06
8.044022011005502293e+00 3.743677104132950926e-06
8.084042021010505508e+00 3.795515147666509805e-06
8.124062031015506946e+00 3.848473552990101329e-06
8.164082041020510161e+00 3.902585512236874120e-06
8.204102051025513376e+00 3.957885476960490556e-06
8.244122061030514814e+00 4.014409216850924667e-06
8.284142071035518029e+00 4.072193881720387004e-06
8.324162081040519467e+00 4.131278066972378999e-06
8.364182091045522682e+00 4.191701882783108090e-06
8.404202101050525897e+00 4.253507027241627363e-06
8.444222111055527336e+00 4.316736863714039559e-06
8.484242121060530550e+00 4.381436502717577250e-06
8.524262131065531989e+00 4.447652888612585226e-06
8.564282141070535204e+00 4.515434891444838452e-06
8.604302151075536642e+00 4.584833404296893698e-06
8.644322161080539857e+00 4.655901446536177916e-06
8.684342171085543072e+00 4.728694273378820254e-06
8.724362181090544510e+00 4.803269492222735049e-06
8.764382191095547725e+00 4.879687186241073146e-06
8.804402201100549163e+00 4.958010045768058688e-06
8.844422211105552378e+00 5.038303508054684577e-06
8.884442221110555593e+00 5.120635906020744007e-06
8.924462231115557032e+00 5.205078626684171922e-06
8.964482241120560246e+00 5.291706280008247984e-06
9.004502251125561685e+00 5.380596878972414678e-06
9.044522261130564900e+00 5.471832031745131183e-06
9.084542271135568114e+00 5.565497146916149072e-06
9.124562281140569553e+00 5.661681652833630638e-06
9.164582291145572768e+00 5.760479232188366783e-06
9.204602301150574206e+00 5.861988073094252944e-06
9.244622311155577421e+00 5.966311138033047321e-06
9.284642321160580636e+00 6.073556452162702925e-06
9.324662331165582074e+00 6.183837412634455377e-06
9.364682341170585289e+00 6.297273120725902732e-06
9.404702351175586728e+00 6.413988738777615564e-06
9.444722361180589942e+00 6.534115874121786003e-06
9.484742371185593157e+00 6.657792992415143563e-06
9.524762381190594596e+00 6.785165863039079774e-06
9.564782391195597810e+00 6.916388039509523235e-06
9.604802401200599249e+00 7.051621378152773197e-06
9.644822411205602464e+00 7.191036598655557170e-06
9.684842421210605679e+00 7.334813890492456322e-06
9.724862431215607117e+00 7.483143569679100567e-06
9.764882441220610332e+00 7.636226790800704298e-06
9.804902451225611770e+00 7.794276319831501147e-06
9.844922461230614985e+00 7.957517373901111621e-06
9.884942471235618200e+00 8.126188534888657342e-06
9.924962481240619638e+00 8.300542744548868482e-06
9.964982491245622853e+00 8.480848389809727349e-06
1.000500250125062429e+01 8.667390487947085456e-06
1.004502251125562751e+01 8.860471982558462719e-06
1.008504252126063072e+01 9.060415162648413300e-06
1.012506253126563216e+01 9.267563218732414340e-06
1.016508254127063537e+01 9.482281951695855461e-06
1.020510255127563681e+01 9.704961652250939077e-06
1.024512256128064003e+01 9.936019171263190514e-06
1.028514257128564324e+01 1.017590020402673210e-05
1.032516258129064468e+01 1.042508181482084081e-05
1.036518259129564790e+01 1.068407523185863513e-05
1.040520260130064933e+01 1.095342894713847474e-05
1.044522261130565255e+01 1.123373216084490212e-05
1.048524262131065576e+01 1.152561861595786774e-05
1.052526263131565720e+01 1.182977087578583410e-05
1.056528264132066042e+01 1.214692510544443186e-05
1.060530265132566186e+01 1.247787642810766894e-05
1.064532266133066507e+01 1.282348493847044328e-05
1.068534267133566829e+01 1.318468246965183080e-05
1.072536268134066972e+01 1.356248022620459171e-05
1.076538269134567294e+01 1.395797741554655557e-05
1.080540270135067438e+01 1.437237103370671440e-05
1.084542271135567759e+01 1.480696698966905975e-05
1.088544272136068081e+01 1.526319278690845948e-05
1.092546273136568225e+01 1.574261202234320466e-05
1.096548274137068546e+01 1.624694101363869487e-05
1.100550275137568690e+01 1.677806792782529188e-05
1.104552276138069011e+01 1.733807486039435475e-05
1.108554277138569333e+01 1.792926340806544753e-05
1.112556278139069477e+01 1.855418439499272610e-05
1.116558279139569798e+01 1.921567255739981561e-05
1.120560280140069942e+01 1.991688717346108895e-05
1.124562281140570263e+01 2.066135985410678326e-05
1.128564282141070585e+01 2.145305100006713136e-05
1.132566283141570729e+01 2.229641679913263704e-05
1.136568284142071050e+01 2.319648910966146322e-05
1.140570285142571194e+01 2.415897118459214626e-05
1.144572286143071516e+01 2.519035297903713058e-05
1.148574287143571837e+01 2.629805081456433605e-05
1.152576288144071981e+01 2.749057752795241503e-05
1.156578289144572302e+01 2.877775102725534857e-05
1.160580290145072446e+01 3.017095157538387263e-05
1.164582291145572768e+01 3.168344134976004407e-05
1.168584292146073089e+01 3.333076421181175333e-05
1.172586293146573233e+01 3.513124963121821618e-05
1.176588294147073555e+01 3.710665302895506211e-05
1.180590295147573698e+01 3.928297643277131569e-05
1.184592296148074020e+01 4.169152976847283507e-05
1.188594297148574341e+01 4.437031657959977164e-05
1.192596298149074485e+01 4.736586188281296058e-05
1.196598299149574807e+01 5.073564946960705649e-05
1.200600300150074951e+01 5.455140942552551937e-05
1.204602301150575272e+01 5.890360683330270517e-05
1.208604302151075416e+01 6.390765008198102698e-05
1.212606303151575737e+01 6.971259494741197332e-05
1.216608304152076059e+01 7.651352212762554960e-05
1.220610305152576203e+01 8.456939789911693090e-05
1.224612306153076524e+01 9.422922909996212740e-05
1.228614307153576668e+01 1.059709107427486490e-04
1.232616308154076989e+01 1.204596446058325040e-04
1.236618309154577311e+01 1.386365127936294776e-04
1.240620310155077455e+01 1.618526642246962495e-04
1.244622311155577776e+01 1.920684561672081109e-04
1.248624312156077920e+01 2.321293448100933735e-04
1.252626313156578242e+01 2.860720594508511512e-04
1.256628314157078563e+01 3.591772293627866507e-04
1.260630315157578707e+01 4.567270523046795556e-04
1.264632316158079028e+01 5.787012656473140837e-04
1.268634317158579172e+01 7.069031230250183862e-04
1.272636318159079494e+01 7.934289830279206684e-04
1.276638319159579815e+01 7.879102247664019525e-04
1.280640320160079959e+01 6.969494582939868375e-04
1.284642321160580281e+01 5.752588898978814452e-04
1.288644322161080424e+01 4.656171348003690391e-04
1.292646323161580746e+01 3.816881027563113083e-04
1.296648324162081067e+01 3.219135452163897283e-04
1.300650325162581211e+01 2.809362760511696839e-04
1.304652326163081533e+01 2.538177881185722882e-04
1.308654327163581677e+01 2.368460247738406958e-04
1.312656328164081998e+01 2.273715126349136603e-04
1.316658329164582319e+01 2.236570999889609757e-04
1.320660330165082463e+01 2.248343292012903690e-04
1.324662331165582785e+01 2.306274609016906055e-04
1.328664332166082929e+01 2.410389598124183786e-04
1.332666333166583250e+01 2.562756580374499237e-04
1.336668334167083572e+01 2.768004233163658535e-04
1.340670335167583715e+01 3.034011892324056962e-04
1.344672336168084037e+01 3.372767030573196791e-04
1.348674337168584181e+01 3.801648345666872432e-04
1.352676338169084502e+01 4.345423732254165565e-04
1.356678339169584824e+01 5.039346111379533304e-04
1.360680340170084968e+01 5.933920718584552619e-04
1.364682341170585289e+01 7.102189240663316821e-04
1.368684342171085433e+01 8.650619225844682165e-04
1.372686343171585754e+01 1.073438388315642788e-03
1.376688344172086076e+01 1.357499744084173909e-03
1.380690345172586220e+01 1.746640035545880517e-03
1.384692346173086541e+01 2.271676936642702451e-03
1.388694347173586685e+01 2.938035011540546162e-03
1.392696348174087007e+01 3.656713900393697338e-03
1.396698349174587328e+01 4.170052388663687652e-03
1.400700350175087472e+01 4.175145693384991682e-03
1.404702351175587793e+01 3.668113291732047997e-03
1.408704352176087937e+01 2.949347529320738449e-03
1.412706353176588259e+01 2.279595111860641989e-03
1.416708354177088580e+01 1.750589294471918732e-03
1.420710355177588724e+01 1.357899709281242548e-03
1.424712356178089045e+01 1.070821172446275154e-03
1.428714357178589189e+01 8.598181483168145997e-04
1.432716358179089511e+01 7.025699530213229925e-04
1.436718359179589832e+01 5.834152362485119613e-04
1.440720360180089976e+01 4.915892887994360383e-04
1.444722361180590298e+01 4.196855011535264917e-04
1.448724362181090441e+01 3.625551359755385282e-04
1.452726363181590763e+01 3.165685147014083746e-04
1.456728364182091084e+01 2.791280262345431445e-04
1.460730365182591228e+01 2.483472150829454310e-04
1.464732366183091550e+01 2.228376622915411700e-04
1.468734367183591694e+01 2.015659050151821384e-04
1.472736368184092015e+01 1.837563181699176115e-04
1.476738369184592337e+01 1.688246400395693398e-04
1.480740370185092480e+01 1.563323844049861614e-04
1.484742371185592802e+01 1.459559477794682646e-04
1.488744372186092946e+01 1.374665750043766203e-04
1.492746373186593267e+01 1.307189968311842380e-04
1.496748374187093589e+01 1.256478435311534812e-04
1.500750375187593733e+01 1.222721305724257940e-04
1.504752376188094054e+01 1.207094369415541451e-04
1.508754377188594198e+01 1.212030680391208443e-04
1.512756378189094519e+01 1.241676143505527762e-04
1.516758379189594841e+01 1.302603876304660451e-04
1.520760380190094985e+01 1.404853146806598740e-04
1.524762381190595306e+01 1.563204060572396658e-04
1.528764382191095450e+01 1.797905008841109464e-04
1.532766383191595772e+01 2.131708526492243582e-04
1.536768384192096093e+01 2.573993571871795259e-04
1.540770385192596237e+01 3.075954545572666897e-04
1.544772386193096558e+01 3.469846348863482436e-04
1.548774387193596702e+01 3.522421188119578372e-04
1.552776388194097024e+01 3.181085712811594201e-04
1.556778389194597167e+01 2.644531914116590894e-04
1.560780390195097489e+01 2.121900701775684950e-04
1.564782391195597810e+01 1.699018935350033919e-04
1.568784392196097954e+01 1.379929114901658183e-04
1.572786393196598276e+01 1.143221605209136668e-04
1.576788394197098420e+01 9.664814734842328513e-05
1.580790395197598741e+01 8.323583689110083787e-05
1.584792396198099063e+01 7.285711174995253693e-05
1.588794397198599206e+01 6.466489922324078021e-05
1.592796398199099528e+01 5.807539274979636463e-05
1.596798399199599672e+01 5.268215490625402422e-05
1.600800400200100171e+01 4.819804175383031437e-05
1.604802401200600315e+01 4.441683947689326924e-05
1.608804402201100459e+01 4.118797226681899295e-05
1.612806403201600602e+01 3.839969962854521823e-05
1.616808404202101102e+01 3.596781774872915411e-05
1.620810405202601245e+01 3.382795498208064421e-05
1.624812406203101389e+01 3.193024134382325019e-05
1.628814407203601888e+01 3.023556751707174586e-05
1.632816408204102032e+01 2.871292379696711714e-05
1.636818409204602176e+01 2.733748411308237805e-05
1.640820410205102675e+01 2.608921261609871835e-05
1.644822411205602819e+01 2.495184368957071311e-05
1.648824412206102963e+01 2.391213520481214657e-05
1.652826413206603107e+01 2.295932858241068843e-05
1.656828414207103606e+01 2.208477379265601906e-05
1.660830415207603750e+01 2.128169703283683988e-05
1.664832416208103893e+01 2.054510663884820753e-05
1.668834417208604393e+01 1.987185109304192537e-05
1.672836418209104536e+01 1.926086166824771137e-05
1.676838419209604680e+01 1.871362206164785415e-05
1.680840420210105179e+01 1.823486570105919372e-05
1.684842421210605323e+01 1.783325375712742581e-05
1.688844422211105467e+01 1.752085177854321454e-05
1.692846423211605611e+01 1.730745855988127173e-05
1.696848424212106110e+01 1.718062082281903748e-05
1.700850425212606254e+01 1.706549942365088600e-05
1.704852426213106398e+01 1.681163668609219657e-05
1.708854427213606897e+01 1.631053695214960820e-05
1.712856428214107041e+01 1.563171237357974881e-05
1.716858429214607185e+01 1.492869568893957842e-05
1.720860430215107328e+01 1.429284384910655749e-05
1.724862431215607828e+01 1.374363888931939065e-05
1.728864432216107971e+01 1.327026093027268719e-05
1.732866433216608115e+01 1.285646649691109074e-05
1.736868434217108614e+01 1.248849882904548634e-05
1.740870435217608758e+01 1.215620919277073652e-05
1.744872436218108902e+01 1.185239561723751471e-05
1.748874437218609401e+01 1.157195782307161951e-05
1.752876438219109545e+01 1.131123484364233270e-05
1.756878439219609689e+01 1.106754584938715007e-05
1.760880440220109833e+01 1.083888412272970734e-05
1.764882441220610332e+01 1.062371484300738208e-05
1.768884442221110476e+01 1.042084084016912892e-05
1.772886443221610620e+01 1.022931254441118729e-05
1.776888444222111119e+01 1.004836685234124399e-05
1.780890445222611262e+01 9.877385169923789761e-06
1.784892446223111406e+01 9.715864414514389867e-06
1.788894447223611905e+01 9.563396990155138404e-06
1.792896448224112049e+01 9.419657178290795818e-06
1.796898449224612193e+01 9.284392319091946464e-06
1.800900450225112337e+01 9.157417790652046952e-06
1.804902451225612836e+01 9.038615248256321905e-06
1.808904452226112980e+01 8.927933946656168261e-06
1.812906453226613124e+01 8.825395296265871900e-06
1.816908454227113623e+01 8.731101153170783426e-06
1.820910455227613767e+01 8.645246770574389005e-06
1.824912456228113911e+01 8.568139920363827055e-06
1.828914457228614410e+01 8.500228536146124743e-06
1.832916458229114554e+01 8.442140501026941881e-06
1.836918459229614697e+01 8.394741171533910934e-06
1.840920460230114841e+01 8.359217321290472150e-06
1.844922461230615340e+01 8.337201079261001113e-06
1.848924462231115484e+01 8.330955136228921070e-06
1.852926463231615628e+01 8.343652290098945083e-06
1.856928464232116127e+01 8.379799116045510635e-06
1.860930465232616271e+01 8.445872043588891414e-06
1.864932466233116415e+01 8.551234090247642115e-06
1.868934467233616914e+01 8.709298853700612035e-06
1.872936468234117058e+01 8.938416021161633615e-06
1.876938469234617202e+01 9.260208872701762429e-06
1.880940470235117346e+01 9.688309942102230860e-06
1.884942471235617845e+01 1.019338693329150938e-05
1.888944472236117988e+01 1.064597599923736244e-05
1.892946473236618132e+01 1.083364604388971681e-05
1.896948474237118631e+01 1.066549950299462747e-05
1.900950475237618775e+01 1.029437890357374908e-05
1.904952476238118919e+01 9.924906025469252638e-06
1.908954477238619418e+01 9.656217079239705868e-06
1.912956478239119562e+01 9.502929210635478819e-06
1.916958479239619706e+01 9.450061686892730043e-06
1.920960480240119850e+01 9.479892403258889839e-06
1.924962481240620349e+01 9.579468750106016200e-06
1.928964482241120493e+01 9.741260888160022116e-06
1.932966483241620637e+01 9.962254035904683405e-06
1.936968484242121136e+01 1.024305379593183071e-05
1.940970485242621280e+01 1.058733430318651313e-05
1.944972486243121423e+01 1.100163562461045780e-05
1.948974487243621923e+01 1.149546883248147460e-05
1.952976488244122066e+01 1.208170978905722271e-05
1.956978489244622210e+01 1.277730109209269652e-05
1.960980490245122354e+01 1.360432631722393093e-05
1.964982491245622853e+01 1.459157580083485989e-05
1.968984492246122997e+01 1.577679866741103778e-05
1.972986493246623141e+01 1.720994712563928025e-05
1.976988494247123640e+01 1.895789027363795385e-05
1.980990495247623784e+01 2.111134346368297580e-05
1.984992496248123928e+01 2.379518364736014837e-05
1.988994497248624427e+01 2.718398314472624092e-05
1.992996498249124571e+01 3.152558227185243864e-05
1.996998499249624714e+01 3.717681796440468260e-05
2.001000500250124858e+01 4.465654810643919666e-05
2.005002501250625357e+01 5.471905003192784224e-05
2.009004502251125501e+01 6.843517293960918457e-05
2.013006503251625645e+01 8.720483506873733155e-05
2.017008504252126144e+01 1.124213030836038277e-04
2.021010505252626288e+01 1.440471780120917056e-04
2.025012506253126432e+01 1.771762698249717996e-04
2.029014507253626931e+01 1.990092340745278185e-04
2.033016508254127075e+01 1.962220691529478734e-04
2.037018509254627219e+01 1.707206984833726951e-04
2.041020510255127363e+01 1.370626331861382564e-04
2.045022511255627862e+01 1.065232949243299628e-04
2.049024512256128006e+01 8.265320007509417016e-05
2.053026513256628149e+01 6.498958219213151041e-05
2.057028514257128649e+01 5.207331597753459110e-05
2.061030515257628792e+01 4.256273343357264719e-05
2.065032516258128936e+01 3.545698145796278032e-05
2.069034517258629080e+01 3.005660203989359331e-05
2.073036518259129579e+01 2.588104800008457422e-05
2.077038519259629723e+01 2.259929745112553701e-05
2.081040520260129867e+01 1.998076928666218575e-05
2.085042521260630366e+01 1.786247255919212122e-05
2.089044522261130510e+01 1.612735826050022182e-05
2.093046523261630654e+01 1.469003313708313140e-05
2.097048524262131153e+01 1.348724509461721397e-05
2.101050525262631297e+01 1.247146538682458864e-05
2.105052526263131440e+01 1.160649783663815542e-05
2.109054527263631584e+01 1.086443081637118221e-05
2.113056528264132083e+01 1.022349075348732881e-05
2.117058529264632227e+01 9.666509415349604871e-06
2.121060530265132371e+01 9.179814904625585115e-06
2.125062531265632870e+01 8.752419129739129932e-06
2.129064532266133014e+01 8.375415429130930389e-06
2.133066533266633158e+01 8.041527013462153512e-06
2.137068534267133657e+01 7.744764919434686572e-06
2.141070535267633801e+01 7.480166368886818878e-06
2.145072536268133945e+01 7.243592784691058250e-06
2.149074537268634089e+01 7.031572509218794388e-06
2.153076538269134588e+01 6.841177334125171964e-06
2.157078539269634732e+01 6.669924830396039516e-06
2.161080540270134875e+01 6.515700530598264614e-06
2.165082541270635375e+01 6.376695507603193528e-06
2.169084542271135518e+01 6.251355983753317303e-06
2.173086543271635662e+01 6.138342407284511957e-06
2.177088544272136161e+01 6.036496029364461790e-06
2.181090545272636305e+01 5.944811461973517193e-06
2.185092546273136449e+01 5.862414034191273445e-06
2.189094547273636593e+01 5.788541020991579833e-06
2.193096548274137092e+01 5.722526015126210325e-06
2.197098549274637236e+01 5.663785864181868410e-06
2.201100550275137380e+01 5.611809712489955908e-06
2.205102551275637879e+01 5.566149779430912979e-06
2.209104552276138023e+01 5.526413577890573568e-06
2.213106553276638166e+01 5.492257333759625964e-06
2.217108554277138666e+01 5.463380412866820228e-06
2.221110555277638809e+01 5.439520598226242227e-06
2.225112556278138953e+01 5.420450089973890240e-06
2.229114557278639097e+01 5.405972124430594800e-06
2.233116558279139596e+01 5.395918128582126766e-06
2.237118559279639740e+01 5.390145342890579559e-06
2.241120560280139884e+01 5.388534859540385508e-06
2.245122561280640383e+01 5.390990035649371128e-06
2.249124562281140527e+01 5.397435252230895846e-06
2.253126563281640671e+01 5.407815000331061466e-06
2.257128564282141170e+01 5.422093286340234219e-06
2.261130565282641314e+01 5.440253359595546465e-06
2.265132566283141458e+01 5.462297777756830793e-06
2.269134567283641601e+01 5.488248839935395481e-06
2.273136568284142101e+01 5.518149435338424832e-06
2.277138569284642244e+01 5.552064377833173386e-06
2.281140570285142388e+01 5.590082326530369368e-06
2.285142571285642887e+01 5.632318432366700258e-06
2.289144572286143031e+01 5.678917905276873051e-06
2.293146573286643175e+01 5.730060772576269542e-06
2.297148574287143674e+01 5.785968206609418426e-06
2.301150575287643818e+01 5.846910953648626603e-06
2.305152576288143962e+01 5.913220619552123102e-06
2.309154577288644106e+01 5.985304896615617696e-06
2.313156578289144605e+01 6.063668306546498116e-06
2.317158579289644749e+01 6.148940775695395317e-06
2.321160580290144893e+01 6.241917493522244241e-06
2.325162581290645392e+01 6.343615264732886808e-06
2.329164582291145535e+01 6.455353324197991984e-06
2.333166583291645679e+01 6.578870946249797724e-06
2.337168584292146178e+01 6.716501101317061856e-06
2.341170585292646322e+01 6.871430315669360944e-06
2.345172586293146466e+01 7.048091569848719103e-06
2.349174587293646610e+01 7.252760556638579728e-06
2.353176588294147109e+01 7.494450972730925499e-06
2.357178589294647253e+01 7.786201263108090843e-06
2.361180590295147397e+01 8.146690078109929708e-06
2.365182591295647896e+01 8.601384614287348112e-06
2.369184592296148040e+01 9.179859992561762108e-06
2.373186593296648184e+01 9.899008459538623049e-06
2.377188594297148683e+01 1.071231807345377729e-05
2.381190595297648827e+01 1.143094218163689902e-05
2.385192596298148970e+01 1.175918032900161117e-05
2.389194597298649114e+01 1.158698470174732750e-05
2.393196598299149613e+01 1.113748874085973242e-05
2.397198599299649757e+01 1.068817441590319679e-05
2.401200600300149901e+01 1.036667868120074369e-05
2.405202601300650400e+01 1.018725098186486788e-05
2.409204602301150544e+01 1.012551253860053898e-05
2.413206603301650688e+01 1.015368647940427406e-05
2.417208604302150832e+01 1.025006614130690906e-05
2.421210605302651331e+01 1.039952254824230836e-05
2.425212606303151475e+01 1.059199271800144634e-05
2.429214607303651619e+01 1.082096868633438441e-05
2.433216608304152118e+01 1.108238011221490056e-05
2.437218609304652261e+01 1.137383946614890846e-05
2.441220610305152405e+01 1.169414858735142438e-05
2.445222611305652904e+01 1.204298023763678574e-05
2.449224612306153048e+01 1.242067444150643197e-05
2.453226613306653192e+01 1.282811038956660780e-05
2.457228614307153336e+01 1.326662900772139683e-05
2.461230615307653835e+01 1.373799056609307822e-05
2.465232616308153979e+01 1.424435762279687097e-05
2.469234617308654123e+01 1.478829740979759985e-05
2.473236618309154622e+01 1.537280028519460718e-05
2.477238619309654766e+01 1.600131261506769077e-05
2.481240620310154910e+01 1.667778373723569326e-05
2.485242621310655409e+01 1.740672771522508417e-05
2.489244622311155553e+01 1.819330156637171777e-05
2.493246623311655696e+01 1.904340266544337463e-05
2.497248624312155840e+01 1.996378919936909595e-05
2.501250625312656339e+01 2.096222900733019938e-05
2.505252626313156483e+01 2.204768404545596745e-05
2.509254627313656627e+01 2.323054028990272505e-05
2.513256628314157126e+01 2.452289646010733575e-05
2.517258629314657270e+01 2.593892999077447155e-05
2.521260630315157414e+01 2.749536594985173762e-05
2.525262631315657913e+01 2.921208524805460490e-05
2.529264632316158057e+01 3.111292434165774309e-05
2.533266633316658201e+01 3.322674261093719035e-05
2.537268634317158345e+01 3.558887037807638692e-05
2.541270635317658844e+01 3.824310757507827334e-05
2.545272636318158987e+01 4.124453202969362981e-05
2.549274637318659131e+01 4.466351422821081691e-05
2.553276638319159630e+01 4.859154278141598698e-05
2.557278639319659774e+01 5.314974962261103704e-05
2.561280640320159918e+01 5.850131117258609891e-05
2.565282641320660417e+01 6.486877256250648410e-05
2.569284642321160561e+01 7.255514958646212614e-05
2.573286643321660705e+01 8.195783732295144116e-05
2.577288644322160849e+01 9.353111673242028910e-05
2.581290645322661348e+01 1.075689027195620491e-04
2.585292646323161492e+01 1.235938680303460819e-04
2.589294647323661636e+01 1.395753021687610594e-04
2.593296648324162135e+01 1.527993075920904280e-04
2.597298649324662279e+01 1.632494232451994624e-04
2.601300650325162422e+01 1.743678423988646734e-04
2.605302651325662922e+01 1.898304763894433458e-04
2.609304652326163065e+01 2.119968701380608013e-04
2.613306653326663209e+01 2.426771595758780455e-04
2.617308654327163353e+01 2.841130054835522062e-04
2.621310655327663852e+01 3.396547759191994404e-04
2.625312656328163996e+01 4.143759413309899657e-04
2.629314657328664140e+01 5.158118624401556666e-04
2.633316658329164639e+01 6.547348357532091750e-04
2.637318659329664783e+01 8.451210889321814990e-04
2.641320660330164927e+01 1.100286127298868944e-03
2.645322661330665426e+01 1.417492978514888922e-03
2.649324662331165570e+01 1.742521424184399976e-03
2.653326663331665713e+01 1.943471222631891005e-03
2.657328664332165857e+01 1.894997831835674171e-03
2.661330665332666356e+01 1.630138418257936258e-03
2.665332666333166500e+01 1.295810004686652646e-03
2.669334667333666644e+01 9.976093259758357298e-04
2.673336668334167143e+01 7.661126458029342409e-04
2.677338669334667287e+01 5.951795045171859918e-04
2.681340670335167431e+01 4.702031287532404749e-04
2.685342671335667930e+01 3.781151577573075369e-04
2.689344672336168074e+01 3.092457065972319900e-04
2.693346673336668218e+01 2.568535143243521257e-04
2.697348674337168362e+01 2.163083251966684386e-04
2.701350675337668861e+01 1.844183917294880081e-04
2.705352676338169005e+01 1.589579709275351378e-04
2.709354677338669148e+01 1.383517783662805453e-04
2.713356678339169648e+01 1.214671108634199739e-04
2.717358679339669791e+01 1.074765907482101550e-04
2.721360680340169935e+01 9.576667013635797648e-05
2.725362681340670434e+01 8.587584875170153030e-05
2.729364682341170578e+01 7.745235840599280774e-05
2.733366683341670722e+01 7.022475675183453337e-05
2.737368684342170866e+01 6.398119872798501892e-05
2.741370685342671365e+01 5.855462364466214586e-05
2.745372686343171509e+01 5.381203185710179451e-05
2.749374687343671653e+01 4.964662773920280756e-05
2.753376688344172152e+01 4.597199871246139498e-05
2.757378689344672296e+01 4.271775979664684751e-05
2.761380690345172439e+01 3.982626713950553857e-05
2.765382691345672583e+01 3.725012225121752875e-05
2.769384692346173082e+01 3.495027036735202388e-05
2.773386693346673226e+01 3.289455392166305500e-05
2.777388694347173370e+01 3.105662377910309329e-05
2.781390695347673869e+01 2.941514233895045299e-05
2.785392696348174013e+01 2.795323803182328456e-05
2.789394697348674157e+01 2.665819351100853540e-05
2.793396698349174656e+01 2.552137326617204545e-05
2.797398699349674800e+01 2.453842428509525847e-05
2.801400700350174944e+01 2.370982089641003422e-05
2.805402701350675088e+01 2.304187950545990085e-05
2.809404702351175587e+01 2.254845140105774602e-05
2.813406703351675731e+01 2.225362620562365589e-05
2.817408704352175874e+01 2.219595635349806906e-05
2.821410705352676374e+01 2.243492736587716040e-05
2.825412706353176517e+01 2.306051079153524137e-05
2.829414707353676661e+01 2.420600916990279451e-05
2.833416708354177160e+01 2.606045245272135409e-05
2.837418709354677304e+01 2.886150335968389413e-05
2.841420710355177448e+01 3.280539242834483330e-05
2.845422711355677592e+01 3.772694290887677545e-05
2.849424712356178091e+01 4.245695126777317905e-05
2.853426713356678235e+01 4.461472125573238837e-05
2.857428714357178379e+01 4.249642245468825721e-05
2.861430715357678878e+01 3.724386885360805416e-05
2.865432716358179022e+01 3.133113929861631113e-05
2.869434717358679165e+01 2.623253505011352091e-05
2.873436718359179665e+01 2.227346058578640056e-05
2.877438719359679808e+01 1.929523957655089321e-05
2.881440720360179952e+01 1.705187077580913810e-05
2.885442721360680096e+01 1.533606382159097018e-05
2.889444722361180595e+01 1.399711982176403728e-05
2.893446723361680739e+01 1.293044254435128750e-05
2.897448724362180883e+01 1.206413612998939665e-05
2.901450725362681382e+01 1.134851886566603301e-05
2.905452726363181526e+01 1.074887596598292040e-05
2.909454727363681670e+01 1.024065325968574434e-05
2.913456728364182169e+01 9.806306931313831080e-06
2.917458729364682313e+01 9.433240859000451299e-06
2.921460730365182457e+01 9.112455750482170323e-06
2.925462731365682600e+01 8.837666455039706439e-06
2.929464732366183100e+01 8.604716112535887217e-06
2.933466733366683243e+01 8.411116533072208258e-06
2.937468734367183387e+01 8.255438919471546651e-06
2.941470735367683886e+01 8.136161760024501603e-06
2.945472736368184030e+01 8.050347592016355021e-06
2.949474737368684174e+01 7.995235593966350203e-06
2.953476738369184673e+01 7.974152655046107095e-06
2.957478739369684817e+01 7.998100021913002092e-06
2.961480740370184961e+01 8.080899266296008034e-06
2.965482741370685105e+01 8.237522063079353858e-06
2.969484742371185604e+01 8.486765524162518182e-06
2.973486743371685748e+01 8.854993584849153436e-06
2.977488744372185892e+01 9.380476420334740462e-06
2.981490745372686391e+01 1.011928660026884945e-05
2.985492746373186534e+01 1.115370374611078881e-05
2.989494747373686678e+01 1.260315192378975581e-05
2.993496748374187177e+01 1.463365820474043869e-05
2.997498749374687321e+01 1.744733629355860050e-05
3.001500750375187465e+01 2.119207139057343507e-05
3.005502751375687609e+01 2.566143378008510796e-05
3.009504752376188108e+01 2.974626902469370600e-05
3.013506753376688252e+01 3.141416829403074416e-05
3.017508754377188396e+01 2.949427492546247769e-05
3.021510755377688895e+01 2.520384081499835795e-05
3.025512756378189039e+01 2.056662534066812579e-05
3.029514757378689183e+01 1.666546550181608326e-05
3.033516758379189682e+01 1.369263099230534920e-05
3.037518759379689826e+01 1.149629561698137378e-05
3.041520760380189969e+01 9.874162925455457583e-06
3.045522761380690113e+01 8.660743228416705949e-06
3.049524762381190612e+01 7.736951386322397936e-06
3.053526763381690756e+01 7.020464460672138636e-06
3.057528764382190900e+01 6.454787822245563843e-06
3.061530765382691399e+01 6.000903861106076409e-06
3.065532766383191543e+01 5.631542499216734873e-06
3.069534767383691687e+01 5.327385513888735221e-06
3.073536768384192186e+01 5.074571344390613375e-06
3.077538769384692330e+01 4.863048704640402149e-06
3.081540770385192474e+01 4.685481652106077545e-06
3.085542771385692618e+01 4.536515876303758816e-06
3.089544772386193117e+01 4.412285622186341981e-06
3.093546773386693260e+01 4.310085122643294058e-06
3.097548774387193404e+01 4.228156937806697646e-06
3.101550775387693903e+01 4.165568257369299510e-06
3.105552776388194047e+01 4.122158512214291246e-06
3.109554777388694191e+01 4.098548397393867705e-06
3.113556778389194335e+01 4.096197858462443055e-06
3.117558779389694834e+01 4.117476656944326527e-06
3.121560780390194978e+01 4.165658665914981157e-06
3.125562781390695122e+01 4.244798470761071128e-06
3.129564782391195621e+01 4.360092514992096374e-06
3.133566783391695765e+01 4.520093510333774708e-06
3.137568784392195909e+01 4.739678270428762856e-06
3.141570785392696408e+01 5.040915037548048641e-06
3.145572786393196552e+01 5.454197127673883819e-06
3.149574787393696695e+01 6.022466631468867587e-06
3.153576788394196839e+01 6.807822940293269972e-06
3.157578789394697338e+01 7.898727822636280764e-06
3.161580790395197482e+01 9.411829608905730715e-06
3.165582791395697626e+01 1.146634493535558937e-05
3.169584792396198125e+01 1.407108286848031506e-05
3.173586793396698269e+01 1.684307602472940040e-05
3.177588794397198413e+01 1.873336397016846938e-05
3.181590795397698912e+01 1.858310031942593475e-05
3.185592796398199056e+01 1.646902007614985344e-05
3.189594797398699200e+01 1.359934895765796588e-05
3.193596798399199344e+01 1.096132749438908414e-05
3.197598799399699843e+01 8.883112789624200852e-06
3.201600800400200342e+01 7.335518601147971929e-06
3.205602801400700486e+01 6.196363441363840806e-06
3.209604802401200629e+01 5.350957698309058354e-06
3.213606803401700773e+01 4.713219562922192358e-06
3.217608804402200917e+01 4.222866121465924103e-06
3.221610805402701061e+01 3.838459662950260184e-06
3.225612806403201205e+01 3.531458304134251262e-06
3.229614807403702059e+01 3.281985931977531481e-06
3.233616808404202203e+01 3.075996479959253697e-06
3.237618809404702347e+01 2.903404633876661938e-06
3.241620810405202491e+01 2.756852593316774761e-06
3.245622811405702635e+01 2.630889197230579065e-06
3.249624812406202778e+01 2.521416605983655234e-06
3.253626813406702922e+01 2.425312027824393449e-06
3.257628814407203777e+01 2.340165333183759121e-06
3.261630815407703921e+01 2.264094435844974539e-06
3.265632816408204064e+01 2.195613603522367017e-06
3.269634817408704208e+01 2.133538313646737131e-06
3.273636818409204352e+01 2.076915710662951083e-06
3.277638819409704496e+01 2.024973271185031608e-06
3.281640820410205350e+01 1.977080638220615188e-06
3.285642821410705494e+01 1.932721179774897927e-06
3.289644822411205638e+01 1.891470931823918396e-06
3.293646823411705782e+01 1.852983355371600720e-06
3.297648824412205926e+01 1.816978790943146054e-06
3.301650825412706070e+01 1.783237348632571498e-06
3.305652826413206213e+01 1.751592086941402344e-06
3.309654827413707068e+01 1.721912424384695415e-06
3.313656828414207212e+01 1.694050349759176362e-06
3.317658829414707355e+01 1.667706528174264854e-06
3.321660830415207499e+01 1.642272306304589079e-06
3.325662831415707643e+01 1.617028105310174707e-06
3.329664832416207787e+01 1.591816545561128976e-06
3.333666833416707931e+01 1.567125188493326698e-06
3.337668834417208785e+01 1.543415402995505418e-06
3.341670835417708929e+01 1.520824014533440582e-06
3.345672836418209073e+01 1.499294484405320182e-06
3.349674837418709217e+01 1.478719751787606485e-06
3.353676838419209361e+01 1.459000599289738291e-06
3.357678839419709504e+01 1.440059408194024876e-06
3.361680840420210359e+01 1.421840170076502864e-06
3.365682841420710503e+01 1.404306475067611789e-06
3.369684842421210647e+01 1.387440931273018178e-06
3.373686843421710790e+01 1.371246975583229551e-06
3.377688844422210934e+01 1.355753367799690090e-06
3.381690845422711078e+01 1.341020765268442313e-06
3.385692846423211222e+01 1.327146046537398279e-06
3.389694847423712076e+01 1.314247032601389779e-06
3.393696848424212220e+01 1.302375592541964281e-06
3.397698849424712364e+01 1.291262364500799425e-06
3.401700850425212508e+01 1.279937570388715845e-06
3.405702851425712652e+01 1.266954660705015766e-06
3.409704852426212796e+01 1.251838774104226628e-06
3.413706853426712939e+01 1.235703054920615912e-06
3.417708854427213794e+01 1.219852608540424588e-06
3.421710855427713938e+01 1.204857160712329428e-06
3.425712856428214081e+01 1.190756439303975087e-06
3.429714857428714225e+01 1.177415538108019125e-06
3.433716858429214369e+01 1.164687405449800322e-06
3.437718859429714513e+01 1.152455292865734805e-06
3.441720860430214657e+01 1.140634228188362977e-06
3.445722861430715511e+01 1.129163497382468794e-06
3.449724862431215655e+01 1.117999315789804525e-06
3.453726863431715799e+01 1.107109418982478411e-06
3.457728864432215943e+01 1.096469385325171941e-06
3.461730865432716087e+01 1.086060197579405263e-06
3.465732866433216230e+01 1.075866629313805284e-06
3.469734867433717085e+01 1.065876167981293260e-06
3.473736868434217229e+01 1.056078286336474250e-06
3.477738869434717373e+01 1.046463941561649777e-06
3.481740870435217516e+01 1.037025225000372171e-06
3.485742871435717660e+01 1.027755112902795604e-06
3.489744872436217804e+01 1.018647285937355648e-06
3.493746873436717948e+01 1.009695996234158370e-06
3.497748874437218802e+01 1.000895967783444388e-06
3.501750875437718946e+01 9.922423205912624498e-07
3.505752876438219090e+01 9.837305120033713361e-07
3.509754877438719234e+01 9.753562906120019065e-07
3.513756878439219378e+01 9.671156595117895587e-07
3.517758879439719522e+01 9.590048465950434520e-07
3.521760880440219665e+01 9.510202802157778963e-07
3.525762881440720520e+01 9.431585689997588935e-07
3.529764882441220664e+01 9.354164848951532583e-07
3.533766883441720807e+01 9.277909487857910055e-07
3.537768884442220951e+01 9.202790181538723399e-07
3.541770885442721095e+01 9.128778763995338776e-07
3.545772886443221239e+01 9.055848235139357176e-07
3.549774887443722093e+01 8.983972678691089388e-07
3.553776888444222237e+01 8.913127189380472907e-07
3.557778889444722381e+01 8.843287807966678916e-07
3.561780890445222525e+01 8.774431462886261371e-07
3.565782891445722669e+01 8.706535917566094082e-07
3.569784892446222813e+01 8.639579722614410773e-07
3.573786893446722956e+01 8.573542172242740835e-07
3.577788894447223811e+01 8.508403264381612817e-07
3.581790895447723955e+01 8.444143664041462439e-07
3.585792896448224099e+01 8.380744669540774644e-07
3.589794897448724242e+01 8.318188181281588315e-07
3.593796898449224386e+01 8.256456672799036687e-07
3.597798899449724530e+01 8.195533163850448871e-07
3.601800900450224674e+01 8.135401195341637250e-07
3.605802901450725528e+01 8.076044805914240836e-07
3.609804902451225672e+01 8.017448510040875154e-07
3.613806903451725816e+01 7.959597277492984782e-07
3.617808904452225960e+01 7.902476514062884864e-07
3.621810905452726104e+01 7.846072043434605887e-07
3.625812906453226248e+01 7.790370090110052568e-07
3.629814907453727102e+01 7.735357263306841881e-07
3.633816908454227246e+01 7.681020541753182859e-07
3.637818909454727390e+01 7.627347259312180584e-07
3.641820910455227533e+01 7.574325091375159273e-07
3.645822911455727677e+01 7.521942041968910262e-07
3.649824912456227821e+01 7.470186431527032875e-07
3.653826913456727965e+01 7.419046885280128156e-07
3.657828914457228819e+01 7.368512322223324964e-07
3.661830915457728963e+01 7.318571944623559806e-07
3.665832916458229107e+01 7.269215228031733851e-07
3.669834917458729251e+01 7.220431911768140054e-07
3.673836918459229395e+01 7.172211989851846736e-07
3.677838919459729539e+01 7.124545702347023589e-07
3.681840920460229682e+01 7.077423527101452416e-07
3.685842921460730537e+01 7.030836171854106001e-07
3.689844922461230681e+01 6.984774566690546240e-07
3.693846923461730825e+01 6.939229856826341071e-07
3.697848924462230968e+01 6.894193395700193713e-07
3.701850925462731112e+01 6.849656738359662490e-07
3.705852926463231256e+01 6.805611635123633849e-07
3.709854927463732110e+01 6.762050025506641854e-07
3.713856928464232254e+01 6.718964032391333386e-07
3.717858929464732398e+01 6.676345956435983931e-07
3.721860930465232542e+01 6.634188270705161024e-07
3.725862931465732686e+01 6.592483615512060162e-07
3.729864932466232830e+01 6.551224793461999402e-07
3.733866933466732974e+01 6.510404764687063874e-07
3.737868934467233828e+01 6.470016642262609341e-07
3.741870935467733972e+01 6.430053687796793402e-07
3.745872936468234116e+01 6.390509307184862017e-07
3.749874937468734259e+01 6.351377046520516184e-07
3.753876938469234403e+01 6.312650588156905911e-07
3.757878939469734547e+01 6.274323746910415960e-07
3.761880940470234691e+01 6.236390466400736003e-07
3.765882941470735545e+01 6.198844815521017048e-07
3.769884942471235689e+01 6.161680985032378650e-07
3.773886943471735833e+01 6.124893284277136260e-07
3.777888944472235977e+01 6.088476138005752275e-07
3.781890945472736121e+01 6.052424083312388368e-07
3.785892946473236265e+01 6.016731766674564504e-07
3.789894947473736408e+01 5.981393941092369753e-07
3.793896948474237263e+01 5.946405463323161235e-07
3.797898949474737407e+01 5.911761291207709806e-07
3.801900950475237551e+01 5.877456481084004124e-07
3.805902951475737694e+01 5.843486185285191554e-07
3.809904952476237838e+01 5.809845649718212729e-07
3.813906953476737982e+01 5.776530211519903624e-07
3.817908954477238836e+01 5.743535296787483005e-07
3.821910955477738980e+01 5.710856418380501933e-07
3.825912956478239124e+01 5.678489173791436814e-07
3.829914957478739268e+01 5.646429243082313965e-07
3.833916958479239412e+01 5.614672386884803413e-07
3.837918959479739556e+01 5.583214444461364717e-07
3.841920960480239700e+01 5.552051331825154635e-07
3.845922961480740554e+01 5.521179039916481661e-07
3.849924962481240698e+01 5.490593632833726886e-07
3.853926963481740842e+01 5.460291246116711035e-07
3.857928964482240985e+01 5.430268085080572184e-07
3.861930965482741129e+01 5.400520423198392348e-07
3.865932966483241273e+01 5.371044600530745460e-07
3.869934967483741417e+01 5.341837022200515017e-07
3.873936968484242271e+01 5.312894156911403816e-07
3.877938969484742415e+01 5.284212535508595214e-07
3.881940970485242559e+01 5.255788749580009506e-07
3.885942971485742703e+01 5.227619450096913458e-07
3.889944972486242847e+01 5.199701346092376321e-07
3.893946973486742991e+01 5.172031203376380143e-07
3.897948974487243845e+01 5.144605843286269359e-07
3.901950975487743989e+01 5.117422141471421558e-07
3.905952976488244133e+01 5.090477026710930314e-07
3.909954977488744277e+01 5.063767479763261383e-07
3.913956978489244420e+01 5.037290532246786432e-07
3.917958979489744564e+01 5.011043265550215975e-07
3.921960980490244708e+01 4.985022809771918243e-07
3.925962981490745562e+01 4.959226342687254730e-07
3.929964982491245706e+01 4.933651088742968921e-07
3.933966983491745850e+01 4.908294318077785378e-07
3.937968984492245994e+01 4.883153345568429364e-07
3.941970985492746138e+01 4.858225529900216758e-07
3.945972986493246282e+01 4.833508272661462547e-07
3.949974987493746426e+01 4.808999017460978375e-07
3.953976988494247280e+01 4.784695249067920112e-07
3.957978989494747424e+01 4.760594492573361820e-07
3.961980990495247568e+01 4.736694312572830611e-07
3.965982991495747711e+01 4.712992312369267171e-07
3.969984992496247855e+01 4.689486133195744385e-07
3.973986993496747999e+01 4.666173453457359091e-07
3.977988994497248854e+01 4.643051987991732079e-07
3.981990995497748997e+01 4.620119487347579010e-07
3.985992996498249141e+01 4.597373737080767810e-07
3.989994997498749285e+01 4.574812557067428943e-07
3.993996998499249429e+01 4.552433800833557423e-07
3.997998999499749573e+01 4.530235354900657095e-07
4.002001000500249717e+01 4.508215138146977214e-07
4.006003001500750571e+01 4.486371101183847371e-07
4.010005002501250715e+01 4.464701225746757163e-07
4.014007003501750859e+01 4.443203524100669708e-07
4.018009004502251003e+01 4.421876038459268856e-07
4.022011005502751146e+01 4.400716840417650936e-07
4.026013006503251290e+01 4.379724030398183095e-07
4.030015007503751434e+01 4.358895737109065011e-07
4.034017008504252289e+01 4.338230117015342530e-07
4.038019009504752432e+01 4.317725353821948102e-07
4.042021010505252576e+01 4.297379657968482157e-07
4.046023011505752720e+01 4.277191266135419895e-07
4.050025012506252864e+01 4.257158440761416860e-07
4.054027013506753008e+01 4.237279469571424760e-07
4.058029014507253862e+01 4.217552665115320567e-07
4.062031015507754006e+01 4.197976364316786828e-07
4.066033016508254150e+01 4.178548928032146728e-07
4.070035017508754294e+01 4.159268740618900858e-07
4.074037018509254438e+01 4.140134209513741759e-07
4.078039019509754581e+01 4.121143764819735469e-07
4.082041020510254725e+01 4.102295858902500685e-07
4.086043021510755580e+01 4.083588965995089599e-07
4.090045022511255723e+01 4.065021581811416884e-07
4.094047023511755867e+01 4.046592223167925014e-07
4.098049024512256011e+01 4.028299427613381105e-07
4.102051025512756155e+01 4.010141753066513045e-07
4.106053026513256299e+01 3.992117777461335620e-07
4.110055027513756443e+01 3.974226098399954888e-07
4.114057028514257297e+01 3.956465332812653328e-07
4.118059029514757441e+01 3.938834116625125001e-07
4.122061030515257585e+01 3.921331104432591277e-07
4.126063031515757729e+01 3.903954969180723519e-07
4.130065032516257872e+01 3.886704401853150926e-07
4.134067033516758016e+01 3.869578111165396294e-07
4.138069034517258160e+01 3.852574823265104173e-07
4.142071035517759015e+01 3.835693281438374015e-07
4.146073036518259158e+01 3.818932245822109376e-07
4.150075037518759302e+01 3.802290493122150229e-07
4.154077038519259446e+01 3.785766816337135460e-07
4.158079039519759590e+01 3.769360024487915018e-07
4.162081040520259734e+01 3.753068942352385191e-07
4.166083041520760588e+01 3.736892410205614131e-07
4.170085042521260732e+01 3.720829283565157051e-07
4.174087043521760876e+01 3.704878432941399084e-07
4.178089044522261020e+01 3.689038743592838463e-07
4.182091045522761164e+01 3.673309115286204678e-07
4.186093046523261307e+01 3.657688462061244305e-07
4.190095047523761451e+01 3.642175712000144343e-07
4.194097048524262306e+01 3.626769807001404068e-07
4.198099049524762449e+01 3.611469702558138976e-07
4.202101050525262593e+01 3.596274367540616198e-07
4.206103051525762737e+01 3.581182783983038302e-07
4.210105052526262881e+01 3.566193946874366390e-07
4.214107053526763025e+01 3.551306863953185661e-07
4.218109054527263169e+01 3.536520555506453030e-07
4.222111055527764023e+01 3.521834054172088157e-07
4.226113056528264167e+01 3.507246404745293538e-07
4.230115057528764311e+01 3.492756663988511552e-07
4.234117058529264455e+01 3.478363900444993562e-07
4.238119059529764598e+01 3.464067194255823334e-07
4.242121060530264742e+01 3.449865636980385221e-07
4.246123061530765597e+01 3.435758331420152201e-07
4.250125062531265741e+01 3.421744391445766739e-07
4.254127063531765884e+01 3.407822941827291156e-07
4.258129064532266028e+01 3.393993118067610012e-07
4.262131065532766172e+01 3.380254066238879156e-07
4.266133066533266316e+01 3.366604942821971165e-07
4.270135067533766460e+01 3.353044914548857337e-07
4.274137068534267314e+01 3.339573158247839412e-07
4.278139069534767458e+01 3.326188860691616220e-07
4.282141070535267602e+01 3.312891218448057651e-07
4.286143071535767746e+01 3.299679437733702361e-07
4.290145072536267890e+01 3.286552734269859585e-07
4.294147073536768033e+01 3.273510333141304980e-07
4.298149074537268177e+01 3.260551468657492161e-07
4.302151075537769032e+01 3.247675384216216395e-07
4.306153076538269175e+01 3.234881332169732043e-07
4.310155077538769319e+01 3.222168573693192459e-07
4.314157078539269463e+01 3.209536378655439358e-07
4.318159079539769607e+01 3.196984025492057976e-07
4.322161080540269751e+01 3.184510801080636127e-07
4.326163081540770605e+01 3.172116000618225526e-07
4.330165082541270749e+01 3.159798927500918063e-07
4.334167083541770893e+01 3.147558893205521120e-07
4.338169084542271037e+01 3.135395217173272122e-07
4.342171085542771181e+01 3.123307226695570092e-07
4.346173086543271324e+01 3.111294256801661723e-07
4.350175087543771468e+01 3.099355650148253931e-07
4.354177088544272323e+01 3.087490756911020050e-07
4.358179089544772467e+01 3.075698934677946739e-07
4.362181090545272610e+01 3.063979548344501474e-07
4.366183091545772754e+01 3.052331970010567175e-07
4.370185092546272898e+01 3.040755578879122763e-07
4.374187093546773042e+01 3.029249761156635269e-07
4.378189094547273186e+01 3.017813909955108409e-07
4.382191095547774040e+01 3.006447425195792415e-07
4.386193096548274184e+01 2.995149713514486800e-07
4.390195097548774328e+01 2.983920188168423391e-07
4.394197098549274472e+01 2.972758268944697821e-07
4.398199099549774616e+01 2.961663382070213524e-07
4.402201100550274759e+01 2.950634960123112789e-07
4.406203101550775614e+01 2.939672441945662601e-07
4.410205102551275758e+01 2.928775272558593135e-07
4.414207103551775901e+01 2.917942903076793103e-07
4.418209104552276045e+01 2.907174790626421221e-07
4.422211105552776189e+01 2.896470398263358117e-07
4.426213106553276333e+01 2.885829194892960015e-07
4.430215107553776477e+01 2.875250655191138558e-07
4.434217108554277331e+01 2.864734259526706945e-07
4.438219109554777475e+01 2.854279493884963797e-07
4.442221110555277619e+01 2.843885849792520038e-07
4.446223111555777763e+01 2.833552824243313217e-07
4.450225112556277907e+01 2.823279919625816671e-07
4.454227113556778050e+01 2.813066643651402775e-07
4.458229114557278194e+01 2.802912509283844386e-07
4.462231115557779049e+01 2.792817034669921671e-07
4.466233116558279193e+01 2.782779743071155488e-07
4.470235117558779336e+01 2.772800162796567259e-07
4.474237118559279480e+01 2.762877827136545821e-07
4.478239119559779624e+01 2.753012274297720113e-07
4.482241120560279768e+01 2.743203047338847261e-07
4.486243121560779912e+01 2.733449694107729260e-07
4.490245122561280766e+01 2.723751767179068296e-07
4.494247123561780910e+01 2.714108823793332661e-07
4.498249124562281054e+01 2.704520425796517365e-07
4.502251125562781198e+01 2.694986139580870357e-07
4.506253126563281342e+01 2.685505536026523484e-07
4.510255127563781485e+01 2.676078190444005953e-07
4.514257128564282340e+01 2.666703682517651942e-07
4.518259129564782484e+01 2.657381596249866364e-07
4.522261130565282627e+01 2.648111519906229186e-07
4.526263131565782771e+01 2.638893045961455791e-07
4.530265132566282915e+01 2.629725771046154603e-07
4.534267133566783059e+01 2.620609295894399449e-07
4.538269134567283203e+01 2.611543225292088085e-07
4.542271135567784057e+01 2.602527168026079452e-07
4.546273136568284201e+01 2.593560736834094851e-07
4.550275137568784345e+01 2.584643548355364515e-07
4.554277138569284489e+01 2.575775223082007384e-07
4.558279139569784633e+01 2.566955385311141982e-07
4.562281140570284776e+01 2.558183663097709857e-07
4.566283141570784920e+01 2.549459688207984593e-07
4.570285142571285775e+01 2.540783096073774319e-07
4.574287143571785919e+01 2.532153525747317742e-07
4.578289144572286062e+01 2.523570619856799032e-07
4.582291145572786206e+01 2.515034024562558336e-07
4.586293146573286350e+01 2.506543389513923803e-07
4.590295147573786494e+01 2.498098367806666707e-07
4.594297148574287348e+01 2.489698615941092374e-07
4.598299149574787492e+01 2.481343793780733036e-07
4.602301150575287636e+01 2.473033564511627244e-07
4.606303151575787780e+01 2.464767594602204924e-07
4.610305152576287924e+01 2.456545553763744170e-07
4.614307153576788068e+01 2.448367114911388141e-07
4.618309154577288211e+01 2.440231954125734764e-07
4.622311155577789066e+01 2.432139750614970125e-07
4.626313156578289210e+01 2.424090186677541849e-07
4.630315157578789353e+01 2.416082947665361866e-07
4.634317158579289497e+01 2.408117721947535403e-07
4.638319159579789641e+01 2.400194200874604018e-07
4.642321160580289785e+01 2.392312078743295267e-07
4.646323161580789929e+01 2.384471052761764702e-07
4.650325162581290783e+01 2.376670823015332336e-07
4.654327163581790927e+01 2.368911092432701373e-07
4.658329164582291071e+01 2.361191566752639383e-07
4.662331165582791215e+01 2.353511954491139352e-07
4.666333166583291359e+01 2.345871966909029684e-07
4.670335167583791502e+01 2.338271317980040254e-07
4.674337168584292357e+01 2.330709724359301789e-07
4.678339169584792501e+01 2.323186905352297873e-07
4.682341170585292645e+01 2.315702582884230676e-07
4.686343171585792788e+01 2.308256481469813644e-07
4.690345172586292932e+01 2.300848328183485583e-07
4.694347173586793076e+01 2.293477852630025764e-07
4.698349174587293220e+01 2.286144786915573747e-07
4.702351175587794074e+01 2.278848865619049437e-07
4.706353176588294218e+01 2.271589825763955084e-07
4.710355177588794362e+01 2.264367406790565873e-07
4.714357178589294506e+01 2.257181350528495851e-07
4.718359179589794650e+01 2.250031401169637338e-07
4.722361180590294794e+01 2.242917305241460599e-07
4.726363181590794937e+01 2.235838811580686206e-07
4.730365182591295792e+01 2.228795671307287214e-07
4.734367183591795936e+01 2.221787637798873826e-07
4.738369184592296079e+01 2.214814466665387227e-07
4.742371185592796223e+01 2.207875915724153930e-07
4.746373186593296367e+01 2.200971744975263327e-07
4.750375187593796511e+01 2.194101716577276370e-07
4.754377188594297365e+01 2.187265594823253215e-07
4.758379189594797509e+01 2.180463146117104325e-07
4.762381190595297653e+01 2.173694138950240954e-07
4.766383191595797797e+01 2.166958343878553049e-07
4.770385192596297941e+01 2.160255533499669862e-07
4.774387193596798085e+01 2.153585482430536867e-07
4.778389194597298228e+01 2.146947967285269819e-07
4.782391195597799083e+01 2.140342766653312954e-07
4.786393196598299227e+01 2.133769661077873525e-07
4.790395197598799371e+01 2.127228433034636664e-07
4.794397198599299514e+01 2.120718866910763458e-07
4.798399199599799658e+01 2.114240748984149236e-07
4.802401200600299802e+01 2.107793867402967721e-07
4.806403201600799946e+01 2.101378012165459762e-07
4.810405202601300800e+01 2.094992975099996567e-07
4.814407203601800944e+01 2.088638549845394122e-07
4.818409204602301088e+01 2.082314531831476169e-07
4.822411205602801232e+01 2.076020718259893413e-07
4.826413206603301376e+01 2.069756908085179360e-07
4.830415207603801520e+01 2.063522901996059745e-07
4.834417208604301663e+01 2.057318502396981917e-07
4.838419209604802518e+01 2.051143513389895956e-07
4.842421210605302662e+01 2.044997740756258930e-07
4.846423211605802805e+01 2.038880991939256728e-07
4.850425212606302949e+01 2.032793076026275248e-07
4.854427213606803093e+01 2.026733803731564538e-07
4.858429214607303237e+01 2.020702987379137736e-07
4.862431215607804091e+01 2.014700440885878318e-07
4.866433216608304235e+01 2.008725979744862814e-07
4.870435217608804379e+01 2.002779421008883637e-07
4.874437218609304523e+01 1.996860583274182870e-07
4.878439219609804667e+01 1.990969286664393318e-07
4.882441220610304811e+01 1.985105352814665641e-07
4.886443221610804954e+01 1.979268604856002476e-07
4.890445222611305809e+01 1.973458867399780238e-07
4.894447223611805953e+01 1.967675966522469965e-07
4.898449224612306097e+01 1.961919729750535252e-07
4.902451225612806240e+01 1.956189986045518913e-07
4.906453226613306384e+01 1.950486565789321282e-07
4.910455227613806528e+01 1.944809300769646599e-07
4.914457228614306672e+01 1.939158024165632303e-07
4.918459229614807526e+01 1.933532570533652232e-07
4.922461230615307670e+01 1.927932775793301135e-07
4.926463231615807814e+01 1.922358477213526892e-07
4.930465232616307958e+01 1.916809513398957815e-07
4.934467233616808102e+01 1.911285724276375003e-07
4.938469234617308246e+01 1.905786951081358069e-07
4.942471235617809100e+01 1.900313036345088901e-07
4.946473236618309244e+01 1.894863823881312913e-07
4.950475237618809388e+01 1.889439158773456992e-07
4.954477238619309531e+01 1.884038887361904158e-07
4.958479239619809675e+01 1.878662857231412739e-07
4.962481240620309819e+01 1.873310917198700458e-07
4.966483241620809963e+01 1.867982917300156364e-07
4.970485242621310817e+01 1.862678708779714235e-07
4.974487243621810961e+01 1.857398144076864944e-07
4.978489244622311105e+01 1.852141076814806466e-07
4.982491245622811249e+01 1.846907361788740797e-07
4.986493246623311393e+01 1.841696854954301362e-07
4.990495247623811537e+01 1.836509413416126283e-07
4.994497248624311680e+01 1.831344895416552071e-07
4.998499249624812535e+01 1.826203160324452644e-07
5.002501250625312679e+01 1.821084068624206199e-07
5.006503251625812823e+01 1.815987481904779331e-07
5.010505252626312966e+01 1.810913262848954635e-07
5.014507253626813110e+01 1.805861275222675557e-07
5.018509254627313254e+01 1.800831383864509831e-07
5.022511255627814108e+01 1.795823454675247127e-07
5.026513256628314252e+01 1.790837354607609977e-07
5.030515257628814396e+01 1.785872951656077470e-07
5.034517258629314540e+01 1.780930114846837855e-07
5.038519259629814684e+01 1.776008714227850460e-07
5.042521260630314828e+01 1.771108620859019845e-07
5.046523261630814972e+01 1.766229706802489866e-07
5.050525262631315826e+01 1.761371845113035142e-07
5.054527263631815970e+01 1.756534909828583021e-07
5.058529264632316114e+01 1.751718775960820781e-07
5.062531265632816257e+01 1.746923319485920353e-07
5.066533266633316401e+01 1.742148417335377925e-07
5.070535267633816545e+01 1.737393947386933219e-07
5.074537268634316689e+01 1.732659788455617941e-07
5.078539269634817543e+01 1.727945820284883639e-07
5.082541270635317687e+01 1.723251923537844444e-07
5.086543271635817831e+01 1.718577979788608746e-07
5.090545272636317975e+01 1.713923871513713304e-07
5.094547273636818119e+01 1.709289482083651335e-07
5.098549274637318263e+01 1.704674695754494295e-07
5.102551275637819117e+01 1.700079397659609752e-07
5.106553276638319261e+01 1.695503473801471635e-07
5.110555277638819405e+01 1.690946811043558362e-07
5.114557278639319549e+01 1.686409297102342824e-07
5.118559279639819692e+01 1.681890820539368126e-07
5.122561280640319836e+01 1.677391270753422057e-07
5.126563281640819980e+01 1.672910537972778276e-07
5.130565282641320835e+01 1.668448513247544684e-07
5.134567283641820978e+01 1.664005088442079312e-07
5.138569284642321122e+01 1.659580156227497246e-07
5.142571285642821266e+01 1.655173610074257774e-07
5.146573286643321410e+01 1.650785344244837016e-07
5.150575287643821554e+01 1.646415253786470178e-07
5.154577288644321698e+01 1.642063234523981417e-07
5.158579289644822552e+01 1.637729183052691791e-07
5.162581290645322696e+01 1.633412996731403714e-07
5.166583291645822840e+01 1.629114573675451574e-07
5.170585292646322984e+01 1.624833812749846064e-07
5.174587293646823127e+01 1.620570613562472241e-07
5.178589294647323271e+01 1.616324876457379967e-07
5.182591295647823415e+01 1.612096502508133377e-07
5.186593296648324269e+01 1.607885393511232874e-07
5.190595297648824413e+01 1.603691451979621296e-07
5.194597298649324557e+01 1.599514581136235616e-07
5.198599299649824701e+01 1.595354684907653136e-07
5.202601300650324845e+01 1.591211667917785058e-07
5.206603301650824989e+01 1.587085435481651326e-07
5.210605302651325843e+01 1.582975893599212900e-07
5.214607303651825987e+01 1.578882948949276296e-07
5.218609304652326131e+01 1.574806508883451595e-07
5.222611305652826275e+01 1.570746481420193563e-07
5.226613306653326418e+01 1.566702775238882483e-07
5.230615307653826562e+01 1.562675299673986771e-07
5.234617308654326706e+01 1.558663964709275891e-07
5.238619309654827561e+01 1.554668680972097322e-07
5.242621310655327704e+01 1.550689359727717850e-07
5.246623311655827848e+01 1.546725912873713030e-07
5.250625312656327992e+01 1.542778252934427861e-07
5.254627313656828136e+01 1.538846293055488273e-07
5.258629314657328280e+01 1.534929946998369528e-07
5.262631315657828424e+01 1.531029129135024975e-07
5.266633316658329278e+01 1.527143754442567741e-07
5.270635317658829422e+01 1.523273738498005624e-07
5.274637318659329566e+01 1.519418997473038993e-07
5.278639319659829710e+01 1.515579448128900500e-07
5.282641320660329853e+01 1.511755007811257530e-07
5.286643321660829997e+01 1.507945594445160447e-07
5.290645322661330852e+01 1.504151126530051183e-07
5.294647323661830995e+01 1.500371523134812864e-07
5.298649324662331139e+01 1.496606703892877927e-07
5.302651325662831283e+01 1.492856588997380713e-07
5.306653326663331427e+01 1.489121099196365636e-07
5.310655327663831571e+01 1.485400155788039041e-07
5.314657328664331715e+01 1.481693680616071875e-07
5.318659329664832569e+01 1.478001596064948149e-07
5.322661330665332713e+01 1.474323825055364232e-07
5.326663331665832857e+01 1.470660291039670747e-07
5.330665332666333001e+01 1.467010917997359481e-07
5.334667333666833144e+01 1.463375630430607723e-07
5.338669334667333288e+01 1.459754353359846694e-07
5.342671335667833432e+01 1.456147012319392976e-07
5.346673336668334287e+01 1.452553533353116996e-07
5.350675337668834430e+01 1.448973843010153597e-07
5.354677338669334574e+01 1.445407868340656553e-07
5.358679339669834718e+01 1.441855536891597814e-07
5.362681340670334862e+01 1.438316776702603542e-07
5.366683341670835006e+01 1.434791516301837271e-07
5.370685342671335860e+01 1.431279684701923558e-07
5.374687343671836004e+01 1.427781211395907372e-07
5.378689344672336148e+01 1.424296026353256096e-07
5.382691345672836292e+01 1.420824060015900711e-07
5.386693346673336436e+01 1.417365243294321180e-07
5.390695347673836579e+01 1.413919507563662002e-07
5.394697348674336723e+01 1.410486784659893306e-07
5.398699349674837578e+01 1.407067006876001055e-07
5.402701350675337721e+01 1.403660106958226216e-07
5.406703351675837865e+01 1.400266018102331995e-07
5.410705352676338009e+01 1.396884673949909714e-07
5.414707353676838153e+01 1.393516008584721744e-07
5.418709354677338297e+01 1.390159956529082562e-07
5.422711355677838441e+01 1.386816452740266794e-07
5.426713356678339295e+01 1.383485432606963067e-07
5.430715357678839439e+01 1.380166831945754845e-07
5.434717358679339583e+01 1.376860586997635951e-07
5.438719359679839727e+01 1.373566634424563939e-07
5.442721360680339870e+01 1.370284911306040984e-07
5.446723361680840014e+01 1.367015355135736348e-07
5.450725362681340869e+01 1.363757903818129742e-07
5.454727363681841013e+01 1.360512495665198898e-07
5.458729364682341156e+01 1.357279069393127525e-07
5.462731365682841300e+01 1.354057564119056669e-07
5.466733366683341444e+01 1.350847919357855933e-07
5.470735367683841588e+01 1.347650075018936250e-07
5.474737368684341732e+01 1.344463971403080919e-07
5.478739369684842586e+01 1.341289549199318731e-07
5.482741370685342730e+01 1.338126749481821978e-07
5.486743371685842874e+01 1.334975513706828807e-07
5.490745372686343018e+01 1.331835783709604494e-07
5.494747373686843162e+01 1.328707501701424415e-07
5.498749374687343305e+01 1.325590610266588257e-07
5.502751375687843449e+01 1.322485052359458843e-07
5.506753376688344304e+01 1.319390771301541190e-07
5.510755377688844447e+01 1.316307710778568720e-07
5.514757378689344591e+01 1.313235814837632610e-07
5.518759379689844735e+01 1.310175027884337611e-07
5.522761380690344879e+01 1.307125294679972964e-07
5.526763381690845023e+01 1.304086560338722217e-07
5.530765382691345167e+01 1.301058770324892368e-07
5.534767383691846021e+01 1.298041870450170273e-07
5.538769384692346165e+01 1.295035806870909232e-07
5.542771385692846309e+01 1.292040526085427478e-07
5.546773386693346453e+01 1.289055974931350879e-07
5.550775387693846596e+01 1.286082100582961195e-07
5.554777388694346740e+01 1.283118850548586952e-07
5.558779389694847595e+01 1.280166172668001461e-07
5.562781390695347739e+01 1.277224015109858430e-07
5.566783391695847882e+01 1.274292326369141595e-07
5.570785392696348026e+01 1.271371055264643742e-07
5.574787393696848170e+01 1.268460150936468753e-07
5.578789394697348314e+01 1.265559562843549535e-07
5.582791395697848458e+01 1.262669240761199300e-07
5.586793396698349312e+01 1.259789134778677404e-07
5.590795397698849456e+01 1.256919195296781127e-07
5.594797398699349600e+01 1.254059373025457836e-07
5.598799399699849744e+01 1.251209618981436465e-07
5.602801400700349888e+01 1.248369884485888913e-07
5.606803401700850031e+01 1.245540121162101761e-07
5.610805402701350175e+01 1.242720280933178961e-07
5.614807403701851030e+01 1.239910316019756433e-07
5.618809404702351173e+01 1.237110178937747372e-07
5.622811405702851317e+01 1.234319822496096285e-07
5.626813406703351461e+01 1.231539199794564002e-07
5.630815407703851605e+01 1.228768264221523534e-07
5.634817408704351749e+01 1.226006969451785319e-07
5.638819409704852603e+01 1.223255269444432788e-07
5.642821410705352747e+01 1.220513118440683075e-07
5.646823411705852891e+01 1.217780470961763878e-07
5.650825412706353035e+01 1.215057281806813347e-07
5.654827413706853179e+01 1.212343506050792411e-07
5.658829414707353322e+01 1.209639099042422254e-07
5.662831415707853466e+01 1.206944016402133964e-07
5.666833416708354321e+01 1.204258214020043332e-07
5.670835417708854465e+01 1.201581648053938621e-07
5.674837418709354608e+01 1.198914274927283151e-07
5.678839419709854752e+01 1.196256051327248864e-07
5.682841420710354896e+01 1.193606934202749090e-07
5.686843421710855040e+01 1.190966880762501879e-07
5.690845422711355184e+01 1.188335848473107379e-07
5.694847423711856038e+01 1.185713795057139357e-07
5.698849424712356182e+01 1.183100678491256846e-07
5.702851425712856326e+01 1.180496457004327043e-07
5.706853426713356470e+01 1.177901089075573218e-07
5.710855427713856614e+01 1.175314533432730299e-07
5.714857428714356757e+01 1.172736749050222162e-07
5.718859429714857612e+01 1.170167695147351498e-07
5.722861430715357756e+01 1.167607331186509261e-07
5.726863431715857899e+01 1.165055616871394446e-07
5.730865432716358043e+01 1.162512512145253053e-07
5.734867433716858187e+01 1.159977977189133598e-07
5.738869434717358331e+01 1.157451972420151488e-07
5.742871435717858475e+01 1.154934458489776027e-07
5.746873436718359329e+01 1.152425396282126430e-07
5.750875437718859473e+01 1.149924746912287545e-07
5.754877438719359617e+01 1.147432471724635246e-07
5.758879439719859761e+01 1.144948532291175716e-07
5.762881440720359905e+01 1.142472890409908824e-07
5.766883441720860048e+01 1.140005508103190966e-07
5.770885442721360192e+01 1.137546347616124912e-07
5.774887443721861047e+01 1.135095371414952292e-07
5.778889444722361191e+01 1.132652542185472162e-07
5.782891445722861334e+01 1.130217822831458770e-07
5.786893446723361478e+01 1.127791176473106329e-07
5.790895447723861622e+01 1.125372566445478015e-07
5.794897448724361766e+01 1.122961956296970194e-07
5.798899449724862620e+01 1.120559309787794776e-07
5.802901450725362764e+01 1.118164590888466069e-07
5.806903451725862908e+01 1.115777763778304973e-07
5.810905452726363052e+01 1.113398792843959451e-07
5.814907453726863196e+01 1.111027642677927252e-07
5.818909454727363340e+01 1.108664278077102851e-07
5.822911455727863483e+01 1.106308664041327964e-07
5.826913456728364338e+01 1.103960765771957680e-07
5.830915457728864482e+01 1.101620548670441550e-07
5.834917458729364625e+01 1.099287978336907450e-07
5.838919459729864769e+01 1.096963020568768880e-07
5.842921460730364913e+01 1.094645641359332911e-07
5.846923461730865057e+01 1.092335806896430909e-07
5.850925462731365201e+01 1.090033483561049249e-07
5.854927463731866055e+01 1.087738637925981345e-07
5.858929464732366199e+01 1.085451236754484042e-07
5.862931465732866343e+01 1.083171246998948039e-07
5.866933466733366487e+01 1.080898635799579696e-07
5.870935467733866631e+01 1.078633370483091967e-07
5.874937468734366774e+01 1.076375418561408179e-07
5.878939469734866918e+01 1.074124747730374805e-07
5.882941470735367773e+01 1.071881325868486282e-07
5.886943471735867917e+01 1.069645121035619624e-07
5.890945472736368060e+01 1.067416101471778958e-07
5.894947473736868204e+01 1.065194235595850390e-07
5.898949474737368348e+01 1.062979492004369701e-07
5.902951475737868492e+01 1.060771839470294413e-07
5.906953476738369346e+01 1.058571246941793993e-07
5.910955477738869490e+01 1.056377683541041501e-07
5.914957478739369634e+01 1.054191118563023115e-07
5.918959479739869778e+01 1.052011521474347258e-07
5.922961480740369922e+01 1.049838861912076482e-07
5.926963481740870066e+01 1.047673109682556578e-07
5.930965482741370209e+01 1.045514234760263689e-07
5.934967483741871064e+01 1.043362207286654722e-07
5.938969484742371208e+01 1.041216997569032857e-07
5.942971485742871351e+01 1.039078576079416757e-07
5.946973486743371495e+01 1.036946913453422881e-07
5.950975487743871639e+01 1.034821980489155075e-07
5.954977488744371783e+01 1.032703748146102244e-07
5.958979489744871927e+01 1.030592187544047923e-07
5.962981490745372781e+01 1.028487269961984754e-07
5.966983491745872925e+01 1.026388966837041534e-07
5.970985492746373069e+01 1.024297249763416747e-07
5.974987493746873213e+01 1.022212090491317389e-07
5.978989494747373357e+01 1.020133460925915003e-07
5.982991495747873500e+01 1.018061333126301311e-07
5.986993496748374355e+01 1.015995679304456160e-07
5.990995497748874499e+01 1.013936471824225522e-07
5.994997498749374643e+01 1.011883683200298832e-07
5.998999499749874786e+01 1.009837286097211480e-07
6.003001500750374930e+01 1.007797253328332469e-07
6.007003501750875074e+01 1.005763557854882653e-07
6.011005502751375218e+01 1.003736172784943312e-07
6.015007503751876072e+01 1.001715071372483651e-07
6.019009504752376216e+01 9.997002270163893609e-08
6.023011505752876360e+01 9.976916132595029531e-08
6.027013506753376504e+01 9.956892037876697928e-08
6.031015507753876648e+01 9.936929724287904785e-08
6.035017508754376792e+01 9.917028931518848711e-08
6.039019509754876935e+01 9.897189400661575784e-08
6.043021510755377790e+01 9.877410874200765420e-08
6.047023511755877934e+01 9.857693096004550655e-08
6.051025512756378077e+01 9.838035811315397979e-08
6.055027513756878221e+01 9.818438766741143349e-08
6.059029514757378365e+01 9.798901710245947464e-08
6.063031515757878509e+01 9.779424391141506473e-08
6.067033516758379363e+01 9.760006560078150190e-08
6.071035517758879507e+01 9.740647969036157361e-08
6.075037518759379651e+01 9.721348371317040482e-08
6.079039519759879795e+01 9.702107521534921955e-08
6.083041520760379939e+01 9.682925175608038603e-08
6.087043521760880083e+01 9.663801090750198554e-08
6.091045522761380226e+01 9.644735025462412819e-08
6.095047523761881081e+01 9.625726739524514960e-08
6.099049524762381225e+01 9.606775993986897222e-08
6.103051525762881369e+01 9.587882551162285054e-08
6.107053526763381512e+01 9.569046174617546031e-08
6.111055527763881656e+01 9.550266629165641720e-08
6.115057528764381800e+01 9.531543680857553075e-08
6.119059529764881944e+01 9.512877096974332882e-08
6.123061530765382798e+01 9.494266646019175414e-08
6.127063531765882942e+01 9.475712097709574762e-08
6.131065532766383086e+01 9.457213222969540070e-08
6.135067533766883230e+01 9.438769793921839890e-08
6.139069534767383374e+01 9.420381583880348445e-08
6.143071535767883518e+01 9.402048367342418362e-08
6.147073536768384372e+01 9.383769919981324874e-08
6.151075537768884516e+01 9.365546018638776198e-08
6.155077538769384660e+01 9.347376441317447727e-08
6.159079539769884803e+01 9.329260967173615498e-08
6.163081540770384947e+01 9.311199376509814794e-08
6.167083541770885091e+01 9.293191450767568898e-08
6.171085542771385235e+01 9.275236972520136369e-08
6.175087543771886089e+01 9.257335725465411855e-08
6.179089544772386233e+01 9.239487494418734245e-08
6.183091545772886377e+01 9.221692065305876155e-08
6.187093546773386521e+01 9.203949225156020167e-08
6.191095547773886665e+01 9.186258762094810516e-08
6.195097548774386809e+01 9.168620465337436531e-08
6.199099549774886952e+01 9.151034125181792852e-08
6.203101550775387807e+01 9.133499533001676689e-08
6.207103551775887951e+01 9.116016481240049943e-08
6.211105552776388095e+01 9.098584763402293384e-08
6.215107553776888238e+01 9.081204174049632878e-08
6.219109554777388382e+01 9.063874508792465033e-08
6.223111555777888526e+01 9.046595564283856224e-08
6.227113556778388670e+01 9.029367138212996614e-08
6.231115557778889524e+01 9.012189029298795789e-08
6.235117558779389668e+01 8.995061037283445311e-08
6.239119559779889812e+01 8.977982962926038178e-08
6.243121560780389956e+01 8.960954607996319305e-08
6.247123561780890100e+01 8.943975775268344691e-08
6.251125562781390244e+01 8.927046268514320579e-08
6.255127563781891098e+01 8.910165892498377761e-08
6.259129564782391242e+01 8.893334452970499412e-08
6.263131565782891386e+01 8.876551756660386719e-08
6.267133566783391529e+01 8.859817611271446270e-08
6.271135567783891673e+01 8.843131825474776120e-08
6.275137568784391817e+01 8.826494208903227295e-08
6.279139569784891961e+01 8.809904572145494416e-08
6.283141570785392815e+01 8.793362726740242053e-08
6.287143571785892959e+01 8.776868485170289317e-08
6.291145572786393103e+01 8.760421660856828854e-08
6.295147573786893247e+01 8.744022068153667030e-08
6.299149574787393391e+01 8.727669522341568655e-08
6.303151575787893535e+01 8.711363839622556719e-08
6.307153576788393678e+01 8.695104837114340504e-08
6.311155577788894533e+01 8.678892332844697370e-08
6.315157578789394677e+01 8.662726145745968371e-08
6.319159579789894821e+01 8.646606095649559149e-08
6.323161580790394964e+01 8.630532003280471287e-08
6.327163581790895108e+01 8.614503690251907761e-08
6.331165582791395252e+01 8.598520979059871784e-08
6.335167583791896107e+01 8.582583693077858293e-08
6.339169584792396250e+01 8.566691656551533521e-08
6.343171585792896394e+01 8.550844694593466187e-08
6.347173586793396538e+01 8.535042633177932806e-08
6.351175587793896682e+01 8.519285299135697843e-08
6.355177588794396826e+01 8.503572520148887845e-08
6.359179589794896970e+01 8.487904124745861593e-08
6.363181590795397824e+01 8.472279942296155701e-08
6.367183591795897968e+01 8.456699803005415653e-08
6.371185592796398112e+01 8.441163537910407571e-08
6.375187593796898256e+01 8.425670978874052486e-08
6.379189594797398399e+01 8.410221958580471196e-08
6.383191595797898543e+01 8.394816310530116471e-08
6.387193596798398687e+01 8.379453869034873499e-08
6.391195597798899541e+01 8.364134469213270177e-08
6.395197598799399685e+01 8.348857946985634468e-08
6.399199599799899829e+01 8.333624139069366896e-08
6.403201600800400684e+01 8.318432882974202458e-08
6.407203601800900117e+01 8.303284016997514880e-08
6.411205602801400971e+01 8.288177380219634119e-08
6.415207603801900405e+01 8.273112812499264440e-08
6.419209604802401259e+01 8.258090154468817796e-08
6.423211605802900692e+01 8.243109247529931170e-08
6.427213606803401547e+01 8.228169933848848921e-08
6.431215607803902401e+01 8.213272056351991746e-08
6.435217608804401834e+01 8.198415458721446227e-08
6.439219609804902689e+01 8.183599985390524524e-08
6.443221610805402122e+01 8.168825481539387601e-08
6.447223611805902976e+01 8.154091793090616829e-08
6.451225612806402410e+01 8.139398766704939117e-08
6.455227613806903264e+01 8.124746249776828960e-08
6.459229614807404118e+01 8.110134090430279889e-08
6.463231615807903552e+01 8.095562137514530926e-08
6.467233616808404406e+01 8.081030240599808922e-08
6.471235617808903839e+01 8.066538249973183386e-08
6.475237618809404694e+01 8.052086016634352498e-08
6.479239619809904127e+01 8.037673392291531029e-08
6.483241620810404982e+01 8.023300229357307821e-08
6.487243621810905836e+01 8.008966380944586645e-08
6.491245622811405269e+01 7.994671700862529705e-08
6.495247623811906124e+01 7.980416043612502475e-08
6.499249624812405557e+01 7.966199264384107194e-08
6.503251625812906411e+01 7.952021219051177995e-08
6.507253626813405845e+01 7.937881764167880579e-08
6.511255627813906699e+01 7.923780756964715279e-08
6.515257628814407553e+01 7.909718055344706737e-08
6.519259629814906987e+01 7.895693517879498287e-08
6.523261630815407841e+01 7.881707003805492659e-08
6.527263631815907274e+01 7.867758373020101215e-08
6.531265632816408129e+01 7.853847486077876712e-08
6.535267633816907562e+01 7.839974204186820767e-08
6.539269634817408416e+01 7.826138389204600006e-08
6.543271635817909271e+01 7.812339903634861464e-08
6.547273636818408704e+01 7.798578610623541381e-08
6.551275637818909559e+01 7.784854373955189868e-08
6.555277638819408992e+01 7.771167058049349846e-08
6.559279639819909846e+01 7.757516527956941268e-08
6.563281640820410701e+01 7.743902649356671822e-08
6.567283641820910134e+01 7.730325288551480716e-08
6.571285642821410988e+01 7.716784312464971870e-08
6.575287643821910422e+01 7.703279588637950352e-08
6.579289644822411276e+01 7.689810985224868806e-08
6.583291645822910709e+01 7.676378370990403587e-08
6.587293646823411564e+01 7.662981615305995160e-08
6.591295647823912418e+01 7.649620588146416295e-08
6.595297648824411851e+01 7.636295160086389228e-08
6.599299649824912706e+01 7.623005202297188264e-08
6.603301650825412139e+01 7.609750586543309881e-08
6.607303651825912993e+01 7.596531185179117683e-08
6.611305652826412427e+01 7.583346871145556178e-08
6.615307653826913281e+01 7.570197517966830144e-08
6.619309654827414136e+01 7.557082999747166052e-08
6.623311655827913569e+01 7.544003191167569517e-08
6.627313656828414423e+01 7.530957967482572162e-08
6.631315657828913857e+01 7.517947204517064512e-08
6.635317658829414711e+01 7.504970778663089173e-08
6.639319659829914144e+01 7.492028566876706821e-08
6.643321660830414999e+01 7.479120446674817169e-08
6.647323661830915853e+01 7.466246296132095100e-08
6.651325662831415286e+01 7.453405993877847376e-08
6.655327663831916141e+01 7.440599419092964644e-08
6.659329664832415574e+01 7.427826451506837706e-08
6.663331665832916428e+01 7.415086971394347906e-08
6.667333666833415862e+01 7.402380859572833692e-08
6.671335667833916716e+01 7.389707997399094239e-08
6.675337668834417570e+01 7.377068266766415566e-08
6.679339669834917004e+01 7.364461550101628424e-08
6.683341670835417858e+01 7.351887730362117208e-08
6.687343671835917291e+01 7.339346691032978427e-08
6.691345672836418146e+01 7.326838316124038883e-08
6.695347673836917579e+01 7.314362490167040612e-08
6.699349674837418434e+01 7.301919098212731852e-08
6.703351675837919288e+01 7.289508025828046690e-08
6.707353676838418721e+01 7.277129159093283383e-08
6.711355677838919576e+01 7.264782384599258855e-08
6.715357678839419009e+01 7.252467589444575698e-08
6.719359679839919863e+01 7.240184661232795192e-08
6.723361680840420718e+01 7.227933488069733421e-08
6.727363681840920151e+01 7.215713958560683271e-08
6.731365682841421005e+01 7.203525961807715832e-08
6.735367683841920439e+01 7.191369387406988425e-08
6.739369684842421293e+01 7.179244125446047330e-08
6.743371685842920726e+01 7.167150066501162277e-08
6.747373686843421581e+01 7.155087101634682119e-08
6.751375687843922435e+01 7.143055122392391824e-08
6.755377688844421868e+01 7.131054020800934315e-08
6.759379689844922723e+01 7.119083689365146289e-08
6.763381690845422156e+01 7.107144021065551530e-08
6.767383691845923011e+01 7.095234909355733781e-08
6.771385692846422444e+01 7.083356248159822116e-08
6.775387693846923298e+01 7.071507931869945873e-08
6.779389694847424153e+01 7.059689855343726636e-08
6.783391695847923586e+01 7.047901913901776849e-08
6.787393696848424440e+01 7.036144003325187828e-08
6.791395697848923874e+01 7.024416019853111747e-08
6.795397698849424728e+01 7.012717860180256279e-08
6.799399699849924161e+01 7.001049421454498336e-08
6.803401700850425016e+01 6.989410601274405184e-08
6.807403701850925870e+01 6.977801297686875978e-08
6.811405702851425303e+01 6.966221409184735664e-08
6.815407703851926158e+01 6.954670834704330196e-08
6.819409704852425591e+01 6.943149473623211756e-08
6.823411705852926445e+01 6.931657225757757797e-08
6.827413706853425879e+01 6.920193991360850966e-08
6.831415707853926733e+01 6.908759671119568293e-08
6.835417708854427588e+01 6.897354166152853173e-08
6.839419709854927021e+01 6.885977378009279995e-08
6.843421710855427875e+01 6.874629208664694358e-08
6.847423711855927309e+01 6.863309560520055788e-08
6.851425712856428163e+01 6.852018336399101776e-08
6.855427713856927596e+01 6.840755439546179905e-08
6.859429714857428451e+01 6.829520773623986008e-08
6.863431715857929305e+01 6.818314242711397616e-08
6.867433716858428738e+01 6.807135751301255790e-08
6.871435717858929593e+01 6.795985204298195920e-08
6.875437718859429026e+01 6.784862507016503679e-08
6.879439719859929880e+01 6.773767565177920674e-08
6.883441720860429314e+01 6.762700284909567892e-08
6.887443721860930168e+01 6.751660572741773856e-08
6.891445722861431022e+01 6.740648335605995422e-08
6.895447723861930456e+01 6.729663480832693580e-08
6.899449724862431310e+01 6.718705916149276755e-08
6.903451725862930743e+01 6.707775549678012336e-08
6.907453726863431598e+01 6.696872289933980566e-08
6.911455727863932452e+01 6.685996045823015191e-08
6.915457728864431886e+01 6.675146726639687787e-08
6.919459729864932740e+01 6.664324242065265620e-08
6.923461730865432173e+01 6.653528502165736993e-08
6.927463731865933028e+01 6.642759417389773079e-08
6.931465732866432461e+01 6.632016898566771802e-08
6.935467733866933315e+01 6.621300856904893781e-08
6.939469734867434170e+01 6.610611203989074446e-08
6.943471735867933603e+01 6.599947851779111601e-08
6.947473736868434457e+01 6.589310712607696068e-08
6.951475737868933891e+01 6.578699699178511162e-08
6.955477738869434745e+01 6.568114724564316272e-08
6.959479739869934178e+01 6.557555702205037074e-08
6.963481740870435033e+01 6.547022545905894112e-08
6.967483741870935887e+01 6.536515169835508886e-08
6.971485742871435320e+01 6.526033488524057590e-08
6.975487743871936175e+01 6.515577416861387778e-08
6.979489744872435608e+01 6.505146870095207842e-08
6.983491745872936463e+01 6.494741763829230145e-08
6.987493746873435896e+01 6.484362014021371089e-08
6.991495747873936750e+01 6.474007536981914099e-08
6.995497748874437605e+01 6.463678249371746747e-08
6.999499749874937038e+01 6.453374068200540948e-08
7.003501750875437892e+01 6.443094910824991399e-08
7.007503751875937326e+01 6.432840694947042100e-08
7.011505752876438180e+01 6.422611338612145973e-08
7.015507753876937613e+01 6.412406760207499320e-08
7.019509754877438468e+01 6.402226878460306734e-08
7.023511755877939322e+01 6.392071612436084385e-08
7.027513756878438755e+01 6.381940881536915660e-08
7.031515757878939610e+01 6.371834605499769010e-08
7.035517758879439043e+01 6.361752704394774768e-08
7.039519759879939897e+01 6.351695098623581373e-08
7.043521760880439331e+01 6.341661708917653365e-08
7.047523761880940185e+01 6.331652456336620995e-08
7.051525762881441040e+01 6.321667262266604687e-08
7.055527763881940473e+01 6.311706048418621557e-08
7.059529764882441327e+01 6.301768736826887376e-08
7.063531765882940761e+01 6.291855249847241620e-08
7.067533766883441615e+01 6.281965510155505019e-08
7.071535767883942469e+01 6.272099440745895342e-08
7.075537768884441903e+01 6.262256964929416707e-08
7.079539769884942757e+01 6.252438006332276694e-08
7.083541770885442190e+01 6.242642488894310064e-08
7.087543771885943045e+01 6.232870336867415724e-08
7.091545772886442478e+01 6.223121474813996328e-08
7.095547773886943332e+01 6.213395827605408476e-08
7.099549774887444187e+01 6.203693320420416875e-08
7.103551775887943620e+01 6.194013878743690858e-08
7.107553776888444474e+01 6.184357428364229433e-08
7.111555777888943908e+01 6.174723895373914707e-08
7.115557778889444762e+01 6.165113206165947522e-08
7.119559779889944195e+01 6.155525287433399561e-08
7.123561780890445050e+01 6.145960066167699274e-08
7.127563781890945904e+01 6.136417469657160159e-08
7.131565782891445338e+01 6.126897425485519630e-08
7.135567783891946192e+01 6.117399861530468622e-08
7.139569784892445625e+01 6.107924705962206337e-08
7.143571785892946480e+01 6.098471887241992353e-08
7.147573786893445913e+01 6.089041334120726518e-08
7.151575787893946767e+01 6.079632975637491784e-08
7.155577788894447622e+01 6.070246741118163227e-08
7.159579789894947055e+01 6.060882560173998529e-08
7.163581790895447909e+01 6.051540362700215224e-08
7.167583791895947343e+01 6.042220078874616921e-08
7.171585792896448197e+01 6.032921639156185109e-08
7.175587793896947630e+01 6.023644974283742434e-08
7.179589794897448485e+01 6.014390015274531273e-08
7.183591795897949339e+01 6.005156693422895535e-08
7.187593796898448772e+01 5.995944940298904237e-08
7.191595797898949627e+01 5.986754687747002868e-08
7.195597798899449060e+01 5.977585867884697838e-08
7.199599799899949915e+01 5.968438413101197257e-08
7.203601800900449348e+01 5.959312256056112593e-08
7.207603801900950202e+01 5.950207329678122607e-08
7.211605802901451057e+01 5.941123567163686927e-08
7.215607803901950490e+01 5.932060901975727845e-08
7.219609804902451344e+01 5.923019267842347203e-08
7.223611805902950778e+01 5.913998598755543926e-08
7.227613806903451632e+01 5.904998828969917668e-08
7.231615807903951065e+01 5.896019893001427376e-08
7.235617808904451920e+01 5.887061725626092291e-08
7.239619809904952774e+01 5.878124261878778301e-08
7.243621810905452207e+01 5.869207437051912179e-08
7.247623811905953062e+01 5.860311186694253381e-08
7.251625812906452495e+01 5.851435446609669820e-08
7.255627813906953349e+01 5.842580152855883858e-08
7.259629814907454204e+01 5.833745241743282494e-08
7.263631815907953637e+01 5.824930649833686513e-08
7.267633816908454492e+01 5.816136313939133545e-08
7.271635817908953925e+01 5.807362171120708757e-08
7.275637818909454779e+01 5.798608158687312685e-08
7.279639819909954213e+01 5.789874214194512451e-08
7.283641820910455067e+01 5.781160275443330102e-08
7.287643821910955921e+01 5.772466280479092501e-08
7.291645822911455355e+01 5.763792167590258056e-08
7.295647823911956209e+01 5.755137875307246753e-08
7.299649824912455642e+01 5.746503342401297985e-08
7.303651825912956497e+01 5.737888507883315810e-08
7.307653826913455930e+01 5.729293311002747291e-08
7.311655827913956784e+01 5.720717691246409228e-08
7.315657828914457639e+01 5.712161588337408184e-08
7.319659829914957072e+01 5.703624942233992365e-08
7.323661830915457926e+01 5.695107693128419370e-08
7.327663831915957360e+01 5.686609781445898727e-08
7.331665832916458214e+01 5.678131147843430531e-08
7.335667833916957647e+01 5.669671733208760547e-08
7.339669834917458502e+01 5.661231478659249951e-08
7.343671835917959356e+01 5.652810325540805953e-08
7.347673836918458790e+01 5.644408215426825653e-08
7.351675837918959644e+01 5.636025090117079674e-08
7.355677838919459077e+01 5.627660891636681829e-08
7.359679839919959932e+01 5.619315562235007170e-08
7.363681840920459365e+01 5.610989044384659663e-08
7.367683841920960219e+01 5.602681280780395532e-08
7.371685842921461074e+01 5.594392214338107482e-08
7.375687843921960507e+01 5.586121788193771197e-08
7.379689844922461361e+01 5.577869945702416335e-08
7.383691845922960795e+01 5.569636630437109421e-08
7.387693846923461649e+01 5.561421786187913584e-08
7.391695847923961082e+01 5.553225356960905210e-08
7.395697848924461937e+01 5.545047286977138307e-08
7.399699849924962791e+01 5.536887520671657847e-08
7.403701850925462224e+01 5.528746002692487956e-08
7.407703851925963079e+01 5.520622677899651211e-08
7.411705852926462512e+01 5.512517491364186609e-08
7.415707853926963367e+01 5.504430388367142396e-08
7.419709854927464221e+01 5.496361314398637044e-08
7.423711855927963654e+01 5.488310215156859366e-08
7.427713856928464509e+01 5.480277036547113606e-08
7.431715857928963942e+01 5.472261724680864552e-08
7.435717858929464796e+01 5.464264225874771385e-08
7.439719859929964230e+01 5.456284486649754619e-08
7.443721860930465084e+01 5.448322453730027307e-08
7.447723861930965938e+01 5.440378074042191098e-08
7.451725862931465372e+01 5.432451294714268109e-08
7.455727863931966226e+01 5.424542063074783738e-08
7.459729864932465659e+01 5.416650326651858761e-08
7.463731865932966514e+01 5.408776033172263029e-08
7.467733866933465947e+01 5.400919130560525428e-08
7.471735867933966802e+01 5.393079566938008093e-08
7.475737868934467656e+01 5.385257290622013058e-08
7.479739869934967089e+01 5.377452250124882279e-08
7.483741870935467944e+01 5.369664394153096341e-08
7.487743871935967377e+01 5.361893671606393674e-08
7.491745872936468231e+01 5.354140031576879848e-08
7.495747873936967665e+01 5.346403423348151419e-08
7.499749874937468519e+01 5.338683796394416475e-08
7.503751875937969373e+01 5.330981100379633042e-08
7.507753876938468807e+01 5.323295285156638889e-08
7.511755877938969661e+01 5.315626300766281338e-08
7.515757878939469094e+01 5.307974097436581476e-08
7.519759879939969949e+01 5.300338625581858671e-08
7.523761880940469382e+01 5.292719835801907359e-08
7.527763881940970236e+01 5.285117678881126852e-08
7.531765882941471091e+01 5.277532105787715993e-08
7.535767883941970524e+01 5.269963067672817524e-08
7.539769884942471379e+01 5.262410515869688252e-08
7.543771885942970812e+01 5.254874401892884449e-08
7.547773886943471666e+01 5.247354677437435990e-08
7.551775887943971100e+01 5.239851294378037039e-08
7.555777888944471954e+01 5.232364204768216888e-08
7.559779889944972808e+01 5.224893360839561741e-08
7.563781890945472242e+01 5.217438715000888858e-08
7.567783891945973096e+01 5.210000219837445183e-08
7.571785892946472529e+01 5.202577828110137735e-08
7.575787893946973384e+01 5.195171492754714368e-08
7.579789894947472817e+01 5.187781166881004088e-08
7.583791895947973671e+01 5.180406803772111713e-08
7.587793896948474526e+01 5.173048356883654213e-08
7.591795897948973959e+01 5.165705779842993096e-08
7.595797898949474813e+01 5.158379026448443613e-08
7.599799899949974247e+01 5.151068050668524348e-08
7.603801900950475101e+01 5.143772806641197532e-08
7.607803901950975956e+01 5.136493248673106049e-08
7.611805902951475389e+01 5.129229331238821039e-08
7.615807903951976243e+01 5.121981008980092135e-08
7.619809904952475677e+01 5.114748236705106976e-08
7.623811905952976531e+01 5.107530969387736813e-08
7.627813906953475964e+01 5.100329162166821169e-08
7.631815907953976819e+01 5.093142770345406828e-08
7.635817908954477673e+01 5.085971749390038448e-08
7.639819909954977106e+01 5.078816054930034611e-08
7.643821910955477961e+01 5.071675642756736743e-08
7.647823911955977394e+01 5.064550468822834137e-08
7.651825912956478248e+01 5.057440489241605589e-08
7.655827913956977682e+01 5.050345660286245086e-08
7.659829914957478536e+01 5.043265938389121970e-08
7.663831915957979390e+01 5.036201280141110597e-08
7.667833916958478824e+01 5.029151642290864396e-08
7.671835917958979678e+01 5.022116981744127664e-08
7.675837918959479111e+01 5.015097255563049988e-08
7.679839919959979966e+01 5.008092420965486790e-08
7.683841920960479399e+01 5.001102435324319711e-08
7.687843921960980254e+01 4.994127256166775677e-08
7.691845922961481108e+01 4.987166841173741993e-08
7.695847923961980541e+01 4.980221148179097981e-08
7.699849924962481396e+01 4.973290135169041988e-08
7.703851925962980829e+01 4.966373760281422358e-08
7.707853926963481683e+01 4.959471981805075692e-08
7.711855927963981117e+01 4.952584758179163115e-08
7.715857928964481971e+01 4.945712047992507872e-08
7.719859929964982825e+01 4.938853809982954098e-08
7.723861930965482259e+01 4.932010003036711686e-08
7.727863931965983113e+01 4.925180586187689917e-08
7.731865932966482546e+01 4.918365518616893284e-08
7.735867933966983401e+01 4.911564759651729967e-08
7.739869934967482834e+01 4.904778268765421562e-08
7.743871935967983688e+01 4.898006005576334714e-08
7.747873936968484543e+01 4.891247929847376948e-08
7.751875937968983976e+01 4.884504001485348818e-08
7.755877938969484831e+01 4.877774180540323195e-08
7.759879939969984264e+01 4.871058427205031824e-08
7.763881940970485118e+01 4.864356701814240643e-08
7.767883941970985973e+01 4.857668964844135017e-08
7.771885942971485406e+01 4.850995176911712924e-08
7.775887943971986260e+01 4.844335298774167543e-08
7.779889944972485694e+01 4.837689291328296979e-08
7.783891945972986548e+01 4.831057115609874945e-08
7.787893946973485981e+01 4.824438732793084307e-08
7.791895947973986836e+01 4.817834104189891738e-08
7.795897948974487690e+01 4.811243191249475968e-08
7.799899949974987123e+01 4.804665955557626261e-08
7.803901950975487978e+01 4.798102358836145518e-08
7.807903951975987411e+01 4.791552362942296400e-08
7.811905952976488265e+01 4.785015929868184582e-08
7.815907953976987699e+01 4.778493021740204870e-08
7.819909954977488553e+01 4.771983600818450927e-08
7.823911955977989408e+01 4.765487629496159409e-08
7.827913956978488841e+01 4.759005070299117701e-08
7.831915957978989695e+01 4.752535885885112683e-08
7.835917958979489129e+01 4.746080039043368254e-08
7.839919959979989983e+01 4.739637492693968942e-08
7.843921960980489416e+01 4.733208209887321254e-08
7.847923961980990271e+01 4.726792153803577951e-08
7.851925962981491125e+01 4.720389287752102040e-08
7.855927963981990558e+01 4.713999575170911567e-08
7.859929964982491413e+01 4.707622979626127725e-08
7.863931965982990846e+01 4.701259464811430233e-08
7.867933966983491700e+01 4.694908994547521993e-08
7.871935967983991134e+01 4.688571532781592407e-08
7.875937968984491988e+01 4.682247043586763502e-08
7.879939969984992842e+01 4.675935491161579061e-08
7.883941970985492276e+01 4.669636839829457363e-08
7.887943971985993130e+01 4.663351054038169062e-08
7.891945972986492563e+01 4.657078098359311765e-08
7.895947973986993418e+01 4.650817937487782622e-08
7.899949974987492851e+01 4.644570536241262827e-08
7.903951975987993706e+01 4.638335859559698806e-08
7.907953976988494560e+01 4.632113872504784740e-08
7.911955977988993993e+01 4.625904540259449708e-08
7.915957978989494848e+01 4.619707828127349467e-08
7.919959979989994281e+01 4.613523701532359559e-08
7.923961980990495135e+01 4.607352126018063119e-08
7.927963981990994569e+01 4.601193067247264493e-08
7.931965982991495423e+01 4.595046491001463149e-08
7.935967983991996277e+01 4.588912363180377887e-08
7.939969984992495711e+01 4.582790649801451850e-08
7.943971985992996565e+01 4.576681316999337028e-08
7.947973986993495998e+01 4.570584331025436330e-08
7.951975987993996853e+01 4.564499658247378156e-08
7.955977988994497707e+01 4.558427265148568402e-08
7.959979989994997140e+01 4.552367118327688851e-08
7.963981990995497995e+01 4.546319184498202194e-08
7.967983991995997428e+01 4.540283430487906010e-08
7.971985992996498283e+01 4.534259823238427855e-08
7.975987993996997716e+01 4.528248329804771972e-08
7.979989994997498570e+01 4.522248917354826947e-08
7.983991995997999425e+01 4.516261553168926313e-08
7.987993996998498858e+01 4.510286204639348274e-08
7.991995997998999712e+01 4.504322839269872993e-08
7.995997998999499146e+01 4.498371424675318713e-08
8.000000000000000000e+01 4.492431928581065958e-08
