0.000000000000000000e+00 1.200667716581518585e-04
4.002001000500250011e-02 1.206803447283588449e-04
8.004002001000500022e-02 1.212988935779669541e-04
1.200600300150075073e-01 1.219224743202896449e-04
1.600800400200100004e-01 1.225511438847007165e-04
2.001000500250124936e-01 1.231849600312130060e-04
2.401200600300150145e-01 1.238239813653663679e-04
2.801400700350175077e-01 1.244682673534326070e-04
3.201600800400200009e-01 1.251178783379452921e-04
3.601800900450224940e-01 1.257728755535621212e-04
4.002001000500249872e-01 1.264333211432688657e-04
4.402201100550274804e-01 1.270992781749323455e-04
4.802401200600300291e-01 1.277708106582121396e-04
5.202601300650324667e-01 1.284479835618394078e-04
5.602801400700350154e-01 1.291308628312725271e-04
6.003001500750374531e-01 1.298195154067388114e-04
6.403201600800400017e-01 1.305140092416713703e-04
6.803401700850425504e-01 1.312144133215533282e-04
7.203601800900449881e-01 1.319207976831771045e-04
7.603801900950475368e-01 1.326332334343311120e-04
8.004002001000499744e-01 1.333517927739247722e-04
8.404202101050525231e-01 1.340765490125619562e-04
8.804402201100549608e-01 1.348075765935761062e-04
9.204602301150575094e-01 1.355449511145378517e-04
9.604802401200600581e-01 1.362887493492474279e-04
1.000500250125062607e+00 1.370390492702258255e-04
1.040520260130064933e+00 1.377959300717158421e-04
1.080540270135067482e+00 1.385594721932083208e-04
1.120560280140070031e+00 1.393297573435060713e-04
1.160580290145072579e+00 1.401068685253405719e-04
1.200600300150074906e+00 1.408908900605557906e-04
1.240620310155077455e+00 1.416819076158741411e-04
1.280640320160080003e+00 1.424800082292612712e-04
1.320660330165082552e+00 1.432852803369035605e-04
1.360680340170085101e+00 1.440978138008170849e-04
1.400700350175087427e+00 1.449176999371047712e-04
1.440720360180089976e+00 1.457450315448773548e-04
1.480740370185092525e+00 1.465799029358598774e-04
1.520760380190095074e+00 1.474224099646983101e-04
1.560780390195097400e+00 1.482726500599896625e-04
1.600800400200099949e+00 1.491307222560517363e-04
1.640820410205102498e+00 1.499967272254568607e-04
1.680840420210105046e+00 1.508707673123467691e-04
1.720860430215107595e+00 1.517529465665541763e-04
1.760880440220109922e+00 1.526433707785510865e-04
1.800900450225112470e+00 1.535421475152479566e-04
1.840920460230115019e+00 1.544493861566685969e-04
1.880940470235117568e+00 1.553651979335234675e-04
1.920960480240120116e+00 1.562896959657096444e-04
1.960980490245122443e+00 1.572229953017611136e-04
2.001000500250125214e+00 1.581652129592791590e-04
2.041020510255127540e+00 1.591164679663695659e-04
2.081040520260129867e+00 1.600768814041154280e-04
2.121060530265132638e+00 1.610465764501171622e-04
2.161080540270134964e+00 1.620256784231288401e-04
2.201100550275137291e+00 1.630143148288255611e-04
2.241120560280140062e+00 1.640126154067305948e-04
2.281140570285142388e+00 1.650207121783426006e-04
2.321160580290145159e+00 1.660387394964916009e-04
2.361180590295147486e+00 1.670668340959666415e-04
2.401200600300149812e+00 1.681051351454480728e-04
2.441220610305152583e+00 1.691537843007855427e-04
2.481240620310154910e+00 1.702129257596632806e-04
2.521260630315157680e+00 1.712827063176917031e-04
2.561280640320160007e+00 1.723632754259712854e-04
2.601300650325162334e+00 1.734547852501714695e-04
2.641320660330165104e+00 1.745573907311717720e-04
2.681340670335167431e+00 1.756712496473133934e-04
2.721360680340170202e+00 1.767965226783100631e-04
2.761380690345172528e+00 1.779333734708688874e-04
2.801400700350174855e+00 1.790819687060773101e-04
2.841420710355177626e+00 1.802424781686060018e-04
2.881440720360179952e+00 1.814150748177908350e-04
2.921460730365182723e+00 1.825999348606467990e-04
2.961480740370185050e+00 1.837972378268796928e-04
3.001500750375187376e+00 1.850071666459560398e-04
3.041520760380190147e+00 1.862299077262980667e-04
3.081540770385192474e+00 1.874656510366715350e-04
3.121560780390194800e+00 1.887145901898352183e-04
3.161580790395197571e+00 1.899769225285284613e-04
3.201600800400199898e+00 1.912528492138684062e-04
3.241620810405202668e+00 1.925425753162378470e-04
3.281640820410204995e+00 1.938463099087456255e-04
3.321660830415207322e+00 1.951642661633404220e-04
3.361680840420210092e+00 1.964966614496696919e-04
3.401700850425212419e+00 1.978437174367718389e-04
3.441720860430215190e+00 1.992056601976963039e-04
3.481740870435217516e+00 2.005827203171500414e-04
3.521760880440219843e+00 2.019751330022715396e-04
3.561780890445222614e+00 2.033831381966372807e-04
3.601800900450224940e+00 2.048069806976102550e-04
3.641820910455227711e+00 2.062469102771449922e-04
3.681840920460230038e+00 2.077031818061655271e-04
3.721860930465232364e+00 2.091760553826407657e-04
3.761880940470235135e+00 2.106657964634828294e-04
3.801900950475237462e+00 2.121726760004016257e-04
3.841920960480240232e+00 2.136969705798541530e-04
3.881940970485242559e+00 2.152389625672288876e-04
3.921960980490244886e+00 2.167989402554180468e-04
3.961980990495247656e+00 2.183771980179277520e-04
4.002001000500250427e+00 2.199740364666910271e-04
4.042021010505252754e+00 2.215897626147480528e-04
4.082041020510255080e+00 2.232246900439705884e-04
4.122061030515257407e+00 2.248791390780088611e-04
4.162081040520259734e+00 2.265534369606514973e-04
4.202101050525262949e+00 2.282479180397948713e-04
4.242121060530265275e+00 2.299629239572259195e-04
4.282141070535267602e+00 2.316988038444309228e-04
4.322161080540269928e+00 2.334559145246537122e-04
4.362181090545272255e+00 2.352346207214330931e-04
4.402201100550274582e+00 2.370352952738609680e-04
4.442221110555277797e+00 2.388583193588124755e-04
4.482241120560280123e+00 2.407040827204093032e-04
4.522261130565282450e+00 2.425729839069915331e-04
4.562281140570284776e+00 2.444654305158782889e-04
4.602301150575287103e+00 2.463818394462191858e-04
4.642321160580290318e+00 2.483226371602434424e-04
4.682341170585292645e+00 2.502882599532313987e-04
4.722361180590294971e+00 2.522791542325445975e-04
4.762381190595297298e+00 2.542957768060708878e-04
4.802401200600299624e+00 2.563385951804462125e-04
4.842421210605302839e+00 2.584080878694444781e-04
4.882441220610305166e+00 2.605047447129332457e-04
4.922461230615307493e+00 2.626290672068154800e-04
4.962481240620309819e+00 2.647815688443974874e-04
5.002501250625312146e+00 2.669627754696407953e-04
5.042521260630315361e+00 2.691732256427790309e-04
5.082541270635317687e+00 2.714134710187978837e-04
5.122561280640320014e+00 2.736840767393111445e-04
5.162581290645322341e+00 2.759856218383712357e-04
5.202601300650324667e+00 2.783186996627992692e-04
5.242621310655327882e+00 2.806839183076309421e-04
5.282641320660330209e+00 2.830819010673104154e-04
5.322661330665332535e+00 2.855132869032922906e-04
5.362681340670334862e+00 2.879787309287461174e-04
5.402701350675337189e+00 2.904789049110829079e-04
5.442721360680340403e+00 2.930144977930699180e-04
5.482741370685342730e+00 2.955862162333276560e-04
5.522761380690345057e+00 2.981947851670461785e-04
5.562781390695347383e+00 3.008409483877956233e-04
5.602801400700349710e+00 3.035254691513552074e-04
5.642821410705352925e+00 3.062491308025239514e-04
5.682841420710355251e+00 3.090127374259270731e-04
5.722861430715357578e+00 3.118171145218863178e-04
5.762881440720359905e+00 3.146631097084703552e-04
5.802901450725362231e+00 3.175515934509033915e-04
5.842921460730365446e+00 3.204834598195669586e-04
5.882941470735367773e+00 3.234596272778949449e-04
5.922961480740370099e+00 3.264810395015298617e-04
5.962981490745372426e+00 3.295486662301774544e-04
6.003001500750374753e+00 3.326635041536752106e-04
6.043021510755377079e+00 3.358265778338636633e-04
6.083041520760380294e+00 3.390389406639449056e-04
6.123061530765382621e+00 3.423016758670900379e-04
6.163081540770384947e+00 3.456158975361610245e-04
6.203101550775387274e+00 3.489827517165089866e-04
6.243121560780389601e+00 3.524034175339173193e-04
6.283141570785392815e+00 3.558791083698751656e-04
6.323161580790395142e+00 3.594110730864804085e-04
6.363181590795397469e+00 3.630005973034077307e-04
6.403201600800399795e+00 3.666490047295011662e-04
6.443221610805402122e+00 3.703576585517088572e-04
6.483241620810405337e+00 3.741279628842160768e-04
6.523261630815407663e+00 3.779613642808067001e-04
6.563281640820409990e+00 3.818593533136523327e-04
6.603301650825412317e+00 3.858234662219081753e-04
6.643321660830414643e+00 3.898552866337023828e-04
6.683341670835417858e+00 3.939564473652986624e-04
6.723361680840420185e+00 3.981286323014524421e-04
6.763381690845422511e+00 4.023735783612028202e-04
6.803401700850424838e+00 4.066930775536039102e-04
6.843421710855427165e+00 4.110889791281704606e-04
6.883441720860430380e+00 4.155631918250924641e-04
6.923461730865432706e+00 4.201176862305926033e-04
6.963481740870435033e+00 4.247544972431189191e-04
7.003501750875437359e+00 4.294757266564263459e-04
7.043521760880439686e+00 4.342835458659640726e-04
7.083541770885442901e+00 4.391801987054045676e-04
7.123561780890445227e+00 4.441680044205621627e-04
7.163581790895447554e+00 4.492493607884267843e-04
7.203601800900449881e+00 4.544267473895170447e-04
7.243621810905452207e+00 4.597027290423010676e-04
7.283641820910455422e+00 4.650799594089844650e-04
7.323661830915457749e+00 4.705611847825904161e-04
7.363681840920460075e+00 4.761492480658973433e-04
7.403701850925462402e+00 4.818470929535078836e-04
7.443721860930464729e+00 4.876577683290771290e-04
7.483741870935467944e+00 4.935844328905357372e-04
7.523761880940470270e+00 4.996303600170198160e-04
7.563781890945472597e+00 5.057989428921558575e-04
7.603801900950474923e+00 5.120936998993622395e-04
7.643821910955477250e+00 5.185182803059136102e-04
7.683841920960480465e+00 5.250764702536983661e-04
7.723861930965482792e+00 5.317721990758588965e-04
7.763881940970485118e+00 5.386095459598736705e-04
7.803901950975487445e+00 5.455927469791212615e-04
7.843921960980489771e+00 5.527262025165585561e-04
7.883941970985492098e+00 5.600144851058802250e-04
7.923961980990495313e+00 5.674623477173825793e-04
7.963981990995497640e+00 5.750747325177920461e-04
8.004002001000500854e+00 5.828567801355014240e-04
8.044022011005502293e+00 5.908138394650374508e-04
8.084042021010505508e+00 5.989514780471625298e-04
8.124062031015506946e+00 6.072754930638115702e-04
8.164082041020510161e+00 6.157919229901097705e-04
8.204102051025513376e+00 6.245070599490183541e-04
8.244122061030514814e+00 6.334274628177615375e-04
8.284142071035518029e+00 6.425599711390988372e-04
8.324162081040519467e+00 6.519117198947748954e-04
8.364182091045522682e+00 6.614901552031444282e-04
8.404202101050525897e+00 6.713030510080287942e-04
8.444222111055527336e+00 6.813585268314285978e-04
8.484242121060530550e+00 6.916650666687716850e-04
8.524262131065531989e+00 7.022315391119882252e-04
8.564282141070535204e+00 7.130672187930148015e-04
8.604302151075536642e+00 7.241818092482150537e-04
8.644322161080539857e+00 7.355854673129978401e-04
8.684342171085543072e+00 7.472888291654319849e-04
8.724362181090544510e+00 7.593030381482132303e-04
8.764382191095547725e+00 7.716397745098894532e-04
8.804402201100549163e+00 7.843112872189670270e-04
8.844422211105552378e+00 7.973304280185846164e-04
8.884442221110555593e+00 8.107106879048392879e-04
8.924462231115557032e+00 8.244662362289835759e-04
8.964482241120560246e+00 8.386119626425203415e-04
9.004502251125561685e+00 8.531635221250816583e-04
9.044522261130564900e+00 8.681373833581025861e-04
9.084542271135568114e+00 8.835508807328223751e-04
9.124562281140569553e+00 8.994222703096040007e-04
9.164582291145572768e+00 9.157707900770452325e-04
9.204602301150574206e+00 9.326167248944367298e-04
9.244622311155577421e+00 9.499814765401567518e-04
9.284642321160580636e+00 9.678876393320975284e-04
9.324662331165582074e+00 9.863590818347560060e-04
9.364682341170585289e+00 1.005421035221882968e-03
9.404702351175586728e+00 1.025100188924235340e-03
9.444722361180589942e+00 1.045424794259979927e-03
9.484742371185593157e+00 1.066424776821493694e-03
9.524762381190594596e+00 1.088131858477939988e-03
9.564782391195597810e+00 1.110579689949306014e-03
9.604802401200599249e+00 1.133803995015967691e-03
9.644822411205602464e+00 1.157842727550244732e-03
9.684842421210605679e+00 1.182736242694471061e-03
9.724862431215607117e+00 1.208527483666454799e-03
9.764882441220610332e+00 1.235262185850213466e-03
9.804902451225611770e+00 1.262989100030829275e-03
9.844922461230614985e+00 1.291760236860648369e-03
9.884942471235618200e+00 1.321631134904067929e-03
9.924962481240619638e+00 1.352661154904717536e-03
9.964982491245622853e+00 1.384913803257670434e-03
1.000500250125062429e+01 1.418457088057102329e-03
1.004502251125562751e+01 1.453363911534566412e-03
1.008504252126063072e+01 1.489712503213892238e-03
1.012506253126563216e+01 1.527586898696914244e-03
1.016508254127063537e+01 1.567077469672605331e-03
1.020510255127563681e+01 1.608281511526273629e-03
1.024512256128064003e+01 1.651303895833874111e-03
1.028514257128564324e+01 1.696257796080745438e-03
1.032516258129064468e+01 1.743265496171019771e-03
1.036518259129564790e+01 1.792459292724579972e-03
1.040520260130064933e+01 1.843982503831017358e-03
1.044522261130565255e+01 1.897990598890192220e-03
1.048524262131065576e+01 1.954652466471827176e-03
1.052526263131565720e+01 2.014151839839645360e-03
1.056528264132066042e+01 2.076688902990054836e-03
1.060530265132566186e+01 2.142482103851432902e-03
1.064532266133066507e+01 2.211770205799866353e-03
1.068534267133566829e+01 2.284814614020778262e-03
1.072536268134066972e+01 2.361902019669203691e-03
1.076538269134567294e+01 2.443347412483740967e-03
1.080540270135067438e+01 2.529497521776404977e-03
1.084542271135567759e+01 2.620734756909228868e-03
1.088544272136068081e+01 2.717481731924953695e-03
1.092546273136568225e+01 2.820206475486764560e-03
1.096548274137068546e+01 2.929428447411174929e-03
1.100550275137568690e+01 3.045725507752511906e-03
1.104552276138069011e+01 3.169742014770139237e-03
1.108554277138569333e+01 3.302198265658102833e-03
1.112556278139069477e+01 3.443901540548701366e-03
1.116558279139569798e+01 3.595759068485727093e-03
1.120560280140069942e+01 3.758793307020271909e-03
1.124562281140570263e+01 3.934160019032862873e-03
1.128564282141070585e+01 4.123169746895957721e-03
1.132566283141570729e+01 4.327313432549864149e-03
1.136568284142071050e+01 4.548293122341500773e-03
1.140570285142571194e+01 4.788058940846444574e-03
1.144572286143071516e+01 5.048853836348617813e-03
1.148574287143571837e+01 5.333268016741307509e-03
1.152576288144071981e+01 5.644305542120627538e-03
1.156578289144572302e+01 5.985466266122994351e-03
1.160580290145072446e+01 6.360847287666939950e-03
1.164582291145572768e+01 6.775269380733901434e-03
1.168584292146073089e+01 7.234435644018695141e-03
1.172586293146573233e+01 7.745132044433770957e-03
1.176588294147073555e+01 8.315482894376792153e-03
1.180590295147573698e+01 8.955279007620707901e-03
1.184592296148074020e+01 9.676402924708307068e-03
1.188594297148574341e+01 1.049338509054332548e-02
1.192596298149074485e+01 1.142413858012472812e-02
1.196598299149574807e+01 1.249094002004134084e-02
1.200600300150074951e+01 1.372175404068123883e-02
1.204602301150575272e+01 1.515204311357600322e-02
1.208604302151075416e+01 1.682727226046805066e-02
1.212606303151575737e+01 1.880642218639169000e-02
1.216608304152076059e+01 2.116698645641976184e-02
1.220610305152576203e+01 2.401218335536397727e-02
1.224612306153076524e+01 2.748151711244880072e-02
1.228614307153576668e+01 3.176646330861863238e-02
1.232616308154076989e+01 3.713405344000816899e-02
1.236618309154577311e+01 4.396262801057302522e-02
1.240620310155077455e+01 5.279599371423487897e-02
1.244622311155577776e+01 6.442379080323606955e-02
1.248624312156077920e+01 7.999285135620708143e-02
1.252626313156578242e+01 1.011309055068089768e-01
1.256628314157078563e+01 1.299685121961113021e-01
1.260630315157578707e+01 1.686403074966791871e-01
1.264632316158079028e+01 2.171525122818719344e-01
1.268634317158579172e+01 2.682053740307434597e-01
1.272636318159079494e+01 3.025576250548593915e-01
1.276638319159579815e+01 2.999939886709200865e-01
1.280640320160079959e+01 2.632500050945405512e-01
1.284642321160580281e+01 2.144602115496385408e-01
1.288644322161080424e+01 1.710171639216899742e-01
1.292646323161580746e+01 1.386767825190441117e-01
1.296648324162081067e+01 1.171408609114931304e-01
1.300650325162581211e+01 1.045313090153738300e-01
1.304652326163081533e+01 9.863589819756912735e-02
1.308654327163581677e+01 9.627720075975085279e-02
1.312656328164081998e+01 9.277934289585709760e-02
1.316658329164582319e+01 8.451012203629851283e-02
1.320660330165082463e+01 7.241441445847800196e-02
1.324662331165582785e+01 6.001182062835462572e-02
1.328664332166082929e+01 4.952964686083073664e-02
1.332666333166583250e+01 4.140845345960320750e-02
1.336668334167083572e+01 3.531126171582686657e-02
1.340670335167583715e+01 3.077172543463920981e-02
1.344672336168084037e+01 2.740452422229939719e-02
1.348674337168584181e+01 2.493522070357616013e-02
1.352676338169084502e+01 2.318295652384443073e-02
1.356678339169584824e+01 2.203958513823146489e-02
1.360680340170084968e+01 2.145581338196435664e-02
1.364682341170585289e+01 2.143580480702604943e-02
1.368684342171085433e+01 2.204003168554655168e-02
1.372686343171585754e+01 2.339585193724505463e-02
1.376688344172086076e+01 2.571259890283141003e-02
1.380690345172586220e+01 2.928542759173189194e-02
1.384692346173086541e+01 3.443028619459635037e-02
1.388694347173586685e+01 4.119167621115704669e-02
1.392696348174087007e+01 4.859285686000814480e-02
1.396698349174587328e+01 5.382986214307097089e-02
1.400700350175087472e+01 5.360981004303721348e-02
1.404702351175587793e+01 4.788509086414943772e-02
1.408704352176087937e+01 3.991003487239678377e-02
1.412706353176588259e+01 3.250995199537599911e-02
1.416708354177088580e+01 2.667763326158140852e-02
1.420710355177588724e+01 2.236351571086356640e-02
1.424712356178089045e+01 1.923376301958912293e-02
1.428714357178589189e+01 1.696794943114067131e-02
1.432716358179089511e+01 1.532463792603888479e-02
1.436718359179589832e+01 1.413538433687417696e-02
1.440720360180089976e+01 1.328567758462825994e-02
1.444722361180590298e+01 1.269834701763814140e-02
1.448724362181090441e+01 1.232176697446738835e-02
1.452726363181590763e+01 1.212203473046160641e-02
1.456728364182091084e+01 1.207794794720266733e-02
1.460730365182591228e+01 1.217787282229931302e-02
1.464732366183091550e+01 1.241790100552068316e-02
1.468734367183591694e+01 1.280092913849850689e-02
1.472736368184092015e+01 1.333646243945644898e-02
1.476738369184592337e+01 1.404106739215563171e-02
1.480740370185092480e+01 1.493950222533898739e-02
1.484742371185592802e+01 1.606665894788455312e-02
1.488744372186092946e+01 1.747057933485829384e-02
1.492746373186593267e+01 1.921698699740823774e-02
1.496748374187093589e+01 2.139604779180322158e-02
1.500750375187593733e+01 2.413249004516877447e-02
1.504752376188094054e+01 2.760086909285088333e-02
1.508754377188594198e+01 3.204874946873071534e-02
1.512756378189094519e+01 3.783194290152801231e-02
1.516758379189594841e+01 4.546731070607927527e-02
1.520760380190094985e+01 5.570794014365525182e-02
1.524762381190595306e+01 6.963455310814545274e-02
1.528764382191095450e+01 8.870801113393617099e-02
1.532766383191595772e+01 1.145611997668234266e-01
1.536768384192096093e+01 1.478798745959314098e-01
1.540770385192596237e+01 1.852425659010688841e-01
1.544772386193096558e+01 2.148357679752581628e-01
1.548774387193596702e+01 2.202235121153656161e-01
1.552776388194097024e+01 1.977103274863790394e-01
1.556778389194597167e+01 1.613234642133996866e-01
1.560780390195097489e+01 1.258258347143931533e-01
1.564782391195597810e+01 9.728130641681141666e-02
1.568784392196097954e+01 7.598417075329645665e-02
1.572786393196598276e+01 6.043268133991699237e-02
1.576788394197098420e+01 4.905355121230099008e-02
1.580790395197598741e+01 4.063022631170871979e-02
1.584792396198099063e+01 3.430333946407686241e-02
1.588794397198599206e+01 2.948205415051288747e-02
1.592796398199099528e+01 2.576112069301993157e-02
1.596798399199599672e+01 2.286042880254188572e-02
1.600800400200100171e+01 2.058419958760571156e-02
1.604802401200600315e+01 1.879410608055417237e-02
1.608804402201100459e+01 1.739164948950926506e-02
1.612806403201600602e+01 1.630657482800707339e-02
1.616808404202101102e+01 1.548924149634734772e-02
1.620810405202601245e+01 1.490563161701630342e-02
1.624812406203101389e+01 1.453417847326588658e-02
1.628814407203601888e+01 1.436392425426088505e-02
1.632816408204102032e+01 1.439374013991885463e-02
1.636818409204602176e+01 1.463251123871879729e-02
1.640820410205102675e+01 1.510034040297921105e-02
1.644822411205602819e+01 1.583099068315261745e-02
1.648824412206102963e+01 1.687600134972543769e-02
1.652826413206603107e+01 1.831122134540163343e-02
1.656828414207103606e+01 2.024696154175203641e-02
1.660830415207603750e+01 2.284361781032710065e-02
1.664832416208103893e+01 2.633538748686371778e-02
1.668834417208604393e+01 3.106498288691786000e-02
1.672836418209104536e+01 3.752942770915344839e-02
1.676838419209604680e+01 4.642183155948305384e-02
1.680840420210105179e+01 5.859818975193552965e-02
1.684842421210605323e+01 7.473889397333052798e-02
1.688844422211105467e+01 9.420745439990138581e-02
1.692846423211605611e+01 1.129664883183474772e-01
1.696848424212106110e+01 1.234285887969494011e-01
1.700850425212606254e+01 1.206385229855640312e-01
1.704852426213106398e+01 1.072843414151629926e-01
1.708854427213606897e+01 8.921350291738593119e-02
1.712856428214107041e+01 7.118007742641402347e-02
1.716858429214607185e+01 5.592276756423823769e-02
1.720860430215107328e+01 4.413649513666392799e-02
1.724862431215607828e+01 3.536872167165971970e-02
1.728864432216107971e+01 2.888882815329103793e-02
1.732866433216608115e+01 2.405881499120573336e-02
1.736868434217108614e+01 2.040583847966456754e-02
1.740870435217608758e+01 1.759811434045681702e-02
1.744872436218108902e+01 1.540592479044284452e-02
1.748874437218609401e+01 1.366955800603458608e-02
1.752876438219109545e+01 1.227667835310808538e-02
1.756878439219609689e+01 1.114712547017582614e-02
1.760880440220109833e+01 1.022283519751619220e-02
1.764882441220610332e+01 9.461139511484740333e-03
1.768884442221110476e+01 8.830270249941072486e-03
1.772886443221610620e+01 8.306304336078196987e-03
1.776888444222111119e+01 7.871061224904574508e-03
1.780890445222611262e+01 7.510637922266870208e-03
1.784892446223111406e+01 7.214377710553535397e-03
1.788894447223611905e+01 6.974139275475013319e-03
1.792896448224112049e+01 6.783778369092106561e-03
1.796898449224612193e+01 6.638783908692586118e-03
1.800900450225112337e+01 6.536030393214249321e-03
1.804902451225612836e+01 6.473622447580699123e-03
1.808904452226112980e+01 6.450817616746319996e-03
1.812906453226613124e+01 6.468021921896883498e-03
1.816908454227113623e+01 6.526860487582509737e-03
1.820910455227613767e+01 6.630333987499255517e-03
1.824912456228113911e+01 6.783082148267154804e-03
1.828914457228614410e+01 6.991789989719006393e-03
1.832916458229114554e+01 7.265793684824294052e-03
1.836918459229614697e+01 7.617975299297525052e-03
1.840920460230114841e+01 8.066086227706260187e-03
1.844922461230615340e+01 8.634718897017759978e-03
1.848924462231115484e+01 9.358271701681689786e-03
1.852926463231615628e+01 1.028544419071753847e-02
1.856928464232116127e+01 1.148607160996528882e-02
1.860930465232616271e+01 1.306140890703178480e-02
1.864932466233116415e+01 1.515897348125001994e-02
1.868934467233616914e+01 1.799140018743243530e-02
1.872936468234117058e+01 2.185074356120540393e-02
1.876938469234617202e+01 2.708126331493722339e-02
1.880940470235117346e+01 3.389581366067097312e-02
1.884942471235617845e+01 4.180607737038621180e-02
1.888944472236117988e+01 4.869134423531368272e-02
1.892946473236618132e+01 5.107775532290444870e-02
1.896948474237118631e+01 4.746834539904429273e-02
1.900950475237618775e+01 4.033281471297436860e-02
1.904952476238118919e+01 3.298085528036889119e-02
1.908954477238619418e+01 2.700040249706353243e-02
1.912956478239119562e+01 2.259831749744763835e-02
1.916958479239619706e+01 1.949385211964427961e-02
1.920960480240119850e+01 1.735483194037766921e-02
1.924962481240620349e+01 1.591848191482158476e-02
1.928964482241120493e+01 1.500017587056412527e-02
1.932966483241620637e+01 1.447624311110302237e-02
1.936968484242121136e+01 1.426629656412988986e-02
1.940970485242621280e+01 1.432022021648246199e-02
1.944972486243121423e+01 1.460959666566621559e-02
1.948974487243621923e+01 1.512244228166781043e-02
1.952976488244122066e+01 1.586029331773712234e-02
1.956978489244622210e+01 1.683702671500125064e-02
1.960980490245122354e+01 1.807909916813993378e-02
1.964982491245622853e+01 1.962713496489765577e-02
1.968984492246122997e+01 2.153902046059663622e-02
1.972986493246623141e+01 2.389491528407626172e-02
1.976988494247123640e+01 2.680492171975780089e-02
1.980990495247623784e+01 3.042063712375911791e-02
1.984992496248123928e+01 3.495255400449133465e-02
1.988994497248624427e+01 4.069641189969436246e-02
1.992996498249124571e+01 4.807329711543739670e-02
1.996998499249624714e+01 5.769050260793717050e-02
2.001000500250124858e+01 7.043190746079992792e-02
2.005002501250625357e+01 8.758312171737191176e-02
2.009004502251125501e+01 1.109698672424281746e-01
2.013006503251625645e+01 1.429792648646912301e-01
2.017008504252126144e+01 1.859871905100201062e-01
2.021010505252626288e+01 2.399293901658086647e-01
2.025012506253126432e+01 2.964372329177525356e-01
2.029014507253626931e+01 3.336791993130744371e-01
2.033016508254127075e+01 3.289289364459502263e-01
2.037018509254627219e+01 2.854370258650073544e-01
2.041020510255127363e+01 2.280332407475283985e-01
2.045022511255627862e+01 1.759492921774935270e-01
2.049024512256128006e+01 1.352409438221520155e-01
2.053026513256628149e+01 1.051187307270754073e-01
2.057028514257128649e+01 8.309376742805962834e-02
2.061030515257628792e+01 6.687752401522596701e-02
2.065032516258128936e+01 5.476279350862309908e-02
2.069034517258629080e+01 4.555645374444845797e-02
2.073036518259129579e+01 3.843877671381453615e-02
2.077038519259629723e+01 3.284507993239908774e-02
2.081040520260129867e+01 2.838200440930212579e-02
2.085042521260630366e+01 2.477148207441133565e-02
2.089044522261130510e+01 2.181381069427248964e-02
2.093046523261630654e+01 1.936328593962427513e-02
2.097048524262131153e+01 1.731197219799809894e-02
2.101050525262631297e+01 1.557875548959023956e-02
2.105052526263131440e+01 1.410185385373712887e-02
2.109054527263631584e+01 1.283361806646549606e-02
2.113056528264132083e+01 1.173687009170718172e-02
2.117058529264632227e+01 1.078228846451449383e-02
2.121060530265132371e+01 9.946516410491957130e-03
2.125062531265632870e+01 9.210775677047713939e-03
2.129064532266133014e+01 8.559838838324647717e-03
2.133066533266633158e+01 7.981258863832477526e-03
2.137068534267133657e+01 7.464785493358459811e-03
2.141070535267633801e+01 7.001918770038675389e-03
2.145072536268133945e+01 6.585564339402746707e-03
2.149074537268634089e+01 6.209765005424483682e-03
2.153076538269134588e+01 5.869489964876484570e-03
2.157078539269634732e+01 5.560468054066200136e-03
2.161080540270134875e+01 5.279054860934273563e-03
2.165082541270635375e+01 5.022126101000307964e-03
2.169084542271135518e+01 4.786991514371941731e-03
2.173086543271635662e+01 4.571324910455104411e-03
2.177088544272136161e+01 4.373107004531961821e-03
2.181090545272636305e+01 4.190578452568225441e-03
2.185092546273136449e+01 4.022201065959973149e-03
2.189094547273636593e+01 3.866625625436898289e-03
2.193096548274137092e+01 3.722665048368096422e-03
2.197098549274637236e+01 3.589271922000586770e-03
2.201100550275137380e+01 3.465519615564904409e-03
2.205102551275637879e+01 3.350586340646454202e-03
2.209104552276138023e+01 3.243741652116049166e-03
2.213106553276638166e+01 3.144334979012012015e-03
2.217108554277138666e+01 3.051785851933764854e-03
2.221110555277638809e+01 2.965575555197876630e-03
2.225112556278138953e+01 2.885239981631905481e-03
2.229114557278639097e+01 2.810363508067035242e-03
2.233116558279139596e+01 2.740573742379653899e-03
2.237118559279639740e+01 2.675537019930675133e-03
2.241120560280139884e+01 2.614954549736125174e-03
2.245122561280640383e+01 2.558559129709918334e-03
2.249124562281140527e+01 2.506112366711548290e-03
2.253126563281640671e+01 2.457402351653708347e-03
2.257128564282141170e+01 2.412241753256218115e-03
2.261130565282641314e+01 2.370466306834090146e-03
2.265132566283141458e+01 2.331933687474894296e-03
2.269134567283641601e+01 2.296522770886421164e-03
2.273136568284142101e+01 2.264133301049869700e-03
2.277138569284642244e+01 2.234686002855092949e-03
2.281140570285142388e+01 2.208123201829238855e-03
2.285142571285642887e+01 2.184410044288483815e-03
2.289144572286143031e+01 2.163536453174973867e-03
2.293146573286643175e+01 2.145520012507071486e-03
2.297148574287143674e+01 2.130410054234677629e-03
2.301150575287643818e+01 2.118293336612973431e-03
2.305152576288143962e+01 2.109301870206009306e-03
2.309154577288644106e+01 2.103623692977822906e-03
2.313156578289144605e+01 2.101517761452234394e-03
2.317158579289644749e+01 2.103334676995281555e-03
2.321160580290144893e+01 2.109545811304868769e-03
2.325162581290645392e+01 2.120784705140913665e-03
2.329164582291145535e+01 2.137906668069789341e-03
2.333166583291645679e+01 2.162075754619532074e-03
2.337168584292146178e+01 2.194893444750883535e-03
2.341170585292646322e+01 2.238591472968670584e-03
2.345172586293146466e+01 2.296323667420673269e-03
2.349174587293646610e+01 2.372609143596683071e-03
2.353176588294147109e+01 2.473998071086117283e-03
2.357178589294647253e+01 2.610028808110419641e-03
2.361180590295147397e+01 2.794429690164166886e-03
2.365182591295647896e+01 3.045973011939135874e-03
2.369184592296148040e+01 3.386478474394257008e-03
2.373186593296648184e+01 3.828312258803770896e-03
2.377188594297148683e+01 4.336626506915039134e-03
2.381190595297648827e+01 4.770598410990948765e-03
2.385192596298148970e+01 4.909842545088484098e-03
2.389194597298649114e+01 4.672165202142103228e-03
2.393196598299149613e+01 4.223390135214576992e-03
2.397198599299649757e+01 3.769780304884283537e-03
2.401200600300149901e+01 3.406024428820471437e-03
2.405202601300650400e+01 3.142375506132540595e-03
2.409204602301150544e+01 2.960302787595869324e-03
2.413206603301650688e+01 2.838716082741593767e-03
2.417208604302150832e+01 2.761011424558715288e-03
2.421210605302651331e+01 2.715445526559247084e-03
2.425212606303151475e+01 2.694006685728660144e-03
2.429214607303651619e+01 2.691285780149837385e-03
2.433216608304152118e+01 2.703639767291820227e-03
2.437218609304652261e+01 2.728624536202499742e-03
2.441220610305152405e+01 2.764621683546028899e-03
2.445222611305652904e+01 2.810594819475104554e-03
2.449224612306153048e+01 2.865930469899566346e-03
2.453226613306653192e+01 2.930334247711197191e-03
2.457228614307153336e+01 3.003763608395792518e-03
2.461230615307653835e+01 3.086385381993171986e-03
2.465232616308153979e+01 3.178550650876748804e-03
2.469234617308654123e+01 3.280782344359002133e-03
2.473236618309154622e+01 3.393772751511228442e-03
2.477238619309654766e+01 3.518389395932075558e-03
2.481240620310154910e+01 3.655688613430601707e-03
2.485242621310655409e+01 3.806936884494109812e-03
2.489244622311155553e+01 3.973640609136354709e-03
2.493246623311655696e+01 4.157585659910747675e-03
2.497248624312155840e+01 4.360888791075151830e-03
2.501250625312656339e+01 4.586063908422833083e-03
2.505252626313156483e+01 4.836107429977016745e-03
2.509254627313656627e+01 5.114608652178355246e-03
2.513256628314157126e+01 5.425893413083653430e-03
2.517258629314657270e+01 5.775212766693841281e-03
2.521260630315157414e+01 6.168993396236267107e-03
2.525262631315657913e+01 6.615173954665285426e-03
2.529264632316158057e+01 7.123662787145602394e-03
2.533266633316658201e+01 7.706969742324640271e-03
2.537268634317158345e+01 8.381091525557634106e-03
2.541270635317658844e+01 9.166771908308835037e-03
2.545272636318158987e+01 1.009132387979867762e-02
2.549274637318659131e+01 1.119130341358822583e-02
2.553276638319159630e+01 1.251647960439433716e-02
2.557278639319659774e+01 1.413575999476226336e-02
2.561280640320159918e+01 1.614594762131275896e-02
2.565282641320660417e+01 1.868411523723050374e-02
2.569284642321160561e+01 2.194274982405324328e-02
2.573286643321660705e+01 2.617947346526353428e-02
2.577288644322160849e+01 3.168825647170917664e-02
2.581290645322661348e+01 3.863599007046474715e-02
2.585292646323161492e+01 4.660427434537117719e-02
2.589294647323661636e+01 5.400377159867239540e-02
2.593296648324162135e+01 5.873008066967817103e-02
2.597298649324662279e+01 6.070588831542234748e-02
2.601300650325162422e+01 6.246090714272838768e-02
2.605302651325662922e+01 6.671894302215647388e-02
2.609304652326163065e+01 7.521226825028673457e-02
2.613306653326663209e+01 8.910494118853237722e-02
2.617308654327163353e+01 1.091443582836031934e-01
2.621310655327663852e+01 1.345114454264937642e-01
2.625312656328163996e+01 1.603479809189028993e-01
2.629314657328664140e+01 1.777229732325234512e-01
2.633316658329164639e+01 1.817198146784183288e-01
2.637318659329664783e+01 1.773904429265746319e-01
2.641320660330164927e+01 1.711410352478612840e-01
2.645322661330665426e+01 1.639537202591600240e-01
2.649324662331165570e+01 1.549075253759018833e-01
2.653326663331665713e+01 1.425988579905297371e-01
2.657328664332165857e+01 1.249871697609059862e-01
2.661330665332666356e+01 1.035615791306443434e-01
2.665332666333166500e+01 8.280161300721167184e-02
2.669334667333666644e+01 6.560279375694230697e-02
2.673336668334167143e+01 5.238905712624464250e-02
2.677338669334667287e+01 4.248005423062969216e-02
2.681340670335167431e+01 3.503995366423091895e-02
2.685342671335667930e+01 2.938550793009955808e-02
2.689344672336168074e+01 2.501962364258239480e-02
2.693346673336668218e+01 2.159333873649990632e-02
2.697348674337168362e+01 1.886282276010137204e-02
2.701350675337668861e+01 1.665627705426108232e-02
2.705352676338169005e+01 1.485099126579188071e-02
2.709354677338669148e+01 1.335795585189434101e-02
2.713356678339169648e+01 1.211160034243050077e-02
2.717358679339669791e+01 1.106290717088183155e-02
2.721360680340169935e+01 1.017473729280473846e-02
2.725362681340670434e+01 9.418613884951991186e-03
2.729364682341170578e+01 8.772478319601704697e-03
2.733366683341670722e+01 8.219103702377036913e-03
2.737368684342170866e+01 7.744960163844044621e-03
2.741370685342671365e+01 7.339395845126926200e-03
2.745372686343171509e+01 6.994042722503592338e-03
2.749374687343671653e+01 6.702386193478968371e-03
2.753376688344172152e+01 6.459457395772152943e-03
2.757378689344672296e+01 6.261621160477346022e-03
2.761380690345172439e+01 6.106442663462082268e-03
2.765382691345672583e+01 5.992623853412691083e-03
2.769384692346173082e+01 5.920007831874557654e-03
2.773386693346673226e+01 5.889656638511641187e-03
2.777388694347173370e+01 5.904016543552948089e-03
2.781390695347673869e+01 5.967196487796462209e-03
2.785392696348174013e+01 6.085401851548026368e-03
2.789394697348674157e+01 6.267590190726439817e-03
2.793396698349174656e+01 6.526451337921693185e-03
2.797398699349674800e+01 6.879862471312450482e-03
2.801400700350174944e+01 7.353016609841280318e-03
2.805402701350675088e+01 7.981401328638027329e-03
2.809404702351175587e+01 8.814450561284579294e-03
2.813406703351675731e+01 9.918186303683870428e-03
2.817408704352175874e+01 1.137069250355271337e-02
2.821410705352676374e+01 1.323692323600791920e-02
2.825412706353176517e+01 1.552176207070065511e-02
2.829414707353676661e+01 1.819292379933100390e-02
2.833416708354177160e+01 2.140195935210337935e-02
2.837418709354677304e+01 2.562838186289297798e-02
2.841420710355177448e+01 3.136933018899452225e-02
2.845422711355677592e+01 3.851196384165071068e-02
2.849424712356178091e+01 4.545144396088180577e-02
2.853426713356678235e+01 4.886162666000874732e-02
2.857428714357178379e+01 4.635316758916382951e-02
2.861430715357678878e+01 3.949996788940239589e-02
2.865432716358179022e+01 3.173445636542658599e-02
2.869434717358679165e+01 2.510189144947009426e-02
2.873436718359179665e+01 2.005175029388970437e-02
2.877438719359679808e+01 1.636187140740648707e-02
2.881440720360179952e+01 1.368993009582474517e-02
2.885442721360680096e+01 1.174847566314488750e-02
2.889444722361180595e+01 1.032965327340124202e-02
2.893446723361680739e+01 9.290584032508640913e-03
2.897448724362180883e+01 8.534809129303615530e-03
2.901450725362681382e+01 7.997919345558853269e-03
2.905452726363181526e+01 7.637854250744964199e-03
2.909454727363681670e+01 7.428826241009623202e-03
2.913456728364182169e+01 7.357881503827232682e-03
2.917458729364682313e+01 7.423447676145907177e-03
2.921460730365182457e+01 7.635464551901770605e-03
2.925462731365682600e+01 8.016577460336659841e-03
2.929464732366183100e+01 8.602647229672223672e-03
2.933466733366683243e+01 9.436369934982898403e-03
2.937468734367183387e+01 1.053640501285447138e-02
2.941470735367683886e+01 1.181299350820280009e-02
2.945472736368184030e+01 1.296097827872623107e-02
2.949474737368684174e+01 1.357788118989212457e-02
2.953476738369184673e+01 1.361811573532099862e-02
2.957478739369684817e+01 1.348613897078136149e-02
2.961480740370184961e+01 1.359307074665021785e-02
2.965482741370685105e+01 1.414052201702527441e-02
2.969484742371185604e+01 1.521042397582595546e-02
2.973486743371685748e+01 1.687474982073212948e-02
2.977488744372185892e+01 1.925289327925836652e-02
2.981490745372686391e+01 2.254517968392140762e-02
2.985492746373186534e+01 2.706680548912344594e-02
2.989494747373686678e+01 3.329010027056601012e-02
2.993496748374187177e+01 4.188096579546050913e-02
2.997498749374687321e+01 5.365473223674956799e-02
3.001500750375187465e+01 6.920837231837645431e-02
3.005502751375687609e+01 8.770103778222970714e-02
3.009504752376188108e+01 1.046262227703661091e-01
3.013506753376688252e+01 1.117281080646270741e-01
3.017508754377188396e+01 1.042505561190038982e-01
3.021510755377688895e+01 8.713725576654393623e-02
3.025512756378189039e+01 6.860780352640730162e-02
3.029514757378689183e+01 5.306028027743855957e-02
3.033516758379189682e+01 4.127573476985779005e-02
3.037518759379689826e+01 3.263770709941507531e-02
3.041520760380189969e+01 2.632480153204446241e-02
3.045522761380690113e+01 2.166515935431251663e-02
3.049524762381190612e+01 1.817543423369923430e-02
3.053526763381690756e+01 1.552162554377232648e-02
3.057528764382190900e+01 1.347466921875630289e-02
3.061530765382691399e+01 1.187652123807562098e-02
3.065532766383191543e+01 1.061689317325930672e-02
3.069534767383691687e+01 9.617846059060497152e-03
3.073536768384192186e+01 8.823671386907329037e-03
3.077538769384692330e+01 8.194226536078427076e-03
3.081540770385192474e+01 7.700519855192607989e-03
3.085542771385692618e+01 7.321777310311116879e-03
3.089544772386193117e+01 7.043508027905153422e-03
3.093546773386693260e+01 6.856270287346096816e-03
3.097548774387193404e+01 6.754959931867685931e-03
3.101550775387693903e+01 6.738521748802722006e-03
3.105552776388194047e+01 6.810023302159987253e-03
3.109554777388694191e+01 6.976989633244252455e-03
3.113556778389194335e+01 7.251623294678119155e-03
3.117558779389694834e+01 7.649645923592165477e-03
3.121560780390194978e+01 8.184751156109162581e-03
3.125562781390695122e+01 8.856640576306199636e-03
3.129564782391195621e+01 9.648316006669164016e-03
3.133566783391695765e+01 1.056918775723808199e-02
3.137568784392195909e+01 1.170928832723562747e-02
3.141570785392696408e+01 1.321822369887644746e-02
3.145572786393196552e+01 1.526790889767310269e-02
3.149574787393696695e+01 1.806893949979632152e-02
3.153576788394196839e+01 2.191388607877810257e-02
3.157578789394697338e+01 2.721883074282981096e-02
3.161580790395197482e+01 3.453439516790324931e-02
3.165582791395697626e+01 4.442439706693758483e-02
3.169584792396198125e+01 5.692898500714499432e-02
3.173586793396698269e+01 7.022777232515144130e-02
3.177588794397198413e+01 7.933699835193083749e-02
3.181590795397698912e+01 7.875115354364281561e-02
3.185592796398199056e+01 6.883445981080033027e-02
3.189594797398699200e+01 5.532633701769960888e-02
3.193596798399199344e+01 4.291650531110152711e-02
3.197598799399699843e+01 3.316379948186341797e-02
3.201600800400200342e+01 2.592955167195155203e-02
3.205602801400700486e+01 2.063335091154957709e-02
3.209604802401200629e+01 1.673039385193268724e-02
3.213606803401700773e+01 1.381178949405639789e-02
3.217608804402200917e+01 1.159121195790555753e-02
3.221610805402701061e+01 9.871864806537518355e-03
3.225612806403201205e+01 8.518217115881078841e-03
3.229614807403702059e+01 7.435907636050205841e-03
3.233616808404202203e+01 6.558273080515372028e-03
3.237618809404702347e+01 5.837467710450753612e-03
3.241620810405202491e+01 5.238604731266552524e-03
3.245622811405702635e+01 4.735856833923162389e-03
3.249624812406202778e+01 4.309827970656016950e-03
3.253626813406702922e+01 3.945756904308227175e-03
3.257628814407203777e+01 3.632271548746774867e-03
3.261630815407703921e+01 3.360513078053320619e-03
3.265632816408204064e+01 3.123511928811496721e-03
3.269634817408704208e+01 2.915738041771617165e-03
3.273636818409204352e+01 2.732773633788879858e-03
3.277638819409704496e+01 2.571073810296750813e-03
3.281640820410205350e+01 2.427791755705819860e-03
3.285642821410705494e+01 2.300653172759120537e-03
3.289644822411205638e+01 2.187870379594051250e-03
3.293646823411705782e+01 2.088090594670470330e-03
3.297648824412205926e+01 2.000374717327291826e-03
3.301650825412706070e+01 1.924197833995734339e-03
3.305652826413206213e+01 1.859434709691607217e-03
3.309654827413707068e+01 1.806197414457799732e-03
3.313656828414207212e+01 1.764153264626288188e-03
3.317658829414707355e+01 1.730738779316871780e-03
3.321660830415207499e+01 1.699039046101387960e-03
3.325662831415707643e+01 1.660544193314712888e-03
3.329664832416207787e+01 1.614405774534680496e-03
3.333666833416707931e+01 1.568613704113786325e-03
3.337668834417208785e+01 1.530859113181108015e-03
3.341670835417708929e+01 1.504513070027154939e-03
3.345672836418209073e+01 1.490505306931675430e-03
3.349674837418709217e+01 1.489392726576728443e-03
3.353676838419209361e+01 1.502317806106119331e-03
3.357678839419709504e+01 1.531428014969457791e-03
3.361680840420210359e+01 1.580218314515563320e-03
3.365682841420710503e+01 1.654018327609728996e-03
3.369684842421210647e+01 1.760762919087127069e-03
3.373686843421710790e+01 1.912182753033783884e-03
3.377688844422210934e+01 2.125534200282917958e-03
3.381690845422711078e+01 2.425760643038136957e-03
3.385692846423211222e+01 2.846930460661012061e-03
3.389694847423712076e+01 3.428169114402534329e-03
3.393696848424212220e+01 4.189672603685337150e-03
3.397698849424712364e+01 5.061961867602473610e-03
3.401700850425212508e+01 5.780730474205924944e-03
3.405702851425712652e+01 5.948968376280110160e-03
3.409704852426212796e+01 5.438972875997140528e-03
3.413706853426712939e+01 4.563423197282014121e-03
3.417708854427213794e+01 3.687997565970345393e-03
3.421710855427713938e+01 2.974055268811146707e-03
3.425712856428214081e+01 2.435656613298926854e-03
3.429714857428714225e+01 2.038201116640254648e-03
3.433716858429214369e+01 1.743538143901292997e-03
3.437718859429714513e+01 1.521762980455932659e-03
3.441720860430214657e+01 1.351639855954613143e-03
3.445722861430715511e+01 1.218528188517404784e-03
3.449724862431215655e+01 1.112360008191461136e-03
3.453726863431715799e+01 1.026148898929644645e-03
3.457728864432215943e+01 9.549784732488656499e-04
3.461730865432716087e+01 8.953337918535325072e-04
3.465732866433216230e+01 8.446608850274642992e-04
3.469734867433717085e+01 8.010745089775028662e-04
3.473736868434217229e+01 7.631619554911140118e-04
3.477738869434717373e+01 7.298495080297286077e-04
3.481740870435217516e+01 7.003102080674371895e-04
3.485742871435717660e+01 6.738992206035186814e-04
3.489744872436217804e+01 6.501078959628347684e-04
3.493746873436717948e+01 6.285306749505511527e-04
3.497748874437218802e+01 6.088409382502907525e-04
3.501750875437718946e+01 5.907731674491995292e-04
3.505752876438219090e+01 5.741096164977758454e-04
3.509754877438719234e+01 5.586702453188313730e-04
3.513756878439219378e+01 5.443050397086681303e-04
3.517758879439719522e+01 5.308880956905463917e-04
3.521760880440219665e+01 5.183130218382216159e-04
3.525762881440720520e+01 5.064893355545169477e-04
3.529764882441220664e+01 4.953396157719779178e-04
3.533766883441720807e+01 4.847972362618840534e-04
3.537768884442220951e+01 4.748045482302662543e-04
3.541770885442721095e+01 4.653114132617303285e-04
3.545772886443221239e+01 4.562740114558124838e-04
3.549774887443722093e+01 4.476538672211964978e-04
3.553776888444222237e+01 4.394170483556455488e-04
3.557778889444722381e+01 4.315335039492484374e-04
3.561780890445222525e+01 4.239765141654784847e-04
3.565782891445722669e+01 4.167222306969916332e-04
3.569784892446222813e+01 4.097492911100090334e-04
3.573786893446722956e+01 4.030384937105159775e-04
3.577788894447223811e+01 3.965725222291347028e-04
3.581790895447723955e+01 3.903357117087728713e-04
3.585792896448224099e+01 3.843138486240015332e-04
3.589794897448724242e+01 3.784939995644749015e-04
3.593796898449224386e+01 3.728643638527455537e-04
3.597798899449724530e+01 3.674141462978161902e-04
3.601800900450224674e+01 3.621334469541182986e-04
3.605802901450725528e+01 3.570131652956752511e-04
3.609804902451225672e+01 3.520449166535365290e-04
3.613806903451725816e+01 3.472209591218341725e-04
3.617808904452225960e+01 3.425341294302511005e-04
3.621810905452726104e+01 3.379777865209374023e-04
3.625812906453226248e+01 3.335457617661138170e-04
3.629814907453727102e+01 3.292323149266635179e-04
3.633816908454227246e+01 3.250320950883399808e-04
3.637818909454727390e+01 3.209401059258437531e-04
3.641820910455227533e+01 3.169516747401075860e-04
3.645822911455727677e+01 3.130624247938727312e-04
3.649824912456227821e+01 3.092682505378002169e-04
3.653826913456727965e+01 3.055652953760511930e-04
3.657828914457228819e+01 3.019499316682789074e-04
3.661830915457728963e+01 2.984187427057407140e-04
3.665832916458229107e+01 2.949685064339477823e-04
3.669834917458729251e+01 2.915961807239241389e-04
3.673836918459229395e+01 2.882988900195010613e-04
3.677838919459729539e+01 2.850739132098586439e-04
3.681840920460229682e+01 2.819186725952525850e-04
3.685842921460730537e+01 2.788307238300187486e-04
3.689844922461230681e+01 2.758077467409136624e-04
3.693846923461730825e+01 2.728475369309303795e-04
3.697848924462230968e+01 2.699479980892536429e-04
3.701850925462731112e+01 2.671071349371302518e-04
3.705852926463231256e+01 2.643230467474132423e-04
3.709854927463732110e+01 2.615939213824899044e-04
3.713856928464232254e+01 2.589180298014014353e-04
3.717858929464732398e+01 2.562937209922947781e-04
3.721860930465232542e+01 2.537194172910622338e-04
3.725862931465732686e+01 2.511936100511359422e-04
3.729864932466232830e+01 2.487148556330676303e-04
3.733866933466732974e+01 2.462817716857347854e-04
3.737868934467233828e+01 2.438930336938706280e-04
3.741870935467733972e+01 2.415473717691431091e-04
3.745872936468234116e+01 2.392435676642434513e-04
3.749874937468734259e+01 2.369804519914575516e-04
3.753876938469234403e+01 2.347569016289532474e-04
3.757878939469734547e+01 2.325718372996162170e-04
3.761880940470234691e+01 2.304242213086780228e-04
3.765882941470735545e+01 2.283130554276497552e-04
3.769884942471235689e+01 2.262373789132144535e-04
3.773886943471735833e+01 2.241962666507417358e-04
3.777888944472235977e+01 2.221888274130206749e-04
3.781890945472736121e+01 2.202142022256151760e-04
3.785892946473236265e+01 2.182715628309988187e-04
3.789894947473736408e+01 2.163601102442961363e-04
3.793896948474237263e+01 2.144790733940569766e-04
3.797898949474737407e+01 2.126277078420482224e-04
3.801900950475237551e+01 2.108052945765295360e-04
3.805902951475737694e+01 2.090111388739456769e-04
3.809904952476237838e+01 2.072445692243626424e-04
3.813906953476737982e+01 2.055049363163521860e-04
3.817908954477238836e+01 2.037916120773668324e-04
3.821910955477738980e+01 2.021039887659540138e-04
3.825912956478239124e+01 2.004414781124341793e-04
3.829914957478739268e+01 1.988035105049340079e-04
3.833916958479239412e+01 1.971895342178868991e-04
3.837918959479739556e+01 1.955990146803370194e-04
3.841920960480239700e+01 1.940314337815719412e-04
3.845922961480740554e+01 1.924862892117925489e-04
3.849924962481240698e+01 1.909630938356930892e-04
3.853926963481740842e+01 1.894613750969691992e-04
3.857928964482240985e+01 1.879806744519233732e-04
3.861930965482741129e+01 1.865205468304503833e-04
3.865932966483241273e+01 1.850805601228138907e-04
3.869934967483741417e+01 1.836602946907273462e-04
3.873936968484242271e+01 1.822593429013556841e-04
3.877938969484742415e+01 1.808773086829468214e-04
3.881940970485242559e+01 1.795138071008815306e-04
3.885942971485742703e+01 1.781684639530185874e-04
3.889944972486242847e+01 1.768409153832767951e-04
3.893946973486742991e+01 1.755308075124666924e-04
3.897948974487243845e+01 1.742377960854470131e-04
3.901950975487743989e+01 1.729615461337394007e-04
3.905952976488244133e+01 1.717017316527858709e-04
3.909954977488744277e+01 1.704580352930893468e-04
3.913956978489244420e+01 1.692301480645175195e-04
3.917958979489744564e+01 1.680177690530988601e-04
3.921960980490244708e+01 1.668206051496760346e-04
3.925962981490745562e+01 1.656383707898224456e-04
3.929964982491245706e+01 1.644707877044621796e-04
3.933966983491745850e+01 1.633175846806616963e-04
3.937968984492245994e+01 1.621784973321008401e-04
3.941970985492746138e+01 1.610532678787509513e-04
3.945972986493246282e+01 1.599416449353183178e-04
3.949974987493746426e+01 1.588433833080363092e-04
3.953976988494247280e+01 1.577582437994101878e-04
3.957978989494747424e+01 1.566859930205448837e-04
3.961980990495247568e+01 1.556264032106993841e-04
3.965982991495747711e+01 1.545792520637394676e-04
3.969984992496247855e+01 1.535443225611705421e-04
3.973986993496747999e+01 1.525214028114525136e-04
3.977988994497248854e+01 1.515102858953162011e-04
3.981990995497748997e+01 1.505107697168121459e-04
3.985992996498249141e+01 1.495226568598369179e-04
3.989994997498749285e+01 1.485457544498993180e-04
3.993996998499249429e+01 1.475798740208963250e-04
3.997998999499749573e+01 1.466248313866821658e-04
4.002001000500249717e+01 1.456804465172250240e-04
4.006003001500750571e+01 1.447465434191563122e-04
4.010005002501250715e+01 1.438229500205273268e-04
4.014007003501750859e+01 1.429094980595935779e-04
4.018009004502251003e+01 1.420060229774640023e-04
4.022011005502751146e+01 1.411123638144511539e-04
4.026013006503251290e+01 1.402283631099718591e-04
4.030015007503751434e+01 1.393538668058537844e-04
4.034017008504252289e+01 1.384887241529093828e-04
4.038019009504752432e+01 1.376327876206466267e-04
4.042021010505252576e+01 1.367859128099903809e-04
4.046023011505752720e+01 1.359479583688950985e-04
4.050025012506252864e+01 1.351187859107368149e-04
4.054027013506753008e+01 1.342982599353722520e-04
4.058029014507253862e+01 1.334862477527646359e-04
4.062031015507754006e+01 1.326826194090761012e-04
4.066033016508254150e+01 1.318872476151301343e-04
4.070035017508754294e+01 1.311000076771574006e-04
4.074037018509254438e+01 1.303207774297353468e-04
4.078039019509754581e+01 1.295494371708405870e-04
4.082041020510254725e+01 1.287858695989353079e-04
4.086043021510755580e+01 1.280299597520106298e-04
4.090045022511255723e+01 1.272815949485171588e-04
4.094047023511755867e+01 1.265406647301101398e-04
4.098049024512256011e+01 1.258070608061468169e-04
4.102051025512756155e+01 1.250806769998698352e-04
4.106053026513256299e+01 1.243614091962166760e-04
4.110055027513756443e+01 1.236491552911977152e-04
4.114057028514257297e+01 1.229438151427857410e-04
4.118059029514757441e+01 1.222452905232652683e-04
4.122061030515257585e+01 1.215534850729872501e-04
4.126063031515757729e+01 1.208683042554845310e-04
4.130065032516257872e+01 1.201896553138963249e-04
4.134067033516758016e+01 1.195174472286594618e-04
4.138069034517258160e+01 1.188515906764212992e-04
4.142071035517759015e+01 1.181919979901335338e-04
4.146073036518259158e+01 1.175385831202862408e-04
4.150075037518759302e+01 1.168912615972434496e-04
4.154077038519259446e+01 1.162499504946436631e-04
4.158079039519759590e+01 1.156145683938302203e-04
4.162081040520259734e+01 1.149850353492759401e-04
4.166083041520760588e+01 1.143612728549701701e-04
4.170085042521260732e+01 1.137432038117367730e-04
4.174087043521760876e+01 1.131307524954516070e-04
4.178089044522261020e+01 1.125238445261313934e-04
4.182091045522761164e+01 1.119224068378646972e-04
4.186093046523261307e+01 1.113263676495594213e-04
4.190095047523761451e+01 1.107356564364786770e-04
4.194097048524262306e+01 1.101502039025417093e-04
4.198099049524762449e+01 1.095699419533649655e-04
4.202101050525262593e+01 1.089948036700191992e-04
4.206103051525762737e+01 1.084247232834817902e-04
4.210105052526262881e+01 1.078596361497613390e-04
4.214107053526763025e+01 1.072994787256738118e-04
4.218109054527263169e+01 1.067441885452508705e-04
4.222111055527764023e+01 1.061937041967598010e-04
4.226113056528264167e+01 1.056479653003177471e-04
4.230115057528764311e+01 1.051069124860803543e-04
4.234117058529264455e+01 1.045704873729893342e-04
4.238119059529764598e+01 1.040386325480609095e-04
4.242121060530264742e+01 1.035112915461990535e-04
4.246123061530765597e+01 1.029884088305183865e-04
4.250125062531265741e+01 1.024699297731609937e-04
4.254127063531765884e+01 1.019558006365927857e-04
4.258129064532266028e+01 1.014459685553653883e-04
4.262131065532766172e+01 1.009403815183299144e-04
4.266133066533266316e+01 1.004389883512892277e-04
4.270135067533766460e+01 9.994173870007631172e-05
4.274137068534267314e+01 9.944858301404577345e-05
4.278139069534767458e+01 9.895947252996811533e-05
4.282141070535267602e+01 9.847435925631263889e-05
4.286143071535767746e+01 9.799319595791090365e-05
4.290145072536267890e+01 9.751593614098778471e-05
4.294147073536768033e+01 9.704253403855045250e-05
4.298149074537268177e+01 9.657294459612573393e-05
4.302151075537769032e+01 9.610712345783480937e-05
4.306153076538269175e+01 9.564502695279779180e-05
4.310155077538769319e+01 9.518661208185622100e-05
4.314157078539269463e+01 9.473183650460805210e-05
4.318159079539769607e+01 9.428065852674380823e-05
4.322161080540269751e+01 9.383303708767685015e-05
4.326163081540770605e+01 9.338893174845978049e-05
4.330165082541270749e+01 9.294830267997902698e-05
4.334167083541770893e+01 9.251111065141944640e-05
4.338169084542271037e+01 9.207731701899332470e-05
4.342171085542771181e+01 9.164688371492447634e-05
4.346173086543271324e+01 9.121977323668286209e-05
4.350175087543771468e+01 9.079594863646128214e-05
4.354177088544272323e+01 9.037537351088866910e-05
4.358179089544772467e+01 8.995801199097381478e-05
4.362181090545272610e+01 8.954382873227241535e-05
4.366183091545772754e+01 8.913278890527350493e-05
4.370185092546272898e+01 8.872485818599721370e-05
4.374187093546773042e+01 8.832000274680040818e-05
4.378189094547273186e+01 8.791818924738368146e-05
4.382191095547774040e+01 8.751938482599494994e-05
4.386193096548274184e+01 8.712355709082456078e-05
4.390195097548774328e+01 8.673067411158639432e-05
4.394197098549274472e+01 8.634070441128174932e-05
4.398199099549774616e+01 8.595361695813964157e-05
4.402201100550274759e+01 8.556938115773015459e-05
4.406203101550775614e+01 8.518796684524627548e-05
4.410205102551275758e+01 8.480934427794975690e-05
4.414207103551775901e+01 8.443348412777700734e-05
4.418209104552276045e+01 8.406035747410116072e-05
4.422211105552776189e+01 8.368993579664646279e-05
4.426213106553276333e+01 8.332219096855112556e-05
4.430215107553776477e+01 8.295709524957486838e-05
4.434217108554277331e+01 8.259462127944785267e-05
4.438219109554777475e+01 8.223474207135752709e-05
4.442221110555277619e+01 8.187743100556985954e-05
4.446223111555777763e+01 8.152266182318170353e-05
4.450225112556277907e+01 8.117040862000158815e-05
4.454227113556778050e+01 8.082064584055529983e-05
4.458229114557278194e+01 8.047334827221317929e-05
4.462231115557779049e+01 8.012849103943697890e-05
4.466233116558279193e+01 7.978604959814313620e-05
4.470235117558779336e+01 7.944599973017851997e-05
4.474237118559279480e+01 7.910831753790833684e-05
4.478239119559779624e+01 7.877297943891123854e-05
4.482241120560279768e+01 7.843996216078077575e-05
4.486243121560779912e+01 7.810924273602972920e-05
4.490245122561280766e+01 7.778079849709520382e-05
4.494247123561780910e+01 7.745460707144281897e-05
4.498249124562281054e+01 7.713064637676603739e-05
4.502251125562781198e+01 7.680889461628064648e-05
4.506253126563281342e+01 7.648933027411019051e-05
4.510255127563781485e+01 7.617193211076160857e-05
4.514257128564282340e+01 7.585667915868850308e-05
4.518259129564782484e+01 7.554355071794018224e-05
4.522261130565282627e+01 7.523252635189398279e-05
4.526263131565782771e+01 7.492358588307019543e-05
4.530265132566282915e+01 7.461670938902663841e-05
4.534267133566783059e+01 7.431187719833132080e-05
4.538269134567283203e+01 7.400906988661201636e-05
4.542271135567784057e+01 7.370826827268040339e-05
4.546273136568284201e+01 7.340945341472930694e-05
4.550275137568784345e+01 7.311260660660155253e-05
4.554277138569284489e+01 7.281770937412890006e-05
4.558279139569784633e+01 7.252474347153891644e-05
4.562281140570284776e+01 7.223369087792957033e-05
4.566283141570784920e+01 7.194453379380837739e-05
4.570285142571285775e+01 7.165725463769627261e-05
4.574287143571785919e+01 7.137183604279402735e-05
4.578289144572286062e+01 7.108826085370934119e-05
4.582291145572786206e+01 7.080651212324500139e-05
4.586293146573286350e+01 7.052657310924462708e-05
4.590295147573786494e+01 7.024842727149672994e-05
4.594297148574287348e+01 6.997205826869432673e-05
4.598299149574787492e+01 6.969744995545026618e-05
4.602301150575287636e+01 6.942458637936555995e-05
4.606303151575787780e+01 6.915345177815109684e-05
4.610305152576287924e+01 6.888403057680092447e-05
4.614307153576788068e+01 6.861630738481558041e-05
4.618309154577288211e+01 6.835026699347532373e-05
4.622311155577789066e+01 6.808589437316178966e-05
4.626313156578289210e+01 6.782317467072694270e-05
4.630315157578789353e+01 6.756209320690833859e-05
4.634317158579289497e+01 6.730263547379024811e-05
4.638319159579789641e+01 6.704478713230902984e-05
4.642321160580289785e+01 6.678853400980227758e-05
4.646323161580789929e+01 6.653386209760076670e-05
4.650325162581290783e+01 6.628075754866195250e-05
4.654327163581790927e+01 6.602920667524516968e-05
4.658329164582291071e+01 6.577919594662612064e-05
4.662331165582791215e+01 6.553071198685151983e-05
4.666333166583291359e+01 6.528374157253182084e-05
4.670335167583791502e+01 6.503827163067220211e-05
4.674337168584292357e+01 6.479428923654004973e-05
4.678339169584792501e+01 6.455178161156938435e-05
4.682341170585292645e+01 6.431073612130024011e-05
4.686343171585792788e+01 6.407114027335341559e-05
4.690345172586292932e+01 6.383298171543930948e-05
4.694347173586793076e+01 6.359624823339995981e-05
4.698349174587293220e+01 6.336092774928438187e-05
4.702351175587794074e+01 6.312700831945593065e-05
4.706353176588294218e+01 6.289447813273122713e-05
4.710355177588794362e+01 6.266332550854993022e-05
4.714357178589294506e+01 6.243353889517521858e-05
4.718359179589794650e+01 6.220510686792361376e-05
4.722361180590294794e+01 6.197801812742448335e-05
4.726363181590794937e+01 6.175226149790782827e-05
4.730365182591295792e+01 6.152782592552001530e-05
4.734367183591795936e+01 6.130470047666786160e-05
4.738369184592296079e+01 6.108287433638857737e-05
4.742371185592796223e+01 6.086233680674722020e-05
4.746373186593296367e+01 6.064307730525951969e-05
4.750375187593796511e+01 6.042508536334059423e-05
4.754377188594297365e+01 6.020835062477845531e-05
4.758379189594797509e+01 5.999286284423227235e-05
4.762381190595297653e+01 5.977861188575434758e-05
4.766383191595797797e+01 5.956558772133635683e-05
4.770385192596297941e+01 5.935378042947809423e-05
4.774387193596798085e+01 5.914318019377960857e-05
4.778389194597298228e+01 5.893377730155512540e-05
4.782391195597799083e+01 5.872556214246938490e-05
4.786393196598299227e+01 5.851852520719532513e-05
4.790395197598799371e+01 5.831265708609256830e-05
4.794397198599299514e+01 5.810794846790720482e-05
4.798399199599799658e+01 5.790439013849158102e-05
4.802401200600299802e+01 5.770197297954416478e-05
4.806403201600799946e+01 5.750068796736904205e-05
4.810405202601300800e+01 5.730052617165456996e-05
4.814407203601800944e+01 5.710147875427130145e-05
4.818409204602301088e+01 5.690353696808783326e-05
4.822411205602801232e+01 5.670669215580564096e-05
4.826413206603301376e+01 5.651093574881128152e-05
4.830415207603801520e+01 5.631625926604630908e-05
4.834417208604301663e+01 5.612265431289481575e-05
4.838419209604802518e+01 5.593011258008720156e-05
4.842421210605302662e+01 5.573862584262152207e-05
4.846423211605802805e+01 5.554818595870037389e-05
4.850425212606302949e+01 5.535878486868434149e-05
4.854427213606803093e+01 5.517041459406117160e-05
4.858429214607303237e+01 5.498306723643031624e-05
4.862431215607804091e+01 5.479673497650276980e-05
4.866433216608304235e+01 5.461141007311612556e-05
4.870435217608804379e+01 5.442708486226383523e-05
4.874437218609304523e+01 5.424375175613943740e-05
4.878439219609804667e+01 5.406140324219470424e-05
4.882441220610304811e+01 5.388003188221182876e-05
4.886443221610804954e+01 5.369963031138929330e-05
4.890445222611305809e+01 5.352019123744127698e-05
4.894447223611805953e+01 5.334170743971033111e-05
4.898449224612306097e+01 5.316417176829288881e-05
4.902451225612806240e+01 5.298757714317783250e-05
4.906453226613306384e+01 5.281191655339737386e-05
4.910455227613806528e+01 5.263718305619065287e-05
4.914457228614306672e+01 5.246336977617903260e-05
4.918459229614807526e+01 5.229046990455373369e-05
4.922461230615307670e+01 5.211847669827512387e-05
4.926463231615807814e+01 5.194738347928329011e-05
4.930465232616307958e+01 5.177718363372027933e-05
4.934467233616808102e+01 5.160787061116349977e-05
4.938469234617308246e+01 5.143943792386982197e-05
4.942471235617809100e+01 5.127187914603067770e-05
4.946473236618309244e+01 5.110518791303786531e-05
4.950475237618809388e+01 5.093935792075946536e-05
4.954477238619309531e+01 5.077438292482634068e-05
4.958479239619809675e+01 5.061025673992857729e-05
4.962481240620309819e+01 5.044697323912184569e-05
4.966483241620809963e+01 5.028452635314358102e-05
4.970485242621310817e+01 5.012291006973864998e-05
4.974487243621810961e+01 4.996211843299482974e-05
4.978489244622311105e+01 4.980214554268685208e-05
4.982491245622811249e+01 4.964298555363046964e-05
4.986493246623311393e+01 4.948463267504481624e-05
4.990495247623811537e+01 4.932708116992388139e-05
4.994497248624311680e+01 4.917032535441682772e-05
4.998499249624812535e+01 4.901435959721650777e-05
5.002501250625312679e+01 4.885917831895688468e-05
5.006503251625812823e+01 4.870477599161819154e-05
5.010505252626312966e+01 4.855114713794062866e-05
5.014507253626813110e+01 4.839828633084602305e-05
5.018509254627313254e+01 4.824618819286726027e-05
5.022511255627814108e+01 4.809484739558561058e-05
5.026513256628314252e+01 4.794425865907569199e-05
5.030515257628814396e+01 4.779441675135777195e-05
5.034517258629314540e+01 4.764531648785773983e-05
5.038519259629814684e+01 4.749695273087425543e-05
5.042521260630314828e+01 4.734932038905299221e-05
5.046523261630814972e+01 4.720241441686804989e-05
5.050525262631315826e+01 4.705622981411034650e-05
5.054527263631815970e+01 4.691076162538267158e-05
5.058529264632316114e+01 4.676600493960169855e-05
5.062531265632816257e+01 4.662195488950648877e-05
5.066533266633316401e+01 4.647860665117343982e-05
5.070535267633816545e+01 4.633595544353801004e-05
5.074537268634316689e+01 4.619399652792238585e-05
5.078539269634817543e+01 4.605272520756951196e-05
5.082541270635317687e+01 4.591213682718333548e-05
5.086543271635817831e+01 4.577222677247500633e-05
5.090545272636317975e+01 4.563299046971504069e-05
5.094547273636818119e+01 4.549442338529140027e-05
5.098549274637318263e+01 4.535652102527316866e-05
5.102551275637819117e+01 4.521927893498006208e-05
5.106553276638319261e+01 4.508269269855758477e-05
5.110555277638819405e+01 4.494675793855753084e-05
5.114557278639319549e+01 4.481147031552388003e-05
5.118559279639819692e+01 4.467682552758436517e-05
5.122561280640319836e+01 4.454281931004676278e-05
5.126563281640819980e+01 4.440944743500097047e-05
5.130565282641320835e+01 4.427670571092576012e-05
5.134567283641820978e+01 4.414458998230065377e-05
5.138569284642321122e+01 4.401309612922288855e-05
5.142571285642821266e+01 4.388222006702910470e-05
5.146573286643321410e+01 4.375195774592194629e-05
5.150575287643821554e+01 4.362230515060134444e-05
5.154577288644321698e+01 4.349325829990040152e-05
5.158579289644822552e+01 4.336481324642606629e-05
5.162581290645322696e+01 4.323696607620421345e-05
5.166583291645822840e+01 4.310971290832915507e-05
5.170585292646322984e+01 4.298304989461752248e-05
5.174587293646823127e+01 4.285697321926673593e-05
5.178589294647323271e+01 4.273147909851738392e-05
5.182591295647823415e+01 4.260656378032006829e-05
5.186593296648324269e+01 4.248222354400628105e-05
5.190595297648824413e+01 4.235845469996349610e-05
5.194597298649324557e+01 4.223525358931404212e-05
5.198599299649824701e+01 4.211261658359819024e-05
5.202601300650324845e+01 4.199054008446104327e-05
5.206603301650824989e+01 4.186902052334334155e-05
5.210605302651325843e+01 4.174805436117586698e-05
5.214607303651825987e+01 4.162763808807796713e-05
5.218609304652326131e+01 4.150776822305944701e-05
5.222611305652826275e+01 4.138844131372611333e-05
5.226613306653326418e+01 4.126965393598914735e-05
5.230615307653826562e+01 4.115140269377787940e-05
5.234617308654326706e+01 4.103368421875589725e-05
5.238619309654827561e+01 4.091649517004084771e-05
5.242621310655327704e+01 4.079983223392749745e-05
5.246623311655827848e+01 4.068369212361412781e-05
5.250625312656327992e+01 4.056807157893221611e-05
5.254627313656828136e+01 4.045296736607949831e-05
5.258629314657328280e+01 4.033837627735602672e-05
5.262631315657828424e+01 4.022429513090354140e-05
5.266633316658329278e+01 4.011072077044782982e-05
5.270635317658829422e+01 3.999765006504438659e-05
5.274637318659329566e+01 3.988507990882686499e-05
5.278639319659829710e+01 3.977300722075839489e-05
5.282641320660329853e+01 3.966142894438642430e-05
5.286643321660829997e+01 3.955034204759978354e-05
5.290645322661330852e+01 3.943974352238902237e-05
5.294647323661830995e+01 3.932963038460948469e-05
5.298649324662331139e+01 3.921999967374704634e-05
5.302651325662831283e+01 3.911084845268682090e-05
5.306653326663331427e+01 3.900217380748435912e-05
5.310655327663831571e+01 3.889397284713966735e-05
5.314657328664331715e+01 3.878624270337378057e-05
5.318659329664832569e+01 3.867898053040797135e-05
5.322661330665332713e+01 3.857218350474556101e-05
5.326663331665832857e+01 3.846584882495612264e-05
5.330665332666333001e+01 3.835997371146237448e-05
5.334667333666833144e+01 3.825455540632934320e-05
5.338669334667333288e+01 3.814959117305614288e-05
5.342671335667833432e+01 3.804507829637001726e-05
5.346673336668334287e+01 3.794101408202272657e-05
5.350675337668834430e+01 3.783739585658946869e-05
5.354677338669334574e+01 3.773422096726980609e-05
5.358679339669834718e+01 3.763148678169109316e-05
5.362681340670334862e+01 3.752919068771408558e-05
5.366683341670835006e+01 3.742733009324074512e-05
5.370685342671335860e+01 3.732590242602416548e-05
5.374687343671836004e+01 3.722490513348076136e-05
5.378689344672336148e+01 3.712433568250457847e-05
5.382691345672836292e+01 3.702419155928348066e-05
5.386693346673336436e+01 3.692447026911780354e-05
5.390695347673836579e+01 3.682516933624067505e-05
5.394697348674336723e+01 3.672628630364057224e-05
5.398699349674837578e+01 3.662781873288569406e-05
5.402701350675337721e+01 3.652976420395063134e-05
5.406703351675837865e+01 3.643212031504439874e-05
5.410705352676338009e+01 3.633488468244106884e-05
5.414707353676838153e+01 3.623805494031168015e-05
5.418709354677338297e+01 3.614162874055840835e-05
5.422711355677838441e+01 3.604560375265047234e-05
5.426713356678339295e+01 3.594997766346163262e-05
5.430715357678839439e+01 3.585474817710995982e-05
5.434717358679339583e+01 3.575991301479883636e-05
5.438719359679839727e+01 3.566546991466007928e-05
5.442721360680339870e+01 3.557141663159860785e-05
5.446723361680840014e+01 3.547775093713887996e-05
5.450725362681340869e+01 3.538447061927300891e-05
5.454727363681841013e+01 3.529157348231052688e-05
5.458729364682341156e+01 3.519905734672977468e-05
5.462731365682841300e+01 3.510692004903080265e-05
5.466733366683341444e+01 3.501515944159019596e-05
5.470735367683841588e+01 3.492377339251709258e-05
5.474737368684341732e+01 3.483275978551096305e-05
5.478739369684842586e+01 3.474211651972086750e-05
5.482741370685342730e+01 3.465184150960635246e-05
5.486743371685842874e+01 3.456193268479964208e-05
5.490745372686343018e+01 3.447238798996935384e-05
5.494747373686843162e+01 3.438320538468589486e-05
5.498749374687343305e+01 3.429438284328798311e-05
5.502751375687843449e+01 3.420591835475085579e-05
5.506753376688344304e+01 3.411780992255565012e-05
5.510755377688844447e+01 3.403005556456047815e-05
5.514757378689344591e+01 3.394265331287245021e-05
5.518759379689844735e+01 3.385560121372156869e-05
5.522761380690344879e+01 3.376889732733540778e-05
5.526763381690845023e+01 3.368253972781558899e-05
5.530765382691345167e+01 3.359652650301534762e-05
5.534767383691846021e+01 3.351085575441823761e-05
5.538769384692346165e+01 3.342552559701859150e-05
5.542771385692846309e+01 3.334053415920254959e-05
5.546773386693346453e+01 3.325587958263104060e-05
5.550775387693846596e+01 3.317156002212344679e-05
5.554777388694346740e+01 3.308757364554278021e-05
5.558779389694847595e+01 3.300391863368193628e-05
5.562781390695347739e+01 3.292059318015123497e-05
5.566783391695847882e+01 3.283759549126695124e-05
5.570785392696348026e+01 3.275492378594117366e-05
5.574787393696848170e+01 3.267257629557270655e-05
5.578789394697348314e+01 3.259055126393917834e-05
5.582791395697848458e+01 3.250884694709022053e-05
5.586793396698349312e+01 3.242746161324158857e-05
5.590795397698849456e+01 3.234639354267079386e-05
5.594797398699349600e+01 3.226564102761328461e-05
5.598799399699849744e+01 3.218520237216010394e-05
5.602801400700349888e+01 3.210507589215633401e-05
5.606803401700850031e+01 3.202525991510075986e-05
5.610805402701350175e+01 3.194575278004642101e-05
5.614807403701851030e+01 3.186655283750223366e-05
5.618809404702351173e+01 3.178765844933566318e-05
5.622811405702851317e+01 3.170906798867623015e-05
5.626813406703351461e+01 3.163077983982012765e-05
5.630815407703851605e+01 3.155279239813584149e-05
5.634817408704351749e+01 3.147510406997056320e-05
5.638819409704852603e+01 3.139771327255756533e-05
5.642821410705352747e+01 3.132061843392476249e-05
5.646823411705852891e+01 3.124381799280386880e-05
5.650825412706353035e+01 3.116731039854062595e-05
5.654827413706853179e+01 3.109109411100582405e-05
5.658829414707353322e+01 3.101516760050750842e-05
5.662831415707853466e+01 3.093952934770354538e-05
5.666833416708354321e+01 3.086417784351559089e-05
5.670835417708854465e+01 3.078911158904358081e-05
5.674837418709354608e+01 3.071432909548116319e-05
5.678839419709854752e+01 3.063982888403205879e-05
5.682841420710354896e+01 3.056560948582701126e-05
5.686843421710855040e+01 3.049166944184181121e-05
5.690845422711355184e+01 3.041800730281610311e-05
5.694847423711856038e+01 3.034462162917266975e-05
5.698849424712356182e+01 3.027151099093809241e-05
5.702851425712856326e+01 3.019867396766352615e-05
5.706853426713356470e+01 3.012610914834679647e-05
5.710855427713856614e+01 3.005381513135493992e-05
5.714857428714356757e+01 2.998179052434764240e-05
5.718859429714857612e+01 2.991003394420134844e-05
5.722861430715357756e+01 2.983854401693419037e-05
5.726863431715857899e+01 2.976731937763155782e-05
5.730865432716358043e+01 2.969635867037244989e-05
5.734867433716858187e+01 2.962566054815649822e-05
5.738869434717358331e+01 2.955522367283173199e-05
5.742871435717858475e+01 2.948504671502307140e-05
5.746873436718359329e+01 2.941512835406136665e-05
5.750875437718859473e+01 2.934546727791336522e-05
5.754877438719359617e+01 2.927606218311206890e-05
5.758879439719859761e+01 2.920691177468793092e-05
5.762881440720359905e+01 2.913801476610072063e-05
5.766883441720860048e+01 2.906936987917200146e-05
5.770885442721360192e+01 2.900097584401818143e-05
5.774887443721861047e+01 2.893283139898431916e-05
5.778889444722361191e+01 2.886493529057852973e-05
5.782891445722861334e+01 2.879728627340693247e-05
5.786893446723361478e+01 2.872988311010931376e-05
5.790895447723861622e+01 2.866272457129540307e-05
5.794897448724361766e+01 2.859580943548163681e-05
5.798899449724862620e+01 2.852913648902859653e-05
5.802901450725362764e+01 2.846270452607917211e-05
5.806903451725862908e+01 2.839651234849698922e-05
5.810905452726363052e+01 2.833055876580568724e-05
5.814907453726863196e+01 2.826484259512867153e-05
5.818909454727363340e+01 2.819936266112944159e-05
5.822911455727863483e+01 2.813411779595246821e-05
5.826913456728364338e+01 2.806910683916456859e-05
5.830915457728864482e+01 2.800432863769701676e-05
5.834917458729364625e+01 2.793978204578792161e-05
5.838919459729864769e+01 2.787546592492534688e-05
5.842921460730364913e+01 2.781137914379090565e-05
5.846923461730865057e+01 2.774752057820386959e-05
5.850925462731365201e+01 2.768388911106571892e-05
5.854927463731866055e+01 2.762048363230536639e-05
5.858929464732366199e+01 2.755730303882478118e-05
5.862931465732866343e+01 2.749434623444508714e-05
5.866933466733366487e+01 2.743161212985322680e-05
5.870935467733866631e+01 2.736909964254909632e-05
5.874937468734366774e+01 2.730680769679315147e-05
5.878939469734866918e+01 2.724473522355453191e-05
5.882941470735367773e+01 2.718288116045952096e-05
5.886943471735867917e+01 2.712124445174078456e-05
5.890945472736368060e+01 2.705982404818662050e-05
5.894947473736868204e+01 2.699861890709113590e-05
5.898949474737368348e+01 2.693762799220453995e-05
5.902951475737868492e+01 2.687685027368404310e-05
5.906953476738369346e+01 2.681628472804521027e-05
5.910955477738869490e+01 2.675593033811363250e-05
5.914957478739369634e+01 2.669578609297719842e-05
5.918959479739869778e+01 2.663585098793865352e-05
5.922961480740369922e+01 2.657612402446867124e-05
5.926963481740870066e+01 2.651660421015929997e-05
5.930965482741370209e+01 2.645729055867792852e-05
5.934967483741871064e+01 2.639818208972145828e-05
5.938969484742371208e+01 2.633927782897113937e-05
5.942971485742871351e+01 2.628057680804760679e-05
5.946973486743371495e+01 2.622207806446641795e-05
5.950975487743871639e+01 2.616378064159397305e-05
5.954977488744371783e+01 2.610568358860376758e-05
5.958979489744871927e+01 2.604778596043324780e-05
5.962981490745372781e+01 2.599008681774062901e-05
5.966983491745872925e+01 2.593258522686261845e-05
5.970985492746373069e+01 2.587528025977208737e-05
5.974987493746873213e+01 2.581817099403626149e-05
5.978989494747373357e+01 2.576125651277548064e-05
5.982991495747873500e+01 2.570453590462190422e-05
5.986993496748374355e+01 2.564800826367899254e-05
5.990995497748874499e+01 2.559167268948109994e-05
5.994997498749374643e+01 2.553552828695347792e-05
5.998999499749874786e+01 2.547957416637267126e-05
6.003001500750374930e+01 2.542380944332718178e-05
6.007003501750875074e+01 2.536823323867859635e-05
6.011005502751375218e+01 2.531284467852292150e-05
6.015007503751876072e+01 2.525764289415234837e-05
6.019009504752376216e+01 2.520262702201729883e-05
6.023011505752876360e+01 2.514779620368883420e-05
6.027013506753376504e+01 2.509314958582136882e-05
6.031015507753876648e+01 2.503868632011570556e-05
6.035017508754376792e+01 2.498440556328238976e-05
6.039019509754876935e+01 2.493030647700541220e-05
6.043021510755377790e+01 2.487638822790624068e-05
6.047023511755877934e+01 2.482264998750803459e-05
6.051025512756378077e+01 2.476909093220027954e-05
6.055027513756878221e+01 2.471571024320378464e-05
6.059029514757378365e+01 2.466250710653575419e-05
6.063031515757878509e+01 2.460948071297544223e-05
6.067033516758379363e+01 2.455663025802985784e-05
6.071035517758879507e+01 2.450395494189995500e-05
6.075037518759379651e+01 2.445145396944690708e-05
6.079039519759879795e+01 2.439912655015891000e-05
6.083041520760379939e+01 2.434697189811804624e-05
6.087043521760880083e+01 2.429498923196754531e-05
6.091045522761380226e+01 2.424317777487935941e-05
6.095047523761881081e+01 2.419153675452186090e-05
6.099049524762381225e+01 2.414006540302800744e-05
6.103051525762881369e+01 2.408876295696360539e-05
6.107053526763381512e+01 2.403762865729591194e-05
6.111055527763881656e+01 2.398666174936256259e-05
6.115057528764381800e+01 2.393586148284064427e-05
6.119059529764881944e+01 2.388522711171610390e-05
6.123061530765382798e+01 2.383475789425338736e-05
6.127063531765882942e+01 2.378445309296535283e-05
6.131065532766383086e+01 2.373431197458338753e-05
6.135067533766883230e+01 2.368433381002787671e-05
6.139069534767383374e+01 2.363451787437876420e-05
6.143071535767883518e+01 2.358486344684650258e-05
6.147073536768384372e+01 2.353536981074316254e-05
6.151075537768884516e+01 2.348603625345385064e-05
6.155077538769384660e+01 2.343686206640824220e-05
6.159079539769884803e+01 2.338784654505249370e-05
6.163081540770384947e+01 2.333898898882130426e-05
6.167083541770885091e+01 2.329028870111022779e-05
6.171085542771385235e+01 2.324174498924820204e-05
6.175087543771886089e+01 2.319335716447032159e-05
6.179089544772386233e+01 2.314512454189081745e-05
6.183091545772886377e+01 2.309704644047631459e-05
6.187093546773386521e+01 2.304912218301918424e-05
6.191095547773886665e+01 2.300135109611126897e-05
6.195097548774386809e+01 2.295373251011769916e-05
6.199099549774886952e+01 2.290626575915102127e-05
6.203101550775387807e+01 2.285895018104538702e-05
6.207103551775887951e+01 2.281178511733121696e-05
6.211105552776388095e+01 2.276476991320974203e-05
6.215107553776888238e+01 2.271790391752805338e-05
6.219109554777388382e+01 2.267118648275409117e-05
6.223111555777888526e+01 2.262461696495209754e-05
6.227113556778388670e+01 2.257819472375800185e-05
6.231115557778889524e+01 2.253191912235527687e-05
6.235117558779389668e+01 2.248578952745075086e-05
6.239119559779889812e+01 2.243980530925073822e-05
6.243121560780389956e+01 2.239396584143736322e-05
6.247123561780890100e+01 2.234827050114501586e-05
6.251125562781390244e+01 2.230271866893708557e-05
6.255127563781891098e+01 2.225730972878279317e-05
6.259129564782391242e+01 2.221204306803421257e-05
6.263131565782891386e+01 2.216691807740359059e-05
6.267133566783391529e+01 2.212193415094068378e-05
6.271135567783891673e+01 2.207709068601043398e-05
6.275137568784391817e+01 2.203238708327063042e-05
6.279139569784891961e+01 2.198782274665000877e-05
6.283141570785392815e+01 2.194339708332627577e-05
6.287143571785892959e+01 2.189910950370446582e-05
6.291145572786393103e+01 2.185495942139541281e-05
6.295147573786893247e+01 2.181094625319433033e-05
6.299149574787393391e+01 2.176706941905974087e-05
6.303151575787893535e+01 2.172332834209235764e-05
6.307153576788393678e+01 2.167972244851429156e-05
6.311155577788894533e+01 2.163625116764833961e-05
6.315157578789394677e+01 2.159291393189749007e-05
6.319159579789894821e+01 2.154971017672453946e-05
6.323161580790394964e+01 2.150663934063183155e-05
6.327163581790895108e+01 2.146370086514134192e-05
6.331165582791395252e+01 2.142089419477469472e-05
6.335167583791896107e+01 2.137821877703344041e-05
6.339169584792396250e+01 2.133567406237953329e-05
6.343171585792896394e+01 2.129325950421581592e-05
6.347173586793396538e+01 2.125097455886687612e-05
6.351175587793896682e+01 2.120881868555974821e-05
6.355177588794396826e+01 2.116679134640512240e-05
6.359179589794896970e+01 2.112489200637837806e-05
6.363181590795397824e+01 2.108312013330100319e-05
6.367183591795897968e+01 2.104147519782198340e-05
6.371185592796398112e+01 2.099995667339941453e-05
6.375187593796898256e+01 2.095856403628232873e-05
6.379189594797398399e+01 2.091729676549247306e-05
6.383191595797898543e+01 2.087615434280646080e-05
6.387193596798398687e+01 2.083513625273782457e-05
6.391195597798899541e+01 2.079424198251934717e-05
6.395197598799399685e+01 2.075347102208562628e-05
6.399199599799899829e+01 2.071282286405545615e-05
6.403201600800400684e+01 2.067229700371463967e-05
6.407203601800900117e+01 2.063189293899888159e-05
6.411205602801400971e+01 2.059161017047662096e-05
6.415207603801900405e+01 2.055144820133228013e-05
6.419209604802401259e+01 2.051140653734935125e-05
6.423211605802900692e+01 2.047148468689391636e-05
6.427213606803401547e+01 2.043168216089794731e-05
6.431215607803902401e+01 2.039199847284309014e-05
6.435217608804401834e+01 2.035243313874432076e-05
6.439219609804902689e+01 2.031298567713374966e-05
6.443221610805402122e+01 2.027365560904471802e-05
6.447223611805902976e+01 2.023444245799577864e-05
6.451225612806402410e+01 2.019534574997503598e-05
6.455227613806903264e+01 2.015636501342437439e-05
6.459229614807404118e+01 2.011749977922403198e-05
6.463231615807903552e+01 2.007874958067704571e-05
6.467233616808404406e+01 2.004011395349403524e-05
6.471235617808903839e+01 2.000159243577798350e-05
6.475237618809404694e+01 1.996318456800913574e-05
6.479239619809904127e+01 1.992488989303008501e-05
6.483241620810404982e+01 1.988670795603082370e-05
6.487243621810905836e+01 1.984863830453407972e-05
6.491245622811405269e+01 1.981068048838069331e-05
6.495247623811906124e+01 1.977283405971498031e-05
6.499249624812405557e+01 1.973509857297045121e-05
6.503251625812906411e+01 1.969747358485535396e-05
6.507253626813405845e+01 1.965995865433864374e-05
6.511255627813906699e+01 1.962255334263571889e-05
6.515257628814407553e+01 1.958525721319452284e-05
6.519259629814906987e+01 1.954806983168163242e-05
6.523261630815407841e+01 1.951099076596841733e-05
6.527263631815907274e+01 1.947401958611745036e-05
6.531265632816408129e+01 1.943715586436880915e-05
6.535267633816907562e+01 1.940039917512670329e-05
6.539269634817408416e+01 1.936374909494596914e-05
6.543271635817909271e+01 1.932720520251887314e-05
6.547273636818408704e+01 1.929076707866191160e-05
6.551275637818909559e+01 1.925443430630261732e-05
6.555277638819408992e+01 1.921820647046669825e-05
6.559279639819909846e+01 1.918208315826501692e-05
6.563281640820410701e+01 1.914606395888085780e-05
6.567283641820910134e+01 1.911014846355720489e-05
6.571285642821410988e+01 1.907433626558401927e-05
6.575287643821910422e+01 1.903862696028585890e-05
6.579289644822411276e+01 1.900302014500929843e-05
6.583291645822910709e+01 1.896751541911067439e-05
6.587293646823411564e+01 1.893211238394377607e-05
6.591295647823912418e+01 1.889681064284767873e-05
6.595297648824411851e+01 1.886160980113466156e-05
6.599299649824912706e+01 1.882650946607820688e-05
6.603301650825412139e+01 1.879150924690111121e-05
6.607303651825912993e+01 1.875660875476360307e-05
6.611305652826412427e+01 1.872180760275168784e-05
6.615307653826913281e+01 1.868710540586538752e-05
6.619309654827414136e+01 1.865250178100725159e-05
6.623311655827913569e+01 1.861799634697087463e-05
6.627313656828414423e+01 1.858358872442936652e-05
6.631315657828913857e+01 1.854927853592420884e-05
6.635317658829414711e+01 1.851506540585384029e-05
6.639319659829914144e+01 1.848094896046261477e-05
6.643321660830414999e+01 1.844692882782964082e-05
6.647323661830915853e+01 1.841300463785781094e-05
6.651325662831415286e+01 1.837917602226288153e-05
6.655327663831916141e+01 1.834544261456259032e-05
6.659329664832415574e+01 1.831180405006590237e-05
6.663331665832916428e+01 1.827825996586230698e-05
6.667333666833415862e+01 1.824481000081123994e-05
6.671335667833916716e+01 1.821145379553143126e-05
6.675337668834417570e+01 1.817819099239055102e-05
6.679339669834917004e+01 1.814502123549476377e-05
6.683341670835417858e+01 1.811194417067839472e-05
6.687343671835917291e+01 1.807895944549367387e-05
6.691345672836418146e+01 1.804606670920056485e-05
6.695347673836917579e+01 1.801326561275671230e-05
6.699349674837418434e+01 1.798055580880727073e-05
6.703351675837919288e+01 1.794793695167511621e-05
6.707353676838418721e+01 1.791540869735080391e-05
6.711355677838919576e+01 1.788297070348276289e-05
6.715357678839419009e+01 1.785062262936766699e-05
6.719359679839919863e+01 1.781836413594052121e-05
6.723361680840420718e+01 1.778619488576523247e-05
6.727363681840920151e+01 1.775411454302500431e-05
6.731365682841421005e+01 1.772212277351274508e-05
6.735367683841920439e+01 1.769021924462179458e-05
6.739369684842421293e+01 1.765840362533645092e-05
6.743371685842920726e+01 1.762667558622275473e-05
6.747373686843421581e+01 1.759503479941916507e-05
6.751375687843922435e+01 1.756348093862754358e-05
6.755377688844421868e+01 1.753201367910390488e-05
6.759379689844922723e+01 1.750063269764943807e-05
6.763381690845422156e+01 1.746933767260155522e-05
6.767383691845923011e+01 1.743812828382490946e-05
6.771385692846422444e+01 1.740700421270261297e-05
6.775387693846923298e+01 1.737596514212739050e-05
6.779389694847424153e+01 1.734501075649286518e-05
6.783391695847923586e+01 1.731414074168492889e-05
6.787393696848424440e+01 1.728335478507303475e-05
6.791395697848923874e+01 1.725265257550173364e-05
6.795397698849424728e+01 1.722203380328209875e-05
6.799399699849924161e+01 1.719149816018336713e-05
6.803401700850425016e+01 1.716104533942449642e-05
6.807403701850925870e+01 1.713067503566588766e-05
6.811405702851425303e+01 1.710038694500108438e-05
6.815407703851926158e+01 1.707018076494856652e-05
6.819409704852425591e+01 1.704005619444361555e-05
6.823411705852926445e+01 1.701001293383017614e-05
6.827413706853425879e+01 1.698005068485288732e-05
6.831415707853926733e+01 1.695016915064898483e-05
6.835417708854427588e+01 1.692036803574044403e-05
6.839419709854927021e+01 1.689064704602611942e-05
6.843421710855427875e+01 1.686100588877378597e-05
6.847423711855927309e+01 1.683144427261252593e-05
6.851425712856428163e+01 1.680196190752484471e-05
6.855427713856927596e+01 1.677255850483917626e-05
6.859429714857428451e+01 1.674323377722206671e-05
6.863431715857929305e+01 1.671398743867076787e-05
6.867433716858428738e+01 1.668481920450564786e-05
6.871435717858929593e+01 1.665572879136267958e-05
6.875437718859429026e+01 1.662671591718613254e-05
6.879439719859929880e+01 1.659778030122107490e-05
6.883441720860429314e+01 1.656892166400616694e-05
6.887443721860930168e+01 1.654013972736631893e-05
6.891445722861431022e+01 1.651143421440549143e-05
6.895447723861930456e+01 1.648280484949952591e-05
6.899449724862431310e+01 1.645425135828899589e-05
6.903451725862930743e+01 1.642577346767217308e-05
6.907453726863431598e+01 1.639737090579791577e-05
6.911455727863932452e+01 1.636904340205875698e-05
6.915457728864431886e+01 1.634079068708394530e-05
6.919459729864932740e+01 1.631261249273251610e-05
6.923461730865432173e+01 1.628450855208648821e-05
6.927463731865933028e+01 1.625647859944401647e-05
6.931465732866432461e+01 1.622852237031269679e-05
6.935467733866933315e+01 1.620063960140274927e-05
6.939469734867434170e+01 1.617283003062046885e-05
6.943471735867933603e+01 1.614509339706152370e-05
6.947473736868434457e+01 1.611742944100436859e-05
6.951475737868933891e+01 1.608983790390374312e-05
6.955477738869434745e+01 1.606231852838413263e-05
6.959479739869934178e+01 1.603487105823336799e-05
6.963481740870435033e+01 1.600749523839616444e-05
6.967483741870935887e+01 1.598019081496777902e-05
6.971485742871435320e+01 1.595295753518767475e-05
6.975487743871936175e+01 1.592579514743319163e-05
6.979489744872435608e+01 1.589870340121339373e-05
6.983491745872936463e+01 1.587168204716277073e-05
6.987493746873435896e+01 1.584473083703511888e-05
6.991495747873936750e+01 1.581784952369739839e-05
6.995497748874437605e+01 1.579103786112365506e-05
6.999499749874937038e+01 1.576429560438899621e-05
7.003501750875437892e+01 1.573762250966351576e-05
7.007503751875937326e+01 1.571101833420638871e-05
7.011505752876438180e+01 1.568448283635991481e-05
7.015507753876937613e+01 1.565801577554365369e-05
7.019509754877438468e+01 1.563161691224851938e-05
7.023511755877939322e+01 1.560528600803099333e-05
7.027513756878438755e+01 1.557902282550736463e-05
7.031515757878939610e+01 1.555282712834793967e-05
7.035517758879439043e+01 1.552669868127140091e-05
7.039519759879939897e+01 1.550063725003907416e-05
7.043521760880439331e+01 1.547464260144930766e-05
7.047523761880940185e+01 1.544871450333193589e-05
7.051525762881441040e+01 1.542285272454263831e-05
7.055527763881940473e+01 1.539705703495748788e-05
7.059529764882441327e+01 1.537132720546736399e-05
7.063531765882940761e+01 1.534566300797261961e-05
7.067533766883441615e+01 1.532006421537755178e-05
7.071535767883942469e+01 1.529453060158508229e-05
7.075537768884441903e+01 1.526906194149139088e-05
7.079539769884942757e+01 1.524365801098057721e-05
7.083541770885442190e+01 1.521831858691940252e-05
7.087543771885943045e+01 1.519304344715200748e-05
7.091545772886442478e+01 1.516783237049475382e-05
7.095547773886943332e+01 1.514268513673095233e-05
7.099549774887444187e+01 1.511760152660580446e-05
7.103551775887943620e+01 1.509258132182123024e-05
7.107553776888444474e+01 1.506762430503075061e-05
7.111555777888943908e+01 1.504273025983453049e-05
7.115557778889444762e+01 1.501789897077422718e-05
7.119559779889944195e+01 1.499313022332814026e-05
7.123561780890445050e+01 1.496842380390611748e-05
7.127563781890945904e+01 1.494377949984473350e-05
7.131565782891445338e+01 1.491919709940231607e-05
7.135567783891946192e+01 1.489467639175410782e-05
7.139569784892445625e+01 1.487021716698744323e-05
7.143571785892946480e+01 1.484581921609690190e-05
7.147573786893445913e+01 1.482148233097958043e-05
7.151575787893946767e+01 1.479720630443030160e-05
7.155577788894447622e+01 1.477299093013690993e-05
7.159579789894947055e+01 1.474883600267562321e-05
7.163581790895447909e+01 1.472474131750628396e-05
7.167583791895947343e+01 1.470070667096783125e-05
7.171585792896448197e+01 1.467673186027360305e-05
7.175587793896947630e+01 1.465281668350685031e-05
7.179589794897448485e+01 1.462896093961611557e-05
7.183591795897949339e+01 1.460516442841077760e-05
7.187593796898448772e+01 1.458142695055652986e-05
7.191595797898949627e+01 1.455774830757091501e-05
7.195597798899449060e+01 1.453412830181891353e-05
7.199599799899949915e+01 1.451056673650850698e-05
7.203601800900449348e+01 1.448706341568633441e-05
7.207603801900950202e+01 1.446361814423330640e-05
7.211605802901451057e+01 1.444023072786029876e-05
7.215607803901950490e+01 1.441690097310386828e-05
7.219609804902451344e+01 1.439362868732192092e-05
7.223611805902950778e+01 1.437041367868952584e-05
7.227613806903451632e+01 1.434725575619467005e-05
7.231615807903951065e+01 1.432415472963407913e-05
7.235617808904451920e+01 1.430111040960899565e-05
7.239619809904952774e+01 1.427812260752111170e-05
7.243621810905452207e+01 1.425519113556839981e-05
7.247623811905953062e+01 1.423231580674101326e-05
7.251625812906452495e+01 1.420949643481726953e-05
7.255627813906953349e+01 1.418673283435953535e-05
7.259629814907454204e+01 1.416402482071026431e-05
7.263631815907953637e+01 1.414137220998798529e-05
7.267633816908454492e+01 1.411877481908329940e-05
7.271635817908953925e+01 1.409623246565499550e-05
7.275637818909454779e+01 1.407374496812604369e-05
7.279639819909954213e+01 1.405131214567980572e-05
7.283641820910455067e+01 1.402893381825603531e-05
7.287643821910955921e+01 1.400660980654712237e-05
7.291645822911455355e+01 1.398433993199423393e-05
7.295647823911956209e+01 1.396212401678346693e-05
7.299649824912455642e+01 1.393996188384214329e-05
7.303651825912956497e+01 1.391785335683495423e-05
7.307653826913455930e+01 1.389579826016032306e-05
7.311655827913956784e+01 1.387379641894660546e-05
7.315657828914457639e+01 1.385184765904843702e-05
7.319659829914957072e+01 1.382995180704308764e-05
7.323661830915457926e+01 1.380810869022672103e-05
7.327663831915957360e+01 1.378631813661087780e-05
7.331665832916458214e+01 1.376457997491876381e-05
7.335667833916957647e+01 1.374289403458177221e-05
7.339669834917458502e+01 1.372126014573581411e-05
7.343671835917959356e+01 1.369967813921787455e-05
7.347673836918458790e+01 1.367814784656243462e-05
7.351675837918959644e+01 1.365666909999794783e-05
7.355677838919459077e+01 1.363524173244343159e-05
7.359679839919959932e+01 1.361386557750495209e-05
7.363681840920459365e+01 1.359254046947222599e-05
7.367683841920960219e+01 1.357126624331514076e-05
7.371685842921461074e+01 1.355004273468045299e-05
7.375687843921960507e+01 1.352886977988831557e-05
7.379689844922461361e+01 1.350774721592897421e-05
7.383691845922960795e+01 1.348667488045941830e-05
7.387693846923461649e+01 1.346565261180004362e-05
7.391695847923961082e+01 1.344468024893139460e-05
7.395697848924461937e+01 1.342375763149082537e-05
7.399699849924962791e+01 1.340288459976931828e-05
7.403701850925462224e+01 1.338206099470816350e-05
7.407703851925963079e+01 1.336128665789577256e-05
7.411705852926462512e+01 1.334056143156450698e-05
7.415707853926963367e+01 1.331988515858742232e-05
7.419709854927464221e+01 1.329925768247515446e-05
7.423711855927963654e+01 1.327867884737279407e-05
7.427713856928464509e+01 1.325814849805664079e-05
7.431715857928963942e+01 1.323766647993127923e-05
7.435717858929464796e+01 1.321723263902628066e-05
7.439719859929964230e+01 1.319684682199330952e-05
7.443721860930465084e+01 1.317650887610292676e-05
7.447723861930965938e+01 1.315621864924164719e-05
7.451725862931465372e+01 1.313597598990888004e-05
7.455727863931966226e+01 1.311578074721389488e-05
7.459729864932465659e+01 1.309563277087290440e-05
7.463731865932966514e+01 1.307553191120602534e-05
7.467733866933465947e+01 1.305547801913437815e-05
7.471735867933966802e+01 1.303547094617712753e-05
7.475737868934467656e+01 1.301551054444856352e-05
7.479739869934967089e+01 1.299559666665522161e-05
7.483741870935467944e+01 1.297572916609294180e-05
7.487743871935967377e+01 1.295590789664409547e-05
7.491745872936468231e+01 1.293613271277464613e-05
7.495747873936967665e+01 1.291640346953134239e-05
7.499749874937468519e+01 1.289672002253891424e-05
7.503751875937969373e+01 1.287708222799728466e-05
7.507753876938468807e+01 1.285748994267872694e-05
7.511755877938969661e+01 1.283794302392512032e-05
7.515757878939469094e+01 1.281844132964523101e-05
7.519759879939969949e+01 1.279898471831191356e-05
7.523761880940469382e+01 1.277957304895944445e-05
7.527763881940970236e+01 1.276020618118076075e-05
7.531765882941471091e+01 1.274088397512479872e-05
7.535767883941970524e+01 1.272160629149384259e-05
7.539769884942471379e+01 1.270237299154077854e-05
7.543771885942970812e+01 1.268318393706653998e-05
7.547773886943471666e+01 1.266403899041742587e-05
7.551775887943971100e+01 1.264493801448248170e-05
7.555777888944471954e+01 1.262588087269092622e-05
7.559779889944972808e+01 1.260686742900953914e-05
7.563781890945472242e+01 1.258789754794011668e-05
7.567783891945973096e+01 1.256897109451685424e-05
7.571785892946472529e+01 1.255008793430388660e-05
7.575787893946973384e+01 1.253124793339267399e-05
7.579789894947472817e+01 1.251245095839957957e-05
7.583791895947973671e+01 1.249369687646325208e-05
7.587793896948474526e+01 1.247498555524225757e-05
7.591795897948973959e+01 1.245631686291252303e-05
7.595797898949474813e+01 1.243769066816491898e-05
7.599799899949974247e+01 1.241910684020280813e-05
7.603801900950475101e+01 1.240056524873958560e-05
7.607803901950975956e+01 1.238206576399629709e-05
7.611805902951475389e+01 1.236360825669922652e-05
7.615807903951976243e+01 1.234519259807750227e-05
7.619809904952475677e+01 1.232681865986070353e-05
7.623811905952976531e+01 1.230848631427650892e-05
7.627813906953475964e+01 1.229019543404837218e-05
7.631815907953976819e+01 1.227194589239311160e-05
7.635817908954477673e+01 1.225373756301868563e-05
7.639819909954977106e+01 1.223557032012179923e-05
7.643821910955477961e+01 1.221744403838563037e-05
7.647823911955977394e+01 1.219935859297754481e-05
7.651825912956478248e+01 1.218131385954684800e-05
7.655827913956977682e+01 1.216330971422247104e-05
7.659829914957478536e+01 1.214534603361075820e-05
7.663831915957979390e+01 1.212742269479323416e-05
7.667833916958478824e+01 1.210953957532436782e-05
7.671835917958979678e+01 1.209169655322934464e-05
7.675837918959479111e+01 1.207389350700192529e-05
7.679839919959979966e+01 1.205613031560216549e-05
7.683841920960479399e+01 1.203840685845433228e-05
7.687843921960980254e+01 1.202072301544468818e-05
7.691845922961481108e+01 1.200307866691937360e-05
7.695847923961980541e+01 1.198547369368221477e-05
7.699849924962481396e+01 1.196790797699267045e-05
7.703851925962980829e+01 1.195038139856363482e-05
7.707853926963481683e+01 1.193289384055940282e-05
7.711855927963981117e+01 1.191544518559354922e-05
7.715857928964481971e+01 1.189803531672682123e-05
7.719859929964982825e+01 1.188066411746510895e-05
7.723861930965482259e+01 1.186333147175739728e-05
7.727863931965983113e+01 1.184603726399364326e-05
7.731865932966482546e+01 1.182878137900282109e-05
7.735867933966983401e+01 1.181156370205087233e-05
7.739869934967482834e+01 1.179438411883865609e-05
7.743871935967983688e+01 1.177724251549999575e-05
7.747873936968484543e+01 1.176013877859965456e-05
7.751875937968983976e+01 1.174307279513138238e-05
7.755877938969484831e+01 1.172604445251590992e-05
7.759879939969984264e+01 1.170905363859901917e-05
7.763881940970485118e+01 1.169210024164955798e-05
7.767883941970985973e+01 1.167518415035755626e-05
7.771885942971485406e+01 1.165830525383225576e-05
7.775887943971986260e+01 1.164146344160018393e-05
7.779889944972485694e+01 1.162465860360329723e-05
7.783891945972986548e+01 1.160789063019701432e-05
7.787893946973485981e+01 1.159115941214840676e-05
7.791895947973986836e+01 1.157446484063423904e-05
7.795897948974487690e+01 1.155780680723917450e-05
7.799899949974987123e+01 1.154118520395388651e-05
7.803901950975487978e+01 1.152459992317319663e-05
7.807903951975987411e+01 1.150805085769427216e-05
7.811905952976488265e+01 1.149153790071476775e-05
7.815907953976987699e+01 1.147506094583102798e-05
7.819909954977488553e+01 1.145861988703627133e-05
7.823911955977989408e+01 1.144221461871879787e-05
7.827913956978488841e+01 1.142584503566020536e-05
7.831915957978989695e+01 1.140951103303359024e-05
7.835917958979489129e+01 1.139321250640179588e-05
7.839919959979989983e+01 1.137694935171563723e-05
7.843921960980489416e+01 1.136072146531219153e-05
7.847923961980990271e+01 1.134452874391299410e-05
7.851925962981491125e+01 1.132837108462236462e-05
7.855927963981990558e+01 1.131224838492564697e-05
7.859929964982491413e+01 1.129616054268750505e-05
7.863931965982990846e+01 1.128010745615022526e-05
7.867933966983491700e+01 1.126408902393203097e-05
7.871935967983991134e+01 1.124810514502536637e-05
7.875937968984491988e+01 1.123215571879523296e-05
7.879939969984992842e+01 1.121624064497754285e-05
7.883941970985492276e+01 1.120035982367742985e-05
7.887943971985993130e+01 1.118451315536758751e-05
7.891945972986492563e+01 1.116870054088669712e-05
7.895947973986993418e+01 1.115292188143768272e-05
7.899949974987492851e+01 1.113717707858620856e-05
7.903951975987993706e+01 1.112146603425895108e-05
7.907953976988494560e+01 1.110578865074207768e-05
7.911955977988993993e+01 1.109014483067960007e-05
7.915957978989494848e+01 1.107453447707178354e-05
7.919959979989994281e+01 1.105895749327358845e-05
7.923961980990495135e+01 1.104341378299308454e-05
7.927963981990994569e+01 1.102790325028988225e-05
7.931965982991495423e+01 1.101242579957354877e-05
7.935967983991996277e+01 1.099698133560211726e-05
7.939969984992495711e+01 1.098156976348051134e-05
7.943971985992996565e+01 1.096619098865899000e-05
7.947973986993495998e+01 1.095084491693167369e-05
7.951975987993996853e+01 1.093553145443495197e-05
7.955977988994497707e+01 1.092025050764606550e-05
7.959979989994997140e+01 1.090500198338153570e-05
7.963981990995497995e+01 1.088978578879569261e-05
7.967983991995997428e+01 1.087460183137919082e-05
7.971985992996498283e+01 1.085945001895752386e-05
7.975987993996997716e+01 1.084433025968956217e-05
7.979989994997498570e+01 1.082924246206607586e-05
7.983991995997999425e+01 1.081418653490830330e-05
7.987993996998498858e+01 1.079916238736647380e-05
7.991995997998999712e+01 1.078416992891837619e-05
7.995997998999499146e+01 1.076920906936793917e-05
8.000000000000000000e+01 1.075427971884379305e-05
