tier,restart_idx,param_seed,final_train_cost,final_test_cost
7,0,156001175,1.695972e-01,2.596492e-01
7,1,156001176,2.898520e-01,5.979879e-01
7,2,156001177,2.836900e-02,2.522321e-01
7,3,156001178,3.459581e-02,1.969038e-01
7,4,156001179,7.060797e-02,3.547684e-01
7,5,156001180,9.953756e-03,9.542917e-02
7,6,156001181,6.089738e-02,1.905237e-01
7,7,156001182,2.772870e-02,9.950981e-02
7,8,156001183,2.002721e-02,2.348383e-02
7,9,156001184,3.797802e-02,1.593203e-01
