tier,restart_idx,param_seed,final_train_cost,final_test_cost
3,0,156000771,1.333814e-02,3.281193e+00
3,1,156000772,2.528721e-02,3.171237e+00
3,2,156000773,6.790340e-03,2.393846e+00
3,3,156000774,4.546029e-02,1.099530e+01
3,4,156000775,4.464099e-02,4.546795e+00
3,5,156000776,1.717595e-02,3.467486e+00
3,6,156000777,1.938114e-02,1.104636e+00
3,7,156000778,9.598751e-03,1.825623e+01
3,8,156000779,7.319631e-02,1.077040e+01
3,9,156000780,2.745351e-02,8.837184e-01
