tier,restart_idx,param_seed,final_train_cost,final_test_cost
2,0,156000670,8.930573e-02,3.407585e+00
2,1,156000671,3.141460e-03,6.048008e+00
2,2,156000672,7.785095e-02,5.079238e+01
2,3,156000673,4.116988e-03,7.193601e+00
2,4,156000674,3.635006e-02,3.433488e+00
2,5,156000675,9.060506e-03,9.196198e+00
2,6,156000676,1.196570e-02,2.012598e+01
2,7,156000677,8.599383e-03,8.366074e+00
2,8,156000678,3.126585e-03,1.687819e+01
2,9,156000679,1.909223e-02,2.863196e+00
