{
  "restart": 19,
  "seed": 77,
  "iters": 30000,
  "lr": 0.05,
  "best_iter": 29824,
  "best_cost": 0.0023560032714158297,
  "best_alphaD_mean": 0.0002292045790572246,
  "n": 6
}