{
  "restart": 23,
  "seed": 81,
  "iters": 30000,
  "lr": 0.05,
  "best_iter": 29878,
  "best_cost": 0.0039035258814692497,
  "best_alphaD_mean": 0.0002760919234362316,
  "n": 9
}