{
  "restart": 13,
  "seed": 71,
  "iters": 30000,
  "lr": 0.05,
  "best_iter": 29749,
  "best_cost": 0.0007197924423962831,
  "best_alphaD_mean": 0.00011566717615046099,
  "n": 10
}