{
  "restart": 8,
  "seed": 66,
  "iters": 30000,
  "lr": 0.05,
  "best_iter": 29873,
  "best_cost": 0.0018149183597415686,
  "best_alphaD_mean": 0.00019053865581560817,
  "n": 11
}