{
  "restart": 22,
  "seed": 80,
  "iters": 30000,
  "lr": 0.05,
  "best_iter": 29410,
  "best_cost": 0.0011605540057644248,
  "best_alphaD_mean": 0.0001533872562653536,
  "n": 7
}