{
  "restart": 0,
  "seed": 58,
  "iters": 30000,
  "lr": 0.05,
  "best_iter": 29878,
  "best_cost": 0.002431900007650256,
  "best_alphaD_mean": 0.00022192020622748538,
  "n": 9
}