5.559554443359375000e+02
4.363770446777343750e+02
3.419553222656250000e+02
2.676687622070312500e+02
2.094084777832031250e+02
1.637852478027343750e+02
1.281204376220703125e+02
1.003018264770507812e+02
7.865052032470703125e+01
6.182682800292968750e+01
4.876542663574218750e+01
3.862421035766601562e+01
3.074244308471679688e+01
2.460526275634765625e+01
1.981379318237304688e+01
1.606070137023925781e+01
1.310989761352539062e+01
1.078034400939941406e+01
8.933321952819824219e+00
7.462446212768554688e+00
6.285938739776611328e+00
5.340771675109863281e+00
4.578205108642578125e+00
3.960358381271362305e+00
3.457693815231323242e+00
3.047069311141967773e+00
2.710272550582885742e+00
2.432905197143554688e+00
2.203536748886108398e+00
2.013068914413452148e+00
1.854225754737854004e+00
1.721171617507934570e+00
1.609214186668395996e+00
1.514573574066162109e+00
1.434192538261413574e+00
1.365598320960998535e+00
1.306781053543090820e+00
1.256109952926635742e+00
1.212250709533691406e+00
1.174112677574157715e+00
1.140801906585693359e+00
1.111578702926635742e+00
1.085834026336669922e+00
1.063058972358703613e+00
1.042830228805541992e+00
1.024791836738586426e+00
1.008647561073303223e+00
9.941424727439880371e-01
9.810646176338195801e-01
9.692319631576538086e-01
9.584890604019165039e-01
9.487046599388122559e-01
9.397657513618469238e-01
9.315759539604187012e-01
9.240518212318420410e-01
9.171203374862670898e-01
9.107188582420349121e-01
9.047935605049133301e-01
8.992953300476074219e-01
8.941820263862609863e-01
8.894156813621520996e-01
8.849629163742065430e-01
8.807934522628784180e-01
8.768808841705322266e-01
8.732002377510070801e-01
8.697303533554077148e-01
8.664515018463134766e-01
8.633458614349365234e-01
8.603984117507934570e-01
8.575943112373352051e-01
8.549214005470275879e-01
8.523685932159423828e-01
8.499251604080200195e-01
8.475834131240844727e-01
8.453342318534851074e-01
8.431712985038757324e-01
8.410888910293579102e-01
8.390800356864929199e-01
8.371407389640808105e-01
8.352657556533813477e-01
8.334513902664184570e-01
8.316936492919921875e-01
8.299897909164428711e-01
8.283360004425048828e-01
8.267298936843872070e-01
8.251681327819824219e-01
8.236500024795532227e-01
8.221712708473205566e-01
8.207313418388366699e-01
8.193275928497314453e-01
8.179585933685302734e-01
8.166233897209167480e-01
8.153193593025207520e-01
8.140452504158020020e-01
8.128008246421813965e-01
8.115839958190917969e-01
8.103941082954406738e-01
8.092292547225952148e-01
8.080896735191345215e-01
8.069740533828735352e-01
8.058809638023376465e-01
8.048105835914611816e-01
8.037612438201904297e-01
8.027330040931701660e-01
8.017241954803466797e-01
8.007351756095886230e-01
7.997649908065795898e-01
7.988126873970031738e-01
7.978786230087280273e-01
7.969616055488586426e-01
7.960613369941711426e-01
7.951772212982177734e-01
7.943087816238403320e-01
7.934559583663940430e-01
7.926176190376281738e-01
7.917945384979248047e-01
7.909852862358093262e-01
7.901901006698608398e-01
7.894084453582763672e-01
7.886399030685424805e-01
7.878839373588562012e-01
7.871412634849548340e-01
7.864105105400085449e-01
7.856916189193725586e-01
7.849845886230468750e-01
7.842889428138732910e-01
7.836045622825622559e-01
7.829307317733764648e-01
7.822684645652770996e-01
7.816161513328552246e-01
7.809740304946899414e-01
7.803422808647155762e-01
7.797202467918395996e-01
7.791076898574829102e-01
7.785044908523559570e-01
7.779107689857482910e-01
7.773257493972778320e-01
7.767494320869445801e-01
7.761819958686828613e-01
7.756230235099792480e-01
7.750720381736755371e-01
7.745290398597717285e-01
7.739945054054260254e-01
7.734673023223876953e-01
7.729474902153015137e-01
7.724353075027465820e-01
7.719306349754333496e-01
7.714326977729797363e-01
7.709416747093200684e-01
7.704576849937438965e-01
7.699804902076721191e-01
7.695096731185913086e-01
7.690453529357910156e-01
7.685870528221130371e-01
7.681353092193603516e-01
7.676894664764404297e-01
7.672495245933532715e-01
7.668149471282958984e-01
7.663866281509399414e-01
7.659637331962585449e-01
7.655460238456726074e-01
7.651339769363403320e-01
7.647269964218139648e-01
7.643253207206726074e-01
7.639286518096923828e-01
7.635369300842285156e-01
7.631501555442810059e-01
7.627680897712707520e-01
7.623907327651977539e-01
7.620179057121276855e-01
7.616496086120605469e-01
7.612858414649963379e-01
7.609263658523559570e-01
7.605711221694946289e-01
7.602201104164123535e-01
7.598732113838195801e-01
7.595304250717163086e-01
7.591914534568786621e-01
7.588567137718200684e-01
7.585252523422241211e-01
7.581980228424072266e-01
7.578743100166320801e-01
7.575542926788330078e-01
7.572376132011413574e-01
7.569246888160705566e-01
7.566149830818176270e-01
7.563089132308959961e-01
7.560060024261474609e-01
7.557065486907958984e-01
7.554102540016174316e-01
7.551170587539672852e-01
7.548267841339111328e-01
7.545399665832519531e-01
7.542560100555419922e-01
7.539746761322021484e-01
7.536965012550354004e-01
7.534210681915283203e-01
7.531484961509704590e-01
7.528789639472961426e-01
7.526119351387023926e-01
7.523473501205444336e-01
7.520854473114013672e-01
7.518263459205627441e-01
7.515695095062255859e-01
7.513152956962585449e-01
7.510637044906616211e-01
7.508141398429870605e-01
7.505670785903930664e-01
7.503225207328796387e-01
7.500801086425781250e-01
7.498396039009094238e-01
7.496018409729003906e-01
7.493661642074584961e-01
7.491322159767150879e-01
7.489005327224731445e-01
7.486712932586669922e-01
7.484434247016906738e-01
7.482178211212158203e-01
7.479942440986633301e-01
7.477723956108093262e-01
7.475523948669433594e-01
7.473345398902893066e-01
7.471183538436889648e-01
7.469037771224975586e-01
7.466911077499389648e-01
7.464802265167236328e-01
7.462708353996276855e-01
7.460631728172302246e-01
7.458570003509521484e-01
7.456527948379516602e-01
7.454497814178466797e-01
7.452481985092163086e-01
7.450485229492187500e-01
7.448498606681823730e-01
7.446528673171997070e-01
7.444573044776916504e-01
7.442632913589477539e-01
7.440702319145202637e-01
7.438786029815673828e-01
7.436886429786682129e-01
7.434995770454406738e-01
7.433117628097534180e-01
7.431254386901855469e-01
7.429403066635131836e-01
7.427561283111572266e-01
7.425732612609863281e-01
7.423914074897766113e-01
7.422108650207519531e-01
7.420310974121093750e-01
7.418528199195861816e-01
7.416752576828002930e-01
7.414989471435546875e-01
7.413231730461120605e-01
7.411488890647888184e-01
7.409753203392028809e-01
7.408027648925781250e-01
7.406311035156250000e-01
7.404604554176330566e-01
7.402904629707336426e-01
7.401214838027954102e-01
7.399532198905944824e-01
7.397858500480651855e-01
7.396193146705627441e-01
7.394533753395080566e-01
7.392883896827697754e-01
7.391242980957031250e-01
7.389608025550842285e-01
7.387979030609130859e-01
7.386357784271240234e-01
7.384744882583618164e-01
7.383136153221130371e-01
7.381535172462463379e-01
7.379940152168273926e-01
7.378349304199218750e-01
7.376769185066223145e-01
7.375193834304809570e-01
7.373622059822082520e-01
7.372059822082519531e-01
7.370498180389404297e-01
7.368946075439453125e-01
7.367396354675292969e-01
7.365851402282714844e-01
7.364314198493957520e-01
7.362781763076782227e-01
7.361253499984741211e-01
7.359728813171386719e-01
7.358209490776062012e-01
7.356695532798767090e-01
7.355183362960815430e-01
7.353678345680236816e-01
7.352175116539001465e-01
7.350678443908691406e-01
7.349183559417724609e-01
7.347693443298339844e-01
7.346205115318298340e-01
7.344722747802734375e-01
7.343243956565856934e-01
7.341766357421875000e-01
7.340292930603027344e-01
7.338823676109313965e-01
7.337357401847839355e-01
7.335894107818603516e-01
7.334434390068054199e-01
7.332975864410400391e-01
7.331520318984985352e-01
7.330068945884704590e-01
7.328619956970214844e-01
7.327173352241516113e-01
7.325730323791503906e-01
7.324286699295043945e-01
7.322847247123718262e-01
7.321408987045288086e-01
7.319973111152648926e-01
7.318540811538696289e-01
7.317109704017639160e-01
7.315680980682373047e-01
7.314252257347106934e-01
7.312827110290527344e-01
7.311403155326843262e-01
7.309982180595397949e-01
7.308562994003295898e-01
7.307142615318298340e-01
7.305726408958435059e-01
7.304309606552124023e-01
7.302894592285156250e-01
7.301483750343322754e-01
7.300072312355041504e-01
7.298660278320312500e-01
7.297251820564270020e-01
7.295842766761779785e-01
7.294436693191528320e-01
7.293030023574829102e-01
7.291627526283264160e-01
7.290222644805908203e-01
7.288820743560791016e-01
7.287417650222778320e-01
7.286016941070556641e-01
7.284615039825439453e-01
7.283215522766113281e-01
7.281815409660339355e-01
7.280415892601013184e-01
7.279019355773925781e-01
7.277619242668151855e-01
7.276222705841064453e-01
7.274826169013977051e-01
7.273429036140441895e-01
7.272034287452697754e-01
7.270638346672058105e-01
7.269241809844970703e-01
7.267848253250122070e-01
7.266454100608825684e-01
7.265057563781738281e-01
7.263663411140441895e-01
7.262267470359802246e-01
7.260873317718505859e-01
7.259479761123657227e-01
7.258083820343017578e-01
7.256688475608825684e-01
7.255293130874633789e-01
7.253899574279785156e-01
7.252504229545593262e-01
7.251107692718505859e-01
7.249712944030761719e-01
7.248318195343017578e-01
7.246922254562377930e-01
7.245523929595947266e-01
7.244128584861755371e-01
7.242729067802429199e-01
7.241333723068237305e-01
7.239934802055358887e-01
7.238535881042480469e-01
7.237136960029602051e-01
7.235736846923828125e-01
7.234338521957397461e-01
7.232936620712280273e-01
7.231533527374267578e-01
7.230132818222045898e-01
7.228728532791137695e-01
7.227325439453125000e-01
7.225919961929321289e-01
7.224516272544860840e-01
7.223109602928161621e-01
7.221701145172119141e-01
7.220295667648315430e-01
7.218886017799377441e-01
7.217475175857543945e-01
7.216064333915710449e-01
7.214653491973876953e-01
7.213240861892700195e-01
7.211827039718627930e-01
7.210412025451660156e-01
7.208995223045349121e-01
7.207578420639038086e-01
7.206161022186279297e-01
7.204740643501281738e-01
7.203320860862731934e-01
7.201898694038391113e-01
7.200474739074707031e-01
7.199050784111022949e-01
7.197625637054443359e-01
7.196198105812072754e-01
7.194768786430358887e-01
7.193339467048645020e-01
7.191906571388244629e-01
7.190475463867187500e-01
7.189040184020996094e-01
7.187604308128356934e-01
7.186164855957031250e-01
7.184728384017944336e-01
7.183287739753723145e-01
7.181845307350158691e-01
7.180399894714355469e-01
7.178955078125000000e-01
7.177505493164062500e-01
7.176058292388916016e-01
7.174608111381530762e-01
7.173153758049011230e-01
7.171699404716491699e-01
7.170241475105285645e-01
7.168782949447631836e-01
7.167322635650634766e-01
7.165859937667846680e-01
7.164394855499267578e-01
7.162930369377136230e-01
7.161459922790527344e-01
7.159990072250366211e-01
7.158518433570861816e-01
7.157041430473327637e-01
7.155565023422241211e-01
7.154083847999572754e-01
7.152603268623352051e-01
7.151119112968444824e-01
7.149634361267089844e-01
7.148146033287048340e-01
7.146654725074768066e-01
7.145162224769592285e-01
7.143666744232177734e-01
7.142168283462524414e-01
7.140667438507080078e-01
7.139165997505187988e-01
7.137660384178161621e-01
7.136150598526000977e-01
7.134642004966735840e-01
7.133127450942993164e-01
7.131611108779907227e-01
7.130094170570373535e-01
7.128571271896362305e-01
7.127048969268798828e-01
7.125521898269653320e-01
7.123993635177612305e-01
7.122461795806884766e-01
7.120926380157470703e-01
7.119388580322265625e-01
7.117847204208374023e-01
7.116304636001586914e-01
7.114756107330322266e-01
7.113206982612609863e-01
7.111655473709106445e-01
7.110100388526916504e-01
7.108541727066040039e-01
7.106980681419372559e-01
7.105416059494018555e-01
7.103847265243530273e-01
7.102276682853698730e-01
7.100703716278076172e-01
7.099127173423767090e-01
7.097546458244323730e-01
7.095962762832641602e-01
7.094374895095825195e-01
7.092785835266113281e-01
7.091192603111267090e-01
7.089594006538391113e-01
7.087996006011962891e-01
7.086392045021057129e-01
7.084785699844360352e-01
7.083175778388977051e-01
7.081561088562011719e-01
7.079946398735046387e-01
7.078325748443603516e-01
7.076701521873474121e-01
7.075073719024658203e-01
7.073442935943603516e-01
7.071809172630310059e-01
7.070171236991882324e-01
7.068531513214111328e-01
7.066884636878967285e-01
7.065235972404479980e-01
7.063582539558410645e-01
7.061927318572998047e-01
7.060269713401794434e-01
7.058604359626770020e-01
7.056937217712402344e-01
7.055267095565795898e-01
7.053592205047607422e-01
7.051914334297180176e-01
7.050231099128723145e-01
7.048546075820922852e-01
7.046855092048645020e-01
7.045163512229919434e-01
7.043464183807373047e-01
7.041764855384826660e-01
7.040058970451354980e-01
7.038350701332092285e-01
7.036637067794799805e-01
7.034920454025268555e-01
7.033200263977050781e-01
7.031473517417907715e-01
7.029745578765869141e-01
7.028013467788696289e-01
7.026274204254150391e-01
7.024535536766052246e-01
7.022790312767028809e-01
7.021042108535766602e-01
7.019288539886474609e-01
7.017530798912048340e-01
7.015770077705383301e-01
7.014004588127136230e-01
7.012234330177307129e-01
7.010461688041687012e-01
7.008684277534484863e-01
7.006901502609252930e-01
7.005116939544677734e-01
7.003325819969177246e-01
7.001531720161437988e-01
6.999733448028564453e-01
6.997931003570556641e-01
6.996122002601623535e-01
6.994312405586242676e-01
6.992496252059936523e-01
6.990677118301391602e-01
6.988852024078369141e-01
6.987025737762451172e-01
6.985193490982055664e-01
6.983355879783630371e-01
6.981516480445861816e-01
6.979668140411376953e-01
6.977818012237548828e-01
6.975964307785034180e-01
6.974105834960937500e-01
6.972244381904602051e-01
6.970377564430236816e-01
6.968505978584289551e-01
6.966629028320312500e-01
6.964749097824096680e-01
6.962865591049194336e-01
6.960975527763366699e-01
6.959083676338195801e-01
6.957182884216308594e-01
6.955280900001525879e-01
6.953374743461608887e-01
6.951465606689453125e-01
6.949547529220581055e-01
6.947628259658813477e-01
6.945703625679016113e-01
6.943774223327636719e-01
6.941841244697570801e-01
6.939901709556579590e-01
6.937960982322692871e-01
6.936013102531433105e-01
6.934060454368591309e-01
6.932107806205749512e-01
6.930145025253295898e-01
6.928182244300842285e-01
6.926212906837463379e-01
6.924239397048950195e-01
6.922260522842407227e-01
6.920276880264282227e-01
6.918290853500366211e-01
6.916297674179077148e-01
6.914302110671997070e-01
6.912299990653991699e-01
6.910294890403747559e-01
6.908286213874816895e-01
6.906272768974304199e-01
6.904252767562866211e-01
6.902229785919189453e-01
6.900201439857482910e-01
6.898167133331298828e-01
6.896132826805114746e-01
6.894087791442871094e-01
6.892043948173522949e-01
6.889993548393249512e-01
6.887940168380737305e-01
6.885879039764404297e-01
6.883816719055175781e-01
6.881746649742126465e-01
6.879673600196838379e-01
6.877595782279968262e-01
6.875514388084411621e-01
6.873427629470825195e-01
6.871334910392761230e-01
6.869239211082458496e-01
6.867141127586364746e-01
6.865035295486450195e-01
6.862927079200744629e-01
6.860812306404113770e-01
6.858695745468139648e-01
6.856571435928344727e-01
6.854445934295654297e-01
6.852313876152038574e-01
6.850176453590393066e-01
6.848037242889404297e-01
6.845892071723937988e-01
6.843743920326232910e-01
6.841589212417602539e-01
6.839432716369628906e-01
6.837269663810729980e-01
6.835101842880249023e-01
6.832929253578186035e-01
6.830753087997436523e-01
6.828573346138000488e-01
6.826390027999877930e-01
6.824200153350830078e-01
6.822006702423095703e-01
6.819809675216674805e-01
6.817609667778015137e-01
6.815400123596191406e-01
6.813191771507263184e-01
6.810975074768066406e-01
6.808754801750183105e-01
6.806532144546508789e-01
6.804304718971252441e-01
6.802071332931518555e-01
6.799834966659545898e-01
6.797594428062438965e-01
6.795349121093750000e-01
6.793099045753479004e-01
6.790845990180969238e-01
6.788588166236877441e-01
6.786326766014099121e-01
6.784060597419738770e-01
6.781790256500244141e-01
6.779515147209167480e-01
6.777237057685852051e-01
6.774954795837402344e-01
6.772667765617370605e-01
6.770375967025756836e-01
6.768079996109008789e-01
6.765782237052917480e-01
6.763479113578796387e-01
6.761169433593750000e-01
6.758859157562255859e-01
6.756544709205627441e-01
6.754224896430969238e-01
6.751902103424072266e-01
6.749573349952697754e-01
6.747244000434875488e-01
6.744907498359680176e-01
6.742569208145141602e-01
6.740226745605468750e-01
6.737880110740661621e-01
6.735529303550720215e-01
6.733175516128540039e-01
6.730816364288330078e-01
6.728454828262329102e-01
6.726088523864746094e-01
6.723718047142028809e-01
6.721344590187072754e-01
6.718967556953430176e-01
6.716587543487548828e-01
6.714201569557189941e-01
6.711814999580383301e-01
6.709423065185546875e-01
6.707027554512023926e-01
6.704628467559814453e-01
6.702226996421813965e-01
6.699820756912231445e-01
6.697410345077514648e-01
6.694998741149902344e-01
6.692581772804260254e-01
6.690161824226379395e-01
6.687738299369812012e-01
6.685310602188110352e-01
6.682879924774169922e-01
6.680447459220886230e-01
6.678010821342468262e-01
6.675570011138916016e-01
6.673128008842468262e-01
6.670678853988647461e-01
6.668230295181274414e-01
6.665775179862976074e-01
6.663320064544677734e-01
6.660857200622558594e-01
6.658396720886230469e-01
6.655932068824768066e-01
6.653460860252380371e-01
6.650990247726440430e-01
6.648513674736022949e-01
6.646035909652709961e-01
6.643554568290710449e-01
6.641070842742919922e-01
6.638583540916442871e-01
6.636094450950622559e-01
6.633600592613220215e-01
6.631105542182922363e-01
6.628606915473937988e-01
6.626107096672058105e-01
6.623602509498596191e-01
6.621094346046447754e-01
6.618584990501403809e-01
6.616073846817016602e-01
6.613556742668151855e-01
6.611040234565734863e-01
6.608520746231079102e-01
6.605998277664184570e-01
6.603473424911499023e-01
6.600944995880126953e-01
6.598414778709411621e-01
6.595881581306457520e-01
6.593347787857055664e-01
6.590809822082519531e-01
6.588268876075744629e-01
6.585726737976074219e-01
6.583183407783508301e-01
6.580635905265808105e-01
6.578086018562316895e-01
6.575535535812377930e-01
6.572980284690856934e-01
6.570426821708679199e-01
6.567867398262023926e-01
6.565308570861816406e-01
6.562746167182922363e-01
6.560181379318237305e-01
6.557615399360656738e-01
6.555045843124389648e-01
6.552475690841674805e-01
6.549905538558959961e-01
6.547329425811767578e-01
6.544753909111022949e-01
6.542176008224487305e-01
6.539598107337951660e-01
6.537016034126281738e-01
6.534433960914611816e-01
6.531849503517150879e-01
6.529260277748107910e-01
6.526672244071960449e-01
6.524082422256469727e-01
6.521491408348083496e-01
6.518898010253906250e-01
6.516304016113281250e-01
6.513708233833312988e-01
6.511108279228210449e-01
6.508510708808898926e-01
6.505909562110900879e-01
6.503307819366455078e-01
6.500704884529113770e-01
6.498099565505981445e-01
6.495494246482849121e-01
6.492885351181030273e-01
6.490277647972106934e-01
6.487666964530944824e-01
6.485058069229125977e-01
6.482445001602172852e-01
6.479830741882324219e-01
6.477215290069580078e-01
6.474599242210388184e-01
6.471984982490539551e-01
6.469364762306213379e-01
6.466748118400573730e-01
6.464127898216247559e-01
6.461507678031921387e-01
6.458884477615356445e-01
6.456260681152343750e-01
6.453638672828674316e-01
6.451013684272766113e-01
6.448389291763305664e-01
6.445761919021606445e-01
6.443136334419250488e-01
6.440508365631103516e-01
6.437879800796508789e-01
6.435250639915466309e-01
6.432620286941528320e-01
6.429989337921142578e-01
6.427359580993652344e-01
6.424726247787475586e-01
6.422094702720642090e-01
6.419463157653808594e-01
6.416828036308288574e-01
6.414194703102111816e-01
6.411560177803039551e-01
6.408925652503967285e-01
6.406290531158447266e-01
6.403654217720031738e-01
6.401020288467407227e-01
6.398382782936096191e-01
6.395745873451232910e-01
6.393107771873474121e-01
6.390470266342163086e-01
6.387832760810852051e-01
6.385195851325988770e-01
6.382557153701782227e-01
6.379918456077575684e-01
6.377279758453369141e-01
6.374641060829162598e-01
6.372002959251403809e-01
6.369364857673645020e-01
6.366724967956542969e-01
6.364087462425231934e-01
6.361445784568786621e-01
6.358808279037475586e-01
6.356167793273925781e-01
6.353528499603271484e-01
6.350889801979064941e-01
6.348251700401306152e-01
6.345613002777099609e-01
6.342975497245788574e-01
6.340336799621582031e-01
6.337697505950927734e-01
6.335061192512512207e-01
6.332423090934753418e-01
6.329785585403442383e-01
6.327147483825683594e-01
6.324511766433715820e-01
6.321876645088195801e-01
6.319238543510437012e-01
6.316604018211364746e-01
6.313967108726501465e-01
6.311332583427429199e-01
6.308696866035461426e-01
6.306064128875732422e-01
6.303430795669555664e-01
6.300798058509826660e-01
6.298165321350097656e-01
6.295534372329711914e-01
6.292902231216430664e-01
6.290273070335388184e-01
6.287643313407897949e-01
6.285014748573303223e-01
6.282384395599365234e-01
6.279758810997009277e-01
6.277132034301757812e-01
6.274505853652954102e-01
6.271880865097045898e-01
6.269258260726928711e-01
6.266636848449707031e-01
6.264013051986694336e-01
6.261392831802368164e-01
6.258772015571594238e-01
6.256154775619506836e-01
6.253536939620971680e-01
6.250919103622436523e-01
6.248304247856140137e-01
6.245691180229187012e-01
6.243079304695129395e-01
6.240467429161071777e-01
6.237856745719909668e-01
6.235247254371643066e-01
6.232639551162719727e-01
6.230033636093139648e-01
6.227431893348693848e-01
6.224828362464904785e-01
6.222227215766906738e-01
6.219626069068908691e-01
6.217029690742492676e-01
6.214431524276733398e-01
6.211836934089660645e-01
6.209245324134826660e-01
6.206654310226440430e-01
6.204063296318054199e-01
6.201475858688354492e-01
6.198892593383789062e-01
6.196306347846984863e-01
6.193724274635314941e-01
6.191142797470092773e-01
6.188567280769348145e-01
6.185990571975708008e-01
6.183416843414306641e-01
6.180845499038696289e-01
6.178275346755981445e-01
6.175707578659057617e-01
6.173142790794372559e-01
6.170577406883239746e-01
6.168018579483032227e-01
6.165459752082824707e-01
6.162902712821960449e-01
6.160349845886230469e-01
6.157798171043395996e-01
6.155249476432800293e-01
6.152702569961547852e-01
6.150158047676086426e-01
6.147616505622863770e-01
6.145078539848327637e-01
6.142541170120239258e-01
6.140007972717285156e-01
6.137476563453674316e-01
6.134949922561645508e-01
6.132423281669616699e-01
6.129897832870483398e-01
6.127380132675170898e-01
6.124862432479858398e-01
6.122347116470336914e-01
6.119835376739501953e-01
6.117326021194458008e-01
6.114820241928100586e-01
6.112316846847534180e-01
6.109817028045654297e-01
6.107320189476013184e-01
6.104826331138610840e-01
6.102335453033447266e-01
6.099846363067626953e-01
6.097362637519836426e-01
6.094880104064941406e-01
6.092403531074523926e-01
6.089928746223449707e-01
6.087455749511718750e-01
6.084987521171569824e-01
6.082521677017211914e-01
6.080058813095092773e-01
6.077600121498107910e-01
6.075145602226257324e-01
6.072692275047302246e-01
6.070243120193481445e-01
6.067798137664794922e-01
6.065355539321899414e-01
6.062916517257690430e-01
6.060481071472167969e-01
6.058049798011779785e-01
6.055622100830078125e-01
6.053196191787719727e-01
6.050775647163391113e-01
6.048357486724853516e-01
6.045944690704345703e-01
6.043535470962524414e-01
6.041127443313598633e-01
6.038724184036254883e-01
6.036324501037597656e-01
6.033930778503417969e-01
6.031537055969238281e-01
6.029149293899536133e-01
6.026763916015625000e-01
6.024382710456848145e-01
6.022005677223205566e-01
6.019632816314697266e-01
6.017263531684875488e-01
6.014897823333740234e-01
6.012536287307739258e-01
6.010175943374633789e-01
6.007820963859558105e-01
6.005472540855407715e-01
6.003125905990600586e-01
6.000782251358032227e-01
5.998444557189941406e-01
5.996111035346984863e-01
5.993778109550476074e-01
5.991452336311340332e-01
5.989127755165100098e-01
5.986809134483337402e-01
5.984495878219604492e-01
5.982182621955871582e-01
5.979874134063720703e-01
5.977571010589599609e-01
5.975273251533508301e-01
5.972977280616760254e-01
5.970684289932250977e-01
5.968399047851562500e-01
5.966115593910217285e-01
5.963834524154663086e-01
5.961559414863586426e-01
5.959287881851196289e-01
5.957019329071044922e-01
5.954756736755371094e-01
5.952495932579040527e-01
5.950240492820739746e-01
5.947988033294677734e-01
5.945742130279541016e-01
5.943496227264404297e-01
5.941258072853088379e-01
5.939021706581115723e-01
5.936791896820068359e-01
5.934563279151916504e-01
5.932338237762451172e-01
5.930117368698120117e-01
5.927902460098266602e-01
5.925688743591308594e-01
5.923481583595275879e-01
5.921277999877929688e-01
5.919077396392822266e-01
5.916880369186401367e-01
5.914687514305114746e-01
5.912498235702514648e-01
5.910313129425048828e-01
5.908133983612060547e-01
5.905956029891967773e-01
5.903781652450561523e-01
5.901612639427185059e-01
5.899447798728942871e-01
5.897287130355834961e-01
5.895125865936279297e-01
5.892973542213439941e-01
5.890823602676391602e-01
5.888675451278686523e-01
5.886533260345458984e-01
5.884396433830261230e-01
5.882260799407958984e-01
5.880128741264343262e-01
5.877999067306518555e-01
5.875875353813171387e-01
5.873752832412719727e-01
5.871637463569641113e-01
5.869524478912353516e-01
5.867414474487304688e-01
5.865308642387390137e-01
5.863206386566162109e-01
5.861107110977172852e-01
5.859012007713317871e-01
5.856919288635253906e-01
5.854828357696533203e-01
5.852745175361633301e-01
5.850661993026733398e-01
5.848584175109863281e-01
5.846511721611022949e-01
5.844439864158630371e-01
5.842370986938476562e-01
5.840309262275695801e-01
5.838248729705810547e-01
5.836189985275268555e-01
5.834134221076965332e-01
5.832086205482482910e-01
5.830037593841552734e-01
5.827994942665100098e-01
5.825953483581542969e-01
5.823915600776672363e-01
5.821881294250488281e-01
5.819850564002990723e-01
5.817824602127075195e-01
5.815796852111816406e-01
5.813776254653930664e-01
5.811757445335388184e-01
5.809740424156188965e-01
5.807728767395019531e-01
5.805720686912536621e-01
5.803716182708740234e-01
5.801711082458496094e-01
5.799711346626281738e-01
5.797716379165649414e-01
5.795723199844360352e-01
5.793730020523071289e-01
5.791741609573364258e-01
5.789757370948791504e-01
5.787773728370666504e-01
5.785795450210571289e-01
5.783818364143371582e-01
5.781842470169067383e-01
5.779872536659240723e-01
5.777904391288757324e-01
5.775941014289855957e-01
5.773978233337402344e-01
5.772019028663635254e-01
5.770058631896972656e-01
5.768106579780578613e-01
5.766155719757080078e-01
5.764204859733581543e-01
5.762261748313903809e-01
5.760316252708435059e-01
5.758374929428100586e-01
5.756437182426452637e-01
5.754500627517700195e-01
5.752571225166320801e-01
5.750639438629150391e-01
5.748712420463562012e-01
5.746785998344421387e-01
5.744863748550415039e-01
5.742942690849304199e-01
5.741026401519775391e-01
5.739112496376037598e-01
5.737201571464538574e-01
5.735291838645935059e-01
5.733382701873779297e-01
5.731478333473205566e-01
5.729576349258422852e-01
5.727674961090087891e-01
5.725778341293334961e-01
5.723884701728820801e-01
5.721992254257202148e-01
5.720102190971374512e-01
5.718213319778442383e-01
5.716329813003540039e-01
5.714445114135742188e-01
5.712564587593078613e-01
5.710682868957519531e-01
5.708811283111572266e-01
5.706934332847595215e-01
5.705061554908752441e-01
5.703194737434387207e-01
5.701327323913574219e-01
5.699462890625000000e-01
5.697600841522216797e-01
5.695739388465881348e-01
5.693882107734680176e-01
5.692028999328613281e-01
5.690175890922546387e-01
5.688322186470031738e-01
5.686473250389099121e-01
5.684629082679748535e-01
5.682782530784606934e-01
5.680940151214599609e-01
5.679102540016174316e-01
5.677263140678405762e-01
5.675431489944458008e-01
5.673596262931823730e-01
5.671763420104980469e-01
5.669937133789062500e-01
5.668112039566040039e-01
5.666286349296569824e-01
5.664462447166442871e-01
5.662647485733032227e-01
5.660826563835144043e-01
5.659007430076599121e-01
5.657197833061218262e-01
5.655387043952941895e-01
5.653579831123352051e-01
5.651769638061523438e-01
5.649965405464172363e-01
5.648164153099060059e-01
5.646362900733947754e-01
5.644563436508178711e-01
5.642766356468200684e-01
5.640971660614013672e-01
5.639179348945617676e-01
5.637391209602355957e-01
5.635606050491333008e-01
5.633819699287414551e-01
5.632033944129943848e-01
5.630255937576293945e-01
5.628474950790405273e-01
5.626701116561889648e-01
5.624924898147583008e-01
5.623152256011962891e-01
5.621381998062133789e-01
5.619615912437438965e-01
5.617847442626953125e-01
5.616086721420288086e-01
5.614323616027832031e-01
5.612565875053405762e-01
5.610806345939636230e-01
5.609052777290344238e-01
5.607298016548156738e-01
5.605548024177551270e-01
5.603796243667602539e-01
5.602053999900817871e-01
5.600309371948242188e-01
5.598567128181457520e-01
5.596826076507568359e-01
5.595088005065917969e-01
5.593353509902954102e-01
5.591619610786437988e-01
5.589889883995056152e-01
5.588160157203674316e-01
5.586434006690979004e-01
5.584709644317626953e-01
5.582988262176513672e-01
5.581267476081848145e-01
5.579548478126525879e-01
5.577833056449890137e-01
5.576120018959045410e-01
5.574408173561096191e-01
5.572699308395385742e-01
5.570992827415466309e-01
5.569288134574890137e-01
5.567589402198791504e-01
5.565885305404663086e-01
5.564188361167907715e-01
5.562492012977600098e-01
5.560802817344665527e-01
5.559110045433044434e-01
5.557420849800109863e-01
5.555731058120727539e-01
5.554046034812927246e-01
5.552364587783813477e-01
5.550684928894042969e-01
5.549008846282958984e-01
5.547332167625427246e-01
5.545657873153686523e-01
5.543988347053527832e-01
5.542318820953369141e-01
5.540651679039001465e-01
5.538987517356872559e-01
5.537322759628295898e-01
5.535665750503540039e-01
5.534009337425231934e-01
5.532354116439819336e-01
5.530701875686645508e-01
5.529050827026367188e-01
5.527403950691223145e-01
5.525752902030944824e-01
5.524112582206726074e-01
5.522469878196716309e-01
5.520830154418945312e-01
5.519194602966308594e-01
5.517562031745910645e-01
5.515927076339721680e-01
5.514297485351562500e-01
5.512670874595642090e-01
5.511044859886169434e-01
5.509422421455383301e-01
5.507798194885253906e-01
5.506182312965393066e-01
5.504564046859741211e-01
5.502950549125671387e-01
5.501335859298706055e-01
5.499730110168457031e-01
5.498119592666625977e-01
5.496516227722167969e-01
5.494911670684814453e-01
5.493312478065490723e-01
5.491715073585510254e-01
5.490118265151977539e-01
5.488522052764892578e-01
5.486931800842285156e-01
5.485342144966125488e-01
5.483754873275756836e-01
5.482170581817626953e-01
5.480587482452392578e-01
5.479006767272949219e-01
5.477426648139953613e-01
5.475851297378540039e-01
5.474277734756469727e-01
5.472707748413085938e-01
5.471138358116149902e-01
5.469571352005004883e-01
5.468006730079650879e-01
5.466445088386535645e-01
5.464885234832763672e-01
5.463327169418334961e-01
5.461771488189697266e-01
5.460216403007507324e-01
5.458664894104003906e-01
5.457115769386291504e-01
5.455569028854370117e-01
5.454022884368896484e-01
5.452478528022766113e-01
5.450941324234008789e-01
5.449400544166564941e-01
5.447862744331359863e-01
5.446330308914184570e-01
5.444797277450561523e-01
5.443267822265625000e-01
5.441740155220031738e-01
5.440215468406677246e-01
5.438692569732666016e-01
5.437169671058654785e-01
5.435650944709777832e-01
5.434134006500244141e-01
5.432618260383605957e-01
5.431107282638549805e-01
5.429595708847045898e-01
5.428086519241333008e-01
5.426577925682067871e-01
5.425075292587280273e-01
5.423572063446044922e-01
5.422073602676391602e-01
5.420577526092529297e-01
5.419076681137084961e-01
5.417582988739013672e-01
5.416090488433837891e-01
5.414600372314453125e-01
5.413114428520202637e-01
5.411626696586608887e-01
5.410141348838806152e-01
5.408660769462585449e-01
5.407180786132812500e-01
5.405701994895935059e-01
5.404224991798400879e-01
5.402752161026000977e-01
5.401281118392944336e-01
5.399810671806335449e-01
5.398342013359069824e-01
5.396875143051147461e-01
5.395410060882568359e-01
5.393948554992675781e-01
5.392488241195678711e-01
5.391031503677368164e-01
5.389572978019714355e-01
5.388118624687194824e-01
5.386664867401123047e-01
5.385212898254394531e-01
5.383763909339904785e-01
5.382319092750549316e-01
5.380871891975402832e-01
5.379426479339599609e-01
5.377985239028930664e-01
5.376545190811157227e-01
5.375108718872070312e-01
5.373670458793640137e-01
5.372238755226135254e-01
5.370801687240600586e-01
5.369371771812438965e-01
5.367941856384277344e-01
5.366514325141906738e-01
5.365089178085327148e-01
5.363666415214538574e-01
5.362241864204406738e-01
5.360824465751647949e-01
5.359403491020202637e-01
5.357987284660339355e-01
5.356569290161132812e-01
5.355156660079956055e-01
5.353744626045227051e-01
5.352335572242736816e-01
5.350926518440246582e-01
5.349515676498413086e-01
5.348109602928161621e-01
5.346708893775939941e-01
5.345306396484375000e-01
5.343903899192810059e-01
5.342507362365722656e-01
5.341109037399291992e-01
5.339708924293518066e-01
5.338317751884460449e-01
5.336924195289611816e-01
5.335533618927001953e-01
5.334141850471496582e-01
5.332756638526916504e-01
5.331367254257202148e-01
5.329983234405517578e-01
5.328600406646728516e-01
5.327217578887939453e-01
5.325838327407836914e-01
5.324457287788391113e-01
5.323078632354736328e-01
5.321702957153320312e-01
5.320329666137695312e-01
5.318954586982727051e-01
5.317583680152893066e-01
5.316212177276611328e-01
5.314843058586120605e-01
5.313477516174316406e-01
5.312107205390930176e-01
5.310745239257812500e-01
5.309379100799560547e-01
5.308018326759338379e-01
5.306655168533325195e-01
5.305297970771789551e-01
5.303937196731567383e-01
5.302581191062927246e-01
5.301225185394287109e-01
5.299866795539855957e-01
5.298514366149902344e-01
5.297164916992187500e-01
5.295813083648681641e-01
5.294462442398071289e-01
5.293114781379699707e-01
5.291768908500671387e-01
5.290425419807434082e-01
5.289078950881958008e-01
5.287736654281616211e-01
5.286394357681274414e-01
5.285052061080932617e-01
5.283711552619934082e-01
5.282377004623413086e-01
5.281037092208862305e-01
5.279701948165893555e-01
5.278365612030029297e-01
5.277032256126403809e-01
5.275700092315673828e-01
5.274368524551391602e-01
5.273038744926452637e-01
5.271707773208618164e-01
5.270380973815917969e-01
5.269052982330322266e-01
5.267723798751831055e-01
5.266399383544921875e-01
5.265073180198669434e-01
5.263753533363342285e-01
5.262430310249328613e-01
5.261110663414001465e-01
5.259791016578674316e-01
5.258470773696899414e-01
5.257153511047363281e-01
5.255836248397827148e-01
5.254520177841186523e-01
5.253207683563232422e-01
5.251891613006591797e-01
5.250579714775085449e-01
5.249269008636474609e-01
5.247955322265625000e-01
5.246647000312805176e-01
5.245338678359985352e-01
5.244029760360717773e-01
5.242724418640136719e-01
5.241414904594421387e-01
5.240110754966735840e-01
5.238807797431945801e-01
5.237504839897155762e-01
5.236203074455261230e-01
5.234901309013366699e-01
5.233600139617919922e-01
5.232300758361816406e-01
5.231002569198608398e-01
5.229706168174743652e-01
5.228409767150878906e-01
5.227112770080566406e-01
5.225816965103149414e-01
5.224524140357971191e-01
5.223229527473449707e-01
5.221937894821166992e-01
5.220645666122436523e-01
5.219355821609497070e-01
5.218063592910766602e-01
5.216776132583618164e-01
5.215486884117126465e-01
5.214198827743530273e-01
5.212913751602172852e-01
5.211629867553710938e-01
5.210343003273010254e-01
5.209058523178100586e-01
5.207777023315429688e-01
5.206496715545654297e-01
5.205212235450744629e-01
5.203931331634521484e-01
5.202652215957641602e-01
5.201370120048522949e-01
5.200092196464538574e-01
5.198816061019897461e-01
5.197537541389465332e-01
5.196261405944824219e-01
5.194985270500183105e-01
5.193713307380676270e-01
5.192437171936035156e-01
5.191166996955871582e-01
5.189893245697021484e-01
5.188619494438171387e-01
5.187349319458007812e-01
5.186080336570739746e-01
5.184810161590576172e-01
5.183542966842651367e-01
5.182275176048278809e-01
5.181006789207458496e-01
5.179740786552429199e-01
5.178474783897399902e-01
5.177209377288818359e-01
5.175945758819580078e-01
5.174682140350341797e-01
5.173419713973999023e-01
5.172159671783447266e-01
5.170893669128417969e-01
5.169634819030761719e-01
5.168375372886657715e-01
5.167115330696105957e-01
5.165855288505554199e-01
5.164600014686584473e-01
5.163341760635375977e-01
5.162085890769958496e-01
5.160829424858093262e-01
5.159575343132019043e-01
5.158321857452392578e-01
5.157066583633422852e-01
5.155813097953796387e-01
5.154560208320617676e-01
5.153308510780334473e-01
5.152058005332946777e-01
5.150809288024902344e-01
5.149556994438171387e-01
5.148307085037231445e-01
5.147058963775634766e-01
5.145810842514038086e-01
5.144565105438232422e-01
5.143318772315979004e-01
5.142069458961486816e-01
5.140826106071472168e-01
5.139580965042114258e-01
5.138337016105651855e-01
5.137092471122741699e-01
5.135850310325622559e-01
5.134606957435607910e-01
5.133366584777832031e-01
5.132123827934265137e-01
5.130882859230041504e-01
5.129647850990295410e-01
5.128404498100280762e-01
5.127167701721191406e-01
5.125926733016967773e-01
5.124689340591430664e-01
5.123452544212341309e-01
5.122215747833251953e-01
5.120978951454162598e-01
5.119745731353759766e-01
5.118509531021118164e-01
5.117276906967163086e-01
5.116041302680969238e-01
5.114808678627014160e-01
5.113577842712402344e-01
5.112344026565551758e-01
5.111113190650939941e-01
5.109882950782775879e-01
5.108652710914611816e-01
5.107419490814208984e-01
5.106191635131835938e-01
5.104963183403015137e-01
5.103735923767089844e-01
5.102509260177612305e-01
5.101282596588134766e-01
5.100056529045104980e-01
5.098828673362731934e-01
5.097601413726806641e-01
5.096376538276672363e-01
5.095151662826538086e-01
5.093927383422851562e-01
5.092704892158508301e-01
5.091479420661926270e-01
5.090256333351135254e-01
5.089035630226135254e-01
5.087813138961791992e-01
5.086590647697448730e-01
5.085369944572448730e-01
5.084147453308105469e-01
5.082927346229553223e-01
5.081707239151000977e-01
5.080487728118896484e-01
5.079267621040344238e-01
5.078052282333374023e-01
5.076830983161926270e-01
5.075616240501403809e-01
5.074397325515747070e-01
5.073180198669433594e-01
5.071963667869567871e-01
5.070746541023254395e-01
5.069531798362731934e-01
5.068315267562866211e-01
5.067099332809448242e-01
5.065884590148925781e-01
5.064669251441955566e-01
5.063455104827880859e-01
5.062242746353149414e-01
5.061030387878417969e-01
5.059819221496582031e-01
5.058605670928955078e-01
5.057391524314880371e-01
5.056180357933044434e-01
5.054968595504760742e-01
5.053758025169372559e-01
5.052548050880432129e-01
5.051335096359252930e-01
5.050126314163208008e-01
5.048915743827819824e-01
5.047703385353088379e-01
5.046496391296386719e-01
5.045288205146789551e-01
5.044076442718505859e-01
5.042870044708251953e-01
5.041662454605102539e-01
5.040453076362609863e-01
5.039246082305908203e-01
5.038037300109863281e-01
5.036830306053161621e-01
5.035626292228698730e-01
5.034415721893310547e-01
5.033212900161743164e-01
5.032004714012145996e-01
5.030796527862548828e-01
5.029591917991638184e-01
5.028384923934936523e-01
5.027179121971130371e-01
5.025975704193115234e-01
5.024769306182861328e-01
5.023564696311950684e-01
5.022360086441040039e-01
5.021156072616577148e-01
5.019951462745666504e-01
5.018748044967651367e-01
5.017544031143188477e-01
5.016340017318725586e-01
5.015137195587158203e-01
5.013934969902038574e-01
5.012730956077575684e-01
5.011526346206665039e-01
5.010324716567993164e-01
5.009123086929321289e-01
5.007920265197753906e-01
5.006717443466186523e-01
5.005515217781066895e-01
5.004311800003051758e-01
5.003112554550170898e-01
5.001909136772155762e-01
5.000706911087036133e-01
4.999507665634155273e-01
4.998304843902587891e-01
4.997102320194244385e-01
4.995901882648468018e-01
4.994700551033020020e-01
4.993501305580139160e-01
4.992298185825347900e-01
4.991098046302795410e-01
4.989898204803466797e-01
4.988696575164794922e-01
4.987497031688690186e-01
4.986298680305480957e-01
4.985093772411346436e-01
4.983894824981689453e-01
4.982694685459136963e-01
4.981495141983032227e-01
4.980296194553375244e-01
4.979095458984375000e-01
4.977895617485046387e-01
4.976695179939270020e-01
4.975492060184478760e-01
4.974292516708374023e-01
4.973095655441284180e-01
4.971893429756164551e-01
4.970695972442626953e-01
4.969497025012969971e-01
4.968295991420745850e-01
4.967095553874969482e-01
4.965895116329193115e-01
4.964697659015655518e-01
4.963495731353759766e-01
4.962295591831207275e-01
4.961097836494445801e-01
4.959897696971893311e-01
4.958697557449340820e-01
4.957496225833892822e-01
4.956297576427459717e-01
4.955098032951354980e-01
4.953900575637817383e-01
4.952697455883026123e-01
4.951497912406921387e-01
4.950298964977264404e-01
4.949100017547607422e-01
4.947898983955383301e-01
4.946699440479278564e-01
4.945498704910278320e-01
4.944298863410949707e-01
4.943096041679382324e-01
4.941897690296173096e-01
4.940699636936187744e-01
4.939497411251068115e-01
4.938297271728515625e-01
4.937096834182739258e-01
4.935898482799530029e-01
4.934696853160858154e-01
4.933494925498962402e-01
4.932296872138977051e-01
4.931094348430633545e-01
4.929893016815185547e-01
4.928690195083618164e-01
4.927487969398498535e-01
4.926289319992065430e-01
4.925087094306945801e-01
4.923888146877288818e-01
4.922684729099273682e-01
4.921485483646392822e-01
4.920281469821929932e-01
4.919083416461944580e-01
4.917878806591033936e-01
4.916675984859466553e-01
4.915476143360137939e-01
4.914273917675018311e-01
4.913071095943450928e-01
4.911867380142211914e-01
4.910663962364196777e-01
4.909460544586181641e-01
4.908260703086853027e-01
4.907058477401733398e-01
4.905852973461151123e-01
4.904648661613464355e-01
4.903445541858673096e-01
4.902242720127105713e-01
4.901038110256195068e-01
4.899835288524627686e-01
4.898630380630493164e-01
4.897427260875701904e-01
4.896221458911895752e-01
4.895017147064208984e-01
4.893811047077178955e-01
4.892610311508178711e-01
4.891401529312133789e-01
4.890198111534118652e-01
4.888992309570312500e-01
4.887786507606506348e-01
4.886579513549804688e-01
4.885376393795013428e-01
4.884167015552520752e-01
4.882960617542266846e-01
4.881755709648132324e-01
4.880547225475311279e-01
4.879343509674072266e-01
4.878135621547698975e-01
4.876928031444549561e-01
4.875717461109161377e-01
4.874511659145355225e-01
4.873302876949310303e-01
4.872094094753265381e-01
4.870888590812683105e-01
4.869678020477294922e-01
4.868471622467041016e-01
4.867261052131652832e-01
4.866050481796264648e-01
4.864837527275085449e-01
4.863631725311279297e-01
4.862421452999114990e-01
4.861212670803070068e-01
4.860002994537353516e-01
4.858787655830383301e-01
4.857577085494995117e-01
4.856368005275726318e-01
4.855156838893890381e-01
4.853944480419158936e-01
4.852731227874755859e-01
4.851520657539367676e-01
4.850308299064636230e-01
4.849095046520233154e-01
4.847881793975830078e-01
4.846670925617218018e-01
4.845455884933471680e-01
4.844239950180053711e-01
4.843028187751770020e-01
4.841812551021575928e-01
4.840599298477172852e-01
4.839383065700531006e-01
4.838168323040008545e-01
4.836952686309814453e-01
4.835739135742187500e-01
4.834520816802978516e-01
4.833304584026336670e-01
4.832086265087127686e-01
4.830869436264038086e-01
4.829654395580291748e-01
4.828438162803649902e-01
4.827218651771545410e-01
4.826001226902008057e-01
4.824785292148590088e-01
4.823563098907470703e-01
4.822346568107604980e-01
4.821127355098724365e-01
4.819908142089843750e-01
4.818687736988067627e-01
4.817467033863067627e-01
4.816247522830963135e-01
4.815025329589843750e-01
4.813805818557739258e-01
4.812585115432739258e-01
4.811363220214843750e-01
4.810140728950500488e-01
4.808920323848724365e-01
4.807694256305694580e-01
4.806472063064575195e-01
4.805248677730560303e-01
4.804027080535888672e-01
4.802802205085754395e-01
4.801578819751739502e-01
4.800353348255157471e-01
4.799126386642456055e-01
4.797904491424560547e-01
4.796677529811859131e-01
4.795451760292053223e-01
4.794230163097381592e-01
4.793000817298889160e-01
4.791772067546844482e-01
4.790544509887695312e-01
4.789318144321441650e-01
4.788089692592620850e-01
4.786862432956695557e-01
4.785632193088531494e-01
4.784401953220367432e-01
4.783174991607666016e-01
4.781944155693054199e-01
4.780713319778442383e-01
4.779485464096069336e-01
4.778250455856323242e-01
4.777022302150726318e-01
4.775791466236114502e-01
4.774557352066040039e-01
4.773326218128204346e-01
4.772092401981353760e-01
4.770863354206085205e-01
4.769628942012786865e-01
4.768394231796264648e-01
4.767160415649414062e-01
4.765924811363220215e-01
4.764690101146697998e-01
4.763454496860504150e-01
4.762221574783325195e-01
4.760983288288116455e-01
4.759750068187713623e-01
4.758510291576385498e-01
4.757274389266967773e-01
4.756037592887878418e-01
4.754798412322998047e-01
4.753560721874237061e-01
4.752320945262908936e-01
4.751079678535461426e-01
4.749844074249267578e-01
4.748604297637939453e-01
4.747363030910491943e-01
4.746119678020477295e-01
4.744881093502044678e-01
4.743638634681701660e-01
4.742396175861358643e-01
4.741153419017791748e-01
4.739911258220672607e-01
4.738663434982299805e-01
4.737423360347747803e-01
4.736181497573852539e-01
4.734936654567718506e-01
4.733691513538360596e-01
4.732443988323211670e-01
4.731197059154510498e-01
4.729955196380615234e-01
4.728709757328033447e-01
4.727461338043212891e-01
4.726209342479705811e-01
4.724964499473571777e-01
4.723714590072631836e-01
4.722468256950378418e-01
4.721221625804901123e-01
4.719971120357513428e-01
4.718720614910125732e-01
4.717468619346618652e-01
4.716217815876007080e-01
4.714965522289276123e-01
4.713711440563201904e-01
4.712465405464172363e-01
4.711208641529083252e-01
4.709957540035247803e-01
4.708702862262725830e-01
4.707449376583099365e-01
4.706195592880249023e-01
4.704940319061279297e-01
4.703681170940399170e-01
4.702428877353668213e-01
4.701173901557922363e-01
4.699913859367370605e-01
4.698657691478729248e-01
4.697400033473968506e-01
4.696142673492431641e-01
4.694882631301879883e-01
4.693623483180999756e-01
4.692362248897552490e-01
4.691105186939239502e-01
4.689844548702239990e-01
4.688583612442016602e-01
4.687321484088897705e-01
4.686059057712554932e-01
4.684796035289764404e-01
4.683536589145660400e-01
4.682271480560302734e-01
4.681011140346527100e-01
4.679746329784393311e-01
4.678483605384826660e-01
4.677214026451110840e-01
4.675945639610290527e-01
4.674680233001708984e-01
4.673416614532470703e-01
4.672146737575531006e-01
4.670880138874053955e-01
4.669611454010009766e-01
4.668342173099517822e-01
4.667073488235473633e-01
4.665804207324981689e-01
4.664534032344818115e-01
4.663265645503997803e-01
4.661994576454162598e-01
4.660719037055969238e-01
4.659445881843566895e-01
4.658175706863403320e-01
4.656898081302642822e-01
4.655625820159912109e-01
4.654350578784942627e-01
4.653077423572540283e-01
4.651799499988555908e-01
4.650527238845825195e-01
4.649246931076049805e-01
4.647971093654632568e-01
4.646696746349334717e-01
4.645416736602783203e-01
4.644139111042022705e-01
4.642857611179351807e-01
4.641576409339904785e-01
4.640299081802368164e-01
4.639016985893249512e-01
4.637734591960906982e-01
4.636455476284027100e-01
4.635168910026550293e-01
4.633885920047760010e-01
4.632603526115417480e-01
4.631317853927612305e-01
4.630034565925598145e-01
4.628749489784240723e-01
4.627465903759002686e-01
4.626177251338958740e-01
4.624889492988586426e-01
4.623604714870452881e-01
4.622317850589752197e-01
4.621025323867797852e-01
4.619736373424530029e-01
4.618446230888366699e-01
4.617155790328979492e-01
4.615865349769592285e-01
4.614576101303100586e-01
4.613281190395355225e-01
4.611987769603729248e-01
4.610697627067565918e-01
4.609400629997253418e-01
4.608108103275299072e-01
4.606813490390777588e-01
4.605517089366912842e-01
4.604218602180480957e-01
4.602923989295959473e-01
4.601626992225646973e-01
4.600329995155334473e-01
4.599027931690216064e-01
4.597730636596679688e-01
4.596431255340576172e-01
4.595130980014801025e-01
4.593829214572906494e-01
4.592528939247131348e-01
4.591225683689117432e-01
4.589921832084655762e-01
4.588617086410522461e-01
4.587313830852508545e-01
4.586009979248046875e-01
4.584705829620361328e-01
4.583399295806884766e-01
4.582090675830841064e-01
4.580783843994140625e-01
4.579474925994873047e-01
4.578166306018829346e-01
4.576858282089233398e-01
4.575546383857727051e-01
4.574236273765563965e-01
4.572924673557281494e-01
4.571614861488342285e-01
4.570297896862030029e-01
4.568989276885986328e-01
4.567672312259674072e-01
4.566358625888824463e-01
4.565043151378631592e-01
4.563728570938110352e-01
4.562413096427917480e-01
4.561097323894500732e-01
4.559776782989501953e-01
4.558458328247070312e-01
4.557138085365295410e-01
4.555816948413848877e-01
4.554500579833984375e-01
4.553176462650299072e-01
4.551853835582733154e-01
4.550532996654510498e-01
4.549207985401153564e-01
4.547883272171020508e-01
4.546562135219573975e-01
4.545233249664306641e-01
4.543909132480621338e-01
4.542580544948577881e-01
4.541254937648773193e-01
4.539925456047058105e-01
4.538594782352447510e-01
4.537263810634613037e-01
4.535936713218688965e-01
4.534601867198944092e-01
4.533273577690124512e-01
4.531941711902618408e-01
4.530606865882873535e-01
4.529268145561218262e-01
4.527935087680816650e-01
4.526601433753967285e-01
4.525266885757446289e-01
4.523928165435791016e-01
4.522591531276702881e-01
4.521252512931823730e-01
4.519910812377929688e-01
4.518573880195617676e-01
4.517232775688171387e-01
4.515893161296844482e-01
4.514546096324920654e-01
4.513206481933593750e-01
4.511862099170684814e-01
4.510516822338104248e-01
4.509171545505523682e-01
4.507828056812286377e-01
4.506479501724243164e-01
4.505133926868438721e-01
4.503781199455261230e-01
4.502432644367218018e-01
4.501081109046936035e-01
4.499731957912445068e-01
4.498379826545715332e-01
4.497026503086090088e-01
4.495675265789031982e-01
4.494324922561645508e-01
4.492962658405303955e-01
4.491611123085021973e-01
4.490256011486053467e-01
4.488896429538726807e-01
4.487536251544952393e-01
4.486178159713745117e-01
4.484820067882537842e-01
4.483457207679748535e-01
4.482100605964660645e-01
4.480736851692199707e-01
4.479373097419738770e-01
4.478006362915039062e-01
4.476642906665802002e-01
4.475279152393341064e-01
4.473910927772521973e-01
4.472543001174926758e-01
4.471176862716674805e-01
4.469809234142303467e-01
4.468437135219573975e-01
4.467065930366516113e-01
4.465696215629577637e-01
4.464324116706848145e-01
4.462949335575103760e-01
4.461579918861389160e-01
4.460202753543853760e-01
4.458827078342437744e-01
4.457449316978454590e-01
4.456071555614471436e-01
4.454694986343383789e-01
4.453313350677490234e-01
4.451933205127716064e-01
4.450554549694061279e-01
4.449173808097839355e-01
4.447788894176483154e-01
4.446404278278350830e-01
4.445021450519561768e-01
4.443632960319519043e-01
4.442246556282043457e-01
4.440861940383911133e-01
4.439469873905181885e-01
4.438084065914154053e-01
4.436693191528320312e-01
4.435301721096038818e-01
4.433910846710205078e-01
4.432519078254699707e-01
4.431123733520507812e-01
4.429725706577301025e-01
4.428332448005676270e-01
4.426931440830230713e-01
4.425539076328277588e-01
4.424137771129608154e-01
4.422739446163177490e-01
4.421340823173522949e-01
4.419940114021301270e-01
4.418537020683288574e-01
4.417131543159484863e-01
4.415732622146606445e-01
4.414324164390563965e-01
4.412916898727416992e-01
4.411509037017822266e-01
4.410103559494018555e-01
4.408693611621856689e-01
4.407285451889038086e-01
4.405876100063323975e-01
4.404460191726684570e-01
4.403047859668731689e-01
4.401636421680450439e-01
4.400217831134796143e-01
4.398803412914276123e-01
4.397386312484741211e-01
4.395968616008758545e-01
4.394548535346984863e-01
4.393129646778106689e-01
4.391706883907318115e-01
4.390288293361663818e-01
4.388863444328308105e-01
4.387437403202056885e-01
4.386017322540283203e-01
4.384589493274688721e-01
4.383161962032318115e-01
4.381732940673828125e-01
4.380307495594024658e-01
4.378877282142639160e-01
4.377445280551910400e-01
4.376012086868286133e-01
4.374580681324005127e-01
4.373148679733276367e-01
4.371711015701293945e-01
4.370275139808654785e-01
4.368834793567657471e-01
4.367398917675018311e-01
4.365960657596588135e-01
4.364517927169799805e-01
4.363076686859130859e-01
4.361636042594909668e-01
4.360190629959106445e-01
4.358746409416198730e-01
4.357298612594604492e-01
4.355852901935577393e-01
4.354405999183654785e-01
4.352956712245941162e-01
4.351507425308227539e-01
4.350055754184722900e-01
4.348604083061218262e-01
4.347152411937713623e-01
4.345696568489074707e-01
4.344241619110107422e-01
4.342783987522125244e-01
4.341327548027038574e-01
4.339868426322937012e-01
4.338410198688507080e-01
4.336946606636047363e-01
4.335488379001617432e-01
4.334023296833038330e-01
4.332558810710906982e-01
4.331097006797790527e-01
4.329630732536315918e-01
4.328162074089050293e-01
4.326689839363098145e-01
4.325222074985504150e-01
4.323753714561462402e-01
4.322281777858734131e-01
4.320809245109558105e-01
4.319329857826232910e-01
4.317856132984161377e-01
4.316383302211761475e-01
4.314904808998107910e-01
4.313428103923797607e-01
4.311946928501129150e-01
4.310466647148132324e-01
4.308982789516448975e-01
4.307499229907989502e-01
4.306019246578216553e-01
4.304530024528503418e-01
4.303046464920043945e-01
4.301556646823883057e-01
4.300069510936737061e-01
4.298579394817352295e-01
4.297083616256713867e-01
4.295595884323120117e-01
4.294100701808929443e-01
4.292608201503753662e-01
4.291107952594757080e-01
4.289610981941223145e-01
4.288115799427032471e-01
4.286616444587707520e-01
4.285115897655487061e-01
4.283612966537475586e-01
4.282109439373016357e-01
4.280607700347900391e-01
4.279106557369232178e-01
4.277594387531280518e-01
4.276089966297149658e-01
4.274578094482421875e-01
4.273072183132171631e-01
4.271559119224548340e-01
4.270046949386596680e-01
4.268533289432525635e-01
4.267018139362335205e-01
4.265500307083129883e-01
4.263980090618133545e-01
4.262470901012420654e-01
4.260945618152618408e-01
4.259423911571502686e-01
4.257903993129730225e-01
4.256380200386047363e-01
4.254859685897827148e-01
4.253334105014801025e-01
4.251805245876312256e-01
4.250276088714599609e-01
4.248748719692230225e-01
4.247215390205383301e-01
4.245684444904327393e-01
4.244150817394256592e-01
4.242618680000305176e-01
4.241083562374114990e-01
4.239546954631805420e-01
4.238010644912719727e-01
4.236469268798828125e-01
4.234927892684936523e-01
4.233387708663940430e-01
4.231846630573272705e-01
4.230302572250366211e-01
4.228754043579101562e-01
4.227212667465209961e-01
4.225663840770721436e-01
4.224114120006561279e-01
4.222563505172729492e-01
4.221012592315673828e-01
4.219462871551513672e-01
4.217903912067413330e-01
4.216352701187133789e-01
4.214796721935272217e-01
4.213238656520843506e-01
4.211680293083190918e-01
4.210116863250732422e-01
4.208559393882751465e-01
4.206993877887725830e-01
4.205428659915924072e-01
4.203862249851226807e-01
4.202296733856201172e-01
4.200727343559265137e-01
4.199154973030090332e-01
4.197583794593811035e-01
4.196017384529113770e-01
4.194445312023162842e-01
4.192870855331420898e-01
4.191290140151977539e-01
4.189716577529907227e-01
4.188140034675598145e-01
4.186556935310363770e-01
4.184976816177368164e-01
4.183397591114044189e-01
4.181814193725585938e-01
4.180227518081665039e-01
4.178641438484191895e-01
4.177051186561584473e-01
4.175465404987335205e-01
4.173873066902160645e-01
4.172283113002777100e-01
4.170691668987274170e-01
4.169099926948547363e-01
4.167503714561462402e-01
4.165906906127929688e-01
4.164308905601501465e-01
4.162706732749938965e-01
4.161108136177062988e-01
4.159500896930694580e-01
4.157905578613281250e-01
4.156298339366912842e-01
4.154694080352783203e-01
4.153085052967071533e-01
4.151481389999389648e-01
4.149867892265319824e-01
4.148257374763488770e-01
4.146646857261657715e-01
4.145028591156005859e-01
4.143418371677398682e-01
4.141799211502075195e-01
4.140181839466094971e-01
4.138564169406890869e-01
4.136939942836761475e-01
4.135318994522094727e-01
4.133700132369995117e-01
4.132072329521179199e-01
4.130446612834930420e-01
4.128819704055786133e-01
4.127191603183746338e-01
4.125558435916900635e-01
4.123928546905517578e-01
4.122294187545776367e-01
4.120660722255706787e-01
4.119028449058532715e-01
4.117389917373657227e-01
4.115751683712005615e-01
4.114111661911010742e-01
4.112469553947448730e-01
4.110828340053558350e-01
4.109183847904205322e-01
4.107540547847747803e-01
4.105894863605499268e-01
4.104242324829101562e-01
4.102593362331390381e-01
4.100942909717559814e-01
4.099293053150177002e-01
4.097639024257659912e-01
4.095984995365142822e-01
4.094329774379730225e-01
4.092670381069183350e-01
4.091013073921203613e-01
4.089350998401641846e-01
4.087690711021423340e-01
4.086027145385742188e-01
4.084363281726837158e-01
4.082697927951812744e-01
4.081028997898101807e-01
4.079360961914062500e-01
4.077687859535217285e-01
4.076020121574401855e-01
4.074346125125885010e-01
4.072670340538024902e-01
4.070999026298522949e-01
4.069318473339080811e-01
4.067644178867340088e-01
4.065960049629211426e-01
4.064279794692993164e-01
4.062598049640655518e-01
4.060911238193511963e-01
4.059228599071502686e-01
4.057539701461791992e-01
4.055854380130767822e-01
4.054161012172698975e-01
4.052472710609436035e-01
4.050777852535247803e-01
4.049082100391387939e-01
4.047388434410095215e-01
4.045692384243011475e-01
4.043994545936584473e-01
4.042292535305023193e-01
4.040595591068267822e-01
4.038891196250915527e-01
4.037190377712249756e-01
4.035480916500091553e-01
4.033775031566619873e-01
4.032064378261566162e-01
4.030356109142303467e-01
4.028649628162384033e-01
4.026933610439300537e-01
4.025219976902008057e-01
4.023507237434387207e-01
4.021792709827423096e-01
4.020072221755981445e-01
4.018352925777435303e-01
4.016629159450531006e-01
4.014909267425537109e-01
4.013183712959289551e-01
4.011462032794952393e-01
4.009735882282257080e-01
4.008005261421203613e-01
4.006276428699493408e-01
4.004545211791992188e-01
4.002811908721923828e-01
4.001077711582183838e-01
3.999343514442443848e-01
3.997606039047241211e-01
3.995870351791381836e-01
3.994130194187164307e-01
3.992385566234588623e-01
3.990651071071624756e-01
3.988903164863586426e-01
3.987161219120025635e-01
3.985416293144226074e-01
3.983668386936187744e-01
3.981917202472686768e-01
3.980168998241424561e-01
3.978414237499237061e-01
3.976664245128631592e-01
3.974908888339996338e-01
3.973155617713928223e-01
3.971396982669830322e-01
3.969638347625732422e-01
3.967876434326171875e-01
3.966113924980163574e-01
3.964351713657379150e-01
3.962585031986236572e-01
3.960822224617004395e-01
3.959055244922637939e-01
3.957287669181823730e-01
3.955520391464233398e-01
3.953745961189270020e-01
3.951975703239440918e-01
3.950203955173492432e-01
3.948424458503723145e-01
3.946652114391326904e-01
3.944872319698333740e-01
3.943096101284027100e-01
3.941314816474914551e-01
3.939533233642578125e-01
3.937750756740570068e-01
3.935967683792114258e-01
3.934182226657867432e-01
3.932395875453948975e-01
3.930605351924896240e-01
3.928813636302947998e-01
3.927023708820343018e-01
3.925234973430633545e-01
3.923441171646118164e-01
3.921647369861602783e-01
3.919849395751953125e-01
3.918054997920989990e-01
3.916260004043579102e-01
3.914453983306884766e-01
3.912656903266906738e-01
3.910849094390869141e-01
3.909048736095428467e-01
3.907245993614196777e-01
3.905439078807830811e-01
3.903630375862121582e-01
3.901823163032531738e-01
3.900010585784912109e-01
3.898204863071441650e-01
3.896388709545135498e-01
3.894574642181396484e-01
3.892757892608642578e-01
3.890946507453918457e-01
3.889127969741821289e-01
3.887309134006500244e-01
3.885491192340850830e-01
3.883664309978485107e-01
3.881853222846984863e-01
3.880022466182708740e-01
3.878197371959686279e-01
3.876374959945678711e-01
3.874547481536865234e-01
3.872721493244171143e-01
3.870891332626342773e-01
3.869063854217529297e-01
3.867232799530029297e-01
3.865401446819305420e-01
3.863571882247924805e-01
3.861739039421081543e-01
3.859898746013641357e-01
3.858064413070678711e-01
3.856225907802581787e-01
3.854385316371917725e-01
3.852547705173492432e-01
3.850705623626708984e-01
3.848865628242492676e-01
3.847025632858276367e-01
3.845179080963134766e-01
3.843331634998321533e-01
3.841486275196075439e-01
3.839639425277709961e-01
3.837790787220001221e-01
3.835938274860382080e-01
3.834089040756225586e-01
3.832240402698516846e-01
3.830388784408569336e-01
3.828533887863159180e-01
3.826679885387420654e-01
3.824826478958129883e-01
3.822965919971466064e-01
3.821112513542175293e-01
3.819256722927093506e-01
3.817394375801086426e-01
3.815535306930541992e-01
3.813676834106445312e-01
3.811814785003662109e-01
3.809946477413177490e-01
3.808083832263946533e-01
3.806222081184387207e-01
3.804355561733245850e-01
3.802487552165985107e-01
3.800622820854187012e-01
3.798754215240478516e-01
3.796885013580322266e-01
3.795013129711151123e-01
3.793143928050994873e-01
3.791271150112152100e-01
3.789395093917846680e-01
3.787523210048675537e-01
3.785648643970489502e-01
3.783773481845855713e-01
3.781895935535430908e-01
3.780023455619812012e-01
3.778140544891357422e-01
3.776264190673828125e-01
3.774383962154388428e-01
3.772503733634948730e-01
3.770622909069061279e-01
3.768743574619293213e-01
3.766860663890838623e-01
3.764971494674682617e-01
3.763091564178466797e-01
3.761200606822967529e-01
3.759319782257080078e-01
3.757432699203491211e-01
3.755540549755096436e-01
3.753652274608612061e-01
3.751765787601470947e-01
3.749874830245971680e-01
3.747981190681457520e-01
3.746091425418853760e-01
3.744198977947235107e-01
3.742304742336273193e-01
3.740409016609191895e-01
3.738514184951782227e-01
3.736615777015686035e-01
3.734718561172485352e-01
3.732822835445404053e-01
3.730927407741546631e-01
3.729026019573211670e-01
3.727127015590667725e-01
3.725225329399108887e-01
3.723324835300445557e-01
3.721420764923095703e-01
3.719519674777984619e-01
3.717615604400634766e-01
3.715713918209075928e-01
3.713805377483367920e-01
3.711897134780883789e-01
3.709993660449981689e-01
3.708084821701049805e-01
3.706173598766326904e-01
3.704266846179962158e-01
3.702355325222015381e-01
3.700450062751770020e-01
3.698534369468688965e-01
3.696623146533966064e-01
3.694711923599243164e-01
3.692792952060699463e-01
3.690878748893737793e-01
3.688964843750000000e-01
3.687047660350799561e-01
3.685134053230285645e-01
3.683216869831085205e-01
3.681297600269317627e-01
3.679378926753997803e-01
3.677461147308349609e-01
3.675540089607238770e-01
3.673616647720336914e-01
3.671694099903106689e-01
3.669772744178771973e-01
3.667850494384765625e-01
3.665921688079833984e-01
3.664001524448394775e-01
3.662077784538269043e-01
3.660145699977874756e-01
3.658221065998077393e-01
3.656286597251892090e-01
3.654357194900512695e-01
3.652431070804595947e-01
3.650500774383544922e-01
3.648568391799926758e-01
3.646633923053741455e-01
3.644701838493347168e-01
3.642768859863281250e-01
3.640830516815185547e-01
3.638896644115447998e-01
3.636961877346038818e-01
3.635024726390838623e-01
3.633083701133728027e-01
3.631147742271423340e-01
3.629206120967864990e-01
3.627268075942993164e-01
3.625326454639434814e-01
3.623385131359100342e-01
3.621442317962646484e-01
3.619496524333953857e-01
3.617551326751708984e-01
3.615606725215911865e-01
3.613662719726562500e-01
3.611712753772735596e-01
3.609767556190490723e-01
3.607815206050872803e-01
3.605870306491851807e-01
3.603917360305786133e-01
3.601968288421630859e-01
3.600020706653594971e-01
3.598062992095947266e-01
3.596112430095672607e-01
3.594152927398681641e-01
3.592197000980377197e-01
3.590241372585296631e-01
3.588283658027648926e-01
3.586328625679016113e-01
3.584371805191040039e-01
3.582408428192138672e-01
3.580450713634490967e-01
3.578488230705261230e-01
3.576525449752807617e-01
3.574556708335876465e-01
3.572594821453094482e-01
3.570630252361297607e-01
3.568664491176605225e-01
3.566696047782897949e-01
3.564728796482086182e-01
3.562765121459960938e-01
3.560788631439208984e-01
3.558821976184844971e-01
3.556846976280212402e-01
3.554877042770385742e-01
3.552902936935424805e-01
3.550931513309478760e-01
3.548953235149383545e-01
3.546974658966064453e-01
3.544999063014984131e-01
3.543027639389038086e-01
3.541045486927032471e-01
3.539062440395355225e-01
3.537085056304931641e-01
3.535105884075164795e-01
3.533122539520263672e-01
3.531136810779571533e-01
3.529156148433685303e-01
3.527169823646545410e-01
3.525180816650390625e-01
3.523194491863250732e-01
3.521208167076110840e-01
3.519216775894165039e-01
3.517226278781890869e-01
3.515232801437377930e-01
3.513241708278656006e-01
3.511247932910919189e-01
3.509257137775421143e-01
3.507257401943206787e-01
3.505262136459350586e-01
3.503264486789703369e-01
3.501268625259399414e-01
3.499269187450408936e-01
3.497264385223388672e-01
3.495266437530517578e-01
3.493265807628631592e-01
3.491261303424835205e-01
3.489255905151367188e-01
3.487253487110137939e-01
3.485246896743774414e-01
3.483242094516754150e-01
3.481227159500122070e-01
3.479219377040863037e-01
3.477213382720947266e-01
3.475202620029449463e-01
3.473192155361175537e-01
3.471176028251647949e-01
3.469161689281463623e-01
3.467143774032592773e-01
3.465133607387542725e-01
3.463113307952880859e-01
3.461094200611114502e-01
3.459077775478363037e-01
3.457052111625671387e-01
3.455032706260681152e-01
3.453014791011810303e-01
3.450990617275238037e-01
3.448965549468994141e-01
3.446940481662750244e-01
3.444910049438476562e-01
3.442885577678680420e-01
3.440858423709869385e-01
3.438829183578491211e-01
3.436796963214874268e-01
3.434770107269287109e-01
3.432736694812774658e-01
3.430703282356262207e-01
3.428667783737182617e-01
3.426633179187774658e-01
3.424601256847381592e-01
3.422561287879943848e-01
3.420526087284088135e-01
3.418488800525665283e-01
3.416448533535003662e-01
3.414407670497894287e-01
3.412363529205322266e-01
3.410323262214660645e-01
3.408280313014984131e-01
3.406233191490173340e-01
3.404194116592407227e-01
3.402146100997924805e-01
3.400098681449890137e-01
3.398053050041198730e-01
3.396004140377044678e-01
3.393957614898681641e-01
3.391907513141632080e-01
3.389853239059448242e-01
3.387802839279174805e-01
3.385752737522125244e-01
3.383701741695404053e-01
3.381648361682891846e-01
3.379589319229125977e-01
3.377539813518524170e-01
3.375481367111206055e-01
3.373425602912902832e-01
3.371368646621704102e-01
3.369309306144714355e-01
3.367255032062530518e-01
3.365201652050018311e-01
3.363136351108551025e-01
3.361075520515441895e-01
3.359015285968780518e-01
3.356956839561462402e-01
3.354891836643218994e-01
3.352828621864318848e-01
3.350770473480224609e-01
3.348708450794219971e-01
3.346643149852752686e-01
3.344579041004180908e-01
3.342518508434295654e-01
3.340451121330261230e-01
3.338385522365570068e-01
3.336326479911804199e-01
3.334259092807769775e-01
3.332197070121765137e-01
3.330127596855163574e-01
3.328059911727905273e-01
3.325993418693542480e-01
3.323928713798522949e-01
3.321859240531921387e-01
3.319789469242095947e-01
3.317727744579315186e-01
3.315660953521728516e-01
3.313594758510589600e-01
3.311531543731689453e-01
3.309458792209625244e-01
3.307387828826904297e-01
3.305329084396362305e-01
3.303259611129760742e-01
3.301192522048950195e-01
3.299126327037811279e-01
3.297058939933776855e-01
3.294994831085205078e-01
3.292931020259857178e-01
3.290861845016479492e-01
3.288797140121459961e-01
3.286728262901306152e-01
3.284664452075958252e-01
3.282597362995147705e-01
3.280537724494934082e-01
3.278473615646362305e-01
3.276403546333312988e-01
3.274345695972442627e-01
3.272278308868408203e-01
3.270214498043060303e-01
3.268156051635742188e-01
3.266097307205200195e-01
3.264034390449523926e-01
3.261977136135101318e-01
3.259915113449096680e-01
3.257853984832763672e-01
3.255798220634460449e-01
3.253737390041351318e-01
3.251684904098510742e-01
3.249633014202117920e-01
3.247574865818023682e-01
3.245517015457153320e-01
3.243467211723327637e-01
3.241412341594696045e-01
3.239360451698303223e-01
3.237307369709014893e-01
3.235258460044860840e-01
3.233207464218139648e-01
3.231159150600433350e-01
3.229114115238189697e-01
3.227066099643707275e-01
3.225018978118896484e-01
3.222978115081787109e-01
3.220931887626647949e-01
3.218889534473419189e-01
3.216847181320190430e-01
3.214811086654663086e-01
3.212771117687225342e-01
3.210732936859130859e-01
3.208697140216827393e-01
3.206667006015777588e-01
3.204627931118011475e-01
3.202596008777618408e-01
3.200565278530120850e-01
3.198531270027160645e-01
3.196509480476379395e-01
3.194476664066314697e-01
3.192451894283294678e-01
3.190430104732513428e-01
3.188405036926269531e-01
3.186380267143249512e-01
3.184367418289184570e-01
3.182349801063537598e-01
3.180333673954010010e-01
3.178315758705139160e-01
3.176300227642059326e-01
3.174290359020233154e-01
3.172280788421630859e-01
3.170271813869476318e-01
3.168263137340545654e-01
3.166260123252868652e-01
3.164255023002624512e-01
3.162254095077514648e-01
3.160255849361419678e-01
3.158251047134399414e-01
3.156257867813110352e-01
3.154263496398925781e-01
3.152270615100860596e-01
3.150283098220825195e-01
3.148292005062103271e-01
3.146301209926605225e-01
3.144320249557495117e-01
3.142334818840026855e-01
3.140355348587036133e-01
3.138379752635955811e-01
3.136399388313293457e-01
3.134422004222869873e-01
3.132447302341461182e-01
3.130478858947753906e-01
3.128512501716613770e-01
3.126542866230010986e-01
3.124580681324005127e-01
3.122609853744506836e-01
3.120650351047515869e-01
3.118696510791778564e-01
3.116743564605712891e-01
3.114784955978393555e-01
3.112833499908447266e-01
3.110884428024291992e-01
3.108941912651062012e-01
3.106994330883026123e-01
3.105055689811706543e-01
3.103107213973999023e-01
3.101171553134918213e-01
3.099235296249389648e-01
3.097300231456756592e-01
3.095372319221496582e-01
3.093443214893341064e-01
3.091516196727752686e-01
3.089595139026641846e-01
3.087672591209411621e-01
3.085752427577972412e-01
3.083834648132324219e-01
3.081924021244049072e-01
3.080006837844848633e-01
3.078096807003021240e-01
3.076191544532775879e-01
3.074290454387664795e-01
3.072393834590911865e-01
3.070486485958099365e-01
3.068587481975555420e-01
3.066700100898742676e-01
3.064810037612915039e-01
3.062917590141296387e-01
3.061029911041259766e-01
3.059147894382476807e-01
3.057268857955932617e-01
3.055392205715179443e-01
3.053509593009948730e-01
3.051643073558807373e-01
3.049767911434173584e-01
3.047903776168823242e-01
3.046036958694458008e-01
3.044172525405883789e-01
3.042309880256652832e-01
3.040453791618347168e-01
3.038594126701354980e-01
3.036745786666870117e-01
3.034897744655609131e-01
3.033053278923034668e-01
3.031206130981445312e-01
3.029360473155975342e-01
3.027526438236236572e-01
3.025689125061035156e-01
3.023856878280639648e-01
3.022023737430572510e-01
3.020198047161102295e-01
3.018370866775512695e-01
3.016549050807952881e-01
3.014725744724273682e-01
3.012909293174743652e-01
3.011091947555541992e-01
3.009282946586608887e-01
3.007475137710571289e-01
3.005658984184265137e-01
3.003858029842376709e-01
3.002052903175354004e-01
3.000252246856689453e-01
2.998456656932830811e-01
2.996668517589569092e-01
2.994871437549591064e-01
2.993083298206329346e-01
2.991293072700500488e-01
2.989510595798492432e-01
2.987724244594573975e-01
2.985944747924804688e-01
2.984162271022796631e-01
2.982392609119415283e-01
2.980613708496093750e-01
2.978844344615936279e-01
2.977071404457092285e-01
2.975306212902069092e-01
2.973539829254150391e-01
2.971775233745574951e-01
2.970013916492462158e-01
2.968254387378692627e-01
2.966494262218475342e-01
2.964744269847869873e-01
2.962983250617980957e-01
2.961232662200927734e-01
2.959486246109008789e-01
2.957736253738403320e-01
2.955985367298126221e-01
2.954241931438446045e-01
2.952497601509094238e-01
2.950750887393951416e-01
2.949010431766510010e-01
2.947267293930053711e-01
2.945528328418731689e-01
2.943784296512603760e-01
2.942052781581878662e-01
2.940306663513183594e-01
2.938567101955413818e-01
2.936829626560211182e-01
2.935095727443695068e-01
2.933358848094940186e-01
2.931619584560394287e-01
2.929885387420654297e-01
2.928146123886108398e-01
2.926408648490905762e-01
2.924671471118927002e-01
2.922934591770172119e-01
2.921196818351745605e-01
2.919457256793975830e-01
2.917710244655609131e-01
2.915969789028167725e-01
2.914222776889801025e-01
2.912477850914001465e-01
2.910732328891754150e-01
2.908978462219238281e-01
2.907225787639617920e-01
2.905471920967102051e-01
2.903711795806884766e-01
2.901951968669891357e-01
2.900187373161315918e-01
2.898421883583068848e-01
2.896653115749359131e-01
2.894876301288604736e-01
2.893096208572387695e-01
2.891306877136230469e-01
2.889519631862640381e-01
2.887721359729766846e-01
2.885922193527221680e-01
2.884114980697631836e-01
2.882305085659027100e-01
2.880484461784362793e-01
2.878667414188385010e-01
2.876830399036407471e-01
2.874990105628967285e-01
2.873140573501586914e-01
2.871284186840057373e-01
2.869417667388916016e-01
2.867543995380401611e-01
2.865661084651947021e-01
2.863769233226776123e-01
2.861862778663635254e-01
2.859953045845031738e-01
2.858027219772338867e-01
2.856090962886810303e-01
2.854141891002655029e-01
2.852188646793365479e-01
2.850205898284912109e-01
2.848225831985473633e-01
2.846231758594512939e-01
2.844219505786895752e-01
2.842190861701965332e-01
2.840154469013214111e-01
2.838102281093597412e-01
2.836028635501861572e-01
2.833945751190185547e-01
2.831840813159942627e-01
2.829727530479431152e-01
2.827594578266143799e-01
2.825444340705871582e-01
2.823280096054077148e-01
2.821098268032073975e-01
2.818895578384399414e-01
2.816676199436187744e-01
2.814438641071319580e-01
2.812191843986511230e-01
2.809919118881225586e-01
2.807627022266387939e-01
2.805322706699371338e-01
2.802994847297668457e-01
2.800654470920562744e-01
2.798293232917785645e-01
2.795909345149993896e-01
2.793512046337127686e-01
2.791095077991485596e-01
2.788660526275634766e-01
2.786210775375366211e-01
2.783743739128112793e-01
2.781258523464202881e-01
2.778751254081726074e-01
2.776229381561279297e-01
2.773694694042205811e-01
2.771140635013580322e-01
2.768564820289611816e-01
2.765990197658538818e-01
2.763381004333496094e-01
2.760769724845886230e-01
2.758140265941619873e-01
2.755504846572875977e-01
2.752843797206878662e-01
2.750174403190612793e-01
2.747491598129272461e-01
2.744801044464111328e-01
2.742098867893218994e-01
2.739384770393371582e-01
2.736648619174957275e-01
2.733919620513916016e-01
2.731167674064636230e-01
2.728408575057983398e-01
2.725644409656524658e-01
2.722871601581573486e-01
2.720088660717010498e-01
2.717300355434417725e-01
2.714502513408660889e-01
2.711697518825531006e-01
2.708884775638580322e-01
2.706066966056823730e-01
2.703249454498291016e-01
2.700412273406982422e-01
2.697585225105285645e-01
2.694746851921081543e-01
2.691902220249176025e-01
2.689054012298583984e-01
2.686208188533782959e-01
2.683345675468444824e-01
2.680488228797912598e-01
2.677627205848693848e-01
2.674759924411773682e-01
2.671892046928405762e-01
2.669021785259246826e-01
2.666148841381072998e-01
2.663266658782958984e-01
2.660391926765441895e-01
2.657504379749298096e-01
2.654622197151184082e-01
2.651738226413726807e-01
2.648856639862060547e-01
2.645966410636901855e-01
2.643080651760101318e-01
2.640178799629211426e-01
2.637290656566619873e-01
2.634395360946655273e-01
2.631498873233795166e-01
2.628601193428039551e-01
2.625708281993865967e-01
2.622809708118438721e-01
2.619914114475250244e-01
2.617007493972778320e-01
2.614114880561828613e-01
2.611214518547058105e-01
2.608314752578735352e-01
2.605408430099487305e-01
2.602505981922149658e-01
2.599605023860931396e-01
2.596700787544250488e-01
2.593801021575927734e-01
2.590902149677276611e-01
2.588002085685729980e-01
2.585099637508392334e-01
2.582188546657562256e-01
2.579289674758911133e-01
2.576389312744140625e-01
2.573487460613250732e-01
2.570582628250122070e-01
2.567686736583709717e-01
2.564783990383148193e-01
2.561877965927124023e-01
2.558974325656890869e-01
2.556077241897583008e-01
2.553173303604125977e-01
2.550268173217773438e-01
2.547375857830047607e-01
2.544481754302978516e-01
2.541580498218536377e-01
2.538677453994750977e-01
2.535783052444458008e-01
2.532888054847717285e-01
2.529987990856170654e-01
2.527094185352325439e-01
2.524197995662689209e-01
2.521300017833709717e-01
2.518416643142700195e-01
2.515520155429840088e-01
2.512633204460144043e-01
2.509729862213134766e-01
2.506842315196990967e-01
2.503959834575653076e-01
2.501070201396942139e-01
2.498176991939544678e-01
2.495286166667938232e-01
2.492405176162719727e-01
2.489518970251083374e-01
2.486632019281387329e-01
2.483754009008407593e-01
2.480866014957427979e-01
2.477988451719284058e-01
2.475103437900543213e-01
2.472222745418548584e-01
2.469344586133956909e-01
2.466474324464797974e-01
2.463594973087310791e-01
2.460719645023345947e-01
2.457838207483291626e-01
2.454968988895416260e-01
2.452101558446884155e-01
2.449234724044799805e-01
2.446365207433700562e-01
2.443499118089675903e-01
2.440629154443740845e-01
2.437772303819656372e-01
2.434908151626586914e-01
2.432045042514801025e-01
2.429184913635253906e-01
2.426329255104064941e-01
2.423470914363861084e-01
2.420620471239089966e-01
2.417758554220199585e-01
2.414915710687637329e-01
2.412065714597702026e-01
2.409215867519378662e-01
2.406370788812637329e-01
2.403533011674880981e-01
2.400691658258438110e-01
2.397850602865219116e-01
2.395010739564895630e-01
2.392179518938064575e-01
2.389342486858367920e-01
2.386520355939865112e-01
2.383693903684616089e-01
2.380867153406143188e-01
2.378043383359909058e-01
2.375227361917495728e-01
2.372405081987380981e-01
2.369593977928161621e-01
2.366780638694763184e-01
2.363972663879394531e-01
2.361167073249816895e-01
2.358372509479522705e-01
2.355565130710601807e-01
2.352758795022964478e-01
2.349970787763595581e-01
2.347177267074584961e-01
2.344390302896499634e-01
2.341600954532623291e-01
2.338826060295104980e-01
2.336049675941467285e-01
2.333271056413650513e-01
2.330495119094848633e-01
2.327732443809509277e-01
2.324965894222259521e-01
2.322209477424621582e-01
2.319451272487640381e-01
2.316694110631942749e-01
2.313950955867767334e-01
2.311204373836517334e-01
2.308464199304580688e-01
2.305727750062942505e-01
2.302998900413513184e-01
2.300264537334442139e-01
2.297539710998535156e-01
2.294829934835433960e-01
2.292105853557586670e-01
2.289398312568664551e-01
2.286688685417175293e-01
2.283991426229476929e-01
2.281286269426345825e-01
2.278597652912139893e-01
2.275912910699844360e-01
2.273238599300384521e-01
2.270557731389999390e-01
2.267884761095046997e-01
2.265217751264572144e-01
2.262557744979858398e-01
2.259901612997055054e-01
2.257250547409057617e-01
2.254606485366821289e-01
2.251973003149032593e-01
2.249335646629333496e-01
2.246708422899246216e-01
2.244084775447845459e-01
2.241464257240295410e-01
2.238857448101043701e-01
2.236254364252090454e-01
2.233648896217346191e-01
2.231056988239288330e-01
2.228485047817230225e-01
2.225893586874008179e-01
2.223321497440338135e-01
2.220755368471145630e-01
2.218202203512191772e-01
2.215644270181655884e-01
2.213100790977478027e-01
2.210559844970703125e-01
2.208027392625808716e-01
2.205502539873123169e-01
2.202980965375900269e-01
2.200474590063095093e-01
2.197971493005752563e-01
2.195469290018081665e-01
2.192983180284500122e-01
2.190503180027008057e-01
2.188026458024978638e-01
2.185565233230590820e-01
2.183104902505874634e-01
2.180649787187576294e-01
2.178213149309158325e-01
2.175777107477188110e-01
2.173349410295486450e-01
2.170924544334411621e-01
2.168515175580978394e-01
2.166121304035186768e-01
2.163715958595275879e-01
2.161340713500976562e-01
2.158960103988647461e-01
2.156588882207870483e-01
2.154228389263153076e-01
2.151874601840972900e-01
2.149536758661270142e-01
2.147195935249328613e-01
2.144881784915924072e-01
2.142563015222549438e-01
2.140254527330398560e-01
2.137958109378814697e-01
2.135666459798812866e-01
2.133384197950363159e-01
2.131126374006271362e-01
2.128862738609313965e-01
2.126610428094863892e-01
2.124376446008682251e-01
2.122143357992172241e-01
2.119922786951065063e-01
2.117710709571838379e-01
2.115508913993835449e-01
2.113314419984817505e-01
2.111137211322784424e-01
2.108964920043945312e-01
2.106808274984359741e-01
2.104662656784057617e-01
2.102520614862442017e-01
2.100385725498199463e-01
2.098263949155807495e-01
2.096166610717773438e-01
2.094055563211441040e-01
2.091972380876541138e-01
2.089895009994506836e-01
2.087828814983367920e-01
2.085775434970855713e-01
2.083743214607238770e-01
2.081703990697860718e-01
2.079675793647766113e-01
2.077666223049163818e-01
2.075670808553695679e-01
2.073678821325302124e-01
2.071696072816848755e-01
2.069733440876007080e-01
2.067781239748001099e-01
2.065830826759338379e-01
2.063896358013153076e-01
2.061981707811355591e-01
2.060075700283050537e-01
2.058170735836029053e-01
2.056290805339813232e-01
2.054408043622970581e-01
2.052548974752426147e-01
2.050697654485702515e-01
2.048856616020202637e-01
2.047034054994583130e-01
2.045207470655441284e-01
2.043414711952209473e-01
2.041622400283813477e-01
2.039846181869506836e-01
2.038081586360931396e-01
2.036319226026535034e-01
2.034569382667541504e-01
2.032844424247741699e-01
2.031117826700210571e-01
2.029417157173156738e-01
2.027722001075744629e-01
2.026028037071228027e-01
2.024369239807128906e-01
2.022715955972671509e-01
2.021063268184661865e-01
2.019433826208114624e-01
2.017809748649597168e-01
2.016201764345169067e-01
2.014604508876800537e-01
2.013013064861297607e-01
2.011443972587585449e-01
2.009885162115097046e-01
2.008332461118698120e-01
2.006794959306716919e-01
2.005273252725601196e-01
2.003765702247619629e-01
2.002273201942443848e-01
2.000787705183029175e-01
1.999307423830032349e-01
1.997842043638229370e-01
1.996397823095321655e-01
1.994962841272354126e-01
1.993541866540908813e-01
1.992122232913970947e-01
1.990732997655868530e-01
1.989334672689437866e-01
1.987966299057006836e-01
1.986609697341918945e-01
1.985246539115905762e-01
1.983908265829086304e-01
1.982589662075042725e-01
1.981270909309387207e-01
1.979972869157791138e-01
1.978678554296493530e-01
1.977396458387374878e-01
1.976132243871688843e-01
1.974878311157226562e-01
1.973637044429779053e-01
1.972408890724182129e-01
1.971189379692077637e-01
1.969978511333465576e-01
1.968783587217330933e-01
1.967600882053375244e-01
1.966435611248016357e-01
1.965266466140747070e-01
1.964127123355865479e-01
1.962986141443252563e-01
1.961875408887863159e-01
1.960761994123458862e-01
1.959652155637741089e-01
1.958563625812530518e-01
1.957484781742095947e-01
1.956420540809631348e-01
1.955359280109405518e-01
1.954313665628433228e-01
1.953283101320266724e-01
1.952259838581085205e-01
1.951244473457336426e-01
1.950238198041915894e-01
1.949256360530853271e-01
1.948273032903671265e-01
1.947308778762817383e-01
1.946345716714859009e-01
1.945400834083557129e-01
1.944459974765777588e-01
1.943543851375579834e-01
1.942623257637023926e-01
1.941721141338348389e-01
1.940824836492538452e-01
1.939935535192489624e-01
1.939061731100082397e-01
1.938196420669555664e-01
1.937348246574401855e-01
1.936489939689636230e-01
1.935664117336273193e-01
1.934841573238372803e-01
1.934028118848800659e-01
1.933211088180541992e-01
1.932421177625656128e-01
1.931633800268173218e-01
1.930851936340332031e-01
1.930083483457565308e-01
1.929318457841873169e-01
1.928569674491882324e-01
1.927832216024398804e-01
1.927091032266616821e-01
1.926368325948715210e-01
1.925647109746932983e-01
1.924958229064941406e-01
1.924248188734054565e-01
1.923558413982391357e-01
1.922869086265563965e-01
1.922206431627273560e-01
1.921538114547729492e-01
1.920878291130065918e-01
1.920233517885208130e-01
1.919585764408111572e-01
1.918959021568298340e-01
1.918335109949111938e-01
1.917712390422821045e-01
1.917102783918380737e-01
1.916505843400955200e-01
1.915906071662902832e-01
1.915315389633178711e-01
1.914737671613693237e-01
1.914162039756774902e-01
1.913592666387557983e-01
1.913044750690460205e-01
1.912484914064407349e-01
1.911946684122085571e-01
1.911401748657226562e-01
1.910870671272277832e-01
1.910341978073120117e-01
1.909825503826141357e-01
1.909311860799789429e-01
1.908797472715377808e-01
1.908300369977951050e-01
1.907809376716613770e-01
1.907316446304321289e-01
1.906836926937103271e-01
1.906353235244750977e-01
1.905890852212905884e-01
1.905408650636672974e-01
1.904956251382827759e-01
1.904504001140594482e-01
1.904051452875137329e-01
1.903608292341232300e-01
1.903176456689834595e-01
1.902733594179153442e-01
1.902314126491546631e-01
1.901881545782089233e-01
1.901467144489288330e-01
1.901051700115203857e-01
1.900649666786193848e-01
1.900244355201721191e-01
1.899836212396621704e-01
1.899446994066238403e-01
1.899061203002929688e-01
1.898673623800277710e-01
1.898291409015655518e-01
1.897916048765182495e-01
1.897542178630828857e-01
1.897176355123519897e-01
1.896808296442031860e-01
1.896449327468872070e-01
1.896079182624816895e-01
1.895737051963806152e-01
1.895386725664138794e-01
1.895042955875396729e-01
1.894706785678863525e-01
1.894354671239852905e-01
1.894030123949050903e-01
1.893702745437622070e-01
1.893365979194641113e-01
1.893042773008346558e-01
1.892719715833663940e-01
1.892408877611160278e-01
1.892098188400268555e-01
1.891779452562332153e-01
1.891474127769470215e-01
1.891165375709533691e-01
1.890858262777328491e-01
1.890560388565063477e-01
1.890275627374649048e-01
1.889974921941757202e-01
1.889687031507492065e-01
1.889390349388122559e-01
1.889109015464782715e-01
1.888821721076965332e-01
1.888542026281356812e-01
1.888266950845718384e-01
1.887985616922378540e-01
1.887718588113784790e-01
1.887446194887161255e-01
1.887171864509582520e-01
1.886911392211914062e-01
1.886642426252365112e-01
1.886382699012756348e-01
1.886118501424789429e-01
1.885859370231628418e-01
1.885608732700347900e-01
1.885344684123992920e-01
1.885101497173309326e-01
1.884850263595581055e-01
1.884606331586837769e-01
1.884359717369079590e-01
1.884114146232604980e-01
1.883869171142578125e-01
1.883632689714431763e-01
1.883387416601181030e-01
1.883153170347213745e-01
1.882908493280410767e-01
1.882688105106353760e-01
1.882455796003341675e-01
1.882222741842269897e-01
1.881992518901824951e-01
1.881754696369171143e-01
1.881534457206726074e-01
1.881309002637863159e-01
1.881083697080612183e-01
1.880862414836883545e-01
1.880643218755722046e-01
1.880422234535217285e-01
1.880206465721130371e-01
1.879979074001312256e-01
1.879770904779434204e-01
1.879559159278869629e-01
1.879339218139648438e-01
1.879133433103561401e-01
1.878920048475265503e-01
1.878706961870193481e-01
1.878494024276733398e-01
1.878288239240646362e-01
1.878085732460021973e-01
1.877876073122024536e-01
1.877675056457519531e-01
1.877472549676895142e-01
1.877263486385345459e-01
1.877060383558273315e-01
1.876861006021499634e-01
1.876666247844696045e-01
1.876457184553146362e-01
1.876260191202163696e-01
1.876071691513061523e-01
1.875867396593093872e-01
1.875676512718200684e-01
1.875473558902740479e-01
1.875289678573608398e-01
1.875081658363342285e-01
1.874895691871643066e-01
1.874706149101257324e-01
1.874510943889617920e-01
1.874313950538635254e-01
1.874128580093383789e-01
1.873943954706192017e-01
1.873753517866134644e-01
1.873561292886734009e-01
1.873372495174407959e-01
1.873193681240081787e-01
1.873006075620651245e-01
1.872822046279907227e-01
1.872632801532745361e-01
1.872450113296508789e-01
1.872261762619018555e-01
1.872070431709289551e-01
1.871893852949142456e-01
1.871714591979980469e-01
1.871532946825027466e-01
1.871352642774581909e-01
1.871176660060882568e-01
1.870995014905929565e-01
1.870817393064498901e-01
1.870625615119934082e-01
1.870457231998443604e-01
1.870281100273132324e-01
1.870095431804656982e-01
1.869922429323196411e-01
1.869747936725616455e-01
1.869571506977081299e-01
1.869395226240158081e-01
1.869221925735473633e-01
1.869039982557296753e-01
1.868868768215179443e-01
1.868694722652435303e-01
1.868521273136138916e-01
1.868342459201812744e-01
1.868173629045486450e-01
1.867999285459518433e-01
1.867826581001281738e-01
1.867655962705612183e-01
1.867485046386718750e-01
1.867315173149108887e-01
1.867143511772155762e-01
1.866974681615829468e-01
1.866801381111145020e-01
1.866632401943206787e-01
1.866459846496582031e-01
1.866291463375091553e-01
1.866118460893630981e-01
1.865954846143722534e-01
1.865786612033843994e-01
1.865609735250473022e-01
1.865445971488952637e-01
1.865283250808715820e-01
1.865111291408538818e-01
1.864943355321884155e-01
1.864784657955169678e-01
1.864615231752395630e-01
1.864440143108367920e-01
1.864271759986877441e-01
1.864113658666610718e-01
1.863941997289657593e-01
1.863784193992614746e-01
1.863618344068527222e-01
1.863458603620529175e-01
1.863283962011337280e-01
1.863126009702682495e-01
1.862952113151550293e-01
1.862793862819671631e-01
1.862632781267166138e-01
1.862465143203735352e-01
1.862307488918304443e-01
1.862139850854873657e-01
1.861970871686935425e-01
1.861810833215713501e-01
1.861649304628372192e-01
1.861493885517120361e-01
1.861327588558197021e-01
1.861166357994079590e-01
1.861009597778320312e-01
1.860849559307098389e-01
1.860678344964981079e-01
1.860515475273132324e-01
1.860360503196716309e-01
1.860201954841613770e-01
1.860033869743347168e-01
1.859878748655319214e-01
1.859715878963470459e-01
1.859554499387741089e-01
1.859391331672668457e-01
1.859239041805267334e-01
1.859077215194702148e-01
1.858909577131271362e-01
1.858756691217422485e-01
1.858591288328170776e-01
1.858429461717605591e-01
1.858275532722473145e-01
1.858120113611221313e-01
1.857969611883163452e-01
1.857804507017135620e-01
1.857645064592361450e-01
1.857485175132751465e-01
1.857334971427917480e-01
1.857174485921859741e-01
1.857013702392578125e-01
1.856855899095535278e-01
1.856695711612701416e-01
1.856542974710464478e-01
1.856387853622436523e-01
1.856228262186050415e-01
1.856068968772888184e-01
1.855912357568740845e-01
1.855754405260086060e-01
1.855598241090774536e-01
1.855454891920089722e-01
1.855287700891494751e-01
1.855135411024093628e-01
1.854977011680603027e-01
1.854822337627410889e-01
1.854664683341979980e-01
1.854512244462966919e-01
1.854353696107864380e-01
1.854202300310134888e-01
1.854037046432495117e-01
1.853886991739273071e-01
1.853731572628021240e-01
1.853573918342590332e-01
1.853419840335845947e-01
1.853269785642623901e-01
1.853109300136566162e-01
1.852958053350448608e-01
1.852810531854629517e-01
1.852650493383407593e-01
1.852490454912185669e-01
1.852340102195739746e-01
1.852186322212219238e-01
1.852031946182250977e-01
1.851881593465805054e-01
1.851722002029418945e-01
1.851575225591659546e-01
1.851422637701034546e-01
1.851257085800170898e-01
1.851108223199844360e-01
1.850964128971099854e-01
1.850802749395370483e-01
1.850661337375640869e-01
1.850501298904418945e-01
1.850345283746719360e-01
1.850194931030273438e-01
1.850041747093200684e-01
1.849887222051620483e-01
1.849731206893920898e-01
1.849584728479385376e-01
1.849436759948730469e-01
1.849272847175598145e-01
1.849125623703002930e-01
1.848970800638198853e-01
1.848823726177215576e-01
1.848669499158859253e-01
1.848517954349517822e-01
1.848364621400833130e-01
1.848216205835342407e-01
1.848061978816986084e-01
1.847908049821853638e-01
1.847763806581497192e-01
1.847612261772155762e-01
1.847461909055709839e-01
1.847316920757293701e-01
1.847160756587982178e-01
1.847007125616073608e-01
1.846850365400314331e-01
1.846698224544525146e-01
1.846551299095153809e-01
1.846407651901245117e-01
1.846257001161575317e-01
1.846102476119995117e-01
1.845947802066802979e-01
1.845790445804595947e-01
1.845649331808090210e-01
1.845495402812957764e-01
1.845350265502929688e-01
1.845199465751647949e-01
1.845050007104873657e-01
1.844898611307144165e-01
1.844747662544250488e-01
1.844597309827804565e-01
1.844449639320373535e-01
1.844298392534255981e-01
1.844140440225601196e-01
1.843996047973632812e-01
1.843846440315246582e-01
1.843695193529129028e-01
1.843550354242324829e-01
1.843395233154296875e-01
1.843244433403015137e-01
1.843094825744628906e-01
1.842952370643615723e-01
1.842797398567199707e-01
1.842652559280395508e-01
1.842505633831024170e-01
1.842351853847503662e-01
1.842205077409744263e-01
1.842062622308731079e-01
1.841906160116195679e-01
1.841763108968734741e-01
1.841606497764587402e-01
1.841455101966857910e-01
1.841316968202590942e-01
1.841157376766204834e-01
1.841014325618743896e-01
1.840860694646835327e-01
1.840713173151016235e-01
1.840567588806152344e-01
1.840420216321945190e-01
1.840266734361648560e-01
1.840122789144515991e-01
1.839977651834487915e-01
1.839826703071594238e-01
1.839678734540939331e-01
1.839531362056732178e-01
1.839383244514465332e-01
1.839236766099929810e-01
1.839086711406707764e-01
1.838940083980560303e-01
1.838793754577636719e-01
1.838652044534683228e-01
1.838497221469879150e-01
1.838351637125015259e-01
1.838201731443405151e-01
1.838052868843078613e-01
1.837906241416931152e-01
1.837767064571380615e-01
1.837612986564636230e-01
1.837459355592727661e-01
1.837321221828460693e-01
1.837169080972671509e-01
1.837017834186553955e-01
1.836878359317779541e-01
1.836732476949691772e-01
1.836575269699096680e-01
1.836427897214889526e-01
1.836283355951309204e-01
1.836132407188415527e-01
1.835983395576477051e-01
1.835841536521911621e-01
1.835688203573226929e-01
1.835549175739288330e-01
1.835404336452484131e-01
1.835253089666366577e-01
1.835108548402786255e-01
1.834961175918579102e-01
1.834811568260192871e-01
1.834667176008224487e-01
1.834522187709808350e-01
1.834373325109481812e-01
1.834216564893722534e-01
1.834077388048171997e-01
1.833930909633636475e-01
1.833784729242324829e-01
1.833635866641998291e-01
1.833490431308746338e-01
1.833342313766479492e-01
1.833195835351943970e-01
1.833047866821289062e-01
1.832908093929290771e-01
1.832761019468307495e-01
1.832609176635742188e-01
1.832461357116699219e-01
1.832318902015686035e-01
1.832169890403747559e-01
1.832027882337570190e-01
1.831883639097213745e-01
1.831732541322708130e-01
1.831588298082351685e-01
1.831446141004562378e-01
1.831298768520355225e-01
1.831151396036148071e-01
1.831008791923522949e-01
1.830859333276748657e-01
1.830708682537078857e-01
1.830571889877319336e-01
1.830417811870574951e-01
1.830278038978576660e-01
1.830126792192459106e-01
1.829979717731475830e-01
1.829832643270492554e-01
1.829693764448165894e-01
1.829541027545928955e-01
1.829398125410079956e-01
1.829251348972320557e-01
1.829108297824859619e-01
1.828960478305816650e-01
1.828817874193191528e-01
1.828665882349014282e-01
1.828522831201553345e-01
1.828378140926361084e-01
1.828226298093795776e-01
1.828089207410812378e-01
1.827938407659530640e-01
1.827788501977920532e-01
1.827652901411056519e-01
1.827506273984909058e-01
1.827361732721328735e-01
1.827216297388076782e-01
1.827070564031600952e-01
1.826920658349990845e-01
1.826774179935455322e-01
1.826624423265457153e-01
1.826484650373458862e-01
1.826344132423400879e-01
1.826190203428268433e-01
1.826054006814956665e-01
1.825900673866271973e-01
1.825759559869766235e-01
1.825609356164932251e-01
1.825467646121978760e-01
1.825317442417144775e-01
1.825172454118728638e-01
1.825025379657745361e-01
1.824878901243209839e-01
1.824740916490554810e-01
1.824597865343093872e-01
1.824441850185394287e-01
1.824299991130828857e-01
1.824155300855636597e-01
1.824012696743011475e-01
1.823862493038177490e-01
1.823714226484298706e-01
1.823577135801315308e-01
1.823429614305496216e-01
1.823283582925796509e-01
1.823135167360305786e-01
1.822993308305740356e-01
1.822848767042160034e-01
1.822701394557952881e-01
1.822556704282760620e-01
1.822405010461807251e-01
1.822268366813659668e-01
1.822123378515243530e-01
1.821976453065872192e-01
1.821828335523605347e-01
1.821682155132293701e-01
1.821539103984832764e-01
1.821395456790924072e-01
1.821249723434448242e-01
1.821102499961853027e-01
1.820953339338302612e-01
1.820814013481140137e-01
1.820665746927261353e-01
1.820527017116546631e-01
1.820369958877563477e-01
1.820235103368759155e-01
1.820082813501358032e-01
1.819943785667419434e-01
1.819793879985809326e-01
1.819652318954467773e-01
1.819506138563156128e-01
1.819360554218292236e-01
1.819216310977935791e-01
1.819067746400833130e-01
1.818926632404327393e-01
1.818773150444030762e-01
1.818633973598480225e-01
1.818483918905258179e-01
1.818335354328155518e-01
1.818190962076187134e-01
1.818042546510696411e-01
1.817910522222518921e-01
1.817762404680252075e-01
1.817612051963806152e-01
1.817467510700225830e-01
1.817317456007003784e-01
1.817184835672378540e-01
1.817035079002380371e-01
1.816889941692352295e-01
1.816741228103637695e-01
1.816598922014236450e-01
1.816456913948059082e-01
1.816308051347732544e-01
1.816154718399047852e-01
1.816010028123855591e-01
1.815869510173797607e-01
1.815723180770874023e-01
1.815580129623413086e-01
1.815434992313385010e-01
1.815286576747894287e-01
1.815142631530761719e-01
1.815002113580703735e-01
1.814851015806198120e-01
1.814698278903961182e-01
1.814560145139694214e-01
1.814414858818054199e-01
1.814267486333847046e-01
1.814121007919311523e-01
1.813975870609283447e-01
1.813832670450210571e-01
1.813687086105346680e-01
1.813537180423736572e-01
1.813396215438842773e-01
1.813246905803680420e-01
1.813097745180130005e-01
1.812960803508758545e-01
1.812814772129058838e-01
1.812669932842254639e-01
1.812518686056137085e-01
1.812376230955123901e-01
1.812226474285125732e-01
1.812084615230560303e-01
1.811939030885696411e-01
1.811789572238922119e-01
1.811642050743103027e-01
1.811496913433074951e-01
1.811349838972091675e-01
1.811209619045257568e-01
1.811062246561050415e-01
1.810918450355529785e-01
1.810774356126785278e-01
1.810621321201324463e-01
1.810479313135147095e-01
1.810332834720611572e-01
1.810185015201568604e-01
1.810035109519958496e-01
1.809892505407333374e-01
1.809744238853454590e-01
1.809595674276351929e-01
1.809451878070831299e-01
1.809308677911758423e-01
1.809155642986297607e-01
1.809016466140747070e-01
1.808868199586868286e-01
1.808727234601974487e-01
1.808569878339767456e-01
1.808425784111022949e-01
1.808286309242248535e-01
1.808135807514190674e-01
1.807990670204162598e-01
1.807842701673507690e-01
1.807700395584106445e-01
1.807551532983779907e-01
1.807402074337005615e-01
1.807256489992141724e-01
1.807105839252471924e-01
1.806966215372085571e-01
1.806823164224624634e-01
1.806672215461730957e-01
1.806531399488449097e-01
1.806376874446868896e-01
1.806228309869766235e-01
1.806082576513290405e-01
1.805927455425262451e-01
1.805798709392547607e-01
1.805647462606430054e-01
1.805499643087387085e-01
1.805349290370941162e-01
1.805205792188644409e-01
1.805063784122467041e-01
1.804911047220230103e-01
1.804772019386291504e-01
1.804618090391159058e-01
1.804470121860504150e-01
1.804323047399520874e-01
1.804171800613403320e-01
1.804029494524002075e-01
1.803885996341705322e-01
1.803740113973617554e-01
1.803585290908813477e-01
1.803436875343322754e-01
1.803293079137802124e-01
1.803141981363296509e-01
1.802997738122940063e-01
1.802849173545837402e-01
1.802696436643600464e-01
1.802559494972229004e-01
1.802405864000320435e-01
1.802253872156143188e-01
1.802114248275756836e-01
1.801964938640594482e-01
1.801819354295730591e-01
1.801664680242538452e-01
1.801524609327316284e-01
1.801370233297348022e-01
1.801223158836364746e-01
1.801075935363769531e-01
1.800930351018905640e-01
1.800776124000549316e-01
1.800632327795028687e-01
1.800480782985687256e-01
1.800345033407211304e-01
1.800191700458526611e-01
1.800045073032379150e-01
1.799893230199813843e-01
1.799747496843338013e-01
1.799590289592742920e-01
1.799441725015640259e-01
1.799301356077194214e-01
1.799151599407196045e-01
1.799001842737197876e-01
1.798856854438781738e-01
1.798710972070693970e-01
1.798555701971054077e-01
1.798405498266220093e-01
1.798256337642669678e-01
1.798114776611328125e-01
1.797960996627807617e-01
1.797818988561630249e-01
1.797664761543273926e-01
1.797515302896499634e-01
1.797369420528411865e-01
1.797212064266204834e-01
1.797070056200027466e-01
1.796914935111999512e-01
1.796773076057434082e-01
1.796620935201644897e-01
1.796471178531646729e-01
1.796320974826812744e-01
1.796173602342605591e-01
1.796021610498428345e-01
1.795873045921325684e-01
1.795732527971267700e-01
1.795577257871627808e-01
1.795428395271301270e-01
1.795282959938049316e-01
1.795130372047424316e-01
1.794979125261306763e-01
1.794825047254562378e-01
1.794674098491668701e-01
1.794524937868118286e-01
1.794375628232955933e-01
1.794228404760360718e-01
1.794077754020690918e-01
1.793929338455200195e-01
1.793777346611022949e-01
1.793631315231323242e-01
1.793477237224578857e-01
1.793330013751983643e-01
1.793174147605895996e-01
1.793020963668823242e-01
1.792874485254287720e-01
1.792719662189483643e-01
1.792578697204589844e-01
1.792423427104949951e-01
1.792272776365280151e-01
1.792123615741729736e-01
1.791974306106567383e-01
1.791820973157882690e-01
1.791663765907287598e-01
1.791521012783050537e-01
1.791370064020156860e-01
1.791217029094696045e-01
1.791066527366638184e-01
1.790909916162490845e-01
1.790764033794403076e-01
1.790609806776046753e-01
1.790462136268615723e-01
1.790313869714736938e-01
1.790156811475753784e-01
1.790001094341278076e-01
1.789847314357757568e-01
1.789702773094177246e-01
1.789554357528686523e-01
1.789400130510330200e-01
1.789243072271347046e-01
1.789089739322662354e-01
1.788942664861679077e-01
1.788783520460128784e-01
1.788637191057205200e-01
1.788495182991027832e-01
1.788329929113388062e-01
1.788181066513061523e-01
1.788025647401809692e-01
1.787881404161453247e-01
1.787720471620559692e-01
1.787572354078292847e-01
1.787415146827697754e-01
1.787261813879013062e-01
1.787109822034835815e-01
1.786963045597076416e-01
1.786801218986511230e-01
1.786642521619796753e-01
1.786496788263320923e-01
1.786345541477203369e-01
1.786181628704071045e-01
1.786031275987625122e-01
1.785880029201507568e-01
1.785732060670852661e-01
1.785578131675720215e-01
1.785421520471572876e-01
1.785263121128082275e-01
1.785108894109725952e-01
1.784959286451339722e-01
1.784808188676834106e-01
1.784644573926925659e-01
1.784495115280151367e-01
1.784345060586929321e-01
1.784182041883468628e-01
1.784031242132186890e-01
1.783876866102218628e-01
1.783718615770339966e-01
1.783559024333953857e-01
1.783403456211090088e-01
1.783243566751480103e-01
1.783096343278884888e-01
1.782943159341812134e-01
1.782787293195724487e-01
1.782632321119308472e-01
1.782473176717758179e-01
1.782317161560058594e-01
1.782161295413970947e-01
1.782003790140151978e-01
1.781851798295974731e-01
1.781692653894424438e-01
1.781537681818008423e-01
1.781384795904159546e-01
1.781229078769683838e-01
1.781067997217178345e-01
1.780912429094314575e-01
1.780755966901779175e-01
1.780596524477005005e-01
1.780445426702499390e-01
1.780286580324172974e-01
1.780125796794891357e-01
1.779964119195938110e-01
1.779807657003402710e-01
1.779651641845703125e-01
1.779499948024749756e-01
1.779335737228393555e-01
1.779183447360992432e-01
1.779018193483352661e-01
1.778855323791503906e-01
1.778700649738311768e-01
1.778550595045089722e-01
1.778388172388076782e-01
1.778229326009750366e-01
1.778066754341125488e-01
1.777908205986022949e-01
1.777747720479965210e-01
1.777593493461608887e-01
1.777433156967163086e-01
1.777273565530776978e-01
1.777110844850540161e-01
1.776948869228363037e-01
1.776785850524902344e-01
1.776639372110366821e-01
1.776466369628906250e-01
1.776310801506042480e-01
1.776147037744522095e-01
1.775987595319747925e-01
1.775825172662734985e-01
1.775666177272796631e-01
1.775504648685455322e-01
1.775341033935546875e-01
1.775187551975250244e-01
1.775020956993103027e-01
1.774856746196746826e-01
1.774695962667465210e-01
1.774539351463317871e-01
1.774368286132812500e-01
1.774211823940277100e-01
1.774042546749114990e-01
1.773882806301116943e-01
1.773720383644104004e-01
1.773556917905807495e-01
1.773393601179122925e-01
1.773226410150527954e-01
1.773070842027664185e-01
1.772894859313964844e-01
1.772738248109817505e-01
1.772567778825759888e-01
1.772406995296478271e-01
1.772247105836868286e-01
1.772078275680541992e-01
1.771911978721618652e-01
1.771746128797531128e-01
1.771586239337921143e-01
1.771417409181594849e-01
1.771249920129776001e-01
1.771089732646942139e-01
1.770917177200317383e-01
1.770748645067214966e-01
1.770583689212799072e-01
1.770419180393218994e-01
1.770245581865310669e-01
1.770080924034118652e-01
1.769910007715225220e-01
1.769744157791137695e-01
1.769576817750930786e-01
1.769408583641052246e-01
1.769245564937591553e-01
1.769075840711593628e-01
1.768905073404312134e-01
1.768735498189926147e-01
1.768564432859420776e-01
1.768396943807601929e-01
1.768228411674499512e-01
1.768062561750411987e-01
1.767894029617309570e-01
1.767714917659759521e-01
1.767550408840179443e-01
1.767374575138092041e-01
1.767204254865646362e-01
1.767032742500305176e-01
1.766867637634277344e-01
1.766687631607055664e-01
1.766524165868759155e-01
1.766350120306015015e-01
1.766174733638763428e-01
1.766001284122467041e-01
1.765831708908081055e-01
1.765657067298889160e-01
1.765486299991607666e-01
1.765313744544982910e-01
1.765142083168029785e-01
1.764964312314987183e-01
1.764787882566452026e-01
1.764612793922424316e-01
1.764442622661590576e-01
1.764263510704040527e-01
1.764087229967117310e-01
1.763912141323089600e-01
1.763734370470046997e-01
1.763566434383392334e-01
1.763386130332946777e-01
1.763208359479904175e-01
1.763034462928771973e-01
1.762862354516983032e-01
1.762681603431701660e-01
1.762500256299972534e-01
1.762325316667556763e-01
1.762145757675170898e-01
1.761973798274993896e-01
1.761787235736846924e-01
1.761612296104431152e-01
1.761442422866821289e-01
1.761258542537689209e-01
1.761076748371124268e-01
1.760901808738708496e-01
1.760713011026382446e-01
1.760542690753936768e-01
1.760359704494476318e-01
1.760182380676269531e-01
1.759995669126510620e-01
1.759821474552154541e-01
1.759638190269470215e-01
1.759459376335144043e-01
1.759269833564758301e-01
1.759097278118133545e-01
1.758917570114135742e-01
1.758735626935958862e-01
1.758549809455871582e-01
1.758362203836441040e-01
1.758193075656890869e-01
1.758006215095520020e-01
1.757822036743164062e-01
1.757643818855285645e-01
1.757464259862899780e-01
1.757280230522155762e-01
1.757097691297531128e-01
1.756910681724548340e-01
1.756729483604431152e-01
1.756546795368194580e-01
1.756360232830047607e-01
1.756177097558975220e-01
1.755996495485305786e-01
1.755804568529129028e-01
1.755624413490295410e-01
1.755441725254058838e-01
1.755260080099105835e-01
1.755067706108093262e-01
1.754884570837020874e-01
1.754706501960754395e-01
1.754525601863861084e-01
1.754334121942520142e-01
1.754146516323089600e-01
1.753965020179748535e-01
1.753775626420974731e-01
1.753590404987335205e-01
1.753405630588531494e-01
1.753225177526473999e-01
1.753039211034774780e-01
1.752847433090209961e-01
1.752664446830749512e-01
1.752488017082214355e-01
1.752289384603500366e-01
1.752109974622726440e-01
1.751923561096191406e-01
1.751740574836730957e-01
1.751554161310195923e-01
1.751371771097183228e-01
1.751182228326797485e-01
1.750993132591247559e-01
1.750811338424682617e-01
1.750626415014266968e-01
1.750431656837463379e-01
1.750250756740570068e-01
1.750066876411437988e-01
1.749883443117141724e-01
1.749688684940338135e-01
1.749500781297683716e-01
1.749317944049835205e-01
1.749133914709091187e-01
1.748946160078048706e-01
1.748758256435394287e-01
1.748572289943695068e-01
1.748382598161697388e-01
1.748201549053192139e-01
1.748011559247970581e-01
1.747824698686599731e-01
1.747642904520034790e-01
1.747454106807708740e-01
1.747267842292785645e-01
1.747080087661743164e-01
1.746892482042312622e-01
1.746706366539001465e-01
1.746521890163421631e-01
1.746332794427871704e-01
1.746144145727157593e-01
1.745957881212234497e-01
1.745780557394027710e-01
1.745588928461074829e-01
1.745393127202987671e-01
1.745211482048034668e-01
1.745022386312484741e-01
1.744838654994964600e-01
1.744652390480041504e-01
1.744459569454193115e-01
1.744268387556076050e-01
1.744087040424346924e-01
1.743896603584289551e-01
1.743704825639724731e-01
1.743524968624114990e-01
1.743336468935012817e-01
1.743144541978836060e-01
1.742959618568420410e-01
1.742768287658691406e-01
1.742587834596633911e-01
1.742389649152755737e-01
1.742206066846847534e-01
1.742022931575775146e-01
1.741825044155120850e-01
1.741643697023391724e-01
1.741454899311065674e-01
1.741259992122650146e-01
1.741071343421936035e-01
1.740884631872177124e-01
1.740698218345642090e-01
1.740510612726211548e-01
1.740319281816482544e-01
1.740130931138992310e-01
1.739945411682128906e-01
1.739754229784011841e-01
1.739561408758163452e-01
1.739373058080673218e-01
1.739186048507690430e-01
1.738988459110260010e-01
1.738799065351486206e-01
1.738609671592712402e-01
1.738422363996505737e-01
1.738230139017105103e-01
1.738042086362838745e-01
1.737846136093139648e-01
1.737651824951171875e-01
1.737466752529144287e-01
1.737278699874877930e-01
1.737087219953536987e-01
1.736890822649002075e-01
1.736704409122467041e-01
1.736516058444976807e-01
1.736316233873367310e-01
1.736127734184265137e-01
1.735942661762237549e-01
1.735742986202239990e-01
1.735551953315734863e-01
1.735362261533737183e-01
1.735169291496276855e-01
1.734978109598159790e-01
1.734780371189117432e-01
1.734597384929656982e-01
1.734391003847122192e-01
1.734203398227691650e-01
1.734010279178619385e-01
1.733815073966979980e-01
1.733623147010803223e-01
1.733426153659820557e-01
1.733230203390121460e-01
1.733037978410720825e-01
1.732842773199081421e-01
1.732648909091949463e-01
1.732454746961593628e-01
1.732261627912521362e-01
1.732069998979568481e-01
1.731872409582138062e-01
1.731673479080200195e-01
1.731477379798889160e-01
1.731280833482742310e-01
1.731088459491729736e-01
1.730887293815612793e-01
1.730696558952331543e-01
1.730490177869796753e-01
1.730300933122634888e-01
1.730098128318786621e-01
1.729900389909744263e-01
1.729705631732940674e-01
1.729506701231002808e-01
1.729305982589721680e-01
1.729117333889007568e-01
1.728914827108383179e-01
1.728712469339370728e-01
1.728516072034835815e-01
1.728317588567733765e-01
1.728115528821945190e-01
1.727915406227111816e-01
1.727718561887741089e-01
1.727515757083892822e-01
1.727315485477447510e-01
1.727118939161300659e-01
1.726916432380676270e-01
1.726720780134201050e-01
1.726514101028442383e-01
1.726318299770355225e-01
1.726112514734268188e-01
1.725915521383285522e-01
1.725711822509765625e-01
1.725509464740753174e-01
1.725302338600158691e-01
1.725106686353683472e-01
1.724904775619506836e-01
1.724693179130554199e-01
1.724496334791183472e-01
1.724291294813156128e-01
1.724092811346054077e-01
1.723880022764205933e-01
1.723680645227432251e-01
1.723479777574539185e-01
1.723272353410720825e-01
1.723073124885559082e-01
1.722867637872695923e-01
1.722657233476638794e-01
1.722449064254760742e-01
1.722252964973449707e-01
1.722048521041870117e-01
1.721842437982559204e-01
1.721640825271606445e-01
1.721432358026504517e-01
1.721225529909133911e-01
1.721023768186569214e-01
1.720815300941467285e-01
1.720613241195678711e-01
1.720403432846069336e-01
1.720197051763534546e-01
1.719994992017745972e-01
1.719788312911987305e-01
1.719583868980407715e-01
1.719377934932708740e-01
1.719163507223129272e-01
1.718959808349609375e-01
1.718756705522537231e-01
1.718548536300659180e-01
1.718342006206512451e-01
1.718133687973022461e-01
1.717930287122726440e-01
1.717720925807952881e-01
1.717518568038940430e-01
1.717314273118972778e-01
1.717105060815811157e-01
1.716895997524261475e-01
1.716693937778472900e-01
1.716480702161788940e-01
1.716271042823791504e-01
1.716065257787704468e-01
1.715863794088363647e-01
1.715654134750366211e-01
1.715442836284637451e-01
1.715243160724639893e-01
1.715038418769836426e-01
1.714827418327331543e-01
1.714620590209960938e-01
1.714421063661575317e-01
1.714210361242294312e-01
1.714001595973968506e-01
1.713795661926269531e-01
1.713591367006301880e-01
1.713380962610244751e-01
1.713182032108306885e-01
1.712972074747085571e-01
1.712769865989685059e-01
1.712564975023269653e-01
1.712353378534317017e-01
1.712151318788528442e-01
1.711944639682769775e-01
1.711740493774414062e-01
1.711533963680267334e-01
1.711324751377105713e-01
1.711124181747436523e-01
1.710920780897140503e-01
1.710713356733322144e-01
1.710508465766906738e-01
1.710303276777267456e-01
1.710100322961807251e-01
1.709902435541152954e-01
1.709690839052200317e-01
1.709489673376083374e-01
1.709288805723190308e-01
1.709081977605819702e-01
1.708874702453613281e-01
1.708677709102630615e-01
1.708482950925827026e-01
1.708278805017471313e-01
1.708074957132339478e-01
1.707870066165924072e-01
1.707666516304016113e-01
1.707464754581451416e-01
1.707263439893722534e-01
1.707063615322113037e-01
1.706861555576324463e-01
1.706663072109222412e-01
1.706461757421493530e-01
1.706249415874481201e-01
1.706058084964752197e-01
1.705857217311859131e-01
1.705653816461563110e-01
1.705460697412490845e-01
1.705256104469299316e-01
1.705062091350555420e-01
1.704856306314468384e-01
1.704663783311843872e-01
1.704454421997070312e-01
1.704261600971221924e-01
1.704060882329940796e-01
1.703864634037017822e-01
1.703670173883438110e-01
1.703472137451171875e-01
1.703269928693771362e-01
1.703076362609863281e-01
1.702874898910522461e-01
1.702683866024017334e-01
1.702484488487243652e-01
1.702290475368499756e-01
1.702094823122024536e-01
1.701896488666534424e-01
1.701709777116775513e-01
1.701510399580001831e-01
1.701316237449645996e-01
1.701120436191558838e-01
1.700925379991531372e-01
1.700734943151473999e-01
1.700545549392700195e-01
1.700350642204284668e-01
1.700154542922973633e-01
1.699968278408050537e-01
1.699776202440261841e-01
1.699581742286682129e-01
1.699395626783370972e-01
1.699203997850418091e-01
1.699015647172927856e-01
1.698826551437377930e-01
1.698635518550872803e-01
1.698448210954666138e-01
1.698253601789474487e-01
1.698069125413894653e-01
1.697887778282165527e-01
1.697693318128585815e-01
1.697509884834289551e-01
1.697327792644500732e-01
1.697145849466323853e-01
1.696950346231460571e-01
1.696771681308746338e-01
1.696584820747375488e-01
1.696401834487915039e-01
1.696220040321350098e-01
1.696036010980606079e-01
1.695850938558578491e-01
1.695671975612640381e-01
1.695491671562194824e-01
1.695309430360794067e-01
1.695127338171005249e-01
1.694951057434082031e-01
1.694771200418472290e-01
1.694590598344802856e-01
1.694411337375640869e-01
1.694233119487762451e-01
1.694053411483764648e-01
1.693880856037139893e-01
1.693701744079589844e-01
1.693522334098815918e-01
1.693345606327056885e-01
1.693170368671417236e-01
1.692992448806762695e-01
1.692820936441421509e-01
1.692640930414199829e-01
1.692464947700500488e-01
1.692294627428054810e-01
1.692125201225280762e-01
1.691953539848327637e-01
1.691780537366867065e-01
1.691609174013137817e-01
1.691435873508453369e-01
1.691264510154724121e-01
1.691092550754547119e-01
1.690924018621444702e-01
1.690749526023864746e-01
1.690584719181060791e-01
1.690409779548645020e-01
1.690244823694229126e-01
1.690071076154708862e-01
1.689908653497695923e-01
1.689738333225250244e-01
1.689573228359222412e-01
1.689406931400299072e-01
1.689234673976898193e-01
1.689069420099258423e-01
1.688909083604812622e-01
1.688740104436874390e-01
1.688572317361831665e-01
1.688408404588699341e-01
1.688245534896850586e-01
1.688075512647628784e-01
1.687912046909332275e-01
1.687750667333602905e-01
1.687584817409515381e-01
1.687424480915069580e-01
1.687261611223220825e-01
1.687098294496536255e-01
1.686934828758239746e-01
1.686776727437973022e-01
1.686611324548721313e-01
1.686450988054275513e-01
1.686287522315979004e-01
1.686130464076995850e-01
1.685969233512878418e-01
1.685808748006820679e-01
1.685652285814285278e-01
1.685486435890197754e-01
1.685330569744110107e-01
1.685170233249664307e-01
1.685011088848114014e-01
1.684859395027160645e-01
1.684696078300476074e-01
1.684536337852478027e-01
1.684381812810897827e-01
1.684225052595138550e-01
1.684064269065856934e-01
1.683908849954605103e-01
1.683751642704010010e-01
1.683594286441802979e-01
1.683439463376998901e-01
1.683286875486373901e-01
1.683130860328674316e-01
1.682966947555541992e-01
1.682814210653305054e-01
1.682657748460769653e-01
1.682506203651428223e-01
1.682352572679519653e-01
1.682199984788894653e-01
1.682045906782150269e-01
1.681894361972808838e-01
1.681734621524810791e-01
1.681584566831588745e-01
1.681435257196426392e-01
1.681275963783264160e-01
1.681132763624191284e-01
1.680973768234252930e-01
1.680822223424911499e-01
1.680670529603958130e-01
1.680515855550765991e-01
1.680367439985275269e-01
1.680216193199157715e-01
1.680057942867279053e-01
1.679908633232116699e-01
1.679757535457611084e-01
1.679612100124359131e-01
1.679458469152450562e-01
1.679309904575347900e-01
1.679155975580215454e-01
1.679006516933441162e-01
1.678857207298278809e-01
1.678711920976638794e-01
1.678558290004730225e-01
1.678410321474075317e-01
1.678261905908584595e-01
1.678113192319869995e-01
1.677964776754379272e-01
1.677816063165664673e-01
1.677672266960144043e-01
1.677521169185638428e-01
1.677369177341461182e-01
1.677219420671463013e-01
1.677072495222091675e-01
1.676924377679824829e-01
1.676773428916931152e-01
1.676630377769470215e-01
1.676490902900695801e-01
1.676339209079742432e-01
1.676189005374908447e-01
1.676044464111328125e-01
1.675899177789688110e-01
1.675755828619003296e-01
1.675603985786437988e-01
1.675460040569305420e-01
1.675317585468292236e-01
1.675170660018920898e-01
1.675028353929519653e-01
1.674878746271133423e-01
1.674736589193344116e-01
1.674588769674301147e-01
1.674445867538452148e-01
1.674300432205200195e-01
1.674158126115798950e-01
1.674009859561920166e-01
1.673866659402847290e-01
1.673726141452789307e-01
1.673576533794403076e-01
1.673433482646942139e-01
1.673282831907272339e-01
1.673144549131393433e-01
1.673000901937484741e-01
1.672857701778411865e-01
1.672716140747070312e-01
1.672580391168594360e-01
1.672432869672775269e-01
1.672287434339523315e-01
1.672140061855316162e-01
1.672000139951705933e-01
1.671859771013259888e-01
1.671719700098037720e-01
1.671575307846069336e-01
1.671430617570877075e-01
1.671294420957565308e-01
1.671142727136611938e-01
1.671005040407180786e-01
1.670859307050704956e-01
1.670720279216766357e-01
1.670575737953186035e-01
1.670438200235366821e-01
1.670300364494323730e-01
1.670154631137847900e-01
1.670011579990386963e-01
1.669869869947433472e-01
1.669729948043823242e-01
1.669594794511795044e-01
1.669452488422393799e-01
1.669306010007858276e-01
1.669167131185531616e-01
1.669028848409652710e-01
1.668890118598937988e-01
1.668744534254074097e-01
1.668605804443359375e-01
1.668461412191390991e-01
1.668326705694198608e-01
1.668186038732528687e-01
1.668045669794082642e-01
1.667904704809188843e-01
1.667772680521011353e-01
1.667626351118087769e-01
1.667486429214477539e-01
1.667351573705673218e-01
1.667210906744003296e-01
1.667069792747497559e-01
1.666929572820663452e-01
1.666793972253799438e-01
1.666648685932159424e-01
1.666517704725265503e-01
1.666367202997207642e-01
1.666231006383895874e-01
1.666091382503509521e-01
1.665955334901809692e-01
1.665818989276885986e-01
1.665678620338439941e-01
1.665533781051635742e-01
1.665402948856353760e-01
1.665263921022415161e-01
1.665120720863342285e-01
1.664987057447433472e-01
1.664852648973464966e-01
1.664704531431198120e-01
1.664567887783050537e-01
1.664429903030395508e-01
1.664294302463531494e-01
1.664154678583145142e-01
1.664015948772430420e-01
1.663878560066223145e-01
1.663745939731597900e-01
1.663601994514465332e-01
1.663469523191452026e-01
1.663325726985931396e-01
1.663190722465515137e-01
1.663054823875427246e-01
1.662914603948593140e-01
1.662776321172714233e-01
1.662639677524566650e-01
1.662502735853195190e-01
1.662368774414062500e-01
1.662227064371109009e-01
1.662092208862304688e-01
1.661949604749679565e-01
1.661815494298934937e-01
1.661680787801742554e-01
1.661542356014251709e-01
1.661400198936462402e-01
1.661270111799240112e-01
1.661131531000137329e-01
1.660995483398437500e-01
1.660854369401931763e-01
1.660717129707336426e-01
1.660582423210144043e-01
1.660446226596832275e-01
1.660306304693222046e-01
1.660174578428268433e-01
1.660037785768508911e-01
1.659902185201644897e-01
1.659765690565109253e-01
1.659628748893737793e-01
1.659484803676605225e-01
1.659355610609054565e-01
1.659220904111862183e-01
1.659085154533386230e-01
1.658952087163925171e-01
1.658821851015090942e-01
1.658681631088256836e-01
1.658546626567840576e-01
1.658410578966140747e-01
1.658265441656112671e-01
1.658120751380920410e-01
1.657979935407638550e-01
1.657842993736267090e-01
1.657702624797821045e-01
1.657566428184509277e-01
1.657433658838272095e-01
1.657293289899826050e-01
1.657163947820663452e-01
1.657026410102844238e-01
1.656887382268905640e-01
1.656747013330459595e-01
1.656613200902938843e-01
1.656477004289627075e-01
1.656334102153778076e-01
1.656199842691421509e-01
1.656057536602020264e-01
1.655922532081604004e-01
1.655786931514739990e-01
1.655645370483398438e-01
1.655510067939758301e-01
1.655379682779312134e-01
1.655240058898925781e-01
1.655103117227554321e-01
1.654967367649078369e-01
1.654821634292602539e-01
1.654689460992813110e-01
1.654546707868576050e-01
1.654414683580398560e-01
1.654277443885803223e-01
1.654139310121536255e-01
1.654003709554672241e-01
1.653864234685897827e-01
1.653725504875183105e-01
1.653587371110916138e-01
1.653450429439544678e-01
1.653315126895904541e-01
1.653170138597488403e-01
1.653039902448654175e-01
1.652898788452148438e-01
1.652768552303314209e-01
1.652623116970062256e-01
1.652488857507705688e-01
1.652349829673767090e-01
1.652210950851440430e-01
1.652076393365859985e-01
1.651934236288070679e-01
1.651802808046340942e-01
1.651657670736312866e-01
1.651522219181060791e-01
1.651381552219390869e-01
1.651245504617691040e-01
1.651100516319274902e-01
1.650965064764022827e-01
1.650828123092651367e-01
1.650684326887130737e-01
1.650557667016983032e-01
1.650412529706954956e-01
1.650272011756896973e-01
1.650135815143585205e-01
1.649993062019348145e-01
1.649864315986633301e-01
1.649719625711441040e-01
1.649580448865890503e-01
1.649444550275802612e-01
1.649299263954162598e-01
1.649164706468582153e-01
1.649021357297897339e-01
1.648883372545242310e-01
1.648745089769363403e-01
1.648603677749633789e-01
1.648465096950531006e-01
1.648323684930801392e-01
1.648187786340713501e-01
1.648038327693939209e-01
1.647896617650985718e-01
1.647764444351196289e-01
1.647616773843765259e-01
1.647484600543975830e-01
1.647342741489410400e-01
1.647193729877471924e-01
1.647051572799682617e-01
1.646921336650848389e-01
1.646771878004074097e-01
1.646640747785568237e-01
1.646492630243301392e-01
1.646355837583541870e-01
1.646212190389633179e-01
1.646070927381515503e-01
1.645931601524353027e-01
1.645787805318832397e-01
1.645647436380386353e-01
1.645505130290985107e-01
1.645361334085464478e-01
1.645216196775436401e-01
1.645074635744094849e-01
1.644937098026275635e-01
1.644791066646575928e-01
1.644648015499114990e-01
1.644506603479385376e-01
1.644367277622222900e-01
1.644225865602493286e-01
1.644079983234405518e-01
1.643938571214675903e-01
1.643793880939483643e-01
1.643650084733963013e-01
1.643506288528442383e-01
1.643366962671279907e-01
1.643223166465759277e-01
1.643076092004776001e-01
1.642931550741195679e-01
1.642787754535675049e-01
1.642642468214035034e-01
1.642502993345260620e-01
1.642357259988784790e-01
1.642211675643920898e-01
1.642064601182937622e-01
1.641922742128372192e-01
1.641779392957687378e-01
1.641632914543151855e-01
1.641488224267959595e-01
1.641338169574737549e-01
1.641195714473724365e-01
1.641049832105636597e-01
1.640907078981399536e-01
1.640757322311401367e-01
1.640610247850418091e-01
1.640466451644897461e-01
1.640322506427764893e-01
1.640171408653259277e-01
1.640031039714813232e-01
1.639886498451232910e-01
1.639735847711563110e-01
1.639597117900848389e-01
1.639454811811447144e-01
1.639317572116851807e-01
1.639173328876495361e-01
1.639034450054168701e-01
1.638886481523513794e-01
1.638742387294769287e-01
1.638588309288024902e-01
1.638430655002593994e-01
1.638274043798446655e-01
1.638108193874359131e-01
1.637955456972122192e-01
1.637808978557586670e-01
1.637669205665588379e-01
1.637524664402008057e-01
1.637377589941024780e-01
1.637229323387145996e-01
1.637070626020431519e-01
1.636915355920791626e-01
1.636764556169509888e-01
1.636613607406616211e-01
1.636460274457931519e-01
1.636313796043395996e-01
1.636167019605636597e-01
1.636009067296981812e-01
1.635863631963729858e-01
1.635708659887313843e-01
1.635558754205703735e-01
1.635406464338302612e-01
1.635250598192214966e-01
1.635102331638336182e-01
1.634949892759323120e-01
1.634795069694519043e-01
1.634644269943237305e-01
1.634494066238403320e-01
1.634344458580017090e-01
1.634184867143630981e-01
1.634035855531692505e-01
1.633883714675903320e-01
1.633728742599487305e-01
1.633579432964324951e-01
1.633421331644058228e-01
1.633265912532806396e-01
1.633111536502838135e-01
1.632962226867675781e-01
1.632798314094543457e-01
1.632643938064575195e-01
1.632492691278457642e-01
1.632341742515563965e-01
1.632180958986282349e-01
1.632030308246612549e-01
1.631868332624435425e-01
1.631710976362228394e-01
1.631556749343872070e-01
1.631405204534530640e-01
1.631239950656890869e-01
1.631087809801101685e-01
1.630928665399551392e-01
1.630778908729553223e-01
1.630617380142211914e-01
1.630455404520034790e-01
1.630297899246215820e-01
1.630143225193023682e-01
1.629986166954040527e-01
1.629826724529266357e-01
1.629673391580581665e-01
1.629514545202255249e-01
1.629347354173660278e-01
1.629188954830169678e-01
1.629032641649246216e-01
1.628867685794830322e-01
1.628712415695190430e-01
1.628548800945281982e-01
1.628389507532119751e-01
1.628227978944778442e-01
1.628069430589675903e-01
1.627902835607528687e-01
1.627747416496276855e-01
1.627587527036666870e-01
1.627425402402877808e-01
1.627258360385894775e-01
1.627101898193359375e-01
1.626934558153152466e-01
1.626766622066497803e-01
1.626611500978469849e-01
1.626447886228561401e-01
1.626283675432205200e-01
1.626121699810028076e-01
1.625957340002059937e-01
1.625791043043136597e-01
1.625631749629974365e-01
1.625467240810394287e-01
1.625301688909530640e-01
1.625136137008666992e-01
1.624967902898788452e-01
1.624805629253387451e-01
1.624642312526702881e-01
1.624478548765182495e-01
1.624309569597244263e-01
1.624147295951843262e-01
1.623975336551666260e-01
1.623807400465011597e-01
1.623640954494476318e-01
1.623469144105911255e-01
1.623306274414062500e-01
1.623141318559646606e-01
1.622972488403320312e-01
1.622807383537292480e-01
1.622639596462249756e-01
1.622470468282699585e-01
1.622302681207656860e-01
1.622135341167449951e-01
1.621966511011123657e-01
1.621790379285812378e-01
1.621624529361724854e-01
1.621456295251846313e-01
1.621284037828445435e-01
1.621111929416656494e-01
1.620941609144210815e-01
1.620776057243347168e-01
1.620601266622543335e-01
1.620429605245590210e-01
1.620257496833801270e-01
1.620087474584579468e-01
1.619916707277297974e-01
1.619747728109359741e-01
1.619573384523391724e-01
1.619397997856140137e-01
1.619230061769485474e-01
1.619060486555099487e-01
1.618883758783340454e-01
1.618713736534118652e-01
1.618534922599792480e-01
1.618366241455078125e-01
1.618191003799438477e-01
1.618016213178634644e-01
1.617846488952636719e-01
1.617672294378280640e-01
1.617493182420730591e-01
1.617323160171508789e-01
1.617150753736495972e-01
1.616977155208587646e-01
1.616793423891067505e-01
1.616623252630233765e-01
1.616443246603012085e-01
1.616270393133163452e-01
1.616096347570419312e-01
1.615918129682540894e-01
1.615741401910781860e-01
1.615570634603500366e-01
1.615394353866577148e-01
1.615218520164489746e-01
1.615045517683029175e-01
1.614868342876434326e-01
1.614698022603988647e-01
1.614514738321304321e-01
1.614339500665664673e-01
1.614166051149368286e-01
1.613985449075698853e-01
1.613810211420059204e-01
1.613635122776031494e-01
1.613464951515197754e-01
1.613285094499588013e-01
1.613116711378097534e-01
1.612944155931472778e-01
1.612770110368728638e-01
1.612589657306671143e-01
1.612415462732315063e-01
1.612242460250854492e-01
1.612066626548767090e-01
1.611885428428649902e-01
1.611701995134353638e-01
1.611520648002624512e-01
1.611336916685104370e-01
1.611158400774002075e-01
1.610980629920959473e-01
1.610805839300155640e-01
1.610627025365829468e-01
1.610455662012100220e-01
1.610285192728042603e-01
1.610106974840164185e-01
1.609935164451599121e-01
1.609749943017959595e-01
1.609571874141693115e-01
1.609394401311874390e-01
1.609215587377548218e-01
1.609034091234207153e-01
1.608864665031433105e-01
1.608687639236450195e-01
1.608517020940780640e-01
1.608338505029678345e-01
1.608164906501770020e-01
1.607991158962249756e-01
1.607810258865356445e-01
1.607636958360671997e-01
1.607462316751480103e-01
1.607287228107452393e-01
1.607116758823394775e-01
1.606942713260650635e-01
1.606767028570175171e-01
1.606595665216445923e-01
1.606418639421463013e-01
1.606246232986450195e-01
1.606073826551437378e-01
1.605899780988693237e-01
1.605726778507232666e-01
1.605552285909652710e-01
1.605381220579147339e-01
1.605208367109298706e-01
1.605035960674285889e-01
1.604866087436676025e-01
1.604690104722976685e-01
1.604520976543426514e-01
1.604353189468383789e-01
1.604176908731460571e-01
1.604009270668029785e-01
1.603841185569763184e-01
1.603673547506332397e-01
1.603505462408065796e-01
1.603330075740814209e-01
1.603167504072189331e-01
1.602993458509445190e-01
1.602827906608581543e-01
1.602663993835449219e-01
1.602491885423660278e-01
1.602326929569244385e-01
1.602157950401306152e-01
1.601993590593338013e-01
1.601829081773757935e-01
1.601659059524536133e-01
1.601495593786239624e-01
1.601329743862152100e-01
1.601161807775497437e-01
1.600997298955917358e-01
1.600829362869262695e-01
1.600664705038070679e-01
1.600508093833923340e-01
1.600345373153686523e-01
1.600178480148315430e-01
1.600010246038436890e-01
1.599853038787841797e-01
1.599695384502410889e-01
1.599527895450592041e-01
1.599368602037429810e-01
1.599208116531372070e-01
1.599043607711791992e-01
1.598881483078002930e-01
1.598730236291885376e-01
1.598560661077499390e-01
1.598404496908187866e-01
1.598242968320846558e-01
1.598085612058639526e-01
1.597934216260910034e-01
1.597768813371658325e-01
1.597612351179122925e-01
1.597454845905303955e-01
1.597296297550201416e-01
1.597139984369277954e-01
1.596982628107070923e-01
1.596833616495132446e-01
1.596680432558059692e-01
1.596520841121673584e-01
1.596366763114929199e-01
1.596216559410095215e-01
1.596056222915649414e-01
1.595905721187591553e-01
1.595752835273742676e-01
1.595604270696640015e-01
1.595449298620223999e-01
1.595293283462524414e-01
1.595144122838973999e-01
1.594990789890289307e-01
1.594841629266738892e-01
1.594692766666412354e-01
1.594530642032623291e-01
1.594387739896774292e-01
1.594234108924865723e-01
1.594090014696121216e-01
1.593939810991287231e-01
1.593788117170333862e-01
1.593642979860305786e-01
1.593489795923233032e-01
1.593347191810607910e-01
1.593201756477355957e-01
1.593051403760910034e-01
1.592902392148971558e-01
1.592763215303421021e-01
1.592612117528915405e-01
1.592480540275573730e-01
1.592328697443008423e-01
1.592187285423278809e-01
1.592047959566116333e-01
1.591905355453491211e-01
1.591759324073791504e-01
1.591619849205017090e-01
1.591474860906600952e-01
1.591326743364334106e-01
1.591185927391052246e-01
1.591031253337860107e-01
1.590888947248458862e-01
1.590746939182281494e-01
1.590601205825805664e-01
1.590461581945419312e-01
1.590314805507659912e-01
1.590180546045303345e-01
1.590038537979125977e-01
1.589895039796829224e-01
1.589761674404144287e-01
1.589621156454086304e-01
1.589479893445968628e-01
1.589346826076507568e-01
1.589202135801315308e-01
1.589064896106719971e-01
1.588918864727020264e-01
1.588787436485290527e-01
1.588645130395889282e-01
1.588513255119323730e-01
1.588376909494400024e-01
1.588237881660461426e-01
1.588100790977478027e-01
1.587965041399002075e-01
1.587829440832138062e-01
1.587694734334945679e-01
1.587558090686798096e-01
1.587425023317337036e-01
1.587285846471786499e-01
1.587155759334564209e-01
1.587024033069610596e-01
1.586887091398239136e-01
1.586753726005554199e-01
1.586617082357406616e-01
1.586488932371139526e-01
1.586349755525588989e-01
1.586218625307083130e-01
1.586089283227920532e-01
1.585955023765563965e-01
1.585824787616729736e-01
1.585696637630462646e-01
1.585560441017150879e-01
1.585430800914764404e-01
1.585297435522079468e-01
1.585168838500976562e-01
1.585035324096679688e-01
1.584901660680770874e-01
1.584782153367996216e-01
1.584650129079818726e-01
1.584513485431671143e-01
1.584384143352508545e-01
1.584258377552032471e-01
1.584125459194183350e-01
1.583998054265975952e-01
1.583872735500335693e-01
1.583743542432785034e-01
1.583614349365234375e-01
1.583482772111892700e-01
1.583357006311416626e-01
1.583234369754791260e-01
1.583105325698852539e-01
1.582972854375839233e-01
1.582845151424407959e-01
1.582718938589096069e-01
1.582591384649276733e-01
1.582467705011367798e-01
1.582342386245727539e-01
1.582215428352355957e-01
1.582090407609939575e-01
1.581967175006866455e-01
1.581837236881256104e-01
1.581713259220123291e-01
1.581588536500930786e-01
1.581465005874633789e-01
1.581334471702575684e-01
1.581207811832427979e-01
1.581089794635772705e-01
1.580967903137207031e-01
1.580846607685089111e-01
1.580722033977508545e-01
1.580600589513778687e-01
1.580478549003601074e-01
1.580356806516647339e-01
1.580235511064529419e-01
1.580116599798202515e-01
1.579992920160293579e-01
1.579873710870742798e-01
1.579746752977371216e-01
1.579623818397521973e-01
1.579497009515762329e-01
1.579375416040420532e-01
1.579250842332839966e-01
1.579124033451080322e-01
1.578996181488037109e-01
1.578876823186874390e-01
1.578754782676696777e-01
1.578631699085235596e-01
1.578502804040908813e-01
1.578390002250671387e-01
1.578266024589538574e-01
1.578149795532226562e-01
1.578026413917541504e-01
1.577907502651214600e-01
1.577779799699783325e-01
1.577661931514739990e-01
1.577550768852233887e-01
1.577420681715011597e-01
1.577301919460296631e-01
1.577184349298477173e-01
1.577065438032150269e-01
1.576946079730987549e-01
1.576826721429824829e-01
1.576701998710632324e-01
1.576587557792663574e-01
1.576466709375381470e-01
1.576349586248397827e-01
1.576224267482757568e-01
1.576109379529953003e-01
1.575986146926879883e-01
1.575869917869567871e-01
1.575746089220046997e-01
1.575627475976943970e-01
1.575513333082199097e-01
1.575393825769424438e-01
1.575279235839843750e-01
1.575160920619964600e-01
1.575038284063339233e-01
1.574915647506713867e-01
1.574808061122894287e-01
1.574688553810119629e-01
1.574569046497344971e-01
1.574448794126510620e-01
1.574331223964691162e-01
1.574216634035110474e-01
1.574098765850067139e-01
1.573982685804367065e-01
1.573862880468368530e-01
1.573746055364608765e-01
1.573626548051834106e-01
1.573507040739059448e-01
1.573391407728195190e-01
1.573271006345748901e-01
1.573159247636795044e-01
1.573038399219512939e-01
1.572924107313156128e-01
1.572802364826202393e-01
1.572685539722442627e-01
1.572570204734802246e-01
1.572452485561370850e-01
1.572341024875640869e-01
1.572221517562866211e-01
1.572101116180419922e-01
1.571987271308898926e-01
1.571866869926452637e-01
1.571749150753021240e-01
1.571635156869888306e-01
1.571523249149322510e-01
1.571402996778488159e-01
1.571289896965026855e-01
1.571170836687088013e-01
1.571049839258193970e-01
1.570934057235717773e-01
1.570822447538375854e-01
1.570706963539123535e-01
1.570584177970886230e-01
1.570469141006469727e-01
1.570347547531127930e-01
1.570231169462203979e-01
1.570121347904205322e-01
1.569997072219848633e-01
1.569884419441223145e-01
1.569766998291015625e-01
1.569643765687942505e-01
1.569536477327346802e-01
1.569419801235198975e-01
1.569298207759857178e-01
1.569185107946395874e-01
1.569075137376785278e-01
1.568957716226577759e-01
1.568842530250549316e-01
1.568730473518371582e-01
1.568610817193984985e-01
1.568499505519866943e-01
1.568396687507629395e-01
1.568279713392257690e-01
1.568170487880706787e-01
1.568060070276260376e-01
1.567939519882202148e-01
1.567818224430084229e-01
1.567690670490264893e-01
1.567554920911788940e-01
1.567427217960357666e-01
1.567304134368896484e-01
1.567192822694778442e-01
1.567078679800033569e-01
1.566969305276870728e-01
1.566852927207946777e-01
1.566734760999679565e-01
1.566609740257263184e-01
1.566482037305831909e-01
1.566361933946609497e-01
1.566241234540939331e-01
1.566125452518463135e-01
1.566008031368255615e-01
1.565892547369003296e-01
1.565777361392974854e-01
1.565656214952468872e-01
1.565527766942977905e-01
1.565407514572143555e-01
1.565290987491607666e-01
1.565169841051101685e-01
1.565047949552536011e-01
1.564930975437164307e-01
1.564808487892150879e-01
1.564685106277465820e-01
1.564572006464004517e-01
1.564444005489349365e-01
1.564328223466873169e-01
1.564199924468994141e-01
1.564083993434906006e-01
1.563960909843444824e-01
1.563843339681625366e-01
1.563716679811477661e-01
1.563598960638046265e-01
1.563472300767898560e-01
1.563351750373840332e-01
1.563226580619812012e-01
1.563108712434768677e-01
1.562990546226501465e-01
1.562864631414413452e-01
1.562735140323638916e-01
1.562615483999252319e-01
1.562485545873641968e-01
1.562373489141464233e-01
1.562245488166809082e-01
1.562121063470840454e-01
1.561992168426513672e-01
1.561870127916336060e-01
1.561742573976516724e-01
1.561618745326995850e-01
1.561495512723922729e-01
1.561372429132461548e-01
1.561245918273925781e-01
1.561115682125091553e-01
1.560991257429122925e-01
1.560865938663482666e-01
1.560737043619155884e-01
1.560614258050918579e-01
1.560484468936920166e-01
1.560358554124832153e-01
1.560229063034057617e-01
1.560098975896835327e-01
1.559978276491165161e-01
1.559846550226211548e-01
1.559716165065765381e-01
1.559582352638244629e-01
1.559455394744873047e-01
1.559326499700546265e-01
1.559199690818786621e-01
1.559066474437713623e-01
1.558931022882461548e-01
1.558807045221328735e-01
1.558679044246673584e-01
1.558541655540466309e-01
1.558408588171005249e-01
1.558284759521484375e-01
1.558145880699157715e-01
1.558016985654830933e-01
1.557884365320205688e-01
1.557746529579162598e-01
1.557614505290985107e-01
1.557485908269882202e-01
1.557344794273376465e-01
1.557213664054870605e-01
1.557081490755081177e-01
1.556948274374008179e-01
1.556811183691024780e-01
1.556671708822250366e-01
1.556540280580520630e-01
1.556404829025268555e-01
1.556268185377120972e-01
1.556127369403839111e-01
1.555992960929870605e-01
1.555853337049484253e-01
1.555717587471008301e-01
1.555577218532562256e-01
1.555440872907638550e-01
1.555307060480117798e-01
1.555166989564895630e-01
1.555032730102539062e-01
1.554888486862182617e-01
1.554756015539169312e-01
1.554613113403320312e-01
1.554470360279083252e-01
1.554333567619323730e-01
1.554192900657653809e-01
1.554047912359237671e-01
1.553905606269836426e-01
1.553761363029479980e-01
1.553627401590347290e-01
1.553485244512557983e-01
1.553347855806350708e-01
1.553203165531158447e-01
1.553059816360473633e-01
1.552916020154953003e-01
1.552776694297790527e-01
1.552633494138717651e-01
1.552485674619674683e-01
1.552344858646392822e-01
1.552193760871887207e-01
1.552052944898605347e-01
1.551913321018218994e-01
1.551769822835922241e-01
1.551629751920700073e-01
1.551478654146194458e-01
1.551339179277420044e-01
1.551195681095123291e-01
1.551049947738647461e-01
1.550906002521514893e-01
1.550752222537994385e-01
1.550616621971130371e-01
1.550461798906326294e-01
1.550322622060775757e-01
1.550176292657852173e-01
1.550026684999465942e-01
1.549882441759109497e-01
1.549734473228454590e-01
1.549586057662963867e-01
1.549441367387771606e-01
1.549292355775833130e-01
1.549146622419357300e-01
1.548999994993209839e-01
1.548852771520614624e-01
1.548703908920288086e-01
1.548561155796051025e-01
1.548414379358291626e-01
1.548261195421218872e-01
1.548120677471160889e-01
1.547970175743103027e-01
1.547828316688537598e-01
1.547680050134658813e-01
1.547539532184600830e-01
1.547387689352035522e-01
1.547242105007171631e-01
1.547092944383621216e-01
1.546950042247772217e-01
1.546805500984191895e-01
1.546652466058731079e-01
1.546507775783538818e-01
1.546364724636077881e-01
1.546218246221542358e-01
1.546073555946350098e-01
1.545930504798889160e-01
1.545789092779159546e-01
1.545633375644683838e-01
1.545495539903640747e-01
1.545352041721343994e-01
1.545209586620330811e-01
1.545066535472869873e-01
1.544917076826095581e-01
1.544768959283828735e-01
1.544626355171203613e-01
1.544481217861175537e-01
1.544328331947326660e-01
1.544182747602462769e-01
1.544033885002136230e-01
1.543894261121749878e-01
1.543744951486587524e-01
1.543603092432022095e-01
1.543459892272949219e-01
1.543313860893249512e-01
1.543172299861907959e-01
1.543033272027969360e-01
1.542890518903732300e-01
1.542746871709823608e-01
1.542610526084899902e-01
1.542461514472961426e-01
1.542321741580963135e-01
1.542183160781860352e-01
1.542040705680847168e-01
1.541895568370819092e-01
1.541758328676223755e-01
1.541621237993240356e-01
1.541475057601928711e-01
1.541334986686706543e-01
1.541194766759872437e-01
1.541058421134948730e-01
1.540920287370681763e-01
1.540778875350952148e-01
1.540641784667968750e-01
1.540508419275283813e-01
1.540364921092987061e-01
1.540230363607406616e-01
1.540088504552841187e-01
1.539949774742126465e-01
1.539816409349441528e-01
1.539677083492279053e-01
1.539540290832519531e-01
1.539404243230819702e-01
1.539272516965866089e-01
1.539131999015808105e-01
1.538994461297988892e-01
1.538864970207214355e-01
1.538732945919036865e-01
1.538598686456680298e-01
1.538460105657577515e-01
1.538328528404235840e-01
1.538196653127670288e-01
1.538064330816268921e-01
1.537933647632598877e-01
1.537799239158630371e-01
1.537668108940124512e-01
1.537536084651947021e-01
1.537405997514724731e-01
1.537282168865203857e-01
1.537139415740966797e-01
1.537021100521087646e-01
1.536887884140014648e-01
1.536756157875061035e-01
1.536627411842346191e-01
1.536497473716735840e-01
1.536379456520080566e-01
1.536244004964828491e-01
1.536118388175964355e-01
1.535984128713607788e-01
1.535859555006027222e-01
1.535732895135879517e-01
1.535606086254119873e-01
1.535475850105285645e-01
1.535347253084182739e-01
1.535222083330154419e-01
1.535088568925857544e-01
1.534961014986038208e-01
1.534830778837203979e-01
1.534703224897384644e-01
1.534579694271087646e-01
1.534460783004760742e-01
1.534335315227508545e-01
1.534213125705718994e-01
1.534087508916854858e-01
1.533965915441513062e-01
1.533835828304290771e-01
1.533717364072799683e-01
1.533594280481338501e-01
1.533474028110504150e-01
1.533347815275192261e-01
1.533220857381820679e-01
1.533104777336120605e-01
1.532980203628540039e-01
1.532861143350601196e-01
1.532735377550125122e-01
1.532619148492813110e-01
1.532501429319381714e-01
1.532381325960159302e-01
1.532258540391921997e-01
1.532142907381057739e-01
1.532019078731536865e-01
1.531907171010971069e-01
1.531786024570465088e-01
1.531669646501541138e-01
1.531544178724288940e-01
1.531432121992111206e-01
1.531317681074142456e-01
1.531197875738143921e-01
1.531080305576324463e-01
1.530964374542236328e-01
1.530843228101730347e-01
1.530727893114089966e-01
1.530611366033554077e-01
1.530493646860122681e-01
1.530374884605407715e-01
1.530260890722274780e-01
1.530150920152664185e-01
1.530033349990844727e-01
1.529921144247055054e-01
1.529808044433593750e-01
1.529689431190490723e-01
1.529575288295745850e-01
1.529466807842254639e-01
1.529350429773330688e-01
1.529236733913421631e-01
1.529125124216079712e-01
1.529011577367782593e-01
1.528899818658828735e-01
1.528788954019546509e-01
1.528674960136413574e-01
1.528560817241668701e-01
1.528449207544326782e-01
1.528337597846984863e-01
1.528223752975463867e-01
1.528116911649703979e-01
1.528005301952362061e-01
1.527895778417587280e-01
1.527783721685409546e-01
1.527673602104187012e-01
1.527565717697143555e-01
1.527450680732727051e-01
1.527350544929504395e-01
1.527237296104431152e-01
1.527124196290969849e-01
1.527021080255508423e-01
1.526916623115539551e-01
1.526809334754943848e-01
1.526696532964706421e-01
1.526586115360260010e-01
1.526479274034500122e-01
1.526376456022262573e-01
1.526264101266860962e-01
1.526162475347518921e-01
1.526048630475997925e-01
1.525944769382476807e-01
1.525838822126388550e-01
1.525730639696121216e-01
1.525620669126510620e-01
1.525517553091049194e-01
1.525414139032363892e-01
1.525306403636932373e-01
1.525195837020874023e-01
1.525100618600845337e-01
1.524993777275085449e-01
1.524889320135116577e-01
1.524783968925476074e-01
1.524675041437149048e-01
1.524571478366851807e-01
1.524466574192047119e-01
1.524367779493331909e-01
1.524263620376586914e-01
1.524155437946319580e-01
1.524052023887634277e-01
1.523950695991516113e-01
1.523853689432144165e-01
1.523750871419906616e-01
1.523651033639907837e-01
1.523560881614685059e-01
1.523461639881134033e-01
1.523368954658508301e-01
1.523282676935195923e-01
1.523190140724182129e-01
1.523100882768630981e-01
1.523008346557617188e-01
1.522909253835678101e-01
1.522788852453231812e-01
1.522666811943054199e-01
1.522534638643264771e-01
1.522424966096878052e-01
1.522318720817565918e-01
1.522233337163925171e-01
1.522149443626403809e-01
1.522051393985748291e-01
1.521955728530883789e-01
1.521834880113601685e-01
1.521726995706558228e-01
1.521619409322738647e-01
1.521526575088500977e-01
1.521431505680084229e-01
1.521332412958145142e-01
1.521240770816802979e-01
1.521135270595550537e-01
1.521030515432357788e-01
1.520927697420120239e-01
1.520831733942031860e-01
1.520736068487167358e-01
1.520640254020690918e-01
1.520539820194244385e-01
1.520445346832275391e-01
1.520341932773590088e-01
1.520239710807800293e-01
1.520137041807174683e-01
1.520052403211593628e-01
1.519947201013565063e-01
1.519856601953506470e-01
1.519754528999328613e-01
1.519661545753479004e-01
1.519561856985092163e-01
1.519467234611511230e-01
1.519369333982467651e-01
1.519268155097961426e-01
1.519172787666320801e-01
1.519082486629486084e-01
1.518980115652084351e-01
1.518884599208831787e-01
1.518795341253280640e-01
1.518697589635848999e-01
1.518602818250656128e-01
1.518504470586776733e-01
1.518413424491882324e-01
1.518321484327316284e-01
1.518219560384750366e-01
1.518122702836990356e-01
1.518028527498245239e-01
1.517937630414962769e-01
1.517841368913650513e-01
1.517747342586517334e-01
1.517652571201324463e-01
1.517555862665176392e-01
1.517465710639953613e-01
1.517365425825119019e-01
1.517273187637329102e-01
1.517185419797897339e-01
1.517090201377868652e-01
1.516986042261123657e-01
1.516906768083572388e-01
1.516809612512588501e-01
1.516712158918380737e-01
1.516621261835098267e-01
1.516532003879547119e-01
1.516436338424682617e-01
1.516344100236892700e-01
1.516247242689132690e-01
1.516154408454895020e-01
1.516060233116149902e-01
1.515968441963195801e-01
1.515877842903137207e-01
1.515786051750183105e-01
1.515694856643676758e-01
1.515604555606842041e-01
1.515508294105529785e-01
1.515412181615829468e-01
1.515326499938964844e-01
1.515236347913742065e-01
1.515143811702728271e-01
1.515051722526550293e-01
1.514954715967178345e-01
1.514866948127746582e-01
1.514774560928344727e-01
1.514684706926345825e-01
1.514590680599212646e-01
1.514500081539154053e-01
1.514410078525543213e-01
1.514324545860290527e-01
1.514227986335754395e-01
1.514133214950561523e-01
1.514052450656890869e-01
1.513955295085906982e-01
1.513861715793609619e-01
1.513772010803222656e-01
1.513678580522537231e-01
1.513591557741165161e-01
1.513503491878509521e-01
1.513412445783615112e-01
1.513321548700332642e-01
1.513237208127975464e-01
1.513143479824066162e-01
1.513055115938186646e-01
1.512961238622665405e-01
1.512874960899353027e-01
1.512785553932189941e-01
1.512691080570220947e-01
1.512602567672729492e-01
1.512519866228103638e-01
1.512428671121597290e-01
1.512337923049926758e-01
1.512248963117599487e-01
1.512158960103988647e-01
1.512070298194885254e-01
1.511977165937423706e-01
1.511892974376678467e-01
1.511804759502410889e-01
1.511711925268173218e-01
1.511618196964263916e-01
1.511536240577697754e-01
1.511448919773101807e-01
1.511354744434356689e-01
1.511270701885223389e-01
1.511182337999343872e-01
1.511089354753494263e-01
1.511001586914062500e-01
1.510916799306869507e-01
1.510822772979736328e-01
1.510741114616394043e-01
1.510654091835021973e-01
1.510568112134933472e-01
1.510476171970367432e-01
1.510392278432846069e-01
1.510297656059265137e-01
1.510212570428848267e-01
1.510123759508132935e-01
1.510036140680313110e-01
1.509946882724761963e-01
1.509860455989837646e-01
1.509771943092346191e-01
1.509680002927780151e-01
1.509597152471542358e-01
1.509511917829513550e-01
1.509425342082977295e-01
1.509334594011306763e-01
1.509248763322830200e-01
1.509160250425338745e-01
1.509073674678802490e-01
1.508982628583908081e-01
1.508898884057998657e-01
1.508810818195343018e-01
1.508726179599761963e-01
1.508639454841613770e-01
1.508550047874450684e-01
1.508463770151138306e-01
1.508376896381378174e-01
1.508294045925140381e-01
1.508206725120544434e-01
1.508119702339172363e-01
1.508044451475143433e-01
1.507950872182846069e-01
1.507868617773056030e-01
1.507783830165863037e-01
1.507703810930252075e-01
1.507617533206939697e-01
1.507530957460403442e-01
1.507447212934494019e-01
1.507352590560913086e-01
1.507272422313690186e-01
1.507181972265243530e-01
1.507087647914886475e-01
1.507001817226409912e-01
1.506909430027008057e-01
1.506824642419815063e-01
1.506733447313308716e-01
1.506641060113906860e-01
1.506560444831848145e-01
1.506473124027252197e-01
1.506386548280715942e-01
1.506302952766418457e-01
1.506221443414688110e-01
1.506133079528808594e-01
1.506045460700988770e-01
1.505958139896392822e-01
1.505876332521438599e-01
1.505795568227767944e-01
1.505701541900634766e-01
1.505614966154098511e-01
1.505530029535293579e-01
1.505438685417175293e-01
1.505355387926101685e-01
1.505268216133117676e-01
1.505184173583984375e-01
1.505091786384582520e-01
1.505008637905120850e-01
1.504922807216644287e-01
1.504838019609451294e-01
1.504756808280944824e-01
1.504667699337005615e-01
1.504582911729812622e-01
1.504491716623306274e-01
1.504406929016113281e-01
1.504324376583099365e-01
1.504235118627548218e-01
1.504151672124862671e-01
1.504065245389938354e-01
1.503976583480834961e-01
1.503894776105880737e-01
1.503806710243225098e-01
1.503719985485076904e-01
1.503632962703704834e-01
1.503546386957168579e-01
1.503459215164184570e-01
1.503377407789230347e-01
1.503289639949798584e-01
1.503201127052307129e-01
1.503113508224487305e-01
1.503034383058547974e-01
1.502947956323623657e-01
1.502861976623535156e-01
1.502774357795715332e-01
1.502690166234970093e-01
1.502601951360702515e-01
1.502521038055419922e-01
1.502428203821182251e-01
1.502342522144317627e-01
1.502255648374557495e-01
1.502173095941543579e-01
1.502084285020828247e-01
1.501995772123336792e-01
1.501908898353576660e-01
1.501830667257308960e-01
1.501736938953399658e-01
1.501658707857131958e-01
1.501563340425491333e-01
1.501474529504776001e-01
1.501390635967254639e-01
1.501304954290390015e-01
1.501216441392898560e-01
1.501127183437347412e-01
1.501048803329467773e-01
1.500965654850006104e-01
1.500874459743499756e-01
1.500786691904067993e-01
1.500699967145919800e-01
1.500620990991592407e-01
1.500538289546966553e-01
1.500447839498519897e-01
1.500365585088729858e-01
1.500286161899566650e-01
1.500210016965866089e-01
1.500130295753479004e-01
1.500048786401748657e-01
1.499973982572555542e-01
1.499879956245422363e-01
1.499791294336318970e-01
1.499696969985961914e-01
1.499587744474411011e-01
1.499491333961486816e-01
1.499383598566055298e-01
1.499297171831130981e-01
1.499211192131042480e-01
1.499123573303222656e-01
1.499038338661193848e-01
1.498948335647583008e-01
1.498868018388748169e-01
1.498776972293853760e-01
1.498691588640213013e-01
1.498596817255020142e-01
1.498499512672424316e-01
1.498412191867828369e-01
1.498315185308456421e-01
1.498229950666427612e-01
1.498143225908279419e-01
1.498050689697265625e-01
1.497966349124908447e-01
1.497872024774551392e-01
1.497781425714492798e-01
1.497691869735717773e-01
1.497592926025390625e-01
1.497510373592376709e-01
1.497415900230407715e-01
1.497326791286468506e-01
1.497233659029006958e-01
1.497142165899276733e-01
1.497054696083068848e-01
1.496962010860443115e-01
1.496867239475250244e-01
1.496775299310684204e-01
1.496682763099670410e-01
1.496589183807373047e-01
1.496493071317672729e-01
1.496407836675643921e-01
1.496311426162719727e-01
1.496217399835586548e-01
1.496127545833587646e-01
1.496033668518066406e-01
1.495936661958694458e-01
1.495842635631561279e-01
1.495744884014129639e-01
1.495651155710220337e-01
1.495558917522430420e-01
1.495463103055953979e-01
1.495364755392074585e-01
1.495272219181060791e-01
1.495174169540405273e-01
1.495077759027481079e-01
1.494980752468109131e-01
1.494887769222259521e-01
1.494785845279693604e-01
1.494693160057067871e-01
1.494596451520919800e-01
1.494503170251846313e-01
1.494399607181549072e-01
1.494306921958923340e-01
1.494198441505432129e-01
1.494105011224746704e-01
1.494003385305404663e-01
1.493902057409286499e-01
1.493800133466720581e-01
1.493702083826065063e-01
1.493597775697708130e-01
1.493497788906097412e-01
1.493398398160934448e-01
1.493288576602935791e-01
1.493185162544250488e-01
1.493089646100997925e-01
1.492981016635894775e-01
1.492878347635269165e-01
1.492772549390792847e-01
1.492668986320495605e-01
1.492567509412765503e-01
1.492455899715423584e-01
1.492359489202499390e-01
1.492242515087127686e-01
1.492136120796203613e-01
1.492025256156921387e-01
1.491918563842773438e-01
1.491809189319610596e-01
1.491704881191253662e-01
1.491591632366180420e-01
1.491476893424987793e-01
1.491367220878601074e-01
1.491258591413497925e-01
1.491147279739379883e-01
1.491028517484664917e-01
1.490913480520248413e-01
1.490806937217712402e-01
1.490688174962997437e-01
1.490575075149536133e-01
1.490452885627746582e-01
1.490336805582046509e-01
1.490214318037033081e-01
1.490103006362915039e-01
1.489983350038528442e-01
1.489867269992828369e-01
1.489743590354919434e-01
1.489623188972473145e-01
1.489508002996444702e-01
1.489387899637222290e-01
1.489274650812149048e-01
1.489155888557434082e-01
1.489045917987823486e-01
1.488929986953735352e-01
1.488808095455169678e-01
1.488681286573410034e-01
1.488533765077590942e-01
1.488372683525085449e-01
1.488221883773803711e-01
1.488066613674163818e-01
1.487916111946105957e-01
1.487783789634704590e-01
1.487655192613601685e-01
1.487527638673782349e-01
1.487393975257873535e-01
1.487247347831726074e-01
1.487092822790145874e-01
1.486936360597610474e-01
1.486784368753433228e-01
1.486631482839584351e-01
1.486478447914123535e-01
1.486336737871170044e-01
1.486192643642425537e-01
1.486038267612457275e-01
1.485882103443145752e-01
1.485723853111267090e-01
1.485566198825836182e-01
1.485400050878524780e-01
1.485238522291183472e-01
1.485074758529663086e-01
1.484922021627426147e-01
1.484755128622055054e-01
1.484594941139221191e-01
1.484429240226745605e-01
1.484264135360717773e-01
1.484094262123107910e-01
1.483925431966781616e-01
1.483761668205261230e-01
1.483592391014099121e-01
1.483422815799713135e-01
1.483249515295028687e-01
1.483088135719299316e-01
1.482919901609420776e-01
1.482748389244079590e-01
1.482579112052917480e-01
1.482407003641128540e-01
1.482238769531250000e-01
1.482072025537490845e-01
1.481907963752746582e-01
1.481736600399017334e-01
1.481573134660720825e-01
1.481414586305618286e-01
1.481251120567321777e-01
1.481083333492279053e-01
1.480918824672698975e-01
1.480764448642730713e-01
1.480599939823150635e-01
1.480441987514495850e-01
1.480285227298736572e-01
1.480128616094589233e-01
1.479972302913665771e-01
1.479825228452682495e-01
1.479678153991699219e-01
1.479527652263641357e-01
1.479379236698150635e-01
1.479231119155883789e-01
1.479085087776184082e-01
1.478940993547439575e-01
1.478796899318695068e-01
1.478659957647323608e-01
1.478517651557922363e-01
1.478378921747207642e-01
1.478244364261627197e-01
1.478108316659927368e-01
1.477969884872436523e-01
1.477843523025512695e-01
1.477707326412200928e-01
1.477579623460769653e-01
1.477454304695129395e-01
1.477323770523071289e-01
1.477202177047729492e-01
1.477074921131134033e-01
1.476942896842956543e-01
1.476824730634689331e-01
1.476704478263854980e-01
1.476584374904632568e-01
1.476462185382843018e-01
1.476342827081680298e-01
1.476230621337890625e-01
1.476113200187683105e-01
1.475995332002639771e-01
1.475883275270462036e-01
1.475769579410552979e-01
1.475657671689987183e-01
1.475544273853302002e-01
1.475428938865661621e-01
1.475325077772140503e-01
1.475210338830947876e-01
1.475101858377456665e-01
1.474992632865905762e-01
1.474884152412414551e-01
1.474772393703460693e-01
1.474667936563491821e-01
1.474561840295791626e-01
1.474457383155822754e-01
1.474352329969406128e-01
1.474248617887496948e-01
1.474140882492065430e-01
1.474038809537887573e-01
1.473933160305023193e-01
1.473830938339233398e-01
1.473733484745025635e-01
1.473627388477325439e-01
1.473527550697326660e-01
1.473430693149566650e-01
1.473332047462463379e-01
1.473224759101867676e-01
1.473131626844406128e-01
1.473028510808944702e-01
1.472934186458587646e-01
1.472835391759872437e-01
1.472739726305007935e-01
1.472644954919815063e-01
1.472546160221099854e-01
1.472448855638504028e-01
1.472359150648117065e-01
1.472260951995849609e-01
1.472166627645492554e-01
1.472078710794448853e-01
1.471985131502151489e-01
1.471895426511764526e-01
1.471804976463317871e-01
1.471714079380035400e-01
1.471629440784454346e-01
1.471546292304992676e-01
1.471464484930038452e-01
1.471380591392517090e-01
1.471299529075622559e-01
1.471212059259414673e-01
1.471119523048400879e-01
1.471022963523864746e-01
1.470915973186492920e-01
1.470812261104583740e-01
1.470704376697540283e-01
1.470607668161392212e-01
1.470511257648468018e-01
1.470430046319961548e-01
1.470342278480529785e-01
1.470258682966232300e-01
1.470183879137039185e-01
1.470087468624114990e-01
1.470002681016921997e-01
1.469905823469161987e-01
1.469815224409103394e-01
1.469722241163253784e-01
1.469639390707015991e-01
1.469546556472778320e-01
1.469466537237167358e-01
1.469386219978332520e-01
1.469295471906661987e-01
1.469218134880065918e-01
1.469132751226425171e-01
1.469040066003799438e-01
1.468956619501113892e-01
1.468868702650070190e-01
1.468784362077713013e-01
1.468695700168609619e-01
1.468614637851715088e-01
1.468529552221298218e-01
1.468450725078582764e-01
1.468368470668792725e-01
1.468285322189331055e-01
1.468197405338287354e-01
1.468115448951721191e-01
1.468037962913513184e-01
1.467952132225036621e-01
1.467868685722351074e-01
1.467790752649307251e-01
1.467702686786651611e-01
1.467621922492980957e-01
1.467542797327041626e-01
1.467463374137878418e-01
1.467379629611968994e-01
1.467308104038238525e-01
1.467223316431045532e-01
1.467149853706359863e-01
1.467066705226898193e-01
1.466991603374481201e-01
1.466917544603347778e-01
1.466839164495468140e-01
1.466767191886901855e-01
1.466696560382843018e-01
1.466631144285202026e-01
1.466566920280456543e-01
1.466506123542785645e-01
1.466452479362487793e-01
1.466398984193801880e-01
1.466344296932220459e-01
1.466297656297683716e-01
1.466234922409057617e-01
1.466169804334640503e-01
1.466079950332641602e-01
1.465988755226135254e-01
1.465885937213897705e-01
1.465780287981033325e-01
1.465665400028228760e-01
1.465556174516677856e-01
1.465443968772888184e-01
1.465354114770889282e-01
1.465262174606323242e-01
1.465186923742294312e-01
1.465106606483459473e-01
1.465035974979400635e-01
1.464966982603073120e-01
1.464896202087402344e-01
1.464825123548507690e-01
1.464752852916717529e-01
1.464674174785614014e-01
1.464596986770629883e-01
1.464519649744033813e-01
1.464438587427139282e-01
1.464358121156692505e-01
1.464285254478454590e-01
1.464212536811828613e-01
1.464132070541381836e-01
1.464053541421890259e-01
1.463978588581085205e-01
1.463892012834548950e-01
1.463816910982131958e-01
1.463735848665237427e-01
1.463654935359954834e-01
1.463582962751388550e-01
1.463507711887359619e-01
1.463429331779479980e-01
1.463361829519271851e-01
1.463286131620407104e-01
1.463208347558975220e-01
1.463139802217483521e-01
1.463065296411514282e-01
1.462993472814559937e-01
1.462923586368560791e-01
1.462846398353576660e-01
1.462772935628890991e-01
1.462704688310623169e-01
1.462629735469818115e-01
1.462558805942535400e-01
1.462480723857879639e-01
1.462410688400268555e-01
1.462342888116836548e-01
1.462274789810180664e-01
1.462202817201614380e-01
1.462139636278152466e-01
1.462073326110839844e-01
1.462004035711288452e-01
1.461944133043289185e-01
1.461884528398513794e-01
1.461834460496902466e-01
1.461784243583679199e-01
1.461740732192993164e-01
1.461706161499023438e-01
1.461681872606277466e-01
1.461662352085113525e-01
1.461657285690307617e-01
1.461659520864486694e-01
1.461672931909561157e-01
1.461660265922546387e-01
1.461656540632247925e-01
1.461587250232696533e-01
1.461506187915802002e-01
1.461346298456192017e-01
1.461175382137298584e-01
1.460967212915420532e-01
1.460770964622497559e-01
1.460600048303604126e-01
1.460478752851486206e-01
1.460400074720382690e-01
1.460365653038024902e-01
1.460335850715637207e-01
1.460308283567428589e-01
1.460268497467041016e-01
1.460216790437698364e-01
1.460135728120803833e-01
1.460037380456924438e-01
1.459931582212448120e-01
1.459819823503494263e-01
1.459729522466659546e-01
1.459637582302093506e-01
1.459570229053497314e-01
1.459504663944244385e-01
1.459447145462036133e-01
1.459388732910156250e-01
1.459332853555679321e-01
1.459270119667053223e-01
1.459198892116546631e-01
1.459129899740219116e-01
1.459050476551055908e-01
1.458975076675415039e-01
1.458886563777923584e-01
1.458819806575775146e-01
1.458739787340164185e-01
1.458670496940612793e-01
1.458598077297210693e-01
1.458536088466644287e-01
1.458464860916137695e-01
1.458405256271362305e-01
1.458336561918258667e-01
1.458275020122528076e-01
1.458206027746200562e-01
1.458140909671783447e-01
1.458074003458023071e-01
1.458000093698501587e-01
1.457929611206054688e-01
1.457858085632324219e-01
1.457797288894653320e-01
1.457721740007400513e-01
1.457656770944595337e-01
1.457586884498596191e-01
1.457521319389343262e-01
1.457448750734329224e-01
1.457383036613464355e-01
1.457313597202301025e-01
1.457251906394958496e-01
1.457187980413436890e-01
1.457116007804870605e-01
1.457051336765289307e-01
1.456986665725708008e-01
1.456921398639678955e-01
1.456851810216903687e-01
1.456783860921859741e-01
1.456723809242248535e-01
1.456653624773025513e-01
1.456590145826339722e-01
1.456516385078430176e-01
1.456463783979415894e-01
1.456394046545028687e-01
1.456331759691238403e-01
1.456264257431030273e-01
1.456201225519180298e-01
1.456138193607330322e-01
1.456077843904495239e-01
1.456017941236495972e-01
1.455962955951690674e-01
1.455903053283691406e-01
1.455855816602706909e-01
1.455798298120498657e-01
1.455753147602081299e-01
1.455718725919723511e-01
1.455691605806350708e-01
1.455659568309783936e-01
1.455650776624679565e-01
1.455655246973037720e-01
1.455659568309783936e-01
1.455686241388320923e-01
1.455695033073425293e-01
1.455723047256469727e-01
1.455693095922470093e-01
1.455670297145843506e-01
1.455549001693725586e-01
1.455409079790115356e-01
1.455194205045700073e-01
1.454980820417404175e-01
1.454774737358093262e-01
1.454611569643020630e-01
1.454492509365081787e-01
1.454434543848037720e-01
1.454406082630157471e-01
1.454387903213500977e-01
1.454375833272933960e-01
1.454344391822814941e-01
1.454289406538009644e-01
1.454209536314010620e-01
1.454108357429504395e-01
1.454000174999237061e-01
1.453897505998611450e-01
1.453804522752761841e-01
1.453723013401031494e-01
1.453657001256942749e-01
1.453606784343719482e-01
1.453557610511779785e-01
1.453508138656616211e-01
1.453459858894348145e-01
1.453395634889602661e-01
1.453330516815185547e-01
1.453260779380798340e-01
1.453185975551605225e-01
1.453111767768859863e-01
1.453034430742263794e-01
1.452966630458831787e-01
1.452896893024444580e-01
1.452837735414505005e-01
1.452777832746505737e-01
1.452713012695312500e-01
1.452651172876358032e-01
1.452594995498657227e-01
1.452538967132568359e-01
1.452473998069763184e-01
1.452416181564331055e-01
1.452350169420242310e-01
1.452280580997467041e-01
1.452216804027557373e-01
1.452149599790573120e-01
1.452089101076126099e-01
1.452021896839141846e-01
1.451957672834396362e-01
1.451893448829650879e-01
1.451831459999084473e-01
1.451770365238189697e-01
1.451707184314727783e-01
1.451641172170639038e-01
1.451586633920669556e-01
1.451520621776580811e-01
1.451461762189865112e-01
1.451395750045776367e-01
1.451335847377777100e-01
1.451275497674942017e-01
1.451211869716644287e-01
1.451153308153152466e-01
1.451089233160018921e-01
1.451028585433959961e-01
1.450966894626617432e-01
1.450903713703155518e-01
1.450847089290618896e-01
1.450788527727127075e-01
1.450724005699157715e-01
1.450664401054382324e-01
1.450607478618621826e-01
1.450546234846115112e-01
1.450486779212951660e-01
1.450432986021041870e-01
1.450374573469161987e-01
1.450319886207580566e-01
1.450264304876327515e-01
1.450213193893432617e-01
1.450163871049880981e-01
1.450116336345672607e-01
1.450071930885314941e-01
1.450037062168121338e-01
1.450002342462539673e-01
1.449984908103942871e-01
1.449970602989196777e-01
1.449969559907913208e-01
1.449976712465286255e-01
1.450006663799285889e-01
1.450025290250778198e-01
1.450065970420837402e-01
1.450064629316329956e-01
1.450075656175613403e-01
1.449994742870330811e-01
1.449900269508361816e-01
1.449715197086334229e-01
1.449516415596008301e-01
1.449287384748458862e-01
1.449085623025894165e-01
1.448933631181716919e-01
1.448832899332046509e-01
1.448780596256256104e-01
1.448765695095062256e-01
1.448761224746704102e-01
1.448756605386734009e-01
1.448725163936614990e-01
1.448674201965332031e-01
1.448596715927124023e-01
1.448489576578140259e-01
1.448390632867813110e-01
1.448280364274978638e-01
1.448190659284591675e-01
1.448109298944473267e-01
1.448048353195190430e-01
1.448003351688385010e-01
1.447962075471878052e-01
1.447917073965072632e-01
1.447871625423431396e-01
1.447815448045730591e-01
1.447761356830596924e-01
1.447695195674896240e-01
1.447618901729583740e-01
1.447547078132629395e-01
1.447476446628570557e-01
1.447404921054840088e-01
1.447340548038482666e-01
1.447280347347259521e-01
1.447218656539916992e-01
1.447166800498962402e-01
1.447114795446395874e-01
1.447056382894515991e-01
1.447005271911621094e-01
1.446948051452636719e-01
1.446886211633682251e-01
1.446825265884399414e-01
1.446766704320907593e-01
1.446708142757415771e-01
1.446644812822341919e-01
1.446583718061447144e-01
1.446520686149597168e-01
1.446463018655776978e-01
1.446403115987777710e-01
1.446339488029479980e-01
1.446279138326644897e-01
1.446221470832824707e-01
1.446162462234497070e-01
1.446104943752288818e-01
1.446043998003005981e-01
1.445987522602081299e-01
1.445925980806350708e-01
1.445868313312530518e-01
1.445817053318023682e-01
1.445754170417785645e-01
1.445698440074920654e-01
1.445643305778503418e-01
1.445586532354354858e-01
1.445528566837310791e-01
1.445473730564117432e-01
1.445412486791610718e-01
1.445357352495193481e-01
1.445299685001373291e-01
1.445250660181045532e-01
1.445194184780120850e-01
1.445140242576599121e-01
1.445079743862152100e-01
1.445027738809585571e-01
1.444977223873138428e-01
1.444928050041198730e-01
1.444881558418273926e-01
1.444837898015975952e-01
1.444801986217498779e-01
1.444765329360961914e-01
1.444738358259201050e-01
1.444713920354843140e-01
1.444708853960037231e-01
1.444707810878753662e-01
1.444727182388305664e-01
1.444753557443618774e-01
1.444801092147827148e-01
1.444829553365707397e-01
1.444877535104751587e-01
1.444880664348602295e-01
1.444864273071289062e-01
1.444758176803588867e-01
1.444620639085769653e-01
1.444400548934936523e-01
1.444180905818939209e-01
1.443953961133956909e-01
1.443767547607421875e-01
1.443636864423751831e-01
1.443571895360946655e-01
1.443549990653991699e-01
1.443553417921066284e-01
1.443565934896469116e-01
1.443543583154678345e-01
1.443512439727783203e-01
1.443444192409515381e-01
1.443352103233337402e-01
1.443243473768234253e-01
1.443134993314743042e-01
1.443031877279281616e-01
1.442952156066894531e-01
1.442885547876358032e-01
1.442844420671463013e-01
1.442805826663970947e-01
1.442767083644866943e-01
1.442725658416748047e-01
1.442675292491912842e-01
1.442619115114212036e-01
1.442559063434600830e-01
1.442487388849258423e-01
1.442419737577438354e-01
1.442349851131439209e-01
1.442279070615768433e-01
1.442217230796813965e-01
1.442154943943023682e-01
1.442101150751113892e-01
1.442049890756607056e-01
1.441994905471801758e-01
1.441940814256668091e-01
1.441888809204101562e-01
1.441830992698669434e-01
1.441784203052520752e-01
1.441722512245178223e-01
1.441667377948760986e-01
1.441615074872970581e-01
1.441557556390762329e-01
1.441497355699539185e-01
1.441440880298614502e-01
1.441379785537719727e-01
1.441320776939392090e-01
1.441267430782318115e-01
1.441212594509124756e-01
1.441150903701782227e-01
1.441095024347305298e-01
1.441040486097335815e-01
1.440986394882202148e-01
1.440925598144531250e-01
1.440874934196472168e-01
1.440818309783935547e-01
1.440760493278503418e-01
1.440709233283996582e-01
1.440653949975967407e-01
1.440597772598266602e-01
1.440545171499252319e-01
1.440489292144775391e-01
1.440432518720626831e-01
1.440383344888687134e-01
1.440328657627105713e-01
1.440267711877822876e-01
1.440210938453674316e-01
1.440158784389495850e-01
1.440109163522720337e-01
1.440056413412094116e-01
1.440000236034393311e-01
1.439942717552185059e-01
1.439896225929260254e-01
1.439844965934753418e-01
1.439795643091201782e-01
1.439745873212814331e-01
1.439697146415710449e-01
1.439651846885681152e-01
1.439609527587890625e-01
1.439577937126159668e-01
1.439545005559921265e-01
1.439521312713623047e-01
1.439511179924011230e-01
1.439510285854339600e-01
1.439537554979324341e-01
1.439577043056488037e-01
1.439656913280487061e-01
1.439738422632217407e-01
1.439863592386245728e-01
1.439943909645080566e-01
1.440050154924392700e-01
1.440026313066482544e-01
1.439961045980453491e-01
1.439720094203948975e-01
1.439439654350280762e-01
1.439078152179718018e-01
1.438775062561035156e-01
1.438561975955963135e-01
1.438465565443038940e-01
1.438471376895904541e-01
1.438519507646560669e-01
1.438580155372619629e-01
1.438593864440917969e-01
1.438551098108291626e-01
1.438439190387725830e-01
1.438294947147369385e-01
1.438140720129013062e-01
1.438012123107910156e-01
1.437923461198806763e-01
1.437874585390090942e-01
1.437858641147613525e-01
1.437849253416061401e-01
1.437829434871673584e-01
1.437783837318420410e-01
1.437719166278839111e-01
1.437637209892272949e-01
1.437550187110900879e-01
1.437465697526931763e-01
1.437391638755798340e-01
1.437332183122634888e-01
1.437286138534545898e-01
1.437246203422546387e-01
1.437203735113143921e-01
1.437160521745681763e-01
1.437112390995025635e-01
1.437059193849563599e-01
1.436995118856430054e-01
1.436929106712341309e-01
1.436865478754043579e-01
1.436801403760910034e-01
1.436744779348373413e-01
1.436695158481597900e-01
1.436638236045837402e-01
1.436594128608703613e-01
1.436540037393569946e-01
1.436489671468734741e-01
1.436443179845809937e-01
1.436384618282318115e-01
1.436333507299423218e-01
1.436280012130737305e-01
1.436220109462738037e-01
1.436168104410171509e-01
1.436110287904739380e-01
1.436053067445755005e-01
1.435997933149337769e-01
1.435947269201278687e-01
1.435896903276443481e-01
1.435841917991638184e-01
1.435789465904235840e-01
1.435740739107131958e-01
1.435685604810714722e-01
1.435634195804595947e-01
1.435578912496566772e-01
1.435529142618179321e-01
1.435481905937194824e-01
1.435420811176300049e-01
1.435369402170181274e-01
1.435318142175674438e-01
1.435268521308898926e-01
1.435211598873138428e-01
1.435156166553497314e-01
1.435103863477706909e-01
1.435051858425140381e-01
1.435000002384185791e-01
1.434948295354843140e-01
1.434895396232604980e-01
1.434842497110366821e-01
1.434789150953292847e-01
1.434737443923950195e-01
1.434681862592697144e-01
1.434631198644638062e-01
1.434578895568847656e-01
1.434526890516281128e-01
1.434472352266311646e-01
1.434419006109237671e-01
1.434366106986999512e-01
1.434322595596313477e-01
1.434264630079269409e-01
1.434219330549240112e-01
1.434161216020584106e-01
1.434112042188644409e-01
1.434058099985122681e-01
1.434008628129959106e-01
1.433955132961273193e-01
1.433905363082885742e-01
1.433853656053543091e-01
1.433797627687454224e-01
1.433746218681335449e-01
1.433694213628768921e-01
1.433644741773605347e-01
1.433588266372680664e-01
1.433537453413009644e-01
1.433491110801696777e-01
1.433434784412384033e-01
1.433387994766235352e-01
1.433334201574325562e-01
1.433285474777221680e-01
1.433234214782714844e-01
1.433194279670715332e-01
1.433154046535491943e-01
1.433114409446716309e-01
1.433080881834030151e-01
1.433063149452209473e-01
1.433062404394149780e-01
1.433096975088119507e-01
1.433174014091491699e-01
1.433314383029937744e-01
1.433533132076263428e-01
1.433871388435363770e-01
1.434255093336105347e-01
1.434765905141830444e-01
1.435067206621170044e-01
1.435336917638778687e-01
1.435014754533767700e-01
1.434561610221862793e-01
1.433662027120590210e-01
1.432888805866241455e-01
1.432410180568695068e-01
1.432403028011322021e-01
1.432726532220840454e-01
1.433044970035552979e-01
1.433129459619522095e-01
1.432767510414123535e-01
1.432269066572189331e-01
1.431892216205596924e-01
1.431860774755477905e-01
1.432058662176132202e-01
1.432226896286010742e-01
1.432198137044906616e-01
1.431930214166641235e-01
1.431644856929779053e-01
1.431503444910049438e-01
1.431515365839004517e-01
1.431598514318466187e-01
1.431606709957122803e-01
1.431515663862228394e-01
1.431356519460678101e-01
1.431236416101455688e-01
1.431171894073486328e-01
1.431155949831008911e-01
1.431135982275009155e-01
1.431085914373397827e-01
1.431021243333816528e-01
1.430940032005310059e-01
1.430871486663818359e-01
1.430816203355789185e-01
1.430764496326446533e-01
1.430718302726745605e-01
1.430670022964477539e-01
1.430615186691284180e-01
1.430561542510986328e-01
1.430506259202957153e-01
1.430454999208450317e-01
1.430394798517227173e-01
1.430342644453048706e-01
1.430295556783676147e-01
1.430242508649826050e-01
1.430189162492752075e-01
1.430140733718872070e-01
1.430097818374633789e-01
1.430040597915649414e-01
1.429987698793411255e-01
1.429934203624725342e-01
1.429881304502487183e-01
1.429826915264129639e-01
1.429780423641204834e-01
1.429736316204071045e-01
1.429686099290847778e-01
1.429637074470520020e-01
1.429581791162490845e-01
1.429525613784790039e-01
1.429475247859954834e-01
1.429426074028015137e-01
1.429383158683776855e-01
1.429334133863449097e-01
1.429276019334793091e-01
1.429231017827987671e-01
1.429178565740585327e-01
1.429126858711242676e-01
1.429080516099929810e-01
1.429031044244766235e-01
1.428982466459274292e-01
1.428929716348648071e-01
1.428884118795394897e-01
1.428836584091186523e-01
1.428777724504470825e-01
1.428732126951217651e-01
1.428676098585128784e-01
1.428631991147994995e-01
1.428582221269607544e-01
1.428531706333160400e-01
1.428485065698623657e-01
1.428434997797012329e-01
1.428383886814117432e-01
1.428330391645431519e-01
1.428280472755432129e-01
1.428236812353134155e-01
1.428183913230895996e-01
1.428135484457015991e-01
1.428085118532180786e-01
1.428039222955703735e-01
1.427989751100540161e-01
1.427937597036361694e-01
1.427889317274093628e-01
1.427839249372482300e-01
1.427791565656661987e-01
1.427742987871170044e-01
1.427689790725708008e-01
1.427644193172454834e-01
1.427596807479858398e-01
1.427548229694366455e-01
1.427499204874038696e-01
1.427449285984039307e-01
1.427397280931472778e-01
1.427347213029861450e-01
1.427297145128250122e-01
1.427249461412429810e-01
1.427202671766281128e-01
1.427157521247863770e-01
1.427110731601715088e-01
1.427057385444641113e-01
1.427006274461746216e-01
1.426959782838821411e-01
1.426910310983657837e-01
1.426864862442016602e-01
1.426811367273330688e-01
1.426761895418167114e-01
1.426713913679122925e-01
1.426664292812347412e-01
1.426616609096527100e-01
1.426568925380706787e-01
1.426520794630050659e-01
1.426473259925842285e-01
1.426421999931335449e-01
1.426380872726440430e-01
1.426327526569366455e-01
1.426277607679367065e-01
1.426229923963546753e-01
1.426177024841308594e-01
1.426132023334503174e-01
1.426083892583847046e-01
1.426033973693847656e-01
1.425983309745788574e-01
1.425935626029968262e-01
1.425888985395431519e-01
1.425842940807342529e-01
1.425792425870895386e-01
1.425743550062179565e-01
1.425698697566986084e-01
1.425650268793106079e-01
1.425601094961166382e-01
1.425552219152450562e-01
1.425504088401794434e-01
1.425457596778869629e-01
1.425413191318511963e-01
1.425371915102005005e-01
1.425327658653259277e-01
1.425287574529647827e-01
1.425243765115737915e-01
1.425208300352096558e-01
1.425172239542007446e-01
1.425143331289291382e-01
1.425124108791351318e-01
1.425108313560485840e-01
1.425111889839172363e-01
1.425132900476455688e-01
1.425166279077529907e-01
1.425230354070663452e-01
1.425314694643020630e-01
1.425418257713317871e-01
1.425513476133346558e-01
1.425601243972778320e-01
1.425597518682479858e-01
1.425550132989883423e-01
1.425376385450363159e-01
1.425187140703201294e-01
1.424945145845413208e-01
1.424735933542251587e-01
1.424542069435119629e-01
1.424385905265808105e-01
1.424264013767242432e-01
1.424193382263183594e-01
1.424151659011840820e-01
1.424143463373184204e-01
1.424154490232467651e-01
1.424151957035064697e-01
1.424137949943542480e-01
1.424077302217483521e-01
1.423997133970260620e-01
1.423883885145187378e-01
1.423773318529129028e-01
1.423672735691070557e-01
1.423599123954772949e-01
1.423551142215728760e-01
1.423521041870117188e-01
1.423495262861251831e-01
1.423465758562088013e-01
1.423437148332595825e-01
1.423387974500656128e-01
1.423333585262298584e-01
1.423273533582687378e-01
1.423214524984359741e-01
1.423156857490539551e-01
1.423100531101226807e-01
1.423044651746749878e-01
1.422994583845138550e-01
1.422944515943527222e-01
1.422891765832901001e-01
1.422847807407379150e-01
1.422800868749618530e-01
1.422750800848007202e-01
1.422711312770843506e-01
1.422668993473052979e-01
1.422624289989471436e-01
1.422582566738128662e-01
1.422531902790069580e-01
1.422480642795562744e-01
1.422431021928787231e-01
1.422381550073623657e-01
1.422329545021057129e-01
1.422281265258789062e-01
1.422229409217834473e-01
1.422183662652969360e-01
1.422139108180999756e-01
1.422093361616134644e-01
1.422043293714523315e-01
1.421992331743240356e-01
1.421948224306106567e-01
1.421900689601898193e-01
1.421854645013809204e-01
1.421810686588287354e-01
1.421765238046646118e-01
1.421718597412109375e-01
1.421670764684677124e-01
1.421624273061752319e-01
1.421578824520111084e-01
1.421531289815902710e-01
1.421484202146530151e-01
1.421442478895187378e-01
1.421389728784561157e-01
1.421347260475158691e-01
1.421301960945129395e-01
1.421252787113189697e-01
1.421208232641220093e-01
1.421162337064743042e-01
1.421117633581161499e-01
1.421074122190475464e-01
1.421029269695281982e-01
1.420986503362655640e-01
1.420948356389999390e-01
1.420910656452178955e-01
1.420870274305343628e-01
1.420838683843612671e-01
1.420806944370269775e-01
1.420785784721374512e-01
1.420767903327941895e-01
1.420766115188598633e-01
1.420784890651702881e-01
1.420823931694030762e-01
1.420899629592895508e-01
1.421003788709640503e-01
1.421175748109817505e-01
1.421362310647964478e-01
1.421636790037155151e-01
1.421835571527481079e-01
1.422071307897567749e-01
1.422057896852493286e-01
1.421960741281509399e-01
1.421535611152648926e-01
1.421044021844863892e-01
1.420486867427825928e-01
1.420085281133651733e-01
1.419882625341415405e-01
1.419898420572280884e-01
1.420041173696517944e-01
1.420199722051620483e-01
1.420302391052246094e-01
1.420257687568664551e-01
1.420107334852218628e-01
1.419870406389236450e-01
1.419648230075836182e-01
1.419488489627838135e-01
1.419426202774047852e-01
1.419435143470764160e-01
1.419478952884674072e-01
1.419499218463897705e-01
1.419478952884674072e-01
1.419404745101928711e-01
1.419295370578765869e-01
1.419183164834976196e-01
1.419084668159484863e-01
1.419015973806381226e-01
1.418980658054351807e-01
1.418953835964202881e-01
1.418942958116531372e-01
1.418917179107666016e-01
1.418875753879547119e-01
1.418817192316055298e-01
1.418745666742324829e-01
1.418679356575012207e-01
1.418615281581878662e-01
1.418562531471252441e-01
1.418517529964447021e-01
1.418484449386596680e-01
1.418445855379104614e-01
1.418409198522567749e-01
1.418368965387344360e-01
1.418322473764419556e-01
1.418267488479614258e-01
1.418217420578002930e-01
1.418161392211914062e-01
1.418112665414810181e-01
1.418063342571258545e-01
1.418022662401199341e-01
1.417979300022125244e-01
1.417938321828842163e-01
1.417894959449768066e-01
1.417853385210037231e-01
1.417810320854187012e-01
1.417764127254486084e-01
1.417724043130874634e-01
1.417672783136367798e-01
1.417625844478607178e-01
1.417579203844070435e-01
1.417531371116638184e-01
1.417482793331146240e-01
1.417445838451385498e-01
1.417398452758789062e-01
1.417354345321655273e-01
1.417312473058700562e-01
1.417267769575119019e-01
1.417222619056701660e-01
1.417182236909866333e-01
1.417135298252105713e-01
1.417093425989151001e-01
1.417043954133987427e-01
1.417000442743301392e-01
1.416958868503570557e-01
1.416912376880645752e-01
1.416867226362228394e-01
1.416826099157333374e-01
1.416780799627304077e-01
1.416736096143722534e-01
1.416688710451126099e-01
1.416644155979156494e-01
1.416601240634918213e-01
1.416562199592590332e-01
1.416512429714202881e-01
1.416469961404800415e-01
1.416422575712203979e-01
1.416381299495697021e-01
1.416339874267578125e-01
1.416293382644653320e-01
1.416249573230743408e-01
1.416204571723937988e-01
1.416158825159072876e-01
1.416117250919342041e-01
1.416074037551879883e-01
1.416029036045074463e-01
1.415986120700836182e-01
1.415941119194030762e-01
1.415897607803344727e-01
1.415851265192031860e-01
1.415811926126480103e-01
1.415766328573226929e-01
1.415723860263824463e-01
1.415682137012481689e-01
1.415641307830810547e-01
1.415595561265945435e-01
1.415556520223617554e-01
1.415510475635528564e-01
1.415469050407409668e-01
1.415432393550872803e-01
1.415397822856903076e-01
1.415361613035202026e-01
1.415329277515411377e-01
1.415299475193023682e-01
1.415285915136337280e-01
1.415271311998367310e-01
1.415284872055053711e-01
1.415313482284545898e-01
1.415382623672485352e-01
1.415485590696334839e-01
1.415669023990631104e-01
1.415899693965911865e-01
1.416251510381698608e-01
1.416596174240112305e-01
1.417044103145599365e-01
1.417244970798492432e-01
1.417373865842819214e-01
1.416976004838943481e-01
1.416406780481338501e-01
1.415589451789855957e-01
1.414914876222610474e-01
1.414542347192764282e-01
1.414520591497421265e-01
1.414753645658493042e-01
1.415039896965026855e-01
1.415219008922576904e-01
1.415136009454727173e-01
1.414867341518402100e-01
1.414488852024078369e-01
1.414201259613037109e-01
1.414081901311874390e-01
1.414130330085754395e-01
1.414245218038558960e-01
1.414320021867752075e-01
1.414298713207244873e-01
1.414161324501037598e-01
1.413985788822174072e-01
1.413830220699310303e-01
1.413747370243072510e-01
1.413734853267669678e-01
1.413743644952774048e-01
1.413747668266296387e-01
1.413718909025192261e-01
1.413655430078506470e-01
1.413570195436477661e-01
1.413485407829284668e-01
1.413416564464569092e-01
1.413365900516510010e-01
1.413334012031555176e-01
1.413306742906570435e-01
1.413279622793197632e-01
1.413239538669586182e-01
1.413194984197616577e-01
1.413135826587677002e-01
1.413077861070632935e-01
1.413019746541976929e-01
1.412981003522872925e-01
1.412934660911560059e-01
1.412897855043411255e-01
1.412863135337829590e-01
1.412829458713531494e-01
1.412785351276397705e-01
1.412744224071502686e-01
1.412686258554458618e-01
1.412640661001205444e-01
1.412593126296997070e-01
1.412552595138549805e-01
1.412508785724639893e-01
1.412468552589416504e-01
1.412436366081237793e-01
1.412390619516372681e-01
1.412345468997955322e-01
1.412305235862731934e-01
1.412260234355926514e-01
1.412219256162643433e-01
1.412175297737121582e-01
1.412128955125808716e-01
1.412090510129928589e-01
1.412040144205093384e-01
1.412006765604019165e-01
1.411958783864974976e-01
1.411920785903930664e-01
1.411876082420349121e-01
1.411844491958618164e-01
1.411797702312469482e-01
1.411752104759216309e-01
1.411711275577545166e-01
1.411669701337814331e-01
1.411624848842620850e-01
1.411585658788681030e-01
1.411541402339935303e-01
1.411505490541458130e-01
1.411461085081100464e-01
1.411419808864593506e-01
1.411378681659698486e-01
1.411337405443191528e-01
1.411293447017669678e-01
1.411253660917282104e-01
1.411210000514984131e-01
1.411171853542327881e-01
1.411127448081970215e-01
1.411085575819015503e-01
1.411047577857971191e-01
1.411004215478897095e-01
1.410959362983703613e-01
1.410920470952987671e-01
1.410880833864212036e-01
1.410838514566421509e-01
1.410793811082839966e-01
1.410758048295974731e-01
1.410713046789169312e-01
1.410673111677169800e-01
1.410632729530334473e-01
1.410589367151260376e-01
1.410553157329559326e-01
1.410510092973709106e-01
1.410470008850097656e-01
1.410429924726486206e-01
1.410384327173233032e-01
1.410344392061233521e-01
1.410302519798278809e-01
1.410263180732727051e-01
1.410222202539443970e-01
1.410186141729354858e-01
1.410145610570907593e-01
1.410102695226669312e-01
1.410060226917266846e-01
1.410020291805267334e-01
1.409980356693267822e-01
1.409936100244522095e-01
1.409896612167358398e-01
1.409860253334045410e-01
1.409817337989807129e-01
1.409778147935867310e-01
1.409741789102554321e-01
1.409703791141510010e-01
1.409671157598495483e-01
1.409636437892913818e-01
1.409606784582138062e-01
1.409578770399093628e-01
1.409555077552795410e-01
1.409543454647064209e-01
1.409534066915512085e-01
1.409550011157989502e-01
1.409587860107421875e-01
1.409658938646316528e-01
1.409762948751449585e-01
1.409947723150253296e-01
1.410179585218429565e-01
1.410529613494873047e-01
1.410860121250152588e-01
1.411292403936386108e-01
1.411444097757339478e-01
1.411547660827636719e-01
1.411130577325820923e-01
1.410618722438812256e-01
1.409880071878433228e-01
1.409283578395843506e-01
1.408915370702743530e-01
1.408847570419311523e-01
1.408996582031250000e-01
1.409214138984680176e-01
1.409385949373245239e-01
1.409349292516708374e-01
1.409164071083068848e-01
1.408840268850326538e-01
1.408571600914001465e-01
1.408433467149734497e-01
1.408449113368988037e-01
1.408537030220031738e-01
1.408607065677642822e-01
1.408594995737075806e-01
1.408467888832092285e-01
1.408302336931228638e-01
1.408156752586364746e-01
1.408080905675888062e-01
1.408070027828216553e-01
1.408086866140365601e-01
1.408090293407440186e-01
1.408063173294067383e-01
1.407995969057083130e-01
1.407911330461502075e-01
1.407827287912368774e-01
1.407768726348876953e-01
1.407721191644668579e-01
1.407692879438400269e-01
1.407665312290191650e-01
1.407641768455505371e-01
1.407604962587356567e-01
1.407557278871536255e-01
1.407507956027984619e-01
1.407453566789627075e-01
1.407399475574493408e-01
1.407351344823837280e-01
1.407314985990524292e-01
1.407281905412673950e-01
1.407249867916107178e-01
1.407216042280197144e-01
1.407177597284317017e-01
1.407133340835571289e-01
1.407082229852676392e-01
1.407039612531661987e-01
1.406990438699722290e-01
1.406955868005752563e-01
1.406917572021484375e-01
1.406881064176559448e-01
1.406845152378082275e-01
1.406808495521545410e-01
1.406766176223754883e-01
1.406729221343994141e-01
1.406684815883636475e-01
1.406643241643905640e-01
1.406600624322891235e-01
1.406558454036712646e-01
1.406521201133728027e-01
1.406481713056564331e-01
1.406443268060684204e-01
1.406402736902236938e-01
1.406365185976028442e-01
1.406327486038208008e-01
1.406285166740417480e-01
1.406246125698089600e-01
1.406207829713821411e-01
1.406166106462478638e-01
1.406127214431762695e-01
1.406081914901733398e-01
1.406046599149703979e-01
1.406004577875137329e-01
1.405971646308898926e-01
1.405930221080780029e-01
1.405893564224243164e-01
1.405854672193527222e-01
1.405815780162811279e-01
1.405776590108871460e-01
1.405736804008483887e-01
1.405697315931320190e-01
1.405660510063171387e-01
1.405623406171798706e-01
1.405586749315261841e-01
1.405550241470336914e-01
1.405512988567352295e-01
1.405477821826934814e-01
1.405442655086517334e-01
1.405408978462219238e-01
1.405383199453353882e-01
1.405357122421264648e-01
1.405335515737533569e-01
1.405315846204757690e-01
1.405306905508041382e-01
1.405306160449981689e-01
1.405305266380310059e-01
1.405312865972518921e-01
1.405318975448608398e-01
1.405323445796966553e-01
1.405316442251205444e-01
1.405307799577713013e-01
1.405292749404907227e-01
1.405290961265563965e-01
1.405299603939056396e-01
1.405336558818817139e-01
1.405360251665115356e-01
1.405394971370697021e-01
1.405378878116607666e-01
1.405350267887115479e-01
1.405244767665863037e-01
1.405144035816192627e-01
1.404999494552612305e-01
1.404867023229598999e-01
1.404726803302764893e-01
1.404600888490676880e-01
1.404483765363693237e-01
1.404387503862380981e-01
1.404303461313247681e-01
1.404238194227218628e-01
1.404199004173278809e-01
1.404173672199249268e-01
1.404156833887100220e-01
1.404146850109100342e-01
1.404137462377548218e-01
1.404117643833160400e-01
1.404091119766235352e-01
1.404058486223220825e-01
1.404019892215728760e-01
1.403971910476684570e-01
1.403934061527252197e-01
1.403885781764984131e-01
1.403836309909820557e-01
1.403788179159164429e-01
1.403732150793075562e-01
1.403681188821792603e-01
1.403626054525375366e-01
1.403573751449584961e-01
1.403521597385406494e-01
1.403477638959884644e-01
1.403430998325347900e-01
1.403393149375915527e-01
1.403350681066513062e-01
1.403308510780334473e-01
1.403269171714782715e-01
1.403230726718902588e-01
1.403187364339828491e-01
1.403150111436843872e-01
1.403110176324844360e-01
1.403072327375411987e-01
1.403033137321472168e-01
1.402996182441711426e-01
1.402957290410995483e-01
1.402919143438339233e-01
1.402883380651473999e-01
1.402846425771713257e-01
1.402806788682937622e-01
1.402769535779953003e-01
1.402732133865356445e-01
1.402692794799804688e-01
1.402657628059387207e-01
1.402625888586044312e-01
1.402591764926910400e-01
1.402553915977478027e-01
1.402523666620254517e-01
1.402494013309478760e-01
1.402468234300613403e-01
1.402444392442703247e-01
1.402428001165390015e-01
1.402418017387390137e-01
1.402425169944763184e-01
1.402451246976852417e-01
1.402501910924911499e-01
1.402598023414611816e-01
1.402740925550460815e-01
1.402969062328338623e-01
1.403249204158782959e-01
1.403674930334091187e-01
1.404085159301757812e-01
1.404612958431243896e-01
1.404847055673599243e-01
1.404986977577209473e-01
1.404508054256439209e-01
1.403820812702178955e-01
1.402860879898071289e-01
1.402104347944259644e-01
1.401712149381637573e-01
1.401737928390502930e-01
1.402039378881454468e-01
1.402386873960494995e-01
1.402596980333328247e-01
1.402504891157150269e-01
1.402211636304855347e-01
1.401802897453308105e-01
1.401477456092834473e-01
1.401335597038269043e-01
1.401376873254776001e-01
1.401518583297729492e-01
1.401632875204086304e-01
1.401648074388504028e-01
1.401533037424087524e-01
1.401347965002059937e-01
1.401165127754211426e-01
1.401047259569168091e-01
1.401012390851974487e-01
1.401032060384750366e-01
1.401066333055496216e-01
1.401071846485137939e-01
1.401032507419586182e-01
1.400948166847229004e-01
1.400850415229797363e-01
1.400760114192962646e-01
1.400702595710754395e-01
1.400673240423202515e-01
1.400661617517471313e-01
1.400651782751083374e-01
1.400628387928009033e-01
1.400589793920516968e-01
1.400539726018905640e-01
1.400478482246398926e-01
1.400421112775802612e-01
1.400368064641952515e-01
1.400332301855087280e-01
1.400298476219177246e-01
1.400272995233535767e-01
1.400244981050491333e-01
1.400209069252014160e-01
1.400168091058731079e-01
1.400128006935119629e-01
1.400083154439926147e-01
1.400038003921508789e-01
1.399995088577270508e-01
1.399960070848464966e-01
1.399923712015151978e-01
1.399887055158615112e-01
1.399852633476257324e-01
1.399822831153869629e-01
1.399780362844467163e-01
1.399743407964706421e-01
1.399706304073333740e-01
1.399666666984558105e-01
1.399626731872558594e-01
1.399586349725723267e-01
1.399551182985305786e-01
1.399516463279724121e-01
1.399474740028381348e-01
1.399442851543426514e-01
1.399404108524322510e-01
1.399368643760681152e-01
1.399333328008651733e-01
1.399295181035995483e-01
1.399256139993667603e-01
1.399221718311309814e-01
1.399185359477996826e-01
1.399143636226654053e-01
1.399111300706863403e-01
1.399070918560028076e-01
1.399032473564147949e-01
1.398996859788894653e-01
1.398960947990417480e-01
1.398925185203552246e-01
1.398888826370239258e-01
1.398851871490478516e-01
1.398809850215911865e-01
1.398775726556777954e-01
1.398740559816360474e-01
1.398704051971435547e-01
1.398667097091674805e-01
1.398632675409317017e-01
1.398593485355377197e-01
1.398556530475616455e-01
1.398521661758422852e-01
1.398479640483856201e-01
1.398446261882781982e-01
1.398408710956573486e-01
1.398372054100036621e-01
1.398336887359619141e-01
1.398299336433410645e-01
1.398265510797500610e-01
1.398224383592605591e-01
1.398188173770904541e-01
1.398154795169830322e-01
1.398117542266845703e-01
1.398076117038726807e-01
1.398042291402816772e-01
1.398008465766906738e-01
1.397971212863922119e-01
1.397938281297683716e-01
1.397899687290191650e-01
1.397865414619445801e-01
1.397833228111267090e-01
1.397797912359237671e-01
1.397766172885894775e-01
1.397733092308044434e-01
1.397707164287567139e-01
1.397679150104522705e-01
1.397653222084045410e-01
1.397639811038970947e-01
1.397629976272583008e-01
1.397634148597717285e-01
1.397650539875030518e-01
1.397695988416671753e-01
1.397760510444641113e-01
1.397881656885147095e-01
1.398028880357742310e-01
1.398264765739440918e-01
1.398509740829467773e-01
1.398872137069702148e-01
1.399120092391967773e-01
1.399439126253128052e-01
1.399453133344650269e-01
1.399427801370620728e-01
1.399051249027252197e-01
1.398634761571884155e-01
1.398106813430786133e-01
1.397662013769149780e-01
1.397346705198287964e-01
1.397169083356857300e-01
1.397114396095275879e-01
1.397151947021484375e-01
1.397262364625930786e-01
1.397358477115631104e-01
1.397390812635421753e-01
1.397285461425781250e-01
1.397062093019485474e-01
1.396778225898742676e-01
1.396558880805969238e-01
1.396479457616806030e-01
1.396530866622924805e-01
1.396623402833938599e-01
1.396676450967788696e-01
1.396635472774505615e-01
1.396528482437133789e-01
1.396408677101135254e-01
1.396320462226867676e-01
1.396262645721435547e-01
1.396216750144958496e-01
1.396170854568481445e-01
1.396116316318511963e-01
1.396080702543258667e-01
1.396070867776870728e-01
1.396060287952423096e-01
1.396033912897109985e-01
1.395984441041946411e-01
1.395917385816574097e-01
1.395854502916336060e-01
1.395795792341232300e-01
1.395755708217620850e-01
1.395722627639770508e-01
1.395689249038696289e-01
1.395658701658248901e-01
1.395623832941055298e-01
1.395593583583831787e-01
1.395559906959533691e-01
1.395522505044937134e-01
1.395482569932937622e-01
1.395435929298400879e-01
1.395394653081893921e-01
1.395348906517028809e-01
1.395310461521148682e-01
1.395275890827178955e-01
1.395239531993865967e-01
1.395205259323120117e-01
1.395174264907836914e-01
1.395134627819061279e-01
1.395096480846405029e-01
1.395065933465957642e-01
1.395030915737152100e-01
1.394993364810943604e-01
1.394951641559600830e-01
1.394917070865631104e-01
1.394877582788467407e-01
1.394837349653244019e-01
1.394803822040557861e-01
1.394764184951782227e-01
1.394732445478439331e-01
1.394693106412887573e-01
1.394651085138320923e-01
1.394617259502410889e-01
1.394586116075515747e-01
1.394551545381546021e-01
1.394512355327606201e-01
1.394475549459457397e-01
1.394440531730651855e-01
1.394401490688323975e-01
1.394371241331100464e-01
1.394331455230712891e-01
1.394293457269668579e-01
1.394259631633758545e-01
1.394222378730773926e-01
1.394189745187759399e-01
1.394152790307998657e-01
1.394116431474685669e-01
1.394080221652984619e-01
1.394046247005462646e-01
1.394011080265045166e-01
1.393975466489791870e-01
1.393940746784210205e-01
1.393904983997344971e-01
1.393871903419494629e-01
1.393837630748748779e-01
1.393807679414749146e-01
1.393780559301376343e-01
1.393747776746749878e-01
1.393731087446212769e-01
1.393704563379287720e-01
1.393689662218093872e-01
1.393686830997467041e-01
1.393688321113586426e-01
1.393712013959884644e-01
1.393752098083496094e-01
1.393834799528121948e-01
1.393941640853881836e-01
1.394125521183013916e-01
1.394334882497787476e-01
1.394646763801574707e-01
1.394938677549362183e-01
1.395337432622909546e-01
1.395536661148071289e-01
1.395738720893859863e-01
1.395517885684967041e-01
1.395181268453598022e-01
1.394522786140441895e-01
1.393875777721405029e-01
1.393307745456695557e-01
1.392996013164520264e-01
1.392936855554580688e-01
1.393083333969116211e-01
1.393312811851501465e-01
1.393489986658096313e-01
1.393567323684692383e-01
1.393451392650604248e-01
1.393230408430099487e-01
1.392947137355804443e-01
1.392708420753479004e-01
1.392563581466674805e-01
1.392543464899063110e-01
1.392592191696166992e-01
1.392658203840255737e-01
1.392704993486404419e-01
1.392681151628494263e-01
1.392607837915420532e-01
1.392490863800048828e-01
1.392372250556945801e-01
1.392272263765335083e-01
1.392205655574798584e-01
1.392173469066619873e-01
1.392163485288619995e-01
1.392159163951873779e-01
1.392148286104202271e-01
1.392129212617874146e-01
1.392084360122680664e-01
1.392028033733367920e-01
1.391966193914413452e-01
1.391903311014175415e-01
1.391847729682922363e-01
1.391800642013549805e-01
1.391761302947998047e-01
1.391738057136535645e-01
1.391707807779312134e-01
1.391678452491760254e-01
1.391650438308715820e-01
1.391617804765701294e-01
1.391575932502746582e-01
1.391531527042388916e-01
1.391490548849105835e-01
1.391446441411972046e-01
1.391405165195465088e-01
1.391365379095077515e-01
1.391322165727615356e-01
1.391289085149765015e-01
1.391254812479019165e-01
1.391216963529586792e-01
1.391188651323318481e-01
1.391155868768692017e-01
1.391118019819259644e-01
1.391086727380752563e-01
1.391051262617111206e-01
1.391012072563171387e-01
1.390977650880813599e-01
1.390938162803649902e-01
1.390897035598754883e-01
1.390860229730606079e-01
1.390819102525711060e-01
1.390782594680786133e-01
1.390743404626846313e-01
1.390708386898040771e-01
1.390672773122787476e-01
1.390635669231414795e-01
1.390596330165863037e-01
1.390561014413833618e-01
1.390526145696640015e-01
1.390491724014282227e-01
1.390454620122909546e-01
1.390418559312820435e-01
1.390384435653686523e-01
1.390350461006164551e-01
1.390314996242523193e-01
1.390279829502105713e-01
1.390243321657180786e-01
1.390209197998046875e-01
1.390176713466644287e-01
1.390141397714614868e-01
1.390104889869689941e-01
1.390076875686645508e-01
1.390043646097183228e-01
1.390014141798019409e-01
1.389984935522079468e-01
1.389961391687393188e-01
1.389939337968826294e-01
1.389920115470886230e-01
1.389910280704498291e-01
1.389905959367752075e-01
1.389920115470886230e-01
1.389944553375244141e-01
1.389991343021392822e-01
1.390065997838973999e-01
1.390188187360763550e-01
1.390333622694015503e-01
1.390555053949356079e-01
1.390769183635711670e-01
1.391077935695648193e-01
1.391270607709884644e-01
1.391506791114807129e-01
1.391462832689285278e-01
1.391383111476898193e-01
1.390992403030395508e-01
1.390567421913146973e-01
1.390047371387481689e-01
1.389616280794143677e-01
1.389318704605102539e-01
1.389190107583999634e-01
1.389202624559402466e-01
1.389297991991043091e-01
1.389416307210922241e-01
1.389481574296951294e-01
1.389487981796264648e-01
1.389392316341400146e-01
1.389247626066207886e-01
1.389071345329284668e-01
1.388918757438659668e-01
1.388808935880661011e-01
1.388746798038482666e-01
1.388724595308303833e-01
1.388720870018005371e-01
1.388713419437408447e-01
1.388700902462005615e-01
1.388666778802871704e-01
1.388619393110275269e-01
1.388564854860305786e-01
1.388503313064575195e-01
1.388442665338516235e-01
1.388384103775024414e-01
1.388321220874786377e-01
1.388266086578369141e-01
1.388222873210906982e-01
1.388188302516937256e-01
1.388164758682250977e-01
1.388147324323654175e-01
1.388121992349624634e-01
1.388091444969177246e-01
1.388054490089416504e-01
1.388008147478103638e-01
1.387959867715835571e-01
1.387903541326522827e-01
1.387856602668762207e-01
1.387816965579986572e-01
1.387777179479598999e-01
1.387740224599838257e-01
1.387708038091659546e-01
1.387677341699600220e-01
1.387643218040466309e-01
1.387608647346496582e-01
1.387575864791870117e-01
1.387540847063064575e-01
1.387505829334259033e-01
1.387472152709960938e-01
1.387432068586349487e-01
1.387394517660140991e-01
1.387354731559753418e-01
1.387317776679992676e-01
1.387280821800231934e-01
1.387239694595336914e-01
1.387201845645904541e-01
1.387168765068054199e-01
1.387131661176681519e-01
1.387096047401428223e-01
1.387060135602951050e-01
1.387024819850921631e-01
1.386985629796981812e-01
1.386951953172683716e-01
1.386916041374206543e-01
1.386876851320266724e-01
1.386842578649520874e-01
1.386806070804595947e-01
1.386767923831939697e-01
1.386733204126358032e-01
1.386699229478836060e-01
1.386657953262329102e-01
1.386626213788986206e-01
1.386590451002120972e-01
1.386552453041076660e-01
1.386519223451614380e-01
1.386487334966659546e-01
1.386453062295913696e-01
1.386417597532272339e-01
1.386388093233108521e-01
1.386357992887496948e-01
1.386329382658004761e-01
1.386307179927825928e-01
1.386285573244094849e-01
1.386272311210632324e-01
1.386268287897109985e-01
1.386280506849288940e-01
1.386311650276184082e-01
1.386373341083526611e-01
1.386471241712570190e-01
1.386642456054687500e-01
1.386865973472595215e-01
1.387229561805725098e-01
1.387628912925720215e-01
1.388228535652160645e-01
1.388665735721588135e-01
1.389215737581253052e-01
1.389188915491104126e-01
1.389026343822479248e-01
1.388206332921981812e-01
1.387343853712081909e-01
1.386486291885375977e-01
1.385960131883621216e-01
1.385813653469085693e-01
1.385968774557113647e-01
1.386241465806961060e-01
1.386408954858779907e-01
1.386444717645645142e-01
1.386236548423767090e-01
1.385949105024337769e-01
1.385648846626281738e-01
1.385454386472702026e-01
1.385383009910583496e-01
1.385407000780105591e-01
1.385457068681716919e-01
1.385470628738403320e-01
1.385434716939926147e-01
1.385346204042434692e-01
1.385238319635391235e-01
1.385130733251571655e-01
1.385035961866378784e-01
1.384975761175155640e-01
1.384936273097991943e-01
1.384916454553604126e-01
1.384909301996231079e-01
1.384898424148559570e-01
1.384865343570709229e-01
1.384799629449844360e-01
1.384720653295516968e-01
1.384635120630264282e-01
1.384575515985488892e-01
1.384547799825668335e-01
1.384539753198623657e-01
1.384532600641250610e-01
1.384508609771728516e-01
1.384467631578445435e-01
1.384412050247192383e-01
1.384352445602416992e-01
1.384299695491790771e-01
1.384266316890716553e-01
1.384231746196746826e-01
1.384207755327224731e-01
1.384178698062896729e-01
1.384139806032180786e-01
1.384103149175643921e-01
1.384064555168151855e-01
1.384031325578689575e-01
1.383990794420242310e-01
1.383956670761108398e-01
1.383918672800064087e-01
1.383883059024810791e-01
1.383842825889587402e-01
1.383807361125946045e-01
1.383773833513259888e-01
1.383741945028305054e-01
1.383707970380783081e-01
1.383675336837768555e-01
1.383641064167022705e-01
1.383609622716903687e-01
1.383572518825531006e-01
1.383535712957382202e-01
1.383500695228576660e-01
1.383466720581054688e-01
1.383429914712905884e-01
1.383393406867980957e-01
1.383363008499145508e-01
1.383327990770339966e-01
1.383291631937026978e-01
1.383258551359176636e-01
1.383222341537475586e-01
1.383190006017684937e-01
1.383157819509506226e-01
1.383122354745864868e-01
1.383086144924163818e-01
1.383052170276641846e-01
1.383016705513000488e-01
1.382982134819030762e-01
1.382950395345687866e-01
1.382912993431091309e-01
1.382880061864852905e-01
1.382848918437957764e-01
1.382812857627868652e-01
1.382780820131301880e-01
1.382746845483779907e-01
1.382712125778198242e-01
1.382677108049392700e-01
1.382643133401870728e-01
1.382609009742736816e-01
1.382574886083602905e-01
1.382542550563812256e-01
1.382506787776947021e-01
1.382473260164260864e-01
1.382441371679306030e-01
1.382404714822769165e-01
1.382374614477157593e-01
1.382337808609008789e-01
1.382302343845367432e-01
1.382272094488143921e-01
1.382239311933517456e-01
1.382207274436950684e-01
1.382170468568801880e-01
1.382139623165130615e-01
1.382106244564056396e-01
1.382073611021041870e-01
1.382038891315460205e-01
1.382009983062744141e-01
1.381977796554565430e-01
1.381949037313461304e-01
1.381919831037521362e-01
1.381893008947372437e-01
1.381873488426208496e-01
1.381849348545074463e-01
1.381843239068984985e-01
1.381846964359283447e-01
1.381856948137283325e-01
1.381899118423461914e-01
1.381973922252655029e-01
1.382106691598892212e-01
1.382298916578292847e-01
1.382616460323333740e-01
1.383007615804672241e-01
1.383612006902694702e-01
1.384177207946777344e-01
1.384944468736648560e-01
1.385231018066406250e-01
1.385464072227478027e-01
1.384843289852142334e-01
1.384051740169525146e-01
1.382932215929031372e-01
1.382029056549072266e-01
1.381510347127914429e-01
1.381456255912780762e-01
1.381735354661941528e-01
1.382070779800415039e-01
1.382329910993576050e-01
1.382256001234054565e-01
1.381977200508117676e-01
1.381546854972839355e-01
1.381182968616485596e-01
1.381006389856338501e-01
1.381031572818756104e-01
1.381171196699142456e-01
1.381278485059738159e-01
1.381293833255767822e-01
1.381167471408843994e-01
1.380982846021652222e-01
1.380796581506729126e-01
1.380684673786163330e-01
1.380654573440551758e-01
1.380673795938491821e-01
1.380710750818252563e-01
1.380699872970581055e-01
1.380656361579895020e-01
1.380580067634582520e-01
1.380483657121658325e-01
1.380401551723480225e-01
1.380346715450286865e-01
1.380318254232406616e-01
1.380319297313690186e-01
1.380307376384735107e-01
1.380293518304824829e-01
1.380247771739959717e-01
1.380189061164855957e-01
1.380125135183334351e-01
1.380070149898529053e-01
1.380028575658798218e-01
1.380008608102798462e-01
1.379987150430679321e-01
1.379970610141754150e-01
1.379938423633575439e-01
1.379899382591247559e-01
1.379857361316680908e-01
1.379811316728591919e-01
1.379775404930114746e-01
1.379743814468383789e-01
1.379712820053100586e-01
1.379681229591369629e-01
1.379655003547668457e-01
1.379621773958206177e-01
1.379588395357131958e-01
1.379556804895401001e-01
1.379520893096923828e-01
1.379487067461013794e-01
1.379455626010894775e-01
1.379420161247253418e-01
1.379387229681015015e-01
1.379354894161224365e-01
1.379321664571762085e-01
1.379291862249374390e-01
1.379261612892150879e-01
1.379230022430419922e-01
1.379193216562271118e-01
1.379166990518569946e-01
1.379135251045227051e-01
1.379102319478988647e-01
1.379069238901138306e-01
1.379037350416183472e-01
1.379006654024124146e-01
1.378971785306930542e-01
1.378939896821975708e-01
1.378909349441528320e-01
1.378879398107528687e-01
1.378845125436782837e-01
1.378815472126007080e-01
1.378784626722335815e-01
1.378753036260604858e-01
1.378719955682754517e-01
1.378690153360366821e-01
1.378659158945083618e-01
1.378629356622695923e-01
1.378595083951950073e-01
1.378566473722457886e-01
1.378530859947204590e-01
1.378497779369354248e-01
1.378469914197921753e-01
1.378436833620071411e-01
1.378407031297683716e-01
1.378372907638549805e-01
1.378339082002639771e-01
1.378308236598968506e-01
1.378281265497207642e-01
1.378247588872909546e-01
1.378216147422790527e-01
1.378186047077178955e-01
1.378152519464492798e-01
1.378126144409179688e-01
1.378092467784881592e-01
1.378060728311538696e-01
1.378027945756912231e-01
1.377994865179061890e-01
1.377965211868286133e-01
1.377937197685241699e-01
1.377906203269958496e-01
1.377877295017242432e-01
1.377844959497451782e-01
1.377811282873153687e-01
1.377779990434646606e-01
1.377746462821960449e-01
1.377719193696975708e-01
1.377685219049453735e-01
1.377654969692230225e-01
1.377624869346618652e-01
1.377596706151962280e-01
1.377561539411544800e-01
1.377534121274948120e-01
1.377505809068679810e-01
1.377471983432769775e-01
1.377442330121994019e-01
1.377410292625427246e-01
1.377380639314651489e-01
1.377348750829696655e-01
1.377319693565368652e-01
1.377292871475219727e-01
1.377269029617309570e-01
1.377242207527160645e-01
1.377218663692474365e-01
1.377204358577728271e-01
1.377195715904235840e-01
1.377201676368713379e-01
1.377224922180175781e-01
1.377277076244354248e-01
1.377384215593338013e-01
1.377572417259216309e-01
1.377866417169570923e-01
1.378375589847564697e-01
1.379044204950332642e-01
1.380104124546051025e-01
1.381071656942367554e-01
1.382290273904800415e-01
1.382364630699157715e-01
1.382153183221817017e-01
1.380618512630462646e-01
1.379168182611465454e-01
1.377916783094406128e-01
1.377380937337875366e-01
1.377416700124740601e-01
1.377760171890258789e-01
1.378146111965179443e-01
1.378190368413925171e-01
1.378024369478225708e-01
1.377537399530410767e-01
1.377065628767013550e-01
1.376754790544509888e-01
1.376747339963912964e-01
1.376941204071044922e-01
1.377073377370834351e-01
1.377032399177551270e-01
1.376770436763763428e-01
1.376481652259826660e-01
1.376331895589828491e-01
1.376356333494186401e-01
1.376460194587707520e-01
1.376482248306274414e-01
1.376382708549499512e-01
1.376213431358337402e-01
1.376088112592697144e-01
1.376058757305145264e-01
1.376092582941055298e-01
1.376103907823562622e-01
1.376050263643264771e-01
1.375950872898101807e-01
1.375867873430252075e-01
1.375830769538879395e-01
1.375829577445983887e-01
1.375822871923446655e-01
1.375782191753387451e-01
1.375718861818313599e-01
1.375657021999359131e-01
1.375619769096374512e-01
1.375605762004852295e-01
1.375599801540374756e-01
1.375565528869628906e-01
1.375514864921569824e-01
1.375461071729660034e-01
1.375425308942794800e-01
1.375401765108108521e-01
1.375391483306884766e-01
1.375367492437362671e-01
1.375328004360198975e-01
1.375283002853393555e-01
1.375241577625274658e-01
1.375209689140319824e-01
1.375188231468200684e-01
1.375169754028320312e-01
1.375140547752380371e-01
1.375103443861007690e-01
1.375069916248321533e-01
1.375031620264053345e-01
1.375003010034561157e-01
1.374976336956024170e-01
1.374952197074890137e-01
1.374920308589935303e-01
1.374889463186264038e-01
1.374859660863876343e-01
1.374826580286026001e-01
1.374798417091369629e-01
1.374770104885101318e-01
1.374740153551101685e-01
1.374715566635131836e-01
1.374682784080505371e-01
1.374650299549102783e-01
1.374620050191879272e-01
1.374591886997222900e-01
1.374559849500656128e-01
1.374538838863372803e-01
1.374505907297134399e-01
1.374475806951522827e-01
1.374441534280776978e-01
1.374413520097732544e-01
1.374384462833404541e-01
1.374357640743255615e-01
1.374328583478927612e-01
1.374300718307495117e-01
1.374267935752868652e-01
1.374238431453704834e-01
1.374211907386779785e-01
1.374181509017944336e-01
1.374152153730392456e-01
1.374122202396392822e-01
1.374091356992721558e-01
1.374064683914184570e-01
1.374037861824035645e-01
1.374005377292633057e-01
1.373977214097976685e-01
1.373949646949768066e-01
1.373922377824783325e-01
1.373893320560455322e-01
1.373864114284515381e-01
1.373835057020187378e-01
1.373800635337829590e-01
1.373775005340576172e-01
1.373744904994964600e-01
1.373717188835144043e-01
1.373689025640487671e-01
1.373658180236816406e-01
1.373633742332458496e-01
1.373603492975234985e-01
1.373572945594787598e-01
1.373549103736877441e-01
1.373516917228698730e-01
1.373488306999206543e-01
1.373455673456192017e-01
1.373432874679565430e-01
1.373399198055267334e-01
1.373371630907058716e-01
1.373343169689178467e-01
1.373312026262283325e-01
1.373284608125686646e-01
1.373257637023925781e-01
1.373228430747985840e-01
1.373200714588165283e-01
1.373171508312225342e-01
1.373143494129180908e-01
1.373113393783569336e-01
1.373084634542465210e-01
1.373054832220077515e-01
1.373027116060256958e-01
1.372999101877212524e-01
1.372968256473541260e-01
1.372939050197601318e-01
1.372911781072616577e-01
1.372883021831512451e-01
1.372854858636856079e-01
1.372827142477035522e-01
1.372800171375274658e-01
1.372767835855484009e-01
1.372744888067245483e-01
1.372717618942260742e-01
1.372690349817276001e-01
1.372657865285873413e-01
1.372631490230560303e-01
1.372603178024291992e-01
1.372577100992202759e-01
1.372552067041397095e-01
1.372528523206710815e-01
1.372501999139785767e-01
1.372477561235427856e-01
1.372461318969726562e-01
1.372448652982711792e-01
1.372434943914413452e-01
1.372435539960861206e-01
1.372447460889816284e-01
1.372474431991577148e-01
1.372529864311218262e-01
1.372627764940261841e-01
1.372775882482528687e-01
1.373018026351928711e-01
1.373343616724014282e-01
1.373853087425231934e-01
1.374433636665344238e-01
1.375249624252319336e-01
1.375875324010848999e-01
1.376565694808959961e-01
1.376419961452484131e-01
1.376004815101623535e-01
1.374739706516265869e-01
1.373496949672698975e-01
1.372448801994323730e-01
1.371985375881195068e-01
1.372096091508865356e-01
1.372541487216949463e-01
1.373058706521987915e-01
1.373265385627746582e-01
1.373188793659210205e-01
1.372713446617126465e-01
1.372174024581909180e-01
1.371757835149765015e-01
1.371630281209945679e-01
1.371762305498123169e-01
1.372001320123672485e-01
1.372184902429580688e-01
1.372154504060745239e-01
1.371971368789672852e-01
1.371689587831497192e-01
1.371468752622604370e-01
1.371373981237411499e-01
1.371407359838485718e-01
1.371498107910156250e-01
1.371562629938125610e-01
1.371558606624603271e-01
1.371468901634216309e-01
1.371350735425949097e-01
1.371234059333801270e-01
1.371164172887802124e-01
1.371143162250518799e-01
1.371144503355026245e-01
1.371153891086578369e-01
1.371149122714996338e-01
1.371117979288101196e-01
1.371068358421325684e-01
1.371009796857833862e-01
1.370956152677536011e-01
1.370909065008163452e-01
1.370877027511596680e-01
1.370858103036880493e-01
1.370842903852462769e-01
1.370825618505477905e-01
1.370800733566284180e-01
1.370771974325180054e-01
1.370733231306076050e-01
1.370693147182464600e-01
1.370653510093688965e-01
1.370617449283599854e-01
1.370592713356018066e-01
1.370567083358764648e-01
1.370548754930496216e-01
1.370529681444168091e-01
1.370504349470138550e-01
1.370473057031631470e-01
1.370438337326049805e-01
1.370403617620468140e-01
1.370373219251632690e-01
1.370345503091812134e-01
1.370315998792648315e-01
1.370290368795394897e-01
1.370266973972320557e-01
1.370239704847335815e-01
1.370214670896530151e-01
1.370187699794769287e-01
1.370155364274978638e-01
1.370131075382232666e-01
1.370103210210800171e-01
1.370074599981307983e-01
1.370045244693756104e-01
1.370015740394592285e-01
1.369985938072204590e-01
1.369960010051727295e-01
1.369933485984802246e-01
1.369910836219787598e-01
1.369883865118026733e-01
1.369850635528564453e-01
1.369827985763549805e-01
1.369799524545669556e-01
1.369770914316177368e-01
1.369742751121520996e-01
1.369717568159103394e-01
1.369690746068954468e-01
1.369660645723342896e-01
1.369636207818984985e-01
1.369608640670776367e-01
1.369582414627075195e-01
1.369555592536926270e-01
1.369524151086807251e-01
1.369498223066329956e-01
1.369467228651046753e-01
1.369445174932479858e-01
1.369417905807495117e-01
1.369389891624450684e-01
1.369361728429794312e-01
1.369336992502212524e-01
1.369308531284332275e-01
1.369281560182571411e-01
1.369256079196929932e-01
1.369228512048721313e-01
1.369203329086303711e-01
1.369175761938095093e-01
1.369151622056961060e-01
1.369127631187438965e-01
1.369100660085678101e-01
1.369078010320663452e-01
1.369054764509201050e-01
1.369031518697738647e-01
1.369010806083679199e-01
1.368991434574127197e-01
1.368976384401321411e-01
1.368968337774276733e-01
1.368962228298187256e-01
1.368971168994903564e-01
1.368989497423171997e-01
1.369023025035858154e-01
1.369072794914245605e-01
1.369147896766662598e-01
1.369239836931228638e-01
1.369342505931854248e-01
1.369429230690002441e-01
1.369482278823852539e-01
1.369466036558151245e-01
1.369387656450271606e-01
1.369237452745437622e-01
1.369088143110275269e-01
1.368951797485351562e-01
1.368889212608337402e-01
1.368891745805740356e-01
1.368949860334396362e-01
1.369049698114395142e-01
1.369165480136871338e-01
1.369286030530929565e-01
1.369445025920867920e-01
1.369598507881164551e-01
1.369786411523818970e-01
1.369862109422683716e-01
1.369889080524444580e-01
1.369690448045730591e-01
1.369454264640808105e-01
1.369110345840454102e-01
1.368856877088546753e-01
1.368666142225265503e-01
1.368570178747177124e-01
1.368513554334640503e-01
1.368436068296432495e-01
1.368338316679000854e-01
1.368206739425659180e-01
1.368094384670257568e-01
1.368020772933959961e-01
1.367993950843811035e-01
1.368008852005004883e-01
1.368039399385452271e-01
1.368062794208526611e-01
1.368065476417541504e-01
1.368040591478347778e-01
1.367985308170318604e-01
1.367908418178558350e-01
1.367819905281066895e-01
1.367723345756530762e-01
1.367648690938949585e-01
1.367589384317398071e-01
1.367555558681488037e-01
1.367543339729309082e-01
1.367540061473846436e-01
1.367536336183547974e-01
1.367519497871398926e-01
1.367493122816085815e-01
1.367455422878265381e-01
1.367419213056564331e-01
1.367382407188415527e-01
1.367348581552505493e-01
1.367321014404296875e-01
1.367299109697341919e-01
1.367280930280685425e-01
1.367257833480834961e-01
1.367231309413909912e-01
1.367202997207641602e-01
1.367173641920089722e-01
1.367143541574478149e-01
1.367108970880508423e-01
1.367076337337493896e-01
1.367049068212509155e-01
1.367019861936569214e-01
1.366992145776748657e-01
1.366961449384689331e-01
1.366938948631286621e-01
1.366916298866271973e-01
1.366890072822570801e-01
1.366867572069168091e-01
1.366847455501556396e-01
1.366823613643646240e-01
1.366800814867019653e-01
1.366778612136840820e-01
1.366758495569229126e-01
1.366739869117736816e-01
1.366724520921707153e-01
1.366713196039199829e-01
1.366706192493438721e-01
1.366705745458602905e-01
1.366719007492065430e-01
1.366740614175796509e-01
1.366776973009109497e-01
1.366840153932571411e-01
1.366923153400421143e-01
1.367048621177673340e-01
1.367203146219253540e-01
1.367426365613937378e-01
1.367666572332382202e-01
1.368005126714706421e-01
1.368294209241867065e-01
1.368665248155593872e-01
1.368825733661651611e-01
1.368972659111022949e-01
1.368719190359115601e-01
1.368380635976791382e-01
1.367723494768142700e-01
1.367103159427642822e-01
1.366526484489440918e-01
1.366162449121475220e-01
1.366033107042312622e-01
1.366097331047058105e-01
1.366281062364578247e-01
1.366486549377441406e-01
1.366656273603439331e-01
1.366691440343856812e-01
1.366634517908096313e-01
1.366446167230606079e-01
1.366231292486190796e-01
1.366007924079895020e-01
1.365841776132583618e-01
1.365749984979629517e-01
1.365727782249450684e-01
1.365761011838912964e-01
1.365814656019210815e-01
1.365858018398284912e-01
1.365870833396911621e-01
1.365855336189270020e-01
1.365795433521270752e-01
1.365716904401779175e-01
1.365626305341720581e-01
1.365546584129333496e-01
1.365479677915573120e-01
1.365438997745513916e-01
1.365410834550857544e-01
1.365397870540618896e-01
1.365395486354827881e-01
1.365385502576828003e-01
1.365379691123962402e-01
1.365358233451843262e-01
1.365334242582321167e-01
1.365297436714172363e-01
1.365261524915695190e-01
1.365221142768859863e-01
1.365179568529129028e-01
1.365142613649368286e-01
1.365107148885726929e-01
1.365079581737518311e-01
1.365050822496414185e-01
1.365024894475936890e-01
1.365001052618026733e-01
1.364979892969131470e-01
1.364957392215728760e-01
1.364936232566833496e-01
1.364910155534744263e-01
1.364890635013580322e-01
1.364865154027938843e-01
1.364844739437103271e-01
1.364816129207611084e-01
1.364788860082626343e-01
1.364762187004089355e-01
1.364735066890716553e-01
1.364708840847015381e-01
1.364681124687194824e-01
1.364652812480926514e-01
1.364630311727523804e-01
1.364600658416748047e-01
1.364575326442718506e-01
1.364548355340957642e-01
1.364521682262420654e-01
1.364498883485794067e-01
1.364475041627883911e-01
1.364446431398391724e-01
1.364421248435974121e-01
1.364398449659347534e-01
1.364372521638870239e-01
1.364348828792572021e-01
1.364327818155288696e-01
1.364305317401885986e-01
1.364284157752990723e-01
1.364267021417617798e-01
1.364246308803558350e-01
1.364233195781707764e-01
1.364219784736633301e-01
1.364214718341827393e-01
1.364214271306991577e-01
1.364219784736633301e-01
1.364241242408752441e-01
1.364273726940155029e-01
1.364340931177139282e-01
1.364424675703048706e-01
1.364566087722778320e-01
1.364737153053283691e-01
1.365013867616653442e-01
1.365301012992858887e-01
1.365745961666107178e-01
1.366107314825057983e-01
1.366624385118484497e-01
1.366833597421646118e-01
1.367083340883255005e-01
1.366782784461975098e-01
1.366398036479949951e-01
1.365626156330108643e-01
1.364889740943908691e-01
1.364239901304244995e-01
1.363855600357055664e-01
1.363755613565444946e-01
1.363877356052398682e-01
1.364112198352813721e-01
1.364308297634124756e-01
1.364437639713287354e-01
1.364367902278900146e-01
1.364202499389648438e-01
1.363942027091979980e-01
1.363694816827774048e-01
1.363507509231567383e-01
1.363416910171508789e-01
1.363414525985717773e-01
1.363456696271896362e-01
1.363517791032791138e-01
1.363540589809417725e-01
1.363529264926910400e-01
1.363467574119567871e-01
1.363376975059509277e-01
1.363279670476913452e-01
1.363194137811660767e-01
1.363127827644348145e-01
1.363087296485900879e-01
1.363070011138916016e-01
1.363068521022796631e-01
1.363065391778945923e-01
1.363054662942886353e-01
1.363037675619125366e-01
1.363006085157394409e-01
1.362966746091842651e-01
1.362921297550201416e-01
1.362874656915664673e-01
1.362830102443695068e-01
1.362798064947128296e-01
1.362764984369277954e-01
1.362738311290740967e-01
1.362718343734741211e-01
1.362699717283248901e-01
1.362677067518234253e-01
1.362652331590652466e-01
1.362627446651458740e-01
1.362601518630981445e-01
1.362573355436325073e-01
1.362545937299728394e-01
1.362515836954116821e-01
1.362489312887191772e-01
1.362458914518356323e-01
1.362430900335311890e-01
1.362404525279998779e-01
1.362376362085342407e-01
1.362351626157760620e-01
1.362324059009552002e-01
1.362300217151641846e-01
1.362275928258895874e-01
1.362251788377761841e-01
1.362229883670806885e-01
1.362206041812896729e-01
1.362185180187225342e-01
1.362159401178359985e-01
1.362134069204330444e-01
1.362109780311584473e-01
1.362084448337554932e-01
1.362060010433197021e-01
1.362034827470779419e-01
1.362009495496749878e-01
1.361985206604003906e-01
1.361961066722869873e-01
1.361932903528213501e-01
1.361912637948989868e-01
1.361888647079467773e-01
1.361861377954483032e-01
1.361839175224304199e-01
1.361815482378005981e-01
1.361791640520095825e-01
1.361766457557678223e-01
1.361747980117797852e-01
1.361721158027648926e-01
1.361701339483261108e-01
1.361679285764694214e-01
1.361660808324813843e-01
1.361639499664306641e-01
1.361622959375381470e-01
1.361607462167739868e-01
1.361594647169113159e-01
1.361586451530456543e-01
1.361578255891799927e-01
1.361581385135650635e-01
1.361595541238784790e-01
1.361617594957351685e-01
1.361658871173858643e-01
1.361719220876693726e-01
1.361811906099319458e-01
1.361935585737228394e-01
1.362106949090957642e-01
1.362315863370895386e-01
1.362597197294235229e-01
1.362891495227813721e-01
1.363254487514495850e-01
1.363535076379776001e-01
1.363850980997085571e-01
1.363903880119323730e-01
1.363978236913681030e-01
1.363691240549087524e-01
1.363535821437835693e-01
1.363122165203094482e-01
1.362876594066619873e-01
1.362497359514236450e-01
1.362114250659942627e-01
1.361744701862335205e-01
1.361435651779174805e-01
1.361326724290847778e-01
1.361392587423324585e-01
1.361584216356277466e-01
1.361717581748962402e-01
1.361762434244155884e-01
1.361563354730606079e-01
1.361265182495117188e-01
1.360932588577270508e-01
1.360721886157989502e-01
1.360684782266616821e-01
1.360783427953720093e-01
1.360928714275360107e-01
1.361007243394851685e-01
1.360996812582015991e-01
1.360873132944107056e-01
1.360718607902526855e-01
1.360580474138259888e-01
1.360494494438171387e-01
1.360469311475753784e-01
1.360479891300201416e-01
1.360492110252380371e-01
1.360486894845962524e-01
1.360453665256500244e-01
1.360408365726470947e-01
1.360360980033874512e-01
1.360323131084442139e-01
1.360297352075576782e-01
1.360279023647308350e-01
1.360258609056472778e-01
1.360227912664413452e-01
1.360190212726593018e-01
1.360146552324295044e-01
1.360101252794265747e-01
1.360070854425430298e-01
1.360042691230773926e-01
1.360030323266983032e-01
1.360014230012893677e-01
1.360003799200057983e-01
1.359980255365371704e-01
1.359957307577133179e-01
1.359923779964447021e-01
1.359893083572387695e-01
1.359859108924865723e-01
1.359830796718597412e-01
1.359812021255493164e-01
1.359785795211791992e-01
1.359762698411941528e-01
1.359737813472747803e-01
1.359711587429046631e-01
1.359684467315673828e-01
1.359658092260360718e-01
1.359629631042480469e-01
1.359605044126510620e-01
1.359580159187316895e-01
1.359558552503585815e-01
1.359535604715347290e-01
1.359512805938720703e-01
1.359490156173706055e-01
1.359470039606094360e-01
1.359444707632064819e-01
1.359417289495468140e-01
1.359393745660781860e-01
1.359368711709976196e-01
1.359345465898513794e-01
1.359320282936096191e-01
1.359297633171081543e-01
1.359279006719589233e-01
1.359256654977798462e-01
1.359233409166336060e-01
1.359210163354873657e-01
1.359189152717590332e-01
1.359169930219650269e-01
1.359149366617202759e-01
1.359133422374725342e-01
1.359116435050964355e-01
1.359100490808486938e-01
1.359092295169830322e-01
1.359086930751800537e-01
1.359088867902755737e-01
1.359099745750427246e-01
1.359128057956695557e-01
1.359166800975799561e-01
1.359235346317291260e-01
1.359328478574752808e-01
1.359474807977676392e-01
1.359654963016510010e-01
1.359927654266357422e-01
1.360219717025756836e-01
1.360632479190826416e-01
1.360987871885299683e-01
1.361424922943115234e-01
1.361584812402725220e-01
1.361695826053619385e-01
1.361351609230041504e-01
1.360914409160614014e-01
1.360209882259368896e-01
1.359601616859436035e-01
1.359103620052337646e-01
1.358842998743057251e-01
1.358788907527923584e-01
1.358859241008758545e-01
1.358994543552398682e-01
1.359071731567382812e-01
1.359080821275711060e-01
1.358994245529174805e-01
1.358862072229385376e-01
1.358717679977416992e-01
1.358619332313537598e-01
1.358552873134613037e-01
1.358525156974792480e-01
1.358503848314285278e-01
1.358467638492584229e-01
1.358411163091659546e-01
1.358338892459869385e-01
1.358265727758407593e-01
1.358201801776885986e-01
1.358162462711334229e-01
1.358139365911483765e-01
1.358135342597961426e-01
1.358134448528289795e-01
1.358130276203155518e-01
1.358108669519424438e-01
1.358070522546768188e-01
1.358024924993515015e-01
1.357965320348739624e-01
1.357910037040710449e-01
1.357863098382949829e-01
1.357820928096771240e-01
1.357792913913726807e-01
1.357779651880264282e-01
1.357769519090652466e-01
1.357758641242980957e-01
1.357744634151458740e-01
1.357727944850921631e-01
1.357704997062683105e-01
1.357674449682235718e-01
1.357644349336624146e-01
1.357610523700714111e-01
1.357576400041580200e-01
1.357543319463729858e-01
1.357517540454864502e-01
1.357489824295043945e-01
1.357466727495193481e-01
1.357445269823074341e-01
1.357419937849044800e-01
1.357395946979522705e-01
1.357372254133224487e-01
1.357350051403045654e-01
1.357325911521911621e-01
1.357301771640777588e-01
1.357278674840927124e-01
1.357256919145584106e-01
1.357233524322509766e-01
1.357205361127853394e-01
1.357185393571853638e-01
1.357161402702331543e-01
1.357140690088272095e-01
1.357116550207138062e-01
1.357090771198272705e-01
1.357068568468093872e-01
1.357049345970153809e-01
1.357028782367706299e-01
1.357008218765258789e-01
1.356988400220870972e-01
1.356968730688095093e-01
1.356953680515289307e-01
1.356938332319259644e-01
1.356926560401916504e-01
1.356918215751647949e-01
1.356918215751647949e-01
1.356929391622543335e-01
1.356948167085647583e-01
1.356992125511169434e-01
1.357048153877258301e-01
1.357151865959167480e-01
1.357280761003494263e-01
1.357490271329879761e-01
1.357729882001876831e-01
1.358100622892379761e-01
1.358429789543151855e-01
1.358929872512817383e-01
1.359178423881530762e-01
1.359555870294570923e-01
1.359434425830841064e-01
1.359396129846572876e-01
1.358919590711593628e-01
1.358574181795120239e-01
1.358081698417663574e-01
1.357722729444503784e-01
1.357345432043075562e-01
1.357081532478332520e-01
1.356850117444992065e-01
1.356716603040695190e-01
1.356655061244964600e-01
1.356651633977890015e-01
1.356717050075531006e-01
1.356784850358963013e-01
1.356858462095260620e-01
1.356844753026962280e-01
1.356782466173171997e-01
1.356620192527770996e-01
1.356436908245086670e-01
1.356252282857894897e-01
1.356110721826553345e-01
1.356042921543121338e-01
1.356047540903091431e-01
1.356089413166046143e-01
1.356149017810821533e-01
1.356186270713806152e-01
1.356178075075149536e-01
1.356131732463836670e-01
1.356049329042434692e-01
1.355956196784973145e-01
1.355866491794586182e-01
1.355803608894348145e-01
1.355766206979751587e-01
1.355753690004348755e-01
1.355749517679214478e-01
1.355752944946289062e-01
1.355749815702438354e-01
1.355731785297393799e-01
1.355701982975006104e-01
1.355666965246200562e-01
1.355630457401275635e-01
1.355592459440231323e-01
1.355558633804321289e-01
1.355528980493545532e-01
1.355501115322113037e-01
1.355474889278411865e-01
1.355451643466949463e-01
1.355433166027069092e-01
1.355410814285278320e-01
1.355388462543487549e-01
1.355365514755249023e-01
1.355338841676712036e-01
1.355317831039428711e-01
1.355291754007339478e-01
1.355268210172653198e-01
1.355242431163787842e-01
1.355216950178146362e-01
1.355195045471191406e-01
1.355174183845520020e-01
1.355153769254684448e-01
1.355128288269042969e-01
1.355111449956893921e-01
1.355086266994476318e-01
1.355067044496536255e-01
1.355042606592178345e-01
1.355020552873611450e-01
1.354996562004089355e-01
1.354972869157791138e-01
1.354946941137313843e-01
1.354925334453582764e-01
1.354902684688568115e-01
1.354880481958389282e-01
1.354856193065643311e-01
1.354838907718658447e-01
1.354815363883972168e-01
1.354798376560211182e-01
1.354780644178390503e-01
1.354762613773345947e-01
1.354748308658599854e-01
1.354736387729644775e-01
1.354730278253555298e-01
1.354726552963256836e-01
1.354729682207107544e-01
1.354747414588928223e-01
1.354772150516510010e-01
1.354819238185882568e-01
1.354890167713165283e-01
1.355005353689193726e-01
1.355158239603042603e-01
1.355398744344711304e-01
1.355671584606170654e-01
1.356110423803329468e-01
1.356532424688339233e-01
1.357183009386062622e-01
1.357610374689102173e-01
1.358229219913482666e-01
1.358190178871154785e-01
1.358165144920349121e-01
1.357299387454986572e-01
1.356446892023086548e-01
1.355358660221099854e-01
1.354600638151168823e-01
1.354213207960128784e-01
1.354231983423233032e-01
1.354523152112960815e-01
1.354895085096359253e-01
1.355231553316116333e-01
1.355316638946533203e-01
1.355250477790832520e-01
1.354922801256179810e-01
1.354572623968124390e-01
1.354229897260665894e-01
1.354026943445205688e-01
1.353957802057266235e-01
1.354014575481414795e-01
1.354122757911682129e-01
1.354220211505889893e-01
1.354271322488784790e-01
1.354222446680068970e-01
1.354136765003204346e-01
1.353993266820907593e-01
1.353867202997207642e-01
1.353776454925537109e-01
1.353723853826522827e-01
1.353719234466552734e-01
1.353729963302612305e-01
1.353751420974731445e-01
1.353753209114074707e-01
1.353733986616134644e-01
1.353693306446075439e-01
1.353641450405120850e-01
1.353583782911300659e-01
1.353533118963241577e-01
1.353492885828018188e-01
1.353469491004943848e-01
1.353451907634735107e-01
1.353440284729003906e-01
1.353430598974227905e-01
1.353415995836257935e-01
1.353394091129302979e-01
1.353367567062377930e-01
1.353340744972229004e-01
1.353303790092468262e-01
1.353268921375274658e-01
1.353235542774200439e-01
1.353206485509872437e-01
1.353176683187484741e-01
1.353154778480529785e-01
1.353138983249664307e-01
1.353120058774948120e-01
1.353098750114440918e-01
1.353081911802291870e-01
1.353065520524978638e-01
1.353042572736740112e-01
1.353019773960113525e-01
1.353003829717636108e-01
1.352979689836502075e-01
1.352954506874084473e-01
1.352933198213577271e-01
1.352911889553070068e-01
1.352887302637100220e-01
1.352866142988204956e-01
1.352846175432205200e-01
1.352823972702026367e-01
1.352806985378265381e-01
1.352793276309967041e-01
1.352781504392623901e-01
1.352772861719131470e-01
1.352763772010803223e-01
1.352766603231430054e-01
1.352770179510116577e-01
1.352784484624862671e-01
1.352810412645339966e-01
1.352851539850234985e-01
1.352906525135040283e-01
1.352986842393875122e-01
1.353082507848739624e-01
1.353196203708648682e-01
1.353309303522109985e-01
1.353418380022048950e-01
1.353477984666824341e-01
1.353480517864227295e-01
1.353384405374526978e-01
1.353218555450439453e-01
1.352970004081726074e-01
1.352729499340057373e-01
1.352517306804656982e-01
1.352383941411972046e-01
1.352334171533584595e-01
1.352355331182479858e-01
1.352426558732986450e-01
1.352517753839492798e-01
1.352580040693283081e-01
1.352639794349670410e-01
1.352647840976715088e-01
1.352670043706893921e-01
1.352654695510864258e-01
1.352693140506744385e-01
1.352723389863967896e-01
1.352843493223190308e-01
1.352943480014801025e-01
1.353147178888320923e-01
1.353271901607513428e-01
1.353493928909301758e-01
1.353544890880584717e-01
1.353672593832015991e-01
1.353556662797927856e-01
1.353476643562316895e-01
1.353182643651962280e-01
1.352904438972473145e-01
1.352540850639343262e-01
1.352224946022033691e-01
1.351953148841857910e-01
1.351769417524337769e-01
1.351677179336547852e-01
1.351664066314697266e-01
1.351703703403472900e-01
1.351780891418457031e-01
1.351857781410217285e-01
1.351911574602127075e-01
1.351942121982574463e-01
1.351926475763320923e-01
1.351898610591888428e-01
1.351827830076217651e-01
1.351758241653442383e-01
1.351663917303085327e-01
1.351586580276489258e-01
1.351499706506729126e-01
1.351436227560043335e-01
1.351376771926879883e-01
1.351333856582641602e-01
1.351302266120910645e-01
1.351283639669418335e-01
1.351265311241149902e-01
1.351253688335418701e-01
1.351244598627090454e-01
1.351235955953598022e-01
1.351228356361389160e-01
1.351215988397598267e-01
1.351199746131896973e-01
1.351182758808135986e-01
1.351166367530822754e-01
1.351144462823867798e-01
1.351126432418823242e-01
1.351105570793151855e-01
1.351083517074584961e-01
1.351058483123779297e-01
1.351037919521331787e-01
1.351017206907272339e-01
1.350999623537063599e-01
1.350978314876556396e-01
1.350962221622467041e-01
1.350952535867691040e-01
1.350940167903900146e-01
1.350927054882049561e-01
1.350928246974945068e-01
1.350926756858825684e-01
1.350937485694885254e-01
1.350944936275482178e-01
1.350970417261123657e-01
1.350999474525451660e-01
1.351049840450286865e-01
1.351094245910644531e-01
1.351178884506225586e-01
1.351246237754821777e-01
1.351372152566909790e-01
1.351451873779296875e-01
1.351602971553802490e-01
1.351670473814010620e-01
1.351824700832366943e-01
1.351845413446426392e-01
1.351973116397857666e-01
1.351928114891052246e-01
1.352016031742095947e-01
1.351906806230545044e-01
1.351927220821380615e-01
1.351751834154129028e-01
1.351676583290100098e-01
1.351431310176849365e-01
1.351259797811508179e-01
1.350990682840347290e-01
1.350788176059722900e-01
1.350577026605606079e-01
1.350431889295578003e-01
1.350321620702743530e-01
1.350262314081192017e-01
1.350239068269729614e-01
1.350240558385848999e-01
1.350263208150863647e-01
1.350276768207550049e-01
1.350299119949340820e-01
1.350299119949340820e-01
1.350301206111907959e-01
1.350269168615341187e-01
1.350237280130386353e-01
1.350177824497222900e-01
1.350118517875671387e-01
1.350045055150985718e-01
1.349980086088180542e-01
1.349912732839584351e-01
1.349848955869674683e-01
1.349797844886779785e-01
1.349759250879287720e-01
1.349722892045974731e-01
1.349697709083557129e-01
1.349675208330154419e-01
1.349655985832214355e-01
1.349637806415557861e-01
1.349628716707229614e-01
1.349615305662155151e-01
1.349602043628692627e-01
1.349595040082931519e-01
1.349581778049468994e-01
1.349572837352752686e-01
1.349560767412185669e-01
1.349550485610961914e-01
1.349538117647171021e-01
1.349537819623947144e-01
1.349529623985290527e-01
1.349534392356872559e-01
1.349529772996902466e-01
1.349542438983917236e-01
1.349551081657409668e-01
1.349584460258483887e-01
1.349613070487976074e-01
1.349672377109527588e-01
1.349732726812362671e-01
1.349852532148361206e-01
1.349956542253494263e-01
1.350154429674148560e-01
1.350299865007400513e-01
1.350583583116531372e-01
1.350741088390350342e-01
1.351055502891540527e-01
1.351079642772674561e-01
1.351251155138015747e-01
1.351011991500854492e-01
1.350904554128646851e-01
1.350452750921249390e-01
1.350169777870178223e-01
1.349778771400451660e-01
1.349568217992782593e-01
1.349385678768157959e-01
1.349336802959442139e-01
1.349287927150726318e-01
1.349293887615203857e-01
1.349254697561264038e-01
1.349215954542160034e-01
1.349132508039474487e-01
1.349030137062072754e-01
1.348915994167327881e-01
1.348816752433776855e-01
1.348735690116882324e-01
1.348688155412673950e-01
1.348667740821838379e-01
1.348673105239868164e-01
1.348693221807479858e-01
1.348705142736434937e-01
1.348720788955688477e-01
1.348716020584106445e-01
1.348716020584106445e-01
1.348689645528793335e-01
1.348675638437271118e-01
1.348652690649032593e-01
1.348641365766525269e-01
1.348628401756286621e-01
1.348623335361480713e-01
1.348624676465988159e-01
1.348647177219390869e-01
1.348657757043838501e-01
1.348695904016494751e-01
1.348715424537658691e-01
1.348779052495956421e-01
1.348802447319030762e-01
1.348890811204910278e-01
1.348909288644790649e-01
1.349016577005386353e-01
1.349013596773147583e-01
1.349125206470489502e-01
1.349087655544281006e-01
1.349170953035354614e-01
1.349075734615325928e-01
1.349099725484848022e-01
1.348950713872909546e-01
1.348900049924850464e-01
1.348719745874404907e-01
1.348612904548645020e-01
1.348434984683990479e-01
1.348312199115753174e-01
1.348168551921844482e-01
1.348055750131607056e-01
1.347956508398056030e-01
1.347874104976654053e-01
1.347808986902236938e-01
1.347763985395431519e-01
1.347730308771133423e-01
1.347704678773880005e-01
1.347691565752029419e-01
1.347683370113372803e-01
1.347678601741790771e-01
1.347675919532775879e-01
1.347678601741790771e-01
1.347680687904357910e-01
1.347687095403671265e-01
1.347691118717193604e-01
1.347703486680984497e-01
1.347705274820327759e-01
1.347723454236984253e-01
1.347732692956924438e-01
1.347763389348983765e-01
1.347782313823699951e-01
1.347837299108505249e-01
1.347867846488952637e-01
1.347956508398056030e-01
1.348007619380950928e-01
1.348143815994262695e-01
1.348209679126739502e-01
1.348418593406677246e-01
1.348493993282318115e-01
1.348778307437896729e-01
1.348838210105895996e-01
1.349165886640548706e-01
1.349143832921981812e-01
1.349418759346008301e-01
1.349228024482727051e-01
1.349298804998397827e-01
1.348896175622940063e-01
1.348682492971420288e-01
1.348177343606948853e-01
1.347827911376953125e-01
1.347437798976898193e-01
1.347191631793975830e-01
1.347029209136962891e-01
1.346970051527023315e-01
1.346979439258575439e-01
1.347026973962783813e-01
1.347087025642395020e-01
1.347135603427886963e-01
1.347160041332244873e-01
1.347142159938812256e-01
1.347105503082275391e-01
1.347032338380813599e-01
1.346967071294784546e-01
1.346895247697830200e-01
1.346851140260696411e-01
1.346823722124099731e-01
1.346831023693084717e-01
1.346842497587203979e-01
1.346893161535263062e-01
1.346928477287292480e-01
1.347009241580963135e-01
1.347055137157440186e-01
1.347165703773498535e-01
1.347216516733169556e-01
1.347372233867645264e-01
1.347431689500808716e-01
1.347660720348358154e-01
1.347720175981521606e-01
1.348032504320144653e-01
1.348061710596084595e-01
1.348413228988647461e-01
1.348328143358230591e-01
1.348603665828704834e-01
1.348337978124618530e-01
1.348397284746170044e-01
1.347977817058563232e-01
1.347798556089401245e-01
1.347355246543884277e-01
1.347066313028335571e-01
1.346726417541503906e-01
1.346484571695327759e-01
1.346294283866882324e-01
1.346173286437988281e-01
1.346112787723541260e-01
1.346100866794586182e-01
1.346131861209869385e-01
1.346182972192764282e-01
1.346254497766494751e-01
1.346312016248703003e-01
1.346387118101119995e-01
1.346411406993865967e-01
1.346458941698074341e-01
1.346439868211746216e-01
1.346447169780731201e-01
1.346387416124343872e-01
1.346363872289657593e-01
1.346283853054046631e-01
1.346247047185897827e-01
1.346166282892227173e-01
1.346128433942794800e-01
1.346063017845153809e-01
1.346033513545989990e-01
1.345984488725662231e-01
1.345966309309005737e-01
1.345940828323364258e-01
1.345943212509155273e-01
1.345934420824050903e-01
1.345971077680587769e-01
1.345999687910079956e-01
1.346076577901840210e-01
1.346160322427749634e-01
1.346310377120971680e-01
1.346449404954910278e-01
1.346671581268310547e-01
1.346828490495681763e-01
1.347038298845291138e-01
1.347063481807708740e-01
1.347087621688842773e-01
1.346845030784606934e-01
1.346611380577087402e-01
1.346226185560226440e-01
1.345980465412139893e-01
1.345796883106231689e-01
1.345811486244201660e-01
1.345918178558349609e-01
1.346204876899719238e-01
1.346408128738403320e-01
1.346800625324249268e-01
1.346890926361083984e-01
1.347261071205139160e-01
1.347184926271438599e-01
1.347513347864151001e-01
1.347312480211257935e-01
1.347596943378448486e-01
1.347280293703079224e-01
1.347405016422271729e-01
1.346950232982635498e-01
1.346818804740905762e-01
1.346303820610046387e-01
1.345998793840408325e-01
1.345580518245697021e-01
1.345301568508148193e-01
1.345075368881225586e-01
1.344946026802062988e-01
1.344895809888839722e-01
1.344910562038421631e-01
1.344972997903823853e-01
1.345053762197494507e-01
1.345157027244567871e-01
1.345231980085372925e-01
1.345327198505401611e-01
1.345342099666595459e-01
1.345395594835281372e-01
1.345350891351699829e-01
1.345357000827789307e-01
1.345267742872238159e-01
1.345236897468566895e-01
1.345137059688568115e-01
1.345088779926300049e-01
1.344992965459823608e-01
1.344938874244689941e-01
1.344860196113586426e-01
1.344806849956512451e-01
1.344742178916931152e-01
1.344693452119827271e-01
1.344640851020812988e-01
1.344599872827529907e-01
1.344555467367172241e-01
1.344520449638366699e-01
1.344486624002456665e-01
1.344458311796188354e-01
1.344429850578308105e-01
1.344401389360427856e-01
1.344378441572189331e-01
1.344357430934906006e-01
1.344336569309234619e-01
1.344313174486160278e-01
1.344300955533981323e-01
1.344283223152160645e-01
1.344265192747116089e-01
1.344254314899444580e-01
1.344242095947265625e-01
1.344238966703414917e-01
1.344234049320220947e-01
1.344239264726638794e-01
1.344247162342071533e-01
1.344269514083862305e-01
1.344304382801055908e-01
1.344372183084487915e-01
1.344448775053024292e-01
1.344602406024932861e-01
1.344761252403259277e-01
1.345083862543106079e-01
1.345376372337341309e-01
1.346012204885482788e-01
1.346452683210372925e-01
1.347534805536270142e-01
1.347903758287429810e-01
1.349257528781890869e-01
1.348916888236999512e-01
1.349642723798751831e-01
1.348162442445755005e-01
1.347547620534896851e-01
1.345863491296768188e-01
1.344875246286392212e-01
1.344126760959625244e-01
1.343880891799926758e-01
1.344008296728134155e-01
1.344348937273025513e-01
1.344794332981109619e-01
1.345077008008956909e-01
1.345430314540863037e-01
1.345317065715789795e-01
1.345356404781341553e-01
1.344953030347824097e-01
1.344709098339080811e-01
1.344316601753234863e-01
1.344099938869476318e-01
1.343972533941268921e-01
1.344014406204223633e-01
1.344213336706161499e-01
1.344497501850128174e-01
1.344960033893585205e-01
1.345308274030685425e-01
1.345846951007843018e-01
1.345981955528259277e-01
1.346239745616912842e-01
1.345887631177902222e-01
1.345535665750503540e-01
1.344785839319229126e-01
1.344138532876968384e-01
1.343606710433959961e-01
1.343352645635604858e-01
1.343361139297485352e-01
1.343550235033035278e-01
1.343817114830017090e-01
1.344023942947387695e-01
1.344152688980102539e-01
1.344063133001327515e-01
1.343921422958374023e-01
1.343668550252914429e-01
1.343479007482528687e-01
1.343346983194351196e-01
1.343324780464172363e-01
1.343347430229187012e-01
1.343393474817276001e-01
1.343400180339813232e-01
1.343371719121932983e-01
1.343279778957366943e-01
1.343173682689666748e-01
1.343069225549697876e-01
1.343000531196594238e-01
1.342968642711639404e-01
1.342973262071609497e-01
1.342993974685668945e-01
1.343012899160385132e-01
1.343020945787429810e-01
1.343008279800415039e-01
1.342986822128295898e-01
1.342946887016296387e-01
1.342914998531341553e-01
1.342887431383132935e-01
1.342871040105819702e-01
1.342861950397491455e-01
1.342864483594894409e-01
1.342873573303222656e-01
1.342888772487640381e-01
1.342900991439819336e-01
1.342923045158386230e-01
1.342934817075729370e-01
1.342971473932266235e-01
1.343005448579788208e-01
1.343083977699279785e-01
1.343151926994323730e-01
1.343304961919784546e-01
1.343424767255783081e-01
1.343707591295242310e-01
1.343871802091598511e-01
1.344324052333831787e-01
1.344482600688934326e-01
1.345098465681076050e-01
1.345116049051284790e-01
1.345735192298889160e-01
1.345397830009460449e-01
1.345690488815307617e-01
1.344972103834152222e-01
1.344758719205856323e-01
1.343954503536224365e-01
1.343491226434707642e-01
1.342943310737609863e-01
1.342618763446807861e-01
1.342420876026153564e-01
1.342355608940124512e-01
1.342397630214691162e-01
1.342498511075973511e-01
1.342647224664688110e-01
1.342766880989074707e-01
1.342919021844863892e-01
1.342952847480773926e-01
1.343039423227310181e-01
1.342962831258773804e-01
1.342948675155639648e-01
1.342800706624984741e-01
1.342709660530090332e-01
1.342553496360778809e-01
1.342443078756332397e-01
1.342324316501617432e-01
1.342240869998931885e-01
1.342168748378753662e-01
1.342124342918395996e-01
1.342093497514724731e-01
1.342084556818008423e-01
1.342083066701889038e-01
1.342094093561172485e-01
1.342107653617858887e-01
1.342130750417709351e-01
1.342158913612365723e-01
1.342186480760574341e-01
1.342234015464782715e-01
1.342265158891677856e-01
1.342323273420333862e-01
1.342365592718124390e-01
1.342440843582153320e-01
1.342484802007675171e-01
1.342568993568420410e-01
1.342601627111434937e-01
1.342680901288986206e-01
1.342672109603881836e-01
1.342703849077224731e-01
1.342631727457046509e-01
1.342591345310211182e-01
1.342461705207824707e-01
1.342367231845855713e-01
1.342220753431320190e-01
1.342133730649948120e-01
1.342037767171859741e-01
1.342017352581024170e-01
1.342012137174606323e-01
1.342100948095321655e-01
1.342192143201828003e-01
1.342412084341049194e-01
1.342579424381256104e-01
1.342960894107818604e-01
1.343169957399368286e-01
1.343751996755599976e-01
1.343916058540344238e-01
1.344661861658096313e-01
1.344577819108963013e-01
1.345249414443969727e-01
1.344722360372543335e-01
1.344933807849884033e-01
1.344024091958999634e-01
1.343674957752227783e-01
1.342794746160507202e-01
1.342277675867080688e-01
1.341759711503982544e-01
1.341462284326553345e-01
1.341318339109420776e-01
1.341309249401092529e-01
1.341391056776046753e-01
1.341529041528701782e-01
1.341719478368759155e-01
1.341857761144638062e-01
1.342044174671173096e-01
1.342077553272247314e-01
1.342180222272872925e-01
1.342092752456665039e-01
1.342087090015411377e-01
1.341925114393234253e-01
1.341850608587265015e-01
1.341680884361267090e-01
1.341590583324432373e-01
1.341469883918762207e-01
1.341406106948852539e-01
1.341345906257629395e-01
1.341315209865570068e-01
1.341298520565032959e-01
1.341297924518585205e-01
1.341301500797271729e-01
1.341309845447540283e-01
1.341317743062973022e-01
1.341318935155868530e-01
1.341325193643569946e-01
1.341310143470764160e-01
1.341302990913391113e-01
1.341269910335540771e-01
1.341247707605361938e-01
1.341210901737213135e-01
1.341182142496109009e-01
1.341139674186706543e-01
1.341117918491363525e-01
1.341087371110916138e-01
1.341072916984558105e-01
1.341055035591125488e-01
1.341058611869812012e-01
1.341059952974319458e-01
1.341085880994796753e-01
1.341112852096557617e-01
1.341163218021392822e-01
1.341210305690765381e-01
1.341283768415451050e-01
1.341340094804763794e-01
1.341464370489120483e-01
1.341543346643447876e-01
1.341758966445922852e-01
1.341876536607742310e-01
1.342253684997558594e-01
1.342402994632720947e-01
1.343006491661071777e-01
1.343116909265518188e-01
1.343879848718643188e-01
1.343731731176376343e-01
1.344359517097473145e-01
1.343780010938644409e-01
1.343922019004821777e-01
1.343049407005310059e-01
1.342720538377761841e-01
1.341955512762069702e-01
1.341540813446044922e-01
1.341116577386856079e-01
1.340896189212799072e-01
1.340778321027755737e-01
1.340755820274353027e-01
1.340811103582382202e-01
1.340861767530441284e-01
1.340968906879425049e-01
1.340987533330917358e-01
1.341064721345901489e-01
1.341012418270111084e-01
1.341032385826110840e-01
1.340922862291336060e-01
1.340883821249008179e-01
1.340760737657546997e-01
1.340699046850204468e-01
1.340591311454772949e-01
1.340537369251251221e-01
1.340463757514953613e-01
1.340428292751312256e-01
1.340393871068954468e-01
1.340383887290954590e-01
1.340371668338775635e-01
1.340373009443283081e-01
1.340367943048477173e-01
1.340364962816238403e-01
1.340357810258865356e-01
1.340345889329910278e-01
1.340325772762298584e-01
1.340300738811492920e-01
1.340263783931732178e-01
1.340222358703613281e-01
1.340180486440658569e-01
1.340128332376480103e-01
1.340083777904510498e-01
1.340035796165466309e-01
1.339996308088302612e-01
1.339958757162094116e-01
1.339925974607467651e-01
1.339900940656661987e-01
1.339878886938095093e-01
1.339858174324035645e-01
1.339846402406692505e-01
1.339835226535797119e-01
1.339827179908752441e-01
1.339828968048095703e-01
1.339839696884155273e-01
1.339851319789886475e-01
1.339888423681259155e-01
1.339932829141616821e-01
1.340019851922988892e-01
1.340119391679763794e-01
1.340315192937850952e-01
1.340510994195938110e-01
1.340939551591873169e-01
1.341281831264495850e-01
1.342133730649948120e-01
1.342588067054748535e-01
1.344034671783447266e-01
1.344229131937026978e-01
1.345936357975006104e-01
1.345067024230957031e-01
1.345812976360321045e-01
1.343851238489151001e-01
1.343115568161010742e-01
1.341448575258255005e-01
1.340603232383728027e-01
1.340052932500839233e-01
1.339997798204421997e-01
1.340284943580627441e-01
1.340664923191070557e-01
1.341262906789779663e-01
1.341414898633956909e-01
1.341800987720489502e-01
1.341427266597747803e-01
1.341289877891540527e-01
1.340685486793518066e-01
1.340311765670776367e-01
1.339938044548034668e-01
1.339759230613708496e-01
1.339718252420425415e-01
1.339768320322036743e-01
1.339858770370483398e-01
1.339918524026870728e-01
1.339969635009765625e-01
1.339920163154602051e-01
1.339911967515945435e-01
1.339804083108901978e-01
1.339764744043350220e-01
1.339658796787261963e-01
1.339593529701232910e-01
1.339495629072189331e-01
1.339401006698608398e-01
1.339302361011505127e-01
1.339205950498580933e-01
1.339131891727447510e-01
1.339086890220642090e-01
1.339078396558761597e-01
1.339101642370223999e-01
1.339143216609954834e-01
1.339183449745178223e-01
1.339219957590103149e-01
1.339229047298431396e-01
1.339230686426162720e-01
1.339206546545028687e-01
1.339191496372222900e-01
1.339164674282073975e-01
1.339161843061447144e-01
1.339147537946701050e-01
1.339168995618820190e-01
1.339173913002014160e-01
1.339212059974670410e-01
1.339242756366729736e-01
1.339315474033355713e-01
1.339376270771026611e-01
1.339507550001144409e-01
1.339626163244247437e-01
1.339842677116394043e-01
1.340017467737197876e-01
1.340294033288955688e-01
1.340431720018386841e-01
1.340624988079071045e-01
1.340532004833221436e-01
1.340446025133132935e-01
1.340065449476242065e-01
1.339763998985290527e-01
1.339393109083175659e-01
1.339223980903625488e-01
1.339148283004760742e-01
1.339288651943206787e-01
1.339440941810607910e-01
1.339758634567260742e-01
1.339891701936721802e-01
1.340206265449523926e-01
1.340171843767166138e-01
1.340405791997909546e-01
1.340265572071075439e-01
1.340484768152236938e-01
1.340331137180328369e-01
1.340588629245758057e-01
1.340408325195312500e-01
1.340627372264862061e-01
1.340340673923492432e-01
1.340407133102416992e-01
1.340013891458511353e-01
1.339893937110900879e-01
1.339495629072189331e-01
1.339278072118759155e-01
1.338966935873031616e-01
1.338774114847183228e-01
1.338590085506439209e-01
1.338473856449127197e-01
1.338384896516799927e-01
1.338333487510681152e-01
1.338302195072174072e-01
1.338290125131607056e-01
1.338292211294174194e-01
1.338301450014114380e-01
1.338316798210144043e-01
1.338333487510681152e-01
1.338354200124740601e-01
1.338376998901367188e-01
1.338410228490829468e-01
1.338428854942321777e-01
1.338477581739425659e-01
1.338509917259216309e-01
1.338590383529663086e-01
1.338631063699722290e-01
1.338751614093780518e-01
1.338808238506317139e-01
1.338987797498703003e-01
1.339057385921478271e-01
1.339311152696609497e-01
1.339369863271713257e-01
1.339696347713470459e-01
1.339703798294067383e-01
1.340070515871047974e-01
1.339970976114273071e-01
1.340285539627075195e-01
1.340029686689376831e-01
1.340193003416061401e-01
1.339794993400573730e-01
1.339752376079559326e-01
1.339309066534042358e-01
1.339124292135238647e-01
1.338752210140228271e-01
1.338550001382827759e-01
1.338304430246353149e-01
1.338158696889877319e-01
1.338040232658386230e-01
1.337976008653640747e-01
1.337946951389312744e-01
1.337942183017730713e-01
1.337965279817581177e-01
1.337998211383819580e-01
1.338053494691848755e-01
1.338100582361221313e-01
1.338173896074295044e-01
1.338227987289428711e-01
1.338313519954681396e-01
1.338362246751785278e-01
1.338452547788619995e-01
1.338483542203903198e-01
1.338561773300170898e-01
1.338563114404678345e-01
1.338611096143722534e-01
1.338555514812469482e-01
1.338552236557006836e-01
1.338446289300918579e-01
1.338411122560501099e-01
1.338292658329010010e-01
1.338265538215637207e-01
1.338189542293548584e-01
1.338230818510055542e-01
1.338219642639160156e-01
1.338355094194412231e-01
1.338411569595336914e-01
1.338651776313781738e-01
1.338751167058944702e-01
1.339112073183059692e-01
1.339199393987655640e-01
1.339657753705978394e-01
1.339648962020874023e-01
1.340144127607345581e-01
1.339945644140243530e-01
1.340318024158477783e-01
1.339890062808990479e-01
1.340010315179824829e-01
1.339442282915115356e-01
1.339312046766281128e-01
1.338769197463989258e-01
1.338523030281066895e-01
1.338134258985519409e-01
1.337919831275939941e-01
1.337699145078659058e-01
1.337562203407287598e-01
1.337456703186035156e-01
1.337390542030334473e-01
1.337354332208633423e-01
1.337333619594573975e-01
1.337334066629409790e-01
1.337335258722305298e-01
1.337353140115737915e-01
1.337364912033081055e-01
1.337399333715438843e-01
1.337414234876632690e-01
1.337463706731796265e-01
1.337487846612930298e-01
1.337553858757019043e-01
1.337578147649765015e-01
1.337675303220748901e-01
1.337705403566360474e-01
1.337833702564239502e-01
1.337864696979522705e-01
1.338027715682983398e-01
1.338059753179550171e-01
1.338269561529159546e-01
1.338286697864532471e-01
1.338535845279693604e-01
1.338520795106887817e-01
1.338799893856048584e-01
1.338723748922348022e-01
1.338984370231628418e-01
1.338818669319152832e-01
1.339009851217269897e-01
1.338748484849929810e-01
1.338821053504943848e-01
1.338492184877395630e-01
1.338444650173187256e-01
1.338114887475967407e-01
1.337999999523162842e-01
1.337723881006240845e-01
1.337601244449615479e-01
1.337410211563110352e-01
1.337314844131469727e-01
1.337194591760635376e-01
1.337126493453979492e-01
1.337054669857025146e-01
1.337005496025085449e-01
1.336953490972518921e-01
1.336906105279922485e-01
1.336854398250579834e-01
1.336805671453475952e-01
1.336753815412521362e-01
1.336709111928939819e-01
1.336669474840164185e-01
1.336637139320373535e-01
1.336613893508911133e-01
1.336596608161926270e-01
1.336586475372314453e-01
1.336580961942672729e-01
1.336577832698822021e-01
1.336580514907836914e-01
1.336576491594314575e-01
1.336579918861389160e-01
1.336584836244583130e-01
1.336589753627777100e-01
1.336599290370941162e-01
1.336618661880493164e-01
1.336642354726791382e-01
1.336687058210372925e-01
1.336743980646133423e-01
1.336859166622161865e-01
1.336980313062667847e-01
1.337238252162933350e-01
1.337474882602691650e-01
1.338013708591461182e-01
1.338392198085784912e-01
1.339419931173324585e-01
1.339837014675140381e-01
1.341449916362762451e-01
1.341388076543807983e-01
1.343021243810653687e-01
1.341751515865325928e-01
1.342124938964843750e-01
1.340036541223526001e-01
1.339088827371597290e-01
1.337577253580093384e-01
1.336757689714431763e-01
1.336317658424377441e-01
1.336302161216735840e-01
1.336593329906463623e-01
1.337033361196517944e-01
1.337663084268569946e-01
1.337991952896118164e-01
1.338568329811096191e-01
1.338425874710083008e-01
1.338609308004379272e-01
1.338116675615310669e-01
1.338000893592834473e-01
1.337620168924331665e-01
1.337594091892242432e-01
1.337609142065048218e-01
1.337828487157821655e-01
1.338170021772384644e-01
1.338364332914352417e-01
1.338669806718826294e-01
1.338466256856918335e-01
1.338402926921844482e-01
1.337876766920089722e-01
1.337544471025466919e-01
1.337065547704696655e-01
1.336805969476699829e-01
1.336582154035568237e-01
1.336541622877120972e-01
1.336508244276046753e-01
1.336528807878494263e-01
1.336475461721420288e-01
1.336388438940048218e-01
1.336259990930557251e-01
1.336125284433364868e-01
1.336032450199127197e-01
1.335992515087127686e-01
1.336027532815933228e-01
1.336098015308380127e-01
1.336210966110229492e-01
1.336259394884109497e-01
1.336315870285034180e-01
1.336267590522766113e-01
1.336223185062408447e-01
1.336117982864379883e-01
1.336049884557723999e-01
1.335968822240829468e-01
1.335944533348083496e-01
1.335923075675964355e-01
1.335936784744262695e-01
1.335934698581695557e-01
1.335945129394531250e-01
1.335924267768859863e-01
1.335911899805068970e-01
1.335874348878860474e-01
1.335856616497039795e-01
1.335825473070144653e-01
1.335823386907577515e-01
1.335813403129577637e-01
1.335839927196502686e-01
1.335850656032562256e-01
1.335903704166412354e-01
1.335932463407516479e-01
1.336017996072769165e-01
1.336063742637634277e-01
1.336201280355453491e-01
1.336265951395034790e-01
1.336483955383300781e-01
1.336572617292404175e-01
1.336898058652877808e-01
1.336987465620040894e-01
1.337430775165557861e-01
1.337465047836303711e-01
1.337989270687103271e-01
1.337872147560119629e-01
1.338349878787994385e-01
1.337994486093521118e-01
1.338253617286682129e-01
1.337687671184539795e-01
1.337647885084152222e-01
1.337034106254577637e-01
1.336795687675476074e-01
1.336310654878616333e-01
1.336052566766738892e-01
1.335754990577697754e-01
1.335587352514266968e-01
1.335453391075134277e-01
1.335383057594299316e-01
1.335343420505523682e-01
1.335337609052658081e-01
1.335351318120956421e-01
1.335367113351821899e-01
1.335400342941284180e-01
1.335417330265045166e-01
1.335457414388656616e-01
1.335467547178268433e-01
1.335508078336715698e-01
1.335510015487670898e-01
1.335556507110595703e-01
1.335555911064147949e-01
1.335615962743759155e-01
1.335614174604415894e-01
1.335689872503280640e-01
1.335692256689071655e-01
1.335794627666473389e-01
1.335801184177398682e-01
1.335934400558471680e-01
1.335941851139068604e-01
1.336118578910827637e-01
1.336126923561096191e-01
1.336357444524765015e-01
1.336353272199630737e-01
1.336634010076522827e-01
1.336604952812194824e-01
1.336930096149444580e-01
1.336861252784729004e-01
1.337225288152694702e-01
1.337099075317382812e-01
1.337449550628662109e-01
1.337247788906097412e-01
1.337517797946929932e-01
1.337195038795471191e-01
1.337249875068664551e-01
1.336787194013595581e-01
1.336576789617538452e-01
1.336057782173156738e-01
1.335717588663101196e-01
1.335328072309494019e-01
1.335086077451705933e-01
1.334921866655349731e-01
1.334864646196365356e-01
1.334866583347320557e-01
1.334913522005081177e-01
1.334965080022811890e-01
1.335008740425109863e-01
1.335022151470184326e-01
1.334999799728393555e-01
1.334942430257797241e-01
1.334866881370544434e-01
1.334781199693679810e-01
1.334701776504516602e-01
1.334642618894577026e-01
1.334609389305114746e-01
1.334597766399383545e-01
1.334605067968368530e-01
1.334630846977233887e-01
1.334660202264785767e-01
1.334705501794815063e-01
1.334737390279769897e-01
1.334786564111709595e-01
1.334830075502395630e-01
1.334908902645111084e-01
1.334977000951766968e-01
1.335142254829406738e-01
1.335284411907196045e-01
1.335633248090744019e-01
1.335898935794830322e-01
1.336600333452224731e-01
1.336993277072906494e-01
1.338236480951309204e-01
1.338517516851425171e-01
1.340228021144866943e-01
1.339783370494842529e-01
1.341124773025512695e-01
1.339522600173950195e-01
1.339481770992279053e-01
1.337531805038452148e-01
1.336591839790344238e-01
1.335399299860000610e-01
1.334770917892456055e-01
1.334466189146041870e-01
1.334471255540847778e-01
1.334699690341949463e-01
1.335022449493408203e-01
1.335484832525253296e-01
1.335725486278533936e-01
1.336150616407394409e-01
1.336057633161544800e-01
1.336204111576080322e-01
1.335821300745010376e-01
1.335680186748504639e-01
1.335271596908569336e-01
1.335078775882720947e-01
1.334864199161529541e-01
1.334814578294754028e-01
1.334834247827529907e-01
1.334955841302871704e-01
1.335137188434600830e-01
1.335313916206359863e-01
1.335526555776596069e-01
1.335576623678207397e-01
1.335638761520385742e-01
1.335443258285522461e-01
1.335259675979614258e-01
1.334908306598663330e-01
1.334630399942398071e-01
1.334355473518371582e-01
1.334201842546463013e-01
1.334129124879837036e-01
1.334149688482284546e-01
1.334205865859985352e-01
1.334295570850372314e-01
1.334347277879714966e-01
1.334386467933654785e-01
1.334360390901565552e-01
1.334315389394760132e-01
1.334220767021179199e-01
1.334127038717269897e-01
1.334031224250793457e-01
1.333960294723510742e-01
1.333911716938018799e-01
1.333894133567810059e-01
1.333893984556198120e-01
1.333915740251541138e-01
1.333939433097839355e-01
1.333970427513122559e-01
1.333992332220077515e-01
1.334021240472793579e-01
1.334036439657211304e-01
1.334082931280136108e-01
1.334116011857986450e-01
1.334205567836761475e-01
1.334276795387268066e-01
1.334462761878967285e-01
1.334602534770965576e-01
1.334949731826782227e-01
1.335163712501525879e-01
1.335770934820175171e-01
1.336026340723037720e-01
1.336972713470458984e-01
1.337086260318756104e-01
1.338260769844055176e-01
1.337892860174179077e-01
1.338816136121749878e-01
1.337757259607315063e-01
1.337886452674865723e-01
1.336524635553359985e-01
1.336000114679336548e-01
1.334977746009826660e-01
1.334432065486907959e-01
1.333966553211212158e-01
1.333753913640975952e-01
1.333696991205215454e-01
1.333766430616378784e-01
1.333926618099212646e-01
1.334091424942016602e-01
1.334325820207595825e-01
1.334428638219833374e-01
1.334636807441711426e-01
1.334601938724517822e-01
1.334705352783203125e-01
1.334540992975234985e-01
1.334526091814041138e-01
1.334305256605148315e-01
1.334205865859985352e-01
1.333994716405868530e-01
1.333876997232437134e-01
1.333711594343185425e-01
1.333616226911544800e-01
1.333514600992202759e-01
1.333454549312591553e-01
1.333399564027786255e-01
1.333374828100204468e-01
1.333360075950622559e-01
1.333364546298980713e-01
1.333379745483398438e-01
1.333412081003189087e-01
1.333454847335815430e-01
1.333517581224441528e-01
1.333598792552947998e-01
1.333692967891693115e-01
1.333811879158020020e-01
1.333931982517242432e-01
1.334074735641479492e-01
1.334202587604522705e-01
1.334316283464431763e-01
1.334373056888580322e-01
1.334376782178878784e-01
1.334285140037536621e-01
1.334115564823150635e-01
1.333880275487899780e-01
1.333615630865097046e-01
1.333375722169876099e-01
1.333191990852355957e-01
1.333086788654327393e-01
1.333062201738357544e-01
1.333098858594894409e-01
1.333173513412475586e-01
1.333277076482772827e-01
1.333372443914413452e-01
1.333485096693038940e-01
1.333554685115814209e-01
1.333677619695663452e-01
1.333749592304229736e-01
1.333969533443450928e-01
1.334148049354553223e-01
1.334672421216964722e-01
1.335092782974243164e-01
1.336284577846527100e-01
1.336919814348220825e-01
1.339141577482223511e-01
1.339341402053833008e-01
1.342099308967590332e-01
1.340503692626953125e-01
1.341644823551177979e-01
1.338518857955932617e-01
1.337347179651260376e-01
1.335022151470184326e-01
1.333788633346557617e-01
1.333069056272506714e-01
1.332947611808776855e-01
1.333274990320205688e-01
1.333827525377273560e-01
1.334690302610397339e-01
1.335105150938034058e-01
1.335939168930053711e-01
1.335610151290893555e-01
1.335767209529876709e-01
1.334865540266036987e-01
1.334384083747863770e-01
1.333619356155395508e-01
1.333163976669311523e-01
1.332873404026031494e-01
1.332786381244659424e-01
1.332855373620986938e-01
1.333002299070358276e-01
1.333222985267639160e-01
1.333357393741607666e-01
1.333552896976470947e-01
1.333528012037277222e-01
1.333577781915664673e-01
1.333405971527099609e-01
1.333314478397369385e-01
1.333099603652954102e-01
1.332958787679672241e-01
1.332802623510360718e-01
1.332697868347167969e-01
1.332619786262512207e-01
1.332590878009796143e-01
1.332583129405975342e-01
1.332597732543945312e-01
1.332633346319198608e-01
1.332672983407974243e-01
1.332720816135406494e-01
1.332753896713256836e-01
1.332801878452301025e-01
1.332819908857345581e-01
1.332862973213195801e-01
1.332857161760330200e-01
1.332882642745971680e-01
1.332862675189971924e-01
1.332868933677673340e-01
1.332833319902420044e-01
1.332823336124420166e-01
1.332773268222808838e-01
1.332745403051376343e-01
1.332696378231048584e-01
1.332659870386123657e-01
1.332605928182601929e-01
1.332568675279617310e-01
1.332517266273498535e-01
1.332482844591140747e-01
1.332438886165618896e-01
1.332410871982574463e-01
1.332377940416336060e-01
1.332354843616485596e-01
1.332333534955978394e-01
1.332324445247650146e-01
1.332310438156127930e-01
1.332311481237411499e-01
1.332322508096694946e-01
1.332349032163619995e-01
1.332384496927261353e-01
1.332455575466156006e-01
1.332534402608871460e-01
1.332694888114929199e-01
1.332861185073852539e-01
1.333191543817520142e-01
1.333499550819396973e-01
1.334163695573806763e-01
1.334645599126815796e-01
1.335854381322860718e-01
1.336360573768615723e-01
1.338165849447250366e-01
1.338081508874893188e-01
1.339855194091796875e-01
1.338413655757904053e-01
1.338959038257598877e-01
1.336624473333358765e-01
1.335871368646621704e-01
1.334153711795806885e-01
1.333368718624114990e-01
1.332757472991943359e-01
1.332567185163497925e-01
1.332601606845855713e-01
1.332770138978958130e-01
1.333087086677551270e-01
1.333336234092712402e-01
1.333852410316467285e-01
1.333956271409988403e-01
1.334402412176132202e-01
1.334133893251419067e-01
1.334170401096343994e-01
1.333584189414978027e-01
1.333251893520355225e-01
1.332700103521347046e-01
1.332360655069351196e-01
1.332069337368011475e-01
1.331912428140640259e-01
1.331838071346282959e-01
1.331820785999298096e-01
1.331840157508850098e-01
1.331876516342163086e-01
1.331938207149505615e-01
1.332003325223922729e-01
1.332104206085205078e-01
1.332174241542816162e-01
1.332287192344665527e-01
1.332329809665679932e-01
1.332421451807022095e-01
1.332406550645828247e-01
1.332464814186096191e-01
1.332414597272872925e-01
1.332451850175857544e-01
1.332387030124664307e-01
1.332418471574783325e-01
1.332342773675918579e-01
1.332361549139022827e-01
1.332280188798904419e-01
1.332293152809143066e-01
1.332221925258636475e-01
1.332244426012039185e-01
1.332190930843353271e-01
1.332237869501113892e-01
1.332207173109054565e-01
1.332282721996307373e-01
1.332271695137023926e-01
1.332387626171112061e-01
1.332393586635589600e-01
1.332565844058990479e-01
1.332593858242034912e-01
1.332847923040390015e-01
1.332885622978210449e-01
1.333240866661071777e-01
1.333261430263519287e-01
1.333719938993453979e-01
1.333675831556320190e-01
1.334199607372283936e-01
1.334028691053390503e-01
1.334537267684936523e-01
1.334207952022552490e-01
1.334612071514129639e-01
1.334160715341567993e-01
1.334430277347564697e-01
1.333964318037033081e-01
1.334118247032165527e-01
1.333696246147155762e-01
1.333716809749603271e-01
1.333314925432205200e-01
1.333146244287490845e-01
1.332696378231048584e-01
1.332345008850097656e-01
1.331927627325057983e-01
1.331597268581390381e-01
1.331355273723602295e-01
1.331235170364379883e-01
1.331213414669036865e-01
1.331273913383483887e-01
1.331379711627960205e-01
1.331495791673660278e-01
1.331607550382614136e-01
1.331669539213180542e-01
1.331724971532821655e-01
1.331710964441299438e-01
1.331731975078582764e-01
1.331696063280105591e-01
1.331739127635955811e-01
1.331759095191955566e-01
1.331915408372879028e-01
1.332022547721862793e-01
1.332347840070724487e-01
1.332520246505737305e-01
1.333051621913909912e-01
1.333221644163131714e-01
1.333964020013809204e-01
1.333996355533599854e-01
1.334868222475051880e-01
1.334585547447204590e-01
1.335336863994598389e-01
1.334637850522994995e-01
1.334962397813796997e-01
1.333994567394256592e-01
1.333843469619750977e-01
1.332940161228179932e-01
1.332566440105438232e-01
1.331961452960968018e-01
1.331641525030136108e-01
1.331336647272109985e-01
1.331171244382858276e-01
1.331064403057098389e-01
1.331026852130889893e-01
1.331027597188949585e-01
1.331054270267486572e-01
1.331110000610351562e-01
1.331153959035873413e-01
1.331235766410827637e-01
1.331280469894409180e-01
1.331380307674407959e-01
1.331416964530944824e-01
1.331538110971450806e-01
1.331564784049987793e-01
1.331705451011657715e-01
1.331728696823120117e-01
1.331904530525207520e-01
1.331909596920013428e-01
1.332126110792160034e-01
1.332109272480010986e-01
1.332364082336425781e-01
1.332310587167739868e-01
1.332591027021408081e-01
1.332491487264633179e-01
1.332774609327316284e-01
1.332619935274124146e-01
1.332886070013046265e-01
1.332668513059616089e-01
1.332890391349792480e-01
1.332634836435317993e-01
1.332799792289733887e-01
1.332523375749588013e-01
1.332629323005676270e-01
1.332353353500366211e-01
1.332390010356903076e-01
1.332119107246398926e-01
1.332088112831115723e-01
1.331834942102432251e-01
1.331747770309448242e-01
1.331523358821868896e-01
1.331418454647064209e-01
1.331246197223663330e-01
1.331158727407455444e-01
1.331043541431427002e-01
1.330994516611099243e-01
1.330934911966323853e-01
1.330922991037368774e-01
1.330898702144622803e-01
1.330915093421936035e-01
1.330921202898025513e-01
1.330974251031875610e-01
1.330990940332412720e-01
1.331081390380859375e-01
1.331119090318679810e-01
1.331262439489364624e-01
1.331314295530319214e-01
1.331541091203689575e-01
1.331622302532196045e-01
1.331972926855087280e-01
1.332070380449295044e-01
1.332586705684661865e-01
1.332660168409347534e-01
1.333356052637100220e-01
1.333298832178115845e-01
1.334090828895568848e-01
1.333755850791931152e-01
1.334414184093475342e-01
1.333741396665573120e-01
1.334037184715270996e-01
1.333169788122177124e-01
1.333081126213073730e-01
1.332294940948486328e-01
1.332032084465026855e-01
1.331497132778167725e-01
1.331287026405334473e-01
1.331024020910263062e-01
1.330942511558532715e-01
1.330876797437667847e-01
1.330900341272354126e-01
1.330937594175338745e-01
1.330975741147994995e-01
1.331021636724472046e-01
1.331005841493606567e-01
1.330999433994293213e-01
1.330904066562652588e-01
1.330847591161727905e-01
1.330719739198684692e-01
1.330656558275222778e-01
1.330567449331283569e-01
1.330559402704238892e-01
1.330542266368865967e-01
1.330628544092178345e-01
1.330687403678894043e-01
1.330869346857070923e-01
1.330981552600860596e-01
1.331268846988677979e-01
1.331393867731094360e-01
1.331799924373626709e-01
1.331900358200073242e-01
1.332429945468902588e-01
1.332442611455917358e-01
1.333072632551193237e-01
1.332923173904418945e-01
1.333551406860351562e-01
1.333156824111938477e-01
1.333630681037902832e-01
1.333005428314208984e-01
1.333196163177490234e-01
1.332464963197708130e-01
1.332375407218933105e-01
1.331712752580642700e-01
1.331476569175720215e-01
1.330988407135009766e-01
1.330753862857818604e-01
1.330458968877792358e-01
1.330298781394958496e-01
1.330156773328781128e-01
1.330086588859558105e-01
1.330055445432662964e-01
1.330068558454513550e-01
1.330123543739318848e-01
1.330212652683258057e-01
1.330335736274719238e-01
1.330478787422180176e-01
1.330641210079193115e-01
1.330767422914505005e-01
1.330856382846832275e-01
1.330844461917877197e-01
1.330819725990295410e-01
1.330723911523818970e-01
1.330762803554534912e-01
1.330782175064086914e-01
1.331067085266113281e-01
1.331242769956588745e-01
1.331741958856582642e-01
1.331887692213058472e-01
1.332455873489379883e-01
1.332420259714126587e-01
1.333037912845611572e-01
1.332826018333435059e-01
1.333568841218948364e-01
1.333200037479400635e-01
1.333919018507003784e-01
1.333293169736862183e-01
1.333667337894439697e-01
1.332783252000808716e-01
1.332682818174362183e-01
1.331781148910522461e-01
1.331431716680526733e-01
1.330776363611221313e-01
1.330452561378479004e-01
1.330092847347259521e-01
1.329894959926605225e-01
1.329729259014129639e-01
1.329627633094787598e-01
1.329558342695236206e-01
1.329519897699356079e-01
1.329517215490341187e-01
1.329531520605087280e-01
1.329577416181564331e-01
1.329633742570877075e-01
1.329716742038726807e-01
1.329786479473114014e-01
1.329892724752426147e-01
1.329960972070693970e-01
1.330107152462005615e-01
1.330184191465377808e-01
1.330397874116897583e-01
1.330494433641433716e-01
1.330813467502593994e-01
1.330918520689010620e-01
1.331372112035751343e-01
1.331442594528198242e-01
1.332037746906280518e-01
1.332018077373504639e-01
1.332701742649078369e-01
1.332492083311080933e-01
1.333156228065490723e-01
1.332707256078720093e-01
1.333197802305221558e-01
1.332566589117050171e-01
1.332803517580032349e-01
1.332121193408966064e-01
1.332132667303085327e-01
1.331523060798645020e-01
1.331360638141632080e-01
1.330851465463638306e-01
1.330576390027999878e-01
1.330170184373855591e-01
1.329879909753799438e-01
1.329594552516937256e-01
1.329393088817596436e-01
1.329259425401687622e-01
1.329191625118255615e-01
1.329185813665390015e-01
1.329226791858673096e-01
1.329301148653030396e-01
1.329379826784133911e-01
1.329482197761535645e-01
1.329555660486221313e-01
1.329665631055831909e-01
1.329722255468368530e-01
1.329841762781143188e-01
1.329888999462127686e-01
1.330058872699737549e-01
1.330126971006393433e-01
1.330412328243255615e-01
1.330530345439910889e-01
1.331012099981307983e-01
1.331168413162231445e-01
1.331931352615356445e-01
1.332035660743713379e-01
1.333056986331939697e-01
1.332891434431076050e-01
1.333945393562316895e-01
1.333272755146026611e-01
1.333930343389511108e-01
1.332810521125793457e-01
1.332819312810897827e-01
1.331641823053359985e-01
1.331225037574768066e-01
1.330363601446151733e-01
1.329922229051589966e-01
1.329456567764282227e-01
1.329195648431777954e-01
1.329016089439392090e-01
1.328936964273452759e-01
1.328922957181930542e-01
1.328958123922348022e-01
1.329031586647033691e-01
1.329119354486465454e-01
1.329246163368225098e-01
1.329348385334014893e-01
1.329516470432281494e-01
1.329605132341384888e-01
1.329813450574874878e-01
1.329881995916366577e-01
1.330131888389587402e-01
1.330162584781646729e-01
1.330455988645553589e-01
1.330442279577255249e-01
1.330762654542922974e-01
1.330684721469879150e-01
1.331020295619964600e-01
1.330860257148742676e-01
1.331172734498977661e-01
1.330928951501846313e-01
1.331176608800888062e-01
1.330862492322921753e-01
1.331017613410949707e-01
1.330662816762924194e-01
1.330722570419311523e-01
1.330376863479614258e-01
1.330363899469375610e-01
1.330062896013259888e-01
1.330014318227767944e-01
1.329770237207412720e-01
1.329706311225891113e-01
1.329520791769027710e-01
1.329469680786132812e-01
1.329333186149597168e-01
1.329293847084045410e-01
1.329195201396942139e-01
1.329172700643539429e-01
1.329107880592346191e-01
1.329101920127868652e-01
1.329064667224884033e-01
1.329083442687988281e-01
1.329067945480346680e-01
1.329121589660644531e-01
1.329130679368972778e-01
1.329226940870285034e-01
1.329268515110015869e-01
1.329436451196670532e-01
1.329516470432281494e-01
1.329800635576248169e-01
1.329927593469619751e-01
1.330388635396957397e-01
1.330558657646179199e-01
1.331271231174468994e-01
1.331421285867691040e-01
1.332408934831619263e-01
1.332395672798156738e-01
1.333533674478530884e-01
1.333158463239669800e-01
1.334094405174255371e-01
1.333233714103698730e-01
1.333550810813903809e-01
1.332323998212814331e-01
1.331948637962341309e-01
1.330748498439788818e-01
1.330147683620452881e-01
1.329395473003387451e-01
1.329042911529541016e-01
1.328788250684738159e-01
1.328708976507186890e-01
1.328672915697097778e-01
1.328657567501068115e-01
1.328620165586471558e-01
1.328554004430770874e-01
1.328494250774383545e-01
1.328460425138473511e-01
1.328490972518920898e-01
1.328569799661636353e-01
1.328722238540649414e-01
1.328863352537155151e-01
1.329055428504943848e-01
1.329173296689987183e-01
1.329395473003387451e-01
1.329500526189804077e-01
1.329835653305053711e-01
1.329976618289947510e-01
1.330501437187194824e-01
1.330627948045730591e-01
1.331309676170349121e-01
1.331266015768051147e-01
1.331924945116043091e-01
1.331566274166107178e-01
1.332019120454788208e-01
1.331379711627960205e-01
1.331599205732345581e-01
1.330920308828353882e-01
1.331055313348770142e-01
1.330530494451522827e-01
1.330698430538177490e-01
1.330326348543167114e-01
1.330538392066955566e-01
1.330239921808242798e-01
1.330448836088180542e-01
1.330144107341766357e-01
1.330273896455764771e-01
1.329932957887649536e-01
1.329936832189559937e-01
1.329567134380340576e-01
1.329466104507446289e-01
1.329138278961181641e-01
1.329015493392944336e-01
1.328791677951812744e-01
1.328721493482589722e-01
1.328611075878143311e-01
1.328622400760650635e-01
1.328587979078292847e-01
1.328658610582351685e-01
1.328659951686859131e-01
1.328763514757156372e-01
1.328766196966171265e-01
1.328897327184677124e-01
1.328902095556259155e-01
1.329078525304794312e-01
1.329093277454376221e-01
1.329341381788253784e-01
1.329371333122253418e-01
1.329734325408935547e-01
1.329770088195800781e-01
1.330277770757675171e-01
1.330276131629943848e-01
1.330916285514831543e-01
1.330791562795639038e-01
1.331489980220794678e-01
1.331151127815246582e-01
1.331756561994552612e-01
1.331166028976440430e-01
1.331518888473510742e-01
1.330771893262863159e-01
1.330825388431549072e-01
1.330097764730453491e-01
1.329953968524932861e-01
1.329377889633178711e-01
1.329174488782882690e-01
1.328790336847305298e-01
1.328620016574859619e-01
1.328390389680862427e-01
1.328279376029968262e-01
1.328148692846298218e-01
1.328083574771881104e-01
1.328017413616180420e-01
1.327974945306777954e-01
1.327935457229614258e-01
1.327911764383316040e-01
1.327885091304779053e-01
1.327870786190032959e-01
1.327852606773376465e-01
1.327840089797973633e-01
1.327825486660003662e-01
1.327819675207138062e-01
1.327809840440750122e-01
1.327801942825317383e-01
1.327796429395675659e-01
1.327793300151824951e-01
1.327792108058929443e-01
1.327792108058929443e-01
1.327798813581466675e-01
1.327802091836929321e-01
1.327812224626541138e-01
1.327826380729675293e-01
1.327844858169555664e-01
1.327861547470092773e-01
1.327883154153823853e-01
1.327904015779495239e-01
1.327925473451614380e-01
1.327954828739166260e-01
1.327977180480957031e-01
1.328007727861404419e-01
1.328028142452239990e-01
1.328060179948806763e-01
1.328071057796478271e-01
1.328117996454238892e-01
1.328140199184417725e-01
1.328229457139968872e-01
1.328296512365341187e-01
1.328535228967666626e-01
1.328754276037216187e-01
1.329401433467864990e-01
1.329969316720962524e-01
1.331654489040374756e-01
1.332675218582153320e-01
1.336461156606674194e-01
1.336925923824310303e-01
1.342598944902420044e-01
1.339376270771026611e-01
1.342154443264007568e-01
1.336020976305007935e-01
1.334117054939270020e-01
1.330333501100540161e-01
1.328597813844680786e-01
1.327802985906600952e-01
1.327935159206390381e-01
1.328741163015365601e-01
1.329789906740188599e-01
1.331565231084823608e-01
1.332078427076339722e-01
1.333900988101959229e-01
1.332770735025405884e-01
1.333148479461669922e-01
1.331066936254501343e-01
1.330118775367736816e-01
1.328652948141098022e-01
1.327887624502182007e-01
1.327475905418395996e-01
1.327439546585083008e-01
1.327671557664871216e-01
1.328037381172180176e-01
1.328556686639785767e-01
1.328826695680618286e-01
1.329311877489089966e-01
1.329228878021240234e-01
1.329445987939834595e-01
1.329037100076675415e-01
1.328932046890258789e-01
1.328437179327011108e-01
1.328185051679611206e-01
1.327818036079406738e-01
1.327589750289916992e-01
1.327394843101501465e-01
1.327285170555114746e-01
1.327227354049682617e-01
1.327216923236846924e-01
1.327247023582458496e-01
1.327301561832427979e-01
1.327390670776367188e-01
1.327474713325500488e-01
1.327609419822692871e-01
1.327705681324005127e-01
1.327900290489196777e-01
1.328023672103881836e-01
1.328317373991012573e-01
1.328490227460861206e-01
1.328944861888885498e-01
1.329178065061569214e-01
1.329799592494964600e-01
1.329973787069320679e-01
1.330540776252746582e-01
1.330323070287704468e-01
1.330359876155853271e-01
1.329564601182937622e-01
1.329005807638168335e-01
1.328177601099014282e-01
1.327735483646392822e-01
1.327490806579589844e-01
1.327587962150573730e-01
1.327779442071914673e-01
1.328117400407791138e-01
1.328234821557998657e-01
1.328384131193161011e-01
1.328194737434387207e-01
1.328087747097015381e-01
1.327821165323257446e-01
1.327765136957168579e-01
1.327725350856781006e-01
1.327946335077285767e-01
1.328111141920089722e-01
1.328551471233367920e-01
1.328699439764022827e-01
1.329212188720703125e-01
1.329221278429031372e-01
1.329820901155471802e-01
1.329736262559890747e-01
1.330528259277343750e-01
1.330340504646301270e-01
1.331283301115036011e-01
1.330825835466384888e-01
1.331620216369628906e-01
1.330769658088684082e-01
1.331107467412948608e-01
1.330048143863677979e-01
1.329928934574127197e-01
1.328996419906616211e-01
1.328689008951187134e-01
1.328060925006866455e-01
1.327779889106750488e-01
1.327428370714187622e-01
1.327242702245712280e-01
1.327065378427505493e-01
1.326957643032073975e-01
1.326861828565597534e-01
1.326796859502792358e-01
1.326746791601181030e-01
1.326714456081390381e-01
1.326696127653121948e-01
1.326689869165420532e-01
1.326695382595062256e-01
1.326710730791091919e-01
1.326737850904464722e-01
1.326765418052673340e-01
1.326805949211120605e-01
1.326848417520523071e-01
1.326915025711059570e-01
1.326977908611297607e-01
1.327095031738281250e-01
1.327198594808578491e-01
1.327420771121978760e-01
1.327591389417648315e-01
1.328004300594329834e-01
1.328268647193908691e-01
1.329015791416168213e-01
1.329340040683746338e-01
1.330584287643432617e-01
1.330780386924743652e-01
1.332508772611618042e-01
1.332132071256637573e-01
1.333839297294616699e-01
1.332503706216812134e-01
1.333332359790802002e-01
1.331406235694885254e-01
1.331163644790649414e-01
1.329526007175445557e-01
1.328884959220886230e-01
1.327977031469345093e-01
1.327544748783111572e-01
1.327228844165802002e-01
1.327116191387176514e-01
1.327103376388549805e-01
1.327155530452728271e-01
1.327208578586578369e-01
1.327255666255950928e-01
1.327299773693084717e-01
1.327308863401412964e-01
1.327431648969650269e-01
1.327499449253082275e-01
1.327820718288421631e-01
1.327960044145584106e-01
1.328450739383697510e-01
1.328546255826950073e-01
1.329074949026107788e-01
1.328990459442138672e-01
1.329441964626312256e-01
1.329139769077301025e-01
1.329484581947326660e-01
1.329044848680496216e-01
1.329300701618194580e-01
1.328821033239364624e-01
1.328977644443511963e-01
1.328511387109756470e-01
1.328552812337875366e-01
1.328123211860656738e-01
1.328077167272567749e-01
1.327713280916213989e-01
1.327627152204513550e-01
1.327351033687591553e-01
1.327288746833801270e-01
1.327111721038818359e-01
1.327089667320251465e-01
1.326988041400909424e-01
1.326995044946670532e-01
1.326936185359954834e-01
1.326972693204879761e-01
1.326941847801208496e-01
1.327002644538879395e-01
1.326995640993118286e-01
1.327102780342102051e-01
1.327124387025833130e-01
1.327297538518905640e-01
1.327346861362457275e-01
1.327601224184036255e-01
1.327666789293289185e-01
1.328026503324508667e-01
1.328084319829940796e-01
1.328561604022979736e-01
1.328568309545516968e-01
1.329172551631927490e-01
1.329085826873779297e-01
1.329821944236755371e-01
1.329585313796997070e-01
1.330411583185195923e-01
1.329964548349380493e-01
1.330755949020385742e-01
1.330068856477737427e-01
1.330643594264984131e-01
1.329775601625442505e-01
1.330024302005767822e-01
1.329124271869659424e-01
1.329080760478973389e-01
1.328314095735549927e-01
1.328119784593582153e-01
1.327562183141708374e-01
1.327343881130218506e-01
1.326981186866760254e-01
1.326810866594314575e-01
1.326595395803451538e-01
1.326481997966766357e-01
1.326361596584320068e-01
1.326291412115097046e-01
1.326225548982620239e-01
1.326189935207366943e-01
1.326155513525009155e-01
1.326134949922561646e-01
1.326114237308502197e-01
1.326102167367935181e-01
1.326091140508651733e-01
1.326079815626144409e-01
1.326073408126831055e-01
1.326068639755249023e-01
1.326066255569458008e-01
1.326064467430114746e-01
1.326069384813308716e-01
1.326072663068771362e-01
1.326090842485427856e-01
1.326107829809188843e-01
1.326139867305755615e-01
1.326173841953277588e-01
1.326229721307754517e-01
1.326286792755126953e-01
1.326383501291275024e-01
1.326473355293273926e-01
1.326628774404525757e-01
1.326753348112106323e-01
1.326983571052551270e-01
1.327141523361206055e-01
1.327510029077529907e-01
1.327705383300781250e-01
1.328336745500564575e-01
1.328610181808471680e-01
1.329813003540039062e-01
1.330228149890899658e-01
1.332569271326065063e-01
1.332846134901046753e-01
1.336608380079269409e-01
1.335425823926925659e-01
1.338954418897628784e-01
1.335280239582061768e-01
1.335906237363815308e-01
1.331852674484252930e-01
1.330443024635314941e-01
1.328154057264328003e-01
1.327037215232849121e-01
1.326312571763992310e-01
1.326077729463577271e-01
1.326193064451217651e-01
1.326556950807571411e-01
1.327228248119354248e-01
1.327757984399795532e-01
1.328849792480468750e-01
1.329099684953689575e-01
1.330257952213287354e-01
1.329840123653411865e-01
1.330521404743194580e-01
1.329480260610580444e-01
1.329427957534790039e-01
1.328272670507431030e-01
1.327772736549377441e-01
1.326938420534133911e-01
1.326458752155303955e-01
1.326030939817428589e-01
1.325789988040924072e-01
1.325665116310119629e-01
1.325643509626388550e-01
1.325696706771850586e-01
1.325804591178894043e-01
1.325954198837280273e-01
1.326097249984741211e-01
1.326304674148559570e-01
1.326430737972259521e-01
1.326678991317749023e-01
1.326757818460464478e-01
1.327032446861267090e-01
1.327043026685714722e-01
1.327331513166427612e-01
1.327268928289413452e-01
1.327560395002365112e-01
1.327421069145202637e-01
1.327697187662124634e-01
1.327496021986007690e-01
1.327742189168930054e-01
1.327497363090515137e-01
1.327708065509796143e-01
1.327439844608306885e-01
1.327612102031707764e-01
1.327332258224487305e-01
1.327473223209381104e-01
1.327203214168548584e-01
1.327311396598815918e-01
1.327055096626281738e-01
1.327141374349594116e-01
1.326911300420761108e-01
1.326993703842163086e-01
1.326796114444732666e-01
1.326876133680343628e-01
1.326711326837539673e-01
1.326805204153060913e-01
1.326672434806823730e-01
1.326792836189270020e-01
1.326686888933181763e-01
1.326843053102493286e-01
1.326765120029449463e-01
1.326970905065536499e-01
1.326908171176910400e-01
1.327174901962280273e-01
1.327123790979385376e-01
1.327469497919082642e-01
1.327416300773620605e-01
1.327854990959167480e-01
1.327775418758392334e-01
1.328317224979400635e-01
1.328191757202148438e-01
1.328823417425155640e-01
1.328613609075546265e-01
1.329264491796493530e-01
1.328906714916229248e-01
1.329420804977416992e-01
1.328851729631423950e-01
1.329028308391571045e-01
1.328295767307281494e-01
1.328117847442626953e-01
1.327435076236724854e-01
1.327141523361206055e-01
1.326711475849151611e-01
1.326520889997482300e-01
1.326318830251693726e-01
1.326270550489425659e-01
1.326193213462829590e-01
1.326254308223724365e-01
1.326230764389038086e-01
1.326372325420379639e-01
1.326369643211364746e-01
1.326533406972885132e-01
1.326522231101989746e-01
1.326712220907211304e-01
1.326720416545867920e-01
1.327025443315505981e-01
1.327109038829803467e-01
1.327694505453109741e-01
1.327858120203018188e-01
1.328863799571990967e-01
1.328944712877273560e-01
1.330303400754928589e-01
1.329977661371231079e-01
1.331326365470886230e-01
1.330345422029495239e-01
1.331171840429306030e-01
1.329723000526428223e-01
1.329836696386337280e-01
1.328431069850921631e-01
1.328099966049194336e-01
1.327094137668609619e-01
1.326696276664733887e-01
1.326121687889099121e-01
1.325836032629013062e-01
1.325552314519882202e-01
1.325387954711914062e-01
1.325255781412124634e-01
1.325176060199737549e-01
1.325120329856872559e-01
1.325089484453201294e-01
1.325083374977111816e-01
1.325088888406753540e-01
1.325115859508514404e-01
1.325148046016693115e-01
1.325202435255050659e-01
1.325262486934661865e-01
1.325357407331466675e-01
1.325444430112838745e-01
1.325607895851135254e-01
1.325743645429611206e-01
1.326029598712921143e-01
1.326221376657485962e-01
1.326723843812942505e-01
1.326978802680969238e-01
1.327820569276809692e-01
1.328072994947433472e-01
1.329351812601089478e-01
1.329382061958312988e-01
1.330992728471755981e-01
1.330427527427673340e-01
1.331872344017028809e-01
1.330529600381851196e-01
1.331191509962081909e-01
1.329469084739685059e-01
1.329289078712463379e-01
1.327829957008361816e-01
1.327309012413024902e-01
1.326406151056289673e-01
1.325966417789459229e-01
1.325526535511016846e-01
1.325285583734512329e-01
1.325115561485290527e-01
1.325036734342575073e-01
1.325007677078247070e-01
1.325021684169769287e-01
1.325075179338455200e-01
1.325150281190872192e-01
1.325277388095855713e-01
1.325404793024063110e-01
1.325625330209732056e-01
1.325803697109222412e-01
1.326159089803695679e-01
1.326373815536499023e-01
1.326892822980880737e-01
1.327100694179534912e-01
1.327769160270690918e-01
1.327837109565734863e-01
1.328530162572860718e-01
1.328297257423400879e-01
1.328842490911483765e-01
1.328315585851669312e-01
1.328719854354858398e-01
1.328129470348358154e-01
1.328608095645904541e-01
1.328148394823074341e-01
1.328830569982528687e-01
1.328387111425399780e-01
1.329123079776763916e-01
1.328498721122741699e-01
1.328990608453750610e-01
1.328139007091522217e-01
1.328231096267700195e-01
1.327341645956039429e-01
1.327154934406280518e-01
1.326462030410766602e-01
1.326242387294769287e-01
1.325828135013580322e-01
1.325697451829910278e-01
1.325490772724151611e-01
1.325445175170898438e-01
1.325336992740631104e-01
1.325325816869735718e-01
1.325252652168273926e-01
1.325248777866363525e-01
1.325189620256423950e-01
1.325196325778961182e-01
1.325150430202484131e-01
1.325184851884841919e-01
1.325177699327468872e-01
1.325269192457199097e-01
1.325310915708541870e-01
1.325494050979614258e-01
1.325592100620269775e-01
1.325912922620773315e-01
1.326069384813308716e-01
1.326599717140197754e-01
1.326789408922195435e-01
1.327627748250961304e-01
1.327772438526153564e-01
1.328955292701721191e-01
1.328859478235244751e-01
1.330258697271347046e-01
1.329651027917861938e-01
1.330861598253250122e-01
1.329671144485473633e-01
1.330262869596481323e-01
1.328812837600708008e-01
1.328765898942947388e-01
1.327542513608932495e-01
1.327220201492309570e-01
1.326452642679214478e-01
1.326168626546859741e-01
1.325781941413879395e-01
1.325605511665344238e-01
1.325405091047286987e-01
1.325272023677825928e-01
1.325117945671081543e-01
1.324983835220336914e-01
1.324863731861114502e-01
1.324782967567443848e-01
1.324752569198608398e-01
1.324776113033294678e-01
1.324851661920547485e-01
1.324943006038665771e-01
1.325047761201858521e-01
1.325124055147171021e-01
1.325191855430603027e-01
1.325194388628005981e-01
1.325215101242065430e-01
1.325171142816543579e-01
1.325204521417617798e-01
1.325187534093856812e-01
1.325307488441467285e-01
1.325364112854003906e-01
1.325630396604537964e-01
1.325782239437103271e-01
1.326282471418380737e-01
1.326538175344467163e-01
1.327471733093261719e-01
1.327805966138839722e-01
1.329427212476730347e-01
1.329589039087295532e-01
1.331895589828491211e-01
1.331243216991424561e-01
1.333447992801666260e-01
1.331526786088943481e-01
1.332460045814514160e-01
1.329946368932723999e-01
1.329525411128997803e-01
1.327545493841171265e-01
1.326719522476196289e-01
1.325626969337463379e-01
1.325050145387649536e-01
1.324607729911804199e-01
1.324391961097717285e-01
1.324319392442703247e-01
1.324357390403747559e-01
1.324485838413238525e-01
1.324656903743743896e-01
1.324910968542098999e-01
1.325129419565200806e-01
1.325502842664718628e-01
1.325713843107223511e-01
1.326230764389038086e-01
1.326375901699066162e-01
1.327035725116729736e-01
1.327027678489685059e-01
1.327763497829437256e-01
1.327516883611679077e-01
1.328193545341491699e-01
1.327678710222244263e-01
1.328159272670745850e-01
1.327450871467590332e-01
1.327676177024841309e-01
1.326924264430999756e-01
1.326934844255447388e-01
1.326283514499664307e-01
1.326179653406143188e-01
1.325687915086746216e-01
1.325565278530120850e-01
1.325226724147796631e-01
1.325124055147171021e-01
1.324909329414367676e-01
1.324843913316726685e-01
1.324709802865982056e-01
1.324683725833892822e-01
1.324608922004699707e-01
1.324616819620132446e-01
1.324586272239685059e-01
1.324633508920669556e-01
1.324645727872848511e-01
1.324751675128936768e-01
1.324810981750488281e-01
1.325009316205978394e-01
1.325137019157409668e-01
1.325491666793823242e-01
1.325706690549850464e-01
1.326308399438858032e-01
1.326599270105361938e-01
1.327501386404037476e-01
1.327701061964035034e-01
1.328747123479843140e-01
1.328480243682861328e-01
1.329220086336135864e-01
1.328325718641281128e-01
1.328577846288681030e-01
1.327602714300155640e-01
1.327902376651763916e-01
1.327387690544128418e-01
1.328165233135223389e-01
1.327882558107376099e-01
1.328898370265960693e-01
1.328313201665878296e-01
1.329009681940078735e-01
1.327991634607315063e-01
1.328136622905731201e-01
1.327085942029953003e-01
1.326997876167297363e-01
1.326296478509902954e-01
1.326306015253067017e-01
1.325926929712295532e-01
1.326012164354324341e-01
1.325717419385910034e-01
1.325733065605163574e-01
1.325411647558212280e-01
1.325333714485168457e-01
1.325044482946395874e-01
1.324984431266784668e-01
1.324819326400756836e-01
1.324872970581054688e-01
1.324840188026428223e-01
1.325017660856246948e-01
1.325040757656097412e-01
1.325291097164154053e-01
1.325309872627258301e-01
1.325626224279403687e-01
1.325624883174896240e-01
1.326044201850891113e-01
1.326031833887100220e-01
1.326609402894973755e-01
1.326569020748138428e-01
1.327325701713562012e-01
1.327177584171295166e-01
1.328045576810836792e-01
1.327676177024841309e-01
1.328493356704711914e-01
1.327845603227615356e-01
1.328433156013488770e-01
1.327587217092514038e-01
1.327855885028839111e-01
1.326988935470581055e-01
1.327001303434371948e-01
1.326270848512649536e-01
1.326156109571456909e-01
1.325617432594299316e-01
1.325471848249435425e-01
1.325099915266036987e-01
1.324971020221710205e-01
1.324721276760101318e-01
1.324623078107833862e-01
1.324454247951507568e-01
1.324390470981597900e-01
1.324281394481658936e-01
1.324252784252166748e-01
1.324189752340316772e-01
1.324196457862854004e-01
1.324172019958496094e-01
1.324220448732376099e-01
1.324231177568435669e-01
1.324329972267150879e-01
1.324378848075866699e-01
1.324559450149536133e-01
1.324651539325714111e-01
1.324956715106964111e-01
1.325101405382156372e-01
1.325612664222717285e-01
1.325802654027938843e-01
1.326615214347839355e-01
1.326785534620285034e-01
1.327970474958419800e-01
1.327937096357345581e-01
1.329400688409805298e-01
1.328881829977035522e-01
1.330241709947586060e-01
1.329099982976913452e-01
1.329872608184814453e-01
1.328375488519668579e-01
1.328449696302413940e-01
1.327094733715057373e-01
1.326777637004852295e-01
1.325852572917938232e-01
1.325495392084121704e-01
1.324965506792068481e-01
1.324697136878967285e-01
1.324398815631866455e-01
1.324208676815032959e-01
1.324031800031661987e-01
1.323923170566558838e-01
1.323847174644470215e-01
1.323829293251037598e-01
1.323857009410858154e-01
1.323940008878707886e-01
1.324072182178497314e-01
1.324238330125808716e-01
1.324452459812164307e-01
1.324661225080490112e-01
1.324912309646606445e-01
1.325065493583679199e-01
1.325238347053527832e-01
1.325216889381408691e-01
1.325207203626632690e-01
1.324971467256546021e-01
1.324806660413742065e-01
1.324516236782073975e-01
1.324409693479537964e-01
1.324311047792434692e-01
1.324482560157775879e-01
1.324681639671325684e-01
1.325274854898452759e-01
1.325704902410507202e-01
1.326883882284164429e-01
1.327373981475830078e-01
1.329372525215148926e-01
1.329521238803863525e-01
1.332246512174606323e-01
1.331318914890289307e-01
1.333802342414855957e-01
1.331449151039123535e-01
1.332411915063858032e-01
1.329555511474609375e-01
1.329046785831451416e-01
1.326878219842910767e-01
1.325955092906951904e-01
1.324766427278518677e-01
1.324131637811660767e-01
1.323668360710144043e-01
1.323453336954116821e-01
1.323404461145401001e-01
1.323480457067489624e-01
1.323649287223815918e-01
1.323860287666320801e-01
1.324166804552078247e-01
1.324428319931030273e-01
1.324887424707412720e-01
1.325145959854125977e-01
1.325817257165908813e-01
1.325977295637130737e-01
1.326859891414642334e-01
1.326781809329986572e-01
1.327720433473587036e-01
1.327267736196517944e-01
1.328005343675613403e-01
1.327197104692459106e-01
1.327558308839797974e-01
1.326601952314376831e-01
1.326620280742645264e-01
1.325762718915939331e-01
1.325593590736389160e-01
1.324961185455322266e-01
1.324757784605026245e-01
1.324350982904434204e-01
1.324189007282257080e-01
1.323947310447692871e-01
1.323843598365783691e-01
1.323708146810531616e-01
1.323649287223815918e-01
1.323576420545578003e-01
1.323553025722503662e-01
1.323516815900802612e-01
1.323522031307220459e-01
1.323515474796295166e-01
1.323551535606384277e-01
1.323575079441070557e-01
1.323649585247039795e-01
1.323713809251785278e-01
1.323860883712768555e-01
1.323977410793304443e-01
1.324240118265151978e-01
1.324429661035537720e-01
1.324894875288009644e-01
1.325169652700424194e-01
1.325935870409011841e-01
1.326230913400650024e-01
1.327358186244964600e-01
1.327466815710067749e-01
1.328856945037841797e-01
1.328471302986145020e-01
1.329834759235382080e-01
1.328866779804229736e-01
1.329976320266723633e-01
1.328698098659515381e-01
1.329523921012878418e-01
1.328196972608566284e-01
1.328709572553634644e-01
1.327448338270187378e-01
1.327603310346603394e-01
1.326478123664855957e-01
1.326310485601425171e-01
1.325403153896331787e-01
1.325057744979858398e-01
1.324410885572433472e-01
1.324074119329452515e-01
1.323695778846740723e-01
1.323485970497131348e-01
1.323321014642715454e-01
1.323246359825134277e-01
1.323205232620239258e-01
1.323205530643463135e-01
1.323215365409851074e-01
1.323237270116806030e-01
1.323248445987701416e-01
1.323258429765701294e-01
1.323249936103820801e-01
1.323242783546447754e-01
1.323215663433074951e-01
1.323200464248657227e-01
1.323174089193344116e-01
1.323165297508239746e-01
1.323155909776687622e-01
1.323178708553314209e-01
1.323204785585403442e-01
1.323280334472656250e-01
1.323364973068237305e-01
1.323544830083847046e-01
1.323733180761337280e-01
1.324131488800048828e-01
1.324488371610641479e-01
1.325344145298004150e-01
1.325930953025817871e-01
1.327677667140960693e-01
1.328345239162445068e-01
1.331398338079452515e-01
1.331300586462020874e-01
1.335106492042541504e-01
1.332892477512359619e-01
1.335186064243316650e-01
1.331339329481124878e-01
1.331056058406829834e-01
1.327888816595077515e-01
1.326689422130584717e-01
1.325116604566574097e-01
1.324312537908554077e-01
1.323723793029785156e-01
1.323406249284744263e-01
1.323281675577163696e-01
1.323333531618118286e-01
1.323586404323577881e-01
1.323920041322708130e-01
1.324576139450073242e-01
1.325027495622634888e-01
1.326012760400772095e-01
1.326301693916320801e-01
1.327429264783859253e-01
1.327246129512786865e-01
1.328222900629043579e-01
1.327418088912963867e-01
1.327913105487823486e-01
1.326733678579330444e-01
1.326696872711181641e-01
1.325595676898956299e-01
1.325282454490661621e-01
1.324501931667327881e-01
1.324173957109451294e-01
1.323716342449188232e-01
1.323485374450683594e-01
1.323246657848358154e-01
1.323112249374389648e-01
1.323011517524719238e-01
1.322974264621734619e-01
1.322972327470779419e-01
1.323012858629226685e-01
1.323089152574539185e-01
1.323194354772567749e-01
1.323345154523849487e-01
1.323501467704772949e-01
1.323738545179367065e-01
1.323941200971603394e-01
1.324266791343688965e-01
1.324467062950134277e-01
1.324829608201980591e-01
1.324894726276397705e-01
1.325160712003707886e-01
1.324971169233322144e-01
1.325037330389022827e-01
1.324688196182250977e-01
1.324761509895324707e-01
1.324607282876968384e-01
1.325085610151290894e-01
1.325315386056900024e-01
1.326504200696945190e-01
1.326886564493179321e-01
1.328819394111633301e-01
1.328745335340499878e-01
1.330989450216293335e-01
1.329820007085800171e-01
1.331439167261123657e-01
1.329281032085418701e-01
1.329689621925354004e-01
1.327457278966903687e-01
1.327037960290908813e-01
1.325469464063644409e-01
1.324901133775711060e-01
1.324040591716766357e-01
1.323635876178741455e-01
1.323235630989074707e-01
1.323017179965972900e-01
1.322856843471527100e-01
1.322766840457916260e-01
1.322724372148513794e-01
1.322725862264633179e-01
1.322770565748214722e-01
1.322845518589019775e-01
1.322972625494003296e-01
1.323106139898300171e-01
1.323341429233551025e-01
1.323528140783309937e-01
1.323923319578170776e-01
1.324149370193481445e-01
1.324765980243682861e-01
1.324997544288635254e-01
1.325906813144683838e-01
1.326036304235458374e-01
1.327258050441741943e-01
1.327101290225982666e-01
1.328485608100891113e-01
1.327821910381317139e-01
1.328995376825332642e-01
1.327793151140213013e-01
1.328386813402175903e-01
1.326953172683715820e-01
1.326942890882492065e-01
1.325683742761611938e-01
1.325364112854003906e-01
1.324483603239059448e-01
1.324130147695541382e-01
1.323607861995697021e-01
1.323349922895431519e-01
1.323072016239166260e-01
1.322916299104690552e-01
1.322776526212692261e-01
1.322693675756454468e-01
1.322627961635589600e-01
1.322583556175231934e-01
1.322550475597381592e-01
1.322535127401351929e-01
1.322522312402725220e-01
1.322522163391113281e-01
1.322521567344665527e-01
1.322531402111053467e-01
1.322538405656814575e-01
1.322557032108306885e-01
1.322581619024276733e-01
1.322612315416336060e-01
1.322656869888305664e-01
1.322708576917648315e-01
1.322787106037139893e-01
1.322879046201705933e-01
1.323008686304092407e-01
1.323152035474777222e-01
1.323357224464416504e-01
1.323552578687667847e-01
1.323832571506500244e-01
1.324024200439453125e-01
1.324317902326583862e-01
1.324374675750732422e-01
1.324569135904312134e-01
1.324413716793060303e-01
1.324541121721267700e-01
1.324386149644851685e-01
1.324850022792816162e-01
1.325129270553588867e-01
1.326648741960525513e-01
1.327509284019470215e-01
1.330936998128890991e-01
1.331452131271362305e-01
1.336680501699447632e-01
1.334463357925415039e-01
1.338321715593338013e-01
1.333045959472656250e-01
1.332865208387374878e-01
1.328278928995132446e-01
1.326555013656616211e-01
1.324460059404373169e-01
1.323544532060623169e-01
1.323059201240539551e-01
1.322981119155883789e-01
1.323176175355911255e-01
1.323515176773071289e-01
1.324161589145660400e-01
1.324589699506759644e-01
1.325680017471313477e-01
1.325954198837280273e-01
1.327413618564605713e-01
1.327243745326995850e-01
1.328617334365844727e-01
1.327692568302154541e-01
1.328387111425399780e-01
1.326911747455596924e-01
1.326758861541748047e-01
1.325313597917556763e-01
1.324691325426101685e-01
1.323698461055755615e-01
1.323152184486389160e-01
1.322676986455917358e-01
1.322423815727233887e-01
1.322290003299713135e-01
1.322261393070220947e-01
1.322302073240280151e-01
1.322381645441055298e-01
1.322487592697143555e-01
1.322598457336425781e-01
1.322754621505737305e-01
1.322878152132034302e-01
1.323113292455673218e-01
1.323253065347671509e-01
1.323600411415100098e-01
1.323741376399993896e-01
1.324234008789062500e-01
1.324341148138046265e-01
1.324980854988098145e-01
1.324979960918426514e-01
1.325738728046417236e-01
1.325544714927673340e-01
1.326345801353454590e-01
1.325905025005340576e-01
1.326603293418884277e-01
1.325938999652862549e-01
1.326414048671722412e-01
1.325627565383911133e-01
1.325843483209609985e-01
1.325072795152664185e-01
1.325095593929290771e-01
1.324450820684432983e-01
1.324376463890075684e-01
1.323895901441574097e-01
1.323810219764709473e-01
1.323487460613250732e-01
1.323434710502624512e-01
1.323244422674179077e-01
1.323252916336059570e-01
1.323164105415344238e-01
1.323258727788925171e-01
1.323261857032775879e-01
1.323469281196594238e-01
1.323552280664443970e-01
1.323882937431335449e-01
1.324005424976348877e-01
1.324423551559448242e-01
1.324475705623626709e-01
1.324849575757980347e-01
1.324680447578430176e-01
1.324848532676696777e-01
1.324439644813537598e-01
1.324462294578552246e-01
1.324088871479034424e-01
1.324281096458435059e-01
1.324202716350555420e-01
1.324836015701293945e-01
1.324985474348068237e-01
1.326099932193756104e-01
1.326139569282531738e-01
1.327545791864395142e-01
1.327098459005355835e-01
1.328390389680862427e-01
1.327342838048934937e-01
1.328161209821701050e-01
1.326802819967269897e-01
1.327113062143325806e-01
1.325852721929550171e-01
1.325840353965759277e-01
1.324871331453323364e-01
1.324715167284011841e-01
1.324030607938766479e-01
1.323822885751724243e-01
1.323354095220565796e-01
1.323148012161254883e-01
1.322833597660064697e-01
1.322669386863708496e-01
1.322475969791412354e-01
1.322376281023025513e-01
1.322279125452041626e-01
1.322240978479385376e-01
1.322216391563415527e-01
1.322233974933624268e-01
1.322247534990310669e-01
1.322301924228668213e-01
1.322340071201324463e-01
1.322432011365890503e-01
1.322491466999053955e-01
1.322639286518096924e-01
1.322731375694274902e-01
1.322990655899047852e-01
1.323147565126419067e-01
1.323614418506622314e-01
1.323868632316589355e-01
1.324704140424728394e-01
1.325031071901321411e-01
1.326432675123214722e-01
1.326645463705062866e-01
1.328664273023605347e-01
1.328312456607818604e-01
1.330509632825851440e-01
1.329133361577987671e-01
1.330594420433044434e-01
1.328427791595458984e-01
1.328682005405426025e-01
1.326628327369689941e-01
1.326159089803695679e-01
1.324805319309234619e-01
1.324254721403121948e-01
1.323516517877578735e-01
1.323089897632598877e-01
1.322675347328186035e-01
1.322369724512100220e-01
1.322129666805267334e-01
1.321969926357269287e-01
1.321891695261001587e-01
1.321893930435180664e-01
1.321973949670791626e-01
1.322104334831237793e-01
1.322285383939743042e-01
1.322454363107681274e-01
1.322695761919021606e-01
1.322865933179855347e-01
1.323188841342926025e-01
1.323366314172744751e-01
1.323860436677932739e-01
1.324060410261154175e-01
1.324860602617263794e-01
1.325051039457321167e-01
1.326241940259933472e-01
1.326248198747634888e-01
1.327750980854034424e-01
1.327284574508666992e-01
1.328749358654022217e-01
1.327624171972274780e-01
1.328580230474472046e-01
1.326986253261566162e-01
1.327216476202011108e-01
1.325668692588806152e-01
1.325426697731018066e-01
1.324284970760345459e-01
1.323930621147155762e-01
1.323243230581283569e-01
1.322973221540451050e-01
1.322610229253768921e-01
1.322454512119293213e-01
1.322283297777175903e-01
1.322222203016281128e-01
1.322162151336669922e-01
1.322176158428192139e-01
1.322185397148132324e-01
1.322258412837982178e-01
1.322320699691772461e-01
1.322453618049621582e-01
1.322555094957351685e-01
1.322735846042633057e-01
1.322836130857467651e-01
1.323022246360778809e-01
1.323065757751464844e-01
1.323195546865463257e-01
1.323124915361404419e-01
1.323159188032150269e-01
1.322984844446182251e-01
1.322990804910659790e-01
1.322853863239288330e-01
1.323005408048629761e-01
1.323074698448181152e-01
1.323605477809906006e-01
1.323970705270767212e-01
1.325175315141677856e-01
1.325743496417999268e-01
1.327930688858032227e-01
1.328220665454864502e-01
1.331320703029632568e-01
1.330335736274719238e-01
1.333141773939132690e-01
1.330376863479614258e-01
1.331297457218170166e-01
1.328005641698837280e-01
1.327283531427383423e-01
1.324960291385650635e-01
1.323983967304229736e-01
1.322870999574661255e-01
1.322318911552429199e-01
1.321948021650314331e-01
1.321803331375122070e-01
1.321803182363510132e-01
1.321902871131896973e-01
1.322109550237655640e-01
1.322319954633712769e-01
1.322680115699768066e-01
1.322932541370391846e-01
1.323483884334564209e-01
1.323730349540710449e-01
1.324508488178253174e-01
1.324636638164520264e-01
1.325617432594299316e-01
1.325476318597793579e-01
1.326523721218109131e-01
1.325977593660354614e-01
1.326817870140075684e-01
1.325906366109848022e-01
1.326352357864379883e-01
1.325318068265914917e-01
1.325393617153167725e-01
1.324474662542343140e-01
1.324350535869598389e-01
1.323669403791427612e-01
1.323499530553817749e-01
1.323044449090957642e-01
1.322900801897048950e-01
1.322610229253768921e-01
1.322508901357650757e-01
1.322328448295593262e-01
1.322270929813385010e-01
1.322158873081207275e-01
1.322138607501983643e-01
1.322075128555297852e-01
1.322093605995178223e-01
1.322071850299835205e-01
1.322136819362640381e-01
1.322153061628341675e-01
1.322280168533325195e-01
1.322335749864578247e-01
1.322545409202575684e-01
1.322638839483261108e-01
1.322963535785675049e-01
1.323085427284240723e-01
1.323583424091339111e-01
1.323721110820770264e-01
1.324468404054641724e-01
1.324564814567565918e-01
1.325618028640747070e-01
1.325557380914688110e-01
1.326899379491806030e-01
1.326504796743392944e-01
1.327960342168807983e-01
1.327090263366699219e-01
1.328324079513549805e-01
1.327019333839416504e-01
1.327742487192153931e-01
1.326289325952529907e-01
1.326496899127960205e-01
1.325232535600662231e-01
1.325135976076126099e-01
1.324230581521987915e-01
1.324042975902557373e-01
1.323454678058624268e-01
1.323270201683044434e-01
1.322882920503616333e-01
1.322720497846603394e-01
1.322447210550308228e-01
1.322317719459533691e-01
1.322133094072341919e-01
1.322052180767059326e-01
1.321950405836105347e-01
1.321932971477508545e-01
1.321897953748703003e-01
1.321934163570404053e-01
1.321940571069717407e-01
1.321998536586761475e-01
1.322011500597000122e-01
1.322084963321685791e-01
1.322101354598999023e-01
1.322202831506729126e-01
1.322235912084579468e-01
1.322424113750457764e-01
1.322528272867202759e-01
1.322920471429824829e-01
1.323140114545822144e-01
1.323904395103454590e-01
1.324260830879211426e-01
1.325622946023941040e-01
1.325967758893966675e-01
1.328077614307403564e-01
1.327954828739166260e-01
1.330508738756179810e-01
1.329256296157836914e-01
1.331213712692260742e-01
1.328794807195663452e-01
1.329276114702224731e-01
1.326695382595062256e-01
1.326079368591308594e-01
1.324250996112823486e-01
1.323458105325698853e-01
1.322486549615859985e-01
1.321972608566284180e-01
1.321572214365005493e-01
1.321358829736709595e-01
1.321264654397964478e-01
1.321262568235397339e-01
1.321328431367874146e-01
1.321441680192947388e-01
1.321614831686019897e-01
1.321797817945480347e-01
1.322084963321685791e-01
1.322324424982070923e-01
1.322785764932632446e-01
1.323064565658569336e-01
1.323776841163635254e-01
1.324044317007064819e-01
1.325082927942276001e-01
1.325189769268035889e-01
1.326511800289154053e-01
1.326226145029067993e-01
1.327560991048812866e-01
1.326710134744644165e-01
1.327652782201766968e-01
1.326335072517395020e-01
1.326655745506286621e-01
1.325246691703796387e-01
1.325099170207977295e-01
1.323962062597274780e-01
1.323677152395248413e-01
1.322941333055496216e-01
1.322721540927886963e-01
1.322311162948608398e-01
1.322202533483505249e-01
1.322003304958343506e-01
1.321989893913269043e-01
1.321906149387359619e-01
1.321959048509597778e-01
1.321938335895538330e-01
1.322042346000671387e-01
1.322055459022521973e-01
1.322211325168609619e-01
1.322238445281982422e-01
1.322445273399353027e-01
1.322478801012039185e-01
1.322745829820632935e-01
1.322786211967468262e-01
1.323155760765075684e-01
1.323214024305343628e-01
1.323759108781814575e-01
1.323843747377395630e-01
1.324680447578430176e-01
1.324753016233444214e-01
1.325987577438354492e-01
1.325912326574325562e-01
1.327533274888992310e-01
1.327008754014968872e-01
1.328661590814590454e-01
1.327442228794097900e-01
1.328540742397308350e-01
1.326801329851150513e-01
1.327047199010848999e-01
1.325325965881347656e-01
1.324989944696426392e-01
1.323710083961486816e-01
1.323232799768447876e-01
1.322465837001800537e-01
1.322097182273864746e-01
1.321698725223541260e-01
1.321481466293334961e-01
1.321298480033874512e-01
1.321193128824234009e-01
1.321119815111160278e-01
1.321079879999160767e-01
1.321058869361877441e-01
1.321052908897399902e-01
1.321058571338653564e-01
1.321069896221160889e-01
1.321094483137130737e-01
1.321124136447906494e-01
1.321170032024383545e-01
1.321217864751815796e-01
1.321300864219665527e-01
1.321383416652679443e-01
1.321535557508468628e-01
1.321676969528198242e-01
1.321965157985687256e-01
1.322197467088699341e-01
1.322753131389617920e-01
1.323122382164001465e-01
1.324153542518615723e-01
1.324634552001953125e-01
1.326429545879364014e-01
1.326736807823181152e-01
1.329362839460372925e-01
1.328804045915603638e-01
1.331538558006286621e-01
1.329542696475982666e-01
1.331065148115158081e-01
1.328231394290924072e-01
1.328186392784118652e-01
1.325773745775222778e-01
1.325051635503768921e-01
1.323605328798294067e-01
1.323003619909286499e-01
1.322334408760070801e-01
1.322065293788909912e-01
1.321866363286972046e-01
1.321894228458404541e-01
1.322003006935119629e-01
1.322215497493743896e-01
1.322481036186218262e-01
1.322660744190216064e-01
1.322869211435317993e-01
1.322785913944244385e-01
1.322749108076095581e-01
1.322394162416458130e-01
1.322202384471893311e-01
1.321904212236404419e-01
1.321908980607986450e-01
1.321960389614105225e-01
1.322389245033264160e-01
1.322730183601379395e-01
1.323612183332443237e-01
1.323980987071990967e-01
1.325266361236572266e-01
1.325389146804809570e-01
1.327017247676849365e-01
1.326660066843032837e-01
1.328442990779876709e-01
1.327422410249710083e-01
1.328909546136856079e-01
1.327226907014846802e-01
1.327916532754898071e-01
1.325979083776473999e-01
1.325827240943908691e-01
1.324211061000823975e-01
1.323673129081726074e-01
1.322629004716873169e-01
1.322129219770431519e-01
1.321579515933990479e-01
1.321278810501098633e-01
1.321041435003280640e-01
1.320914775133132935e-01
1.320845931768417358e-01
1.320824176073074341e-01
1.320824474096298218e-01
1.320847123861312866e-01
1.320873051881790161e-01
1.320904642343521118e-01
1.320943236351013184e-01
1.320980787277221680e-01
1.321041733026504517e-01
1.321101337671279907e-01
1.321218758821487427e-01
1.321321576833724976e-01
1.321546584367752075e-01
1.321729421615600586e-01
1.322156935930252075e-01
1.322460770606994629e-01
1.323257386684417725e-01
1.323672682046890259e-01
1.325087398290634155e-01
1.325454264879226685e-01
1.327638179063796997e-01
1.327464729547500610e-01
1.330050677061080933e-01
1.328693181276321411e-01
1.330585330724716187e-01
1.328134983777999878e-01
1.328556090593338013e-01
1.326088458299636841e-01
1.325540989637374878e-01
1.323894709348678589e-01
1.323254406452178955e-01
1.322440207004547119e-01
1.322035193443298340e-01
1.321666836738586426e-01
1.321431994438171387e-01
1.321236193180084229e-01
1.321106702089309692e-01
1.321023553609848022e-01
1.320993006229400635e-01
1.321031451225280762e-01
1.321109235286712646e-01
1.321287602186203003e-01
1.321460604667663574e-01
1.321799159049987793e-01
1.322032213211059570e-01
1.322525441646575928e-01
1.322758346796035767e-01
1.323460787534713745e-01
1.323640197515487671e-01
1.324636936187744141e-01
1.324647068977355957e-01
1.325943619012832642e-01
1.325583010911941528e-01
1.326957195997238159e-01
1.326073706150054932e-01
1.327131241559982300e-01
1.325815916061401367e-01
1.326282620429992676e-01
1.324866265058517456e-01
1.324821710586547852e-01
1.323640942573547363e-01
1.323381066322326660e-01
1.322582513093948364e-01
1.322341114282608032e-01
1.321884393692016602e-01
1.321754604578018188e-01
1.321544051170349121e-01
1.321550309658050537e-01
1.321527361869812012e-01
1.321683526039123535e-01
1.321818977594375610e-01
1.322135627269744873e-01
1.322391480207443237e-01
1.322813183069229126e-01
1.323051452636718750e-01
1.323347836732864380e-01
1.323242783546447754e-01
1.323086023330688477e-01
1.322513222694396973e-01
1.322020590305328369e-01
1.321472227573394775e-01
1.321225911378860474e-01
1.321181952953338623e-01
1.321464776992797852e-01
1.321817040443420410e-01
1.322513818740844727e-01
1.322883218526840210e-01
1.323826164007186890e-01
1.323949843645095825e-01
1.325158178806304932e-01
1.325087100267410278e-01
1.326820552349090576e-01
1.326605379581451416e-01
1.328949481248855591e-01
1.328150331974029541e-01
1.330393552780151367e-01
1.328483521938323975e-01
1.329516917467117310e-01
1.326947063207626343e-01
1.326644420623779297e-01
1.324495673179626465e-01
1.323738694190979004e-01
1.322490572929382324e-01
1.321937441825866699e-01
1.321379095315933228e-01
1.321115046739578247e-01
1.320904940366744995e-01
1.320803910493850708e-01
1.320731490850448608e-01
1.320690214633941650e-01
1.320665925741195679e-01
1.320664584636688232e-01
1.320702284574508667e-01
1.320768892765045166e-01
1.320906877517700195e-01
1.321055442094802856e-01
1.321327686309814453e-01
1.321546584367752075e-01
1.322005689144134521e-01
1.322275102138519287e-01
1.323019564151763916e-01
1.323296129703521729e-01
1.324442476034164429e-01
1.324596256017684937e-01
1.326173692941665649e-01
1.325947046279907227e-01
1.327720880508422852e-01
1.326836943626403809e-01
1.328265666961669922e-01
1.326720267534255981e-01
1.327343434095382690e-01
1.325568258762359619e-01
1.325439065694808960e-01
1.323958188295364380e-01
1.323506981134414673e-01
1.322526037693023682e-01
1.322082728147506714e-01
1.321515440940856934e-01
1.321203857660293579e-01
1.320907622575759888e-01
1.320734173059463501e-01
1.320601403713226318e-01
1.320521086454391479e-01
1.320473253726959229e-01
1.320447027683258057e-01
1.320435255765914917e-01
1.320432126522064209e-01
1.320438385009765625e-01
1.320445388555526733e-01
1.320457756519317627e-01
1.320465803146362305e-01
1.320479959249496460e-01
1.320493072271347046e-01
1.320516914129257202e-01
1.320544034242630005e-01
1.320594251155853271e-01
1.320644468069076538e-01
1.320744901895523071e-01
1.320843547582626343e-01
1.321050226688385010e-01
1.321250945329666138e-01
1.321689486503601074e-01
1.322061121463775635e-01
1.322979182004928589e-01
1.323561668395996094e-01
1.325378119945526123e-01
1.325989216566085815e-01
1.329080760478973389e-01
1.328875422477722168e-01
1.332647353410720825e-01
1.330428123474121094e-01
1.332806646823883057e-01
1.329032778739929199e-01
1.328962743282318115e-01
1.325659155845642090e-01
1.324501484632492065e-01
1.322659552097320557e-01
1.321815252304077148e-01
1.321153193712234497e-01
1.320870965719223022e-01
1.320776939392089844e-01
1.320817321538925171e-01
1.320970207452774048e-01
1.321196109056472778e-01
1.321558803319931030e-01
1.321872472763061523e-01
1.322452574968338013e-01
1.322693824768066406e-01
1.323487907648086548e-01
1.323541402816772461e-01
1.324535161256790161e-01
1.324376463890075684e-01
1.325488090515136719e-01
1.325027197599411011e-01
1.326046735048294067e-01
1.325240284204483032e-01
1.325976252555847168e-01
1.324967145919799805e-01
1.325372308492660522e-01
1.324354112148284912e-01
1.324439793825149536e-01
1.323522031307220459e-01
1.323345601558685303e-01
1.322581917047500610e-01
1.322279870510101318e-01
1.321726292371749878e-01
1.321442723274230957e-01
1.321112513542175293e-01
1.320928186178207397e-01
1.320762485265731812e-01
1.320670396089553833e-01
1.320596337318420410e-01
1.320538222789764404e-01
1.320481151342391968e-01
1.320416033267974854e-01
1.320353746414184570e-01
1.320296525955200195e-01
1.320255845785140991e-01
1.320238560438156128e-01
1.320242881774902344e-01
1.320263147354125977e-01
1.320295482873916626e-01
1.320337355136871338e-01
1.320374608039855957e-01
1.320414990186691284e-01
1.320447176694869995e-01
1.320490390062332153e-01
1.320521086454391479e-01
1.320590376853942871e-01
1.320656388998031616e-01
1.320804208517074585e-01
1.320955157279968262e-01
1.321319043636322021e-01
1.321647316217422485e-01
1.322481036186218262e-01
1.323095113039016724e-01
1.324916034936904907e-01
1.325741261243820190e-01
1.329249143600463867e-01
1.329386979341506958e-01
1.334297806024551392e-01
1.331928670406341553e-01
1.335489302873611450e-01
1.330797076225280762e-01
1.331031471490859985e-01
1.326812952756881714e-01
1.325418949127197266e-01
1.323090791702270508e-01
1.322030574083328247e-01
1.321190297603607178e-01
1.320819407701492310e-01
1.320669651031494141e-01
1.320712715387344360e-01
1.320987194776535034e-01
1.321350783109664917e-01
1.322099417448043823e-01
1.322599798440933228e-01
1.323750913143157959e-01
1.324016749858856201e-01
1.325358748435974121e-01
1.325112134218215942e-01
1.326341331005096436e-01
1.325504779815673828e-01
1.326281130313873291e-01
1.324989795684814453e-01
1.325155347585678101e-01
1.323811858892440796e-01
1.323615610599517822e-01
1.322598457336425781e-01
1.322368383407592773e-01
1.321731209754943848e-01
1.321559548377990723e-01
1.321192085742950439e-01
1.321083754301071167e-01
1.320899873971939087e-01
1.320867389440536499e-01
1.320800334215164185e-01
1.320807784795761108e-01
1.320780515670776367e-01
1.320780366659164429e-01
1.320744305849075317e-01
1.320715844631195068e-01
1.320658177137374878e-01
1.320598721504211426e-01
1.320514231920242310e-01
1.320424824953079224e-01
1.320330649614334106e-01
1.320247054100036621e-01
1.320171803236007690e-01
1.320119351148605347e-01
1.320078223943710327e-01
1.320057064294815063e-01
1.320051997900009155e-01
1.320067048072814941e-01
1.320092529058456421e-01
1.320145279169082642e-01
1.320211142301559448e-01
1.320325881242752075e-01
1.320451349020004272e-01
1.320696473121643066e-01
1.320936977863311768e-01
1.321472972631454468e-01
1.321925073862075806e-01
1.323099285364151001e-01
1.323839724063873291e-01
1.326266527175903320e-01
1.326992660760879517e-01
1.331147998571395874e-01
1.330522894859313965e-01
1.335192173719406128e-01
1.331749707460403442e-01
1.333908587694168091e-01
1.329166740179061890e-01
1.328422427177429199e-01
1.324997544288635254e-01
1.323616206645965576e-01
1.322042346000671387e-01
1.321305334568023682e-01
1.320823729038238525e-01
1.320652514696121216e-01
1.320711225271224976e-01
1.320927739143371582e-01
1.321479380130767822e-01
1.321953386068344116e-01
1.322975307703018188e-01
1.323346644639968872e-01
1.324598938226699829e-01
1.324490010738372803e-01
1.325639188289642334e-01
1.324954032897949219e-01
1.325739026069641113e-01
1.324665397405624390e-01
1.324997693300247192e-01
1.323830634355545044e-01
1.323831677436828613e-01
1.322852969169616699e-01
1.322761625051498413e-01
1.322086155414581299e-01
1.322011947631835938e-01
1.321557015180587769e-01
1.321472525596618652e-01
1.321156471967697144e-01
1.321070641279220581e-01
1.320861428976058960e-01
1.320783942937850952e-01
1.320642828941345215e-01
1.320566684007644653e-01
1.320447474718093872e-01
1.320373564958572388e-01
1.320275813341140747e-01
1.320214420557022095e-01
1.320154070854187012e-01
1.320119798183441162e-01
1.320089995861053467e-01
1.320094466209411621e-01
1.320106536149978638e-01
1.320171058177947998e-01
1.320241987705230713e-01
1.320402771234512329e-01
1.320551931858062744e-01
1.320869177579879761e-01
1.321116238832473755e-01
1.321713328361511230e-01
1.322076469659805298e-01
1.323181390762329102e-01
1.323605328798294067e-01
1.325468719005584717e-01
1.325639486312866211e-01
1.328255236148834229e-01
1.327555626630783081e-01
1.330178380012512207e-01
1.328210383653640747e-01
1.329701095819473267e-01
1.327029168605804443e-01
1.327086985111236572e-01
1.324752122163772583e-01
1.324120461940765381e-01
1.322649419307708740e-01
1.322063654661178589e-01
1.321325600147247314e-01
1.320981532335281372e-01
1.320662647485733032e-01
1.320530176162719727e-01
1.320469826459884644e-01
1.320509910583496094e-01
1.320639103651046753e-01
1.320773065090179443e-01
1.320990920066833496e-01
1.321083903312683105e-01
1.321288943290710449e-01
1.321276277303695679e-01
1.321443021297454834e-01
1.321371644735336304e-01
1.321580559015274048e-01
1.321541368961334229e-01
1.321942359209060669e-01
1.322031915187835693e-01
1.322806626558303833e-01
1.322993487119674683e-01
1.324271559715270996e-01
1.324316859245300293e-01
1.326006650924682617e-01
1.325536221265792847e-01
1.327210962772369385e-01
1.326014548540115356e-01
1.327101588249206543e-01
1.325452327728271484e-01
1.325743198394775391e-01
1.324131935834884644e-01
1.323876976966857910e-01
1.322649866342544556e-01
1.322247684001922607e-01
1.321480274200439453e-01
1.321151852607727051e-01
1.320711672306060791e-01
1.320486068725585938e-01
1.320239007472991943e-01
1.320100426673889160e-01
1.319974362850189209e-01
1.319916397333145142e-01
1.319873780012130737e-01
1.319862902164459229e-01
1.319853663444519043e-01
1.319863349199295044e-01
1.319863349199295044e-01
1.319884657859802246e-01
1.319896727800369263e-01
1.319936811923980713e-01
1.319962739944458008e-01
1.320027410984039307e-01
1.320074945688247681e-01
1.320188790559768677e-01
1.320279538631439209e-01
1.320500522851943970e-01
1.320670098066329956e-01
1.321103274822235107e-01
1.321399807929992676e-01
1.322224438190460205e-01
1.322663724422454834e-01
1.324167400598526001e-01
1.324588805437088013e-01
1.327014863491058350e-01
1.326879262924194336e-01
1.329894363880157471e-01
1.328439861536026001e-01
1.330801993608474731e-01
1.328098922967910767e-01
1.328835636377334595e-01
1.326052248477935791e-01
1.325625032186508179e-01
1.323692649602890015e-01
1.323067843914031982e-01
1.322071403264999390e-01
1.321708112955093384e-01
1.321290731430053711e-01
1.321161240339279175e-01
1.321050524711608887e-01
1.321097910404205322e-01
1.321241706609725952e-01
1.321381628513336182e-01
1.321636438369750977e-01
1.321651786565780640e-01
1.321756243705749512e-01
1.321496218442916870e-01
1.321355849504470825e-01
1.320995390415191650e-01
1.320901364088058472e-01
1.320816576480865479e-01
1.321130841970443726e-01
1.321410238742828369e-01
1.322219669818878174e-01
1.322624981403350830e-01
1.323880702257156372e-01
1.324041932821273804e-01
1.325622498989105225e-01
1.325193345546722412e-01
1.326810717582702637e-01
1.325708031654357910e-01
1.326980143785476685e-01
1.325459629297256470e-01
1.326107978820800781e-01
1.324510723352432251e-01
1.324522346258163452e-01
1.323117762804031372e-01
1.322737932205200195e-01
1.321718841791152954e-01
1.321296989917755127e-01
1.320692896842956543e-01
1.320413947105407715e-01
1.320118010044097900e-01
1.319985985755920410e-01
1.319862008094787598e-01
1.319819241762161255e-01
1.319768875837326050e-01
1.319753974676132202e-01
1.319720298051834106e-01
1.319701671600341797e-01
1.319672316312789917e-01
1.319651603698730469e-01
1.319635957479476929e-01
1.319639533758163452e-01
1.319652050733566284e-01
1.319688260555267334e-01
1.319730877876281738e-01
1.319811940193176270e-01
1.319891363382339478e-01
1.320046484470367432e-01
1.320199519395828247e-01
1.320513933897018433e-01
1.320793032646179199e-01
1.321437209844589233e-01
1.321901828050613403e-01
1.323188990354537964e-01
1.323791742324829102e-01
1.326118707656860352e-01
1.326408684253692627e-01
1.329765766859054565e-01
1.328701823949813843e-01
1.331806629896163940e-01
1.328904479742050171e-01
1.330065131187438965e-01
1.326645612716674805e-01
1.326051205396652222e-01
1.323572099208831787e-01
1.322584748268127441e-01
1.321320086717605591e-01
1.320714056491851807e-01
1.320242434740066528e-01
1.320025324821472168e-01
1.319923847913742065e-01
1.319926977157592773e-01
1.320040524005889893e-01
1.320196986198425293e-01
1.320526152849197388e-01
1.320768296718597412e-01
1.321310400962829590e-01
1.321513205766677856e-01
1.322223693132400513e-01
1.322281360626220703e-01
1.323127299547195435e-01
1.322996765375137329e-01
1.323925554752349854e-01
1.323565840721130371e-01
1.324472725391387939e-01
1.323859989643096924e-01
1.324612647294998169e-01
1.323792487382888794e-01
1.324321031570434570e-01
1.323415189981460571e-01
1.323734074831008911e-01
1.322876214981079102e-01
1.323032528162002563e-01
1.322306096553802490e-01
1.322352737188339233e-01
1.321790665388107300e-01
1.321792900562286377e-01
1.321382075548171997e-01
1.321368217468261719e-01
1.321061551570892334e-01
1.321033537387847900e-01
1.320787221193313599e-01
1.320750862360000610e-01
1.320546269416809082e-01
1.320517957210540771e-01
1.320369988679885864e-01
1.320385783910751343e-01
1.320308148860931396e-01
1.320408433675765991e-01
1.320411562919616699e-01
1.320647001266479492e-01
1.320734024047851562e-01
1.321158558130264282e-01
1.321311146020889282e-01
1.322002410888671875e-01
1.322166323661804199e-01
1.323195844888687134e-01
1.323238015174865723e-01
1.324594169855117798e-01
1.324305832386016846e-01
1.325780749320983887e-01
1.324969530105590820e-01
1.326175183057785034e-01
1.324897408485412598e-01
1.325539350509643555e-01
1.324111223220825195e-01
1.324228048324584961e-01
1.323005706071853638e-01
1.322862207889556885e-01
1.322020292282104492e-01
1.321845650672912598e-01
1.321340054273605347e-01
1.321224272251129150e-01
1.320926547050476074e-01
1.320838034152984619e-01
1.320623457431793213e-01
1.320535093545913696e-01
1.320353746414184570e-01
1.320279687643051147e-01
1.320142149925231934e-01
1.320108175277709961e-01
1.320032775402069092e-01
1.320061087608337402e-01
1.320057064294815063e-01
1.320176124572753906e-01
1.320249438285827637e-01
1.320484280586242676e-01
1.320618987083435059e-01
1.320995837450027466e-01
1.321150809526443481e-01
1.321682482957839966e-01
1.321808248758316040e-01
1.322548985481262207e-01
1.322604417800903320e-01
1.323652565479278564e-01
1.323603391647338867e-01
1.325085312128067017e-01
1.324813216924667358e-01
1.326687335968017578e-01
1.325931102037429810e-01
1.327768117189407349e-01
1.326323896646499634e-01
1.327483206987380981e-01
1.325570493936538696e-01
1.325780451297760010e-01
1.323954164981842041e-01
1.323528140783309937e-01
1.322148293256759644e-01
1.321565657854080200e-01
1.320707350969314575e-01
1.320271641016006470e-01
1.319838464260101318e-01
1.319629997014999390e-01
1.319475620985031128e-01
1.319421082735061646e-01
1.319393217563629150e-01
1.319390833377838135e-01
1.319384723901748657e-01
1.319370865821838379e-01
1.319349259138107300e-01
1.319322437047958374e-01
1.319295614957809448e-01
1.319273263216018677e-01
1.319262683391571045e-01
1.319260150194168091e-01
1.319277882575988770e-01
1.319304108619689941e-01
1.319350898265838623e-01
1.319408565759658813e-01
1.319498419761657715e-01
1.319590061902999878e-01
1.319742202758789062e-01
1.319885104894638062e-01
1.320156157016754150e-01
1.320373713970184326e-01
1.320868134498596191e-01
1.321180760860443115e-01
1.322056204080581665e-01
1.322422176599502563e-01
1.323855370283126831e-01
1.324072480201721191e-01
1.326154172420501709e-01
1.325860470533370972e-01
1.328482180833816528e-01
1.327442228794097900e-01
1.330259740352630615e-01
1.328464895486831665e-01
1.330890357494354248e-01
1.328448057174682617e-01
1.329781562089920044e-01
1.327038407325744629e-01
1.327031254768371582e-01
1.324559599161148071e-01
1.323681473731994629e-01
1.321902126073837280e-01
1.320928037166595459e-01
1.319976598024368286e-01
1.319477707147598267e-01
1.319234222173690796e-01
1.319229006767272949e-01
1.319363266229629517e-01
1.319543868303298950e-01
1.319744586944580078e-01
1.319884508848190308e-01
1.320054084062576294e-01
1.320137828588485718e-01
1.320375502109527588e-01
1.320510506629943848e-01
1.320963650941848755e-01
1.321201771497726440e-01
1.322016865015029907e-01
1.322275698184967041e-01
1.323543041944503784e-01
1.323564052581787109e-01
1.325175911188125610e-01
1.324604302644729614e-01
1.326108872890472412e-01
1.324879229068756104e-01
1.325806230306625366e-01
1.324311494827270508e-01
1.324603259563446045e-01
1.323254406452178955e-01
1.323134601116180420e-01
1.322083324193954468e-01
1.321794390678405762e-01
1.321065872907638550e-01
1.320783048868179321e-01
1.320317983627319336e-01
1.320102810859680176e-01
1.319812685251235962e-01
1.319686472415924072e-01
1.319539844989776611e-01
1.319501101970672607e-01
1.319452524185180664e-01
1.319477707147598267e-01
1.319477409124374390e-01
1.319525986909866333e-01
1.319538056850433350e-01
1.319615989923477173e-01
1.319652646780014038e-01
1.319800913333892822e-01
1.319884657859802246e-01
1.320157200098037720e-01
1.320309042930603027e-01
1.320791095495223999e-01
1.321034878492355347e-01
1.321862190961837769e-01
1.322184056043624878e-01
1.323531270027160645e-01
1.323790997266769409e-01
1.325746327638626099e-01
1.325561702251434326e-01
1.327831000089645386e-01
1.326697468757629395e-01
1.328474581241607666e-01
1.326370537281036377e-01
1.326957345008850098e-01
1.324611008167266846e-01
1.324205547571182251e-01
1.322394609451293945e-01
1.321705281734466553e-01
1.320641636848449707e-01
1.320126354694366455e-01
1.319621652364730835e-01
1.319355219602584839e-01
1.319159120321273804e-01
1.319067180156707764e-01
1.319028437137603760e-01
1.319035589694976807e-01
1.319079399108886719e-01
1.319148391485214233e-01
1.319248229265213013e-01
1.319361329078674316e-01
1.319521665573120117e-01
1.319680958986282349e-01
1.319934725761413574e-01
1.320156604051589966e-01
1.320579200983047485e-01
1.320875883102416992e-01
1.321568489074707031e-01
1.321917325258255005e-01
1.323012709617614746e-01
1.323270797729492188e-01
1.324825733900070190e-01
1.324674636125564575e-01
1.326479613780975342e-01
1.325537562370300293e-01
1.327060014009475708e-01
1.325358748435974121e-01
1.326159089803695679e-01
1.324279457330703735e-01
1.324434727430343628e-01
1.322926133871078491e-01
1.322827190160751343e-01
1.321836411952972412e-01
1.321742981672286987e-01
1.321157813072204590e-01
1.321140825748443604e-01
1.320795863866806030e-01
1.320808529853820801e-01
1.320556849241256714e-01
1.320520043373107910e-01
1.320270895957946777e-01
1.320158541202545166e-01
1.319911926984786987e-01
1.319785863161087036e-01
1.319606751203536987e-01
1.319545507431030273e-01
1.319476664066314697e-01
1.319529861211776733e-01
1.319578140974044800e-01
1.319773793220520020e-01
1.319925934076309204e-01
1.320322751998901367e-01
1.320561766624450684e-01
1.321256458759307861e-01
1.321537196636199951e-01
1.322678923606872559e-01
1.322883367538452148e-01
1.324562132358551025e-01
1.324416697025299072e-01
1.326455920934677124e-01
1.325616538524627686e-01
1.327459067106246948e-01
1.325858831405639648e-01
1.326909959316253662e-01
1.324957311153411865e-01
1.325131505727767944e-01
1.323381811380386353e-01
1.323084235191345215e-01
1.321856826543807983e-01
1.321493387222290039e-01
1.320773214101791382e-01
1.320497691631317139e-01
1.320081353187561035e-01
1.319863349199295044e-01
1.319595873355865479e-01
1.319424211978912354e-01
1.319253593683242798e-01
1.319140940904617310e-01
1.319048106670379639e-01
1.318984180688858032e-01
1.318926811218261719e-01
1.318880021572113037e-01
1.318841129541397095e-01
1.318809539079666138e-01
1.318786144256591797e-01
1.318779140710830688e-01
1.318781375885009766e-01
1.318788975477218628e-01
1.318805515766143799e-01
1.318819820880889893e-01
1.318838447332382202e-01
1.318856179714202881e-01
1.318882405757904053e-01
1.318914145231246948e-01
1.318969279527664185e-01
1.319034546613693237e-01
1.319150477647781372e-01
1.319287717342376709e-01
1.319540739059448242e-01
1.319819390773773193e-01
1.320390850305557251e-01
1.320933103561401367e-01
1.322242766618728638e-01
1.323170810937881470e-01
1.325993537902832031e-01
1.326981335878372192e-01
1.331979036331176758e-01
1.331273913383483887e-01
1.336837559938430786e-01
1.332463771104812622e-01
1.334539651870727539e-01
1.328810453414916992e-01
1.327403634786605835e-01
1.323610246181488037e-01
1.321828961372375488e-01
1.320255994796752930e-01
1.319501250982284546e-01
1.319222301244735718e-01
1.319330930709838867e-01
1.319804787635803223e-01
1.320418864488601685e-01
1.321638524532318115e-01
1.322345733642578125e-01
1.324240267276763916e-01
1.324315220117568970e-01
1.326258331537246704e-01
1.325132101774215698e-01
1.326166540384292603e-01
1.324255317449569702e-01
1.324165165424346924e-01
1.322423219680786133e-01
1.321819871664047241e-01
1.320701390504837036e-01
1.320186257362365723e-01
1.319685727357864380e-01
1.319520324468612671e-01
1.319499760866165161e-01
1.319677829742431641e-01
1.319986879825592041e-01
1.320344060659408569e-01
1.320816874504089355e-01
1.321095377206802368e-01
1.321497559547424316e-01
1.321400105953216553e-01
1.321490406990051270e-01
1.320991665124893188e-01
1.320868879556655884e-01
1.320420354604721069e-01
1.320531964302062988e-01
1.320468634366989136e-01
1.321014761924743652e-01
1.321141421794891357e-01
1.321919709444046021e-01
1.321857869625091553e-01
1.322602033615112305e-01
1.322253942489624023e-01
1.322913616895675659e-01
1.322458088397979736e-01
1.323151141405105591e-01
1.322710812091827393e-01
1.323441267013549805e-01
1.322908550500869751e-01
1.323490589857101440e-01
1.322760134935379028e-01
1.323058903217315674e-01
1.322198063135147095e-01
1.322283148765563965e-01
1.321499347686767578e-01
1.321533471345901489e-01
1.320939958095550537e-01
1.320987641811370850e-01
1.320555806159973145e-01
1.320582330226898193e-01
1.320239603519439697e-01
1.320235580205917358e-01
1.319955140352249146e-01
1.319957673549652100e-01
1.319769918918609619e-01
1.319831907749176025e-01
1.319741606712341309e-01
1.319886445999145508e-01
1.319875270128250122e-01
1.320103555917739868e-01
1.320136338472366333e-01
1.320462226867675781e-01
1.320520490407943726e-01
1.321003735065460205e-01
1.321071684360504150e-01
1.321770995855331421e-01
1.321805566549301147e-01
1.322760730981826782e-01
1.322635114192962646e-01
1.323770731687545776e-01
1.323326677083969116e-01
1.324427425861358643e-01
1.323598027229309082e-01
1.324406862258911133e-01
1.323307752609252930e-01
1.323700547218322754e-01
1.322570592164993286e-01
1.322617679834365845e-01
1.321656256914138794e-01
1.321529448032379150e-01
1.320820450782775879e-01
1.320656836032867432e-01
1.320184469223022461e-01
1.320063173770904541e-01
1.319768577814102173e-01
1.319707036018371582e-01
1.319536864757537842e-01
1.319538652896881104e-01
1.319457888603210449e-01
1.319522112607955933e-01
1.319503188133239746e-01
1.319633573293685913e-01
1.319660693407058716e-01
1.319863498210906982e-01
1.319923847913742065e-01
1.320224255323410034e-01
1.320310831069946289e-01
1.320748329162597656e-01
1.320846676826477051e-01
1.321472674608230591e-01
1.321559101343154907e-01
1.322442293167114258e-01
1.322452425956726074e-01
1.323646456003189087e-01
1.323464214801788330e-01
1.324901282787322998e-01
1.324331313371658325e-01
1.325773596763610840e-01
1.324667334556579590e-01
1.325709074735641479e-01
1.324177682399749756e-01
1.324570924043655396e-01
1.322984844446182251e-01
1.322851032018661499e-01
1.321571916341781616e-01
1.321226954460144043e-01
1.320375502109527588e-01
1.320054382085800171e-01
1.319559961557388306e-01
1.319346278905868530e-01
1.319083720445632935e-01
1.318968236446380615e-01
1.318849176168441772e-01
1.318804025650024414e-01
1.318762153387069702e-01
1.318761408329010010e-01
1.318763047456741333e-01
1.318790018558502197e-01
1.318815201520919800e-01
1.318872869014739990e-01
1.318917870521545410e-01
1.319006681442260742e-01
1.319089233875274658e-01
1.319225430488586426e-01
1.319339424371719360e-01
1.319561302661895752e-01
1.319704204797744751e-01
1.320032924413681030e-01
1.320191770792007446e-01
1.320671588182449341e-01
1.320802271366119385e-01
1.321476101875305176e-01
1.321520209312438965e-01
1.322459280490875244e-01
1.322399526834487915e-01
1.323735266923904419e-01
1.323606371879577637e-01
1.325538307428359985e-01
1.325276494026184082e-01
1.327852308750152588e-01
1.327079236507415771e-01
1.329784244298934937e-01
1.328000426292419434e-01
1.329770088195800781e-01
1.327058374881744385e-01
1.327205896377563477e-01
1.324424892663955688e-01
1.323449760675430298e-01
1.321432739496231079e-01
1.320404410362243652e-01
1.319398134946823120e-01
1.318913400173187256e-01
1.318668127059936523e-01
1.318643689155578613e-01
1.318734884262084961e-01
1.318860799074172974e-01
1.318998038768768311e-01
1.319081336259841919e-01
1.319197118282318115e-01
1.319259405136108398e-01
1.319453567266464233e-01
1.319597959518432617e-01
1.320017576217651367e-01
1.320271342992782593e-01
1.321013122797012329e-01
1.321267187595367432e-01
1.322355121374130249e-01
1.322382092475891113e-01
1.323696374893188477e-01
1.323262155055999756e-01
1.324503719806671143e-01
1.323585510253906250e-01
1.324456930160522461e-01
1.323291063308715820e-01
1.323714405298233032e-01
1.322564184665679932e-01
1.322629004716873169e-01
1.321650147438049316e-01
1.321523487567901611e-01
1.320777088403701782e-01
1.320601701736450195e-01
1.320079565048217773e-01
1.319928020238876343e-01
1.319586634635925293e-01
1.319498121738433838e-01
1.319305002689361572e-01
1.319302022457122803e-01
1.319228410720825195e-01
1.319314837455749512e-01
1.319329887628555298e-01
1.319496929645538330e-01
1.319560855627059937e-01
1.319812536239624023e-01
1.319905072450637817e-01
1.320265829563140869e-01
1.320360302925109863e-01
1.320857107639312744e-01
1.320909261703491211e-01
1.321550309658050537e-01
1.321513205766677856e-01
1.322299391031265259e-01
1.322159916162490845e-01
1.323137134313583374e-01
1.322889477014541626e-01
1.324112862348556519e-01
1.323685497045516968e-01
1.325079500675201416e-01
1.324292123317718506e-01
1.325560361146926880e-01
1.324305683374404907e-01
1.325082033872604370e-01
1.323530673980712891e-01
1.323674321174621582e-01
1.322202533483505249e-01
1.321923583745956421e-01
1.320811808109283447e-01
1.320424973964691162e-01
1.319727301597595215e-01
1.319415122270584106e-01
1.319038718938827515e-01
1.318853944540023804e-01
1.318667978048324585e-01
1.318577826023101807e-01
1.318496763706207275e-01
1.318459063768386841e-01
1.318423002958297729e-01
1.318410933017730713e-01
1.318395882844924927e-01
1.318396031856536865e-01
1.318390220403671265e-01
1.318403333425521851e-01
1.318411976099014282e-01
1.318442672491073608e-01
1.318471878767013550e-01
1.318532973527908325e-01
1.318595558404922485e-01
1.318709552288055420e-01
1.318831592798233032e-01
1.319065690040588379e-01
1.319278180599212646e-01
1.319741755723953247e-01
1.320107877254486084e-01
1.321018487215042114e-01
1.321579813957214355e-01
1.323298662900924683e-01
1.323905587196350098e-01
1.326784342527389526e-01
1.326768994331359863e-01
1.330459415912628174e-01
1.328715831041336060e-01
1.331539303064346313e-01
1.328037977218627930e-01
1.328583955764770508e-01
1.324996501207351685e-01
1.324011385440826416e-01
1.321658939123153687e-01
1.320615261793136597e-01
1.319556385278701782e-01
1.319071799516677856e-01
1.318785101175308228e-01
1.318720281124114990e-01
1.318770051002502441e-01
1.318903714418411255e-01
1.319147050380706787e-01
1.319401860237121582e-01
1.319865137338638306e-01
1.320165693759918213e-01
1.320844441652297974e-01
1.321002691984176636e-01
1.321782171726226807e-01
1.321685165166854858e-01
1.322520971298217773e-01
1.322226375341415405e-01
1.323185414075851440e-01
1.322765946388244629e-01
1.323830485343933105e-01
1.323175877332687378e-01
1.324140876531600952e-01
1.323147416114807129e-01
1.323759853839874268e-01
1.322539448738098145e-01
1.322734206914901733e-01
1.321557164192199707e-01
1.321446150541305542e-01
1.320511400699615479e-01
1.320269554853439331e-01
1.319633722305297852e-01
1.319401115179061890e-01
1.319025754928588867e-01
1.318875253200531006e-01
1.318691670894622803e-01
1.318623125553131104e-01
1.318548023700714111e-01
1.318536698818206787e-01
1.318510770797729492e-01
1.318529844284057617e-01
1.318535804748535156e-01
1.318590790033340454e-01
1.318629235029220581e-01
1.318742781877517700e-01
1.318821161985397339e-01
1.319022774696350098e-01
1.319154500961303711e-01
1.319496184587478638e-01
1.319689303636550903e-01
1.320276409387588501e-01
1.320542395114898682e-01
1.321524083614349365e-01
1.321822702884674072e-01
1.323365569114685059e-01
1.323488354682922363e-01
1.325592249631881714e-01
1.325107961893081665e-01
1.327338069677352905e-01
1.325866430997848511e-01
1.327387839555740356e-01
1.325152069330215454e-01
1.325511783361434937e-01
1.323303878307342529e-01
1.322882324457168579e-01
1.321301609277725220e-01
1.320745646953582764e-01
1.319889277219772339e-01
1.319535672664642334e-01
1.319174319505691528e-01
1.319030225276947021e-01
1.318905204534530640e-01
1.318866312503814697e-01
1.318825334310531616e-01
1.318830549716949463e-01
1.318826824426651001e-01
1.318867653608322144e-01
1.318903118371963501e-01
1.318975687026977539e-01
1.319057345390319824e-01
1.319133043289184570e-01
1.319274008274078369e-01
1.319355517625808716e-01
1.319610476493835449e-01
1.319720000028610229e-01
1.320092529058456421e-01
1.320180743932723999e-01
1.320579648017883301e-01
1.320528239011764526e-01
1.320881247520446777e-01
1.320728063583374023e-01
1.321197748184204102e-01
1.321178078651428223e-01
1.322166323661804199e-01
1.322433054447174072e-01
1.324368715286254883e-01
1.324612796306610107e-01
1.327528357505798340e-01
1.326886713504791260e-01
1.329870671033859253e-01
1.327654123306274414e-01
1.329195946455001831e-01
1.325999200344085693e-01
1.325705647468566895e-01
1.322926580905914307e-01
1.321881264448165894e-01
1.320243328809738159e-01
1.319475471973419189e-01
1.318807154893875122e-01
1.318506896495819092e-01
1.318334341049194336e-01
1.318293064832687378e-01
1.318321377038955688e-01
1.318405866622924805e-01
1.318562179803848267e-01
1.318729072809219360e-01
1.319004446268081665e-01
1.319205313920974731e-01
1.319605708122253418e-01
1.319801211357116699e-01
1.320392936468124390e-01
1.320582628250122070e-01
1.321461051702499390e-01
1.321587562561035156e-01
1.322783976793289185e-01
1.322655528783798218e-01
1.324006021022796631e-01
1.323388814926147461e-01
1.324546337127685547e-01
1.323388516902923584e-01
1.324018985033035278e-01
1.322588622570037842e-01
1.322644352912902832e-01
1.321346908807754517e-01
1.321074813604354858e-01
1.320139169692993164e-01
1.319814622402191162e-01
1.319246441125869751e-01
1.319000571966171265e-01
1.318692713975906372e-01
1.318543553352355957e-01
1.318390965461730957e-01
1.318314671516418457e-01
1.318240761756896973e-01
1.318210959434509277e-01
1.318182200193405151e-01
1.318178772926330566e-01
1.318174302577972412e-01
1.318193674087524414e-01
1.318214833736419678e-01
1.318265497684478760e-01
1.318309903144836426e-01
1.318402886390686035e-01
1.318487524986267090e-01
1.318652033805847168e-01
1.318793892860412598e-01
1.319087892770767212e-01
1.319319307804107666e-01
1.319844573736190796e-01
1.320185065269470215e-01
1.321095526218414307e-01
1.321514248847961426e-01
1.323008537292480469e-01
1.323327869176864624e-01
1.325521320104598999e-01
1.325317025184631348e-01
1.327984482049942017e-01
1.326711624860763550e-01
1.329043507575988770e-01
1.326607465744018555e-01
1.327707916498184204e-01
1.324863731861114502e-01
1.324716508388519287e-01
1.322439908981323242e-01
1.321828514337539673e-01
1.320499032735824585e-01
1.320038735866546631e-01
1.319440305233001709e-01
1.319224387407302856e-01
1.318975985050201416e-01
1.318842470645904541e-01
1.318689435720443726e-01
1.318557113409042358e-01
1.318453401327133179e-01
1.318376660346984863e-01
1.318374872207641602e-01
1.318402439355850220e-01
1.318545490503311157e-01
1.318676918745040894e-01
1.318993568420410156e-01
1.319199502468109131e-01
1.319755762815475464e-01
1.320025324821472168e-01
1.320950239896774292e-01
1.321230679750442505e-01
1.322624832391738892e-01
1.322713047266006470e-01
1.324498355388641357e-01
1.324047595262527466e-01
1.325828582048416138e-01
1.324597746133804321e-01
1.325807124376296997e-01
1.324003934860229492e-01
1.324369758367538452e-01
1.322576403617858887e-01
1.322360485792160034e-01
1.321020275354385376e-01
1.320659369230270386e-01
1.319862604141235352e-01
1.319609284400939941e-01
1.319219917058944702e-01
1.319126933813095093e-01
1.318985223770141602e-01
1.319009065628051758e-01
1.318994164466857910e-01
1.319077461957931519e-01
1.319103538990020752e-01
1.319184899330139160e-01
1.319174468517303467e-01
1.319179236888885498e-01
1.319073736667633057e-01
1.318962574005126953e-01
1.318761706352233887e-01
1.318567693233489990e-01
1.318341791629791260e-01
1.318150013685226440e-01
1.317988634109497070e-01
1.317877769470214844e-01
1.317820101976394653e-01
1.317802667617797852e-01
1.317814290523529053e-01
1.317851990461349487e-01
1.317899525165557861e-01
1.317948400974273682e-01
1.317997425794601440e-01
1.318028420209884644e-01
1.318056434392929077e-01
1.318069398403167725e-01
1.318070441484451294e-01
1.318061053752899170e-01
1.318046748638153076e-01
1.318021416664123535e-01
1.318001747131347656e-01
1.317973285913467407e-01
1.317957937717437744e-01
1.317944377660751343e-01
1.317946761846542358e-01
1.317964494228363037e-01
1.318015754222869873e-01
1.318097561597824097e-01
1.318267434835433960e-01
1.318494379520416260e-01
1.318981498479843140e-01
1.319553256034851074e-01
1.320911794900894165e-01
1.322164982557296753e-01
1.325769871473312378e-01
1.327568143606185913e-01
1.335391402244567871e-01
1.334622502326965332e-01
1.344230771064758301e-01
1.336521655321121216e-01
1.339294463396072388e-01
1.330172121524810791e-01
1.327358037233352661e-01
1.322247684001922607e-01
1.319944709539413452e-01
1.318842619657516479e-01
1.318981051445007324e-01
1.319829970598220825e-01
1.320820003747940063e-01
1.322419494390487671e-01
1.323193311691284180e-01
1.325924247503280640e-01
1.325702816247940063e-01
1.328763365745544434e-01
1.326271742582321167e-01
1.327045559883117676e-01
1.323698014020919800e-01
1.322497725486755371e-01
1.320392489433288574e-01
1.319319307804107666e-01
1.318468600511550903e-01
1.318078786134719849e-01
1.317958384752273560e-01
1.318093538284301758e-01
1.318484395742416382e-01
1.318959295749664307e-01
1.319735199213027954e-01
1.320199817419052124e-01
1.321128308773040771e-01
1.321223229169845581e-01
1.322056949138641357e-01
1.321665644645690918e-01
1.322246938943862915e-01
1.321455836296081543e-01
1.321673989295959473e-01
1.320728659629821777e-01
1.320610195398330688e-01
1.319802254438400269e-01
1.319556683301925659e-01
1.319040358066558838e-01
1.318847984075546265e-01
1.318589746952056885e-01
1.318506747484207153e-01
1.318410933017730713e-01
1.318420469760894775e-01
1.318442225456237793e-01
1.318549215793609619e-01
1.318662017583847046e-01
1.318822652101516724e-01
1.318967640399932861e-01
1.319084316492080688e-01
1.319164186716079712e-01
1.319134086370468140e-01
1.319073587656021118e-01
1.318872720003128052e-01
1.318687349557876587e-01
1.318418383598327637e-01
1.318225562572479248e-01
1.318042725324630737e-01
1.317972540855407715e-01
1.317962855100631714e-01
1.318069696426391602e-01
1.318215876817703247e-01
1.318507045507431030e-01
1.318768113851547241e-01
1.319281607866287231e-01
1.319641172885894775e-01
1.320534199476242065e-01
1.320997476577758789e-01
1.322570294141769409e-01
1.323020011186599731e-01
1.325591802597045898e-01
1.325504779815673828e-01
1.328808814287185669e-01
1.327276676893234253e-01
1.329907178878784180e-01
1.326836645603179932e-01
1.327497810125350952e-01
1.324241608381271362e-01
1.323437839746475220e-01
1.321170032024383545e-01
1.320151388645172119e-01
1.319000869989395142e-01
1.318384408950805664e-01
1.317947059869766235e-01
1.317727714776992798e-01
1.317652612924575806e-01
1.317683458328247070e-01
1.317805945873260498e-01
1.317996084690093994e-01
1.318283677101135254e-01
1.318560838699340820e-01
1.319018602371215820e-01
1.319323629140853882e-01
1.320005953311920166e-01
1.320288777351379395e-01
1.321290582418441772e-01
1.321439892053604126e-01
1.322777271270751953e-01
1.322589814662933350e-01
1.324050128459930420e-01
1.323289424180984497e-01
1.324443072080612183e-01
1.323125511407852173e-01
1.323637366294860840e-01
1.322117298841476440e-01
1.322045177221298218e-01
1.320751905441284180e-01
1.320416331291198730e-01
1.319534182548522949e-01
1.319208741188049316e-01
1.318696439266204834e-01
1.318477094173431396e-01
1.318218410015106201e-01
1.318108439445495605e-01
1.318002343177795410e-01
1.317984759807586670e-01
1.317979693412780762e-01
1.318046599626541138e-01
1.318133026361465454e-01
1.318291276693344116e-01
1.318471878767013550e-01
1.318738311529159546e-01
1.319017708301544189e-01
1.319368034601211548e-01
1.319662630558013916e-01
1.319948136806488037e-01
1.320018172264099121e-01
1.319973617792129517e-01
1.319629251956939697e-01
1.319221407175064087e-01
1.318694949150085449e-01
1.318320482969284058e-01
1.318063288927078247e-01
1.318056434392929077e-01
1.318203210830688477e-01
1.318573355674743652e-01
1.318956762552261353e-01
1.319666951894760132e-01
1.320112347602844238e-01
1.321303397417068481e-01
1.321748793125152588e-01
1.323848217725753784e-01
1.324128657579421997e-01
1.327523589134216309e-01
1.326922923326492310e-01
1.330933719873428345e-01
1.328570991754531860e-01
1.331247240304946899e-01
1.327534914016723633e-01
1.327788829803466797e-01
1.324178576469421387e-01
1.322938501834869385e-01
1.320618391036987305e-01
1.319516748189926147e-01
1.318593323230743408e-01
1.318192034959793091e-01
1.318001002073287964e-01
1.317939609289169312e-01
1.317956149578094482e-01
1.318006366491317749e-01
1.318164467811584473e-01
1.318375319242477417e-01
1.318812817335128784e-01
1.319131553173065186e-01
1.319866627454757690e-01
1.320126503705978394e-01
1.321122199296951294e-01
1.321203261613845825e-01
1.322444081306457520e-01
1.322273463010787964e-01
1.323631107807159424e-01
1.323046982288360596e-01
1.324170231819152832e-01
1.323073059320449829e-01
1.323629319667816162e-01
1.322255730628967285e-01
1.322268247604370117e-01
1.321003139019012451e-01
1.320746541023254395e-01
1.319814920425415039e-01
1.319503784179687500e-01
1.318898350000381470e-01
1.318630278110504150e-01
1.318269073963165283e-01
1.318090409040451050e-01
1.317905783653259277e-01
1.317813545465469360e-01
1.317733228206634521e-01
1.317694932222366333e-01
1.317655146121978760e-01
1.317631751298904419e-01
1.317604184150695801e-01
1.317595243453979492e-01
1.317581683397293091e-01
1.317586302757263184e-01
1.317590773105621338e-01
1.317612081766128540e-01
1.317629367113113403e-01
1.317669898271560669e-01
1.317708343267440796e-01
1.317787766456604004e-01
1.317866742610931396e-01
1.318027824163436890e-01
1.318181008100509644e-01
1.318509429693222046e-01
1.318797767162322998e-01
1.319463849067687988e-01
1.319942921400070190e-01
1.321272850036621094e-01
1.321923583745956421e-01
1.324356198310852051e-01
1.324758529663085938e-01
1.328382641077041626e-01
1.327439546585083008e-01
1.331003904342651367e-01
1.328028738498687744e-01
1.329586058855056763e-01
1.325879096984863281e-01
1.325431764125823975e-01
1.322702914476394653e-01
1.321757733821868896e-01
1.320411711931228638e-01
1.319843679666519165e-01
1.319298893213272095e-01
1.318945288658142090e-01
1.318572759628295898e-01
1.318301558494567871e-01
1.318226605653762817e-01
1.318347454071044922e-01
1.318870931863784790e-01
1.319301575422286987e-01
1.320230066776275635e-01
1.320525705814361572e-01
1.321602016687393188e-01
1.321591436862945557e-01
1.322783827781677246e-01
1.322452574968338013e-01
1.323600113391876221e-01
1.322785913944244385e-01
1.323502212762832642e-01
1.322241723537445068e-01
1.322401463985443115e-01
1.321098208427429199e-01
1.320956349372863770e-01
1.319931149482727051e-01
1.319692432880401611e-01
1.318979859352111816e-01
1.318703144788742065e-01
1.318245977163314819e-01
1.318013817071914673e-01
1.317772120237350464e-01
1.317653059959411621e-01
1.317563951015472412e-01
1.317518204450607300e-01
1.317480653524398804e-01
1.317455619573593140e-01
1.317436844110488892e-01
1.317432522773742676e-01
1.317446827888488770e-01
1.317484229803085327e-01
1.317542493343353271e-01
1.317635476589202881e-01
1.317754238843917847e-01
1.317937672138214111e-01
1.318192929029464722e-01
1.318579167127609253e-01
1.319080889225006104e-01
1.319763958454132080e-01
1.320509910583496094e-01
1.321284174919128418e-01
1.321704238653182983e-01
1.321732997894287109e-01
1.320972442626953125e-01
1.319984942674636841e-01
1.318842172622680664e-01
1.318272948265075684e-01
1.318223774433135986e-01
1.318855881690979004e-01
1.319634467363357544e-01
1.321003884077072144e-01
1.321561187505722046e-01
1.323386430740356445e-01
1.323425322771072388e-01
1.326363533735275269e-01
1.326055675745010376e-01
1.330501884222030640e-01
1.328741461038589478e-01
1.332610398530960083e-01
1.328845471143722534e-01
1.329925805330276489e-01
1.325683146715164185e-01
1.324598342180252075e-01
1.321623325347900391e-01
1.320381313562393188e-01
1.319101899862289429e-01
1.318575441837310791e-01
1.318142861127853394e-01
1.317896544933319092e-01
1.317705661058425903e-01
1.317616403102874756e-01
1.317698508501052856e-01
1.317916363477706909e-01
1.318292915821075439e-01
1.318628787994384766e-01
1.319138109683990479e-01
1.319371610879898071e-01
1.320111155509948730e-01
1.320330500602722168e-01
1.321525126695632935e-01
1.321668624877929688e-01
1.323201805353164673e-01
1.322887539863586426e-01
1.324344873428344727e-01
1.323325783014297485e-01
1.324310749769210815e-01
1.322807669639587402e-01
1.323152482509613037e-01
1.321625709533691406e-01
1.321450769901275635e-01
1.320239454507827759e-01
1.319828629493713379e-01
1.319017857313156128e-01
1.318626254796981812e-01
1.318150758743286133e-01
1.317893862724304199e-01
1.317659616470336914e-01
1.317533701658248901e-01
1.317439526319503784e-01
1.317391246557235718e-01
1.317358911037445068e-01
1.317341476678848267e-01
1.317324489355087280e-01
1.317305415868759155e-01
1.317289024591445923e-01
1.317267268896102905e-01
1.317253410816192627e-01
1.317239999771118164e-01
1.317231953144073486e-01
1.317231506109237671e-01
1.317235529422760010e-01
1.317239999771118164e-01
1.317243129014968872e-01
1.317248195409774780e-01
1.317247450351715088e-01
1.317252367734909058e-01
1.317256987094879150e-01
1.317271590232849121e-01
1.317292153835296631e-01
1.317328214645385742e-01
1.317377090454101562e-01
1.317464709281921387e-01
1.317575424909591675e-01
1.317781209945678711e-01
1.318020075559616089e-01
1.318514794111251831e-01
1.319019198417663574e-01
1.320208311080932617e-01
1.321141123771667480e-01
1.323854178190231323e-01
1.325015276670455933e-01
1.330194771289825439e-01
1.329898387193679810e-01
1.336334496736526489e-01
1.332077234983444214e-01
1.335198730230331421e-01
1.328837424516677856e-01
1.327695846557617188e-01
1.323092877864837646e-01
1.321061253547668457e-01
1.319115757942199707e-01
1.318249255418777466e-01
1.317926347255706787e-01
1.318002045154571533e-01
1.318392008543014526e-01
1.318888217210769653e-01
1.319925934076309204e-01
1.320579946041107178e-01
1.322320848703384399e-01
1.322495341300964355e-01
1.324365288019180298e-01
1.323412656784057617e-01
1.324470341205596924e-01
1.322742849588394165e-01
1.322803050279617310e-01
1.321185529232025146e-01
1.320744305849075317e-01
1.319597959518432617e-01
1.319087296724319458e-01
1.318424195051193237e-01
1.318119019269943237e-01
1.317871510982513428e-01
1.317831277847290039e-01
1.317834705114364624e-01
1.317908763885498047e-01
1.317976266145706177e-01
1.318025439977645874e-01
1.318088471889495850e-01
1.318091750144958496e-01
1.318176537752151489e-01
1.318162381649017334e-01
1.318278461694717407e-01
1.318253725767135620e-01
1.318408250808715820e-01
1.318385750055313110e-01
1.318612694740295410e-01
1.318626999855041504e-01
1.318984776735305786e-01
1.319068372249603271e-01
1.319641172885894775e-01
1.319779753684997559e-01
1.320662200450897217e-01
1.320786625146865845e-01
1.322052329778671265e-01
1.322001069784164429e-01
1.323580741882324219e-01
1.323098540306091309e-01
1.324664205312728882e-01
1.323589980602264404e-01
1.324674040079116821e-01
1.323156803846359253e-01
1.323526352643966675e-01
1.321951895952224731e-01
1.321754455566406250e-01
1.320457607507705688e-01
1.320037692785263062e-01
1.319140642881393433e-01
1.318760812282562256e-01
1.318234801292419434e-01
1.317991018295288086e-01
1.317725032567977905e-01
1.317604035139083862e-01
1.317483931779861450e-01
1.317437142133712769e-01
1.317381411790847778e-01
1.317363232374191284e-01
1.317335963249206543e-01
1.317324787378311157e-01
1.317303031682968140e-01
1.317299902439117432e-01
1.317288279533386230e-01
1.317301243543624878e-01
1.317310482263565063e-01
1.317354589700698853e-01
1.317398697137832642e-01
1.317504644393920898e-01
1.317607760429382324e-01
1.317823231220245361e-01
1.318022757768630981e-01
1.318457573652267456e-01
1.318811327219009399e-01
1.319670826196670532e-01
1.320215314626693726e-01
1.321854442358016968e-01
1.322479993104934692e-01
1.325258314609527588e-01
1.325359046459197998e-01
1.329024136066436768e-01
1.327518522739410400e-01
1.330497264862060547e-01
1.327188163995742798e-01
1.327959597110748291e-01
1.324360519647598267e-01
1.323452144861221313e-01
1.320948153734207153e-01
1.319814920425415039e-01
1.318584084510803223e-01
1.317940950393676758e-01
1.317510008811950684e-01
1.317314952611923218e-01
1.317269057035446167e-01
1.317336708307266235e-01
1.317532360553741455e-01
1.317783445119857788e-01
1.318240016698837280e-01
1.318600773811340332e-01
1.319359987974166870e-01
1.319695711135864258e-01
1.320770382881164551e-01
1.320888847112655640e-01
1.322203278541564941e-01
1.321920305490493774e-01
1.323226690292358398e-01
1.322445869445800781e-01
1.323400139808654785e-01
1.322215795516967773e-01
1.322600245475769043e-01
1.321290433406829834e-01
1.321188509464263916e-01
1.320060491561889648e-01
1.319747418165206909e-01
1.318963170051574707e-01
1.318671405315399170e-01
1.318192332983016968e-01
1.317979395389556885e-01
1.317699104547500610e-01
1.317555457353591919e-01
1.317396312952041626e-01
1.317313313484191895e-01
1.317232549190521240e-01
1.317196339368820190e-01
1.317165642976760864e-01
1.317160725593566895e-01
1.317153573036193848e-01
1.317165791988372803e-01
1.317173391580581665e-01
1.317206770181655884e-01
1.317242681980133057e-01
1.317318677902221680e-01
1.317400187253952026e-01
1.317574381828308105e-01
1.317744553089141846e-01
1.318118423223495483e-01
1.318448483943939209e-01
1.319237202405929565e-01
1.319838613271713257e-01
1.321469694375991821e-01
1.322271525859832764e-01
1.325006335973739624e-01
1.325075775384902954e-01
1.327656805515289307e-01
1.325364857912063599e-01
1.325527131557464600e-01
1.322485208511352539e-01
1.322056800127029419e-01
1.321220546960830688e-01
1.322568058967590332e-01
1.322859376668930054e-01
1.324711441993713379e-01
1.323856115341186523e-01
1.324380338191986084e-01
1.322571635246276855e-01
1.322567909955978394e-01
1.321611553430557251e-01
1.322455853223800659e-01
1.321996748447418213e-01
1.322968453168869019e-01
1.321783214807510376e-01
1.322007030248641968e-01
1.320625990629196167e-01
1.320622116327285767e-01
1.319788098335266113e-01
1.319918036460876465e-01
1.319397985935211182e-01
1.319453120231628418e-01
1.319029182195663452e-01
1.319001615047454834e-01
1.318687796592712402e-01
1.318696737289428711e-01
1.318504810333251953e-01
1.318625658750534058e-01
1.318554878234863281e-01
1.318857222795486450e-01
1.318833231925964355e-01
1.319280266761779785e-01
1.319199502468109131e-01
1.319715082645416260e-01
1.319594532251358032e-01
1.320246309041976929e-01
1.320204734802246094e-01
1.321109235286712646e-01
1.321062594652175903e-01
1.322160214185714722e-01
1.321864575147628784e-01
1.322980672121047974e-01
1.322313994169235229e-01
1.323296874761581421e-01
1.322261244058609009e-01
1.322917789220809937e-01
1.321650296449661255e-01
1.321824640035629272e-01
1.320610642433166504e-01
1.320433467626571655e-01
1.319516301155090332e-01
1.319241821765899658e-01
1.318649053573608398e-01
1.318413913249969482e-01
1.318045109510421753e-01
1.317869424819946289e-01
1.317646205425262451e-01
1.317532211542129517e-01
1.317401230335235596e-01
1.317339241504669189e-01
1.317273974418640137e-01
1.317262053489685059e-01
1.317234337329864502e-01
1.317261308431625366e-01
1.317272335290908813e-01
1.317347437143325806e-01
1.317401379346847534e-01
1.317547857761383057e-01
1.317653506994247437e-01
1.317916065454483032e-01
1.318096965551376343e-01
1.318561136722564697e-01
1.318833678960800171e-01
1.319651305675506592e-01
1.319995671510696411e-01
1.321357935667037964e-01
1.321628689765930176e-01
1.323630064725875854e-01
1.323446929454803467e-01
1.325805336236953735e-01
1.324702203273773193e-01
1.326617002487182617e-01
1.324569731950759888e-01
1.325332671403884888e-01
1.322990059852600098e-01
1.322719603776931763e-01
1.320832371711730957e-01
1.320202797651290894e-01
1.319070309400558472e-01
1.318587809801101685e-01
1.318065673112869263e-01
1.317831873893737793e-01
1.317645460367202759e-01
1.317562460899353027e-01
1.317506134510040283e-01
1.317494064569473267e-01
1.317491382360458374e-01
1.317503303289413452e-01
1.317513138055801392e-01
1.317511200904846191e-01
1.317524313926696777e-01
1.317500770092010498e-01
1.317550837993621826e-01
1.317558139562606812e-01
1.317728906869888306e-01
1.317856907844543457e-01
1.318253874778747559e-01
1.318546384572982788e-01
1.319296211004257202e-01
1.319715529680252075e-01
1.320977360010147095e-01
1.321395933628082275e-01
1.323323994874954224e-01
1.323374509811401367e-01
1.325806975364685059e-01
1.324893534183502197e-01
1.327009201049804688e-01
1.324921101331710815e-01
1.325799822807312012e-01
1.323273926973342896e-01
1.322949826717376709e-01
1.320898830890655518e-01
1.320132762193679810e-01
1.318869441747665405e-01
1.318247020244598389e-01
1.317630410194396973e-01
1.317304968833923340e-01
1.317079961299896240e-01
1.316984742879867554e-01
1.316951811313629150e-01
1.316978782415390015e-01
1.317048221826553345e-01
1.317138075828552246e-01
1.317266523838043213e-01
1.317387968301773071e-01
1.317577809095382690e-01
1.317708939313888550e-01
1.317978650331497192e-01
1.318131983280181885e-01
1.318547278642654419e-01
1.318732500076293945e-01
1.319391578435897827e-01
1.319588273763656616e-01
1.320599615573883057e-01
1.320718377828598022e-01
1.322134137153625488e-01
1.321963667869567871e-01
1.323634684085845947e-01
1.322891563177108765e-01
1.324386447668075562e-01
1.323016136884689331e-01
1.323890089988708496e-01
1.322226375341415405e-01
1.322419494390487671e-01
1.320941448211669922e-01
1.320781856775283813e-01
1.319743096828460693e-01
1.319571435451507568e-01
1.318988651037216187e-01
1.318973302841186523e-01
1.318728029727935791e-01
1.318862736225128174e-01
1.318788975477218628e-01
1.318933516740798950e-01
1.318835765123367310e-01
1.318807154893875122e-01
1.318545639514923096e-01
1.318298876285552979e-01
1.317930221557617188e-01
1.317619830369949341e-01
1.317307800054550171e-01
1.317107826471328735e-01
1.316968053579330444e-01
1.316923946142196655e-01
1.316938698291778564e-01
1.317021399736404419e-01
1.317122429609298706e-01
1.317274123430252075e-01
1.317379325628280640e-01
1.317551434040069580e-01
1.317624449729919434e-01
1.317831128835678101e-01
1.317908912897109985e-01
1.318264454603195190e-01
1.318469941616058350e-01
1.319238692522048950e-01
1.319695711135864258e-01
1.321285665035247803e-01
1.321959346532821655e-01
1.324844211339950562e-01
1.325155794620513916e-01
1.329240649938583374e-01
1.327880024909973145e-01
1.331479251384735107e-01
1.327840387821197510e-01
1.328850090503692627e-01
1.324652582406997681e-01
1.323536336421966553e-01
1.320664882659912109e-01
1.319346874952316284e-01
1.318086236715316772e-01
1.317491680383682251e-01
1.317212432622909546e-01
1.317185759544372559e-01
1.317317336797714233e-01
1.317543834447860718e-01
1.317927688360214233e-01
1.318303048610687256e-01
1.319061815738677979e-01
1.319444030523300171e-01
1.320610046386718750e-01
1.320671439170837402e-01
1.321987956762313843e-01
1.321454644203186035e-01
1.322509050369262695e-01
1.321532428264617920e-01
1.322132647037506104e-01
1.321060061454772949e-01
1.321245729923248291e-01
1.320236623287200928e-01
1.320110112428665161e-01
1.319254636764526367e-01
1.319003850221633911e-01
1.318415850400924683e-01
1.318228542804718018e-01
1.317883580923080444e-01
1.317773461341857910e-01
1.317563354969024658e-01
1.317472755908966064e-01
1.317315250635147095e-01
1.317241042852401733e-01
1.317149400711059570e-01
1.317124962806701660e-01
1.317096352577209473e-01
1.317124515771865845e-01
1.317130625247955322e-01
1.317193657159805298e-01
1.317223906517028809e-01
1.317337304353713989e-01
1.317418813705444336e-01
1.317640990018844604e-01
1.317805796861648560e-01
1.318231225013732910e-01
1.318494826555252075e-01
1.319256722927093506e-01
1.319586932659149170e-01
1.320846974849700928e-01
1.321130841970443726e-01
1.323003172874450684e-01
1.322953701019287109e-01
1.325265467166900635e-01
1.324433386325836182e-01
1.326524913311004639e-01
1.324723958969116211e-01
1.325822472572326660e-01
1.323497593402862549e-01
1.323453336954116821e-01
1.321364343166351318e-01
1.320741474628448486e-01
1.319339722394943237e-01
1.318737417459487915e-01
1.317977458238601685e-01
1.317597478628158569e-01
1.317240148782730103e-01
1.317033022642135620e-01
1.316874772310256958e-01
1.316780596971511841e-01
1.316732764244079590e-01
1.316725462675094604e-01
1.316758841276168823e-01
1.316826492547988892e-01
1.316927969455718994e-01
1.317049860954284668e-01
1.317229419946670532e-01
1.317402720451354980e-01
1.317702382802963257e-01
1.317943036556243896e-01
1.318442672491073608e-01
1.318763494491577148e-01
1.319564878940582275e-01
1.319917887449264526e-01
1.321102082729339600e-01
1.321297883987426758e-01
1.322905272245407104e-01
1.322658509016036987e-01
1.324619799852371216e-01
1.323716491460800171e-01
1.325703710317611694e-01
1.324155479669570923e-01
1.325605511665344238e-01
1.323705166578292847e-01
1.324293017387390137e-01
1.322422623634338379e-01
1.322238147258758545e-01
1.320652812719345093e-01
1.320051103830337524e-01
1.318902373313903809e-01
1.318308413028717041e-01
1.317647397518157959e-01
1.317320466041564941e-01
1.317067742347717285e-01
1.317003369331359863e-01
1.316976249217987061e-01
1.317010074853897095e-01
1.317019313573837280e-01
1.317024677991867065e-01
1.316986978054046631e-01
1.316939592361450195e-01
1.316871345043182373e-01
1.316821724176406860e-01
1.316783577203750610e-01
1.316787153482437134e-01
1.316818594932556152e-01
1.316883414983749390e-01
1.316965520381927490e-01
1.317077130079269409e-01
1.317185759544372559e-01
1.317330300807952881e-01
1.317452639341354370e-01
1.317624449729919434e-01
1.317760795354843140e-01
1.317957192659378052e-01
1.318088173866271973e-01
1.318301409482955933e-01
1.318382769823074341e-01
1.318589150905609131e-01
1.318584680557250977e-01
1.318827122449874878e-01
1.318828612565994263e-01
1.319381296634674072e-01
1.319678425788879395e-01
1.321176886558532715e-01
1.322000473737716675e-01
1.325406283140182495e-01
1.326074153184890747e-01
1.331665813922882080e-01
1.329760700464248657e-01
1.334603130817413330e-01
1.329241394996643066e-01
1.329915523529052734e-01
1.324649304151535034e-01
1.322918534278869629e-01
1.319909542798995972e-01
1.318465173244476318e-01
1.317392587661743164e-01
1.316979527473449707e-01
1.316959410905838013e-01
1.317191720008850098e-01
1.317667067050933838e-01
1.318133026361465454e-01
1.319013088941574097e-01
1.319503486156463623e-01
1.320838332176208496e-01
1.321035623550415039e-01
1.322654932737350464e-01
1.322158128023147583e-01
1.323544532060623169e-01
1.322286576032638550e-01
1.322962343692779541e-01
1.321396827697753906e-01
1.321351230144500732e-01
1.319970935583114624e-01
1.319535970687866211e-01
1.318541765213012695e-01
1.318066120147705078e-01
1.317475438117980957e-01
1.317159086465835571e-01
1.316875964403152466e-01
1.316725611686706543e-01
1.316613256931304932e-01
1.316549479961395264e-01
1.316505968570709229e-01
1.316483914852142334e-01
1.316480487585067749e-01
1.316496431827545166e-01
1.316533535718917847e-01
1.316587030887603760e-01
1.316660046577453613e-01
1.316735148429870605e-01
1.316848993301391602e-01
1.316951960325241089e-01
1.317150741815567017e-01
1.317313909530639648e-01
1.317664682865142822e-01
1.317923367023468018e-01
1.318561881780624390e-01
1.318926215171813965e-01
1.320032477378845215e-01
1.320431679487228394e-01
1.322207897901535034e-01
1.322334110736846924e-01
1.324717402458190918e-01
1.324020028114318848e-01
1.326341181993484497e-01
1.324486136436462402e-01
1.325765252113342285e-01
1.323309093713760376e-01
1.323340088129043579e-01
1.321190744638442993e-01
1.320598274469375610e-01
1.319193392992019653e-01
1.318618208169937134e-01
1.317896246910095215e-01
1.317581683397293091e-01
1.317297071218490601e-01
1.317194104194641113e-01
1.317123770713806152e-01
1.317130774259567261e-01
1.317171454429626465e-01
1.317246258258819580e-01
1.317372173070907593e-01
1.317489296197891235e-01
1.317704766988754272e-01
1.317816376686096191e-01
1.318079233169555664e-01
1.318112611770629883e-01
1.318373233079910278e-01
1.318278461694717407e-01
1.318512558937072754e-01
1.318355202674865723e-01
1.318654865026473999e-01
1.318590790033340454e-01
1.319145709276199341e-01
1.319287717342376709e-01
1.320330202579498291e-01
1.320646256208419800e-01
1.322392225265502930e-01
1.322585493326187134e-01
1.325008571147918701e-01
1.324466168880462646e-01
1.326928287744522095e-01
1.325132250785827637e-01
1.326534301042556763e-01
1.323893815279006958e-01
1.323841214179992676e-01
1.321403980255126953e-01
1.320585161447525024e-01
1.318980604410171509e-01
1.318203955888748169e-01
1.317395418882369995e-01
1.316969394683837891e-01
1.316675692796707153e-01
1.316545903682708740e-01
1.316509246826171875e-01
1.316545158624649048e-01
1.316632926464080811e-01
1.316748410463333130e-01
1.316909492015838623e-01
1.317050606012344360e-01
1.317283511161804199e-01
1.317449361085891724e-01
1.317789703607559204e-01
1.317970156669616699e-01
1.318487972021102905e-01
1.318689435720443726e-01
1.319494396448135376e-01
1.319684237241744995e-01
1.320880502462387085e-01
1.320920735597610474e-01
1.322492063045501709e-01
1.322103440761566162e-01
1.323750615119934082e-01
1.322683691978454590e-01
1.323878914117813110e-01
1.322251111268997192e-01
1.322663128376007080e-01
1.320963799953460693e-01
1.320765614509582520e-01
1.319431066513061523e-01
1.319027245044708252e-01
1.318181604146957397e-01
1.317849606275558472e-01
1.317389011383056641e-01
1.317196786403656006e-01
1.316982507705688477e-01
1.316900700330734253e-01
1.316824257373809814e-01
1.316819638013839722e-01
1.316825300455093384e-01
1.316882371902465820e-01
1.316948086023330688e-01
1.317060589790344238e-01
1.317172497510910034e-01
1.317322105169296265e-01
1.317442208528518677e-01
1.317587643861770630e-01
1.317655444145202637e-01
1.317726224660873413e-01
1.317671388387680054e-01
1.317639648914337158e-01
1.317473053932189941e-01
1.317390203475952148e-01
1.317241191864013672e-01
1.317267864942550659e-01
1.317297816276550293e-01
1.317594051361083984e-01
1.317901164293289185e-01
1.318664103746414185e-01
1.319288760423660278e-01
1.320854127407073975e-01
1.321722567081451416e-01
1.324634104967117310e-01
1.325203478336334229e-01
1.329637318849563599e-01
1.328352540731430054e-01
1.332523226737976074e-01
1.328336298465728760e-01
1.329410374164581299e-01
1.324542760848999023e-01
1.323113888502120972e-01
1.319991052150726318e-01
1.318515092134475708e-01
1.317270398139953613e-01
1.316738575696945190e-01
1.316610872745513916e-01
1.316786557435989380e-01
1.317200660705566406e-01
1.317660361528396606e-01
1.318448781967163086e-01
1.318911910057067871e-01
1.320086419582366943e-01
1.320272088050842285e-01
1.321714818477630615e-01
1.321267187595367432e-01
1.322510689496994019e-01
1.321329176425933838e-01
1.321876198053359985e-01
1.320418417453765869e-01
1.320313513278961182e-01
1.319139152765274048e-01
1.318786740303039551e-01
1.318034529685974121e-01
1.317698061466217041e-01
1.317256093025207520e-01
1.317025274038314819e-01
1.316808760166168213e-01
1.316714137792587280e-01
1.316653937101364136e-01
1.316669881343841553e-01
1.316710710525512695e-01
1.316783726215362549e-01
1.316868066787719727e-01
1.316961497068405151e-01
1.317074149847030640e-01
1.317188143730163574e-01
1.317345947027206421e-01
1.317473948001861572e-01
1.317648440599441528e-01
1.317738443613052368e-01
1.317860186100006104e-01
1.317838728427886963e-01
1.317846626043319702e-01
1.317678689956665039e-01
1.317569464445114136e-01
1.317337453365325928e-01
1.317239403724670410e-01
1.317108869552612305e-01
1.317204087972640991e-01
1.317318081855773926e-01
1.317774057388305664e-01
1.318187564611434937e-01
1.319224685430526733e-01
1.319925934076309204e-01
1.321926116943359375e-01
1.322697848081588745e-01
1.326034516096115112e-01
1.326025128364562988e-01
1.330204606056213379e-01
1.328082829713821411e-01
1.330995112657546997e-01
1.326869726181030273e-01
1.326992809772491455e-01
1.322992444038391113e-01
1.321542710065841675e-01
1.319115608930587769e-01
1.317901015281677246e-01
1.316949874162673950e-01
1.316534429788589478e-01
1.316426843404769897e-01
1.316552907228469849e-01
1.316863298416137695e-01
1.317241042852401733e-01
1.317848712205886841e-01
1.318297088146209717e-01
1.319210678339004517e-01
1.319516003131866455e-01
1.320662796497344971e-01
1.320573687553405762e-01
1.321746855974197388e-01
1.321140527725219727e-01
1.322045475244522095e-01
1.321018785238265991e-01
1.321436166763305664e-01
1.320245265960693359e-01
1.320195645093917847e-01
1.319122910499572754e-01
1.318825036287307739e-01
1.318035572767257690e-01
1.317731887102127075e-01
1.317244470119476318e-01
1.317035257816314697e-01
1.316768974065780640e-01
1.316636502742767334e-01
1.316490024328231812e-01
1.316409260034561157e-01
1.316331028938293457e-01
1.316289454698562622e-01
1.316252648830413818e-01
1.316238939762115479e-01
1.316230744123458862e-01
1.316225975751876831e-01
1.316223591566085815e-01
1.316227614879608154e-01
1.316230148077011108e-01
1.316241472959518433e-01
1.316260844469070435e-01
1.316295862197875977e-01
1.316341459751129150e-01
1.316413432359695435e-01
1.316507309675216675e-01
1.316656470298767090e-01
1.316834688186645508e-01
1.317123472690582275e-01
1.317432969808578491e-01
1.317960023880004883e-01
1.318423002958297729e-01
1.319245249032974243e-01
1.319686621427536011e-01
1.320661157369613647e-01
1.320677995681762695e-01
1.321599185466766357e-01
1.321204304695129395e-01
1.322603672742843628e-01
1.322580277919769287e-01
1.325665712356567383e-01
1.325802057981491089e-01
1.330528259277343750e-01
1.328697949647903442e-01
1.332319974899291992e-01
1.327799558639526367e-01
1.328001171350479126e-01
1.323487162590026855e-01
1.321949809789657593e-01
1.319384425878524780e-01
1.318290531635284424e-01
1.317387074232101440e-01
1.317066997289657593e-01
1.316898167133331299e-01
1.316864341497421265e-01
1.316921710968017578e-01
1.316996067762374878e-01
1.317291259765625000e-01
1.317593306303024292e-01
1.318336725234985352e-01
1.318799555301666260e-01
1.320066154003143311e-01
1.320281028747558594e-01
1.321823000907897949e-01
1.321334093809127808e-01
1.322629004716873169e-01
1.321460306644439697e-01
1.322156786918640137e-01
1.320785135030746460e-01
1.320926845073699951e-01
1.319722533226013184e-01
1.319511085748672485e-01
1.318565309047698975e-01
1.318201571702957153e-01
1.317540556192398071e-01
1.317220479249954224e-01
1.316846609115600586e-01
1.316668838262557983e-01
1.316500157117843628e-01
1.316433697938919067e-01
1.316363215446472168e-01
1.316335648298263550e-01
1.316295564174652100e-01
1.316270232200622559e-01
1.316244453191757202e-01
1.316226571798324585e-01
1.316211521625518799e-01
1.316205561161041260e-01
1.316207051277160645e-01
1.316221058368682861e-01
1.316240876913070679e-01
1.316282153129577637e-01
1.316331475973129272e-01
1.316423863172531128e-01
1.316522806882858276e-01
1.316708922386169434e-01
1.316884309053421021e-01
1.317259818315505981e-01
1.317559033632278442e-01
1.318303942680358887e-01
1.318760961294174194e-01
1.320184469223022461e-01
1.320710778236389160e-01
1.323146522045135498e-01
1.323283016681671143e-01
1.326601654291152954e-01
1.325481086969375610e-01
1.328509896993637085e-01
1.325819194316864014e-01
1.327136307954788208e-01
1.323854774236679077e-01
1.323442906141281128e-01
1.320780962705612183e-01
1.319771260023117065e-01
1.318244487047195435e-01
1.317570358514785767e-01
1.317011862993240356e-01
1.316859126091003418e-01
1.316837668418884277e-01
1.316978484392166138e-01
1.317187845706939697e-01
1.317454129457473755e-01
1.317827850580215454e-01
1.318158656358718872e-01
1.318689882755279541e-01
1.318922191858291626e-01
1.319432109594345093e-01
1.319246143102645874e-01
1.319385021924972534e-01
1.318690031766891479e-01
1.318481415510177612e-01
1.317859292030334473e-01
1.317915916442871094e-01
1.317948848009109497e-01
1.318652182817459106e-01
1.319088935852050781e-01
1.320299655199050903e-01
1.320634037256240845e-01
1.322151869535446167e-01
1.322083175182342529e-01
1.323815584182739258e-01
1.323022246360778809e-01
1.324598938226699829e-01
1.323014199733734131e-01
1.323972940444946289e-01
1.322071105241775513e-01
1.322281807661056519e-01
1.320545077323913574e-01
1.320191323757171631e-01
1.318845450878143311e-01
1.318301260471343994e-01
1.317456960678100586e-01
1.317049264907836914e-01
1.316631734371185303e-01
1.316408812999725342e-01
1.316228061914443970e-01
1.316119879484176636e-01
1.316046118736267090e-01
1.316014230251312256e-01
1.316013485193252563e-01
1.316034793853759766e-01
1.316063851118087769e-01
1.316092610359191895e-01
1.316118389368057251e-01
1.316143870353698730e-01
1.316188424825668335e-01
1.316239237785339355e-01
1.316334605216979980e-01
1.316430717706680298e-01
1.316604167222976685e-01
1.316767632961273193e-01
1.317093819379806519e-01
1.317373365163803101e-01
1.318006366491317749e-01
1.318455189466476440e-01
1.319670826196670532e-01
1.320247054100036621e-01
1.322378069162368774e-01
1.322752237319946289e-01
1.325855404138565063e-01
1.325234770774841309e-01
1.328447312116622925e-01
1.326164305210113525e-01
1.327923834323883057e-01
1.324573010206222534e-01
1.324370354413986206e-01
1.321403682231903076e-01
1.320300847291946411e-01
1.318505704402923584e-01
1.317603290081024170e-01
1.316805630922317505e-01
1.316371858119964600e-01
1.316116750240325928e-01
1.316026300191879272e-01
1.316062957048416138e-01
1.316204816102981567e-01
1.316458284854888916e-01
1.316744387149810791e-01
1.317195445299148560e-01
1.317521929740905762e-01
1.318177282810211182e-01
1.318455934524536133e-01
1.319335699081420898e-01
1.319497227668762207e-01
1.320612132549285889e-01
1.320524960756301880e-01
1.321738213300704956e-01
1.321232914924621582e-01
1.322273313999176025e-01
1.321299672126770020e-01
1.321895569562911987e-01
1.320645213127136230e-01
1.320746392011642456e-01
1.319532245397567749e-01
1.319320797920227051e-01
1.318380236625671387e-01
1.318086683750152588e-01
1.317476034164428711e-01
1.317259520292282104e-01
1.316942870616912842e-01
1.316876262426376343e-01
1.316798180341720581e-01
1.316935569047927856e-01
1.317103803157806396e-01
1.317512691020965576e-01
1.317958086729049683e-01
1.318659931421279907e-01
1.319243758916854858e-01
1.319884657859802246e-01
1.319927722215652466e-01
1.319636106491088867e-01
1.318604052066802979e-01
1.317531168460845947e-01
1.316561847925186157e-01
1.316170841455459595e-01
1.316315680742263794e-01
1.316853910684585571e-01
1.317392289638519287e-01
1.317913383245468140e-01
1.317914426326751709e-01
1.317957937717437744e-01
1.317644566297531128e-01
1.317880302667617798e-01
1.318112909793853760e-01
1.319280266761779785e-01
1.319944262504577637e-01
1.322063803672790527e-01
1.322258710861206055e-01
1.325003206729888916e-01
1.324142217636108398e-01
1.327024102210998535e-01
1.325153261423110962e-01
1.327311396598815918e-01
1.324708610773086548e-01
1.325323134660720825e-01
1.322529464960098267e-01
1.321791708469390869e-01
1.319618076086044312e-01
1.318637877702713013e-01
1.317499279975891113e-01
1.316983103752136230e-01
1.316573619842529297e-01
1.316400766372680664e-01
1.316244006156921387e-01
1.316139847040176392e-01
1.316059827804565430e-01
1.316025555133819580e-01
1.316073387861251831e-01
1.316183209419250488e-01
1.316374391317367554e-01
1.316566169261932373e-01
1.316857486963272095e-01
1.317027807235717773e-01
1.317417472600936890e-01
1.317596882581710815e-01
1.318218708038330078e-01
1.318476051092147827e-01
1.319524645805358887e-01
1.319803744554519653e-01
1.321380883455276489e-01
1.321367025375366211e-01
1.323287039995193481e-01
1.322557628154754639e-01
1.324261128902435303e-01
1.322681307792663574e-01
1.323560774326324463e-01
1.321586221456527710e-01
1.321577578783035278e-01
1.319856792688369751e-01
1.319411844015121460e-01
1.318248808383941650e-01
1.317781209945678711e-01
1.317122280597686768e-01
1.316798925399780273e-01
1.316461265087127686e-01
1.316276639699935913e-01
1.316114664077758789e-01
1.316015273332595825e-01
1.315940320491790771e-01
1.315891593694686890e-01
1.315863877534866333e-01
1.315848380327224731e-01
1.315838247537612915e-01
1.315838098526000977e-01
1.315844953060150146e-01
1.315849870443344116e-01
1.315864771604537964e-01
1.315884143114089966e-01
1.315918415784835815e-01
1.315956562757492065e-01
1.316029429435729980e-01
1.316101104021072388e-01
1.316241472959518433e-01
1.316386163234710693e-01
1.316670626401901245e-01
1.316937208175659180e-01
1.317533701658248901e-01
1.317994743585586548e-01
1.319212019443511963e-01
1.319876760244369507e-01
1.322186887264251709e-01
1.322701275348663330e-01
1.326324045658111572e-01
1.325643062591552734e-01
1.329514384269714355e-01
1.326758563518524170e-01
1.328815221786499023e-01
1.325000226497650146e-01
1.324819326400756836e-01
1.321671158075332642e-01
1.320631206035614014e-01
1.318899989128112793e-01
1.318261772394180298e-01
1.317753195762634277e-01
1.317737698554992676e-01
1.317801922559738159e-01
1.317925602197647095e-01
1.318060755729675293e-01
1.318009495735168457e-01
1.318212896585464478e-01
1.318091452121734619e-01
1.318537890911102295e-01
1.318382024765014648e-01
1.318926960229873657e-01
1.318643540143966675e-01
1.319202631711959839e-01
1.319001466035842896e-01
1.319835036993026733e-01
1.319828480482101440e-01
1.320933848619461060e-01
1.320692747831344604e-01
1.321646273136138916e-01
1.320888996124267578e-01
1.321449726819992065e-01
1.320387423038482666e-01
1.320644170045852661e-01
1.319537460803985596e-01
1.319551318883895874e-01
1.318570822477340698e-01
1.318414956331253052e-01
1.317701488733291626e-01
1.317530423402786255e-01
1.317106187343597412e-01
1.316991001367568970e-01
1.316734105348587036e-01
1.316642612218856812e-01
1.316455900669097900e-01
1.316366046667098999e-01
1.316242665052413940e-01
1.316195428371429443e-01
1.316135227680206299e-01
1.316142678260803223e-01
1.316134333610534668e-01
1.316185146570205688e-01
1.316211223602294922e-01
1.316321045160293579e-01
1.316396743059158325e-01
1.316600292921066284e-01
1.316752284765243530e-01
1.317118406295776367e-01
1.317364126443862915e-01
1.318004727363586426e-01
1.318348050117492676e-01
1.319446563720703125e-01
1.319822072982788086e-01
1.321576833724975586e-01
1.321700215339660645e-01
1.324057430028915405e-01
1.323401033878326416e-01
1.325729042291641235e-01
1.323966383934020996e-01
1.325322687625885010e-01
1.322902441024780273e-01
1.322990357875823975e-01
1.320761144161224365e-01
1.320125460624694824e-01
1.318587809801101685e-01
1.317902505397796631e-01
1.317066401243209839e-01
1.316629201173782349e-01
1.316247582435607910e-01
1.316025406122207642e-01
1.315873265266418457e-01
1.315784007310867310e-01
1.315744072198867798e-01
1.315750330686569214e-01
1.315795779228210449e-01
1.315865367650985718e-01
1.315975487232208252e-01
1.316086351871490479e-01
1.316258460283279419e-01
1.316405236721038818e-01
1.316672861576080322e-01
1.316867172718048096e-01
1.317317932844161987e-01
1.317590177059173584e-01
1.318343132734298706e-01
1.318679302930831909e-01
1.319879740476608276e-01
1.320140808820724487e-01
1.321872621774673462e-01
1.321744471788406372e-01
1.323792189359664917e-01
1.322867423295974731e-01
1.324586272239685059e-01
1.322816610336303711e-01
1.323597580194473267e-01
1.321548968553543091e-01
1.321452558040618896e-01
1.319769620895385742e-01
1.319318562746047974e-01
1.318248957395553589e-01
1.317872256040573120e-01
1.317336410284042358e-01
1.317198723554611206e-01
1.317042410373687744e-01
1.317159980535507202e-01
1.317296475172042847e-01
1.317645460367202759e-01
1.318006962537765503e-01
1.318447887897491455e-01
1.318800598382949829e-01
1.318909972906112671e-01
1.318772435188293457e-01
1.318209618330001831e-01
1.317508518695831299e-01
1.316725015640258789e-01
1.316132098436355591e-01
1.315800547599792480e-01
1.315756440162658691e-01
1.315925866365432739e-01
1.316215544939041138e-01
1.316505670547485352e-01
1.316719204187393188e-01
1.316768676042556763e-01
1.316690593957901001e-01
1.316469758749008179e-01
1.316258013248443604e-01
1.316054165363311768e-01
1.315995901823043823e-01
1.316057890653610229e-01
1.316308081150054932e-01
1.316624283790588379e-01
1.317224055528640747e-01
1.317691355943679810e-01
1.318828910589218140e-01
1.319434940814971924e-01
1.321645081043243408e-01
1.322287321090698242e-01
1.326223909854888916e-01
1.326106935739517212e-01
1.331297159194946289e-01
1.328897625207901001e-01
1.332726329565048218e-01
1.327923536300659180e-01
1.328243315219879150e-01
1.323367953300476074e-01
1.321571469306945801e-01
1.318716257810592651e-01
1.317357867956161499e-01
1.316418498754501343e-01
1.316071152687072754e-01
1.316027790307998657e-01
1.316155195236206055e-01
1.316463649272918701e-01
1.316843628883361816e-01
1.317576617002487183e-01
1.318115293979644775e-01
1.319343894720077515e-01
1.319626867771148682e-01
1.321082860231399536e-01
1.320709437131881714e-01
1.321946978569030762e-01
1.320976465940475464e-01
1.321701854467391968e-01
1.320465654134750366e-01
1.320596933364868164e-01
1.319333910942077637e-01
1.319006979465484619e-01
1.317966282367706299e-01
1.317528486251831055e-01
1.316879987716674805e-01
1.316588073968887329e-01
1.316258460283279419e-01
1.316099911928176880e-01
1.315927356481552124e-01
1.315819621086120605e-01
1.315721273422241211e-01
1.315663009881973267e-01
1.315635144710540771e-01
1.315629929304122925e-01
1.315636038780212402e-01
1.315646171569824219e-01
1.315650194883346558e-01
1.315642148256301880e-01
1.315634399652481079e-01
1.315623819828033447e-01
1.315625756978988647e-01
1.315633058547973633e-01
1.315649002790451050e-01
1.315667331218719482e-01
1.315699219703674316e-01
1.315733790397644043e-01
1.315789073705673218e-01
1.315852105617523193e-01
1.315972805023193359e-01
1.316105723381042480e-01
1.316370069980621338e-01
1.316630840301513672e-01
1.317198425531387329e-01
1.317662894725799561e-01
1.318852752447128296e-01
1.319561153650283813e-01
1.321902871131896973e-01
1.322562992572784424e-01
1.326421797275543213e-01
1.325959712266921997e-01
1.330386549234390259e-01
1.327549964189529419e-01
1.330066919326782227e-01
1.325682103633880615e-01
1.325405538082122803e-01
1.321698278188705444e-01
1.320328861474990845e-01
1.318354606628417969e-01
1.317505985498428345e-01
1.316919177770614624e-01
1.316770762205123901e-01
1.316783428192138672e-01
1.316864788532257080e-01
1.317054778337478638e-01
1.317195296287536621e-01
1.317684948444366455e-01
1.317917406558990479e-01
1.318871825933456421e-01
1.318943649530410767e-01
1.320087313652038574e-01
1.319671124219894409e-01
1.320613622665405273e-01
1.319923996925354004e-01
1.320647746324539185e-01
1.319977492094039917e-01
1.320503354072570801e-01
1.319718807935714722e-01
1.319881677627563477e-01
1.319000273942947388e-01
1.318907886743545532e-01
1.318183392286300659e-01
1.318093091249465942e-01
1.317570358514785767e-01
1.317513585090637207e-01
1.317121088504791260e-01
1.317098140716552734e-01
1.316881775856018066e-01
1.316995471715927124e-01
1.317016929388046265e-01
1.317306309938430786e-01
1.317457407712936401e-01
1.317797154188156128e-01
1.317875981330871582e-01
1.318082213401794434e-01
1.317901313304901123e-01
1.317880153656005859e-01
1.317462176084518433e-01
1.317334473133087158e-01
1.316985338926315308e-01
1.317027509212493896e-01
1.316993832588195801e-01
1.317394077777862549e-01
1.317645311355590820e-01
1.318427473306655884e-01
1.318749934434890747e-01
1.319902837276458740e-01
1.320065110921859741e-01
1.321614831686019897e-01
1.321377009153366089e-01
1.323216110467910767e-01
1.322271525859832764e-01
1.323903948068618774e-01
1.322180777788162231e-01
1.322988122701644897e-01
1.320989429950714111e-01
1.320939362049102783e-01
1.319294869899749756e-01
1.318856179714202881e-01
1.317781955003738403e-01
1.317341476678848267e-01
1.316728740930557251e-01
1.316420435905456543e-01
1.316099762916564941e-01
1.315910071134567261e-01
1.315746903419494629e-01
1.315637230873107910e-01
1.315552890300750732e-01
1.315496712923049927e-01
1.315463781356811523e-01
1.315443664789199829e-01
1.315435916185379028e-01
1.315441727638244629e-01
1.315449029207229614e-01
1.315460801124572754e-01
1.315471529960632324e-01
1.315485239028930664e-01
1.315498352050781250e-01
1.315516531467437744e-01
1.315539330244064331e-01
1.315564662218093872e-01
1.315602958202362061e-01
1.315644979476928711e-01
1.315722018480300903e-01
1.315806508064270020e-01
1.315967142581939697e-01
1.316140890121459961e-01
1.316484957933425903e-01
1.316832005977630615e-01
1.317610144615173340e-01
1.318244934082031250e-01
1.319949775934219360e-01
1.320886015892028809e-01
1.324268281459808350e-01
1.324857771396636963e-01
1.330074071884155273e-01
1.328445374965667725e-01
1.333178877830505371e-01
1.328475624322891235e-01
1.329656094312667847e-01
1.324447393417358398e-01
1.322919130325317383e-01
1.319565474987030029e-01
1.317952573299407959e-01
1.316623091697692871e-01
1.316035240888595581e-01
1.315860152244567871e-01
1.315963417291641235e-01
1.316283047199249268e-01
1.316683739423751831e-01
1.317427009344100952e-01
1.317969113588333130e-01
1.319277435541152954e-01
1.319623440504074097e-01
1.321299225091934204e-01
1.320894658565521240e-01
1.322285681962966919e-01
1.321027427911758423e-01
1.321614384651184082e-01
1.320090591907501221e-01
1.320011466741561890e-01
1.318754851818084717e-01
1.318391412496566772e-01
1.317519247531890869e-01
1.317156851291656494e-01
1.316665261983871460e-01
1.316500306129455566e-01
1.316354125738143921e-01
1.316433995962142944e-01
1.316524893045425415e-01
1.316741704940795898e-01
1.316923648118972778e-01
1.317114531993865967e-01
1.317238956689834595e-01
1.317235678434371948e-01
1.317164003849029541e-01
1.316897422075271606e-01
1.316635757684707642e-01
1.316269189119338989e-01
1.316006183624267578e-01
1.315786689519882202e-01
1.315724849700927734e-01
1.315746903419494629e-01
1.315913796424865723e-01
1.316107064485549927e-01
1.316440701484680176e-01
1.316688507795333862e-01
1.317159831523895264e-01
1.317406743764877319e-01
1.318127214908599854e-01
1.318423151969909668e-01
1.319689303636550903e-01
1.320051997900009155e-01
1.322212368249893188e-01
1.322282850742340088e-01
1.325223445892333984e-01
1.324210017919540405e-01
1.326861828565597534e-01
1.324424892663955688e-01
1.325537711381912231e-01
1.322584450244903564e-01
1.322192251682281494e-01
1.319831311702728271e-01
1.318922638893127441e-01
1.317530125379562378e-01
1.316846460103988647e-01
1.316220313310623169e-01
1.315910965204238892e-01
1.315712332725524902e-01
1.315637826919555664e-01
1.315623968839645386e-01
1.315654665231704712e-01
1.315730661153793335e-01
1.315816342830657959e-01
1.315977722406387329e-01
1.316110789775848389e-01
1.316383779048919678e-01
1.316564977169036865e-01
1.317034065723419189e-01
1.317263841629028320e-01
1.318037062883377075e-01
1.318283677101135254e-01
1.319455206394195557e-01
1.319574713706970215e-01
1.321129798889160156e-01
1.320862323045730591e-01
1.322523951530456543e-01
1.321630477905273438e-01
1.322911828756332397e-01
1.321433782577514648e-01
1.321980655193328857e-01
1.320312172174453735e-01
1.320214122533798218e-01
1.318805068731307983e-01
1.318434625864028931e-01
1.317490637302398682e-01
1.317145973443984985e-01
1.316614598035812378e-01
1.316399425268173218e-01
1.316132098436355591e-01
1.316020637750625610e-01
1.315905153751373291e-01
1.315874010324478149e-01
1.315847188234329224e-01
1.315880715847015381e-01
1.315914690494537354e-01
1.316006481647491455e-01
1.316088587045669556e-01
1.316224634647369385e-01
1.316335499286651611e-01
1.316501200199127197e-01
1.316610872745513916e-01
1.316766291856765747e-01
1.316829025745391846e-01
1.316922158002853394e-01
1.316874772310256958e-01
1.316854953765869141e-01
1.316690891981124878e-01
1.316592246294021606e-01
1.316401064395904541e-01
1.316352039575576782e-01
1.316299438476562500e-01
1.316502839326858521e-01
1.316730082035064697e-01
1.317427754402160645e-01
1.317987889051437378e-01
1.319568455219268799e-01
1.320317536592483521e-01
1.323254406452178955e-01
1.323439180850982666e-01
1.327502578496932983e-01
1.325808763504028320e-01
1.329125314950942993e-01
1.325619816780090332e-01
1.326650083065032959e-01
1.323066353797912598e-01
1.322439163923263550e-01
1.319850683212280273e-01
1.318823248147964478e-01
1.317438036203384399e-01
1.316791772842407227e-01
1.316253840923309326e-01
1.315980553627014160e-01
1.315778493881225586e-01
1.315651535987854004e-01
1.315604150295257568e-01
1.315642148256301880e-01
1.315834075212478638e-01
1.316079050302505493e-01
1.316536813974380493e-01
1.316883414983749390e-01
1.317562460899353027e-01
1.317876577377319336e-01
1.318816244602203369e-01
1.319036483764648438e-01
1.320326477289199829e-01
1.320337802171707153e-01
1.321903616189956665e-01
1.321425735950469971e-01
1.322881579399108887e-01
1.321702599525451660e-01
1.322569400072097778e-01
1.320891231298446655e-01
1.321014165878295898e-01
1.319360882043838501e-01
1.319014877080917358e-01
1.317785829305648804e-01
1.317354142665863037e-01
1.316625624895095825e-01
1.316323429346084595e-01
1.315987557172775269e-01
1.315870285034179688e-01
1.315791904926300049e-01
1.315845847129821777e-01
1.315946131944656372e-01
1.316125839948654175e-01
1.316336542367935181e-01
1.316577643156051636e-01
1.316825151443481445e-01
1.317014545202255249e-01
1.317147463560104370e-01
1.317104399204254150e-01
1.316966861486434937e-01
1.316639780998229980e-01
1.316308528184890747e-01
1.315935403108596802e-01
1.315691322088241577e-01
1.315546035766601562e-01
1.315554380416870117e-01
1.315661966800689697e-01
1.315875500440597534e-01
1.316074579954147339e-01
1.316390782594680786e-01
1.316560804843902588e-01
1.317002922296524048e-01
1.317194104194641113e-01
1.318001300096511841e-01
1.318403631448745728e-01
1.320050656795501709e-01
1.320736855268478394e-01
1.323772072792053223e-01
1.324165463447570801e-01
1.328504085540771484e-01
1.327126324176788330e-01
1.330927312374114990e-01
1.326995939016342163e-01
1.327908784151077271e-01
1.323332637548446655e-01
1.321957260370254517e-01
1.318919211626052856e-01
1.317477524280548096e-01
1.316208243370056152e-01
1.315635591745376587e-01
1.315423995256423950e-01
1.315499842166900635e-01
1.315786391496658325e-01
1.316149830818176270e-01
1.316734850406646729e-01
1.317172944545745850e-01
1.318062543869018555e-01
1.318373829126358032e-01
1.319547891616821289e-01
1.319477558135986328e-01
1.320725679397583008e-01
1.320093721151351929e-01
1.321045756340026855e-01
1.319961696863174438e-01
1.320355832576751709e-01
1.319151073694229126e-01
1.319049000740051270e-01
1.318001300096511841e-01
1.317666172981262207e-01
1.316913366317749023e-01
1.316590756177902222e-01
1.316141933202743530e-01
1.315933614969253540e-01
1.315701603889465332e-01
1.315585821866989136e-01
1.315467953681945801e-01
1.315395683050155640e-01
1.315329521894454956e-01
1.315289288759231567e-01
1.315255016088485718e-01
1.315239369869232178e-01
1.315234005451202393e-01
1.315235495567321777e-01
1.315238028764724731e-01
1.315244138240814209e-01
1.315247118473052979e-01
1.315258145332336426e-01
1.315272897481918335e-01
1.315296292304992676e-01
1.315329223871231079e-01
1.315373927354812622e-01
1.315428167581558228e-01
1.315497606992721558e-01
1.315583288669586182e-01
1.315693557262420654e-01
1.315819323062896729e-01
1.315988600254058838e-01
1.316164284944534302e-01
1.316410899162292480e-01
1.316629350185394287e-01
1.316951215267181396e-01
1.317157745361328125e-01
1.317532658576965332e-01
1.317667067050933838e-01
1.318126469850540161e-01
1.318217515945434570e-01
1.318996101617813110e-01
1.319312155246734619e-01
1.321105957031250000e-01
1.321919560432434082e-01
1.325901001691818237e-01
1.326332986354827881e-01
1.332656741142272949e-01
1.329576075077056885e-01
1.333994418382644653e-01
1.327346265316009521e-01
1.326713562011718750e-01
1.321479082107543945e-01
1.319290846586227417e-01
1.316935569047927856e-01
1.315810233354568481e-01
1.315323412418365479e-01
1.315392255783081055e-01
1.315862685441970825e-01
1.316515505313873291e-01
1.317583620548248291e-01
1.318292468786239624e-01
1.319954842329025269e-01
1.320224553346633911e-01
1.322235167026519775e-01
1.321487873792648315e-01
1.323023289442062378e-01
1.321245878934860229e-01
1.321625858545303345e-01
1.319688707590103149e-01
1.319240629673004150e-01
1.317836493253707886e-01
1.317233145236968994e-01
1.316425651311874390e-01
1.315984725952148438e-01
1.315603703260421753e-01
1.315393596887588501e-01
1.315271407365798950e-01
1.315230876207351685e-01
1.315255165100097656e-01
1.315317749977111816e-01
1.315420269966125488e-01
1.315526366233825684e-01
1.315701603889465332e-01
1.315842121839523315e-01
1.316109746694564819e-01
1.316285729408264160e-01
1.316693276166915894e-01
1.316893547773361206e-01
1.317494809627532959e-01
1.317690908908843994e-01
1.318544894456863403e-01
1.318655908107757568e-01
1.319768279790878296e-01
1.319663822650909424e-01
1.320928037166595459e-01
1.320447027683258057e-01
1.321607083082199097e-01
1.320686340332031250e-01
1.321455389261245728e-01
1.320231854915618896e-01
1.320494860410690308e-01
1.319251209497451782e-01
1.319134980440139771e-01
1.318107545375823975e-01
1.317843049764633179e-01
1.317120343446731567e-01
1.316876858472824097e-01
1.316424310207366943e-01
1.316270977258682251e-01
1.316027492284774780e-01
1.315996944904327393e-01
1.315915882587432861e-01
1.316001266241073608e-01
1.316050142049789429e-01
1.316263526678085327e-01
1.316421478986740112e-01
1.316762119531631470e-01
1.316978782415390015e-01
1.317368894815444946e-01
1.317465305328369141e-01
1.317709386348724365e-01
1.317499130964279175e-01
1.317494064569473267e-01
1.317079514265060425e-01
1.317102909088134766e-01
1.316925883293151855e-01
1.317449659109115601e-01
1.317689865827560425e-01
1.318908184766769409e-01
1.319227665662765503e-01
1.321027427911758423e-01
1.320907026529312134e-01
1.322941333055496216e-01
1.322055310010910034e-01
1.323819756507873535e-01
1.322249472141265869e-01
1.323336362838745117e-01
1.321448385715484619e-01
1.321773380041122437e-01
1.320001482963562012e-01
1.319809854030609131e-01
1.318443417549133301e-01
1.318072974681854248e-01
1.317167878150939941e-01
1.316810846328735352e-01
1.316250860691070557e-01
1.315955519676208496e-01
1.315623968839645386e-01
1.315418630838394165e-01
1.315248608589172363e-01
1.315147727727890015e-01
1.315091252326965332e-01
1.315064728260040283e-01
1.315056085586547852e-01
1.315054595470428467e-01
1.315052211284637451e-01
1.315045803785324097e-01
1.315038353204727173e-01
1.315033137798309326e-01
1.315033584833145142e-01
1.315042078495025635e-01
1.315067708492279053e-01
1.315104812383651733e-01
1.315167397260665894e-01
1.315237581729888916e-01
1.315357685089111328e-01
1.315486431121826172e-01
1.315729171037673950e-01
1.315977126359939575e-01
1.316495090723037720e-01
1.316957324743270874e-01
1.318073123693466187e-01
1.318815648555755615e-01
1.321094632148742676e-01
1.321857124567031860e-01
1.325771510601043701e-01
1.325388550758361816e-01
1.330009996891021729e-01
1.327070742845535278e-01
1.329697221517562866e-01
1.325241774320602417e-01
1.325042843818664551e-01
1.321360021829605103e-01
1.320040524005889893e-01
1.317977756261825562e-01
1.317043900489807129e-01
1.316338926553726196e-01
1.316154301166534424e-01
1.316214799880981445e-01
1.316420137882232666e-01
1.316810250282287598e-01
1.317065209150314331e-01
1.317768096923828125e-01
1.317953467369079590e-01
1.319045722484588623e-01
1.318945288658142090e-01
1.320162266492843628e-01
1.319500505924224854e-01
1.320354491472244263e-01
1.319329589605331421e-01
1.319741606712341309e-01
1.318831294775009155e-01
1.319042444229125977e-01
1.318325251340866089e-01
1.318392157554626465e-01
1.317750662565231323e-01
1.317687928676605225e-01
1.317173242568969727e-01
1.317122429609298706e-01
1.316774487495422363e-01
1.316768676042556763e-01
1.316489130258560181e-01
1.316449344158172607e-01
1.316175311803817749e-01
1.316088140010833740e-01
1.315868496894836426e-01
1.315810829401016235e-01
1.315698623657226562e-01
1.315708160400390625e-01
1.315674185752868652e-01
1.315744817256927490e-01
1.315764933824539185e-01
1.315932571887969971e-01
1.316026449203491211e-01
1.316362619400024414e-01
1.316532790660858154e-01
1.317121982574462891e-01
1.317334622144699097e-01
1.318255662918090820e-01
1.318426132202148438e-01
1.319744735956192017e-01
1.319739520549774170e-01
1.321409195661544800e-01
1.321009248495101929e-01
1.322761029005050659e-01
1.321757733821868896e-01
1.323110908269882202e-01
1.321542859077453613e-01
1.322150379419326782e-01
1.320401728153228760e-01
1.320353299379348755e-01
1.318872123956680298e-01
1.318533718585968018e-01
1.317515373229980469e-01
1.317171454429626465e-01
1.316549181938171387e-01
1.316287070512771606e-01
1.315927058458328247e-01
1.315753310918807983e-01
1.315562576055526733e-01
1.315472126007080078e-01
1.315393447875976562e-01
1.315359026193618774e-01
1.315336376428604126e-01
1.315324455499649048e-01
1.315316259860992432e-01
1.315308809280395508e-01
1.315302252769470215e-01
1.315291225910186768e-01
1.315281540155410767e-01
1.315269023180007935e-01
1.315256506204605103e-01
1.315235495567321777e-01
1.315214335918426514e-01
1.315184533596038818e-01
1.315155029296875000e-01
1.315110772848129272e-01
1.315077245235443115e-01
1.315037608146667480e-01
1.315006613731384277e-01
1.314979344606399536e-01
1.314964443445205688e-01
1.314960122108459473e-01
1.314976066350936890e-01
1.315006464719772339e-01
1.315074861049652100e-01
1.315167099237442017e-01
1.315348297357559204e-01
1.315570473670959473e-01
1.316027492284774780e-01
1.316518634557723999e-01
1.317652761936187744e-01
1.318617016077041626e-01
1.321330815553665161e-01
1.322671175003051758e-01
1.328190863132476807e-01
1.328187435865402222e-01
1.335594803094863892e-01
1.331115663051605225e-01
1.335087418556213379e-01
1.327950358390808105e-01
1.326903700828552246e-01
1.321530193090438843e-01
1.319172829389572144e-01
1.316839456558227539e-01
1.315896660089492798e-01
1.315740793943405151e-01
1.316174864768981934e-01
1.316993832588195801e-01
1.317727267742156982e-01
1.319030225276947021e-01
1.319488584995269775e-01
1.321442276239395142e-01
1.321099847555160522e-01
1.323155909776687622e-01
1.321419775485992432e-01
1.322156935930252075e-01
1.319802403450012207e-01
1.319235414266586304e-01
1.317602097988128662e-01
1.316922307014465332e-01
1.316171288490295410e-01
1.315840184688568115e-01
1.315569281578063965e-01
1.315491646528244019e-01
1.315512210130691528e-01
1.315636187791824341e-01
1.315925717353820801e-01
1.316200494766235352e-01
1.316688209772109985e-01
1.316932439804077148e-01
1.317435055971145630e-01
1.317446380853652954e-01
1.317794471979141235e-01
1.317522227764129639e-01
1.317674070596694946e-01
1.317259520292282104e-01
1.317318975925445557e-01
1.316959559917449951e-01
1.317127048969268799e-01
1.316963732242584229e-01
1.317402273416519165e-01
1.317416727542877197e-01
1.318132877349853516e-01
1.318143606185913086e-01
1.318996399641036987e-01
1.318789571523666382e-01
1.319596320390701294e-01
1.319079399108886719e-01
1.319732666015625000e-01
1.318993121385574341e-01
1.319487243890762329e-01
1.318693906068801880e-01
1.319058239459991455e-01
1.318309903144836426e-01
1.318551599979400635e-01
1.317870318889617920e-01
1.317986398935317993e-01
1.317388862371444702e-01
1.317413151264190674e-01
1.316915750503540039e-01
1.316907703876495361e-01
1.316531151533126831e-01
1.316541731357574463e-01
1.316279768943786621e-01
1.316345185041427612e-01
1.316180974245071411e-01
1.316316723823547363e-01
1.316223740577697754e-01
1.316440105438232422e-01
1.316393911838531494e-01
1.316705644130706787e-01
1.316688954830169678e-01
1.317117661237716675e-01
1.317109316587448120e-01
1.317684948444366455e-01
1.317656040191650391e-01
1.318410933017730713e-01
1.318310201168060303e-01
1.319232583045959473e-01
1.318986415863037109e-01
1.320002079010009766e-01
1.319522112607955933e-01
1.320496052503585815e-01
1.319753527641296387e-01
1.320510804653167725e-01
1.319566965103149414e-01
1.320019215345382690e-01
1.319026499986648560e-01
1.319189667701721191e-01
1.318303346633911133e-01
1.318289935588836670e-01
1.317583918571472168e-01
1.317496895790100098e-01
1.316973716020584106e-01
1.316872835159301758e-01
1.316497623920440674e-01
1.316419243812561035e-01
1.316152513027191162e-01
1.316109597682952881e-01
1.315936446189880371e-01
1.315939128398895264e-01
1.315836012363433838e-01
1.315897256135940552e-01
1.315848678350448608e-01
1.315978765487670898e-01
1.315981596708297729e-01
1.316211521625518799e-01
1.316264718770980835e-01
1.316647678613662720e-01
1.316754221916198730e-01
1.317366659641265869e-01
1.317491680383682251e-01
1.318418979644775391e-01
1.318479031324386597e-01
1.319757997989654541e-01
1.319579482078552246e-01
1.321092844009399414e-01
1.320460736751556396e-01
1.321880221366882324e-01
1.320729255676269531e-01
1.321670114994049072e-01
1.320199966430664062e-01
1.320524662733078003e-01
1.319077014923095703e-01
1.318949908018112183e-01
1.317790448665618896e-01
1.317506432533264160e-01
1.316726058721542358e-01
1.316481828689575195e-01
1.316022723913192749e-01
1.315876543521881104e-01
1.315633207559585571e-01
1.315564215183258057e-01
1.315443366765975952e-01
1.315437257289886475e-01
1.315398365259170532e-01
1.315459012985229492e-01
1.315488815307617188e-01
1.315631270408630371e-01
1.315736919641494751e-01
1.315990984439849854e-01
1.316167116165161133e-01
1.316564977169036865e-01
1.316800415515899658e-01
1.317374259233474731e-01
1.317612528800964355e-01
1.318366080522537231e-01
1.318480074405670166e-01
1.319368183612823486e-01
1.319243460893630981e-01
1.320282220840454102e-01
1.319946348667144775e-01
1.321282833814620972e-01
1.320785284042358398e-01
1.322486549615859985e-01
1.321584433317184448e-01
1.323264241218566895e-01
1.321638226509094238e-01
1.322593837976455688e-01
1.320481896400451660e-01
1.320461034774780273e-01
1.318567246198654175e-01
1.318026483058929443e-01
1.316786855459213257e-01
1.316254585981369019e-01
1.315613985061645508e-01
1.315288096666336060e-01
1.315014064311981201e-01
1.314867734909057617e-01
1.314774453639984131e-01
1.314735114574432373e-01
1.314724981784820557e-01
1.314734667539596558e-01
1.314759999513626099e-01
1.314790248870849609e-01
1.314828097820281982e-01
1.314867436885833740e-01
1.314925104379653931e-01
1.314972937107086182e-01
1.315076649188995361e-01
1.315156072378158569e-01
1.315341293811798096e-01
1.315490007400512695e-01
1.315843164920806885e-01
1.316098123788833618e-01
1.316765993833541870e-01
1.317162811756134033e-01
1.318392157554626465e-01
1.318864822387695312e-01
1.320942342281341553e-01
1.321148425340652466e-01
1.324049830436706543e-01
1.323281973600387573e-01
1.326162666082382202e-01
1.324010938405990601e-01
1.325620412826538086e-01
1.322754770517349243e-01
1.322822123765945435e-01
1.320313960313796997e-01
1.319619268178939819e-01
1.317990869283676147e-01
1.317363530397415161e-01
1.316570788621902466e-01
1.316285729408264160e-01
1.315984129905700684e-01
1.315874904394149780e-01
1.315737813711166382e-01
1.315603852272033691e-01
1.315499991178512573e-01
1.315382272005081177e-01
1.315373480319976807e-01
1.315399110317230225e-01
1.315615773200988770e-01
1.315834075212478638e-01
1.316341310739517212e-01
1.316673159599304199e-01
1.317532211542129517e-01
1.317825168371200562e-01
1.319043785333633423e-01
1.319131255149841309e-01
1.320639401674270630e-01
1.320327371358871460e-01
1.321900486946105957e-01
1.321047991514205933e-01
1.322313696146011353e-01
1.320946067571640015e-01
1.321585327386856079e-01
1.319984495639801025e-01
1.319995224475860596e-01
1.318561434745788574e-01
1.318234503269195557e-01
1.317204833030700684e-01
1.316831558942794800e-01
1.316187828779220581e-01
1.315879970788955688e-01
1.315492093563079834e-01
1.315262019634246826e-01
1.315032392740249634e-01
1.314882040023803711e-01
1.314763724803924561e-01
1.314692944288253784e-01
1.314656287431716919e-01
1.314640641212463379e-01
1.314637959003448486e-01
1.314642876386642456e-01
1.314645409584045410e-01
1.314644813537597656e-01
1.314644217491149902e-01
1.314646005630493164e-01
1.314653903245925903e-01
1.314663439989089966e-01
1.314675956964492798e-01
1.314694583415985107e-01
1.314722150564193726e-01
1.314753741025924683e-01
1.314787417650222778e-01
1.314832419157028198e-01
1.314891874790191650e-01
1.314974427223205566e-01
1.315073817968368530e-01
1.315227001905441284e-01
1.315399557352066040e-01
1.315680146217346191e-01
1.315961629152297974e-01
1.316467076539993286e-01
1.316910833120346069e-01
1.317798346281051636e-01
1.318384408950805664e-01
1.319845318794250488e-01
1.320445239543914795e-01
1.322727650403976440e-01
1.323139369487762451e-01
1.326763182878494263e-01
1.326547861099243164e-01
1.331966966390609741e-01
1.329236030578613281e-01
1.333976686000823975e-01
1.327450424432754517e-01
1.327434033155441284e-01
1.321478337049484253e-01
1.319144219160079956e-01
1.316396594047546387e-01
1.315146535634994507e-01
1.314668655395507812e-01
1.314843147993087769e-01
1.315503269433975220e-01
1.316357105970382690e-01
1.317763924598693848e-01
1.318606436252593994e-01
1.320721656084060669e-01
1.320729702711105347e-01
1.322909891605377197e-01
1.321386247873306274e-01
1.322365850210189819e-01
1.319985836744308472e-01
1.319584250450134277e-01
1.317694336175918579e-01
1.316909343004226685e-01
1.315892040729522705e-01
1.315363347530364990e-01
1.314952373504638672e-01
1.314760297536849976e-01
1.314695924520492554e-01
1.314739733934402466e-01
1.314865648746490479e-01
1.315020620822906494e-01
1.315253674983978271e-01
1.315431296825408936e-01
1.315747648477554321e-01
1.315908282995223999e-01
1.316318511962890625e-01
1.316437572240829468e-01
1.316959261894226074e-01
1.317008435726165771e-01
1.317646503448486328e-01
1.317574530839920044e-01
1.318292617797851562e-01
1.318052709102630615e-01
1.318787485361099243e-01
1.318354159593582153e-01
1.319003403186798096e-01
1.318394988775253296e-01
1.318875551223754883e-01
1.318155229091644287e-01
1.318435966968536377e-01
1.317707300186157227e-01
1.317830532789230347e-01
1.317187547683715820e-01
1.317236274480819702e-01
1.316734552383422852e-01
1.316783279180526733e-01
1.316434890031814575e-01
1.316527724266052246e-01
1.316307485103607178e-01
1.316460371017456055e-01
1.316329836845397949e-01
1.316530555486679077e-01
1.316437572240829468e-01
1.316646635532379150e-01
1.316524744033813477e-01
1.316702514886856079e-01
1.316514760255813599e-01
1.316655278205871582e-01
1.316442936658859253e-01
1.316647380590438843e-01
1.316506415605545044e-01
1.316903233528137207e-01
1.316894888877868652e-01
1.317579746246337891e-01
1.317645013332366943e-01
1.318644285202026367e-01
1.318635940551757812e-01
1.319881081581115723e-01
1.319602131843566895e-01
1.320909112691879272e-01
1.320198476314544678e-01
1.321272104978561401e-01
1.320134550333023071e-01
1.320750266313552856e-01
1.319405436515808105e-01
1.319541335105895996e-01
1.318299323320388794e-01
1.318153738975524902e-01
1.317206025123596191e-01
1.316990703344345093e-01
1.316363662481307983e-01
1.316198706626892090e-01
1.315817087888717651e-01
1.315726637840270996e-01
1.315504908561706543e-01
1.315467506647109985e-01
1.315338611602783203e-01
1.315331459045410156e-01
1.315250396728515625e-01
1.315252929925918579e-01
1.315199136734008789e-01
1.315212845802307129e-01
1.315173506736755371e-01
1.315211057662963867e-01
1.315200477838516235e-01
1.315285712480545044e-01
1.315323710441589355e-01
1.315494924783706665e-01
1.315601766109466553e-01
1.315921992063522339e-01
1.316125541925430298e-01
1.316696852445602417e-01
1.317026019096374512e-01
1.318039298057556152e-01
1.318455785512924194e-01
1.320147514343261719e-01
1.320421695709228516e-01
1.322869956493377686e-01
1.322418600320816040e-01
1.325068324804306030e-01
1.323298662900924683e-01
1.324966400861740112e-01
1.322209388017654419e-01
1.322311908006668091e-01
1.319703757762908936e-01
1.318902522325515747e-01
1.317169666290283203e-01
1.316356062889099121e-01
1.315481662750244141e-01
1.315024495124816895e-01
1.314698159694671631e-01
1.314548254013061523e-01
1.314496546983718872e-01
1.314511597156524658e-01
1.314588189125061035e-01
1.314696073532104492e-01
1.314859986305236816e-01
1.315024495124816895e-01
1.315307170152664185e-01
1.315529495477676392e-01
1.315989941358566284e-01
1.316246539354324341e-01
1.316970586776733398e-01
1.317191272974014282e-01
1.318253427743911743e-01
1.318296939134597778e-01
1.319655179977416992e-01
1.319299787282943726e-01
1.320711970329284668e-01
1.319836378097534180e-01
1.320924311876296997e-01
1.319677382707595825e-01
1.320232450962066650e-01
1.318931132555007935e-01
1.319022327661514282e-01
1.317908316850662231e-01
1.317750513553619385e-01
1.316921412944793701e-01
1.316740959882736206e-01
1.316215842962265015e-01
1.316154599189758301e-01
1.315876990556716919e-01
1.315958201885223389e-01
1.315847188234329224e-01
1.316052526235580444e-01
1.316042393445968628e-01
1.316363960504531860e-01
1.316420584917068481e-01
1.316844671964645386e-01
1.316899806261062622e-01
1.317335218191146851e-01
1.317251771688461304e-01
1.317572444677352905e-01
1.317294538021087646e-01
1.317552030086517334e-01
1.317297816276550293e-01
1.317794471979141235e-01
1.317817717790603638e-01
1.318817138671875000e-01
1.319049447774887085e-01
1.320530474185943604e-01
1.320535689592361450e-01
1.322196274995803833e-01
1.321505457162857056e-01
1.322925686836242676e-01
1.321461796760559082e-01
1.322335600852966309e-01
1.320488303899765015e-01
1.320698708295822144e-01
1.318954825401306152e-01
1.318667083978652954e-01
1.317328959703445435e-01
1.316867023706436157e-01
1.316003352403640747e-01
1.315613985061645508e-01
1.315138936042785645e-01
1.314894258975982666e-01
1.314666867256164551e-01
1.314533948898315430e-01
1.314434111118316650e-01
1.314383000135421753e-01
1.314361691474914551e-01
1.314373761415481567e-01
1.314411461353302002e-01
1.314452737569808960e-01
1.314513683319091797e-01
1.314559131860733032e-01
1.314619183540344238e-01
1.314663439989089966e-01
1.314750164747238159e-01
1.314825564622879028e-01
1.314993351697921753e-01
1.315145641565322876e-01
1.315473765134811401e-01
1.315749138593673706e-01
1.316377073526382446e-01
1.316809207201004028e-01
1.317964643239974976e-01
1.318533718585968018e-01
1.320546120405197144e-01
1.320967972278594971e-01
1.323955357074737549e-01
1.323440372943878174e-01
1.326633840799331665e-01
1.324417144060134888e-01
1.326208710670471191e-01
1.322896629571914673e-01
1.322741806507110596e-01
1.319813430309295654e-01
1.318740099668502808e-01
1.316932141780853271e-01
1.316007971763610840e-01
1.315187513828277588e-01
1.314763724803924561e-01
1.314550638198852539e-01
1.314520686864852905e-01
1.314626187086105347e-01
1.314800977706909180e-01
1.315100491046905518e-01
1.315363496541976929e-01
1.315854042768478394e-01
1.316134333610534668e-01
1.316871494054794312e-01
1.317075788974761963e-01
1.318095624446868896e-01
1.318068504333496094e-01
1.319289058446884155e-01
1.318845152854919434e-01
1.319974511861801147e-01
1.319084018468856812e-01
1.319816410541534424e-01
1.318697482347488403e-01
1.318957358598709106e-01
1.317893266677856445e-01
1.317812353372573853e-01
1.316944658756256104e-01
1.316722929477691650e-01
1.316096186637878418e-01
1.315908432006835938e-01
1.315530240535736084e-01
1.315446496009826660e-01
1.315262168645858765e-01
1.315287351608276367e-01
1.315231174230575562e-01
1.315348595380783081e-01
1.315396726131439209e-01
1.315643340349197388e-01
1.315803974866867065e-01
1.316219568252563477e-01
1.316483765840530396e-01
1.317073851823806763e-01
1.317333579063415527e-01
1.317984163761138916e-01
1.318001300096511841e-01
1.318491399288177490e-01
1.318121254444122314e-01
1.318408846855163574e-01
1.317906081676483154e-01
1.318330615758895874e-01
1.318093538284301758e-01
1.319084912538528442e-01
1.319043934345245361e-01
1.320658475160598755e-01
1.320207118988037109e-01
1.321904212236404419e-01
1.320551931858062744e-01
1.321518272161483765e-01
1.319630593061447144e-01
1.319712400436401367e-01
1.318106949329376221e-01
1.317829489707946777e-01
1.316824853420257568e-01
1.316577792167663574e-01
1.316010504961013794e-01
1.315844506025314331e-01
1.315497606992721558e-01
1.315364688634872437e-01
1.315125823020935059e-01
1.315004974603652954e-01
1.314829289913177490e-01
1.314735561609268188e-01
1.314624249935150146e-01
1.314582973718643188e-01
1.314547359943389893e-01
1.314574480056762695e-01
1.314605474472045898e-01
1.314711123704910278e-01
1.314797103404998779e-01
1.314983814954757690e-01
1.315117627382278442e-01
1.315437853336334229e-01
1.315643042325973511e-01
1.316202133893966675e-01
1.316495537757873535e-01
1.317484974861145020e-01
1.317844241857528687e-01
1.319479793310165405e-01
1.319697201251983643e-01
1.322031915187835693e-01
1.321640610694885254e-01
1.324215382337570190e-01
1.322760134935379028e-01
1.324615925550460815e-01
1.322267353534698486e-01
1.322801113128662109e-01
1.320333331823348999e-01
1.319858431816101074e-01
1.317990720272064209e-01
1.317267566919326782e-01
1.316200494766235352e-01
1.315697133541107178e-01
1.315213143825531006e-01
1.314950883388519287e-01
1.314744055271148682e-01
1.314615160226821899e-01
1.314522922039031982e-01
1.314489394426345825e-01
1.314512193202972412e-01
1.314587146043777466e-01
1.314749568700790405e-01
1.314911395311355591e-01
1.315211653709411621e-01
1.315403580665588379e-01
1.315865069627761841e-01
1.316069066524505615e-01
1.316772699356079102e-01
1.317009478807449341e-01
1.318068206310272217e-01
1.318278461694717407e-01
1.319742053747177124e-01
1.319703012704849243e-01
1.321427673101425171e-01
1.320807635784149170e-01
1.322388052940368652e-01
1.321025639772415161e-01
1.321968883275985718e-01
1.320146918296813965e-01
1.320302337408065796e-01
1.318584978580474854e-01
1.318252831697463989e-01
1.317005604505538940e-01
1.316575855016708374e-01
1.315823644399642944e-01
1.315494775772094727e-01
1.315088123083114624e-01
1.314874142408370972e-01
1.314662694931030273e-01
1.314542442560195923e-01
1.314436346292495728e-01
1.314371228218078613e-01
1.314318478107452393e-01
1.314286589622497559e-01
1.314261704683303833e-01
1.314249485731124878e-01
1.314238309860229492e-01
1.314232796430587769e-01
1.314230114221572876e-01
1.314228773117065430e-01
1.314239650964736938e-01
1.314252912998199463e-01
1.314271986484527588e-01
1.314299106597900391e-01
1.314331591129302979e-01
1.314376592636108398e-01
1.314432621002197266e-01
1.314501911401748657e-01
1.314591169357299805e-01
1.314699053764343262e-01
1.314839869737625122e-01
1.315000951290130615e-01
1.315216124057769775e-01
1.315426677465438843e-01
1.315709948539733887e-01
1.315935105085372925e-01
1.316277235746383667e-01
1.316447257995605469e-01
1.316849291324615479e-01
1.316972225904464722e-01
1.317639946937561035e-01
1.317943036556243896e-01
1.319463700056076050e-01
1.320308297872543335e-01
1.323812156915664673e-01
1.324943900108337402e-01
1.331522017717361450e-01
1.330096274614334106e-01
1.336947679519653320e-01
1.329945325851440430e-01
1.330758631229400635e-01
1.323425769805908203e-01
1.320618093013763428e-01
1.316960602998733521e-01
1.315183639526367188e-01
1.314356178045272827e-01
1.314414739608764648e-01
1.315142214298248291e-01
1.316170841455459595e-01
1.317931711673736572e-01
1.318875700235366821e-01
1.321321874856948853e-01
1.321096271276473999e-01
1.323231756687164307e-01
1.321371793746948242e-01
1.322017610073089600e-01
1.319509446620941162e-01
1.318840384483337402e-01
1.316957920789718628e-01
1.316064894199371338e-01
1.315112560987472534e-01
1.314616799354553223e-01
1.314326971769332886e-01
1.314257085323333740e-01
1.314326524734497070e-01
1.314486563205718994e-01
1.314734518527984619e-01
1.314963400363922119e-01
1.315325200557708740e-01
1.315531134605407715e-01
1.315992772579193115e-01
1.316112726926803589e-01
1.316669136285781860e-01
1.316653490066528320e-01
1.317274123430252075e-01
1.317076534032821655e-01
1.317689865827560425e-01
1.317297816276550293e-01
1.317806392908096313e-01
1.317264139652252197e-01
1.317611336708068848e-01
1.317016184329986572e-01
1.317198872566223145e-01
1.316639930009841919e-01
1.316697448492050171e-01
1.316213756799697876e-01
1.316203176975250244e-01
1.315814554691314697e-01
1.315774470567703247e-01
1.315475851297378540e-01
1.315455585718154907e-01
1.315240859985351562e-01
1.315256953239440918e-01
1.315117329359054565e-01
1.315187066793441772e-01
1.315113306045532227e-01
1.315252482891082764e-01
1.315237879753112793e-01
1.315466016530990601e-01
1.315507590770721436e-01
1.315862685441970825e-01
1.315960735082626343e-01
1.316503882408142090e-01
1.316632777452468872e-01
1.317432373762130737e-01
1.317545175552368164e-01
1.318651437759399414e-01
1.318617761135101318e-01
1.319989711046218872e-01
1.319628953933715820e-01
1.321046352386474609e-01
1.320213973522186279e-01
1.321347951889038086e-01
1.320098787546157837e-01
1.320694833993911743e-01
1.319291889667510986e-01
1.319343745708465576e-01
1.318068802356719971e-01
1.317776143550872803e-01
1.316781640052795410e-01
1.316371411085128784e-01
1.315676718950271606e-01
1.315303742885589600e-01
1.314870864152908325e-01
1.314608901739120483e-01
1.314376443624496460e-01
1.314241439104080200e-01
1.314140707254409790e-01
1.314093768596649170e-01
1.314074844121932983e-01
1.314081400632858276e-01
1.314099878072738647e-01
1.314134746789932251e-01
1.314177960157394409e-01
1.314232051372528076e-01
1.314282566308975220e-01
1.314353346824645996e-01
1.314423978328704834e-01
1.314523518085479736e-01
1.314612925052642822e-01
1.314761489629745483e-01
1.314886063337326050e-01
1.315124779939651489e-01
1.315300017595291138e-01
1.315708607435226440e-01
1.315958052873611450e-01
1.316694766283035278e-01
1.317028701305389404e-01
1.318343430757522583e-01
1.318712234497070312e-01
1.320928037166595459e-01
1.321061104536056519e-01
1.324289739131927490e-01
1.323560029268264771e-01
1.327107846736907959e-01
1.324886381626129150e-01
1.327280402183532715e-01
1.323866248130798340e-01
1.324255913496017456e-01
1.320925354957580566e-01
1.320022940635681152e-01
1.317776739597320557e-01
1.316763907670974731e-01
1.315593123435974121e-01
1.314946413040161133e-01
1.314461678266525269e-01
1.314234584569931030e-01
1.314214318990707397e-01
1.314373314380645752e-01
1.314705014228820801e-01
1.315084248781204224e-01
1.315637230873107910e-01
1.316021084785461426e-01
1.316710114479064941e-01
1.316967606544494629e-01
1.317854970693588257e-01
1.317951083183288574e-01
1.319103091955184937e-01
1.318917274475097656e-01
1.320183873176574707e-01
1.319493800401687622e-01
1.320497840642929077e-01
1.319273114204406738e-01
1.319728791713714600e-01
1.318287998437881470e-01
1.318222433328628540e-01
1.316974759101867676e-01
1.316659301519393921e-01
1.315809190273284912e-01
1.315499246120452881e-01
1.315029859542846680e-01
1.314861178398132324e-01
1.314679384231567383e-01
1.314678937196731567e-01
1.314701884984970093e-01
1.314851343631744385e-01
1.315020620822906494e-01
1.315288394689559937e-01
1.315546035766601562e-01
1.315824538469314575e-01
1.316004246473312378e-01
1.316083967685699463e-01
1.315951943397521973e-01
1.315655857324600220e-01
1.315194368362426758e-01
1.314717233180999756e-01
1.314297616481781006e-01
1.314038932323455811e-01
1.313948929309844971e-01
1.314013302326202393e-01
1.314168572425842285e-01
1.314370930194854736e-01
1.314536333084106445e-01
1.314687281847000122e-01
1.314721554517745972e-01
1.314776837825775146e-01
1.314737051725387573e-01
1.314852535724639893e-01
1.314954310655593872e-01
1.315411627292633057e-01
1.315843760967254639e-01
1.317024379968643188e-01
1.317823380231857300e-01
1.320319175720214844e-01
1.321145147085189819e-01
1.325455307960510254e-01
1.325046122074127197e-01
1.330184638500213623e-01
1.327060908079147339e-01
1.330108493566513062e-01
1.325186789035797119e-01
1.324966102838516235e-01
1.320681869983673096e-01
1.318976879119873047e-01
1.316599994897842407e-01
1.315397769212722778e-01
1.314600408077239990e-01
1.314270049333572388e-01
1.314232349395751953e-01
1.314392983913421631e-01
1.314779520034790039e-01
1.315248310565948486e-01
1.316090226173400879e-01
1.316674351692199707e-01
1.317936927080154419e-01
1.318224072456359863e-01
1.319660544395446777e-01
1.319258511066436768e-01
1.320478618144989014e-01
1.319403201341629028e-01
1.320078521966934204e-01
1.318711638450622559e-01
1.318772882223129272e-01
1.317474693059921265e-01
1.317122876644134521e-01
1.316117793321609497e-01
1.315686106681823730e-01
1.315064579248428345e-01
1.314770728349685669e-01
1.314460039138793945e-01
1.314310580492019653e-01
1.314164847135543823e-01
1.314072161912918091e-01
1.313986033201217651e-01
1.313922703266143799e-01
1.313876807689666748e-01
1.313853710889816284e-01
1.313849687576293945e-01
1.313855797052383423e-01
1.313872486352920532e-01
1.313890665769577026e-01
1.313906908035278320e-01
1.313928067684173584e-01
1.313954591751098633e-01
1.313985884189605713e-01
1.314046382904052734e-01
1.314109116792678833e-01
1.314221173524856567e-01
1.314337700605392456e-01
1.314551681280136108e-01
1.314755529165267944e-01
1.315187662839889526e-01
1.315541863441467285e-01
1.316407173871994019e-01
1.316943913698196411e-01
1.318607032299041748e-01
1.319182962179183960e-01
1.321982443332672119e-01
1.321977972984313965e-01
1.325598657131195068e-01
1.324062794446945190e-01
1.327022016048431396e-01
1.323937922716140747e-01
1.324951201677322388e-01
1.321605145931243896e-01
1.321049928665161133e-01
1.318578571081161499e-01
1.317657232284545898e-01
1.316361874341964722e-01
1.315817981958389282e-01
1.315337121486663818e-01
1.315130740404129028e-01
1.314982771873474121e-01
1.314885765314102173e-01
1.314905881881713867e-01
1.314926594495773315e-01
1.315210461616516113e-01
1.315379738807678223e-01
1.315938234329223633e-01
1.316117495298385620e-01
1.316861808300018311e-01
1.316909790039062500e-01
1.317800581455230713e-01
1.317698806524276733e-01
1.318766176700592041e-01
1.318503022193908691e-01
1.319656819105148315e-01
1.319086849689483643e-01
1.320053786039352417e-01
1.319087743759155273e-01
1.319645345211029053e-01
1.318440586328506470e-01
1.318594664335250854e-01
1.317436397075653076e-01
1.317337155342102051e-01
1.316410005092620850e-01
1.316201984882354736e-01
1.315546631813049316e-01
1.315327137708663940e-01
1.314917206764221191e-01
1.314752548933029175e-01
1.314523667097091675e-01
1.314427107572555542e-01
1.314304322004318237e-01
1.314242631196975708e-01
1.314171552658081055e-01
1.314131319522857666e-01
1.314082890748977661e-01
1.314065009355545044e-01
1.314042061567306519e-01
1.314057409763336182e-01
1.314062476158142090e-01
1.314115971326828003e-01
1.314158439636230469e-01
1.314272284507751465e-01
1.314365118741989136e-01
1.314585357904434204e-01
1.314767599105834961e-01
1.315193623304367065e-01
1.315505355596542358e-01
1.316325366497039795e-01
1.316794604063034058e-01
1.318292766809463501e-01
1.318799555301666260e-01
1.321256011724472046e-01
1.321296542882919312e-01
1.324480623006820679e-01
1.323196440935134888e-01
1.325876265764236450e-01
1.323092132806777954e-01
1.324015110731124878e-01
1.320879310369491577e-01
1.320316791534423828e-01
1.317981034517288208e-01
1.317066997289657593e-01
1.315820217132568359e-01
1.315268725156784058e-01
1.314826905727386475e-01
1.314694136381149292e-01
1.314667463302612305e-01
1.314740478992462158e-01
1.314898580312728882e-01
1.315032839775085449e-01
1.315335929393768311e-01
1.315486282110214233e-01
1.315969526767730713e-01
1.316054016351699829e-01
1.316682845354080200e-01
1.316576600074768066e-01
1.317230015993118286e-01
1.316903680562973022e-01
1.317534148693084717e-01
1.317166388034820557e-01
1.317884922027587891e-01
1.317623853683471680e-01
1.318504959344863892e-01
1.318226307630538940e-01
1.319172531366348267e-01
1.318676322698593140e-01
1.319518685340881348e-01
1.318773776292800903e-01
1.319400370121002197e-01
1.318443268537521362e-01
1.318740099668502808e-01
1.317683458328247070e-01
1.317640095949172974e-01
1.316682398319244385e-01
1.316460371017456055e-01
1.315754801034927368e-01
1.315546184778213501e-01
1.315119564533233643e-01
1.314995139837265015e-01
1.314757019281387329e-01
1.314713805913925171e-01
1.314595192670822144e-01
1.314624249935150146e-01
1.314581632614135742e-01
1.314687579870223999e-01
1.314705014228820801e-01
1.314879059791564941e-01
1.314933449029922485e-01
1.315191239118576050e-01
1.315276771783828735e-01
1.315665841102600098e-01
1.315794140100479126e-01
1.316369026899337769e-01
1.316523998975753784e-01
1.317354738712310791e-01
1.317463815212249756e-01
1.318588107824325562e-01
1.318510621786117554e-01
1.319881230592727661e-01
1.319436579942703247e-01
1.320867687463760376e-01
1.319984346628189087e-01
1.321204900741577148e-01
1.319963037967681885e-01
1.320751309394836426e-01
1.319350749254226685e-01
1.319639831781387329e-01
1.318294405937194824e-01
1.318193227052688599e-01
1.317068338394165039e-01
1.316779702901840210e-01
1.315947920083999634e-01
1.315658241510391235e-01
1.315116137266159058e-01
1.314918249845504761e-01
1.314610093832015991e-01
1.314515471458435059e-01
1.314361393451690674e-01
1.314330250024795532e-01
1.314253658056259155e-01
1.314251273870468140e-01
1.314206719398498535e-01
1.314212530851364136e-01
1.314179748296737671e-01
1.314200758934020996e-01
1.314188987016677856e-01
1.314249038696289062e-01
1.314270496368408203e-01
1.314411014318466187e-01
1.314496845006942749e-01
1.314763873815536499e-01
1.314948797225952148e-01
1.315446794033050537e-01
1.315750628709793091e-01
1.316654235124588013e-01
1.317066997289657593e-01
1.318587362766265869e-01
1.318947076797485352e-01
1.321228444576263428e-01
1.321077793836593628e-01
1.323788315057754517e-01
1.322515159845352173e-01
1.324658989906311035e-01
1.322244405746459961e-01
1.322969794273376465e-01
1.320298314094543457e-01
1.319869458675384521e-01
1.317848563194274902e-01
1.317133605480194092e-01
1.315997540950775146e-01
1.315538287162780762e-01
1.315072476863861084e-01
1.314933449029922485e-01
1.314861178398132324e-01
1.314899623394012451e-01
1.315033882856369019e-01
1.315111219882965088e-01
1.315320730209350586e-01
1.315328776836395264e-01
1.315516829490661621e-01
1.315427273511886597e-01
1.315604597330093384e-01
1.315516233444213867e-01
1.315830051898956299e-01
1.315868198871612549e-01
1.316512525081634521e-01
1.316689997911453247e-01
1.317748129367828369e-01
1.317862421274185181e-01
1.319247782230377197e-01
1.318982392549514771e-01
1.320391893386840820e-01
1.319508105516433716e-01
1.320521533489227295e-01
1.319119781255722046e-01
1.319504082202911377e-01
1.318003684282302856e-01
1.317898929119110107e-01
1.316687166690826416e-01
1.316392868757247925e-01
1.315590441226959229e-01
1.315316408872604370e-01
1.314834207296371460e-01
1.314643323421478271e-01
1.314367353916168213e-01
1.314248591661453247e-01
1.314093768596649170e-01
1.314028799533843994e-01
1.313942670822143555e-01
1.313916593790054321e-01
1.313875913619995117e-01
1.313876658678054810e-01
1.313870251178741455e-01
1.313902139663696289e-01
1.313927173614501953e-01
1.313994824886322021e-01
1.314050257205963135e-01
1.314176917076110840e-01
1.314277797937393188e-01
1.314505934715270996e-01
1.314672976732254028e-01
1.315087378025054932e-01
1.315340399742126465e-01
1.316076219081878662e-01
1.316415816545486450e-01
1.317669451236724854e-01
1.317981332540512085e-01
1.319915801286697388e-01
1.319891363382339478e-01
1.322367638349533081e-01
1.321548372507095337e-01
1.323923766613006592e-01
1.322115957736968994e-01
1.323577463626861572e-01
1.321192681789398193e-01
1.321512907743453979e-01
1.319300532341003418e-01
1.318979561328887939e-01
1.317482143640518188e-01
1.317154467105865479e-01
1.316384077072143555e-01
1.316245794296264648e-01
1.315865665674209595e-01
1.315757185220718384e-01
1.315473020076751709e-01
1.315291821956634521e-01
1.315080225467681885e-01
1.314903795719146729e-01
1.314788758754730225e-01
1.314633339643478394e-01
1.314525753259658813e-01
1.314359456300735474e-01
1.314234882593154907e-01
1.314112544059753418e-01
1.314082890748977661e-01
1.314114332199096680e-01
1.314277201890945435e-01
1.314448863267898560e-01
1.314785331487655640e-01
1.315033435821533203e-01
1.315568238496780396e-01
1.315903514623641968e-01
1.316847950220108032e-01
1.317267119884490967e-01
1.318897157907485962e-01
1.319124996662139893e-01
1.321479082107543945e-01
1.320954561233520508e-01
1.323459297418594360e-01
1.321827471256256104e-01
1.323513835668563843e-01
1.321166753768920898e-01
1.321595162153244019e-01
1.319279670715332031e-01
1.318801790475845337e-01
1.317055374383926392e-01
1.316348314285278320e-01
1.315324902534484863e-01
1.314819008111953735e-01
1.314326077699661255e-01
1.314045339822769165e-01
1.313811689615249634e-01
1.313662528991699219e-01
1.313562393188476562e-01
1.313519775867462158e-01
1.313530206680297852e-01
1.313580274581909180e-01
1.313664466142654419e-01
1.313754767179489136e-01
1.313865780830383301e-01
1.313967108726501465e-01
1.314119696617126465e-01
1.314254999160766602e-01
1.314525753259658813e-01
1.314745843410491943e-01
1.315241456031799316e-01
1.315579563379287720e-01
1.316461414098739624e-01
1.316889524459838867e-01
1.318373531103134155e-01
1.318700909614562988e-01
1.320896595716476440e-01
1.320624649524688721e-01
1.323118954896926880e-01
1.321688890457153320e-01
1.323459893465042114e-01
1.321068704128265381e-01
1.321498751640319824e-01
1.319133341312408447e-01
1.318681091070175171e-01
1.317012012004852295e-01
1.316426843404769897e-01
1.315522789955139160e-01
1.315193027257919312e-01
1.314847022294998169e-01
1.314804106950759888e-01
1.314789801836013794e-01
1.314892917871475220e-01
1.315016597509384155e-01
1.315094083547592163e-01
1.315213441848754883e-01
1.315149664878845215e-01
1.315180063247680664e-01
1.314979046583175659e-01
1.314939558506011963e-01
1.314736008644104004e-01
1.314769536256790161e-01
1.314717531204223633e-01
1.314984858036041260e-01
1.315160840749740601e-01
1.315811574459075928e-01
1.316172629594802856e-01
1.317310482263565063e-01
1.317679136991500854e-01
1.319341212511062622e-01
1.319393664598464966e-01
1.321415752172470093e-01
1.320717185735702515e-01
1.322579681873321533e-01
1.320934742689132690e-01
1.321968585252761841e-01
1.319790631532669067e-01
1.319822669029235840e-01
1.317852735519409180e-01
1.317342668771743774e-01
1.316006332635879517e-01
1.315466016530990601e-01
1.314730495214462280e-01
1.314366906881332397e-01
1.314010024070739746e-01
1.313809156417846680e-01
1.313651502132415771e-01
1.313557475805282593e-01
1.313502490520477295e-01
1.313480138778686523e-01
1.313483864068984985e-01
1.313510090112686157e-01
1.313561946153640747e-01
1.313624978065490723e-01
1.313718855381011963e-01
1.313820332288742065e-01
1.313979178667068481e-01
1.314125359058380127e-01
1.314411014318466187e-01
1.314640939235687256e-01
1.315163671970367432e-01
1.315501183271408081e-01
1.316434890031814575e-01
1.316862702369689941e-01
1.318435221910476685e-01
1.318749040365219116e-01
1.321047693490982056e-01
1.320742517709732056e-01
1.323318034410476685e-01
1.321853995323181152e-01
1.323673129081726074e-01
1.321273297071456909e-01
1.321734189987182617e-01
1.319348067045211792e-01
1.318909078836441040e-01
1.317229121923446655e-01
1.316672563552856445e-01
1.315808892250061035e-01
1.315544098615646362e-01
1.315250545740127563e-01
1.315252929925918579e-01
1.315209418535232544e-01
1.315268576145172119e-01
1.315264552831649780e-01
1.315266788005828857e-01
1.315323263406753540e-01
1.315285414457321167e-01
1.315448582172393799e-01
1.315311044454574585e-01
1.315503865480422974e-01
1.315292865037918091e-01
1.315607875585556030e-01
1.315622478723526001e-01
1.316287368535995483e-01
1.316548883914947510e-01
1.317551732063293457e-01
1.317687779664993286e-01
1.318831294775009155e-01
1.318621039390563965e-01
1.319832801818847656e-01
1.319222301244735718e-01
1.320402175188064575e-01
1.319247037172317505e-01
1.319994479417800903e-01
1.318437010049819946e-01
1.318544149398803711e-01
1.317120194435119629e-01
1.316862255334854126e-01
1.315885931253433228e-01
1.315576136112213135e-01
1.314996778964996338e-01
1.314778476953506470e-01
1.314477622509002686e-01
1.314406096935272217e-01
1.314305812120437622e-01
1.314357817173004150e-01
1.314361244440078735e-01
1.314457654953002930e-01
1.314474195241928101e-01
1.314531564712524414e-01
1.314503252506256104e-01
1.314479708671569824e-01
1.314387023448944092e-01
1.314277350902557373e-01
1.314124464988708496e-01
1.313972920179367065e-01
1.313810646533966064e-01
1.313692629337310791e-01
1.313597857952117920e-01
1.313570439815521240e-01
1.313584744930267334e-01
1.313667744398117065e-01
1.313781440258026123e-01
1.313989311456680298e-01
1.314193606376647949e-01
1.314599215984344482e-01
1.314936131238937378e-01
1.315727531909942627e-01
1.316245943307876587e-01
1.317789554595947266e-01
1.318447440862655640e-01
1.321219950914382935e-01
1.321524232625961304e-01
1.325532197952270508e-01
1.324314624071121216e-01
1.328088045120239258e-01
1.324743330478668213e-01
1.326238512992858887e-01
1.322146058082580566e-01
1.321425735950469971e-01
1.318335682153701782e-01
1.317037343978881836e-01
1.315432041883468628e-01
1.314626634120941162e-01
1.314058154821395874e-01
1.313808858394622803e-01
1.313755661249160767e-01
1.313846707344055176e-01
1.314120739698410034e-01
1.314438432455062866e-01
1.315024495124816895e-01
1.315438896417617798e-01
1.316325515508651733e-01
1.316613107919692993e-01
1.317721307277679443e-01
1.317682713270187378e-01
1.318866610527038574e-01
1.318393200635910034e-01
1.319427490234375000e-01
1.318529844284057617e-01
1.319152861833572388e-01
1.317983567714691162e-01
1.318109631538391113e-01
1.316946148872375488e-01
1.316759735345840454e-01
1.315842866897583008e-01
1.315609067678451538e-01
1.315016150474548340e-01
1.314856112003326416e-01
1.314520984888076782e-01
1.314439624547958374e-01
1.314254105091094971e-01
1.314217895269393921e-01
1.314118504524230957e-01
1.314105242490768433e-01
1.314049661159515381e-01
1.314036995172500610e-01
1.313980072736740112e-01
1.313947141170501709e-01
1.313874274492263794e-01
1.313826590776443481e-01
1.313759833574295044e-01
1.313723772764205933e-01
1.313686519861221313e-01
1.313695013523101807e-01
1.313704550266265869e-01
1.313776373863220215e-01
1.313844919204711914e-01
1.314008831977844238e-01
1.314160674810409546e-01
1.314494013786315918e-01
1.314778178930282593e-01
1.315443366765975952e-01
1.315915435552597046e-01
1.317211389541625977e-01
1.317843794822692871e-01
1.320171207189559937e-01
1.320555657148361206e-01
1.323996484279632568e-01
1.323103159666061401e-01
1.326491683721542358e-01
1.323607861995697021e-01
1.325052529573440552e-01
1.321359127759933472e-01
1.320781707763671875e-01
1.317946761846542358e-01
1.316788494586944580e-01
1.315271556377410889e-01
1.314521729946136475e-01
1.313982158899307251e-01
1.313779354095458984e-01
1.313761919736862183e-01
1.313881725072860718e-01
1.314134150743484497e-01
1.314391493797302246e-01
1.314867436885833740e-01
1.315159648656845093e-01
1.315901875495910645e-01
1.316099315881729126e-01
1.317088156938552856e-01
1.316988915205001831e-01
1.318035572767257690e-01
1.317494809627532959e-01
1.318321675062179565e-01
1.317451447248458862e-01
1.317950487136840820e-01
1.317071914672851562e-01
1.317344307899475098e-01
1.316617131233215332e-01
1.316774487495422363e-01
1.316184699535369873e-01
1.316295862197875977e-01
1.315847784280776978e-01
1.316011399030685425e-01
1.315704733133316040e-01
1.315965354442596436e-01
1.315739452838897705e-01
1.316036731004714966e-01
1.315793097019195557e-01
1.316033601760864258e-01
1.315735280513763428e-01
1.315887570381164551e-01
1.315567046403884888e-01
1.315667480230331421e-01
1.315383464097976685e-01
1.315514892339706421e-01
1.315324157476425171e-01
1.315583586692810059e-01
1.315499693155288696e-01
1.315964162349700928e-01
1.315948963165283203e-01
1.316676288843154907e-01
1.316609531641006470e-01
1.317558735609054565e-01
1.317268460988998413e-01
1.318265348672866821e-01
1.317645758390426636e-01
1.318459659814834595e-01
1.317596286535263062e-01
1.318117529153823853e-01
1.317216604948043823e-01
1.317484974861145020e-01
1.316680461168289185e-01
1.316798478364944458e-01
1.316138952970504761e-01
1.316199302673339844e-01
1.315691918134689331e-01
1.315765380859375000e-01
1.315402686595916748e-01
1.315523386001586914e-01
1.315262466669082642e-01
1.315417289733886719e-01
1.315216571092605591e-01
1.315392702817916870e-01
1.315232962369918823e-01
1.315449774265289307e-01
1.315333694219589233e-01
1.315614432096481323e-01
1.315540522336959839e-01
1.315922588109970093e-01
1.315891891717910767e-01
1.316420137882232666e-01
1.316428333520889282e-01
1.317158192396163940e-01
1.317179799079895020e-01
1.318140029907226562e-01
1.318094134330749512e-01
1.319222152233123779e-01
1.318935304880142212e-01
1.319995373487472534e-01
1.319258809089660645e-01
1.319916397333145142e-01
1.318711340427398682e-01
1.318844258785247803e-01
1.317516863346099854e-01
1.317337304353713989e-01
1.316260099411010742e-01
1.316034346818923950e-01
1.315323710441589355e-01
1.315191090106964111e-01
1.314791440963745117e-01
1.314796954393386841e-01
1.314599663019180298e-01
1.314667016267776489e-01
1.314510405063629150e-01
1.314512342214584351e-01
1.314302831888198853e-01
1.314223557710647583e-01
1.314029842615127563e-01
1.313997507095336914e-01
1.313942372798919678e-01
1.314053386449813843e-01
1.314128935337066650e-01
1.314369738101959229e-01
1.314516663551330566e-01
1.314894556999206543e-01
1.315097510814666748e-01
1.315688639879226685e-01
1.315941661596298218e-01
1.316862255334854126e-01
1.317098438739776611e-01
1.318465322256088257e-01
1.318483054637908936e-01
1.320263892412185669e-01
1.319761276245117188e-01
1.321598887443542480e-01
1.320335417985916138e-01
1.321613043546676636e-01
1.319748908281326294e-01
1.320109814405441284e-01
1.318181753158569336e-01
1.317867636680603027e-01
1.316367983818054199e-01
1.315864920616149902e-01
1.314935237169265747e-01
1.314539909362792969e-01
1.314043551683425903e-01
1.313796937465667725e-01
1.313548684120178223e-01
1.313408911228179932e-01
1.313294768333435059e-01
1.313230395317077637e-01
1.313191056251525879e-01
1.313171535730361938e-01
1.313168108463287354e-01
1.313167810440063477e-01
1.313170939683914185e-01
1.313173174858093262e-01
1.313180029392242432e-01
1.313193887472152710e-01
1.313213109970092773e-01
1.313241124153137207e-01
1.313282400369644165e-01
1.313337981700897217e-01
1.313420236110687256e-01
1.313515305519104004e-01
1.313678771257400513e-01
1.313858181238174438e-01
1.314189285039901733e-01
1.314512491226196289e-01
1.315187960863113403e-01
1.315721720457077026e-01
1.317037194967269897e-01
1.317734271287918091e-01
1.320059746503829956e-01
1.320512443780899048e-01
1.323920339345932007e-01
1.323234140872955322e-01
1.326946616172790527e-01
1.324512809514999390e-01
1.327112615108489990e-01
1.323475241661071777e-01
1.324112564325332642e-01
1.320550292730331421e-01
1.319754123687744141e-01
1.317290812730789185e-01
1.316280961036682129e-01
1.315014213323593140e-01
1.314391046762466431e-01
1.313877999782562256e-01
1.313606053590774536e-01
1.313477158546447754e-01
1.313474029302597046e-01
1.313636451959609985e-01
1.313883960247039795e-01
1.314323395490646362e-01
1.314720958471298218e-01
1.315393149852752686e-01
1.315737962722778320e-01
1.316607892513275146e-01
1.316745281219482422e-01
1.317861229181289673e-01
1.317703872919082642e-01
1.319055408239364624e-01
1.318494379520416260e-01
1.319791525602340698e-01
1.318731755018234253e-01
1.319537162780761719e-01
1.318121701478958130e-01
1.318269222974777222e-01
1.316864639520645142e-01
1.316593140363693237e-01
1.315517425537109375e-01
1.315163075923919678e-01
1.314487457275390625e-01
1.314211636781692505e-01
1.313838362693786621e-01
1.313653439283370972e-01
1.313454657793045044e-01
1.313345581293106079e-01
1.313248872756958008e-01
1.313198059797286987e-01
1.313163787126541138e-01
1.313150525093078613e-01
1.313141286373138428e-01
1.313139796257019043e-01
1.313130557537078857e-01
1.313125938177108765e-01
1.313119828701019287e-01
1.313116252422332764e-01
1.313118487596511841e-01
1.313128322362899780e-01
1.313143819570541382e-01
1.313173472881317139e-01
1.313206255435943604e-01
1.313264966011047363e-01
1.313329786062240601e-01
1.313449740409851074e-01
1.313579231500625610e-01
1.313836276531219482e-01
1.314083635807037354e-01
1.314633786678314209e-01
1.315089166164398193e-01
1.316263675689697266e-01
1.316960006952285767e-01
1.319269239902496338e-01
1.319893896579742432e-01
1.323669850826263428e-01
1.323085725307464600e-01
1.327267885208129883e-01
1.324397921562194824e-01
1.326639205217361450e-01
1.322580873966217041e-01
1.322375237941741943e-01
1.318999230861663818e-01
1.317830532789230347e-01
1.315898299217224121e-01
1.315096914768218994e-01
1.314448863267898560e-01
1.314347684383392334e-01
1.314399689435958862e-01
1.314663439989089966e-01
1.314987540245056152e-01
1.315357834100723267e-01
1.315892040729522705e-01
1.316219717264175415e-01
1.316843181848526001e-01
1.316688954830169678e-01
1.316782683134078979e-01
1.315900385379791260e-01
1.315307468175888062e-01
1.314425617456436157e-01
1.314064562320709229e-01
1.314009279012680054e-01
1.314510405063629150e-01
1.315097659826278687e-01
1.316125243902206421e-01
1.316581815481185913e-01
1.317615658044815063e-01
1.317578852176666260e-01
1.318724751472473145e-01
1.318542510271072388e-01
1.320402175188064575e-01
1.320084035396575928e-01
1.322554051876068115e-01
1.321237087249755859e-01
1.323013901710510254e-01
1.320566236972808838e-01
1.320813000202178955e-01
1.318382769823074341e-01
1.317785233259201050e-01
1.316169351339340210e-01
1.315560936927795410e-01
1.314698755741119385e-01
1.314312517642974854e-01
1.313871443271636963e-01
1.313625574111938477e-01
1.313373446464538574e-01
1.313198059797286987e-01
1.313068568706512451e-01
1.313002258539199829e-01
1.313001662492752075e-01
1.313049942255020142e-01
1.313131898641586304e-01
1.313228011131286621e-01
1.313336640596389771e-01
1.313423216342926025e-01
1.313552707433700562e-01
1.313647925853729248e-01
1.313866972923278809e-01
1.314049065113067627e-01
1.314481943845748901e-01
1.314795464277267456e-01
1.315610855817794800e-01
1.316043436527252197e-01
1.317450404167175293e-01
1.317842453718185425e-01
1.319995373487472534e-01
1.319899111986160278e-01
1.322502493858337402e-01
1.321337223052978516e-01
1.323445141315460205e-01
1.321196407079696655e-01
1.321983635425567627e-01
1.319467127323150635e-01
1.319115459918975830e-01
1.317117810249328613e-01
1.316356062889099121e-01
1.315116286277770996e-01
1.314480751752853394e-01
1.313844174146652222e-01
1.313479393720626831e-01
1.313208937644958496e-01
1.313056796789169312e-01
1.312981843948364258e-01
1.312975138425827026e-01
1.313022524118423462e-01
1.313115060329437256e-01
1.313249915838241577e-01
1.313400119543075562e-01
1.313611268997192383e-01
1.313796937465667725e-01
1.314115673303604126e-01
1.314347982406616211e-01
1.314870119094848633e-01
1.315166056156158447e-01
1.316018551588058472e-01
1.316340118646621704e-01
1.317657977342605591e-01
1.317829936742782593e-01
1.319617629051208496e-01
1.319287121295928955e-01
1.321200430393218994e-01
1.320017576217651367e-01
1.321376860141754150e-01
1.319482028484344482e-01
1.319853812456130981e-01
1.317895054817199707e-01
1.317535638809204102e-01
1.316053867340087891e-01
1.315504610538482666e-01
1.314612627029418945e-01
1.314186304807662964e-01
1.313728094100952148e-01
1.313484758138656616e-01
1.313282102346420288e-01
1.313169747591018677e-01
1.313085108995437622e-01
1.313040405511856079e-01
1.313015967607498169e-01
1.313010156154632568e-01
1.313021034002304077e-01
1.313039809465408325e-01
1.313073635101318359e-01
1.313111335039138794e-01
1.313171982765197754e-01
1.313231736421585083e-01
1.313335448503494263e-01
1.313428431749343872e-01
1.313605159521102905e-01
1.313746869564056396e-01
1.314062029123306274e-01
1.314274221658706665e-01
1.314830332994461060e-01
1.315123438835144043e-01
1.316073834896087646e-01
1.316387206315994263e-01
1.317886412143707275e-01
1.318007707595825195e-01
1.320045888423919678e-01
1.319602727890014648e-01
1.321810483932495117e-01
1.320582926273345947e-01
1.322401165962219238e-01
1.320636719465255737e-01
1.321808844804763794e-01
1.319944113492965698e-01
1.320584267377853394e-01
1.318940967321395874e-01
1.319300979375839233e-01
1.318027526140213013e-01
1.318200826644897461e-01
1.317140460014343262e-01
1.316913962364196777e-01
1.315850764513015747e-01
1.315209716558456421e-01
1.314316391944885254e-01
1.313760876655578613e-01
1.313341856002807617e-01
1.313181370496749878e-01
1.313158571720123291e-01
1.313249170780181885e-01
1.313348561525344849e-01
1.313460022211074829e-01
1.313496679067611694e-01
1.313528865575790405e-01
1.313468515872955322e-01
1.313416808843612671e-01
1.313305795192718506e-01
1.313216388225555420e-01
1.313110291957855225e-01
1.313045173883438110e-01
1.313002407550811768e-01
1.313017457723617554e-01
1.313072443008422852e-01
1.313182264566421509e-01
1.313314884901046753e-01
1.313524395227432251e-01
1.313727051019668579e-01
1.314105391502380371e-01
1.314456760883331299e-01
1.315243095159530640e-01
1.315882802009582520e-01
1.317606419324874878e-01
1.318556368350982666e-01
1.321984380483627319e-01
1.322492212057113647e-01
1.327639669179916382e-01
1.325798183679580688e-01
1.330137997865676880e-01
1.325492262840270996e-01
1.326386332511901855e-01
1.321576684713363647e-01
1.320165991783142090e-01
1.317158639430999756e-01
1.315769106149673462e-01
1.314585804939270020e-01
1.314062476158142090e-01
1.313831806182861328e-01
1.313838660717010498e-01
1.314082294702529907e-01
1.314454674720764160e-01
1.315341442823410034e-01
1.315928101539611816e-01
1.317417919635772705e-01
1.317624449729919434e-01
1.319158524274826050e-01
1.318528801202774048e-01
1.319541484117507935e-01
1.318306326866149902e-01
1.318665742874145508e-01
1.317287832498550415e-01
1.317109465599060059e-01
1.315881013870239258e-01
1.315417140722274780e-01
1.314545571804046631e-01
1.314145028591156006e-01
1.313678175210952759e-01
1.313484013080596924e-01
1.313283294439315796e-01
1.313187479972839355e-01
1.313085258007049561e-01
1.312999427318572998e-01
1.312927007675170898e-01
1.312881112098693848e-01
1.312862932682037354e-01
1.312871724367141724e-01
1.312901079654693604e-01
1.312933862209320068e-01
1.312972009181976318e-01
1.313012838363647461e-01
1.313078552484512329e-01
1.313150227069854736e-01
1.313287615776062012e-01
1.313418149948120117e-01
1.313670873641967773e-01
1.313871592283248901e-01
1.314315944910049438e-01
1.314607411623001099e-01
1.315391957759857178e-01
1.315769553184509277e-01
1.317122578620910645e-01
1.317450553178787231e-01
1.319521665573120117e-01
1.319395303726196289e-01
1.321918815374374390e-01
1.320858150720596313e-01
1.323024630546569824e-01
1.321018636226654053e-01
1.322100758552551270e-01
1.319766640663146973e-01
1.319779008626937866e-01
1.317776590585708618e-01
1.317260712385177612e-01
1.315894275903701782e-01
1.315353214740753174e-01
1.314564496278762817e-01
1.314171701669692993e-01
1.313746273517608643e-01
1.313488334417343140e-01
1.313269585371017456e-01
1.313136518001556396e-01
1.313072443008422852e-01
1.313065141439437866e-01
1.313113719224929810e-01
1.313185244798660278e-01
1.313297748565673828e-01
1.313403546810150146e-01
1.313574463129043579e-01
1.313717812299728394e-01
1.314009726047515869e-01
1.314226686954498291e-01
1.314749121665954590e-01
1.315070390701293945e-01
1.315998733043670654e-01
1.316393613815307617e-01
1.317936480045318604e-01
1.318175941705703735e-01
1.320388019084930420e-01
1.319937705993652344e-01
1.322307139635086060e-01
1.320664733648300171e-01
1.322141587734222412e-01
1.319682896137237549e-01
1.319822072982788086e-01
1.317562460899353027e-01
1.316955089569091797e-01
1.315445005893707275e-01
1.314788907766342163e-01
1.313982009887695312e-01
1.313572078943252563e-01
1.313221901655197144e-01
1.313040256500244141e-01
1.312921941280364990e-01
1.312867850065231323e-01
1.312843412160873413e-01
1.312848925590515137e-01
1.312867701053619385e-01
1.312909275293350220e-01
1.312970221042633057e-01
1.313048303127288818e-01
1.313165128231048584e-01
1.313281953334808350e-01
1.313484609127044678e-01
1.313645988702774048e-01
1.313988268375396729e-01
1.314217597246170044e-01
1.314796954393386841e-01
1.315108090639114380e-01
1.316071152687072754e-01
1.316416859626770020e-01
1.317922919988632202e-01
1.318123340606689453e-01
1.320199370384216309e-01
1.319880783557891846e-01
1.322175264358520508e-01
1.320960819721221924e-01
1.322751194238662720e-01
1.320760995149612427e-01
1.321542859077453613e-01
1.319386512041091919e-01
1.319325268268585205e-01
1.317583918571472168e-01
1.317209601402282715e-01
1.316077262163162231e-01
1.315762400627136230e-01
1.315141469240188599e-01
1.314986199140548706e-01
1.314687877893447876e-01
1.314598619937896729e-01
1.314422637224197388e-01
1.314263790845870972e-01
1.314055472612380981e-01
1.313781142234802246e-01
1.313526183366775513e-01
1.313261836767196655e-01
1.313080936670303345e-01
1.312977224588394165e-01
1.312991082668304443e-01
1.313094496726989746e-01
1.313320696353912354e-01
1.313558369874954224e-01
1.313944309949874878e-01
1.314219087362289429e-01
1.314753592014312744e-01
1.315016895532608032e-01
1.315823197364807129e-01
1.316102445125579834e-01
1.317453980445861816e-01
1.317676305770874023e-01
1.319788098335266113e-01
1.319540441036224365e-01
1.322118639945983887e-01
1.320738345384597778e-01
1.322702616453170776e-01
1.320253014564514160e-01
1.320776194334030151e-01
1.318277865648269653e-01
1.317770481109619141e-01
1.315990984439849854e-01
1.315270215272903442e-01
1.314274817705154419e-01
1.313772350549697876e-01
1.313321292400360107e-01
1.313087791204452515e-01
1.312934756278991699e-01
1.312864124774932861e-01
1.312834918498992920e-01
1.312833875417709351e-01
1.312857568264007568e-01
1.312886625528335571e-01
1.312946081161499023e-01
1.313004642724990845e-01
1.313122510910034180e-01
1.313224732875823975e-01
1.313441246747970581e-01
1.313601732254028320e-01
1.313983500003814697e-01
1.314217150211334229e-01
1.314893960952758789e-01
1.315197348594665527e-01
1.316335052251815796e-01
1.316614001989364624e-01
1.318338364362716675e-01
1.318316310644149780e-01
1.320484429597854614e-01
1.319769024848937988e-01
1.321804523468017578e-01
1.320247501134872437e-01
1.321479380130767822e-01
1.319447755813598633e-01
1.319720447063446045e-01
1.317811161279678345e-01
1.317517906427383423e-01
1.316140890121459961e-01
1.315790861845016479e-01
1.315016150474548340e-01
1.314831078052520752e-01
1.314456909894943237e-01
1.314369440078735352e-01
1.314144283533096313e-01
1.314030587673187256e-01
1.313825994729995728e-01
1.313679367303848267e-01
1.313496232032775879e-01
1.313369870185852051e-01
1.313230991363525391e-01
1.313136816024780273e-01
1.313019096851348877e-01
1.312922090291976929e-01
1.312813013792037964e-01
1.312727779150009155e-01
1.312664300203323364e-01
1.312638223171234131e-01
1.312647759914398193e-01
1.312674880027770996e-01
1.312715858221054077e-01
1.312759816646575928e-01
1.312800049781799316e-01
1.312830299139022827e-01
1.312870234251022339e-01
1.312911659479141235e-01
1.312987804412841797e-01
1.313070654869079590e-01
1.313224732875823975e-01
1.313383728265762329e-01
1.313704103231430054e-01
1.314006447792053223e-01
1.314702928066253662e-01
1.315286308526992798e-01
1.316840797662734985e-01
1.317808926105499268e-01
1.321079432964324951e-01
1.322000473737716675e-01
1.327595859766006470e-01
1.326480507850646973e-01
1.332351416349411011e-01
1.327339410781860352e-01
1.329239755868911743e-01
1.322988122701644897e-01
1.321226060390472412e-01
1.317156553268432617e-01
1.315239965915679932e-01
1.313804090023040771e-01
1.313322633504867554e-01
1.313405334949493408e-01
1.313832700252532959e-01
1.314510852098464966e-01
1.315130889415740967e-01
1.316318809986114502e-01
1.316837072372436523e-01
1.318746656179428101e-01
1.318540871143341064e-01
1.320471316576004028e-01
1.318930834531784058e-01
1.319630593061447144e-01
1.317531019449234009e-01
1.317118704319000244e-01
1.315595209598541260e-01
1.314996778964996338e-01
1.314156204462051392e-01
1.313708871603012085e-01
1.313243061304092407e-01
1.312958598136901855e-01
1.312754005193710327e-01
1.312668025493621826e-01
1.312673091888427734e-01
1.312747746706008911e-01
1.312869489192962646e-01
1.312996447086334229e-01
1.313169896602630615e-01
1.313314586877822876e-01
1.313574612140655518e-01
1.313762217760086060e-01
1.314194351434707642e-01
1.314424872398376465e-01
1.315091401338577271e-01
1.315296739339828491e-01
1.316224932670593262e-01
1.316297501325607300e-01
1.317465752363204956e-01
1.317283064126968384e-01
1.318559795618057251e-01
1.318003684282302856e-01
1.319134682416915894e-01
1.318159699440002441e-01
1.318868398666381836e-01
1.317608505487442017e-01
1.317819356918334961e-01
1.316555887460708618e-01
1.316421627998352051e-01
1.315398365259170532e-01
1.315146684646606445e-01
1.314435601234436035e-01
1.314206570386886597e-01
1.313760429620742798e-01
1.313595920801162720e-01
1.313333958387374878e-01
1.313232183456420898e-01
1.313087791204452515e-01
1.313044577836990356e-01
1.312977075576782227e-01
1.312981098890304565e-01
1.312963515520095825e-01
1.313007324934005737e-01
1.313028782606124878e-01
1.313121467828750610e-01
1.313181072473526001e-01
1.313356757164001465e-01
1.313472986221313477e-01
1.313790827989578247e-01
1.313984841108322144e-01
1.314544528722763062e-01
1.314808875322341919e-01
1.315758079290390015e-01
1.316037625074386597e-01
1.317513734102249146e-01
1.317620873451232910e-01
1.319601386785507202e-01
1.319206804037094116e-01
1.321311891078948975e-01
1.320161819458007812e-01
1.321755349636077881e-01
1.319968551397323608e-01
1.320641189813613892e-01
1.318670511245727539e-01
1.318597197532653809e-01
1.316954940557479858e-01
1.316656172275543213e-01
1.315621137619018555e-01
1.315443366765975952e-01
1.314915865659713745e-01
1.314823925495147705e-01
1.314518898725509644e-01
1.314354836940765381e-01
1.314046978950500488e-01
1.313798725605010986e-01
1.313495486974716187e-01
1.313294768333435059e-01
1.313072293996810913e-01
1.312925666570663452e-01
1.312771737575531006e-01
1.312666833400726318e-01
1.312608718872070312e-01
1.312614977359771729e-01
1.312687546014785767e-01
1.312801986932754517e-01
1.312951892614364624e-01
1.313063502311706543e-01
1.313208639621734619e-01
1.313275545835494995e-01
1.313429772853851318e-01
1.313541084527969360e-01
1.313851922750473022e-01
1.314123868942260742e-01
1.314825117588043213e-01
1.315335035324096680e-01
1.316817700862884521e-01
1.317522227764129639e-01
1.320302933454513550e-01
1.320701837539672852e-01
1.324814409017562866e-01
1.323655545711517334e-01
1.327521055936813354e-01
1.324063092470169067e-01
1.325449496507644653e-01
1.321159005165100098e-01
1.320201158523559570e-01
1.317065507173538208e-01
1.315673142671585083e-01
1.314179450273513794e-01
1.313421577215194702e-01
1.312945485115051270e-01
1.312744915485382080e-01
1.312738507986068726e-01
1.312882006168365479e-01
1.313226521015167236e-01
1.313624978065490723e-01
1.314330995082855225e-01
1.314781010150909424e-01
1.315763294696807861e-01
1.315992921590805054e-01
1.317121684551239014e-01
1.316961348056793213e-01
1.318076550960540771e-01
1.317500919103622437e-01
1.318365633487701416e-01
1.317417621612548828e-01
1.317824125289916992e-01
1.316679716110229492e-01
1.316649317741394043e-01
1.315596103668212891e-01
1.315373927354812622e-01
1.314612627029418945e-01
1.314421147108078003e-01
1.313966214656829834e-01
1.313883811235427856e-01
1.313665062189102173e-01
1.313700377941131592e-01
1.313653141260147095e-01
1.313796192407608032e-01
1.313862651586532593e-01
1.314039677381515503e-01
1.314103454351425171e-01
1.314170211553573608e-01
1.314083635807037354e-01
1.313941776752471924e-01
1.313665807247161865e-01
1.313379257917404175e-01
1.313079446554183960e-01
1.312855631113052368e-01
1.312706619501113892e-01
1.312656253576278687e-01
1.312676370143890381e-01
1.312761604785919189e-01
1.312857866287231445e-01
1.312991678714752197e-01
1.313092559576034546e-01
1.313249021768569946e-01
1.313349008560180664e-01
1.313597112894058228e-01
1.313778907060623169e-01
1.314315646886825562e-01
1.314700394868850708e-01
1.315867453813552856e-01
1.316478699445724487e-01
1.318768858909606934e-01
1.319213658571243286e-01
1.322795301675796509e-01
1.321971267461776733e-01
1.325684189796447754e-01
1.322919130325317383e-01
1.324867755174636841e-01
1.321341991424560547e-01
1.321331709623336792e-01
1.318396180868148804e-01
1.317486464977264404e-01
1.315639913082122803e-01
1.314813494682312012e-01
1.313967257738113403e-01
1.313541233539581299e-01
1.313204616308212280e-01
1.312983334064483643e-01
1.312821060419082642e-01
1.312743425369262695e-01
1.312796771526336670e-01
1.312939524650573730e-01
1.313252896070480347e-01
1.313530206680297852e-01
1.314025372266769409e-01
1.314294189214706421e-01
1.314960718154907227e-01
1.315185427665710449e-01
1.316161900758743286e-01
1.316341906785964966e-01
1.317720711231231689e-01
1.317663639783859253e-01
1.319276541471481323e-01
1.318652033805847168e-01
1.320067048072814941e-01
1.318754106760025024e-01
1.319534331560134888e-01
1.317834705114364624e-01
1.317893862724304199e-01
1.316332668066024780e-01
1.315968930721282959e-01
1.314860284328460693e-01
1.314430683851242065e-01
1.313774436712265015e-01
1.313459575176239014e-01
1.313118338584899902e-01
1.312937289476394653e-01
1.312781721353530884e-01
1.312696784734725952e-01
1.312632709741592407e-01
1.312599629163742065e-01
1.312579512596130371e-01
1.312570571899414062e-01
1.312574148178100586e-01
1.312575638294219971e-01
1.312593519687652588e-01
1.312610507011413574e-01
1.312649101018905640e-01
1.312683969736099243e-01
1.312753260135650635e-01
1.312808841466903687e-01
1.312935501337051392e-01
1.313034445047378540e-01
1.313267648220062256e-01
1.313441395759582520e-01
1.313880085945129395e-01
1.314160376787185669e-01
1.314980238676071167e-01
1.315367072820663452e-01
1.316830366849899292e-01
1.317183077335357666e-01
1.319494992494583130e-01
1.319374591112136841e-01
1.322294771671295166e-01
1.321104615926742554e-01
1.323694586753845215e-01
1.321403384208679199e-01
1.322752386331558228e-01
1.320067048072814941e-01
1.320176720619201660e-01
1.317906230688095093e-01
1.317484229803085327e-01
1.316092610359191895e-01
1.315806508064270020e-01
1.315172761678695679e-01
1.315073817968368530e-01
1.314712017774581909e-01
1.314498782157897949e-01
1.314116418361663818e-01
1.313771754503250122e-01
1.313485950231552124e-01
1.313262134790420532e-01
1.313176453113555908e-01
1.313100457191467285e-01
1.313094794750213623e-01
1.313069313764572144e-01
1.313110589981079102e-01
1.313166469335556030e-01
1.313377171754837036e-01
1.313579231500625610e-01
1.314038187265396118e-01
1.314335316419601440e-01
1.315051913261413574e-01
1.315383315086364746e-01
1.316529512405395508e-01
1.316862255334854126e-01
1.318719536066055298e-01
1.318659931421279907e-01
1.321029067039489746e-01
1.319881230592727661e-01
1.321768313646316528e-01
1.319575011730194092e-01
1.320195496082305908e-01
1.317933946847915649e-01
1.317621171474456787e-01
1.315936297178268433e-01
1.315334886312484741e-01
1.314283460378646851e-01
1.313782632350921631e-01
1.313239187002182007e-01
1.312960684299468994e-01
1.312726438045501709e-01
1.312594413757324219e-01
1.312486529350280762e-01
1.312413513660430908e-01
1.312353909015655518e-01
1.312320381402969360e-01
1.312318295240402222e-01
1.312333643436431885e-01
1.312370151281356812e-01
1.312413811683654785e-01
1.312475353479385376e-01
1.312528848648071289e-01
1.312617212533950806e-01
1.312705278396606445e-01
1.312867999076843262e-01
1.313032656908035278e-01
1.313353180885314941e-01
1.313640624284744263e-01
1.314270198345184326e-01
1.314731091260910034e-01
1.315937191247940063e-01
1.316549181938171387e-01
1.318720430135726929e-01
1.319137662649154663e-01
1.322374641895294189e-01
1.321673840284347534e-01
1.325001716613769531e-01
1.322480291128158569e-01
1.324185878038406372e-01
1.320726722478866577e-01
1.320466697216033936e-01
1.317563951015472412e-01
1.316489279270172119e-01
1.314747780561447144e-01
1.313877254724502563e-01
1.313119679689407349e-01
1.312737017869949341e-01
1.312532424926757812e-01
1.312470883131027222e-01
1.312502771615982056e-01
1.312588751316070557e-01
1.312755942344665527e-01
1.312960833311080933e-01
1.313320100307464600e-01
1.313633918762207031e-01
1.314293742179870605e-01
1.314642280340194702e-01
1.315670013427734375e-01
1.315884441137313843e-01
1.317247897386550903e-01
1.317114681005477905e-01
1.318610906600952148e-01
1.317988932132720947e-01
1.319262832403182983e-01
1.318185776472091675e-01
1.318929791450500488e-01
1.317565888166427612e-01
1.317719668149948120e-01
1.316367387771606445e-01
1.316175758838653564e-01
1.315121352672576904e-01
1.314890235662460327e-01
1.314218640327453613e-01
1.314072608947753906e-01
1.313679516315460205e-01
1.313589662313461304e-01
1.313348561525344849e-01
1.313287764787673950e-01
1.313133388757705688e-01
1.313113570213317871e-01
1.313032060861587524e-01
1.313064694404602051e-01
1.313039064407348633e-01
1.313120722770690918e-01
1.313126534223556519e-01
1.313264220952987671e-01
1.313311308622360229e-01
1.313554346561431885e-01
1.313664615154266357e-01
1.314105242490768433e-01
1.314286738634109497e-01
1.315035223960876465e-01
1.315237879753112793e-01
1.316391527652740479e-01
1.316457688808441162e-01
1.318005174398422241e-01
1.317697763442993164e-01
1.319393962621688843e-01
1.318528354167938232e-01
1.319954991340637207e-01
1.318599581718444824e-01
1.319431811571121216e-01
1.317889541387557983e-01
1.318142861127853394e-01
1.316767483949661255e-01
1.316736042499542236e-01
1.315778791904449463e-01
1.315809488296508789e-01
1.315335333347320557e-01
1.315575540065765381e-01
1.315427273511886597e-01
1.315720081329345703e-01
1.315541416406631470e-01
1.315513849258422852e-01
1.315016597509384155e-01
1.314566880464553833e-01
1.313917785882949829e-01
1.313424855470657349e-01
1.312952041625976562e-01
1.312665790319442749e-01
1.312450766563415527e-01
1.312368065118789673e-01
1.312382370233535767e-01
1.312491744756698608e-01
1.312650740146636963e-01
1.312823742628097534e-01
1.312937885522842407e-01
1.312952488660812378e-01
1.312874853610992432e-01
1.312711238861083984e-01
1.312523782253265381e-01
1.312368959188461304e-01
1.312271356582641602e-01
1.312241405248641968e-01
1.312254667282104492e-01
1.312294006347656250e-01
1.312327980995178223e-01
1.312370300292968750e-01
1.312394589185714722e-01
1.312441676855087280e-01
1.312495619058609009e-01
1.312583386898040771e-01
1.312680095434188843e-01
1.312868744134902954e-01
1.313087046146392822e-01
1.313564181327819824e-01
1.314078271389007568e-01
1.315334141254425049e-01
1.316393762826919556e-01
1.319440603256225586e-01
1.320868283510208130e-01
1.326950043439865112e-01
1.326647996902465820e-01
1.334273219108581543e-01
1.328974962234497070e-01
1.332213729619979858e-01
1.324643194675445557e-01
1.322854012250900269e-01
1.317847222089767456e-01
1.315586715936660767e-01
1.313847899436950684e-01
1.313230097293853760e-01
1.313232034444808960e-01
1.313615292310714722e-01
1.314447522163391113e-01
1.315264552831649780e-01
1.317153722047805786e-01
1.317788362503051758e-01
1.320343315601348877e-01
1.319508701562881470e-01
1.321058869361877441e-01
1.318792700767517090e-01
1.318642497062683105e-01
1.316457390785217285e-01
1.315593570470809937e-01
1.314200907945632935e-01
1.313436180353164673e-01
1.312754005193710327e-01
1.312395930290222168e-01
1.312258690595626831e-01
1.312304437160491943e-01
1.312468945980072021e-01
1.312675476074218750e-01
1.312925219535827637e-01
1.313099265098571777e-01
1.313387900590896606e-01
1.313550770282745361e-01
1.313975006341934204e-01
1.314122080802917480e-01
1.314720809459686279e-01
1.314750015735626221e-01
1.315442919731140137e-01
1.315281838178634644e-01
1.315961033105850220e-01
1.315624266862869263e-01
1.316207051277160645e-01
1.315733343362808228e-01
1.316151171922683716e-01
1.315564960241317749e-01
1.315811127424240112e-01
1.315188407897949219e-01
1.315347552299499512e-01
1.314790844917297363e-01
1.314913630485534668e-01
1.314458549022674561e-01
1.314547061920166016e-01
1.314179003238677979e-01
1.314250528812408447e-01
1.313968896865844727e-01
1.314056217670440674e-01
1.313852667808532715e-01
1.313989311456680298e-01
1.313840746879577637e-01
1.314043551683425903e-01
1.313943713903427124e-01
1.314235925674438477e-01
1.314159631729125977e-01
1.314562559127807617e-01
1.314482837915420532e-01
1.315003037452697754e-01
1.314881742000579834e-01
1.315509378910064697e-01
1.315311491489410400e-01
1.316012144088745117e-01
1.315712183713912964e-01
1.316440999507904053e-01
1.316014081239700317e-01
1.316692829132080078e-01
1.316135823726654053e-01
1.316703557968139648e-01
1.316048353910446167e-01
1.316474527120590210e-01
1.315786391496658325e-01
1.316088736057281494e-01
1.315436363220214844e-01
1.315654814243316650e-01
1.315095573663711548e-01
1.315289437770843506e-01
1.314858049154281616e-01
1.315094977617263794e-01
1.314795613288879395e-01
1.315109282732009888e-01
1.314917355775833130e-01
1.315280646085739136e-01
1.315084993839263916e-01
1.315349638462066650e-01
1.314988434314727783e-01
1.314974278211593628e-01
1.314426362514495850e-01
1.314193010330200195e-01
1.313685774803161621e-01
1.313553452491760254e-01
1.313354820013046265e-01
1.313570588827133179e-01
1.313666701316833496e-01
1.314202994108200073e-01
1.314358264207839966e-01
1.315069347620010376e-01
1.315092146396636963e-01
1.315885037183761597e-01
1.315754503011703491e-01
1.316692531108856201e-01
1.316485553979873657e-01
1.317685693502426147e-01
1.317353248596191406e-01
1.318767666816711426e-01
1.318092197179794312e-01
1.319401115179061890e-01
1.318224966526031494e-01
1.319009810686111450e-01
1.317490041255950928e-01
1.317608505487442017e-01
1.316152513027191162e-01
1.315847933292388916e-01
1.314754337072372437e-01
1.314358264207839966e-01
1.313674002885818481e-01
1.313369721174240112e-01
1.312984824180603027e-01
1.312797516584396362e-01
1.312591433525085449e-01
1.312489658594131470e-01
1.312385201454162598e-01
1.312335580587387085e-01
1.312287598848342896e-01
1.312274485826492310e-01
1.312261223793029785e-01
1.312272101640701294e-01
1.312281787395477295e-01
1.312309503555297852e-01
1.312337368726730347e-01
1.312397271394729614e-01
1.312446147203445435e-01
1.312552690505981445e-01
1.312638819217681885e-01
1.312827467918395996e-01
1.312975734472274780e-01
1.313335001468658447e-01
1.313576549291610718e-01
1.314247101545333862e-01
1.314608603715896606e-01
1.315826177597045898e-01
1.316245496273040771e-01
1.318270117044448853e-01
1.318441778421401978e-01
1.321265101432800293e-01
1.320570409297943115e-01
1.323464661836624146e-01
1.321475058794021606e-01
1.323275715112686157e-01
1.320458799600601196e-01
1.320745795965194702e-01
1.318156421184539795e-01
1.317607164382934570e-01
1.315926909446716309e-01
1.315374225378036499e-01
1.314528882503509521e-01
1.314163655042648315e-01
1.313683539628982544e-01
1.313359886407852173e-01
1.313040703535079956e-01
1.312843710184097290e-01
1.312809735536575317e-01
1.312851160764694214e-01
1.313054710626602173e-01
1.313165724277496338e-01
1.313405483961105347e-01
1.313463002443313599e-01
1.313712000846862793e-01
1.313776522874832153e-01
1.314177513122558594e-01
1.314323842525482178e-01
1.314993053674697876e-01
1.315170675516128540e-01
1.316166371107101440e-01
1.316267848014831543e-01
1.317668408155441284e-01
1.317462027072906494e-01
1.319122016429901123e-01
1.318245083093643188e-01
1.319587975740432739e-01
1.318013519048690796e-01
1.318530589342117310e-01
1.316816359758377075e-01
1.316649019718170166e-01
1.315302401781082153e-01
1.314887851476669312e-01
1.314008086919784546e-01
1.313619166612625122e-01
1.313103139400482178e-01
1.312838196754455566e-01
1.312567144632339478e-01
1.312418282032012939e-01
1.312287002801895142e-01
1.312213987112045288e-01
1.312145739793777466e-01
1.312103122472763062e-01
1.312067508697509766e-01
1.312045156955718994e-01
1.312031149864196777e-01
1.312028169631958008e-01
1.312029808759689331e-01
1.312038451433181763e-01
1.312045156955718994e-01
1.312062293291091919e-01
1.312074959278106689e-01
1.312099248170852661e-01
1.312134563922882080e-01
1.312192529439926147e-01
1.312258094549179077e-01
1.312388777732849121e-01
1.312521100044250488e-01
1.312792152166366577e-01
1.313047707080841064e-01
1.313623934984207153e-01
1.314093470573425293e-01
1.315305382013320923e-01
1.316039264202117920e-01
1.318445056676864624e-01
1.319171339273452759e-01
1.323197931051254272e-01
1.322805434465408325e-01
1.327535212039947510e-01
1.324669867753982544e-01
1.327498108148574829e-01
1.322931796312332153e-01
1.322803497314453125e-01
1.318803280591964722e-01
1.317337006330490112e-01
1.315067708492279053e-01
1.313973665237426758e-01
1.313138306140899658e-01
1.312752366065979004e-01
1.312588304281234741e-01
1.312586367130279541e-01
1.312774121761322021e-01
1.313072741031646729e-01
1.313745826482772827e-01
1.314256489276885986e-01
1.315456181764602661e-01
1.315800100564956665e-01
1.317279487848281860e-01
1.317044943571090698e-01
1.318391859531402588e-01
1.317529529333114624e-01
1.318423151969909668e-01
1.317198127508163452e-01
1.317495405673980713e-01
1.316189169883728027e-01
1.315989047288894653e-01
1.314856857061386108e-01
1.314457654953002930e-01
1.313686817884445190e-01
1.313382685184478760e-01
1.312967687845230103e-01
1.312818676233291626e-01
1.312627643346786499e-01
1.312570273876190186e-01
1.312481909990310669e-01
1.312466710805892944e-01
1.312449872493743896e-01
1.312479227781295776e-01
1.312510669231414795e-01
1.312565952539443970e-01
1.312605887651443481e-01
1.312639117240905762e-01
1.312644630670547485e-01
1.312647610902786255e-01
1.312628686428070068e-01
1.312616318464279175e-01
1.312591880559921265e-01
1.312579661607742310e-01
1.312555223703384399e-01
1.312539577484130859e-01
1.312505602836608887e-01
1.312484592199325562e-01
1.312451660633087158e-01
1.312450468540191650e-01
1.312443614006042480e-01
1.312479823827743530e-01
1.312502920627593994e-01
1.312588304281234741e-01
1.312640160322189331e-01
1.312802731990814209e-01
1.312928199768066406e-01
1.313271075487136841e-01
1.313585191965103149e-01
1.314383149147033691e-01
1.315066665410995483e-01
1.316949129104614258e-01
1.318029910326004028e-01
1.321990638971328735e-01
1.322488635778427124e-01
1.328515857458114624e-01
1.325825899839401245e-01
1.330279856920242310e-01
1.324405819177627563e-01
1.324420422315597534e-01
1.319285631179809570e-01
1.317308247089385986e-01
1.314553916454315186e-01
1.313167065382003784e-01
1.312334090471267700e-01
1.312134116888046265e-01
1.312362253665924072e-01
1.312841176986694336e-01
1.313609033823013306e-01
1.314250975847244263e-01
1.315508782863616943e-01
1.315968483686447144e-01
1.317724734544754028e-01
1.317503452301025391e-01
1.319233924150466919e-01
1.317937523126602173e-01
1.318756341934204102e-01
1.316872239112854004e-01
1.316667944192886353e-01
1.315099745988845825e-01
1.314523369073867798e-01
1.313569694757461548e-01
1.313083320856094360e-01
1.312588900327682495e-01
1.312300115823745728e-01
1.312092691659927368e-01
1.311995387077331543e-01
1.311984509229660034e-01
1.312040686607360840e-01
1.312163174152374268e-01
1.312320083379745483e-01
1.312559545040130615e-01
1.312800496816635132e-01
1.313210278749465942e-01
1.313545852899551392e-01
1.314214169979095459e-01
1.314589530229568481e-01
1.315496861934661865e-01
1.315630376338958740e-01
1.316406577825546265e-01
1.315864920616149902e-01
1.316016316413879395e-01
1.314974725246429443e-01
1.314756721258163452e-01
1.314072757959365845e-01
1.314292103052139282e-01
1.314320117235183716e-01
1.315236538648605347e-01
1.315526217222213745e-01
1.316831260919570923e-01
1.316778212785720825e-01
1.318054497241973877e-01
1.317464113235473633e-01
1.318609863519668579e-01
1.317752003669738770e-01
1.318905353546142578e-01
1.317927688360214233e-01
1.318952590227127075e-01
1.317720562219619751e-01
1.318233907222747803e-01
1.316785216331481934e-01
1.316672861576080322e-01
1.315337121486663818e-01
1.314927041530609131e-01
1.314002871513366699e-01
1.313672214746475220e-01
1.313177049160003662e-01
1.313022077083587646e-01
1.312774717807769775e-01
1.312695890665054321e-01
1.312533915042877197e-01
1.312446892261505127e-01
1.312310248613357544e-01
1.312232017517089844e-01
1.312152743339538574e-01
1.312135905027389526e-01
1.312129944562911987e-01
1.312191337347030640e-01
1.312239319086074829e-01
1.312359720468521118e-01
1.312432736158370972e-01
1.312618106603622437e-01
1.312729120254516602e-01
1.313040852546691895e-01
1.313224285840988159e-01
1.313778311014175415e-01
1.314069181680679321e-01
1.315051466226577759e-01
1.315415501594543457e-01
1.317040622234344482e-01
1.317249685525894165e-01
1.319555193185806274e-01
1.319119930267333984e-01
1.321607232093811035e-01
1.320092380046844482e-01
1.321817785501480103e-01
1.319495439529418945e-01
1.319959312677383423e-01
1.317654103040695190e-01
1.317262202501296997e-01
1.315588951110839844e-01
1.315027326345443726e-01
1.314098387956619263e-01
1.313732564449310303e-01
1.313299089670181274e-01
1.313086301088333130e-01
1.312828212976455688e-01
1.312643587589263916e-01
1.312447637319564819e-01
1.312322020530700684e-01
1.312251687049865723e-01
1.312233358621597290e-01
1.312268525362014771e-01
1.312291324138641357e-01
1.312359869480133057e-01
1.312373280525207520e-01
1.312486976385116577e-01
1.312553286552429199e-01
1.312799304723739624e-01
1.312988698482513428e-01
1.313470005989074707e-01
1.313778758049011230e-01
1.314606815576553345e-01
1.315005421638488770e-01
1.316379755735397339e-01
1.316720396280288696e-01
1.318785250186920166e-01
1.318636089563369751e-01
1.321085840463638306e-01
1.319883912801742554e-01
1.321781575679779053e-01
1.319593489170074463e-01
1.320233494043350220e-01
1.317890584468841553e-01
1.317538321018218994e-01
1.315730512142181396e-01
1.315052211284637451e-01
1.313933134078979492e-01
1.313368678092956543e-01
1.312779486179351807e-01
1.312446743249893188e-01
1.312179863452911377e-01
1.312031149864196777e-01
1.311942934989929199e-01
1.311912238597869873e-01
1.311932951211929321e-01
1.311981379985809326e-01
1.312078535556793213e-01
1.312180161476135254e-01
1.312350183725357056e-01
1.312486976385116577e-01
1.312751621007919312e-01
1.312933862209320068e-01
1.313366442918777466e-01
1.313608288764953613e-01
1.314318776130676270e-01
1.314611434936523438e-01
1.315742433071136475e-01
1.315970271825790405e-01
1.317598670721054077e-01
1.317487210035324097e-01
1.319431960582733154e-01
1.318600624799728394e-01
1.320289522409439087e-01
1.318663805723190308e-01
1.319514364004135132e-01
1.317567229270935059e-01
1.317586302757263184e-01
1.315946131944656372e-01
1.315612047910690308e-01
1.314554363489151001e-01
1.314285695552825928e-01
1.313755810260772705e-01
1.313693374395370483e-01
1.313515305519104004e-01
1.313579231500625610e-01
1.313542425632476807e-01
1.313560903072357178e-01
1.313480883836746216e-01
1.313318759202957153e-01
1.313118040561676025e-01
1.312826573848724365e-01
1.312582939863204956e-01
1.312332153320312500e-01
1.312176436185836792e-01
1.312070339918136597e-01
1.312070637941360474e-01
1.312121897935867310e-01
1.312292814254760742e-01
1.312476396560668945e-01
1.312838494777679443e-01
1.313127875328063965e-01
1.313721239566802979e-01
1.314085423946380615e-01
1.315049529075622559e-01
1.315458267927169800e-01
1.317055076360702515e-01
1.317348927259445190e-01
1.319783180952072144e-01
1.319418698549270630e-01
1.322266161441802979e-01
1.320537179708480835e-01
1.322504729032516479e-01
1.319688707590103149e-01
1.320008784532546997e-01
1.317343562841415405e-01
1.316672116518020630e-01
1.314911395311355591e-01
1.314165443181991577e-01
1.313283294439315796e-01
1.312863826751708984e-01
1.312535852193832397e-01
1.312401145696640015e-01
1.312318295240402222e-01
1.312305182218551636e-01
1.312306523323059082e-01
1.312343627214431763e-01
1.312426030635833740e-01
1.312518864870071411e-01
1.312741041183471680e-01
1.312879920005798340e-01
1.313261091709136963e-01
1.313390135765075684e-01
1.313944756984710693e-01
1.314047574996948242e-01
1.314848661422729492e-01
1.314959973096847534e-01
1.316104829311370850e-01
1.316167861223220825e-01
1.317646652460098267e-01
1.317424327135086060e-01
1.319037228822708130e-01
1.318280845880508423e-01
1.319642961025238037e-01
1.318316012620925903e-01
1.319075971841812134e-01
1.317464709281921387e-01
1.317548155784606934e-01
1.316048055887222290e-01
1.315691322088241577e-01
1.314547955989837646e-01
1.314078718423843384e-01
1.313329190015792847e-01
1.312959194183349609e-01
1.312554776668548584e-01
1.312347352504730225e-01
1.312179714441299438e-01
1.312105953693389893e-01
1.312056779861450195e-01
1.312058120965957642e-01
1.312069445848464966e-01
1.312092542648315430e-01
1.312116682529449463e-01
1.312139332294464111e-01
1.312151849269866943e-01
1.312148571014404297e-01
1.312136501073837280e-01
1.312102228403091431e-01
1.312068104743957520e-01
1.312013715505599976e-01
1.311973482370376587e-01
1.311928182840347290e-01
1.311907172203063965e-01
1.311891376972198486e-01
1.311911940574645996e-01
1.311942636966705322e-01
1.312043368816375732e-01
1.312156468629837036e-01
1.312398165464401245e-01
1.312635242938995361e-01
1.313176900148391724e-01
1.313619166612625122e-01
1.314775496721267700e-01
1.315455585718154907e-01
1.317756474018096924e-01
1.318398565053939819e-01
1.322245448827743530e-01
1.321790963411331177e-01
1.326293051242828369e-01
1.323608458042144775e-01
1.326454877853393555e-01
1.322311758995056152e-01
1.322578787803649902e-01
1.318842470645904541e-01
1.317779421806335449e-01
1.315530687570571899e-01
1.314660608768463135e-01
1.313790380954742432e-01
1.313477456569671631e-01
1.313238590955734253e-01
1.313102692365646362e-01
1.313095688819885254e-01
1.313096284866333008e-01
1.313445121049880981e-01
1.313641816377639771e-01
1.314288228750228882e-01
1.314434856176376343e-01
1.315093189477920532e-01
1.314981877803802490e-01
1.315630823373794556e-01
1.315428316593170166e-01
1.316312402486801147e-01
1.316094100475311279e-01
1.317159980535507202e-01
1.316674202680587769e-01
1.317590475082397461e-01
1.316695958375930786e-01
1.317265331745147705e-01
1.316099613904953003e-01
1.316267251968383789e-01
1.315075755119323730e-01
1.314878016710281372e-01
1.313891857862472534e-01
1.313533037900924683e-01
1.312892287969589233e-01
1.312602162361145020e-01
1.312284767627716064e-01
1.312139183282852173e-01
1.312004476785659790e-01
1.311942040920257568e-01
1.311881244182586670e-01
1.311853229999542236e-01
1.311818063259124756e-01
1.311811208724975586e-01
1.311797648668289185e-01
1.311809569597244263e-01
1.311809271574020386e-01
1.311831474304199219e-01
1.311832666397094727e-01
1.311866790056228638e-01
1.311887800693511963e-01
1.311957091093063354e-01
1.312014013528823853e-01
1.312151402235031128e-01
1.312266588211059570e-01
1.312530487775802612e-01
1.312739849090576172e-01
1.313255429267883301e-01
1.313607841730117798e-01
1.314613968133926392e-01
1.315118074417114258e-01
1.316953897476196289e-01
1.317399740219116211e-01
1.320295184850692749e-01
1.320030689239501953e-01
1.323475986719131470e-01
1.321732401847839355e-01
1.324305087327957153e-01
1.321279108524322510e-01
1.322014480829238892e-01
1.318878531455993652e-01
1.318271309137344360e-01
1.316016167402267456e-01
1.315159946680068970e-01
1.313970983028411865e-01
1.313431859016418457e-01
1.312927454710006714e-01
1.312685459852218628e-01
1.312556713819503784e-01
1.312529891729354858e-01
1.312681585550308228e-01
1.312822997570037842e-01
1.313158273696899414e-01
1.313321143388748169e-01
1.313699483871459961e-01
1.313750147819519043e-01
1.314143538475036621e-01
1.314128935337066650e-01
1.314717382192611694e-01
1.314756870269775391e-01
1.315690875053405762e-01
1.315687745809555054e-01
1.316896975040435791e-01
1.316589713096618652e-01
1.317841112613677979e-01
1.317017972469329834e-01
1.317966729402542114e-01
1.316666454076766968e-01
1.317031681537628174e-01
1.315615624189376831e-01
1.315465420484542847e-01
1.314313262701034546e-01
1.313966363668441772e-01
1.313228011131286621e-01
1.312928795814514160e-01
1.312514841556549072e-01
1.312324255704879761e-01
1.312108337879180908e-01
1.312002539634704590e-01
1.311889588832855225e-01
1.311837434768676758e-01
1.311782151460647583e-01
1.311764270067214966e-01
1.311742961406707764e-01
1.311744749546051025e-01
1.311747580766677856e-01
1.311778724193572998e-01
1.311806440353393555e-01
1.311872601509094238e-01
1.311931014060974121e-01
1.312064528465270996e-01
1.312173008918762207e-01
1.312424242496490479e-01
1.312614828348159790e-01
1.313084810972213745e-01
1.313389390707015991e-01
1.314260512590408325e-01
1.314664036035537720e-01
1.316183060407638550e-01
1.316523104906082153e-01
1.318847090005874634e-01
1.318632066249847412e-01
1.321409642696380615e-01
1.320079267024993896e-01
1.322313100099563599e-01
1.319986581802368164e-01
1.320948302745819092e-01
1.318453997373580933e-01
1.318384557962417603e-01
1.316454112529754639e-01
1.316094398498535156e-01
1.315001249313354492e-01
1.314856410026550293e-01
1.314412206411361694e-01
1.314428001642227173e-01
1.314186155796051025e-01
1.314009130001068115e-01
1.313665360212326050e-01
1.313237398862838745e-01
1.312872469425201416e-01
1.312504708766937256e-01
1.312316060066223145e-01
1.312184780836105347e-01
1.312189251184463501e-01
1.312235593795776367e-01
1.312424242496490479e-01
1.312625408172607422e-01
1.313062012195587158e-01
1.313383728265762329e-01
1.314076930284500122e-01
1.314373910427093506e-01
1.315305531024932861e-01
1.315508335828781128e-01
1.316849887371063232e-01
1.316856443881988525e-01
1.318744421005249023e-01
1.318143308162689209e-01
1.320130527019500732e-01
1.318513303995132446e-01
1.319649070501327515e-01
1.317457854747772217e-01
1.317480206489562988e-01
1.315621435642242432e-01
1.315115392208099365e-01
1.313914656639099121e-01
1.313396692276000977e-01
1.312726587057113647e-01
1.312374621629714966e-01
1.312046796083450317e-01
1.311859190464019775e-01
1.311716586351394653e-01
1.311630010604858398e-01
1.311564445495605469e-01
1.311516016721725464e-01
1.311483979225158691e-01
1.311469376087188721e-01
1.311469674110412598e-01
1.311479806900024414e-01
1.311509460210800171e-01
1.311546862125396729e-01
1.311600357294082642e-01
1.311654597520828247e-01
1.311740726232528687e-01
1.311829686164855957e-01
1.311991363763809204e-01
1.312154531478881836e-01
1.312469989061355591e-01
1.312761455774307251e-01
1.313393861055374146e-01
1.313873678445816040e-01
1.315116286277770996e-01
1.315781921148300171e-01
1.318060308694839478e-01
1.318538784980773926e-01
1.322001665830612183e-01
1.321286559104919434e-01
1.324867308139801025e-01
1.322164982557296753e-01
1.323944777250289917e-01
1.320257633924484253e-01
1.319925785064697266e-01
1.316918730735778809e-01
1.315796077251434326e-01
1.314076632261276245e-01
1.313237696886062622e-01
1.312527656555175781e-01
1.312187761068344116e-01
1.312019824981689453e-01
1.311999410390853882e-01
1.312117427587509155e-01
1.312284469604492188e-01
1.312672942876815796e-01
1.312968134880065918e-01
1.313658207654953003e-01
1.313953548669815063e-01
1.314912438392639160e-01
1.315029561519622803e-01
1.316123753786087036e-01
1.315931379795074463e-01
1.316995173692703247e-01
1.316464245319366455e-01
1.317308098077774048e-01
1.316476017236709595e-01
1.316935122013092041e-01
1.315908879041671753e-01
1.315940469503402710e-01
1.314911097288131714e-01
1.314659863710403442e-01
1.313813775777816772e-01
1.313499510288238525e-01
1.312920004129409790e-01
1.312686502933502197e-01
1.312347203493118286e-01
1.312232017517089844e-01
1.312070786952972412e-01
1.312059164047241211e-01
1.312011182308197021e-01
1.312077492475509644e-01
1.312097311019897461e-01
1.312211155891418457e-01
1.312267482280731201e-01
1.312428265810012817e-01
1.312509030103683472e-01
1.312759369611740112e-01
1.312881410121917725e-01
1.313300281763076782e-01
1.313487887382507324e-01
1.314186006784439087e-01
1.314430385828018188e-01
1.315515488386154175e-01
1.315716952085494995e-01
1.317192614078521729e-01
1.317137330770492554e-01
1.318829953670501709e-01
1.318283826112747192e-01
1.319921463727951050e-01
1.318820416927337646e-01
1.320127546787261963e-01
1.318577080965042114e-01
1.319324225187301636e-01
1.317552030086517334e-01
1.317705214023590088e-01
1.316017061471939087e-01
1.315783560276031494e-01
1.314449757337570190e-01
1.314107775688171387e-01
1.313245445489883423e-01
1.312965899705886841e-01
1.312505602836608887e-01
1.312317252159118652e-01
1.312086731195449829e-01
1.311942785978317261e-01
1.311795264482498169e-01
1.311669796705245972e-01
1.311558783054351807e-01
1.311473697423934937e-01
1.311411112546920776e-01
1.311383545398712158e-01
1.311381012201309204e-01
1.311404109001159668e-01
1.311442703008651733e-01
1.311486065387725830e-01
1.311532855033874512e-01
1.311567276716232300e-01
1.311604380607604980e-01
1.311630010604858398e-01
1.311669349670410156e-01
1.311700791120529175e-01
1.311778277158737183e-01
1.311847716569900513e-01
1.312024444341659546e-01
1.312184780836105347e-01
1.312570869922637939e-01
1.312902122735977173e-01
1.313732117414474487e-01
1.314324736595153809e-01
1.316025853157043457e-01
1.316833943128585815e-01
1.319982111454010010e-01
1.320370882749557495e-01
1.324919611215591431e-01
1.323391497135162354e-01
1.327384412288665771e-01
1.323358565568923950e-01
1.324463486671447754e-01
1.319969445466995239e-01
1.318837255239486694e-01
1.315825432538986206e-01
1.314516216516494751e-01
1.313203424215316772e-01
1.312648355960845947e-01
1.312387138605117798e-01
1.312409043312072754e-01
1.312687546014785767e-01
1.312973797321319580e-01
1.313608586788177490e-01
1.313912272453308105e-01
1.314764618873596191e-01
1.314837932586669922e-01
1.315706372261047363e-01
1.315409839153289795e-01
1.316197067499160767e-01
1.315624266862869263e-01
1.316325068473815918e-01
1.315620690584182739e-01
1.316168159246444702e-01
1.315384358167648315e-01
1.315686106681823730e-01
1.314858049154281616e-01
1.314906328916549683e-01
1.314130276441574097e-01
1.314012408256530762e-01
1.313360333442687988e-01
1.313155889511108398e-01
1.312659829854965210e-01
1.312444657087326050e-01
1.312115788459777832e-01
1.311964094638824463e-01
1.311791688203811646e-01
1.311726123094558716e-01
1.311668157577514648e-01
1.311672329902648926e-01
1.311671137809753418e-01
1.311710476875305176e-01
1.311729401350021362e-01
1.311797797679901123e-01
1.311835199594497681e-01
1.311947107315063477e-01
1.312021017074584961e-01
1.312225162982940674e-01
1.312347948551177979e-01
1.312707662582397461e-01
1.312903910875320435e-01
1.313537061214447021e-01
1.313802003860473633e-01
1.314867138862609863e-01
1.315135806798934937e-01
1.316769272089004517e-01
1.316802054643630981e-01
1.318929642438888550e-01
1.318327337503433228e-01
1.320447325706481934e-01
1.318975389003753662e-01
1.320390850305557251e-01
1.318344324827194214e-01
1.318779885768890381e-01
1.316797882318496704e-01
1.316594183444976807e-01
1.315140724182128906e-01
1.314804404973983765e-01
1.313952356576919556e-01
1.313720941543579102e-01
1.313263773918151855e-01
1.313102841377258301e-01
1.312803477048873901e-01
1.312620788812637329e-01
1.312385201454162598e-01
1.312192827463150024e-01
1.312012672424316406e-01
1.311857402324676514e-01
1.311735361814498901e-01
1.311619728803634644e-01
1.311539411544799805e-01
1.311473697423934937e-01
1.311448663473129272e-01
1.311456263065338135e-01
1.311515271663665771e-01
1.311606168746948242e-01
1.311757266521453857e-01
1.311906874179840088e-01
1.312164962291717529e-01
1.312393248081207275e-01
1.312853693962097168e-01
1.313215047121047974e-01
1.314092129468917847e-01
1.314628273248672485e-01
1.316280215978622437e-01
1.316829323768615723e-01
1.319558471441268921e-01
1.319465786218643188e-01
1.322887837886810303e-01
1.321206837892532349e-01
1.323780864477157593e-01
1.320607662200927734e-01
1.321153044700622559e-01
1.317904442548751831e-01
1.317032277584075928e-01
1.314770430326461792e-01
1.313718855381011963e-01
1.312583982944488525e-01
1.311999410390853882e-01
1.311621218919754028e-01
1.311463415622711182e-01
1.311431378126144409e-01
1.311475932598114014e-01
1.311586499214172363e-01
1.311735957860946655e-01
1.312000304460525513e-01
1.312263458967208862e-01
1.312779188156127930e-01
1.313110589981079102e-01
1.313957273960113525e-01
1.314222216606140137e-01
1.315405219793319702e-01
1.315415799617767334e-01
1.316832900047302246e-01
1.316437274217605591e-01
1.317838877439498901e-01
1.317020207643508911e-01
1.318094134330749512e-01
1.316943913698196411e-01
1.317473649978637695e-01
1.316164135932922363e-01
1.316168755292892456e-01
1.314942240715026855e-01
1.314674913883209229e-01
1.313735395669937134e-01
1.313445121049880981e-01
1.312828958034515381e-01
1.312603950500488281e-01
1.312226802110671997e-01
1.312055289745330811e-01
1.311825662851333618e-01
1.311715096235275269e-01
1.311600506305694580e-01
1.311556100845336914e-01
1.311524510383605957e-01
1.311542093753814697e-01
1.311556100845336914e-01
1.311607211828231812e-01
1.311649829149246216e-01
1.311737895011901855e-01
1.311808228492736816e-01
1.311959922313690186e-01
1.312091499567031860e-01
1.312373876571655273e-01
1.312595605850219727e-01
1.313110738992691040e-01
1.313457340002059937e-01
1.314376890659332275e-01
1.314835399389266968e-01
1.316414028406143188e-01
1.316824704408645630e-01
1.319241672754287720e-01
1.319121122360229492e-01
1.322049349546432495e-01
1.320717483758926392e-01
1.323053687810897827e-01
1.320456564426422119e-01
1.321217119693756104e-01
1.318326592445373535e-01
1.317802071571350098e-01
1.315630674362182617e-01
1.314799934625625610e-01
1.313594132661819458e-01
1.313046216964721680e-01
1.312544643878936768e-01
1.312320828437805176e-01
1.312211155891418457e-01
1.312186121940612793e-01
1.312318295240402222e-01
1.312404125928878784e-01
1.312711685895919800e-01
1.312829554080963135e-01
1.313273012638092041e-01
1.313355565071105957e-01
1.313947439193725586e-01
1.313973665237426758e-01
1.314763724803924561e-01
1.314701586961746216e-01
1.315703243017196655e-01
1.315469294786453247e-01
1.316559016704559326e-01
1.316019445657730103e-01
1.316951960325241089e-01
1.316062957048416138e-01
1.316619366407394409e-01
1.315514445304870605e-01
1.315663903951644897e-01
1.314584761857986450e-01
1.314461082220077515e-01
1.313595473766326904e-01
1.313382983207702637e-01
1.312783360481262207e-01
1.312588453292846680e-01
1.312215626239776611e-01
1.312079429626464844e-01
1.311867684125900269e-01
1.311794072389602661e-01
1.311683952808380127e-01
1.311668753623962402e-01
1.311624944210052490e-01
1.311651766300201416e-01
1.311653256416320801e-01
1.311728060245513916e-01
1.311767548322677612e-01
1.311912983655929565e-01
1.312000155448913574e-01
1.312257647514343262e-01
1.312407851219177246e-01
1.312851905822753906e-01
1.313070505857467651e-01
1.313820779323577881e-01
1.314066052436828613e-01
1.315236240625381470e-01
1.315374374389648438e-01
1.316991746425628662e-01
1.316774487495422363e-01
1.318620443344116211e-01
1.317795515060424805e-01
1.319405585527420044e-01
1.317980736494064331e-01
1.318938583135604858e-01
1.317230761051177979e-01
1.317515522241592407e-01
1.315962374210357666e-01
1.315904855728149414e-01
1.314813047647476196e-01
1.314788460731506348e-01
1.314201802015304565e-01
1.314358413219451904e-01
1.314100325107574463e-01
1.314285844564437866e-01
1.314051598310470581e-01
1.314003616571426392e-01
1.313576251268386841e-01
1.313216537237167358e-01
1.312676072120666504e-01
1.312253922224044800e-01
1.311831623315811157e-01
1.311561614274978638e-01
1.311363279819488525e-01
1.311288625001907349e-01
1.311300247907638550e-01
1.311399191617965698e-01
1.311533153057098389e-01
1.311710327863693237e-01
1.311820149421691895e-01
1.311926692724227905e-01
1.311906278133392334e-01
1.311905384063720703e-01
1.311803758144378662e-01
1.311811804771423340e-01
1.311797499656677246e-01
1.311971843242645264e-01
1.312159299850463867e-01
1.312642544507980347e-01
1.313086003065109253e-01
1.314135044813156128e-01
1.314879357814788818e-01
1.317000985145568848e-01
1.317879110574722290e-01
1.321607083082199097e-01
1.321598887443542480e-01
1.326315999031066895e-01
1.323774755001068115e-01
1.326806396245956421e-01
1.322167366743087769e-01
1.322010606527328491e-01
1.317842751741409302e-01
1.316210627555847168e-01
1.313875913619995117e-01
1.312699466943740845e-01
1.311907172203063965e-01
1.311621814966201782e-01
1.311656236648559570e-01
1.311911642551422119e-01
1.312406063079833984e-01
1.312894374132156372e-01
1.313809454441070557e-01
1.314256042242050171e-01
1.315517127513885498e-01
1.315537989139556885e-01
1.316815316677093506e-01
1.316190809011459351e-01
1.317094862461090088e-01
1.315999478101730347e-01
1.316359937191009521e-01
1.315155476331710815e-01
1.315054744482040405e-01
1.313990652561187744e-01
1.313654780387878418e-01
1.312879025936126709e-01
1.312543451786041260e-01
1.312075257301330566e-01
1.311854869127273560e-01
1.311610788106918335e-01
1.311477720737457275e-01
1.311350017786026001e-01
1.311268061399459839e-01
1.311196386814117432e-01
1.311150938272476196e-01
1.311122924089431763e-01
1.311109960079193115e-01
1.311105638742446899e-01
1.311111450195312500e-01
1.311117708683013916e-01
1.311122477054595947e-01
1.311134696006774902e-01
1.311147212982177734e-01
1.311173141002655029e-01
1.311203688383102417e-01
1.311256736516952515e-01
1.311318278312683105e-01
1.311428993940353394e-01
1.311544179916381836e-01
1.311756968498229980e-01
1.311967968940734863e-01
1.312400996685028076e-01
1.312772482633590698e-01
1.313660591840744019e-01
1.314241141080856323e-01
1.315964907407760620e-01
1.316604018211364746e-01
1.319529861211776733e-01
1.319543421268463135e-01
1.323297172784805298e-01
1.321626305580139160e-01
1.324536949396133423e-01
1.321218460798263550e-01
1.321962028741836548e-01
1.318457871675491333e-01
1.317641288042068481e-01
1.315140277147293091e-01
1.314105540513992310e-01
1.312865614891052246e-01
1.312318742275238037e-01
1.311916112899780273e-01
1.311748027801513672e-01
1.311623156070709229e-01
1.311527043581008911e-01
1.311438679695129395e-01
1.311388462781906128e-01
1.311421245336532593e-01
1.311526745557785034e-01
1.311776489019393921e-01
1.311999559402465820e-01
1.312436610460281372e-01
1.312674731016159058e-01
1.313319951295852661e-01
1.313575208187103271e-01
1.314585357904434204e-01
1.314886659383773804e-01
1.316417455673217773e-01
1.316577792167663574e-01
1.318553835153579712e-01
1.318133324384689331e-01
1.320095956325531006e-01
1.318761408329010010e-01
1.320028901100158691e-01
1.317989528179168701e-01
1.318243592977523804e-01
1.316210627555847168e-01
1.315786838531494141e-01
1.314305067062377930e-01
1.313747912645339966e-01
1.312891840934753418e-01
1.312498152256011963e-01
1.312091499567031860e-01
1.311901509761810303e-01
1.311770230531692505e-01
1.311723291873931885e-01
1.311737298965454102e-01
1.311749964952468872e-01
1.311820447444915771e-01
1.311830133199691772e-01
1.311937123537063599e-01
1.311953067779541016e-01
1.312128901481628418e-01
1.312198638916015625e-01
1.312520951032638550e-01
1.312672495841979980e-01
1.313237994909286499e-01
1.313459724187850952e-01
1.314376592636108398e-01
1.314585655927658081e-01
1.315928399562835693e-01
1.315896362066268921e-01
1.317556351423263550e-01
1.316979229450225830e-01
1.318545788526535034e-01
1.317301988601684570e-01
1.318275481462478638e-01
1.316662430763244629e-01
1.316908597946166992e-01
1.315390318632125854e-01
1.315177083015441895e-01
1.314028948545455933e-01
1.313688457012176514e-01
1.312958151102066040e-01
1.312686204910278320e-01
1.312280148267745972e-01
1.312124580144882202e-01
1.311907023191452026e-01
1.311821490526199341e-01
1.311705559492111206e-01
1.311658769845962524e-01
1.311595588922500610e-01
1.311583220958709717e-01
1.311558485031127930e-01
1.311581432819366455e-01
1.311579942703247070e-01
1.311621516942977905e-01
1.311630457639694214e-01
1.311685442924499512e-01
1.311703622341156006e-01
1.311775445938110352e-01
1.311806589365005493e-01
1.311914026737213135e-01
1.311977058649063110e-01
1.312156170606613159e-01
1.312265992164611816e-01
1.312580257654190063e-01
1.312773823738098145e-01
1.313356012105941772e-01
1.313686817884445190e-01
1.314797252416610718e-01
1.315278559923171997e-01
1.317305117845535278e-01
1.317707300186157227e-01
1.320920586585998535e-01
1.320401579141616821e-01
1.324067562818527222e-01
1.321590840816497803e-01
1.323730796575546265e-01
1.319893896579742432e-01
1.319692134857177734e-01
1.316408514976501465e-01
1.315193772315979004e-01
1.313323974609375000e-01
1.312407553195953369e-01
1.311695575714111328e-01
1.311390697956085205e-01
1.311308294534683228e-01
1.311389356851577759e-01
1.311586052179336548e-01
1.311844587326049805e-01
1.312251091003417969e-01
1.312624961137771606e-01
1.313371807336807251e-01
1.313762515783309937e-01
1.314949095249176025e-01
1.315073370933532715e-01
1.316493004560470581e-01
1.315967738628387451e-01
1.317109912633895874e-01
1.316002011299133301e-01
1.316581219434738159e-01
1.315422952175140381e-01
1.315611302852630615e-01
1.314655393362045288e-01
1.314649432897567749e-01
1.313875615596771240e-01
1.313795745372772217e-01
1.313267350196838379e-01
1.313255429267883301e-01
1.312952190637588501e-01
1.312983185052871704e-01
1.312742978334426880e-01
1.312712281942367554e-01
1.312461942434310913e-01
1.312420070171356201e-01
1.312249004840850830e-01
1.312328428030014038e-01
1.312295496463775635e-01
1.312520951032638550e-01
1.312574148178100586e-01
1.312931478023529053e-01
1.313020139932632446e-01
1.313561350107192993e-01
1.313662976026535034e-01
1.314465403556823730e-01
1.314486712217330933e-01
1.315526366233825684e-01
1.315321475267410278e-01
1.316449493169784546e-01
1.315938681364059448e-01
1.316976100206375122e-01
1.316210925579071045e-01
1.317038685083389282e-01
1.316108703613281250e-01
1.316650509834289551e-01
1.315634846687316895e-01
1.315878480672836304e-01
1.314895749092102051e-01
1.314918100833892822e-01
1.314072906970977783e-01
1.313994377851486206e-01
1.313335746526718140e-01
1.313235163688659668e-01
1.312745064496994019e-01
1.312677115201950073e-01
1.312338858842849731e-01
1.312323957681655884e-01
1.312121897935867310e-01
1.312167644500732422e-01
1.312058120965957642e-01
1.312162280082702637e-01
1.312106251716613770e-01
1.312264800071716309e-01
1.312238276004791260e-01
1.312471181154251099e-01
1.312466263771057129e-01
1.312802284955978394e-01
1.312808394432067871e-01
1.313283443450927734e-01
1.313284337520599365e-01
1.313925236463546753e-01
1.313891857862472534e-01
1.314725726842880249e-01
1.314608156681060791e-01
1.315615624189376831e-01
1.315338462591171265e-01
1.316433697938919067e-01
1.315915137529373169e-01
1.316943019628524780e-01
1.316151022911071777e-01
1.316950768232345581e-01
1.315961778163909912e-01
1.316443830728530884e-01
1.315421909093856812e-01
1.315629929304122925e-01
1.314737796783447266e-01
1.314792186021804810e-01
1.314116120338439941e-01
1.314155310392379761e-01
1.313700973987579346e-01
1.313840299844741821e-01
1.313620954751968384e-01
1.313938647508621216e-01
1.313924193382263184e-01
1.314350068569183350e-01
1.314314156770706177e-01
1.314503550529479980e-01
1.314071416854858398e-01
1.313675493001937866e-01
1.312848478555679321e-01
1.312192976474761963e-01
1.311596035957336426e-01
1.311338990926742554e-01
1.311339884996414185e-01
1.311619728803634644e-01
1.311930865049362183e-01
1.312404274940490723e-01
1.312561482191085815e-01
1.312881112098693848e-01
1.312720775604248047e-01
1.312899291515350342e-01
1.312744617462158203e-01
1.313189268112182617e-01
1.313368082046508789e-01
1.314430236816406250e-01
1.314851790666580200e-01
1.316633373498916626e-01
1.316858977079391479e-01
1.319213807582855225e-01
1.318706274032592773e-01
1.321148872375488281e-01
1.319571733474731445e-01
1.321270018815994263e-01
1.318867355585098267e-01
1.319272965192794800e-01
1.316817253828048706e-01
1.316226720809936523e-01
1.314372420310974121e-01
1.313509047031402588e-01
1.312400400638580322e-01
1.311773806810379028e-01
1.311268657445907593e-01
1.311006695032119751e-01
1.310891658067703247e-01
1.310903877019882202e-01
1.310990005731582642e-01
1.311110258102416992e-01
1.311258524656295776e-01
1.311387121677398682e-01
1.311557292938232422e-01
1.311688572168350220e-01
1.311942189931869507e-01
1.312133669853210449e-01
1.312585473060607910e-01
1.312848329544067383e-01
1.313613951206207275e-01
1.313896030187606812e-01
1.315062940120697021e-01
1.315186917781829834e-01
1.316737979650497437e-01
1.316400170326232910e-01
1.318021714687347412e-01
1.316986978054046631e-01
1.318138837814331055e-01
1.316569000482559204e-01
1.316965073347091675e-01
1.315366625785827637e-01
1.315193325281143188e-01
1.313952952623367310e-01
1.313577145338058472e-01
1.312764585018157959e-01
1.312425732612609863e-01
1.311954706907272339e-01
1.311725825071334839e-01
1.311470419168472290e-01
1.311339437961578369e-01
1.311206370592117310e-01
1.311141252517700195e-01
1.311077475547790527e-01
1.311050355434417725e-01
1.311023831367492676e-01
1.311025321483612061e-01
1.311027407646179199e-01
1.311045587062835693e-01
1.311063468456268311e-01
1.311097145080566406e-01
1.311130374670028687e-01
1.311188191175460815e-01
1.311241090297698975e-01
1.311350315809249878e-01
1.311446726322174072e-01
1.311646699905395508e-01
1.311819404363632202e-01
1.312200576066970825e-01
1.312505304813385010e-01
1.313232183456420898e-01
1.313723325729370117e-01
1.315098404884338379e-01
1.315760612487792969e-01
1.318190246820449829e-01
1.318667083978652954e-01
1.322290301322937012e-01
1.321596652269363403e-01
1.325390487909317017e-01
1.322596669197082520e-01
1.324508637189865112e-01
1.320453882217407227e-01
1.319927722215652466e-01
1.316521316766738892e-01
1.315061002969741821e-01
1.313136070966720581e-01
1.312090903520584106e-01
1.311352550983428955e-01
1.311024129390716553e-01
1.310990154743194580e-01
1.311182379722595215e-01
1.311582177877426147e-01
1.312037855386734009e-01
1.312765479087829590e-01
1.313255727291107178e-01
1.314245760440826416e-01
1.314525753259658813e-01
1.315660923719406128e-01
1.315499395132064819e-01
1.316590309143066406e-01
1.315892636775970459e-01
1.316699385643005371e-01
1.315594911575317383e-01
1.315963566303253174e-01
1.314750462770462036e-01
1.314762383699417114e-01
1.313735395669937134e-01
1.313616931438446045e-01
1.312929093837738037e-01
1.312856674194335938e-01
1.312476098537445068e-01
1.312460750341415405e-01
1.312244385480880737e-01
1.312183886766433716e-01
1.311984956264495850e-01
1.311846673488616943e-01
1.311641931533813477e-01
1.311499476432800293e-01
1.311350315809249878e-01
1.311269402503967285e-01
1.311195939779281616e-01
1.311186701059341431e-01
1.311190426349639893e-01
1.311261206865310669e-01
1.311334967613220215e-01
1.311473697423934937e-01
1.311584413051605225e-01
1.311753690242767334e-01
1.311852335929870605e-01
1.312027275562286377e-01
1.312086731195449829e-01
1.312294602394104004e-01
1.312350779771804810e-01
1.312683224678039551e-01
1.312781125307083130e-01
1.313358992338180542e-01
1.313536614179611206e-01
1.314548999071121216e-01
1.314772963523864746e-01
1.316459327936172485e-01
1.316508501768112183e-01
1.318932324647903442e-01
1.318296641111373901e-01
1.320932805538177490e-01
1.319267600774765015e-01
1.321189254522323608e-01
1.318883895874023438e-01
1.319665312767028809e-01
1.317371875047683716e-01
1.317239850759506226e-01
1.315381079912185669e-01
1.314825266599655151e-01
1.313575208187103271e-01
1.313006281852722168e-01
1.312252581119537354e-01
1.311817318201065063e-01
1.311392933130264282e-01
1.311139911413192749e-01
1.310971528291702271e-01
1.310903429985046387e-01
1.310907304286956787e-01
1.310939341783523560e-01
1.310988962650299072e-01
1.311018764972686768e-01
1.311057806015014648e-01
1.311087906360626221e-01
1.311167329549789429e-01
1.311255991458892822e-01
1.311442255973815918e-01
1.311625093221664429e-01
1.311993002891540527e-01
1.312289386987686157e-01
1.312974989414215088e-01
1.313393414020538330e-01
1.314645409584045410e-01
1.315072178840637207e-01
1.317089051008224487e-01
1.317122876644134521e-01
1.319714784622192383e-01
1.318780779838562012e-01
1.321107298135757446e-01
1.319094896316528320e-01
1.320285201072692871e-01
1.317825168371200562e-01
1.317797899246215820e-01
1.315630376338958740e-01
1.314978748559951782e-01
1.313515603542327881e-01
1.312856227159500122e-01
1.312067657709121704e-01
1.311646550893783569e-01
1.311267763376235962e-01
1.311039179563522339e-01
1.310874968767166138e-01
1.310791969299316406e-01
1.310770362615585327e-01
1.310802102088928223e-01
1.310874372720718384e-01
1.310970187187194824e-01
1.311090141534805298e-01
1.311192959547042847e-01
1.311343610286712646e-01
1.311459988355636597e-01
1.311678141355514526e-01
1.311846077442169189e-01
1.312225311994552612e-01
1.312470585107803345e-01
1.313120722770690918e-01
1.313429027795791626e-01
1.314491778612136841e-01
1.314766705036163330e-01
1.316369920969009399e-01
1.316311508417129517e-01
1.318328678607940674e-01
1.317500174045562744e-01
1.319329887628555298e-01
1.317622363567352295e-01
1.318613290786743164e-01
1.316603720188140869e-01
1.316771954298019409e-01
1.315130591392517090e-01
1.314945667982101440e-01
1.313866078853607178e-01
1.313705444335937500e-01
1.313108056783676147e-01
1.313121467828750610e-01
1.312868595123291016e-01
1.313052028417587280e-01
1.312964707612991333e-01
1.313182860612869263e-01
1.313070654869079590e-01
1.313135474920272827e-01
1.312852352857589722e-01
1.312684863805770874e-01
1.312281936407089233e-01
1.312033981084823608e-01
1.311702281236648560e-01
1.311566978693008423e-01
1.311459243297576904e-01
1.311565935611724854e-01
1.311686933040618896e-01
1.312078684568405151e-01
1.312350779771804810e-01
1.313070654869079590e-01
1.313336193561553955e-01
1.314409226179122925e-01
1.314508616924285889e-01
1.315934062004089355e-01
1.315734237432479858e-01
1.317455619573593140e-01
1.316916346549987793e-01
1.318766772747039795e-01
1.317824870347976685e-01
1.319454312324523926e-01
1.318002194166183472e-01
1.318972259759902954e-01
1.317140460014343262e-01
1.317291706800460815e-01
1.315535604953765869e-01
1.315154880285263062e-01
1.313820332288742065e-01
1.313283741474151611e-01
1.312408596277236938e-01
1.311939507722854614e-01
1.311445683240890503e-01
1.311159878969192505e-01
1.310949474573135376e-01
1.310851126909255981e-01
1.310806870460510254e-01
1.310808211565017700e-01
1.310817301273345947e-01
1.310829967260360718e-01
1.310839802026748657e-01
1.310843527317047119e-01
1.310847252607345581e-01
1.310853362083435059e-01
1.310868263244628906e-01
1.310875564813613892e-01
1.310904473066329956e-01
1.310928016901016235e-01
1.310983300209045410e-01
1.311040073633193970e-01
1.311168521642684937e-01
1.311305761337280273e-01
1.311590969562530518e-01
1.311862319707870483e-01
1.312470585107803345e-01
1.312924176454544067e-01
1.314146369695663452e-01
1.314768195152282715e-01
1.317016929388046265e-01
1.317467838525772095e-01
1.320901513099670410e-01
1.320257186889648438e-01
1.323909908533096313e-01
1.321371644735336304e-01
1.323375701904296875e-01
1.319718658924102783e-01
1.319542080163955688e-01
1.316376328468322754e-01
1.315240412950515747e-01
1.313387751579284668e-01
1.312534660100936890e-01
1.311819702386856079e-01
1.311524063348770142e-01
1.311380565166473389e-01
1.311357915401458740e-01
1.311402916908264160e-01
1.311476826667785645e-01
1.311681866645812988e-01
1.311875283718109131e-01
1.312381625175476074e-01
1.312639117240905762e-01
1.313447803258895874e-01
1.313548088073730469e-01
1.314517408609390259e-01
1.314328014850616455e-01
1.315343827009201050e-01
1.314991414546966553e-01
1.316041797399520874e-01
1.315589994192123413e-01
1.316578984260559082e-01
1.315909326076507568e-01
1.316669434309005737e-01
1.315777301788330078e-01
1.316258013248443604e-01
1.315251439809799194e-01
1.315407007932662964e-01
1.314332932233810425e-01
1.314065605401992798e-01
1.313042491674423218e-01
1.312530189752578735e-01
1.311822086572647095e-01
1.311448067426681519e-01
1.311147511005401611e-01
1.311034709215164185e-01
1.310993731021881104e-01
1.311037987470626831e-01
1.311075538396835327e-01
1.311144977807998657e-01
1.311150044202804565e-01
1.311167329549789429e-01
1.311113387346267700e-01
1.311068981885910034e-01
1.310976445674896240e-01
1.310912668704986572e-01
1.310843378305435181e-01
1.310819089412689209e-01
1.310817003250122070e-01
1.310874223709106445e-01
1.310960650444030762e-01
1.311124563217163086e-01
1.311304718255996704e-01
1.311639994382858276e-01
1.311956644058227539e-01
1.312626451253890991e-01
1.313147097826004028e-01
1.314486861228942871e-01
1.315223276615142822e-01
1.317766904830932617e-01
1.318339556455612183e-01
1.322322785854339600e-01
1.321527063846588135e-01
1.325678974390029907e-01
1.322475075721740723e-01
1.324365884065628052e-01
1.320053488016128540e-01
1.319404691457748413e-01
1.316074281930923462e-01
1.314688920974731445e-01
1.312984526157379150e-01
1.312120705842971802e-01
1.311522722244262695e-01
1.311245560646057129e-01
1.311153173446655273e-01
1.311230808496475220e-01
1.311523318290710449e-01
1.311888247728347778e-01
1.312661021947860718e-01
1.313127875328063965e-01
1.314298510551452637e-01
1.314495801925659180e-01
1.315800100564956665e-01
1.315469145774841309e-01
1.316579282283782959e-01
1.315754652023315430e-01
1.316433399915695190e-01
1.315314173698425293e-01
1.315465867519378662e-01
1.314289122819900513e-01
1.314043551683425903e-01
1.313066035509109497e-01
1.312706619501113892e-01
1.312066465616226196e-01
1.311816573143005371e-01
1.311464458703994751e-01
1.311336755752563477e-01
1.311158537864685059e-01
1.311098486185073853e-01
1.311012655496597290e-01
1.310993283987045288e-01
1.310968995094299316e-01
1.310988068580627441e-01
1.311002969741821289e-01
1.311044692993164062e-01
1.311069875955581665e-01
1.311107575893402100e-01
1.311125010251998901e-01
1.311165094375610352e-01
1.311183273792266846e-01
1.311237365007400513e-01
1.311269700527191162e-01
1.311352401971817017e-01
1.311394721269607544e-01
1.311505585908889771e-01
1.311553418636322021e-01
1.311717480421066284e-01
1.311801671981811523e-01
1.312091797590255737e-01
1.312275528907775879e-01
1.312841773033142090e-01
1.313197761774063110e-01
1.314294934272766113e-01
1.314862072467803955e-01
1.316916644573211670e-01
1.317486166954040527e-01
1.320853233337402344e-01
1.320498883724212646e-01
1.324498057365417480e-01
1.321887820959091187e-01
1.324209719896316528e-01
1.319935768842697144e-01
1.319534182548522949e-01
1.315939873456954956e-01
1.314479708671569824e-01
1.312544494867324829e-01
1.311533749103546143e-01
1.310852169990539551e-01
1.310574561357498169e-01
1.310570687055587769e-01
1.310763210058212280e-01
1.311111152172088623e-01
1.311508119106292725e-01
1.312133818864822388e-01
1.312574446201324463e-01
1.313510090112686157e-01
1.313825100660324097e-01
1.315067708492279053e-01
1.314999610185623169e-01
1.316346228122711182e-01
1.315664350986480713e-01
1.316697001457214355e-01
1.315466910600662231e-01
1.315879970788955688e-01
1.314517557621002197e-01
1.314414739608764648e-01
1.313322037458419800e-01
1.313024014234542847e-01
1.312312632799148560e-01
1.312060654163360596e-01
1.311670690774917603e-01
1.311551630496978760e-01
1.311403661966323853e-01
1.311440169811248779e-01
1.311455518007278442e-01
1.311615109443664551e-01
1.311737895011901855e-01
1.311966180801391602e-01
1.312106847763061523e-01
1.312302201986312866e-01
1.312343627214431763e-01
1.312366127967834473e-01
1.312212795019149780e-01
1.312020421028137207e-01
1.311737895011901855e-01
1.311514824628829956e-01
1.311334669589996338e-01
1.311317533254623413e-01
1.311358064413070679e-01
1.311571449041366577e-01
1.311717480421066284e-01
1.311993896961212158e-01
1.312055438756942749e-01
1.312209814786911011e-01
1.312102377414703369e-01
1.312138885259628296e-01
1.312034428119659424e-01
1.312242299318313599e-01
1.312439888715744019e-01
1.313288807868957520e-01
1.313911676406860352e-01
1.315886825323104858e-01
1.316606551408767700e-01
1.320044249296188354e-01
1.319760680198669434e-01
1.323886066675186157e-01
1.321378946304321289e-01
1.323970109224319458e-01
1.320096403360366821e-01
1.320305764675140381e-01
1.316948384046554565e-01
1.315945535898208618e-01
1.313806921243667603e-01
1.312783360481262207e-01
1.311756670475006104e-01
1.311214119195938110e-01
1.310872584581375122e-01
1.310729384422302246e-01
1.310720294713973999e-01
1.310818791389465332e-01
1.311035156250000000e-01
1.311286985874176025e-01
1.311702579259872437e-01
1.311997920274734497e-01
1.312586069107055664e-01
1.312814354896545410e-01
1.313623487949371338e-01
1.313753724098205566e-01
1.314879655838012695e-01
1.314834356307983398e-01
1.316218227148056030e-01
1.315805763006210327e-01
1.317151784896850586e-01
1.316222548484802246e-01
1.317148208618164062e-01
1.315819323062896729e-01
1.316164135932922363e-01
1.314800530672073364e-01
1.314727365970611572e-01
1.313647627830505371e-01
1.313428878784179688e-01
1.312718540430068970e-01
1.312524676322937012e-01
1.312102675437927246e-01
1.311969161033630371e-01
1.311719566583633423e-01
1.311637759208679199e-01
1.311490088701248169e-01
1.311445087194442749e-01
1.311351358890533447e-01
1.311314702033996582e-01
1.311233937740325928e-01
1.311180442571640015e-01
1.311090886592864990e-01
1.311021745204925537e-01
1.310935020446777344e-01
1.310874968767166138e-01
1.310808211565017700e-01
1.310778260231018066e-01
1.310747414827346802e-01
1.310753971338272095e-01
1.310773044824600220e-01
1.310854107141494751e-01
1.310945749282836914e-01
1.311151087284088135e-01
1.311354190111160278e-01
1.311799585819244385e-01
1.312173902988433838e-01
1.313091665506362915e-01
1.313677281141281128e-01
1.315468251705169678e-01
1.316094696521759033e-01
1.319144815206527710e-01
1.319056600332260132e-01
1.322906911373138428e-01
1.320973932743072510e-01
1.323762238025665283e-01
1.320236325263977051e-01
1.320750862360000610e-01
1.317335665225982666e-01
1.316456943750381470e-01
1.314215213060379028e-01
1.313285231590270996e-01
1.312260627746582031e-01
1.311859935522079468e-01
1.311602145433425903e-01
1.311575472354888916e-01
1.311636120080947876e-01
1.311710774898529053e-01
1.311915814876556396e-01
1.312003135681152344e-01
1.312379390001296997e-01
1.312441378831863403e-01
1.312960386276245117e-01
1.312914043664932251e-01
1.313495188951492310e-01
1.313331723213195801e-01
1.314004957675933838e-01
1.313837468624114990e-01
1.314705014228820801e-01
1.314549595117568970e-01
1.315597295761108398e-01
1.315272301435470581e-01
1.316299438476562500e-01
1.315620839595794678e-01
1.316399425268173218e-01
1.315396279096603394e-01
1.315788924694061279e-01
1.314628869295120239e-01
1.314622908830642700e-01
1.313545554876327515e-01
1.313289701938629150e-01
1.312470883131027222e-01
1.312176883220672607e-01
1.311669945716857910e-01
1.311468333005905151e-01
1.311200559139251709e-01
1.311105489730834961e-01
1.310976445674896240e-01
1.310948878526687622e-01
1.310891658067703247e-01
1.310905814170837402e-01
1.310885399580001831e-01
1.310936957597732544e-01
1.310944855213165283e-01
1.311033666133880615e-01
1.311063021421432495e-01
1.311206817626953125e-01
1.311266273260116577e-01
1.311503201723098755e-01
1.311616152524948120e-01
1.312013417482376099e-01
1.312198489904403687e-01
1.312864273786544800e-01
1.313116103410720825e-01
1.314203292131423950e-01
1.314440071582794189e-01
1.316064149141311646e-01
1.316054463386535645e-01
1.318144202232360840e-01
1.317505240440368652e-01
1.319568753242492676e-01
1.318082362413406372e-01
1.319439709186553955e-01
1.317408531904220581e-01
1.317804902791976929e-01
1.315867602825164795e-01
1.315650492906570435e-01
1.314232796430587769e-01
1.313883364200592041e-01
1.313040703535079956e-01
1.312769949436187744e-01
1.312286406755447388e-01
1.312045156955718994e-01
1.311702877283096313e-01
1.311445534229278564e-01
1.311180442571640015e-01
1.310965418815612793e-01
1.310803443193435669e-01
1.310691982507705688e-01
1.310638785362243652e-01
1.310611814260482788e-01
1.310646533966064453e-01
1.310696750879287720e-01
1.310829967260360718e-01
1.310972571372985840e-01
1.311245709657669067e-01
1.311493813991546631e-01
1.311972588300704956e-01
1.312321126461029053e-01
1.313126534223556519e-01
1.313565224409103394e-01
1.314912736415863037e-01
1.315328627824783325e-01
1.317400187253952026e-01
1.317382007837295532e-01
1.319970637559890747e-01
1.318853348493576050e-01
1.320991218090057373e-01
1.318634599447250366e-01
1.319353878498077393e-01
1.316678822040557861e-01
1.316178739070892334e-01
1.314139515161514282e-01
1.313300579786300659e-01
1.312135905027389526e-01
1.311538815498352051e-01
1.311039924621582031e-01
1.310792118310928345e-01
1.310675591230392456e-01
1.310676634311676025e-01
1.310774683952331543e-01
1.310955584049224854e-01
1.311245560646057129e-01
1.311583518981933594e-01
1.312145739793777466e-01
1.312596201896667480e-01
1.313466280698776245e-01
1.313804835081100464e-01
1.314814537763595581e-01
1.314648687839508057e-01
1.315414309501647949e-01
1.314675360918045044e-01
1.315179020166397095e-01
1.314403414726257324e-01
1.315110176801681519e-01
1.314675360918045044e-01
1.315773278474807739e-01
1.315367966890335083e-01
1.316434144973754883e-01
1.315627545118331909e-01
1.316197067499160767e-01
1.315037608146667480e-01
1.315094530582427979e-01
1.313986927270889282e-01
1.313899159431457520e-01
1.313127279281616211e-01
1.313136219978332520e-01
1.312645226716995239e-01
1.312718987464904785e-01
1.312330216169357300e-01
1.312338709831237793e-01
1.311967223882675171e-01
1.311896890401840210e-01
1.311587989330291748e-01
1.311535984277725220e-01
1.311365962028503418e-01
1.311424225568771362e-01
1.311391144990921021e-01
1.311573535203933716e-01
1.311621069908142090e-01
1.311906725168228149e-01
1.311974376440048218e-01
1.312385499477386475e-01
1.312465369701385498e-01
1.313064992427825928e-01
1.313142478466033936e-01
1.314014196395874023e-01
1.314018815755844116e-01
1.315185725688934326e-01
1.314957290887832642e-01
1.316282600164413452e-01
1.315647661685943604e-01
1.316833496093750000e-01
1.315774470567703247e-01
1.316534876823425293e-01
1.315272003412246704e-01
1.315556168556213379e-01
1.314380615949630737e-01
1.314357519149780273e-01
1.313437521457672119e-01
1.313304007053375244e-01
1.312680840492248535e-01
1.312567740678787231e-01
1.312179714441299438e-01
1.312125772237777710e-01
1.311888992786407471e-01
1.311878263950347900e-01
1.311729848384857178e-01
1.311743706464767456e-01
1.311639398336410522e-01
1.311693191528320312e-01
1.311626285314559937e-01
1.311709731817245483e-01
1.311659067869186401e-01
1.311771422624588013e-01
1.311730146408081055e-01
1.311882734298706055e-01
1.311872303485870361e-01
1.312131881713867188e-01
1.312189698219299316e-01
1.312661319971084595e-01
1.312807202339172363e-01
1.313616931438446045e-01
1.313807964324951172e-01
1.315092295408248901e-01
1.315152645111083984e-01
1.316905170679092407e-01
1.316492408514022827e-01
1.318353116512298584e-01
1.317175030708312988e-01
1.318507641553878784e-01
1.316707283258438110e-01
1.317126899957656860e-01
1.315262466669082642e-01
1.314985156059265137e-01
1.313531100749969482e-01
1.313039213418960571e-01
1.312132328748703003e-01
1.311744153499603271e-01
1.311269402503967285e-01
1.311052143573760986e-01
1.310833543539047241e-01
1.310736238956451416e-01
1.310651898384094238e-01
1.310621798038482666e-01
1.310602277517318726e-01
1.310618221759796143e-01
1.310644000768661499e-01
1.310689449310302734e-01
1.310751587152481079e-01
1.310816556215286255e-01
1.310899108648300171e-01
1.310974210500717163e-01
1.311075687408447266e-01
1.311154961585998535e-01
1.311266273260116577e-01
1.311340183019638062e-01
1.311451941728591919e-01
1.311513036489486694e-01
1.311609894037246704e-01
1.311638802289962769e-01
1.311708837747573853e-01
1.311698555946350098e-01
1.311742812395095825e-01
1.311697810888290405e-01
1.311756074428558350e-01
1.311723887920379639e-01
1.311920732259750366e-01
1.312011927366256714e-01
1.312603205442428589e-01
1.312986016273498535e-01
1.314418613910675049e-01
1.315196454524993896e-01
1.318147629499435425e-01
1.318974643945693970e-01
1.323902010917663574e-01
1.323280334472656250e-01
1.328780651092529297e-01
1.324879080057144165e-01
1.327381134033203125e-01
1.321536898612976074e-01
1.320257335901260376e-01
1.315864026546478271e-01
1.313803344964981079e-01
1.311844438314437866e-01
1.310901641845703125e-01
1.310551017522811890e-01
1.310699433088302612e-01
1.311255246400833130e-01
1.311976462602615356e-01
1.313150823116302490e-01
1.313855648040771484e-01
1.315373480319976807e-01
1.315428018569946289e-01
1.316848695278167725e-01
1.316000819206237793e-01
1.316873878240585327e-01
1.315451413393020630e-01
1.315586119890213013e-01
1.314107924699783325e-01
1.313700526952743530e-01
1.312537640333175659e-01
1.312010437250137329e-01
1.311315596103668213e-01
1.310961693525314331e-01
1.310640722513198853e-01
1.310469061136245728e-01
1.310346424579620361e-01
1.310277432203292847e-01
1.310256719589233398e-01
1.310279965400695801e-01
1.310344636440277100e-01
1.310444027185440063e-01
1.310585290193557739e-01
1.310711652040481567e-01
1.310909390449523926e-01
1.311036646366119385e-01
1.311320811510086060e-01
1.311476826667785645e-01
1.311906129121780396e-01
1.312097311019897461e-01
1.312741786241531372e-01
1.312944740056991577e-01
1.313874572515487671e-01
1.313994526863098145e-01
1.315235644578933716e-01
1.315100640058517456e-01
1.316537410020828247e-01
1.315944492816925049e-01
1.317259371280670166e-01
1.316156834363937378e-01
1.316988617181777954e-01
1.315594613552093506e-01
1.315835714340209961e-01
1.314481496810913086e-01
1.314301043748855591e-01
1.313217133283615112e-01
1.312879323959350586e-01
1.312129646539688110e-01
1.311816871166229248e-01
1.311353147029876709e-01
1.311134696006774902e-01
1.310870051383972168e-01
1.310739517211914062e-01
1.310604512691497803e-01
1.310544461011886597e-01
1.310478001832962036e-01
1.310462206602096558e-01
1.310444027185440063e-01
1.310453861951828003e-01
1.310463547706604004e-01
1.310503035783767700e-01
1.310535073280334473e-01
1.310611367225646973e-01
1.310673207044601440e-01
1.310820579528808594e-01
1.310943663120269775e-01
1.311226040124893188e-01
1.311436444520950317e-01
1.311978846788406372e-01
1.312315165996551514e-01
1.313325166702270508e-01
1.313777714967727661e-01
1.315534561872482300e-01
1.315898299217224121e-01
1.318549960851669312e-01
1.318240612745285034e-01
1.321284174919128418e-01
1.319648027420043945e-01
1.321853101253509521e-01
1.319058239459991455e-01
1.319607794284820557e-01
1.316749751567840576e-01
1.316158026456832886e-01
1.314158290624618530e-01
1.313427984714508057e-01
1.312411278486251831e-01
1.312007606029510498e-01
1.311605423688888550e-01
1.311432272195816040e-01
1.311300396919250488e-01
1.311237812042236328e-01
1.311289370059967041e-01
1.311338096857070923e-01
1.311592161655426025e-01
1.311719268560409546e-01
1.312126964330673218e-01
1.312247216701507568e-01
1.312733590602874756e-01
1.312799453735351562e-01
1.313353478908538818e-01
1.313375830650329590e-01
1.314058452844619751e-01
1.314017027616500854e-01
1.314885765314102173e-01
1.314718723297119141e-01
1.315782219171524048e-01
1.315389871597290039e-01
1.316571235656738281e-01
1.315802633762359619e-01
1.316859126091003418e-01
1.315630674362182617e-01
1.316203474998474121e-01
1.314719021320343018e-01
1.314695477485656738e-01
1.313378214836120605e-01
1.313022971153259277e-01
1.312115937471389771e-01
1.311739683151245117e-01
1.311213076114654541e-01
1.310948133468627930e-01
1.310676187276840210e-01
1.310529708862304688e-01
1.310404837131500244e-01
1.310342252254486084e-01
1.310292482376098633e-01
1.310269981622695923e-01
1.310253292322158813e-01
1.310247182846069336e-01
1.310240328311920166e-01
1.310241520404815674e-01
1.310243457555770874e-01
1.310250163078308105e-01
1.310259401798248291e-01
1.310280114412307739e-01
1.310300379991531372e-01
1.310337185859680176e-01
1.310379356145858765e-01
1.310458034276962280e-01
1.310542523860931396e-01
1.310707479715347290e-01
1.310866475105285645e-01
1.311214119195938110e-01
1.311512589454650879e-01
1.312234401702880859e-01
1.312737911939620972e-01
1.314195096492767334e-01
1.314848363399505615e-01
1.317502856254577637e-01
1.317808032035827637e-01
1.321659982204437256e-01
1.320517361164093018e-01
1.324175149202346802e-01
1.321088075637817383e-01
1.322716772556304932e-01
1.318944096565246582e-01
1.318569779396057129e-01
1.315636634826660156e-01
1.314693391323089600e-01
1.313207000494003296e-01
1.312794983386993408e-01
1.312443614006042480e-01
1.312545835971832275e-01
1.312635093927383423e-01
1.312689334154129028e-01
1.312778145074844360e-01
1.312567591667175293e-01
1.312682032585144043e-01
1.312402188777923584e-01
1.312617510557174683e-01
1.312417536973953247e-01
1.312693059444427490e-01
1.312571913003921509e-01
1.312998831272125244e-01
1.313062906265258789e-01
1.313906908035278320e-01
1.314090937376022339e-01
1.315285116434097290e-01
1.315172314643859863e-01
1.316332072019577026e-01
1.315681487321853638e-01
1.316614598035812378e-01
1.315491497516632080e-01
1.316100060939788818e-01
1.314701139926910400e-01
1.314842104911804199e-01
1.313499808311462402e-01
1.313257813453674316e-01
1.312277615070343018e-01
1.311947703361511230e-01
1.311381161212921143e-01
1.311134845018386841e-01
1.310836225748062134e-01
1.310677975416183472e-01
1.310507953166961670e-01
1.310401260852813721e-01
1.310309469699859619e-01
1.310252845287322998e-01
1.310211420059204102e-01
1.310187578201293945e-01
1.310164332389831543e-01
1.310145556926727295e-01
1.310128718614578247e-01
1.310117840766906738e-01
1.310109645128250122e-01
1.310113221406936646e-01
1.310119032859802246e-01
1.310128420591354370e-01
1.310141235589981079e-01
1.310154497623443604e-01
1.310166865587234497e-01
1.310189515352249146e-01
1.310214847326278687e-01
1.310258358716964722e-01
1.310309618711471558e-01
1.310405135154724121e-01
1.310510337352752686e-01
1.310715973377227783e-01
1.310933232307434082e-01
1.311403810977935791e-01
1.311848461627960205e-01
1.312912255525588989e-01
1.313712745904922485e-01
1.316044479608535767e-01
1.317084878683090210e-01
1.321497410535812378e-01
1.321593225002288818e-01
1.327511370182037354e-01
1.324461400508880615e-01
1.328348517417907715e-01
1.322656720876693726e-01
1.322458833456039429e-01
1.317475289106369019e-01
1.315524429082870483e-01
1.312937140464782715e-01
1.311713010072708130e-01
1.311000287532806396e-01
1.310812532901763916e-01
1.310921311378479004e-01
1.311192363500595093e-01
1.311773061752319336e-01
1.312303692102432251e-01
1.313534080982208252e-01
1.314021944999694824e-01
1.315747350454330444e-01
1.315533667802810669e-01
1.317023932933807373e-01
1.315897703170776367e-01
1.316575109958648682e-01
1.315097659826278687e-01
1.315071433782577515e-01
1.313754022121429443e-01
1.313358992338180542e-01
1.312369704246520996e-01
1.311917901039123535e-01
1.311342567205429077e-01
1.311098635196685791e-01
1.310905814170837402e-01
1.310924589633941650e-01
1.310960799455642700e-01
1.311091780662536621e-01
1.311206519603729248e-01
1.311318427324295044e-01
1.311410069465637207e-01
1.311428695917129517e-01
1.311419159173965454e-01
1.311280429363250732e-01
1.311134397983551025e-01
1.310892701148986816e-01
1.310726851224899292e-01
1.310572773218154907e-01
1.310569345951080322e-01
1.310613602399826050e-01
1.310822516679763794e-01
1.311018019914627075e-01
1.311423927545547485e-01
1.311692595481872559e-01
1.312348693609237671e-01
1.312630772590637207e-01
1.313677430152893066e-01
1.313899457454681396e-01
1.315471231937408447e-01
1.315455436706542969e-01
1.317514330148696899e-01
1.317009776830673218e-01
1.319189369678497314e-01
1.317956149578094482e-01
1.319592595100402832e-01
1.317653805017471313e-01
1.318238228559494019e-01
1.316063553094863892e-01
1.315723359584808350e-01
1.313937157392501831e-01
1.313275843858718872e-01
1.312130689620971680e-01
1.311592459678649902e-01
1.310988962650299072e-01
1.310683786869049072e-01
1.310428231954574585e-01
1.310320794582366943e-01
1.310268938541412354e-01
1.310265809297561646e-01
1.310275644063949585e-01
1.310280561447143555e-01
1.310280114412307739e-01
1.310267001390457153e-01
1.310258507728576660e-01
1.310257315635681152e-01
1.310286819934844971e-01
1.310325264930725098e-01
1.310420185327529907e-01
1.310514956712722778e-01
1.310703903436660767e-01
1.310871988534927368e-01
1.311225444078445435e-01
1.311488747596740723e-01
1.312146484851837158e-01
1.312502920627593994e-01
1.313661336898803711e-01
1.314007043838500977e-01
1.315832585096359253e-01
1.315858662128448486e-01
1.318244934082031250e-01
1.317519396543502808e-01
1.319860965013504028e-01
1.318215727806091309e-01
1.319749504327774048e-01
1.317542195320129395e-01
1.317997276782989502e-01
1.315873861312866211e-01
1.315655559301376343e-01
1.314154565334320068e-01
1.313889175653457642e-01
1.313101947307586670e-01
1.313062608242034912e-01
1.312736570835113525e-01
1.312828809022903442e-01
1.312694400548934937e-01
1.312704682350158691e-01
1.312535107135772705e-01
1.312252581119537354e-01
1.311864852905273438e-01
1.311336457729339600e-01
1.310855895280838013e-01
1.310437023639678955e-01
1.310217082500457764e-01
1.310200095176696777e-01
1.310384869575500488e-01
1.310669928789138794e-01
1.311050057411193848e-01
1.311307847499847412e-01
1.311615407466888428e-01
1.311673671007156372e-01
1.311927586793899536e-01
1.311949193477630615e-01
1.312470585107803345e-01
1.312731206417083740e-01
1.313927769660949707e-01
1.314373463392257690e-01
1.316455602645874023e-01
1.316549777984619141e-01
1.319248527288436890e-01
1.318255960941314697e-01
1.320603191852569580e-01
1.318426728248596191e-01
1.319509744644165039e-01
1.316939592361450195e-01
1.316817998886108398e-01
1.314677149057388306e-01
1.314028799533843994e-01
1.312635391950607300e-01
1.312020719051361084e-01
1.311255693435668945e-01
1.310842484235763550e-01
1.310455650091171265e-01
1.310218721628189087e-01
1.310061067342758179e-01
1.309990435838699341e-01
1.309991329908370972e-01
1.310049593448638916e-01
1.310151517391204834e-01
1.310270726680755615e-01
1.310428828001022339e-01
1.310567259788513184e-01
1.310793906450271606e-01
1.310973763465881348e-01
1.311341226100921631e-01
1.311591714620590210e-01
1.312219202518463135e-01
1.312551051378250122e-01
1.313597708940505981e-01
1.313934922218322754e-01
1.315560489892959595e-01
1.315624862909317017e-01
1.317738741636276245e-01
1.317036747932434082e-01
1.319008767604827881e-01
1.317293345928192139e-01
1.318304240703582764e-01
1.316113024950027466e-01
1.316053569316864014e-01
1.314179748296737671e-01
1.313626319169998169e-01
1.312397122383117676e-01
1.311858147382736206e-01
1.311190724372863770e-01
1.310851126909255981e-01
1.310547590255737305e-01
1.310379505157470703e-01
1.310248970985412598e-01
1.310177892446517944e-01
1.310132145881652832e-01
1.310115307569503784e-01
1.310112923383712769e-01
1.310129016637802124e-01
1.310170739889144897e-01
1.310210973024368286e-01
1.310286670923233032e-01
1.310349106788635254e-01
1.310471743345260620e-01
1.310561299324035645e-01
1.310767233371734619e-01
1.310911029577255249e-01
1.311270296573638916e-01
1.311491578817367554e-01
1.312128007411956787e-01
1.312437802553176880e-01
1.313530951738357544e-01
1.313863992691040039e-01
1.315596699714660645e-01
1.315682381391525269e-01
1.318013072013854980e-01
1.317365020513534546e-01
1.319718062877655029e-01
1.318047642707824707e-01
1.319580972194671631e-01
1.317314058542251587e-01
1.317758411169052124e-01
1.315652430057525635e-01
1.315464824438095093e-01
1.313996016979217529e-01
1.313767731189727783e-01
1.312990784645080566e-01
1.312965750694274902e-01
1.312623620033264160e-01
1.312631517648696899e-01
1.312347352504730225e-01
1.312114745378494263e-01
1.311691701412200928e-01
1.311255544424057007e-01
1.310839504003524780e-01
1.310499757528305054e-01
1.310274004936218262e-01
1.310156732797622681e-01
1.310127675533294678e-01
1.310162544250488281e-01
1.310267895460128784e-01
1.310404092073440552e-01
1.310621201992034912e-01
1.310815066099166870e-01
1.311114728450775146e-01
1.311309784650802612e-01
1.311705857515335083e-01
1.311915814876556396e-01
1.312550008296966553e-01
1.312877833843231201e-01
1.314083784818649292e-01
1.314521282911300659e-01
1.316664665937423706e-01
1.316761523485183716e-01
1.319690942764282227e-01
1.318564862012863159e-01
1.321117281913757324e-01
1.318601816892623901e-01
1.319583058357238770e-01
1.316777467727661133e-01
1.316427588462829590e-01
1.314285546541213989e-01
1.313523501157760620e-01
1.312284171581268311e-01
1.311743408441543579e-01
1.311236917972564697e-01
1.311033964157104492e-01
1.310893297195434570e-01
1.310837119817733765e-01
1.310764998197555542e-01
1.310717463493347168e-01
1.310685276985168457e-01
1.310705244541168213e-01
1.310840249061584473e-01
1.310956776142120361e-01
1.311250925064086914e-01
1.311358511447906494e-01
1.311763525009155273e-01
1.311863660812377930e-01
1.312467455863952637e-01
1.312662065029144287e-01
1.313627809286117554e-01
1.313881725072860718e-01
1.315283179283142090e-01
1.315340250730514526e-01
1.317086368799209595e-01
1.316590309143066406e-01
1.318333297967910767e-01
1.317017972469329834e-01
1.318143606185913086e-01
1.316190659999847412e-01
1.316328197717666626e-01
1.314407587051391602e-01
1.313897073268890381e-01
1.312526464462280273e-01
1.311917603015899658e-01
1.311134845018386841e-01
1.310715228319168091e-01
1.310340464115142822e-01
1.310128271579742432e-01
1.309983581304550171e-01
1.309913545846939087e-01
1.309887170791625977e-01
1.309892535209655762e-01
1.309924274682998657e-01
1.309968829154968262e-01
1.310031265020370483e-01
1.310100257396697998e-01
1.310198754072189331e-01
1.310297548770904541e-01
1.310453563928604126e-01
1.310599446296691895e-01
1.310875266790390015e-01
1.311089545488357544e-01
1.311568319797515869e-01
1.311879158020019531e-01
1.312715560197830200e-01
1.313099265098571777e-01
1.314494907855987549e-01
1.314788758754730225e-01
1.316834986209869385e-01
1.316636651754379272e-01
1.319014877080917358e-01
1.317847967147827148e-01
1.319721341133117676e-01
1.317637413740158081e-01
1.318371593952178955e-01
1.316097676753997803e-01
1.315911412239074707e-01
1.314167529344558716e-01
1.313753426074981689e-01
1.312764734029769897e-01
1.312579512596130371e-01
1.312215924263000488e-01
1.312291175127029419e-01
1.312261968851089478e-01
1.312355101108551025e-01
1.312348395586013794e-01
1.312188208103179932e-01
1.312007009983062744e-01
1.311612576246261597e-01
1.311332732439041138e-01
1.311007738113403320e-01
1.310868114233016968e-01
1.310802698135375977e-01
1.310952752828598022e-01
1.311155855655670166e-01
1.311654150485992432e-01
1.312007755041122437e-01
1.312771141529083252e-01
1.313039213418960571e-01
1.313961744308471680e-01
1.314013898372650146e-01
1.315175294876098633e-01
1.315024495124816895e-01
1.316637247800827026e-01
1.316095739603042603e-01
1.317952126264572144e-01
1.316594034433364868e-01
1.317865699529647827e-01
1.315787732601165771e-01
1.315935254096984863e-01
1.313964724540710449e-01
1.313441842794418335e-01
1.312165409326553345e-01
1.311638057231903076e-01
1.310990452766418457e-01
1.310680061578750610e-01
1.310392767190933228e-01
1.310246288776397705e-01
1.310131847858428955e-01
1.310075521469116211e-01
1.310030817985534668e-01
1.310000866651535034e-01
1.309973001480102539e-01
1.309947818517684937e-01
1.309925466775894165e-01
1.309909373521804810e-01
1.309904754161834717e-01
1.309915632009506226e-01
1.309943646192550659e-01
1.309985816478729248e-01
1.310058087110519409e-01
1.310137361288070679e-01
1.310275048017501831e-01
1.310411989688873291e-01
1.310676932334899902e-01
1.310919076204299927e-01
1.311450600624084473e-01
1.311859488487243652e-01
1.312923878431320190e-01
1.313533186912536621e-01
1.315544545650482178e-01
1.316113620996475220e-01
1.319364607334136963e-01
1.319039016962051392e-01
1.322836279869079590e-01
1.320582330226898193e-01
1.323001235723495483e-01
1.319347321987152100e-01
1.319489926099777222e-01
1.316171139478683472e-01
1.315138787031173706e-01
1.313100904226303101e-01
1.312206536531448364e-01
1.311377584934234619e-01
1.311060190200805664e-01
1.310902088880538940e-01
1.310912370681762695e-01
1.310952007770538330e-01
1.311013102531433105e-01
1.311154961585998535e-01
1.311282664537429810e-01
1.311725229024887085e-01
1.311920732259750366e-01
1.312678158283233643e-01
1.312696337699890137e-01
1.313542574644088745e-01
1.313300728797912598e-01
1.314171552658081055e-01
1.313904523849487305e-01
1.314891874790191650e-01
1.314580589532852173e-01
1.315537691116333008e-01
1.314909160137176514e-01
1.315582394599914551e-01
1.314672529697418213e-01
1.315048187971115112e-01
1.314085125923156738e-01
1.314237266778945923e-01
1.313296854496002197e-01
1.313206851482391357e-01
1.312369853258132935e-01
1.312147229909896851e-01
1.311563849449157715e-01
1.311394572257995605e-01
1.311081796884536743e-01
1.310996115207672119e-01
1.310823559761047363e-01
1.310766488313674927e-01
1.310643553733825684e-01
1.310603171586990356e-01
1.310517042875289917e-01
1.310511082410812378e-01
1.310457289218902588e-01
1.310488283634185791e-01
1.310454756021499634e-01
1.310519725084304810e-01
1.310519874095916748e-01
1.310661286115646362e-01
1.310741752386093140e-01
1.311033964157104492e-01
1.311231255531311035e-01
1.311766207218170166e-01
1.312083005905151367e-01
1.313014924526214600e-01
1.313417851924896240e-01
1.314947605133056641e-01
1.315245479345321655e-01
1.317473798990249634e-01
1.317191570997238159e-01
1.319699585437774658e-01
1.318297386169433594e-01
1.320094615221023560e-01
1.317721605300903320e-01
1.318159550428390503e-01
1.315702944993972778e-01
1.315149664878845215e-01
1.313327848911285400e-01
1.312548965215682983e-01
1.311494410037994385e-01
1.310946196317672729e-01
1.310463249683380127e-01
1.310210675001144409e-01
1.310058534145355225e-01
1.310011744499206543e-01
1.310042589902877808e-01
1.310125142335891724e-01
1.310268640518188477e-01
1.310427486896514893e-01
1.310669034719467163e-01
1.310863792896270752e-01
1.311193108558654785e-01
1.311381012201309204e-01
1.311805099248886108e-01
1.311960369348526001e-01
1.312516629695892334e-01
1.312609165906906128e-01
1.313348263502120972e-01
1.313351094722747803e-01
1.314334273338317871e-01
1.314186304807662964e-01
1.315432488918304443e-01
1.314994096755981445e-01
1.316355317831039429e-01
1.315482854843139648e-01
1.316640675067901611e-01
1.315354108810424805e-01
1.316021382808685303e-01
1.314596533775329590e-01
1.314769983291625977e-01
1.313542425632476807e-01
1.313447952270507812e-01
1.312569677829742432e-01
1.312421709299087524e-01
1.311861276626586914e-01
1.311750710010528564e-01
1.311406493186950684e-01
1.311339437961578369e-01
1.311121433973312378e-01
1.311073154211044312e-01
1.310919821262359619e-01
1.310881674289703369e-01
1.310763508081436157e-01
1.310734897851943970e-01
1.310644000768661499e-01
1.310646981000900269e-01
1.310589015483856201e-01
1.310629397630691528e-01
1.310616880655288696e-01
1.310722976922988892e-01
1.310777217149734497e-01
1.311002075672149658e-01
1.311158537864685059e-01
1.311616152524948120e-01
1.311902999877929688e-01
1.312773376703262329e-01
1.313177496194839478e-01
1.314707845449447632e-01
1.315023005008697510e-01
1.317334324121475220e-01
1.317031234502792358e-01
1.319668442010879517e-01
1.318165063858032227e-01
1.320042610168457031e-01
1.317561566829681396e-01
1.318010836839675903e-01
1.315526217222213745e-01
1.315000504255294800e-01
1.313212960958480835e-01
1.312512606382369995e-01
1.311529427766799927e-01
1.311086714267730713e-01
1.310676932334899902e-01
1.310504972934722900e-01
1.310382783412933350e-01
1.310350000858306885e-01
1.310349553823471069e-01
1.310371756553649902e-01
1.310447454452514648e-01
1.310505867004394531e-01
1.310663074254989624e-01
1.310745477676391602e-01
1.310983151197433472e-01
1.311057657003402710e-01
1.311377286911010742e-01
1.311417818069458008e-01
1.311845183372497559e-01
1.311877071857452393e-01
1.312496066093444824e-01
1.312556266784667969e-01
1.313481777906417847e-01
1.313553452491760254e-01
1.314858645200729370e-01
1.314795464277267456e-01
1.316435784101486206e-01
1.315979361534118652e-01
1.317679435014724731e-01
1.316615641117095947e-01
1.317923665046691895e-01
1.316333413124084473e-01
1.316926926374435425e-01
1.315219551324844360e-01
1.315173804759979248e-01
1.313753277063369751e-01
1.313395947217941284e-01
1.312399059534072876e-01
1.311988383531570435e-01
1.311348974704742432e-01
1.311001777648925781e-01
1.310615539550781250e-01
1.310372501611709595e-01
1.310156881809234619e-01
1.310023665428161621e-01
1.309922933578491211e-01
1.309875845909118652e-01
1.309850811958312988e-01
1.309861242771148682e-01
1.309892833232879639e-01
1.309941709041595459e-01
1.310020387172698975e-01
1.310110688209533691e-01
1.310239732265472412e-01
1.310374438762664795e-01
1.310577839612960815e-01
1.310755163431167603e-01
1.311050057411193848e-01
1.311262845993041992e-01
1.311692446470260620e-01
1.311919838190078735e-01
1.312575489282608032e-01
1.312792450189590454e-01
1.313863694667816162e-01
1.314063966274261475e-01
1.315865665674209595e-01
1.315891593694686890e-01
1.318597197532653809e-01
1.317937076091766357e-01
1.320962756872177124e-01
1.319118291139602661e-01
1.321235597133636475e-01
1.318524032831192017e-01
1.319094449281692505e-01
1.316398531198501587e-01
1.315860897302627563e-01
1.313875913619995117e-01
1.313077807426452637e-01
1.311937421560287476e-01
1.311352849006652832e-01
1.310778558254241943e-01
1.310446411371231079e-01
1.310201287269592285e-01
1.310101300477981567e-01
1.310097128152847290e-01
1.310159415006637573e-01
1.310276538133621216e-01
1.310357302427291870e-01
1.310457736253738403e-01
1.310486197471618652e-01
1.310592293739318848e-01
1.310653835535049438e-01
1.310912519693374634e-01
1.311114430427551270e-01
1.311671137809753418e-01
1.312011629343032837e-01
1.312970668077468872e-01
1.313324868679046631e-01
1.314804852008819580e-01
1.314913779497146606e-01
1.316850781440734863e-01
1.316291689872741699e-01
1.318184882402420044e-01
1.316732168197631836e-01
1.317869722843170166e-01
1.315944045782089233e-01
1.316154152154922485e-01
1.314400136470794678e-01
1.314059346914291382e-01
1.312780827283859253e-01
1.312299966812133789e-01
1.311486065387725830e-01
1.311084628105163574e-01
1.310622096061706543e-01
1.310364305973052979e-01
1.310131102800369263e-01
1.309990584850311279e-01
1.309884786605834961e-01
1.309830695390701294e-01
1.309796124696731567e-01
1.309787482023239136e-01
1.309790313243865967e-01
1.309803277254104614e-01
1.309812963008880615e-01
1.309826821088790894e-01
1.309835016727447510e-01
1.309837698936462402e-01
1.309843659400939941e-01
1.309850513935089111e-01
1.309859305620193481e-01
1.309870481491088867e-01
1.309889554977416992e-01
1.309911310672760010e-01
1.309953182935714722e-01
1.309996247291564941e-01
1.310070157051086426e-01
1.310151219367980957e-01
1.310276538133621216e-01
1.310407221317291260e-01
1.310621798038482666e-01
1.310828626155853271e-01
1.311160624027252197e-01
1.311436146497726440e-01
1.311914026737213135e-01
1.312197297811508179e-01
1.312787383794784546e-01
1.312899291515350342e-01
1.313526183366775513e-01
1.313350647687911987e-01
1.314144432544708252e-01
1.313971281051635742e-01
1.315618455410003662e-01
1.316050738096237183e-01
1.319755464792251587e-01
1.320556402206420898e-01
1.326962709426879883e-01
1.325656920671463013e-01
1.332107037305831909e-01
1.326171308755874634e-01
1.327523142099380493e-01
1.320210695266723633e-01
1.317491531372070312e-01
1.313217878341674805e-01
1.311164498329162598e-01
1.310070604085922241e-01
1.310018599033355713e-01
1.310650855302810669e-01
1.311578750610351562e-01
1.312971264123916626e-01
1.313798576593399048e-01
1.315601915121078491e-01
1.315613687038421631e-01
1.317458003759384155e-01
1.316302269697189331e-01
1.317342221736907959e-01
1.315353810787200928e-01
1.315140128135681152e-01
1.313207149505615234e-01
1.312341988086700439e-01
1.311099827289581299e-01
1.310426294803619385e-01
1.309937238693237305e-01
1.309723109006881714e-01
1.309691071510314941e-01
1.309782266616821289e-01
1.309962868690490723e-01
1.310183852910995483e-01
1.310511529445648193e-01
1.310746818780899048e-01
1.311181783676147461e-01
1.311328560113906860e-01
1.311818361282348633e-01
1.311848461627960205e-01
1.312364637851715088e-01
1.312289386987686157e-01
1.312807947397232056e-01
1.312608718872070312e-01
1.313066333532333374e-01
1.312727630138397217e-01
1.313093900680541992e-01
1.312648057937622070e-01
1.312921941280364990e-01
1.312422305345535278e-01
1.312593817710876465e-01
1.312092542648315430e-01
1.312177330255508423e-01
1.311739087104797363e-01
1.311780214309692383e-01
1.311438381671905518e-01
1.311479061841964722e-01
1.311232894659042358e-01
1.311302036046981812e-01
1.311139464378356934e-01
1.311262249946594238e-01
1.311168372631072998e-01
1.311370730400085449e-01
1.311326026916503906e-01
1.311615109443664551e-01
1.311596482992172241e-01
1.311974376440048218e-01
1.311951130628585815e-01
1.312409490346908569e-01
1.312345713376998901e-01
1.312874555587768555e-01
1.312734484672546387e-01
1.313341706991195679e-01
1.313121020793914795e-01
1.313833892345428467e-01
1.313527822494506836e-01
1.314371228218078613e-01
1.313951164484024048e-01
1.314867138862609863e-01
1.314272880554199219e-01
1.315116435289382935e-01
1.314314454793930054e-01
1.314923465251922607e-01
1.313985139131546021e-01
1.314285695552825928e-01
1.313346177339553833e-01
1.313387304544448853e-01
1.312567740678787231e-01
1.312467902898788452e-01
1.311834752559661865e-01
1.311700642108917236e-01
1.311253607273101807e-01
1.311153173446655273e-01
1.310859620571136475e-01
1.310812681913375854e-01
1.310639977455139160e-01
1.310659795999526978e-01
1.310571283102035522e-01
1.310663223266601562e-01
1.310638934373855591e-01
1.310805678367614746e-01
1.310838311910629272e-01
1.311111599206924438e-01
1.311190426349639893e-01
1.311621069908142090e-01
1.311745196580886841e-01
1.312389671802520752e-01
1.312520653009414673e-01
1.313444972038269043e-01
1.313501149415969849e-01
1.314713954925537109e-01
1.314541399478912354e-01
1.315923631191253662e-01
1.315352171659469604e-01
1.316636055707931519e-01
1.315592676401138306e-01
1.316475421190261841e-01
1.315116286277770996e-01
1.315465867519378662e-01
1.314099729061126709e-01
1.314053982496261597e-01
1.312927156686782837e-01
1.312714070081710815e-01
1.311920732259750366e-01
1.311693340539932251e-01
1.311184316873550415e-01
1.311008185148239136e-01
1.310691833496093750e-01
1.310572773218154907e-01
1.310381442308425903e-01
1.310310959815979004e-01
1.310203671455383301e-01
1.310179084539413452e-01
1.310127228498458862e-01
1.310145258903503418e-01
1.310135722160339355e-01
1.310200691223144531e-01
1.310227364301681519e-01
1.310362368822097778e-01
1.310442686080932617e-01
1.310691535472869873e-01
1.310838460922241211e-01
1.311275362968444824e-01
1.311494708061218262e-01
1.312238723039627075e-01
1.312511861324310303e-01
1.313710063695907593e-01
1.313913464546203613e-01
1.315631568431854248e-01
1.315474659204483032e-01
1.317510753870010376e-01
1.316644549369812012e-01
1.318420767784118652e-01
1.316777765750885010e-01
1.317725330591201782e-01
1.315754950046539307e-01
1.315859407186508179e-01
1.314162760972976685e-01
1.313915997743606567e-01
1.312847584486007690e-01
1.312749534845352173e-01
1.312320828437805176e-01
1.312553286552429199e-01
1.312558799982070923e-01
1.312911063432693481e-01
1.312937587499618530e-01
1.312915980815887451e-01
1.312546879053115845e-01
1.311958730220794678e-01
1.311288028955459595e-01
1.310651451349258423e-01
1.310187131166458130e-01
1.309931278228759766e-01
1.309872418642044067e-01
1.309957206249237061e-01
1.310191005468368530e-01
1.310449540615081787e-01
1.310798972845077515e-01
1.311006247997283936e-01
1.311299949884414673e-01
1.311314105987548828e-01
1.311554163694381714e-01
1.311565190553665161e-01
1.312083750963211060e-01
1.312383115291595459e-01
1.313656121492385864e-01
1.314096301794052124e-01
1.316312849521636963e-01
1.316176950931549072e-01
1.318793147802352905e-01
1.317445337772369385e-01
1.319395303726196289e-01
1.317291110754013062e-01
1.318158209323883057e-01
1.316054612398147583e-01
1.316065192222595215e-01
1.314279735088348389e-01
1.313828229904174805e-01
1.312608718872070312e-01
1.312152892351150513e-01
1.311446428298950195e-01
1.311077922582626343e-01
1.310627758502960205e-01
1.310318112373352051e-01
1.310050785541534424e-01
1.309900134801864624e-01
1.309835910797119141e-01
1.309847682714462280e-01
1.309873610734939575e-01
1.309886574745178223e-01
1.309871077537536621e-01
1.309819668531417847e-01
1.309773176908493042e-01
1.309735476970672607e-01
1.309726089239120483e-01
1.309732943773269653e-01
1.309765577316284180e-01
1.309804469347000122e-01
1.309882700443267822e-01
1.309974044561386108e-01
1.310160607099533081e-01
1.310361325740814209e-01
1.310773342847824097e-01
1.311116069555282593e-01
1.311939358711242676e-01
1.312436312437057495e-01
1.313981860876083374e-01
1.314553767442703247e-01
1.317178905010223389e-01
1.317387521266937256e-01
1.321005970239639282e-01
1.319915950298309326e-01
1.323272734880447388e-01
1.320334076881408691e-01
1.321713477373123169e-01
1.317979544401168823e-01
1.317343264818191528e-01
1.314454227685928345e-01
1.313260793685913086e-01
1.311728358268737793e-01
1.310924291610717773e-01
1.310290396213531494e-01
1.309934705495834351e-01
1.309765577316284180e-01
1.309781968593597412e-01
1.309991478919982910e-01
1.310313642024993896e-01
1.310872882604598999e-01
1.311296224594116211e-01
1.312134563922882080e-01
1.312435567378997803e-01
1.313489824533462524e-01
1.313539743423461914e-01
1.314730495214462280e-01
1.314440369606018066e-01
1.315561532974243164e-01
1.314835697412490845e-01
1.315612643957138062e-01
1.314508914947509766e-01
1.314808726310729980e-01
1.313589066267013550e-01
1.313531398773193359e-01
1.312474608421325684e-01
1.312258541584014893e-01
1.311496049165725708e-01
1.311258375644683838e-01
1.310761719942092896e-01
1.310557276010513306e-01
1.310259699821472168e-01
1.310120373964309692e-01
1.309962719678878784e-01
1.309879571199417114e-01
1.309799998998641968e-01
1.309752911329269409e-01
1.309708058834075928e-01
1.309686750173568726e-01
1.309666484594345093e-01
1.309670954942703247e-01
1.309678554534912109e-01
1.309708654880523682e-01
1.309740990400314331e-01
1.309809684753417969e-01
1.309869736433029175e-01
1.309991776943206787e-01
1.310103088617324829e-01
1.310328841209411621e-01
1.310524046421051025e-01
1.310945600271224976e-01
1.311278045177459717e-01
1.312073320150375366e-01
1.312564760446548462e-01
1.314016133546829224e-01
1.314566880464553833e-01
1.316984593868255615e-01
1.317124664783477783e-01
1.320377141237258911e-01
1.319239139556884766e-01
1.322204768657684326e-01
1.319418102502822876e-01
1.320687234401702881e-01
1.317301392555236816e-01
1.316884756088256836e-01
1.314219683408737183e-01
1.313251554965972900e-01
1.311757117509841919e-01
1.311086565256118774e-01
1.310489922761917114e-01
1.310228407382965088e-01
1.310070455074310303e-01
1.310010403394699097e-01
1.309999525547027588e-01
1.310027092695236206e-01
1.310125589370727539e-01
1.310250908136367798e-01
1.310524642467498779e-01
1.310726106166839600e-01
1.311205625534057617e-01
1.311414837837219238e-01
1.312129497528076172e-01
1.312301605939865112e-01
1.313312649726867676e-01
1.313414126634597778e-01
1.314770579338073730e-01
1.314650774002075195e-01
1.316210776567459106e-01
1.315621584653854370e-01
1.317006349563598633e-01
1.315813660621643066e-01
1.316600292921066284e-01
1.315033286809921265e-01
1.315140128135681152e-01
1.313654333353042603e-01
1.313347369432449341e-01
1.312250494956970215e-01
1.311854124069213867e-01
1.311161965131759644e-01
1.310840547084808350e-01
1.310450732707977295e-01
1.310254037380218506e-01
1.310068368911743164e-01
1.309993565082550049e-01
1.309947967529296875e-01
1.309962123632431030e-01
1.309995204210281372e-01
1.310061216354370117e-01
1.310139447450637817e-01
1.310224533081054688e-01
1.310332715511322021e-01
1.310419887304306030e-01
1.310533881187438965e-01
1.310584843158721924e-01
1.310658901929855347e-01
1.310631334781646729e-01
1.310623586177825928e-01
1.310503035783767700e-01
1.310432106256484985e-01
1.310282200574874878e-01
1.310214549303054810e-01
1.310122609138488770e-01
1.310157179832458496e-01
1.310189813375473022e-01
1.310397982597351074e-01
1.310587674379348755e-01
1.311082243919372559e-01
1.311459392309188843e-01
1.312493085861206055e-01
1.313089579343795776e-01
1.315084993839263916e-01
1.315736919641494751e-01
1.319128572940826416e-01
1.319065243005752563e-01
1.323445737361907959e-01
1.321389973163604736e-01
1.324736177921295166e-01
1.320698857307434082e-01
1.321358382701873779e-01
1.317271590232849121e-01
1.316155195236206055e-01
1.313566118478775024e-01
1.312412619590759277e-01
1.311261802911758423e-01
1.310623288154602051e-01
1.310147047042846680e-01
1.309871077537536621e-01
1.309793144464492798e-01
1.309935301542282104e-01
1.310361623764038086e-01
1.310844868421554565e-01
1.311684399843215942e-01
1.312140375375747681e-01
1.313190013170242310e-01
1.313361376523971558e-01
1.314548999071121216e-01
1.314364969730377197e-01
1.315591037273406982e-01
1.314952522516250610e-01
1.315889358520507812e-01
1.314763128757476807e-01
1.315132826566696167e-01
1.313790380954742432e-01
1.313698440790176392e-01
1.312527656555175781e-01
1.312258839607238770e-01
1.311435550451278687e-01
1.311162412166595459e-01
1.310647428035736084e-01
1.310428082942962646e-01
1.310138404369354248e-01
1.309999525547027588e-01
1.309870928525924683e-01
1.309812217950820923e-01
1.309768706560134888e-01
1.309750080108642578e-01
1.309730857610702515e-01
1.309724152088165283e-01
1.309725791215896606e-01
1.309733539819717407e-01
1.309762001037597656e-01
1.309782564640045166e-01
1.309825778007507324e-01
1.309854984283447266e-01
1.309911012649536133e-01
1.309943795204162598e-01
1.310018002986907959e-01
1.310062706470489502e-01
1.310176998376846313e-01
1.310242414474487305e-01
1.310430169105529785e-01
1.310531049966812134e-01
1.310849487781524658e-01
1.311005353927612305e-01
1.311579197645187378e-01
1.311835348606109619e-01
1.312882453203201294e-01
1.313259452581405640e-01
1.315111964941024780e-01
1.315453946590423584e-01
1.318356692790985107e-01
1.318106204271316528e-01
1.321680694818496704e-01
1.320007145404815674e-01
1.322867721319198608e-01
1.319723278284072876e-01
1.320651471614837646e-01
1.317251622676849365e-01
1.316642314195632935e-01
1.314181834459304810e-01
1.313223987817764282e-01
1.311870962381362915e-01
1.311173886060714722e-01
1.310544461011886597e-01
1.310199499130249023e-01
1.310046315193176270e-01
1.310057640075683594e-01
1.310275197029113770e-01
1.310518532991409302e-01
1.310948729515075684e-01
1.311217248439788818e-01
1.311755478382110596e-01
1.311936378479003906e-01
1.312629282474517822e-01
1.312736421823501587e-01
1.313685774803161621e-01
1.313646882772445679e-01
1.314798295497894287e-01
1.314417123794555664e-01
1.315529942512512207e-01
1.314669847488403320e-01
1.315448135137557983e-01
1.314208060503005981e-01
1.314483880996704102e-01
1.313184350728988647e-01
1.313027143478393555e-01
1.311971694231033325e-01
1.311639547348022461e-01
1.310946047306060791e-01
1.310647875070571899e-01
1.310256123542785645e-01
1.310063004493713379e-01
1.309864819049835205e-01
1.309757083654403687e-01
1.309657245874404907e-01
1.309604048728942871e-01
1.309559792280197144e-01
1.309533715248107910e-01
1.309512853622436523e-01
1.309502720832824707e-01
1.309496164321899414e-01
1.309490799903869629e-01
1.309490799903869629e-01
1.309498846530914307e-01
1.309504061937332153e-01
1.309523433446884155e-01
1.309547573328018188e-01
1.309589743614196777e-01
1.309635490179061890e-01
1.309720277786254883e-01
1.309811025857925415e-01
1.309979856014251709e-01
1.310154348611831665e-01
1.310503780841827393e-01
1.310826092958450317e-01
1.311546266078948975e-01
1.312092840671539307e-01
1.313555389642715454e-01
1.314307302236557007e-01
1.317039430141448975e-01
1.317533999681472778e-01
1.321681141853332520e-01
1.320650428533554077e-01
1.324807256460189819e-01
1.321377605199813843e-01
1.323204487562179565e-01
1.318805664777755737e-01
1.318160295486450195e-01
1.314776837825775146e-01
1.313398480415344238e-01
1.311659365892410278e-01
1.310827285051345825e-01
1.310270130634307861e-01
1.310054659843444824e-01
1.310012191534042358e-01
1.310079246759414673e-01
1.310282945632934570e-01
1.310538798570632935e-01
1.311096847057342529e-01
1.311509162187576294e-01
1.312497109174728394e-01
1.312839537858963013e-01
1.314129531383514404e-01
1.314070075750350952e-01
1.315412670373916626e-01
1.314801126718521118e-01
1.315893530845642090e-01
1.314831674098968506e-01
1.315450519323348999e-01
1.314165443181991577e-01
1.314240097999572754e-01
1.312986016273498535e-01
1.312689632177352905e-01
1.311706900596618652e-01
1.311349719762802124e-01
1.310736984014511108e-01
1.310517191886901855e-01
1.310201287269592285e-01
1.310102343559265137e-01
1.309956461191177368e-01
1.309911757707595825e-01
1.309840679168701172e-01
1.309824734926223755e-01
1.309804320335388184e-01
1.309817433357238770e-01
1.309836804866790771e-01
1.309870183467864990e-01
1.309899389743804932e-01
1.309938579797744751e-01
1.309957355260848999e-01
1.310001909732818604e-01
1.310030966997146606e-01
1.310126185417175293e-01
1.310196518898010254e-01
1.310405731201171875e-01
1.310530900955200195e-01
1.310895085334777832e-01
1.311073005199432373e-01
1.311649829149246216e-01
1.311850547790527344e-01
1.312712132930755615e-01
1.312867403030395508e-01
1.314044594764709473e-01
1.314028501510620117e-01
1.315526962280273438e-01
1.315231472253799438e-01
1.317080259323120117e-01
1.316433399915695190e-01
1.318583935499191284e-01
1.317448914051055908e-01
1.319526284933090210e-01
1.317745298147201538e-01
1.319101303815841675e-01
1.316863894462585449e-01
1.317153424024581909e-01
1.314975619316101074e-01
1.314441710710525513e-01
1.312754005193710327e-01
1.311954259872436523e-01
1.310892999172210693e-01
1.310280561447143555e-01
1.309770345687866211e-01
1.309495717287063599e-01
1.309366524219512939e-01
1.309359967708587646e-01
1.309436559677124023e-01
1.309560537338256836e-01
1.309719085693359375e-01
1.309867352247238159e-01
1.310055106878280640e-01
1.310191750526428223e-01
1.310415416955947876e-01
1.310549527406692505e-01
1.310877501964569092e-01
1.311054080724716187e-01
1.311611384153366089e-01
1.311876326799392700e-01
1.312846690416336060e-01
1.313140243291854858e-01
1.314692497253417969e-01
1.314749717712402344e-01
1.316813081502914429e-01
1.316145509481430054e-01
1.318108439445495605e-01
1.316468268632888794e-01
1.317526698112487793e-01
1.315401047468185425e-01
1.315412372350692749e-01
1.313553750514984131e-01
1.313043087720870972e-01
1.311796307563781738e-01
1.311274766921997070e-01
1.310590505599975586e-01
1.310263723134994507e-01
1.309952139854431152e-01
1.309791952371597290e-01
1.309657990932464600e-01
1.309589594602584839e-01
1.309531927108764648e-01
1.309499740600585938e-01
1.309485435485839844e-01
1.309484392404556274e-01
1.309498250484466553e-01
1.309520304203033447e-01
1.309556365013122559e-01
1.309588253498077393e-01
1.309638768434524536e-01
1.309678554534912109e-01
1.309757828712463379e-01
1.309824734926223755e-01
1.309963464736938477e-01
1.310071051120758057e-01
1.310306936502456665e-01
1.310476064682006836e-01
1.310884058475494385e-01
1.311144232749938965e-01
1.311850100755691528e-01
1.312229037284851074e-01
1.313467621803283691e-01
1.313924342393875122e-01
1.315999925136566162e-01
1.316288411617279053e-01
1.319341659545898438e-01
1.318832188844680786e-01
1.322295665740966797e-01
1.320315152406692505e-01
1.322817951440811157e-01
1.319603025913238525e-01
1.320229768753051758e-01
1.316931396722793579e-01
1.316174864768981934e-01
1.313769370317459106e-01
1.312723755836486816e-01
1.311409473419189453e-01
1.310724765062332153e-01
1.310192942619323730e-01
1.309941709041595459e-01
1.309890300035476685e-01
1.309963613748550415e-01
1.310212165117263794e-01
1.310474127531051636e-01
1.310937106609344482e-01
1.311249732971191406e-01
1.311926543712615967e-01
1.312190592288970947e-01
1.313129961490631104e-01
1.313228905200958252e-01
1.314411014318466187e-01
1.314148306846618652e-01
1.315343230962753296e-01
1.314554661512374878e-01
1.315407454967498779e-01
1.314178407192230225e-01
1.314498037099838257e-01
1.313182115554809570e-01
1.313095986843109131e-01
1.312016546726226807e-01
1.311768889427185059e-01
1.311036348342895508e-01
1.310791671276092529e-01
1.310348063707351685e-01
1.310165375471115112e-01
1.309913992881774902e-01
1.309797167778015137e-01
1.309662610292434692e-01
1.309596300125122070e-01
1.309524178504943848e-01
1.309484392404556274e-01
1.309443861246109009e-01
1.309420019388198853e-01
1.309396326541900635e-01
1.309384703636169434e-01
1.309371590614318848e-01
1.309372335672378540e-01
1.309372633695602417e-01
1.309387981891632080e-01
1.309405863285064697e-01
1.309443116188049316e-01
1.309482157230377197e-01
1.309559494256973267e-01
1.309641897678375244e-01
1.309803128242492676e-01
1.309965252876281738e-01
1.310299932956695557e-01
1.310608237981796265e-01
1.311311125755310059e-01
1.311836093664169312e-01
1.313273757696151733e-01
1.313992887735366821e-01
1.316678076982498169e-01
1.317095160484313965e-01
1.321105659008026123e-01
1.319981813430786133e-01
1.323817074298858643e-01
1.320502161979675293e-01
1.322058141231536865e-01
1.318050324916839600e-01
1.317459344863891602e-01
1.314469426870346069e-01
1.313344240188598633e-01
1.311831623315811157e-01
1.311232447624206543e-01
1.310811191797256470e-01
1.310748159885406494e-01
1.310813874006271362e-01
1.310878545045852661e-01
1.311101615428924561e-01
1.311138421297073364e-01
1.311559826135635376e-01
1.311600655317306519e-01
1.312306374311447144e-01
1.312265247106552124e-01
1.313111782073974609e-01
1.312838494777679443e-01
1.313656568527221680e-01
1.313245594501495361e-01
1.314044594764709473e-01
1.313614100217819214e-01
1.314366757869720459e-01
1.313789039850234985e-01
1.314305514097213745e-01
1.313500255346298218e-01
1.313699483871459961e-01
1.312842071056365967e-01
1.312851905822753906e-01
1.312089264392852783e-01
1.312009394168853760e-01
1.311376243829727173e-01
1.311247646808624268e-01
1.310786604881286621e-01
1.310685724020004272e-01
1.310426145792007446e-01
1.310416758060455322e-01
1.310314536094665527e-01
1.310372650623321533e-01
1.310344636440277100e-01
1.310424208641052246e-01
1.310405880212783813e-01
1.310507804155349731e-01
1.310492902994155884e-01
1.310651004314422607e-01
1.310649812221527100e-01
1.310898661613464355e-01
1.310913413763046265e-01
1.311302185058593750e-01
1.311352401971817017e-01
1.311958134174346924e-01
1.312082856893539429e-01
1.313009560108184814e-01
1.313165724277496338e-01
1.314493417739868164e-01
1.314500719308853149e-01
1.316171884536743164e-01
1.315736919641494751e-01
1.317448765039443970e-01
1.316324770450592041e-01
1.317560523748397827e-01
1.315828263759613037e-01
1.316224336624145508e-01
1.314365118741989136e-01
1.314073204994201660e-01
1.312575489282608032e-01
1.312031149864196777e-01
1.311061978340148926e-01
1.310597658157348633e-01
1.310070455074310303e-01
1.309789121150970459e-01
1.309544891119003296e-01
1.309411078691482544e-01
1.309323757886886597e-01
1.309280842542648315e-01
1.309264153242111206e-01
1.309268027544021606e-01
1.309278309345245361e-01
1.309297680854797363e-01
1.309324353933334351e-01
1.309350430965423584e-01
1.309380829334259033e-01
1.309418082237243652e-01
1.309466212987899780e-01
1.309517025947570801e-01
1.309602707624435425e-01
1.309691071510314941e-01
1.309843212366104126e-01
1.309996545314788818e-01
1.310296654701232910e-01
1.310558319091796875e-01
1.311150044202804565e-01
1.311579644680023193e-01
1.312723457813262939e-01
1.313301622867584229e-01
1.315364986658096313e-01
1.315782368183135986e-01
1.318882852792739868e-01
1.318298280239105225e-01
1.321583688259124756e-01
1.319254487752914429e-01
1.321067959070205688e-01
1.317732036113739014e-01
1.317622065544128418e-01
1.314775049686431885e-01
1.313830167055130005e-01
1.312143355607986450e-01
1.311412006616592407e-01
1.310735642910003662e-01
1.310535818338394165e-01
1.310510486364364624e-01
1.310746073722839355e-01
1.311216056346893311e-01
1.311777681112289429e-01
1.312761902809143066e-01
1.313313990831375122e-01
1.314395666122436523e-01
1.314075440168380737e-01
1.314164102077484131e-01
1.312749981880187988e-01
1.311909258365631104e-01
1.310855746269226074e-01
1.310657262802124023e-01
1.310819834470748901e-01
1.311683505773544312e-01
1.312260180711746216e-01
1.313256025314331055e-01
1.313176304101943970e-01
1.313603818416595459e-01
1.312991380691528320e-01
1.313425600528717041e-01
1.313183158636093140e-01
1.314364373683929443e-01
1.314288377761840820e-01
1.315798014402389526e-01
1.314966529607772827e-01
1.315920799970626831e-01
1.314433515071868896e-01
1.314793229103088379e-01
1.313473880290985107e-01
1.313650757074356079e-01
1.312702298164367676e-01
1.312707066535949707e-01
1.311899423599243164e-01
1.311671286821365356e-01
1.311009675264358521e-01
1.310758739709854126e-01
1.310376971960067749e-01
1.310295611619949341e-01
1.310144811868667603e-01
1.310160756111145020e-01
1.310062110424041748e-01
1.310069710016250610e-01
1.309977024793624878e-01
1.310004740953445435e-01
1.309978812932968140e-01
1.310110986232757568e-01
1.310177445411682129e-01
1.310446411371231079e-01
1.310584992170333862e-01
1.311018615961074829e-01
1.311183869838714600e-01
1.311857998371124268e-01
1.312038302421569824e-01
1.313081830739974976e-01
1.313203573226928711e-01
1.314676403999328613e-01
1.314546912908554077e-01
1.316305994987487793e-01
1.315656900405883789e-01
1.317276805639266968e-01
1.315992325544357300e-01
1.316998153924942017e-01
1.315313130617141724e-01
1.315544843673706055e-01
1.313895285129547119e-01
1.313600391149520874e-01
1.312326788902282715e-01
1.311876326799392700e-01
1.311043202877044678e-01
1.310659795999526978e-01
1.310169696807861328e-01
1.309900879859924316e-01
1.309632807970046997e-01
1.309473663568496704e-01
1.309343874454498291e-01
1.309272646903991699e-01
1.309225410223007202e-01
1.309205293655395508e-01
1.309199035167694092e-01
1.309204250574111938e-01
1.309209465980529785e-01
1.309218257665634155e-01
1.309226751327514648e-01
1.309240311384201050e-01
1.309252977371215820e-01
1.309267431497573853e-01
1.309287250041961670e-01
1.309301406145095825e-01
1.309324800968170166e-01
1.309341788291931152e-01
1.309369057416915894e-01
1.309395283460617065e-01
1.309438198804855347e-01
1.309474557638168335e-01
1.309539973735809326e-01
1.309601813554763794e-01
1.309710890054702759e-01
1.309815794229507446e-01
1.310011297464370728e-01
1.310199946165084839e-01
1.310577392578125000e-01
1.310937553644180298e-01
1.311732828617095947e-01
1.312414258718490601e-01
1.314162462949752808e-01
1.315276175737380981e-01
1.318941116333007812e-01
1.319939643144607544e-01
1.326177716255187988e-01
1.324505358934402466e-01
1.330500841140747070e-01
1.324198096990585327e-01
1.325019001960754395e-01
1.318292170763015747e-01
1.315770298242568970e-01
1.312142908573150635e-01
1.310343891382217407e-01
1.309393942356109619e-01
1.309296935796737671e-01
1.309807002544403076e-01
1.310649067163467407e-01
1.311980783939361572e-01
1.312914639711380005e-01
1.314876675605773926e-01
1.315149366855621338e-01
1.317282915115356445e-01
1.316194385290145874e-01
1.317430287599563599e-01
1.315201967954635620e-01
1.315007209777832031e-01
1.312860548496246338e-01
1.311996579170227051e-01
1.310706287622451782e-01
1.310047656297683716e-01
1.309541463851928711e-01
1.309315115213394165e-01
1.309254765510559082e-01
1.309315413236618042e-01
1.309454888105392456e-01
1.309636533260345459e-01
1.309871524572372437e-01
1.310067325830459595e-01
1.310368627309799194e-01
1.310530602931976318e-01
1.310898512601852417e-01
1.311004012823104858e-01
1.311468333005905151e-01
1.311505436897277832e-01
1.312096267938613892e-01
1.312042772769927979e-01
1.312769502401351929e-01
1.312567293643951416e-01
1.313378661870956421e-01
1.312969326972961426e-01
1.313738375902175903e-01
1.313118785619735718e-01
1.313692182302474976e-01
1.312938779592514038e-01
1.313225626945495605e-01
1.312448382377624512e-01
1.312459707260131836e-01
1.311745494604110718e-01
1.311590373516082764e-01
1.311009228229522705e-01
1.310838907957077026e-01
1.310460269451141357e-01
1.310392916202545166e-01
1.310213506221771240e-01
1.310258060693740845e-01
1.310204863548278809e-01
1.310322135686874390e-01
1.310325264930725098e-01
1.310499161481857300e-01
1.310537308454513550e-01
1.310804039239883423e-01
1.310884952545166016e-01
1.311293989419937134e-01
1.311424374580383301e-01
1.312074512243270874e-01
1.312240660190582275e-01
1.313222497701644897e-01
1.313328146934509277e-01
1.314676702022552490e-01
1.314488649368286133e-01
1.316023021936416626e-01
1.315288096666336060e-01
1.316583901643753052e-01
1.315274834632873535e-01
1.315952092409133911e-01
1.314393579959869385e-01
1.314443200826644897e-01
1.313052773475646973e-01
1.312763094902038574e-01
1.311746090650558472e-01
1.311402320861816406e-01
1.310762465000152588e-01
1.310509145259857178e-01
1.310141682624816895e-01
1.309997886419296265e-01
1.309802234172821045e-01
1.309741884469985962e-01
1.309647411108016968e-01
1.309650689363479614e-01
1.309627294540405273e-01
1.309693455696105957e-01
1.309727281332015991e-01
1.309869736433029175e-01
1.309962421655654907e-01
1.310203522443771362e-01
1.310354620218276978e-01
1.310734599828720093e-01
1.310939192771911621e-01
1.311517953872680664e-01
1.311721950769424438e-01
1.312542259693145752e-01
1.312621831893920898e-01
1.313668340444564819e-01
1.313464343547821045e-01
1.314637064933776855e-01
1.314100921154022217e-01
1.315305083990097046e-01
1.314579546451568604e-01
1.315795928239822388e-01
1.314990073442459106e-01
1.316175311803817749e-01
1.315248608589172363e-01
1.316253095865249634e-01
1.315154135227203369e-01
1.315799355506896973e-01
1.314563155174255371e-01
1.314766556024551392e-01
1.313525438308715820e-01
1.313385516405105591e-01
1.312341690063476562e-01
1.312103122472763062e-01
1.311404854059219360e-01
1.311249434947967529e-01
1.310849785804748535e-01
1.310762912034988403e-01
1.310496628284454346e-01
1.310386508703231812e-01
1.310140937566757202e-01
1.309999227523803711e-01
1.309789121150970459e-01
1.309676766395568848e-01
1.309546083211898804e-01
1.309508085250854492e-01
1.309473663568496704e-01
1.309526860713958740e-01
1.309585422277450562e-01
1.309742331504821777e-01
1.309875249862670898e-01
1.310135424137115479e-01
1.310324072837829590e-01
1.310745775699615479e-01
1.311009973287582397e-01
1.311734616756439209e-01
1.312099844217300415e-01
1.313381046056747437e-01
1.313740611076354980e-01
1.315759271383285522e-01
1.315703988075256348e-01
1.318233609199523926e-01
1.317204833030700684e-01
1.319386959075927734e-01
1.317291855812072754e-01
1.318274289369583130e-01
1.315808892250061035e-01
1.315633058547973633e-01
1.313588768243789673e-01
1.312947571277618408e-01
1.311664283275604248e-01
1.311140954494476318e-01
1.310508698225021362e-01
1.310243010520935059e-01
1.309988349676132202e-01
1.309884637594223022e-01
1.309807896614074707e-01
1.309780925512313843e-01
1.309795975685119629e-01
1.309803277254104614e-01
1.309860944747924805e-01
1.309861540794372559e-01
1.309933066368103027e-01
1.309925466775894165e-01
1.310040503740310669e-01
1.310072839260101318e-01
1.310319602489471436e-01
1.310463994741439819e-01
1.310951560735702515e-01
1.311224400997161865e-01
1.312087774276733398e-01
1.312425583600997925e-01
1.313804835081100464e-01
1.314011216163635254e-01
1.315927654504776001e-01
1.315601170063018799e-01
1.317673921585083008e-01
1.316445767879486084e-01
1.317922472953796387e-01
1.315977126359939575e-01
1.316425651311874390e-01
1.314426809549331665e-01
1.314111500978469849e-01
1.312576234340667725e-01
1.312025040388107300e-01
1.311061978340148926e-01
1.310604512691497803e-01
1.310086250305175781e-01
1.309797465801239014e-01
1.309536993503570557e-01
1.309380084276199341e-01
1.309255659580230713e-01
1.309175938367843628e-01
1.309123933315277100e-01
1.309097260236740112e-01
1.309088766574859619e-01
1.309101581573486328e-01
1.309121400117874146e-01
1.309147030115127563e-01
1.309185922145843506e-01
1.309226751327514648e-01
1.309288591146469116e-01
1.309354901313781738e-01
1.309470236301422119e-01
1.309588849544525146e-01
1.309809386730194092e-01
1.310007572174072266e-01
1.310431957244873047e-01
1.310761123895645142e-01
1.311582177877426147e-01
1.312066614627838135e-01
1.313589215278625488e-01
1.314092725515365601e-01
1.316604018211364746e-01
1.316561847925186157e-01
1.319762319326400757e-01
1.318335980176925659e-01
1.320911198854446411e-01
1.318110376596450806e-01
1.318960785865783691e-01
1.315991133451461792e-01
1.315531879663467407e-01
1.313380450010299683e-01
1.312664747238159180e-01
1.311566233634948730e-01
1.311279237270355225e-01
1.311049312353134155e-01
1.311288475990295410e-01
1.311581581830978394e-01
1.312022358179092407e-01
1.312427669763565063e-01
1.312552988529205322e-01
1.312696784734725952e-01
1.312222480773925781e-01
1.311987936496734619e-01
1.311266273260116577e-01
1.310909539461135864e-01
1.310428678989410400e-01
1.310309618711471558e-01
1.310283988714218140e-01
1.310640871524810791e-01
1.311004757881164551e-01
1.311790794134140015e-01
1.312135159969329834e-01
1.313039064407348633e-01
1.313057839870452881e-01
1.314025521278381348e-01
1.313891410827636719e-01
1.315345317125320435e-01
1.314960569143295288e-01
1.316826194524765015e-01
1.315604895353317261e-01
1.316917985677719116e-01
1.314950585365295410e-01
1.315172910690307617e-01
1.313392966985702515e-01
1.313050687313079834e-01
1.311874240636825562e-01
1.311465799808502197e-01
1.310762465000152588e-01
1.310446709394454956e-01
1.310062855482101440e-01
1.309871822595596313e-01
1.309659779071807861e-01
1.309523433446884155e-01
1.309368014335632324e-01
1.309262812137603760e-01
1.309173703193664551e-01
1.309136003255844116e-01
1.309129595756530762e-01
1.309154480695724487e-01
1.309176534414291382e-01
1.309198737144470215e-01
1.309209614992141724e-01
1.309221535921096802e-01
1.309228092432022095e-01
1.309258043766021729e-01
1.309290677309036255e-01
1.309363842010498047e-01
1.309434920549392700e-01
1.309589743614196777e-01
1.309737563133239746e-01
1.310061514377593994e-01
1.310360878705978394e-01
1.311046928167343140e-01
1.311581730842590332e-01
1.312976628541946411e-01
1.313753277063369751e-01
1.316372454166412354e-01
1.316975802183151245e-01
1.321040838956832886e-01
1.320181339979171753e-01
1.324320286512374878e-01
1.320926249027252197e-01
1.322616040706634521e-01
1.318121105432510376e-01
1.317207366228103638e-01
1.313847005367279053e-01
1.312324851751327515e-01
1.310680806636810303e-01
1.309835016727447510e-01
1.309355199337005615e-01
1.309216618537902832e-01
1.309315562248229980e-01
1.309585422277450562e-01
1.310068815946578979e-01
1.310559511184692383e-01
1.311459839344024658e-01
1.311949044466018677e-01
1.313235908746719360e-01
1.313375830650329590e-01
1.314803063869476318e-01
1.314327716827392578e-01
1.315481960773468018e-01
1.314456015825271606e-01
1.315041780471801758e-01
1.313772052526473999e-01
1.313784420490264893e-01
1.312586367130279541e-01
1.312273591756820679e-01
1.311364620923995972e-01
1.311019659042358398e-01
1.310458332300186157e-01
1.310235559940338135e-01
1.309927403926849365e-01
1.309788674116134644e-01
1.309605240821838379e-01
1.309491097927093506e-01
1.309364140033721924e-01
1.309272050857543945e-01
1.309193670749664307e-01
1.309139579534530640e-01
1.309098750352859497e-01
1.309066414833068848e-01
1.309041678905487061e-01
1.309018582105636597e-01
1.309003084897994995e-01
1.308996826410293579e-01
1.308993399143218994e-01
1.308999508619308472e-01
1.309006512165069580e-01
1.309015750885009766e-01
1.309025436639785767e-01
1.309032291173934937e-01
1.309043169021606445e-01
1.309055835008621216e-01
1.309070438146591187e-01
1.309091895818710327e-01
1.309124231338500977e-01
1.309173703193664551e-01
1.309233605861663818e-01
1.309339851140975952e-01
1.309468895196914673e-01
1.309706419706344604e-01
1.309983879327774048e-01
1.310552060604095459e-01
1.311120688915252686e-01
1.312464326620101929e-01
1.313477754592895508e-01
1.316486597061157227e-01
1.317626088857650757e-01
1.323142051696777344e-01
1.322492212057113647e-01
1.328829079866409302e-01
1.324181109666824341e-01
1.326832920312881470e-01
1.320572048425674438e-01
1.319310218095779419e-01
1.314950883388519287e-01
1.313083618879318237e-01
1.311303824186325073e-01
1.310625970363616943e-01
1.310477703809738159e-01
1.310728937387466431e-01
1.311479508876800537e-01
1.312100440263748169e-01
1.313663721084594727e-01
1.314110159873962402e-01
1.316035389900207520e-01
1.315505355596542358e-01
1.316594630479812622e-01
1.314912140369415283e-01
1.314677000045776367e-01
1.312887519598007202e-01
1.312321126461029053e-01
1.311341226100921631e-01
1.311127692461013794e-01
1.310749351978302002e-01
1.310730576515197754e-01
1.310526132583618164e-01
1.310517936944961548e-01
1.310327649116516113e-01
1.310244500637054443e-01
1.309987604618072510e-01
1.309752017259597778e-01
1.309451460838317871e-01
1.309214383363723755e-01
1.309064030647277832e-01
1.309023052453994751e-01
1.309071630239486694e-01
1.309163123369216919e-01
1.309238076210021973e-01
1.309275180101394653e-01
1.309264600276947021e-01
1.309220343828201294e-01
1.309182047843933105e-01
1.309152245521545410e-01
1.309153735637664795e-01
1.309168934822082520e-01
1.309205591678619385e-01
1.309242248535156250e-01
1.309311836957931519e-01
1.309373378753662109e-01
1.309499740600585938e-01
1.309631466865539551e-01
1.309899687767028809e-01
1.310163438320159912e-01
1.310761421918869019e-01
1.311264038085937500e-01
1.312595605850219727e-01
1.313372999429702759e-01
1.316048502922058105e-01
1.316630691289901733e-01
1.320887207984924316e-01
1.319843530654907227e-01
1.324091404676437378e-01
1.320510506629943848e-01
1.322204917669296265e-01
1.317868679761886597e-01
1.317155957221984863e-01
1.313987523317337036e-01
1.312680691480636597e-01
1.311049014329910278e-01
1.310245096683502197e-01
1.309686601161956787e-01
1.309468895196914673e-01
1.309448182582855225e-01
1.309560239315032959e-01
1.309836506843566895e-01
1.310116946697235107e-01
1.310642659664154053e-01
1.310943663120269775e-01
1.311681121587753296e-01
1.311854422092437744e-01
1.312778890132904053e-01
1.312723010778427124e-01
1.313820332288742065e-01
1.313479393720626831e-01
1.314610987901687622e-01
1.313924342393875122e-01
1.314820200204849243e-01
1.313818395137786865e-01
1.314298957586288452e-01
1.313188970088958740e-01
1.313311904668807983e-01
1.312332004308700562e-01
1.312280595302581787e-01
1.311556696891784668e-01
1.311452239751815796e-01
1.310954093933105469e-01
1.310839205980300903e-01
1.310488432645797729e-01
1.310367435216903687e-01
1.310115605592727661e-01
1.310002803802490234e-01
1.309815645217895508e-01
1.309724301099777222e-01
1.309588104486465454e-01
1.309522390365600586e-01
1.309431195259094238e-01
1.309406608343124390e-01
1.309372484683990479e-01
1.309409141540527344e-01
1.309443414211273193e-01
1.309570670127868652e-01
1.309670805931091309e-01
1.309930384159088135e-01
1.310114264488220215e-01
1.310597211122512817e-01
1.310883164405822754e-01
1.311745047569274902e-01
1.312106400728225708e-01
1.313547194004058838e-01
1.313812434673309326e-01
1.315916627645492554e-01
1.315672248601913452e-01
1.318100988864898682e-01
1.316884011030197144e-01
1.318800151348114014e-01
1.316685229539871216e-01
1.317455768585205078e-01
1.315169185400009155e-01
1.314996629953384399e-01
1.313208043575286865e-01
1.312734037637710571e-01
1.311654895544052124e-01
1.311305165290832520e-01
1.310775130987167358e-01
1.310598254203796387e-01
1.310351788997650146e-01
1.310250163078308105e-01
1.310117840766906738e-01
1.310017555952072144e-01
1.309937983751296997e-01
1.309831738471984863e-01
1.309763044118881226e-01
1.309637278318405151e-01
1.309564262628555298e-01
1.309452950954437256e-01
1.309422999620437622e-01
1.309399306774139404e-01
1.309491097927093506e-01
1.309600621461868286e-01
1.309881061315536499e-01
1.310135871171951294e-01
1.310676783323287964e-01
1.311057657003402710e-01
1.312018930912017822e-01
1.312486976385116577e-01
1.314098536968231201e-01
1.314431428909301758e-01
1.316788047552108765e-01
1.316434442996978760e-01
1.319041550159454346e-01
1.317450106143951416e-01
1.319220364093780518e-01
1.316686868667602539e-01
1.317033171653747559e-01
1.314550638198852539e-01
1.313956230878829956e-01
1.312184184789657593e-01
1.311419755220413208e-01
1.310433894395828247e-01
1.309921890497207642e-01
1.309485882520675659e-01
1.309246122837066650e-01
1.309091448783874512e-01
1.309011578559875488e-01
1.308979839086532593e-01
1.308986842632293701e-01
1.309031993150711060e-01
1.309114992618560791e-01
1.309255212545394897e-01
1.309403181076049805e-01
1.309655010700225830e-01
1.309858858585357666e-01
1.310276389122009277e-01
1.310534626245498657e-01
1.311224102973937988e-01
1.311533153057098389e-01
1.312643289566040039e-01
1.312904804944992065e-01
1.314524114131927490e-01
1.314493417739868164e-01
1.316471248865127563e-01
1.315772980451583862e-01
1.317574828863143921e-01
1.316060125827789307e-01
1.317064315080642700e-01
1.315103769302368164e-01
1.315197795629501343e-01
1.313416808843612671e-01
1.313026845455169678e-01
1.311782151460647583e-01
1.311362236738204956e-01
1.310651898384094238e-01
1.310381144285202026e-01
1.310029476881027222e-01
1.309883445501327515e-01
1.309713870286941528e-01
1.309626996517181396e-01
1.309543550014495850e-01
1.309491693973541260e-01
1.309458166360855103e-01
1.309441924095153809e-01
1.309459060430526733e-01
1.309487372636795044e-01
1.309562027454376221e-01
1.309647709131240845e-01
1.309786289930343628e-01
1.309930086135864258e-01
1.310153305530548096e-01
1.310363858938217163e-01
1.310721039772033691e-01
1.310988366603851318e-01
1.311486065387725830e-01
1.311711072921752930e-01
1.312336772680282593e-01
1.312407404184341431e-01
1.313309371471405029e-01
1.313277035951614380e-01
1.314834356307983398e-01
1.314806342124938965e-01
1.317229121923446655e-01
1.316947042942047119e-01
1.319856047630310059e-01
1.318693011999130249e-01
1.321033984422683716e-01
1.318564414978027344e-01
1.319225281476974487e-01
1.316128522157669067e-01
1.315324753522872925e-01
1.312891393899917603e-01
1.311896890401840210e-01
1.310629099607467651e-01
1.310114711523056030e-01
1.309676170349121094e-01
1.309505105018615723e-01
1.309390664100646973e-01
1.309299618005752563e-01
1.309247761964797974e-01
1.309220790863037109e-01
1.309279799461364746e-01
1.309401541948318481e-01
1.309677958488464355e-01
1.309937536716461182e-01
1.310431957244873047e-01
1.310699135065078735e-01
1.311363726854324341e-01
1.311513483524322510e-01
1.312348693609237671e-01
1.312351673841476440e-01
1.313374638557434082e-01
1.313210725784301758e-01
1.314388215541839600e-01
1.313986033201217651e-01
1.315133273601531982e-01
1.314396858215332031e-01
1.315259188413619995e-01
1.314199566841125488e-01
1.314614266157150269e-01
1.313424259424209595e-01
1.313453316688537598e-01
1.312375962734222412e-01
1.312216371297836304e-01
1.311404854059219360e-01
1.311210095882415771e-01
1.310656219720840454e-01
1.310479044914245605e-01
1.310109645128250122e-01
1.309953629970550537e-01
1.309700310230255127e-01
1.309565007686614990e-01
1.309394538402557373e-01
1.309304386377334595e-01
1.309213191270828247e-01
1.309182047843933105e-01
1.309152990579605103e-01
1.309167891740798950e-01
1.309183090925216675e-01
1.309243440628051758e-01
1.309295445680618286e-01
1.309406906366348267e-01
1.309504956007003784e-01
1.309722065925598145e-01
1.309893727302551270e-01
1.310300678014755249e-01
1.310584396123886108e-01
1.311337053775787354e-01
1.311742216348648071e-01
1.313076466321945190e-01
1.313478499650955200e-01
1.315581351518630981e-01
1.315587013959884644e-01
1.318264305591583252e-01
1.317277550697326660e-01
1.319658905267715454e-01
1.317500621080398560e-01
1.318623125553131104e-01
1.315988004207611084e-01
1.315830200910568237e-01
1.313631683588027954e-01
1.312959492206573486e-01
1.311599612236022949e-01
1.311056017875671387e-01
1.310411989688873291e-01
1.310169100761413574e-01
1.309959143400192261e-01
1.309940963983535767e-01
1.309986114501953125e-01
1.310076117515563965e-01
1.310235410928726196e-01
1.310288310050964355e-01
1.310409009456634521e-01
1.310316026210784912e-01
1.310337036848068237e-01
1.310165226459503174e-01
1.310216784477233887e-01
1.310162097215652466e-01
1.310448050498962402e-01
1.310609281063079834e-01
1.311257183551788330e-01
1.311558783054351807e-01
1.312641501426696777e-01
1.312886923551559448e-01
1.314408928155899048e-01
1.314282715320587158e-01
1.316010951995849609e-01
1.315208226442337036e-01
1.316650211811065674e-01
1.315227448940277100e-01
1.315991878509521484e-01
1.314355581998825073e-01
1.314462721347808838e-01
1.313023120164871216e-01
1.312744021415710449e-01
1.311658322811126709e-01
1.311270743608474731e-01
1.310550272464752197e-01
1.310217976570129395e-01
1.309787333011627197e-01
1.309568732976913452e-01
1.309334635734558105e-01
1.309221833944320679e-01
1.309118419885635376e-01
1.309083551168441772e-01
1.309052258729934692e-01
1.309060305356979370e-01
1.309061497449874878e-01
1.309080570936203003e-01
1.309088468551635742e-01
1.309110522270202637e-01
1.309125274419784546e-01
1.309164315462112427e-01
1.309194117784500122e-01
1.309275925159454346e-01
1.309339404106140137e-01
1.309501081705093384e-01
1.309633404016494751e-01
1.309954375028610229e-01
1.310192495584487915e-01
1.310820877552032471e-01
1.311209797859191895e-01
1.312387436628341675e-01
1.312895566225051880e-01
1.314936578273773193e-01
1.315261870622634888e-01
1.318244040012359619e-01
1.317658871412277222e-01
1.320814639329910278e-01
1.318691670894622803e-01
1.320594251155853271e-01
1.317493021488189697e-01
1.317650228738784790e-01
1.314874142408370972e-01
1.314192265272140503e-01
1.312510222196578979e-01
1.312007457017898560e-01
1.311355233192443848e-01
1.311294287443161011e-01
1.311217993497848511e-01
1.311302930116653442e-01
1.311401575803756714e-01
1.311306804418563843e-01
1.311357915401458740e-01
1.311006098985671997e-01
1.310963332653045654e-01
1.310582160949707031e-01
1.310585141181945801e-01
1.310424208641052246e-01
1.310720294713973999e-01
1.310885101556777954e-01
1.311626136302947998e-01
1.311956942081451416e-01
1.313042491674423218e-01
1.313162744045257568e-01
1.314310133457183838e-01
1.313948482275009155e-01
1.314966231584548950e-01
1.314141601324081421e-01
1.314981132745742798e-01
1.313862055540084839e-01
1.314433068037033081e-01
1.313186287879943848e-01
1.313365995883941650e-01
1.312185227870941162e-01
1.312015205621719360e-01
1.311090588569641113e-01
1.310778111219406128e-01
1.310172230005264282e-01
1.309897303581237793e-01
1.309555470943450928e-01
1.309380978345870972e-01
1.309216618537902832e-01
1.309136450290679932e-01
1.309074014425277710e-01
1.309058666229248047e-01
1.309041529893875122e-01
1.309050023555755615e-01
1.309044808149337769e-01
1.309058070182800293e-01
1.309055835008621216e-01
1.309077888727188110e-01
1.309092938899993896e-01
1.309143602848052979e-01
1.309190988540649414e-01
1.309303045272827148e-01
1.309408098459243774e-01
1.309640854597091675e-01
1.309841722249984741e-01
1.310303807258605957e-01
1.310651749372482300e-01
1.311557441949844360e-01
1.312063336372375488e-01
1.313733011484146118e-01
1.314221620559692383e-01
1.316902190446853638e-01
1.316763162612915039e-01
1.320036947727203369e-01
1.318454295396804810e-01
1.320934146642684937e-01
1.318018883466720581e-01
1.318684220314025879e-01
1.315636485815048218e-01
1.314978301525115967e-01
1.312801092863082886e-01
1.311920136213302612e-01
1.310802400112152100e-01
1.310298889875411987e-01
1.309881806373596191e-01
1.309684365987777710e-01
1.309540569782257080e-01
1.309457272291183472e-01
1.309432983398437500e-01
1.309451609849929810e-01
1.309608668088912964e-01
1.309749633073806763e-01
1.310115307569503784e-01
1.310291290283203125e-01
1.310820728540420532e-01
1.310941725969314575e-01
1.311642080545425415e-01
1.311728805303573608e-01
1.312672048807144165e-01
1.312716007232666016e-01
1.313902735710144043e-01
1.313736140727996826e-01
1.315000951290130615e-01
1.314420253038406372e-01
1.315491646528244019e-01
1.314462572336196899e-01
1.315122991800308228e-01
1.313843578100204468e-01
1.314029097557067871e-01
1.312783360481262207e-01
1.312624514102935791e-01
1.311631053686141968e-01
1.311358511447906494e-01
1.310706585645675659e-01
1.310500651597976685e-01
1.310161650180816650e-01
1.310098022222518921e-01
1.309985369443893433e-01
1.310051977634429932e-01
1.310074031352996826e-01
1.310197710990905762e-01
1.310247927904129028e-01
1.310328245162963867e-01
1.310279965400695801e-01
1.310206502676010132e-01
1.309996843338012695e-01
1.309770047664642334e-01
1.309487968683242798e-01
1.309271752834320068e-01
1.309094727039337158e-01
1.309027373790740967e-01
1.309027522802352905e-01
1.309125274419784546e-01
1.309252381324768066e-01
1.309474706649780273e-01
1.309651881456375122e-01
1.309977173805236816e-01
1.310192346572875977e-01
1.310703456401824951e-01
1.311006993055343628e-01
1.311959326267242432e-01
1.312449425458908081e-01
1.314294487237930298e-01
1.314812302589416504e-01
1.317922323942184448e-01
1.317661702632904053e-01
1.321434825658798218e-01
1.319314539432525635e-01
1.321841776371002197e-01
1.318309903144836426e-01
1.318608373403549194e-01
1.315324455499649048e-01
1.314357519149780273e-01
1.312214881181716919e-01
1.311213821172714233e-01
1.310189217329025269e-01
1.309666037559509277e-01
1.309325993061065674e-01
1.309179663658142090e-01
1.309147775173187256e-01
1.309200078248977661e-01
1.309378296136856079e-01
1.309594511985778809e-01
1.310040056705474854e-01
1.310374587774276733e-01
1.311118900775909424e-01
1.311416774988174438e-01
1.312436163425445557e-01
1.312537938356399536e-01
1.313768327236175537e-01
1.313543915748596191e-01
1.314815133810043335e-01
1.314178407192230225e-01
1.315200924873352051e-01
1.314160972833633423e-01
1.314691603183746338e-01
1.313432753086090088e-01
1.313475221395492554e-01
1.312299221754074097e-01
1.312074810266494751e-01
1.311192661523818970e-01
1.310925334692001343e-01
1.310348361730575562e-01
1.310129612684249878e-01
1.309773325920104980e-01
1.309614628553390503e-01
1.309408098459243774e-01
1.309312283992767334e-01
1.309206634759902954e-01
1.309164166450500488e-01
1.309118270874023438e-01
1.309103518724441528e-01
1.309077888727188110e-01
1.309069395065307617e-01
1.309049576520919800e-01
1.309050917625427246e-01
1.309042870998382568e-01
1.309064179658889771e-01
1.309079676866531372e-01
1.309135407209396362e-01
1.309183090925216675e-01
1.309295296669006348e-01
1.309389024972915649e-01
1.309605836868286133e-01
1.309782415628433228e-01
1.310203671455383301e-01
1.310521960258483887e-01
1.311354041099548340e-01
1.311854720115661621e-01
1.313439905643463135e-01
1.314027756452560425e-01
1.316740363836288452e-01
1.316842585802078247e-01
1.320489645004272461e-01
1.319032162427902222e-01
1.322083473205566406e-01
1.318811923265457153e-01
1.319690346717834473e-01
1.316108107566833496e-01
1.315280944108963013e-01
1.312766820192337036e-01
1.311680674552917480e-01
1.310467571020126343e-01
1.309912055730819702e-01
1.309589892625808716e-01
1.309556514024734497e-01
1.309654265642166138e-01
1.309850364923477173e-01
1.310130506753921509e-01
1.310408711433410645e-01
1.310927420854568481e-01
1.311244964599609375e-01
1.312143355607986450e-01
1.312263160943984985e-01
1.313315629959106445e-01
1.312801241874694824e-01
1.313507109880447388e-01
1.312613338232040405e-01
1.313067078590393066e-01
1.312470585107803345e-01
1.312977969646453857e-01
1.312518268823623657e-01
1.312897056341171265e-01
1.312303096055984497e-01
1.312513202428817749e-01
1.312009096145629883e-01
1.312265843152999878e-01
1.311853379011154175e-01
1.312074512243270874e-01
1.311583369970321655e-01
1.311705112457275391e-01
1.311292201280593872e-01
1.311533898115158081e-01
1.311370879411697388e-01
1.311792284250259399e-01
1.311718523502349854e-01
1.312142610549926758e-01
1.311941742897033691e-01
1.312236338853836060e-01
1.311808973550796509e-01
1.311916708946228027e-01
1.311332583427429199e-01
1.311317682266235352e-01
1.310838162899017334e-01
1.310926973819732666e-01
1.310750991106033325e-01
1.311112940311431885e-01
1.311156749725341797e-01
1.311754733324050903e-01
1.311782449483871460e-01
1.312488317489624023e-01
1.312340497970581055e-01
1.313100308179855347e-01
1.312743425369262695e-01
1.313548088073730469e-01
1.312986463308334351e-01
1.313755363225936890e-01
1.313021630048751831e-01
1.313638240098953247e-01
1.312818229198455811e-01
1.313219666481018066e-01
1.312412619590759277e-01
1.312612593173980713e-01
1.311891376972198486e-01
1.311952024698257446e-01
1.311350911855697632e-01
1.311338692903518677e-01
1.310868114233016968e-01
1.310840100049972534e-01
1.310488581657409668e-01
1.310479938983917236e-01
1.310229301452636719e-01
1.310263127088546753e-01
1.310096383094787598e-01
1.310197412967681885e-01
1.310107111930847168e-01
1.310292482376098633e-01
1.310265958309173584e-01
1.310559064149856567e-01
1.310575306415557861e-01
1.311008781194686890e-01
1.311035305261611938e-01
1.311643570661544800e-01
1.311635822057723999e-01
1.312434822320938110e-01
1.312325149774551392e-01
1.313276141881942749e-01
1.312978565692901611e-01
1.313979625701904297e-01
1.313434541225433350e-01
1.314331889152526855e-01
1.313551515340805054e-01
1.314212530851364136e-01
1.313289403915405273e-01
1.313658058643341064e-01
1.312736123800277710e-01
1.312878578901290894e-01
1.312071830034255981e-01
1.312087476253509521e-01
1.311455816030502319e-01
1.311423033475875854e-01
1.310953348875045776e-01
1.310913413763046265e-01
1.310568451881408691e-01
1.310539841651916504e-01
1.310289055109024048e-01
1.310279518365859985e-01
1.310091912746429443e-01
1.310103982686996460e-01
1.309964507818222046e-01
1.310002952814102173e-01
1.309908181428909302e-01
1.309999525547027588e-01
1.309954673051834106e-01
1.310138106346130371e-01
1.310158222913742065e-01
1.310493946075439453e-01
1.310580074787139893e-01
1.311147511005401611e-01
1.311284303665161133e-01
1.312180012464523315e-01
1.312279254198074341e-01
1.313534528017044067e-01
1.313417851924896240e-01
1.314928382635116577e-01
1.314381510019302368e-01
1.315820813179016113e-01
1.314740031957626343e-01
1.315723657608032227e-01
1.314285397529602051e-01
1.314652860164642334e-01
1.313208043575286865e-01
1.313118636608123779e-01
1.311966180801391602e-01
1.311718523502349854e-01
1.310954093933105469e-01
1.310746818780899048e-01
1.310306489467620850e-01
1.310189366340637207e-01
1.309957653284072876e-01
1.309922784566879272e-01
1.309806853532791138e-01
1.309828311204910278e-01
1.309791207313537598e-01
1.309866756200790405e-01
1.309862136840820312e-01
1.309964060783386230e-01
1.309965252876281738e-01
1.310069262981414795e-01
1.310059726238250732e-01
1.310161054134368896e-01
1.310135424137115479e-01
1.310250759124755859e-01
1.310217827558517456e-01
1.310403943061828613e-01
1.310412138700485229e-01
1.310766339302062988e-01
1.310867369174957275e-01
1.311557888984680176e-01
1.311791390180587769e-01
1.313030421733856201e-01
1.313285827636718750e-01
1.315242946147918701e-01
1.315116286277770996e-01
1.317537575960159302e-01
1.316465884447097778e-01
1.318504810333251953e-01
1.316412687301635742e-01
1.317275315523147583e-01
1.314905881881713867e-01
1.314723342657089233e-01
1.312840878963470459e-01
1.312288641929626465e-01
1.311139166355133057e-01
1.310698390007019043e-01
1.310128569602966309e-01
1.309882700443267822e-01
1.309610307216644287e-01
1.309451907873153687e-01
1.309279948472976685e-01
1.309158205986022949e-01
1.309035420417785645e-01
1.308958232402801514e-01
1.308892071247100830e-01
1.308858543634414673e-01
1.308835744857788086e-01
1.308818459510803223e-01
1.308817267417907715e-01
1.308817267417907715e-01
1.308848410844802856e-01
1.308896541595458984e-01
1.308995485305786133e-01
1.309114545583724976e-01
1.309316605329513550e-01
1.309515982866287231e-01
1.309894174337387085e-01
1.310221552848815918e-01
1.310946345329284668e-01
1.311467587947845459e-01
1.312862336635589600e-01
1.313529461622238159e-01
1.315982788801193237e-01
1.316352337598800659e-01
1.319844275712966919e-01
1.318914294242858887e-01
1.322236657142639160e-01
1.319444030523300171e-01
1.320871710777282715e-01
1.317272037267684937e-01
1.316709667444229126e-01
1.313795894384384155e-01
1.312543451786041260e-01
1.310874372720718384e-01
1.309987008571624756e-01
1.309334635734558105e-01
1.309059858322143555e-01
1.309043318033218384e-01
1.309238225221633911e-01
1.309654712677001953e-01
1.310127973556518555e-01
1.310914754867553711e-01
1.311456263065338135e-01
1.312504708766937256e-01
1.312771588563919067e-01
1.313762068748474121e-01
1.313365101814270020e-01
1.313903480768203735e-01
1.312929391860961914e-01
1.313064247369766235e-01
1.312109827995300293e-01
1.312254518270492554e-01
1.311662346124649048e-01
1.311997920274734497e-01
1.311616152524948120e-01
1.312036663293838501e-01
1.311598122119903564e-01
1.311901062726974487e-01
1.311319917440414429e-01
1.311393678188323975e-01
1.310831457376480103e-01
1.310822069644927979e-01
1.310503035783767700e-01
1.310621201992034912e-01
1.310514360666275024e-01
1.310749053955078125e-01
1.310671865940093994e-01
1.310920566320419312e-01
1.310803294181823730e-01
1.311092972755432129e-01
1.311007440090179443e-01
1.311484873294830322e-01
1.311443746089935303e-01
1.312177777290344238e-01
1.312049031257629395e-01
1.312954276800155640e-01
1.312597095966339111e-01
1.313482522964477539e-01
1.312867701053619385e-01
1.313573718070983887e-01
1.312808245420455933e-01
1.313282549381256104e-01
1.312498897314071655e-01
1.312786787748336792e-01
1.312072873115539551e-01
1.312238276004791260e-01
1.311639547348022461e-01
1.311745494604110718e-01
1.311258673667907715e-01
1.311332136392593384e-01
1.310942471027374268e-01
1.311018168926239014e-01
1.310719698667526245e-01
1.310840100049972534e-01
1.310627162456512451e-01
1.310811638832092285e-01
1.310656219720840454e-01
1.310897022485733032e-01
1.310765594244003296e-01
1.311060786247253418e-01
1.310927271842956543e-01
1.311281770467758179e-01
1.311143934726715088e-01
1.311588138341903687e-01
1.311441808938980103e-01
1.311997175216674805e-01
1.311828643083572388e-01
1.312507092952728271e-01
1.312275081872940063e-01
1.313049644231796265e-01
1.312696188688278198e-01
1.313486844301223755e-01
1.312953382730484009e-01
1.313651055097579956e-01
1.312931030988693237e-01
1.313427984714508057e-01
1.312587857246398926e-01
1.312855631113052368e-01
1.312016099691390991e-01
1.312095224857330322e-01
1.311365216970443726e-01
1.311345547437667847e-01
1.310778856277465820e-01
1.310736984014511108e-01
1.310332417488098145e-01
1.310312747955322266e-01
1.310043036937713623e-01
1.310074478387832642e-01
1.309907883405685425e-01
1.309993118047714233e-01
1.309901326894760132e-01
1.310051083564758301e-01
1.310026198625564575e-01
1.310267299413681030e-01
1.310294866561889648e-01
1.310660243034362793e-01
1.310726255178451538e-01
1.311256736516952515e-01
1.311349272727966309e-01
1.312085539102554321e-01
1.312149465084075928e-01
1.313104182481765747e-01
1.313047856092453003e-01
1.314176172018051147e-01
1.313869059085845947e-01
1.315031349658966064e-01
1.314379870891571045e-01
1.315369158983230591e-01
1.314374804496765137e-01
1.315009146928787231e-01
1.313808709383010864e-01
1.314029246568679810e-01
1.312830150127410889e-01
1.312731504440307617e-01
1.311711370944976807e-01
1.311489343643188477e-01
1.310741007328033447e-01
1.310544908046722412e-01
1.310069859027862549e-01
1.309983283281326294e-01
1.309728771448135376e-01
1.309760063886642456e-01
1.309669911861419678e-01
1.309794932603836060e-01
1.309805661439895630e-01
1.309982538223266602e-01
1.310025155544281006e-01
1.310213804244995117e-01
1.310227811336517334e-01
1.310392022132873535e-01
1.310330331325531006e-01
1.310472339391708374e-01
1.310348361730575562e-01
1.310541778802871704e-01
1.310441046953201294e-01
1.310805380344390869e-01
1.310821324586868286e-01
1.311467885971069336e-01
1.311608552932739258e-01
1.312616318464279175e-01
1.312773078680038452e-01
1.314156502485275269e-01
1.314104795455932617e-01
1.315743178129196167e-01
1.315199136734008789e-01
1.316755712032318115e-01
1.315546631813049316e-01
1.316569447517395020e-01
1.314863711595535278e-01
1.315141320228576660e-01
1.313424110412597656e-01
1.313196420669555664e-01
1.311889141798019409e-01
1.311548799276351929e-01
1.310759484767913818e-01
1.310548037290573120e-01
1.310163438320159912e-01
1.310093998908996582e-01
1.309923529624938965e-01
1.309879720211029053e-01
1.309751868247985840e-01
1.309643983840942383e-01
1.309487372636795044e-01
1.309311240911483765e-01
1.309148371219635010e-01
1.308988332748413086e-01
1.308887153863906860e-01
1.308814585208892822e-01
1.308807581663131714e-01
1.308832764625549316e-01
1.308913379907608032e-01
1.309002935886383057e-01
1.309160739183425903e-01
1.309290975332260132e-01
1.309552043676376343e-01
1.309740990400314331e-01
1.310211718082427979e-01
1.310509741306304932e-01
1.311380267143249512e-01
1.311828792095184326e-01
1.313391327857971191e-01
1.313878297805786133e-01
1.316393911838531494e-01
1.316437274217605591e-01
1.319657266139984131e-01
1.318410634994506836e-01
1.321107745170593262e-01
1.318293213844299316e-01
1.319151818752288818e-01
1.315860152244567871e-01
1.315109580755233765e-01
1.312632113695144653e-01
1.311518251895904541e-01
1.310195773839950562e-01
1.309499889612197876e-01
1.308998763561248779e-01
1.308773010969161987e-01
1.308717876672744751e-01
1.308798044919967651e-01
1.308991760015487671e-01
1.309234201908111572e-01
1.309602260589599609e-01
1.309898048639297485e-01
1.310424506664276123e-01
1.310677081346511841e-01
1.311374902725219727e-01
1.311497241258621216e-01
1.312380731105804443e-01
1.312307864427566528e-01
1.313326656818389893e-01
1.312961876392364502e-01
1.313943117856979370e-01
1.313236802816390991e-01
1.313964426517486572e-01
1.312991231679916382e-01
1.313347667455673218e-01
1.312310099601745605e-01
1.312355846166610718e-01
1.311458945274353027e-01
1.311365664005279541e-01
1.310715526342391968e-01
1.310630887746810913e-01
1.310235261917114258e-01
1.310237944126129150e-01
1.310046017169952393e-01
1.310157626867294312e-01
1.310127526521682739e-01
1.310355365276336670e-01
1.310430169105529785e-01
1.310731917619705200e-01
1.310820132493972778e-01
1.311082690954208374e-01
1.311039030551910400e-01
1.311148703098297119e-01
1.310910582542419434e-01
1.310874074697494507e-01
1.310554891824722290e-01
1.310524791479110718e-01
1.310314983129501343e-01
1.310436427593231201e-01
1.310432106256484985e-01
1.310825049877166748e-01
1.311003714799880981e-01
1.311797648668289185e-01
1.312036514282226562e-01
1.313356906175613403e-01
1.313400417566299438e-01
1.315204799175262451e-01
1.314691603183746338e-01
1.316577345132827759e-01
1.315308511257171631e-01
1.316648870706558228e-01
1.314907073974609375e-01
1.315439343452453613e-01
1.313727349042892456e-01
1.313643306493759155e-01
1.312265247106552124e-01
1.311924904584884644e-01
1.310980170965194702e-01
1.310650855302810669e-01
1.310080885887145996e-01
1.309839636087417603e-01
1.309503316879272461e-01
1.309324502944946289e-01
1.309112608432769775e-01
1.308985948562622070e-01
1.308868080377578735e-01
1.308801621198654175e-01
1.308752596378326416e-01
1.308740824460983276e-01
1.308729648590087891e-01
1.308737993240356445e-01
1.308746039867401123e-01
1.308775991201400757e-01
1.308806389570236206e-01
1.308879107236862183e-01
1.308949291706085205e-01
1.309094578027725220e-01
1.309215426445007324e-01
1.309483051300048828e-01
1.309686154127120972e-01
1.310189664363861084e-01
1.310510784387588501e-01
1.311461031436920166e-01
1.311925649642944336e-01
1.313624829053878784e-01
1.314075291156768799e-01
1.316757500171661377e-01
1.316644549369812012e-01
1.319956332445144653e-01
1.318469643592834473e-01
1.321110278367996216e-01
1.318187862634658813e-01
1.319018453359603882e-01
1.315827220678329468e-01
1.315236389636993408e-01
1.312938332557678223e-01
1.312092989683151245e-01
1.310913860797882080e-01
1.310404837131500244e-01
1.309922188520431519e-01
1.309665143489837646e-01
1.309466958045959473e-01
1.309351474046707153e-01
1.309368163347244263e-01
1.309420466423034668e-01
1.309682428836822510e-01
1.309838891029357910e-01
1.310275048017501831e-01
1.310417652130126953e-01
1.310970485210418701e-01
1.311073601245880127e-01
1.311798691749572754e-01
1.311879605054855347e-01
1.312820166349411011e-01
1.312781274318695068e-01
1.313867121934890747e-01
1.313524246215820312e-01
1.314565092325210571e-01
1.313824802637100220e-01
1.314623802900314331e-01
1.313546895980834961e-01
1.313958764076232910e-01
1.312746405601501465e-01
1.312772035598754883e-01
1.311692744493484497e-01
1.311501711606979370e-01
1.310727000236511230e-01
1.310518234968185425e-01
1.310055553913116455e-01
1.309923976659774780e-01
1.309679895639419556e-01
1.309630274772644043e-01
1.309504657983779907e-01
1.309493035078048706e-01
1.309410035610198975e-01
1.309393942356109619e-01
1.309313327074050903e-01
1.309276521205902100e-01
1.309183835983276367e-01
1.309133023023605347e-01
1.309041827917098999e-01
1.309007406234741211e-01
1.308954954147338867e-01
1.308976113796234131e-01
1.308991461992263794e-01
1.309107840061187744e-01
1.309222579002380371e-01
1.309492439031600952e-01
1.309725046157836914e-01
1.310265511274337769e-01
1.310650110244750977e-01
1.311662495136260986e-01
1.312189698219299316e-01
1.313984543085098267e-01
1.314423233270645142e-01
1.317172199487686157e-01
1.316845864057540894e-01
1.319974213838577271e-01
1.318113654851913452e-01
1.320169121026992798e-01
1.317132115364074707e-01
1.317365765571594238e-01
1.314497441053390503e-01
1.313691586256027222e-01
1.311819404363632202e-01
1.311019957065582275e-01
1.310136914253234863e-01
1.309767365455627441e-01
1.309513002634048462e-01
1.309469193220138550e-01
1.309530884027481079e-01
1.309629976749420166e-01
1.309858709573745728e-01
1.309989094734191895e-01
1.310365498065948486e-01
1.310448199510574341e-01
1.310939341783523560e-01
1.310898661613464355e-01
1.311440020799636841e-01
1.311245560646057129e-01
1.311815828084945679e-01
1.311557888984680176e-01
1.312229186296463013e-01
1.312010586261749268e-01
1.312832683324813843e-01
1.312599927186965942e-01
1.313513964414596558e-01
1.313111335039138794e-01
1.313971281051635742e-01
1.313314586877822876e-01
1.313986629247665405e-01
1.313106864690780640e-01
1.313481181859970093e-01
1.312494874000549316e-01
1.312543898820877075e-01
1.311611831188201904e-01
1.311443895101547241e-01
1.310712099075317383e-01
1.310491859912872314e-01
1.310004591941833496e-01
1.309843659400939941e-01
1.309559494256973267e-01
1.309480220079421997e-01
1.309325695037841797e-01
1.309320181608200073e-01
1.309245377779006958e-01
1.309299618005752563e-01
1.309281587600708008e-01
1.309402883052825928e-01
1.309425830841064453e-01
1.309623569250106812e-01
1.309681385755538940e-01
1.309991925954818726e-01
1.310080736875534058e-01
1.310556232929229736e-01
1.310678720474243164e-01
1.311396062374114990e-01
1.311515271663665771e-01
1.312542259693145752e-01
1.312561631202697754e-01
1.313902735710144043e-01
1.313652396202087402e-01
1.315153539180755615e-01
1.314449459314346313e-01
1.315788179636001587e-01
1.314602941274642944e-01
1.315475106239318848e-01
1.314042210578918457e-01
1.314392983913421631e-01
1.313053369522094727e-01
1.313080638647079468e-01
1.312058120965957642e-01
1.311996728181838989e-01
1.311304867267608643e-01
1.311224699020385742e-01
1.310731470584869385e-01
1.310567557811737061e-01
1.310135126113891602e-01
1.309853494167327881e-01
1.309451907873153687e-01
1.309151053428649902e-01
1.308864802122116089e-01
1.308675408363342285e-01
1.308558881282806396e-01
1.308516710996627808e-01
1.308530420064926147e-01
1.308586150407791138e-01
1.308651864528656006e-01
1.308733820915222168e-01
1.308789998292922974e-01
1.308850347995758057e-01
1.308863162994384766e-01
1.308883875608444214e-01
1.308860778808593750e-01
1.308859288692474365e-01
1.308833211660385132e-01
1.308854222297668457e-01
1.308874934911727905e-01
1.308973580598831177e-01
1.309090107679367065e-01
1.309368461370468140e-01
1.309653520584106445e-01
1.310286074876785278e-01
1.310836970806121826e-01
1.312183290719985962e-01
1.313039511442184448e-01
1.315666437149047852e-01
1.316400617361068726e-01
1.320548206567764282e-01
1.319757103919982910e-01
1.324060112237930298e-01
1.320666521787643433e-01
1.322774142026901245e-01
1.318442672491073608e-01
1.318438649177551270e-01
1.315231174230575562e-01
1.314624249935150146e-01
1.312864124774932861e-01
1.312300711870193481e-01
1.311246454715728760e-01
1.310534924268722534e-01
1.309703439474105835e-01
1.309180259704589844e-01
1.308993697166442871e-01
1.309102773666381836e-01
1.309380084276199341e-01
1.309572607278823853e-01
1.309698820114135742e-01
1.309643238782882690e-01
1.309722512960433960e-01
1.309806704521179199e-01
1.310261934995651245e-01
1.310605406761169434e-01
1.311450749635696411e-01
1.311817318201065063e-01
1.313121467828750610e-01
1.313274353742599487e-01
1.315054744482040405e-01
1.314608007669448853e-01
1.316334605216979980e-01
1.315149366855621338e-01
1.316279172897338867e-01
1.314753890037536621e-01
1.315208077430725098e-01
1.313636451959609985e-01
1.313473582267761230e-01
1.312050968408584595e-01
1.311550885438919067e-01
1.310559809207916260e-01
1.310154795646667480e-01
1.309622973203659058e-01
1.309425681829452515e-01
1.309158205986022949e-01
1.309044063091278076e-01
1.308883279561996460e-01
1.308788061141967773e-01
1.308677792549133301e-01
1.308608204126358032e-01
1.308543831110000610e-01
1.308508366346359253e-01
1.308486759662628174e-01
1.308480501174926758e-01
1.308481991291046143e-01
1.308492720127105713e-01
1.308503001928329468e-01
1.308506131172180176e-01
1.308503895998001099e-01
1.308495551347732544e-01
1.308484822511672974e-01
1.308485269546508789e-01
1.308491379022598267e-01
1.308507472276687622e-01
1.308538317680358887e-01
1.308586299419403076e-01
1.308643221855163574e-01
1.308741420507431030e-01
1.308858692646026611e-01
1.309078037738800049e-01
1.309314370155334473e-01
1.309809833765029907e-01
1.310283392667770386e-01
1.311405003070831299e-01
1.312250643968582153e-01
1.314688920974731445e-01
1.315811127424240112e-01
1.320404857397079468e-01
1.320596635341644287e-01
1.326777040958404541e-01
1.323709785938262939e-01
1.327779740095138550e-01
1.321739703416824341e-01
1.321321427822113037e-01
1.315941214561462402e-01
1.313597559928894043e-01
1.310820430517196655e-01
1.309404820203781128e-01
1.308715939521789551e-01
1.308694034814834595e-01
1.309170275926589966e-01
1.309894919395446777e-01
1.311039477586746216e-01
1.311840862035751343e-01
1.313405632972717285e-01
1.313676685094833374e-01
1.315335333347320557e-01
1.314621120691299438e-01
1.315800845623016357e-01
1.314221620559692383e-01
1.314508616924285889e-01
1.312763243913650513e-01
1.312348842620849609e-01
1.311018168926239014e-01
1.310423612594604492e-01
1.309637576341629028e-01
1.309215426445007324e-01
1.308858543634414673e-01
1.308678239583969116e-01
1.308579146862030029e-01
1.308553367853164673e-01
1.308587342500686646e-01
1.308650672435760498e-01
1.308779567480087280e-01
1.308911591768264771e-01
1.309134215116500854e-01
1.309289783239364624e-01
1.309607475996017456e-01
1.309750080108642578e-01
1.310181915760040283e-01
1.310297548770904541e-01
1.310881674289703369e-01
1.310961544513702393e-01
1.311731785535812378e-01
1.311728656291961670e-01
1.312668621540069580e-01
1.312489062547683716e-01
1.313499659299850464e-01
1.313045620918273926e-01
1.313973814249038696e-01
1.313219517469406128e-01
1.313897818326950073e-01
1.312954872846603394e-01
1.313316226005554199e-01
1.312365382909774780e-01
1.312499493360519409e-01
1.311699897050857544e-01
1.311740428209304810e-01
1.311165839433670044e-01
1.311224997043609619e-01
1.310842633247375488e-01
1.310912519693374634e-01
1.310626417398452759e-01
1.310629695653915405e-01
1.310317665338516235e-01
1.310176551342010498e-01
1.309815198183059692e-01
1.309570819139480591e-01
1.309247612953186035e-01
1.309051066637039185e-01
1.308869123458862305e-01
1.308813244104385376e-01
1.308803260326385498e-01
1.308892816305160522e-01
1.308994442224502563e-01
1.309202313423156738e-01
1.309359520673751831e-01
1.309696137905120850e-01
1.309890300035476685e-01
1.310430169105529785e-01
1.310666203498840332e-01
1.311574429273605347e-01
1.311834454536437988e-01
1.313304454088211060e-01
1.313422918319702148e-01
1.315504610538482666e-01
1.315078884363174438e-01
1.317374855279922485e-01
1.316075474023818970e-01
1.317825168371200562e-01
1.315839737653732300e-01
1.316577196121215820e-01
1.314480751752853394e-01
1.314375102519989014e-01
1.312674283981323242e-01
1.312223523855209351e-01
1.311120092868804932e-01
1.310693472623825073e-01
1.310054659843444824e-01
1.309723258018493652e-01
1.309328675270080566e-01
1.309064179658889771e-01
1.308818757534027100e-01
1.308660060167312622e-01
1.308552622795104980e-01
1.308500617742538452e-01
1.308483630418777466e-01
1.308478415012359619e-01
1.308481991291046143e-01
1.308485567569732666e-01
1.308492422103881836e-01
1.308510005474090576e-01
1.308544576168060303e-01
1.308590173721313477e-01
1.308657824993133545e-01
1.308726817369461060e-01
1.308843046426773071e-01
1.308958828449249268e-01
1.309182792901992798e-01
1.309403181076049805e-01
1.309871971607208252e-01
1.310269683599472046e-01
1.311252564191818237e-01
1.311853379011154175e-01
1.313750296831130981e-01
1.314344257116317749e-01
1.317477971315383911e-01
1.317284107208251953e-01
1.321094483137130737e-01
1.319095641374588013e-01
1.321766823530197144e-01
1.318256705999374390e-01
1.318672895431518555e-01
1.315244138240814209e-01
1.314265429973602295e-01
1.312020272016525269e-01
1.311039775609970093e-01
1.310042887926101685e-01
1.309636682271957397e-01
1.309405118227005005e-01
1.309384554624557495e-01
1.309484243392944336e-01
1.309606730937957764e-01
1.309927999973297119e-01
1.310129016637802124e-01
1.310719996690750122e-01
1.310892999172210693e-01
1.311671435832977295e-01
1.311627328395843506e-01
1.312401443719863892e-01
1.312063932418823242e-01
1.312744170427322388e-01
1.312269568443298340e-01
1.312925219535827637e-01
1.312448233366012573e-01
1.313105225563049316e-01
1.312573105096817017e-01
1.313137263059616089e-01
1.312492787837982178e-01
1.312907040119171143e-01
1.312196254730224609e-01
1.312477737665176392e-01
1.311751604080200195e-01
1.311876624822616577e-01
1.311171203851699829e-01
1.311125308275222778e-01
1.310517936944961548e-01
1.310385763645172119e-01
1.309941858053207397e-01
1.309831142425537109e-01
1.309556514024734497e-01
1.309507042169570923e-01
1.309350132942199707e-01
1.309365034103393555e-01
1.309289783239364624e-01
1.309382170438766479e-01
1.309375911951065063e-01
1.309569478034973145e-01
1.309616118669509888e-01
1.309932321310043335e-01
1.310009807348251343e-01
1.310487687587738037e-01
1.310573518276214600e-01
1.311257481575012207e-01
1.311317086219787598e-01
1.312252283096313477e-01
1.312215477228164673e-01
1.313381493091583252e-01
1.313119232654571533e-01
1.314393430948257446e-01
1.313782185316085815e-01
1.314931511878967285e-01
1.313937604427337646e-01
1.314731091260910034e-01
1.313508749008178711e-01
1.313876658678054810e-01
1.312684863805770874e-01
1.312753707170486450e-01
1.311806142330169678e-01
1.311766207218170166e-01
1.311123967170715332e-01
1.311101466417312622e-01
1.310708224773406982e-01
1.310729682445526123e-01
1.310479938983917236e-01
1.310507357120513916e-01
1.310299336910247803e-01
1.310271918773651123e-01
1.310037672519683838e-01
1.309934407472610474e-01
1.309673339128494263e-01
1.309519708156585693e-01
1.309282034635543823e-01
1.309150904417037964e-01
1.309001296758651733e-01
1.308966130018234253e-01
1.308947354555130005e-01
1.309055238962173462e-01
1.309164613485336304e-01
1.309458017349243164e-01
1.309670507907867432e-01
1.310204118490219116e-01
1.310489624738693237e-01
1.311363875865936279e-01
1.311648637056350708e-01
1.312969326972961426e-01
1.313102245330810547e-01
1.314895004034042358e-01
1.314628571271896362e-01
1.316686868667602539e-01
1.315774172544479370e-01
1.317637860774993896e-01
1.316037327051162720e-01
1.317206472158432007e-01
1.315218210220336914e-01
1.315542459487915039e-01
1.313672661781311035e-01
1.313409805297851562e-01
1.311983913183212280e-01
1.311490982770919800e-01
1.310528218746185303e-01
1.310029327869415283e-01
1.309425979852676392e-01
1.309055089950561523e-01
1.308733820915222168e-01
1.308546364307403564e-01
1.308433711528778076e-01
1.308385431766510010e-01
1.308380663394927979e-01
1.308399587869644165e-01
1.308431625366210938e-01
1.308465301990509033e-01
1.308509260416030884e-01
1.308548897504806519e-01
1.308603435754776001e-01
1.308647096157073975e-01
1.308714747428894043e-01
1.308769434690475464e-01
1.308869123458862305e-01
1.308963149785995483e-01
1.309161782264709473e-01
1.309345513582229614e-01
1.309751570224761963e-01
1.310081332921981812e-01
1.310887783765792847e-01
1.311396062374114990e-01
1.312922090291976929e-01
1.313499957323074341e-01
1.316065639257431030e-01
1.316213309764862061e-01
1.319643855094909668e-01
1.318425983190536499e-01
1.321451067924499512e-01
1.318528801202774048e-01
1.319687813520431519e-01
1.316187828779220581e-01
1.315639466047286987e-01
1.312958002090454102e-01
1.311955600976943970e-01
1.310525238513946533e-01
1.309887170791625977e-01
1.309335529804229736e-01
1.309069842100143433e-01
1.308878958225250244e-01
1.308775842189788818e-01
1.308734565973281860e-01
1.308762431144714355e-01
1.308898478746414185e-01
1.309069693088531494e-01
1.309393346309661865e-01
1.309614181518554688e-01
1.310097873210906982e-01
1.310313344001770020e-01
1.311011165380477905e-01
1.311240643262863159e-01
1.312274783849716187e-01
1.312471181154251099e-01
1.313892304897308350e-01
1.313830167055130005e-01
1.315474957227706909e-01
1.314835846424102783e-01
1.316288113594055176e-01
1.314934492111206055e-01
1.315711885690689087e-01
1.313944756984710693e-01
1.313930749893188477e-01
1.312291324138641357e-01
1.311821788549423218e-01
1.310657113790512085e-01
1.310141682624816895e-01
1.309461742639541626e-01
1.309103667736053467e-01
1.308768093585968018e-01
1.308582425117492676e-01
1.308446824550628662e-01
1.308377683162689209e-01
1.308343410491943359e-01
1.308334767818450928e-01
1.308345943689346313e-01
1.308365911245346069e-01
1.308398097753524780e-01
1.308434158563613892e-01
1.308482140302658081e-01
1.308532506227493286e-01
1.308601796627044678e-01
1.308675706386566162e-01
1.308791488409042358e-01
1.308898329734802246e-01
1.309098601341247559e-01
1.309277117252349854e-01
1.309646815061569214e-01
1.309937536716461182e-01
1.310633122920989990e-01
1.311071515083312988e-01
1.312353014945983887e-01
1.312868297100067139e-01
1.315026730298995972e-01
1.315223574638366699e-01
1.318194717168807983e-01
1.317266225814819336e-01
1.320036649703979492e-01
1.317592710256576538e-01
1.318824589252471924e-01
1.315792202949523926e-01
1.315472573041915894e-01
1.313077211380004883e-01
1.312260329723358154e-01
1.310928314924240112e-01
1.310442984104156494e-01
1.310040801763534546e-01
1.310143172740936279e-01
1.310453861951828003e-01
1.311059743165969849e-01
1.311975866556167603e-01
1.312658488750457764e-01
1.313702166080474854e-01
1.313438564538955688e-01
1.313483268022537231e-01
1.311991065740585327e-01
1.311154365539550781e-01
1.310078650712966919e-01
1.309913992881774902e-01
1.310017257928848267e-01
1.310834437608718872e-01
1.311310380697250366e-01
1.312239021062850952e-01
1.312165409326553345e-01
1.312579661607742310e-01
1.312006413936614990e-01
1.312324553728103638e-01
1.312012672424316406e-01
1.312931030988693237e-01
1.312852799892425537e-01
1.314204633235931396e-01
1.313550770282745361e-01
1.314504295587539673e-01
1.313162297010421753e-01
1.313452124595642090e-01
1.312193274497985840e-01
1.312292963266372681e-01
1.311517357826232910e-01
1.311610341072082520e-01
1.311016082763671875e-01
1.310916095972061157e-01
1.310324221849441528e-01
1.310110390186309814e-01
1.309704184532165527e-01
1.309637874364852905e-01
1.309476643800735474e-01
1.309569776058197021e-01
1.309491395950317383e-01
1.309599131345748901e-01
1.309491097927093506e-01
1.309592127799987793e-01
1.309524625539779663e-01
1.309720873832702637e-01
1.309761404991149902e-01
1.310124993324279785e-01
1.310242265462875366e-01
1.310796886682510376e-01
1.310929059982299805e-01
1.311738342046737671e-01
1.311815232038497925e-01
1.312920749187469482e-01
1.312812864780426025e-01
1.314158141613006592e-01
1.313711404800415039e-01
1.315055042505264282e-01
1.314164102077484131e-01
1.315168142318725586e-01
1.313911825418472290e-01
1.314363628625869751e-01
1.313004046678543091e-01
1.312961131334304810e-01
1.311774551868438721e-01
1.311485171318054199e-01
1.310616284608840942e-01
1.310300976037979126e-01
1.309737563133239746e-01
1.309491544961929321e-01
1.309156715869903564e-01
1.308991461992263794e-01
1.308804452419281006e-01
1.308714449405670166e-01
1.308621764183044434e-01
1.308587491512298584e-01
1.308550685644149780e-01
1.308550387620925903e-01
1.308544129133224487e-01
1.308571547269821167e-01
1.308588832616806030e-01
1.308648288249969482e-01
1.308688521385192871e-01
1.308794170618057251e-01
1.308872103691101074e-01
1.309061646461486816e-01
1.309196650981903076e-01
1.309536993503570557e-01
1.309752315282821655e-01
1.310364156961441040e-01
1.310691386461257935e-01
1.311773210763931274e-01
1.312157511711120605e-01
1.313927769660949707e-01
1.314133405685424805e-01
1.316606402397155762e-01
1.316105425357818604e-01
1.318729370832443237e-01
1.317069828510284424e-01
1.318818330764770508e-01
1.316289156675338745e-01
1.316648274660110474e-01
1.314184069633483887e-01
1.313672214746475220e-01
1.311984509229660034e-01
1.311400383710861206e-01
1.310538649559020996e-01
1.310185790061950684e-01
1.309775114059448242e-01
1.309536099433898926e-01
1.309264302253723145e-01
1.309060603380203247e-01
1.308890879154205322e-01
1.308804452419281006e-01
1.308810561895370483e-01
1.308843344449996948e-01
1.308972686529159546e-01
1.309043914079666138e-01
1.309262216091156006e-01
1.309397667646408081e-01
1.309795975685119629e-01
1.310060173273086548e-01
1.310745477676391602e-01
1.311080306768417358e-01
1.312109977006912231e-01
1.312381774187088013e-01
1.313805580139160156e-01
1.313800960779190063e-01
1.315551400184631348e-01
1.314931511878967285e-01
1.316561549901962280e-01
1.315115988254547119e-01
1.315993219614028931e-01
1.314089894294738770e-01
1.314078867435455322e-01
1.312378644943237305e-01
1.311916410923004150e-01
1.310757249593734741e-01
1.310288608074188232e-01
1.309641897678375244e-01
1.309351325035095215e-01
1.309060901403427124e-01
1.308949887752532959e-01
1.308867335319519043e-01
1.308872848749160767e-01
1.308890283107757568e-01
1.308936774730682373e-01
1.308985948562622070e-01
1.309024393558502197e-01
1.309062838554382324e-01
1.309057027101516724e-01
1.309056878089904785e-01
1.308999657630920410e-01
1.308968514204025269e-01
1.308894008398056030e-01
1.308873742818832397e-01
1.308834105730056763e-01
1.308891475200653076e-01
1.308945119380950928e-01
1.309162676334381104e-01
1.309352368116378784e-01
1.309843510389328003e-01
1.310202777385711670e-01
1.311177611351013184e-01
1.311678439378738403e-01
1.313430815935134888e-01
1.313826590776443481e-01
1.316507160663604736e-01
1.316158622503280640e-01
1.319217532873153687e-01
1.317498683929443359e-01
1.319676488637924194e-01
1.316934376955032349e-01
1.317543387413024902e-01
1.314816474914550781e-01
1.314339041709899902e-01
1.312365233898162842e-01
1.311663389205932617e-01
1.310596913099288940e-01
1.310151070356369019e-01
1.309679448604583740e-01
1.309436261653900146e-01
1.309184879064559937e-01
1.309011131525039673e-01
1.308878511190414429e-01
1.308823972940444946e-01
1.308878958225250244e-01
1.308962106704711914e-01
1.309161335229873657e-01
1.309262216091156006e-01
1.309497505426406860e-01
1.309559047222137451e-01
1.309846639633178711e-01
1.309927850961685181e-01
1.310386806726455688e-01
1.310544461011886597e-01
1.311268359422683716e-01
1.311463415622711182e-01
1.312553286552429199e-01
1.312672495841979980e-01
1.314206123352050781e-01
1.314008384943008423e-01
1.315835267305374146e-01
1.314965188503265381e-01
1.316535025835037231e-01
1.314942389726638794e-01
1.315705627202987671e-01
1.313889473676681519e-01
1.313891708850860596e-01
1.312371790409088135e-01
1.312020421028137207e-01
1.310968399047851562e-01
1.310580968856811523e-01
1.309937834739685059e-01
1.309641748666763306e-01
1.309278905391693115e-01
1.309080272912979126e-01
1.308871656656265259e-01
1.308735907077789307e-01
1.308612823486328125e-01
1.308519989252090454e-01
1.308447867631912231e-01
1.308390647172927856e-01
1.308353841304779053e-01
1.308324486017227173e-01
1.308310031890869141e-01
1.308306604623794556e-01
1.308310776948928833e-01
1.308325976133346558e-01
1.308351457118988037e-01
1.308390647172927856e-01
1.308455020189285278e-01
1.308532357215881348e-01
1.308669000864028931e-01
1.308815032243728638e-01
1.309092491865158081e-01
1.309364289045333862e-01
1.309947818517684937e-01
1.310422420501708984e-01
1.311627924442291260e-01
1.312330812215805054e-01
1.314655542373657227e-01
1.315248906612396240e-01
1.318981200456619263e-01
1.318364590406417847e-01
1.322435140609741211e-01
1.319567561149597168e-01
1.321694552898406982e-01
1.317627727985382080e-01
1.317297518253326416e-01
1.313966363668441772e-01
1.312707066535949707e-01
1.310845315456390381e-01
1.309973299503326416e-01
1.309324800968170166e-01
1.309115737676620483e-01
1.309116780757904053e-01
1.309253573417663574e-01
1.309505999088287354e-01
1.309724748134613037e-01
1.310210675001144409e-01
1.310462504625320435e-01
1.311308443546295166e-01
1.311437189579010010e-01
1.312534660100936890e-01
1.312215179204940796e-01
1.313165724277496338e-01
1.312392652034759521e-01
1.312998831272125244e-01
1.312205046415328979e-01
1.312621831893920898e-01
1.311972737312316895e-01
1.312244385480880737e-01
1.311598420143127441e-01
1.311693340539932251e-01
1.311113387346267700e-01
1.311194300651550293e-01
1.310801357030868530e-01
1.310946047306060791e-01
1.310637891292572021e-01
1.310763061046600342e-01
1.310449242591857910e-01
1.310544610023498535e-01
1.310317367315292358e-01
1.310500204563140869e-01
1.310420185327529907e-01
1.310713738203048706e-01
1.310689896345138550e-01
1.310982704162597656e-01
1.310864686965942383e-01
1.311058551073074341e-01
1.310765594244003296e-01
1.310858279466629028e-01
1.310493201017379761e-01
1.310657709836959839e-01
1.310406923294067383e-01
1.310817897319793701e-01
1.310744136571884155e-01
1.311458200216293335e-01
1.311471164226531982e-01
1.312443912029266357e-01
1.312386989593505859e-01
1.313495784997940063e-01
1.313189566135406494e-01
1.314281672239303589e-01
1.313640922307968140e-01
1.314598321914672852e-01
1.313672214746475220e-01
1.314402967691421509e-01
1.313275098800659180e-01
1.313672512769699097e-01
1.312483549118041992e-01
1.312518715858459473e-01
1.311455070972442627e-01
1.311253011226654053e-01
1.310446858406066895e-01
1.310176253318786621e-01
1.309639215469360352e-01
1.309404671192169189e-01
1.309075206518173218e-01
1.308921426534652710e-01
1.308745741844177246e-01
1.308671981096267700e-01
1.308593153953552246e-01
1.308577209711074829e-01
1.308552026748657227e-01
1.308576166629791260e-01
1.308581531047821045e-01
1.308637410402297974e-01
1.308668553829193115e-01
1.308770924806594849e-01
1.308837085962295532e-01
1.309015452861785889e-01
1.309138238430023193e-01
1.309454441070556641e-01
1.309651732444763184e-01
1.310214251279830933e-01
1.310506016016006470e-01
1.311483979225158691e-01
1.311830431222915649e-01
1.313417404890060425e-01
1.313605904579162598e-01
1.315822750329971313e-01
1.315410882234573364e-01
1.317808181047439575e-01
1.316404938697814941e-01
1.318129003047943115e-01
1.315941065549850464e-01
1.316499263048171997e-01
1.314258724451065063e-01
1.313962042331695557e-01
1.312287896871566772e-01
1.311787068843841553e-01
1.310817748308181763e-01
1.310464888811111450e-01
1.309970915317535400e-01
1.309735476970672607e-01
1.309450566768646240e-01
1.309265494346618652e-01
1.309101581573486328e-01
1.308981627225875854e-01
1.308940798044204712e-01
1.308895200490951538e-01
1.308934539556503296e-01
1.308920234441757202e-01
1.309005618095397949e-01
1.309029161930084229e-01
1.309201121330261230e-01
1.309315711259841919e-01
1.309659332036972046e-01
1.309882700443267822e-01
1.310489773750305176e-01
1.310806274414062500e-01
1.311790645122528076e-01
1.312118023633956909e-01
1.313622444868087769e-01
1.313735097646713257e-01
1.315729469060897827e-01
1.315169781446456909e-01
1.317136138677597046e-01
1.315585672855377197e-01
1.316709071397781372e-01
1.314572095870971680e-01
1.314615011215209961e-01
1.312667131423950195e-01
1.312117129564285278e-01
1.310771554708480835e-01
1.310178637504577637e-01
1.309422850608825684e-01
1.309031546115875244e-01
1.308681815862655640e-01
1.308495402336120605e-01
1.308361291885375977e-01
1.308301985263824463e-01
1.308272778987884521e-01
1.308273822069168091e-01
1.308295279741287231e-01
1.308333873748779297e-01
1.308394968509674072e-01
1.308466047048568726e-01
1.308566927909851074e-01
1.308668255805969238e-01
1.308815777301788330e-01
1.308951526880264282e-01
1.309181898832321167e-01
1.309369504451751709e-01
1.309752911329269409e-01
1.310023516416549683e-01
1.310673654079437256e-01
1.311031281948089600e-01
1.312122792005538940e-01
1.312497258186340332e-01
1.314220428466796875e-01
1.314334720373153687e-01
1.316666752099990845e-01
1.315978914499282837e-01
1.318335384130477905e-01
1.316462457180023193e-01
1.317850947380065918e-01
1.315268278121948242e-01
1.315372288227081299e-01
1.313093900680541992e-01
1.312567293643951416e-01
1.311121582984924316e-01
1.310664862394332886e-01
1.309997886419296265e-01
1.309877038002014160e-01
1.309726387262344360e-01
1.309868246316909790e-01
1.309971213340759277e-01
1.310136020183563232e-01
1.310241371393203735e-01
1.310185790061950684e-01
1.310116201639175415e-01
1.309833377599716187e-01
1.309679597616195679e-01
1.309453397989273071e-01
1.309450864791870117e-01
1.309477239847183228e-01
1.309721171855926514e-01
1.309881955385208130e-01
1.310302466154098511e-01
1.310434639453887939e-01
1.310982108116149902e-01
1.311044842004776001e-01
1.311748176813125610e-01
1.311784684658050537e-01
1.312872916460037231e-01
1.312965750694274902e-01
1.314720958471298218e-01
1.314687430858612061e-01
1.316965073347091675e-01
1.316229850053787231e-01
1.318224221467971802e-01
1.316426694393157959e-01
1.317269951105117798e-01
1.314881294965744019e-01
1.314567327499389648e-01
1.312492042779922485e-01
1.311761140823364258e-01
1.310457140207290649e-01
1.309882998466491699e-01
1.309240311384201050e-01
1.308934539556503296e-01
1.308657079935073853e-01
1.308503895998001099e-01
1.308387070894241333e-01
1.308309733867645264e-01
1.308272182941436768e-01
1.308266222476959229e-01
1.308305859565734863e-01
1.308382302522659302e-01
1.308521032333374023e-01
1.308666467666625977e-01
1.308902800083160400e-01
1.309081614017486572e-01
1.309436410665512085e-01
1.309634745121002197e-01
1.310173869132995605e-01
1.310406029224395752e-01
1.311259418725967407e-01
1.311515867710113525e-01
1.312810480594635010e-01
1.312958598136901855e-01
1.314709335565567017e-01
1.314435154199600220e-01
1.316345036029815674e-01
1.315315812826156616e-01
1.316764503717422485e-01
1.315018534660339355e-01
1.315549015998840332e-01
1.313607394695281982e-01
1.313356757164001465e-01
1.311780959367752075e-01
1.311241984367370605e-01
1.310229152441024780e-01
1.309781521558761597e-01
1.309242099523544312e-01
1.308982521295547485e-01
1.308742165565490723e-01
1.308633238077163696e-01
1.308547556400299072e-01
1.308517158031463623e-01
1.308499723672866821e-01
1.308491677045822144e-01
1.308493763208389282e-01
1.308487355709075928e-01
1.308503597974777222e-01
1.308502256870269775e-01
1.308542191982269287e-01
1.308567225933074951e-01
1.308650076389312744e-01
1.308715492486953735e-01
1.308874189853668213e-01
1.308992505073547363e-01
1.309276521205902100e-01
1.309462189674377441e-01
1.309951841831207275e-01
1.310218274593353271e-01
1.311061680316925049e-01
1.311367005109786987e-01
1.312738806009292603e-01
1.312924921512603760e-01
1.314914971590042114e-01
1.314669251441955566e-01
1.317051202058792114e-01
1.316054463386535645e-01
1.318224072456359863e-01
1.316436082124710083e-01
1.317770183086395264e-01
1.315572112798690796e-01
1.315932720899581909e-01
1.313934177160263062e-01
1.313740611076354980e-01
1.312335431575775146e-01
1.312023103237152100e-01
1.311135441064834595e-01
1.310810595750808716e-01
1.310209780931472778e-01
1.309904307126998901e-01
1.309544891119003296e-01
1.309332996606826782e-01
1.309147924184799194e-01
1.308982670307159424e-01
1.308833062648773193e-01
1.308657079935073853e-01
1.308518201112747192e-01
1.308418512344360352e-01
1.308403462171554565e-01
1.308461129665374756e-01
1.308616995811462402e-01
1.308787763118743896e-01
1.309056133031845093e-01
1.309271305799484253e-01
1.309675425291061401e-01
1.309931874275207520e-01
1.310603916645050049e-01
1.310898363590240479e-01
1.312000304460525513e-01
1.312250196933746338e-01
1.313945502042770386e-01
1.313958615064620972e-01
1.316221058368682861e-01
1.315621435642242432e-01
1.317948102951049805e-01
1.316379904747009277e-01
1.317874938249588013e-01
1.315547078847885132e-01
1.315759271383285522e-01
1.313448101282119751e-01
1.312837749719619751e-01
1.311187595129013062e-01
1.310484260320663452e-01
1.309570074081420898e-01
1.309098303318023682e-01
1.308676004409790039e-01
1.308450698852539062e-01
1.308303177356719971e-01
1.308251023292541504e-01
1.308255046606063843e-01
1.308299303054809570e-01
1.308369636535644531e-01
1.308441013097763062e-01
1.308528184890747070e-01
1.308594644069671631e-01
1.308709681034088135e-01
1.308803856372833252e-01
1.309012770652770996e-01
1.309173256158828735e-01
1.309558600187301636e-01
1.309803426265716553e-01
1.310480237007141113e-01
1.310798078775405884e-01
1.311918348073959351e-01
1.312188208103179932e-01
1.313862055540084839e-01
1.313781589269638062e-01
1.315819770097732544e-01
1.314982473850250244e-01
1.316771209239959717e-01
1.315147429704666138e-01
1.316108703613281250e-01
1.314207762479782104e-01
1.314357370138168335e-01
1.312729269266128540e-01
1.312482208013534546e-01
1.311367899179458618e-01
1.311106830835342407e-01
1.310480386018753052e-01
1.310346424579620361e-01
1.310021728277206421e-01
1.309935152530670166e-01
1.309702247381210327e-01
1.309557557106018066e-01
1.309329271316528320e-01
1.309131383895874023e-01
1.308921277523040771e-01
1.308733820915222168e-01
1.308565288782119751e-01
1.308422535657882690e-01
1.308304369449615479e-01
1.308213919401168823e-01
1.308163702487945557e-01
1.308145374059677124e-01
1.308167129755020142e-01
1.308217346668243408e-01
1.308298110961914062e-01
1.308384835720062256e-01
1.308505982160568237e-01
1.308614611625671387e-01
1.308797597885131836e-01
1.308965384960174561e-01
1.309304684400558472e-01
1.309601515531539917e-01
1.310285329818725586e-01
1.310787796974182129e-01
1.312167793512344360e-01
1.312867701053619385e-01
1.315467804670333862e-01
1.315942257642745972e-01
1.319941878318786621e-01
1.318960338830947876e-01
1.322970390319824219e-01
1.319609284400939941e-01
1.321240067481994629e-01
1.316920816898345947e-01
1.316076368093490601e-01
1.312835067510604858e-01
1.311397701501846313e-01
1.309811174869537354e-01
1.309028118848800659e-01
1.308594793081283569e-01
1.308486014604568481e-01
1.308569908142089844e-01
1.308768093585968018e-01
1.309101283550262451e-01
1.309446394443511963e-01
1.310126930475234985e-01
1.310546249151229858e-01
1.311689913272857666e-01
1.311899125576019287e-01
1.313330680131912231e-01
1.312929540872573853e-01
1.314166337251663208e-01
1.313154995441436768e-01
1.313853859901428223e-01
1.312685906887054443e-01
1.312911212444305420e-01
1.311873495578765869e-01
1.311785578727722168e-01
1.310921162366867065e-01
1.310682147741317749e-01
1.310065239667892456e-01
1.309887915849685669e-01
1.309542506933212280e-01
1.309496462345123291e-01
1.309305429458618164e-01
1.309281736612319946e-01
1.309122145175933838e-01
1.309064924716949463e-01
1.308927685022354126e-01
1.308875977993011475e-01
1.308792531490325928e-01
1.308767348527908325e-01
1.308715343475341797e-01
1.308710128068923950e-01
1.308664530515670776e-01
1.308666020631790161e-01
1.308641284704208374e-01
1.308691054582595825e-01
1.308724135160446167e-01
1.308885365724563599e-01
1.309017688035964966e-01
1.309365779161453247e-01
1.309614330530166626e-01
1.310284733772277832e-01
1.310656964778900146e-01
1.311871558427810669e-01
1.312293857336044312e-01
1.314283758401870728e-01
1.314443796873092651e-01
1.317149847745895386e-01
1.316418647766113281e-01
1.319066435098648071e-01
1.317043602466583252e-01
1.318490803241729736e-01
1.315715014934539795e-01
1.315672993659973145e-01
1.313218772411346436e-01
1.312473863363265991e-01
1.310945451259613037e-01
1.310328543186187744e-01
1.309657692909240723e-01
1.309404522180557251e-01
1.309212148189544678e-01
1.309173256158828735e-01
1.309159100055694580e-01
1.309188604354858398e-01
1.309248805046081543e-01
1.309319585561752319e-01
1.309494525194168091e-01
1.309585869312286377e-01
1.309844255447387695e-01
1.309829205274581909e-01
1.310096234083175659e-01
1.309965848922729492e-01
1.310319900512695312e-01
1.310288012027740479e-01
1.310911923646926880e-01
1.311062276363372803e-01
1.312016546726226807e-01
1.312157511711120605e-01
1.313400417566299438e-01
1.313313394784927368e-01
1.314758956432342529e-01
1.314256638288497925e-01
1.315621286630630493e-01
1.314526796340942383e-01
1.315338909626007080e-01
1.313782483339309692e-01
1.313860267400741577e-01
1.312325447797775269e-01
1.311961412429809570e-01
1.310809850692749023e-01
1.310382336378097534e-01
1.309677213430404663e-01
1.309386789798736572e-01
1.309049576520919800e-01
1.308965235948562622e-01
1.308894306421279907e-01
1.309002935886383057e-01
1.309113204479217529e-01
1.309366375207901001e-01
1.309588402509689331e-01
1.309921890497207642e-01
1.310145109891891479e-01
1.310388147830963135e-01
1.310392171144485474e-01
1.310289502143859863e-01
1.309920102357864380e-01
1.309491842985153198e-01
1.309027820825576782e-01
1.308701783418655396e-01
1.308516263961791992e-01
1.308517754077911377e-01
1.308597475290298462e-01
1.308759897947311401e-01
1.308867037296295166e-01
1.309007406234741211e-01
1.309056878089904785e-01
1.309231817722320557e-01
1.309340596199035645e-01
1.309776902198791504e-01
1.310101896524429321e-01
1.311115324497222900e-01
1.311661750078201294e-01
1.313632130622863770e-01
1.314062923192977905e-01
1.317162662744522095e-01
1.316745430231094360e-01
1.320391595363616943e-01
1.318569183349609375e-01
1.321429163217544556e-01
1.318429410457611084e-01
1.319447159767150879e-01
1.316044032573699951e-01
1.315312981605529785e-01
1.312626749277114868e-01
1.311407536268234253e-01
1.309910565614700317e-01
1.309121102094650269e-01
1.308531165122985840e-01
1.308277696371078491e-01
1.308228373527526855e-01
1.308323889970779419e-01
1.308512091636657715e-01
1.308708339929580688e-01
1.308942437171936035e-01
1.309115737676620483e-01
1.309455335140228271e-01
1.309696137905120850e-01
1.310347318649291992e-01
1.310670524835586548e-01
1.311686038970947266e-01
1.311873495578765869e-01
1.313125193119049072e-01
1.312900930643081665e-01
1.314183026552200317e-01
1.313435137271881104e-01
1.314458400011062622e-01
1.313309371471405029e-01
1.313844770193099976e-01
1.312583982944488525e-01
1.312631368637084961e-01
1.311501115560531616e-01
1.311243474483489990e-01
1.310376375913619995e-01
1.310045868158340454e-01
1.309469342231750488e-01
1.309216171503067017e-01
1.308893263339996338e-01
1.308762431144714355e-01
1.308607012033462524e-01
1.308560520410537720e-01
1.308485567569732666e-01
1.308472603559494019e-01
1.308430433273315430e-01
1.308433562517166138e-01
1.308407634496688843e-01
1.308429390192031860e-01
1.308438479900360107e-01
1.308505088090896606e-01
1.308559477329254150e-01
1.308695375919342041e-01
1.308811455965042114e-01
1.309058815240859985e-01
1.309259831905364990e-01
1.309707462787628174e-01
1.310020089149475098e-01
1.310823112726211548e-01
1.311248242855072021e-01
1.312628686428070068e-01
1.313065141439437866e-01
1.315226405858993530e-01
1.315252929925918579e-01
1.317994743585586548e-01
1.316934078931808472e-01
1.319313943386077881e-01
1.316933333873748779e-01
1.317892819643020630e-01
1.315013766288757324e-01
1.314597427845001221e-01
1.312286704778671265e-01
1.311401128768920898e-01
1.310033649206161499e-01
1.309362947940826416e-01
1.308739781379699707e-01
1.308422833681106567e-01
1.308220922946929932e-01
1.308154016733169556e-01
1.308162510395050049e-01
1.308233588933944702e-01
1.308360695838928223e-01
1.308506131172180176e-01
1.308712810277938843e-01
1.308897584676742554e-01
1.309195756912231445e-01
1.309405267238616943e-01
1.309845447540283203e-01
1.310086548328399658e-01
1.310769319534301758e-01
1.311021447181701660e-01
1.312039494514465332e-01
1.312200874090194702e-01
1.313592195510864258e-01
1.313441395759582520e-01
1.315070092678070068e-01
1.314332038164138794e-01
1.315797567367553711e-01
1.314392238855361938e-01
1.315246820449829102e-01
1.313487440347671509e-01
1.313627064228057861e-01
1.312020719051361084e-01
1.311738044023513794e-01
1.310587525367736816e-01
1.310223937034606934e-01
1.309529095888137817e-01
1.309258490800857544e-01
1.308883428573608398e-01
1.308721899986267090e-01
1.308538317680358887e-01
1.308455318212509155e-01
1.308370977640151978e-01
1.308341324329376221e-01
1.308309584856033325e-01
1.308312565088272095e-01
1.308313012123107910e-01
1.308331936597824097e-01
1.308350712060928345e-01
1.308385878801345825e-01
1.308417767286300659e-01
1.308465898036956787e-01
1.308510452508926392e-01
1.308586746454238892e-01
1.308645606040954590e-01
1.308743059635162354e-01
1.308812797069549561e-01
1.308933198451995850e-01
1.309001594781875610e-01
1.309144347906112671e-01
1.309198141098022461e-01
1.309367567300796509e-01
1.309396624565124512e-01
1.309607923030853271e-01
1.309631019830703735e-01
1.309969276189804077e-01
1.310056298971176147e-01
1.310734003782272339e-01
1.311020255088806152e-01
1.312456876039505005e-01
1.313031762838363647e-01
1.315875500440597534e-01
1.316388547420501709e-01
1.320984214544296265e-01
1.320127397775650024e-01
1.325109153985977173e-01
1.321535259485244751e-01
1.323951482772827148e-01
1.318813860416412354e-01
1.317983865737915039e-01
1.313946098089218140e-01
1.312213093042373657e-01
1.310271769762039185e-01
1.309296190738677979e-01
1.308714896440505981e-01
1.308503299951553345e-01
1.308591067790985107e-01
1.308923661708831787e-01
1.309637427330017090e-01
1.310307979583740234e-01
1.311631351709365845e-01
1.312071382999420166e-01
1.313599050045013428e-01
1.313287317752838135e-01
1.314498931169509888e-01
1.313508003950119019e-01
1.314135938882827759e-01
1.312853991985321045e-01
1.312892138957977295e-01
1.311621516942977905e-01
1.311269998550415039e-01
1.310276538133621216e-01
1.309904605150222778e-01
1.309308856725692749e-01
1.309086084365844727e-01
1.308770179748535156e-01
1.308624446392059326e-01
1.308431327342987061e-01
1.308308243751525879e-01
1.308196038007736206e-01
1.308130770921707153e-01
1.308096796274185181e-01
1.308086216449737549e-01
1.308088898658752441e-01
1.308091282844543457e-01
1.308099329471588135e-01
1.308108568191528320e-01
1.308135241270065308e-01
1.308176964521408081e-01
1.308252662420272827e-01
1.308339983224868774e-01
1.308475881814956665e-01
1.308611631393432617e-01
1.308849006891250610e-01
1.309062093496322632e-01
1.309490352869033813e-01
1.309826225042343140e-01
1.310626417398452759e-01
1.311070173978805542e-01
1.312461346387863159e-01
1.312857270240783691e-01
1.314980685710906982e-01
1.314917355775833130e-01
1.317532956600189209e-01
1.316499561071395874e-01
1.318834275007247925e-01
1.316751986742019653e-01
1.318041831254959106e-01
1.315486580133438110e-01
1.315632611513137817e-01
1.313396096229553223e-01
1.312930881977081299e-01
1.311433613300323486e-01
1.310885250568389893e-01
1.309999972581863403e-01
1.309516876935958862e-01
1.308958977460861206e-01
1.308596730232238770e-01
1.308307051658630371e-01
1.308161318302154541e-01
1.308114528656005859e-01
1.308141946792602539e-01
1.308210790157318115e-01
1.308277547359466553e-01
1.308349519968032837e-01
1.308406591415405273e-01
1.308495402336120605e-01
1.308573782444000244e-01
1.308721452951431274e-01
1.308840066194534302e-01
1.309095621109008789e-01
1.309287697076797485e-01
1.309755444526672363e-01
1.310070455074310303e-01
1.310961842536926270e-01
1.311391741037368774e-01
1.312955617904663086e-01
1.313257068395614624e-01
1.315558403730392456e-01
1.315184831619262695e-01
1.317719668149948120e-01
1.316224932670593262e-01
1.318003833293914795e-01
1.315677762031555176e-01
1.316169202327728271e-01
1.313810795545578003e-01
1.313357502222061157e-01
1.311572641134262085e-01
1.310872137546539307e-01
1.309825778007507324e-01
1.309322714805603027e-01
1.308817863464355469e-01
1.308542490005493164e-01
1.308310180902481079e-01
1.308170706033706665e-01
1.308079957962036133e-01
1.308051943778991699e-01
1.308072060346603394e-01
1.308131814002990723e-01
1.308222860097885132e-01
1.308321207761764526e-01
1.308455020189285278e-01
1.308568716049194336e-01
1.308759450912475586e-01
1.308905482292175293e-01
1.309221386909484863e-01
1.309433132410049438e-01
1.309951543807983398e-01
1.310219913721084595e-01
1.311050802469253540e-01
1.311313658952713013e-01
1.312553435564041138e-01
1.312624216079711914e-01
1.314269006252288818e-01
1.313834786415100098e-01
1.315596252679824829e-01
1.314455568790435791e-01
1.315858215093612671e-01
1.314241290092468262e-01
1.315061450004577637e-01
1.313495039939880371e-01
1.313910633325576782e-01
1.312676817178726196e-01
1.312925368547439575e-01
1.312019675970077515e-01
1.312214732170104980e-01
1.311541199684143066e-01
1.311673223972320557e-01
1.311104446649551392e-01
1.311080902814865112e-01
1.310508102178573608e-01
1.310302466154098511e-01
1.309777498245239258e-01
1.309534609317779541e-01
1.309178769588470459e-01
1.309071779251098633e-01
1.308936476707458496e-01
1.309009045362472534e-01
1.309032440185546875e-01
1.309270262718200684e-01
1.309369355440139771e-01
1.309773027896881104e-01
1.309883743524551392e-01
1.310473829507827759e-01
1.310533583164215088e-01
1.311320066452026367e-01
1.311274468898773193e-01
1.312270611524581909e-01
1.312096863985061646e-01
1.313298344612121582e-01
1.312962919473648071e-01
1.314290612936019897e-01
1.313691139221191406e-01
1.314940601587295532e-01
1.313974559307098389e-01
1.314886808395385742e-01
1.313620507717132568e-01
1.314039975404739380e-01
1.312706619501113892e-01
1.312681138515472412e-01
1.311511397361755371e-01
1.311222016811370850e-01
1.310329437255859375e-01
1.309969574213027954e-01
1.309379637241363525e-01
1.309091150760650635e-01
1.308751702308654785e-01
1.308581382036209106e-01
1.308408379554748535e-01
1.308332532644271851e-01
1.308258473873138428e-01
1.308239698410034180e-01
1.308217197656631470e-01
1.308234632015228271e-01
1.308242529630661011e-01
1.308288723230361938e-01
1.308312714099884033e-01
1.308383345603942871e-01
1.308426558971405029e-01
1.308538615703582764e-01
1.308607459068298340e-01
1.308798640966415405e-01
1.308920979499816895e-01
1.309255808591842651e-01
1.309459954500198364e-01
1.310060918331146240e-01
1.310372948646545410e-01
1.311431974172592163e-01
1.311813294887542725e-01
1.313562691211700439e-01
1.313785910606384277e-01
1.316280961036682129e-01
1.315840631723403931e-01
1.318570077419281006e-01
1.316996663808822632e-01
1.318946331739425659e-01
1.316508054733276367e-01
1.317125558853149414e-01
1.314713656902313232e-01
1.314398944377899170e-01
1.312633603811264038e-01
1.312012821435928345e-01
1.310845613479614258e-01
1.310157328844070435e-01
1.309338957071304321e-01
1.308773607015609741e-01
1.308361887931823730e-01
1.308206915855407715e-01
1.308274120092391968e-01
1.308480650186538696e-01
1.308806985616683960e-01
1.309125870466232300e-01
1.309541463851928711e-01
1.309832781553268433e-01
1.310325115919113159e-01
1.310532391071319580e-01
1.311098635196685791e-01
1.311126649379730225e-01
1.311709135770797729e-01
1.311489045619964600e-01
1.312076449394226074e-01
1.311657428741455078e-01
1.312360763549804688e-01
1.311855465173721313e-01
1.312718838453292847e-01
1.312087774276733398e-01
1.312924027442932129e-01
1.312140971422195435e-01
1.312816739082336426e-01
1.312091201543807983e-01
1.312681883573532104e-01
1.312094479799270630e-01
1.312611848115921021e-01
1.312007158994674683e-01
1.312343925237655640e-01
1.311659365892410278e-01
1.311799287796020508e-01
1.311123967170715332e-01
1.311161667108535767e-01
1.310579478740692139e-01
1.310633271932601929e-01
1.310201883316040039e-01
1.310354620218276978e-01
1.310071945190429688e-01
1.310319751501083374e-01
1.310099810361862183e-01
1.310369819402694702e-01
1.310134381055831909e-01
1.310397386550903320e-01
1.310153156518936157e-01
1.310441195964813232e-01
1.310212463140487671e-01
1.310555189847946167e-01
1.310363411903381348e-01
1.310775130987167358e-01
1.310613602399826050e-01
1.311112344264984131e-01
1.310957372188568115e-01
1.311553865671157837e-01
1.311360597610473633e-01
1.312044262886047363e-01
1.311751455068588257e-01
1.312481760978698730e-01
1.312043815851211548e-01
1.312735229730606079e-01
1.312125772237777710e-01
1.312685161828994751e-01
1.311934292316436768e-01
1.312289983034133911e-01
1.311499923467636108e-01
1.311656534671783447e-01
1.310931891202926636e-01
1.310965120792388916e-01
1.310369670391082764e-01
1.310349553823471069e-01
1.309896856546401978e-01
1.309877336025238037e-01
1.309558600187301636e-01
1.309579312801361084e-01
1.309361308813095093e-01
1.309431493282318115e-01
1.309296488761901855e-01
1.309433132410049438e-01
1.309357732534408569e-01
1.309577375650405884e-01
1.309553086757659912e-01
1.309880763292312622e-01
1.309894919395446777e-01
1.310371756553649902e-01
1.310401856899261475e-01
1.311064660549163818e-01
1.311066299676895142e-01
1.311939954757690430e-01
1.311830580234527588e-01
1.312877833843231201e-01
1.312551498413085938e-01
1.313647329807281494e-01
1.313019543886184692e-01
1.313965171575546265e-01
1.313050389289855957e-01
1.313677281141281128e-01
1.312611550092697144e-01
1.312881410121917725e-01
1.311845630407333374e-01
1.311843693256378174e-01
1.310973316431045532e-01
1.310840845108032227e-01
1.310192942619323730e-01
1.310034245252609253e-01
1.309582293033599854e-01
1.309451460838317871e-01
1.309150159358978271e-01
1.309067308902740479e-01
1.308879107236862183e-01
1.308846324682235718e-01
1.308739781379699707e-01
1.308765560388565063e-01
1.308726370334625244e-01
1.308816373348236084e-01
1.308835595846176147e-01
1.309016495943069458e-01
1.309094429016113281e-01
1.309418827295303345e-01
1.309562176465988159e-01
1.310102492570877075e-01
1.310305595397949219e-01
1.311168521642684937e-01
1.311354488134384155e-01
1.312617063522338867e-01
1.312615871429443359e-01
1.314218640327453613e-01
1.313754022121429443e-01
1.315365731716156006e-01
1.314292997121810913e-01
1.315466463565826416e-01
1.313957720994949341e-01
1.314463764429092407e-01
1.312900930643081665e-01
1.312895566225051880e-01
1.311617493629455566e-01
1.311407536268234253e-01
1.310547292232513428e-01
1.310366094112396240e-01
1.309873163700103760e-01
1.309783309698104858e-01
1.309509724378585815e-01
1.309472620487213135e-01
1.309299021959304810e-01
1.309295147657394409e-01
1.309187859296798706e-01
1.309228837490081787e-01
1.309180408716201782e-01
1.309282481670379639e-01
1.309274435043334961e-01
1.309416890144348145e-01
1.309426128864288330e-01
1.309608072042465210e-01
1.309613585472106934e-01
1.309847980737686157e-01
1.309835314750671387e-01
1.310147345066070557e-01
1.310125738382339478e-01
1.310611963272094727e-01
1.310643404722213745e-01
1.311485022306442261e-01
1.311606615781784058e-01
1.312991678714752197e-01
1.313043087720870972e-01
1.314982920885086060e-01
1.314547210931777954e-01
1.316613554954528809e-01
1.315306574106216431e-01
1.316731870174407959e-01
1.314744949340820312e-01
1.315136551856994629e-01
1.313154250383377075e-01
1.312834322452545166e-01
1.311368048191070557e-01
1.310865581035614014e-01
1.309972554445266724e-01
1.309567242860794067e-01
1.309076398611068726e-01
1.308813840150833130e-01
1.308554857969284058e-01
1.308416724205017090e-01
1.308299005031585693e-01
1.308245807886123657e-01
1.308213025331497192e-01
1.308210343122482300e-01
1.308220028877258301e-01
1.308231949806213379e-01
1.308255195617675781e-01
1.308262795209884644e-01
1.308292448520660400e-01
1.308301091194152832e-01
1.308346539735794067e-01
1.308369487524032593e-01
1.308454722166061401e-01
1.308515369892120361e-01
1.308678239583969116e-01
1.308802962303161621e-01
1.309129595756530762e-01
1.309376209974288940e-01
1.310032308101654053e-01
1.310448348522186279e-01
1.311726719141006470e-01
1.312251240015029907e-01
1.314489990472793579e-01
1.314732879400253296e-01
1.317913234233856201e-01
1.317029446363449097e-01
1.320132017135620117e-01
1.317676752805709839e-01
1.319259405136108398e-01
1.316114068031311035e-01
1.316017955541610718e-01
1.313384622335433960e-01
1.312577277421951294e-01
1.310985833406448364e-01
1.310355812311172485e-01
1.309682428836822510e-01
1.309444308280944824e-01
1.309254020452499390e-01
1.309177130460739136e-01
1.309131085872650146e-01
1.309067308902740479e-01
1.309140920639038086e-01
1.309145987033843994e-01
1.309424936771392822e-01
1.309497952461242676e-01
1.309944689273834229e-01
1.309980154037475586e-01
1.310537159442901611e-01
1.310542225837707520e-01
1.311285197734832764e-01
1.311333626508712769e-01
1.312348246574401855e-01
1.312325745820999146e-01
1.313510686159133911e-01
1.313161253929138184e-01
1.314272433519363403e-01
1.313474923372268677e-01
1.314286738634109497e-01
1.313121765851974487e-01
1.313489079475402832e-01
1.312186121940612793e-01
1.312114298343658447e-01
1.310956478118896484e-01
1.310651749372482300e-01
1.309835314750671387e-01
1.309535652399063110e-01
1.309074759483337402e-01
1.308896690607070923e-01
1.308676898479461670e-01
1.308602541685104370e-01
1.308508068323135376e-01
1.308493018150329590e-01
1.308466196060180664e-01
1.308485865592956543e-01
1.308483928442001343e-01
1.308517605066299438e-01
1.308515518903732300e-01
1.308539360761642456e-01
1.308518350124359131e-01
1.308533549308776855e-01
1.308498978614807129e-01
1.308522373437881470e-01
1.308503150939941406e-01
1.308566927909851074e-01
1.308597773313522339e-01
1.308761388063430786e-01
1.308885216712951660e-01
1.309240013360977173e-01
1.309515386819839478e-01
1.310243457555770874e-01
1.310718506574630737e-01
1.312120407819747925e-01
1.312742382287979126e-01
1.315189301967620850e-01
1.315513104200363159e-01
1.318983137607574463e-01
1.318006664514541626e-01
1.321274340152740479e-01
1.318397074937820435e-01
1.319705247879028320e-01
1.316041350364685059e-01
1.315355449914932251e-01
1.312505602836608887e-01
1.311251670122146606e-01
1.309714913368225098e-01
1.308894306421279907e-01
1.308328807353973389e-01
1.308074146509170532e-01
1.308028101921081543e-01
1.308131664991378784e-01
1.308377832174301147e-01
1.308679431676864624e-01
1.309174448251724243e-01
1.309544593095779419e-01
1.310293227434158325e-01
1.310584992170333862e-01
1.311551630496978760e-01
1.311590224504470825e-01
1.312673836946487427e-01
1.312310993671417236e-01
1.313302367925643921e-01
1.312533318996429443e-01
1.313194334506988525e-01
1.312168538570404053e-01
1.312405467033386230e-01
1.311357766389846802e-01
1.311274170875549316e-01
1.310404241085052490e-01
1.310205608606338501e-01
1.309602111577987671e-01
1.309445947408676147e-01
1.309100538492202759e-01
1.309064030647277832e-01
1.308923363685607910e-01
1.309031993150711060e-01
1.309061944484710693e-01
1.309346258640289307e-01
1.309552788734436035e-01
1.310027837753295898e-01
1.310338079929351807e-01
1.310862153768539429e-01
1.310997009277343750e-01
1.311182975769042969e-01
1.310805529356002808e-01
1.310470551252365112e-01
1.309812813997268677e-01
1.309480518102645874e-01
1.309210360050201416e-01
1.309399753808975220e-01
1.309631019830703735e-01
1.310211271047592163e-01
1.310501247644424438e-01
1.311142891645431519e-01
1.311188787221908569e-01
1.311929374933242798e-01
1.311899572610855103e-01
1.313249170780181885e-01
1.313283145427703857e-01
1.315501928329467773e-01
1.315001994371414185e-01
1.317366212606430054e-01
1.315616369247436523e-01
1.316877454519271851e-01
1.314370483160018921e-01
1.314310133457183838e-01
1.312204599380493164e-01
1.311653256416320801e-01
1.310385763645172119e-01
1.309902817010879517e-01
1.309237778186798096e-01
1.308898329734802246e-01
1.308530420064926147e-01
1.308293044567108154e-01
1.308087408542633057e-01
1.307957321405410767e-01
1.307882815599441528e-01
1.307859867811203003e-01
1.307876259088516235e-01
1.307907551527023315e-01
1.307942718267440796e-01
1.307974308729171753e-01
1.308003365993499756e-01
1.308028846979141235e-01
1.308072209358215332e-01
1.308127641677856445e-01
1.308238655328750610e-01
1.308357119560241699e-01
1.308601498603820801e-01
1.308826804161071777e-01
1.309309601783752441e-01
1.309675723314285278e-01
1.310615390539169312e-01
1.311125010251998901e-01
1.312845349311828613e-01
1.313306093215942383e-01
1.316024363040924072e-01
1.315823793411254883e-01
1.319091767072677612e-01
1.317492872476577759e-01
1.319968104362487793e-01
1.317139863967895508e-01
1.317896395921707153e-01
1.314936280250549316e-01
1.314409673213958740e-01
1.312246322631835938e-01
1.311461031436920166e-01
1.310331374406814575e-01
1.309888511896133423e-01
1.309467405080795288e-01
1.309311389923095703e-01
1.309181600809097290e-01
1.309123486280441284e-01
1.309153139591217041e-01
1.309133470058441162e-01
1.309297531843185425e-01
1.309266537427902222e-01
1.309484988451004028e-01
1.309398114681243896e-01
1.309671103954315186e-01
1.309633255004882812e-01
1.310117393732070923e-01
1.310231387615203857e-01
1.311051249504089355e-01
1.311228424310684204e-01
1.312332004308700562e-01
1.312324851751327515e-01
1.313579380512237549e-01
1.313181072473526001e-01
1.314377784729003906e-01
1.313522309064865112e-01
1.314384192228317261e-01
1.313177049160003662e-01
1.313510984182357788e-01
1.312216222286224365e-01
1.312094032764434814e-01
1.310978680849075317e-01
1.310645043849945068e-01
1.309840083122253418e-01
1.309514790773391724e-01
1.309018284082412720e-01
1.308799535036087036e-01
1.308535784482955933e-01
1.308429688215255737e-01
1.308304816484451294e-01
1.308275163173675537e-01
1.308224946260452271e-01
1.308229416608810425e-01
1.308208405971527100e-01
1.308226734399795532e-01
1.308217197656631470e-01
1.308247447013854980e-01
1.308249831199645996e-01
1.308313310146331787e-01
1.308348476886749268e-01
1.308472901582717896e-01
1.308555454015731812e-01
1.308784782886505127e-01
1.308942288160324097e-01
1.309358477592468262e-01
1.309606134891510010e-01
1.310343593358993530e-01
1.310681104660034180e-01
1.311929821968078613e-01
1.312245130538940430e-01
1.314159333705902100e-01
1.314133107662200928e-01
1.316558867692947388e-01
1.315698772668838501e-01
1.317940354347229004e-01
1.316083371639251709e-01
1.317326873540878296e-01
1.314987987279891968e-01
1.315138787031173706e-01
1.313102245330810547e-01
1.312741488218307495e-01
1.311438530683517456e-01
1.311153918504714966e-01
1.310525089502334595e-01
1.310430914163589478e-01
1.310144513845443726e-01
1.310035735368728638e-01
1.309806555509567261e-01
1.309543102979660034e-01
1.309286653995513916e-01
1.308951824903488159e-01
1.308735758066177368e-01
1.308496892452239990e-01
1.308420300483703613e-01
1.308371871709823608e-01
1.308508068323135376e-01
1.308675259351730347e-01
1.309078633785247803e-01
1.309407353401184082e-01
1.310076117515563965e-01
1.310432851314544678e-01
1.311368793249130249e-01
1.311616003513336182e-01
1.312876194715499878e-01
1.312887221574783325e-01
1.314521729946136475e-01
1.314051002264022827e-01
1.315794885158538818e-01
1.314568072557449341e-01
1.315811276435852051e-01
1.313976645469665527e-01
1.314312219619750977e-01
1.312463730573654175e-01
1.312119513750076294e-01
1.310730129480361938e-01
1.310196965932846069e-01
1.309346705675125122e-01
1.308921575546264648e-01
1.308480054140090942e-01
1.308234930038452148e-01
1.308041512966156006e-01
1.307935565710067749e-01
1.307863146066665649e-01
1.307824552059173584e-01
1.307806819677352905e-01
1.307805776596069336e-01
1.307814717292785645e-01
1.307834535837173462e-01
1.307860910892486572e-01
1.307890862226486206e-01
1.307930946350097656e-01
1.307973414659500122e-01
1.308034658432006836e-01
1.308095157146453857e-01
1.308204084634780884e-01
1.308307647705078125e-01
1.308513283729553223e-01
1.308696866035461426e-01
1.309100389480590820e-01
1.309421509504318237e-01
1.310208737850189209e-01
1.310706734657287598e-01
1.312202960252761841e-01
1.312779188156127930e-01
1.315340846776962280e-01
1.315473318099975586e-01
1.318916380405426025e-01
1.317634582519531250e-01
1.320614218711853027e-01
1.317685097455978394e-01
1.318781822919845581e-01
1.315482854843139648e-01
1.315002292394638062e-01
1.312591582536697388e-01
1.311781108379364014e-01
1.310560405254364014e-01
1.310151666402816772e-01
1.309768259525299072e-01
1.309707760810852051e-01
1.309653967618942261e-01
1.309612989425659180e-01
1.309659630060195923e-01
1.309572160243988037e-01
1.309796422719955444e-01
1.309740096330642700e-01
1.310152113437652588e-01
1.310072541236877441e-01
1.310560405254364014e-01
1.310452669858932495e-01
1.311062872409820557e-01
1.311048269271850586e-01
1.311898380517959595e-01
1.311880946159362793e-01
1.312860250473022461e-01
1.312555372714996338e-01
1.313426345586776733e-01
1.312748342752456665e-01
1.313400417566299438e-01
1.312461346387863159e-01
1.312866061925888062e-01
1.311791837215423584e-01
1.311898976564407349e-01
1.310876011848449707e-01
1.310754418373107910e-01
1.309988349676132202e-01
1.309809237718582153e-01
1.309343874454498291e-01
1.309205293655395508e-01
1.308932304382324219e-01
1.308829635381698608e-01
1.308647692203521729e-01
1.308569759130477905e-01
1.308451294898986816e-01
1.308421343564987183e-01
1.308352202177047729e-01
1.308362782001495361e-01
1.308333724737167358e-01
1.308376938104629517e-01
1.308383047580718994e-01
1.308478116989135742e-01
1.308536678552627563e-01
1.308717876672744751e-01
1.308843493461608887e-01
1.309164762496948242e-01
1.309371888637542725e-01
1.309935301542282104e-01
1.310243755578994751e-01
1.311225444078445435e-01
1.311599761247634888e-01
1.313223391771316528e-01
1.313439756631851196e-01
1.315734535455703735e-01
1.315265893936157227e-01
1.317711323499679565e-01
1.316100656986236572e-01
1.317684352397918701e-01
1.315230727195739746e-01
1.315456032752990723e-01
1.313076466321945190e-01
1.312441974878311157e-01
1.310766190290451050e-01
1.310029625892639160e-01
1.309116184711456299e-01
1.308642774820327759e-01
1.308248043060302734e-01
1.308031976222991943e-01
1.307893991470336914e-01
1.307828575372695923e-01
1.307813972234725952e-01
1.307838559150695801e-01
1.307903826236724854e-01
1.307993084192276001e-01
1.308134943246841431e-01
1.308272331953048706e-01
1.308497786521911621e-01
1.308674663305282593e-01
1.309025883674621582e-01
1.309253722429275513e-01
1.309820115566253662e-01
1.310107260942459106e-01
1.311010867357254028e-01
1.311303079128265381e-01
1.312648653984069824e-01
1.312759816646575928e-01
1.314502209424972534e-01
1.314117461442947388e-01
1.315892934799194336e-01
1.314742118120193481e-01
1.315962821245193481e-01
1.314215958118438721e-01
1.314567923545837402e-01
1.312781274318695068e-01
1.312504410743713379e-01
1.311135441064834595e-01
1.310677677392959595e-01
1.309815645217895508e-01
1.309470981359481812e-01
1.309035867452621460e-01
1.308904290199279785e-01
1.308786720037460327e-01
1.308897435665130615e-01
1.309046149253845215e-01
1.309400051832199097e-01
1.309765577316284180e-01
1.310251653194427490e-01
1.310631632804870605e-01
1.310886740684509277e-01
1.310821026563644409e-01
1.310449838638305664e-01
1.309799551963806152e-01
1.309088915586471558e-01
1.308472305536270142e-01
1.308147311210632324e-01
1.308068931102752686e-01
1.308223903179168701e-01
1.308458000421524048e-01
1.308712512254714966e-01
1.308829039335250854e-01
1.308874636888504028e-01
1.308732479810714722e-01
1.308636516332626343e-01
1.308507472276687622e-01
1.308628320693969727e-01
1.308833956718444824e-01
1.309477090835571289e-01
1.310029923915863037e-01
1.311396211385726929e-01
1.312100738286972046e-01
1.314529180526733398e-01
1.314978152513504028e-01
1.318763494491577148e-01
1.318013221025466919e-01
1.322230100631713867e-01
1.319369375705718994e-01
1.321801990270614624e-01
1.317726671695709229e-01
1.317646205425262451e-01
1.314142942428588867e-01
1.312902718782424927e-01
1.310845017433166504e-01
1.309846341609954834e-01
1.308975219726562500e-01
1.308528035879135132e-01
1.308268308639526367e-01
1.308180838823318481e-01
1.308258473873138428e-01
1.308426409959793091e-01
1.308794617652893066e-01
1.309121400117874146e-01
1.309747099876403809e-01
1.310081630945205688e-01
1.310977041721343994e-01
1.311201304197311401e-01
1.312397122383117676e-01
1.312362998723983765e-01
1.313710063695907593e-01
1.313199698925018311e-01
1.314329206943511963e-01
1.313268542289733887e-01
1.313841193914413452e-01
1.312478482723236084e-01
1.312491297721862793e-01
1.311218440532684326e-01
1.310935616493225098e-01
1.309991329908370972e-01
1.309655308723449707e-01
1.309046000242233276e-01
1.308772414922714233e-01
1.308421492576599121e-01
1.308239102363586426e-01
1.308063268661499023e-01
1.307978034019470215e-01
1.307905316352844238e-01
1.307873874902725220e-01
1.307846605777740479e-01
1.307837367057800293e-01
1.307821869850158691e-01
1.307810395956039429e-01
1.307800412178039551e-01
1.307791173458099365e-01
1.307783424854278564e-01
1.307782828807830811e-01
1.307778209447860718e-01
1.307776570320129395e-01
1.307776272296905518e-01
1.307778805494308472e-01
1.307778358459472656e-01
1.307788640260696411e-01
1.307800412178039551e-01
1.307819336652755737e-01
1.307839453220367432e-01
1.307875514030456543e-01
1.307913959026336670e-01
1.307979524135589600e-01
1.308054029941558838e-01
1.308193802833557129e-01
1.308341622352600098e-01
1.308646649122238159e-01
1.308943778276443481e-01
1.309629380702972412e-01
1.310179084539413452e-01
1.311686784029006958e-01
1.312496513128280640e-01
1.315504610538482666e-01
1.316023170948028564e-01
1.320763975381851196e-01
1.319499462842941284e-01
1.324248909950256348e-01
1.320522874593734741e-01
1.322813779115676880e-01
1.318248957395553589e-01
1.318055242300033569e-01
1.314439922571182251e-01
1.313484609127044678e-01
1.311737596988677979e-01
1.311421990394592285e-01
1.310965120792388916e-01
1.310880929231643677e-01
1.310484111309051514e-01
1.309936493635177612e-01
1.309476643800735474e-01
1.309063732624053955e-01
1.309116035699844360e-01
1.309198439121246338e-01
1.309601366519927979e-01
1.309757381677627563e-01
1.310290694236755371e-01
1.310502588748931885e-01
1.311490088701248169e-01
1.311841160058975220e-01
1.313267052173614502e-01
1.313233226537704468e-01
1.314609199762344360e-01
1.313855797052383423e-01
1.314961016178131104e-01
1.313621699810028076e-01
1.314319074153900146e-01
1.312671750783920288e-01
1.312721967697143555e-01
1.311203241348266602e-01
1.310792565345764160e-01
1.309756040573120117e-01
1.309312582015991211e-01
1.308749467134475708e-01
1.308441311120986938e-01
1.308141946792602539e-01
1.307948231697082520e-01
1.307801753282546997e-01
1.307725459337234497e-01
1.307697147130966187e-01
1.307707875967025757e-01
1.307743191719055176e-01
1.307780891656875610e-01
1.307823956012725830e-01
1.307867914438247681e-01
1.307930797338485718e-01
1.307997554540634155e-01
1.308107972145080566e-01
1.308210641145706177e-01
1.308401226997375488e-01
1.308559030294418335e-01
1.308904439210891724e-01
1.309158653020858765e-01
1.309804171323776245e-01
1.310191601514816284e-01
1.311349272727966309e-01
1.311821341514587402e-01
1.313739866018295288e-01
1.313999593257904053e-01
1.316692680120468140e-01
1.316104382276535034e-01
1.318875849246978760e-01
1.316924095153808594e-01
1.318541169166564941e-01
1.315710246562957764e-01
1.315743774175643921e-01
1.313145011663436890e-01
1.312315613031387329e-01
1.310593932867050171e-01
1.309763193130493164e-01
1.308873146772384644e-01
1.308380216360092163e-01
1.308023333549499512e-01
1.307845115661621094e-01
1.307783126831054688e-01
1.307817548513412476e-01
1.307927519083023071e-01
1.308076828718185425e-01
1.308289319276809692e-01
1.308488547801971436e-01
1.308794766664505005e-01
1.309010088443756104e-01
1.309456974267959595e-01
1.309696733951568604e-01
1.310375928878784180e-01
1.310611963272094727e-01
1.311619132757186890e-01
1.311750560998916626e-01
1.313104629516601562e-01
1.312903612852096558e-01
1.314417272806167603e-01
1.313652545213699341e-01
1.314917504787445068e-01
1.313583403825759888e-01
1.314236223697662354e-01
1.312691867351531982e-01
1.312756389379501343e-01
1.311438530683517456e-01
1.311230361461639404e-01
1.310330927371978760e-01
1.310111880302429199e-01
1.309576779603958130e-01
1.309432834386825562e-01
1.309117525815963745e-01
1.309005320072174072e-01
1.308787614107131958e-01
1.308655440807342529e-01
1.308464854955673218e-01
1.308311074972152710e-01
1.308141946792602539e-01
1.308005750179290771e-01
1.307885944843292236e-01
1.307796090841293335e-01
1.307738274335861206e-01
1.307707428932189941e-01
1.307699233293533325e-01
1.307706683874130249e-01
1.307725459337234497e-01
1.307747513055801392e-01
1.307768672704696655e-01
1.307796537876129150e-01
1.307813525199890137e-01
1.307832151651382446e-01
1.307842135429382324e-01
1.307855397462844849e-01
1.307865977287292480e-01
1.307881474494934082e-01
1.307901144027709961e-01
1.307945102453231812e-01
1.308001577854156494e-01
1.308118700981140137e-01
1.308255642652511597e-01
1.308548301458358765e-01
1.308863461017608643e-01
1.309591531753540039e-01
1.310251057147979736e-01
1.312004178762435913e-01
1.313076913356781006e-01
1.316860765218734741e-01
1.317550688982009888e-01
1.323650479316711426e-01
1.321479678153991699e-01
1.326703578233718872e-01
1.321196258068084717e-01
1.322264820337295532e-01
1.316932886838912964e-01
1.315528750419616699e-01
1.312252283096313477e-01
1.310920566320419312e-01
1.309811919927597046e-01
1.309682130813598633e-01
1.309986561536788940e-01
1.310456097126007080e-01
1.311065554618835449e-01
1.311104893684387207e-01
1.311545968055725098e-01
1.311173886060714722e-01
1.311899572610855103e-01
1.311551630496978760e-01
1.312616616487503052e-01
1.312038451433181763e-01
1.312859505414962769e-01
1.312100440263748169e-01
1.312685608863830566e-01
1.312080323696136475e-01
1.312571913003921509e-01
1.311810910701751709e-01
1.311844885349273682e-01
1.310849636793136597e-01
1.310522556304931641e-01
1.309780925512313843e-01
1.309622228145599365e-01
1.309233009815216064e-01
1.309247165918350220e-01
1.308971047401428223e-01
1.308926790952682495e-01
1.308674216270446777e-01
1.308607906103134155e-01
1.308463215827941895e-01
1.308433711528778076e-01
1.308342963457107544e-01
1.308317035436630249e-01
1.308249235153198242e-01
1.308266222476959229e-01
1.308286339044570923e-01
1.308426558971405029e-01
1.308538764715194702e-01
1.308796703815460205e-01
1.308946460485458374e-01
1.309324800968170166e-01
1.309522092342376709e-01
1.310140490531921387e-01
1.310428082942962646e-01
1.311469972133636475e-01
1.311786472797393799e-01
1.313374638557434082e-01
1.313454508781433105e-01
1.315519958734512329e-01
1.314892172813415527e-01
1.316887736320495605e-01
1.315248906612396240e-01
1.316360533237457275e-01
1.314140409231185913e-01
1.314155906438827515e-01
1.312167197465896606e-01
1.311615407466888428e-01
1.310278177261352539e-01
1.309717148542404175e-01
1.308994293212890625e-01
1.308656185865402222e-01
1.308351010084152222e-01
1.308232694864273071e-01
1.308169513940811157e-01
1.308201700448989868e-01
1.308280229568481445e-01
1.308404803276062012e-01
1.308574229478836060e-01
1.308731436729431152e-01
1.308921575546264648e-01
1.309030503034591675e-01
1.309155374765396118e-01
1.309128999710083008e-01
1.309136301279067993e-01
1.308988034725189209e-01
1.308959126472473145e-01
1.308844834566116333e-01
1.308979094028472900e-01
1.309069097042083740e-01
1.309558153152465820e-01
1.309882104396820068e-01
1.310907006263732910e-01
1.311346292495727539e-01
1.313074678182601929e-01
1.313267350196838379e-01
1.315612643957138062e-01
1.315040439367294312e-01
1.317418068647384644e-01
1.315853744745254517e-01
1.317461729049682617e-01
1.315286010503768921e-01
1.315780729055404663e-01
1.313597857952117920e-01
1.313240975141525269e-01
1.311526894569396973e-01
1.310872286558151245e-01
1.309778094291687012e-01
1.309215128421783447e-01
1.308597326278686523e-01
1.308234184980392456e-01
1.307943016290664673e-01
1.307791322469711304e-01
1.307727843523025513e-01
1.307731568813323975e-01
1.307766288518905640e-01
1.307806223630905151e-01
1.307834833860397339e-01
1.307851523160934448e-01
1.307861506938934326e-01
1.307868212461471558e-01
1.307900846004486084e-01
1.307948529720306396e-01
1.308048367500305176e-01
1.308156549930572510e-01
1.308363080024719238e-01
1.308560073375701904e-01
1.308972835540771484e-01
1.309301704168319702e-01
1.310097724199295044e-01
1.310552209615707397e-01
1.311993747949600220e-01
1.312421560287475586e-01
1.314700841903686523e-01
1.314667463302612305e-01
1.317534446716308594e-01
1.316449940204620361e-01
1.318971216678619385e-01
1.316714882850646973e-01
1.317910701036453247e-01
1.315160393714904785e-01
1.314987242221832275e-01
1.312656998634338379e-01
1.311888098716735840e-01
1.310423463582992554e-01
1.309749335050582886e-01
1.308988779783248901e-01
1.308559924364089966e-01
1.308190971612930298e-01
1.307975351810455322e-01
1.307856142520904541e-01
1.307839751243591309e-01
1.307914853096008301e-01
1.308025270700454712e-01
1.308196336030960083e-01
1.308330148458480835e-01
1.308541148900985718e-01
1.308675259351730347e-01
1.308982819318771362e-01
1.309154480695724487e-01
1.309668719768524170e-01
1.309904456138610840e-01
1.310735195875167847e-01
1.310977488756179810e-01
1.312220543622970581e-01
1.312283277511596680e-01
1.313927471637725830e-01
1.313492804765701294e-01
1.315195411443710327e-01
1.314016580581665039e-01
1.315184086561203003e-01
1.313489377498626709e-01
1.313863694667816162e-01
1.312244832515716553e-01
1.312116980552673340e-01
1.310956925153732300e-01
1.310739070177078247e-01
1.310059130191802979e-01
1.309964507818222046e-01
1.309636831283569336e-01
1.309659779071807861e-01
1.309507042169570923e-01
1.309517621994018555e-01
1.309362649917602539e-01
1.309235990047454834e-01
1.308986246585845947e-01
1.308727413415908813e-01
1.308436840772628784e-01
1.308179348707199097e-01
1.307961493730545044e-01
1.307810842990875244e-01
1.307712048292160034e-01
1.307670623064041138e-01
1.307666450738906860e-01
1.307699531316757202e-01
1.307751089334487915e-01
1.307810992002487183e-01
1.307864636182785034e-01
1.307906210422515869e-01
1.307927221059799194e-01
1.307930797338485718e-01
1.307911723852157593e-01
1.307886391878128052e-01
1.307850629091262817e-01
1.307815611362457275e-01
1.307782679796218872e-01
1.307755857706069946e-01
1.307736635208129883e-01
1.307725161314010620e-01
1.307723820209503174e-01
1.307729631662368774e-01
1.307750493288040161e-01
1.307781189680099487e-01
1.307840049266815186e-01
1.307920664548873901e-01
1.308059543371200562e-01
1.308242082595825195e-01
1.308592706918716431e-01
1.309021115303039551e-01
1.309935599565505981e-01
1.310900151729583740e-01
1.313324868679046631e-01
1.315089911222457886e-01
1.320914924144744873e-01
1.322095245122909546e-01
1.331854760646820068e-01
1.327262818813323975e-01
1.333609223365783691e-01
1.323920339345932007e-01
1.322506517171859741e-01
1.315434575080871582e-01
1.312324404716491699e-01
1.309632658958435059e-01
1.308702230453491211e-01
1.308905482292175293e-01
1.309843659400939941e-01
1.311784684658050537e-01
1.312992274761199951e-01
1.316064298152923584e-01
1.315780133008956909e-01
1.318356692790985107e-01
1.315854042768478394e-01
1.316124796867370605e-01
1.313071250915527344e-01
1.311820745468139648e-01
1.309858560562133789e-01
1.308836340904235840e-01
1.308169811964035034e-01
1.308003067970275879e-01
1.308189928531646729e-01
1.308570355176925659e-01
1.309176385402679443e-01
1.309592574834823608e-01
1.310309916734695435e-01
1.310412287712097168e-01
1.311008930206298828e-01
1.310706734657287598e-01
1.311058849096298218e-01
1.310483366250991821e-01
1.310597062110900879e-01
1.309971213340759277e-01
1.309954524040222168e-01
1.309443116188049316e-01
1.309380382299423218e-01
1.309005022048950195e-01
1.308916807174682617e-01
1.308640837669372559e-01
1.308550387620925903e-01
1.308376342058181763e-01
1.308335065841674805e-01
1.308261156082153320e-01
1.308282613754272461e-01
1.308278143405914307e-01
1.308344304561614990e-01
1.308373957872390747e-01
1.308457702398300171e-01
1.308489292860031128e-01
1.308570057153701782e-01
1.308575570583343506e-01
1.308643966913223267e-01
1.308623701333999634e-01
1.308693438768386841e-01
1.308672279119491577e-01
1.308780908584594727e-01
1.308798789978027344e-01
1.309019774198532104e-01
1.309116929769515991e-01
1.309556066989898682e-01
1.309765130281448364e-01
1.310584992170333862e-01
1.310890614986419678e-01
1.312301605939865112e-01
1.312516778707504272e-01
1.314590126276016235e-01
1.314251720905303955e-01
1.316566765308380127e-01
1.315208226442337036e-01
1.316859275102615356e-01
1.314707249402999878e-01
1.315178722143173218e-01
1.313007324934005737e-01
1.312636733055114746e-01
1.311013996601104736e-01
1.310425549745559692e-01
1.309462040662765503e-01
1.309030354022979736e-01
1.308559477329254150e-01
1.308336108922958374e-01
1.308136880397796631e-01
1.308042407035827637e-01
1.307976692914962769e-01
1.307966113090515137e-01
1.307986676692962646e-01
1.308033168315887451e-01
1.308104395866394043e-01
1.308157742023468018e-01
1.308231204748153687e-01
1.308261305093765259e-01
1.308321505784988403e-01
1.308322399854660034e-01
1.308377981185913086e-01
1.308361291885375977e-01
1.308428049087524414e-01
1.308419257402420044e-01
1.308530718088150024e-01
1.308566033840179443e-01
1.308803707361221313e-01
1.308940798044204712e-01
1.309446096420288086e-01
1.309739202260971069e-01
1.310745477676391602e-01
1.311181485652923584e-01
1.312995404005050659e-01
1.313325762748718262e-01
1.316111683845520020e-01
1.315752267837524414e-01
1.319014579057693481e-01
1.317362934350967407e-01
1.319868713617324829e-01
1.317071765661239624e-01
1.317930072546005249e-01
1.314911842346191406e-01
1.314439326524734497e-01
1.312184184789657593e-01
1.311397105455398560e-01
1.310161799192428589e-01
1.309588998556137085e-01
1.308953911066055298e-01
1.308540701866149902e-01
1.308173537254333496e-01
1.307934373617172241e-01
1.307837069034576416e-01
1.307865977287292480e-01
1.308025717735290527e-01
1.308211684226989746e-01
1.308501213788986206e-01
1.308701634407043457e-01
1.309100687503814697e-01
1.309341639280319214e-01
1.309981346130371094e-01
1.310284584760665894e-01
1.311275810003280640e-01
1.311528831720352173e-01
1.312898099422454834e-01
1.312865614891052246e-01
1.314500272274017334e-01
1.313872933387756348e-01
1.315383762121200562e-01
1.313993483781814575e-01
1.314813941717147827e-01
1.312992870807647705e-01
1.312979310750961304e-01
1.311359256505966187e-01
1.310910731554031372e-01
1.309816390275955200e-01
1.309361308813095093e-01
1.308750957250595093e-01
1.308445930480957031e-01
1.308150738477706909e-01
1.307991296052932739e-01
1.307855993509292603e-01
1.307788938283920288e-01
1.307741850614547729e-01
1.307719200849533081e-01
1.307705640792846680e-01
1.307705491781234741e-01
1.307707130908966064e-01
1.307715177536010742e-01
1.307728737592697144e-01
1.307746767997741699e-01
1.307775527238845825e-01
1.307803094387054443e-01
1.307855099439620972e-01
1.307902187108993530e-01
1.307994723320007324e-01
1.308072358369827271e-01
1.308244317770004272e-01
1.308381557464599609e-01
1.308706849813461304e-01
1.308949589729309082e-01
1.309569031000137329e-01
1.309955716133117676e-01
1.311140358448028564e-01
1.311640292406082153e-01
1.313736736774444580e-01
1.314025670289993286e-01
1.317132562398910522e-01
1.316424906253814697e-01
1.319715976715087891e-01
1.317434459924697876e-01
1.319427192211151123e-01
1.316280215978622437e-01
1.316566318273544312e-01
1.313794702291488647e-01
1.313240379095077515e-01
1.311518251895904541e-01
1.311113834381103516e-01
1.310432553291320801e-01
1.310456544160842896e-01
1.310309618711471558e-01
1.310334652662277222e-01
1.310137957334518433e-01
1.309779584407806396e-01
1.309392303228378296e-01
1.308897882699966431e-01
1.308647096157073975e-01
1.308437138795852661e-01
1.308485567569732666e-01
1.308533996343612671e-01
1.308827847242355347e-01
1.309049576520919800e-01
1.309642642736434937e-01
1.310021430253982544e-01
1.310960501432418823e-01
1.311293691396713257e-01
1.312508136034011841e-01
1.312553137540817261e-01
1.314000338315963745e-01
1.313620954751968384e-01
1.315268576145172119e-01
1.314215809106826782e-01
1.315588653087615967e-01
1.313768327236175537e-01
1.314214169979095459e-01
1.312215626239776611e-01
1.311836093664169312e-01
1.310351341962814331e-01
1.309765875339508057e-01
1.308927088975906372e-01
1.308496147394180298e-01
1.308089196681976318e-01
1.307862550020217896e-01
1.307704299688339233e-01
1.307630836963653564e-01
1.307605803012847900e-01
1.307613551616668701e-01
1.307643949985504150e-01
1.307686269283294678e-01
1.307741999626159668e-01
1.307805478572845459e-01
1.307902336120605469e-01
1.308006048202514648e-01
1.308183521032333374e-01
1.308344304561614990e-01
1.308666318655014038e-01
1.308903098106384277e-01
1.309470236301422119e-01
1.309809982776641846e-01
1.310784369707107544e-01
1.311206072568893433e-01
1.312776803970336914e-01
1.313079744577407837e-01
1.315283030271530151e-01
1.314995437860488892e-01
1.317388117313385010e-01
1.315992623567581177e-01
1.317673176527023315e-01
1.315326541662216187e-01
1.315770894289016724e-01
1.313372105360031128e-01
1.312990784645080566e-01
1.311263144016265869e-01
1.310717910528182983e-01
1.309746056795120239e-01
1.309338212013244629e-01
1.308829188346862793e-01
1.308539062738418579e-01
1.308239400386810303e-01
1.308030337095260620e-01
1.307850629091262817e-01
1.307735890150070190e-01
1.307665407657623291e-01
1.307633072137832642e-01
1.307635754346847534e-01
1.307648867368698120e-01
1.307686269283294678e-01
1.307739317417144775e-01
1.307819336652755737e-01
1.307907551527023315e-01
1.308045089244842529e-01
1.308169960975646973e-01
1.308401525020599365e-01
1.308595687150955200e-01
1.309005022048950195e-01
1.309326887130737305e-01
1.310117542743682861e-01
1.310615986585617065e-01
1.312107294797897339e-01
1.312633454799652100e-01
1.315095573663711548e-01
1.315100640058517456e-01
1.318232566118240356e-01
1.316891312599182129e-01
1.319423317909240723e-01
1.316691637039184570e-01
1.317503005266189575e-01
1.314484030008316040e-01
1.313895583152770996e-01
1.311630904674530029e-01
1.310703456401824951e-01
1.309459060430526733e-01
1.308854073286056519e-01
1.308348327875137329e-01
1.308105885982513428e-01
1.307969838380813599e-01
1.307932734489440918e-01
1.307977735996246338e-01
1.308062523603439331e-01
1.308255493640899658e-01
1.308429092168807983e-01
1.308775544166564941e-01
1.308974772691726685e-01
1.309466212987899780e-01
1.309621483087539673e-01
1.310268044471740723e-01
1.310348510742187500e-01
1.311198323965072632e-01
1.311166137456893921e-01
1.312213242053985596e-01
1.311980336904525757e-01
1.313111931085586548e-01
1.312567591667175293e-01
1.313584595918655396e-01
1.312689930200576782e-01
1.313403844833374023e-01
1.312289685010910034e-01
1.312639415264129639e-01
1.311545968055725098e-01
1.311632096767425537e-01
1.310745477676391602e-01
1.310737282037734985e-01
1.310126483440399170e-01
1.310130953788757324e-01
1.309747099876403809e-01
1.309779286384582520e-01
1.309522837400436401e-01
1.309532970190048218e-01
1.309295892715454102e-01
1.309212446212768555e-01
1.308939903974533081e-01
1.308773010969161987e-01
1.308492720127105713e-01
1.308319121599197388e-01
1.308119893074035645e-01
1.308028548955917358e-01
1.307963877916336060e-01
1.308000385761260986e-01
1.308061033487319946e-01
1.308243870735168457e-01
1.308403164148330688e-01
1.308748424053192139e-01
1.308975070714950562e-01
1.309566944837570190e-01
1.309841424226760864e-01
1.310801506042480469e-01
1.311067789793014526e-01
1.312559247016906738e-01
1.312644183635711670e-01
1.314692199230194092e-01
1.314257681369781494e-01
1.316506415605545044e-01
1.315239369869232178e-01
1.316974312067031860e-01
1.315003335475921631e-01
1.315729022026062012e-01
1.313602477312088013e-01
1.313459575176239014e-01
1.311726719141006470e-01
1.311242729425430298e-01
1.310133039951324463e-01
1.309725791215896606e-01
1.309142857789993286e-01
1.308896690607070923e-01
1.308615654706954956e-01
1.308471411466598511e-01
1.308331489562988281e-01
1.308267563581466675e-01
1.308224052190780640e-01
1.308253258466720581e-01
1.308297514915466309e-01
1.308398246765136719e-01
1.308490484952926636e-01
1.308578550815582275e-01
1.308685541152954102e-01
1.308719962835311890e-01
1.308861225843429565e-01
1.308887302875518799e-01
1.309148669242858887e-01
1.309259086847305298e-01
1.309778541326522827e-01
1.310030221939086914e-01
1.310992985963821411e-01
1.311370134353637695e-01
1.313003450632095337e-01
1.313307136297225952e-01
1.315666139125823975e-01
1.315372586250305176e-01
1.317966431379318237e-01
1.316492110490798950e-01
1.318252980709075928e-01
1.315734386444091797e-01
1.315999925136566162e-01
1.313375234603881836e-01
1.312601268291473389e-01
1.310684531927108765e-01
1.309774070978164673e-01
1.308742165565490723e-01
1.308200806379318237e-01
1.307817846536636353e-01
1.307655572891235352e-01
1.307616680860519409e-01
1.307659298181533813e-01
1.307756751775741577e-01
1.307869404554367065e-01
1.308016926050186157e-01
1.308146417140960693e-01
1.308340877294540405e-01
1.308486908674240112e-01
1.308777928352355957e-01
1.308955252170562744e-01
1.309445947408676147e-01
1.309664547443389893e-01
1.310450881719589233e-01
1.310650706291198730e-01
1.311784386634826660e-01
1.311798393726348877e-01
1.313208341598510742e-01
1.312799602746963501e-01
1.314188838005065918e-01
1.313226819038391113e-01
1.314207911491394043e-01
1.312868744134902954e-01
1.313282996416091919e-01
1.311949789524078369e-01
1.311975270509719849e-01
1.310933232307434082e-01
1.310837715864181519e-01
1.310151517391204834e-01
1.310098767280578613e-01
1.309694200754165649e-01
1.309688538312911987e-01
1.309430748224258423e-01
1.309395432472229004e-01
1.309159696102142334e-01
1.309032440185546875e-01
1.308762580156326294e-01
1.308558881282806396e-01
1.308290809392929077e-01
1.308090537786483765e-01
1.307897865772247314e-01
1.307776272296905518e-01
1.307693868875503540e-01
1.307675987482070923e-01
1.307696551084518433e-01
1.307774335145950317e-01
1.307866275310516357e-01
1.308031827211380005e-01
1.308166384696960449e-01
1.308438777923583984e-01
1.308623850345611572e-01
1.309079676866531372e-01
1.309342682361602783e-01
1.310150772333145142e-01
1.310512423515319824e-01
1.311940550804138184e-01
1.312319040298461914e-01
1.314620375633239746e-01
1.314622759819030762e-01
1.317655146121978760e-01
1.316590458154678345e-01
1.319380402565002441e-01
1.316966265439987183e-01
1.318330615758895874e-01
1.315325796604156494e-01
1.315155476331710815e-01
1.312652826309204102e-01
1.311849951744079590e-01
1.310331374406814575e-01
1.309661120176315308e-01
1.308933794498443604e-01
1.308540105819702148e-01
1.308202296495437622e-01
1.307983994483947754e-01
1.307850480079650879e-01
1.307806223630905151e-01
1.307878941297531128e-01
1.308006048202514648e-01
1.308276504278182983e-01
1.308491975069046021e-01
1.308936327695846558e-01
1.309174299240112305e-01
1.309842467308044434e-01
1.310102492570877075e-01
1.311091780662536621e-01
1.311309486627578735e-01
1.312643140554428101e-01
1.312603056430816650e-01
1.314129829406738281e-01
1.313559561967849731e-01
1.314910352230072021e-01
1.313696056604385376e-01
1.314471065998077393e-01
1.312860101461410522e-01
1.312932968139648438e-01
1.311401128768920898e-01
1.311037093400955200e-01
1.309911608695983887e-01
1.309470236301422119e-01
1.308787018060684204e-01
1.308460384607315063e-01
1.308105289936065674e-01
1.307919472455978394e-01
1.307759582996368408e-01
1.307678967714309692e-01
1.307622045278549194e-01
1.307605803012847900e-01
1.307604759931564331e-01
1.307628750801086426e-01
1.307667940855026245e-01
1.307725310325622559e-01
1.307801753282546997e-01
1.307903677225112915e-01
1.308032572269439697e-01
1.308186948299407959e-01
1.308370083570480347e-01
1.308561265468597412e-01
1.308770328760147095e-01
1.308932453393936157e-01
1.309055387973785400e-01
1.309057325124740601e-01
1.308977156877517700e-01
1.308761984109878540e-01
1.308500170707702637e-01
1.308206617832183838e-01
1.307965070009231567e-01
1.307783126831054688e-01
1.307696700096130371e-01
1.307684779167175293e-01
1.307751238346099854e-01
1.307868361473083496e-01
1.308027207851409912e-01
1.308197528123855591e-01
1.308416873216629028e-01
1.308593153953552246e-01
1.308927386999130249e-01
1.309144794940948486e-01
1.309870928525924683e-01
1.310364007949829102e-01
1.312156319618225098e-01
1.313207298517227173e-01
1.317206323146820068e-01
1.318323165178298950e-01
1.325269192457199097e-01
1.323793977499008179e-01
1.330811530351638794e-01
1.324328482151031494e-01
1.325916498899459839e-01
1.318448036909103394e-01
1.316041350364685059e-01
1.311926841735839844e-01
1.310140043497085571e-01
1.309055536985397339e-01
1.308929324150085449e-01
1.309491097927093506e-01
1.310222148895263672e-01
1.311719864606857300e-01
1.312235593795776367e-01
1.313957720994949341e-01
1.313396990299224854e-01
1.314610093832015991e-01
1.313193738460540771e-01
1.313733756542205811e-01
1.312234401702880859e-01
1.312207281589508057e-01
1.310934871435165405e-01
1.310481578111648560e-01
1.309491693973541260e-01
1.308932304382324219e-01
1.308338195085525513e-01
1.307998150587081909e-01
1.307771354913711548e-01
1.307671964168548584e-01
1.307653784751892090e-01
1.307700276374816895e-01
1.307832002639770508e-01
1.307993084192276001e-01
1.308265179395675659e-01
1.308449655771255493e-01
1.308801025152206421e-01
1.308938562870025635e-01
1.309358477592468262e-01
1.309471279382705688e-01
1.310005038976669312e-01
1.310085058212280273e-01
1.310744285583496094e-01
1.310714483261108398e-01
1.311473697423934937e-01
1.311259418725967407e-01
1.312082409858703613e-01
1.311618387699127197e-01
1.312377303838729858e-01
1.311627626419067383e-01
1.312128603458404541e-01
1.311201900243759155e-01
1.311378926038742065e-01
1.310494840145111084e-01
1.310446858406066895e-01
1.309745758771896362e-01
1.309613436460494995e-01
1.309119164943695068e-01
1.308994293212890625e-01
1.308666467666625977e-01
1.308590322732925415e-01
1.308394372463226318e-01
1.308377236127853394e-01
1.308267414569854736e-01
1.308297663927078247e-01
1.308249682188034058e-01
1.308337152004241943e-01
1.308343112468719482e-01
1.308505684137344360e-01
1.308564990758895874e-01
1.308835744857788086e-01
1.308953464031219482e-01
1.309387087821960449e-01
1.309564560651779175e-01
1.310257017612457275e-01
1.310468614101409912e-01
1.311513483524322510e-01
1.311657130718231201e-01
1.313094943761825562e-01
1.312956660985946655e-01
1.314631849527359009e-01
1.313960850238800049e-01
1.315470784902572632e-01
1.314172148704528809e-01
1.315059810876846313e-01
1.313381046056747437e-01
1.313523650169372559e-01
1.311908960342407227e-01
1.311572790145874023e-01
1.310338824987411499e-01
1.309886425733566284e-01
1.309099644422531128e-01
1.308746635913848877e-01
1.308309882879257202e-01
1.308097690343856812e-01
1.307881325483322144e-01
1.307778954505920410e-01
1.307690292596817017e-01
1.307655125856399536e-01
1.307624876499176025e-01
1.307619065046310425e-01
1.307616829872131348e-01
1.307619065046310425e-01
1.307620406150817871e-01
1.307631134986877441e-01
1.307641565799713135e-01
1.307670176029205322e-01
1.307698190212249756e-01
1.307767033576965332e-01
1.307832002639770508e-01
1.307967156171798706e-01
1.308090239763259888e-01
1.308352798223495483e-01
1.308568418025970459e-01
1.309075951576232910e-01
1.309422254562377930e-01
1.310378313064575195e-01
1.310835927724838257e-01
1.312514990568161011e-01
1.312867999076843262e-01
1.315402537584304810e-01
1.315062791109085083e-01
1.317957639694213867e-01
1.316316574811935425e-01
1.318417787551879883e-01
1.315774470567703247e-01
1.316452324390411377e-01
1.313868016004562378e-01
1.313624829053878784e-01
1.311803460121154785e-01
1.311441063880920410e-01
1.310488283634185791e-01
1.310406923294067383e-01
1.310037970542907715e-01
1.310160309076309204e-01
1.310010850429534912e-01
1.310094594955444336e-01
1.309915781021118164e-01
1.309780627489089966e-01
1.309462338685989380e-01
1.309098899364471436e-01
1.308665722608566284e-01
1.308243870735168457e-01
1.307885795831680298e-01
1.307639032602310181e-01
1.307536363601684570e-01
1.307564079761505127e-01
1.307692229747772217e-01
1.307865977287292480e-01
1.308020353317260742e-01
1.308115273714065552e-01
1.308115273714065552e-01
1.308054924011230469e-01
1.307924389839172363e-01
1.307781785726547241e-01
1.307649314403533936e-01
1.307536512613296509e-01
1.307469457387924194e-01
1.307441443204879761e-01
1.307440251111984253e-01
1.307466924190521240e-01
1.307513862848281860e-01
1.307559609413146973e-01
1.307613253593444824e-01
1.307643055915832520e-01
1.307667195796966553e-01
1.307668685913085938e-01
1.307675242424011230e-01
1.307669878005981445e-01
1.307703852653503418e-01
1.307759881019592285e-01
1.307919919490814209e-01
1.308136433362960815e-01
1.308633238077163696e-01
1.309219002723693848e-01
1.310620009899139404e-01
1.311922520399093628e-01
1.315616518259048462e-01
1.317555606365203857e-01
1.325566023588180542e-01
1.325156688690185547e-01
1.335323750972747803e-01
1.327611654996871948e-01
1.330745518207550049e-01
1.320779472589492798e-01
1.317506730556488037e-01
1.312005072832107544e-01
1.309504657983779907e-01
1.308390796184539795e-01
1.308528929948806763e-01
1.309492141008377075e-01
1.310673654079437256e-01
1.312959343194961548e-01
1.313961893320083618e-01
1.317336410284042358e-01
1.316393911838531494e-01
1.318527013063430786e-01
1.315308213233947754e-01
1.314634680747985840e-01
1.311594545841217041e-01
1.310070753097534180e-01
1.308580636978149414e-01
1.307840943336486816e-01
1.307538449764251709e-01
1.307610273361206055e-01
1.307962834835052490e-01
1.308451443910598755e-01
1.309177130460739136e-01
1.309662610292434692e-01
1.310517191886901855e-01
1.310631036758422852e-01
1.311346292495727539e-01
1.310979723930358887e-01
1.311425417661666870e-01
1.310711055994033813e-01
1.310852766036987305e-01
1.310034096240997314e-01
1.309902071952819824e-01
1.309204995632171631e-01
1.308946162462234497e-01
1.308479905128479004e-01
1.308248490095138550e-01
1.307993233203887939e-01
1.307848989963531494e-01
1.307724416255950928e-01
1.307647079229354858e-01
1.307599395513534546e-01
1.307584196329116821e-01
1.307590007781982422e-01
1.307610124349594116e-01
1.307640075683593750e-01
1.307659149169921875e-01
1.307685822248458862e-01
1.307695806026458740e-01
1.307722628116607666e-01
1.307733207941055298e-01
1.307776570320129395e-01
1.307798326015472412e-01
1.307862401008605957e-01
1.307901293039321899e-01
1.308009922504425049e-01
1.308077275753021240e-01
1.308255642652511597e-01
1.308369487524032593e-01
1.308675259351730347e-01
1.308864057064056396e-01
1.309398710727691650e-01
1.309683471918106079e-01
1.310633569955825806e-01
1.310989111661911011e-01
1.312582939863204956e-01
1.312812119722366333e-01
1.315149664878845215e-01
1.314754039049148560e-01
1.317393481731414795e-01
1.315879374742507935e-01
1.317831724882125854e-01
1.315415203571319580e-01
1.316061913967132568e-01
1.313603371381759644e-01
1.313299536705017090e-01
1.311489641666412354e-01
1.310981810092926025e-01
1.309960782527923584e-01
1.309665143489837646e-01
1.309215724468231201e-01
1.309113055467605591e-01
1.308936625719070435e-01
1.308863908052444458e-01
1.308760493993759155e-01
1.308623850345611572e-01
1.308507025241851807e-01
1.308318078517913818e-01
1.308192610740661621e-01
1.308034360408782959e-01
1.307981014251708984e-01
1.307957470417022705e-01
1.308094412088394165e-01
1.308262199163436890e-01
1.308655291795730591e-01
1.308976560831069946e-01
1.309674233198165894e-01
1.310063600540161133e-01
1.311161667108535767e-01
1.311487257480621338e-01
1.313109546899795532e-01
1.313112378120422363e-01
1.315195113420486450e-01
1.314453184604644775e-01
1.316457241773605347e-01
1.314768493175506592e-01
1.315916329622268677e-01
1.313733011484146118e-01
1.313815712928771973e-01
1.311859637498855591e-01
1.311344504356384277e-01
1.309994608163833618e-01
1.309420913457870483e-01
1.308664083480834961e-01
1.308274865150451660e-01
1.307915151119232178e-01
1.307711303234100342e-01
1.307554394006729126e-01
1.307460963726043701e-01
1.307402253150939941e-01
1.307379305362701416e-01
1.307382136583328247e-01
1.307404488325119019e-01
1.307442635297775269e-01
1.307486891746520996e-01
1.307547688484191895e-01
1.307606399059295654e-01
1.307703256607055664e-01
1.307789832353591919e-01
1.307959407567977905e-01
1.308112591505050659e-01
1.308420002460479736e-01
1.308674365282058716e-01
1.309262365102767944e-01
1.309647411108016968e-01
1.310738176107406616e-01
1.311220228672027588e-01
1.313102394342422485e-01
1.313389986753463745e-01
1.316120773553848267e-01
1.315521001815795898e-01
1.318368315696716309e-01
1.316365450620651245e-01
1.318054050207138062e-01
1.315247565507888794e-01
1.315413564443588257e-01
1.312932521104812622e-01
1.312358230352401733e-01
1.310791075229644775e-01
1.310315877199172974e-01
1.309645473957061768e-01
1.309556961059570312e-01
1.309436857700347900e-01
1.309519708156585693e-01
1.309539079666137695e-01
1.309474706649780273e-01
1.309397220611572266e-01
1.309150457382202148e-01
1.309029608964920044e-01
1.308798640966415405e-01
1.308787018060684204e-01
1.308663487434387207e-01
1.308828741312026978e-01
1.308833509683609009e-01
1.309276819229125977e-01
1.309501230716705322e-01
1.310329735279083252e-01
1.310682445764541626e-01
1.311857551336288452e-01
1.312015205621719360e-01
1.313399672508239746e-01
1.313110738992691040e-01
1.314572095870971680e-01
1.313695013523101807e-01
1.314964443445205688e-01
1.313501149415969849e-01
1.314176917076110840e-01
1.312467455863952637e-01
1.312468200922012329e-01
1.311010420322418213e-01
1.310651600360870361e-01
1.309664100408554077e-01
1.309274584054946899e-01
1.308688223361968994e-01
1.308399289846420288e-01
1.308090239763259888e-01
1.307917386293411255e-01
1.307763010263442993e-01
1.307669430971145630e-01
1.307592391967773438e-01
1.307537704706192017e-01
1.307495236396789551e-01
1.307465434074401855e-01
1.307439357042312622e-01
1.307429522275924683e-01
1.307420581579208374e-01
1.307422220706939697e-01
1.307427436113357544e-01
1.307436972856521606e-01
1.307456940412521362e-01
1.307484507560729980e-01
1.307532042264938354e-01
1.307588815689086914e-01
1.307691335678100586e-01
1.307805776596069336e-01
1.308022141456604004e-01
1.308236420154571533e-01
1.308688968420028687e-01
1.309085786342620850e-01
1.310032606124877930e-01
1.310674697160720825e-01
1.312580853700637817e-01
1.313329637050628662e-01
1.316669285297393799e-01
1.316718310117721558e-01
1.321081966161727905e-01
1.319073736667633057e-01
1.322318017482757568e-01
1.318308115005493164e-01
1.318807750940322876e-01
1.314819753170013428e-01
1.313626766204833984e-01
1.311132758855819702e-01
1.310031116008758545e-01
1.309029906988143921e-01
1.308609694242477417e-01
1.308392733335494995e-01
1.308332383632659912e-01
1.308402568101882935e-01
1.308516561985015869e-01
1.308900862932205200e-01
1.309183537960052490e-01
1.309999078512191772e-01
1.310229450464248657e-01
1.311300247907638550e-01
1.311178058385848999e-01
1.312230974435806274e-01
1.311775445938110352e-01
1.312682926654815674e-01
1.312048286199569702e-01
1.312716454267501831e-01
1.311888247728347778e-01
1.312191784381866455e-01
1.311254948377609253e-01
1.311275660991668701e-01
1.310459375381469727e-01
1.310413032770156860e-01
1.309802681207656860e-01
1.309762895107269287e-01
1.309322267770767212e-01
1.309285759925842285e-01
1.309007406234741211e-01
1.309005320072174072e-01
1.308871358633041382e-01
1.308882236480712891e-01
1.308777928352355957e-01
1.308685839176177979e-01
1.308468133211135864e-01
1.308241784572601318e-01
1.307980269193649292e-01
1.307799965143203735e-01
1.307672262191772461e-01
1.307657659053802490e-01
1.307682096958160400e-01
1.307783722877502441e-01
1.307877749204635620e-01
1.308059990406036377e-01
1.308209002017974854e-01
1.308487653732299805e-01
1.308683902025222778e-01
1.309123337268829346e-01
1.309384107589721680e-01
1.310148537158966064e-01
1.310529559850692749e-01
1.311940401792526245e-01
1.312362700700759888e-01
1.314716339111328125e-01
1.314630955457687378e-01
1.317614614963531494e-01
1.316212266683578491e-01
1.318553537130355835e-01
1.315916180610656738e-01
1.316651403903961182e-01
1.313891708850860596e-01
1.313403993844985962e-01
1.311335712671279907e-01
1.310504376888275146e-01
1.309309154748916626e-01
1.308714151382446289e-01
1.308172643184661865e-01
1.307885050773620605e-01
1.307673007249832153e-01
1.307555139064788818e-01
1.307498067617416382e-01
1.307496577501296997e-01
1.307559311389923096e-01
1.307664066553115845e-01
1.307840198278427124e-01
1.308003962039947510e-01
1.308287233114242554e-01
1.308483481407165527e-01
1.308921575546264648e-01
1.309171319007873535e-01
1.309886574745178223e-01
1.310191303491592407e-01
1.311316341161727905e-01
1.311559528112411499e-01
1.313145309686660767e-01
1.313043385744094849e-01
1.314904093742370605e-01
1.314097642898559570e-01
1.315694153308868408e-01
1.314102113246917725e-01
1.314878314733505249e-01
1.312970519065856934e-01
1.312920153141021729e-01
1.311305016279220581e-01
1.310889571905136108e-01
1.309828609228134155e-01
1.309437900781631470e-01
1.308858096599578857e-01
1.308615207672119141e-01
1.308333724737167358e-01
1.308210790157318115e-01
1.308080703020095825e-01
1.308018267154693604e-01
1.307963132858276367e-01
1.307918578386306763e-01
1.307893246412277222e-01
1.307852715253829956e-01
1.307840794324874878e-01
1.307803541421890259e-01
1.307810544967651367e-01
1.307792514562606812e-01
1.307845711708068848e-01
1.307870447635650635e-01
1.308003216981887817e-01
1.308103799819946289e-01
1.308383345603942871e-01
1.308594644069671631e-01
1.309141963720321655e-01
1.309491097927093506e-01
1.310514956712722778e-01
1.310971677303314209e-01
1.312740743160247803e-01
1.313055753707885742e-01
1.315654963254928589e-01
1.315216422080993652e-01
1.318054348230361938e-01
1.316294074058532715e-01
1.318154335021972656e-01
1.315440386533737183e-01
1.315750330686569214e-01
1.313136219978332520e-01
1.312485635280609131e-01
1.310687065124511719e-01
1.309961527585983276e-01
1.309042423963546753e-01
1.308648735284805298e-01
1.308306604623794556e-01
1.308175623416900635e-01
1.308092474937438965e-01
1.308070421218872070e-01
1.308093816041946411e-01
1.308132708072662354e-01
1.308252662420272827e-01
1.308355033397674561e-01
1.308600604534149170e-01
1.308726221323013306e-01
1.309075504541397095e-01
1.309153437614440918e-01
1.309606432914733887e-01
1.309641152620315552e-01
1.310280859470367432e-01
1.310348957777023315e-01
1.311277598142623901e-01
1.311351954936981201e-01
1.312604397535324097e-01
1.312498450279235840e-01
1.313991397619247437e-01
1.313467472791671753e-01
1.314961314201354980e-01
1.313858479261398315e-01
1.314911097288131714e-01
1.313348263502120972e-01
1.313658207654953003e-01
1.312053948640823364e-01
1.311776936054229736e-01
1.310496330261230469e-01
1.310018748044967651e-01
1.309173405170440674e-01
1.308764964342117310e-01
1.308287233114242554e-01
1.308033615350723267e-01
1.307804435491561890e-01
1.307692974805831909e-01
1.307607442140579224e-01
1.307588517665863037e-01
1.307574510574340820e-01
1.307592839002609253e-01
1.307606995105743408e-01
1.307638585567474365e-01
1.307650506496429443e-01
1.307684481143951416e-01
1.307696104049682617e-01
1.307727098464965820e-01
1.307727396488189697e-01
1.307756304740905762e-01
1.307757049798965454e-01
1.307800263166427612e-01
1.307814717292785645e-01
1.307892203330993652e-01
1.307945698499679565e-01
1.308098137378692627e-01
1.308224052190780640e-01
1.308539509773254395e-01
1.308794170618057251e-01
1.309439539909362793e-01
1.309915184974670410e-01
1.311233192682266235e-01
1.311971247196197510e-01
1.314499676227569580e-01
1.315175592899322510e-01
1.319251805543899536e-01
1.318687349557876587e-01
1.323202550411224365e-01
1.320077925920486450e-01
1.322370767593383789e-01
1.317711323499679565e-01
1.317065954208374023e-01
1.313274800777435303e-01
1.311639845371246338e-01
1.309632062911987305e-01
1.308590471744537354e-01
1.307929754257202148e-01
1.307725608348846436e-01
1.307865828275680542e-01
1.308216601610183716e-01
1.308881342411041260e-01
1.309437304735183716e-01
1.310462355613708496e-01
1.310843378305435181e-01
1.312018930912017822e-01
1.311895847320556641e-01
1.312940269708633423e-01
1.312226802110671997e-01
1.312899589538574219e-01
1.311819255352020264e-01
1.312043219804763794e-01
1.310917884111404419e-01
1.310803741216659546e-01
1.309885829687118530e-01
1.309664845466613770e-01
1.309059858322143555e-01
1.308906823396682739e-01
1.308570504188537598e-01
1.308510750532150269e-01
1.308330297470092773e-01
1.308299899101257324e-01
1.308174282312393188e-01
1.308133751153945923e-01
1.308040171861648560e-01
1.308004558086395264e-01
1.307943612337112427e-01
1.307920813560485840e-01
1.307894885540008545e-01
1.307886242866516113e-01
1.307877153158187866e-01
1.307886093854904175e-01
1.307880431413650513e-01
1.307894587516784668e-01
1.307879239320755005e-01
1.307883113622665405e-01
1.307847201824188232e-01
1.307830959558486938e-01
1.307784616947174072e-01
1.307766288518905640e-01
1.307730525732040405e-01
1.307739466428756714e-01
1.307745426893234253e-01
1.307826936244964600e-01
1.307914108037948608e-01
1.308136433362960815e-01
1.308357715606689453e-01
1.308881640434265137e-01
1.309333145618438721e-01
1.310497075319290161e-01
1.311231553554534912e-01
1.313620507717132568e-01
1.314326524734497070e-01
1.318386495113372803e-01
1.317808777093887329e-01
1.322415471076965332e-01
1.319243460893630981e-01
1.321636587381362915e-01
1.317138671875000000e-01
1.316727399826049805e-01
1.313113570213317871e-01
1.311696022748947144e-01
1.309738606214523315e-01
1.308803409337997437e-01
1.308157294988632202e-01
1.307933777570724487e-01
1.307917088270187378e-01
1.308029294013977051e-01
1.308286488056182861e-01
1.308555752038955688e-01
1.309142559766769409e-01
1.309501379728317261e-01
1.310456395149230957e-01
1.310655176639556885e-01
1.311788558959960938e-01
1.311542242765426636e-01
1.312558203935623169e-01
1.311882734298706055e-01
1.312617957592010498e-01
1.311749517917633057e-01
1.312177181243896484e-01
1.311265677213668823e-01
1.311402171850204468e-01
1.310553997755050659e-01
1.310538351535797119e-01
1.309884041547775269e-01
1.309906989336013794e-01
1.309486925601959229e-01
1.309608966112136841e-01
1.309341788291931152e-01
1.309504061937332153e-01
1.309297382831573486e-01
1.309429556131362915e-01
1.309237778186798096e-01
1.309290081262588501e-01
1.309063881635665894e-01
1.309012472629547119e-01
1.308748573064804077e-01
1.308640688657760620e-01
1.308414340019226074e-01
1.308373957872390747e-01
1.308283209800720215e-01
1.308414041996002197e-01
1.308489441871643066e-01
1.308838129043579102e-01
1.309029906988143921e-01
1.309633404016494751e-01
1.309860050678253174e-01
1.310793161392211914e-01
1.310952752828598022e-01
1.312272250652313232e-01
1.312198042869567871e-01
1.313825845718383789e-01
1.313272416591644287e-01
1.314871907234191895e-01
1.313704997301101685e-01
1.314819902181625366e-01
1.313223242759704590e-01
1.313638091087341309e-01
1.312030851840972900e-01
1.311919540166854858e-01
1.310638338327407837e-01
1.310335397720336914e-01
1.309489011764526367e-01
1.309208869934082031e-01
1.308708637952804565e-01
1.308513283729553223e-01
1.308232545852661133e-01
1.308108717203140259e-01
1.307952851057052612e-01
1.307883113622665405e-01
1.307796835899353027e-01
1.307761967182159424e-01
1.307718008756637573e-01
1.307705938816070557e-01
1.307681649923324585e-01
1.307677775621414185e-01
1.307656317949295044e-01
1.307660341262817383e-01
1.307647079229354858e-01
1.307660639286041260e-01
1.307655870914459229e-01
1.307679116725921631e-01
1.307688802480697632e-01
1.307729333639144897e-01
1.307761222124099731e-01
1.307840496301651001e-01
1.307919472455978394e-01
1.308094710111618042e-01
1.308267414569854736e-01
1.308647096157073975e-01
1.308997124433517456e-01
1.309831887483596802e-01
1.310469955205917358e-01
1.312237232923507690e-01
1.313121914863586426e-01
1.316479146480560303e-01
1.316841095685958862e-01
1.321687698364257812e-01
1.319705694913864136e-01
1.323541104793548584e-01
1.318882554769515991e-01
1.319300085306167603e-01
1.314697414636611938e-01
1.313103735446929932e-01
1.310376673936843872e-01
1.309014111757278442e-01
1.307998150587081909e-01
1.307584345340728760e-01
1.307540237903594971e-01
1.307753175497055054e-01
1.308177411556243896e-01
1.308634579181671143e-01
1.309437304735183716e-01
1.309920251369476318e-01
1.311178058385848999e-01
1.311377882957458496e-01
1.312929987907409668e-01
1.312411129474639893e-01
1.313670128583908081e-01
1.312386095523834229e-01
1.312867701053619385e-01
1.311427354812622070e-01
1.311324238777160645e-01
1.310241073369979858e-01
1.309975385665893555e-01
1.309303343296051025e-01
1.309112757444381714e-01
1.308798938989639282e-01
1.308827996253967285e-01
1.308843493461608887e-01
1.309121251106262207e-01
1.309317648410797119e-01
1.309602409601211548e-01
1.309658885002136230e-01
1.309573799371719360e-01
1.309227049350738525e-01
1.308716833591461182e-01
1.308180093765258789e-01
1.307702958583831787e-01
1.307406425476074219e-01
1.307301819324493408e-01
1.307363957166671753e-01
1.307524144649505615e-01
1.307742446660995483e-01
1.307916343212127686e-01
1.308068037033081055e-01
1.308096945285797119e-01
1.308103799819946289e-01
1.308015286922454834e-01
1.307998150587081909e-01
1.307986080646514893e-01
1.308169215917587280e-01
1.308404058218002319e-01
1.309010535478591919e-01
1.309526413679122925e-01
1.310811936855316162e-01
1.311491131782531738e-01
1.313818991184234619e-01
1.314234733581542969e-01
1.317730396986007690e-01
1.316945403814315796e-01
1.320614069700241089e-01
1.317974328994750977e-01
1.320014894008636475e-01
1.316430419683456421e-01
1.316393911838531494e-01
1.313288658857345581e-01
1.312253922224044800e-01
1.310349404811859131e-01
1.309482902288436890e-01
1.308693736791610718e-01
1.308340877294540405e-01
1.308124214410781860e-01
1.308035403490066528e-01
1.308024525642395020e-01
1.308071166276931763e-01
1.308306902647018433e-01
1.308548301458358765e-01
1.309170275926589966e-01
1.309480667114257812e-01
1.310419887304306030e-01
1.310526728630065918e-01
1.311615109443664551e-01
1.311426311731338501e-01
1.312550902366638184e-01
1.312109977006912231e-01
1.313121020793914795e-01
1.312377005815505981e-01
1.313032954931259155e-01
1.311985552310943604e-01
1.312168836593627930e-01
1.311060935258865356e-01
1.310939937829971313e-01
1.310019940137863159e-01
1.309791952371597290e-01
1.309112906455993652e-01
1.308857351541519165e-01
1.308391541242599487e-01
1.308173835277557373e-01
1.307895779609680176e-01
1.307766884565353394e-01
1.307635754346847534e-01
1.307583451271057129e-01
1.307528465986251831e-01
1.307502388954162598e-01
1.307470500469207764e-01
1.307465583086013794e-01
1.307448744773864746e-01
1.307465881109237671e-01
1.307483613491058350e-01
1.307537704706192017e-01
1.307585239410400391e-01
1.307687610387802124e-01
1.307770162820816040e-01
1.307956576347351074e-01
1.308097988367080688e-01
1.308442205190658569e-01
1.308678537607192993e-01
1.309317350387573242e-01
1.309674829244613647e-01
1.310816258192062378e-01
1.311239451169967651e-01
1.313112974166870117e-01
1.313309520483016968e-01
1.315906345844268799e-01
1.315252333879470825e-01
1.317881941795349121e-01
1.315948814153671265e-01
1.317482143640518188e-01
1.314803361892700195e-01
1.314921975135803223e-01
1.312546879053115845e-01
1.311983168125152588e-01
1.310500055551528931e-01
1.310061961412429810e-01
1.309445053339004517e-01
1.309404224157333374e-01
1.309343576431274414e-01
1.309525668621063232e-01
1.309636980295181274e-01
1.309701204299926758e-01
1.309700161218643188e-01
1.309469640254974365e-01
1.309300065040588379e-01
1.308896392583847046e-01
1.308660954236984253e-01
1.308300346136093140e-01
1.308186650276184082e-01
1.308084130287170410e-01
1.308305114507675171e-01
1.308563351631164551e-01
1.309190243482589722e-01
1.309620440006256104e-01
1.310546994209289551e-01
1.310865730047225952e-01
1.312039494514465332e-01
1.312119662761688232e-01
1.313629597425460815e-01
1.313310563564300537e-01
1.315053105354309082e-01
1.314005404710769653e-01
1.315419524908065796e-01
1.313666105270385742e-01
1.314220726490020752e-01
1.312325447797775269e-01
1.312112808227539062e-01
1.310589164495468140e-01
1.310057938098907471e-01
1.309068650007247925e-01
1.308597177267074585e-01
1.308069974184036255e-01
1.307794004678726196e-01
1.307564377784729004e-01
1.307434588670730591e-01
1.307342201471328735e-01
1.307285279035568237e-01
1.307250410318374634e-01
1.307239681482315063e-01
1.307245194911956787e-01
1.307264566421508789e-01
1.307298988103866577e-01
1.307334452867507935e-01
1.307384818792343140e-01
1.307436525821685791e-01
1.307525932788848877e-01
1.307618468999862671e-01
1.307791918516159058e-01
1.307956278324127197e-01
1.308284997940063477e-01
1.308562159538269043e-01
1.309194117784500122e-01
1.309625953435897827e-01
1.310805827379226685e-01
1.311348676681518555e-01
1.313394010066986084e-01
1.313724517822265625e-01
1.316681802272796631e-01
1.316029429435729980e-01
1.319051533937454224e-01
1.316854804754257202e-01
1.318514645099639893e-01
1.315412372350692749e-01
1.315310299396514893e-01
1.312552243471145630e-01
1.311598569154739380e-01
1.309849917888641357e-01
1.309024840593338013e-01
1.308214515447616577e-01
1.307815164327621460e-01
1.307533681392669678e-01
1.307408362627029419e-01
1.307353675365447998e-01
1.307358592748641968e-01
1.307428032159805298e-01
1.307543814182281494e-01
1.307749450206756592e-01
1.307949423789978027e-01
1.308320611715316772e-01
1.308558136224746704e-01
1.309123486280441284e-01
1.309357583522796631e-01
1.310195475816726685e-01
1.310403794050216675e-01
1.311591863632202148e-01
1.311667412519454956e-01
1.313167810440063477e-01
1.312890499830245972e-01
1.314457654953002930e-01
1.313588470220565796e-01
1.314805448055267334e-01
1.313380002975463867e-01
1.313938945531845093e-01
1.312331557273864746e-01
1.312298625707626343e-01
1.310938596725463867e-01
1.310635507106781006e-01
1.309706866741180420e-01
1.309389472007751465e-01
1.308829337358474731e-01
1.308584362268447876e-01
1.308263391256332397e-01
1.308091282844543457e-01
1.307908147573471069e-01
1.307783424854278564e-01
1.307670921087265015e-01
1.307581514120101929e-01
1.307507753372192383e-01
1.307444125413894653e-01
1.307399570941925049e-01
1.307364851236343384e-01
1.307358592748641968e-01
1.307364851236343384e-01
1.307403147220611572e-01
1.307464241981506348e-01
1.307575851678848267e-01
1.307716369628906250e-01
1.307965219020843506e-01
1.308241784572601318e-01
1.308771520853042603e-01
1.309284865856170654e-01
1.310347616672515869e-01
1.311165690422058105e-01
1.313073933124542236e-01
1.313859969377517700e-01
1.316441446542739868e-01
1.315968632698059082e-01
1.318161040544509888e-01
1.315798610448837280e-01
1.317126750946044922e-01
1.314747780561447144e-01
1.315970718860626221e-01
1.314578801393508911e-01
1.315536350011825562e-01
1.313877701759338379e-01
1.313526779413223267e-01
1.311419159173965454e-01
1.310447752475738525e-01
1.309314370155334473e-01
1.309143602848052979e-01
1.308947503566741943e-01
1.309106349945068359e-01
1.308815777301788330e-01
1.308555454015731812e-01
1.308029145002365112e-01
1.307684928178787231e-01
1.307475119829177856e-01
1.307490020990371704e-01
1.307603418827056885e-01
1.307741999626159668e-01
1.307737529277801514e-01
1.307681053876876831e-01
1.307523399591445923e-01
1.307431161403656006e-01
1.307408958673477173e-01
1.307503581047058105e-01
1.307639479637145996e-01
1.307844072580337524e-01
1.307954937219619751e-01
1.308184117078781128e-01
1.308309733867645264e-01
1.308739781379699707e-01
1.309083402156829834e-01
1.310021579265594482e-01
1.310648322105407715e-01
1.312418431043624878e-01
1.313143670558929443e-01
1.316100656986236572e-01
1.316258162260055542e-01
1.320194453001022339e-01
1.318485587835311890e-01
1.321570128202438354e-01
1.317739933729171753e-01
1.318179965019226074e-01
1.314216852188110352e-01
1.312925219535827637e-01
1.310410797595977783e-01
1.309180855751037598e-01
1.308129280805587769e-01
1.307637691497802734e-01
1.307456195354461670e-01
1.307512819766998291e-01
1.307763159275054932e-01
1.308079361915588379e-01
1.308615803718566895e-01
1.308991909027099609e-01
1.309786289930343628e-01
1.310046315193176270e-01
1.311046630144119263e-01
1.311017870903015137e-01
1.312074065208435059e-01
1.311662644147872925e-01
1.312536597251892090e-01
1.311774998903274536e-01
1.312302201986312866e-01
1.311361193656921387e-01
1.311552524566650391e-01
1.310652345418930054e-01
1.310627311468124390e-01
1.309899091720581055e-01
1.309782266616821289e-01
1.309249997138977051e-01
1.309117525815963745e-01
1.308745741844177246e-01
1.308615058660507202e-01
1.308343261480331421e-01
1.308201253414154053e-01
1.307985335588455200e-01
1.307839900255203247e-01
1.307668834924697876e-01
1.307545900344848633e-01
1.307433396577835083e-01
1.307360678911209106e-01
1.307301968336105347e-01
1.307274103164672852e-01
1.307258903980255127e-01
1.307266950607299805e-01
1.307283639907836914e-01
1.307320743799209595e-01
1.307369619607925415e-01
1.307450681924819946e-01
1.307529360055923462e-01
1.307673305273056030e-01
1.307803690433502197e-01
1.308073103427886963e-01
1.308291852474212646e-01
1.308805346488952637e-01
1.309161782264709473e-01
1.310148090124130249e-01
1.310653835535049438e-01
1.312446594238281250e-01
1.312928199768066406e-01
1.315786987543106079e-01
1.315620094537734985e-01
1.319107115268707275e-01
1.317398101091384888e-01
1.320022493600845337e-01
1.316823512315750122e-01
1.317432522773742676e-01
1.314124464988708496e-01
1.313347965478897095e-01
1.311100423336029053e-01
1.310225725173950195e-01
1.309156417846679688e-01
1.308747828006744385e-01
1.308447867631912231e-01
1.308431178331375122e-01
1.308529824018478394e-01
1.308644115924835205e-01
1.308888494968414307e-01
1.308897733688354492e-01
1.309116482734680176e-01
1.308979839086532593e-01
1.309217512607574463e-01
1.309118568897247314e-01
1.309566944837570190e-01
1.309614032506942749e-01
1.310375779867172241e-01
1.310455352067947388e-01
1.311466544866561890e-01
1.311353445053100586e-01
1.312447935342788696e-01
1.311988383531570435e-01
1.312958747148513794e-01
1.312151849269866943e-01
1.312802881002426147e-01
1.311792433261871338e-01
1.312046498060226440e-01
1.311019510030746460e-01
1.310956925153732300e-01
1.310062855482101440e-01
1.309845298528671265e-01
1.309170573949813843e-01
1.308963149785995483e-01
1.308524012565612793e-01
1.308402121067047119e-01
1.308153867721557617e-01
1.308121532201766968e-01
1.307989060878753662e-01
1.308004707098007202e-01
1.307925283908843994e-01
1.307966709136962891e-01
1.307917386293411255e-01
1.307985186576843262e-01
1.307964175939559937e-01
1.308089494705200195e-01
1.308114230632781982e-01
1.308335363864898682e-01
1.308426111936569214e-01
1.308793872594833374e-01
1.308953613042831421e-01
1.309550255537033081e-01
1.309760510921478271e-01
1.310688108205795288e-01
1.310877948999404907e-01
1.312216520309448242e-01
1.312203854322433472e-01
1.313884854316711426e-01
1.313396245241165161e-01
1.315085291862487793e-01
1.313929706811904907e-01
1.315121203660964966e-01
1.313473582267761230e-01
1.313909292221069336e-01
1.312232017517089844e-01
1.312116384506225586e-01
1.310802698135375977e-01
1.310510486364364624e-01
1.309668570756912231e-01
1.309431493282318115e-01
1.308958083391189575e-01
1.308801770210266113e-01
1.308535486459732056e-01
1.308412402868270874e-01
1.308229565620422363e-01
1.308090537786483765e-01
1.307933926582336426e-01
1.307774633169174194e-01
1.307633519172668457e-01
1.307494193315505981e-01
1.307390630245208740e-01
1.307309120893478394e-01
1.307270079851150513e-01
1.307262778282165527e-01
1.307305395603179932e-01
1.307371556758880615e-01
1.307495236396789551e-01
1.307630836963653564e-01
1.307863593101501465e-01
1.308083087205886841e-01
1.308522224426269531e-01
1.308864355087280273e-01
1.309681832790374756e-01
1.310169547796249390e-01
1.311675608158111572e-01
1.312200129032135010e-01
1.314691007137298584e-01
1.314756572246551514e-01
1.318038403987884521e-01
1.316772103309631348e-01
1.319578737020492554e-01
1.316733658313751221e-01
1.317704319953918457e-01
1.314425766468048096e-01
1.313778311014175415e-01
1.311322748661041260e-01
1.310284733772277832e-01
1.308978497982025146e-01
1.308310031890869141e-01
1.307798922061920166e-01
1.307530254125595093e-01
1.307386159896850586e-01
1.307347714900970459e-01
1.307403743267059326e-01
1.307540684938430786e-01
1.307811141014099121e-01
1.308082938194274902e-01
1.308592259883880615e-01
1.308899372816085815e-01
1.309658586978912354e-01
1.309875249862670898e-01
1.310887038707733154e-01
1.310910582542419434e-01
1.312124282121658325e-01
1.311846226453781128e-01
1.313070952892303467e-01
1.312386840581893921e-01
1.313325315713882446e-01
1.312251538038253784e-01
1.312699466943740845e-01
1.311473995447158813e-01
1.311502158641815186e-01
1.310421228408813477e-01
1.310273408889770508e-01
1.309512108564376831e-01
1.309396624565124512e-01
1.308963149785995483e-01
1.308979541063308716e-01
1.308829933404922485e-01
1.309024542570114136e-01
1.309095919132232666e-01
1.309417784214019775e-01
1.309582442045211792e-01
1.309837102890014648e-01
1.309824883937835693e-01
1.309718191623687744e-01
1.309326142072677612e-01
1.308846622705459595e-01
1.308276206254959106e-01
1.307824999094009399e-01
1.307497620582580566e-01
1.307377815246582031e-01
1.307404488325119019e-01
1.307554543018341064e-01
1.307740360498428345e-01
1.307929903268814087e-01
1.308015435934066772e-01
1.308058500289916992e-01
1.307961046695709229e-01
1.307884156703948975e-01
1.307755857706069946e-01
1.307776123285293579e-01
1.307842880487442017e-01
1.308177411556243896e-01
1.308545023202896118e-01
1.309389919042587280e-01
1.310044527053833008e-01
1.311745941638946533e-01
1.312544941902160645e-01
1.315622776746749878e-01
1.315903514623641968e-01
1.320305913686752319e-01
1.318620294332504272e-01
1.322375237941741943e-01
1.318351030349731445e-01
1.319272816181182861e-01
1.315015852451324463e-01
1.313876658678054810e-01
1.311102658510208130e-01
1.309837996959686279e-01
1.308639943599700928e-01
1.308073252439498901e-01
1.307781636714935303e-01
1.307712942361831665e-01
1.307784467935562134e-01
1.307954341173171997e-01
1.308344155550003052e-01
1.308699548244476318e-01
1.309511214494705200e-01
1.309859901666641235e-01
1.310995221138000488e-01
1.311010867357254028e-01
1.312208771705627441e-01
1.311764866113662720e-01
1.312789320945739746e-01
1.312023997306823730e-01
1.312745511531829834e-01
1.311795264482498169e-01
1.312107443809509277e-01
1.311070472002029419e-01
1.311017721891403198e-01
1.310095191001892090e-01
1.309895962476730347e-01
1.309217512607574463e-01
1.309007555246353149e-01
1.308536082506179810e-01
1.308338046073913574e-01
1.308012902736663818e-01
1.307837367057800293e-01
1.307629197835922241e-01
1.307518333196640015e-01
1.307416558265686035e-01
1.307368874549865723e-01
1.307319551706314087e-01
1.307299286127090454e-01
1.307273507118225098e-01
1.307267695665359497e-01
1.307262182235717773e-01
1.307282894849777222e-01
1.307303607463836670e-01
1.307364404201507568e-01
1.307420879602432251e-01
1.307538747787475586e-01
1.307635903358459473e-01
1.307849287986755371e-01
1.308021992444992065e-01
1.308422982692718506e-01
1.308706402778625488e-01
1.309469044208526611e-01
1.309893131256103516e-01
1.311265230178833008e-01
1.311729103326797485e-01
1.313968300819396973e-01
1.314033269882202148e-01
1.316974312067031860e-01
1.315905600786209106e-01
1.318523436784744263e-01
1.316074579954147339e-01
1.317200511693954468e-01
1.314283609390258789e-01
1.313995122909545898e-01
1.311703920364379883e-01
1.310994178056716919e-01
1.309737414121627808e-01
1.309353262186050415e-01
1.308959126472473145e-01
1.309022307395935059e-01
1.309112608432769775e-01
1.309359073638916016e-01
1.309582293033599854e-01
1.309686303138732910e-01
1.309794485569000244e-01
1.309573948383331299e-01
1.309481710195541382e-01
1.309027671813964844e-01
1.308806538581848145e-01
1.308363974094390869e-01
1.308265179395675659e-01
1.308163404464721680e-01
1.308478713035583496e-01
1.308809071779251099e-01
1.309580951929092407e-01
1.310020238161087036e-01
1.311072260141372681e-01
1.311299353837966919e-01
1.312558501958847046e-01
1.312482953071594238e-01
1.314038187265396118e-01
1.313449442386627197e-01
1.315054446458816528e-01
1.313728094100952148e-01
1.314796805381774902e-01
1.312985271215438843e-01
1.313216090202331543e-01
1.311492323875427246e-01
1.311134099960327148e-01
1.309844106435775757e-01
1.309327036142349243e-01
1.308534592390060425e-01
1.308146268129348755e-01
1.307755261659622192e-01
1.307550370693206787e-01
1.307384669780731201e-01
1.307284235954284668e-01
1.307213008403778076e-01
1.307165175676345825e-01
1.307138800621032715e-01
1.307131350040435791e-01
1.307134181261062622e-01
1.307144761085510254e-01
1.307162791490554810e-01
1.307178139686584473e-01
1.307206004858016968e-01
1.307235211133956909e-01
1.307295411825180054e-01
1.307362616062164307e-01
1.307485699653625488e-01
1.307613998651504517e-01
1.307853758335113525e-01
1.308076083660125732e-01
1.308546066284179688e-01
1.308930367231369019e-01
1.309858858585357666e-01
1.310424655675888062e-01
1.312171965837478638e-01
1.312753856182098389e-01
1.315619498491287231e-01
1.315566003322601318e-01
1.319142132997512817e-01
1.317483633756637573e-01
1.320195347070693970e-01
1.316938549280166626e-01
1.317514181137084961e-01
1.314069032669067383e-01
1.313125789165496826e-01
1.310754716396331787e-01
1.309680640697479248e-01
1.308547854423522949e-01
1.307984292507171631e-01
1.307608783245086670e-01
1.307443678379058838e-01
1.307398527860641479e-01
1.307455003261566162e-01
1.307633817195892334e-01
1.307871788740158081e-01
1.308316290378570557e-01
1.308654546737670898e-01
1.309394240379333496e-01
1.309675425291061401e-01
1.310695111751556396e-01
1.310808807611465454e-01
1.312074065208435059e-01
1.311958283185958862e-01
1.313345134258270264e-01
1.312889307737350464e-01
1.314086467027664185e-01
1.313139200210571289e-01
1.313749104738235474e-01
1.312345564365386963e-01
1.312228441238403320e-01
1.310749650001525879e-01
1.310234814882278442e-01
1.309147030115127563e-01
1.308709233999252319e-01
1.308166980743408203e-01
1.307984441518783569e-01
1.307810544967651367e-01
1.307810395956039429e-01
1.307785063982009888e-01
1.307830810546875000e-01
1.307804435491561890e-01
1.307796835899353027e-01
1.307704895734786987e-01
1.307622790336608887e-01
1.307492405176162720e-01
1.307409554719924927e-01
1.307334452867507935e-01
1.307327300310134888e-01
1.307341009378433228e-01
1.307428181171417236e-01
1.307519823312759399e-01
1.307696998119354248e-01
1.307842433452606201e-01
1.308141946792602539e-01
1.308358311653137207e-01
1.308896839618682861e-01
1.309228092432022095e-01
1.310224682092666626e-01
1.310702562332153320e-01
1.312484294176101685e-01
1.312931627035140991e-01
1.315743327140808105e-01
1.315545886754989624e-01
1.318932473659515381e-01
1.317245215177536011e-01
1.319741606712341309e-01
1.316657960414886475e-01
1.317200213670730591e-01
1.314042806625366211e-01
1.313247680664062500e-01
1.311059445142745972e-01
1.310078948736190796e-01
1.308923959732055664e-01
1.308299601078033447e-01
1.307818442583084106e-01
1.307591050863265991e-01
1.307544857263565063e-01
1.307638138532638550e-01
1.307900995016098022e-01
1.308138817548751831e-01
1.308561414480209351e-01
1.308758705854415894e-01
1.309256255626678467e-01
1.309343874454498291e-01
1.309950798749923706e-01
1.309965252876281738e-01
1.310760527849197388e-01
1.310682296752929688e-01
1.311647295951843262e-01
1.311351507902145386e-01
1.312334686517715454e-01
1.311709731817245483e-01
1.312510073184967041e-01
1.311590075492858887e-01
1.312047988176345825e-01
1.311008483171463013e-01
1.311124861240386963e-01
1.310192197561264038e-01
1.310101151466369629e-01
1.309411525726318359e-01
1.309273988008499146e-01
1.308819204568862915e-01
1.308709084987640381e-01
1.308429539203643799e-01
1.308374553918838501e-01
1.308199018239974976e-01
1.308180391788482666e-01
1.308071017265319824e-01
1.308077424764633179e-01
1.308006048202514648e-01
1.308035254478454590e-01
1.307990849018096924e-01
1.308053284883499146e-01
1.308040469884872437e-01
1.308162361383438110e-01
1.308192759752273560e-01
1.308413892984390259e-01
1.308510452508926392e-01
1.308908313512802124e-01
1.309089064598083496e-01
1.309781223535537720e-01
1.310033649206161499e-01
1.311179399490356445e-01
1.311392784118652344e-01
1.313098371028900146e-01
1.312974989414215088e-01
1.315050721168518066e-01
1.314169168472290039e-01
1.315994113683700562e-01
1.314241439104080200e-01
1.315124630928039551e-01
1.313012093305587769e-01
1.312924623489379883e-01
1.311123371124267578e-01
1.310582607984542847e-01
1.309392452239990234e-01
1.308875977993011475e-01
1.308230906724929810e-01
1.307908445596694946e-01
1.307610422372817993e-01
1.307449936866760254e-01
1.307332068681716919e-01
1.307269483804702759e-01
1.307245343923568726e-01
1.307258605957031250e-01
1.307300627231597900e-01
1.307372301816940308e-01
1.307484805583953857e-01
1.307604759931564331e-01
1.307790428400039673e-01
1.307958662509918213e-01
1.308247148990631104e-01
1.308456659317016602e-01
1.308881193399429321e-01
1.309083998203277588e-01
1.309614777565002441e-01
1.309699416160583496e-01
1.310248523950576782e-01
1.310099214315414429e-01
1.310585439205169678e-01
1.310237646102905273e-01
1.310775578022003174e-01
1.310473084449768066e-01
1.311392337083816528e-01
1.311339884996414185e-01
1.312984675168991089e-01
1.313062608242034912e-01
1.315502673387527466e-01
1.315166801214218140e-01
1.317901015281677246e-01
1.316450387239456177e-01
1.318377405405044556e-01
1.315788328647613525e-01
1.316174417734146118e-01
1.313436180353164673e-01
1.312774121761322021e-01
1.310826689004898071e-01
1.310047209262847900e-01
1.308995336294174194e-01
1.308493912220001221e-01
1.308003664016723633e-01
1.307760924100875854e-01
1.307572275400161743e-01
1.307502985000610352e-01
1.307478100061416626e-01
1.307489573955535889e-01
1.307551562786102295e-01
1.307609230279922485e-01
1.307764500379562378e-01
1.307911276817321777e-01
1.308225840330123901e-01
1.308472752571105957e-01
1.309021413326263428e-01
1.309321820735931396e-01
1.310170888900756836e-01
1.310424208641052246e-01
1.311630308628082275e-01
1.311639547348022461e-01
1.313125789165496826e-01
1.312635093927383423e-01
1.314053386449813843e-01
1.312947273254394531e-01
1.313863992691040039e-01
1.312393248081207275e-01
1.312658488750457764e-01
1.311245858669281006e-01
1.311065554618835449e-01
1.309966146945953369e-01
1.309633851051330566e-01
1.308898031711578369e-01
1.308601349592208862e-01
1.308155506849288940e-01
1.307950764894485474e-01
1.307697445154190063e-01
1.307570189237594604e-01
1.307426393032073975e-01
1.307346671819686890e-01
1.307267546653747559e-01
1.307228654623031616e-01
1.307191997766494751e-01
1.307182461023330688e-01
1.307170987129211426e-01
1.307180076837539673e-01
1.307189613580703735e-01
1.307216584682464600e-01
1.307251602411270142e-01
1.307313591241836548e-01
1.307375878095626831e-01
1.307497918605804443e-01
1.307613998651504517e-01
1.307843327522277832e-01
1.308040022850036621e-01
1.308485567569732666e-01
1.308814138174057007e-01
1.309668868780136108e-01
1.310148239135742188e-01
1.311715096235275269e-01
1.312213093042373657e-01
1.314773708581924438e-01
1.314771026372909546e-01
1.318071782588958740e-01
1.316754370927810669e-01
1.319563537836074829e-01
1.316776275634765625e-01
1.317877173423767090e-01
1.314664632081985474e-01
1.314253062009811401e-01
1.311804801225662231e-01
1.311005055904388428e-01
1.309703290462493896e-01
1.309215128421783447e-01
1.308683454990386963e-01
1.308450549840927124e-01
1.308205276727676392e-01
1.308042407035827637e-01
1.307930797338485718e-01
1.307861953973770142e-01
1.307943016290664673e-01
1.307989507913589478e-01
1.308224797248840332e-01
1.308298259973526001e-01
1.308620572090148926e-01
1.308708339929580688e-01
1.309188008308410645e-01
1.309376657009124756e-01
1.310140043497085571e-01
1.310375481843948364e-01
1.311458200216293335e-01
1.311556994915008545e-01
1.312920898199081421e-01
1.312675029039382935e-01
1.314169913530349731e-01
1.313341259956359863e-01
1.314566731452941895e-01
1.313109546899795532e-01
1.313634514808654785e-01
1.311947107315063477e-01
1.311801373958587646e-01
1.310402154922485352e-01
1.309980899095535278e-01
1.309067755937576294e-01
1.308695077896118164e-01
1.308189332485198975e-01
1.307953894138336182e-01
1.307711750268936157e-01
1.307603120803833008e-01
1.307501345872879028e-01
1.307466626167297363e-01
1.307431608438491821e-01
1.307419836521148682e-01
1.307398378849029541e-01
1.307381987571716309e-01
1.307363659143447876e-01
1.307339221239089966e-01
1.307318806648254395e-01
1.307290196418762207e-01
1.307278275489807129e-01
1.307258903980255127e-01
1.307255625724792480e-01
1.307248771190643311e-01
1.307272613048553467e-01
1.307289153337478638e-01
1.307358145713806152e-01
1.307425200939178467e-01
1.307581961154937744e-01
1.307733207941055298e-01
1.308066993951797485e-01
1.308359950780868530e-01
1.309063583612442017e-01
1.309567689895629883e-01
1.311009824275970459e-01
1.311678439378738403e-01
1.314339190721511841e-01
1.314677000045776367e-01
1.318586021661758423e-01
1.317440569400787354e-01
1.321171969175338745e-01
1.318024098873138428e-01
1.319667845964431763e-01
1.315837353467941284e-01
1.315437555313110352e-01
1.312484741210937500e-01
1.311505734920501709e-01
1.309998035430908203e-01
1.309502720832824707e-01
1.309059560298919678e-01
1.308979094028472900e-01
1.308899521827697754e-01
1.308812648057937622e-01
1.308822184801101685e-01
1.308706998825073242e-01
1.308934837579727173e-01
1.308916211128234863e-01
1.309349983930587769e-01
1.309320330619812012e-01
1.309811472892761230e-01
1.309748589992523193e-01
1.310377568006515503e-01
1.310405284166336060e-01
1.311331242322921753e-01
1.311322301626205444e-01
1.312417834997177124e-01
1.312075853347778320e-01
1.313080340623855591e-01
1.312312632799148560e-01
1.313084661960601807e-01
1.311961710453033447e-01
1.312346309423446655e-01
1.311046630144119263e-01
1.310966908931732178e-01
1.309812515974044800e-01
1.309480071067810059e-01
1.308702230453491211e-01
1.308391094207763672e-01
1.307954639196395874e-01
1.307740956544876099e-01
1.307500451803207397e-01
1.307364851236343384e-01
1.307238042354583740e-01
1.307172179222106934e-01
1.307117044925689697e-01
1.307098418474197388e-01
1.307079344987869263e-01
1.307070851325988770e-01
1.307063996791839600e-01
1.307063996791839600e-01
1.307061016559600830e-01
1.307068318128585815e-01
1.307077705860137939e-01
1.307099014520645142e-01
1.307122260332107544e-01
1.307159364223480225e-01
1.307195127010345459e-01
1.307258158922195435e-01
1.307331174612045288e-01
1.307465583086013794e-01
1.307598948478698730e-01
1.307871043682098389e-01
1.308124810457229614e-01
1.308689415454864502e-01
1.309139579534530640e-01
1.310301274061203003e-01
1.310981214046478271e-01
1.313235163688659668e-01
1.313885301351547241e-01
1.317577064037322998e-01
1.317184865474700928e-01
1.321460306644439697e-01
1.318818032741546631e-01
1.321362257003784180e-01
1.317193210124969482e-01
1.317104399204254150e-01
1.313508599996566772e-01
1.312299966812133789e-01
1.310286074876785278e-01
1.309435069561004639e-01
1.308706253767013550e-01
1.308469921350479126e-01
1.308448910713195801e-01
1.308613270521163940e-01
1.309104710817337036e-01
1.309464126825332642e-01
1.310329735279083252e-01
1.310506314039230347e-01
1.311298757791519165e-01
1.310922652482986450e-01
1.311231106519699097e-01
1.310482472181320190e-01
1.310610473155975342e-01
1.310111284255981445e-01
1.310601979494094849e-01
1.310445070266723633e-01
1.311227381229400635e-01
1.310991942882537842e-01
1.311683505773544312e-01
1.311067640781402588e-01
1.311416774988174438e-01
1.310509890317916870e-01
1.310534030199050903e-01
1.309690326452255249e-01
1.309616863727569580e-01
1.309066414833068848e-01
1.309082955121994019e-01
1.308769881725311279e-01
1.308851391077041626e-01
1.308617740869522095e-01
1.308680176734924316e-01
1.308447867631912231e-01
1.308479458093643188e-01
1.308288425207138062e-01
1.308378726243972778e-01
1.308278441429138184e-01
1.308487951755523682e-01
1.308466941118240356e-01
1.308798938989639282e-01
1.308797448873519897e-01
1.309242844581604004e-01
1.309232860803604126e-01
1.309818029403686523e-01
1.309808492660522461e-01
1.310587078332901001e-01
1.310555636882781982e-01
1.311552375555038452e-01
1.311395913362503052e-01
1.312552243471145630e-01
1.312128603458404541e-01
1.313254982233047485e-01
1.312456876039505005e-01
1.313303411006927490e-01
1.312184184789657593e-01
1.312587261199951172e-01
1.311355978250503540e-01
1.311354935169219971e-01
1.310265362262725830e-01
1.310049891471862793e-01
1.309238970279693604e-01
1.308992505073547363e-01
1.308461278676986694e-01
1.308275014162063599e-01
1.307957321405410767e-01
1.307845115661621094e-01
1.307663917541503906e-01
1.307604908943176270e-01
1.307506412267684937e-01
1.307487338781356812e-01
1.307434588670730591e-01
1.307451277971267700e-01
1.307438313961029053e-01
1.307498216629028320e-01
1.307524144649505615e-01
1.307649016380310059e-01
1.307723373174667358e-01
1.307954341173171997e-01
1.308103203773498535e-01
1.308515369892120361e-01
1.308750957250595093e-01
1.309460997581481934e-01
1.309783756732940674e-01
1.310968995094299316e-01
1.311269253492355347e-01
1.313054114580154419e-01
1.313029229640960693e-01
1.315257996320724487e-01
1.314463317394256592e-01
1.316497921943664551e-01
1.314775049686431885e-01
1.315892040729522705e-01
1.313723325729370117e-01
1.313824206590652466e-01
1.311931759119033813e-01
1.311536431312561035e-01
1.310276985168457031e-01
1.309884190559387207e-01
1.309198439121246338e-01
1.308950483798980713e-01
1.308600604534149170e-01
1.308424025774002075e-01
1.308217197656631470e-01
1.308066844940185547e-01
1.307954043149948120e-01
1.307843029499053955e-01
1.307815760374069214e-01
1.307747811079025269e-01
1.307792812585830688e-01
1.307765543460845947e-01
1.307910978794097900e-01
1.307980567216873169e-01
1.308317631483078003e-01
1.308529824018478394e-01
1.309150159358978271e-01
1.309475451707839966e-01
1.310479193925857544e-01
1.310793906450271606e-01
1.312269121408462524e-01
1.312329620122909546e-01
1.314187347888946533e-01
1.313607692718505859e-01
1.315364837646484375e-01
1.313919425010681152e-01
1.314908564090728760e-01
1.312946528196334839e-01
1.312983483076095581e-01
1.311189234256744385e-01
1.310698688030242920e-01
1.309445947408676147e-01
1.308905631303787231e-01
1.308184713125228882e-01
1.307810097932815552e-01
1.307459473609924316e-01
1.307261735200881958e-01
1.307112127542495728e-01
1.307022720575332642e-01
1.306968033313751221e-01
1.306941509246826172e-01
1.306928992271423340e-01
1.306935846805572510e-01
1.306951195001602173e-01
1.306980103254318237e-01
1.307018250226974487e-01
1.307060271501541138e-01
1.307123899459838867e-01
1.307191401720046997e-01
1.307295858860015869e-01
1.307404935359954834e-01
1.307597607374191284e-01
1.307782083749771118e-01
1.308147311210632324e-01
1.308457255363464355e-01
1.309160888195037842e-01
1.309647709131240845e-01
1.310969889163970947e-01
1.311584711074829102e-01
1.313878297805786133e-01
1.314223259687423706e-01
1.317492723464965820e-01
1.316621750593185425e-01
1.319787651300430298e-01
1.317081600427627563e-01
1.318486630916595459e-01
1.314950585365295410e-01
1.314471364021301270e-01
1.311647444963455200e-01
1.310551315546035767e-01
1.308966428041458130e-01
1.308221369981765747e-01
1.307615637779235840e-01
1.307403594255447388e-01
1.307346969842910767e-01
1.307428777217864990e-01
1.307595670223236084e-01
1.307756453752517700e-01
1.308002024888992310e-01
1.308182477951049805e-01
1.308518052101135254e-01
1.308749020099639893e-01
1.309233307838439941e-01
1.309489309787750244e-01
1.310086697340011597e-01
1.310243159532546997e-01
1.310872882604598999e-01
1.310858130455017090e-01
1.311547160148620605e-01
1.311420202255249023e-01
1.312374472618103027e-01
1.312173753976821899e-01
1.313487738370895386e-01
1.312972307205200195e-01
1.314368844032287598e-01
1.313202381134033203e-01
1.314211040735244751e-01
1.312494724988937378e-01
1.312855631113052368e-01
1.311126500368118286e-01
1.310946196317672729e-01
1.309630423784255981e-01
1.309208422899246216e-01
1.308416128158569336e-01
1.308076828718185425e-01
1.307731866836547852e-01
1.307602524757385254e-01
1.307508349418640137e-01
1.307487040758132935e-01
1.307461410760879517e-01
1.307450234889984131e-01
1.307440549135208130e-01
1.307427287101745605e-01
1.307416856288909912e-01
1.307383775711059570e-01
1.307343542575836182e-01
1.307275444269180298e-01
1.307210922241210938e-01
1.307144165039062500e-01
1.307106763124465942e-01
1.307085752487182617e-01
1.307105273008346558e-01
1.307143718004226685e-01
1.307236701250076294e-01
1.307339519262313843e-01
1.307543963193893433e-01
1.307752579450607300e-01
1.308183223009109497e-01
1.308575123548507690e-01
1.309470534324645996e-01
1.310114562511444092e-01
1.311914622783660889e-01
1.312715709209442139e-01
1.315961033105850220e-01
1.316162198781967163e-01
1.320598870515823364e-01
1.318669170141220093e-01
1.322078853845596313e-01
1.317868977785110474e-01
1.318294554948806763e-01
1.314092427492141724e-01
1.312696486711502075e-01
1.310108304023742676e-01
1.308826655149459839e-01
1.307783573865890503e-01
1.307295560836791992e-01
1.307125985622406006e-01
1.307186186313629150e-01
1.307422667741775513e-01
1.307754218578338623e-01
1.308311969041824341e-01
1.308775395154953003e-01
1.309741586446762085e-01
1.310118734836578369e-01
1.311436295509338379e-01
1.311392933130264282e-01
1.312760412693023682e-01
1.312106400728225708e-01
1.313128620386123657e-01
1.312039047479629517e-01
1.312518566846847534e-01
1.311318278312683105e-01
1.311325728893280029e-01
1.310260891914367676e-01
1.310035586357116699e-01
1.309263557195663452e-01
1.309058517217636108e-01
1.308602392673492432e-01
1.308510750532150269e-01
1.308266967535018921e-01
1.308228820562362671e-01
1.308069080114364624e-01
1.308010816574096680e-01
1.307874172925949097e-01
1.307774782180786133e-01
1.307637840509414673e-01
1.307513862848281860e-01
1.307381540536880493e-01
1.307253390550613403e-01
1.307136565446853638e-01
1.307038068771362305e-01
1.306973397731781006e-01
1.306937336921691895e-01
1.306932270526885986e-01
1.306945830583572388e-01
1.306973993778228760e-01
1.307008713483810425e-01
1.307042241096496582e-01
1.307071596384048462e-01
1.307102590799331665e-01
1.307124495506286621e-01
1.307149827480316162e-01
1.307172030210494995e-01
1.307203322649002075e-01
1.307224780321121216e-01
1.307269632816314697e-01
1.307310909032821655e-01
1.307395398616790771e-01
1.307483166456222534e-01
1.307677477598190308e-01
1.307886093854904175e-01
1.308338642120361328e-01
1.308798491954803467e-01
1.309870779514312744e-01
1.310785412788391113e-01
1.313271671533584595e-01
1.314640194177627563e-01
1.319765597581863403e-01
1.320186406373977661e-01
1.327567547559738159e-01
1.323579549789428711e-01
1.327949017286300659e-01
1.320447176694869995e-01
1.319206804037094116e-01
1.313579231500625610e-01
1.311006546020507812e-01
1.308651268482208252e-01
1.307601332664489746e-01
1.307370364665985107e-01
1.307803839445114136e-01
1.308838874101638794e-01
1.309894621372222900e-01
1.311966478824615479e-01
1.312600970268249512e-01
1.315177977085113525e-01
1.314244866371154785e-01
1.315862983465194702e-01
1.313437670469284058e-01
1.313269287347793579e-01
1.310877948999404907e-01
1.309879422187805176e-01
1.308476477861404419e-01
1.307731866836547852e-01
1.307208985090255737e-01
1.306987851858139038e-01
1.306972354650497437e-01
1.307107955217361450e-01
1.307360976934432983e-01
1.307640671730041504e-01
1.308049559593200684e-01
1.308315396308898926e-01
1.308823823928833008e-01
1.308971941471099854e-01
1.309540718793869019e-01
1.309506297111511230e-01
1.310100704431533813e-01
1.309855431318283081e-01
1.310408264398574829e-01
1.309978663921356201e-01
1.310414075851440430e-01
1.309868544340133667e-01
1.310141235589981079e-01
1.309597492218017578e-01
1.309722512960433960e-01
1.309256255626678467e-01
1.309282034635543823e-01
1.308902502059936523e-01
1.308872997760772705e-01
1.308558434247970581e-01
1.308518201112747192e-01
1.308304071426391602e-01
1.308342665433883667e-01
1.308255791664123535e-01
1.308396458625793457e-01
1.308415234088897705e-01
1.308595985174179077e-01
1.308607608079910278e-01
1.308684498071670532e-01
1.308548301458358765e-01
1.308384090662002563e-01
1.308063864707946777e-01
1.307730078697204590e-01
1.307385414838790894e-01
1.307122558355331421e-01
1.306949555873870850e-01
1.306890100240707397e-01
