tier,restart_idx,param_seed,final_train_cost,final_test_cost
5,0,131000898,2.252762e-02,1.269638e-01
5,1,131000899,1.532234e-01,4.592196e+00
5,2,131000900,3.790980e-02,1.578116e-01
5,3,131000901,9.571798e-02,2.347319e-01
5,4,131000902,3.215192e-01,8.576052e-01
5,5,131000903,5.898586e-02,2.160076e-01
5,6,131000904,1.458917e-01,1.051274e+00
5,7,131000905,5.564256e-03,2.962240e-01
5,8,131000906,1.551161e-01,9.660113e-01
5,9,131000907,1.093555e-02,1.845475e-01
