tier,restart_idx,param_seed,final_train_cost,final_test_cost
1,0,131000494,6.825132e-03,3.975661e+01
1,1,131000495,7.553411e-04,3.882009e+01
1,2,131000496,4.485542e-06,2.485928e+01
1,3,131000497,1.967426e-02,4.279799e+01
1,4,131000498,4.984157e-03,4.874310e+01
1,5,131000499,3.044252e-02,2.776952e+01
1,6,131000500,4.789570e-04,2.722958e+01
1,7,131000501,8.713614e-04,1.216725e+01
1,8,131000502,2.068948e-02,2.568179e+01
1,9,131000503,9.233700e-07,2.324105e+01
