tier,restart_idx,param_seed,final_train_cost,final_test_cost
3,0,131000696,1.314065e-02,1.904018e+00
3,1,131000697,2.783080e-02,2.261252e+00
3,2,131000698,1.130885e-02,1.919563e+00
3,3,131000699,3.202060e-02,1.294271e+01
3,4,131000700,1.159990e-02,8.740975e-01
3,5,131000701,1.062272e-02,2.484553e+00
3,6,131000702,4.256103e-02,2.334191e+00
3,7,131000703,7.658544e-03,9.086853e+00
3,8,131000704,1.640756e-02,4.572235e+00
3,9,131000705,3.929307e-02,2.330210e+00
