tier,restart_idx,param_seed,final_train_cost,final_test_cost
10,0,131001403,1.328774e-01,6.219824e-02
10,1,131001404,1.342534e-01,1.140904e-01
10,2,131001405,1.727665e-02,7.643437e-02
10,3,131001406,5.850727e-02,1.637754e-01
10,4,131001407,6.005014e-02,6.288475e-02
10,5,131001408,1.294331e+00,3.662213e-01
10,6,131001409,7.240225e-02,1.244983e-01
10,7,131001410,3.607648e-01,8.199058e-02
10,8,131001411,2.632428e-01,3.785316e-01
10,9,131001412,1.332797e-01,1.627596e-01
