tier,restart_idx,param_seed,final_train_cost,final_test_cost
9,0,131001302,7.150931e-02,1.544419e-01
9,1,131001303,1.763264e-01,1.086095e-01
9,2,131001304,5.276545e-01,2.452405e-01
9,3,131001305,9.150936e-02,2.176160e-01
9,4,131001306,4.908115e-02,8.887728e-02
9,5,131001307,1.374427e-01,1.538068e-01
9,6,131001308,2.100299e-02,5.475147e-02
9,7,131001309,4.489426e-02,7.366837e-02
9,8,131001310,5.223040e-02,4.323721e-02
9,9,131001311,4.747056e-02,3.794655e-02
