tier,restart_idx,param_seed,final_train_cost,final_test_cost
6,0,131000999,1.758171e-01,5.808784e-01
6,1,131001000,1.278374e-01,4.289775e-01
6,2,131001001,3.727328e-01,6.866815e-01
6,3,131001002,2.519492e-02,8.343577e-02
6,4,131001003,6.397497e-02,2.234465e-01
6,5,131001004,2.354512e-01,3.174829e-01
6,6,131001005,1.383562e-01,4.240157e-01
6,7,131001006,1.244366e-01,4.067892e-01
6,8,131001007,1.949200e-01,9.125747e-01
6,9,131001008,1.067973e-01,1.818042e+00
