tier,restart_idx,param_seed,final_train_cost,final_test_cost
7,0,131001100,6.080755e-03,3.072499e-02
7,1,131001101,8.146431e-02,4.841517e-01
7,2,131001102,1.612518e-02,1.900878e-01
7,3,131001103,5.444004e-02,3.295901e-01
7,4,131001104,1.467915e-01,1.037964e-01
7,5,131001105,4.180811e-02,1.351910e-01
7,6,131001106,4.167385e-01,9.342980e-01
7,7,131001107,1.729685e-02,1.413267e-01
7,8,131001108,1.235601e-01,3.998118e-01
7,9,131001109,4.382601e-02,2.051756e-01
