{
  "restart": 23,
  "seed": 81,
  "iters": 30000,
  "lr": 0.05,
  "best_iter": 29029,
  "best_cost": 0.0004875051381532103,
  "best_alphaD_mean": 8.859268423826045e-05,
  "n": 16
}