{
  "restart": 29,
  "seed": 87,
  "iters": 30000,
  "lr": 0.05,
  "best_iter": 29886,
  "best_cost": 0.0016409361269325018,
  "best_alphaD_mean": 0.00018674037708409346,
  "n": 6
}