{
  "restart": 11,
  "seed": 69,
  "iters": 30000,
  "lr": 0.05,
  "best_iter": 29931,
  "best_cost": 0.0006150926928967237,
  "best_alphaD_mean": 0.00011032740991553126,
  "n": 14
}