tier,restart_idx,param_seed,final_train_cost,final_test_cost
2,0,184000754,1.009549e-02,3.143264e+00
2,1,184000755,5.345107e-03,1.071197e+01
2,2,184000756,3.417125e-02,1.403420e+01
2,3,184000757,1.526143e-02,1.201525e+01
2,4,184000758,2.285117e-02,2.132797e+01
2,5,184000759,4.203743e-02,4.349436e+01
2,6,184000760,1.634721e-02,1.878721e+01
2,7,184000761,4.344527e-03,1.074465e+01
2,8,184000762,9.811994e-03,1.707915e+01
2,9,184000763,1.703398e-02,1.831815e+01
