tier,restart_idx,param_seed,final_train_cost,final_test_cost
9,0,184001461,3.619826e-02,1.492504e-01
9,1,184001462,3.201525e-02,6.393600e-02
9,2,184001463,4.533405e-02,8.556628e-02
9,3,184001464,8.385206e-02,9.063330e-02
9,4,184001465,5.470035e-02,6.635194e-02
9,5,184001466,2.939788e-02,1.105707e-01
9,6,184001467,3.541486e-02,8.583634e-02
9,7,184001468,4.099786e-02,1.757217e-01
9,8,184001469,3.657583e-02,2.570204e-01
9,9,184001470,6.298681e-02,1.034168e-01
