tier,restart_idx,param_seed,final_train_cost,final_test_cost
8,0,184001360,4.476283e-02,3.324705e-01
8,1,184001361,1.659303e-01,3.903162e-01
8,2,184001362,1.307761e-02,1.269770e-01
8,3,184001363,4.649846e-02,1.689478e-01
8,4,184001364,3.301626e-02,9.430669e-02
8,5,184001365,2.000686e-01,4.757345e-01
8,6,184001366,2.327470e-02,3.689304e-02
8,7,184001367,2.153360e-01,4.272031e-01
8,8,184001368,8.075321e-02,2.564014e-01
8,9,184001369,1.265737e-02,9.041994e-02
