{
  "restart": 18,
  "seed": 76,
  "iters": 30000,
  "lr": 0.05,
  "best_iter": 29996,
  "best_cost": 0.0016997461207211018,
  "best_alphaD_mean": 0.0001961592685771646,
  "n": 7
}