{
  "restart": 25,
  "seed": 83,
  "iters": 30000,
  "lr": 0.05,
  "best_iter": 29800,
  "best_cost": 0.0012600610498338938,
  "best_alphaD_mean": 0.00016511454021049255,
  "n": 15
}