{
  "restart": 27,
  "seed": 85,
  "iters": 30000,
  "lr": 0.05,
  "best_iter": 29806,
  "best_cost": 0.0010661629494279623,
  "best_alphaD_mean": 0.00014137025272878209,
  "n": 13
}