tier,restart_idx,param_seed,final_train_cost,final_test_cost
4,0,129000791,9.686819e-02,9.258282e-01
4,1,129000792,3.273800e-02,1.263856e+00
4,2,129000793,4.086445e-02,2.575086e+00
4,3,129000794,1.119652e-01,2.706567e+00
4,4,129000795,1.041640e-02,4.064981e-01
4,5,129000796,5.579462e-02,2.672790e+00
4,6,129000797,3.752453e-02,3.940562e-01
4,7,129000798,1.019287e-02,6.589877e-01
4,8,129000799,2.734209e-02,5.638428e-01
4,9,129000800,5.088730e-02,7.368520e-01
