tier,restart_idx,param_seed,final_train_cost,final_test_cost
5,0,129000892,2.419973e-01,1.489748e+00
5,1,129000893,1.302918e-01,2.779144e-01
5,2,129000894,2.716239e-02,2.769283e-01
5,3,129000895,3.262436e-01,3.221887e+00
5,4,129000896,2.226365e-02,4.198300e+00
5,5,129000897,3.301300e-02,7.650862e-02
5,6,129000898,2.799534e+00,1.883189e+00
5,7,129000899,1.635289e-02,4.165847e-02
5,8,129000900,1.011654e-02,1.286452e-01
5,9,129000901,4.031326e-02,1.840287e-01
