tier,restart_idx,param_seed,final_train_cost,final_test_cost
3,0,129000690,3.871384e-02,2.049119e+00
3,1,129000691,2.812267e-02,1.299794e+00
3,2,129000692,7.292419e-03,1.236203e+00
3,3,129000693,4.735901e-03,5.152346e+00
3,4,129000694,5.520213e-03,1.240190e+00
3,5,129000695,1.777094e-01,5.659547e+00
3,6,129000696,1.364799e-01,1.730520e+00
3,7,129000697,9.696091e-03,3.851099e+00
3,8,129000698,7.378291e-03,7.653494e-01
3,9,129000699,1.091793e-02,1.844030e+00
