tier,restart_idx,param_seed,final_train_cost,final_test_cost
1,0,129000488,2.504603e-03,4.096017e+01
1,1,129000489,1.656258e-04,6.599490e+01
1,2,129000490,6.961340e-04,3.024086e+01
1,3,129000491,5.902455e-05,1.368414e+01
1,4,129000492,1.333772e-02,2.809392e+01
1,5,129000493,2.099691e-04,2.076380e+01
1,6,129000494,6.652992e-03,1.061314e+01
1,7,129000495,5.387139e-05,3.183340e+01
1,8,129000496,2.848304e-04,5.781781e+01
1,9,129000497,9.143091e-05,3.383167e+01
