tier,restart_idx,param_seed,final_train_cost,final_test_cost
10,0,129001397,3.922262e-02,6.854994e-02
10,1,129001398,1.005072e-01,8.546717e-02
10,2,129001399,1.351389e-01,1.490649e-01
10,3,129001400,1.022174e-01,3.410265e-01
10,4,129001401,6.960759e-02,1.271389e-01
10,5,129001402,1.222019e-01,1.972097e-01
10,6,129001403,5.084464e-02,5.562010e-02
10,7,129001404,1.067302e-01,1.691312e-01
10,8,129001405,3.592868e-01,4.506428e-01
10,9,129001406,1.959244e-01,2.016417e-01
