{
  "restart": 21,
  "seed": 79,
  "iters": 30000,
  "lr": 0.05,
  "best_iter": 29978,
  "best_cost": 0.0006411579670384526,
  "best_alphaD_mean": 0.00011194551245991629,
  "n": 8
}