{
  "restart": 0,
  "seed": 58,
  "iters": 30000,
  "lr": 0.05,
  "best_iter": 29889,
  "best_cost": 0.0018392330966889858,
  "best_alphaD_mean": 0.00019558030990992514,
  "n": 11
}