{
  "restart": 17,
  "seed": 75,
  "iters": 30000,
  "lr": 0.05,
  "best_iter": 29628,
  "best_cost": 0.0007444344228133559,
  "best_alphaD_mean": 0.00011958863110681139,
  "n": 10
}