{
  "restart": 26,
  "seed": 84,
  "iters": 30000,
  "lr": 0.05,
  "best_iter": 29994,
  "best_cost": 0.0005605113692581654,
  "best_alphaD_mean": 9.922531649882026e-05,
  "n": 12
}