{
  "restart": 4,
  "seed": 62,
  "iters": 30000,
  "lr": 0.05,
  "best_iter": 29753,
  "best_cost": 0.0006175687303766608,
  "best_alphaD_mean": 0.00010570312411789137,
  "n": 12
}