{
  "restart": 3,
  "seed": 61,
  "iters": 30000,
  "lr": 0.05,
  "best_iter": 29911,
  "best_cost": 0.0008421422098763287,
  "best_alphaD_mean": 0.00012763018597126757,
  "n": 12
}