{
  "restart": 9,
  "seed": 67,
  "iters": 30000,
  "lr": 0.05,
  "best_iter": 28703,
  "best_cost": 0.0026546521112322807,
  "best_alphaD_mean": 0.00023369962390410188,
  "n": 11
}