tier,restart_idx,param_seed,final_train_cost,final_test_cost
10,0,211001643,3.127943e-01,1.332259e-01
10,1,211001644,1.386832e-01,2.717820e-01
10,2,211001645,1.326987e-01,1.648331e-01
10,3,211001646,2.851546e-01,1.588634e-01
10,4,211001647,6.316862e-02,1.257883e-01
10,5,211001648,4.266415e-02,8.031320e-02
10,6,211001649,1.006713e-01,1.174567e-01
10,7,211001650,5.443211e-02,3.560725e-02
10,8,211001651,1.313699e-01,7.340231e-02
10,9,211001652,5.321531e-02,3.289016e-02
