tier,restart_idx,param_seed,final_train_cost,final_test_cost
5,0,211001138,3.048527e-02,3.631045e-01
5,1,211001139,1.554778e-02,2.167919e-01
5,2,211001140,7.544269e-03,8.318679e-02
5,3,211001141,1.516065e-02,7.437059e-02
5,4,211001142,1.693225e-01,7.506498e-01
5,5,211001143,8.564127e-02,1.056765e+00
5,6,211001144,9.211804e-03,1.889855e-01
5,7,211001145,1.457588e-01,5.182955e-01
5,8,211001146,1.431901e-01,6.052436e-01
5,9,211001147,2.893644e-02,2.368651e-01
