tier,restart_idx,param_seed,final_train_cost,final_test_cost
3,0,211000936,5.561640e-02,1.566232e+00
3,1,211000937,5.464050e-03,1.446864e+00
3,2,211000938,8.533074e-03,3.656192e+00
3,3,211000939,6.611240e-02,5.429911e+00
3,4,211000940,2.266997e-02,5.677184e+00
3,5,211000941,6.195957e-03,3.500669e+00
3,6,211000942,1.037761e-02,8.927202e-01
3,7,211000943,2.650613e-03,1.230357e+00
3,8,211000944,6.167680e-03,5.551639e-01
3,9,211000945,4.109562e-03,3.961962e+00
