tier,restart_idx,param_seed,final_train_cost,final_test_cost
6,0,211001239,9.560474e-02,1.400436e-01
6,1,211001240,1.899499e-02,1.920258e-01
6,2,211001241,9.709258e-02,1.558515e+00
6,3,211001242,2.501838e-01,4.955454e-01
6,4,211001243,5.741413e-02,2.679375e-01
6,5,211001244,1.091969e-01,3.468248e-01
6,6,211001245,2.327923e-01,6.188298e-01
6,7,211001246,1.361288e-02,1.122383e-01
6,8,211001247,1.985793e-02,7.642151e-02
6,9,211001248,1.450319e-02,1.981650e-01
