tier,restart_idx,param_seed,final_train_cost,final_test_cost
4,0,211001037,3.469653e-02,3.611548e-01
4,1,211001038,1.306088e-02,1.063503e+00
4,2,211001039,6.034106e-02,1.062225e+00
4,3,211001040,4.236836e-02,6.565788e-01
4,4,211001041,5.270883e-02,1.242316e+00
4,5,211001042,2.294036e-02,1.116867e+00
4,6,211001043,1.773397e-02,8.067538e-01
4,7,211001044,1.917146e-01,2.367551e+00
4,8,211001045,1.422500e-02,9.342317e-02
4,9,211001046,2.907510e-03,1.376056e-01
