tier,restart_idx,param_seed,final_train_cost,final_test_cost
1,0,211000734,1.683187e-04,1.211905e+01
1,1,211000735,3.834163e-04,4.513755e+01
1,2,211000736,6.541952e-04,1.470453e+01
1,3,211000737,2.116870e-02,3.328659e+01
1,4,211000738,1.345129e-04,4.468284e+01
1,5,211000739,2.946262e-02,3.693530e+01
1,6,211000740,4.356544e-05,1.545854e+02
1,7,211000741,2.483044e-02,5.494039e+01
1,8,211000742,1.756927e-05,2.281132e+01
1,9,211000743,7.336540e-06,8.099660e+01
