{
  "restart": 7,
  "seed": 65,
  "iters": 30000,
  "lr": 0.05,
  "best_iter": 29425,
  "best_cost": 0.000779016234446317,
  "best_alphaD_mean": 0.0001287120316950235,
  "n": 8
}