{
  "restart": 28,
  "seed": 86,
  "iters": 30000,
  "lr": 0.05,
  "best_iter": 29037,
  "best_cost": 0.0009051713277585804,
  "best_alphaD_mean": 0.00013463582107034968,
  "n": 9
}