{
  "restart": 20,
  "seed": 78,
  "iters": 30000,
  "lr": 0.05,
  "best_iter": 29885,
  "best_cost": 0.0003468681825324893,
  "best_alphaD_mean": 7.74324657217164e-05,
  "n": 16
}