{
  "restart": 23,
  "seed": 81,
  "iters": 30000,
  "lr": 0.05,
  "best_iter": 29780,
  "best_cost": 0.0010412484407424927,
  "best_alphaD_mean": 0.00013866039821507976,
  "n": 13
}