alpha,beta,alphaD_true,alphaD_pred,rel_abs,rel_signed
1.1000,2.7500,15.444870383584,15.445043563842773,1.1212801044772784e-05,1.1212801044772784e-05
0.2000,1.0000,19.051282316218,19.051288604736328,3.300837300036497e-07,3.300837300036497e-07
0.2000,4.5000,19.397942314212997,19.39789390563965,2.4955519799389973e-06,-2.4955519799389973e-06
2.0000,1.0000,22.752251621592002,22.751361846923828,3.910710390217075e-05,-3.910710390217075e-05
2.0000,4.5000,14.760426956088999,14.75873851776123,0.00011438953173856571,-0.00011438953173856571
0.9710,1.2500,19.56884610005,19.568830490112305,7.976933138847132e-07,-7.976933138847132e-07
0.8430,3.5000,13.855777414907,13.856087684631348,2.2392805185699096e-05,2.2392805185699096e-05
1.4860,3.5000,14.922997611565,14.920974731445312,0.00013555454288351012,-0.00013555454288351012
1.7430,4.0000,14.782857439192,14.787751197814941,0.0003310428070534476,0.0003310428070534476
2.0000,1.5000,21.036067872794,21.037189483642578,5.331846499833948e-05,5.331846499833948e-05
0.5860,2.5000,15.149038308404002,15.14905834197998,1.3224321947524538e-06,1.3224321947524538e-06
1.6140,1.0000,22.04014677513,22.040555953979492,1.8565159917754975e-05,1.8565159917754975e-05
1.6140,3.2500,15.714130427978,15.713434219360352,4.430462257137464e-05,-4.430462257137464e-05
0.4570,1.7500,16.70640146289,16.70641326904297,7.066843805504003e-07,7.066843805504003e-07
1.6140,2.2500,17.926159928087998,17.926504135131836,1.920138195904682e-05,1.920138195904682e-05
0.5860,3.5000,13.978350677684002,13.978492736816406,1.0162796432840512e-05,1.0162796432840512e-05
1.4860,2.7500,16.391947827372,16.391958236694336,6.350265658035218e-07,6.350265658035218e-07
1.2290,1.0000,21.249588450164,21.249374389648438,1.0073631123061474e-05,-1.0073631123061474e-05
0.4570,4.2500,14.658019179680998,14.657820701599121,1.3540580036384296e-05,-1.3540580036384296e-05
2.0000,2.0000,19.589831449887,19.589258193969727,2.926293259544473e-05,-2.926293259544473e-05
0.8430,3.0000,14.550333960214001,14.550100326538086,1.6056928765609532e-05,-1.6056928765609532e-05
1.6140,4.2500,14.084101407887001,14.083065032958984,7.358473913261044e-05,-7.358473913261044e-05
