tier,restart_idx,param_seed,final_train_cost,final_test_cost
3,0,149000750,7.256755e-03,2.726205e+00
3,1,149000751,1.419507e-02,7.018733e+00
3,2,149000752,4.090767e-02,5.183458e+00
3,3,149000753,7.751826e-02,4.125304e+00
3,4,149000754,4.467775e-03,2.065037e+00
3,5,149000755,1.383078e-02,1.787437e+00
3,6,149000756,7.179222e-02,2.882466e+00
3,7,149000757,1.610480e-01,4.563697e+00
3,8,149000758,7.439101e-02,8.083236e-01
3,9,149000759,7.856666e-02,3.874282e+00
