tier,restart_idx,param_seed,final_train_cost,final_test_cost
10,0,149001457,1.409626e-01,1.798190e-01
10,1,149001458,7.062319e-02,5.019809e-02
10,2,149001459,1.580022e-01,9.466755e-02
10,3,149001460,8.246569e-02,6.827196e-02
10,4,149001461,4.122285e-02,6.582087e-02
10,5,149001462,5.198275e-02,9.585091e-02
10,6,149001463,1.224292e-02,2.239906e-02
10,7,149001464,5.978538e-02,1.401454e-01
10,8,149001465,2.843283e-01,2.430455e-01
10,9,149001466,8.262079e-02,9.859201e-02
