tier,restart_idx,param_seed,final_train_cost,final_test_cost
6,0,149001053,4.084083e-02,1.785984e-01
6,1,149001054,3.713324e-02,4.979351e-01
6,2,149001055,4.088537e-01,8.231257e-01
6,3,149001056,1.729554e-01,2.897620e-01
6,4,149001057,1.690848e-01,4.024354e-01
6,5,149001058,9.128797e-01,5.041842e-01
6,6,149001059,6.612542e-02,1.341383e+00
6,7,149001060,3.983949e-02,3.882101e-01
6,8,149001061,1.344961e-02,1.359679e-01
6,9,149001062,4.884985e-02,1.367236e-01
