tier,restart_idx,param_seed,final_train_cost,final_test_cost
8,0,220001468,1.011939e-02,5.959393e-02
8,1,220001469,3.688747e-02,1.786771e-01
8,2,220001470,4.419295e-02,2.587207e-01
8,3,220001471,6.863104e-02,2.177220e-01
8,4,220001472,4.989906e-02,1.816124e-01
8,5,220001473,1.695775e-02,1.651338e-02
8,6,220001474,1.384049e-02,2.302802e-01
8,7,220001475,1.804672e-01,3.141759e-01
8,8,220001476,6.249775e-02,2.347056e-01
8,9,220001477,2.704789e-02,7.739458e-02
