tier,restart_idx,param_seed,final_train_cost,final_test_cost
6,0,220001266,1.795703e-01,5.134656e-01
6,1,220001267,3.930464e-02,1.768610e-01
6,2,220001268,6.722627e-02,2.993204e-01
6,3,220001269,4.650045e-02,2.049682e-01
6,4,220001270,1.021587e-01,2.766518e-01
6,5,220001271,3.879950e-02,1.866667e-01
6,6,220001272,2.443113e-02,2.300853e-01
6,7,220001273,1.756623e-02,2.089268e-01
6,8,220001274,4.665119e-02,2.382216e-01
6,9,220001275,1.611713e-02,3.172429e-01
