{
  "restart": 4,
  "seed": 62,
  "iters": 30000,
  "lr": 0.05,
  "best_iter": 27178,
  "best_cost": 0.0011080078547820449,
  "best_alphaD_mean": 0.00015330652620206033,
  "n": 7
}