{
  "restart": 28,
  "seed": 86,
  "iters": 30000,
  "lr": 0.05,
  "best_iter": 29991,
  "best_cost": 0.0010901601053774357,
  "best_alphaD_mean": 0.00014750319891346347,
  "n": 11
}