{
  "restart": 29,
  "seed": 87,
  "iters": 30000,
  "lr": 0.05,
  "best_iter": 29478,
  "best_cost": 0.00257821730338037,
  "best_alphaD_mean": 0.00022085171734792722,
  "n": 11
}