1.943908876384678592e+02
1.733186319610226747e+02
1.569731617515496680e+02
1.427456956254299030e+02
1.303381002046529318e+02
1.194437000105788513e+02
1.098869095463694947e+02
1.014585251995820414e+02
9.399835363677564715e+01
8.735600665390745689e+01
8.140463068258293333e+01
7.603412464955297878e+01
7.115687373531537219e+01
6.670136872020376018e+01
6.262520748629344780e+01
5.888564546461762461e+01
5.547597893422383208e+01
5.237054151437015292e+01
4.955279905526435158e+01
4.700397453546182902e+01
4.472999421199168069e+01
4.266138731218229907e+01
4.077175217597181955e+01
3.909967318807298398e+01
3.759924870854328560e+01
3.625382540445543356e+01
3.504819912677469773e+01
3.396861642672597270e+01
3.302233429361166372e+01
3.215959788528795116e+01
3.138933349647205517e+01
3.069502255131100554e+01
3.008315141644330737e+01
2.953898504508095257e+01
2.905565789908303387e+01
2.862685559606742558e+01
2.824676204392271828e+01
2.790349934357869088e+01
2.760509764826041845e+01
2.734067192983832228e+01
2.710612850250533512e+01
2.689776080373103184e+01
2.671223400438085349e+01
2.654656680839269711e+01
2.639811006637788537e+01
2.626452251826989226e+01
2.614374447112805555e+01
2.603397049184579970e+01
2.593362226125942627e+01
2.584132262968318017e+01
2.575587168296847551e+01
2.567622532788384504e+01
2.560147659033236778e+01
2.553083953799365702e+01
2.546363552759033411e+01
2.539928135757204331e+01
2.533727888278006546e+01
2.525239164061356334e+01
2.519417875005429153e+01
2.513730457550525443e+01
2.508152099695755766e+01
2.502662456521927936e+01
2.497245087682271958e+01
2.491886977337597386e+01
2.486578130501147044e+01
2.481311225981038149e+01
2.476081293274720707e+01
2.470885373445733180e+01
2.465722126007640469e+01
2.460177578204835314e+01
2.455095108088641354e+01
2.450046962289529517e+01
2.445032581909814340e+01
2.440050232522765583e+01
2.435096614391300562e+01
2.430166674696442897e+01
2.425253649500024267e+01
2.420349324642215194e+01
2.415444467063543144e+01
2.410529350607989585e+01
2.405594290348816955e+01
2.400630109564636427e+01
2.395628490648460840e+01
2.390582196784626845e+01
2.385485182790353065e+01
2.380332629035275360e+01
2.375120925591687637e+01
2.369847608999784683e+01
2.364511226469153371e+01
2.359111091922285297e+01
2.353646918336280081e+01
2.348118357756786168e+01
2.342524532009711891e+01
2.336863663320144724e+01
2.331132894822528812e+01
2.325328332066879256e+01
2.319445270408326820e+01
2.313478540184541288e+01
2.307422922019016198e+01
2.301273639280066519e+01
2.295026973904844070e+01
2.288681030707194353e+01
2.282236592481892501e+01
2.275697914070558170e+01
2.269073264873903284e+01
2.262375072226284445e+01
2.255619599297773803e+01
2.248826136367767248e+01
2.242015673278459076e+01
2.235209034697245656e+01
2.228424610872803058e+01
2.221676098185217185e+01
2.214970885600753547e+01
2.208309656110247943e+01
2.201687379060634697e+01
2.195095350316787730e+01
2.188523548204197766e+01
2.181962455946650081e+01
2.175403680956900843e+01
2.168839154862017438e+01
2.162259352184639027e+01
2.155651609432617022e+01
2.148999874743050853e+01
2.142286699871455014e+01
2.135497035786992370e+01
2.128622078262862161e+01
2.121660988814329940e+01
2.141904961276882347e+01
2.134367465475396131e+01
2.100432804168428902e+01
2.093315851138157768e+01
2.086086103440332096e+01
2.103067162626471998e+01
2.094969724187504667e+01
2.064402753703522819e+01
2.057063987816992423e+01
2.049322255936350956e+01
2.062796728263827362e+01
2.054570915622753802e+01
2.044742836003973707e+01
2.018668284826899395e+01
2.010626210689564886e+01
2.002019085501541440e+01
2.009744826299618836e+01
2.000847620579364516e+01
1.989487024985612251e+01
1.972118192377842760e+01
1.964798133264599045e+01
1.956678908143424422e+01
1.946144784759236046e+01
1.935450092559476332e+01
1.927668774259222317e+01
1.920420045808737086e+01
1.911965058492101477e+01
1.903176220304940003e+01
1.894853752441166606e+01
1.885809076831392517e+01
1.877313246075047459e+01
1.869921750732919463e+01
1.861447982426943426e+01
1.852294118515778010e+01
1.843982406628364146e+01
1.835866482339903527e+01
1.826861175086597200e+01
1.818498655376890127e+01
1.810579322184985429e+01
1.801875697209432303e+01
1.788950315922832601e+01
1.780696611910411775e+01
1.771715797977614670e+01
1.763086837295327314e+01
1.754614303714611623e+01
1.745635643298258088e+01
1.737076606826930458e+01
1.728121966306989776e+01
1.719057435802304568e+01
1.710253650569455175e+01
1.701107524601646759e+01
1.692826698272202179e+01
1.683656695972187123e+01
1.674724833179461925e+01
1.665787615824068268e+01
1.656377608832204373e+01
1.647294386084611517e+01
1.638618510671579998e+01
1.630641727810830233e+01
1.624692415472907214e+01
1.614009183796150637e+01
1.602663326946601785e+01
1.596017488461342104e+01
1.585646163209022497e+01
1.578100725010621375e+01
1.567544767912702497e+01
1.559971015086435564e+01
1.549603793046946620e+01
1.541238845538458335e+01
1.535455996913327681e+01
1.526931735569777970e+01
1.515767456305514749e+01
1.507005059633875454e+01
1.498915736211571925e+01
1.490352737225749280e+01
1.481454331459395135e+01
1.473179368471887685e+01
1.463687178223259622e+01
1.455922918683041090e+01
1.446799146028396699e+01
1.438887941354666111e+01
1.430371320089642317e+01
1.421534866532913455e+01
1.413788048326363267e+01
1.404789650862387695e+01
1.396935173348860815e+01
1.388526070784545041e+01
1.380386941068752549e+01
1.372370543093977346e+01
1.364108597754486851e+01
1.356328843141800000e+01
1.348105299206561014e+01
1.340484353007530061e+01
1.332463104403009169e+01
1.324794946622271574e+01
1.317227780268812865e+01
1.309382711345502948e+01
1.301915893686433634e+01
1.294394155062694374e+01
1.286776214780874206e+01
1.279455669593048128e+01
1.272086284966691672e+01
1.264677598471388187e+01
1.257466563637613888e+01
1.250218214057661825e+01
1.242979246349189992e+01
1.235912096384898007e+01
1.228923929008972671e+01
1.221925091676279784e+01
1.214984581162339694e+01
1.208089095253677847e+01
1.201399082442847366e+01
1.194757969676678577e+01
1.188176139921787033e+01
1.181692226087341346e+01
1.175332273481415157e+01
1.169096226072016975e+01
1.163007200076508241e+01
1.157234212723151856e+01
1.152492953382074248e+01
1.151182415697328310e+01
1.143823079739295778e+01
1.135240566824457531e+01
1.132180739655978030e+01
1.124938578568450254e+01
1.120724473978564717e+01
1.113821235986535996e+01
1.110094609092272400e+01
1.103860974453277244e+01
1.100631043217711813e+01
1.094640860126456516e+01
1.090499890165645880e+01
1.085087035762346375e+01
1.081207500666404009e+01
1.076084472784882351e+01
1.072230090423235893e+01
1.067346379697131908e+01
1.063148710737429425e+01
1.058524394702737048e+01
1.054351759806632671e+01
1.050117101092049410e+01
1.045862730345636749e+01
1.041708693822611664e+01
1.037595296417449831e+01
1.033613668655209850e+01
1.029594016948437485e+01
1.025790573407399009e+01
1.017248794323026750e+01
1.013569572302884580e+01
1.009732143606880150e+01
1.006157858725324772e+01
1.002452318296917610e+01
9.988739427311243091e+00
9.952507328259153851e+00
9.916928480243818456e+00
9.854379663370020026e+00
9.819110639676763341e+00
9.784963501332953228e+00
9.749917456487532164e+00
9.716216530233136695e+00
9.681943750195554088e+00
9.648260341430727749e+00
9.615330980233043334e+00
9.581631366975305042e+00
9.548631452265093245e+00
9.516199157401915798e+00
9.483537455965919349e+00
9.450862853274577091e+00
9.418761519705373786e+00
9.387151716512605049e+00
9.355972555857182016e+00
9.325729499114574494e+00
9.298592306085806669e+00
9.278049179852747130e+00
9.264149521910262308e+00
9.225303155290188073e+00
9.187627741484309496e+00
9.154791668467373356e+00
9.118659924377372050e+00
9.101551013038731597e+00
9.060150953342088087e+00
9.034627537621767956e+00
9.010946496010109996e+00
8.977151066741782870e+00
8.952598402655091547e+00
8.922978783185195439e+00
8.897297205285312316e+00
8.865587711267272297e+00
8.842910744769813647e+00
8.811480618884431237e+00
8.785982540351721326e+00
8.757988292725309876e+00
8.732148968396153066e+00
8.748826389054810804e+00
8.678540449804543755e+00
8.649640850379672230e+00
8.623371428647095271e+00
8.596253713090700188e+00
8.570347685795086434e+00
8.542170940137138402e+00
8.517029828795930513e+00
8.489670340867757403e+00
8.463275743142677499e+00
8.436764263437201095e+00
8.411198225496576697e+00
8.384248910681112221e+00
8.358929537907348717e+00
8.332818210544189697e+00
8.306915839443323790e+00
8.281171192990914420e+00
8.255864667251524125e+00
8.229899153731487615e+00
8.204403373826647083e+00
8.179082467099309639e+00
8.153528915263597909e+00
8.128270056626597295e+00
8.103137235706782349e+00
8.077998682844782508e+00
8.052778954653062371e+00
8.028031921639298574e+00
8.003046983666614267e+00
7.978229957476515644e+00
7.953407432954458400e+00
7.928766901061120365e+00
7.903940378430112546e+00
7.879383139720259166e+00
7.854763667622325585e+00
7.830208346222597093e+00
7.805631742586755628e+00
7.781222451046391875e+00
7.756743950801736176e+00
7.732321298770463258e+00
7.693538732128780921e+00
7.668989584904181811e+00
7.644367046312259717e+00
7.619712059131510173e+00
7.595016438541644099e+00
7.570219212788461327e+00
7.545400755086996369e+00
7.520558000369496732e+00
7.494859044055202979e+00
7.543929317995875294e+00
7.444982708793727255e+00
7.420035258441802561e+00
7.395041946233785524e+00
7.446421262184090395e+00
7.345075534847936183e+00
7.320095159631003767e+00
7.277462698460872126e+00
7.252307726233851781e+00
7.244945072219377558e+00
7.219843287890464367e+00
7.194745960605022361e+00
7.169661490608857157e+00
7.226643709745587785e+00
7.119640636100450060e+00
7.094696679079731894e+00
7.069756698990648403e+00
7.044812808403102977e+00
7.019870453842273150e+00
6.994933259397543956e+00
6.970001550895261744e+00
6.945072288799943649e+00
6.920147721529787077e+00
6.983214210556011992e+00
6.869914651992345078e+00
6.845133874022796050e+00
6.801018051880086901e+00
6.776171630548589064e+00
6.751248791799277171e+00
6.745964162775725192e+00
6.721186580711249192e+00
6.696417942128844558e+00
6.765250166121042241e+00
6.647032021658059620e+00
6.602383709063028405e+00
6.577732231291419041e+00
6.552999094591644536e+00
6.528201141862137291e+00
6.523884043435820956e+00
6.597716389773188084e+00
6.474786454825876447e+00
6.429701143183016221e+00
6.405215016049323751e+00
6.380675823362976118e+00
6.356091601120214207e+00
6.454957724456596324e+00
6.307271269446567352e+00
6.283010108485458822e+00
6.258688115773004768e+00
6.234360106812864011e+00
6.210023594321354423e+00
6.314494872929219405e+00
6.161907078024789541e+00
6.138032235309112572e+00
6.114173500067357381e+00
6.090347329780422925e+00
6.176956832016104570e+00
6.043166502338492840e+00
6.019781689497805566e+00
5.996397405679127601e+00
5.973022832137250049e+00
5.949672329776572788e+00
5.926361186756915700e+00
6.019650828278955146e+00
5.880260122827770886e+00
5.857447813448255047e+00
5.834687597630288991e+00
5.811996523552979355e+00
5.789393435659677678e+00
5.887779191638909282e+00
5.744268402772441107e+00
5.722262454119171338e+00
5.700350023801711075e+00
5.678535371977847745e+00
5.656817665358689240e+00
5.635191424441212682e+00
5.614543738468061207e+00
5.593160674423113043e+00
5.571836646727592601e+00
5.550554739986082176e+00
5.529293462126193326e+00
5.508023116855135015e+00
5.901627338201507200e+00
5.471017601173603140e+00
5.441283344045178438e+00
5.425001223180745846e+00
5.406291606972836838e+00
5.384747050999619589e+00
5.361291440326986013e+00
5.338283844627111918e+00
5.316149479388162291e+00
5.294916552873180748e+00
5.274804885514490671e+00
5.255205236886368425e+00
5.235151861684052221e+00
5.214011284424860726e+00
5.192536085514979582e+00
5.170987192933405474e+00
5.149631025377042093e+00
5.116880945839898942e+00
5.098060292390140802e+00
5.079389615402829072e+00
5.060798045293688929e+00
5.042114831681846709e+00
5.023309340047989124e+00
5.004653358892031001e+00
4.986497572922272248e+00
4.968693102127394567e+00
4.951777918518969202e+00
4.934709250658973367e+00
4.918147560532857732e+00
4.901898031605288253e+00
4.885861444359855810e+00
4.870150561973184189e+00
4.854906809979373961e+00
4.840129265211144727e+00
4.825692056763578819e+00
4.811461987728472778e+00
4.797454168457359280e+00
4.783726759790548400e+00
4.770245816714728804e+00
4.756988649307084316e+00
4.743954508433888329e+00
4.731137686461539538e+00
4.718473863310705951e+00
4.705936118855249539e+00
4.693522881331123386e+00
4.681615592675349546e+00
4.669480877398349605e+00
4.657496097050349171e+00
4.645633110519409747e+00
4.633898055736181298e+00
4.622301861650963239e+00
4.610884484228787272e+00
4.599687994880440556e+00
4.588818157084361360e+00
4.578303832885876723e+00
4.568336426351018886e+00
4.902794273598882313e+00
4.554669255758096114e+00
4.549358290242927261e+00
4.536646716534297852e+00
4.523080395144891241e+00
4.512388905623097912e+00
4.500931448305546922e+00
4.489625588750536522e+00
4.480010799559713597e+00
4.469601712154609885e+00
4.457940794308836274e+00
4.446587189295495790e+00
4.435587944919622494e+00
4.424862757488956966e+00
4.415167331093978298e+00
4.405510537361164047e+00
4.435288540781916922e+00
4.458346021950952753e+00
4.398690161716790392e+00
4.402739443071716607e+00
4.379194920415368841e+00
4.373598363680060608e+00
4.358454210297116660e+00
4.339720286502385171e+00
4.343197903643066127e+00
4.459754813073418589e+00
4.466093461708426915e+00
4.289191492353234381e+00
4.293927976121188372e+00
4.277806312628930741e+00
4.264247007797103528e+00
4.259760413428852921e+00
4.245533055295899416e+00
4.240242533242194689e+00
4.222496752400852316e+00
4.220073114403194658e+00
4.207283890072069710e+00
4.194812870722559595e+00
4.190279024799283825e+00
4.176320592964391842e+00
4.305687652942535415e+00
4.292805731921572665e+00
4.152077627228408119e+00
4.141873864320809950e+00
4.133343137951614565e+00
4.126217071588426322e+00
4.115060939295791087e+00
4.108526039723453316e+00
4.098698913686115830e+00
4.090187136010889901e+00
4.081705601075442225e+00
4.072449398614929272e+00
4.064616713579655816e+00
4.055031813714966127e+00
4.047382957262130709e+00
4.167160947733899334e+00
4.158527691466031406e+00
4.022064521801247849e+00
4.013189560582627990e+00
4.005547784816091195e+00
3.996797669249511298e+00
3.988879395938898398e+00
3.980499472785563153e+00
3.972297179618197838e+00
3.963399939189422128e+00
3.955112400814322804e+00
3.946512745882457818e+00
4.061683199655858445e+00
4.052724243066227139e+00
3.921370367529447343e+00
3.913307811948644410e+00
3.905052373225455842e+00
3.896759168972064202e+00
3.888521046819665372e+00
3.880011944468369389e+00
3.872033110504900844e+00
3.863204407237305738e+00
3.854811294242884046e+00
3.846364676474586908e+00
3.957073830181312424e+00
3.948545264455009196e+00
3.821988345947596954e+00
3.814171783816039607e+00
3.806172560246583458e+00
3.798247387835968603e+00
3.790239839002434774e+00
3.782209890496757154e+00
3.774152017463611841e+00
3.766070608342531045e+00
3.758029079873159262e+00
3.864757836032859828e+00
3.742242726556939125e+00
3.734461114682657623e+00
3.840537920222930168e+00
3.719221068081919768e+00
3.711717879941592191e+00
3.704201244375139979e+00
3.696640088112130407e+00
3.689072717803689283e+00
3.681475514717734043e+00
3.785459358452321510e+00
3.666629091890684755e+00
3.659343622549315445e+00
3.652022033994279937e+00
3.754783557993987220e+00
3.637624430350026472e+00
3.630541124424979671e+00
3.623431907953073683e+00
3.616281478664360449e+00
3.609114235244715196e+00
3.601922524606164355e+00
3.703736599719523515e+00
3.696063211212132771e+00
3.581314987158180418e+00
3.574676753452961098e+00
3.567929859236178114e+00
3.561152787738604886e+00
3.554346960953103540e+00
3.547512618468318113e+00
3.530202705861624768e+00
3.523300737486997569e+00
3.516343977198382653e+00
3.615374781171301954e+00
3.608301274337514908e+00
3.496216021064467938e+00
3.489691608657756294e+00
3.483063245717341161e+00
3.476401348562681015e+00
3.469702059383942050e+00
3.462982881834633542e+00
3.456239155816991371e+00
4.040865629894159206e+00
3.573241470748478754e+00
3.472845490879239883e+00
3.456519908218693260e+00
3.455306648052445251e+00
3.453676747696723837e+00
3.435716981463657671e+00
3.432326222331534282e+00
3.433629947742395050e+00
3.422148521667763621e+00
3.412145344660673540e+00
3.409011926147289984e+00
3.505866456721376867e+00
3.386718799514297995e+00
3.383214585364919369e+00
3.485576793793836003e+00
3.369464699446839795e+00
3.363838746224018461e+00
3.357591629934721045e+00
3.348798048066225164e+00
3.342272555583896132e+00
3.442615055299322435e+00
3.329075944030878365e+00
3.322366841133133075e+00
3.316918484452143989e+00
3.309812551853043239e+00
3.303395369510118584e+00
3.403656312277905993e+00
3.397090979988967696e+00
3.285985839351479143e+00
3.280946789186425683e+00
3.275222331640131213e+00
3.269280882919871178e+00
3.263833723812459287e+00
3.258206568173168449e+00
3.252321527398579271e+00
3.246408045601492987e+00
3.240539142478568113e+00
3.338188022740843586e+00
3.332680206920325183e+00
3.224250030714802762e+00
3.218817744340795706e+00
3.213605761189621823e+00
3.208394797927046405e+00
3.202934751265286373e+00
3.197606478222305704e+00
3.293391885644595618e+00
3.187153806474756657e+00
3.182338938415407270e+00
3.177261051868563335e+00
3.271976194830156448e+00
3.167037671660411391e+00
3.162128590594258881e+00
3.157103759826059175e+00
3.152040572223236303e+00
3.147108432458444849e+00
3.241315615234680259e+00
3.235953343389106784e+00
3.133254319200559301e+00
3.128973039922683164e+00
3.124455839136907276e+00
3.119837505194208660e+00
3.114762246737507123e+00
3.109402962814523885e+00
3.103682569126078761e+00
3.097904477305067239e+00
3.092712295132705957e+00
3.184258307501502738e+00
3.179082986135453925e+00
3.077542394060686970e+00
3.073264884726363722e+00
3.068824250672812060e+00
3.064156149211393565e+00
3.059686783794677289e+00
3.054622847002729014e+00
3.049453641345057253e+00
3.139414201226944812e+00
3.134007437786687333e+00
3.146864040696916831e+00
3.036785272948565151e+00
3.032732289219302491e+00
3.027691076097147160e+00
3.025052512355739687e+00
3.021136378588463955e+00
3.014856313997811288e+00
3.012988112730789148e+00
3.104166924362971258e+00
3.096998068435381057e+00
2.998875771767243847e+00
2.994645371395482591e+00
2.989925323304543525e+00
2.985610902901852715e+00
2.981520930969135286e+00
2.975395281979229090e+00
2.971077885675861729e+00
2.966428893005236933e+00
2.961253768862612379e+00
3.050210628555660719e+00
3.043824002365409065e+00
2.945428037488974748e+00
2.941126608718748425e+00
2.936865933416519692e+00
2.931855400125235711e+00
2.927199483112760348e+00
2.922366738502288452e+00
3.009040951031895617e+00
3.004059911918785630e+00
2.909034955853729176e+00
2.904528039302331166e+00
2.900188895952681811e+00
2.895699568647607691e+00
2.891105741383892536e+00
2.886618888376987879e+00
2.881965396422221826e+00
2.963817609720794888e+00
2.872887456903161496e+00
2.958222461490287003e+00
2.953618053684246902e+00
2.860328724227609420e+00
2.856320246916673522e+00
2.852136133410327901e+00
2.847942826340506883e+00
2.843698365430724184e+00
2.839449563705953139e+00
2.835153914950743204e+00
2.918767705052453643e+00
2.914272909293643909e+00
2.823066500415926328e+00
2.819331928974079471e+00
2.872758813074209883e+00
2.813633546046304446e+00
2.808916006088283623e+00
2.804235904473745045e+00
2.800560453792576343e+00
2.882754040749659463e+00
2.791951163950392001e+00
2.788455656708221042e+00
2.870567787832289941e+00
2.779877874544339100e+00
2.776669184484273689e+00
2.772230158171330672e+00
2.768346903195109565e+00
2.764252821690380557e+00
2.759777939515033474e+00
2.840765521479877265e+00
2.836186291299096052e+00
2.747633690851077670e+00
2.743528054315819809e+00
2.739585063307307777e+00
2.735207354574590077e+00
2.731069307645186406e+00
2.836921932459982365e+00
2.722635591277244416e+00
2.718570099382227490e+00
2.714428162282554347e+00
2.792900296748392019e+00
2.788416857249085723e+00
2.702402972448960217e+00
2.726206660285478645e+00
2.695649891420997868e+00
2.691460439211289746e+00
2.687257607428037876e+00
2.683599554569488177e+00
2.679216250122764542e+00
2.756865443346597999e+00
2.752396660909003590e+00
2.667292714251368491e+00
2.663143411206070343e+00
2.659350577734215459e+00
2.655020293742424542e+00
2.650893518365024626e+00
2.661067245464268094e+00
2.642632342568076442e+00
2.638473158703493304e+00
2.634423630889110690e+00
2.709837469087019279e+00
2.705365878053077822e+00
2.622273599365344765e+00
2.627539803168275956e+00
2.614831535315954358e+00
2.739257199998387904e+00
2.607971185385218771e+00
2.604832414804948648e+00
2.607543605561625455e+00
2.598546571617561973e+00
2.594583695801099044e+00
2.667321108913237371e+00
2.665884999058202975e+00
2.583445160421874665e+00
2.577897473120636107e+00
2.571077639124609071e+00
2.566764552789168263e+00
2.563042312885485785e+00
2.559412424924380147e+00
2.555519181851343635e+00
2.552290066510030986e+00
2.622867300374197352e+00
2.542848483329681386e+00
2.538154942733009456e+00
2.533454810368996668e+00
2.528869989706837629e+00
2.598913655555422864e+00
2.520282950602763528e+00
2.516160245134838380e+00
2.511562957677798025e+00
2.507175991336566323e+00
2.502617849373905745e+00
2.715243757909666211e+00
2.494093503172770454e+00
2.490837959566057691e+00
2.486963525704825262e+00
2.483041832455798126e+00
2.478930819920381889e+00
2.474258855755457898e+00
2.541964408148045695e+00
2.466141978456581008e+00
2.461953518086894555e+00
2.457755913730189423e+00
2.454405732516979022e+00
2.450236984475193225e+00
2.516908090283267896e+00
2.441117846962906679e+00
2.465462154526199878e+00
2.433264437387776091e+00
2.429416259008712942e+00
2.454215458585419896e+00
2.421849154404361215e+00
2.488610211313077247e+00
2.414568853987487884e+00
2.410923283644441195e+00
2.407174684020874533e+00
2.403373459209405816e+00
2.499084179473006095e+00
2.396142259847757749e+00
2.392635283424899395e+00
2.389052660732646771e+00
2.385424463506165438e+00
2.381665003712936102e+00
2.410315326637001654e+00
2.375751168284983894e+00
2.441758047130733633e+00
2.368070902300650094e+00
2.364865921950061178e+00
2.361443044972257876e+00
2.518809249603160438e+00
2.355370492313891617e+00
2.421747851546098840e+00
2.349617115527628197e+00
2.346617141446529775e+00
2.343748432790402347e+00
2.340521003237371112e+00
2.405695829166369482e+00
2.333409235442924334e+00
2.330055604387304857e+00
2.326605225427524459e+00
2.323169398800970953e+00
2.319644669027300488e+00
2.315889994074336933e+00
2.380396649318167857e+00
2.308868951468449726e+00
2.305418344674840192e+00
2.301921986542903920e+00
2.298396334721975798e+00
2.294878450432138006e+00
2.358573658682152185e+00
2.333844387698561729e+00
2.284960887832324872e+00
2.281799705993910798e+00
2.278524744292731441e+00
2.275173754116304181e+00
2.271656424744711966e+00
2.315035406216368052e+00
2.332206048663771902e+00
2.262402972525444422e+00
2.259488488717907195e+00
2.256466092645371457e+00
2.253123770216499899e+00
2.253035694027271330e+00
2.313208566693079948e+00
2.243898070809087653e+00
2.240829087558572130e+00
2.237875306028612510e+00
2.234856499790361273e+00
2.282978452055990815e+00
2.230251614534743521e+00
2.228141196500857291e+00
2.225965020101823733e+00
2.475274485168029948e+00
2.221106877512014410e+00
2.217730445700303754e+00
2.213951418881664246e+00
2.274789184762740835e+00
2.206492758329745563e+00
2.203642341578841091e+00
2.200990475304036131e+00
2.198606747154784102e+00
2.196005433290947995e+00
2.193083889619646953e+00
2.189794173511657061e+00
2.186065449783562986e+00
2.246416574875306882e+00
2.242323091076443120e+00
2.175461333371670136e+00
2.172447700666577219e+00
2.169412548840347288e+00
2.166334858511520522e+00
2.163166212420383872e+00
2.159884775550287461e+00
2.156491106659551349e+00
2.152949767656984648e+00
2.149425190328399626e+00
2.145997889336964004e+00
2.142699080968868408e+00
2.139472705687523568e+00
2.213086182207691710e+00
2.134149067738957406e+00
2.193080877658093897e+00
2.128899829531460064e+00
2.187097321295291774e+00
2.122525791296369313e+00
2.119324380232222360e+00
2.116062032502568524e+00
2.112930469070601891e+00
2.109795660226154279e+00
2.181073173426852474e+00
2.104533091104143772e+00
2.101952754251514843e+00
2.099329994250732856e+00
2.096431525234918603e+00
2.093100813540970773e+00
2.150616575576594691e+00
2.147314389573796500e+00
2.092710373606982976e+00
2.089522823581551503e+00
2.086442359985959172e+00
2.083210882529580310e+00
2.079869070192104097e+00
2.076680466845157724e+00
2.073265801437986777e+00
2.294312696004562557e+00
2.068162180044867071e+00
2.065762034675552083e+00
2.063701346246529678e+00
2.061030231131586898e+00
2.058260776683198845e+00
2.113070141209339781e+00
2.052243672156947252e+00
2.049317561133018550e+00
2.046103732789109841e+00
3.729846453293190311e+00
2.402938378117282170e+00
2.562733661442520905e+00
2.634176780415234731e+00
2.669777718068733652e+00
2.692768196411801540e+00
2.603973596007261193e+00
9.986813961928561412e+00
3.285601031931062010e+00
3.593153736344596894e+00
3.454119760204760414e+00
3.263005494574111154e+00
3.214841022589244091e+00
3.223630110686572792e+00
3.028534940108225992e+00
2.878112056039748623e+00
2.804567662865553146e+00
2.852552435777772288e+00
2.832527565077509468e+00
2.788229563685940882e+00
2.780710162376371919e+00
3.230855162656916413e+00
3.148604220166652645e+00
3.046062944746726231e+00
2.961758784882971174e+00
2.947530604729624137e+00
2.944646557715998814e+00
2.947816953460880018e+00
2.895904992301590486e+00
2.851937507778067982e+00
2.833776929511522269e+00
2.817629102998964186e+00
2.761003262359153165e+00
2.737614856182299494e+00
2.736269448482284261e+00
2.728495699042729150e+00
2.699969266518801980e+00
2.690757808456494704e+00
2.682172629333789970e+00
2.668076893505515912e+00
2.644235209016342569e+00
2.633619005754658904e+00
2.626185330247989391e+00
2.616758256559443385e+00
2.601689391751039082e+00
2.593026155434537294e+00
2.584732665481015879e+00
2.573278231834683183e+00
2.562296314208099890e+00
2.556890147051655404e+00
2.552789935481321493e+00
2.546488680816824779e+00
2.538542239347312268e+00
2.531630487080529068e+00
2.527669233829134221e+00
2.521817999199837512e+00
2.515012669039132565e+00
2.509477870740467242e+00
2.506446326471616803e+00
2.501885523823244029e+00
2.496421741268672445e+00
2.491198936223622873e+00
2.488053439102781983e+00
2.484063890779619310e+00
2.478912512310321947e+00
2.474057991301765291e+00
2.470704719824320161e+00
2.466472410426191697e+00
2.456097951252163014e+00
2.452279070419232099e+00
2.448835784343902144e+00
2.444522617523350760e+00
2.439986015027275634e+00
2.435815665001543895e+00
2.432260591387054305e+00
2.428225987867419722e+00
2.423693924732567062e+00
2.419165847682615222e+00
2.414719249421915848e+00
2.409800756835819069e+00
2.404551010393061627e+00
2.399009091128632143e+00
2.393070553729583327e+00
2.386531087191783307e+00
2.379121950708118938e+00
2.370639975297153867e+00
2.360720339852278471e+00
2.348601758914126592e+00
2.334272425656957139e+00
2.314848530178906572e+00
2.288535172297764486e+00
2.251310562654376568e+00
2.197699233439689870e+00
2.120503475276088956e+00
2.027469628450267347e+00
1.971401055797210367e+00
1.993770570984369384e+00
2.465828007735306304e+00
2.464463340135967684e+00
2.463704984196558367e+00
2.467448879191708855e+00
2.466522002206803954e+00
2.464285059165584713e+00
2.462210695083535850e+00
2.458628280272117106e+00
2.455744762539549431e+00
2.451881744379057704e+00
2.446077433366115272e+00
2.442163430176221617e+00
2.437812225440814995e+00
2.431648858406302960e+00
2.426697911406626051e+00
2.415735109617533460e+00
2.410737932020651009e+00
2.406300516268345735e+00
2.401876786995746915e+00
2.397498698901677550e+00
2.393722735265522594e+00
2.389737200793839556e+00
2.385705833256539510e+00
2.382409612359216666e+00
2.378911327555359279e+00
2.375242939927661556e+00
2.371884280925011801e+00
2.368584728874675083e+00
2.365194723027676638e+00
2.361971539474393200e+00
2.358788165468667763e+00
2.355693306711801327e+00
2.352627000226091170e+00
2.368282033304076162e+00
2.575499518123892884e+00
2.587697057191193473e+00
2.476669174899897907e+00
2.495982833981351678e+00
2.537275349597613250e+00
2.481356756409829778e+00
2.499268312820040361e+00
2.485662803772354490e+00
2.454908382842357017e+00
2.466398546580968354e+00
2.458951888808479591e+00
2.412810188293715630e+00
2.416608424285227041e+00
2.424719364206938010e+00
2.385786740683085494e+00
2.371413481662083544e+00
2.372509712660039849e+00
2.338802648034265186e+00
2.316793707264028779e+00
2.283176559003608386e+00
2.204389180152850347e+00
2.122148822919321276e+00
2.068590114687208548e+00
1.995586243807104587e+00
1.938359478178433681e+00
1.922895561557647071e+00
1.908095218156425021e+00
1.904433959020046974e+00
1.921389335577214696e+00
1.910076359009240221e+00
2.347881049840983891e+00
2.343769664932057850e+00
2.340787138903265063e+00
2.336187213606670809e+00
2.325726624372897788e+00
2.316604273983225770e+00
2.316647954575969059e+00
2.313846834009708253e+00
2.306928133086463717e+00
2.304635398644249378e+00
2.301728778888441518e+00
2.294862584280471296e+00
2.292088529171905531e+00
2.289152158990766406e+00
2.283038854828749464e+00
2.278462990639781971e+00
2.275912164301586049e+00
2.271867266166988308e+00
2.268797021175651629e+00
2.264758830821321123e+00
2.260233416357314340e+00
2.255461152958316617e+00
2.252632725891669629e+00
2.249324566294478522e+00
2.246937824878767920e+00
2.740217067385597449e+00
2.243225860685339690e+00
2.242407794272947896e+00
2.241326533437156598e+00
2.239117872045458757e+00
2.237434119013448797e+00
2.235822242619968314e+00
2.234001963194786722e+00
2.231904112187022893e+00
2.229829288990047509e+00
2.227392157376193893e+00
2.219843271796297479e+00
2.217575655503169152e+00
2.215031024011032024e+00
2.212258475089543985e+00
2.209589427611870160e+00
2.206859471579894816e+00
2.204163964616425275e+00
2.201356363902833291e+00
2.198567509114375707e+00
2.202109352418470500e+00
1.745899008837976663e+00
1.728747077698818302e+00
1.720075410092851920e+00
1.714355202848448112e+00
1.713895337146596143e+00
1.715619587194021189e+00
1.711983005532095703e+00
1.710464057911877944e+00
1.705294215343718056e+00
1.700407913689189643e+00
1.699923247972435103e+00
1.697368686295054996e+00
1.695334581399692286e+00
1.693432327312309305e+00
1.689464642899312530e+00
1.687150749892119217e+00
1.684791540776184204e+00
1.683220430824237113e+00
1.681946065207592600e+00
1.679091492265263330e+00
1.676543937934409145e+00
1.674027326396980264e+00
1.672189116048615976e+00
1.671181290316344326e+00
1.669001890937753307e+00
1.666848469790568332e+00
1.664654437293315414e+00
1.662567713345448395e+00
1.660887452870043246e+00
1.659119650230819643e+00
1.657404628953532244e+00
1.655561634322451070e+00
1.653459205814916011e+00
1.651763898839694988e+00
1.649868316901233145e+00
1.648023600409044720e+00
1.646342325725979716e+00
1.644542183981237748e+00
1.642776742058879691e+00
1.640916239083609618e+00
1.639146553040703669e+00
1.637495883566171262e+00
1.635675764677658961e+00
1.633905812756050846e+00
1.632136661077745465e+00
1.630355201516567654e+00
1.628682885701724370e+00
1.626958482126578787e+00
1.625230943419390561e+00
1.623480028394279628e+00
1.621704371024967672e+00
1.619997185912818161e+00
1.618281125515747432e+00
1.616571262721585356e+00
1.614871551350859136e+00
1.613136144446282838e+00
1.611426111822339635e+00
1.609703041688257841e+00
1.607987913125440205e+00
1.606293730996238622e+00
1.604590979993720801e+00
1.602886481908142313e+00
1.601174333382611392e+00
1.599465343103984027e+00
1.597771004529094707e+00
1.596069282469880335e+00
1.594373512237344803e+00
1.592673944828439714e+00
1.590969381650897851e+00
1.589272317058732398e+00
1.587577065876424776e+00
1.585884958267769207e+00
1.584188540339966256e+00
1.582491611748794158e+00
1.580797529300105975e+00
1.579099786149368523e+00
1.577404665022556163e+00
1.575711309451753861e+00
1.574016604040387346e+00
1.572321814308728527e+00
1.570624212411803278e+00
1.568927711280274195e+00
1.567230077953543299e+00
1.565531747118177330e+00
1.563833623709421250e+00
1.562132476652122737e+00
1.560429956026568421e+00
1.558726274271456713e+00
1.557020537810185123e+00
1.555313450279308451e+00
1.553603338288731761e+00
1.551891266867956309e+00
1.550176694150573908e+00
1.548459038509709229e+00
1.546739034740908236e+00
1.545015517582999820e+00
1.543289096487981737e+00
1.541559444546481528e+00
1.539826216819990545e+00
1.538089813162312858e+00
1.536349785790140032e+00
1.534606290116649063e+00
1.532859234315685271e+00
1.531108430390901942e+00
1.529354130563120862e+00
1.527596036966292203e+00
1.525834353632784968e+00
1.524068913977788320e+00
1.522299520343499024e+00
1.520526269573141409e+00
1.518748977567693892e+00
1.516967523341168800e+00
1.515181644105848768e+00
1.513391196759553914e+00
1.511596073219848790e+00
1.509796016583829115e+00
1.507990948803637155e+00
1.506180714129171427e+00
2.143993529183133351e+00
1.505600734895424786e+00
1.506974171952271346e+00
1.508385973878254349e+00
1.508988737595386098e+00
1.509175359044823361e+00
1.509051988107640074e+00
1.508204613822615281e+00
1.506932549252308462e+00
1.505376534855386694e+00
1.503787518454140271e+00
1.502253406646952616e+00
1.500515429523149091e+00
1.498601155116614958e+00
1.494797766461123167e+00
1.492786992115052946e+00
1.490808152533132480e+00
1.488650599418889886e+00
1.486563013561611690e+00
1.484485367066023187e+00
1.476720736695647851e+00
1.474626395435058690e+00
1.472505947274011184e+00
1.476524093350268796e+00
1.474698242232751921e+00
1.472930700377018232e+00
1.471182560508892401e+00
1.469431621951594380e+00
1.467710835844013184e+00
1.466024798138088503e+00
1.464313522621697006e+00
1.462608738014773202e+00
1.463589530555875928e+00
1.461940061383014466e+00
1.460278862074885220e+00
1.458613794161939259e+00
1.456943390057496845e+00
1.455283964807023267e+00
1.453653434689279322e+00
1.452026153845720202e+00
1.450414644756216953e+00
1.448811959551207451e+00
1.444520114939157107e+00
1.442951794400823662e+00
1.441381270472493537e+00
1.439808815051744739e+00
1.438236529006276188e+00
1.436664457656233296e+00
1.435095116226001055e+00
1.433519054961790662e+00
1.431947666990685430e+00
1.433223334420308248e+00
1.431684469825492911e+00
1.430145684314248822e+00
1.428606212708980694e+00
1.427071186653814605e+00
1.425537604551290638e+00
1.424726774132273555e+00
1.423185771790172582e+00
1.421642366662851042e+00
1.420097531746601360e+00
1.418551925887172160e+00
1.417005888457171903e+00
1.418524799211137610e+00
1.417004079544990525e+00
1.415481074937092298e+00
1.410555484713909458e+00
1.409018152044744010e+00
1.407479692532410898e+00
1.409099943584402048e+00
1.404406919130229081e+00
1.402871321999461962e+00
1.404447804273327938e+00
1.402926895888940484e+00
1.401405866089612262e+00
1.396664073907598835e+00
1.395136897421210165e+00
1.396845786383020593e+00
1.395326761255429426e+00
1.393807695109338107e+00
1.389036833721028152e+00
1.387512330033220165e+00
1.389254427636670730e+00
1.387737795132260921e+00
1.386220811926046848e+00
1.384702152154124510e+00
1.383183999954894050e+00
1.381665044505859807e+00
1.380146372585248749e+00
1.378627808754488759e+00
1.373831637241091475e+00
1.375591757132383242e+00
1.374073475465960703e+00
1.372555349501629829e+00
1.371036520340603193e+00
1.369517184889244898e+00
1.367997543293062224e+00
1.366477177525343700e+00
1.364956387844422858e+00
1.363434578786723250e+00
1.361912185928445096e+00
1.360388787722170534e+00
1.358864169201423611e+00
1.357338418100493271e+00
1.355811191056595977e+00
1.354282601666202623e+00
1.352752228066370410e+00
1.351220076876072262e+00
1.349685953051322551e+00
1.348149674442230328e+00
1.346611227046294879e+00
1.345070277523142677e+00
1.343526832487989653e+00
1.341980670891042449e+00
1.340431721211574834e+00
1.338879854458687291e+00
1.337324911722112208e+00
1.335766890174867161e+00
1.334205625225267422e+00
1.332641122097197428e+00
1.331073295475653229e+00
1.329962344883480085e+00
1.328392539991765764e+00
1.326819562025616239e+00
1.325243500662944829e+00
1.323664384669102301e+00
1.322082304629887517e+00
1.320497301478596341e+00
1.318909423935146430e+00
1.317318726769683979e+00
1.315725232775814435e+00
1.314129000311047069e+00
1.312530039467912246e+00
1.310928374887230019e+00
1.309324007719651073e+00
1.307716927951556141e+00
1.306107116627206466e+00
1.304494529157049776e+00
1.302879133965736180e+00
1.301260879757946576e+00
1.299639731234127016e+00
1.298015658940012473e+00
1.296388650890314187e+00
1.294758724068222788e+00
1.293125916946333609e+00
1.291490311489458698e+00
1.289852017160766140e+00
1.288211188332572421e+00
1.286568013979466185e+00
1.284922714775133201e+00
1.283275541402419062e+00
1.281626758753790174e+00
1.342460676563358657e+00
1.278429845354192018e+00
1.276890266130620288e+00
1.275292773521358169e+00
1.273699792812239551e+00
1.272111280405932687e+00
1.270495167458608465e+00
1.268871301207384228e+00
1.267242518591090050e+00
1.265615327348566854e+00
1.263966792823383756e+00
1.262319197234442303e+00
2.108087777725980327e+00
1.266131703823219823e+00
1.271149203201164202e+00
1.275708747026803147e+00
1.278123106854445190e+00
1.280032551551019360e+00
1.281749983716533814e+00
1.281261382751706535e+00
1.280812268256356967e+00
1.278988252672491166e+00
1.275740367425415966e+00
1.274150734922930850e+00
1.271842086511640213e+00
1.269581737288019818e+00
1.267153277773966025e+00
1.264853530321847774e+00
1.261938584265525964e+00
1.259606033065057140e+00
1.257052478064306644e+00
1.254632823237983530e+00
1.252006301972420577e+00
1.249480661761939171e+00
1.247442120782582320e+00
1.245326206687512371e+00
1.243401544189799646e+00
1.241217700948315406e+00
1.239367152189009502e+00
1.237604312980821408e+00
1.235722592752318771e+00
1.233893658579633401e+00
1.232035581120102474e+00
1.230378731409617066e+00
1.228627055140995905e+00
1.226895133504360080e+00
1.225161418730336349e+00
1.223466347801843934e+00
1.221827745059012260e+00
1.220150169691110564e+00
1.218520608240956538e+00
1.216874848963773514e+00
1.215274770885139244e+00
1.213651652779961232e+00
1.212060447528449991e+00
1.210494143528787481e+00
1.208909291122645335e+00
1.207344052601498685e+00
1.205764720728099038e+00
1.204762970671170219e+00
1.207007635840012361e+00
1.205517755612593778e+00
1.204028901453958911e+00
1.202531364221247845e+00
1.201047563882442493e+00
1.199548351041838989e+00
1.198054197740894056e+00
1.196558176386658179e+00
1.254826834980359962e+00
1.193703733569048797e+00
1.192313154014905452e+00
1.190877444221083215e+00
1.189456018144660066e+00
1.188036472229316853e+00
1.186589599432030573e+00
1.185142372785879417e+00
1.183678107190517359e+00
1.182190281429175371e+00
1.180722903050027917e+00
1.179243508426810028e+00
1.177749999671841685e+00
1.176274019320173503e+00
1.174806011118302296e+00
1.173323827530072361e+00
1.171838926309100692e+00
1.170366545258126001e+00
1.168892755056145871e+00
1.167420289153751067e+00
1.165949815950948043e+00
1.164475954191322771e+00
1.163008598389003723e+00
1.161545462843783794e+00
1.160080370450454312e+00
1.158615484672039120e+00
1.157153970803345366e+00
1.155694488786926710e+00
1.154234088194530994e+00
1.158919036351243825e+00
1.155316344701593945e+00
1.151756933425842622e+00
1.149585990454609963e+00
1.148098462105272555e+00
1.146724390937451155e+00
1.145271834810507761e+00
1.143759109201031521e+00
1.142306622414010597e+00
1.140914841820874992e+00
1.140188441218632942e+00
1.138860393117861580e+00
1.137463788320006497e+00
1.135995863668496142e+00
1.134512129159643612e+00
1.133030334216558854e+00
1.131556660154058758e+00
1.130114950798337237e+00
1.128684642104286651e+00
1.127248511038930756e+00
1.125801931902703501e+00
1.124340668684071121e+00
1.122882385608420241e+00
1.121440151939260721e+00
1.120007491415696999e+00
1.118576269742500795e+00
1.116699606769074649e+00
1.115279873929334808e+00
1.113861895175479066e+00
1.112446694074473275e+00
1.111032189116177404e+00
1.109621959432894212e+00
1.108214201357446083e+00
1.106807437974542507e+00
1.105407433916434812e+00
1.104016517293127997e+00
1.102630476849834507e+00
1.101248799679268586e+00
1.099870400236398149e+00
1.098495818372333899e+00
1.097128577711479203e+00
1.095768298681610187e+00
1.094413530255554878e+00
1.093064588096174905e+00
1.091720051650496792e+00
1.090378259797927907e+00
1.138399717250369259e+00
1.087769140716984273e+00
1.086507002806900601e+00
1.085213125235588993e+00
1.083929892443037613e+00
1.082639387397358099e+00
1.081335199040935890e+00
1.080032718452085483e+00
1.078720774531197080e+00
1.077406094786717006e+00
1.076472313296308325e+00
1.075701827974218538e+00
1.074348565274034550e+00
1.072987023403692231e+00
1.071610751771125081e+00
1.070225166854870347e+00
1.068845264933831363e+00
1.067473539591497378e+00
1.066113241680205048e+00
1.064762983478426683e+00
1.063425006136088147e+00
1.062104707294975192e+00
1.060800178089097434e+00
1.059507546388188892e+00
1.058223341483994773e+00
1.056944066755546308e+00
1.055668421685474367e+00
1.054349252922283320e+00
1.053073714604743971e+00
1.051799532128792070e+00
1.050526468504007216e+00
1.049252765669636211e+00
1.047980393226979778e+00
1.046711135573049400e+00
1.045445027987379705e+00
1.044183517369699610e+00
1.042926559618739590e+00
1.041673940127346265e+00
1.040426808344219189e+00
1.039184058193961757e+00
1.037944625388800723e+00
1.036709352615873492e+00
1.035428170350246813e+00
1.034198695508756760e+00
1.032971925994684348e+00
1.031747804455880102e+00
1.030526076512060074e+00
1.029306564576955019e+00
1.028089033945428055e+00
1.026873646483498437e+00
1.025660581962864804e+00
1.024449829503088605e+00
1.023241375905746375e+00
1.022035234359936373e+00
1.020831442127325461e+00
1.049031274763042365e+00
1.018554002970548433e+00
1.017359792732940971e+00
1.016172474802420567e+00
1.015000878552836161e+00
1.013810266857649189e+00
1.012640161384371407e+00
1.011458763956519569e+00
1.010269553403575715e+00
2.238670517053528819e+00
1.040175832576106796e+00
1.059282682102112627e+00
1.066504280561272555e+00
1.072663639507836830e+00
1.071808156634638909e+00
1.080851262724206618e+00
1.080996801579112931e+00
1.080413233184840394e+00
1.080307809016709975e+00
1.079261796205552626e+00
1.077219664253157516e+00
1.071314280497585258e+00
1.066818188248437993e+00
1.061832158077925747e+00
1.055365603422552478e+00
1.053915292319539621e+00
1.048622726852762144e+00
1.044301884533260338e+00
1.038668240411244392e+00
1.032558361061302721e+00
1.030885124584128620e+00
1.027071993956166995e+00
1.024297125078384108e+00
1.021106116847511958e+00
1.017406909046524310e+00
1.014759828741671921e+00
1.011706445969951851e+00
1.009220596999332420e+00
1.007088110266385783e+00
1.004566202638578876e+00
1.042833340528689590e+00
1.000048792595852998e+00
9.980528029550381763e-01
9.960752922951390254e-01
9.942332612421491689e-01
9.928810797882425820e-01
9.908470168048344462e-01
9.891083146281940408e-01
9.873495134577356946e-01
9.858011892095173145e-01
9.845476952236438262e-01
9.829366893463475918e-01
9.813836404525931867e-01
9.799026360647424827e-01
9.782947642784305398e-01
9.769109112801714900e-01
9.754742393459525651e-01
9.741430194057061343e-01
9.728263841824977831e-01
9.713755061547666436e-01
9.700085264877631452e-01
9.686242510372387038e-01
9.672572580698282074e-01
9.659041566225718967e-01
9.645680016131987777e-01
9.632680609676644856e-01
9.620511776458213760e-01
9.606963626913044285e-01
9.593837790234390761e-01
9.580767933588609786e-01
9.568148673136176452e-01
9.555195435797108061e-01
9.542391884829202198e-01
9.529780043119313593e-01
9.517042751549398272e-01
9.504524237543221510e-01
9.492039310771982485e-01
9.479596506230704156e-01
9.467389012073939014e-01
9.455075264903274324e-01
9.442882196089474878e-01
9.430729980544254598e-01
9.418551030969868343e-01
9.406527417028411886e-01
9.394507319653588873e-01
9.382524424120828321e-01
9.370589220605315406e-01
9.358679495233689360e-01
9.346861645467832158e-01
9.335050035298272375e-01
9.323253105719269129e-01
9.311514302794134945e-01
9.299771119105351147e-01
9.288094490664795533e-01
9.276438354966033417e-01
9.264809066234016566e-01
9.253230679176926987e-01
9.241668627021789595e-01
9.230142621215768894e-01
9.218651580323691253e-01
9.207170467955351212e-01
9.195739025497413621e-01
9.184332957246350571e-01
9.172955096069695946e-01
9.161608376954130106e-01
9.150283929332045929e-01
9.138994289921986702e-01
9.127737193790215198e-01
9.116502360860280207e-01
9.105299972697127320e-01
9.094122826463715281e-01
9.377955755582537689e-01
9.072063949598629939e-01
9.061228469414002173e-01
9.050289191398399602e-01
9.039363646238224304e-01
9.028459882522998914e-01
9.017547258183904457e-01
9.006607124156603694e-01
8.995635696344272958e-01
8.984677271422722988e-01
8.973698590203605940e-01
8.962747133322139792e-01
8.951825529068470066e-01
8.940931269543036519e-01
8.930053752948987622e-01
8.915459983421260004e-01
8.904638115604039950e-01
8.893833446389488584e-01
8.883021478532160398e-01
8.872245307835751049e-01
8.861488591031242423e-01
8.850742920000791436e-01
8.840018623386622920e-01
8.829315783207263291e-01
8.818635537766509325e-01
8.807965901567423872e-01
8.797301829861847722e-01
8.786666861136889217e-01
8.776055052817788305e-01
8.765455365903744855e-01
8.754869705373780064e-01
8.744304534104869742e-01
8.733760146226197119e-01
8.723234403097746004e-01
8.712729099537137589e-01
8.702241155253360727e-01
8.691768292479087332e-01
8.681316315248396309e-01
8.672274079902063670e-01
8.661859397808965300e-01
8.651463112434352176e-01
8.641083401808542508e-01
8.630722414649998342e-01
8.620380062464166881e-01
8.610054753357222479e-01
8.599747873256908814e-01
8.589460044490676571e-01
8.579190073893037116e-01
8.568937976424998437e-01
8.558704749360629416e-01
8.548490337112062409e-01
8.538293458584996776e-01
8.528114724731292728e-01
8.517954400664742298e-01
8.507812623627002413e-01
8.497688832548839777e-01
8.690818738623555806e-01
8.477620204117043423e-01
8.467696105835798015e-01
8.457726484988011828e-01
8.447750625575428662e-01
8.437800384747944360e-01
8.427850550689192088e-01
8.417878143909729438e-01
8.407898296978555397e-01
8.397922288529128254e-01
8.387952525392801117e-01
8.377994010386506929e-01
8.368056655439238822e-01
8.358141474012996675e-01
8.348247209928867374e-01
8.338361761010657514e-01
8.328508530099145712e-01
8.318670220352180067e-01
8.308858583413043508e-01
8.299065074154496902e-01
8.289283943350564954e-01
8.279529165502613752e-01
8.269798144259513650e-01
8.260090529705186313e-01
8.250393148738837112e-01
8.240710695595165891e-01
8.231050870791608576e-01
8.221413777238009146e-01
8.211792811735885156e-01
8.202186426835230693e-01
8.192600634080968725e-01
8.183033523235292428e-01
8.173483860240936538e-01
8.163954004322561131e-01
8.154442801523376083e-01
8.144948276865439096e-01
8.135472818438065357e-01
8.126015420632634045e-01
8.116576441151338583e-01
8.107155716284366598e-01
8.097752189726005190e-01
8.088366140252902792e-01
8.231670233404217996e-01
8.069749728891900675e-01
8.060536663496665755e-01
8.051275029397251259e-01
8.042006799705724296e-01
8.032764917434044305e-01
8.023539442735252436e-01
8.014295384698126856e-01
8.005053820011638344e-01
7.995815510468822218e-01
7.986591204076611827e-01
7.977379107364396260e-01
7.968187359286212912e-01
7.959023878126594287e-01
7.949866055636432005e-01
7.940725801692161134e-01
7.931606160815265483e-01
7.922507944392920276e-01
7.913431858350252757e-01
7.904360181550229569e-01
7.895302648366071541e-01
7.886266588087572638e-01
7.877250563596964739e-01
7.868246840179646817e-01
7.859250408527886922e-01
7.850269209912311696e-01
7.841304343091808349e-01
7.832353396023286063e-01
7.823412805734514253e-01
7.814482843240718735e-01
7.805565541521206629e-01
7.796656681125639921e-01
7.787758035568732584e-01
7.900489943240699420e-01
7.770075728549062921e-01
7.761284416526783581e-01
7.752437547481449975e-01
7.743597111713537151e-01
7.734771233298198823e-01
7.725936903377270681e-01
7.717071445321808110e-01
7.708194313242091589e-01
7.699309473080336863e-01
7.690413772455965136e-01
7.681513119093701381e-01
7.672604614151596891e-01
7.663688685753841101e-01
7.654752189239280025e-01
7.645794541151850199e-01
7.636826703484070888e-01
7.627837602623082081e-01
7.618814003822199643e-01
8.325056914159120192e-01
7.600992967762107977e-01
7.592172501952479946e-01
7.583158567126891958e-01
7.574103920397068368e-01
7.564971894812142494e-01
7.555713886752178921e-01
7.546348443029434749e-01
7.635399382381529154e-01
7.527302048640569510e-01
7.517609737670755132e-01
7.507770283775194731e-01
7.497764765420109612e-01
7.487522131023520711e-01
7.477053391337395993e-01
7.466415567608031267e-01
7.455439955312731515e-01
7.444172818545791159e-01
7.432577901880342841e-01
7.420626283554047076e-01
7.408306020824741989e-01
7.395570453902856611e-01
7.382380768811347416e-01
7.368725342301126746e-01
8.061458474466507429e-01
7.422555281790790271e-01
7.326151729110607080e-01
7.311244785724382300e-01
7.295859278365209866e-01
7.280261345113980820e-01
7.264741241118641835e-01
7.249606690841075007e-01
7.234965669562170021e-01
7.220859314526969497e-01
7.207359177973892139e-01
7.194534285434882603e-01
7.182435051760849287e-01
7.170967976571139824e-01
7.159965705252531176e-01
7.149228363453034030e-01
7.206776565030372783e-01
7.194422253304737502e-01
7.117201417634769767e-01
7.106417561840526753e-01
7.095535751337391783e-01
7.084691168275898399e-01
7.073872456319473256e-01
7.063084453553368780e-01
7.759238167522596319e-01
7.042107179248683346e-01
7.032047772142170361e-01
7.022146572578813473e-01
7.012418099269137617e-01
7.002858793796400416e-01
6.993422144518314232e-01
6.984342011965869457e-01
6.975492732122103856e-01
6.967553526748329062e-01
6.960138625577145799e-01
6.955472089910068600e-01
6.951925439147068619e-01
7.008470656836174317e-01
6.959968769946465184e-01
7.031773732535803179e-01
6.971238012670375461e-01
6.968438089577458916e-01
6.912039300817290899e-01
6.871980701283499915e-01
6.862308694404776199e-01
6.873286948531633911e-01
6.877862386198816402e-01
6.848292641728283003e-01
6.821586349384947123e-01
6.815248094941299684e-01
7.516797101198013920e-01
6.859655989299504597e-01
6.835962310478080894e-01
6.774741137492047427e-01
6.772278743793108680e-01
2.375320739308354412e+00
9.735283872689779461e-01
8.454373757749154006e-01
1.014099997488270510e+00
9.652313210317793324e-01
9.444396352681565521e-01
9.582907002557956577e-01
9.910095573751288578e-01
9.294189440778382050e-01
9.655509835897017057e-01
9.139533746662983349e-01
9.307826383613964083e-01
8.823471684826120764e-01
8.839063779593540060e-01
8.415760809411123589e-01
8.250614036052938971e-01
8.125827710860610287e-01
7.835187397516411023e-01
7.918015743644665205e-01
7.681491782333632612e-01
7.574920508677844833e-01
7.558403267594573371e-01
7.400358802820741211e-01
7.426236409707694941e-01
7.230355436053608198e-01
7.325019137308548256e-01
7.166565676539822238e-01
7.183315906273740614e-01
7.070752316640959156e-01
7.050201711212970013e-01
7.059001158007132126e-01
6.953791729981919634e-01
7.009331532082616611e-01
6.884916747523429637e-01
6.936754182148960890e-01
6.828835800203368889e-01
6.871408981804665306e-01
6.803533577615619166e-01
6.810485141382763841e-01
6.769427447418988608e-01
6.741277682565911533e-01
6.736772849599939050e-01
6.692665742553777219e-01
6.694514194279319597e-01
6.658710771975274723e-01
6.659981891065736015e-01
6.625417219515572498e-01
6.619697337694132599e-01
6.596153623537415189e-01
6.586575105638363681e-01
6.572949856176862893e-01
6.556198002661128843e-01
6.544957180022368259e-01
6.529303657760152646e-01
6.517168603081071598e-01
6.504337227263766730e-01
6.493981074221693017e-01
6.480660861979654630e-01
6.469974245139759050e-01
6.457300063723392380e-01
6.447358224436349206e-01
6.436031156914616691e-01
6.425812386311594571e-01
6.414630621534733734e-01
6.405440787071756681e-01
6.393667283041981619e-01
6.384690333098275161e-01
6.374065409939120297e-01
6.364553443842422276e-01
6.354925780283331438e-01
6.345029826213675062e-01
6.335917416690961534e-01
6.326126049906438675e-01
6.317251712921506668e-01
6.307648066329729630e-01
6.299138986999105461e-01
6.289535433617308158e-01
8.001483159673135503e+00
1.322781795459524901e+00
1.606798789104749048e+00
1.786194360444468110e+00
1.649647481376971481e+00
1.587083830553775776e+00
1.522678139510720952e+00
1.540900473026749040e+00
1.551154871816562419e+00
1.564327803374364834e+00
1.453000208727360132e+00
1.388618540876267682e+00
1.206170531653217637e+00
1.131518412604752610e+00
1.100872189172349191e+00
1.115519035228572431e+00
1.089045893749865712e+00
1.028222184375011228e+00
9.542923102400066027e-01
9.217779489338358001e-01
9.330302291306502571e-01
9.401671262832607123e-01
8.964749834825153085e-01
8.667629890485626376e-01
8.282179767275337223e-01
8.325216797801566759e-01
8.208810780703521548e-01
8.177560300974969776e-01
7.948281575733059379e-01
7.849479254988352972e-01
7.677917343665782157e-01
7.584615725181198531e-01
7.543787040583593839e-01
7.445343850678081132e-01
7.350377447134159858e-01
7.268561150339176713e-01
7.178469711314368062e-01
7.154122230391363191e-01
7.150248332309959709e-01
7.119366244740872318e-01
7.050599830359320919e-01
7.042597984587266602e-01
6.981855983388083331e-01
6.924489214065430165e-01
6.886246592905738151e-01
6.860121791679028025e-01
6.836097582222292468e-01
6.808557383068278845e-01
6.777024781898827177e-01
6.740225005433249095e-01
6.727548556673964564e-01
6.707354130611806742e-01
6.691837794652479854e-01
6.674629869900420287e-01
6.649859322357298819e-01
6.624393034559794557e-01
6.600888896623537949e-01
6.582083316443927412e-01
6.568148963063795698e-01
6.554193417453847426e-01
6.536231466901841758e-01
6.517648719027797632e-01
6.505428789625246067e-01
6.489995229224790885e-01
6.478789877416022414e-01
6.464252810992445752e-01
6.450576200597553100e-01
6.434997321217472699e-01
6.421612309068391866e-01
6.407430717980182600e-01
6.395962004827637770e-01
6.385160545896917395e-01
6.372185609133250717e-01
6.359997947335942481e-01
6.348683897312384916e-01
6.337658391765101928e-01
6.326282944536218977e-01
6.315426234460207455e-01
6.303989459769843151e-01
6.293061686737493332e-01
6.282458564261469425e-01
6.271800243349321402e-01
6.261689836696746614e-01
6.251911635606931528e-01
6.242009390131159074e-01
6.232092255089529687e-01
6.222196470360694676e-01
6.212553384616004148e-01
6.203090981851291374e-01
6.193800201918425730e-01
6.184386705448170485e-01
6.175209192623514198e-01
6.165860373656935067e-01
6.156857177355863353e-01
6.148071458688361135e-01
6.139347050125876226e-01
6.130496098808286831e-01
6.121714305259562394e-01
6.112964169900134692e-01
6.104400110657746126e-01
6.095951376271719901e-01
6.087452293496555811e-01
6.079048112934251069e-01
6.070715546972101917e-01
6.062457052256109424e-01
6.054260778343530935e-01
6.046162874948126653e-01
6.038090380054584871e-01
6.030070319734943673e-01
6.022086534861927909e-01
6.014157418970107472e-01
6.006297120641872489e-01
5.998474662220683040e-01
5.990280926044680987e-01
5.982564332398064844e-01
5.974892082795072445e-01
5.967270272941385123e-01
5.959675507166380948e-01
5.952132237115608238e-01
5.944632388738285700e-01
5.937178162580432073e-01
5.929745589993552501e-01
5.922355256939595414e-01
5.915007652693120566e-01
5.907695557817902454e-01
5.900423410924138246e-01
5.893183344883630159e-01
5.885974651129012303e-01
5.878800562953188091e-01
5.871658125872120104e-01
5.864550581298044740e-01
5.857475700116649975e-01
5.850428466316375253e-01
5.843409161900118276e-01
5.836421213269478159e-01
5.829466068112021393e-01
5.822540253015545675e-01
5.815641179221977541e-01
5.808768173472428353e-01
5.801924492294541214e-01
5.795108701872385693e-01
5.788319303694581253e-01
5.781556877183872123e-01
5.774819827288211194e-01
5.768536961274230990e-01
5.761855807851211653e-01
5.755200622319389669e-01
5.748571277311420591e-01
5.741966964401536977e-01
5.735386718296808795e-01
5.728831051750257197e-01
5.722299650118147785e-01
5.695967273125293051e-01
5.689584763526129851e-01
5.683194029727542951e-01
5.676800018690026928e-01
5.670407086518429729e-01
5.664018716234207051e-01
5.657638184327544728e-01
5.651268345713402752e-01
5.644911560736247669e-01
5.644336330742143470e-01
5.638008280865126620e-01
5.631701826580948200e-01
5.625441220482738647e-01
5.619337513409475848e-01
5.614043541403401782e-01
5.613681283047555759e-01
5.646752379714687908e-01
5.895995752170231086e-01
6.736684861019078818e-01
6.392692296770730032e-01
6.061182532569023840e-01
6.211860601648135916e-01
5.993926035199974578e-01
5.944103792894830374e-01
5.900782442547235496e-01
5.821455274444342631e-01
5.810373880110162315e-01
5.811115018248551589e-01
5.806767690153734618e-01
5.842614218037347484e-01
5.690537552989332060e-01
5.765170147782769927e-01
5.624978321044049601e-01
5.689066292488083043e-01
5.662076170987728752e-01
5.657686055042249196e-01
5.659721267472912487e-01
5.602928007262151233e-01
5.607869217880061541e-01
5.568504447238098454e-01
5.577477827508248165e-01
5.565648973613381845e-01
5.545919893032607018e-01
5.547145389034863205e-01
5.529382621928031760e-01
5.518095365233441907e-01
5.516605472954811962e-01
5.489632856975477093e-01
5.500782026524360102e-01
5.474278429211349994e-01
5.484366586420466039e-01
5.459723949210462113e-01
5.463303384378725980e-01
5.447450769715039831e-01
5.443230014154677443e-01
5.436488306839278861e-01
5.429835069362041189e-01
5.420564115477914946e-01
5.417166726048847636e-01
5.404433383178270933e-01
5.404589317123756897e-01
5.392585579329102208e-01
5.390474933349806985e-01
5.380282539147545062e-01
5.375914222414218679e-01
5.369385495680355502e-01
5.362448655793803365e-01
5.357937202161072721e-01
5.350256458979453233e-01
5.345357166552093808e-01
5.339066578400938345e-01
5.332724695538753057e-01
5.327317762391227118e-01
5.321027726381261092e-01
5.315443618604477338e-01
5.309984521393152912e-01
5.303897283159800802e-01
5.298801836803841425e-01
5.290229563898320997e-01
5.285428484425717111e-01
5.278882200263840252e-01
5.274132318771578287e-01
5.278918743534574132e-01
5.273652219441519184e-01
5.267929918759095553e-01
5.262301572167823460e-01
5.256650433505932751e-01
5.251085370320834889e-01
5.245460108237898211e-01
5.240021679293915824e-01
5.234320425277820821e-01
5.228850547589034559e-01
5.223109850533894649e-01
5.217716413093504979e-01
5.212132624025737071e-01
5.206679833625417197e-01
5.201251853986882390e-01
5.195682888946626665e-01
5.190351358096207957e-01
5.184804830496982930e-01
5.179491303375568512e-01
5.174027089469963592e-01
5.168702546633644479e-01
5.163321760609477229e-01
5.158010824314742671e-01
5.152684661315014569e-01
5.147373446072390779e-01
5.142072083881437106e-01
5.136811541713008911e-01
5.131547591096543570e-01
5.126337484671797950e-01
5.121085581997275593e-01
5.115894363948969570e-01
5.110679824969235341e-01
5.105510910217135878e-01
5.100340883765717148e-01
5.095190366007997795e-01
5.090058153385361717e-01
5.084922773070122970e-01
5.079822783488410209e-01
5.074709160332646629e-01
5.069636092763908364e-01
5.064553416232281391e-01
5.059498760282183927e-01
5.054447280590017577e-01
5.049411685712176245e-01
5.044384928490197595e-01
5.039370670670251240e-01
5.034366211892644660e-01
5.029374256405028110e-01
5.024391678934301275e-01
5.019420813094892520e-01
5.014458286547086585e-01
5.009508001196741889e-01
5.004564463902274607e-01
4.999633774024578314e-01
4.994710806726769814e-01
4.989798100401794390e-01
4.984895678137722941e-01
5.038571043927995152e-01
4.980502293909898626e-01
4.975552544928642518e-01
4.970554998564717386e-01
4.965518819634001102e-01
4.960452886325321109e-01
5.015251679190030343e-01
4.950336779164266066e-01
4.945295151894426589e-01
4.940252731565138999e-01
4.935214133333902242e-01
4.930186013999218186e-01
4.925175440628611900e-01
4.920185581230741012e-01
4.915219868778327728e-01
4.910279409069223111e-01
4.905367201130778065e-01
4.900481496554448535e-01
4.895623672272647053e-01
4.890791072675635398e-01
4.885982526498373057e-01
4.881194820998333572e-01
4.876425943041302613e-01
4.936165849061621147e-01
4.866997074338766938e-01
4.862328636974209140e-01
4.857663981120616814e-01
4.853003139168201585e-01
4.848345346871680839e-01
4.843691703210328825e-01
4.839043296093117341e-01
4.834400864457198410e-01
4.829762052656410010e-01
4.825128813156356333e-01
4.820500667692845242e-01
4.815879354486780617e-01
4.811265996633439790e-01
4.806660562016430438e-01
4.802062832084575961e-01
4.866698945177179159e-01
4.792958517199658597e-01
4.788446398144218241e-01
4.783933636449371196e-01
4.779420322325244608e-01
4.774909182556526521e-01
4.770402317165718387e-01
4.765900716480646615e-01
4.761403651042644958e-01
4.756909107443340612e-01
4.752417919850190353e-01
4.747930595707378076e-01
4.743448841112966052e-01
4.738972605162702356e-01
4.734501942356779125e-01
4.730035709490710838e-01
4.725574250514487096e-01
4.721117468474774759e-01
4.716666054704569122e-01
4.712220124779736286e-01
4.783668540562074911e-01
4.703411722622879432e-01
4.699046161532263177e-01
4.694680605319717093e-01
4.690310283599194996e-01
4.685936143722629343e-01
4.681561145525069412e-01
4.677189009996605695e-01
4.672819439905535610e-01
4.668451215652927866e-01
4.664083668787164516e-01
4.659716892494809581e-01
4.655353284317674811e-01
4.650993545796595630e-01
4.646638331425695934e-01
4.642286207869564807e-01
4.637936953326980416e-01
4.633590115470113124e-01
4.629247277109432845e-01
4.624908284551565441e-01
4.620573478601578410e-01
4.616242228169664119e-01
4.611914437366910757e-01
4.691730611377258886e-01
4.603344630808457461e-01
4.599102778761543497e-01
4.594856886764491222e-01
4.590598726982256794e-01
4.586332886300409362e-01
4.582065961672061594e-01
4.577804660874500442e-01
4.573544650474319351e-01
4.569282928135434130e-01
4.565018271149731688e-01
4.560752608104921557e-01
4.556490515456650403e-01
4.552233618247389924e-01
4.547979279129863439e-01
4.543726490733226431e-01
4.539473824036269201e-01
4.535223153148862929e-01
4.530975848606143552e-01
4.526732487413508421e-01
4.522491414907408025e-01
4.518252778701833394e-01
4.514016005008688048e-01
4.509782347132679781e-01
4.505552541510758902e-01
4.501326152061321806e-01
4.497102563684309828e-01
4.492881656952091851e-01
4.488666282097122928e-01
4.580128356813810142e-01
4.480328040614530716e-01
4.476198494777191006e-01
4.472062939172246621e-01
4.467914368279116699e-01
4.463755741852211134e-01
4.459598975672338650e-01
4.455442234141406832e-01
4.451285953729789968e-01
4.447124570173952574e-01
4.442960147059323850e-01
4.438795669762068963e-01
4.434632519085743851e-01
4.430474005252864611e-01
4.426314288960480070e-01
4.422154834701315651e-01
4.417995290160028343e-01
4.413835385958316260e-01
4.409679278330983498e-01
4.405523055751894845e-01
4.401368621723370511e-01
4.397215058901012830e-01
4.393062411173172532e-01
4.388912089450131004e-01
4.384763389836255909e-01
4.380615848500702958e-01
4.376469768232860158e-01
4.372324642376039794e-01
4.368159553467120260e-01
4.364016814299897518e-01
4.359872833125135738e-01
4.355729039163580563e-01
4.351584923143865802e-01
4.347441529068036825e-01
4.343299019053020182e-01
4.339157166953242495e-01
4.335016053077991316e-01
4.330875650338220084e-01
4.440084903935705984e-01
4.322708695500634413e-01
4.318673390989291594e-01
4.314613813156301658e-01
4.310545566533066641e-01
4.306455367785871902e-01
4.302461327070465358e-01
4.298391827075391802e-01
4.294312485333862672e-01
4.290218456877307185e-01
4.286122314908666908e-01
4.282024835970287269e-01
4.277926898412559575e-01
4.273831799828895495e-01
4.269735565580302095e-01
4.265632233344933688e-01
4.261526443763052896e-01
4.257424768119123515e-01
4.253324228856416034e-01
4.249220027157868396e-01
4.245114844339813454e-01
4.241011170011002029e-01
4.236908329617541380e-01
4.232806463558365095e-01
4.228705078938623796e-01
4.224603995902361797e-01
4.220503676969040163e-01
4.216403928576714644e-01
4.212305197420449510e-01
4.208237096913442499e-01
4.204137160790551997e-01
4.200034265188115068e-01
4.195929748759372746e-01
4.191824062598406009e-01
4.187717889381185055e-01
4.183611328618355718e-01
4.179504701503830022e-01
4.175398738536306165e-01
4.171294416074714517e-01
4.300960174536828662e-01
4.163246779889360205e-01
4.159406008521179809e-01
4.155776987729665750e-01
4.152887038474605830e-01
4.152759546193355855e-01
4.162747316331301128e-01
4.209184206950325469e-01
4.347417349742859205e-01
4.530109171759638675e-01
4.250659362062432223e-01
4.363024750312857747e-01
4.274423194923297475e-01
4.170272987195771108e-01
4.219165525505471637e-01
4.151180777205987216e-01
4.184528008781653874e-01
4.159383288289247305e-01
4.146391631919414955e-01
4.140717305609992183e-01
4.150619767907720581e-01
4.158021361249176207e-01
4.141327065410619346e-01
4.132883964729868742e-01
4.118390779884384956e-01
4.112761284035115206e-01
4.104926161051192235e-01
4.099805033327008630e-01
4.085619356681415848e-01
4.084019460137430779e-01
4.066470464949947239e-01
4.074681049863701499e-01
4.056419161856825162e-01
4.063132149204120025e-01
4.045105464907232662e-01
4.049552579301796129e-01
4.036761456278942228e-01
4.038363494804545484e-01
4.029963733513058366e-01
4.026628567426828731e-01
4.020249526637547088e-01
4.016502612330666300e-01
4.011507792271423734e-01
4.008243341159222206e-01
4.002390884646249147e-01
3.999045592466838883e-01
3.992978158755895457e-01
3.990340033700858768e-01
3.985050581765782751e-01
3.981495150067110855e-01
3.976857640603908006e-01
3.972310364527987248e-01
3.968749054944673005e-01
3.964043358606992307e-01
3.960705057596261569e-01
3.955776928912235757e-01
3.952107446279055081e-01
3.947760112355563900e-01
3.943778832331518158e-01
3.939936446496721256e-01
3.935674423869633953e-01
4.105594343502820820e-01
3.927800410283441290e-01
3.924147178224446919e-01
3.920261314473024727e-01
3.916320447797952409e-01
3.912586913611265649e-01
3.908597648835480665e-01
3.904853356242923290e-01
3.900961715011026509e-01
3.897100091197404637e-01
3.893305235799731645e-01
3.889394829941732468e-01
3.885673327046423875e-01
3.881745311924530428e-01
3.877997142755486570e-01
3.874148854632224470e-01
3.870383309508785841e-01
3.866604317973110772e-01
3.862831555278429252e-01
3.859059089698099188e-01
3.855306519167367441e-01
3.851557813012261855e-01
3.847850025423742992e-01
3.844101701399670334e-01
3.840401636309043742e-01
3.836681741659189737e-01
3.832987696312227799e-01
3.829315220414408749e-01
3.825625969079270994e-01
3.821974802273179206e-01
3.818291688757515234e-01
3.814657732593005335e-01
3.811004246344416035e-01
3.807374419635029539e-01
3.803740591519161329e-01
3.800117863001535867e-01
3.796497163115691298e-01
3.766754450251695308e-01
3.763220609070119793e-01
3.759672490317922389e-01
3.756085165268851500e-01
3.752504147525284051e-01
3.748894371617086940e-01
3.745296231974644674e-01
3.741686564858180963e-01
3.738081491833530334e-01
2.418063687867011868e+00
7.855725231004045961e-01
7.572869375708808359e-01
6.553619098435033985e-01
7.124672522410298026e-01
6.573914044005917390e-01
7.692245039197140866e-01
7.002682391673095141e-01
6.821295965417372154e-01
7.147607822590860138e-01
6.311380741605070455e-01
6.749274633754386299e-01
5.852388171666098593e-01
6.092184803452180830e-01
5.921591005115848239e-01
5.421489545214543959e-01
5.715882208063515213e-01
5.206791491248630166e-01
5.436637419575475194e-01
5.014656228103077096e-01
4.897088469829069535e-01
5.009199704130051778e-01
4.788213329571594512e-01
4.820219047327533035e-01
4.690121148943290907e-01
4.638358887598039715e-01
4.740503483958671271e-01
4.511240861217278297e-01
4.594613621607953613e-01
4.452171088789652620e-01
4.495494558821487852e-01
4.426757385532027467e-01
4.363482318517737935e-01
4.392379183088541694e-01
4.311719407422377470e-01
4.297612699797418445e-01
4.286864540520852751e-01
4.417991836167340369e-01
4.253397968314130972e-01
4.167764811635883970e-01
4.187042047928531963e-01
4.155151232341220968e-01
4.127634612572150807e-01
4.115855596623160806e-01
4.084631417637855644e-01
4.089908120071176767e-01
4.065762701942181589e-01
4.045586398728205912e-01
4.044444974834511264e-01
4.019357619766709688e-01
4.021115126019213504e-01
3.999658966502728785e-01
3.993054373470308893e-01
3.984440159039797091e-01
3.968012350917655140e-01
3.965488326308236333e-01
3.951182946181611699e-01
3.945761726213793952e-01
3.936280289024447487e-01
3.926493894616526203e-01
3.921302405481486564e-01
3.967063279060105696e-01
3.960378753114847661e-01
3.897550785836830789e-01
3.889459381023642748e-01
3.884555652798825087e-01
3.874703954919304083e-01
3.870743019892151082e-01
3.862367636400370619e-01
3.903837265845384596e-01
4.057154253964287971e-01
3.844779695233520589e-01
3.839632871846600515e-01
3.876304181633783985e-01
3.828337194370735053e-01
3.822859085255841949e-01
3.817414664692657666e-01
3.812485295794521001e-01
3.807158993880958020e-01
3.802435449940536616e-01
3.833402378475222472e-01
3.827697961914767188e-01
3.787131570702371164e-01
3.782241914839771790e-01
3.777471274548352964e-01
3.772520150675393591e-01
3.768248995745608898e-01
3.763157860532561072e-01
3.758542037339681618e-01
3.783771942912059760e-01
3.778722245652483269e-01
3.745056725672415432e-01
3.740387833891820613e-01
3.736075466798258748e-01
3.731579698033873349e-01
3.727270427852147905e-01
3.748718864512433635e-01
3.743810804785269730e-01
3.738921358874615630e-01
3.710082413262751344e-01
3.706025266737633106e-01
3.701775885016608258e-01
3.697639128806513575e-01
3.693539638778221557e-01
3.689419200996144621e-01
3.685340889673464626e-01
3.701952323792791488e-01
3.697605685872479286e-01
3.693121786921240157e-01
3.688573612560501758e-01
3.665401200046936037e-01
3.661499574411632985e-01
3.657622701408117516e-01
3.653709027448526214e-01
3.649820138815272341e-01
3.662636702242234588e-01
3.658478816939155776e-01
3.654265261780150209e-01
3.650012136963432519e-01
3.630799267234460781e-01
3.627012309741736718e-01
3.623283756945043232e-01
3.619526231895684454e-01
3.703854405786065063e-01
3.700710303631525866e-01
3.697363241664753386e-01
3.680809761055635621e-01
3.677352769847178626e-01
3.673815032484337162e-01
3.670232678588915554e-01
3.666647967304370592e-01
3.663058841305353308e-01
3.659514384652133856e-01
3.669135963050430549e-01
3.668610489893704418e-01
3.652037904081246733e-01
3.648653624970732423e-01
3.645271262078868535e-01
3.641892384165429930e-01
3.638516434877047123e-01
3.635152875115781890e-01
3.631811149232000990e-01
3.642326313547830097e-01
3.639089606874035265e-01
3.621989827194715961e-01
3.618779053737142815e-01
3.615579134906358183e-01
3.551408403163843208e-01
3.562351439863724600e-01
3.559129630923868470e-01
3.555676727870410447e-01
3.600648388199355066e-01
3.597832808322821152e-01
3.594956310118450071e-01
3.592052688271262229e-01
3.589096026796618211e-01
3.598805364538796292e-01
3.583059622677436939e-01
3.592695277762721906e-01
3.577095398369646295e-01
3.574120494118557811e-01
3.510580294951186620e-01
3.520426108601816817e-01
3.517430440565826322e-01
3.562805541536316900e-01
3.560090819819592411e-01
3.557338777672506280e-01
3.566543072341508691e-01
3.551783823506777793e-01
3.548975399832668964e-01
3.546151302506538316e-01
3.543291943314405001e-01
3.552308690744669373e-01
3.489623776574461989e-01
3.475101539410397344e-01
3.472271437688106421e-01
3.529590583820237382e-01
3.538413264871531072e-01
3.535643261726283959e-01
3.521598511927224728e-01
3.518901617268926918e-01
3.516160688841701853e-01
3.513387165591099759e-01
3.510597786066113057e-01
3.507802596935427619e-01
3.445999107372377246e-01
3.454651609656604339e-01
3.510840675078502615e-01
3.508103952206507170e-01
3.494406168301521509e-01
3.491730803539249139e-01
3.489056271377168894e-01
3.486377485090561557e-01
3.425371846973204182e-01
3.422720490941681404e-01
3.478455067308648951e-01
3.475856040978307915e-01
3.473234577208503815e-01
3.481307327658617612e-01
3.478643302863222431e-01
3.465294088740492606e-01
3.404620129989168742e-01
3.402005243391788558e-01
3.457535971732565994e-01
3.454973907960383617e-01
3.462782109848866474e-01
3.449790269305008650e-01
3.447192935942695047e-01
3.444570194808703745e-01
3.441924963623456124e-01
3.381754562460920210e-01
3.389528055170966114e-01
3.434249507130588963e-01
3.431705054192754623e-01
3.429152691847364154e-01
3.426578092920145036e-01
3.434176943294795503e-01
3.363959443298595309e-01
3.361352696720038002e-01
3.416470222968210901e-01
3.414008423905475209e-01
3.411479969043816896e-01
3.408928432631813665e-01
3.406385181606257917e-01
3.413801059000271532e-01
3.343846179254261752e-01
3.398745851126502293e-01
3.338868164412870376e-01
3.393813463256517560e-01
3.391320835487228735e-01
3.388806363635887275e-01
3.386304908920290679e-01
3.336421407766694269e-01
3.381330149614747427e-01
3.378855186416377387e-01
3.319117978970531069e-01
3.373973529224549295e-01
3.371515932141536109e-01
3.369036882878684858e-01
3.309300486815569542e-01
3.364143640166209481e-01
3.361697410097211902e-01
3.301925087928808678e-01
3.356853884076188566e-01
3.354431724365328771e-01
3.351981383064555065e-01
3.292226661041498526e-01
3.356847284915338014e-01
3.820058324641200098e-01
3.286454292769395713e-01
3.285616125992925074e-01
3.283607360247932094e-01
3.348655650816301232e-01
3.345667392369929827e-01
3.343389517366676666e-01
3.341512788661776256e-01
3.330340999513272671e-01
3.327810371012502877e-01
3.324863643623909848e-01
3.322276992147070174e-01
3.261355642266684507e-01
3.259331076813238304e-01
3.256955540710000374e-01
3.312955235249646080e-01
3.310527806471101897e-01
3.308208960848645352e-01
3.305938800819286372e-01
3.303541574071934828e-01
3.300970514338712469e-01
3.298428913775252602e-01
3.238315769790303111e-01
3.236116340366174682e-01
3.233686393918990820e-01
3.289098668054838970e-01
3.286751197727344476e-01
3.284426243618963626e-01
3.282133989596177082e-01
3.279798544202915389e-01
3.277370319029331847e-01
3.274912117355831542e-01
3.215028808455223097e-01
3.212791994047093369e-01
3.210403414706677339e-01
3.207846536286746986e-01
3.263554346053565980e-01
3.261334979086996100e-01
3.259103309828463302e-01
3.256837426047621831e-01
3.254510718132430647e-01
3.252126815143259186e-01
3.249715188505398755e-01
3.247304652639678713e-01
3.187133812375565478e-01
3.184946903698971377e-01
3.182580836661640933e-01
3.238145872432485195e-01
3.235907303063283447e-01
3.233638804268973432e-01
3.231352192734177065e-01
3.170929676848159295e-01
3.168569442342071829e-01
3.224613155004680820e-01
3.222414857306614699e-01
3.220163043927255497e-01
3.217859184044670195e-01
3.157099272622015951e-01
3.154813661272478087e-01
3.211117894482655721e-01
3.208916152387460974e-01
3.206658275719468376e-01
3.145683401057731698e-01
3.202156838402667738e-01
3.141177056296595715e-01
3.197724391573293912e-01
3.195508734668012774e-01
3.193248950623456262e-01
3.132268948694830746e-01
3.130013385101231282e-01
3.186631936976487278e-01
3.184453190097665809e-01
3.182233153540562354e-01
3.121011237443331865e-01
3.118750557866470929e-01
3.175708124522171327e-01
3.173563048175681578e-01
3.171361089102689990e-01
3.169107494248794010e-01
3.107724646216032949e-01
3.105526698958145371e-01
3.162534548063131723e-01
3.160389915529788207e-01
3.098818416207569371e-01
3.156072988493031639e-01
3.153896580157093954e-01
3.092276171375059057e-01
3.149560327579130625e-01
3.087868421946285968e-01
3.145304658046441659e-01
3.143161077983944729e-01
3.081304021816328453e-01
3.138869930043640677e-01
3.136709791052081364e-01
3.074879009864031620e-01
3.072665519690023772e-01
3.130387673406530569e-01
3.128281038588031082e-01
3.126140573152082491e-01
3.063990767947619154e-01
3.121856977239095277e-01
3.059727512875159983e-01
3.117614520452998139e-01
3.055385437805300253e-01
3.113473742712409287e-01
3.111355588754298185e-01
3.109207971518025415e-01
3.046979954013713798e-01
3.044855706455704136e-01
3.042591808842594059e-01
3.100973459826685819e-01
3.098971205104956717e-01
3.096863883233310633e-01
3.094723919127565503e-01
3.092536159468068369e-01
3.030058969452251727e-01
3.027983487623487902e-01
3.025820680621197356e-01
3.084228481874444205e-01
3.082201303229285538e-01
3.749915895091391338e-01
3.020889484045784501e-01
3.022477462178828067e-01
3.021580963886122406e-01
3.017547433388084732e-01
3.076388872577773270e-01
3.075093391804011311e-01
3.074537346839787411e-01
3.073019588411857739e-01
3.069771687187952680e-01
3.003644235793328510e-01
3.001926852130324397e-01
3.000506411591673528e-01
2.998760737191418224e-01
2.996000164121955800e-01
3.056350267536459553e-01
3.054475278881841893e-01
3.052730263880971684e-01
3.050718124090915917e-01
3.048087783355545866e-01
3.045536931057125640e-01
3.043273600992705274e-01
2.979760337306127105e-01
2.977999823147066127e-01
2.975726058758966786e-01
2.973282085893498294e-01
2.970926985250526009e-01
3.031080492925949943e-01
3.029266821835043810e-01
3.027113769278932942e-01
3.024882929180685576e-01
3.022686305862933853e-01
2.958406530958265224e-01
2.956494414366489520e-01
2.954346848893347199e-01
3.014580303531643746e-01
3.012525070797958393e-01
3.010469107587037119e-01
2.946082760700066139e-01
2.944028961040605630e-01
2.941817089799248497e-01
3.002425551188599995e-01
3.000499540846084390e-01
2.998438817970968673e-01
2.933595305666862330e-01
2.931560243677098221e-01
2.992334192564405360e-01
2.990343868053386700e-01
2.925449152915472473e-01
2.923375014627657142e-01
2.984417666774143996e-01
2.982393415838738848e-01
2.917298389075068110e-01
2.915207619875401224e-01
2.976572621904305382e-01
2.974560567421080659e-01
2.909114062216664465e-01
2.907036201480880377e-01
2.968766061610588758e-01
2.966760567821651873e-01
2.901030298082877268e-01
2.962748843177328562e-01
2.897039812742179810e-01
2.895009246652848756e-01
2.956934827723508574e-01
2.954975910037315745e-01
2.888982704798385148e-01
2.886980222399999629e-01
2.949157409201038083e-01
2.947203384415768013e-01
2.881021852733541833e-01
2.879015459879663563e-01
2.941424065066459703e-01
2.939453380140970573e-01
2.873139955295549997e-01
2.871137673488160513e-01
2.933693721371897767e-01
2.931728570230858200e-01
2.865297524924711459e-01
2.863306292120389451e-01
2.925987795672833625e-01
2.859321721475557854e-01
2.922184484668364779e-01
2.920246254577797407e-01
2.853526005468893234e-01
2.851607709395166390e-01
2.849553735084235928e-01
2.912746260456148262e-01
2.910871193300299531e-01
2.908893289881174793e-01
2.841848097120723837e-01
2.839982818480107918e-01
2.837962077717596232e-01
2.835908700260570958e-01
2.899677893239485660e-01
2.897857932182351659e-01
2.895906155111798719e-01
2.893871611213342243e-01
2.826480630981936804e-01
2.824650202327408377e-01
2.822720557599351920e-01
2.820726368036879372e-01
2.818617250994333023e-01
2.882882591581426568e-01
2.881113822337845187e-01
2.879230425935676019e-01
2.877186887306171226e-01
2.809165710450006737e-01
2.807363374371527609e-01
2.805449157234855551e-01
2.803434629977500925e-01
2.867877806617112890e-01
2.866071945226600914e-01
2.864119826765751942e-01
2.795930730818058096e-01
2.794109423420237936e-01
2.792191773358122520e-01
2.790183064177366168e-01
2.855052761776764592e-01
2.853276884282497927e-01
2.851388934175944079e-01
2.782659848708508576e-01
2.780790610255380879e-01
2.778883132316914972e-01
2.844002139164441001e-01
3.709865089307488040e-01
2.780435790908450389e-01
2.785737509816738067e-01
2.785659350351344932e-01
2.779391294152379066e-01
2.843779508878198081e-01
2.844106832361960047e-01
2.844669295950325028e-01
2.842437004708220916e-01
2.769100733938661407e-01
2.766508719123184634e-01
2.765772045603074880e-01
2.765062535658838194e-01
2.762719079080712126e-01
2.759265964496712131e-01
2.757073994449457111e-01
2.755444537024242524e-01
2.823550124559877639e-01
2.821039998433083063e-01
2.818344418811130625e-01
2.816204711034225872e-01
2.814480899134003677e-01
2.744391537464936359e-01
2.742206699624818445e-01
2.739960579621752990e-01
2.738002111052785237e-01
2.804260589937012105e-01
2.802428278872447498e-01
2.800058029890312161e-01
2.730483884004817341e-01
2.728710663711616524e-01
2.727023568067653558e-01
2.725068737873534430e-01
2.722863807831384930e-01
2.720626373691779065e-01
2.787776228199307926e-01
2.786232833711921320e-01
2.784325564013508392e-01
2.782138632500985587e-01
2.711284462639585446e-01
2.709611030004307475e-01
2.707837191045567860e-01
2.705920571727326029e-01
2.703919758884502089e-01
2.770982807100816903e-01
2.769221609285617003e-01
2.698333164900248438e-01
2.696447003050826963e-01
2.763781716476245709e-01
2.692712435127083692e-01
2.690844291722075399e-01
2.758624065438651796e-01
2.687079601957845787e-01
2.755054549535291830e-01
2.683435542261229378e-01
2.681626199500594665e-01
2.749772056673165377e-01
2.677979105093311052e-01
2.746138340436199421e-01
2.674397169401924179e-01
2.672594083356026884e-01
2.670712820769030049e-01
2.739248206073348069e-01
2.737455061653009669e-01
2.665332662830584010e-01
2.663595409913316892e-01
2.661756460554030590e-01
2.659825712059086245e-01
2.728882856014186453e-01
2.727159649861347068e-01
2.725205624359001710e-01
2.652852683404239298e-01
2.651183350683037343e-01
2.649410274170145296e-01
2.647573506655186426e-01
2.645676283285564034e-01
2.643709471820149259e-01
2.713408265449700485e-01
2.711768824225723185e-01
2.709894954184735028e-01
2.636630100661186416e-01
2.634953010663071415e-01
2.633168036427256387e-01
2.631331424840671618e-01
2.701038663610038637e-01
2.699258527310345324e-01
2.626106258331682985e-01
2.624364174036131203e-01
2.622568681298059756e-01
2.620726678821021505e-01
2.690741423389076958e-01
3.646890887534258718e-01
2.616122486998742613e-01
2.615119379193162619e-01
2.613700719443361464e-01
2.612125364555065721e-01
2.610609460293977779e-01
2.608913515266832461e-01
2.607095252926036055e-01
2.605207023072521610e-01
2.603222103622357397e-01
2.601203275213599397e-01
2.599254206214423046e-01
2.597305202674381475e-01
2.595261383690186108e-01
2.593221921973551947e-01
2.591242440255541180e-01
2.665913704482478219e-01
2.664371375153769539e-01
2.662408323805561250e-01
2.660175529938467731e-01
2.582475261895564866e-01
2.581001707455170546e-01
2.579397768839502003e-01
2.577679967750497458e-01
2.575866530293005607e-01
2.573960548222323230e-01
2.571974717041215497e-01
2.646219767477361318e-01
2.644639387311611411e-01
2.642786438369630342e-01
2.564986734104680033e-01
2.563322867789825099e-01
2.561575622749152070e-01
2.559812653925072068e-01
2.557993041568690784e-01
2.632540443946467246e-01
2.554385532820381277e-01
2.629130030625820846e-01
2.550999053903356684e-01
2.549289317884665396e-01
2.547497848033798418e-01
2.622382644424441356e-01
2.620570028715248356e-01
2.542482832493975220e-01
2.540839352010599850e-01
2.537189057006213888e-01
2.535420275729191042e-01
2.533583218330505149e-01
2.608515387176500999e-01
3.690950591837899308e-01
2.542217273636523389e-01
2.552490907324743152e-01
2.552944557860110653e-01
2.542325534456909564e-01
2.537800876376140047e-01
2.618701651710116929e-01
2.541749623601930463e-01
2.537115045544191538e-01
2.530792757269871851e-01
2.529710161250293132e-01
2.529823428401254959e-01
2.528234267216051823e-01
2.523615209090918632e-01
2.601536342710278893e-01
2.600138219891653391e-01
2.598889966419020703e-01
2.594848004369012529e-01
2.590934289125617629e-01
2.511914270511228509e-01
2.511334484512438570e-01
2.509648517191665484e-01
2.506903082072199362e-01
2.504607062584628396e-01
2.502869110677770625e-01
2.501162903228095757e-01
2.498520068663590554e-01
2.495876379092323016e-01
2.493666683470410206e-01
2.570365591612832623e-01
2.568850400446824334e-01
2.566620881769867135e-01
2.486526433623728050e-01
2.484974708526948850e-01
3.428842298825167667e-01
2.481591666963978704e-01
2.480276605909161325e-01
2.479117214869249741e-01
2.477620578498718751e-01
2.475811203231758073e-01
2.473896329827385276e-01
2.472101600706932412e-01
2.470250702324264247e-01
2.468201178787759187e-01
2.466068404664588654e-01
2.464041678868466589e-01
2.462119530372459675e-01
2.460158428114421758e-01
2.458178895337370107e-01
2.456179626321369491e-01
2.537284112233275657e-01
2.535704051716267671e-01
2.533572915237914391e-01
2.449083488877338288e-01
2.447535975985304924e-01
2.445943455276538836e-01
2.444268769037466482e-01
2.442434414516782559e-01
2.440559222109321968e-01
2.438678727606437557e-01
2.519398770464267301e-01
2.517697755705291529e-01
2.433421012936398120e-01
2.431762671009964905e-01
2.430026430398471160e-01
2.428290281391074223e-01
2.426494523606835263e-01
2.424665723910688908e-01
2.506489129224966916e-01
2.504712840708286370e-01
2.419628246871751154e-01
2.418046103336266295e-01
2.416336789449249345e-01
2.414593390841680010e-01
2.412861041912341964e-01
2.411073241144880974e-01
2.493017607591333784e-01
2.491173922475369285e-01
2.406100849507492589e-01
2.404551498588572145e-01
2.402881660440024103e-01
2.401108321888675845e-01
2.399362137184839483e-01
2.397601572707497852e-01
2.479732532979798398e-01
2.477895628233441339e-01
2.392625581744163010e-01
2.391107270613703206e-01
2.389473562134034890e-01
2.387722765424260263e-01
2.385972928295800877e-01
2.384243555922448410e-01
2.382480162766657528e-01
2.465142232667514310e-01
2.463370534064749928e-01
2.377531287203516475e-01
2.376027584453731523e-01
2.374339370628639756e-01
2.372637764516896397e-01
2.370936812212379174e-01
2.369250671156468702e-01
2.367467032504180224e-01
2.450546728658970497e-01
2.448773972405354771e-01
2.362631210639413171e-01
2.361109737049414958e-01
2.359432003601441563e-01
2.357750926878105502e-01
2.356103507416859033e-01
2.354416200014808336e-01
2.437134782733844651e-01
2.351036804053262541e-01
2.349426624289380205e-01
2.432122542304823720e-01
2.346325394151094756e-01
2.344642745714667909e-01
2.343020981009724113e-01
2.341390050949586632e-01
2.339703156562597530e-01
2.422569196882912168e-01
8.855464385994466170e+00
1.296289126014508186e+00
1.493139584472084724e+00
1.684574782417900263e+00
1.800943267485518362e+00
1.626496976567221031e+00
1.739766042972084481e+00
1.605892337855435059e+00
1.661658856963706299e+00
1.502223085178162165e+00
1.223509065027055032e+00
1.133356102926656339e+00
1.022486201685249396e+00
1.106177563821128418e+00
9.451298565224530712e-01
9.473700491622615294e-01
7.623142218872808185e-01
7.502164421287028651e-01
6.906981128121850722e-01
6.726554612276808287e-01
6.812911593892450046e-01
6.098346168095426512e-01
5.953783721375717208e-01
5.779241367049718914e-01
5.821017031000566000e-01
5.431042942825903275e-01
5.334112598976165076e-01
4.981466701832670263e-01
5.007040752320135457e-01
4.855857198327465096e-01
4.628729900211512871e-01
4.667130223421691593e-01
4.451612642949081544e-01
4.410412987866920709e-01
4.305085166426415588e-01
4.291821669697843400e-01
4.101122311999945147e-01
4.011698902929942689e-01
3.924969716822430121e-01
3.901316888272156058e-01
3.890570009760776493e-01
3.753362244750938492e-01
3.739334762463494277e-01
3.677527607673634069e-01
3.662507689709391112e-01
3.629593339556510534e-01
3.594051994480521595e-01
3.521531125191044165e-01
3.482567664829430143e-01
3.458262472461204329e-01
3.448511613297511325e-01
3.439001233914260047e-01
3.384584453289159467e-01
3.359242071957209141e-01
3.333760078355114675e-01
3.318669632194789498e-01
3.303402892115875344e-01
3.285774004981893426e-01
3.258136498297924399e-01
3.239609141025641681e-01
3.221457392786559737e-01
3.209677949880545555e-01
3.193511288868105535e-01
3.171261444804479024e-01
3.153949620434446377e-01
3.139467646540691770e-01
3.123206656972740691e-01
3.107673030419303428e-01
3.094537104743295131e-01
3.076872718438770637e-01
3.065004532081870847e-01
3.048391189573504967e-01
3.034815108797048189e-01
3.019550530444976566e-01
3.004680998637034861e-01
2.991337228735023723e-01
2.977984171861743912e-01
2.964433103286919224e-01
2.950382255712276081e-01
2.938050378892587688e-01
2.924571652779669462e-01
2.913214916876700755e-01
2.900779818238768404e-01
2.889318072015953920e-01
2.877999988855995950e-01
2.867246373754260835e-01
2.857444222067824224e-01
2.847949435936238949e-01
2.838519444681055770e-01
2.829816020877063409e-01
2.821635760262679593e-01
2.813904498369834695e-01
2.806724326973567551e-01
2.799446379272152452e-01
2.792611043176661534e-01
2.785973841859962774e-01
2.779660619485814221e-01
2.773516970955171024e-01
2.767641695214628217e-01
2.761632861226915314e-01
2.755985349788794836e-01
2.750371097868073433e-01
2.744953986380578859e-01
2.739623551940246760e-01
2.734318617249020256e-01
2.729134135095169778e-01
2.724011948616138490e-01
2.719017877031448815e-01
2.714121385469003278e-01
2.709348897214896579e-01
2.704582669039187204e-01
2.699953274979474682e-01
2.695360433916608733e-01
2.690892942342528737e-01
2.686486979301646594e-01
2.682141208688138545e-01
2.677853334632228077e-01
2.673627286375146461e-01
2.669463123734368559e-01
2.665392892778359890e-01
2.661353063230292304e-01
2.657360490878898918e-01
2.653408818242707357e-01
2.649502567577520784e-01
2.645654166610523772e-01
2.641841961007799222e-01
2.638068589791063845e-01
2.634330318092911183e-01
2.630635863056595691e-01
2.626972843254745116e-01
2.623354643870580150e-01
2.619760165069464075e-01
2.616203823004430440e-01
2.612677664995806670e-01
2.609186057920293011e-01
2.605725026945853173e-01
2.602293253386279703e-01
2.598889775247306133e-01
2.595518453488397936e-01
2.592172581873177784e-01
2.588857503076903432e-01
2.585567768265858435e-01
2.582305083830657710e-01
2.579067947569001484e-01
2.575856923459776682e-01
2.572671186273602362e-01
2.569510110449013673e-01
2.566372108491069559e-01
2.563257310414340795e-01
2.560165623596219464e-01
2.557095757018660875e-01
2.554048412355366393e-01
2.551022019290671294e-01
2.548016704421863787e-01
2.545032291112589995e-01
2.542067627327530555e-01
2.539122975983151842e-01
2.536197725745179543e-01
2.533291587107425746e-01
2.530404563213289881e-01
2.527535559028618040e-01
2.524685024026395164e-01
2.521852284891767937e-01
2.519037248978973076e-01
2.516239510291382597e-01
2.513458775707781423e-01
2.510694827612854896e-01
2.507947527980587399e-01
2.505216460019485947e-01
2.502501450981056141e-01
2.499802233198219481e-01
2.497118585481074016e-01
2.494450322972661671e-01
2.491797230653976236e-01
2.489159105121403481e-01
2.486535763285480094e-01
2.483926951979039399e-01
2.536668888775613917e-01
2.533988759350562225e-01
2.530646931923447029e-01
2.474282030154369150e-01
2.471991406411842007e-01
2.469615450440380000e-01
2.467237177055129349e-01
2.464887444291133378e-01
2.462541406157045532e-01
2.460181003776636399e-01
2.457800332279214683e-01
2.455407046405850280e-01
2.501509625182742336e-01
2.498657758010069951e-01
2.448706011727808940e-01
2.446538172911324749e-01
2.444263890717480736e-01
2.441974014207339283e-01
2.439734939413850112e-01
2.437526528094778877e-01
2.435292969481512859e-01
2.477399352965782842e-01
2.474614392051354694e-01
2.428785542850468437e-01
2.426772251985904183e-01
2.424650908799297622e-01
2.422447635122760845e-01
2.420243665833948787e-01
2.418072637360495769e-01
2.456856219623407833e-01
2.454286763705111896e-01
2.411834100870823838e-01
2.409802294314953297e-01
2.407778107222275643e-01
2.405740269092472572e-01
2.403642904633526423e-01
2.439227015080213112e-01
2.399498729655203388e-01
2.434414682315989564e-01
2.395553619726381867e-01
2.393548050446865916e-01
2.391549129334338830e-01
2.389552194058479628e-01
2.422580620855502853e-01
2.420140532414034040e-01
2.383711552812983470e-01
2.381819948761106365e-01
2.379837908170912009e-01
2.377856308874715663e-01
2.375905584576704366e-01
2.406457387940508230e-01
2.404129552417673954e-01
2.370148718367365848e-01
2.368302806523691351e-01
2.366377294114696550e-01
2.394962394975963527e-01
2.362597436601069079e-01
2.390490303906712410e-01
2.358880252103771613e-01
2.357037717345656924e-01
2.355157313636370708e-01
2.381690616155396900e-01
2.379469590784099864e-01
2.349650533000177677e-01
2.347866055588976042e-01
2.346034305841359358e-01
2.344161784705095786e-01
2.368757186888667543e-01
2.447719250374683908e-01
2.338925413743964676e-01
2.337367297539743316e-01
2.335724094046687516e-01
2.333996552478667941e-01
2.332212278790705695e-01
2.330413720733167382e-01
2.328608970846208770e-01
2.326783280784834873e-01
2.324926007139253292e-01
2.323058298751792261e-01
2.321204314390184487e-01
2.319363152357076796e-01
2.341917328404397591e-01
2.340174054121381686e-01
2.338343688083256433e-01
2.418572009134365430e-01
2.312071491088890651e-01
2.312941347524733737e-01
2.318212952083864575e-01
2.335154524573547774e-01
2.392724402483759616e-01
2.511439364214065328e-01
2.788758552764956655e-01
2.602810676949718904e-01
2.376168459500125896e-01
2.400481192602513802e-01
2.422452210561354680e-01
2.355965543460342149e-01
2.373245236650566303e-01
2.370964408127552159e-01
2.316514066180763720e-01
2.364735787559510971e-01
2.360479452143058321e-01
2.303051645041647721e-01
2.342060737233758738e-01
2.320259039199649154e-01
2.312978695958277653e-01
2.323291557343297176e-01
2.297558571612027256e-01
2.311035814956064749e-01
2.307634960488424980e-01
2.281790128811120866e-01
2.300593198374255299e-01
2.291574942752535593e-01
2.283312167550465566e-01
2.287907915240209034e-01
2.276699241644319638e-01
2.279156436840565347e-01
2.277900725691783812e-01
2.265595697098309047e-01
2.273568020544194379e-01
2.268135868798287214e-01
2.261727969961703499e-01
2.264128789983710921e-01
2.258343329354043361e-01
2.257779131569291609e-01
2.256478583148482930e-01
2.250575850114258369e-01
2.252280608223267144e-01
2.249540846796732330e-01
2.244883346056992801e-01
2.245533050035909972e-01
2.242474967735114122e-01
2.240392974033192930e-01
2.239229282310509217e-01
2.236025584821089707e-01
2.235060980525759855e-01
2.233523686418167065e-01
2.230223937377194821e-01
2.272437257423567114e-01
2.270741879162244126e-01
2.267914146070048043e-01
2.265808243323935711e-01
2.222878538340851140e-01
2.221327379822710946e-01
2.220112051424977528e-01
2.217994158870524868e-01
3.607057863908169071e-01
2.228498076804972805e-01
2.235458507876212364e-01
2.239955939777552307e-01
2.239430018163376390e-01
2.233720683703702692e-01
2.233110204899307893e-01
2.232317039675831283e-01
2.232801489416746943e-01
2.231664952774126132e-01
2.229174890782764096e-01
2.225315054344925714e-01
2.223437316968309152e-01
2.222887862258248193e-01
2.221181141817757110e-01
2.219197344693586427e-01
2.216771555738285271e-01
2.214386018718097759e-01
2.212466432533061189e-01
2.210352572152656236e-01
2.207802266895489418e-01
2.206506809861467078e-01
2.204548838692889368e-01
2.202456904357782963e-01
2.200615976272382590e-01
2.198543094436595791e-01
2.197068324018961460e-01
2.195238373642728058e-01
2.193367679930013359e-01
2.191317817437616056e-01
2.189414043844029045e-01
2.187532075562950706e-01
2.185598508473304280e-01
2.183991762603864628e-01
2.182142688409108300e-01
2.180375345761762229e-01
2.178669445430867768e-01
2.176889270155341616e-01
2.181237075348609333e-01
2.178736988447265155e-01
2.175924403441015786e-01
2.173242560982519556e-01
2.170904757681423880e-01
2.168941438203966787e-01
2.167165918666500435e-01
2.165592466015573425e-01
2.164033565845714380e-01
2.162300805255313041e-01
2.160408958604914387e-01
2.158381600589012184e-01
2.156426753609330949e-01
2.154601768853084132e-01
2.152910225810900635e-01
2.151268622660907348e-01
2.149615213082062826e-01
2.148022967769319114e-01
2.167048881595819987e-01
2.163273995019018847e-01
2.144015745324928113e-01
2.142928692661903167e-01
2.179750393019815879e-01
2.178235256400606890e-01
2.176185632029963291e-01
2.173742315691716276e-01
2.171029177403626664e-01
2.134286631597822614e-01
2.132797924887643859e-01
2.131374723487866329e-01
2.130014743846435632e-01
2.128618945430731935e-01
2.127119758513786318e-01
2.125619380631496302e-01
2.124163210226498455e-01
2.122768032284901296e-01
2.121331003285218120e-01
2.133058375477318580e-01
2.129787352041465354e-01
2.146177096599715672e-01
2.145050217241452895e-01
2.143427762205966369e-01
2.113968002572114702e-01
2.112677685510962744e-01
2.111251108293121792e-01
2.109784476886671090e-01
2.134123009874587251e-01
2.132235289494216479e-01
2.105386706120535578e-01
2.103998522909040769e-01
2.126471773282224420e-01
2.124630166897509831e-01
2.100435398544928944e-01
2.107048362723151214e-01
2.105097067484458795e-01
2.098638019037137592e-01
2.100440960350384023e-01
2.105956195945470066e-01
2.123464344391181313e-01
2.183401166685494110e-01
2.295756690489113849e-01
2.383741415834230437e-01
2.471087413469773009e-01
2.228088055036107074e-01
2.166063723346844105e-01
2.249949974152590793e-01
2.192051652033915610e-01
2.182619146580863922e-01
2.212058323792359671e-01
2.177019370209429261e-01
2.129227396826685048e-01
2.204242849420327000e-01
2.155811442794591248e-01
2.110557365548983433e-01
2.167230832928010165e-01
2.127102390668718923e-01
2.121695810979087882e-01
2.127201208859733073e-01
2.104082300736376254e-01
2.109077208018560468e-01
2.116591372909251700e-01
2.078950075405858189e-01
2.102599639314335356e-01
2.099136671479987504e-01
2.090346884564845409e-01
2.096071733830968398e-01
2.092711529095575562e-01
2.078889216265597251e-01
2.087740114719751072e-01
2.083599811212700770e-01
2.075481837203032864e-01
2.085847063487685504e-01
2.075662635478742191e-01
2.072414280751683213e-01
2.074982856069365611e-01
2.069320961613147769e-01
2.066585121297404848e-01
2.067763309650502701e-01
2.060656218333971057e-01
2.061132971243785361e-01
2.057016507429664243e-01
2.051287377634395115e-01
2.050738334322761147e-01
2.048899022950603499e-01
2.044281885802950172e-01
2.052095506520803803e-01
2.051452035898348458e-01
2.048449703428438240e-01
2.048547360543341855e-01
2.046545491723887888e-01
2.043715651875691319e-01
2.042875226389777588e-01
2.031450844194613858e-01
2.029296774131436609e-01
2.027894301958698409e-01
2.026146080097037117e-01
2.023730160919011978e-01
2.035110631110204904e-01
2.033626044442676528e-01
2.031693647252013624e-01
2.030512347299862908e-01
2.028881195255651804e-01
2.014988127493998193e-01
2.013715497635350515e-01
2.012096650802769338e-01
2.010053921968767421e-01
2.008256022464709745e-01
2.006613723274710270e-01
2.021095658466471601e-01
2.020022857237240288e-01
2.018505644451447367e-01
2.016643009944678877e-01
2.008988168440069000e-01
1.992749539606440690e-01
1.991578049324355393e-01
1.990035070144898222e-01
1.988321604792726849e-01
1.986558891278406569e-01
1.984902659893313381e-01
1.983358491983716332e-01
1.981756882647514872e-01
1.999539996971028410e-01
1.998223344054106676e-01
1.996707604096764066e-01
1.975936427975769072e-01
1.974788550461520353e-01
1.973396528217064572e-01
1.971798785542436538e-01
1.970161311615054034e-01
1.968641531439783710e-01
1.967242688077374402e-01
1.965840424065986580e-01
1.964337969192250510e-01
1.962756794364722279e-01
1.961208242289564363e-01
1.959747196989428675e-01
1.983631712254105006e-01
1.957064326900822548e-01
1.955736900377182952e-01
1.954313911489181099e-01
1.952826194912386792e-01
1.951390292231469648e-01
1.950007256378250564e-01
1.948638659360384107e-01
1.947255632472281728e-01
1.945856051639493212e-01
3.623623289809406178e-01
1.965976795057484960e-01
1.988585207513999531e-01
2.002918744264733930e-01
1.993619042127924290e-01
1.979048219580361589e-01
1.974494767606861378e-01
1.976046367700959872e-01
1.981994907435088715e-01
1.979002926539499829e-01
1.973672269499590903e-01
1.967677788987199083e-01
1.964778117181843475e-01
1.965510494829172117e-01
1.964291188387386755e-01
1.962284715155055426e-01
1.957981413187044051e-01
1.953794687892681237e-01
1.951518135821088962e-01
1.949697881485887851e-01
1.949515561852665779e-01
1.946930802436184216e-01
1.944292601626147199e-01
1.941166856038047117e-01
1.939671938239247995e-01
1.938887693786868482e-01
1.937209955674951134e-01
1.935063842712104187e-01
1.932024686389547108e-01
1.929869067736643129e-01
1.927961321346017276e-01
1.926474879259105211e-01
1.924905077846366941e-01
1.923207183658275088e-01
1.921575941360473549e-01
1.919706504423387416e-01
1.917833455734197501e-01
1.915931595571044033e-01
1.914238370020540647e-01
1.912780716728484376e-01
1.911350825195493597e-01
1.910054703372308094e-01
1.908758171707474194e-01
1.907794179423521475e-01
1.907255204239527713e-01
1.907771374170211809e-01
1.910081700107799652e-01
1.917896918939632211e-01
1.935112097760817440e-01
1.986521080232392100e-01
2.065318500899540610e-01
2.269937729741731691e-01
2.201638820730431045e-01
2.087092348199901803e-01
1.947139424657830520e-01
1.989715593596896315e-01
2.032101727793083346e-01
1.970658704018736218e-01
1.978247295588467236e-01
1.995306863173722800e-01
1.937974571583477301e-01
1.925914983543576819e-01
1.986205419364147629e-01
1.939645589346723764e-01
1.890514907494536267e-01
1.947570171384968296e-01
1.934025099334238940e-01
1.896618256936905833e-01
1.915793202248508020e-01
1.908590980770899503e-01
1.892839208322535938e-01
1.908198018465615819e-01
1.895602228422849644e-01
1.877662292520921594e-01
1.897096959461933297e-01
1.889819765370800431e-01
1.871289740855457961e-01
1.882369575096350944e-01
1.882346980103629386e-01
1.870073245663870509e-01
1.873310689644563376e-01
1.872126748155415465e-01
1.865275314249229544e-01
1.869059661464129440e-01
1.865862848304253863e-01
1.858855463681735598e-01
1.862159266914856226e-01
1.861956945365428884e-01
1.855082866363516048e-01
1.855164236285271884e-01
1.856407921868016286e-01
1.851932654773227882e-01
1.850570202638365247e-01
1.850679880098330954e-01
1.847619733552216259e-01
1.846386139216370237e-01
1.846440608525236615e-01
1.843527543132621183e-01
1.841663020322707456e-01
1.842085283457176315e-01
1.840144907571369670e-01
1.837699547404705314e-01
1.837292338811220282e-01
1.836375489419869445e-01
1.834315481170093187e-01
1.833173162412062573e-01
1.832311979091244547e-01
1.830651757633126597e-01
1.829447655071547718e-01
1.828523064322262193e-01
1.826973232992802343e-01
1.825577053018300755e-01
1.824702697034536469e-01
1.823548330227695580e-01
1.821970689243748442e-01
1.820806947650633889e-01
1.819895675099779397e-01
1.818587406470678625e-01
1.817204562432635229e-01
1.816129761508907814e-01
1.815074264113347713e-01
1.813768335547605026e-01
1.812528597261957031e-01
1.811477776723470212e-01
1.810327231544362481e-01
1.809064731092139833e-01
1.807892597973215221e-01
1.806827071984504762e-01
1.805682269622614633e-01
1.804449951586850898e-01
1.803288396985489872e-01
1.802199400123183914e-01
1.801081874502275249e-01
1.799906436379263841e-01
1.798746035578014379e-01
1.797627730657400114e-01
1.796504993743814893e-01
1.795368256362571413e-01
1.794241116493130173e-01
1.793131769078361859e-01
1.792008398823908277e-01
1.790866011984144635e-01
1.789737717675170259e-01
1.788632123086629777e-01
1.787532337821602646e-01
1.786420118073480945e-01
1.785305395037025955e-01
1.784204679283104000e-01
1.783111450865940140e-01
1.782014523823210461e-01
1.780915505017859890e-01
1.779828058001024782e-01
1.778760315444325446e-01
1.777716234544021168e-01
1.776719084216682731e-01
1.775842112754909830e-01
1.775244227092118987e-01
1.775381814750323084e-01
1.777253778806742734e-01
1.784488480847558067e-01
1.803702112000448166e-01
1.865443152196910037e-01
1.972114892163312483e-01
2.243224591488416908e-01
2.076157337605555042e-01
1.888650974492874224e-01
1.836008544915793128e-01
1.879842505670375474e-01
1.871421484939501945e-01
1.838048199427849139e-01
1.849980283766972100e-01
1.842533182018563642e-01
1.796473472404402638e-01
1.823449445838625227e-01
1.843789201298256519e-01
1.777121214490791912e-01
1.786458998100939055e-01
1.824912996849761271e-01
1.787622184575058393e-01
1.770141569939981951e-01
1.790248544494312810e-01
1.779438261502843677e-01
1.772247099064674369e-01
1.779131845507190002e-01
1.762801013054252630e-01
1.763002046609599693e-01
1.773908876197063667e-01
1.758505991469047625e-01
1.752027616915101671e-01
1.764276665181036541e-01
1.756940805190949084e-01
1.747651548611624528e-01
1.753217806787411015e-01
1.750898941767226880e-01
1.746502049215888364e-01
1.747351053531551179e-01
1.743962359928043215e-01
1.740914019772697996e-01
1.743830138360599746e-01
1.740516229610306054e-01
1.735606224954046040e-01
1.738009983704677519e-01
1.737277895785247217e-01
1.732969320815422876e-01
1.732552145397197041e-01
1.732685963792606476e-01
1.730061602953832378e-01
1.729168583522563973e-01
1.728487292161888789e-01
1.726156203761752828e-01
1.725717974018816658e-01
1.725188251097842518e-01
1.722913169720375892e-01
1.721726650762558375e-01
1.721623655857524859e-01
1.720135104521234026e-01
1.718366329925420100e-01
1.717850522405644509e-01
1.716882682183302200e-01
1.715452088088713634e-01
1.714542953427670990e-01
1.713491711189960298e-01
1.712240169161734771e-01
1.711374462475048208e-01
1.710457778169300891e-01
1.709093490548434235e-01
1.708056580017897896e-01
1.707313405320654287e-01
1.706162601874933182e-01
1.704958961787809146e-01
1.704059272052097507e-01
1.703107727358007528e-01
1.701979851131048826e-01
1.700962585478217881e-01
1.700014290997203525e-01
1.698950401432834101e-01
1.697917959093844242e-01
3.809299433596846640e-01
1.746106049895099765e-01
1.782091833816780158e-01
1.792857799918447514e-01
1.770286586869411205e-01
1.758275619272465506e-01
1.761950151262075548e-01
1.769677436128345160e-01
1.767814612162670884e-01
1.757302557715751945e-01
1.750289179734019207e-01
1.749520236600523027e-01
1.749837192051821588e-01
1.745559173726776991e-01
1.740206359246667389e-01
1.738942734070923757e-01
1.734297281720843520e-01
1.729991559055891470e-01
1.725409821558894774e-01
1.725245469769098872e-01
1.723730160371584330e-01
1.721694090808179034e-01
1.717634050330753837e-01
1.715603131395079251e-01
1.713932381829049167e-01
1.713148667004907866e-01
1.710914212380884036e-01
1.706861488942534866e-01
1.704062350477381638e-01
1.702280447734711988e-01
1.701193953313643314e-01
1.699173499384693253e-01
1.696972767403763793e-01
1.695500228322749103e-01
1.693755876602430210e-01
1.692016928394075026e-01
1.689989724294556628e-01
1.688607651424334222e-01
1.687014778701589335e-01
1.685745448072264174e-01
1.684121309929874910e-01
1.682645433446448846e-01
1.681208442112549217e-01
1.685145140627471561e+00
4.668360121363352988e-01
4.380772719993081821e-01
4.164356351664660894e-01
4.268700203363807733e-01
4.348299590844878493e-01
4.284309757448780953e-01
3.779875289613712774e-01
3.449845713621034204e-01
3.987009575496611724e-01
3.374448691139421141e-01
3.653213456490029820e-01
3.334395757795850512e-01
3.364999389496796112e-01
3.408439158375742295e-01
3.125162799963646654e-01
3.250888771273749422e-01
2.838907373298594772e-01
3.033208921869149366e-01
2.728441677116832942e-01
2.773242670966356016e-01
2.684372728900737970e-01
2.596151894606318900e-01
2.597704842236486789e-01
2.438678996264171395e-01
2.508714811532080091e-01
2.391697437628215739e-01
2.389773876749852199e-01
2.319347005525164152e-01
2.315906119910265404e-01
2.281155914928431894e-01
2.240425208090093545e-01
2.232862723845740749e-01
2.200297968484496158e-01
2.166666633583161083e-01
2.147839324151419871e-01
2.127699936429747751e-01
2.108512150626007386e-01
2.094656861195810793e-01
2.071509492615695447e-01
2.060994170143609083e-01
2.041163850860252538e-01
2.030371440320032084e-01
2.012688598990324818e-01
2.000638962237588081e-01
1.992150070610235191e-01
1.978741671461342055e-01
1.972730053830440144e-01
1.960377741372845706e-01
1.951461122578895258e-01
1.945232351969819751e-01
1.932709284769215385e-01
1.930833369040418079e-01
1.919496879837871428e-01
1.914936281655847672e-01
1.907951648593829430e-01
1.900775793612916598e-01
1.897033892180750858e-01
1.888117481420445443e-01
1.887123612188900956e-01
1.877338340473976852e-01
1.874819063138706277e-01
1.869067866171418013e-01
1.864042846021702615e-01
1.860158736038648453e-01
1.854886525182702917e-01
1.852076366782215988e-01
1.845994744808812649e-01
1.843239178783929177e-01
1.838894198753585618e-01
1.835680669190145053e-01
1.831596392225042780e-01
1.828145864939392795e-01
1.824922945335397118e-01
1.821478571365685306e-01
1.818182084204510163e-01
1.815054464666560063e-01
1.812160087700485089e-01
1.808739965698801799e-01
1.806006858766149858e-01
1.803016936337629439e-01
1.800345963558615536e-01
1.797395810860893117e-01
1.794677792365554914e-01
1.792051869064049119e-01
1.789361057184692405e-01
1.786887984105960114e-01
1.783754535535265473e-01
1.781364909797013285e-01
1.779012988436240450e-01
1.776537102941939117e-01
1.774277495359621870e-01
1.771925310701946976e-01
1.769728217817377602e-01
1.767460553809674373e-01
1.765278828544080691e-01
1.763186146665953746e-01
1.761007496172460607e-01
1.758985455890306193e-01
1.756874412287069975e-01
1.754890114083397512e-01
1.752859380735403705e-01
1.750896617423871315e-01
1.748948591684542364e-01
1.747016798509713198e-01
1.745133106710167747e-01
1.743248625829021403e-01
1.741416260820868589e-01
1.739572410689121940e-01
1.737776438310677241e-01
1.735977072292061996e-01
1.734211712351373391e-01
1.732459191511261376e-01
1.730726138057781804e-01
1.729016174240896597e-01
1.727313088064039159e-01
1.725638000513917691e-01
1.723970547614006033e-01
1.722322400125549102e-01
1.720691877590975472e-01
1.719068546711851053e-01
1.717467338313168335e-01
1.715872021727107288e-01
1.714297752366507610e-01
1.712732864987317749e-01
1.711180148520346500e-01
1.709642711445991670e-01
1.708112261980703483e-01
1.706599077158192368e-01
1.705092791952126097e-01
1.703600586923557647e-01
1.702117802299964455e-01
1.700646202806890828e-01
1.699184500189918068e-01
1.697732555780150088e-01
1.696291376401655171e-01
1.694858970266710785e-01
1.693435927827660614e-01
1.692022397255795729e-01
1.690617991175862311e-01
1.689221879755239686e-01
1.687834360747392237e-01
1.686455832262887533e-01
1.685085028838437804e-01
1.683722483543633741e-01
1.682367824390431088e-01
1.681020985118731326e-01
1.679681989450704516e-01
1.678350012038887784e-01
1.677026065717608372e-01
1.675708816748623375e-01
1.674399165284426449e-01
1.673096240421120817e-01
1.671800287052664369e-01
1.670511302667614939e-01
1.669228827355851985e-01
1.667953127703942218e-01
1.666683829049694643e-01
1.665421017979382134e-01
1.664164533327862905e-01
1.662914239728011667e-01
1.661670204278308804e-01
1.660432181904210047e-01
1.659200172644337834e-01
1.657974093511448421e-01
1.656753865529391745e-01
1.655539427119810947e-01
1.654330657768254276e-01
1.653127579385575974e-01
1.651929999531056570e-01
1.650737973658431557e-01
1.649551336733779405e-01
1.648370097219281349e-01
1.647194133824342321e-01
1.646023410271023613e-01
1.644857878897953429e-01
1.643697431129149400e-01
1.642542060293055994e-01
1.641391674344593044e-01
1.640246217707498622e-01
1.639105649205363502e-01
1.637969883791953463e-01
1.636838896824751033e-01
1.635712604681262006e-01
1.634590967021835040e-01
1.633473930534793395e-01
1.632361428278032989e-01
1.631253426496488690e-01
1.630149854031316681e-01
1.629050674293452405e-01
1.627955823327542073e-01
1.626865259290321830e-01
1.625778926194543506e-01
1.624696777511157875e-01
1.623618762502805901e-01
1.622544831355830497e-01
1.621474937989821896e-01
1.620409032030427909e-01
1.619347066279171188e-01
1.618288995208292669e-01
1.617234768152912561e-01
1.616184342504547733e-01
1.615137668294747142e-01
1.614094702454690333e-01
1.613055398012135933e-01
1.612019708640759497e-01
1.610987591551409637e-01
1.609958999522217993e-01
1.608933889731981870e-01
1.607912217050922188e-01
1.606893937476137069e-01
1.605879007898280975e-01
1.604867384220862170e-01
1.603859023763359037e-01
1.602853883579102579e-01
1.601851920824091668e-01
1.600853093510305192e-01
1.599857359310883909e-01
1.598864677081054120e-01
1.597875004968969115e-01
1.596888302304876051e-01
1.595904528222858720e-01
1.594923642493009941e-01
1.593945605003618260e-01
1.592970376040821201e-01
1.591997916525624834e-01
1.591028187387368564e-01
1.590061150081678032e-01
1.589096766645247127e-01
1.588134999045357210e-01
1.587175810219005334e-01
1.586219162969910168e-01
1.585265020890873622e-01
1.584313347854799103e-01
1.583364108099802325e-01
1.582417266445207693e-01
1.581472787966904936e-01
1.580530638281947287e-01
1.579590783465688042e-01
1.578653189948274749e-01
1.577717824705929806e-01
1.576784655104524480e-01
1.575853649014518076e-01
1.574924774706150943e-01
1.573998000981406964e-01
1.573073297083831257e-01
1.628646411766158097e-01
1.627775699694823386e-01
1.626646438658123361e-01
1.625347813735106284e-01
1.569205374767970174e-01
1.568564795127025957e-01
1.567861936288263702e-01
1.567094694201299765e-01
1.566258622211421092e-01
1.565368549614257476e-01
1.564450845908225141e-01
1.563531540458917568e-01
1.617160365620960993e-01
1.616389787092153696e-01
1.615395676974608341e-01
1.560386995893343898e-01
1.559650237147162666e-01
1.558878558205469278e-01
1.558091849095116777e-01
1.557272074148429442e-01
1.556414674750750127e-01
1.555535266203475486e-01
1.554657178461666400e-01
1.608139003219148933e-01
1.607355347295515713e-01
1.552248950339092382e-01
1.551476442297709535e-01
1.550678883944954789e-01
1.549871030686196804e-01
1.549047948881284997e-01
1.602606158966577432e-01
1.601726136796288447e-01
1.546747591090693041e-01
1.546027279579331171e-01
1.545257220018676492e-01
3.961206480353397508e-01
1.612606966044155266e-01
1.663050246165013180e-01
1.683112552468526146e-01
1.701706630694654332e-01
1.683490831017946388e-01
1.683956308947402447e-01
1.699320963274046636e-01
1.696145382766590659e-01
1.624977984873612336e-01
1.615213053780773789e-01
1.614052480689374125e-01
1.615577630887311544e-01
1.612252670104796504e-01
1.602141334316071475e-01
1.597326092166330702e-01
1.591879021071217204e-01
1.590651859540409829e-01
1.586448025520762473e-01
1.584970802993962424e-01
1.581208465734072477e-01
1.632969562578416023e-01
1.628731588066916203e-01
1.627532281034123340e-01
1.625190764854744230e-01
1.621930399473167084e-01
1.566047173893300726e-01
1.563842818066049078e-01
1.562371391440146307e-01
1.560987574935485400e-01
1.558652275540347021e-01
1.555601711414584254e-01
1.554278134282110757e-01
1.553099505598861119e-01
1.551664322978752730e-01
1.548963215280217964e-01
1.546848985493674000e-01
1.545393125010534607e-01
1.544607517137511488e-01
1.543214729007328367e-01
1.541050883247715442e-01
1.539111672783955997e-01
1.537782415758616739e-01
1.592026339826201342e-01
1.590892258416252703e-01
1.589081500052975104e-01
1.532743846895832096e-01
1.531614011078654691e-01
1.530716041949441442e-01
1.529550442513499253e-01
1.528334896119374342e-01
1.527003078003602854e-01
1.525900744357440442e-01
1.524762114620339393e-01
1.578857875532471977e-01
1.577826042474230472e-01
1.521641642527539195e-01
1.520524080665917876e-01
1.519528241277074698e-01
1.518548283202911242e-01
1.517622811674941841e-01
1.516584569504655644e-01
1.571047607549903025e-01
1.570022090911776247e-01
1.513676400629107022e-01
1.512824718775834798e-01
1.511889153832434163e-01
1.510934315272089434e-01
1.509937216944950422e-01
1.508970784133781828e-01
1.564110306189583355e-01
1.507109337055896059e-01
1.506171208177831122e-01
1.561642306167427274e-01
1.504410686182457990e-01
1.503565925499559530e-01
1.502667152812439677e-01
1.501762503933282422e-01
1.500830658033386611e-01
1.556937458667844443e-01
1.556031701545136092e-01
1.498339807360214992e-01
1.497562144927171157e-01
1.496732187840688066e-01
1.495884329933646895e-01
1.495024196603097488e-01
1.494150314201268537e-01
1.493248587413259776e-01
1.492344323515819582e-01
1.549137144489624585e-01
1.548310468268277174e-01
1.489926105465631534e-01
1.489152393177990974e-01
1.488339243851771188e-01
1.487531615271631413e-01
1.486709640011668609e-01
1.485862623514644654e-01
1.542636035635848446e-01
1.484212404275097041e-01
1.483424991855368802e-01
1.482614010128087134e-01
1.539600856099759274e-01
1.481010321015832354e-01
1.480226714329313797e-01
1.479437803772540583e-01
1.478617814102459183e-01
1.535849095622059401e-01
1.477027860713353014e-01
1.476267167459022756e-01
1.475474673039987028e-01
1.474657497741931056e-01
1.533710050926115898e-01
1.474551729133428413e-01
1.473680166345669174e-01
1.472784875976811958e-01
1.530275397858559538e-01
1.471124667565449906e-01
1.470315372822954547e-01
1.469472822364068787e-01
1.468584570107798748e-01
1.467697060479776494e-01
1.525509993222694538e-01
1.466020642771310722e-01
1.465225447691771155e-01
1.464411005853975267e-01
1.522374962829204370e-01
1.462855691250346812e-01
1.462096347216733094e-01
1.461320617087801255e-01
1.460518401736425886e-01
1.459709419621738058e-01
1.518006019577027021e-01
1.458125361861357383e-01
1.457364933658972517e-01
1.455478889095323802e-01
1.513851011380246414e-01
1.453961372769992377e-01
1.453214422397026140e-01
1.452445390204757381e-01
1.451655751922279192e-01
1.450853586586200727e-01
1.509433926932220449e-01
1.449304844329572239e-01
1.448559295842417605e-01
1.447785541001449516e-01
1.446992710665496451e-01
1.505845724552756781e-01
1.445471970234362136e-01
1.444734646958646396e-01
1.443972542193240338e-01
1.443196584792659776e-01
1.502170950878526645e-01
1.441699444351242643e-01
1.440977125855813223e-01
1.440218141337742397e-01
1.439447032376552082e-01
1.438661287274056177e-01
1.497968663655836752e-01
1.437158210120959012e-01
1.436423540266039411e-01
1.435674572589349940e-01
1.494954846888172095e-01
1.434228525015212030e-01
1.433521806993330872e-01
1.432788629531489000e-01
1.432031819961855079e-01
1.431268950571622511e-01
1.430481844961699611e-01
1.490105598353733407e-01
1.428997700554908712e-01
1.428272311727289967e-01
1.427531251582079552e-01
1.426768734384454840e-01
1.486646982955703855e-01
1.425322612796743049e-01
1.424611208071719370e-01
1.423885303745324737e-01
1.423144136909949287e-01
1.482954288293849010e-01
1.421716474174206934e-01
1.421022125277345005e-01
1.420292803791363134e-01
1.419556796796081766e-01
1.418796496732815382e-01
1.418036513006498966e-01
1.478326979357307003e-01
1.477460220528790391e-01
1.415985099398355818e-01
1.415365503462566177e-01
1.414683692756016353e-01
1.413981533440117067e-01
1.413260919901397905e-01
1.412519326409676923e-01
1.411755196428493841e-01
1.410982138993879254e-01
1.410090318473372073e-01
1.409333095485564569e-01
1.408568961401254760e-01
1.469733976067675585e-01
1.468923002717966164e-01
1.406457105680086472e-01
1.405814961391517737e-01
1.405153209999285557e-01
1.404481560438077259e-01
1.403770335416707760e-01
1.403032293502118888e-01
1.402282005044064306e-01
1.401523345967749801e-01
1.400763476450495593e-01
1.461901377792432233e-01
1.461088501342221457e-01
1.398729889134948945e-01
1.398094421263773035e-01
1.397436752844712082e-01
1.396756830037413077e-01
1.396058992981328850e-01
1.395337739215882222e-01
1.394578784134131166e-01
1.393832640494678254e-01
1.393086795179883930e-01
1.392342247477614814e-01
1.453792359836408588e-01
1.390911040247746477e-01
1.390196327994158432e-01
1.389498192501386620e-01
1.450978817651501496e-01
1.388160100271360609e-01
1.387504150338894626e-01
1.386832748265108550e-01
1.386133140118054885e-01
1.385414122023445049e-01
1.384681312988566837e-01
1.383950393351791319e-01
1.445637405077188631e-01
1.444780836904590582e-01
1.381974783322719169e-01
1.381385157167164257e-01
1.380734393489318479e-01
1.380067848262561403e-01
1.379379538318441512e-01
1.378670322567926154e-01
1.377935475910655461e-01
1.377190173596858358e-01
1.376458979990556053e-01
1.375731558347630668e-01
1.374999979656684190e-01
1.374257122309349710e-01
1.436796794622288154e-01
1.435942108266157480e-01
1.372237066338516942e-01
1.371636108340006377e-01
1.371022767846268309e-01
1.370372356559178273e-01
1.369683889459684389e-01
1.368980913320455295e-01
1.368252139713445059e-01
1.367519664541850533e-01
1.366784087079820076e-01
1.366061801083799099e-01
1.365332389609769104e-01
1.428086584649096158e-01
1.427243204863462289e-01
1.363340793904977977e-01
1.362738966016951991e-01
1.362118615889763573e-01
1.361479630159942722e-01
1.360802197309240180e-01
1.360100748201936716e-01
1.359383419055332498e-01
1.358658935610926877e-01
1.357935784560615200e-01
1.357217203641214454e-01
1.356493585566860838e-01
1.419321481711692812e-01
1.355100269243013911e-01
1.354428460093884956e-01
1.353746743486333726e-01
1.353061657905416937e-01
1.415826395116953074e-01
1.351747873715683779e-01
1.351119439197646099e-01
1.350466551152785244e-01
1.349787004257891054e-01
1.349090998608085401e-01
1.348391235708422120e-01
1.347673698480704174e-01
1.410507105269136752e-01
1.346325502989553502e-01
1.345676553046086243e-01
1.345006198863525904e-01
1.344323235369942471e-01
1.343631078965499825e-01
1.342933859909669070e-01
1.405994227874620972e-01
1.341609744376993651e-01
1.340960245759916791e-01
1.340315207443552314e-01
1.342471294459333664e-01
1.341542337462192924e-01
1.340466291967264412e-01
1.403142276948388945e-01
1.338320840130942657e-01
1.337366640037312981e-01
1.336533415517204559e-01
1.335765570416221348e-01
1.335067135806538574e-01
1.334386654249386239e-01
1.333714715705177634e-01
1.397095946870239580e-01
1.332328638564403700e-01
1.331620518002650522e-01
1.330898712660397720e-01
1.330157436048836073e-01
1.329414981450376398e-01
1.328701128901927375e-01
1.392023616459777124e-01
1.327360675516407740e-01
1.326708905522213378e-01
1.326072876282150537e-01
1.325381622533601256e-01
1.324691527360315757e-01
1.323988505618833023e-01
1.323289076189091418e-01
1.386934854253161764e-01
1.321950846873304330e-01
1.321320796627296346e-01
1.320667076750773328e-01
1.320001940730663736e-01
1.319314582875580066e-01
1.318648088912753036e-01
1.382285594238504278e-01
1.317351781181952397e-01
1.316711491008439039e-01
1.316087429707375467e-01
1.315413720406993781e-01
1.314736989629037844e-01
1.314058660221939512e-01
1.313376221127683652e-01
1.312695943518538688e-01
1.376669703535157718e-01
1.311405460188563299e-01
1.310805862762295104e-01
1.310186884641560134e-01
1.309567760046957963e-01
1.308976278430460383e-01
1.308439232110603645e-01
1.372623611188373560e-01
1.307705328933147781e-01
1.307722762617037626e-01
1.308153713730042245e-01
1.309417288020556791e-01
1.312058883725264469e-01
1.317672353609199987e-01
1.327663080264747386e-01
1.347842017687735650e-01
1.443995489130497911e-01
1.439140029116864339e-01
1.501950307230148773e-01
1.587870079936121726e-01
1.594121156007616835e-01
1.543723534590776825e-01
1.432810126159335951e-01
1.332630674024836703e-01
1.308852609755052354e-01
1.362167779899025044e-01
1.423396386485341336e-01
1.421932426564362639e-01
1.356310392148219746e-01
1.300069663340936987e-01
1.310280862723200435e-01
1.355709563885852398e-01
1.367956487923877584e-01
1.334145186488437662e-01
1.299887947689728207e-01
1.299294368426568425e-01
1.321092268421578120e-01
1.332428958535091801e-01
1.317633297998065667e-01
1.294985172545204677e-01
1.290271755119859476e-01
1.304006084257736675e-01
1.380470160632094045e-01
1.370728452372433348e-01
1.288768966732258825e-01
1.286081360683437591e-01
1.294259542807867369e-01
1.298855890836936033e-01
1.293592028346615685e-01
1.285322568419229872e-01
1.282582181678281752e-01
1.286019688544008943e-01
1.289221832634474263e-01
1.286950078830851329e-01
1.281288162081620219e-01
1.278422231377457086e-01
1.280209547054459440e-01
1.282329935454379621e-01
1.280972385831679883e-01
1.344458580119814728e-01
1.275317243133980427e-01
1.275588351043303870e-01
1.276486890538843233e-01
1.276115481744460045e-01
1.274312733246510954e-01
1.272368790094465796e-01
1.271564891952532139e-01
1.338519532803840173e-01
1.271957453585856324e-01
1.270968512206071543e-01
1.269383173843406376e-01
1.268315381843346523e-01
1.268073161874355981e-01
1.267983477991817542e-01
1.267378934563014314e-01
1.266307505700411951e-01
1.265240847495437693e-01
1.331441337732676422e-01
1.264235453626993966e-01
1.263887149963130174e-01
1.263244343554858762e-01
1.262352930750708091e-01
1.261507593127721982e-01
1.260898217652199615e-01
1.260429201429935642e-01
1.259899673975101719e-01
1.325985835106757715e-01
1.258511315141660758e-01
1.257824662846461494e-01
1.257203239732603561e-01
1.256678872713277717e-01
1.256128808686749199e-01
1.255503818831278373e-01
1.254800584244601946e-01
1.254087893558820110e-01
1.320167397659259001e-01
1.252904061332943408e-01
1.252381051650802712e-01
1.251789460605066684e-01
1.251164750838427708e-01
1.250515011471563520e-01
1.249861797203029312e-01
1.249221951550344850e-01
1.248600497864539305e-01
1.247997930947927492e-01
1.314316438182591973e-01
1.246811580454252610e-01
1.246199697658014471e-01
1.245584207325296788e-01
1.244984869957477952e-01
1.244379341036901815e-01
1.243775996906037185e-01
1.243146378142979680e-01
1.242517361875457582e-01
4.173315603992787115e-01
1.401560422745285750e-01
1.538306908179957189e-01
1.659031292846894767e-01
1.488584585966364060e-01
1.435894892376990140e-01
1.426609127444240510e-01
1.431377615372584344e-01
1.411349701716140825e-01
1.403253299739530835e-01
1.407280997639586695e-01
1.401911057393191995e-01
1.380298981271009529e-01
1.356369651471949211e-01
1.341540434413076577e-01
1.347784977689657770e-01
1.411034048854850620e-01
1.410262945295332471e-01
1.392085868225814149e-01
1.319461941617282030e-01
1.313529216657570442e-01
1.320077910817605005e-01
1.321493741168350000e-01
1.312938730080061567e-01
1.300362100065861060e-01
1.291966894381706699e-01
1.292708220485881410e-01
1.291963079602614084e-01
1.290595719736636060e-01
1.284478514225527446e-01
1.280806868927208686e-01
1.276623811702047306e-01
1.273262222717956860e-01
1.271599512780973995e-01
1.271163888394320207e-01
1.269814522436067405e-01
1.265896470889446013e-01
1.261637352023947112e-01
1.259711045453907607e-01
1.259295517353743732e-01
1.258486979319083654e-01
1.255936466580180877e-01
1.253445666319473184e-01
1.250845049604604742e-01
1.249654018463927374e-01
1.248463409042545602e-01
1.247690870898559151e-01
1.246245452537957099e-01
1.244488639063388857e-01
1.242863520815302714e-01
1.241553054840010689e-01
1.240395202977491035e-01
1.239014779390128496e-01
1.303806863295788876e-01
1.302586543164611921e-01
1.236530182465219591e-01
1.235300375217012470e-01
1.233857357391588000e-01
1.232806543814463363e-01
1.231980153117009924e-01
1.231183380810871586e-01
1.230163242562095083e-01
1.229176749625613685e-01
1.228237057668984666e-01
1.227164505942657247e-01
1.226096909390359813e-01
1.225043071538489264e-01
1.224193359306654239e-01
1.223309435377483018e-01
1.222449364530656807e-01
1.221568782253711904e-01
1.220737320689499750e-01
1.287386445565291138e-01
1.219050805544109051e-01
1.218218475312006499e-01
1.217381860916488118e-01
1.216596689497678740e-01
1.215742971606874334e-01
1.214925253293772378e-01
1.214112596206361611e-01
1.213339916485803721e-01
1.212552147065839581e-01
1.279413510697214040e-01
1.211069784014233430e-01
1.210343388758147176e-01
1.209675638030108802e-01
1.208993716639129856e-01
1.208321123528854069e-01
1.207730311515391591e-01
1.207185082682928901e-01
1.206844572485333000e-01
1.206731551624122267e-01
1.207213339376511652e-01
1.276426252731998612e-01
1.212073830336337088e-01
1.218521780235464758e-01
1.233326667385231112e-01
1.255961955124907659e-01
1.306851726682193293e-01
1.352769111373082200e-01
1.439828218962110884e-01
1.420616686622803715e-01
1.380579279020899830e-01
1.297288020429925304e-01
1.236064345521606794e-01
1.219384545868031355e-01
1.239203939340792621e-01
1.270106876453142020e-01
1.282854139028010709e-01
1.264172895583745293e-01
1.225305231748392981e-01
1.198406781744714988e-01
1.209583731356759229e-01
1.239253961348513178e-01
1.244204661799154232e-01
1.217970793706262544e-01
1.194671652902308673e-01
1.196113174050402461e-01
1.209513454753797790e-01
1.214534066919401578e-01
1.207847022309597729e-01
1.197513635750147992e-01
1.190327788054012653e-01
1.190121771423658659e-01
1.196120876872893979e-01
1.199957484076246694e-01
1.194673229529179259e-01
1.185278879910081906e-01
1.253311485806102299e-01
1.186364456615548180e-01
1.189853539056580090e-01
1.187671091717234784e-01
1.182856861039718044e-01
1.179905155711408610e-01
1.179577729100043104e-01
1.180462085445688758e-01
1.181130819541431898e-01
1.180172082489599344e-01
1.177482466918268467e-01
1.245723171789236000e-01
1.174553240610742011e-01
1.175571984664336433e-01
1.175821517726043652e-01
1.174334047577467732e-01
1.172296375498996235e-01
1.171140454167687306e-01
1.170893340105995939e-01
1.170781907281410877e-01
1.170319162363217536e-01
1.169515070171739668e-01
1.168448293680869610e-01
1.167306827256549273e-01
1.166506116325249365e-01
1.237444617170511962e-01
1.166055988957142853e-01
1.165512043335167891e-01
1.164559896629445007e-01
1.163583657872980237e-01
1.162882632818411921e-01
1.162425493355539741e-01
1.161938059495722375e-01
1.161366097494923033e-01
1.160693976405273581e-01
1.159959117573495097e-01
1.159183317700728383e-01
1.229395721910361561e-01
1.157960211179858284e-01
1.157520276032218409e-01
1.157009387364782982e-01
1.156394380342967709e-01
1.155701155662975793e-01
1.155001429314530814e-01
1.154353027567620177e-01
1.153757901675739328e-01
1.153180098840768109e-01
1.152594037348290273e-01
1.151993960258305694e-01
1.151371291658883633e-01
1.221747805941884868e-01
1.150150848768487361e-01
1.149558487515083965e-01
1.148981179558870025e-01
1.148410115384247976e-01
1.147829188138795309e-01
1.147248557768375254e-01
1.146644543964418783e-01
1.146039690268955968e-01
1.145429754682002615e-01
1.144821196234509370e-01
1.144203037763932840e-01
1.143581118452632328e-01
1.214087895974844400e-01
1.142430252925501766e-01
1.141893144723289955e-01
1.141344891269418516e-01
1.140768959189805698e-01
1.140172640138118199e-01
1.139588156372350891e-01
1.138990911180919607e-01
1.138397235942673474e-01
1.137796333871957943e-01
1.137195900095055723e-01
1.136595737825880359e-01
1.206817240887611276e-01
1.135466868499012821e-01
1.134941441402535361e-01
1.134399633804301366e-01
1.133846401828226685e-01
1.133283350363782638e-01
1.132729876556220344e-01
1.132189578778146494e-01
1.131676641725224280e-01
1.131213753414688494e-01
1.130853450601466414e-01
1.130671124497563407e-01
1.130884664435658354e-01
1.131774528889776810e-01
1.205492821746093901e-01
1.139804673371270505e-01
1.152745389557691402e-01
1.174233939072993060e-01
1.224221651984867820e-01
1.276512091222640755e-01
1.380944913127732931e-01
1.375132189117264092e-01
1.348655891251311911e-01
1.259355144926917747e-01
1.185935144526573670e-01
1.155609695730635128e-01
1.165627802975400251e-01
1.196873509850920891e-01
1.217120065321935923e-01
1.208045547631800554e-01
1.174506012561706975e-01
1.135827563657192812e-01
1.130017244327079090e-01
1.161714918165401844e-01
1.182573887174165339e-01
1.161992092488551842e-01
1.129069312178602458e-01
1.121491329281879834e-01
1.136666041748378153e-01
1.147025030099431686e-01
1.140931457490790280e-01
1.130048010767654848e-01
1.123414486892120867e-01
1.120389732654355763e-01
1.122325025320814323e-01
1.127927321746765160e-01
1.128194169883663389e-01
1.119741876941427461e-01
1.111761317383506142e-01
1.112774831065269920e-01
1.118799074203118971e-01
1.119837676945284188e-01
1.114572531847174003e-01
1.109758926688738934e-01
1.182758162427434423e-01
1.110206757059483962e-01
1.110784940943513460e-01
1.110335813433197261e-01
1.108746165724829175e-01
1.106392107443458228e-01
1.104625037258008952e-01
1.104686125620573389e-01
1.105801546425515536e-01
1.105611281763344556e-01
1.103508278171459328e-01
1.101476362423102484e-01
1.100977304394046563e-01
1.174463943535224986e-01
1.101153427780902638e-01
1.100361741308964469e-01
1.099425946209813265e-01
1.098589186388939792e-01
1.097800234737791036e-01
1.097203476608494543e-01
1.096907210945670674e-01
1.096671301183090030e-01
1.096019071866737860e-01
1.095011708806948592e-01
1.094136180210197040e-01
1.093655619544789681e-01
1.093357296801837492e-01
1.092896778959742132e-01
1.165410682851747148e-01
1.091675100620040084e-01
1.091061428812809819e-01
1.090475631795916195e-01
1.089931531678418053e-01
1.089465809701934129e-01
1.089008418381356286e-01
1.088472110819456440e-01
1.087856487099268243e-01
1.087203412034329769e-01
1.086611060367600745e-01
1.086079347727262889e-01
1.085574607590020640e-01
1.085042031775364790e-01
1.084486160782531655e-01
1.156986649161186459e-01
1.083406173641160986e-01
1.082901417010336542e-01
1.082401427340731748e-01
1.081881994894220711e-01
1.081382625808610665e-01
1.080866898919259356e-01
1.080315818899635905e-01
1.079752526282125313e-01
1.079196122875746983e-01
1.078646778037781473e-01
1.078088526877140491e-01
1.077543614250170978e-01
1.077008022736630211e-01
1.149329848567446077e-01
1.076004795246357226e-01
1.075530806108275922e-01
1.075045992923116811e-01
1.074510577791108201e-01
1.073981031892910915e-01
1.073466289224857262e-01
1.072926555740812277e-01
1.072388299740467538e-01
1.071849224653497468e-01
1.071318887439201284e-01
1.070774982443334911e-01
1.070235916290807054e-01
1.069699342399319519e-01
1.069162756374388429e-01
1.141482346090613720e-01
1.068149978574909065e-01
1.067702765733035408e-01
1.067228806994012513e-01
1.066713601338383777e-01
1.066210846589765449e-01
1.065701435471062969e-01
1.065188225700302027e-01
1.064684852317357155e-01
1.064195254359940057e-01
1.063713747509768132e-01
1.063239385462523556e-01
1.062816204219505095e-01
1.062462410572721644e-01
1.134844889185819827e-01
1.062414398258008652e-01
1.063074655141338226e-01
1.064380423718205293e-01
1.067186099904609692e-01
1.071871957032583256e-01
1.081644032530677119e-01
1.096036234761464806e-01
1.125743933848969147e-01
1.158026487169541985e-01
1.220620179352056855e-01
1.242673254663941296e-01
1.268186569445788892e-01
1.218603174676790440e-01
1.154811102214883811e-01
1.098474963874881555e-01
1.070512764930236227e-01
1.075864008003322991e-01
1.099918981092941062e-01
1.120727710086718010e-01
1.123706643815751138e-01
1.104022257700769116e-01
1.073590838714068990e-01
1.054336787409584919e-01
1.060776592147360392e-01
1.081931526634529184e-01
1.092389738868445315e-01
1.081117224362974638e-01
1.061070250969868706e-01
1.050658610219739469e-01
1.053901939553796158e-01
1.062074086794013161e-01
1.065944915434472451e-01
1.063116042570341618e-01
1.056726738804125432e-01
1.050174824711079397e-01
1.046481321792541164e-01
1.047825616183720998e-01
1.126810494714825250e-01
1.054421432115406621e-01
1.051294064901319852e-01
1.045493177277064534e-01
1.041908765096833528e-01
1.042450341483434212e-01
1.044784308161206404e-01
1.045666198628765198e-01
1.044320852846319647e-01
1.041999739340084552e-01
1.040017570396200852e-01
1.038761066210698719e-01
1.038390397571819501e-01
1.038836399275897965e-01
1.039278385367407298e-01
1.038711843324222062e-01
1.111501900152177258e-01
1.035477772577048511e-01
1.034657117888802130e-01
1.034634845559146143e-01
1.034742447877430305e-01
1.034464328907487712e-01
1.033797499419902288e-01
1.032960919717940407e-01
1.032148346706310005e-01
1.031393775584011491e-01
1.030768502251731833e-01
1.030360377573616981e-01
1.030113340877344547e-01
1.029811488175549211e-01
1.029273779512093479e-01
1.028530146391460204e-01
1.027773918466306224e-01
1.101452368048101982e-01
1.026798126667623490e-01
1.026490167397923203e-01
1.026113454569923811e-01
1.025691162643837667e-01
1.025209880177154198e-01
1.024683820601712536e-01
1.024079532091820149e-01
1.023462496558622814e-01
1.022881338212395519e-01
1.022376282035368233e-01
1.021930616360491872e-01
1.021499466928820349e-01
1.021034472964877093e-01
1.020528316846279621e-01
1.020009246349489196e-01
1.093542621440295737e-01
1.019038461257612826e-01
1.018564954700806463e-01
1.018078380277499251e-01
1.017609746396533343e-01
1.017157147269651812e-01
1.016701454400056465e-01
1.016217949062481751e-01
1.015746903974593524e-01
1.015277716180901374e-01
1.014792800029436226e-01
1.014295891009272393e-01
1.013797560294123351e-01
1.013299384951218546e-01
1.012802334527019288e-01
1.012301397766494082e-01
1.085623631092599850e-01
1.011464445261767986e-01
1.011072261525914895e-01
1.010697401543490803e-01
1.010323223307758173e-01
1.009963818312200612e-01
1.009657437662846713e-01
1.009395742834738319e-01
1.009266744002045579e-01
1.009296184556498360e-01
1.009640031602938443e-01
1.010399778826517880e-01
1.012094359167399205e-01
1.014860611797068213e-01
1.020395679629272911e-01
1.028555403923338829e-01
1.118675307078467462e-01
1.066949715865505299e-01
1.110190977112512911e-01
1.141596489151683602e-01
1.193327064670382937e-01
1.183874436886879211e-01
1.159947071261755447e-01
1.107257463259925939e-01
1.055329399832759946e-01
1.022968700896872696e-01
1.015863302814714597e-01
1.029162008182135379e-01
1.049559735320365061e-01
1.062128714805000984e-01
1.058958071846895777e-01
1.038289714542023068e-01
1.012037012667111879e-01
9.989045013979343246e-02
1.006756892129515302e-01
1.023878119882942472e-01
1.031926628728297435e-01
1.024134808299469457e-01
1.008874830707714165e-01
9.987292713849015013e-02
9.980646484071493962e-02
1.002642228689441112e-01
1.006514945406339068e-01
1.007217156259968549e-01
1.005193739916427770e-01
1.000794988969029853e-01
9.952162013436741117e-02
9.917453597596526116e-02
9.926292132458613970e-02
9.961613212464479061e-02
9.983318348493426531e-02
9.967812066768000356e-02
9.927522224170612364e-02
9.892397705670631647e-02
9.880098928127920010e-02
9.885969299373084662e-02
1.065169049201746820e-01
9.897415620589627983e-02
9.892392995251769738e-02
9.881586281304527430e-02
9.866535368166398645e-02
9.850867680731485720e-02
9.841132798256654879e-02
9.840414483315367000e-02
9.844588672420596931e-02
9.845539070023166806e-02
9.839288055267754463e-02
9.828090803239786233e-02
9.817092670865051884e-02
9.809136117843389457e-02
9.804234892826992065e-02
9.800805245101332219e-02
9.797598315849972983e-02
1.054780387791987711e-01
9.792359305939721259e-02
9.789773643606806963e-02
9.784434244526929447e-02
9.776973772858985057e-02
9.769106412882841428e-02
9.763018048986844832e-02
9.758734687854803136e-02
9.755465063135709824e-02
9.751955459851566199e-02
9.747945633934068654e-02
9.743296332783661640e-02
9.738627174734873493e-02
9.733734684099357160e-02
9.728543107675258206e-02
9.722943007866077791e-02
9.717255851196190952e-02
9.712024720086939733e-02
9.707387655826381356e-02
9.703176139191709015e-02
1.045379064744113851e-01
9.695306525163452371e-02
9.692093046335782669e-02
9.688824983612961961e-02
9.685489326110011121e-02
9.681848493816919143e-02
9.677777933040888902e-02
9.673277996670794077e-02
9.668803132273909307e-02
9.664485899148729520e-02
9.660215233336272300e-02
9.655834612543316708e-02
9.651678961142577673e-02
9.647662503420478819e-02
9.643998414364234051e-02
9.640739872958681289e-02
9.638333145338005836e-02
9.636928792565854773e-02
1.038929628285023832e-01
9.644567625117776710e-02
9.657968521210522073e-02
9.677996397584257005e-02
9.714982748618586350e-02
9.765350360238003735e-02
9.858543698384272802e-02
9.974756709783375030e-02
1.018817573808816213e-01
1.039733455888533914e-01
1.076341875855131719e-01
1.093652330347618384e-01
1.115449972845442422e-01
1.096426696854880256e-01
1.065260272039894041e-01
1.022519356717154770e-01
9.859876040593185120e-02
9.662135545131302072e-02
9.645620087834894107e-02
9.758672806180371251e-02
9.907031011439115797e-02
9.998458210302105242e-02
9.988647117181957691e-02
9.869839971365203246e-02
9.697295928561198985e-02
9.559330174481327214e-02
9.528274298335930037e-02
9.601089475513312210e-02
9.700751853411689052e-02
9.742439341928463281e-02
9.698756372425214323e-02
9.610358587970578570e-02
9.534945617531212503e-02
9.504011515560853440e-02
9.511542563987251953e-02
9.534437620298441551e-02
9.553189228981019687e-02
9.558768375997969691e-02
9.549437238938618400e-02
9.525093333002170037e-02
1.025818277010719093e-01
9.461092942899063107e-02
9.449956128840814040e-02
9.458703663818335272e-02
9.474990141672010036e-02
9.483621153839055795e-02
9.477587892176772555e-02
9.460330465893494745e-02
9.440869699831752615e-02
9.426320347074280959e-02
9.418289001550590733e-02
9.414928955410897804e-02
9.414249020353682162e-02
9.414610744359214189e-02
9.414577758219297432e-02
9.411966400360359530e-02
9.405485662813196923e-02
9.395775705538558786e-02
9.385381420972208066e-02
9.376785979572445362e-02
9.371127364964382256e-02
1.013720172093787314e-01
9.366887302967256967e-02
9.365290949001695009e-02
9.361793028852774534e-02
9.356798355190601435e-02
9.351937899998068182e-02
9.347520717900503762e-02
9.343122926049371446e-02
9.338366646083136324e-02
9.333098533474919190e-02
9.327680251010814216e-02
9.322373136047687470e-02
9.317821294882555616e-02
9.313653446292018134e-02
9.309895622129601978e-02
9.306119983483313041e-02
9.302227931587156440e-02
9.298030514689857584e-02
9.293897684292114214e-02
9.289968562372372118e-02
9.286274946763940774e-02
1.004965972462567164e-01
9.279077988355480255e-02
9.275592329997334184e-02
9.271784646336664326e-02
9.267443516574766504e-02
9.263160696418125395e-02
9.258966898809023460e-02
9.255101148578148695e-02
9.251888001593779054e-02
9.249182992378078561e-02
9.246968779447801989e-02
9.245770137504180641e-02
9.246404092548346498e-02
9.250259740780118756e-02
9.258691257048046186e-02
9.277225620591875166e-02
9.309036225764574790e-02
9.373378596102406590e-02
9.473057852507787979e-02
9.678900036470615420e-02
9.943118803109710080e-02
1.124962129666153832e-01
1.089738404969069069e-01
1.159525921185456249e-01
1.143222797497613907e-01
1.109032694211127129e-01
1.047553170555226704e-01
9.946125010251619103e-02
9.648983704385741267e-02
9.537742233617391152e-02
9.581276607656542821e-02
9.686039738667122367e-02
9.753996586530082336e-02
9.795494649856800740e-02
9.769077790532214312e-02
9.584390755666270800e-02
9.299939445246009628e-02
9.175237498084508336e-02
9.312719325984539220e-02
9.511232678630440751e-02
9.538985563234501919e-02
9.384962365596385969e-02
9.214802956808686163e-02
9.161759887076834086e-02
9.218116791718972136e-02
9.276706595005096423e-02
9.262716901827308669e-02
9.214676012991807053e-02
9.197490778172506820e-02
9.198753954239084762e-02
9.171746874592244525e-02
9.123950662052081328e-02
9.104488195314988652e-02
9.127729023941967557e-02
9.158984469922916427e-02
9.157127328162159574e-02
9.118315509004594477e-02
9.075306495784381255e-02
9.062008847252607524e-02
9.076720774655513968e-02
9.089787409208269220e-02
9.083739176110099123e-02
9.068113872229226213e-02
9.057894192993348748e-02
9.053123351084224613e-02
9.046032539530834971e-02
9.035248327869180307e-02
9.027046138822146515e-02
9.025374402645365557e-02
9.027684363923677013e-02
9.027569647490420179e-02
9.020741729405759579e-02
9.008998226666228848e-02
9.790467885512527113e-02
8.994871708175755654e-02
8.996271663866611812e-02
8.995716841511933182e-02
8.990323994067261903e-02
8.983705225961112484e-02
8.978890521487863097e-02
8.976023541796836203e-02
8.972475541866775650e-02
8.967172078408258695e-02
8.960845419815705037e-02
8.955248450350201950e-02
8.951468423888726822e-02
8.948890915640034249e-02
8.946254184496296724e-02
8.942306881745594460e-02
8.937148311729350980e-02
8.931840244139609142e-02
8.927505033429553039e-02
8.923782275626881977e-02
8.919941588518399966e-02
8.915535572494215355e-02
8.911062582785060637e-02
8.906945709642032083e-02
9.694251573643482278e-02
8.900522076620742684e-02
8.897952995138284915e-02
8.894746149091888043e-02
8.890530941645861940e-02
8.885874708623155149e-02
8.881442712046491716e-02
8.877669991853719134e-02
8.874325835608574964e-02
8.870746837805280893e-02
8.866670247192830201e-02
8.862228345370687377e-02
8.857936583998937685e-02
8.853753159210660251e-02
8.849841440681692484e-02
8.846053181693697143e-02
8.842288626694563836e-02
8.838344161478094152e-02
8.834350879233529574e-02
4.269267250152500304e-01
1.231774287279620295e-01
1.482861241693550491e-01
1.593764214862463668e-01
1.465384098308163408e-01
1.542583519167357031e-01
1.429156289460507268e-01
1.306919681620476170e-01
1.212231006721019022e-01
1.197628758038231239e-01
1.207769950409739307e-01
1.187603602755763210e-01
1.178375990155546837e-01
1.135254154593655640e-01
1.107928855303360882e-01
1.122256726308341335e-01
1.080064431717985968e-01
1.055043915909197882e-01
1.064071495336998963e-01
1.083537071584441819e-01
1.070345101976196284e-01
1.009436521995906166e-01
9.936737549247467993e-02
1.012771679887361637e-01
1.016234174043628979e-01
9.977451611413690191e-02
9.783908549328597382e-02
9.716405804592401219e-02
9.763845224536163436e-02
9.678735397584498079e-02
9.541018610966246760e-02
9.564900043142872399e-02
9.563084021309124771e-02
9.519097977291809953e-02
9.427090955670804073e-02
9.347929513715332039e-02
9.342160076529056056e-02
9.343573428625695509e-02
9.320149009328682066e-02
9.253134333805677902e-02
9.206495752255149101e-02
9.204549260952238354e-02
9.201846974302839433e-02
9.161000591373046065e-02
9.138551058483448952e-02
9.133282994849269143e-02
9.110403165815210424e-02
9.092166192896355970e-02
9.065731711356876665e-02
9.050483485334973044e-02
9.042293530926356904e-02
9.025712343840894269e-02
9.010468953396175151e-02
8.995757426658575195e-02
8.979497732763311313e-02
8.965918454781598990e-02
8.958782217971116013e-02
8.950241239839386298e-02
8.939017220322079127e-02
8.924607697907648018e-02
8.912882372513114548e-02
8.906469902538645400e-02
8.896443562002201433e-02
8.885820162290100632e-02
8.875514459717169513e-02
8.866717896005855970e-02
8.861229207657088380e-02
8.852599601562044507e-02
8.841686893423582327e-02
8.832461052493953413e-02
9.587429733939999144e-02
8.821405626720943416e-02
8.814698849280368231e-02
8.805610036478855873e-02
8.799174373019549855e-02
8.793523365949931780e-02
8.785489371872867714e-02
8.777981711254925767e-02
8.771577995680818196e-02
8.765274133016441593e-02
8.758485025494508469e-02
8.751105222898916680e-02
8.744982979328043415e-02
8.738867243483365577e-02
8.732146705327227532e-02
8.725757993557262115e-02
8.719693450082054154e-02
8.713663879250496680e-02
8.707694720532518917e-02
8.701637532530626107e-02
8.695532284928800260e-02
8.689774458751439723e-02
8.684085936593467780e-02
9.456773708901339281e-02
8.673883635066145792e-02
8.669160272210377216e-02
8.664085384514626231e-02
8.658573321229184883e-02
8.653189923744637746e-02
8.647706708303888601e-02
8.642463288856283565e-02
8.637204395933216483e-02
8.631722263305820209e-02
8.626137015079961279e-02
8.620783794268296885e-02
8.615569588949892332e-02
8.610286515915631378e-02
8.605071388865377646e-02
8.599944757740703161e-02
8.594733588472848462e-02
8.589487369387927007e-02
8.584459874956397452e-02
8.579508329768378849e-02
8.574527171751802901e-02
8.569438451391767075e-02
8.564428442218383064e-02
8.559439833463175495e-02
8.554482408928879011e-02
9.341388444892953502e-02
8.545934869223882624e-02
8.542230136306562527e-02
8.538401306196932716e-02
8.533982779578627720e-02
8.576164803503727452e-02
8.571463010023194773e-02
8.566828157060413229e-02
8.516462009734160343e-02
8.512194215663501651e-02
8.507886841006809253e-02
8.503613731161931144e-02
8.499540328886612262e-02
8.495606428981399005e-02
8.492060724957375961e-02
8.489046136441191770e-02
8.487003837664432171e-02
8.485937996745374079e-02
8.486945389332638257e-02
8.490317423921803219e-02
8.498715270156426138e-02
8.556041414973575288e-02
8.539646322743904561e-02
8.623004167500307460e-02
9.461114715462642932e-02
8.817815880591618749e-02
8.996217715021137540e-02
9.229534461217414609e-02
9.646685677447126850e-02
9.869090883401311631e-02
1.018646437069675587e-01
1.013110564864037749e-01
9.863442440514796905e-02
9.456377500934988467e-02
9.023072176031177172e-02
8.692904825359844267e-02
8.525536255815346909e-02
8.531863102525963360e-02
8.660042973631043584e-02
8.824306477988078101e-02
8.934521475592949180e-02
8.908666474447900219e-02
8.749903829396220301e-02
8.534158960215687539e-02
8.386807866427738178e-02
8.378509006917819746e-02
8.476126013172306795e-02
8.581195527069256090e-02
8.612048036633672410e-02
8.561153120022862995e-02
8.474238474533746235e-02
8.403062909838265870e-02
8.366274555880442998e-02
8.359715375996407127e-02
8.372447021370299503e-02
8.394259312464572020e-02
8.413751386539163046e-02
8.415990111569660037e-02
8.394466446598847220e-02
8.355513530002688094e-02
8.316301803812749249e-02
8.295381884391267446e-02
8.297589061646049036e-02
8.352794053770885851e-02
8.367218984230287426e-02
8.368514320418393715e-02
8.318450177229157194e-02
8.338632517546787359e-02
8.282945983964440373e-02
8.270210580096928887e-02
8.262291864848075873e-02
9.102465023557240742e-02
8.260866047246798183e-02
8.264207979840079710e-02
8.265863967825200220e-02
8.263904535586505395e-02
8.257967816243363957e-02
8.248131576205408599e-02
8.274404187960636425e-02
8.264509159953281614e-02
8.257563480026881841e-02
8.217058411420909148e-02
8.215443485299737947e-02
8.214178367578287010e-02
8.212116909444369672e-02
8.208933653919492368e-02
8.204953847585066962e-02
8.200318113674159859e-02
8.195332147980219362e-02
8.190114848820388704e-02
8.184771765260587251e-02
8.214795841457572800e-02
8.209439780898591943e-02
8.204562769559645141e-02
8.165219973404214127e-02
8.161552847567508928e-02
8.158187225627630546e-02
8.154928036213676679e-02
8.151577930002538996e-02
8.148222167377995595e-02
8.997254500841035674e-02
8.141739663760921841e-02
8.138645460615187566e-02
8.135599776988247656e-02
8.131893327238853830e-02
8.128074222747218303e-02
8.157237247686320580e-02
8.152837156405107200e-02
8.148489821762078256e-02
8.144426178031188845e-02
8.106966194777107115e-02
8.103320027951663174e-02
8.099603792940159031e-02
8.095849835988201681e-02
8.091871821571694490e-02
8.087996897324944978e-02
8.083978740611152958e-02
8.080090355987837314e-02
8.076335222446875961e-02
8.072752744002420489e-02
8.101510480631765598e-02
8.097971123009603533e-02
8.094581085555364874e-02
8.059572999013836503e-02
8.057230250853578135e-02
8.056048515831101819e-02
8.056799912856810186e-02
8.061573166030491788e-02
8.073130422830993025e-02
8.961565965903123265e-02
8.163886506860057457e-02
8.301386981575445412e-02
8.539951592548247761e-02
8.966481412964710795e-02
9.417468111109997264e-02
1.025519655710954714e-01
1.039163610924508652e-01
1.051809486058350590e-01
1.015928299365147780e-01
9.676384724976100360e-02
9.318890839666574277e-02
8.888796053590061752e-02
8.564055416789861930e-02
8.381581672676144401e-02
8.406224726906758038e-02
8.553211801056101460e-02
8.711928336910412796e-02
8.806787561216042337e-02
8.658223035726765604e-02
8.278178105584135804e-02
7.994820365556869202e-02
8.064997076198858472e-02
8.318840497915862275e-02
8.425578347627160625e-02
8.310952402861927768e-02
8.143434907648777754e-02
8.067771976860625693e-02
8.067592532106326875e-02
8.082453854806329052e-02
8.077991291303268651e-02
8.058756343814334200e-02
8.062893011547174471e-02
8.082876886017377471e-02
8.066537885763311322e-02
7.995378604342162632e-02
7.927924361512812823e-02
7.932469063778542495e-02
7.985664601268721574e-02
8.012481885413444416e-02
7.987597019581021973e-02
7.973595162443419815e-02
7.948989154960892090e-02
7.946555428394422305e-02
7.948329981843978154e-02
7.944253539542529829e-02
7.936937445711081396e-02
7.904903812518387918e-02
7.906816208164739457e-02
7.904440291632341964e-02
7.890587818498129291e-02
7.870935572574454253e-02
7.859985363978126693e-02
7.862987588348564760e-02
7.870212486297589738e-02
7.898024496008596018e-02
7.860747967304076989e-02
7.878691439126783713e-02
7.844997714456813931e-02
7.869452894294771961e-02
7.864951245944018510e-02
7.831566728349013962e-02
7.826765550259390247e-02
7.824250957653147709e-02
7.822860820073307409e-02
7.820610787801932084e-02
7.843475912503844460e-02
8.720113215471894663e-02
7.835224617100358668e-02
7.831418047810935479e-02
7.826555917739363988e-02
7.795815316787305105e-02
7.793674384845881986e-02
7.791035281630306897e-02
7.787507307897720277e-02
7.783111238657419717e-02
7.779228631385068371e-02
7.802025720150304600e-02
7.798741158433691867e-02
7.794538431655231858e-02
7.764058967616863094e-02
7.759975053099324449e-02
7.756765285780201080e-02
7.753657094892610346e-02
7.750334626269775318e-02
7.746716355974168911e-02
7.768624314509438300e-02
7.764974848465017176e-02
7.761442388710501628e-02
7.757835260475615113e-02
7.729118381271499194e-02
7.725554374600457352e-02
7.722024817099043537e-02
7.718379239226563771e-02
7.714718458612505880e-02
7.711133380050215480e-02
7.707708552205759511e-02
7.704325429315031504e-02
7.700942578334267485e-02
7.721905024686367969e-02
7.718299953037517647e-02
7.714697475687000428e-02
7.711188519349403137e-02
8.620800499335473654e-02
7.682190863954929672e-02
7.680539047418764864e-02
7.678580945549688674e-02
7.675613539126682761e-02
7.672346960366634161e-02
7.668204936096544022e-02
7.688565969887586893e-02
7.685402437905022865e-02
7.682643002150915668e-02
7.656321751599565184e-02
7.677571304098121385e-02
7.652020914082252601e-02
7.650154051788286835e-02
7.648565821682248855e-02
7.671004163185382585e-02
7.648512250391809042e-02
7.674363672224486510e-02
7.657811886549786839e-02
7.691442872078547988e-02
7.687725771538946040e-02
7.739060090465932351e-02
7.767173906635986558e-02
7.860500234745292081e-02
7.965325515566937242e-02
8.144516642420876473e-02
8.402254462315462968e-02
8.688440472966217631e-02
9.098674334682020637e-02
9.318632017678796231e-02
9.502083358193375018e-02
9.327950321350443608e-02
8.944630658598798356e-02
8.491544940456594026e-02
8.086930523263806403e-02
7.834968588816443313e-02
7.731529644572984750e-02
7.766376363340621314e-02
7.886314297890455183e-02
8.031942476659163777e-02
8.126759740778988217e-02
8.091476492596703929e-02
7.939810556506388117e-02
7.741883383759695647e-02
7.598354478756197405e-02
7.563827303144919634e-02
7.628437947986156653e-02
7.732494354154810512e-02
7.798153767890991794e-02
7.803264837739266879e-02
7.697891964733538650e-02
7.630430933685898587e-02
7.558975008767133963e-02
7.572069284099899877e-02
7.580887790943177662e-02
7.590698847515287007e-02
7.601351331836456171e-02
7.591020997699066131e-02
7.614923215360835940e-02
7.576222652684336256e-02
7.564124048738735118e-02
7.508924896234545066e-02
7.510388561266621854e-02
7.509311766343042260e-02
7.498575059558369726e-02
7.530150805543173176e-02
8.461965801802072418e-02
7.536567370302041380e-02
7.510193360102239424e-02
7.515326681314246637e-02
7.476940912134062700e-02
7.464610718730310679e-02
7.480340063141384388e-02
7.480893458069319546e-02
7.480600147204999328e-02
7.458342184301613997e-02
7.475405780890423402e-02
7.453852717775877323e-02
7.451981888678503585e-02
7.447445112862868810e-02
7.459512659040670735e-02
7.430983396766553672e-02
7.443389084409846035e-02
7.438962543267664540e-02
7.417046933622309379e-02
7.434996881449668082e-02
7.413276740231321271e-02
7.410586244971795189e-02
7.407460081015987408e-02
7.423481314670182796e-02
7.419922186943708753e-02
7.416246041008815737e-02
7.393333438885515974e-02
7.408696382399382330e-02
7.385861502316741489e-02
7.381885311341282452e-02
7.377733378915218854e-02
7.392426970826287969e-02
7.369750751254094956e-02
7.385014639989639917e-02
7.381857999100863155e-02
7.378829435821125660e-02
7.375752102991224579e-02
7.354165270427434620e-02
7.369416161388440967e-02
7.348014803198592293e-02
7.363298523663200368e-02
7.342211572735465874e-02
8.313809355577447824e-02
7.337131997831694563e-02
7.353520303311487927e-02
7.351827015475552451e-02
7.331436550571339417e-02
7.328656073625197664e-02
7.342602536642951760e-02
7.338800811051870987e-02
7.334860468050911908e-02
7.330820802060766805e-02
7.308975209820336993e-02
7.305436129675790813e-02
7.301993524626279597e-02
7.316376217693401629e-02
7.313509255510339258e-02
7.310861255285658333e-02
7.290971394648695925e-02
7.306268176534785885e-02
7.287292292562447260e-02
7.303510988593317488e-02
7.286572068800897806e-02
7.306451667218802348e-02
7.296589507968130606e-02
7.328446176232406017e-02
7.342219902732369241e-02
7.412901927081032294e-02
7.507578114251127477e-02
7.695521652324677220e-02
8.051314361995259850e-02
8.476703577620506302e-02
9.334966123587394582e-02
9.566014817247492363e-02
9.928590809924875416e-02
9.381693718947026195e-02
8.883804814772389147e-02
8.710443690992514254e-02
8.565993015580559977e-02
8.312427793130813813e-02
7.802482362698300034e-02
7.579843258918418647e-02
7.699224697701209652e-02
7.728850961537014896e-02
7.714724643237511059e-02
7.828159373332299609e-02
7.954026555845439272e-02
7.771028816279795803e-02
7.391275543072735321e-02
7.247508038471149605e-02
7.367424026779217927e-02
7.469472297078513789e-02
7.488450345743943859e-02
7.490023813601659475e-02
7.434995245720231460e-02
7.325901050703044481e-02
7.272422275326573260e-02
7.306931723486759234e-02
7.311077026195206274e-02
7.243814432907866308e-02
7.218616002740887994e-02
7.267727490238479193e-02
7.314768951318773027e-02
7.286564518420697578e-02
7.243616639881107766e-02
7.214236701462753421e-02
7.189642976324672752e-02
7.180164580995092305e-02
7.199553563940683243e-02
7.219145649792667319e-02
7.206971026817127202e-02
7.181146095773052740e-02
7.172498958268846980e-02
7.176802687183525542e-02
7.170598304082796692e-02
7.153488699063491330e-02
7.142304475424815502e-02
7.141321313460344267e-02
7.141843762280301877e-02
7.141302030639819221e-02
7.141570079273615312e-02
7.139298015198480840e-02
7.130248969694275019e-02
7.118400346043685101e-02
7.112134539413837719e-02
7.096765034676413841e-02
7.095628274358248277e-02
7.090372540738087981e-02
7.084455976775247410e-02
7.081679700628584762e-02
7.095865281145623260e-02
7.093981060614107381e-02
7.090224366717670645e-02
7.085766708833349248e-02
7.081329882594256109e-02
7.076708380399074350e-02
7.072306455382906809e-02
7.068949500067728264e-02
7.066523510393880880e-02
7.063889503033297934e-02
7.060360524673475746e-02
7.056506285508942766e-02
7.053340740262566133e-02
7.036878163188704793e-02
7.034497777710821409e-02
8.052641403799846997e-02
7.044311241761370967e-02
7.042211685661173282e-02
7.039181447775935685e-02
7.035962836421114086e-02
7.033454594124560755e-02
7.030109760394667728e-02
7.026685215294366238e-02
7.022841161991966175e-02
7.019081202448611279e-02
7.015735191259481196e-02
7.013063028197741300e-02
6.996509166595379914e-02
6.993107372433765567e-02
7.003241045202307502e-02
7.000100565135122799e-02
6.997207426573653910e-02
6.994378372620177475e-02
6.991400305709430385e-02
6.988106824484011104e-02
6.984936136141126073e-02
6.968677482471052897e-02
6.965727515506338341e-02
6.962676775333552504e-02
6.972731795919345776e-02
6.969574404928224887e-02
6.966533186808863964e-02
6.963595803852268284e-02
6.960720470056569464e-02
6.957772187088717697e-02
6.954842477942156653e-02
6.939178203267271083e-02
6.949092593276239016e-02
6.946400098168516168e-02
6.943850287525397957e-02
6.941424002415332029e-02
6.939191075302374168e-02
6.937256362988622471e-02
6.935754158167678485e-02
6.934889607923079569e-02
6.934961724495551649e-02
6.924041939086646169e-02
6.939753905502724085e-02
6.933777078360249535e-02
6.956672507374361825e-02
6.973668181568175306e-02
7.000358753401099421e-02
7.029020812188413458e-02
7.103516211007566972e-02
7.338958105535256515e-02
7.334870185075502425e-02
7.521126304875457025e-02
7.807166734408158004e-02
9.183352093310831465e-02
8.588158389140865268e-02
8.992180392249765619e-02
9.192630378078799069e-02
9.056745479227223949e-02
8.513860989654153943e-02
7.787963191400924801e-02
7.192415149245201533e-02
6.938619077076188524e-02
7.032152296610150177e-02
7.293782608986984495e-02
7.541761198621976803e-02
7.618277386522914751e-02
7.514458360631941225e-02
7.322795973664850133e-02
7.121649788506469181e-02
6.984853970931463596e-02
6.932428308289606544e-02
6.971815255316679560e-02
7.059424490900445548e-02
7.135097002128862331e-02
7.149607318529940803e-02
7.082136649542744578e-02
6.972757606411569831e-02
6.877116977039608725e-02
6.838224059299570501e-02
6.857846586506519126e-02
6.906934037887019207e-02
6.948939604534332126e-02
6.956746973942787293e-02
6.927550421343013631e-02
6.875939360104077469e-02
6.827481393764643636e-02
6.801886082520257337e-02
6.804390553134015418e-02
6.824590283083768749e-02
6.843994050832907794e-02
6.848916400930175896e-02
6.836592428049118042e-02
6.815447693018178432e-02
6.795938669515821928e-02
6.784247633292937729e-02
6.779824255227984153e-02
6.778912247112310607e-02
6.778443326380853562e-02
6.777419865730199833e-02
6.776195455119195243e-02
6.774502531946016703e-02
6.771275065624342282e-02
6.915682004845415121e-02
6.757205487499023944e-02
6.749043179807283355e-02
6.742950861706688281e-02
6.739709402601018473e-02
6.738455071571353150e-02
6.737657459487347844e-02
6.736152556216253029e-02
6.733670770805512407e-02
6.730504114337587662e-02
6.727139091076433930e-02
6.723856126971415603e-02
6.720393082675063523e-02
6.716713054407559558e-02
6.712655008769954912e-02
6.708603116263228694e-02
6.704765921015518049e-02
6.701394978024771687e-02
6.698458292309195095e-02
6.695766796297730750e-02
6.693112834131965949e-02
6.690413862963419389e-02
6.687720588237421049e-02
6.685128343926884098e-02
6.682748816865521913e-02
6.680554740188612839e-02
6.678548547151430537e-02
6.676626100135801822e-02
7.744241327925480145e-02
6.681112701241814777e-02
6.690436794238480145e-02
6.701343023588193781e-02
6.716777938519737090e-02
6.730347482660993530e-02
6.751441172917503619e-02
6.765968382210942045e-02
6.794825296188616859e-02
6.811481664620316900e-02
6.849073818840872852e-02
7.007077318566354296e-02
6.895278399261484115e-02
6.892253841696170669e-02
6.905279027596926411e-02
6.883188445640463227e-02
6.870363588563896395e-02
6.837853494337511884e-02
6.810152074641312447e-02
6.781335320955117485e-02
6.758858341549189852e-02
6.743261343361647842e-02
6.731296268056310983e-02
6.721003415099319200e-02
6.707822406105005963e-02
6.691021273488026444e-02
6.669872737805687679e-02
6.647579954535716429e-02
6.625957722734168720e-02
6.608292393672006437e-02
6.595881205378584244e-02
6.589104939456844057e-02
6.587090910036111358e-02
6.588312665393007694e-02
6.590983700627443820e-02
6.593422535398901774e-02
6.594841023496042509e-02
6.594510792845642566e-02
6.592848733960887664e-02
6.590083764201123961e-02
6.587076122141770351e-02
6.584283856846304128e-02
6.582353714934005562e-02
6.581534412869952111e-02
6.582265203787397712e-02
6.584667929418355770e-02
6.589355859312588659e-02
6.739389444611440516e-02
6.608470886110862086e-02
6.625919980364472495e-02
6.649927265716991387e-02
6.686208548484220970e-02
6.733446291248412763e-02
6.806448137608817062e-02
6.893973345203921466e-02
7.032918284032793621e-02
7.172659603793488103e-02
7.392044558836860513e-02
7.536144449015656777e-02
7.737053100920120163e-02
7.724605575244014588e-02
7.674954247394839835e-02
7.444016522773599931e-02
7.191979910800738729e-02
6.982369563161056059e-02
6.860612415434894085e-02
6.824867754906360773e-02
6.797172327816142223e-02
6.760619160135258876e-02
6.664702725437333941e-02
6.591529625946573878e-02
6.571356385011278833e-02
6.602229799937507637e-02
6.647374078147014198e-02
6.802438188003952224e-02
6.660943739085530002e-02
6.648704312240125147e-02
6.646285392533950176e-02
6.640990084801462467e-02
6.614317052101111039e-02
6.562426246559741050e-02
6.504776857436331272e-02
6.469440359381611882e-02
6.466865209440796070e-02
6.485076269960890483e-02
6.501715680913157380e-02
6.502033002925920735e-02
6.488074098754192942e-02
6.472183165183152675e-02
6.464674995943842095e-02
6.467344569600730342e-02
6.473435675086637586e-02
6.475960621716517207e-02
6.471544407986001834e-02
6.462808645709330890e-02
6.453470608293836175e-02
6.446475555242688060e-02
6.441428535449576775e-02
6.436052695782989996e-02
6.429371432076683157e-02
6.421174202836808786e-02
6.413471843220876212e-02
6.407783075484441149e-02
6.404728218257971228e-02
6.403463265718105368e-02
6.402313539722825908e-02
6.535222778129003152e-02
6.396390939004462095e-02
6.391835592468765592e-02
6.386960997331120327e-02
6.382751741639909604e-02
6.379587332250041820e-02
6.377483359922599127e-02
6.376129924540609173e-02
6.375073599345632003e-02
6.373941003955461981e-02
6.372418212852724861e-02
7.507250115033520244e-02
6.375799084161230812e-02
6.380471371690371596e-02
6.383005942381571318e-02
6.383557648615635627e-02
6.381508384022985259e-02
6.378601565863131762e-02
6.375992152047345318e-02
6.375116332244924744e-02
6.375568535730999353e-02
6.379801511258936797e-02
6.387963417333716865e-02
6.401675930788289226e-02
6.422198085267458167e-02
6.453524272685817742e-02
6.629114036790817455e-02
6.566505354573015651e-02
6.660632318433373777e-02
6.793211777869501145e-02
6.965453800017870623e-02
7.193850397013124010e-02
7.451433693542096337e-02
7.737349964016840276e-02
7.953141198914101540e-02
8.062693368623623236e-02
7.941332744908791152e-02
7.623900760250285069e-02
7.156470173967130477e-02
6.705666550216793365e-02
6.403274389401931999e-02
6.312534218901423577e-02
6.407478046038697639e-02
6.598430923277434634e-02
6.782322925096627431e-02
6.866802107662010879e-02
6.827645706242316259e-02
6.677386690150602377e-02
6.492404316630379091e-02
6.341733897876959680e-02
6.273725554578177266e-02
6.291627622779785711e-02
6.491639601715956664e-02
6.445564030258282839e-02
6.493867896499054548e-02
6.491120067216721301e-02
6.439152163153619157e-02
6.364583079924990283e-02
6.295342377967816372e-02
6.254223483913988468e-02
6.248177293034107294e-02
6.269556727407027408e-02
6.302583696850909412e-02
6.330630173883688983e-02
6.344481242509422692e-02
6.342097420546326247e-02
6.333577422831966619e-02
6.328919159984183751e-02
6.353073699369683747e-02
6.405428597156170856e-02
6.545071492856421869e-02
6.699664210633422823e-02
7.050580152118431088e-02
7.198210195890655805e-02
7.568513950862795769e-02
7.243539407861811219e-02
6.967153712768722751e-02
6.625598706778410008e-02
6.306968149886543751e-02
6.387662891485969274e-02
6.531627633613193429e-02
6.571519728682212458e-02
6.384506019104591035e-02
6.265138625893598712e-02
6.331233889547738247e-02
6.453953094668678225e-02
6.450676960848826524e-02
6.299977007392335016e-02
6.205833663884190166e-02
6.243535341771420250e-02
6.300412767295177074e-02
6.283361370386686406e-02
6.221983685922609364e-02
6.216008358576605858e-02
6.258544308534155776e-02
1.695268536227979572e-01
6.629352221160797476e-02
6.856189491366929123e-02
6.795082810239615190e-02
6.773733482323197885e-02
6.863278702228654826e-02
6.814809652352543656e-02
6.730407846025032725e-02
6.763038226269382780e-02
6.780280109364361651e-02
6.724155758385962078e-02
6.684325718371197933e-02
6.651349987714227918e-02
6.606410867382320196e-02
6.578672349176786782e-02
6.604740799976033250e-02
6.588404446150618321e-02
6.536486244701876502e-02
6.509536567179854960e-02
6.507159479220342435e-02
6.494151090006877736e-02
6.470109637327879637e-02
6.565586910749775240e-02
6.398558850751051574e-02
6.378076373700611312e-02
6.371963951701775652e-02
6.352297860498185011e-02
6.330301630412601965e-02
6.317006581034539936e-02
6.309513856912658814e-02
6.292546678443118602e-02
6.278963741501875084e-02
6.267447140877747958e-02
6.250650418554097587e-02
6.238369734022759794e-02
6.232523606462587323e-02
6.223984408725352635e-02
6.208509557314931260e-02
6.198768682937326469e-02
6.193871176792826311e-02
6.187351286006394224e-02
6.178430063648725212e-02
6.170893890489258238e-02
6.283539700823069507e-02
6.155471638749039631e-02
6.149851828981769963e-02
6.146307760990093322e-02
6.140268732455474859e-02
6.132919397537824058e-02
6.127860114467900687e-02
6.124848543993618305e-02
6.120358687601573644e-02
6.115430512251510131e-02
6.111043919844193206e-02
6.106604733050638445e-02
6.101987976065215147e-02
6.098171260146145745e-02
6.094816900635217916e-02
6.091002524492667575e-02
6.086985207002777037e-02
6.083620014317231428e-02
6.080493416578663241e-02
6.077365009920600997e-02
6.074547404560184938e-02
6.072415759965674870e-02
6.070426809659214273e-02
6.068867504445032979e-02
6.068388764542116676e-02
6.069489431626691467e-02
6.072332587985572461e-02
6.078136307050477360e-02
6.088410393501840490e-02
6.105526036806896428e-02
6.254104647511547765e-02
6.176359299206896081e-02
6.243487996775309856e-02
6.347762687595280562e-02
6.501199187900937038e-02
6.729376019790722641e-02
7.038865553338415071e-02
7.451621222975533809e-02
7.906345278890533623e-02
8.348352788527252377e-02
8.555207088261726489e-02
8.414344840511833734e-02
7.837809334839410114e-02
7.048861081420126906e-02
6.367606738625157525e-02
6.054990781714308240e-02
6.146130880207083258e-02
6.479483436711003241e-02
6.810658949573981935e-02
7.042962728393938054e-02
6.767530410489988602e-02
6.444179682999465197e-02
6.149402671396275027e-02
6.024689969251983968e-02
6.086144539079567373e-02
6.242895173971274581e-02
6.368806578897287518e-02
6.376365444722933984e-02
6.271376364806502401e-02
6.120097536586180387e-02
6.009674781329549936e-02
5.982755792749491069e-02
6.028912627485079334e-02
6.100315100108092553e-02
6.144277120718523444e-02
7.359091321175445510e-02
6.095688347195268864e-02
6.039292451371623682e-02
5.987991716988209229e-02
5.966251558315808362e-02
5.974092533820073159e-02
5.998261513006898638e-02
6.018930942924005656e-02
6.020641815049136703e-02
6.002217876489203408e-02
5.971828186502677049e-02
5.944889841456118401e-02
5.930885901988001280e-02
5.932498130319839580e-02
6.061629676922011822e-02
5.954810853111815183e-02
5.958641988235029857e-02
5.951537250090224718e-02
5.937039244853258707e-02
5.921176670696357697e-02
5.909891822243647230e-02
5.905541493211480253e-02
5.906981033347562943e-02
5.911049988352558987e-02
5.913861356686458959e-02
5.913338059082148129e-02
5.908847380803980420e-02
5.901928050187244673e-02
5.894336515598208592e-02
5.887965406556368297e-02
5.883716702293095846e-02
5.881594101913343448e-02
5.880890128205984446e-02
5.880545589482737145e-02
5.994927026455284386e-02
5.878392469642365614e-02
5.876029707586082063e-02
5.872744921661059853e-02
5.869052114854252100e-02
5.865345097928692519e-02
5.861958390616776871e-02
5.859028233236091704e-02
5.856622224759400197e-02
5.854601047768484556e-02
5.852819358044236003e-02
5.851104263253015247e-02
5.849388588785250920e-02
5.847574728594246568e-02
5.845711617637661117e-02
5.843826549049711133e-02
5.842046320327392434e-02
5.840528435193841073e-02
5.839638175339530862e-02
5.839643337540638413e-02
5.841394515016484768e-02
5.958459391168856312e-02
5.855194271637265135e-02
5.870808057316415085e-02
5.901561514280011245e-02
5.946101926555405481e-02
6.037571069122495138e-02
6.150537680290583953e-02
6.396312176638208058e-02
6.598450335219116503e-02
7.056444134586831174e-02
7.080507303428482113e-02
7.262392646718562883e-02
6.798621749556751914e-02
6.443828616576201263e-02
6.184496126985829234e-02
6.161575118520327965e-02
6.243367273423267028e-02
6.198871684363910228e-02
6.047434458472956964e-02
5.979458214185218862e-02
5.881140022077916557e-02
6.047368752400103520e-02
6.153032581555112346e-02
6.094368554505298630e-02
5.938980254982359486e-02
5.854251494719110716e-02
5.874862223784958759e-02
5.896876393395505261e-02
5.868375915118015373e-02
5.820801099334518836e-02
5.829726860847193187e-02
5.881818047887888562e-02
5.898485783545978633e-02
5.857320780747883593e-02
5.794443879368801203e-02
5.770904425000143723e-02
5.786931029255746456e-02
5.800356287168269287e-02
5.791153602390569644e-02
5.882205921176493491e-02
5.774311746049495125e-02
5.788221817220531168e-02
5.791982337612110870e-02
5.775626216558964882e-02
5.751235621458196390e-02
5.738791666817508880e-02
5.742156818735004442e-02
5.748825243374083849e-02
5.748386653430741233e-02
5.741226228207271798e-02
5.735698359506456734e-02
5.735622543351764913e-02
5.736936265594715090e-02
5.733991594911751893e-02
5.725433050183115907e-02
5.716545137274509081e-02
5.711873419070515046e-02
5.817465909270767843e-02
5.713421953698229194e-02
5.713048038794699829e-02
5.710292110801336307e-02
5.706796887267061996e-02
5.704364457803732386e-02
5.702826962517980325e-02
5.700917750052763439e-02
5.697645482707472397e-02
5.693244143889504560e-02
5.688971452428950859e-02
5.685874489103006496e-02
5.684128163025974068e-02
5.683112753557603702e-02
5.681938308375637792e-02
5.680117766072106944e-02
5.677761878455925282e-02
5.675339756967186927e-02
7.051186825383848333e-02
5.677512111209929990e-02
5.683278902916777398e-02
5.685824079431914257e-02
5.684051811856235398e-02
5.677826471256903346e-02
5.671954827139320116e-02
5.669181959445507291e-02
5.670382764175954660e-02
5.673388103013626838e-02
5.678832561203607521e-02
5.685450841623335139e-02
5.694434122123281927e-02
5.709930587457060641e-02
5.736104318891791648e-02
5.779040504343948420e-02
5.847189459105252285e-02
6.048885349993164684e-02
6.101189658386767245e-02
6.317429762640215662e-02
6.631126938190212705e-02
7.021635495016428918e-02
7.501552611418590977e-02
8.007136082475407868e-02
8.172561991384115487e-02
8.025048550719450502e-02
7.504732181198892071e-02
6.719874530742675489e-02
6.024988708843172225e-02
5.675101569626835041e-02
5.733646820438915298e-02
6.056931249775050763e-02
6.400054743302191484e-02
6.559588554452530640e-02
6.431936111852257221e-02
6.119347639899662405e-02
5.798401076371709206e-02
5.632264551946483677e-02
5.661749383590779228e-02
5.814573421340678977e-02
5.967778857564635941e-02
6.017373661415240799e-02
5.943549710455551388e-02
5.796399354331097098e-02
5.661292367167075623e-02
5.599107633203813383e-02
5.618779032051006428e-02
5.685043239853453112e-02
5.840139725387271524e-02
5.760894788752086992e-02
5.726750522166396129e-02
5.665646988993994215e-02
5.610346011962211166e-02
5.583554465431718461e-02
5.589925666020788969e-02
5.614332620035240168e-02
5.636677081184884863e-02
5.641299769873063530e-02
5.625865879768675304e-02
5.597926427849977266e-02
5.571017193208845780e-02
5.555325943808280681e-02
5.553963332265657998e-02
5.562843814947016768e-02
5.669046531294825997e-02
5.581052192698195830e-02
5.579781051343482567e-02
5.571218057807542090e-02
5.559203022292177887e-02
5.548761507986217645e-02
5.542879415191982739e-02
5.542714848277759815e-02
5.546489479201491268e-02
5.552181638086424453e-02
5.556952485286213023e-02
5.561039235143470233e-02
5.563532573005211535e-02
5.569413213984582278e-02
5.669534559245469757e-02
5.598303950989540895e-02
5.624467343427563826e-02
5.678727214624420400e-02
5.733155948394056539e-02
7.136126431119857449e-02
5.976991427552264674e-02
6.222797531333231630e-02
6.247263270349569242e-02
6.321182110972962953e-02
6.059571133920651359e-02
5.838127746843253807e-02
5.647889310430317944e-02
5.601804011881535150e-02
5.656845571402228240e-02
5.710405915091486262e-02
5.708102938151717737e-02
5.705977725793200117e-02
5.546820520178651071e-02
5.641456638381351502e-02
5.616358075311501941e-02
5.664131607682887370e-02
5.640952161429841488e-02
5.572917616619791487e-02
5.514824874714100572e-02
5.505041142288952943e-02
5.528046888413802595e-02
5.540680198734050654e-02
5.528978668070718555e-02
5.502834579060598974e-02
5.491311396406462625e-02
5.501472472777352296e-02
5.515811991859113916e-02
5.516685452447066262e-02
5.497306154772252373e-02
5.475125389184534730e-02
5.463830655320878887e-02
5.466790433032728269e-02
5.474314457716691895e-02
5.474983619326915379e-02
5.467543111629624697e-02
5.457005764929197950e-02
5.451181197736840178e-02
5.451888073724365374e-02
5.454896020925929095e-02
5.541751239422273295e-02
5.450209879897542631e-02
5.442823705407635881e-02
5.436429292350792447e-02
5.433745600066110237e-02
5.434158232953805595e-02
5.434833938544821746e-02
5.433725822102306036e-02
5.430195865653662107e-02
5.425572466499380131e-02
5.421591890635039240e-02
5.504400039802176403e-02
5.418396168896716381e-02
5.417687695460168124e-02
5.416215746874441378e-02
5.413660276408627930e-02
5.410566109755025888e-02
5.407526350560664524e-02
5.404982564960333219e-02
5.403044688411788588e-02
5.401520674141777750e-02
5.400012108929617277e-02
5.398269712640035162e-02
5.396286622324933391e-02
5.394134252301809734e-02
5.391981499504345382e-02
5.473765481194588223e-02
5.388427571495355006e-02
5.387081014982945254e-02
5.385797875476139307e-02
5.384572003020577508e-02
5.383364926683044394e-02
5.382193731572465500e-02
5.381163661555721234e-02
5.380403950925567724e-02
5.380045330304789042e-02
5.380345914211791258e-02
5.381593438713716537e-02
5.384173335773575347e-02
5.388769384743078567e-02
5.478894521104391013e-02
5.408721112955326704e-02
5.427853332935544256e-02
5.457382038435440452e-02
5.503002798450631200e-02
5.572270704158700794e-02
5.678412579930636889e-02
5.833671954330729020e-02
6.066987310134219769e-02
6.371129397712421705e-02
6.793436618974425800e-02
7.180944161219869615e-02
7.662162554393901759e-02
7.548871331081731528e-02
7.267612833222943103e-02
6.551336065645996243e-02
5.864901882294866475e-02
5.453357540652386398e-02
5.438241768231320133e-02
5.708861013714963684e-02
5.965921936887748356e-02
6.071267233531187080e-02
5.913525571109294610e-02
5.763179837492185542e-02
5.542712043871611538e-02
5.520426215453624885e-02
5.561525095872558999e-02
5.540824075615018163e-02
5.495789892025642470e-02
5.464164997846064631e-02
5.493829959327982404e-02
5.547996506584919330e-02
5.546277844234203530e-02
5.479832756712382097e-02
5.376287103063425582e-02
5.321941081615921137e-02
5.343343578686165357e-02
5.477095255561968690e-02
5.434927047389130628e-02
5.415044471755293964e-02
5.371813957878285306e-02
5.339787159304851955e-02
5.336269438452042463e-02
5.345783839792330600e-02
5.342911415695212468e-02
5.326864000467351062e-02
5.308441921724304374e-02
5.304694012448358392e-02
5.316379491221617792e-02
5.329182761560543463e-02
5.330103984664780886e-02
5.391404399464883729e-02
5.295866787412301796e-02
5.283276615305172036e-02
5.282728145711269863e-02
5.289885871501467940e-02
5.296571808599422060e-02
5.298555005809483381e-02
5.295694767969021111e-02
5.366290400934535521e-02
5.293742958401881360e-02
5.299319534458835079e-02
5.307693227703066258e-02
5.316852361469678184e-02
5.327362346640252683e-02
5.340072082504294937e-02
5.359263874815512613e-02
5.385443671052163317e-02
5.420892323961537529e-02
5.461832860649873389e-02
5.509110410831973698e-02
5.626901799057600073e-02
5.602605133334223608e-02
5.637890533015937899e-02
5.661526673291199241e-02
5.659688213876207935e-02
5.639395651979392521e-02
5.595067421549385772e-02
5.540789823919846369e-02
5.478971911612732365e-02
5.421438468727364512e-02
5.369976681367250038e-02
5.328543606585874753e-02
6.650630488291361941e-02
5.277702882507134124e-02
5.272731903762662570e-02
5.346324178541482508e-02
5.279649135215955247e-02
5.349092003514042959e-02
5.278822195776257387e-02
5.276988283602841723e-02
5.278330558967554015e-02
5.282715070852704586e-02
5.290411748414024923e-02
5.297664419233009958e-02
5.301416380167506964e-02
5.299834052285713054e-02
5.291829820355187231e-02
5.279229278836034683e-02
5.263481158196442466e-02
5.246438870708329538e-02
5.231676559057604758e-02
5.219234584397116489e-02
5.209936714547673542e-02
5.203378924992896337e-02
5.198650304392903043e-02
5.195188328122143234e-02
5.192475627123332299e-02
5.189820864147050988e-02
5.187089112107997474e-02
5.253928940098338135e-02
5.250371360713139424e-02
5.178980620743312002e-02
5.176341532934906897e-02
5.173462758393685551e-02
5.170873002456478906e-02
5.168652769815140768e-02
5.166629236810899028e-02
5.164892983496815332e-02
5.163326418886803049e-02
5.162095480029780387e-02
5.161265155943454974e-02
5.160798879021545604e-02
5.160776853003953141e-02
5.161294163183871575e-02
5.162521902036983079e-02
5.164714998778290045e-02
5.168142137402541997e-02
5.173418064764757213e-02
5.247559321309941405e-02
5.193063522453289504e-02
5.209866532075504986e-02
5.234060517382660427e-02
5.267818016881064408e-02
5.316639331798489465e-02
5.448241606590402408e-02
5.481261890427503725e-02
5.610128533121734595e-02
5.789416314176229483e-02
6.004919052076834740e-02
6.280923093167516125e-02
6.601747301454566341e-02
6.798870165140577515e-02
6.869435815613508800e-02
6.790348032744228379e-02
6.427866619629959977e-02
5.964153306577301555e-02
5.510409145138626952e-02
5.236267427116363116e-02
5.191450198770276858e-02
5.316521649261066185e-02
5.519204080465620749e-02
5.610664886645563149e-02
5.604611527736080151e-02
5.455315632195208153e-02
5.295378654473363589e-02
5.196677474019129744e-02
5.194586137427778527e-02
5.263355154626613713e-02
5.374305193651421342e-02
5.330781784132793827e-02
5.327341379751453221e-02
5.199312549874511580e-02
5.154989837722050855e-02
5.152911648789101212e-02
5.173775416882681055e-02
5.184347136988261273e-02
5.171202722663333778e-02
5.133846392451480584e-02
5.101660124474392127e-02
5.090932250787275765e-02
5.103256391967360417e-02
5.123882634530602803e-02
5.134317826698851783e-02
5.127758057723110635e-02
5.107760007432486649e-02
5.087612363494256607e-02
5.077021378046724098e-02
5.077756056929849660e-02
5.145839715327159281e-02
5.090420388848300448e-02
5.091641188200270174e-02
5.086212562267550252e-02
5.079426064845296573e-02
5.073899758310258801e-02
5.130646923543021737e-02
5.071310266629580621e-02
5.071435903197551304e-02
5.070462363522511978e-02
5.068358138822909309e-02
5.066370722780028785e-02
5.065643815730885846e-02
5.067217291303442034e-02
5.071418829258858563e-02
5.077983581900415155e-02
5.087481345422889545e-02
1.659349845461104145e-01
5.759644372260670775e-02
6.401967701505120734e-02
6.745566598386903978e-02
6.890597544544529995e-02
8.902676240265872121e-02
7.950402812033188771e-02
8.031235339923514793e-02
7.599270902859923960e-02
7.135434371456171598e-02
6.489162486033740740e-02
5.965918724730152195e-02
5.815385034219815175e-02
6.021818345232655967e-02
6.263782178826163283e-02
6.142692065381721161e-02
5.977034942392675521e-02
5.877692789306412230e-02
5.757651694786446173e-02
5.669636529989013907e-02
5.661318935284546938e-02
5.648939507769499407e-02
5.632980501015133479e-02
5.521534577227088514e-02
5.504218936795444994e-02
5.490627755365179441e-02
5.346923521273482666e-02
5.386151304758403369e-02
5.373017618857820615e-02
5.380291713036845086e-02
5.323658842537198205e-02
5.258629007772792213e-02
5.225239226995205544e-02
5.204420852158772592e-02
5.196115932439187429e-02
5.202874938053678178e-02
5.206894054326623861e-02
5.190241609351232965e-02
5.168210918468306436e-02
5.151444071680978676e-02
5.127622750605960456e-02
5.101171249467702923e-02
5.091282528955468067e-02
5.100718932283820201e-02
5.107888773702980167e-02
5.102051551878741820e-02
5.090251587678117084e-02
5.078875227917831886e-02
5.067291281549003712e-02
5.056360348018244105e-02
5.051455438178268503e-02
5.051008441402498467e-02
5.048392760205826918e-02
5.099785784727151050e-02
5.095590659792211680e-02
5.036033900586278644e-02
5.029249232423051164e-02
5.021871232953171310e-02
5.017301209473799123e-02
5.015563874079755069e-02
5.014257156916041014e-02
5.012844632722718297e-02
5.010805897492172367e-02
5.007326406721982620e-02
5.002414277470391968e-02
4.997986026149985050e-02
4.994910377486945496e-02
4.992561768608956563e-02
4.989872326621933030e-02
4.987020537690452227e-02
4.984694736185572850e-02
4.982663165962694651e-02
4.980230231844788580e-02
4.977488825682116480e-02
4.974863688442814763e-02
4.972187561393830862e-02
4.969419618258869714e-02
4.966786110913692931e-02
4.964614318006204535e-02
5.021362812729061181e-02
4.960912936664614581e-02
4.959030869752856924e-02
4.957143134518007810e-02
4.955203595920160131e-02
4.953055273182505047e-02
4.950703969437712793e-02
4.948397627008101901e-02
5.004217931322860191e-02
4.944412589782511830e-02
4.942503452856809171e-02
4.940553343972953898e-02
4.938678598619727911e-02
4.936839166690327324e-02
4.935017845894136557e-02
4.933273678163123399e-02
4.931638170244720398e-02
4.930093611843741619e-02
4.928660469514860309e-02
4.927436119147854399e-02
4.926571734075960163e-02
4.983955257090420116e-02
4.926959179074322931e-02
4.928800288837240778e-02
4.932466741814604816e-02
4.939296819535434618e-02
4.950857171921570210e-02
4.970093694198138290e-02
5.001099507481540640e-02
5.108138291096626232e-02
5.131873263364056248e-02
5.262065973187888407e-02
5.457087830006780022e-02
5.766763025263364761e-02
6.182244569655048760e-02
6.833996156903587860e-02
7.360289486664489678e-02
7.948665453168940465e-02
7.965524771765275514e-02
7.538334793110021415e-02
6.555954900580457378e-02
5.595765556723002188e-02
5.067456792779935493e-02
5.098844208627713315e-02
5.499762810160688242e-02
5.837012623661941291e-02
5.969126886746031757e-02
5.688465702543245295e-02
5.371980275024756946e-02
5.173313410170365945e-02
5.124808426143556694e-02
5.183075606476254815e-02
5.211970347056382735e-02
5.213034257735068427e-02
5.199769973570537301e-02
5.225245565562319089e-02
5.126085074118631041e-02
5.041269975217110844e-02
4.977310636434059687e-02
4.960980102374827616e-02
5.001590392127837348e-02
5.051980623002338272e-02
5.050842617121323319e-02
4.996603329351548273e-02
4.921634301837564396e-02
4.883811583817963820e-02
4.897322897187839086e-02
4.934566587924620745e-02
4.955308864572929850e-02
4.990297823546142181e-02
4.900177069972219690e-02
4.922332067011447876e-02
4.864478189465502866e-02
4.875965531270134989e-02
4.886544323863054040e-02
4.885394383046984257e-02
4.872260029751890320e-02
4.857545145719653623e-02
4.848967709514505342e-02
4.847190568390419285e-02
4.848068930131878979e-02
4.846830435924465857e-02
4.843054783744720621e-02
4.838331413511867685e-02
4.834806883370700720e-02
4.883099853457738282e-02
4.880361753840289918e-02
4.827449400559505333e-02
4.823251924800731755e-02
4.819375753930817130e-02
4.816892060652550045e-02
4.815964802799672234e-02
4.815781969894353254e-02
4.814964500907397554e-02
4.812698558564441897e-02
4.809151091368632502e-02
4.805321047200669660e-02
4.802012386927990290e-02
4.799846167310734685e-02
4.798763460791007074e-02
4.798156333178902472e-02
4.845933639916610164e-02
4.844053128519083123e-02
4.794205984835503420e-02
4.791921389818723509e-02
4.789416079737116028e-02
4.787071566456274629e-02
4.785112887403991655e-02
4.783523519395915108e-02
4.782176366165934167e-02
4.780937630117965131e-02
4.779681959571948496e-02
4.778305649423018886e-02
4.776732281085621645e-02
4.774976086341742310e-02
4.773093643315980128e-02
4.771165144989939627e-02
4.816257823612998812e-02
4.814016016214163474e-02
4.766044503332442922e-02
4.764634836335344958e-02
4.763217882399925496e-02
4.761860334161000657e-02
4.760522796691457614e-02
6.151894961860189526e-02
4.764307941845594141e-02
4.771137395058931696e-02
4.777481096514412523e-02
4.784247441292409364e-02
4.786458705453842943e-02
4.788832739550715617e-02
4.831032174453912809e-02
4.782822561972559922e-02
4.777036770099064855e-02
4.771148324281123537e-02
4.764360736246742167e-02
4.758022982188547800e-02
4.806326171434818079e-02
4.758381309609506504e-02
4.754641588566976829e-02
4.751751780194782282e-02
4.749430793676285428e-02
4.748166683788518361e-02
4.789885151813155079e-02
4.746300333342442362e-02
4.745946906466308457e-02
4.745475396594562439e-02
4.745406981970956561e-02
4.745344666755537538e-02
4.745280973055474028e-02
4.745514705596667882e-02
4.746411625572748150e-02
4.789845820612195770e-02
4.792507799025172432e-02
4.754785134409116737e-02
4.762445092714898132e-02
4.771817273206037380e-02
4.789140341965101438e-02
4.809395350800959451e-02
4.847822598583750864e-02
4.888045712687076605e-02
4.966773249412022306e-02
5.032911070356371058e-02
5.171368113935191635e-02
5.236600320473049075e-02
5.394569846733698881e-02
5.402076801704464720e-02
5.386599477489888849e-02
5.208441337581871944e-02
5.113978458992887721e-02
4.935969032696339159e-02
4.929339597188239774e-02
4.940484306814545146e-02
5.051314259788945715e-02
5.172709674749255415e-02
5.236567268357582988e-02
5.253624203014477939e-02
5.232026514529307393e-02
5.237251226278684391e-02
5.320940445717093487e-02
5.368070308283606762e-02
5.468220290850342447e-02
5.434137261714712397e-02
5.362822675133840922e-02
5.243445998844140088e-02
5.109862210062995902e-02
5.000811384170479601e-02
4.911935115992006884e-02
4.841837198841578843e-02
4.776136822203188442e-02
4.726398283892500191e-02
4.700709652438849612e-02
4.709402603519861896e-02
4.746441624739033971e-02
4.829641226739642135e-02
4.833791125369062136e-02
4.885136092912215067e-02
4.844565673231378267e-02
4.822134179788750002e-02
4.795641623147269689e-02
4.770920292218663178e-02
4.751832226402691317e-02
4.736585881819002641e-02
4.722998083736563990e-02
4.711703815184941496e-02
4.702580860726195133e-02
4.697817188028893809e-02
4.732319628077926582e-02
4.734218068184208039e-02
4.735068106665540205e-02
4.700060229361080477e-02
4.694467347768546683e-02
4.685232284339731906e-02
4.673784675208233347e-02
4.662651190936004109e-02
4.653517565969395031e-02
4.647347482948936681e-02
4.643997134398389348e-02
4.642858966766252177e-02
4.642918025565132695e-02
4.643326813407082365e-02
4.643377481910785504e-02
4.643091255608818024e-02
4.642328026566572285e-02
4.674830543206220934e-02
4.673875576343997085e-02
4.672824625976300383e-02
4.640767450404460759e-02
4.641671851917354014e-02
4.643397043259472889e-02
4.646310076944549367e-02
4.651009471755172819e-02
4.658055659522875730e-02
4.668853880970599834e-02
4.684673501754361979e-02
4.708476776348634318e-02
4.742704470761056196e-02
4.793588207219645625e-02
4.895814571677686161e-02
4.968258405338582540e-02
5.137557047199630550e-02
5.296734834670694531e-02
5.558207867038288813e-02
5.799558224169392567e-02
6.060019877063899801e-02
6.236932238330239464e-02
6.263630297001823721e-02
6.036136846865362837e-02
5.660580210629356096e-02
5.180247424746247525e-02
4.848916233965877565e-02
4.647731113233856404e-02
4.686173418900026894e-02
4.857488723221456417e-02
5.049661011262315119e-02
5.185186385540519610e-02
5.130244175551772201e-02
5.014084253988498191e-02
4.799323695016419894e-02
4.680252464810266688e-02
4.597616172443527022e-02
4.632141804372270910e-02
4.716226296823858299e-02
4.797017164427277297e-02
4.833663924400488643e-02
4.811967252216448054e-02
4.745551012922667733e-02
4.664805948450517770e-02
4.600668176483965754e-02
4.571450541655613931e-02
4.604821482501951502e-02
4.634311960252560092e-02
4.641447191034866332e-02
4.662529302042751900e-02
4.663173744841825341e-02
4.644246109361625796e-02
4.640158060058044431e-02
4.584930511290609412e-02
4.564070466734220649e-02
4.555861492266651686e-02
4.584202082758877250e-02
4.569245347063637802e-02
4.604451482713825539e-02
4.586725410269992115e-02
4.587118461148981252e-02
6.006099539519957342e-02
4.578508886005890760e-02
4.577258789885405021e-02
4.602039303208858151e-02
4.585467182717134493e-02
4.617069692540551329e-02
4.607678765157705719e-02
4.639898912719313262e-02
4.629323831754231927e-02
4.634291325599047828e-02
4.640449328803687018e-02
4.637426976083752761e-02
4.637641789330994302e-02
4.632000275533980360e-02
4.632666123496964605e-02
4.655043840968015739e-02
4.640360582378219578e-02
4.673904122679837375e-02
4.671499763309648612e-02
4.717451639803096897e-02
4.728598249230887840e-02
4.786394563948756509e-02
4.810023315887151929e-02
4.874256979098913478e-02
4.900410088445207590e-02
4.953404736030542210e-02
4.958446453169222667e-02
4.956308011922677670e-02
4.935297489869164278e-02
4.886557852779109534e-02
4.825806541772820202e-02
4.755565733413057161e-02
4.691289587618126949e-02
4.637560758182176363e-02
4.600284579265430385e-02
4.578080579938347688e-02
4.569348666428491718e-02
4.569538067208508969e-02
4.597367505954018385e-02
4.608580500550311931e-02
4.627388770855146022e-02
4.647073891469911261e-02
4.683696980593505393e-02
4.699515591099035633e-02
4.768418360331863615e-02
4.816662996798656837e-02
4.918889130727103348e-02
4.950846055396000006e-02
5.041491280261777702e-02
4.991497410830787046e-02
4.976340408449482500e-02
4.848293074440689771e-02
4.710500733217861530e-02
4.596512411217242022e-02
4.501644485615570457e-02
4.500044082094684789e-02
4.512134899539563260e-02
4.581999165694548848e-02
4.600754847650070922e-02
4.614341626424772053e-02
4.599294618786473055e-02
4.541145840525480371e-02
4.500849846504349078e-02
4.482411403290863239e-02
4.503749380913380645e-02
4.522705896724750485e-02
4.526457078625679975e-02
4.547710187737783599e-02
4.525539860511557100e-02
4.506543077324451363e-02
4.488127358037022341e-02
4.476555547307074778e-02
4.475683896295619413e-02
4.498727842836397484e-02
4.495272629279227494e-02
4.521088385186959602e-02
4.511894657204029019e-02
4.529113257212764865e-02
4.514429371932747459e-02
4.531280119177029386e-02
4.524665046148376030e-02
4.554103149392994820e-02
4.564669319190052532e-02
4.611993987747325247e-02
4.642549871233782322e-02
4.710109890299297997e-02
4.765270702987092766e-02
4.859405197157636719e-02
4.947348571174955273e-02
5.072575168227438230e-02
5.190758664347169815e-02
5.325550866805478512e-02
5.428800551438570099e-02
5.498308613891122326e-02
5.488647100561569458e-02
5.401741919605328179e-02
5.222478800592426917e-02
5.005639942395023051e-02
4.765747872585759937e-02
4.576023783230972336e-02
4.459146450770383463e-02
4.421930962278629307e-02
4.451476085312527919e-02
4.522271533828807477e-02
4.616071560393777973e-02
4.673838794034157473e-02
4.721204801565013348e-02
4.708353592499071177e-02
4.680584051499215442e-02
4.619012957281032339e-02
4.548181452868714503e-02
4.485399492404194138e-02
4.440428482077586614e-02
4.417936723154859691e-02
4.416304138344376295e-02
4.429886036743724970e-02
4.441762296710580205e-02
4.463976311459524199e-02
4.481341380915336570e-02
4.489910992226139874e-02
4.489373598099521273e-02
4.479922173535658136e-02
4.464729079150242530e-02
4.455608421563359012e-02
4.427709380983515380e-02
4.420795437969271546e-02
4.408100421022856374e-02
4.399598165522944360e-02
4.395178046570208386e-02
4.394183556493528459e-02
4.395744708161496150e-02
4.390382429978244988e-02
4.403190488479204190e-02
4.399698183676346158e-02
4.413461168433304577e-02
4.412041362070912021e-02
4.429933759810741195e-02
4.436614776289327100e-02
4.471967848786454619e-02
4.513642474004139760e-02
4.600383115956331592e-02
4.716592217953360922e-02
6.418579876303548426e-02
5.317896010376599314e-02
6.016330112510503286e-02
5.999859298492913467e-02
6.030745127150421991e-02
5.217039925034985121e-02
4.617573297964306517e-02
4.468823160943931339e-02
4.734536648630215117e-02
5.085863250548094960e-02
4.988378243683499330e-02
4.665320651604723534e-02
4.428853927186474082e-02
4.502857177099021946e-02
4.715970459374235757e-02
4.738917959560592225e-02
4.575106396337454140e-02
4.429628682015379626e-02
4.441270396156463129e-02
4.563244909482863654e-02
4.590533644811743003e-02
4.494442507920495822e-02
4.389807418481740664e-02
4.397631298897451690e-02
4.462971278576170070e-02
4.491231436575163910e-02
4.432321259326171825e-02
4.367305809780591686e-02
4.371352618631014347e-02
4.419058575196915806e-02
4.432050350238446457e-02
4.391058255915636366e-02
4.351093585569586197e-02
4.356302361840277970e-02
4.385644485110744284e-02
4.391587803193252454e-02
4.365158809191534844e-02
4.341195987417066637e-02
4.344275901490597669e-02
4.360366413745901670e-02
4.363682540437201218e-02
4.350446383132162975e-02
4.336632518632682620e-02
4.335277977414113415e-02
4.341858635490870172e-02
4.345025002999153285e-02
4.340782978104755496e-02
4.333488693297078698e-02
4.329515565444568004e-02
4.330449148987127600e-02
4.333586656250677793e-02
4.335214683120777734e-02
4.333708888676404691e-02
4.331428742011045330e-02
4.332059850041624499e-02
4.337549487985162266e-02
4.346195995763814379e-02
4.355479401950469731e-02
4.365958835946249367e-02
4.381421630966108455e-02
4.406352119426926867e-02
4.444251962907148912e-02
4.495681889550506155e-02
4.565606927281792848e-02
4.657384006931247072e-02
4.782863735345317668e-02
4.938960933414748150e-02
5.133246282081534162e-02
5.331384230597960988e-02
5.524395414445741614e-02
5.627851884032328278e-02
5.631677581033515262e-02
5.468277640303016024e-02
5.205735483306175859e-02
4.899823287060288413e-02
4.666175422093421510e-02
4.567662025630940537e-02
4.621850789772970203e-02
4.772108206324825186e-02
4.943995283335250041e-02
5.015491970943890265e-02
4.954108959465236550e-02
4.752812445108778316e-02
4.518131680621255419e-02
4.347316742477279339e-02
4.296895173147288055e-02
4.352139439126764126e-02
4.450448204035284405e-02
4.526105219494613863e-02
4.533385689117769984e-02
4.479272423340098508e-02
4.396220058190516977e-02
4.329158550808372141e-02
4.301765276222296874e-02
4.311559229697034534e-02
4.338189565316680207e-02
4.356929301700849383e-02
4.356683955928886826e-02
4.338605434582479270e-02
4.315144754170723018e-02
4.296615285259568900e-02
4.288274414283018560e-02
4.287475044780851563e-02
4.288032847032289402e-02
4.286429698568066521e-02
4.281421832792046966e-02
4.275687148988287917e-02
4.270996954638983656e-02
4.268536934916952741e-02
4.266882782172697064e-02
4.264691274122035802e-02
4.261032564678302048e-02
4.256005655990576647e-02
4.251064992886244287e-02
4.247330879831319461e-02
4.245637287298070772e-02
4.245600488569797881e-02
4.246376733529574204e-02
4.246505778729389030e-02
4.245175252023168644e-02
4.242125675954155212e-02
4.237947468948731478e-02
4.233760108418993529e-02
4.230542181727346696e-02
4.228857079559382448e-02
4.228549317288562981e-02
4.229035395162022981e-02
4.229467149769036705e-02
4.229395520642930534e-02
4.228571721100213288e-02
4.227300710110697135e-02
4.225944910636289520e-02
4.224985441907534722e-02
4.224769562044920074e-02
4.225558313108174896e-02
4.227605917093184285e-02
4.231196140173612563e-02
4.236926791811340687e-02
4.245604106000389066e-02
4.258776441583586592e-02
4.278344659221137297e-02
4.307807354603976346e-02
4.351118962197311757e-02
4.415722227353772317e-02
4.509130430833097752e-02
4.645524708424566412e-02
4.835236267980073249e-02
1.580804450472246048e+00
1.127751318604312658e+00
1.050605714817311576e+00
1.049171293725989607e+00
9.753850150774397987e-01
1.476034921114199872e+00
5.887890294617501574e-01
5.398490228315274697e-01
5.255877856651866020e-01
5.537745968951808262e-01
5.216742596979415669e-01
4.999248564368479197e-01
5.652626374912681495e-01
4.678604917203665892e-01
4.822301214846397288e-01
3.415635743560593296e-01
3.496869206684574127e-01
2.977650329173661126e-01
3.077117150588268291e-01
2.867680436567424662e-01
2.773749646631272214e-01
2.545886528128423754e-01
2.209540720557847671e-01
2.260914203024636804e-01
1.972846156260720796e-01
1.990867443245778468e-01
1.717002845906281105e-01
1.779112981589074938e-01
1.612568779392762885e-01
1.538305625735580939e-01
1.347411837324272721e-01
1.322593254240280181e-01
1.259709632885964714e-01
2.303208654984429116e-01
1.241903685080937569e-01
1.178385662006198875e-01
1.151501458232689068e-01
1.088223665768131704e-01
1.019548714279647772e-01
9.849202571307404119e-02
9.932271552312524343e-02
9.344806437757077755e-02
9.395844498123945288e-02
8.790773321219706726e-02
8.597852234739292165e-02
8.487878698780210174e-02
8.201559714566113157e-02
8.053686579312042959e-02
8.028802811582727572e-02
7.849590288819680017e-02
7.724999960110970343e-02
7.618181986320199384e-02
7.391370144752842930e-02
7.366990072504232823e-02
7.220008819484502460e-02
7.186645321672194275e-02
7.026556002052822270e-02
6.944319658933813255e-02
6.860597176653011886e-02
6.786023725295270426e-02
6.687970789163541485e-02
6.646664901667227732e-02
6.564943163696149164e-02
6.541609776463383485e-02
6.500472916498825637e-02
6.413703636197354285e-02
6.363538010781985554e-02
6.287746488484369234e-02
6.271768664496270296e-02
6.230564267467231243e-02
6.197764501586981722e-02
6.147948255390797007e-02
6.126225774898860776e-02
6.075291943444043746e-02
6.053958663471351725e-02
6.021703677275015015e-02
5.993445620245111544e-02
5.976948313182262745e-02
5.947116873298016748e-02
5.925626647738344716e-02
5.899003903997910442e-02
5.878533448329685551e-02
5.855656292197167212e-02
5.846911457214192670e-02
5.825398976698950571e-02
5.811866723605120522e-02
5.791974036865238373e-02
5.775819048761821062e-02
5.760505141280394120e-02
5.746742744542489290e-02
5.732598735528898065e-02
5.719253669923117511e-02
5.707066930343958344e-02
5.693763777879096155e-02
5.683099709528933313e-02
5.669631478671860458e-02
5.659568516907536456e-02
5.648209629776757695e-02
5.638720070241305671e-02
5.628129544682402424e-02
5.617915471881720219e-02
5.607822874190991624e-02
5.598550425473224762e-02
5.589316746073033637e-02
5.580614092392687658e-02
5.572163421967656072e-02
5.563515290045729922e-02
5.555251934070545156e-02
5.546938287231253928e-02
5.538982704759465303e-02
5.531386777282037981e-02
5.523630801844144067e-02
5.516289859651964111e-02
5.509093209361333454e-02
5.501934495706368305e-02
5.494968175561332907e-02
5.488072964883661253e-02
5.481356978421618453e-02
5.474798052551253791e-02
5.468417902962319221e-02
5.461924471180247542e-02
5.455828318176795394e-02
5.449630472406878645e-02
5.443623479345394145e-02
5.437703219520372000e-02
5.431924984201863538e-02
5.426182235486753935e-02
5.420620912832670169e-02
5.415034791456627139e-02
5.409561862027199852e-02
5.404210415619747909e-02
5.398912611209238238e-02
5.393737273795597836e-02
5.388596210056813274e-02
5.383537721833722700e-02
5.378547989326559753e-02
5.373672959264683135e-02
5.368812647925926690e-02
5.364065968874947438e-02
5.359358349496967655e-02
5.354726849803152777e-02
5.350152171474716056e-02
5.345643052721293920e-02
5.341182555850515490e-02
5.336797999651889113e-02
5.332461151101531432e-02
5.328185325015818985e-02
5.323965343609334683e-02
5.319789299456645359e-02
5.315668569787099923e-02
5.311602932040573183e-02
5.307585730227949022e-02
5.303616189026048172e-02
5.299696478452665949e-02
5.295817352708503956e-02
5.291988644316415746e-02
5.288201564385909548e-02
5.284456358529977110e-02
5.280753450367826896e-02
5.277092539750719707e-02
5.273469058412711546e-02
5.269887842136600220e-02
5.266342299167513924e-02
5.262833052688665331e-02
5.259359810825667975e-02
5.255922886058933541e-02
5.252519249492246939e-02
5.249150345656661276e-02
5.245812902534392058e-02
5.242507475975231868e-02
5.239233269345709709e-02
5.235989168264494620e-02
5.232774371907691902e-02
5.229588827466125078e-02
5.226430794132429225e-02
5.223300495553186845e-02
5.220196853254400332e-02
5.217119153194556963e-02
5.214066797982230134e-02
5.211039543502309079e-02
5.208036336180803250e-02
5.205056829556645170e-02
5.202100368123500906e-02
5.199166366830705599e-02
5.196254411923484362e-02
5.193363894440292117e-02
5.190494366084433264e-02
5.187645299862794768e-02
5.184816389802758552e-02
5.182006902654430480e-02
5.179216710673979762e-02
5.176445112029824658e-02
5.173691976931822645e-02
5.170956672966157269e-02
5.168239049343817393e-02
5.165538535892572058e-02
5.162854965784131889e-02
5.160187910773664233e-02
5.157537150574632856e-02
5.154902308732363381e-02
5.152283176096375539e-02
5.149679439076670917e-02
5.147090894218660229e-02
5.079734476158491441e-02
5.076589985054891924e-02
5.073107812223481838e-02
5.069438585663956637e-02
5.065666721292524932e-02
5.061825642245654927e-02
5.057939730259428807e-02
5.054048007961105260e-02
5.050195632237705623e-02
5.046419429852790073e-02
5.042744082953414669e-02
5.039181584710986789e-02
5.035735362303174478e-02
5.032409526946556022e-02
5.029205637930064809e-02
5.026117565236280782e-02
5.023132871625264617e-02
6.748541964463064535e-02
5.022672819377561881e-02
5.023669508797876798e-02
5.023294725239715180e-02
5.020428808212258620e-02
5.016408148275713907e-02
5.013425290301298798e-02
5.009812680833952009e-02
5.007511463746001229e-02
5.004418539327792209e-02
5.001076797518273775e-02
4.998731404529392630e-02
4.995865715368220938e-02
4.993057755781142582e-02
4.990396114228520114e-02
4.987894114744127749e-02
4.985773127507926727e-02
4.983024913860284455e-02
4.980612203991680031e-02
4.977878387114532954e-02
4.975332208735317591e-02
4.973050000054791975e-02
4.970490575668291139e-02
4.967974385055200920e-02
4.965418838356705500e-02
4.963214713249944343e-02
4.961059467369635656e-02
4.958833095155731896e-02
4.956621578304425124e-02
4.954284371468219844e-02
4.951972992869251022e-02
4.949733626454358437e-02
4.947504342732170907e-02
4.945306513058212589e-02
4.943095839214584758e-02
4.940969696601062167e-02
4.938803749738678028e-02
4.936649194454061085e-02
4.934549428350308575e-02
4.932438318198158200e-02
4.930341120925889331e-02
4.928231461964301813e-02
4.926142640705482439e-02
4.924056065159256729e-02
4.921981332767432632e-02
4.919938733589547530e-02
4.917881898212345809e-02
4.915835228919949312e-02
4.913808446204777358e-02
4.911776849632411290e-02
4.909760778113503310e-02
4.907746545913903302e-02
4.905747311411578354e-02
4.903746628879694647e-02
4.901744238444359636e-02
4.899758655417746356e-02
4.897772478727296236e-02
4.895797448521761741e-02
4.893828963633785334e-02
4.891859476398191520e-02
4.889894976682591238e-02
4.887935315751851251e-02
4.885983055701111077e-02
4.884035803250567909e-02
4.882090448208759037e-02
4.880151456474435268e-02
4.878214171314809722e-02
4.876281265411232940e-02
4.874353648367474312e-02
4.872427069376939618e-02
4.870505356709822764e-02
4.868588069049069322e-02
4.866675351032645480e-02
4.864765874413591595e-02
4.862859872573498110e-02
4.860958146192989604e-02
4.859060125868257946e-02
4.857165620204932643e-02
4.855275660821040812e-02
4.853388797954984180e-02
4.851506276260299233e-02
4.849628126144654022e-02
4.847753947106660938e-02
4.845883904685668875e-02
4.844017792714551407e-02
4.842156295741005534e-02
4.840298939503641373e-02
4.838446133618919121e-02
4.836597894271011527e-02
4.834753970001245960e-02
4.832914622226663903e-02
4.831079867424095675e-02
4.829249551212175251e-02
4.827423933808314138e-02
4.825602893318330089e-02
4.823786662694709571e-02
4.821975012129288418e-02
4.820168065609749947e-02
4.818365850203217005e-02
4.816568180888906869e-02
4.814775168566067659e-02
4.812986783413395614e-02
4.811202883593709151e-02
4.809423537369581642e-02
4.807648678160973688e-02
4.805878284320631855e-02
4.804112283105345382e-02
4.802350568356770349e-02
4.800593100517282219e-02
4.798839760019471545e-02
4.797090504910826031e-02
4.795345291307527569e-02
4.793603988417882711e-02
4.791866514480642297e-02
4.790132780452032585e-02
4.788402671625530821e-02
4.786676125469755544e-02
4.784953034092807866e-02
4.783233301687794814e-02
4.781516818117808459e-02
4.779803484367057403e-02
6.468196565866868308e-02
4.782260585965426164e-02
4.784728911318202049e-02
4.784827692456963821e-02
4.783066294312167399e-02
4.779866380123640179e-02
4.777270254779424768e-02
4.775612391106283383e-02
4.773224180104905512e-02
4.770993309450365094e-02
4.768303163746431816e-02
4.766392981329136552e-02
4.764546278580474720e-02
4.762201837016702410e-02
4.760395779262980437e-02
4.758805979089657245e-02
4.756845935933031594e-02
4.754970050842025064e-02
4.752959645510826392e-02
4.750933224659993626e-02
4.749215425147586961e-02
4.747323839550538632e-02
4.745278937444807194e-02
4.743193747301097107e-02
4.741529336703011882e-02
4.739884820413507033e-02
4.738216836644512653e-02
4.736521469174720389e-02
4.734635506564494750e-02
4.732782299132318182e-02
4.731036499347121560e-02
4.729233571220483462e-02
4.727473607593608157e-02
4.725707179334928676e-02
4.723971209308205910e-02
4.722252303832472770e-02
4.720518951399139962e-02
4.718826992440519619e-02
4.717149843409130378e-02
4.715411739868165947e-02
4.713722969343183550e-02
4.712020885428981620e-02
4.710306616925829387e-02
4.708645720783678768e-02
4.706969667289658682e-02
4.705281871702750307e-02
4.703626809100711764e-02
4.701961114062917779e-02
4.700304959132025479e-02
4.698661255075906734e-02
4.697021329808286072e-02
4.695383906792156836e-02
4.693746581322190414e-02
4.692114284545718245e-02
4.690490279530544482e-02
4.688874134759710849e-02
4.687263687845098087e-02
4.685654992219044634e-02
4.684045475977564876e-02
4.682446875649554779e-02
4.680852611347383063e-02
4.679264677226045721e-02
4.677680457689377402e-02
4.676098917861899046e-02
4.674522176029576731e-02
4.672949776072411743e-02
4.671380505648053960e-02
4.669815287578544388e-02
4.668252417911376156e-02
4.666696534203493285e-02
4.665144476032814791e-02
4.663594534839560213e-02
4.662048829763303093e-02
4.660506871389569900e-02
4.658966735502102774e-02
4.657431163887237879e-02
4.655897725709176593e-02
4.654366384873465795e-02
4.652838942734218580e-02
4.651313692548439405e-02
4.649790348487683328e-02
4.648269518013746493e-02
4.646750645088273957e-02
4.645233726269457075e-02
4.643718919103741877e-02
4.642205721781119537e-02
4.640693976539393001e-02
4.639183669232799234e-02
4.637674620092070710e-02
4.636166541869958524e-02
4.634659377985752421e-02
4.633153234759951333e-02
4.631647811584519575e-02
4.630142998693090317e-02
4.628638901507251685e-02
4.627135082943630712e-02
4.625631558700261936e-02
4.624128357621046931e-02
4.622625208483999854e-02
4.621122078187130805e-02
4.619619020749385352e-02
4.618115894799126875e-02
4.616612717140488459e-02
4.615109453545215845e-02
4.613605968070325081e-02
4.612102290961340306e-02
4.610598424199733453e-02
4.609094379019082477e-02
4.607590197296684148e-02
4.606085871714401397e-02
4.604581422529303164e-02
4.603076910855855713e-02
4.601572405655573322e-02
4.600067998422593951e-02
4.598563757161774901e-02
4.597059765832985090e-02
4.595556140155370589e-02
4.594052984897305236e-02
4.592550415615063997e-02
4.591048575015971300e-02
4.589547585575824706e-02
4.588047595988305194e-02
4.586548756570515278e-02
4.585051205655841372e-02
4.583555103745753923e-02
4.582060615086101796e-02
4.580567887084783379e-02
4.579077071133999532e-02
4.577588318743282259e-02
4.576101775989509929e-02
6.244882446719215996e-02
4.579865133830411661e-02
4.583167461175600976e-02
4.582667324648394269e-02
4.580989234048633146e-02
4.578870004658968512e-02
4.575392970654010294e-02
4.574564449412253653e-02
4.572443345481978783e-02
4.569471676935280002e-02
4.567491776124736613e-02
4.566130887689776041e-02
4.563929366104538254e-02
4.562198883964239948e-02
4.560739192147469923e-02
4.559261885858038876e-02
4.557286743032176735e-02
4.555680397781385060e-02
4.553825614386445425e-02
4.552159248841987360e-02
4.550630864222694055e-02
4.548924729270617529e-02
4.546839362466401774e-02
4.545388420829778869e-02
4.544139180732095773e-02
4.542632125323171899e-02
4.541157598707069865e-02
4.539608413185643870e-02
4.537902572635014314e-02
4.536383113214972895e-02
4.534938773282646413e-02
4.533331909185595032e-02
4.531822622387434579e-02
4.530375765578506519e-02
4.528866495712464968e-02
4.527413568682971123e-02
4.525990398853275976e-02
4.524525710892042529e-02
4.523060360424778492e-02
4.521596405992942685e-02
4.520136774447498784e-02
4.518701685971102111e-02
4.517269922603677629e-02
4.513171082982528337e-02
4.511741100870866189e-02
4.510289049966640512e-02
4.508847429960286674e-02
4.507411580728875461e-02
4.505968143435894191e-02
4.504524320122779701e-02
4.503086571053075554e-02
4.501635785209252838e-02
4.500190270431735085e-02
4.498757285840400411e-02
4.497316595856045568e-02
4.495873479225703101e-02
4.494432664014572781e-02
4.492995069251106560e-02
4.491559812840480170e-02
4.490129322599938771e-02
4.488697775793481365e-02
4.487263572536893258e-02
4.485829645285342726e-02
4.484398540270024408e-02
4.482967306875549479e-02
4.481533245106161800e-02
4.480103471513292163e-02
4.478676141783724529e-02
4.477247852610162504e-02
4.475820571486424648e-02
4.474396899259133753e-02
4.472971969743468057e-02
4.471548581739312467e-02
4.470127177218339437e-02
4.468706206000172543e-02
4.467286120680397099e-02
4.465869066630535900e-02
4.464452730584552581e-02
4.463037863943890293e-02
4.461625066939597928e-02
4.460214687808483625e-02
4.458806398861548531e-02
4.457400595680095778e-02
1.546426234347131612e-01
4.848513180652878896e-02
5.034366593270429152e-02
4.994678858837989233e-02
5.021124927017158596e-02
4.986035125211008001e-02
4.980167538788910636e-02
5.047268266179688601e-02
5.050607687120106659e-02
5.010677563963582964e-02
4.991379846396107323e-02
4.948026210478573966e-02
4.911211702969341120e-02
4.895757663213617938e-02
4.862341948913988243e-02
4.813873648094148944e-02
4.849605403466116654e-02
4.840929523048566330e-02
4.789497870496368936e-02
4.798346599763632370e-02
4.788954963797383002e-02
4.788965133716754224e-02
4.818326443518908958e-02
4.835916963444030631e-02
4.866695930984239749e-02
4.923334012104170487e-02
4.982607502650144432e-02
5.060795474952003992e-02
5.127577862203532705e-02
5.134661447566771231e-02
5.083225488286883392e-02
4.970118548856565510e-02
4.817498413665740470e-02
4.669587006810949764e-02
4.575807146123222341e-02
4.534378070363995900e-02
4.552154242841258136e-02
4.603028635956256387e-02
4.654755146131550614e-02
4.685183330166400872e-02
4.673756700332833830e-02
4.639270992151944134e-02
4.572031110758160988e-02
4.526453609684309015e-02
4.490380299225708860e-02
4.480266664237408936e-02
4.490786962965816198e-02
4.509691847277112753e-02
4.526497777587037974e-02
4.532640414901785431e-02
4.522765155879707871e-02
4.494382256917036494e-02
4.470860088230393936e-02
4.451412766843575175e-02
4.440535473276207429e-02
4.438842608848429794e-02
4.442555162848272482e-02
4.447968321355183496e-02
4.452347785475702091e-02
4.452166838957234696e-02
4.446926379019029707e-02
4.438547179527904674e-02
4.429286109379230313e-02
4.420510103282795922e-02
4.414689069389375609e-02
4.411729633539338696e-02
4.411072789618238066e-02
4.411858571734726675e-02
4.412451431682356401e-02
4.411889403490335676e-02
4.410036499747398142e-02
4.406974739455783718e-02
4.402899999451573287e-02
4.398657775144472482e-02
4.394654168376704861e-02
4.391201660191507844e-02
4.388652708586340129e-02
4.386904735632689983e-02
4.385596157716160209e-02
4.384525150364546736e-02
4.383430334638259429e-02
4.382108222827772737e-02
4.380533035506872785e-02
4.378645425329381891e-02
4.376467717380158606e-02
4.374137231000882475e-02
4.371813698340876186e-02
4.369530323998073451e-02
4.367377013534212010e-02
4.365409582622969270e-02
5.993306035037911095e-02
4.369624421835024281e-02
4.374016516692847550e-02
4.372363851089557801e-02
4.368878081212883291e-02
4.367672350470083037e-02
4.365132664900234910e-02
4.363162466328876499e-02
4.360101697303074564e-02
4.357210505695793823e-02
4.355883001586568354e-02
4.353841565533585201e-02
4.351180499311042144e-02
4.349519820941704501e-02
4.348604069822468998e-02
4.346287477444138458e-02
4.344154107631349737e-02
4.342329209817591407e-02
4.340906027566093783e-02
4.339003416145266467e-02
4.336970014457237899e-02
4.334925170175920467e-02
4.333402566167399161e-02
4.331961962749994455e-02
4.330439877787012337e-02
4.328839408236846015e-02
4.327186617809780644e-02
4.325550639924705815e-02
4.323843930766808202e-02
4.322218822296261531e-02
4.320678192530007927e-02
4.319122875532906136e-02
4.317458725637996625e-02
4.315945620304714042e-02
4.314510590647174099e-02
4.313012601147147435e-02
4.311479068907630996e-02
4.309962605094729005e-02
4.308448795053165803e-02
4.307004470955017733e-02
4.305574596598790021e-02
4.304101137797256005e-02
4.302696356612591144e-02
4.301375306226693646e-02
4.300069922386312582e-02
4.298831836294815523e-02
4.297749462106423279e-02
4.296834054392515562e-02
4.296154003587414338e-02
4.295847099557023596e-02
4.296110675338660201e-02
4.297233531665573675e-02
4.299676938076615884e-02
4.304080201670442557e-02
4.311563062419458692e-02
4.323713297642887282e-02
4.343223550973946551e-02
4.373617678885455273e-02
4.421032897125003885e-02
4.492525402174850357e-02
4.600486662407856503e-02
4.753294570910871625e-02
4.965786181405375949e-02
5.222323746896229135e-02
5.510066856087855042e-02
5.727356888165387877e-02
5.822212803487340077e-02
5.673298611274850412e-02
5.353945567749295725e-02
4.924637633992268171e-02
4.559420047522556863e-02
4.345936175594275475e-02
4.318348219753963269e-02
4.434942231697187875e-02
4.609683051143770305e-02
4.754195569895983131e-02
4.784881292526071278e-02
4.695701378928120173e-02
4.519496313415508060e-02
4.349111280266670931e-02
4.255916049640184884e-02
4.263688319253941539e-02
4.340948154684712290e-02
4.427332660895286903e-02
4.472360610872214148e-02
4.453964684414488812e-02
4.391514110430130152e-02
4.316678455975096057e-02
4.262285548400335244e-02
4.242285355526328322e-02
4.253455853195273889e-02
4.281150253191307042e-02
4.307860322026108718e-02
4.321239829098777463e-02
4.315062688552821768e-02
4.293024817558281636e-02
4.263338933625641924e-02
4.237536562975592613e-02
4.223703509993444183e-02
4.223952534307577611e-02
4.234104233170842002e-02
4.246556713270464856e-02
4.254394196154544228e-02
4.253886398331205992e-02
4.245975317180383096e-02
4.234047111713408473e-02
4.222483883729294396e-02
4.214136106351137889e-02
4.210018990368165348e-02
4.209531110227133360e-02
4.211273779349671009e-02
4.213703749024194645e-02
4.215454204281901540e-02
4.215633685513617279e-02
4.213796380371984118e-02
4.210189584427280474e-02
4.205462919963564444e-02
4.200607316472835390e-02
4.196507662846354902e-02
4.193710043945347160e-02
4.192257595128345837e-02
4.191776680859830850e-02
4.191705993381135420e-02
4.191536656226069191e-02
4.190960932460377486e-02
4.189867536774880691e-02
4.188308512672656025e-02
4.186382505580625579e-02
4.184226199795958168e-02
4.181955133154086762e-02
4.179692909237292531e-02
4.177545183353131159e-02
4.175600719723945864e-02
4.173904755870151695e-02
4.172449748656001378e-02
4.171178788095962486e-02
4.170008954468700652e-02
4.168861594183598251e-02
4.167681800986494656e-02
4.166445506281387517e-02
4.165148806626829681e-02
4.163800995480068656e-02
4.162409304986008224e-02
4.160981214166628583e-02
4.159517690858832717e-02
4.158024115190374348e-02
4.156507021549937786e-02
4.154980285424288156e-02
4.153456485270953791e-02
4.151947299902703642e-02
4.150457788505782647e-02
4.148989569765922092e-02
4.147539630024336260e-02
4.146104895432162901e-02
4.144682167739099227e-02
4.143271059047487492e-02
4.141872230338095040e-02
4.140487689481856665e-02
4.139118390648324763e-02
4.137764998628210011e-02
4.136427098135611602e-02
4.135104861330708703e-02
4.133798824033467489e-02
4.132511662929549967e-02
4.131247389691999894e-02
4.130013242177477117e-02
4.128818384785644391e-02
4.127676959145217678e-02
4.126606561831493158e-02
4.125634432019915226e-02
4.124795903642121397e-02
4.124147324262657233e-02
4.123763273709653981e-02
4.123764622468121394e-02
4.124311625222065042e-02
4.125669481353706758e-02
4.128187726123090651e-02
4.132461545113366025e-02
4.139262555864950399e-02
4.149952281125946635e-02
4.166234066807338737e-02
4.191245719829128635e-02
4.228627786933468469e-02
4.285458971506560244e-02
4.368673017369040235e-02
4.492837962651376194e-02
4.666607239201331359e-02
4.912205576412608660e-02
5.219392636965948518e-02
5.592237625570480736e-02
5.935083661174070380e-02
6.177169338907116669e-02
6.137991275566692662e-02
5.794668079491750029e-02
5.197543918348511427e-02
4.587339073473087336e-02
4.185253672493011862e-02
4.099740918077839080e-02
4.279217522620291925e-02
4.569487476365375472e-02
4.796995250268724920e-02
4.831495015812755506e-02
4.672006888352737974e-02
4.405063013740528888e-02
4.176951041861062808e-02
4.080695369151492863e-02
4.126666051352980563e-02
4.251673123649245267e-02
4.365304276962479746e-02
4.403140583466159941e-02
4.347190813991912151e-02
4.238218384280231787e-02
4.131147631376871909e-02
4.073443951480509168e-02
4.077128240519251046e-02
4.122557439493641090e-02
4.175013929003057456e-02
4.202875051831071046e-02
4.194608826550823288e-02
4.156179393862103472e-02
4.108748266801660887e-02
4.072251228262420419e-02
4.057999809073625785e-02
4.064980096553059280e-02
4.083251584533174883e-02
4.100612800221017235e-02
4.107781715847324405e-02
4.102456281716423958e-02
4.087574108442451615e-02
4.069572535947981601e-02
4.054789745160592568e-02
4.046776172689071221e-02
4.045905609072349834e-02
4.049837512958047447e-02
4.055179244933018734e-02
4.058838230262934443e-02
4.059127485052792250e-02
4.055877770920139624e-02
4.050128129518734688e-02
4.043548891332288120e-02
4.037594145623548542e-02
4.033313025636459798e-02
4.031003822256633284e-02
4.030404003120406642e-02
4.030862449560369820e-02
4.031612748939288060e-02
4.031973556323142915e-02
4.031514860082671681e-02
4.030105248467551887e-02
4.027848334908268324e-02
4.025072362938248577e-02
4.022123008995878712e-02
4.019372827167787959e-02
4.017050166857044635e-02
4.015271893641066125e-02
4.014014463690379619e-02
4.013158414613083452e-02
4.012531672538184602e-02
4.011956353875183179e-02
4.011286857515375393e-02
4.010417783036399064e-02
4.009321140263991806e-02
4.007996558720196278e-02
4.006506211486481062e-02
4.004902060687939858e-02
4.003258962178539437e-02
4.001625841594583233e-02
4.000043390261941167e-02
3.998528858844881129e-02
3.997087303313395790e-02
3.995713058062563827e-02
3.994394626841756002e-02
3.993119148305854238e-02
3.991874729900029423e-02
3.990651685200620469e-02
3.989442692397583701e-02
3.988243254504159757e-02
3.987050778759364256e-02
3.977406981452658030e-02
3.976222286034149928e-02
3.975042352079079244e-02
3.973868239756594284e-02
3.972702391390955934e-02
3.971547419805904894e-02
3.970408513252931398e-02
3.969291356446016938e-02
3.968205611922059894e-02
3.967162062410792972e-02
3.966178295614375404e-02
3.965274103478688694e-02
3.964482184215586957e-02
3.963839632819253500e-02
3.963410493655347699e-02
3.963265901968488630e-02
3.963537391562655526e-02
3.964365122511831485e-02
3.966028687843280165e-02
3.968809232972353440e-02
3.973319817056258224e-02
3.980123526475998208e-02
3.990599550542514584e-02
4.005837538831127920e-02
4.028985732543809151e-02
4.061924671734680470e-02
4.111789056451315566e-02
4.180627424055441410e-02
4.283771082669370761e-02
4.417372441377297870e-02
4.609746782855013436e-02
4.825021079354967213e-02
5.100159049166553410e-02
5.309236658889080612e-02
5.484657427549605169e-02
5.429038529450752604e-02
5.223865587508803865e-02
4.841678713602840661e-02
4.447422132194311234e-02
4.162444821097911751e-02
4.053167851815416695e-02
4.108104155944879154e-02
4.238515942993561353e-02
4.367338366676454253e-02
4.395025319724111396e-02
4.328310009485940302e-02
4.195861063541885677e-02
4.061504494869749848e-02
3.981186913122818777e-02
3.972199682063265458e-02
4.020016268338710841e-02
4.084291014912275891e-02
4.131281417738684458e-02
4.131823614002168299e-02
4.087663780919800760e-02
4.017754171069641556e-02
3.952248550812935413e-02
3.915848313738187064e-02
3.916337118462879380e-02
3.943683147066228550e-02
3.977617050199826199e-02
3.998828587404089363e-02
3.997501737191909432e-02
3.976285912843301878e-02
3.946120020955202340e-02
3.920093128683701383e-02
3.906112365432012901e-02
3.909703772750608430e-02
3.917578075426444290e-02
3.927654238805138032e-02
3.934284650003182920e-02
3.934793345468987069e-02
3.929168228273673819e-02
3.919441369959586474e-02
3.908840353548169444e-02
3.899781668393911133e-02
3.894243555994207628e-02
3.892530322157815997e-02
3.893866510901335815e-02
3.896664893896816667e-02
3.899134322517638918e-02
3.899964399395049880e-02
3.898422775419137926e-02
3.894970277634084155e-02
3.890302718224219330e-02
3.885658102093628857e-02
3.881872876621469959e-02
3.879429994781998653e-02
3.878288552471936823e-02
3.878057827064015917e-02
3.878235134551903662e-02
3.878343010931235846e-02
3.878130213285112260e-02
3.877426142213528937e-02
3.876317846702544839e-02
3.874879641429410798e-02
3.873324478021611394e-02
3.871799726472971437e-02
3.870515600123942274e-02
3.869618759162587324e-02
3.869288294320802346e-02
3.869650372019521611e-02
3.870885245201956260e-02
3.873158667407602951e-02
3.876802818434043479e-02
3.882179559588305739e-02
3.890069867515910662e-02
3.901291808463577815e-02
3.917596774016186140e-02
3.940632257176977099e-02
3.974087786930440708e-02
4.020807775932968425e-02
4.088068436689758917e-02
4.179140015001865660e-02
4.306379586040703922e-02
4.466633656744636166e-02
4.673626780176969725e-02
4.893527734628257131e-02
5.125961508111637199e-02
5.274546576598594660e-02
5.330998191230580663e-02
5.193425759311454809e-02
4.930366897573090074e-02
4.564714919953948707e-02
4.231761822107346638e-02
3.999542432471701187e-02
3.912137603878360070e-02
3.950391422078602249e-02
4.058599561359127472e-02
4.176973173701183095e-02
4.248072843051235725e-02
4.253762955504211685e-02
4.188231724858887395e-02
4.086411113703496134e-02
3.978858812389944599e-02
3.902518140372267241e-02
3.872058296215007134e-02
3.884256417002277667e-02
3.923598831400239295e-02
3.963455104736163248e-02
3.988362038542932891e-02
3.982622703535733388e-02
3.952573859026034531e-02
3.906379869446632153e-02
3.862121137212173871e-02
3.832329664279253423e-02
3.823321477240355926e-02
3.832824233725886515e-02
3.851786815904652272e-02
3.871630860268866769e-02
3.881189785483153687e-02
3.880326327742450454e-02
3.866534828455428507e-02
3.847801896878617900e-02
3.828191040531706696e-02
3.813686313323835092e-02
3.806256760131489225e-02
3.805633890416025567e-02
3.809564048416671372e-02
3.815063848427618920e-02
3.819733543937286341e-02
3.821742770162270264e-02
3.821066233165135162e-02
3.817704311310521348e-02
3.812996491578472119e-02
3.807628042174988209e-02
3.802694254888114300e-02
3.798618522215782556e-02
3.795755372530616734e-02
3.794082051175490244e-02
3.793448656135416791e-02
3.793578590649185345e-02
3.794132242403695787e-02
3.794797780412048627e-02
3.795272151870164590e-02
3.795400269336764165e-02
3.795080680533717554e-02
3.794412098759647467e-02
3.793535828751229411e-02
3.792733247900181848e-02
3.792328108926656949e-02
3.792616788007095729e-02
3.794121752814422904e-02
3.797021720788046339e-02
3.802395582762767290e-02
3.810140837623909871e-02
3.822958707319444593e-02
3.839766642626330634e-02
3.867600037841757016e-02
3.901540749470681912e-02
3.959547326054990712e-02
4.022917796707900506e-02
4.134755574221082863e-02
4.233953479245415596e-02
4.411392944691591711e-02
4.511124791545433749e-02
4.686570648428437652e-02
4.689276029712802218e-02
4.706970214638290378e-02
4.576003700104520205e-02
4.431111357483692031e-02
4.279622847742581282e-02
4.153202130956818589e-02
4.071425878654066910e-02
4.016130396412839754e-02
3.979372246956608405e-02
3.939270532214596277e-02
3.914994262027581690e-02
3.901698536182406779e-02
3.904836142112300817e-02
3.909634847408786917e-02
3.903020165197797903e-02
3.881440919800938083e-02
3.852737798792105900e-02
3.833974145225905322e-02
3.834583823749618953e-02
3.852807298177940432e-02
3.873388282084727630e-02
3.881434805623425188e-02
3.866547097606606170e-02
3.834179028350761381e-02
3.795930466827304728e-02
3.766274866207085237e-02
3.751839460740236110e-02
3.751350613703562098e-02
3.757854322355847626e-02
3.764454656269188709e-02
3.767076335106635254e-02
3.765646738048078479e-02
3.762427271185371513e-02
3.759209711178512769e-02
3.757037772753596405e-02
3.755175949611107289e-02
3.753209898753019635e-02
3.750637164073286622e-02
3.748329339500798552e-02
3.747144961699641619e-02
3.747839926527631732e-02
3.750200759448089199e-02
3.753491492578259203e-02
3.756586896668398512e-02
3.758482975110095242e-02
3.759300419939222426e-02
3.759139224523767864e-02
3.759249009923494589e-02
3.760518553412628417e-02
3.763686736600676402e-02
3.769493036836332051e-02
3.777798084912400295e-02
3.789265591694391394e-02
3.803597431477687141e-02
3.822210486182656825e-02
3.845037858803437847e-02
3.874905118836619033e-02
3.911456557032419457e-02
3.959362499674035085e-02
4.016508309465884052e-02
4.089564644452032410e-02
4.171443536562920162e-02
4.269848293079881590e-02
4.366573215096016675e-02
4.467839006117842876e-02
4.538650753830837659e-02
4.584177866312813543e-02
4.562270048059256788e-02
4.489709219812607066e-02
4.348956986053272022e-02
4.180023325497540104e-02
4.001186328940916498e-02
3.852025138324101372e-02
3.750600537502352116e-02
3.705676038788248416e-02
3.710893218735054899e-02
3.751356016969649432e-02
3.808923203671694957e-02
3.865375703296305282e-02
3.908700430379260377e-02
3.928027436328269950e-02
3.924188312203498452e-02
3.896835081606912776e-02
3.855980109878197337e-02
3.808144091219067134e-02
3.763383318637961161e-02
3.727139893310056629e-02
3.703177355931833864e-02
3.691825864966048060e-02
3.691361892388375643e-02
3.698766686664596570e-02
3.710588281964446317e-02
3.723749608446369486e-02
3.735519902705290718e-02
3.744487717793394677e-02
3.749352959963769827e-02
3.750406259590464975e-02
3.747605275319260826e-02
3.742125359789102990e-02
3.734619939174443209e-02
3.726226665527290760e-02
3.717776869868540807e-02
3.709832070767003082e-02
3.703116315594143920e-02
3.697551689657214286e-02
3.693727218573593374e-02
3.691113292805861534e-02
3.690310880356388601e-02
3.690514873165368775e-02
3.692604075943374531e-02
3.695518647644996379e-02
3.700795691520986780e-02
3.706889211339470247e-02
3.716640657916298052e-02
3.727339330164376741e-02
3.744409340616216414e-02
3.762261806959025373e-02
3.791516454135368530e-02
3.819558294247578367e-02
3.867122480500440745e-02
3.905585525704915323e-02
3.973382448427632829e-02
4.011456285890337148e-02
4.083424122150271923e-02
4.092331269067889937e-02
4.125989293051292306e-02
4.079254482922110153e-02
4.043911277308791241e-02
3.963014136819097838e-02
3.897256702125029282e-02
3.840623534957599006e-02
3.809412300542523722e-02
3.803323126434982743e-02
3.814702175509196436e-02
3.836188201582918511e-02
3.857751976064568988e-02
3.880033303548169332e-02
3.900832586951299974e-02
3.928512187164262537e-02
3.962496707051595124e-02
4.007942526858474658e-02
4.054467862815835932e-02
4.102786999756692643e-02
4.137848590598593168e-02
4.161095950364186724e-02
4.163771038383429907e-02
4.152954971627214470e-02
4.123987410444376889e-02
4.089005263950828278e-02
4.040457307282890875e-02
3.990289551721180883e-02
3.930753319958246034e-02
3.870770231150710144e-02
3.808630112346051561e-02
3.751174587734525112e-02
3.702121500435016227e-02
3.666167216183456590e-02
3.645922060581748697e-02
3.641357120443776407e-02
3.649943644175850099e-02
3.667264529628767172e-02
3.688454305025788693e-02
3.708778773431963688e-02
3.725531512716876575e-02
3.736418395162589834e-02
3.742245500695256383e-02
3.742589442330414296e-02
3.740169211583653508e-02
3.734724794184570568e-02
3.728847145021847026e-02
3.721897500716989104e-02
3.715339819708621955e-02
3.708644038963918033e-02
3.702121708768221081e-02
3.695730581237625934e-02
3.689143365081551384e-02
3.682724287122499107e-02
3.676140056531176925e-02
3.669885559877029274e-02
3.663929809810106963e-02
3.658617729309183303e-02
3.654110227914877246e-02
3.650453761529438845e-02
3.647799773782381405e-02
3.645963603804103226e-02
3.645064252238769398e-02
3.644866522129747849e-02
3.645556829625991313e-02
3.646968703253235244e-02
3.649443222255758373e-02
3.652904867499268821e-02
3.657929846499425458e-02
3.664533180092079123e-02
3.673683135109179904e-02
3.685512787326662015e-02
3.701670459013020609e-02
3.722430723073612280e-02
3.750549911416077575e-02
3.786345162415661464e-02
3.834123210223813749e-02
3.893693822417416961e-02
3.970634497031831633e-02
4.062484854999594969e-02
4.172795089586461836e-02
4.293236645381215411e-02
4.415591259948473124e-02
4.524243889310838873e-02
4.587384135690242282e-02
4.598443844606362602e-02
4.513839571108398119e-02
4.372231010111943261e-02
4.160095710604078123e-02
3.954005546804906929e-02
3.772070618806441789e-02
3.659569673038284843e-02
3.619542551374057421e-02
3.643285514374906137e-02
3.707055805913760799e-02
3.783323592792735279e-02
3.845638680214050198e-02
3.877343027859729563e-02
3.870937263122862376e-02
3.830861832967990405e-02
3.769624800641696583e-02
3.703560612498980192e-02
3.646934924066624201e-02
3.609504784472732791e-02
3.593912356610925313e-02
3.597608964686577204e-02
3.614245041252877461e-02
3.637406933996281677e-02
3.659024394294931037e-02
3.676468099145865226e-02
3.684197086603220594e-02
3.684756138907310796e-02
3.676220008792147054e-02
3.663861539329345274e-02
3.648150579948375438e-02
3.633788961149577584e-02
3.621621318883459090e-02
3.614029967728478454e-02
3.610874167386651790e-02
3.612641114792849301e-02
3.618253993430627091e-02
3.627587508700097496e-02
3.639210882257510465e-02
3.653416877511768412e-02
3.668780636870919848e-02
3.686614590883812576e-02
3.705384131793833247e-02
3.727696823333007115e-02
3.751371096068498168e-02
3.780825797427493640e-02
3.811960595983996530e-02
3.852814052462634475e-02
3.893732331560476045e-02
3.951397697324359609e-02
4.000027700196263913e-02
4.074867095905811143e-02
4.111153783856043298e-02
4.174966595341465109e-02
4.147093757282931115e-02
4.128396945287171604e-02
4.004313268312460761e-02
3.885844688460818319e-02
3.749711892490561332e-02
3.658832947721150919e-02
3.624394196461581952e-02
3.643308990282022319e-02
3.693542388158133072e-02
3.735561260013908064e-02
3.761425485750445608e-02
3.737038713678671187e-02
3.697349348171574679e-02
3.644825892502850245e-02
3.607693800667793882e-02
3.591705625911173483e-02
3.593963870218924023e-02
3.604021083459093416e-02
3.609060907255495776e-02
3.606361835725650777e-02
3.592698905816813643e-02
3.577374484439052593e-02
3.564741727584531256e-02
3.559200993877262298e-02
3.560424004834467776e-02
3.565275282359051112e-02
3.570327945184206819e-02
3.572291870171079992e-02
3.571555347339746417e-02
3.567884706993752070e-02
3.563806784945877659e-02
3.560195812471081411e-02
3.557737333257091072e-02
3.556402864143497211e-02
3.555574933964805034e-02
3.555008256079711382e-02
3.554458051596505463e-02
3.554235952560193951e-02
3.554503806290503637e-02
3.555730997208396416e-02
3.558126140776254193e-02
3.562153091475224465e-02
3.568348007588182519e-02
3.577868304252446174e-02
3.592216252624254313e-02
3.614287304153065983e-02
3.647166539759345155e-02
3.697074687470104648e-02
3.769121112191591710e-02
3.875976005414267372e-02
4.022476544236650714e-02
4.230229387668748425e-02
4.486388810806388877e-02
6.795183422004356932e-02
5.157159374090451720e-02
5.460400077830243615e-02
5.525039461865889623e-02
5.348928145348631757e-02
4.882496896828827926e-02
4.329587336805619524e-02
3.854820573901693997e-02
3.616541431520904626e-02
3.638705008223400150e-02
3.833947086271815435e-02
4.077407283097383289e-02
4.230553846630727421e-02
4.230094851777014414e-02
4.064689565045705860e-02
3.832355192034246627e-02
3.637308592261598306e-02
3.552095134429356094e-02
3.585544840201530109e-02
3.689954000990507132e-02
3.794236660977176601e-02
3.837696788369673873e-02
3.803520383544485572e-02
3.710092284649353644e-02
3.606597971559483834e-02
3.536405886255850062e-02
3.521206552206036094e-02
3.552498712365624589e-02
3.602316986696522949e-02
3.640359580838887360e-02
3.646797880802145342e-02
3.622594950503823380e-02
3.580620594809618557e-02
3.540575435106090019e-02
3.515763684801188199e-02
3.511245261723551503e-02
3.522539941132825370e-02
3.539877123380635870e-02
3.553849790940220854e-02
3.558118235279600361e-02
3.552186484603940542e-02
3.538727450932399599e-02
3.523070430171287848e-02
3.510176654049865230e-02
3.503180856413587452e-02
3.502484397871283989e-02
3.506420052108642771e-02
3.512114368515566187e-02
3.516821410845140383e-02
3.518568876786572902e-02
3.516679685328033544e-02
3.512064116355207571e-02
3.506125151138600460e-02
3.500580187415331529e-02
3.496637936502641764e-02
3.494826712110472161e-02
3.494990444133262708e-02
3.496390576443843268e-02
3.498215595062083294e-02
3.499761318309579927e-02
3.500675682932499755e-02
3.500937916200161371e-02
3.500877383004531718e-02
3.500913393127239731e-02
3.501668164419495521e-02
3.503699736741349574e-02
3.507808535870549083e-02
3.514612955086871687e-02
3.525378090167568396e-02
3.541007098317097007e-02
3.564075879565919980e-02
3.595612014271255125e-02
3.640383782739133045e-02
3.697387555985162666e-02
3.773454649006485750e-02
3.857140628460641041e-02
3.953296867615023469e-02
4.026010769281243573e-02
4.076147745446672549e-02
4.054517968298168573e-02
3.984181988261110974e-02
3.859739057437273912e-02
3.735388534056603704e-02
3.638550192602017785e-02
3.593647260613718614e-02
3.595323758546347531e-02
3.625588583386419456e-02
3.657764857029022904e-02
3.671482649297142659e-02
3.657999136037681093e-02
3.619844644741856965e-02
3.575364678201501528e-02
3.541316257177899024e-02
3.537410187151084767e-02
3.563912142329716398e-02
3.631584690665224519e-02
3.710932418737056954e-02
3.834883554318124083e-02
3.922928476882020510e-02
4.077115007124957474e-02
4.099064690684572215e-02
4.193732112888666486e-02
4.065837701738322929e-02
3.991409127638467086e-02
3.817738856552360671e-02
3.721186080050516154e-02
3.688582118819206529e-02
3.715600376766144131e-02
3.761548818851179199e-02
3.774904520248465595e-02
3.743068130390280607e-02
3.672057494029622865e-02
3.609515192018417085e-02
3.580382066087917092e-02
3.587110572358894606e-02
3.602494589382256723e-02
3.597546101957568854e-02
3.564908968721786087e-02
3.513285987654895387e-02
3.472477282522059422e-02
3.458593363675706994e-02
3.471933475562651028e-02
3.496727096680319474e-02
3.513650421407877450e-02
3.513162463998684842e-02
3.497085095168250141e-02
3.477619373143115561e-02
3.465816607789528464e-02
3.466139437311074184e-02
3.475406708737048544e-02
3.486270095552193582e-02
3.492973845006010908e-02
3.493568804003256006e-02
3.490924093927531835e-02
3.489071171563458418e-02
3.491548422918786670e-02
3.498739151411970477e-02
3.509298233567128417e-02
3.521656389826161720e-02
3.533985581721535429e-02
3.548054528954006775e-02
3.565253177038547883e-02
3.588088680203431469e-02
3.619754743648387341e-02
3.659157810980339515e-02
3.710065608558446582e-02
3.766974117510718534e-02
3.835708939556820712e-02
3.905451646651408176e-02
3.984289807251886750e-02
4.052369580166205465e-02
4.117393998463859950e-02
4.150124011297867677e-02
4.157504326873482509e-02
4.114322211320908806e-02
4.034151428027357017e-02
3.914866210343171532e-02
3.781122434614186262e-02
3.649578793495777962e-02
3.541766690908415560e-02
3.468512518476959267e-02
3.433580470369965859e-02
3.432431932045980350e-02
3.455944551986118302e-02
3.493159374135866579e-02
3.533879503694073443e-02
3.569931645229493244e-02
3.595196923123710614e-02
3.607692925498715009e-02
3.605642001032025729e-02
3.592336833110423150e-02
3.569109560401735604e-02
3.541288499983525490e-02
3.511306312722214940e-02
3.483399547406058894e-02
3.459221690861721821e-02
1.485932820701296453e-01
4.117654945750896800e-02
4.646356239910685859e-02
4.609509707715933602e-02
4.432203044236346368e-02
4.601254657902326128e-02
4.960168737423269192e-02
5.172657424472493909e-02
5.187493247015362297e-02
5.360011705981500285e-02
5.316144973389871908e-02
5.354315782440634275e-02
4.660157774973368305e-02
4.222386954143811377e-02
4.143413991946429120e-02
4.170483038080270016e-02
4.249265956629216107e-02
4.231752926497300837e-02
4.158286108924720559e-02
4.032042641852148779e-02
3.908507236758428094e-02
3.894899029539541924e-02
3.948006700309824452e-02
3.914441676505277939e-02
3.764065676108956787e-02
3.680317775702586502e-02
3.723490886949225309e-02
3.770736211792981990e-02
3.744392852326935972e-02
3.675693483048983468e-02
3.631303166278469080e-02
3.622768226251126683e-02
3.623772144792176964e-02
3.607436829675191720e-02
3.579069469819526339e-02
3.564370093410591800e-02
3.551087711344675518e-02
3.547769533562850075e-02
3.555061754889006498e-02
3.552411654257623536e-02
3.538587375971485177e-02
3.516596274370811098e-02
3.504096368692872360e-02
3.504770831018956534e-02
3.504919745150428950e-02
3.495293800455277766e-02
3.481195291132087311e-02
3.474582150420888610e-02
3.475335771340064966e-02
3.476046933878431527e-02
3.473725298804954120e-02
3.468269048276169386e-02
3.462486884616414184e-02
3.458572890338752759e-02
3.454458601095709847e-02
3.451416796743543569e-02
3.449658574484209400e-02
3.447403595770523466e-02
3.443090099278969807e-02
3.438254173365083710e-02
3.435858395181850405e-02
3.435853191275943519e-02
3.435994208304972430e-02
3.434069748454604554e-02
3.430980219225175654e-02
3.428553703592213814e-02
3.427408788894348302e-02
3.426499169352269225e-02
3.425432419514008037e-02
3.424174347470618218e-02
3.422759643376431515e-02
3.421262305451867186e-02
3.419762061298321082e-02
3.418971444262372539e-02
3.419199524005182844e-02
3.420161695723322737e-02
3.421526344412260945e-02
3.423749746423827844e-02
3.427926851508067418e-02
3.435141501602648195e-02
3.446778743105266551e-02
3.464778935711740337e-02
3.492805530343722625e-02
3.535434311372460253e-02
3.601327286329258914e-02
3.699078137200684235e-02
3.848077292137586092e-02
4.060194429234360858e-02
4.368422606595770419e-02
4.758895071091781559e-02
5.247414008272423269e-02
5.688884776724817405e-02
6.010068254490184836e-02
5.915599078215535295e-02
5.434398398432228883e-02
4.620638551334350225e-02
3.865466938931430563e-02
3.447299104907525225e-02
3.462462232677050722e-02
3.781823183618408801e-02
4.155834597266068464e-02
4.362363316794688750e-02
4.269297839918291537e-02
3.967245211990477749e-02
3.624544976598889634e-02
3.428613815093663891e-02
3.437381514468607763e-02
3.584398475376206900e-02
3.743928412791780458e-02
3.805027314003597144e-02
3.746369474683972772e-02
3.607558660966055097e-02
3.476714118163191231e-02
3.412086576971952445e-02
3.425343187404475409e-02
3.483308801762463602e-02
3.536623482307853922e-02
3.552915521044473779e-02
3.524125060568584350e-02
3.471849785796271570e-02
3.422276170966295772e-02
3.396480388407353834e-02
3.398090947497445224e-02
3.417099684718997998e-02
3.437863636056441574e-02
3.446578792311602579e-02
3.439073511614246931e-02
3.418570218663898042e-02
3.395140584199269479e-02
3.378028761877366337e-02
3.372771384369806918e-02
3.378465639806525062e-02
3.389350417982864988e-02
3.398321291664380128e-02
3.399981481643198772e-02
3.393608119663871214e-02
3.381912844782027083e-02
3.370184478934024758e-02
3.362696332020615603e-02
3.361263899647152359e-02
3.364616175500732137e-02
3.369581424302862949e-02
3.372941938118411559e-02
3.372785136631181041e-02
3.369305038197956820e-02
3.364029301232391439e-02
3.359058990685376278e-02
3.355864438583785331e-02
3.354883825290277261e-02
3.355562555431149813e-02
3.356846956222606787e-02
3.357745909697735370e-02
3.357671718721650517e-02
3.356596539971153093e-02
3.354829026089271860e-02
3.352844377999852216e-02
3.351023413489311042e-02
3.349590563017761091e-02
3.348595771554003370e-02
3.347969568552745107e-02
3.347600868947999547e-02
3.347357058545348540e-02
3.347136976559115379e-02
3.346845881671193373e-02
3.346446992128106201e-02
3.345917056005937723e-02
3.345320876078050620e-02
3.344725099232652432e-02
3.344296725968244621e-02
3.344141783855274219e-02
3.344498455599777959e-02
3.345436437492352311e-02
3.347345961268971548e-02
3.350254333607036172e-02
3.355096579123279660e-02
3.361864716381549045e-02
3.373066929445466683e-02
3.388297739234855804e-02
3.414349228265476516e-02
3.448291670649099999e-02
3.508699181969687081e-02
3.580429601415466984e-02
3.713271723312894235e-02
3.842293546451424485e-02
4.088240131395744215e-02
4.234188576532879611e-02
4.517033806037763083e-02
4.495769375974122822e-02
4.519273718467536893e-02
4.246964691048108614e-02
3.996224054120236374e-02
3.763520815044823359e-02
3.641673490419688325e-02
3.621902210081370116e-02
3.632437197651041533e-02
3.632242368986276365e-02
3.552921301672340437e-02
3.477426184558973093e-02
3.434472204733952233e-02
3.457427803748553546e-02
3.516081886632050485e-02
3.555440829020604931e-02
3.546221660421947086e-02
3.483202519497417826e-02
3.417295381816777555e-02
3.383777193403621208e-02
3.392540382183512754e-02
3.420861075332689433e-02
3.433370336523999811e-02
3.419298395006031138e-02
3.381187178947536037e-02
3.346183421530312535e-02
3.330837194191789419e-02
3.336480496742456198e-02
3.351337824293453005e-02
3.359654286074922197e-02
3.357837287445600283e-02
3.347896606497951372e-02
3.340129352259908063e-02
3.339662818844268272e-02
3.345176808527910300e-02
3.350977864126332417e-02
3.350978774241614166e-02
3.344254813936609061e-02
3.333272537293742455e-02
3.323380073648723315e-02
3.317983566758234137e-02
3.317552587899608857e-02
3.319838422914387494e-02
3.321608097706313378e-02
3.321250937697964312e-02
3.318178263389175847e-02
3.314162534334597066e-02
3.310590360745846450e-02
3.308537006327436775e-02
3.307914966921834954e-02
3.307925952574879841e-02
3.307668244949225900e-02
3.306575905099232160e-02
3.304784500561837313e-02
3.302724830265327260e-02
3.301033522142405446e-02
3.300093573530418767e-02
3.299959790410763455e-02
3.300383868742332721e-02
3.300987980181591813e-02
3.301478628208065480e-02
3.301694103507740730e-02
3.301767013714176913e-02
3.301904186715554773e-02
3.302473439055274990e-02
3.303827260011543698e-02
3.306319436043855808e-02
3.310405026049800109e-02
3.316545613790094355e-02
3.325666554174046274e-02
3.338778563671819521e-02
3.358077866728349792e-02
3.385760827699980935e-02
3.426768502987412313e-02
3.485201162809375280e-02
3.571364723386245138e-02
3.690636328670845318e-02
3.861221250213863615e-02
4.080214273449207785e-02
4.366582287946165625e-02
4.671727995992063648e-02
4.981858108969487026e-02
5.157079369594420176e-02
5.155184120577174789e-02
4.871560887083466879e-02
4.405452092137678022e-02
3.881953018248211762e-02
3.490941697074469163e-02
3.329975771554286729e-02
3.395385240527418191e-02
3.594891180563306032e-02
3.804999447790040346e-02
3.918037705787900948e-02
3.882768229222152701e-02
3.727871377285949667e-02
3.524549937451740972e-02
3.364420056500723455e-02
3.298204625793868527e-02
3.327369061126758676e-02
3.412933508906993568e-02
3.501475901237677962e-02
3.549118618453557528e-02
3.537094400758037521e-02
3.475483269445830276e-02
3.393288827199446300e-02
3.322072212860013862e-02
3.284022009840408679e-02
3.283161698565182501e-02
3.308983877953620978e-02
3.343013210881696368e-02
3.368324010874175489e-02
3.374404718242195872e-02
3.361027115221642408e-02
3.334865525722055524e-02
3.306032357088748569e-02
3.283944836846424548e-02
3.273210922237397569e-02
3.274089561338625054e-02
3.282571738776855069e-02
3.293242958491982703e-02
3.301021119150293615e-02
3.303222676905031435e-02
3.299205198955282997e-02
3.290841705567167791e-02
3.280648062740164350e-02
3.271392987124653595e-02
3.264921118059610494e-02
3.261977408436920328e-02
3.262221129031456224e-02
3.264587603842591251e-02
3.267742121307588843e-02
3.270477889091760737e-02
3.272012309562393612e-02
3.272026607418931227e-02
3.270692444849325475e-02
3.268476109183880013e-02
3.265970639287881644e-02
3.263804679403232989e-02
3.262424086192769468e-02
3.262221221873271709e-02
3.263343950644130576e-02
3.265971548714508010e-02
3.270129458412997930e-02
3.276101406011820011e-02
3.284086154972242627e-02
3.294891093122631620e-02
3.309122355636662238e-02
3.328567114857231696e-02
5.354205363210585294e-02
3.431941231870658249e-02
3.525578565350797472e-02
3.627318909517310286e-02
3.750924274270030917e-02
3.857555266222403856e-02
3.955181757710621304e-02
3.964611837623810420e-02
3.920620483986194532e-02
3.769840950420713654e-02
3.594837301514436367e-02
3.420698088846435558e-02
3.314169709420531490e-02
3.282580660884313467e-02
3.318083567458229161e-02
3.386609989374246565e-02
3.448282951671096525e-02
3.473601930819578132e-02
3.450398100607016821e-02
3.392877890974344002e-02
3.322917960786285485e-02
3.270153184622639347e-02
3.249219131771142327e-02
3.258319408616994900e-02
3.285996581390675242e-02
3.314925927421948776e-02
3.331498135097202273e-02
3.329220094564619425e-02
3.311808830587695263e-02
3.286238409826391232e-02
3.264536886273363553e-02
3.252770921116940328e-02
3.252575786681657227e-02
3.260869791649766147e-02
3.272035693231569592e-02
3.281160315567091534e-02
3.284957973927570690e-02
3.283421654413193336e-02
3.278223683655297205e-02
3.272417740867280406e-02
3.269006655397029004e-02
3.269868295661869373e-02
3.275836058465289580e-02
3.286298907062897706e-02
3.300795196502665646e-02
3.318271919874834358e-02
3.339641885097784091e-02
3.365240761556263088e-02
3.398424800843545535e-02
3.439987934458711705e-02
3.495871367639432487e-02
3.565299809891853133e-02
3.656848874440852409e-02
3.763515713835469123e-02
3.894919913526027205e-02
4.028407174060502638e-02
4.171305219989619728e-02
4.273690600734341566e-02
4.342782492725487387e-02
4.313724877972904825e-02
4.214458783714984669e-02
4.017385357703223692e-02
3.787816323517756434e-02
3.552695300366684461e-02
3.370975476531869880e-02
3.263867977159282119e-02
3.238716567253124845e-02
3.278207691184742423e-02
3.355625985010286805e-02
3.441748826828316260e-02
3.507757026704980130e-02
3.541300659958881991e-02
3.529998575979744618e-02
3.486121213993551016e-02
3.417781244433583387e-02
3.347017747262715642e-02
3.286938157626269341e-02
3.248795061146743379e-02
3.235111568541847171e-02
3.242222945766447262e-02
3.264100495593382639e-02
3.290703841338551289e-02
3.317648483795132552e-02
3.335461526544211686e-02
3.347765796964770335e-02
3.346923591848796620e-02
3.344989492268526932e-02
3.333653202073327826e-02
3.330559883748371308e-02
3.323611158955958045e-02
3.333379073510539525e-02
3.342114555046767771e-02
3.372472181650162243e-02
3.400346842708469597e-02
3.450817197473129289e-02
3.492481574380219833e-02
3.553711972725757257e-02
3.593670904442328173e-02
3.645249348026295688e-02
3.658439234751609953e-02
3.671881980636565457e-02
3.635752434111419462e-02
3.593557106141753721e-02
3.513005924260508006e-02
3.433944486386435180e-02
3.348139591232804357e-02
3.279092705815539466e-02
3.228674764538458364e-02
3.201765690050690366e-02
3.196093247674512694e-02
3.206726334329758343e-02
3.227471299372094982e-02
3.251316251077916719e-02
3.274543615433301441e-02
3.291006425031529209e-02
3.301916737661585860e-02
3.303171445137025736e-02
3.298967809589781891e-02
3.287674268142421613e-02
3.273678704844968507e-02
3.257114423339758924e-02
3.240949578208964649e-02
3.225838062776684168e-02
3.213068222497556664e-02
3.202955885353570703e-02
3.195617938332510899e-02
3.190847828480400383e-02
3.188236991850501578e-02
3.187320559194323222e-02
3.187614340756810688e-02
3.188718668568486792e-02
3.190265348665545508e-02
3.192087133531511939e-02
3.193942639612080969e-02
3.195925516338021105e-02
3.197848746319842395e-02
3.200058243243994460e-02
3.202320499839783619e-02
3.205270341384713201e-02
3.208509205882195681e-02
3.213106525580117223e-02
3.218335320776049419e-02
3.226032949836442343e-02
3.234836066048401432e-02
3.248030385811798149e-02
3.262921176373101417e-02
3.285587961572059013e-02
3.310365944330644766e-02
3.348658282045727935e-02
3.388036878986987188e-02
3.449535737242120925e-02
3.506021322609271379e-02
3.594026654744869598e-02
3.659010557945521075e-02
3.757518245250272143e-02
3.799940701362166523e-02
3.860053196282502153e-02
3.837700446073379068e-02
3.809466128630344811e-02
3.721450273915914014e-02
3.630081705067861320e-02
3.540940522628872877e-02
3.476989838905628072e-02
3.451394482185050905e-02
3.460352173575910462e-02
3.499191281567616552e-02
3.539881713812609298e-02
3.588203027371007076e-02
3.600177444708826252e-02
3.609566299996434802e-02
3.584512415069594088e-02
3.561390148329250660e-02
3.523813587180411877e-02
3.491017965470386702e-02
3.450304412657002884e-02
3.411318128354060009e-02
3.370325812927865705e-02
3.331162617207465010e-02
3.299245048581110618e-02
3.273635213832448015e-02
3.258440599072249394e-02
3.251286861224408214e-02
3.249972056658580188e-02
3.250788017772093114e-02
3.249996146247221412e-02
3.244916105255604699e-02
3.235034746188123617e-02
3.221603211402898626e-02
3.206178379301534431e-02
3.192017828329561657e-02
3.180312574563499278e-02
3.172624097472885596e-02
3.168868723234984086e-02
3.168335612888169978e-02
3.169855720769946400e-02
3.172136285260811900e-02
3.174064558461848345e-02
3.174953590891764488e-02
3.174554901610310981e-02
3.172785807994980833e-02
3.169979480790087456e-02
3.166377264375400125e-02
3.162442900124984302e-02
3.158567641429033124e-02
3.155096210180279026e-02
3.152314783963994227e-02
3.150333908417411038e-02
3.149204669360700787e-02
3.148857288004257293e-02
3.149168940456306687e-02
3.149966278386347185e-02
3.151077503161776178e-02
3.152327422987402650e-02
3.153656299904718935e-02
3.155042973032201603e-02
3.156658850648924597e-02
3.158766692115770602e-02
3.161853951083894165e-02
3.166663870970260614e-02
3.174248885838122647e-02
3.186384675815397138e-02
3.205370093952501082e-02
3.235451006335321456e-02
3.281675220027435724e-02
3.354179867539081039e-02
3.463005219714461458e-02
3.630581694826157807e-02
3.869345464031424126e-02
4.216556672201881434e-02
4.649317930460050013e-02
5.179827269235562359e-02
5.627770695527085226e-02
5.903896732743595110e-02
5.710190896947846262e-02
5.121684044589826235e-02
4.269955534596266145e-02
3.566231018693639260e-02
3.258833628120240411e-02
3.392554498020529385e-02
3.763085712227814961e-02
4.124432717576232560e-02
4.209114574514794677e-02
4.002272125309003920e-02
3.614247131279865743e-02
3.282624347788694330e-02
3.159240777142648809e-02
3.249871353665288037e-02
3.439573198188623782e-02
3.584952479582591972e-02
3.593040146370603261e-02
3.474343738993564829e-02
3.306963098594112305e-02
3.187076365192312299e-02
3.165267263183847712e-02
3.224833380290592633e-02
3.308852054748923077e-02
3.354501798887910696e-02
3.337156828695100885e-02
3.267188371132195845e-02
3.189248142199229558e-02
3.140621221371685257e-02
3.136515799649447489e-02
3.165061989645601148e-02
3.199887188071941918e-02
3.217993696187862462e-02
3.208961457223444974e-02
3.180714021263304769e-02
3.148659245141742502e-02
3.127965757348831477e-02
3.124901326622848627e-02
3.135935232527718719e-02
3.151415131759402466e-02
3.161654052690458100e-02
3.161520302853754183e-02
3.152419374823480641e-02
3.139542091323935941e-02
3.129343302085495215e-02
3.125286938710508666e-02
3.128141790538567502e-02
3.135173848896796039e-02
3.143459671247798848e-02
3.149896413008774348e-02
3.154548315234862593e-02
3.157392824330249731e-02
3.162911345124042733e-02
3.170995316509471473e-02
3.189503844987024578e-02
3.212180283271903053e-02
3.253992493541706804e-02
3.294648906796154159e-02
3.368351437000724480e-02
3.422712327967634971e-02
3.529655375114294780e-02
3.571288186751207794e-02
3.671944652665010134e-02
3.640561579375430762e-02
3.643441220459671392e-02
3.514278537260107083e-02
3.406019748943085040e-02
3.276162278758359275e-02
3.196591553992936957e-02
3.171581570897828023e-02
3.197140752943967990e-02
3.248848435934367784e-02
3.289393656704400065e-02
3.307625348090070111e-02
3.276705759461175788e-02
3.227267780326505131e-02
3.168807915502393213e-02
3.129224399773340715e-02
3.116829245121470471e-02
3.127723891823622898e-02
3.149328608274275243e-02
3.164325939124771475e-02
3.168011981842476510e-02
3.153415412865650386e-02
3.132793563812080045e-02
3.111677555634580206e-02
3.099230380398086682e-02
3.097476931848031773e-02
3.104074508131294402e-02
3.113988317315117410e-02
3.121299539991088945e-02
3.124048266176664146e-02
3.120185423237223019e-02
3.113449206555514090e-02
3.105627258723735185e-02
3.100142861699763455e-02
3.098133022017836302e-02
3.099633179840332112e-02
3.103497423716097825e-02
3.108196753673897472e-02
3.112545086173647280e-02
3.115739807155586127e-02
3.118127456450384485e-02
3.120256031915402684e-02
3.123274442994814631e-02
3.128461868425762293e-02
3.136563619297597083e-02
3.149039554899538129e-02
3.165718255959398819e-02
3.188514569274634308e-02
3.215780486239686042e-02
3.250512202783078369e-02
3.287564686904079214e-02
3.330979654889843627e-02
3.368434746860130696e-02
3.404536925252969748e-02
3.418885928576390065e-02
3.419175936800322724e-02
3.387008772927532774e-02
3.338652800277388394e-02
3.271226609849870598e-02
3.205082528107696532e-02
3.147168856693548233e-02
3.108041226333712118e-02
3.089399962803153488e-02
3.089203086558983333e-02
3.101967403284108804e-02
3.120811296448500194e-02
3.139900285134891028e-02
3.153658661857086654e-02
3.160566281983580306e-02
3.158387420628900460e-02
3.150007424163902420e-02
3.136277121139326857e-02
3.121529014488936063e-02
3.107553433036932405e-02
3.096924862960981698e-02
3.090213588926355934e-02
3.087548276971153333e-02
3.088154540700905476e-02
3.091016767003655283e-02
3.095095734842503998e-02
3.099516664513336101e-02
3.103788987101471775e-02
3.107717224241963658e-02
3.111511280426244169e-02
3.115653754354163682e-02
3.120827424881252726e-02
3.128084213307714967e-02
3.138415840915344951e-02
3.153668657906619904e-02
3.175241707535043922e-02
3.206630795458659255e-02
3.249782314802007049e-02
3.311590308124445076e-02
3.393698312180508381e-02
3.508841113571296855e-02
3.652820958901983883e-02
3.844386063231034628e-02
4.054656929510307845e-02
4.298499525643878494e-02
4.491243520971056891e-02
4.631377347917699228e-02
4.605121247344567958e-02
4.435090810972636133e-02
4.124079668106315349e-02
3.758553118343183064e-02
3.468177219653999915e-02
3.294486806649651878e-02
3.306856045138429484e-02
3.431476451785208520e-02
3.638464875856785991e-02
3.797655139092920989e-02
3.885822597292649949e-02
3.815622700445370913e-02
3.663388516666699762e-02
3.441017430279550565e-02
3.263404309922408875e-02
3.157054519851589663e-02
3.147216561937957180e-02
3.203450312352140728e-02
3.281075631764447664e-02
3.336548280981467551e-02
3.338274193199922829e-02
3.289981716102307469e-02
3.207692642568164137e-02
3.128500990139496812e-02
3.077611969332819802e-02
3.067570719101001681e-02
3.091500403631070037e-02
3.130692477072796048e-02
3.164721631780573197e-02
3.178032199614930914e-02
3.167859624338265068e-02
3.138952039747822109e-02
3.104036782899697103e-02
3.074591646880430948e-02
3.058278031618962695e-02
3.056559537087508854e-02
3.065187737086898234e-02
3.078028378038752400e-02
3.087990839503240367e-02
3.091640126604549774e-02
3.087358110391019012e-02
3.077444964970691213e-02
3.065113134919740523e-02
3.054195046879921299e-02
3.047258111841629966e-02
3.045192357410329842e-02
3.047249997542289882e-02
3.051640006065390112e-02
3.056533078571552556e-02
3.060144408846277031e-02
3.062037512208827875e-02
3.061552480214604910e-02
3.059826091793636099e-02
3.056902152645890949e-02
3.054468064952318290e-02
3.052555445059527278e-02
3.052489573675878920e-02
3.053844891924091878e-02
3.057434388938116629e-02
3.062474355190716521e-02
3.069887009792068161e-02
3.078848876996757855e-02
3.091460678011485885e-02
3.106583898375766747e-02
3.129242943597004833e-02
3.156067623095187846e-02
3.198976453421732702e-02
3.246317864071783521e-02
3.325951937911483802e-02
3.400720365193937028e-02
3.531342891310121357e-02
3.617096143099894634e-02
3.772462373124652740e-02
3.796561417626037604e-02
3.863077662654966493e-02
3.743209430005334931e-02
3.630287586929427379e-02
3.432584047923712550e-02
3.273663296266468570e-02
3.165652854446648901e-02
3.127815982191300970e-02
3.144086535899854457e-02
3.177546961092458933e-02
3.207222537533004070e-02
3.195552729585997287e-02
3.169204723991184830e-02
3.129084450500834585e-02
3.105471071890154866e-02
3.105431884644105703e-02
3.124648809764762197e-02
3.149675358147711185e-02
3.163180987893911278e-02
3.158036579733573129e-02
3.131947408208386047e-02
3.097270786094639961e-02
3.064950951700253293e-02
3.045341138327873481e-02
3.041072057636264730e-02
3.048517365675055754e-02
3.060856554779880362e-02
3.070450838116661751e-02
3.074994793076684871e-02
3.073131544528817302e-02
3.069220653786521383e-02
3.066693722845767814e-02
3.068791658149161786e-02
3.077193301961694480e-02
3.090383449348575035e-02
3.107844152853221284e-02
3.125781961912836582e-02
3.145679858831387787e-02
3.164142547079541040e-02
3.186293624376311528e-02
3.208765955611760090e-02
3.238791566578298059e-02
3.270631125106865378e-02
3.312364810028123330e-02
3.354325757845480482e-02
3.405712052208968721e-02
3.453266590791705809e-02
3.507926855016753331e-02
3.553697912368233847e-02
3.602389690951152829e-02
3.635142554165031459e-02
3.662383996038372225e-02
3.663381957900224695e-02
3.646979620803744021e-02
3.597527697696476651e-02
3.526286581243323615e-02
3.431319916739623138e-02
3.328665865795773365e-02
3.227794861590409931e-02
3.142679494945624374e-02
3.081046842083673409e-02
3.046346526976880659e-02
3.037009289826616762e-02
3.047767573143426653e-02
3.071778436667943479e-02
3.101794476146935153e-02
3.131926955770643339e-02
3.156083633740491140e-02
3.172341297786894498e-02
3.176655124258939006e-02
3.171507077365372934e-02
3.155792064037703237e-02
3.134527639957387923e-02
3.109025962509434290e-02
3.083708228771200877e-02
3.060302792729295215e-02
3.040834695707769764e-02
3.026031234556367244e-02
3.015839659120252841e-02
3.009941343529853527e-02
3.007333809707449929e-02
3.007250093287203857e-02
3.008635568742852595e-02
3.010833200109504920e-02
3.013178361635857061e-02
3.015384508274591632e-02
3.017217583250183383e-02
3.018732574197303606e-02
3.019934062469008945e-02
3.021068386270147829e-02
3.022180795573736756e-02
3.023607336275006482e-02
3.025362918613574287e-02
3.027863105312976824e-02
3.031138950829680156e-02
3.035704401740048700e-02
3.041733003832740659e-02
3.049835776904978590e-02
3.060593962925966041e-02
3.074656058496105099e-02
3.093590011431141332e-02
3.117749281614577359e-02
3.150932879090133365e-02
3.191827241758469352e-02
3.249135370195307265e-02
3.315182782280729629e-02
3.409095671165666280e-02
3.503273599803893856e-02
3.637203253711310258e-02
3.734513936380019078e-02
3.868879751172305675e-02
3.890175276495547868e-02
3.917684926652496152e-02
3.784071839740409116e-02
3.638835487234209215e-02
3.419954451410913560e-02
3.236031164056310527e-02
3.106224188114875204e-02
3.053957572886077318e-02
3.071015473626245718e-02
3.124165647537439916e-02
3.190950460560377372e-02
3.211191678502175323e-02
3.210705386740519973e-02
3.153557583375973805e-02
3.093778817753294746e-02
3.037643984012165441e-02
3.009641004723227070e-02
3.012126958038604738e-02
3.037090674703452758e-02
3.071437345030685745e-02
3.097401968789708845e-02
3.112210812622540762e-02
3.106143020651799466e-02
3.091363559613241607e-02
3.071379671849639240e-02
3.057144030993479838e-02
3.053587516913474839e-02
3.061607056972424912e-02
3.079707090345270432e-02
3.101708219169082084e-02
3.125325116475023007e-02
3.143374366142434595e-02
3.158336748014549389e-02
3.165739240867761206e-02
3.171509912158516215e-02
3.172964011426525344e-02
3.175575541639166777e-02
3.175381146166340873e-02
3.175696351986708604e-02
3.170870918599577593e-02
3.163328016450067670e-02
3.148692390379737721e-02
3.130648256618343700e-02
3.108498155724387021e-02
3.087082965739690321e-02
3.067827247466827292e-02
3.053720787361293224e-02
3.045179337789226739e-02
3.041434643480267486e-02
3.041635834680684464e-02
3.043055566933942219e-02
3.045676425528555387e-02
3.047811437368191587e-02
3.051470535624514063e-02
3.057070015168830701e-02
3.068332569869917925e-02
3.087100898256429568e-02
3.118764913082982398e-02
3.165882567296654515e-02
3.236851889983075048e-02
3.333834374877472917e-02
3.470677444146708090e-02
3.642704029775287872e-02
3.869037275659648056e-02
4.114208564921510020e-02
4.391348149556370539e-02
4.591774708889933415e-02
4.716944670401682083e-02
4.613899584861630432e-02
4.350400433169288039e-02
3.910171544442255648e-02
3.470383375099378442e-02
3.133192662812637336e-02
2.983968153828886125e-02
3.017078026110000394e-02
3.168609657819589781e-02
3.352709598715769568e-02
3.477990957855942034e-02
3.509080073047755877e-02
3.423969460093918837e-02
3.279107702675687630e-02
3.123914744065128118e-02
3.017659500888456026e-02
2.981908789740502289e-02
3.008193521903827078e-02
5.234992667400108907e-02
3.180102130988415876e-02
3.250800986012924304e-02
3.241363948894614155e-02
3.190616393846094218e-02
3.104144675809801177e-02
3.031675132077723406e-02
2.997941534813470046e-02
3.003292046921840486e-02
3.027511414029057310e-02
3.048210506369187361e-02
3.056900276232953073e-02
3.045639238292812551e-02
3.025697555827448065e-02
3.003041430458508812e-02
2.989572886968316912e-02
2.987365824936540765e-02
2.992344839345296298e-02
2.998817010514687881e-02
2.996442130653894156e-02
2.988795703302143947e-02
2.977399698475226980e-02
2.966212243249861588e-02
2.959833021606578934e-02
2.959395961081806234e-02
2.963356301878303928e-02
2.968487337091440734e-02
2.972323504361286395e-02
2.972990389607845299e-02
2.970401489327895161e-02
2.964935320371240787e-02
2.958490696061165035e-02
2.952841074701166579e-02
2.949258406832246798e-02
2.947670835346408516e-02
2.947645610277252817e-02
2.948389861187687352e-02
2.949026006479411183e-02
2.949098392136819888e-02
2.948401804369717161e-02
2.947342337354854139e-02
2.945994661097142003e-02
2.944861790062872423e-02
2.944045935297668476e-02
2.943589460227427970e-02
2.943586297895238457e-02
2.943818991768069535e-02
2.944242326049400713e-02
2.944732238244814407e-02
2.945210200908185416e-02
2.945809325211245361e-02
2.946632921713835535e-02
2.947847341855295775e-02
2.949871075899661646e-02
2.953068871019572800e-02
2.958022172810719636e-02
2.965554413866082137e-02
2.976857495434202111e-02
2.993755866427244561e-02
3.018584778927769358e-02
3.055776918666832168e-02
3.109188276863273509e-02
3.188914270044551635e-02
3.298958831371254230e-02
3.458205379431332493e-02
3.657527765669688069e-02
3.920464482846274662e-02
4.175694127390111587e-02
4.433583433572978877e-02
4.514857608587231896e-02
4.464565730120915316e-02
4.152627377033920458e-02
3.769723313902156869e-02
3.380645033091000257e-02
3.141079452407359585e-02
3.081401020460752815e-02
3.163371501551701104e-02
3.303728492898035801e-02
3.389605310604767302e-02
3.397930530172266206e-02
3.292799753550516850e-02
3.162543915122661975e-02
3.048436605727811166e-02
3.005530200948715314e-02
3.033100624851010896e-02
3.096728093895264114e-02
3.154232602299474053e-02
3.159570551554060497e-02
3.120402554386524779e-02
3.043584901496069681e-02
2.975360540864370462e-02
2.938427439474228936e-02
2.941871193323396597e-02
2.972096628725027362e-02
3.004462979985753068e-02
3.020472579813505976e-02
3.009213232710083660e-02
2.981553766469224181e-02
2.949830128940895968e-02
2.930156878696796308e-02
2.928065279407383523e-02
2.940177624797975925e-02
2.956974064022850623e-02
2.968091225172739267e-02
2.968829786029434856e-02
2.958743025641999425e-02
2.944041856353045439e-02
2.930574143086820196e-02
2.923150490909741384e-02
2.922687611479342709e-02
2.926967299329916172e-02
2.932455563069506776e-02
2.935710406226006014e-02
2.935513452676825896e-02
2.931915910163614136e-02
2.926891988045002627e-02
2.922210616339296352e-02
2.919423478912736708e-02
2.918966394672146275e-02
2.920472690630721707e-02
2.923124436123942724e-02
2.925970039202844403e-02
2.928575548830270048e-02
2.930757768784626044e-02
2.932994886794868319e-02
2.935962457662789904e-02
2.940506844810277659e-02
2.947764865953906438e-02
2.958489280724164311e-02
2.974374677493431957e-02
2.996168396977035714e-02
3.026972826533683852e-02
3.067868285041462639e-02
3.124672714270633478e-02
3.198476399599670811e-02
3.298589424205049941e-02
3.422801392365640988e-02
3.580658034419352542e-02
3.755713230743169817e-02
3.944454294916031195e-02
4.100873754039879859e-02
4.196490244870860337e-02
4.178826312869927950e-02
4.034612061004094752e-02
3.784642520050821024e-02
3.484864163084046979e-02
3.213876257177922247e-02
3.030253350065363616e-02
2.961042942597182787e-02
2.996544219965794828e-02
3.095316024693357815e-02
3.224082851476547940e-02
3.305789822395856919e-02
3.357626473374620418e-02
3.306292373993129086e-02
3.229962387549953351e-02
3.105169278473839806e-02
3.004527935656475801e-02
2.934669957549278924e-02
2.913169530591232237e-02
2.931321654885720579e-02
2.972258132355846960e-02
3.016256964961493842e-02
3.046290568638176585e-02
3.055394653679999184e-02
3.041708423287094176e-02
3.012888271527890127e-02
2.977861455318171757e-02
2.945058071603490896e-02
2.921142924272926433e-02
2.908085344166548916e-02
2.905685067664598789e-02
2.911019806920757402e-02
2.921281249388481271e-02
2.931476570691692388e-02
2.940572141705064327e-02
2.944108448782199045e-02
2.944075492395573437e-02
2.938450645740323108e-02
2.931134094541810314e-02
2.922100284078509719e-02
2.915016795760320967e-02
2.909962275941151838e-02
2.908933250629929315e-02
2.911183778739848821e-02
2.917334586524744297e-02
2.926268218255743264e-02
2.938610529258259621e-02
2.953542634829946223e-02
2.972977620073541036e-02
2.996461268640594755e-02
3.028198352138972496e-02
3.067130254148257504e-02
3.121367220977230850e-02
3.185533006126169825e-02
3.274973961908344416e-02
3.368456039612637010e-02
3.493715416010539226e-02
3.589239426789868348e-02
3.701242274066510185e-02
3.714868842645948493e-02
3.704853023562630632e-02
3.570478896440263533e-02
3.414309181786360364e-02
3.230876936445740283e-02
3.093662721711552127e-02
3.018814468256056024e-02
3.008440286494934446e-02
3.037638242418860129e-02
3.065946705130295075e-02
3.081642581541169448e-02
3.052214267124938110e-02
3.007424159512851747e-02
2.952482453638754362e-02
2.916517030199779204e-02
2.908376891520501190e-02
2.926576103335943452e-02
2.959048697895949251e-02
2.987924457098693753e-02
3.004584359928019061e-02
2.998227943579238886e-02
2.978766984794918929e-02
2.950755539595295920e-02
2.926681857974985923e-02
2.912337469223193892e-02
2.908731592411552269e-02
2.912897186402726643e-02
2.918992644521457153e-02
2.922669388238434765e-02
2.920502027356056129e-02
2.913609222466687076e-02
2.903445681467783229e-02
2.893674045434289910e-02
2.886603727367987454e-02
2.883688879386343135e-02
2.884772735920848596e-02
2.888777121066245929e-02
2.894171240085445518e-02
2.899440816873698201e-02
2.904034595397411017e-02
2.907496287797701681e-02
2.910582032337352687e-02
2.914039928139603233e-02
2.918703901002616535e-02
2.925895601718491931e-02
2.935435101961057086e-02
2.948731605206266967e-02
2.964330352716079697e-02
2.983879284006894089e-02
3.004855150292544061e-02
3.029769897949481650e-02
3.055440499795949658e-02
3.086258282644716369e-02
3.118960927874346242e-02
3.161093683028042001e-02
3.208935881787702143e-02
3.273968100520344149e-02
3.348332198484312711e-02
3.446524495191260334e-02
3.548742370064371376e-02
3.668664187461415094e-02
3.766598009484395382e-02
3.850192866751530468e-02
3.866151323614737401e-02
3.822402150390687148e-02
3.690438740454370092e-02
3.502903842224918546e-02
3.287613743564561652e-02
3.093502817152210538e-02
2.956748116111048569e-02
2.892866239760966823e-02
2.896352517744494107e-02
2.945450748157576321e-02
3.014094242573623142e-02
3.075309783270005481e-02
3.114242889218902383e-02
3.120771365585014306e-02
3.100294664699781988e-02
3.059872594961505002e-02
3.013140303079847593e-02
2.968690589944348104e-02
2.933224483847152175e-02
2.907788172090876311e-02
2.891897023063370181e-02
2.883021939294244662e-02
2.880079474351596169e-02
2.881776677549854546e-02
2.887387379243351246e-02
2.895763282080449780e-02
2.904912365376063205e-02
2.913004417142716490e-02
2.917685544821424157e-02
2.918218492550601895e-02
2.913579909778014551e-02
2.905316138078472069e-02
2.894224930383049177e-02
2.882983355919862406e-02
2.872806390812443489e-02
2.865343590857167763e-02
2.860693157250560059e-02
2.859034601821129271e-02
2.859567619491694759e-02
2.862364796391857896e-02
2.866725557963759746e-02
2.873991135496242050e-02
2.883648213837978688e-02
2.899452351356265889e-02
2.919718146761651062e-02
2.953534797903124842e-02
2.993979862573134185e-02
3.063785366379068176e-02
3.137474284714867473e-02
3.270424331946248514e-02
3.379297255677569251e-02
3.583953968824865610e-02
3.670285333718766724e-02
3.848985465483205359e-02
3.782063103522240871e-02
3.747439390305434825e-02
3.526627007677331227e-02
3.344460604673846205e-02
3.191720941871897116e-02
3.133949044632535624e-02
3.156505802048836101e-02
3.207077295805567385e-02
3.246857412176376578e-02
3.195297836274636760e-02
3.104904002953648087e-02
2.983310135464327037e-02
2.902169787495316802e-02
2.883224798522543778e-02
2.917032288303245124e-02
2.971091020415504366e-02
3.000466283646045784e-02
2.999345815919382194e-02
2.960995743468387842e-02
2.916674204592372213e-02
2.885257123213825700e-02
2.876084901833484905e-02
2.883919256882611082e-02
2.892250553458655324e-02
2.892973925910952843e-02
2.878487302885919530e-02
2.859908560456178930e-02
2.844797353117502897e-02
2.840980500449947002e-02
2.848224363565894646e-02
2.860285269393446350e-02
2.870280768322071296e-02
2.871567243576913370e-02
2.865924699414978266e-02
2.855294184092643794e-02
2.846205568930965449e-02
2.841762384874277694e-02
2.842974900738549221e-02
2.847957056785400953e-02
2.853744769846919271e-02
2.858486842976921960e-02
2.861110421340157597e-02
2.863658353063654877e-02
2.867989718774834745e-02
2.877327832866506674e-02
2.894214499717587610e-02
2.920583065552150026e-02
2.959857132509640526e-02
3.013500297019284374e-02
3.089609351855156227e-02
3.189387124956642727e-02
3.329402677023055035e-02
3.503017723395500382e-02
3.732381031537178318e-02
3.977495756270225946e-02
4.246335363745122604e-02
4.433191170024716049e-02
4.521990690289474923e-02
4.399997662813096011e-02
4.112485899910089948e-02
3.694830461888377882e-02
3.287832041797692645e-02
2.994827446194713721e-02
2.877754889243892833e-02
2.924137451845868624e-02
3.070974870775902005e-02
3.235369997060418001e-02
3.340702243129525101e-02
3.347529888984808466e-02
3.255067401987205705e-02
3.107389063386416239e-02
2.960528484994658788e-02
2.863505339246201487e-02
2.835643939613009118e-02
2.867395888643719040e-02
2.929731826079523538e-02
2.989935646366837646e-02
3.022027454287617640e-02
3.015742586302040673e-02
2.977376811277637411e-02
2.922925248988215638e-02
2.872632487043289690e-02
2.839410696265147124e-02
2.828036112785688866e-02
2.834318323414219964e-02
2.849952788330377407e-02
2.865868700235082306e-02
2.875864879810430610e-02
2.877327893811207002e-02
2.870584654726569124e-02
2.858934637008694879e-02
2.845104531445745433e-02
2.832661655108847237e-02
2.823063592400453306e-02
2.817379942690909772e-02
2.815285004079577311e-02
2.816046804518038474e-02
2.818536584457347755e-02
2.821657056920177237e-02
2.824468375263857606e-02
2.826119822766044384e-02
2.826347328319375046e-02
2.824775321400392614e-02
2.821886578562042211e-02
2.817911917773116212e-02
2.813695175815620828e-02
2.809757560618058453e-02
2.806692956555916982e-02
2.804761553062943419e-02
2.804012418287614092e-02
2.804276693074773952e-02
2.805272554188468354e-02
2.806705883495403189e-02
2.808332383948860395e-02
2.810050057164951293e-02
2.811857333321409608e-02
2.813946843842976553e-02
2.816630922014692201e-02
2.820389244453774119e-02
2.825953608353743915e-02
2.834124847304604622e-02
2.846406755090935201e-02
2.864039964238025357e-02
2.890133872447391353e-02
2.926120774969964700e-02
2.977926231033854038e-02
3.044289936522216397e-02
3.133925652577420479e-02
3.231321820808016193e-02
3.343929985469537569e-02
3.422063291268544194e-02
3.476225466629388056e-02
3.439450562535750072e-02
3.363340673001074393e-02
3.228560651170277879e-02
3.119581904068785896e-02
3.037975783791799916e-02
3.027202049398116518e-02
3.052737601880299578e-02
3.117800314619730701e-02
3.164186160734714509e-02
3.196387347558081460e-02
3.172518835753190825e-02
3.124613186930758763e-02
3.045411699506576225e-02
2.977850945594456150e-02
2.923383306949518118e-02
2.899331317641943087e-02
2.894937093433061492e-02
2.903466530741074039e-02
2.911890770060011208e-02
2.915175069800355484e-02
2.912499674260687899e-02
2.909807822332447641e-02
2.912987529516453122e-02
2.926690899813770216e-02
2.950861813859277302e-02
2.983299215924583442e-02
3.019530743723658484e-02
3.056004568114970010e-02
3.092206431237223482e-02
3.125995448106747010e-02
3.162890057205551553e-02
3.196874061537375439e-02
3.234385930423891442e-02
3.260651828047077955e-02
3.278889369299349543e-02
3.275123774155324491e-02
3.249353366287338618e-02
3.206976158904477348e-02
3.142595100665102059e-02
3.081887666129577708e-02
3.010660041423798144e-02
2.956065992752322444e-02
2.901244887550958468e-02
2.862499996788568646e-02
2.830033399951398243e-02
2.810287961616320801e-02
2.800489196591371757e-02
2.801407609545909089e-02
2.811061745076110646e-02
2.827102921305930938e-02
2.846209795707759643e-02
2.864621778198559593e-02
2.880708407171584523e-02
2.890959113777307604e-02
2.897760470932966848e-02
2.898680376074196097e-02
2.898437507781232575e-02
2.895226249798254353e-02
2.892776297722763484e-02
2.889441555156370064e-02
2.886458308643195803e-02
2.882750565441889040e-02
2.877851047954623626e-02
2.871864351591568720e-02
2.864169029890679258e-02
2.855866444295231815e-02
2.846975074082740836e-02
2.838597519826619592e-02
2.831156597160207691e-02
2.824902740518457633e-02
2.820254133839232222e-02
2.816577708424657100e-02
2.814292404769118058e-02
2.812389106168326422e-02
2.811497925647673049e-02
2.810689941476477924e-02
2.810882106642502432e-02
2.811373114752922439e-02
2.813277541984397431e-02
2.816053742859781286e-02
2.820940343368573758e-02
2.827469020304787181e-02
2.837102757127085359e-02
2.849408458879376660e-02
2.866412954006656438e-02
2.887566677576275040e-02
2.916142453915126359e-02
2.950718629431167347e-02
2.997131973159115892e-02
3.050513031581359238e-02
3.121782160613046850e-02
3.195723061232409040e-02
3.292917658313589818e-02
3.373897018085819655e-02
3.476485080552577794e-02
3.521715560927306254e-02
3.574383416095910232e-02
3.527029594730497764e-02
3.472558592215700679e-02
3.330739495883405787e-02
3.193793973415728210e-02
3.044657859363683952e-02
2.933378178843782172e-02
2.867589939666091020e-02
2.853624553156427004e-02
2.885305178127350184e-02
2.941749337893296776e-02
3.021716578410607937e-02
3.071177479059781015e-02
3.129973566718170092e-02
3.117318256953788280e-02
3.112710341013228896e-02
3.053109510141657074e-02
3.013693463998225186e-02
2.971895253066834247e-02
2.962828207021799692e-02
2.976980114014464093e-02
3.015808963174928040e-02
3.062372630819885228e-02
3.107379478793232883e-02
3.135304021518799111e-02
3.144168844421369596e-02
3.129969097601721650e-02
3.104417520617870629e-02
3.070101080148696440e-02
3.041532685143498449e-02
3.016591657175498459e-02
3.001809753231331895e-02
2.985894653203464283e-02
2.972729920157605663e-02
2.947797141188736661e-02
2.920838359549361371e-02
2.883875698573786298e-02
2.849041437643257124e-02
2.816124177236618148e-02
2.791361741041276795e-02
2.775306036644194924e-02
2.767537526588938895e-02
2.766007743533770505e-02
2.767778067330006753e-02
2.770947085253356451e-02
2.772877769586565636e-02
2.774211138101598251e-02
2.773640727889285437e-02
2.773271989036602686e-02
2.772865272086530788e-02
2.773899325591343279e-02
2.776247468507330590e-02
2.780232586098064368e-02
2.785468097566613788e-02
2.791854736927552177e-02
2.799100820437667655e-02
2.807409215486118825e-02
2.816811130506960067e-02
2.828129212205179530e-02
2.841475170059087549e-02
2.858520734274590247e-02
2.878953544820051988e-02
2.905734517354839966e-02
2.937354623641029797e-02
2.978825273875517973e-02
3.025942023790838611e-02
3.086819393657600635e-02
3.151552357780773583e-02
3.232359283449839915e-02
3.308641045741108483e-02
3.397033073161920963e-02
3.461441638246425673e-02
3.522869793568077224e-02
3.533297291708571708e-02
3.520154747664967082e-02
3.443495036713115770e-02
3.339907483238390568e-02
3.199139237310124478e-02
3.058755098034827286e-02
2.930493635841345881e-02
2.835058144794736293e-02
2.779264510728955001e-02
2.762210580744973651e-02
2.777040424747116015e-02
2.811811899529845574e-02
2.855955240861648287e-02
2.896372442653633028e-02
2.928295936445770437e-02
2.942543600852385449e-02
2.942501086388547155e-02
2.925167060688866477e-02
2.898934070675501101e-02
2.865675844663050434e-02
2.833527193631733138e-02
2.805120579868638706e-02
2.784639571144271672e-02
2.772551942493254110e-02
2.768891491643389255e-02
2.772269999832875642e-02
2.780553271042887284e-02
2.792241773730269258e-02
2.805027286977721662e-02
2.818506160592683385e-02
2.831354969415074418e-02
2.844453587947241846e-02
2.857843602169812813e-02
2.873290752265810627e-02
2.892049117742494929e-02
2.916171358893263760e-02
2.947566564776869444e-02
2.987349786658782813e-02
3.037279660218825117e-02
3.094376426695921029e-02
3.159974165225184345e-02
3.221258879899735472e-02
3.283076079318475449e-02
3.317906136502098841e-02
3.347855909467100516e-02
3.329398023068394497e-02
3.317471962275109904e-02
3.249556460865153651e-02
3.208486461733101730e-02
3.119670079335273849e-02
3.065471087387792309e-02
2.987201329678553646e-02
2.936207784847335439e-02
2.886228327203030006e-02
2.852646431106813096e-02
2.830103134877005877e-02
2.817403506568296606e-02
2.814026556695484876e-02
2.814893407044966045e-02
2.820913140621865434e-02
2.822615837273469500e-02
2.826225017982537946e-02
2.820477760798673766e-02
2.815571847613553350e-02
2.804875288223487168e-02
2.796197499612936704e-02
2.788393029850263355e-02
2.783860566098009942e-02
2.783005761470011552e-02
2.784272419142951038e-02
2.787669066083261343e-02
2.789893201981538673e-02
2.791831380121944858e-02
2.790105729378125968e-02
2.787516955059731252e-02
2.781831766373702580e-02
2.776809985558687660e-02
2.771596029238533598e-02
2.769232866203439475e-02
2.769369596506512932e-02
2.773547578356936813e-02
2.781184255780982592e-02
2.792578676729000689e-02
2.807198502453794875e-02
2.824637813570060607e-02
2.845163835429894567e-02
2.868040491418905394e-02
2.894572504290635409e-02
2.924108828867620288e-02
2.958212563879269313e-02
2.997136830997693818e-02
3.040714766700024219e-02
3.091351676296292053e-02
3.143864996420115548e-02
3.204136730500477953e-02
3.257766582418224893e-02
3.315083650613041139e-02
3.349773853102767929e-02
3.377556109237085658e-02
3.365155507615220226e-02
3.335365266195324668e-02
3.263344940603073868e-02
3.177721614615475199e-02
3.073185183722923486e-02
2.974596416265076412e-02
2.887642429145097570e-02
2.824063107857362198e-02
2.785879663171320075e-02
2.772927278945229446e-02
2.779969211832395912e-02
2.801408896028177720e-02
2.829689053884790889e-02
2.859089657666082779e-02
2.884083513859663633e-02
2.902357577106043363e-02
2.910369393311069627e-02
2.911759248206138503e-02
2.902075244155804049e-02
2.892227163162167450e-02
2.873532578631792997e-02
2.863284954666905219e-02
2.846362412373811338e-02
2.843925097605155133e-02
2.834570169558896929e-02
2.841034615822747925e-02
2.838363220125801265e-02
2.849207660874982298e-02
2.848914145442857371e-02
2.858333447058895860e-02
2.856375967680360034e-02
2.860408596902307490e-02
2.854705742310677252e-02
2.852134497174976108e-02
2.842550732106268602e-02
2.834344027807330843e-02
2.821973310889056702e-02
2.810252620792506872e-02
2.796773100457278227e-02
2.783985034890320773e-02
2.771248916619163324e-02
2.759640111709788651e-02
2.749275874114660151e-02
2.740465352920105901e-02
2.733478965329853849e-02
2.728231441072888341e-02
2.724932896578572197e-02
2.723380347123325815e-02
2.723748343528841279e-02
2.725916981330057248e-02
2.730118413584635070e-02
2.736454501163038469e-02
2.745331605849038806e-02
2.757200739325739794e-02
2.772810588672300694e-02
2.793082231332050594e-02
2.819339564997667275e-02
2.852961529326433418e-02
2.896098788666523829e-02
2.950006694924023690e-02
3.017669721630718629e-02
5.426420877328289732e-02
3.263964247788971734e-02
3.422389195568544679e-02
3.569020851800527167e-02
3.682153018492860530e-02
3.759942917040030863e-02
3.762251939679834428e-02
3.680638287507233264e-02
3.520092711005118336e-02
3.304936064707741927e-02
3.093502564126284979e-02
2.936767908136154320e-02
2.859368888414050291e-02
2.867150942727117457e-02
2.936775192607159191e-02
3.010795418861319378e-02
3.069465809429283709e-02
3.057446812196897012e-02
2.995591534177972914e-02
2.892624209077847286e-02
2.792001748913531742e-02
2.723071044089543993e-02
2.701615239386366552e-02
2.722694697158603572e-02
2.764349900336737775e-02
2.804970574470642963e-02
2.824388460048306987e-02
2.818557661265484737e-02
2.787820983844314232e-02
2.750874446118853692e-02
2.718109339308720160e-02
2.699877552768901318e-02
2.697773447163441529e-02
2.708063556271777389e-02
2.722631458238387869e-02
2.733826854938300674e-02
2.736695137232719385e-02
2.729900079495074100e-02
2.717885300170948953e-02
2.704725965088348658e-02
2.694385306190007906e-02
2.689575000206644723e-02
2.690565122526549294e-02
2.696344351620607108e-02
2.704511361774868811e-02
2.712765154592196651e-02
2.719255683113518812e-02
2.724632102317296745e-02
2.729600822273353655e-02
2.736389279302610736e-02
2.746531972174283409e-02
2.763655157977511906e-02
2.788963009832003820e-02
2.826467149884670169e-02
2.876458076637762248e-02
2.944775025057039253e-02
3.029733577922947424e-02
3.137608605002484286e-02
3.258960184412362793e-02
3.395222893695243327e-02
3.517519893541175280e-02
3.619942435701998390e-02
3.656098048298386805e-02
3.631335752284542417e-02
3.524819736063439929e-02
3.373974430255471252e-02
3.199779236875305299e-02
3.048401776484381195e-02
2.940046873398813321e-02
2.888817329425235128e-02
2.885846602280665862e-02
2.918149906094431173e-02
2.952687123543166342e-02
2.994231920718672460e-02
2.994423082450895640e-02
3.001089015536893487e-02
2.959635262863079957e-02
2.934693250290098393e-02
2.880611122464957902e-02
2.843245619244499228e-02
2.797196573432789504e-02
2.763990934954962259e-02
2.737057989044355127e-02
2.723265685780592096e-02
2.719865426124173577e-02
2.725673662993147867e-02
2.735881740553662220e-02
2.745242126473489142e-02
2.752682548954213035e-02
2.751165821764158664e-02
2.745442832577079523e-02
2.730410378796416238e-02
2.713258875206056575e-02
2.694062621625783333e-02
2.678322488978045895e-02
2.667975776169580898e-02
2.664325222347103950e-02
2.666611660531990891e-02
2.672685684908970155e-02
2.680342680589698975e-02
2.686539543732143973e-02
2.690996673098076941e-02
2.691528769029928603e-02
2.690055533373970215e-02
2.685528700122327694e-02
2.680345247476121837e-02
2.674312118025408413e-02
2.669087568780259198e-02
2.664745321566296815e-02
2.661825255815613092e-02
2.660101533340580512e-02
2.659331321594228179e-02
2.659093193504969560e-02
2.659032625092916380e-02
2.658934928229652467e-02
2.658688829272085746e-02
2.658334259391450377e-02
2.657912606377779707e-02
2.657533365542869702e-02
2.657261023512592912e-02
2.657208673836677221e-02
2.657470556139021611e-02
2.658186532614143643e-02
2.659535375636708221e-02
2.661747509043862689e-02
2.665239609709258925e-02
2.670539234048591518e-02
2.678736401125818289e-02
2.691162966714929702e-02
2.710685882341794251e-02
2.740546465851610713e-02
2.788221438853351331e-02
2.860929151546377433e-02
2.977783905460867214e-02
3.150654889635168959e-02
3.423839450748748098e-02
3.790119444538375681e-02
4.323442689912425363e-02
4.857061601041046117e-02
5.440706443680922572e-02
5.533368473144859023e-02
5.292625682452127556e-02
4.427215173202210530e-02
3.563271740758230249e-02
3.000704758879362000e-02
2.959436910540184235e-02
3.292168914820436249e-02
3.584683052506713180e-02
3.660056960156415906e-02
3.334786082353495551e-02
2.967480394974314484e-02
2.790026910854774209e-02
2.891981058582759889e-02
3.130259574286193419e-02
3.223421576021975876e-02
3.133941001182261737e-02
2.881539002459002768e-02
2.708150462550956358e-02
2.706382457255419871e-02
2.818718877744513795e-02
2.911398224562135317e-02
2.877517928604765921e-02
2.774461518229942580e-02
2.690321864442811114e-02
2.694751878390311620e-02
2.760918680029403327e-02
2.809732244757199085e-02
2.794673834511934851e-02
2.725266794029229667e-02
2.662688173669511271e-02
2.648135967825910458e-02
2.676221802779590181e-02
2.709640561454610547e-02
2.712685813286249553e-02
2.688007423739734170e-02
2.658253326989570842e-02
2.648269785363548123e-02
2.660675573404349195e-02
2.678172644380806544e-02
2.684218396981895294e-02
2.672141675898423094e-02
2.654243437194019062e-02
2.643221232668089074e-02
2.644735119035352203e-02
2.653243976414979693e-02
2.658553992817414349e-02
2.655309289783272866e-02
2.645360336566669399e-02
2.636113299058762127e-02
2.632991528759517225e-02
2.636052258420343297e-02
2.640934771592428482e-02
2.642875995279059254e-02
2.640583001926619100e-02
2.636034633069650468e-02
2.632656565638823165e-02
2.632237631766123562e-02
2.634135220602414756e-02
2.636250277720447038e-02
2.636716096263359843e-02
2.635347012340733333e-02
2.633124212951733906e-02
2.631603575748811541e-02
2.631522742132734807e-02
2.632648837455349097e-02
2.634098430076309283e-02
2.635071296439697730e-02
2.635405259057237853e-02
2.635514173962881165e-02
2.636131512065998175e-02
2.637806187160082055e-02
2.640823001056959163e-02
2.645182160346097600e-02
2.650923372441926426e-02
2.658437930666411250e-02
2.668462039821873147e-02
2.682397035832318963e-02
2.702014570723442963e-02
2.729558960601611087e-02
2.768252226856440790e-02
2.821151259591847538e-02
2.893908075581887174e-02
2.989722652428655758e-02
1.630893245094774124e-01
4.906936862552612605e-02
5.887431934085746166e-02
6.551134698200827833e-02
6.578609133456563007e-02
6.614989924012287803e-02
6.001761548712411520e-02
5.921475313826270181e-02
5.644428010930975514e-02
4.861398730048362149e-02
4.027153324017396230e-02
3.965969580970301472e-02
4.328018407123190858e-02
4.572371636937416078e-02
4.328829471326780393e-02
3.835468510144518506e-02
3.529412156260027661e-02
3.573045002442198220e-02
3.739073804582377508e-02
3.567593713224088275e-02
3.428327403779850291e-02
3.394960468377829221e-02
3.409652386372044597e-02
3.259784504828196205e-02
3.063836977338733197e-02
3.032552995738158064e-02
3.148621857948923075e-02
3.157038745977151090e-02
3.084764595415383920e-02
2.967625740722744376e-02
2.929325742007362482e-02
2.921009726695654798e-02
2.916884097331470804e-02
2.889997228851389627e-02
2.863965246328528669e-02
2.866911539747359072e-02
2.863811737822396022e-02
2.833382381913826520e-02
2.794501789547245568e-02
2.774842311816474311e-02
2.775720452286813134e-02
2.785321233165944169e-02
2.777042221798843927e-02
2.759633118237586266e-02
2.744828837100095342e-02
2.743624048523840564e-02
2.738949048387547686e-02
2.725943910072132353e-02
2.708316465118263891e-02
2.706734570954920371e-02
2.712530159032636168e-02
2.711825612290863843e-02
2.703127559512473119e-02
2.695482817354107052e-02
2.689349456605493599e-02
2.689496896442162763e-02
2.688496800088231026e-02
2.682825228701213663e-02
2.676036708890244462e-02
2.674183752052686561e-02
2.675578156649110334e-02
2.674714037454083149e-02
2.670786341930816293e-02
2.666649978837519475e-02
2.664678112162909007e-02
2.664177537322165445e-02
2.662985401353802281e-02
2.660067458884915470e-02
2.657582659914872747e-02
2.656181435739716698e-02
2.655952496645847677e-02
2.655002080868301001e-02
2.653619746683069658e-02
2.651893139233141988e-02
2.650429182664332597e-02
2.649120762219042691e-02
2.648208376812030695e-02
2.647060910514559967e-02
2.645609751145344343e-02
2.644380875286860000e-02
2.643659406704722270e-02
2.642997886761671092e-02
2.642274334955797138e-02
2.641345587314097507e-02
2.640358920497182238e-02
2.639395056839034803e-02
2.638559520425084320e-02
2.637856809854381701e-02
2.636986431523486579e-02
2.636092049492079828e-02
2.635187096787302424e-02
2.634388339058481299e-02
2.633719674153727625e-02
2.633110538653652202e-02
2.632410800940788650e-02
2.631676012129110370e-02
2.630960067600892488e-02
2.630349216587352795e-02
2.629754952331594259e-02
2.629129204307705317e-02
2.628446587038838975e-02
2.627774886266942903e-02
2.627116848900794624e-02
2.626497878262710681e-02
2.625898278325520391e-02
2.625287562833818894e-02
2.624675011911797862e-02
2.624060570995724942e-02
2.623467303675494633e-02
2.622889269073409163e-02
2.622329401573578189e-02
2.621774220916747722e-02
2.621212436806043961e-02
2.620649979708304309e-02
2.620102858834622364e-02
2.619562269164357748e-02
2.619032294921806725e-02
2.618508259114687292e-02
2.617986647489780466e-02
2.617462194591930330e-02
2.616942881817479333e-02
2.616433788254031098e-02
2.615934229350754675e-02
2.615444574736135869e-02
2.614962784993412476e-02
2.614489699632966888e-02
2.614032888961582632e-02
2.613605995942214211e-02
2.613219337450024132e-02
2.612890834537831553e-02
2.612652053673794952e-02
2.612555052782719253e-02
2.612683140110754962e-02
2.613179278120496274e-02
2.614271333001024281e-02
2.616351869582154294e-02
2.620053652884546391e-02
2.626492009606598566e-02
2.637464434706638522e-02
2.656191196894346768e-02
2.687799692740294039e-02
2.741563053718049786e-02
2.831582092736530804e-02
2.982910680241332782e-02
3.228673588331677780e-02
3.620952897330626669e-02
4.196753105588684613e-02
4.968872559568131286e-02
5.803700380752664645e-02
6.387686636868254719e-02
6.397132247389292203e-02
5.545220053700031237e-02
4.421836238831575866e-02
3.426882566945557707e-02
3.096612939250569657e-02
3.273166980252283087e-02
3.661684055540239541e-02
3.872989111899361597e-02
3.806385646122030508e-02
3.495178948766063109e-02
3.119557228497000373e-02
2.903217388295738222e-02
2.935541984705051718e-02
3.137304386648517157e-02
3.264581556057759293e-02
3.168185478126511051e-02
2.912802971904801183e-02
2.726739356613323492e-02
2.755592944221921248e-02
2.911952666106344678e-02
2.988745750925820774e-02
2.885689798265259759e-02
2.713646455094657212e-02
2.636524165683903215e-02
2.695603039456751643e-02
2.792175749170613258e-02
2.812640807491298411e-02
2.743192761130907112e-02
2.660158383277298755e-02
2.629372734325958680e-02
2.645846106640420414e-02
2.671967622047943455e-02
2.683383412647889765e-02
2.678416467878958970e-02
2.662433928513143616e-02
2.636054961134523533e-02
2.611654919270827574e-02
2.606174072898645097e-02
2.622739387967232966e-02
2.641962871471549568e-02
2.640592232308963325e-02
2.619058508792596052e-02
2.597003808712729928e-02
2.593081995627879305e-02
2.604874368534275050e-02
2.615510928256076922e-02
2.613419657143664990e-02
2.601402172869196963e-02
2.591149030518307556e-02
2.589340499213476851e-02
2.593500522643041317e-02
2.597324344250585837e-02
2.597472903674751671e-02
2.594886589028063545e-02
2.591492470383230037e-02
2.588163694133398945e-02
2.585364221808224283e-02
2.584105557620490837e-02
2.585049059230815766e-02
2.587087267677358471e-02
2.587945580435527249e-02
2.586289860774726446e-02
2.583129390678804219e-02
2.580672990962218361e-02
2.580186320220767895e-02
2.581084839323740873e-02
2.581816901550464810e-02
2.581397041675776577e-02
2.580048323931583357e-02
2.578640873351677881e-02
2.577786205466535419e-02
2.577480295251312337e-02
2.577384524856231318e-02
2.577252182699967323e-02
2.577042927182908796e-02
2.576750463605895908e-02
2.576288295403222559e-02
2.575588921078193066e-02
2.574765777645851919e-02
2.574077799999537411e-02
2.573713384401795853e-02
2.573612138314762543e-02
2.573531960181220379e-02
2.573260047268827524e-02
2.572770969047970951e-02
2.572211323599096766e-02
2.571741515854996177e-02
2.571431424590882656e-02
2.571247658207804695e-02
2.571134278976320436e-02
2.571071059060302255e-02
2.571118589050493813e-02
2.571352949104734054e-02
2.571939100582381482e-02
2.573026771954524047e-02
2.575083279564220617e-02
2.578530107700741439e-02
2.584793955016877198e-02
2.594750136571309651e-02
2.612823477178232573e-02
2.640124088642209488e-02
2.691323971654444383e-02
2.762729167160183491e-02
2.902646031092319390e-02
3.064719108657342275e-02
3.391576765797982285e-02
3.618034006556197085e-02
4.068429505758813791e-02
3.987204094633923362e-02
3.945632054399649674e-02
3.401057987955651007e-02
2.975386112493484322e-02
2.766267065151047436e-02
2.856754821669815064e-02
3.126448155498467302e-02
3.233266176248375534e-02
3.208478844742716080e-02
2.931319635101488699e-02
2.711820560943661515e-02
2.650065190336173618e-02
2.724342822177021339e-02
2.824601916558386328e-02
2.813978723877540861e-02
2.731648664529185908e-02
2.632495263390867771e-02
2.599872518692843484e-02
2.636441708077469012e-02
2.685335478333220061e-02
2.703891879268719919e-02
2.673744767402572164e-02
2.635209185115770097e-02
2.617566541279945855e-02
2.626242332833261112e-02
2.643573186570541758e-02
2.644815643044803183e-02
2.632236878378870978e-02
2.614324369585888444e-02
2.603838093686134531e-02
2.602895113973582863e-02
2.603197011918655795e-02
2.599933990462220332e-02
2.592517341031837230e-02
2.586283686668880422e-02
2.583274511576278201e-02
2.582006500332184595e-02
2.579748530155171610e-02
2.575361177328479995e-02
2.571611882498590212e-02
2.570149176030318144e-02
2.570907268437060827e-02
2.571761727926578922e-02
2.570708628039800742e-02
2.568365728093017705e-02
2.575181349826377586e-02
2.566656232483804576e-02
2.577731617545906198e-02
2.580983082053699834e-02
2.584117102629210003e-02
2.586979899965212437e-02
2.590835175447692151e-02
2.596920500439411569e-02
2.606554014300395405e-02
2.620539758440308328e-02
2.639169643397433138e-02
2.664378756993380365e-02
2.696719525004773188e-02
2.741195144659448746e-02
2.798962552514836985e-02
2.877522075307219554e-02
2.976916453784023836e-02
3.103488917166957045e-02
3.250230272135529869e-02
3.414433720214130052e-02
3.567724017756932625e-02
3.690300085412570597e-02
3.727488960209842522e-02
3.667046789294011594e-02
3.483824158681524119e-02
3.228983397150336776e-02
2.952102646161327421e-02
2.727207324319578380e-02
2.594609964751831699e-02
2.564219208497781413e-02
2.615109041632446979e-02
2.709622547013810362e-02
2.806923253730924522e-02
2.872560742459417601e-02
2.888782344811505892e-02
2.853293435265953984e-02
2.783197193364645231e-02
2.700582879887716836e-02
2.629735310968749767e-02
2.584209596489013896e-02
2.568078604567398601e-02
2.575668850456591316e-02
2.596905317721975512e-02
2.620606366397537981e-02
2.638514524788510701e-02
2.645989101442854791e-02
2.642208730150782947e-02
2.630128639071174085e-02
2.613135624967038301e-02
2.596020897522730020e-02
2.581441554170751940e-02
2.571345059894322022e-02
2.565593916704963368e-02
2.563396035102596948e-02
2.563163363826306829e-02
2.563728827545825109e-02
2.564032343892987467e-02
2.563773613261427498e-02
2.562867571759921970e-02
2.561581411527672630e-02
2.560183204440089066e-02
2.558922691663850432e-02
2.557945945077156127e-02
2.557239979033379060e-02
2.556753263973676402e-02
2.556252561402630463e-02
2.555639061290053415e-02
2.554656478324998994e-02
2.553335710454649257e-02
2.551567554998997178e-02
2.549542278825754973e-02
2.547300304986264974e-02
2.545063940765685678e-02
2.542910905797639287e-02
2.540982478439965386e-02
2.539319840064422490e-02
2.537966676761113996e-02
2.536915648894083955e-02
2.536147180077305552e-02
2.535623532122821544e-02
2.535299949414990955e-02
2.535128977452771534e-02
2.535066173821796942e-02
2.535076038263777559e-02
2.535132960204352845e-02
2.535226046151315207e-02
2.535349766397825347e-02
2.535515641141872917e-02
2.535732189986334567e-02
2.536032274036887149e-02
2.536438848756768227e-02
2.537015090980389645e-02
2.537809119155557541e-02
2.538939052394550283e-02
2.540502389519119775e-02
2.542724363297577117e-02
2.545803522103676914e-02
2.550186293368768634e-02
2.556283998327070137e-02
2.565016566245890972e-02
2.577235419534136540e-02
2.594889186894575039e-02
2.619689158504819385e-02
2.655796310112090372e-02
2.706366008379904042e-02
2.780027202987196688e-02
2.881213874805097983e-02
3.025947583999247931e-02
3.214154140703959911e-02
3.467248009106919937e-02
3.754687206654942766e-02
4.080644194735842667e-02
4.334498340702514635e-02
4.479529088485259547e-02
4.373269191456716221e-02
4.045511711660609161e-02
3.547637458326854260e-02
3.053670265069544781e-02
2.715008079097199975e-02
2.604602945692532923e-02
2.700092225416395736e-02
2.902112659311147438e-02
3.097789974235061125e-02
3.177581580824172941e-02
3.115416406600047400e-02
2.938182432518849502e-02
2.735163443236336353e-02
2.590677638803509999e-02
2.549114231527001978e-02
2.600307869607534905e-02
2.695590884681262067e-02
2.776516946192134766e-02
2.800509354142435153e-02
2.759714013932015875e-02
2.676839166081199095e-02
2.591754063783551637e-02
2.537481822620195338e-02
2.527221259283073812e-02
2.552628771791632528e-02
2.592575217740276591e-02
2.624957490332253257e-02
2.634618591475828067e-02
2.620172472268818969e-02
2.588762106177079289e-02
2.554864131562073135e-02
2.529609705202996023e-02
2.519289204734035184e-02
2.523034468227879079e-02
2.535374110544367371e-02
2.549032712021666314e-02
2.557865189877844836e-02
2.558900710578328533e-02
2.552193483798555207e-02
2.540984868655057904e-02
2.529045899042239517e-02
2.520032911665499517e-02
2.515874037047235653e-02
2.516671066309598970e-02
2.521065834981368534e-02
2.526898984370336623e-02
2.532351623752536127e-02
2.536012868542041748e-02
2.538172097888107687e-02
2.539223715271790235e-02
2.541770815776004180e-02
2.546848670235407272e-02
2.559297792795426491e-02
2.578418463279297940e-02
2.615095212020333154e-02
2.661706989844584564e-02
2.748552611686778252e-02
2.840093167829449081e-02
3.018791504081816054e-02
3.148981230819134641e-02
3.421285829993551270e-02
3.469617492011963650e-02
3.634679154021720759e-02
3.419678595888304973e-02
3.249447910237702325e-02
2.941226740063614120e-02
2.744269499821030966e-02
2.673716529114091370e-02
2.726235484482765134e-02
2.838356961867816511e-02
2.902216302619744712e-02
2.903304729803915518e-02
2.796435801652955369e-02
2.673479928646007447e-02
2.581994610930007233e-02
2.559257837978725497e-02
2.592159156226143263e-02
2.634098644935333605e-02
2.656282508503979983e-02
2.632259861564929457e-02
2.588736679324271997e-02
2.547259315437316873e-02
2.529463159267089992e-02
2.536800767410186258e-02
2.554662588311606627e-02
2.569009089779937180e-02
2.567891503134741779e-02
2.557634723171437613e-02
2.545186933808912116e-02
2.538952835764694133e-02
2.540733117733938451e-02
2.545622183880102973e-02
2.548923715525749575e-02
2.546985417479993158e-02
2.542173557107323817e-02
2.537450121549930659e-02
2.536246975088186223e-02
2.538979471817025962e-02
2.543690951974060879e-02
2.548616739317832725e-02
2.551886409091797675e-02
2.555157965766561082e-02
2.559230685430480615e-02
2.566817095367825846e-02
2.578485014829235561e-02
2.594257078731431951e-02
2.614144045043317877e-02
2.636971188176884945e-02
2.664459807770530597e-02
2.696407024067868502e-02
2.736161878308332462e-02
2.783708464704481508e-02
2.840923737551401262e-02
2.906042931449976871e-02
2.976038668095254067e-02
3.046227581863969469e-02
3.107772601542067858e-02
3.152447317010532990e-02
3.170379336660120173e-02
3.152364394845068307e-02
3.099118996073079585e-02
3.009010643068762980e-02
2.900211931081134176e-02
2.782337901639032884e-02
2.677561849953800921e-02
2.595227389661873899e-02
2.543710985887729509e-02
2.521696508088728736e-02
2.524158428624728723e-02
2.542446202359602975e-02
2.568320587460005619e-02
2.593697971665014784e-02
2.613548087737132056e-02
2.624523985928156264e-02
2.625994990979845650e-02
2.619086685143943299e-02
2.605914286555817416e-02
2.589523349029773311e-02
2.572307039852035626e-02
2.556767127443906190e-02
2.543945733817780386e-02
2.534809424923212262e-02
2.528838611699156524e-02
2.525894631591004552e-02
2.524603676703122968e-02
2.524648010376059903e-02
2.524596226041483579e-02
2.524542417735400890e-02
2.523411648305373678e-02
2.521757423666630415e-02
2.518919882791235271e-02
2.515665598335289216e-02
2.511652352048715509e-02
2.507595638481871503e-02
2.503338859010306727e-02
2.499395054589840723e-02
2.495678700672349787e-02
2.492473128889145101e-02
2.489697812305277994e-02
2.487457483447794854e-02
2.485662419098058976e-02
2.484317245232572913e-02
2.483340948462740144e-02
2.482709621188571372e-02
2.482376018873005963e-02
2.482334838827292278e-02
2.482591157646835134e-02
2.483183945524972472e-02
2.484189972145649933e-02
2.485717060299861420e-02
2.487960916407346013e-02
2.491149527673303110e-02
2.495716790470190946e-02
2.502123677255104622e-02
2.511316037268348025e-02
2.524215935002858957e-02
2.542886665595400081e-02
2.569117011652195803e-02
2.607380046972600923e-02
2.660811992091868805e-02
2.738777379917791549e-02
2.845111545267225983e-02
2.997430920321232997e-02
3.192706975486314658e-02
3.455675384173415715e-02
3.745736712652830702e-02
4.075058820978697677e-02
4.309994793952462433e-02
4.437084407386737012e-02
4.284992040453227541e-02
3.930025470441669833e-02
3.405476224856423401e-02
2.916323624458016378e-02
2.596761839248318618e-02
2.511954194436425217e-02
2.625639730394137977e-02
2.835159384428667662e-02
3.030378004906086886e-02
3.108778133081858269e-02
3.051487808093515317e-02
2.883465785967516404e-02
2.688653182425167210e-02
2.545137318009252012e-02
2.493997928453264498e-02
2.529393401336148955e-02
2.610423116099088933e-02
2.688450705814615649e-02
2.722403961015423812e-02
2.702603868401079815e-02
2.640467954257703226e-02
2.566551820826850488e-02
2.509678913998431016e-02
2.485303439909258838e-02
2.492518237690443533e-02
2.518090099017809141e-02
2.545272394351911008e-02
2.560026390091288406e-02
2.557815132161151903e-02
2.540877266667593976e-02
2.518053679777111642e-02
2.497769916283030037e-02
2.486074810574052940e-02
2.484027831563601768e-02
2.489683269357571144e-02
2.498437469099687100e-02
2.507544327401426201e-02
2.513906207159432790e-02
2.519615161447934237e-02
2.524199235796535656e-02
2.534598246938812860e-02
2.548822719893339278e-02
2.578923152805484217e-02
2.615555546722512364e-02
2.683755280273405347e-02
2.753303292429451488e-02
2.883048775711857456e-02
2.980863932276590564e-02
3.173443345826832546e-02
3.231987757973013575e-02
3.380616870479490055e-02
3.270984867294382537e-02
3.200946276286074227e-02
2.957887238876097391e-02
2.771156068768522093e-02
2.631245519242588621e-02
2.589677997854980193e-02
2.628526725853076035e-02
2.697173599904860095e-02
2.757254378562759220e-02
2.742564926522460256e-02
2.687380194119788970e-02
2.589853279209529055e-02
2.510224507438740815e-02
2.471614490922854554e-02
2.479472117049809354e-02
2.515827907506751684e-02
2.550425234070405334e-02
2.567460003831547807e-02
2.553280613953321648e-02
2.525122491291590526e-02
2.495632353882786328e-02
2.480632091446553084e-02
2.483600816709469888e-02
2.497981392765900172e-02
2.513930241898627155e-02
2.520021000523647164e-02
2.516466976729762189e-02
2.503447012398721250e-02
2.490277059496961293e-02
2.481491934029416216e-02
2.479948987991626580e-02
2.483880321638434058e-02
2.489320344766939724e-02
2.492939579853806556e-02
2.492425301561123491e-02
2.488965531286653488e-02
2.484123473598374987e-02
2.480659472675749919e-02
2.480063793804548194e-02
2.482679180377454081e-02
2.487979962884795393e-02
2.494427490112222090e-02
2.501642227240724603e-02
2.508343471829272558e-02
2.516065030530344887e-02
2.524664882833946994e-02
2.536614429748031835e-02
2.552391020130193727e-02
2.573615772933367241e-02
2.600805415391945277e-02
2.634116328303341345e-02
2.674103959248374032e-02
2.719586977016194562e-02
2.770786731421942539e-02
2.824768988125337874e-02
2.879722402763100486e-02
2.930490974417982938e-02
2.971469785410154468e-02
2.997540828761782045e-02
3.000815665668460711e-02
2.982020625116767187e-02
2.936435538580522628e-02
2.874232982350163196e-02
2.797413085259087273e-02
2.720515607775211148e-02
2.648775709099662756e-02
2.591343411958219739e-02
2.550405658836520789e-02
2.525814552872111818e-02
2.515169976708787544e-02
2.512966619656054057e-02
2.515744744012958500e-02
2.518150104114250110e-02
2.519217102613519055e-02
2.516478094707853830e-02
2.511856710542165888e-02
2.505342860415476353e-02
2.499633256677794013e-02
2.495328435724330357e-02
2.493833658211454252e-02
2.495187150537590132e-02
2.499014954941551972e-02
2.504955789795291696e-02
2.511458289949889192e-02
2.518534546037478478e-02
2.524199343520727723e-02
2.529317317310039379e-02
2.531974976185493581e-02
2.533804182822511214e-02
2.533235755751002058e-02
2.532257657039567109e-02
2.529739073763076843e-02
2.527560388494005592e-02
2.524990374554922368e-02
2.523475199418309667e-02
2.522591189875746445e-02
2.523257500399386094e-02
2.525291085539771094e-02
2.529170821312837214e-02
2.534944802282404833e-02
2.542780068836804352e-02
2.552985535681880774e-02
2.565485632506290040e-02
2.580876360232879640e-02
2.598783572235378522e-02
2.620081591455397652e-02
2.643834374788463226e-02
2.671143648867700324e-02
2.699950604339142538e-02
2.731546801676237174e-02
2.761885086766524555e-02
2.792664119365895897e-02
2.817008164188364999e-02
2.837898602595010158e-02
2.845750244615682240e-02
2.846361260893279232e-02
2.829472027463963979e-02
2.804631982519372249e-02
2.764156294290526922e-02
2.719754478625645636e-02
2.668156366968960080e-02
2.619380025826232444e-02
2.573378071424530650e-02
2.535637117394280368e-02
2.506649136220767335e-02
2.487738722854235598e-02
2.478443022115849048e-02
2.477936093409865981e-02
2.485560863883972543e-02
2.499140121369246639e-02
2.520381983191150380e-02
2.543891746601250128e-02
2.577649110248391578e-02
2.608187059764671689e-02
2.655109820494290507e-02
2.688848250539014467e-02
2.747148432102593935e-02
2.774637247492760250e-02
2.832221899258274139e-02
2.835664240755503968e-02
2.866287359486598824e-02
2.829551448783974507e-02
2.810826235530155051e-02
2.742512895930786926e-02
2.689245399510642454e-02
2.627042006718187384e-02
2.586454137767912886e-02
2.564949412988350858e-02
2.567243028061029497e-02
2.589283196193510259e-02
2.623070607849486285e-02
2.664431123788209288e-02
2.698862803708828098e-02
2.730480431151242893e-02
2.745059816555139864e-02
2.752592292118510864e-02
2.747610122670854360e-02
2.736767711109309303e-02
2.724647649540539937e-02
2.709481010902849846e-02
2.699866762511647644e-02
2.686833624226087069e-02
2.678786281757460780e-02
2.663166628108610406e-02
2.649223821315621619e-02
2.624839976037796757e-02
2.600974609362829981e-02
2.569593509907260390e-02
2.540534706159383246e-02
2.510759890681230067e-02
2.485784830230101938e-02
2.465180254456994860e-02
2.450145854429142470e-02
2.440261411361099864e-02
2.434503541036465990e-02
2.432047224378396794e-02
2.431354100164167045e-02
2.432062885625739523e-02
2.432867690005966269e-02
2.434267592363513477e-02
2.435406123631955744e-02
2.437239443731701802e-02
2.439287540391976011e-02
2.442479637750941471e-02
2.446537612080668112e-02
2.452286640811509807e-02
2.459554830268556591e-02
2.469263255648575933e-02
2.481371015368633720e-02
2.497096545328526124e-02
2.516611721854097525e-02
2.541498543115947722e-02
2.572109738257227426e-02
2.610209361879017864e-02
2.655916701897055934e-02
2.710577715069762209e-02
2.773227449644977832e-02
2.843971984220123456e-02
2.920341919805627406e-02
3.001424959070686516e-02
3.084381494929930301e-02
3.169434490694558043e-02
3.254318388420939651e-02
3.341429189713935460e-02
3.428462163721675282e-02
3.512859797671116086e-02
3.593421834127685788e-02
3.639654424965736712e-02
3.653534072496236740e-02
3.567926473418474992e-02
3.410531995328805466e-02
3.152754841415265213e-02
2.877571344034568490e-02
2.637773841691852875e-02
2.498441066233769020e-02
2.479940443836734301e-02
2.559385191482211816e-02
2.686095535677373095e-02
2.792894099818772624e-02
2.842179993089108750e-02
2.798427552847746608e-02
2.697141532630814922e-02
2.568370048650448975e-02
2.466791244622553239e-02
2.417492604444040905e-02
2.423136346199187760e-02
2.464874039890352017e-02
2.514490528113146744e-02
2.549992190532519507e-02
2.555923121443420820e-02
2.537654043527800413e-02
2.502746350512342205e-02
2.468167288468894882e-02
2.442778209417510032e-02
2.430978948202209763e-02
2.429887560085453729e-02
2.433820452353229608e-02
2.437151659095432646e-02
2.436651799690292552e-02
2.432582404682171601e-02
2.426911167838936151e-02
2.422492096531355180e-02
2.420758739702779175e-02
2.421676166341114878e-02
2.423759997515012587e-02
2.425047705219422756e-02
2.424056384570444020e-02
2.420264940452095115e-02
2.414316781435524306e-02
2.407535856150579134e-02
2.401461542861697482e-02
2.397236253462458819e-02
2.395348801399355479e-02
2.395599694995742199e-02
2.397289255621121509e-02
2.399536469602952388e-02
2.401511473933906279e-02
2.402702064562652409e-02
2.402868444481366661e-02
2.402155793896012734e-02
2.400835084277477133e-02
2.399322156841464382e-02
2.397954354518603767e-02
2.396990725086487958e-02
2.396549236360734705e-02
2.396624678638502315e-02
2.397171096184280356e-02
2.398125741498063207e-02
2.399507912513918623e-02
2.401507345918917763e-02
2.404399161828376860e-02
2.409084305315369740e-02
2.416220103031129982e-02
2.428616176795962700e-02
2.447248664127772005e-02
2.480823108227533588e-02
2.528503916718044531e-02
2.618224270516855343e-02
2.731155274477712128e-02
2.954552895431099280e-02
3.166389868401216223e-02
3.601207310887601792e-02
3.769435099029124631e-02
4.148276624914176702e-02
3.848410572758531600e-02
3.583735755451397664e-02
3.033564531839856235e-02
2.680299802487494387e-02
2.585810037997020999e-02
2.712049900404440994e-02
2.921509435826065426e-02
2.958552162777790262e-02
2.875398019569670727e-02
2.652742392929579099e-02
2.498011940079934018e-02
2.475994671303360581e-02
2.555420229965642276e-02
2.652315026314281884e-02
2.657008983269862692e-02
2.599351035106074390e-02
2.506951842586936305e-02
2.449581777042207642e-02
2.443290359307105294e-02
2.466423266111697488e-02
2.491077871919754327e-02
2.486689172312521803e-02
2.464589192953618377e-02
2.435781404303597603e-02
2.418883517231837713e-02
2.419611810094362409e-02
2.431371595518321341e-02
2.443561578469817530e-02
2.443661068928340563e-02
2.432026893508637891e-02
2.414149184873010459e-02
2.401989194440039624e-02
2.401848981172401837e-02
2.410561369726101771e-02
2.420228930199479905e-02
2.422386245580469138e-02
2.417302081837007996e-02
2.410625608979151055e-02
2.410644798186369411e-02
2.420685065386452700e-02
2.437527683547625890e-02
2.456406772861485094e-02
2.473388095846237866e-02
2.492855569396643101e-02
2.520066733623738814e-02
2.564019328201516679e-02
2.627790512985247323e-02
2.714738632175305033e-02
2.824508147165480376e-02
2.961049958711454294e-02
3.123720301679075786e-02
3.314628062476631526e-02
3.511469170735302681e-02
3.694898320470500069e-02
3.798072712186716798e-02
3.794576590798275778e-02
3.630326116340348852e-02
3.348549677479938785e-02
2.999412268731418973e-02
2.682466018870881611e-02
2.468369088856751589e-02
2.388856452844046255e-02
2.429946659829883976e-02
2.545886989580744761e-02
2.680583383386084956e-02
2.779211513037781189e-02
2.810280771655745968e-02
2.763994711341101473e-02
2.663118347770047564e-02
2.543407115880382333e-02
2.443650898859895879e-02
2.386936944182427300e-02
2.378151326481942746e-02
2.406174114460620309e-02
2.451706015773624792e-02
2.494614712465541284e-02
2.519815248397755045e-02
2.521085015681439820e-02
2.499894823138471694e-02
2.465676643644586913e-02
2.428547346508836899e-02
2.398659263001868408e-02
2.380797892679038796e-02
2.375820197323124175e-02
2.380636317239131702e-02
2.390630043133436938e-02
2.401113972092234691e-02
2.408680140614728390e-02
2.411595391514544801e-02
2.409601499357110627e-02
2.403967384171257562e-02
2.396099259646841673e-02
2.388055730802753768e-02
2.380934964379678373e-02
2.375717779107558783e-02
2.372420013961936552e-02
2.370852217638833026e-02
2.370465437380812890e-02
2.370781919310880823e-02
2.371359060724927137e-02
2.371927954064048313e-02
2.372334927507187274e-02
2.372501409541236811e-02
2.372479371498943321e-02
2.372270809708952599e-02
2.372010477413018931e-02
2.371687128318821294e-02
2.371408507853527137e-02
2.371118311792444477e-02
2.370899936808034542e-02
2.370722927150448189e-02
2.370709530916112126e-02
2.370914301138239699e-02
2.371535018823815733e-02
2.372731353738169457e-02
2.374831831101185259e-02
2.378165780046644084e-02
2.383352270142695406e-02
2.391064058696536210e-02
2.402529861713412554e-02
2.419062649515806365e-02
2.443008433220245426e-02
2.476525266262630254e-02
2.523417388123265839e-02
2.585365251078202559e-02
2.665736719391360865e-02
2.758515149407255590e-02
2.858617655157632415e-02
2.938965334923020548e-02
2.982550465776739879e-02
2.957163300058302663e-02
2.869931834468447684e-02
2.740274098435493272e-02
2.614140859726423252e-02
2.531807064073044247e-02
2.512916892338699221e-02
2.555550772648770841e-02
2.637739176655116632e-02
2.727269216043517325e-02
2.794767593483041962e-02
5.202027107056129279e-02
2.855169675664613951e-02
2.841840276736113530e-02
2.815290112484855958e-02
2.793973081125442071e-02
2.817708347587616347e-02
2.858326326804979181e-02
2.887638933447969625e-02
2.896745322078014134e-02
2.855876583247295153e-02
2.774415107161539579e-02
2.671464623856280654e-02
2.559546569376330155e-02
2.482605605546993333e-02
2.446049309883198061e-02
2.445871792492946770e-02
2.455252629556674629e-02
2.468816979811037232e-02
2.471608370067023691e-02
2.461077781812416598e-02
2.442172594464502022e-02
2.421861818251705434e-02
2.408211390610859662e-02
2.404415477985704166e-02
2.406404236640196509e-02
2.407788777527934687e-02
2.406729754414463698e-02
2.403814933127162989e-02
2.397792899217075432e-02
2.390561071129235216e-02
2.384898116115044542e-02
2.385843875343992074e-02
2.391547687612385550e-02
2.401469974920354342e-02
2.411594153283400099e-02
2.421771270761311975e-02
2.429675102099121409e-02
2.436191248126421544e-02
2.439448520284051222e-02
2.444548108603716505e-02
2.451041010738230080e-02
2.462955372160990919e-02
2.477687680228102957e-02
2.498815349132675612e-02
2.523400192123442104e-02
2.554846402000681901e-02
2.587290220939936214e-02
2.626675824391953851e-02
2.667055355345417794e-02
2.714250942960649143e-02
2.759654581071106436e-02
2.808971840987885271e-02
2.849673717052736421e-02
2.885855583184322032e-02
2.900347048701056377e-02
2.899917510597867232e-02
2.870544945186141728e-02
2.823334667841280107e-02
2.753317696037357876e-02
2.673957432653716396e-02
2.589845540906575080e-02
2.511528663129090899e-02
2.445273714357595538e-02
2.395724021341492233e-02
2.364433563738077559e-02
2.350222207081170689e-02
2.350129937640135780e-02
2.360370293418499049e-02
2.377014319613017859e-02
2.396352855266934562e-02
2.415728111399359154e-02
2.432784360636014095e-02
2.446409830146179659e-02
2.455639658065091741e-02
2.460447329716672002e-02
2.460882084881135107e-02
2.457598169355719800e-02
2.451128754618151634e-02
2.442339034301721848e-02
2.431985280839957936e-02
2.420882988132226979e-02
2.409747601793647831e-02
2.399165787050313789e-02
2.389671146387637238e-02
2.381518639509242266e-02
2.375075888646661221e-02
2.370285131350282140e-02
2.367519915020909263e-02
2.366527907669516151e-02
2.368001648461858649e-02
2.371480649378513578e-02
2.378541555007715122e-02
2.388228326368433546e-02
2.404103747509295230e-02
2.423834636613853011e-02
2.455296974953589256e-02
2.492056896291139009e-02
2.551325162688965198e-02
2.614337541876370422e-02
2.717715965461975358e-02
2.809680922280359192e-02
2.961122541837522479e-02
3.051214937201293317e-02
3.197419575228273303e-02
3.198226142350107243e-02
3.213448187808983642e-02
3.059529687759549033e-02
2.902041366506629902e-02
2.692990493497580962e-02
2.533993425410489830e-02
2.440335597944181395e-02
2.424815301531261721e-02
2.467897845762092104e-02
2.527714938916762397e-02
2.582830255921811369e-02
2.586194848935837592e-02
2.558636232766288779e-02
2.495348520836948233e-02
2.432818667965453568e-02
2.388204854847406772e-02
2.372580056576662974e-02
2.382870223822603981e-02
2.403932195382764425e-02
2.425476016981705299e-02
2.428510133648358743e-02
2.419975687102112610e-02
2.396387545920867015e-02
2.373093699085366409e-02
2.356448108670918667e-02
2.352288675351994762e-02
2.360621165003602001e-02
2.376609520794776068e-02
2.395421571153744794e-02
2.410090163452226555e-02
2.421239221534495292e-02
2.426459690482817011e-02
2.433116403933047178e-02
2.443667765545847609e-02
2.466491126080229759e-02
2.504394921932364543e-02
2.563825676655965766e-02
2.646191357375026615e-02
2.755568981926596883e-02
2.894158373315473126e-02
3.058475835724284303e-02
3.247962855954285299e-02
3.438060592364410722e-02
3.610546241961920533e-02
3.711900635670745130e-02
3.709849052356418986e-02
3.569086627746891754e-02
3.305759393414172548e-02
2.976613886498631276e-02
2.661114079196150867e-02
2.437433076511388852e-02
2.340508768432516748e-02
2.364534428512600137e-02
2.468195776177010275e-02
2.598178225258997165e-02
2.700027275307332122e-02
2.741054925378757362e-02
2.708887664566818343e-02
2.620006452295481000e-02
2.508506246993748301e-02
2.409156590074101184e-02
2.348747217527266673e-02
2.333810181058240327e-02
2.355988944081992276e-02
2.395994731647644108e-02
2.434964615158741880e-02
2.455998540340809805e-02
2.454942804933226905e-02
2.432944907142772784e-02
2.400225060004433641e-02
2.367540536533470699e-02
2.343568584021738302e-02
2.332742174970912213e-02
2.333875235129230508e-02
2.342864378152843818e-02
2.353506863183301573e-02
2.361394003778979553e-02
2.362760275118702333e-02
2.358092133128484105e-02
2.348293602533502167e-02
2.336856209368150597e-02
2.326352605977615937e-02
2.319109152396831366e-02
2.315960955162402884e-02
2.316601518773698035e-02
2.319883858314781416e-02
2.324236415010671325e-02
2.328311375240205844e-02
2.330929950374881210e-02
2.331811891833008438e-02
2.330764269908273956e-02
2.328484390373320931e-02
2.325395481264450406e-02
2.322372147749577481e-02
2.319815212387052808e-02
2.318200471982268668e-02
2.317594445353603552e-02
2.318047120842813696e-02
2.319391253231706251e-02
2.321539424875906574e-02
2.324372311758345078e-02
2.327953321408424495e-02
2.332456505143838676e-02
2.338277180707711012e-02
2.346073713710978073e-02
2.356705701240344869e-02
2.371569139762874298e-02
2.392090108575177163e-02
2.420762652806420986e-02
2.459194179570559774e-02
2.510935762125385620e-02
2.574959797908185979e-02
2.653533786574275438e-02
2.734198461343817499e-02
2.812696669839689911e-02
2.856572638453976076e-02
2.862046945928403002e-02
2.800827736645889604e-02
2.700520124403769928e-02
2.573466850737265652e-02
2.466541932869602272e-02
2.397905497024135218e-02
2.382419798202809261e-02
2.408389300044492393e-02
2.462361492170982158e-02
2.515266111624841344e-02
2.557549289783485336e-02
2.566502143104625044e-02
2.556228984945776300e-02
2.522506343305390419e-02
2.497893390048903928e-02
2.481103064102319414e-02
2.498944496027398487e-02
2.533972457965129321e-02
2.600281095417212446e-02
2.663017838930884645e-02
2.735562128645330215e-02
2.775122092470823018e-02
2.808038291377691967e-02
2.798541207313004139e-02
2.787644723775664635e-02
2.753582103227713782e-02
2.735766367684152461e-02
2.719452134040482513e-02
2.730891817321440262e-02
2.754419815602092425e-02
2.806155601751919235e-02
2.873564483624756888e-02
2.949297403145449692e-02
3.051463950007823889e-02
3.093646761922824034e-02
3.168150068061446889e-02
3.086575237210118644e-02
3.023525612474195490e-02
2.820670256514939966e-02
2.646132924986315665e-02
2.471949130597549116e-02
2.364278183072896639e-02
2.327418711136001669e-02
2.350448211166125678e-02
2.409844722114956594e-02
2.464232954826395955e-02
2.508385316996399397e-02
2.505190709690066977e-02
2.483353379720594153e-02
2.439717365758606316e-02
2.400473996945393790e-02
2.374964556519514741e-02
2.366379654225919671e-02
2.370987782228640636e-02
2.377441652910786130e-02
2.380416265407597765e-02
2.370550937718626794e-02
2.354013581116527754e-02
2.331988857567970225e-02
2.313627704867150109e-02
2.302622253610955849e-02
2.300631709444183812e-02
2.305711953069180392e-02
2.313797630767726321e-02
2.321431575246418050e-02
2.325070863673476748e-02
2.325186559843362560e-02
2.321347450276706192e-02
2.316533198257904325e-02
2.311839665986800685e-02
2.309033389178277371e-02
2.308443637892879097e-02
2.309761430442993854e-02
2.312350188353438918e-02
2.315036192085677402e-02
2.317545608554037739e-02
2.318921283343728518e-02
2.320033118257021701e-02
2.320546237315118665e-02
2.321873940867226135e-02
2.324108446817487600e-02
2.328324372712903267e-02
2.334711171022438997e-02
2.343782638736954110e-02
2.355925581256598789e-02
2.371425569320600654e-02
2.391345154584298416e-02
2.416088551484753960e-02
2.447863340578344815e-02
2.487216645620612260e-02
2.537637025556499504e-02
2.599287292636173752e-02
2.676155220181460764e-02
2.766305873995100056e-02
2.871130801331719939e-02
2.982822710306027095e-02
3.094211741949498898e-02
3.187921948958556684e-02
3.246206633608481051e-02
3.249473190386510668e-02
3.186352720531750865e-02
3.058830393457408550e-02
2.886726399746692220e-02
2.699431753603820372e-02
2.533395029296852535e-02
2.412235035764825550e-02
2.349795071987250544e-02
2.342001233201898916e-02
2.375439772062160754e-02
2.429464832696468998e-02
2.485532917680043433e-02
2.524447113194615636e-02
2.539645136370561468e-02
2.524881480847043086e-02
2.488393546474781948e-02
2.437177296459400871e-02
2.384336743019868990e-02
2.339108056817157041e-02
2.308125527570325380e-02
2.293536062139027096e-02
2.293554998744707155e-02
2.304095501171439866e-02
2.319725374141207164e-02
2.335826704333391832e-02
2.347951943393251917e-02
2.354603237308573044e-02
2.354324206758551252e-02
2.348692003063742456e-02
2.338718851296054876e-02
2.326972075212592472e-02
2.315120251749054961e-02
2.304881260222268330e-02
2.297163936764304651e-02
2.292320223094293508e-02
2.290232950758864378e-02
2.290377847908104184e-02
2.292162918696137586e-02
2.294905644840466302e-02
2.298140875568960295e-02
2.301480619859806731e-02
2.304829470022126681e-02
2.308276815720852748e-02
2.312046019617086667e-02
2.316825061278005374e-02
2.322936532751204708e-02
2.332051071395593173e-02
2.344134643141018715e-02
2.363103823179870874e-02
2.387216236166798261e-02
2.426026616071345898e-02
2.471520099291086778e-02
2.546919087156270314e-02
2.623764303551266372e-02
2.755120330598484837e-02
2.856418516985757827e-02
3.034319712176987774e-02
3.096504468562272239e-02
3.219434806529522519e-02
3.132528208343044601e-02
3.059586311256145066e-02
2.839170458742482431e-02
2.649986411884590332e-02
2.492027468210677998e-02
2.418346068018823597e-02
2.429007403134136184e-02
2.488379435247310700e-02
2.564144969041661642e-02
2.591957290680629161e-02
2.585209766712128279e-02
2.517892152421068522e-02
2.445779494857304101e-02
2.387110230471404040e-02
2.369525300703735973e-02
2.390741059982971761e-02
2.431800721320574732e-02
2.476237813752363293e-02
2.490201997087818780e-02
2.485725985134037974e-02
2.451545936770881118e-02
2.417307122562069310e-02
2.392565478314305494e-02
2.387826431763783591e-02
2.403669519691381193e-02
2.426973561968459592e-02
2.452078409229016889e-02
2.461818962719672377e-02
2.463171914232261880e-02
2.449255707253077119e-02
2.436630711525802906e-02
2.424098731564012371e-02
2.421532917871739576e-02
2.423454924727772714e-02
2.429135454567233482e-02
2.433299984961650314e-02
2.432567006074359134e-02
2.429283109328805867e-02
2.422725808141203141e-02
2.419175367041025149e-02
2.419097784597229461e-02
2.425352595720726631e-02
2.437216897427553486e-02
2.453446695178302522e-02
2.472852997953106646e-02
2.493705163294407390e-02
2.515855155656513201e-02
2.539396911664566076e-02
2.564484417032323466e-02
2.592840605057369213e-02
2.622328575216114482e-02
2.655150642959307888e-02
2.684697551550235123e-02
2.713497747520493553e-02
2.730814807965232377e-02
2.740372582353641992e-02
2.731525892879075462e-02
2.709592687229384067e-02
2.669846244941951122e-02
2.618339113608886964e-02
2.558187265310524899e-02
2.494679934921207806e-02
2.434635377015113150e-02
2.381285784263627650e-02
2.339399714773692657e-02
2.309484588734671273e-02
2.292240308475703564e-02
2.285801689667251238e-02
2.288396724469335744e-02
2.297068102430541853e-02
2.309622551874624882e-02
2.323464835366118031e-02
2.336906938555823043e-02
2.348691294301484198e-02
2.357662381900390083e-02
2.364192922559398696e-02
2.367362022306587765e-02
2.368895214716407183e-02
2.367867914274796037e-02
2.366784628716526312e-02
2.364668333261492339e-02
2.364207386749773987e-02
2.364437639552463902e-02
2.367860321116511610e-02
2.373612276934430887e-02
2.383990945931831890e-02
2.398240429773343743e-02
2.418702878217732222e-02
2.444410336265864098e-02
2.477987491552675545e-02
2.517095407448640548e-02
2.564455156850176457e-02
2.613729365519035577e-02
2.666890972256772199e-02
2.710394418645026282e-02
2.745453832098488506e-02
2.753313617432774987e-02
2.739144975315189329e-02
2.691851269205782632e-02
2.626593569932535177e-02
2.549047235158113239e-02
2.477132269792289843e-02
2.420610590104372434e-02
2.386092868950368678e-02
2.373479725742472235e-02
2.377384002419915751e-02
2.391009209940803126e-02
2.405065198690118158e-02
2.415392334711832789e-02
2.415133150100558235e-02
2.407026598508304333e-02
2.389215265762810458e-02
2.368589620003783841e-02
2.346509487909416783e-02
2.328515671083614472e-02
2.315215316299812018e-02
2.308246292778723049e-02
2.305863856720622926e-02
2.307058407300532910e-02
2.309376387342455816e-02
2.311408251573306150e-02
2.312182330292012616e-02
2.311131048999123111e-02
2.309292043309856685e-02
2.306880243868428271e-02
2.305867587495755155e-02
2.306517557954571029e-02
2.310589357263437976e-02
2.317855332016558953e-02
2.329704415446570351e-02
2.345460580548133778e-02
2.366734816911598635e-02
2.392803806299073285e-02
2.426069038111001303e-02
2.466138722441887574e-02
2.516061810994159667e-02
2.575879746391305028e-02
2.647500472615351569e-02
2.731087126786560515e-02
2.822398341631089658e-02
2.921497253865475152e-02
3.009332095949057359e-02
3.088863700244185578e-02
3.120891219544078346e-02
3.122944204757633485e-02
3.048961161942701642e-02
2.944473244381189125e-02
2.784124689607364242e-02
2.628594539799870844e-02
2.477333732665546601e-02
2.369526523585961317e-02
2.305546356533384050e-02
2.289737621521218888e-02
2.310658383437249816e-02
2.354775602690086303e-02
2.406480524065936211e-02
2.452221332343599083e-02
2.482744637266134577e-02
2.492897617166070501e-02
2.483308340040880913e-02
2.458469360558708863e-02
2.424822127578998496e-02
2.391874191391498566e-02
2.364387462204522311e-02
2.351266675696971759e-02
2.349505292362107089e-02
2.367748923829824867e-02
2.390872171088660042e-02
2.435185810445270743e-02
2.468120877377140421e-02
2.523831975451762411e-02
2.547156729745167492e-02
2.594767963227678775e-02
2.592304895111822993e-02
2.611600057139937259e-02
2.578554471550188743e-02
2.560650015058568013e-02
2.509173005122841693e-02
2.467981862739405258e-02
2.420150499724193008e-02
2.382312591283818407e-02
2.353725706284334057e-02
2.334716018264324650e-02
2.325772886137128861e-02
2.321673354010438117e-02
2.322701461267918238e-02
2.321889863374552998e-02
2.323085751037331018e-02
2.319014665568222902e-02
2.316518842871566689e-02
2.309984159384287014e-02
2.305291347628323634e-02
2.299439573458462310e-02
2.294982773351862335e-02
2.290924663129190186e-02
2.287133384962147103e-02
2.283703200259786653e-02
2.279592158778814825e-02
2.275555041857073302e-02
2.270796961177970474e-02
2.266468230746674500e-02
2.262213346462457059e-02
2.259169534290969561e-02
2.257122450246552489e-02
2.256861831798205251e-02
2.258073685949620740e-02
2.261170170177867825e-02
2.265750728578818166e-02
2.272035872130869980e-02
2.279703907288757950e-02
2.288982130609154564e-02
2.299771052682207662e-02
2.312402251022929386e-02
2.326977332599040535e-02
2.343910324561446906e-02
2.363209389855327330e-02
2.385231930637379469e-02
2.409227974294128952e-02
2.435281479483216230e-02
2.460993593380561562e-02
2.486248488762488398e-02
2.506806564388869632e-02
2.523660622926448757e-02
2.532665061260223893e-02
2.538809429495651748e-02
2.541217923226612649e-02
2.550969121399802517e-02
2.570051599817591362e-02
2.614588872955697987e-02
2.681703959488743183e-02
2.790500482105215049e-02
2.916621271460335604e-02
3.079949052137472346e-02
3.211689354727634282e-02
3.334567603840308397e-02
3.345414368793976634e-02
3.297461144074192996e-02
3.133219772878288734e-02
2.945150307687272734e-02
2.750121727680803277e-02
2.606155205794229851e-02
2.527769183194289795e-02
2.504719956176493928e-02
2.514587517225119057e-02
2.529484746610031337e-02
2.524410623924407820e-02
2.507647493525813620e-02
2.471661587928666512e-02
2.451230133634217656e-02
2.431002278285192275e-02
2.430513444921572966e-02
2.419454918439922775e-02
2.406557330097798889e-02
2.372801863765359662e-02
2.335194860784704785e-02
2.295782822194571138e-02
2.269353081258565497e-02
2.258206507391598977e-02
2.260935474502616047e-02
2.271041782418523752e-02
2.280153855824889469e-02
2.285087298577910889e-02
2.282251095301982696e-02
2.276301538407257685e-02
2.267851477604606453e-02
2.262448600199419915e-02
2.259268028158547409e-02
2.259384265257077112e-02
2.259634067106176120e-02
2.258710700360717916e-02
2.255037973074169866e-02
2.249124710877984518e-02
2.242386276463577410e-02
2.236954741664618634e-02
2.234096012569696671e-02
2.234678551558349005e-02
2.237606762988177123e-02
2.242334743322452195e-02
2.246732028797552086e-02
2.251104904539005108e-02
2.254075212548039067e-02
2.257919751076613996e-02
2.261870497020124562e-02
2.269474374647487483e-02
2.279038260057757170e-02
2.295173905935981445e-02
2.313726071316813890e-02
2.342202171173304176e-02
2.371797946274686528e-02
2.416738001359166471e-02
2.458013305488511088e-02
2.522542962015894216e-02
2.569514283906763896e-02
2.645984723150504939e-02
2.676088123527622237e-02
2.731206374436021683e-02
2.708074789480178005e-02
2.695207168977643494e-02
2.609339395672423748e-02
2.531839177184701944e-02
2.436721266050999313e-02
2.369622849845414228e-02
2.332300860916153643e-02
2.333011163683114744e-02
2.363950687899004158e-02
2.411630041983667955e-02
2.467850293336783934e-02
2.504728920349725413e-02
2.535534363451022455e-02
2.531367036832256681e-02
2.523630717519087865e-02
2.500194120049473515e-02
2.487618587841829154e-02
2.487287315677782357e-02
2.506183321530952579e-02
2.544297252327452907e-02
2.592986332793569687e-02
2.647312198850872156e-02
2.694306043880968088e-02
2.729142579712677541e-02
2.745023234849423843e-02
2.739658843628627050e-02
2.717205805133278418e-02
2.675892475859529412e-02
2.627571290960261166e-02
2.567371212122189841e-02
2.510150002116303888e-02
2.446332275597685318e-02
2.391706738695947854e-02
2.336649366768367431e-02
2.294032913642009286e-02
2.259271752230582880e-02
2.238013161972236473e-02
2.228635894502698292e-02
2.230611270752318187e-02
2.241435969884997617e-02
2.257901228612520933e-02
2.277085103643394434e-02
2.294949079603877604e-02
2.310806704679584447e-02
2.320778830139504784e-02
2.326966701300479251e-02
2.326751373168881379e-02
2.323313028174202322e-02
2.315878136690139796e-02
2.306924108651274216e-02
2.296992661048391851e-02
2.287149377650651155e-02
2.278198392622148363e-02
2.270099528149271961e-02
2.263385582400605223e-02
2.257576734579289437e-02
2.253024301161662968e-02
2.249254037978112158e-02
2.246655523831080775e-02
2.244898052371838842e-02
2.244529307648949340e-02
2.245331887774635118e-02
2.248085699505987523e-02
2.252587310496849057e-02
2.259990873638388631e-02
2.269940510498342709e-02
2.284238691842403746e-02
2.301985627952214675e-02
2.326013506511289200e-02
2.353862955476952734e-02
2.389695409725366149e-02
2.427202167322893567e-02
2.471776049466931774e-02
2.509728293805373739e-02
2.547720436174829434e-02
2.563654352722812349e-02
2.568293439649513635e-02
2.539729531302743759e-02
2.497768627535009930e-02
2.433619752590374455e-02
2.371581086071246347e-02
2.313535649896076435e-02
2.274168061312820469e-02
2.253222234444494931e-02
2.252183879840959427e-02
2.265099077941631553e-02
2.288105677803107391e-02
2.313894542813958385e-02
2.339646493518144840e-02
2.361221342749379379e-02
2.379392803604386819e-02
2.395350791234989937e-02
2.414192094275896538e-02
2.441787580063257621e-02
2.486198692907250207e-02
2.556118144009032062e-02
2.658447370742392929e-02
1.670075294743330829e+00
2.053322497219345344e-01
1.285982629413434941e-01
1.465238840055166358e-01
1.166305662345750171e-01
1.167338194935177986e-01
1.038144200262911820e-01
1.218234752926810327e-01
1.037406168809666684e-01
1.230249257068844054e-01
9.943943152906500882e-02
9.218479980572807930e-02
8.971342996247413937e-02
7.799814685602474151e-02
8.412418033123390815e-02
6.635316827900211711e-02
7.224280573797124683e-02
7.006324519797488271e-02
6.413104369857591802e-02
5.929800236211606873e-02
5.558202619967716335e-02
5.926256062089882426e-02
5.255191797225576555e-02
5.372557260140264912e-02
5.067209095949752606e-02
4.914051055159890380e-02
4.674330619211176929e-02
4.339760544028519601e-02
4.592721013789038964e-02
4.298807945097221639e-02
4.176607072958403444e-02
4.037419128677302571e-02
3.992940857323343945e-02
4.049427566232666198e-02
3.764333494647260914e-02
3.732234204340980493e-02
3.648994206120827200e-02
3.617292699419254881e-02
3.588340482628901706e-02
3.432720924978277521e-02
3.479785232016816693e-02
3.395755176964716099e-02
3.352205086921972860e-02
3.271986378540774065e-02
3.232017165487025695e-02
3.262701369410975216e-02
3.189952415835915073e-02
3.168441452215139259e-02
3.115049811391550766e-02
3.099227640172000017e-02
3.058428825263210388e-02
3.028693839411806046e-02
3.042664057484822243e-02
2.990045336542275153e-02
2.968386785795815164e-02
2.946081771087924114e-02
2.924178021039717038e-02
2.918902832164107369e-02
2.884327480417124556e-02
2.877321709757791474e-02
2.859256670522588445e-02
2.848819419708840256e-02
2.830331006357745052e-02
2.815263418602358819e-02
2.804746262244442803e-02
2.788646551027879408e-02
2.780204795925161898e-02
2.762949774073746728e-02
2.753669456029211177e-02
2.745146035719115557e-02
2.730632283692040890e-02
2.723118073306966119e-02
2.712943905636442180e-02
2.704662428435435778e-02
2.692171787277195666e-02
2.682337641674868017e-02
2.676428427130084220e-02
2.668157286391555083e-02
2.659753455181170997e-02
2.650589669814060190e-02
2.644031419442318537e-02
2.637127106303033958e-02
2.630341876600017503e-02
2.624380553307167213e-02
2.617435962822631246e-02
2.611756950652034323e-02
2.605822623365217083e-02
2.600126296950073038e-02
2.594794606360616845e-02
2.589461112075269397e-02
2.584659307843678241e-02
2.578924749935451732e-02
2.574449816150171932e-02
2.569505835213162573e-02
2.565040417991774901e-02
2.560349651545452965e-02
2.555762690878870397e-02
2.551651500677809548e-02
2.547410115134190675e-02
2.543508915273072837e-02
2.539535863362918366e-02
2.535625403600100247e-02
2.531908202621500903e-02
2.528187358647107294e-02
2.524642726721526564e-02
2.521097736939983958e-02
2.517795925855183248e-02
2.514420489321254198e-02
2.511127965355523795e-02
2.507936728256604519e-02
2.504811522317319794e-02
2.501865448451993587e-02
2.498871342346227833e-02
2.496007405061258233e-02
2.493164180754882386e-02
2.490409988002566938e-02
2.487731799198281829e-02
2.485090154335367965e-02
2.482527366213783948e-02
2.479991433360946920e-02
2.477542786604917946e-02
2.475113712468192048e-02
2.472739972378302370e-02
2.470426153881105646e-02
2.468157757476874617e-02
2.465944837802200307e-02
2.463755730653830259e-02
2.461615544588146437e-02
2.459510188371935580e-02
2.457457095011023399e-02
2.455441921477138911e-02
2.453458151973001572e-02
2.451514591903681747e-02
2.449600902301217464e-02
2.447729874528472432e-02
2.445881832210128337e-02
2.444069620950230226e-02
2.442290288124733533e-02
2.440541074481695355e-02
2.438825971840295412e-02
2.437135648076235728e-02
2.435478061033835226e-02
2.433849347143628508e-02
2.432254972698828788e-02
2.430693393308640260e-02
2.429168559878102512e-02
2.427685879825799975e-02
2.426252605640848506e-02
2.424881346019284664e-02
2.423587581968184371e-02
2.422400597796744992e-02
2.421357213842009401e-02
2.420522082385629520e-02
2.419986069025217845e-02
2.419895455618511354e-02
2.420466612368329939e-02
2.422057092958525282e-02
2.425184569354510433e-02
2.430739655414972805e-02
2.439973674097663248e-02
2.455187212894456225e-02
2.479277087799193480e-02
2.517975259689208753e-02
2.578128865298406902e-02
2.673416321658670172e-02
2.816560964774277379e-02
3.035395494013460108e-02
3.337746618135090104e-02
3.752838425320802196e-02
4.212357216839471979e-02
4.666002367894164782e-02
4.876794252594034151e-02
4.745110351123455611e-02
4.191165974032332042e-02
3.435978098302316930e-02
2.780157688317824033e-02
2.464373190453899784e-02
2.533738889738094274e-02
2.845068795460996974e-02
3.175480771884017089e-02
3.314853891452623769e-02
3.195280811169259189e-02
2.890507109639500749e-02
2.577994808257237647e-02
2.415509450068754199e-02
2.449520379616906135e-02
2.606086952914562355e-02
2.754559032353418035e-02
2.792700679665468047e-02
2.701774469086419550e-02
2.546033931721149862e-02
2.419612313417858485e-02
2.382755180673046258e-02
2.430396964595836137e-02
2.509216546051812324e-02
2.557760494435117049e-02
2.546524922000524549e-02
2.487293164984076543e-02
2.419143492074496415e-02
2.378954250945305646e-02
2.378948361685347818e-02
2.405556758890280838e-02
2.432679321658052368e-02
2.441503225124293935e-02
2.427736463545632911e-02
2.401742625209389581e-02
2.378220233355334001e-02
2.366584560951313573e-02
2.367452634602159461e-02
2.374267344207918809e-02
2.379696041366582623e-02
2.379111022534674547e-02
2.373084680036689070e-02
2.364755359269988047e-02
2.357503180234120019e-02
2.353106301170480863e-02
2.351059166612323031e-02
2.350010195770409899e-02
2.348611825239083767e-02
2.346588108732649072e-02
2.344097742722232869e-02
2.341643494002099840e-02
2.339427399634087107e-02
2.337294865359958174e-02
2.335030917960186428e-02
2.332458854703472334e-02
2.329767242512269590e-02
2.327243838251536259e-02
2.325193139716588697e-02
2.323658538965862885e-02
2.322480844584202606e-02
2.321349700890651055e-02
2.319986979355352988e-02
2.318296314462389707e-02
2.316335401771919128e-02
2.314305187424475774e-02
2.312401071494314328e-02
2.310758567900653496e-02
2.309395943915533433e-02
2.308245082847439414e-02
2.307198753510808151e-02
2.306171455780178098e-02
2.305116650862125069e-02
2.304029637904038766e-02
2.302928929042250689e-02
2.301836019744799705e-02
2.300762877741334422e-02
2.299710157651130987e-02
2.298678145007655022e-02
2.297670978444786571e-02
2.296699935367906009e-02
2.295780248085435571e-02
2.294925991389968473e-02
2.294141498539909937e-02
2.293418016256149050e-02
2.292734788455046135e-02
2.292068284916375792e-02
2.291394990038245899e-02
2.290701373039704530e-02
2.289981501069671826e-02
2.289241966556102709e-02
2.288493276823101719e-02
2.287749671677797095e-02
2.287021465303463313e-02
2.286315528056086233e-02
2.285632440149125422e-02
2.284968978817336627e-02
2.284319623161622931e-02
2.283678673898349720e-02
2.283041887368634365e-02
2.282406937683318163e-02
2.281774185152884299e-02
2.281145347039754620e-02
2.280523429956756234e-02
2.279911355908862888e-02
2.279312180167877844e-02
2.278728094202335172e-02
2.278161308240573418e-02
2.277613817903731408e-02
2.277088667346977360e-02
2.276589798141340909e-02
2.276123851071997634e-02
2.275700156511643868e-02
2.275333503300620841e-02
2.275044113785782557e-02
2.274863378941439571e-02
2.274834132693625763e-02
2.275023644152861582e-02
2.275523801967680587e-02
2.276482575744891851e-02
2.278102164963122234e-02
2.280716889438481887e-02
2.284780905437966414e-02
2.291064335372965804e-02
2.300598344492892078e-02
2.315166875470019495e-02
2.337085533781370350e-02
2.370383023249898746e-02
2.419939949167176571e-02
2.493948011340624271e-02
2.600760651272058036e-02
2.751836118103703765e-02
2.952906252888260613e-02
3.197424365456643519e-02
3.463942205714509032e-02
3.667732826305802885e-02
3.776556220535109282e-02
3.648299059063254968e-02
3.410024524674794277e-02
3.033477988673887599e-02
2.741392318700724626e-02
2.550284949719949790e-02
2.501935613629912777e-02
2.535752921428301165e-02
2.589572953591612672e-02
2.605091897773164494e-02
2.574723991320336525e-02
2.532101915674235537e-02
2.492964940553614450e-02
2.484759914206010473e-02
2.479382534590269041e-02
2.465008815740139803e-02
2.426598027278469363e-02
2.380103814160638986e-02
2.346810070418009833e-02
2.341617188046455841e-02
2.366963543993351807e-02
2.396183229242086765e-02
2.414958604261179670e-02
2.399362922537979712e-02
2.362809743052781547e-02
2.320188977748793846e-02
2.296480789048505750e-02
2.300822156676186198e-02
2.327080301130676765e-02
2.358422200878469710e-02
2.377741063828772358e-02
2.379107008540945131e-02
2.366891879882971825e-02
2.354446634664763421e-02
2.354039746607409014e-02
2.370483723059722131e-02
2.402695492922908918e-02
2.440156929089845952e-02
2.479934590539353140e-02
2.510784599667474637e-02
2.542796530864686530e-02
2.569591641998541370e-02
2.605186649453230738e-02
2.639313806479801072e-02
2.676151702483077141e-02
2.700046963815983664e-02
2.710094374064594969e-02
2.696836100471958902e-02
2.665534490024614941e-02
2.617016690164291476e-02
2.560867754035205460e-02
2.506023315911348054e-02
2.439252718130478434e-02
2.388236872738867117e-02
2.331315496096580259e-02
2.297675111266187647e-02
2.264239593704242548e-02
2.251838734401456765e-02
2.252696414354798601e-02
2.263474421111218507e-02
2.279849833141322363e-02
2.297896606932882738e-02
2.314322351490130658e-02
2.328247320860602626e-02
2.338729009247489041e-02
2.346966698432407725e-02
2.352697518997692860e-02
2.356824806854612361e-02
2.358784732076775470e-02
2.359094293228219605e-02
2.357626864956411175e-02
2.355375664870974078e-02
2.352953578036131796e-02
2.358067899727780969e-02
2.351969308689315710e-02
2.361215770651216295e-02
2.360586969881504210e-02
2.375496880929979515e-02
2.381368699224502977e-02
2.395795271755746941e-02
2.413982986034141423e-02
2.432257045786200694e-02
2.452408197389445432e-02
2.467832252768567200e-02
2.480528069281000281e-02
2.488174843409549086e-02
2.475672543313423707e-02
2.455005508629504868e-02
2.426841492519347943e-02
2.389495007471210269e-02
2.351662853903451617e-02
2.315119592428302453e-02
2.285895968102526210e-02
2.264852460105447329e-02
2.253453542893124606e-02
2.256438937050102289e-02
2.260160122825118079e-02
2.262456315728431436e-02
2.273958718083443284e-02
2.286960035264799795e-02
2.300588162491353991e-02
2.314460632854012032e-02
2.328708927722130534e-02
2.343804710866274899e-02
2.360950424393883432e-02
2.380929592290074656e-02
2.412228861860711907e-02
2.443046798871656086e-02
2.477287178387208369e-02
2.525688854532961991e-02
2.587459175704717729e-02
2.657919940649723645e-02
2.742639868333461572e-02
2.836018859306139311e-02
2.923957194487053490e-02
3.008679035619020448e-02
3.066969185774307688e-02
3.088942704444222476e-02
3.071210456564037183e-02
2.996010995676128691e-02
2.881437468566299884e-02
2.733196803935604782e-02
2.584460513924010522e-02
2.451281967795526651e-02
2.358198776390818888e-02
2.307292142372984953e-02
2.299706839063835051e-02
2.321740961541657322e-02
2.366219346237628113e-02
2.400780060658488577e-02
2.435616162397434212e-02
2.441894481943293616e-02
2.437877787040415578e-02
2.405776400682492142e-02
2.366706609868946681e-02
2.324458179498856136e-02
2.285509797701961235e-02
2.256035963873720407e-02
2.238335577003194854e-02
2.232720100230058818e-02
2.236793764413752203e-02
2.247530317780920342e-02
2.261092552135275310e-02
2.274206498421297087e-02
2.284443143922147007e-02
2.295477913461733965e-02
2.296115918473478137e-02
2.291750967479515289e-02
2.278441364666120017e-02
2.268006347622597910e-02
2.256672867340020483e-02
2.245479591004365116e-02
2.235458996261571393e-02
2.227173178702913578e-02
2.220856422752586629e-02
2.216574122519816836e-02
2.214077041804400972e-02
2.213156165809454165e-02
2.213403673937285043e-02
2.214576367556157083e-02
2.221686454750192163e-02
2.223854720426374221e-02
2.226209488604994138e-02
2.223554977601575541e-02
2.226298415925375557e-02
2.229382895372034393e-02
2.232707848711559806e-02
2.236788452644339342e-02
2.241468217931577578e-02
2.247694559138091464e-02
2.255097677078918283e-02
2.265513183399221059e-02
2.277962469342859758e-02
2.296117597861513718e-02
2.322500706874401633e-02
2.348994644916486615e-02
2.389020891001734578e-02
2.436801971704894570e-02
2.493718183215656511e-02
2.567303261168049633e-02
2.628138567967086558e-02
2.718511577595765852e-02
2.756105574783148521e-02
2.810942714938930581e-02
2.788260942649037344e-02
2.759101773415736925e-02
2.683594196276020694e-02
2.616024472281225019e-02
2.565681893289834675e-02
2.558477904065114064e-02
2.594428332452752145e-02
2.664923490544897355e-02
2.749765037860369549e-02
2.820243904913524724e-02
2.858890093692002463e-02
2.830664672948669802e-02
2.763357382144955576e-02
2.655804696239234125e-02
2.556542274733154124e-02
2.486683611716294928e-02
2.457989755245942876e-02
2.471835757621878432e-02
2.489586072587387025e-02
2.520685627930085299e-02
2.518918353293577578e-02
2.508613593830102267e-02
2.468934645309323397e-02
2.425200443565707353e-02
2.384399494373016029e-02
2.349954874804501687e-02
2.325316654142222522e-02
2.305200870958009490e-02
2.287142074553117840e-02
2.266724271532539678e-02
2.246160766403648354e-02
2.232114547091690326e-02
2.219602330527632034e-02
2.210856965787889872e-02
2.219581368861129472e-02
2.224710214110209305e-02
2.235686727161373746e-02
2.244500130851408495e-02
2.247830671933127161e-02
2.245919526371692801e-02
2.239212435508899923e-02
2.230625190540674180e-02
2.222410081565513382e-02
2.216800566944152062e-02
2.214808707216720657e-02
2.216596671982435166e-02
2.226234437170569042e-02
2.233675138223078713e-02
2.243041209387640345e-02
2.249308280290756787e-02
2.261911206230414473e-02
2.276963689541597682e-02
2.295532004988330016e-02
2.319543515310207651e-02
2.349864311698519892e-02
2.389661770742964805e-02
2.443319548756136064e-02
2.501952073205886834e-02
2.580803804182104505e-02
2.666562999074537782e-02
2.768662327626115680e-02
2.870364862612966028e-02
2.966561724047202253e-02
3.045956482748789912e-02
3.087248567511807068e-02
3.069942900391001844e-02
2.993516353202500813e-02
2.864592681918766426e-02
2.699888308128255837e-02
2.530899856908416096e-02
2.384896877519318212e-02
2.283958590611005063e-02
2.234708450703598928e-02
2.233267591069686142e-02
2.265776494887754983e-02
2.319592323672877224e-02
2.368885917115340703e-02
2.404750801732341917e-02
2.414315861369636940e-02
2.404388553537727125e-02
2.374093189664368622e-02
2.331329765622118869e-02
2.285528344145883184e-02
2.244973735669733572e-02
2.215631502198525324e-02
2.199660976512791966e-02
2.196391245123371916e-02
2.202794426512494352e-02
2.215083181027954415e-02
2.229074564911406181e-02
2.245934901613803880e-02
2.254720947694294209e-02
2.258745361220481501e-02
2.253547875141733922e-02
2.248127065327487281e-02
2.239515189393808184e-02
2.229024622254992261e-02
2.218061725738776011e-02
2.207577806090906675e-02
2.198445031604879044e-02
2.195080366970568117e-02
2.189562881555565110e-02
2.181869831120675229e-02
2.179863352520212266e-02
2.179207256281667088e-02
2.179581330590186702e-02
2.180686399437688217e-02
2.182262234509604534e-02
2.184105036923372073e-02
2.190039895154894181e-02
2.192035964344004467e-02
2.194005151783263996e-02
2.192116011710568482e-02
2.194178680274508700e-02
2.196400605076820334e-02
2.198823852721817559e-02
2.201676838318754326e-02
2.205038127486482619e-02
2.209235808250340632e-02
2.214437532173956294e-02
2.221163679318382406e-02
2.233589764716142553e-02
2.241012918423322328e-02
2.259394601274189798e-02
2.274825579424943206e-02
2.303548185527243622e-02
2.332711576712222928e-02
2.378724058572283251e-02
2.430020735654078723e-02
2.501917628412005101e-02
2.583110740018857571e-02
2.679577891467805131e-02
2.786899366132202308e-02
2.888847550194312622e-02
2.964393914567796731e-02
2.989465284771031586e-02
2.954233658343700941e-02
2.848549895805166376e-02
2.690496759731497017e-02
2.522793245819939661e-02
2.383640048494540739e-02
2.300131211485605121e-02
2.280139328775637741e-02
2.314476797113522444e-02
2.379815593829333678e-02
2.451332524826148329e-02
2.500310736286343732e-02
2.506252294039797851e-02
2.471878467343489871e-02
2.406173353307861432e-02
2.337418499927788190e-02
2.290786726412085902e-02
2.274367840170568936e-02
2.293225761278726293e-02
2.328609096094960695e-02
2.380704895098726889e-02
2.410406993438709428e-02
2.446315336917449443e-02
2.448115206955437176e-02
2.470003888332712033e-02
2.466712807103084437e-02
2.501953137769516097e-02
2.522888631210678731e-02
2.580686159698623167e-02
2.610349351004804391e-02
2.646094510061802740e-02
2.633139829957682407e-02
2.602038153447805771e-02
2.530926367122364462e-02
2.450707796741504602e-02
2.377406842782627677e-02
2.324347470719375502e-02
2.308499084098452128e-02
2.327908971341614147e-02
2.374103787911607116e-02
2.434116423640003343e-02
2.494090113231305778e-02
2.542156833282047113e-02
2.563666923940979836e-02
2.564803277237608092e-02
2.539721334520694471e-02
2.504068645685599698e-02
2.467505417171744417e-02
2.430105328904092268e-02
2.403790971600815521e-02
2.388019210107454604e-02
2.380902721103661523e-02
2.369279243127134574e-02
2.356117674532777137e-02
2.337389121904113326e-02
2.312797067700971682e-02
2.278105825142384341e-02
2.246984987078714385e-02
2.213204665514555483e-02
2.191577518582123532e-02
2.172013908636850205e-02
2.163892637257489385e-02
2.162770500410470323e-02
2.166490479070299485e-02
2.175720474889333150e-02
2.179249202988924050e-02
2.184531220986138389e-02
2.188244164446115705e-02
2.189569653054491624e-02
2.189602552563511828e-02
2.191478227708533455e-02
2.187276175901350928e-02
2.189697436286157720e-02
2.187347445206888619e-02
2.189731895798870467e-02
2.194170014685001974e-02
2.200843511519432610e-02
2.210059558790252940e-02
2.225041156642169893e-02
2.240360049327549258e-02
2.259417727221835204e-02
2.280555449799430076e-02
2.310232594183310451e-02
2.347770382175210988e-02
2.393153294216125021e-02
2.449891281720749728e-02
2.515642854679407334e-02
2.594551125518028412e-02
2.681343892409244339e-02
2.770072291079235180e-02
2.854059955681080216e-02
2.921149173016423378e-02
2.956409626159801213e-02
2.948996925724225310e-02
2.892089698227185909e-02
2.787656418334215347e-02
2.651275176740733319e-02
2.506445024746943584e-02
2.374201406319156882e-02
2.273882175662945287e-02
2.214113175921989321e-02
2.194989298658050342e-02
2.210678537066518984e-02
2.243757291295272668e-02
2.283742071371827262e-02
2.318885968567607411e-02
2.338838172036347349e-02
2.344119885641636827e-02
2.332858510639534630e-02
2.307683193186699580e-02
2.274652078123424320e-02
2.239643151636780405e-02
2.208126280646434056e-02
2.183858873848470994e-02
2.168510074788698727e-02
2.164727335232548289e-02
2.165608258051764795e-02
2.171631160368462515e-02
2.177810709313431070e-02
2.187243960959957614e-02
2.195636336066542418e-02
2.204449199684540422e-02
2.205501100287068916e-02
2.206434501406846077e-02
2.205405690585108408e-02
2.205121892862379335e-02
2.199199182797627328e-02
2.197825527019256139e-02
2.192448651679450994e-02
2.189907141332361057e-02
2.189849170806542830e-02
2.190435188297703770e-02
2.197155975242019721e-02
2.201946379900658612e-02
2.209109751956865944e-02
2.219109645321733215e-02
2.236079332378977311e-02
2.252454917978615606e-02
2.281460091807471086e-02
2.305019889769725425e-02
2.340141589501794003e-02
2.371795143976403522e-02
2.415686635445443015e-02
2.443310979824302523e-02
2.487311933228386618e-02
2.502183197223419031e-02
2.522582839573645971e-02
2.511073354690229742e-02
2.499338890394588175e-02
2.468016800184873877e-02
2.438038777490990350e-02
2.409765251955143378e-02
2.387997671126951271e-02
2.377841611491099752e-02
2.372407723031532550e-02
2.373039747488685583e-02
2.368048239869624538e-02
2.359345938616550648e-02
2.340850136760130873e-02
2.318359612174945156e-02
2.289094312353259428e-02
2.265583328857601400e-02
2.247047854566920286e-02
2.244624849839495923e-02
2.251421905988491498e-02
2.277050949209384612e-02
2.312194013460602826e-02
2.359930929031720317e-02
2.411970239534151975e-02
2.464881687924775841e-02
2.519906685235721172e-02
2.566053162385111344e-02
2.604664253341753763e-02
2.631127098191816255e-02
2.649180136248352121e-02
2.658043124781638011e-02
2.661456386427326834e-02
2.663244386625806745e-02
2.658433047376492983e-02
2.653050981856969193e-02
2.630284752254203121e-02
2.599140829427694366e-02
2.540630318443369562e-02
2.471634261250168704e-02
2.385125843549399521e-02
2.304516876787016805e-02
2.231746730432298056e-02
2.184507467041709936e-02
2.158018617673263667e-02
2.155926150588162449e-02
2.170117843316074144e-02
2.191986436968989746e-02
2.215003959928038557e-02
2.231838654627917029e-02
2.243610149867050069e-02
2.242002537056762140e-02
2.238714394438464511e-02
2.227417864179081358e-02
2.219681988258487629e-02
2.209459146269424773e-02
2.203451363451333980e-02
2.199876496768164019e-02
2.199364542183860141e-02
2.195658154552711586e-02
2.194888263790010369e-02
2.189635894731328108e-02
2.186874581941084320e-02
2.180139259481443659e-02
2.177179459764909744e-02
2.171658576468123505e-02
2.171330650951459537e-02
2.169316087390882331e-02
2.172851698279465102e-02
2.174567622039058970e-02
2.181290266010929221e-02
2.185626462028814401e-02
2.194355204778979801e-02
2.200407555707156737e-02
2.208912717959435335e-02
2.218517675332121880e-02
2.230877775599705154e-02
2.241353917233128087e-02
2.256768007255628011e-02
2.270795379592673718e-02
2.289863268288842846e-02
2.307660045655811343e-02
2.330098734529209917e-02
2.350757720485671665e-02
2.375109272111828804e-02
2.396514865884341247e-02
2.420500755376988472e-02
2.439947660341251767e-02
2.461505305570348828e-02
2.477079930894519194e-02
2.496143601188259911e-02
2.508570777029822674e-02
2.527154797093001531e-02
2.542760721215718903e-02
2.569659493407873765e-02
2.593845808544854165e-02
2.635846592613811865e-02
2.669248902278315710e-02
2.713821797074021658e-02
2.737458377682643745e-02
2.751607282044436081e-02
2.729801430783253616e-02
2.678772992423438318e-02
2.594128619610785308e-02
2.491396401115290871e-02
2.389878251965414646e-02
2.304321884909584298e-02
2.251556695714128364e-02
2.231728522812334928e-02
2.243425903581439118e-02
2.270128140404045758e-02
2.305262119981513896e-02
2.330514809960928385e-02
2.349118814882922984e-02
2.349209347511964363e-02
2.341338356930157405e-02
2.322994426441847560e-02
2.301469988815823403e-02
2.279379372136490153e-02
2.258292599731891864e-02
2.238495831038385397e-02
2.220122739198876483e-02
2.207902850986021362e-02
2.196713223787580271e-02
2.193269277795471817e-02
2.192002442577114726e-02
2.196923507622204272e-02
2.206906031952456104e-02
2.217406398132069564e-02
2.227254950035351122e-02
2.238083914279315190e-02
2.245020462614782247e-02
2.251766323254941402e-02
2.255674258994835868e-02
2.261440247646182011e-02
2.267362311096139671e-02
2.278374747702606104e-02
2.292051441145953952e-02
2.312657198101301242e-02
2.336427678860171150e-02
2.366757385579451936e-02
2.399070192044807162e-02
2.435877877366923044e-02
2.472402898968573126e-02
2.509802775598118235e-02
2.543383531122601210e-02
2.571889253439468143e-02
2.591229763961842153e-02
2.597331972503109238e-02
2.588745559834131765e-02
2.560611381165497913e-02
2.516842329312709778e-02
2.456249180810859620e-02
2.387709340637104646e-02
2.315126562296376811e-02
2.249758492116863545e-02
2.194827138837759581e-02
2.155793282911841469e-02
2.133075984096009098e-02
2.126586017059026862e-02
2.130910824474341672e-02
2.143095539946923006e-02
2.159642575461192052e-02
2.176061318970387570e-02
2.190282039444285678e-02
2.201330490856403393e-02
2.206939585316159899e-02
2.207878897159711376e-02
2.203769135406475135e-02
2.196564613628834706e-02
2.185992752775930276e-02
2.174184913067835762e-02
2.162821951295180317e-02
2.152687148827656105e-02
2.141993448306077352e-02
2.134775058970792352e-02
2.128254830668880465e-02
2.123317703202936071e-02
2.119829299978878701e-02
2.117579623336639238e-02
2.115380835267995432e-02
2.114978596928122553e-02
2.115216827466857158e-02
2.116939531186554438e-02
2.118116045905972869e-02
2.119726553184467233e-02
2.120783061086206275e-02
2.123388332128673534e-02
2.126607897828792712e-02
2.131970763729992488e-02
2.137772429458508969e-02
2.146364742892667432e-02
2.157198755967459566e-02
2.176284550944478438e-02
2.200753879372173774e-02
2.241969716294895179e-02
2.297779801994892512e-02
2.386918718808966888e-02
2.503736960015888469e-02
2.686427965635751480e-02
2.896426013714673009e-02
3.188340612298148219e-02
3.425370820460724858e-02
3.658062491486521739e-02
3.649871033678664389e-02
3.524497971908421151e-02
3.216684281034904586e-02
2.944395578645947822e-02
2.785095423710227253e-02
2.785023751947108411e-02
2.872067296975572628e-02
2.918807525773151057e-02
2.852592576063654392e-02
2.621715753713581287e-02
2.374470400654422886e-02
2.212297966352115217e-02
2.211470132715729481e-02
2.327228624479531563e-02
2.454346180187184229e-02
2.501020749975967766e-02
2.433523781155144325e-02
2.310796232247052523e-02
2.206890454501829121e-02
2.175091717301706751e-02
2.205134936744366364e-02
2.247630733531597730e-02
2.256372595926816466e-02
2.220448270733191981e-02
2.165733945418797657e-02
2.129771982576446690e-02
2.132771721284263539e-02
2.165442899652679498e-02
2.200310069746800462e-02
2.211884162399016529e-02
2.193748737653650194e-02
2.159203329150171866e-02
2.130510991179615163e-02
2.121078022947757435e-02
2.129396914870771568e-02
2.143295647829226644e-02
2.149998131490667500e-02
2.145009964410296566e-02
2.132527364446532014e-02
2.121597480079949818e-02
2.118503140381880132e-02
2.123899888218628434e-02
2.133397900850434251e-02
2.141394368909458473e-02
2.144423277070783493e-02
2.142850574039207451e-02
2.139795557472380649e-02
2.139094415582052516e-02
2.143196334614628357e-02
2.152653376553738049e-02
2.166051415974906344e-02
2.182269145163194535e-02
2.200325132317670906e-02
2.221720929302473113e-02
2.248545283721273616e-02
2.283840881217384308e-02
2.327813235455444829e-02
2.382692485806741159e-02
2.441380982340939435e-02
2.504284508004630400e-02
2.555178552848644258e-02
2.594932820623671241e-02
2.604344922576769944e-02
2.591604501508815162e-02
2.548989490172437131e-02
2.495613164949468665e-02
2.437817589039297309e-02
2.392213181741050312e-02
2.361819898754304037e-02
2.350465999376534151e-02
2.350897128395793706e-02
2.358749089234951982e-02
2.364262163503572101e-02
2.361295948985832685e-02
2.345681490633469424e-02
2.315213589204502542e-02
2.274564547778764115e-02
2.228016252236012310e-02
2.183921096318681976e-02
2.147489600293875714e-02
2.122864782733570321e-02
2.110489765137827170e-02
2.108662217848517734e-02
2.113880843730820899e-02
2.122227195364738417e-02
2.130422757501332365e-02
2.135989728992322007e-02
2.138277902156519514e-02
2.137150991365081507e-02
2.133941888692951830e-02
2.129711549808897125e-02
2.125999402308958661e-02
2.123625659085190409e-02
2.123312839542305236e-02
2.125081653249635133e-02
2.129005294221793937e-02
2.134701346305182407e-02
2.142167739360248402e-02
2.151204505068015152e-02
2.162046433018329633e-02
2.175026893894238880e-02
2.190698268119154260e-02
2.210093981433112337e-02
2.234046762740446446e-02
2.264400858093517863e-02
2.302054186819083720e-02
2.349733156408821341e-02
2.407575523324804317e-02
2.478770522187619466e-02
2.560241998718246204e-02
2.653851815525970492e-02
2.748430359850044177e-02
2.841451727995625981e-02
2.909630057571882186e-02
2.947154368692246965e-02
2.927453405197510961e-02
2.855398122028761018e-02
2.726053751838761544e-02
2.567420328021941672e-02
2.401656525845867474e-02
2.260185876758104978e-02
2.161299184859592076e-02
2.112775940532275742e-02
2.110386909273663167e-02
2.141657737215056298e-02
2.191053830911393954e-02
2.242449436923836872e-02
2.283732277294301186e-02
2.305284161282612071e-02
2.305138725220159945e-02
2.283749892013688457e-02
2.248293784803609072e-02
2.205849605715446207e-02
2.165206556824441839e-02
2.132206469093500534e-02
2.110594822250917713e-02
2.100909491238551335e-02
2.101633158812316743e-02
2.109717986894392092e-02
2.121743835534612224e-02
2.134386399616742050e-02
2.145121762842683646e-02
2.152290754471857664e-02
2.155230681593296727e-02
2.154111500541498400e-02
2.149737412578331397e-02
2.143239240053060671e-02
2.136046068759313299e-02
2.129246152085752936e-02
2.124302005306165364e-02
2.121656545711147340e-02
2.122842576948305929e-02
2.127471241516183664e-02
2.137954332041425501e-02
2.152775414033390386e-02
2.176981498452569552e-02
2.206400043817879214e-02
2.252037695591511957e-02
2.301847679927151308e-02
2.378694533714034026e-02
2.448922778028721908e-02
2.555803740764537105e-02
2.620159393013829843e-02
2.714251168249578669e-02
2.707737462166606712e-02
2.705295235244237206e-02
2.593274173730458071e-02
2.486450651407456219e-02
2.357330644439202191e-02
2.271482871415524823e-02
2.234449768493660532e-02
2.245846684003265092e-02
2.288198639289381817e-02
2.332166729308928280e-02
2.360808238287688890e-02
2.348792329316564537e-02
2.311193978310448552e-02
2.249168136331728199e-02
2.191525187343849185e-02
2.150434134146945314e-02
2.133951650903468528e-02
2.138436409768060611e-02
2.152671346551998655e-02
2.167072697337574932e-02
2.170116559659675259e-02
2.165193786944141774e-02
2.151063397511138175e-02
2.139170505418062918e-02
2.133436147288710755e-02
2.138937869922892532e-02
2.155753101273915825e-02
2.181307126177616310e-02
2.213621979968476497e-02
2.249293212283022189e-02
2.290809232464223119e-02
2.337496329987553967e-02
2.396806331476501045e-02
2.466393487698273490e-02
2.552036315227295543e-02
2.640764205735113279e-02
2.729359606879927166e-02
2.794116881199984123e-02
2.827803385821271720e-02
2.818798733768827433e-02
2.775797540069836755e-02
2.715653038334656100e-02
2.658287719178452357e-02
2.617476082333747636e-02
2.597410449693089360e-02
2.585767071050731891e-02
2.571024351966361837e-02
2.535870594171919790e-02
2.473041533302711148e-02
2.388562966936206428e-02
2.293150986523522644e-02
2.209287348160299258e-02
2.149847849390847110e-02
2.122820351385838744e-02
2.124326549511556389e-02
2.144552134236278607e-02
2.170753604098744557e-02
2.193436819413099870e-02
2.207069101168476072e-02
2.210725447193936238e-02
2.207032546233405126e-02
2.198151937255822877e-02
2.187205563743598730e-02
2.174774377288412469e-02
2.162044617100726887e-02
2.148474794002040722e-02
2.135053266420010309e-02
2.122062366604510197e-02
2.110994572449303650e-02
2.102641603318341351e-02
2.097225415639289436e-02
2.094336349603682923e-02
2.092686769648319928e-02
2.091428714603861885e-02
2.089694540362503627e-02
2.087570077740146662e-02
2.085302454499250377e-02
2.083601012299773556e-02
2.082956599206357839e-02
2.083672105095089530e-02
2.085646266701856807e-02
2.088438306952576998e-02
2.091592766276393831e-02
2.094563348748474177e-02
2.097255460192326212e-02
2.099564809955321160e-02
2.101904765561569619e-02
2.104550777565485434e-02
2.108132881061651129e-02
2.113019063188433314e-02
2.119803822333919327e-02
2.128825198260537663e-02
2.140686117987146073e-02
2.155926138682956461e-02
2.175467253609460888e-02
2.200414970207070428e-02
2.232336348993921304e-02
2.273005511543517432e-02
2.324759123111135029e-02
2.389307539415524984e-02
2.469105249746524414e-02
2.562909367584390030e-02
2.670455834882104473e-02
2.781220836723478917e-02
2.886964113197567489e-02
2.963150554917160992e-02
2.994852726637253076e-02
2.958462868624906622e-02
2.854343902927995377e-02
2.692361695490808754e-02
2.503773158399671267e-02
2.324930786274554545e-02
2.186513238149016131e-02
2.106059342455638556e-02
2.084071844627830017e-02
2.108816626782124282e-02
2.161514064275670000e-02
2.222110282463241049e-02
2.273463550368580444e-02
2.302878222066509495e-02
2.306922959761477376e-02
2.284586297601422580e-02
2.246222016242329506e-02
2.197890041773428380e-02
2.152612047426389827e-02
2.115116626983076092e-02
2.091547790389405859e-02
2.081565523091150408e-02
2.084132892720605076e-02
2.095515833886891360e-02
2.112049827912005837e-02
2.129903839552092781e-02
2.146612575675459905e-02
2.160482338089571297e-02
2.171517468851284771e-02
2.180485925656971968e-02
2.189653784462537028e-02
2.200997869935290147e-02
2.219448523176181798e-02
2.244809566861156319e-02
2.287992030293475865e-02
2.337451675779451954e-02
2.418752486433328047e-02
2.487152040109637946e-02
2.596458419131998652e-02
2.638862196309749164e-02
2.707280403222052378e-02
2.647060223474469176e-02
2.584956632331120510e-02
2.423994748359384332e-02
2.280218268706309462e-02
2.152095076335603513e-02
2.084970483723261672e-02
2.079968067161286696e-02
2.121147769551483958e-02
2.182280794388012993e-02
2.228157861489150210e-02
2.250630238153431689e-02
2.228277805045807830e-02
2.186187306451086582e-02
2.132153933634272497e-02
2.090856796979409515e-02
2.071722058809699965e-02
2.075792616970347643e-02
2.095295208973747478e-02
2.117737456925435427e-02
2.134814232639729858e-02
2.137791453377407142e-02
2.131447522579641568e-02
2.117883733943644667e-02
2.107188650497851534e-02
2.104873546756338976e-02
2.115693033405847620e-02
2.140328410498336387e-02
2.179083402088353993e-02
2.229944451935084518e-02
2.295240380469763808e-02
2.372555959197845954e-02
2.468010307580454851e-02
2.566715830906383250e-02
2.671084599133589574e-02
2.735131698542133533e-02
2.760237692745146770e-02
2.701111356653052367e-02
2.595386773003954817e-02
2.458446145470353020e-02
2.344815824633120910e-02
2.279238081878381603e-02
2.272550938755827157e-02
2.312471940609392429e-02
2.377565784437634527e-02
2.441143116143534506e-02
2.481437220455598794e-02
2.488247434471891131e-02
2.461573945597660129e-02
2.416713161938463181e-02
2.365326837364822160e-02
2.325350340634739152e-02
2.294723415311406001e-02
2.278032316424312420e-02
2.264363835324836871e-02
2.250011336416936694e-02
2.230736598679837479e-02
2.205397544157788187e-02
2.178447680368027564e-02
2.152970521037162258e-02
2.133129869974330350e-02
2.118909628760751521e-02
2.110121645974185473e-02
2.103445081581673676e-02
2.097562834626175848e-02
2.090799255796396694e-02
2.083352635078467713e-02
2.076278668827124738e-02
2.070801514908790497e-02
2.068058370044064884e-02
2.068201527003840981e-02
2.070829115679496263e-02
2.074553300129532846e-02
2.078453003699618981e-02
2.081173546307778927e-02
2.082601481932894530e-02
2.082686149561554720e-02
2.082197184130617912e-02
2.082019461752031633e-02
2.083060908087904992e-02
2.086151963274710669e-02
2.091901136196135796e-02
2.100819855374232506e-02
2.113419953360531900e-02
2.130427468023933513e-02
2.152820437402728354e-02
2.182240340262653691e-02
2.220736150293674271e-02
2.271047108947521834e-02
2.336602951053109306e-02
2.419986060790752652e-02
2.524942066478258126e-02
2.649159823081029957e-02
2.791787397908486804e-02
2.936316075130611727e-02
3.069112016798872244e-02
3.156664416945367813e-02
3.177797275214894190e-02
3.110988534989693119e-02
2.960521237932312033e-02
2.754757007795127777e-02
2.532875175739569829e-02
2.344327191446674702e-02
2.216458777599455282e-02
2.162461664935604738e-02
2.170510864563846010e-02
2.217987546642733940e-02
2.274441718698569717e-02
2.317602790657499745e-02
2.330076187103682916e-02
2.311663798277805923e-02
2.269198635940183201e-02
2.216775466755198376e-02
2.168414541097458265e-02
2.132992495441203909e-02
2.114810801410720031e-02
2.111817504654303623e-02
2.119005737083563823e-02
2.129697900705914554e-02
2.138043657411915419e-02
2.140554966769565859e-02
2.135874782428669183e-02
2.125912640441541060e-02
2.112555245549956051e-02
2.099392620614074639e-02
2.087895615886304831e-02
2.079872873993111188e-02
2.075006659204103529e-02
2.073119649340300630e-02
2.072902878004839050e-02
2.073591300505725488e-02
2.074056782442878707e-02
2.074052039086878713e-02
2.073130609212662026e-02
2.071623820877295866e-02
2.069591014011318286e-02
2.067438350733914049e-02
2.065336528136464678e-02
2.063428800394062276e-02
2.061808365251598454e-02
2.060367251752769080e-02
2.059141394495698704e-02
2.057967685501566404e-02
2.056895407787542179e-02
2.055836579981174667e-02
2.054874944628041003e-02
2.054016335661085560e-02
2.053347860161114716e-02
2.052926867607259009e-02
2.052825056808766507e-02
2.053136190713366824e-02
2.053931150442014561e-02
2.055377928461425349e-02
2.057602408568671992e-02
2.060979851472548308e-02
2.065794788259818146e-02
2.072960694347706148e-02
2.083066572745058756e-02
2.098391964748237346e-02
2.119895164520628136e-02
2.153357618257401712e-02
2.199209847011081645e-02
2.272068291851366689e-02
2.365409825535581129e-02
2.514348383125688396e-02
2.676342236259337745e-02
2.924797938858280516e-02
3.100616172479362526e-02
3.331246132044734382e-02
3.300819958064811488e-02
3.222534092185341120e-02
2.901720401393569071e-02
2.593613781979638849e-02
2.346402511452437209e-02
2.245775634942498780e-02
2.280103078703951333e-02
2.368164309140696755e-02
2.450228979315925357e-02
2.432344254251886037e-02
2.366381980414726527e-02
2.271322861215416961e-02
2.216427706224740127e-02
2.217008190284021005e-02
2.251164390269406318e-02
2.281480972095242463e-02
2.266566137502099357e-02
2.214910804101367925e-02
2.147824955546459580e-02
2.107666303329842200e-02
2.112008377556537711e-02
2.150470671106229081e-02
2.195061422832754461e-02
2.212858360478131212e-02
2.201292760747311852e-02
2.166640208055332223e-02
2.138509640537001114e-02
2.133193750199913891e-02
2.153104914926763994e-02
2.186833627551265299e-02
2.215597463055962030e-02
2.232656844724081879e-02
2.236218150454676382e-02
2.241127236806252782e-02
2.254722230214873183e-02
2.285064821406885410e-02
2.326061231478086799e-02
2.369894282715909184e-02
2.409804387510059917e-02
2.439583868714676959e-02
2.462678949936482342e-02
2.479639216099714660e-02
2.490534252560865774e-02
2.494920352395704755e-02
2.484654727188220780e-02
2.460849751765712204e-02
2.419447007550613871e-02
2.367684700326659619e-02
2.309717463179924296e-02
2.252385096315930035e-02
2.200451098913901865e-02
2.155349885094849996e-02
2.119132197757393407e-02
2.091005958410803445e-02
2.071805578784956248e-02
2.060994137104054519e-02
2.058356006102325664e-02
2.062547175241892516e-02
2.071688264186911585e-02
2.083563596330495482e-02
2.095684171380637201e-02
2.106935593188787731e-02
2.116026931192501945e-02
2.123412370581387321e-02
2.129127986603052136e-02
2.133528987949368308e-02
2.136869367105232592e-02
2.138616471067974686e-02
2.139123614849798918e-02
2.137814020023134226e-02
2.135595508896535183e-02
2.132359717194381998e-02
2.129180512512941770e-02
2.126004344095816165e-02
2.123456617061579565e-02
2.121387117571745667e-02
2.120042175859955871e-02
2.119505527179129864e-02
2.119987161549606591e-02
2.121861194470987463e-02
2.125401857787778681e-02
2.131051105609914342e-02
2.139144744501366921e-02
2.150147649501146785e-02
2.164459947174268012e-02
2.182797220742518571e-02
2.205311923693539095e-02
2.233326045383133077e-02
2.265592241224368558e-02
2.304433061352708506e-02
2.344653970349301619e-02
2.389988861558531991e-02
2.427660346987184359e-02
2.463574879713642529e-02
2.476236671054675778e-02
2.476126292926825526e-02
2.440899867038538729e-02
2.389219252275874561e-02
2.312017496323201526e-02
2.233254629090995758e-02
2.158513131196189427e-02
2.104215147940887223e-02
2.075446643314369718e-02
2.073649603020526547e-02
2.094546003904137338e-02
2.130596995148428471e-02
2.173362828665517318e-02
2.215080101675089702e-02
2.250906705739986677e-02
2.277973050667394736e-02
2.297862264479217861e-02
2.313932675800138214e-02
2.331692117041416282e-02
2.357364321419587808e-02
2.395472553228725210e-02
2.448757368711189375e-02
2.516658750482714951e-02
2.592676568098609136e-02
2.668679143283743740e-02
2.727240679391773961e-02
2.755839580104191971e-02
2.737416116642660269e-02
2.671323150936514429e-02
2.563335067595492664e-02
2.434912925428065270e-02
2.311030118446909254e-02
2.211782265936768771e-02
2.149345899634057255e-02
2.122326607153346076e-02
2.122032105562290244e-02
2.136989267601331968e-02
2.153934101014070776e-02
2.166486895137341093e-02
2.169106544537438563e-02
2.163601692807823329e-02
2.152218966332646727e-02
2.139633651508285328e-02
2.128576452868725932e-02
2.121033624851983643e-02
2.115962005556094178e-02
2.112266701510893963e-02
2.107752256948793729e-02
2.100706490049366465e-02
2.091440815992321248e-02
2.079244886670901515e-02
2.066849099172635845e-02
2.054549359769160255e-02
2.044935663134006543e-02
2.038364534618736582e-02
2.035656646186238816e-02
2.036437712166263778e-02
2.040145326591845040e-02
2.045761446659714183e-02
2.052482502179916318e-02
2.059270561556169471e-02
2.065845608544231854e-02
2.071569220601693004e-02
2.076900205628183851e-02
2.081520608418551896e-02
2.086494561469528011e-02
2.091483807218089824e-02
2.097897820801663052e-02
2.105085359532479078e-02
2.114606350635347964e-02
2.125309492482047730e-02
2.138905579517831265e-02
2.153518675304377794e-02
2.171223411483542629e-02
2.189028226262337493e-02
2.209743876515612299e-02
2.228777247155057720e-02
2.250205231796975278e-02
2.267574394136183044e-02
2.286962134947187128e-02
2.300334836674476982e-02
2.316509664894448109e-02
2.326500626965135807e-02
2.341980584835102325e-02
2.353370643255240507e-02
2.374231400615657572e-02
2.394389585893495070e-02
2.427536627537398711e-02
2.463045497922450311e-02
2.512447045841336921e-02
2.564636521507286659e-02
2.625881124002289388e-02
2.683405712833501419e-02
2.735554309278380100e-02
2.767414509351627180e-02
2.772139227382351689e-02
2.739480571553978491e-02
2.668531650600177926e-02
2.566101580044900798e-02
2.444164904482545170e-02
2.323950448104398700e-02
2.218614205306559603e-02
2.143490660429075295e-02
2.099039622136006367e-02
2.085471743863871047e-02
2.092970735249000125e-02
2.114662981303484443e-02
2.140338015974609792e-02
2.164291432085299616e-02
2.181287727223107931e-02
2.188598351464798863e-02
2.186140179838072170e-02
2.173476346497045519e-02
2.153865845187690961e-02
2.128512923288963798e-02
2.101746595055048461e-02
2.075632655716557265e-02
2.053565508260747977e-02
2.037133934695076198e-02
2.027504791067821083e-02
2.024509205884269039e-02
2.027104903347925688e-02
2.033602053419875794e-02
2.042008155530459015e-02
2.050595355389422600e-02
2.057726209407248485e-02
2.062735003054874325e-02
2.064899165236762715e-02
2.064666767395002822e-02
2.062121048804927206e-02
2.058228361520593810e-02
2.053424790390276367e-02
2.048556022920309735e-02
2.043975064020316090e-02
2.040126671661787738e-02
2.037141981341470884e-02
2.035134034884183984e-02
2.034123118359601121e-02
2.034052344497133333e-02
2.035011865737144585e-02
2.036887663297336920e-02
2.040014899329908871e-02
2.044267763596956111e-02
2.050411938135355411e-02
2.058279557570370788e-02
2.069373285493691580e-02
2.083344696844872251e-02
2.103065368317457579e-02
2.127550174685962844e-02
2.162260805360020910e-02
2.204088190426407162e-02
2.263182733237246308e-02
2.329939154385189323e-02
2.422107490695168258e-02
2.513041807568712482e-02
2.630804170030701453e-02
2.715504353075660210e-02
2.808137097728260687e-02
2.816009601501447135e-02
2.800091190206517588e-02
2.686306058864134511e-02
2.553968860312773662e-02
2.395260159057975569e-02
2.269291493853829028e-02
2.191503576712306237e-02
2.173363404791832376e-02
2.205034799974631837e-02
2.262420865860222813e-02
2.331124890084248363e-02
2.362556943249741540e-02
2.376760602071610606e-02
2.327274036547444941e-02
2.266802586545497294e-02
2.182983609355665378e-02
2.118340818410901702e-02
2.077886790035932477e-02
2.068995039025117721e-02
2.084139129900179285e-02
2.110824496166133907e-02
2.135579474614145157e-02
2.146592220506490789e-02
2.144096046642172959e-02
2.126349781317347226e-02
2.105714960936411195e-02
2.086961634070328211e-02
2.079054650893726736e-02
2.083912022399724354e-02
2.100929078696629412e-02
2.127356292694038836e-02
2.157575155060618977e-02
2.189797780878162403e-02
2.218313051689188922e-02
2.246593065384218380e-02
2.269778815163831301e-02
2.295372706813153182e-02
2.317548379440426132e-02
2.344042575343123144e-02
2.366717484788559422e-02
2.391150096573906730e-02
2.408247028359779621e-02
2.421621437755629158e-02
2.424416250393035890e-02
2.420595565165807941e-02
2.407820793942030968e-02
2.392487901317224414e-02
2.375871460892185066e-02
2.364576942055488309e-02
2.359705393736034190e-02
2.362670551958258314e-02
2.371081114263048212e-02
2.379453362004121247e-02
2.381994099511973439e-02
2.371695870385209098e-02
2.344052302098179053e-02
2.299152725658178825e-02
2.239908302482231800e-02
2.175357377707485065e-02
2.113967868716466053e-02
2.064606679013439305e-02
2.031959720263882066e-02
2.016950958858605703e-02
2.016974168132236456e-02
2.027353617362081736e-02
2.042808648601998622e-02
2.058778857756327421e-02
2.071938663534125813e-02
2.080525825704328605e-02
2.084187558779569682e-02
2.083611830869616308e-02
2.080100896288562817e-02
2.075118014060513619e-02
2.069993784700299363e-02
2.065503716846650920e-02
2.062334595932652920e-02
2.060230212410598533e-02
2.059511120760638969e-02
2.059416247888151349e-02
2.060364246617416711e-02
2.061689060511082833e-02
2.064073820736847184e-02
2.067175059821788757e-02
2.071849983533177036e-02
2.077976404430822294e-02
2.086467739704737923e-02
2.097234294243680019e-02
2.111254358437114620e-02
2.128357589238488723e-02
2.149709769521699482e-02
2.174984682669092728e-02
2.205637372509729188e-02
2.240969599708499821e-02
2.282644303635795319e-02
2.329007184098602634e-02
2.381519118509534821e-02
2.436441230648826034e-02
2.494286891844543774e-02
2.547805137362422687e-02
2.596059257154404928e-02
2.628028603665556739e-02
2.642715915534481902e-02
2.628944378137046400e-02
2.590143735876337602e-02
2.522315215280960046e-02
2.436925192590187750e-02
2.340144727392667531e-02
2.246782377035250189e-02
2.165548192779804398e-02
2.104886258224427514e-02
2.066994200636409346e-02
2.051006846713588488e-02
2.052317930601716897e-02
2.065425354075121553e-02
2.084101192168055783e-02
2.103218288272328332e-02
2.118985457833013480e-02
2.128727924188781456e-02
2.132101820192226771e-02
2.128736705181794031e-02
2.120640916991562569e-02
2.108661377643334181e-02
2.095364652020091298e-02
2.081720308418674378e-02
2.069549349283598960e-02
2.059393832337827815e-02
2.052028959412988129e-02
2.047583167055630829e-02
2.046151260951358658e-02
2.047722296451437440e-02
2.052288032096343320e-02
2.059983256374987859e-02
2.071386878693400393e-02
2.086800673338879905e-02
2.108416901043367805e-02
2.135926639515402931e-02
2.175153004977466512e-02
2.222162651543187206e-02
2.290485879211533876e-02
2.363312513852128954e-02
2.468927651586030197e-02
2.555250949708572777e-02
2.675332494886981799e-02
2.712908071267001314e-02
2.760181969235185259e-02
2.662619515228972777e-02
2.560896772682052028e-02
2.370815422307957776e-02
2.224223040517209204e-02
2.117736735623886729e-02
2.089791782333538447e-02
2.123858386528399561e-02
2.191498923593380999e-02
2.252976646658937099e-02
2.279117906654123948e-02
2.256933078847562363e-02
2.194442033924422913e-02
2.118036308509628832e-02
2.055225368119574514e-02
2.024617809267964530e-02
2.028384530284917456e-02
2.055190543036208156e-02
2.087376931635000557e-02
2.108360381125872277e-02
2.110777316114039251e-02
2.094922291588741797e-02
2.070567754741909142e-02
2.048701455728724891e-02
2.037901776115433328e-02
2.041044086287191126e-02
2.054837004341080950e-02
2.073378528623634129e-02
2.090201484018194486e-02
2.102442606098524694e-02
2.109983463813757884e-02
2.117501050264200546e-02
2.129773452750011870e-02
2.153171483676526513e-02
2.190401651210947473e-02
2.244274310761499441e-02
2.313196387449373281e-02
2.396758794600122380e-02
2.491060491907553381e-02
2.592371811116454816e-02
2.694067356999581969e-02
2.784901507889103733e-02
2.857177043769577179e-02
2.882558456383225304e-02
2.865767345334788163e-02
2.783316005924120831e-02
2.659158497612629929e-02
2.495403470055428119e-02
2.334377224022341629e-02
2.188423640172577553e-02
2.091352645466479365e-02
2.039302949261948342e-02
2.038196256273926837e-02
2.072969202738456432e-02
2.126474657602929821e-02
2.183724300785073319e-02
2.221563913821391484e-02
2.241737455975632842e-02
2.230015002037644828e-02
2.201797640254828450e-02
2.153476105202417612e-02
2.107649863754203559e-02
2.061547930384529867e-02
2.033388358688310860e-02
2.016326559948570726e-02
2.010594293315609918e-02
2.018993761171841705e-02
2.028783431830962977e-02
2.044737811138201342e-02
2.055177039801664440e-02
2.066810670614919673e-02
2.070281124449211557e-02
2.074162513216532347e-02
2.070773314157037595e-02
2.069588132226028027e-02
2.065546274911840216e-02
2.061824908672522591e-02
2.060006702648167765e-02
2.060894276404044712e-02
2.066190814799211822e-02
2.076153837838624894e-02
2.093024113709128151e-02
2.115907685399843335e-02
2.148835664233097673e-02
2.187993482261265527e-02
2.241407079442198774e-02
2.297528404195467791e-02
2.371817598576701769e-02
2.435142677118673493e-02
2.515272682265001086e-02
2.554191614134157171e-02
2.598337727368699168e-02
2.567145905878345791e-02
2.528493899301179765e-02
2.417723247121549707e-02
2.308829992449269383e-02
2.183342127765284038e-02
2.087930261438403212e-02
2.026480830999114954e-02
2.006532818331674059e-02
2.021431740232570301e-02
2.058122838744898611e-02
2.103171163709105854e-02
2.138435314840582413e-02
2.161795273068668408e-02
2.158306156555179350e-02
2.141182639322797635e-02
2.105840530985216702e-02
2.069055375712821818e-02
2.034057966146246565e-02
2.009358940736711424e-02
1.996514931890407477e-02
1.995021610648095578e-02
2.001840955271559988e-02
2.012793407327848061e-02
2.024490393105630656e-02
2.033032396874376313e-02
2.038211839195730110e-02
2.038038281285832476e-02
2.034932744943897601e-02
2.028850147767206555e-02
2.022437151332213967e-02
2.016512273557859170e-02
2.012490002259734873e-02
2.010998925450653910e-02
2.012241466413734053e-02
2.016504211648169689e-02
2.023384997832725768e-02
2.033458745509688151e-02
2.046128870399201855e-02
2.063104168512615993e-02
2.083558578214903326e-02
2.111119932929287832e-02
2.144041623763590781e-02
2.188658035697082366e-02
2.240208036075638787e-02
2.308330925801094224e-02
2.380775852201174811e-02
2.470374039666738131e-02
2.552351877012270717e-02
2.642819269055327047e-02
2.708808518924481212e-02
2.771881420847033262e-02
2.809968926940829836e-02
2.845227874379109220e-02
2.875634977429232172e-02
2.904326021106417091e-02
2.939767925411800736e-02
2.953172829175884292e-02
2.959345246044464001e-02
2.901505333019029770e-02
2.811636860009470579e-02
2.660020901967967769e-02
2.509682510669083294e-02
2.384307710924598450e-02
2.310954642373333479e-02
2.282969544118206712e-02
2.263263794569599779e-02
2.232854223981680861e-02
2.179196646683303346e-02
2.128777520325877276e-02
2.102349542914268288e-02
2.114124800472170357e-02
2.152110654258487799e-02
2.188632712231462080e-02
2.202545748969032824e-02
2.178313200453937254e-02
2.130748727678009879e-02
2.074713684833333002e-02
2.033118439768333632e-02
2.014663745775803483e-02
2.017143699573617152e-02
2.030351925874291849e-02
2.041629118179870417e-02
2.045407141900545261e-02
2.039099562566397753e-02
2.030088420743770758e-02
2.022634019278707687e-02
2.021117002745769636e-02
2.023839864401314262e-02
2.026393857109200572e-02
2.024779000510123009e-02
2.017307304540246621e-02
2.006832580157538737e-02
1.997158496144108009e-02
1.992357176611945363e-02
1.993037298981198760e-02
1.997467827096888887e-02
2.002136535977602771e-02
2.004265219502602419e-02
2.002815288691050036e-02
1.998604585879837012e-02
1.993465719033851377e-02
1.989260266325015153e-02
1.986791593709659812e-02
1.986173394129685937e-02
1.986502760723470387e-02
1.987069782299927950e-02
1.987067741912646596e-02
1.986391189260390197e-02
1.985118227322759527e-02
1.983710530608583447e-02
1.982565762941659523e-02
1.981983019047273489e-02
1.982004725407296095e-02
1.982473153346298034e-02
1.983090204791351091e-02
1.983570843188231861e-02
1.983732715762123039e-02
1.983573092425489764e-02
1.983233769827401002e-02
1.982950142549474298e-02
1.982936806777792563e-02
1.983368414001457011e-02
1.984325369254823224e-02
1.985904673592235256e-02
1.988189366726047375e-02
1.991495187058473643e-02
1.996166475482185482e-02
2.003133720065969001e-02
2.013235509431822445e-02
2.028734497991889832e-02
2.051348409078658161e-02
2.086463144422869009e-02
2.137145606113238089e-02
2.216020406282193100e-02
2.325862265651072042e-02
2.493870341191711457e-02
2.706507466503577791e-02
3.010678444242604820e-02
3.310147837633978241e-02
3.661293082519152114e-02
3.790522694296376283e-02
3.805049553997364581e-02
3.458453875384596282e-02
3.027024971450797963e-02
2.584949933332130259e-02
2.336685797306113643e-02
2.326460870355783958e-02
2.484288972631946285e-02
2.720685405590868994e-02
2.771430604396045785e-02
2.718101008367409394e-02
2.452789817998232008e-02
2.212951313038746814e-02
2.076121369072437411e-02
2.090095117177546979e-02
2.196986020156469627e-02
2.285683281169194336e-02
2.309744472504441509e-02
2.218228077761874584e-02
2.102211226490907289e-02
2.011903229498517021e-02
1.994546338725888129e-02
2.040021369529766704e-02
2.102853205610503637e-02
2.142351777965258164e-02
2.128994542876976731e-02
2.084049609057456870e-02
2.033327041886305586e-02
2.007859387765708117e-02
2.014886904159806508e-02
2.040822027269689060e-02
2.064462686643202260e-02
2.066856525261221225e-02
2.050059839978678189e-02
2.022272480600263017e-02
2.000740294331415994e-02
1.993904424175270765e-02
2.001241910389531947e-02
2.014170143554533041e-02
2.022743341769756009e-02
2.021879009036378280e-02
2.012392729417127740e-02
2.000510562431370362e-02
1.992155631159055543e-02
1.990813446276856052e-02
1.995720726409777601e-02
2.003158855193729743e-02
2.009502238737179841e-02
2.012186931629589975e-02
2.012378062539103840e-02
2.011719823539553920e-02
2.013581553133082791e-02
2.019575553491701619e-02
2.030863957566959171e-02
2.046906888035772074e-02
2.067740028375194758e-02
2.093034992270084022e-02
2.124590169676080983e-02
2.163629757923955788e-02
2.214659227519144916e-02
2.278311397738756738e-02
2.361159200591218463e-02
2.457637638773533389e-02
2.574283206740239985e-02
2.690697966976480365e-02
2.810299353200682027e-02
2.893081789691806863e-02
2.942268423230909313e-02
2.916381514911821696e-02
2.833717981675367911e-02
2.686525696382519729e-02
2.513146658260692959e-02
2.337875157175650295e-02
2.193460341464288990e-02
2.096480320243554463e-02
2.051329553228357569e-02
2.050578890453736564e-02
2.077829981029814463e-02
2.117911713957558104e-02
2.153216599047165156e-02
2.176485349949251399e-02
2.180121948808730684e-02
2.167175115048269526e-02
2.140110374545428629e-02
2.106909078232106075e-02
2.073518386545962489e-02
2.045878886680591383e-02
2.026952235344421302e-02
2.017287676459331852e-02
2.015526820324477567e-02
2.018682901649413927e-02
2.023829388272953625e-02
2.027992770515833765e-02
2.029566867849958919e-02
2.027547603444898941e-02
2.022407340688905930e-02
2.014891656648300916e-02
2.006438819793504233e-02
1.998212647334808231e-02
1.991263109193734324e-02
1.986177873706971436e-02
1.983162276438878852e-02
1.982091320617427113e-02
1.982621372349655658e-02
1.984257538644866592e-02
1.986562800052932634e-02
1.989042118528797087e-02
1.991420117540336487e-02
1.993382023232375538e-02
1.994828576365660633e-02
1.995643295783530724e-02
1.995841868533235891e-02
1.995467093509145987e-02
1.994609449014699692e-02
1.993410867481738846e-02
1.992002248660803415e-02
1.990558767116877223e-02
1.989219071633534577e-02
1.988144655139586353e-02
1.987466680566036051e-02
1.987313994227700442e-02
1.987820752998225443e-02
1.989099019875054802e-02
1.991333356494609519e-02
1.994671173403715983e-02
1.999436295541401690e-02
2.005888577892693189e-02
2.014627435995119606e-02
2.026124162247536914e-02
2.041461875761820671e-02
2.061433311843635999e-02
2.087895177108364808e-02
2.121968425792850749e-02
2.166533136997890810e-02
2.222505618871688932e-02
2.293443613842989157e-02
2.377888565243273591e-02
2.477831416534370321e-02
2.584362131309918265e-02
2.693326723972777614e-02
2.783570777886012690e-02
2.845095275320024333e-02
2.853755730065092935e-02
2.811976971289162006e-02
2.717304344789734510e-02
2.601064199397360582e-02
2.480580051146098058e-02
2.390048620003858842e-02
2.335407623075694619e-02
2.318340564434955703e-02
2.327624793500260650e-02
2.336209058676062128e-02
2.332088051531179887e-02
2.294945546507506234e-02
2.229123550977862855e-02
2.147292366108261366e-02
2.069696272709804080e-02
2.017031330165466874e-02
1.997825460294445216e-02
2.009617419607967470e-02
2.039710904744886436e-02
2.074770381849392470e-02
2.098083626642122113e-02
2.106249038411470154e-02
2.094666373105869353e-02
2.071752734281251049e-02
2.044340942020857199e-02
2.021152577158583791e-02
2.007271397818021635e-02
2.003328834937942449e-02
2.006787267210060483e-02
2.012918593043720727e-02
2.017536223490279390e-02
2.017121662248882313e-02
2.011699601187980774e-02
2.001621290279799112e-02
1.990123695453709443e-02
1.979263039439835281e-02
1.971384998200034766e-02
1.967198845304954369e-02
1.966551528214940253e-02
1.968373834648987769e-02
1.971321825784666873e-02
1.974086870952972833e-02
1.975733819968817501e-02
1.975909044329494241e-02
1.974564178850923835e-02
1.972247732048001273e-02
1.969385778178772695e-02
1.966694556825636028e-02
1.964499465401052525e-02
1.963144097898128493e-02
1.962619683463222298e-02
1.962874680509248820e-02
1.963680492603125244e-02
1.964844663960667315e-02
1.966122819278851019e-02
1.967406931243570467e-02
1.968558110637977712e-02
1.969635977464272852e-02
1.970618451278183941e-02
1.971716415289706537e-02
1.972982362552698141e-02
1.974754164794910102e-02
1.977125196339477378e-02
1.980606147516254106e-02
1.985324221634946623e-02
1.992139705000357808e-02
2.001193145127095480e-02
2.014075542829462870e-02
2.030762627541323612e-02
2.054274064871219191e-02
2.083617369748548553e-02
2.124364359239354003e-02
2.171811198345516281e-02
2.235720766090900161e-02
2.300582015847443471e-02
2.383539388456227398e-02
2.446501940157680410e-02
2.523481588240720011e-02
2.547235181938031084e-02
2.586123180461584112e-02
2.555398332690498112e-02
2.558491260187222699e-02
2.513420420354624957e-02
2.520550880093114579e-02
2.509200722550994009e-02
2.534028484259735758e-02
2.533816834727091807e-02
2.518924123254783626e-02
2.465743799815868845e-02
2.390438553392058504e-02
2.331445003754488779e-02
2.310920179776549191e-02
2.365043215521261954e-02
2.475950319584043283e-02
2.644601255238107282e-02
2.823272365586336832e-02
3.007550124280338605e-02
3.167372211331974385e-02
3.310145596594431250e-02
3.434203806147882732e-02
3.494607097337248947e-02
3.474094189482844486e-02
3.273256640221935965e-02
2.946155289574954594e-02
2.532457283657199576e-02
2.191266776660383969e-02
2.015647522886986065e-02
2.029547971405048709e-02
2.170298917569642161e-02
2.333868075180495216e-02
2.437936266237606536e-02
2.435098728431345227e-02
2.356340037813346375e-02
2.244762274359920345e-02
2.149490110093717210e-02
2.089654380999641028e-02
2.057561825287930815e-02
2.044005874076519277e-02
2.040686403322327855e-02
2.050187062793790149e-02
2.069330841937734589e-02
2.090918937029583730e-02
2.101936334672805870e-02
2.092112424486396866e-02
2.064770054909444152e-02
2.027220949286397123e-02
1.994676421868776806e-02
1.974608010060950949e-02
1.969619713441639677e-02
1.975941874667102097e-02
1.987869087495302070e-02
2.000042358292695652e-02
2.007913396516802090e-02
2.009721865080721717e-02
2.003721645805885479e-02
1.992272269319802017e-02
1.978004768864454616e-02
1.965470934610090772e-02
1.957779124989474442e-02
1.956033585963998581e-02
1.958987550962511953e-02
1.963838080209963366e-02
1.967948361310734029e-02
1.969598252932030016e-02
1.968933534714944339e-02
1.966802772339646538e-02
1.964549704922129852e-02
1.962840709389073596e-02
1.961720854046656096e-02
1.960752028454567850e-02
1.959399575121830231e-02
1.957589275289224606e-02
1.955530178210990871e-02
1.953783672802806778e-02
1.952734846533680374e-02
1.952539629510807381e-02
1.952984637765146914e-02
1.953680434286635126e-02
1.954244644435151196e-02
1.954453589866045685e-02
1.954301941270875434e-02
1.953905338001648423e-02
1.953436111965262123e-02
1.953002894821020269e-02
1.952651511904607284e-02
1.952370712797035085e-02
1.952135842158742723e-02
1.951941996399400581e-02
1.951790230965021189e-02
1.951697946894518504e-02
1.951658656104565334e-02
1.951669451160157817e-02
1.951709268279778337e-02
1.951783822665221005e-02
1.951906610197219269e-02
1.952123807652574039e-02
1.952491276882806909e-02
1.953074067763502231e-02
1.953955466137877878e-02
1.955203210625813467e-02
1.956969152092658329e-02
1.959354747955384390e-02
1.962716324927814976e-02
1.967244465133866776e-02
1.973769963474718628e-02
1.982618325737717582e-02
1.995668837373625742e-02
2.013337430391767130e-02
2.039875717555111531e-02
2.075211043401622643e-02
2.128962962497197089e-02
2.197453700699633292e-02
2.301729932302847351e-02
2.421876300235478729e-02
2.599697134148976074e-02
2.761951245742348682e-02
2.979708264329946135e-02
3.074632001858529362e-02
3.159564106511885545e-02
3.017248748127643321e-02
2.825522312479858411e-02
2.532321599115851252e-02
2.297913039851793779e-02
2.167576115503457024e-02
2.165669826084002866e-02
2.259129844133802439e-02
2.370431580921010528e-02
2.457467243948775054e-02
2.425468923652122910e-02
2.337528912854139676e-02
2.189841826339352510e-02
2.077100043539744159e-02
2.027136861296666842e-02
2.045549790425613829e-02
2.098263428192006369e-02
2.141502640726174883e-02
2.146962017823786026e-02
2.105961664531094679e-02
2.047023196221511160e-02
1.995113417754672616e-02
1.973044655404173828e-02
1.981260662508041448e-02
2.005981393134643673e-02
2.027727882712960714e-02
2.032598578326328537e-02
2.018273423379025530e-02
1.992321128916590620e-02
1.967527583770773553e-02
1.953586722629798919e-02
1.953288470392022455e-02
1.962613392183892164e-02
1.974005221758416348e-02
1.980795209170607696e-02
1.979624952351598244e-02
1.971883939439528222e-02
1.961369806094486953e-02
1.952542775659867405e-02
1.948156007856712002e-02
1.948553288441024628e-02
1.952069766578803239e-02
1.956151992215523355e-02
1.958708741552522142e-02
1.958681395363632768e-02
1.956432885482280171e-02
1.953024288290129348e-02
1.949833909121730796e-02
1.947886458272894000e-02
1.947599600903726288e-02
1.948856307855990899e-02
1.951126149080714342e-02
1.953900410802374837e-02
1.956688138254868495e-02
1.959591737134552814e-02
1.962689425889276029e-02
1.966919063009136062e-02
1.972838872070113714e-02
1.982068203266513715e-02
1.995466566210061035e-02
2.015640356636519762e-02
2.043602935349519978e-02
2.084044311810356875e-02
2.137017366541267907e-02
2.210498374155168283e-02
2.298189843264862586e-02
2.410544860709275261e-02
2.521310492483187088e-02
2.641153298898312254e-02
2.716500265550584464e-02
2.771756665061692743e-02
2.763840529300240142e-02
2.755444812291212367e-02
2.746048945454662021e-02
2.807155400858904470e-02
2.937080260477133858e-02
3.175221568015086648e-02
3.475691198712275998e-02
3.803625942384731423e-02
4.052697213491444211e-02
4.068450062762241776e-02
3.846643787707881845e-02
3.322489512944697826e-02
2.785171464678237035e-02
2.333438335009078296e-02
2.157949656576827954e-02
2.214740171800214444e-02
2.402981951483765255e-02
2.573790817976354811e-02
2.619685818279101838e-02
2.543811817692863061e-02
2.380882847737685395e-02
2.236743569943264523e-02
2.146811968454604563e-02
2.126798271661038339e-02
2.138737525086708072e-02
2.150827009650202806e-02
2.147475277517744627e-02
2.130277323919323867e-02
2.116990513259066689e-02
2.107238357242109672e-02
2.100816402717017167e-02
2.081039618013734785e-02
2.048714513308499616e-02
2.012394441972697318e-02
1.988296716157196900e-02
1.987366194116539989e-02
2.003322725453898084e-02
2.023242028661076386e-02
2.029979394437959536e-02
2.019566290510578163e-02
1.995701089779394061e-02
1.971525867344672486e-02
1.958005814809163705e-02
1.957516040911405630e-02
1.965865229651337850e-02
1.973665684042806567e-02
1.975342748384777830e-02
1.969454371088559877e-02
1.960476298079901619e-02
1.953330633083725024e-02
1.951057032698199842e-02
1.953116996423854071e-02
1.956127414857156480e-02
1.957314819333254297e-02
1.954818871294544333e-02
1.949807558736229435e-02
1.944191395536074007e-02
1.940389884274592441e-02
1.939525074449971465e-02
1.941241931605878004e-02
1.944082412026303455e-02
1.946283238937146151e-02
1.946913054132981200e-02
1.945689722724580975e-02
1.943460373132665023e-02
1.941062780177298108e-02
1.939320524086016878e-02
1.938464394434653848e-02
1.938337218352472260e-02
1.938535783647403823e-02
1.938663831899360701e-02
1.938504164451987713e-02
1.938050624520355064e-02
1.937478904329281368e-02
1.936966756420923502e-02
1.936645679297363185e-02
1.936528423723064482e-02
1.936558109826259921e-02
1.936635930733717967e-02
1.936686218613117849e-02
1.936669115056947887e-02
1.936581699574407150e-02
1.936445787097590063e-02
1.936289362949534382e-02
1.936148995803484846e-02
1.936042215104458522e-02
1.935978892688418676e-02
1.935951060187079617e-02
1.935950667095149430e-02
1.935968445709908281e-02
1.936002784900109006e-02
1.936060430532694082e-02
1.936151860617740805e-02
1.936296688481090392e-02
1.936515004407182716e-02
1.936844031685111545e-02
1.937319524029023840e-02
1.938003654112972068e-02
1.938959048474782690e-02
1.940297131877075434e-02
1.942138855962457014e-02
1.944698935093374520e-02
1.948221949433231667e-02
1.953143949197830298e-02
1.959966246285100439e-02
1.969601078083411255e-02
1.983062008841200707e-02
2.002276005050739396e-02
2.029182992280941997e-02
2.067786405915775574e-02
2.121306184083629823e-02
2.197512687465504044e-02
2.299545618851985690e-02
2.439911155573983720e-02
2.612082807539136201e-02
2.828329728745386518e-02
3.042740350464401972e-02
3.256503066770887606e-02
3.356563635285474828e-02
3.361104064322607138e-02
3.169861753774001756e-02
2.889323190155173096e-02
2.544741892290366958e-02
2.260701169771500013e-02
2.085737950528466708e-02
2.040240322194188452e-02
2.096139299491267885e-02
2.190719051120340599e-02
2.284239632988147028e-02
2.311959416533066261e-02
2.293598164528545119e-02
2.217922560154979642e-02
2.135042650178049783e-02
2.061629061692893394e-02
2.020111329137826151e-02
2.010281909960630331e-02
2.022504267582136972e-02
2.045708652862241600e-02
2.059426622391488312e-02
2.065992013945359973e-02
2.053253040158648304e-02
2.035286579894476922e-02
2.010442208999669439e-02
1.989291907721847663e-02
1.972806144085682833e-02
1.963868254999432544e-02
1.961215040379795868e-02
1.963052860033108124e-02
1.967207164787057247e-02
1.970576794746121269e-02
1.972890892190266865e-02
1.971824289917301423e-02
1.968984598124396551e-02
1.963476750008603944e-02
1.957298197985142887e-02
1.950692412622707927e-02
1.945043638468326244e-02
1.940801182593460822e-02
1.938412247189831225e-02
1.937786392669850824e-02
1.938545967172368087e-02
1.940119315273065165e-02
1.941702390143348195e-02
1.942822117415985567e-02
1.942880522681110153e-02
1.941957445649480918e-02
1.940007242100108206e-02
1.937531280628189412e-02
1.934852403518095773e-02
1.932448100997096602e-02
1.930583025202750255e-02
1.929424483885616715e-02
1.928969824924604490e-02
1.929105526960140510e-02
1.929653038334313425e-02
1.930400884841427384e-02
1.931175849106838566e-02
1.931809197851235352e-02
1.932234974136024311e-02
1.932383827753482095e-02
1.932299756974438509e-02
1.932001903582473978e-02
1.931593875596238422e-02
1.931144708040722496e-02
1.930766349068565452e-02
1.930547602864038370e-02
1.930601987712015841e-02
1.931062712063798953e-02
1.932107047326272684e-02
1.934030071977600740e-02
1.937235556008445186e-02
1.942511004337950375e-02
1.950856510332324781e-02
1.964473756570642854e-02
1.985776925397914061e-02
2.021033174855278378e-02
2.075477868013681990e-02
2.166863456880507507e-02
2.302595812553607027e-02
2.529608943211168054e-02
2.832838226529552778e-02
3.310648576446859753e-02
3.788460041476243712e-02
4.388201607458339093e-02
4.549216449134566714e-02
4.478649263107349621e-02
3.806178299463156001e-02
3.097673150621219756e-02
2.595851425492331707e-02
2.492096260170496846e-02
2.711705267391415278e-02
2.813934670077556516e-02
2.797343345168406409e-02
2.478879301878724947e-02
2.219645497344065882e-02
2.162600365521595916e-02
2.294764933768682000e-02
2.472908526945177127e-02
2.434378288901947046e-02
2.285659685150904022e-02
2.098559779505536002e-02
2.046005073050925771e-02
2.124133574008547562e-02
2.207875789931709742e-02
2.210960486272092393e-02
2.100327604253104941e-02
1.993913351059991429e-02
1.966068206305868205e-02
2.018711955141821654e-02
2.084149351615795925e-02
2.087910815472192316e-02
2.035435894272909219e-02
1.970503709948395049e-02
1.947181163662277045e-02
1.970504094510657292e-02
2.003887018817312668e-02
2.013805084052453995e-02
1.990840674163967677e-02
1.960865380494981880e-02
1.946857944578096744e-02
1.952671466321083404e-02
1.963501535090133449e-02
1.962175263897431021e-02
1.948890672062052881e-02
1.933994973369974196e-02
1.929467984235941000e-02
1.936286570356519909e-02
1.945875513378974089e-02
1.949579688387014648e-02
1.944457399169943757e-02
1.936059339610918945e-02
1.930643646261379423e-02
1.930923104084903558e-02
1.934532841864450986e-02
1.937002748149707979e-02
1.936135969631585033e-02
1.932573716301683175e-02
1.929174849500520095e-02
1.927814545531468179e-02
1.928453452823712319e-02
1.929593749444201423e-02
1.929771889194214357e-02
1.928834796757310927e-02
1.927586613757208828e-02
1.927112134126843929e-02
1.927787210743029528e-02
1.929200447392946313e-02
1.930662080855635385e-02
1.931634577000386488e-02
1.932289277895354526e-02
1.933095789544884979e-02
1.934716524044943070e-02
1.937580245482965757e-02
1.941841310877413102e-02
1.947676066067635312e-02
1.955257633774137513e-02
1.965410960037353855e-02
1.979138731553277755e-02
1.998286703537462822e-02
2.024865322045626276e-02
2.061648882512350303e-02
2.112184888774077882e-02
2.180598281637688776e-02
2.272478669745464988e-02
2.392492944944613065e-02
2.544779832345799020e-02
2.726587793506190377e-02
2.926896062490188383e-02
3.115929609261201480e-02
3.252246740305686501e-02
3.278628061718619202e-02
3.165438536308189110e-02
2.910072150736980889e-02
2.579985920252405099e-02
2.260605428391472549e-02
2.038194955873848246e-02
1.949970641882094874e-02
1.984595602967740083e-02
2.094523750834970457e-02
2.217816659187435424e-02
2.302608387171773199e-02
2.315783332468544092e-02
2.260610943086183156e-02
2.160907324233931476e-02
2.057912342984487622e-02
1.984017343496794969e-02
1.955585131232051230e-02
1.968643585492958759e-02
2.004769688499572974e-02
2.042575123995777828e-02
2.062623628638701051e-02
2.058758906954491139e-02
2.032266740367734761e-02
1.995364110820965764e-02
1.960151944253019085e-02
1.937093881768391437e-02
1.929952707864295708e-02
1.936612258609883563e-02
1.950927339475093739e-02
1.965328870577730952e-02
1.974379065565930874e-02
1.974743749616023059e-02
1.967551398424522216e-02
1.955252347110626385e-02
1.942203876207601251e-02
1.931624415911995657e-02
1.925627033037735289e-02
1.924416139505067194e-02
1.926858730527784835e-02
1.931014279882816570e-02
1.934984810715419112e-02
1.937301475903234135e-02
1.937357921791708903e-02
1.935246835908962029e-02
1.931660575722025583e-02
1.927520655612774761e-02
1.923717949667667904e-02
1.920898833503125250e-02
1.919368736712104631e-02
1.919118791289625703e-02
1.919896028693975076e-02
1.921324180178714258e-02
1.923028714986583024e-02
1.924676750039331502e-02
1.926121913804970665e-02
1.927277848311190547e-02
1.928306811749131572e-02
1.929365296032560517e-02
1.930844066187897140e-02
1.933092261761516772e-02
1.936686182980623672e-02
1.942216094285680039e-02
1.950582408600034373e-02
1.962874573345797097e-02
1.980752158627597723e-02
2.006338941883206717e-02
2.042852946274646003e-02
2.094158801988989932e-02
2.165857631426330518e-02
2.263268884539077624e-02
2.392767626443455253e-02
2.555009129507507248e-02
2.745530405251651873e-02
2.941007443465998988e-02
3.103873474641477212e-02
3.179176901257903948e-02
3.123680634667293579e-02
2.929692039564314732e-02
2.648648017059840321e-02
2.366338927410094328e-02
2.167543517427047636e-02
2.092453339181875663e-02
2.123389127472461585e-02
2.209779317743262167e-02
2.282558737987758213e-02
2.294887882547706065e-02
2.232966789991896323e-02
2.126790474571116710e-02
2.023148348404206834e-02
1.964728067964436470e-02
1.963966773006831090e-02
2.005442274282558113e-02
2.057014883145482503e-02
2.088064808520638180e-02
2.081987044249511420e-02
2.043587430228855847e-02
1.992835067848070310e-02
1.951956205695868155e-02
1.935510961604414507e-02
1.943412991026538528e-02
1.964692231746394818e-02
1.983991110592031593e-02
1.990685111454404063e-02
1.980724663377296524e-02
1.960533896032544063e-02
1.938321926198795925e-02
1.923147209698444771e-02
1.918504427466729070e-02
1.923204091351806908e-02
1.932383492098455752e-02
1.940633467835518530e-02
1.943888729000297494e-02
1.941071362530379096e-02
1.933805177684163115e-02
1.924944505658004318e-02
1.917672400790751755e-02
1.913688251148670111e-02
1.913297227512910856e-02
1.915431919701733945e-02
1.918483827784316087e-02
1.920914160802820320e-02
1.921875667206750932e-02
1.921176688565582463e-02
1.919296447152378168e-02
1.916991995272096516e-02
1.914978658522246621e-02
1.913767538242476876e-02
1.913488421902190609e-02
1.914029927516936597e-02
1.915084878815685038e-02
1.916362481792302508e-02
1.917620976684816445e-02
1.918835545797419051e-02
1.920109633414976077e-02
1.921751470910800647e-02
1.924205549931832029e-02
1.927996679664335800e-02
1.933959036282531518e-02
1.942864982675103838e-02
1.956413525940153136e-02
1.975920620005830811e-02
2.005223353608607401e-02
2.046499035296269267e-02
2.108264859045024670e-02
2.192503297054590461e-02
2.316179477494791777e-02
2.472786382766947039e-02
2.688964134717687984e-02
2.919773196567018725e-02
3.192920315522077002e-02
3.380178744190073803e-02
3.518702088134116612e-02
3.451870077808284754e-02
3.295112044555884023e-02
3.024586542507100642e-02
2.784418495021452611e-02
2.617190483633156234e-02
2.521892530463313437e-02
2.474223434345995676e-02
2.382599597477589454e-02
2.274921231328884408e-02
2.166718213503019200e-02
2.134747893380038036e-02
2.174130026578540223e-02
2.244542090913773796e-02
2.277174497730557329e-02
2.228098044963545618e-02
2.130015218017489859e-02
2.035925612404100582e-02
2.000179953642814562e-02
2.023773950396273377e-02
2.068690343251501640e-02
2.087870967605919351e-02
2.062724754883389286e-02
2.009265828581595706e-02
1.964754735130750177e-02
1.951570620774802783e-02
1.965518372493830004e-02
1.983958156284452989e-02
1.987106358296767197e-02
1.973093119911278892e-02
1.955386616663456686e-02
1.947333051150165056e-02
1.951768570549623077e-02
1.959387983694250296e-02
1.959215231986465022e-02
1.947446489325038721e-02
1.929390052662758800e-02
1.915075822823335272e-02
1.910932338763353042e-02
1.916477278453798325e-02
1.925555359892472743e-02
1.931515190653607800e-02
1.931384722004590715e-02
1.926839898292403291e-02
1.921827439793041131e-02
1.919275851282155332e-02
1.919077390584487952e-02
1.919309789097055005e-02
1.917865889504323518e-02
1.914605625489178634e-02
1.910859725250666635e-02
1.908466006858438799e-02
1.908279210496760178e-02
1.909775083807409637e-02
1.911638515308123829e-02
1.912600076229931112e-02
1.912270684284916866e-02
1.910992951680551971e-02
1.909624970714192405e-02
1.908810891836835305e-02
1.908743874271822197e-02
1.909116695008849368e-02
1.909476916781867664e-02
1.909536786197511826e-02
1.909383639416746201e-02
1.909338332574448543e-02
1.909825893564524868e-02
1.911036319446694082e-02
1.913123910664366392e-02
1.915940558613342046e-02
1.919774950518825934e-02
1.924581863439722013e-02
1.931478861915254461e-02
1.940484758761771428e-02
1.954184367634131253e-02
1.971901744508436014e-02
1.999306657228997613e-02
2.033101541699705236e-02
2.086115769272087889e-02
2.146428893626314838e-02
2.241885350539954413e-02
2.334632759296868115e-02
2.478414328842944853e-02
2.575728385260286565e-02
2.713958355004481363e-02
2.723571868908463561e-02
2.726100752728414026e-02
2.578970734516406946e-02
2.419869893879916453e-02
2.235398935765319645e-02
2.109871702225969356e-02
2.059643452490627497e-02
2.080664827589122010e-02
2.144139601265662720e-02
2.196206917344654605e-02
2.226700058155477516e-02
2.189872629016876085e-02
2.128602738957511772e-02
2.049286119433843187e-02
1.993096128779906981e-02
1.975252742435119890e-02
1.995482287026707768e-02
2.042420483702348660e-02
2.094731731642417161e-02
2.144430527255449317e-02
2.182862568595864486e-02
2.226127322086658006e-02
2.286040235338961113e-02
2.384415727058528112e-02
2.530820197620139295e-02
2.716111706452258023e-02
2.934731707083892277e-02
3.107095579892740420e-02
3.230813022593974349e-02
3.188113104279240162e-02
3.035504644184234060e-02
2.755308890463456506e-02
2.458563524150709362e-02
2.207604520363736639e-02
2.054178557649754405e-02
2.006780392547492103e-02
2.036709374888016552e-02
2.112235945471294118e-02
2.184752716451079588e-02
2.234530497695912110e-02
2.237965801875052563e-02
2.199808807438563552e-02
2.130862746273597466e-02
2.052350523261396026e-02
1.987420701346308272e-02
1.950386206960321583e-02
1.947173077341534178e-02
1.969519581105287631e-02
2.003775560318815305e-02
2.031046752417920223e-02
2.040353605842981990e-02
2.025736068411479462e-02
1.993682060793905420e-02
1.955134823111424544e-02
1.922881964920017048e-02
1.905450645337276872e-02
1.904738645134126246e-02
1.916644580835166409e-02
1.933673999064564400e-02
1.948507431794844688e-02
1.955708768918809626e-02
1.954272859122979655e-02
1.945347814533976774e-02
1.933088803319157195e-02
1.920835337777453480e-02
1.911598951428268925e-02
1.906303976782626822e-02
1.904749445160457133e-02
1.905693249304438175e-02
1.907834437384222162e-02
1.910009638789812031e-02
1.911558822200644034e-02
1.912224777331921269e-02
1.912018962249256368e-02
1.911160711912910856e-02
1.909786440253259665e-02
1.908140303532365051e-02
1.906284461565489058e-02
1.904428729047314556e-02
1.902630391667501850e-02
1.901073107337554816e-02
1.899827373133231370e-02
1.898982898938630232e-02
1.898541703267063452e-02
1.898463883119972523e-02
1.898666346680657341e-02
1.899034910987014088e-02
1.899469476001544935e-02
1.899867678693524173e-02
1.900191124522317490e-02
1.900385711936529443e-02
1.900481133830368707e-02
1.900468003454238580e-02
1.900409052807001606e-02
1.900315686711843630e-02
1.900245247508993568e-02
1.900213336714615814e-02
1.900258772031149235e-02
1.900396650462387108e-02
1.900659927775747923e-02
1.901077373687507302e-02
1.901708703726966154e-02
1.902629584143120806e-02
1.903985787332527005e-02
1.905966801462115334e-02
1.908926641858116335e-02
1.913317567559191454e-02
1.920000253300471749e-02
1.930051592727085111e-02
1.945592635369251464e-02
1.969153065630282334e-02
2.005984013343001249e-02
2.061659519613245201e-02
2.148716293523288828e-02
2.277055061320017865e-02
2.472816830411091182e-02
2.741202651333143198e-02
3.118654606779686436e-02
3.552290173747213453e-02
4.045875670664707963e-02
4.400699387888010183e-02
4.575423010837934013e-02
4.366879791591552623e-02
3.886038344834573388e-02
3.239659451609118446e-02
2.708066231334003982e-02
2.436329797420797375e-02
2.410363936761476811e-02
2.519914292930373195e-02
2.596005194243163061e-02
2.618460690289730469e-02
2.560905669270722301e-02
2.472872901517429375e-02
2.367612779777349477e-02
2.270462203741548113e-02
2.188146681152849590e-02
2.126313672903478239e-02
2.112946819385718572e-02
2.142342503523506775e-02
2.189946575920801580e-02
2.202767664790663410e-02
2.163286598845665099e-02
2.078051477500593783e-02
1.993428617005867098e-02
1.953104502055794806e-02
1.968206601028940975e-02
2.014656250250369818e-02
2.050288552809640188e-02
2.051127296494698049e-02
2.014055408005323289e-02
1.964866852384142618e-02
1.928866134391517273e-02
1.920020198849931026e-02
1.932521584307274332e-02
1.950438007739465143e-02
1.960327089354918853e-02
1.956512819895675492e-02
1.943841252643391596e-02
1.928580932390260710e-02
1.917294309042422845e-02
1.911457588764503904e-02
1.910296915651246707e-02
1.911881471456469694e-02
1.914463505201873320e-02
1.916744281919269960e-02
1.917194998880734566e-02
1.915137579852288496e-02
1.910320267825819929e-02
1.904240356572237114e-02
1.898853497551302241e-02
1.896097527984426379e-02
1.896564080740056890e-02
1.899301094746654733e-02
1.902371037132469939e-02
1.903843797539782681e-02
1.902997571062578150e-02
1.900178154073777631e-02
1.896787699183435580e-02
1.894140373507850750e-02
1.892998232274207757e-02
1.893253848210503174e-02
1.894205057543873680e-02
1.895056498387353780e-02
1.895287430724006475e-02
1.894882706819064552e-02
1.894109694252615189e-02
1.893372188251348301e-02
1.892884639423788457e-02
1.892668324541837629e-02
1.892553115740783221e-02
1.892362354688844825e-02
1.892004813312205339e-02
1.891534171249184201e-02
1.891090596826279155e-02
1.890821894532323383e-02
1.890801155537574774e-02
1.890993635479411988e-02
1.891279805523899543e-02
1.891520508681982654e-02
1.891617893483193286e-02
1.891555291812438075e-02
1.891388797277241546e-02
1.891230742177214472e-02
1.891195792002003592e-02
1.891396861836162208e-02
1.891888140321427644e-02
1.892763041046841357e-02
1.894038122027316348e-02
1.895958520408367112e-02
1.898587538565707847e-02
1.902639116988538714e-02
1.908223240737877760e-02
1.917193156945424387e-02
1.929437326026032379e-02
1.949777874240568240e-02
1.976563530125550333e-02
2.022696782807328897e-02
2.079146794605853804e-02
2.180199867027732968e-02
2.286572336512361636e-02
2.483007564551110644e-02
2.630948176256661317e-02
2.907585563121224681e-02
2.975046056061701749e-02
3.122596472795543393e-02
2.937561199890389302e-02
2.758783392889585517e-02
2.453112210303052404e-02
2.225591994880898525e-02
2.104867111389065876e-02
2.099884722389872005e-02
2.170101134602144682e-02
2.231237118139221820e-02
2.265415327710613991e-02
2.206228886378186482e-02
2.125884277488145763e-02
2.041754765609938085e-02
1.999392614310642122e-02
2.004268470123459975e-02
2.032600260615302634e-02
2.060580245244304429e-02
2.054920373976823478e-02
2.025309042840550341e-02
1.976320644776316526e-02
1.936293031698469586e-02
1.917106683814476589e-02
1.921422819242951316e-02
1.939184823397730947e-02
1.954751302805332602e-02
1.959740855145192598e-02
1.949512369956325764e-02
1.932602699951494613e-02
1.916462365678931953e-02
1.908882769635708576e-02
1.910643850982133088e-02
1.917696745611519038e-02
1.923954048042298901e-02
1.924145435705763504e-02
1.918170980030014378e-02
1.908272989043369172e-02
1.899497761510597973e-02
1.895334032856428597e-02
1.896809995722277889e-02
1.902198232837833125e-02
1.908254117853014353e-02
1.912547810117685293e-02
1.913694997151452540e-02
1.913074048270377997e-02
1.912460368912219377e-02
1.914608300719703241e-02
1.920900761667821560e-02
1.932354538647663642e-02
1.948818869095796102e-02
1.970958237400498303e-02
1.999324676174737275e-02
2.037077751313808374e-02
2.086356073439900663e-02
2.154410297686288472e-02
2.241475233375449932e-02
2.359528400207872370e-02
2.495825563012902745e-02
2.665447466065311993e-02
2.820041711049245392e-02
2.973248196138882776e-02
3.032481134719936661e-02
3.024703176757018858e-02
2.885610860164629018e-02
2.687618367582782913e-02
2.464869344483455391e-02
2.282922218708230769e-02
2.183658407406758109e-02
2.155266704401512592e-02
2.180919615287970487e-02
2.203800368915914340e-02
2.203432102706348594e-02
2.153960976455818882e-02
2.080331436277511187e-02
2.007295994968695541e-02
1.963086085090574168e-02
1.958665224382945269e-02
1.983963477766524305e-02
2.022151996807725755e-02
2.047535218342769539e-02
2.053095440218373480e-02
2.033155263001619126e-02
1.999440659022263048e-02
1.965351549657262664e-02
1.938520919983374030e-02
1.925241700544978035e-02
1.920865646469527635e-02
1.921877951221921330e-02
1.922373852949988207e-02
1.921050999781544200e-02
1.917557764701117995e-02
1.913804695799641020e-02
1.911718411621634445e-02
1.910872133016749269e-02
1.911884139111441963e-02
1.912327844043488351e-02
1.912297807405779690e-02
1.910624272291960163e-02
1.908273732087705649e-02
1.905641543781635278e-02
1.903644286264405405e-02
1.902501043523714339e-02
1.901989343615948999e-02
1.901765355469844931e-02
1.901079708088888182e-02
1.899930726808404108e-02
1.898077422942052311e-02
1.896103858790347541e-02
1.894227665008153816e-02
1.892961028523635486e-02
1.892393264064545083e-02
1.892486759321328552e-02
1.893115813237752562e-02
1.893925091419618525e-02
1.894966351166491383e-02
1.895963750420138691e-02
1.897303901307859433e-02
1.898937700039773566e-02
1.901404407538964322e-02
1.904838349132384479e-02
1.909750244893325746e-02
1.916494777230998495e-02
1.925618657853458288e-02
1.937964102454368259e-02
1.954337787948780963e-02
1.976556964437134467e-02
2.005929277631503249e-02
2.045787674931951600e-02
2.097956177603312045e-02
2.167191731747238753e-02
2.254817447881073134e-02
2.364039548665385765e-02
2.491512312833249129e-02
2.629143274709001485e-02
2.761342220862183713e-02
2.856763978972864937e-02
2.893374393975466780e-02
2.835283806405196338e-02
2.695828102805098922e-02
2.486776192086416828e-02
2.269138383545841672e-02
2.084438881968812135e-02
1.971518998353490038e-02
1.935885877665997901e-02
1.964228254128711978e-02
2.029336641489893484e-02
2.098040270617969674e-02
2.150187826355967266e-02
2.163051157358541338e-02
2.146173894226632156e-02
2.098263796505876050e-02
2.045872228804683848e-02
1.997066897740027921e-02
1.968664099910585191e-02
1.960789569062810003e-02
1.973704244503342309e-02
1.998802209270056363e-02
2.029887624599242824e-02
2.060203528397265560e-02
2.086263808418462040e-02
2.109953469818015917e-02
2.132168556535028736e-02
2.160604903486699688e-02
2.197554796728455606e-02
2.248317956845434853e-02
2.313241539169120717e-02
2.385286478075389696e-02
2.463044131592710684e-02
2.518579633454647720e-02
2.558091866363219197e-02
2.541272153686128035e-02
2.497586545102437050e-02
2.400968923685664613e-02
2.297503205812885876e-02
2.181157547047454792e-02
2.084488023245471139e-02
2.006158431716565521e-02
1.955050385453348250e-02
1.927092809170212473e-02
1.918994791885328746e-02
1.925556528934994904e-02
1.940621559441822394e-02
1.960845147441071107e-02
1.979743126471105591e-02
1.996821275085572042e-02
2.006285999730898079e-02
2.010357773549495755e-02
2.005758674424085522e-02
1.996377873844195142e-02
1.982072589720374617e-02
1.966148491898351419e-02
1.950062370959849967e-02
1.935004421090033566e-02
1.922223156511362191e-02
1.911273881515900691e-02
1.902729310062749660e-02
1.895813734048361343e-02
1.890773368936349286e-02
1.887151556345830622e-02
1.885078756484812740e-02
1.884312364014177968e-02
1.884812036443625841e-02
1.886284738420732424e-02
1.888481102386712837e-02
1.891066310431453040e-02
1.893709483409029143e-02
1.896233567625095484e-02
1.898381778608424289e-02
1.900248886809616233e-02
1.901729789987825076e-02
1.903130728350466150e-02
1.904485631128893797e-02
1.906157404713584858e-02
1.908279123994095772e-02
1.911170410473830156e-02
1.915074575932217832e-02
1.920264877624064045e-02
1.927190801695239861e-02
1.936138046260622511e-02
1.947969684709322663e-02
1.963058827125640712e-02
1.983007335541666846e-02
2.008320296184898379e-02
2.041741005082470597e-02
2.083825317756602194e-02
2.138679619242020088e-02
2.206304320529171858e-02
2.291271841415866081e-02
2.390872160899046653e-02
2.505949020716770337e-02
2.626608130351093529e-02
2.740913870064479868e-02
2.830406778118799149e-02
2.865543282262305452e-02
2.838648443314592540e-02
2.723660235658315054e-02
2.558278873929040187e-02
2.348334339184485198e-02
2.159607310771326227e-02
2.009223899227673485e-02
1.928781556309538611e-02
1.912650559701182737e-02
1.949321851149954030e-02
2.013887688220233896e-02
2.085546411418214355e-02
2.139598843982629464e-02
2.169106629038698025e-02
2.165047622441186592e-02
2.137326717806080356e-02
2.093766028625260872e-02
2.049692066044549871e-02
2.015852597414743985e-02
2.001337195290515958e-02
2.006463155209815830e-02
2.034367798309353464e-02
2.071026791606899245e-02
2.122914601605820420e-02
2.161466039174519960e-02
2.206931441082371492e-02
2.216532108687439134e-02
2.230210080826150812e-02
2.198078934951333552e-02
2.173644724249856192e-02
2.115466967697640990e-02
2.071533508970101189e-02
2.018936431149367938e-02
1.984144236606315628e-02
1.957449055764214421e-02
1.945013967042976549e-02
1.940388064934717507e-02
1.941385328959984238e-02
1.942461213980458887e-02
1.941729512273317540e-02
1.937355134291025155e-02
1.929352454921117246e-02
1.920005573108650096e-02
1.909798084385386230e-02
1.901991922759946330e-02
1.896345149969029184e-02
1.894467317449060120e-02
1.895188228649419618e-02
1.898407912994063557e-02
1.902513103820082166e-02
1.906979311850491923e-02
1.910381725425099736e-02
1.912701655627656663e-02
1.913074465400606966e-02
1.912089670492197677e-02
1.909471651451950802e-02
1.906057048739044635e-02
1.901946065730961144e-02
1.897839930919177978e-02
1.893933993200622168e-02
1.890630563993861424e-02
1.888051038043522117e-02
1.886336883738028158e-02
1.885511847427102233e-02
1.885583127388257979e-02
1.886543217773586911e-02
1.888403637108962072e-02
1.891209128116790733e-02
1.895092219528200436e-02
1.900226392121909247e-02
1.906977183398043257e-02
1.915739525881293009e-02
1.927254299102853716e-02
1.942295175678417432e-02
1.962166124965326192e-02
1.988286602074181703e-02
2.022659744611995242e-02
2.067670786475443376e-02
2.125612247142572020e-02
2.199773067658292169e-02
2.290311072375754431e-02
2.399809463292291653e-02
2.519551704198338266e-02
2.647792853711956537e-02
2.758702550759793010e-02
2.847639862724472143e-02
2.882017905098982480e-02
2.871580804747923127e-02
2.814566753963477358e-02
2.738283873949853148e-02
2.669193385580951802e-02
2.616211796276506074e-02
2.569903545449438512e-02
2.532961904636124931e-02
2.445281059584025057e-02
2.360241328594154739e-02
2.233299882038884687e-02
2.144131966505730125e-02
2.086370062413211296e-02
2.092378887544412217e-02
2.140165529068735126e-02
2.212929719688739791e-02
2.255918488105395497e-02
2.261627788429735816e-02
2.200458731932007292e-02
2.110642392365203249e-02
2.013304507568714624e-02
1.947597102084059131e-02
1.924989016446791018e-02
1.940755458072630779e-02
1.975114145919430048e-02
2.003302338739131050e-02
2.011199637003631066e-02
1.991927525201014210e-02
1.957037026681733224e-02
1.919384991988577760e-02
1.893025722408676198e-02
1.883380458401163332e-02
1.888173832852647893e-02
1.900186064033748332e-02
1.910899356262222432e-02
1.915546185770876722e-02
1.912336377274207952e-02
1.904752966929094266e-02
1.896335765374988422e-02
1.891204285303166657e-02
1.890625982442876302e-02
1.893881825628463550e-02
1.898840429007054784e-02
1.902826132707517368e-02
1.904712319734960455e-02
1.903769168788262134e-02
1.901746713685970383e-02
1.899711717765215774e-02
1.900202006285235667e-02
1.903691882632458851e-02
1.911742194303886824e-02
1.922998652139781134e-02
1.939131475223252604e-02
1.957081136679626049e-02
1.981205939994135773e-02
2.006356573094905671e-02
2.041984990066572983e-02
2.078198239849604612e-02
2.131564948582169439e-02
2.181625774737998291e-02
2.254339835455866636e-02
2.309490125365421670e-02
2.385048235055224272e-02
2.414382253463595238e-02
2.449820252414519964e-02
2.411797868854310967e-02
2.366304509116240115e-02
2.258704748938804296e-02
2.154244946532515165e-02
2.040431365936684616e-02
1.955408313373272616e-02
1.901406374833570709e-02
1.883520064679457609e-02
1.895155908615228299e-02
1.925656132465953380e-02
1.964099741135825680e-02
1.997426273495249427e-02
2.022364909736020303e-02
2.028569923634224864e-02
2.023482679254323333e-02
2.002805294054516017e-02
1.978127189906721262e-02
1.950594210565870582e-02
1.927969541016807606e-02
1.912170452353068040e-02
1.904889720469116546e-02
1.905919444901724852e-02
1.913401666003687607e-02
1.926234074594843429e-02
1.941531922512692437e-02
1.959934782329398814e-02
1.978165886431617476e-02
2.000093270256286804e-02
2.021699191664589126e-02
2.049924223763262277e-02
2.079627588658600201e-02
2.119612681093524867e-02
2.163301288189323907e-02
2.219682925476524141e-02
2.279997163466087814e-02
2.351536052459180653e-02
2.421791204969098860e-02
2.494905611953473351e-02
2.553355340922179931e-02
2.599118178066726556e-02
2.612148646835677629e-02
2.597569414051694933e-02
2.541503543743846641e-02
2.458203168162130525e-02
2.348438032367354544e-02
2.232753835974627538e-02
2.122368455381522939e-02
2.032168835512494776e-02
1.969603411625390349e-02
1.936746383669785132e-02
1.930545614046663694e-02
1.943880152722745475e-02
1.968706469751828336e-02
1.995735419798112462e-02
2.019383848955893374e-02
2.033028204921425233e-02
2.036169865222099695e-02
2.027049840571673589e-02
2.008984431663746531e-02
1.984515591566486312e-02
1.957693475415288320e-02
1.932318027538644511e-02
1.910529979273573042e-02
1.894506894052942064e-02
1.884104320211513889e-02
1.879326412683781158e-02
1.878828650776625045e-02
1.881553041905133228e-02
1.885988832122083986e-02
1.891207471854447833e-02
1.896153987752721010e-02
1.900479271320808933e-02
1.903751666779727320e-02
1.905971529642015716e-02
1.907203264945435059e-02
1.907477173635873866e-02
1.907226017868332915e-02
1.906361657450381802e-02
1.905561576090160011e-02
1.904595686329110804e-02
1.904292546380791096e-02
1.904370423939617113e-02
1.905826445166070721e-02
1.908456733974856975e-02
1.913566574721545580e-02
1.921149760008190183e-02
1.933124447761740139e-02
1.949808176656524228e-02
1.974193596945159404e-02
2.006865545298955680e-02
2.052101296668777664e-02
2.109610125512192264e-02
2.183253661190528994e-02
2.267389774753646170e-02
2.359004699160671334e-02
2.439576839549409751e-02
2.494013541272046761e-02
2.499023309395636064e-02
2.449339424654761732e-02
2.354604529443610553e-02
2.242790224188935880e-02
2.151768740990853482e-02
2.100320737100734234e-02
2.104171755647701869e-02
2.141766233679225084e-02
2.207218633503850100e-02
2.255810765521117089e-02
2.292288855027766956e-02
2.279491346111592320e-02
2.252618812194565404e-02
2.197961341292482482e-02
2.161879139079154674e-02
2.129204726032007944e-02
2.126109198803595793e-02
2.118988288649586646e-02
2.118751757146756023e-02
2.093441888024706252e-02
2.061271788154358728e-02
2.012703405049972444e-02
1.973870227274813344e-02
1.945094674250721911e-02
1.939616761139046838e-02
1.948793809718576617e-02
1.970233629328427272e-02
1.991122100902499928e-02
2.008738304796461177e-02
2.017715750438361239e-02
2.023389496902536916e-02
2.028644418654596687e-02
2.040190855478782317e-02
2.060190130828830693e-02
2.088674676312839498e-02
2.123041534321576385e-02
2.158515320561302936e-02
2.191359169955429606e-02
2.218361297323067152e-02
2.237237878377484543e-02
2.249560303768692593e-02
2.252046113053853688e-02
2.249760231028812008e-02
2.235135612834271424e-02
2.215519364281512416e-02
2.181038600793487603e-02
2.142053008366846464e-02
2.091972780287754824e-02
2.042676838923768862e-02
1.992849669332590057e-02
1.951059401394807102e-02
1.917653357211681481e-02
1.894979989357085948e-02
1.881609256536447006e-02
1.875784721816094874e-02
1.875069695425473151e-02
1.877322215486054019e-02
1.881189580521777649e-02
1.885635334315682518e-02
1.890672269679239542e-02
1.895789761480325825e-02
1.901513100327697353e-02
1.907124596852680098e-02
1.913175823445798646e-02
1.918694334243541480e-02
1.924364103259178227e-02
1.929249626963181266e-02
1.934376319657477028e-02
1.938943517804337172e-02
1.944279782994753208e-02
1.949527879762739946e-02
1.956142111345091084e-02
1.962999496926955134e-02
1.971631412330032002e-02
1.980574679768464658e-02
1.991555089069863005e-02
2.002766529912967941e-02
2.016264278351341532e-02
2.029916380136161103e-02
2.046101832608519105e-02
2.062393288676417358e-02
2.081296259076382757e-02
2.100130642691654809e-02
2.121262750268844421e-02
2.141851691438749830e-02
2.163973862778332397e-02
2.184831907726665634e-02
2.206248769131608639e-02
2.225847774650053720e-02
2.245269921864931351e-02
2.263222299604545490e-02
2.280646080144031057e-02
2.298818295967394038e-02
2.315248137886445623e-02
2.337959092088174456e-02
2.352985969844810163e-02
2.385250643016870870e-02
2.392865397699913202e-02
2.434184118037105438e-02
2.419450234989347151e-02
2.451859259908191827e-02
2.396090042214156501e-02
2.384410578162245858e-02
2.287300109102100021e-02
2.221135886171059920e-02
2.120745701131132588e-02
2.050720768395307425e-02
1.999485030158088331e-02
1.982589441102543606e-02
1.992238001618140339e-02
2.018427228364703258e-02
2.047987489362494695e-02
2.061659305104818207e-02
2.062321082233105340e-02
2.033762730836207594e-02
1.997059194151229108e-02
1.948911483090122465e-02
1.908959790393362221e-02
1.880450865386913695e-02
1.869075106923682311e-02
1.872897118041740028e-02
1.887343818880051274e-02
1.905866000922636777e-02
1.921939704895984577e-02
1.932268991447193968e-02
1.933272633729504406e-02
1.927771794182249823e-02
1.916229158800534724e-02
1.903648508608498519e-02
1.892276719327875764e-02
1.885029050316055013e-02
1.883204771591251436e-02
1.886871016520931532e-02
1.896138422773765292e-02
1.909640147162145959e-02
1.928072048185257292e-02
1.949628277200939758e-02
1.977403328313270467e-02
2.008824282837231440e-02
2.050026375496806150e-02
2.095560160976511072e-02
2.153788884516429428e-02
2.211628066999126938e-02
2.277660195847419980e-02
2.326236257483834877e-02
2.366520742765498148e-02
2.366948911855795007e-02
2.345966621029771729e-02
2.287863792342777897e-02
2.224655309347022339e-02
2.160220979528004043e-02
2.122165142850454891e-02
2.110013707878814759e-02
2.132717957943405102e-02
2.172341982535672469e-02
2.224851310599470361e-02
2.263633498991416554e-02
2.283323842597226316e-02
2.268478557712158561e-02
2.224800908926292606e-02
2.159148460474129977e-02
2.088061688097253218e-02
2.026562944884087794e-02
1.984925937371245439e-02
1.967515031781145660e-02
1.969603233337370585e-02
1.985320816707685301e-02
2.003089326746705992e-02
2.018288459073071250e-02
2.022774259318504270e-02
2.020223504920544422e-02
2.008089495111165662e-02
1.995430188702789626e-02
1.980842310757223793e-02
1.971315456765685217e-02
1.963536988230555475e-02
1.959658933282648619e-02
1.955730737584171486e-02
1.951544066039935174e-02
1.945053410517633488e-02
1.936699191617503174e-02
1.927147635424455302e-02
1.917903411589750445e-02
1.910773404087142552e-02
1.906792413102342473e-02
1.907046834256090340e-02
1.911137407584690903e-02
1.919115549437512558e-02
1.929542842075349443e-02
1.942363201246246132e-02
1.956027322490083015e-02
1.971309361419787409e-02
1.987213356226112670e-02
2.005510534434127787e-02
2.025905570813802542e-02
2.050688247758882324e-02
2.080072116367027990e-02
2.115935066852724089e-02
2.158723994754262882e-02
2.208243535038644303e-02
2.265057557977539007e-02
2.323960940914868850e-02
2.385916364308096269e-02
2.437038741946305834e-02
2.480341959095746368e-02
2.493042932665586603e-02
2.484944186097955143e-02
2.433333959091855958e-02
2.359939502323545046e-02
2.255194634477782414e-02
2.147778440257943830e-02
2.041439295695080675e-02
1.956300569665854819e-02
1.896316206833111723e-02
1.865504028016397656e-02
1.860344854043952806e-02
1.875277308946643462e-02
1.902391339708019505e-02
1.934971189025987831e-02
1.966021125089970414e-02
1.991572279849289362e-02
2.007868334761511372e-02
2.014776035700119663e-02
2.011388523207061421e-02
2.001191228457487037e-02
1.984452054754565556e-02
1.966915733466015337e-02
1.948132603017785347e-02
1.934276861260034869e-02
1.922972334937790573e-02
1.919866765464258232e-02
1.920327565799863009e-02
1.930166222598272627e-02
1.942146448819225338e-02
1.964258652497490737e-02
1.985225722422554601e-02
2.017895366849449881e-02
2.043957580693104778e-02
2.083989096621657183e-02
2.108692973085535965e-02
2.148809519928189526e-02
2.161939233355674242e-02
2.189417791567077609e-02
2.180609950433998537e-02
2.183270594337659992e-02
2.151928456268017986e-02
2.130674942144370615e-02
2.091346487714391619e-02
2.063003676985556561e-02
2.034430715525527983e-02
2.015712770048407737e-02
2.004210174233359704e-02
1.996322488404211198e-02
1.992855057512279288e-02
1.984823944177434296e-02
1.976332363948625145e-02
1.959586332132854866e-02
1.941717045128187394e-02
1.919300460088336352e-02
1.899397674310492057e-02
1.881782509762177855e-02
1.870224691831647024e-02
1.864550142799280275e-02
1.865012471045177089e-02
1.870224054605029718e-02
1.878635360323471781e-02
1.888636621996488130e-02
1.898364978170120551e-02
1.907370704007614257e-02
1.914167756014822919e-02
1.919929547707469042e-02
1.923753123142937088e-02
1.927963348810913038e-02
1.932300251182062639e-02
1.939450956782781330e-02
1.949850836782123648e-02
1.965991607694586238e-02
1.989372920347540902e-02
2.021967954988162022e-02
2.067380836351811677e-02
2.126092182452654633e-02
2.205452618940744250e-02
2.300881584314500711e-02
2.424648614424381940e-02
2.557773280620323497e-02
2.715584181745258827e-02
2.849898910529624629e-02
2.975019336324220137e-02
3.014930297561300987e-02
2.992651434516070338e-02
2.858960658351489617e-02
2.669885925602196938e-02
2.453277833613124945e-02
2.269756584024208018e-02
2.161742089547424167e-02
2.128684413435337833e-02
2.165001175887741255e-02
2.210479219640711090e-02
2.247828564889788744e-02
2.222745784541032416e-02
2.156792462914363176e-02
2.056150344590455120e-02
1.963738812343352250e-02
1.905389148746393715e-02
1.893121332789965763e-02
1.920862508998461352e-02
1.966590815826040756e-02
2.011152807831934758e-02
2.028859275010348739e-02
2.021571315220986598e-02
1.985148968718037851e-02
1.940689298059380952e-02
1.899048727378380846e-02
1.873093170396658222e-02
1.865070085104011607e-02
1.870785813427686475e-02
1.882854308567116081e-02
1.892523849373250328e-02
1.896099353722802833e-02
1.891147486608040634e-02
1.881418137577410901e-02
1.869996071652728353e-02
1.861411525978643247e-02
1.857588391781492265e-02
1.858810562589562759e-02
1.863516800580788946e-02
1.869118264000139626e-02
1.873633895175804906e-02
1.875124530787969368e-02
1.873743869204064216e-02
1.869670248242821103e-02
1.864568856050945536e-02
1.859615683928344046e-02
1.856012625080442902e-02
1.854321856638830798e-02
1.854450723849073238e-02
1.856115186125718158e-02
1.858414294631842434e-02
1.861041439912465914e-02
1.863062243211296293e-02
1.864832499591938253e-02
1.865752880822828252e-02
1.866837445277581137e-02
1.867751068523029745e-02
1.869791577952671646e-02
1.872658089876177295e-02
1.877714241249780341e-02
1.884562383721768986e-02
1.894811529015231685e-02
1.907963996879573007e-02
1.926443542951458004e-02
1.949537829975033984e-02
1.981518815537565772e-02
2.020564979947003792e-02
2.074611241509516021e-02
2.137345010369206058e-02
2.223336811521976070e-02
2.312300685382268767e-02
2.429298720107934614e-02
2.521780607405592692e-02
2.629422609677133787e-02
2.656090297789519272e-02
2.663682976884682377e-02
2.554623530384047755e-02
2.418541873479128357e-02
2.229971214538120639e-02
2.070653354758074383e-02
1.962304951076548898e-02
1.928267296815215637e-02
1.964161781470679172e-02
2.046495233845250367e-02
2.150883679810734403e-02
2.246981537028410608e-02
2.331544679410652715e-02
2.397542491553748822e-02
2.475821105997288302e-02
2.578393959666135105e-02
2.736058528104521811e-02
2.931737170191050026e-02
3.114258968710655745e-02
3.235643881662660093e-02
3.144067799986157569e-02
2.921333949750113887e-02
2.534215719840399172e-02
2.196110422793713310e-02
1.973487342708757364e-02
1.917810817837572318e-02
1.985991060514261108e-02
2.099182461573266892e-02
2.184966933991151078e-02
2.195039294362070501e-02
2.152545242545201437e-02
2.084489339754413278e-02
2.036003803427757775e-02
2.012532048400068538e-02
2.005313084789307754e-02
1.991421978513946422e-02
1.962771977761282663e-02
1.924156714956306788e-02
1.892017669881851383e-02
1.881844092562721948e-02
1.896629896208880048e-02
1.926134509922586280e-02
1.951955756695920516e-02
1.960155885140546159e-02
1.944175322803068720e-02
1.912169929785577024e-02
1.876536968667595964e-02
1.851008827330748521e-02
1.841794565779807102e-02
1.847407281147218222e-02
1.860641025635329307e-02
1.873249708161181526e-02
1.879539205660529441e-02
1.878146560396612430e-02
1.871665822898225043e-02
1.863740584054389762e-02
1.857830353877166010e-02
1.854986720465688979e-02
1.854580910161706189e-02
1.854695021380697514e-02
1.853872234873419483e-02
1.851242529805765744e-02
1.847413228999532711e-02
1.843391597625121045e-02
1.840474913667928050e-02
1.839402546758940257e-02
1.840216144833687131e-02
1.842331961321021228e-02
1.844842212252789312e-02
1.846924617067174229e-02
1.847982108728081149e-02
1.847956508279484378e-02
1.847001385678701327e-02
1.845603629213231345e-02
1.844163218394136508e-02
1.843022332683577277e-02
1.842317755565912527e-02
1.842015196408291339e-02
1.841972888251905763e-02
1.842010059325842330e-02
1.841976463394774666e-02
1.841789603422412658e-02
1.841444416310053511e-02
1.840992540019643214e-02
1.840528866696680005e-02
1.840140493643705605e-02
1.839916533211215233e-02
1.839901241940598842e-02
1.840140419670617533e-02
1.840635868916225271e-02
1.841426982794198627e-02
1.842521118591174123e-02
1.844025648134986831e-02
1.846010005528614037e-02
1.848742714588431924e-02
1.852410241774715693e-02
1.857601525928558039e-02
1.864702181181358484e-02
1.874962742349194078e-02
1.889080890136409299e-02
1.909707162290563698e-02
1.937819683313145303e-02
1.978919759622020311e-02
2.033087395286230920e-02
2.110829922586484469e-02
2.205341755099749293e-02
2.333170662068292239e-02
2.462953434582267065e-02
2.615037314525833767e-02
2.714103949527548604e-02
2.793677217653473335e-02
2.772148728699172851e-02
2.725081972498047747e-02
2.634682468739672073e-02
2.584114274050260812e-02
2.583909138557976062e-02
2.643987864908111524e-02
2.744475623562835781e-02
2.795778450228592060e-02
2.786219733507681179e-02
2.629456545176481197e-02
2.436292502679042113e-02
2.219084070169009132e-02
2.081682005451530523e-02
2.012926229337712661e-02
2.005893914164831940e-02
2.020711155984308838e-02
2.034145985824437758e-02
2.044125508147039832e-02
2.046704685902418080e-02
2.055051160387848588e-02
2.055655582496919431e-02
2.042001148535746088e-02
2.001325294672469043e-02
1.940752032568463306e-02
1.887262336243354655e-02
1.862550672057169607e-02
1.873584185630718796e-02
1.904138972528415449e-02
1.929124883202378016e-02
1.932625551318275375e-02
1.914153895576315573e-02
1.887971066294351352e-02
1.868410711326400769e-02
1.863234986959573514e-02
1.870028974508080796e-02
1.880480887502699108e-02
1.885074120813188051e-02
1.879948395993437729e-02
1.866124016895139709e-02
1.851020694138610229e-02
1.840702023759732339e-02
1.838015540355751598e-02
1.840884344107105927e-02
1.845206418998512551e-02
1.847948257602900074e-02
1.848421041439730558e-02
1.847941244147965206e-02
1.847587010463229082e-02
1.847963632673058076e-02
1.848407373827208600e-02
1.848557286800055210e-02
1.847911663223044537e-02
1.846972471174173833e-02
1.846115320661488243e-02
1.846337552381670244e-02
1.848054683193120842e-02
1.851601988581525957e-02
1.856669303572352700e-02
1.863189840210110332e-02
1.871380683781533050e-02
1.882706182745322310e-02
1.899041574052487066e-02
1.924407444083793203e-02
1.961300909250671826e-02
2.017800663655576476e-02
2.094506936607151704e-02
2.207292566557740934e-02
2.344268143902769955e-02
2.528181141263248152e-02
2.700726017626785616e-02
2.880676727835707052e-02
2.939523783042007066e-02
2.923448540484998442e-02
2.751464583132615105e-02
2.553314867254644766e-02
2.361544464854250375e-02
2.266052229360124293e-02
2.264323818909427452e-02
2.339472985176775655e-02
2.430742239804369736e-02
2.478674568338030612e-02
2.465912081273789053e-02
2.372890807621293868e-02
2.284539794965362997e-02
2.199698846481313100e-02
2.201922670391353448e-02
2.216573942753757853e-02
2.278478283723743211e-02
2.277886479817866835e-02
2.244180651302672691e-02
2.136485901472975554e-02
2.015397919289310322e-02
1.909324440971332110e-02
1.854640902830656177e-02
1.853177517877312858e-02
1.886243060140549432e-02
1.926034243003367508e-02
1.949538527966977741e-02
1.950177063770932792e-02
1.931347768396976874e-02
1.911094071305712710e-02
1.896391078335618943e-02
1.896087642205170065e-02
1.902463266734527245e-02
1.910320508190905056e-02
1.911108647943622618e-02
1.903751935283677990e-02
1.890884652003415115e-02
1.878337915108689929e-02
1.871236999339043541e-02
1.871480316457496337e-02
1.877516291756857816e-02
1.885473662747289003e-02
1.891238231923153545e-02
1.892206039759350769e-02
1.888259971516257490e-02
1.881212244929050467e-02
1.873868653324084130e-02
1.868844593013790911e-02
1.867397087189953328e-02
1.869721577619156555e-02
1.874770763419708608e-02
1.881489783292956616e-02
1.888817277075414969e-02
1.896767104634867682e-02
1.905478561022386219e-02
1.916482037310731495e-02
1.930142563574381576e-02
1.948870903170285551e-02
1.971754684166003579e-02
2.002145654740074970e-02
2.036969165298349593e-02
2.081434854468165035e-02
2.129368283642984333e-02
2.188457274825465759e-02
2.247368504119622717e-02
2.315674874898227681e-02
2.374084485542275746e-02
2.432816366130148567e-02
2.464792780817275444e-02
2.481618539511879287e-02
2.457270020454906112e-02
2.408518956648290216e-02
2.324381641071810584e-02
2.227054368997995540e-02
2.122391107272278768e-02
2.029067155659280280e-02
1.955544998268524473e-02
1.907821955339512529e-02
1.886749982885597282e-02
1.885745178304906039e-02
1.901632197013917655e-02
1.921165846658774365e-02
1.944568927486493848e-02
1.958120906004754552e-02
1.967665067583692154e-02
1.963740094065264188e-02
1.954769190877969284e-02
1.937266649952348180e-02
1.918189181049258576e-02
1.897998178159761296e-02
1.880336081803303874e-02
1.866286164797093319e-02
1.856678181840027211e-02
1.851576672854041150e-02
1.850244310505157544e-02
1.852200586826175180e-02
1.855836746829588393e-02
1.861356803285120487e-02
1.866339498733719099e-02
1.872470270519923860e-02
1.876437788903207587e-02
1.881475332020984478e-02
1.883506183945233420e-02
1.886868852406394306e-02
1.887058073451886378e-02
1.888886393855995077e-02
1.887808460265357965e-02
1.888584662277272702e-02
1.886906561393541723e-02
1.887208946327790376e-02
1.885537016104718230e-02
1.885938539562357144e-02
1.884817682434445502e-02
1.885885390500291470e-02
1.885850483121966764e-02
1.888197319190153961e-02
1.889850920553308444e-02
1.894227023254069220e-02
1.898365268319615606e-02
1.905806141393797878e-02
1.913603178120315898e-02
1.925648178552159806e-02
1.938902712514790211e-02
1.957880809416589693e-02
1.979312685838390679e-02
2.008630264745656091e-02
2.042114639792713682e-02
2.086319383578962017e-02
2.136682332634546461e-02
2.200717216176832636e-02
2.272189254820310145e-02
2.358635494720144263e-02
2.450302611449221152e-02
2.552731646168212090e-02
2.649103387897751294e-02
2.740412887055570373e-02
2.799834509888594891e-02
2.824208998101847973e-02
2.787308809101719798e-02
2.691333757669613774e-02
2.544087800990896958e-02
2.360684346502587780e-02
2.192035134344300779e-02
2.046126992832654826e-02
1.966333955692348145e-02
1.935247133322524210e-02
1.956372404613052757e-02
1.999372395582204101e-02
2.049462215636067841e-02
2.081868496552670422e-02
2.091615323581912447e-02
2.070721701531413189e-02
2.030205375702838488e-02
1.978094085867099228e-02
1.927847907940090713e-02
1.889991002189698316e-02
1.867794471648210816e-02
1.863629753776495368e-02
1.871131271978655405e-02
1.886593585173746909e-02
1.901261849087602929e-02
1.912668041332426377e-02
1.915296474148319578e-02
1.911019240508250380e-02
1.899096363516285246e-02
1.883733932610106090e-02
1.866926680611519923e-02
1.852020050814518620e-02
1.840708549415480746e-02
1.833966487621065122e-02
1.831808182965041776e-02
1.833277073974345570e-02
1.837405576655779665e-02
1.842475800447846909e-02
1.847808638040324483e-02
1.851803725522829097e-02
1.854702748201328411e-02
1.855404101188312324e-02
1.854881295398122174e-02
1.852545998946108705e-02
1.849564807789126283e-02
1.845691518235705389e-02
1.841862643350264395e-02
1.837987426741640590e-02
1.834633645248966508e-02
1.831743447503317648e-02
1.829576755734885901e-02
1.828070195618101620e-02
1.827327640315447310e-02
1.827317874154851113e-02
1.828157294784181486e-02
1.829943853141338672e-02
1.832996547584085992e-02
1.837722631282764571e-02
1.844956114221158947e-02
1.855777451571430717e-02
1.872225422401116793e-02
1.896754694109004796e-02
1.934095046157872921e-02
1.988815304894052741e-02
2.070540203203013671e-02
2.183041987620137209e-02
2.339062882769354923e-02
2.520005614739322108e-02
2.722537873317238538e-02
2.862423574327026612e-02
2.920826763242601043e-02
2.818227178307427042e-02
2.633221961381614074e-02
2.419939100910819055e-02
2.299650357706501530e-02
2.287462129669807706e-02
2.400059083555098477e-02
2.525077924132039173e-02
2.632028417284471011e-02
2.587841791823751111e-02
2.451990732663418895e-02
2.237972086793982643e-02
2.065060253303672294e-02
1.968531095876463466e-02
1.957885928750536034e-02
1.989886778067698550e-02
2.015637953543653743e-02
2.002519122912241323e-02
1.955362335991686976e-02
1.903475346021556852e-02
1.878544771643338163e-02
1.894604384529672073e-02
1.936277346564794360e-02
1.981410994842672246e-02
2.000629937248133913e-02
1.989385204185677852e-02
1.951424191609837239e-02
1.908810429658484853e-02
1.877630542248632031e-02
1.866710070003765876e-02
1.871266816801336885e-02
1.880888701698101018e-02
1.884834126782258465e-02
1.878965957780753815e-02
1.866237274085052328e-02
1.853018656893595101e-02
1.845862676287622628e-02
1.846627617142914887e-02
1.853941326258230077e-02
1.862627888814595220e-02
1.869111599037058882e-02
1.870038613162549809e-02
1.867304748764725755e-02
1.862358339034871774e-02
1.859519410868537212e-02
1.859620714602984101e-02
1.864106635175985516e-02
1.871034232797783373e-02
1.880237241579600996e-02
1.890043690382754021e-02
1.901965653965874067e-02
1.917082909450863390e-02
1.938554741783539426e-02
1.969940542251381183e-02
2.013066774012651702e-02
2.074366611411994354e-02
2.148777243526181838e-02
2.249771741525154883e-02
2.350846962718584898e-02
2.479348716106564640e-02
2.561167947733002798e-02
2.646774944375715130e-02
2.616459177316832890e-02
2.559974292225607184e-02
2.397856414436046191e-02
2.247500284721671432e-02
2.116023224020709831e-02
2.070131100236353300e-02
2.105444746246779367e-02
2.208556705941538967e-02
2.318694695236285866e-02
2.393774342780230491e-02
2.396433303605196435e-02
2.324911925629177464e-02
2.224384701714809259e-02
2.136208291876773996e-02
2.099208965777341757e-02
2.108751213465483165e-02
2.143829170963808609e-02
2.158946828533309797e-02
2.138503765651352667e-02
2.070701172188596853e-02
1.985509884222379576e-02
1.907438656969487334e-02
1.862046570728085812e-02
1.851892460316507255e-02
1.865337748696381526e-02
1.882855594648172662e-02
1.890283116347730996e-02
1.881968927663775493e-02
1.863274607176365616e-02
1.844488341046849472e-02
1.834342622869314376e-02
1.836665337207732743e-02
1.848596010494046524e-02
1.864182498167015964e-02
1.876080059245940207e-02
1.881514736707285904e-02
1.879371536016628472e-02
1.873813244072243533e-02
1.868431943182765134e-02
1.866977950856543375e-02
1.870680489232014188e-02
1.878873127301993948e-02
1.889538903712798326e-02
1.900746674913664225e-02
1.911107361812655614e-02
1.920686817775652672e-02
1.930549077588622833e-02
1.942251557919911012e-02
1.957971183160478468e-02
1.978270866388224039e-02
2.005148292377491315e-02
2.036715223950012407e-02
2.075216477911075857e-02
2.116301500865114260e-02
2.163375912032027351e-02
2.209601775833865828e-02
2.259330222003784819e-02
2.302639447784445015e-02
2.343187223043353973e-02
2.368681467105051078e-02
2.380735996402011737e-02
2.369279494262112665e-02
2.335517014974156785e-02
2.278472008348795749e-02
2.202653166564372267e-02
2.117500186306787643e-02
2.030640636004503799e-02
1.953710669681001100e-02
1.892027717534145934e-02
1.850557266432537387e-02
1.828741126309157625e-02
1.824350328696796447e-02
1.832857763337480961e-02
1.849731794696753834e-02
1.870073235811467449e-02
1.890826292849364168e-02
1.908556488390728348e-02
1.922652030611768370e-02
1.931145269565296210e-02
1.935335175254382367e-02
1.934064354273669697e-02
1.929629380460750124e-02
1.921206953348365137e-02
1.911276021301400868e-02
1.899232101360482511e-02
1.887184813866652974e-02
1.874749793912667065e-02
1.863388059818152712e-02
1.852854435072672640e-02
1.843924250033399451e-02
1.836372211006182670e-02
1.830435352260955523e-02
1.825854029912301821e-02
1.822556512141807264e-02
1.820274539802327340e-02
1.818839388122145059e-02
1.818028928434153868e-02
1.817714241554858542e-02
1.817752062265309831e-02
1.818110212328070269e-02
1.818721739850251082e-02
1.819667546620011567e-02
1.820938910226897398e-02
1.822763523158509036e-02
1.825179215993799273e-02
1.828678560095702704e-02
1.833342106966471402e-02
1.840247979462667632e-02
1.849476029892144213e-02
1.863494800484749928e-02
1.882070469304945523e-02
1.911044642648473263e-02
1.948330627105630819e-02
2.007863418812111042e-02
2.079369373161128048e-02
2.194950049884542703e-02
2.314427329585450749e-02
2.504654976207064399e-02
2.643666950399087626e-02
2.850306851581357881e-02
2.883628679981588283e-02
2.926002963798952222e-02
2.755083972662691894e-02
2.584733223016896786e-02
2.379751834056407708e-02
2.258302246298755922e-02
2.239832952965917223e-02
2.295401218804998117e-02
2.390734946835788161e-02
2.413941903991860191e-02
2.373814326672570724e-02
2.214305045589094398e-02
2.045994907743613200e-02
1.913664657681074521e-02
1.872471709961436720e-02
1.909856552891230422e-02
1.975118264182284047e-02
2.022408302506103345e-02
2.012044298395798680e-02
1.966327871345082551e-02
1.909594947091826714e-02
1.881978951522326332e-02
1.894622418278801845e-02
1.932417893445923310e-02
1.970971030656823095e-02
1.980718487550481646e-02
1.963925038854774305e-02
1.925071186683123201e-02
1.891684341073307171e-02
1.875869676466774758e-02
1.882591907323678468e-02
1.902517354193972512e-02
1.922787145055165903e-02
1.937337118191667651e-02
1.944065991659279027e-02
1.952635378770035957e-02
1.970426086163806073e-02
2.002784739362746536e-02
2.051846378218147998e-02
2.108476929065905559e-02
2.175231389610268046e-02
2.236478560309920413e-02
2.304472039204282299e-02
2.361613114008979594e-02
2.422010294209410441e-02
2.462813236944382672e-02
2.488709122119591582e-02
2.478212825540079128e-02
2.433591549065909632e-02
2.352437863486303224e-02
2.248297561106125941e-02
2.136327179445849864e-02
2.033803300428483479e-02
1.951555381753637339e-02
1.895552147310023208e-02
1.864103699577266543e-02
1.853289289569429524e-02
1.856813006409114078e-02
1.869156927958414219e-02
1.885959406911136976e-02
1.902919544770209984e-02
1.918470786966341296e-02
1.929179893463554493e-02
1.935475785663071796e-02
1.935256953252737985e-02
1.930281649065003491e-02
1.920424687507631817e-02
1.907820989769025075e-02
1.893592511013500457e-02
1.879110021312827700e-02
1.865464680049199950e-02
1.853071947883514620e-02
1.842648475574867190e-02
1.834260627297671503e-02
1.828366706819953974e-02
1.824900817954061907e-02
1.823896510631934156e-02
1.824906618681732332e-02
1.827476600512428426e-02
1.830874628659687892e-02
1.834539055804471769e-02
1.837951239700743103e-02
1.840840416163663090e-02
1.843112484820602290e-02
1.844793477529788409e-02
1.845996119048292153e-02
1.846860752941618597e-02
1.847467802920831417e-02
1.848002159838520175e-02
1.848443819532898796e-02
1.849067507045044911e-02
1.849755921333535655e-02
1.850904501384310202e-02
1.852279077430397242e-02
1.854380976294376163e-02
1.856827623108543712e-02
1.860223675913958569e-02
1.864016757262162288e-02
1.868950543797814196e-02
1.874266072076906028e-02
1.880912935006468986e-02
1.887835427032353783e-02
1.896274278037682337e-02
1.904707448424080782e-02
1.914753301301133637e-02
1.924189143699625223e-02
1.935106809600874167e-02
1.944386238154676566e-02
1.954736327677691898e-02
1.962173261092691953e-02
1.970270637072150943e-02
1.974614861085202330e-02
1.980036176448154994e-02
1.982391465154533655e-02
1.988326198889418112e-02
1.994279044018702068e-02
2.009616160199627008e-02
2.030212066727116876e-02
2.069902561781024330e-02
2.119746359871805749e-02
2.200503113914720199e-02
2.287524413334550075e-02
2.408520376422696244e-02
2.503625570603687858e-02
2.603542257064709459e-02
2.611964959513966150e-02
2.575538533900004895e-02
2.434030121700161628e-02
2.272815352267206629e-02
2.117383083084831488e-02
2.033013507813915752e-02
2.038873136044650272e-02
2.128055220007553372e-02
2.266933673443971564e-02
2.413296045376821242e-02
2.532150122024939137e-02
2.595970392968763654e-02
2.616511152696669035e-02
2.614575005665377427e-02
2.628649500248675733e-02
2.676652220796692239e-02
2.756202583400391148e-02
2.802955929145570582e-02
2.773059078364883967e-02
2.620556685018523776e-02
2.377183814607424298e-02
2.126629425153332351e-02
1.940451978331952584e-02
1.859600550478185746e-02
1.867633287833953687e-02
1.922565311306774494e-02
1.980412762446625424e-02
2.017303947049858132e-02
2.031111821320730204e-02
2.032197267089527054e-02
2.029858462736210817e-02
2.020378387198865783e-02
1.999875913984814832e-02
1.959999774104691228e-02
1.909151858275277142e-02
1.859392931014252487e-02
1.825762271737425488e-02
1.816134826879700626e-02
1.827472009331997799e-02
1.849500449549804776e-02
1.869669173451524516e-02
1.880712204158135545e-02
1.880051430106727262e-02
1.872155664001036793e-02
1.862141330011917589e-02
1.854170933844121599e-02
1.849257836148867490e-02
1.845393818731084698e-02
1.840819011435549171e-02
1.833889920462133255e-02
1.825740182893837577e-02
1.818075571590227479e-02
1.813072657704651106e-02
1.811658347513293854e-02
1.813388433746297018e-02
1.816779527694045368e-02
1.819991336676528987e-02
1.821856887526065658e-02
1.821862973521116286e-02
1.820637040119689118e-02
1.818932383317936607e-02
1.817639149459161774e-02
1.817146993336244895e-02
1.817390124279185878e-02
1.818026660509380540e-02
1.818499810518629800e-02
1.818574677816991308e-02
1.818046887509918580e-02
1.817180194558795647e-02
1.816141490396260688e-02
1.815312744307815904e-02
1.814807692767439473e-02
1.814740407210310019e-02
1.815008073534766370e-02
1.815521163499657017e-02
1.816150998545059195e-02
1.816842138810732810e-02
1.817610929575978404e-02
1.818545189429304765e-02
1.819793654795221274e-02
1.821545565824117183e-02
1.823982489255164194e-02
1.827370471273543837e-02
1.831894867517526101e-02
1.837996529345508820e-02
1.845936164601556795e-02
1.856567671029659555e-02
1.870354022630183258e-02
1.888935741304634958e-02
1.913083960459906543e-02
1.945772957637440306e-02
1.987962244211954541e-02
2.044605600955969396e-02
2.115785899649027038e-02
2.208493225142940664e-02
2.317903701593457613e-02
2.450415136320900633e-02
2.586367581855258599e-02
2.724896605697546548e-02
2.821274203647255660e-02
2.868450575950434039e-02
2.817419551104095865e-02
2.686381011880833655e-02
2.480440243749697238e-02
2.259962330860697602e-02
2.074843981272626176e-02
1.966050620907381502e-02
1.948484256366627212e-02
2.002886040665115969e-02
2.101342625973721262e-02
2.189548194889056124e-02
2.248022444566063344e-02
2.232513180515563467e-02
2.174350858089337327e-02
2.077266307830293729e-02
2.000344016444780687e-02
1.961775519592288963e-02
1.981865715599297889e-02
2.044825323657454771e-02
2.126618743306737946e-02
2.197307589840919936e-02
2.232214032079126581e-02
2.227100431174458203e-02
2.190730826615449461e-02
2.143169603319613689e-02
2.109122078122289967e-02
2.092508945921802560e-02
2.099577445189045738e-02
2.102806881371646966e-02
2.100190539350355393e-02
2.063128878617580611e-02
2.010326755339944191e-02
1.942377116713935384e-02
1.886658055888591062e-02
1.850884702817832267e-02
1.838391940190040388e-02
1.840527349308092309e-02
1.846116177282888793e-02
1.847074257638971553e-02
1.840437265444825124e-02
1.830371652231338811e-02
1.821880733096156377e-02
1.819991535404430483e-02
1.825312074240870858e-02
1.835709485867328267e-02
1.846601008986505088e-02
1.854749244154945548e-02
1.858066902863695150e-02
1.857797602599346731e-02
1.855909686503212988e-02
1.855369961000093854e-02
1.857493982156391624e-02
1.862887697303275761e-02
1.870125338575522045e-02
1.878436773833333517e-02
1.885771736146305347e-02
1.892926675426256575e-02
1.898947607918104186e-02
1.906559742362114174e-02
1.915288183478908168e-02
1.927896085370708543e-02
1.943083167187499918e-02
1.962590363839761265e-02
1.984135157379747494e-02
2.009293477301304920e-02
2.035267244120674002e-02
2.064657096400214845e-02
2.093706216062212952e-02
2.126190575835072705e-02
2.156094119322175470e-02
2.187636866838952795e-02
2.211878302264363994e-02
2.232934724939597895e-02
2.240403305255514455e-02
2.238789797391099734e-02
2.220020939065868101e-02
2.189838931801814728e-02
2.146122826323018998e-02
2.095211114864308638e-02
2.040718199911510308e-02
1.987335619524169261e-02
1.940529917831811807e-02
1.901776653436975523e-02
1.875071187263445405e-02
1.858935418539970144e-02
1.855749474434618962e-02
1.861805710957704224e-02
1.880137334480042749e-02
1.904280412398764652e-02
1.941346446965770342e-02
1.979003612500680048e-02
2.032980449186186714e-02
2.077687236035815482e-02
2.143469465823106407e-02
2.179912755125154589e-02
2.238194331208473789e-02
2.237648138946239304e-02
2.251591111167064452e-02
2.191720322931741544e-02
2.140500661397641904e-02
2.044624771610482894e-02
1.966436372006032107e-02
1.894188711012512877e-02
1.851254421339503659e-02
1.835674049102091476e-02
1.844103744534809214e-02
1.868607915950076109e-02
1.898005968424968867e-02
1.926209311255382833e-02
1.942294237996278553e-02
1.949536920469573803e-02
1.941777628567239317e-02
1.928626124874703585e-02
1.910189929196800043e-02
1.894809132680227992e-02
1.884703213357864435e-02
1.882875891852885814e-02
1.889870227642719003e-02
1.903542527568560794e-02
1.924426195007520116e-02
1.945958654619362946e-02
1.972760533829963012e-02
1.994595972735986253e-02
2.021495097343844333e-02
2.041556763905990821e-02
2.067471139451475259e-02
2.088143349341273908e-02
2.114455656439081024e-02
2.137690510380997264e-02
2.163274827387838550e-02
2.185639577825041271e-02
2.203610442977345374e-02
2.215267949644446344e-02
2.214823997201207859e-02
2.204393129384366740e-02
2.178043878714403664e-02
2.141718739834550314e-02
2.093795724594347749e-02
2.041939471188420133e-02
1.989297956576122767e-02
1.941380452817611721e-02
1.902008126022962722e-02
1.872283274487457697e-02
1.853318008030013439e-02
1.843074260298528319e-02
1.840613456600113246e-02
1.843197304173688905e-02
1.850177594281980295e-02
1.859419245203953325e-02
1.871840969477571795e-02
1.885998480352607531e-02
1.904383713429999569e-02
1.925803912622195413e-02
1.953863591633635613e-02
1.986905478381463183e-02
2.028753106124216860e-02
2.075647169349669266e-02
2.129183455653929982e-02
2.180398396269704608e-02
2.224889973926300751e-02
2.248415896631122957e-02
2.243042597866355681e-02
2.202641990980664169e-02
2.130045238257129853e-02
2.040947062382176755e-02
1.950764838429926845e-02
1.879309877353338432e-02
1.834759617843889981e-02
1.820108949679680177e-02
1.829518347584300000e-02
1.854363213309591363e-02
1.883663275980846860e-02
1.909342834967626967e-02
1.923095161889883109e-02
1.923820846901883042e-02
1.910115458380254663e-02
1.887493650177052285e-02
1.860320425889917806e-02
1.834865766376685137e-02
1.815164421761355021e-02
1.803488769991290833e-02
1.800052466413475105e-02
1.803395531937928079e-02
1.811310613789498397e-02
1.821255958136053579e-02
1.831272684638921011e-02
1.839593464703903267e-02
1.845975403939957571e-02
1.849946169602526350e-02
1.853087982454003704e-02
1.856058657202481685e-02
1.861722326701928040e-02
1.871448579947406973e-02
1.889372360494832870e-02
1.917255098186346901e-02
1.962171084542100111e-02
2.025498101285721705e-02
2.121039393924224747e-02
2.245136173687746137e-02
2.422286992720070267e-02
2.624993724696370739e-02
2.884376595867516740e-02
3.106318445417659627e-02
3.317412338202216371e-02
3.353769517028884484e-02
3.276011000636270404e-02
3.007712803221918724e-02
2.689166035926236764e-02
2.391903515779520567e-02
2.216774581416642784e-02
2.193705961318201392e-02
2.263185229182716057e-02
2.403397750702365027e-02
2.417427704739064445e-02
2.380600819876517796e-02
2.193386310500527320e-02
2.009448649657930713e-02
1.872802634595433641e-02
1.837839233864458841e-02
1.891117786589497501e-02
1.980856075550189652e-02
2.058949735888313329e-02
2.062662785169679797e-02
2.020090622361308749e-02
1.932311025204095853e-02
1.860127047569305053e-02
1.824384250071995478e-02
1.830903228599515056e-02
1.862222214962751601e-02
1.891908201450864455e-02
1.902789224657658665e-02
1.886189794083120708e-02
1.856475102769141600e-02
1.826218019444056026e-02
1.810003015833254458e-02
1.810770503580834759e-02
1.823305964316676575e-02
1.837776806891671874e-02
1.844919629440756187e-02
1.841889897222659736e-02
1.829924549647058904e-02
1.815504930130757907e-02
1.804223548270905003e-02
1.799674032498351992e-02
1.801680285543471802e-02
1.807338164407531686e-02
1.812934426765452217e-02
1.815370338468829531e-02
1.813927837845617091e-02
1.809105371818242949e-02
1.803264720994883497e-02
1.798367641070017925e-02
1.795876514658334075e-02
1.796001909229695895e-02
1.798015103484712496e-02
1.800692005443583002e-02
1.802807093814003114e-02
1.803649807607621974e-02
1.803008409237083498e-02
1.801335033400942864e-02
1.799218506637293227e-02
1.797378831251898387e-02
1.796264301580729333e-02
1.796075768989171748e-02
1.796745035611330490e-02
1.798019857105310343e-02
1.799640804238402877e-02
1.801351334647758456e-02
1.803107103863904603e-02
1.804904647819764729e-02
1.807047633330467057e-02
1.809766266404439633e-02
1.813672040455927698e-02
1.819146628410959685e-02
1.827188762282942400e-02
1.838327212726155457e-02
1.854313508564443477e-02
1.875773849612435984e-02
1.905890604066363264e-02
1.944593006019366618e-02
1.997078482613395475e-02
2.058975785860895150e-02
2.136692668702147233e-02
2.212261974123729685e-02
2.290910888490219066e-02
2.333101420988785424e-02
2.350013272988462146e-02
2.302858708196073301e-02
2.231828868994934281e-02
2.134507534989827163e-02
2.067680987480634627e-02
2.039075276392644104e-02
2.080636858350844512e-02
2.169188427921055207e-02
2.318686771978631725e-02
2.462763235115243005e-02
2.626691971340485224e-02
2.713509758255437318e-02
2.776337031387006785e-02
2.750054584210078618e-02
2.710598298724307964e-02
2.657333313800696456e-02
2.634971793453820196e-02
2.647417711598237799e-02
2.657094091363589733e-02
2.655678350376391300e-02
2.564779172753527473e-02
2.432667678727617327e-02
2.230653428378048461e-02
2.056084849312969989e-02
1.929530498423405460e-02
1.888360315465299061e-02
1.916119995946717613e-02
1.976741463043493394e-02
2.035299855123904461e-02
2.055215129440417579e-02
2.044910138129340388e-02
2.003692821631241835e-02
1.962014248463488791e-02
1.927433877568062587e-02
1.907317810131073030e-02
1.895035715208331917e-02
1.880982296281737826e-02
1.864713348771353252e-02
1.844853039683198859e-02
1.831352507459175355e-02
1.826898013705153742e-02
1.833532405681780747e-02
1.846190177780451455e-02
1.858715377276482297e-02
1.864742753133030381e-02
1.861039760057745657e-02
1.849721847636529026e-02
1.833837527133575646e-02
1.819407741987808316e-02
1.809133334956619307e-02
1.804466062286957592e-02
1.803939705533647020e-02
1.805367379676495881e-02
1.806370111087256605e-02
1.805845174386747423e-02
1.803736820540757443e-02
1.800963275521227577e-02
1.798780544097013101e-02
1.798030560520219243e-02
1.799027355891319804e-02
1.801276392716966504e-02
1.803920723986698546e-02
1.805959902820500340e-02
1.806769614449109385e-02
1.806166514106240933e-02
1.804508743429619408e-02
1.802351557691595635e-02
1.800366361960263270e-02
1.798939419782446397e-02
1.798298850267465721e-02
1.798324325602528376e-02
1.798842729310190167e-02
1.799548495155458075e-02
1.800307387191409439e-02
1.801003090345493565e-02
1.801756474017270765e-02
1.802672757289622979e-02
1.804022350307795189e-02
1.805982352016955589e-02
1.808837112412544496e-02
1.812778997098374312e-02
1.818135108027676972e-02
1.825225615603290677e-02
1.834605284111723300e-02
1.846911225326492573e-02
1.863216111641196812e-02
1.884652686624966114e-02
1.913271332417787809e-02
1.950733733934683495e-02
2.000673753288614506e-02
2.064630330983438164e-02
2.148121967755770370e-02
2.249578000966316257e-02
2.374843154680114643e-02
2.511179198407457666e-02
2.659475538936029171e-02
2.785351855293514284e-02
2.881979300013582171e-02
2.902427942421428875e-02
2.850815727156497115e-02
2.712749385803404564e-02
2.526894396456445813e-02
2.329705649008532650e-02
2.165921641755526317e-02
2.065324495420075429e-02
2.037338241066957711e-02
2.060920546696263372e-02
2.118360981549550701e-02
2.160952543618942234e-02
2.177748986671852391e-02
2.141655618264905192e-02
2.076020810006032336e-02
1.989059862236600140e-02
1.915449697812372787e-02
1.865811806824988622e-02
1.849653139228261967e-02
1.858731088800646969e-02
1.882396881585296153e-02
1.904158277825827861e-02
1.915179128671747055e-02
1.909422230376400451e-02
1.889609306240255804e-02
1.863217464155771108e-02
1.837205714597459072e-02
1.819543783641236825e-02
1.811728158697205673e-02
1.813859229449883009e-02
1.821562969964550180e-02
1.831211008764706966e-02
1.837809872349144627e-02
1.840504938595126719e-02
1.837582680164435295e-02
1.831663467584303262e-02
1.823815021740185505e-02
1.817011780803699794e-02
1.812250922391185279e-02
1.810559576716482336e-02
1.811432742883169189e-02
1.814269274457982334e-02
1.817910350294982269e-02
1.821487075453977894e-02
1.824368344820107707e-02
1.826415006423107515e-02
1.827771818411124891e-02
1.829244551132732863e-02
1.831167453833361727e-02
1.835070467609117503e-02
1.840745232240490262e-02
1.850407570928742571e-02
1.862738821347858023e-02
1.881240867182137205e-02
1.902689297017223086e-02
1.933289687235815665e-02
1.965998131373677266e-02
2.011969147719417511e-02
2.056226659616154293e-02
2.117639740234068119e-02
2.166710195713374143e-02
2.232527445563546944e-02
2.265667881421510113e-02
2.306884836127630345e-02
2.293516874450225035e-02
2.277063846560304500e-02
2.206654821184159121e-02
2.135394326243170507e-02
2.043764882522662932e-02
1.967883180942171448e-02
1.907880531098260848e-02
1.874087448348722013e-02
1.865593637386405226e-02
1.876383908608556667e-02
1.901449246852019576e-02
1.929303993727332633e-02
1.958811235776755297e-02
1.977867118139556291e-02
1.993821505225607665e-02
1.997104695885324258e-02
2.000402173465178415e-02
1.998252753005211324e-02
2.001987149747224554e-02
2.008563778807381101e-02
2.023626658542881929e-02
2.044163579678847861e-02
2.069994672863118695e-02
2.098004973394815287e-02
2.124663347581686942e-02
2.148201174852787387e-02
2.164824678647505121e-02
2.174669354654089337e-02
2.175945798981044482e-02
2.169347882484359141e-02
2.155761864519745857e-02
2.134576740626391300e-02
2.108714304228917480e-02
2.075916151449708202e-02
2.040232683448872306e-02
1.999370032569907848e-02
1.957967332387570286e-02
1.915633891342556627e-02
1.876865197714787381e-02
1.843011672623153657e-02
1.816896990046557026e-02
1.799328291051975268e-02
1.790444089817260984e-02
1.789152867773695019e-02
1.793685717194302975e-02
1.801974318601028136e-02
1.811905434758207326e-02
1.821972963395738360e-02
1.830697408138746637e-02
1.837798535659048577e-02
1.842613309215404560e-02
1.845831940069992544e-02
1.847382967999544601e-02
1.848314182679353795e-02
1.848808764471134708e-02
1.849745557573483079e-02
1.851299000656085256e-02
1.853956993382405855e-02
1.857828796198157661e-02
1.863066386228113061e-02
1.869843870749211129e-02
1.878137884374009997e-02
1.888390655135698676e-02
1.900525056022460413e-02
1.915423559181467922e-02
1.932959143394629917e-02
1.954543706200366493e-02
1.979833394243113096e-02
2.010724781360285346e-02
2.046204441376337640e-02
2.088261696329627576e-02
2.134318576329659323e-02
2.185279061350466068e-02
2.235901225639328957e-02
2.283891617706752808e-02
2.321769846116783151e-02
2.342686236529143914e-02
2.342184573203958883e-02
2.311827928226424175e-02
2.259192991291546909e-02
2.180435213279929146e-02
2.096083929253992131e-02
2.007390329079477426e-02
1.934573120171083696e-02
1.877628400433447101e-02
1.844810078445411131e-02
1.831517034259771276e-02
1.835848166377429883e-02
1.850942244912242435e-02
1.872489039973054478e-02
1.894683596844726203e-02
1.915629540952560120e-02
1.932295436652115700e-02
1.945732442040395971e-02
1.955770222319235668e-02
1.964768818419894078e-02
1.974495297932291060e-02
1.986961852939535256e-02
2.004432136720776109e-02
2.028082035642608111e-02
2.058381516107697651e-02
2.096647785131020708e-02
2.137143242576602931e-02
2.183660667580224896e-02
2.217644750076314814e-02
2.249524302733456674e-02
2.245757230060129589e-02
2.230015849648682436e-02
2.167513821311329095e-02
2.097511740034195202e-02
2.004233660746983225e-02
1.926555967414547016e-02
1.864259116079674400e-02
1.833561866240601690e-02
1.830612811335650264e-02
1.850326289524193910e-02
1.880820404426974263e-02
1.912788170627523210e-02
1.935507943067070469e-02
1.946519099548463250e-02
1.944130776137559941e-02
1.934419106337450026e-02
1.923169365759262381e-02
1.920056537397279994e-02
1.929932615233700618e-02
1.959836442829384143e-02
2.007568630937795265e-02
2.075607389885954571e-02
2.152963291468538987e-02
2.238619732881984292e-02
2.310841723858960903e-02
2.368602734926687423e-02
2.383603724860445389e-02
2.367330009204583405e-02
2.305526293597857934e-02
2.230645345639059585e-02
2.149619952043393609e-02
2.091772589542365002e-02
2.057698246561288913e-02
2.051705776359550107e-02
2.055185037134207512e-02
2.060991104845902311e-02
2.049824563080988871e-02
2.022978276996124924e-02
1.979657867941801708e-02
1.930717233673464456e-02
1.887796446536183295e-02
1.857146601286597393e-02
1.844578797793919311e-02
1.845001734306173091e-02
1.855944540051469513e-02
1.866747797048429192e-02
1.876324767537901339e-02
1.876388507107760659e-02
1.872307591181854997e-02
1.861111221722739836e-02
1.850557644652329331e-02
1.839868847631013007e-02
1.833628363503286493e-02
1.829586124102386413e-02
1.828559891464348608e-02
1.827090770277916762e-02
1.825027003142962526e-02
1.820225172829631824e-02
1.813569083361488837e-02
1.805236017871273205e-02
1.796845068025178585e-02
1.789516708054746108e-02
1.784302630019417649e-02
1.781621509460570851e-02
1.781367473882974894e-02
1.783009551921002980e-02
1.785800658541234626e-02
1.789028453400394458e-02
1.792090630533292248e-02
1.794769466360995533e-02
1.796926986985684233e-02
1.799011514488422364e-02
1.801211655305027040e-02
1.804550281290782585e-02
1.809268772662098526e-02
1.817076195808104214e-02
1.828033239565863416e-02
1.845390322350961773e-02
1.868605414708150031e-02
1.904797818456028732e-02
1.951195740587942720e-02
2.023883134660712027e-02
2.111872520829263106e-02
2.249642290081452917e-02
2.399207966149630861e-02
2.625320763229625765e-02
2.819875162846240818e-02
3.080077986493549511e-02
3.191655675841669620e-02
3.275272833680565460e-02
3.123727193785277856e-02
2.893166259661802270e-02
2.581922391773151110e-02
2.326019289157281456e-02
2.198492165821728031e-02
2.193398876016318388e-02
2.293852780586837226e-02
2.346783076459013281e-02
2.373611328682062940e-02
2.237492168238219836e-02
2.079050344774632103e-02
1.922048141202862409e-02
1.851565480363596278e-02
1.876140961160539800e-02
1.955932842823594406e-02
2.040406432800382502e-02
2.060577588559131881e-02
2.027404093561954029e-02
1.938231139978663364e-02
1.856312762563008117e-02
1.809944616478622453e-02
1.811654913949586887e-02
1.844763347548446925e-02
1.878070764431567438e-02
1.891898572248674679e-02
1.873778688925918645e-02
1.840346294288730880e-02
1.807036687078216602e-02
1.790895186030740799e-02
1.795000479792614040e-02
1.811510611555003716e-02
1.828363142634493663e-02
1.834194679851680262e-02
1.828055316430858557e-02
1.812594958616509794e-02
1.797237153079830202e-02
1.788144835670634619e-02
1.787960769234519381e-02
1.794367940743543666e-02
1.802302500547329350e-02
1.807639977885103569e-02
1.807521285734773470e-02
1.803677068938977848e-02
1.798414525227872915e-02
1.795542923455761136e-02
1.797263801060283023e-02
1.804088395173975359e-02
1.815603397709667985e-02
1.829957340203598390e-02
1.847659332226860018e-02
1.867555008142796416e-02
1.893862001818414839e-02
1.925965298596954423e-02
1.970630937172188762e-02
2.023515903530791540e-02
2.090751452413190659e-02
2.157028816086092871e-02
2.224857679694026286e-02
2.264181305212769127e-02
2.278626242436786187e-02
2.241385778002013413e-02
2.174620775505472711e-02
2.081363970787383430e-02
1.996332084573406579e-02
1.933677429433284731e-02
1.908465838550655116e-02
1.917754158704910658e-02
1.955108434674395282e-02
2.005058074858840841e-02
2.056532818911621652e-02
2.095685402884648468e-02
2.116713409855348893e-02
2.117191979683222605e-02
2.101181503039960263e-02
2.075954174277883438e-02
2.050147292978858268e-02
2.029803209394050872e-02
2.018665723561641201e-02
2.016156239984219500e-02
2.019966674185064148e-02
2.024686176474584792e-02
2.027586787560818962e-02
2.021935448970672497e-02
2.010071671260841089e-02
1.987178630960045531e-02
1.960667177210571183e-02
1.928925537908332891e-02
1.899563962875828321e-02
1.872432682743727789e-02
1.851437305435154126e-02
1.835747151842543473e-02
1.825640743572154445e-02
1.819383201905567723e-02
1.815676467395836019e-02
1.812979544324647835e-02
1.810125713208265638e-02
1.806649821181089896e-02
1.802174893757146901e-02
1.797205632935378050e-02
1.791970511137249908e-02
1.787193743759463507e-02
1.783192408546075552e-02
1.780329844025921315e-02
1.778667981426124839e-02
1.778146477640363959e-02
1.778584211079924440e-02
1.779729748196678257e-02
1.781388620347378743e-02
1.783355834462378373e-02
1.785648347694367491e-02
1.788234199109248884e-02
1.791467541667302044e-02
1.795553423954764430e-02
1.801286750175942405e-02
1.809253758138481410e-02
1.820918112620278917e-02
1.837665323108815182e-02
1.862083848653714110e-02
1.897268197062196987e-02
1.947348695735580393e-02
2.018375130128981579e-02
2.114307336965435061e-02
2.243324866387438193e-02
2.397618907368212135e-02
2.577220086978198460e-02
2.732262437511503647e-02
2.842237709935999806e-02
2.817299177015531592e-02
2.673582243706392608e-02
2.405060866559353971e-02
2.125358284805252754e-02
1.912894314169189328e-02
1.828737518829054096e-02
1.865067936554065317e-02
1.968687967773238498e-02
2.064605603112178167e-02
2.100334711662219314e-02
2.057872470779099558e-02
1.965788978399516176e-02
1.875527513748868891e-02
1.827448353315891394e-02
1.834020227307397305e-02
1.877547902020131054e-02
1.927893230990087442e-02
1.954097997555379052e-02
1.947954850477328845e-02
1.915972357464379786e-02
1.881608552244776536e-02
1.866308628553194765e-02
1.882302182734529525e-02
1.928376632807884614e-02
1.992310534858270782e-02
2.065034523903771374e-02
2.133027384315592384e-02
2.205464921789964533e-02
2.281817072672778432e-02
2.380954508233728076e-02
2.500674307510056260e-02
2.635259207174596441e-02
2.765256358487086508e-02
2.845440218899143725e-02
2.857187480448575290e-02
2.761351008640265323e-02
2.586118151579935853e-02
2.358458421554612133e-02
2.136245437415659754e-02
1.963107500047262671e-02
1.857155240807362162e-02
1.818703619089720447e-02
1.832609328584701089e-02
1.880221946627447238e-02
1.942338323371506012e-02
2.002314198186072591e-02
2.044187724653795044e-02
2.054364215819810130e-02
2.031894054755908896e-02
1.977477761390511110e-02
1.909835930169704113e-02
1.843890487864011801e-02
1.796634241791063985e-02
1.775022239487358128e-02
1.777704215075726762e-02
1.796728065047425299e-02
1.821449592623647709e-02
1.843476290704252132e-02
1.856473913797408726e-02
1.860064189477530355e-02
1.854697809600263508e-02
1.843615627944955246e-02
1.829505814398760255e-02
1.814505417133727497e-02
1.800696983055284639e-02
1.789075834555296091e-02
1.780746423224423627e-02
1.776000235659780727e-02
1.774801856165678093e-02
1.776554928499457855e-02
1.780348030319039640e-02
1.785100684944591898e-02
1.789764450006221461e-02
1.793567871859180415e-02
1.795973889502837026e-02
1.796947729094269808e-02
1.796628679548518265e-02
1.795465312007392400e-02
1.793917963889963413e-02
1.792393194008847987e-02
1.791304225972055117e-02
1.790815167862423382e-02
1.791283014226818099e-02
1.792786795259685220e-02
1.795897747763774976e-02
1.800854378638977807e-02
1.808816229877816678e-02
1.820291358250004932e-02
1.837521563499216679e-02
1.861118407654048165e-02
1.895216266112443801e-02
1.939463485053148639e-02
2.000777428423978002e-02
2.073372663583911146e-02
2.166240105094778545e-02
2.256383415218005464e-02
2.352159623570320574e-02
2.403210500008725117e-02
2.426361039219195395e-02
2.371525415056997474e-02
2.289729765392432143e-02
2.170591288413430825e-02
2.077961888542249197e-02
2.009558070215200498e-02
1.993395059454405177e-02
2.003908648371754281e-02
2.039094450823776550e-02
2.065913042863739418e-02
2.078361201229593502e-02
2.064281835857454880e-02
2.028205167822612343e-02
1.985139492855601470e-02
1.945946045086504109e-02
1.926074853062076375e-02
1.924993737046120160e-02
1.943687178692679596e-02
1.967085887220236529e-02
1.992534990425319508e-02
2.001260665069084371e-02
1.999393533657559466e-02
1.976754717596643229e-02
1.948320774417484566e-02
1.914648280556798671e-02
1.888278990873092783e-02
1.871063094061464760e-02
1.865647727484024201e-02
1.869160815592242272e-02
1.877787026391653999e-02
1.887237027005048487e-02
1.893870164123958102e-02
1.897122539288381010e-02
1.896086445165347245e-02
1.894342924215099491e-02
1.891910027540901970e-02
1.893039530641800472e-02
1.896570949507745546e-02
1.904785141247025693e-02
1.915289859492068369e-02
1.928593411177169717e-02
1.942356870476944636e-02
1.956772915482306308e-02
1.970516734250151586e-02
1.984259534122970528e-02
1.997705313739756364e-02
2.011680241686607598e-02
2.026362313178707228e-02
2.041815454915171801e-02
2.058097111823532430e-02
2.073817857916261664e-02
2.088775444546292145e-02
2.100092269353101559e-02
2.107881970607846170e-02
2.108343936480821731e-02
2.103049648988988135e-02
2.088149170633473925e-02
2.067611022414597363e-02
2.038319515949138863e-02
2.006308870697563751e-02
1.969462792031412973e-02
1.934141828237927532e-02
1.898860785822774344e-02
1.868438228252353520e-02
1.841458099660735898e-02
1.820504424646224653e-02
1.804007518061313126e-02
1.792836917011135164e-02
1.785420508277373031e-02
1.781830639991284840e-02
1.780718046859788850e-02
1.782033597938976338e-02
1.784746217336759949e-02
1.788982938661092328e-02
1.793996987902584522e-02
1.800152913636789836e-02
1.806901876680973296e-02
1.814842007546372052e-02
1.823527533795903446e-02
1.833820191314609188e-02
1.845269016823098893e-02
1.859106143323281668e-02
1.874703723640731151e-02
1.893882468783470580e-02
1.915478918470058661e-02
1.942282460190341078e-02
1.971808523900036789e-02
2.008412040956733535e-02
2.046700938653047211e-02
2.093441582700545159e-02
2.137623616279801103e-02
2.189542557930980807e-02
2.229265984870063694e-02
2.272100681849435408e-02
2.288172360730234001e-02
2.299537552479212835e-02
2.272420836346711326e-02
2.235829343785740095e-02
2.164729107105226730e-02
2.089886094163110816e-02
2.002476428986738402e-02
1.925065757899135227e-02
1.858600437662773913e-02
1.811903916487754562e-02
1.784996181733143616e-02
1.776631936688008104e-02
1.782949040692679427e-02
1.798964879408036094e-02
1.820495402604772883e-02
1.841855172346185121e-02
1.862249535319843163e-02
1.875716997944146605e-02
1.885858642282714839e-02
1.886751139991976745e-02
1.885067835814325729e-02
1.875766031395228323e-02
1.866321888919253436e-02
1.853173802801718478e-02
1.842760660407831083e-02
1.832875004888362067e-02
1.828352019331843520e-02
1.827851495348277455e-02
1.835352747176886498e-02
1.850063360342931590e-02
1.876775324685990565e-02
1.914989888701224691e-02
1.972633991181158356e-02
2.047830746089970844e-02
2.154281694482987689e-02
2.281043139683085891e-02
2.448963026048391403e-02
2.616149967442023966e-02
2.810142006924052846e-02
2.929163770428897667e-02
3.021056903108808311e-02
2.949930284845186934e-02
2.824304066089593918e-02
2.576385584710708804e-02
2.353450525307953720e-02
2.166876105900971544e-02
2.087831636043376363e-02
2.097957045202019505e-02
2.160242765196174891e-02
2.217624562760740076e-02
2.209595444622402746e-02
2.142502943796499235e-02
2.020074320371109330e-02
1.908153990750850390e-02
1.834834447984616881e-02
1.823911067226770266e-02
1.860333472114185024e-02
1.914172989317011048e-02
1.952744211287409798e-02
1.952892530410188510e-02
1.918866683806521103e-02
1.865568820680496911e-02
1.820318292904542570e-02
1.798264940257832817e-02
1.804088713666038291e-02
1.827807591097692017e-02
1.854772691426543815e-02
1.870548172072203363e-02
1.867993683423323226e-02
1.849675363673801767e-02
1.823480947261083701e-02
1.800235424779812743e-02
1.786866155408712437e-02
1.785428605310770273e-02
1.792762695134250336e-02
1.803433822537352238e-02
1.811570504343968865e-02
1.814200967461160330e-02
1.810445465855826594e-02
1.802835485783513964e-02
1.794183309753234756e-02
1.787841748950824011e-02
1.785208847386252420e-02
1.786758467031667255e-02
1.791194464843887807e-02
1.797265494651232448e-02
1.803250941251096154e-02
1.808848998531700086e-02
1.813747933635619092e-02
1.819283019643672811e-02
1.826380270701550429e-02
1.836881683735746770e-02
1.851918653258268627e-02
1.872853550149505830e-02
1.900511332589485680e-02
1.935693364466046715e-02
1.978840172215981172e-02
2.030065205971787190e-02
2.088554385949717429e-02
2.152311534230647028e-02
2.217212498913096255e-02
2.277037996662239355e-02
2.324372983082689456e-02
2.350550773780071476e-02
2.352399195602575613e-02
2.326708501080785793e-02
2.284010929005418980e-02
2.228451512249672237e-02
2.179975214742273237e-02
2.138254541293772501e-02
2.119513749429586744e-02
2.110167836843361566e-02
2.117345876881685657e-02
2.119184424696349267e-02
2.117791444520068789e-02
2.095599235326352922e-02
2.058534882779968975e-02
2.003901883315051952e-02
1.944676819629678408e-02
1.888909876252628170e-02
1.846930409511330501e-02
1.822783479422118019e-02
1.816025259278816056e-02
1.822681419158877353e-02
1.835113818773580902e-02
1.848706228247041713e-02
1.855989859593456734e-02
1.857480949764112391e-02
1.850137069795580042e-02
1.838785021128517064e-02
1.824050474057012372e-02
1.810634227503704272e-02
1.799394187458714170e-02
1.792111189810615193e-02
1.788140449364850754e-02
1.786885493409819808e-02
1.787141736512655801e-02
1.787758205709512327e-02
1.788317877531641828e-02
1.788134175893075703e-02
1.787733414706937571e-02
1.786826653157181505e-02
1.786268978096655288e-02
1.785767455924198999e-02
1.785983955110704777e-02
1.786408937154191842e-02
1.787408894876553120e-02
1.788357920577317295e-02
1.789526910840400636e-02
1.790384435081016773e-02
1.791314642747746100e-02
1.791981972868868928e-02
1.792976788074022304e-02
1.794119909618292416e-02
1.796220303987033570e-02
1.799139919478702498e-02
1.803948530952525012e-02
1.810440488087280975e-02
1.820133277811600281e-02
1.832640292407078722e-02
1.850331200649469113e-02
1.872370224884027656e-02
1.902670884967514603e-02
1.939175936594749600e-02
1.988335678656678873e-02
2.044928752238590192e-02
2.119075837570262924e-02
2.198585914419994014e-02
2.298178579930576504e-02
2.393823545636011851e-02
2.505252291118737623e-02
2.595195890252986748e-02
2.687367479033772946e-02
2.739704688975496544e-02
2.774682388365070154e-02
2.764876874539402840e-02
2.722525334730662577e-02
2.653465536609759048e-02
2.552445364719766255e-02
2.453130913899691928e-02
2.333583721848968284e-02
2.232770950092969817e-02
2.126083230912528821e-02
2.049115980991352004e-02
1.986581979947010801e-02
1.963538346589770861e-02
1.964513751053124924e-02
1.992367254161362192e-02
2.024192227846454903e-02
2.047888590204349074e-02
2.047362203563795474e-02
2.018826410289907905e-02
1.966865759164343475e-02
1.906642929141371540e-02
1.852870625335008639e-02
1.818788285293088461e-02
1.806785997583363820e-02
1.813054525373059347e-02
1.827862316731779929e-02
1.842357681201438682e-02
1.848303602754654273e-02
1.844972146800871043e-02
1.832449670942912223e-02
1.816848250435725357e-02
1.802267276923255959e-02
1.792596552593834006e-02
1.788860879306219606e-02
1.789675097903966478e-02
1.792821129741096337e-02
1.795016896690084310e-02
1.794952863916869992e-02
1.791281386452597824e-02
1.785540727615773579e-02
1.778717247963591472e-02
1.773007143593408400e-02
1.769297555746694728e-02
1.768128199305196713e-02
1.768941350344274341e-02
1.770890191889376575e-02
1.772960530748617786e-02
1.774381610714072938e-02
1.774923269181212168e-02
1.774636804419564909e-02
1.774084023505203764e-02
1.773891023533845715e-02
1.774732724846221632e-02
1.777349633316550534e-02
1.782106273920721490e-02
1.790017571148143707e-02
1.801075288647660533e-02
1.817779810444191194e-02
1.839376923529236277e-02
1.872676743647103126e-02
1.913829330099463266e-02
1.980048545076328048e-02
2.055623144952201109e-02
2.180506676796840210e-02
2.300630161435777976e-02
2.497733115660068573e-02
2.624266770990984696e-02
2.819879823676109398e-02
2.819492838671344703e-02
2.822291242201501599e-02
2.607010847990285166e-02
2.389387817340933584e-02
2.145402350624513524e-02
1.989323339990718004e-02
1.935808294426686130e-02
1.971095192586882691e-02
2.052450083717539259e-02
2.102676113172487551e-02
2.114294925015977947e-02
2.038004843632354457e-02
1.938362221400495577e-02
1.839187046460736066e-02
1.785988267802818275e-02
1.787869162638719076e-02
1.829355276983418363e-02
1.882121804978206803e-02
1.912579260962617850e-02
1.913972288589083776e-02
1.880657935324581143e-02
1.837695631048110595e-02
1.801371343623849389e-02
1.786049556559675053e-02
1.792406281727303846e-02
1.810209817559228426e-02
1.827921926435392350e-02
1.832607640698545939e-02
1.825148627641611648e-02
1.806069166291648584e-02
1.786245274346688616e-02
1.771927852930586800e-02
1.767502493185649920e-02
1.772164520097638599e-02
1.781755674019470589e-02
1.791776324873350576e-02
1.797719921923286376e-02
1.799593812033961973e-02
1.797233178693909139e-02
1.794796125717205287e-02
1.794289742066048493e-02
1.798957575381328333e-02
1.809172254787740422e-02
1.825931235901921690e-02
1.847870407948662766e-02
1.876153970988229946e-02
1.909534734320665617e-02
1.951904155182215134e-02
2.001176408506602500e-02
2.065038962676709819e-02
2.134756616049617722e-02
2.221913105202809324e-02
2.302141556380611978e-02
2.392102527276542337e-02
2.448312078056583824e-02
2.498029624776095317e-02
2.493656527766121775e-02
2.477358271692619435e-02
2.419895383462665819e-02
2.366486339726263724e-02
2.307406371092934200e-02
2.270796548826276018e-02
2.252649613116779193e-02
2.252978165211175568e-02
2.267597968252837298e-02
2.267890951170517880e-02
2.260041376009371342e-02
2.205263208541868164e-02
2.133840890088451597e-02
2.028605773122389364e-02
1.931691172828364084e-02
1.849163033811594692e-02
1.802513842338217265e-02
1.791509817648964664e-02
1.809869832915209087e-02
1.843883690640837555e-02
1.877421533314090410e-02
1.901715052312714926e-02
1.906066621654940729e-02
1.896642605097659945e-02
1.873066264594581282e-02
1.847639441558375506e-02
1.824074833515515470e-02
1.809024263208679900e-02
1.802406761705600824e-02
1.802952167543998147e-02
1.806947612718036444e-02
1.810076544841453250e-02
1.810262678725803667e-02
1.805134618128101387e-02
1.796503712249159640e-02
1.785004900109039838e-02
1.773797798363065809e-02
1.764406506444535228e-02
1.758414594452098467e-02
1.756127694995519503e-02
1.757129184809280709e-02
1.760424541123359679e-02
1.764775254602667098e-02
1.769130901507607809e-02
1.772520569456574255e-02
1.774717593904670543e-02
1.775399919056269010e-02
1.775076452685490566e-02
1.773907610601083498e-02
1.772600042280031429e-02
1.771469514842462928e-02
1.771028954236141678e-02
1.771535985538132477e-02
1.773236107814838564e-02
1.776342318314546448e-02
1.780988613916063487e-02
1.787558832304190354e-02
1.796315046226067830e-02
1.808126370706435171e-02
1.823646249887812473e-02
1.844631068369582960e-02
1.872477409047141120e-02
1.910347425103819941e-02
1.960837814386305264e-02
2.028815509646846732e-02
2.118162960112582316e-02
2.233777320092691920e-02
2.378311538641963291e-02
2.548247371013526164e-02
2.735468875834741811e-02
2.909805243198286540e-02
3.042434607065875110e-02
3.076229728428967608e-02
2.994902837386506991e-02
2.781414244950100589e-02
2.495865079607062151e-02
2.197249957609056017e-02
1.965958960589576227e-02
1.840682872805523076e-02
1.827267271336776439e-02
1.895683606978256636e-02
1.999573949742076973e-02
2.091029436225510379e-02
2.131198771671156608e-02
2.112047516949590309e-02
2.039136744781558028e-02
1.945698325216334290e-02
1.859486907838689418e-02
1.804918556729633375e-02
1.788944928857107500e-02
1.805586255821576072e-02
1.839108860497032025e-02
1.872568196193788795e-02
1.891322395813031104e-02
1.889128274998651269e-02
1.867950786607406807e-02
1.835361088649838449e-02
1.802299949970646159e-02
1.777081998280673897e-02
1.764770026960315458e-02
1.765313884127268224e-02
1.775227727287918139e-02
1.789041166536677399e-02
1.801509316942261421e-02
1.808778854533732092e-02
1.809312582616875997e-02
1.803760852496411743e-02
1.794255273877152362e-02
1.783746619955408133e-02
1.774780469774532229e-02
1.769250685360168607e-02
1.767789626912262199e-02
1.770316478165020677e-02
1.775867046353795525e-02
1.783565883139557467e-02
1.792259555926233386e-02
1.801715656851642783e-02
1.811466810116300896e-02
1.822604392872124307e-02
1.835273223340294288e-02
1.851943401155794686e-02
1.872575060500667257e-02
1.900853202768061287e-02
1.935096962284910821e-02
1.979912698475860475e-02
2.029222416427998998e-02
2.087831378321230308e-02
2.141215143397962734e-02
2.194373940670919440e-02
2.223897560462511497e-02
2.239869921985681439e-02
2.220157251727685604e-02
2.187368223985531462e-02
2.130879137673410972e-02
2.080230764649274033e-02
2.029851054739958971e-02
2.000469111710408143e-02
1.982397283989046147e-02
1.981998776540165597e-02
1.986694075937664103e-02
1.993320891053189381e-02
1.992792880555170620e-02
1.979961155131982828e-02
1.955863473121031287e-02
1.920233390365416737e-02
1.883592069895735632e-02
1.849252692192885489e-02
1.827052597431509662e-02
1.816204586717945144e-02
1.819712213740188114e-02
1.830042311864041316e-02
1.847159946860175289e-02
1.859784416258072892e-02
1.870662422231111205e-02
1.869460684644402154e-02
1.863304854664920435e-02
1.846607436831310470e-02
1.828043212484301711e-02
1.806660817290022328e-02
1.788744384422248646e-02
1.774596598728441985e-02
1.766355843023397626e-02
1.763173909957732252e-02
1.764317315036164485e-02
1.768067829462406648e-02
1.773084566827206818e-02
1.777946646347618870e-02
1.781945766356146307e-02
1.784605203246615937e-02
1.786042290858796608e-02
1.786617178157971775e-02
1.786946827716067582e-02
1.787708836451746414e-02
1.789659608959173406e-02
1.793461968850089058e-02
1.799960445346308197e-02
1.809810244507903745e-02
1.824261498998357156e-02
1.844165032042679314e-02
1.871945733640106510e-02
1.908753076140719956e-02
1.959547451931657747e-02
2.024955523184605172e-02
2.114418625744379429e-02
2.224051780995374428e-02
2.369194897334139793e-02
2.529064729054823768e-02
2.722603592868692163e-02
2.888022910048997430e-02
3.043986478934551654e-02
3.081477534728371478e-02
3.038751549045360517e-02
2.838150837599456855e-02
2.572174169020943063e-02
2.272255363235080317e-02
2.028662997371035240e-02
1.888531692328704326e-02
1.860217077705455038e-02
1.922209697434298925e-02
2.021362875023017397e-02
2.117695698578758029e-02
2.152793837841617333e-02
2.132994005943807461e-02
2.047976468569393665e-02
1.945215374744525827e-02
1.851051785444734685e-02
1.794861564140285554e-02
1.783437475005409181e-02
1.807529359990429560e-02
1.849111829555952560e-02
1.884831886833606210e-02
1.904223497463839246e-02
1.895028594730214372e-02
1.868358684818310564e-02
1.829186523633889727e-02
1.793657588894857421e-02
1.769357624665999357e-02
1.760880044796026694e-02
1.766451607299952473e-02
1.780404701218929464e-02
1.796182301289096089e-02
1.807187523890965014e-02
1.811081764954838164e-02
1.806180813586360026e-02
1.795787431303577653e-02
1.782363417696991581e-02
1.770198973968980030e-02
1.761674559150673211e-02
1.758271594381351915e-02
1.759889648544643234e-02
1.765335016784141953e-02
1.773313980195652742e-02
1.781843502367210300e-02
1.790890362382863837e-02
1.798811714529955502e-02
1.808239022150228553e-02
1.817758794036999220e-02
1.833087733944534919e-02
1.851945219173939047e-02
1.883916833309269567e-02
1.923749489547243313e-02
1.987404405225763268e-02
2.061452742313662698e-02
2.172342931968224838e-02
2.284191658263382690e-02
2.436588005808531729e-02
2.545236145892264615e-02
2.661722989260200539e-02
2.654119094554999170e-02
2.596547307109498687e-02
2.405935217050274647e-02
2.189671830731100555e-02
1.974828071823065551e-02
1.834604091459392933e-02
1.789490580943962211e-02
1.827313384268612617e-02
1.911089629831725506e-02
1.987516189124418839e-02
2.030241218530558223e-02
2.007835267324670214e-02
1.945981018655453323e-02
1.862234610245914329e-02
1.795063308281572706e-02
1.763615360472739133e-02
1.770584304447434670e-02
1.803035048808433044e-02
1.839039520650991716e-02
1.863396244238286689e-02
1.862035264208167576e-02
1.841850165770787806e-02
1.808702565038605714e-02
1.777976498138030687e-02
1.758562057607146456e-02
1.754354305756047547e-02
1.762774088223513155e-02
1.777066405992015069e-02
1.790698185782077859e-02
1.797294964351615204e-02
1.796881978185606993e-02
1.789304754182910462e-02
1.779878646891577820e-02
1.771743657029225399e-02
1.768678470221636892e-02
1.772039377670884056e-02
1.781754637660274906e-02
1.797153407726072641e-02
1.816628521513815805e-02
1.840995083976103980e-02
1.869158970967235364e-02
1.906218058335725635e-02
1.950475273461613201e-02
2.011477705106477082e-02
2.080981998728389029e-02
2.170497958841181504e-02
2.253368934845748073e-02
2.339776490105003812e-02
2.377850235277674876e-02
2.385864069308311214e-02
2.315692146819127439e-02
2.217280191890570046e-02
2.084244114025869329e-02
1.977458333514581224e-02
1.904297085773493103e-02
1.888109787655158772e-02
1.911555918144717051e-02
1.967345490452238749e-02
2.020716788352297510e-02
2.068223849885244062e-02
2.087661917418916560e-02
2.096333679993951649e-02
2.097527060776498489e-02
2.119386245812478545e-02
2.166908846299486421e-02
2.255919757539863457e-02
2.365703383554054046e-02
2.491752152498510550e-02
2.583581223259785731e-02
2.632300512040870386e-02
2.590475385782181617e-02
2.481414480273793494e-02
2.307390682710453236e-02
2.127609972685965897e-02
1.970229392231526155e-02
1.869588325901304360e-02
1.825724584865763556e-02
1.828514029866181931e-02
1.854730051171671681e-02
1.886150735133283393e-02
1.906925019299751667e-02
1.913044613434474947e-02
1.907210593584050123e-02
1.894155761695435342e-02
1.881280882342302452e-02
1.869823870903476390e-02
1.861055473129160850e-02
1.851577154289298088e-02
1.840694800451313923e-02
1.826035659931024221e-02
1.810265930673212245e-02
1.794452719127721807e-02
1.782051625041289333e-02
1.774234539425049648e-02
1.771408014847345586e-02
1.772358286523452106e-02
1.775205817391937654e-02
1.778033701527154467e-02
1.779485283965742334e-02
1.779174107179156208e-02
1.777318713238210807e-02
1.774892294175988566e-02
1.772607733216229400e-02
1.771254800681875546e-02
1.770820598575266469e-02
1.771305709403125234e-02
1.771974776971968826e-02
1.772520109581773862e-02
1.772202401479150424e-02
1.770996892650812324e-02
1.768700950694412216e-02
1.765679716094207402e-02
1.762182309782285572e-02
1.758690395764581776e-02
1.755524381515228063e-02
1.752992936210771152e-02
1.751209656803294837e-02
1.750205058943521408e-02
1.749876338958546163e-02
1.750762152566731622e-02
1.751343857173336821e-02
1.752158163354134573e-02
1.753105859450305309e-02
1.754143580045725362e-02
1.755294115833323787e-02
1.756626289817322939e-02
1.758276785940909165e-02
1.760409725929780109e-02
1.763273593566633615e-02
1.767152488600227250e-02
1.772477132342049205e-02
1.779763646292606069e-02
1.789808843739128241e-02
1.803603648620599742e-02
1.822686215125764175e-02
1.848953733285581616e-02
1.885345961955492075e-02
1.935274631594640846e-02
2.003929254444676566e-02
2.096441237278835745e-02
2.220069059511145526e-02
2.378513593719883135e-02
2.575327021677650124e-02
2.798757981697462191e-02
3.030729026935688464e-02
3.219844514769110155e-02
3.317192804311899779e-02
3.256352222472795599e-02
3.029585061902289461e-02
2.670363066465123933e-02
2.280721224399001948e-02
1.967469534480790691e-02
1.804515641781786681e-02
1.802615901537994031e-02
1.917153177676729492e-02
2.074833552349956631e-02
2.200415309524912655e-02
2.241570287468422351e-02
2.186353286117577108e-02
2.062302784781253756e-02
1.919846315803921954e-02
1.810651749541372993e-02
1.762679479439758709e-02
1.776679279412803417e-02
1.830731417252184565e-02
1.892408195112077474e-02
1.933888578394120719e-02
1.938432884035640874e-02
1.908204486051942594e-02
1.856052762416897373e-02
1.802831380378999357e-02
1.764401426688755672e-02
1.749402252519881990e-02
1.756406250578447167e-02
1.777302741491674012e-02
1.800911022080161142e-02
1.818454131951676225e-02
1.823801413069609315e-02
1.818080904720548174e-02
1.803859199610947234e-02
1.788280819586019615e-02
1.776127669612383164e-02
1.772104661420565233e-02
1.777158432679333544e-02
1.791851441738968181e-02
1.813037322801450829e-02
1.842665795777387663e-02
1.874729647094084545e-02
1.919975957342398565e-02
1.966086817945589954e-02
2.039184196778099853e-02
2.108195755339309363e-02
2.220769989782634193e-02
2.303370591834149467e-02
2.429758158037530896e-02
2.467785571365494271e-02
2.518090625316024220e-02
2.439117984401643208e-02
2.349893042804896554e-02
2.190895977226515329e-02
2.056020410675838198e-02
1.948179443934021718e-02
1.893908094258749120e-02
1.885480598737914251e-02
1.900250515427082468e-02
1.925518003588384472e-02
1.926934603116591330e-02
1.916389569869971637e-02
1.880511234280391603e-02
1.845681205919823958e-02
1.817307945378082365e-02
1.807201900529332994e-02
1.813270575346329766e-02
1.828215622292480788e-02
1.843773552693695958e-02
1.848196891489517837e-02
1.843221524285241705e-02
1.825106512728411415e-02
1.804482844456815893e-02
1.784574826501709663e-02
1.772083191603078534e-02
1.767566170097348288e-02
1.769532021557279275e-02
1.774249862384510643e-02
1.777602812727087367e-02
1.777721098834432120e-02
1.773193252717254753e-02
1.766303318677868786e-02
1.758385855588941865e-02
1.752336429244407204e-02
1.749195981639968533e-02
1.749486919858193532e-02
1.752471802285929942e-02
1.756859276677499512e-02
1.761341929478825799e-02
1.764651081850612466e-02
1.766437329583633170e-02
1.766413622586222865e-02
1.765333807473920893e-02
1.763657954823409646e-02
1.762385584241127345e-02
1.761998647721172914e-02
1.763060234387364353e-02
1.765714571011141321e-02
1.770019836123780041e-02
1.776079386081053438e-02
1.783722262525285970e-02
1.793583228562614998e-02
1.805554002080187945e-02
1.821162909347864844e-02
1.840593413647394552e-02
1.866198461794886521e-02
1.898593708515460693e-02
1.940215438571655723e-02
1.991844943969866763e-02
2.053591201911262112e-02
2.124770254943186484e-02
2.197666980067713993e-02
2.266992217931288953e-02
2.312296482293421662e-02
2.326100794944974126e-02
2.287121320762585189e-02
2.203856297871464517e-02
2.082169737597653475e-02
1.953467286234812986e-02
1.842879825052565548e-02
1.772072280033853281e-02
1.747435889729931358e-02
1.762425074758206672e-02
1.801944957487416898e-02
1.847380064106597664e-02
1.883603115878991832e-02
1.898800327867568305e-02
1.891081188993939260e-02
1.863761193808417468e-02
1.826058612380923249e-02
1.788982750710912603e-02
1.760767432544721109e-02
1.746442603555183049e-02
1.745770852942519699e-02
1.755250465279045366e-02
1.769353658053248249e-02
1.783031564693503962e-02
1.791783607202715456e-02
1.794420406353517197e-02
1.790514039130900598e-02
1.782577056151823242e-02
1.773012932397356398e-02
1.764895252400563302e-02
1.760423477356959365e-02
1.761130696073019350e-02
1.767798492344197642e-02
1.780932953289103560e-02
1.801361206193561465e-02
1.830595444911572653e-02
1.872153304234054974e-02
1.931287974805030727e-02
2.016667102530111944e-02
2.141121118935385148e-02
2.316840030657944804e-02
2.566369996252827052e-02
