alpha,beta,alphaD_true,alphaD_pred,rel_abs,rel_signed
1.1000,2.7500,15.444870383584,15.445077896118164,1.3435692822946187e-05,1.3435692822946187e-05
0.2000,1.0000,19.051282316218,19.051292419433594,5.303168272990175e-07,5.303168272990175e-07
0.2000,4.5000,19.397942314212997,19.3981990814209,1.3236827068656278e-05,1.3236827068656278e-05
2.0000,1.0000,22.752251621592002,22.75041961669922,8.051971836689267e-05,-8.051971836689267e-05
2.0000,4.5000,14.760426956088999,14.758392333984375,0.00013784303873299835,-0.00013784303873299835
0.9710,1.2500,19.56884610005,19.56888198852539,1.8339597137203888e-06,1.8339597137203888e-06
0.8430,3.5000,13.855777414907,13.855374336242676,2.9091017577241237e-05,-2.9091017577241237e-05
1.4860,3.5000,14.922997611565,14.928797721862793,0.0003886692505597922,0.0003886692505597922
1.7430,4.0000,14.782857439192,14.793488502502441,0.0007191480641797858,0.0007191480641797858
2.0000,1.5000,21.036067872794,21.040023803710938,0.00018805467546782908,0.00018805467546782908
0.5860,2.5000,15.149038308404002,15.149070739746094,2.140818541191535e-06,2.140818541191535e-06
1.6140,1.0000,22.04014677513,22.040422439575195,1.2507377922966902e-05,1.2507377922966902e-05
1.6140,3.2500,15.714130427978,15.705385208129883,0.000556519489780157,-0.000556519489780157
0.4570,1.7500,16.70640146289,16.706300735473633,6.029270671523625e-06,-6.029270671523625e-06
1.6140,2.2500,17.926159928087998,17.926128387451172,1.759475367417898e-06,-1.759475367417898e-06
0.5860,3.5000,13.978350677684002,13.97824478149414,7.5757285178505695e-06,-7.5757285178505695e-06
1.4860,2.7500,16.391947827372,16.392112731933594,1.0060095562168927e-05,1.0060095562168927e-05
1.2290,1.0000,21.249588450164,21.249500274658203,4.149515930861244e-06,-4.149515930861244e-06
0.4570,4.2500,14.658019179680998,14.658452033996582,2.9530205294286426e-05,2.9530205294286426e-05
2.0000,2.0000,19.589831449887,19.587852478027344,0.00010102036174835606,-0.00010102036174835606
0.8430,3.0000,14.550333960214001,14.550375938415527,2.885033542266851e-06,2.885033542266851e-06
1.6140,4.2500,14.084101407887001,14.078104019165039,0.00042582686308997034,-0.00042582686308997034
