tier,restart_idx,param_seed,final_train_cost,final_test_cost
10,0,160001490,1.030746e-01,5.760488e-02
10,1,160001491,3.647058e-01,1.321558e-01
10,2,160001492,2.271821e-01,1.242489e-01
10,3,160001493,1.512568e-01,1.212953e-01
10,4,160001494,2.821937e-01,5.769173e-02
10,5,160001495,9.527170e-02,1.512574e-01
10,6,160001496,5.294214e-02,4.098259e-02
10,7,160001497,3.689741e-01,1.440535e-01
10,8,160001498,9.205706e-02,2.185742e-01
10,9,160001499,4.893072e-02,7.950874e-02
