tier,restart_idx,param_seed,final_train_cost,final_test_cost
5,0,160000985,1.093465e-01,8.949291e-01
5,1,160000986,9.102982e-02,2.336293e-01
5,2,160000987,2.188284e-01,5.683753e-01
5,3,160000988,3.345262e-02,9.471276e-02
5,4,160000989,3.678040e-02,2.180829e-01
5,5,160000990,9.681275e-02,3.325089e-01
5,6,160000991,8.467399e-02,6.133496e-01
5,7,160000992,5.483316e-02,1.266271e-01
5,8,160000993,4.168437e-03,8.286510e-02
5,9,160000994,1.071512e-01,5.354018e-01
