tier,restart_idx,param_seed,final_train_cost,final_test_cost
2,0,160000682,9.899018e-03,6.385074e+00
2,1,160000683,8.519746e-03,2.809682e+00
2,2,160000684,1.697053e-03,7.655238e+00
2,3,160000685,2.311544e-03,1.069171e+01
2,4,160000686,8.059421e-03,1.050845e+01
2,5,160000687,9.009747e-03,2.019152e+00
2,6,160000688,2.327089e-03,2.206213e+01
2,7,160000689,2.025041e-01,6.291232e+00
2,8,160000690,1.468217e-02,3.527258e+00
2,9,160000691,9.947213e-03,9.799684e+00
