{
  "restart": 21,
  "seed": 79,
  "iters": 30000,
  "lr": 0.05,
  "best_iter": 29932,
  "best_cost": 0.0004181072872597724,
  "best_alphaD_mean": 8.191459384593379e-05,
  "n": 16
}