{
  "restart": 24,
  "seed": 82,
  "iters": 30000,
  "lr": 0.05,
  "best_iter": 29979,
  "best_cost": 0.002291999524459243,
  "best_alphaD_mean": 0.00021715460664965223,
  "n": 11
}