tier,restart_idx,param_seed,final_train_cost,final_test_cost
2,0,192000778,9.016069e-03,7.486337e+00
2,1,192000779,5.246393e-03,7.608541e+00
2,2,192000780,7.306302e-03,1.066222e+01
2,3,192000781,5.046315e-03,1.170028e+01
2,4,192000782,9.673007e-03,2.846778e+01
2,5,192000783,1.668110e-02,1.535401e+01
2,6,192000784,4.966534e-03,6.781897e+00
2,7,192000785,6.007941e-03,5.657313e+00
2,8,192000786,7.036136e-03,3.548563e+00
2,9,192000787,9.519308e-03,5.327880e+00
