{
  "restart": 8,
  "seed": 66,
  "iters": 30000,
  "lr": 0.05,
  "best_iter": 29770,
  "best_cost": 0.0012565967626869678,
  "best_alphaD_mean": 0.00017095285544670993,
  "n": 5
}