{
  "restart": 8,
  "seed": 66,
  "iters": 30000,
  "lr": 0.05,
  "best_iter": 29934,
  "best_cost": 0.0023975870572030544,
  "best_alphaD_mean": 0.00023167104240051203,
  "n": 6
}