{
  "restart": 1,
  "seed": 59,
  "iters": 30000,
  "lr": 0.05,
  "best_iter": 29051,
  "best_cost": 0.0021022078581154346,
  "best_alphaD_mean": 0.00020465020308858383,
  "n": 7
}