{
  "restart": 17,
  "seed": 75,
  "iters": 30000,
  "lr": 0.05,
  "best_iter": 29428,
  "best_cost": 0.0005153943202458322,
  "best_alphaD_mean": 9.482183656739952e-05,
  "n": 16
}