{
  "restart": 0,
  "seed": 58,
  "iters": 30000,
  "lr": 0.05,
  "best_iter": 29937,
  "best_cost": 0.0007188807940110564,
  "best_alphaD_mean": 0.00011712296911903035,
  "n": 12
}