{
  "restart": 21,
  "seed": 79,
  "iters": 30000,
  "lr": 0.05,
  "best_iter": 29930,
  "best_cost": 0.0019703858997672796,
  "best_alphaD_mean": 0.00019690607010905238,
  "n": 13
}