{
  "restart": 18,
  "seed": 76,
  "iters": 30000,
  "lr": 0.05,
  "best_iter": 29800,
  "best_cost": 0.0005707369418814778,
  "best_alphaD_mean": 0.00010521858244411863,
  "n": 14
}