tier,restart_idx,param_seed,final_train_cost,final_test_cost
3,0,151000756,2.820273e-02,1.701937e+00
3,1,151000757,1.611277e-02,2.636153e+00
3,2,151000758,9.969914e-03,9.172338e-01
3,3,151000759,2.161792e-02,5.887965e+00
3,4,151000760,3.654056e-03,1.701290e+00
3,5,151000761,2.114961e-02,2.289439e+01
3,6,151000762,1.155897e-02,2.172357e+00
3,7,151000763,4.765860e-02,2.913409e+01
3,8,151000764,2.117960e-02,1.228976e+00
3,9,151000765,6.420398e-02,2.283417e+00
