tier,restart_idx,param_seed,final_train_cost,final_test_cost
10,0,151001463,8.189868e-02,7.476162e-02
10,1,151001464,7.856257e-02,7.857250e-02
10,2,151001465,4.142405e-02,7.183392e-02
10,3,151001466,6.101152e-02,8.715116e-02
10,4,151001467,1.355197e-01,3.827071e-02
10,5,151001468,6.440525e-01,1.000409e-01
10,6,151001469,5.441993e-02,1.002128e-01
10,7,151001470,1.319242e-01,3.324684e-01
10,8,151001471,9.387585e-02,3.069111e-02
10,9,151001472,9.914587e-02,1.410961e-01
