{
  "restart": 8,
  "seed": 66,
  "iters": 30000,
  "lr": 0.05,
  "best_iter": 29957,
  "best_cost": 0.0015788311138749123,
  "best_alphaD_mean": 0.00017372372647973797,
  "n": 9
}