tier,restart_idx,param_seed,final_train_cost,final_test_cost
2,0,213000841,3.356915e-02,1.968386e+01
2,1,213000842,1.802081e-03,5.796475e+00
2,2,213000843,9.322801e-03,9.074864e+00
2,3,213000844,2.124802e-03,2.086081e+01
2,4,213000845,1.436149e-02,7.656744e+00
2,5,213000846,1.615628e-02,8.588711e+00
2,6,213000847,3.864509e-03,2.295466e+01
2,7,213000848,7.445678e-03,4.067593e+00
2,8,213000849,2.232158e-02,1.095090e+01
2,9,213000850,2.302155e-02,1.133399e+01
