tier,restart_idx,param_seed,final_train_cost,final_test_cost
1,0,213000740,6.534090e-05,2.446124e+01
1,1,213000741,3.483084e-06,3.541751e+01
1,2,213000742,2.137068e-05,2.545213e+01
1,3,213000743,3.035183e-05,2.403577e+01
1,4,213000744,1.001173e-05,2.402639e+01
1,5,213000745,9.079749e-03,5.846117e+01
1,6,213000746,1.129971e-03,3.634771e+01
1,7,213000747,8.230653e-04,2.960964e+01
1,8,213000748,6.572242e-04,3.572475e+01
1,9,213000749,6.008638e-03,2.582957e+01
