{
  "restart": 28,
  "seed": 86,
  "iters": 30000,
  "lr": 0.05,
  "best_iter": 29888,
  "best_cost": 0.0072138612158596516,
  "best_alphaD_mean": 0.000378288650146005,
  "n": 5
}