{
  "restart": 1,
  "seed": 59,
  "iters": 30000,
  "lr": 0.05,
  "best_iter": 29656,
  "best_cost": 0.0033561615273356438,
  "best_alphaD_mean": 0.00026005103184171174,
  "n": 9
}