{
  "restart": 16,
  "seed": 74,
  "iters": 30000,
  "lr": 0.05,
  "best_iter": 29757,
  "best_cost": 0.0017419276991859078,
  "best_alphaD_mean": 0.0001851894771491354,
  "n": 7
}