tier,restart_idx,param_seed,final_train_cost,final_test_cost
5,0,199001102,6.346738e-02,4.123680e+00
5,1,199001103,2.438866e-02,2.007010e+00
5,2,199001104,1.080208e-01,2.878633e-01
5,3,199001105,2.043377e-02,2.234471e-01
5,4,199001106,7.984162e-02,7.704864e-01
5,5,199001107,3.556989e-02,2.860361e-01
5,6,199001108,1.009175e-01,4.346145e-01
5,7,199001109,1.033620e-01,4.307421e-01
5,8,199001110,2.668464e-02,2.321649e-01
5,9,199001111,1.431069e-01,1.936499e+00
