alpha,beta,alphaD_true,alphaD_pred,rel_abs,rel_signed
1.1000,2.7500,15.444870383584,15.444718360900879,9.8429238540364e-06,-9.8429238540364e-06
0.2000,1.0000,19.051282316218,19.04220962524414,0.00047622468783297187,-0.00047622468783297187
0.2000,4.5000,19.397942314212997,19.388099670410156,0.0005074065920707936,-0.0005074065920707936
2.0000,1.0000,22.752251621592002,22.752830505371094,2.5442922692638716e-05,2.5442922692638716e-05
2.0000,4.5000,14.760426956088999,14.759115219116211,8.886849795674508e-05,-8.886849795674508e-05
0.9710,1.2500,19.56884610005,19.567256927490234,8.120931360181838e-05,-8.120931360181838e-05
0.8430,3.5000,13.855777414907,13.85435676574707,0.00010253117651849436,-0.00010253117651849436
1.4860,3.5000,14.922997611565,14.92162799835205,9.177869276664285e-05,-9.177869276664285e-05
1.7430,4.0000,14.782857439192,14.783101081848145,1.6481431762884977e-05,1.6481431762884977e-05
2.0000,1.5000,21.036067872794,21.03266716003418,0.00016166104713030103,-0.00016166104713030103
0.5860,2.5000,15.149038308404002,15.149056434631348,1.1965266029925952e-06,1.1965266029925952e-06
1.6140,1.0000,22.04014677513,22.03925895690918,4.0281865174472025e-05,-4.0281865174472025e-05
1.6140,3.2500,15.714130427978,15.713155746459961,6.20258004416311e-05,-6.20258004416311e-05
0.4570,1.7500,16.70640146289,16.70195960998535,0.00026587729946000636,-0.00026587729946000636
1.6140,2.2500,17.926159928087998,17.92620849609375,2.709336854467981e-06,2.709336854467981e-06
0.5860,3.5000,13.978350677684002,13.975780487060547,0.00018386937648933425,-0.00018386937648933425
1.4860,2.7500,16.391947827372,16.391307830810547,3.904335032012985e-05,-3.904335032012985e-05
1.2290,1.0000,21.249588450164,21.247343063354492,0.00010566730808811062,-0.00010566730808811062
0.4570,4.2500,14.658019179680998,14.651925086975098,0.0004157514484868471,-0.0004157514484868471
2.0000,2.0000,19.589831449887,19.591514587402344,8.591893808012394e-05,8.591893808012394e-05
0.8430,3.0000,14.550333960214001,14.549761772155762,3.932473713687637e-05,-3.932473713687637e-05
1.6140,4.2500,14.084101407887001,14.082756042480469,9.552369495002386e-05,-9.552369495002386e-05
