tier,restart_idx,param_seed,final_train_cost,final_test_cost
3,0,207000924,6.875576e-02,1.696906e+01
3,1,207000925,2.866147e-02,7.258153e+00
3,2,207000926,2.677951e-03,6.236652e-01
3,3,207000927,4.277949e-02,1.037979e+00
3,4,207000928,1.153534e-01,2.799767e+00
3,5,207000929,6.173193e-03,3.468369e+00
3,6,207000930,3.856166e-03,2.035235e+00
3,7,207000931,8.629527e-03,2.726056e+00
3,8,207000932,3.285222e-02,1.177692e+00
3,9,207000933,6.191307e-02,9.486608e+00
