tier,restart_idx,param_seed,final_train_cost,final_test_cost
6,0,207001227,2.724890e-01,5.403730e-01
6,1,207001228,7.705704e-02,1.717889e-01
6,2,207001229,5.435969e-02,3.664286e-01
6,3,207001230,4.184829e-02,1.772083e-01
6,4,207001231,8.422192e-02,2.241200e-01
6,5,207001232,4.220824e-01,5.439314e-01
6,6,207001233,3.284543e-02,5.302500e-02
6,7,207001234,1.495387e-01,8.546464e-01
6,8,207001235,4.232323e-01,1.055421e+00
6,9,207001236,8.850352e-02,5.420380e-01
