{
  "restart": 15,
  "seed": 73,
  "iters": 30000,
  "lr": 0.05,
  "best_iter": 29838,
  "best_cost": 0.00045997797860763967,
  "best_alphaD_mean": 8.470317349229611e-05,
  "n": 16
}