{
  "restart": 27,
  "seed": 85,
  "iters": 30000,
  "lr": 0.05,
  "best_iter": 29715,
  "best_cost": 0.0005501540144905448,
  "best_alphaD_mean": 0.00010278145110267879,
  "n": 10
}