{
  "restart": 18,
  "seed": 76,
  "iters": 30000,
  "lr": 0.05,
  "best_iter": 29628,
  "best_cost": 0.0016886362573131919,
  "best_alphaD_mean": 0.00018327750504022682,
  "n": 15
}