tier,restart_idx,param_seed,final_train_cost,final_test_cost
1,0,185000656,6.107993e-04,1.977164e+01
1,1,185000657,2.661578e-06,2.087385e+01
1,2,185000658,1.385977e-02,4.540755e+01
1,3,185000659,5.165870e-04,1.513947e+01
1,4,185000660,2.776870e-04,3.212897e+01
1,5,185000661,1.365515e-03,4.778637e+01
1,6,185000662,1.621588e-04,2.177654e+01
1,7,185000663,5.926361e-05,7.074868e+01
1,8,185000664,2.999083e-04,5.264661e+01
1,9,185000665,3.992900e-05,1.226041e+01
