tier,restart_idx,param_seed,final_train_cost,final_test_cost
2,0,185000757,4.890347e-03,3.961173e+00
2,1,185000758,3.069180e-02,1.031692e+00
2,2,185000759,1.110781e-01,1.321658e+01
2,3,185000760,1.380271e-02,4.198553e+00
2,4,185000761,1.148473e-02,1.033866e+01
2,5,185000762,2.325064e-02,9.923220e+00
2,6,185000763,1.453411e-02,7.494296e+00
2,7,185000764,8.641102e-03,1.026743e+01
2,8,185000765,1.182287e-02,9.970873e+00
2,9,185000766,3.621618e-03,2.674883e+01
