tier,restart_idx,param_seed,final_train_cost,final_test_cost
6,0,185001161,7.269525e-02,1.592379e-01
6,1,185001162,4.225011e-01,8.134184e-01
6,2,185001163,1.659855e-02,2.787088e+00
6,3,185001164,1.234814e-01,2.893679e-01
6,4,185001165,1.617848e-01,5.337322e-01
6,5,185001166,2.468673e-01,5.769988e-01
6,6,185001167,9.367562e-02,4.040161e-01
6,7,185001168,2.313122e-01,7.729045e-01
6,8,185001169,1.648671e-01,6.464888e-01
6,9,185001170,7.647339e-02,5.958220e-01
