tier,restart_idx,param_seed,final_train_cost,final_test_cost
9,0,185001464,2.224352e-01,1.862455e-01
9,1,185001465,3.709557e-02,7.742202e-02
9,2,185001466,1.185717e-01,7.516330e-02
9,3,185001467,5.554316e-02,1.088725e-01
9,4,185001468,5.290424e-01,5.324588e-01
9,5,185001469,1.379026e-01,1.284690e+00
9,6,185001470,3.202449e-01,2.052292e-01
9,7,185001471,2.550407e-01,3.879660e-01
9,8,185001472,2.274512e-01,2.084489e-01
9,9,185001473,4.186190e-01,2.042404e-01
