{
  "restart": 8,
  "seed": 66,
  "iters": 30000,
  "lr": 0.05,
  "best_iter": 29974,
  "best_cost": 0.0010608298471197486,
  "best_alphaD_mean": 0.00014009493417127945,
  "n": 13
}