{
  "restart": 1,
  "seed": 59,
  "iters": 30000,
  "lr": 0.05,
  "best_iter": 29223,
  "best_cost": 0.001311308704316616,
  "best_alphaD_mean": 0.00016172800288176065,
  "n": 13
}