{
  "restart": 9,
  "seed": 67,
  "iters": 30000,
  "lr": 0.05,
  "best_iter": 29951,
  "best_cost": 0.0027662506327033043,
  "best_alphaD_mean": 0.000223567218893786,
  "n": 5
}