{
  "restart": 8,
  "seed": 66,
  "iters": 30000,
  "lr": 0.05,
  "best_iter": 29975,
  "best_cost": 0.0004284022725187242,
  "best_alphaD_mean": 8.556665214745205e-05,
  "n": 16
}