tier,restart_idx,param_seed,final_train_cost,final_test_cost
6,0,205001221,8.444054e-03,2.166354e-01
6,1,205001222,3.623144e-02,2.713328e-02
6,2,205001223,1.567756e-02,6.347545e-02
6,3,205001224,5.042930e-02,3.926369e-01
6,4,205001225,5.270403e-02,2.080555e-01
6,5,205001226,1.900230e-02,1.387993e-01
6,6,205001227,4.556638e-02,2.493277e+00
6,7,205001228,5.008702e-02,3.348028e-01
6,8,205001229,1.530081e-02,1.540105e-01
6,9,205001230,1.392337e-02,3.517576e-02
