tier,restart_idx,param_seed,final_train_cost,final_test_cost
2,0,205000817,9.041130e-03,1.727198e+01
2,1,205000818,5.156831e-03,3.176553e+00
2,2,205000819,2.549516e-03,3.856758e+01
2,3,205000820,1.338442e-02,4.202439e+00
2,4,205000821,2.094823e-03,3.371115e+00
2,5,205000822,2.604586e-02,1.365780e+01
2,6,205000823,6.286859e-03,3.263757e+00
2,7,205000824,4.698095e-03,1.162100e+01
2,8,205000825,3.079801e-03,1.245037e+01
2,9,205000826,9.925685e-03,5.250694e+00
