{
  "restart": 27,
  "seed": 85,
  "iters": 30000,
  "lr": 0.05,
  "best_iter": 29985,
  "best_cost": 0.0006277636857703328,
  "best_alphaD_mean": 0.00010432348287123189,
  "n": 15
}