{
  "restart": 12,
  "seed": 70,
  "iters": 30000,
  "lr": 0.05,
  "best_iter": 29993,
  "best_cost": 0.0007819124730303884,
  "best_alphaD_mean": 0.00012170802072215622,
  "n": 10
}