{
  "restart": 25,
  "seed": 83,
  "iters": 30000,
  "lr": 0.05,
  "best_iter": 29719,
  "best_cost": 0.0032429033890366554,
  "best_alphaD_mean": 0.0002459320590597111,
  "n": 11
}