{
  "restart": 23,
  "seed": 81,
  "iters": 30000,
  "lr": 0.05,
  "best_iter": 28815,
  "best_cost": 0.0013686941238120198,
  "best_alphaD_mean": 0.0001537180096172525,
  "n": 15
}