{
  "restart": 20,
  "seed": 78,
  "iters": 30000,
  "lr": 0.05,
  "best_iter": 29037,
  "best_cost": 0.0006570835830643773,
  "best_alphaD_mean": 0.00010913788979566875,
  "n": 13
}