{
  "restart": 9,
  "seed": 67,
  "iters": 30000,
  "lr": 0.05,
  "best_iter": 28913,
  "best_cost": 0.0006376602104865015,
  "best_alphaD_mean": 0.00011463609623305629,
  "n": 12
}