{
  "restart": 7,
  "seed": 65,
  "iters": 30000,
  "lr": 0.05,
  "best_iter": 29851,
  "best_cost": 0.002221992239356041,
  "best_alphaD_mean": 0.00020889798304848378,
  "n": 11
}