tier,restart_idx,param_seed,final_train_cost,final_test_cost
8,0,172001324,8.999158e-02,4.763618e-01
8,1,172001325,2.506966e-01,4.050068e-01
8,2,172001326,3.645213e-02,3.771182e-02
8,3,172001327,2.201845e-02,2.100592e-01
8,4,172001328,1.012827e-01,2.012748e-01
8,5,172001329,2.529396e-01,6.283296e-01
8,6,172001330,1.346634e-02,1.593226e-01
8,7,172001331,3.028859e-02,8.778790e-02
8,8,172001332,3.432287e-02,1.353957e-01
8,9,172001333,3.412995e-02,1.188488e-01
