{
  "restart": 14,
  "seed": 72,
  "iters": 30000,
  "lr": 0.05,
  "best_iter": 29898,
  "best_cost": 0.0008352999575436115,
  "best_alphaD_mean": 0.00013301571479823043,
  "n": 15
}