{
  "restart": 18,
  "seed": 76,
  "iters": 30000,
  "lr": 0.05,
  "best_iter": 29990,
  "best_cost": 0.0018374586943536997,
  "best_alphaD_mean": 0.00018373292708167844,
  "n": 9
}