{
  "restart": 29,
  "seed": 87,
  "iters": 30000,
  "lr": 0.05,
  "best_iter": 29925,
  "best_cost": 0.003195039229467511,
  "best_alphaD_mean": 0.00027039222812879157,
  "n": 7
}