tier,restart_idx,param_seed,final_train_cost,final_test_cost
3,0,176000831,2.377156e-02,3.513717e+00
3,1,176000832,1.245058e-02,1.505880e+00
3,2,176000833,6.977394e-02,2.752661e+00
3,3,176000834,5.019389e-03,1.777051e+00
3,4,176000835,2.600682e-02,4.826816e+00
3,5,176000836,2.336054e-02,1.624152e+00
3,6,176000837,3.249893e-02,2.848166e+00
3,7,176000838,7.319573e-02,1.946466e+00
3,8,176000839,5.748607e-03,2.904932e+00
3,9,176000840,9.669011e-03,1.441958e+01
