tier,restart_idx,param_seed,final_train_cost,final_test_cost
1,0,176000629,4.752235e-02,3.576653e+01
1,1,176000630,7.935586e-05,5.530041e+01
1,2,176000631,3.598335e-05,1.991788e+01
1,3,176000632,8.201587e-04,3.400316e+01
1,4,176000633,1.016865e-03,1.808497e+01
1,5,176000634,8.408625e-04,2.078946e+01
1,6,176000635,6.554868e-05,7.119028e+01
1,7,176000636,2.437776e-04,4.534821e+01
1,8,176000637,1.462421e-04,1.291801e+01
1,9,176000638,2.645998e-04,4.421917e+01
