tier,restart_idx,param_seed,final_train_cost,final_test_cost
7,0,176001235,6.423497e-02,3.835147e-01
7,1,176001236,6.718172e-01,6.876588e-01
7,2,176001237,2.238175e-02,1.852643e-01
7,3,176001238,2.555466e-02,3.171727e-02
7,4,176001239,1.012951e-01,3.774662e-01
7,5,176001240,4.664013e-02,3.884297e+00
7,6,176001241,7.763207e-02,2.327821e-01
7,7,176001242,5.029146e-02,3.110543e-01
7,8,176001243,7.972358e-03,9.526914e-02
7,9,176001244,4.660641e-01,7.392901e-01
