{
  "restart": 13,
  "seed": 71,
  "iters": 30000,
  "lr": 0.05,
  "best_iter": 29234,
  "best_cost": 0.002167843049392104,
  "best_alphaD_mean": 0.00021386067457401014,
  "n": 5
}