{
  "restart": 23,
  "seed": 81,
  "iters": 30000,
  "lr": 0.05,
  "best_iter": 29999,
  "best_cost": 0.0036951627116650343,
  "best_alphaD_mean": 0.0002676460769164009,
  "n": 7
}