{
  "restart": 26,
  "seed": 84,
  "iters": 30000,
  "lr": 0.05,
  "best_iter": 29808,
  "best_cost": 0.005087179597467184,
  "best_alphaD_mean": 0.00031322586979219913,
  "n": 5
}