{
  "restart": 9,
  "seed": 67,
  "iters": 30000,
  "lr": 0.05,
  "best_iter": 29679,
  "best_cost": 0.0012616682797670364,
  "best_alphaD_mean": 0.0001558319737859573,
  "n": 15
}