{
  "restart": 17,
  "seed": 75,
  "iters": 30000,
  "lr": 0.05,
  "best_iter": 29842,
  "best_cost": 0.0009979758178815246,
  "best_alphaD_mean": 0.00013728677646667936,
  "n": 13
}