tier,restart_idx,param_seed,final_train_cost,final_test_cost
4,0,182000950,4.578281e-02,1.089819e+00
4,1,182000951,1.083412e-02,5.334553e-01
4,2,182000952,1.483168e-02,1.883662e+00
4,3,182000953,2.360303e-02,5.396745e-01
4,4,182000954,9.670243e-02,5.722578e+00
4,5,182000955,2.166001e-02,5.865136e-01
4,6,182000956,1.032923e-01,2.002943e+00
4,7,182000957,1.351087e-02,8.397218e-01
4,8,182000958,2.143554e-02,1.014414e+00
4,9,182000959,8.263121e-01,6.567882e+00
