tier,restart_idx,param_seed,final_train_cost,final_test_cost
6,0,182001152,3.433812e-02,1.625056e-01
6,1,182001153,2.917532e-02,1.702672e-01
6,2,182001154,4.662676e-02,2.304719e-01
6,3,182001155,1.464393e-02,1.871377e-01
6,4,182001156,1.139942e-01,3.101223e-01
6,5,182001157,6.386482e-02,3.120902e-01
6,6,182001158,1.816284e-02,9.223913e-02
6,7,182001159,1.042881e-01,1.111951e+00
6,8,182001160,9.119848e-02,1.424656e-01
6,9,182001161,1.387997e-02,4.619904e-02
