tier,restart_idx,param_seed,final_train_cost,final_test_cost
5,0,182001051,9.331473e-03,1.589383e-01
5,1,182001052,1.046299e-01,6.185074e-01
5,2,182001053,1.317230e-02,1.177918e+00
5,3,182001054,1.175847e-01,3.977990e-01
5,4,182001055,1.044707e-01,3.974406e-01
5,5,182001056,2.435447e-02,1.277214e-01
5,6,182001057,3.478385e-01,1.774591e+00
5,7,182001058,5.837750e-02,2.683546e-01
5,8,182001059,1.899869e-02,1.796566e-01
5,9,182001060,1.770480e-02,2.419330e-01
