tier,restart_idx,param_seed,final_train_cost,final_test_cost
7,0,182001253,3.892449e-02,1.929169e-01
7,1,182001254,6.806154e-02,7.445526e-01
7,2,182001255,3.389104e-01,3.940330e-01
7,3,182001256,7.860243e-02,2.784120e-01
7,4,182001257,1.712041e-02,5.680113e-02
7,5,182001258,1.125594e+00,1.037597e+00
7,6,182001259,2.729919e-02,1.833358e-01
7,7,182001260,2.499816e-01,6.946009e-01
7,8,182001261,3.133973e-02,9.251775e-02
7,9,182001262,6.804608e-01,1.227347e+00
