tier,restart_idx,param_seed,final_train_cost,final_test_cost
3,0,182000849,3.598604e-02,1.171106e+01
3,1,182000850,1.069641e-02,4.542881e+00
3,2,182000851,9.681466e-03,1.217865e+00
3,3,182000852,8.928708e-03,2.695857e+00
3,4,182000853,5.017142e-02,2.725219e+01
3,5,182000854,3.742786e-02,3.340881e+00
3,6,182000855,1.854793e-02,4.637260e+00
3,7,182000856,9.747732e-03,2.898672e+00
3,8,182000857,1.265461e-02,8.100469e-01
3,9,182000858,3.120389e-02,1.919033e+00
