{
  "restart": 19,
  "seed": 77,
  "iters": 30000,
  "lr": 0.05,
  "best_iter": 29974,
  "best_cost": 0.0006142843631096184,
  "best_alphaD_mean": 0.00010508369558150404,
  "n": 12
}