tier,restart_idx,param_seed,final_train_cost,final_test_cost
7,0,140001127,3.724867e-02,1.400262e-01
7,1,140001128,4.377427e-02,1.619111e-01
7,2,140001129,8.113690e-02,4.903927e-01
7,3,140001130,2.459522e-01,6.205731e-01
7,4,140001131,2.694535e-01,7.920901e-01
7,5,140001132,2.520612e-02,2.612070e-01
7,6,140001133,9.376789e-02,1.779447e+00
7,7,140001134,2.341856e-01,2.862717e+00
7,8,140001135,1.770265e-01,3.737675e-01
7,9,140001136,7.834691e-02,1.667112e+00
