tier,restart_idx,param_seed,final_train_cost,final_test_cost
3,0,140000723,9.079452e-03,6.503287e+00
3,1,140000724,4.785249e-03,4.468735e+00
3,2,140000725,1.014586e-02,2.638359e+00
3,3,140000726,8.805577e-03,1.306677e+00
3,4,140000727,7.369273e-02,1.344141e+01
3,5,140000728,3.538303e-03,3.256857e+00
3,6,140000729,5.585140e-02,2.320455e+00
3,7,140000730,5.472740e-02,3.050586e+00
3,8,140000731,1.977722e-02,1.430211e+01
3,9,140000732,4.624502e-02,2.993407e+00
