tier,restart_idx,param_seed,final_train_cost,final_test_cost
5,0,140000925,1.329169e-01,5.230070e-01
5,1,140000926,1.891030e-02,1.428401e-01
5,2,140000927,2.328649e-02,5.088658e-01
5,3,140000928,8.543103e-03,6.361164e-02
5,4,140000929,8.460341e-03,1.199100e-01
5,5,140000930,3.152831e-01,3.157664e+00
5,6,140000931,3.156564e-01,7.663383e-01
5,7,140000932,4.386285e-02,1.927497e-01
5,8,140000933,4.433771e-02,2.576896e-01
5,9,140000934,6.499841e-02,2.965130e-01
