tier,restart_idx,param_seed,final_train_cost,final_test_cost
8,0,140001228,3.919561e-02,2.113562e-01
8,1,140001229,2.104705e-02,2.320762e-01
8,2,140001230,1.315547e-01,2.936657e-01
8,3,140001231,8.491337e-02,1.653854e-01
8,4,140001232,1.420456e-01,1.099825e+00
8,5,140001233,1.337353e-01,2.926553e-01
8,6,140001234,3.917103e-02,8.372279e-02
8,7,140001235,2.100396e-01,3.545763e-01
8,8,140001236,1.934891e-01,6.545295e-01
8,9,140001237,1.410498e-02,9.270673e-02
