{
  "restart": 15,
  "seed": 73,
  "iters": 30000,
  "lr": 0.05,
  "best_iter": 29847,
  "best_cost": 0.002161974087357521,
  "best_alphaD_mean": 0.00021029305481761715,
  "n": 9
}