{
  "restart": 1,
  "seed": 59,
  "iters": 30000,
  "lr": 0.05,
  "best_iter": 29993,
  "best_cost": 0.003829206107184291,
  "best_alphaD_mean": 0.0002747623082486356,
  "n": 8
}