{
  "restart": 7,
  "seed": 65,
  "iters": 30000,
  "lr": 0.05,
  "best_iter": 29784,
  "best_cost": 0.0004632301570381969,
  "best_alphaD_mean": 9.146857208199496e-05,
  "n": 12
}