{
  "restart": 11,
  "seed": 69,
  "iters": 30000,
  "lr": 0.05,
  "best_iter": 29988,
  "best_cost": 0.0025968188419938087,
  "best_alphaD_mean": 0.00023598373174885513,
  "n": 8
}