{
  "restart": 24,
  "seed": 82,
  "iters": 30000,
  "lr": 0.05,
  "best_iter": 29710,
  "best_cost": 0.001626342418603599,
  "best_alphaD_mean": 0.0001853638268845528,
  "n": 9
}