{
  "restart": 0,
  "seed": 58,
  "iters": 30000,
  "lr": 0.05,
  "best_iter": 29719,
  "best_cost": 0.0005533091607503593,
  "best_alphaD_mean": 9.61718463417404e-05,
  "n": 14
}