{
  "restart": 24,
  "seed": 82,
  "iters": 30000,
  "lr": 0.05,
  "best_iter": 29381,
  "best_cost": 0.0005748454132117331,
  "best_alphaD_mean": 0.00010397644953102255,
  "n": 12
}