{
  "restart": 25,
  "seed": 83,
  "iters": 30000,
  "lr": 0.05,
  "best_iter": 29820,
  "best_cost": 0.0009451417718082666,
  "best_alphaD_mean": 0.00013394226792574446,
  "n": 8
}