{
  "restart": 11,
  "seed": 69,
  "iters": 30000,
  "lr": 0.05,
  "best_iter": 29540,
  "best_cost": 0.0004864807124249637,
  "best_alphaD_mean": 9.126685897060773e-05,
  "n": 16
}