{
  "restart": 18,
  "seed": 76,
  "iters": 30000,
  "lr": 0.05,
  "best_iter": 29958,
  "best_cost": 0.0014185653999447823,
  "best_alphaD_mean": 0.00017361929407003562,
  "n": 6
}