{
  "restart": 28,
  "seed": 86,
  "iters": 30000,
  "lr": 0.05,
  "best_iter": 29980,
  "best_cost": 0.0004970340523868799,
  "best_alphaD_mean": 9.290976318674804e-05,
  "n": 14
}