tier,restart_idx,param_seed,final_train_cost,final_test_cost
2,0,138000616,1.685681e-03,8.361747e+00
2,1,138000617,7.132951e-04,6.521642e+00
2,2,138000618,3.821664e-02,3.009031e+01
2,3,138000619,1.935976e-02,4.850272e+01
2,4,138000620,3.328570e-02,1.539079e+01
2,5,138000621,7.488225e-03,6.486790e+00
2,6,138000622,8.271049e-03,2.385322e+01
2,7,138000623,8.976845e-02,1.590588e+01
2,8,138000624,4.225464e-03,7.506588e+00
2,9,138000625,2.563867e-03,7.001595e+00
