{
  "restart": 4,
  "seed": 62,
  "iters": 30000,
  "lr": 0.05,
  "best_iter": 29807,
  "best_cost": 0.0013294353848323226,
  "best_alphaD_mean": 0.0001665677667374991,
  "n": 8
}