{
  "restart": 16,
  "seed": 74,
  "iters": 30000,
  "lr": 0.05,
  "best_iter": 29937,
  "best_cost": 0.001164285815320909,
  "best_alphaD_mean": 0.00014603179870249994,
  "n": 11
}