{
  "restart": 5,
  "seed": 63,
  "iters": 30000,
  "lr": 0.05,
  "best_iter": 29891,
  "best_cost": 0.0025587582495063543,
  "best_alphaD_mean": 0.00022254263857844134,
  "n": 7
}