{
  "restart": 0,
  "seed": 58,
  "iters": 30000,
  "lr": 0.05,
  "best_iter": 29960,
  "best_cost": 0.0034687540028244257,
  "best_alphaD_mean": 0.0002712598569498365,
  "n": 7
}