{
  "restart": 24,
  "seed": 82,
  "iters": 30000,
  "lr": 0.05,
  "best_iter": 29835,
  "best_cost": 0.004010144155472517,
  "best_alphaD_mean": 0.00027655822559018877,
  "n": 5
}