{
  "restart": 5,
  "seed": 63,
  "iters": 30000,
  "lr": 0.05,
  "best_iter": 29737,
  "best_cost": 0.0005163964815437794,
  "best_alphaD_mean": 9.315054324465494e-05,
  "n": 14
}