{
  "restart": 14,
  "seed": 72,
  "iters": 30000,
  "lr": 0.05,
  "best_iter": 29612,
  "best_cost": 0.0011280140606686473,
  "best_alphaD_mean": 0.00014562438173627883,
  "n": 8
}