{
  "restart": 23,
  "seed": 81,
  "iters": 30000,
  "lr": 0.05,
  "best_iter": 29917,
  "best_cost": 0.0006008219788782299,
  "best_alphaD_mean": 0.00010497397210974424,
  "n": 10
}