alpha,beta,alphaD_true,alphaD_pred,rel_abs,rel_signed
1.1000,2.7500,15.444870383584,15.446682929992676,0.0001173558834525528,0.0001173558834525528
0.2000,1.0000,19.051282316218,19.05443572998047,0.00016552238899868215,0.00016552238899868215
0.2000,4.5000,19.397942314212997,19.39307403564453,0.0002509688135786906,-0.0002509688135786906
2.0000,1.0000,22.752251621592002,22.761734008789062,0.0004167669800232499,0.0004167669800232499
2.0000,4.5000,14.760426956088999,14.760787010192871,2.4393203864853826e-05,2.4393203864853826e-05
0.9710,3.0000,14.719193685948,14.722611427307129,0.0002321962352049224,0.0002321962352049224
0.9710,4.5000,12.942255714327999,12.94208812713623,1.294883948111179e-05,-1.294883948111179e-05
2.0000,1.7500,20.284194079789,20.28982162475586,0.000277434979409246,0.000277434979409246
0.8430,3.2500,14.178209154286002,14.176040649414062,0.00015294631700953648,-0.00015294631700953648
1.2290,2.2500,16.923315700127,16.92559814453125,0.0001348698118439066,0.0001348698118439066
1.4860,3.5000,14.922997611565,14.923635482788086,4.274417511073754e-05,4.274417511073754e-05
1.7430,3.5000,15.605776389267,15.609604835510254,0.00024532238241521204,0.00024532238241521204
0.3290,3.5000,14.769042413523,14.768014907836914,6.9571584759258e-05,-6.9571584759258e-05
1.1000,2.5000,15.998590537005999,15.996131896972656,0.00015367853984733448,-0.00015367853984733448
2.0000,2.2500,18.946667234825,18.948362350463867,8.946774743324499e-05,8.946774743324499e-05
0.7140,2.7500,14.828909391364999,14.82705020904541,0.00012537552631286986,-0.00012537552631286986
1.2290,1.0000,21.249588450164,21.253280639648438,0.00017375345847733353,0.00017375345847733353
1.3570,2.7500,16.059834443779,16.060129165649414,1.8351488705943404e-05,1.8351488705943404e-05
1.4860,3.2500,15.380686626014,15.377445220947266,0.00021074514718038239,-0.00021074514718038239
1.7430,4.2500,14.411217804997,14.411567687988281,2.4278516640034295e-05,2.4278516640034295e-05
1.8710,3.5000,15.963055059992001,15.963092803955078,2.3644573632624256e-06,2.3644573632624256e-06
0.3290,1.0000,19.294488252165003,19.297698974609375,0.00016640619862056213,0.00016640619862056213
