tier,restart_idx,param_seed,final_train_cost,final_test_cost
6,0,132001002,2.336313e-01,6.102913e-01
6,1,132001003,3.830285e-02,3.185774e-01
6,2,132001004,1.960980e-02,1.407755e-01
6,3,132001005,4.182088e-02,4.016591e-01
6,4,132001006,2.186620e-01,4.342332e-01
6,5,132001007,1.499179e-01,3.100420e-01
6,6,132001008,2.321236e-02,2.267708e-01
6,7,132001009,1.217506e-01,4.734125e-01
6,8,132001010,2.821577e-02,1.760775e-02
6,9,132001011,3.522591e-02,9.566130e-02
