tier,restart_idx,param_seed,final_train_cost,final_test_cost
3,0,132000699,6.061230e-03,7.450777e-01
3,1,132000700,7.792326e-02,2.295051e+00
3,2,132000701,2.820580e-02,1.606022e+00
3,3,132000702,1.971159e-02,2.001040e+00
3,4,132000703,5.920846e-03,8.222876e-01
3,5,132000704,4.342154e-02,1.489356e+00
3,6,132000705,1.612129e-02,4.610919e+00
3,7,132000706,1.298111e-02,1.017463e+00
3,8,132000707,3.899178e-02,1.088318e+00
3,9,132000708,2.517629e-02,1.597013e+00
