tier,restart_idx,param_seed,final_train_cost,final_test_cost
8,0,132001204,1.373330e-01,2.745405e-01
8,1,132001205,8.770175e-02,4.077915e-01
8,2,132001206,9.973252e-02,1.487085e-01
8,3,132001207,5.089986e-02,2.216651e-01
8,4,132001208,4.100348e-01,5.249507e-01
8,5,132001209,4.469507e-02,1.515733e-01
8,6,132001210,4.404091e-02,8.606800e-02
8,7,132001211,7.651743e-01,6.034976e-01
8,8,132001212,2.502682e-01,8.994412e-01
8,9,132001213,7.999761e-02,2.674313e-01
