tier,restart_idx,param_seed,final_train_cost,final_test_cost
7,0,132001103,3.595386e-02,5.145222e-02
7,1,132001104,1.247756e-01,5.146393e-01
7,2,132001105,1.356803e-01,4.167194e-01
7,3,132001106,2.420778e-02,1.172190e-01
7,4,132001107,6.341638e-02,2.632583e-01
7,5,132001108,1.887979e-01,5.877973e-01
7,6,132001109,3.317114e-02,1.257249e-01
7,7,132001110,3.340735e-01,5.219484e-01
7,8,132001111,9.224257e-02,1.210577e-01
7,9,132001112,3.846953e-02,1.723147e-01
