tier,restart_idx,param_seed,final_train_cost,final_test_cost
4,0,132000800,1.316907e-01,1.148258e+00
4,1,132000801,1.544614e-02,2.176100e+00
4,2,132000802,7.142712e-03,7.866476e-01
4,3,132000803,1.543250e-02,7.132493e-01
4,4,132000804,1.112301e-01,2.822269e+00
4,5,132000805,5.991779e-02,9.183030e-01
4,6,132000806,4.064021e-02,1.532311e+00
4,7,132000807,4.449262e-02,7.648236e-01
4,8,132000808,3.040907e-02,7.733042e-01
4,9,132000809,2.204858e-02,1.089652e+00
