tier,restart_idx,param_seed,final_train_cost,final_test_cost
9,0,132001305,1.103195e-01,1.405803e-01
9,1,132001306,1.241960e-01,3.316421e-01
9,2,132001307,2.273426e-01,3.117411e-01
9,3,132001308,2.922048e-01,1.625571e-01
9,4,132001309,1.755887e-01,8.103406e-02
9,5,132001310,5.336237e-02,6.280907e-02
9,6,132001311,2.821663e-02,2.652002e-02
9,7,132001312,7.899544e-02,5.859098e-02
9,8,132001313,2.772428e-02,9.469379e-02
9,9,132001314,9.008847e-02,3.157629e-01
