{
  "restart": 10,
  "seed": 68,
  "iters": 30000,
  "lr": 0.05,
  "best_iter": 29900,
  "best_cost": 0.0013624526327475905,
  "best_alphaD_mean": 0.00017249513980138723,
  "n": 6
}