{
  "restart": 2,
  "seed": 60,
  "iters": 30000,
  "lr": 0.05,
  "best_iter": 29277,
  "best_cost": 0.0007084822282195091,
  "best_alphaD_mean": 0.00010921152091835243,
  "n": 12
}