{
  "restart": 6,
  "seed": 64,
  "iters": 30000,
  "lr": 0.05,
  "best_iter": 29752,
  "best_cost": 0.0014217497082427144,
  "best_alphaD_mean": 0.00016837439118494365,
  "n": 7
}