alpha,beta,alphaD_true,alphaD_pred,rel_abs,rel_signed
1.1000,2.7500,15.444870383584,15.440424919128418,0.00028782789011338816,-0.00028782789011338816
0.2000,1.0000,19.051282316218,19.047317504882812,0.00020811257055447431,-0.00020811257055447431
0.2000,4.5000,19.397942314212997,19.3416748046875,0.00290069475483835,-0.00290069475483835
2.0000,1.0000,22.752251621592002,22.73386573791504,0.0008080907324141023,-0.0008080907324141023
2.0000,4.5000,14.760426956088999,14.749507904052734,0.00073975177471133,-0.00073975177471133
0.9710,3.0000,14.719193685948,14.717009544372559,0.00014838731129177818,-0.00014838731129177818
0.9710,4.5000,12.942255714327999,12.925810813903809,0.001270636339381185,-0.001270636339381185
2.0000,1.7500,20.284194079789,20.272703170776367,0.0005664957142212211,-0.0005664957142212211
0.8430,3.2500,14.178209154286002,14.163963317871094,0.0010047698027222565,-0.0010047698027222565
1.2290,2.2500,16.923315700127,16.921375274658203,0.00011465988717452722,-0.00011465988717452722
1.4860,3.5000,14.922997611565,14.919910430908203,0.00020687403008120918,-0.00020687403008120918
1.7430,3.5000,15.605776389267,15.594420433044434,0.0007276764666688064,-0.0007276764666688064
0.3290,3.5000,14.769042413523,14.733943939208984,0.002376489506311906,-0.002376489506311906
1.1000,2.5000,15.998590537005999,15.987469673156738,0.0006951152242778174,-0.0006951152242778174
2.0000,2.2500,18.946667234825,18.93971061706543,0.00036716841401971436,-0.00036716841401971436
0.7140,2.7500,14.828909391364999,14.81938648223877,0.0006421854011579317,-0.0006421854011579317
1.2290,1.0000,21.249588450164,21.23514747619629,0.0006795884071627813,-0.0006795884071627813
1.3570,2.7500,16.059834443779,16.052949905395508,0.0004286805326413744,-0.0004286805326413744
1.4860,3.2500,15.380686626014,15.370111465454102,0.0006875610183756057,-0.0006875610183756057
1.7430,4.2500,14.411217804997,14.402350425720215,0.0006153108916103732,-0.0006153108916103732
1.8710,3.5000,15.963055059992001,15.958869934082031,0.000262175748579542,-0.000262175748579542
0.3290,1.0000,19.294488252165003,19.286962509155273,0.0003900462614697585,-0.0003900462614697585
