{
  "restart": 4,
  "seed": 62,
  "iters": 30000,
  "lr": 0.05,
  "best_iter": 29938,
  "best_cost": 0.001871068379841745,
  "best_alphaD_mean": 0.00019701523562773657,
  "n": 13
}