{
  "restart": 0,
  "seed": 58,
  "iters": 30000,
  "lr": 0.05,
  "best_iter": 29937,
  "best_cost": 0.0027660266496241093,
  "best_alphaD_mean": 0.00022871838995622748,
  "n": 13
}