{
  "restart": 14,
  "seed": 72,
  "iters": 30000,
  "lr": 0.05,
  "best_iter": 29751,
  "best_cost": 0.0024123345501720905,
  "best_alphaD_mean": 0.00022409501384646965,
  "n": 11
}