{
  "restart": 24,
  "seed": 82,
  "iters": 30000,
  "lr": 0.05,
  "best_iter": 29998,
  "best_cost": 0.00038198946276679635,
  "best_alphaD_mean": 8.038965095578223e-05,
  "n": 16
}