{
  "restart": 25,
  "seed": 83,
  "iters": 30000,
  "lr": 0.05,
  "best_iter": 29914,
  "best_cost": 0.002716988790780306,
  "best_alphaD_mean": 0.00023952545580927946,
  "n": 7
}