{
  "restart": 12,
  "seed": 70,
  "iters": 30000,
  "lr": 0.05,
  "best_iter": 29866,
  "best_cost": 0.0018881894648075104,
  "best_alphaD_mean": 0.00019276982886994807,
  "n": 9
}