alpha,beta,alphaD_true,alphaD_pred,rel_abs,rel_signed
1.1000,2.7500,15.444870383584,15.443777084350586,7.078720677229055e-05,-7.078720677229055e-05
0.2000,1.0000,19.051282316218,19.05480194091797,0.00018474476633903745,0.00018474476633903745
0.2000,4.5000,19.397942314212997,19.397220611572266,3.7205113255902324e-05,-3.7205113255902324e-05
2.0000,1.0000,22.752251621592002,22.738157272338867,0.0006194705248318668,-0.0006194705248318668
2.0000,4.5000,14.760426956088999,14.727883338928223,0.002204788334212046,-0.002204788334212046
0.9710,1.2500,19.56884610005,19.56474494934082,0.00020957550017055613,-0.00020957550017055613
0.8430,3.5000,13.855777414907,13.855975151062012,1.4271025658925084e-05,1.4271025658925084e-05
1.4860,3.5000,14.922997611565,14.914848327636719,0.0005460889387240288,-0.0005460889387240288
1.7430,4.0000,14.782857439192,14.764616966247559,0.0012338935837993966,-0.0012338935837993966
2.0000,1.5000,21.036067872794,21.02907943725586,0.00033221206455500487,-0.00033221206455500487
0.5860,2.5000,15.149038308404002,15.148123741149902,6.037130776757829e-05,-6.037130776757829e-05
1.6140,1.0000,22.04014677513,22.030254364013672,0.00044883599085153626,-0.00044883599085153626
1.6140,3.2500,15.714130427978,15.706687927246094,0.0004736183631679299,-0.0004736183631679299
0.4570,1.7500,16.70640146289,16.706491470336914,5.387602298093367e-06,5.387602298093367e-06
1.6140,2.2500,17.926159928087998,17.92490577697754,6.99620618966762e-05,-6.99620618966762e-05
0.5860,3.5000,13.978350677684002,13.978370666503906,1.4299841494233643e-06,1.4299841494233643e-06
1.4860,2.7500,16.391947827372,16.389650344848633,0.00014015921399718585,-0.00014015921399718585
1.2290,1.0000,21.249588450164,21.24394416809082,0.0002656184182775168,-0.0002656184182775168
0.4570,4.2500,14.658019179680998,14.657021522521973,6.806220859696143e-05,-6.806220859696143e-05
2.0000,2.0000,19.589831449887,19.58264923095703,0.00036662995025465474,-0.00036662995025465474
0.8430,3.0000,14.550333960214001,14.549417495727539,6.29858042411787e-05,-6.29858042411787e-05
1.6140,4.2500,14.084101407887001,14.063044548034668,0.0014950801078824868,-0.0014950801078824868
