tier,restart_idx,param_seed,final_train_cost,final_test_cost
10,0,212001646,6.655802e-01,2.486499e-01
10,1,212001647,3.776489e-02,1.065976e-01
10,2,212001648,8.531281e-02,8.181637e-02
10,3,212001649,7.148900e-02,1.095921e-01
10,4,212001650,1.713876e-01,4.318439e-01
10,5,212001651,4.079741e-02,1.188655e-01
10,6,212001652,5.939594e-02,1.425349e-01
10,7,212001653,1.137508e-01,1.715062e-01
10,8,212001654,9.195352e-02,1.771921e-01
10,9,212001655,3.504972e-01,3.067797e-01
