tier,restart_idx,param_seed,final_train_cost,final_test_cost
9,0,212001545,2.062286e-01,5.040184e-01
9,1,212001546,6.768454e-02,1.725245e+00
9,2,212001547,6.780122e-02,7.683270e-02
9,3,212001548,5.954113e-02,3.980558e-02
9,4,212001549,7.345603e-02,5.555546e-02
9,5,212001550,3.895292e-02,1.832681e-01
9,6,212001551,1.326508e-01,1.361654e-01
9,7,212001552,2.863212e-02,5.888418e-02
9,8,212001553,2.602320e-02,9.774186e-02
9,9,212001554,7.603101e-02,9.541091e-01
