tier,restart_idx,param_seed,final_train_cost,final_test_cost
1,0,145000536,1.599264e-01,3.736406e+01
1,1,145000537,1.182115e-05,4.703976e+01
1,2,145000538,5.204236e-04,7.539346e+01
1,3,145000539,2.451406e-05,3.849472e+01
1,4,145000540,2.934702e-02,4.645681e+01
1,5,145000541,2.410037e-03,2.717801e+01
1,6,145000542,1.449677e-03,4.610817e+01
1,7,145000543,8.739521e-02,1.255188e+01
1,8,145000544,5.620776e-06,2.851490e+01
1,9,145000545,3.128086e-04,2.106837e+01
