{
  "restart": 23,
  "seed": 81,
  "iters": 30000,
  "lr": 0.05,
  "best_iter": 29985,
  "best_cost": 0.003695831634104252,
  "best_alphaD_mean": 0.0002685343055752729,
  "n": 8
}