{
  "restart": 11,
  "seed": 69,
  "iters": 30000,
  "lr": 0.05,
  "best_iter": 29888,
  "best_cost": 0.001766512868925929,
  "best_alphaD_mean": 0.00018794363368931235,
  "n": 13
}