{
  "restart": 1,
  "seed": 59,
  "iters": 30000,
  "lr": 0.05,
  "best_iter": 29277,
  "best_cost": 0.0006340016843751073,
  "best_alphaD_mean": 0.00010916222253508495,
  "n": 16
}