{
  "restart": 1,
  "seed": 59,
  "iters": 30000,
  "lr": 0.05,
  "best_iter": 29968,
  "best_cost": 0.0009810179471969604,
  "best_alphaD_mean": 0.00013848375704728563,
  "n": 10
}