tier,restart_idx,param_seed,final_train_cost,final_test_cost
8,0,204001420,4.866341e-02,2.758495e-01
8,1,204001421,3.883329e-02,2.129562e-01
8,2,204001422,6.546406e-02,2.727136e-01
8,3,204001423,1.455202e-01,3.673261e-01
8,4,204001424,1.166890e-01,1.671253e-01
8,5,204001425,6.654368e-02,5.059487e-02
8,6,204001426,6.554948e-02,4.629515e-01
8,7,204001427,8.060496e-02,2.034138e-01
8,8,204001428,2.564093e-01,3.853679e-01
8,9,204001429,4.127425e-02,2.952366e-01
