tier,restart_idx,param_seed,final_train_cost,final_test_cost
7,0,204001319,8.945739e-02,4.806311e-01
7,1,204001320,4.749617e-01,7.684216e-01
7,2,204001321,1.105589e-01,3.952932e-01
7,3,204001322,6.348058e-02,1.476446e-01
7,4,204001323,1.279383e-01,4.980653e-01
7,5,204001324,8.632195e-02,5.960763e-01
7,6,204001325,2.537774e-02,1.761426e-01
7,7,204001326,1.242637e-01,4.330448e-01
7,8,204001327,1.573841e-02,1.980405e-01
7,9,204001328,2.778317e-02,7.597990e-02
