tier,restart_idx,param_seed,final_train_cost,final_test_cost
2,0,204000814,2.937920e-03,6.179654e+00
2,1,204000815,4.600819e-02,2.141367e+01
2,2,204000816,1.449898e-02,1.250559e+01
2,3,204000817,8.342135e-03,1.599134e+01
2,4,204000818,5.254170e-01,4.174212e+01
2,5,204000819,6.706140e-03,8.182475e+00
2,6,204000820,1.019545e-02,2.782370e+00
2,7,204000821,6.400747e-03,1.390065e+01
2,8,204000822,6.732709e-03,1.708644e+01
2,9,204000823,3.356018e-02,9.870658e+00
