tier,restart_idx,param_seed,final_train_cost,final_test_cost
5,0,204001117,1.527306e-01,3.843855e-01
5,1,204001118,1.011650e-02,1.664782e-01
5,2,204001119,1.744565e-02,1.800959e-01
5,3,204001120,8.924840e-02,2.502444e-01
5,4,204001121,1.942462e-02,1.483907e-01
5,5,204001122,4.858595e-02,2.156097e+00
5,6,204001123,2.512012e-02,8.334331e-02
5,7,204001124,9.983456e-02,7.151535e-01
5,8,204001125,1.817506e-01,7.938642e-01
5,9,204001126,2.099307e-01,4.759391e-01
