tier,restart_idx,param_seed,final_train_cost,final_test_cost
7,0,210001337,9.346041e-02,1.398557e-01
7,1,210001338,4.838333e-02,3.281281e-01
7,2,210001339,2.595836e-02,1.082346e-01
7,3,210001340,3.204352e-02,8.050330e-02
7,4,210001341,1.312665e-01,2.830235e-01
7,5,210001342,2.229980e-02,2.136914e-01
7,6,210001343,5.648653e-02,1.139759e-01
7,7,210001344,1.053179e-01,3.370492e-01
7,8,210001345,6.653390e-01,6.190205e-01
7,9,210001346,1.376072e+00,9.025850e-01
