tier,restart_idx,param_seed,final_train_cost,final_test_cost
10,0,210001640,1.253199e-01,1.812332e-01
10,1,210001641,3.426509e-02,6.343465e-02
10,2,210001642,8.604452e-01,3.480064e+00
10,3,210001643,8.059590e-02,1.052081e-01
10,4,210001644,9.810386e-02,2.021387e-01
10,5,210001645,5.593013e-02,4.868986e-02
10,6,210001646,4.282864e-01,1.380648e-01
10,7,210001647,8.105352e-02,6.351595e-02
10,8,210001648,1.168838e-01,9.267444e-02
10,9,210001649,8.753990e-01,3.999020e-01
