{
  "restart": 7,
  "seed": 65,
  "iters": 30000,
  "lr": 0.05,
  "best_iter": 27959,
  "best_cost": 0.0011489770840853453,
  "best_alphaD_mean": 0.00015079066129678,
  "n": 15
}