{
  "restart": 17,
  "seed": 75,
  "iters": 30000,
  "lr": 0.05,
  "best_iter": 29999,
  "best_cost": 0.0042637186124920845,
  "best_alphaD_mean": 0.00029480606923402346,
  "n": 6
}