{
  "restart": 20,
  "seed": 78,
  "iters": 30000,
  "lr": 0.05,
  "best_iter": 29999,
  "best_cost": 0.0017251011449843645,
  "best_alphaD_mean": 0.00019266063006872486,
  "n": 8
}