{
  "restart": 12,
  "seed": 70,
  "iters": 30000,
  "lr": 0.05,
  "best_iter": 29991,
  "best_cost": 0.0012353061465546489,
  "best_alphaD_mean": 0.0001523776986323979,
  "n": 13
}