{
  "restart": 22,
  "seed": 80,
  "iters": 30000,
  "lr": 0.05,
  "best_iter": 29487,
  "best_cost": 0.0004207949968986213,
  "best_alphaD_mean": 8.594353465861193e-05,
  "n": 16
}