{
  "restart": 10,
  "seed": 68,
  "iters": 30000,
  "lr": 0.05,
  "best_iter": 29778,
  "best_cost": 0.0014452156610786915,
  "best_alphaD_mean": 0.00016838174830579184,
  "n": 13
}