{
  "restart": 17,
  "seed": 75,
  "iters": 30000,
  "lr": 0.05,
  "best_iter": 29941,
  "best_cost": 0.0013661278644576669,
  "best_alphaD_mean": 0.00016690772059525002,
  "n": 8
}