{
  "restart": 19,
  "seed": 77,
  "iters": 30000,
  "lr": 0.05,
  "best_iter": 29988,
  "best_cost": 0.000469097460154444,
  "best_alphaD_mean": 9.49749768007727e-05,
  "n": 16
}