alpha,beta,alphaD_true,alphaD_pred,rel_abs,rel_signed
1.1000,2.7500,15.444870383584,15.447419166564941,0.00016502456269560468,0.00016502456269560468
0.2000,1.0000,19.051282316218,19.052959442138672,8.803218034537478e-05,8.803218034537478e-05
0.2000,4.5000,19.397942314212997,19.39323616027832,0.00024261098720912438,-0.00024261098720912438
2.0000,1.0000,22.752251621592002,22.75787925720215,0.00024734411801271747,0.00024734411801271747
2.0000,4.5000,14.760426956088999,14.762030601501465,0.00010864492045091485,0.00010864492045091485
0.9710,3.0000,14.719193685948,14.714619636535645,0.0003107540745741635,-0.0003107540745741635
0.9710,4.5000,12.942255714327999,12.941919326782227,2.5991415499527128e-05,-2.5991415499527128e-05
2.0000,1.7500,20.284194079789,20.287548065185547,0.00016534969954211322,0.00016534969954211322
0.8430,3.2500,14.178209154286002,14.177069664001465,8.036912646278784e-05,-8.036912646278784e-05
1.2290,2.2500,16.923315700127,16.92487907409668,9.237988567861774e-05,9.237988567861774e-05
1.4860,3.5000,14.922997611565,14.929104804992676,0.0004092470954322466,0.0004092470954322466
1.7430,3.5000,15.605776389267,15.60716438293457,8.894101984731834e-05,8.894101984731834e-05
0.3290,3.5000,14.769042413523,14.766617774963379,0.00016417032951306838,-0.00016417032951306838
1.1000,2.5000,15.998590537005999,15.997387886047363,7.517230695127084e-05,-7.517230695127084e-05
2.0000,2.2500,18.946667234825,18.947370529174805,3.711968659648598e-05,3.711968659648598e-05
0.7140,2.7500,14.828909391364999,14.830609321594238,0.00011463622741059593,0.00011463622741059593
1.2290,1.0000,21.249588450164,21.25140953063965,8.569956448417557e-05,8.569956448417557e-05
1.3570,2.7500,16.059834443779,16.056682586669922,0.00019625713578252718,-0.00019625713578252718
1.4860,3.2500,15.380686626014,15.378336906433105,0.00015277078572816733,-0.00015277078572816733
1.7430,4.2500,14.411217804997,14.407933235168457,0.00022791757594582218,-0.00022791757594582218
1.8710,3.5000,15.963055059992001,15.961787223815918,7.94231537333273e-05,-7.94231537333273e-05
0.3290,1.0000,19.294488252165003,19.29509925842285,3.16673989930782e-05,3.16673989930782e-05
