tier,restart_idx,param_seed,final_train_cost,final_test_cost
1,0,222000767,3.933262e-02,3.329152e+01
1,1,222000768,8.799870e-04,2.777267e+01
1,2,222000769,4.036172e-03,3.333625e+01
1,3,222000770,9.500673e-07,1.109859e+02
1,4,222000771,7.585689e-04,1.717424e+01
1,5,222000772,1.175926e-01,2.006755e+01
1,6,222000773,3.454989e-05,1.440134e+01
1,7,222000774,3.015883e-05,5.772849e+01
1,8,222000775,1.325521e-04,3.027069e+01
1,9,222000776,2.893023e-04,2.070024e+01
