tier,restart_idx,param_seed,final_train_cost,final_test_cost
8,0,222001474,4.056139e-02,1.437371e-01
8,1,222001475,4.096418e-02,1.353752e-01
8,2,222001476,2.015462e-01,4.938443e-01
8,3,222001477,1.344541e-01,4.314332e-01
8,4,222001478,1.117919e-01,7.200047e-01
8,5,222001479,9.958336e-02,3.149827e-01
8,6,222001480,1.717441e-01,3.183972e-01
8,7,222001481,4.943703e-02,1.642694e-01
8,8,222001482,4.676983e-02,4.131484e-01
8,9,222001483,8.095217e-01,6.432983e-01
