tier,restart_idx,param_seed,final_train_cost,final_test_cost
5,0,222001171,1.956386e-02,1.025891e-01
5,1,222001172,4.477891e-02,2.782016e-01
5,2,222001173,1.158303e-01,1.015666e+00
5,3,222001174,7.515553e-02,3.361421e-01
5,4,222001175,1.281765e-01,1.211715e+00
5,5,222001176,1.870237e-02,2.012760e-01
5,6,222001177,1.859676e-01,6.278160e-01
5,7,222001178,3.606952e-02,2.089764e-01
5,8,222001179,2.252890e-02,1.583914e-01
5,9,222001180,6.841489e-02,4.323023e-01
