{
  "restart": 26,
  "seed": 84,
  "iters": 30000,
  "lr": 0.05,
  "best_iter": 29935,
  "best_cost": 0.0027327018324285746,
  "best_alphaD_mean": 0.00023215151410522467,
  "n": 7
}