{
  "restart": 25,
  "seed": 83,
  "iters": 30000,
  "lr": 0.05,
  "best_iter": 29950,
  "best_cost": 0.004783518612384796,
  "best_alphaD_mean": 0.00032345840054357134,
  "n": 5
}