{
  "restart": 10,
  "seed": 68,
  "iters": 30000,
  "lr": 0.05,
  "best_iter": 27932,
  "best_cost": 0.00040678330697119236,
  "best_alphaD_mean": 8.597130899174499e-05,
  "n": 14
}