{
  "restart": 26,
  "seed": 84,
  "iters": 30000,
  "lr": 0.05,
  "best_iter": 29511,
  "best_cost": 0.001520677120424807,
  "best_alphaD_mean": 0.00017632248146915843,
  "n": 11
}