{
  "restart": 15,
  "seed": 73,
  "iters": 30000,
  "lr": 0.05,
  "best_iter": 29686,
  "best_cost": 0.0008654347038827837,
  "best_alphaD_mean": 0.00012867753787362162,
  "n": 10
}