{
  "restart": 16,
  "seed": 74,
  "iters": 30000,
  "lr": 0.05,
  "best_iter": 29838,
  "best_cost": 0.0009169158875010908,
  "best_alphaD_mean": 0.00013567617522316112,
  "n": 10
}