tier,restart_idx,param_seed,final_train_cost,final_test_cost
9,0,179001446,8.683298e-02,1.885700e-01
9,1,179001447,8.938147e-02,3.902495e-01
9,2,179001448,1.266364e-01,1.408653e-01
9,3,179001449,1.116800e-01,2.673005e-01
9,4,179001450,2.384749e-02,7.485834e-02
9,5,179001451,3.257322e-02,7.955928e-02
9,6,179001452,4.322807e-01,1.907752e-01
9,7,179001453,7.071333e-02,4.220296e-02
9,8,179001454,1.290447e-01,2.303605e-01
9,9,179001455,7.059494e-02,3.462150e-02
