tier,restart_idx,param_seed,final_train_cost,final_test_cost
10,0,179001547,1.219970e-01,8.093774e-02
10,1,179001548,1.138329e-01,8.628360e-02
10,2,179001549,1.775146e-01,2.192013e-01
10,3,179001550,2.062409e-01,1.859586e-01
10,4,179001551,6.146731e-02,5.547693e-02
10,5,179001552,1.649963e-02,7.565553e-03
10,6,179001553,9.078766e-02,6.198618e-02
10,7,179001554,6.976209e-02,1.800361e-01
10,8,179001555,4.005007e-02,2.766696e-02
10,9,179001556,1.150496e-01,2.285853e-01
