tier,restart_idx,param_seed,final_train_cost,final_test_cost
3,0,179000840,1.009479e-02,1.793153e+00
3,1,179000841,3.991783e-02,1.055925e+00
3,2,179000842,6.965902e-02,1.673887e+00
3,3,179000843,6.694174e-03,5.669693e+00
3,4,179000844,9.978646e-03,7.752801e-01
3,5,179000845,2.323693e-02,2.379528e+00
3,6,179000846,6.827642e-02,2.004428e+00
3,7,179000847,5.483377e-03,1.951801e+00
3,8,179000848,4.696483e-02,5.171229e+00
3,9,179000849,3.791782e-02,2.935997e+00
