tier,restart_idx,param_seed,final_train_cost,final_test_cost
8,0,179001345,4.379242e-02,2.339832e-01
8,1,179001346,8.341043e-02,2.373758e-01
8,2,179001347,5.453151e-02,3.709829e+00
8,3,179001348,9.193799e-01,6.231665e-01
8,4,179001349,4.593952e-02,2.749331e-01
8,5,179001350,1.679780e+00,1.063391e+00
8,6,179001351,1.833810e-01,4.420485e-01
8,7,179001352,3.548148e-02,1.088932e-01
8,8,179001353,1.740173e-01,3.388041e-01
8,9,179001354,3.886201e-02,6.222787e-01
