{
  "restart": 29,
  "seed": 87,
  "iters": 30000,
  "lr": 0.05,
  "best_iter": 29806,
  "best_cost": 0.0007031162967905402,
  "best_alphaD_mean": 0.00011897583466629756,
  "n": 10
}