tier,restart_idx,param_seed,final_train_cost,final_test_cost
1,0,150000551,7.849672e-04,2.042212e+01
1,1,150000552,8.159671e-05,2.095135e+01
1,2,150000553,1.263134e-05,4.322228e+01
1,3,150000554,6.219740e-05,4.102813e+01
1,4,150000555,7.241358e-06,3.030855e+01
1,5,150000556,1.277494e-03,6.343814e+01
1,6,150000557,2.031376e-05,2.156109e+01
1,7,150000558,1.658328e-04,1.129348e+01
1,8,150000559,1.326653e-02,2.005721e+01
1,9,150000560,9.291256e-04,1.412048e+01
