tier,restart_idx,param_seed,final_train_cost,final_test_cost
10,0,150001460,9.823050e-02,5.370592e-02
10,1,150001461,5.228702e-02,5.865762e-02
10,2,150001462,1.634231e-01,3.590768e-01
10,3,150001463,3.661629e-02,7.293295e-02
10,4,150001464,5.997741e-01,2.978854e-01
10,5,150001465,1.192006e-01,2.041982e-01
10,6,150001466,7.841243e-01,5.869207e-01
10,7,150001467,2.989160e-01,2.252613e-01
10,8,150001468,1.077554e-01,1.558414e-01
10,9,150001469,9.815308e-02,7.404323e-02
