tier,restart_idx,param_seed,final_train_cost,final_test_cost
2,0,150000652,1.810452e-02,9.768451e+00
2,1,150000653,6.409616e-03,1.208989e+01
2,2,150000654,1.002635e-03,1.711689e+01
2,3,150000655,2.627082e-03,1.229412e+01
2,4,150000656,4.324936e-03,1.344160e+01
2,5,150000657,5.632689e-03,3.857611e+00
2,6,150000658,5.175539e-03,5.273702e+00
2,7,150000659,5.329807e-03,1.252167e+01
2,8,150000660,3.192084e-02,8.986885e+00
2,9,150000661,2.104724e-02,8.348114e+00
