tier,restart_idx,param_seed,final_train_cost,final_test_cost
4,0,150000854,6.926387e-03,9.970408e-01
4,1,150000855,2.088349e-02,1.020509e+00
4,2,150000856,1.066718e-01,1.334339e+00
4,3,150000857,6.474981e-02,1.473560e+00
4,4,150000858,2.757408e-02,4.151854e+00
4,5,150000859,1.448834e-02,4.542227e-01
4,6,150000860,1.883022e-02,1.001159e+00
4,7,150000861,7.136399e-02,2.364209e+00
4,8,150000862,1.174909e-01,4.242710e-01
4,9,150000863,7.837040e-02,2.391455e+00
