tier,restart_idx,param_seed,final_train_cost,final_test_cost
6,0,150001056,7.044850e-02,6.944103e-01
6,1,150001057,2.095548e-01,5.465925e-01
6,2,150001058,2.788138e-02,2.964282e-01
6,3,150001059,7.252080e-02,2.878700e-01
6,4,150001060,2.614044e-02,7.650721e-02
6,5,150001061,9.067447e-02,4.029020e-01
6,6,150001062,1.025701e-01,2.341729e-01
6,7,150001063,3.887079e-02,8.331057e-02
6,8,150001064,2.012991e-02,2.739120e-01
6,9,150001065,1.948806e-02,2.734945e-01
