{
  "restart": 5,
  "seed": 63,
  "iters": 30000,
  "lr": 0.05,
  "best_iter": 29876,
  "best_cost": 0.0014588413760066032,
  "best_alphaD_mean": 0.0001657242788048713,
  "n": 13
}