tier,restart_idx,param_seed,final_train_cost,final_test_cost
7,0,189001274,9.340453e-02,5.102350e-01
7,1,189001275,6.443308e-02,3.576596e-01
7,2,189001276,7.565811e-02,5.124714e-01
7,3,189001277,1.228999e-01,3.941506e-01
7,4,189001278,2.432842e-01,1.590700e+00
7,5,189001279,4.068155e-02,1.165215e-01
7,6,189001280,7.746997e-02,3.855790e-01
7,7,189001281,1.056023e-02,1.203780e-01
7,8,189001282,3.157616e-02,2.123697e-01
7,9,189001283,1.482274e-01,4.941908e-01
