tier,restart_idx,param_seed,final_train_cost,final_test_cost
1,0,189000668,3.929465e-02,5.283461e+01
1,1,189000669,6.072075e-05,2.746618e+01
1,2,189000670,3.605227e-03,9.363258e+01
1,3,189000671,5.229406e-06,2.044817e+01
1,4,189000672,1.163193e-04,7.226998e+01
1,5,189000673,3.504943e-04,2.311841e+01
1,6,189000674,3.390668e-03,1.485940e+01
1,7,189000675,9.803490e-04,7.364767e+01
1,8,189000676,7.028364e-04,4.619561e+01
1,9,189000677,4.214688e-06,1.657170e+01
