{
  "restart": 27,
  "seed": 85,
  "iters": 30000,
  "lr": 0.05,
  "best_iter": 29901,
  "best_cost": 0.002483440563082695,
  "best_alphaD_mean": 0.00021744170092468946,
  "n": 11
}