tier,restart_idx,param_seed,final_train_cost,final_test_cost
6,0,124000978,1.699219e-01,3.899712e-01
6,1,124000979,7.986575e-02,3.018463e-01
6,2,124000980,1.349307e-02,2.881320e-01
6,3,124000981,5.193390e-02,1.296773e-01
6,4,124000982,1.675311e-01,5.453519e-01
6,5,124000983,9.110109e-01,2.013718e+00
6,6,124000984,6.037824e-03,3.697397e-02
6,7,124000985,1.411835e-01,4.317439e-01
6,8,124000986,1.010296e-01,3.555733e-01
6,9,124000987,5.119310e-02,2.297056e-01
