tier,restart_idx,param_seed,final_train_cost,final_test_cost
3,0,124000675,1.200321e-02,1.482670e+00
3,1,124000676,1.760983e-02,2.019476e+00
3,2,124000677,5.009166e-02,1.692415e+00
3,3,124000678,5.708740e-02,1.255761e+00
3,4,124000679,5.905520e-03,7.778909e-01
3,5,124000680,7.443997e-02,4.185088e+00
3,6,124000681,9.413589e-03,1.388415e+00
3,7,124000682,1.515550e-02,9.995734e-01
3,8,124000683,8.398405e-02,2.295596e+00
3,9,124000684,6.308971e-02,1.097252e+00
