tier,restart_idx,param_seed,final_train_cost,final_test_cost
10,0,124001382,3.129838e-02,5.196594e-02
10,1,124001383,1.286832e-01,3.619191e-01
10,2,124001384,4.113318e-02,1.073911e-01
10,3,124001385,1.131415e+00,3.194351e-01
10,4,124001386,1.593235e-01,2.038987e-01
10,5,124001387,4.902097e-02,1.437907e-01
10,6,124001388,4.438146e-02,3.494580e-02
10,7,124001389,4.184197e-02,6.738037e-02
10,8,124001390,2.274814e-02,4.718602e-02
10,9,124001391,6.087956e-02,9.408440e-02
