tier,restart_idx,param_seed,final_train_cost,final_test_cost
2,0,195000787,4.700314e-03,8.389933e+00
2,1,195000788,2.638289e-03,1.594649e+01
2,2,195000789,9.053546e-03,8.745741e+00
2,3,195000790,1.047268e-02,5.000802e+00
2,4,195000791,3.420229e-03,1.901038e+01
2,5,195000792,2.063424e-03,5.905656e+00
2,6,195000793,1.819078e-02,1.111593e+01
2,7,195000794,2.807015e-02,1.984608e+01
2,8,195000795,4.485498e-03,1.031680e+01
2,9,195000796,1.664417e-02,2.646981e+01
