tier,restart_idx,param_seed,final_train_cost,final_test_cost
9,0,195001494,6.350281e-01,4.530062e-01
9,1,195001495,3.258418e-02,2.387775e-02
9,2,195001496,1.946829e-02,5.771402e-02
9,3,195001497,4.034792e-02,1.982812e-01
9,4,195001498,8.616602e-02,1.096823e-01
9,5,195001499,3.158518e-02,1.232081e-01
9,6,195001500,5.546909e-02,4.020617e-01
9,7,195001501,6.688803e-02,6.415025e-02
9,8,195001502,3.870319e-02,9.883869e-02
9,9,195001503,3.262331e-01,1.672963e-01
