tier,restart_idx,param_seed,final_train_cost,final_test_cost
1,0,195000686,1.104204e-02,3.060245e+01
1,1,195000687,8.838318e-05,3.916833e+01
1,2,195000688,9.160225e-04,1.533323e+01
1,3,195000689,9.755734e-05,6.119342e+01
1,4,195000690,3.580572e-04,4.313771e+01
1,5,195000691,3.016767e-03,4.715505e+01
1,6,195000692,2.330598e-04,4.713778e+01
1,7,195000693,1.281722e-03,2.542481e+01
1,8,195000694,1.588828e-06,1.485956e+01
1,9,195000695,2.112074e-05,2.927165e+01
