{
  "restart": 10,
  "seed": 68,
  "iters": 30000,
  "lr": 0.05,
  "best_iter": 29555,
  "best_cost": 0.0025093129370361567,
  "best_alphaD_mean": 0.00021710110389819412,
  "n": 11
}