{
  "restart": 26,
  "seed": 84,
  "iters": 30000,
  "lr": 0.05,
  "best_iter": 29951,
  "best_cost": 0.0028206738643348217,
  "best_alphaD_mean": 0.00023988990242356236,
  "n": 6
}