{
  "restart": 17,
  "seed": 75,
  "iters": 30000,
  "lr": 0.05,
  "best_iter": 29799,
  "best_cost": 0.0018341870745643973,
  "best_alphaD_mean": 0.00019262589370854104,
  "n": 9
}