{
  "restart": 24,
  "seed": 82,
  "iters": 30000,
  "lr": 0.05,
  "best_iter": 29874,
  "best_cost": 0.0005597316194325686,
  "best_alphaD_mean": 0.00010149899940858028,
  "n": 15
}