tier,restart_idx,param_seed,final_train_cost,final_test_cost
9,0,173001428,7.824648e-02,9.125090e-02
9,1,173001429,9.926293e-02,1.633320e-01
9,2,173001430,3.044433e-02,5.772536e-02
9,3,173001431,3.143180e-02,8.401291e-02
9,4,173001432,1.774010e-01,1.009062e-01
9,5,173001433,2.361257e-02,8.054639e-02
9,6,173001434,1.238509e-01,1.652944e-01
9,7,173001435,1.362944e-01,1.745474e-01
9,8,173001436,9.142537e-02,3.348250e-01
9,9,173001437,7.334062e-02,1.530450e-01
