tier,restart_idx,param_seed,final_train_cost,final_test_cost
4,0,173000923,2.077557e-02,4.435258e+00
4,1,173000924,1.067609e-01,9.891678e-01
4,2,173000925,1.437359e-02,4.402407e-01
4,3,173000926,2.206283e-02,4.710611e-01
4,4,173000927,5.226875e-02,9.790654e-01
4,5,173000928,7.724807e-02,8.457331e-01
4,6,173000929,3.330431e-02,1.646433e+00
4,7,173000930,3.781471e-02,1.773827e+00
4,8,173000931,1.817247e-02,5.866111e-01
4,9,173000932,2.997475e-02,6.589043e-01
