tier,restart_idx,param_seed,final_train_cost,final_test_cost
6,0,166001104,1.182707e-01,3.527363e-01
6,1,166001105,9.393104e-02,2.175139e-01
6,2,166001106,1.323738e-01,2.071904e-01
6,3,166001107,2.474425e-02,2.652939e-01
6,4,166001108,5.220548e-02,3.105706e-01
6,5,166001109,2.539537e-02,8.124830e-01
6,6,166001110,1.634164e-01,3.842206e-01
6,7,166001111,8.773920e-02,3.345595e-01
6,8,166001112,1.678313e-01,1.675531e-01
6,9,166001113,5.074698e-02,5.797357e-01
