tier,restart_idx,param_seed,final_train_cost,final_test_cost
1,0,166000599,5.294729e-05,1.892855e+01
1,1,166000600,2.120934e-03,2.067885e+01
1,2,166000601,2.587072e-04,3.537280e+01
1,3,166000602,5.551091e-04,1.816846e+01
1,4,166000603,1.269836e-05,2.892497e+01
1,5,166000604,9.463152e-05,4.575514e+01
1,6,166000605,6.251032e-06,5.548171e+01
1,7,166000606,6.996812e-02,2.805678e+01
1,8,166000607,7.527949e-04,1.561214e+01
1,9,166000608,4.243510e-04,3.191550e+01
