tier,restart_idx,param_seed,final_train_cost,final_test_cost
3,0,166000801,3.331337e-02,2.502823e+00
3,1,166000802,1.013908e-01,1.537453e+00
3,2,166000803,1.499267e-02,2.306831e+00
3,3,166000804,1.571850e-02,1.398312e+01
3,4,166000805,1.237871e-02,2.719451e+00
3,5,166000806,4.357881e-02,4.774076e+00
3,6,166000807,1.278628e-02,3.876112e+00
3,7,166000808,1.285263e-02,1.142599e+00
3,8,166000809,3.061292e-03,1.678809e+00
3,9,166000810,5.300813e-03,1.364136e+00
