{
  "restart": 12,
  "seed": 70,
  "iters": 30000,
  "lr": 0.05,
  "best_iter": 29786,
  "best_cost": 0.004592850338667631,
  "best_alphaD_mean": 0.0003061698205961023,
  "n": 5
}