{
  "restart": 21,
  "seed": 79,
  "iters": 30000,
  "lr": 0.05,
  "best_iter": 29857,
  "best_cost": 0.0019500227645039558,
  "best_alphaD_mean": 0.00020292116457560803,
  "n": 9
}