tier,restart_idx,param_seed,final_train_cost,final_test_cost
9,0,178001443,7.081405e-02,1.156798e-01
9,1,178001444,5.929311e-02,8.373094e-02
9,2,178001445,1.773598e-01,2.245353e-01
9,3,178001446,5.457978e-02,5.699970e-02
9,4,178001447,3.892732e-01,1.791262e-01
9,5,178001448,1.779991e-01,2.378336e-01
9,6,178001449,1.098754e-01,1.381245e-01
9,7,178001450,3.372534e-02,8.148429e-02
9,8,178001451,6.984707e-02,1.809464e-01
9,9,178001452,3.086704e-01,1.773264e-01
