tier,restart_idx,param_seed,final_train_cost,final_test_cost
8,0,178001342,7.117914e-01,7.696150e-01
8,1,178001343,3.485710e-02,1.189069e-01
8,2,178001344,2.051202e-02,3.744929e-01
8,3,178001345,4.526297e-02,1.916561e-01
8,4,178001346,2.466872e-01,4.140655e-01
8,5,178001347,7.040282e-02,3.100291e-01
8,6,178001348,2.355376e-01,2.339733e-01
8,7,178001349,2.169101e-01,3.925546e-01
8,8,178001350,1.007833e-01,4.494193e-01
8,9,178001351,4.733470e-02,2.425460e-01
