tier,restart_idx,param_seed,final_train_cost,final_test_cost
4,0,178000938,4.969995e-02,4.226172e+00
4,1,178000939,1.524857e-02,2.730768e-01
4,2,178000940,4.101727e-02,4.085693e+00
4,3,178000941,6.208176e-02,9.451658e-01
4,4,178000942,3.637630e-02,8.337714e-01
4,5,178000943,1.183909e-02,6.450881e-01
4,6,178000944,2.657290e-02,1.001660e+01
4,7,178000945,1.637401e-02,9.896633e-01
4,8,178000946,3.024933e-02,7.777422e-01
4,9,178000947,5.047278e-02,1.931093e+00
