tier,restart_idx,param_seed,final_train_cost,final_test_cost
6,0,178001140,4.990484e-02,1.576517e+00
6,1,178001141,6.287379e-02,2.329141e+00
6,2,178001142,5.187999e-02,2.277867e-01
6,3,178001143,1.254160e-01,3.725942e-01
6,4,178001144,3.439800e-02,3.325703e-01
6,5,178001145,1.705333e-01,5.930668e-01
6,6,178001146,1.989429e-01,6.250166e-01
6,7,178001147,5.382917e-02,1.730302e-01
6,8,178001148,2.832761e-02,2.875522e-01
6,9,178001149,1.140642e-02,2.185215e-01
