tier,restart_idx,param_seed,final_train_cost,final_test_cost
7,0,178001241,9.763889e-03,7.967765e-02
7,1,178001242,2.196604e-02,1.776415e-01
7,2,178001243,9.668299e-03,3.657865e-02
7,3,178001244,4.591416e-02,1.235376e-01
7,4,178001245,2.728868e-01,5.099244e-01
7,5,178001246,3.074778e-02,9.297725e-02
7,6,178001247,8.177815e-02,3.913510e-01
7,7,178001248,9.077162e-02,2.863916e-01
7,8,178001249,1.305315e-01,4.546440e-01
7,9,178001250,2.623458e-02,4.702476e-02
