alpha,beta,alphaD_true,alphaD_pred,rel_abs,rel_signed
1.1000,2.7500,15.444870383584,15.444878578186035,5.305711107728164e-07,5.305711107728164e-07
0.2000,1.0000,19.051282316218,19.051258087158203,1.2717810483592933e-06,-1.2717810483592933e-06
0.2000,4.5000,19.397942314212997,19.398101806640625,8.222131246916533e-06,8.222131246916533e-06
2.0000,1.0000,22.752251621592002,22.752260208129883,3.7739288504387033e-07,3.7739288504387033e-07
2.0000,4.5000,14.760426956088999,14.760287284851074,9.462547278624683e-06,-9.462547278624683e-06
0.9710,1.2500,19.56884610005,19.568771362304688,3.819220864097978e-06,-3.819220864097978e-06
0.8430,3.5000,13.855777414907,13.85578441619873,5.052976474437129e-07,5.052976474437129e-07
1.4860,3.5000,14.922997611565,14.923006057739258,5.659837572596004e-07,5.659837572596004e-07
1.7430,4.0000,14.782857439192,14.782758712768555,6.678439797679418e-06,-6.678439797679418e-06
2.0000,1.5000,21.036067872794,21.036046981811523,9.93103017289226e-07,-9.93103017289226e-07
0.5860,2.5000,15.149038308404002,15.149051666259766,8.817626235929485e-07,8.817626235929485e-07
1.6140,1.0000,22.04014677513,22.04006576538086,3.6755539773955244e-06,-3.6755539773955244e-06
1.6140,3.2500,15.714130427978,15.714129447937012,6.236686104261014e-08,-6.236686104261014e-08
0.4570,1.7500,16.70640146289,16.706369400024414,1.9191964024615077e-06,-1.9191964024615077e-06
1.6140,2.2500,17.926159928087998,17.926149368286133,5.890721664477868e-07,-5.890721664477868e-07
0.5860,3.5000,13.978350677684002,13.978433609008789,5.932840483060331e-06,5.932840483060331e-06
1.4860,2.7500,16.391947827372,16.391942977905273,2.958444461831848e-07,-2.958444461831848e-07
1.2290,1.0000,21.249588450164,21.249618530273438,1.4155619769632134e-06,1.4155619769632134e-06
0.4570,4.2500,14.658019179680998,14.658105850219727,5.9128411326044445e-06,5.9128411326044445e-06
2.0000,2.0000,19.589831449887,19.589824676513672,3.4575965322672574e-07,-3.4575965322672574e-07
0.8430,3.0000,14.550333960214001,14.550333023071289,6.440695549936756e-08,-6.440695549936756e-08
1.6140,4.2500,14.084101407887001,14.084120750427246,1.3733599102187381e-06,1.3733599102187381e-06
