tier,restart_idx,param_seed,final_train_cost,final_test_cost
1,0,221000764,1.699044e-04,2.279591e+01
1,1,221000765,1.056976e-04,4.474622e+01
1,2,221000766,1.839104e-03,7.858224e+01
1,3,221000767,2.002239e-02,4.454139e+01
1,4,221000768,3.975074e-04,3.057757e+01
1,5,221000769,2.886466e-03,2.996666e+01
1,6,221000770,3.912718e-05,3.358404e+01
1,7,221000771,1.942676e-05,8.030984e+01
1,8,221000772,3.053522e-05,5.071976e+01
1,9,221000773,1.751959e-03,2.481182e+01
