tier,restart_idx,param_seed,final_train_cost,final_test_cost
10,0,221001673,1.079117e-01,2.867374e-02
10,1,221001674,9.155368e-02,1.308572e-01
10,2,221001675,1.879330e-01,2.565480e-01
10,3,221001676,9.148629e-02,1.975174e-01
10,4,221001677,2.347271e-01,3.031380e-02
10,5,221001678,5.454602e-01,4.722098e-01
10,6,221001679,2.471170e-02,5.840651e-02
10,7,221001680,5.237085e-01,4.680887e-01
10,8,221001681,1.172663e-01,7.284501e-02
10,9,221001682,2.560785e-01,1.779234e-01
