tier,restart_idx,param_seed,final_train_cost,final_test_cost
2,0,221000865,1.737198e-02,1.301902e+00
2,1,221000866,1.444308e-02,1.425231e+01
2,2,221000867,2.677308e-03,1.330720e+01
2,3,221000868,3.469060e-03,5.391848e+00
2,4,221000869,1.101444e-02,8.880114e+00
2,5,221000870,1.732688e-02,1.087363e+01
2,6,221000871,7.662742e-03,7.821563e+00
2,7,221000872,6.422099e-03,4.151679e+00
2,8,221000873,8.097338e-03,3.416601e+00
2,9,221000874,1.852033e-03,3.936558e+00
