alpha,beta,alphaD_true,alphaD_pred,rel_abs,rel_signed
1.1000,2.7500,15.444870383584,15.447887420654297,0.0001953423366701364,0.0001953423366701364
0.2000,1.0000,19.051282316218,19.052879333496094,8.382728530217205e-05,8.382728530217205e-05
0.2000,4.5000,19.397942314212997,19.396982192993164,4.949603438761738e-05,-4.949603438761738e-05
2.0000,1.0000,22.752251621592002,22.75623893737793,0.0001752492831146186,0.0001752492831146186
2.0000,4.5000,14.760426956088999,14.761262893676758,5.663369970568546e-05,5.663369970568546e-05
0.9710,3.0000,14.719193685948,14.714232444763184,0.00033705930437968965,-0.00033705930437968965
0.9710,4.5000,12.942255714327999,12.942508697509766,1.9547070259685742e-05,1.9547070259685742e-05
2.0000,1.7500,20.284194079789,20.2869815826416,0.00013742241085038635,0.00013742241085038635
0.8430,3.2500,14.178209154286002,14.178201675415039,5.274905230374722e-07,-5.274905230374722e-07
1.2290,2.2500,16.923315700127,16.921804428100586,8.930117792468638e-05,-8.930117792468638e-05
1.4860,3.5000,14.922997611565,14.922831535339355,1.1128878390750193e-05,-1.1128878390750193e-05
1.7430,3.5000,15.605776389267,15.607765197753906,0.0001274405346647365,0.0001274405346647365
0.3290,3.5000,14.769042413523,14.768171310424805,5.8981691148592544e-05,-5.8981691148592544e-05
1.1000,2.5000,15.998590537005999,15.9945650100708,0.0002516175988057495,-0.0002516175988057495
2.0000,2.2500,18.946667234825,18.944908142089844,9.284444136554457e-05,-9.284444136554457e-05
0.7140,2.7500,14.828909391364999,14.83077335357666,0.00012569786236248128,0.00012569786236248128
1.2290,1.0000,21.249588450164,21.250232696533203,3.0318063369212818e-05,3.0318063369212818e-05
1.3570,2.7500,16.059834443779,16.06350326538086,0.0002284470375272519,0.0002284470375272519
1.4860,3.2500,15.380686626014,15.37802505493164,0.0001730463110702789,-0.0001730463110702789
1.7430,4.2500,14.411217804997,14.410953521728516,1.8338718632936466e-05,-1.8338718632936466e-05
1.8710,3.5000,15.963055059992001,15.962867736816406,1.173479480532426e-05,-1.173479480532426e-05
0.3290,1.0000,19.294488252165003,19.29594612121582,7.55588348218404e-05,7.55588348218404e-05
