{
  "restart": 13,
  "seed": 71,
  "iters": 30000,
  "lr": 0.05,
  "best_iter": 29959,
  "best_cost": 0.002804492600262165,
  "best_alphaD_mean": 0.00023390962951354283,
  "n": 13
}