tier,restart_idx,param_seed,final_train_cost,final_test_cost
2,0,186000760,1.464255e-02,9.553295e+00
2,1,186000761,1.618565e-01,7.655070e+00
2,2,186000762,1.090523e-02,5.482523e+00
2,3,186000763,8.433867e-03,1.288076e+01
2,4,186000764,6.873007e-03,2.146070e+01
2,5,186000765,1.157922e-02,1.296469e+01
2,6,186000766,1.375761e-02,8.850471e+00
2,7,186000767,3.127738e-03,8.752406e+00
2,8,186000768,1.114443e-02,6.763498e+00
2,9,186000769,4.466703e-03,7.472293e+00
