tier,restart_idx,param_seed,final_train_cost,final_test_cost
4,0,186000962,1.806338e-02,5.659657e-01
4,1,186000963,1.309231e-02,1.023733e+00
4,2,186000964,2.054435e-02,6.495999e-01
4,3,186000965,1.815297e-02,3.591880e+00
4,4,186000966,6.398822e-02,1.035969e+00
4,5,186000967,2.430343e-02,1.184427e+00
4,6,186000968,1.168453e-01,1.658014e+00
4,7,186000969,4.046466e-02,1.737491e+00
4,8,186000970,1.391427e-02,3.655751e-01
4,9,186000971,3.274460e-02,1.156149e+00
