tier,restart_idx,param_seed,final_train_cost,final_test_cost
1,0,186000659,5.021667e-05,1.928917e+01
1,1,186000660,8.803084e-06,2.414789e+01
1,2,186000661,1.974894e-03,1.871374e+01
1,3,186000662,5.004095e-03,2.984591e+01
1,4,186000663,3.989235e-04,5.490245e+01
1,5,186000664,2.923865e-04,1.524188e+01
1,6,186000665,2.163894e-02,2.797873e+01
1,7,186000666,2.046701e-03,4.902279e+01
1,8,186000667,9.675995e-04,1.010982e+01
1,9,186000668,3.296608e-02,2.821146e+01
