tier,restart_idx,param_seed,final_train_cost,final_test_cost
3,0,186000861,2.848599e-02,1.086064e+00
3,1,186000862,4.824171e-02,5.751386e+00
3,2,186000863,7.908281e-03,7.511798e+00
3,3,186000864,4.069127e-03,5.173354e-01
3,4,186000865,8.209389e-03,6.218476e+00
3,5,186000866,1.544213e-02,5.979211e-01
3,6,186000867,3.539914e-02,2.369901e+00
3,7,186000868,1.252867e-02,2.314991e+00
3,8,186000869,3.569511e-03,1.779850e+00
3,9,186000870,3.437931e-02,6.788016e+00
