{
  "restart": 20,
  "seed": 78,
  "iters": 30000,
  "lr": 0.05,
  "best_iter": 29343,
  "best_cost": 0.0006024194299243391,
  "best_alphaD_mean": 9.876845831858728e-05,
  "n": 15
}