tier,restart_idx,param_seed,final_train_cost,final_test_cost
2,0,208000826,8.530281e-02,2.739842e+00
2,1,208000827,1.863513e-02,4.868100e+00
2,2,208000828,1.078960e-02,6.897009e+00
2,3,208000829,1.133162e-02,1.372268e+01
2,4,208000830,2.596673e-02,5.800055e+01
2,5,208000831,8.106275e-03,9.305088e+00
2,6,208000832,3.703094e-03,7.002983e+00
2,7,208000833,1.282232e-02,2.887774e+01
2,8,208000834,3.435750e-02,1.252914e+01
2,9,208000835,1.258986e-02,1.467945e+01
