tier,restart_idx,param_seed,final_train_cost,final_test_cost
3,0,208000927,1.059346e-02,1.372291e+00
3,1,208000928,2.068759e-02,2.930313e+00
3,2,208000929,3.223173e-02,1.753351e+00
3,3,208000930,3.402167e-02,1.097258e+00
3,4,208000931,1.604880e-02,8.509997e-01
3,5,208000932,7.049797e-02,3.117411e+00
3,6,208000933,1.088061e-02,1.048871e+00
3,7,208000934,1.068308e-01,3.398004e+00
3,8,208000935,8.237750e-03,1.617849e+01
3,9,208000936,4.036659e-02,2.081027e+00
