tier,restart_idx,param_seed,final_train_cost,final_test_cost
8,0,208001432,1.149413e-01,2.798807e-01
8,1,208001433,1.002092e-01,4.530282e-01
8,2,208001434,2.030935e-02,1.409145e-01
8,3,208001435,2.551022e-02,2.043238e-01
8,4,208001436,1.365577e-01,6.734175e-01
8,5,208001437,2.199062e-01,4.877485e-01
8,6,208001438,1.774780e-02,1.705993e-01
8,7,208001439,4.648019e-01,4.046554e-01
8,8,208001440,4.775188e-02,2.068648e-01
8,9,208001441,3.615537e-02,1.312541e-01
