{
  "restart": 10,
  "seed": 68,
  "iters": 30000,
  "lr": 0.05,
  "best_iter": 29906,
  "best_cost": 0.0005192911485210061,
  "best_alphaD_mean": 9.837684320249705e-05,
  "n": 12
}