tier,restart_idx,param_seed,final_train_cost,final_test_cost
5,0,162000991,2.237690e-02,4.646681e-01
5,1,162000992,9.215556e-01,1.996623e+00
5,2,162000993,1.321044e-01,5.173768e-01
5,3,162000994,1.020806e-01,4.435239e-01
5,4,162000995,6.831817e-02,2.739274e-01
5,5,162000996,1.305575e-02,1.204986e-01
5,6,162000997,2.579148e-02,3.393405e-01
5,7,162000998,4.293087e-02,2.676061e-01
5,8,162000999,5.495961e-03,1.484446e-01
5,9,162001000,6.282476e-02,5.418815e+00
