alpha,beta,alphaD_true,alphaD_pred,rel_abs,rel_signed
1.1000,2.7500,15.444870383584,15.446681022644043,0.0001172323894648765,0.0001172323894648765
0.2000,1.0000,19.051282316218,19.051162719726562,6.27760848074349e-06,-6.27760848074349e-06
0.2000,4.5000,19.397942314212997,19.39805793762207,5.960601758680963e-06,5.960601758680963e-06
2.0000,1.0000,22.752251621592002,22.755949020385742,0.00016250694020239647,0.00016250694020239647
2.0000,4.5000,14.760426956088999,14.761348724365234,6.244861879521422e-05,6.244861879521422e-05
0.9710,3.0000,14.719193685948,14.712686538696289,0.0004420858499825415,-0.0004420858499825415
0.9710,4.5000,12.942255714327999,12.942596435546875,2.6326262314455295e-05,2.6326262314455295e-05
2.0000,1.7500,20.284194079789,20.28413963317871,2.684188983529655e-06,-2.684188983529655e-06
0.8430,3.2500,14.178209154286002,14.179617881774902,9.935863363073616e-05,9.935863363073616e-05
1.2290,2.2500,16.923315700127,16.92216682434082,6.788715678037634e-05,-6.788715678037634e-05
1.4860,3.5000,14.922997611565,14.925841331481934,0.00019055956389951704,0.00019055956389951704
1.7430,3.5000,15.605776389267,15.606382369995117,3.8830540243694736e-05,3.8830540243694736e-05
0.3290,3.5000,14.769042413523,14.768694877624512,2.3531376561669754e-05,-2.3531376561669754e-05
1.1000,2.5000,15.998590537005999,16.000497817993164,0.00011921556356813957,0.00011921556356813957
2.0000,2.2500,18.946667234825,18.947734832763672,5.634753201921862e-05,5.634753201921862e-05
0.7140,2.7500,14.828909391364999,14.829347610473633,2.9551674844640624e-05,2.9551674844640624e-05
1.2290,1.0000,21.249588450164,21.249223709106445,1.716461748948296e-05,-1.716461748948296e-05
1.3570,2.7500,16.059834443779,16.059555053710938,1.739682118394572e-05,-1.739682118394572e-05
1.4860,3.2500,15.380686626014,15.378043174743652,0.00017186822244183818,-0.00017186822244183818
1.7430,4.2500,14.411217804997,14.410884857177734,2.310337847711953e-05,-2.310337847711953e-05
1.8710,3.5000,15.963055059992001,15.96218204498291,5.46897198443659e-05,-5.46897198443659e-05
0.3290,1.0000,19.294488252165003,19.295804977416992,6.824359551704669e-05,6.824359551704669e-05
