alpha,beta,alphaD_true,alphaD_pred,rel_abs,rel_signed
1.1000,2.7500,15.444870383584,15.445352554321289,3.1218827048333415e-05,3.1218827048333415e-05
0.2000,1.0000,19.051282316218,19.046491622924805,0.00025146303611892144,-0.00025146303611892144
0.2000,4.5000,19.397942314212997,19.404783248901367,0.0003526629050420993,0.0003526629050420993
2.0000,1.0000,22.752251621592002,22.7510986328125,5.067580996721453e-05,-5.067580996721453e-05
2.0000,4.5000,14.760426956088999,14.760082244873047,2.3353742881387812e-05,-2.3353742881387812e-05
0.9710,1.2500,19.56884610005,19.567493438720703,6.912320340096532e-05,-6.912320340096532e-05
0.8430,3.5000,13.855777414907,13.856230735778809,3.2717101194310125e-05,3.2717101194310125e-05
1.4860,3.5000,14.922997611565,14.922563552856445,2.90865628912461e-05,-2.90865628912461e-05
1.7430,4.0000,14.782857439192,14.784638404846191,0.00012047506116575351,0.00012047506116575351
2.0000,1.5000,21.036067872794,21.037006378173828,4.4614106852262095e-05,4.4614106852262095e-05
0.5860,2.5000,15.149038308404002,15.14905834197998,1.3224321947524538e-06,1.3224321947524538e-06
1.6140,1.0000,22.04014677513,22.040081024169922,2.9832360351340303e-06,-2.9832360351340303e-06
1.6140,3.2500,15.714130427978,15.71463680267334,3.2224162683397225e-05,3.2224162683397225e-05
0.4570,1.7500,16.70640146289,16.703384399414062,0.00018059325837696741,-0.00018059325837696741
1.6140,2.2500,17.926159928087998,17.923717498779297,0.0001362494431879834,-0.0001362494431879834
0.5860,3.5000,13.978350677684002,13.979397773742676,7.490841250286296e-05,7.490841250286296e-05
1.4860,2.7500,16.391947827372,16.39457130432129,0.00016004668736852704,0.00016004668736852704
1.2290,1.0000,21.249588450164,21.247577667236328,9.462691159355566e-05,-9.462691159355566e-05
0.4570,4.2500,14.658019179680998,14.663015365600586,0.0003408500056073671,0.0003408500056073671
2.0000,2.0000,19.589831449887,19.589435577392578,2.0208060260002727e-05,-2.0208060260002727e-05
0.8430,3.0000,14.550333960214001,14.55078411102295,3.093748983213222e-05,3.093748983213222e-05
1.6140,4.2500,14.084101407887001,14.085774421691895,0.00011878740122933871,0.00011878740122933871
