tier,restart_idx,param_seed,final_train_cost,final_test_cost
1,0,217000752,4.716844e-04,4.294285e+02
1,1,217000753,3.320996e-04,3.225823e+01
1,2,217000754,2.629843e-05,1.814219e+01
1,3,217000755,6.058853e-05,2.152342e+01
1,4,217000756,1.522097e-03,5.006528e+01
1,5,217000757,5.107261e-05,1.708680e+01
1,6,217000758,1.729685e-03,5.689495e+01
1,7,217000759,1.351427e-05,6.510375e+01
1,8,217000760,1.859496e-04,3.276902e+01
1,9,217000761,1.372450e-03,4.026836e+01
