tier,restart_idx,param_seed,final_train_cost,final_test_cost
5,0,217001156,1.825813e-01,1.186899e+00
5,1,217001157,2.364979e-02,2.344164e-01
5,2,217001158,2.235260e-01,9.229722e-01
5,3,217001159,1.000656e-01,2.176079e+00
5,4,217001160,3.664760e-01,9.396528e-01
5,5,217001161,3.604458e-02,5.020089e-01
5,6,217001162,2.847326e-02,3.585318e-01
5,7,217001163,8.670347e-02,7.922368e+00
5,8,217001164,4.701214e-02,1.177001e-01
5,9,217001165,4.257483e-02,2.237776e-01
