tier,restart_idx,param_seed,final_train_cost,final_test_cost
10,0,217001661,1.234528e-01,2.039469e-01
10,1,217001662,7.426947e-02,3.707246e-02
10,2,217001663,6.981540e-01,6.077119e-01
10,3,217001664,2.617421e-01,5.239278e-01
10,4,217001665,4.969667e-02,8.348446e-02
10,5,217001666,6.978194e-01,8.146245e-01
10,6,217001667,4.624918e-01,1.566742e-01
10,7,217001668,4.684128e-01,5.156621e-01
10,8,217001669,6.385960e-02,1.326638e-01
10,9,217001670,1.259897e-01,1.758035e-01
