tier,restart_idx,param_seed,final_train_cost,final_test_cost
2,0,217000853,6.717713e-03,7.700806e+00
2,1,217000854,1.814047e-03,4.108635e+00
2,2,217000855,5.042407e-03,8.999467e+00
2,3,217000856,2.118162e-01,3.439333e+00
2,4,217000857,8.632538e-03,1.341830e+01
2,5,217000858,7.503087e-03,2.265938e+01
2,6,217000859,2.309392e-03,4.074173e+00
2,7,217000860,2.748025e-02,1.351539e+01
2,8,217000861,3.480718e-03,1.131245e+01
2,9,217000862,4.544946e-02,4.351996e+00
