tier,restart_idx,param_seed,final_train_cost,final_test_cost
4,0,217001055,3.645917e-02,6.120248e+00
4,1,217001056,8.621305e-02,6.936910e-01
4,2,217001057,1.550699e-02,1.146515e+00
4,3,217001058,2.860744e-02,1.284220e+00
4,4,217001059,2.178326e-02,6.654616e-01
4,5,217001060,4.918472e-02,1.039212e+00
4,6,217001061,1.127144e-01,7.093142e-01
4,7,217001062,2.260619e-02,6.220058e+00
4,8,217001063,1.459063e-01,1.093980e+00
4,9,217001064,1.360538e-01,6.807579e+00
