{
  "restart": 24,
  "seed": 82,
  "iters": 30000,
  "lr": 0.05,
  "best_iter": 29307,
  "best_cost": 0.000868139904923737,
  "best_alphaD_mean": 0.000133254833959795,
  "n": 10
}