{
  "restart": 27,
  "seed": 85,
  "iters": 30000,
  "lr": 0.05,
  "best_iter": 29992,
  "best_cost": 0.005045311991125345,
  "best_alphaD_mean": 0.0003385126826274886,
  "n": 7
}