tier,restart_idx,param_seed,final_train_cost,final_test_cost
2,0,203000811,1.889414e-02,3.969724e+01
2,1,203000812,1.663372e-02,4.169696e+00
2,2,203000813,7.227738e-03,4.879375e+00
2,3,203000814,7.977092e-03,4.822650e+00
2,4,203000815,3.570211e-03,2.703683e+01
2,5,203000816,2.071618e-03,9.545620e+00
2,6,203000817,3.418301e-03,6.300071e+00
2,7,203000818,6.817203e-03,3.832120e+01
2,8,203000819,2.460996e-02,1.251005e+01
2,9,203000820,2.537846e-01,3.251398e+01
