tier,restart_idx,param_seed,final_train_cost,final_test_cost
8,0,203001417,3.187163e-01,3.121225e-01
8,1,203001418,1.034688e-01,3.179230e-01
8,2,203001419,8.297784e-03,1.439227e-01
8,3,203001420,1.397823e-01,2.318928e-01
8,4,203001421,7.316649e-02,2.685024e-01
8,5,203001422,1.308659e-01,2.580069e-01
8,6,203001423,7.262839e-02,1.552770e-01
8,7,203001424,3.992188e-02,2.413781e-01
8,8,203001425,2.764001e-02,1.673066e-01
8,9,203001426,2.561273e-01,5.401903e-01
