{
  "restart": 8,
  "seed": 66,
  "iters": 30000,
  "lr": 0.05,
  "best_iter": 29950,
  "best_cost": 0.0012176013551652431,
  "best_alphaD_mean": 0.0001652506645385643,
  "n": 7
}