{
  "restart": 10,
  "seed": 68,
  "iters": 30000,
  "lr": 0.05,
  "best_iter": 29984,
  "best_cost": 0.0038648059125989676,
  "best_alphaD_mean": 0.0002626220552374971,
  "n": 7
}