{
  "restart": 27,
  "seed": 85,
  "iters": 30000,
  "lr": 0.05,
  "best_iter": 28853,
  "best_cost": 0.0015926562482491136,
  "best_alphaD_mean": 0.0001883407803208441,
  "n": 9
}