tier,restart_idx,param_seed,final_train_cost,final_test_cost
1,0,169000608,1.167418e-02,2.668906e+01
1,1,169000609,1.856445e-04,3.008119e+01
1,2,169000610,3.855461e-03,2.959052e+01
1,3,169000611,6.071158e-02,2.533605e+01
1,4,169000612,4.127631e-03,6.433035e+01
1,5,169000613,1.280261e-03,5.885728e+01
1,6,169000614,2.544012e-03,2.953036e+01
1,7,169000615,4.735223e-03,2.141830e+01
1,8,169000616,3.154854e-05,4.014462e+01
1,9,169000617,1.683441e-04,1.066941e+02
