tier,restart_idx,param_seed,final_train_cost,final_test_cost
2,0,169000709,4.765121e-03,4.499789e+00
2,1,169000710,4.274498e-02,1.188180e+01
2,2,169000711,1.919330e-02,1.270852e+01
2,3,169000712,1.279028e-02,6.483680e+00
2,4,169000713,1.116371e-03,2.424423e+00
2,5,169000714,2.563306e-03,5.686629e+00
2,6,169000715,2.043786e-02,2.290198e+01
2,7,169000716,3.462039e-03,7.832368e+00
2,8,169000717,1.864505e-02,3.316741e+00
2,9,169000718,2.833945e-03,9.951213e+00
