tier,restart_idx,param_seed,final_train_cost,final_test_cost
4,0,169000911,7.796940e-03,9.377820e-01
4,1,169000912,2.357852e-02,5.202321e-01
4,2,169000913,5.261853e-02,9.146272e-01
4,3,169000914,6.051527e-02,2.082646e+00
4,4,169000915,1.700795e-02,4.396484e-01
4,5,169000916,4.073490e-02,1.420093e+00
4,6,169000917,9.456191e-02,1.855398e+00
4,7,169000918,3.831881e-02,6.500102e-01
4,8,169000919,3.616384e-02,1.095544e+01
4,9,169000920,1.240188e-01,2.252917e+00
