tier,restart_idx,param_seed,final_train_cost,final_test_cost
10,0,169001517,1.631600e-02,2.498669e-01
10,1,169001518,1.442517e-01,1.465474e-01
10,2,169001519,4.134716e-02,1.416440e-01
10,3,169001520,4.076314e-02,5.993307e-02
10,4,169001521,1.555575e-02,4.493571e-02
10,5,169001522,1.250428e-01,5.450423e-02
10,6,169001523,6.121569e-02,8.482227e-02
10,7,169001524,1.274079e-01,7.905912e-02
10,8,169001525,4.597674e-02,4.317454e-02
10,9,169001526,1.225030e+00,7.132043e-01
