tier,restart_idx,param_seed,final_train_cost,final_test_cost
8,0,169001315,2.133126e-02,1.193912e-01
8,1,169001316,3.651180e-02,1.413584e-01
8,2,169001317,9.423924e-02,9.671482e-02
8,3,169001318,8.399912e-02,2.126603e+00
8,4,169001319,3.907137e-02,1.000977e-01
8,5,169001320,8.309271e-02,3.139125e-01
8,6,169001321,4.695328e-01,7.403992e-01
8,7,169001322,2.242483e-01,5.328858e-01
8,8,169001323,2.180030e-02,2.197942e-01
8,9,169001324,4.829283e-01,5.926659e-01
