
  ******************************************  
  *           Fortran 77 Code              *  
  *     Axially symmetric H.O. basis       *  
  * Dirac-Hartree-Bogoliubov calculation   *  
  *        with density-dependent          *  
  * meson-exchange or point coupling force *  
  *          and separable pairing         *  
  * -------------------------------------- *  
  *      Niksic, Paar, Vretenar, Ring      *  
  *          30/ 6/2026/22:48:44           *
  *       Yb 160  N =  90  Z =  70
  *                DD-PC1    
  ******************************************  
 ****** BEGIN READER ********************************
 Number of oscillator shells :    16   50
 Deformation bas: beta0      :     0.3000
 Deformation ini: betai      :     0.3000
 Initialization   inin,inink :     1    1
 Nucleus                     :    90   70   Yb 160
 Initial Gap Parameters      :     1.0000    1.0000
 Parameter set               : DD-PC1    
 Calculation without quadrupole constraint
 ****** END READER **********************************
  ****** BEGIN FORCES *******************************

 NEDF Parameters: DD-PC1    
           scasca    scavec    vecsca    vecvec
 GG   =   1.000000  1.000000  1.000000  1.000000
 DD   =  -0.814900  0.000000  0.000000  0.000000
  
 Density dependence parameters:
           scasca    scavec    vecsca    vecvec
 a    = -10.046200  5.919500  0.000000  0.000000
 b    =  -9.150400  8.863700  0.000000  1.836000
 c    =  -6.427300  0.000000  0.000000  0.000000
 d    =   1.372400  0.658400  0.000000  0.640300
 dsat =   0.152000
  
 TMR pairing: Tian,Ma,Ring, PRB 676, 44 (2009)
 TMR pairing strength    gl =:  -728.00000 [MeV*fm^3]
 TMR pairing width        a =:     0.64420 [fm]
  ****** END FORCES *********************************
 ****** BEGIN PREP **********************************
  
 hom   =  7.552265
 hb0   = 20.734000
 b0    =  2.343246
 beta0 =  0.300000
 bz    =  1.099238
 bp    =  0.953793
 With Coulomb force
 With microscopic c.m. correction
 ****** BEGIN ITER **********************************
  1.It. si =   0.000000  E/A =   0.000 R =   0.000 b =   0.000  mix = 0.50
  2.It. si = 110.136631  E/A =  -7.897 R =   5.426 b =   0.392  mix = 0.50
  3.It. si =  42.667720  E/A =  -7.952 R =   5.394 b =   0.394  mix = 0.50
  4.It. si =  20.151121  E/A =  -7.995 R =   5.349 b =   0.393  mix = 0.50
  5.It. si =  24.031522  E/A =  -8.019 R =   5.314 b =   0.389  mix = 0.50
  6.It. si =  11.288444  E/A =  -8.032 R =   5.267 b =   0.383  mix = 0.50
  7.It. si =   5.494510  E/A =  -8.033 R =   5.236 b =   0.378  mix = 0.50
  8.It. si =   1.639490  E/A =  -8.033 R =   5.241 b =   0.379  mix = 0.50
  9.It. si =   0.785528  E/A =  -8.033 R =   5.243 b =   0.379  mix = 0.50
 10.It. si =   0.891449  E/A =  -8.033 R =   5.242 b =   0.379  mix = 0.50
 11.It. si =   0.763222  E/A =  -8.032 R =   5.242 b =   0.379  mix = 0.50
 12.It. si =   1.207007  E/A =  -8.032 R =   5.238 b =   0.379  mix = 0.50
 13.It. si =   0.589353  E/A =  -8.032 R =   5.239 b =   0.379  mix = 0.50
 14.It. si =   0.163781  E/A =  -8.032 R =   5.241 b =   0.380  mix = 0.50
 15.It. si =   0.141684  E/A =  -8.032 R =   5.241 b =   0.380  mix = 0.50
 16.It. si =   0.087150  E/A =  -8.033 R =   5.241 b =   0.380  mix = 0.50
 17.It. si =   0.121746  E/A =  -8.033 R =   5.241 b =   0.380  mix = 0.50
 18.It. si =   0.091178  E/A =  -8.033 R =   5.241 b =   0.380  mix = 0.50
 19.It. si =   0.109040  E/A =  -8.033 R =   5.241 b =   0.380  mix = 0.50
 20.It. si =   0.068006  E/A =  -8.033 R =   5.241 b =   0.379  mix = 0.50
 21.It. si =   0.068588  E/A =  -8.033 R =   5.241 b =   0.379  mix = 0.50
 22.It. si =   0.068912  E/A =  -8.033 R =   5.241 b =   0.379  mix = 0.50
 23.It. si =   0.071725  E/A =  -8.033 R =   5.240 b =   0.379  mix = 0.50
 24.It. si =   0.073936  E/A =  -8.033 R =   5.240 b =   0.379  mix = 0.50
 25.It. si =   0.075743  E/A =  -8.033 R =   5.240 b =   0.379  mix = 0.50
 26.It. si =   0.077309  E/A =  -8.033 R =   5.240 b =   0.379  mix = 0.50
 27.It. si =   0.078742  E/A =  -8.033 R =   5.240 b =   0.378  mix = 0.50
 28.It. si =   0.080109  E/A =  -8.033 R =   5.240 b =   0.378  mix = 0.50
 29.It. si =   0.081453  E/A =  -8.033 R =   5.240 b =   0.378  mix = 0.50
 30.It. si =   0.082797  E/A =  -8.033 R =   5.240 b =   0.378  mix = 0.50
 31.It. si =   0.084158  E/A =  -8.033 R =   5.240 b =   0.378  mix = 0.50
 32.It. si =   0.085542  E/A =  -8.033 R =   5.240 b =   0.378  mix = 0.50
 33.It. si =   0.086957  E/A =  -8.033 R =   5.240 b =   0.378  mix = 0.50
 34.It. si =   0.088407  E/A =  -8.033 R =   5.240 b =   0.378  mix = 0.50
 35.It. si =   0.089896  E/A =  -8.033 R =   5.240 b =   0.377  mix = 0.50
 36.It. si =   0.091427  E/A =  -8.033 R =   5.240 b =   0.377  mix = 0.50
 37.It. si =   0.093003  E/A =  -8.033 R =   5.240 b =   0.377  mix = 0.50
 38.It. si =   0.094629  E/A =  -8.033 R =   5.240 b =   0.377  mix = 0.50
 39.It. si =   0.096306  E/A =  -8.033 R =   5.239 b =   0.377  mix = 0.50
 40.It. si =   0.098039  E/A =  -8.033 R =   5.239 b =   0.377  mix = 0.50
 41.It. si =   0.099831  E/A =  -8.033 R =   5.239 b =   0.377  mix = 0.50
 42.It. si =   0.101685  E/A =  -8.033 R =   5.239 b =   0.376  mix = 0.50
 43.It. si =   0.103606  E/A =  -8.033 R =   5.239 b =   0.376  mix = 0.50
 44.It. si =   0.105596  E/A =  -8.033 R =   5.239 b =   0.376  mix = 0.50
 45.It. si =   0.107660  E/A =  -8.033 R =   5.239 b =   0.376  mix = 0.50
 46.It. si =   0.109802  E/A =  -8.033 R =   5.239 b =   0.376  mix = 0.50
 47.It. si =   0.112027  E/A =  -8.033 R =   5.239 b =   0.376  mix = 0.50
 48.It. si =   0.114338  E/A =  -8.033 R =   5.239 b =   0.375  mix = 0.50
 49.It. si =   0.116740  E/A =  -8.033 R =   5.239 b =   0.375  mix = 0.50
 50.It. si =   0.119239  E/A =  -8.033 R =   5.239 b =   0.375  mix = 0.50
 51.It. si =   0.121839  E/A =  -8.033 R =   5.238 b =   0.375  mix = 0.50
 52.It. si =   0.124547  E/A =  -8.033 R =   5.238 b =   0.375  mix = 0.50
 53.It. si =   0.127367  E/A =  -8.033 R =   5.238 b =   0.375  mix = 0.50
 54.It. si =   0.130308  E/A =  -8.033 R =   5.238 b =   0.374  mix = 0.50
 55.It. si =   0.133375  E/A =  -8.033 R =   5.238 b =   0.374  mix = 0.50
 56.It. si =   0.136575  E/A =  -8.033 R =   5.238 b =   0.374  mix = 0.50
 57.It. si =   0.139917  E/A =  -8.033 R =   5.238 b =   0.374  mix = 0.50
 58.It. si =   0.143409  E/A =  -8.033 R =   5.238 b =   0.374  mix = 0.50
 59.It. si =   0.147060  E/A =  -8.033 R =   5.238 b =   0.373  mix = 0.50
 60.It. si =   0.150880  E/A =  -8.033 R =   5.237 b =   0.373  mix = 0.50
 61.It. si =   0.154879  E/A =  -8.033 R =   5.237 b =   0.373  mix = 0.50
 62.It. si =   0.159068  E/A =  -8.033 R =   5.237 b =   0.373  mix = 0.50
 63.It. si =   0.163459  E/A =  -8.033 R =   5.237 b =   0.372  mix = 0.50
 64.It. si =   0.168065  E/A =  -8.033 R =   5.237 b =   0.372  mix = 0.50
 65.It. si =   0.172902  E/A =  -8.033 R =   5.237 b =   0.372  mix = 0.50
 66.It. si =   0.177983  E/A =  -8.033 R =   5.237 b =   0.372  mix = 0.50
 67.It. si =   0.183326  E/A =  -8.033 R =   5.237 b =   0.371  mix = 0.50
 68.It. si =   0.188948  E/A =  -8.033 R =   5.236 b =   0.371  mix = 0.50
 69.It. si =   0.194869  E/A =  -8.033 R =   5.236 b =   0.371  mix = 0.50
 70.It. si =   0.201111  E/A =  -8.033 R =   5.236 b =   0.370  mix = 0.50
 71.It. si =   0.207697  E/A =  -8.033 R =   5.236 b =   0.370  mix = 0.50
 72.It. si =   0.214652  E/A =  -8.033 R =   5.236 b =   0.370  mix = 0.50
 73.It. si =   0.222003  E/A =  -8.033 R =   5.236 b =   0.369  mix = 0.50
 74.It. si =   0.229781  E/A =  -8.033 R =   5.235 b =   0.369  mix = 0.50
 75.It. si =   0.238020  E/A =  -8.033 R =   5.235 b =   0.369  mix = 0.50
 76.It. si =   0.246756  E/A =  -8.033 R =   5.235 b =   0.368  mix = 0.50
 77.It. si =   0.256028  E/A =  -8.033 R =   5.235 b =   0.368  mix = 0.50
 78.It. si =   0.265880  E/A =  -8.033 R =   5.235 b =   0.368  mix = 0.50
 79.It. si =   0.276362  E/A =  -8.033 R =   5.234 b =   0.367  mix = 0.50
 80.It. si =   0.287527  E/A =  -8.033 R =   5.234 b =   0.367  mix = 0.50
 81.It. si =   0.299434  E/A =  -8.033 R =   5.234 b =   0.366  mix = 0.50
 82.It. si =   0.312148  E/A =  -8.033 R =   5.234 b =   0.366  mix = 0.50
 83.It. si =   0.325742  E/A =  -8.033 R =   5.233 b =   0.365  mix = 0.50
 84.It. si =   0.340297  E/A =  -8.033 R =   5.233 b =   0.365  mix = 0.50
 85.It. si =   0.355903  E/A =  -8.033 R =   5.233 b =   0.364  mix = 0.50
 86.It. si =   0.373686  E/A =  -8.033 R =   5.232 b =   0.363  mix = 0.50
 87.It. si =   0.393590  E/A =  -8.033 R =   5.232 b =   0.363  mix = 0.50
 88.It. si =   0.415116  E/A =  -8.033 R =   5.232 b =   0.362  mix = 0.50
 89.It. si =   0.438436  E/A =  -8.033 R =   5.231 b =   0.362  mix = 0.50
 90.It. si =   0.463743  E/A =  -8.033 R =   5.231 b =   0.361  mix = 0.50
 91.It. si =   0.491254  E/A =  -8.033 R =   5.231 b =   0.360  mix = 0.50
 92.It. si =   0.521216  E/A =  -8.033 R =   5.230 b =   0.359  mix = 0.50
 93.It. si =   0.553906  E/A =  -8.033 R =   5.230 b =   0.358  mix = 0.50
 94.It. si =   0.589639  E/A =  -8.033 R =   5.229 b =   0.357  mix = 0.50
 95.It. si =   0.628771  E/A =  -8.033 R =   5.229 b =   0.356  mix = 0.50
 96.It. si =   0.671702  E/A =  -8.033 R =   5.228 b =   0.355  mix = 0.50
 97.It. si =   0.718890  E/A =  -8.033 R =   5.228 b =   0.354  mix = 0.50
 98.It. si =   0.770847  E/A =  -8.033 R =   5.227 b =   0.353  mix = 0.50
 99.It. si =   0.828151  E/A =  -8.033 R =   5.227 b =   0.352  mix = 0.50
100.It. si =   0.891451  E/A =  -8.033 R =   5.226 b =   0.350  mix = 0.50
101.It. si =   0.961472  E/A =  -8.033 R =   5.225 b =   0.349  mix = 0.50
102.It. si =   1.039013  E/A =  -8.033 R =   5.224 b =   0.347  mix = 0.50
103.It. si =   1.124952  E/A =  -8.033 R =   5.224 b =   0.346  mix = 0.50
104.It. si =   1.220232  E/A =  -8.033 R =   5.223 b =   0.344  mix = 0.50
105.It. si =   1.325845  E/A =  -8.033 R =   5.222 b =   0.342  mix = 0.50
106.It. si =   1.442800  E/A =  -8.034 R =   5.221 b =   0.340  mix = 0.50
107.It. si =   1.572066  E/A =  -8.034 R =   5.219 b =   0.337  mix = 0.50
108.It. si =   1.714489  E/A =  -8.034 R =   5.218 b =   0.335  mix = 0.50
109.It. si =   1.870674  E/A =  -8.034 R =   5.217 b =   0.332  mix = 0.50
110.It. si =   2.040809  E/A =  -8.035 R =   5.215 b =   0.329  mix = 0.50
111.It. si =   2.224452  E/A =  -8.035 R =   5.214 b =   0.326  mix = 0.50
112.It. si =   2.420254  E/A =  -8.035 R =   5.212 b =   0.323  mix = 0.50
113.It. si =   2.625654  E/A =  -8.036 R =   5.210 b =   0.319  mix = 0.50
114.It. si =   2.836586  E/A =  -8.036 R =   5.208 b =   0.315  mix = 0.50
115.It. si =   3.047269  E/A =  -8.037 R =   5.206 b =   0.311  mix = 0.50
116.It. si =   3.250212  E/A =  -8.038 R =   5.204 b =   0.306  mix = 0.50
117.It. si =   3.436564  E/A =  -8.039 R =   5.202 b =   0.302  mix = 0.50
118.It. si =   3.596936  E/A =  -8.040 R =   5.200 b =   0.297  mix = 0.50
119.It. si =   3.722653  E/A =  -8.040 R =   5.198 b =   0.292  mix = 0.50
120.It. si =   3.807195  E/A =  -8.041 R =   5.195 b =   0.288  mix = 0.50
121.It. si =   3.847450  E/A =  -8.042 R =   5.193 b =   0.283  mix = 0.50
122.It. si =   3.844483  E/A =  -8.043 R =   5.191 b =   0.279  mix = 0.50
123.It. si =   3.801858  E/A =  -8.044 R =   5.189 b =   0.275  mix = 0.50
124.It. si =   3.725768  E/A =  -8.044 R =   5.187 b =   0.271  mix = 0.50
125.It. si =   3.623369  E/A =  -8.045 R =   5.185 b =   0.267  mix = 0.50
126.It. si =   3.501719  E/A =  -8.045 R =   5.183 b =   0.263  mix = 0.50
127.It. si =   3.367093  E/A =  -8.046 R =   5.182 b =   0.260  mix = 0.50
128.It. si =   3.224669  E/A =  -8.046 R =   5.180 b =   0.257  mix = 0.50
129.It. si =   3.078484  E/A =  -8.046 R =   5.179 b =   0.254  mix = 0.50
130.It. si =   2.931545  E/A =  -8.047 R =   5.178 b =   0.251  mix = 0.50
131.It. si =   2.786009  E/A =  -8.047 R =   5.177 b =   0.249  mix = 0.50
132.It. si =   0.389243  E/A =  -8.049 R =   5.165 b =   0.217  mix = 0.50
133.It. si =   0.264279  E/A =  -8.049 R =   5.166 b =   0.220  mix = 0.50
134.It. si =   0.856839  E/A =  -8.049 R =   5.168 b =   0.224  mix = 0.50
135.It. si =   0.613966  E/A =  -8.049 R =   5.167 b =   0.224  mix = 0.50
136.It. si =   0.222367  E/A =  -8.049 R =   5.166 b =   0.219  mix = 0.50
137.It. si =   0.176308  E/A =  -8.049 R =   5.165 b =   0.219  mix = 0.50
138.It. si =   0.040510  E/A =  -8.049 R =   5.165 b =   0.220  mix = 0.50
139.It. si =   0.011925  E/A =  -8.049 R =   5.165 b =   0.220  mix = 0.50
140.It. si =   0.005511  E/A =  -8.049 R =   5.165 b =   0.220  mix = 0.50
141.It. si =   0.003348  E/A =  -8.049 R =   5.165 b =   0.220  mix = 0.50
142.It. si =   0.002778  E/A =  -8.049 R =   5.165 b =   0.220  mix = 0.50
143.It. si =   0.002594  E/A =  -8.049 R =   5.165 b =   0.220  mix = 0.50
144.It. si =   0.001137  E/A =  -8.049 R =   5.165 b =   0.220  mix = 0.50
145.It. si =   0.000544  E/A =  -8.049 R =   5.165 b =   0.220  mix = 0.50
146.It. si =   0.000653  E/A =  -8.049 R =   5.165 b =   0.220  mix = 0.50
147.It. si =   0.000175  E/A =  -8.049 R =   5.165 b =   0.220  mix = 0.50
148.It. si =   0.000099  E/A =  -8.049 R =   5.165 b =   0.220  mix = 0.50
149.It. si =   0.000045  E/A =  -8.049 R =   5.165 b =   0.220  mix = 0.50
150.It. si =   0.000022  E/A =  -8.049 R =   5.165 b =   0.220  mix = 0.50
151.It. si =   0.000015  E/A =  -8.049 R =   5.165 b =   0.220  mix = 0.50
152.It. si =   0.000009  E/A =  -8.049 R =   5.165 b =   0.220  mix = 0.50
153.It. si =   0.000003  E/A =  -8.049 R =   5.165 b =   0.220  mix = 0.50
154.It. si =   0.000002  E/A =  -8.049 R =   5.165 b =   0.220  mix = 0.50
 ********************************************************************
  Yb 160: Iteration converged after 154 steps   si =      0.0000007814
 ********************************************************************
 ****** END ITER ************************************
 ****** BEGIN CANON *********************************
 single-particle energies and gaps  in the canonical basis: Neutron:
 ------------------------------------------------------------------
       K pi[nz,nr,ml]  smax     eecan     vvcan     decan
   1   1/2+ [ 0 0 0]   0.96  -59.2017    0.9999    0.8823
   2   1/2+ [ 2 0 0]   0.76  -45.8830    0.9998    1.1107
   3   1/2+ [ 1 0 1]   0.84  -44.5193    0.9998    0.9334
   4   1/2+ [ 0 1 0]   0.70  -42.4918    0.9998    0.9034
   5   1/2+ [ 3 0 1]   0.32  -28.9054    0.9993    1.0535
   6   1/2+ [ 3 0 1]   0.37  -24.7137    0.9990    1.0204
   7   1/2+ [ 2 1 0]   0.42  -20.9364    0.9982    1.0319
   8   1/2+ [ 1 1 1]   0.64  -16.7390    0.9967    0.9014
   9   1/2+ [ 0 2 0]   0.85  -12.5541    0.9921    0.6514
  10   1/2+ [ 4 1 0]   0.31   -8.2083    0.1778    0.8514
  11   1/2+ [ 5 0 1]   0.35   -0.9984    0.0029    0.8526
  12   1/2+ [ 6 0 0]   0.34   -0.1955    0.0014    0.6611
  13   1/2+ [ 3 1 1]   0.47    3.2351    0.0007    0.6511
  14   1/2+ [ 2 2 0]   0.59    5.6675    0.0003    0.4933
  15   1/2+ [ 1 2 1]   0.75    9.1902    0.0001    0.3947
  16   1/2+ [ 0 6 0]   0.20    9.2545    0.0000    0.0070
  17   1/2+ [ 9 1 1]   0.16   10.2136    0.0000    0.0064
  18   1/2+ [ 8 2 0]   0.10   11.3222    0.0000    0.0058
  19   1/2+ [ 0 3 0]   0.81   12.0149    0.0001    0.3217
  20   1/2+ [14 0 0]   0.19   12.1800    0.0000    0.0048
  21   1/2+ [ 6 1 0]   0.21   12.2288    0.0002    0.6248
  22   1/2+ [ 1 5 1]   0.26   12.6252    0.0000    0.0042
  23   1/2+ [ 5 3 1]   0.14   13.7503    0.0000    0.0053
  24   1/2+ [ 2 5 0]   0.19   13.8423    0.0000    0.0051
  25   1/2+ [ 2 5 0]   0.10   17.9450    0.0000    0.0052
  26   1/2+ [ 3 4 1]   0.10   18.0039    0.0000    0.0049
  27   1/2+ [ 8 0 0]   0.41   19.1077    0.0000    0.3818
  28   1/2+ [ 5 1 1]   0.24   21.7791    0.0001    0.5992
  29   1/2+ [ 7 0 1]   0.36   22.0230    0.0000    0.3726
  30   1/2+ [ 6 1 0]   0.27   23.4171    0.0000    0.3283
  31   1/2+ [ 9 1 1]   0.10   23.7652    0.0000    0.0058
  32   1/2+ [12 1 0]   0.16   23.8027    0.0000    0.0059
  33   1/2+ [ 3 2 1]   0.45   26.1686    0.0000    0.3105
  34   1/2+ [ 2 3 0]   0.52   28.2805    0.0000    0.2701
  35   1/2+ [ 0 5 0]   0.21   29.6944    0.0000    0.0256
  36   1/2+ [11 1 1]   0.19   30.3213    0.0000    0.0264
  37   1/2+ [ 1 3 1]   0.60   31.4629    0.0000    0.2256
  38   1/2+ [10 2 0]   0.29   32.2145    0.0000    0.0093
  39   1/2+ [ 6 2 0]   0.17   32.3430    0.0000    0.3889
  40   1/2+ [ 9 2 1]   0.16   32.4316    0.0000    0.0062
  41   1/2+ [ 0 4 0]   0.61   32.9141    0.0000    0.1964
  42   1/2+ [ 8 3 0]   0.12   33.1665    0.0000    0.0216
  43   1/2+ [ 5 4 1]   0.11   34.6817    0.0000    0.0228
  44   1/2+ [16 0 0]   0.15   35.6070    0.0000    0.0217
  45   1/2+ [12 0 0]   0.26   36.3984    0.0000    0.2325
  46   1/2+ [16 0 0]   0.12   36.6945    0.0000    0.0226
  47   1/2+ [ 8 1 0]   0.19   36.9942    0.0000    0.1925
  48   1/2+ [ 1 6 1]   0.20   37.3661    0.0000    0.0168
  49   1/2+ [ 2 6 0]   0.09   38.4858    0.0000    0.0219
  50   1/2+ [ 2 6 0]   0.11   39.0025    0.0000    0.0216
  51   1/2+ [11 0 1]   0.26   39.0691    0.0000    0.2273
  52   1/2+ [ 7 1 1]   0.22   42.4809    0.0000    0.1957
  53   1/2+ [ 7 1 1]   0.15   42.9492    0.0000    0.3802
  54   1/2+ [ 8 3 0]   0.09   43.1119    0.0000    0.0129
  55   1/2+ [ 7 3 1]   0.10   43.4514    0.0000    0.0097
  56   1/2+ [ 7 3 1]   0.09   44.0105    0.0000    0.0249
  57   1/2+ [14 1 0]   0.12   44.4394    0.0000    0.0274
  58   1/2+ [ 4 3 0]   0.17   44.6082    0.0000    0.1726
  59   1/2+ [ 2 4 0]   0.33   47.3475    0.0000    0.1368
  60   1/2+ [ 3 3 1]   0.27   48.4445    0.0000    0.1679
  61   1/2+ [ 1 4 1]   0.23   50.8446    0.0000    0.1207
  62   1/2+ [10 2 0]   0.08   51.7958    0.0000    0.2343
  63   1/2+ [14 0 0]   0.20   52.0990    0.0000    0.1258
  64   1/2+ [13 1 1]   0.11   54.5207    0.0000    0.0417
  65   1/2+ [13 0 1]   0.10   55.2665    0.0000    0.1338
  66   1/2+ [13 1 1]   0.12   56.1299    0.0000    0.0429
  67   1/2+ [10 3 0]   0.25   58.4691    0.0000    0.0306
  68   1/2+ [12 1 0]   0.12   59.0440    0.0000    0.1361
  69   1/2+ [ 9 3 1]   0.23   59.7609    0.0000    0.0228
  70   1/2+ [ 0 6 0]   0.34   60.6069    0.0000    0.0749
  71   1/2+ [ 7 2 1]   0.10   61.9242    0.0000    0.2290
  72   1/2+ [ 7 4 1]   0.19   66.4923    0.0000    0.0857
  73   1/2+ [ 5 5 1]   0.14   67.3603    0.0000    0.0780
  74   1/2+ [ 6 5 0]   0.14   70.4506    0.0000    0.0748
  75   1/2+ [ 4 6 0]   0.17   71.9966    0.0000    0.0957
  76   1/2+ [ 3 6 1]   0.14   75.2757    0.0000    0.0895
  77   1/2+ [ 2 7 0]   0.17   77.7045    0.0000    0.0852
  78   1/2+ [ 1 7 1]   0.18   80.3621    0.0000    0.0807
  79   1/2+ [ 2 7 0]   0.22   84.6508    0.0000    0.0696
  80   1/2+ [ 1 7 1]   0.31   88.1087    0.0000    0.0639
  81   1/2+ [ 0 8 0]   0.35   95.8809    0.0000    0.0692
  82   1/2- [ 1 0 0]   0.92  -52.7750    0.9999    0.9360
  83   1/2- [ 0 0 1]   0.96  -52.0129    0.9999    0.8696
  84   1/2- [ 3 0 0]   0.39  -38.1603    0.9997    1.0322
  85   1/2- [ 2 0 1]   0.62  -34.9590    0.9996    1.0205
  86   1/2- [ 1 1 0]   0.47  -33.0289    0.9995    1.0928
  87   1/2- [ 0 1 1]   0.68  -27.6295    0.9994    0.9223
  88   1/2- [ 3 1 0]   0.29  -18.6207    0.9974    0.9890
  89   1/2- [ 4 0 1]   0.38  -12.5690    0.9838    0.9493
  90   1/2- [ 3 1 0]   0.35  -10.2222    0.9172    0.8563
  91   1/2- [ 2 1 1]   0.62   -6.8185    0.0331    0.8074
  92   1/2- [ 1 2 0]   0.80   -3.7243    0.0029    0.5628
  93   1/2- [ 0 2 1]   0.88   -0.1877    0.0006    0.4317
  94   1/2- [ 5 1 0]   0.28    1.9573    0.0012    0.7485
  95   1/2- [ 7 0 0]   0.41    9.9743    0.0002    0.5012
  96   1/2- [ 6 0 1]   0.26   10.5098    0.0004    0.7346
  97   1/2- [13 0 0]   0.37   11.5892    0.0000    0.0073
  98   1/2- [ 0 5 1]   0.20   12.1657    0.0000    0.0071
  99   1/2- [ 3 4 0]   0.10   12.8227    0.0000    0.0070
 100   1/2- [12 0 1]   0.11   12.9203    0.0000    0.0069
 101   1/2- [ 6 0 1]   0.24   13.2865    0.0001    0.4944
 102   1/2- [ 0 5 1]   0.13   13.6943    0.0000    0.0072
 103   1/2- [ 1 5 0]   0.17   13.8358    0.0000    0.0070
 104   1/2- [ 3 2 0]   0.42   14.5631    0.0001    0.4177
 105   1/2- [ 9 1 0]   0.11   16.5225    0.0000    0.0073
 106   1/2- [ 2 2 1]   0.54   17.4557    0.0001    0.3765
 107   1/2- [ 8 2 1]   0.15   17.4754    0.0000    0.0061
 108   1/2- [ 1 3 0]   0.68   20.5001    0.0000    0.2921
 109   1/2- [ 0 3 1]   0.82   22.1883    0.0000    0.2355
 110   1/2- [ 5 2 0]   0.18   22.3203    0.0001    0.4886
 111   1/2- [11 1 0]   0.17   22.3281    0.0000    0.0068
 112   1/2- [10 1 1]   0.12   22.7490    0.0000    0.0061
 113   1/2- [ 9 0 0]   0.40   26.7535    0.0000    0.2888
 114   1/2- [ 8 0 1]   0.36   29.4596    0.0000    0.2886
 115   1/2- [ 5 4 0]   0.19   29.8965    0.0000    0.0076
 116   1/2- [ 7 1 0]   0.32   29.9819    0.0000    0.2608
 117   1/2- [ 4 4 1]   0.20   30.0111    0.0000    0.0073
 118   1/2- [ 6 1 1]   0.21   32.0431    0.0000    0.4741
 119   1/2- [ 4 2 1]   0.33   33.1596    0.0000    0.2410
 120   1/2- [15 0 0]   0.43   35.2855    0.0000    0.0406
 121   1/2- [ 3 3 0]   0.45   36.1026    0.0000    0.2250
 122   1/2- [14 0 1]   0.14   36.7932    0.0000    0.0375
 123   1/2- [14 0 1]   0.12   37.3857    0.0000    0.0407
 124   1/2- [ 1 7 0]   0.20   37.8098    0.0000    0.0315
 125   1/2- [14 0 1]   0.13   38.0094    0.0000    0.0365
 126   1/2- [ 2 3 1]   0.50   38.0818    0.0000    0.2084
 127   1/2- [ 1 4 0]   0.57   38.7303    0.0000    0.1569
 128   1/2- [ 0 7 1]   0.28   39.0346    0.0000    0.0289
 129   1/2- [ 7 3 0]   0.14   40.1796    0.0000    0.0137
 130   1/2- [ 6 3 1]   0.14   40.5007    0.0000    0.0122
 131   1/2- [ 0 4 1]   0.66   41.0130    0.0000    0.1344
 132   1/2- [ 7 2 0]   0.13   42.0168    0.0000    0.3072
 133   1/2- [13 1 0]   0.37   42.6363    0.0000    0.0476
 134   1/2- [10 2 1]   0.30   44.3087    0.0000    0.0459
 135   1/2- [13 0 0]   0.34   45.8597    0.0000    0.1720
 136   1/2- [ 9 3 0]   0.19   47.5143    0.0000    0.0497
 137   1/2- [12 0 1]   0.16   48.4905    0.0000    0.1768
 138   1/2- [ 6 4 1]   0.14   49.0846    0.0000    0.0475
 139   1/2- [10 1 1]   0.14   51.0852    0.0000    0.1485
 140   1/2- [11 1 0]   0.13   51.6179    0.0000    0.1819
 141   1/2- [ 6 2 1]   0.11   52.8099    0.0000    0.3001
 142   1/2- [11 2 0]   0.16   53.1199    0.0000    0.0624
 143   1/2- [ 7 2 0]   0.11   53.6632    0.0000    0.1402
 144   1/2- [ 8 3 1]   0.20   54.2124    0.0000    0.0473
 145   1/2- [10 2 1]   0.19   55.5387    0.0000    0.0546
 146   1/2- [ 8 3 1]   0.22   56.3407    0.0000    0.0394
 147   1/2- [ 4 3 1]   0.18   58.4641    0.0000    0.1415
 148   1/2- [ 6 4 1]   0.21   61.1511    0.0000    0.0849
 149   1/2- [ 6 4 1]   0.18   65.4715    0.0000    0.1047
 150   1/2- [ 3 6 0]   0.16   74.8073    0.0000    0.1101
 151   1/2- [ 2 6 1]   0.24   79.1674    0.0000    0.0983
 152   1/2- [ 1 7 0]   0.35   82.4005    0.0000    0.0804
 153   1/2- [ 0 7 1]   0.44   86.8687    0.0000    0.0748
 154   3/2+ [ 1 0 1]   0.82  -44.3013    0.9998    0.9243
 155   3/2+ [ 0 0 2]   0.84  -42.9765    0.9998    0.8667
 156   3/2+ [ 3 0 1]   0.58  -28.2046    0.9993    1.0188
 157   3/2+ [ 2 0 2]   0.75  -22.5229    0.9987    0.9813
 158   3/2+ [ 1 1 1]   0.69  -18.0794    0.9977    0.8822
 159   3/2+ [ 0 1 2]   0.86  -12.9802    0.9928    0.6977
 160   3/2+ [ 5 0 1]   0.37   -7.7822    0.0955    0.8309
 161   3/2+ [ 4 0 2]   0.53    0.0615    0.0021    0.8226
 162   3/2+ [ 3 1 1]   0.45    1.4116    0.0009    0.6355
 163   3/2+ [ 2 1 2]   0.70    5.5963    0.0004    0.6048
 164   3/2+ [ 1 2 1]   0.74    8.5797    0.0001    0.3943
 165   3/2+ [ 0 4 2]   0.30    9.3069    0.0000    0.0072
 166   3/2+ [ 9 1 1]   0.16   10.1907    0.0000    0.0064
 167   3/2+ [ 0 2 2]   0.85   11.6570    0.0001    0.3189
 168   3/2+ [ 6 2 2]   0.16   11.7776    0.0000    0.0055
 169   3/2+ [ 5 1 1]   0.29   12.4999    0.0002    0.6141
 170   3/2+ [ 1 5 1]   0.27   12.6111    0.0000    0.0042
 171   3/2+ [ 5 3 1]   0.15   13.7314    0.0000    0.0054
 172   3/2+ [ 2 4 2]   0.16   13.9251    0.0000    0.0051
 173   3/2+ [ 3 4 1]   0.17   17.9673    0.0000    0.0051
 174   3/2+ [ 2 4 2]   0.16   18.1192    0.0000    0.0049
 175   3/2+ [ 7 0 1]   0.40   20.6068    0.0000    0.3719
 176   3/2+ [ 6 0 2]   0.28   22.2262    0.0001    0.5861
 177   3/2+ [ 9 1 1]   0.12   23.7692    0.0000    0.0060
 178   3/2+ [12 0 2]   0.19   23.9429    0.0000    0.0057
 179   3/2+ [ 4 1 2]   0.31   24.1534    0.0000    0.3517
 180   3/2+ [ 3 2 1]   0.43   25.3691    0.0000    0.3092
 181   3/2+ [ 2 2 2]   0.55   29.6175    0.0000    0.2986
 182   3/2+ [11 1 1]   0.19   30.2481    0.0000    0.0266
 183   3/2+ [ 0 4 2]   0.37   30.3484    0.0000    0.0230
 184   3/2+ [ 1 3 1]   0.59   31.1104    0.0000    0.2238
 185   3/2+ [ 0 3 2]   0.76   31.5732    0.0000    0.1865
 186   3/2+ [10 1 2]   0.32   32.1801    0.0000    0.0153
 187   3/2+ [ 9 2 1]   0.16   32.4254    0.0000    0.0062
 188   3/2+ [ 7 1 1]   0.17   32.7481    0.0000    0.3872
 189   3/2+ [ 6 3 2]   0.13   32.9604    0.0000    0.0154
 190   3/2+ [ 5 4 1]   0.11   34.6341    0.0000    0.0229
 191   3/2+ [ 4 4 2]   0.15   35.9931    0.0000    0.0206
 192   3/2+ [ 1 6 1]   0.20   37.1702    0.0000    0.0168
 193   3/2+ [11 0 1]   0.25   37.5793    0.0000    0.2260
 194   3/2+ [ 3 5 1]   0.11   38.4861    0.0000    0.0222
 195   3/2+ [ 2 5 2]   0.14   39.1775    0.0000    0.0214
 196   3/2+ [ 7 1 1]   0.23   41.5385    0.0000    0.1946
 197   3/2+ [ 8 0 2]   0.21   41.6276    0.0000    0.2237
 198   3/2+ [13 1 1]   0.12   43.1689    0.0000    0.0133
 199   3/2+ [ 6 1 2]   0.20   43.2162    0.0000    0.3751
 200   3/2+ [ 8 2 2]   0.14   43.5469    0.0000    0.0092
 201   3/2+ [ 7 3 1]   0.10   43.9765    0.0000    0.0247
 202   3/2+ [14 0 2]   0.17   44.6139    0.0000    0.0278
 203   3/2+ [ 4 2 2]   0.16   45.3340    0.0000    0.1772
 204   3/2+ [ 3 3 1]   0.23   47.8273    0.0000    0.1713
 205   3/2+ [ 2 3 2]   0.18   49.9978    0.0000    0.1375
 206   3/2+ [ 1 4 1]   0.18   51.2660    0.0000    0.1344
 207   3/2+ [11 1 1]   0.11   51.8934    0.0000    0.2320
 208   3/2+ [13 1 1]   0.14   54.5560    0.0000    0.0418
 209   3/2+ [13 0 1]   0.11   54.7996    0.0000    0.1339
 210   3/2+ [12 1 2]   0.16   56.3037    0.0000    0.0425
 211   3/2+ [ 9 3 1]   0.25   58.5517    0.0000    0.0304
 212   3/2+ [12 0 2]   0.16   59.1430    0.0000    0.1344
 213   3/2+ [ 0 5 2]   0.43   59.1983    0.0000    0.0691
 214   3/2+ [10 2 2]   0.27   59.8677    0.0000    0.0227
 215   3/2+ [10 1 2]   0.11   62.1759    0.0000    0.2270
 216   3/2+ [ 7 4 1]   0.14   65.7170    0.0000    0.0942
 217   3/2+ [ 5 5 1]   0.18   67.2604    0.0000    0.0684
 218   3/2+ [ 8 2 2]   0.15   70.3069    0.0000    0.0798
 219   3/2+ [ 4 5 2]   0.19   71.5211    0.0000    0.0916
 220   3/2+ [ 3 6 1]   0.16   74.5359    0.0000    0.0897
 221   3/2+ [ 2 6 2]   0.16   77.7647    0.0000    0.0847
 222   3/2+ [ 1 7 1]   0.16   79.9425    0.0000    0.0818
 223   3/2+ [ 2 6 2]   0.24   83.0761    0.0000    0.0724
 224   3/2+ [ 1 7 1]   0.31   87.8843    0.0000    0.0642
 225   3/2+ [ 0 6 2]   0.36   97.0555    0.0000    0.0739
 226   3/2- [ 0 0 1]   0.96  -52.3452    0.9999    0.8748
 227   3/2- [ 1 0 2]   0.45  -35.8293    0.9997    0.9771
 228   3/2- [ 1 0 2]   0.51  -33.4185    0.9996    0.9570
 229   3/2- [ 0 1 1]   0.71  -28.8183    0.9995    0.9261
 230   3/2- [ 4 0 1]   0.49  -18.0031    0.9973    0.9510
 231   3/2- [ 3 0 2]   0.60  -11.2000    0.9650    0.8983
 232   3/2- [ 2 1 1]   0.65   -8.2913    0.1859    0.7859
 233   3/2- [ 1 1 2]   0.82   -3.8929    0.0040    0.6419
 234   3/2- [ 0 2 1]   0.87   -0.7594    0.0007    0.4274
 235   3/2- [ 4 1 1]   0.29    2.2512    0.0011    0.7321
 236   3/2- [ 5 0 2]   0.42   11.2627    0.0003    0.7145
 237   3/2- [ 6 0 1]   0.31   11.2965    0.0001    0.4838
 238   3/2- [ 0 5 1]   0.21   12.1885    0.0000    0.0072
 239   3/2- [ 3 3 2]   0.16   12.7281    0.0000    0.0073
 240   3/2- [12 0 1]   0.18   12.8814    0.0000    0.0065
 241   3/2- [ 0 5 1]   0.15   13.7289    0.0000    0.0073
 242   3/2- [ 1 4 2]   0.25   13.9035    0.0000    0.0067
 243   3/2- [ 3 1 2]   0.47   15.3754    0.0001    0.4614
 244   3/2- [11 0 2]   0.19   16.6814    0.0000    0.0073
 245   3/2- [ 2 2 1]   0.53   16.8630    0.0001    0.3778
 246   3/2- [ 8 2 1]   0.15   17.4643    0.0000    0.0061
 247   3/2- [ 1 2 2]   0.66   20.8003    0.0000    0.3075
 248   3/2- [ 0 3 1]   0.82   21.8033    0.0000    0.2342
 249   3/2- [ 6 1 1]   0.23   22.4485    0.0001    0.4812
 250   3/2- [ 7 2 2]   0.16   22.4993    0.0000    0.0067
 251   3/2- [10 1 1]   0.12   22.7447    0.0000    0.0061
 252   3/2- [ 8 0 1]   0.38   28.8156    0.0000    0.2888
 253   3/2- [ 4 4 1]   0.19   29.9804    0.0000    0.0074
 254   3/2- [ 5 3 2]   0.18   30.0764    0.0000    0.0074
 255   3/2- [ 7 0 2]   0.29   31.9281    0.0000    0.2767
 256   3/2- [ 5 1 2]   0.22   32.3787    0.0000    0.4664
 257   3/2- [ 4 2 1]   0.32   32.5091    0.0000    0.2395
 258   3/2- [14 0 1]   0.11   36.4329    0.0000    0.0369
 259   3/2- [ 3 2 2]   0.42   36.5729    0.0000    0.2255
 260   3/2- [14 0 1]   0.12   37.0456    0.0000    0.0377
 261   3/2- [ 2 3 1]   0.50   37.1644    0.0000    0.2068
 262   3/2- [14 0 1]   0.18   37.6866    0.0000    0.0364
 263   3/2- [ 1 6 2]   0.10   37.8549    0.0000    0.0342
 264   3/2- [ 0 7 1]   0.29   38.9152    0.0000    0.0286
 265   3/2- [13 0 2]   0.44   39.8731    0.0000    0.0366
 266   3/2- [ 1 3 2]   0.52   40.1743    0.0000    0.1672
 267   3/2- [ 6 3 1]   0.19   40.3134    0.0000    0.0150
 268   3/2- [ 0 4 1]   0.67   40.5114    0.0000    0.1336
 269   3/2- [11 1 2]   0.22   40.6825    0.0000    0.0146
 270   3/2- [ 6 2 1]   0.12   42.2580    0.0000    0.3050
 271   3/2- [10 2 1]   0.31   44.0429    0.0000    0.0457
 272   3/2- [ 9 2 2]   0.19   47.2037    0.0000    0.0480
 273   3/2- [12 0 1]   0.22   47.7637    0.0000    0.1814
 274   3/2- [ 6 4 1]   0.15   48.7747    0.0000    0.0477
 275   3/2- [10 1 1]   0.16   50.6553    0.0000    0.1489
 276   3/2- [11 0 2]   0.20   51.9658    0.0000    0.1793
 277   3/2- [ 7 1 2]   0.14   53.1598    0.0000    0.2969
 278   3/2- [11 1 2]   0.13   53.2151    0.0000    0.0619
 279   3/2- [ 8 3 1]   0.25   54.3037    0.0000    0.0469
 280   3/2- [ 9 1 2]   0.09   54.6921    0.0000    0.1413
 281   3/2- [11 1 2]   0.16   55.5820    0.0000    0.0559
 282   3/2- [ 7 3 2]   0.25   56.4260    0.0000    0.0384
 283   3/2- [ 4 3 1]   0.15   58.1239    0.0000    0.1427
 284   3/2- [ 6 4 1]   0.24   61.1910    0.0000    0.0847
 285   3/2- [ 5 4 2]   0.20   65.5523    0.0000    0.1044
 286   3/2- [ 1 6 2]   0.19   74.2482    0.0000    0.1090
 287   3/2- [ 2 6 1]   0.25   78.7032    0.0000    0.0977
 288   3/2- [ 1 6 2]   0.34   82.5987    0.0000    0.0821
 289   3/2- [ 0 7 1]   0.44   86.5891    0.0000    0.0747
 290   5/2+ [ 0 0 2]   0.96  -43.6842    0.9998    0.8653
 291   5/2+ [ 2 0 2]   0.72  -26.3055    0.9992    0.9864
 292   5/2+ [ 1 0 3]   0.79  -19.8887    0.9985    0.8519
 293   5/2+ [ 0 1 2]   0.89  -14.9546    0.9967    0.6920
 294   5/2+ [ 4 0 2]   0.58   -6.9137    0.0360    0.8085
 295   5/2+ [ 3 0 3]   0.69    1.8425    0.0014    0.8040
 296   5/2+ [ 2 1 2]   0.69    3.4639    0.0006    0.5886
 297   5/2+ [ 1 1 3]   0.84    8.0725    0.0002    0.4668
 298   5/2+ [ 0 4 2]   0.31    9.0782    0.0000    0.0071
 299   5/2+ [ 0 2 2]   0.85   10.7035    0.0001    0.3191
 300   5/2+ [ 6 2 2]   0.15   11.7679    0.0000    0.0056
 301   5/2+ [ 1 4 3]   0.18   12.7975    0.0000    0.0042
 302   5/2+ [ 6 0 2]   0.27   13.0586    0.0002    0.5972
 303   5/2+ [ 1 4 3]   0.15   13.7673    0.0000    0.0053
 304   5/2+ [ 2 4 2]   0.12   13.9272    0.0000    0.0053
 305   5/2+ [ 9 0 3]   0.11   17.9024    0.0000    0.0053
 306   5/2+ [ 2 4 2]   0.12   18.1095    0.0000    0.0051
 307   5/2+ [ 6 0 2]   0.29   22.1420    0.0000    0.3506
 308   5/2+ [ 5 0 3]   0.43   23.1646    0.0001    0.5682
 309   5/2+ [ 3 3 3]   0.10   23.8236    0.0000    0.0059
 310   5/2+ [12 0 2]   0.13   23.9850    0.0000    0.0058
 311   5/2+ [ 3 1 3]   0.47   26.3135    0.0000    0.3276
 312   5/2+ [ 2 2 2]   0.55   28.4164    0.0000    0.2975
 313   5/2+ [ 0 4 2]   0.36   29.9767    0.0000    0.0226
 314   5/2+ [ 0 3 2]   0.75   31.2886    0.0000    0.1826
 315   5/2+ [10 1 2]   0.21   31.9944    0.0000    0.0206
 316   5/2+ [11 0 3]   0.13   32.3096    0.0000    0.0082
 317   5/2+ [ 1 2 3]   0.61   32.5389    0.0000    0.2398
 318   5/2+ [ 9 1 3]   0.10   32.8046    0.0000    0.0109
 319   5/2+ [ 6 1 2]   0.22   33.1204    0.0000    0.3800
 320   5/2+ [ 9 1 3]   0.14   33.5580    0.0000    0.0234
 321   5/2+ [ 4 4 2]   0.15   35.7857    0.0000    0.0210
 322   5/2+ [ 1 5 3]   0.15   37.1588    0.0000    0.0166
 323   5/2+ [ 1 5 3]   0.11   38.2174    0.0000    0.0224
 324   5/2+ [ 2 5 2]   0.17   38.7473    0.0000    0.0214
 325   5/2+ [ 8 0 2]   0.24   39.6748    0.0000    0.2224
 326   5/2+ [ 8 2 2]   0.15   43.3167    0.0000    0.0123
 327   5/2+ [ 7 2 3]   0.16   43.5459    0.0000    0.0245
 328   5/2+ [ 7 0 3]   0.20   43.7140    0.0000    0.2119
 329   5/2+ [13 0 3]   0.12   43.7454    0.0000    0.0119
 330   5/2+ [ 5 1 3]   0.20   43.9716    0.0000    0.3677
 331   5/2+ [ 4 2 2]   0.21   44.2321    0.0000    0.1822
 332   5/2+ [14 0 2]   0.16   44.3435    0.0000    0.0261
 333   5/2+ [ 2 3 2]   0.28   49.1118    0.0000    0.1494
 334   5/2+ [ 3 2 3]   0.29   49.2751    0.0000    0.1720
 335   5/2+ [10 1 2]   0.12   52.2785    0.0000    0.2291
 336   5/2+ [ 1 3 3]   0.29   52.7979    0.0000    0.1243
 337   5/2+ [13 0 3]   0.18   54.5219    0.0000    0.0434
 338   5/2+ [12 1 2]   0.17   55.3808    0.0000    0.0436
 339   5/2+ [12 0 2]   0.21   55.6648    0.0000    0.1331
 340   5/2+ [ 0 5 2]   0.43   58.3208    0.0000    0.0670
 341   5/2+ [10 2 2]   0.30   58.7427    0.0000    0.0303
 342   5/2+ [ 9 2 3]   0.29   60.0222    0.0000    0.0226
 343   5/2+ [ 7 1 3]   0.14   62.6951    0.0000    0.2232
 344   5/2+ [ 7 3 3]   0.16   66.8015    0.0000    0.0769
 345   5/2+ [11 1 3]   0.13   67.8308    0.0000    0.0934
 346   5/2+ [10 2 2]   0.14   69.5426    0.0000    0.0947
 347   5/2+ [ 7 3 3]   0.18   71.0456    0.0000    0.0776
 348   5/2+ [ 3 5 3]   0.12   75.0008    0.0000    0.0922
 349   5/2+ [ 2 6 2]   0.14   76.0053    0.0000    0.0818
 350   5/2+ [ 1 6 3]   0.19   79.8715    0.0000    0.0845
 351   5/2+ [ 2 6 2]   0.23   82.3366    0.0000    0.0724
 352   5/2+ [ 1 6 3]   0.26   86.9137    0.0000    0.0616
 353   5/2+ [ 0 6 2]   0.36   96.5857    0.0000    0.0740
 354   5/2- [ 1 0 2]   0.80  -35.0998    0.9997    0.9141
 355   5/2- [ 0 0 3]   0.82  -30.3593    0.9996    0.8250
 356   5/2- [ 3 0 2]   0.69  -16.9130    0.9966    0.9354
 357   5/2- [ 2 0 3]   0.77   -9.0753    0.5852    0.8643
 358   5/2- [ 1 1 2]   0.83   -5.9153    0.0101    0.6146
 359   5/2- [ 0 1 3]   0.88   -1.2019    0.0012    0.5298
 360   5/2- [ 5 0 2]   0.42    2.9165    0.0009    0.7033
 361   5/2- [ 4 0 3]   0.57   12.6362    0.0003    0.6918
 362   5/2- [ 3 3 2]   0.16   12.7341    0.0000    0.0075
 363   5/2- [ 0 4 3]   0.30   12.8438    0.0000    0.0062
 364   5/2- [ 3 1 2]   0.45   13.0185    0.0001    0.4532
 365   5/2- [ 1 4 2]   0.30   13.8166    0.0000    0.0067
 366   5/2- [ 0 4 3]   0.17   14.3139    0.0000    0.0069
 367   5/2- [11 0 2]   0.19   16.6765    0.0000    0.0073
 368   5/2- [ 8 1 3]   0.16   17.3277    0.0000    0.0065
 369   5/2- [ 2 1 3]   0.66   17.6474    0.0001    0.4238
 370   5/2- [ 1 2 2]   0.66   19.5966    0.0000    0.3058
 371   5/2- [ 7 2 2]   0.16   22.5067    0.0000    0.0067
 372   5/2- [ 0 2 3]   0.81   22.7961    0.0000    0.2557
 373   5/2- [10 0 3]   0.19   22.9354    0.0000    0.0061
 374   5/2- [ 5 1 2]   0.27   22.9975    0.0001    0.4722
 375   5/2- [ 5 3 2]   0.20   30.0451    0.0000    0.0075
 376   5/2- [ 4 3 3]   0.24   30.2801    0.0000    0.0072
 377   5/2- [ 7 0 2]   0.31   30.4655    0.0000    0.2752
 378   5/2- [ 6 0 3]   0.29   33.1291    0.0000    0.4550
 379   5/2- [ 4 1 3]   0.35   34.2829    0.0000    0.2635
 380   5/2- [ 3 2 2]   0.39   35.4373    0.0000    0.2231
 381   5/2- [ 1 5 2]   0.11   36.1074    0.0000    0.0363
 382   5/2- [ 2 4 3]   0.18   37.3418    0.0000    0.0347
 383   5/2- [ 1 6 2]   0.15   37.6902    0.0000    0.0322
 384   5/2- [ 0 6 3]   0.31   38.5922    0.0000    0.0252
 385   5/2- [ 1 3 2]   0.52   38.9575    0.0000    0.1653
 386   5/2- [13 0 2]   0.47   39.5357    0.0000    0.0392
 387   5/2- [ 2 2 3]   0.51   39.9145    0.0000    0.2219
 388   5/2- [11 1 2]   0.21   40.4963    0.0000    0.0147
 389   5/2- [ 6 2 3]   0.19   40.7487    0.0000    0.0124
 390   5/2- [ 0 3 3]   0.63   41.8039    0.0000    0.1394
 391   5/2- [12 0 3]   0.28   42.5433    0.0000    0.0413
 392   5/2- [ 7 1 2]   0.17   42.6133    0.0000    0.3001
 393   5/2- [ 9 2 2]   0.22   46.8476    0.0000    0.0476
 394   5/2- [11 0 2]   0.25   49.1158    0.0000    0.1775
 395   5/2- [ 8 2 3]   0.18   49.3508    0.0000    0.0457
 396   5/2- [10 0 3]   0.10   52.8355    0.0000    0.1595
 397   5/2- [11 1 2]   0.18   52.9721    0.0000    0.0649
 398   5/2- [ 6 1 3]   0.18   53.8721    0.0000    0.2919
 399   5/2- [ 8 1 3]   0.11   54.1857    0.0000    0.1516
 400   5/2- [ 9 2 2]   0.24   54.5030    0.0000    0.0462
 401   5/2- [10 1 3]   0.25   55.7808    0.0000    0.0554
 402   5/2- [ 8 2 3]   0.29   56.6256    0.0000    0.0374
 403   5/2- [ 4 2 3]   0.20   59.0268    0.0000    0.1453
 404   5/2- [ 5 4 2]   0.23   61.2629    0.0000    0.0841
 405   5/2- [ 6 3 3]   0.19   65.7042    0.0000    0.1037
 406   5/2- [ 1 6 2]   0.20   72.9290    0.0000    0.1074
 407   5/2- [ 2 5 3]   0.31   78.0133    0.0000    0.1070
 408   5/2- [ 1 6 2]   0.33   81.9822    0.0000    0.0822
 409   5/2- [ 0 6 3]   0.45   85.7968    0.0000    0.0738
 410   7/2+ [ 1 0 3]   0.91  -24.4414    0.9992    0.8553
 411   7/2+ [ 0 0 4]   0.90  -17.1274    0.9980    0.7358
 412   7/2+ [ 3 0 3]   0.74   -5.6357    0.0139    0.7930
 413   7/2+ [ 2 0 4]   0.79    4.0530    0.0009    0.7637
 414   7/2+ [ 1 1 3]   0.83    5.6571    0.0002    0.4553
 415   7/2+ [ 0 3 4]   0.32   10.2466    0.0000    0.0064
 416   7/2+ [ 0 1 4]   0.86   10.3978    0.0001    0.3901
 417   7/2+ [ 1 4 3]   0.21   12.8258    0.0000    0.0042
 418   7/2+ [ 5 0 3]   0.43   13.9628    0.0002    0.5803
 419   7/2+ [ 1 4 3]   0.17   13.9739    0.0000    0.0052
 420   7/2+ [ 4 2 4]   0.17   14.3469    0.0000    0.0051
 421   7/2+ [ 2 3 4]   0.14   18.1571    0.0000    0.0052
 422   7/2+ [ 3 3 3]   0.12   18.3131    0.0000    0.0050
 423   7/2+ [ 3 1 3]   0.46   23.7479    0.0000    0.3263
 424   7/2+ [ 4 2 4]   0.13   24.0555    0.0000    0.0058
 425   7/2+ [11 0 3]   0.18   24.3053    0.0000    0.0054
 426   7/2+ [ 4 0 4]   0.55   24.5948    0.0001    0.5465
 427   7/2+ [ 2 1 4]   0.59   28.9451    0.0000    0.3064
 428   7/2+ [ 0 3 4]   0.33   30.0083    0.0000    0.0217
 429   7/2+ [ 1 2 3]   0.61   31.0183    0.0000    0.2373
 430   7/2+ [10 0 4]   0.12   32.6378    0.0000    0.0061
 431   7/2+ [10 0 4]   0.14   32.7357    0.0000    0.0064
 432   7/2+ [ 5 1 3]   0.23   33.9703    0.0000    0.3729
 433   7/2+ [ 0 2 4]   0.70   34.0172    0.0000    0.2049
 434   7/2+ [ 7 2 3]   0.10   34.3542    0.0000    0.0231
 435   7/2+ [ 6 2 4]   0.11   35.2927    0.0000    0.0235
 436   7/2+ [ 1 5 3]   0.17   36.9774    0.0000    0.0163
 437   7/2+ [ 2 4 4]   0.13   38.6862    0.0000    0.0216
 438   7/2+ [ 1 5 3]   0.11   39.0490    0.0000    0.0214
 439   7/2+ [ 7 0 3]   0.20   41.2296    0.0000    0.2111
 440   7/2+ [ 7 2 3]   0.19   43.5471    0.0000    0.0099
 441   7/2+ [ 6 3 4]   0.12   43.7600    0.0000    0.0252
 442   7/2+ [12 0 4]   0.16   44.0159    0.0000    0.0111
 443   7/2+ [ 6 0 4]   0.28   45.0356    0.0000    0.3575
 444   7/2+ [13 0 3]   0.21   45.2056    0.0000    0.0270
 445   7/2+ [ 4 1 4]   0.27   46.2567    0.0000    0.2013
 446   7/2+ [ 3 2 3]   0.30   46.8750    0.0000    0.1697
 447   7/2+ [ 1 3 3]   0.26   50.9181    0.0000    0.1249
 448   7/2+ [ 7 1 3]   0.14   52.8083    0.0000    0.2244
 449   7/2+ [ 2 2 4]   0.30   53.3136    0.0000    0.1587
 450   7/2+ [12 0 4]   0.19   55.1038    0.0000    0.0409
 451   7/2+ [ 5 2 3]   0.12   55.9974    0.0000    0.0420
 452   7/2+ [11 0 3]   0.19   57.2801    0.0000    0.1305
 453   7/2+ [ 0 4 4]   0.46   58.1047    0.0000    0.0672
 454   7/2+ [ 9 2 3]   0.35   58.9972    0.0000    0.0282
 455   7/2+ [10 1 4]   0.31   60.3223    0.0000    0.0215
 456   7/2+ [10 0 4]   0.15   63.5201    0.0000    0.2182
 457   7/2+ [ 5 4 3]   0.18   67.2509    0.0000    0.0645
 458   7/2+ [ 8 1 4]   0.18   69.8113    0.0000    0.0894
 459   7/2+ [ 7 3 3]   0.16   71.3043    0.0000    0.0862
 460   7/2+ [ 6 3 4]   0.13   72.6550    0.0000    0.0929
 461   7/2+ [ 1 6 3]   0.25   76.1135    0.0000    0.0764
 462   7/2+ [ 4 4 4]   0.21   78.8631    0.0000    0.0903
 463   7/2+ [ 2 5 4]   0.39   81.2521    0.0000    0.0732
 464   7/2+ [ 1 6 3]   0.26   85.9955    0.0000    0.0616
 465   7/2+ [ 0 5 4]   0.37   96.1119    0.0000    0.0795
 466   7/2- [ 0 0 3]   0.96  -33.4345    0.9997    0.8352
 467   7/2- [ 2 0 3]   0.83  -15.1822    0.9951    0.8840
 468   7/2- [ 1 0 4]   0.87   -6.6041    0.0234    0.7361
 469   7/2- [ 0 1 3]   0.91   -3.6060    0.0022    0.5039
 470   7/2- [ 4 0 3]   0.60    4.0838    0.0007    0.6909
 471   7/2- [ 0 4 3]   0.26   12.8861    0.0000    0.0064
 472   7/2- [ 0 4 3]   0.18   14.0879    0.0000    0.0067
 473   7/2- [ 1 3 4]   0.20   14.1477    0.0000    0.0068
 474   7/2- [ 3 0 4]   0.69   14.4839    0.0002    0.6650
 475   7/2- [ 2 1 3]   0.65   15.0331    0.0001    0.4178
 476   7/2- [ 1 3 4]   0.19   17.0580    0.0000    0.0073
 477   7/2- [ 8 1 3]   0.16   17.3407    0.0000    0.0065
 478   7/2- [ 1 1 4]   0.76   19.8562    0.0000    0.3356
 479   7/2- [ 0 2 3]   0.81   21.3520    0.0000    0.2549
 480   7/2- [ 9 0 4]   0.21   22.6300    0.0000    0.0071
 481   7/2- [10 0 3]   0.18   22.9391    0.0000    0.0062
 482   7/2- [ 6 0 3]   0.28   23.8174    0.0001    0.4614
 483   7/2- [ 4 3 3]   0.24   30.2496    0.0000    0.0072
 484   7/2- [ 9 0 4]   0.20   30.4627    0.0000    0.0073
 485   7/2- [ 4 1 3]   0.31   32.1562    0.0000    0.2612
 486   7/2- [ 5 0 4]   0.42   34.3704    0.0000    0.4416
 487   7/2- [ 2 4 3]   0.21   36.4018    0.0000    0.0338
 488   7/2- [ 3 1 4]   0.44   36.7628    0.0000    0.2451
 489   7/2- [ 3 4 4]   0.13   37.1477    0.0000    0.0337
 490   7/2- [ 0 6 3]   0.28   38.3492    0.0000    0.0260
 491   7/2- [ 2 2 3]   0.48   38.8012    0.0000    0.2184
 492   7/2- [ 1 4 4]   0.20   38.8066    0.0000    0.0326
 493   7/2- [ 0 3 3]   0.64   40.3267    0.0000    0.1372
 494   7/2- [ 6 2 3]   0.22   40.5225    0.0000    0.0141
 495   7/2- [ 7 1 4]   0.24   41.0351    0.0000    0.0112
 496   7/2- [ 1 2 4]   0.53   41.9032    0.0000    0.1778
 497   7/2- [10 1 3]   0.28   42.0490    0.0000    0.0402
 498   7/2- [ 6 1 3]   0.21   43.3919    0.0000    0.2947
 499   7/2- [11 0 4]   0.31   46.6633    0.0000    0.0472
 500   7/2- [ 8 2 3]   0.19   48.5505    0.0000    0.0461
 501   7/2- [10 0 3]   0.19   50.5325    0.0000    0.1711
 502   7/2- [10 1 3]   0.17   53.2803    0.0000    0.0625
 503   7/2- [ 8 2 3]   0.31   54.7519    0.0000    0.0455
 504   7/2- [ 9 0 4]   0.17   54.8533    0.0000    0.2848
 505   7/2- [ 6 2 3]   0.09   55.1094    0.0000    0.1489
 506   7/2- [ 9 1 4]   0.16   55.8811    0.0000    0.0592
 507   7/2- [ 7 2 4]   0.37   56.8114    0.0000    0.0342
 508   7/2- [ 4 2 3]   0.10   57.0877    0.0000    0.1521
 509   7/2- [ 6 3 3]   0.25   61.3951    0.0000    0.0837
 510   7/2- [ 5 3 4]   0.25   65.9282    0.0000    0.1028
 511   7/2- [ 1 5 4]   0.16   73.9584    0.0000    0.1113
 512   7/2- [ 2 5 3]   0.29   76.2921    0.0000    0.1050
 513   7/2- [ 1 5 4]   0.38   81.0256    0.0000    0.0843
 514   7/2- [ 0 6 3]   0.45   84.9220    0.0000    0.0738
 515   9/2+ [ 0 0 4]   0.97  -22.4845    0.9992    0.7569
 516   9/2+ [ 2 0 4]   0.85   -4.0471    0.0059    0.7540
 517   9/2+ [ 1 0 5]   0.87    6.5126    0.0004    0.6334
 518   9/2+ [ 0 3 4]   0.33   10.1229    0.0000    0.0066
 519   9/2+ [ 0 1 4]   0.59   10.3679    0.0001    0.4307
 520   9/2+ [ 4 0 4]   0.37   12.5150    0.0001    0.5076
 521   9/2+ [ 4 2 4]   0.17   14.3766    0.0000    0.0052
 522   9/2+ [ 1 3 5]   0.29   15.0112    0.0000    0.0039
 523   9/2+ [ 2 3 4]   0.21   18.1514    0.0000    0.0054
 524   9/2+ [ 5 1 5]   0.18   18.5013    0.0000    0.0051
 525   9/2+ [ 4 2 4]   0.17   23.9911    0.0000    0.0063
 526   9/2+ [ 3 2 5]   0.20   24.3640    0.0000    0.0058
 527   9/2+ [ 2 1 4]   0.59   25.8848    0.0000    0.3064
 528   9/2+ [ 3 0 5]   0.65   26.3823    0.0001    0.5196
 529   9/2+ [ 0 3 4]   0.33   29.7006    0.0000    0.0221
 530   9/2+ [ 1 1 5]   0.66   31.6394    0.0000    0.2541
 531   9/2+ [ 0 2 4]   0.70   32.5112    0.0000    0.2020
 532   9/2+ [10 0 4]   0.27   32.6521    0.0000    0.0069
 533   9/2+ [ 9 0 5]   0.30   33.0734    0.0000    0.0056
 534   9/2+ [ 8 1 4]   0.13   35.0162    0.0000    0.0244
 535   9/2+ [ 6 0 4]   0.27   35.0810    0.0000    0.3636
 536   9/2+ [ 5 2 5]   0.09   37.3839    0.0000    0.0197
 537   9/2+ [ 2 2 4]   0.12   38.2721    0.0000    0.0218
 538   9/2+ [ 1 4 5]   0.17   38.9778    0.0000    0.0201
 539   9/2+ [ 2 4 4]   0.11   43.0357    0.0000    0.0307
 540   9/2+ [ 4 1 4]   0.25   43.0554    0.0000    0.2001
 541   9/2+ [ 8 1 4]   0.21   43.8356    0.0000    0.0081
 542   9/2+ [ 7 1 5]   0.14   44.0941    0.0000    0.0253
 543   9/2+ [11 0 5]   0.19   44.3574    0.0000    0.0108
 544   9/2+ [ 5 0 5]   0.38   46.5225    0.0000    0.3456
 545   9/2+ [ 3 1 5]   0.32   48.7989    0.0000    0.1884
 546   9/2+ [ 2 2 4]   0.32   50.1271    0.0000    0.1595
 547   9/2+ [ 6 1 4]   0.16   53.6948    0.0000    0.2194
 548   9/2+ [12 0 4]   0.25   54.0019    0.0000    0.0442
 549   9/2+ [ 1 2 5]   0.33   55.1351    0.0000    0.1330
 550   9/2+ [11 0 5]   0.24   56.5055    0.0000    0.0419
 551   9/2+ [ 0 4 4]   0.46   56.6640    0.0000    0.0648
 552   9/2+ [10 1 4]   0.38   59.2772    0.0000    0.0287
 553   9/2+ [ 9 1 5]   0.40   60.7081    0.0000    0.0203
 554   9/2+ [ 9 0 5]   0.18   64.6350    0.0000    0.2119
 555   9/2+ [ 8 1 4]   0.20   66.2761    0.0000    0.0833
 556   9/2+ [ 4 4 4]   0.18   68.5691    0.0000    0.0848
 557   9/2+ [ 7 1 5]   0.20   70.8681    0.0000    0.0742
 558   9/2+ [ 3 4 5]   0.12   73.7063    0.0000    0.0948
 559   9/2+ [ 2 5 4]   0.12   75.2006    0.0000    0.0909
 560   9/2+ [ 4 4 4]   0.19   78.9704    0.0000    0.0764
 561   9/2+ [ 3 4 5]   0.18   80.3492    0.0000    0.0815
 562   9/2+ [ 1 5 5]   0.39   83.4765    0.0000    0.0590
 563   9/2+ [ 0 5 4]   0.37   94.8764    0.0000    0.0790
 564   9/2- [ 1 0 4]   0.92  -13.3310    0.9932    0.7350
 565   9/2- [ 0 0 5]   0.92   -4.1792    0.0046    0.6462
 566   9/2- [ 3 0 4]   0.73    5.5262    0.0005    0.6726
 567   9/2- [ 1 3 4]   0.27   13.9562    0.0000    0.0066
 568   9/2- [ 0 3 5]   0.39   14.4467    0.0000    0.0057
 569   9/2- [ 2 0 5]   0.77   16.6707    0.0001    0.6233
 570   9/2- [ 1 3 4]   0.19   16.9636    0.0000    0.0077
 571   9/2- [ 1 1 4]   0.76   17.0040    0.0000    0.3335
 572   9/2- [ 2 2 5]   0.21   17.3931    0.0000    0.0070
 573   9/2- [ 9 0 4]   0.22   22.6418    0.0000    0.0072
 574   9/2- [ 6 1 5]   0.20   23.2833    0.0000    0.0062
 575   9/2- [ 0 1 5]   0.65   24.6044    0.0000    0.3090
 576   9/2- [ 5 0 4]   0.42   25.0462    0.0000    0.4500
 577   9/2- [ 9 0 4]   0.20   30.4323    0.0000    0.0074
 578   9/2- [ 4 2 5]   0.26   30.8189    0.0000    0.0069
 579   9/2- [ 4 0 5]   0.41   33.1307    0.0000    0.3997
 580   9/2- [ 3 1 4]   0.41   33.7212    0.0000    0.2427
 581   9/2- [ 3 3 4]   0.13   36.4084    0.0000    0.0338
 582   9/2- [ 2 3 5]   0.12   37.6448    0.0000    0.0300
 583   9/2- [ 1 4 4]   0.15   38.0122    0.0000    0.0315
 584   9/2- [ 0 5 5]   0.19   39.6045    0.0000    0.0302
 585   9/2- [ 2 1 5]   0.48   40.1901    0.0000    0.2310
 586   9/2- [ 1 2 4]   0.51   40.4448    0.0000    0.1736
 587   9/2- [ 7 1 4]   0.24   40.8571    0.0000    0.0115
 588   9/2- [ 6 1 5]   0.29   41.3751    0.0000    0.0107
 589   9/2- [ 0 2 5]   0.57   44.0745    0.0000    0.1568
 590   9/2- [ 9 0 4]   0.18   44.5626    0.0000    0.2889
 591   9/2- [11 0 4]   0.31   45.8657    0.0000    0.0473
 592   9/2- [ 8 1 5]   0.25   49.1822    0.0000    0.0456
 593   9/2- [ 7 1 4]   0.13   51.9252    0.0000    0.1628
 594   9/2- [11 0 4]   0.15   53.2240    0.0000    0.0638
 595   9/2- [ 7 2 4]   0.30   55.0733    0.0000    0.0454
 596   9/2- [ 6 0 5]   0.26   55.9944    0.0000    0.2751
 597   9/2- [10 0 5]   0.26   56.3835    0.0000    0.0567
 598   9/2- [ 8 1 5]   0.35   57.1917    0.0000    0.0327
 599   9/2- [ 4 1 5]   0.17   58.4642    0.0000    0.1568
 600   9/2- [ 5 3 4]   0.29   61.5822    0.0000    0.0835
 601   9/2- [ 4 3 5]   0.22   66.2115    0.0000    0.1018
 602   9/2- [ 1 5 4]   0.17   71.5140    0.0000    0.1102
 603   9/2- [ 2 4 5]   0.33   76.8809    0.0000    0.1059
 604   9/2- [ 1 5 4]   0.37   79.0683    0.0000    0.0824
 605   9/2- [ 0 5 5]   0.50   83.6088    0.0000    0.0771
 606  11/2+ [ 1 0 5]   0.91   -2.2246    0.0022    0.6234
 607  11/2+ [ 0 0 6]   0.90    8.4561    0.0002    0.5473
 608  11/2+ [ 0 2 6]   0.32   13.4031    0.0000    0.0064
 609  11/2+ [ 1 3 5]   0.29   15.0670    0.0000    0.0040
 610  11/2+ [ 3 0 5]   0.68   16.7235    0.0001    0.5327
 611  11/2+ [ 5 1 5]   0.18   18.4582    0.0000    0.0052
 612  11/2+ [ 2 2 6]   0.22   18.9414    0.0000    0.0047
 613  11/2+ [ 3 2 5]   0.21   24.2767    0.0000    0.0062
 614  11/2+ [ 2 2 6]   0.17   24.7098    0.0000    0.0057
 615  11/2+ [ 1 1 5]   0.65   28.1918    0.0000    0.2549
 616  11/2+ [ 2 0 6]   0.72   28.9028    0.0000    0.4924
 617  11/2+ [ 0 2 6]   0.35   31.7273    0.0000    0.0235
 618  11/2+ [ 9 0 5]   0.30   33.0429    0.0000    0.0059
 619  11/2+ [ 8 0 6]   0.31   33.5161    0.0000    0.0051
 620  11/2+ [ 0 1 6]   0.71   33.6163    0.0000    0.2220
 621  11/2+ [ 5 0 5]   0.38   36.3132    0.0000    0.3508
 622  11/2+ [ 5 2 5]   0.11   37.1768    0.0000    0.0211
 623  11/2+ [ 1 4 5]   0.21   38.5116    0.0000    0.0198
 624  11/2+ [ 2 1 6]   0.12   39.7385    0.0000    0.0214
 625  11/2+ [ 3 3 5]   0.12   43.3286    0.0000    0.0306
 626  11/2+ [ 7 1 5]   0.25   44.1813    0.0000    0.0076
 627  11/2+ [ 6 1 6]   0.15   44.4230    0.0000    0.0265
 628  11/2+ [10 0 6]   0.20   44.7482    0.0000    0.0092
 629  11/2+ [ 3 1 5]   0.30   44.9188    0.0000    0.1874
 630  11/2+ [ 4 0 6]   0.47   48.0721    0.0000    0.3280
 631  11/2+ [ 1 2 5]   0.36   52.1105    0.0000    0.1290
 632  11/2+ [ 2 1 6]   0.33   52.6416    0.0000    0.1785
 633  11/2+ [11 0 5]   0.25   54.7948    0.0000    0.0415
 634  11/2+ [ 9 0 5]   0.20   54.8777    0.0000    0.2136
 635  11/2+ [10 0 6]   0.20   57.4638    0.0000    0.0423
 636  11/2+ [ 0 3 6]   0.44   58.0889    0.0000    0.0676
 637  11/2+ [ 9 1 5]   0.45   59.7271    0.0000    0.0266
 638  11/2+ [ 8 1 6]   0.44   61.1812    0.0000    0.0190
 639  11/2+ [ 6 0 6]   0.23   65.8151    0.0000    0.2033
 640  11/2+ [ 7 2 5]   0.29   67.2206    0.0000    0.0698
 641  11/2+ [ 3 4 5]   0.17   69.8035    0.0000    0.0941
 642  11/2+ [ 6 2 6]   0.26   71.4658    0.0000    0.0706
 643  11/2+ [ 1 5 5]   0.14   75.4803    0.0000    0.0824
 644  11/2+ [ 4 3 6]   0.17   77.3531    0.0000    0.0957
 645  11/2+ [ 2 4 6]   0.35   81.0339    0.0000    0.0740
 646  11/2+ [ 1 5 5]   0.39   81.7771    0.0000    0.0595
 647  11/2+ [ 0 4 6]   0.38   93.8510    0.0000    0.0844
 648  11/2- [ 0 0 5]   0.96  -11.4877    0.9845    0.6540
 649  11/2- [ 2 0 5]   0.82    7.2540    0.0004    0.6251
 650  11/2- [ 0 3 5]   0.39   14.4062    0.0000    0.0058
 651  11/2- [ 2 2 5]   0.21   17.3258    0.0000    0.0074
 652  11/2- [ 1 2 6]   0.38   17.6269    0.0000    0.0061
 653  11/2- [ 0 1 5]   0.81   18.8300    0.0000    0.2853
 654  11/2- [ 1 0 6]   0.83   19.0691    0.0001    0.5113
 655  11/2- [ 6 1 5]   0.20   23.2739    0.0000    0.0063
 656  11/2- [ 5 1 6]   0.23   23.9904    0.0000    0.0055
 657  11/2- [ 4 0 5]   0.53   26.2580    0.0000    0.4308
 658  11/2- [ 4 2 5]   0.26   30.7825    0.0000    0.0070
 659  11/2- [ 3 2 6]   0.27   31.2160    0.0000    0.0067
 660  11/2- [ 2 1 5]   0.48   36.4756    0.0000    0.2303
 661  11/2- [ 2 3 5]   0.16   37.1307    0.0000    0.0295
 662  11/2- [ 3 0 6]   0.60   37.7971    0.0000    0.3985
 663  11/2- [ 0 5 5]   0.20   38.7631    0.0000    0.0295
 664  11/2- [ 1 3 6]   0.21   39.5559    0.0000    0.0281
 665  11/2- [ 6 1 5]   0.29   41.2061    0.0000    0.0109
 666  11/2- [ 5 1 6]   0.29   41.7803    0.0000    0.0103
 667  11/2- [ 0 2 5]   0.58   42.1326    0.0000    0.1539
 668  11/2- [ 1 1 6]   0.52   43.1997    0.0000    0.1930
 669  11/2- [ 6 0 5]   0.26   45.6089    0.0000    0.2789
 670  11/2- [ 8 1 5]   0.24   47.8921    0.0000    0.0458
 671  11/2- [ 7 1 6]   0.23   51.5134    0.0000    0.0411
 672  11/2- [ 4 1 5]   0.16   53.5206    0.0000    0.1538
 673  11/2- [10 0 5]   0.20   53.7220    0.0000    0.0597
 674  11/2- [ 8 1 5]   0.41   55.5270    0.0000    0.0437
 675  11/2- [ 9 0 6]   0.32   56.9600    0.0000    0.0542
 676  11/2- [ 5 0 6]   0.34   57.4555    0.0000    0.2638
 677  11/2- [ 7 1 6]   0.46   57.6676    0.0000    0.0309
 678  11/2- [ 3 1 6]   0.21   60.5517    0.0000    0.1461
 679  11/2- [ 4 3 5]   0.25   61.8121    0.0000    0.0833
 680  11/2- [ 5 2 6]   0.26   66.5748    0.0000    0.1008
 681  11/2- [ 2 4 5]   0.33   73.8883    0.0000    0.1027
 682  11/2- [ 1 4 6]   0.42   78.8579    0.0000    0.0864
 683  11/2- [ 0 5 5]   0.50   81.6312    0.0000    0.0763
 684  13/2+ [ 0 0 6]   0.94   -0.5519    0.0011    0.5522
 685  13/2+ [ 0 2 6]   0.32   13.3057    0.0000    0.0068
 686  13/2+ [ 2 0 6]   0.75   18.6968    0.0001    0.4968
 687  13/2+ [ 2 2 6]   0.22   18.8941    0.0000    0.0049
 688  13/2+ [ 1 2 7]   0.36   19.4260    0.0000    0.0039
 689  13/2+ [ 2 2 6]   0.17   24.6129    0.0000    0.0061
 690  13/2+ [ 3 1 7]   0.21   25.1263    0.0000    0.0054
 691  13/2+ [ 0 1 6]   0.72   29.7082    0.0000    0.2227
 692  13/2+ [ 1 0 7]   0.76   31.2481    0.0000    0.4014
 693  13/2+ [ 0 2 6]   0.35   31.4806    0.0000    0.0250
 694  13/2+ [ 8 0 6]   0.31   33.4865    0.0000    0.0053
 695  13/2+ [ 7 0 7]   0.28   34.0254    0.0000    0.0046
 696  13/2+ [ 4 0 6]   0.47   37.8101    0.0000    0.3342
 697  13/2+ [ 4 2 6]   0.13   39.1951    0.0000    0.0220
 698  13/2+ [ 1 3 7]   0.22   40.8876    0.0000    0.0162
 699  13/2+ [ 2 3 6]   0.15   43.6263    0.0000    0.0307
 700  13/2+ [ 6 1 6]   0.27   44.5852    0.0000    0.0071
 701  13/2+ [ 5 1 7]   0.16   44.9443    0.0000    0.0259
 702  13/2+ [ 7 0 7]   0.24   45.2019    0.0000    0.0087
 703  13/2+ [ 2 1 6]   0.33   48.0541    0.0000    0.1777
 704  13/2+ [ 3 0 7]   0.53   50.0623    0.0000    0.3074
 705  13/2+ [ 1 1 7]   0.36   55.6205    0.0000    0.1485
 706  13/2+ [10 0 6]   0.21   55.6870    0.0000    0.0406
 707  13/2+ [ 0 3 6]   0.46   55.9970    0.0000    0.0672
 708  13/2+ [ 6 0 6]   0.23   56.0258    0.0000    0.2054
 709  13/2+ [ 5 0 7]   0.20   58.6669    0.0000    0.0365
 710  13/2+ [ 8 1 6]   0.46   60.2560    0.0000    0.0245
 711  13/2+ [ 7 1 7]   0.42   61.7367    0.0000    0.0176
 712  13/2+ [ 5 0 7]   0.29   67.2921    0.0000    0.1939
 713  13/2+ [ 6 2 6]   0.36   67.8243    0.0000    0.0645
 714  13/2+ [ 6 2 6]   0.14   71.2533    0.0000    0.0919
 715  13/2+ [ 5 2 7]   0.30   72.0423    0.0000    0.0713
 716  13/2+ [ 2 4 6]   0.22   77.2613    0.0000    0.0735
 717  13/2+ [ 3 3 7]   0.18   79.0437    0.0000    0.0922
 718  13/2+ [ 1 4 7]   0.40   82.3919    0.0000    0.0603
 719  13/2+ [ 0 4 6]   0.37   91.6324    0.0000    0.0837
 720  13/2- [ 1 0 6]   0.86    9.0982    0.0002    0.5106
 721  13/2- [ 1 2 6]   0.39   17.5792    0.0000    0.0064
 722  13/2- [ 0 2 7]   0.43   18.0480    0.0000    0.0055
 723  13/2- [ 0 0 7]   0.85   20.7161    0.0001    0.4472
 724  13/2- [ 2 1 7]   0.30   23.0928    0.0000    0.0080
 725  13/2- [ 5 1 6]   0.22   23.9778    0.0000    0.0056
 726  13/2- [ 3 0 6]   0.62   27.9576    0.0000    0.4069
 727  13/2- [ 3 2 6]   0.27   31.1727    0.0000    0.0068
 728  13/2- [ 6 0 7]   0.25   31.5568    0.0000    0.0069
 729  13/2- [ 1 3 6]   0.24   38.6897    0.0000    0.0285
 730  13/2- [ 1 1 6]   0.51   39.0950    0.0000    0.1928
 731  13/2- [ 0 4 7]   0.21   40.1297    0.0000    0.0260
 732  13/2- [ 2 0 7]   0.64   40.7166    0.0000    0.3752
 733  13/2- [ 5 1 6]   0.29   41.6190    0.0000    0.0103
 734  13/2- [ 6 0 7]   0.30   42.2544    0.0000    0.0100
 735  13/2- [ 2 1 7]   0.16   43.1914    0.0000    0.0429
 736  13/2- [ 0 1 7]   0.58   44.9108    0.0000    0.1707
 737  13/2- [ 5 0 6]   0.34   46.8528    0.0000    0.2670
 738  13/2- [ 7 1 6]   0.24   49.9023    0.0000    0.0418
 739  13/2- [ 9 0 6]   0.24   54.1755    0.0000    0.0568
 740  13/2- [ 3 1 6]   0.21   55.3506    0.0000    0.1445
 741  13/2- [ 7 1 6]   0.43   56.0660    0.0000    0.0422
 742  13/2- [ 8 0 7]   0.24   57.4484    0.0000    0.0561
 743  13/2- [ 6 1 7]   0.45   58.1634    0.0000    0.0278
 744  13/2- [ 4 0 7]   0.41   58.9613    0.0000    0.2476
 745  13/2- [ 5 2 6]   0.32   62.0964    0.0000    0.0834
 746  13/2- [ 4 2 7]   0.32   66.9816    0.0000    0.0995
 747  13/2- [ 2 3 7]   0.22   75.3474    0.0000    0.1041
 748  13/2- [ 1 4 6]   0.29   76.1322    0.0000    0.0959
 749  13/2- [ 0 4 7]   0.51   81.3989    0.0000    0.0793
 750  15/2+ [ 1 2 7]   0.37   19.3680    0.0000    0.0040
 751  15/2+ [ 0 2 8]   0.43   19.8838    0.0000    0.0035
 752  15/2+ [ 1 0 7]   0.77   20.5284    0.0000    0.4040
 753  15/2+ [ 3 1 7]   0.22   25.0210    0.0000    0.0059
 754  15/2+ [ 2 1 8]   0.31   25.6325    0.0000    0.0049
 755  15/2+ [ 0 0 8]   0.77   32.7823    0.0000    0.3573
 756  15/2+ [ 7 0 7]   0.29   33.9968    0.0000    0.0047
 757  15/2+ [ 6 0 8]   0.23   34.5826    0.0000    0.0042
 758  15/2+ [ 3 0 7]   0.54   39.5693    0.0000    0.3138
 759  15/2+ [ 1 3 7]   0.22   40.3168    0.0000    0.0167
 760  15/2+ [ 0 3 8]   0.24   41.6089    0.0000    0.0146
 761  15/2+ [ 3 0 7]   0.18   44.1458    0.0000    0.0298
 762  15/2+ [ 5 1 7]   0.25   45.0479    0.0000    0.0065
 763  15/2+ [ 6 0 8]   0.31   45.6850    0.0000    0.0064
 764  15/2+ [ 2 0 8]   0.20   45.9324    0.0000    0.0245
 765  15/2+ [ 1 1 7]   0.35   50.6774    0.0000    0.1479
 766  15/2+ [ 2 0 8]   0.55   53.1740    0.0000    0.2851
 767  15/2+ [ 5 0 7]   0.21   56.7353    0.0000    0.0362
 768  15/2+ [ 5 0 7]   0.29   57.3192    0.0000    0.1958
 769  15/2+ [ 0 1 8]   0.40   57.8011    0.0000    0.1346
 770  15/2+ [ 4 0 8]   0.25   59.8350    0.0000    0.0334
 771  15/2+ [ 7 1 7]   0.42   60.8646    0.0000    0.0224
 772  15/2+ [ 8 0 8]   0.46   62.3718    0.0000    0.0162
 773  15/2+ [ 5 2 7]   0.38   68.3407    0.0000    0.0627
 774  15/2+ [ 4 0 8]   0.35   68.7274    0.0000    0.1804
 775  15/2+ [ 4 2 8]   0.18   72.4081    0.0000    0.0734
 776  15/2+ [ 3 3 7]   0.20   72.7156    0.0000    0.0822
 777  15/2+ [ 1 4 7]   0.40   79.0187    0.0000    0.0589
 778  15/2+ [ 2 3 8]   0.38   80.5465    0.0000    0.0846
 779  15/2+ [ 0 4 8]   0.56   84.7067    0.0000    0.0567
 780  15/2- [ 0 0 7]   0.88   10.5203    0.0001    0.4541
 781  15/2- [ 0 2 7]   0.45   18.0543    0.0000    0.0056
 782  15/2- [ 1 1 8]   0.40   23.6058    0.0000    0.0067
 783  15/2- [ 2 2 7]   0.28   24.6191    0.0000    0.0049
 784  15/2- [ 2 0 7]   0.66   30.3282    0.0000    0.3795
 785  15/2- [ 6 0 7]   0.24   31.6207    0.0000    0.0066
 786  15/2- [ 3 1 8]   0.32   32.1488    0.0000    0.0062
 787  15/2- [ 0 3 7]   0.27   39.5544    0.0000    0.0248
 788  15/2- [ 0 1 7]   0.58   40.5474    0.0000    0.1709
 789  15/2- [ 6 0 7]   0.30   42.0993    0.0000    0.0098
 790  15/2- [ 5 0 8]   0.40   42.7859    0.0000    0.0095
 791  15/2- [ 1 0 8]   0.68   42.9751    0.0000    0.3048
 792  15/2- [ 1 1 8]   0.25   43.9404    0.0000    0.0358
 793  15/2- [ 4 0 7]   0.41   48.3110    0.0000    0.2513
 794  15/2- [ 4 2 7]   0.25   51.5572    0.0000    0.0338
 795  15/2- [ 2 3 7]   0.24   54.7144    0.0000    0.0547
 796  15/2- [ 8 0 7]   0.40   56.7078    0.0000    0.0402
 797  15/2- [ 2 2 7]   0.25   57.6774    0.0000    0.1339
 798  15/2- [ 7 0 8]   0.23   58.7113    0.0000    0.0493
 799  15/2- [ 5 1 8]   0.42   58.8700    0.0000    0.0264
 800  15/2- [ 3 0 8]   0.45   60.7323    0.0000    0.2302
 801  15/2- [ 4 2 7]   0.36   62.4441    0.0000    0.0835
 802  15/2- [ 3 2 8]   0.26   67.6370    0.0000    0.0976
 803  15/2- [ 1 3 8]   0.33   77.7249    0.0000    0.0918
 804  15/2- [ 0 4 7]   0.38   78.4236    0.0000    0.0822
 805  17/2+ [ 0 2 8]   0.43   19.8263    0.0000    0.0036
 806  17/2+ [ 0 0 8]   0.79   21.7977    0.0000    0.3639
 807  17/2+ [ 2 1 8]   0.32   25.5186    0.0000    0.0054
 808  17/2+ [ 1 1 9]   0.39   26.1517    0.0000    0.0042
 809  17/2+ [ 6 0 8]   0.24   34.5566    0.0000    0.0043
 810  17/2+ [ 3 1 9]   0.34   35.1871    0.0000    0.0038
 811  17/2+ [ 0 3 8]   0.25   41.0311    0.0000    0.0150
 812  17/2+ [ 2 0 8]   0.56   42.1859    0.0000    0.2892
 813  17/2+ [ 2 0 8]   0.21   45.0944    0.0000    0.0263
 814  17/2+ [ 6 0 8]   0.32   45.5657    0.0000    0.0062
 815  17/2+ [ 5 0 9]   0.41   46.2532    0.0000    0.0057
 816  17/2+ [ 1 0 9]   0.23   46.6987    0.0000    0.0207
 817  17/2+ [ 0 1 8]   0.40   52.5348    0.0000    0.1345
 818  17/2+ [ 1 0 9]   0.57   55.2925    0.0000    0.2315
 819  17/2+ [ 4 0 8]   0.26   57.8036    0.0000    0.0330
 820  17/2+ [ 4 0 8]   0.33   58.6721    0.0000    0.1820
 821  17/2+ [ 3 0 9]   0.29   60.9332    0.0000    0.0302
 822  17/2+ [ 8 0 8]   0.51   61.5532    0.0000    0.0201
 823  17/2+ [ 7 0 9]   0.59   63.0840    0.0000    0.0147
 824  17/2+ [ 4 2 8]   0.36   68.8674    0.0000    0.0616
 825  17/2+ [ 3 0 9]   0.36   70.6473    0.0000    0.1674
 826  17/2+ [ 3 2 9]   0.23   73.2287    0.0000    0.0641
 827  17/2+ [ 2 3 8]   0.41   74.2415    0.0000    0.0822
 828  17/2+ [ 0 4 8]   0.52   80.9088    0.0000    0.0541
 829  17/2+ [ 1 3 9]   0.42   82.7702    0.0000    0.0715
 830  17/2- [ 1 1 8]   0.41   23.4794    0.0000    0.0074
 831  17/2- [ 0 1 9]   0.43   24.1770    0.0000    0.0060
 832  17/2- [ 3 1 8]   0.32   32.0926    0.0000    0.0063
 833  17/2- [ 1 0 8]   0.68   32.0927    0.0000    0.3084
 834  17/2- [ 2 1 9]   0.45   32.7738    0.0000    0.0055
 835  17/2- [ 1 1 8]   0.18   42.5415    0.0000    0.0314
 836  17/2- [ 5 0 8]   0.31   42.6665    0.0000    0.0164
 837  17/2- [ 4 0 9]   0.48   43.3820    0.0000    0.0089
 838  17/2- [ 0 0 9]   0.68   44.7011    0.0000    0.2773
 839  17/2- [ 0 3 9]   0.27   44.9402    0.0000    0.0321
 840  17/2- [ 3 0 8]   0.45   50.0680    0.0000    0.2340
 841  17/2- [ 3 0 8]   0.22   55.7124    0.0000    0.0508
 842  17/2- [ 7 0 8]   0.58   57.4745    0.0000    0.0369
 843  17/2- [ 6 0 9]   0.63   59.6341    0.0000    0.0230
 844  17/2- [ 2 2 9]   0.41   59.8757    0.0000    0.0432
 845  17/2- [ 3 2 8]   0.32   62.9239    0.0000    0.0838
 846  17/2- [ 2 0 9]   0.46   63.2810    0.0000    0.2081
 847  17/2- [ 4 1 9]   0.31   68.4341    0.0000    0.0934
 848  17/2- [ 1 3 8]   0.47   71.6127    0.0000    0.0934
 849  17/2- [ 0 3 9]   0.49   80.3151    0.0000    0.0911
 850  19/2+ [ 1 1 9]   0.40   26.0299    0.0000    0.0046
 851  19/2+ [ 0 110]   0.42   26.7185    0.0000    0.0038
 852  19/2+ [ 2 110]   0.20   35.0398    0.0000    0.0050
 853  19/2+ [ 3 1 9]   0.20   35.2290    0.0000    0.0042
 854  19/2+ [ 1 0 9]   0.57   43.8289    0.0000    0.2353
 855  19/2+ [ 1 0 9]   0.24   45.8138    0.0000    0.0220
 856  19/2+ [ 5 0 9]   0.40   46.1337    0.0000    0.0058
 857  19/2+ [ 4 010]   0.51   46.8187    0.0000    0.0056
 858  19/2+ [ 0 010]   0.24   47.5464    0.0000    0.0192
 859  19/2+ [ 2 010]   0.54   55.6637    0.0000    0.0463
 860  19/2+ [ 0 010]   0.57   57.4083    0.0000    0.2153
 861  19/2+ [ 3 0 9]   0.31   58.8637    0.0000    0.0300
 862  19/2+ [ 3 0 9]   0.38   60.6177    0.0000    0.1689
 863  19/2+ [ 7 0 9]   0.64   62.3254    0.0000    0.0176
 864  19/2+ [ 6 010]   0.70   63.8506    0.0000    0.0132
 865  19/2+ [ 3 2 9]   0.27   69.5353    0.0000    0.0602
 866  19/2+ [ 4 110]   0.39   73.7832    0.0000    0.0627
 867  19/2+ [ 1 3 9]   0.48   75.9161    0.0000    0.0692
 868  19/2+ [ 2 210]   0.46   80.3492    0.0000    0.1194
 869  19/2+ [ 0 310]   0.54   84.7689    0.0000    0.0711
 870  19/2- [ 0 1 9]   0.44   24.0441    0.0000    0.0067
 871  19/2- [ 2 1 9]   0.45   32.7200    0.0000    0.0056
 872  19/2- [ 0 0 9]   0.69   33.4035    0.0000    0.2829
 873  19/2- [ 1 110]   0.54   33.4362    0.0000    0.0046
 874  19/2- [ 4 0 9]   0.47   43.2285    0.0000    0.0091
 875  19/2- [ 0 2 9]   0.26   43.5066    0.0000    0.0343
 876  19/2- [ 3 010]   0.55   44.0377    0.0000    0.0082
 877  19/2- [ 2 0 9]   0.46   52.4196    0.0000    0.2107
 878  19/2- [ 2 2 9]   0.38   56.8936    0.0000    0.0431
 879  19/2- [ 6 0 9]   0.73   58.3706    0.0000    0.0320
 880  19/2- [ 5 010]   0.77   60.4744    0.0000    0.0205
 881  19/2- [ 1 210]   0.52   61.0745    0.0000    0.0350
 882  19/2- [ 4 1 9]   0.39   63.5511    0.0000    0.0829
 883  19/2- [ 1 010]   0.48   65.1033    0.0000    0.1696
 884  19/2- [ 3 110]   0.43   69.6069    0.0000    0.0871
 885  19/2- [ 0 3 9]   0.54   73.5740    0.0000    0.0875
 886  21/2+ [ 0 110]   0.43   26.5994    0.0000    0.0042
 887  21/2+ [ 1 111]   0.28   35.7001    0.0000    0.0043
 888  21/2+ [ 2 110]   0.31   35.8414    0.0000    0.0036
 889  21/2+ [ 0 010]   0.57   45.3580    0.0000    0.2202
 890  21/2+ [ 0 010]   0.19   46.6957    0.0000    0.0171
 891  21/2+ [ 4 010]   0.38   46.7666    0.0000    0.0084
 892  21/2+ [ 3 011]   0.56   47.5148    0.0000    0.0050
 893  21/2+ [ 1 011]   0.59   56.6105    0.0000    0.0381
 894  21/2+ [ 2 210]   0.39   59.9157    0.0000    0.0261
 895  21/2+ [ 2 010]   0.38   62.6728    0.0000    0.1491
 896  21/2+ [ 6 010]   0.74   63.1518    0.0000    0.0152
 897  21/2+ [ 5 011]   0.78   64.6659    0.0000    0.0119
 898  21/2+ [ 4 110]   0.35   70.3090    0.0000    0.0575
 899  21/2+ [ 3 111]   0.46   75.1171    0.0000    0.0561
 900  21/2+ [ 0 310]   0.55   77.5872    0.0000    0.0652
 901  21/2+ [ 1 211]   0.47   82.2805    0.0000    0.1031
 902  21/2- [ 1 110]   0.54   33.3800    0.0000    0.0047
 903  21/2- [ 0 111]   0.58   34.1109    0.0000    0.0042
 904  21/2- [ 3 010]   0.54   43.8841    0.0000    0.0080
 905  21/2- [ 2 011]   0.59   44.7501    0.0000    0.0073
 906  21/2- [ 1 010]   0.47   53.8519    0.0000    0.1722
 907  21/2- [ 1 210]   0.53   58.0400    0.0000    0.0348
 908  21/2- [ 5 010]   0.81   59.3816    0.0000    0.0257
 909  21/2- [ 4 011]   0.75   61.2400    0.0000    0.0200
 910  21/2- [ 0 211]   0.46   62.1047    0.0000    0.0313
 911  21/2- [ 3 110]   0.49   64.5854    0.0000    0.0806
 912  21/2- [ 0 011]   0.47   67.2689    0.0000    0.1604
 913  21/2- [ 2 111]   0.47   71.0807    0.0000    0.0760
 914  23/2+ [ 1 111]   0.39   35.5664    0.0000    0.0055
 915  23/2+ [ 0 112]   0.45   36.4190    0.0000    0.0042
 916  23/2+ [ 3 011]   0.55   47.3871    0.0000    0.0050
 917  23/2+ [ 2 012]   0.59   48.2476    0.0000    0.0044
 918  23/2+ [ 1 011]   0.60   54.7407    0.0000    0.0497
 919  23/2+ [ 0 012]   0.59   57.6979    0.0000    0.0353
 920  23/2+ [ 5 011]   0.83   64.0193    0.0000    0.0132
 921  23/2+ [ 4 012]   0.85   65.5186    0.0000    0.0107
 922  23/2+ [ 3 111]   0.48   70.1220    0.0000    0.0692
 923  23/2+ [ 1 211]   0.48   72.8756    0.0000    0.0765
 924  23/2+ [ 2 112]   0.51   76.4160    0.0000    0.0495
 925  23/2+ [ 0 212]   0.48   84.2438    0.0000    0.0990
 926  23/2- [ 0 111]   0.58   34.0512    0.0000    0.0043
 927  23/2- [ 2 011]   0.58   44.5888    0.0000    0.0071
 928  23/2- [ 1 012]   0.61   45.5005    0.0000    0.0062
 929  23/2- [ 0 011]   0.47   55.4754    0.0000    0.1634
 930  23/2- [ 0 211]   0.55   58.9450    0.0000    0.0325
 931  23/2- [ 4 011]   0.83   60.4445    0.0000    0.0206
 932  23/2- [ 3 012]   0.90   62.2642    0.0000    0.0161
 933  23/2- [ 2 111]   0.51   65.8387    0.0000    0.0730
 934  23/2- [ 1 112]   0.56   72.2391    0.0000    0.0637
 935  25/2+ [ 0 112]   0.42   36.2427    0.0000    0.0052
 936  25/2+ [ 2 012]   0.58   48.1191    0.0000    0.0043
 937  25/2+ [ 1 013]   0.61   49.0150    0.0000    0.0037
 938  25/2+ [ 0 012]   0.61   55.7833    0.0000    0.0462
 939  25/2+ [ 4 012]   0.88   64.9240    0.0000    0.0113
 940  25/2+ [ 3 013]   0.91   66.4062    0.0000    0.0096
 941  25/2+ [ 2 112]   0.49   71.9686    0.0000    0.0622
 942  25/2+ [ 0 212]   0.49   73.7671    0.0000    0.0745
 943  25/2+ [ 1 113]   0.55   77.7147    0.0000    0.0406
 944  25/2- [ 1 012]   0.60   45.3328    0.0000    0.0060
 945  25/2- [ 0 013]   0.61   46.2990    0.0000    0.0058
 946  25/2- [ 3 012]   0.92   61.3655    0.0000    0.0172
 947  25/2- [ 2 013]   0.94   63.2002    0.0000    0.0141
 948  25/2- [ 1 112]   0.59   66.8197    0.0000    0.0625
 949  25/2- [ 0 113]   0.58   73.6178    0.0000    0.0604
 950  27/2+ [ 1 013]   0.59   48.8813    0.0000    0.0037
 951  27/2+ [ 0 014]   0.61   49.8140    0.0000    0.0035
 952  27/2+ [ 3 013]   0.92   65.8467    0.0000    0.0098
 953  27/2+ [ 2 014]   0.94   67.3247    0.0000    0.0084
 954  27/2+ [ 1 113]   0.57   73.6534    0.0000    0.0402
 955  27/2+ [ 0 114]   0.58   79.0234    0.0000    0.0387
 956  27/2- [ 0 013]   0.60   46.1170    0.0000    0.0057
 957  27/2- [ 2 013]   0.95   62.3590    0.0000    0.0146
 958  27/2- [ 1 014]   0.96   64.1626    0.0000    0.0118
 959  27/2- [ 0 113]   0.60   67.9910    0.0000    0.0602
 960  29/2+ [ 0 014]   0.59   49.6701    0.0000    0.0035
 961  29/2+ [ 2 014]   0.95   66.7846    0.0000    0.0085
 962  29/2+ [ 1 015]   0.96   68.2715    0.0000    0.0071
 963  29/2+ [ 0 114]   0.58   74.8216    0.0000    0.0387
 964  29/2- [ 1 014]   0.96   63.3314    0.0000    0.0118
 965  29/2- [ 0 015]   0.96   65.1526    0.0000    0.0113
 966  31/2+ [ 1 015]   0.96   67.7274    0.0000    0.0071
 967  31/2+ [ 0 016]   0.96   69.2469    0.0000    0.0068
 968  31/2- [ 0 015]   0.97   64.2775    0.0000    0.0113
 969  33/2+ [ 0 016]   0.97   68.6712    0.0000    0.0068
 single-particle energies and gaps  in the canonical basis: Proton: 
 ------------------------------------------------------------------
       K pi[nz,nr,ml]  smax     eecan     vvcan     decan
   1   1/2+ [ 0 0 0]   0.68  -45.5786    0.9997    1.4589
   2   1/2+ [ 2 0 0]   0.60  -36.4346    0.9996    1.2925
   3   1/2+ [ 1 0 1]   0.94  -31.7967    0.9994    1.3816
   4   1/2+ [ 0 1 0]   0.86  -26.4559    0.9992    1.3418
   5   1/2+ [ 4 0 0]   0.39  -16.1492    0.9983    1.0822
   6   1/2+ [ 3 0 1]   0.54  -11.4041    0.9960    1.0335
   7   1/2+ [ 2 1 0]   0.57   -7.5390    0.9855    1.0573
   8   1/2+ [ 1 1 1]   0.76   -3.4303    0.5813    1.1501
   9   1/2+ [ 0 2 0]   0.85   -0.1425    0.0215    0.9385
  10   1/2+ [ 4 1 0]   0.30    3.7243    0.0037    0.8498
  11   1/2+ [ 5 0 1]   0.25   11.8528    0.0008    0.8303
  12   1/2+ [ 6 0 0]   0.40   13.1083    0.0004    0.6402
  13   1/2+ [12 0 0]   0.24   15.0935    0.0000    0.0042
  14   1/2+ [ 5 0 1]   0.27   16.4668    0.0003    0.6746
  15   1/2+ [ 9 1 1]   0.14   16.5283    0.0000    0.0042
  16   1/2+ [ 6 3 0]   0.11   17.6548    0.0000    0.0038
  17   1/2+ [ 3 4 1]   0.15   18.9576    0.0000    0.0038
  18   1/2+ [ 2 2 0]   0.43   19.2759    0.0001    0.5317
  19   1/2+ [ 0 6 0]   0.33   19.2830    0.0000    0.0036
  20   1/2+ [ 1 5 1]   0.17   21.4782    0.0000    0.0035
  21   1/2+ [ 0 6 0]   0.08   21.4845    0.0000    0.0035
  22   1/2+ [ 1 2 1]   0.67   22.9267    0.0001    0.5590
  23   1/2+ [ 5 1 1]   0.17   24.3680    0.0001    0.6067
  24   1/2+ [ 0 3 0]   0.82   25.7469    0.0001    0.4946
  25   1/2+ [ 2 5 0]   0.14   26.1148    0.0000    0.0034
  26   1/2+ [ 3 4 1]   0.09   26.1557    0.0000    0.0033
  27   1/2+ [ 4 4 0]   0.11   32.5319    0.0000    0.0036
  28   1/2+ [ 3 4 1]   0.10   32.6274    0.0000    0.0034
  29   1/2+ [14 0 0]   0.32   32.7098    0.0000    0.0111
  30   1/2+ [13 0 1]   0.21   34.6078    0.0000    0.0118
  31   1/2+ [ 8 0 0]   0.16   35.0592    0.0000    0.3646
  32   1/2+ [ 5 1 1]   0.19   35.1598    0.0001    0.5920
  33   1/2+ [ 8 1 0]   0.13   36.9934    0.0000    0.0127
  34   1/2+ [ 7 0 1]   0.19   38.1070    0.0000    0.3661
  35   1/2+ [ 7 3 1]   0.11   39.2043    0.0000    0.0133
  36   1/2+ [ 3 2 1]   0.17   40.3472    0.0000    0.3416
  37   1/2+ [ 4 5 0]   0.20   40.8341    0.0000    0.0117
  38   1/2+ [11 1 1]   0.18   41.3558    0.0000    0.0044
  39   1/2+ [10 2 0]   0.19   41.4601    0.0000    0.0054
  40   1/2+ [ 3 2 1]   0.17   41.6144    0.0000    0.3347
  41   1/2+ [ 1 6 1]   0.12   42.8491    0.0000    0.0133
  42   1/2+ [ 0 7 0]   0.22   44.0758    0.0000    0.0135
  43   1/2+ [ 2 3 0]   0.41   44.8309    0.0000    0.3225
  44   1/2+ [ 1 6 1]   0.09   46.0145    0.0000    0.0149
  45   1/2+ [ 9 1 1]   0.09   46.1592    0.0000    0.3888
  46   1/2+ [ 1 6 1]   0.08   46.2604    0.0000    0.0143
  47   1/2+ [ 1 3 1]   0.57   46.8934    0.0000    0.3132
  48   1/2+ [ 0 4 0]   0.64   48.2403    0.0000    0.2765
  49   1/2+ [12 2 0]   0.08   52.4590    0.0000    0.0097
  50   1/2+ [13 1 1]   0.09   52.7985    0.0000    0.0075
  51   1/2+ [ 7 3 1]   0.08   53.0490    0.0000    0.0162
  52   1/2+ [ 7 3 1]   0.07   53.5742    0.0000    0.0170
  53   1/2+ [12 0 0]   0.12   57.8822    0.0000    0.2229
  54   1/2+ [ 9 1 1]   0.10   58.3743    0.0000    0.3794
  55   1/2+ [16 0 0]   0.53   60.0634    0.0000    0.0622
  56   1/2+ [10 1 0]   0.13   61.7063    0.0000    0.2011
  57   1/2+ [11 0 1]   0.19   61.7868    0.0000    0.2227
  58   1/2+ [15 0 1]   0.30   62.3397    0.0000    0.0542
  59   1/2+ [15 0 1]   0.15   63.3215    0.0000    0.0475
  60   1/2+ [10 2 0]   0.08   63.9014    0.0000    0.2022
  61   1/2+ [ 9 1 1]   0.11   64.0738    0.0000    0.2036
  62   1/2+ [13 1 1]   0.24   64.5639    0.0000    0.0388
  63   1/2+ [ 6 3 0]   0.17   66.3229    0.0000    0.1948
  64   1/2+ [ 3 3 1]   0.16   67.5773    0.0000    0.1800
  65   1/2+ [12 2 0]   0.39   68.3803    0.0000    0.0567
  66   1/2+ [ 2 5 0]   0.19   69.4989    0.0000    0.1670
  67   1/2+ [ 9 3 1]   0.22   69.5248    0.0000    0.0331
  68   1/2+ [10 3 0]   0.27   70.3722    0.0000    0.0212
  69   1/2+ [ 0 6 0]   0.26   71.7635    0.0000    0.1502
  70   1/2+ [ 9 3 1]   0.28   72.3793    0.0000    0.0673
  71   1/2+ [ 1 5 1]   0.27   73.3850    0.0000    0.1673
  72   1/2+ [10 2 0]   0.07   74.5596    0.0000    0.1978
  73   1/2+ [ 8 4 0]   0.34   76.3895    0.0000    0.0724
  74   1/2+ [ 6 5 0]   0.21   79.0598    0.0000    0.0546
  75   1/2+ [ 7 4 1]   0.26   81.0100    0.0000    0.0725
  76   1/2+ [ 6 5 0]   0.29   83.3433    0.0000    0.0613
  77   1/2+ [ 4 6 0]   0.39   85.5336    0.0000    0.0722
  78   1/2+ [ 3 6 1]   0.40   89.3842    0.0000    0.0769
  79   1/2+ [ 2 7 0]   0.30   91.9253    0.0000    0.0744
  80   1/2+ [ 1 7 1]   0.29   94.3412    0.0000    0.0769
  81   1/2+ [ 0 8 0]   0.52   95.8056    0.0000    0.0684
  82   1/2- [ 1 0 0]   0.82  -41.0628    0.9997    1.3277
  83   1/2- [ 0 0 1]   0.95  -39.6377    0.9996    1.4915
  84   1/2- [ 3 0 0]   0.55  -26.4595    0.9993    1.2191
  85   1/2- [ 2 0 1]   0.81  -22.3881    0.9990    1.2015
  86   1/2- [ 1 1 0]   0.75  -17.0398    0.9979    1.2663
  87   1/2- [ 0 1 1]   0.86  -12.8907    0.9956    1.2965
  88   1/2- [ 3 1 0]   0.30   -6.2607    0.9765    0.9601
  89   1/2- [ 4 0 1]   0.40   -0.0863    0.0198    0.9144
  90   1/2- [ 5 0 0]   0.36    2.3299    0.0054    0.8243
  91   1/2- [ 2 1 1]   0.55    6.1643    0.0023    0.8998
  92   1/2- [ 1 2 0]   0.70    9.3895    0.0008    0.6965
  93   1/2- [ 0 2 1]   0.81   13.1625    0.0004    0.6414
  94   1/2- [ 5 1 0]   0.23   13.9470    0.0005    0.7333
  95   1/2- [11 0 0]   0.15   16.4645    0.0000    0.0054
  96   1/2- [ 4 3 1]   0.13   18.0086    0.0000    0.0051
  97   1/2- [ 3 4 0]   0.14   18.7403    0.0000    0.0048
  98   1/2- [ 0 5 1]   0.31   19.3716    0.0000    0.0048
  99   1/2- [ 1 5 0]   0.10   21.6284    0.0000    0.0041
 100   1/2- [ 1 5 0]   0.10   21.6479    0.0000    0.0042
 101   1/2- [ 4 1 1]   0.23   23.6952    0.0002    0.7154
 102   1/2- [ 7 0 0]   0.31   24.0126    0.0001    0.4786
 103   1/2- [ 1 5 0]   0.12   25.1016    0.0000    0.0046
 104   1/2- [ 2 4 1]   0.17   25.1312    0.0000    0.0045
 105   1/2- [ 6 0 1]   0.28   27.0794    0.0001    0.4862
 106   1/2- [ 5 1 0]   0.22   29.4713    0.0000    0.4218
 107   1/2- [11 1 0]   0.21   31.0567    0.0000    0.0045
 108   1/2- [10 1 1]   0.13   31.1040    0.0000    0.0043
 109   1/2- [ 2 2 1]   0.36   32.4356    0.0000    0.4359
 110   1/2- [ 5 2 0]   0.12   35.2318    0.0000    0.4852
 111   1/2- [15 0 0]   0.17   35.4288    0.0000    0.0200
 112   1/2- [ 1 3 0]   0.64   35.8369    0.0000    0.4046
 113   1/2- [ 0 3 1]   0.71   38.1726    0.0000    0.3689
 114   1/2- [14 0 1]   0.15   38.4423    0.0000    0.0188
 115   1/2- [15 0 0]   0.16   38.8937    0.0000    0.0170
 116   1/2- [ 9 2 0]   0.15   39.2304    0.0000    0.0075
 117   1/2- [ 4 4 1]   0.19   39.3401    0.0000    0.0069
 118   1/2- [14 0 1]   0.19   40.9955    0.0000    0.0200
 119   1/2- [ 3 5 0]   0.10   42.5743    0.0000    0.0217
 120   1/2- [ 0 6 1]   0.18   43.6780    0.0000    0.0226
 121   1/2- [ 1 7 0]   0.11   46.0983    0.0000    0.0245
 122   1/2- [ 6 1 1]   0.12   46.5233    0.0000    0.4740
 123   1/2- [ 1 7 0]   0.08   46.6282    0.0000    0.0240
 124   1/2- [11 0 0]   0.18   46.8480    0.0000    0.2842
 125   1/2- [ 7 3 0]   0.10   49.8323    0.0000    0.0114
 126   1/2- [10 0 1]   0.21   49.9300    0.0000    0.2844
 127   1/2- [ 8 2 1]   0.10   50.2160    0.0000    0.0097
 128   1/2- [ 3 3 0]   0.16   50.4134    0.0000    0.2594
 129   1/2- [13 1 0]   0.09   52.4713    0.0000    0.0267
 130   1/2- [ 6 2 1]   0.14   52.8916    0.0000    0.2636
 131   1/2- [13 1 0]   0.08   53.0940    0.0000    0.0280
 132   1/2- [ 3 3 0]   0.16   53.2870    0.0000    0.2360
 133   1/2- [ 5 3 0]   0.08   54.4117    0.0000    0.2808
 134   1/2- [15 0 0]   0.24   55.9149    0.0000    0.1269
 135   1/2- [ 2 3 1]   0.28   56.7402    0.0000    0.2356
 136   1/2- [ 1 4 0]   0.40   57.7933    0.0000    0.2068
 137   1/2- [14 0 1]   0.25   58.4587    0.0000    0.1278
 138   1/2- [ 0 4 1]   0.43   61.4559    0.0000    0.1997
 139   1/2- [11 2 0]   0.17   62.0436    0.0000    0.0519
 140   1/2- [11 2 0]   0.15   64.1525    0.0000    0.0485
 141   1/2- [ 7 3 0]   0.07   64.4327    0.0000    0.1493
 142   1/2- [10 1 1]   0.08   65.8880    0.0000    0.2748
 143   1/2- [ 9 3 0]   0.26   65.9467    0.0000    0.0343
 144   1/2- [ 8 3 1]   0.32   67.4873    0.0000    0.0260
 145   1/2- [ 6 1 1]   0.07   68.9191    0.0000    0.1513
 146   1/2- [ 7 4 0]   0.17   72.7746    0.0000    0.0851
 147   1/2- [11 2 0]   0.09   73.9883    0.0000    0.0904
 148   1/2- [ 6 4 1]   0.22   78.6399    0.0000    0.0885
 149   1/2- [ 4 5 1]   0.17   80.6391    0.0000    0.1085
 150   1/2- [ 3 6 0]   0.24   84.5019    0.0000    0.1099
 151   1/2- [ 2 6 1]   0.38   89.2140    0.0000    0.1116
 152   1/2- [ 1 7 0]   0.47   92.3790    0.0000    0.1035
 153   1/2- [ 0 7 1]   0.53   94.7783    0.0000    0.1000
 154   3/2+ [ 1 0 1]   0.93  -32.8444    0.9994    1.3935
 155   3/2+ [ 0 0 2]   0.94  -29.2528    0.9993    1.3704
 156   3/2+ [ 3 0 1]   0.68  -15.2922    0.9979    1.0995
 157   3/2+ [ 2 0 2]   0.78   -9.6053    0.9923    1.1284
 158   3/2+ [ 1 1 1]   0.76   -4.6734    0.8896    1.1524
 159   3/2+ [ 0 1 2]   0.87   -0.6140    0.0374    1.0777
 160   3/2+ [ 5 0 1]   0.29    4.1406    0.0034    0.8588
 161   3/2+ [ 4 0 2]   0.43   12.6536    0.0007    0.8470
 162   3/2+ [ 5 0 1]   0.35   14.5486    0.0003    0.6572
 163   3/2+ [ 9 1 1]   0.14   16.4916    0.0000    0.0042
 164   3/2+ [ 6 2 2]   0.12   17.8935    0.0000    0.0038
 165   3/2+ [ 3 4 1]   0.15   18.9114    0.0000    0.0038
 166   3/2+ [ 2 1 2]   0.52   18.9997    0.0002    0.6855
 167   3/2+ [ 0 5 2]   0.33   19.5487    0.0000    0.0036
 168   3/2+ [ 1 5 1]   0.22   21.4741    0.0000    0.0036
 169   3/2+ [ 0 5 2]   0.12   21.5195    0.0000    0.0036
 170   3/2+ [ 1 2 1]   0.68   22.2862    0.0001    0.5599
 171   3/2+ [ 5 1 1]   0.23   24.6429    0.0001    0.6089
 172   3/2+ [ 0 2 2]   0.77   25.7977    0.0001    0.5100
 173   3/2+ [ 3 4 1]   0.10   26.1408    0.0000    0.0034
 174   3/2+ [ 2 4 2]   0.16   26.2463    0.0000    0.0034
 175   3/2+ [ 3 4 1]   0.13   32.5740    0.0000    0.0036
 176   3/2+ [ 4 3 2]   0.14   32.7211    0.0000    0.0034
 177   3/2+ [13 0 1]   0.21   34.5589    0.0000    0.0120
 178   3/2+ [ 4 1 2]   0.20   35.5580    0.0001    0.5955
 179   3/2+ [ 7 0 1]   0.28   35.8600    0.0000    0.3679
 180   3/2+ [ 8 0 2]   0.17   36.6983    0.0000    0.0123
 181   3/2+ [ 7 3 1]   0.11   39.1444    0.0000    0.0133
 182   3/2+ [ 6 0 2]   0.21   39.6158    0.0000    0.3687
 183   3/2+ [ 4 4 2]   0.18   40.9138    0.0000    0.0123
 184   3/2+ [11 1 1]   0.19   41.3447    0.0000    0.0044
 185   3/2+ [10 1 2]   0.21   41.5901    0.0000    0.0047
 186   3/2+ [ 3 2 1]   0.27   41.8464    0.0000    0.3526
 187   3/2+ [ 1 6 1]   0.12   42.7484    0.0000    0.0132
 188   3/2+ [ 0 6 2]   0.21   44.2431    0.0000    0.0134
 189   3/2+ [ 2 2 2]   0.42   45.4922    0.0000    0.3551
 190   3/2+ [ 1 6 1]   0.12   46.0095    0.0000    0.0150
 191   3/2+ [ 0 6 2]   0.08   46.2936    0.0000    0.0144
 192   3/2+ [ 9 1 1]   0.12   46.4105    0.0000    0.3896
 193   3/2+ [ 1 3 1]   0.55   46.6468    0.0000    0.3111
 194   3/2+ [ 0 3 2]   0.60   48.7290    0.0000    0.2833
 195   3/2+ [13 1 1]   0.12   52.5280    0.0000    0.0098
 196   3/2+ [12 1 2]   0.11   52.9042    0.0000    0.0076
 197   3/2+ [ 7 3 1]   0.10   53.0847    0.0000    0.0160
 198   3/2+ [ 6 4 2]   0.07   53.6255    0.0000    0.0171
 199   3/2+ [11 0 1]   0.21   58.5389    0.0000    0.2241
 200   3/2+ [ 6 1 2]   0.11   58.7168    0.0000    0.3806
 201   3/2+ [15 0 1]   0.41   61.6976    0.0000    0.0600
 202   3/2+ [10 0 2]   0.15   62.1635    0.0000    0.2197
 203   3/2+ [13 1 1]   0.16   63.4431    0.0000    0.0455
 204   3/2+ [ 9 1 1]   0.13   63.4568    0.0000    0.2097
 205   3/2+ [ 5 3 1]   0.08   64.0918    0.0000    0.2031
 206   3/2+ [13 1 1]   0.16   64.3083    0.0000    0.0393
 207   3/2+ [12 1 2]   0.36   66.9252    0.0000    0.0628
 208   3/2+ [ 3 3 1]   0.17   67.3757    0.0000    0.1816
 209   3/2+ [ 6 2 2]   0.14   67.8971    0.0000    0.2167
 210   3/2+ [11 2 1]   0.31   69.2205    0.0000    0.0282
 211   3/2+ [ 2 4 2]   0.17   70.1311    0.0000    0.1581
 212   3/2+ [10 2 2]   0.31   70.4545    0.0000    0.0200
 213   3/2+ [ 9 3 1]   0.33   71.6756    0.0000    0.0641
 214   3/2+ [ 1 5 1]   0.31   72.4055    0.0000    0.1664
 215   3/2+ [10 1 2]   0.08   74.7863    0.0000    0.1980
 216   3/2+ [ 0 5 2]   0.24   75.2162    0.0000    0.1803
 217   3/2+ [ 8 3 2]   0.34   75.6105    0.0000    0.0739
 218   3/2+ [ 7 4 1]   0.30   78.7150    0.0000    0.0565
 219   3/2+ [ 5 5 1]   0.19   80.7056    0.0000    0.0708
 220   3/2+ [ 6 4 2]   0.34   82.7933    0.0000    0.0634
 221   3/2+ [ 4 5 2]   0.38   85.0707    0.0000    0.0695
 222   3/2+ [ 3 6 1]   0.42   88.7559    0.0000    0.0775
 223   3/2+ [ 1 7 1]   0.28   91.6918    0.0000    0.0755
 224   3/2+ [ 1 7 1]   0.28   94.1822    0.0000    0.0802
 225   3/2+ [ 0 7 2]   0.54   96.1065    0.0000    0.0668
 226   3/2- [ 0 0 1]   0.94  -40.1731    0.9996    1.5001
 227   3/2- [ 2 0 1]   0.86  -24.4603    0.9992    1.2321
 228   3/2- [ 1 0 2]   0.92  -19.8199    0.9985    1.2699
 229   3/2- [ 0 1 1]   0.86  -13.9011    0.9963    1.3009
 230   3/2- [ 4 0 1]   0.49   -5.7103    0.9650    0.9756
 231   3/2- [ 3 0 2]   0.61    1.2239    0.0114    0.9679
 232   3/2- [ 2 1 1]   0.58    4.5609    0.0032    0.8872
 233   3/2- [ 1 1 2]   0.78    9.0836    0.0014    0.9146
 234   3/2- [ 0 2 1]   0.80   12.5922    0.0004    0.6372
 235   3/2- [ 4 1 1]   0.28   14.2665    0.0004    0.7369
 236   3/2- [ 4 3 1]   0.13   17.9941    0.0000    0.0052
 237   3/2- [ 3 3 2]   0.17   19.1498    0.0000    0.0051
 238   3/2- [ 0 5 1]   0.31   19.3639    0.0000    0.0048
 239   3/2- [10 0 1]   0.16   21.6370    0.0000    0.0041
 240   3/2- [ 1 4 2]   0.17   22.1207    0.0000    0.0039
 241   3/2- [ 5 0 2]   0.27   24.2125    0.0002    0.7215
 242   3/2- [ 6 0 1]   0.37   25.0711    0.0001    0.4830
 243   3/2- [ 2 4 1]   0.20   25.1178    0.0000    0.0046
 244   3/2- [ 1 4 2]   0.14   25.2331    0.0000    0.0046
 245   3/2- [ 3 1 2]   0.32   28.9892    0.0001    0.4891
 246   3/2- [10 1 1]   0.13   31.1020    0.0000    0.0043
 247   3/2- [11 0 2]   0.16   31.3079    0.0000    0.0041
 248   3/2- [ 2 2 1]   0.43   32.1519    0.0000    0.4496
 249   3/2- [ 6 1 1]   0.16   35.5146    0.0000    0.4870
 250   3/2- [ 1 2 2]   0.61   36.2890    0.0000    0.4577
 251   3/2- [ 0 3 1]   0.71   37.8708    0.0000    0.3677
 252   3/2- [14 0 1]   0.15   38.3753    0.0000    0.0192
 253   3/2- [ 4 4 1]   0.10   39.2619    0.0000    0.0058
 254   3/2- [ 4 4 1]   0.13   39.3260    0.0000    0.0058
 255   3/2- [ 3 4 2]   0.14   40.8199    0.0000    0.0211
 256   3/2- [14 0 1]   0.19   40.9526    0.0000    0.0201
 257   3/2- [13 0 2]   0.18   43.0511    0.0000    0.0199
 258   3/2- [ 0 6 1]   0.18   43.6050    0.0000    0.0226
 259   3/2- [ 0 7 1]   0.08   46.1345    0.0000    0.0248
 260   3/2- [ 1 5 2]   0.13   46.6839    0.0000    0.0245
 261   3/2- [ 5 1 2]   0.16   46.8576    0.0000    0.4758
 262   3/2- [10 0 1]   0.25   47.5495    0.0000    0.2865
 263   3/2- [12 1 1]   0.14   49.9047    0.0000    0.0112
 264   3/2- [ 7 2 2]   0.15   50.3193    0.0000    0.0094
 265   3/2- [ 9 0 2]   0.17   51.3475    0.0000    0.2883
 266   3/2- [ 2 3 1]   0.16   51.8878    0.0000    0.2683
 267   3/2- [10 2 1]   0.12   52.6043    0.0000    0.0265
 268   3/2- [ 9 2 2]   0.16   53.5871    0.0000    0.0272
 269   3/2- [ 5 2 2]   0.11   54.6190    0.0000    0.2813
 270   3/2- [ 3 2 2]   0.30   55.2447    0.0000    0.2718
 271   3/2- [ 2 3 1]   0.28   56.1431    0.0000    0.2340
 272   3/2- [14 0 1]   0.31   57.0038    0.0000    0.1304
 273   3/2- [ 1 3 2]   0.34   60.4155    0.0000    0.2376
 274   3/2- [ 0 4 1]   0.43   61.1045    0.0000    0.1985
 275   3/2- [13 0 2]   0.21   61.3711    0.0000    0.1367
 276   3/2- [10 2 1]   0.16   62.2102    0.0000    0.0515
 277   3/2- [11 1 2]   0.16   64.4312    0.0000    0.0475
 278   3/2- [ 6 1 1]   0.09   65.3242    0.0000    0.1486
 279   3/2- [ 8 3 1]   0.35   66.0724    0.0000    0.0329
 280   3/2- [ 9 1 2]   0.10   66.2177    0.0000    0.2759
 281   3/2- [ 7 3 2]   0.30   67.6367    0.0000    0.0250
 282   3/2- [ 7 2 2]   0.14   70.2648    0.0000    0.1517
 283   3/2- [ 6 4 1]   0.18   73.3148    0.0000    0.0714
 284   3/2- [ 6 4 1]   0.20   78.6321    0.0000    0.0895
 285   3/2- [ 4 5 1]   0.17   80.0595    0.0000    0.1078
 286   3/2- [ 3 5 2]   0.26   84.5350    0.0000    0.1153
 287   3/2- [ 2 6 1]   0.36   88.5736    0.0000    0.1114
 288   3/2- [ 1 6 2]   0.48   91.2512    0.0000    0.1113
 289   3/2- [ 0 7 1]   0.54   94.4799    0.0000    0.0997
 290   5/2+ [ 0 0 2]   0.95  -31.0355    0.9994    1.4004
 291   5/2+ [ 2 0 2]   0.83  -13.8672    0.9970    1.1789
 292   5/2+ [ 1 0 3]   0.87   -7.1058    0.9790    1.1585
 293   5/2+ [ 0 1 2]   0.88   -2.4436    0.1981    1.0522
 294   5/2+ [ 4 0 2]   0.49    4.9910    0.0028    0.8770
 295   5/2+ [ 3 0 3]   0.60   14.1763    0.0006    0.8789
 296   5/2+ [ 2 1 2]   0.54   16.8694    0.0003    0.6635
 297   5/2+ [ 6 2 2]   0.12   17.8889    0.0000    0.0038
 298   5/2+ [ 3 3 3]   0.13   19.0658    0.0000    0.0036
 299   5/2+ [ 0 5 2]   0.33   19.6682    0.0000    0.0037
 300   5/2+ [ 0 5 2]   0.13   21.5231    0.0000    0.0037
 301   5/2+ [ 1 1 3]   0.73   21.5741    0.0002    0.6510
 302   5/2+ [ 1 4 3]   0.21   21.6971    0.0000    0.0037
 303   5/2+ [ 0 2 2]   0.78   24.6434    0.0001    0.5137
 304   5/2+ [ 4 1 2]   0.24   25.1766    0.0001    0.6131
 305   5/2+ [ 2 4 2]   0.16   26.2312    0.0000    0.0035
 306   5/2+ [ 9 0 3]   0.15   26.4320    0.0000    0.0034
 307   5/2+ [ 4 3 2]   0.15   32.6757    0.0000    0.0036
 308   5/2+ [ 3 3 3]   0.16   32.8916    0.0000    0.0034
 309   5/2+ [ 5 0 3]   0.26   36.3966    0.0001    0.6032
 310   5/2+ [ 8 0 2]   0.17   36.6322    0.0000    0.0125
 311   5/2+ [ 6 0 2]   0.24   37.1778    0.0000    0.3677
 312   5/2+ [ 7 0 3]   0.14   38.8806    0.0000    0.0128
 313   5/2+ [ 4 4 2]   0.17   40.8644    0.0000    0.0126
 314   5/2+ [ 3 1 3]   0.32   41.4499    0.0000    0.3662
 315   5/2+ [10 1 2]   0.21   41.5669    0.0000    0.0048
 316   5/2+ [11 0 3]   0.17   41.6783    0.0000    0.0043
 317   5/2+ [ 1 5 3]   0.13   42.5726    0.0000    0.0125
 318   5/2+ [ 0 6 2]   0.20   44.3274    0.0000    0.0138
 319   5/2+ [ 2 2 2]   0.43   44.4633    0.0000    0.3609
 320   5/2+ [ 0 6 2]   0.10   46.0917    0.0000    0.0150
 321   5/2+ [ 1 5 3]   0.13   46.4152    0.0000    0.0146
 322   5/2+ [ 6 1 2]   0.14   46.9186    0.0000    0.3911
 323   5/2+ [ 0 3 2]   0.60   47.7952    0.0000    0.2804
 324   5/2+ [ 1 2 3]   0.55   48.4233    0.0000    0.3542
 325   5/2+ [12 1 2]   0.12   52.6707    0.0000    0.0100
 326   5/2+ [13 0 3]   0.10   53.1048    0.0000    0.0088
 327   5/2+ [ 7 2 3]   0.11   53.1710    0.0000    0.0143
 328   5/2+ [ 7 2 3]   0.09   53.7441    0.0000    0.0174
 329   5/2+ [ 5 1 3]   0.14   59.3920    0.0000    0.3830
 330   5/2+ [10 0 2]   0.21   59.4989    0.0000    0.2245
 331   5/2+ [14 0 2]   0.23   62.7340    0.0000    0.0446
 332   5/2+ [ 9 0 3]   0.14   63.5097    0.0000    0.2196
 333   5/2+ [10 1 2]   0.09   64.4741    0.0000    0.2038
 334   5/2+ [13 0 3]   0.17   64.5814    0.0000    0.0368
 335   5/2+ [ 6 2 2]   0.17   65.9127    0.0000    0.2129
 336   5/2+ [12 1 2]   0.37   66.0822    0.0000    0.0603
 337   5/2+ [ 2 4 2]   0.17   68.8832    0.0000    0.1560
 338   5/2+ [10 2 2]   0.34   69.4155    0.0000    0.0283
 339   5/2+ [11 1 3]   0.34   70.2936    0.0000    0.0457
 340   5/2+ [ 9 2 3]   0.50   70.9830    0.0000    0.0391
 341   5/2+ [ 5 2 3]   0.17   71.2864    0.0000    0.2182
 342   5/2+ [ 0 5 2]   0.26   73.7266    0.0000    0.1770
 343   5/2+ [ 8 3 2]   0.37   74.3092    0.0000    0.0730
 344   5/2+ [ 9 1 3]   0.09   75.3372    0.0000    0.2002
 345   5/2+ [ 1 4 3]   0.30   76.3578    0.0000    0.1907
 346   5/2+ [ 7 3 3]   0.35   78.5346    0.0000    0.0669
 347   5/2+ [ 5 4 3]   0.21   79.6009    0.0000    0.0621
 348   5/2+ [ 6 4 2]   0.24   82.6139    0.0000    0.0691
 349   5/2+ [ 5 4 3]   0.25   83.8802    0.0000    0.0632
 350   5/2+ [ 3 5 3]   0.36   86.7221    0.0000    0.0719
 351   5/2+ [ 2 6 2]   0.33   90.1799    0.0000    0.0793
 352   5/2+ [ 1 6 3]   0.25   93.6073    0.0000    0.0844
 353   5/2+ [ 0 7 2]   0.53   95.9950    0.0000    0.0672
 354   5/2- [ 1 0 2]   0.92  -22.6727    0.9989    1.3095
 355   5/2- [ 0 0 3]   0.92  -17.3533    0.9980    1.2511
 356   5/2- [ 3 0 2]   0.70   -4.6135    0.9025    1.0120
 357   5/2- [ 2 0 3]   0.77    3.3340    0.0061    1.0389
 358   5/2- [ 1 1 2]   0.80    7.0365    0.0018    0.8859
 359   5/2- [ 0 1 3]   0.88   11.3271    0.0008    0.8276
 360   5/2- [ 5 0 2]   0.31   14.9357    0.0004    0.7446
 361   5/2- [ 3 3 2]   0.17   19.1596    0.0000    0.0052
 362   5/2- [ 0 4 3]   0.30   19.9599    0.0000    0.0048
 363   5/2- [ 1 4 2]   0.17   22.1517    0.0000    0.0039
 364   5/2- [ 0 4 3]   0.15   22.5700    0.0000    0.0042
 365   5/2- [ 1 4 2]   0.14   25.2178    0.0000    0.0047
 366   5/2- [ 4 0 3]   0.43   25.2863    0.0002    0.7356
 367   5/2- [ 2 3 3]   0.16   25.5739    0.0000    0.0043
 368   5/2- [ 3 1 2]   0.34   26.8258    0.0001    0.4839
 369   5/2- [ 2 1 3]   0.50   31.2127    0.0000    0.4769
 370   5/2- [11 0 2]   0.16   31.2996    0.0000    0.0041
 371   5/2- [10 0 3]   0.19   31.6640    0.0000    0.0038
 372   5/2- [ 1 2 2]   0.66   35.0965    0.0000    0.4636
 373   5/2- [ 5 1 2]   0.19   35.9850    0.0000    0.4896
 374   5/2- [ 0 2 3]   0.70   38.5828    0.0000    0.4162
 375   5/2- [ 5 3 2]   0.18   39.2645    0.0000    0.0052
 376   5/2- [ 4 3 3]   0.22   39.5589    0.0000    0.0045
 377   5/2- [ 3 4 2]   0.14   40.7592    0.0000    0.0215
 378   5/2- [ 2 4 3]   0.12   42.8444    0.0000    0.0216
 379   5/2- [13 0 2]   0.18   42.9737    0.0000    0.0201
 380   5/2- [10 1 3]   0.12   45.2515    0.0000    0.0201
 381   5/2- [ 1 5 2]   0.14   46.2026    0.0000    0.0255
 382   5/2- [ 0 6 3]   0.07   46.6668    0.0000    0.0248
 383   5/2- [ 4 1 3]   0.18   47.5184    0.0000    0.4792
 384   5/2- [ 9 0 2]   0.21   48.6370    0.0000    0.2879
 385   5/2- [11 1 2]   0.17   50.0628    0.0000    0.0105
 386   5/2- [ 6 2 3]   0.17   50.5337    0.0000    0.0087
 387   5/2- [ 6 1 3]   0.17   52.9585    0.0000    0.2878
 388   5/2- [ 9 2 2]   0.17   53.1500    0.0000    0.0263
 389   5/2- [ 3 2 2]   0.26   54.0259    0.0000    0.2744
 390   5/2- [ 6 3 3]   0.17   54.7570    0.0000    0.0270
 391   5/2- [ 9 1 2]   0.11   55.1349    0.0000    0.2832
 392   5/2- [ 2 2 3]   0.39   58.2618    0.0000    0.2744
 393   5/2- [ 1 3 2]   0.33   59.4472    0.0000    0.2331
 394   5/2- [13 0 2]   0.23   59.6608    0.0000    0.1394
 395   5/2- [ 0 3 3]   0.36   61.4388    0.0000    0.2109
 396   5/2- [11 1 2]   0.16   62.5208    0.0000    0.0513
 397   5/2- [10 0 3]   0.14   64.7470    0.0000    0.1441
 398   5/2- [10 1 3]   0.20   64.8953    0.0000    0.0467
 399   5/2- [ 7 3 2]   0.30   66.2609    0.0000    0.0319
 400   5/2- [ 6 1 3]   0.09   66.8890    0.0000    0.2783
 401   5/2- [ 7 2 2]   0.13   67.3570    0.0000    0.1471
 402   5/2- [ 8 2 3]   0.32   67.8620    0.0000    0.0246
 403   5/2- [ 6 2 3]   0.16   72.7144    0.0000    0.1505
 404   5/2- [ 5 4 2]   0.25   73.4479    0.0000    0.0717
 405   5/2- [ 4 4 3]   0.23   78.9848    0.0000    0.0846
 406   5/2- [ 3 5 2]   0.26   83.4641    0.0000    0.1158
 407   5/2- [ 2 5 3]   0.33   87.7436    0.0000    0.1174
 408   5/2- [ 1 6 2]   0.49   90.4066    0.0000    0.1108
 409   5/2- [ 0 6 3]   0.53   93.8854    0.0000    0.0986
 410   7/2+ [ 1 0 3]   0.92  -12.0743    0.9954    1.2015
 411   7/2+ [ 0 0 4]   0.92   -4.8271    0.9069    1.1325
 412   7/2+ [ 3 0 3]   0.67    6.2503    0.0023    0.9045
 413   7/2+ [ 2 0 4]   0.74   16.1775    0.0006    0.9111
 414   7/2+ [ 3 3 3]   0.13   19.0163    0.0000    0.0036
 415   7/2+ [ 1 1 3]   0.74   19.1093    0.0002    0.6278
 416   7/2+ [ 0 4 4]   0.27   20.2111    0.0000    0.0033
 417   7/2+ [ 1 4 3]   0.21   21.6838    0.0000    0.0037
 418   7/2+ [ 0 4 4]   0.15   22.0652    0.0000    0.0036
 419   7/2+ [ 0 1 4]   0.82   23.6587    0.0001    0.5934
 420   7/2+ [ 5 0 3]   0.30   26.0329    0.0001    0.6201
 421   7/2+ [ 9 0 3]   0.15   26.4134    0.0000    0.0035
 422   7/2+ [ 2 3 4]   0.18   26.7205    0.0000    0.0034
 423   7/2+ [ 3 3 3]   0.16   32.8430    0.0000    0.0037
 424   7/2+ [ 8 0 4]   0.14   33.1312    0.0000    0.0035
 425   7/2+ [ 4 0 4]   0.39   37.6841    0.0001    0.6137
 426   7/2+ [ 3 1 3]   0.34   38.5589    0.0000    0.3636
 427   7/2+ [ 7 0 3]   0.14   38.7814    0.0000    0.0131
 428   7/2+ [ 4 3 4]   0.12   41.1515    0.0000    0.0130
 429   7/2+ [11 0 3]   0.19   41.6362    0.0000    0.0047
 430   7/2+ [10 0 4]   0.20   42.0278    0.0000    0.0037
 431   7/2+ [ 1 5 3]   0.13   42.4176    0.0000    0.0124
 432   7/2+ [ 2 1 4]   0.45   43.3313    0.0000    0.3537
 433   7/2+ [ 0 5 4]   0.25   44.0562    0.0000    0.0126
 434   7/2+ [ 1 5 3]   0.15   46.1867    0.0000    0.0153
 435   7/2+ [ 2 2 4]   0.10   46.8119    0.0000    0.0147
 436   7/2+ [ 1 2 3]   0.55   47.1460    0.0000    0.3568
 437   7/2+ [ 5 1 3]   0.15   47.6227    0.0000    0.3937
 438   7/2+ [ 0 2 4]   0.59   50.1170    0.0000    0.3277
 439   7/2+ [13 0 3]   0.13   52.8903    0.0000    0.0105
 440   7/2+ [ 7 2 3]   0.19   53.2892    0.0000    0.0154
 441   7/2+ [ 8 1 4]   0.17   53.4199    0.0000    0.0070
 442   7/2+ [ 4 1 4]   0.10   53.9361    0.0000    0.0179
 443   7/2+ [ 9 0 3]   0.14   59.6386    0.0000    0.2193
 444   7/2+ [ 8 0 4]   0.17   60.4179    0.0000    0.3863
 445   7/2+ [13 0 3]   0.21   63.3261    0.0000    0.0383
 446   7/2+ [12 0 4]   0.20   65.1544    0.0000    0.0333
 447   7/2+ [ 9 1 3]   0.11   65.1545    0.0000    0.2051
 448   7/2+ [ 6 1 4]   0.19   65.7479    0.0000    0.2214
 449   7/2+ [11 1 3]   0.50   68.9136    0.0000    0.0598
 450   7/2+ [ 5 2 3]   0.20   69.7200    0.0000    0.2183
 451   7/2+ [ 9 2 3]   0.46   70.0205    0.0000    0.0333
 452   7/2+ [10 1 4]   0.31   70.9160    0.0000    0.0178
 453   7/2+ [ 2 3 4]   0.25   73.2439    0.0000    0.1990
 454   7/2+ [ 8 2 4]   0.27   74.4242    0.0000    0.0760
 455   7/2+ [ 1 4 3]   0.29   74.4518    0.0000    0.1846
 456   7/2+ [12 0 4]   0.11   76.1941    0.0000    0.2023
 457   7/2+ [ 7 3 3]   0.43   77.0403    0.0000    0.0742
 458   7/2+ [ 0 4 4]   0.37   77.5976    0.0000    0.1800
 459   7/2+ [ 5 4 3]   0.34   79.5866    0.0000    0.0552
 460   7/2+ [ 6 3 4]   0.33   82.0197    0.0000    0.0733
 461   7/2+ [ 4 4 4]   0.25   83.9436    0.0000    0.0645
 462   7/2+ [ 3 5 3]   0.33   85.5486    0.0000    0.0710
 463   7/2+ [ 1 6 3]   0.30   89.6502    0.0000    0.0780
 464   7/2+ [ 0 6 4]   0.40   90.9048    0.0000    0.0668
 465   7/2+ [ 0 6 4]   0.19   93.5339    0.0000    0.0831
 466   7/2- [ 0 0 3]   0.96  -20.9334    0.9987    1.2934
 467   7/2- [ 2 0 3]   0.83   -3.0941    0.4318    1.0651
 468   7/2- [ 1 0 4]   0.86    5.7010    0.0034    1.0483
 469   7/2- [ 0 1 3]   0.88    9.0371    0.0011    0.7971
 470   7/2- [ 4 0 3]   0.48   15.9621    0.0004    0.7570
 471   7/2- [ 0 4 3]   0.31   19.9785    0.0000    0.0049
 472   7/2- [ 1 3 4]   0.20   21.6427    0.0000    0.0055
 473   7/2- [ 0 4 3]   0.14   22.7520    0.0000    0.0042
 474   7/2- [ 2 3 3]   0.17   25.5227    0.0000    0.0044
 475   7/2- [ 1 3 4]   0.21   25.7361    0.0000    0.0048
 476   7/2- [ 3 0 4]   0.57   26.8664    0.0002    0.7542
 477   7/2- [ 2 1 3]   0.52   28.7354    0.0001    0.4716
 478   7/2- [10 0 3]   0.20   31.6323    0.0000    0.0039
 479   7/2- [ 9 0 4]   0.20   31.8067    0.0000    0.0041
 480   7/2- [ 1 1 4]   0.67   33.3750    0.0000    0.4423
 481   7/2- [ 4 1 3]   0.20   36.7172    0.0000    0.4930
 482   7/2- [ 0 2 3]   0.71   37.0787    0.0000    0.4200
 483   7/2- [ 4 3 3]   0.22   39.5221    0.0000    0.0045
 484   7/2- [ 9 0 4]   0.20   39.8245    0.0000    0.0044
 485   7/2- [ 3 3 4]   0.11   42.5484    0.0000    0.0234
 486   7/2- [ 0 5 3]   0.09   42.9383    0.0000    0.0227
 487   7/2- [ 6 0 3]   0.15   45.1651    0.0000    0.0202
 488   7/2- [ 0 6 3]   0.14   46.3003    0.0000    0.0260
 489   7/2- [ 1 4 4]   0.17   47.0956    0.0000    0.0249
 490   7/2- [ 5 0 4]   0.24   48.6471    0.0000    0.4853
 491   7/2- [ 4 1 3]   0.18   49.6937    0.0000    0.2857
 492   7/2- [ 6 2 3]   0.17   50.3042    0.0000    0.0096
 493   7/2- [ 7 1 4]   0.20   50.8046    0.0000    0.0086
 494   7/2- [11 0 4]   0.13   53.7457    0.0000    0.0280
 495   7/2- [ 3 1 4]   0.28   54.0641    0.0000    0.2798
 496   7/2- [ 6 3 3]   0.15   54.3122    0.0000    0.0274
 497   7/2- [ 4 2 3]   0.12   55.8144    0.0000    0.2861
 498   7/2- [ 2 2 3]   0.38   56.7370    0.0000    0.2763
 499   7/2- [ 0 3 3]   0.38   60.0604    0.0000    0.2054
 500   7/2- [ 1 2 4]   0.41   61.6171    0.0000    0.2674
 501   7/2- [10 0 3]   0.16   62.5068    0.0000    0.1475
 502   7/2- [10 1 3]   0.17   62.8269    0.0000    0.0510
 503   7/2- [ 5 1 4]   0.11   64.9109    0.0000    0.0476
 504   7/2- [ 8 2 3]   0.31   66.4507    0.0000    0.0318
 505   7/2- [ 9 0 4]   0.14   67.9351    0.0000    0.2817
 506   7/2- [ 7 2 4]   0.39   67.9510    0.0000    0.0247
 507   7/2- [ 6 2 3]   0.10   68.5376    0.0000    0.1497
 508   7/2- [ 6 2 3]   0.09   71.1909    0.0000    0.1554
 509   7/2- [ 4 4 3]   0.25   73.5502    0.0000    0.0726
 510   7/2- [ 5 3 4]   0.29   78.9367    0.0000    0.0870
 511   7/2- [ 3 4 4]   0.28   82.6158    0.0000    0.1204
 512   7/2- [ 2 5 3]   0.34   86.3737    0.0000    0.1184
 513   7/2- [ 1 5 4]   0.48   90.0490    0.0000    0.1174
 514   7/2- [ 0 6 3]   0.53   92.9628    0.0000    0.0982
 515   9/2+ [ 0 0 4]   0.96  -10.4676    0.9936    1.1708
 516   9/2+ [ 2 0 4]   0.80    7.8114    0.0018    0.9286
 517   9/2+ [ 1 0 5]   0.84   18.2928    0.0004    0.8976
 518   9/2+ [ 0 4 4]   0.27   20.1136    0.0000    0.0032
 519   9/2+ [ 0 1 4]   0.83   20.9650    0.0001    0.5750
 520   9/2+ [ 0 4 4]   0.15   22.0459    0.0000    0.0037
 521   9/2+ [ 1 3 5]   0.22   22.5913    0.0000    0.0035
 522   9/2+ [ 2 3 4]   0.18   26.6979    0.0000    0.0035
 523   9/2+ [ 1 3 5]   0.17   27.1089    0.0000    0.0033
 524   9/2+ [ 4 0 4]   0.43   27.2082    0.0001    0.6286
 525   9/2+ [ 8 0 4]   0.14   33.0750    0.0000    0.0037
 526   9/2+ [ 3 2 5]   0.19   33.4376    0.0000    0.0035
 527   9/2+ [ 3 0 5]   0.52   39.3212    0.0001    0.6220
 528   9/2+ [ 2 1 4]   0.47   40.0457    0.0000    0.3524
 529   9/2+ [ 4 3 4]   0.12   41.0512    0.0000    0.0134
 530   9/2+ [10 0 4]   0.21   41.9945    0.0000    0.0038
 531   9/2+ [ 9 0 5]   0.29   42.3611    0.0000    0.0036
 532   9/2+ [ 5 2 5]   0.14   43.3748    0.0000    0.0131
 533   9/2+ [ 0 5 4]   0.25   43.7278    0.0000    0.0126
 534   9/2+ [ 1 1 5]   0.58   45.3660    0.0000    0.3306
 535   9/2+ [ 2 2 4]   0.11   46.5817    0.0000    0.0153
 536   9/2+ [ 1 4 5]   0.16   47.3698    0.0000    0.0148
 537   9/2+ [ 8 0 4]   0.19   48.5808    0.0000    0.3960
 538   9/2+ [ 0 2 4]   0.58   48.9364    0.0000    0.3281
 539   9/2+ [12 0 4]   0.17   53.1823    0.0000    0.0119
 540   9/2+ [ 6 2 4]   0.18   53.4894    0.0000    0.0144
 541   9/2+ [11 0 5]   0.20   53.7961    0.0000    0.0064
 542   9/2+ [ 3 1 5]   0.11   54.2003    0.0000    0.0186
 543   9/2+ [ 6 1 4]   0.18   61.3780    0.0000    0.2207
 544   9/2+ [ 5 0 5]   0.20   61.7677    0.0000    0.3895
 545   9/2+ [12 0 4]   0.22   63.9162    0.0000    0.0350
 546   9/2+ [11 0 5]   0.21   65.8195    0.0000    0.0315
 547   9/2+ [12 0 4]   0.12   65.9305    0.0000    0.2072
 548   9/2+ [ 5 1 5]   0.18   67.1753    0.0000    0.2176
 549   9/2+ [10 1 4]   0.42   69.9416    0.0000    0.0248
 550   9/2+ [ 9 1 5]   0.40   71.2766    0.0000    0.0164
 551   9/2+ [ 2 3 4]   0.25   71.4097    0.0000    0.1966
 552   9/2+ [ 8 2 4]   0.34   72.6936    0.0000    0.0733
 553   9/2+ [ 0 4 4]   0.36   75.6435    0.0000    0.1760
 554   9/2+ [ 1 3 5]   0.26   77.0292    0.0000    0.1952
 555   9/2+ [ 9 0 5]   0.13   77.3743    0.0000    0.2040
 556   9/2+ [ 7 2 5]   0.26   78.0835    0.0000    0.0755
 557   9/2+ [ 6 3 4]   0.28   79.2862    0.0000    0.0642
 558   9/2+ [ 4 4 4]   0.37   80.9415    0.0000    0.0727
 559   9/2+ [ 5 3 5]   0.36   83.5547    0.0000    0.0607
 560   9/2+ [ 3 4 5]   0.41   86.1026    0.0000    0.0763
 561   9/2+ [ 2 5 4]   0.43   88.6261    0.0000    0.0755
 562   9/2+ [ 0 6 4]   0.50   90.4382    0.0000    0.0680
 563   9/2+ [ 1 5 5]   0.35   93.3389    0.0000    0.0851
 564   9/2- [ 1 0 4]   0.91   -1.3826    0.0660    1.0628
 565   9/2- [ 0 0 5]   0.91    7.7575    0.0021    1.0091
 566   9/2- [ 3 0 4]   0.63   17.3195    0.0004    0.7724
 567   9/2- [ 1 3 4]   0.20   21.6861    0.0000    0.0058
 568   9/2- [ 0 3 5]   0.36   22.4371    0.0000    0.0051
 569   9/2- [ 1 3 4]   0.21   25.7136    0.0000    0.0049
 570   9/2- [ 2 2 5]   0.16   26.0966    0.0000    0.0048
 571   9/2- [ 2 0 5]   0.70   28.7608    0.0001    0.7642
 572   9/2- [ 1 1 4]   0.68   30.5658    0.0000    0.4389
 573   9/2- [ 9 0 4]   0.20   31.7968    0.0000    0.0041
 574   9/2- [ 6 1 5]   0.18   32.3463    0.0000    0.0037
 575   9/2- [ 0 1 5]   0.74   35.4887    0.0000    0.4187
 576   9/2- [ 5 0 4]   0.27   37.7727    0.0000    0.4976
 577   9/2- [ 9 0 4]   0.20   39.7886    0.0000    0.0045
 578   9/2- [ 8 0 5]   0.25   40.2203    0.0000    0.0042
 579   9/2- [ 3 3 4]   0.15   42.4506    0.0000    0.0249
 580   9/2- [ 0 4 5]   0.14   44.5910    0.0000    0.0236
 581   9/2- [ 1 4 4]   0.19   46.6272    0.0000    0.0256
 582   9/2- [ 0 4 5]   0.14   47.6491    0.0000    0.0251
 583   9/2- [ 4 0 5]   0.35   50.0655    0.0000    0.4902
 584   9/2- [ 3 1 4]   0.29   50.4221    0.0000    0.2780
 585   9/2- [ 7 1 4]   0.20   50.5822    0.0000    0.0096
 586   9/2- [ 6 1 5]   0.24   51.1857    0.0000    0.0079
 587   9/2- [ 9 1 4]   0.16   53.3904    0.0000    0.0284
 588   9/2- [ 2 1 5]   0.37   55.4090    0.0000    0.2685
 589   9/2- [ 8 1 5]   0.20   55.4707    0.0000    0.0285
 590   9/2- [ 9 0 4]   0.15   56.8204    0.0000    0.2893
 591   9/2- [ 1 2 4]   0.42   59.7271    0.0000    0.2684
 592   9/2- [ 9 1 4]   0.14   62.9191    0.0000    0.0507
 593   9/2- [ 0 2 5]   0.41   63.6960    0.0000    0.2468
 594   9/2- [10 0 5]   0.21   65.4966    0.0000    0.0471
 595   9/2- [ 5 0 4]   0.12   65.9426    0.0000    0.1599
 596   9/2- [ 7 2 4]   0.40   66.5730    0.0000    0.0331
 597   9/2- [ 6 2 5]   0.33   68.2594    0.0000    0.0242
 598   9/2- [ 8 0 5]   0.17   69.3255    0.0000    0.2856
 599   9/2- [ 6 1 5]   0.15   72.7904    0.0000    0.1613
 600   9/2- [ 5 3 4]   0.29   73.6111    0.0000    0.0741
 601   9/2- [ 4 3 5]   0.26   79.1024    0.0000    0.0889
 602   9/2- [ 3 4 4]   0.28   80.7105    0.0000    0.1194
 603   9/2- [ 2 4 5]   0.30   86.1672    0.0000    0.1179
 604   9/2- [ 1 5 4]   0.47   88.1101    0.0000    0.1167
 605   9/2- [ 0 5 5]   0.54   92.0110    0.0000    0.1092
 606  11/2+ [ 1 0 5]   0.88    9.4669    0.0013    0.9099
 607  11/2+ [ 0 0 6]   0.88   20.1291    0.0003    0.8534
 608  11/2+ [ 1 3 5]   0.22   22.5907    0.0000    0.0036
 609  11/2+ [ 0 3 6]   0.35   23.3159    0.0000    0.0033
 610  11/2+ [ 1 3 5]   0.17   27.0801    0.0000    0.0034
 611  11/2+ [ 4 1 6]   0.16   27.5938    0.0000    0.0033
 612  11/2+ [ 3 0 5]   0.56   28.6590    0.0001    0.6349
 613  11/2+ [ 3 2 5]   0.19   33.3718    0.0000    0.0038
 614  11/2+ [ 2 2 6]   0.18   33.8133    0.0000    0.0036
 615  11/2+ [ 2 0 6]   0.63   41.1587    0.0001    0.6200
 616  11/2+ [ 1 1 5]   0.59   41.7214    0.0000    0.3312
 617  11/2+ [ 9 0 5]   0.30   42.3266    0.0000    0.0038
 618  11/2+ [ 8 0 6]   0.30   42.8242    0.0000    0.0031
 619  11/2+ [ 5 2 5]   0.15   43.2865    0.0000    0.0135
 620  11/2+ [ 0 4 6]   0.19   45.2315    0.0000    0.0129
 621  11/2+ [ 1 4 5]   0.17   47.1227    0.0000    0.0154
 622  11/2+ [ 0 1 6]   0.64   47.7368    0.0000    0.3191
 623  11/2+ [ 0 4 6]   0.13   48.1558    0.0000    0.0147
 624  11/2+ [ 5 0 5]   0.22   49.8309    0.0000    0.3985
 625  11/2+ [11 0 5]   0.16   53.5319    0.0000    0.0151
 626  11/2+ [ 7 1 5]   0.25   53.7670    0.0000    0.0115
 627  11/2+ [10 0 6]   0.22   54.2448    0.0000    0.0059
 628  11/2+ [ 4 0 6]   0.12   54.5511    0.0000    0.0194
 629  11/2+ [ 5 1 5]   0.21   62.6227    0.0000    0.2172
 630  11/2+ [ 4 0 6]   0.29   63.3801    0.0000    0.3909
 631  11/2+ [11 0 5]   0.22   64.5879    0.0000    0.0327
 632  11/2+ [10 0 6]   0.20   66.6271    0.0000    0.0300
 633  11/2+ [ 9 0 5]   0.15   67.0102    0.0000    0.2093
 634  11/2+ [ 2 1 6]   0.25   68.6819    0.0000    0.2099
 635  11/2+ [ 9 1 5]   0.46   70.4090    0.0000    0.0211
 636  11/2+ [ 8 1 6]   0.47   71.7281    0.0000    0.0151
 637  11/2+ [ 1 3 5]   0.31   74.7581    0.0000    0.1932
 638  11/2+ [ 7 2 5]   0.36   75.8601    0.0000    0.0807
 639  11/2+ [ 8 0 6]   0.16   78.7461    0.0000    0.2043
 640  11/2+ [ 0 3 6]   0.33   78.9738    0.0000    0.1846
 641  11/2+ [ 5 3 5]   0.38   79.6553    0.0000    0.0548
 642  11/2+ [ 6 2 6]   0.28   82.1599    0.0000    0.0808
 643  11/2+ [ 3 4 5]   0.23   83.1503    0.0000    0.0735
 644  11/2+ [ 4 3 6]   0.35   84.7261    0.0000    0.0651
 645  11/2+ [ 2 4 6]   0.31   88.4689    0.0000    0.0767
 646  11/2+ [ 1 5 5]   0.36   89.8172    0.0000    0.0772
 647  11/2+ [ 0 5 6]   0.29   93.5842    0.0000    0.0818
 648  11/2- [ 0 0 5]   0.96    0.0988    0.0219    1.0229
 649  11/2- [ 2 0 5]   0.75   18.9031    0.0003    0.7785
 650  11/2- [ 0 3 5]   0.36   22.4866    0.0000    0.0054
 651  11/2- [ 2 2 5]   0.16   26.0769    0.0000    0.0050
 652  11/2- [ 1 2 6]   0.34   26.5782    0.0000    0.0048
 653  11/2- [ 1 0 6]   0.78   30.7097    0.0001    0.7422
 654  11/2- [ 6 1 5]   0.18   32.3377    0.0000    0.0038
 655  11/2- [ 0 1 5]   0.76   32.3727    0.0000    0.4168
 656  11/2- [ 5 1 6]   0.21   32.9543    0.0000    0.0034
 657  11/2- [ 4 0 5]   0.38   39.0609    0.0000    0.5011
 658  11/2- [ 8 0 5]   0.25   40.1805    0.0000    0.0042
 659  11/2- [ 7 0 6]   0.26   40.6717    0.0000    0.0040
 660  11/2- [ 0 4 5]   0.13   44.3721    0.0000    0.0246
 661  11/2- [ 0 4 5]   0.16   47.1610    0.0000    0.0258
 662  11/2- [ 1 3 6]   0.19   48.1940    0.0000    0.0256
 663  11/2- [ 6 1 5]   0.24   50.9804    0.0000    0.0085
 664  11/2- [ 2 1 5]   0.38   51.5761    0.0000    0.2682
 665  11/2- [ 5 1 6]   0.25   51.6432    0.0000    0.0073
 666  11/2- [ 3 0 6]   0.46   51.7726    0.0000    0.4913
 667  11/2- [ 8 1 5]   0.21   54.7850    0.0000    0.0281
 668  11/2- [ 1 1 6]   0.46   57.1148    0.0000    0.2518
 669  11/2- [ 7 1 6]   0.20   57.2269    0.0000    0.0281
 670  11/2- [ 8 0 5]   0.19   58.0606    0.0000    0.2927
 671  11/2- [ 0 2 5]   0.43   61.5088    0.0000    0.2465
 672  11/2- [10 0 5]   0.20   63.5645    0.0000    0.0497
 673  11/2- [ 9 0 6]   0.26   66.2421    0.0000    0.0459
 674  11/2- [ 8 1 5]   0.36   66.9421    0.0000    0.0322
 675  11/2- [ 6 1 5]   0.15   67.9616    0.0000    0.1618
 676  11/2- [ 7 1 6]   0.44   68.6521    0.0000    0.0237
 677  11/2- [ 7 0 6]   0.19   70.9755    0.0000    0.2888
 678  11/2- [ 4 3 5]   0.31   73.8465    0.0000    0.0755
 679  11/2- [ 5 1 6]   0.15   75.0126    0.0000    0.1615
 680  11/2- [ 3 3 6]   0.24   79.3971    0.0000    0.0883
 681  11/2- [ 2 4 5]   0.32   84.0091    0.0000    0.1174
 682  11/2- [ 0 5 5]   0.26   89.4908    0.0000    0.1103
 683  11/2- [ 0 5 5]   0.31   90.4158    0.0000    0.1116
 684  13/2+ [ 0 0 6]   0.92   10.8734    0.0009    0.8668
 685  13/2+ [ 0 3 6]   0.35   23.3213    0.0000    0.0033
 686  13/2+ [ 4 1 6]   0.16   27.5583    0.0000    0.0034
 687  13/2+ [ 1 2 7]   0.32   28.1571    0.0000    0.0031
 688  13/2+ [ 2 0 6]   0.67   30.2705    0.0001    0.6307
 689  13/2+ [ 2 2 6]   0.18   33.7371    0.0000    0.0039
 690  13/2+ [ 3 1 7]   0.17   34.2631    0.0000    0.0036
 691  13/2+ [ 8 0 6]   0.31   42.7930    0.0000    0.0032
 692  13/2+ [ 1 0 7]   0.70   42.9986    0.0000    0.5961
 693  13/2+ [ 7 0 7]   0.28   43.3433    0.0000    0.0029
 694  13/2+ [ 0 1 6]   0.66   43.7172    0.0000    0.3203
 695  13/2+ [ 0 4 6]   0.19   45.1183    0.0000    0.0134
 696  13/2+ [ 0 4 6]   0.14   47.8706    0.0000    0.0152
 697  13/2+ [ 1 1 7]   0.19   49.0612    0.0000    0.0148
 698  13/2+ [ 4 0 6]   0.31   51.2642    0.0000    0.3989
 699  13/2+ [ 2 3 6]   0.15   53.9315    0.0000    0.0192
 700  13/2+ [ 6 1 6]   0.32   54.1477    0.0000    0.0078
 701  13/2+ [ 7 0 7]   0.24   54.7574    0.0000    0.0051
 702  13/2+ [ 3 0 7]   0.18   55.0227    0.0000    0.0204
 703  13/2+ [ 2 1 6]   0.25   64.1426    0.0000    0.2112
 704  13/2+ [ 3 0 7]   0.38   65.1615    0.0000    0.3879
 705  13/2+ [10 0 6]   0.20   65.3727    0.0000    0.0308
 706  13/2+ [ 5 0 7]   0.24   67.5749    0.0000    0.0287
 707  13/2+ [ 8 0 6]   0.18   68.3053    0.0000    0.2110
 708  13/2+ [ 1 1 7]   0.30   70.4881    0.0000    0.1986
 709  13/2+ [ 8 1 6]   0.50   70.9111    0.0000    0.0193
 710  13/2+ [ 7 1 7]   0.48   72.2485    0.0000    0.0141
 711  13/2+ [ 0 3 6]   0.38   76.4791    0.0000    0.1791
 712  13/2+ [ 6 2 6]   0.46   78.5917    0.0000    0.0772
 713  13/2+ [ 7 0 7]   0.18   80.3591    0.0000    0.2081
 714  13/2+ [ 4 3 6]   0.38   80.5881    0.0000    0.0639
 715  13/2+ [ 5 2 7]   0.37   84.0798    0.0000    0.0621
 716  13/2+ [ 2 4 6]   0.31   85.5927    0.0000    0.0774
 717  13/2+ [ 3 3 7]   0.28   87.3706    0.0000    0.0852
 718  13/2+ [ 0 5 6]   0.43   90.1223    0.0000    0.0733
 719  13/2+ [ 1 4 7]   0.49   93.6130    0.0000    0.0814
 720  13/2- [ 1 0 6]   0.82   20.5162    0.0003    0.7540
 721  13/2- [ 1 2 6]   0.35   26.5537    0.0000    0.0050
 722  13/2- [ 0 2 7]   0.43   27.1829    0.0000    0.0047
 723  13/2- [ 0 0 7]   0.82   32.4407    0.0001    0.7015
 724  13/2- [ 5 1 6]   0.22   32.9425    0.0000    0.0035
 725  13/2- [ 2 2 7]   0.24   33.6009    0.0000    0.0032
 726  13/2- [ 3 0 6]   0.49   40.5615    0.0000    0.5005
 727  13/2- [ 7 0 6]   0.26   40.6285    0.0000    0.0041
 728  13/2- [ 6 0 7]   0.24   41.1820    0.0000    0.0039
 729  13/2- [ 1 3 6]   0.20   47.6181    0.0000    0.0263
 730  13/2- [ 0 4 7]   0.25   49.3649    0.0000    0.0251
 731  13/2- [ 5 1 6]   0.25   51.4464    0.0000    0.0077
 732  13/2- [ 6 0 7]   0.28   52.1686    0.0000    0.0068
 733  13/2- [ 1 1 6]   0.46   52.9578    0.0000    0.2522
 734  13/2- [ 2 0 7]   0.55   53.6062    0.0000    0.4836
 735  13/2- [ 7 1 6]   0.20   56.3616    0.0000    0.0279
 736  13/2- [ 4 2 7]   0.24   59.0773    0.0000    0.0275
 737  13/2- [ 7 0 6]   0.20   59.4925    0.0000    0.2948
 738  13/2- [ 0 1 7]   0.50   59.6429    0.0000    0.2436
 739  13/2- [ 9 0 6]   0.24   64.2251    0.0000    0.0484
 740  13/2- [ 2 3 7]   0.26   66.9899    0.0000    0.0448
 741  13/2- [ 7 1 6]   0.45   67.3535    0.0000    0.0319
 742  13/2- [ 6 1 7]   0.49   69.1044    0.0000    0.0231
 743  13/2- [ 5 1 6]   0.16   69.8119    0.0000    0.1612
 744  13/2- [ 4 0 7]   0.24   72.7535    0.0000    0.2894
 745  13/2- [ 3 3 6]   0.26   74.0996    0.0000    0.0775
 746  13/2- [ 2 2 7]   0.20   76.9888    0.0000    0.1582
 747  13/2- [ 4 2 7]   0.26   79.6726    0.0000    0.0901
 748  13/2- [ 1 4 6]   0.41   87.2627    0.0000    0.1123
 749  13/2- [ 0 4 7]   0.50   92.2769    0.0000    0.1084
 750  15/2+ [ 1 2 7]   0.32   28.1133    0.0000    0.0033
 751  15/2+ [ 0 2 8]   0.40   28.7845    0.0000    0.0030
 752  15/2+ [ 1 0 7]   0.73   31.8559    0.0001    0.6060
 753  15/2+ [ 3 1 7]   0.17   34.1767    0.0000    0.0040
 754  15/2+ [ 2 1 8]   0.28   34.7901    0.0000    0.0036
 755  15/2+ [ 7 0 7]   0.29   43.3137    0.0000    0.0030
 756  15/2+ [ 6 0 8]   0.24   43.9215    0.0000    0.0027
 757  15/2+ [ 0 0 8]   0.73   44.6920    0.0000    0.5618
 758  15/2+ [ 1 1 7]   0.19   48.6998    0.0000    0.0153
 759  15/2+ [ 0 1 8]   0.24   50.4041    0.0000    0.0142
 760  15/2+ [ 3 0 7]   0.40   52.8646    0.0000    0.3951
 761  15/2+ [ 3 0 7]   0.19   54.4190    0.0000    0.0214
 762  15/2+ [ 5 1 7]   0.30   54.6262    0.0000    0.0058
 763  15/2+ [ 6 0 8]   0.32   55.3264    0.0000    0.0044
 764  15/2+ [ 2 0 8]   0.24   55.6652    0.0000    0.0211
 765  15/2+ [ 1 1 7]   0.30   65.5126    0.0000    0.1990
 766  15/2+ [ 5 0 7]   0.25   66.2739    0.0000    0.0292
 767  15/2+ [ 2 0 8]   0.45   67.0167    0.0000    0.3783
 768  15/2+ [ 4 0 8]   0.30   68.6400    0.0000    0.0276
 769  15/2+ [ 7 0 7]   0.19   69.7447    0.0000    0.2114
 770  15/2+ [ 7 1 7]   0.49   71.4773    0.0000    0.0178
 771  15/2+ [ 6 1 8]   0.44   72.8437    0.0000    0.0132
 772  15/2+ [ 0 2 8]   0.36   73.1452    0.0000    0.1917
 773  15/2+ [ 5 2 7]   0.44   79.9943    0.0000    0.0600
 774  15/2+ [ 4 0 8]   0.20   82.0361    0.0000    0.2071
 775  15/2+ [ 3 3 7]   0.33   82.4071    0.0000    0.0881
 776  15/2+ [ 4 2 8]   0.35   84.7630    0.0000    0.0590
 777  15/2+ [ 1 4 7]   0.21   89.1601    0.0000    0.0849
 778  15/2+ [ 1 4 7]   0.31   90.1649    0.0000    0.0835
 779  15/2+ [ 0 4 8]   0.55   94.5987    0.0000    0.0745
 780  15/2- [ 0 0 7]   0.85   21.8980    0.0002    0.7145
 781  15/2- [ 0 2 7]   0.43   27.1580    0.0000    0.0049
 782  15/2- [ 1 1 8]   0.35   33.0737    0.0000    0.0054
 783  15/2- [ 2 2 7]   0.23   33.6046    0.0000    0.0033
 784  15/2- [ 6 0 7]   0.24   41.1357    0.0000    0.0040
 785  15/2- [ 3 1 8]   0.29   41.6977    0.0000    0.0040
 786  15/2- [ 2 0 7]   0.57   42.1998    0.0000    0.4918
 787  15/2- [ 0 3 7]   0.26   48.7391    0.0000    0.0258
 788  15/2- [ 6 0 7]   0.28   51.9753    0.0000    0.0071
 789  15/2- [ 5 0 8]   0.37   52.7565    0.0000    0.0064
 790  15/2- [ 1 0 8]   0.22   53.8731    0.0000    0.0382
 791  15/2- [ 0 1 7]   0.51   55.1116    0.0000    0.2443
 792  15/2- [ 1 0 8]   0.61   55.3892    0.0000    0.4619
 793  15/2- [ 4 2 7]   0.25   58.0527    0.0000    0.0273
 794  15/2- [ 4 0 7]   0.26   61.0647    0.0000    0.2946
 795  15/2- [ 2 3 7]   0.25   64.9152    0.0000    0.0468
 796  15/2- [ 3 0 8]   0.27   67.1388    0.0000    0.0459
 797  15/2- [ 6 1 7]   0.46   67.8495    0.0000    0.0315
 798  15/2- [ 5 1 8]   0.42   69.6056    0.0000    0.0221
 799  15/2- [ 2 2 7]   0.21   71.6061    0.0000    0.1576
 800  15/2- [ 4 2 7]   0.31   74.4198    0.0000    0.0800
 801  15/2- [ 3 0 8]   0.31   74.5612    0.0000    0.2860
 802  15/2- [ 3 2 8]   0.34   79.9965    0.0000    0.0923
 803  15/2- [ 1 3 8]   0.30   88.9061    0.0000    0.1251
 804  15/2- [ 0 4 7]   0.38   89.7140    0.0000    0.1148
 805  17/2+ [ 0 2 8]   0.40   28.7361    0.0000    0.0032
 806  17/2+ [ 0 0 8]   0.75   33.2403    0.0001    0.5726
 807  17/2+ [ 2 1 8]   0.28   34.6939    0.0000    0.0040
 808  17/2+ [ 1 1 9]   0.36   35.3886    0.0000    0.0035
 809  17/2+ [ 6 0 8]   0.24   43.8932    0.0000    0.0027
 810  17/2+ [ 3 1 9]   0.31   44.5524    0.0000    0.0025
 811  17/2+ [ 0 1 8]   0.25   49.9991    0.0000    0.0147
 812  17/2+ [ 2 0 8]   0.46   54.5430    0.0000    0.3849
 813  17/2+ [ 2 0 8]   0.24   55.0550    0.0000    0.0219
 814  17/2+ [ 6 0 8]   0.29   55.1795    0.0000    0.0053
 815  17/2+ [ 5 0 9]   0.40   55.9471    0.0000    0.0040
 816  17/2+ [ 1 0 9]   0.28   56.5009    0.0000    0.0212
 817  17/2+ [ 4 0 8]   0.31   67.2791    0.0000    0.0277
 818  17/2+ [ 0 2 8]   0.36   67.7919    0.0000    0.1922
 819  17/2+ [ 1 0 9]   0.49   68.7844    0.0000    0.3594
 820  17/2+ [ 3 0 9]   0.35   69.7896    0.0000    0.0265
 821  17/2+ [ 4 0 8]   0.21   71.2875    0.0000    0.2099
 822  17/2+ [ 8 0 8]   0.43   72.1138    0.0000    0.0163
 823  17/2+ [ 7 0 9]   0.52   73.5142    0.0000    0.0123
 824  17/2+ [ 4 2 8]   0.40   80.7221    0.0000    0.0563
 825  17/2+ [ 3 0 9]   0.25   83.7405    0.0000    0.2033
 826  17/2+ [ 2 3 8]   0.37   84.2991    0.0000    0.0937
 827  17/2+ [ 3 2 9]   0.31   85.3929    0.0000    0.0591
 828  17/2+ [ 0 4 8]   0.52   90.8941    0.0000    0.0714
 829  17/2+ [ 1 3 9]   0.39   92.6060    0.0000    0.0941
 830  17/2- [ 0 1 9]   0.39   33.7498    0.0000    0.0053
 831  17/2- [ 1 2 8]   0.38   34.3030    0.0000    0.0032
 832  17/2- [ 3 1 8]   0.26   41.7088    0.0000    0.0039
 833  17/2- [ 2 1 9]   0.42   42.3690    0.0000    0.0038
 834  17/2- [ 1 0 8]   0.63   43.7645    0.0000    0.4698
 835  17/2- [ 5 0 8]   0.36   52.5645    0.0000    0.0066
 836  17/2- [ 4 0 9]   0.45   53.4052    0.0000    0.0061
 837  17/2- [ 0 3 9]   0.25   55.0020    0.0000    0.0369
 838  17/2- [ 0 0 9]   0.63   57.1239    0.0000    0.4352
 839  17/2- [ 1 3 8]   0.27   60.0027    0.0000    0.0262
 840  17/2- [ 3 0 8]   0.33   62.7238    0.0000    0.2905
 841  17/2- [ 1 3 8]   0.26   65.7433    0.0000    0.0449
 842  17/2- [ 7 0 8]   0.47   68.4563    0.0000    0.0311
 843  17/2- [ 2 0 9]   0.28   68.5625    0.0000    0.0429
 844  17/2- [ 6 0 9]   0.56   70.3269    0.0000    0.0206
 845  17/2- [ 1 2 8]   0.30   73.3648    0.0000    0.1500
 846  17/2- [ 3 2 8]   0.34   74.8633    0.0000    0.0827
 847  17/2- [ 2 0 9]   0.37   76.3420    0.0000    0.2775
 848  17/2- [ 2 2 9]   0.27   80.6309    0.0000    0.0931
 849  17/2- [ 0 3 9]   0.50   91.4883    0.0000    0.1280
 850  19/2+ [ 1 1 9]   0.37   35.2823    0.0000    0.0039
 851  19/2+ [ 0 110]   0.40   36.0576    0.0000    0.0034
 852  19/2+ [ 3 1 9]   0.32   44.5249    0.0000    0.0026
 853  19/2+ [ 2 110]   0.44   45.2288    0.0000    0.0024
 854  19/2+ [ 5 0 9]   0.39   55.7891    0.0000    0.0044
 855  19/2+ [ 1 0 9]   0.29   55.8611    0.0000    0.0225
 856  19/2+ [ 1 0 9]   0.50   56.1098    0.0000    0.3660
 857  19/2+ [ 4 010]   0.47   56.6188    0.0000    0.0038
 858  19/2+ [ 0 010]   0.28   57.5765    0.0000    0.0206
 859  19/2+ [ 3 0 9]   0.36   68.3641    0.0000    0.0265
 860  19/2+ [ 0 010]   0.51   70.5255    0.0000    0.3381
 861  19/2+ [ 2 010]   0.39   71.0046    0.0000    0.0255
 862  19/2+ [ 7 0 9]   0.56   72.8222    0.0000    0.0148
 863  19/2+ [ 3 0 9]   0.26   72.8884    0.0000    0.2057
 864  19/2+ [ 6 010]   0.64   74.2582    0.0000    0.0113
 865  19/2+ [ 3 2 9]   0.33   81.4014    0.0000    0.0561
 866  19/2+ [ 2 010]   0.30   85.4345    0.0000    0.1963
 867  19/2+ [ 4 010]   0.23   86.0498    0.0000    0.0608
 868  19/2+ [ 1 3 9]   0.46   86.4269    0.0000    0.0912
 869  19/2+ [ 0 310]   0.51   94.5315    0.0000    0.0918
 870  19/2- [ 0 1 9]   0.42   33.6468    0.0000    0.0060
 871  19/2- [ 2 1 9]   0.43   42.3194    0.0000    0.0039
 872  19/2- [ 1 110]   0.52   43.0865    0.0000    0.0037
 873  19/2- [ 0 0 9]   0.64   45.1934    0.0000    0.4437
 874  19/2- [ 4 0 9]   0.44   53.2110    0.0000    0.0062
 875  19/2- [ 0 1 9]   0.24   53.8413    0.0000    0.0402
 876  19/2- [ 3 010]   0.52   54.1099    0.0000    0.0059
 877  19/2- [ 2 0 9]   0.38   64.3845    0.0000    0.2817
 878  19/2- [ 2 0 9]   0.32   66.3703    0.0000    0.0442
 879  19/2- [ 6 0 9]   0.64   69.2017    0.0000    0.0280
 880  19/2- [ 1 210]   0.44   70.0532    0.0000    0.0414
 881  19/2- [ 5 010]   0.68   71.1322    0.0000    0.0191
 882  19/2- [ 2 2 9]   0.29   75.4449    0.0000    0.0854
 883  19/2- [ 1 010]   0.41   78.0600    0.0000    0.2634
 884  19/2- [ 3 110]   0.33   81.4212    0.0000    0.0931
 885  19/2- [ 0 3 9]   0.53   84.9866    0.0000    0.1246
 886  21/2+ [ 0 110]   0.40   35.9414    0.0000    0.0038
 887  21/2+ [ 2 110]   0.44   45.2013    0.0000    0.0024
 888  21/2+ [ 1 111]   0.53   45.9462    0.0000    0.0023
 889  21/2+ [ 4 010]   0.46   56.4587    0.0000    0.0039
 890  21/2+ [ 0 010]   0.29   56.8781    0.0000    0.0221
 891  21/2+ [ 3 011]   0.53   57.3395    0.0000    0.0036
 892  21/2+ [ 0 010]   0.52   57.5595    0.0000    0.3450
 893  21/2+ [ 2 010]   0.40   69.5083    0.0000    0.0254
 894  21/2+ [ 1 211]   0.43   72.3073    0.0000    0.0244
 895  21/2+ [ 6 010]   0.69   73.6005    0.0000    0.0132
 896  21/2+ [ 2 010]   0.30   74.4785    0.0000    0.1984
 897  21/2+ [ 5 011]   0.75   75.0704    0.0000    0.0104
 898  21/2+ [ 4 110]   0.25   82.1453    0.0000    0.0564
 899  21/2+ [ 3 111]   0.35   86.9117    0.0000    0.0578
 900  21/2+ [ 1 011]   0.33   87.0901    0.0000    0.1862
 901  21/2+ [ 0 310]   0.54   88.1722    0.0000    0.0900
 902  21/2- [ 1 110]   0.52   43.0339    0.0000    0.0037
 903  21/2- [ 0 111]   0.57   43.8444    0.0000    0.0036
 904  21/2- [ 3 010]   0.51   53.9136    0.0000    0.0059
 905  21/2- [ 2 011]   0.57   54.8655    0.0000    0.0057
 906  21/2- [ 1 010]   0.41   65.9267    0.0000    0.2676
 907  21/2- [ 1 210]   0.44   67.7509    0.0000    0.0417
 908  21/2- [ 5 010]   0.77   70.0772    0.0000    0.0246
 909  21/2- [ 0 211]   0.52   71.5450    0.0000    0.0389
 910  21/2- [ 4 011]   0.77   72.0123    0.0000    0.0179
 911  21/2- [ 3 110]   0.39   76.2215    0.0000    0.0874
 912  21/2- [ 0 011]   0.42   79.7213    0.0000    0.2478
 913  21/2- [ 2 111]   0.46   82.3875    0.0000    0.0917
 914  23/2+ [ 1 111]   0.53   45.9171    0.0000    0.0023
 915  23/2+ [ 0 112]   0.57   46.7012    0.0000    0.0022
 916  23/2+ [ 3 011]   0.52   57.1764    0.0000    0.0037
 917  23/2+ [ 2 012]   0.57   58.1058    0.0000    0.0035
 918  23/2+ [ 1 211]   0.43   70.7124    0.0000    0.0243
 919  23/2+ [ 0 212]   0.51   73.6371    0.0000    0.0235
 920  23/2+ [ 5 011]   0.79   74.4432    0.0000    0.0118
 921  23/2+ [ 4 012]   0.84   75.9417    0.0000    0.0095
 922  23/2+ [ 1 011]   0.34   75.9845    0.0000    0.1884
 923  23/2+ [ 3 111]   0.38   82.9923    0.0000    0.0564
 924  23/2+ [ 2 112]   0.46   87.8891    0.0000    0.0565
 925  23/2+ [ 0 112]   0.34   88.6937    0.0000    0.1753
 926  23/2- [ 0 111]   0.57   43.7852    0.0000    0.0037
 927  23/2- [ 2 011]   0.56   54.6655    0.0000    0.0057
 928  23/2- [ 1 012]   0.59   55.6689    0.0000    0.0055
 929  23/2- [ 0 011]   0.43   67.3344    0.0000    0.2522
 930  23/2- [ 0 211]   0.55   69.0794    0.0000    0.0396
 931  23/2- [ 4 011]   0.86   71.0234    0.0000    0.0210
 932  23/2- [ 3 012]   0.89   72.9316    0.0000    0.0156
 933  23/2- [ 2 111]   0.50   77.1161    0.0000    0.0880
 934  23/2- [ 1 112]   0.54   83.4790    0.0000    0.0888
 935  25/2+ [ 0 112]   0.57   46.6687    0.0000    0.0023
 936  25/2+ [ 2 012]   0.55   57.9386    0.0000    0.0035
 937  25/2+ [ 1 013]   0.59   58.9150    0.0000    0.0033
 938  25/2+ [ 0 212]   0.51   71.9201    0.0000    0.0234
 939  25/2+ [ 4 012]   0.86   75.3409    0.0000    0.0104
 940  25/2+ [ 3 013]   0.90   76.8610    0.0000    0.0087
 941  25/2+ [ 0 112]   0.35   77.3977    0.0000    0.1778
 942  25/2+ [ 2 112]   0.48   83.9321    0.0000    0.0556
 943  25/2+ [ 1 113]   0.54   88.9767    0.0000    0.0545
 944  25/2- [ 1 012]   0.58   55.4605    0.0000    0.0055
 945  25/2- [ 0 013]   0.60   56.5169    0.0000    0.0054
 946  25/2- [ 3 012]   0.92   72.0189    0.0000    0.0178
 947  25/2- [ 2 013]   0.94   73.9093    0.0000    0.0144
 948  25/2- [ 1 112]   0.57   78.0713    0.0000    0.0869
 949  25/2- [ 0 113]   0.57   84.7093    0.0000    0.0851
 950  27/2+ [ 1 013]   0.57   58.7405    0.0000    0.0034
 951  27/2+ [ 0 014]   0.59   59.7643    0.0000    0.0032
 952  27/2+ [ 3 013]   0.92   76.2820    0.0000    0.0092
 953  27/2+ [ 2 014]   0.94   77.8181    0.0000    0.0081
 954  27/2+ [ 1 113]   0.55   84.9294    0.0000    0.0542
 955  27/2+ [ 0 114]   0.56   90.1918    0.0000    0.0523
 956  27/2- [ 0 013]   0.58   56.2930    0.0000    0.0053
 957  27/2- [ 2 013]   0.95   73.0436    0.0000    0.0152
 958  27/2- [ 1 014]   0.96   74.9044    0.0000    0.0135
 959  27/2- [ 0 113]   0.57   79.1124    0.0000    0.0847
 960  29/2+ [ 0 014]   0.58   59.5776    0.0000    0.0032
 961  29/2+ [ 2 014]   0.95   77.2523    0.0000    0.0083
 962  29/2+ [ 1 015]   0.96   78.7999    0.0000    0.0077
 963  29/2+ [ 0 114]   0.56   86.0120    0.0000    0.0522
 964  29/2- [ 1 014]   0.96   74.0488    0.0000    0.0135
 965  29/2- [ 0 015]   0.96   75.9088    0.0000    0.0130
 966  31/2+ [ 1 015]   0.96   78.2281    0.0000    0.0077
 967  31/2+ [ 0 016]   0.96   79.8007    0.0000    0.0074
 968  31/2- [ 0 015]   0.97   75.0103    0.0000    0.0130
 969  33/2+ [ 0 016]   0.97   79.1977    0.0000    0.0074
 ****** END CANON ***********************************
  ****** BEGIN EXPECT *****************

                            neutron        proton         total
 particle number .....      90.000000      70.000000     160.000000
 trace scalar density       85.955372      67.196961     153.152333
 lambda ..............      -8.925895      -3.240691
 spk .................      17.730101      36.787750
 rms-Radius ..........       5.193278       5.129246       5.165362
 charge-Radius, R0....                      5.191258
 beta2................       0.212493       0.228829       0.219640
 beta4 ...............       0.066257       0.053915       0.060858
 quadrupole moment ...     614.361233     514.572456    1128.933689
    <Q20> ............     193.764351     162.291812     356.056163
 hexadecupole moment .   24238.933507   15340.747685   39579.681192
    <Q40> ............    2564.128838    1622.829384    4186.958222
  
 Particle Energy .....   -2512.587913   -1364.529990   -3877.117903
 Selfconsistency Test.                                    -0.000001
  
 Kinetic Energy ......    1228.928731     855.028369    2083.957100
 E-scsc ..............                                -24368.806681
 E-scve ..............                                 20335.929228
 E-vesc...............                                     0.000000
 E-veve...............                                    27.138729
 E-rearrangement .....                                   759.080637
 Coulomb direct ......                                   645.660905
 Constrained energy ..                                     0.000000
 Pairing Energy ......      -4.671151      -6.973533     -11.644684
 Sum without E-cm ....                                 -1287.765403
 E-cm <P**2>/2M ......      -3.491632      -2.687722      -6.179354
 Total Energy ........                                 -1293.944757
 E/A .................                                    -8.087155
 ****** END EXPECT *********************************
 ****** BEGIN RESU **********************************


 quasi-particle properties: Neutron:
 ------------------------------------------------------------------
     p/h  K pi[nz,nr,ml]  smax     Eqp       uu       vv
   1  p   1/2+ [ 4 1 0]   0.50    1.1052    0.8221    0.1779
   2  h   1/2+ [ 0 2 0]   0.08    3.4995    0.0080    0.9920
   3  h   1/2+ [ 6 0 0]   0.16    7.2691    0.0458    0.9542
   4  p   1/2+ [ 6 0 0]   0.80    7.3331    0.9560    0.0440
   5  p   1/2+ [ 5 0 1]   0.68    8.2221    0.9963    0.0037
   6  p   1/2+ [ 3 1 1]   0.62   10.3892    0.9979    0.0021
   7  h   1/2+ [ 2 1 0]   0.03   11.3336    0.0075    0.9925
   8  p   1/2+ [ 2 2 0]   0.63   11.6221    0.9975    0.0025
   9  p   1/2+ [ 0 3 0]   0.50   12.4706    0.9996    0.0004
  10  p   1/2+ [ 1 2 1]   0.55   13.1492    0.9985    0.0015
  11  p   1/2+ [ 8 0 0]   0.50   14.4370    0.9951    0.0049
  12  h   1/2+ [ 7 0 1]   0.06   15.2296    0.0223    0.9777
  13  p   1/2+ [ 7 0 1]   0.43   15.8515    0.9848    0.0152
  14  p   1/2+ [ 2 2 0]   0.32   16.9400    0.9992    0.0008
  15  p   1/2+ [ 1 2 1]   0.50   18.3431    0.9999    0.0001
  16  p   1/2+ [ 6 1 0]   0.46   19.1547    0.9993    0.0007
  17  h   1/2+ [ 4 0 0]   0.02   19.5763    0.0037    0.9963
  18  p   1/2+ [ 0 3 0]   0.50   19.7313    0.9994    0.0006
  19  p   1/2+ [ 0 3 0]   0.44   20.1780    0.9998    0.0002
  20  p   1/2+ [ 4 2 0]   0.36   20.6694    0.9992    0.0008
  21  p   1/2+ [ 8 0 0]   0.65   23.3703    0.9996    0.0004
  22  p   1/2+ [11 0 1]   0.35   24.5225    0.9999    0.0001
  23  p   1/2+ [ 4 2 0]   0.32   24.6277    0.9999    0.0001
  24  p   1/2+ [ 7 0 1]   0.55   25.4536    0.9999    0.0001
  25  p   1/2+ [ 6 1 0]   0.53   26.8159    0.9999    0.0001
  26  p   1/2+ [ 5 1 1]   0.51   28.1998    0.9999    0.0001
  27  p   1/2+ [ 2 3 0]   0.44   29.5996    0.9996    0.0004
  28  h   1/2+ [ 2 3 0]   0.04   30.4190    0.0110    0.9890
  29  p   1/2+ [ 2 3 0]   0.46   30.6059    0.9898    0.0102
  30  p   1/2+ [ 1 3 1]   0.50   31.5330    0.9999    0.0001
  31  p   1/2+ [ 4 3 0]   0.27   31.6977    1.0000    0.0000
  32  p   1/2+ [ 0 4 0]   0.56   32.4311    0.9999    0.0001
  33  p   1/2+ [ 0 4 0]   0.39   32.9090    1.0000    0.0000
  34  p   1/2+ [10 0 0]   0.67   34.9786    1.0000    0.0000
  35  h   1/2+ [ 9 0 1]   0.03   36.3579    0.0021    0.9979
  36  p   1/2+ [ 9 0 1]   0.64   36.5124    0.9983    0.0017
  37  p   1/2+ [ 8 1 0]   0.60   37.7146    1.0000    0.0000
  38  h   1/2+ [ 6 2 0]   0.04   38.9830    0.0096    0.9904
  39  p   1/2+ [ 6 2 0]   0.39   39.1346    0.9907    0.0093
  40  p   1/2+ [ 7 1 1]   0.41   40.1249    1.0000    0.0000
  41  p   1/2+ [ 9 2 1]   0.34   40.5847    1.0000    0.0000
  42  p   1/2+ [ 6 2 0]   0.44   41.4354    1.0000    0.0000
  43  p   1/2+ [ 4 3 0]   0.51   42.6726    1.0000    0.0000
  44  p   1/2+ [ 3 3 1]   0.52   43.8976    1.0000    0.0000
  45  p   1/2+ [ 2 4 0]   0.51   45.5041    1.0000    0.0000
  46  p   1/2+ [ 3 3 1]   0.44   46.8154    1.0000    0.0000
  47  p   1/2+ [ 1 4 1]   0.58   47.9104    1.0000    0.0000
  48  p   1/2+ [12 0 0]   0.45   48.1109    1.0000    0.0000
  49  p   1/2+ [ 0 5 0]   0.60   49.5406    0.9999    0.0001
  50  p   1/2+ [12 0 0]   0.54   50.3702    0.9999    0.0001
  51  p   1/2+ [11 0 1]   0.48   51.4404    1.0000    0.0000
  52  p   1/2+ [ 9 2 1]   0.45   51.9193    1.0000    0.0000
  53  p   1/2+ [ 8 3 0]   0.42   52.2626    1.0000    0.0000
  54  h   1/2+ [ 0 0 0]   0.01   53.1941    0.0005    0.9995
  55  p   1/2+ [10 1 0]   0.46   54.0458    0.9998    0.0002
  56  p   1/2+ [ 8 2 0]   0.53   55.6627    1.0000    0.0000
  57  p   1/2+ [ 7 2 1]   0.56   57.7186    1.0000    0.0000
  58  p   1/2+ [ 6 3 0]   0.44   59.0260    1.0000    0.0000
  59  p   1/2+ [ 6 3 0]   0.42   60.4817    1.0000    0.0000
  60  p   1/2+ [ 5 3 1]   0.52   62.1981    1.0000    0.0000
  61  p   1/2+ [14 1 0]   0.44   64.1195    1.0000    0.0000
  62  p   1/2+ [ 3 4 1]   0.48   64.1960    1.0000    0.0000
  63  p   1/2+ [ 2 5 0]   0.57   66.0778    1.0000    0.0000
  64  p   1/2+ [10 3 0]   0.47   67.8955    1.0000    0.0000
  65  p   1/2+ [11 2 1]   0.40   68.2434    1.0000    0.0000
  66  p   1/2+ [ 1 5 1]   0.63   68.4934    1.0000    0.0000
  67  p   1/2+ [ 0 6 0]   0.63   71.1811    1.0000    0.0000
  68  p   1/2+ [16 0 0]   0.45   71.5021    1.0000    0.0000
  69  p   1/2+ [15 0 1]   0.51   72.3363    1.0000    0.0000
  70  p   1/2+ [14 0 0]   0.36   75.1165    1.0000    0.0000
  71  p   1/2+ [ 8 4 0]   0.38   76.3260    1.0000    0.0000
  72  p   1/2+ [ 5 5 1]   0.36   78.3234    1.0000    0.0000
  73  p   1/2+ [11 2 1]   0.37   80.2079    1.0000    0.0000
  74  p   1/2+ [10 3 0]   0.37   82.7294    1.0000    0.0000
  75  p   1/2+ [ 9 3 1]   0.36   85.1760    1.0000    0.0000
  76  p   1/2+ [ 6 4 0]   0.34   88.7021    1.0000    0.0000
  77  p   1/2+ [ 4 5 0]   0.36   91.7248    1.0000    0.0000
  78  p   1/2+ [ 3 5 1]   0.46   95.2641    1.0000    0.0000
  79  p   1/2+ [ 2 6 0]   0.53   98.6657    1.0000    0.0000
  80  p   1/2+ [ 1 6 1]   0.59  102.4656    1.0000    0.0000
  81  p   1/2+ [ 0 7 0]   0.61  106.8325    1.0000    0.0000
  82  h   1/2- [ 3 1 0]   0.16    1.5147    0.0836    0.9164
  83  p   1/2- [ 2 1 1]   0.76    2.2006    0.9659    0.0341
  84  h   1/2- [ 4 0 1]   0.08    3.6763    0.0167    0.9833
  85  p   1/2- [ 1 2 0]   0.89    4.8894    0.9967    0.0033
  86  p   1/2- [ 0 2 1]   0.91    7.6134    0.9994    0.0006
  87  h   1/2- [ 5 1 0]   0.06    9.4272    0.0161    0.9839
  88  p   1/2- [ 5 1 0]   0.51   10.5413    0.9855    0.0145
  89  p   1/2- [ 7 0 0]   0.56   12.6559    0.9998    0.0002
  90  p   1/2- [ 6 0 1]   0.44   13.8523    0.9996    0.0004
  91  p   1/2- [ 3 2 0]   0.44   14.5971    0.9998    0.0002
  92  p   1/2- [ 0 4 1]   0.44   15.1890    0.9979    0.0021
  93  h   1/2- [ 5 1 0]   0.05   16.6426    0.0140    0.9860
  94  p   1/2- [ 1 3 0]   0.42   16.7872    0.9891    0.0109
  95  p   1/2- [ 2 2 1]   0.45   16.9028    0.9997    0.0003
  96  p   1/2- [ 9 0 0]   0.48   18.9939    0.9998    0.0002
  97  p   1/2- [ 3 2 0]   0.38   19.4494    0.9996    0.0004
  98  p   1/2- [ 4 1 1]   0.44   20.6645    0.9984    0.0016
  99  h   1/2- [ 3 2 0]   0.03   21.2084    0.0048    0.9952
 100  p   1/2- [ 3 2 0]   0.41   21.9889    0.9983    0.0017
 101  p   1/2- [ 6 1 1]   0.33   23.1939    0.9998    0.0002
 102  p   1/2- [ 3 2 0]   0.31   24.0342    0.9999    0.0001
 103  p   1/2- [ 2 2 1]   0.52   25.3213    0.9995    0.0005
 104  p   1/2- [ 1 3 0]   0.60   26.4117    0.8598    0.1402
 105  h   1/2- [ 1 3 0]   0.23   26.4501    0.1411    0.8589
 106  p   1/2- [ 0 3 1]   0.70   27.5465    0.9997    0.0003
 107  p   1/2- [ 5 2 0]   0.39   28.0478    1.0000    0.0000
 108  p   1/2- [ 4 2 1]   0.27   29.3553    0.9994    0.0006
 109  h   1/2- [ 9 0 0]   0.04   29.4962    0.0048    0.9952
 110  p   1/2- [ 9 0 0]   0.62   30.2712    0.9965    0.0035
 111  p   1/2- [ 8 0 1]   0.39   31.4903    0.9996    0.0004
 112  p   1/2- [ 8 0 1]   0.54   32.5961    0.9999    0.0001
 113  p   1/2- [ 7 1 0]   0.54   34.4177    0.9999    0.0001
 114  p   1/2- [ 6 1 1]   0.54   35.9569    1.0000    0.0000
 115  p   1/2- [ 4 2 1]   0.38   37.2122    1.0000    0.0000
 116  p   1/2- [ 5 4 0]   0.43   37.8140    1.0000    0.0000
 117  p   1/2- [ 3 3 0]   0.46   38.3343    1.0000    0.0000
 118  p   1/2- [ 2 3 1]   0.54   39.3898    1.0000    0.0000
 119  p   1/2- [ 1 4 0]   0.49   40.8173    1.0000    0.0000
 120  p   1/2- [ 1 4 0]   0.51   41.7636    1.0000    0.0000
 121  p   1/2- [11 0 0]   0.51   43.1056    0.9999    0.0001
 122  p   1/2- [ 0 4 1]   0.67   43.2675    0.9996    0.0004
 123  h   1/2- [ 0 4 1]   0.01   44.4228    0.0008    0.9992
 124  p   1/2- [11 0 0]   0.49   45.2341    0.9998    0.0002
 125  p   1/2- [10 0 1]   0.48   46.4285    0.9998    0.0002
 126  h   1/2- [ 7 2 0]   0.01   47.3231    0.0014    0.9986
 127  p   1/2- [ 9 1 0]   0.39   47.9490    0.9991    0.0009
 128  p   1/2- [ 9 2 0]   0.42   48.6384    1.0000    0.0000
 129  p   1/2- [ 8 2 1]   0.43   49.4467    0.9999    0.0001
 130  p   1/2- [ 7 2 0]   0.42   50.7424    1.0000    0.0000
 131  p   1/2- [ 5 3 0]   0.42   52.2845    1.0000    0.0000
 132  p   1/2- [ 6 2 1]   0.44   53.6881    1.0000    0.0000
 133  p   1/2- [ 5 3 0]   0.47   55.5532    1.0000    0.0000
 134  p   1/2- [ 4 3 1]   0.52   57.3050    1.0000    0.0000
 135  p   1/2- [ 2 4 1]   0.36   59.0292    1.0000    0.0000
 136  p   1/2- [ 2 4 1]   0.45   59.1414    1.0000    0.0000
 137  p   1/2- [ 1 5 0]   0.65   60.9760    1.0000    0.0000
 138  p   1/2- [10 2 1]   0.46   63.0565    1.0000    0.0000
 139  p   1/2- [ 0 5 1]   0.67   63.6559    1.0000    0.0000
 140  p   1/2- [12 1 1]   0.36   64.0717    1.0000    0.0000
 141  p   1/2- [15 0 0]   0.51   65.8957    1.0000    0.0000
 142  p   1/2- [14 0 1]   0.50   66.6613    1.0000    0.0000
 143  p   1/2- [ 8 3 1]   0.40   69.3775    1.0000    0.0000
 144  p   1/2- [ 7 4 0]   0.45   70.6421    1.0000    0.0000
 145  p   1/2- [11 2 0]   0.35   72.4635    1.0000    0.0000
 146  p   1/2- [10 2 1]   0.40   74.6641    1.0000    0.0000
 147  p   1/2- [ 7 3 0]   0.39   77.3514    1.0000    0.0000
 148  p   1/2- [ 6 3 1]   0.39   79.9907    1.0000    0.0000
 149  p   1/2- [ 4 4 1]   0.38   83.3829    1.0000    0.0000
 150  p   1/2- [ 3 5 0]   0.45   86.4253    1.0000    0.0000
 151  p   1/2- [ 2 5 1]   0.53   89.9263    1.0000    0.0000
 152  p   1/2- [ 1 6 0]   0.59   93.5522    1.0000    0.0000
 153  p   1/2- [ 0 6 1]   0.62   97.8267    1.0000    0.0000
 154  p   3/2+ [ 5 0 1]   0.57    1.4022    0.9044    0.0956
 155  h   3/2+ [ 0 1 2]   0.08    3.9568    0.0073    0.9927
 156  p   3/2+ [ 5 0 1]   0.66    8.3937    0.8674    0.1326
 157  h   3/2+ [ 4 0 2]   0.26    8.5270    0.1418    0.8582
 158  p   3/2+ [ 3 1 1]   0.68    9.5999    0.9892    0.0108
 159  p   3/2+ [ 2 1 2]   0.62   12.0291    0.9985    0.0015
 160  p   3/2+ [ 1 2 1]   0.54   12.6327    0.9979    0.0021
 161  p   3/2+ [ 0 2 2]   0.42   13.3601    0.5175    0.4825
 162  h   3/2+ [ 0 2 2]   0.38   13.4971    0.4887    0.5113
 163  p   3/2+ [ 7 0 1]   0.44   15.6948    0.9992    0.0008
 164  p   3/2+ [ 6 0 2]   0.35   17.0256    0.9990    0.0010
 165  p   3/2+ [ 1 2 1]   0.49   18.1004    0.9997    0.0003
 166  h   3/2+ [ 3 0 1]   0.02   18.8398    0.0027    0.9973
 167  p   3/2+ [ 5 1 1]   0.40   19.2994    0.9996    0.0004
 168  p   3/2+ [ 0 2 2]   0.45   19.7565    0.9999    0.0001
 169  p   3/2+ [ 0 2 2]   0.50   20.3370    0.9999    0.0001
 170  p   3/2+ [ 3 2 1]   0.39   20.8465    0.9996    0.0004
 171  p   3/2+ [ 7 0 1]   0.44   24.3011    0.9999    0.0001
 172  p   3/2+ [ 4 1 2]   0.34   24.6975    1.0000    0.0000
 173  p   3/2+ [ 7 0 1]   0.44   25.5460    0.9999    0.0001
 174  p   3/2+ [ 6 0 2]   0.65   26.7698    0.9999    0.0001
 175  p   3/2+ [ 3 2 1]   0.50   28.2702    0.9999    0.0001
 176  p   3/2+ [ 4 1 2]   0.49   29.4828    0.9999    0.0001
 177  p   3/2+ [ 1 3 1]   0.52   30.7132    0.9999    0.0001
 178  p   3/2+ [ 1 3 1]   0.43   31.4055    0.9999    0.0001
 179  p   3/2+ [ 5 2 1]   0.25   31.7620    1.0000    0.0000
 180  p   3/2+ [ 0 3 2]   0.54   32.4258    0.9993    0.0007
 181  p   3/2+ [ 0 3 2]   0.43   33.0089    0.9999    0.0001
 182  h   3/2+ [ 0 3 2]   0.02   33.5581    0.0011    0.9989
 183  p   3/2+ [ 9 0 1]   0.69   35.7952    1.0000    0.0000
 184  h   3/2+ [ 1 0 1]   0.01   37.3965    0.0004    0.9996
 185  p   3/2+ [ 8 0 2]   0.61   37.8528    0.9999    0.0001
 186  p   3/2+ [ 7 1 1]   0.51   38.7527    1.0000    0.0000
 187  p   3/2+ [ 7 1 1]   0.37   40.1992    1.0000    0.0000
 188  p   3/2+ [ 7 2 1]   0.32   40.4840    1.0000    0.0000
 189  p   3/2+ [ 6 1 2]   0.43   41.5870    1.0000    0.0000
 190  p   3/2+ [ 4 2 2]   0.44   42.5431    1.0000    0.0000
 191  p   3/2+ [ 3 3 1]   0.59   43.7945    1.0000    0.0000
 192  p   3/2+ [ 2 3 2]   0.46   45.4531    1.0000    0.0000
 193  p   3/2+ [ 2 3 2]   0.38   46.8649    1.0000    0.0000
 194  p   3/2+ [ 1 4 1]   0.56   47.6588    1.0000    0.0000
 195  p   3/2+ [11 0 1]   0.53   48.6272    1.0000    0.0000
 196  p   3/2+ [ 0 4 2]   0.62   49.5825    1.0000    0.0000
 197  p   3/2+ [11 0 1]   0.38   51.4718    1.0000    0.0000
 198  p   3/2+ [ 9 2 1]   0.37   51.8793    1.0000    0.0000
 199  p   3/2+ [ 8 2 2]   0.42   52.3945    1.0000    0.0000
 200  p   3/2+ [10 0 2]   0.52   53.3977    1.0000    0.0000
 201  p   3/2+ [ 8 1 2]   0.53   55.8183    1.0000    0.0000
 202  p   3/2+ [ 7 2 1]   0.58   57.2227    1.0000    0.0000
 203  p   3/2+ [ 5 3 1]   0.46   59.0521    1.0000    0.0000
 204  p   3/2+ [ 6 2 2]   0.51   60.4060    1.0000    0.0000
 205  p   3/2+ [ 5 3 1]   0.44   62.1273    1.0000    0.0000
 206  p   3/2+ [ 4 3 2]   0.51   63.8423    1.0000    0.0000
 207  p   3/2+ [13 1 1]   0.46   64.3980    1.0000    0.0000
 208  p   3/2+ [ 2 4 2]   0.59   66.2181    1.0000    0.0000
 209  p   3/2+ [ 1 5 1]   0.61   68.0393    1.0000    0.0000
 210  p   3/2+ [11 2 1]   0.46   68.0958    1.0000    0.0000
 211  p   3/2+ [10 2 2]   0.44   68.3820    1.0000    0.0000
 212  p   3/2+ [ 0 5 2]   0.64   71.1939    1.0000    0.0000
 213  p   3/2+ [15 0 1]   0.46   72.1440    1.0000    0.0000
 214  p   3/2+ [14 0 2]   0.51   73.2130    1.0000    0.0000
 215  p   3/2+ [ 8 3 2]   0.37   76.3705    1.0000    0.0000
 216  p   3/2+ [ 7 4 1]   0.42   77.4340    1.0000    0.0000
 217  p   3/2+ [11 2 1]   0.32   79.8701    1.0000    0.0000
 218  p   3/2+ [10 2 2]   0.39   82.0939    1.0000    0.0000
 219  p   3/2+ [ 9 3 1]   0.35   85.1728    1.0000    0.0000
 220  p   3/2+ [ 6 3 2]   0.36   87.7861    1.0000    0.0000
 221  p   3/2+ [ 4 4 2]   0.38   91.7709    1.0000    0.0000
 222  p   3/2+ [ 3 5 1]   0.44   94.5978    1.0000    0.0000
 223  p   3/2+ [ 2 5 2]   0.54   98.5046    1.0000    0.0000
 224  p   3/2+ [ 1 6 1]   0.59  102.1402    1.0000    0.0000
 225  p   3/2+ [ 0 6 2]   0.62  106.3654    1.0000    0.0000
 226  p   3/2- [ 2 1 1]   0.72    0.9978    0.8141    0.1859
 227  h   3/2- [ 3 0 2]   0.14    2.4062    0.0354    0.9646
 228  p   3/2- [ 1 1 2]   0.89    4.8059    0.9955    0.0045
 229  p   3/2- [ 0 2 1]   0.92    7.1895    0.9993    0.0007
 230  h   3/2- [ 6 0 1]   0.04    8.8873    0.0062    0.9938
 231  p   3/2- [ 6 0 1]   0.54   10.8666    0.9956    0.0044
 232  p   3/2- [ 4 1 1]   0.46   13.7480    0.9998    0.0002
 233  p   3/2- [ 0 4 1]   0.35   14.9938    0.9996    0.0004
 234  p   3/2- [ 5 0 2]   0.31   15.1407    0.9997    0.0003
 235  p   3/2- [ 2 2 1]   0.50   16.8921    0.9999    0.0001
 236  p   3/2- [ 5 0 2]   0.51   17.1466    0.9996    0.0004
 237  h   3/2- [ 0 1 1]   0.02   17.6099    0.0018    0.9982
 238  p   3/2- [ 3 1 2]   0.46   19.6257    0.9997    0.0003
 239  p   3/2- [ 4 1 1]   0.46   20.1709    0.9999    0.0001
 240  p   3/2- [ 7 0 2]   0.44   21.9893    0.9999    0.0001
 241  p   3/2- [ 6 2 1]   0.34   23.0044    1.0000    0.0000
 242  h   3/2- [ 1 0 2]   0.02   24.0016    0.0030    0.9970
 243  p   3/2- [ 2 2 1]   0.33   24.2294    0.9983    0.0017
 244  p   3/2- [ 2 2 1]   0.45   25.1084    0.9997    0.0003
 245  p   3/2- [ 1 2 2]   0.63   26.6654    0.9995    0.0005
 246  p   3/2- [ 0 3 1]   0.68   27.3696    0.9998    0.0002
 247  p   3/2- [ 4 2 1]   0.41   28.1386    0.9997    0.0003
 248  h   3/2- [ 2 0 1]   0.02   28.5181    0.0010    0.9990
 249  p   3/2- [ 3 3 2]   0.28   29.4419    1.0000    0.0000
 250  p   3/2- [ 8 0 1]   0.54   31.0235    0.9999    0.0001
 251  p   3/2- [ 8 0 1]   0.42   32.6806    0.9999    0.0001
 252  p   3/2- [ 7 0 2]   0.61   34.0609    1.0000    0.0000
 253  p   3/2- [ 6 1 1]   0.46   35.9960    1.0000    0.0000
 254  p   3/2- [ 5 1 2]   0.44   37.0748    1.0000    0.0000
 255  p   3/2- [ 5 3 2]   0.39   37.9576    1.0000    0.0000
 256  p   3/2- [ 3 2 2]   0.42   38.2881    1.0000    0.0000
 257  p   3/2- [ 2 3 1]   0.61   39.2856    1.0000    0.0000
 258  p   3/2- [ 3 2 2]   0.43   40.7795    1.0000    0.0000
 259  p   3/2- [ 1 3 2]   0.56   41.8992    1.0000    0.0000
 260  p   3/2- [ 0 4 1]   0.68   42.9801    0.9998    0.0002
 261  p   3/2- [10 0 1]   0.57   43.7997    0.9999    0.0001
 262  h   3/2- [ 0 0 1]   0.01   44.9164    0.0004    0.9996
 263  p   3/2- [10 0 1]   0.41   46.6225    1.0000    0.0000
 264  p   3/2- [ 9 0 2]   0.49   47.5937    1.0000    0.0000
 265  p   3/2- [ 7 2 2]   0.44   48.7719    1.0000    0.0000
 266  p   3/2- [ 8 2 1]   0.48   49.1234    1.0000    0.0000
 267  p   3/2- [ 7 1 2]   0.40   50.8751    1.0000    0.0000
 268  p   3/2- [ 7 1 2]   0.40   52.0945    1.0000    0.0000
 269  p   3/2- [ 4 3 1]   0.48   53.5016    1.0000    0.0000
 270  p   3/2- [ 5 2 2]   0.54   55.4731    1.0000    0.0000
 271  p   3/2- [ 4 3 1]   0.44   57.2846    1.0000    0.0000
 272  p   3/2- [ 2 4 1]   0.51   58.7142    1.0000    0.0000
 273  p   3/2- [12 1 1]   0.43   59.3966    1.0000    0.0000
 274  p   3/2- [ 1 4 2]   0.66   61.1560    1.0000    0.0000
 275  p   3/2- [ 0 5 1]   0.67   63.2645    1.0000    0.0000
 276  p   3/2- [10 2 1]   0.51   63.3513    1.0000    0.0000
 277  p   3/2- [11 1 2]   0.41   64.3087    1.0000    0.0000
 278  p   3/2- [14 0 1]   0.47   66.7407    1.0000    0.0000
 279  p   3/2- [13 0 2]   0.47   67.7592    1.0000    0.0000
 280  p   3/2- [ 7 3 2]   0.42   70.6800    1.0000    0.0000
 281  p   3/2- [ 6 4 1]   0.39   71.7878    1.0000    0.0000
 282  p   3/2- [10 2 1]   0.38   74.3646    1.0000    0.0000
 283  p   3/2- [ 7 2 2]   0.42   76.6783    1.0000    0.0000
 284  p   3/2- [ 6 3 1]   0.38   80.0386    1.0000    0.0000
 285  p   3/2- [ 5 3 2]   0.36   82.5819    1.0000    0.0000
 286  p   3/2- [ 3 4 2]   0.47   86.3343    1.0000    0.0000
 287  p   3/2- [ 2 6 1]   0.53   89.3454    1.0000    0.0000
 288  p   3/2- [ 1 6 2]   0.59   93.4206    1.0000    0.0000
 289  p   3/2- [ 0 6 1]   0.62   97.5350    1.0000    0.0000
 290  p   5/2+ [ 4 0 2]   0.74    2.1444    0.9639    0.0361
 291  h   5/2+ [ 0 1 2]   0.05    5.7809    0.0034    0.9966
 292  p   5/2+ [ 3 0 3]   0.67   10.0637    0.9695    0.0305
 293  h   5/2+ [ 2 1 2]   0.21   10.8659    0.0766    0.9234
 294  p   5/2+ [ 2 1 2]   0.73   11.1676    0.9536    0.0464
 295  p   5/2+ [ 0 2 2]   0.64   12.8673    0.9998    0.0002
 296  p   5/2+ [ 1 1 3]   0.79   13.8842    0.9997    0.0003
 297  p   5/2+ [ 6 0 2]   0.36   16.6679    0.9884    0.0116
 298  h   5/2+ [ 6 0 2]   0.04   17.4430    0.0131    0.9869
 299  p   5/2+ [ 1 1 3]   0.41   18.3045    0.9998    0.0002
 300  p   5/2+ [ 0 2 2]   0.45   19.2689    1.0000    0.0000
 301  p   5/2+ [ 0 2 2]   0.45   19.6894    0.9999    0.0001
 302  p   5/2+ [ 1 3 3]   0.34   20.3398    1.0000    0.0000
 303  p   5/2+ [ 4 1 2]   0.48   21.2122    0.9998    0.0002
 304  p   5/2+ [10 0 2]   0.34   24.7949    1.0000    0.0000
 305  p   5/2+ [ 7 0 3]   0.32   25.0047    1.0000    0.0000
 306  p   5/2+ [ 6 0 2]   0.47   26.7803    0.9999    0.0001
 307  p   5/2+ [ 5 0 3]   0.67   28.2615    1.0000    0.0000
 308  p   5/2+ [ 2 2 2]   0.60   29.6465    0.9999    0.0001
 309  p   5/2+ [ 3 1 3]   0.48   30.6213    0.9999    0.0001
 310  p   5/2+ [ 1 2 3]   0.48   31.7504    0.9999    0.0001
 311  p   5/2+ [ 4 2 2]   0.31   31.8533    1.0000    0.0000
 312  p   5/2+ [ 0 3 2]   0.61   32.1725    0.9999    0.0001
 313  p   5/2+ [ 1 2 3]   0.40   33.1130    1.0000    0.0000
 314  h   5/2+ [ 0 0 2]   0.01   35.1684    0.0005    0.9995
 315  p   5/2+ [ 8 0 2]   0.70   36.8305    0.9999    0.0001
 316  p   5/2+ [ 6 1 2]   0.50   39.0918    1.0000    0.0000
 317  p   5/2+ [ 7 0 3]   0.54   39.8505    1.0000    0.0000
 318  p   5/2+ [ 9 1 3]   0.36   40.7494    1.0000    0.0000
 319  p   5/2+ [ 6 1 2]   0.39   41.0591    1.0000    0.0000
 320  p   5/2+ [ 4 2 2]   0.57   42.6798    1.0000    0.0000
 321  p   5/2+ [ 3 2 3]   0.46   43.7757    1.0000    0.0000
 322  p   5/2+ [ 2 3 2]   0.62   45.1032    1.0000    0.0000
 323  p   5/2+ [ 3 2 3]   0.53   46.8195    1.0000    0.0000
 324  p   5/2+ [ 1 3 3]   0.62   47.9793    1.0000    0.0000
 325  p   5/2+ [ 0 4 2]   0.61   49.0348    1.0000    0.0000
 326  p   5/2+ [10 0 2]   0.57   49.3999    1.0000    0.0000
 327  p   5/2+ [ 8 2 2]   0.44   52.0024    1.0000    0.0000
 328  p   5/2+ [ 9 1 3]   0.40   52.1938    1.0000    0.0000
 329  p   5/2+ [ 8 1 2]   0.44   53.6170    1.0000    0.0000
 330  p   5/2+ [ 9 0 3]   0.55   54.8104    1.0000    0.0000
 331  p   5/2+ [ 7 1 3]   0.57   57.5343    1.0000    0.0000
 332  p   5/2+ [ 6 2 2]   0.54   58.5672    1.0000    0.0000
 333  p   5/2+ [ 4 3 2]   0.49   60.1191    1.0000    0.0000
 334  p   5/2+ [ 5 2 3]   0.59   61.8407    1.0000    0.0000
 335  p   5/2+ [ 3 3 3]   0.41   63.9359    1.0000    0.0000
 336  p   5/2+ [14 0 2]   0.49   64.9204    1.0000    0.0000
 337  p   5/2+ [ 2 4 2]   0.50   65.4444    1.0000    0.0000
 338  p   5/2+ [ 1 4 3]   0.63   68.3474    1.0000    0.0000
 339  p   5/2+ [10 2 2]   0.57   68.4463    1.0000    0.0000
 340  p   5/2+ [11 1 3]   0.48   68.6437    1.0000    0.0000
 341  p   5/2+ [ 0 5 2]   0.63   70.3695    1.0000    0.0000
 342  p   5/2+ [14 0 2]   0.41   73.1909    1.0000    0.0000
 343  p   5/2+ [13 0 3]   0.49   74.2659    1.0000    0.0000
 344  p   5/2+ [ 7 3 3]   0.36   77.5161    1.0000    0.0000
 345  p   5/2+ [11 1 3]   0.40   78.6698    1.0000    0.0000
 346  p   5/2+ [10 2 2]   0.36   81.6687    1.0000    0.0000
 347  p   5/2+ [ 7 2 3]   0.40   83.7927    1.0000    0.0000
 348  p   5/2+ [ 6 3 2]   0.36   87.9289    1.0000    0.0000
 349  p   5/2+ [ 5 3 3]   0.36   90.3115    1.0000    0.0000
 350  p   5/2+ [ 3 4 3]   0.47   94.5533    1.0000    0.0000
 351  p   5/2+ [ 2 5 2]   0.53   97.4073    1.0000    0.0000
 352  p   5/2+ [ 1 5 3]   0.59  101.9176    1.0000    0.0000
 353  p   5/2+ [ 0 6 2]   0.62  105.7950    1.0000    0.0000
 354  h   5/2- [ 2 0 3]   0.56    0.8728    0.4149    0.5851
 355  p   5/2- [ 1 1 2]   0.90    2.9694    0.9897    0.0103
 356  p   5/2- [ 0 1 3]   0.94    7.0734    0.9988    0.0012
 357  h   5/2- [ 3 0 2]   0.05    7.7928    0.0043    0.9957
 358  p   5/2- [ 5 0 2]   0.69   11.5355    0.9984    0.0016
 359  p   5/2- [ 3 1 2]   0.49   14.8953    0.9999    0.0001
 360  p   5/2- [ 0 3 3]   0.43   15.9701    0.9998    0.0002
 361  p   5/2- [ 1 2 2]   0.53   17.1060    0.9999    0.0001
 362  p   5/2- [ 4 0 3]   0.49   17.6145    0.9999    0.0001
 363  p   5/2- [ 4 0 3]   0.56   20.2775    0.9996    0.0004
 364  h   5/2- [ 0 0 3]   0.02   21.2341    0.0018    0.9982
 365  p   5/2- [ 3 1 2]   0.46   21.3255    0.9991    0.0009
 366  p   5/2- [ 6 0 3]   0.45   23.2376    1.0000    0.0000
 367  p   5/2- [ 7 0 2]   0.30   23.7544    1.0000    0.0000
 368  p   5/2- [ 2 1 3]   0.45   25.5401    0.9993    0.0007
 369  p   5/2- [ 1 2 2]   0.57   26.2228    0.9860    0.0140
 370  h   5/2- [ 1 2 2]   0.08   26.6606    0.0151    0.9849
 371  p   5/2- [ 0 2 3]   0.73   27.9149    0.9999    0.0001
 372  p   5/2- [ 5 1 2]   0.45   28.3168    0.9999    0.0001
 373  p   5/2- [ 4 1 3]   0.33   29.6149    1.0000    0.0000
 374  p   5/2- [ 7 0 2]   0.51   31.7884    1.0000    0.0000
 375  p   5/2- [ 5 1 2]   0.49   34.0623    1.0000    0.0000
 376  p   5/2- [ 6 0 3]   0.64   35.6337    1.0000    0.0000
 377  p   5/2- [ 3 2 2]   0.39   37.3479    1.0000    0.0000
 378  p   5/2- [ 5 3 2]   0.40   37.7426    1.0000    0.0000
 379  p   5/2- [ 3 2 2]   0.39   38.3999    1.0000    0.0000
 380  p   5/2- [ 2 2 3]   0.49   39.2728    1.0000    0.0000
 381  p   5/2- [ 1 3 2]   0.65   40.5786    1.0000    0.0000
 382  p   5/2- [ 2 2 3]   0.52   41.7585    1.0000    0.0000
 383  p   5/2- [ 0 3 3]   0.70   43.1984    1.0000    0.0000
 384  p   5/2- [ 9 0 2]   0.59   44.7382    1.0000    0.0000
 385  p   5/2- [ 9 1 2]   0.43   47.8290    1.0000    0.0000
 386  p   5/2- [ 8 0 3]   0.47   48.5814    1.0000    0.0000
 387  p   5/2- [ 8 1 3]   0.47   49.4478    1.0000    0.0000
 388  p   5/2- [ 7 2 2]   0.43   50.0567    1.0000    0.0000
 389  p   5/2- [ 5 2 2]   0.51   52.1653    1.0000    0.0000
 390  p   5/2- [ 6 1 3]   0.51   53.4991    1.0000    0.0000
 391  p   5/2- [ 3 3 2]   0.52   55.0236    1.0000    0.0000
 392  p   5/2- [ 4 2 3]   0.59   57.0288    1.0000    0.0000
 393  p   5/2- [ 2 3 3]   0.55   59.0058    1.0000    0.0000
 394  p   5/2- [13 0 2]   0.54   59.9632    1.0000    0.0000
 395  p   5/2- [ 1 4 2]   0.62   60.3020    1.0000    0.0000
 396  p   5/2- [ 0 4 3]   0.68   63.4487    1.0000    0.0000
 397  p   5/2- [ 9 2 2]   0.55   63.8221    1.0000    0.0000
 398  p   5/2- [10 1 3]   0.46   64.6812    1.0000    0.0000
 399  p   5/2- [ 8 2 3]   0.43   67.9593    1.0000    0.0000
 400  p   5/2- [12 0 3]   0.44   68.9936    1.0000    0.0000
 401  p   5/2- [ 5 4 2]   0.41   71.6165    1.0000    0.0000
 402  p   5/2- [ 8 1 3]   0.43   73.3026    1.0000    0.0000
 403  p   5/2- [ 7 2 2]   0.40   76.4378    1.0000    0.0000
 404  p   5/2- [ 6 2 3]   0.44   78.5618    1.0000    0.0000
 405  p   5/2- [ 4 3 3]   0.36   82.8115    1.0000    0.0000
 406  p   5/2- [ 3 5 2]   0.44   85.0379    1.0000    0.0000
 407  p   5/2- [ 2 5 3]   0.55   89.1646    1.0000    0.0000
 408  p   5/2- [ 1 6 2]   0.59   92.6563    1.0000    0.0000
 409  p   5/2- [ 0 5 3]   0.62   96.9441    1.0000    0.0000
 410  p   7/2+ [ 3 0 3]   0.85    3.3289    0.9860    0.0140
 411  h   7/2+ [ 0 0 4]   0.04    8.2181    0.0023    0.9977
 412  p   7/2+ [ 2 0 4]   0.67   12.0198    0.9988    0.0012
 413  p   7/2+ [ 1 1 3]   0.71   12.7407    0.9995    0.0005
 414  p   7/2+ [ 0 1 4]   0.75   14.7334    0.9999    0.0001
 415  h   7/2+ [ 1 0 3]   0.03   15.5537    0.0026    0.9974
 416  p   7/2+ [ 3 1 3]   0.32   17.6617    0.9988    0.0012
 417  p   7/2+ [ 0 1 4]   0.50   19.6527    0.9999    0.0001
 418  p   7/2+ [ 5 0 3]   0.50   19.8139    1.0000    0.0000
 419  p   7/2+ [ 0 3 4]   0.34   20.7240    1.0000    0.0000
 420  p   7/2+ [ 5 0 3]   0.54   21.7912    0.9999    0.0001
 421  p   7/2+ [ 4 0 4]   0.30   25.1063    1.0000    0.0000
 422  p   7/2+ [ 7 0 3]   0.36   25.5088    1.0000    0.0000
 423  p   7/2+ [ 3 1 3]   0.57   28.1977    1.0000    0.0000
 424  p   7/2+ [ 4 0 4]   0.68   29.8306    1.0000    0.0000
 425  p   7/2+ [ 1 2 3]   0.68   30.7648    1.0000    0.0000
 426  p   7/2+ [ 2 1 4]   0.48   31.6419    1.0000    0.0000
 427  p   7/2+ [ 5 1 3]   0.29   32.0554    1.0000    0.0000
 428  p   7/2+ [ 0 2 4]   0.57   32.5639    1.0000    0.0000
 429  p   7/2+ [ 2 1 4]   0.44   33.4664    1.0000    0.0000
 430  p   7/2+ [ 7 0 3]   0.70   37.9515    1.0000    0.0000
 431  p   7/2+ [ 5 1 3]   0.50   40.0479    1.0000    0.0000
 432  p   7/2+ [ 6 0 4]   0.41   40.7885    1.0000    0.0000
 433  p   7/2+ [ 6 0 4]   0.41   41.4724    1.0000    0.0000
 434  p   7/2+ [ 5 1 3]   0.41   42.0087    1.0000    0.0000
 435  p   7/2+ [ 3 2 3]   0.64   43.6341    1.0000    0.0000
 436  p   7/2+ [ 4 1 4]   0.48   45.1575    1.0000    0.0000
 437  p   7/2+ [ 1 3 3]   0.60   46.6222    1.0000    0.0000
 438  p   7/2+ [ 2 2 4]   0.53   47.5699    1.0000    0.0000
 439  p   7/2+ [ 0 3 4]   0.65   49.5188    1.0000    0.0000
 440  p   7/2+ [ 9 0 3]   0.60   50.3315    1.0000    0.0000
 441  p   7/2+ [ 9 1 3]   0.48   52.3368    1.0000    0.0000
 442  p   7/2+ [ 8 1 4]   0.49   52.5532    1.0000    0.0000
 443  p   7/2+ [ 7 1 3]   0.50   55.1975    1.0000    0.0000
 444  p   7/2+ [ 8 0 4]   0.56   56.2514    1.0000    0.0000
 445  p   7/2+ [ 5 2 3]   0.54   58.8889    1.0000    0.0000
 446  p   7/2+ [ 6 1 4]   0.53   59.8810    1.0000    0.0000
 447  p   7/2+ [ 3 3 3]   0.51   61.4844    1.0000    0.0000
 448  p   7/2+ [ 4 2 4]   0.60   63.1423    1.0000    0.0000
 449  p   7/2+ [13 0 3]   0.58   65.6401    1.0000    0.0000
 450  p   7/2+ [ 2 3 4]   0.53   65.8910    1.0000    0.0000
 451  p   7/2+ [ 1 4 3]   0.57   67.0537    1.0000    0.0000
 452  p   7/2+ [ 9 2 3]   0.64   68.9175    1.0000    0.0000
 453  p   7/2+ [10 1 4]   0.59   69.0166    1.0000    0.0000
 454  p   7/2+ [ 0 4 4]   0.65   70.7207    1.0000    0.0000
 455  p   7/2+ [ 8 2 4]   0.35   74.4283    1.0000    0.0000
 456  p   7/2+ [12 0 4]   0.47   75.3841    1.0000    0.0000
 457  p   7/2+ [ 5 4 3]   0.42   78.3840    1.0000    0.0000
 458  p   7/2+ [10 1 4]   0.43   80.3025    1.0000    0.0000
 459  p   7/2+ [ 7 2 3]   0.38   83.5915    1.0000    0.0000
 460  p   7/2+ [ 6 2 4]   0.43   85.5984    1.0000    0.0000
 461  p   7/2+ [ 4 3 4]   0.35   90.6905    1.0000    0.0000
 462  p   7/2+ [ 3 4 3]   0.42   92.6829    1.0000    0.0000
 463  p   7/2+ [ 2 4 4]   0.55   97.2609    1.0000    0.0000
 464  p   7/2+ [ 1 5 3]   0.58  100.6826    1.0000    0.0000
 465  p   7/2+ [ 0 5 4]   0.62  105.2548    1.0000    0.0000
 466  p   7/2- [ 1 0 4]   0.92    2.3890    0.9766    0.0234
 467  p   7/2- [ 0 1 3]   0.95    5.0680    0.9976    0.0024
 468  h   7/2- [ 2 0 3]   0.07    6.2821    0.0056    0.9944
 469  p   7/2- [ 4 0 3]   0.80   12.5356    0.9990    0.0010
 470  p   7/2- [ 0 3 3]   0.44   15.6686    0.9999    0.0001
 471  p   7/2- [ 2 1 3]   0.52   17.4694    1.0000    0.0000
 472  p   7/2- [ 1 1 4]   0.50   18.1631    1.0000    0.0000
 473  p   7/2- [ 3 0 4]   0.69   21.0752    0.9999    0.0001
 474  p   7/2- [ 6 0 3]   0.45   22.5221    1.0000    0.0000
 475  p   7/2- [ 2 1 3]   0.32   24.2234    0.9990    0.0010
 476  h   7/2- [ 5 0 4]   0.02   24.5563    0.0041    0.9959
 477  p   7/2- [ 3 0 4]   0.40   24.8204    0.9978    0.0022
 478  p   7/2- [ 1 1 4]   0.55   26.8484    0.9997    0.0003
 479  p   7/2- [ 0 2 3]   0.62   27.3063    0.9997    0.0003
 480  p   7/2- [ 4 1 3]   0.48   28.5774    1.0000    0.0000
 481  p   7/2- [ 3 1 4]   0.34   29.8688    1.0000    0.0000
 482  p   7/2- [ 6 0 3]   0.52   32.6438    1.0000    0.0000
 483  p   7/2- [ 4 1 3]   0.56   35.5342    1.0000    0.0000
 484  p   7/2- [ 5 0 4]   0.63   37.1720    1.0000    0.0000
 485  p   7/2- [ 5 1 4]   0.35   38.2053    1.0000    0.0000
 486  p   7/2- [ 3 1 4]   0.36   38.2986    1.0000    0.0000
 487  p   7/2- [ 2 2 3]   0.62   39.0789    1.0000    0.0000
 488  p   7/2- [ 1 2 4]   0.50   40.5018    1.0000    0.0000
 489  p   7/2- [ 0 3 3]   0.49   42.0154    1.0000    0.0000
 490  p   7/2- [ 0 3 3]   0.52   42.4429    1.0000    0.0000
 491  p   7/2- [ 8 0 3]   0.60   45.8251    1.0000    0.0000
 492  p   7/2- [ 8 1 3]   0.53   48.6759    1.0000    0.0000
 493  p   7/2- [ 9 0 4]   0.40   49.2573    1.0000    0.0000
 494  p   7/2- [ 6 1 3]   0.41   50.5343    1.0000    0.0000
 495  p   7/2- [ 7 0 4]   0.46   51.3716    1.0000    0.0000
 496  p   7/2- [ 4 2 3]   0.56   53.1625    1.0000    0.0000
 497  p   7/2- [ 5 1 4]   0.59   55.0925    1.0000    0.0000
 498  p   7/2- [ 2 3 3]   0.56   56.6631    1.0000    0.0000
 499  p   7/2- [ 3 2 4]   0.60   58.2835    1.0000    0.0000
 500  p   7/2- [12 0 3]   0.61   60.7420    1.0000    0.0000
 501  p   7/2- [ 1 3 4]   0.66   60.8560    1.0000    0.0000
 502  p   7/2- [ 0 4 3]   0.67   62.2163    1.0000    0.0000
 503  p   7/2- [ 8 2 3]   0.54   64.4146    1.0000    0.0000
 504  p   7/2- [ 9 1 4]   0.50   65.1529    1.0000    0.0000
 505  p   7/2- [ 7 2 4]   0.43   69.2749    1.0000    0.0000
 506  p   7/2- [11 0 4]   0.43   70.2521    1.0000    0.0000
 507  p   7/2- [ 4 4 3]   0.43   72.5798    1.0000    0.0000
 508  p   7/2- [ 7 1 4]   0.47   75.0364    1.0000    0.0000
 509  p   7/2- [ 6 3 3]   0.41   78.5926    1.0000    0.0000
 510  p   7/2- [ 5 3 4]   0.45   80.5190    1.0000    0.0000
 511  p   7/2- [ 3 4 4]   0.48   85.3372    1.0000    0.0000
 512  p   7/2- [ 2 5 3]   0.54   87.5038    1.0000    0.0000
 513  p   7/2- [ 1 5 4]   0.60   92.2963    1.0000    0.0000
 514  p   7/2- [ 0 5 3]   0.62   95.9671    1.0000    0.0000
 515  p   9/2+ [ 2 0 4]   0.91    4.8180    0.9941    0.0059
 516  h   9/2+ [ 0 1 4]   0.43   13.5619    0.2831    0.7169
 517  p   9/2+ [ 0 1 4]   0.68   13.6219    0.7178    0.2822
 518  p   9/2+ [ 1 0 5]   0.89   14.4016    0.9995    0.0005
 519  p   9/2+ [ 0 1 4]   0.42   18.7251    0.9999    0.0001
 520  p   9/2+ [ 4 0 4]   0.43   20.1932    1.0000    0.0000
 521  p   9/2+ [ 1 2 5]   0.42   21.0249    1.0000    0.0000
 522  p   9/2+ [ 4 0 4]   0.69   22.5695    0.9999    0.0001
 523  p   9/2+ [ 3 0 5]   0.38   25.4709    1.0000    0.0000
 524  p   9/2+ [ 6 0 4]   0.41   26.1012    1.0000    0.0000
 525  p   9/2+ [ 2 1 4]   0.66   29.6394    1.0000    0.0000
 526  p   9/2+ [ 3 0 5]   0.66   31.3755    1.0000    0.0000
 527  p   9/2+ [ 0 2 4]   0.72   31.7075    1.0000    0.0000
 528  p   9/2+ [ 4 1 4]   0.36   32.2606    1.0000    0.0000
 529  p   9/2+ [ 1 1 5]   0.40   32.5220    1.0000    0.0000
 530  p   9/2+ [ 1 1 5]   0.55   33.8299    1.0000    0.0000
 531  p   9/2+ [ 6 0 4]   0.70   39.0928    1.0000    0.0000
 532  p   9/2+ [ 4 1 4]   0.39   40.7835    1.0000    0.0000
 533  p   9/2+ [ 9 0 5]   0.45   41.2921    1.0000    0.0000
 534  p   9/2+ [ 4 1 4]   0.58   42.5394    1.0000    0.0000
 535  p   9/2+ [ 5 0 5]   0.54   43.4025    1.0000    0.0000
 536  p   9/2+ [ 2 2 4]   0.69   44.5727    1.0000    0.0000
 537  p   9/2+ [ 3 1 5]   0.53   46.6027    1.0000    0.0000
 538  p   9/2+ [ 1 2 5]   0.47   47.9746    1.0000    0.0000
 539  p   9/2+ [ 0 3 4]   0.56   48.4145    1.0000    0.0000
 540  p   9/2+ [ 8 0 4]   0.60   51.3673    1.0000    0.0000
 541  p   9/2+ [ 8 1 4]   0.54   52.7494    1.0000    0.0000
 542  p   9/2+ [ 7 1 5]   0.53   52.9628    1.0000    0.0000
 543  p   9/2+ [ 6 1 4]   0.55   56.8439    1.0000    0.0000
 544  p   9/2+ [ 7 0 5]   0.56   57.6817    1.0000    0.0000
 545  p   9/2+ [ 4 2 4]   0.59   59.7283    1.0000    0.0000
 546  p   9/2+ [ 5 1 5]   0.64   61.4402    1.0000    0.0000
 547  p   9/2+ [ 2 3 4]   0.56   62.9768    1.0000    0.0000
 548  p   9/2+ [ 3 2 5]   0.62   64.5566    1.0000    0.0000
 549  p   9/2+ [12 0 4]   0.64   66.5054    1.0000    0.0000
 550  p   9/2+ [ 1 3 5]   0.65   67.6965    1.0000    0.0000
 551  p   9/2+ [ 0 4 4]   0.64   68.9753    1.0000    0.0000
 552  p   9/2+ [10 1 4]   0.46   69.4536    1.0000    0.0000
 553  p   9/2+ [ 9 1 5]   0.54   69.5541    1.0000    0.0000
 554  p   9/2+ [ 7 2 5]   0.38   75.6971    1.0000    0.0000
 555  p   9/2+ [11 0 5]   0.45   76.5310    1.0000    0.0000
 556  p   9/2+ [ 4 4 4]   0.44   79.2808    1.0000    0.0000
 557  p   9/2+ [ 7 1 5]   0.45   82.0178    1.0000    0.0000
 558  p   9/2+ [ 6 2 4]   0.39   85.6699    1.0000    0.0000
 559  p   9/2+ [ 5 2 5]   0.45   87.6049    1.0000    0.0000
 560  p   9/2+ [ 3 3 5]   0.47   93.2000    1.0000    0.0000
 561  p   9/2+ [ 2 4 4]   0.51   95.0734    1.0000    0.0000
 562  p   9/2+ [ 1 4 5]   0.60  100.1736    1.0000    0.0000
 563  p   9/2+ [ 0 5 4]   0.62  103.8909    1.0000    0.0000
 564  h   9/2- [ 0 0 5]   0.08    4.4632    0.0115    0.9885
 565  p   9/2- [ 0 0 5]   0.95    4.7027    0.9909    0.0091
 566  p   9/2- [ 3 0 4]   0.88   13.8126    0.9993    0.0007
 567  p   9/2- [ 1 1 4]   0.65   17.8896    1.0000    0.0000
 568  p   9/2- [ 0 1 5]   0.55   18.8124    1.0000    0.0000
 569  p   9/2- [ 2 0 5]   0.72   21.9394    0.9999    0.0001
 570  p   9/2- [ 5 0 4]   0.43   23.4912    1.0000    0.0000
 571  p   9/2- [ 1 1 4]   0.55   25.2645    1.0000    0.0000
 572  p   9/2- [ 2 0 5]   0.51   26.1768    0.9999    0.0001
 573  p   9/2- [ 0 1 5]   0.73   28.1416    1.0000    0.0000
 574  p   9/2- [ 3 1 4]   0.46   28.9176    1.0000    0.0000
 575  p   9/2- [ 4 0 5]   0.36   30.1993    1.0000    0.0000
 576  p   9/2- [ 5 0 4]   0.55   33.6386    1.0000    0.0000
 577  p   9/2- [ 3 1 4]   0.61   37.0224    1.0000    0.0000
 578  p   9/2- [ 4 0 5]   0.42   38.2617    1.0000    0.0000
 579  p   9/2- [ 3 3 4]   0.33   38.6775    1.0000    0.0000
 580  p   9/2- [ 4 0 5]   0.48   39.3971    1.0000    0.0000
 581  p   9/2- [ 1 2 4]   0.70   39.9835    1.0000    0.0000
 582  p   9/2- [ 2 1 5]   0.49   41.8656    1.0000    0.0000
 583  p   9/2- [ 0 2 5]   0.61   42.8793    1.0000    0.0000
 584  p   9/2- [ 7 0 4]   0.61   47.0015    1.0000    0.0000
 585  p   9/2- [ 7 1 4]   0.59   49.3338    1.0000    0.0000
 586  p   9/2- [ 8 0 5]   0.48   49.8009    1.0000    0.0000
 587  p   9/2- [ 5 1 4]   0.55   51.8065    1.0000    0.0000
 588  p   9/2- [ 6 0 5]   0.56   52.8795    1.0000    0.0000
 589  p   9/2- [ 3 2 4]   0.61   54.2063    1.0000    0.0000
 590  p   9/2- [ 4 1 5]   0.63   56.6501    1.0000    0.0000
 591  p   9/2- [ 1 3 4]   0.58   58.3603    1.0000    0.0000
 592  p   9/2- [ 2 2 5]   0.60   59.5327    1.0000    0.0000
 593  p   9/2- [11 0 4]   0.69   61.6901    1.0000    0.0000
 594  p   9/2- [ 0 3 5]   0.70   62.7791    1.0000    0.0000
 595  p   9/2- [ 9 1 4]   0.64   65.1211    1.0000    0.0000
 596  p   9/2- [10 0 5]   0.54   65.7085    1.0000    0.0000
 597  p   9/2- [ 6 2 5]   0.40   70.4154    1.0000    0.0000
 598  p   9/2- [ 8 0 5]   0.46   71.5484    1.0000    0.0000
 599  p   9/2- [ 3 4 4]   0.40   73.8538    1.0000    0.0000
 600  p   9/2- [ 6 1 5]   0.50   76.7903    1.0000    0.0000
 601  p   9/2- [ 5 3 4]   0.41   80.8659    1.0000    0.0000
 602  p   9/2- [ 4 3 5]   0.46   82.5650    1.0000    0.0000
 603  p   9/2- [ 2 4 5]   0.59   87.6007    1.0000    0.0000
 604  p   9/2- [ 1 5 4]   0.60   90.4279    1.0000    0.0000
 605  p   9/2- [ 0 5 5]   0.63   95.3936    1.0000    0.0000
 606  p  11/2+ [ 1 0 5]   0.96    6.5098    0.9979    0.0021
 607  p  11/2+ [ 0 0 6]   0.94   16.1571    0.9998    0.0002
 608  p  11/2+ [ 1 1 5]   0.44   20.5715    1.0000    0.0000
 609  p  11/2+ [ 0 2 6]   0.48   21.7011    1.0000    0.0000
 610  p  11/2+ [ 3 0 5]   0.79   23.4873    0.9999    0.0001
 611  p  11/2+ [ 2 0 6]   0.42   25.9019    1.0000    0.0000
 612  p  11/2+ [ 5 0 5]   0.40   26.8268    1.0000    0.0000
 613  p  11/2+ [ 1 1 5]   0.72   30.9313    1.0000    0.0000
 614  p  11/2+ [ 7 0 5]   0.35   32.4911    1.0000    0.0000
 615  p  11/2+ [ 2 0 6]   0.36   32.6840    1.0000    0.0000
 616  p  11/2+ [ 0 1 6]   0.54   33.4087    1.0000    0.0000
 617  p  11/2+ [ 0 1 6]   0.53   34.4849    1.0000    0.0000
 618  p  11/2+ [ 5 0 5]   0.66   40.2164    1.0000    0.0000
 619  p  11/2+ [ 5 2 5]   0.47   41.4541    1.0000    0.0000
 620  p  11/2+ [ 8 0 6]   0.46   41.7695    1.0000    0.0000
 621  p  11/2+ [ 3 1 5]   0.66   43.5620    1.0000    0.0000
 622  p  11/2+ [ 4 0 6]   0.58   44.9886    1.0000    0.0000
 623  p  11/2+ [ 1 2 5]   0.71   45.6403    1.0000    0.0000
 624  p  11/2+ [ 2 1 6]   0.60   47.8702    1.0000    0.0000
 625  p  11/2+ [ 0 2 6]   0.67   49.0379    1.0000    0.0000
 626  p  11/2+ [ 7 0 5]   0.51   52.3674    1.0000    0.0000
 627  p  11/2+ [ 7 1 5]   0.45   53.3421    1.0000    0.0000
 628  p  11/2+ [ 6 1 6]   0.46   53.4736    1.0000    0.0000
 629  p  11/2+ [ 5 1 5]   0.60   58.4120    1.0000    0.0000
 630  p  11/2+ [ 6 0 6]   0.59   59.0734    1.0000    0.0000
 631  p  11/2+ [ 3 2 5]   0.63   60.5612    1.0000    0.0000
 632  p  11/2+ [ 4 1 6]   0.68   62.8335    1.0000    0.0000
 633  p  11/2+ [ 1 3 5]   0.63   64.5978    1.0000    0.0000
 634  p  11/2+ [ 2 2 6]   0.64   66.1756    1.0000    0.0000
 635  p  11/2+ [11 0 5]   0.69   67.4566    1.0000    0.0000
 636  p  11/2+ [ 0 3 6]   0.69   69.4578    1.0000    0.0000
 637  p  11/2+ [10 0 6]   0.54   70.0012    1.0000    0.0000
 638  p  11/2+ [ 9 1 5]   0.57   70.3225    1.0000    0.0000
 639  p  11/2+ [ 7 1 5]   0.43   76.8443    1.0000    0.0000
 640  p  11/2+ [ 8 0 6]   0.47   77.7068    1.0000    0.0000
 641  p  11/2+ [ 3 4 5]   0.41   80.4040    1.0000    0.0000
 642  p  11/2+ [ 6 1 6]   0.48   83.6358    1.0000    0.0000
 643  p  11/2+ [ 5 3 5]   0.39   87.9325    1.0000    0.0000
 644  p  11/2+ [ 4 2 6]   0.47   89.7462    1.0000    0.0000
 645  p  11/2+ [ 2 4 6]   0.56   95.4692    1.0000    0.0000
 646  p  11/2+ [ 1 4 5]   0.58   97.7770    1.0000    0.0000
 647  p  11/2+ [ 0 4 6]   0.62  103.0918    1.0000    0.0000
 648  h  11/2- [ 0 0 5]   0.12    2.6436    0.0156    0.9844
 649  p  11/2- [ 2 0 5]   0.93   15.2688    0.9996    0.0004
 650  p  11/2- [ 0 1 5]   0.64   18.4208    1.0000    0.0000
 651  p  11/2- [ 1 0 6]   0.70   22.7731    1.0000    0.0000
 652  p  11/2- [ 2 1 5]   0.43   24.2244    1.0000    0.0000
 653  p  11/2- [ 0 1 5]   0.68   26.4702    1.0000    0.0000
 654  p  11/2- [ 1 0 6]   0.61   27.6551    1.0000    0.0000
 655  p  11/2- [ 4 0 5]   0.54   29.3346    1.0000    0.0000
 656  p  11/2- [ 3 0 6]   0.42   30.5992    1.0000    0.0000
 657  p  11/2- [ 4 0 5]   0.59   34.7869    1.0000    0.0000
 658  p  11/2- [ 2 1 5]   0.56   38.3363    1.0000    0.0000
 659  p  11/2- [ 5 0 6]   0.34   38.9182    1.0000    0.0000
 660  p  11/2- [ 2 1 5]   0.36   39.1824    1.0000    0.0000
 661  p  11/2- [ 0 2 5]   0.45   40.8875    1.0000    0.0000
 662  p  11/2- [ 0 2 5]   0.58   41.0971    1.0000    0.0000
 663  p  11/2- [ 1 1 6]   0.62   43.0577    1.0000    0.0000
 664  p  11/2- [ 6 0 5]   0.60   48.2257    1.0000    0.0000
 665  p  11/2- [ 6 1 5]   0.62   49.9874    1.0000    0.0000
 666  p  11/2- [ 7 0 6]   0.55   50.3550    1.0000    0.0000
 667  p  11/2- [ 4 1 5]   0.61   52.9369    1.0000    0.0000
 668  p  11/2- [ 5 0 6]   0.62   54.4800    1.0000    0.0000
 669  p  11/2- [ 2 2 5]   0.65   55.4211    1.0000    0.0000
 670  p  11/2- [ 3 1 6]   0.66   58.0171    1.0000    0.0000
 671  p  11/2- [ 0 3 5]   0.57   60.1772    1.0000    0.0000
 672  p  11/2- [ 1 2 6]   0.59   60.9866    1.0000    0.0000
 673  p  11/2- [10 0 5]   0.73   62.7535    1.0000    0.0000
 674  p  11/2- [ 8 1 5]   0.73   65.9523    1.0000    0.0000
 675  p  11/2- [ 9 0 6]   0.62   66.3369    1.0000    0.0000
 676  p  11/2- [ 6 2 5]   0.52   71.2802    1.0000    0.0000
 677  p  11/2- [ 7 0 6]   0.49   72.9264    1.0000    0.0000
 678  p  11/2- [ 4 3 5]   0.38   75.4470    1.0000    0.0000
 679  p  11/2- [ 5 2 6]   0.52   78.5041    1.0000    0.0000
 680  p  11/2- [ 3 3 6]   0.37   83.2472    1.0000    0.0000
 681  p  11/2- [ 3 3 6]   0.47   84.6750    1.0000    0.0000
 682  p  11/2- [ 1 4 6]   0.64   89.8570    1.0000    0.0000
 683  p  11/2- [ 0 5 5]   0.63   93.4624    1.0000    0.0000
 684  p  13/2+ [ 0 0 6]   0.98    8.1949    0.9989    0.0011
 685  p  13/2+ [ 0 2 6]   0.50   21.0710    1.0000    0.0000
 686  p  13/2+ [ 2 0 6]   0.81   24.4404    1.0000    0.0000
 687  p  13/2+ [ 1 2 7]   0.45   26.3823    1.0000    0.0000
 688  p  13/2+ [ 2 0 6]   0.44   27.7220    1.0000    0.0000
 689  p  13/2+ [ 0 1 6]   0.76   31.9909    1.0000    0.0000
 690  p  13/2+ [ 4 0 6]   0.39   32.9000    1.0000    0.0000
 691  p  13/2+ [ 3 1 7]   0.42   33.3509    1.0000    0.0000
 692  p  13/2+ [ 1 0 7]   0.79   35.1650    1.0000    0.0000
 693  p  13/2+ [ 4 0 6]   0.51   41.2072    1.0000    0.0000
 694  p  13/2+ [ 5 0 7]   0.36   42.2381    1.0000    0.0000
 695  p  13/2+ [ 4 0 6]   0.43   42.3319    1.0000    0.0000
 696  p  13/2+ [ 2 1 6]   0.67   44.4495    1.0000    0.0000
 697  p  13/2+ [ 3 0 7]   0.52   46.6059    1.0000    0.0000
 698  p  13/2+ [ 0 2 6]   0.64   46.9237    1.0000    0.0000
 699  p  13/2+ [ 1 1 7]   0.61   48.7732    1.0000    0.0000
 700  p  13/2+ [ 8 0 6]   0.54   53.1214    1.0000    0.0000
 701  p  13/2+ [ 7 0 7]   0.55   53.9098    1.0000    0.0000
 702  p  13/2+ [ 6 0 6]   0.56   54.4897    1.0000    0.0000
 703  p  13/2+ [ 4 1 6]   0.66   59.6947    1.0000    0.0000
 704  p  13/2+ [ 5 0 7]   0.66   60.4458    1.0000    0.0000
 705  p  13/2+ [ 2 2 6]   0.67   61.6067    1.0000    0.0000
 706  p  13/2+ [ 3 1 7]   0.69   64.0610    1.0000    0.0000
 707  p  13/2+ [ 0 3 6]   0.66   66.4136    1.0000    0.0000
 708  p  13/2+ [ 1 2 7]   0.66   67.9124    1.0000    0.0000
 709  p  13/2+ [10 0 6]   0.73   68.4296    1.0000    0.0000
 710  p  13/2+ [ 9 0 7]   0.63   70.6122    1.0000    0.0000
 711  p  13/2+ [ 8 1 6]   0.67   71.3011    1.0000    0.0000
 712  p  13/2+ [ 6 2 6]   0.52   77.7958    1.0000    0.0000
 713  p  13/2+ [ 7 0 7]   0.50   78.9316    1.0000    0.0000
 714  p  13/2+ [ 4 3 6]   0.42   81.7809    1.0000    0.0000
 715  p  13/2+ [ 5 1 7]   0.50   85.1698    1.0000    0.0000
 716  p  13/2+ [ 2 3 6]   0.42   90.2855    1.0000    0.0000
 717  p  13/2+ [ 3 2 7]   0.50   91.9552    1.0000    0.0000
 718  p  13/2+ [ 1 4 7]   0.62   97.7212    1.0000    0.0000
 719  p  13/2+ [ 0 4 6]   0.62  100.6947    1.0000    0.0000
 720  p  13/2- [ 1 0 6]   0.96   16.8239    0.9998    0.0002
 721  p  13/2- [ 0 0 7]   0.65   23.5451    1.0000    0.0000
 722  p  13/2- [ 1 1 6]   0.52   24.8823    1.0000    0.0000
 723  p  13/2- [ 0 0 7]   0.70   29.0722    1.0000    0.0000
 724  p  13/2- [ 3 0 6]   0.60   29.8271    1.0000    0.0000
 725  p  13/2- [ 2 0 7]   0.47   31.0621    1.0000    0.0000
 726  p  13/2- [ 3 0 6]   0.63   36.0692    1.0000    0.0000
 727  p  13/2- [ 3 2 6]   0.48   39.1634    1.0000    0.0000
 728  p  13/2- [ 4 0 7]   0.51   39.5962    1.0000    0.0000
 729  p  13/2- [ 1 1 6]   0.66   39.8901    1.0000    0.0000
 730  p  13/2- [ 2 0 7]   0.61   42.5927    1.0000    0.0000
 731  p  13/2- [ 0 1 7]   0.60   43.8173    1.0000    0.0000
 732  p  13/2- [ 7 0 6]   0.61   49.4198    1.0000    0.0000
 733  p  13/2- [ 5 1 6]   0.60   50.7624    1.0000    0.0000
 734  p  13/2- [ 6 0 7]   0.60   50.9511    1.0000    0.0000
 735  p  13/2- [ 3 1 6]   0.61   53.8932    1.0000    0.0000
 736  p  13/2- [ 4 0 7]   0.65   56.0941    1.0000    0.0000
 737  p  13/2- [ 1 2 6]   0.68   56.8060    1.0000    0.0000
 738  p  13/2- [ 2 1 7]   0.68   59.1931    1.0000    0.0000
 739  p  13/2- [ 0 2 7]   0.72   62.4144    1.0000    0.0000
 740  p  13/2- [ 9 0 6]   0.78   63.8867    1.0000    0.0000
 741  p  13/2- [ 7 1 6]   0.80   66.9281    1.0000    0.0000
 742  p  13/2- [ 8 0 7]   0.70   67.0291    1.0000    0.0000
 743  p  13/2- [ 5 2 6]   0.60   72.0131    1.0000    0.0000
 744  p  13/2- [ 6 1 7]   0.52   74.3224    1.0000    0.0000
 745  p  13/2- [ 3 3 6]   0.49   77.2210    1.0000    0.0000
 746  p  13/2- [ 4 2 7]   0.57   80.1813    1.0000    0.0000
 747  p  13/2- [ 2 3 7]   0.42   85.7195    1.0000    0.0000
 748  p  13/2- [ 1 4 6]   0.48   86.8949    1.0000    0.0000
 749  p  13/2- [ 0 4 7]   0.66   92.2596    1.0000    0.0000
 750  p  15/2+ [ 1 0 7]   0.78   25.3126    1.0000    0.0000
 751  p  15/2+ [ 0 2 8]   0.51   26.9148    1.0000    0.0000
 752  p  15/2+ [ 1 0 7]   0.57   28.8131    1.0000    0.0000
 753  p  15/2+ [ 3 0 7]   0.44   33.3239    1.0000    0.0000
 754  p  15/2+ [ 2 1 8]   0.51   33.9325    1.0000    0.0000
 755  p  15/2+ [ 0 0 8]   0.82   36.3020    1.0000    0.0000
 756  p  15/2+ [ 5 0 7]   0.52   41.9558    1.0000    0.0000
 757  p  15/2+ [ 4 0 8]   0.51   42.8090    1.0000    0.0000
 758  p  15/2+ [ 3 0 7]   0.62   43.4892    1.0000    0.0000
 759  p  15/2+ [ 1 1 7]   0.65   45.2177    1.0000    0.0000
 760  p  15/2+ [ 2 0 8]   0.65   48.3167    1.0000    0.0000
 761  p  15/2+ [ 0 1 8]   0.62   49.5223    1.0000    0.0000
 762  p  15/2+ [ 7 0 7]   0.58   53.7292    1.0000    0.0000
 763  p  15/2+ [ 6 0 8]   0.62   54.4785    1.0000    0.0000
 764  p  15/2+ [ 5 0 7]   0.59   55.8599    1.0000    0.0000
 765  p  15/2+ [ 3 1 7]   0.63   60.6417    1.0000    0.0000
 766  p  15/2+ [ 4 0 8]   0.71   61.8238    1.0000    0.0000
 767  p  15/2+ [ 1 2 7]   0.70   62.9085    1.0000    0.0000
 768  p  15/2+ [ 2 1 8]   0.70   65.2372    1.0000    0.0000
 769  p  15/2+ [ 9 0 7]   0.76   69.3765    1.0000    0.0000
 770  p  15/2+ [ 0 2 8]   0.70   69.5691    1.0000    0.0000
 771  p  15/2+ [ 8 0 8]   0.71   71.2828    1.0000    0.0000
 772  p  15/2+ [ 7 1 7]   0.72   72.5080    1.0000    0.0000
 773  p  15/2+ [ 5 2 7]   0.60   78.6167    1.0000    0.0000
 774  p  15/2+ [ 6 0 8]   0.53   80.1924    1.0000    0.0000
 775  p  15/2+ [ 3 3 7]   0.51   83.3188    1.0000    0.0000
 776  p  15/2+ [ 4 2 8]   0.53   86.6747    1.0000    0.0000
 777  p  15/2+ [ 1 4 7]   0.53   92.7035    1.0000    0.0000
 778  p  15/2+ [ 2 3 8]   0.54   94.2122    1.0000    0.0000
 779  p  15/2+ [ 0 4 8]   0.63  100.1486    1.0000    0.0000
 780  p  15/2- [ 0 0 7]   0.97   18.2953    0.9999    0.0001
 781  p  15/2- [ 0 1 7]   0.57   25.5297    1.0000    0.0000
 782  p  15/2- [ 2 0 7]   0.63   30.3815    1.0000    0.0000
 783  p  15/2- [ 1 1 8]   0.54   31.5635    1.0000    0.0000
 784  p  15/2- [ 2 0 7]   0.67   37.4249    1.0000    0.0000
 785  p  15/2- [ 4 0 7]   0.44   39.7129    1.0000    0.0000
 786  p  15/2- [ 3 0 8]   0.56   40.2183    1.0000    0.0000
 787  p  15/2- [ 0 1 7]   0.74   40.8133    1.0000    0.0000
 788  p  15/2- [ 1 0 8]   0.79   44.3450    1.0000    0.0000
 789  p  15/2- [ 6 0 7]   0.67   50.4349    1.0000    0.0000
 790  p  15/2- [ 5 0 8]   0.66   51.5503    1.0000    0.0000
 791  p  15/2- [ 4 1 7]   0.52   51.8659    1.0000    0.0000
 792  p  15/2- [ 2 1 7]   0.59   54.7270    1.0000    0.0000
 793  p  15/2- [ 3 0 8]   0.70   57.6842    1.0000    0.0000
 794  p  15/2- [ 0 2 7]   0.71   58.3249    1.0000    0.0000
 795  p  15/2- [ 1 1 8]   0.70   60.3536    1.0000    0.0000
 796  p  15/2- [ 8 0 7]   0.81   65.0375    1.0000    0.0000
 797  p  15/2- [ 7 0 8]   0.76   67.7750    1.0000    0.0000
 798  p  15/2- [ 6 1 7]   0.81   68.0715    1.0000    0.0000
 799  p  15/2- [ 4 2 7]   0.66   72.7276    1.0000    0.0000
 800  p  15/2- [ 5 1 8]   0.58   75.7063    1.0000    0.0000
 801  p  15/2- [ 2 3 7]   0.59   79.0740    1.0000    0.0000
 802  p  15/2- [ 3 2 8]   0.61   81.8265    1.0000    0.0000
 803  p  15/2- [ 1 3 8]   0.49   88.3716    1.0000    0.0000
 804  p  15/2- [ 0 4 7]   0.53   89.2497    1.0000    0.0000
 805  p  17/2+ [ 0 0 8]   0.72   26.0733    1.0000    0.0000
 806  p  17/2+ [ 0 0 8]   0.67   29.9940    1.0000    0.0000
 807  p  17/2+ [ 2 0 8]   0.48   33.8002    1.0000    0.0000
 808  p  17/2+ [ 1 1 9]   0.56   34.5101    1.0000    0.0000
 809  p  17/2+ [ 4 0 8]   0.55   42.5872    1.0000    0.0000
 810  p  17/2+ [ 3 0 9]   0.54   43.3908    1.0000    0.0000
 811  p  17/2+ [ 2 0 8]   0.60   44.8625    1.0000    0.0000
 812  p  17/2+ [ 0 1 8]   0.59   45.9522    1.0000    0.0000
 813  p  17/2+ [ 1 0 9]   0.79   49.8467    1.0000    0.0000
 814  p  17/2+ [ 6 0 8]   0.63   54.3280    1.0000    0.0000
 815  p  17/2+ [ 5 0 9]   0.67   55.0905    1.0000    0.0000
 816  p  17/2+ [ 4 0 8]   0.56   57.3700    1.0000    0.0000
 817  p  17/2+ [ 2 1 8]   0.57   61.4217    1.0000    0.0000
 818  p  17/2+ [ 3 0 9]   0.74   63.1564    1.0000    0.0000
 819  p  17/2+ [ 0 2 8]   0.72   64.3595    1.0000    0.0000
 820  p  17/2+ [ 1 1 9]   0.71   66.4821    1.0000    0.0000
 821  p  17/2+ [ 8 0 8]   0.80   70.2861    1.0000    0.0000
 822  p  17/2+ [ 7 0 9]   0.78   72.0066    1.0000    0.0000
 823  p  17/2+ [ 6 1 8]   0.73   73.9264    1.0000    0.0000
 824  p  17/2+ [ 4 2 8]   0.65   79.3943    1.0000    0.0000
 825  p  17/2+ [ 5 1 9]   0.56   81.4706    1.0000    0.0000
 826  p  17/2+ [ 2 3 8]   0.60   84.9560    1.0000    0.0000
 827  p  17/2+ [ 3 2 9]   0.59   88.1806    1.0000    0.0000
 828  p  17/2+ [ 0 4 8]   0.58   95.3156    1.0000    0.0000
 829  p  17/2+ [ 1 3 9]   0.57   96.5226    1.0000    0.0000
 830  p  17/2- [ 1 0 8]   0.63   30.9707    1.0000    0.0000
 831  p  17/2- [ 0 1 9]   0.57   32.1600    1.0000    0.0000
 832  p  17/2- [ 1 0 8]   0.68   38.7982    1.0000    0.0000
 833  p  17/2- [ 3 0 8]   0.47   40.2520    1.0000    0.0000
 834  p  17/2- [ 2 1 9]   0.58   40.8460    1.0000    0.0000
 835  p  17/2- [ 0 0 9]   0.80   45.4663    1.0000    0.0000
 836  p  17/2- [ 5 0 8]   0.71   51.2525    1.0000    0.0000
 837  p  17/2- [ 4 0 9]   0.72   52.2196    1.0000    0.0000
 838  p  17/2- [ 3 0 8]   0.53   53.2716    1.0000    0.0000
 839  p  17/2- [ 1 1 8]   0.56   55.5131    1.0000    0.0000
 840  p  17/2- [ 2 0 9]   0.73   59.1463    1.0000    0.0000
 841  p  17/2- [ 0 1 9]   0.72   61.5872    1.0000    0.0000
 842  p  17/2- [ 7 0 8]   0.85   66.1627    1.0000    0.0000
 843  p  17/2- [ 6 0 9]   0.82   68.5697    1.0000    0.0000
 844  p  17/2- [ 5 1 8]   0.80   69.3938    1.0000    0.0000
 845  p  17/2- [ 3 2 8]   0.70   73.4668    1.0000    0.0000
 846  p  17/2- [ 4 1 9]   0.64   77.0822    1.0000    0.0000
 847  p  17/2- [ 1 3 8]   0.66   81.0605    1.0000    0.0000
 848  p  17/2- [ 2 2 9]   0.65   83.4771    1.0000    0.0000
 849  p  17/2- [ 0 3 9]   0.66   91.1526    1.0000    0.0000
 850  p  19/2+ [ 1 1 9]   0.54   34.3211    1.0000    0.0000
 851  p  19/2+ [ 0 110]   0.59   35.0999    1.0000    0.0000
 852  p  19/2+ [ 3 0 9]   0.57   43.2037    1.0000    0.0000
 853  p  19/2+ [ 2 110]   0.60   44.0083    1.0000    0.0000
 854  p  19/2+ [ 1 0 9]   0.83   46.6115    1.0000    0.0000
 855  p  19/2+ [ 0 010]   0.80   50.8497    1.0000    0.0000
 856  p  19/2+ [ 5 0 9]   0.68   54.9542    1.0000    0.0000
 857  p  19/2+ [ 4 010]   0.72   55.7454    1.0000    0.0000
 858  p  19/2+ [ 1 1 9]   0.54   58.9736    1.0000    0.0000
 859  p  19/2+ [ 3 0 9]   0.56   62.1631    1.0000    0.0000
 860  p  19/2+ [ 2 010]   0.75   64.4005    1.0000    0.0000
 861  p  19/2+ [ 0 110]   0.72   67.8015    1.0000    0.0000
 862  p  19/2+ [ 7 0 9]   0.84   71.1730    1.0000    0.0000
 863  p  19/2+ [ 6 010]   0.84   72.7778    1.0000    0.0000
 864  p  19/2+ [ 5 1 9]   0.72   75.5125    1.0000    0.0000
 865  p  19/2+ [ 3 2 9]   0.68   80.1713    1.0000    0.0000
 866  p  19/2+ [ 4 110]   0.62   82.7592    1.0000    0.0000
 867  p  19/2+ [ 1 3 9]   0.67   86.7836    1.0000    0.0000
 868  p  19/2+ [ 2 210]   0.64   89.7234    1.0000    0.0000
 869  p  19/2+ [ 0 310]   0.65   98.6992    1.0000    0.0000
 870  p  19/2- [ 0 0 9]   0.62   31.5955    1.0000    0.0000
 871  p  19/2- [ 0 0 9]   0.66   40.0968    1.0000    0.0000
 872  p  19/2- [ 2 0 9]   0.47   40.8148    1.0000    0.0000
 873  p  19/2- [ 1 110]   0.64   41.5014    1.0000    0.0000
 874  p  19/2- [ 4 0 9]   0.73   51.9957    1.0000    0.0000
 875  p  19/2- [ 3 010]   0.75   52.9210    1.0000    0.0000
 876  p  19/2- [ 0 1 9]   0.51   54.8457    1.0000    0.0000
 877  p  19/2- [ 2 0 9]   0.53   56.2798    1.0000    0.0000
 878  p  19/2- [ 1 010]   0.75   60.4240    1.0000    0.0000
 879  p  19/2- [ 6 0 9]   0.88   67.2425    1.0000    0.0000
 880  p  19/2- [ 5 010]   0.88   69.4065    1.0000    0.0000
 881  p  19/2- [ 4 1 9]   0.78   70.8975    1.0000    0.0000
 882  p  19/2- [ 2 2 9]   0.73   74.2516    1.0000    0.0000
 883  p  19/2- [ 3 110]   0.68   78.4509    1.0000    0.0000
 884  p  19/2- [ 0 3 9]   0.70   83.1763    1.0000    0.0000
 885  p  19/2- [ 1 210]   0.68   85.2661    1.0000    0.0000
 886  p  21/2+ [ 0 110]   0.56   34.9038    1.0000    0.0000
 887  p  21/2+ [ 2 010]   0.59   43.8365    1.0000    0.0000
 888  p  21/2+ [ 1 111]   0.65   44.6605    1.0000    0.0000
 889  p  21/2+ [ 0 010]   0.85   47.6968    1.0000    0.0000
 890  p  21/2+ [ 4 010]   0.71   55.6155    1.0000    0.0000
 891  p  21/2+ [ 3 011]   0.75   56.4407    1.0000    0.0000
 892  p  21/2+ [ 0 110]   0.65   60.6069    1.0000    0.0000
 893  p  21/2+ [ 2 010]   0.66   62.8978    1.0000    0.0000
 894  p  21/2+ [ 1 011]   0.76   65.5486    1.0000    0.0000
 895  p  21/2+ [ 6 010]   0.87   72.0552    1.0000    0.0000
 896  p  21/2+ [ 5 011]   0.88   73.5918    1.0000    0.0000
 897  p  21/2+ [ 4 110]   0.71   77.2258    1.0000    0.0000
 898  p  21/2+ [ 2 210]   0.69   80.9634    1.0000    0.0000
 899  p  21/2+ [ 3 111]   0.68   84.0524    1.0000    0.0000
 900  p  21/2+ [ 0 310]   0.71   88.7520    1.0000    0.0000
 901  p  21/2+ [ 1 211]   0.67   91.4039    1.0000    0.0000
 902  p  21/2- [ 1 010]   0.63   41.2626    1.0000    0.0000
 903  p  21/2- [ 0 111]   0.66   42.1826    1.0000    0.0000
 904  p  21/2- [ 3 010]   0.76   52.7335    1.0000    0.0000
 905  p  21/2- [ 2 011]   0.77   53.6577    1.0000    0.0000
 906  p  21/2- [ 1 010]   0.74   56.9647    1.0000    0.0000
 907  p  21/2- [ 0 011]   0.76   61.5530    1.0000    0.0000
 908  p  21/2- [ 5 010]   0.92   68.2801    1.0000    0.0000
 909  p  21/2- [ 4 011]   0.92   70.2812    1.0000    0.0000
 910  p  21/2- [ 3 110]   0.76   72.5660    1.0000    0.0000
 911  p  21/2- [ 1 210]   0.75   75.1451    1.0000    0.0000
 912  p  21/2- [ 2 111]   0.72   79.8038    1.0000    0.0000
 913  p  21/2- [ 0 211]   0.71   87.1245    1.0000    0.0000
 914  p  23/2+ [ 1 111]   0.62   44.4923    1.0000    0.0000
 915  p  23/2+ [ 0 112]   0.67   45.3449    1.0000    0.0000
 916  p  23/2+ [ 3 011]   0.74   56.3130    1.0000    0.0000
 917  p  23/2+ [ 2 012]   0.77   57.1735    1.0000    0.0000
 918  p  23/2+ [ 1 011]   0.78   63.6666    1.0000    0.0000
 919  p  23/2+ [ 0 012]   0.77   66.6238    1.0000    0.0000
 920  p  23/2+ [ 5 011]   0.91   72.9452    1.0000    0.0000
 921  p  23/2+ [ 4 012]   0.92   74.4445    1.0000    0.0000
 922  p  23/2+ [ 3 111]   0.69   79.0479    1.0000    0.0000
 923  p  23/2+ [ 1 211]   0.69   81.8015    1.0000    0.0000
 924  p  23/2+ [ 2 112]   0.72   85.3419    1.0000    0.0000
 925  p  23/2+ [ 0 212]   0.69   93.1697    1.0000    0.0000
 926  p  23/2- [ 0 011]   0.62   41.9357    1.0000    0.0000
 927  p  23/2- [ 2 011]   0.77   53.4879    1.0000    0.0000
 928  p  23/2- [ 1 012]   0.78   54.4263    1.0000    0.0000
 929  p  23/2- [ 0 011]   0.76   58.0806    1.0000    0.0000
 930  p  23/2- [ 4 011]   0.94   69.2909    1.0000    0.0000
 931  p  23/2- [ 3 012]   0.95   71.1894    1.0000    0.0000
 932  p  23/2- [ 2 111]   0.75   74.2477    1.0000    0.0000
 933  p  23/2- [ 0 211]   0.77   76.1895    1.0000    0.0000
 934  p  23/2- [ 1 112]   0.75   81.1687    1.0000    0.0000
 935  p  25/2+ [ 0 112]   0.65   45.1686    1.0000    0.0000
 936  p  25/2+ [ 2 012]   0.76   57.0450    1.0000    0.0000
 937  p  25/2+ [ 1 013]   0.78   57.9409    1.0000    0.0000
 938  p  25/2+ [ 0 012]   0.78   64.7093    1.0000    0.0000
 939  p  25/2+ [ 4 012]   0.94   73.8499    1.0000    0.0000
 940  p  25/2+ [ 3 013]   0.95   75.3321    1.0000    0.0000
 941  p  25/2+ [ 2 112]   0.70   80.8946    1.0000    0.0000
 942  p  25/2+ [ 0 212]   0.70   82.6930    1.0000    0.0000
 943  p  25/2+ [ 1 113]   0.74   86.6406    1.0000    0.0000
 944  p  25/2- [ 1 012]   0.78   54.2587    1.0000    0.0000
 945  p  25/2- [ 0 013]   0.78   55.2249    1.0000    0.0000
 946  p  25/2- [ 3 012]   0.96   70.2914    1.0000    0.0000
 947  p  25/2- [ 2 013]   0.97   72.1261    1.0000    0.0000
 948  p  25/2- [ 1 112]   0.77   75.7456    1.0000    0.0000
 949  p  25/2- [ 0 113]   0.76   82.5437    1.0000    0.0000
 950  p  27/2+ [ 1 013]   0.77   57.8072    1.0000    0.0000
 951  p  27/2+ [ 0 014]   0.78   58.7399    1.0000    0.0000
 952  p  27/2+ [ 3 013]   0.96   74.7726    1.0000    0.0000
 953  p  27/2+ [ 2 014]   0.97   76.2506    1.0000    0.0000
 954  p  27/2+ [ 1 113]   0.75   82.5793    1.0000    0.0000
 955  p  27/2+ [ 0 114]   0.76   87.9493    1.0000    0.0000
 956  p  27/2- [ 0 013]   0.78   55.0429    1.0000    0.0000
 957  p  27/2- [ 2 013]   0.97   71.2849    1.0000    0.0000
 958  p  27/2- [ 1 014]   0.98   73.0885    1.0000    0.0000
 959  p  27/2- [ 0 113]   0.77   76.9169    1.0000    0.0000
 960  p  29/2+ [ 0 014]   0.77   58.5960    1.0000    0.0000
 961  p  29/2+ [ 2 014]   0.97   75.7105    1.0000    0.0000
 962  p  29/2+ [ 1 015]   0.98   77.1974    1.0000    0.0000
 963  p  29/2+ [ 0 114]   0.76   83.7475    1.0000    0.0000
 964  p  29/2- [ 1 014]   0.98   72.2573    1.0000    0.0000
 965  p  29/2- [ 0 015]   0.98   74.0785    1.0000    0.0000
 966  p  31/2+ [ 1 015]   0.98   76.6533    1.0000    0.0000
 967  p  31/2+ [ 0 016]   0.98   78.1728    1.0000    0.0000
 968  p  31/2- [ 0 015]   0.98   73.2034    1.0000    0.0000
 969  p  33/2+ [ 0 016]   0.98   77.5971    1.0000    0.0000


 quasi-particle properties: Proton: 
 ------------------------------------------------------------------
     p/h  K pi[nz,nr,ml]  smax     Eqp       uu       vv
   1  h   1/2+ [ 1 1 1]   0.56    1.1580    0.4190    0.5810
   2  p   1/2+ [ 0 2 0]   0.91    3.1623    0.9781    0.0219
   3  h   1/2+ [ 2 1 0]   0.09    4.3349    0.0148    0.9852
   4  p   1/2+ [ 4 1 0]   0.55    6.8219    0.9961    0.0039
   5  h   1/2+ [ 3 0 1]   0.05    8.1993    0.0042    0.9958
   6  h   1/2+ [ 6 0 0]   0.05   12.7949    0.0050    0.9950
   7  p   1/2+ [ 6 0 0]   0.81   13.4775    0.9976    0.0024
   8  p   1/2+ [ 5 0 1]   0.68   14.3151    0.9986    0.0014
   9  p   1/2+ [ 3 1 1]   0.45   15.6286    0.9997    0.0003
  10  p   1/2+ [ 3 1 1]   0.40   16.4129    0.9998    0.0002
  11  p   1/2+ [ 0 3 0]   0.37   17.1157    0.9997    0.0003
  12  p   1/2+ [ 1 2 1]   0.49   18.1447    0.9997    0.0003
  13  p   1/2+ [ 2 2 0]   0.36   18.5707    0.9999    0.0001
  14  p   1/2+ [ 7 0 1]   0.35   19.6769    0.9999    0.0001
  15  p   1/2+ [ 2 2 0]   0.52   21.2849    0.9999    0.0001
  16  p   1/2+ [ 1 2 1]   0.32   22.8848    0.9323    0.0677
  17  h   1/2+ [ 1 2 1]   0.09   22.9186    0.0710    0.9290
  18  p   1/2+ [ 2 4 0]   0.32   23.2609    0.9997    0.0003
  19  p   1/2+ [ 1 2 1]   0.56   24.1038    0.9996    0.0004
  20  p   1/2+ [ 0 3 0]   0.72   25.1396    0.9984    0.0016
  21  p   1/2+ [ 6 1 0]   0.40   25.7745    0.9999    0.0001
  22  p   1/2+ [ 8 0 0]   0.50   27.9521    0.9999    0.0001
  23  p   1/2+ [ 3 3 1]   0.26   28.2220    1.0000    0.0000
  24  h   1/2+ [ 8 0 0]   0.03   28.5104    0.0060    0.9940
  25  p   1/2+ [ 8 0 0]   0.51   28.6569    0.9955    0.0045
  26  p   1/2+ [ 7 0 1]   0.68   30.1640    0.9992    0.0008
  27  h   1/2+ [ 6 1 0]   0.05   31.3871    0.0125    0.9875
  28  p   1/2+ [ 6 1 0]   0.58   31.8178    0.9885    0.0115
  29  p   1/2+ [ 5 1 1]   0.55   33.2955    0.9996    0.0004
  30  p   1/2+ [ 3 2 1]   0.47   34.5032    0.9999    0.0001
  31  p   1/2+ [ 4 4 0]   0.35   35.1023    1.0000    0.0000
  32  p   1/2+ [ 2 3 0]   0.45   35.4027    1.0000    0.0000
  33  p   1/2+ [ 1 3 1]   0.52   36.2843    0.9999    0.0001
  34  p   1/2+ [ 1 3 1]   0.42   37.4801    0.9999    0.0001
  35  p   1/2+ [ 0 4 0]   0.58   38.1359    0.9999    0.0001
  36  p   1/2+ [10 0 0]   0.65   39.9906    1.0000    0.0000
  37  p   1/2+ [ 9 0 1]   0.63   41.5948    0.9999    0.0001
  38  p   1/2+ [ 8 1 0]   0.55   42.7375    0.9999    0.0001
  39  p   1/2+ [ 8 1 0]   0.37   43.7149    0.9996    0.0004
  40  p   1/2+ [10 2 0]   0.35   44.0692    1.0000    0.0000
  41  h   1/2+ [ 7 1 1]   0.08   44.8739    0.0226    0.9774
  42  p   1/2+ [ 7 1 1]   0.52   45.0159    0.9787    0.0213
  43  p   1/2+ [ 6 2 0]   0.51   46.3472    0.9999    0.0001
  44  p   1/2+ [ 4 3 0]   0.50   47.7606    1.0000    0.0000
  45  p   1/2+ [ 3 3 1]   0.47   49.1732    1.0000    0.0000
  46  p   1/2+ [ 4 3 0]   0.41   50.9365    1.0000    0.0000
  47  p   1/2+ [ 2 4 0]   0.46   52.1437    1.0000    0.0000
  48  p   1/2+ [12 0 0]   0.39   53.1352    1.0000    0.0000
  49  p   1/2+ [ 1 4 1]   0.60   53.6433    1.0000    0.0000
  50  p   1/2+ [ 0 5 0]   0.56   55.2206    0.9999    0.0001
  51  p   1/2+ [12 0 0]   0.40   55.5264    1.0000    0.0000
  52  p   1/2+ [ 8 3 0]   0.39   55.8593    1.0000    0.0000
  53  p   1/2+ [12 0 0]   0.38   56.1859    1.0000    0.0000
  54  p   1/2+ [11 0 1]   0.56   57.2290    1.0000    0.0000
  55  p   1/2+ [10 1 0]   0.47   59.3262    1.0000    0.0000
  56  p   1/2+ [ 8 2 0]   0.56   60.9787    1.0000    0.0000
  57  p   1/2+ [ 7 2 1]   0.55   63.1383    1.0000    0.0000
  58  p   1/2+ [ 6 3 0]   0.42   64.4442    1.0000    0.0000
  59  p   1/2+ [ 6 3 0]   0.45   65.9960    1.0000    0.0000
  60  p   1/2+ [ 5 3 1]   0.50   67.7408    1.0000    0.0000
  61  p   1/2+ [14 1 0]   0.42   69.2677    1.0000    0.0000
  62  p   1/2+ [ 3 4 1]   0.51   69.9855    1.0000    0.0000
  63  p   1/2+ [ 2 5 0]   0.58   72.0738    1.0000    0.0000
  64  p   1/2+ [10 3 0]   0.49   72.7867    1.0000    0.0000
  65  p   1/2+ [11 2 1]   0.41   72.9267    1.0000    0.0000
  66  p   1/2+ [ 1 5 1]   0.61   74.7821    1.0000    0.0000
  67  p   1/2+ [ 0 6 0]   0.60   77.4211    1.0000    0.0000
  68  p   1/2+ [16 0 0]   0.40   77.5487    1.0000    0.0000
  69  p   1/2+ [15 0 1]   0.45   78.1051    1.0000    0.0000
  70  p   1/2+ [14 0 0]   0.40   81.3221    1.0000    0.0000
  71  p   1/2+ [ 6 5 0]   0.39   82.2384    1.0000    0.0000
  72  p   1/2+ [12 1 0]   0.34   84.4381    1.0000    0.0000
  73  p   1/2+ [11 1 1]   0.36   86.4870    1.0000    0.0000
  74  p   1/2+ [10 2 0]   0.34   88.9784    1.0000    0.0000
  75  p   1/2+ [ 9 2 1]   0.32   91.7504    1.0000    0.0000
  76  p   1/2+ [ 3 6 1]   0.33   95.3255    1.0000    0.0000
  77  p   1/2+ [ 4 5 0]   0.34   98.5207    1.0000    0.0000
  78  p   1/2+ [ 3 5 1]   0.45  102.2995    1.0000    0.0000
  79  p   1/2+ [ 2 6 0]   0.52  106.1396    1.0000    0.0000
  80  p   1/2+ [ 1 6 1]   0.59  110.0730    1.0000    0.0000
  81  p   1/2+ [ 0 7 0]   0.62  114.0523    1.0000    0.0000
  82  h   1/2- [ 5 0 0]   0.27    3.1404    0.1289    0.8711
  83  p   1/2- [ 4 0 1]   0.62    3.2097    0.8759    0.1241
  84  p   1/2- [ 3 1 0]   0.59    5.3762    0.9937    0.0063
  85  p   1/2- [ 2 1 1]   0.77    8.7831    0.9959    0.0041
  86  h   1/2- [ 0 1 1]   0.06    9.6371    0.0064    0.9936
  87  p   1/2- [ 1 2 0]   0.86   11.5933    0.9936    0.0064
  88  h   1/2- [ 0 2 1]   0.09   13.7119    0.0176    0.9824
  89  p   1/2- [ 0 2 1]   0.84   13.9535    0.9907    0.0093
  90  p   1/2- [ 7 0 0]   0.49   16.2209    0.9996    0.0004
  91  p   1/2- [ 5 1 0]   0.49   16.6094    0.9993    0.0007
  92  p   1/2- [ 4 1 1]   0.37   17.9375    0.9984    0.0016
  93  p   1/2- [ 3 2 0]   0.36   18.7838    0.9958    0.0042
  94  h   1/2- [ 2 0 1]   0.02   19.0244    0.0078    0.9922
  95  p   1/2- [ 0 4 1]   0.43   19.5727    0.9989    0.0011
  96  p   1/2- [ 1 3 0]   0.35   21.3570    0.9994    0.0006
  97  p   1/2- [ 2 2 1]   0.37   21.4559    0.9989    0.0011
  98  h   1/2- [ 3 0 0]   0.02   22.3222    0.0025    0.9975
  99  p   1/2- [ 7 0 0]   0.64   23.9292    0.9999    0.0001
 100  p   1/2- [ 6 0 1]   0.50   24.5741    0.9999    0.0001
 101  p   1/2- [ 4 1 1]   0.37   25.5466    1.0000    0.0000
 102  p   1/2- [ 7 1 0]   0.35   26.4586    1.0000    0.0000
 103  p   1/2- [ 5 1 0]   0.37   27.5824    0.9999    0.0001
 104  p   1/2- [ 3 2 0]   0.51   28.8426    0.9999    0.0001
 105  p   1/2- [ 2 2 1]   0.65   30.5238    0.9999    0.0001
 106  p   1/2- [ 1 3 0]   0.67   31.8336    0.9999    0.0001
 107  p   1/2- [ 4 2 1]   0.31   32.3960    1.0000    0.0000
 108  p   1/2- [ 0 3 1]   0.64   32.9626    0.9995    0.0005
 109  p   1/2- [ 0 3 1]   0.34   33.3209    0.9999    0.0001
 110  p   1/2- [ 9 0 0]   0.64   35.2159    1.0000    0.0000
 111  p   1/2- [ 8 0 1]   0.39   36.4965    0.9999    0.0001
 112  h   1/2- [ 0 0 1]   0.02   36.5170    0.0014    0.9986
 113  p   1/2- [ 8 0 1]   0.57   37.6313    0.9998    0.0002
 114  h   1/2- [ 1 0 0]   0.02   39.1190    0.0006    0.9994
 115  p   1/2- [ 7 1 0]   0.57   39.5567    0.9999    0.0001
 116  p   1/2- [ 6 1 1]   0.48   41.0131    1.0000    0.0000
 117  p   1/2- [ 6 2 1]   0.37   41.6549    1.0000    0.0000
 118  p   1/2- [ 4 2 1]   0.35   42.0768    1.0000    0.0000
 119  p   1/2- [ 3 3 0]   0.51   43.2550    1.0000    0.0000
 120  p   1/2- [ 2 3 1]   0.49   44.7346    1.0000    0.0000
 121  p   1/2- [ 2 3 1]   0.42   46.3106    1.0000    0.0000
 122  p   1/2- [ 1 4 0]   0.59   47.3158    1.0000    0.0000
 123  p   1/2- [11 0 0]   0.50   48.3636    1.0000    0.0000
 124  p   1/2- [ 0 4 1]   0.66   49.0299    1.0000    0.0000
 125  p   1/2- [11 0 0]   0.52   50.6478    1.0000    0.0000
 126  p   1/2- [10 0 1]   0.49   51.6985    1.0000    0.0000
 127  p   1/2- [ 8 2 1]   0.42   52.7583    1.0000    0.0000
 128  p   1/2- [ 7 3 0]   0.44   53.1361    1.0000    0.0000
 129  p   1/2- [ 8 1 1]   0.44   54.4070    1.0000    0.0000
 130  p   1/2- [ 7 2 0]   0.46   55.9523    1.0000    0.0000
 131  p   1/2- [ 5 3 0]   0.40   57.5575    1.0000    0.0000
 132  p   1/2- [ 6 2 1]   0.49   59.2374    1.0000    0.0000
 133  p   1/2- [ 5 3 0]   0.51   61.1644    1.0000    0.0000
 134  p   1/2- [ 4 3 1]   0.51   62.9480    1.0000    0.0000
 135  p   1/2- [13 1 0]   0.44   64.4424    1.0000    0.0000
 136  p   1/2- [ 2 4 1]   0.61   65.0402    1.0000    0.0000
 137  p   1/2- [ 1 5 0]   0.65   67.1974    1.0000    0.0000
 138  p   1/2- [ 9 3 0]   0.47   68.3169    1.0000    0.0000
 139  p   1/2- [10 2 1]   0.38   69.0738    1.0000    0.0000
 140  p   1/2- [ 0 5 1]   0.65   69.9094    1.0000    0.0000
 141  p   1/2- [15 0 0]   0.49   72.0409    1.0000    0.0000
 142  p   1/2- [14 0 1]   0.49   72.5964    1.0000    0.0000
 143  p   1/2- [ 6 4 1]   0.37   75.4696    1.0000    0.0000
 144  p   1/2- [ 7 4 0]   0.37   76.4308    1.0000    0.0000
 145  p   1/2- [11 1 0]   0.35   78.6805    1.0000    0.0000
 146  p   1/2- [10 2 1]   0.38   81.0328    1.0000    0.0000
 147  p   1/2- [ 9 3 0]   0.36   83.6730    1.0000    0.0000
 148  p   1/2- [ 3 6 0]   0.34   86.6028    1.0000    0.0000
 149  p   1/2- [ 4 4 1]   0.36   90.1118    1.0000    0.0000
 150  p   1/2- [ 3 5 0]   0.45   93.3785    1.0000    0.0000
 151  p   1/2- [ 2 5 1]   0.53   97.3683    1.0000    0.0000
 152  p   1/2- [ 1 6 0]   0.59  101.0930    1.0000    0.0000
 153  p   1/2- [ 0 6 1]   0.62  105.1410    1.0000    0.0000
 154  h   3/2+ [ 1 1 1]   0.29    1.8276    0.1110    0.8890
 155  p   3/2+ [ 0 1 2]   0.91    2.7965    0.9621    0.0379
 156  h   3/2+ [ 2 0 2]   0.08    6.4432    0.0078    0.9922
 157  p   3/2+ [ 5 0 1]   0.60    7.2368    0.9964    0.0036
 158  h   3/2+ [ 3 0 1]   0.03   12.0755    0.0028    0.9972
 159  p   3/2+ [ 5 0 1]   0.70   14.5493    0.9994    0.0006
 160  p   3/2+ [ 3 1 1]   0.64   15.6009    0.9994    0.0006
 161  p   3/2+ [ 2 1 2]   0.45   16.9790    0.9999    0.0001
 162  p   3/2+ [ 1 2 1]   0.43   17.3615    0.9998    0.0002
 163  p   3/2+ [ 2 1 2]   0.50   18.5975    0.9998    0.0002
 164  p   3/2+ [ 7 0 1]   0.36   19.4780    0.9999    0.0001
 165  p   3/2+ [ 2 1 2]   0.50   21.1725    0.9999    0.0001
 166  p   3/2+ [ 1 2 1]   0.42   22.7606    0.9999    0.0001
 167  p   3/2+ [ 2 3 2]   0.29   23.4549    0.9999    0.0001
 168  p   3/2+ [ 1 2 1]   0.46   23.8826    0.9999    0.0001
 169  p   3/2+ [ 0 2 2]   0.74   25.4410    0.9998    0.0002
 170  p   3/2+ [ 5 1 1]   0.46   26.0167    0.9687    0.0313
 171  h   3/2+ [ 5 1 1]   0.08   26.0490    0.0322    0.9678
 172  p   3/2+ [11 0 1]   0.32   28.2375    1.0000    0.0000
 173  p   3/2+ [10 0 2]   0.34   28.4030    1.0000    0.0000
 174  h   3/2+ [ 7 0 1]   0.06   29.6785    0.0140    0.9860
 175  p   3/2+ [ 7 0 1]   0.60   30.0885    0.9874    0.0126
 176  p   3/2+ [ 6 0 2]   0.69   31.7562    0.9999    0.0001
 177  p   3/2+ [ 3 2 1]   0.48   33.3834    0.9995    0.0005
 178  p   3/2+ [ 4 1 2]   0.45   34.3962    0.9999    0.0001
 179  p   3/2+ [ 4 3 2]   0.30   35.2432    1.0000    0.0000
 180  p   3/2+ [ 2 2 2]   0.45   35.4376    1.0000    0.0000
 181  p   3/2+ [ 1 3 1]   0.62   36.2677    0.9998    0.0002
 182  p   3/2+ [ 2 2 2]   0.43   37.4165    0.9999    0.0001
 183  p   3/2+ [ 0 3 2]   0.60   38.2669    0.9999    0.0001
 184  p   3/2+ [ 9 0 1]   0.69   40.7789    1.0000    0.0000
 185  p   3/2+ [ 8 0 2]   0.58   42.8742    1.0000    0.0000
 186  p   3/2+ [ 8 0 2]   0.38   43.4945    1.0000    0.0000
 187  p   3/2+ [10 1 2]   0.40   44.2012    1.0000    0.0000
 188  p   3/2+ [ 7 1 1]   0.51   44.6495    1.0000    0.0000
 189  p   3/2+ [ 6 1 2]   0.50   46.5077    1.0000    0.0000
 190  p   3/2+ [ 4 2 2]   0.42   47.6321    1.0000    0.0000
 191  p   3/2+ [ 3 3 1]   0.56   49.0627    1.0000    0.0000
 192  p   3/2+ [ 4 2 2]   0.49   50.9010    1.0000    0.0000
 193  p   3/2+ [ 2 3 2]   0.50   52.2758    1.0000    0.0000
 194  p   3/2+ [ 1 4 1]   0.55   53.3201    1.0000    0.0000
 195  p   3/2+ [11 0 1]   0.47   53.6132    1.0000    0.0000
 196  p   3/2+ [ 0 4 2]   0.58   55.3996    1.0000    0.0000
 197  p   3/2+ [ 9 2 1]   0.39   55.8428    1.0000    0.0000
 198  p   3/2+ [ 8 2 2]   0.38   56.0166    1.0000    0.0000
 199  p   3/2+ [11 0 1]   0.47   57.2903    1.0000    0.0000
 200  p   3/2+ [10 0 2]   0.57   58.5436    1.0000    0.0000
 201  p   3/2+ [ 8 1 2]   0.56   61.1224    1.0000    0.0000
 202  p   3/2+ [ 7 2 1]   0.60   62.6022    1.0000    0.0000
 203  p   3/2+ [ 5 3 1]   0.43   64.4362    1.0000    0.0000
 204  p   3/2+ [ 6 2 2]   0.54   65.8931    1.0000    0.0000
 205  p   3/2+ [ 5 3 1]   0.44   67.7508    1.0000    0.0000
 206  p   3/2+ [13 1 1]   0.46   69.5247    1.0000    0.0000
 207  p   3/2+ [ 3 4 1]   0.47   69.5554    1.0000    0.0000
 208  p   3/2+ [ 2 4 2]   0.59   72.2360    1.0000    0.0000
 209  p   3/2+ [ 9 3 1]   0.52   72.9507    1.0000    0.0000
 210  p   3/2+ [10 2 2]   0.49   73.0568    1.0000    0.0000
 211  p   3/2+ [ 1 5 1]   0.61   74.3258    1.0000    0.0000
 212  p   3/2+ [ 0 5 2]   0.61   77.5243    1.0000    0.0000
 213  p   3/2+ [15 0 1]   0.46   78.0585    1.0000    0.0000
 214  p   3/2+ [14 0 2]   0.48   78.7917    1.0000    0.0000
 215  p   3/2+ [ 6 4 2]   0.37   82.2801    1.0000    0.0000
 216  p   3/2+ [ 5 5 1]   0.34   83.2070    1.0000    0.0000
 217  p   3/2+ [11 1 1]   0.35   86.1696    1.0000    0.0000
 218  p   3/2+ [10 2 2]   0.36   88.1362    1.0000    0.0000
 219  p   3/2+ [ 9 2 1]   0.32   91.8083    1.0000    0.0000
 220  p   3/2+ [ 3 6 1]   0.33   94.4760    1.0000    0.0000
 221  p   3/2+ [ 4 4 2]   0.36   98.6128    1.0000    0.0000
 222  p   3/2+ [ 3 5 1]   0.43  101.6959    1.0000    0.0000
 223  p   3/2+ [ 2 5 2]   0.53  106.0268    1.0000    0.0000
 224  p   3/2+ [ 1 6 1]   0.58  109.7863    1.0000    0.0000
 225  p   3/2+ [ 0 6 2]   0.62  113.9253    1.0000    0.0000
 226  h   3/2- [ 4 0 1]   0.14    2.6457    0.0354    0.9646
 227  p   3/2- [ 3 0 2]   0.77    4.4785    0.9885    0.0115
 228  p   3/2- [ 2 1 1]   0.79    7.4504    0.9965    0.0035
 229  h   3/2- [ 0 1 1]   0.06   10.6192    0.0040    0.9960
 230  p   3/2- [ 1 1 2]   0.89   11.4010    0.9975    0.0025
 231  p   3/2- [ 0 2 1]   0.86   13.6213    0.9996    0.0004
 232  h   3/2- [ 6 0 1]   0.31   16.5824    0.3123    0.6877
 233  p   3/2- [ 6 0 1]   0.48   16.6232    0.6911    0.3089
 234  p   3/2- [ 4 1 1]   0.43   17.8652    0.9996    0.0004
 235  p   3/2- [ 3 1 2]   0.36   19.1510    0.9991    0.0009
 236  p   3/2- [ 0 4 1]   0.44   19.4410    0.9997    0.0003
 237  h   3/2- [ 2 2 1]   0.09   21.2913    0.0451    0.9549
 238  p   3/2- [ 2 2 1]   0.39   21.4560    0.9586    0.0414
 239  p   3/2- [ 1 2 2]   0.39   21.6306    0.9976    0.0024
 240  p   3/2- [ 6 0 1]   0.52   24.7443    0.9999    0.0001
 241  p   3/2- [ 4 1 1]   0.47   25.1317    0.9999    0.0001
 242  p   3/2- [ 7 0 2]   0.39   26.5527    1.0000    0.0000
 243  p   3/2- [ 5 0 2]   0.32   27.2725    1.0000    0.0000
 244  p   3/2- [ 3 1 2]   0.51   29.1302    0.9999    0.0001
 245  p   3/2- [ 2 2 1]   0.63   30.2381    0.9999    0.0001
 246  p   3/2- [ 1 2 2]   0.65   32.1023    0.9999    0.0001
 247  p   3/2- [ 4 2 1]   0.37   32.4717    1.0000    0.0000
 248  p   3/2- [ 0 3 1]   0.68   32.8351    0.9996    0.0004
 249  p   3/2- [ 3 3 2]   0.26   33.3846    1.0000    0.0000
 250  p   3/2- [ 8 0 1]   0.58   35.9572    1.0000    0.0000
 251  h   3/2- [ 0 0 1]   0.02   37.0839    0.0016    0.9984
 252  p   3/2- [ 8 0 1]   0.44   37.6902    0.9994    0.0006
 253  p   3/2- [ 7 0 2]   0.64   39.1485    1.0000    0.0000
 254  p   3/2- [ 6 1 1]   0.45   41.1351    1.0000    0.0000
 255  p   3/2- [ 6 2 1]   0.36   41.5391    1.0000    0.0000
 256  p   3/2- [ 4 2 1]   0.37   42.1691    1.0000    0.0000
 257  p   3/2- [ 5 1 2]   0.44   43.1813    1.0000    0.0000
 258  p   3/2- [ 2 3 1]   0.59   44.6727    1.0000    0.0000
 259  p   3/2- [ 3 2 2]   0.51   46.2263    1.0000    0.0000
 260  p   3/2- [ 1 3 2]   0.63   47.4970    1.0000    0.0000
 261  p   3/2- [ 0 4 1]   0.64   48.7461    1.0000    0.0000
 262  p   3/2- [10 0 1]   0.56   48.9923    1.0000    0.0000
 263  p   3/2- [10 0 1]   0.41   51.8675    1.0000    0.0000
 264  p   3/2- [ 9 0 2]   0.46   52.5652    1.0000    0.0000
 265  p   3/2- [ 7 2 2]   0.47   53.2946    1.0000    0.0000
 266  p   3/2- [ 8 1 1]   0.39   53.8301    1.0000    0.0000
 267  p   3/2- [ 7 1 2]   0.44   56.0876    1.0000    0.0000
 268  p   3/2- [ 7 1 2]   0.42   57.3390    1.0000    0.0000
 269  p   3/2- [ 4 3 1]   0.44   59.0283    1.0000    0.0000
 270  p   3/2- [ 5 2 2]   0.58   61.0632    1.0000    0.0000
 271  p   3/2- [ 3 3 2]   0.46   63.0372    1.0000    0.0000
 272  p   3/2- [ 2 4 1]   0.53   64.5605    1.0000    0.0000
 273  p   3/2- [12 1 1]   0.42   64.7482    1.0000    0.0000
 274  p   3/2- [ 1 4 2]   0.65   67.3708    1.0000    0.0000
 275  p   3/2- [10 2 1]   0.50   68.5401    1.0000    0.0000
 276  p   3/2- [11 1 2]   0.42   69.2581    1.0000    0.0000
 277  p   3/2- [ 0 5 1]   0.65   69.5265    1.0000    0.0000
 278  p   3/2- [14 0 1]   0.48   72.6915    1.0000    0.0000
 279  p   3/2- [13 0 2]   0.45   73.5178    1.0000    0.0000
 280  p   3/2- [ 5 4 2]   0.38   76.4010    1.0000    0.0000
 281  p   3/2- [11 1 2]   0.41   77.6569    1.0000    0.0000
 282  p   3/2- [10 2 1]   0.38   80.8415    1.0000    0.0000
 283  p   3/2- [ 7 2 2]   0.37   82.8706    1.0000    0.0000
 284  p   3/2- [ 3 5 2]   0.34   86.7105    1.0000    0.0000
 285  p   3/2- [ 4 4 1]   0.34   89.3770    1.0000    0.0000
 286  p   3/2- [ 3 4 2]   0.46   93.3725    1.0000    0.0000
 287  p   3/2- [ 2 5 1]   0.52   96.8437    1.0000    0.0000
 288  p   3/2- [ 1 5 2]   0.59  101.0796    1.0000    0.0000
 289  p   3/2- [ 0 6 1]   0.62  104.9069    1.0000    0.0000
 290  p   5/2+ [ 0 1 2]   0.84    1.3103    0.8019    0.1981
 291  h   5/2+ [ 1 0 3]   0.14    4.0319    0.0211    0.9789
 292  p   5/2+ [ 4 0 2]   0.75    8.0794    0.9969    0.0031
 293  h   5/2+ [ 2 0 2]   0.05   10.6869    0.0035    0.9965
 294  p   5/2+ [ 3 0 3]   0.63   16.1890    0.9996    0.0004
 295  p   5/2+ [ 2 1 2]   0.53   16.9352    0.9997    0.0003
 296  p   5/2+ [ 0 2 2]   0.49   17.7690    0.9998    0.0002
 297  p   5/2+ [ 1 1 3]   0.62   19.0510    0.9999    0.0001
 298  p   5/2+ [ 2 1 2]   0.38   20.5576    0.9999    0.0001
 299  p   5/2+ [ 1 1 3]   0.52   22.7292    0.9999    0.0001
 300  p   5/2+ [ 6 0 2]   0.34   23.2919    1.0000    0.0000
 301  p   5/2+ [ 1 1 3]   0.40   24.1998    0.9999    0.0001
 302  p   5/2+ [ 0 2 2]   0.72   24.8796    0.9999    0.0001
 303  p   5/2+ [ 4 1 2]   0.51   26.4669    0.9999    0.0001
 304  h   5/2+ [ 0 0 2]   0.02   27.8340    0.0009    0.9991
 305  p   5/2+ [10 0 2]   0.31   28.4714    1.0000    0.0000
 306  p   5/2+ [ 7 0 3]   0.31   28.7367    1.0000    0.0000
 307  p   5/2+ [ 6 0 2]   0.54   31.6184    0.9999    0.0001
 308  p   5/2+ [ 5 0 3]   0.70   33.3587    1.0000    0.0000
 309  p   5/2+ [ 2 2 2]   0.49   34.7090    1.0000    0.0000
 310  p   5/2+ [ 4 3 2]   0.33   35.1246    1.0000    0.0000
 311  p   5/2+ [ 2 2 2]   0.36   35.5358    1.0000    0.0000
 312  p   5/2+ [ 1 2 3]   0.49   36.2795    1.0000    0.0000
 313  p   5/2+ [ 0 3 2]   0.61   37.4479    0.9999    0.0001
 314  p   5/2+ [ 1 2 3]   0.50   38.1501    1.0000    0.0000
 315  p   5/2+ [ 8 0 2]   0.71   41.8085    1.0000    0.0000
 316  p   5/2+ [10 1 2]   0.38   43.7125    1.0000    0.0000
 317  p   5/2+ [ 7 0 3]   0.39   44.2254    1.0000    0.0000
 318  p   5/2+ [ 7 0 3]   0.52   44.8321    1.0000    0.0000
 319  p   5/2+ [ 6 1 2]   0.57   45.6818    1.0000    0.0000
 320  p   5/2+ [ 4 2 2]   0.58   47.7690    1.0000    0.0000
 321  p   5/2+ [ 5 1 3]   0.47   48.9619    1.0000    0.0000
 322  p   5/2+ [ 2 3 2]   0.57   50.6251    1.0000    0.0000
 323  p   5/2+ [ 3 2 3]   0.54   52.0836    1.0000    0.0000
 324  p   5/2+ [ 1 3 3]   0.61   53.6474    1.0000    0.0000
 325  p   5/2+ [10 0 2]   0.55   54.2962    1.0000    0.0000
 326  p   5/2+ [ 0 4 2]   0.58   54.8388    1.0000    0.0000
 327  p   5/2+ [ 8 2 2]   0.48   56.0729    1.0000    0.0000
 328  p   5/2+ [ 7 2 3]   0.44   56.2613    1.0000    0.0000
 329  p   5/2+ [10 0 2]   0.41   58.7813    1.0000    0.0000
 330  p   5/2+ [ 9 0 3]   0.56   59.9184    1.0000    0.0000
 331  p   5/2+ [ 7 1 3]   0.59   62.8885    1.0000    0.0000
 332  p   5/2+ [ 6 2 2]   0.54   63.9012    1.0000    0.0000
 333  p   5/2+ [ 4 3 2]   0.43   65.6207    1.0000    0.0000
 334  p   5/2+ [ 5 2 3]   0.58   67.2201    1.0000    0.0000
 335  p   5/2+ [ 3 3 3]   0.46   69.7914    1.0000    0.0000
 336  p   5/2+ [14 0 2]   0.45   70.0131    1.0000    0.0000
 337  p   5/2+ [ 2 4 2]   0.53   71.2881    1.0000    0.0000
 338  p   5/2+ [10 2 2]   0.63   73.2560    1.0000    0.0000
 339  p   5/2+ [ 9 2 3]   0.59   73.3151    1.0000    0.0000
 340  p   5/2+ [ 1 4 3]   0.63   74.5349    1.0000    0.0000
 341  p   5/2+ [ 0 5 2]   0.61   76.6869    1.0000    0.0000
 342  p   5/2+ [14 0 2]   0.42   78.9720    1.0000    0.0000
 343  p   5/2+ [13 0 3]   0.45   79.7007    1.0000    0.0000
 344  p   5/2+ [ 5 4 3]   0.36   83.1405    1.0000    0.0000
 345  p   5/2+ [11 1 3]   0.40   84.5805    1.0000    0.0000
 346  p   5/2+ [10 2 2]   0.36   87.9453    1.0000    0.0000
 347  p   5/2+ [ 9 2 3]   0.36   89.8077    1.0000    0.0000
 348  p   5/2+ [ 3 5 3]   0.33   94.6531    1.0000    0.0000
 349  p   5/2+ [ 4 4 2]   0.33   97.0506    1.0000    0.0000
 350  p   5/2+ [ 3 4 3]   0.46  101.5786    1.0000    0.0000
 351  p   5/2+ [ 2 5 2]   0.52  104.9757    1.0000    0.0000
 352  p   5/2+ [ 1 5 3]   0.59  109.5488    1.0000    0.0000
 353  p   5/2+ [ 0 6 2]   0.62  113.4196    1.0000    0.0000
 354  h   5/2- [ 3 0 2]   0.26    1.7043    0.0976    0.9024
 355  p   5/2- [ 2 0 3]   0.87    6.5216    0.9939    0.0061
 356  p   5/2- [ 1 1 2]   0.89    9.6681    0.9979    0.0021
 357  p   5/2- [ 0 1 3]   0.91   13.2253    0.9698    0.0302
 358  h   5/2- [ 0 1 3]   0.16   14.1939    0.0318    0.9682
 359  p   5/2- [ 5 0 2]   0.70   17.2940    0.9991    0.0009
 360  p   5/2- [ 3 1 2]   0.42   19.0076    0.9837    0.0163
 361  h   5/2- [ 3 1 2]   0.05   19.4865    0.0187    0.9813
 362  p   5/2- [ 0 3 3]   0.42   20.1385    0.9995    0.0005
 363  p   5/2- [ 1 2 2]   0.44   21.6223    0.9998    0.0002
 364  p   5/2- [ 4 0 3]   0.36   22.0074    1.0000    0.0000
 365  p   5/2- [ 4 0 3]   0.54   25.4388    0.9999    0.0001
 366  p   5/2- [ 7 0 2]   0.40   26.0106    1.0000    0.0000
 367  p   5/2- [ 6 0 3]   0.36   27.6065    1.0000    0.0000
 368  p   5/2- [ 4 0 3]   0.43   28.3534    0.9999    0.0001
 369  p   5/2- [ 2 1 3]   0.64   30.7359    1.0000    0.0000
 370  p   5/2- [ 1 2 2]   0.68   31.6191    0.9999    0.0001
 371  p   5/2- [ 5 1 2]   0.36   32.6243    1.0000    0.0000
 372  p   5/2- [ 0 2 3]   0.64   33.2630    0.9999    0.0001
 373  p   5/2- [ 0 2 3]   0.40   33.6167    1.0000    0.0000
 374  p   5/2- [ 7 0 2]   0.57   36.7450    1.0000    0.0000
 375  p   5/2- [ 5 1 2]   0.52   39.0850    1.0000    0.0000
 376  p   5/2- [ 6 0 3]   0.65   40.7613    1.0000    0.0000
 377  p   5/2- [ 6 1 3]   0.36   41.8481    1.0000    0.0000
 378  p   5/2- [ 5 3 2]   0.40   41.9828    1.0000    0.0000
 379  p   5/2- [ 3 2 2]   0.58   43.1784    1.0000    0.0000
 380  p   5/2- [ 4 1 3]   0.46   44.4318    1.0000    0.0000
 381  p   5/2- [ 1 3 2]   0.58   46.2157    1.0000    0.0000
 382  p   5/2- [ 2 2 3]   0.52   47.1660    1.0000    0.0000
 383  p   5/2- [ 0 3 3]   0.68   48.9463    1.0000    0.0000
 384  p   5/2- [ 9 0 2]   0.59   49.8811    1.0000    0.0000
 385  p   5/2- [ 9 1 2]   0.42   52.7045    1.0000    0.0000
 386  p   5/2- [12 0 3]   0.35   53.1892    1.0000    0.0000
 387  p   5/2- [ 8 0 3]   0.39   54.1729    1.0000    0.0000
 388  p   5/2- [ 7 1 2]   0.46   55.0518    1.0000    0.0000
 389  p   5/2- [ 5 2 2]   0.51   57.3964    1.0000    0.0000
 390  p   5/2- [ 6 1 3]   0.55   58.8625    1.0000    0.0000
 391  p   5/2- [ 3 3 2]   0.47   60.7041    1.0000    0.0000
 392  p   5/2- [ 4 2 3]   0.59   62.5229    1.0000    0.0000
 393  p   5/2- [ 2 3 3]   0.59   64.9176    1.0000    0.0000
 394  p   5/2- [13 0 2]   0.50   65.2635    1.0000    0.0000
 395  p   5/2- [ 1 4 2]   0.63   66.4394    1.0000    0.0000
 396  p   5/2- [ 9 2 2]   0.57   68.9379    1.0000    0.0000
 397  p   5/2- [10 1 3]   0.47   69.5871    1.0000    0.0000
 398  p   5/2- [ 0 4 3]   0.67   69.6380    1.0000    0.0000
 399  p   5/2- [13 0 2]   0.41   73.7475    1.0000    0.0000
 400  p   5/2- [ 7 3 2]   0.47   74.5754    1.0000    0.0000
 401  p   5/2- [ 5 4 2]   0.39   77.2725    1.0000    0.0000
 402  p   5/2- [10 1 3]   0.43   79.2604    1.0000    0.0000
 403  p   5/2- [ 7 2 2]   0.37   82.8595    1.0000    0.0000
 404  p   5/2- [ 6 2 3]   0.39   84.7629    1.0000    0.0000
 405  p   5/2- [ 4 3 3]   0.37   89.5707    1.0000    0.0000
 406  p   5/2- [ 3 4 2]   0.44   92.0444    1.0000    0.0000
 407  p   5/2- [ 2 4 3]   0.54   96.5065    1.0000    0.0000
 408  p   5/2- [ 1 5 2]   0.58  100.3558    1.0000    0.0000
 409  p   5/2- [ 0 5 3]   0.62  104.5518    1.0000    0.0000
 410  h   7/2+ [ 0 0 4]   0.29    1.9477    0.0931    0.9069
 411  h   7/2+ [ 1 0 3]   0.06    8.9129    0.0050    0.9950
 412  p   7/2+ [ 3 0 3]   0.85    9.3270    0.9974    0.0026
 413  p   7/2+ [ 1 1 3]   0.54   18.0275    0.9997    0.0003
 414  p   7/2+ [ 2 0 4]   0.72   18.6181    0.9997    0.0003
 415  p   7/2+ [ 0 1 4]   0.59   19.6438    0.9999    0.0001
 416  p   7/2+ [ 1 1 3]   0.51   21.8752    0.9999    0.0001
 417  p   7/2+ [ 1 3 3]   0.38   23.6760    1.0000    0.0000
 418  p   7/2+ [ 0 1 4]   0.33   23.9008    1.0000    0.0000
 419  p   7/2+ [ 0 1 4]   0.66   25.0887    0.9999    0.0001
 420  p   7/2+ [ 5 0 3]   0.59   27.0804    0.9999    0.0001
 421  p   7/2+ [ 2 3 4]   0.26   28.7953    1.0000    0.0000
 422  p   7/2+ [ 5 0 3]   0.33   29.2254    1.0000    0.0000
 423  p   7/2+ [ 3 1 3]   0.61   33.2150    1.0000    0.0000
 424  p   7/2+ [ 4 0 4]   0.66   34.8634    1.0000    0.0000
 425  p   7/2+ [ 3 4 3]   0.34   35.5340    1.0000    0.0000
 426  p   7/2+ [ 2 1 4]   0.44   35.7387    1.0000    0.0000
 427  p   7/2+ [ 1 2 3]   0.66   36.1488    1.0000    0.0000
 428  p   7/2+ [ 0 2 4]   0.53   37.3510    1.0000    0.0000
 429  p   7/2+ [ 0 2 4]   0.50   38.5532    1.0000    0.0000
 430  p   7/2+ [ 7 0 3]   0.70   42.9070    1.0000    0.0000
 431  p   7/2+ [ 9 1 3]   0.40   44.2321    1.0000    0.0000
 432  p   7/2+ [10 0 4]   0.41   44.6297    1.0000    0.0000
 433  p   7/2+ [ 6 0 4]   0.54   46.1919    1.0000    0.0000
 434  p   7/2+ [ 5 1 3]   0.48   46.9465    1.0000    0.0000
 435  p   7/2+ [ 3 2 3]   0.65   48.8166    1.0000    0.0000
 436  p   7/2+ [ 4 1 4]   0.53   50.4783    1.0000    0.0000
 437  p   7/2+ [ 1 3 3]   0.50   52.1937    1.0000    0.0000
 438  p   7/2+ [ 2 2 4]   0.49   52.9098    1.0000    0.0000
 439  p   7/2+ [ 0 3 4]   0.54   55.1328    1.0000    0.0000
 440  p   7/2+ [ 9 0 3]   0.50   55.1648    1.0000    0.0000
 441  p   7/2+ [ 7 2 3]   0.49   56.3899    1.0000    0.0000
 442  p   7/2+ [ 8 1 4]   0.49   56.5841    1.0000    0.0000
 443  p   7/2+ [ 7 1 3]   0.45   60.4194    1.0000    0.0000
 444  p   7/2+ [ 8 0 4]   0.53   61.3328    1.0000    0.0000
 445  p   7/2+ [ 5 2 3]   0.55   64.2122    1.0000    0.0000
 446  p   7/2+ [ 6 1 4]   0.56   65.2833    1.0000    0.0000
 447  p   7/2+ [ 3 3 3]   0.45   67.0631    1.0000    0.0000
 448  p   7/2+ [ 4 2 4]   0.59   68.5577    1.0000    0.0000
 449  p   7/2+ [13 0 3]   0.54   70.6905    1.0000    0.0000
 450  p   7/2+ [ 2 3 4]   0.58   71.7786    1.0000    0.0000
 451  p   7/2+ [ 1 4 3]   0.60   73.0847    1.0000    0.0000
 452  p   7/2+ [ 9 2 3]   0.51   73.6458    1.0000    0.0000
 453  p   7/2+ [ 8 2 4]   0.50   73.7417    1.0000    0.0000
 454  p   7/2+ [ 0 4 4]   0.64   76.7894    1.0000    0.0000
 455  p   7/2+ [11 0 3]   0.36   80.0828    1.0000    0.0000
 456  p   7/2+ [ 7 3 3]   0.42   80.7204    1.0000    0.0000
 457  p   7/2+ [ 5 4 3]   0.41   83.9673    1.0000    0.0000
 458  p   7/2+ [10 1 4]   0.42   86.1908    1.0000    0.0000
 459  p   7/2+ [ 7 2 3]   0.36   89.8546    1.0000    0.0000
 460  p   7/2+ [ 6 2 4]   0.38   91.7371    1.0000    0.0000
 461  p   7/2+ [ 4 3 4]   0.37   97.3391    1.0000    0.0000
 462  p   7/2+ [ 3 4 3]   0.43   99.5671    1.0000    0.0000
 463  p   7/2+ [ 2 4 4]   0.55  104.4267    1.0000    0.0000
 464  p   7/2+ [ 1 5 3]   0.58  108.3201    1.0000    0.0000
 465  p   7/2+ [ 0 5 4]   0.62  112.6958    1.0000    0.0000
 466  p   7/2- [ 2 0 3]   0.69    1.0733    0.5682    0.4318
 467  p   7/2- [ 1 0 4]   0.93    8.7910    0.9966    0.0034
 468  p   7/2- [ 0 1 3]   0.94   11.4117    0.9984    0.0016
 469  h   7/2- [ 0 0 3]   0.04   17.7391    0.0045    0.9955
 470  p   7/2- [ 4 0 3]   0.80   18.3048    0.9985    0.0015
 471  p   7/2- [ 0 3 3]   0.44   19.8526    0.9986    0.0014
 472  p   7/2- [ 2 1 3]   0.42   21.9414    0.9999    0.0001
 473  p   7/2- [ 1 1 4]   0.42   22.4897    1.0000    0.0000
 474  p   7/2- [ 3 0 4]   0.57   26.0652    0.9999    0.0001
 475  p   7/2- [ 6 0 3]   0.41   26.8412    1.0000    0.0000
 476  p   7/2- [ 4 0 3]   0.40   28.9773    0.9999    0.0001
 477  p   7/2- [ 2 1 3]   0.49   29.7153    0.9999    0.0001
 478  p   7/2- [ 1 1 4]   0.62   32.2348    1.0000    0.0000
 479  p   7/2- [ 0 2 3]   0.59   32.6941    0.9999    0.0001
 480  p   7/2- [ 4 1 3]   0.37   32.8779    1.0000    0.0000
 481  p   7/2- [ 3 2 4]   0.32   33.8381    1.0000    0.0000
 482  p   7/2- [ 6 0 3]   0.59   37.6363    1.0000    0.0000
 483  p   7/2- [ 4 1 3]   0.57   40.6143    1.0000    0.0000
 484  p   7/2- [ 5 0 4]   0.43   41.8765    1.0000    0.0000
 485  p   7/2- [ 4 3 3]   0.32   42.3555    1.0000    0.0000
 486  p   7/2- [ 5 0 4]   0.52   42.9075    1.0000    0.0000
 487  p   7/2- [ 2 2 3]   0.67   44.3260    1.0000    0.0000
 488  p   7/2- [ 3 1 4]   0.49   45.7818    1.0000    0.0000
 489  p   7/2- [ 1 2 4]   0.50   47.5249    1.0000    0.0000
 490  p   7/2- [ 0 3 3]   0.61   48.0407    1.0000    0.0000
 491  p   7/2- [ 8 0 3]   0.61   50.9298    1.0000    0.0000
 492  p   7/2- [ 8 1 3]   0.51   53.2377    1.0000    0.0000
 493  p   7/2- [ 7 1 4]   0.44   53.6626    1.0000    0.0000
 494  p   7/2- [ 6 1 3]   0.47   55.5594    1.0000    0.0000
 495  p   7/2- [ 7 0 4]   0.49   56.4669    1.0000    0.0000
 496  p   7/2- [ 4 2 3]   0.57   58.4766    1.0000    0.0000
 497  p   7/2- [ 5 1 4]   0.62   60.5711    1.0000    0.0000
 498  p   7/2- [ 2 3 3]   0.51   62.4445    1.0000    0.0000
 499  p   7/2- [ 3 2 4]   0.58   63.8153    1.0000    0.0000
 500  p   7/2- [12 0 3]   0.59   65.9960    1.0000    0.0000
 501  p   7/2- [ 1 3 4]   0.67   66.8427    1.0000    0.0000
 502  p   7/2- [ 0 4 3]   0.66   68.3550    1.0000    0.0000
 503  p   7/2- [ 8 2 3]   0.58   69.4775    1.0000    0.0000
 504  p   7/2- [ 9 1 4]   0.52   70.0316    1.0000    0.0000
 505  p   7/2- [ 7 2 4]   0.42   74.8979    1.0000    0.0000
 506  p   7/2- [11 0 4]   0.42   75.6721    1.0000    0.0000
 507  p   7/2- [ 4 4 3]   0.41   78.3972    1.0000    0.0000
 508  p   7/2- [ 7 1 4]   0.46   80.9762    1.0000    0.0000
 509  p   7/2- [ 6 2 3]   0.37   84.9661    1.0000    0.0000
 510  p   7/2- [ 5 2 4]   0.38   86.8539    1.0000    0.0000
 511  p   7/2- [ 3 3 4]   0.49   92.0807    1.0000    0.0000
 512  p   7/2- [ 2 4 3]   0.52   94.8102    1.0000    0.0000
 513  p   7/2- [ 1 4 4]   0.59   99.6405    1.0000    0.0000
 514  p   7/2- [ 0 5 3]   0.62  103.5920    1.0000    0.0000
 515  h   9/2+ [ 0 0 4]   0.08    7.3198    0.0065    0.9935
 516  p   9/2+ [ 2 0 4]   0.91   10.8522    0.9982    0.0018
 517  p   9/2+ [ 0 1 4]   0.69   19.0409    0.9999    0.0001
 518  p   9/2+ [ 1 0 5]   0.91   20.2836    0.9996    0.0004
 519  p   9/2+ [ 0 1 4]   0.56   23.1703    0.9999    0.0001
 520  p   9/2+ [ 0 3 4]   0.35   24.0969    1.0000    0.0000
 521  p   9/2+ [ 1 2 5]   0.40   24.8105    1.0000    0.0000
 522  p   9/2+ [ 4 0 4]   0.64   27.7779    0.9999    0.0001
 523  p   9/2+ [ 3 0 5]   0.32   29.2099    1.0000    0.0000
 524  p   9/2+ [ 4 0 4]   0.44   29.9474    1.0000    0.0000
 525  p   9/2+ [ 2 1 4]   0.68   34.7791    1.0000    0.0000
 526  p   9/2+ [10 0 4]   0.33   35.7359    1.0000    0.0000
 527  p   9/2+ [ 7 0 5]   0.35   35.9806    1.0000    0.0000
 528  p   9/2+ [ 0 2 4]   0.65   36.9024    1.0000    0.0000
 529  p   9/2+ [ 3 0 5]   0.56   37.0240    1.0000    0.0000
 530  p   9/2+ [ 1 1 5]   0.65   38.9255    1.0000    0.0000
 531  p   9/2+ [ 6 0 4]   0.61   43.9076    1.0000    0.0000
 532  p   9/2+ [ 6 0 4]   0.40   44.8591    1.0000    0.0000
 533  p   9/2+ [ 9 0 5]   0.45   45.0408    1.0000    0.0000
 534  p   9/2+ [ 4 1 4]   0.65   47.5479    1.0000    0.0000
 535  p   9/2+ [ 5 0 5]   0.55   48.4151    1.0000    0.0000
 536  p   9/2+ [ 2 2 4]   0.69   49.9075    1.0000    0.0000
 537  p   9/2+ [ 3 1 5]   0.58   51.9688    1.0000    0.0000
 538  p   9/2+ [ 1 2 5]   0.55   53.4070    1.0000    0.0000
 539  p   9/2+ [ 0 3 4]   0.57   53.9621    1.0000    0.0000
 540  p   9/2+ [ 8 0 4]   0.50   56.0282    1.0000    0.0000
 541  p   9/2+ [ 8 1 4]   0.40   56.8998    1.0000    0.0000
 542  p   9/2+ [ 7 1 5]   0.48   57.0121    1.0000    0.0000
 543  p   9/2+ [ 7 0 5]   0.48   62.0964    1.0000    0.0000
 544  p   9/2+ [ 6 1 4]   0.52   62.7726    1.0000    0.0000
 545  p   9/2+ [ 4 2 4]   0.60   65.0586    1.0000    0.0000
 546  p   9/2+ [ 5 1 5]   0.66   66.8375    1.0000    0.0000
 547  p   9/2+ [ 2 3 4]   0.52   68.6763    1.0000    0.0000
 548  p   9/2+ [ 3 2 5]   0.59   70.1081    1.0000    0.0000
 549  p   9/2+ [12 0 4]   0.61   71.5046    1.0000    0.0000
 550  p   9/2+ [ 1 3 5]   0.65   73.5788    1.0000    0.0000
 551  p   9/2+ [ 9 1 5]   0.50   74.1040    1.0000    0.0000
 552  p   9/2+ [ 8 2 4]   0.53   74.3554    1.0000    0.0000
 553  p   9/2+ [ 0 4 4]   0.63   74.9746    1.0000    0.0000
 554  p   9/2+ [ 7 2 5]   0.40   81.2373    1.0000    0.0000
 555  p   9/2+ [ 9 0 5]   0.42   81.7904    1.0000    0.0000
 556  p   9/2+ [ 4 4 4]   0.43   84.9659    1.0000    0.0000
 557  p   9/2+ [ 7 1 5]   0.43   87.7589    1.0000    0.0000
 558  p   9/2+ [ 6 2 4]   0.37   92.0268    1.0000    0.0000
 559  p   9/2+ [ 5 2 5]   0.40   93.8714    1.0000    0.0000
 560  p   9/2+ [ 3 3 5]   0.49   99.8056    1.0000    0.0000
 561  p   9/2+ [ 2 4 4]   0.52  102.1665    1.0000    0.0000
 562  p   9/2+ [ 1 4 5]   0.60  107.3197    1.0000    0.0000
 563  p   9/2+ [ 0 5 4]   0.62  111.3102    1.0000    0.0000
 564  p   9/2- [ 1 0 4]   0.92    2.1306    0.9340    0.0660
 565  p   9/2- [ 0 0 5]   0.96   10.7622    0.9979    0.0021
 566  p   9/2- [ 3 0 4]   0.87   19.6059    0.9997    0.0003
 567  p   9/2- [ 1 1 4]   0.54   22.3352    1.0000    0.0000
 568  p   9/2- [ 0 2 5]   0.47   23.1484    1.0000    0.0000
 569  p   9/2- [ 2 0 5]   0.57   26.7317    1.0000    0.0000
 570  p   9/2- [ 5 0 4]   0.39   27.5162    1.0000    0.0000
 571  p   9/2- [ 1 1 4]   0.54   30.5699    1.0000    0.0000
 572  p   9/2- [ 2 0 5]   0.57   31.1497    0.9999    0.0001
 573  p   9/2- [ 3 1 4]   0.41   33.1695    1.0000    0.0000
 574  p   9/2- [ 0 1 5]   0.74   33.6142    1.0000    0.0000
 575  p   9/2- [ 2 2 5]   0.34   34.2245    1.0000    0.0000
 576  p   9/2- [ 5 0 4]   0.62   38.6768    1.0000    0.0000
 577  p   9/2- [ 3 1 4]   0.48   42.0176    1.0000    0.0000
 578  p   9/2- [ 8 0 5]   0.38   42.4713    1.0000    0.0000
 579  p   9/2- [ 3 1 4]   0.46   42.9126    1.0000    0.0000
 580  p   9/2- [ 4 0 5]   0.62   44.5102    1.0000    0.0000
 581  p   9/2- [ 1 2 4]   0.72   45.4089    1.0000    0.0000
 582  p   9/2- [ 2 1 5]   0.54   47.1928    1.0000    0.0000
 583  p   9/2- [ 0 2 5]   0.62   48.3439    1.0000    0.0000
 584  p   9/2- [ 7 0 4]   0.61   52.0620    1.0000    0.0000
 585  p   9/2- [ 7 1 4]   0.56   53.7710    1.0000    0.0000
 586  p   9/2- [ 6 1 5]   0.49   54.1451    1.0000    0.0000
 587  p   9/2- [ 5 1 4]   0.59   56.9735    1.0000    0.0000
 588  p   9/2- [ 6 0 5]   0.58   57.9775    1.0000    0.0000
 589  p   9/2- [ 3 2 4]   0.62   59.6686    1.0000    0.0000
 590  p   9/2- [ 4 1 5]   0.66   62.1438    1.0000    0.0000
 591  p   9/2- [ 1 3 4]   0.52   64.2046    1.0000    0.0000
 592  p   9/2- [ 2 2 5]   0.56   65.2468    1.0000    0.0000
 593  p   9/2- [11 0 4]   0.66   66.8986    1.0000    0.0000
 594  p   9/2- [ 0 3 5]   0.70   68.6496    1.0000    0.0000
 595  p   9/2- [ 9 1 4]   0.60   70.1538    1.0000    0.0000
 596  p   9/2- [ 8 1 5]   0.55   70.5720    1.0000    0.0000
 597  p   9/2- [ 5 3 4]   0.43   75.8748    1.0000    0.0000
 598  p   9/2- [ 8 0 5]   0.47   76.8843    1.0000    0.0000
 599  p   9/2- [ 3 4 4]   0.39   79.8738    1.0000    0.0000
 600  p   9/2- [ 6 1 5]   0.48   82.6406    1.0000    0.0000
 601  p   9/2- [ 4 2 5]   0.36   87.3101    1.0000    0.0000
 602  p   9/2- [ 3 4 4]   0.42   89.0532    1.0000    0.0000
 603  p   9/2- [ 2 4 5]   0.57   94.3896    1.0000    0.0000
 604  p   9/2- [ 1 5 4]   0.58   97.7400    1.0000    0.0000
 605  p   9/2- [ 0 4 5]   0.62  102.4279    1.0000    0.0000
 606  p  11/2+ [ 1 0 5]   0.96   12.4324    0.9987    0.0013
 607  p  11/2+ [ 0 0 6]   0.91   21.6824    0.9997    0.0003
 608  p  11/2+ [ 1 2 5]   0.42   24.3598    1.0000    0.0000
 609  p  11/2+ [ 0 3 6]   0.46   25.5919    0.9999    0.0001
 610  p  11/2+ [ 3 0 5]   0.64   28.4819    1.0000    0.0000
 611  p  11/2+ [ 2 0 6]   0.35   29.6942    1.0000    0.0000
 612  p  11/2+ [ 3 0 5]   0.58   30.9661    0.9999    0.0001
 613  p  11/2+ [ 1 1 5]   0.43   36.0193    1.0000    0.0000
 614  p  11/2+ [ 1 1 5]   0.55   36.3137    1.0000    0.0000
 615  p  11/2+ [ 6 0 6]   0.35   36.5211    1.0000    0.0000
 616  p  11/2+ [ 2 0 6]   0.61   38.5009    1.0000    0.0000
 617  p  11/2+ [ 0 1 6]   0.59   39.6927    1.0000    0.0000
 618  p  11/2+ [ 9 0 5]   0.43   44.6451    1.0000    0.0000
 619  p  11/2+ [ 8 0 6]   0.46   45.4845    1.0000    0.0000
 620  p  11/2+ [ 5 0 5]   0.62   45.8450    1.0000    0.0000
 621  p  11/2+ [ 3 1 5]   0.71   48.7203    1.0000    0.0000
 622  p  11/2+ [ 4 0 6]   0.61   50.0139    1.0000    0.0000
 623  p  11/2+ [ 1 2 5]   0.71   51.1043    1.0000    0.0000
 624  p  11/2+ [ 2 1 6]   0.62   53.1603    1.0000    0.0000
 625  p  11/2+ [ 0 2 6]   0.67   54.6001    1.0000    0.0000
 626  p  11/2+ [11 0 5]   0.45   56.6843    1.0000    0.0000
 627  p  11/2+ [ 6 1 6]   0.49   57.4121    1.0000    0.0000
 628  p  11/2+ [ 7 0 5]   0.59   57.9426    1.0000    0.0000
 629  p  11/2+ [ 5 1 5]   0.53   63.7064    1.0000    0.0000
 630  p  11/2+ [ 6 0 6]   0.50   64.1672    1.0000    0.0000
 631  p  11/2+ [ 3 2 5]   0.63   65.9764    1.0000    0.0000
 632  p  11/2+ [ 4 1 6]   0.68   68.1464    1.0000    0.0000
 633  p  11/2+ [ 1 3 5]   0.60   70.4328    1.0000    0.0000
 634  p  11/2+ [ 2 2 6]   0.62   71.8377    1.0000    0.0000
 635  p  11/2+ [11 0 5]   0.66   72.3922    1.0000    0.0000
 636  p  11/2+ [ 8 1 6]   0.55   74.6422    1.0000    0.0000
 637  p  11/2+ [ 9 1 5]   0.53   75.1686    1.0000    0.0000
 638  p  11/2+ [ 0 3 6]   0.68   75.3016    1.0000    0.0000
 639  p  11/2+ [ 7 1 5]   0.40   82.2891    1.0000    0.0000
 640  p  11/2+ [ 8 0 6]   0.47   82.9269    1.0000    0.0000
 641  p  11/2+ [ 3 4 5]   0.41   86.2241    1.0000    0.0000
 642  p  11/2+ [ 6 1 6]   0.46   89.2286    1.0000    0.0000
 643  p  11/2+ [ 5 2 5]   0.36   94.4355    1.0000    0.0000
 644  p  11/2+ [ 4 2 6]   0.42   96.0878    1.0000    0.0000
 645  p  11/2+ [ 2 3 6]   0.57  102.1435    1.0000    0.0000
 646  p  11/2+ [ 1 4 5]   0.58  104.9038    1.0000    0.0000
 647  p  11/2+ [ 0 4 6]   0.63  109.9508    1.0000    0.0000
 648  p  11/2- [ 0 0 5]   0.97    3.4680    0.9781    0.0219
 649  p  11/2- [ 2 0 5]   0.92   21.0690    0.9997    0.0003
 650  p  11/2- [ 0 1 5]   0.54   22.8725    1.0000    0.0000
 651  p  11/2- [ 1 0 6]   0.56   27.3993    1.0000    0.0000
 652  p  11/2- [ 2 1 5]   0.37   28.1696    1.0000    0.0000
 653  p  11/2- [ 0 1 5]   0.72   31.9756    1.0000    0.0000
 654  p  11/2- [ 1 0 6]   0.69   32.5799    0.9999    0.0001
 655  p  11/2- [ 4 0 5]   0.45   33.5693    1.0000    0.0000
 656  p  11/2- [ 3 0 6]   0.36   34.6371    1.0000    0.0000
 657  p  11/2- [ 4 0 5]   0.66   39.8814    1.0000    0.0000
 658  p  11/2- [ 4 2 5]   0.48   42.7703    1.0000    0.0000
 659  p  11/2- [ 7 0 6]   0.45   43.0935    1.0000    0.0000
 660  p  11/2- [ 2 1 5]   0.69   43.9975    1.0000    0.0000
 661  p  11/2- [ 3 0 6]   0.60   46.1749    1.0000    0.0000
 662  p  11/2- [ 0 2 5]   0.71   46.4621    1.0000    0.0000
 663  p  11/2- [ 1 1 6]   0.64   48.4841    1.0000    0.0000
 664  p  11/2- [ 6 0 5]   0.56   53.1912    1.0000    0.0000
 665  p  11/2- [ 6 1 5]   0.58   54.4457    1.0000    0.0000
 666  p  11/2- [ 7 0 6]   0.51   54.6811    1.0000    0.0000
 667  p  11/2- [ 4 1 5]   0.64   58.1777    1.0000    0.0000
 668  p  11/2- [ 5 0 6]   0.64   59.5967    1.0000    0.0000
 669  p  11/2- [ 2 2 5]   0.66   61.0337    1.0000    0.0000
 670  p  11/2- [ 3 1 6]   0.68   63.4650    1.0000    0.0000
 671  p  11/2- [ 0 3 5]   0.55   66.0117    1.0000    0.0000
 672  p  11/2- [ 1 2 6]   0.57   66.8266    1.0000    0.0000
 673  p  11/2- [10 0 5]   0.71   67.9188    1.0000    0.0000
 674  p  11/2- [ 8 1 5]   0.71   70.9790    1.0000    0.0000
 675  p  11/2- [ 9 0 6]   0.60   71.1951    1.0000    0.0000
 676  p  11/2- [ 6 2 5]   0.46   76.6601    1.0000    0.0000
 677  p  11/2- [ 7 0 6]   0.50   78.2307    1.0000    0.0000
 678  p  11/2- [ 6 2 5]   0.38   81.6151    1.0000    0.0000
 679  p  11/2- [ 5 1 6]   0.51   84.2451    1.0000    0.0000
 680  p  11/2- [ 3 3 6]   0.42   89.8265    1.0000    0.0000
 681  p  11/2- [ 2 4 5]   0.49   91.2974    1.0000    0.0000
 682  p  11/2- [ 1 4 6]   0.63   96.7261    1.0000    0.0000
 683  p  11/2- [ 0 5 5]   0.62  100.4700    1.0000    0.0000
 684  p  13/2+ [ 0 0 6]   0.98   13.7556    0.9991    0.0009
 685  p  13/2+ [ 0 2 6]   0.49   24.9225    1.0000    0.0000
 686  p  13/2+ [ 2 0 6]   0.61   29.1535    1.0000    0.0000
 687  p  13/2+ [ 1 2 7]   0.47   30.2271    1.0000    0.0000
 688  p  13/2+ [ 2 0 6]   0.69   32.2035    0.9999    0.0001
 689  p  13/2+ [ 2 3 6]   0.38   36.5405    1.0000    0.0000
 690  p  13/2+ [ 3 1 7]   0.39   37.0455    1.0000    0.0000
 691  p  13/2+ [ 0 1 6]   0.78   37.2792    1.0000    0.0000
 692  p  13/2+ [ 1 0 7]   0.83   40.3443    1.0000    0.0000
 693  p  13/2+ [ 8 0 6]   0.45   45.2260    1.0000    0.0000
 694  p  13/2+ [ 7 0 7]   0.45   46.0022    1.0000    0.0000
 695  p  13/2+ [ 4 0 6]   0.67   47.0802    1.0000    0.0000
 696  p  13/2+ [ 2 1 6]   0.70   49.7080    1.0000    0.0000
 697  p  13/2+ [ 3 0 7]   0.60   51.6587    1.0000    0.0000
 698  p  13/2+ [ 0 2 6]   0.70   52.3422    1.0000    0.0000
 699  p  13/2+ [ 1 1 7]   0.60   54.0542    1.0000    0.0000
 700  p  13/2+ [ 8 0 6]   0.48   57.2206    1.0000    0.0000
 701  p  13/2+ [ 7 0 7]   0.53   57.9360    1.0000    0.0000
 702  p  13/2+ [ 6 0 6]   0.63   59.2518    1.0000    0.0000
 703  p  13/2+ [ 4 1 6]   0.66   65.0344    1.0000    0.0000
 704  p  13/2+ [ 5 0 7]   0.66   65.5493    1.0000    0.0000
 705  p  13/2+ [ 2 2 6]   0.67   67.1241    1.0000    0.0000
 706  p  13/2+ [ 3 1 7]   0.69   69.3431    1.0000    0.0000
 707  p  13/2+ [ 0 3 6]   0.64   72.2336    1.0000    0.0000
 708  p  13/2+ [10 0 6]   0.69   73.2917    1.0000    0.0000
 709  p  13/2+ [ 1 2 7]   0.65   73.5918    1.0000    0.0000
 710  p  13/2+ [ 9 0 7]   0.61   75.2538    1.0000    0.0000
 711  p  13/2+ [ 8 1 6]   0.62   76.2163    1.0000    0.0000
 712  p  13/2+ [ 6 1 6]   0.48   83.1806    1.0000    0.0000
 713  p  13/2+ [ 7 0 7]   0.51   84.1694    1.0000    0.0000
 714  p  13/2+ [ 4 2 6]   0.40   87.7040    1.0000    0.0000
 715  p  13/2+ [ 5 1 7]   0.50   90.6644    1.0000    0.0000
 716  p  13/2+ [ 2 3 6]   0.36   96.9214    1.0000    0.0000
 717  p  13/2+ [ 3 2 7]   0.45   98.3138    1.0000    0.0000
 718  p  13/2+ [ 1 3 7]   0.61  104.5304    1.0000    0.0000
 719  p  13/2+ [ 0 4 6]   0.62  107.5811    1.0000    0.0000
 720  p  13/2- [ 1 0 6]   0.95   22.4888    0.9998    0.0002
 721  p  13/2- [ 0 0 7]   0.54   28.0600    1.0000    0.0000
 722  p  13/2- [ 1 1 6]   0.47   28.8577    1.0000    0.0000
 723  p  13/2- [ 0 0 7]   0.75   33.8804    0.9999    0.0001
 724  p  13/2- [ 3 0 6]   0.50   34.0553    1.0000    0.0000
 725  p  13/2- [ 2 1 7]   0.42   35.1484    1.0000    0.0000
 726  p  13/2- [ 3 0 6]   0.68   41.2130    1.0000    0.0000
 727  p  13/2- [ 3 2 6]   0.48   43.3359    1.0000    0.0000
 728  p  13/2- [ 4 0 7]   0.49   43.6867    1.0000    0.0000
 729  p  13/2- [ 1 1 6]   0.74   45.1695    1.0000    0.0000
 730  p  13/2- [ 2 0 7]   0.61   47.8550    1.0000    0.0000
 731  p  13/2- [ 0 1 7]   0.59   49.2456    1.0000    0.0000
 732  p  13/2- [ 7 0 6]   0.60   54.1539    1.0000    0.0000
 733  p  13/2- [ 6 0 7]   0.57   55.2430    1.0000    0.0000
 734  p  13/2- [ 5 0 6]   0.50   55.4695    1.0000    0.0000
 735  p  13/2- [ 3 1 6]   0.64   59.2119    1.0000    0.0000
 736  p  13/2- [ 4 0 7]   0.68   61.2528    1.0000    0.0000
 737  p  13/2- [ 1 2 6]   0.69   62.4946    1.0000    0.0000
 738  p  13/2- [ 2 1 7]   0.68   64.6147    1.0000    0.0000
 739  p  13/2- [ 0 2 7]   0.72   68.2430    1.0000    0.0000
 740  p  13/2- [ 9 0 6]   0.76   69.0042    1.0000    0.0000
 741  p  13/2- [ 8 0 7]   0.67   71.8865    1.0000    0.0000
 742  p  13/2- [ 7 1 6]   0.72   71.9791    1.0000    0.0000
 743  p  13/2- [ 5 2 6]   0.57   77.3947    1.0000    0.0000
 744  p  13/2- [ 6 0 7]   0.53   79.6307    1.0000    0.0000
 745  p  13/2- [ 3 3 6]   0.44   83.4816    1.0000    0.0000
 746  p  13/2- [ 4 2 7]   0.54   85.8346    1.0000    0.0000
 747  p  13/2- [ 2 3 7]   0.49   92.3912    1.0000    0.0000
 748  p  13/2- [ 1 4 6]   0.54   93.6087    1.0000    0.0000
 749  p  13/2- [ 0 4 7]   0.65   99.0393    1.0000    0.0000
 750  p  15/2+ [ 1 0 7]   0.59   29.7791    1.0000    0.0000
 751  p  15/2+ [ 0 2 8]   0.53   30.8192    1.0000    0.0000
 752  p  15/2+ [ 1 0 7]   0.76   33.4806    0.9999    0.0001
 753  p  15/2+ [ 3 0 7]   0.39   37.0257    1.0000    0.0000
 754  p  15/2+ [ 2 1 8]   0.49   37.6435    1.0000    0.0000
 755  p  15/2+ [ 0 0 8]   0.85   41.3671    1.0000    0.0000
 756  p  15/2+ [ 5 0 7]   0.47   45.7888    1.0000    0.0000
 757  p  15/2+ [ 4 0 8]   0.48   46.5691    1.0000    0.0000
 758  p  15/2+ [ 3 0 7]   0.65   48.4653    1.0000    0.0000
 759  p  15/2+ [ 1 1 7]   0.64   50.5536    1.0000    0.0000
 760  p  15/2+ [ 2 0 8]   0.60   53.3180    1.0000    0.0000
 761  p  15/2+ [ 0 1 8]   0.56   54.7452    1.0000    0.0000
 762  p  15/2+ [ 7 0 7]   0.54   57.7670    1.0000    0.0000
 763  p  15/2+ [ 6 0 8]   0.59   58.5156    1.0000    0.0000
 764  p  15/2+ [ 5 0 7]   0.62   60.7320    1.0000    0.0000
 765  p  15/2+ [ 3 1 7]   0.64   66.0199    1.0000    0.0000
 766  p  15/2+ [ 4 0 8]   0.72   66.9966    1.0000    0.0000
 767  p  15/2+ [ 1 2 7]   0.70   68.4463    1.0000    0.0000
 768  p  15/2+ [ 2 1 8]   0.70   70.5216    1.0000    0.0000
 769  p  15/2+ [ 9 0 7]   0.73   74.1701    1.0000    0.0000
 770  p  15/2+ [ 0 2 8]   0.69   75.1260    1.0000    0.0000
 771  p  15/2+ [ 8 0 8]   0.69   75.9307    1.0000    0.0000
 772  p  15/2+ [ 7 1 7]   0.67   77.5044    1.0000    0.0000
 773  p  15/2+ [ 5 2 7]   0.57   83.9995    1.0000    0.0000
 774  p  15/2+ [ 6 0 8]   0.54   85.4765    1.0000    0.0000
 775  p  15/2+ [ 3 3 7]   0.48   89.3018    1.0000    0.0000
 776  p  15/2+ [ 4 1 8]   0.53   92.1240    1.0000    0.0000
 777  p  15/2+ [ 1 3 7]   0.43   99.4117    1.0000    0.0000
 778  p  15/2+ [ 2 2 8]   0.47  100.5438    1.0000    0.0000
 779  p  15/2+ [ 0 3 8]   0.63  106.9680    1.0000    0.0000
 780  p  15/2- [ 0 0 7]   0.97   23.6303    0.9998    0.0002
 781  p  15/2- [ 0 2 7]   0.54   29.5610    1.0000    0.0000
 782  p  15/2- [ 2 0 7]   0.54   34.6111    1.0000    0.0000
 783  p  15/2- [ 1 1 8]   0.54   35.6521    1.0000    0.0000
 784  p  15/2- [ 2 0 7]   0.65   42.5397    1.0000    0.0000
 785  p  15/2- [ 2 2 7]   0.45   43.9728    1.0000    0.0000
 786  p  15/2- [ 3 0 8]   0.53   44.3100    1.0000    0.0000
 787  p  15/2- [ 0 1 7]   0.76   46.1226    1.0000    0.0000
 788  p  15/2- [ 1 0 8]   0.81   49.7668    1.0000    0.0000
 789  p  15/2- [ 6 0 7]   0.63   54.9239    1.0000    0.0000
 790  p  15/2- [ 5 0 8]   0.65   55.8896    1.0000    0.0000
 791  p  15/2- [ 4 0 7]   0.57   56.7968    1.0000    0.0000
 792  p  15/2- [ 2 1 7]   0.61   60.1387    1.0000    0.0000
 793  p  15/2- [ 3 0 8]   0.70   62.9070    1.0000    0.0000
 794  p  15/2- [ 0 2 7]   0.72   63.9572    1.0000    0.0000
 795  p  15/2- [ 1 1 8]   0.69   65.6784    1.0000    0.0000
 796  p  15/2- [ 8 0 7]   0.80   70.1014    1.0000    0.0000
 797  p  15/2- [ 7 0 8]   0.75   72.6445    1.0000    0.0000
 798  p  15/2- [ 6 1 7]   0.79   73.1675    1.0000    0.0000
 799  p  15/2- [ 4 2 7]   0.64   78.1570    1.0000    0.0000
 800  p  15/2- [ 5 1 8]   0.57   81.0521    1.0000    0.0000
 801  p  15/2- [ 2 3 7]   0.55   85.3762    1.0000    0.0000
 802  p  15/2- [ 3 2 8]   0.60   87.4301    1.0000    0.0000
 803  p  15/2- [ 1 3 8]   0.55   94.9805    1.0000    0.0000
 804  p  15/2- [ 0 4 7]   0.59   95.9732    1.0000    0.0000
 805  p  17/2+ [ 0 0 8]   0.56   30.3898    1.0000    0.0000
 806  p  17/2+ [ 0 0 8]   0.80   34.6144    1.0000    0.0000
 807  p  17/2+ [ 2 1 8]   0.47   37.5445    1.0000    0.0000
 808  p  17/2+ [ 1 1 9]   0.55   38.2737    1.0000    0.0000
 809  p  17/2+ [ 4 0 8]   0.51   46.3754    1.0000    0.0000
 810  p  17/2+ [ 3 0 9]   0.52   47.1853    1.0000    0.0000
 811  p  17/2+ [ 0 1 8]   0.58   49.8823    1.0000    0.0000
 812  p  17/2+ [ 2 0 8]   0.64   51.3077    1.0000    0.0000
 813  p  17/2+ [ 1 0 9]   0.80   55.1668    1.0000    0.0000
 814  p  17/2+ [ 6 0 8]   0.60   58.3552    1.0000    0.0000
 815  p  17/2+ [ 5 0 9]   0.65   59.1493    1.0000    0.0000
 816  p  17/2+ [ 4 0 8]   0.57   62.2947    1.0000    0.0000
 817  p  17/2+ [ 2 1 8]   0.58   66.8656    1.0000    0.0000
 818  p  17/2+ [ 3 0 9]   0.75   68.4164    1.0000    0.0000
 819  p  17/2+ [ 0 2 8]   0.72   69.7960    1.0000    0.0000
 820  p  17/2+ [ 1 1 9]   0.71   71.6787    1.0000    0.0000
 821  p  17/2+ [ 8 0 8]   0.77   75.0297    1.0000    0.0000
 822  p  17/2+ [ 7 0 9]   0.76   76.6665    1.0000    0.0000
 823  p  17/2+ [ 6 1 8]   0.70   78.9986    1.0000    0.0000
 824  p  17/2+ [ 4 2 8]   0.64   84.8202    1.0000    0.0000
 825  p  17/2+ [ 5 0 9]   0.56   86.8163    1.0000    0.0000
 826  p  17/2+ [ 2 3 8]   0.58   90.9513    1.0000    0.0000
 827  p  17/2+ [ 3 2 9]   0.58   93.6217    1.0000    0.0000
 828  p  17/2+ [ 0 4 8]   0.45  101.9412    1.0000    0.0000
 829  p  17/2+ [ 1 3 9]   0.46  102.7812    1.0000    0.0000
 830  p  17/2- [ 1 0 8]   0.56   35.2087    1.0000    0.0000
 831  p  17/2- [ 0 1 9]   0.57   36.3084    1.0000    0.0000
 832  p  17/2- [ 3 0 8]   0.55   43.6916    1.0000    0.0000
 833  p  17/2- [ 1 0 8]   0.60   44.7410    1.0000    0.0000
 834  p  17/2- [ 2 1 9]   0.58   44.9751    1.0000    0.0000
 835  p  17/2- [ 0 0 9]   0.83   50.7919    1.0000    0.0000
 836  p  17/2- [ 5 0 8]   0.67   55.6355    1.0000    0.0000
 837  p  17/2- [ 4 0 9]   0.70   56.5778    1.0000    0.0000
 838  p  17/2- [ 3 0 8]   0.55   58.3152    1.0000    0.0000
 839  p  17/2- [ 1 1 8]   0.56   60.9878    1.0000    0.0000
 840  p  17/2- [ 2 0 9]   0.73   64.5200    1.0000    0.0000
 841  p  17/2- [ 0 1 9]   0.71   66.6148    1.0000    0.0000
 842  p  17/2- [ 7 0 8]   0.83   71.1745    1.0000    0.0000
 843  p  17/2- [ 6 0 9]   0.82   73.4564    1.0000    0.0000
 844  p  17/2- [ 5 1 8]   0.78   74.5496    1.0000    0.0000
 845  p  17/2- [ 3 2 8]   0.69   78.9682    1.0000    0.0000
 846  p  17/2- [ 4 1 9]   0.63   82.4918    1.0000    0.0000
 847  p  17/2- [ 1 3 8]   0.63   87.3408    1.0000    0.0000
 848  p  17/2- [ 2 2 9]   0.64   89.0305    1.0000    0.0000
 849  p  17/2- [ 0 3 9]   0.65   97.5419    1.0000    0.0000
 850  p  19/2+ [ 1 1 9]   0.53   38.1090    1.0000    0.0000
 851  p  19/2+ [ 0 110]   0.58   38.9297    1.0000    0.0000
 852  p  19/2+ [ 3 0 9]   0.54   46.9996    1.0000    0.0000
 853  p  19/2+ [ 2 110]   0.60   47.8487    1.0000    0.0000
 854  p  19/2+ [ 1 0 9]   0.86   52.0100    1.0000    0.0000
 855  p  19/2+ [ 0 010]   0.81   56.1391    1.0000    0.0000
 856  p  19/2+ [ 5 0 9]   0.65   58.9913    1.0000    0.0000
 857  p  19/2+ [ 4 010]   0.70   59.8337    1.0000    0.0000
 858  p  19/2+ [ 1 1 9]   0.57   63.8801    1.0000    0.0000
 859  p  19/2+ [ 3 0 9]   0.59   67.6559    1.0000    0.0000
 860  p  19/2+ [ 2 010]   0.76   69.7797    1.0000    0.0000
 861  p  19/2+ [ 0 110]   0.72   72.7318    1.0000    0.0000
 862  p  19/2+ [ 7 0 9]   0.82   75.8879    1.0000    0.0000
 863  p  19/2+ [ 6 010]   0.83   77.4559    1.0000    0.0000
 864  p  19/2+ [ 5 1 9]   0.70   80.6413    1.0000    0.0000
 865  p  19/2+ [ 3 2 9]   0.67   85.6649    1.0000    0.0000
 866  p  19/2+ [ 4 110]   0.62   88.1783    1.0000    0.0000
 867  p  19/2+ [ 1 3 9]   0.65   92.7143    1.0000    0.0000
 868  p  19/2+ [ 2 210]   0.63   95.1376    1.0000    0.0000
 869  p  19/2+ [ 0 310]   0.64  104.6134    1.0000    0.0000
 870  p  19/2- [ 0 0 9]   0.56   35.8509    1.0000    0.0000
 871  p  19/2- [ 2 0 9]   0.58   44.6251    1.0000    0.0000
 872  p  19/2- [ 0 0 9]   0.74   45.5500    1.0000    0.0000
 873  p  19/2- [ 1 110]   0.64   45.6844    1.0000    0.0000
 874  p  19/2- [ 4 0 9]   0.71   56.3550    1.0000    0.0000
 875  p  19/2- [ 3 010]   0.74   57.3130    1.0000    0.0000
 876  p  19/2- [ 0 1 9]   0.57   59.8676    1.0000    0.0000
 877  p  19/2- [ 2 0 9]   0.60   61.7564    1.0000    0.0000
 878  p  19/2- [ 1 010]   0.77   65.9694    1.0000    0.0000
 879  p  19/2- [ 6 0 9]   0.87   72.2148    1.0000    0.0000
 880  p  19/2- [ 5 010]   0.87   74.3180    1.0000    0.0000
 881  p  19/2- [ 4 1 9]   0.76   76.1021    1.0000    0.0000
 882  p  19/2- [ 2 2 9]   0.71   79.8117    1.0000    0.0000
 883  p  19/2- [ 3 110]   0.68   83.9443    1.0000    0.0000
 884  p  19/2- [ 0 3 9]   0.67   89.3441    1.0000    0.0000
 885  p  19/2- [ 1 210]   0.67   90.6565    1.0000    0.0000
 886  p  21/2+ [ 0 210]   0.56   38.7515    1.0000    0.0000
 887  p  21/2+ [ 2 110]   0.58   47.6656    1.0000    0.0000
 888  p  21/2+ [ 1 111]   0.65   48.5549    1.0000    0.0000
 889  p  21/2+ [ 0 010]   0.87   52.9913    1.0000    0.0000
 890  p  21/2+ [ 4 010]   0.69   59.6750    1.0000    0.0000
 891  p  21/2+ [ 3 011]   0.73   60.5655    1.0000    0.0000
 892  p  21/2+ [ 0 110]   0.68   65.4047    1.0000    0.0000
 893  p  21/2+ [ 2 010]   0.70   68.4076    1.0000    0.0000
 894  p  21/2+ [ 1 011]   0.77   71.0270    1.0000    0.0000
 895  p  21/2+ [ 6 010]   0.86   76.7596    1.0000    0.0000
 896  p  21/2+ [ 5 011]   0.88   78.2944    1.0000    0.0000
 897  p  21/2+ [ 4 110]   0.69   82.3787    1.0000    0.0000
 898  p  21/2+ [ 2 210]   0.67   86.5116    1.0000    0.0000
 899  p  21/2+ [ 3 111]   0.67   89.5543    1.0000    0.0000
 900  p  21/2+ [ 0 310]   0.69   94.5338    1.0000    0.0000
 901  p  21/2+ [ 1 211]   0.66   96.6672    1.0000    0.0000
 902  p  21/2- [ 1 110]   0.61   45.4465    1.0000    0.0000
 903  p  21/2- [ 0 111]   0.67   46.4252    1.0000    0.0000
 904  p  21/2- [ 3 010]   0.73   57.1042    1.0000    0.0000
 905  p  21/2- [ 2 011]   0.76   58.0925    1.0000    0.0000
 906  p  21/2- [ 1 010]   0.77   62.4736    1.0000    0.0000
 907  p  21/2- [ 0 011]   0.78   67.0279    1.0000    0.0000
 908  p  21/2- [ 5 010]   0.91   73.2322    1.0000    0.0000
 909  p  21/2- [ 4 011]   0.91   75.2249    1.0000    0.0000
 910  p  21/2- [ 3 110]   0.73   77.8047    1.0000    0.0000
 911  p  21/2- [ 1 210]   0.72   80.6660    1.0000    0.0000
 912  p  21/2- [ 2 111]   0.71   85.3706    1.0000    0.0000
 913  p  21/2- [ 0 211]   0.71   92.1720    1.0000    0.0000
 914  p  23/2+ [ 1 111]   0.63   48.3690    1.0000    0.0000
 915  p  23/2+ [ 0 112]   0.67   49.2990    1.0000    0.0000
 916  p  23/2+ [ 3 011]   0.73   60.4039    1.0000    0.0000
 917  p  23/2+ [ 2 012]   0.76   61.3411    1.0000    0.0000
 918  p  23/2+ [ 1 011]   0.79   69.1907    1.0000    0.0000
 919  p  23/2+ [ 0 012]   0.78   72.0797    1.0000    0.0000
 920  p  23/2+ [ 5 011]   0.90   77.6536    1.0000    0.0000
 921  p  23/2+ [ 4 012]   0.92   79.1778    1.0000    0.0000
 922  p  23/2+ [ 3 111]   0.66   84.1929    1.0000    0.0000
 923  p  23/2+ [ 1 211]   0.66   87.3170    1.0000    0.0000
 924  p  23/2+ [ 2 112]   0.71   90.9158    1.0000    0.0000
 925  p  23/2+ [ 0 212]   0.69   98.1202    1.0000    0.0000
 926  p  23/2- [ 0 111]   0.63   46.1740    1.0000    0.0000
 927  p  23/2- [ 2 011]   0.75   57.8886    1.0000    0.0000
 928  p  23/2- [ 1 012]   0.77   58.9095    1.0000    0.0000
 929  p  23/2- [ 0 011]   0.78   63.4905    1.0000    0.0000
 930  p  23/2- [ 4 011]   0.94   74.2422    1.0000    0.0000
 931  p  23/2- [ 3 012]   0.95   76.1721    1.0000    0.0000
 932  p  23/2- [ 2 111]   0.70   79.5795    1.0000    0.0000
 933  p  23/2- [ 0 211]   0.72   81.4595    1.0000    0.0000
 934  p  23/2- [ 1 112]   0.74   86.7245    1.0000    0.0000
 935  p  25/2+ [ 0 112]   0.65   49.1013    1.0000    0.0000
 936  p  25/2+ [ 2 012]   0.75   61.1747    1.0000    0.0000
 937  p  25/2+ [ 1 013]   0.77   62.1557    1.0000    0.0000
 938  p  25/2+ [ 0 012]   0.80   70.1898    1.0000    0.0000
 939  p  25/2+ [ 4 012]   0.93   78.5743    1.0000    0.0000
 940  p  25/2+ [ 3 013]   0.95   80.1016    1.0000    0.0000
 941  p  25/2+ [ 2 112]   0.62   86.0676    1.0000    0.0000
 942  p  25/2+ [ 0 212]   0.62   87.9965    1.0000    0.0000
 943  p  25/2+ [ 1 113]   0.73   92.2228    1.0000    0.0000
 944  p  25/2- [ 1 012]   0.76   58.7012    1.0000    0.0000
 945  p  25/2- [ 0 013]   0.77   59.7576    1.0000    0.0000
 946  p  25/2- [ 3 012]   0.96   75.2596    1.0000    0.0000
 947  p  25/2- [ 2 013]   0.97   77.1500    1.0000    0.0000
 948  p  25/2- [ 1 112]   0.75   81.3120    1.0000    0.0000
 949  p  25/2- [ 0 113]   0.75   87.9501    1.0000    0.0000
 950  p  27/2+ [ 1 013]   0.76   61.9812    1.0000    0.0000
 951  p  27/2+ [ 0 014]   0.77   63.0050    1.0000    0.0000
 952  p  27/2+ [ 3 013]   0.96   79.5227    1.0000    0.0000
 953  p  27/2+ [ 2 014]   0.97   81.0587    1.0000    0.0000
 954  p  27/2+ [ 1 113]   0.74   88.1701    1.0000    0.0000
 955  p  27/2+ [ 0 114]   0.75   93.4325    1.0000    0.0000
 956  p  27/2- [ 0 013]   0.76   59.5336    1.0000    0.0000
 957  p  27/2- [ 2 013]   0.97   76.2843    1.0000    0.0000
 958  p  27/2- [ 1 014]   0.98   78.1451    1.0000    0.0000
 959  p  27/2- [ 0 113]   0.76   82.3532    1.0000    0.0000
 960  p  29/2+ [ 0 014]   0.76   62.8183    1.0000    0.0000
 961  p  29/2+ [ 2 014]   0.97   80.4930    1.0000    0.0000
 962  p  29/2+ [ 1 015]   0.98   82.0406    1.0000    0.0000
 963  p  29/2+ [ 0 114]   0.75   89.2527    1.0000    0.0000
 964  p  29/2- [ 1 014]   0.98   77.2895    1.0000    0.0000
 965  p  29/2- [ 0 015]   0.98   79.1495    1.0000    0.0000
 966  p  31/2+ [ 1 015]   0.98   81.4688    1.0000    0.0000
 967  p  31/2+ [ 0 016]   0.98   83.0414    1.0000    0.0000
 968  p  31/2- [ 0 015]   0.98   78.2510    1.0000    0.0000
 969  p  33/2+ [ 0 016]   0.98   82.4384    1.0000    0.0000
  ****** END RESU ***********************************
