{
  "restart": 9,
  "seed": 67,
  "iters": 30000,
  "lr": 0.05,
  "best_iter": 29819,
  "best_cost": 0.0031997114419937134,
  "best_alphaD_mean": 0.00024849846119227555,
  "n": 7
}