tier,restart_idx,param_seed,final_train_cost,final_test_cost
6,0,201001209,8.254050e-02,1.188909e-01
6,1,201001210,4.181918e-01,4.436533e-01
6,2,201001211,7.266793e-01,9.787655e-01
6,3,201001212,1.617393e-01,4.990627e-01
6,4,201001213,1.324835e-02,1.115681e-01
6,5,201001214,1.014993e-01,4.983749e-01
6,6,201001215,6.063750e-02,3.023729e-01
6,7,201001216,3.589723e-02,5.565491e-02
6,8,201001217,9.240912e-03,1.371693e-01
6,9,201001218,1.750958e-01,4.479776e-01
