tier,restart_idx,param_seed,final_train_cost,final_test_cost
9,0,201001512,3.701106e-01,6.436250e-02
9,1,201001513,1.206712e-01,1.231235e-01
9,2,201001514,6.212500e-02,8.569455e-02
9,3,201001515,5.594527e-02,2.235338e-02
9,4,201001516,3.631716e-01,2.191547e-01
9,5,201001517,1.829678e-02,4.403368e-02
9,6,201001518,8.480573e-02,4.312764e-01
9,7,201001519,5.909393e-02,6.279138e-02
9,8,201001520,6.431834e-02,3.389695e-01
9,9,201001521,6.044959e-02,1.304692e-01
