{
  "restart": 6,
  "seed": 64,
  "iters": 30000,
  "lr": 0.05,
  "best_iter": 29944,
  "best_cost": 0.0012630433775484562,
  "best_alphaD_mean": 0.0001571565596446558,
  "n": 11
}