tier,restart_idx,param_seed,final_train_cost,final_test_cost
1,0,144000533,2.582775e-03,9.385941e+01
1,1,144000534,8.214349e-03,4.352056e+01
1,2,144000535,2.031301e-03,5.065462e+01
1,3,144000536,1.539271e-06,3.241374e+01
1,4,144000537,4.777788e-04,1.818850e+01
1,5,144000538,1.513477e-03,1.777653e+01
1,6,144000539,3.145958e-04,4.283065e+01
1,7,144000540,1.415996e-03,7.081645e+01
1,8,144000541,5.899636e-04,1.090822e+01
1,9,144000542,3.788296e-05,1.197719e+01
