tier,restart_idx,param_seed,final_train_cost,final_test_cost
7,0,144001139,3.160374e-02,2.744148e-01
7,1,144001140,8.344336e-02,5.946143e-01
7,2,144001141,7.810038e-02,2.878878e-01
7,3,144001142,3.539770e-02,2.474875e-01
7,4,144001143,3.344775e-01,3.514795e-01
7,5,144001144,7.161322e-02,2.601587e-01
7,6,144001145,1.195121e-01,7.557413e-01
7,7,144001146,1.813776e-01,9.417832e-01
7,8,144001147,1.023868e-02,6.288688e-02
7,9,144001148,7.689757e-02,1.018430e-01
