tier,restart_idx,param_seed,final_train_cost,final_test_cost
5,0,144000937,1.287835e-01,6.040291e-01
5,1,144000938,1.007328e-01,2.437853e-01
5,2,144000939,2.016412e-01,6.550840e-01
5,3,144000940,3.580663e-01,6.823439e-01
5,4,144000941,7.465828e-02,1.992187e-01
5,5,144000942,5.115609e-02,2.529480e+00
5,6,144000943,1.747247e-02,2.371201e-01
5,7,144000944,7.775644e-02,1.497541e+00
5,8,144000945,2.089989e-01,7.469949e-01
5,9,144000946,2.352399e-02,1.445378e-01
