{
  "restart": 1,
  "seed": 59,
  "iters": 30000,
  "lr": 0.05,
  "best_iter": 29583,
  "best_cost": 0.0021493202075362206,
  "best_alphaD_mean": 0.00021515615354445727,
  "n": 11
}