{
  "restart": 11,
  "seed": 69,
  "iters": 30000,
  "lr": 0.05,
  "best_iter": 29720,
  "best_cost": 0.000529525161255151,
  "best_alphaD_mean": 9.68215927815732e-05,
  "n": 12
}