{
  "restart": 9,
  "seed": 67,
  "iters": 30000,
  "lr": 0.05,
  "best_iter": 29939,
  "best_cost": 0.0004943956737406552,
  "best_alphaD_mean": 9.106546446253897e-05,
  "n": 16
}