{
  "restart": 12,
  "seed": 70,
  "iters": 30000,
  "lr": 0.05,
  "best_iter": 29861,
  "best_cost": 0.0012253118911758065,
  "best_alphaD_mean": 0.00015636598057337494,
  "n": 11
}