{
  "restart": 9,
  "seed": 67,
  "iters": 30000,
  "lr": 0.05,
  "best_iter": 29974,
  "best_cost": 0.0015231643337756395,
  "best_alphaD_mean": 0.00017150338556963995,
  "n": 8
}