{
  "restart": 16,
  "seed": 74,
  "iters": 30000,
  "lr": 0.05,
  "best_iter": 29576,
  "best_cost": 0.001592188491486013,
  "best_alphaD_mean": 0.00017031216410369913,
  "n": 13
}