{
  "restart": 2,
  "seed": 60,
  "iters": 30000,
  "lr": 0.05,
  "best_iter": 29795,
  "best_cost": 0.0011027657892554998,
  "best_alphaD_mean": 0.00015593371709770302,
  "n": 6
}