{
  "restart": 24,
  "seed": 82,
  "iters": 30000,
  "lr": 0.05,
  "best_iter": 29914,
  "best_cost": 0.006095760501921177,
  "best_alphaD_mean": 0.0003685121746043575,
  "n": 7
}