alpha,beta,alphaD_true,alphaD_pred,rel_abs,rel_signed
1.1000,2.7500,15.444870383584,15.44581413269043,6.110437206599806e-05,6.110437206599806e-05
0.2000,1.0000,19.051282316218,19.051143646240234,7.278773967220329e-06,-7.278773967220329e-06
0.2000,4.5000,19.397942314212997,19.392438888549805,0.00028371182747357953,-0.00028371182747357953
2.0000,1.0000,22.752251621592002,22.750043869018555,9.70344654307595e-05,-9.70344654307595e-05
2.0000,4.5000,14.760426956088999,14.761564254760742,7.705052673114197e-05,7.705052673114197e-05
0.9710,3.0000,14.719193685948,14.713051795959473,0.00041727081792461906,-0.00041727081792461906
0.9710,4.5000,12.942255714327999,12.941924095153809,2.5622981148724433e-05,-2.5622981148724433e-05
2.0000,1.7500,20.284194079789,20.28181266784668,0.00011740234455223939,-0.00011740234455223939
0.8430,3.2500,14.178209154286002,14.176006317138672,0.00015536779880720374,-0.00015536779880720374
1.2290,2.2500,16.923315700127,16.920066833496094,0.00019197577404293084,-0.00019197577404293084
1.4860,3.5000,14.922997611565,14.92750358581543,0.00030194833288302016,0.00030194833288302016
1.7430,3.5000,15.605776389267,15.6053466796875,2.753529006061653e-05,-2.753529006061653e-05
0.3290,3.5000,14.769042413523,14.767504692077637,0.00010411788403795325,-0.00010411788403795325
1.1000,2.5000,15.998590537005999,15.994881629943848,0.0002318271133680174,-0.0002318271133680174
2.0000,2.2500,18.946667234825,18.945022583007812,8.680428049976468e-05,-8.680428049976468e-05
0.7140,2.7500,14.828909391364999,14.831162452697754,0.00015193708945765119,0.00015193708945765119
1.2290,1.0000,21.249588450164,21.24574851989746,0.00018070610052264686,-0.00018070610052264686
1.3570,2.7500,16.059834443779,16.059598922729492,1.4665222753821301e-05,-1.4665222753821301e-05
1.4860,3.2500,15.380686626014,15.379730224609375,6.218197066754038e-05,-6.218197066754038e-05
1.7430,4.2500,14.411217804997,14.40712833404541,0.0002837699774526348,-0.0002837699774526348
1.8710,3.5000,15.963055059992001,15.959816932678223,0.0002028513528023955,-0.0002028513528023955
0.3290,1.0000,19.294488252165003,19.293659210205078,4.2967812832857504e-05,-4.2967812832857504e-05
