{
  "restart": 13,
  "seed": 71,
  "iters": 30000,
  "lr": 0.05,
  "best_iter": 29984,
  "best_cost": 0.001028238795697689,
  "best_alphaD_mean": 0.000142155429127546,
  "n": 15
}