{
  "restart": 14,
  "seed": 72,
  "iters": 30000,
  "lr": 0.05,
  "best_iter": 29890,
  "best_cost": 0.0006031601806171238,
  "best_alphaD_mean": 0.00010699582739099268,
  "n": 14
}