{
  "restart": 28,
  "seed": 86,
  "iters": 30000,
  "lr": 0.05,
  "best_iter": 29059,
  "best_cost": 0.0017432544846087694,
  "best_alphaD_mean": 0.00018028587001974722,
  "n": 15
}