{
  "restart": 12,
  "seed": 70,
  "iters": 30000,
  "lr": 0.05,
  "best_iter": 29316,
  "best_cost": 0.0013154298067092896,
  "best_alphaD_mean": 0.0001604524585094016,
  "n": 7
}