2.583677673339843750e+01
7.179465770721435547e+00
1.965371966361999512e+00
8.702929615974426270e-01
5.954857468605041504e-01
4.869661331176757812e-01
4.230747222900390625e-01
3.776067793369293213e-01
3.349061608314514160e-01
2.960997819900512695e-01
2.782003283500671387e-01
2.718198597431182861e-01
2.661299705505371094e-01
2.587667107582092285e-01
2.496199458837509155e-01
2.386933118104934692e-01
2.260070592164993286e-01
2.117875218391418457e-01
1.967574357986450195e-01
1.820469051599502563e-01
1.683252006769180298e-01
1.556330621242523193e-01
1.438845396041870117e-01
1.330452859401702881e-01
1.231118515133857727e-01
1.140793114900588989e-01
1.059219390153884888e-01
9.859418869018554688e-02
9.204054623842239380e-02
8.620122820138931274e-02
8.101438730955123901e-02
7.641789317131042480e-02
7.235112786293029785e-02
6.875645369291305542e-02
6.558029353618621826e-02
6.277363002300262451e-02
6.029216945171356201e-02
5.809632316231727600e-02
5.615097656846046448e-02
5.442517250776290894e-02
5.289160832762718201e-02
5.152648314833641052e-02
5.030893161892890930e-02
4.922069981694221497e-02
4.824579134583473206e-02
4.737020656466484070e-02
4.658159241080284119e-02
4.586914181709289551e-02
4.522335156798362732e-02
4.463593661785125732e-02
4.409966617822647095e-02
4.360827803611755371e-02
4.315638914704322815e-02
4.273935779929161072e-02
4.235322400927543640e-02
4.199456050992012024e-02
4.166049882769584656e-02
4.134852066636085510e-02
4.105648398399353027e-02
4.078257083892822266e-02
4.052517935633659363e-02
4.028291627764701843e-02
4.005459696054458618e-02
3.983914479613304138e-02
3.963562846183776855e-02
3.944319114089012146e-02
3.926108032464981079e-02
3.908861055970191956e-02
3.892515599727630615e-02
3.877013549208641052e-02
3.862301260232925415e-02
3.848329186439514160e-02
3.835052251815795898e-02
3.822426497936248779e-02
3.810412809252738953e-02
3.798971325159072876e-02
3.788068145513534546e-02
3.777669370174407959e-02
3.767743706703186035e-02
3.758262097835540771e-02
3.749196231365203857e-02
3.740520775318145752e-02
3.732211887836456299e-02
3.724246099591255188e-02
3.716602921485900879e-02
3.709262236952781677e-02
3.702205047011375427e-02
3.695415332913398743e-02
3.688875585794448853e-02
3.682572022080421448e-02
3.676490485668182373e-02
3.670617565512657166e-02
3.664942085742950439e-02
3.659451380372047424e-02
3.654135763645172119e-02
3.648985922336578369e-02
3.643992543220520020e-02
3.639147803187370300e-02
3.634441643953323364e-02
3.629869595170021057e-02
3.625423088669776917e-02
3.621096536517143250e-02
3.616883978247642517e-02
3.612779080867767334e-02
3.608777374029159546e-02
3.604874387383460999e-02
3.601064532995223999e-02
3.597344458103179932e-02
3.593710064888000488e-02
3.590156883001327515e-02
3.586681932210922241e-02
3.583282604813575745e-02
3.579954430460929871e-02
3.576695546507835388e-02
3.573502600193023682e-02
3.570373356342315674e-02
3.567304462194442749e-02
3.564294800162315369e-02
3.561341390013694763e-02
3.558443114161491394e-02
3.555595874786376953e-02
3.552799671888351440e-02
3.550052270293235779e-02
3.547351434826850891e-02
3.544696420431137085e-02
3.542085364460945129e-02
3.539516404271125793e-02
3.536988049745559692e-02
3.534499183297157288e-02
3.532048314809799194e-02
3.529635444283485413e-02
3.527258336544036865e-02
3.524914756417274475e-02
3.522605821490287781e-02
3.520328924059867859e-02
3.518083691596984863e-02
3.515869006514549255e-02
3.513684123754501343e-02
3.511527925729751587e-02
3.509399667382240295e-02
3.507298603653907776e-02
3.505224362015724182e-02
3.503175079822540283e-02
3.501151129603385925e-02
3.499151021242141724e-02
3.497175127267837524e-02
3.495221957564353943e-02
3.493291512131690979e-02
3.491382673382759094e-02
3.489495441317558289e-02
3.487629070878028870e-02
3.485782071948051453e-02
3.483955934643745422e-02
3.482149168848991394e-02
3.480361402034759521e-02
3.478592261672019958e-02
3.476841002702713013e-02
3.475107997655868530e-02
3.473392874002456665e-02
3.471694886684417725e-02
3.470013290643692017e-02
3.468348085880279541e-02
3.466699644923210144e-02
3.465066850185394287e-02
3.463449329137802124e-02
3.461847826838493347e-02
3.460260480642318726e-02
3.458688408136367798e-02
3.457131236791610718e-02
3.455587476491928101e-02
3.454058244824409485e-02
3.452541679143905640e-02
3.451039642095565796e-02
3.449550271034240723e-02
3.448073565959930420e-02
3.446610271930694580e-02
3.445158898830413818e-02
3.443719819188117981e-02
3.442293033003807068e-02
3.440877795219421387e-02
3.439473733305931091e-02
3.438081592321395874e-02
3.436700254678726196e-02
3.435330092906951904e-02
3.433971107006072998e-02
3.432622179388999939e-02
3.431283682584762573e-02
3.429955616593360901e-02
3.428637608885765076e-02
3.427329286932945251e-02
3.426031023263931274e-02
3.424741700291633606e-02
3.423462435603141785e-02
3.422192484140396118e-02
3.420931100845336914e-02
3.419679403305053711e-02
3.418436273932456970e-02
3.417202085256576538e-02
3.415976464748382568e-02
3.414759784936904907e-02
3.413550555706024170e-02
3.412349894642829895e-02
3.411157801747322083e-02
3.409972786903381348e-02
3.408796712756156921e-02
3.407627716660499573e-02
3.406466916203498840e-02
3.405313193798065186e-02
3.404167294502258301e-02
3.403028100728988647e-02
3.401896357536315918e-02
3.400771692395210266e-02
3.399654105305671692e-02
3.398543223738670349e-02
3.397438675165176392e-02
3.396340459585189819e-02
3.395248949527740479e-02
3.394163399934768677e-02
3.393083438277244568e-02
3.392009809613227844e-02
3.390941768884658813e-02
3.389878571033477783e-02
3.388820588588714600e-02
3.387767449021339417e-02
3.386719152331352234e-02
3.385675325989723206e-02
3.384634852409362793e-02
3.383598849177360535e-02
3.382566198706626892e-02
3.381536528468132019e-02
3.380509465932846069e-02
3.379485383629798889e-02
3.378463163971900940e-02
3.377442061901092529e-02
3.376423195004463196e-02
3.375404700636863708e-02
3.374385833740234375e-02
3.373367339372634888e-02
3.372347727417945862e-02
3.371327370405197144e-02
3.370304405689239502e-02
3.369279205799102783e-02
3.368251025676727295e-02
3.367217630147933960e-02
3.366180136799812317e-02
3.365136682987213135e-02
3.364086523652076721e-02
3.363028541207313538e-02
3.361961618065834045e-02
3.360884264111518860e-02
3.359796106815338135e-02
3.358694538474082947e-02
3.357578441500663757e-02
3.356446325778961182e-02
3.355294838547706604e-02
3.354123607277870178e-02
3.352928906679153442e-02
3.351708501577377319e-02
3.350459039211273193e-02
3.349176049232482910e-02
3.347856923937797546e-02
3.346495702862739563e-02
3.345087543129920959e-02
3.343626111745834351e-02
3.342103958129882812e-02
3.340512141585350037e-02
3.338841348886489868e-02
3.337078168988227844e-02
3.335209190845489502e-02
3.333216160535812378e-02
3.331078588962554932e-02
3.328769281506538391e-02
3.326256573200225830e-02
3.323500975966453552e-02
3.320450335741043091e-02
3.317040577530860901e-02
3.313189744949340820e-02
3.308792039752006531e-02
3.303711488842964172e-02
3.297773376107215881e-02
3.290765359997749329e-02
3.282438218593597412e-02
3.272552043199539185e-02
3.260996937751770020e-02
3.248059004545211792e-02
3.234812617301940918e-02
3.223257139325141907e-02
3.215449675917625427e-02
3.211904317140579224e-02
3.211229667067527771e-02
3.211437538266181946e-02
3.211046755313873291e-02
3.209238871932029724e-02
3.205617517232894897e-02
3.200010210275650024e-02
3.192461654543876648e-02
3.183355554938316345e-02
3.173657506704330444e-02
3.164979070425033569e-02
3.159036859869956970e-02
3.156498819589614868e-02
3.156312555074691772e-02
3.156401589512825012e-02
3.154956549406051636e-02
3.151263669133186340e-02
3.145920112729072571e-02
3.140541166067123413e-02
3.136863932013511658e-02
3.135569766163825989e-02
3.135867789387702942e-02
3.136225417256355286e-02
3.135428950190544128e-02
3.133184090256690979e-02
3.130137920379638672e-02
3.127434104681015015e-02
3.125916793942451477e-02
3.125495463609695435e-02
3.125271201133728027e-02
3.124320507049560547e-02
3.122381679713726044e-02
3.119944036006927490e-02
3.117769397795200348e-02
3.116270527243614197e-02
3.115251846611499786e-02
3.114174865186214447e-02
3.112631104886531830e-02
3.110617399215698242e-02
3.108469024300575256e-02
3.106551803648471832e-02
3.104983828961849213e-02
3.103574924170970917e-02
3.102032840251922607e-02
3.100204281508922577e-02
3.098166733980178833e-02
3.096122294664382935e-02
3.094214759767055511e-02
3.092424944043159485e-02
3.090613894164562225e-02
3.088654763996601105e-02
3.086527995765209198e-02
3.084321692585945129e-02
3.082147054374217987e-02
3.080054372549057007e-02
3.078007511794567108e-02
3.075939230620861053e-02
3.073819354176521301e-02
3.071682900190353394e-02
3.069599159061908722e-02
3.067619539797306061e-02
3.065741620957851410e-02
3.063928894698619843e-02
3.062145411968231201e-02
3.060389682650566101e-02
3.058683313429355621e-02
3.057045489549636841e-02
3.055465966463088989e-02
3.053908981382846832e-02
3.052335418760776520e-02
3.050726838409900665e-02
3.049084171652793884e-02
3.047415986657142639e-02
3.045721724629402161e-02
3.043989092111587524e-02
3.042208030819892883e-02
3.040382638573646545e-02
3.038529865443706512e-02
3.036671318113803864e-02
3.034820035099983215e-02
3.032980673015117645e-02
3.031153231859207153e-02
3.029343113303184509e-02
3.027559444308280945e-02
3.025810420513153076e-02
3.024096786975860596e-02
3.022414259612560272e-02
3.020758181810379028e-02
3.019128739833831787e-02
3.017529100179672241e-02
3.015961498022079468e-02
3.014425933361053467e-02
3.012918867170810699e-02
3.011437691748142242e-02
3.009978681802749634e-02
3.008541092276573181e-02
3.007120825350284576e-02
3.005713224411010742e-02
3.004313632845878601e-02
3.002922795712947845e-02
3.001541644334793091e-02
3.000174462795257568e-02
2.998823672533035278e-02
2.997489646077156067e-02
2.996171079576015472e-02
2.994867973029613495e-02
2.993579395115375519e-02
2.992306463420391083e-02
2.991047129034996033e-02
2.989801019430160522e-02
2.988567389547824860e-02
2.987347170710563660e-02
2.986140176653862000e-02
2.984944544732570648e-02
2.983758598566055298e-02
2.982581220567226410e-02
2.981410734355449677e-02
2.980246394872665405e-02
2.979087084531784058e-02
2.977932989597320557e-02
2.976782806217670441e-02
2.975636720657348633e-02
2.974493987858295441e-02
2.973354980349540710e-02
2.972219511866569519e-02
2.971086278557777405e-02
2.969955466687679291e-02
2.968826703727245331e-02
2.967699244618415833e-02
2.966573089361190796e-02
2.965447492897510529e-02
2.964321896433830261e-02
2.963196299970149994e-02
2.962069958448410034e-02
2.960942499339580536e-02
2.959814108908176422e-02
2.958683669567108154e-02
2.957551553845405579e-02
2.956417575478553772e-02
2.955280989408493042e-02
2.954142168164253235e-02
2.953000552952289581e-02
2.951856702566146851e-02
2.950710058212280273e-02
2.949560433626174927e-02
2.948408201336860657e-02
2.947252802550792694e-02
2.946094051003456116e-02
2.944931946694850922e-02
2.943765930831432343e-02
2.942596189677715302e-02
2.941421978175640106e-02
2.940243482589721680e-02
2.939060702919960022e-02
2.937872894108295441e-02
2.936680242419242859e-02
2.935482747852802277e-02
2.934280410408973694e-02
2.933072112500667572e-02
2.931857854127883911e-02
2.930638007819652557e-02
2.929412387311458588e-02
2.928180061280727386e-02
2.926940843462944031e-02
2.925694920122623444e-02
2.924442104995250702e-02
2.923180535435676575e-02
2.921911701560020447e-02
2.920634113252162933e-02
2.919347956776618958e-02
2.918052487075328827e-02
2.916747517883777618e-02
2.915432490408420563e-02
2.914106287062168121e-02
2.912769280374050140e-02
2.911420539021492004e-02
2.910059131681919098e-02
2.908684685826301575e-02
2.907296642661094666e-02
2.905893512070178986e-02
2.904475294053554535e-02
2.903040125966072083e-02
2.901587635278701782e-02
2.900116518139839172e-02
2.898625284433364868e-02
2.897112630307674408e-02
2.895577251911163330e-02
2.894017659127712250e-02
2.892431803047657013e-02
2.890817075967788696e-02
2.889172546565532684e-02
2.887494117021560669e-02
2.885779924690723419e-02
2.884025871753692627e-02
2.882228605449199677e-02
2.880383655428886414e-02
2.878487296402454376e-02
2.876534685492515564e-02
2.874520048499107361e-02
2.872439660131931305e-02
2.870292216539382935e-02
2.868076972663402557e-02
2.865801006555557251e-02
2.863475121557712555e-02
2.861117757856845856e-02
2.858744934201240540e-02
2.856362797319889069e-02
2.853962220251560211e-02
2.851522155106067657e-02
2.849017456173896790e-02
2.846428193151950836e-02
2.843739837408065796e-02
2.840939350426197052e-02
2.838019840419292450e-02
2.834980934858322144e-02
2.831832878291606903e-02
2.828598022460937500e-02
2.825301326811313629e-02
2.821953780949115753e-02
2.818543463945388794e-02
2.815058641135692596e-02
2.811512537300586700e-02
2.807937189936637878e-02
2.804349362850189209e-02
2.800741605460643768e-02
2.797097153961658478e-02
2.793420292437076569e-02
2.789727039635181427e-02
2.786018885672092438e-02
2.782286144793033600e-02
2.778526581823825836e-02
2.774750255048274994e-02
2.770967967808246613e-02
2.767178975045681000e-02
2.763376757502555847e-02
2.759566158056259155e-02
2.755760215222835541e-02
2.751962468028068542e-02
2.748169004917144775e-02
2.744383737444877625e-02
2.740616723895072937e-02
2.736871689558029175e-02
2.733150497078895569e-02
2.729452587664127350e-02
2.725787647068500519e-02
2.722159773111343384e-02
2.718570269644260406e-02
2.715019881725311279e-02
2.711513265967369080e-02
2.708054147660732269e-02
2.704642526805400848e-02
2.701278030872344971e-02
2.697962336242198944e-02
2.694697864353656769e-02
2.691483683884143829e-02
2.688317745923995972e-02
2.685200981795787811e-02
2.682132646441459656e-02
2.679111808538436890e-02
2.676135860383510590e-02
2.673204429447650909e-02
2.670316398143768311e-02
2.667469903826713562e-02
2.664664201438426971e-02
2.661897614598274231e-02
2.659169584512710571e-02
2.656479179859161377e-02
2.653825096786022186e-02
2.651206031441688538e-02
2.648622542619705200e-02
2.646073885262012482e-02
2.643558010458946228e-02
2.641076035797595978e-02
2.638627588748931885e-02
2.636211551725864410e-02
2.633828110992908478e-02
2.631476335227489471e-02
2.629156783223152161e-02
2.626869268715381622e-02
2.624612487852573395e-02
2.622387185692787170e-02
2.620192989706993103e-02
2.618029527366161346e-02
2.615896984934806824e-02
2.613794803619384766e-02
2.611723169684410095e-02
2.609681896865367889e-02
2.607671171426773071e-02
2.605690248310565948e-02
2.603738941252231598e-02
2.601817809045314789e-02
2.599926292896270752e-02
2.598063647747039795e-02
2.596230059862136841e-02
2.594424970448017120e-02
2.592647820711135864e-02
2.590898796916007996e-02
2.589176595211029053e-02
2.587481215596199036e-02
2.585812844336032867e-02
2.584169805049896240e-02
2.582551166415214539e-02
2.580957487225532532e-02
2.579387463629245758e-02
2.577840536832809448e-02
2.576316148042678833e-02
2.574813552200794220e-02
2.573331817984580994e-02
2.571870572865009308e-02
2.570428885519504547e-02
2.569006383419036865e-02
2.567602135241031647e-02
2.566215582191944122e-02
2.564846351742744446e-02
2.563493326306343079e-02
2.562156133353710175e-02
2.560834586620330811e-02
2.559527568519115448e-02
2.558234706521034241e-02
2.556955814361572266e-02
2.555689774453639984e-02
2.554437145590782166e-02
2.553196437656879425e-02
2.551967464387416840e-02
2.550750225782394409e-02
2.549543790519237518e-02
2.548348344862461090e-02
2.547163516283035278e-02
2.545988559722900391e-02
2.544823475182056427e-02
2.543667703866958618e-02
2.542521432042121887e-02
2.541383728384971619e-02
2.540254592895507812e-02
2.539133466780185699e-02
2.538020908832550049e-02
2.536915615200996399e-02
2.535818330943584442e-02
2.534727379679679871e-02
2.533644251525402069e-02
2.532567083835601807e-02
2.531496435403823853e-02
2.530431933701038361e-02
2.529373392462730408e-02
2.528320811688899994e-02
2.527273446321487427e-02
2.526231296360492706e-02
2.525193616747856140e-02
2.524160780012607574e-02
2.523132041096687317e-02
2.522108145058155060e-02
2.521087415516376495e-02
2.520070038735866547e-02
2.519056573510169983e-02
2.518045902252197266e-02
2.517037838697433472e-02
2.516032196581363678e-02
2.515028789639472961e-02
2.514026872813701630e-02
2.513027191162109375e-02
2.512028440833091736e-02
2.511029876768589020e-02
2.510032802820205688e-02
2.509035915136337280e-02
2.508038841187953949e-02
2.507041022181510925e-02
2.506043203175067902e-02
2.505043521523475647e-02
2.504042349755764008e-02
2.503039687871932983e-02
2.502034232020378113e-02
2.501026168465614319e-02
2.500015310943126678e-02
2.498999983072280884e-02
2.497981302440166473e-02
2.496957592666149139e-02
2.495929040014743805e-02
2.494894713163375854e-02
2.493854239583015442e-02
2.492806874215602875e-02
2.491752617061138153e-02
2.490690723061561584e-02
2.489619888365268707e-02
2.488540485501289368e-02
2.487451024353504181e-02
2.486351691186428070e-02
2.485240995883941650e-02
2.484119497239589691e-02
2.482985891401767731e-02
2.481839805841445923e-02
2.480680868029594421e-02
2.479508332908153534e-02
2.478322014212608337e-02
2.477121539413928986e-02
2.475907653570175171e-02
2.474679797887802124e-02
2.473437041044235229e-02
2.472181059420108795e-02
2.470912970602512360e-02
2.469632215797901154e-02
2.468341030180454254e-02
2.467040717601776123e-02
2.465733140707015991e-02
2.464418858289718628e-02
2.463102526962757111e-02
2.461785636842250824e-02
2.460470609366893768e-02
2.459160983562469482e-02
2.457859553396701813e-02
2.456569671630859375e-02
2.455293387174606323e-02
2.454034611582756042e-02
2.452794276177883148e-02
2.451574988663196564e-02
2.450378239154815674e-02
2.449204958975315094e-02
2.448055334389209747e-02
2.446930110454559326e-02
2.445828728377819061e-02
2.444750256836414337e-02
2.443694882094860077e-02
2.442661300301551819e-02
2.441648766398429871e-02
2.440656907856464386e-02
2.439685165882110596e-02
2.438732609152793884e-02
2.437799237668514252e-02
2.436885610222816467e-02
2.435991354286670685e-02
2.435115724802017212e-02
2.434259653091430664e-02
2.433422952890396118e-02
2.432604879140853882e-02
2.431805618107318878e-02
2.431024238467216492e-02
2.430260926485061646e-02
2.429513633251190186e-02
2.428782917559146881e-02
2.428066544234752655e-02
2.427364327013492584e-02
2.426675707101821899e-02
2.425998635590076447e-02
2.425333485007286072e-02
2.424678951501846313e-02
2.424034848809242249e-02
2.423399686813354492e-02
2.422774396836757660e-02
2.422157116234302521e-02
2.421548217535018921e-02
2.420947514474391937e-02
2.420354448258876801e-02
2.419768832623958588e-02
2.419190108776092529e-02
2.418618462979793549e-02
2.418053708970546722e-02
2.417495287954807281e-02
2.416942641139030457e-02
2.416395954787731171e-02
2.415854670107364655e-02
2.415318787097930908e-02
2.414787933230400085e-02
2.414262108504772186e-02
2.413740940392017365e-02
2.413224242627620697e-02
2.412712015211582184e-02
2.412204071879386902e-02
2.411700412631034851e-02
2.411200851202011108e-02
2.410704828798770905e-02
2.410213276743888855e-02
2.409724891185760498e-02
2.409240230917930603e-02
2.408759295940399170e-02
2.408281713724136353e-02
2.407807856798171997e-02
2.407336980104446411e-02
2.406869083642959595e-02
2.406404539942741394e-02
2.405942603945732117e-02
2.405484020709991455e-02
2.405028045177459717e-02
2.404575049877166748e-02
2.404124476015567780e-02
2.403676509857177734e-02
2.403231337666511536e-02
2.402788959443569183e-02
2.402348816394805908e-02
2.401911094784736633e-02
2.401475608348846436e-02
2.401042915880680084e-02
2.400612086057662964e-02
2.400183491408824921e-02
2.399757131934165955e-02
2.399333007633686066e-02
2.398910932242870331e-02
2.398490905761718750e-02
2.398072741925716400e-02
2.397656440734863281e-02
2.397242560982704163e-02
2.396829798817634583e-02
2.396419458091259003e-02
2.396010793745517731e-02
2.395603619515895844e-02
2.395198494195938110e-02
2.394794672727584839e-02
2.394392713904380798e-02
2.393992617726325989e-02
2.393593825399875641e-02
2.393196895718574524e-02
2.392801269888877869e-02
2.392406947910785675e-02
2.392014116048812866e-02
2.391622774302959442e-02
2.391233481466770172e-02
2.390844747424125671e-02
2.390457689762115479e-02
2.390072122216224670e-02
2.389687858521938324e-02
2.389304712414741516e-02
2.388923242688179016e-02
2.388542145490646362e-02
2.388163283467292786e-02
2.387785166501998901e-02
2.387408167123794556e-02
2.387032285332679749e-02
2.386657893657684326e-02
2.386284619569778442e-02
2.385911718010902405e-02
2.385541051626205444e-02
2.385170757770538330e-02
2.384801581501960754e-02
2.384433336555957794e-02
2.384066395461559296e-02
2.383700385689735413e-02
2.383335307240486145e-02
2.382971346378326416e-02
2.382608130574226379e-02
2.382245846092700958e-02
2.381884306669235229e-02
2.381524071097373962e-02
2.381164580583572388e-02
2.380806207656860352e-02
2.380448393523693085e-02
2.380091696977615356e-02
2.379735745489597321e-02
2.379380166530609131e-02
2.379026263952255249e-02
2.378672547638416290e-02
2.378319762647151947e-02
2.377967908978462219e-02
2.377616614103317261e-02
2.377266250550746918e-02
2.376916445791721344e-02
2.376567386090755463e-02
2.376219071447849274e-02
2.375871688127517700e-02
2.375524677336215973e-02
2.375178597867488861e-02
2.374832890927791595e-02
2.374488301575183868e-02
2.374144084751605988e-02
2.373800426721572876e-02
2.373457513749599457e-02
2.373115345835685730e-02
2.372773922979831696e-02
2.372432686388492584e-02
2.372092194855213165e-02
2.371752262115478516e-02
2.371413074433803558e-02
2.371074259281158447e-02
2.370736189186573029e-02
2.370398677885532379e-02
2.370061166584491730e-02
2.369724959135055542e-02
2.369389124214649200e-02
2.369053661823272705e-02
2.368718571960926056e-02
2.368384413421154022e-02
2.368050254881381989e-02
2.367716468870639801e-02
2.367383800446987152e-02
2.367051132023334503e-02
2.366719208657741547e-02
2.366387657821178436e-02
2.366056293249130249e-02
2.365725673735141754e-02
2.365395240485668182e-02
2.365065552294254303e-02
2.364736050367355347e-02
2.364406734704971313e-02
2.364078350365161896e-02
2.363750152289867401e-02
2.363422699272632599e-02
2.363095059990882874e-02
2.362768165767192841e-02
2.362441271543502808e-02
2.362114936113357544e-02
2.361788973212242126e-02
2.361463569104671478e-02
2.361138351261615753e-02
2.360813692212104797e-02
2.360488846898078918e-02
2.360164560377597809e-02
2.359840646386146545e-02
2.359517104923725128e-02
2.359194122254848480e-02
2.358870953321456909e-02
2.358548343181610107e-02
2.358226105570793152e-02
2.357903867959976196e-02
2.357582002878189087e-02
2.357260510325431824e-02
2.356939390301704407e-02
2.356618642807006836e-02
2.356297895312309265e-02
2.355977334082126617e-02
2.355657145380973816e-02
2.355337329208850861e-02
2.355017885565757751e-02
2.354698255658149719e-02
2.354379184544086456e-02
2.354060485959053040e-02
2.353741601109504700e-02
2.353422902524471283e-02
2.353104576468467712e-02
2.352786622941493988e-02
2.352468483150005341e-02
2.352150902152061462e-02
2.351833321154117584e-02
2.351516298949718475e-02
2.351199463009834290e-02
2.350882440805435181e-02
2.350565418601036072e-02
2.350249141454696655e-02
2.349932678043842316e-02
2.349616214632987976e-02
2.349300310015678406e-02
2.348984405398368835e-02
2.348668873310089111e-02
2.348353154957294464e-02
2.348037809133529663e-02
2.347722463309764862e-02
2.347407117486000061e-02
2.347092330455780029e-02
2.346777170896530151e-02
2.346462570130825043e-02
2.346147969365119934e-02
2.345833368599414825e-02
2.345518767833709717e-02
2.345204539597034454e-02
2.344890125095844269e-02
2.344576083123683929e-02
2.344262041151523590e-02
2.343948185443878174e-02
2.343634329736232758e-02
2.343320287764072418e-02
2.343006804585456848e-02
2.342693135142326355e-02
2.342379838228225708e-02
2.342066355049610138e-02
2.341752685606479645e-02
2.341439574956893921e-02
2.341126278042793274e-02
2.340812608599662781e-02
2.340499684214591980e-02
2.340186387300491333e-02
2.339873276650905609e-02
2.339559979736804962e-02
2.339247055351734161e-02
2.338933944702148438e-02
2.338621206581592560e-02
2.338308095932006836e-02
2.337994985282421112e-02
2.337682247161865234e-02
2.337369136512279510e-02
2.337056212127208710e-02
2.336743101477622986e-02
2.336429804563522339e-02
2.336117438971996307e-02
2.335804142057895660e-02
2.335491217672824860e-02
2.335178107023239136e-02
2.334865368902683258e-02
2.334552071988582611e-02
2.334238961338996887e-02
2.333926036953926086e-02
2.333612926304340363e-02
2.333299629390239716e-02
2.332986332476139069e-02
2.332673035562038422e-02
2.332359552383422852e-02
2.332046069204807281e-02
2.331732772290706635e-02
2.331418916583061218e-02
2.331105619668960571e-02
2.330791950225830078e-02
2.330478280782699585e-02
2.330164425075054169e-02
2.329850383102893829e-02
2.329536527395248413e-02
2.329222112894058228e-02
2.328907884657382965e-02
2.328593656420707703e-02
2.328279241919517517e-02
2.327964827418327332e-02
2.327650226652622223e-02
2.327335625886917114e-02
2.327020466327667236e-02
2.326705679297447205e-02
2.326390333473682404e-02
2.326075360178947449e-02
2.325759641826152802e-02
2.325444296002388000e-02
2.325128763914108276e-02
2.324812673032283783e-02
2.324496768414974213e-02
2.324180677533149719e-02
2.323864400386810303e-02
2.323547564446926117e-02
2.323230914771556854e-02
2.322914451360702515e-02
2.322597429156303406e-02
2.322280220687389374e-02
2.321962825953960419e-02
2.321645058691501617e-02
2.321327477693557739e-02
2.321009710431098938e-02
2.320691384375095367e-02
2.320373058319091797e-02
2.320054545998573303e-02
2.319735847413539886e-02
2.319416776299476624e-02
2.319097518920898438e-02
2.318778075277805328e-02
2.318458072841167450e-02
2.318138442933559418e-02
2.317818254232406616e-02
2.317497879266738892e-02
2.317177318036556244e-02
2.316855825483798981e-02
2.316534705460071564e-02
2.316213585436344147e-02
2.315891720354557037e-02
2.315569855272769928e-02
2.315247617661952972e-02
2.314925193786621094e-02
2.314602211117744446e-02
2.314279042184352875e-02
2.313955873250961304e-02
2.313631959259510040e-02
2.313307672739028931e-02
2.312983199954032898e-02
2.312658540904521942e-02
2.312334068119525909e-02
2.312008291482925415e-02
2.311682701110839844e-02
2.311356738209724426e-02
2.311030402779579163e-02
2.310703694820404053e-02
2.310376614332199097e-02
2.310049347579479218e-02
2.309721522033214569e-02
2.309393323957920074e-02
2.309065125882625580e-02
2.308735996484756470e-02
2.308406867086887360e-02
2.308077365159988403e-02
2.307747304439544678e-02
2.307416684925556183e-02
2.307086251676082611e-02
2.306754887104034424e-02
2.306423150002956390e-02
2.306091226637363434e-02
2.305758744478225708e-02
2.305425889790058136e-02
2.305092662572860718e-02
2.304758876562118530e-02
2.304424718022346497e-02
2.304090000689029694e-02
2.303755097091197968e-02
2.303419634699821472e-02
2.303083240985870361e-02
2.302747033536434174e-02
2.302409894764423370e-02
2.302072569727897644e-02
2.301734685897827148e-02
2.301396057009696960e-02
2.301057055592536926e-02
2.300717681646347046e-02
2.300377562642097473e-02
2.300037443637847900e-02
2.299696393311023712e-02
2.299354970455169678e-02
2.299012616276741028e-02
2.298670075833797455e-02
2.298327162861824036e-02
2.297983132302761078e-02
2.297639288008213043e-02
2.297294139862060547e-02
2.296949177980422974e-02
2.296602912247180939e-02
2.296256460249423981e-02
2.295909449458122253e-02
2.295561507344245911e-02
2.295213192701339722e-02
2.294864133000373840e-02
2.294514887034893036e-02
2.294164709746837616e-02
2.293813787400722504e-02
2.293462492525577545e-02
2.293110452592372894e-02
2.292757481336593628e-02
2.292403951287269592e-02
2.292049862444400787e-02
2.291695028543472290e-02
2.291339822113513947e-02
2.290983870625495911e-02
2.290626987814903259e-02
2.290269546210765839e-02
2.289911545813083649e-02
2.289552427828311920e-02
2.289192937314510345e-02
2.288832515478134155e-02
2.288471534848213196e-02
2.288109622895717621e-02
2.287746965885162354e-02
2.287383377552032471e-02
2.287019416689872742e-02
2.286654710769653320e-02
2.286288887262344360e-02
2.285922318696975708e-02
2.285555191338062286e-02
2.285186946392059326e-02
2.284818142652511597e-02
2.284448221325874329e-02
2.284077927470207214e-02
2.283706143498420715e-02
2.283333986997604370e-02
2.282960899174213409e-02
2.282586880028247833e-02
2.282211929559707642e-02
2.281836047768592834e-02
2.281459420919418335e-02
2.281081676483154297e-02
2.280703559517860413e-02
2.280323766171932220e-02
2.279943414032459259e-02
2.279562316834926605e-02
2.279179543256759644e-02
2.278796583414077759e-02
2.278412319719791412e-02
2.278026752173900604e-02
2.277640625834465027e-02
2.277253381907939911e-02
2.276865020394325256e-02
2.276475727558135986e-02
2.276085317134857178e-02
2.275693975389003754e-02
2.275301143527030945e-02
2.274907566606998444e-02
2.274512685835361481e-02
2.274117060005664825e-02
2.273719944059848785e-02
2.273321710526943207e-02
2.272922545671463013e-02
2.272521890699863434e-02
2.272120490670204163e-02
2.271717600524425507e-02
2.271313592791557312e-02
2.270908281207084656e-02
2.270502038300037384e-02
2.270093932747840881e-02
2.269684709608554840e-02
2.269274555146694183e-02
2.268862910568714142e-02
2.268449962139129639e-02
2.268035709857940674e-02
2.267619781196117401e-02
2.267202921211719513e-02
2.266784384846687317e-02
2.266364544630050659e-02
2.265943214297294617e-02
2.265520580112934113e-02
2.265096455812454224e-02
2.264670655131340027e-02
2.264243364334106445e-02
2.263814769685268402e-02
2.263384312391281128e-02
2.262952551245689392e-02
2.262519113719463348e-02
2.262083813548088074e-02
2.261647023260593414e-02
2.261208742856979370e-02
2.260768413543701172e-02
2.260326407849788666e-02
2.259882725775241852e-02
2.259437367320060730e-02
2.258989959955215454e-02
2.258540876209735870e-02
2.258089743554592133e-02
2.257636561989784241e-02
2.257181704044342041e-02
2.256724797189235687e-02
2.256266027688980103e-02
2.255805023014545441e-02
2.255341969430446625e-02
2.254877053201198578e-02
2.254409715533256531e-02
2.253939956426620483e-02
2.253468334674835205e-02
2.252994291484355927e-02
2.252518013119697571e-02
2.252039127051830292e-02
2.251558005809783936e-02
2.251074463129043579e-02
2.250588126480579376e-02
2.250099368393421173e-02
2.249608561396598816e-02
2.249114587903022766e-02
2.248617820441722870e-02
2.248118072748184204e-02
2.247616276144981384e-02
2.247110754251480103e-02
2.246602997183799744e-02
2.246091887354850769e-02
2.245577983558177948e-02
2.245060727000236511e-02
2.244540490210056305e-02
2.244016900658607483e-02
2.243490144610404968e-02
2.242960222065448761e-02
2.242426201701164246e-02
2.241889201104640961e-02
2.241348661482334137e-02
2.240804396569728851e-02
2.240256592631340027e-02
2.239705063402652740e-02
2.239149995148181915e-02
2.238591015338897705e-02
2.238028123974800110e-02
2.237461134791374207e-02
2.236890234053134918e-02
2.236315235495567322e-02
2.235736697912216187e-02
2.235154062509536743e-02
2.234567143023014069e-02
2.233976125717163086e-02
2.233381196856498718e-02
2.232782542705535889e-02
2.232179790735244751e-02
2.231573127210140228e-02
2.230962552130222321e-02
2.230348065495491028e-02
2.229729853570461273e-02
2.229108288884162903e-02
2.228483371436595917e-02
2.227855473756790161e-02
2.227224037051200867e-02
2.226590365171432495e-02
2.225954271852970123e-02
2.225315570831298828e-02
2.224675193428993225e-02
2.224033512175083160e-02
2.223391085863113403e-02
2.222747541964054108e-02
2.222103998064994812e-02
2.221461385488510132e-02
2.220819145441055298e-02
2.220178768038749695e-02
2.219540625810623169e-02
2.218904905021190643e-02
2.218272723257541656e-02
2.217644453048706055e-02
2.217021025717258453e-02
2.216402254998683929e-02
2.215790003538131714e-02
2.215183712542057037e-02
2.214584127068519592e-02
2.213992364704608917e-02
2.213407680392265320e-02
2.212831564247608185e-02
2.212263271212577820e-02
2.211703546345233917e-02
2.211151830852031708e-02
2.210608869791030884e-02
2.210074104368686676e-02
2.209546975791454315e-02
2.209028229117393494e-02
2.208516374230384827e-02
2.208012156188488007e-02
2.207514271140098572e-02
2.207022346556186676e-02
2.206536568701267242e-02
2.206055819988250732e-02
2.205579914152622223e-02
2.205108106136322021e-02
2.204640954732894897e-02
2.204176411032676697e-02
2.203714847564697266e-02
2.203256636857986450e-02
2.202800475060939789e-02
2.202346548438072205e-02
2.201895043253898621e-02
2.201444469392299652e-02
2.200995944440364838e-02
2.200548909604549408e-02
2.200102992355823517e-02
2.199659124016761780e-02
2.199216187000274658e-02
2.198774181306362152e-02
2.198334038257598877e-02
2.197894826531410217e-02
2.197456918656826019e-02
2.197020314633846283e-02
2.196585386991500854e-02
2.196151576936244965e-02
2.195719070732593536e-02
2.195288240909576416e-02
2.194858528673648834e-02
2.194430679082870483e-02
2.194003760814666748e-02
2.193578705191612244e-02
2.193155325949192047e-02
2.192733064293861389e-02
2.192312665283679962e-02
2.191893570125102997e-02
2.191476151347160339e-02
2.191060595214366913e-02
2.190645970404148102e-02
2.190233394503593445e-02
2.189822494983673096e-02
2.189412899315357208e-02
2.189004980027675629e-02
2.188598364591598511e-02
2.188193984329700470e-02
2.187790907919406891e-02
2.187389321625232697e-02
2.186989225447177887e-02
2.186590991914272308e-02
2.186194434762001038e-02
2.185799181461334229e-02
2.185405790805816650e-02
2.185013704001903534e-02
2.184624038636684418e-02
2.184235118329524994e-02
2.183848060667514801e-02
2.183462865650653839e-02
2.183078974485397339e-02
2.182696759700775146e-02
2.182316593825817108e-02
2.181937731802463531e-02
2.181560546159744263e-02
2.181185036897659302e-02
2.180811204016208649e-02
2.180439047515392303e-02
2.180068567395210266e-02
2.179699577391147614e-02
2.179332822561264038e-02
2.178966812789440155e-02
2.178603224456310272e-02
2.178240939974784851e-02
2.177880331873893738e-02
2.177521213889122009e-02
2.177163772284984589e-02
2.176808379590511322e-02
2.176454290747642517e-02
2.176101878285408020e-02
2.175751142203807831e-02
2.175402641296386719e-02
2.175054699182510376e-02
2.174708992242813110e-02
2.174364775419235229e-02
2.174022421240806580e-02
2.173681557178497314e-02
2.173342183232307434e-02
2.173004299402236938e-02
2.172668278217315674e-02
2.172333560883998871e-02
2.172000706195831299e-02
2.171668969094753265e-02
2.171339094638824463e-02
2.171010710299015045e-02
2.170683816075325012e-02
2.170358411967754364e-02
2.170034870505332947e-02
2.169712260365486145e-02
2.169391326606273651e-02
2.169072069227695465e-02
2.168754301965236664e-02
2.168437652289867401e-02
2.168123051524162292e-02
2.167809195816516876e-02
2.167496830224990845e-02
2.167186327278614044e-02
2.166876755654811859e-02
2.166568674147129059e-02
2.166262082755565643e-02
2.165956981480121613e-02
2.165652997791767120e-02
2.165350504219532013e-02
2.165049128234386444e-02
2.164748869836330414e-02
2.164450101554393768e-02
2.164152637124061584e-02
2.163856476545333862e-02
2.163561433553695679e-02
2.163267694413661957e-02
2.162975259125232697e-02
2.162683755159378052e-02
2.162393555045127869e-02
2.162104658782482147e-02
2.161816880106925964e-02
2.161529846489429474e-02
2.161244116723537445e-02
2.160959877073764801e-02
2.160676568746566772e-02
2.160394005477428436e-02
2.160113118588924408e-02
2.159832790493965149e-02
2.159553952515125275e-02
2.159275859594345093e-02
2.158998511731624603e-02
2.158722653985023499e-02
2.158447541296482086e-02
2.158173359930515289e-02
2.157900296151638031e-02
2.157627977430820465e-02
2.157356776297092438e-02
2.157086692750453949e-02
2.156817167997360229e-02
2.156548574566841125e-02
2.156280912458896637e-02
2.156014367938041687e-02
2.155748195946216583e-02
2.155483514070510864e-02
2.155219390988349915e-02
2.154956012964248657e-02
2.154693566262722015e-02
2.154431864619255066e-02
2.154170721769332886e-02
2.153910882771015167e-02
2.153651416301727295e-02
2.153393067419528961e-02
2.153135277330875397e-02
2.152878046035766602e-02
2.152621932327747345e-02
2.152366377413272858e-02
2.152111753821372986e-02
2.151857689023017883e-02
2.151604369282722473e-02
2.151351422071456909e-02
2.151099406182765961e-02
2.150848135352134705e-02
2.150597609579563141e-02
2.150347456336021423e-02
2.150098048150539398e-02
2.149849385023117065e-02
2.149601466953754425e-02
2.149353921413421631e-02
2.149107307195663452e-02
2.148861251771450043e-02
2.148615755140781403e-02
2.148370444774627686e-02
2.148126065731048584e-02
2.147882431745529175e-02
2.147639542818069458e-02
2.147396840155124664e-02
2.147154882550239563e-02
2.146913856267929077e-02
2.146672457456588745e-02
2.146432176232337952e-02
2.146192640066146851e-02
2.145953103899955750e-02
2.145714499056339264e-02
2.145476639270782471e-02
2.145238965749740601e-02
2.145001851022243500e-02
2.144765108823776245e-02
2.144529297947883606e-02
2.144293859601020813e-02
2.144058793783187866e-02
2.143824286758899689e-02
2.143590152263641357e-02
2.143356576561927795e-02
2.143123559653759003e-02
2.142891474068164825e-02
2.142659388482570648e-02
2.142428234219551086e-02
2.142197825014591217e-02
2.141969837248325348e-02
2.141745015978813171e-02
2.141526900231838226e-02
2.141315490007400513e-02
2.141102775931358337e-02
2.140862867236137390e-02
2.140606008470058441e-02
2.140364423394203186e-02
2.140153944492340088e-02
2.139941975474357605e-02
2.139700576663017273e-02
2.139459177851676941e-02
2.139241620898246765e-02
2.139027044177055359e-02
2.138795889914035797e-02
2.138560451567173004e-02
2.138342149555683136e-02
2.138126455247402191e-02
2.137897536158561707e-02
2.137668617069721222e-02
2.137451246380805969e-02
2.137232944369316101e-02
2.137007564306259155e-02
2.136782556772232056e-02
2.136566117405891418e-02
2.136348001658916473e-02
2.136124297976493835e-02
2.135903574526309967e-02
2.135687321424484253e-02
2.135469205677509308e-02
2.135248668491840363e-02
2.135029993951320648e-02
2.134814299643039703e-02
2.134597487747669220e-02
2.134378626942634583e-02
2.134162001311779022e-02
2.133947052061557770e-02
2.133731544017791748e-02
2.133515104651451111e-02
2.133299410343170166e-02
2.133085578680038452e-02
2.132871374487876892e-02
2.132656611502170563e-02
2.132442407310009003e-02
2.132229134440422058e-02
2.132016420364379883e-02
2.131802961230278015e-02
2.131590619683265686e-02
2.131378464400768280e-02
2.131166681647300720e-02
2.130954898893833160e-02
2.130743488669395447e-02
2.130532450973987579e-02
2.130322158336639404e-02
2.130111865699291229e-02
2.129901386797428131e-02
2.129691652953624725e-02
2.129482105374336243e-02
2.129273116588592529e-02
2.129064314067363739e-02
2.128855139017105103e-02
2.128647081553936005e-02
2.128439210355281830e-02
2.128231525421142578e-02
2.128023840487003326e-02
2.127816714346408844e-02
2.127609774470329285e-02
2.127402834594249725e-02
2.127196267247200012e-02
2.126990631222724915e-02
2.126784622669219971e-02
2.126578800380229950e-02
2.126373536884784698e-02
2.126168459653854370e-02
2.125963382422924042e-02
2.125758677721023560e-02
2.125554345548152924e-02
2.125350199639797211e-02
2.125146426260471344e-02
2.124942839145660400e-02
2.124739438295364380e-02
2.124536596238613129e-02
2.124333567917346954e-02
2.124130912125110626e-02
2.123928628861904144e-02
2.123726345598697662e-02
2.123524434864521027e-02
2.123322710394859314e-02
2.123121544718742371e-02
2.122920006513595581e-02
2.122719213366508484e-02
2.122518606483936310e-02
2.122317813336849213e-02
2.122117765247821808e-02
2.121917530894279480e-02
2.121717669069766998e-02
2.121518179774284363e-02
2.121318504214286804e-02
2.121119573712348938e-02
2.120920456945896149e-02
2.120721526443958282e-02
2.120523154735565186e-02
2.120324783027172089e-02
2.120126783847808838e-02
2.119928784668445587e-02
2.119730971753597260e-02
2.119533531367778778e-02
2.119336090981960297e-02
2.119139395654201508e-02
2.118942514061927795e-02
2.118745818734169006e-02
2.118549309670925140e-02
2.118353173136711121e-02
2.118156850337982178e-02
2.117961086332798004e-02
2.117765508592128754e-02
2.117569930851459503e-02
2.117374725639820099e-02
2.117179892957210541e-02
2.116985060274600983e-02
2.116790227591991425e-02
2.116596139967441559e-02
2.116402238607406616e-02
2.116208523511886597e-02
2.116015926003456116e-02
2.115823701024055481e-02
2.115633524954319000e-02
2.115445211529731750e-02
2.115259878337383270e-02
2.115075848996639252e-02
2.114889770746231079e-02
2.114694193005561829e-02
2.114489115774631500e-02
2.114281617105007172e-02
2.114084735512733459e-02
2.113899216055870056e-02
2.113716304302215576e-02
2.113526500761508942e-02
2.113328501582145691e-02
2.113129198551177979e-02
2.112936973571777344e-02
2.112751081585884094e-02
2.112564630806446075e-02
2.112372964620590210e-02
2.112177386879920959e-02
2.111984416842460632e-02
2.111795730888843536e-02
2.111609466373920441e-02
2.111420407891273499e-02
2.111228741705417633e-02
2.111036702990531921e-02
2.110847644507884979e-02
2.110660262405872345e-02
2.110472880303859711e-02
2.110283821821212769e-02
2.110093832015991211e-02
2.109904587268829346e-02
2.109716832637786865e-02
2.109530009329319000e-02
2.109342813491821289e-02
2.109154686331748962e-02
2.108966372907161713e-02
2.108778432011604309e-02
2.108591608703136444e-02
2.108405344188213348e-02
2.108218707144260406e-02
2.108032256364822388e-02
2.107844874262809753e-02
2.107658237218856812e-02
2.107472158968448639e-02
2.107286453247070312e-02
2.107100933790206909e-02
2.106915041804313660e-02
2.106729522347450256e-02
2.106543816626071930e-02
2.106358297169208527e-02
2.106173336505889893e-02
2.105988748371601105e-02
2.105803787708282471e-02
2.105619385838508606e-02
2.105434983968734741e-02
2.105250209569931030e-02
2.105065993964672089e-02
2.104881964623928070e-02
2.104698121547698975e-02
2.104514651000499725e-02
2.104330994188785553e-02
2.104147709906101227e-02
2.103964239358901978e-02
2.103781141340732574e-02
2.103597857058048248e-02
2.103415317833423615e-02
2.103232406079769135e-02
2.103049680590629578e-02
2.102867327630519867e-02
2.102685160934925079e-02
2.102502994239330292e-02
2.102320827543735504e-02
2.102139219641685486e-02
2.101957239210605621e-02
2.101775817573070526e-02
2.101594395935535431e-02
2.101413160562515259e-02
2.101232111454010010e-02
2.101051062345504761e-02
2.100870385766029358e-02
2.100689336657524109e-02
2.100508846342563629e-02
2.100328728556632996e-02
2.100148238241672516e-02
2.099968120455741882e-02
2.099788375198841095e-02
2.099608443677425385e-02
2.099428884685039520e-02
2.099249511957168579e-02
2.099070511758327484e-02
2.098891884088516235e-02
2.098714187741279602e-02
2.098537422716617584e-02
2.098362147808074951e-02
2.098188363015651703e-02
2.098016813397407532e-02
2.097846008837223053e-02
2.097671478986740112e-02
2.097490616142749786e-02
2.097301185131072998e-02
2.097111009061336517e-02
2.096926420927047729e-02
2.096751704812049866e-02
2.096581459045410156e-02
2.096408791840076447e-02
2.096229977905750275e-02
2.096046507358551025e-02
2.095863595604896545e-02
2.095686271786689758e-02
2.095512859523296356e-02
2.095339819788932800e-02
2.095163427293300629e-02
2.094984054565429688e-02
2.094804123044013977e-02
2.094627171754837036e-02
2.094452828168869019e-02
2.094279229640960693e-02
2.094103768467903137e-02
2.093926817178726196e-02
2.093749493360519409e-02
2.093573287129402161e-02
2.093398384749889374e-02
2.093224599957466125e-02
2.093050256371498108e-02
2.092875167727470398e-02
2.092699334025382996e-02
2.092524059116840363e-02
2.092349343001842499e-02
2.092175185680389404e-02
2.092001400887966156e-02
2.091827802360057831e-02
2.091653645038604736e-02
2.091479115188121796e-02
2.091304957866668701e-02
2.091131173074245453e-02
2.090957947075366974e-02
2.090784721076488495e-02
2.090611681342124939e-02
2.090438641607761383e-02
2.090265229344367981e-02
2.090092189610004425e-02
2.089918777346611023e-02
2.089746482670307159e-02
2.089573629200458527e-02
2.089401334524154663e-02
2.089228853583335876e-02
2.089056745171546936e-02
2.088884636759757996e-02
2.088712528347969055e-02
2.088540606200695038e-02
2.088368684053421021e-02
2.088196761906147003e-02
2.088025026023387909e-02
2.087853476405143738e-02
2.087682299315929413e-02
2.087511122226715088e-02
2.087339945137500763e-02
2.087168768048286438e-02
2.086997590959072113e-02
2.086826786398887634e-02
2.086656168103218079e-02
2.086485363543033600e-02
2.086314931511878967e-02
2.086144499480724335e-02
2.085974253714084625e-02
2.085804194211959839e-02
2.085633762180805206e-02
2.085464075207710266e-02
2.085294015705585480e-02
2.085124328732490540e-02
2.084955014288425446e-02
2.084785699844360352e-02
2.084617130458354950e-02
2.084449119865894318e-02
2.084281854331493378e-02
2.084115892648696899e-02
2.083951421082019806e-02
2.083788625895977020e-02
2.083626016974449158e-02
2.083461359143257141e-02
2.083291113376617432e-02
2.083114348351955414e-02
2.082934230566024780e-02
2.082756906747817993e-02
2.082587033510208130e-02
2.082423679530620575e-02
2.082261256873607635e-02
2.082095853984355927e-02
2.081925421953201294e-02
2.081751823425292969e-02
2.081579156219959259e-02
2.081410400569438934e-02
2.081244997680187225e-02
2.081080526113510132e-02
2.080914191901683807e-02
2.080745063722133636e-02
2.080574445426464081e-02
2.080404758453369141e-02
2.080237679183483124e-02
2.080071531236171722e-02
2.079905942082405090e-02
2.079739421606063843e-02
2.079571783542633057e-02
2.079403214156627655e-02
2.079235017299652100e-02
2.079067938029766083e-02
2.078901790082454681e-02
2.078735828399658203e-02
2.078569680452346802e-02
2.078402973711490631e-02
2.078235708177089691e-02
2.078068442642688751e-02
2.077901922166347504e-02
2.077735401690006256e-02
2.077569253742694855e-02
2.077403292059898376e-02
2.077237144112586975e-02
2.077071182429790497e-02
2.076905034482479095e-02
2.076738514006137848e-02
2.076572179794311523e-02
2.076406031847000122e-02
2.076239883899688721e-02
2.076073922216892242e-02
2.075908333063125610e-02
2.075742557644844055e-02
2.075576968491077423e-02
2.075411379337310791e-02
2.075245417654514313e-02
2.075079642236232758e-02
2.074914239346981049e-02
2.074748277664184570e-02
2.074582874774932861e-02
2.074417099356651306e-02
2.074251323938369751e-02
2.074085921049118042e-02
2.073920331895351410e-02
2.073754742741584778e-02
2.073589153587818146e-02
2.073423564434051514e-02
2.073258161544799805e-02
2.073092758655548096e-02
2.072927169501781464e-02
2.072761952877044678e-02
2.072596736252307892e-02
2.072431519627571106e-02
2.072266303002834320e-02
2.072101645171642303e-02
2.071937173604965210e-02
2.071773074567317963e-02
2.071609906852245331e-02
2.071448415517807007e-02
2.071288786828517914e-02
2.071131765842437744e-02
2.070976234972476959e-02
2.070819400250911713e-02
2.070656605064868927e-02
2.070481330156326294e-02
2.070299163460731506e-02
2.070118859410285950e-02
2.069949358701705933e-02
2.069790661334991455e-02
2.069634757936000824e-02
2.069473452866077423e-02
2.069302834570407867e-02
2.069128118455410004e-02
2.068956196308135986e-02
2.068791165947914124e-02
2.068630419671535492e-02
2.068468555808067322e-02
2.068302221596240997e-02
2.068131603300571442e-02
2.067961730062961578e-02
2.067794650793075562e-02
2.067630551755428314e-02
2.067467197775840759e-02
2.067301794886589050e-02
2.067133598029613495e-02
2.066964656114578247e-02
2.066796831786632538e-02
2.066630683839321136e-02
2.066465467214584351e-02
2.066299691796302795e-02
2.066132798790931702e-02
2.065964974462985992e-02
2.065796591341495514e-02
2.065628953278064728e-02
2.065461874008178711e-02
2.065295167267322540e-02
2.065128274261951447e-02
2.064960636198520660e-02
2.064792625606060028e-02
2.064624242484569550e-02
2.064455673098564148e-02
2.064287476241588593e-02
2.064119279384613037e-02
2.063951268792152405e-02
2.063782885670661926e-02
2.063614130020141602e-02
2.063445374369621277e-02
2.063275873661041260e-02
2.063106559216976166e-02
2.062936872243881226e-02
2.062767185270786285e-02
2.062597498297691345e-02
2.062427438795566559e-02
2.062257565557956696e-02
2.062087319791316986e-02
2.061916515231132507e-02
2.061746083199977875e-02
2.061574906110763550e-02
2.061403542757034302e-02
2.061232179403305054e-02
2.061060257256031036e-02
2.060887962579727173e-02
2.060715667903423309e-02
2.060543373227119446e-02
2.060370519757270813e-02
2.060197293758392334e-02
2.060024067759513855e-02
2.059850469231605530e-02
2.059676498174667358e-02
2.059502154588699341e-02
2.059327624738216400e-02
2.059152908623218536e-02
2.058977447450160980e-02
2.058801613748073578e-02
2.058625780045986176e-02
2.058449201285839081e-02
2.058272808790206909e-02
2.058095671236515045e-02
2.057918161153793335e-02
2.057739906013011932e-02
2.057561837136745453e-02
2.057383209466934204e-02
2.057204768061637878e-02
2.057025954127311707e-02
2.056847512722015381e-02
2.056670375168323517e-02
2.056496590375900269e-02
2.056328020989894867e-02
2.056169509887695312e-02
2.056019939482212067e-02
2.055870555341243744e-02
2.055689133703708649e-02
2.055467292666435242e-02
2.055227756500244141e-02
2.055016532540321350e-02
2.054847031831741333e-02
2.054693177342414856e-02
2.054515108466148376e-02
2.054298855364322662e-02
2.054080553352832794e-02
2.053890936076641083e-02
2.053720876574516296e-02
2.053540386259555817e-02
2.053337357938289642e-02
2.053126320242881775e-02
2.052927576005458832e-02
2.052743732929229736e-02
2.052558027207851410e-02
2.052357047796249390e-02
2.052147872745990753e-02
2.051945030689239502e-02
2.051750570535659790e-02
2.051556296646595001e-02
2.051354385912418365e-02
2.051145769655704498e-02
2.050937339663505554e-02
2.050733566284179688e-02
2.050531841814517975e-02
2.050325833261013031e-02
2.050114236772060394e-02
2.049900591373443604e-02
2.049688808619976044e-02
2.049478143453598022e-02
2.049265801906585693e-02
2.049050107598304749e-02
2.048831246793270111e-02
2.048610895872116089e-02
2.048390544950962067e-02
2.048170380294322968e-02
2.047948166728019714e-02
2.047722972929477692e-02
2.047495357692241669e-02
2.047266252338886261e-02
2.047035656869411469e-02
2.046804502606391907e-02
2.046571299433708191e-02
2.046335861086845398e-02
2.046097815036773682e-02
2.045857906341552734e-02
2.045615948736667633e-02
2.045372314751148224e-02
2.045127004384994507e-02
2.044879458844661713e-02
2.044629864394664764e-02
2.044377475976943970e-02
2.044122852385044098e-02
2.043866366147994995e-02
2.043607458472251892e-02
2.043346129357814789e-02
2.043082751333713531e-02
2.042816951870918274e-02
2.042548917233943939e-02
2.042278274893760681e-02
2.042005024850368500e-02
2.041729539632797241e-02
2.041451446712017059e-02
2.041171118617057800e-02
2.040888369083404541e-02
2.040603198111057281e-02
2.040315605700016022e-02
2.040025964379310608e-02
2.039733901619911194e-02
2.039439976215362549e-02
2.039143256843090057e-02
2.038844861090183258e-02
2.038544416427612305e-02
2.038242295384407043e-02
2.037938311696052551e-02
2.037632465362548828e-02
2.037325315177440643e-02
2.037017047405242920e-02
2.036707662045955658e-02
2.036396972835063934e-02
2.036085538566112518e-02
2.035773731768131256e-02
2.035461179912090302e-02
2.035149186849594116e-02
2.034836821258068085e-02
2.034525386989116669e-02
2.034214884042739868e-02
2.033906616270542145e-02
2.033601328730583191e-02
2.033301070332527161e-02
2.033009007573127747e-02
2.032727748155593872e-02
2.032459527254104614e-02
2.032197080552577972e-02
2.031924761831760406e-02
2.031611278653144836e-02
2.031255513429641724e-02
2.030888013541698456e-02
2.030559256672859192e-02
2.030285075306892395e-02
2.030038274824619293e-02
2.029775641858577728e-02
2.029473148286342621e-02
2.029149048030376434e-02
2.028841711580753326e-02
2.028570324182510376e-02
2.028318494558334351e-02
2.028056792914867401e-02
2.027774602174758911e-02
2.027481608092784882e-02
2.027199789881706238e-02
2.026937529444694519e-02
2.026685886085033417e-02
2.026429027318954468e-02
2.026159688830375671e-02
2.025885879993438721e-02
2.025618031620979309e-02
2.025361545383930206e-02
2.025111019611358643e-02
2.024858072400093079e-02
2.024599537253379822e-02
2.024337835609912872e-02
2.024077624082565308e-02
2.023822814226150513e-02
2.023572288453578949e-02
2.023322321474552155e-02
2.023070491850376129e-02
2.022815681993961334e-02
2.022560127079486847e-02
2.022305503487586975e-02
2.022053301334381104e-02
2.021803334355354309e-02
2.021553367376327515e-02
2.021302655339241028e-02
2.021050639450550079e-02
2.020798251032829285e-02
2.020544931292533875e-02
2.020292356610298157e-02
2.020040713250637054e-02
2.019789628684520721e-02
2.019538730382919312e-02
2.019287645816802979e-02
2.019035816192626953e-02
2.018783241510391235e-02
2.018530853092670441e-02
2.018277905881404877e-02
2.018024958670139313e-02
2.017772011458873749e-02
2.017519064247608185e-02
2.017266303300857544e-02
2.017012983560562134e-02
2.016760408878326416e-02
2.016507089138031006e-02
2.016253769397735596e-02
2.016000263392925262e-02
2.015746571123600006e-02
2.015492692589759827e-02
2.015238441526889801e-02
2.014984562993049622e-02
2.014730125665664673e-02
2.014476060867309570e-02
2.014221996068954468e-02
2.013967745006084442e-02
2.013714052736759186e-02
2.013460360467433929e-02
2.013207040727138519e-02
2.012955024838447571e-02
2.012704126536846161e-02
2.012455649673938751e-02
2.012210339307785034e-02
2.011970058083534241e-02
2.011735178530216217e-02
2.011506073176860809e-02
2.011277899146080017e-02
2.011043950915336609e-02
2.010789141058921814e-02
2.010508999228477478e-02
2.010206691920757294e-02
2.009904943406581879e-02
2.009624056518077850e-02
2.009372040629386902e-02
2.009139209985733032e-02
2.008907869458198547e-02
2.008661255240440369e-02
2.008393965661525726e-02
2.008114010095596313e-02
2.007836662232875824e-02
2.007573097944259644e-02
2.007324062287807465e-02
2.007080800831317902e-02
2.006833255290985107e-02
2.006575837731361389e-02
2.006310224533081055e-02
2.006042562425136566e-02
2.005778625607490540e-02
2.005520649254322052e-02
2.005267702043056488e-02
2.005015872418880463e-02
2.004762180149555206e-02
2.004504390060901642e-02
2.004243619740009308e-02
2.003980800509452820e-02
2.003719657659530640e-02
2.003460004925727844e-02
2.003202587366104126e-02
2.002946846187114716e-02
2.002691105008125305e-02
2.002434059977531433e-02
2.002175524830818176e-02
2.001915685832500458e-02
2.001654915511608124e-02
2.001393958926200867e-02
2.001133747398853302e-02
2.000874094665050507e-02
2.000614628195762634e-02
2.000355906784534454e-02
2.000096999108791351e-02
1.999837905168533325e-02
1.999578438699245453e-02
1.999318413436412811e-02
1.999058201909065247e-02
1.998797617852687836e-02
1.998536288738250732e-02
1.998275332152843475e-02
1.998014003038406372e-02
1.997752487659454346e-02
1.997490786015987396e-02
1.997228898108005524e-02
1.996966823935508728e-02
1.996704749763011932e-02
1.996442489326000214e-02
1.996180228888988495e-02
1.995917782187461853e-02
1.995655521750450134e-02
1.995393447577953339e-02
1.995131932199001312e-02
1.994870975613594055e-02
1.994611881673336029e-02
1.994354650378227234e-02
1.994101330637931824e-02
1.993853040039539337e-02
1.993612200021743774e-02
1.993380486965179443e-02
1.993154920637607574e-02
1.992928422987461090e-02
1.992685720324516296e-02
1.992416754364967346e-02
1.992122828960418701e-02
1.991840638220310211e-02
1.991525851190090179e-02
1.991202682256698608e-02
1.990928314626216888e-02
1.990709267556667328e-02
1.990491896867752075e-02
1.990201324224472046e-02
1.989852823317050934e-02
1.989548653364181519e-02
1.989314705133438110e-02
1.989080943167209625e-02
1.988798379898071289e-02
1.988506317138671875e-02
1.988240145146846771e-02
1.987969689071178436e-02
1.987678557634353638e-02
1.987393386662006378e-02
1.987140811979770660e-02
1.986896060407161713e-02
1.986620388925075531e-02
1.986331865191459656e-02
1.986037939786911011e-02
1.985771767795085907e-02
1.985508017241954803e-02
1.985228434205055237e-02
1.984952948987483978e-02
1.984686404466629028e-02
1.984412595629692078e-02
1.984127610921859741e-02
1.983847096562385559e-02
1.983575709164142609e-02
1.983300410211086273e-02
1.983019150793552399e-02
1.982743106782436371e-02
1.982470601797103882e-02
1.982193253934383392e-02
1.981912553310394287e-02
1.981629431247711182e-02
1.981352642178535461e-02
1.981114037334918976e-02
1.980812847614288330e-02
1.980522461235523224e-02
1.980244368314743042e-02
1.979973539710044861e-02
1.979694515466690063e-02
1.979410089552402496e-02
1.979131437838077545e-02
1.978855580091476440e-02
1.978572458028793335e-02
1.978286914527416229e-02
1.978004351258277893e-02
1.977723091840744019e-02
1.977439410984516144e-02
1.977152936160564423e-02
1.976867020130157471e-02
1.976584270596504211e-02
1.976300217211246490e-02
1.976014114916324615e-02
1.975729316473007202e-02
1.975446008145809174e-02
1.975163258612155914e-02
1.974881067872047424e-02
1.974600739777088165e-02
1.974323764443397522e-02
1.974052004516124725e-02
1.973785273730754852e-02
1.973524130880832672e-02
1.973267458379268646e-02
1.973008923232555389e-02
1.972734183073043823e-02
1.972443424165248871e-02
1.972142793238162994e-02
1.971799694001674652e-02
1.971460692584514618e-02
1.971147395670413971e-02
1.970869489014148712e-02
1.970615796744823456e-02
1.970352232456207275e-02
1.970062218606472015e-02
1.969755254685878754e-02
1.969441212713718414e-02
1.969135925173759460e-02
1.968839019536972046e-02
1.968550123274326324e-02
1.968272589147090912e-02
1.967994496226310730e-02
1.967706345021724701e-02
1.967406459152698517e-02
1.967100612819194794e-02
1.966799609363079071e-02
1.966505870223045349e-02
1.966216042637825012e-02
1.965928263962268829e-02
1.965640112757682800e-02
1.965351030230522156e-02
1.965059526264667511e-02
1.964763365685939789e-02
1.964465528726577759e-02
1.964168623089790344e-02
1.963874138891696930e-02
1.963582634925842285e-02
1.963291876018047333e-02
1.963000930845737457e-02
1.962710171937942505e-02
1.962419413030147552e-02
1.962127909064292908e-02
1.961835473775863647e-02
1.961541920900344849e-02
1.961247995495796204e-02
1.960954070091247559e-02
1.960660703480243683e-02
1.960367709398269653e-02
1.960074715316295624e-02
1.959782093763351440e-02
1.959489844739437103e-02
1.959197968244552612e-02
1.958906464278697968e-02
1.958615146577358246e-02
1.958324015140533447e-02
1.958032883703708649e-02
1.957742124795913696e-02
1.957451552152633667e-02
1.957176253199577332e-02
1.956950128078460693e-02
1.956711709499359131e-02
1.956428587436676025e-02
1.956129260361194611e-02
1.955832913517951965e-02
1.955558918416500092e-02
1.955315098166465759e-02
1.955068111419677734e-02
1.954790018498897552e-02
1.954482682049274445e-02
1.954190619289875031e-02
1.953895948827266693e-02
1.953567191958427429e-02
1.953223720192909241e-02
1.952905207872390747e-02
1.952619850635528564e-02
1.952351443469524384e-02
1.952078938484191895e-02
1.951798237860202789e-02
1.951510459184646606e-02
1.951219514012336731e-02
1.950922422111034393e-02
1.950612850487232208e-02
1.950304210186004639e-02
1.950012147426605225e-02
1.949730329215526581e-02
1.949449442327022552e-02
1.949162781238555908e-02
1.948872767388820648e-02
1.948582008481025696e-02
1.948288269340991974e-02
1.947990991175174713e-02
1.947693154215812683e-02
1.947396434843540192e-02
1.947104185819625854e-02
1.946815662086009979e-02
1.946526579558849335e-02
1.946234889328479767e-02
1.945940963923931122e-02
1.945647038519382477e-02
1.945352554321289062e-02
1.945056580007076263e-02
1.944759301841259003e-02
1.944462209939956665e-02
1.944165304303169250e-02
1.943869702517986298e-02
1.943574659526348114e-02
1.943279430270195007e-02
1.942982524633407593e-02
1.942685060203075409e-02
1.942387036979198456e-02
1.942088268697261810e-02
1.941789127886295319e-02
1.941489055752754211e-02
1.941188611090183258e-02
1.940887421369552612e-02
1.940585859119892120e-02
1.940284296870231628e-02
1.939982362091541290e-02
1.939680054783821106e-02
1.939377002418041229e-02
1.939073391258716583e-02
1.938769407570362091e-02
1.938464678823947906e-02
1.938159205019474030e-02
1.937853358685970306e-02
1.937546767294406891e-02
1.937239617109298706e-02
1.936932094395160675e-02
1.936623267829418182e-02
1.936314254999160767e-02
1.936004310846328735e-02
1.935693807899951935e-02
1.935382559895515442e-02
1.935070753097534180e-02
1.934758201241493225e-02
1.934444904327392578e-02
1.934130862355232239e-02
1.933816261589527130e-02
1.933500915765762329e-02
1.933184824883937836e-02
1.932868175208568573e-02
1.932550780475139618e-02
1.932233385741710663e-02
1.931915245950222015e-02
1.931597292423248291e-02
1.931279711425304413e-02
1.930963061749935150e-02
1.930648460984230042e-02
1.930337212979793549e-02
1.930031366646289825e-02
1.929734274744987488e-02
1.929460838437080383e-02
1.929428055882453918e-02
1.929131522774696350e-02
1.928786560893058777e-02
1.928305812180042267e-02
1.927861012518405914e-02
1.927562430500984192e-02
1.927307620644569397e-02
1.926853694021701813e-02
1.926452107727527618e-02
1.926094666123390198e-02
1.925804466009140015e-02
1.925445161759853363e-02
1.925078965723514557e-02
1.924722269177436829e-02
1.924405992031097412e-02
1.924047619104385376e-02
1.923695020377635956e-02
1.923335529863834381e-02
1.922971755266189575e-02
1.922615058720111847e-02
1.922276429831981659e-02
1.921909302473068237e-02
1.921540312469005585e-02
1.921185851097106934e-02
1.920836605131626129e-02
1.920481398701667786e-02
1.920100487768650055e-02
1.919733732938766479e-02
1.919378340244293213e-02
1.919008418917655945e-02
1.918630488216876984e-02
1.918258145451545715e-02
1.917886361479759216e-02
1.917519420385360718e-02
1.917139440774917603e-02
1.916763745248317719e-02
1.916387490928173065e-02
1.916007511317729950e-02
1.915626600384712219e-02
1.915246061980724335e-02
1.914860680699348450e-02
1.914475858211517334e-02
1.914087310433387756e-02
1.913701370358467102e-02
1.913313940167427063e-02
1.912924647331237793e-02
1.912534981966018677e-02
1.912170089781284332e-02
1.911768876016139984e-02
1.911369338631629944e-02
1.910973340272903442e-02
1.910581625998020172e-02
1.910188421607017517e-02
1.909791305661201477e-02
1.909395866096019745e-02
1.909003406763076782e-02
1.908608712255954742e-02
1.908213458955287933e-02
1.907815970480442047e-02
1.907421648502349854e-02
1.907027326524257660e-02
1.906631514430046082e-02
1.906235516071319580e-02
1.905840076506137848e-02
1.905445381999015808e-02
1.905050873756408691e-02
1.904655434191226959e-02
1.904260553419589996e-02
1.903866231441497803e-02
1.903472468256950378e-02
1.903078332543373108e-02
1.902684196829795837e-02
1.902290619909763336e-02
1.901898160576820374e-02
1.901505701243877411e-02
1.901113800704479218e-02
1.900722645223140717e-02
1.900333538651466370e-02
1.899946294724941254e-02
1.899562031030654907e-02
1.899181120097637177e-02
1.898805610835552216e-02
1.898435875773429871e-02
1.898071914911270142e-02
1.897711679339408875e-02
1.897348649799823761e-02
1.896973699331283569e-02
1.896577514708042145e-02
1.896156370639801025e-02
1.895717158913612366e-02
1.895272918045520782e-02
1.894838549196720123e-02
1.894420571625232697e-02
1.894015818834304810e-02
1.893620006740093231e-02
1.893228106200695038e-02
1.892838068306446075e-02
1.892448589205741882e-02
1.892059855163097382e-02
1.891668885946273804e-02
1.891275122761726379e-02
1.890873350203037262e-02
1.890475861728191376e-02
1.890057511627674103e-02
1.889638416469097137e-02
1.889223232865333557e-02
1.888817548751831055e-02
1.888420060276985168e-02
1.888024993240833282e-02
1.887626200914382935e-02
1.887222379446029663e-02
1.886817626655101776e-02
1.886413991451263428e-02
1.886012591421604156e-02
1.885609328746795654e-02
1.885202340781688690e-02
1.884791813790798187e-02
1.884379796683788300e-02
1.883969269692897797e-02
1.883559860289096832e-02
1.883153058588504791e-02
1.882759481668472290e-02
1.882349327206611633e-02
1.881941035389900208e-02
1.881523430347442627e-02
1.881105266511440277e-02
1.880688033998012543e-02
1.880275830626487732e-02
1.879867538809776306e-02
1.879456080496311188e-02
1.879042014479637146e-02
1.878622919321060181e-02
1.878203079104423523e-02
1.877783983945846558e-02
1.877366751432418823e-02
1.876950636506080627e-02
1.876532845199108124e-02
1.876114495098590851e-02
1.875693537294864655e-02
1.875272579491138458e-02
1.874853111803531647e-02
1.874436438083648682e-02
1.874027028679847717e-02
1.873641274869441986e-02
1.873264275491237640e-02
1.872938312590122223e-02
1.872677356004714966e-02
1.872520893812179565e-02
1.872543059289455414e-02
1.872826740145683289e-02
1.873512566089630127e-02
1.874605193734169006e-02
1.876049488782882690e-02
1.877332851290702820e-02
1.877961307764053345e-02
1.877236552536487579e-02
1.875201612710952759e-02
1.872267760336399078e-02
1.869450137019157410e-02
1.867459155619144440e-02
1.866410672664642334e-02
1.866051182150840759e-02
1.866162940859794617e-02
1.866635866463184357e-02
1.867335289716720581e-02
1.868085935711860657e-02
1.868667080998420715e-02
1.868956722319126129e-02
1.868700236082077026e-02
1.867971010506153107e-02
1.866755448281764984e-02
1.865196973085403442e-02
1.863494142889976501e-02
1.861966587603092194e-02
1.860751770436763763e-02
1.859800331294536591e-02
1.859052851796150208e-02
1.858519390225410461e-02
1.858175918459892273e-02
1.857944764196872711e-02
1.857797801494598389e-02
1.857791654765605927e-02
1.858011074364185333e-02
1.858503930270671844e-02
1.859342865645885468e-02
1.860539242625236511e-02
1.862053945660591125e-02
1.863373629748821259e-02
1.864026859402656555e-02
1.863244362175464630e-02
1.861231401562690735e-02
1.858367398381233215e-02
1.855489611625671387e-02
1.853063143789768219e-02
1.851312257349491119e-02
1.850182563066482544e-02
1.849520020186901093e-02
1.849191449582576752e-02
1.849147118628025055e-02
1.849416829645633698e-02
1.850088872015476227e-02
1.851344853639602661e-02
1.853309199213981628e-02
1.856054738163948059e-02
1.858799532055854797e-02
1.860509812831878662e-02
1.859527640044689178e-02
1.856096088886260986e-02
1.851352863013744354e-02
1.847074553370475769e-02
1.844052225351333618e-02
1.842384971678256989e-02
1.841818541288375854e-02
1.842094771564006805e-02
1.843078806996345520e-02
1.844750531017780304e-02
1.847176998853683472e-02
1.850190199911594391e-02
1.853306777775287628e-02
1.855034381151199341e-02
1.854395121335983276e-02
1.850814558565616608e-02
1.845920644700527191e-02
1.841180957853794098e-02
1.837669871747493744e-02
1.835551485419273376e-02
1.834612339735031128e-02
1.834570430219173431e-02
1.835247874259948730e-02
1.836614124476909637e-02
1.838722638785839081e-02
1.841639541089534760e-02
1.844962313771247864e-02
1.847831904888153076e-02
1.848435588181018829e-02
1.846238225698471069e-02
1.841520331799983978e-02
1.836342178285121918e-02
1.831978373229503632e-02
1.829031296074390411e-02
1.827385462820529938e-02
1.826751977205276489e-02
1.826903969049453735e-02
1.827763393521308899e-02
1.829440332949161530e-02
1.832145079970359802e-02
1.836044155061244965e-02
1.840425841510295868e-02
1.843726821243762970e-02
1.843230053782463074e-02
1.838942803442478180e-02
1.832386478781700134e-02
1.826450973749160767e-02
1.822272874414920807e-02
1.819965615868568420e-02
1.819130778312683105e-02
1.819430477917194366e-02
1.820746809244155884e-02
1.823147945106029510e-02
1.826823502779006958e-02
1.831522397696971893e-02
1.836255379021167755e-02
1.838242821395397186e-02
1.836083829402923584e-02
1.829893141984939575e-02
1.823007687926292419e-02
1.817343197762966156e-02
1.813703216612339020e-02
1.811827160418033600e-02
1.811290346086025238e-02
1.811815053224563599e-02
1.813368126749992371e-02
1.816172897815704346e-02
1.820440217852592468e-02
1.826032437384128571e-02
1.830951310694217682e-02
1.832603290677070618e-02
1.828488148748874664e-02
1.821222342550754547e-02
1.813670247793197632e-02
1.808178611099720001e-02
1.804934442043304443e-02
1.803493872284889221e-02
1.803397387266159058e-02
1.804460585117340088e-02
1.806810311973094940e-02
1.810735650360584259e-02
1.816461235284805298e-02
1.822726055979728699e-02
1.826930791139602661e-02
1.824961602687835693e-02
1.818099059164524078e-02
1.809328049421310425e-02
1.802374422550201416e-02
1.797953806817531586e-02
1.795727387070655823e-02
1.795108616352081299e-02
1.795774139463901520e-02
1.797763258218765259e-02
1.801394671201705933e-02
1.807105541229248047e-02
1.814147457480430603e-02
1.820172742009162903e-02
1.820086315274238586e-02
1.813870109617710114e-02
1.804209873080253601e-02
1.796058379113674164e-02
1.790649071335792542e-02
1.787767000496387482e-02
1.786709949374198914e-02
1.787048578262329102e-02
1.788762956857681274e-02
1.792199723422527313e-02
1.797966659069061279e-02
1.805713027715682983e-02
1.813305914402008057e-02
1.814761571586132050e-02
1.808936893939971924e-02
1.798251084983348846e-02
1.788961328566074371e-02
1.782738603651523590e-02
1.779403723776340485e-02
1.778110675513744354e-02
1.778341084718704224e-02
1.780064776539802551e-02
1.783685386180877686e-02
1.789926923811435699e-02
1.798477210104465485e-02
1.806983724236488342e-02
1.808520033955574036e-02
1.801969856023788452e-02
1.790225878357887268e-02
1.780358329415321350e-02
1.773915439844131470e-02
1.770508103072643280e-02
1.769169978797435760e-02
1.769365370273590088e-02
1.771115511655807495e-02
1.774950511753559113e-02
1.781819760799407959e-02
1.791502907872200012e-02
1.801221072673797607e-02
1.802479289472103119e-02
1.794437877833843231e-02
1.781150326132774353e-02
1.770684868097305298e-02
1.764243096113204956e-02
1.761039905250072479e-02
1.759973354637622833e-02
1.760552823543548584e-02
1.762969419360160828e-02
1.767970062792301178e-02
1.776590757071971893e-02
1.787574216723442078e-02
1.796358264982700348e-02
1.793429069221019745e-02
1.782096922397613525e-02
1.768482476472854614e-02
1.759082823991775513e-02
1.753705553710460663e-02
1.751111261546611786e-02
1.750297844409942627e-02
1.750969327986240387e-02
1.753554120659828186e-02
1.759140007197856903e-02
1.769247464835643768e-02
1.782342046499252319e-02
1.792052574455738068e-02
1.786131039261817932e-02
1.771371625363826752e-02
1.756385527551174164e-02
1.747192442417144775e-02
1.742598041892051697e-02
1.740940287709236145e-02
1.741312257945537567e-02
1.743794046342372894e-02
1.749439910054206848e-02
1.759344898164272308e-02
1.772844605147838593e-02
1.781405881047248840e-02
1.778959110379219055e-02
1.763975434005260468e-02
1.749772392213344574e-02
1.739890873432159424e-02
1.734395883977413177e-02
1.731471531093120575e-02
1.729996502399444580e-02
1.729552634060382843e-02
1.730351150035858154e-02
1.733428053557872772e-02
1.740973442792892456e-02
1.756223849952220917e-02
1.775751821696758270e-02
1.784664019942283630e-02
1.765628531575202942e-02
1.742788963019847870e-02
1.727904379367828369e-02
1.721733808517456055e-02
1.721101999282836914e-02
1.724446751177310944e-02
1.731869019567966461e-02
1.743083633482456207e-02
1.755253970623016357e-02
1.758654788136482239e-02
1.752967014908790588e-02
1.741202920675277710e-02
1.731907203793525696e-02
1.724968478083610535e-02
1.721067912876605988e-02
1.719002425670623779e-02
1.718764565885066986e-02
1.720148138701915741e-02
1.723972149193286896e-02
1.730146817862987518e-02
1.738416031002998352e-02
1.742878556251525879e-02
1.741635240614414215e-02
1.732433028519153595e-02
1.722613722085952759e-02
1.714313402771949768e-02
1.709040626883506775e-02
1.705708168447017670e-02
1.704192720353603363e-02
1.704405806958675385e-02
1.707464270293712616e-02
1.714882999658584595e-02
1.728764921426773071e-02
1.742955669760704041e-02
1.747022196650505066e-02
1.730721443891525269e-02
1.712508127093315125e-02
1.699198782444000244e-02
1.691929064691066742e-02
1.687959209084510803e-02
1.685662195086479187e-02
1.684345304965972900e-02
1.683898828923702240e-02
1.684989593923091888e-02
1.689894311130046844e-02
1.704655960202217102e-02
1.735784299671649933e-02
1.768089830875396729e-02
1.742026582360267639e-02
1.703312434256076813e-02
1.681412383913993835e-02
1.675519160926342010e-02
1.679745875298976898e-02
1.691908761858940125e-02
1.708452031016349792e-02
1.716639287769794464e-02
1.711435988545417786e-02
1.697748526930809021e-02
1.687885448336601257e-02
1.682877354323863983e-02
1.684021390974521637e-02
1.690157875418663025e-02
1.701821759343147278e-02
1.708949729800224304e-02
1.707665994763374329e-02
1.693936809897422791e-02
1.679868251085281372e-02
1.669078879058361053e-02
1.662750914692878723e-02
1.659193262457847595e-02
1.657739095389842987e-02
1.658576913177967072e-02
1.664098352193832397e-02
1.678558625280857086e-02
1.707088015973567963e-02
1.725733466446399689e-02
1.712753809988498688e-02
1.677692122757434845e-02
1.655844040215015411e-02
1.645635813474655151e-02
1.641575992107391357e-02
1.640391722321510315e-02
1.641885191202163696e-02
1.648305542767047882e-02
1.664881780743598938e-02
1.696642488241195679e-02
1.717504486441612244e-02
1.703995652496814728e-02
1.666063815355300903e-02
1.644008979201316833e-02
1.633659936487674713e-02
1.628985255956649780e-02
1.626262627542018890e-02
1.624163798987865448e-02
1.622334867715835571e-02
1.620843261480331421e-02
1.619678176939487457e-02
1.618978194892406464e-02
1.619340293109416962e-02
1.622863300144672394e-02
1.634003221988677979e-02
1.659144647419452667e-02
1.668685115873813629e-02
1.674822345376014709e-02
1.679968833923339844e-02
1.650575175881385803e-02
1.616955921053886414e-02
1.607085764408111572e-02
1.613393612205982208e-02
1.627897657454013824e-02
1.635637506842613220e-02
1.635885611176490784e-02
1.658951863646507263e-02
1.669169589877128601e-02
1.654115878045558929e-02
1.635666564106941223e-02
1.635863073170185089e-02
1.624068617820739746e-02
1.610069908201694489e-02
1.606407575309276581e-02
1.612087897956371307e-02
1.613762229681015015e-02
1.611124165356159210e-02
1.606754958629608154e-02
1.617045700550079346e-02
1.636232808232307434e-02
1.647048443555831909e-02
1.640572957694530487e-02
1.628954894840717316e-02
1.602905429899692535e-02
1.588010042905807495e-02
1.581683009862899780e-02
1.582694239914417267e-02
1.589791104197502136e-02
1.605095714330673218e-02
1.625108718872070312e-02
1.638636738061904907e-02
1.618952117860317230e-02
1.597538590431213379e-02
1.582215167582035065e-02
1.577694900333881378e-02
1.579405181109905243e-02
1.589478552341461182e-02
1.601165533065795898e-02
1.607335731387138367e-02
1.596475206315517426e-02
1.584359817206859589e-02
1.573373004794120789e-02
1.569886878132820129e-02
1.571734435856342316e-02
1.582109183073043823e-02
1.588985510170459747e-02
1.590830832719802856e-02
1.579830609261989594e-02
1.570509001612663269e-02
1.561887655407190323e-02
1.559852156788110733e-02
1.561098452657461166e-02
1.567821763455867767e-02
1.568917185068130493e-02
1.568394899368286133e-02
1.560918614268302917e-02
1.555871032178401947e-02
1.550534274429082870e-02
1.551228854805231094e-02
1.551827788352966309e-02
1.555320061743259430e-02
1.551631372421979904e-02
1.548825111240148544e-02
1.542455796152353287e-02
1.539460662752389908e-02
1.535982638597488403e-02
1.537497714161872864e-02
1.536658499389886856e-02
1.537713874131441116e-02
1.532784104347229004e-02
1.530514005571603775e-02
1.525747030973434448e-02
1.524818316102027893e-02
1.522151567041873932e-02
1.522989477962255478e-02
1.519523281604051590e-02
1.518100220710039139e-02
1.512624230235815048e-02
1.511106174439191818e-02
1.507768407464027405e-02
1.508182752877473831e-02
1.505752652883529663e-02
1.505847927182912827e-02
1.501010544598102570e-02
1.498899422585964203e-02
1.493572071194648743e-02
1.492646709084510803e-02
1.489407382905483246e-02
1.489475369453430176e-02
1.486011128872632980e-02
1.485091168433427811e-02
1.479984913021326065e-02
1.478398311883211136e-02
1.473862025886774063e-02
1.473440788686275482e-02
1.469634380191564560e-02
1.468708366155624390e-02
1.464288681745529175e-02
1.463150046765804291e-02
1.458458881825208664e-02
1.457511540502309799e-02
1.452822238206863403e-02
1.451562996953725815e-02
1.446424517780542374e-02
1.444608438760042191e-02
1.440332457423210144e-02
1.440121512860059738e-02
1.436226628720760345e-02
1.435378566384315491e-02
1.429404970258474350e-02
1.426730863749980927e-02
1.420746184885501862e-02
1.419004704803228378e-02
1.415193174034357071e-02
1.415318157523870468e-02
1.411116588860750198e-02
1.409552246332168579e-02
1.402650400996208191e-02
1.399738062173128128e-02
1.393809355795383453e-02
1.392134185880422592e-02
1.387421973049640656e-02
1.386313047260046005e-02
1.381622161716222763e-02
1.380568370223045349e-02
1.374424435198307037e-02
1.371987536549568176e-02
1.364915352314710617e-02
1.361697912216186523e-02
1.355063077062368393e-02
1.352648530155420303e-02
1.348133478313684464e-02
1.348197460174560547e-02
1.343469694256782532e-02
1.341671869158744812e-02
1.333052013069391251e-02
1.328690070658922195e-02
1.320664864033460617e-02
1.316741481423377991e-02
1.309675816446542740e-02
1.307020708918571472e-02
1.302932482212781906e-02
1.304774172604084015e-02
1.300592347979545593e-02
1.298317406326532364e-02
1.286378968507051468e-02
1.279419567435979843e-02
1.269664894789457321e-02
1.264067366719245911e-02
1.254338398575782776e-02
1.247388496994972229e-02
1.239001192152500153e-02
1.239840034395456314e-02
1.245826110243797302e-02
1.264402363449335098e-02
1.254134811460971832e-02
1.234379690140485764e-02
1.210023183375597000e-02
1.202005427330732346e-02
1.200241688638925552e-02
1.202978380024433136e-02
1.204037107527256012e-02
1.256512757390737534e-02
1.277490891516208649e-02
1.199420727789402008e-02
1.174413040280342102e-02
1.157124899327754974e-02
1.127011422067880630e-02
1.122185867279767990e-02
1.157145015895366669e-02
1.206733100116252899e-02
1.168824080377817154e-02
1.135101541876792908e-02
1.128950621932744980e-02
1.150392554700374603e-02
1.165795046836137772e-02
1.142568234354257584e-02
1.111441291868686676e-02
1.107284054160118103e-02
1.140079367905855179e-02
1.188039220869541168e-02
1.156142819672822952e-02
1.110168732702732086e-02
1.097400207072496414e-02
1.128283143043518066e-02
1.143749151378870010e-02
1.137263327836990356e-02
1.122715603560209274e-02
1.105589140206575394e-02
1.100079622119665146e-02
1.076501701027154922e-02
1.129201892763376236e-02
1.126070972532033920e-02
1.082568895071744919e-02
1.057489030063152313e-02
1.037232950329780579e-02
1.098740566521883011e-02
1.238822564482688904e-02
1.202756166458129883e-02
1.405664440244436264e-02
1.145887840539216995e-02
1.243539806455373764e-02
1.164071634411811829e-02
1.049100048840045929e-02
1.069627050310373306e-02
1.125978026539087296e-02
1.202115509659051895e-02
1.460802555084228516e-02
1.295464672148227692e-02
1.116196159273386002e-02
1.101388968527317047e-02
1.120061986148357391e-02
1.067993883043527603e-02
1.051126699894666672e-02
1.154545042663812637e-02
1.184921059757471085e-02
1.116045843809843063e-02
1.122790016233921051e-02
1.103418786078691483e-02
1.075603812932968140e-02
1.071706973016262054e-02
1.097391173243522644e-02
1.137916091829538345e-02
1.084906700998544693e-02
1.010300312191247940e-02
1.014776341617107391e-02
1.235549710690975189e-02
1.218255516141653061e-02
1.132770162075757980e-02
1.153646502643823624e-02
1.163106597959995270e-02
1.206035260111093521e-02
1.215340849012136459e-02
1.100841909646987915e-02
1.058206520974636078e-02
1.057930011302232742e-02
1.053085643798112869e-02
1.084537617862224579e-02
1.204739790409803391e-02
1.294814329594373703e-02
1.108421105891466141e-02
1.079394109547138214e-02
1.135526504367589951e-02
1.056462619453668594e-02
9.936116635799407959e-03
1.018965151160955429e-02
1.131924055516719818e-02
1.291110552847385406e-02
1.165789645165205002e-02
1.057376060634851456e-02
1.020188070833683014e-02
1.009410340338945389e-02
1.002095360308885574e-02
1.067501306533813477e-02
1.185046788305044174e-02
1.032719574868679047e-02
1.127381809055805206e-02
1.172509882599115372e-02
1.046459190547466278e-02
1.260620076209306717e-02
1.139511074870824814e-02
1.261780597269535065e-02
1.326629519462585449e-02
1.059065200388431549e-02
1.276929490268230438e-02
1.399893965572118759e-02
1.375727541744709015e-02
1.242695469409227371e-02
1.194648630917072296e-02
1.185373309999704361e-02
1.293905451893806458e-02
1.133385300636291504e-02
1.280948147177696228e-02
1.090993080288171768e-02
1.114047691226005554e-02
1.106983423233032227e-02
1.180552691221237183e-02
1.101903431117534637e-02
1.292478479444980621e-02
1.241532247513532639e-02
1.094123255461454391e-02
1.100585702806711197e-02
1.187674142420291901e-02
1.076995488256216049e-02
1.182732544839382172e-02
1.282797940075397491e-02
1.118495967239141464e-02
1.110755279660224915e-02
1.156923547387123108e-02
1.049275789409875870e-02
1.270993240177631378e-02
1.101386826485395432e-02
1.141365990042686462e-02
1.129014976322650909e-02
1.195284724235534668e-02
1.172886881977319717e-02
1.068503782153129578e-02
1.222492661327123642e-02
1.226004119962453842e-02
1.256016828119754791e-02
1.149959955364465714e-02
1.121602579951286316e-02
1.143722422420978546e-02
1.221744809299707413e-02
1.119091175496578217e-02
1.283805165439844131e-02
1.211376767605543137e-02
1.203482504934072495e-02
1.226501818746328354e-02
1.134399045258760452e-02
1.301013026386499405e-02
1.071513816714286804e-02
1.473987102508544922e-02
1.173375826328992844e-02
1.344550773501396179e-02
1.241514179855585098e-02
1.117265969514846802e-02
1.346471905708312988e-02
1.175270229578018188e-02
1.117063779383897781e-02
1.161156315356492996e-02
1.229449547827243805e-02
1.043933909386396408e-02
1.282205246388912201e-02
1.172402594238519669e-02
1.097309589385986328e-02
1.230466645210981369e-02
1.245173532515764236e-02
1.034506317228078842e-02
1.191053166985511780e-02
1.093122269958257675e-02
1.185877062380313873e-02
1.119907293468713760e-02
1.017340272665023804e-02
1.073624752461910248e-02
9.949322789907455444e-03
1.045433431863784790e-02
1.048696972429752350e-02
1.132055278867483139e-02
1.076286751776933670e-02
1.113509759306907654e-02
1.012202166020870209e-02
1.046442426741123199e-02
1.003539282828569412e-02
1.047060824930667877e-02
1.010148134082555771e-02
1.084947120398283005e-02
1.015244238078594208e-02
1.079958304762840271e-02
1.016727928072214127e-02
1.188812404870986938e-02
1.081354822963476181e-02
1.022068411111831665e-02
1.014434546232223511e-02
1.139152981340885162e-02
1.099123340100049973e-02
1.044141501188278198e-02
1.012742146849632263e-02
1.074535492807626724e-02
9.732552804052829742e-03
9.875907562673091888e-03
1.020158547908067703e-02
1.143688708543777466e-02
1.060666423290967941e-02
1.033590920269489288e-02
1.004327461123466492e-02
9.734937921166419983e-03
1.022948976606130600e-02
9.773812256753444672e-03
9.763547219336032867e-03
1.038116123527288437e-02
1.078754290938377380e-02
1.155059225857257843e-02
1.103142742067575455e-02
9.673926047980785370e-03
9.796639904379844666e-03
1.154762879014015198e-02
1.171326264739036560e-02
9.961910545825958252e-03
1.056853774935007095e-02
1.114256586879491806e-02
1.152997370809316635e-02
1.009375974535942078e-02
9.315794333815574646e-03
9.048738516867160797e-03
9.086404927074909210e-03
9.504212997853755951e-03
1.045840419828891754e-02
1.188642252236604691e-02
1.015460863709449768e-02
1.278145890682935715e-02
9.809685871005058289e-03
1.117096561938524246e-02
1.192998420447111130e-02
9.370165877044200897e-03
9.993027895689010620e-03
1.107888855040073395e-02
1.036705169826745987e-02
1.007686275988817215e-02
1.035128440707921982e-02
9.778322651982307434e-03
1.014595106244087219e-02
1.116971019655466080e-02
1.073133572936058044e-02
9.176084771752357483e-03
9.455647319555282593e-03
1.049413066357374191e-02
9.545180015265941620e-03
9.969422593712806702e-03
1.073461025953292847e-02
1.153619959950447083e-02
1.064546592533588409e-02
1.009151246398687363e-02
1.051185280084609985e-02
1.056414097547531128e-02
1.017295103520154953e-02
9.788577444851398468e-03
9.988303296267986298e-03
1.059108041226863861e-02
1.094922795891761780e-02
1.070000883191823959e-02
1.013133022934198380e-02
9.365269914269447327e-03
9.125340729951858521e-03
9.111157618463039398e-03
9.347396902740001678e-03
1.024763565510511398e-02
1.200048811733722687e-02
1.116146892309188843e-02
1.059494353830814362e-02
9.919469244778156281e-03
1.010070182383060455e-02
1.000628620386123657e-02
9.628099389374256134e-03
9.424163959920406342e-03
1.008293591439723969e-02
1.134493947029113770e-02
1.148265507072210312e-02
1.031217072159051895e-02
9.642716497182846069e-03
9.317915886640548706e-03
9.510507807135581970e-03
1.007671281695365906e-02
9.668579325079917908e-03
9.801950305700302124e-03
1.040985621511936188e-02
1.044647675007581711e-02
1.002286002039909363e-02
9.836798533797264099e-03
9.615352377295494080e-03
9.728326462209224701e-03
1.060833409428596497e-02
1.071779523044824600e-02
1.038160827010869980e-02
9.863588958978652954e-03
9.579121135175228119e-03
9.813349694013595581e-03
1.062900293618440628e-02
1.009779423475265503e-02
9.759354405105113983e-03
9.825089015066623688e-03
1.026352867484092712e-02
1.021609548479318619e-02
1.018231362104415894e-02
1.037181634455919266e-02
1.018854696303606033e-02
9.178546257317066193e-03
8.937236852943897247e-03
9.151776321232318878e-03
9.775299578905105591e-03
9.996509179472923279e-03
1.078361552208662033e-02
1.175830233842134476e-02
9.895555675029754639e-03
8.996853604912757874e-03
9.264766238629817963e-03
9.861853905022144318e-03
1.035298593342304230e-02
1.011150795966386795e-02
1.074564736336469650e-02
1.256812084466218948e-02
1.086840126663446426e-02
1.187249459326267242e-02
1.194096077233552933e-02
1.059030089527368546e-02
1.138442289084196091e-02
1.092971116304397583e-02
1.169797033071517944e-02
1.209058612585067749e-02
1.095366757363080978e-02
1.112873293459415436e-02
9.891583584249019623e-03
1.033497694879770279e-02
1.176835782825946808e-02
1.041856873780488968e-02
1.213633269071578979e-02
1.168194413185119629e-02
1.076665427535772324e-02
1.423377264291048050e-02
1.195522211492061615e-02
1.054193265736103058e-02
1.354814413934946060e-02
1.273984275758266449e-02
1.397437322884798050e-02
1.305780280381441116e-02
1.216715201735496521e-02
1.437884941697120667e-02
1.269168499857187271e-02
1.215073373168706894e-02
1.261294633150100708e-02
1.382139325141906738e-02
1.211055368185043335e-02
1.360039506107568741e-02
1.322043873369693756e-02
1.071133650839328766e-02
1.199020259082317352e-02
1.132657658308744431e-02
1.133982185274362564e-02
1.165740378201007843e-02
1.079745311290025711e-02
1.124766096472740173e-02
1.000846736133098602e-02
1.200734451413154602e-02
1.082506868988275528e-02
1.025332231074571609e-02
9.997259825468063354e-03
1.174137555062770844e-02
1.167727634310722351e-02
1.036167144775390625e-02
1.119855325669050217e-02
9.366383776068687439e-03
1.244981493800878525e-02
1.051192078739404678e-02
1.216523442417383194e-02
1.185218896716833115e-02
1.069898717105388641e-02
1.186776161193847656e-02
1.153747178614139557e-02
1.022957824170589447e-02
1.016741991043090820e-02
1.000624895095825195e-02
1.024906523525714874e-02
1.020656619220972061e-02
1.101068779826164246e-02
1.092309132218360901e-02
9.305862709879875183e-03
9.201553650200366974e-03
9.461033158004283905e-03
1.067680958658456802e-02
1.110213994979858398e-02
1.096209790557622910e-02
9.160326793789863586e-03
9.029272943735122681e-03
9.432002902030944824e-03
1.062170229852199554e-02
1.000477187335491180e-02
1.009018626064062119e-02
9.672367013990879059e-03
9.780341759324073792e-03
1.079059857875108719e-02
9.577106684446334839e-03
1.050057075917720795e-02
1.110797747969627380e-02
9.406204335391521454e-03
9.977799840271472931e-03
9.979962371289730072e-03
9.522741660475730896e-03
1.011773478239774704e-02
1.043974049389362335e-02
9.577335789799690247e-03
9.525785222649574280e-03
9.705159813165664673e-03
9.609456174075603485e-03
9.230270981788635254e-03
9.424845688045024872e-03
9.897578507661819458e-03
1.097231265157461166e-02
1.021694298833608627e-02
9.563910774886608124e-03
9.166135452687740326e-03
9.160948917269706726e-03
9.207026101648807526e-03
9.154231287539005280e-03
9.761285036802291870e-03
9.652867913246154785e-03
9.405054152011871338e-03
1.026345882564783096e-02
9.469661861658096313e-03
1.087072398513555527e-02
1.223813556134700775e-02
9.831390343606472015e-03
8.807294070720672607e-03
8.702811785042285919e-03
9.260419756174087524e-03
1.049954257905483246e-02
1.148848515003919601e-02
1.163583248853683472e-02
1.019815728068351746e-02
9.893914684653282166e-03
9.791906923055648804e-03
9.828859940171241760e-03
9.936707094311714172e-03
1.051039807498455048e-02
1.042755879461765289e-02
1.008451823145151138e-02
9.757635183632373810e-03
9.780537337064743042e-03
9.908059611916542053e-03
1.039530523121356964e-02
1.040198467671871185e-02
1.024861820042133331e-02
9.684630669653415680e-03
9.248670190572738647e-03
9.115178138017654419e-03
9.361924603581428528e-03
1.002391055226325989e-02
1.080896053463220596e-02
1.064831763505935669e-02
9.969849139451980591e-03
9.202018380165100098e-03
9.106486104428768158e-03
9.637741371989250183e-03
1.083672605454921722e-02
1.072426699101924896e-02
9.624850936233997345e-03
9.281745180487632751e-03
9.193995036184787750e-03
9.096788242459297180e-03
9.011004120111465454e-03
9.054735302925109863e-03
9.824964217841625214e-03
1.044824160635471344e-02
9.780527092516422272e-03
1.147922128438949585e-02
1.100861746817827225e-02
8.874147199094295502e-03
9.313503280282020569e-03
9.701902046799659729e-03
9.243480861186981201e-03
1.006032712757587433e-02
1.004070881754159927e-02
1.047104876488447189e-02
1.034970022737979889e-02
1.081484183669090271e-02
1.028733514249324799e-02
9.567499160766601562e-03
8.874359540641307831e-03
8.667218498885631561e-03
8.815863169729709625e-03
9.675707668066024780e-03
1.044862903654575348e-02
1.061120163649320602e-02
1.053217612206935883e-02
9.227670729160308838e-03
8.868607692420482635e-03
8.908581919968128204e-03
9.474987164139747620e-03
1.112460624426603317e-02
1.156470086425542831e-02
9.575004689395427704e-03
8.798373863101005554e-03
8.898603729903697968e-03
9.089962579309940338e-03
9.426305070519447327e-03
1.052988134324550629e-02
1.129227597266435623e-02
1.027705054730176926e-02
9.578100405633449554e-03
9.446044452488422394e-03
9.440546855330467224e-03
9.248745627701282501e-03
9.229578077793121338e-03
9.805093519389629364e-03
1.054966356605291367e-02
1.113221049308776855e-02
1.017101202160120010e-02
8.898612111806869507e-03
8.814118802547454834e-03
9.170055389404296875e-03
9.952577762305736542e-03
1.015431154519319534e-02
9.610217064619064331e-03
9.992193430662155151e-03
9.419155307114124298e-03
9.224766865372657776e-03
1.014233380556106567e-02
1.043455395847558975e-02
1.003782358020544052e-02
1.078328024595975876e-02
9.921055287122726440e-03
8.851001039147377014e-03
8.937279693782329559e-03
9.396330453455448151e-03
1.010735612362623215e-02
1.049079559743404388e-02
1.163512561470270157e-02
9.366222657263278961e-03
8.889554999768733978e-03
9.167362935841083527e-03
9.293309412896633148e-03
9.734105318784713745e-03
1.072952058166265488e-02
9.762336499989032745e-03
9.399436414241790771e-03
1.067755930125713348e-02
1.085045374929904938e-02
9.557086043059825897e-03
9.423057548701763153e-03
1.033160928636789322e-02
9.960685856640338898e-03
9.730457328259944916e-03
9.628293104469776154e-03
1.102059520781040192e-02
9.381720796227455139e-03
8.741104044020175934e-03
8.849017322063446045e-03
1.007050368934869766e-02
1.143784169107675552e-02
1.022572163492441177e-02
9.251887910068035126e-03
9.335149079561233521e-03
1.088570617139339447e-02
1.109509449452161789e-02
9.780537337064743042e-03
8.858836255967617035e-03
9.001044556498527527e-03
1.004358567297458649e-02
1.117330044507980347e-02
9.981452487409114838e-03
1.060668472200632095e-02
1.012062560766935349e-02
8.885582908987998962e-03
9.663238190114498138e-03
9.777847677469253540e-03
8.791025727987289429e-03
8.514792658388614655e-03
9.281623177230358124e-03
1.102267857640981674e-02
1.054554618895053864e-02
1.047647465020418167e-02
1.015807967633008957e-02
8.470423519611358643e-03
8.534099906682968140e-03
9.540790691971778870e-03
1.004914008080959320e-02
9.187727235257625580e-03
9.672879241406917572e-03
1.067483332008123398e-02
1.121382322162389755e-02
1.029075309634208679e-02
9.063717909157276154e-03
8.808312006294727325e-03
9.199345484375953674e-03
9.606729261577129364e-03
9.738642722368240356e-03
1.022461988031864166e-02
1.150663755834102631e-02
1.034812349826097488e-02
9.201969951391220093e-03
9.529802016913890839e-03
1.021320372819900513e-02
9.984954260289669037e-03
1.006730087101459503e-02
9.479670785367488861e-03
9.234730154275894165e-03
9.842444211244583130e-03
1.151080615818500519e-02
1.009166985750198364e-02
9.204641915857791901e-03
9.025086648762226105e-03
9.329031221568584442e-03
9.282011538743972778e-03
9.464632719755172729e-03
1.021706685423851013e-02
9.914465248584747314e-03
9.693128056824207306e-03
9.959256276488304138e-03
9.887068532407283783e-03
8.874264545738697052e-03
9.249916300177574158e-03
1.045288238674402237e-02
9.546850807964801788e-03
8.714080788195133209e-03
8.886374533176422119e-03
1.059430744498968124e-02
1.123886089771986008e-02
1.063431613147258759e-02
9.247801266610622406e-03
9.046300314366817474e-03
9.559914469718933105e-03
1.060652825981378555e-02
8.657578378915786743e-03
8.624869398772716522e-03
9.686949662864208221e-03
1.064284890890121460e-02
1.049969065934419632e-02
1.061466336250305176e-02
9.277543984353542328e-03
9.136747568845748901e-03
1.011338457465171814e-02
9.607300162315368652e-03
1.090466510504484177e-02
1.059326436370611191e-02
8.517011068761348724e-03
9.469213895499706268e-03
1.069796644151210785e-02
9.641578420996665955e-03
9.926389902830123901e-03
8.931511081755161285e-03
9.827611967921257019e-03
9.712961502373218536e-03
9.907001629471778870e-03
1.025268901139497757e-02
1.014325767755508423e-02
8.939542807638645172e-03
9.170419536530971527e-03
9.612546302378177643e-03
9.047247469425201416e-03
9.016866795718669891e-03
8.828252553939819336e-03
9.359630756080150604e-03
1.071621570736169815e-02
9.278892539441585541e-03
8.677679114043712616e-03
9.146981872618198395e-03
1.094367168843746185e-02
1.074750814586877823e-02
1.034565456211566925e-02
8.971503935754299164e-03
9.032337926328182220e-03
1.025299075990915298e-02
1.109421253204345703e-02
1.088021788746118546e-02
9.385939687490463257e-03
8.979839272797107697e-03
8.743029087781906128e-03
8.745441213250160217e-03
8.671985007822513580e-03
9.282493963837623596e-03
1.013518217951059341e-02
9.060219861567020416e-03
9.363885968923568726e-03
9.406846016645431519e-03
9.996672160923480988e-03
1.174705941230058670e-02
1.011659577488899231e-02
8.819069713354110718e-03
9.756769984960556030e-03
1.065689232200384140e-02
9.247628040611743927e-03
8.878679014742374420e-03
9.038027375936508179e-03
9.291161783039569855e-03
9.684033691883087158e-03
1.062494609504938126e-02
1.107602473348379135e-02
9.825204499065876007e-03
9.151064790785312653e-03
8.842077106237411499e-03
8.601481094956398010e-03
8.520418778061866760e-03
8.912040852010250092e-03
1.029280107468366623e-02
1.131284236907958984e-02
1.051252242177724838e-02
8.687812834978103638e-03
8.305867202579975128e-03
8.573999628424644470e-03
9.025322273373603821e-03
9.405310265719890594e-03
1.034783199429512024e-02
1.012763474136590958e-02
9.427309036254882812e-03
1.007152535021305084e-02
1.072431821376085281e-02
9.729165583848953247e-03
9.828750044107437134e-03
9.990093298256397247e-03
8.807228878140449524e-03
1.021200791001319885e-02
1.132934447377920151e-02
1.015291549265384674e-02
1.134125981479883194e-02
1.066170074045658112e-02
9.009273722767829895e-03
9.155131876468658447e-03
9.877515025436878204e-03
1.066262740641832352e-02
1.078283041715621948e-02
9.180871769785881042e-03
8.517741225659847260e-03
9.098697453737258911e-03
9.896822273731231689e-03
9.723104536533355713e-03
9.854517877101898193e-03
1.050346251577138901e-02
9.733722545206546783e-03
8.866317570209503174e-03
9.142381139099597931e-03
1.084813848137855530e-02
1.002429518848657608e-02
1.054489891976118088e-02
1.096693985164165497e-02
1.012525893747806549e-02
9.798790328204631805e-03
1.176255568861961365e-02
9.352397173643112183e-03
1.162042003124952316e-02
1.138619892299175262e-02
1.080275513231754303e-02
1.203014142811298370e-02
9.371303021907806396e-03
1.003376767039299011e-02
1.141484454274177551e-02
9.192636236548423767e-03
1.036056503653526306e-02
1.162849552929401398e-02
1.051178015768527985e-02
1.037131156772375107e-02
1.008301135152578354e-02
1.161894667893648148e-02
1.073899399489164352e-02
8.868968114256858826e-03
1.023094076663255692e-02
1.228998322039842606e-02
9.638460353016853333e-03
1.064487546682357788e-02
1.073699444532394409e-02
9.183584712445735931e-03
1.110234297811985016e-02
1.171859819442033768e-02
1.078727375715970993e-02
1.190464291721582413e-02
1.028001401573419571e-02
1.007144432514905930e-02
1.269575487822294235e-02
9.810870513319969177e-03
1.259540300816297531e-02
9.866592474281787872e-03
1.182137150317430496e-02
1.227427739650011063e-02
9.725621901452541351e-03
1.156916283071041107e-02
1.152111496776342392e-02
9.408626705408096313e-03
1.120406854897737503e-02
9.690266102552413940e-03
1.016191765666007996e-02
1.222604420036077499e-02
9.246573783457279205e-03
1.170601695775985718e-02
9.751404635608196259e-03
9.579086676239967346e-03
1.003832556307315826e-02
1.015910878777503967e-02
9.697181172668933868e-03
9.886712767183780670e-03
8.785592392086982727e-03
9.934931993484497070e-03
1.060024183243513107e-02
1.000466663390398026e-02
9.680789895355701447e-03
9.363546036183834076e-03
8.768239989876747131e-03
9.153457358479499817e-03
8.830120787024497986e-03
9.239344857633113861e-03
1.015138160437345505e-02
1.152361556887626648e-02
1.078104227781295776e-02
9.399858303368091583e-03
8.714456111192703247e-03
8.854449726641178131e-03
9.597924537956714630e-03
9.386912919580936432e-03
9.022613056004047394e-03
9.889692999422550201e-03
9.686482138931751251e-03
9.093245491385459900e-03
1.038582250475883484e-02
9.402115829288959503e-03
8.826415054500102997e-03
1.016710512340068817e-02
9.893527254462242126e-03
8.927750401198863983e-03
9.093729779124259949e-03
1.006767060607671738e-02
9.934401139616966248e-03
1.039671618491411209e-02
9.473828598856925964e-03
1.015787944197654724e-02
1.209886092692613602e-02
8.445301093161106110e-03
1.220299955457448959e-02
1.184115558862686157e-02
1.132994983345270157e-02
1.157605927437543869e-02
9.510897099971771240e-03
1.006066240370273590e-02
9.439755231142044067e-03
1.015516370534896851e-02
1.076118554919958115e-02
9.760465472936630249e-03
9.113245643675327301e-03
1.001840550452470779e-02
9.416463784873485565e-03
9.443066082894802094e-03
1.008863002061843872e-02
9.642412886023521423e-03
1.097060367465019226e-02
9.731732308864593506e-03
8.850206620991230011e-03
8.839884772896766663e-03
9.470016695559024811e-03
1.025470159947872162e-02
1.141182146966457367e-02
1.096296031028032303e-02
8.779897354543209076e-03
8.627985604107379913e-03
1.069579087197780609e-02
1.125737186521291733e-02
1.002232544124126434e-02
9.823223575949668884e-03
9.240523912012577057e-03
9.377817623317241669e-03
9.894886985421180725e-03
1.048883702605962753e-02
9.924651123583316803e-03
9.933574125170707703e-03
9.415382519364356995e-03
8.779509924352169037e-03
8.656813763082027435e-03
8.825445547699928284e-03
8.871506899595260620e-03
1.000173110514879227e-02
1.075270492583513260e-02
9.282675571739673615e-03
9.337299503386020660e-03
1.004265155643224716e-02
8.985236287117004395e-03
1.020065415650606155e-02
1.029441505670547485e-02
9.790347889065742493e-03
1.030290964990854263e-02
9.254637174308300018e-03
9.329090826213359833e-03
9.999429807066917419e-03
1.042882166802883148e-02
9.817089885473251343e-03
9.427399374544620514e-03
9.400507435202598572e-03
8.775915950536727905e-03
8.570465259253978729e-03
9.225381538271903992e-03
1.053680758923292160e-02
1.061882264912128448e-02
8.792379871010780334e-03
9.912237524986267090e-03
1.140654552727937698e-02
1.094141136854887009e-02
1.083326339721679688e-02
9.350539185106754303e-03
1.058694627135992050e-02
9.934394620358943939e-03
8.446862921118736267e-03
8.566634729504585266e-03
1.017384976148605347e-02
1.240645162761211395e-02
1.002266537398099899e-02
9.442060254514217377e-03
1.073599141091108322e-02
8.646359667181968689e-03
9.395522996783256531e-03
1.118037104606628418e-02
9.314176626503467560e-03
9.094797074794769287e-03
1.060714852064847946e-02
1.107629667967557907e-02
9.146361611783504486e-03
8.693421259522438049e-03
9.860444813966751099e-03
9.801727719604969025e-03
9.037796407938003540e-03
8.754495531320571899e-03
9.684038348495960236e-03
1.091094221919775009e-02
1.031833328306674957e-02
