{
  "restart": 18,
  "seed": 76,
  "iters": 30000,
  "lr": 0.05,
  "best_iter": 29421,
  "best_cost": 0.0009339350508525968,
  "best_alphaD_mean": 0.00013746807657455574,
  "n": 13
}