tier,restart_idx,param_seed,final_train_cost,final_test_cost
10,0,196001598,7.757577e-02,1.062445e-01
10,1,196001599,2.451109e-01,8.720016e-02
10,2,196001600,1.343043e-01,1.608772e-01
10,3,196001601,9.670089e-02,1.565731e-01
10,4,196001602,6.229319e-02,6.149756e-02
10,5,196001603,8.966422e-02,6.955809e-02
10,6,196001604,7.141465e-02,7.971367e-01
10,7,196001605,2.284051e-02,6.722749e-02
10,8,196001606,9.634436e-02,1.071986e-01
10,9,196001607,3.842890e-02,8.171587e-02
