tier,restart_idx,param_seed,final_train_cost,final_test_cost
2,0,206000820,1.335093e-02,7.708137e+00
2,1,206000821,6.001072e-03,3.373064e+00
2,2,206000822,7.692851e-03,1.404449e+01
2,3,206000823,3.251258e-03,5.023823e+00
2,4,206000824,3.330237e-03,3.690459e+00
2,5,206000825,2.401650e-02,1.669637e+01
2,6,206000826,7.310589e-03,4.491205e+00
2,7,206000827,1.592186e-03,1.757106e+00
2,8,206000828,7.690503e-02,3.984637e+01
2,9,206000829,1.430621e-02,6.585094e+00
