tier,restart_idx,param_seed,final_train_cost,final_test_cost
10,0,206001628,2.337224e-02,7.444641e-02
10,1,206001629,4.012359e-01,3.031712e-01
10,2,206001630,5.561243e-02,8.232807e-02
10,3,206001631,1.113088e-01,3.236452e-02
10,4,206001632,3.184051e-01,2.391037e-01
10,5,206001633,8.016188e-02,8.389905e-02
10,6,206001634,8.386716e-02,1.778849e-01
10,7,206001635,3.511925e-02,1.829971e-01
10,8,206001636,7.447394e-02,8.470222e-02
10,9,206001637,1.781316e-01,9.004147e-02
