tier,restart_idx,param_seed,final_train_cost,final_test_cost
4,0,206001022,7.850793e-03,2.199308e-01
4,1,206001023,6.962206e-03,3.076718e-01
4,2,206001024,2.827869e-02,1.030288e+00
4,3,206001025,1.947967e-02,7.241617e-01
4,4,206001026,8.727152e-03,1.505397e+00
4,5,206001027,1.628708e-02,7.293543e-01
4,6,206001028,1.507480e-01,1.766787e+00
4,7,206001029,2.749676e-02,8.602442e-01
4,8,206001030,2.375742e-02,1.082575e+00
4,9,206001031,2.737802e-02,8.121846e-01
