tier,restart_idx,param_seed,final_train_cost,final_test_cost
8,0,206001426,6.755213e-02,2.288543e-01
8,1,206001427,1.127029e-01,3.068767e-01
8,2,206001428,5.134000e-02,2.222586e-01
8,3,206001429,1.095620e-01,1.354785e+00
8,4,206001430,1.322442e-02,1.291712e-01
8,5,206001431,8.046166e-02,3.334609e-01
8,6,206001432,1.023922e-01,7.156420e-01
8,7,206001433,7.352829e-02,2.367019e-01
8,8,206001434,1.336096e-01,2.914024e-01
8,9,206001435,8.343225e-02,3.152348e-01
