tier,restart_idx,param_seed,final_train_cost,final_test_cost
5,0,206001123,3.059008e-01,1.333587e+00
5,1,206001124,1.818766e-01,1.035356e+00
5,2,206001125,1.521843e-01,4.048320e-01
5,3,206001126,8.240943e-02,2.646965e-01
5,4,206001127,2.035714e-02,2.825878e-01
5,5,206001128,2.015535e-02,1.970057e-01
5,6,206001129,5.394881e-02,7.201408e-01
5,7,206001130,1.038693e-02,7.797827e-02
5,8,206001131,4.779143e-02,2.581640e-01
5,9,206001132,2.025541e-02,2.082480e-01
