tier,restart_idx,param_seed,final_train_cost,final_test_cost
9,0,206001527,4.016839e-01,1.602494e-01
9,1,206001528,1.562002e-01,1.791198e-01
9,2,206001529,9.652279e-02,1.209958e+00
9,3,206001530,3.170447e-01,3.965416e-01
9,4,206001531,4.515447e-02,7.754914e-02
9,5,206001532,2.318969e-01,2.515076e-01
9,6,206001533,4.740914e-02,1.025816e-01
9,7,206001534,5.619618e-02,6.094651e-02
9,8,206001535,4.830568e-02,1.143987e-01
9,9,206001536,1.321052e-01,1.860910e-01
