{
  "restart": 6,
  "seed": 64,
  "iters": 30000,
  "lr": 0.05,
  "best_iter": 29999,
  "best_cost": 0.001882512355223298,
  "best_alphaD_mean": 0.00019639338956986012,
  "n": 9
}