tier,restart_idx,param_seed,final_train_cost,final_test_cost
1,0,141000524,2.627106e-05,4.842285e+01
1,1,141000525,1.998057e-02,3.466303e+01
1,2,141000526,7.018360e-04,1.970564e+01
1,3,141000527,1.975622e-05,1.542469e+01
1,4,141000528,1.031855e-01,5.755382e+01
1,5,141000529,5.903705e-06,3.198013e+01
1,6,141000530,1.682439e-04,5.899419e+01
1,7,141000531,4.930348e-04,2.059146e+01
1,8,141000532,1.395255e-04,3.600198e+01
1,9,141000533,2.590918e-05,3.221296e+01
