tier,restart_idx,param_seed,final_train_cost,final_test_cost
7,0,141001130,5.290955e-01,5.154083e-01
7,1,141001131,1.708706e-01,3.202086e-01
7,2,141001132,2.948736e-02,1.486755e-01
7,3,141001133,1.301275e-01,2.759457e-01
7,4,141001134,1.323457e-01,4.197569e-01
7,5,141001135,3.173381e-01,3.485977e-01
7,6,141001136,2.143095e-02,9.490943e-02
7,7,141001137,4.650794e-01,5.804268e-01
7,8,141001138,1.379742e-01,9.720271e-02
7,9,141001139,4.750634e-01,4.588404e-01
