tier,restart_idx,param_seed,final_train_cost,final_test_cost
6,0,141001029,7.818216e-02,8.971902e-02
6,1,141001030,6.336781e-02,1.792671e-01
6,2,141001031,3.237602e-02,8.498333e-02
6,3,141001032,1.818479e-02,1.067522e-01
6,4,141001033,1.917422e-02,8.149938e+00
6,5,141001034,9.596417e-02,4.522424e-01
6,6,141001035,5.210134e-01,1.228014e+00
6,7,141001036,8.847430e-02,2.329855e-01
6,8,141001037,2.908234e-02,3.083622e-01
6,9,141001038,1.147879e-01,3.371632e-01
