tier,restart_idx,param_seed,final_train_cost,final_test_cost
9,0,141001332,2.686509e-01,2.095839e-01
9,1,141001333,8.713064e-02,8.073636e-02
9,2,141001334,9.034989e-02,8.476354e-02
9,3,141001335,3.422947e-01,3.069789e-01
9,4,141001336,8.888378e-02,1.415616e-01
9,5,141001337,7.223395e-02,9.719304e-02
9,6,141001338,7.482360e-02,8.735016e-02
9,7,141001339,2.070240e-01,1.849807e-01
9,8,141001340,4.203060e-02,1.336810e-01
9,9,141001341,3.425652e-02,8.991552e-02
