{
  "restart": 0,
  "seed": 58,
  "iters": 30000,
  "lr": 0.05,
  "best_iter": 29900,
  "best_cost": 0.0009173719445243478,
  "best_alphaD_mean": 0.0001259144428761065,
  "n": 15
}