{
  "restart": 11,
  "seed": 69,
  "iters": 30000,
  "lr": 0.05,
  "best_iter": 29747,
  "best_cost": 0.0027096839621663094,
  "best_alphaD_mean": 0.0002490520813324292,
  "n": 9
}