{
  "restart": 5,
  "seed": 63,
  "iters": 30000,
  "lr": 0.05,
  "best_iter": 29999,
  "best_cost": 0.0012220320058986545,
  "best_alphaD_mean": 0.00015312997820026507,
  "n": 11
}