{
  "restart": 5,
  "seed": 63,
  "iters": 30000,
  "lr": 0.05,
  "best_iter": 27109,
  "best_cost": 0.00044565944699570537,
  "best_alphaD_mean": 9.119190782738523e-05,
  "n": 16
}