{
  "restart": 27,
  "seed": 85,
  "iters": 30000,
  "lr": 0.05,
  "best_iter": 29938,
  "best_cost": 0.00040053631528280675,
  "best_alphaD_mean": 7.906239282166491e-05,
  "n": 16
}