{
  "restart": 19,
  "seed": 77,
  "iters": 30000,
  "lr": 0.05,
  "best_iter": 29941,
  "best_cost": 0.0006990570691414177,
  "best_alphaD_mean": 0.00011788514340957976,
  "n": 11
}