tier,restart_idx,param_seed,final_train_cost,final_test_cost
7,0,183001256,5.449037e-02,2.510682e-01
7,1,183001257,1.026145e-01,3.785084e-01
7,2,183001258,6.596176e-02,3.490666e-01
7,3,183001259,4.469030e-02,1.375657e+00
7,4,183001260,3.227671e-01,4.721619e-01
7,5,183001261,3.379272e-02,1.964232e-01
7,6,183001262,2.160399e-02,2.769918e-01
7,7,183001263,4.561156e-02,3.775081e-01
7,8,183001264,5.266663e-02,3.043603e-01
7,9,183001265,4.882025e-01,8.519399e-01
