tier,restart_idx,param_seed,final_train_cost,final_test_cost
3,0,183000852,1.154043e-02,1.912103e+00
3,1,183000853,1.009242e-02,8.690443e-01
3,2,183000854,5.044039e-02,9.165200e+00
3,3,183000855,5.540486e-02,3.392882e+00
3,4,183000856,6.870604e-03,3.453653e+01
3,5,183000857,1.663776e-01,1.884072e+01
3,6,183000858,7.874156e-03,1.571728e+00
3,7,183000859,2.425177e-02,1.105069e+00
3,8,183000860,9.674795e-03,2.117331e+01
3,9,183000861,6.839456e-02,1.246029e+00
