tier,restart_idx,param_seed,final_train_cost,final_test_cost
6,0,183001155,9.766436e-02,3.331803e-01
6,1,183001156,4.482226e-02,1.420818e+00
6,2,183001157,1.178164e-01,3.669870e-01
6,3,183001158,4.443056e-02,3.212489e+00
6,4,183001159,1.577124e-01,3.707301e-01
6,5,183001160,4.433376e-02,5.830904e-01
6,6,183001161,7.172727e-02,6.363927e-01
6,7,183001162,1.146714e-01,2.307548e-01
6,8,183001163,1.739822e-01,2.171136e-01
6,9,183001164,1.185422e-01,3.289977e-01
