{
  "restart": 19,
  "seed": 77,
  "iters": 30000,
  "lr": 0.05,
  "best_iter": 29752,
  "best_cost": 0.006340537685900927,
  "best_alphaD_mean": 0.0003406799939502611,
  "n": 5
}