{
  "restart": 29,
  "seed": 87,
  "iters": 30000,
  "lr": 0.05,
  "best_iter": 29734,
  "best_cost": 0.0007964120013639331,
  "best_alphaD_mean": 0.00012813652667012843,
  "n": 8
}