{
  "restart": 3,
  "seed": 61,
  "iters": 30000,
  "lr": 0.05,
  "best_iter": 27244,
  "best_cost": 0.0007811001851223409,
  "best_alphaD_mean": 0.00012538485947489873,
  "n": 15
}