{
  "restart": 21,
  "seed": 79,
  "iters": 30000,
  "lr": 0.05,
  "best_iter": 29862,
  "best_cost": 0.0013427117373794317,
  "best_alphaD_mean": 0.00016799272281144479,
  "n": 7
}