{
  "restart": 26,
  "seed": 84,
  "iters": 30000,
  "lr": 0.05,
  "best_iter": 29609,
  "best_cost": 0.0010072062723338604,
  "best_alphaD_mean": 0.00013829378494927954,
  "n": 13
}