tier,restart_idx,param_seed,final_train_cost,final_test_cost
9,0,152001365,7.576136e-02,9.654531e-02
9,1,152001366,4.585837e-01,6.722755e-01
9,2,152001367,1.282854e-02,5.032012e-02
9,3,152001368,9.570269e-02,1.651104e-01
9,4,152001369,5.015589e-02,6.424977e-02
9,5,152001370,3.528040e-01,1.847940e-01
9,6,152001371,4.385429e-02,1.856035e-01
9,7,152001372,1.879481e-01,4.230096e-01
9,8,152001373,1.552838e-01,7.531780e-02
9,9,152001374,2.076824e-01,3.010637e-01
