tier,restart_idx,param_seed,final_train_cost,final_test_cost
6,0,152001062,1.346744e-02,2.508523e-01
6,1,152001063,2.368493e-01,1.050318e+00
6,2,152001064,1.483015e-01,5.548519e-01
6,3,152001065,3.243402e-02,8.631294e-01
6,4,152001066,1.073626e-01,4.083143e-01
6,5,152001067,3.293141e-02,1.174680e-01
6,6,152001068,3.545643e-02,1.955025e-01
6,7,152001069,4.571358e-02,2.804653e-01
6,8,152001070,5.774490e-02,1.161770e-01
6,9,152001071,4.349401e-02,1.664598e-01
