{
  "restart": 11,
  "seed": 69,
  "iters": 30000,
  "lr": 0.05,
  "best_iter": 29863,
  "best_cost": 0.0008466697763651609,
  "best_alphaD_mean": 0.0001289515672551834,
  "n": 10
}