{
  "restart": 20,
  "seed": 78,
  "iters": 30000,
  "lr": 0.05,
  "best_iter": 29644,
  "best_cost": 0.0005950024351477623,
  "best_alphaD_mean": 0.00010446580498468417,
  "n": 12
}