3.153547763824462891e+00
2.677275180816650391e+00
2.244237899780273438e+00
1.847846627235412598e+00
1.486842870712280273e+00
1.163601517677307129e+00
8.802122473716735840e-01
6.386801600456237793e-01
4.406501650810241699e-01
2.870161533355712891e-01
1.776160597801208496e-01
1.108833849430084229e-01
8.330123871564865112e-02
8.887119591236114502e-02
1.189814805984497070e-01
1.630142331123352051e-01
2.097528576850891113e-01
2.492663562297821045e-01
2.742590606212615967e-01
2.804317772388458252e-01
2.671824395656585693e-01
2.379983216524124146e-01
1.994031071662902832e-01
1.597945541143417358e-01
1.285842955112457275e-01
1.141222715377807617e-01
1.166501790285110474e-01
1.232745647430419922e-01
1.235383823513984680e-01
1.165192201733589172e-01
1.054586693644523621e-01
9.370768070220947266e-02
8.339457958936691284e-02
7.537794113159179688e-02
6.965716183185577393e-02
6.583472341299057007e-02
6.342644989490509033e-02
6.200952827930450439e-02
6.126282364130020142e-02
6.094869971275329590e-02
6.089391931891441345e-02
6.096307188272476196e-02
6.104909628629684448e-02
6.106708198785781860e-02
6.095629557967185974e-02
6.067962199449539185e-02
6.022431701421737671e-02
5.960026383399963379e-02
5.883531272411346436e-02
5.796732753515243530e-02
5.703791230916976929e-02
5.608644336462020874e-02
5.514506250619888306e-02
5.423664301633834839e-02
5.337330698966979980e-02
5.255799740552902222e-02
5.178686231374740601e-02
5.105058103799819946e-02
5.033821240067481995e-02
4.963795840740203857e-02
4.894004762172698975e-02
4.823670536279678345e-02
4.752392321825027466e-02
4.679948836565017700e-02
4.606451839208602905e-02
4.532185569405555725e-02
4.457519203424453735e-02
4.382916539907455444e-02
4.308803752064704895e-02
4.235588759183883667e-02
4.163649678230285645e-02
4.093313217163085938e-02
4.024899005889892578e-02
3.958580270409584045e-02
3.894618898630142212e-02
3.833207488059997559e-02
3.774456679821014404e-02
3.718525171279907227e-02
3.665451332926750183e-02
3.615289926528930664e-02
3.567957878112792969e-02
3.523405641317367554e-02
3.481448814272880554e-02
3.441997990012168884e-02
3.404852002859115601e-02
3.369899839162826538e-02
3.337005153298377991e-02
3.306060284376144409e-02
3.277015686035156250e-02
3.249816223978996277e-02
3.224383294582366943e-02
3.200656548142433167e-02
3.178540989756584167e-02
3.157881647348403931e-02
3.138494491577148438e-02
3.120198473334312439e-02
3.102787770330905914e-02
3.086002543568611145e-02
3.069696575403213501e-02
3.053639270365238190e-02
3.037681058049201965e-02
3.021765872836112976e-02
3.005758300423622131e-02
2.989645488560199738e-02
2.973344363272190094e-02
2.956879325211048126e-02
2.940236032009124756e-02
2.923405915498733521e-02
2.906374633312225342e-02
2.889184281229972839e-02
2.871806547045707703e-02
2.854273281991481781e-02
2.836582064628601074e-02
2.818702906370162964e-02
2.800698578357696533e-02
2.782492153346538544e-02
2.764071337878704071e-02
2.745428681373596191e-02
2.726518362760543823e-02
2.707298099994659424e-02
2.687739208340644836e-02
2.667807787656784058e-02
2.647502720355987549e-02
2.626794204115867615e-02
2.605663798749446869e-02
2.584144100546836853e-02
2.562196366488933563e-02
2.539799734950065613e-02
2.517008781433105469e-02
2.493762597441673279e-02
2.470121905207633972e-02
2.446058392524719238e-02
2.421610243618488312e-02
2.396756969392299652e-02
2.371541038155555725e-02
2.345975860953330994e-02
2.320070005953311920e-02
2.293862029910087585e-02
2.267343550920486450e-02
2.240559086203575134e-02
2.213516458868980408e-02
2.186251617968082428e-02
2.158761210739612579e-02
2.131120115518569946e-02
2.103299833834171295e-02
2.075352333486080170e-02
2.047292701900005341e-02
2.019165828824043274e-02
1.990992575883865356e-02
1.962823234498500824e-02
1.934678480029106140e-02
1.906614750623703003e-02
1.878683641552925110e-02
1.850910484790802002e-02
1.823335513472557068e-02
1.796028949320316315e-02
1.769021339714527130e-02
1.742363348603248596e-02
1.716103032231330872e-02
1.690273359417915344e-02
1.664918661117553711e-02
1.640101522207260132e-02
1.615819707512855530e-02
1.592132262885570526e-02
1.569071784615516663e-02
1.546653173863887787e-02
1.524913311004638672e-02
1.503889821469783783e-02
1.483569387346506119e-02
1.464002486318349838e-02
1.445181947201490402e-02
1.427118852734565735e-02
1.409828849136829376e-02
1.393302623182535172e-02
1.377523317933082581e-02
1.362493447959423065e-02
1.348198950290679932e-02
1.334613095968961716e-02
1.321721728891134262e-02
1.309484802186489105e-02
1.297884527593851089e-02
1.286888588219881058e-02
1.276470255106687546e-02
1.266580354422330856e-02
1.257194392383098602e-02
1.248279493302106857e-02
1.239795330911874771e-02
1.231720019131898880e-02
1.224013324826955795e-02
1.216652151197195053e-02
1.209603156894445419e-02
1.202860008925199509e-02
1.196369528770446777e-02
1.190136559307575226e-02
1.184130273759365082e-02
1.178340706974267960e-02
1.172751095145940781e-02
1.167346723377704620e-02
1.162115391343832016e-02
1.157046947628259659e-02
1.152128539979457855e-02
1.147360261529684067e-02
1.142721530050039291e-02
1.138210576027631760e-02
1.133819483220577240e-02
1.129533164203166962e-02
1.125358045101165771e-02
1.121283974498510361e-02
1.117297913879156113e-02
1.113398652523756027e-02
1.109584234654903412e-02
1.105850934982299805e-02
1.102192047983407974e-02
1.098597049713134766e-02
1.095073763281106949e-02
1.091612782329320908e-02
1.088213082402944565e-02
1.084870006889104843e-02
1.081580482423305511e-02
1.078342646360397339e-02
1.075156684964895248e-02
1.072015520185232162e-02
1.068921759724617004e-02
1.065867394208908081e-02
1.062856893986463547e-02
1.059881318360567093e-02
1.056949049234390259e-02
1.054051984101533890e-02
1.051185838878154755e-02
1.048353593796491623e-02
1.045553945004940033e-02
1.042784564197063446e-02
1.040035765618085861e-02
1.037321146577596664e-02
1.034628599882125854e-02
1.031962130218744278e-02
1.029321923851966858e-02
1.026702392846345901e-02
1.024101395159959793e-02
1.021529734134674072e-02
1.018965616822242737e-02
1.016425248235464096e-02
1.013905741274356842e-02
1.011401321738958359e-02
1.008911989629268646e-02
1.006440818309783936e-02
1.003986876457929611e-02
1.001547649502754211e-02
9.991220198571681976e-03
9.967125952243804932e-03
9.943179786205291748e-03
9.919370524585247040e-03
9.895693510770797729e-03
9.872168302536010742e-03
9.848749265074729919e-03
9.825496934354305267e-03
9.802329353988170624e-03
9.779301472008228302e-03
9.756417013704776764e-03
9.733611717820167542e-03
9.710948914289474487e-03
9.688404388725757599e-03
9.665918536484241486e-03
9.643562138080596924e-03
9.621344506740570068e-03
9.599220938980579376e-03
9.577162563800811768e-03
9.555236436426639557e-03
9.533373638987541199e-03
9.511672891676425934e-03
9.490020573139190674e-03
9.468463249504566193e-03
9.446996264159679413e-03
9.425604715943336487e-03
9.404326789081096649e-03
9.383161552250385284e-03
9.362063370645046234e-03
9.341013617813587189e-03
9.320100769400596619e-03
9.299236349761486053e-03
9.278472512960433960e-03
9.257812984287738800e-03
9.237186983227729797e-03
9.216655977070331573e-03
9.196207858622074127e-03
9.175855666399002075e-03
9.155555628240108490e-03
9.135351516306400299e-03
9.115204215049743652e-03
9.095121175050735474e-03
9.075150825083255768e-03
9.055239148437976837e-03
9.035406634211540222e-03
9.015598334372043610e-03
8.995902724564075470e-03
8.976279757916927338e-03
8.956702426075935364e-03
8.937213569879531860e-03
8.917775936424732208e-03
8.898427709937095642e-03
8.879154920578002930e-03
8.859918452799320221e-03
8.840773254632949829e-03
8.821678347885608673e-03
8.802640251815319061e-03
8.783680386841297150e-03
8.764755912125110626e-03
8.745936676859855652e-03
8.727161213755607605e-03
8.708475157618522644e-03
8.689801208674907684e-03
8.671244606375694275e-03
8.652729913592338562e-03
8.634280413389205933e-03
8.615895174443721771e-03
8.597559295594692230e-03
8.579268120229244232e-03
8.561072871088981628e-03
8.542917668819427490e-03
8.524842560291290283e-03
8.506823331117630005e-03
8.488844148814678192e-03
8.470952510833740234e-03
8.453080430626869202e-03
8.435309864580631256e-03
8.417574688792228699e-03
8.399898186326026917e-03
8.382287807762622833e-03
8.364735171198844910e-03
8.347246795892715454e-03
8.329794742166996002e-03
8.312441408634185791e-03
8.295128121972084045e-03
8.277853019535541534e-03
8.260666392743587494e-03
8.243532851338386536e-03
8.226433768868446350e-03
8.209428749978542328e-03
8.192460052669048309e-03
8.175558410584926605e-03
8.158693090081214905e-03
8.141895756125450134e-03
8.125163614749908447e-03
8.108486421406269073e-03
8.091871626675128937e-03
8.075332269072532654e-03
8.058824576437473297e-03
8.042357861995697021e-03
8.025985211133956909e-03
8.009664714336395264e-03
7.993376813828945160e-03
7.977182045578956604e-03
7.961022667586803436e-03
7.944945245981216431e-03
7.928900420665740967e-03
7.912905886769294739e-03
7.897019386291503906e-03
7.881160825490951538e-03
7.865336723625659943e-03
7.849588990211486816e-03
7.833909243345260620e-03
7.818271405994892120e-03
7.802738342434167862e-03
7.787222974002361298e-03
7.771777454763650894e-03
7.756397593766450882e-03
7.741048000752925873e-03
7.725778967142105103e-03
7.710585836321115494e-03
7.695425301790237427e-03
7.680352311581373215e-03
7.665298413485288620e-03
7.650351617485284805e-03
7.635432761162519455e-03
7.620593067258596420e-03
7.605809252709150314e-03
7.591077592223882675e-03
7.576426491141319275e-03
7.561826147139072418e-03
7.547286339104175568e-03
7.532817311584949493e-03
7.518393453210592270e-03
7.504017092287540436e-03
7.489735726267099380e-03
7.475506979972124100e-03
7.461340166628360748e-03
7.447230163961648941e-03
7.433200255036354065e-03
7.419220637530088425e-03
7.405315060168504715e-03
7.391441147774457932e-03
7.377662230283021927e-03
7.363928016275167465e-03
7.350265979766845703e-03
7.336670532822608948e-03
7.323137484490871429e-03
7.309679873287677765e-03
7.296274881809949875e-03
7.282923441380262375e-03
7.269664201885461807e-03
7.256457116454839706e-03
7.243322208523750305e-03
7.230232935398817062e-03
7.217239122837781906e-03
7.204290479421615601e-03
7.191388402134180069e-03
7.178569678217172623e-03
7.165833842009305954e-03
7.153141312301158905e-03
7.140533067286014557e-03
7.127990014851093292e-03
7.115527987480163574e-03
7.103112526237964630e-03
7.090777624398469925e-03
7.078487426042556763e-03
7.066281512379646301e-03
7.054144050925970078e-03
7.042077835649251938e-03
7.030082866549491882e-03
7.018143776804208755e-03
7.006286643445491791e-03
6.994497030973434448e-03
6.982767023146152496e-03
6.971105467528104782e-03
6.959521211683750153e-03
6.948022171854972839e-03
6.936558522284030914e-03
6.925179623067378998e-03
6.913890596479177475e-03
6.902648136019706726e-03
6.891477387398481369e-03
6.880402099341154099e-03
6.869371049106121063e-03
6.858403794467449188e-03
6.847524549812078476e-03
6.836721673607826233e-03
6.825980264693498611e-03
6.815308704972267151e-03
6.804710719734430313e-03
6.794191431254148483e-03
6.783741060644388199e-03
6.773364730179309845e-03
6.763059645891189575e-03
6.752828136086463928e-03
6.742647849023342133e-03
6.732573267072439194e-03
6.722539197653532028e-03
6.712586618959903717e-03
6.702729035168886185e-03
6.692909169942140579e-03
6.683204788714647293e-03
6.673526950180530548e-03
6.663952022790908813e-03
6.654448341578245163e-03
6.645010784268379211e-03
6.635638419538736343e-03
6.626349408179521561e-03
6.617127917706966400e-03
6.607969757169485092e-03
6.598917301744222641e-03
6.589919328689575195e-03
6.580995861440896988e-03
6.572145037353038788e-03
6.563364993780851364e-03
6.554651539772748947e-03
6.546000018715858459e-03
6.537468172609806061e-03
6.528958678245544434e-03
6.520546972751617432e-03
6.512214429676532745e-03
6.503945682197809219e-03
6.495736539363861084e-03
6.487619131803512573e-03
6.479565054178237915e-03
6.471585016697645187e-03
6.463659461587667465e-03
6.455840542912483215e-03
6.448091007769107819e-03
6.440387573093175888e-03
6.432755850255489349e-03
6.425223313271999359e-03
6.417728494852781296e-03
6.410336587578058243e-03
6.403011269867420197e-03
6.395757198333740234e-03
6.388552486896514893e-03
6.381436716765165329e-03
6.374364718794822693e-03
6.367397960275411606e-03
6.360486149787902832e-03
6.353649776428937912e-03
6.346875336021184921e-03
6.340174004435539246e-03
6.333544850349426270e-03
6.326979957520961761e-03
6.320488639175891876e-03
6.314059719443321228e-03
6.307697854936122894e-03
6.301400251686573029e-03
6.295168306678533554e-03
6.289017386734485626e-03
6.282919086515903473e-03
6.276896689087152481e-03
6.270939484238624573e-03
6.265038624405860901e-03
6.259215530008077621e-03
6.253459956496953964e-03
6.247755140066146851e-03
6.242132745683193207e-03
6.236560177057981491e-03
6.231048610061407089e-03
6.225592922419309616e-03
6.220220588147640228e-03
6.214899476617574692e-03
6.209648679941892624e-03
6.204453762620687485e-03
6.199315190315246582e-03
6.194228306412696838e-03
6.189217325299978256e-03
6.184274330735206604e-03
6.179371848702430725e-03
6.174535956233739853e-03
6.169761065393686295e-03
6.165016908198595047e-03
6.160373799502849579e-03
6.155758164823055267e-03
6.151200737804174423e-03
6.146706640720367432e-03
6.142264697700738907e-03
6.137876771390438080e-03
6.133547052741050720e-03
6.129270885139703751e-03
6.125036161392927170e-03
6.120861042290925980e-03
6.116749718785285950e-03
6.112664006650447845e-03
6.108654197305440903e-03
6.104681175202131271e-03
6.100760772824287415e-03
6.096903234720230103e-03
6.093076430261135101e-03
6.089311093091964722e-03
6.085585337132215500e-03
6.081906612962484360e-03
6.078268401324748993e-03
6.074689328670501709e-03
6.071143317967653275e-03
6.067644339054822922e-03
6.064191460609436035e-03
6.060787942260503769e-03
6.057424470782279968e-03
6.054119672626256943e-03
6.050823722034692764e-03
6.047599483281373978e-03
6.044406909495592117e-03
6.041252985596656799e-03
6.038127467036247253e-03
6.035067141056060791e-03
6.032027304172515869e-03
6.029035430401563644e-03
6.026071030646562576e-03
6.023150403052568436e-03
6.020262837409973145e-03
6.017417646944522858e-03
6.014599464833736420e-03
6.011829245835542679e-03
6.009079515933990479e-03
6.006369367241859436e-03
6.003703922033309937e-03
6.001074332743883133e-03
5.998456850647926331e-03
5.995880812406539917e-03
5.993336439132690430e-03
5.990822333842515945e-03
5.988338962197303772e-03
5.985895637422800064e-03
5.983468610793352127e-03
5.981075577437877655e-03
5.978702567517757416e-03
5.976375658065080643e-03
5.974069237709045410e-03
5.971791222691535950e-03
5.969533696770668030e-03
5.967314355075359344e-03
5.965116899460554123e-03
5.962928757071495056e-03
5.960790906101465225e-03
5.958657246083021164e-03
5.956555251032114029e-03
5.954489111900329590e-03
5.952423438429832458e-03
5.950401537120342255e-03
5.948393605649471283e-03
5.946403369307518005e-03
5.944437347352504730e-03
5.942503456026315689e-03
5.940584931522607803e-03
5.938687361776828766e-03
5.936803761869668961e-03
5.934938322752714157e-03
5.933106411248445511e-03
5.931286606937646866e-03
5.929486826062202454e-03
5.927704740315675735e-03
5.925934761762619019e-03
5.924191791564226151e-03
5.922466050833463669e-03
5.920762661844491959e-03
5.919058341532945633e-03
5.917387548834085464e-03
5.915707908570766449e-03
5.914080422371625900e-03
5.912455730140209198e-03
5.910828709602355957e-03
5.909230094403028488e-03
5.907648708671331406e-03
5.906078498810529709e-03
5.904520396143198013e-03
5.902985576540231705e-03
5.901449359953403473e-03
5.899937823414802551e-03
5.898443050682544708e-03
5.896967370063066483e-03
5.895484238862991333e-03
5.894020665436983109e-03
5.892569664865732193e-03
5.891125183552503586e-03
5.889699328690767288e-03
5.888302344828844070e-03
5.886888597160577774e-03
5.885494407266378403e-03
5.884109530597925186e-03
5.882739555090665817e-03
5.881379824131727219e-03
5.880033131688833237e-03
5.878690164536237717e-03
5.877359770238399506e-03
5.876057781279087067e-03
5.874740425497293472e-03
5.873440764844417572e-03
5.872147623449563980e-03
5.870870314538478851e-03
5.869599059224128723e-03
5.868323612958192825e-03
5.867073312401771545e-03
5.865823011845350266e-03
5.864583421498537064e-03
5.863355938345193863e-03
5.862131249159574509e-03
5.860923789441585541e-03
5.859707016497850418e-03
5.858515389263629913e-03
5.857321433722972870e-03
5.856133066117763519e-03
5.854962393641471863e-03
5.853795446455478668e-03
5.852627102285623550e-03
5.851470865309238434e-03
5.850319284945726395e-03
5.849178880453109741e-03
5.848038941621780396e-03
5.846911109983921051e-03
5.845789331942796707e-03
5.844670813530683517e-03
5.843558348715305328e-03
5.842453800141811371e-03
5.841349251568317413e-03
5.840261932462453842e-03
5.839171353727579117e-03
5.838090553879737854e-03
5.837009754031896591e-03
5.835934542119503021e-03
5.834872368723154068e-03
5.833809264004230499e-03
5.832755006849765778e-03
5.831704009324312210e-03
5.830655805766582489e-03
5.829615052789449692e-03
5.828580819070339203e-03
5.827544257044792175e-03
5.826523527503013611e-03
5.825498141348361969e-03
5.824486725032329559e-03
5.823469720780849457e-03
5.822462029755115509e-03
5.821458529680967331e-03
5.820461548864841461e-03
5.819470155984163284e-03
5.818464327603578568e-03
5.817486438900232315e-03
5.816503893584012985e-03
5.815522279590368271e-03
5.814556498080492020e-03
5.813586059957742691e-03
5.812620744109153748e-03
5.811653099954128265e-03
5.810689646750688553e-03
5.809738300740718842e-03
5.808784626424312592e-03
5.807831417769193649e-03
5.806889850646257401e-03
5.805945023894309998e-03
5.805019754916429520e-03
5.804079584777355194e-03
5.803152918815612793e-03
5.802227184176445007e-03
5.801309831440448761e-03
5.800385959446430206e-03
5.799464881420135498e-03
5.798559170216321945e-03
5.797646474093198776e-03
5.796743091195821762e-03
5.795830860733985901e-03
5.794933065772056580e-03
5.794034805148839951e-03
5.793142598122358322e-03
5.792255979031324387e-03
5.791363306343555450e-03
5.790481809526681900e-03
5.789604038000106812e-03
5.788713227957487106e-03
5.787837319076061249e-03
5.786958616226911545e-03
5.786091554909944534e-03
5.785231478512287140e-03
5.784366279840469360e-03
5.783502478152513504e-03
5.782643333077430725e-03
5.781776737421751022e-03
5.780925042927265167e-03
5.780078470706939697e-03
5.779225379228591919e-03
5.778382532298564911e-03
5.777540151029825211e-03
5.776695907115936279e-03
5.775862373411655426e-03
5.775018595159053802e-03
5.774193909019231796e-03
5.773361306637525558e-03
5.772531498223543167e-03
5.771699361503124237e-03
5.770881194621324539e-03
5.770069081336259842e-03
5.769242998212575912e-03
5.768423434346914291e-03
5.767611786723136902e-03
5.766806658357381821e-03
5.765998270362615585e-03
5.765188951045274734e-03
5.764381494373083115e-03
5.763579159975051880e-03
5.762774497270584106e-03
5.761978682130575180e-03
5.761173088103532791e-03
5.760384257882833481e-03
5.759594496339559555e-03
5.758819635957479477e-03
5.758024752140045166e-03
5.757249891757965088e-03
5.756453610956668854e-03
5.755678284913301468e-03
5.754895042628049850e-03
5.754126235842704773e-03
5.753345321863889694e-03
5.752575583755970001e-03
5.751808639615774155e-03
5.751036573201417923e-03
5.750267300754785538e-03
5.749505478888750076e-03
5.748745519667863846e-03
5.747985094785690308e-03
5.747229326516389847e-03
5.746471229940652847e-03
5.745717324316501617e-03
5.744968540966510773e-03
5.744214169681072235e-03
5.743462126702070236e-03
5.742716602981090546e-03
5.741973873227834702e-03
5.741229280829429626e-03
5.740495864301919937e-03
5.739766173064708710e-03
5.739014595746994019e-03
5.738276522606611252e-03
5.737549159675836563e-03
5.736815277487039566e-03
5.736086051911115646e-03
5.735360551625490189e-03
5.734636913985013962e-03
5.733912810683250427e-03
5.733184516429901123e-03
5.732468795031309128e-03
5.731747951358556747e-03
5.731026642024517059e-03
5.730311386287212372e-03
5.729607772082090378e-03
5.728891119360923767e-03
5.728178657591342926e-03
5.727474577724933624e-03
5.726760718971490860e-03
5.726063158363103867e-03
5.725355353206396103e-03
5.724657326936721802e-03
5.723954644054174423e-03
5.723253823816776276e-03
5.722559988498687744e-03
5.721863359212875366e-03
5.721172783523797989e-03
5.720481276512145996e-03
5.719787441194057465e-03
5.719101522117853165e-03
5.718414206057786942e-03
5.717719905078411102e-03
5.717046093195676804e-03
5.716351792216300964e-03
5.715686827898025513e-03
5.715002305805683136e-03
5.714315455406904221e-03
5.713639780879020691e-03
5.712961778044700623e-03
5.712297279387712479e-03
5.711627192795276642e-03
5.710960365831851959e-03
5.710286088287830353e-03
5.709618330001831055e-03
5.708952434360980988e-03
5.708290729671716690e-03
5.707624834030866623e-03
5.706968251615762711e-03
5.706302355974912643e-03
5.705653689801692963e-03
5.704987794160842896e-03
5.704336799681186676e-03
5.703676957637071609e-03
5.703020375221967697e-03
5.702374037355184555e-03
5.701723974198102951e-03
5.701068323105573654e-03
5.700424313545227051e-03
5.699777975678443909e-03
5.699133034795522690e-03
5.698489490896463394e-03
5.697860848158597946e-03
5.697204265743494034e-03
5.696572829037904739e-03
5.695933010429143906e-03
5.695299711078405380e-03
5.694658029824495316e-03
5.694038234651088715e-03
5.693394225090742111e-03
5.692766979336738586e-03
5.692136008292436600e-03
5.691505968570709229e-03
5.690886639058589935e-03
5.690258927643299103e-03
5.689628422260284424e-03
5.689006764441728592e-03
5.688390228897333145e-03
5.687769502401351929e-03
5.687144584953784943e-03
5.686532706022262573e-03
5.685911048203706741e-03
5.685298703610897064e-03
5.684686824679374695e-03
5.684073548763990402e-03
5.683463066816329956e-03
5.682845134288072586e-03
5.682239774614572525e-03
5.681631620973348618e-03
5.681025795638561249e-03
5.680419038981199265e-03
5.679816938936710358e-03
5.679212044924497604e-03
5.678608547896146774e-03
5.678005982190370560e-03
5.677408538758754730e-03
5.676813423633575439e-03
5.676216445863246918e-03
5.675619002431631088e-03
5.675018765032291412e-03
5.674426909536123276e-03
5.673834588378667831e-03
5.673243198543787003e-03
5.672650877386331558e-03
5.672068800777196884e-03
5.671479273587465286e-03
5.670887418091297150e-03
5.670311395078897476e-03
5.669724661856889725e-03
5.669137928634881973e-03
5.668558180332183838e-03
5.667978897690773010e-03
5.667385645210742950e-03
5.666808225214481354e-03
5.666240118443965912e-03
5.665666423738002777e-03
5.665086209774017334e-03
5.664512980729341507e-03
5.663934163749217987e-03
5.663365125656127930e-03
5.662797018885612488e-03
5.662228446453809738e-03
5.661651957780122757e-03
5.661083851009607315e-03
5.660526454448699951e-03
5.659960210323333740e-03
5.659386049956083298e-03
5.658824928104877472e-03
5.658257286995649338e-03
5.657709669321775436e-03
5.657147150486707687e-03
5.656585562974214554e-03
5.656024441123008728e-03
5.655476823449134827e-03
5.654909182339906693e-03
5.654352717101573944e-03
5.653801374137401581e-03
5.653250031173229218e-03
5.652701482176780701e-03
5.652152467519044876e-03
5.651593208312988281e-03
5.651046521961688995e-03
5.650497041642665863e-03
5.649952217936515808e-03
5.649405065923929214e-03
5.648860242217779160e-03
5.648316349834203720e-03
5.647767335176467896e-03
5.647236946970224380e-03
5.646694917231798172e-03
5.646147765219211578e-03
5.645601544529199600e-03
5.645074881613254547e-03
5.644535645842552185e-03
5.644001066684722900e-03
5.643462762236595154e-03
5.642934236675500870e-03
5.642395000904798508e-03
5.641865544021129608e-03
5.641330033540725708e-03
5.640815012156963348e-03
5.640273448079824448e-03
5.639743525534868240e-03
5.639221984893083572e-03
5.638694856315851212e-03
5.638161208480596542e-03
5.637644324451684952e-03
5.637118127197027206e-03
5.636596586555242538e-03
5.636074114590883255e-03
5.635546986013650894e-03
5.635030101984739304e-03
5.634516477584838867e-03
5.634001456201076508e-03
5.633475724607706070e-03
5.632954183965921402e-03
5.632441490888595581e-03
5.631927866488695145e-03
5.631416104733943939e-03
5.630902480334043503e-03
5.630388855934143066e-03
5.629879888147115707e-03
5.629369523376226425e-03
5.628863349556922913e-03
5.628353916108608246e-03
5.627844482660293579e-03
5.627340637147426605e-03
5.626829806715250015e-03
5.626324098557233810e-03
5.625819787383079529e-03
5.625315941870212555e-03
5.624812562018632889e-03
5.624320358037948608e-03
5.623810924589633942e-03
5.623308476060628891e-03
5.622811149805784225e-03
5.622318480163812637e-03
5.621819756925106049e-03
5.621318705379962921e-03
5.620821844786405563e-03
5.620328709483146667e-03
5.619848612695932388e-03
5.619346629828214645e-03
5.618859082460403442e-03
5.618363153189420700e-03
5.617871880531311035e-03
5.617387127131223679e-03
5.616894457489252090e-03
5.616408772766590118e-03
5.615916568785905838e-03
5.615434609353542328e-03
5.614947527647018433e-03
5.614458117634057999e-03
5.613970570266246796e-03
5.613497458398342133e-03
5.613008048385381699e-03
5.612531676888465881e-03
5.612050648778676987e-03
5.611564964056015015e-03
5.611094180494546890e-03
5.610617343336343765e-03
5.610133521258831024e-03
5.609659943729639053e-03
5.609188694506883621e-03
5.608703941106796265e-03
5.608230363577604294e-03
5.607760045677423477e-03
5.607289727777242661e-03
5.606808234006166458e-03
5.606342107057571411e-03
5.605872254818677902e-03
5.605401005595922470e-03
5.604933016002178192e-03
5.604468751698732376e-03
5.604001693427562714e-03
5.603533703833818436e-03
5.603070370852947235e-03
5.602601915597915649e-03
5.602135322988033295e-03
5.601664539426565170e-03
5.601206328719854355e-03
5.600751843303442001e-03
5.600286182016134262e-03
5.599829833954572678e-03
5.599366035312414169e-03
5.598911084234714508e-03
5.598450079560279846e-03
5.597987212240695953e-03
5.597529467195272446e-03
5.597071722149848938e-03
5.596613511443138123e-03
5.596167407929897308e-03
5.595703143626451492e-03
5.595262162387371063e-03
5.594808142632246017e-03
5.594349000602960587e-03
5.593900568783283234e-03
5.593449808657169342e-03
5.592999514192342758e-03
5.592547822743654251e-03
5.592105910181999207e-03
5.591659341007471085e-03
5.591202527284622192e-03
5.590764805674552917e-03
5.590308923274278641e-03
5.589862819761037827e-03
5.589426960796117783e-03
5.588984582573175430e-03
5.588545463979244232e-03
5.588096566498279572e-03
5.587655585259199142e-03
5.587208550423383713e-03
5.586772225797176361e-03
5.586330778896808624e-03
5.585896316915750504e-03
5.585458129644393921e-03
5.585019476711750031e-03
5.584580823779106140e-03
5.584144964814186096e-03
5.583712831139564514e-03
5.583273712545633316e-03
5.582839250564575195e-03
5.582402460277080536e-03
5.581976380199193954e-03
5.581541918218135834e-03
5.581106524914503098e-03
5.580679047852754593e-03
5.580249708145856857e-03
5.579816643148660660e-03
5.579387303441762924e-03
5.578970070928335190e-03
5.578526761382818222e-03
5.578111857175827026e-03
5.577681586146354675e-03
5.577254109084606171e-03
5.576838273555040359e-03
5.576403811573982239e-03
5.575980525463819504e-03
5.575563758611679077e-03
5.575140938162803650e-03
5.574713926762342453e-03
5.574292037636041641e-03
5.573871079832315445e-03
5.573456175625324249e-03
5.573027301579713821e-03
5.572623573243618011e-03
5.572203081101179123e-03
5.571783985942602158e-03
5.571355577558279037e-03
5.570941139012575150e-03
5.570532288402318954e-03
5.570107139647006989e-03
5.569703411310911179e-03
5.569279193878173828e-03
5.568874068558216095e-03
5.568461026996374130e-03
5.568049848079681396e-03
5.567632149904966354e-03
5.567213986068964005e-03
5.566813983023166656e-03
5.566408392041921616e-03
5.565998144447803497e-03
5.565587431192398071e-03
5.565186031162738800e-03
5.564779974520206451e-03
5.564365070313215256e-03
5.563956219702959061e-03
5.563551560044288635e-03
5.563146434724330902e-03
5.562743637710809708e-03
5.562345031648874283e-03
5.561931990087032318e-03
5.561530590057373047e-03
5.561134312301874161e-03
5.560730118304491043e-03
5.560329183936119080e-03
5.559929646551609039e-03
5.559530574828386307e-03
5.559132434427738190e-03
5.558733362704515457e-03
5.558326840400695801e-03
5.557931493967771530e-03
5.557538475841283798e-03
5.557138007134199142e-03
5.556742660701274872e-03
5.556348245590925217e-03
5.555957090109586716e-03
5.555558018386363983e-03
5.555166862905025482e-03
5.554772913455963135e-03
5.554386880248785019e-03
5.553987342864274979e-03
5.553591996431350708e-03
5.553208757191896439e-03
5.552807822823524475e-03
5.552421323955059052e-03
5.552039481699466705e-03
5.551645532250404358e-03
5.551259499043226242e-03
5.550876259803771973e-03
5.550486035645008087e-03
5.550095811486244202e-03
5.549699068069458008e-03
5.549327004700899124e-03
5.548937246203422546e-03
5.548559129238128662e-03
5.548169370740652084e-03
5.547787528485059738e-03
5.547409411519765854e-03
5.547023378312587738e-03
5.546643398702144623e-03
5.546256899833679199e-03
5.545881111174821854e-03
5.545501597225666046e-03
5.545116029679775238e-03
5.544739309698343277e-03
5.544363055378198624e-03
5.543986801058053970e-03
5.543608684092760086e-03
5.543226841837167740e-03
5.542843136936426163e-03
5.542470607906579971e-03
5.542105529457330704e-03
5.541719496250152588e-03
5.541350692510604858e-03
5.540972575545310974e-03
5.540593992918729782e-03
5.540233105421066284e-03
5.539849400520324707e-03
5.539469420909881592e-03
5.539103876799345016e-03
5.538736004382371902e-03
5.538362078368663788e-03
5.537999793887138367e-03
5.537631455808877945e-03
5.537256598472595215e-03
5.536888260394334793e-03
5.536520853638648987e-03
5.536151118576526642e-03
5.535779520869255066e-03
5.535418167710304260e-03
5.535051226615905762e-03
5.534684751182794571e-03
5.534320604056119919e-03
5.533945746719837189e-03
5.533582530915737152e-03
5.533228628337383270e-03
5.532863084226846695e-03
5.532496143132448196e-03
5.532132461667060852e-03
5.531771574169397354e-03
5.531401839107275009e-03
5.531042814254760742e-03
5.530690308660268784e-03
5.530325230211019516e-03
5.529968068003654480e-03
5.529612768441438675e-03
5.529245361685752869e-03
5.528896115720272064e-03
5.528527777642011642e-03
5.528166424483060837e-03
5.527817644178867340e-03
5.527462344616651535e-03
5.527096334844827652e-03
5.526736844331026077e-03
5.526396911591291428e-03
5.526035092771053314e-03
5.525678396224975586e-03
5.525319837033748627e-03
5.524964537471532822e-03
5.524614825844764709e-03
5.524265114217996597e-03
5.523911677300930023e-03
5.523553583770990372e-03
5.523220170289278030e-03
5.522867664694786072e-03
5.522512365132570267e-03
5.522156599909067154e-03
5.521806888282299042e-03
5.521463695913553238e-03
5.521115381270647049e-03
5.520763806998729706e-03
5.520414561033248901e-03
5.520066712051630020e-03
5.519718863070011139e-03
5.519368220120668411e-03
5.519030615687370300e-03
5.518677178770303726e-03
5.518334917724132538e-03
5.517991259694099426e-03
5.517649464309215546e-03
5.517301149666309357e-03
5.516960751265287399e-03
5.516618024557828903e-03
5.516263190656900406e-03
5.515930242836475372e-03
5.515585187822580338e-03
5.515256430953741074e-03
5.514902062714099884e-03
5.514560732990503311e-03
5.514224059879779816e-03
5.513880401849746704e-03
5.513542331755161285e-03
5.513201467692852020e-03
5.512864328920841217e-03
5.512522067874670029e-03
5.512193776667118073e-03
5.511848255991935730e-03
5.511517170816659927e-03
5.511178169399499893e-03
5.510837305337190628e-03
5.510501563549041748e-03
5.510166753083467484e-03
5.509825889021158218e-03
5.509493872523307800e-03
5.509159527719020844e-03
5.508820991963148117e-03
5.508492700755596161e-03
5.508155561983585358e-03
5.507825408130884171e-03
5.507498979568481445e-03
5.507162772119045258e-03
5.506835877895355225e-03
5.506501067429780960e-03
5.506164394319057465e-03
5.505843553692102432e-03
5.505512934178113937e-03
5.505173001438379288e-03
5.504847038537263870e-03
5.504521075636148453e-03
5.504188593477010727e-03
5.503868218511343002e-03
5.503532011061906815e-03
5.503204185515642166e-03
5.502885673195123672e-03
5.502547603100538254e-03
5.502220708876848221e-03
5.501899868249893188e-03
5.501570645719766617e-03
5.501248408108949661e-03
5.500913597643375397e-03
5.500591825693845749e-03
5.500275641679763794e-03
5.499954801052808762e-03
5.499623250216245651e-03
5.499309394508600235e-03
5.498981568962335587e-03
5.498654674738645554e-03
5.498333368450403214e-03
5.498011130839586258e-03
5.497690290212631226e-03
5.497369449585676193e-03
5.497052334249019623e-03
5.496739409863948822e-03
5.496412981301546097e-03
5.496099125593900681e-03
5.495773162692785263e-03
5.495452787727117538e-03
5.495127756148576736e-03
5.494816694408655167e-03
5.494496319442987442e-03
5.494178738445043564e-03
5.493866745382547379e-03
5.493547767400741577e-03
5.493232514709234238e-03
5.492905620485544205e-03
5.492596421390771866e-03
5.492269992828369141e-03
5.491967312991619110e-03
5.491649266332387924e-03
5.491334944963455200e-03
5.491024814546108246e-03
5.490703508257865906e-03
5.490401294082403183e-03
5.490079522132873535e-03
5.489765666425228119e-03
5.489465780556201935e-03
5.489144008606672287e-03
5.488834809511899948e-03
5.488516297191381454e-03
5.488213617354631424e-03
5.487900227308273315e-03
5.487587302923202515e-03
5.487286951392889023e-03
5.486970301717519760e-03
5.486659239977598190e-03
5.486351903527975082e-03
5.486045964062213898e-03
5.485737696290016174e-03
5.485424771904945374e-03
5.485123489052057266e-03
5.484816152602434158e-03
5.484502762556076050e-03
5.484198685735464096e-03
5.483896005898714066e-03
5.483583081513643265e-03
5.483281332999467850e-03
5.482973065227270126e-03
5.482671782374382019e-03
5.482358857989311218e-03
5.482056178152561188e-03
5.481753498315811157e-03
5.481451749801635742e-03
5.481147207319736481e-03
5.480840336531400681e-03
5.480538588017225266e-03
5.480236373841762543e-03
5.479931365698575974e-03
5.479637999087572098e-03
5.479327868670225143e-03
5.479032173752784729e-03
5.478735081851482391e-03
5.478424485772848129e-03
5.478128790855407715e-03
5.477827042341232300e-03
5.477523896843194962e-03
5.477222148329019547e-03
5.476926919072866440e-03
5.476623307913541794e-03
5.476325284689664841e-03
5.476037971675395966e-03
5.475743673741817474e-03
5.475437734276056290e-03
5.475140642374753952e-03
5.474841687828302383e-03
5.474547855556011200e-03
5.474247969686985016e-03
5.473947618156671524e-03
5.473653320223093033e-03
5.473355762660503387e-03
5.473056808114051819e-03
5.472770426422357559e-03
5.472474265843629837e-03
5.472175776958465576e-03
5.471876822412014008e-03
5.471585318446159363e-03
5.471293348819017410e-03
5.471000447869300842e-03
5.470705684274435043e-03
5.470412317663431168e-03
5.470118019729852676e-03
5.469831172376871109e-03
5.469539668411016464e-03
5.469246301800012589e-03
5.468956660479307175e-03
5.468664225190877914e-03
5.468362942337989807e-03
5.468082148581743240e-03
5.467799026519060135e-03
5.467497278004884720e-03
5.467208568006753922e-03
5.466922651976346970e-03
5.466631148010492325e-03
5.466336384415626526e-03
5.466053728014230728e-03
5.465767346322536469e-03
5.465477705001831055e-03
5.465196445584297180e-03
5.464902147650718689e-03
5.464610178023576736e-03
5.464325193315744400e-03
5.464032292366027832e-03
5.463758483529090881e-03
5.463466979563236237e-03
5.463174544274806976e-03
5.462892353534698486e-03
5.462611559778451920e-03
5.462326575070619583e-03
5.462036468088626862e-03
5.461744498461484909e-03
5.461466964334249496e-03
5.461173597723245621e-03
5.460897460579872131e-03
5.460612010210752487e-03
5.460334010422229767e-03
5.460049491375684738e-03
5.459762178361415863e-03
5.459486972540616989e-03
5.459199659526348114e-03
5.458917934447526932e-03
5.458635743707418442e-03
5.458347965031862259e-03
5.458065774291753769e-03
5.457791499793529510e-03
5.457513500005006790e-03
5.457219202071428299e-03
5.456945858895778656e-03
5.456658080220222473e-03
5.456388462334871292e-03
5.456098355352878571e-03
5.455818958580493927e-03
5.455540493130683899e-03
5.455267149955034256e-03
5.454986356198787689e-03
5.454701371490955353e-03
5.454431753605604172e-03
5.454143043607473373e-03
5.453866440802812576e-03
5.453589372336864471e-03
5.453314166516065598e-03
5.453038029372692108e-03
5.452768411487340927e-03
5.452487152069807053e-03
5.452204495668411255e-03
5.451926030218601227e-03
5.451660137623548508e-03
5.451382137835025787e-03
5.451102275401353836e-03
5.450828466564416885e-03
5.450551863759756088e-03
5.450277589261531830e-03
5.450002383440732956e-03
5.449725780636072159e-03
5.449446849524974823e-03
5.449174437671899796e-03
5.448901560157537460e-03
5.448624026030302048e-03
5.448363255709409714e-03
5.448081530630588531e-03
5.447807256132364273e-03
5.447539035230875015e-03
5.447264295071363449e-03
5.446995142847299576e-03
5.446723662316799164e-03
5.446448456496000290e-03
5.446178838610649109e-03
5.445907358080148697e-03
5.445635877549648285e-03
5.445363000035285950e-03
5.445087794214487076e-03
5.444824229925870895e-03
5.444552749395370483e-03
5.444280803203582764e-03
5.444015841931104660e-03
5.443739704787731171e-03
5.443471949547529221e-03
5.443198140710592270e-03
5.442933179438114166e-03
5.442665424197912216e-03
5.442395806312561035e-03
5.442123394459486008e-03
5.441864021122455597e-03
5.441585555672645569e-03
5.441320594400167465e-03
5.441050976514816284e-03
5.440782289952039719e-03
5.440521053969860077e-03
5.440254695713520050e-03
5.439984612166881561e-03
5.439713597297668457e-03
5.439456552267074585e-03
5.439187865704298019e-03
5.438918713480234146e-03
5.438652820885181427e-03
5.438384599983692169e-03
5.438115913420915604e-03
5.437858868390321732e-03
5.437593441456556320e-03
5.437327548861503601e-03
5.437060724943876266e-03
5.436790641397237778e-03
5.436524748802185059e-03
5.436269566416740417e-03
5.435998085886240005e-03
5.435740109533071518e-03
5.435476545244455338e-03
5.435214377939701080e-03
5.434944760054349899e-03
5.434679798781871796e-03
5.434414371848106384e-03
5.434157326817512512e-03
5.433888640254735947e-03
5.433632992208003998e-03
5.433366168290376663e-03
5.433103535324335098e-03
5.432837642729282379e-03
5.432587582617998123e-03
5.432319361716508865e-03
5.432062782347202301e-03
5.431794095784425735e-03
5.431537050753831863e-03
5.431278608739376068e-03
5.431016441434621811e-03
5.430757999420166016e-03
5.430500954389572144e-03
5.430232733488082886e-03
5.429974757134914398e-03
5.429710261523723602e-03
5.429455079138278961e-03
5.429200362414121628e-03
5.428934469819068909e-03
5.428676959127187729e-03
5.428420845419168472e-03
5.428160075098276138e-03
5.427897907793521881e-03
5.427641794085502625e-03
5.427380558103322983e-03
5.427127704024314880e-03
5.426870193332433701e-03
5.426608957350254059e-03
5.426357500255107880e-03
5.426090210676193237e-03
5.425835959613323212e-03
5.425581242889165878e-03
5.425316747277975082e-03
5.425069481134414673e-03
5.424809642136096954e-03
5.424555856734514236e-03
5.424295552074909210e-03
5.424039904028177261e-03
5.423786118626594543e-03
5.423525813966989517e-03
5.423273891210556030e-03
5.423010792583227158e-03
5.422761198133230209e-03
5.422506015747785568e-03
5.422251764684915543e-03
5.421993322670459747e-03
5.421743262559175491e-03
5.421490874141454697e-03
5.421231035143136978e-03
5.420979112386703491e-03
5.420724861323833466e-03
5.420469213277101517e-03
5.420214496552944183e-03
5.419963970780372620e-03
5.419707857072353363e-03
5.419458262622356415e-03
5.419208668172359467e-03
5.418946035206317902e-03
5.418695975095033646e-03
5.418443121016025543e-03
5.418186541646718979e-03
5.417935084551572800e-03
5.417686421424150467e-03
5.417431239038705826e-03
5.417180247604846954e-03
5.416934378445148468e-03
5.416675470769405365e-03
5.416426341980695724e-03
5.416179541498422623e-03
5.415928084403276443e-03
5.415674764662981033e-03
5.415420047938823700e-03
5.415173247456550598e-03
5.414921790361404419e-03
5.414668004959821701e-03
5.414421204477548599e-03
5.414162296801805496e-03
5.413913633674383163e-03
5.413670092821121216e-03
5.413424689322710037e-03
5.413171835243701935e-03
5.412926431745290756e-03
5.412667058408260345e-03
5.412422120571136475e-03
5.412167403846979141e-03
5.411924328655004501e-03
5.411676596850156784e-03
5.411422811448574066e-03
5.411176010966300964e-03
5.410925485193729401e-03
5.410673096776008606e-03
5.410425364971160889e-03
5.410183221101760864e-03
5.409926641732454300e-03
5.409680772572755814e-03
5.409438628703355789e-03
5.409192293882369995e-03
5.408939439803361893e-03
5.408687051385641098e-03
5.408444907516241074e-03
5.408198572695255280e-03
5.407952703535556793e-03
5.407712422311306000e-03
5.407459568232297897e-03
5.407210905104875565e-03
5.406967829912900925e-03
5.406719166785478592e-03
5.406467709690332413e-03
5.406224168837070465e-03
5.405981093645095825e-03
5.405732430517673492e-03
5.405483767390251160e-03
5.405240226536989212e-03
5.404996220022439957e-03
5.404751282185316086e-03
5.404502619057893753e-03
5.404258612543344498e-03
5.404014140367507935e-03
5.403773859143257141e-03
5.403529852628707886e-03
5.403282586485147476e-03
5.403031129390001297e-03
5.402789916843175888e-03
5.402541253715753555e-03
5.402299109846353531e-03
5.402061622589826584e-03
5.401808768510818481e-03
5.401570815593004227e-03
5.401315167546272278e-03
5.401079542934894562e-03
5.400842987000942230e-03
5.400595255196094513e-03
5.400353576987981796e-03
5.400107242166996002e-03
5.399862304329872131e-03
5.399624817073345184e-03
5.399376153945922852e-03
5.399128887802362442e-03
5.398894660174846649e-03
5.398644134402275085e-03
5.398408509790897369e-03
5.398162640631198883e-03
5.397920496761798859e-03
5.397677421569824219e-03
5.397431552410125732e-03
5.397196859121322632e-03
5.396952386945486069e-03
5.396709777414798737e-03
5.396469030529260635e-03
5.396226420998573303e-03
5.395978689193725586e-03
5.395746789872646332e-03
5.395497195422649384e-03
5.395257379859685898e-03
5.395020823925733566e-03
5.394779145717620850e-03
5.394536536186933517e-03
5.394293460994958878e-03
5.394048988819122314e-03
5.393809173256158829e-03
5.393564235419034958e-03
5.393328610807657242e-03
5.393083672970533371e-03
5.392849445343017578e-03
5.392606835812330246e-03
5.392373539507389069e-03
5.392132792621850967e-03
5.391883663833141327e-03
5.391648970544338226e-03
5.391407292336225510e-03
5.391170270740985870e-03
5.390925332903862000e-03
5.390688311308622360e-03
5.390445236116647720e-03
5.390210077166557312e-03
5.389967001974582672e-03
5.389734171330928802e-03
5.389492958784103394e-03
5.389252211898565292e-03
5.389012861996889114e-03
5.388774443417787552e-03
5.388536024838685989e-03
5.388297606259584427e-03
5.388055928051471710e-03
5.387819837778806686e-03
5.387574899941682816e-03
5.387338344007730484e-03
5.387105047702789307e-03
5.386866163462400436e-03
5.386629141867160797e-03
5.386387463659048080e-03
5.386151839047670364e-03
5.385916680097579956e-03
5.385675467550754547e-03
5.385441705584526062e-03
5.385203287005424500e-03
5.384959746152162552e-03
5.384726449847221375e-03
5.384488031268119812e-03
5.384253803640604019e-03
5.384020507335662842e-03
5.383776035159826279e-03
5.383542273193597794e-03
5.383310373872518539e-03
5.383064039051532745e-03
5.382835399359464645e-03
5.382590927183628082e-03
5.382356699556112289e-03
5.382120143622159958e-03
5.381883122026920319e-03
5.381647031754255295e-03
5.381410475820302963e-03
5.381172988563776016e-03
5.380942486226558685e-03
5.380703136324882507e-03
5.380461458116769791e-03
5.380229558795690536e-03
5.379994399845600128e-03
5.379758775234222412e-03
5.379519890993833542e-03
5.379281006753444672e-03
5.379050038754940033e-03
5.378813017159700394e-03
5.378574132919311523e-03
5.378335714340209961e-03
5.378113128244876862e-03
5.377875175327062607e-03
5.377637688070535660e-03
5.377402994781732559e-03
5.377162247896194458e-03
5.376932676881551743e-03
5.376697517931461334e-03
5.376462358981370926e-03
5.376232322305440903e-03
5.375990644097328186e-03
5.375751294195652008e-03
5.375524517148733139e-03
5.375283304601907730e-03
5.375057924538850784e-03
5.374820437282323837e-03
5.374587140977382660e-03
5.374346394091844559e-03
5.374114494770765305e-03
5.373887717723846436e-03
5.373651161789894104e-03
5.373417865484952927e-03
5.373181775212287903e-03
5.372948013246059418e-03
5.372712854295969009e-03
5.372473970055580139e-03
5.372248124331235886e-03
5.372014362365007401e-03
5.371771287173032761e-03
5.371539853513240814e-03
5.371303297579288483e-03
5.371082574129104614e-03
5.370841361582279205e-03
5.370605271309614182e-03
5.370371975004673004e-03
5.370141007006168365e-03
5.369907710701227188e-03
5.369683261960744858e-03
5.369445774704217911e-03
5.369209684431552887e-03
5.368978716433048248e-03
5.368745885789394379e-03
5.368514452129602432e-03
5.368276499211788177e-03
5.368046928197145462e-03
5.367815028876066208e-03
5.367576610296964645e-03
5.367357283830642700e-03
5.367116071283817291e-03
5.366885568946599960e-03
5.366653203964233398e-03
5.366414785385131836e-03
5.366190802305936813e-03
5.365952849388122559e-03
5.365727934986352921e-03
5.365490913391113281e-03
5.365256220102310181e-03
5.365031771361827850e-03
5.364792421460151672e-03
5.364567041397094727e-03
5.364336539059877396e-03
5.364103242754936218e-03
5.363871343433856964e-03
5.363636650145053864e-03
5.363410804420709610e-03
5.363173317164182663e-03
5.362949799746274948e-03
5.362709984183311462e-03
5.362477619200944901e-03
5.362247116863727570e-03
5.362017080187797546e-03
5.361786112189292908e-03
5.361554678529500961e-03
5.361319985240697861e-03
5.361090414226055145e-03
5.360860377550125122e-03
5.360630806535482407e-03
5.360402632504701614e-03
5.360170733183622360e-03
5.359941162168979645e-03
5.359706934541463852e-03
5.359475966542959213e-03
5.359242670238018036e-03
5.359019618481397629e-03
5.358781665563583374e-03
5.358553491532802582e-03
5.358326714485883713e-03
5.358091089874505997e-03
5.357861518859863281e-03
5.357631482183933258e-03
5.357402376830577850e-03
5.357169546186923981e-03
5.356941372156143188e-03
5.356709938496351242e-03
5.356487352401018143e-03
5.356247536838054657e-03
5.356019828468561172e-03
5.355789326131343842e-03
5.355556961148977280e-03
5.355334375053644180e-03
5.355102941393852234e-03
5.354875698685646057e-03
5.354641936719417572e-03
5.354418419301509857e-03
5.354177206754684448e-03
5.353956948965787888e-03
5.353720858693122864e-03
5.353490822017192841e-03
5.353259854018688202e-03
5.353040061891078949e-03
5.352804437279701233e-03
5.352573934942483902e-03
5.352341569960117340e-03
5.352117586880922318e-03
5.351883359253406525e-03
5.351657047867774963e-03
5.351430736482143402e-03
5.351203959435224533e-03
5.350971594452857971e-03
5.350741092115640640e-03
5.350515712052583694e-03
5.350282881408929825e-03
5.350056104362010956e-03
5.349828395992517471e-03
5.349600687623023987e-03
5.349371116608381271e-03
5.349140614271163940e-03
5.348911508917808533e-03
5.348677746951580048e-03
5.348453763872385025e-03
5.348223261535167694e-03
5.347991827875375748e-03
5.347768310457468033e-03
5.347534548491239548e-03
5.347305908799171448e-03
5.347080994397401810e-03
5.346853751689195633e-03
5.346621852368116379e-03
5.346394143998622894e-03
5.346172954887151718e-03
5.345935001969337463e-03
5.345713347196578979e-03
5.345477256923913956e-03
5.345256067812442780e-03
5.345026031136512756e-03
5.344802513718605042e-03
5.344566423445940018e-03
5.344343371689319611e-03
5.344117060303688049e-03
5.343885160982608795e-03
5.343655589967966080e-03
5.343427881598472595e-03
5.343197844922542572e-03
5.342977587133646011e-03
5.342745687812566757e-03
5.342522636055946350e-03
5.342294927686452866e-03
5.342062562704086304e-03
5.341839045286178589e-03
5.341612268239259720e-03
5.341385025531053543e-03
5.341158714145421982e-03
5.340925883501768112e-03
5.340696312487125397e-03
5.340475123375654221e-03
5.340246949344873428e-03
5.340017378330230713e-03
5.339790135622024536e-03
5.339557304978370667e-03
5.339336581528186798e-03
5.339107476174831390e-03
5.338885355740785599e-03
5.338662769645452499e-03
5.338422488421201706e-03
5.338200367987155914e-03
5.337977316230535507e-03
5.337748676538467407e-03
5.337522365152835846e-03
5.337299313396215439e-03
5.337066482752561569e-03
5.336841102689504623e-03
5.336606875061988831e-03
5.336387082934379578e-03
5.336160771548748016e-03
5.335933994501829147e-03
5.335711874067783356e-03
5.335483700037002563e-03
5.335255060344934464e-03
5.335025489330291748e-03
5.334801040589809418e-03
5.334574263542890549e-03
5.334344692528247833e-03
5.334113258868455887e-03
5.333895795047283173e-03
5.333669483661651611e-03
5.333440843969583511e-03
5.333214998245239258e-03
5.332982633262872696e-03
5.332768894731998444e-03
5.332546308636665344e-03
5.332315806299448013e-03
5.332087166607379913e-03
5.331857129931449890e-03
5.331633146852254868e-03
5.331404972821474075e-03
5.331183318048715591e-03
5.330952815711498260e-03
5.330729763954877853e-03
5.330501589924097061e-03
5.330280866473913193e-03
5.330056883394718170e-03
5.329824984073638916e-03
5.329603329300880432e-03
5.329377017915248871e-03
5.329149775207042694e-03
5.328928120434284210e-03
5.328700412064790726e-03
5.328470841050148010e-03
5.328248254954814911e-03
5.328026600182056427e-03
5.327798891812562943e-03
5.327576771378517151e-03
5.327342543751001358e-03
5.327119957655668259e-03
5.326896440237760544e-03
5.326667800545692444e-03
5.326445680111646652e-03
5.326217506080865860e-03
5.325996782630681992e-03
5.325773265212774277e-03
5.325548816472291946e-03
5.325323436409235001e-03
5.325097125023603439e-03
5.324867088347673416e-03
5.324650555849075317e-03
5.324420984834432602e-03
5.324200261384248734e-03
5.323972087353467941e-03
5.323749966919422150e-03
5.323529243469238281e-03
5.323297809809446335e-03
5.323072895407676697e-03
5.322847049683332443e-03
5.322625394910573959e-03
5.322401877492666245e-03
5.322178825736045837e-03
5.321953911334276199e-03
5.321724805980920792e-03
5.321503616869449615e-03
5.321278702467679977e-03
5.321058910340070724e-03
5.320827011018991470e-03
5.320605821907520294e-03
5.320375785231590271e-03
5.320159718394279480e-03
5.319934338331222534e-03
5.319712683558464050e-03
5.319484043866395950e-03
5.319260060787200928e-03
5.319042131304740906e-03
5.318814888596534729e-03
5.318589042872190475e-03
5.318364594131708145e-03
5.318147130310535431e-03
5.317920353263616562e-03
5.317693576216697693e-03
5.317473318427801132e-03
5.317247472703456879e-03
5.317021161317825317e-03
5.316796246916055679e-03
5.316573195159435272e-03
5.316353868693113327e-03
5.316130816936492920e-03
5.315906368196010590e-03
5.315687973052263260e-03
5.315461196005344391e-03
5.315235350281000137e-03
5.315014626830816269e-03
5.314792506396770477e-03
5.314574111253023148e-03
5.314343608915805817e-03
5.314120557159185410e-03
5.313907749950885773e-03
5.313677247613668442e-03
5.313458386808633804e-03
5.313233472406864166e-03
5.313005764037370682e-03
5.312789231538772583e-03
5.312563385814428329e-03
5.312344525009393692e-03
5.312121938914060593e-03
5.311893764883279800e-03
5.311676301062107086e-03
5.311449524015188217e-03
5.311226472258567810e-03
5.311008077114820480e-03
5.310789681971073151e-03
5.310560110956430435e-03
5.310342181473970413e-03
5.310114007443189621e-03
5.309896543622016907e-03
5.309673957526683807e-03
5.309449974447488785e-03
5.309232044965028763e-03
5.309011321514844894e-03
5.308787338435649872e-03
5.308559630066156387e-03
5.308342166244983673e-03
5.308122374117374420e-03
5.307895597070455551e-03
5.307674407958984375e-03
5.307457875460386276e-03
5.307229701429605484e-03
5.307013634592294693e-03
5.306790117174386978e-03
5.306566134095191956e-03
5.306343547999858856e-03
5.306123755872249603e-03
5.305903032422065735e-03
5.305683705955743790e-03
5.305462982505559921e-03
5.305241793394088745e-03
5.305020138621330261e-03
5.304799880832433701e-03
5.304581951349973679e-03
5.304356105625629425e-03
5.304135847836732864e-03
5.303917452692985535e-03
5.303700920194387436e-03
5.303476471453905106e-03
5.303257610648870468e-03
5.303032696247100830e-03
5.302812904119491577e-03
5.302593577653169632e-03
5.302370525896549225e-03
5.302159115672111511e-03
5.301933269947767258e-03
5.301717668771743774e-03
5.301490891724824905e-03
5.301274359226226807e-03
5.301055964082479477e-03
5.300835706293582916e-03
5.300613585859537125e-03
5.300386343151330948e-03
5.300173535943031311e-03
5.299950018525123596e-03
5.299733020365238190e-03
5.299514159560203552e-03
5.299299024045467377e-03
5.299073643982410431e-03
5.298860371112823486e-03
5.298640578985214233e-03
5.298417992889881134e-03
5.298196803778409958e-03
5.297984927892684937e-03
5.297764204442501068e-03
5.297537893056869507e-03
5.297320429235696793e-03
5.297110415995121002e-03
5.296892952173948288e-03
5.296662915498018265e-03
5.296450108289718628e-03
5.296228919178247452e-03
5.296011455357074738e-03
5.295792594552040100e-03
5.295577924698591232e-03
5.295359529554843903e-03
5.295139737427234650e-03
5.294921342283487320e-03
5.294708069413900375e-03
5.294484551995992661e-03
5.294271279126405716e-03
5.294046830385923386e-03
5.293834954500198364e-03
5.293616559356451035e-03
5.293395370244979858e-03
5.293179303407669067e-03
5.292958579957485199e-03
5.292745307087898254e-03
5.292522255331277847e-03
5.292310845106840134e-03
5.292091052979230881e-03
5.291876848787069321e-03
5.291661247611045837e-03
5.291439127177000046e-03
5.291224922984838486e-03
5.291005130857229233e-03
5.290790926665067673e-03
5.290576256811618805e-03
5.290355999022722244e-03
5.290143657475709915e-03
5.289926193654537201e-03
5.289707332849502563e-03
5.289493594318628311e-03
5.289278458803892136e-03
5.289060994982719421e-03
5.288846790790557861e-03
5.288631189614534378e-03
5.288410466164350510e-03
5.288194864988327026e-03
5.287982989102602005e-03
5.287764128297567368e-03
5.287552718073129654e-03
5.287336185574531555e-03
5.287120118737220764e-03
5.286906380206346512e-03
5.286684259772300720e-03
5.286471452564001083e-03
5.286261439323425293e-03
5.286043044179677963e-03
5.285826977342367172e-03
5.285615567117929459e-03
5.285399965941905975e-03
5.285185296088457108e-03
5.284971091896295547e-03
5.284753628075122833e-03
5.284547805786132812e-03
5.284335464239120483e-03
5.284118931740522385e-03
5.283908452838659286e-03
5.283688660711050034e-03
5.283477716147899628e-03
5.283262114971876144e-03
5.283047910779714584e-03
5.282834172248840332e-03
5.282623227685689926e-03
5.282409489154815674e-03
5.282194353640079498e-03
5.281985271722078323e-03
5.281768739223480225e-03
5.281557794660329819e-03
5.281340330839157104e-03
5.281133111566305161e-03
5.280913785099983215e-03
5.280706565827131271e-03
5.280499812215566635e-03
5.280281882733106613e-03
5.280063953250646591e-03
5.279857665300369263e-03
5.279646720737218857e-03
5.279430188238620758e-03
5.279222037643194199e-03
5.279012955725193024e-03
5.278801545500755310e-03
5.278592463582754135e-03
5.278374534100294113e-03
5.278166849166154861e-03
5.277951713651418686e-03
5.277746357023715973e-03
5.277531221508979797e-03
5.277319811284542084e-03
5.277111195027828217e-03
5.276899784803390503e-03
5.276693031191825867e-03
5.276478826999664307e-03
5.276272539049386978e-03
5.276057869195938110e-03
5.275844130665063858e-03
5.275641102343797684e-03
5.275425966829061508e-03
5.275220610201358795e-03
5.275011528283357620e-03
5.274796392768621445e-03
5.274589173495769501e-03
5.274375900626182556e-03
5.274175200611352921e-03
5.273970309644937515e-03
5.273750983178615570e-03
5.273546557873487473e-03
5.273337010294198990e-03
5.273126997053623199e-03
5.272918380796909332e-03
5.272711161524057388e-03
5.272505804896354675e-03
5.272292532026767731e-03
5.272089038044214249e-03
5.271882750093936920e-03
5.271669011563062668e-03
5.271460395306348801e-03
5.271258298307657242e-03
5.271054804325103760e-03
5.270841997116804123e-03
5.270638037472963333e-03
5.270432215183973312e-03
5.270218942314386368e-03
5.270016379654407501e-03
5.269808229058980942e-03
5.269601009786128998e-03
5.269395653158426285e-03
5.269192159175872803e-03
5.268987733870744705e-03
5.268771201372146606e-03
5.268566310405731201e-03
5.268370267003774643e-03
5.268154665827751160e-03
5.267957225441932678e-03
5.267743486911058426e-03
5.267538130283355713e-03
5.267332773655653000e-03
5.267129279673099518e-03
5.266928579658269882e-03
5.266718100756406784e-03
5.266517400741577148e-03
5.266312509775161743e-03
5.266111809760332108e-03
5.265901796519756317e-03
5.265701562166213989e-03
5.265493877232074738e-03
5.265289451926946640e-03
5.265083163976669312e-03
5.264880601316690445e-03
5.264678969979286194e-03
5.264482460916042328e-03
5.264275241643190384e-03
5.264076869934797287e-03
5.263867788016796112e-03
5.263673141598701477e-03
5.263464991003274918e-03
5.263262428343296051e-03
5.263064056634902954e-03
5.262860562652349472e-03
5.262661725282669067e-03
5.262448452413082123e-03
5.262250080704689026e-03
5.262047052383422852e-03
5.261847283691167831e-03
5.261646118015050888e-03
5.261444021016359329e-03
5.261244252324104309e-03
5.261040292680263519e-03
5.260844249278306961e-03
5.260644946247339249e-03
5.260435864329338074e-03
5.260235629975795746e-03
5.260040983557701111e-03
5.259837023913860321e-03
5.259646102786064148e-03
5.259440280497074127e-03
5.259239114820957184e-03
5.259036086499691010e-03
5.258841440081596375e-03
5.258644931018352509e-03
5.258440505713224411e-03
5.258249118924140930e-03
5.258040502667427063e-03
5.257846321910619736e-03
5.257648415863513947e-03
5.257448181509971619e-03
5.257247947156429291e-03
5.257050972431898117e-03
5.256850272417068481e-03
5.256657488644123077e-03
5.256461445242166519e-03
5.256254691630601883e-03
5.256063304841518402e-03
5.255868658423423767e-03
5.255668424069881439e-03
5.255472380667924881e-03
5.255275871604681015e-03
5.255073308944702148e-03
5.254879593849182129e-03
5.254681222140789032e-03
5.254492163658142090e-03
5.254293791949748993e-03
5.254095885902643204e-03
5.253900773823261261e-03
5.253705196082592010e-03
5.253510084003210068e-03
5.253314040601253510e-03
5.253123119473457336e-03
5.252924282103776932e-03
5.252728704363107681e-03
5.252534989267587662e-03
5.252333357930183411e-03
5.252143833786249161e-03
5.251949653029441833e-03
5.251756403595209122e-03
5.251559894531965256e-03
5.251368973404169083e-03
5.251174326986074448e-03
5.250979214906692505e-03
5.250785965472459793e-03
5.250596906989812851e-03
5.250398069620132446e-03
5.250209476798772812e-03
5.250013433396816254e-03
5.249825306236743927e-03
5.249629728496074677e-03
5.249436013400554657e-03
5.249250214546918869e-03
5.249051842838525772e-03
5.248862784355878830e-03
5.248673260211944580e-03
5.248482339084148407e-03
5.248285830020904541e-03
5.248102825134992599e-03
5.247904919087886810e-03
5.247718188911676407e-03
5.247524008154869080e-03
5.247332155704498291e-03
5.247143562883138657e-03
5.246960092335939407e-03
5.246763117611408234e-03
5.246574059128761292e-03
5.246388725936412811e-03
5.246197339147329330e-03
5.246010608971118927e-03
5.245816893875598907e-03
5.245629232376813889e-03
5.245435982942581177e-03
5.245249718427658081e-03
5.245069041848182678e-03
5.244873464107513428e-03
5.244689993560314178e-03
5.244497675448656082e-03
5.244307685643434525e-03
5.244125146418809891e-03
5.243931896984577179e-03
5.243744701147079468e-03
5.243561696261167526e-03
5.243374034762382507e-03
5.243188235908746719e-03
5.243002902716398239e-03
5.242815706878900528e-03
5.242631305009126663e-03
5.242443177849054337e-03
5.242256447672843933e-03
5.242073908448219299e-03
5.241880193352699280e-03
5.241705570369958878e-03
5.241517443209886551e-03
5.241328850388526917e-03
5.241143982857465744e-03
5.240955855697393417e-03
5.240772385150194168e-03
5.240591708570718765e-03
5.240411031991243362e-03
5.240226164460182190e-03
5.240036174654960632e-03
5.239858757704496384e-03
5.239671096205711365e-03
5.239490419626235962e-03
5.239305086433887482e-03
5.239120218902826309e-03
5.238940939307212830e-03
5.238759797066450119e-03
5.238575395196676254e-03
5.238393321633338928e-03
5.238211248070001602e-03
5.238033365458250046e-03
5.237847566604614258e-03
5.237669683992862701e-03
5.237482022494077682e-03
5.237305071204900742e-03
5.237121600657701492e-03
5.236946046352386475e-03
5.236763972789049149e-03
5.236582830548286438e-03
5.236403550952672958e-03
5.236216355115175247e-03
5.236038006842136383e-03
5.235861986875534058e-03
5.235682707279920578e-03
5.235504824668169022e-03
5.235318094491958618e-03
5.235147662460803986e-03
5.234962329268455505e-03
5.234787706285715103e-03
5.234600976109504700e-03
5.234428681433200836e-03
5.234252661466598511e-03
5.234076175838708878e-03
5.233896430581808090e-03
5.233717616647481918e-03
5.233538337051868439e-03
5.233362317085266113e-03
5.233188625425100327e-03
5.233008880168199539e-03
5.232830066233873367e-03
5.232653580605983734e-03
5.232476629316806793e-03
5.232299212366342545e-03
5.232127383351325989e-03
5.231949966400861740e-03
5.231768824160099030e-03
5.231597926467657089e-03
5.231426097452640533e-03
5.231251008808612823e-03
5.231074988842010498e-03
5.230907350778579712e-03
5.230727605521678925e-03
5.230552982538938522e-03
5.230376031249761581e-03
5.230204667896032333e-03
5.230029113590717316e-03
5.229857750236988068e-03
5.229683592915534973e-03
5.229505710303783417e-03
5.229336209595203400e-03
5.229163449257612228e-03
5.228992085903882980e-03
5.228818394243717194e-03
5.228647962212562561e-03
5.228472407907247543e-03
5.228296387940645218e-03
5.228125490248203278e-03
5.227960646152496338e-03
5.227788351476192474e-03
5.227619316428899765e-03
5.227446556091308594e-03
5.227266810834407806e-03
5.227099172770977020e-03
5.226929206401109695e-03
5.226762499660253525e-03
5.226589273661375046e-03
5.226418375968933105e-03
5.226250737905502319e-03
5.226088222116231918e-03
5.225917790085077286e-03
5.225743632763624191e-03
5.225575529038906097e-03
5.225408822298049927e-03
5.225236993283033371e-03
5.225068889558315277e-03
5.224904976785182953e-03
5.224728491157293320e-03
5.224565044045448303e-03
5.224393215030431747e-03
5.224226973950862885e-03
5.224059335887432098e-03
5.223895888775587082e-03
5.223724991083145142e-03
5.223561543971300125e-03
5.223393440246582031e-03
5.223222542554140091e-03
5.223057698458433151e-03
5.222893785685300827e-03
5.222729407250881195e-03
5.222563166171312332e-03
5.222399719059467316e-03
5.222232080996036530e-03
5.222068168222904205e-03
5.221900995820760727e-03
5.221739877015352249e-03
5.221566651016473770e-03
5.221407394856214523e-03
5.221243016421794891e-03
5.221075844019651413e-03
5.220914725214242935e-03
5.220745224505662918e-03
5.220592487603425980e-03
5.220421124249696732e-03
5.220261402428150177e-03
5.220094695687294006e-03
5.219934508204460144e-03
5.219772923737764359e-03
5.219608545303344727e-03
5.219445563852787018e-03
5.219288635998964310e-03
5.219122860580682755e-03
5.218960344791412354e-03
5.218797829002141953e-03
5.218639504164457321e-03
5.218476988375186920e-03
5.218316335231065750e-03
5.218156613409519196e-03
5.217998754233121872e-03
5.217841360718011856e-03
5.217672325670719147e-03
5.217516794800758362e-03
5.217358935624361038e-03
5.217198282480239868e-03
5.217035766690969467e-03
5.216874182224273682e-03
5.216714926064014435e-03
5.216558463871479034e-03
5.216398742049932480e-03
5.216239485889673233e-03
5.216080695390701294e-03
5.215927492827177048e-03
5.215769167989492416e-03
5.215613171458244324e-03
5.215452983975410461e-03
5.215295124799013138e-03
5.215136799961328506e-03
5.214982666075229645e-03
5.214830860495567322e-03
5.214665550738573074e-03
5.214510019868612289e-03
5.214357282966375351e-03
5.214196629822254181e-03
5.214044358581304550e-03
5.213886965066194534e-03
5.213735625147819519e-03
5.213573575019836426e-03
5.213419906795024872e-03
5.213271826505661011e-03
5.213113967329263687e-03
5.212958436459302902e-03
5.212804302573204041e-03
5.212648306041955948e-03
5.212499294430017471e-03
5.212344694882631302e-03
5.212184973061084747e-03
5.212031770497560501e-03
5.211879964917898178e-03
5.211729556322097778e-03
5.211574491113424301e-03
5.211420822888612747e-03
5.211264826357364655e-03
5.211111158132553101e-03
5.210962612181901932e-03
5.210810806602239609e-03
5.210665520280599594e-03
5.210508126765489578e-03
5.210357252508401871e-03
5.210198462009429932e-03
5.210049450397491455e-03
5.209903232753276825e-03
5.209751427173614502e-03
5.209599155932664871e-03
5.209448747336864471e-03
5.209301598370075226e-03
5.209147930145263672e-03
5.208999384194612503e-03
5.208851769566535950e-03
5.208700895309448242e-03
5.208544433116912842e-03
5.208404734730720520e-03
5.208244547247886658e-03
5.208102054893970490e-03
5.207956302911043167e-03
5.207802634686231613e-03
5.207655485719442368e-03
5.207510665059089661e-03
5.207360256463289261e-03
5.207207053899765015e-03
5.207060836255550385e-03
5.206914152950048447e-03
5.206770263612270355e-03
5.206619855016469955e-03
5.206476897001266479e-03
5.206332542002201080e-03
5.206179339438676834e-03
5.206041969358921051e-03
5.205887369811534882e-03
5.205742549151182175e-03
5.205603782087564468e-03
5.205451510846614838e-03
5.205309949815273285e-03
5.205160472542047501e-03
5.205011460930109024e-03
5.204863846302032471e-03
5.204718094319105148e-03
5.204578395932912827e-03
5.204434972256422043e-03
5.204290617257356644e-03
5.204145796597003937e-03
5.204006098210811615e-03
5.203853361308574677e-03
5.203715991228818893e-03
5.203572101891040802e-03
5.203432869166135788e-03
5.203285720199346542e-03
5.203141365200281143e-03
5.203001201152801514e-03
5.202855449169874191e-03
5.202709697186946869e-03
5.202569067478179932e-03
5.202431231737136841e-03
5.202287808060646057e-03
5.202142056077718735e-03
5.202004220336675644e-03
5.201864521950483322e-03
5.201720632612705231e-03
5.201581399887800217e-03
5.201440770179033279e-03
5.201293621212244034e-03
5.201152525842189789e-03
5.201010499149560928e-03
5.200876388698816299e-03
5.200731568038463593e-03
5.200590472668409348e-03
5.200451239943504333e-03
5.200310610234737396e-03
5.200174171477556229e-03
5.200031679123640060e-03
5.199892446398735046e-03
5.199762061238288879e-03
5.199621431529521942e-03
5.199480336159467697e-03
5.199342034757137299e-03
5.199203267693519592e-03
5.199069157242774963e-03
5.198925267904996872e-03
5.198790226131677628e-03
5.198649596422910690e-03
5.198509432375431061e-03
5.198372527956962585e-03
5.198241677135229111e-03
5.198101978749036789e-03
5.197961814701557159e-03
5.197824444621801376e-03
5.197689868509769440e-03
5.197552032768726349e-03
5.197414662688970566e-03
5.197281017899513245e-03
5.197145976126194000e-03
5.197010468691587448e-03
5.196874961256980896e-03
5.196739453822374344e-03
5.196598824113607407e-03
5.196468438953161240e-03
5.196331068873405457e-03
5.196198355406522751e-03
5.196059588342905045e-03
5.195928271859884262e-03
5.195789970457553864e-03
5.195659119635820389e-03
5.195526871830224991e-03
5.195392295718193054e-03
5.195254925638437271e-03
5.195124074816703796e-03
5.194988101720809937e-03
5.194857250899076462e-03
5.194723140448331833e-03
5.194587167352437973e-03
5.194453988224267960e-03
5.194320343434810638e-03
5.194186698645353317e-03
5.194056779146194458e-03
5.193920806050300598e-03
5.193792283535003662e-03
5.193661432713270187e-03
5.193525459617376328e-03
5.193402990698814392e-03
5.193267483264207840e-03
5.193131975829601288e-03
5.193001125007867813e-03
5.192873068153858185e-03
5.192742217332124710e-03
5.192613229155540466e-03
5.192475859075784683e-03
5.192346870899200439e-03
5.192222073674201965e-03
5.192081443965435028e-03
5.191958043724298477e-03
5.191822070628404617e-03
5.191700998693704605e-03
5.191565491259098053e-03
5.191433243453502655e-03
5.191303789615631104e-03
5.191179923713207245e-03
5.191051401197910309e-03
5.190921481698751450e-03
5.190790630877017975e-03
5.190661177039146423e-03
5.190533585846424103e-03
5.190405994653701782e-03
5.190275609493255615e-03
5.190148949623107910e-03
5.190019030123949051e-03
5.189890041947364807e-03
5.189762916415929794e-03
5.189635790884494781e-03
5.189505405724048615e-03
5.189375020563602448e-03
5.189254879951477051e-03
5.189126823097467422e-03
5.188995506614446640e-03
5.188873037695884705e-03
5.188741721212863922e-03
5.188619252294301987e-03
5.188492126762866974e-03
5.188368726521730423e-03
5.188236944377422333e-03
5.188119132071733475e-03
5.187986418604850769e-03
5.187859293073415756e-03
5.187729839235544205e-03
5.187612026929855347e-03
5.187486298382282257e-03
5.187362898141145706e-03
5.187236238270998001e-03
5.187109112739562988e-03
5.186982452869415283e-03
5.186862312257289886e-03
5.186732858419418335e-03
5.186605267226696014e-03
5.186484660953283310e-03
5.186360795050859451e-03
5.186238791793584824e-03
5.186110734939575195e-03
5.185994319617748260e-03
5.185864400118589401e-03
5.185744259506464005e-03
5.185617133975028992e-03
5.185496527701616287e-03
5.185367539525032043e-03
5.185247864574193954e-03
5.185123067349195480e-03
5.184999667108058929e-03
5.184876266866922379e-03
5.184757523238658905e-03
5.184637848287820816e-03
5.184513516724109650e-03
5.184392444789409637e-03
5.184267181903123856e-03
5.184147972613573074e-03
5.184025969356298447e-03
5.183901172131299973e-03
5.183781497180461884e-03
5.183659959584474564e-03
5.183537956327199936e-03
5.183412693440914154e-03
5.183296743780374527e-03
5.183173809200525284e-03
5.183053668588399887e-03
5.182929337024688721e-03
5.182807333767414093e-03
5.182688590139150620e-03
5.182570312172174454e-03
5.182447377592325211e-03
5.182333290576934814e-03
5.182211752980947495e-03
5.182088818401098251e-03
5.181970540434122086e-03
5.181850399821996689e-03
5.181739106774330139e-03
5.181618500500917435e-03
5.181491840630769730e-03
5.181378219276666641e-03
5.181254353374242783e-03
5.181140732020139694e-03
5.181023851037025452e-03
5.180912092328071594e-03
5.180786829441785812e-03
5.180671345442533493e-03
5.180567968636751175e-03
5.180466454476118088e-03
5.180361680686473846e-03
5.180272739380598068e-03
5.180194042623043060e-03
5.180136300623416901e-03
5.180126056075096130e-03
5.180155858397483826e-03
5.180293228477239609e-03
5.180520471185445786e-03
5.181021522730588913e-03
5.181695334613323212e-03
5.183011759072542191e-03
5.184373818337917328e-03
5.186892114579677582e-03
5.188199691474437714e-03
5.190322175621986389e-03
5.188727285712957382e-03
5.186567548662424088e-03
5.182184278964996338e-03
5.179036408662796021e-03
5.178254563361406326e-03
5.179646424949169159e-03
5.181514658033847809e-03
5.181668326258659363e-03
5.180355161428451538e-03
5.178391933441162109e-03
5.177501123398542404e-03
5.177985411137342453e-03
5.178907886147499084e-03
5.179245490580797195e-03
5.178485065698623657e-03
5.177416373044252396e-03
5.176795646548271179e-03
5.176915321499109268e-03
5.177381448447704315e-03
5.177551414817571640e-03
5.177277605980634689e-03
5.176659207791090012e-03
5.176159087568521500e-03
5.175986792892217636e-03
5.176089704036712646e-03
5.176254082471132278e-03
5.176238249987363815e-03
5.176028236746788025e-03
5.175675265491008759e-03
5.175351630896329880e-03
5.175157450139522552e-03
5.175097845494747162e-03
5.175122059881687164e-03
5.175117403268814087e-03
5.175044294446706772e-03
5.174880381673574448e-03
5.174670368432998657e-03
5.174452438950538635e-03
5.174262914806604385e-03
5.174125544726848602e-03
5.174031015485525131e-03
5.173961166292428970e-03
5.173895973712205887e-03
5.173822399228811264e-03
5.173721350729465485e-03
5.173595622181892395e-03
5.173461046069860458e-03
5.173307377845048904e-03
5.173168145120143890e-03
5.173018667846918106e-03
5.172888748347759247e-03
5.172771867364645004e-03
5.172654055058956146e-03
5.172549746930599213e-03
5.172440316528081894e-03
5.172337871044874191e-03
5.172243341803550720e-03
5.172144621610641479e-03
5.172047298401594162e-03
5.171954166144132614e-03
5.171864759176969528e-03
5.171782337129116058e-03
5.171712487936019897e-03
5.171662662178277969e-03
5.171634722501039505e-03
5.171639379113912582e-03
5.171720404177904129e-03
5.171872675418853760e-03
5.172207951545715332e-03
5.172682926058769226e-03
5.173617508262395859e-03
5.174777936190366745e-03
5.176983308047056198e-03
5.179101601243019104e-03
5.182957742363214493e-03
5.184667650610208511e-03
5.187366157770156860e-03
5.184525158256292343e-03
5.180769599974155426e-03
5.174532067030668259e-03
5.170420743525028229e-03
5.169898737221956253e-03
5.172208882868289948e-03
5.174822639673948288e-03
5.174870602786540985e-03
5.172879435122013092e-03
5.170166958123445511e-03
5.168991163372993469e-03
5.169720854610204697e-03
5.171087570488452911e-03
5.171695258468389511e-03
5.170797929167747498e-03
5.169351119548082352e-03
5.168364383280277252e-03
5.168387666344642639e-03
5.169032607227563858e-03
5.169515032321214676e-03
5.169436335563659668e-03
5.168742034584283829e-03
5.167983938008546829e-03
5.167527124285697937e-03
5.167514085769653320e-03
5.167757160961627960e-03
5.167969036847352982e-03
5.167971830815076828e-03
5.167680792510509491e-03
5.167279392480850220e-03
5.166880786418914795e-03
5.166642833501100540e-03
5.166563205420970917e-03
5.166588351130485535e-03
5.166638642549514771e-03
5.166629794985055923e-03
5.166549701243638992e-03
5.166370887309312820e-03
5.166152026504278183e-03
5.165921524167060852e-03
5.165718030184507370e-03
5.165549926459789276e-03
5.165432114154100418e-03
5.165345501154661179e-03
5.165286362171173096e-03
5.165237002074718475e-03
5.165170878171920776e-03
5.165114533156156540e-03
5.165040493011474609e-03
5.164961330592632294e-03
5.164874717593193054e-03
5.164780654013156891e-03
5.164678674191236496e-03
5.164592992514371872e-03
5.164518486708402634e-03
5.164462607353925705e-03
5.164413247257471085e-03
5.164409521967172623e-03
5.164431873708963394e-03
5.164545495063066483e-03
5.164713133126497269e-03
5.165071692317724228e-03
5.165538284927606583e-03
5.166429094970226288e-03
5.167482886463403702e-03
5.169450305402278900e-03
5.171413533389568329e-03
5.175001919269561768e-03
5.177262239158153534e-03
5.180994514375925064e-03
5.180228035897016525e-03
5.178966093808412552e-03
5.172980483621358871e-03
5.167191382497549057e-03
5.162979010492563248e-03
5.162334069609642029e-03
5.164561327546834946e-03
5.167161114513874054e-03
5.168252158910036087e-03
5.166545975953340530e-03
5.163891240954399109e-03
5.161825101822614670e-03
5.161541048437356949e-03
5.162668414413928986e-03
5.163881927728652954e-03
5.164233502000570297e-03
5.163306370377540588e-03
5.161957815289497375e-03
5.160901229828596115e-03
5.160659551620483398e-03
5.161084234714508057e-03
5.161664914339780807e-03
5.161967128515243530e-03
5.161719396710395813e-03
5.161147564649581909e-03
5.160453729331493378e-03
5.159962456673383713e-03
5.159751046448945999e-03
5.159810651093721390e-03
5.159982945770025253e-03
5.160117521882057190e-03
5.160145461559295654e-03
5.159996449947357178e-03
5.159744992852210999e-03
5.159428808838129044e-03
5.159121472388505936e-03
5.158871412277221680e-03
5.158694460988044739e-03
5.158592481166124344e-03
5.158543586730957031e-03
5.158512387424707413e-03
5.158495623618364334e-03
5.158478394150733948e-03
5.158435087651014328e-03
5.158392712473869324e-03
5.158326588571071625e-03
5.158269777894020081e-03
5.158197134733200073e-03
5.158144515007734299e-03
5.158095154911279678e-03
5.158090498298406601e-03
5.158103071153163910e-03
5.158199463039636612e-03
5.158345215022563934e-03
5.158650688827037811e-03
5.159044172614812851e-03
5.159799940884113312e-03
5.160700529813766479e-03
5.162363871932029724e-03
5.164117086678743362e-03
5.167279392480850220e-03
5.169805604964494705e-03
5.174119491130113602e-03
5.175297614187002182e-03
5.176930222660303116e-03
5.172960925847291946e-03
5.168093834072351456e-03
5.161344073712825775e-03
5.156781524419784546e-03
5.155668128281831741e-03
5.157611332833766937e-03
5.160614848136901855e-03
5.162029992789030075e-03
5.161420442163944244e-03
5.158746615052223206e-03
5.156156606972217560e-03
5.154883023351430893e-03
5.155282560735940933e-03
5.156587343662977219e-03
5.157587118446826935e-03
5.157698877155780792e-03
5.156712140887975693e-03
5.155417602509260178e-03
5.154374055564403534e-03
5.153995938599109650e-03
5.154237616807222366e-03
5.154759157449007034e-03
5.155201535671949387e-03
5.155274644494056702e-03
5.155018530786037445e-03
5.154471844434738159e-03
5.153886973857879639e-03
5.153387784957885742e-03
5.153070669621229172e-03
5.152964964509010315e-03
5.152999889105558395e-03
5.153111647814512253e-03
5.153199192136526108e-03
5.153251811861991882e-03
5.153218284249305725e-03
5.153114907443523407e-03
5.152946338057518005e-03
5.152756813913583755e-03
5.152539350092411041e-03
5.152333527803421021e-03
5.152131430804729462e-03
5.151946097612380981e-03
5.151773337274789810e-03
5.151620134711265564e-03
5.151479039341211319e-03
5.151346791535615921e-03
5.151229444891214371e-03
5.151114426553249359e-03
5.151005927473306656e-03
5.150904878973960876e-03
5.150803364813327789e-03
5.150704644620418549e-03
5.150611978024244308e-03
5.150526296347379684e-03
5.150452721863985062e-03
5.150396376848220825e-03
5.150382407009601593e-03
5.150421988219022751e-03
5.150561220943927765e-03
5.150925833731889725e-03
5.151614081114530563e-03
5.153075791895389557e-03
5.155574064701795578e-03
5.160903092473745346e-03
5.168656818568706512e-03
5.185084417462348938e-03
5.200241692364215851e-03
5.226713605225086212e-03
5.223360378295183182e-03
5.209368653595447540e-03
5.172578152269124985e-03
5.150536540895700455e-03
5.157230421900749207e-03
5.176491569727659225e-03
5.182646214962005615e-03
5.165766458958387375e-03
5.150509532541036606e-03
5.153125151991844177e-03
5.164958536624908447e-03
5.168071482330560684e-03
5.157581996172666550e-03
5.148937925696372986e-03
5.151448305696249008e-03
5.158514715731143951e-03
5.159431602805852890e-03
5.152763798832893372e-03
5.147927906364202499e-03
5.149698816239833832e-03
5.153872072696685791e-03
5.154447630047798157e-03
5.150615237653255463e-03
5.147415678948163986e-03
5.147896241396665573e-03
5.150354001671075821e-03
5.151335150003433228e-03
5.149534903466701508e-03
5.147236865013837814e-03
5.146596580743789673e-03
5.147701129317283630e-03
5.148801021277904510e-03
5.148426629602909088e-03
5.147069226950407028e-03
5.146033130586147308e-03
5.146087147295475006e-03
5.146774929016828537e-03
5.147110205143690109e-03
5.146691575646400452e-03
5.145850125700235367e-03
5.145308095961809158e-03
5.145346745848655701e-03
5.145662929862737656e-03
5.145820323377847672e-03
5.145553033798933029e-03
5.145072005689144135e-03
5.144685041159391403e-03
5.144575145095586777e-03
5.144669208675622940e-03
5.144753493368625641e-03
5.144684575498104095e-03
5.144440103322267532e-03
5.144146271049976349e-03
5.143924616277217865e-03
5.143815651535987854e-03
5.143796559423208237e-03
5.143795628100633621e-03
5.143740214407444000e-03
5.143609363585710526e-03
5.143434274941682816e-03
5.143256857991218567e-03
5.143094342201948166e-03
5.142978392541408539e-03
5.142893642187118530e-03
5.142837297171354294e-03
5.142770241945981979e-03
5.142699927091598511e-03
5.142601672559976578e-03
5.142490379512310028e-03
5.142363719642162323e-03
5.142235662788152695e-03
5.142109934240579605e-03
5.141988396644592285e-03
5.141872912645339966e-03
5.141762550920248032e-03
5.141656845808029175e-03
5.141559988260269165e-03
5.141465459018945694e-03
5.141370464116334915e-03
5.141285248100757599e-03
5.141185130923986435e-03
5.141101311892271042e-03
5.141012836247682571e-03
5.140932742506265640e-03
5.140862427651882172e-03
5.140800029039382935e-03
5.140755325555801392e-03
5.140745546668767929e-03
5.140765104442834854e-03
5.140871275216341019e-03
5.141073372215032578e-03
5.141490604728460312e-03
5.142156966030597687e-03
5.143440794199705124e-03
5.145276430994272232e-03
5.148834548890590668e-03
5.153144244104623795e-03
5.161407869309186935e-03
5.167945753782987595e-03
5.178926512598991394e-03
5.178436171263456345e-03
5.175490863621234894e-03
5.160152446478605270e-03
5.145957693457603455e-03
5.139294546097517014e-03
5.142970010638237000e-03
5.151109769940376282e-03
5.154301412403583527e-03
5.150689743459224701e-03
5.142963025718927383e-03
5.138786975294351578e-03
5.140472669154405594e-03
5.144691560417413712e-03
5.146780051290988922e-03
5.144345574080944061e-03
5.140297580510377884e-03
5.138016305863857269e-03
5.138852633535861969e-03
5.141154862940311432e-03
5.142290145158767700e-03
5.141427740454673767e-03
5.139206070452928543e-03
5.137537606060504913e-03
5.137333646416664124e-03
5.138270091265439987e-03
5.139308981597423553e-03
5.139474291354417801e-03
5.138764157891273499e-03
5.137578118592500687e-03
5.136705003678798676e-03
5.136492662131786346e-03
5.136819556355476379e-03
5.137297790497541428e-03
5.137485917657613754e-03
5.137285683304071426e-03
5.136750638484954834e-03
5.136182066053152084e-03
5.135762970894575119e-03
5.135615356266498566e-03
5.135668907314538956e-03
5.135794635862112045e-03
5.135888699442148209e-03
5.135839805006980896e-03
5.135675892233848572e-03
5.135409068316221237e-03
5.135125946253538132e-03
5.134870298206806183e-03
5.134683568030595779e-03
5.134571809321641922e-03
5.134508945047855377e-03
5.134479608386754990e-03
5.134458653628826141e-03
5.134425126016139984e-03
5.134372506290674210e-03
5.134306382387876511e-03
5.134223029017448425e-03
5.134133156388998032e-03
5.134042352437973022e-03
5.133950617164373398e-03
5.133857950568199158e-03
5.133776459842920303e-03
5.133701954036951065e-03
5.133663769811391830e-03
5.133641883730888367e-03
5.133679136633872986e-03
5.133764818310737610e-03
5.133978091180324554e-03
5.134308245033025742e-03
5.134947597980499268e-03
5.135835614055395126e-03
5.137482658028602600e-03
5.139559507369995117e-03
5.143397953361272812e-03
5.147450137883424759e-03
5.154726561158895493e-03
5.159487947821617126e-03
5.166809540241956711e-03
5.164987407624721527e-03
5.161098204553127289e-03
5.149074830114841461e-03
5.138080567121505737e-03
5.131987854838371277e-03
5.133202299475669861e-03
5.138822831213474274e-03
5.143139977008104324e-03
5.143349524587392807e-03
5.138625856488943100e-03
5.133478436619043350e-03
5.130980163812637329e-03
5.132102873176336288e-03
5.135011859238147736e-03
5.136830732226371765e-03
5.136438645422458649e-03
5.133938044309616089e-03
5.131401587277650833e-03
5.130166653543710709e-03
5.130565725266933441e-03
5.131871439516544342e-03
5.132926162332296371e-03
5.133153870701789856e-03
5.132326856255531311e-03
5.131100770086050034e-03
5.129953846335411072e-03
5.129335448145866394e-03
5.129324737936258316e-03
5.129712633788585663e-03
5.130192264914512634e-03
5.130446515977382660e-03
5.130403209477663040e-03
5.130023229867219925e-03
5.129497963935136795e-03
5.128947086632251740e-03
5.128523800522089005e-03
5.128272809088230133e-03
5.128191784024238586e-03
5.128234624862670898e-03
5.128329619765281677e-03
5.128416232764720917e-03
5.128451623022556305e-03
5.128434859216213226e-03
5.128340795636177063e-03
5.128213204443454742e-03
5.128040444105863571e-03
5.127866752445697784e-03
5.127676296979188919e-03
5.127510055899620056e-03
5.127349402755498886e-03
5.127202719449996948e-03
5.127076525241136551e-03
5.126968491822481155e-03
5.126887466758489609e-03
5.126828327775001526e-03
5.126802716404199600e-03
5.126818548887968063e-03
5.126896779984235764e-03
5.127095151692628860e-03
5.127419717609882355e-03
5.128066521137952805e-03
5.129017401486635208e-03
5.130828358232975006e-03
5.133308004587888718e-03
5.138046108186244965e-03
5.143560934811830521e-03
5.153867416083812714e-03
5.161555949598550797e-03
5.173678509891033173e-03
5.172278732061386108e-03
5.166994873434305191e-03
5.148954689502716064e-03
5.132613237947225571e-03
5.125214345753192902e-03
5.129431374371051788e-03
5.138860549777746201e-03
5.143431480973958969e-03
5.140492226928472519e-03
5.131733603775501251e-03
5.125381052494049072e-03
5.125208757817745209e-03
5.129524506628513336e-03
5.133610684424638748e-03
5.133366212248802185e-03
5.129798315465450287e-03
5.125494208186864853e-03
5.123647861182689667e-03
5.124770104885101318e-03
5.127164535224437714e-03
5.128830205649137497e-03
5.128361284732818604e-03
5.126528907567262650e-03
5.124310031533241272e-03
5.123007111251354218e-03
5.122994072735309601e-03
5.123872309923171997e-03
5.124896764755249023e-03
5.125304684042930603e-03
5.125005729496479034e-03
5.124047398567199707e-03
5.123004782944917679e-03
5.122230388224124908e-03
5.121946334838867188e-03
5.122092552483081818e-03
5.122442264109849930e-03
5.122781265527009964e-03
5.122880917042493820e-03
5.122744478285312653e-03
5.122359842061996460e-03
5.121905822306871414e-03
5.121458787471055984e-03
5.121116526424884796e-03
5.120910238474607468e-03
5.120831076055765152e-03
5.120840854942798615e-03
5.120900459587574005e-03
5.120967980474233627e-03
5.121017340570688248e-03
5.121043417602777481e-03
5.121033638715744019e-03
5.121025722473859787e-03
5.120978690683841705e-03
5.120960529893636703e-03
5.120930727571249008e-03
5.120961926877498627e-03
5.120995920151472092e-03
5.121152382344007492e-03
5.121317692101001740e-03
5.121682770550251007e-03
5.122116766870021820e-03
5.122920963913202286e-03
5.123820155858993530e-03
5.125459283590316772e-03
5.127119366079568863e-03
5.130084231495857239e-03
5.132470745593309402e-03
5.136480554938316345e-03
5.138073582202196121e-03
5.140366964042186737e-03
5.138034000992774963e-03
5.134864710271358490e-03
5.128596909344196320e-03
5.122927948832511902e-03
5.119003821164369583e-03
5.118064116686582565e-03
5.119620356708765030e-03
5.122184287756681442e-03
5.124331917613744736e-03
5.124622024595737457e-03
5.123533774167299271e-03
5.121191963553428650e-03
5.118961445987224579e-03
5.117471329867839813e-03
5.117076449096202850e-03
5.117582622915506363e-03
5.118515808135271072e-03
5.119444336742162704e-03
5.119911860674619675e-03
5.120002198964357376e-03
5.119521170854568481e-03
5.118868313729763031e-03
5.118011031299829483e-03
5.117251072078943253e-03
5.116598680615425110e-03
5.116136744618415833e-03
5.115863867104053497e-03
5.115741398185491562e-03
5.115735344588756561e-03
5.115797743201255798e-03
5.115908104926347733e-03
5.116035696119070053e-03
5.116185173392295837e-03
5.116339772939682007e-03
5.116546992212533951e-03
5.116760730743408203e-03
5.117118824273347855e-03
5.117492750287055969e-03
5.118147470057010651e-03
5.118814297020435333e-03
5.119983572512865067e-03
5.121116526424884796e-03
5.123088136315345764e-03
5.124744493514299393e-03
5.127568263560533524e-03
5.129207856953144073e-03
5.131870973855257034e-03
5.131823010742664337e-03
5.131829064339399338e-03
5.128514021635055542e-03
5.124781280755996704e-03
5.119888111948966980e-03
5.116011016070842743e-03
5.113752558827400208e-03
5.113449878990650177e-03
5.114654544740915298e-03
5.116456653922796249e-03
5.118147935718297958e-03
5.118850618600845337e-03
5.118825472891330719e-03
5.117711611092090607e-03
5.116322077810764313e-03
5.114719271659851074e-03
5.113436840474605560e-03
5.112563725560903549e-03
5.112173501402139664e-03
5.112185608595609665e-03
5.112478509545326233e-03
5.112946499139070511e-03
5.113475024700164795e-03
5.114090628921985626e-03
5.114649888128042221e-03
5.115390755236148834e-03
5.115996114909648895e-03
5.116914864629507065e-03
5.117580294609069824e-03
5.118667613714933395e-03
5.119217094033956528e-03
5.120173562318086624e-03
5.120211280882358551e-03
5.120508372783660889e-03
5.119668319821357727e-03
5.118905566632747650e-03
5.117217078804969788e-03
5.115624982863664627e-03
5.113752558827400208e-03
5.112205632030963898e-03
5.110980942845344543e-03
5.110233090817928314e-03
5.109926685690879822e-03
5.109980702400207520e-03
5.110281053930521011e-03
5.110705271363258362e-03
5.111216101795434952e-03
5.111714825034141541e-03
5.112304352223873138e-03
5.112832412123680115e-03
5.113604944199323654e-03
5.114305764436721802e-03
5.115513689815998077e-03
5.116573534905910492e-03
5.118489731103181839e-03
5.119950976222753525e-03
5.122530274093151093e-03
5.123803392052650452e-03
5.125942174345254898e-03
5.125505384057760239e-03
5.125026684254407883e-03
5.121691152453422546e-03
5.118079949170351028e-03
5.113649647682905197e-03
5.110223777592182159e-03
5.108224693685770035e-03
5.107924342155456543e-03
5.108910147100687027e-03
5.110493395477533340e-03
5.112098529934883118e-03
5.113006103783845901e-03
5.113429389894008636e-03
5.112879909574985504e-03
5.112065933644771576e-03
5.110759288072586060e-03
5.109571386128664017e-03
5.108409561216831207e-03
5.107538774609565735e-03
5.106919445097446442e-03
5.106558557599782944e-03
5.106396507471799850e-03
5.106397438794374466e-03
5.106505937874317169e-03
5.106701515614986420e-03
5.107014440000057220e-03
5.107422359287738800e-03
5.108061712235212326e-03
5.108853336423635483e-03
5.110168829560279846e-03
5.111739039421081543e-03
5.114435218274593353e-03
5.117253866046667099e-03
5.122154019773006439e-03
5.126017611473798752e-03
5.132297985255718231e-03
5.134094506502151489e-03
5.135974846780300140e-03
5.130652803927659988e-03
5.123605951666831970e-03
5.114170257002115250e-03
5.107327364385128021e-03
5.104855168610811234e-03
5.106686614453792572e-03
5.110763944685459137e-03
5.114181432873010635e-03
5.115773994475603104e-03
5.114164669066667557e-03
5.111226812005043030e-03
5.107603035867214203e-03
5.104972515255212784e-03
5.103811621665954590e-03
5.104079376906156540e-03
5.105282180011272430e-03
5.106771830469369888e-03
5.108281970024108887e-03
5.109173711389303207e-03
5.109935067594051361e-03
5.109854508191347122e-03
5.109811667352914810e-03
5.108982324600219727e-03
5.108233075588941574e-03
5.106978118419647217e-03
5.105836316943168640e-03
5.104606971144676208e-03
5.103615578263998032e-03
5.102849099785089493e-03
5.102371331304311752e-03
5.102181807160377502e-03
5.102198570966720581e-03
5.102364346385002136e-03
5.102595314383506775e-03
5.102879367768764496e-03
5.103154573589563370e-03
5.103499628603458405e-03
5.103813484311103821e-03
5.104272160679101944e-03
5.104694049805402756e-03
5.105436313897371292e-03
5.106130614876747131e-03
5.107416771352291107e-03
5.108575802296400070e-03
5.110771395266056061e-03
5.112492479383945465e-03
5.115590989589691162e-03
5.117106251418590546e-03
5.119540262967348099e-03
5.118725355714559555e-03
5.117562599480152130e-03
5.113284569233655930e-03
5.108767654746770859e-03
5.104136187583208084e-03
5.101128481328487396e-03
5.100139882415533066e-03
5.100943148136138916e-03
5.102780181914567947e-03
5.104674957692623138e-03
5.106250289827585220e-03
5.106686614453792572e-03
5.106652155518531799e-03
5.105555057525634766e-03
5.104370415210723877e-03
5.102800671011209488e-03
5.101473536342382431e-03
5.100303795188665390e-03
5.099485628306865692e-03
5.098978988826274872e-03
5.098746623843908310e-03
5.098706111311912537e-03
5.098817404359579086e-03
5.099034868180751801e-03
5.099368281662464142e-03
5.099863745272159576e-03
5.100488662719726562e-03
5.101474467664957047e-03
5.102620925754308701e-03
5.104519426822662354e-03
5.106433294713497162e-03
5.109679419547319412e-03
5.112256389111280441e-03
5.116537678986787796e-03
5.118253175169229507e-03
5.120688118040561676e-03
5.118495784699916840e-03
5.115369334816932678e-03
5.109092686325311661e-03
5.103226285427808762e-03
5.098805762827396393e-03
5.097180604934692383e-03
5.098149180412292480e-03
5.100579001009464264e-03
5.103294271975755692e-03
5.104927811771631241e-03
5.105735268443822861e-03
5.104811396449804306e-03
5.103508476167917252e-03
5.101383198052644730e-03
5.099522415548563004e-03
5.097837187349796295e-03
5.096687935292720795e-03
5.096046254038810730e-03
5.095841363072395325e-03
5.095974076539278030e-03
5.096343811601400375e-03
5.096929147839546204e-03
5.097659770399332047e-03
5.098738707602024078e-03
5.099927075207233429e-03
5.101856775581836700e-03
5.103676579892635345e-03
5.106629803776741028e-03
5.108549725264310837e-03
5.111417733132839203e-03
5.111642181873321533e-03
5.111766047775745392e-03
5.108675453811883926e-03
5.105126183480024338e-03
5.100535694509744644e-03
5.096936598420143127e-03
5.094824824482202530e-03
5.094490945339202881e-03
5.095519125461578369e-03
5.097202956676483154e-03
5.098996683955192566e-03
5.100148264318704605e-03
5.101023707538843155e-03
5.100870970636606216e-03
5.100654903799295425e-03
5.099622532725334167e-03
5.098735447973012924e-03
5.097492132335901260e-03
5.096512380987405777e-03
5.095501895993947983e-03
5.094762891530990601e-03
5.094130057841539383e-03
5.093667656183242798e-03
5.093308165669441223e-03
5.093047395348548889e-03
5.092846695333719254e-03
5.092698149383068085e-03
5.092563573271036148e-03
5.092454608529806137e-03
5.092352628707885742e-03
5.092263687402009964e-03
5.092171486467123032e-03
5.092083010822534561e-03
5.091996397823095322e-03
5.091910250484943390e-03
5.091825965791940689e-03
5.091750528663396835e-03
5.091672297567129135e-03
5.091594066470861435e-03
5.091543309390544891e-03
5.091515369713306427e-03
5.091544706374406815e-03
5.091685336083173752e-03
5.092079285532236099e-03
5.092908628284931183e-03
5.094883963465690613e-03
5.098471418023109436e-03
5.107212346047163010e-03
5.119115579873323441e-03
5.146442912518978119e-03
5.163175053894519806e-03
5.185830406844615936e-03
5.177028477191925049e-03
5.149730946868658066e-03
5.111001897603273392e-03
5.092965904623270035e-03
5.101073533296585083e-03
5.121274851262569427e-03
5.138106178492307663e-03
5.132290069013834000e-03
5.117575637996196747e-03
5.098650697618722916e-03
5.090225022286176682e-03
5.094186402857303619e-03
5.104414653033018112e-03
5.112880375236272812e-03
5.111737176775932312e-03
5.105125717818737030e-03
5.095348227769136429e-03
5.089882761240005493e-03
5.090250633656978607e-03
5.094614345580339432e-03
5.099501926451921463e-03
5.100447684526443481e-03
5.098344292491674423e-03
5.093615502119064331e-03
5.089813843369483948e-03
5.088808014988899231e-03
5.090426187962293625e-03
5.092758685350418091e-03
5.093645770102739334e-03
5.092762410640716553e-03
5.090580787509679794e-03
5.088756792247295380e-03
5.088090896606445312e-03
5.088603124022483826e-03
5.089679732918739319e-03
5.090508610010147095e-03
5.090819206088781357e-03
5.090293008834123611e-03
5.089446902275085449e-03
5.088424310088157654e-03
5.087679717689752579e-03
5.087312776595354080e-03
5.087318830192089081e-03
5.087574012577533722e-03
5.087928846478462219e-03
5.088299978524446487e-03
5.088543519377708435e-03
5.088792648166418076e-03
5.088793579488992691e-03
5.088842939585447311e-03
5.088663194328546524e-03
5.088511388748884201e-03
5.088175646960735321e-03
5.087862256914377213e-03
5.087447818368673325e-03
5.087091587483882904e-03
5.086728837341070175e-03
5.086436867713928223e-03
5.086193792521953583e-03
5.086001474410295486e-03
5.085843615233898163e-03
5.085714161396026611e-03
5.085608921945095062e-03
5.085510201752185822e-03
5.085430573672056198e-03
5.085347685962915421e-03
5.085277371108531952e-03
5.085198208689689636e-03
5.085130222141742706e-03
5.085066892206668854e-03
5.085019860416650772e-03
5.084986798465251923e-03
5.085007753223180771e-03
5.085081793367862701e-03
5.085320211946964264e-03
5.085765384137630463e-03
5.086782388389110565e-03
5.088433157652616501e-03
5.092109553515911102e-03
5.096710752695798874e-03
5.106699652969837189e-03
5.113028921186923981e-03
5.123510491102933884e-03
5.120856221765279770e-03
5.113577935844659805e-03
5.099263973534107208e-03
5.087576340883970261e-03
5.084885284304618835e-03
5.090186838060617447e-03
5.097595509141683578e-03
5.101682618260383606e-03
5.102266557514667511e-03
5.096137057989835739e-03
5.089895799756050110e-03
5.085027310997247696e-03
5.083365365862846375e-03
5.084670148789882660e-03
5.087678786367177963e-03
5.090794991701841354e-03
5.092432722449302673e-03
5.093796178698539734e-03
5.092820618301630020e-03
5.092252977192401886e-03
5.089396145194768906e-03
5.086978431791067123e-03
5.084620788693428040e-03
5.082907620817422867e-03
5.082329269498586655e-03
5.082891788333654404e-03
5.083868280053138733e-03
5.084637086838483810e-03
5.085108336061239243e-03
5.084788426756858826e-03
5.084149539470672607e-03
5.083215888589620590e-03
5.082419142127037048e-03
5.081802140921354294e-03
5.081485956907272339e-03
5.081449635326862335e-03
5.081580951809883118e-03
5.081788636744022369e-03
5.082102026790380478e-03
5.082596093416213989e-03
5.083115305751562119e-03
5.084037315100431442e-03
5.085032433271408081e-03
5.086881574243307114e-03
5.088641773909330368e-03
5.091914441436529160e-03
5.093629006296396255e-03
5.096551962196826935e-03
5.095614586025476456e-03
5.094103515148162842e-03
5.089820362627506256e-03
5.085291806608438492e-03
5.081678275018930435e-03
5.080311093479394913e-03
5.081010051071643829e-03
5.082894582301378250e-03
5.085150245577096939e-03
5.086631514132022858e-03
5.087833851575851440e-03
5.087360739707946777e-03
5.086815916001796722e-03
5.085228011012077332e-03
5.083727184683084488e-03
5.082013551145792007e-03
5.080717615783214569e-03
5.079749040305614471e-03
5.079211201518774033e-03
5.079030059278011322e-03
5.079112946987152100e-03
5.079388152807950974e-03
5.079809110611677170e-03
5.080475006252527237e-03
5.081289447844028473e-03
5.082595627754926682e-03
5.083870142698287964e-03
5.085897166281938553e-03
5.087178666144609451e-03
5.089240148663520813e-03
5.089558660984039307e-03
5.090097431093454361e-03
5.088475998491048813e-03
5.086642224341630936e-03
5.083695054054260254e-03
5.081120412796735764e-03
5.079050082713365555e-03
5.077962297946214676e-03
5.077811423689126968e-03
5.078371614217758179e-03
5.079384427517652512e-03
5.080555099993944168e-03
5.082071293145418167e-03
5.083414260298013687e-03
5.085711833089590073e-03
5.087306257337331772e-03
5.090632475912570953e-03
5.091844592243432999e-03
5.094155203551054001e-03
5.092885810881853104e-03
5.091001745313405991e-03
5.086573306471109390e-03
5.082161165773868561e-03
5.078525748103857040e-03
5.076823290437459946e-03
5.076989531517028809e-03
5.078441929072141647e-03
5.080560222268104553e-03
5.082533229142427444e-03
5.084860138595104218e-03
5.085900425910949707e-03
5.087571684271097183e-03
5.087233148515224457e-03
5.087137222290039062e-03
5.085123237222433090e-03
5.083061289042234421e-03
5.080306436866521835e-03
5.078101065009832382e-03
5.076461471617221832e-03
5.075634457170963287e-03
5.075492896139621735e-03
5.075851455330848694e-03
5.076577421277761459e-03
5.077485460788011551e-03
5.078739486634731293e-03
5.079864989966154099e-03
5.081533454358577728e-03
5.082605406641960144e-03
5.084342323243618011e-03
5.084795411676168442e-03
5.085828714072704315e-03
5.085033364593982697e-03
5.084484815597534180e-03
5.082412157207727432e-03
5.080448463559150696e-03
5.078083835542201996e-03
5.076215136796236038e-03
5.074879620224237442e-03
5.074223503470420837e-03
5.074155982583761215e-03
5.074510816484689713e-03
5.075198132544755936e-03
5.076130852103233337e-03
5.077662877738475800e-03
5.079482216387987137e-03
5.083263386040925980e-03
5.086788907647132874e-03
5.094299092888832092e-03
5.097471643239259720e-03
5.102088209241628647e-03
5.099508911371231079e-03
5.093927495181560516e-03
5.084731616079807281e-03
5.077122710645198822e-03
5.073724780231714249e-03
5.074370652437210083e-03
5.077424459159374237e-03
5.082005169242620468e-03
5.089470185339450836e-03
5.093907006084918976e-03
5.102528259158134460e-03
5.099940113723278046e-03
5.096693988889455795e-03
5.088547710329294205e-03
5.078651476651430130e-03
5.073206499218940735e-03
5.074233748018741608e-03
5.077627487480640411e-03
5.081815179437398911e-03
5.088982172310352325e-03
5.092893727123737335e-03
5.100643727928400040e-03
5.093846004456281662e-03
5.089641548693180084e-03
5.083236843347549438e-03
5.074494518339633942e-03
5.073231644928455353e-03
5.077112466096878052e-03
5.079028196632862091e-03
5.082132294774055481e-03
5.091271363198757172e-03
5.092355422675609589e-03
5.097017623484134674e-03
5.090320017188787460e-03
5.088218487799167633e-03
5.081081762909889221e-03
5.072734318673610687e-03
5.074583925306797028e-03
5.077666137367486954e-03
5.078403279185295105e-03
5.082492250949144363e-03
5.089683458209037781e-03
5.084577947854995728e-03
5.080983042716979980e-03
5.078483372926712036e-03
5.075431428849697113e-03
5.071229301393032074e-03
5.071450956165790558e-03
5.073819309473037720e-03
5.074435845017433167e-03
5.075522698462009430e-03
5.076366011053323746e-03
5.076637957245111465e-03
5.074121057987213135e-03
5.072527099400758743e-03
5.071604158729314804e-03
5.070216022431850433e-03
5.069646984338760376e-03
5.070453044027090073e-03
5.070924758911132812e-03
5.071135703474283218e-03
5.071738269180059433e-03
5.072039552032947540e-03
5.072270985692739487e-03
5.071722902357578278e-03
5.071601830422878265e-03
5.071366671472787857e-03
5.070822779089212418e-03
5.070428363978862762e-03
5.070246756076812744e-03
5.069753620773553848e-03
5.069365724921226501e-03
5.069068633019924164e-03
5.068905185908079147e-03
5.068663042038679123e-03
5.068430677056312561e-03
5.068368278443813324e-03
5.068316590040922165e-03
5.068202968686819077e-03
5.068087484687566757e-03
5.068026017397642136e-03
5.068006459623575211e-03
5.067932885140180588e-03
5.067866295576095581e-03
5.067880265414714813e-03
5.067974794656038284e-03
5.068155936896800995e-03
5.068650469183921814e-03
5.069623235613107681e-03
5.071972962468862534e-03
5.075655411928892136e-03
5.084443837404251099e-03
5.092497449368238449e-03
5.108503159135580063e-03
5.110310856252908707e-03
5.109467078000307083e-03
5.097812507301568985e-03
5.080892704427242279e-03
5.069657694548368454e-03
5.069413688033819199e-03
5.074063315987586975e-03
5.081159062683582306e-03
5.094326101243495941e-03
5.102443508803844452e-03
5.119970533996820450e-03
5.106070544570684433e-03
5.098084919154644012e-03
5.085090640932321548e-03
5.069025326520204544e-03
5.073110107332468033e-03
5.081303883343935013e-03
5.082157440483570099e-03
5.088757723569869995e-03
5.105827003717422485e-03
5.090172402560710907e-03
5.079498980194330215e-03
5.077810958027839661e-03
5.072320811450481415e-03
5.067467689514160156e-03
5.073770415037870407e-03
5.075700115412473679e-03
5.074044223874807358e-03
5.075964611023664474e-03
5.071863997727632523e-03
5.067540798336267471e-03
5.066794343292713165e-03
5.067419260740280151e-03
5.068059079349040985e-03
5.069419275969266891e-03
5.071426741778850555e-03
5.070923361927270889e-03
5.068800412118434906e-03
5.067400634288787842e-03
5.066278856247663498e-03
5.064961966127157211e-03
5.065033212304115295e-03
5.066050216555595398e-03
5.066772457212209702e-03
5.067477468401193619e-03
5.068094003945589066e-03
5.068401806056499481e-03
5.067754536867141724e-03
5.066893063485622406e-03
5.065872333943843842e-03
5.064952652901411057e-03
5.064226221293210983e-03
5.063995253294706345e-03
5.064169410616159439e-03
5.064465571194887161e-03
5.064938217401504517e-03
5.065508652478456497e-03
5.066103301942348480e-03
5.066650453954935074e-03
5.067565012723207474e-03
5.068245809525251389e-03
5.069460254162549973e-03
5.069785751402378082e-03
5.070521961897611618e-03
5.070357583463191986e-03
5.070151761174201965e-03
5.069056060165166855e-03
5.068047437816858292e-03
5.066499114036560059e-03
5.065213888883590698e-03
5.064040422439575195e-03
5.063242744654417038e-03
5.062793847173452377e-03
5.062683019787073135e-03
5.062851589173078537e-03
5.063168704509735107e-03
5.063557531684637070e-03
5.063963588327169418e-03
5.064537748694419861e-03
5.065114703029394150e-03
5.066181533038616180e-03
5.067217163741588593e-03
5.069242324680089951e-03
5.070991814136505127e-03
5.074140615761280060e-03
5.075690802186727524e-03
5.077897105365991592e-03
5.076666362583637238e-03
5.074612796306610107e-03
5.070384591817855835e-03
5.066156387329101562e-03
5.062936805188655853e-03
5.061717238277196884e-03
5.062304437160491943e-03
5.063930992037057877e-03
5.065974779427051544e-03
5.067720543593168259e-03
5.069633945822715759e-03
5.070182960480451584e-03
5.071111489087343216e-03
5.070472601801156998e-03
5.069908685982227325e-03
5.068148020654916763e-03
5.066405516117811203e-03
5.064334720373153687e-03
5.062745418399572372e-03
5.061522591859102249e-03
5.060828756541013718e-03
5.060580093413591385e-03
5.060671363025903702e-03
5.061012692749500275e-03
5.061493255198001862e-03
5.062140058726072311e-03
5.062789190560579300e-03
5.063667427748441696e-03
5.064458586275577545e-03
5.065824836492538452e-03
5.066941026598215103e-03
5.069224163889884949e-03
5.070677492767572403e-03
5.073604173958301544e-03
5.074339453130960464e-03
5.075339227914810181e-03
5.073322448879480362e-03
5.070438142865896225e-03
5.066232290118932724e-03
5.062554031610488892e-03
5.060193594545125961e-03
5.059524439275264740e-03
5.060157272964715958e-03
5.061638541519641876e-03
5.063869524747133255e-03
5.066437181085348129e-03
5.071013700217008591e-03
5.074418149888515472e-03
5.081097129732370377e-03
5.082582123577594757e-03
5.083885043859481812e-03
5.079661961644887924e-03
5.072820000350475311e-03
5.064930766820907593e-03
5.060079507529735565e-03
5.059205461293458939e-03
5.061014555394649506e-03
5.064306780695915222e-03
5.068468861281871796e-03
5.074947606772184372e-03
5.077243782579898834e-03
5.080772563815116882e-03
5.078070797026157379e-03
5.074169486761093140e-03
5.067393183708190918e-03
5.060859490185976028e-03
5.058405920863151550e-03
5.059629213064908981e-03
5.061821546405553818e-03
5.064685828983783722e-03
5.070300772786140442e-03
5.074404180049896240e-03
5.081995856016874313e-03
5.078590009361505508e-03
5.076744593679904938e-03
5.072190426290035248e-03
5.063321441411972046e-03
5.058355163782835007e-03
5.059923976659774780e-03
5.061726551502943039e-03
5.063033197075128555e-03
5.068457219749689102e-03
5.076433066278696060e-03
5.096549168229103088e-03
5.088321864604949951e-03
5.087327677756547928e-03
5.086435936391353607e-03
5.069807171821594238e-03
5.059524439275264740e-03
5.064206663519144058e-03
5.064963828772306442e-03
5.064414814114570618e-03
5.074259359389543533e-03
5.087343044579029083e-03
5.116774700582027435e-03
5.096854176372289658e-03
5.099759902805089951e-03
5.095397122204303741e-03
5.065113771706819534e-03
5.067764781415462494e-03
5.073426291346549988e-03
5.067410413175821304e-03
5.084007047116756439e-03
5.113385617733001709e-03
5.088868550956249237e-03
5.078113172203302383e-03
5.078793503344058990e-03
5.063576158136129379e-03
5.059167277067899704e-03
5.070216488093137741e-03
5.068926140666007996e-03
5.071179475635290146e-03
5.072975531220436096e-03
5.060609430074691772e-03
5.058984272181987762e-03
5.061980802565813065e-03
5.060983356088399887e-03
5.064885597676038742e-03
5.065938457846641541e-03
5.060625728219747543e-03
5.057975649833679199e-03
5.058151669800281525e-03
5.056514870375394821e-03
5.057850386947393417e-03
5.061114672571420670e-03
5.059923510998487473e-03
5.058499053120613098e-03
5.057928152382373810e-03
5.056103225797414780e-03
5.054771900177001953e-03
5.055537912994623184e-03
5.056386347860097885e-03
5.056423135101795197e-03
5.056796595454216003e-03
5.056810565292835236e-03
5.055851303040981293e-03
5.054907873272895813e-03
5.054717883467674255e-03
5.054421722888946533e-03
5.054257810115814209e-03
5.054673645645380020e-03
5.055061075836420059e-03
5.055008921772241592e-03
5.054953973740339279e-03
5.055105313658714294e-03
5.054873414337635040e-03
5.054487846791744232e-03
5.054258741438388824e-03
5.054079927504062653e-03
5.053784698247909546e-03
5.053526721894741058e-03
5.053465254604816437e-03
5.053413100540637970e-03
5.053267814218997955e-03
5.053174681961536407e-03
5.053168628364801407e-03
5.053139757364988327e-03
5.053069442510604858e-03
5.053037311881780624e-03
5.053072702139616013e-03
5.053102038800716400e-03
5.053136497735977173e-03
5.053280387073755264e-03
5.053623113781213760e-03
5.054137669503688812e-03
5.055168643593788147e-03
5.056778434664011002e-03
5.060057621449232101e-03
5.064603406935930252e-03
5.073502194136381149e-03
5.081900861114263535e-03
5.096463486552238464e-03
5.099969916045665741e-03
5.101031623780727386e-03
5.088959820568561554e-03
5.072349216789007187e-03
5.057401489466428757e-03
5.053090862929821014e-03
5.059217568486928940e-03
5.068054888397455215e-03
5.073541309684514999e-03
5.071740597486495972e-03
5.065427627414464951e-03
5.057159811258316040e-03
5.052502732723951340e-03
5.052478052675724030e-03
5.055709276348352432e-03
5.060131661593914032e-03
5.063018295913934708e-03
5.063856951892375946e-03
5.062280222773551941e-03
5.060412455350160599e-03
5.056969355791807175e-03
5.054039880633354187e-03
5.052028689533472061e-03
5.051343701779842377e-03
5.051518790423870087e-03
5.052308551967144012e-03
5.053404718637466431e-03
5.054042208939790726e-03
5.053942557424306870e-03
5.053317174315452576e-03
5.052572581917047501e-03
5.051624495536088943e-03
5.050898995250463486e-03
5.050581879913806915e-03
5.050595849752426147e-03
5.050766281783580780e-03
5.051071289926767349e-03
5.051452200859785080e-03
5.051726475358009338e-03
5.051943939179182053e-03
5.052109714597463608e-03
5.052386783063411713e-03
5.052534397691488266e-03
5.052875261753797531e-03
5.053145345300436020e-03
5.053707398474216461e-03
5.054178647696971893e-03
5.055001471191644669e-03
5.055635701864957809e-03
5.056847818195819855e-03
5.057442467659711838e-03
5.058625712990760803e-03
5.058840848505496979e-03
5.059283692389726639e-03
5.058499518781900406e-03
5.057539325207471848e-03
5.055618006736040115e-03
5.053756758570671082e-03
5.051801912486553192e-03
5.050338339060544968e-03
5.049422383308410645e-03
5.049092695116996765e-03
5.049248225986957550e-03
5.049724131822586060e-03
5.050380248576402664e-03
5.051086191087961197e-03
5.051912739872932434e-03
5.052655935287475586e-03
5.053708329796791077e-03
5.054562352597713470e-03
5.055981688201427460e-03
5.056975409388542175e-03
5.058682058006525040e-03
5.059468559920787811e-03
5.060725845396518707e-03
5.060373805463314056e-03
5.059894639998674393e-03
5.057799629867076874e-03
5.055461544543504715e-03
5.052656400948762894e-03
5.050321109592914581e-03
5.048734135925769806e-03
5.048102233558893204e-03
5.048285704106092453e-03
5.049016792327165604e-03
5.050040781497955322e-03
5.051095038652420044e-03
5.052301567047834396e-03
5.053285509347915649e-03
5.054667592048645020e-03
5.055678542703390121e-03
5.057397764176130295e-03
5.058392882347106934e-03
5.060192197561264038e-03
5.060551222413778305e-03
5.061233881860971451e-03
5.059976596385240555e-03
5.058395210653543472e-03
5.055480636656284332e-03
5.052546039223670959e-03
5.049800034612417221e-03
5.047947168350219727e-03
5.047142039984464645e-03
5.047288257628679276e-03
5.048097111284732819e-03
5.049239378422498703e-03
5.050609819591045380e-03
5.051903426647186279e-03
5.053617525845766068e-03
5.055074114352464676e-03
5.057546310126781464e-03
5.059330258518457413e-03
5.062547978013753891e-03
5.063867196440696716e-03
5.065754987299442291e-03
5.064465571194887161e-03
5.062318406999111176e-03
5.057872738689184189e-03
5.053207278251647949e-03
5.049104802310466766e-03
5.046773701906204224e-03
5.046370904892683029e-03
5.047450307756662369e-03
5.049353465437889099e-03
5.051432643085718155e-03
5.053693428635597229e-03
5.055267363786697388e-03
5.057396832853555679e-03
5.058256443589925766e-03
5.059931427240371704e-03
5.059786606580018997e-03
5.059939343482255936e-03
5.058079026639461517e-03
5.055973771959543228e-03
5.052776541560888290e-03
5.049830768257379532e-03
5.047333892434835434e-03
5.045830272138118744e-03
5.045358557254076004e-03
5.045725498348474503e-03
5.046633537858724594e-03
5.047758575528860092e-03
5.049029830843210220e-03
5.050134845077991486e-03
5.051610991358757019e-03
5.052751861512660980e-03
5.054852459579706192e-03
5.056279711425304413e-03
5.059099290519952774e-03
5.060166120529174805e-03
5.061903968453407288e-03
5.060802213847637177e-03
5.058994516730308533e-03
5.055156536400318146e-03
5.051016807556152344e-03
5.047294776886701584e-03
5.045086145401000977e-03
5.044532939791679382e-03
5.045264959335327148e-03
5.046781618148088455e-03
5.048714578151702881e-03
5.051278974860906601e-03
5.053688306361436844e-03
5.057777278125286102e-03
5.060480907559394836e-03
5.065267905592918396e-03
5.066284444183111191e-03
5.066965706646442413e-03
5.063347518444061279e-03
5.058018490672111511e-03
5.051465705037117004e-03
5.046408623456954956e-03
5.044108256697654724e-03
5.044438410550355911e-03
5.046404432505369186e-03
5.049155093729496002e-03
5.052550695836544037e-03
5.055218469351530075e-03
5.058909766376018524e-03
5.059648770838975906e-03
5.060882307589054108e-03
5.058953538537025452e-03
5.056232213973999023e-03
5.051885731518268585e-03
5.047696176916360855e-03
5.044646095484495163e-03
5.043348763138055801e-03
5.043410230427980423e-03
5.044355988502502441e-03
5.045954603701829910e-03
5.047759972512722015e-03
5.049940664321184158e-03
5.051045678555965424e-03
5.052381195127964020e-03
5.052363499999046326e-03
5.052168387919664383e-03
5.050790496170520782e-03
5.049371626228094101e-03
5.047536920756101608e-03
5.046189762651920319e-03
5.044738296419382095e-03
5.043668206781148911e-03
5.042852833867073059e-03
5.042388103902339935e-03
5.042158998548984528e-03
5.042103584855794907e-03
5.042204633355140686e-03
5.042448639869689941e-03
5.042795091867446899e-03
5.043267738074064255e-03
5.044164136052131653e-03
5.045680329203605652e-03
5.049306433647871017e-03
5.053769797086715698e-03
5.063998978585004807e-03
5.069586914032697678e-03
5.077367182821035385e-03
5.078414455056190491e-03
5.075190216302871704e-03
5.063853226602077484e-03
5.051482468843460083e-03
5.045162979513406754e-03
5.044747609645128250e-03
5.044494755566120148e-03
5.043926183134317398e-03
5.045522470027208328e-03
5.051125306636095047e-03
5.064710043370723724e-03
5.067814607173204422e-03
5.074289627373218536e-03
5.074538290500640869e-03
5.075696390122175217e-03
5.064464174211025238e-03
5.049289204180240631e-03
5.045477300882339478e-03
5.048575345426797867e-03
5.046748556196689606e-03
5.044266581535339355e-03
5.047525744885206223e-03
5.053453147411346436e-03
5.060391034930944443e-03
5.055313464254140854e-03
5.054877605289220810e-03
5.056036170572042465e-03
5.049923900514841080e-03
5.042872391641139984e-03
5.043246317654848099e-03
5.044784396886825562e-03
5.043291021138429642e-03
5.042279604822397232e-03
5.044843535870313644e-03
5.048467777669429779e-03
5.046657752245664597e-03
5.045598372817039490e-03
5.046566482633352280e-03
5.046132951974868774e-03
5.042753182351589203e-03
5.040781106799840927e-03
5.041555501520633698e-03
5.042206961661577225e-03
5.040854681283235550e-03
5.039735231548547745e-03
5.040092859417200089e-03
5.040762480348348618e-03
5.040496122092008591e-03
5.039799492806196213e-03
5.040056072175502777e-03
5.040657706558704376e-03
5.040491931140422821e-03
5.039957817643880844e-03
5.040095653384923935e-03
5.041007883846759796e-03
5.042647477239370346e-03
5.043967161327600479e-03
5.047553684562444687e-03
5.051552783697843552e-03
5.058320704847574234e-03
5.063279531896114349e-03
5.066800396889448166e-03
5.064910743385553360e-03
5.060128401964902878e-03
5.052526015788316727e-03
5.045862868428230286e-03
5.040992051362991333e-03
5.038869101554155350e-03
5.039104726165533066e-03
5.041102878749370575e-03
5.044529214501380920e-03
5.048729013651609421e-03
5.055679008364677429e-03
5.061008501797914505e-03
5.069918930530548096e-03
5.070483312010765076e-03
5.069390870630741119e-03
5.062752868980169296e-03
5.053205415606498718e-03
5.043434910476207733e-03
5.038910545408725739e-03
5.039969924837350845e-03
5.042862147092819214e-03
5.045861005783081055e-03
5.050590261816978455e-03
5.061647854745388031e-03
5.066649988293647766e-03
5.074025597423315048e-03
5.067028105258941650e-03
5.064073018729686737e-03
5.056122783571481705e-03
5.042430479079484940e-03
5.039016716182231903e-03
5.045076832175254822e-03
5.047337617725133896e-03
5.043776705861091614e-03
5.042272619903087616e-03
5.047590006142854691e-03
5.059504881501197815e-03
5.054176785051822662e-03
5.049869418144226074e-03
5.052937660366296768e-03
5.053289234638214111e-03
5.043697543442249298e-03
5.039495881646871567e-03
5.042845848947763443e-03
5.043200682848691940e-03
5.039081908762454987e-03
5.039404612034559250e-03
5.044200457632541656e-03
5.044195801019668579e-03
5.042534321546554565e-03
5.042547825723886490e-03
5.044501740485429764e-03
5.042537581175565720e-03
5.038652569055557251e-03
5.038211122155189514e-03
5.040048155933618546e-03
5.039355717599391937e-03
5.037440452724695206e-03
5.036662332713603973e-03
5.037593189626932144e-03
5.037894006818532944e-03
5.036841146647930145e-03
5.036430433392524719e-03
5.037051625549793243e-03
5.037062335759401321e-03
5.036318674683570862e-03
5.035964772105216980e-03
5.036365706473588943e-03
5.036673508584499359e-03
5.036354996263980865e-03
5.035990383476018906e-03
5.036132875829935074e-03
5.036694929003715515e-03
5.037224851548671722e-03
5.037774797528982162e-03
5.038852803409099579e-03
5.041544791311025620e-03
5.045221652835607529e-03
5.054081790149211884e-03
5.061372183263301849e-03
5.075152032077312469e-03
5.080675240606069565e-03
5.084206815809011459e-03
5.077811889350414276e-03
5.062683951109647751e-03
5.046854726970195770e-03
5.039460491389036179e-03
5.038219969719648361e-03
5.038829986006021500e-03
5.040251649916172028e-03
5.045812111347913742e-03
5.061842966824769974e-03
5.074553191661834717e-03
5.099413916468620300e-03
5.091295577585697174e-03
5.092517938464879990e-03
5.083455704152584076e-03
5.052708555012941360e-03
5.040009506046772003e-03
5.049762316048145294e-03
5.051762796938419342e-03
5.044021178036928177e-03
5.042443517595529556e-03
5.052390042692422867e-03
5.066813435405492783e-03
5.054400302469730377e-03
5.048823542892932892e-03
5.054626148194074631e-03
5.048950202763080597e-03
5.037163849920034409e-03
5.039100535213947296e-03
5.042468663305044174e-03
5.039270967245101929e-03
5.040161311626434326e-03
5.044529680162668228e-03
5.044069606810808182e-03
5.038707051426172256e-03
5.038972012698650360e-03
5.039486568421125412e-03
5.035681650042533875e-03
5.034734029322862625e-03
5.037441849708557129e-03
5.037647671997547150e-03
5.035785492509603500e-03
5.036345217376947403e-03
5.038392730057239532e-03
5.039225798100233078e-03
5.037320777773857117e-03
5.037115421146154404e-03
5.038445349782705307e-03
5.038246512413024902e-03
5.036213900893926620e-03
5.035128444433212280e-03
5.035146139562129974e-03
5.034716334193944931e-03
5.033652763813734055e-03
5.033398978412151337e-03
5.033855792135000229e-03
5.033933091908693314e-03
5.033666267991065979e-03
5.033820867538452148e-03
5.034433677792549133e-03
5.034696776419878006e-03
5.034565459936857224e-03
5.034687928855419159e-03
5.035415757447481155e-03
5.036224145442247391e-03
5.037587136030197144e-03
5.039087031036615372e-03
5.042220931500196457e-03
5.045876372605562210e-03
5.051224026829004288e-03
5.055455490946769714e-03
5.060497205704450607e-03
5.060942843556404114e-03
5.060037132352590561e-03
5.054390057921409607e-03
5.047533661127090454e-03
5.040173884481191635e-03
5.034739617258310318e-03
5.032587330788373947e-03
5.033570807427167892e-03
5.036290735006332397e-03
5.039365962147712708e-03
5.042187403887510300e-03
5.043703131377696991e-03
5.044643767178058624e-03
5.043685901910066605e-03
5.042612552642822266e-03
5.040604621171951294e-03
5.038676783442497253e-03
5.036566406488418579e-03
5.034854635596275330e-03
5.033440422266721725e-03
5.032477900385856628e-03
5.031859036535024643e-03
5.031606648117303848e-03
5.031653679907321930e-03
5.031889304518699646e-03
5.032224580645561218e-03
5.032598506659269333e-03
5.033022724092006683e-03
5.033425055444240570e-03
5.033905152231454849e-03
5.034422501921653748e-03
5.035283509641885757e-03
5.036266520619392395e-03
5.038033239543437958e-03
5.039851646870374680e-03
5.043015349656343460e-03
5.045861937105655670e-03
5.050158128142356873e-03
5.052760243415832520e-03
5.055592395365238190e-03
5.054927431046962738e-03
5.052907858043909073e-03
5.047893617302179337e-03
5.042196251451969147e-03
5.036575254052877426e-03
5.032648798078298569e-03
5.030912812799215317e-03
5.031206179410219193e-03
5.032881628721952438e-03
5.035245325416326523e-03
5.038002505898475647e-03
5.040602292865514755e-03
5.043999291956424713e-03
5.046501290053129196e-03
5.050570238381624222e-03
5.052240099757909775e-03
5.054563283920288086e-03
5.053180269896984100e-03
5.050571169704198837e-03
5.045321770012378693e-03
5.039430223405361176e-03
5.034123081713914871e-03
5.030997097492218018e-03
5.030358210206031799e-03
5.031599663197994232e-03
5.033846013247966766e-03
5.036342423409223557e-03
5.038840696215629578e-03
5.040437448769807816e-03
5.042135249823331833e-03
5.042464472353458405e-03
5.043181125074625015e-03
5.042547825723886490e-03
5.042106844484806061e-03
5.040432326495647430e-03
5.038723349571228027e-03
5.036331247538328171e-03
5.034104920923709869e-03
5.032028537243604660e-03
5.030503030866384506e-03
5.029611755162477493e-03
5.029340274631977081e-03
5.029570776969194412e-03
5.030125379562377930e-03
5.030846223235130310e-03
5.031624808907508850e-03
5.032572429627180099e-03
5.033612251281738281e-03
5.035308189690113068e-03
5.037177819758653641e-03
5.040656775236129761e-03
5.043863318860530853e-03
5.049364641308784485e-03
5.052628926932811737e-03
5.056464578956365585e-03
5.056125577539205551e-03
5.053664091974496841e-03
5.047662183642387390e-03
5.040413234382867813e-03
5.033841822296380997e-03
5.029966589063405991e-03
5.028923507779836655e-03
5.029981490224599838e-03
5.032386165112257004e-03
5.035676062107086182e-03
5.040158051997423172e-03
5.044427700340747833e-03
5.051418207585811615e-03
5.055216141045093536e-03
5.060979630798101425e-03
5.060374736785888672e-03
5.057957489043474197e-03
5.051333457231521606e-03
5.042434204369783401e-03
5.033764522522687912e-03
5.029174033552408218e-03
5.029170308262109756e-03
5.031627137213945389e-03
5.034937057644128799e-03
5.038788076490163803e-03
5.043842364102602005e-03
5.047035403549671173e-03
5.051572341471910477e-03
5.050278734415769577e-03
5.048951134085655212e-03
5.045015830546617508e-03
5.040192976593971252e-03
5.034330300986766815e-03
5.029611289501190186e-03
5.027984268963336945e-03
5.028950050473213196e-03
5.030680913478136063e-03
5.032492801547050476e-03
5.034698173403739929e-03
5.036466289311647415e-03
5.038053728640079498e-03
5.037279799580574036e-03
5.036475602537393570e-03
5.034900736063718796e-03
5.033280700445175171e-03
5.031323060393333435e-03
5.029562395066022873e-03
5.028365179896354675e-03
5.027791019529104233e-03
5.027368199080228806e-03
5.027004983276128769e-03
5.026863887906074524e-03
5.027063656598329544e-03
5.027439445257186890e-03
5.027689505368471146e-03
5.027949810028076172e-03
5.028282292187213898e-03
5.028876941651105881e-03
5.029604304581880569e-03
5.030735395848751068e-03
5.032301414757966995e-03
5.035436712205410004e-03
5.038758739829063416e-03
5.044644698500633240e-03
5.047581624239683151e-03
5.051318090409040451e-03
5.051721818745136261e-03
5.050595849752426147e-03
5.045837257057428360e-03
5.038776434957981110e-03
5.032319109886884689e-03
5.028832703828811646e-03
5.027424544095993042e-03
5.027038510888814926e-03
5.027353297919034958e-03
5.028989631682634354e-03
5.032455082982778549e-03
5.036681890487670898e-03
5.044454708695411682e-03
5.049612373113632202e-03
5.058793351054191589e-03
5.061686504632234573e-03
5.063749384135007858e-03
5.060654133558273315e-03
5.051890388131141663e-03
5.039537325501441956e-03
5.030675325542688370e-03
5.027654115110635757e-03
5.028097424656152725e-03
5.029141902923583984e-03
5.031204316765069962e-03
5.036102607846260071e-03
5.043395794928073883e-03
5.058291833847761154e-03
5.062566604465246201e-03
5.068548023700714111e-03
5.063600372523069382e-03
5.061976611614227295e-03
5.053970031440258026e-03
5.037361755967140198e-03
5.027929786592721939e-03
5.030764266848564148e-03
5.034520756453275681e-03
5.033508874475955963e-03
5.031035281717777252e-03
5.033894907683134079e-03
5.044344346970319748e-03
5.048814695328474045e-03
5.054384004324674606e-03
5.046799313277006149e-03
5.045799072831869125e-03
5.047498736530542374e-03
5.041120108217000961e-03
5.030545871704816818e-03
5.027921870350837708e-03
5.030041560530662537e-03
5.029752384871244431e-03
5.028795450925827026e-03
5.032076966017484665e-03
5.037453491240739822e-03
5.036972928792238235e-03
5.034944508224725723e-03
5.032618530094623566e-03
5.031630862504243851e-03
5.029365886002779007e-03
5.026198923587799072e-03
5.024527199566364288e-03
5.025197286158800125e-03
5.026183556765317917e-03
5.025998223572969437e-03
5.025312304496765137e-03
5.025661084800958633e-03
5.026854109019041061e-03
5.027025938034057617e-03
5.026441998779773712e-03
5.025716498494148254e-03
5.025762133300304413e-03
5.025842692703008652e-03
5.025370977818965912e-03
5.024614743888378143e-03
5.024296697229146957e-03
5.024425685405731201e-03
5.024607293307781219e-03
5.024331156164407730e-03
5.024017766118049622e-03
5.023933947086334229e-03
5.024117417633533478e-03
5.024265497922897339e-03
5.024245474487543106e-03
5.024262703955173492e-03
5.024673882871866226e-03
5.025612656027078629e-03
5.027553997933864594e-03
5.029881838709115982e-03
5.034503061324357986e-03
5.039185751229524612e-03
5.047299433499574661e-03
5.054037552326917648e-03
5.061910953372716904e-03
5.065170582383871078e-03
5.064762197434902191e-03
5.058038514107465744e-03
5.048192571848630905e-03
5.037188995629549026e-03
5.028652958571910858e-03
5.023821257054805756e-03
5.022948142141103745e-03
5.025178194046020508e-03
5.029335618019104004e-03
5.034763365983963013e-03
5.040433723479509354e-03
5.048650782555341721e-03
5.054682493209838867e-03
5.064142402261495590e-03
5.063497927039861679e-03
5.060455761849880219e-03
5.052901338785886765e-03
5.044178571552038193e-03
5.033020861446857452e-03
5.024345591664314270e-03
5.023306701332330704e-03
5.027291364967823029e-03
5.030931439250707626e-03
5.033200606703758240e-03
5.036768969148397446e-03
5.042063537985086441e-03
5.052577238529920578e-03
5.053036380559206009e-03
5.053418688476085663e-03
5.045862402766942978e-03
5.042700096964836121e-03
5.039174575358629227e-03
5.030030384659767151e-03
5.023211240768432617e-03
5.024752113968133926e-03
5.028116516768932343e-03
5.028340034186840057e-03
5.028304178267717361e-03
5.031161475926637650e-03
5.035845097154378891e-03
5.035359878093004227e-03
5.033746361732482910e-03
5.030393134802579880e-03
5.028939340263605118e-03
5.027550272643566132e-03
5.024945829063653946e-03
5.022288765758275986e-03
5.021501332521438599e-03
5.022330209612846375e-03
5.023082252591848373e-03
5.022999364882707596e-03
5.023066885769367218e-03
5.023910664021968842e-03
5.024572368711233139e-03
5.024568177759647369e-03
5.023695528507232666e-03
5.023155361413955688e-03
5.022941622883081436e-03
5.022644530981779099e-03
5.022025667130947113e-03
5.021402146667242050e-03
5.021119490265846252e-03
5.021176300942897797e-03
5.021168384701013565e-03
5.021000746637582779e-03
5.020716693252325058e-03
5.020580720156431198e-03
5.020628217607736588e-03
5.020697135478258133e-03
5.020675715059041977e-03
5.020583048462867737e-03
5.020566750317811966e-03
5.020756274461746216e-03
5.021174438297748566e-03
5.021951161324977875e-03
5.022959318011999130e-03
5.024987738579511642e-03
5.027813371270895004e-03
5.033455323427915573e-03
5.040429066866636276e-03
5.052652675658464432e-03
5.062952637672424316e-03
5.075911059975624084e-03
5.080170929431915283e-03
5.080825183540582657e-03
5.073564592748880386e-03
5.059288814663887024e-03
5.041148513555526733e-03
5.027714651077985764e-03
5.022259429097175598e-03
5.022467579692602158e-03
5.024625919759273529e-03
5.028022453188896179e-03
5.034077912569046021e-03
5.043362267315387726e-03
5.061899777501821518e-03
5.070236045867204666e-03
5.080820061266422272e-03
5.068775732070207596e-03
5.063823424279689789e-03
5.060276482254266739e-03
5.041072145104408264e-03
5.023704841732978821e-03
5.025279242545366287e-03
5.032093264162540436e-03
5.032197106629610062e-03
5.028056446462869644e-03
5.030327476561069489e-03
5.041380412876605988e-03
5.046969279646873474e-03
5.051468033343553543e-03
5.040574818849563599e-03
5.035717040300369263e-03
5.036821588873863220e-03
5.034224595874547958e-03
5.025051534175872803e-03
5.020169075578451157e-03
5.022921599447727203e-03
5.025308113545179367e-03
5.023990292102098465e-03
5.024928133934736252e-03
5.028361454606056213e-03
5.027872975915670395e-03
5.024462938308715820e-03
5.021702963858842850e-03
5.021116696298122406e-03
5.020537879317998886e-03
5.019319709390401840e-03
5.019158124923706055e-03
5.020638462156057358e-03
5.022411700338125229e-03
5.023099947720766068e-03
5.022898316383361816e-03
5.022842437028884888e-03
5.023398436605930328e-03
5.023371428251266479e-03
5.022919736802577972e-03
5.021656863391399384e-03
5.020838230848312378e-03
5.020396783947944641e-03
5.019987467676401138e-03
5.019289907068014145e-03
5.018497817218303680e-03
5.017999093979597092e-03
5.017858929932117462e-03
5.017811898142099380e-03
5.017645657062530518e-03
5.017429124563932419e-03
5.017337854951620102e-03
5.017431918531656265e-03
5.017599556595087051e-03
5.017753224819898605e-03
5.017866380512714386e-03
5.018117371946573257e-03
5.018545780330896378e-03
5.019295960664749146e-03
5.020332057029008865e-03
5.021955352276563644e-03
5.024209152907133102e-03
5.028144456446170807e-03
5.033126100897789001e-03
5.042035132646560669e-03
5.050166975706815720e-03
5.062508396804332733e-03
5.068285856395959854e-03
5.073345731943845749e-03
5.072616040706634521e-03
5.066973622888326645e-03
5.053739063441753387e-03
5.037664901465177536e-03
5.025238264352083206e-03
5.019373260438442230e-03
5.018238909542560577e-03
5.020632408559322357e-03
5.026007071137428284e-03
5.032784305512905121e-03
5.039706826210021973e-03
5.043055396527051926e-03
5.045626312494277954e-03
5.043858196586370468e-03
5.041143856942653656e-03
5.035946145653724670e-03
5.030070897191762924e-03
5.024056881666183472e-03
5.019270814955234528e-03
5.016562528908252716e-03
5.016129463911056519e-03
5.017383489757776260e-03
5.019436590373516083e-03
5.021509714424610138e-03
5.022973753511905670e-03
5.023633595556020737e-03
5.023213103413581848e-03
5.022214725613594055e-03
5.020701326429843903e-03
5.019201897084712982e-03
5.017800722271203995e-03
5.016716662794351578e-03
5.015937611460685730e-03
5.015484523028135300e-03
5.015277303755283356e-03
5.015255883336067200e-03
5.015369970351457596e-03
5.015576723963022232e-03
5.015881266444921494e-03
5.016271024942398071e-03
5.016814917325973511e-03
5.017489194869995117e-03
5.018530413508415222e-03
5.019783042371273041e-03
5.021821241825819016e-03
5.024140235036611557e-03
5.027902312576770782e-03
5.031582899391651154e-03
5.037088412791490555e-03
5.041028838604688644e-03
5.045704077929258347e-03
5.047244951128959656e-03
5.047608166933059692e-03
5.044811870902776718e-03
5.039844661951065063e-03
5.032795015722513199e-03
5.025579594075679779e-03
5.019692704081535339e-03
5.016120150685310364e-03
5.014674272388219833e-03
5.014893133193254471e-03
5.016318988054990768e-03
5.018602125346660614e-03
5.021450109779834747e-03
5.024379584938287735e-03
5.027972161769866943e-03
5.030923523008823395e-03
5.035043694078922272e-03
5.037219729274511337e-03
5.039725452661514282e-03
5.039276555180549622e-03
5.037901457399129868e-03
5.034622270613908768e-03
5.030186846852302551e-03
5.024704616516828537e-03
5.019497592002153397e-03
5.015808157622814178e-03
5.014137830585241318e-03
5.013982765376567841e-03
5.014712456613779068e-03
5.016000475734472275e-03
5.017729941755533218e-03
5.019844509661197662e-03
5.021953489631414413e-03
5.024623591452836990e-03
5.026760511100292206e-03
5.030057858675718307e-03
5.032030865550041199e-03
5.034799221903085709e-03
5.035320762544870377e-03
5.035437643527984619e-03
5.033817607909440994e-03
5.031196400523185730e-03
5.027190782129764557e-03
5.022509954869747162e-03
5.018156953155994415e-03
5.015116650611162186e-03
5.013503134250640869e-03
5.012969020754098892e-03
5.013104062527418137e-03
5.013786256313323975e-03
5.014974623918533325e-03
5.016601178795099258e-03
5.018799100071191788e-03
5.021224264055490494e-03
5.025008693337440491e-03
5.028557498008012772e-03
5.034286063164472580e-03
5.037761759012937546e-03
5.041884724050760269e-03
5.042753648012876511e-03
5.043048411607742310e-03
5.041444674134254456e-03
5.037347320467233658e-03
5.030436906963586807e-03
5.023185629397630692e-03
5.017790477722883224e-03
5.014848429709672928e-03
5.013244226574897766e-03
5.012541543692350388e-03
5.012623500078916550e-03
5.013774149119853973e-03
5.016025155782699585e-03
5.019071511924266815e-03
5.023693200200796127e-03
5.028203129768371582e-03
5.035813897848129272e-03
5.040145013481378555e-03
5.045383237302303314e-03
5.045601166784763336e-03
5.045864731073379517e-03
5.045081954449415207e-03
5.040735471993684769e-03
5.031674169003963470e-03
5.022529512643814087e-03
5.017041228711605072e-03
5.015039350837469101e-03
5.013754591345787048e-03
5.012782290577888489e-03
5.012338515371084213e-03
5.013424903154373169e-03
5.016265437006950378e-03
5.020168609917163849e-03
5.026382859796285629e-03
5.031127016991376877e-03
5.039016250520944595e-03
5.040517542511224747e-03
5.041818600147962570e-03
5.041212309151887894e-03
5.041903816163539886e-03
5.039525683969259262e-03
5.031519103795289993e-03
5.022009368985891342e-03
5.016478244215250015e-03
5.014583468437194824e-03
5.013829562813043594e-03
5.012213718146085739e-03
5.011321976780891418e-03
5.012216512113809586e-03
5.015024915337562561e-03
5.019582342356443405e-03
5.023855250328779221e-03
5.030696745961904526e-03
5.033742170780897141e-03
5.038046743720769882e-03
5.037511698901653290e-03
5.037648137658834457e-03
5.037931259721517563e-03
5.035902839154005051e-03
5.029062740504741669e-03
5.020729266107082367e-03
5.015202797949314117e-03
5.013008136302232742e-03
5.011661909520626068e-03
5.010558292269706726e-03
5.010159686207771301e-03
5.011430475860834122e-03
5.014284979552030563e-03
5.017738323658704758e-03
5.022430326789617538e-03
5.025774240493774414e-03
5.030958913266658783e-03
5.032762419432401657e-03
5.034794565290212631e-03
5.034306552261114120e-03
5.033690948039293289e-03
5.031805019825696945e-03
5.027487408369779587e-03
5.020973272621631622e-03
5.014994647353887558e-03
5.011386703699827194e-03
5.009884480386972427e-03
5.009148269891738892e-03
5.008908454328775406e-03
5.009405780583620071e-03
5.010901484638452530e-03
5.013268440961837769e-03
5.015909206122159958e-03
5.019506905227899551e-03
5.022374447435140610e-03
5.026774480938911438e-03
5.028845276683568954e-03
5.031312350183725357e-03
5.031158216297626495e-03
5.030841100960969925e-03
5.029712338000535965e-03
5.027180537581443787e-03
5.022448021918535233e-03
5.016866140067577362e-03
5.012335255742073059e-03
5.009748041629791260e-03
5.008414853364229202e-03
5.007707048207521439e-03
5.007280502468347549e-03
5.007467698305845261e-03
5.008435808122158051e-03
5.010078195482492447e-03
5.012447480112314224e-03
5.015018861740827560e-03
5.019060336053371429e-03
5.022504832595586777e-03
5.027810111641883850e-03
5.030247382819652557e-03
5.032757297158241272e-03
5.033224355429410934e-03
5.034004803746938705e-03
5.033694207668304443e-03
5.030694883316755295e-03
5.024763755500316620e-03
5.018491763621568680e-03
5.013847257941961288e-03
5.011137574911117554e-03
5.008995532989501953e-03
5.007313564419746399e-03
5.005854181945323944e-03
5.005310755223035812e-03
5.005825310945510864e-03
5.007218103855848312e-03
5.009390879422426224e-03
5.011825356632471085e-03
5.015625618398189545e-03
5.018933210521936417e-03
5.023917183279991150e-03
5.026467610150575638e-03
5.029165651649236679e-03
5.030553787946701050e-03
5.032379180192947388e-03
5.033033434301614761e-03
5.030941218137741089e-03
5.025963298976421356e-03
5.020396318286657333e-03
5.015931092202663422e-03
5.013107787817716599e-03
5.010573659092187881e-03
5.008515901863574982e-03
5.006064660847187042e-03
5.004303995519876480e-03
5.003439262509346008e-03
5.003526341170072556e-03
5.004251841455698013e-03
5.005203653126955032e-03
5.006469786167144775e-03
5.007654428482055664e-03
5.009504500776529312e-03
5.011223722249269485e-03
5.013614892959594727e-03
5.015751346945762634e-03
5.018251948058605194e-03
5.020444281399250031e-03
5.022410303354263306e-03
5.023524165153503418e-03
5.023932084441184998e-03
5.023512523621320724e-03
5.022968631237745285e-03
5.021976307034492493e-03
5.021405406296253204e-03
5.019829608500003815e-03
5.018421448767185211e-03
5.015910603106021881e-03
5.013651680201292038e-03
5.011388100683689117e-03
5.009514279663562775e-03
5.007777363061904907e-03
5.006065126508474350e-03
5.004405975341796875e-03
5.003022495657205582e-03
5.002075806260108948e-03
5.001584533601999283e-03
5.001376383006572723e-03
5.001325625926256180e-03
5.001200363039970398e-03
5.001062992960214615e-03
5.000839009881019592e-03
5.000668577849864960e-03
5.000522825866937637e-03
5.000528413802385330e-03
5.000672768801450729e-03
5.001090466976165771e-03
5.001801997423171997e-03
5.003095138818025589e-03
5.004973150789737701e-03
5.008336156606674194e-03
5.012687761336565018e-03
5.020453128963708878e-03
5.027901846915483475e-03
5.039001815021038055e-03
5.044893827289342880e-03
5.051837768405675888e-03
5.059297662228345871e-03
5.069192033261060715e-03
5.075153429061174393e-03
5.073524545878171921e-03
5.064525175839662552e-03
5.054293666034936905e-03
5.047473590821027756e-03
5.054044071584939957e-03
5.056394264101982117e-03
5.064262077212333679e-03
5.030080676078796387e-03
5.008920561522245407e-03
5.018801428377628326e-03
5.027522798627614975e-03
5.020744632929563522e-03
5.006194580346345901e-03
5.003169644623994827e-03
5.009807180613279343e-03
5.017814226448535919e-03
5.022719036787748337e-03
5.017728079110383987e-03
5.007860716432332993e-03
4.998649470508098602e-03
4.996729549020528793e-03
5.001056939363479614e-03
5.005034152418375015e-03
5.005164071917533875e-03
5.000934004783630371e-03
4.997598938643932343e-03
4.997870884835720062e-03
5.000269040465354919e-03
5.001314450055360794e-03
4.998804070055484772e-03
4.995891358703374863e-03
4.994900897145271301e-03
4.995783325284719467e-03
4.996878094971179962e-03
4.996555391699075699e-03
4.995514173060655594e-03
4.994283430278301239e-03
4.993911832571029663e-03
4.994380287826061249e-03
4.995210096240043640e-03
4.995771683752536774e-03
4.995719529688358307e-03
4.995189607143402100e-03
4.994520917534828186e-03
4.994118586182594299e-03
4.994355142116546631e-03
4.995461087673902512e-03
4.998202435672283173e-03
5.001707468181848526e-03
5.008369684219360352e-03
5.012637004256248474e-03
5.019602365791797638e-03
5.019073840230703354e-03
5.019456148147583008e-03
5.022063851356506348e-03
5.029071122407913208e-03
5.033842287957668304e-03
5.031444132328033447e-03
5.024402868002653122e-03
5.018685478717088699e-03
5.015327129513025284e-03
5.013345275074243546e-03
5.007911007851362228e-03
5.002423655241727829e-03
4.995868541300296783e-03
4.991589579731225967e-03
4.989612847566604614e-03
4.989201202988624573e-03
4.989250097423791885e-03
4.988984204828739166e-03
4.988854285329580307e-03
4.988947417587041855e-03
4.989844746887683868e-03
4.991331603378057480e-03
4.993088543415069580e-03
4.994601011276245117e-03
4.995631054043769836e-03
4.996199160814285278e-03
4.996756091713905334e-03
4.997710697352886200e-03
5.000341683626174927e-03
5.004023667424917221e-03
5.012001842260360718e-03
5.016272887587547302e-03
5.021749064326286316e-03
5.015696398913860321e-03
5.009930115193128586e-03
5.009308923035860062e-03
5.012529436498880386e-03
5.010488443076610565e-03
5.001346580684185028e-03
4.992553964257240295e-03
4.989266861230134964e-03
4.989961627870798111e-03
4.992652218788862228e-03
4.991429392248392105e-03
4.990064539015293121e-03
4.984839353710412979e-03
4.980561323463916779e-03
4.977937787771224976e-03
4.977930337190628052e-03
4.979371093213558197e-03
4.980282392352819443e-03
4.979993216693401337e-03
4.978030920028686523e-03
4.975998774170875549e-03
4.974732641130685806e-03
4.974683281034231186e-03
4.975301213562488556e-03
4.975780379027128220e-03
4.975759889930486679e-03
4.975074436515569687e-03
4.974095616489648819e-03
4.972910508513450623e-03
4.971966613084077835e-03
4.971369635313749313e-03
4.971671849489212036e-03
4.973108880221843719e-03
4.977929871529340744e-03
4.987182095646858215e-03
5.013643763959407806e-03
5.039564799517393112e-03
5.083989351987838745e-03
5.060463212430477142e-03
5.045218858867883682e-03
5.076493136584758759e-03
5.104940384626388550e-03
5.080339033156633377e-03
5.034168250858783722e-03
5.009342916309833527e-03
5.028554704040288925e-03
5.069542676210403442e-03
5.171956494450569153e-03
5.072609987109899521e-03
4.973175469785928726e-03
5.041767843067646027e-03
5.045677069574594498e-03
4.969242960214614868e-03
5.003185011446475983e-03
5.023992620408535004e-03
4.975895397365093231e-03
4.964732099324464798e-03
5.004565697163343430e-03
5.006244406104087830e-03
4.960019141435623169e-03
4.966803826391696930e-03
4.995041526854038239e-03
4.980530124157667160e-03
4.951419774442911148e-03
4.960656166076660156e-03
4.975263960659503937e-03
4.964094609022140503e-03
4.946219269186258316e-03
4.956464748829603195e-03
4.962709732353687286e-03
4.948544781655073166e-03
4.943232052028179169e-03
4.951871000230312347e-03
4.949341062456369400e-03
4.938547965139150620e-03
4.940593615174293518e-03
4.944307729601860046e-03
4.939184058457612991e-03
4.932894371449947357e-03
4.935823846608400345e-03
4.936432465910911560e-03
4.931089933961629868e-03
4.927383270114660263e-03
4.929228220134973526e-03
4.928598180413246155e-03
4.924150183796882629e-03
4.921345040202140808e-03
4.921474028378725052e-03
4.921372979879379272e-03
4.917972255498170853e-03
4.914700519293546677e-03
4.913289099931716919e-03
4.913013894110918045e-03
4.911272320896387100e-03
4.908296279609203339e-03
4.905421752482652664e-03
4.903746768832206726e-03
4.902610089629888535e-03
4.900997970253229141e-03
4.898616112768650055e-03
4.895754624158143997e-03
4.893216304481029510e-03
4.890990443527698517e-03
4.889119882136583328e-03
4.887125920504331589e-03
4.884888418018817902e-03
4.882338456809520721e-03
4.879588726907968521e-03
4.876824561506509781e-03
4.874100442975759506e-03
4.871548619121313095e-03
4.869078751653432846e-03
4.866754636168479919e-03
4.864474758505821228e-03
4.863895941525697708e-03
1.095408387482166290e-02
1.140552014112472534e-02
6.884017959237098694e-03
9.799839928746223450e-03
7.450531702488660812e-03
8.332047611474990845e-03
7.350920699536800385e-03
6.628431379795074463e-03
8.074245415627956390e-03
5.990521982312202454e-03
7.340885233134031296e-03
6.057243328541517258e-03
6.628731265664100647e-03
6.525884382426738739e-03
5.760361440479755402e-03
6.359986029565334320e-03
5.908227991312742233e-03
5.787480622529983521e-03
5.984423682093620300e-03
5.546967964619398117e-03
5.965601652860641479e-03
5.611306056380271912e-03
5.513087380677461624e-03
5.794898606836795807e-03
5.414727143943309784e-03
5.630751140415668488e-03
5.419462919235229492e-03
5.444148089736700058e-03
5.484021734446287155e-03
5.338942632079124451e-03
5.354516673833131790e-03
5.420923233032226562e-03
5.247222259640693665e-03
5.385840777307748795e-03
5.220963619649410248e-03
5.318643990904092789e-03
5.271857604384422302e-03
5.229329690337181091e-03
5.254589952528476715e-03
5.236960016191005707e-03
5.202528554946184158e-03
5.235894117504358292e-03
5.170032847672700882e-03
5.222130101174116135e-03
5.173720885068178177e-03
5.172449164092540741e-03
5.182421300560235977e-03
5.159366410225629807e-03
5.165221169590950012e-03
5.154316313564777374e-03
5.143597256392240524e-03
5.155631806701421738e-03
5.131948273628950119e-03
5.139041692018508911e-03
5.135366693139076233e-03
5.124879535287618637e-03
5.130371078848838806e-03
5.117371212691068649e-03
5.122902337461709976e-03
5.117274355143308640e-03
5.111181177198886871e-03
5.114054773002862930e-03
5.108132958412170410e-03
5.106997676193714142e-03
5.105790216475725174e-03
5.100551526993513107e-03
5.103269126266241074e-03
5.096334964036941528e-03
5.097294226288795471e-03
5.095083266496658325e-03
5.092624109238386154e-03
5.091887433081865311e-03
5.089384503662586212e-03
5.088433157652616501e-03
5.087477155029773712e-03
5.084418691694736481e-03
5.085060838609933853e-03
5.082139745354652405e-03
5.081800278276205063e-03
5.080141127109527588e-03
5.079016089439392090e-03
5.078244488686323166e-03
5.076583940535783768e-03
5.075719673186540604e-03
5.074900574982166290e-03
5.073378328233957291e-03
5.072920583188533783e-03
5.071416962891817093e-03
5.070942454040050507e-03
5.069734994322061539e-03
5.068861879408359528e-03
5.068161059170961380e-03
5.067142657935619354e-03
5.066391080617904663e-03
5.065576639026403427e-03
5.064744967967271805e-03
5.064119119197130203e-03
5.063169635832309723e-03
5.062616895884275436e-03
5.061801057308912277e-03
5.061116535216569901e-03
5.060462746769189835e-03
5.059743300080299377e-03
5.059156566858291626e-03
5.058452486991882324e-03
5.057852715253829956e-03
5.057260859757661819e-03
5.056617315858602524e-03
5.056079011410474777e-03
5.055467132478952408e-03
5.054927431046962738e-03
5.054368171840906143e-03
5.053815897554159164e-03
5.053323227912187576e-03
5.052763968706130981e-03
5.052273627370595932e-03
5.051763262599706650e-03
5.051280371844768524e-03
5.050795152783393860e-03
5.050321109592914581e-03
5.049865227192640305e-03
5.049405153840780258e-03
5.048961844295263290e-03
5.048525985330343246e-03
5.048085935413837433e-03
5.047673825174570084e-03
5.047244951128959656e-03
5.046845413744449615e-03
5.046437494456768036e-03
5.046045407652854919e-03
5.045658908784389496e-03
5.045271478593349457e-03
5.044895224273204803e-03
5.044525489211082458e-03
5.044162273406982422e-03
5.043806973844766617e-03
5.043454468250274658e-03
5.043108016252517700e-03
5.042764823883771896e-03
5.042427685111761093e-03
5.042099393904209137e-03
5.041771568357944489e-03
5.041448865085840225e-03
5.041137803345918655e-03
5.040821153670549393e-03
5.040519405156373978e-03
5.040215793997049332e-03
5.039918702095746994e-03
5.039622075855731964e-03
5.039327777922153473e-03
5.039047449827194214e-03
5.038762465119361877e-03
5.038485862314701080e-03
5.038210190832614899e-03
5.037946626543998718e-03
5.037675611674785614e-03
5.037409253418445587e-03
5.037151742726564407e-03
5.036899354308843613e-03
5.036648828536272049e-03
5.036395043134689331e-03
5.036148708313703537e-03
5.035907030105590820e-03
5.035666748881340027e-03
5.035429261624813080e-03
5.035194568336009979e-03
5.034963600337505341e-03
5.034732632339000702e-03
5.034510977566242218e-03
5.034287925809621811e-03
5.034070461988449097e-03
5.033847410231828690e-03
5.033636000007390976e-03
5.033426452428102493e-03
5.033210385590791702e-03
5.033002700656652451e-03
5.032797344028949738e-03
5.032589193433523178e-03
5.032395012676715851e-03
5.032191984355449677e-03
5.031999200582504272e-03
5.031806882470846176e-03
5.031608045101165771e-03
5.031425040215253830e-03
5.031228996813297272e-03
5.031048320233821869e-03
5.030861590057611465e-03
5.030680913478136063e-03
5.030500702559947968e-03
5.030317697674036026e-03
5.030144006013870239e-03
5.029971245676279068e-03
5.029795225709676743e-03
5.029626656323671341e-03
5.029455292969942093e-03
5.029291845858097076e-03
5.029122810810804367e-03
5.028959829360246658e-03
5.028796382248401642e-03
5.028632935136556625e-03
5.028475075960159302e-03
5.028313957154750824e-03
5.028164014220237732e-03
5.028001498430967331e-03
5.027847830206155777e-03
5.027700681239366531e-03
5.027545150369405746e-03
5.027393344789743423e-03
5.027247127145528793e-03
5.027100443840026855e-03
5.026954691857099533e-03
5.026808008551597595e-03
5.026665050536394119e-03
5.026524420827627182e-03
5.026384722441434860e-03
5.026244092732667923e-03
5.026105325669050217e-03
5.025967489928007126e-03
5.025832913815975189e-03
5.025698803365230560e-03
5.025564692914485931e-03
5.025435239076614380e-03
5.025304853916168213e-03
5.025172606110572815e-03
5.025042220950126648e-03
5.024915561079978943e-03
5.024783313274383545e-03
5.024661775678396225e-03
5.024537909775972366e-03
5.024411715567111969e-03
5.024287384003400803e-03
5.024169106036424637e-03
5.024042446166276932e-03
5.023920908570289612e-03
5.023804027587175369e-03
5.023689940571784973e-03
5.023566074669361115e-03
5.023453384637832642e-03
5.023339763283729553e-03
5.023219157010316849e-03
5.023109726607799530e-03
5.022992379963397980e-03
5.022877361625432968e-03
5.022767931222915649e-03
5.022659897804260254e-03
5.022551864385604858e-03
5.022439640015363693e-03
5.022326949983835220e-03
5.022224038839340210e-03
5.022117402404546738e-03
5.022014491260051727e-03
5.021904595196247101e-03
5.021803081035614014e-03
5.021698307245969772e-03
5.021590273827314377e-03
5.021491087973117828e-03
5.021389573812484741e-03
5.021290853619575500e-03
5.021191202104091644e-03
5.021088756620883942e-03
5.020993761718273163e-03
5.020894575864076614e-03
5.020797252655029297e-03
5.020702257752418518e-03
5.020603537559509277e-03
5.020508542656898499e-03
5.020417273044586182e-03
5.020321812480688095e-03
5.020224954932928085e-03
5.020135547965764999e-03
5.020043347030878067e-03
5.019945092499256134e-03
5.019855219870805740e-03
5.019766744226217270e-03
5.019677337259054184e-03
5.019586533308029175e-03
5.019500851631164551e-03
5.019409582018852234e-03
5.019324831664562225e-03
5.019233562052249908e-03
5.019146017730236053e-03
5.019062664359807968e-03
5.018972791731357574e-03
5.018890835344791412e-03
5.018805619329214096e-03
5.018723197281360626e-03
5.018637981265783310e-03
5.018554162234067917e-03
5.018474999815225601e-03
5.018390715122222900e-03
5.018307827413082123e-03
5.018230993300676346e-03
5.018143914639949799e-03
5.018068943172693253e-03
5.017984658479690552e-03
5.017904564738273621e-03
5.017826333642005920e-03
5.017749033868312836e-03
5.017674528062343597e-03
5.017593037337064743e-03
5.017515737563371658e-03
5.017435643821954727e-03
5.017366725951433182e-03
5.017290357500314713e-03
5.017209798097610474e-03
5.017137620598077774e-03
5.017060786485671997e-03
5.016990471631288528e-03
5.016915034502744675e-03
5.016837734729051590e-03
5.016768816858530045e-03
5.016698967665433884e-03
5.016622133553028107e-03
5.016554147005081177e-03
5.016479175537824631e-03
5.016409792006015778e-03
5.016339942812919617e-03
5.016271024942398071e-03
5.016196053475141525e-03
5.016129463911056519e-03
5.016054958105087280e-03
5.015993490815162659e-03
5.015922244638204575e-03
5.015852861106395721e-03
5.015788134187459946e-03
5.015718284994363785e-03
5.015649832785129547e-03
5.015583708882331848e-03
5.015516653656959534e-03
5.015448201447725296e-03
5.015383940190076828e-03
5.015319213271141052e-03
5.015256348997354507e-03
5.015187896788120270e-03
5.015121772885322571e-03
5.015057511627674103e-03
5.014992784708738327e-03
5.014932248741388321e-03
5.014866590499877930e-03
5.014803726226091385e-03
5.014738067984580994e-03
5.014680325984954834e-03
5.014616064727306366e-03
5.014559254050254822e-03
5.014491733163595200e-03
5.014434922486543655e-03
5.014376714825630188e-03
5.014308262616395950e-03
5.014250520616769791e-03
5.014198366552591324e-03
5.014141090214252472e-03
5.014081485569477081e-03
5.014027468860149384e-03
5.013974849134683609e-03
5.013924557715654373e-03
5.013881716877222061e-03
5.013833753764629364e-03
5.013801623135805130e-03
5.013777874410152435e-03
5.013763438910245895e-03
5.013768561184406281e-03
5.013795103877782822e-03
5.013858899474143982e-03
5.013968795537948608e-03
5.014172289520502090e-03
5.014484282582998276e-03
5.014984868466854095e-03
5.015756469219923019e-03
5.016953684389591217e-03
5.018792115151882172e-03
5.021643824875354767e-03
5.025985650718212128e-03
5.032752174884080887e-03
5.042994860559701920e-03
5.058886948972940445e-03
5.082312505692243576e-03
5.117702763527631760e-03
5.166005343198776245e-03
5.232357885688543320e-03
5.305493716150522232e-03
5.378935951739549637e-03
5.409665871411561966e-03
5.379975773394107819e-03
5.270311143249273300e-03
5.131827201694250107e-03
5.032483488321304321e-03
5.018922034651041031e-03
5.075599998235702515e-03
5.142622161656618118e-03
5.164702422916889191e-03
5.124778486788272858e-03
5.058518610894680023e-03
5.016175098717212677e-03
5.022303666919469833e-03
5.058243405073881149e-03
5.084512755274772644e-03
5.077507812529802322e-03
5.045390222221612930e-03
5.017459858208894730e-03
5.014181137084960938e-03
5.031267646700143814e-03
5.047978367656469345e-03
5.047866143286228180e-03
5.032512359321117401e-03
5.016314797103404999e-03
5.011969711631536484e-03
5.019633565098047256e-03
5.029368214309215546e-03
5.031597800552845001e-03
5.024883430451154709e-03
5.015664733946323395e-03
5.011250264942646027e-03
5.013652611523866653e-03
5.018988624215126038e-03
5.021770484745502472e-03
5.019742995500564575e-03
5.014956928789615631e-03
5.011340603232383728e-03
5.011129658669233322e-03
5.013494286686182022e-03
5.015793722122907639e-03
5.015981849282979965e-03
5.014079157263040543e-03
5.011679604649543762e-03
5.010468419641256332e-03
5.010916851460933685e-03
5.012194626033306122e-03
5.013051908463239670e-03
5.012791138142347336e-03
5.011689383536577225e-03
5.010566674172878265e-03
5.010083317756652832e-03
5.010356660932302475e-03
5.010957363992929459e-03
5.011319182813167572e-03
5.011166445910930634e-03
5.010626744478940964e-03
5.010047927498817444e-03
5.009744316339492798e-03
5.009801127016544342e-03
5.010050255805253983e-03
5.010242573916912079e-03
5.010211374610662460e-03
5.009980406612157822e-03
5.009670741856098175e-03
5.009449552744626999e-03
5.009381100535392761e-03
5.009435582906007767e-03
5.009518936276435852e-03
5.009548272937536240e-03
5.009471438825130463e-03
5.009321961551904678e-03
5.009165033698081970e-03
5.009057000279426575e-03
5.009016953408718109e-03
5.009025800973176956e-03
5.009040236473083496e-03
5.009022541344165802e-03
5.008965265005826950e-03
5.008875392377376556e-03
5.008781794458627701e-03
5.008703563362360001e-03
5.008657462894916534e-03
5.008630920201539993e-03
5.008613225072622299e-03
5.008585751056671143e-03
5.008548498153686523e-03
5.008498672395944595e-03
5.008429288864135742e-03
5.008370149880647659e-03
5.008308682590723038e-03
5.008269101381301880e-03
5.008227657526731491e-03
5.008195061236619949e-03
5.008161067962646484e-03
5.008121952414512634e-03
5.008081439882516861e-03
5.008034408092498779e-03
5.007983651012182236e-03
5.007933359593153000e-03
5.007888656109571457e-03
5.007850471884012222e-03
5.007809493690729141e-03
5.007767584174871445e-03
5.007728934288024902e-03
5.007690284401178360e-03
5.007653031498193741e-03
5.007609259337186813e-03
5.007566884160041809e-03
5.007520783692598343e-03
5.007477011531591415e-03
5.007434170693159103e-03
5.007394589483737946e-03
5.007353145629167557e-03
5.007311236113309860e-03
5.007271189242601395e-03
5.007231608033180237e-03
5.007195286452770233e-03
5.007151514291763306e-03
5.007108673453330994e-03
5.007071420550346375e-03
5.007027648389339447e-03
5.006984807550907135e-03
5.006951279938220978e-03
5.006907973438501358e-03
5.006863735616207123e-03
5.006823688745498657e-03
5.006782244890928268e-03
5.006744991987943649e-03
5.006705410778522491e-03
5.006669089198112488e-03
5.006628576666116714e-03
5.006588995456695557e-03
5.006546620279550552e-03
5.006510298699140549e-03
5.006467457860708237e-03
5.006426014006137848e-03
5.006394349038600922e-03
5.006350111216306686e-03
5.006308201700448990e-03
5.006266292184591293e-03
5.006229504942893982e-03
5.006188992410898209e-03
5.006148014217615128e-03
5.006110761314630508e-03
5.006070248782634735e-03
5.006030201911926270e-03
5.005990155041217804e-03
5.005952902138233185e-03
5.005915649235248566e-03
5.005877465009689331e-03
5.005838349461555481e-03
5.005801096558570862e-03
5.005758721381425858e-03
5.005720537155866623e-03
5.005680024623870850e-03
5.005639512091875076e-03
5.005601793527603149e-03
5.005564540624618530e-03
5.005524959415197372e-03
5.005491431802511215e-03
5.005450919270515442e-03
5.005410406738519669e-03
5.005378741770982742e-03
5.005343817174434662e-03
5.005311220884323120e-03
5.005276761949062347e-03
5.005251150578260422e-03
5.005221348255872726e-03
5.005199927836656570e-03
5.005190614610910416e-03
5.005185957998037338e-03
5.005206447094678879e-03
5.005241371691226959e-03
5.005321931093931198e-03
5.005457438528537750e-03
5.005688406527042389e-03
5.006041843444108963e-03
5.006613209843635559e-03
5.007506813853979111e-03
5.008904263377189636e-03
5.011088214814662933e-03
5.014513153582811356e-03
5.019918084144592285e-03
5.028409883379936218e-03
5.041819997131824493e-03
5.062652286142110825e-03
5.095079075545072556e-03
5.143669899553060532e-03
5.215050186961889267e-03
5.310375243425369263e-03
5.426521878689527512e-03
5.533685907721519470e-03
5.588526371866464615e-03
5.532305687665939331e-03
5.362241063266992569e-03
5.152565427124500275e-03
5.019855685532093048e-03
5.024368409067392349e-03
5.124201998114585876e-03
5.218341946601867676e-03
5.225657485425472260e-03
5.143844988197088242e-03
5.044371820986270905e-03
5.004758015275001526e-03
5.039688199758529663e-03
5.098136607557535172e-03
5.118587985634803772e-03
5.083934403955936432e-03
5.029887892305850983e-03
5.004344973713159561e-03
5.020981188863515854e-03
5.052870139479637146e-03
5.064667202532291412e-03
5.046233534812927246e-03
5.017308518290519714e-03
5.003857426345348358e-03
5.012986250221729279e-03
5.030103959143161774e-03
5.036391783505678177e-03
5.026559345424175262e-03
5.011010449379682541e-03
5.003483965992927551e-03
5.007997620850801468e-03
5.017160903662443161e-03
5.020981654524803162e-03
5.016208160668611526e-03
5.007877014577388763e-03
5.003230180591344833e-03
5.004931241273880005e-03
5.009713582694530487e-03
5.012383684515953064e-03
5.010626278817653656e-03
5.006329622119665146e-03
5.003184545785188675e-03
5.003226455301046371e-03
5.005485843867063522e-03
5.007404834032058716e-03
5.007228348404169083e-03
5.005263723433017731e-03
5.003212951123714447e-03
5.002528429031372070e-03
5.003300961107015610e-03
5.004501901566982269e-03
5.004954989999532700e-03
5.004338454455137253e-03
5.003191996365785599e-03
5.002363584935665131e-03
5.002307705581188202e-03
5.002825986593961716e-03
5.003337282687425613e-03
5.003395490348339081e-03
5.002959631383419037e-03
5.002370104193687439e-03
5.001998972147703171e-03
5.002001766115427017e-03
5.002250429242849350e-03
5.002470221370458603e-03
5.002468824386596680e-03
5.002242047339677811e-03
5.001927260309457779e-03
5.001713987439870834e-03
5.001672077924013138e-03
5.001765210181474686e-03
5.001857876777648926e-03
5.001867655664682388e-03
5.001764744520187378e-03
5.001596175134181976e-03
5.001450423151254654e-03
5.001372192054986954e-03
5.001362413167953491e-03
5.001393612474203110e-03
5.001394543796777725e-03
5.001349840313196182e-03
5.001272074878215790e-03
5.001177079975605011e-03
5.001098383218050003e-03
5.001050420105457306e-03
5.001029465347528458e-03
5.001019686460494995e-03
5.000998731702566147e-03
5.000958684831857681e-03
5.000899080187082291e-03
5.000830162316560745e-03
5.000771023333072662e-03
5.000724457204341888e-03
5.000694189220666885e-03
5.000663455575704575e-03
5.000634118914604187e-03
5.000598262995481491e-03
5.000549368560314178e-03
5.000498145818710327e-03
5.000447854399681091e-03
5.000401753932237625e-03
5.000364966690540314e-03
5.000327713787555695e-03
5.000289063900709152e-03
5.000253207981586456e-03
5.000215489417314529e-03
5.000169388949871063e-03
5.000124685466289520e-03
5.000080913305282593e-03
5.000036675482988358e-03
4.999991506338119507e-03
4.999953322112560272e-03
4.999913275241851807e-03
4.999870900064706802e-03
4.999834112823009491e-03
4.999791737645864487e-03
4.999745171517133713e-03
4.999704193323850632e-03
4.999665077775716782e-03
4.999619442969560623e-03
4.999579396098852158e-03
4.999537020921707153e-03
4.999494645744562149e-03
4.999452736228704453e-03
4.999415483325719833e-03
4.999370314180850983e-03
4.999331664294004440e-03
4.999286495149135590e-03
4.999245516955852509e-03
4.999207332730293274e-03
4.999159369617700577e-03
4.999116063117980957e-03
4.999077413231134415e-03
4.999035038053989410e-03
4.998987540602684021e-03
4.998947493731975555e-03
4.998904652893543243e-03
4.998861812055110931e-03
4.998816642910242081e-03
4.998777061700820923e-03
4.998736549168825150e-03
4.998689983040094376e-03
4.998644348233938217e-03
4.998604767024517059e-03
4.998556803911924362e-03
4.998513963073492050e-03
4.998475313186645508e-03
4.998431075364351273e-03
4.998387303203344345e-03
4.998345393687486649e-03
4.998298361897468567e-03
4.998254589736461639e-03
4.998211283236742020e-03
4.998166579753160477e-03
4.998123738914728165e-03
4.998079035431146622e-03
4.998033400624990463e-03
4.997992422431707382e-03
4.997946321964263916e-03
4.997898824512958527e-03
4.997856449335813522e-03
4.997811280190944672e-03
4.997767508029937744e-03
4.997721873223781586e-03
4.997677635401487350e-03
4.997632000595331192e-03
4.997589159756898880e-03
4.997540730983018875e-03
4.997498821467161179e-03
4.997445736080408096e-03
4.997403360903263092e-03
4.997360054403543472e-03
4.997316282242536545e-03
4.997268784791231155e-03
4.997225943952798843e-03
4.997177980840206146e-03
4.997130949050188065e-03
4.997088108211755753e-03
4.997039213776588440e-03
4.996993578970432281e-03
4.996947944164276123e-03
4.996904172003269196e-03
4.996861796826124191e-03
4.996818490326404572e-03
4.996778909116983414e-03
4.996747244149446487e-03
4.996720235794782639e-03
4.996700678020715714e-03
4.996697418391704559e-03
4.996702075004577637e-03
4.996742121875286102e-03
4.996831528842449188e-03
4.996989388018846512e-03
4.997255280613899231e-03
4.997692536562681198e-03
4.998393356800079346e-03
4.999511409550905228e-03
5.001293960958719254e-03
5.004137288779020309e-03
5.008656065911054611e-03
5.015868227928876877e-03
5.027391482144594193e-03
5.045787431299686432e-03
5.074951797723770142e-03
5.120519082993268967e-03
5.189885850995779037e-03
5.290773231536149979e-03
5.425617098808288574e-03
5.581423640251159668e-03
5.712364800274372101e-03
5.745222326368093491e-03
5.613331682980060577e-03
5.350742489099502563e-03
5.095722153782844543e-03
4.996279254555702209e-03
5.075272172689437866e-03
5.224371794611215591e-03
5.302128382027149200e-03
5.241305567324161530e-03
5.101467482745647430e-03
5.003954283893108368e-03
5.016148556023836136e-03
5.096294451504945755e-03
5.149633623659610748e-03
5.123498383909463882e-03
5.048409570008516312e-03
4.998132586479187012e-03
5.009984131902456284e-03
5.055197980254888535e-03
5.078957416117191315e-03
5.057523027062416077e-03
5.016090814024209976e-03
4.994976334273815155e-03
5.007587373256683350e-03
5.032344255596399307e-03
5.040270276367664337e-03
5.024437326937913895e-03
5.002339370548725128e-03
4.994523245841264725e-03
5.004030186682939529e-03
5.016822367906570435e-03
5.018598400056362152e-03
5.008406471461057663e-03
4.997010342776775360e-03
4.994306247681379318e-03
5.000199191272258759e-03
5.006702151149511337e-03
5.006879102438688278e-03
5.001065786927938461e-03
4.995062015950679779e-03
4.993780981749296188e-03
4.996942356228828430e-03
5.000389181077480316e-03
5.000554490834474564e-03
4.997514188289642334e-03
4.994203802198171616e-03
4.993236158043146133e-03
4.994701594114303589e-03
4.996598698198795319e-03
4.996981471776962280e-03
4.995590075850486755e-03
4.993716254830360413e-03
4.992827307432889938e-03
4.993279464542865753e-03
4.994294140487909317e-03
4.994777031242847443e-03
4.994296468794345856e-03
4.993292968720197678e-03
4.992550704628229141e-03
4.992483649402856827e-03
4.992912523448467255e-03
4.993309732526540756e-03
4.993280395865440369e-03
4.992837086319923401e-03
4.992312286049127579e-03
4.992032423615455627e-03
4.992084577679634094e-03
4.992293193936347961e-03
4.992402624338865280e-03
4.992295987904071808e-03
4.992012865841388702e-03
4.991733934730291367e-03
4.991590511053800583e-03
4.991598427295684814e-03
4.991664551198482513e-03
4.991681780666112900e-03
4.991584923118352890e-03
4.991410765796899796e-03
4.991242196410894394e-03
4.991134162992238998e-03
4.991097841411828995e-03
4.991094116121530533e-03
4.991073627024888992e-03
4.991005640476942062e-03
4.990890156477689743e-03
4.990771878510713577e-03
4.990672226995229721e-03
4.990604706108570099e-03
4.990557674318552017e-03
4.990516230463981628e-03
4.990461282432079315e-03
4.990380723029375076e-03
4.990288056433200836e-03
4.990190733224153519e-03
4.990111105144023895e-03
4.990050569176673889e-03
4.989990033209323883e-03
4.989933688193559647e-03
4.989865235984325409e-03
4.989787936210632324e-03
4.989707376807928085e-03
4.989621695131063461e-03
4.989543464034795761e-03
4.989468958228826523e-03
4.989404231309890747e-03
4.989336244761943817e-03
4.989262204617261887e-03
4.989189095795154572e-03
4.989110399037599564e-03
4.989030305296182632e-03
4.988947883248329163e-03
4.988873377442359924e-03
4.988795612007379532e-03
4.988725762814283371e-03
4.988651722669601440e-03
4.988571628928184509e-03
4.988497123122215271e-03
4.988414701074361801e-03
4.988330882042646408e-03
4.988249391317367554e-03
4.988164175301790237e-03
4.988086409866809845e-03
4.988006316125392914e-03
4.987924825400114059e-03
4.987847525626420975e-03
4.987763706594705582e-03
4.987682215869426727e-03
4.987597931176424026e-03
4.987509921193122864e-03
4.987429361790418625e-03
4.987340886145830154e-03
4.987255204468965530e-03
4.987173248082399368e-03
4.987088963389396667e-03
4.987003281712532043e-03
4.986914340406656265e-03
4.986828658729791641e-03
4.986739717423915863e-03
4.986651241779327393e-03
4.986559972167015076e-03
4.986471496522426605e-03
4.986383020877838135e-03
4.986288957297801971e-03
4.986200481653213501e-03
4.986106418073177338e-03
4.986017942428588867e-03
4.985925275832414627e-03
4.985828883945941925e-03
4.985737148672342300e-03
4.985641222447156906e-03
4.985544830560684204e-03
4.985447973012924194e-03
4.985351115465164185e-03
4.985251929610967636e-03
4.985156934708356857e-03
4.985053557902574539e-03
4.984959028661251068e-03
4.984862171113491058e-03
4.984760191291570663e-03
4.984653554856777191e-03
4.984552506357431412e-03
4.984455648809671402e-03
4.984349943697452545e-03
4.984247032552957535e-03
4.984139930456876755e-03
4.984033759683370590e-03
4.983928054571151733e-03
4.983820486813783646e-03
4.983715247362852097e-03
4.983601160347461700e-03
4.983492661267518997e-03
4.983379039913415909e-03
4.983270075172185898e-03
4.983157850801944733e-03
4.983048420399427414e-03
4.982934333384037018e-03
4.982822109013795853e-03
4.982706625014543533e-03
4.982592537999153137e-03
4.982475657016038895e-03
4.982359707355499268e-03
4.982238169759511948e-03
4.982126876711845398e-03
4.982004873454570770e-03
4.981891717761754990e-03
4.981770645827054977e-03
4.981653764843940735e-03
4.981537815183401108e-03
4.981421865522861481e-03
4.981299862265586853e-03
4.981186240911483765e-03
4.981083329766988754e-03
4.980976693332195282e-03
4.980882629752159119e-03
4.980803932994604111e-03
4.980743397027254105e-03
4.980709869414567947e-03
4.980728030204772949e-03
4.980813711881637573e-03
4.980994388461112976e-03
4.981337115168571472e-03
4.981905687600374222e-03
4.982824902981519699e-03
4.984280094504356384e-03
4.986572545021772385e-03
4.990160465240478516e-03
4.995750263333320618e-03
5.004456732422113419e-03
5.018012132495641708e-03
5.038990639150142670e-03
5.071233958005905151e-03
5.119801498949527740e-03
5.190939642488956451e-03
5.289144348353147507e-03
5.413586739450693130e-03
5.545301362872123718e-03
5.644243210554122925e-03
5.644650664180517197e-03
5.512328352779150009e-03
5.278516560792922974e-03
5.063874647021293640e-03
4.977811593562364578e-03
5.037650465965270996e-03
5.162613932043313980e-03
5.241372622549533844e-03
5.213492084294557571e-03
5.104075185954570770e-03
5.002578254789113998e-03
4.978772718459367752e-03
5.029054358601570129e-03
5.091295111924409866e-03
5.104781594127416611e-03
5.061041098088026047e-03
5.001415498554706573e-03
4.975107964128255844e-03
4.993825685232877731e-03
5.028775427490472794e-03
5.043223965913057327e-03
5.024940241128206253e-03
4.992837086319923401e-03
4.974425770342350006e-03
4.980536643415689468e-03
4.998981487005949020e-03
5.009490530937910080e-03
5.002743564546108246e-03
4.985960666090250015e-03
4.973809234797954559e-03
4.974250681698322296e-03
4.983208607882261276e-03
4.990431480109691620e-03
4.989171866327524185e-03
4.981124307960271835e-03
4.973266739398241043e-03
4.971127957105636597e-03
4.974574781954288483e-03
4.979066085070371628e-03
4.980192054063081741e-03
4.977097269147634506e-03
4.972486291080713272e-03
4.969727713614702225e-03
4.970126319676637650e-03
4.972325637936592102e-03
4.973899573087692261e-03
4.973390139639377594e-03
4.971208982169628143e-03
4.968937486410140991e-03
4.967923276126384735e-03
4.968343302607536316e-03
4.969325847923755646e-03
4.969780333340167999e-03
4.969207569956779480e-03
4.967940039932727814e-03
4.966722335666418076e-03
4.966132808476686478e-03
4.966201260685920715e-03
4.966518841683864594e-03
4.966594278812408447e-03
4.966198466718196869e-03
4.965455271303653717e-03
4.964698571711778641e-03
4.964198451489210129e-03
4.964004736393690109e-03
4.963972605764865875e-03
4.963892512023448944e-03
4.963612649589776993e-03
4.963147919625043869e-03
4.962605889886617661e-03
4.962130915373563766e-03
4.961782600730657578e-03
4.961557220667600632e-03
4.961352795362472534e-03
4.961099009960889816e-03
4.960749763995409012e-03
4.960329271852970123e-03
4.959892015904188156e-03
4.959479440003633499e-03
4.959129728376865387e-03
4.958816803991794586e-03
4.958516452461481094e-03
4.958187695592641830e-03
4.957819823175668716e-03
4.957417026162147522e-03
4.957004450261592865e-03
4.956585820764303207e-03
4.956198856234550476e-03
4.955823067575693130e-03
4.955453332513570786e-03
4.955074284225702286e-03
4.954684060066938400e-03
4.954271949827671051e-03
4.953838884830474854e-03
4.953402094542980194e-03
4.952964838594198227e-03
4.952527582645416260e-03
4.952099639922380447e-03
4.951665177941322327e-03
4.951228853315114975e-03
4.950780421495437622e-03
4.950318019837141037e-03
4.949854221194982529e-03
4.949372727423906326e-03
4.948890767991542816e-03
4.948401823639869690e-03
4.947905894368886948e-03
4.947416950017213821e-03
4.946911241859197617e-03
4.946411587297916412e-03
4.945893306285142899e-03
4.945368506014347076e-03
4.944839049130678177e-03
4.944297485053539276e-03
4.943746142089366913e-03
4.943190142512321472e-03
4.942622967064380646e-03
4.942048806697130203e-03
4.941478371620178223e-03
4.940890241414308548e-03
4.940297920256853104e-03
4.939695354551076889e-03
4.939083009958267212e-03
4.938462749123573303e-03
4.937834572046995163e-03
4.937193822115659714e-03
4.936547949910163879e-03
4.935888107866048813e-03
4.935227800160646439e-03
4.934546537697315216e-03
4.933861084282398224e-03
4.933164454996585846e-03
4.932461772114038467e-03
4.931743256747722626e-03
4.931017756462097168e-03
4.930286202579736710e-03
4.929537884891033173e-03
4.928783513605594635e-03
4.928011912852525711e-03
4.927229601889848709e-03
4.926443099975585938e-03
4.925634711980819702e-03
4.924823064357042313e-03
4.923997446894645691e-03
4.923158325254917145e-03
4.922309424728155136e-03
4.921445157378911972e-03
4.920566920191049576e-03
4.919681232422590256e-03
4.918776918202638626e-03
4.917863290756940842e-03
4.916936624795198441e-03
4.915996454656124115e-03
4.915043246001005173e-03
4.914070479571819305e-03
4.913090262562036514e-03
4.912094213068485260e-03
4.911081865429878235e-03
4.910057410597801208e-03
4.909016657620668411e-03
4.907962866127490997e-03
4.906897433102130890e-03
4.905814304947853088e-03
4.904718138277530670e-03
4.903602879494428635e-03
4.902482498437166214e-03
4.901349544525146484e-03
4.900198895484209061e-03
4.899042658507823944e-03
4.897884093225002289e-03
4.896739032119512558e-03
4.895606078207492828e-03
4.894508048892021179e-03
4.893483594059944153e-03
4.892583936452865601e-03
4.891898948699235916e-03
4.891593940556049347e-03
4.891928751021623611e-03
4.893354140222072601e-03
4.896606318652629852e-03
4.903018008917570114e-03
4.914732184261083603e-03
4.935570526868104935e-03
4.971419461071491241e-03
5.032294429838657379e-03
5.130493547767400742e-03
5.282759200781583786e-03
5.488945171236991882e-03
5.720704328268766403e-03
5.869287066161632538e-03
5.790597293525934219e-03
5.453784950077533722e-03
5.045866128057241440e-03
4.869065713137388229e-03
4.997659008949995041e-03
5.226661916822195053e-03
5.294747650623321533e-03
5.128061398863792419e-03
4.914990160614252090e-03
4.865448456257581711e-03
4.981636535376310349e-03
5.087391473352909088e-03
5.047708284109830856e-03
4.918289370834827423e-03
4.849194083362817764e-03
4.896154161542654037e-03
4.969609901309013367e-03
4.965673200786113739e-03
4.892973694950342178e-03
4.840921610593795776e-03
4.859235603362321854e-03
4.904286004602909088e-03
4.908812232315540314e-03
4.867834970355033875e-03
4.832134116441011429e-03
4.837355110794305801e-03
4.863522481173276901e-03
4.869549069553613663e-03
4.846853669732809067e-03
4.822765942662954330e-03
4.821417853236198425e-03
4.835586529225111008e-03
4.841457121074199677e-03
4.829732235521078110e-03
4.813349805772304535e-03
4.808318335562944412e-03
4.814596846699714661e-03
4.819361492991447449e-03
4.814129788428544998e-03
4.803420975804328918e-03
4.797130357474088669e-03
4.798347596079111099e-03
4.801287315785884857e-03
4.799451678991317749e-03
4.792869091033935547e-03
4.786791279911994934e-03
4.784879274666309357e-03
4.785682540386915207e-03
4.785189405083656311e-03
4.781553987413644791e-03
4.776590969413518906e-03
4.773114807903766632e-03
4.771904088556766510e-03
4.771304316818714142e-03
4.769379273056983948e-03
4.765907768160104752e-03
4.762221127748489380e-03
4.759622272104024887e-03
4.758095368742942810e-03
4.756616894155740738e-03
4.754319787025451660e-03
4.751292988657951355e-03
4.748279694467782974e-03
4.745875019580125809e-03
4.744002595543861389e-03
4.742122255265712738e-03
4.739806987345218658e-03
4.737117793411016464e-03
4.734410904347896576e-03
4.732005298137664795e-03
4.729891661554574966e-03
4.727818537503480911e-03
4.725570790469646454e-03
4.723104648292064667e-03
4.720583092421293259e-03
4.718170966953039169e-03
4.715928342193365097e-03
4.713762551546096802e-03
4.711560904979705811e-03
4.709252156317234039e-03
4.706869833171367645e-03
4.704492166638374329e-03
4.702186211943626404e-03
4.699963610619306564e-03
4.697757773101329803e-03
4.695521201938390732e-03
4.693228285759687424e-03
4.690875299274921417e-03
4.688506014645099640e-03
4.686124157160520554e-03
4.683715756982564926e-03
4.681279882788658142e-03
4.678898490965366364e-03
4.676856100559234619e-03
4.675198812037706375e-03
4.673160146921873093e-03
4.670661874115467072e-03
4.668748471885919571e-03
4.667151719331741333e-03
4.665089771151542664e-03
4.662812221795320511e-03
4.661287181079387665e-03
4.659333731979131699e-03
4.657515324652194977e-03
4.655607510358095169e-03
4.653909243643283844e-03
4.652010276913642883e-03
4.650634713470935822e-03
4.652437753975391388e-03
4.652622621506452560e-03
4.654870834201574326e-03
5.391845013946294785e-03
5.840668454766273499e-03
6.084797903895378113e-03
5.318870767951011658e-03
5.768533796072006226e-03
5.352732725441455841e-03
5.344098433852195740e-03
5.525270476937294006e-03
5.276599898934364319e-03
5.455290898680686951e-03
5.214589182287454605e-03
5.307197570800781250e-03
5.306744948029518127e-03
5.249325651675462723e-03
5.331096705049276352e-03
5.149720236659049988e-03
5.296617280691862106e-03
5.136866122484207153e-03
5.267510656267404556e-03
5.138264037668704987e-03
5.192027427256107330e-03
5.136424209922552109e-03
5.145810544490814209e-03
5.165948998183012009e-03
5.129436496645212173e-03
5.165032576769590378e-03
5.098795983940362930e-03
5.135001614689826965e-03
5.087924655526876450e-03
5.116723012179136276e-03
5.094939842820167542e-03
5.096074659377336502e-03
5.090908147394657135e-03
5.073518957942724228e-03
5.085441749542951584e-03
5.065578501671552658e-03
5.079314578324556351e-03
5.060334224253892899e-03
5.065603181719779968e-03
5.057140719145536423e-03
5.055852234363555908e-03
5.057514179497957230e-03
5.048008635640144348e-03
5.052993074059486389e-03
5.041623488068580627e-03
5.048384424299001694e-03
5.040802527219057083e-03
5.043834447860717773e-03
5.039284937083721161e-03
5.037154536694288254e-03
5.036889575421810150e-03
5.032941699028015137e-03
5.035035777837038040e-03
5.030438303947448730e-03
5.031703971326351166e-03
5.028664134442806244e-03
5.028586834669113159e-03
5.027692764997482300e-03
5.025751888751983643e-03
5.025774240493774414e-03
5.023191682994365692e-03
5.023621022701263428e-03
5.021835677325725555e-03
5.021589342504739761e-03
5.020565353333950043e-03
5.019349046051502228e-03
5.019165109843015671e-03
5.017738323658704758e-03
5.017864052206277847e-03
5.016554612666368484e-03
5.016275215893983841e-03
5.015388131141662598e-03
5.014736205339431763e-03
5.014338530600070953e-03
5.013498011976480484e-03
5.013217218220233917e-03
5.012421403080224991e-03
5.012040492147207260e-03
5.011511966586112976e-03
5.010959692299365997e-03
5.010609980672597885e-03
5.009929649531841278e-03
5.009627435356378555e-03
5.009033251553773880e-03
5.008703563362360001e-03
5.008246283978223801e-03
5.007812753319740295e-03
5.007445346564054489e-03
5.006968975067138672e-03
5.006655119359493256e-03
5.006220657378435135e-03
5.005872342735528946e-03
5.005509126931428909e-03
5.005115177482366562e-03
5.004797596484422684e-03
5.004404112696647644e-03
5.004100035876035690e-03
5.003740079700946808e-03
5.003421101719141006e-03
5.003099795430898666e-03
5.002758465707302094e-03
5.002467893064022064e-03
5.002138670533895493e-03
5.001845303922891617e-03
5.001534242182970047e-03
5.001232493668794632e-03
5.000943318009376526e-03
5.000651348382234573e-03
5.000373348593711853e-03
5.000084638595581055e-03
4.999808501452207565e-03
4.999537486582994461e-03
4.999260418117046356e-03
4.998998716473579407e-03
4.998727701604366302e-03
4.998470656573772430e-03
4.998210351914167404e-03
4.997947718948125839e-03
4.997697193175554276e-03
4.997442942112684250e-03
4.997195210307836533e-03
4.996941424906253815e-03
4.996703471988439560e-03
4.996459931135177612e-03
4.996214527636766434e-03
4.995976109057664871e-03
4.995735827833414078e-03
4.995505325496196747e-03
4.995272029191255569e-03
4.995034541934728622e-03
4.994804505258798599e-03
4.994578659534454346e-03
4.994345363229513168e-03
4.994123242795467377e-03
4.993897397071123123e-03
4.993673413991928101e-03
4.993448965251445770e-03
4.993226844817399979e-03
4.993005655705928802e-03
4.992786329239606857e-03
4.992569331079721451e-03
4.992350935935974121e-03
4.992129746824502945e-03
4.991915542632341385e-03
4.991700872778892517e-03
4.991484805941581726e-03
4.991268273442983627e-03
4.991059657186269760e-03
4.990844056010246277e-03
4.990629386156797409e-03
4.990420304238796234e-03
4.990206100046634674e-03
4.989995155483484268e-03
4.989783279597759247e-03
4.989577457308769226e-03
4.989363718777894974e-03
4.989151377230882645e-03
4.988940898329019547e-03
4.988733679056167603e-03
4.988527391105890274e-03
4.988320171833038330e-03
4.988109692931175232e-03
4.987895954400300980e-03
4.987685009837150574e-03
4.987484309822320938e-03
4.987268708646297455e-03
4.987064749002456665e-03
4.986855667084455490e-03
4.986646585166454315e-03
4.986435640603303909e-03
4.986224230378866196e-03
4.986014682799577713e-03
4.985804669559001923e-03
4.985596053302288055e-03
4.985389299690723419e-03
4.985176026821136475e-03
4.984959028661251068e-03
4.984751343727111816e-03
4.984539467841386795e-03
4.984329454600811005e-03
4.984108731150627136e-03
4.983898717910051346e-03
4.983687307685613632e-03
4.983477760106325150e-03
4.983256105333566666e-03
4.983039107173681259e-03
4.982823971658945084e-03
4.982605110853910446e-03
4.982390906661748886e-03
4.982167389243841171e-03
4.981952719390392303e-03
4.981731064617633820e-03
4.981511272490024567e-03
4.981290549039840698e-03
4.981064237654209137e-03
4.980845376849174500e-03
4.980624187737703323e-03
4.980396479368209839e-03
4.980168770998716354e-03
4.979942925274372101e-03
4.979714751243591309e-03
4.979487974196672440e-03
4.979256540536880493e-03
4.979028832167387009e-03
4.978794604539871216e-03
4.978558514267206192e-03
4.978326614946126938e-03
4.978092852979898453e-03
4.977852571755647659e-03
4.977614153176546097e-03
4.977379459887742996e-03
4.977139644324779510e-03
4.976894706487655640e-03
4.976648837327957153e-03
4.976409953087568283e-03
4.976164083927869797e-03
4.975916817784309387e-03
4.975668154656887054e-03
4.975418094545602798e-03
4.975165706127882004e-03
4.974915180355310440e-03
4.974657204002141953e-03
4.974402021616697311e-03
4.974145442247390747e-03
4.973885603249073029e-03
4.973626229912042618e-03
4.973369650542736053e-03
4.973103757947683334e-03
4.972840193659067154e-03
4.972569644451141357e-03
4.972298163920640945e-03
4.972026217728853226e-03
4.971757065504789352e-03
4.971482325345277786e-03
4.971204791218042374e-03
4.970925394445657730e-03
4.970649257302284241e-03
4.970364738255739212e-03
4.970078822225332260e-03
4.969791043549776077e-03
4.969507921487092972e-03
4.969217348843812943e-03
4.968927707523107529e-03
4.968645982444286346e-03
4.968354012817144394e-03
4.968064371496438980e-03
4.967776592820882797e-03
4.967489745467901230e-03
4.967210348695516586e-03
4.966937471181154251e-03
4.966679494827985764e-03
4.966434556990861893e-03
4.966219887137413025e-03
4.966058302670717239e-03
4.965960513800382614e-03
4.965955857187509537e-03
4.966114182025194168e-03
4.966489970684051514e-03
4.967204760760068893e-03
4.968425724655389786e-03
4.970432259142398834e-03
4.973649047315120697e-03
4.978748504072427750e-03
4.986713640391826630e-03
4.999130498617887497e-03
5.018246825784444809e-03
5.047692917287349701e-03
5.091886967420578003e-03
5.157384555786848068e-03
5.248598754405975342e-03
5.369002930819988251e-03
5.503674969077110291e-03
5.625206045806407928e-03
5.666998215019702911e-03
5.585756618529558182e-03
5.373323801904916763e-03
5.129488185048103333e-03
4.976029507815837860e-03
4.976090975105762482e-03
5.086693912744522095e-03
5.202360451221466064e-03
5.233204457908868790e-03
5.156561266630887985e-03
5.036336835473775864e-03
4.960439633578062057e-03
4.970824345946311951e-03
5.034919362515211105e-03
5.084123928099870682e-03
5.075117107480764389e-03
5.018774420022964478e-03
4.965223837643861771e-03
4.953304771333932877e-03
4.980504978448152542e-03
5.012899637222290039e-03
5.018791183829307556e-03
4.994909744709730148e-03
4.963266197592020035e-03
4.948876332491636276e-03
4.957744386047124863e-03
4.975655581802129745e-03
4.983962979167699814e-03
4.975526127964258194e-03
4.958639852702617645e-03
4.946966655552387238e-03
4.947446752339601517e-03
4.955901764333248138e-03
4.962696693837642670e-03
4.961525090038776398e-03
4.953633062541484833e-03
4.945414606481790543e-03
4.942309111356735229e-03
4.944767337292432785e-03
4.948934074491262436e-03
4.950465168803930283e-03
4.947902169078588486e-03
4.943175241351127625e-03
4.939476959407329559e-03
4.938635509461164474e-03
4.940054379403591156e-03
4.941621329635381699e-03
4.941554274410009384e-03
4.939625505357980728e-03
4.936962854117155075e-03
4.934977740049362183e-03
4.934361670166254044e-03
4.934724420309066772e-03
4.935112316161394119e-03
4.934750497341156006e-03
4.933515097945928574e-03
4.931880626827478409e-03
4.930483177304267883e-03
4.929687827825546265e-03
4.929397720843553543e-03
4.929226823151111603e-03
4.928800277411937714e-03
4.927963018417358398e-03
4.926843568682670593e-03
4.925712011754512787e-03
4.924779292196035385e-03
4.924097564071416855e-03
4.923564381897449493e-03
4.923021886497735977e-03
4.922333173453807831e-03
4.921473562717437744e-03
4.920513834804296494e-03
4.919561091810464859e-03
4.918682854622602463e-03
4.917904268950223923e-03
4.917178768664598465e-03
4.916450940072536469e-03
4.915661178529262543e-03
4.914803430438041687e-03
4.913889337331056595e-03
4.912954289466142654e-03
4.912034608423709869e-03
4.911140538752079010e-03
4.910274874418973923e-03
4.909413866698741913e-03
4.908544942736625671e-03
4.907642491161823273e-03
4.906706046313047409e-03
4.905741196125745773e-03
4.904764704406261444e-03
4.903775174170732498e-03
4.902795422822237015e-03
4.901809617877006531e-03
4.900829400867223740e-03
4.899835679680109024e-03
4.898831713944673538e-03
4.897810984402894974e-03
4.896764643490314484e-03
4.895710386335849762e-03
4.894638899713754654e-03
4.893561359494924545e-03
4.892465192824602127e-03
4.891362972557544708e-03
4.890247248113155365e-03
4.889125004410743713e-03
4.887992981821298599e-03
4.886849317699670792e-03
4.885686561465263367e-03
4.884513095021247864e-03
4.883326590061187744e-03
4.882122389972209930e-03
4.880910273641347885e-03
4.879684187471866608e-03
4.878435749560594559e-03
4.877180326730012894e-03
4.875914659351110458e-03
4.874628968536853790e-03
4.873333033174276352e-03
4.872019402682781219e-03
4.870700184255838394e-03
4.869360942393541336e-03
4.868009127676486969e-03
4.866640083491802216e-03
4.865261726081371307e-03
4.863862879574298859e-03
4.862458445131778717e-03
4.861027933657169342e-03
4.859589505940675735e-03
4.858134780079126358e-03
4.856666550040245056e-03
4.855181556195020676e-03
4.853679798543453217e-03
4.852165002375841141e-03
4.850638099014759064e-03
4.849088378250598907e-03
4.847529344260692596e-03
4.845958203077316284e-03
4.844363313168287277e-03
4.842761904001235962e-03
4.841139540076255798e-03
4.839503671973943710e-03
4.837853834033012390e-03
4.836191888898611069e-03
4.834515508264303207e-03
4.832837264984846115e-03
4.831140860915184021e-03
4.829455632716417313e-03
4.827763419598340988e-03
4.826094023883342743e-03
4.824471194297075272e-03
4.822920542210340500e-03
4.821517039090394974e-03
4.820360802114009857e-03
4.819642286747694016e-03
4.819701891392469406e-03
4.821124020963907242e-03
4.824913572520017624e-03
4.832981619983911514e-03
4.848462063819169998e-03
4.877436440438032150e-03
4.928869195282459259e-03
5.019927863031625748e-03
5.167379509657621384e-03
5.396296735852956772e-03
5.675167776644229889e-03
5.919640883803367615e-03
5.917572416365146637e-03
5.553583614528179169e-03
5.048811435699462891e-03
4.796457011252641678e-03
4.941835068166255951e-03
5.240612663328647614e-03
5.346483550965785980e-03
5.150795914232730865e-03
4.869421944022178650e-03
4.783188924193382263e-03
4.921280778944492340e-03
5.058669950813055038e-03
5.010401830077171326e-03
4.843741655349731445e-03
4.768210928887128830e-03
4.843645729124546051e-03
4.929681774228811264e-03
4.901007749140262604e-03
4.801012109965085983e-03
4.756727255880832672e-03
4.801697097718715668e-03
4.851575940847396851e-03
4.832423757761716843e-03
4.771795589476823807e-03
4.745195154100656509e-03
4.771432373672723770e-03
4.799922928214073181e-03
4.787401761859655380e-03
4.750421736389398575e-03
4.733241163194179535e-03
4.747421015053987503e-03
4.763826727867126465e-03
4.756558220833539963e-03
4.733857698738574982e-03
4.721344914287328720e-03
4.727569874376058578e-03
4.737154580652713776e-03
4.734002519398927689e-03
4.720254335552453995e-03
4.709839355200529099e-03
4.710192326456308365e-03
4.715112503618001938e-03
4.714629147201776505e-03
4.707030951976776123e-03
4.698888864368200302e-03
4.696032498031854630e-03
4.697189666330814362e-03
4.697010852396488190e-03
4.692897200584411621e-03
4.687215667217969894e-03
4.683599807322025299e-03
4.682686179876327515e-03
4.682091064751148224e-03
4.679447971284389496e-03
4.674956668168306351e-03
4.670679103583097458e-03
4.668075125664472580e-03
4.666663706302642822e-03
4.664944950491189957e-03
4.662030842155218124e-03
4.658410791307687759e-03
4.655170720070600510e-03
4.652829375118017197e-03
4.650967661291360855e-03
4.648820497095584869e-03
4.646028857678174973e-03
4.642908927053213120e-03
4.640009719878435135e-03
4.637660924345254898e-03
4.635816439986228943e-03
4.634682554751634598e-03
4.636013414710760117e-03
4.647540394216775894e-03
4.695134237408638000e-03
4.889297764748334885e-03
5.389078985899686813e-03
6.589242257177829742e-03
5.658012814819812775e-03
4.671277012676000595e-03
5.306932143867015839e-03
5.010868422687053680e-03
4.749028477817773819e-03
5.120338872075080872e-03
4.703850019723176956e-03
4.948811139911413193e-03
4.792632535099983215e-03
4.742757417261600494e-03
4.858586937189102173e-03
4.662061110138893127e-03
4.826365038752555847e-03
4.669960122555494308e-03
4.730890039354562759e-03
4.708759021013975143e-03
4.659083206206560135e-03
4.732040222734212875e-03
4.616468213498592377e-03
4.711860790848731995e-03
4.609625786542892456e-03
4.669714719057083130e-03
4.627343732863664627e-03
4.627933260053396225e-03
4.636128433048725128e-03
4.596218932420015335e-03
4.633157514035701752e-03
4.585481714457273483e-03
4.618520382791757584e-03
4.587490111589431763e-03
4.595273174345493317e-03
4.589131567627191544e-03
4.576439969241619110e-03
4.588433541357517242e-03
4.566635936498641968e-03
4.580861888825893402e-03
4.563123919069766998e-03
4.567276686429977417e-03
4.562395624816417694e-03
4.555585794150829315e-03
4.560676403343677521e-03
4.547962453216314316e-03
4.555078689008951187e-03
4.543613642454147339e-03
4.546378273516893387e-03
4.541533067822456360e-03
4.538306035101413727e-03
4.538984969258308411e-03
4.532477818429470062e-03
4.534254781901836395e-03
4.528376739472150803e-03
4.528088495135307312e-03
4.525328986346721649e-03
4.522230941802263260e-03
4.522092640399932861e-03
4.517680034041404724e-03
4.517769906669855118e-03
4.514195490628480911e-03
4.512947052717208862e-03
4.511137492954730988e-03
4.508583806455135345e-03
4.507958423346281052e-03
4.505016375333070755e-03
4.504399839788675308e-03
4.502106923609972000e-03
4.500734619796276093e-03
4.499392118304967880e-03
4.497452173382043839e-03
4.496548324823379517e-03
4.494615364819765091e-03
4.493578337132930756e-03
4.492078907787799835e-03
4.490633495151996613e-03
4.489573650062084198e-03
4.487948957830667496e-03
4.486958030611276627e-03
4.485484212636947632e-03
4.484292585402727127e-03
4.483082797378301620e-03
4.481701180338859558e-03
4.480636212974786758e-03
4.479249007999897003e-03
4.478157032281160355e-03
4.476934671401977539e-03
4.475736990571022034e-03
4.474657587707042694e-03
4.473430570214986801e-03
4.472383297979831696e-03
4.471224732697010040e-03
4.470122046768665314e-03
4.469058942049741745e-03
4.467931576073169708e-03
4.466902930289506912e-03
4.465797916054725647e-03
4.464744124561548233e-03
4.463701974600553513e-03
4.462622571736574173e-03
4.461605567485094070e-03
4.460546188056468964e-03
4.459524992853403091e-03
4.458504263311624527e-03
4.457469563931226730e-03
4.456475377082824707e-03
4.455460235476493835e-03
4.454460926353931427e-03
4.453463945537805557e-03
4.452462773770093918e-03
4.451493266969919205e-03
4.450511652976274490e-03
4.449543543159961700e-03
4.448586143553256989e-03
4.447622690349817276e-03
4.446678794920444489e-03
4.445726051926612854e-03
4.444788210093975067e-03
4.443855024874210358e-03
4.442916717380285263e-03
4.441991914063692093e-03
4.441071301698684692e-03
4.440157208591699600e-03
4.439247306436300278e-03
4.438350908458232880e-03
4.437444731593132019e-03
4.436546005308628082e-03
4.435657057911157608e-03
4.434777423739433289e-03
4.433893598616123199e-03
4.433033987879753113e-03
4.432154353708028793e-03
4.431286361068487167e-03
4.430435597896575928e-03
4.429584834724664688e-03
4.428727086633443832e-03
4.427882377058267593e-03
4.427046980708837509e-03
4.426213912665843964e-03
4.425389226526021957e-03
4.424561746418476105e-03
4.423742182552814484e-03
4.422926343977451324e-03
4.422123078256845474e-03
4.421316552907228470e-03
4.420519806444644928e-03
4.419732838869094849e-03
4.418957978487014771e-03
4.418198019266128540e-03
4.417462740093469620e-03
4.416753072291612625e-03
4.416097421199083328e-03
4.415522329509258270e-03
4.415065515786409378e-03
4.414830822497606277e-03
4.414946772158145905e-03
4.415666684508323669e-03
4.417456220835447311e-03
4.421009682118892670e-03
4.427834879606962204e-03
4.439896438270807266e-03
4.461800213903188705e-03
4.498258698731660843e-03
4.562091547995805740e-03
4.656980279833078384e-03
4.803595598787069321e-03
4.958006553351879120e-03
5.092494189739227295e-03
5.058117210865020752e-03
4.840721376240253448e-03
4.553095903247594833e-03
4.412066657096147537e-03
4.491531290113925934e-03
4.660056903958320618e-03
4.737938754260540009e-03
4.652175586670637131e-03
4.494244232773780823e-03
4.403693135827779770e-03
4.439313896000385284e-03
4.529874771833419800e-03
4.562167450785636902e-03
4.501960240304470062e-03
4.419649485498666763e-03
4.400486126542091370e-03
4.445848055183887482e-03
4.486457444727420807e-03
4.472826607525348663e-03
4.423800855875015259e-03
4.393780604004859924e-03
4.407047759741544724e-03
4.436411429196596146e-03
4.443712998181581497e-03
4.421112127602100372e-03
4.395138006657361984e-03
4.391021560877561569e-03
4.406076855957508087e-03
4.418557975441217422e-03
4.413492977619171143e-03
4.397689830511808395e-03
4.387070424854755402e-03
4.388567525893449783e-03
4.396017640829086304e-03
4.399880301207304001e-03
4.397336859256029129e-03
4.395103082060813904e-03
4.385699983686208725e-03
4.386212676763534546e-03
4.396761767566204071e-03
4.394483286887407303e-03
4.389586858451366425e-03
4.388963803648948669e-03
4.382392391562461853e-03
4.380524624139070511e-03
4.386399406939744949e-03
4.384629428386688232e-03
4.382577724754810333e-03
4.381951410323381424e-03
4.377138335257768631e-03
4.376858472824096680e-03
4.379061516374349594e-03
4.377966281026601791e-03
4.376779776066541672e-03
4.376082215458154678e-03
4.373639356344938278e-03
4.372749477624893188e-03
4.373882431536912918e-03
4.373448435217142105e-03
4.372444469481706619e-03
4.371895920485258102e-03
4.370750393718481064e-03
4.369533155113458633e-03
4.369483795017004013e-03
4.369486123323440552e-03
4.368890076875686646e-03
4.368285648524761200e-03
4.367718473076820374e-03
4.366827663034200668e-03
4.366224166005849838e-03
4.366085398942232132e-03
4.365680739283561707e-03
4.365241620689630508e-03
4.364811815321445465e-03
4.364189226180315018e-03
4.363556392490863800e-03
4.363180138170719147e-03
4.362765233963727951e-03
4.362374544143676758e-03
4.362072329968214035e-03
4.361588973551988602e-03
4.361103754490613937e-03
4.360662307590246201e-03
4.360197111964225769e-03
4.359808750450611115e-03
4.359479062259197235e-03
4.359086044132709503e-03
4.358713980764150620e-03
4.358341917395591736e-03
4.357897676527500153e-03
4.357495810836553574e-03
4.357129335403442383e-03
4.356742836534976959e-03
4.356396384537220001e-03
4.356050398200750351e-03
4.355677403509616852e-03
4.355322569608688354e-03
4.354946780949831009e-03
4.354581702500581741e-03
4.354225471615791321e-03
4.353872966021299362e-03
4.353534430265426636e-03
4.353197291493415833e-03
4.352866671979427338e-03
4.352529998868703842e-03
4.352192860096693039e-03
4.351856652647256851e-03
4.351521842181682587e-03
4.351185634732246399e-03
4.350860137492418289e-03
4.350543487817049026e-03
4.350218921899795532e-03
4.349912516772747040e-03
4.349594935774803162e-03
4.349282011389732361e-03
4.348969087004661560e-03
4.348657093942165375e-03
4.348346497863531113e-03
4.348039161413908005e-03
4.347731824964284897e-03
4.347431007772684097e-03
4.347120877355337143e-03
4.346831236034631729e-03
4.346530418843030930e-03
4.346237517893314362e-03
4.345946013927459717e-03
4.345654044300317764e-03
4.345363471657037735e-03
4.345075227320194244e-03
4.344782326370477676e-03
4.344498738646507263e-03
4.344208166003227234e-03
4.343918059021234512e-03
4.343637265264987946e-03
4.343355540186166763e-03
4.343073815107345581e-03
4.342796280980110168e-03
4.342513158917427063e-03
4.342237487435340881e-03
4.341964144259691238e-03
4.341686610132455826e-03
4.341422580182552338e-03
4.341152496635913849e-03
4.340878687798976898e-03
4.340609069913625717e-03
4.340340383350849152e-03
4.340071231126785278e-03
4.339810460805892944e-03
4.339535254985094070e-03
4.339281003922224045e-03
4.339009523391723633e-03
4.338751547038555145e-03
4.338492639362812042e-03
4.338235128670930862e-03
4.337979014962911606e-03
4.337728489190340042e-03
4.337478894740343094e-03
4.337233956903219223e-03
4.336993210017681122e-03
4.336768295615911484e-03
4.336546640843153000e-03
4.336347803473472595e-03
4.336160607635974884e-03
4.336011130362749100e-03
4.335896577686071396e-03
4.335842095315456390e-03
4.335875622928142548e-03
4.336045123636722565e-03
4.336416721343994141e-03
4.337066318839788437e-03
4.338159691542387009e-03
4.339907318353652954e-03
4.342655185610055923e-03
4.346921574324369431e-03
4.353494383394718170e-03
4.363493062555789948e-03
4.379455931484699249e-03
4.506995435804128647e-03
5.064203403890132904e-03
4.852908197790384293e-03
4.858923144638538361e-03
4.816355183720588684e-03
4.937687423080205917e-03
4.941770341247320175e-03
4.891709890216588974e-03
4.958609584718942642e-03
4.896431695669889450e-03
4.825012292712926865e-03
4.777613561600446701e-03
4.736405797302722931e-03
4.793088417500257492e-03
4.811687394976615906e-03
4.849331919103860855e-03
4.814418032765388489e-03
4.732151515781879425e-03
4.695570096373558044e-03
4.654204472899436951e-03
4.690681584179401398e-03
4.709327593445777893e-03
4.730438347905874252e-03
4.706708714365959167e-03
4.666621331125497818e-03
4.650229588150978088e-03
4.633494652807712555e-03
4.644690547138452530e-03
4.657736048102378845e-03
4.671964328736066818e-03
4.682971630245447159e-03
4.679830744862556458e-03
4.683913197368383408e-03
4.667687695473432541e-03
4.654292482882738113e-03
4.631927702575922012e-03
4.606115631759166718e-03
4.586660303175449371e-03
4.572367761284112930e-03
4.573193844407796860e-03
4.574509337544441223e-03
4.578995052725076675e-03
4.577117040753364563e-03
4.567254334688186646e-03
4.556232597678899765e-03
4.543804097920656204e-03
4.536970518529415131e-03
4.532577004283666611e-03
4.531600978225469589e-03
4.532111808657646179e-03
4.530566744506359100e-03
4.530897364020347595e-03
4.530236124992370605e-03
4.532002843916416168e-03
4.537415690720081329e-03
4.548306576907634735e-03
4.572180565446615219e-03
4.611860029399394989e-03
4.687944427132606506e-03
4.790737759321928024e-03
4.925563465803861618e-03
4.992703907191753387e-03
4.912641365081071854e-03
4.704156424850225449e-03
4.507560282945632935e-03
4.494198597967624664e-03
4.618808161467313766e-03
4.704982507973909378e-03
4.654461052268743515e-03
4.521788097918033600e-03
4.447532352060079575e-03
4.479765892028808594e-03
4.560334142297506332e-03
4.611160606145858765e-03
4.600180312991142273e-03
4.534066654741764069e-03
4.463222343474626541e-03
4.424109589308500290e-03
4.429828841239213943e-03
4.461814649403095245e-03
4.486739635467529297e-03
4.482768476009368896e-03
4.451012238860130310e-03
4.417284391820430756e-03
4.403923172503709793e-03
4.413540940731763840e-03
4.429926164448261261e-03
4.434196744114160538e-03
4.421962425112724304e-03
4.402835387736558914e-03
4.390371497720479965e-03
4.389854613691568375e-03
4.397076088935136795e-03
4.403808154165744781e-03
4.404004663228988647e-03
4.397571552544832230e-03
4.387842956930398941e-03
4.379360936582088470e-03
4.374841228127479553e-03
4.374598152935504913e-03
4.376801662147045135e-03
4.379031714051961899e-03
4.379630554467439651e-03
4.377744160592556000e-03
4.374038428068161011e-03
4.369416274130344391e-03
4.365112166851758957e-03
4.361864645034074783e-03
4.359978251159191132e-03
4.359231330454349518e-03
4.359177779406309128e-03
4.359318409115076065e-03
4.359205719083547592e-03
4.358665086328983307e-03
4.357576835900545120e-03
4.356089979410171509e-03
4.354229662567377090e-03
4.352209623903036118e-03
4.350105766206979752e-03
4.348099697381258011e-03
4.346285015344619751e-03
4.344745539128780365e-03
4.343483597040176392e-03
4.342503380030393600e-03
4.341754131019115448e-03
4.341153893619775772e-03
4.340649582445621490e-03
4.340156447142362595e-03
4.339647479355335236e-03
4.339089617133140564e-03
4.338469821959733963e-03
4.337783437222242355e-03
4.337065387517213821e-03
4.336316604167222977e-03
4.335557110607624054e-03
4.334804136306047440e-03
4.334073513746261597e-03
4.333375021815299988e-03
4.332698881626129150e-03
4.332059994339942932e-03
4.331452306360006332e-03
4.330887459218502045e-03
4.330336116254329681e-03
4.329818300902843475e-03
4.329318180680274963e-03
4.328847862780094147e-03
4.328384064137935638e-03
4.327938891947269440e-03
4.327503964304924011e-03
4.327091388404369354e-03
4.326686263084411621e-03
4.326308146119117737e-03
4.325952380895614624e-03
4.325638059526681900e-03
4.325379151850938797e-03
4.325175657868385315e-03
4.325065761804580688e-03
4.325079731643199921e-03
4.325227811932563782e-03
4.325614776462316513e-03
4.326256923377513885e-03
4.327320959419012070e-03
4.328846000134944916e-03
4.331112839281558990e-03
4.334182944148778915e-03
4.338575061410665512e-03
4.344239365309476852e-03
4.352014046162366867e-03
4.361268132925033569e-03
4.373111296445131302e-03
4.385247360914945602e-03
4.398236982524394989e-03
4.406872205436229706e-03
4.410440102219581604e-03
4.403455648571252823e-03
4.387245513498783112e-03
4.363724961876869202e-03
4.339878447353839874e-03
4.322548862546682358e-03
4.315884318202733994e-03
4.319336730986833572e-03
4.328618291765451431e-03
4.338284954428672791e-03
4.344009328633546829e-03
4.344196058809757233e-03
4.339207895100116730e-03
4.331424366682767868e-03
4.323149099946022034e-03
4.316553007811307907e-03
4.312677774578332901e-03
4.311635158956050873e-03
4.312801640480756760e-03
4.315262194722890854e-03
4.318139515817165375e-03
4.320689477026462555e-03
4.322555847465991974e-03
4.323389846831560135e-03
4.323325585573911667e-03
4.322331398725509644e-03
4.320786334574222565e-03
4.318802151829004288e-03
4.316731821745634079e-03
4.314625635743141174e-03
4.312691278755664825e-03
4.310949705541133881e-03
4.309481941163539886e-03
4.308262839913368225e-03
4.307277966290712357e-03
4.306488204747438431e-03
4.305860958993434906e-03
4.305359907448291779e-03
4.304946865886449814e-03
4.304603673517704010e-03
4.304305650293827057e-03
4.304052330553531647e-03
4.303816705942153931e-03
4.303619731217622757e-03
4.303450696170330048e-03
4.303324501961469650e-03
4.303270485252141953e-03
4.303312860429286957e-03
4.303481895476579666e-03
4.303884692490100861e-03
4.304629750549793243e-03
4.305918235331773758e-03
4.308018833398818970e-03
4.311473108828067780e-03
4.316916223615407944e-03
4.325792659074068069e-03
4.339420236647129059e-03
4.361123777925968170e-03
4.392468370497226715e-03
4.438722971826791763e-03
4.495410714298486710e-03
4.560081288218498230e-03
4.607109818607568741e-03
4.610899370163679123e-03
4.556285217404365540e-03
4.452633671462535858e-03
4.353452473878860474e-03
4.303264897316694260e-03
4.315943457186222076e-03
4.366705659776926041e-03
4.413540940731763840e-03
4.427264444530010223e-03
4.401344805955886841e-03
4.354892298579216003e-03
4.313842859119176865e-03
4.296426661312580109e-03
4.304611589759588242e-03
4.327640868723392487e-03
4.350642673671245575e-03
4.362434148788452148e-03
4.357740748673677444e-03
4.340049345046281815e-03
4.317471291869878769e-03
4.299873486161231995e-03
4.293436184525489807e-03
4.298012703657150269e-03
4.308200441300868988e-03
4.316987935453653336e-03
4.319617059081792831e-03
4.315224941819906235e-03
4.306589253246784210e-03
4.297780338674783707e-03
4.292209167033433914e-03
4.291089251637458801e-03
4.293578211218118668e-03
4.297622945159673691e-03
4.301076754927635193e-03
4.302540328353643417e-03
4.301597364246845245e-03
4.298827610909938812e-03
4.295181483030319214e-03
4.291763994842767715e-03
4.289350938051939011e-03
4.288299474865198135e-03
4.288478754460811615e-03
4.289436619728803635e-03
4.290611948817968369e-03
4.291516263037919998e-03
4.291884135454893112e-03
4.291621968150138855e-03
4.290838725864887238e-03
4.289708565920591354e-03
4.288465715944766998e-03
4.287288524210453033e-03
4.286318086087703705e-03
4.285620059818029404e-03
4.285175353288650513e-03
4.284945782274007797e-03
4.284874536097049713e-03
4.284899681806564331e-03
4.284964408725500107e-03
4.285012837499380112e-03
4.285024013370275497e-03
4.284980241209268570e-03
4.284883383661508560e-03
4.284736234694719315e-03
4.284545313566923141e-03
4.284343216568231583e-03
4.284124355763196945e-03
4.283914808183908463e-03
4.283709451556205750e-03
4.283528309315443039e-03
4.283377435058355331e-03
4.283272661268711090e-03
4.283228423446416855e-03
4.283249843865633011e-03
4.283359739929437637e-03
4.283594433218240738e-03
4.283985588699579239e-03
4.284585826098918915e-03
4.285431932657957077e-03
4.286651033908128738e-03
4.288333002477884293e-03
4.290708340704441071e-03
4.293913021683692932e-03
4.298372659832239151e-03
4.304282367229461670e-03
4.312314093112945557e-03
4.322548396885395050e-03
4.335800651460886002e-03
4.351472482085227966e-03
4.369752947241067886e-03
4.388112109154462814e-03
4.404429346323013306e-03
4.414035007357597351e-03
4.412893205881118774e-03
4.399081692099571228e-03
4.373067058622837067e-03
4.341024439781904221e-03
4.310031421482563019e-03
4.287410993129014969e-03
4.276790656149387360e-03
4.277840722352266312e-03
4.287069663405418396e-03
4.299697000533342361e-03
4.311550874263048172e-03
4.319579806178808212e-03
4.322517663240432739e-03
4.320397973060607910e-03
4.314096178859472275e-03
4.305218812078237534e-03
4.295414779335260391e-03
4.286329261958599091e-03
4.279189743101596832e-03
4.274661187082529068e-03
4.272812511771917343e-03
4.273215308785438538e-03
4.275144077837467194e-03
4.277832806110382080e-03
4.280598368495702744e-03
4.282985348254442215e-03
4.284725058823823929e-03
4.285713192075490952e-03
4.286008886992931366e-03
4.285695496946573257e-03
4.284934606403112411e-03
4.283810500055551529e-03
4.282475914806127548e-03
4.280999768525362015e-03
4.279486835002899170e-03
4.277989268302917480e-03
4.276555497199296951e-03
4.275212064385414124e-03
4.274013452231884003e-03
4.272946622222661972e-03
4.272029269486665726e-03
4.271247889846563339e-03
4.270589444786310196e-03
4.270047415047883987e-03
4.269590601325035095e-03
4.269219934940338135e-03
4.268924705684185028e-03
4.268693272024393082e-03
4.268513992428779602e-03
4.268404562026262283e-03
4.268371034413576126e-03
4.268414806574583054e-03
4.268583841621875763e-03
4.268909338861703873e-03
4.269466269761323929e-03
4.270358476787805557e-03
4.271714482456445694e-03
4.273773636668920517e-03
4.276871215552091599e-03
4.281494300812482834e-03
4.288408439606428146e-03
4.298643209040164948e-03
4.313792567700147629e-03
4.335655365139245987e-03
4.366800654679536819e-03
4.409055225551128387e-03
4.462913610041141510e-03
4.525180440396070480e-03
4.582739900797605515e-03
4.621887113898992538e-03
4.614362027496099472e-03
4.559437744319438934e-03
4.461348056793212891e-03
4.358619917184114456e-03
4.285969771444797516e-03
4.264433402568101883e-03
4.288916010409593582e-03
4.335836507380008698e-03
4.378136713057756424e-03
4.394593648612499237e-03
4.380250815302133560e-03
4.342974163591861725e-03
4.300762899219989777e-03
4.270758945494890213e-03
4.262051545083522797e-03
4.272444173693656921e-03
4.291780292987823486e-03
4.308193922042846680e-03
4.313336219638586044e-03
4.305819049477577209e-03
4.289915785193443298e-03
4.273394122719764709e-03
4.262722562998533249e-03
4.260689951479434967e-03
4.265755880624055862e-03
4.273719619959592819e-03
4.280192311853170395e-03
4.282340873032808304e-03
4.279747139662504196e-03
4.273837432265281677e-03
4.267066251486539841e-03
4.261689726263284683e-03
4.259063396602869034e-03
4.259269218891859055e-03
4.261414054781198502e-03
4.264171235263347626e-03
4.266290925443172455e-03
4.267046693712472916e-03
4.266277886927127838e-03
4.264371003955602646e-03
4.261969123035669327e-03
4.259714391082525253e-03
4.258077125996351242e-03
4.257254768162965775e-03
4.257191903889179230e-03
4.257663618773221970e-03
4.258379340171813965e-03
4.259051755070686340e-03
4.259494598954916000e-03
4.259597044438123703e-03
4.259354900568723679e-03
4.258845001459121704e-03
4.258157219737768173e-03
4.257411230355501175e-03
4.256695508956909180e-03
4.256071522831916809e-03
4.255588632076978683e-03
4.255239386111497879e-03
4.255012609064579010e-03
4.254882689565420151e-03
4.254826344549655914e-03
4.254805855453014374e-03
4.254806786775588989e-03
4.254809115082025528e-03
4.254810046404600143e-03
4.254807252436876297e-03
4.254781641066074371e-03
4.254758823662996292e-03
4.254738800227642059e-03
4.254729487001895905e-03
4.254738800227642059e-03
4.254774190485477448e-03
4.254833329468965530e-03
4.254949279129505157e-03
4.255133680999279022e-03
4.255396779626607895e-03
4.255792591720819473e-03
4.256357438862323761e-03
4.257146269083023071e-03
4.258265718817710876e-03
4.259834997355937958e-03
4.262028262019157410e-03
4.265071358531713486e-03
4.269323777407407761e-03
4.275209736078977585e-03
4.283419810235500336e-03
4.294550977647304535e-03
4.309789277613162994e-03
4.329574760049581528e-03
4.355294164270162582e-03
4.385386593639850616e-03
4.420042037963867188e-03
4.451314453035593033e-03
4.476671107113361359e-03
4.481192212551832199e-03
4.465273115783929825e-03
4.422935657203197479e-03
4.368174821138381958e-03
4.313243087381124496e-03
4.273302387446165085e-03
4.255079664289951324e-03
4.257418215274810791e-03
4.273595288395881653e-03
4.294346086680889130e-03
4.312356468290090561e-03
4.321754444390535355e-03
4.320626147091388702e-03
4.309356678277254105e-03
4.291643388569355011e-03
4.272507503628730774e-03
4.257310647517442703e-03
4.249386955052614212e-03
4.249256104230880737e-03
4.254790488630533218e-03
4.262511152774095535e-03
4.269125871360301971e-03
4.272493068128824234e-03
4.272132180631160736e-03
4.268654622137546539e-03
4.263487178832292557e-03
4.257994238287210464e-03
4.253271035850048065e-03
4.249864257872104645e-03
4.248000681400299072e-03
4.247540142387151718e-03
4.248211625963449478e-03
4.249602090567350388e-03
4.251286387443542480e-03
4.252833314239978790e-03
4.253903403878211975e-03
4.254325293004512787e-03
4.254022613167762756e-03
4.253139253705739975e-03
4.251833539456129074e-03
4.250369966030120850e-03
4.248935729265213013e-03
4.247674718499183655e-03
4.246654454618692398e-03
4.245897289365530014e-03
4.245364107191562653e-03
4.245022311806678772e-03
4.244827199727296829e-03
4.244749434292316437e-03
4.244756419211626053e-03
4.244829062372446060e-03
4.244958050549030304e-03
4.245116375386714935e-03
4.245300311595201492e-03
4.245519638061523438e-03
4.245758056640625000e-03
4.246053285896778107e-03
4.246387165039777756e-03
4.246820230036973953e-03
4.247379954904317856e-03
4.248113837093114853e-03
4.249100573360919952e-03
4.250425845384597778e-03
4.252234008163213730e-03
4.254682920873165131e-03
4.258039873093366623e-03
4.262548871338367462e-03
4.268768709152936935e-03
4.277038387954235077e-03
4.288346506655216217e-03
4.302916117012500763e-03
4.322152119129896164e-03
4.345138091593980789e-03
4.373160190880298615e-03
4.401405341923236847e-03
4.429528489708900452e-03
4.446659237146377563e-03
4.452147986739873886e-03
4.436193034052848816e-03
4.404983483254909515e-03
4.362227395176887512e-03
4.320339299738407135e-03
4.287099931389093399e-03
4.267044365406036377e-03
4.259519279003143311e-03
4.259808920323848724e-03
4.265235736966133118e-03
4.271885380148887634e-03
4.279335960745811462e-03
4.286253359168767929e-03
4.291366785764694214e-03
4.292638041079044342e-03
4.288709256798028946e-03
4.279676824808120728e-03
4.267123993486166000e-03
4.254467319697141647e-03
4.244652576744556427e-03
4.239776171743869781e-03
4.239953588694334030e-03
4.243702162057161331e-03
4.248762503266334534e-03
4.253025166690349579e-03
4.255335312336683273e-03
4.255467094480991364e-03
4.254036117345094681e-03
4.251911304891109467e-03
4.249801393598318100e-03
4.248035605996847153e-03
4.246533848345279694e-03
4.245124757289886475e-03
4.243541508913040161e-03
4.241873510181903839e-03
4.240172915160655975e-03
4.238760564476251602e-03
4.237798973917961121e-03
4.237408284097909927e-03
4.237534478306770325e-03
4.238043446093797684e-03
4.238735418766736984e-03
4.239419940859079361e-03
4.240013193339109421e-03
4.240411333739757538e-03
4.240678157657384872e-03
4.240823909640312195e-03
4.240957088768482208e-03
4.241129383444786072e-03
4.241405520588159561e-03
4.241808783262968063e-03
4.242369905114173889e-03
4.243103787302970886e-03
4.244014155119657516e-03
4.245154559612274170e-03
4.246563650667667389e-03
4.248323384672403336e-03
4.250535741448402405e-03
4.253357648849487305e-03
4.256984684616327286e-03
4.261640366166830063e-03
4.267595242708921432e-03
4.275123123079538345e-03
4.284647759050130844e-03
4.296317230910062790e-03
4.310538992285728455e-03
4.326796624809503555e-03
4.345111083239316940e-03
4.363159649074077606e-03
4.380211234092712402e-03
4.391590598970651627e-03
4.396487027406692505e-03
4.390169400721788406e-03
4.374442622065544128e-03
4.349164199084043503e-03
4.319976549595594406e-03
4.290978424251079559e-03
4.267349373549222946e-03
4.251433536410331726e-03
4.243662580847740173e-03
4.242927767336368561e-03
4.246462602168321609e-03
4.252517130225896835e-03
4.258592613041400909e-03
4.263908602297306061e-03
4.267433658242225647e-03
4.269062541425228119e-03
4.268633201718330383e-03
4.266430623829364777e-03
4.262676928192377090e-03
4.257984925061464310e-03
4.252820741385221481e-03
4.247630015015602112e-03
4.242917057126760483e-03
4.238820634782314301e-03
4.235752392560243607e-03
4.233706742525100708e-03
4.232776816934347153e-03
4.232832230627536774e-03
4.233702085912227631e-03
4.235110711306333542e-03
4.236777313053607941e-03
4.238432273268699646e-03
4.239882342517375946e-03
4.240975715219974518e-03
4.241668153554201126e-03
4.241955932229757309e-03
4.241879563778638840e-03
4.241524729877710342e-03
4.240974783897399902e-03
4.240322392433881760e-03
4.239660687744617462e-03
4.239060450345277786e-03
4.238583613187074661e-03
4.238260909914970398e-03
4.238158464431762695e-03
4.238300491124391556e-03
4.238729830831289291e-03
4.239483270794153214e-03
4.240626469254493713e-03
4.242208786308765411e-03
4.244364798069000244e-03
4.247118718922138214e-03
4.250741563737392426e-03
4.255210515111684799e-03
4.260977730154991150e-03
4.267805721610784531e-03
4.276372026652097702e-03
4.285919945687055588e-03
4.297254141420125961e-03
4.308525007218122482e-03
4.320485051721334457e-03
4.329932853579521179e-03
4.337622784078121185e-03
4.340152256190776825e-03
4.339155275374650955e-03
4.333418793976306915e-03
4.325984977185726166e-03
4.317849408835172653e-03
4.311602562665939331e-03
4.307228606194257736e-03
4.303910303860902786e-03
4.300284199416637421e-03
4.291978664696216583e-03
4.280316643416881561e-03
4.263230133801698685e-03
4.246475640684366226e-03
4.232931882143020630e-03
4.226257558912038803e-03
4.226678982377052307e-03
4.231980070471763611e-03
4.238906316459178925e-03
4.244036506861448288e-03
4.246282856911420822e-03
4.244816955178976059e-03
4.241670947521924973e-03
4.238486755639314651e-03
4.237063229084014893e-03
4.238008987158536911e-03
4.240798763930797577e-03
4.244261886924505234e-03
4.246952477842569351e-03
4.248387180268764496e-03
4.248069599270820618e-03
4.246894735842943192e-03
4.245327319949865341e-03
4.244289360940456390e-03
4.244043026119470596e-03
4.244645126163959503e-03
4.245693329721689224e-03
4.246795084327459335e-03
4.247497301548719406e-03
4.247661679983139038e-03
4.247288219630718231e-03
4.246646538376808167e-03
4.246016964316368103e-03
4.245805554091930389e-03
4.246176220476627350e-03
4.247290082275867462e-03
4.249052610248327255e-03
4.251446109265089035e-03
4.254268947988748550e-03
4.257532767951488495e-03
4.261042922735214233e-03
4.264934919774532318e-03
4.269018303602933884e-03
4.273545462638139725e-03
4.278207663446664810e-03
4.283233545720577240e-03
4.288073163479566574e-03
4.292930010706186295e-03
4.296971950680017471e-03
4.300387576222419739e-03
4.302136600017547607e-03
4.302380140870809555e-03
4.300117958337068558e-03
4.295820835977792740e-03
4.289004486054182053e-03
4.280592780560255051e-03
4.270804580301046371e-03
4.260783549398183823e-03
4.251040983945131302e-03
4.242402967065572739e-03
4.235153552144765854e-03
4.229542799293994904e-03
4.225483629852533340e-03
4.222829360514879227e-03
4.221280105412006378e-03
4.220579750835895538e-03
4.220465663820505142e-03
4.220757167786359787e-03
4.221315030008554459e-03
4.222081974148750305e-03
4.223037976771593094e-03
4.224210046231746674e-03
4.225621931254863739e-03
4.227359313517808914e-03
4.229492507874965668e-03
4.232114180922508240e-03
4.235340282320976257e-03
4.239271394908428192e-03
4.244102165102958679e-03
4.249881487339735031e-03
4.256896208971738815e-03
4.264966119080781937e-03
4.274374805390834808e-03
4.284481052309274673e-03
4.295483697205781937e-03
4.305900074541568756e-03
4.315826576203107834e-03
4.323109984397888184e-03
4.328099079430103302e-03
4.328913055360317230e-03
4.326687194406986237e-03
4.320514854043722153e-03
4.312118515372276306e-03
4.301243461668491364e-03
4.289306700229644775e-03
4.276280291378498077e-03
4.262839909642934799e-03
4.249753430485725403e-03
4.237532615661621094e-03
4.227634519338607788e-03
4.220670089125633240e-03
4.217348061501979828e-03
4.217475187033414841e-03
4.220440052449703217e-03
4.225182346999645233e-03
4.230557475239038467e-03
4.235568922013044357e-03
4.239554051309823990e-03
4.242159891873598099e-03
4.243415314704179764e-03
4.243575036525726318e-03
4.243149422109127045e-03
4.242512863129377365e-03
4.242032766342163086e-03
4.241811577230691910e-03
4.241865593940019608e-03
4.241927526891231537e-03
4.241936374455690384e-03
4.241371992975473404e-03
4.240384791046380997e-03
4.238494206219911575e-03
4.236128181219100952e-03
4.233041312545537949e-03
4.229807760566473007e-03
4.226458258926868439e-03
4.223459865897893906e-03
4.220930393785238266e-03
4.219011403620243073e-03
4.217696841806173325e-03
4.216905217617750168e-03
4.216477274894714355e-03
4.216276109218597412e-03
4.216157831251621246e-03
4.216032102704048157e-03
4.215867724269628525e-03
4.215619061142206192e-03
4.215329419821500778e-03
4.215022549033164978e-03
4.214752465486526489e-03
4.214567132294178009e-03
4.214537329971790314e-03
4.214743617922067642e-03
4.215305671095848083e-03
4.216331522911787033e-03
4.218008834868669510e-03
4.220598842948675156e-03
4.224527161568403244e-03
4.230342805385589600e-03
4.238908179104328156e-03
4.251395352184772491e-03
4.269266966730356216e-03
4.294432699680328369e-03
4.328112117946147919e-03
4.372032359242439270e-03
4.422638565301895142e-03
4.478712566196918488e-03
4.526071716099977493e-03
4.560754634439945221e-03
4.566357005387544632e-03
4.546368028968572617e-03
4.496790003031492233e-03
4.433088470250368118e-03
4.363590385764837265e-03
4.299322143197059631e-03
4.256071057170629501e-03
4.239638336002826691e-03
4.256046842783689499e-03
4.295398015528917313e-03
4.336556885391473770e-03
4.355964716523885727e-03
4.341494292020797729e-03
4.297605250030755997e-03
4.247754812240600586e-03
4.214826505631208420e-03
4.209793638437986374e-03
4.227114841341972351e-03
4.251065198332071304e-03
4.266066476702690125e-03
4.264575894922018051e-03
4.250267054885625839e-03
4.232333973050117493e-03
4.219524096697568893e-03
4.214748274534940720e-03
4.216007422655820847e-03
4.219079855829477310e-03
4.221490584313869476e-03
4.222515039145946503e-03
4.222714807838201523e-03
4.222457297146320343e-03
4.221276845782995224e-03
4.218720830976963043e-03
4.214644432067871094e-03
4.210455808788537979e-03
4.207549151033163071e-03
4.207049030810594559e-03
4.208768717944622040e-03
4.211472813040018082e-03
4.213634412735700607e-03
4.214096348732709885e-03
4.212821368128061295e-03
4.210328683257102966e-03
4.207726567983627319e-03
4.205837380141019821e-03
4.205011297017335892e-03
4.205104894936084747e-03
4.205663222819566727e-03
4.206230863928794861e-03
4.206535872071981430e-03
4.206570796668529510e-03
4.206396639347076416e-03
4.206173121929168701e-03
4.205928649753332138e-03
4.205647855997085571e-03
4.205267410725355148e-03
4.204775672405958176e-03
4.204215016216039658e-03
4.203666932880878448e-03
4.203220829367637634e-03
4.202954936772584915e-03
4.202854353934526443e-03
4.202879965305328369e-03
4.202966578304767609e-03
4.203049466013908386e-03
4.203075077384710312e-03
4.203058779239654541e-03
4.202989395707845688e-03
4.202930256724357605e-03
4.202880896627902985e-03
4.202863667160272598e-03
4.202890209853649139e-03
4.202951211482286453e-03
4.203035030514001846e-03
4.203139338642358780e-03
4.203261341899633408e-03
4.203428979963064194e-03
4.203670658171176910e-03
4.204022698104381561e-03
4.204517230391502380e-03
4.205232951790094376e-03
4.206220153719186783e-03
4.207584075629711151e-03
4.209438804537057877e-03
4.211956635117530823e-03
4.215338267385959625e-03
4.219893366098403931e-03
4.225908312946557999e-03
4.233775660395622253e-03
4.243762232363224030e-03
4.256018903106451035e-03
4.270458593964576721e-03
4.285884089767932892e-03
4.301490727812051773e-03
4.313942976295948029e-03
4.322615917772054672e-03
4.324017092585563660e-03
4.319739062339067459e-03
4.309298470616340637e-03
4.296180326491594315e-03
4.281023517251014709e-03
4.266016185283660889e-03
4.250587429851293564e-03
4.235392436385154724e-03
4.221110139042139053e-03
4.209192469716072083e-03
4.201524425297975540e-03
4.199008457362651825e-03
4.201415926218032837e-03
4.207357298582792282e-03
4.214905202388763428e-03
4.222323186695575714e-03
4.228564910590648651e-03
4.233359359204769135e-03
4.237108863890171051e-03
4.240386653691530228e-03
4.243555944412946701e-03
4.246456082910299301e-03
4.248443990945816040e-03
4.248290322721004486e-03
4.245404619723558426e-03
4.239017143845558167e-03
4.230308346450328827e-03
4.220332950353622437e-03
4.211172461509704590e-03
4.204173106700181961e-03
4.200014285743236542e-03
4.198434762656688690e-03
4.198605194687843323e-03
4.199597984552383423e-03
4.200652707368135452e-03
4.201581701636314392e-03
4.202375654131174088e-03
4.203372634947299957e-03
4.204805940389633179e-03
4.206808283925056458e-03
4.209397360682487488e-03
4.212431609630584717e-03
4.215781576931476593e-03
4.219329915940761566e-03
4.222986288368701935e-03
4.226817283779382706e-03
4.230775404721498489e-03
4.234975203871726990e-03
4.239375703036785126e-03
4.244011361151933670e-03
4.248541779816150665e-03
4.252811428159475327e-03
4.256110172718763351e-03
4.258346743881702423e-03
4.258738830685615540e-03
4.257586318999528885e-03
4.254446364939212799e-03
4.250084515661001205e-03
4.244492854923009872e-03
4.238588269799947739e-03
4.232347477227449417e-03
4.226323682814836502e-03
4.220366943627595901e-03
4.214729648083448410e-03
4.209371283650398254e-03
4.204551223665475845e-03
4.200394265353679657e-03
4.197101574391126633e-03
4.194732289761304855e-03
4.193264059722423553e-03
4.192556254565715790e-03
4.192408174276351929e-03
4.192583728581666946e-03
4.192902706563472748e-03
4.193161148577928543e-03
4.193288274109363556e-03
4.193217959254980087e-03
4.192983265966176987e-03
4.192591179162263870e-03
4.192141816020011902e-03
4.191697109490633011e-03
4.191331099718809128e-03
4.191115964204072952e-03
4.191111307591199875e-03
4.191366955637931824e-03
4.191970918327569962e-03
4.193046595901250839e-03
4.194788634777069092e-03
4.197526257485151291e-03
4.201756790280342102e-03
4.208344500511884689e-03
4.218418151140213013e-03
4.233906976878643036e-03
4.256868269294500351e-03
4.289938602596521378e-03
4.335013218224048615e-03
4.390448797494173050e-03
4.455523099750280380e-03
4.517361987382173538e-03
4.571845754981040955e-03
4.599799402058124542e-03
4.601514432579278946e-03
4.558012820780277252e-03
4.477545619010925293e-03
4.372756928205490112e-03
4.275059327483177185e-03
4.215999040752649307e-03
4.209134727716445923e-03
4.247528500854969025e-03
4.304887261241674423e-03
4.347389563918113708e-03
4.349710885435342789e-03
4.312273114919662476e-03
4.253542050719261169e-03
4.205043427646160126e-03
4.186968319118022919e-03
4.200117196887731552e-03
4.228821955621242523e-03
4.252024460583925247e-03
4.256892018020153046e-03
4.242563154548406601e-03
4.219499416649341583e-03
4.200234077870845795e-03
4.191944841295480728e-03
4.194079432636499405e-03
4.201097413897514343e-03
4.206676036119461060e-03
4.207773134112358093e-03
4.205027129501104355e-03
4.200939554721117020e-03
4.197587259113788605e-03
4.195519722998142242e-03
4.194144159555435181e-03
4.192414227873086929e-03
4.190528299659490585e-03
4.189005121588706970e-03
4.188671242445707321e-03
4.189728759229183197e-03
4.191521555185317993e-03
4.192890599370002747e-03
4.192757885903120041e-03
4.191050305962562561e-03
4.188250750303268433e-03
4.185551311820745468e-03
4.183843266218900681e-03
4.183487500995397568e-03
4.184173885732889175e-03
4.185229074209928513e-03
4.186051897704601288e-03
4.186274949461221695e-03
4.185988567769527435e-03
4.185431636869907379e-03
4.184903576970100403e-03
4.184548277407884598e-03
4.184328019618988037e-03
4.184115212410688400e-03
4.183784592896699905e-03
4.183302633464336395e-03
4.182737320661544800e-03
4.182200878858566284e-03
4.181806463748216629e-03
4.181596916168928146e-03
4.181549418717622757e-03
4.181599710136651993e-03
4.181650932878255844e-03
4.181649070233106613e-03
4.181585740298032761e-03
4.181483294814825058e-03
4.181400872766971588e-03
4.181361291557550430e-03
4.181397613137960434e-03
4.181519150733947754e-03
4.181710071861743927e-03
4.181979224085807800e-03
4.182338714599609375e-03
4.182817414402961731e-03
4.183506593108177185e-03
4.184497054666280746e-03
4.185947589576244354e-03
4.187980666756629944e-03
4.190883133560419083e-03
4.194792825728654861e-03
4.200166091322898865e-03
4.207001067698001862e-03
4.215575754642486572e-03
4.225213080644607544e-03
4.235139116644859314e-03
4.243717063218355179e-03
4.248529672622680664e-03
4.248554352670907974e-03
4.242476541548967361e-03
4.232278093695640564e-03
4.219860304147005081e-03
4.208434838801622391e-03
4.199349787086248398e-03
4.193378146737813950e-03
4.189477767795324326e-03
4.186783451586961746e-03
4.184599500149488449e-03
4.182867240160703659e-03
4.182230215519666672e-03
4.183368291705846786e-03
4.186873324215412140e-03
4.193285945802927017e-03
4.202632699161767960e-03
4.215522669255733490e-03
4.231533966958522797e-03
4.250452388077974319e-03
4.270360805094242096e-03
4.287123680114746094e-03
4.298639483749866486e-03
4.300102125853300095e-03
4.293132107704877853e-03
4.278267268091440201e-03
4.260438494384288788e-03
4.240644630044698715e-03
4.222123418003320694e-03
4.205176606774330139e-03
4.191259853541851044e-03
4.181407392024993896e-03
4.176513291895389557e-03
4.176643677055835724e-03
4.180931951850652695e-03
4.187883343547582626e-03
4.196036607027053833e-03
4.204235970973968506e-03
4.211974330246448517e-03
4.218949005007743835e-03
4.225102253258228302e-03
4.229822661727666855e-03
4.232104867696762085e-03
4.230953752994537354e-03
4.225358832627534866e-03
4.216001834720373154e-03
4.204136319458484650e-03
4.192289896309375763e-03
4.182572476565837860e-03
4.176442977041006088e-03
4.173993598669767380e-03
4.174570087343454361e-03
4.177159164100885391e-03
4.180911462754011154e-03
4.185406956821680069e-03
4.190689884126186371e-03
4.196665715426206589e-03
4.203686490654945374e-03
4.210957791656255722e-03
4.217961803078651428e-03
4.223385825753211975e-03
4.225898534059524536e-03
4.225596319884061813e-03
4.222569987177848816e-03
4.218433052301406860e-03
4.213799722492694855e-03
4.209566861391067505e-03
4.204824566841125488e-03
4.199535120278596878e-03
4.193213302642107010e-03
4.186562728136777878e-03
4.180530551820993423e-03
4.176179412752389908e-03
4.174116533249616623e-03
4.174248315393924713e-03
4.176008049398660660e-03
4.178551491349935532e-03
4.181115422397851944e-03
4.183326382189989090e-03
4.185003694146871567e-03
4.186471458524465561e-03
4.188176244497299194e-03
4.190606530755758286e-03
4.194497130811214447e-03
4.199829883873462677e-03
4.206919576972723007e-03
4.215272143483161926e-03
4.224361386150121689e-03
4.234024789184331894e-03
4.243443720042705536e-03
4.252896644175052643e-03
4.261087626218795776e-03
4.268052987754344940e-03
4.271629266440868378e-03
4.272218327969312668e-03
4.269244614988565445e-03
4.263881593942642212e-03
4.256410058587789536e-03
4.247569944709539413e-03
4.236229695379734039e-03
4.222923424094915390e-03
4.207786172628402710e-03
4.192914348095655441e-03
4.180336371064186096e-03
4.171827808022499084e-03
4.167938139289617538e-03
4.168183542788028717e-03
4.171522334218025208e-03
4.176956601440906525e-03
4.184081684798002243e-03
4.193291533738374710e-03
4.204367287456989288e-03
4.218206275254487991e-03
4.232321865856647491e-03
4.243817646056413651e-03
4.250111989676952362e-03
4.247862845659255981e-03
4.240865819156169891e-03
4.232722334563732147e-03
4.227649886161088943e-03
4.222878254950046539e-03
4.217281006276607513e-03
4.207144491374492645e-03
4.193467088043689728e-03
4.179750103503465652e-03
4.170432686805725098e-03
4.168088547885417938e-03
4.171903245151042938e-03
4.178789444267749786e-03
4.185544326901435852e-03
4.190085921436548233e-03
4.193238448351621628e-03
4.197492729872465134e-03
4.205382429063320160e-03
4.220522940158843994e-03
4.240581765770912170e-03
4.262066446244716644e-03
4.282035399228334427e-03
4.295277409255504608e-03
4.303085152059793472e-03
4.302254877984523773e-03
4.292516969144344330e-03
4.268056713044643402e-03
4.238235764205455780e-03
4.215585999190807343e-03
4.205619450658559799e-03
4.205980338156223297e-03
4.207416903227567673e-03
4.201416391879320145e-03
4.188868217170238495e-03
4.175546579062938690e-03
4.169801250100135803e-03
4.174211993813514709e-03
4.184799734503030777e-03
4.195827525109052658e-03
4.202686715871095657e-03
4.203685093671083450e-03
4.201036412268877029e-03
4.195821937173604965e-03
4.190538078546524048e-03
4.185904283076524734e-03
4.181790631264448166e-03
4.178035538643598557e-03
4.174060653895139694e-03
4.169581457972526550e-03
4.165303893387317657e-03
4.162326920777559280e-03
4.161577671766281128e-03
4.162982106208801270e-03
4.165491554886102676e-03
4.167798906564712524e-03
4.169246647506952286e-03
4.170146770775318146e-03
4.171511158347129822e-03
4.174408037215471268e-03
4.179093055427074432e-03
4.185629077255725861e-03
4.192489199340343475e-03
4.198869224637746811e-03
4.202959127724170685e-03
4.204059019684791565e-03
4.202870186418294907e-03
4.200436174869537354e-03
4.198594018816947937e-03
4.197150468826293945e-03
4.195174202322959900e-03
4.190403502434492111e-03
4.183531273156404495e-03
4.176250193268060684e-03
4.171671345829963684e-03
4.171629436314105988e-03
4.175494890660047531e-03
4.181900061666965485e-03
4.188050981611013412e-03
4.192942753434181213e-03
4.195398651063442230e-03
4.195956978946924210e-03
4.196058493107557297e-03
4.197140224277973175e-03
4.200734663754701614e-03
4.205709788948297501e-03
4.209526814520359039e-03
4.208084661513566971e-03
4.202774260193109512e-03
4.197476431727409363e-03
4.198741633445024490e-03
4.212322179228067398e-03
4.234457854181528091e-03
4.257782828062772751e-03
4.270974546670913696e-03
4.263586364686489105e-03
4.249760415405035019e-03
4.246762953698635101e-03
4.263814073055982590e-03
4.274278879165649414e-03
4.266326781362295151e-03
4.240503534674644470e-03
4.227386321872472763e-03
4.263843409717082977e-03
4.335094243288040161e-03
4.387075081467628479e-03
4.390676971524953842e-03
4.346309695392847061e-03
4.350395873188972473e-03
4.381397273391485214e-03
4.380198195576667786e-03
4.289464559406042099e-03
4.206037614494562149e-03
4.235421307384967804e-03
4.322752356529235840e-03
4.356092307716608047e-03
4.297250881791114807e-03
4.225757904350757599e-03
4.252206068485975266e-03
4.336695186793804169e-03
4.331548698246479034e-03
4.243125207722187042e-03
4.203820135444402695e-03
4.249701742082834244e-03
4.277485422790050507e-03
4.232005216181278229e-03
4.189603030681610107e-03
4.212947096675634384e-03
4.232843406498432159e-03
4.195848945528268814e-03
4.160779062658548355e-03
4.172959830611944199e-03
4.190278705209493637e-03
4.180283285677433014e-03
4.170814063400030136e-03
4.181595053523778915e-03
4.189477767795324326e-03
4.174161236733198166e-03
4.157470073550939560e-03
4.160747397691011429e-03
4.168030340224504471e-03
4.163742531090974808e-03
4.160024691373109818e-03
4.165654070675373077e-03
4.169815219938755035e-03
4.164255224168300629e-03
4.156517796218395233e-03
4.156035836786031723e-03
4.158529918640851974e-03
4.156500566750764847e-03
4.153817892074584961e-03
4.155948758125305176e-03
4.159111529588699341e-03
4.158288706094026566e-03
4.155362490564584732e-03
4.154332913458347321e-03
4.154901951551437378e-03
4.154001362621784210e-03
4.151885397732257843e-03
4.151527769863605499e-03
4.152898211032152176e-03
4.153471905738115311e-03
4.152777139097452164e-03
4.152325913310050964e-03
4.152734763920307159e-03
4.152940586209297180e-03
4.152106121182441711e-03
4.151108674705028534e-03
4.150909837335348129e-03
4.151004366576671600e-03
4.150661639869213104e-03
4.150129854679107666e-03
4.149995744228363037e-03
4.150250926613807678e-03
4.150358960032463074e-03
4.150102846324443817e-03
4.149888642132282257e-03
4.149955231696367264e-03
4.150016233325004578e-03
4.149843472987413406e-03
4.149558488279581070e-03
4.149404354393482208e-03
4.149381071329116821e-03
4.149275831878185272e-03
4.149043466895818710e-03
4.148844629526138306e-03
4.148748703300952911e-03
4.148682579398155212e-03
4.148550331592559814e-03
4.148374311625957489e-03
4.148245323449373245e-03
4.148187581449747086e-03
4.148107022047042847e-03
4.147987347096204758e-03
4.147872328758239746e-03
4.147787112742662430e-03
4.147753585129976273e-03
4.147697705775499344e-03
4.147644154727458954e-03
4.147615749388933182e-03
4.147652070969343185e-03
4.147741943597793579e-03
4.147902131080627441e-03
4.148161504417657852e-03
4.148606676608324051e-03
4.149315413087606430e-03
4.150443710386753082e-03
4.152148962020874023e-03
4.154827911406755447e-03
4.158848896622657776e-03
4.165038000792264938e-03
4.174103494733572006e-03
4.187416750937700272e-03
4.205732140690088272e-03
4.229992628097534180e-03
4.260033834725618362e-03
4.293137695640325546e-03
4.329381044954061508e-03
4.362887702882289886e-03
4.391680937260389328e-03
4.403984639793634415e-03
4.399436991661787033e-03
4.373446572571992874e-03
4.331763833761215210e-03
4.276800900697708130e-03
4.219145979732275009e-03
4.171787761151790619e-03
4.149005748331546783e-03
4.150444176048040390e-03
4.165443126112222672e-03
4.184355027973651886e-03
4.201494622975587845e-03
4.212800413370132446e-03
4.212410189211368561e-03
4.200822208076715469e-03
4.183707293123006821e-03
4.168511833995580673e-03
4.157724790275096893e-03
4.149813670665025711e-03
4.144955892115831375e-03
4.144876729696989059e-03
4.149466287344694138e-03
4.155525937676429749e-03
4.159584175795316696e-03
4.161076620221138000e-03
4.160959273576736450e-03
4.159828647971153259e-03
4.157177638262510300e-03
4.152958746999502182e-03
4.148535896092653275e-03
4.145406186580657959e-03
4.143894184380769730e-03
4.143270663917064667e-03
4.142989404499530792e-03
4.143212456256151199e-03
4.144201520830392838e-03
4.145647864788770676e-03
4.146956373006105423e-03
4.147807601839303970e-03
4.148466512560844421e-03
4.149117041379213333e-03
4.149695392698049545e-03
4.149947781115770340e-03
4.149851854890584946e-03
4.149572923779487610e-03
4.149341024458408356e-03
4.149071406573057175e-03
4.148731939494609833e-03
4.148231353610754013e-03
4.147768020629882812e-03
4.147379659116268158e-03
4.147073253989219666e-03
4.146758466958999634e-03
4.146436229348182678e-03
4.146174062043428421e-03
4.146036691963672638e-03
4.146030172705650330e-03
4.146135877817869186e-03
4.146317020058631897e-03
4.146660212427377701e-03
4.147206433117389679e-03
4.148027393966913223e-03
4.149129614233970642e-03
4.150593653321266174e-03
4.152495879679918289e-03
4.155039321631193161e-03
4.158295225352048874e-03
4.162531346082687378e-03
4.167734645307064056e-03
4.174198955297470093e-03
4.181840457022190094e-03
4.190640058368444443e-03
4.200452938675880432e-03
4.210612270981073380e-03
4.221094772219657898e-03
4.230644553899765015e-03
4.239367321133613586e-03
4.245607648044824600e-03
4.249677527695894241e-03
4.249985795468091965e-03
4.246806260198354721e-03
4.238925408571958542e-03
4.227178171277046204e-03
4.211641382426023483e-03
4.194665234535932541e-03
4.177676513791084290e-03
4.162750206887722015e-03
4.150820896029472351e-03
4.142705351114273071e-03
4.138398915529251099e-03
4.137397743761539459e-03
4.138740710914134979e-03
4.141544457525014877e-03
4.145497456192970276e-03
4.150880035012960434e-03
4.157967399805784225e-03
4.167488310486078262e-03
4.178538918495178223e-03
4.190979991108179092e-03
4.202691838145256042e-03
4.211337771266698837e-03
4.216979723423719406e-03
4.218198824673891068e-03
4.215403925627470016e-03
4.206903278827667236e-03
4.195215646177530289e-03
4.182554781436920166e-03
4.173120483756065369e-03
4.167763516306877136e-03
4.162666387856006622e-03
4.156368318945169449e-03
4.149309825152158737e-03
4.144028294831514359e-03
4.141606390476226807e-03
4.140568431466817856e-03
4.138966556638479233e-03
4.136669449508190155e-03
4.135128576308488846e-03
4.135397262871265411e-03
4.136821255087852478e-03
4.137968644499778748e-03
4.138197749853134155e-03
4.138402640819549561e-03
4.139884840697050095e-03
4.143118858337402344e-03
4.148098640143871307e-03
4.154330585151910782e-03
4.163054749369621277e-03
4.174434114247560501e-03
4.188989289104938507e-03
4.205596633255481720e-03
4.221571609377861023e-03
4.236335400491952896e-03
4.247072618454694748e-03
4.253735300153493881e-03
4.253891296684741974e-03
4.250198137015104294e-03
4.243680741637945175e-03
4.233166575431823730e-03
4.216402769088745117e-03
4.195344168692827225e-03
4.173754714429378510e-03
4.157079849392175674e-03
4.145943559706211090e-03
4.138741176575422287e-03
4.134540911763906479e-03
4.134641028940677643e-03
4.139683675020933151e-03
4.148005507886409760e-03
4.157803952693939209e-03
4.170218482613563538e-03
4.187246784567832947e-03
4.211310762912034988e-03
4.235219210386276245e-03
4.246781580150127411e-03
4.247958771884441376e-03
4.243602976202964783e-03
4.241054411977529526e-03
4.227195866405963898e-03
4.202796611934900284e-03
4.175415728241205215e-03
4.166087601333856583e-03
4.179511219263076782e-03
4.193059168756008148e-03
4.192513879388570786e-03
4.178537055850028992e-03
4.165917634963989258e-03
4.169630818068981171e-03
4.182518459856510162e-03
4.182707984000444412e-03
4.164246842265129089e-03
4.144716542214155197e-03
4.141502548009157181e-03
4.153995774686336517e-03
4.163907840847969055e-03
4.161624703556299210e-03
4.161676857620477676e-03
4.176045767962932587e-03
4.201894626021385193e-03
4.226238001137971878e-03
4.234467633068561554e-03
4.228284582495689392e-03
4.211107268929481506e-03
4.189027473330497742e-03
4.166161641478538513e-03
4.147400148212909698e-03
4.135042428970336914e-03
4.129900597035884857e-03
4.131542984396219254e-03
4.138201475143432617e-03
4.147393163293600082e-03
4.156962968409061432e-03
4.164436366409063339e-03
4.168638493865728378e-03
4.168825224041938782e-03
4.164647310972213745e-03
4.157467745244503021e-03
4.148496314883232117e-03
4.139699041843414307e-03
4.132826346904039383e-03
4.129193723201751709e-03
4.128567874431610107e-03
4.129838664084672928e-03
4.131973721086978912e-03
4.134703427553176880e-03
4.138421732932329178e-03
4.143508151173591614e-03
4.149280022829771042e-03
4.155575297772884369e-03
4.160900134593248367e-03
4.164937883615493774e-03
4.166929051280021667e-03
4.166097845882177353e-03
4.162789322435855865e-03
4.156967159360647202e-03
4.149720072746276855e-03
4.142174497246742249e-03
4.136016126722097397e-03
4.131834488362073898e-03
4.129437729716300964e-03
4.128008615225553513e-03
4.127040039747953415e-03
4.126620013266801834e-03
4.126962739974260330e-03
4.127996508032083511e-03
4.129421897232532501e-03
4.131022840738296509e-03
4.133054520934820175e-03
4.135799594223499298e-03
4.139709286391735077e-03
4.144728183746337891e-03
4.151171538978815079e-03
4.158812575042247772e-03
4.167879465967416763e-03
4.177447874099016190e-03
4.186403006315231323e-03
4.193674772977828979e-03
4.197837784886360168e-03
4.199563525617122650e-03
4.198239650577306747e-03
4.194555804133415222e-03
4.187449347227811813e-03
4.179222509264945984e-03
4.171777050942182541e-03
4.165927413851022720e-03
4.161337856203317642e-03
4.155566915869712830e-03
4.148444160819053650e-03
4.141382873058319092e-03
4.136060364544391632e-03
4.132784903049468994e-03
4.130286630243062973e-03
4.127610474824905396e-03
4.125078674405813217e-03
4.123876802623271942e-03
4.124349914491176605e-03
4.125623498111963272e-03
4.126567393541336060e-03
4.127064254134893417e-03
4.128173459321260452e-03
4.131312482059001923e-03
4.137154668569564819e-03
4.146590828895568848e-03
4.159335047006607056e-03
4.177129361778497696e-03
4.198564216494560242e-03
4.221653565764427185e-03
4.246674478054046631e-03
4.270649515092372894e-03
4.292217083275318146e-03
4.301385488361120224e-03
4.302425775676965714e-03
4.301826469600200653e-03
4.298854153603315353e-03
4.276916850358247757e-03
4.237995948642492294e-03
4.192479886114597321e-03
4.161875229328870773e-03
4.145168699324131012e-03
4.136016592383384705e-03
4.132090602070093155e-03
4.140923265367746353e-03
4.167787730693817139e-03
4.214968532323837280e-03
4.271390847861766815e-03
4.321028944104909897e-03
4.357599187642335892e-03
4.354090429842472076e-03
4.318671301007270813e-03
4.253202117979526520e-03
4.186272155493497849e-03
4.137838259339332581e-03
4.122755024582147598e-03
4.135018214583396912e-03
4.158154129981994629e-03
4.179838113486766815e-03
4.200130701065063477e-03
4.215646069496870041e-03
4.214499611407518387e-03
4.191093146800994873e-03
4.153173882514238358e-03
4.129999782890081406e-03
4.130904562771320343e-03
4.140840843319892883e-03
4.145558923482894897e-03
4.144734703004360199e-03
4.146016668528318405e-03
4.148473497480154037e-03
4.145455081015825272e-03
4.135613329708576202e-03
4.125688225030899048e-03
4.122273530811071396e-03
4.124172963201999664e-03
4.125838633626699448e-03
4.124860744923353195e-03
4.123395774513483047e-03
4.124446306377649307e-03
4.127342719584703445e-03
4.129330161958932877e-03
4.128440283238887787e-03
4.126044455915689468e-03
4.124245606362819672e-03
4.123834427446126938e-03
4.123585764318704605e-03
4.122349433600902557e-03
4.120397847145795822e-03
4.119043704122304916e-03
4.118917509913444519e-03
4.119435325264930725e-03
4.119635559618473053e-03
4.119292832911014557e-03
4.118977580219507217e-03
4.119163844734430313e-03
4.119727294892072678e-03
4.120125900954008102e-03
4.120095632970333099e-03
4.119825549423694611e-03
4.119684919714927673e-03
4.119780380278825760e-03
4.119903780519962311e-03
4.119822755455970764e-03
4.119533579796552658e-03
4.119245801120996475e-03
4.119132179766893387e-03
4.119166638702154160e-03
4.119226709008216858e-03
4.119202028959989548e-03
4.119187593460083008e-03
4.119275603443384171e-03
4.119565244764089584e-03
4.119999706745147705e-03
4.120552912354469299e-03
4.121195524930953979e-03
4.122057463973760605e-03
4.123185295611619949e-03
4.124731291085481644e-03
4.126574844121932983e-03
4.128885455429553986e-03
4.131435882300138474e-03
4.134427756071090698e-03
4.137521609663963318e-03
4.140718374401330948e-03
4.143586382269859314e-03
4.145864862948656082e-03
4.147356376051902771e-03
4.147893749177455902e-03
4.147573839873075485e-03
4.146425519138574600e-03
4.144747741520404816e-03
4.142704419791698456e-03
4.140559118241071701e-03
4.138549324125051498e-03
4.136721603572368622e-03
4.135203082114458084e-03
4.133850336074829102e-03
4.132786300033330917e-03
4.131870809942483902e-03
4.131215624511241913e-03
4.130751825869083405e-03
4.130563698709011078e-03
4.130620043724775314e-03
4.131048917770385742e-03
4.131852649152278900e-03
4.133273381739854813e-03
4.135272465646266937e-03
4.138170275837182999e-03
4.141771700233221054e-03
4.146370571106672287e-03
4.151586908847093582e-03
4.157471470534801483e-03
4.163734614849090576e-03
4.170004278421401978e-03
4.176259972155094147e-03
4.181870725005865097e-03
4.187057726085186005e-03
4.190990235656499863e-03
4.194146953523159027e-03
4.196238704025745392e-03
4.197270609438419342e-03
4.196484573185443878e-03
4.193116910755634308e-03
4.186119418591260910e-03
4.176603630185127258e-03
4.165399819612503052e-03
4.154361784458160400e-03
4.143621772527694702e-03
4.134055227041244507e-03
4.125867970287799835e-03
4.120073281228542328e-03
4.116911441087722778e-03
4.115766379982233047e-03
4.115458577871322632e-03
4.114941693842411041e-03
4.113997798413038254e-03
4.113009665161371231e-03
4.112498369067907333e-03
4.112571477890014648e-03
4.112908151000738144e-03
4.113089758902788162e-03
4.112914670258760452e-03
4.112552385777235031e-03
4.112317226827144623e-03
4.112427122890949249e-03
4.112925846129655838e-03
4.113711882382631302e-03
4.114824347198009491e-03
4.116446245461702347e-03
4.119225777685642242e-03
4.123711027204990387e-03
4.131040070205926895e-03
4.141732119023799896e-03
4.156930372118949890e-03
4.176639486104249954e-03
4.200416151434183121e-03
4.228051286190748215e-03
4.257174208760261536e-03
4.288481548428535461e-03
4.316798876971006393e-03
4.341846331954002380e-03
4.356397315859794617e-03
4.357333295047283173e-03
4.334019497036933899e-03
4.292257130146026611e-03
4.237140994518995285e-03
4.182239063084125519e-03
4.138718824833631516e-03
4.114810843020677567e-03
4.111508838832378387e-03
4.124135244637727737e-03
4.145352635532617569e-03
4.168224986642599106e-03
4.187013953924179077e-03
4.199035465717315674e-03
4.198538605123758316e-03
4.182490985840559006e-03
4.158139228820800781e-03
4.134620539844036102e-03
4.119813907891511917e-03
4.114212933927774429e-03
4.116130527108907700e-03
4.124064464122056961e-03
4.138911608606576920e-03
4.159702919423580170e-03
4.187619779258966446e-03
4.211943596601486206e-03
4.218519665300846100e-03
4.210264421999454498e-03
4.190003965049982071e-03
4.168351646512746811e-03
4.144501872360706329e-03
4.125250037759542465e-03
4.112736787647008896e-03
4.112753085792064667e-03
4.126118961721658707e-03
4.151337314397096634e-03
4.184545017778873444e-03
4.224111791700124741e-03
4.257826134562492371e-03
4.255920648574829102e-03
4.228091798722743988e-03
4.188988823443651199e-03
4.160831216722726822e-03
4.138663876801729202e-03
4.125809762626886368e-03
4.123531281948089600e-03
4.145151935517787933e-03
4.196552559733390808e-03
4.279662854969501495e-03
4.363977815955877304e-03
4.379654303193092346e-03
4.337835591286420822e-03
4.271692130714654922e-03
4.212068393826484680e-03
4.145557060837745667e-03
4.112563561648130417e-03
4.122163169085979462e-03
4.163143225014209747e-03
4.209998063743114471e-03
4.246764350682497025e-03
4.265534225851297379e-03
4.243339877575635910e-03
4.193197004497051239e-03
4.135262686759233475e-03
4.113695118576288223e-03
4.140014760196208954e-03
4.184174817055463791e-03
4.209094215184450150e-03
4.193324595689773560e-03
4.157750401645898819e-03
4.124629776924848557e-03
4.109459463506937027e-03
4.114661831408739090e-03
4.133028443902730942e-03
4.150929860770702362e-03
4.156221169978380203e-03
4.145789891481399536e-03
4.126516170799732208e-03
4.111353307962417603e-03
4.107417073100805283e-03
4.113848321139812469e-03
4.123582039028406143e-03
4.128895699977874756e-03
4.126896616071462631e-03
4.119128454476594925e-03
4.110816866159439087e-03
4.106229636818170547e-03
4.106678999960422516e-03
4.110592883080244064e-03
4.114836454391479492e-03
4.116911441087722778e-03
4.115987103432416916e-03
4.112867638468742371e-03
4.109320696443319321e-03
4.106696229428052902e-03
4.105595406144857407e-03
4.105824511498212814e-03
4.106926731765270233e-03
4.108274821192026138e-03
4.109271802008152008e-03
4.109614994376897812e-03
4.109111148864030838e-03
4.108027555048465729e-03
4.106624051928520203e-03
4.105364903807640076e-03
4.104565829038619995e-03
4.104290623217821121e-03
4.104420077055692673e-03
4.104745574295520782e-03
4.105132073163986206e-03
4.105502739548683167e-03
4.105816595256328583e-03
4.106026608496904373e-03
4.106094595044851303e-03
4.106016363948583603e-03
4.105801228433847427e-03
4.105492960661649704e-03
4.105158615857362747e-03
4.104822874069213867e-03
4.104509018361568451e-03
4.104192368686199188e-03
4.103901330381631851e-03
4.103643354028463364e-03
4.103440791368484497e-03
4.103272221982479095e-03
4.103139974176883698e-03
4.103030078113079071e-03
4.102939274162054062e-03
4.102848004549741745e-03
4.102769773453474045e-03
4.102696664631366730e-03
4.102630075067281723e-03
4.102575592696666718e-03
4.102518316358327866e-03
4.102458711713552475e-03
4.102397244423627853e-03
4.102344624698162079e-03
4.102285485714673996e-03
4.102247767150402069e-03
4.102212376892566681e-03
4.102184902876615524e-03
4.102173261344432831e-03
4.102189093828201294e-03
4.102247301489114761e-03
4.102373495697975159e-03
4.102593287825584412e-03
4.102991428226232529e-03
4.103653598576784134e-03
4.104761872440576553e-03
4.106549546122550964e-03
4.109547007828950882e-03
4.114192444831132889e-03
4.121759440749883652e-03
4.132459871470928192e-03
4.148020409047603607e-03
4.165905993431806564e-03
4.184269346296787262e-03
4.196894820779561996e-03
4.197656642645597458e-03
4.189420025795698166e-03
4.176391754299402237e-03
4.165661521255970001e-03
4.157645162194967270e-03
4.149413667619228363e-03
4.135381430387496948e-03
4.118637181818485260e-03
4.105820786207914352e-03
4.103458952158689499e-03
4.112267866730690002e-03
4.128254950046539307e-03
4.147005267441272736e-03
4.169103689491748810e-03
4.196804016828536987e-03
4.232408013194799423e-03
4.265130963176488876e-03
4.274526145309209824e-03
4.254409112036228180e-03
4.207255318760871887e-03
4.161909222602844238e-03
4.138787277042865753e-03
4.138418007642030716e-03
4.144406877458095551e-03
4.145209677517414093e-03
4.145246930420398712e-03
4.159002099186182022e-03
4.189271945506334305e-03
4.230603575706481934e-03
4.262438509613275528e-03
4.261519294232130051e-03
4.236262291669845581e-03
4.197247792035341263e-03
4.154526162892580032e-03
4.118764307349920273e-03
4.101937171071767807e-03
4.106889944523572922e-03
4.128441214561462402e-03
4.156419541686773300e-03
4.185235593467950821e-03
4.209663253277540207e-03
4.227670840919017792e-03
4.227510187774896622e-03
4.193827975541353226e-03
4.147205501794815063e-03
4.110770765691995621e-03
4.103659186512231827e-03
4.119631834328174591e-03
4.137670155614614487e-03
4.144126083701848984e-03
4.137475974857807159e-03
4.126824438571929932e-03
4.117640666663646698e-03
4.111517686396837234e-03
4.107154440134763718e-03
4.104794934391975403e-03
4.106120206415653229e-03
4.111747723072767258e-03
4.119271412491798401e-03
4.124937579035758972e-03
4.125679377466440201e-03
4.121391568332910538e-03
4.114424344152212143e-03
4.107846878468990326e-03
4.103334154933691025e-03
4.101113881915807724e-03
4.100276157259941101e-03
4.099985584616661072e-03
4.100070800632238388e-03
4.100881982594728470e-03
4.102728329598903656e-03
4.105305764824151993e-03
4.107981454581022263e-03
4.109716508537530899e-03
4.110432695597410202e-03
4.109863191843032837e-03
4.108644090592861176e-03
4.106877371668815613e-03
4.104908555746078491e-03
4.102816339582204819e-03
4.100735764950513840e-03
4.098870325833559036e-03
4.097477067261934280e-03
4.096783231943845749e-03
4.096825141459703445e-03
4.097429104149341583e-03
4.098313860595226288e-03
4.099172074347734451e-03
4.099853336811065674e-03
4.100360907614231110e-03
4.100776743143796921e-03
4.101266153156757355e-03
4.101828206330537796e-03
4.102515988051891327e-03
4.103187471628189087e-03
4.103956278413534164e-03
4.104685038328170776e-03
4.105621948838233948e-03
4.106653388589620590e-03
4.108024295419454575e-03
4.109515342861413956e-03
4.111325368285179138e-03
4.113107919692993164e-03
4.115001298487186432e-03
4.116575233638286591e-03
4.117890726774930954e-03
4.118453245609998703e-03
4.118285607546567917e-03
4.117108415812253952e-03
4.115088842809200287e-03
4.112338647246360779e-03
4.109201487153768539e-03
4.106000997126102448e-03
4.103041253983974457e-03
4.100517835468053818e-03
4.098480101674795151e-03
4.096943419426679611e-03
4.095843527466058731e-03
4.095136187970638275e-03
4.094755742698907852e-03
4.094650968909263611e-03
4.094759933650493622e-03
4.095020703971385956e-03
4.095427691936492920e-03
4.095987882465124130e-03
4.096821416169404984e-03
4.098158795386552811e-03
4.100382328033447266e-03
4.104278050363063812e-03
4.110800102353096008e-03
4.122299607843160629e-03
4.140494391322135925e-03
4.170383792370557785e-03
4.210509825497865677e-03
4.258925560861825943e-03
4.305202979594469070e-03
4.331104923039674759e-03
4.345959518104791641e-03
4.362638108432292938e-03
4.393446724861860275e-03
4.390155896544456482e-03
4.344889894127845764e-03
4.267003852874040604e-03
4.196336492896080017e-03
4.165645688772201538e-03
4.171641077846288681e-03
4.181087482720613480e-03
4.177199210971593857e-03
4.164098296314477921e-03
4.166692961007356644e-03
4.186244681477546692e-03
4.206202924251556396e-03
4.213040228933095932e-03
4.199726972728967667e-03
4.164554178714752197e-03
4.123943857848644257e-03
4.097375087440013885e-03
4.096228163689374924e-03
4.113066010177135468e-03
4.130384419113397598e-03
4.135091323405504227e-03
4.126861225813627243e-03
4.115627147257328033e-03
4.109021276235580444e-03
4.106787964701652527e-03
4.104805178940296173e-03
4.101446829736232758e-03
4.099558573216199875e-03
4.102384205907583237e-03
4.108000546693801880e-03
4.111587069928646088e-03
4.109882749617099762e-03
4.104165825992822647e-03
4.098715260624885559e-03
4.096381831914186478e-03
4.096611402928829193e-03
4.096968565136194229e-03
4.095771349966526031e-03
4.093650262802839279e-03
4.092408809810876846e-03
4.093034658581018448e-03
4.094956442713737488e-03
4.096766468137502670e-03
4.097530152648687363e-03
4.097707569599151611e-03
4.098210018128156662e-03
4.099777899682521820e-03
4.102031234651803970e-03
4.104410298168659210e-03
4.106232896447181702e-03
4.107739776372909546e-03
4.108976572751998901e-03
4.110370762646198273e-03
4.111216869205236435e-03
4.111295565962791443e-03
4.109815694391727448e-03
4.107138607650995255e-03
4.103530663996934891e-03
4.099820274859666824e-03
4.096589051187038422e-03
4.094142466783523560e-03
4.092512186616659164e-03
4.091569222509860992e-03
4.091229755431413651e-03
4.091455601155757904e-03
4.092198796570301056e-03
4.093285184353590012e-03
4.094454925507307053e-03
4.095520824193954468e-03
4.096386488527059555e-03
4.097135271877050400e-03
4.097968339920043945e-03
4.099013283848762512e-03
4.100472200661897659e-03
4.102267324924468994e-03
4.104652442038059235e-03
4.107405897229909897e-03
4.111022688448429108e-03
4.115159623324871063e-03
4.120331723242998123e-03
4.125721752643585205e-03
4.131308291107416153e-03
4.135868046432733536e-03
4.138712305575609207e-03
4.139159340411424637e-03
4.136712290346622467e-03
4.131976515054702759e-03
4.125367384403944016e-03
4.118063021451234818e-03
4.110638052225112915e-03
4.103870596736669540e-03
4.098049364984035492e-03
4.093662835657596588e-03
4.090790171176195145e-03
4.089476075023412704e-03
4.089387599378824234e-03
4.090078175067901611e-03
4.091115668416023254e-03
4.092285875231027603e-03
4.093719646334648132e-03
4.095905460417270660e-03
4.099495243281126022e-03
4.105644300580024719e-03
4.115253221243619919e-03
4.130846820771694183e-03
4.152796231210231781e-03
4.184220917522907257e-03
4.219959490001201630e-03
4.253251012414693832e-03
4.277394153177738190e-03
4.283620044589042664e-03
4.283578600734472275e-03
4.284731112420558929e-03
4.285215865820646286e-03
4.256644286215305328e-03
4.204800352454185486e-03
4.147292114794254303e-03
4.115733783692121506e-03
4.122417420148849487e-03
4.148212727159261703e-03
4.164075944572687149e-03
4.155171103775501251e-03
4.127740859985351562e-03
4.103781189769506454e-03
4.098350182175636292e-03
4.109052941203117371e-03
4.120822530239820480e-03
4.119627643376588821e-03
4.106438253074884415e-03
4.092377144843339920e-03
4.089352674782276154e-03
4.097331780940294266e-03
4.106191452592611313e-03
4.107261542230844498e-03
4.100731573998928070e-03
4.094357602298259735e-03
4.094253759831190109e-03
4.099579993635416031e-03
4.104617983102798462e-03
4.105362109839916229e-03
4.102332983165979385e-03
4.099789075553417206e-03
4.100539255887269974e-03
4.104360472410917282e-03
4.108332563191652298e-03
4.110224545001983643e-03
4.110102076083421707e-03
4.109788686037063599e-03
4.110676702111959457e-03
4.112871829420328140e-03
4.114381968975067139e-03
4.114126786589622498e-03
4.111390560865402222e-03
4.107502289116382599e-03
4.103637766093015671e-03
4.100540187209844589e-03
4.098086152225732803e-03
4.095547366887331009e-03
4.092637915164232254e-03
4.089647438377141953e-03
4.087400157004594803e-03
4.086406901478767395e-03
4.086602944880723953e-03
4.087323322892189026e-03
4.087877459824085236e-03
4.088019486516714096e-03
4.088026005774736404e-03
4.088480491191148758e-03
4.089850932359695435e-03
4.092349670827388763e-03
4.096292890608310699e-03
4.102006554603576660e-03
4.111098125576972961e-03
4.124689847230911255e-03
4.146257881075143814e-03
4.175473470240831375e-03
4.213033709675073624e-03
4.252890124917030334e-03
4.283328074961900711e-03
4.303643479943275452e-03
4.308472853153944016e-03
4.301006905734539032e-03
4.272213205695152283e-03
4.228436853736639023e-03
4.172076471149921417e-03
4.125663544982671738e-03
4.103648941963911057e-03
4.103275481611490250e-03
4.110059235244989395e-03
4.111002665013074875e-03
4.103176295757293701e-03
4.095061682164669037e-03
4.094992298632860184e-03
4.104342311620712280e-03
4.116747062653303146e-03
4.125304054468870163e-03
4.126457963138818741e-03
4.123913589864969254e-03
4.121232777833938599e-03
4.121230915188789368e-03
4.121856298297643661e-03
4.119365476071834564e-03
4.112314898520708084e-03
4.102000966668128967e-03
4.092182498425245285e-03
4.086279310286045074e-03
4.085295367985963821e-03
4.087555222213268280e-03
4.090399481356143951e-03
4.092133603990077972e-03
4.092900548130273819e-03
4.094096831977367401e-03
4.096814896911382675e-03
4.100799094885587692e-03
4.105267114937305450e-03
4.108684603124856949e-03
4.111204762011766434e-03
4.112520720809698105e-03
4.113622941076755524e-03
4.114130046218633652e-03
4.113893024623394012e-03
4.112239461392164230e-03
4.108905326575040817e-03
4.104286432266235352e-03
4.099077079445123672e-03
4.094200674444437027e-03
4.090263508260250092e-03
4.087479785084724426e-03
4.085686523467302322e-03
4.084561020135879517e-03
4.083862062543630600e-03
4.083502572029829025e-03
4.083505365997552872e-03
4.083921667188405991e-03
4.084749147295951843e-03
4.085954278707504272e-03
4.087544046342372894e-03
4.089711233973503113e-03
4.092712420970201492e-03
4.097284749150276184e-03
4.103913437575101852e-03
4.113994538784027100e-03
4.127810243517160416e-03
4.146986175328493118e-03
4.169731400907039642e-03
4.194164648652076721e-03
4.215592052787542343e-03
4.226648248732089996e-03
4.227956291288137436e-03
4.218711517751216888e-03
4.204244352877140045e-03
4.183930344879627228e-03
4.160182550549507141e-03
4.131376743316650391e-03
4.105436149984598160e-03
4.088497254997491837e-03
4.084124695509672165e-03
4.088925663381814957e-03
4.095954354852437973e-03
4.099591169506311417e-03
4.099558107554912567e-03
4.099813289940357208e-03
4.105789586901664734e-03
4.120001569390296936e-03
4.143910948187112808e-03
4.171950742602348328e-03
4.201732110232114792e-03
4.220668226480484009e-03
4.219936206936836243e-03
4.203838296234607697e-03
4.181239753961563110e-03
4.168925806879997253e-03
4.168036393821239471e-03
4.161543678492307663e-03
4.136779345571994781e-03
4.103833809494972229e-03
4.085055552423000336e-03
4.092941060662269592e-03
4.117465578019618988e-03
4.140316043049097061e-03
4.154226742684841156e-03
4.170146305114030838e-03
4.198681563138961792e-03
4.235419910401105881e-03
4.253782797604799271e-03
4.226677119731903076e-03
4.169168882071971893e-03
4.115346819162368774e-03
4.099273588508367538e-03
4.114733543246984482e-03
4.129003733396530151e-03
4.123593214899301529e-03
4.106240347027778625e-03
4.098284058272838593e-03
4.105009138584136963e-03
4.113671369850635529e-03
4.109770990908145905e-03
4.094516858458518982e-03
4.082352854311466217e-03
4.083117935806512833e-03
4.092520102858543396e-03
4.098986275494098663e-03
4.096415825188159943e-03
4.089757800102233887e-03
4.087334498763084412e-03
4.092186223715543747e-03
4.099758807569742203e-03
4.104815889149904251e-03
4.106192383915185928e-03
4.109186585992574692e-03
4.116758238524198532e-03
4.129902459681034088e-03
4.143053665757179260e-03
4.151726607233285904e-03
4.153084009885787964e-03
4.146216902881860733e-03
4.133160226047039032e-03
4.115536343306303024e-03
4.098126664757728577e-03
4.085309803485870361e-03
4.080251790583133698e-03
4.082614555954933167e-03
4.089337773621082306e-03
4.096674267202615738e-03
4.101862199604511261e-03
4.103987012058496475e-03
4.102922044694423676e-03
4.099470097571611404e-03
4.094308707863092422e-03
4.088717512786388397e-03
4.083801060914993286e-03
4.080601967871189117e-03
4.079398699104785919e-03
4.079769831150770187e-03
4.080969374626874924e-03
4.082377534359693527e-03
4.083884414285421371e-03
4.085704218596220016e-03
4.088110756129026413e-03
4.091379232704639435e-03
4.095302894711494446e-03
4.100256599485874176e-03
4.105850122869014740e-03
4.112863913178443909e-03
4.120282363146543503e-03
4.128108266741037369e-03
4.134363960474729538e-03
4.137690644711256027e-03
4.136933945119380951e-03
4.131278488785028458e-03
4.122205078601837158e-03
4.110924433916807175e-03
4.099825862795114517e-03
4.090314265340566635e-03
4.083468113094568253e-03
4.079615231603384018e-03
4.078640602529048920e-03
4.079999867826700211e-03
4.082903265953063965e-03
4.086501896381378174e-03
4.089978057891130447e-03
4.092990420758724213e-03
4.095455631613731384e-03
4.097614903002977371e-03
4.099830519407987595e-03
4.102098289877176285e-03
4.104611463844776154e-03
4.106834065169095993e-03
4.108931869268417358e-03
4.110298585146665573e-03
4.111163783818483353e-03
4.111144691705703735e-03
4.110371693968772888e-03
4.108747467398643494e-03
4.106262698769569397e-03
4.103075247257947922e-03
4.099265206605195999e-03
4.095204174518585205e-03
4.091145005077123642e-03
4.087467212229967117e-03
4.084360320121049881e-03
4.081955645233392715e-03
4.080217331647872925e-03
4.079015925526618958e-03
4.078202415257692337e-03
4.077645484358072281e-03
4.077255260199308395e-03
4.077003337442874908e-03
4.076882265508174896e-03
4.076892044395208359e-03
4.077011719346046448e-03
4.077233839780092239e-03
4.077566321939229965e-03
4.078059457242488861e-03
4.078808706253767014e-03
4.080007318407297134e-03
4.081937950104475021e-03
4.085155203938484192e-03
4.090370144695043564e-03
4.099120851606130600e-03
4.112995229661464691e-03
4.135522060096263885e-03
4.168481100350618362e-03
4.214985761791467667e-03
4.271530080586671829e-03
4.326483700424432755e-03
4.376232624053955078e-03
4.407616797834634781e-03
4.425677470862865448e-03
4.418134223669767380e-03
4.385162144899368286e-03
4.301249980926513672e-03
4.197251982986927032e-03
4.118095617741346359e-03
4.092421382665634155e-03
4.110578447580337524e-03
4.138156771659851074e-03
4.144577309489250183e-03
4.130314569920301437e-03
4.114126320928335190e-03
4.114784300327301025e-03
4.130486864596605301e-03
4.143930040299892426e-03
4.138257354497909546e-03
4.113889299333095551e-03
4.088514484465122223e-03
4.078764468431472778e-03
4.085777327418327332e-03
4.096792545169591904e-03
4.098954610526561737e-03
4.091918468475341797e-03
4.084276035428047180e-03
4.083709791302680969e-03
4.088754765689373016e-03
4.091967362910509109e-03
4.088703542947769165e-03
4.081158898770809174e-03
4.075748380273580551e-03
4.076078534126281738e-03
4.080054815858602524e-03
4.082924220710992813e-03
4.082073457539081573e-03
4.079095553606748581e-03
4.077338147908449173e-03
4.078397527337074280e-03
4.080925136804580688e-03
4.082524683326482773e-03
4.082126077264547348e-03
4.080797545611858368e-03
4.080297425389289856e-03
4.081455525010824203e-03
4.083437845110893250e-03
4.085048101842403412e-03
4.085734486579895020e-03
4.086086060851812363e-03
4.086913075298070908e-03
4.088747315108776093e-03
4.090978763997554779e-03
4.093113355338573456e-03
4.094294272363185883e-03
4.094776697456836700e-03
4.094538278877735138e-03
4.093951079994440079e-03
4.092847928404808044e-03
4.091036040335893631e-03
4.088466987013816833e-03
4.085296299308538437e-03
4.081974737346172333e-03
4.079004749655723572e-03
4.076750949025154114e-03
4.075288772583007812e-03
4.074482247233390808e-03
4.074101336300373077e-03
4.073983058333396912e-03
4.074064083397388458e-03
4.074352327734231949e-03
4.074916243553161621e-03
4.075746983289718628e-03
4.076839890331029892e-03
4.078271798789501190e-03
4.080132581293582916e-03
4.082781728357076645e-03
4.086514003574848175e-03
4.092077724635601044e-03
4.099882673472166061e-03
4.111180547624826431e-03
4.126015119254589081e-03
4.145361948758363724e-03
4.167300648987293243e-03
4.189256578683853149e-03
4.207295365631580353e-03
4.214775748550891876e-03
4.212874919176101685e-03
4.200940020382404327e-03
4.184195771813392639e-03
4.163315054029226303e-03
4.140279255807399750e-03
4.114373121410608292e-03
4.091575741767883301e-03
4.076693672686815262e-03
4.073176998645067215e-03
4.078775644302368164e-03
4.088105633854866028e-03
4.096672870218753815e-03
4.104253370314836502e-03
4.114272072911262512e-03
4.132010973989963531e-03
4.157417453825473785e-03
4.188562743365764618e-03
4.212679341435432434e-03
4.217372741550207138e-03
4.199164919555187225e-03
4.162617959082126617e-03
4.130896646529436111e-03
4.117175471037626266e-03
4.117697477340698242e-03
4.118598531931638718e-03
4.107861313968896866e-03
4.090839531272649765e-03
4.080128390341997147e-03
4.084279295057058334e-03
4.097988829016685486e-03
4.109036643058061600e-03
4.109643399715423584e-03
4.102806560695171356e-03
4.098114557564258575e-03
4.101517144590616226e-03
4.111409652978181839e-03
4.119356628507375717e-03
4.120137542486190796e-03
4.112813621759414673e-03
4.102932754904031754e-03
4.095382988452911377e-03
4.091915208846330643e-03
4.090171307325363159e-03
4.086757544428110123e-03
4.080768208950757980e-03
4.074685275554656982e-03
4.071720875799655914e-03
4.073031712323427200e-03
4.076845943927764893e-03
4.080195911228656769e-03
4.081334918737411499e-03
4.080705810338258743e-03
4.079976119101047516e-03
4.080424550920724869e-03
4.082013852894306183e-03
4.083577543497085571e-03
4.084193147718906403e-03
4.083534236997365952e-03
4.082384519279003143e-03
4.081499297171831131e-03
4.081424791365861893e-03
4.081886261701583862e-03
4.082360770553350449e-03
4.082430619746446609e-03
4.082132596522569656e-03
4.081850871443748474e-03
4.082045517861843109e-03
4.082796163856983185e-03
4.084065090864896774e-03
4.085462540388107300e-03
4.086965229362249374e-03
4.088415764272212982e-03
4.090100061148405075e-03
4.092001821845769882e-03
4.094243049621582031e-03
4.096650518476963043e-03
4.099036101251840591e-03
4.101227037608623505e-03
4.103025421500205994e-03
4.104449879378080368e-03
4.105427302420139313e-03
4.106026142835617065e-03
4.106164444237947464e-03
4.105857573449611664e-03
4.104993771761655807e-03
4.103643819689750671e-03
4.101837053894996643e-03
4.099744837731122971e-03
4.097432363778352737e-03
4.095089156180620193e-03
4.092734772711992264e-03
4.090533591806888580e-03
4.088489804416894913e-03
4.086736589670181274e-03
4.085316322743892670e-03
4.084305837750434875e-03
4.083773121237754822e-03
4.083725623786449432e-03
4.084244836121797562e-03
4.085286986082792282e-03
4.087005276232957840e-03
4.089383874088525772e-03
4.092731047421693802e-03
4.097088705748319626e-03
4.102793987840414047e-03
4.109797067940235138e-03
4.118287004530429840e-03
4.128047265112400055e-03
4.138656891882419586e-03
4.149619489908218384e-03
4.159549251198768616e-03
4.168172366917133331e-03
4.173446446657180786e-03
4.175877198576927185e-03
4.173702560365200043e-03
4.168093670159578323e-03
4.157765302807092667e-03
4.144597798585891724e-03
4.128700587898492813e-03
4.112785216420888901e-03
4.098324105143547058e-03
4.087129142135381699e-03
4.079701378941535950e-03
4.075538832694292068e-03
4.073565825819969177e-03
4.072587937116622925e-03
4.071779083460569382e-03
4.070981405675411224e-03
4.070383496582508087e-03
4.070422612130641937e-03
4.071438685059547424e-03
4.073561634868383408e-03
4.076702520251274109e-03
4.080869723111391068e-03
4.085988271981477737e-03
4.092636518180370331e-03
4.100936464965343475e-03
4.111813381314277649e-03
4.124640021473169327e-03
4.139122553169727325e-03
4.153380636125802994e-03
4.164739511907100677e-03
4.172457382082939148e-03
4.174204543232917786e-03
4.172154236584901810e-03
4.165966063737869263e-03
4.157087765634059906e-03
4.143678583204746246e-03
4.127111285924911499e-03
4.107672255486249924e-03
4.089835565537214279e-03
4.076829180121421814e-03
4.070921335369348526e-03
4.071218892931938171e-03
4.074701573699712753e-03
4.077821504324674606e-03
4.078542813658714294e-03
4.076436627656221390e-03
4.073093645274639130e-03
4.070462659001350403e-03
4.070094786584377289e-03
4.072402603924274445e-03
4.076953046023845673e-03
4.082906991243362427e-03
4.090111702680587769e-03
4.098845645785331726e-03
4.110887646675109863e-03
4.126562271267175674e-03
4.146911203861236572e-03
4.168929532170295715e-03
4.187874961644411087e-03
4.201638977974653244e-03
4.205505363643169403e-03
4.203786607831716537e-03
4.197174217551946640e-03
4.186034202575683594e-03
4.165349993854761124e-03
4.137320443987846375e-03
4.105107393115758896e-03
4.079901613295078278e-03
4.068475216627120972e-03
4.071129485964775085e-03
4.080941900610923767e-03
4.089526832103729248e-03
4.091863520443439484e-03
4.089628346264362335e-03
4.088244866579771042e-03
4.093634430319070816e-03
4.107846412807703018e-03
4.130824934691190720e-03
4.156147595494985580e-03
4.179013427346944809e-03
4.189844243228435516e-03
4.182727076113224030e-03
4.162398632615804672e-03
4.137210547924041748e-03
4.122796468436717987e-03
4.122415557503700256e-03
4.124786704778671265e-03
4.118740558624267578e-03
4.099393263459205627e-03
4.078043624758720398e-03
4.067906644195318222e-03
4.073772113770246506e-03
4.087612032890319824e-03
4.096901509910821915e-03
4.095605108886957169e-03
4.087849520146846771e-03
4.083637148141860962e-03
4.088819026947021484e-03
4.101789090782403946e-03
4.114752635359764099e-03
4.123173654079437256e-03
4.125047475099563599e-03
4.124619532376527786e-03
4.123768769204616547e-03
4.122911952435970306e-03
4.120362922549247742e-03
4.112935159355401993e-03
4.100866150110960007e-03
4.086432512849569321e-03
4.073881544172763824e-03
4.066796042025089264e-03
4.066073801368474960e-03
4.069677088409662247e-03
4.074352327734231949e-03
4.077741876244544983e-03
4.079445730894804001e-03
4.080555867403745651e-03
4.082030151039361954e-03
4.084001760929822922e-03
4.085764288902282715e-03
4.086121451109647751e-03
4.084901418536901474e-03
4.082342609763145447e-03
4.079560749232769012e-03
4.077166784554719925e-03
4.075399599969387054e-03
4.073904361575841904e-03
4.072261508554220200e-03
4.070353228598833084e-03
4.068404901772737503e-03
4.066823050379753113e-03
4.065861925482749939e-03
4.065481480211019516e-03
4.065393470227718353e-03
4.065278917551040649e-03
4.064986947923898697e-03
4.064573440700769424e-03
4.064193926751613617e-03
4.063988104462623596e-03
4.063972737640142441e-03
4.064064472913742065e-03
4.064141772687435150e-03
4.064107313752174377e-03
4.063986707478761673e-03
4.063831642270088196e-03
4.063711501657962799e-03
4.063674248754978180e-03
4.063706845045089722e-03
4.063771571964025497e-03
4.063828382641077042e-03
4.063862375915050507e-03
4.063896834850311279e-03
4.063989501446485519e-03
4.064208362251520157e-03
4.064623266458511353e-03
4.065335262566804886e-03
4.066492430865764618e-03
4.068329464644193649e-03
4.071293398737907410e-03
4.076011478900909424e-03
4.083672072738409042e-03
4.095628857612609863e-03
4.114397801458835602e-03
4.142134450376033783e-03
4.181793890893459320e-03
4.234211985021829605e-03
4.295064136385917664e-03
4.362653009593486786e-03
4.421582911163568497e-03
4.469815641641616821e-03
4.485976882278919220e-03
4.466988146305084229e-03
4.384724888950586319e-03
4.266050644218921661e-03
4.149834159761667252e-03
4.080655053257942200e-03
4.073252901434898376e-03
4.109114874154329300e-03
4.153042100369930267e-03
4.177080933004617691e-03
4.174125380814075470e-03
4.153695423156023026e-03
4.131337627768516541e-03
4.114489536732435226e-03
4.101822152733802795e-03
4.090138245373964310e-03
4.082378931343555450e-03
4.082056228071451187e-03
4.090118221938610077e-03
4.100879188627004623e-03
4.105613566935062408e-03
4.099225625395774841e-03
4.084160551428794861e-03
4.069214221090078354e-03
4.062419757246971130e-03
4.065725021064281464e-03
4.074451979249715805e-03
4.081671591848134995e-03
4.083228763192892075e-03
4.079523496329784393e-03
4.073833581060171127e-03
4.069279879331588745e-03
4.066830035299062729e-03
4.065739922225475311e-03
4.065059591084718704e-03
4.064708016812801361e-03
4.065202549099922180e-03
4.066775552928447723e-03
4.068819340318441391e-03
4.070185124874114990e-03
4.070044960826635361e-03
4.068487789481878281e-03
4.066321998834609985e-03
4.064465872943401337e-03
4.063358530402183533e-03
4.062853287905454636e-03
4.062532912939786911e-03
4.062163177877664566e-03
4.061789717525243759e-03
4.061629995703697205e-03
4.061849787831306458e-03
4.062370862811803818e-03
4.062957130372524261e-03
4.063358064740896225e-03
4.063457716256380081e-03
4.063337109982967377e-03
4.063129890710115433e-03
4.062984138727188110e-03
4.062881227582693100e-03
4.062780644744634628e-03
4.062598571181297302e-03
4.062323831021785736e-03
4.061983898282051086e-03
4.061664454638957977e-03
4.061419982463121414e-03
4.061258863657712936e-03
4.061147570610046387e-03
4.061057697981595993e-03
4.060951992869377136e-03
4.060830455273389816e-03
4.060702398419380188e-03
4.060604609549045563e-03
4.060544073581695557e-03
4.060514271259307861e-03
4.060496576130390167e-03
4.060486797243356705e-03
4.060465376824140549e-03
4.060449544340372086e-03
4.060437437146902084e-03
4.060456994920969009e-03
4.060508683323860168e-03
4.060616716742515564e-03
4.060777835547924042e-03
4.061019048094749451e-03
4.061364103108644485e-03
4.061870276927947998e-03
4.062599968165159225e-03
4.063688218593597412e-03
4.065269604325294495e-03
4.067616537213325500e-03
4.070992115885019302e-03
4.075924865901470184e-03
4.082913044840097427e-03
4.092889372259378433e-03
4.106378648430109024e-03
4.124340601265430450e-03
4.146426450461149216e-03
4.171426873654127121e-03
4.197157453745603561e-03
4.217983689159154892e-03
4.232735373079776764e-03
4.236498847603797913e-03
4.232566803693771362e-03
4.219241905957460403e-03
4.200345370918512344e-03
4.171508364379405975e-03
4.138154443353414536e-03
4.103390499949455261e-03
4.076186101883649826e-03
4.062009043991565704e-03
4.061454907059669495e-03
4.069633781909942627e-03
4.079755395650863647e-03
4.086831118911504745e-03
4.090123344212770462e-03
4.092284012585878372e-03
4.097217693924903870e-03
4.106641747057437897e-03
4.119985736906528473e-03
4.132160451263189316e-03
4.137590993195772171e-03
4.132344387471675873e-03
4.115558229386806488e-03
4.094039555639028549e-03
4.075494594871997833e-03
4.066647030413150787e-03
4.067698493599891663e-03
4.073570016771554947e-03
4.078369587659835815e-03
4.078283440321683884e-03
4.074662923812866211e-03
4.070498049259185791e-03
4.068996291607618332e-03
4.070605151355266571e-03
4.073575604707002640e-03
4.075238946825265884e-03
4.074227996170520782e-03
4.071049857884645462e-03
4.067615140229463577e-03
4.065800458192825317e-03
4.066277761012315750e-03
4.068511072546243668e-03
4.071099683642387390e-03
4.073034506291151047e-03
4.073939286172389984e-03
4.074402619153261185e-03
4.075099714100360870e-03
4.076776094734668732e-03
4.079363308846950531e-03
4.082456231117248535e-03
4.085367079824209213e-03
4.087375476956367493e-03
4.088324028998613358e-03
4.088015295565128326e-03
4.086839035153388977e-03
4.084912128746509552e-03
4.082655534148216248e-03
4.080139566212892532e-03
4.077513702213764191e-03
4.074825439602136612e-03
4.072160460054874420e-03
4.069624468684196472e-03
4.067307338118553162e-03
4.065317567437887192e-03
4.063684027642011642e-03
4.062434192746877670e-03
4.061517771333456039e-03
4.060869105160236359e-03
4.060448613017797470e-03
4.060206934809684753e-03
4.060129635035991669e-03
4.060243256390094757e-03
4.060591105371713638e-03
4.061241168528795242e-03
4.062295891344547272e-03
4.063930362462997437e-03
4.066316876560449600e-03
4.069815389811992645e-03
4.074760712683200836e-03
4.081839695572853088e-03
4.091515671461820602e-03
4.104677122086286545e-03
4.121575504541397095e-03
4.142247140407562256e-03
4.166099242866039276e-03
4.190497566014528275e-03
4.214879591017961502e-03
4.234696738421916962e-03
4.251298494637012482e-03
4.260070621967315674e-03
4.262069705873727798e-03
4.248285666108131409e-03
4.221497569233179092e-03
4.180081654340028763e-03
4.135028924793004990e-03
4.096718970686197281e-03
4.073570948094129562e-03
4.066798835992813110e-03
4.071254748851060867e-03
4.079022444784641266e-03
4.084474872797727585e-03
4.084545653313398361e-03
4.081092774868011475e-03
4.077663645148277283e-03
4.077515099197626114e-03
4.081521183252334595e-03
4.088005982339382172e-03
4.093250725418329239e-03
4.094030708074569702e-03
4.089381080120801926e-03
4.080360755324363708e-03
4.070474300533533096e-03
4.062918946146965027e-03
4.059564322233200073e-03
4.059992264956235886e-03
4.062221385538578033e-03
4.064125008881092072e-03
4.064298700541257858e-03
4.063048865646123886e-03
4.061366431415081024e-03
4.060574341565370560e-03
4.061246290802955627e-03
4.063076805323362350e-03
4.065159242600202560e-03
4.066630266606807709e-03
4.067081958055496216e-03
4.066810943186283112e-03
4.066467285156250000e-03
4.066716413944959641e-03
4.067970905452966690e-03
4.070108290761709213e-03
4.072869662195444107e-03
4.075640346854925156e-03
4.078140016645193100e-03
4.079969134181737900e-03
4.081173334270715714e-03
4.081779625266790390e-03
4.081997554749250412e-03
4.081964492797851562e-03
4.081696271896362305e-03
4.081282299011945724e-03
4.080478101968765259e-03
4.079321399331092834e-03
4.077599383890628815e-03
4.075532779097557068e-03
4.073176532983779907e-03
4.071010742336511612e-03
4.069279879331588745e-03
4.068329464644193649e-03
4.068282898515462875e-03
4.069057758897542953e-03
4.070623777806758881e-03
4.072749521583318710e-03
4.075481090694665909e-03
4.078668076545000076e-03
4.082483239471912384e-03
4.086842760443687439e-03
4.091849084943532944e-03
4.097358789294958115e-03
4.103121347725391388e-03
4.109048284590244293e-03
4.114573355764150620e-03
4.119912628084421158e-03
4.124260973185300827e-03
4.128021188080310822e-03
4.130051005631685257e-03
4.130829591304063797e-03
4.129106178879737854e-03
4.125815816223621368e-03
4.120541736483573914e-03
4.114541690796613693e-03
4.108110908418893814e-03
4.102008882910013199e-03
4.096283577382564545e-03
4.090778063982725143e-03
4.085165914148092270e-03
4.079322796314954758e-03
4.073292016983032227e-03
4.067435394972562790e-03
4.062194842845201492e-03
4.058031830936670303e-03
4.055188503116369247e-03
4.053717944771051407e-03
4.053417127579450607e-03
4.054011777043342590e-03
4.055203869938850403e-03
4.056778270751237869e-03
4.058633465319871902e-03
4.060815088450908661e-03
4.063419532030820847e-03
4.066689405590295792e-03
4.070792347192764282e-03
4.076079931110143661e-03
4.082577303051948547e-03
4.090449307113885880e-03
4.099478013813495636e-03
4.109257366508245468e-03
4.119337536394596100e-03
4.128581378608942032e-03
4.136916715651750565e-03
4.143048543483018875e-03
4.147701896727085114e-03
4.149727523326873779e-03
4.150351509451866150e-03
4.147846717387437820e-03
4.143197089433670044e-03
4.134527873247861862e-03
4.123218357563018799e-03
4.109373316168785095e-03
4.095335025340318680e-03
4.082741681486368179e-03
4.073197953402996063e-03
4.067218862473964691e-03
4.064435139298439026e-03
4.063917323946952820e-03
4.064537584781646729e-03
4.065107554197311401e-03
4.065166693180799484e-03
4.064050503075122833e-03
4.062147811055183411e-03
4.059528000652790070e-03
4.056910518556833267e-03
4.054714459925889969e-03
4.053375683724880219e-03
4.053054843097925186e-03
4.053678363561630249e-03
4.055009223520755768e-03
4.056727979332208633e-03
4.058566410094499588e-03
4.060332197695970535e-03
4.062017891556024551e-03
4.063650965690612793e-03
4.065442830324172974e-03
4.067604895681142807e-03
4.070362076163291931e-03
4.073984455317258835e-03
4.078562837094068527e-03
4.084287211298942566e-03
4.091195762157440186e-03
4.099289886653423309e-03
4.108602181077003479e-03
4.118701908737421036e-03
4.129769280552864075e-03
4.140799399465322495e-03
4.152123350650072098e-03
4.161917604506015778e-03
4.170531872659921646e-03
4.175262060016393661e-03
4.176641814410686493e-03
4.172055982053279877e-03
4.162849392741918564e-03
4.148056264966726303e-03
4.130288958549499512e-03
4.110654350370168686e-03
4.092028830200433731e-03
4.076038952916860580e-03
4.064174834638834000e-03
4.056861158460378647e-03
4.053817130625247955e-03
4.054158926010131836e-03
4.056722857058048248e-03
4.060306120663881302e-03
4.063944797962903976e-03
4.067121539264917374e-03
4.069596063345670700e-03
4.071624018251895905e-03
4.073507618159055710e-03
4.075570963323116302e-03
4.078044090420007706e-03
4.080737009644508362e-03
4.083382897078990936e-03
4.085506312549114227e-03
4.086451604962348938e-03
4.085965920239686966e-03
4.083510022610425949e-03
4.079502541571855545e-03
4.073978867381811142e-03
4.067933186888694763e-03
4.061943851411342621e-03
4.056905396282672882e-03
4.053191281855106354e-03
4.051021765917539597e-03
4.050275776535272598e-03
4.050692543387413025e-03
4.051988013088703156e-03
4.053874406963586807e-03
4.056185949593782425e-03
4.058853723108768463e-03
4.061868414282798767e-03
4.065293818712234497e-03
4.069134593009948730e-03
4.073455464094877243e-03
4.078160040080547333e-03
4.083168692886829376e-03
4.088275600224733353e-03
4.093227908015251160e-03
4.098022822290658951e-03
4.102424252778291702e-03
4.106942098587751389e-03
4.111444111913442612e-03
4.116810858249664307e-03
4.122436046600341797e-03
4.128945525735616684e-03
4.134609363973140717e-03
4.139530006796121597e-03
4.141663666814565659e-03
4.141429439187049866e-03
4.137902520596981049e-03
4.132559057325124741e-03
4.125427454710006714e-03
4.118093755096197128e-03
4.110172390937805176e-03
4.102268256247043610e-03
4.093752708286046982e-03
4.085034132003784180e-03
4.076229408383369446e-03
4.068186972290277481e-03
4.061444196850061417e-03
4.056725651025772095e-03
4.054084885865449905e-03
4.053476732224225998e-03
4.054455552250146866e-03
4.056577105075120926e-03
4.059602972120046616e-03
4.063353873789310455e-03
4.067832138389348984e-03
4.073109012097120285e-03
4.078894387930631638e-03
4.084812011569738388e-03
4.090076312422752380e-03
4.093607421964406967e-03
4.094819072633981705e-03
4.092943854629993439e-03
4.088534973561763763e-03
4.082096274942159653e-03
4.075126256793737411e-03
4.068684298545122147e-03
4.063832573592662811e-03
4.060709848999977112e-03
4.059259779751300812e-03
4.058768972754478455e-03
4.058630671352148056e-03
4.058310762047767639e-03
4.057435318827629089e-03
4.056154750287532806e-03
4.054521676152944565e-03
4.052968695759773254e-03
4.051706753671169281e-03
4.050994757562875748e-03
4.050892312079668045e-03
4.051425494253635406e-03
4.052543547004461288e-03
4.054204095155000687e-03
4.056362435221672058e-03
4.059049300849437714e-03
4.062282387167215347e-03
4.066240508109331131e-03
4.071028437465429306e-03
4.077021963894367218e-03
4.084414802491664886e-03
4.093870520591735840e-03
4.105669446289539337e-03
4.120804369449615479e-03
4.139217548072338104e-03
4.161741118878126144e-03
4.186558071523904800e-03
4.213681910187005997e-03
4.237694665789604187e-03
4.257609602063894272e-03
4.265437833964824677e-03
4.261534661054611206e-03
4.240114241838455200e-03
4.206782206892967224e-03
4.163588397204875946e-03
4.120463039726018906e-03
4.084036219865083694e-03
4.060526378452777863e-03
4.051856696605682373e-03
4.056382458657026291e-03
4.070013295859098434e-03
4.087438341230154037e-03
4.103203304111957550e-03
4.112680908292531967e-03
4.113798961043357849e-03
4.105829633772373199e-03
4.091988317668437958e-03
4.075703211128711700e-03
4.061328247189521790e-03
4.051577299833297729e-03
4.047633148729801178e-03
4.048898350447416306e-03
4.053792916238307953e-03
4.060434177517890930e-03
4.067124798893928528e-03
4.072512965649366379e-03
4.075823351740837097e-03
4.076503217220306396e-03
4.074491094797849655e-03
4.070373252034187317e-03
4.064924549311399460e-03
4.059419035911560059e-03
4.054774995893239975e-03
4.051760770380496979e-03
4.050493706017732620e-03
4.050799645483493805e-03
4.052075091749429703e-03
4.053691402077674866e-03
4.055117256939411163e-03
4.055971279740333557e-03
4.056201782077550888e-03
4.055832512676715851e-03
4.055080469697713852e-03
4.054129123687744141e-03
4.053189419209957123e-03
4.052358213812112808e-03
4.051740746945142746e-03
4.051384981721639633e-03
4.051358904689550400e-03
4.051673691719770432e-03
4.052390344440937042e-03
4.053446929901838303e-03
4.054974298924207687e-03
4.056749399751424789e-03
4.058992024511098862e-03
4.061211366206407547e-03
4.063754342496395111e-03
4.065867513418197632e-03
4.068113863468170166e-03
4.069494549185037613e-03
4.070794209837913513e-03
4.070891067385673523e-03
4.070748575031757355e-03
4.069393035024404526e-03
4.067793488502502441e-03
4.065425135195255280e-03
4.063096828758716583e-03
4.060810897499322891e-03
4.059099592268466949e-03
4.058177117258310318e-03
4.058311227709054947e-03
4.059574101120233536e-03
4.061970859766006470e-03
4.065299406647682190e-03
4.069412592798471451e-03
4.073905292898416519e-03
4.078742116689682007e-03
4.083640873432159424e-03
4.088970832526683807e-03
4.094797652214765549e-03
4.102054517716169357e-03
4.110907670110464096e-03
4.122285638004541397e-03
4.135358147323131561e-03
4.150247666984796524e-03
4.164178855717182159e-03
4.176530521363019943e-03
4.183352459222078323e-03
4.184829071164131165e-03
4.178185015916824341e-03
4.165905993431806564e-03
4.147706553339958191e-03
4.127513151615858078e-03
4.106408916413784027e-03
4.087406676262617111e-03
4.071500152349472046e-03
4.059838131070137024e-03
4.052808973938226700e-03
4.050187300890684128e-03
4.051551688462495804e-03
4.055866971611976624e-03
4.061897750943899155e-03
4.068247508257627487e-03
4.073769319802522659e-03
4.077409859746694565e-03
4.078983329236507416e-03
4.078262951225042343e-03
4.075849428772926331e-03
4.071917384862899780e-03
4.067216999828815460e-03
4.062048625200986862e-03
4.057054873555898666e-03
4.052548669278621674e-03
4.048869479447603226e-03
4.046199843287467957e-03
4.044600762426853180e-03
4.043988417834043503e-03
4.044186323881149292e-03
4.044997505843639374e-03
4.046198446303606033e-03
4.047581925988197327e-03
4.048980306833982468e-03
4.050287418067455292e-03
4.051432013511657715e-03
4.052405245602130890e-03
4.053190816193819046e-03
4.053859040141105652e-03
4.054399672895669937e-03
4.054917953908443451e-03
4.055440425872802734e-03
4.056093748658895493e-03
4.056936129927635193e-03
4.058106336742639542e-03
4.059692379087209702e-03
4.061811603605747223e-03
4.064532462507486343e-03
4.068003967404365540e-03
4.072287119925022125e-03
4.077514167875051498e-03
4.083609208464622498e-03
4.090699367225170135e-03
4.098255187273025513e-03
4.106206819415092468e-03
4.113054834306240082e-03
4.118482582271099091e-03
4.119985736906528473e-03
4.117681644856929779e-03
4.109904170036315918e-03
4.098650533705949783e-03
4.085164982825517654e-03
4.072890616953372955e-03
4.064039792865514755e-03
4.060274455696344376e-03
4.061234649270772934e-03
4.065597429871559143e-03
4.071335773915052414e-03
4.075669217854738235e-03
4.077728372067213058e-03
4.075435921549797058e-03
4.070405382663011551e-03
4.062968306243419647e-03
4.055842757225036621e-03
4.050449002534151077e-03
4.047899972647428513e-03
4.048217553645372391e-03
4.050588700920343399e-03
4.053883720189332962e-03
4.056947305798530579e-03
4.058971069753170013e-03
4.059512633830308914e-03
4.058788064867258072e-03
4.057245329022407532e-03
4.055746365338563919e-03
4.055088385939598083e-03
4.055975005030632019e-03
4.058721009641885757e-03
4.063551779836416245e-03
4.070310853421688080e-03
4.079083912074565887e-03
4.089848138391971588e-03
4.103283397853374481e-03
4.119854886084794998e-03
4.141364246606826782e-03
4.168092273175716400e-03
4.202471114695072174e-03
4.241904709488153458e-03
4.286841955035924911e-03
4.326703958213329315e-03
4.357365891337394714e-03
4.361072089523077011e-03
4.336709156632423401e-03
4.277548752725124359e-03
4.200899042189121246e-03
4.123546183109283447e-03
4.067874979227781296e-03
4.044492729008197784e-03
4.052199423313140869e-03
4.079793114215135574e-03
4.111815709620714188e-03
4.134567920118570328e-03
4.138715099543333054e-03
4.125132691115140915e-03
4.099465906620025635e-03
4.072729032486677170e-03
4.053369630128145218e-03
4.045874811708927155e-03
4.049529787153005600e-03
4.060012288391590118e-03
4.071539267897605896e-03
4.078905563801527023e-03
4.079319071024656296e-03
4.072687122970819473e-03
4.062443040311336517e-03
4.052406176924705505e-03
4.045787267386913300e-03
4.043751861900091171e-03
4.045591689646244049e-03
4.049590323120355606e-03
4.053725395351648331e-03
4.056375939399003983e-03
4.056677687913179398e-03
4.054598975926637650e-03
4.050820600241422653e-03
4.046655260026454926e-03
4.043256398290395737e-03
4.041380248963832855e-03
4.041149746626615524e-03
4.042172338813543320e-03
4.043817985802888870e-03
4.045435693114995956e-03
4.046538379043340683e-03
4.046865738928318024e-03
4.046396352350711823e-03
4.045268055051565170e-03
4.043783526867628098e-03
4.042263142764568329e-03
4.041005391627550125e-03
4.040193744003772736e-03
4.039876163005828857e-03
4.039969760924577713e-03
4.040333442389965057e-03
4.040825180709362030e-03
4.041319247335195541e-03
4.041725303977727890e-03
4.041971173137426376e-03
4.042042419314384460e-03
4.041941370815038681e-03
4.041701089590787888e-03
4.041367676109075546e-03
4.041002131998538971e-03
4.040658008307218552e-03
4.040346015244722366e-03
4.040092229843139648e-03
4.039907362312078476e-03
4.039787687361240387e-03
4.039720166474580765e-03
4.039689898490905762e-03
4.039685707539319992e-03
4.039698746055364609e-03
4.039724823087453842e-03
4.039753228425979614e-03
4.039798397570848465e-03
4.039842635393142700e-03
4.039903171360492706e-03
4.039979074150323868e-03
4.040074069052934647e-03
4.040198866277933121e-03
4.040379077196121216e-03
4.040616098791360855e-03
4.040960688143968582e-03
4.041416104882955551e-03
4.042055457830429077e-03
4.042909946292638779e-03
4.044112749397754669e-03
4.045709501951932907e-03
4.048002883791923523e-03
4.050992894917726517e-03
4.055302590131759644e-03
4.060727544128894806e-03
4.068447742611169815e-03
4.077441990375518799e-03
4.089539870619773865e-03
4.101154860109090805e-03
4.114491865038871765e-03
4.121396224945783615e-03
4.124557133764028549e-03
4.114960785955190659e-03
4.099240060895681381e-03
4.078263882547616959e-03
4.062131047248840332e-03
4.056803416460752487e-03
4.065233748406171799e-03
4.085364285856485367e-03
4.111242014914751053e-03
4.136525560170412064e-03
4.155567847192287445e-03
4.169174004346132278e-03
4.189901053905487061e-03
4.229633137583732605e-03
4.292362835258245468e-03
4.347474779933691025e-03
4.380903672426939011e-03
4.376775119453668594e-03
4.358670208603143692e-03
4.313913639634847641e-03
4.247947596013545990e-03
4.163913894444704056e-03
4.087285604327917099e-03
4.044278524816036224e-03
4.046028479933738708e-03
4.081674851477146149e-03
4.125625360757112503e-03
4.153226036578416824e-03
4.151432774960994720e-03
4.126139450818300247e-03
4.092340823262929916e-03
4.066216293722391129e-03
4.053100012242794037e-03
4.050579853355884552e-03
4.054388031363487244e-03
4.062272142618894577e-03
4.071124829351902008e-03
4.076770972460508347e-03
4.076070152223110199e-03
4.068105481564998627e-03
4.055807832628488541e-03
4.044200759381055832e-03
4.037920385599136353e-03
4.038633778691291809e-03
4.044287372380495071e-03
4.050738643854856491e-03
4.054307471960783005e-03
4.053694196045398712e-03
4.049878101795911789e-03
4.045093432068824768e-03
4.041201435029506683e-03
4.039047285914421082e-03
4.038488026708364487e-03
4.038938321173191071e-03
4.039896186441183090e-03
4.041001200675964355e-03
4.041974432766437531e-03
4.042477812618017197e-03
4.042250569909811020e-03
4.041231237351894379e-03
4.039682913571596146e-03
4.038089886307716370e-03
4.036939237266778946e-03
4.036493133753538132e-03
4.036715254187583923e-03
4.037317819893360138e-03
4.037953913211822510e-03
4.038353916257619858e-03
4.038450308144092560e-03
4.038275685161352158e-03
4.037944599986076355e-03
4.037574399262666702e-03
4.037216305732727051e-03
4.036904312670230865e-03
4.036621190607547760e-03
4.036379512399435043e-03
4.036192782223224640e-03
4.036086611449718475e-03
4.036067519336938858e-03
4.036128986626863480e-03
4.036237951368093491e-03
4.036349244415760040e-03
4.036424681544303894e-03
4.036455880850553513e-03
4.036428406834602356e-03
4.036364611238241196e-03
4.036278929561376572e-03
4.036186728626489639e-03
4.036090336740016937e-03
4.036000929772853851e-03
4.035914782434701920e-03
4.035826772451400757e-03
4.035739693790674210e-03
4.035652615129947662e-03
4.035568330436944962e-03
4.035498015582561493e-03
4.035430960357189178e-03
4.035374615341424942e-03
4.035328049212694168e-03
4.035289864987134933e-03
4.035254009068012238e-03
4.035220947116613388e-03
4.035186953842639923e-03
4.035148769617080688e-03
4.035120364278554916e-03
4.035081714391708374e-03
4.035043064504861832e-03
4.035009536892175674e-03
4.034976474940776825e-03
4.034945741295814514e-03
4.034914076328277588e-03
4.034891258925199509e-03
4.034860525280237198e-03
4.034833982586860657e-03
4.034809768199920654e-03
4.034789744764566422e-03
4.034770186990499496e-03
4.034760408103466034e-03
4.034753888845443726e-03
4.034766461700201035e-03
4.034795332700014114e-03
4.034860990941524506e-03
4.034968093037605286e-03
4.035145044326782227e-03
4.035420250147581100e-03
4.035868216305971146e-03
4.036561120301485062e-03
4.037651233375072479e-03
4.039357416331768036e-03
4.042026586830615997e-03
4.046216607093811035e-03
4.052854143083095551e-03
4.063305445015430450e-03
4.079967271536588669e-03
4.106011241674423218e-03
4.147166386246681213e-03
4.209336359053850174e-03
4.303155466914176941e-03
4.430804401636123657e-03
4.596977960318326950e-03
4.760527517646551132e-03
4.879786167293787003e-03
4.844705574214458466e-03
4.652723670005798340e-03
4.361463245004415512e-03
4.150243476033210754e-03
4.076850134879350662e-03
4.143587313592433929e-03
4.274513572454452515e-03
4.335485398769378662e-03
4.317565355449914932e-03
4.283623304218053818e-03
4.261444322764873505e-03
4.168264102190732956e-03
4.079199861735105515e-03
4.092673771083354950e-03
4.184390418231487274e-03
4.257736727595329285e-03
4.230461083352565765e-03
4.128370899707078934e-03
4.048231057822704315e-03
4.050398711115121841e-03
4.110978916287422180e-03
4.147707950323820114e-03
4.118794109672307968e-03
4.062420222908258438e-03
4.040172789245843887e-03
4.060357343405485153e-03
4.086171276867389679e-03
4.087059292942285538e-03
4.067665897309780121e-03
4.049197770655155182e-03
4.045024048537015915e-03
4.051108378916978836e-03
4.056233912706375122e-03
4.055742640048265457e-03
4.052158445119857788e-03
4.048232920467853546e-03
4.044109489768743515e-03
4.040662664920091629e-03
4.040845669806003571e-03
4.044337198138237000e-03
4.046287853270769119e-03
4.043156746774911880e-03
4.037315957248210907e-03
4.034397192299365997e-03
4.036664031445980072e-03
4.040758591145277023e-03
4.041797947138547897e-03
4.038603976368904114e-03
4.034419078379869461e-03
4.033001139760017395e-03
4.034894984215497971e-03
4.037343896925449371e-03
4.037567880004644394e-03
4.035560414195060730e-03
4.033414181321859360e-03
4.032893106341362000e-03
4.033844452351331711e-03
4.034896846860647202e-03
4.034982994198799133e-03
4.034182988107204437e-03
4.033270757645368576e-03
4.032865166664123535e-03
4.032980650663375854e-03
4.033235833048820496e-03
4.033307544887065887e-03
4.033169243484735489e-03
4.032953176647424698e-03
4.032731987535953522e-03
4.032555967569351196e-03
4.032431636005640030e-03
4.032393451780080795e-03
4.032447934150695801e-03
4.032512661069631577e-03
4.032475873827934265e-03
4.032297991216182709e-03
4.032076336443424225e-03
4.031925927847623825e-03
4.031913354992866516e-03
4.031999502331018448e-03
4.032059106975793839e-03
4.032017663121223450e-03
4.031876567751169205e-03
4.031721036881208420e-03
4.031626973301172256e-03
4.031619988381862640e-03
4.031646996736526489e-03
4.031653515994548798e-03
4.031614400446414948e-03
4.031533375382423401e-03
4.031450487673282623e-03
4.031393676996231079e-03
4.031364340335130692e-03
4.031345248222351074e-03
4.031320568174123764e-03
4.031282383948564529e-03
4.031238146126270294e-03
4.031195305287837982e-03
4.031157586723566055e-03
4.031122662127017975e-03
4.031079355627298355e-03
4.031041171401739120e-03
4.031003918498754501e-03
4.030971787869930267e-03
4.030942451208829880e-03
4.030908457934856415e-03
4.030876327306032181e-03
4.030836746096611023e-03
4.030791576951742172e-03
4.030751530081033707e-03
4.030715674161911011e-03
4.030686337500810623e-03
4.030652809888124466e-03
4.030619282275438309e-03
4.030586685985326767e-03
4.030549898743629456e-03
4.030515439808368683e-03
4.030479118227958679e-03
4.030442796647548676e-03
4.030408803373575211e-03
4.030373413115739822e-03
4.030340816825628281e-03
4.030308686196804047e-03
4.030273295938968658e-03
4.030236974358558655e-03
4.030201584100723267e-03
4.030170850455760956e-03
4.030134994536638260e-03
4.030101466923952103e-03
4.030069336295127869e-03
4.030031152069568634e-03
4.029994830489158630e-03
4.029963631182909012e-03
4.029926843941211700e-03
4.029892385005950928e-03
4.029856529086828232e-03
4.029827658087015152e-03
4.029793199151754379e-03
4.029758274555206299e-03
4.029721021652221680e-03
4.029685631394386292e-03
4.029653500765562057e-03
4.029618110507726669e-03
4.029587842524051666e-03
4.029551520943641663e-03
4.029518458992242813e-03
4.029483534395694733e-03
4.029450006783008575e-03
4.029415082186460495e-03
4.029381088912487030e-03
4.029345698654651642e-03
4.029318224638700485e-03
4.029276780784130096e-03
4.029246047139167786e-03
4.029212519526481628e-03
4.029177129268646240e-03
4.029142670333385468e-03
4.029109608381986618e-03
4.029077943414449692e-03
4.029048141092061996e-03
4.029006231576204300e-03
4.028973169624805450e-03
4.028941970318555832e-03
4.028906580060720444e-03
4.028871655464172363e-03
4.028842318803071976e-03
4.028807859867811203e-03
4.028775729238986969e-03
4.028741735965013504e-03
4.028706345707178116e-03
4.028672818094491959e-03
4.028645809739828110e-03
4.028614610433578491e-03
4.028581548482179642e-03
4.028555471450090408e-03
4.028533585369586945e-03
4.028511233627796173e-03
4.028500523418188095e-03
4.028488416224718094e-03
4.028490278869867325e-03
4.028513561934232712e-03
4.028557799756526947e-03
4.028644412755966187e-03
4.028785508126020432e-03
4.029017407447099686e-03
4.029381554573774338e-03
4.029947798699140549e-03
4.030848853290081024e-03
4.032249096781015396e-03
4.034443292766809464e-03
4.037858452647924423e-03
4.043255466967821121e-03
4.051670432090759277e-03
4.065010230988264084e-03
4.085537511855363846e-03
4.117698874324560165e-03
4.165104124695062637e-03
4.235800821334123611e-03
4.328521434217691422e-03
4.448701627552509308e-03
4.567156080156564713e-03
4.668136127293109894e-03
4.684920422732830048e-03
4.611776676028966904e-03
4.441631026566028595e-03
4.254535306245088577e-03
4.122854210436344147e-03
4.085707012563943863e-03
4.137049894779920578e-03
4.225738346576690674e-03
4.291455727070569992e-03
4.294009413570165634e-03
4.232730250805616379e-03
4.134186543524265289e-03
4.058435093611478806e-03
4.060872830450534821e-03
4.135708790272474289e-03
4.207044374197721481e-03
4.197559319436550140e-03
4.124798346310853958e-03
4.051369614899158478e-03
4.029171075671911240e-03
4.059939179569482803e-03
4.101630300283432007e-03
4.112844821065664291e-03
4.086760804057121277e-03
4.051989410072565079e-03
4.036078695207834244e-03
4.042557440698146820e-03
4.056734964251518250e-03
4.064875189214944839e-03
4.061616491526365280e-03
4.050005227327346802e-03
4.038086626678705215e-03
4.032484255731105804e-03
4.035037476569414139e-03
4.041946958750486374e-03
4.046590067446231842e-03
4.044755361974239349e-03
4.037480335682630539e-03
4.030162468552589417e-03
4.027915652841329575e-03
4.031450953334569931e-03
4.036519676446914673e-03
4.038209561258554459e-03
4.035244695842266083e-03
4.030197393149137497e-03
4.026897717267274857e-03
4.027143586426973343e-03
4.029716365039348602e-03
4.031977150589227676e-03
4.032067954540252686e-03
4.030149430036544800e-03
4.027805291116237640e-03
4.026599228382110596e-03
4.026885144412517548e-03
4.027930554002523422e-03
4.028723575174808502e-03
4.028689581900835037e-03
4.027977585792541504e-03
4.027092829346656799e-03
4.026483278721570969e-03
4.026333801448345184e-03
4.026542417705059052e-03
4.026845563203096390e-03
4.027019254863262177e-03
4.026945214718580246e-03
4.026654642075300217e-03
4.026276059448719025e-03
4.025964066386222839e-03
4.025819711387157440e-03
4.025870934128761292e-03
4.026015754789113998e-03
4.026132635772228241e-03
4.026108421385288239e-03
4.025946836918592453e-03
4.025718197226524353e-03
4.025521688163280487e-03
4.025425761938095093e-03
4.025436006486415863e-03
4.025501664727926254e-03
4.025548230856657028e-03
4.025535658001899719e-03
4.025456495583057404e-03
4.025333561003208160e-03
4.025219008326530457e-03
4.025144502520561218e-03
4.025113768875598907e-03
4.025110974907875061e-03
4.025113768875598907e-03
4.025097005069255829e-03
4.025056492537260056e-03
4.025004338473081589e-03
4.024943336844444275e-03
4.024888388812541962e-03
4.024845547974109650e-03
4.024804569780826569e-03
4.024770110845565796e-03
4.024741239845752716e-03
4.024708177894353867e-03
4.024681635200977325e-03
4.024644847959280014e-03
4.024608992040157318e-03
4.024570342153310776e-03
4.024534020572900772e-03
4.024491645395755768e-03
4.024452529847621918e-03
4.024416673928499222e-03
4.024379421025514603e-03
4.024344496428966522e-03
4.024310968816280365e-03
4.024281632155179977e-03
4.024251829832792282e-03
4.024214111268520355e-03
4.024183377623558044e-03
4.024145659059286118e-03
4.024109803140163422e-03
4.024069290608167648e-03
4.024036228656768799e-03
4.023998044431209564e-03
4.023967776447534561e-03
4.023928660899400711e-03
4.023898858577013016e-03
4.023865330964326859e-03
4.023829940706491470e-03
4.023792222142219543e-03
4.023762885481119156e-03
4.023729823529720306e-03
4.023694898933172226e-03
4.023660905659198761e-03
4.023625049740076065e-03
4.023591522127389908e-03
4.023555200546979904e-03
4.023523069918155670e-03
4.023488145321607590e-03
4.023454617708921432e-03
4.023421555757522583e-03
4.023385234177112579e-03
4.023352172225713730e-03
4.023315850645303726e-03
4.023282323032617569e-03
4.023250658065080643e-03
4.023211076855659485e-03
4.023181740194559097e-03
4.023147281259298325e-03
4.023111425340175629e-03
4.023081157356500626e-03
4.023045767098665237e-03
4.023009445518255234e-03
4.022974520921707153e-03
4.022940993309020996e-03
4.022907000035047531e-03
4.022869747132062912e-03
4.022844135761260986e-03
4.022805020213127136e-03
4.022769629955291748e-03
4.022739827632904053e-03
4.022706300020217896e-03
4.022669978439807892e-03
4.022637382149696350e-03
4.022608976811170578e-03
4.022572655230760574e-03
4.022543318569660187e-03
4.022512119263410568e-03
4.022487439215183258e-03
4.022462759166955948e-03
4.022445064038038254e-03
4.022440407425165176e-03
4.022434819489717484e-03
4.022462759166955948e-03
4.022515378892421722e-03
4.022624343633651733e-03
4.022815264761447906e-03
4.023137502372264862e-03
4.023672081530094147e-03
4.024555440992116928e-03
4.025999456644058228e-03
4.028389696031808853e-03
4.032315686345100403e-03
4.038864746689796448e-03
4.049668088555335999e-03
4.067781846970319748e-03
4.097353667020797729e-03
4.146507475525140762e-03
4.223329015076160431e-03
4.344129469245672226e-03
4.508392885327339172e-03
4.720037803053855896e-03
4.900780972093343735e-03
4.986642394214868546e-03
4.848933778703212738e-03
4.562465939670801163e-03
4.285322036594152451e-03
4.170862492173910141e-03
4.204730968922376633e-03
4.345903173089027405e-03
4.503448493778705597e-03
4.564724396914243698e-03
4.532849881798028946e-03
4.366892389953136444e-03
4.145239479839801788e-03
4.125533159822225571e-03
4.398225340992212296e-03
4.721320234239101410e-03
4.747357685118913651e-03
4.428497981280088425e-03
4.140809644013643265e-03
4.177340306341648102e-03
4.269578028470277786e-03
4.265147726982831955e-03
4.226165823638439178e-03
4.149735905230045319e-03
4.072910174727439880e-03
4.134795162826776505e-03
4.218146670609712601e-03
4.131556488573551178e-03
4.027914721518754959e-03
4.083965905010700226e-03
4.143321420997381210e-03
4.096135497093200684e-03
4.058973398059606552e-03
4.066859837621450424e-03
4.063543397933244705e-03
4.067018628120422363e-03
4.078404977917671204e-03
4.052495118230581284e-03
4.027740098536014557e-03
4.050454124808311462e-03
4.066846799105405807e-03
4.041515756398439407e-03
4.025407135486602783e-03
4.040470812469720840e-03
4.046046640723943710e-03
4.035088233649730682e-03
4.032555967569351196e-03
4.033841658383607864e-03
4.029485397040843964e-03
4.030258394777774811e-03
4.035089630633592606e-03
4.030201118439435959e-03
4.022775683552026749e-03
4.026384092867374420e-03
4.031913820654153824e-03
4.027440212666988373e-03
4.022076260298490524e-03
4.024695605039596558e-03
4.027126822620630264e-03
4.024602007120847702e-03
4.023329354822635651e-03
4.024373367428779602e-03
4.023444838821887970e-03
4.022255074232816696e-03
4.023480229079723358e-03
4.023919347673654556e-03
4.021987318992614746e-03
4.021089989691972733e-03
4.022434353828430176e-03
4.022939596325159073e-03
4.021605011075735092e-03
4.020891152322292328e-03
4.021533764898777008e-03
4.021774046123027802e-03
4.021158441901206970e-03
4.020965192466974258e-03
4.021189175546169281e-03
4.020928405225276947e-03
4.020575899630784988e-03
4.020787309855222702e-03
4.020951222628355026e-03
4.020556807518005371e-03
4.020222928375005722e-03
4.020400810986757278e-03
4.020573571324348450e-03
4.020361695438623428e-03
4.020099062472581863e-03
4.020116757601499557e-03
4.020189400762319565e-03
4.020085092633962631e-03
4.019965883344411850e-03
4.019966349005699158e-03
4.019938874989748001e-03
4.019815009087324142e-03
4.019760526716709137e-03
4.019794519990682602e-03
4.019766114652156830e-03
4.019645974040031433e-03
4.019568674266338348e-03
4.019581247121095657e-03
4.019580781459808350e-03
4.019506275653839111e-03
4.019427578896284103e-03
4.019403830170631409e-03
4.019381478428840637e-03
4.019329324364662170e-03
4.019277170300483704e-03
4.019247367978096008e-03
4.019215237349271774e-03
4.019167274236679077e-03
4.019120708107948303e-03
4.019093234091997147e-03
4.019068088382482529e-03
4.019022453576326370e-03
4.018970299512147903e-03
4.018936771899461746e-03
4.018911160528659821e-03
4.018874838948249817e-03
4.018830135464668274e-03
4.018795676529407501e-03
4.018758889287710190e-03
4.018728155642747879e-03
4.018684849143028259e-03
4.018648993223905563e-03
4.018619190901517868e-03
4.018583800643682480e-03
4.018546547740697861e-03
4.018512088805437088e-03
4.018476698547601700e-03
4.018442239612340927e-03
4.018409643322229385e-03
4.018370527774095535e-03
4.018334671854972839e-03
4.018298350274562836e-03
4.018271341919898987e-03
4.018232226371765137e-03
4.018197301775217056e-03
4.018162842839956284e-03
4.018134437501430511e-03
4.018099512904882431e-03
4.018059000372886658e-03
4.018027335405349731e-03
4.017991479486227036e-03
4.017959814518690109e-03
4.017928149551153183e-03
4.017892759293317795e-03
4.017858766019344330e-03
4.017825704067945480e-03
4.017789848148822784e-03
4.017756786197423935e-03
4.017722327262163162e-03
4.017692524939775467e-03
4.017652943730354309e-03
4.017628729343414307e-03
4.017589148133993149e-03
4.017555620521306992e-03
4.017526749521493912e-03
4.017490893602371216e-03
4.017456434667110443e-03
4.017424769699573517e-03
4.017386585474014282e-03
4.017359111458063126e-03
4.017324186861515045e-03
4.017290659248828888e-03
4.017255734652280807e-03
4.017228260636329651e-03
4.017189145088195801e-03
4.017162136733531952e-03
4.017132334411144257e-03
4.017094150185585022e-03
4.017061088234186172e-03
4.017030820250511169e-03
4.016994498670101166e-03
4.016966093331575394e-03
4.016930237412452698e-03
4.016895312815904617e-03
4.016866907477378845e-03
4.016833379864692688e-03
4.016801714897155762e-03
4.016768652945756912e-03
4.016738384962081909e-03
4.016704391688108444e-03
4.016673192381858826e-03
4.016636405140161514e-03
4.016608465462923050e-03
4.016575869172811508e-03
4.016544669866561890e-03
4.016508813947439194e-03
4.016474820673465729e-03
4.016445018351078033e-03
4.016412887722253799e-03
4.016381222754716873e-03
4.016343969851732254e-03
4.016317892819643021e-03
4.016285296529531479e-03
4.016251303255558014e-03
4.016221035271883011e-03
4.016189835965633392e-03
4.016154911369085312e-03
4.016125574707984924e-03
4.016089718788862228e-03
4.016063641756772995e-03
4.016028717160224915e-03
4.015997983515262604e-03
4.015966784209012985e-03
4.015931859612464905e-03
4.015899263322353363e-03
4.015870392322540283e-03
4.015837796032428741e-03
4.015810787677764893e-03
4.015775397419929504e-03
4.015739075839519501e-03
4.015707876533269882e-03
4.015682265162467957e-03
4.015647340565919876e-03
4.015617538243532181e-03
4.015584476292133331e-03
4.015556070953607559e-03
4.015522077679634094e-03
4.015489947050809860e-03
4.015458747744560242e-03
4.015426151454448700e-03
4.015396814793348312e-03
4.015363752841949463e-03
4.015333484858274460e-03
4.015298560261726379e-03
4.015273414552211761e-03
4.015238024294376373e-03
4.015204962342977524e-03
4.015177953988313675e-03
4.015143029391765594e-03
4.015112761408090591e-03
4.015080630779266357e-03
4.015049431473016739e-03
4.015021491795778275e-03
4.014989826828241348e-03
4.014961887151002884e-03
4.014932084828615189e-03
4.014895297586917877e-03
4.014867823570966721e-03
4.014831036329269409e-03
4.014799837023019791e-03
4.014767240732908249e-03
4.014736972749233246e-03
4.014705773442983627e-03
4.014675505459308624e-03
4.014644771814346313e-03
4.014613106846809387e-03
4.014582838863134384e-03
4.014555364847183228e-03
4.014520905911922455e-03
4.014491569250822067e-03
4.014459904283285141e-03
4.014429170638322830e-03
4.014399833977222443e-03
4.014369565993547440e-03
4.014336969703435898e-03
4.014310427010059357e-03
4.014277365058660507e-03
4.014248959720134735e-03
4.014221485704183578e-03
4.014193080365657806e-03
4.014163743704557419e-03
4.014144185930490494e-03
4.014115780591964722e-03
4.014099948108196259e-03
4.014078993350267410e-03
4.014067817479372025e-03
4.014066420495510101e-03
4.014073405414819717e-03
4.014105536043643951e-03
4.014168865978717804e-03
4.014271311461925507e-03
4.014445468783378601e-03
4.014719743281602859e-03
4.015151411294937134e-03
4.015832208096981049e-03
4.016891587525606155e-03
4.018558654934167862e-03
4.021189641207456589e-03
4.025347996503114700e-03
4.031958989799022675e-03
4.042369313538074493e-03
4.058999475091695786e-03
4.085000138729810715e-03
4.126197658479213715e-03
4.188307095319032669e-03
4.282086621969938278e-03
4.407814703881740570e-03
4.569549113512039185e-03
4.719650838524103165e-03
4.816834349185228348e-03
4.751798231154680252e-03
4.538747947663068771e-03
4.253474064171314240e-03
4.064250271767377853e-03
4.049523267894983292e-03
4.161840770393610001e-03
4.283362999558448792e-03
4.309713374823331833e-03
4.240613430738449097e-03
4.138346295803785324e-03
4.063256084918975830e-03
4.049094859510660172e-03
4.089120775461196899e-03
4.141128621995449066e-03
4.149734042584896088e-03
4.102309234440326691e-03
4.040149971842765808e-03
4.016540478914976120e-03
4.044335335493087769e-03
4.084977786988019943e-03
4.093600902706384659e-03
4.063813481479883194e-03
4.026442766189575195e-03
4.014763981103897095e-03
4.030821379274129868e-03
4.050304181873798370e-03
4.052905831485986710e-03
4.039075225591659546e-03
4.023396875709295273e-03
4.017492290586233139e-03
4.021528176963329315e-03
4.028732422739267349e-03
4.032364580780267715e-03
4.029747564345598221e-03
4.022757057100534439e-03
4.016225226223468781e-03
4.014567937701940536e-03
4.018071107566356659e-03
4.022798035293817520e-03
4.023985937237739563e-03
4.020373802632093430e-03
4.015168640762567520e-03
4.012488760054111481e-03
4.013759084045886993e-03
4.016848746687173843e-03
4.018553998321294785e-03
4.017545841634273529e-03
4.014920908957719803e-03
4.012844059616327286e-03
4.012521822005510330e-03
4.013535100966691971e-03
4.014639183878898621e-03
4.014909733086824417e-03
4.014299716800451279e-03
4.013339523226022720e-03
4.012599587440490723e-03
4.012337420135736465e-03
4.012510646134614944e-03
4.012858495116233826e-03
4.013099242001771927e-03
4.013059660792350769e-03
4.012720193713903427e-03
4.012248478829860687e-03
4.011888056993484497e-03
4.011807963252067566e-03
4.011981189250946045e-03
4.012218210846185684e-03
4.012305289506912231e-03
4.012161865830421448e-03
4.011877346783876419e-03
4.011607728898525238e-03
4.011491313576698303e-03
4.011536017060279846e-03
4.011646378785371780e-03
4.011712968349456787e-03
4.011674318462610245e-03
4.011558834463357925e-03
4.011420067399740219e-03
4.011315759271383286e-03
4.011269658803939819e-03
4.011266864836215973e-03
4.011274315416812897e-03
4.011270590126514435e-03
4.011245444416999817e-03
4.011203069239854813e-03
4.011144395917654037e-03
4.011082462966442108e-03
4.011027049273252487e-03
4.010992124676704407e-03
4.010959062725305557e-03
4.010940901935100555e-03
4.010927397757768631e-03
4.010907374322414398e-03
4.010876175016164780e-03
4.010838922113180161e-03
4.010788165032863617e-03
4.010747186839580536e-03
4.010708071291446686e-03
4.010678734630346298e-03
4.010648466646671295e-03
4.010629840195178986e-03
4.010606091469526291e-03
4.010577686131000519e-03
4.010546952486038208e-03
4.010508302599191666e-03
4.010474309325218201e-03
4.010438453406095505e-03
4.010411910712718964e-03
4.010380711406469345e-03
4.010355565696954727e-03
4.010323900729417801e-03
4.010298289358615875e-03
4.010269418358802795e-03
4.010239150375127792e-03
4.010208882391452789e-03
4.010180477052927017e-03
4.010144155472517014e-03
4.010118544101715088e-03
4.010085016489028931e-03
4.010053817182779312e-03
4.010024014860391617e-03
4.009997937828302383e-03
4.009966272860765457e-03
4.009935073554515839e-03
4.009906202554702759e-03
4.009879194200038910e-03
4.009851720184087753e-03
4.009817726910114288e-03
4.009789321571588516e-03
4.009760450571775436e-03
4.009731113910675049e-03
4.009698051959276199e-03
4.009673371911048889e-03
4.009643569588661194e-03
4.009612370282411575e-03
4.009586758911609650e-03
4.009556956589221954e-03
4.009531345218420029e-03
4.009496420621871948e-03
4.009467549622058868e-03
4.009436815977096558e-03
4.009408876299858093e-03
4.009384196251630783e-03
4.009349737316370010e-03
4.009321797639131546e-03
4.009290132671594620e-03
4.009265918284654617e-03
4.009232390671968460e-03
4.009201657027006149e-03
4.009172320365905762e-03
4.009143449366092682e-03
4.009118769317865372e-03
4.009087570011615753e-03
4.009057767689228058e-03
4.009027034044265747e-03
4.008998163044452667e-03
4.008970689028501511e-03
4.008938092738389969e-03
4.008916672319173813e-03
4.008884076029062271e-03
4.008857998996973038e-03
4.008828662335872650e-03
4.008799791336059570e-03
4.008773714303970337e-03
4.008744843304157257e-03
4.008724354207515717e-03
4.008695948868989944e-03
4.008675459772348404e-03
4.008654970675706863e-03
4.008640535175800323e-03
4.008632153272628784e-03
4.008637275546789169e-03
4.008656367659568787e-03
4.008695948868989944e-03
4.008778370916843414e-03
4.008911084383726120e-03
4.009144380688667297e-03
4.009527154266834259e-03
4.010146483778953552e-03
4.011148121207952499e-03
4.012768622487783432e-03
4.015390761196613312e-03
4.019664134830236435e-03
4.026612732559442520e-03
4.037940409034490585e-03
4.056267905980348587e-03
4.085598979145288467e-03
4.131943918764591217e-03
4.201972857117652893e-03
4.305761773139238358e-03
4.442197270691394806e-03
4.614916630089282990e-03
4.770612344145774841e-03
4.868687596172094345e-03
4.772453568875789642e-03
4.510858096182346344e-03
4.190275911241769791e-03
4.025392699986696243e-03
4.081049934029579163e-03
4.234216641634702682e-03
4.318824969232082367e-03
4.263568203896284103e-03
4.172856453806161880e-03
4.149426706135272980e-03
4.156562965363264084e-03
4.137333482503890991e-03
4.082957748323678970e-03
4.078590311110019684e-03
4.128322005271911621e-03
4.144859034568071365e-03
4.094101022928953171e-03
4.021089524030685425e-03
4.022453911602497101e-03
4.075870849192142487e-03
4.091254901140928268e-03
4.057504702359437943e-03
4.027693532407283783e-03
4.032755270600318909e-03
4.042832180857658386e-03
4.033602308481931686e-03
4.025403875857591629e-03
4.035387653857469559e-03
4.041203763335943222e-03
4.025001078844070435e-03
4.009762778878211975e-03
4.014457110315561295e-03
4.026887938380241394e-03
4.027585033327341080e-03
4.017862491309642792e-03
4.013898782432079315e-03
4.017225001007318497e-03
4.016592632979154587e-03
4.011423327028751373e-03
4.010539967566728592e-03
4.015141166746616364e-03
4.017174243927001953e-03
4.013130906969308853e-03
4.008436575531959534e-03
4.008810035884380341e-03
4.011558834463357925e-03
4.011726938188076019e-03
4.009947180747985840e-03
4.009270109236240387e-03
4.010138567537069321e-03
4.010234493762254715e-03
4.008543677628040314e-03
4.007266368716955185e-03
4.007910843938589096e-03
4.009153228253126144e-03
4.009271971881389618e-03
4.008226096630096436e-03
4.007400013506412506e-03
4.007538314908742905e-03
4.007835872471332550e-03
4.007613286375999451e-03
4.007174633443355560e-03
4.007116425782442093e-03
4.007479175925254822e-03
4.007644485682249069e-03
4.007301758974790573e-03
4.006812348961830139e-03
4.006642382591962814e-03
4.006795585155487061e-03
4.006936214864253998e-03
4.006827715784311295e-03
4.006641916930675507e-03
4.006600938737392426e-03
4.006659612059593201e-03
4.006655886769294739e-03
4.006499424576759338e-03
4.006317816674709320e-03
4.006261471658945084e-03
4.006314557045698166e-03
4.006356466561555862e-03
4.006315954029560089e-03
4.006221890449523926e-03
4.006151109933853149e-03
4.006132017821073532e-03
4.006118979305028915e-03
4.006068687885999680e-03
4.005993716418743134e-03
4.005932249128818512e-03
4.005912225693464279e-03
4.005914088338613510e-03
4.005897790193557739e-03
4.005861002951860428e-03
4.005802329629659653e-03
4.005756229162216187e-03
4.005731083452701569e-03
4.005706403404474258e-03
4.005673341453075409e-03
4.005630034953355789e-03
4.005589056760072708e-03
4.005557857453823090e-03
4.005540162324905396e-03
4.005514550954103470e-03
4.005488008260726929e-03
4.005455411970615387e-03
4.005417227745056152e-03
4.005386028438806534e-03
4.005355294793844223e-03
4.005325492471456528e-03
4.005289636552333832e-03
4.005256108939647675e-03
4.005223978310823441e-03
4.005191847681999207e-03
4.005163908004760742e-03
4.005136899650096893e-03
4.005108494311571121e-03
4.005076363682746887e-03
4.005044698715209961e-03
4.005016293376684189e-03
4.004988353699445724e-03
4.004961345344781876e-03
4.004931077361106873e-03
4.004898946732282639e-03
4.004872869700193405e-03
4.004838876426219940e-03
4.004807677119970322e-03
4.004778340458869934e-03
4.004751797765493393e-03
4.004718270152807236e-03
4.004689864814281464e-03
4.004657734185457230e-03
4.004629794508218765e-03
4.004597198218107224e-03
4.004572983831167221e-03
4.004540387541055679e-03
4.004509653896093369e-03
4.004487302154302597e-03
4.004452377557754517e-03
4.004424903541803360e-03
4.004400689154863358e-03
4.004370886832475662e-03
4.004346206784248352e-03
4.004322458058595657e-03
4.004298709332942963e-03
4.004278220236301422e-03
4.004255402833223343e-03
4.004236310720443726e-03
4.004226531833410263e-03
4.004214890301227570e-03
4.004217218607664108e-03
4.004229325801134109e-03
4.004258662462234497e-03
4.004314541816711426e-03
4.004405345767736435e-03
4.004550166428089142e-03
4.004786256700754166e-03
4.005136899650096893e-03
4.005685914307832718e-03
4.006515257060527802e-03
4.007792100310325623e-03
4.009726457297801971e-03
4.012725781649351120e-03
4.017216153442859650e-03
4.024130292236804962e-03
4.034233279526233673e-03
4.049406852573156357e-03
4.070308525115251541e-03
4.099231678992509842e-03
4.134281538426876068e-03
4.173772409558296204e-03
4.211665596812963486e-03
4.239438101649284363e-03
4.255076870322227478e-03
4.251485224813222885e-03
4.234425257891416550e-03
4.198494367301464081e-03
4.151700995862483978e-03
4.096596036106348038e-03
4.047583322972059250e-03
4.014320205897092819e-03
4.003492649644613266e-03
4.012807272374629974e-03
4.033486824482679367e-03
4.055176861584186554e-03
4.069515969604253769e-03
4.074534866958856583e-03
4.071345087140798569e-03
4.063421860337257385e-03
4.052919335663318634e-03
4.040361382067203522e-03
4.027657676488161087e-03
4.015989601612091064e-03
4.008932039141654968e-03
4.007569514214992523e-03
4.011852201074361801e-03
4.019937478005886078e-03
4.029455594718456268e-03
4.038648214191198349e-03
4.043762106448411942e-03
4.044197034090757370e-03
4.038082901388406754e-03
4.028261173516511917e-03
4.017826169729232788e-03
4.010199569165706635e-03
4.006768111139535904e-03
4.006680566817522049e-03
4.008352290838956833e-03
4.010424483567476273e-03
4.012873861938714981e-03
4.015607293695211411e-03
4.018860403448343277e-03
4.021853208541870117e-03
4.023942165076732635e-03
4.024406895041465759e-03
4.022962879389524460e-03
4.019880667328834534e-03
4.015740938484668732e-03
4.011405166238546371e-03
4.007603973150253296e-03
4.004832357168197632e-03
4.003219306468963623e-03
4.002628382295370102e-03
4.002749454230070114e-03
4.003269597887992859e-03
4.003987181931734085e-03
4.004803020507097244e-03
4.005724098533391953e-03
4.006770905107259750e-03
4.007915034890174866e-03
4.009125754237174988e-03
4.010237287729978561e-03
4.011213779449462891e-03
4.011848941445350647e-03
4.012234043329954147e-03
4.012290854007005692e-03
4.012261517345905304e-03
4.012115765362977982e-03
4.012081306427717209e-03
4.012097604572772980e-03
4.012306220829486847e-03
4.012620542198419571e-03
4.013095051050186157e-03
4.013666883111000061e-03
4.014408681541681290e-03
4.015268292278051376e-03
4.016357008367776871e-03
4.017671104520559311e-03
4.019367042928934097e-03
4.021429922431707382e-03
4.024040419608354568e-03
4.027029499411582947e-03
4.030600655823945999e-03
4.034468438476324081e-03
4.038741346448659897e-03
4.043000284582376480e-03
4.047301132231950760e-03
4.051241092383861542e-03
4.054834134876728058e-03
4.057874903082847595e-03
4.060263279825448990e-03
4.062031861394643784e-03
4.062971100211143494e-03
4.063419066369533539e-03
4.062950611114501953e-03
4.062026739120483398e-03
4.059929400682449341e-03
4.057227168232202530e-03
4.053148441016674042e-03
4.048455972224473953e-03
4.042716231197118759e-03
4.036790225654840469e-03
4.030742216855287552e-03
4.025227390229701996e-03
4.020489752292633057e-03
4.016748629510402679e-03
4.014059901237487793e-03
4.012213088572025299e-03
4.011173266917467117e-03
4.010495264083147049e-03
4.010188393294811249e-03
4.009759519249200821e-03
4.009416326880455017e-03
4.008757416158914566e-03
4.008112009614706039e-03
4.007229581475257874e-03
4.006449133157730103e-03
4.005626309663057327e-03
4.005015362054109573e-03
4.004545044153928757e-03
4.004350863397121429e-03
4.004401620477437973e-03
4.004780668765306473e-03
4.005488473922014236e-03
4.006618633866310120e-03
4.008220974355936050e-03
4.010451491922140121e-03
4.013413097709417343e-03
4.017410799860954285e-03
4.022688604891300201e-03
4.029763862490653992e-03
4.038958810269832611e-03
4.050952382385730743e-03
4.065864719450473785e-03
4.083944950252771378e-03
4.104565363377332687e-03
4.126275423914194107e-03
4.147890489548444748e-03
4.165803547948598862e-03
4.180109594017267227e-03
4.186373669654130936e-03
4.187423270195722580e-03
4.177538678050041199e-03
4.161513410508632660e-03
4.131936002522706985e-03
4.097410477697849274e-03
4.056965466588735580e-03
4.023555666208267212e-03
4.003672394901514053e-03
4.001689143478870392e-03
4.014141391962766647e-03
4.032562486827373505e-03
4.048545844852924347e-03
4.055486526340246201e-03
4.053773824125528336e-03
4.046304151415824890e-03
4.038758575916290283e-03
4.034646786749362946e-03
4.033229313790798187e-03
4.032902419567108154e-03
4.028712399303913116e-03
4.022066481411457062e-03
4.012497141957283020e-03
4.004654008895158768e-03
4.000768996775150299e-03
4.001928027719259262e-03
4.007000941783189774e-03
4.013582132756710052e-03
4.019851330667734146e-03
4.023200366646051407e-03
4.024477675557136536e-03
4.022923298180103302e-03
4.020606633275747299e-03
4.017968662083148956e-03
4.015822894871234894e-03
4.014000762253999710e-03
4.011945798993110657e-03
4.009325522929430008e-03
4.006037488579750061e-03
4.002778325229883194e-03
4.000186920166015625e-03
3.998833708465099335e-03
3.998769447207450867e-03
3.999616485089063644e-03
4.000805784016847610e-03
4.001807887107133865e-03
4.002395085990428925e-03
4.002579022198915482e-03
4.002653528004884720e-03
4.002896137535572052e-03
4.003514535725116730e-03
4.004599060863256454e-03
4.006034228950738907e-03
4.007826093584299088e-03
4.009705036878585815e-03
4.011928569525480270e-03
4.014194011688232422e-03
4.017028491944074631e-03
4.020070657134056091e-03
4.023859743028879166e-03
4.027905408293008804e-03
4.032550845295190811e-03
4.037251230329275131e-03
4.042158834636211395e-03
4.046845249831676483e-03
4.051326308399438858e-03
4.055322613567113876e-03
4.058680031448602676e-03
4.061184823513031006e-03
4.062529187649488449e-03
4.062681458890438080e-03
4.061263520270586014e-03
4.058448132127523422e-03
4.054029937833547592e-03
4.048448987305164337e-03
4.041873384267091751e-03
4.034882877022027969e-03
4.027858842164278030e-03
4.021278582513332367e-03
4.015468992292881012e-03
4.010588862001895905e-03
4.006746225059032440e-03
4.003818146884441376e-03
4.001726396381855011e-03
4.000278655439615250e-03
3.999338950961828232e-03
3.998721949756145477e-03
3.998343832790851593e-03
3.998090047389268875e-03
3.997918684035539627e-03
3.997783642262220383e-03
3.997673280537128448e-03
3.997582476586103439e-03
3.997509367763996124e-03
3.997464664280414581e-03
3.997447900474071503e-03
3.997475374490022659e-03
3.997557330876588821e-03
3.997720312327146530e-03
3.997988998889923096e-03
3.998405300080776215e-03
3.999012056738138199e-03
3.999940585345029831e-03
4.001277964562177658e-03
4.003277979791164398e-03
4.006182774901390076e-03
4.010543227195739746e-03
4.016777034848928452e-03
4.026088863611221313e-03
4.038887098431587219e-03
4.057046491652727127e-03
4.079589620232582092e-03
4.107433371245861053e-03
4.135766532272100449e-03
4.161166958510875702e-03
4.178667906671762466e-03
4.185414873063564301e-03
4.187792073935270309e-03
4.189578816294670105e-03
4.202673677355051041e-03
4.218365997076034546e-03
4.240679554641246796e-03
4.223115276545286179e-03
4.175091627985239029e-03
4.084574989974498749e-03
4.016949329525232315e-03
4.010200966149568558e-03
4.049169365316629410e-03
4.085987806320190430e-03
4.071693401783704758e-03
4.028941504657268524e-03
4.000436514616012573e-03
4.013365134596824646e-03
4.042842891067266464e-03
4.046029876917600632e-03
4.023419227451086044e-03
4.003156442195177078e-03
4.008910153061151505e-03
4.026523325592279434e-03
4.030145704746246338e-03
4.016706719994544983e-03
4.001150373369455338e-03
4.000440705567598343e-03
4.010180477052927017e-03
4.013607744127511978e-03
4.006647504866123199e-03
3.997760359197854996e-03
3.997176419943571091e-03
4.003357142210006714e-03
4.006558097898960114e-03
4.003274254500865936e-03
3.997884225100278854e-03
3.996540326625108719e-03
3.999814391136169434e-03
4.002462141215801239e-03
4.001094494014978409e-03
3.997683990746736526e-03
3.996001556515693665e-03
3.997333347797393799e-03
3.999380860477685928e-03
3.999495878815650940e-03
3.997766412794589996e-03
3.996152430772781372e-03
3.996143583208322525e-03
3.997426014393568039e-03
3.998280502855777740e-03
3.997934050858020782e-03
3.997010178864002228e-03
3.996579442173242569e-03
3.997192252427339554e-03
3.998298663645982742e-03
3.999099135398864746e-03
3.999498207122087479e-03
3.999833948910236359e-03
4.000894259661436081e-03
4.002916626632213593e-03
4.005784168839454651e-03
4.009360913187265396e-03
4.013844765722751617e-03
4.019767511636018753e-03
4.028003662824630737e-03
4.038776271045207977e-03
4.052750300616025925e-03
4.068918991833925247e-03
4.087151028215885162e-03
4.105622414499521255e-03
4.122523590922355652e-03
4.136522300541400909e-03
4.143957048654556274e-03
4.144614562392234802e-03
4.134887363761663437e-03
4.117323551326990128e-03
4.093009512871503830e-03
4.067107569426298141e-03
4.043121356517076492e-03
4.023269284516572952e-03
4.008659627288579941e-03
3.999228123575448990e-03
3.995138220489025116e-03
3.995961975306272507e-03
4.000805784016847610e-03
4.008232150226831436e-03
4.016570746898651123e-03
4.024796187877655029e-03
4.031325224786996841e-03
4.035824909806251526e-03
4.037336912006139755e-03
4.035868681967258453e-03
4.031803924590349197e-03
4.025663249194622040e-03
4.018448293209075928e-03
4.010830540210008621e-03
4.003994632512331009e-03
3.998741507530212402e-03
3.995561972260475159e-03
3.994270693510770798e-03
3.994231577962636948e-03
3.994774539023637772e-03
3.995513543486595154e-03
3.996403422206640244e-03
3.997588995844125748e-03
3.999203909188508987e-03
4.001234192401170731e-03
4.003429785370826721e-03
4.005636554211378098e-03
4.007535520941019058e-03
4.009227734059095383e-03
4.010627046227455139e-03
4.012038465589284897e-03
4.013461526483297348e-03
4.015058744698762894e-03
4.016736987978219986e-03
4.018521867692470551e-03
4.020359367132186890e-03
4.022336099296808243e-03
4.024423193186521530e-03
4.026673268526792526e-03
4.028848372399806976e-03
4.030978307127952576e-03
4.032682161778211594e-03
4.034039564430713654e-03
4.034767858684062958e-03
4.035025369375944138e-03
4.034685436636209488e-03
4.033869132399559021e-03
4.032613709568977356e-03
4.030934534966945648e-03
4.028969444334506989e-03
4.026717972010374069e-03
4.024367779493331909e-03
4.021965898573398590e-03
4.019711166620254517e-03
4.017720464617013931e-03
4.015990532934665680e-03
4.014608915895223618e-03
4.013416357338428497e-03
4.012444056570529938e-03
4.011491779237985611e-03
4.010645207017660141e-03
4.009791184216737747e-03
4.009093157947063446e-03
4.008527379482984543e-03
4.008229356259107590e-03
4.008198156952857971e-03
4.008505493402481079e-03
4.009146708995103836e-03
4.010176286101341248e-03
4.011613316833972931e-03
4.013551399111747742e-03
4.016044083982706070e-03
4.019219428300857544e-03
4.023090004920959473e-03
4.027788992971181870e-03
4.033217206597328186e-03
4.039399791508913040e-03
4.046015441417694092e-03
4.052867181599140167e-03
4.059564322233200073e-03
4.065608605742454529e-03
4.070768598467111588e-03
4.074302036315202713e-03
4.076496697962284088e-03
4.076325800269842148e-03
4.074491560459136963e-03
4.069770220667123795e-03
4.063351079821586609e-03
4.054295830428600311e-03
4.044199362397193909e-03
4.033110570162534714e-03
4.022644367069005966e-03
4.013482946902513504e-03
4.006367176771163940e-03
4.001499153673648834e-03
3.998535219579935074e-03
3.997026942670345306e-03
3.996203653514385223e-03
3.995731007307767868e-03
3.995092120021581650e-03
3.994369413703680038e-03
3.993516787886619568e-03
3.992813639342784882e-03
3.992405720055103302e-03
3.992442972958087921e-03
3.992971032857894897e-03
3.993960097432136536e-03
3.995364997535943985e-03
3.997046966105699539e-03
3.999040927737951279e-03
4.001174587756395340e-03
4.003691952675580978e-03
4.006331320852041245e-03
4.009537398815155029e-03
4.012980964034795761e-03
4.017196595668792725e-03
4.021745640784502029e-03
4.027209710329771042e-03
4.033169709146022797e-03
4.040097817778587341e-03
4.047632217407226562e-03
4.055894445627927780e-03
4.064693581312894821e-03
4.073606338351964951e-03
4.082755185663700104e-03
4.090776201337575912e-03
4.098239820450544357e-03
4.102336708456277847e-03
4.104058723896741867e-03
4.099584650248289108e-03
4.090958274900913239e-03
4.075991921126842499e-03
4.058479797095060349e-03
4.040034953504800797e-03
4.024227149784564972e-03
4.012874793261289597e-03
4.006256349384784698e-03
4.003677051514387131e-03
4.002841189503669739e-03
4.002694506198167801e-03
4.001296591013669968e-03
3.999159671366214752e-03
3.996384795755147934e-03
3.994396422058343887e-03
3.993975464254617691e-03
3.995509818196296692e-03
3.998756874352693558e-03
4.002790432423353195e-03
4.007078241556882858e-03
4.010199103504419327e-03
4.012489691376686096e-03
4.012792836874723434e-03
4.012328572571277618e-03
4.010820295661687851e-03
4.009454045444726944e-03
4.008355550467967987e-03
4.007866606116294861e-03
4.007852170616388321e-03
4.007977899163961411e-03
4.008039832115173340e-03
4.007637966424226761e-03
4.006941802799701691e-03
4.006003029644489288e-03
4.005340393632650375e-03
4.005335737019777298e-03
4.006302915513515472e-03
4.008429590612649918e-03
4.011433571577072144e-03
4.015286453068256378e-03
4.019106272608041763e-03
4.023077897727489471e-03
4.026062320917844772e-03
4.028656519949436188e-03
4.029993433505296707e-03
4.030893091112375259e-03
4.031089134514331818e-03
4.031265154480934143e-03
4.031617194414138794e-03
4.032385069876909256e-03
4.033830948173999786e-03
4.035495221614837646e-03
4.037568811327219009e-03
4.039049148559570312e-03
4.040435887873172760e-03
4.040740896016359329e-03
4.040816798806190491e-03
4.040205851197242737e-03
4.039696417748928070e-03
4.039159510284662247e-03
4.038729704916477203e-03
4.038158338516950607e-03
4.036777652800083160e-03
4.034387413412332535e-03
4.030211828649044037e-03
4.024785012006759644e-03
4.018009640276432037e-03
4.011048935353755951e-03
4.004364833235740662e-03
3.998794127255678177e-03
3.994558472186326981e-03
3.991686739027500153e-03
3.989988472312688828e-03
3.989151213318109512e-03
3.988907672464847565e-03
3.989007323980331421e-03
3.989322576671838760e-03
3.989746328443288803e-03
3.990304190665483475e-03
3.990950062870979309e-03
3.991790581494569778e-03
3.992790821939706802e-03
3.994127269834280014e-03
3.995781764388084412e-03
3.997987601906061172e-03
4.000770859420299530e-03
4.004523623734712601e-03
4.009293392300605774e-03
4.015633370727300644e-03
4.023581277579069138e-03
4.033830016851425171e-03
4.046170040965080261e-03
4.060870967805385590e-03
4.077307414263486862e-03
4.094738978892564774e-03
4.112733528017997742e-03
4.129382781684398651e-03
4.146028310060501099e-03
4.159074276685714722e-03
4.171629901975393295e-03
4.173757974058389664e-03
4.169017076492309570e-03
4.141039215028285980e-03
4.100616089999675751e-03
4.050029441714286804e-03
4.011074546724557877e-03
3.995573148131370544e-03
4.002777393907308578e-03
4.020429216325283051e-03
4.030198324471712112e-03
4.026701673865318298e-03
4.009839147329330444e-03
3.994856961071491241e-03
3.992280922830104828e-03
4.002007655799388885e-03
4.014881793409585953e-03
4.019224550575017929e-03
4.015030339360237122e-03
4.004400689154863358e-03
3.997234627604484558e-03
3.997232299298048019e-03
4.002007655799388885e-03
4.005623050034046173e-03
4.003608133643865585e-03
3.997298888862133026e-03
3.990704659372568130e-03
3.987866453826427460e-03
3.989294636994600296e-03
3.992314450442790985e-03
3.993891179561614990e-03
3.992416430264711380e-03
3.989332821220159531e-03
3.986676689237356186e-03
3.986026626080274582e-03
3.987233620136976242e-03
3.988876938819885254e-03
3.989564720541238785e-03
3.988837823271751404e-03
3.987439908087253571e-03
3.986287862062454224e-03
3.986062016338109970e-03
3.986711613833904266e-03
3.987688105553388596e-03
3.988374024629592896e-03
3.988507203757762909e-03
3.988338168710470200e-03
3.988308832049369812e-03
3.988869022578001022e-03
3.990251105278730392e-03
3.992452286183834076e-03
3.995554056018590927e-03
3.999475855380296707e-03
4.004916641861200333e-03
4.011978395283222198e-03
4.022103268653154373e-03
4.035301972180604935e-03
4.053127020597457886e-03
4.074429161846637726e-03
4.098880104720592499e-03
4.123623948544263840e-03
4.144791513681411743e-03
4.159950651228427887e-03
4.163895267993211746e-03
4.157525021582841873e-03
4.137774463742971420e-03
4.109478555619716644e-03
4.074408207088708878e-03
4.040095489472150803e-03
4.011541139334440231e-03
3.993223421275615692e-03
3.986022435128688812e-03
3.987881354987621307e-03
3.995108883827924728e-03
4.003893584012985229e-03
4.012100864201784134e-03
4.018944688141345978e-03
4.024999681860208511e-03
4.030859563499689102e-03
4.035325720906257629e-03
4.037340637296438217e-03
4.033893346786499023e-03
4.025626461952924728e-03
4.012935329228639603e-03
4.000173881649971008e-03
3.990253433585166931e-03
3.985180985182523727e-03
3.984803799539804459e-03
3.987703472375869751e-03
3.992404788732528687e-03
3.997582476586103439e-03
4.002990666776895523e-03
4.007688723504543304e-03
4.012150689959526062e-03
4.015332553535699844e-03
4.017396830022335052e-03
4.017530009150505066e-03
4.015856422483921051e-03
4.012579098343849182e-03
4.008163232356309891e-03
4.003325942903757095e-03
3.998381551355123520e-03
3.993900958448648453e-03
3.989954479038715363e-03
3.986855037510395050e-03
3.984651993960142136e-03
3.983431495726108551e-03
3.983099013566970825e-03
3.983489703387022018e-03
3.984372597187757492e-03
3.985492046922445297e-03
3.986676689237356186e-03
3.987804520875215530e-03
3.988889511674642563e-03
3.989978227764368057e-03
3.991204313933849335e-03
3.992707002907991409e-03
3.994649276137351990e-03
3.997284919023513794e-03
4.000699613243341446e-03
4.005260765552520752e-03
4.010787233710289001e-03
4.017762839794158936e-03
4.025330767035484314e-03
4.033881239593029022e-03
4.041596781462430954e-03
4.048532340675592422e-03
4.052468575537204742e-03
4.053561482578516006e-03
4.051237367093563080e-03
4.046607296913862228e-03
4.041262902319431305e-03
4.036492668092250824e-03
4.034080542623996735e-03
4.033397883176803589e-03
4.035344347357749939e-03
4.036208614706993103e-03
4.036994650959968567e-03
4.032243508845567703e-03
4.024795722216367722e-03
4.012569785118103027e-03
4.000630229711532593e-03
3.991431556642055511e-03
3.987700678408145905e-03
3.989472519606351852e-03
3.994602710008621216e-03
4.000694956630468369e-03
4.003933165222406387e-03
4.004545975476503372e-03
4.001079592853784561e-03
3.997092135250568390e-03
3.993924707174301147e-03
3.993723075836896896e-03
3.996389918029308319e-03
4.001013934612274170e-03
4.006360191851854324e-03
4.011114127933979034e-03
4.015161190181970596e-03
4.018297418951988220e-03
4.021858330816030502e-03
4.026879556477069855e-03
4.034561570733785629e-03
4.045549780130386353e-03
4.058139398694038391e-03
4.070527851581573486e-03
4.078066907823085785e-03
4.078827332705259323e-03
4.071477800607681274e-03
4.058574791997671127e-03
4.044427070766687393e-03
4.031789954751729965e-03
4.022571723908185959e-03
4.014807753264904022e-03
4.008139483630657196e-03
4.000255372375249863e-03
3.992621786892414093e-03
3.985764924436807632e-03
3.981726244091987610e-03
3.981232643127441406e-03
3.984012175351381302e-03
3.988870419561862946e-03
3.994251601397991180e-03
3.999239299446344376e-03
4.003201611340045929e-03
4.006645176559686661e-03
4.010078031569719315e-03
4.014376550912857056e-03
4.020141903311014175e-03
4.027052316814661026e-03
4.035127349197864532e-03
4.042071290314197540e-03
4.047492984682321548e-03
4.048394504934549332e-03
4.045206122100353241e-03
4.037587903439998627e-03
4.027861170470714569e-03
4.018340259790420532e-03
4.010661039501428604e-03
4.005818627774715424e-03
4.002673551440238953e-03
4.000788554549217224e-03
3.997941967099905014e-03
3.994544502347707748e-03
3.989718388766050339e-03
3.985078539699316025e-03
3.981295507401227951e-03
3.979437518864870071e-03
3.979672677814960480e-03
3.981604240834712982e-03
3.984526265412569046e-03
3.987679723650217056e-03
3.990637604147195816e-03
3.993086982518434525e-03
3.995451610535383224e-03
3.998153377324342728e-03
4.002085421234369278e-03
4.008105024695396423e-03
4.016776103526353836e-03
4.028909839689731598e-03
4.043474793434143066e-03
4.060292150825262070e-03
4.075398202985525131e-03
4.086850211024284363e-03
4.090879112482070923e-03
4.087087232619524002e-03
4.078488331288099289e-03
4.068293143063783646e-03
4.061773419380187988e-03
4.057685378938913345e-03
4.057271871715784073e-03
4.050736781209707260e-03
4.040254745632410049e-03
4.019159357994794846e-03
3.997600171715021133e-03
3.981540910899639130e-03
3.977291751652956009e-03
3.983539063483476639e-03
3.993903752416372299e-03
4.002143628895282745e-03
4.002610687166452408e-03
3.997368272393941879e-03
3.989994525909423828e-03
3.986565396189689636e-03
3.989481367170810699e-03
3.997028339654207230e-03
4.006222821772098541e-03
4.011610988527536392e-03
4.013868048787117004e-03
4.010713659226894379e-03
4.007359035313129425e-03
4.005638882517814636e-03
4.007165785878896713e-03
4.010691307485103607e-03
4.013574682176113129e-03
4.014274571090936661e-03
4.011288750916719437e-03
4.006455652415752411e-03
4.001363180577754974e-03
3.998549655079841614e-03
3.999131731688976288e-03
4.002408590167760849e-03
4.007604904472827911e-03
4.011537879705429077e-03
4.014178644865751266e-03
4.013544879853725433e-03
4.012019839137792587e-03
4.010096192359924316e-03
4.009248688817024231e-03
4.009510856121778488e-03
4.009968135505914688e-03
4.009882919490337372e-03
4.007984418421983719e-03
4.005061928182840347e-03
4.001684952527284622e-03
3.999553620815277100e-03
3.999712876975536346e-03
4.002165049314498901e-03
4.006577655673027039e-03
4.010802134871482849e-03
4.014355130493640900e-03
4.015150479972362518e-03
4.014342091977596283e-03
4.011885263025760651e-03
4.009459167718887329e-03
4.007808864116668701e-03
4.007055889815092087e-03
4.006972070783376694e-03
4.006330389529466629e-03
4.005092196166515350e-03
4.002554807811975479e-03
3.999833948910236359e-03
3.997509833425283432e-03
3.996759187430143356e-03
3.998209256678819656e-03
4.001602064818143845e-03
4.006669856607913971e-03
4.011564422398805618e-03
4.016052465885877609e-03
4.017968196421861649e-03
4.018241073936223984e-03
4.016433842480182648e-03
4.014248028397560120e-03
4.012498538941144943e-03
4.011702258139848709e-03
4.011986311525106430e-03
4.012259654700756073e-03
4.012423101812601089e-03
4.010991659015417099e-03
4.008801188319921494e-03
4.005666356533765793e-03
4.003254696726799011e-03
4.002374596893787384e-03
4.003738053143024445e-03
4.007476381957530975e-03
4.012228455394506454e-03
4.017331171780824661e-03
4.020011518150568008e-03
4.020481836050748825e-03
4.017164930701255798e-03
4.012041259557008743e-03
4.006129689514636993e-03
4.001196473836898804e-03
3.998075146228075027e-03
3.996440675109624863e-03
3.995897714048624039e-03
3.994932398200035095e-03
3.993437625467777252e-03
3.990342840552330017e-03
3.986717201769351959e-03
3.982832655310630798e-03
3.979922737926244736e-03
3.978488501161336899e-03
3.978724591434001923e-03
3.980422392487525940e-03
3.982942085713148117e-03
3.985960502177476883e-03
3.988511860370635986e-03
3.991041798144578934e-03
3.992866259068250656e-03
3.995132166892290115e-03
3.997561056166887283e-03
4.001293797045946121e-03
4.006126429885625839e-03
4.012703895568847656e-03
4.020949359983205795e-03
4.030997399240732193e-03
4.042925778776407242e-03
4.056104924529790878e-03
4.070689901709556580e-03
4.084507469087839127e-03
4.097735974937677383e-03
4.106385633349418640e-03
4.110648296773433685e-03
4.106273408979177475e-03
4.094842355698347092e-03
4.075429867953062057e-03
4.052037838846445084e-03
4.027623683214187622e-03
4.006079863756895065e-03
3.990099299699068069e-03
3.980397712439298630e-03
3.976715728640556335e-03
3.977104090154170990e-03
3.980096429586410522e-03
3.984048031270503998e-03
3.988573793321847916e-03
3.993592225015163422e-03
3.999263979494571686e-03
4.005725495517253876e-03
4.011504817754030228e-03
4.016136284917593002e-03
4.016378894448280334e-03
4.012926481664180756e-03
4.004274029284715652e-03
3.993792925029993057e-03
3.983404487371444702e-03
3.975864965468645096e-03
3.972090780735015869e-03
3.971729893237352371e-03
3.973772283643484116e-03
3.976964391767978668e-03
3.980719018727540970e-03
3.984115086495876312e-03
3.987694624811410904e-03
3.990754950791597366e-03
3.994108177721500397e-03
3.996902611106634140e-03
3.999469336122274399e-03
4.000956658273935318e-03
4.001459106802940369e-03
4.000844433903694153e-03
3.999311942607164383e-03
3.997233696281909943e-03
3.994676284492015839e-03
3.991993609815835953e-03
3.988996613770723343e-03
3.986042924225330353e-03
3.982929978519678116e-03
3.980031237006187439e-03
3.977354150265455246e-03
3.975154366344213486e-03
3.973483573645353317e-03
3.972395323216915131e-03
3.971855621784925461e-03
3.971764817833900452e-03
3.972040023654699326e-03
3.972531296312808990e-03
3.973236773163080215e-03
3.973972983658313751e-03
3.974885214120149612e-03
3.975769504904747009e-03
3.976965788751840591e-03
3.978223074227571487e-03
3.980077337473630905e-03
3.982179332524538040e-03
3.985327668488025665e-03
3.988997545093297958e-03
3.994216676801443100e-03
4.000132903456687927e-03
4.007935989648103714e-03
4.016225691884756088e-03
4.026141483336687088e-03
4.035682417452335358e-03
4.045465029776096344e-03
4.053908865898847580e-03
4.061332438141107559e-03
4.068430978804826736e-03
4.075649194419384003e-03
4.085891414433717728e-03
4.096741322427988052e-03
4.110858310014009476e-03
4.114712588489055634e-03
4.110666457563638687e-03
4.081749822944402695e-03
4.044079221785068512e-03
4.009363707154989243e-03
3.995825536549091339e-03
4.005687311291694641e-03
4.024078603833913803e-03
4.039358813315629959e-03
4.026189912110567093e-03
4.000528249889612198e-03
3.978345077484846115e-03
3.976273816078901291e-03
3.989320714026689529e-03
3.999739885330200195e-03
3.998041618615388870e-03
3.984448034316301346e-03
3.972646780312061310e-03
3.970405086874961853e-03
3.978146240115165710e-03
3.987135831266641617e-03
3.988244105130434036e-03
3.982803318649530411e-03
3.975726664066314697e-03
3.973050508648157120e-03
3.975858911871910095e-03
3.980309702455997467e-03
3.982546273618936539e-03
3.980258479714393616e-03
3.976282197982072830e-03
3.973170649260282516e-03
3.973176237195730209e-03
3.975257277488708496e-03
3.976991865783929825e-03
3.977073356509208679e-03
3.975369036197662354e-03
3.973440267145633698e-03
3.972854465246200562e-03
3.974102903157472610e-03
3.976578824222087860e-03
3.979087807238101959e-03
3.981520887464284897e-03
3.983462229371070862e-03
3.986325114965438843e-03
3.990325145423412323e-03
3.996410407125949860e-03
4.004301503300666809e-03
4.014012869447469711e-03
4.024919588118791580e-03
4.036658909171819687e-03
4.048578906804323196e-03
4.059941973537206650e-03
4.069417715072631836e-03
4.075452219694852829e-03
4.076198209077119827e-03
4.070375114679336548e-03
4.058068618178367615e-03
4.040470812469720840e-03
4.020798485726118088e-03
4.001826513558626175e-03
3.986326977610588074e-03
3.975297324359416962e-03
3.969091922044754028e-03
3.967108670622110367e-03
3.968694712966680527e-03
3.973052836954593658e-03
3.979431930929422379e-03
3.987023606896400452e-03
3.995276056230068207e-03
4.003519192337989807e-03
4.011495504528284073e-03
4.018320236355066299e-03
4.023455549031496048e-03
4.025388043373823166e-03
4.023644141852855682e-03
4.017523955553770065e-03
4.008180461823940277e-03
3.996981773525476456e-03
3.986131865531206131e-03
3.977227024734020233e-03
3.971061669290065765e-03
3.967716824263334274e-03
3.966654650866985321e-03
3.967337775975465775e-03
3.969226498156785965e-03
3.972082398831844330e-03
3.975628875195980072e-03
3.979902248829603195e-03
3.984584007412195206e-03
3.989768214523792267e-03
3.994903061538934708e-03
3.999994136393070221e-03
4.004260990768671036e-03
4.007597453892230988e-03
4.009280353784561157e-03
4.009334370493888855e-03
4.007465671747922897e-03
4.004060290753841400e-03
3.999420441687107086e-03
3.994136117398738861e-03
3.988705575466156006e-03
3.983559552580118179e-03
3.979011438786983490e-03
3.975163213908672333e-03
3.972079139202833176e-03
3.969679586589336395e-03
3.967889118939638138e-03
3.966576419770717621e-03
3.965653479099273682e-03
3.965047188103199005e-03
3.964674193412065506e-03
3.964497707784175873e-03
3.964480012655258179e-03
3.964606672525405884e-03
3.964854869991540909e-03
3.965248353779315948e-03
3.965805750340223312e-03
3.966579679399728775e-03
3.967671655118465424e-03
3.969192970544099808e-03
3.971428144723176956e-03
3.974595107138156891e-03
3.979387227445840836e-03
3.986122552305459976e-03
3.996486775577068329e-03
4.010130185633897781e-03
4.030442330986261368e-03
4.052620381116867065e-03
4.080790095031261444e-03
4.098606761544942856e-03
4.108098801225423813e-03
4.093167372047901154e-03
4.063825123012065887e-03
4.030419979244470596e-03
4.009421449154615402e-03
4.010681994259357452e-03
4.030987620353698730e-03
4.067528992891311646e-03
4.078635945916175842e-03
4.066975321620702744e-03
4.017344675958156586e-03
3.975245635956525803e-03
3.968046978116035461e-03
3.992281854152679443e-03
4.019695799797773361e-03
4.021990112960338593e-03
4.004617687314748764e-03
3.974068909883499146e-03
3.969857469201087952e-03
3.989657852798700333e-03
4.002643283456563950e-03
4.000119864940643311e-03
3.980629611760377884e-03
3.966600634157657623e-03
3.971036057919263840e-03
3.982455004006624222e-03
3.988446202129125595e-03
3.980783745646476746e-03
3.968345001339912415e-03
3.965104930102825165e-03
3.970621153712272644e-03
3.977290820330381393e-03
3.976942505687475204e-03
3.970121033489704132e-03
3.965508192777633667e-03
3.965375479310750961e-03
3.969102632254362106e-03
3.972442820668220520e-03
3.971113357692956924e-03
3.968336619436740875e-03
3.966577351093292236e-03
3.967577591538429260e-03
3.970941528677940369e-03
3.974200226366519928e-03
3.976986743509769440e-03
3.979783970862627029e-03
3.984394483268260956e-03
3.992807585746049881e-03
4.006661940366029739e-03
4.026687238365411758e-03
4.054096527397632599e-03
4.087468143552541733e-03
4.126642365008592606e-03
4.168197978287935257e-03
4.206052515655755997e-03
4.238331224769353867e-03
4.251178354024887085e-03
4.242498427629470825e-03
4.192242864519357681e-03
4.118140321224927902e-03
4.038875456899404526e-03
3.990282304584980011e-03
3.980321343988180161e-03
3.990517463535070419e-03
4.002768546342849731e-03
4.003488924354314804e-03
4.006143193691968918e-03
4.020636901259422302e-03
4.039168823510408401e-03
4.050251096487045288e-03
4.033585079014301300e-03
4.004618152976036072e-03
3.983135800808668137e-03
3.977899905294179916e-03
3.981734625995159149e-03
3.981079440563917160e-03
3.975747618824243546e-03
3.973715472966432571e-03
3.979765344411134720e-03
3.987976349890232086e-03
3.988907672464847565e-03
3.981051966547966003e-03
3.970989491790533066e-03
3.965881187468767166e-03
3.966640215367078781e-03
3.968886099755764008e-03
3.968169447034597397e-03
3.965035546571016312e-03
3.963242284953594208e-03
3.964463248848915100e-03
3.967616241425275803e-03
3.970062360167503357e-03
3.969721030443906784e-03
3.967816941440105438e-03
3.965483047068119049e-03
3.964321687817573547e-03
3.964303527027368546e-03
3.964521456509828568e-03
3.964155912399291992e-03
3.962960559874773026e-03
3.961544018238782883e-03
3.960603848099708557e-03
3.960531670600175858e-03
3.961130045354366302e-03
3.961885813623666763e-03
3.962314687669277191e-03
3.962248098105192184e-03
3.961911890655755997e-03
3.961543552577495575e-03
3.961412701755762100e-03
3.961611073464155197e-03
3.962032496929168701e-03
3.962535411119461060e-03
3.962923772633075714e-03
3.963232506066560745e-03
3.963324241340160370e-03
3.963483031839132309e-03
3.963729832321405411e-03
3.964249510318040848e-03
3.965015057474374771e-03
3.966112621128559113e-03
3.967504948377609253e-03
3.969284240156412125e-03
3.971484489738941193e-03
3.974358085542917252e-03
3.977970220148563385e-03
3.982742782682180405e-03
3.988584503531455994e-03
3.996177110821008682e-03
4.004688933491706848e-03
4.015110898762941360e-03
4.025063011795282364e-03
4.035384394228458405e-03
4.041874315589666367e-03
4.045072477310895920e-03
4.042003769427537918e-03
4.034130834043025970e-03
4.022896755486726761e-03
4.010648466646671295e-03
4.000113345682621002e-03
3.991817124187946320e-03
3.986739087849855423e-03
3.981080371886491776e-03
3.976451233029365540e-03
3.969907760620117188e-03
3.965142183005809784e-03
3.962654620409011841e-03
3.963716793805360794e-03
3.967773169279098511e-03
3.973635844886302948e-03
3.980105277150869370e-03
3.985949791967868805e-03
3.990998957306146622e-03
3.994909115135669708e-03
3.998591098934412003e-03
4.002433735877275467e-03
4.006568808108568192e-03
4.011066630482673645e-03
4.014628473669290543e-03
4.017349332571029663e-03
4.016147460788488388e-03
4.012753255665302277e-03
4.003830719739198685e-03
3.993351012468338013e-03
3.981587477028369904e-03
3.971714992076158524e-03
3.964778035879135132e-03
3.961239010095596313e-03
3.960655536502599716e-03
3.962122369557619095e-03
3.965069539844989777e-03
3.967817872762680054e-03
3.971043042838573456e-03
3.973196726292371750e-03
3.976074513047933578e-03
3.978473600000143051e-03
3.981894813477993011e-03
3.985254094004631042e-03
3.989451564848423004e-03
3.993607591837644577e-03
3.998000640422105789e-03
4.002063069492578506e-03
4.005668219178915024e-03
4.008690826594829559e-03
4.010871052742004395e-03
4.012642428278923035e-03
4.013392142951488495e-03
4.014223814010620117e-03
4.013007972389459610e-03
4.011819139122962952e-03
4.006923642009496689e-03
4.001346882432699203e-03
3.992849960923194885e-03
3.984625451266765594e-03
3.976877778768539429e-03
3.971217200160026550e-03
3.967966418713331223e-03
3.967142663896083832e-03
3.968621604144573212e-03
3.970968537032604218e-03
3.974854480475187302e-03
3.976477310061454773e-03
3.978747408837080002e-03
3.977314569056034088e-03
3.976317122578620911e-03
3.973178099840879440e-03
3.971266094595193863e-03
3.969674929976463318e-03
3.969593439251184464e-03
3.970646299421787262e-03
3.972681239247322083e-03
3.975313156843185425e-03
3.978193737566471100e-03
3.981215413659811020e-03
3.984015900641679764e-03
3.986870869994163513e-03
3.989553079009056091e-03
3.992601297795772552e-03
3.995990846306085587e-03
4.000137560069561005e-03
4.005255177617073059e-03
4.011425655335187912e-03
4.018930718302726746e-03
4.026955924928188324e-03
4.035637713968753815e-03
4.041888751089572906e-03
4.046366084367036819e-03
4.042997956275939941e-03
4.034915938973426819e-03
4.018277395516633987e-03
3.999616485089063644e-03
3.981233574450016022e-03
3.967634402215480804e-03
3.960379865020513535e-03
3.959202673286199570e-03
3.962772898375988007e-03
3.968426026403903961e-03
3.975634928792715073e-03
3.980248700827360153e-03
3.984606824815273285e-03
3.985894378274679184e-03
3.987062722444534302e-03
3.986985888332128525e-03
3.987282514572143555e-03
3.987565636634826660e-03
3.988259937614202499e-03
3.989616874605417252e-03
3.991303965449333191e-03
3.993744030594825745e-03
3.994924481958150864e-03
3.996547777205705643e-03
3.994737286120653152e-03
3.992492333054542542e-03
3.986513707786798477e-03
3.980680834501981735e-03
3.974489402025938034e-03
3.970249556005001068e-03
3.968343604356050491e-03
3.968881443142890930e-03
3.971591591835021973e-03
3.975152503699064255e-03
3.979824483394622803e-03
3.982415422797203064e-03
3.985106945037841797e-03
3.983986563980579376e-03
3.982786554843187332e-03
3.979530185461044312e-03
3.977003972977399826e-03
3.974862396717071533e-03
3.973947837948799133e-03
3.974228166043758392e-03
3.975602332502603531e-03
3.977954853326082230e-03
3.980454988777637482e-03
3.983432427048683167e-03
3.985294606536626816e-03
3.987303469330072403e-03
3.987798001617193222e-03
3.988620825111865997e-03
3.989013843238353729e-03
3.990649711340665817e-03
3.993841819465160370e-03
3.999482374638319016e-03
4.008216317743062973e-03
4.019528627395629883e-03
4.033662378787994385e-03
4.046507179737091064e-03
4.057899117469787598e-03
4.059218335896730423e-03
4.052373114973306656e-03
4.034672398120164871e-03
4.013133235275745392e-03
3.993952181190252304e-03
3.982014488428831100e-03
3.979538101702928543e-03
3.982382826507091522e-03
3.989359363913536072e-03
3.986728377640247345e-03
3.980563022196292877e-03
3.969490062445402145e-03
3.962359856814146042e-03
3.961870912462472916e-03
3.967420663684606552e-03
3.975586034357547760e-03
3.982761874794960022e-03
3.987853880971670151e-03
3.986176103353500366e-03
3.982002381235361099e-03
3.978122491389513016e-03
3.977606538683176041e-03
3.980913199484348297e-03
3.986764233559370041e-03
3.993456251919269562e-03
3.995954524725675583e-03
3.995975945144891739e-03
3.990068100392818451e-03
3.983409143984317780e-03
3.977492917329072952e-03
3.974556457251310349e-03
3.974604886025190353e-03
3.976383712142705917e-03
3.978823311626911163e-03
3.978381399065256119e-03
3.976288717240095139e-03
3.970768302679061890e-03
3.965221345424652100e-03
3.960506059229373932e-03
3.958411049097776413e-03
3.958993591368198395e-03
3.961375448852777481e-03
3.964846022427082062e-03
3.967567346990108490e-03
3.970034420490264893e-03
3.970499150454998016e-03
3.971070051193237305e-03
3.971354104578495026e-03
3.973210230469703674e-03
3.976703621447086334e-03
3.982217516750097275e-03
3.989601973444223404e-03
3.998841159045696259e-03
4.009950440376996994e-03
4.022304434329271317e-03
4.036117810755968094e-03
4.050039220601320267e-03
4.064193926751613617e-03
4.076072480529546738e-03
4.085056483745574951e-03
4.087666049599647522e-03
4.083273466676473618e-03
4.069741815328598022e-03
4.049153532832860947e-03
4.023462533950805664e-03
3.997572697699069977e-03
3.975451458245515823e-03
3.960317466408014297e-03
3.953224979341030121e-03
3.953393548727035522e-03
3.958808723837137222e-03
3.967053722590208054e-03
3.976081497967243195e-03
3.984358627349138260e-03
3.991045989096164703e-03
3.995870705693960190e-03
3.998486790806055069e-03
3.999301232397556305e-03
3.997798543423414230e-03
3.995218779891729355e-03
3.990089055150747299e-03
3.985209856182336807e-03
3.977744374424219131e-03
3.971991129219532013e-03
3.965373616665601730e-03
3.961501643061637878e-03
3.958670888096094131e-03
3.958152141422033310e-03
3.958771005272865295e-03
3.960421308875083923e-03
3.962527029216289520e-03
3.964886069297790527e-03
3.967375028878450394e-03
3.969814628362655640e-03
3.972398582845926285e-03
3.974539227783679962e-03
3.976860083639621735e-03
3.977800253778696060e-03
3.978734370321035385e-03
3.977220505475997925e-03
3.975455649197101593e-03
3.971485421061515808e-03
3.967579454183578491e-03
3.962977323681116104e-03
3.959102556109428406e-03
3.955835476517677307e-03
3.953554201871156693e-03
3.952185623347759247e-03
3.951598424464464188e-03
3.951629158109426498e-03
3.952074795961380005e-03
3.952872939407825470e-03
3.953789360821247101e-03
3.955010324716567993e-03
3.956122323870658875e-03
3.957678563892841339e-03
3.958887886255979538e-03
3.960723057389259338e-03
3.962032496929168701e-03
3.964221570640802383e-03
3.965833224356174469e-03
3.968668635934591293e-03
3.971049562096595764e-03
3.975090105086565018e-03
3.978942986577749252e-03
3.984771203249692917e-03
3.990723285824060440e-03
3.998635336756706238e-03
4.006897564977407455e-03
4.016678314656019211e-03
4.027081653475761414e-03
4.038461018353700638e-03
4.051251802593469620e-03
4.065259359776973724e-03
4.082502797245979309e-03
4.099496640264987946e-03
4.118737764656543732e-03
4.121914971619844437e-03
4.112744238227605820e-03
4.075423814356327057e-03
4.032350610941648483e-03
3.999644890427589417e-03
3.990171942859888077e-03
4.000320564955472946e-03
4.009703639894723892e-03
4.012153018265962601e-03
3.985792398452758789e-03
3.959330264478921890e-03
3.952342085540294647e-03
3.965141251683235168e-03
3.984861075878143311e-03
3.990314900875091553e-03
3.981926478445529938e-03
3.965746611356735229e-03
3.958590794354677200e-03
3.964110743254423141e-03
3.974621649831533432e-03
3.978891298174858093e-03
3.971584606915712357e-03
3.961034119129180908e-03
3.953835926949977875e-03
3.953588195145130157e-03
3.957641776651144028e-03
3.960534464567899704e-03
3.959855064749717712e-03
3.955166786909103394e-03
3.950729966163635254e-03
3.949251025915145874e-03
3.950855694711208344e-03
3.953381441533565521e-03
3.954525571316480637e-03
3.953957930207252502e-03
3.951859194785356522e-03
3.950041253119707108e-03
3.949486650526523590e-03
3.950274549424648285e-03
3.951690159738063812e-03
3.952843137085437775e-03
3.953344188630580902e-03
3.953196574002504349e-03
3.952953033149242401e-03
3.953181207180023193e-03
3.954312764108181000e-03
3.956535365432500839e-03
3.959800116717815399e-03
3.964423667639493942e-03
3.970265388488769531e-03
3.978384193032979965e-03
3.988621756434440613e-03
4.002776928246021271e-03
4.020199179649353027e-03
4.042332991957664490e-03
4.067092668265104294e-03
4.092994146049022675e-03
4.115723073482513428e-03
4.129173699766397476e-03
4.130630288273096085e-03
4.115293268114328384e-03
4.087897483259439468e-03
4.050820134580135345e-03
4.013295285403728485e-03
3.980082459747791290e-03
3.958249930292367935e-03
3.949936013668775558e-03
3.955004271119832993e-03
3.969425801187753677e-03
3.987202420830726624e-03
4.002822097390890121e-03
4.012573044747114182e-03
4.016055725514888763e-03
4.014586098492145538e-03
4.009573254734277725e-03
4.002491943538188934e-03
3.992206417024135590e-03
3.980808891355991364e-03
3.967516589909791946e-03
3.956718835979700089e-03
3.949843347072601318e-03
3.948701079934835434e-03
3.952458035200834274e-03
3.958954475820064545e-03
3.965910524129867554e-03
3.970913589000701904e-03
3.973644692450761795e-03
3.972663078457117081e-03
3.969630226492881775e-03
3.964927978813648224e-03
3.960231319069862366e-03
3.956145606935024261e-03
3.953040111809968948e-03
3.950898535549640656e-03
3.949499689042568207e-03
3.948700148612260818e-03
3.948313184082508087e-03
3.948461264371871948e-03
3.949078731238842010e-03
3.950185608118772507e-03
3.951630089432001114e-03
3.953253384679555893e-03
3.954863641411066055e-03
3.956332802772521973e-03
3.957604058086872101e-03
3.958741202950477600e-03
3.959782887250185013e-03
3.960880450904369354e-03
3.962032031267881393e-03
3.963422030210494995e-03
3.964833915233612061e-03
3.966557327657938004e-03
3.968133591115474701e-03
3.970068879425525665e-03
3.971549216657876968e-03
3.973258193582296371e-03
3.974110819399356842e-03
3.974942956119775772e-03
3.974750172346830368e-03
3.974350169301033020e-03
3.973111510276794434e-03
3.971676342189311981e-03
3.969818353652954102e-03
3.967944998294115067e-03
3.966068848967552185e-03
3.964334260672330856e-03
3.962799441069364548e-03
3.961417358368635178e-03
3.960216883569955826e-03
3.959107678383588791e-03
3.958145622164011002e-03
3.957266919314861298e-03
3.956560045480728149e-03
3.956060390919446945e-03
3.955898806452751160e-03
3.956175874918699265e-03
3.956996370106935501e-03
3.958539105951786041e-03
3.960891161113977432e-03
3.964407369494438171e-03
3.969050943851470947e-03
3.975495230406522751e-03
3.983239177614450455e-03
3.993439022451639175e-03
4.004359710961580276e-03
4.017341881990432739e-03
4.028474446386098862e-03
4.038525279611349106e-03
4.042871296405792236e-03
4.042190499603748322e-03
4.035900346934795380e-03
4.026422277092933655e-03
4.017882049083709717e-03
4.012567922472953796e-03
4.013186786323785782e-03
4.014004487544298172e-03
4.015349317342042923e-03
4.002738744020462036e-03
3.983930218964815140e-03
3.960852045565843582e-03
3.946918062865734100e-03
3.946481738239526749e-03
3.955770283937454224e-03
3.966958727687597275e-03
3.971422091126441956e-03
3.968550823628902435e-03
3.958517685532569885e-03
3.950845915824174881e-03
3.950513433665037155e-03
3.956777043640613556e-03
3.966006450355052948e-03
3.971972968429327011e-03
3.974387422204017639e-03
3.970618359744548798e-03
3.966568503528833389e-03
3.965071402490139008e-03
3.968788310885429382e-03
3.975964616984128952e-03
3.983217757195234299e-03
3.988597542047500610e-03
3.990096505731344223e-03
3.989100921899080276e-03
3.987018950283527374e-03
3.986721858382225037e-03
3.989399876445531845e-03
3.994084894657135010e-03
3.999965265393257141e-03
4.003231879323720932e-03
4.004118498414754868e-03
3.999850712716579437e-03
3.993643447756767273e-03
3.986857365816831589e-03
3.981362096965312958e-03
3.977259155362844467e-03
3.973425365984439850e-03
3.969216719269752502e-03
3.963396418839693069e-03
3.956862259656190872e-03
3.950509242713451385e-03
3.946154844015836716e-03
3.944335039705038071e-03
3.944618627429008484e-03
3.945974167436361313e-03
3.947141114622354507e-03
3.947477322071790695e-03
3.946708049625158310e-03
3.945607226341962814e-03
3.944840282201766968e-03
3.944925963878631592e-03
3.945936448872089386e-03
3.947700373828411102e-03
3.950007259845733643e-03
3.952445462346076965e-03
3.955332096666097641e-03
3.958659246563911438e-03
3.963460214436054230e-03
3.969952929764986038e-03
3.979424480348825455e-03
3.992011770606040955e-03
4.008845426142215729e-03
4.029452800750732422e-03
4.053967073559761047e-03
4.080151207745075226e-03
4.104906693100929260e-03
4.123721737414598465e-03
4.129998385906219482e-03
4.122028592973947525e-03
4.097077529877424240e-03
4.062239080667495728e-03
4.022620618343353271e-03
3.987869247794151306e-03
3.962189890444278717e-03
3.949664067476987839e-03
3.949644509702920914e-03
3.960179630666971207e-03
3.976717591285705566e-03
3.993735648691654205e-03
4.006229341030120850e-03
4.010897595435380936e-03
4.007556010037660599e-03
3.998049069195985794e-03
3.985533956438302994e-03
3.973123617470264435e-03
3.962411079555749893e-03
3.954727202653884888e-03
3.949536941945552826e-03
3.947209101170301437e-03
3.946827258914709091e-03
3.948249854147434235e-03
3.950855694711208344e-03
3.954155836254358292e-03
3.957590553909540176e-03
3.960414323955774307e-03
3.962451592087745667e-03
3.962585236877202988e-03
3.961484413594007492e-03
3.958374261856079102e-03
3.954688087105751038e-03
3.950579557567834854e-03
3.947101067751646042e-03
3.944478463381528854e-03
3.942855168133974075e-03
3.942073322832584381e-03
3.941879607737064362e-03
3.942041657865047455e-03
3.942362498492002487e-03
3.942783456295728683e-03
3.943264018744230270e-03
3.943898249417543411e-03
3.944693133234977722e-03
3.945726435631513596e-03
3.946962766349315643e-03
3.948459867388010025e-03
3.950160928070545197e-03
3.952168859541416168e-03
3.954451065510511398e-03
3.957219421863555908e-03
3.960435744374990463e-03
3.964446950703859329e-03
3.969024866819381714e-03
3.974715247750282288e-03
3.980800975114107132e-03
3.988012205809354782e-03
3.994601313024759293e-03
4.001229070127010345e-03
4.005040042102336884e-03
4.006692674010992050e-03
4.003715235739946365e-03
3.997473511844873428e-03
3.988055977970361710e-03
3.977605607360601425e-03
3.967874217778444290e-03
3.960190340876579285e-03
3.955233842134475708e-03
3.952437546104192734e-03
3.951313439756631851e-03
3.950301557779312134e-03
3.949522040784358978e-03
3.948146943002939224e-03
3.947220277041196823e-03
3.946868237107992172e-03
3.947827033698558807e-03
3.950103186070919037e-03
3.953615203499794006e-03
3.957984503358602524e-03
3.962907008826732635e-03
3.968136385083198547e-03
3.973572980612516403e-03
3.979313652962446213e-03
3.985522780567407608e-03
3.992298152297735214e-03
3.999768290668725967e-03
4.007322713732719421e-03
4.014687612652778625e-03
4.020039923489093781e-03
4.022673703730106354e-03
4.020253196358680725e-03
4.012918099761009216e-03
4.000449553132057190e-03
3.985239658504724503e-03
3.969910554587841034e-03
3.957212436944246292e-03
3.948858939111232758e-03
3.945057746022939682e-03
3.945109434425830841e-03
3.947338555008172989e-03
3.950847778469324112e-03
3.953935578465461731e-03
3.957008942961692810e-03
3.959163092076778412e-03
3.961455542594194412e-03
3.963469993323087692e-03
3.965895622968673706e-03
3.968320786952972412e-03
3.970863297581672668e-03
3.973150160163640976e-03
3.974974621087312698e-03
3.976137842983007431e-03
3.976393491029739380e-03
3.975810483098030090e-03
3.974170424044132233e-03
3.971829079091548920e-03
3.968720789998769760e-03
3.965273965150117874e-03
3.961504437029361725e-03
3.957828506827354431e-03
3.954395651817321777e-03
3.951441030949354172e-03
3.949063830077648163e-03
3.947296645492315292e-03
3.946149721741676331e-03
3.945526666939258575e-03
3.945436794310808182e-03
3.945717122405767441e-03
3.946486860513687134e-03
3.947469405829906464e-03
3.949025180190801620e-03
3.950737882405519485e-03
3.953297156840562820e-03
3.956043161451816559e-03
3.960094414651393890e-03
3.964363131672143936e-03
3.970443271100521088e-03
3.976648207753896713e-03
3.984888084232807159e-03
3.992755431681871414e-03
4.002034198492765427e-03
4.009786993265151978e-03
4.017111845314502716e-03
4.021844360977411270e-03
4.024466034024953842e-03
4.025190137326717377e-03
4.024711437523365021e-03
4.025002475827932358e-03
4.025238100439310074e-03
4.026608541607856750e-03
4.022246692329645157e-03
4.013354424387216568e-03
3.993161953985691071e-03
3.970171324908733368e-03
3.950054291635751724e-03
3.940658643841743469e-03
3.942553885281085968e-03
3.950711805373430252e-03
3.959099296480417252e-03
3.960688132792711258e-03
3.956252243369817734e-03
3.947188612073659897e-03
3.940267488360404968e-03
3.938746172934770584e-03
3.942492417991161346e-03
3.948922734707593918e-03
3.954167012125253677e-03
3.957297652959823608e-03
3.955958876758813858e-03
3.953074105083942413e-03
3.949874546378850937e-03
3.949617035686969757e-03
3.952732775360345840e-03
3.958601970225572586e-03
3.965794108808040619e-03
3.972756210714578629e-03
3.978991415351629257e-03
3.984394483268260956e-03
3.989999182522296906e-03
3.996915649622678757e-03
4.006102681159973145e-03
4.018594976514577866e-03
4.032320808619260788e-03
4.046752117574214935e-03
4.054698627442121506e-03
4.055036231875419617e-03
4.041880834847688675e-03
4.019502550363540649e-03
3.993426915258169174e-03
3.971600905060768127e-03
3.959114197641611099e-03
3.955266438424587250e-03
3.956769593060016632e-03
3.957312554121017456e-03
3.956400789320468903e-03
3.953396808356046677e-03
3.952306695282459259e-03
3.954699262976646423e-03
3.959991037845611572e-03
3.965603187680244446e-03
3.968255128711462021e-03
3.967009019106626511e-03
3.961637616157531738e-03
3.954943735152482986e-03
3.949315752834081650e-03
3.946567885577678680e-03
3.946581389755010605e-03
3.947738558053970337e-03
3.948747646063566208e-03
3.947854042053222656e-03
3.945680335164070129e-03
3.942373674362897873e-03
3.939521498978137970e-03
3.937756177037954330e-03
3.937342669814825058e-03
3.937900066375732422e-03
3.938794136047363281e-03
3.939480986446142197e-03
3.939530812203884125e-03
3.939009737223386765e-03
3.938036505132913589e-03
3.937013912945985794e-03
3.936185501515865326e-03
3.935782238841056824e-03
3.935857675969600677e-03
3.936348482966423035e-03
3.937127534300088882e-03
3.938063979148864746e-03
3.939230926334857941e-03
3.940605558454990387e-03
3.942542709410190582e-03
3.945225384086370468e-03
3.949496429413557053e-03
3.955887630581855774e-03
3.966054413467645645e-03
3.980986773967742920e-03
4.003711976110935211e-03
4.034944809973239899e-03
4.078054800629615784e-03
4.128643777221441269e-03
4.182395990937948227e-03
4.223523661494255066e-03
4.234611056745052338e-03
4.211821593344211578e-03
4.158213734626770020e-03
4.103166516870260239e-03
4.059664905071258545e-03
4.036868456751108170e-03
4.008389078080654144e-03
3.984796814620494843e-03
3.978248685598373413e-03
4.002091940492391586e-03
4.036633297801017761e-03
4.047447349876165390e-03
4.023481160402297974e-03
3.977842163294553757e-03
3.946069162338972092e-03
3.944609314203262329e-03
3.960216883569955826e-03
3.970575984567403793e-03
3.964463248848915100e-03
3.954362589865922928e-03
3.952976316213607788e-03
3.960955422371625900e-03
3.969410900026559830e-03
3.966280259191989899e-03
3.953862003982067108e-03
3.940207883715629578e-03
3.935103304684162140e-03
3.938920330256223679e-03
3.945452161133289337e-03
3.948656376451253891e-03
3.946347627788782120e-03
3.942508716136217117e-03
3.940181806683540344e-03
3.940946422517299652e-03
3.942913375794887543e-03
3.943165298551321030e-03
3.940828144550323486e-03
3.937000408768653870e-03
3.934096079319715500e-03
3.933457657694816589e-03
3.934726584702730179e-03
3.936399705708026886e-03
3.937073983252048492e-03
3.936528693884611130e-03
3.935392014682292938e-03
3.934731241315603256e-03
3.935041837394237518e-03
3.935976419597864151e-03
3.936911001801490784e-03
3.937217406928539276e-03
3.936940804123878479e-03
3.936321474611759186e-03
3.935920074582099915e-03
3.935934975743293762e-03
3.936336375772953033e-03
3.936849068850278854e-03
3.937222994863986969e-03
3.937340807169675827e-03
3.937325906008481979e-03
3.937392495572566986e-03
3.937780391424894333e-03
3.938576206564903259e-03
3.939878661185503006e-03
3.941564355045557022e-03
3.943824209272861481e-03
3.946550656110048294e-03
3.950315527617931366e-03
3.955055028200149536e-03
3.961735405027866364e-03
3.970119636505842209e-03
3.981478512287139893e-03
3.994831349700689316e-03
4.011292010545730591e-03
4.027804359793663025e-03
4.044083878397941589e-03
4.054178949445486069e-03
4.056192934513092041e-03
4.045784473419189453e-03
4.024555440992116928e-03
3.996903076767921448e-03
3.969794139266014099e-03
3.949706908315420151e-03
3.939379472285509109e-03
3.938176203519105911e-03
3.942917101085186005e-03
3.950733225792646408e-03
3.958930261433124542e-03
3.966219257563352585e-03
3.971273545175790787e-03
3.973316866904497147e-03
3.971822094172239304e-03
3.966934047639369965e-03
3.959641326218843460e-03
3.951340448111295700e-03
3.943637479096651077e-03
3.937723580747842789e-03
3.934144973754882812e-03
3.932730294764041901e-03
3.932833205908536911e-03
3.933743573725223541e-03
3.934830427169799805e-03
3.935844171792268753e-03
3.936742432415485382e-03
3.937704022973775864e-03
3.938904032111167908e-03
3.940387628972530365e-03
3.942235838621854782e-03
3.944229334592819214e-03
3.946480806916952133e-03
3.948513418436050415e-03
3.950710408389568329e-03
3.952497616410255432e-03
3.954602405428886414e-03
3.956469707190990448e-03
3.958841320127248764e-03
3.961085807532072067e-03
3.963774535804986954e-03
3.966196440160274506e-03
3.968711476773023605e-03
3.970550373196601868e-03
3.971923142671585083e-03
3.972166683524847031e-03
3.971530590206384659e-03
3.969661891460418701e-03
3.966914489865303040e-03
3.963207826018333435e-03
3.959008026868104935e-03
3.954449202865362167e-03
3.949946723878383636e-03
3.945682663470506668e-03
3.941915929317474365e-03
3.938722424209117889e-03
3.936166409403085709e-03
3.934195265173912048e-03
3.932755440473556519e-03
3.931739833205938339e-03
3.931064624339342117e-03
3.930627368390560150e-03
3.930369857698678970e-03
3.930216189473867416e-03
3.930129576474428177e-03
3.930067177861928940e-03
3.930020146071910858e-03
3.929970320314168930e-03
3.929919097572565079e-03
3.929872531443834305e-03
3.929826896637678146e-03
3.929779864847660065e-03
3.929738420993089676e-03
3.929708153009414673e-03
3.929689992219209671e-03
3.929697908461093903e-03
3.929752856492996216e-03
3.929866012185811996e-03
3.930095583200454712e-03
3.930514678359031677e-03
3.931235056370496750e-03
3.932495135813951492e-03
3.934646490961313248e-03
3.938435111194849014e-03
3.944939933717250824e-03
3.956555388867855072e-03
3.976132720708847046e-03
4.010845907032489777e-03
4.064989276230335236e-03
4.153444431722164154e-03
4.260919988155364990e-03
4.380952101200819016e-03
4.432123154401779175e-03
4.375317133963108063e-03
4.258922766894102097e-03
4.184805788099765778e-03
4.234225954860448837e-03
4.283489193767309189e-03
4.220306873321533203e-03
4.014463629573583603e-03
3.953933715820312500e-03
4.087262321263551712e-03
4.133548587560653687e-03
4.023934714496135712e-03
3.947944846004247665e-03
4.012683872133493423e-03
4.057813435792922974e-03
3.979595843702554703e-03
3.935498185455799103e-03
3.991073463112115860e-03
4.013899713754653931e-03
3.967325203120708466e-03
3.938350826501846313e-03
3.963829018175601959e-03
3.986177500337362289e-03
3.959528636187314987e-03
3.931745421141386032e-03
3.947452176362276077e-03
3.966139163821935654e-03
3.951124381273984909e-03
3.933542873710393906e-03
3.939763642847537994e-03
3.950971178710460663e-03
3.945849835872650146e-03
3.932744730263948441e-03
3.933005966246128082e-03
3.943356219679117203e-03
3.941896837204694748e-03
3.931802231818437576e-03
3.931476268917322159e-03
3.937332425266504288e-03
3.937242086976766586e-03
3.932012245059013367e-03
3.929668106138706207e-03
3.933035302907228470e-03
3.934981301426887512e-03
3.931232728064060211e-03
3.928712569177150726e-03
3.930819686502218246e-03
3.932342864573001862e-03
3.930720034986734390e-03
3.928741905838251114e-03
3.928960766643285751e-03
3.930385224521160126e-03
3.930196631699800491e-03
3.928506281226873398e-03
3.928013611584901810e-03
3.928991965949535370e-03
3.929276950657367706e-03
3.928402904421091080e-03
3.927744925022125244e-03
3.927947022020816803e-03
3.928413614630699158e-03
3.928268328309059143e-03
3.927575424313545227e-03
3.927345853298902512e-03
3.927702084183692932e-03
3.927805460989475250e-03
3.927476238459348679e-03
3.927152603864669800e-03
3.927105572074651718e-03
3.927279263734817505e-03
3.927294164896011353e-03
3.927009180188179016e-03
3.926798235625028610e-03
3.926844336092472076e-03
3.926911391317844391e-03
3.926847595721483231e-03
3.926675301045179367e-03
3.926552832126617432e-03
3.926568664610385895e-03
3.926612902432680130e-03
3.926559817045927048e-03
3.926448058336973190e-03
3.926397301256656647e-03
3.926427103579044342e-03
3.926485311239957809e-03
3.926528617739677429e-03
3.926571924239397049e-03
3.926693927496671677e-03
3.926968201994895935e-03
3.927432466298341751e-03
3.928118385374546051e-03
3.929198253899812698e-03
3.930911887437105179e-03
3.933697473257780075e-03
3.938140813261270523e-03
3.945311531424522400e-03
3.956634085625410080e-03
3.974978812038898468e-03
4.003235138952732086e-03
4.047595430165529251e-03
4.109944682568311691e-03
4.195339046418666840e-03
4.288109019398689270e-03
4.364780616015195847e-03
4.382608458399772644e-03
4.305992741137742996e-03
4.165594931691884995e-03
4.020221531391143799e-03
3.941866103559732437e-03
3.951316699385643005e-03
4.018865525722503662e-03
4.088540095835924149e-03
4.107578191906213760e-03
4.064604174345731735e-03
3.990136086940765381e-03
3.937699366360902786e-03
3.932951949536800385e-03
3.961373120546340942e-03
3.992709796875715256e-03
4.006859846413135529e-03
4.000996239483356476e-03
3.980445675551891327e-03
3.952573053538799286e-03
3.931284882128238678e-03
3.927795682102441788e-03
3.941443748772144318e-03
3.958291374146938324e-03
3.963588271290063858e-03
3.955392632633447647e-03
3.941529896110296249e-03
3.931279759854078293e-03
3.927833400666713715e-03
3.929717466235160828e-03
3.934499341994524002e-03
3.939423710107803345e-03
3.941559232771396637e-03
3.938989248126745224e-03
3.932798746973276138e-03
3.926820121705532074e-03
3.924416378140449524e-03
3.925865516066551208e-03
3.928898833692073822e-03
3.931088373064994812e-03
3.931633196771144867e-03
3.930981736630201340e-03
3.929653204977512360e-03
3.927834331989288330e-03
3.925772849470376968e-03
3.924204502254724503e-03
3.923774696886539459e-03
3.924477845430374146e-03
3.925627097487449646e-03
3.926445264369249344e-03
3.926631528884172440e-03
3.926327452063560486e-03
3.925822209566831589e-03
3.925203811377286911e-03
3.924493677914142609e-03
3.923783544450998306e-03
3.923271782696247101e-03
3.923113923519849777e-03
3.923266660422086716e-03
3.923538606613874435e-03
3.923752810806035995e-03
3.923865035176277161e-03
3.923903685063123703e-03
3.923913929611444473e-03
3.923879005014896393e-03
3.923750482499599457e-03
3.923525568097829819e-03
3.923265729099512100e-03
3.923020791262388229e-03
3.922828007489442825e-03
3.922674804925918579e-03
3.922541160136461258e-03
3.922401927411556244e-03
3.922285512089729309e-03
3.922198433429002762e-03
3.922145813703536987e-03
3.922109026461839676e-03
3.922074101865291595e-03
3.922033589333295822e-03
3.921988420188426971e-03
3.921954426914453506e-03
3.921940457075834274e-03
3.921940457075834274e-03
3.921942319720983505e-03
3.921959083527326584e-03
3.921990282833576202e-03
3.922055941075086594e-03
3.922170028090476990e-03
3.922352567315101624e-03
3.922637086361646652e-03
3.923066891729831696e-03
3.923705313354730606e-03
3.924681805074214935e-03
3.926150966435670853e-03
3.928415011614561081e-03
3.931817598640918732e-03
3.937109373509883881e-03
3.945013973861932755e-03
3.957363776862621307e-03
3.975304774940013885e-03
4.002674948424100876e-03
4.039390478283166885e-03
4.089904017746448517e-03
4.144203383475542068e-03
4.196680616587400436e-03
4.218733403831720352e-03
4.194336943328380585e-03
4.122918471693992615e-03
4.030851647257804871e-03
3.962065093219280243e-03
3.938558977097272873e-03
3.954477142542600632e-03
3.985718823969364166e-03
4.011700861155986786e-03
4.021304193884134293e-03
4.010887816548347473e-03
3.984607290476560593e-03
3.951987251639366150e-03
3.928446676582098007e-03
3.924225457012653351e-03
3.938402049243450165e-03
3.958696965128183365e-03
3.970482852309942245e-03
3.967770375311374664e-03
3.954814746975898743e-03
3.941019531339406967e-03
3.932382445782423019e-03
3.928407095372676849e-03
3.926652483642101288e-03
3.926126752048730850e-03
3.928039688616991043e-03
3.932427149266004562e-03
3.936904948204755783e-03
3.938536159694194794e-03
3.935544285923242569e-03
3.929856233298778534e-03
3.924210555851459503e-03
3.921002615243196487e-03
3.920518327504396439e-03
3.921573515981435776e-03
3.922872245311737061e-03
3.923783544450998306e-03
3.924496471881866455e-03
3.925166092813014984e-03
3.925753757357597351e-03
3.925857599824666977e-03
3.925174474716186523e-03
3.923760261386632919e-03
3.922016359865665436e-03
3.920482937246561050e-03
3.919492010027170181e-03
3.919046837836503983e-03
3.918888047337532043e-03
3.918780479580163956e-03
3.918614238500595093e-03
3.918459173291921616e-03
3.918435424566268921e-03
3.918629139661788940e-03
3.918992355465888977e-03
3.919432871043682098e-03
3.919819835573434830e-03
3.920164890587329865e-03
3.920483868569135666e-03
3.920905757695436478e-03
3.921502735465764999e-03
3.922373522073030472e-03
3.923534881323575974e-03
3.925100900232791901e-03
3.927116282284259796e-03
3.929864149540662766e-03
3.933505620807409286e-03
3.938646521419286728e-03
3.945448901504278183e-03
3.955058287829160690e-03
3.967241849750280380e-03
3.983888309448957443e-03
4.003117326647043228e-03
4.026833456009626389e-03
4.048572853207588196e-03
4.067800473421812057e-03
4.073294345289468765e-03
4.063716158270835876e-03
4.035842139273881912e-03
3.997794818133115768e-03
3.961042501032352448e-03
3.935958724468946457e-03
3.926788456737995148e-03
3.930417820811271667e-03
3.940959461033344269e-03
3.951947204768657684e-03
3.960478585213422775e-03
3.964602015912532806e-03
3.964211791753768921e-03
3.959177527576684952e-03
3.950225189328193665e-03
3.939162008464336395e-03
3.928261343389749527e-03
3.920154646039009094e-03
3.916339483112096786e-03
3.917071968317031860e-03
3.921132069081068039e-03
3.926458768546581268e-03
3.931048326194286346e-03
3.933592699468135834e-03
3.933872096240520477e-03
3.932434134185314178e-03
3.930172417312860489e-03
3.927906509488821030e-03
3.925919532775878906e-03
3.924344666302204132e-03
3.922855947166681290e-03
3.921438939869403839e-03
3.919840324670076370e-03
3.918294794857501984e-03
3.916795365512371063e-03
3.915574401617050171e-03
3.914664033800363541e-03
3.914129920303821564e-03
3.913921304047107697e-03
3.913971595466136932e-03
3.914202563464641571e-03
3.914536908268928528e-03
3.914943896234035492e-03
3.915389068424701691e-03
3.915944136679172516e-03
3.916623070836067200e-03
3.917591180652379990e-03
3.918938338756561279e-03
3.920995630323886871e-03
3.923975862562656403e-03
3.928637132048606873e-03
3.935427870601415634e-03
3.946068696677684784e-03
3.961173817515373230e-03
3.984313458204269409e-03
4.014645237475633621e-03
4.057188052684068680e-03
4.102067556232213974e-03
4.148943349719047546e-03
4.169803112745285034e-03
4.157340619713068008e-03
4.103634972125291824e-03
4.033335018903017044e-03
3.983418457210063934e-03
3.972359467297792435e-03
3.992103971540927887e-03
4.005563445389270782e-03
3.997484687715768814e-03
3.962357994168996811e-03
3.934416919946670532e-03
3.934844862669706345e-03
3.955804277211427689e-03
3.971469122916460037e-03
3.961066715419292450e-03
3.935289103537797928e-03
3.915444016456604004e-03
3.916539717465639114e-03
3.931549377739429474e-03
3.941684029996395111e-03
3.937372937798500061e-03
3.923845011740922928e-03
3.915784880518913269e-03
3.918698988854885101e-03
3.926084842532873154e-03
3.928749822080135345e-03
3.923273179680109024e-03
3.915422130376100540e-03
3.911601379513740540e-03
3.913583233952522278e-03
3.918137867003679276e-03
3.920750692486763000e-03
3.919696900993585587e-03
3.916006535291671753e-03
3.912805579602718353e-03
3.911908250302076340e-03
3.913216292858123779e-03
3.915288019925355911e-03
3.916491288691759109e-03
3.916202578693628311e-03
3.914515022188425064e-03
3.912472166121006012e-03
3.910894040018320084e-03
3.910372499376535416e-03
3.910791128873825073e-03
3.911624196916818619e-03
3.912329673767089844e-03
3.912499640136957169e-03
3.912128508090972900e-03
3.911359701305627823e-03
3.910547588020563126e-03
3.909912426024675369e-03
3.909601364284753799e-03
3.909614868462085724e-03
3.909841179847717285e-03
3.910155966877937317e-03
3.910430707037448883e-03
3.910614643245935440e-03
3.910680767148733139e-03
3.910710569471120834e-03
3.910754807293415070e-03
3.910934552550315857e-03
3.911382053047418594e-03
3.912255633622407913e-03
3.913793247193098068e-03
3.916341345757246017e-03
3.920492250472307205e-03
3.927068319171667099e-03
3.937683068215847015e-03
3.954234998673200607e-03
3.980684559792280197e-03
4.020225256681442261e-03
4.079956095665693283e-03
4.158834461122751236e-03
4.256608895957469940e-03
4.345594905316829681e-03
4.389171488583087921e-03
4.352645948529243469e-03
4.231440834701061249e-03
4.097406752407550812e-03
4.015728365629911423e-03
4.016264807432889938e-03
4.040066152811050415e-03
4.049896262586116791e-03
4.032774362713098526e-03
4.016099032014608383e-03
4.007654264569282532e-03
3.989017568528652191e-03
3.959579858928918839e-03
3.937086556106805801e-03
3.948232159018516541e-03
3.979231230914592743e-03
3.990163095295429230e-03
3.964609466493129730e-03
3.924529999494552612e-03
3.909721504896879196e-03
3.927229437977075577e-03
3.948702011257410049e-03
3.950387239456176758e-03
3.934424836188554764e-03
3.920382354408502579e-03
3.919187001883983612e-03
3.924099262803792953e-03
3.924923017621040344e-03
3.920104354619979858e-03
3.916413523256778717e-03
3.918007481843233109e-03
3.922042902559041977e-03
3.922722768038511276e-03
3.917644731700420380e-03
3.911080304533243179e-03
3.907755017280578613e-03
3.909682855010032654e-03
3.914259839802980423e-03
3.917340189218521118e-03
3.916858695447444916e-03
3.913138527423143387e-03
3.909258637577295303e-03
3.907307051122188568e-03
3.907614853233098984e-03
3.909113351255655289e-03
3.910218831151723862e-03
3.910347819328308105e-03
3.909665625542402267e-03
3.908819518983364105e-03
3.908256068825721741e-03
3.908016718924045563e-03
3.907825797796249390e-03
3.907472826540470123e-03
3.906964324414730072e-03
3.906479105353355408e-03
3.906277939677238464e-03
3.906409256160259247e-03
3.906773403286933899e-03
3.907109145075082779e-03
3.907216712832450867e-03
3.907008096575737000e-03
3.906546626240015030e-03
3.906016936525702477e-03
3.905571764335036278e-03
3.905311925336718559e-03
3.905247664079070091e-03
3.905306337401270866e-03
3.905389923602342606e-03
3.905442077666521072e-03
3.905414370819926262e-03
3.905322635546326637e-03
3.905203193426132202e-03
3.905098419636487961e-03
3.905030665919184685e-03
3.905001794919371605e-03
3.905007382854819298e-03
3.905036021023988724e-03
3.905067918822169304e-03
3.905087709426879883e-03
3.905095625668764114e-03
3.905096789821982384e-03
3.905090270563960075e-03
3.905099816620349884e-03
3.905132878571748734e-03
3.905213205143809319e-03
3.905353136360645294e-03
3.905583871528506279e-03
3.905920777469873428e-03
3.906438127160072327e-03
3.907176200300455093e-03
3.908275160938501358e-03
3.909831400960683823e-03
3.912185784429311752e-03
3.915532492101192474e-03
3.920651506632566452e-03
3.927825018763542175e-03
3.938888199627399445e-03
3.953654784709215164e-03
3.975883126258850098e-03
4.001835826784372330e-03
4.036733414977788925e-03
4.064957145601511002e-03
4.089403431862592697e-03
4.085735883563756943e-03
4.062348045408725739e-03
4.022927489131689072e-03
3.988440148532390594e-03
3.972000908106565475e-03
3.970894962549209595e-03
3.975854255259037018e-03
3.965402487665414810e-03
3.944097086787223816e-03
3.920046612620353699e-03
3.913877531886100769e-03
3.928026184439659119e-03
3.946923650801181793e-03
3.954208921641111374e-03
3.942424431443214417e-03
3.923985641449689865e-03
3.911775536835193634e-03
3.911815583705902100e-03
3.918788861483335495e-03
3.922358620911836624e-03
3.918557893484830856e-03
3.910103812813758850e-03
3.904815297573804855e-03
3.906029975041747093e-03
3.911460284143686295e-03
3.916152287274599075e-03
3.916382789611816406e-03
3.913036081939935684e-03
3.908397164195775986e-03
3.905375953763723373e-03
3.905049059540033340e-03
3.906612750142812729e-03
3.908284474164247513e-03
3.908555489033460617e-03
3.907398786395788193e-03
3.905264660716056824e-03
3.903316799551248550e-03
3.902313532307744026e-03
3.902398981153964996e-03
3.903226461261510849e-03
3.904205281287431717e-03
3.904812037944793701e-03
3.904747311025857925e-03
3.904212266206741333e-03
3.903432050719857216e-03
3.902769647538661957e-03
3.902455791831016541e-03
3.902534488588571548e-03
3.902937052771449089e-03
3.903538919985294342e-03
3.904218552634119987e-03
3.904874203726649284e-03
3.905564779415726662e-03
3.906332422047853470e-03
3.907390404492616653e-03
3.908914048224687576e-03
3.911285195499658585e-03
3.914828877896070480e-03
3.920162562280893326e-03
3.927940502762794495e-03
3.939376678317785263e-03
3.955689724534749985e-03
3.979139029979705811e-03
4.011179786175489426e-03
4.054448567330837250e-03
4.107288550585508347e-03
4.166700877249240875e-03
4.218515474349260330e-03
4.244334995746612549e-03
4.224562551826238632e-03
4.151578061282634735e-03
4.050181247293949127e-03
3.958888817578554153e-03
3.914557863026857376e-03
3.923250827938318253e-03
3.964092582464218140e-03
4.004120361059904099e-03
4.019137006253004074e-03
4.003053531050682068e-03
3.966904710978269577e-03
3.931300248950719833e-03
3.912243992090225220e-03
3.914551809430122375e-03
3.930012229830026627e-03
3.946508280932903290e-03
3.953055944293737411e-03
3.946761135011911392e-03
3.931632731109857559e-03
3.915685229003429413e-03
3.906151978299021721e-03
3.905638819560408592e-03
3.911963198333978653e-03
3.919640090316534042e-03
3.924030810594558716e-03
3.922614734619855881e-03
3.916581626981496811e-03
3.908974118530750275e-03
3.903143107891082764e-03
3.901057410985231400e-03
3.902680939063429832e-03
3.906432073563337326e-03
3.910077735781669617e-03
3.912111744284629822e-03
3.911671228706836700e-03
3.909366670995950699e-03
3.906064899638295174e-03
3.903023665770888329e-03
3.900971962139010429e-03
3.900235751643776894e-03
3.900560084730386734e-03
3.901461372151970863e-03
3.902372205629944801e-03
3.902921220287680626e-03
3.902933793142437935e-03
3.902482101693749428e-03
3.901774762198328972e-03
3.901058807969093323e-03
3.900570794939994812e-03
3.900418989360332489e-03
3.900679061189293861e-03
3.901278600096702576e-03
3.902223194018006325e-03
3.903358010575175285e-03
3.904831595718860626e-03
3.906415309756994247e-03
3.908597398549318314e-03
3.910955972969532013e-03
3.914556466042995453e-03
3.918295260518789291e-03
3.924185410141944885e-03
3.929317928850650787e-03
3.936816938221454620e-03
3.940538968890905380e-03
3.944490570574998856e-03
3.941026516258716583e-03
3.935581538826227188e-03
3.925367724150419235e-03
3.916489426046609879e-03
3.910402767360210419e-03
3.908863291144371033e-03
3.910930361598730087e-03
3.914644476026296616e-03
3.918203059583902359e-03
3.919683862477540970e-03
3.919128794223070145e-03
3.915631677955389023e-03
3.910881467163562775e-03
3.905469784513115883e-03
3.901134943589568138e-03
3.898585913702845573e-03
3.898044815286993980e-03
3.899076487869024277e-03
3.900980111211538315e-03
3.903132397681474686e-03
3.904883284121751785e-03
3.906085155904293060e-03
3.906302154064178467e-03
3.905863733962178230e-03
3.904714249074459076e-03
3.903394332155585289e-03
3.902049502357840538e-03
3.900977782905101776e-03
3.900239942595362663e-03
3.899910021573305130e-03
3.899995004758238792e-03
3.900549607351422310e-03
3.901634132489562035e-03
3.903315169736742973e-03
3.905804362148046494e-03
3.909234423190355301e-03
3.914286382496356964e-03
3.921173512935638428e-03
3.931523766368627548e-03
3.945250529795885086e-03
3.965611569583415985e-03
3.990377765148878098e-03
4.024037625640630722e-03
4.057215992361307144e-03
4.092423245310783386e-03
4.111778456717729568e-03
4.116026684641838074e-03
4.098796285688877106e-03
4.069592803716659546e-03
4.042409826070070267e-03
4.025043919682502747e-03
4.021091852337121964e-03
4.008593037724494934e-03
3.985064569860696793e-03
3.941399976611137390e-03
3.910399507731199265e-03
3.913011867552995682e-03
3.942051436752080917e-03
3.968248609453439713e-03
3.965615760535001755e-03
3.941190429031848907e-03
3.915626090019941330e-03
3.908040933310985565e-03
3.916583023965358734e-03
3.924749791622161865e-03
3.921732306480407715e-03
3.909227438271045685e-03
3.900704206898808479e-03
3.902913769707083702e-03
3.911919426172971725e-03
3.918610047549009323e-03
3.916611429303884506e-03
3.908938728272914886e-03
3.901285119354724884e-03
3.898491617292165756e-03
3.900612704455852509e-03
3.903976641595363617e-03
3.905063029378652573e-03
3.902826923877000809e-03
3.899484639987349510e-03
3.897367045283317566e-03
3.897700924426317215e-03
3.899725619703531265e-03
3.901635296642780304e-03
3.902180586010217667e-03
3.900974523276090622e-03
3.898955183103680611e-03
3.897286253049969673e-03
3.896749578416347504e-03
3.897228278219699860e-03
3.898045746609568596e-03
3.898490918800234795e-03
3.898179391399025917e-03
3.897334216162562370e-03
3.896347479894757271e-03
3.895655041560530663e-03
3.895450849086046219e-03
3.895663190633058548e-03
3.896021749824285507e-03
3.896260401234030724e-03
3.896270645782351494e-03
3.896017093211412430e-03
3.895634785294532776e-03
3.895256435498595238e-03
3.894993104040622711e-03
3.894884837791323662e-03
3.894917201250791550e-03
3.895018482580780983e-03
3.895120928063988686e-03
3.895180765539407730e-03
3.895151428878307343e-03
3.895061323419213295e-03
3.894927445799112320e-03
3.894774476066231728e-03
3.894627094268798828e-03
3.894510213285684586e-03
3.894423367455601692e-03
3.894374240189790726e-03
3.894355846568942070e-03
3.894365392625331879e-03
3.894388908520340919e-03
3.894438967108726501e-03
3.894526045769453049e-03
3.894655732437968254e-03
3.894880879670381546e-03
3.895250381901860237e-03
3.895866451784968376e-03
3.896913956850767136e-03
3.898701164871454239e-03
3.901748452335596085e-03
3.906982950866222382e-03
3.916035406291484833e-03
3.931579645723104477e-03
3.958518616855144501e-03
4.003955516964197159e-03
4.080363549292087555e-03
4.199356306344270706e-03
4.373837262392044067e-03
4.579908214509487152e-03
4.745072685182094574e-03
4.746655933558940887e-03
4.492810461670160294e-03
4.147286992520093918e-03
3.948919940739870071e-03
4.013685509562492371e-03
4.186004400253295898e-03
4.246113821864128113e-03
4.130402114242315292e-03
3.982548601925373077e-03
3.956304863095283508e-03
4.026995506137609482e-03
4.076645709574222565e-03
4.029167816042900085e-03
3.956519067287445068e-03
3.944108728319406509e-03
3.977574873715639114e-03
3.993935417383909225e-03
3.960258793085813522e-03
3.928008489310741425e-03
3.935859538614749908e-03
3.955784719437360764e-03
3.949845209717750549e-03
3.919371869415044785e-03
3.907726146280765533e-03
3.926374949514865875e-03
3.941493574529886246e-03
3.929078113287687302e-03
3.903381293639540672e-03
3.897256450727581978e-03
3.913086373358964920e-03
3.925540484488010406e-03
3.918583504855632782e-03
3.901008516550064087e-03
3.894434776157140732e-03
3.902358701452612877e-03
3.910781815648078918e-03
3.908894024789333344e-03
3.899776376783847809e-03
3.895001253113150597e-03
3.897864138707518578e-03
3.902069758623838425e-03
3.901648800820112228e-03
3.897437127307057381e-03
3.894923254847526550e-03
3.896017093211412430e-03
3.897990100085735321e-03
3.897791495546698570e-03
3.895489731803536415e-03
3.893867367878556252e-03
3.894336055964231491e-03
3.895672038197517395e-03
3.895957255735993385e-03
3.894664347171783447e-03
3.893144428730010986e-03
3.892807988449931145e-03
3.893616143614053726e-03
3.894417546689510345e-03
3.894262714311480522e-03
3.893250832334160805e-03
3.892331151291728020e-03
3.892190521582961082e-03
3.892695531249046326e-03
3.893190296366810799e-03
3.893140237778425217e-03
3.892598208039999008e-03
3.892021020874381065e-03
3.891794476658105850e-03
3.891947912052273750e-03
3.892217529937624931e-03
3.892291802912950516e-03
3.892105771228671074e-03
3.891788888722658157e-03
3.891553729772567749e-03
3.891500877216458321e-03
3.891578176990151405e-03
3.891647327691316605e-03
3.891617991030216217e-03
3.891481552273035049e-03
3.891322528943419456e-03
3.891206579282879829e-03
3.891166765242815018e-03
3.891178639605641365e-03
3.891180269420146942e-03
3.891145111992955208e-03
3.891062689945101738e-03
3.890960011631250381e-03
3.890872932970523834e-03
3.890822175890207291e-03
3.890799591317772865e-03
3.890782594680786133e-03
3.890752093866467476e-03
3.890710882842540741e-03
3.890642896294593811e-03
3.890569321811199188e-03
3.890505526214838028e-03
3.890460357069969177e-03
3.890421474352478981e-03
3.890388412401080132e-03
3.890357445925474167e-03
3.890322288498282433e-03
3.890272928401827812e-03
3.890221239998936653e-03
3.890169784426689148e-03
3.890118328854441643e-03
3.890066407620906830e-03
3.890026593580842018e-03
3.889984451234340668e-03
3.889941610395908356e-03
3.889906685799360275e-03
3.889863612130284309e-03
3.889821702614426613e-03
3.889777231961488724e-03
3.889736486598849297e-03
3.889687592163681984e-03
3.889644052833318710e-03
3.889602376148104668e-03
3.889559768140316010e-03
3.889512736350297928e-03
3.889469895511865616e-03
3.889427287504076958e-03
3.889381419867277145e-03
3.889340208843350410e-03
3.889294574037194252e-03
3.889246610924601555e-03
3.889206331223249435e-03
3.889162326231598854e-03
3.889118321239948273e-03
3.889071755111217499e-03
3.889032872393727303e-03
3.888988168910145760e-03
3.888943931087851524e-03
3.888902720063924789e-03
3.888859646394848824e-03
3.888814710080623627e-03
3.888772800564765930e-03
3.888731589540839195e-03
3.888686886057257652e-03
3.888644278049468994e-03
3.888599341735243797e-03
3.888560691848397255e-03
3.888520179316401482e-03
3.888478269800543785e-03
3.888442413881421089e-03
3.888406557962298393e-03
3.888371167704463005e-03
3.888351609930396080e-03
3.888345090672373772e-03
3.888359526172280312e-03
3.888415871188044548e-03
3.888544626533985138e-03
3.888787934556603432e-03
3.889250103384256363e-03
3.890066873282194138e-03
3.891571424901485443e-03
3.894183086231350899e-03
3.899031551554799080e-03
3.907172009348869324e-03
3.922345116734504700e-03
3.945727366954088211e-03
3.987349104136228561e-03
4.036965779960155487e-03
4.104865249246358871e-03
4.132108297199010849e-03
4.115496296435594559e-03
4.035130608826875687e-03
3.967758733779191971e-03
3.977921791374683380e-03
4.057309590280056000e-03
4.140567034482955933e-03
4.150387831032276154e-03
4.113982431590557098e-03
4.078049212694168091e-03
4.081176593899726868e-03
4.091543145477771759e-03
4.050004296004772186e-03
3.965131938457489014e-03
3.898305818438529968e-03
3.899433417245745659e-03
3.946063574403524399e-03
3.979175817221403122e-03
3.974557388573884964e-03
3.954004030674695969e-03
3.946889191865921021e-03
3.948439378291368484e-03
3.935538697987794876e-03
3.908843267709016800e-03
3.890329971909523010e-03
3.897016402333974838e-03
3.917185589671134949e-03
3.927197773009538651e-03
3.921246156096458435e-03
3.910176455974578857e-03
3.905575023964047432e-03
3.905534278601408005e-03
3.901598043739795685e-03
3.893450833857059479e-03
3.888903185725212097e-03
3.892591223120689392e-03
3.899874631315469742e-03
3.903038799762725830e-03
3.900161013007164001e-03
3.895504400134086609e-03
3.893296932801604271e-03
3.893209854140877724e-03
3.892425913363695145e-03
3.889963729307055473e-03
3.887612139806151390e-03
3.887565108016133308e-03
3.889648476615548134e-03
3.891750704497098923e-03
3.892212873324751854e-03
3.891161177307367325e-03
3.889999818056821823e-03
3.889579325914382935e-03
3.889594692736864090e-03
3.889235667884349823e-03
3.888180945068597794e-03
3.886922728270292282e-03
3.886158810928463936e-03
3.886147867888212204e-03
3.886560909450054169e-03
3.886868478730320930e-03
3.886843333020806313e-03
3.886635880917310715e-03
3.886554623022675514e-03
3.886724822223186493e-03
3.887006081640720367e-03
3.887170227244496346e-03
3.887096419930458069e-03
3.886857535690069199e-03
3.886619815602898598e-03
3.886495949700474739e-03
3.886491991579532623e-03
3.886503400281071663e-03
3.886461490765213966e-03
3.886346938088536263e-03
3.886207472532987595e-03
3.886120859533548355e-03
3.886127611622214317e-03
3.886221675202250481e-03
3.886372782289981842e-03
3.886562772095203400e-03
3.886799793690443039e-03
3.887123893946409225e-03
3.887611208483576775e-03
3.888338105753064156e-03
3.889390965923666954e-03
3.890873165801167488e-03
3.892937675118446350e-03
3.895825706422328949e-03
3.899856703355908394e-03
3.905575023964047432e-03
3.913623746484518051e-03
3.925099968910217285e-03
3.941071685403585434e-03
3.963407594710588455e-03
3.993151709437370300e-03
4.032156430184841156e-03
4.078502766788005829e-03
4.129411187022924423e-03
4.173415247350931168e-03
4.196487367153167725e-03
4.182433709502220154e-03
4.124567378312349319e-03
4.038151353597640991e-03
3.952197264879941940e-03
3.898642025887966156e-03
3.890215419232845306e-03
3.917343448847532272e-03
3.957000095397233963e-03
3.986088093370199203e-03
3.991382662206888199e-03
3.971898462623357773e-03
3.938510548323392868e-03
3.906302154064178467e-03
3.887984901666641235e-03
3.887572791427373886e-03
3.900423878803849220e-03
3.916866146028041840e-03
3.927510231733322144e-03
3.927377983927726746e-03
3.917096648365259171e-03
3.902104450389742851e-03
3.889128100126981735e-03
3.882970893755555153e-03
3.884452162310481071e-03
3.890808671712875366e-03
3.897720715031027794e-03
3.901535645127296448e-03
3.900767304003238678e-03
3.896181238815188408e-03
3.890046151354908943e-03
3.884818637743592262e-03
3.882077522575855255e-03
3.882109653204679489e-03
3.884096862748265266e-03
3.886704798787832260e-03
3.888682462275028229e-03
3.889323212206363678e-03
3.888520644977688789e-03
3.886723192408680916e-03
3.884579287841916084e-03
3.882703604176640511e-03
3.881501266732811928e-03
3.881075419485569000e-03
3.881291951984167099e-03
3.881873795762658119e-03
3.882516874000430107e-03
3.882980905473232269e-03
3.883145283907651901e-03
3.882983699440956116e-03
3.882582997903227806e-03
3.882044926285743713e-03
3.881476353853940964e-03
3.880968783050775528e-03
3.880578326061367989e-03
3.880312666296958923e-03
3.880174132063984871e-03
3.880125004798173904e-03
3.880135249346494675e-03
3.880176227539777756e-03
3.880206728354096413e-03
3.880216972902417183e-03
3.880194621160626411e-03
3.880143398419022560e-03
3.880059812217950821e-03
3.879960859194397926e-03
3.879844443872570992e-03
3.879731288179755211e-03
3.879632335156202316e-03
3.879562020301818848e-03
3.879528259858489037e-03
3.879557130858302116e-03
3.879673313349485397e-03
3.879933850839734077e-03
3.880389034748077393e-03
3.881157375872135162e-03
3.882364369928836823e-03
3.884323174133896828e-03
3.887279424816370010e-03
3.892054781317710876e-03
3.899105591699481010e-03
3.910451661795377731e-03
3.926361445337533951e-03
3.950929734855890274e-03
3.980689682066440582e-03
4.020431078970432281e-03
4.051993601024150848e-03
4.075748380273580551e-03
4.063216503709554672e-03
4.030888900160789490e-03
3.993379417806863785e-03
3.985945135354995728e-03
4.014804027974605560e-03
4.055261146277189255e-03
4.071491304785013199e-03
4.041402600705623627e-03
3.982898313552141190e-03
3.931195940822362900e-03
3.911719657480716705e-03
3.917482215911149979e-03
3.922213334590196609e-03
3.912413027137517929e-03
3.894363762810826302e-03
3.887421451508998871e-03
3.898930503055453300e-03
3.917821682989597321e-03
3.927382640540599823e-03
3.919404465705156326e-03
3.903210395947098732e-03
3.891600994393229485e-03
3.889823565259575844e-03
3.891964675858616829e-03
3.889884799718856812e-03
3.882775316014885902e-03
3.876411588862538338e-03
3.876347094774246216e-03
3.881877521052956581e-03
3.887576982378959656e-03
3.889041952788829803e-03
3.886349266394972801e-03
3.883063560351729393e-03
3.882042830809950829e-03
3.883109893649816513e-03
3.883982542902231216e-03
3.882690099999308586e-03
3.879557596519589424e-03
3.876256523653864861e-03
3.874445799738168716e-03
3.874287009239196777e-03
3.874752670526504517e-03
3.874669084325432777e-03
3.873659297823905945e-03
3.872271627187728882e-03
3.871299093589186668e-03
3.871150780469179153e-03
3.871609922498464584e-03
3.872127272188663483e-03
3.872261149808764458e-03
3.871943103149533272e-03
3.871440887451171875e-03
3.871116787195205688e-03
3.871177090331912041e-03
3.871613414958119392e-03
3.872249973937869072e-03
3.872947534546256065e-03
3.873677924275398254e-03
3.874617628753185272e-03
3.876049537211656570e-03
3.878368763253092766e-03
3.881965065374970436e-03
3.887397935613989830e-03
3.895324654877185822e-03
3.906948026269674301e-03
3.923724405467510223e-03
3.948217257857322693e-03
3.982749301940202713e-03
4.031019750982522964e-03
4.092772491276264191e-03
4.166669212281703949e-03
4.237086046487092972e-03
4.282223060727119446e-03
4.270501434803009033e-03
4.186700563877820969e-03
4.056535195559263229e-03
3.934792242944240570e-03
3.876919392496347427e-03
3.894062712788581848e-03
3.953379578888416290e-03
4.006018862128257751e-03
4.018014762550592422e-03
3.986687399446964264e-03
3.934173844754695892e-03
3.891724860295653343e-03
3.877785289660096169e-03
3.890787716954946518e-03
3.914114553481340408e-03
3.929896745830774307e-03
3.928573336452245712e-03
3.912168554961681366e-03
3.890997730195522308e-03
3.875870956107974052e-03
3.872445318847894669e-03
3.878781571984291077e-03
3.888285020366311073e-03
3.894014516845345497e-03
3.892484586685895920e-03
3.884997451677918434e-03
3.875839523971080780e-03
3.869544016197323799e-03
3.868171945214271545e-03
3.870898624882102013e-03
3.874911926686763763e-03
3.877387149259448051e-03
3.876894013956189156e-03
3.873779205605387688e-03
3.869710024446249008e-03
3.866487415507435799e-03
3.865232691168785095e-03
3.865908831357955933e-03
3.867627121508121490e-03
3.869198728352785110e-03
3.869739128276705742e-03
3.869011066854000092e-03
3.867366816848516464e-03
3.865505568683147430e-03
3.864104859530925751e-03
3.863521153107285500e-03
3.863726975396275520e-03
3.864399157464504242e-03
3.865104634314775467e-03
3.865487640723586082e-03
3.865386359393596649e-03
3.864853875711560249e-03
3.864085534587502480e-03
3.863305551931262016e-03
3.862720448523759842e-03
3.862419165670871735e-03
3.862391458824276924e-03
3.862553741782903671e-03
3.862782381474971771e-03
3.862975398078560829e-03
3.863044781610369682e-03
3.862976562231779099e-03
3.862776095047593117e-03
3.862500423565506935e-03
3.862199140712618828e-03
3.861912759020924568e-03
3.861683886498212814e-03
3.861520206555724144e-03
3.861418925225734711e-03
3.861367236822843552e-03
3.861358156427741051e-03
3.861353499814867973e-03
3.861348144710063934e-03
3.861319273710250854e-03
3.861289005726575851e-03
3.861229401081800461e-03
3.861157223582267761e-03
3.861071541905403137e-03
3.860975848510861397e-03
3.860876196995377541e-03
3.860770957544445992e-03
3.860677592456340790e-03
3.860580036416649818e-03
3.860487835481762886e-03
3.860404482111334801e-03
3.860327647998929024e-03
3.860255703330039978e-03
3.860191442072391510e-03
3.860137192532420158e-03
3.860090859234333038e-03
3.860058728605508804e-03
3.860047087073326111e-03
3.860054071992635727e-03
3.860107623040676117e-03
3.860235912725329399e-03
3.860488999634981155e-03
3.860941855236887932e-03
3.861744888126850128e-03
3.863130230456590652e-03
3.865571226924657822e-03
3.869716776534914970e-03
3.877096809446811676e-03
3.889396088197827339e-03
3.911343403160572052e-03
3.945763222873210907e-03
4.004418384283781052e-03
4.079706501215696335e-03
4.182185046374797821e-03
4.241038113832473755e-03
4.241609480232000351e-03
4.124565050005912781e-03
3.997724037617444992e-03
3.966816235333681107e-03
4.043024498969316483e-03
4.115967545658349991e-03
4.077483434230089188e-03
3.964018542319536209e-03
3.889036132022738457e-03
3.908572718501091003e-03
3.956498578190803528e-03
3.946904558688402176e-03
3.894861089065670967e-03
3.871528897434473038e-03
3.903531702235341072e-03
3.939523827284574509e-03
3.928185440599918365e-03
3.889876184985041618e-03
3.873533569276332855e-03
3.888759994879364967e-03
3.900010837242007256e-03
3.884609090164303780e-03
3.863863181322813034e-03
3.864208701997995377e-03
3.880397183820605278e-03
3.887768136337399483e-03
3.877931041643023491e-03
3.866920480504631996e-03
3.868087194859981537e-03
3.875395283102989197e-03
3.875652095302939415e-03
3.866997081786394119e-03
3.859837306663393974e-03
3.860990749672055244e-03
3.866055049002170563e-03
3.867257852107286453e-03
3.863421734422445297e-03
3.860117634758353233e-03
3.861198201775550842e-03
3.864476224407553673e-03
3.865480655804276466e-03
3.863106947392225266e-03
3.860282478854060173e-03
3.859727876260876656e-03
3.861033357679843903e-03
3.861831501126289368e-03
3.860781202092766762e-03
3.858901560306549072e-03
3.857904812321066856e-03
3.858323208987712860e-03
3.859184915199875832e-03
3.859300399199128151e-03
3.858533455058932304e-03
3.857695730403065681e-03
3.857522970065474510e-03
3.857993287965655327e-03
3.858457086607813835e-03
3.858440089970827103e-03
3.858005395159125328e-03
3.857610980048775673e-03
3.857603995129466057e-03
3.857914358377456665e-03
3.858232172206044197e-03
3.858323907479643822e-03
3.858236130326986313e-03
3.858195384964346886e-03
3.858409821987152100e-03
3.858901327475905418e-03
3.859580494463443756e-03
3.860368393361568451e-03
3.861329052597284317e-03
3.862658049911260605e-03
3.864645259454846382e-03
3.867608727887272835e-03
3.871903754770755768e-03
3.877996467053890228e-03
3.886684542521834373e-03
3.899016184732317924e-03
3.916638437658548355e-03
3.941231407225131989e-03
3.975126426666975021e-03
4.019348416477441788e-03
4.073992371559143066e-03
4.133495502173900604e-03
4.186988808214664459e-03
4.215156659483909607e-03
4.197769332677125931e-03
4.128026776015758514e-03
4.021836444735527039e-03
3.920671064406633377e-03
3.863386809825897217e-03
3.864621976390480995e-03
3.907602280378341675e-03
3.958276472985744476e-03
3.985782619565725327e-03
3.975765313953161240e-03
3.936542663723230362e-03
3.890462452545762062e-03
3.860830562189221382e-03
3.857963252812623978e-03
3.876012051478028297e-03
3.899329807609319687e-03
3.912609536200761795e-03
3.909044899046421051e-03
3.891963977366685867e-03
3.871643450111150742e-03
3.858213545754551888e-03
3.856317838653922081e-03
3.863658057525753975e-03
3.873712383210659027e-03
3.880029078572988510e-03
3.879385767504572868e-03
3.872802015393972397e-03
3.864103462547063828e-03
3.857443574815988541e-03
3.855198388919234276e-03
3.857163246721029282e-03
3.861208213493227959e-03
3.864703699946403503e-03
3.865879261866211891e-03
3.864355152472853661e-03
3.861102741211652756e-03
3.857645206153392792e-03
3.855277551338076591e-03
3.854585578665137291e-03
3.855346934869885445e-03
3.856852883473038673e-03
3.858250332996249199e-03
3.858948824927210808e-03
3.858723910525441170e-03
3.857740433886647224e-03
3.856410738080739975e-03
3.855169750750064850e-03
3.854348789900541306e-03
3.854061942547559738e-03
3.854253329336643219e-03
3.854714799672365189e-03
3.855207469314336777e-03
3.855546936392784119e-03
3.855634946376085281e-03
3.855472430586814880e-03
3.855112241581082344e-03
3.854676615446805954e-03
3.854244016110897064e-03
3.853889415040612221e-03
3.853656584396958351e-03
3.853544360026717186e-03
3.853532252833247185e-03
3.853595815598964691e-03
3.853680798783898354e-03
3.853769041597843170e-03
3.853840753436088562e-03
3.853868227452039719e-03
3.853854490444064140e-03
3.853801405057311058e-03
3.853715956211090088e-03
3.853610251098871231e-03
3.853500355035066605e-03
3.853385802358388901e-03
3.853275673463940620e-03
3.853169502690434456e-03
3.853073110803961754e-03
3.852988826110959053e-03
3.852915484458208084e-03
3.852855181321501732e-03
3.852796740829944611e-03
3.852750873193144798e-03
3.852713620290160179e-03
3.852670546621084213e-03
3.852629801258444786e-03
3.852602094411849976e-03
3.852569730952382088e-03
3.852534806355834007e-03
3.852507332339882851e-03
3.852478927001357079e-03
3.852454479783773422e-03
3.852433990687131882e-03
3.852419555187225342e-03
3.852414665743708611e-03
3.852413268759846687e-03
3.852429334074258804e-03
3.852473804727196693e-03
3.852550871670246124e-03
3.852678695693612099e-03
3.852876834571361542e-03
3.853179747238755226e-03
3.853656584396958351e-03
3.854383947327733040e-03
3.855519928038120270e-03
3.857272677123546600e-03
3.860023804008960724e-03
3.864244790747761726e-03
3.870932850986719131e-03
3.881221637129783630e-03
3.897612914443016052e-03
3.922221250832080841e-03
3.960660193115472794e-03
4.013790749013423920e-03
4.089090041816234589e-03
4.170438274741172791e-03
4.251439590007066727e-03
4.277068190276622772e-03
4.235191736370325089e-03
4.127784166485071182e-03
4.023343790322542191e-03
3.987697884440422058e-03
4.021152388304471970e-03
4.071243572980165482e-03
4.047877155244350433e-03
3.961388487368822098e-03
3.872208064422011375e-03
3.863879712298512459e-03
3.922831267118453979e-03
3.962782677263021469e-03
3.938065376132726669e-03
3.880660980939865112e-03
3.861463163048028946e-03
3.889248939231038094e-03
3.912957850843667984e-03
3.898576367646455765e-03
3.864770988002419472e-03
3.854816313832998276e-03
3.874184330925345421e-03
3.890560939908027649e-03
3.882494987919926643e-03
3.861816599965095520e-03
3.854249604046344757e-03
3.864306723698973656e-03
3.874005051329731941e-03
3.870052518323063850e-03
3.857922274619340897e-03
3.852357622236013412e-03
3.857675474137067795e-03
3.864712314680218697e-03
3.864196594804525375e-03
3.857251023873686790e-03
3.852360183373093605e-03
3.853901522234082222e-03
3.858162788674235344e-03
3.859068499878048897e-03
3.855570917949080467e-03
3.851935733109712601e-03
3.851689398288726807e-03
3.854121314361691475e-03
3.855843096971511841e-03
3.854881506413221359e-03
3.852546447888016701e-03
3.851213026791810989e-03
3.851835383102297783e-03
3.853218397125601768e-03
3.853634931147098541e-03
3.852695226669311523e-03
3.851345041766762733e-03
3.850767156109213829e-03
3.851175308227539062e-03
3.851849818602204323e-03
3.852014429867267609e-03
3.851490328088402748e-03
3.850777866318821907e-03
3.850421868264675140e-03
3.850578796118497849e-03
3.850948065519332886e-03
3.851113840937614441e-03
3.850928274914622307e-03
3.850546199828386307e-03
3.850265871733427048e-03
3.850224660709500313e-03
3.850371344015002251e-03
3.850515466183423996e-03
3.850510809570550919e-03
3.850358305498957634e-03
3.850159002467989922e-03
3.850032109767198563e-03
3.850029781460762024e-03
3.850106149911880493e-03
3.850189503282308578e-03
3.850220702588558197e-03
3.850199514999985695e-03
3.850169014185667038e-03
3.850181819871068001e-03
3.850288921967148781e-03
3.850507317110896111e-03
3.850829787552356720e-03
3.851261222735047340e-03
3.851857269182801247e-03
3.852696390822529793e-03
3.853941569104790688e-03
3.855799324810504913e-03
3.858609357848763466e-03
3.862822894006967545e-03
3.869136562570929527e-03
3.878583898767828941e-03
3.892670618370175362e-03
3.913555294275283813e-03
3.944154363125562668e-03
3.987765405327081680e-03
4.047363996505737305e-03
4.122346639633178711e-03
4.205406177788972855e-03
4.274762235581874847e-03
4.300039261579513550e-03
4.249447025358676910e-03
4.128424916416406631e-03
3.982066176831722260e-03
3.879706375300884247e-03
3.859837772324681282e-03
3.908774349838495255e-03
3.976856358349323273e-03
4.012575373053550720e-03
3.994966857135295868e-03
3.939618822187185287e-03
3.885352984070777893e-03
3.861954435706138611e-03
3.872211324051022530e-03
3.897346556186676025e-03
3.914195112884044647e-03
3.912221640348434448e-03
3.895708359777927399e-03
3.876873292028903961e-03
3.865460399538278580e-03
3.863247111439704895e-03
3.867079038172960281e-03
3.871677676215767860e-03
3.873861627653241158e-03
3.872666275128722191e-03
3.868668805807828903e-03
3.863445948809385300e-03
3.858331358060240746e-03
3.855291521176695824e-03
3.855007933452725410e-03
3.857018193230032921e-03
3.859562566503882408e-03
3.860571887344121933e-03
3.859119955450296402e-03
3.855561604723334312e-03
3.851848654448986053e-03
3.849717322736978531e-03
3.849966451525688171e-03
3.851924557238817215e-03
3.854037029668688774e-03
3.854901064187288284e-03
3.853926435112953186e-03
3.851758083328604698e-03
3.849478438496589661e-03
3.848145948722958565e-03
3.848133375868201256e-03
3.849085653200745583e-03
3.850268665701150894e-03
3.850969485938549042e-03
3.850899171084165573e-03
3.850130829960107803e-03
3.849090076982975006e-03
3.848189720883965492e-03
3.847713815048336983e-03
3.847704036161303520e-03
3.848005551844835281e-03
3.848405089229345322e-03
3.848692635074257851e-03
3.848776919767260551e-03
3.848650259897112846e-03
3.848374122753739357e-03
3.848043270409107208e-03
3.847742918878793716e-03
3.847519168630242348e-03
3.847383894026279449e-03
3.847336862236261368e-03
3.847344545647501945e-03
3.847390180453658104e-03
3.847440704703330994e-03
3.847484709694981575e-03
3.847500775009393692e-03
3.847486805170774460e-03
3.847440471872687340e-03
3.847366198897361755e-03
3.847273765131831169e-03
3.847163869068026543e-03
3.847055835649371147e-03
3.846953390166163445e-03
3.846866777166724205e-03
3.846796229481697083e-03
3.846745472401380539e-03
3.846707986667752266e-03
3.846692387014627457e-03
3.846674226224422455e-03
3.846666077151894569e-03
3.846654435619711876e-03
3.846648847684264183e-03
3.846638370305299759e-03
3.846622537821531296e-03
3.846610896289348602e-03
3.846597857773303986e-03
3.846591571345925331e-03
3.846582490950822830e-03
3.846594598144292831e-03
3.846607636660337448e-03
3.846639534458518028e-03
3.846699139103293419e-03
3.846783190965652466e-03
3.846908919513225555e-03
3.847095416858792305e-03
3.847377607598900795e-03
3.847769694402813911e-03
3.848355729132890701e-03
3.849212545901536942e-03
3.850490320473909378e-03
3.852351335808634758e-03
3.855172544717788696e-03
3.859284566715359688e-03
3.865653183311223984e-03
3.874780144542455673e-03
3.888856153935194016e-03
3.908090759068727493e-03
3.936811350286006927e-03
3.971347585320472717e-03
4.016872495412826538e-03
4.054975230246782303e-03
4.086170345544815063e-03
4.077672492712736130e-03
4.040234256535768509e-03
3.980050794780254364e-03
3.934836015105247498e-03
3.925636410713195801e-03
3.946866374462842941e-03
3.973128739744424820e-03
3.972478210926055908e-03
3.941595088690519333e-03
3.890945343300700188e-03
3.854223759844899178e-03
3.849595552310347557e-03
3.869922133162617683e-03
3.891359781846404076e-03
3.893647808581590652e-03
3.879104275256395340e-03
3.862306242808699608e-03
3.858041716739535332e-03
3.866696963086724281e-03
3.876834409311413765e-03
3.877691458910703659e-03
3.867217339575290680e-03
3.854171372950077057e-03
3.847485175356268883e-03
3.849653992801904678e-03
3.855696879327297211e-03
3.858756972476840019e-03
3.856456605717539787e-03
3.851190209388732910e-03
3.847693325951695442e-03
3.848302643746137619e-03
3.851680317893624306e-03
3.854638896882534027e-03
3.854759735986590385e-03
3.852292895317077637e-03
3.849151078611612320e-03
3.847415791824460030e-03
3.847681451588869095e-03
3.848996711894869804e-03
3.849899861961603165e-03
3.849490778520703316e-03
3.848045831546187401e-03
3.846427425742149353e-03
3.845492377877235413e-03
3.845497034490108490e-03
3.846095874905586243e-03
3.846685634925961494e-03
3.846809500828385353e-03
3.846417879685759544e-03
3.845720086246728897e-03
3.845098428428173065e-03
3.844797611236572266e-03
3.844856750220060349e-03
3.845127066597342491e-03
3.845392027869820595e-03
3.845491446554660797e-03
3.845374565571546555e-03
3.845109371468424797e-03
3.844805527478456497e-03
3.844584571197628975e-03
3.844495862722396851e-03
3.844533348456025124e-03
3.844643710181117058e-03
3.844764782115817070e-03
3.844857448711991310e-03
3.844907507300376892e-03
3.844938473775982857e-03
3.845003666356205940e-03
3.845158964395523071e-03
3.845475846901535988e-03
3.846046281978487968e-03
3.846984356641769409e-03
3.848466789349913597e-03
3.850791603326797485e-03
3.854434471577405930e-03
3.860179800540208817e-03
3.869244130328297615e-03
3.883643075823783875e-03
3.906391561031341553e-03
3.942118026316165924e-03
3.996909130364656448e-03
4.077977966517210007e-03
4.189795814454555511e-03
4.326113034039735794e-03
4.457377828657627106e-03
4.519334062933921814e-03
4.450474865734577179e-03
4.237921908497810364e-03
3.993397578597068787e-03
3.857419593259692192e-03
3.890582825988531113e-03
4.020488355308771133e-03
4.114437382668256760e-03
4.091404844075441360e-03
3.975014667958021164e-03
3.870748216286301613e-03
3.855688031762838364e-03
3.915747161954641342e-03
3.974873106926679611e-03
3.972529899328947067e-03
3.917196765542030334e-03
3.864288562908768654e-03
3.857055446133017540e-03
3.887151833623647690e-03
3.912562504410743713e-03
3.905356628820300102e-03
3.874614369124174118e-03
3.852006047964096069e-03
3.855525515973567963e-03
3.874229500070214272e-03
3.884787205606698990e-03
3.875175956636667252e-03
3.855812596157193184e-03
3.844720078632235527e-03
3.849469125270843506e-03
3.861594945192337036e-03
3.867224324494600296e-03
3.861350007355213165e-03
3.850127337500452995e-03
3.843776881694793701e-03
3.846047678962349892e-03
3.852319903671741486e-03
3.855538088828325272e-03
3.852875204756855965e-03
3.847457002848386765e-03
3.844127524644136429e-03
3.844924271106719971e-03
3.847833489999175072e-03
3.849443746730685234e-03
3.848213702440261841e-03
3.845392027869820595e-03
3.843407379463315010e-03
3.843541955575346947e-03
3.845131956040859222e-03
3.846434177830815315e-03
3.846267005428671837e-03
3.844843246042728424e-03
3.843307960778474808e-03
3.842700738459825516e-03
3.843145910650491714e-03
3.843980841338634491e-03
3.844398306682705879e-03
3.844088409096002579e-03
3.843349171802401543e-03
3.842746373265981674e-03
3.842622973024845123e-03
3.842918202280998230e-03
3.843279555439949036e-03
3.843383165076375008e-03
3.843138692900538445e-03
3.842720296233892441e-03
3.842372912913560867e-03
3.842261154204607010e-03
3.842356847599148750e-03
3.842517035081982613e-03
3.842576639726758003e-03
3.842487698420882225e-03
3.842300269752740860e-03
3.842119360342621803e-03
3.842031350359320641e-03
3.842046251520514488e-03
3.842112375423312187e-03
3.842167556285858154e-03
3.842161735519766808e-03
3.842097939923405647e-03
3.842007368803024292e-03
3.841934725642204285e-03
3.841910278424620628e-03
3.841933328658342361e-03
3.841988276690244675e-03
3.842051140964031219e-03
3.842110978439450264e-03
3.842173609882593155e-03
3.842271864414215088e-03
3.842432983219623566e-03
3.842708654701709747e-03
3.843142651021480560e-03
3.843813436105847359e-03
3.844808321446180344e-03
3.846327774226665497e-03
3.848585300147533417e-03
3.852123627439141273e-03
3.857407486066222191e-03
3.865834558382630348e-03
3.878176910802721977e-03
3.897748421877622604e-03
3.924374002963304520e-03
3.964257892221212387e-03
4.008570685982704163e-03
4.062200430780649185e-03
4.090080037713050842e-03
4.091376904398202896e-03
4.033384844660758972e-03
3.952255938202142715e-03
3.884156467393040657e-03
3.863946069031953812e-03
3.884845878928899765e-03
3.912671003490686417e-03
3.921393305063247681e-03
3.903496544808149338e-03
3.880125237628817558e-03
3.869566600769758224e-03
3.875558497384190559e-03
3.884852398186922073e-03
3.882234683260321617e-03
3.867382183670997620e-03
3.851465182378888130e-03
3.847638843581080437e-03
3.856901777908205986e-03
3.868903499096632004e-03
3.872268600389361382e-03
3.863759106025099754e-03
3.850654698908329010e-03
3.842470701783895493e-03
3.843356156721711159e-03
3.849662141874432564e-03
3.854512237012386322e-03
3.854151815176010132e-03
3.849876811727881432e-03
3.845849074423313141e-03
3.844731021672487259e-03
3.846006002277135849e-03
3.847306128591299057e-03
3.846764331683516502e-03
3.844672581180930138e-03
3.842588514089584351e-03
3.841991536319255829e-03
3.843033220618963242e-03
3.844617167487740517e-03
3.845441155135631561e-03
3.844848368316888809e-03
3.843280719593167305e-03
3.841640427708625793e-03
3.840765682980418205e-03
3.840845776721835136e-03
3.841498633846640587e-03
3.842147067189216614e-03
3.842380829155445099e-03
3.842151490971446037e-03
3.841664874926209450e-03
3.841221565380692482e-03
3.841010387986898422e-03
3.841023193672299385e-03
3.841120051220059395e-03
3.841147758066654205e-03
3.841015743091702461e-03
3.840750781819224358e-03
3.840455086901783943e-03
3.840225050225853920e-03
3.840137738734483719e-03
3.840183140709996223e-03
3.840294899418950081e-03
3.840420162305235863e-03
3.840489080175757408e-03
3.840468125417828560e-03
3.840376855805516243e-03
3.840247634798288345e-03
3.840111196041107178e-03
3.840004792436957359e-03
3.839937504380941391e-03
3.839908167719841003e-03
3.839897690340876579e-03
3.839897690340876579e-03
3.839877899736166000e-03
3.839852754026651382e-03
3.839807352051138878e-03
3.839749842882156372e-03
3.839688608422875404e-03
3.839629236608743668e-03
3.839572425931692123e-03
3.839523764327168465e-03
3.839488374069333076e-03
3.839461365714669228e-03
3.839439479634165764e-03
3.839426208287477493e-03
3.839415963739156723e-03
3.839420154690742493e-03
3.839422948658466339e-03
3.839436685666441917e-03
3.839463926851749420e-03
3.839514683932065964e-03
3.839587559923529625e-03
3.839699085801839828e-03
3.839875338599085808e-03
3.840132150799036026e-03
3.840519580990076065e-03
3.841103287413716316e-03
3.841976402327418327e-03
3.843299578875303268e-03
3.845306811854243279e-03
3.848362015560269356e-03
3.853069385513663292e-03
3.860287135466933250e-03
3.871499095112085342e-03
3.888672683387994766e-03
3.915151581168174744e-03
3.954552114009857178e-03
4.012743011116981506e-03
4.091477021574974060e-03
4.191850777715444565e-03
4.292627330869436264e-03
4.363778978586196899e-03
4.350557457655668259e-03
4.234233405441045761e-03
4.060741513967514038e-03
3.924074117094278336e-03
3.896529553458094597e-03
3.959350753575563431e-03
4.034992773085832596e-03
4.033694975078105927e-03
3.959140740334987640e-03
3.874838119372725487e-03
3.855123417451977730e-03
3.899906529113650322e-03
3.944486845284700394e-03
3.939375281333923340e-03
3.886696416884660721e-03
3.844925202429294586e-03
3.849760163575410843e-03
3.883346216753125191e-03
3.902327967807650566e-03
3.884150879457592964e-03
3.852955298498272896e-03
3.840776160359382629e-03
3.854118986055254936e-03
3.870826214551925659e-03
3.869233187288045883e-03
3.853066824376583099e-03
3.840931458398699760e-03
3.844118444249033928e-03
3.854999318718910217e-03
3.859090851619839668e-03
3.852077061310410500e-03
3.842093516141176224e-03
3.839224111288785934e-03
3.844077000394463539e-03
3.849216038361191750e-03
3.848635824397206306e-03
3.843413200229406357e-03
3.839440643787384033e-03
3.840099554508924484e-03
3.843422513455152512e-03
3.845235565677285194e-03
3.843562910333275795e-03
3.840337041765451431e-03
3.838540986180305481e-03
3.839238081127405167e-03
3.840992460027337074e-03
3.841724013909697533e-03
3.840765682980418205e-03
3.839133074507117271e-03
3.838283009827136993e-03
3.838705131784081459e-03
3.839677898213267326e-03
3.840169869363307953e-03
3.839754965156316757e-03
3.838843433186411858e-03
3.838171716779470444e-03
3.838134231045842171e-03
3.838531905785202980e-03
3.838876960799098015e-03
3.838825738057494164e-03
3.838412929326295853e-03
3.837947966530919075e-03
3.837711410596966743e-03
3.837774740532040596e-03
3.837977536022663116e-03
3.838099772110581398e-03
3.838039003312587738e-03
3.837818978354334831e-03
3.837586380541324615e-03
3.837457858026027679e-03
3.837463213130831718e-03
3.837541211396455765e-03
3.837604308500885963e-03
3.837585914880037308e-03
3.837492316961288452e-03
3.837364492937922478e-03
3.837267169728875160e-03
3.837224794551730156e-03
3.837234340608119965e-03
3.837260417640209198e-03
3.837276017293334007e-03
3.837259486317634583e-03
3.837223397567868233e-03
3.837175434455275536e-03
3.837156342342495918e-03
3.837175900116562843e-03
3.837255295366048813e-03
3.837384050711989403e-03
3.837580326944589615e-03
3.837879048660397530e-03
3.838339587673544884e-03
3.839066950604319572e-03
3.840249730274081230e-03
3.842169186100363731e-03
3.845287021249532700e-03
3.850350622087717056e-03
3.858637763187289238e-03
3.872039727866649628e-03
3.893928602337837219e-03
3.928555641323328018e-03
3.983295988291501999e-03
4.062904976308345795e-03
4.173261579126119614e-03
4.295145161449909210e-03
4.396736621856689453e-03
4.401083569973707199e-03
4.280566703528165817e-03
4.079771228134632111e-03
3.926084842532873154e-03
3.895786823704838753e-03
3.951920662075281143e-03
4.005806986242532730e-03
3.998834174126386642e-03
3.956118598580360413e-03
3.929189406335353851e-03
3.931410145014524460e-03
3.931898623704910278e-03
3.902060212567448616e-03
3.868658794090151787e-03
3.868339350447058678e-03
3.899662522599101067e-03
3.921214956790208817e-03
3.900221316143870354e-03
3.858264302834868431e-03
3.837536787614226341e-03
3.853396745398640633e-03
3.879064694046974182e-03
3.882291028276085854e-03
3.863520687445998192e-03
3.845757106319069862e-03
3.845149185508489609e-03
3.853834467008709908e-03
3.856390481814742088e-03
3.850682871416211128e-03
3.845596918836236000e-03
3.847196698188781738e-03
3.850728971883654594e-03
3.848954336717724800e-03
3.842470934614539146e-03
3.838028991594910622e-03
3.840001532807946205e-03
3.845158033072948456e-03
3.847098676487803459e-03
3.843786427751183510e-03
3.838775446638464928e-03
3.836675314232707024e-03
3.838295582681894302e-03
3.840719349682331085e-03
3.841205965727567673e-03
3.839676501229405403e-03
3.838038770481944084e-03
3.837705124169588089e-03
3.838266013190150261e-03
3.838495118543505669e-03
3.837833646684885025e-03
3.836886025965213776e-03
3.836565650999546051e-03
3.837078344076871872e-03
3.837759606540203094e-03
3.837848547846078873e-03
3.837191965430974960e-03
3.836311167106032372e-03
3.835826879367232323e-03
3.835950512439012527e-03
3.836382878944277763e-03
3.836681600660085678e-03
3.836604766547679901e-03
3.836274379864335060e-03
3.835955867543816566e-03
3.835819661617279053e-03
3.835848765447735786e-03
3.835891606286168098e-03
3.835853654891252518e-03
3.835722804069519043e-03
3.835603361949324608e-03
3.835552372038364410e-03
3.835587296634912491e-03
3.835639916360378265e-03
3.835634561255574226e-03
3.835552372038364410e-03
3.835417330265045166e-03
3.835289273411035538e-03
3.835226641967892647e-03
3.835215466096997261e-03
3.835239447653293610e-03
3.835256211459636688e-03
3.835235256701707840e-03
3.835192415863275528e-03
3.835134906694293022e-03
3.835085546597838402e-03
3.835042007267475128e-03
3.835019189864397049e-03
3.835002658888697624e-03
3.834977047517895699e-03
3.834939096122980118e-03
3.834898117929697037e-03
3.834850154817104340e-03
3.834813833236694336e-03
3.834785893559455872e-03
3.834764938801527023e-03
3.834750736132264137e-03
3.834739094600081444e-03
3.834714181721210480e-03
3.834683215245604515e-03
3.834655275568366051e-03
3.834624076262116432e-03
3.834590781480073929e-03
3.834560513496398926e-03
3.834532108157873154e-03
3.834506729617714882e-03
3.834476927295327187e-03
3.834454575553536415e-03
3.834424773231148720e-03
3.834397066384553909e-03
3.834363305941224098e-03
3.834340022876858711e-03
3.834306495264172554e-03
3.834282746538519859e-03
3.834253875538706779e-03
3.834225470200181007e-03
3.834199393168091774e-03
3.834175644442439079e-03
3.834151662886142731e-03
3.834126517176628113e-03
3.834097413346171379e-03
3.834075061604380608e-03
3.834048751741647720e-03
3.834019415080547333e-03
3.833995200693607330e-03
3.833972150459885597e-03
3.833948867395520210e-03
3.833919065073132515e-03
3.833896713331341743e-03
3.833874361589550972e-03
3.833851777017116547e-03
3.833831520751118660e-03
3.833811264485120773e-03
3.833797760307788849e-03
3.833792638033628464e-03
3.833792405202984810e-03
3.833807772025465965e-03
3.833844326436519623e-03
3.833917668089270592e-03
3.834047121927142143e-03
3.834271105006337166e-03
3.834645031020045280e-03
3.835276002064347267e-03
3.836326999589800835e-03
3.838098840788006783e-03
3.841065801680088043e-03
3.846117062494158745e-03
3.854629816487431526e-03
3.869227832183241844e-03
3.893660847097635269e-03
3.935208078473806381e-03
4.001544788479804993e-03
4.107225686311721802e-03
4.249842837452888489e-03
4.424652550369501114e-03
4.544956143945455551e-03
4.537942353636026382e-03
4.351339302957057953e-03
4.117855802178382874e-03
4.025879781693220139e-03
4.095618147403001785e-03
4.177827388048171997e-03
4.088441375643014908e-03
3.914370201528072357e-03
3.852551570162177086e-03
3.955292981117963791e-03
4.045707173645496368e-03
3.978809341788291931e-03
3.865858772769570351e-03
3.861694363877177238e-03
3.931682556867599487e-03
3.937012515962123871e-03
3.868792904540896416e-03
3.845067461952567101e-03
3.890798427164554596e-03
3.912759013473987579e-03
3.872227156534790993e-03
3.837419906631112099e-03
3.856142750009894371e-03
3.881258424371480942e-03
3.865855745971202850e-03
3.840429242700338364e-03
3.845863509923219681e-03
3.864785656332969666e-03
3.860672004520893097e-03
3.840372897684574127e-03
3.836346324533224106e-03
3.849114989861845970e-03
3.853005357086658478e-03
3.842354984953999519e-03
3.835869254544377327e-03
3.842118196189403534e-03
3.847373183816671371e-03
3.841794561594724655e-03
3.834716510027647018e-03
3.836129093542695045e-03
3.841228317469358444e-03
3.840794786810874939e-03
3.836014540866017342e-03
3.834598232060670853e-03
3.837579861283302307e-03
3.839115146547555923e-03
3.836631309241056442e-03
3.833916969597339630e-03
3.834437346085906029e-03
3.836390096694231033e-03
3.836345858871936798e-03
3.834523493424057961e-03
3.833653638139367104e-03
3.834592178463935852e-03
3.835492301732301712e-03
3.834877861663699150e-03
3.833653172478079796e-03
3.833390539512038231e-03
3.834041533991694450e-03
3.834380535408854485e-03
3.833853872492909431e-03
3.833209630101919174e-03
3.833227790892124176e-03
3.833671566098928452e-03
3.833809867501258850e-03
3.833444556221365929e-03
3.833058755844831467e-03
3.833065973594784737e-03
3.833288094028830528e-03
3.833324182778596878e-03
3.833076916635036469e-03
3.832821501418948174e-03
3.832802409306168556e-03
3.832937916740775108e-03
3.832975169643759727e-03
3.832847345620393753e-03
3.832679241895675659e-03
3.832633141428232193e-03
3.832698566839098930e-03
3.832738846540451050e-03
3.832673886790871620e-03
3.832554211840033531e-03
3.832491580396890640e-03
3.832501126453280449e-03
3.832522081211209297e-03
3.832488553598523140e-03
3.832415444776415825e-03
3.832347225397825241e-03
3.832329995930194855e-03
3.832327201962471008e-03
3.832315094769001007e-03
3.832271555438637733e-03
3.832217305898666382e-03
3.832179820165038109e-03
3.832158865407109261e-03
3.832150716334581375e-03
3.832130227237939835e-03
3.832094604149460793e-03
3.832053858786821365e-03
3.832029644399881363e-03
3.832013346254825592e-03
3.832007292658090591e-03
3.831995883956551552e-03
3.831984940916299820e-03
3.831972833722829819e-03
3.831984242424368858e-03
3.832010785117745399e-03
3.832062007859349251e-03
3.832141635939478874e-03
3.832259215414524078e-03
3.832455957308411598e-03
3.832750720903277397e-03
3.833204973489046097e-03
3.833892289549112320e-03
3.834940725937485695e-03
3.836532821878790855e-03
3.838984062895178795e-03
3.842760808765888214e-03
3.848624648526310921e-03
3.857736708596348763e-03
3.871837165206670761e-03
3.893673652783036232e-03
3.926902543753385544e-03
3.976523410528898239e-03
4.046847112476825714e-03
4.140309523791074753e-03
4.247062839567661285e-03
4.342693835496902466e-03
4.376255441457033157e-03
4.309034440666437149e-03
4.142059478908777237e-03
3.956835251301527023e-03
3.849166212603449821e-03
3.859157674014568329e-03
3.944344818592071533e-03
4.022222943603992462e-03
4.032750613987445831e-03
3.972312435507774353e-03
3.892165841534733772e-03
3.847284475341439247e-03
3.855703165754675865e-03
3.893467830494046211e-03
3.921798896044492722e-03
3.918728325515985489e-03
3.889196552336215973e-03
3.856566501781344414e-03
3.841521218419075012e-03
3.848406020551919937e-03
3.865739796310663223e-03
3.876636270433664322e-03
3.871947526931762695e-03
3.855440067127346992e-03
3.839527489617466927e-03
3.834804054349660873e-03
3.841848578304052353e-03
3.852206515148282051e-03
3.856110619381070137e-03
3.850340843200683594e-03
3.839816432446241379e-03
3.832447109743952751e-03
3.832636401057243347e-03
3.838289063423871994e-03
3.843572456389665604e-03
3.843987826257944107e-03
3.839531447738409042e-03
3.833900904282927513e-03
3.830978181213140488e-03
3.831963054835796356e-03
3.835038514807820320e-03
3.837320953607559204e-03
3.837106749415397644e-03
3.834817791357636452e-03
3.832201939076185226e-03
3.830871311947703362e-03
3.831237787380814552e-03
3.832537680864334106e-03
3.833592403680086136e-03
3.833676222711801529e-03
3.832839895039796829e-03
3.831690410152077675e-03
3.830877598375082016e-03
3.830711822956800461e-03
3.831050824373960495e-03
3.831517416983842850e-03
3.831747919321060181e-03
3.831633599475026131e-03
3.831254784017801285e-03
3.830828471109271049e-03
3.830534406006336212e-03
3.830447327345609665e-03
3.830520203337073326e-03
3.830655710771679878e-03
3.830739296972751617e-03
3.830724162980914116e-03
3.830606583505868912e-03
3.830430796369910240e-03
3.830271074548363686e-03
3.830171190202236176e-03
3.830137196928262711e-03
3.830148838460445404e-03
3.830176545307040215e-03
3.830190980806946754e-03
3.830164903774857521e-03
3.830109024420380592e-03
3.830031491816043854e-03
3.829949535429477692e-03
3.829891793429851532e-03
3.829850815236568451e-03
3.829831723123788834e-03
3.829836146906018257e-03
3.829824971035122871e-03
3.829811001196503639e-03
3.829780966043472290e-03
3.829742083325982094e-03
3.829702502116560936e-03
3.829656867310404778e-03
3.829624271020293236e-03
3.829590743407607079e-03
3.829573513939976692e-03
3.829552326351404190e-03
3.829533932730555534e-03
3.829517634585499763e-03
3.829486668109893799e-03
3.829468507319688797e-03
3.829437308013439178e-03
3.829403314739465714e-03
3.829370019957423210e-03
3.829345107078552246e-03
3.829316934570670128e-03
3.829293884336948395e-03
3.829272463917732239e-03
3.829252906143665314e-03
3.829227061942219734e-03
3.829204244539141655e-03
3.829187946394085884e-03
3.829160705208778381e-03
3.829138586297631264e-03
3.829113207757472992e-03
3.829089459031820297e-03
3.829059656709432602e-03
3.829038236290216446e-03
3.829011227935552597e-03
3.828990040346980095e-03
3.828962100669741631e-03
3.828936722129583359e-03
3.828912507742643356e-03
3.828888991847634315e-03
3.828870598226785660e-03
3.828845685347914696e-03
3.828829154372215271e-03
3.828807966783642769e-03
3.828790970146656036e-03
3.828765824437141418e-03
3.828754415735602379e-03
3.828743938356637955e-03
3.828735556453466415e-03
3.828739514574408531e-03
3.828758141025900841e-03
3.828797489404678345e-03
3.828876651823520660e-03
3.829021705314517021e-03
3.829264082014560699e-03
3.829685505479574203e-03
3.830417292192578316e-03
3.831664798781275749e-03
3.833855735138058662e-03
3.837596625089645386e-03
3.844237886369228363e-03
3.855548333376646042e-03
3.875803202390670776e-03
3.909018822014331818e-03
3.966897260397672653e-03
4.049263894557952881e-03
4.170941188931465149e-03
4.272719379514455795e-03
4.325314890593290329e-03
4.208271391689777374e-03
3.998627420514822006e-03
3.848604159429669380e-03
3.879428375512361526e-03
4.004093818366527557e-03
4.038755316287279129e-03
3.944359254091978073e-03
3.844274906441569328e-03
3.857034724205732346e-03
3.932835068553686142e-03
3.948221914470195770e-03
3.885744838044047356e-03
3.833415918052196503e-03
3.853403497487306595e-03
3.897917224094271660e-03
3.894152585417032242e-03
3.851706627756357193e-03
3.831641282886266708e-03
3.854020498692989349e-03
3.875641152262687683e-03
3.861999372020363808e-03
3.836205461993813515e-03
3.833907423540949821e-03
3.850964130833745003e-03
3.856709925457835197e-03
3.842383855953812599e-03
3.830330446362495422e-03
3.835369832813739777e-03
3.845404135063290596e-03
3.844010876491665840e-03
3.833925584331154823e-03
3.829740220680832863e-03
3.835113951936364174e-03
3.839960787445306778e-03
3.837089985609054565e-03
3.831042675301432610e-03
3.829808905720710754e-03
3.833522321656346321e-03
3.835830604657530785e-03
3.833523951470851898e-03
3.829967929050326347e-03
3.829497611150145531e-03
3.831731155514717102e-03
3.833013121038675308e-03
3.831620793789625168e-03
3.829460591077804565e-03
3.829016350209712982e-03
3.830251749604940414e-03
3.831165377050638199e-03
3.830544417724013329e-03
3.829222870990633965e-03
3.828710177913308144e-03
3.829293884336948395e-03
3.829976776614785194e-03
3.829863388091325760e-03
3.829138353466987610e-03
3.828659188002347946e-03
3.828853601589798927e-03
3.829356981441378593e-03
3.829576773568987846e-03
3.829370252788066864e-03
3.829138353466987610e-03
3.829291323199868202e-03
3.829872701317071915e-03
3.830610774457454681e-03
3.831333247944712639e-03
3.832225920632481575e-03
3.833681810647249222e-03
3.836109535768628120e-03
3.839814802631735802e-03
3.845206694677472115e-03
3.853050293400883675e-03
3.864679252728819847e-03
3.882116172462701797e-03
3.907936159521341324e-03
3.945531323552131653e-03
3.998255357146263123e-03
4.069181624799966812e-03
4.156005568802356720e-03
4.249388817697763443e-03
4.321017768234014511e-03
4.337572026997804642e-03
4.263043869286775589e-03
4.113861825317144394e-03
3.946956247091293335e-03
3.843618789687752724e-03
3.840368473902344704e-03
3.911062143743038177e-03
3.991832025349140167e-03
4.023194313049316406e-03
3.987943287938833237e-03
3.912034444510936737e-03
3.847376909106969833e-03
3.829262685030698776e-03
3.856254741549491882e-03
3.897866699844598770e-03
3.919810522347688675e-03
3.907809499651193619e-03
3.872386878356337547e-03
3.839277196675539017e-03
3.828064771369099617e-03
3.840033896267414093e-03
3.860461525619029999e-03
3.871659515425562859e-03
3.865970764309167862e-03
3.848781343549489975e-03
3.832848276942968369e-03
3.827621461823582649e-03
3.833519993349909782e-03
3.843404119834303856e-03
3.848996479064226151e-03
3.846674226224422455e-03
3.838729346171021461e-03
3.830796573311090469e-03
3.827352542430162430e-03
3.829188644886016846e-03
3.833673894405364990e-03
3.837127704173326492e-03
3.837289521470665932e-03
3.834347706288099289e-03
3.830360947176814079e-03
3.827593987807631493e-03
3.827186999842524529e-03
3.828695742413401604e-03
3.830695059150457382e-03
3.831793321296572685e-03
3.831386566162109375e-03
3.829835448414087296e-03
3.828078508377075195e-03
3.826980013400316238e-03
3.826879197731614113e-03
3.827558597549796104e-03
3.828426124528050423e-03
3.828937886282801628e-03
3.828837070614099503e-03
3.828224493190646172e-03
3.827442415058612823e-03
3.826827974990010262e-03
3.826589323580265045e-03
3.826717846095561981e-03
3.827040083706378937e-03
3.827344160526990891e-03
3.827458014711737633e-03
3.827349049970507622e-03
3.827068954706192017e-03
3.826743923127651215e-03
3.826491767540574074e-03
3.826369065791368484e-03
3.826391417533159256e-03
3.826483385637402534e-03
3.826587460935115814e-03
3.826644038781523705e-03
3.826617496088147163e-03
3.826531814411282539e-03
3.826399799436330795e-03
3.826273605227470398e-03
3.826175350695848465e-03
3.826127387583255768e-03
3.826117608696222305e-03
3.826135303825139999e-03
3.826161846518516541e-03
3.826170926913619041e-03
3.826162777841091156e-03
3.826137864962220192e-03
3.826084546744823456e-03
3.826021682471036911e-03
3.825964173302054405e-03
3.825912252068519592e-03
3.825871041044592857e-03
3.825846128165721893e-03
3.825827501714229584e-03
3.825820283964276314e-03
3.825806779786944389e-03
3.825795603916049004e-03
3.825783729553222656e-03
3.825760213658213615e-03
3.825731575489044189e-03
3.825706429779529572e-03
3.825671505182981491e-03
3.825639840215444565e-03
3.825605381280183792e-03
3.825580235570669174e-03
3.825550898909568787e-03
3.825527383014559746e-03
3.825504332780838013e-03
3.825476858764886856e-03
3.825457999482750893e-03
3.825436811894178391e-03
3.825416322797536850e-03
3.825392108410596848e-03
3.825373481959104538e-03
3.825352061539888382e-03
3.825332736596465111e-03
3.825315041467547417e-03
3.825291292741894722e-03
3.825270570814609528e-03
3.825247753411531448e-03
3.825227497145533562e-03
3.825201885774731636e-03
3.825181163847446442e-03
3.825164865702390671e-03
3.825140884146094322e-03
3.825123887509107590e-03
3.825101302936673164e-03
3.825083374977111816e-03
3.825070336461067200e-03
3.825050545856356621e-03
3.825037507340312004e-03
3.825022373348474503e-03
3.825018415227532387e-03
3.825009567663073540e-03
3.825010964646935463e-03
3.825020976364612579e-03
3.825043328106403351e-03
3.825074993073940277e-03
3.825130173936486244e-03
3.825224237516522408e-03
3.825354389846324921e-03
3.825545776635408401e-03
3.825839608907699585e-03
3.826267085969448090e-03
3.826900152489542961e-03
3.827834967523813248e-03
3.829224500805139542e-03
3.831290407106280327e-03
3.834395669400691986e-03
3.839080454781651497e-03
3.846186678856611252e-03
3.856944851577281952e-03
3.873269772157073021e-03
3.897780552506446838e-03
3.934294916689395905e-03
3.987002652138471603e-03
4.060562700033187866e-03
4.154867492616176605e-03
4.263582639396190643e-03
4.358393140137195587e-03
4.401812329888343811e-03
4.342224448919296265e-03
4.185517784208059311e-03
3.987741656601428986e-03
3.852869383990764618e-03
3.837988246232271194e-03
3.919668029993772507e-03
4.018979147076606750e-03
4.057744052261114120e-03
4.013304132968187332e-03
3.920542541891336441e-03
3.847942221909761429e-03
3.837626427412033081e-03
3.880393458530306816e-03
3.930966369807720184e-03
3.946718294173479080e-03
3.917636815458536148e-03
3.868259023874998093e-03
3.834978444501757622e-03
3.836006158962845802e-03
3.860182128846645355e-03
3.881188575178384781e-03
3.879967378452420235e-03
3.858746029436588287e-03
3.834811970591545105e-03
3.824905492365360260e-03
3.831961657851934433e-03
3.845669561997056007e-03
3.853043308481574059e-03
3.848491935059428215e-03
3.836727002635598183e-03
3.826876869425177574e-03
3.825070569291710854e-03
3.830460133031010628e-03
3.837291384115815163e-03
3.840017132461071014e-03
3.837153315544128418e-03
3.831491572782397270e-03
3.827342530712485313e-03
3.827219363301992416e-03
3.830543253570795059e-03
3.834677161648869514e-03
3.837212687358260155e-03
3.837551455944776535e-03
3.837174270302057266e-03
3.838198957964777946e-03
3.842527745291590691e-03
3.850205335766077042e-03
3.861533477902412415e-03
3.874803893268108368e-03
3.891966072842478752e-03
3.910200204700231552e-03
3.933141473680734634e-03
3.951579332351684570e-03
3.966783639043569565e-03
3.962210845202207565e-03
3.941275645047426224e-03
3.901103511452674866e-03
3.859608666971325874e-03
3.831481095403432846e-03
3.826236585155129433e-03
3.840003628283739090e-03
3.859712043777108192e-03
3.872472792863845825e-03
3.870190586894750595e-03
3.856281749904155731e-03
3.838550997897982597e-03
3.826866624876856804e-03
3.825587686151266098e-03
3.832386573776602745e-03
3.840896068140864372e-03
3.844878636300563812e-03
3.842439968138933182e-03
3.835387760773301125e-03
3.828297136351466179e-03
3.824719693511724472e-03
3.825527150183916092e-03
3.828935325145721436e-03
3.832101821899414062e-03
3.833073889836668968e-03
3.831431735306978226e-03
3.828401211649179459e-03
3.825596300885081291e-03
3.824189305305480957e-03
3.824397455900907516e-03
3.825620049610733986e-03
3.826958825811743736e-03
3.827640321105718613e-03
3.827414941042661667e-03
3.826432395726442337e-03
3.825168823823332787e-03
3.824103157967329025e-03
3.823551349341869354e-03
3.823554376140236855e-03
3.823960199952125549e-03
3.824494313448667526e-03
3.824895014986395836e-03
3.825020277872681618e-03
3.824825631454586983e-03
3.824407001957297325e-03
3.823896171525120735e-03
3.823434002697467804e-03
3.823125734925270081e-03
3.823001403361558914e-03
3.823036327958106995e-03
3.823180217295885086e-03
3.823357168585062027e-03
3.823502920567989349e-03
3.823575330898165703e-03
3.823557635769248009e-03
3.823481965810060501e-03
3.823356702923774719e-03
3.823215840384364128e-03
3.823079634457826614e-03
3.822966478765010834e-03
3.822875907644629478e-03
3.822799539193511009e-03
3.822740167379379272e-03
3.822697326540946960e-03
3.822650527581572533e-03
3.822621423751115799e-03
3.822591388598084450e-03
3.822559257969260216e-03
3.822540864348411560e-03
3.822524566203355789e-03
3.822518512606620789e-03
3.822516417130827904e-03
3.822522005066275597e-03
3.822532715275883675e-03
3.822553204372525215e-03
3.822585102170705795e-03
3.822634229436516762e-03
3.822707338258624077e-03
3.822819096967577934e-03
3.822993952780961990e-03
3.823269391432404518e-03
3.823680104687809944e-03
3.824315266683697701e-03
3.825283609330654144e-03
3.826814237982034683e-03
3.829194931313395500e-03
3.833007300272583961e-03
3.838966367766261101e-03
3.848684718832373619e-03
3.863678080961108208e-03
3.888059873133897781e-03
3.923561424016952515e-03
3.978048451244831085e-03
4.043811932206153870e-03
4.123219754546880722e-03
4.168082959949970245e-03
4.162154160439968109e-03
4.061669111251831055e-03
3.926981240510940552e-03
3.839161479845643044e-03
3.850746434181928635e-03
3.921606577932834625e-03
3.962913993746042252e-03
3.932805266231298447e-03
3.862266428768634796e-03
3.824664745479822159e-03
3.846193896606564522e-03
3.888056147843599319e-03
3.898856928572058678e-03
3.867197316139936447e-03
3.831815207377076149e-03
3.827505279332399368e-03
3.849483327940106392e-03
3.865556791424751282e-03
3.855653572827577591e-03
3.833382856100797653e-03
3.823515027761459351e-03
3.832798451185226440e-03
3.845504485070705414e-03
3.845092840492725372e-03
3.833239898085594177e-03
3.824001410976052284e-03
3.826053813099861145e-03
3.833894617855548859e-03
3.836830612272024155e-03
3.831776091828942299e-03
3.824754618108272552e-03
3.822902683168649673e-03
3.826517378911375999e-03
3.830266185104846954e-03
3.829855239018797874e-03
3.826024010777473450e-03
3.822926199063658714e-03
3.823126433417201042e-03
3.825491061434149742e-03
3.827054286375641823e-03
3.826186293736100197e-03
3.823942737653851509e-03
3.822424914687871933e-03
3.822668688371777534e-03
3.823923412710428238e-03
3.824702929705381393e-03
3.824260085821151733e-03
3.823061706498265266e-03
3.822160419076681137e-03
3.822141326963901520e-03
3.822750877588987350e-03
3.823263570666313171e-03
3.823207225650548935e-03
3.822656115517020226e-03
3.822081489488482475e-03
3.821873106062412262e-03
3.822063095867633820e-03
3.822379745543003082e-03
3.822516184300184250e-03
3.822362981736660004e-03
3.822042839601635933e-03
3.821779275313019753e-03
3.821707563474774361e-03
3.821812104433774948e-03
3.821950405836105347e-03
3.822006750851869583e-03
3.821937134489417076e-03
3.821786958724260330e-03
3.821648890152573586e-03
3.821602324023842812e-03
3.821641439571976662e-03
3.821735968813300133e-03
3.821831429377198219e-03
3.821896621957421303e-03
3.821937367320060730e-03
3.821997903287410736e-03
3.822138998657464981e-03
3.822407452389597893e-03
3.822837956249713898e-03
3.823494305834174156e-03
3.824440995231270790e-03
3.825813997536897659e-03
3.827827516943216324e-03
3.830820322036743164e-03
3.835346549749374390e-03
3.842144506052136421e-03
3.852435154840350151e-03
3.867888357490301132e-03
3.891104366630315781e-03
3.925248514860868454e-03
3.974779974669218063e-03
4.042903427034616470e-03
4.131892696022987366e-03
4.232699982821941376e-03
4.327568691223859787e-03
4.372469615191221237e-03
4.334425553679466248e-03
4.194693639874458313e-03
4.010982811450958252e-03
3.866563551127910614e-03
3.826463129371404648e-03
3.883852623403072357e-03
3.975290805101394653e-03
4.029598552733659744e-03
4.008619580417871475e-03
3.933578729629516602e-03
3.857305273413658142e-03
3.826890140771865845e-03
3.848222084343433380e-03
3.890587715432047844e-03
3.915961831808090210e-03
3.905798308551311493e-03
3.871668595820665359e-03
3.839464625343680382e-03
3.828937886282801628e-03
3.839949378743767738e-03
3.856915747746825218e-03
3.863867605105042458e-03
3.855912480503320694e-03
3.840785706415772438e-03
3.829734632745385170e-03
3.828565590083599091e-03
3.834525356069207191e-03
3.840198274701833725e-03
3.840295830741524696e-03
3.834912553429603577e-03
3.828398417681455612e-03
3.825054038316011429e-03
3.826027968898415565e-03
3.829117398709058762e-03
3.831020556390285492e-03
3.829991444945335388e-03
3.826693398877978325e-03
3.823374630883336067e-03
3.821979742497205734e-03
3.822878235951066017e-03
3.824888262897729874e-03
3.826278494670987129e-03
3.826001426205039024e-03
3.824217710644006729e-03
3.822003724053502083e-03
3.820540383458137512e-03
3.820388345047831535e-03
3.821303369477391243e-03
3.822502912953495979e-03
3.823218634352087975e-03
3.823067760095000267e-03
3.822204656898975372e-03
3.821111051365733147e-03
3.820282872766256332e-03
3.819978563115000725e-03
3.820155980065464973e-03
3.820567158982157707e-03
3.820915007963776588e-03
3.821023041382431984e-03
3.820888930931687355e-03
3.820606274530291557e-03
3.820326877757906914e-03
3.820163663476705551e-03
3.820121521130204201e-03
3.820145037025213242e-03
3.820168087258934975e-03
3.820129670202732086e-03
3.820010926574468613e-03
3.819850971922278404e-03
3.819689387455582619e-03
3.819583216682076454e-03
3.819545032456517220e-03
3.819575998932123184e-03
3.819640958681702614e-03
3.819704055786132812e-03
3.819747827947139740e-03
3.819749224931001663e-03
3.819724079221487045e-03
3.819678444415330887e-03
3.819641424342989922e-03
3.819620236754417419e-03
3.819627221673727036e-03
3.819664474576711655e-03
3.819721983745694160e-03
3.819810925051569939e-03
3.819923847913742065e-03
3.820068901404738426e-03
3.820270765572786331e-03
3.820564132183790207e-03
3.820994403213262558e-03
3.821621183305978775e-03
3.822569735348224640e-03
3.823973936960101128e-03
3.826110856607556343e-03
3.829265478998422623e-03
3.834148868918418884e-03
3.841394558548927307e-03
3.852712921798229218e-03
3.869060194119811058e-03
3.894100431352853775e-03
3.927438985556364059e-03
3.974223975092172623e-03
4.022887907922267914e-03
4.072313196957111359e-03
4.084525629878044128e-03
4.055273719131946564e-03
3.969667945057153702e-03
3.876393893733620644e-03
3.823827253654599190e-03
3.835569834336638451e-03
3.884326666593551636e-03
3.918326459825038910e-03
3.909046296030282974e-03
3.865010105073451996e-03
3.827185137197375298e-03
3.823137376457452774e-03
3.846719395369291306e-03
3.869003383442759514e-03
3.866808023303747177e-03
3.844745457172393799e-03
3.823903622105717659e-03
3.821426536887884140e-03
3.834259696304798126e-03
3.845773171633481979e-03
3.844139631837606430e-03
3.831753972917795181e-03
3.821208141744136810e-03
3.820842597633600235e-03
3.828065237030386925e-03
3.833905793726444244e-03
3.832389367744326591e-03
3.825708525255322456e-03
3.820190671831369400e-03
3.819986013695597649e-03
3.823768580332398415e-03
3.827027743682265282e-03
3.826715284958481789e-03
3.823356237262487411e-03
3.820055862888693810e-03
3.819205332547426224e-03
3.820751793682575226e-03
3.822748549282550812e-03
3.823297796770930290e-03
3.822080790996551514e-03
3.820186015218496323e-03
3.819013480097055435e-03
3.819146892055869102e-03
3.820102661848068237e-03
3.820934100076556206e-03
3.820969723165035248e-03
3.820255631580948830e-03
3.819331759586930275e-03
3.818778321146965027e-03
3.818812081590294838e-03
3.819227451458573341e-03
3.819627687335014343e-03
3.819707781076431274e-03
3.819440724328160286e-03
3.818997414782643318e-03
3.818640951067209244e-03
3.818520344793796539e-03
3.818626049906015396e-03
3.818812081590294838e-03
3.818940138444304466e-03
3.818925470113754272e-03
3.818782744929194450e-03
3.818579250946640968e-03
3.818410215899348259e-03
3.818323137238621712e-03
3.818324068561196327e-03
3.818377852439880371e-03
3.818432800471782684e-03
3.818453289568424225e-03
3.818422555923461914e-03
3.818346187472343445e-03
3.818250726908445358e-03
3.818173427134752274e-03
3.818111028522253036e-03
3.818085649982094765e-03
3.818083321675658226e-03
3.818089840933680534e-03
3.818095661699771881e-03
3.818094497546553612e-03
3.818083321675658226e-03
3.818060271441936493e-03
3.818037919700145721e-03
3.818020224571228027e-03
3.818016499280929565e-03
3.818036057054996490e-03
3.818092634901404381e-03
3.818201366811990738e-03
3.818382974714040756e-03
3.818668425083160400e-03
3.819133620709180832e-03
3.819859586656093597e-03
3.821020713075995445e-03
3.822878468781709671e-03
3.825859166681766510e-03
3.830670611932873726e-03
3.838467411696910858e-03
3.851167857646942139e-03
3.871697233989834785e-03
3.904888639226555824e-03
3.957349807024002075e-03
4.038589075207710266e-03
4.156169015914201736e-03
4.312937147915363312e-03
4.481428302824497223e-03
4.604964982718229294e-03
4.580121487379074097e-03
4.377975128591060638e-03
4.076977726072072983e-03
3.872219240292906761e-03
3.870930289849638939e-03
4.010642413049936295e-03
4.127880092710256577e-03
4.101562313735485077e-03
3.964673262089490891e-03
3.853247733786702156e-03
3.860161639750003815e-03
3.941840957850217819e-03
3.984624054282903671e-03
3.937404137104749680e-03
3.855639370158314705e-03
3.827980952337384224e-03
3.868819214403629303e-03
3.913347609341144562e-03
3.904154058545827866e-03
3.852814435958862305e-03
3.819158766418695450e-03
3.833053400740027428e-03
3.865725127980113029e-03
3.873377339914441109e-03
3.848647000268101692e-03
3.823114093393087387e-03
3.822823753580451012e-03
3.840141696855425835e-03
3.849323606118559837e-03
3.839269280433654785e-03
3.823429811745882034e-03
3.819445148110389709e-03
3.828278975561261177e-03
3.836301621049642563e-03
3.833338851109147072e-03
3.823392093181610107e-03
3.817515214905142784e-03
3.820413723587989807e-03
3.826582105830311775e-03
3.828203771263360977e-03
3.823885461315512657e-03
3.818759461864829063e-03
3.817790886387228966e-03
3.820645622909069061e-03
3.823157865554094315e-03
3.822399768978357315e-03
3.819386009126901627e-03
3.817280521616339684e-03
3.817752702161669731e-03
3.819641191512346268e-03
3.820651443675160408e-03
3.819779260084033012e-03
3.818026045337319374e-03
3.817028598859906197e-03
3.817385295405983925e-03
3.818330587819218636e-03
3.818724304437637329e-03
3.818198572844266891e-03
3.817299846559762955e-03
3.816840704530477524e-03
3.817068180069327354e-03
3.817580640316009521e-03
3.817805089056491852e-03
3.817523596808314323e-03
3.817008575424551964e-03
3.816665615886449814e-03
3.816685872152447701e-03
3.816928016021847725e-03
3.817094024270772934e-03
3.817014629021286964e-03
3.816764103248715401e-03
3.816530574113130569e-03
3.816469106823205948e-03
3.816556883975863457e-03
3.816673532128334045e-03
3.816695185378193855e-03
3.816602984443306923e-03
3.816453507170081139e-03
3.816356649622321129e-03
3.816343378275632858e-03
3.816382028162479401e-03
3.816418582573533058e-03
3.816399257630109787e-03
3.816338023170828819e-03
3.816257463768124580e-03
3.816210897639393806e-03
3.816201817244291306e-03
3.816219046711921692e-03
3.816242795437574387e-03
3.816250246018171310e-03
3.816242096945643425e-03
3.816231619566679001e-03
3.816243261098861694e-03
3.816292621195316315e-03
3.816397394984960556e-03
3.816560842096805573e-03
3.816783661022782326e-03
3.817123360931873322e-03
3.817634424194693565e-03
3.818422323092818260e-03
3.819664241746068001e-03
3.821606282144784927e-03
3.824703162536025047e-03
3.829545574262738228e-03
3.837349358946084976e-03
3.849539905786514282e-03
3.869239706546068192e-03
3.898978233337402344e-03
3.945236559957265854e-03
4.007409792393445969e-03
4.090238828212022781e-03
4.165501799434423447e-03
4.214087035506963730e-03
4.172116518020629883e-03
4.052675329148769379e-03
3.907423000782728195e-03
3.833020105957984924e-03
3.857983276247978210e-03
3.924126736819744110e-03
3.954053856432437897e-03
3.919494803994894028e-03
3.866844344884157181e-03
3.848614636808633804e-03
3.867794992402195930e-03
3.884400706738233566e-03
3.869470441713929176e-03
3.840466029942035675e-03
3.830841509625315666e-03
3.848008345812559128e-03
3.865669481456279755e-03
3.858719952404499054e-03
3.833733964711427689e-03
3.817346878349781036e-03
3.823654726147651672e-03
3.839901881292462349e-03
3.845329629257321358e-03
3.835341660305857658e-03
3.822683589532971382e-03
3.819871926680207253e-03
3.825516439974308014e-03
3.829583991318941116e-03
3.826936241239309311e-03
3.821541322395205498e-03
3.819899866357445717e-03
3.822714556008577347e-03
3.825152525678277016e-03
3.823483362793922424e-03
3.819075413048267365e-03
3.816374577581882477e-03
3.817526623606681824e-03
3.820512676611542702e-03
3.821893362328410149e-03
3.820360172539949417e-03
3.817635355517268181e-03
3.816138720139861107e-03
3.816632786765694618e-03
3.817919874563813210e-03
3.818436991423368454e-03
3.817770164459943771e-03
3.816722426563501358e-03
3.816263517364859581e-03
3.816562937572598457e-03
3.817027434706687927e-03
3.817005781456828117e-03
3.816437209025025368e-03
3.815791103988885880e-03
3.815561998635530472e-03
3.815816948190331459e-03
3.816230688244104385e-03
3.816399024799466133e-03
3.816181560978293419e-03
3.815751988440752029e-03
3.815408796072006226e-03
3.815324278548359871e-03
3.815443487837910652e-03
3.815597388893365860e-03
3.815634176135063171e-03
3.815527074038982391e-03
3.815361764281988144e-03
3.815244883298873901e-03
3.815218107774853706e-03
3.815254662185907364e-03
3.815283766016364098e-03
3.815255826339125633e-03
3.815165953710675240e-03
3.815056290477514267e-03
3.814980853348970413e-03
3.814953844994306564e-03
3.814970841631293297e-03
3.814996918663382530e-03
3.815002040937542915e-03
3.814966185018420219e-03
3.814911469817161560e-03
3.814842086285352707e-03
3.814788302406668663e-03
3.814755007624626160e-03
3.814746392890810966e-03
3.814737778156995773e-03
3.814728232100605965e-03
3.814707975834608078e-03
3.814680036157369614e-03
3.814640687778592110e-03
3.814605763182044029e-03
3.814579220488667488e-03
3.814555006101727486e-03
3.814537078142166138e-03
3.814519848674535751e-03
3.814500058069825172e-03
3.814478404819965363e-03
3.814457450062036514e-03
3.814427880570292473e-03
3.814401803538203239e-03
3.814373398199677467e-03
3.814342897385358810e-03
3.814322408288717270e-03
3.814302617684006691e-03
3.814277937635779381e-03
3.814260708168148994e-03
3.814237890765070915e-03
3.814215771853923798e-03
3.814195748418569565e-03
3.814169205725193024e-03
3.814151044934988022e-03
3.814124735072255135e-03
3.814101452007889748e-03
3.814081428572535515e-03
3.814059775322675705e-03
3.814034862443804741e-03
3.814017632976174355e-03
3.813992720097303391e-03
3.813973627984523773e-03
3.813948249444365501e-03
3.813933348283171654e-03
3.813915187492966652e-03
3.813891205936670303e-03
3.813875373452901840e-03
3.813857911154627800e-03
3.813846502453088760e-03
3.813831834122538567e-03
3.813822055235505104e-03
3.813815535977482796e-03
3.813822288066148758e-03
3.813832765445113182e-03
3.813862800598144531e-03
3.813918214291334152e-03
3.814004827290773392e-03
3.814141033217310905e-03
3.814356634393334389e-03
3.814692609012126923e-03
3.815219737589359283e-03
3.816038137301802635e-03
3.817310091108083725e-03
3.819305449724197388e-03
3.822442144155502319e-03
3.827394917607307434e-03
3.835222451016306877e-03
3.847666550427675247e-03
3.867331193760037422e-03
3.898387076333165169e-03
3.946374636143445969e-03
4.018951673060655594e-03
4.121605306863784790e-03
4.255235195159912109e-03
4.395921714603900909e-03
4.495590459555387497e-03
4.472420085221529007e-03
4.300201777368783951e-03
4.045308101922273636e-03
3.865785431116819382e-03
3.857347182929515839e-03
3.977517131716012955e-03
4.092629067599773407e-03
4.085444379597902298e-03
3.962906077504158020e-03
3.839943790808320045e-03
3.823462640866637230e-03
3.898118622601032257e-03
3.959632944315671921e-03
3.936570137739181519e-03
3.859674092382192612e-03
3.815311938524246216e-03
3.839228535071015358e-03
3.885494545102119446e-03
3.892534412443637848e-03
3.854261245578527451e-03
3.818344790488481522e-03
3.821414662525057793e-03
3.848995082080364227e-03
3.861757460981607437e-03
3.844762919470667839e-03
3.820365294814109802e-03
3.815206466242671013e-03
3.829234046861529350e-03
3.840988269075751305e-03
3.835825482383370399e-03
3.821129444986581802e-03
3.813655348494648933e-03
3.819049568846821785e-03
3.827815409749746323e-03
3.828743938356637955e-03
3.821409540250897408e-03
3.814428579062223434e-03
3.814426716417074203e-03
3.819396253675222397e-03
3.822576487436890602e-03
3.820470767095685005e-03
3.815757809206843376e-03
3.813312854617834091e-03
3.814773168414831161e-03
3.817546414211392403e-03
3.818282391875982285e-03
3.816340584307909012e-03
3.813859308138489723e-03
3.813099116086959839e-03
3.814240219071507454e-03
3.815644886344671249e-03
3.815762465819716454e-03
3.814567578956484795e-03
3.813267219811677933e-03
3.812944982200860977e-03
3.813581774011254311e-03
3.814322641119360924e-03
3.814390394836664200e-03
3.813763149082660675e-03
3.813035087659955025e-03
3.812769660726189613e-03
3.813033457845449448e-03
3.813431598246097565e-03
3.813537769019603729e-03
3.813271876424551010e-03
3.812870243564248085e-03
3.812638809904456139e-03
3.812682349234819412e-03
3.812882350757718086e-03
3.813009010627865791e-03
3.812953364104032516e-03
3.812771290540695190e-03
3.812609706073999405e-03
3.812576411291956902e-03
3.812684677541255951e-03
3.812860930338501930e-03
3.813044633716344833e-03
3.813236718997359276e-03
3.813561284914612770e-03
3.814205760136246681e-03
3.815460950136184692e-03
3.817712655290961266e-03
3.821645630523562431e-03
3.828534157946705818e-03
3.840513294562697411e-03
3.861790988594293594e-03
3.898414783179759979e-03
3.961952868849039078e-03
4.062615334987640381e-03
4.215251654386520386e-03
4.390803631395101547e-03
4.533574916422367096e-03
4.488927777856588364e-03
4.238054156303405762e-03
3.940917551517486572e-03
3.847524523735046387e-03
3.966835327446460724e-03
4.079430364072322845e-03
4.039749503135681152e-03
3.927353769540786743e-03
3.898870432749390602e-03
3.942038863897323608e-03
3.936163149774074554e-03
3.874592483043670654e-03
3.856502706184983253e-03
3.906678408384323120e-03
3.929564729332923889e-03
3.873545210808515549e-03
3.817796241492033005e-03
3.835866460576653481e-03
3.883181139826774597e-03
3.881315933540463448e-03
3.838994307443499565e-03
3.821259131655097008e-03
3.839797573164105415e-03
3.850408829748630524e-03
3.836471587419509888e-03
3.825876163318753242e-03
3.833478083834052086e-03
3.838474396616220474e-03
3.826838918030261993e-03
3.816060256212949753e-03
3.822085447609424591e-03
3.832736983895301819e-03
3.829852910712361336e-03
3.817829070612788200e-03
3.813683521002531052e-03
3.819930367171764374e-03
3.824235871434211731e-03
3.820565296337008476e-03
3.815819742158055305e-03
3.816286334767937660e-03
3.818630473688244820e-03
3.817578079178929329e-03
3.814623225480318069e-03
3.814349183812737465e-03
3.816679585725069046e-03
3.817443270236253738e-03
3.815108444541692734e-03
3.812763839960098267e-03
3.813141025602817535e-03
3.814973635599017143e-03
3.815416246652603149e-03
3.814071416854858398e-03
3.812866751104593277e-03
3.813023213297128677e-03
3.813668387010693550e-03
3.813599003478884697e-03
3.812954993918538094e-03
3.812680020928382874e-03
3.813010174781084061e-03
3.813253017142415047e-03
3.812904469668865204e-03
3.812322625890374184e-03
3.812143811956048012e-03
3.812469774857163429e-03
3.812758717685937881e-03
3.812629031017422676e-03
3.812239039689302444e-03
3.812010865658521652e-03
3.812076989561319351e-03
3.812215058133006096e-03
3.812193172052502632e-03
3.812034614384174347e-03
3.811925649642944336e-03
3.811944741755723953e-03
3.811988979578018188e-03
3.811940085142850876e-03
3.811810864135622978e-03
3.811719594523310661e-03
3.811718197539448738e-03
3.811770118772983551e-03
3.811783157289028168e-03
3.811713540926575661e-03
3.811618546023964882e-03
3.811562201008200645e-03
3.811551257967948914e-03
3.811563132330775261e-03
3.811548231169581413e-03
3.811503993347287178e-03
3.811457660049200058e-03
3.811424365267157555e-03
3.811413655057549477e-03
3.811401082202792168e-03
3.811369417235255241e-03
3.811328439041972160e-03
3.811294445767998695e-03
3.811274655163288116e-03
3.811260219663381577e-03
3.811247879639267921e-03
3.811217145994305611e-03
3.811189439147710800e-03
3.811154747381806374e-03
3.811129601672291756e-03
3.811109811067581177e-03
3.811090718954801559e-03
3.811072325333952904e-03
3.811047645285725594e-03
3.811020404100418091e-03
3.810993162915110588e-03
3.810975234955549240e-03
3.810953581705689430e-03
3.810932394117116928e-03
3.810904687270522118e-03
3.810884896665811539e-03
3.810860915109515190e-03
3.810838097706437111e-03
3.810816444456577301e-03
3.810795024037361145e-03
3.810775466263294220e-03
3.810753347352147102e-03
3.810725407674908638e-03
3.810706082731485367e-03
3.810680704191327095e-03
3.810661146417260170e-03
3.810642752796411514e-03
3.810616442933678627e-03
3.810598049312829971e-03
3.810575697571039200e-03
3.810552880167961121e-03
3.810527734458446503e-03
3.810510039329528809e-03
3.810486523434519768e-03
3.810465568676590919e-03
3.810448106378316879e-03
3.810423891991376877e-03
3.810404334217309952e-03
3.810382448136806488e-03
3.810359397903084755e-03
3.810336347669363022e-03
3.810316789895296097e-03
3.810297464951872826e-03
3.810274880379438400e-03
3.810253459960222244e-03
3.810231108218431473e-03
3.810215042904019356e-03
3.810191061347723007e-03
3.810173831880092621e-03
3.810147987678647041e-03
3.810127498582005501e-03
3.810105146840214729e-03
3.810084192082285881e-03
3.810065798461437225e-03
3.810041584074497223e-03
3.810021793469786644e-03
3.810003167018294334e-03
3.809981513768434525e-03
3.809961490333080292e-03
3.809941466897726059e-03
3.809916321188211441e-03
3.809899324551224709e-03
3.809880930930376053e-03
3.809857415035367012e-03
3.809838090091943741e-03
3.809818299487233162e-03
3.809801302850246429e-03
3.809778718277812004e-03
3.809760557487607002e-03
3.809739835560321808e-03
3.809728659689426422e-03
3.809708636254072189e-03
3.809691639617085457e-03
3.809685818850994110e-03
3.809676039963960648e-03
3.809674177318811417e-03
3.809679998084902763e-03
3.809694899246096611e-03
3.809730987995862961e-03
3.809800138697028160e-03
3.809907473623752594e-03
3.810100257396697998e-03
3.810390830039978027e-03
3.810862544924020767e-03
3.811617149040102959e-03
3.812813898548483849e-03
3.814739873632788658e-03
3.817832795903086662e-03
3.822827944532036781e-03
3.830903908237814903e-03
3.844052553176879883e-03
3.865331877022981644e-03
3.899644594639539719e-03
3.953594248741865158e-03
4.035857506096363068e-03
4.151487257331609726e-03
4.296070430427789688e-03
4.431858193129301071e-03
4.491720348596572876e-03
4.397982731461524963e-03
4.172589164227247238e-03
3.951087128371000290e-03
3.882557619363069534e-03
3.971132449805736542e-03
4.079124890267848969e-03
4.074001684784889221e-03
3.944933880120515823e-03
3.827815875411033630e-03
3.833829192444682121e-03
3.922411240637302399e-03
3.966328687965869904e-03
3.909467253834009171e-03
3.830600995570421219e-03
3.821864956989884377e-03
3.871679073199629784e-03
3.896745853126049042e-03
3.861559554934501648e-03
3.817255375906825066e-03
3.818882629275321960e-03
3.851632587611675262e-03
3.862880403175950050e-03
3.838316304609179497e-03
3.813571995124220848e-03
3.817850025370717049e-03
3.836758900433778763e-03
3.839951474219560623e-03
3.823742736130952835e-03
3.810890950262546539e-03
3.815781557932496071e-03
3.827389795333147049e-03
3.828290617093443871e-03
3.818053752183914185e-03
3.810536582022905350e-03
3.813446732237935066e-03
3.820037236437201500e-03
3.820418613031506538e-03
3.814444877207279205e-03
3.809938672930002213e-03
3.811489557847380638e-03
3.815608331933617592e-03
3.816450247541069984e-03
3.813216928392648697e-03
3.810050897300243378e-03
3.810194088146090508e-03
3.812470706179738045e-03
3.813514253124594688e-03
3.812056733295321465e-03
3.809932852163910866e-03
3.809372661635279655e-03
3.810491878539323807e-03
3.811575239524245262e-03
3.811303758993744850e-03
3.810096997767686844e-03
3.809283720329403877e-03
3.809526329860091209e-03
3.810259280726313591e-03
3.810512600466609001e-03
3.810022026300430298e-03
3.809317946434020996e-03
3.809057176113128662e-03
3.809324000030755997e-03
3.809678135439753532e-03
3.809681860730051994e-03
3.809334477409720421e-03
3.808975685387849808e-03
3.808886045590043068e-03
3.809054382145404816e-03
3.809229703620076180e-03
3.809202928096055984e-03
3.809002693742513657e-03
3.808803157880902290e-03
3.808741690590977669e-03
3.808819921687245369e-03
3.808906301856040955e-03
3.808903507888317108e-03
3.808796638622879982e-03
3.808677429333329201e-03
3.808617591857910156e-03
3.808639943599700928e-03
3.808692097663879395e-03
3.808709094300866127e-03
3.808676498010754585e-03
3.808612469583749771e-03
3.808575682342052460e-03
3.808587091043591499e-03
3.808639710769057274e-03
3.808704437687993050e-03
3.808777313679456711e-03
3.808853682130575180e-03
3.808981273323297501e-03
3.809196408838033676e-03
3.809547284618020058e-03
3.810085123404860497e-03
3.810897935181856155e-03
3.812118899077177048e-03
3.813986666500568390e-03
3.816864220425486565e-03
3.821340389549732208e-03
3.828293411061167717e-03
3.839120734483003616e-03
3.855883143842220306e-03
3.881648881360888481e-03
3.920374438166618347e-03
3.976820036768913269e-03
4.053674638271331787e-03
4.147893283516168594e-03
4.240510519593954086e-03
4.295012913644313812e-03
4.267126787453889847e-03
4.143946804106235504e-03
3.979684785008430481e-03
3.858900396153330803e-03
3.833134192973375320e-03
3.880908945575356483e-03
3.942112438380718231e-03
3.967132885009050369e-03
3.946834709495306015e-03
3.905826015397906303e-03
3.868856234475970268e-03
3.847155952826142311e-03
3.840192221105098724e-03
3.846408566460013390e-03
3.861483652144670486e-03
3.874411107972264290e-03
3.872185247018933296e-03
3.851106157526373863e-03
3.824384184554219246e-03
3.811307018622756004e-03
3.819489851593971252e-03
3.838007571175694466e-03
3.848403226584196091e-03
3.841602476313710213e-03
3.824295476078987122e-03
3.810888156294822693e-03
3.809715621173381805e-03
3.817575750872492790e-03
3.825218882411718369e-03
3.826272906735539436e-03
3.821350634098052979e-03
3.815212054178118706e-03
3.811768023297190666e-03
3.811524715274572372e-03
3.812751732766628265e-03
3.813822055235505104e-03
3.814247902482748032e-03
3.814155235886573792e-03
3.813488874584436417e-03
3.812148701399564743e-03
3.810387803241610527e-03
3.808994311839342117e-03
3.808746580034494400e-03
3.809662535786628723e-03
3.810937749221920967e-03
3.811507020145654678e-03
3.810863476246595383e-03
3.809399437159299850e-03
3.808027831837534904e-03
3.807486733421683311e-03
3.807866247370839119e-03
3.808682085946202278e-03
3.809284185990691185e-03
3.809292335063219070e-03
3.808768698945641518e-03
3.808070905506610870e-03
3.807561704888939857e-03
3.807414788752794266e-03
3.807563567534089088e-03
3.807788714766502380e-03
3.807933069765567780e-03
3.807917004451155663e-03
3.807784756645560265e-03
3.807607339695096016e-03
3.807454835623502731e-03
3.807350061833858490e-03
3.807282075285911560e-03
3.807239234447479248e-03
3.807218279689550400e-03
3.807211061939597130e-03
3.807218512520194054e-03
3.807225730270147324e-03
3.807219676673412323e-03
3.807191736996173859e-03
3.807122586295008659e-03
3.807040862739086151e-03
3.806958906352519989e-03
3.806894877925515175e-03
3.806864144280552864e-03
3.806857392191886902e-03
3.806870197877287865e-03
3.806880675256252289e-03
3.806878346949815750e-03
3.806854598224163055e-03
3.806814318522810936e-03
3.806766122579574585e-03
3.806717460975050926e-03
3.806671593338251114e-03
3.806641791015863419e-03
3.806624095886945724e-03
3.806612920016050339e-03
3.806599648669362068e-03
3.806595224887132645e-03
3.806581953540444374e-03
3.806563094258308411e-03
3.806538879871368408e-03
3.806513268500566483e-03
3.806489519774913788e-03
3.806458320468664169e-03
3.806427819654345512e-03
3.806409891694784164e-03
3.806382883340120316e-03
3.806363325566053391e-03
3.806337714195251465e-03
3.806322813034057617e-03
3.806302091106772423e-03
3.806285560131072998e-03
3.806263906881213188e-03
3.806246910244226456e-03
3.806226886808872223e-03
3.806211519986391068e-03
3.806188236922025681e-03
3.806164953857660294e-03
3.806148190051317215e-03
3.806130727753043175e-03
3.806106979027390480e-03
3.806090913712978363e-03
3.806071355938911438e-03
3.806052496656775475e-03
3.806031076237559319e-03
3.806015942245721817e-03
3.805995918810367584e-03
3.805982414633035660e-03
3.805965185165405273e-03
3.805952379480004311e-03
3.805940737947821617e-03
3.805931424722075462e-03
3.805926535278558731e-03
3.805932123214006424e-03
3.805950749665498734e-03
3.805983113124966621e-03
3.806041087955236435e-03
3.806142136454582214e-03
3.806303953751921654e-03
3.806580556556582451e-03
3.807030385360121727e-03
3.807777073234319687e-03
3.809005720540881157e-03
3.811059985309839249e-03
3.814494935795664787e-03
3.820351790636777878e-03
3.830244299024343491e-03
3.847320796921849251e-03
3.875848371535539627e-03
3.924146760255098343e-03
3.998883534222841263e-03
4.111625254154205322e-03
4.243015311658382416e-03
4.362356849014759064e-03
4.358727019280195236e-03
4.197561182081699371e-03
3.948403522372245789e-03
3.815348958596587181e-03
3.883744822815060616e-03
4.017441999167203903e-03
4.029194824397563934e-03
3.904729615896940231e-03
3.811941947788000107e-03
3.851544810459017754e-03
3.932373598217964172e-03
3.926530480384826660e-03
3.847002983093261719e-03
3.809286048635840416e-03
3.850126639008522034e-03
3.889293409883975983e-03
3.864975646138191223e-03
3.817558987066149712e-03
3.814414376392960548e-03
3.846722422167658806e-03
3.856373252347111702e-03
3.829649183899164200e-03
3.808264154940843582e-03
3.818991128355264664e-03
3.837264608591794968e-03
3.832367248833179474e-03
3.813438583165407181e-03
3.808292327448725700e-03
3.819714533165097237e-03
3.826622851192951202e-03
3.818539436906576157e-03
3.808238543570041656e-03
3.809311660006642342e-03
3.816985059529542923e-03
3.818326862528920174e-03
3.811742411926388741e-03
3.806913038715720177e-03
3.809259971603751183e-03
3.813570830971002579e-03
3.813127288594841957e-03
3.808834124356508255e-03
3.806555876508355141e-03
3.808428999036550522e-03
3.810830647125840187e-03
3.810205264016985893e-03
3.807592671364545822e-03
3.806337015703320503e-03
3.807461820542812347e-03
3.808864392340183258e-03
3.808526787906885147e-03
3.806963562965393066e-03
3.806129563599824905e-03
3.806711873039603233e-03
3.807574277743697166e-03
3.807503730058670044e-03
3.806618973612785339e-03
3.805975429713726044e-03
3.806153312325477600e-03
3.806685330346226692e-03
3.806791733950376511e-03
3.806351684033870697e-03
3.805875778198242188e-03
3.805812913924455643e-03
3.806080901995301247e-03
3.806263441219925880e-03
3.806116757914423943e-03
3.805800573900341988e-03
3.805624321103096008e-03
3.805688582360744476e-03
3.805835731327533722e-03
3.805848769843578339e-03
3.805700456723570824e-03
3.805529326200485229e-03
3.805463435128331184e-03
3.805516753345727921e-03
3.805579384788870811e-03
3.805550979450345039e-03
3.805449232459068298e-03
3.805347252637147903e-03
3.805313259363174438e-03
3.805337008088827133e-03
3.805355867370963097e-03
3.805338637903332710e-03
3.805291373282670975e-03
3.805242478847503662e-03
3.805241081863641739e-03
3.805293934419751167e-03
3.805389394983649254e-03
3.805521177127957344e-03
3.805740503594279289e-03
3.806125372648239136e-03
3.806828521192073822e-03
3.808079287409782410e-03
3.810244612395763397e-03
3.814009716734290123e-03
3.820532932877540588e-03
3.831965383142232895e-03
3.851861925795674324e-03
3.886680118739604950e-03
3.946274518966674805e-03
4.047238733619451523e-03
4.207207821309566498e-03
4.445342347025871277e-03
4.730098880827426910e-03
4.977269563823938370e-03
4.964729771018028259e-03
4.619519226253032684e-03
4.097394179552793503e-03
3.816895885393023491e-03
3.939848858863115311e-03
4.231613129377365112e-03
4.338040947914123535e-03
4.133648239076137543e-03
3.871925408020615578e-03
3.829149063676595688e-03
3.986567724496126175e-03
4.099788609892129898e-03
4.019333980977535248e-03
3.863562131300568581e-03
3.819084493443369865e-03
3.902769880369305611e-03
3.971895668655633926e-03
3.929681144654750824e-03
3.841217840090394020e-03
3.816743381321430206e-03
3.865052247419953346e-03
3.901703050360083580e-03
3.874196903780102730e-03
3.824472660198807716e-03
3.814557101577520370e-03
3.843730548396706581e-03
3.861969802528619766e-03
3.843406913802027702e-03
3.815321950241923332e-03
3.811800386756658554e-03
3.829227294772863388e-03
3.838512580841779709e-03
3.826783038675785065e-03
3.810714930295944214e-03
3.809209447354078293e-03
3.819375066086649895e-03
3.824568120762705803e-03
3.817706601694226265e-03
3.808280685916543007e-03
3.807156812399625778e-03
3.812974086031317711e-03
3.816257696598768234e-03
3.812556387856602669e-03
3.806906286627054214e-03
3.805784508585929871e-03
3.808989655226469040e-03
3.811242291703820229e-03
3.809473942965269089e-03
3.806079272180795670e-03
3.804932348430156708e-03
3.806538181379437447e-03
3.808107692748308182e-03
3.807486500591039658e-03
3.805535146966576576e-03
3.804491367191076279e-03
3.805124200880527496e-03
3.806148655712604523e-03
3.806128166615962982e-03
3.805103478953242302e-03
3.804267151281237602e-03
3.804352832958102226e-03
3.804939566180109978e-03
3.805142827332019806e-03
3.804705571383237839e-03
3.804132807999849319e-03
3.803981468081474304e-03
3.804237348958849907e-03
3.804457373917102814e-03
3.804328851401805878e-03
3.804002422839403152e-03
3.803790314123034477e-03
3.803841536864638329e-03
3.803978441283106804e-03
3.803986823186278343e-03
3.803834551945328712e-03
3.803663188591599464e-03
3.803618019446730614e-03
3.803679486736655235e-03
3.803715575486421585e-03
3.803659230470657349e-03
3.803548170253634453e-03
3.803477156907320023e-03
3.803475527092814445e-03
3.803497646003961563e-03
3.803490195423364639e-03
3.803431056439876556e-03
3.803364699706435204e-03
3.803329076617956161e-03
3.803330473601818085e-03
3.803337691351771355e-03
3.803316969424486160e-03
3.803264815360307693e-03
3.803221043199300766e-03
3.803194034844636917e-03
3.803192637860774994e-03
3.803189378231763840e-03
3.803168190643191338e-03
3.803133033215999603e-03
3.803090425208210945e-03
3.803070168942213058e-03
3.803056897595524788e-03
3.803050611168146133e-03
3.803034313023090363e-03
3.803002880886197090e-03
3.802977968007326126e-03
3.802949097007513046e-03
3.802933264523744583e-03
3.802916733548045158e-03
3.802903229370713234e-03
3.802884137257933617e-03
3.802862251177430153e-03
3.802837803959846497e-03
3.802815917879343033e-03
3.802799154072999954e-03
3.802783787250518799e-03
3.802767721936106682e-03
3.802740946412086487e-03
3.802724415436387062e-03
3.802704624831676483e-03
3.802686929702758789e-03
3.802662948146462440e-03
3.802652237936854362e-03
3.802631981670856476e-03
3.802612889558076859e-03
3.802591236308217049e-03
3.802569350227713585e-03
3.802554914727807045e-03
3.802534192800521851e-03
3.802517428994178772e-03
3.802498569712042809e-03
3.802479710429906845e-03
3.802458522841334343e-03
3.802441060543060303e-03
3.802424529567360878e-03
3.802404273301362991e-03
3.802386811003088951e-03
3.802370047196745872e-03
3.802347695454955101e-03
3.802329069003462791e-03
3.802312305197119713e-03
3.802291117608547211e-03
3.802273888140916824e-03
3.802258055657148361e-03
3.802238963544368744e-03
3.802220802754163742e-03
3.802201477810740471e-03
3.802180988714098930e-03
3.802159801125526428e-03
3.802144667133688927e-03
3.802126739174127579e-03
3.802108345553278923e-03
3.802092513069510460e-03
3.802074585109949112e-03
3.802055492997169495e-03
3.802038496360182762e-03
3.802017774432897568e-03
3.801997983828186989e-03
3.801980288699269295e-03
3.801963059231638908e-03
3.801947226747870445e-03
3.801927436143159866e-03
3.801909508183598518e-03
3.801892278715968132e-03
3.801872488111257553e-03
3.801853861659765244e-03
3.801831509917974472e-03
3.801815910264849663e-03
3.801798215135931969e-03
3.801775630563497543e-03
3.801762359216809273e-03
3.801741870120167732e-03
3.801726968958973885e-03
3.801707411184906960e-03
3.801696235314011574e-03
3.801673883572220802e-03
3.801653161644935608e-03
3.801638726145029068e-03
3.801623592153191566e-03
3.801612649112939835e-03
3.801594022661447525e-03
3.801585873588919640e-03
3.801578888669610023e-03
3.801582381129264832e-03
3.801597515121102333e-03
3.801638726145029068e-03
3.801718121394515038e-03
3.801868762820959091e-03
3.802140709012746811e-03
3.802642459049820900e-03
3.803549101576209068e-03
3.805200336501002312e-03
3.808197798207402229e-03
3.813712857663631439e-03
3.823751350864768028e-03
3.842350095510482788e-03
3.875713795423507690e-03
3.936040680855512619e-03
4.035166930407285690e-03
4.190848674625158310e-03
4.370402079075574875e-03
4.509728867560625076e-03
4.433237481862306595e-03
4.143193364143371582e-03
3.859482007101178169e-03
3.850061912089586258e-03
4.034958779811859131e-03
4.095962736755609512e-03
3.939902875572443008e-03
3.811075119301676750e-03
3.881790675222873688e-03
3.984871320426464081e-03
3.931129816919565201e-03
3.820996265858411789e-03
3.829765599220991135e-03
3.906500525772571564e-03
3.899390576407313347e-03
3.825327847152948380e-03
3.813694929704070091e-03
3.864267608150839806e-03
3.870695596560835838e-03
3.823206061497330666e-03
3.806719090789556503e-03
3.837752155959606171e-03
3.849217202514410019e-03
3.820831654593348503e-03
3.804965876042842865e-03
3.822842147201299667e-03
3.833961207419633865e-03
3.817306132987141609e-03
3.803674131631851196e-03
3.813283052295446396e-03
3.823390696197748184e-03
3.815097967162728310e-03
3.804069478064775467e-03
3.807421773672103882e-03
3.815389703959226608e-03
3.812580369412899017e-03
3.804346313700079918e-03
3.804142354056239128e-03
3.809894667938351631e-03
3.810353809967637062e-03
3.805100219324231148e-03
3.802864113822579384e-03
3.805932356044650078e-03
3.807875094935297966e-03
3.805296728387475014e-03
3.802578197792172432e-03
3.803543979302048683e-03
3.805627347901463509e-03
3.805073909461498260e-03
3.802911844104528427e-03
3.802412189543247223e-03
3.803713945671916008e-03
3.804268082603812218e-03
3.803140716627240181e-03
3.802103456109762192e-03
3.802486462518572807e-03
3.803290193900465965e-03
3.803102765232324600e-03
3.802236169576644897e-03
3.801929997280240059e-03
3.802366554737091064e-03
3.802673891186714172e-03
3.802319988608360291e-03
3.801821265369653702e-03
3.801798215135931969e-03
3.802108345553278923e-03
3.802174003794789314e-03
3.801882266998291016e-03
3.801624523475766182e-03
3.801662242040038109e-03
3.801829647272825241e-03
3.801807994022965431e-03
3.801602404564619064e-03
3.801462007686495781e-03
3.801496466621756554e-03
3.801580052822828293e-03
3.801541868597269058e-03
3.801410319283604622e-03
3.801323939114809036e-03
3.801340470090508461e-03
3.801381913945078850e-03
3.801347222179174423e-03
3.801253624260425568e-03
3.801190061494708061e-03
3.801190759986639023e-03
3.801206359639763832e-03
3.801175625994801521e-03
3.801117185503244400e-03
3.801061306148767471e-03
3.801048733294010162e-03
3.801053157076239586e-03
3.801032435148954391e-03
3.800986334681510925e-03
3.800942562520503998e-03
3.800919279456138611e-03
3.800909034907817841e-03
3.800902282819151878e-03
3.800865961238741875e-03
3.800827544182538986e-03
3.800800535827875137e-03
3.800781210884451866e-03
3.800767473876476288e-03
3.800743259489536285e-03
3.800714155659079552e-03
3.800686215981841087e-03
3.800666192546486855e-03
3.800645004957914352e-03
3.800626378506422043e-03
3.800604492425918579e-03
3.800577716901898384e-03
3.800547448918223381e-03
3.800528589636087418e-03
3.800509963184595108e-03
3.800486214458942413e-03
3.800472011789679527e-03
3.800445003435015678e-03
3.800423350185155869e-03
3.800401696935296059e-03
3.800384234637022018e-03
3.800357459113001823e-03
3.800342557951807976e-03
3.800319973379373550e-03
3.800306003540754318e-03
3.800291568040847778e-03
3.800278063863515854e-03
3.800264559686183929e-03
3.800255479291081429e-03
3.800255944952368736e-03
3.800266655161976814e-03
3.800284815952181816e-03
3.800324862822890282e-03
3.800394712015986443e-03
3.800515783950686455e-03
3.800700418651103973e-03
3.800986800342798233e-03
3.801442915573716164e-03
3.802160033956170082e-03
3.803280415013432503e-03
3.805037820711731911e-03
3.807814326137304306e-03
3.812206210568547249e-03
3.819193458184599876e-03
3.830247791483998299e-03
3.847850486636161804e-03
3.875498892739415169e-03
3.918938804417848587e-03
3.984493669122457504e-03
4.081146791577339172e-03
4.209316801279783249e-03
4.363052546977996826e-03
4.493558313697576523e-03
4.543256014585494995e-03
4.429900553077459335e-03
4.188008140772581100e-03
3.931027837097644806e-03
3.809979185461997986e-03
3.861656412482261658e-03
3.997825551778078079e-03
4.088826011866331100e-03
4.056779202073812485e-03
3.939898684620857239e-03
3.835462732240557671e-03
3.817266086116433144e-03
3.871844382956624031e-03
3.929059486836194992e-03
3.933887928724288940e-03
3.885617945343255997e-03
3.831300418823957443e-03
3.812435548752546310e-03
3.832319751381874084e-03
3.861288074404001236e-03
3.868451574817299843e-03
3.848902881145477295e-03
3.821077756583690643e-03
3.807638306170701981e-03
3.814689349383115768e-03
3.829783527180552483e-03
3.836341435089707375e-03
3.828081069514155388e-03
3.813039045780897141e-03
3.803742351010441780e-03
3.805801738053560257e-03
3.814240451902151108e-03
3.819535253569483757e-03
3.816632553935050964e-03
3.808344015851616859e-03
3.801773302257061005e-03
3.801445011049509048e-03
3.805873217061161995e-03
3.809918882325291634e-03
3.809658344835042953e-03
3.805529559031128883e-03
3.801126731559634209e-03
3.799707395955920219e-03
3.801535582169890404e-03
3.804221516475081444e-03
3.805138869211077690e-03
3.803581465035676956e-03
3.800976322963833809e-03
3.799336031079292297e-03
3.799573751166462898e-03
3.800984239205718040e-03
3.802108811214566231e-03
3.802004968747496605e-03
3.800830338150262833e-03
3.799544647336006165e-03
3.798993537202477455e-03
3.799334168434143066e-03
3.800070378929376602e-03
3.800515551120042801e-03
3.800347447395324707e-03
3.799723926931619644e-03
3.799090161919593811e-03
3.798831021413207054e-03
3.798995167016983032e-03
3.799343248829245567e-03
3.799568628892302513e-03
3.799499943852424622e-03
3.799204481765627861e-03
3.798881080001592636e-03
3.798702266067266464e-03
3.798724152147769928e-03
3.798874793574213982e-03
3.799000987783074379e-03
3.799014026299118996e-03
3.798899706453084946e-03
3.798735328018665314e-03
3.798594232648611069e-03
3.798540914431214333e-03
3.798563964664936066e-03
3.798627061769366264e-03
3.798664547502994537e-03
3.798653837293386459e-03
3.798590973019599915e-03
3.798500867560505867e-03
3.798434045165777206e-03
3.798393532633781433e-03
3.798393765464425087e-03
3.798405872657895088e-03
3.798409830778837204e-03
3.798400983214378357e-03
3.798367688432335854e-03
3.798332996666431427e-03
3.798285964876413345e-03
3.798254299908876419e-03
3.798233810812234879e-03
3.798224031925201416e-03
3.798218211159110069e-03
3.798205405473709106e-03
3.798191435635089874e-03
3.798168851062655449e-03
3.798144869506359100e-03
3.798115067183971405e-03
3.798092948272824287e-03
3.798066871240735054e-03
3.798054764047265053e-03
3.798033809289336205e-03
3.798020770773291588e-03
3.798004006966948509e-03
3.797993995249271393e-03
3.797970712184906006e-03
3.797953482717275620e-03
3.797936486080288887e-03
3.797913901507854462e-03
3.797892248257994652e-03
3.797874785959720612e-03
3.797855926677584648e-03
3.797836136072874069e-03
3.797818440943956375e-03
3.797800280153751373e-03
3.797781886532902718e-03
3.797759534791111946e-03
3.797746030613780022e-03
3.797725541517138481e-03
3.797713201493024826e-03
3.797692945227026939e-03
3.797675250098109245e-03
3.797660814598202705e-03
3.797642420977354050e-03
3.797623096033930779e-03
3.797610756009817123e-03
3.797590499743819237e-03
3.797571640461683273e-03
3.797556040808558464e-03
3.797534853219985962e-03
3.797517158091068268e-03
3.797499462962150574e-03
3.797482699155807495e-03
3.797465236857533455e-03
3.797450335696339607e-03
3.797428682446479797e-03
3.797414479777216911e-03
3.797392593696713448e-03
3.797380253672599792e-03
3.797360463067889214e-03
3.797342069447040558e-03
3.797328798100352287e-03
3.797318320721387863e-03
3.797305747866630554e-03
3.797290148213505745e-03
3.797282231971621513e-03
3.797284094616770744e-03
3.797283861786127090e-03
3.797305049374699593e-03
3.797337412834167480e-03
3.797411220148205757e-03
3.797540441155433655e-03
3.797761164605617523e-03
3.798123681917786598e-03
3.798743244260549545e-03
3.799782367423176765e-03
3.801534185186028481e-03
3.804515814408659935e-03
3.809565445408225060e-03
3.818268887698650360e-03
3.833017311990261078e-03
3.858377691358327866e-03
3.900083014741539955e-03
3.968748729676008224e-03
4.068841692060232162e-03
4.205274861305952072e-03
4.332008771598339081e-03
4.390015732496976852e-03
4.276510328054428101e-03
4.036614671349525452e-03
3.839822951704263687e-03
3.839717712253332138e-03
3.975099883973598480e-03
4.043519962579011917e-03
3.952909726649522781e-03
3.824092447757720947e-03
3.816112643107771873e-03
3.902316559106111526e-03
3.935096785426139832e-03
3.868935862556099892e-03
3.805315354838967323e-03
3.825868479907512665e-03
3.877706825733184814e-03
3.872866043820977211e-03
3.822050755843520164e-03
3.800976090133190155e-03
3.828872693702578545e-03
3.850618144497275352e-03
3.831021487712860107e-03
3.802734427154064178e-03
3.805118612945079803e-03
3.826013067737221718e-03
3.829134628176689148e-03
3.810682566836476326e-03
3.798958845436573029e-03
3.807301633059978485e-03
3.818020457401871681e-03
3.813770366832613945e-03
3.801744198426604271e-03
3.798772813752293587e-03
3.806030610576272011e-03
3.810552181676030159e-03
3.805759595707058907e-03
3.799067577347159386e-03
3.799134166911244392e-03
3.803906729444861412e-03
3.805487649515271187e-03
3.801813581958413124e-03
3.798105288296937943e-03
3.798653371632099152e-03
3.801485756412148476e-03
3.802113933488726616e-03
3.799775382503867149e-03
3.797640092670917511e-03
3.798051737248897552e-03
3.799733240157365799e-03
3.800133708864450455e-03
3.798803780227899551e-03
3.797485260292887688e-03
3.797599812969565392e-03
3.798571880906820297e-03
3.798929508775472641e-03
3.798223566263914108e-03
3.797356504946947098e-03
3.797248704358935356e-03
3.797760698944330215e-03
3.798078978434205055e-03
3.797777695581316948e-03
3.797224489971995354e-03
3.797003533691167831e-03
3.797213546931743622e-03
3.797473153099417686e-03
3.797418670728802681e-03
3.797114128246903419e-03
3.796879202127456665e-03
3.796892240643501282e-03
3.797049634158611298e-03
3.797112032771110535e-03
3.796998411417007446e-03
3.796820295974612236e-03
3.796743927523493767e-03
3.796794917434453964e-03
3.796882461756467819e-03
3.796899924054741859e-03
3.796834265813231468e-03
3.796780714765191078e-03
3.796809352934360504e-03
3.796916920691728592e-03
3.797064768150448799e-03
3.797222161665558815e-03
3.797410754486918449e-03
3.797706915065646172e-03
3.798187011852860451e-03
3.798927413299679756e-03
3.799997968599200249e-03
3.801553510129451752e-03
3.803838044404983521e-03
3.807241097092628479e-03
3.812333801761269569e-03
3.820034908130764961e-03
3.831532318145036697e-03
3.848833963274955750e-03
3.874333808198571205e-03
3.912017680704593658e-03
3.965099342167377472e-03
4.038637038320302963e-03
4.129720851778984070e-03
4.233863204717636108e-03
4.319291561841964722e-03
4.356928169727325439e-03
4.296385217458009720e-03
4.149677231907844543e-03
3.963403403759002686e-03
3.829622874036431313e-03
3.800694132223725319e-03
3.863469930365681648e-03
3.954913932830095291e-03
4.004822112619876862e-03
3.982797265052795410e-03
3.904913319274783134e-03
3.827826352789998055e-03
3.797275247052311897e-03
3.820303827524185181e-03
3.866231534630060196e-03
3.894239664077758789e-03
3.884558798745274544e-03
3.846202511340379715e-03
3.808999201282858849e-03
3.796350210905075073e-03
3.810192458331584930e-03
3.833238501101732254e-03
3.844887716695666313e-03
3.837159136310219765e-03
3.817154560238122940e-03
3.800119273364543915e-03
3.796207252889871597e-03
3.804401960223913193e-03
3.815506584942340851e-03
3.820145502686500549e-03
3.815551055595278740e-03
3.805750748142600060e-03
3.797749523073434830e-03
3.795885015279054642e-03
3.799598664045333862e-03
3.804820589721202850e-03
3.807372413575649261e-03
3.805758897215127945e-03
3.801394253969192505e-03
3.797249170020222664e-03
3.795543918386101723e-03
3.796590026468038559e-03
3.798968624323606491e-03
3.800769802182912827e-03
3.800837788730859756e-03
3.799258498474955559e-03
3.797114128246903419e-03
3.795589320361614227e-03
3.795320168137550354e-03
3.796102013438940048e-03
3.797178389504551888e-03
3.797804703935980797e-03
3.797626588493585587e-03
3.796810517087578773e-03
3.795841941609978676e-03
3.795187454670667648e-03
3.795077558606863022e-03
3.795406082645058632e-03
3.795877331867814064e-03
3.796177683398127556e-03
3.796146018430590630e-03
3.795826341956853867e-03
3.795386990532279015e-03
3.795031923800706863e-03
3.794877557083964348e-03
3.794924123212695122e-03
3.795084776356816292e-03
3.795242868363857269e-03
3.795305732637643814e-03
3.795240074396133423e-03
3.795091295614838600e-03
3.794907359406352043e-03
3.794762073084712029e-03
3.794682910665869713e-03
3.794684074819087982e-03
3.794727148488163948e-03
3.794774180278182030e-03
3.794800257310271263e-03
3.794782329350709915e-03
3.794724587351083755e-03
3.794646356254816055e-03
3.794564865529537201e-03
3.794504329562187195e-03
3.794461721554398537e-03
3.794446820393204689e-03
3.794442163780331612e-03
3.794446820393204689e-03
3.794442163780331612e-03
3.794425399973988533e-03
3.794400719925761223e-03
3.794362070038914680e-03
3.794319694861769676e-03
3.794275689870119095e-03
3.794234711676836014e-03
3.794196760281920433e-03
3.794167656451463699e-03
3.794149262830615044e-03
3.794132731854915619e-03
3.794113872572779655e-03
3.794091288000345230e-03
3.794072195887565613e-03
3.794046351686120033e-03
3.794018877670168877e-03
3.793978365138173103e-03
3.793949494138360023e-03
3.793919226154685020e-03
3.793889656662940979e-03
3.793852170929312706e-03
3.793826792389154434e-03
3.793798387050628662e-03
3.793770447373390198e-03
3.793744603171944618e-03
3.793720621615648270e-03
3.793699666857719421e-03
3.793674288317561150e-03
3.793646814301609993e-03
3.793618641793727875e-03
3.793587908148765564e-03
3.793560899794101715e-03
3.793532028794288635e-03
3.793502226471900940e-03
3.793473821133375168e-03
3.793446347117424011e-03
3.793417243286967278e-03
3.793380456045269966e-03
3.793356707319617271e-03
3.793327370658516884e-03
3.793303621932864189e-03
3.793273121118545532e-03
3.793246578425168991e-03
3.793219337239861488e-03
3.793200943619012833e-03
3.793177893385291100e-03
3.793159266933798790e-03
3.793139476329088211e-03
3.793129231780767441e-03
3.793120151385664940e-03
3.793115494772791862e-03
3.793121781200170517e-03
3.793140640482306480e-03
3.793178591877222061e-03
3.793245181441307068e-03
3.793345764279365540e-03
3.793510375544428825e-03
3.793759504333138466e-03
3.794139716774225235e-03
3.794737858697772026e-03
3.795658238232135773e-03
3.797089913859963417e-03
3.799333702772855759e-03
3.802832681685686111e-03
3.808373352512717247e-03
3.817051183432340622e-03
3.830843605101108551e-03
3.852133173495531082e-03
3.885294776409864426e-03
3.933644387871026993e-03
4.003134090453386307e-03
4.087917972356081009e-03
4.179677926003932953e-03
4.233386367559432983e-03
4.214062355458736420e-03
4.092729650437831879e-03
3.928469959646463394e-03
3.819940611720085144e-03
3.827398177236318588e-03
3.910581115633249283e-03
3.969411365687847137e-03
3.942926879972219467e-03
3.857604460790753365e-03
3.799596801400184631e-03
3.813872579485177994e-03
3.864030586555600166e-03
3.883328987285494804e-03
3.849877975881099701e-03
3.805317915976047516e-03
3.796928562223911285e-03
3.823383012786507607e-03
3.844622522592544556e-03
3.834252711385488510e-03
3.807426895946264267e-03
3.795291762799024582e-03
3.806549590080976486e-03
3.821895457804203033e-03
3.821142017841339111e-03
3.806303953751921654e-03
3.794693155214190483e-03
3.796893171966075897e-03
3.806399879977107048e-03
3.810276277363300323e-03
3.804335836321115494e-03
3.795730415731668472e-03
3.793198615312576294e-03
3.797478741034865379e-03
3.802173770964145660e-03
3.801845014095306396e-03
3.797259880229830742e-03
3.793367184698581696e-03
3.793445648625493050e-03
3.796305507421493530e-03
3.798376070335507393e-03
3.797540208324790001e-03
3.794886171817779541e-03
3.792985342442989349e-03
3.793217241764068604e-03
3.794783726334571838e-03
3.795887809246778488e-03
3.795530414208769798e-03
3.794201184064149857e-03
3.793158568441867828e-03
3.793187206611037254e-03
3.794061252847313881e-03
3.794933669269084930e-03
3.795201424509286880e-03
3.794933203607797623e-03
3.794680349528789520e-03
3.795005846768617630e-03
3.796063829213380814e-03
3.797616576775908470e-03
3.799402154982089996e-03
3.801411483436822891e-03
3.804059233516454697e-03
3.807918168604373932e-03
3.813731251284480095e-03
3.822020953521132469e-03
3.833691822364926338e-03
3.849478438496589661e-03
3.871225286275148392e-03
3.900001989677548409e-03
3.938524518162012100e-03
3.985772840678691864e-03
4.042636137455701828e-03
4.099009092897176743e-03
4.148224834352731705e-03
4.165815655142068863e-03
4.143944010138511658e-03
4.070067312568426132e-03
3.968201112002134323e-03
3.867826657369732857e-03
3.804874373599886894e-03
3.793630748987197876e-03
3.824672196060419083e-03
3.872678847983479500e-03
3.909251186996698380e-03
3.917400725185871124e-03
3.893332788720726967e-03
3.851953428238630295e-03
3.812840441241860390e-03
3.792721079662442207e-03
3.795679425820708275e-03
3.813916584476828575e-03
3.833948168903589249e-03
3.843839280307292938e-03
3.839458106085658073e-03
3.823878942057490349e-03
3.805946325883269310e-03
3.793789539486169815e-03
3.791361348703503609e-03
3.797105047851800919e-03
3.805929794907569885e-03
3.812411567196249962e-03
3.813276067376136780e-03
3.808756126090884209e-03
3.801376093178987503e-03
3.794666379690170288e-03
3.791122697293758392e-03
3.791354596614837646e-03
3.794214222580194473e-03
3.797673620283603668e-03
3.799904137849807739e-03
3.799956524744629860e-03
3.798054065555334091e-03
3.795147873461246490e-03
3.792447503656148911e-03
3.790823509916663170e-03
3.790569957345724106e-03
3.791386494413018227e-03
3.792659146711230278e-03
3.793744603171944618e-03
3.794196760281920433e-03
3.793905489146709442e-03
3.793035633862018585e-03
3.791955998167395592e-03
3.790996968746185303e-03
3.790396265685558319e-03
3.790237475186586380e-03
3.790439572185277939e-03
3.790829330682754517e-03
3.791228169575333595e-03
3.791474271565675735e-03
3.791503841057419777e-03
3.791325492784380913e-03
3.791001858189702034e-03
3.790630260482430458e-03
3.790296381339430809e-03
3.790059126913547516e-03
3.789935261011123657e-03
3.789924317970871925e-03
3.789986250922083855e-03
3.790090093389153481e-03
3.790177172049880028e-03
3.790236078202724457e-03
3.790248883888125420e-03
3.790209069848060608e-03
3.790133167058229446e-03
3.790024202316999435e-03
3.789911279454827309e-03
3.789795329794287682e-03
3.789692651480436325e-03
3.789617214351892471e-03
3.789558308199048042e-03
3.789519192650914192e-03
3.789492184296250343e-03
3.789480542764067650e-03
3.789469366893172264e-03
3.789463080465793610e-03
3.789454931393265724e-03
3.789443057030439377e-03
3.789430949836969376e-03
3.789409063756465912e-03
3.789386246353387833e-03
3.789353882893919945e-03
3.789322217926383018e-03
3.789291251450777054e-03
3.789259353652596474e-03
3.789221867918968201e-03
3.789182985201478004e-03
3.789148293435573578e-03
3.789118258282542229e-03
3.789076115936040878e-03
3.789043752476572990e-03
3.789011854678392410e-03
3.788980189710855484e-03
3.788952948525547981e-03
3.788922447711229324e-03
3.788895439356565475e-03
3.788872854784131050e-03
3.788855159655213356e-03
3.788838861510157585e-03
3.788821399211883545e-03
3.788821399211883545e-03
3.788826521486043930e-03
3.788845147937536240e-03
3.788881236687302589e-03
3.788936650380492210e-03
3.789026290178298950e-03
3.789161797612905502e-03
3.789365058764815331e-03
3.789656329900026321e-03
3.790092188864946365e-03
3.790714312344789505e-03
3.791632596403360367e-03
3.792968112975358963e-03
3.794944612309336662e-03
3.797856858000159264e-03
3.802199615165591240e-03
3.808620152994990349e-03
3.818240482360124588e-03
3.832439193502068520e-03
3.853692905977368355e-03
3.884516656398773193e-03
3.929501399397850037e-03
3.990943077951669693e-03
4.073669202625751495e-03
4.169710446149110794e-03
4.271396435797214508e-03
4.337209276854991913e-03
4.340536892414093018e-03
4.239633679389953613e-03
4.070278722792863846e-03
3.895493689924478531e-03
3.798677818849682808e-03
3.807743079960346222e-03
3.887622850015759468e-03
3.970216028392314911e-03
3.995064646005630493e-03
3.950462210923433304e-03
3.867757739499211311e-03
3.804383100941777229e-03
3.793875453993678093e-03
3.828178159892559052e-03
3.870390588417649269e-03
3.884831210598349571e-03
3.862844081595540047e-03
3.822495695203542709e-03
3.793398849666118622e-03
3.791518043726682663e-03
3.810633905231952667e-03
3.830958157777786255e-03
3.835573559626936913e-03
3.822267055511474609e-03
3.801846876740455627e-03
3.788589499890804291e-03
3.789061913266777992e-03
3.799145109951496124e-03
3.808991983532905579e-03
3.810904221609234810e-03
3.804293693974614143e-03
3.794406307861208916e-03
3.787827445194125175e-03
3.787615103647112846e-03
3.792083123698830605e-03
3.796852892264723778e-03
3.798276651650667191e-03
3.795678727328777313e-03
3.791092662140727043e-03
3.787482855841517448e-03
3.786616260185837746e-03
3.788230009377002716e-03
3.790599992498755455e-03
3.791892901062965393e-03
3.791332012042403221e-03
3.789382055401802063e-03
3.787276567891240120e-03
3.786097047850489616e-03
3.786186920478940010e-03
3.787129418924450874e-03
3.788104979321360588e-03
3.788470523431897163e-03
3.788046305999159813e-03
3.787105670198798180e-03
3.786180168390274048e-03
3.785654902458190918e-03
3.785647684708237648e-03
3.785995068028569221e-03
3.786384826526045799e-03
3.786557819694280624e-03
3.786412300541996956e-03
3.786021145060658455e-03
3.785564098507165909e-03
3.785226028412580490e-03
3.785077948123216629e-03
3.785120556131005287e-03
3.785241628065705299e-03
3.785341512411832809e-03
3.785349195823073387e-03
3.785232082009315491e-03
3.785032080486416817e-03
3.784815547987818718e-03
3.784639295190572739e-03
3.784529399126768112e-03
3.784494940191507339e-03
3.784494241699576378e-03
3.784497268497943878e-03
3.784476779401302338e-03
3.784417407587170601e-03
3.784314962103962898e-03
3.784193191677331924e-03
3.784066066145896912e-03
3.783955471590161324e-03
3.783869789913296700e-03
3.783806692808866501e-03
3.783761058002710342e-03
3.783717518672347069e-03
3.783675609156489372e-03
3.783621825277805328e-03
3.783555002883076668e-03
3.783485153689980507e-03
3.783415304496884346e-03
3.783346153795719147e-03
3.783303545787930489e-03
3.783283056691288948e-03
3.783291904255747795e-03
3.783351741731166840e-03
3.783480031415820122e-03
3.783692605793476105e-03
3.784041386097669601e-03
3.784590167924761772e-03
3.785439766943454742e-03
3.786740126088261604e-03
3.788741771131753922e-03
3.791797207668423653e-03
3.796515055000782013e-03
3.803624538704752922e-03
3.814549418166279793e-03
3.830638248473405838e-03
3.854728769510984421e-03
3.888058010488748550e-03
3.934325184673070908e-03
3.988431300967931747e-03
4.047557711601257324e-03
4.085317254066467285e-03
4.086589440703392029e-03
4.025090951472520828e-03
3.924003336578607559e-03
3.826634492725133896e-03
3.783922642469406128e-03
3.806280670687556267e-03
3.859265707433223724e-03
3.893461311236023903e-03
3.879443509504199028e-03
3.832075977697968483e-03
3.790020011365413666e-03
3.783340333029627800e-03
3.807345870882272720e-03
3.832187270745635033e-03
3.833156079053878784e-03
3.810534253716468811e-03
3.786757355555891991e-03
3.781198058277368546e-03
3.793295938521623611e-03
3.806729102507233620e-03
3.807136788964271545e-03
3.795124357566237450e-03
3.782491199672222137e-03
3.779602935537695885e-03
3.786088665947318077e-03
3.793351352214813232e-03
3.793946001678705215e-03
3.787748049944639206e-03
3.780732629820704460e-03
3.778403159230947495e-03
3.781213890761137009e-03
3.785155015066266060e-03
3.786077257245779037e-03
3.783286781981587410e-03
3.779320279136300087e-03
3.777245059609413147e-03
3.778007114306092262e-03
3.780103521421551704e-03
3.781290492042899132e-03
3.780495142564177513e-03
3.778437850996851921e-03
3.776651108637452126e-03
3.776175901293754578e-03
3.776877420023083687e-03
3.777767065912485123e-03
3.777936566621065140e-03
3.777189413085579872e-03
3.776040626689791679e-03
3.775171237066388130e-03
3.774960525333881378e-03
3.775244811549782753e-03
3.775552147999405861e-03
3.775518387556076050e-03
3.775061573833227158e-03
3.774421755224466324e-03
3.773891599848866463e-03
3.773653879761695862e-03
3.773655043914914131e-03
3.773715579882264137e-03
3.773659002035856247e-03
3.773407544940710068e-03
3.773028729483485222e-03
3.772651776671409607e-03
3.772370982915163040e-03
3.772216849029064178e-03
3.772130468860268593e-03
3.772038966417312622e-03
3.771891118958592415e-03
3.771661780774593353e-03
3.771383315324783325e-03
3.771111136302351952e-03
3.770878771319985390e-03
3.770702984184026718e-03
3.770563984289765358e-03
3.770427312701940536e-03
3.770275041460990906e-03
3.770092269405722618e-03
3.769893199205398560e-03
3.769699484109878540e-03
3.769529284909367561e-03
3.769406350329518318e-03
3.769343951717019081e-03
3.769347444176673889e-03
3.769450588151812553e-03
3.769694594666361809e-03
3.770151641219854355e-03
3.770965617150068283e-03
3.772327676415443420e-03
3.774598008021712303e-03
3.778293495997786522e-03
3.784304251894354820e-03
3.793943207710981369e-03
3.809467656537890434e-03
3.834059229120612144e-03
3.873109119012951851e-03
3.932758700102567673e-03
4.022370558232069016e-03
4.144428297877311707e-03
4.297628533095121384e-03
4.440489225089550018e-03
4.520213697105646133e-03
4.445013590157032013e-03
4.227638710290193558e-03
3.959496971219778061e-03
3.801723709329962730e-03
3.816321492195129395e-03
3.935383167117834091e-03
4.031569696962833405e-03
4.019625484943389893e-03
3.924811258912086487e-03
3.832707181572914124e-03
3.809610148891806602e-03
3.842954058200120926e-03
3.874997142702341080e-03
3.869414329528808594e-03
3.837507218122482300e-03
3.813857678323984146e-03
3.811651840806007385e-03
3.816648153588175774e-03
3.812454640865325928e-03
3.799986559897661209e-03
3.792840987443923950e-03
3.796596778556704521e-03
3.801822429522871971e-03
3.797078272327780724e-03
3.783022053539752960e-03
3.772314637899398804e-03
3.774052485823631287e-03
3.783760359510779381e-03
3.788867266848683357e-03
3.782337764278054237e-03
3.769977018237113953e-03
3.762880805879831314e-03
3.765974892303347588e-03
3.773874137550592422e-03
3.777418285608291626e-03
3.773015225306153297e-03
3.764940425753593445e-03
3.760325722396373749e-03
3.761969972401857376e-03
3.766652895137667656e-03
3.769152332097291946e-03
3.767182817682623863e-03
3.762883367016911507e-03
3.759918501600623131e-03
3.760086372494697571e-03
3.762163687497377396e-03
3.763648215681314468e-03
3.763181390240788460e-03
3.761360887438058853e-03
3.759742481634020805e-03
3.759311977773904800e-03
3.759852144867181778e-03
3.760453080758452415e-03
3.760432824492454529e-03
3.759831655770540237e-03
3.759142709895968437e-03
3.758791368454694748e-03
3.758805105462670326e-03
3.758891718462109566e-03
3.758807200938463211e-03
3.758533624932169914e-03
3.758236998692154884e-03
3.758082864806056023e-03
3.758077276870608330e-03
3.758085658773779869e-03
3.757986007258296013e-03
3.757762722671031952e-03
3.757503582164645195e-03
3.757338738068938255e-03
3.757301485165953636e-03
3.757345955818891525e-03
3.757357131689786911e-03
3.757270751520991325e-03
3.757090307772159576e-03
3.756891004741191864e-03
3.756743622943758965e-03
3.756689606234431267e-03
3.756697522476315498e-03
3.756700549274682999e-03
3.756657009944319725e-03
3.756565274670720100e-03
3.756434656679630280e-03
3.756307065486907959e-03
3.756216727197170258e-03
3.756169695407152176e-03
3.756138496100902557e-03
3.756115911528468132e-03
3.756064921617507935e-03
3.755993209779262543e-03
3.755909390747547150e-03
3.755832323804497719e-03
3.755760146304965019e-03
3.755700774490833282e-03
3.755656769499182701e-03
3.755615558475255966e-03
3.755567595362663269e-03
3.755509620532393456e-03
3.755451645702123642e-03
3.755392041057348251e-03
3.755330806598067284e-03
3.755279583856463432e-03
3.755228361114859581e-03
3.755182959139347076e-03
3.755136393010616302e-03
3.755085635930299759e-03
3.755034646019339561e-03
3.754984121769666672e-03
3.754925914108753204e-03
3.754878416657447815e-03
3.754834877327084541e-03
3.754785982891917229e-03
3.754737786948680878e-03
3.754696808755397797e-03
3.754654899239540100e-03
3.754606936126947403e-03
3.754554316401481628e-03
3.754511708393692970e-03
3.754463512450456619e-03
3.754418808966875076e-03
3.754374105483293533e-03
3.754325676709413528e-03
3.754280041903257370e-03
3.754239296540617943e-03
3.754196921363472939e-03
3.754155710339546204e-03
3.754110308364033699e-03
3.754071658477187157e-03
3.754028584808111191e-03
3.753980388864874840e-03
3.753944998607039452e-03
3.753898898139595985e-03
3.753859316930174828e-03
3.753817640244960785e-03
3.753777360543608665e-03
3.753743367269635201e-03
3.753697266802191734e-03
3.753657219931483269e-03
3.753621364012360573e-03
3.753582481294870377e-03
3.753542667254805565e-03
3.753506578505039215e-03
3.753467462956905365e-03
3.753429977223277092e-03
3.753389930352568626e-03
3.753354772925376892e-03
3.753320546820759773e-03
3.753285855054855347e-03
3.753255121409893036e-03
3.753226017579436302e-03
3.753204131498932838e-03
3.753181546926498413e-03
3.753168042749166489e-03
3.753170138224959373e-03
3.753192489966750145e-03
3.753242548555135727e-03
3.753318917006254196e-03
3.753466298803687096e-03
3.753704018890857697e-03
3.754090983420610428e-03
3.754705423489212990e-03
3.755673533305525780e-03
3.757197177037596703e-03
3.759608138352632523e-03
3.763437969610095024e-03
3.769525326788425446e-03
3.779299324378371239e-03
3.794735530391335487e-03
3.819207893684506416e-03
3.856527619063854218e-03
3.912532702088356018e-03
3.988471813499927521e-03
4.082898609340190887e-03
4.168352577835321426e-03
4.208780825138092041e-03
4.148562904447317123e-03
3.998442087322473526e-03
3.832813585177063942e-03
3.755576675757765770e-03
3.795663826167583466e-03
3.887591185048222542e-03
3.936083056032657623e-03
3.894272493198513985e-03
3.806636203080415726e-03
3.754795063287019730e-03
3.775004297494888306e-03
3.827410051599144936e-03
3.847597399726510048e-03
3.815810661762952805e-03
3.768723690882325172e-03
3.753970842808485031e-03
3.776825964450836182e-03
3.802601480856537819e-03
3.800469683483242989e-03
3.774653887376189232e-03
3.754407865926623344e-03
3.757671685889363289e-03
3.774349344894289970e-03
3.782411571592092514e-03
3.773155156522989273e-03
3.758039092645049095e-03
3.752465825527906418e-03
3.759108716621994972e-03
3.767706453800201416e-03
3.768079914152622223e-03
3.760508960112929344e-03
3.753244411200284958e-03
3.752759657800197601e-03
3.757581114768981934e-03
3.761346219107508659e-03
3.760056570172309875e-03
3.755422076210379601e-03
3.752080723643302917e-03
3.752553369849920273e-03
3.755302866920828819e-03
3.757025813683867455e-03
3.756030462682247162e-03
3.753501456230878830e-03
3.751778276637196541e-03
3.752041375264525414e-03
3.753503086045384407e-03
3.754494711756706238e-03
3.754096571356058121e-03
3.752802731469273567e-03
3.751773387193679810e-03
3.751757321879267693e-03
3.752541029825806618e-03
3.753326134756207466e-03
3.753525670617818832e-03
3.753234166651964188e-03
3.753018332645297050e-03
3.753428813070058823e-03
3.754658391699194908e-03
3.756571793928742409e-03
3.759060753509402275e-03
3.762424690648913383e-03
3.767451038584113121e-03
3.775485092774033546e-03
3.788166446611285210e-03
3.807825269177556038e-03
3.837338415905833244e-03
3.880999516695737839e-03
3.942608367651700974e-03
4.025643691420555115e-03
4.123733844608068466e-03
4.221484530717134476e-03
4.276729188859462738e-03
4.252885002642869949e-03
4.126644693315029144e-03
3.949621226638555527e-03
3.804798703640699387e-03
3.759196959435939789e-03
3.808595007285475731e-03
3.892709966748952866e-03
3.943114075809717178e-03
3.924326505511999130e-03
3.857041709125041962e-03
3.789663314819335938e-03
3.763458458706736565e-03
3.781543811783194542e-03
3.816538490355014801e-03
3.836767282336950302e-03
3.827449167147278786e-03
3.798490390181541443e-03
3.770307870581746101e-03
3.759449115023016930e-03
3.767497371882200241e-03
3.783218329772353172e-03
3.792529460042715073e-03
3.787925932556390762e-03
3.773292293772101402e-03
3.758821403607726097e-03
3.753483062610030174e-03
3.758481936529278755e-03
3.767545102164149284e-03
3.772585187107324600e-03
3.769532544538378716e-03
3.761009313166141510e-03
3.753144294023513794e-03
3.750772448256611824e-03
3.754059784114360809e-03
3.759190207347273827e-03
3.761788597330451012e-03
3.760001156479120255e-03
3.755446989089250565e-03
3.751329611986875534e-03
3.750020638108253479e-03
3.751541953533887863e-03
3.754079341888427734e-03
3.755553159862756729e-03
3.755009267479181290e-03
3.753017168492078781e-03
3.750936361029744148e-03
3.749917726963758469e-03
3.750212956219911575e-03
3.751222742721438408e-03
3.752087242901325226e-03
3.752228803932666779e-03
3.751641837880015373e-03
3.750738454982638359e-03
3.750017844140529633e-03
3.749762196093797684e-03
3.749942174181342125e-03
3.750290954485535622e-03
3.750530071556568146e-03
3.750526346266269684e-03
3.750289091840386391e-03
3.749969881027936935e-03
3.749702591449022293e-03
3.749560099095106125e-03
3.749549156054854393e-03
3.749605733901262283e-03
3.749660914763808250e-03
3.749678842723369598e-03
3.749641589820384979e-03
3.749554511159658432e-03
3.749450901523232460e-03
3.749349387362599373e-03
3.749272553250193596e-03
3.749228781089186668e-03
3.749207593500614166e-03
3.749200142920017242e-03
3.749204799532890320e-03
3.749191062524914742e-03
3.749163821339607239e-03
3.749128198251128197e-03
3.749080467969179153e-03
3.749028546735644341e-03
3.748979885131120682e-03
3.748939372599124908e-03
3.748904215171933174e-03
3.748884424567222595e-03
3.748868126422166824e-03
3.748854855075478554e-03
3.748841583728790283e-03
3.748821560293436050e-03
3.748796647414565086e-03
3.748766146600246429e-03
3.748726798221468925e-03
3.748692804947495461e-03
3.748664399608969688e-03
3.748635761439800262e-03
3.748608985915780067e-03
3.748587798327207565e-03
3.748571965843439102e-03
3.748551011085510254e-03
3.748532151803374290e-03
3.748509567230939865e-03
3.748487215489149094e-03
3.748460905626416206e-03
3.748437156900763512e-03
3.748414805158972740e-03
3.748387098312377930e-03
3.748363582417368889e-03
3.748335409909486771e-03
3.748314455151557922e-03
3.748288610950112343e-03
3.748265560716390610e-03
3.748244605958461761e-03
3.748221788555383682e-03
3.748198971152305603e-03
3.748184302821755409e-03
3.748162416741251945e-03
3.748139366507530212e-03
3.748118644580245018e-03
3.748097689822316170e-03
3.748075803741812706e-03
3.748058807104825974e-03
3.748033894225955009e-03
3.748011542484164238e-03
3.747991751879453659e-03
3.747971262782812119e-03
3.747952869161963463e-03
3.747932380065321922e-03
3.747911192476749420e-03
3.747888607904314995e-03
3.747871844097971916e-03
3.747850889340043068e-03
3.747831098735332489e-03
3.747818060219287872e-03
3.747805720195174217e-03
3.747793845832347870e-03
3.747788257896900177e-03
3.747789887711405754e-03
3.747793613001704216e-03
3.747824346646666527e-03
3.747858339920639992e-03
3.747930284589529037e-03
3.748036222532391548e-03
3.748204093426465988e-03
3.748473245650529861e-03
3.748884890228509903e-03
3.749520750716328621e-03
3.750507486984133720e-03
3.752049291506409645e-03
3.754460485652089119e-03
3.758266801014542580e-03
3.764274995774030685e-03
3.773845499381422997e-03
3.788971807807683945e-03
3.812910057604312897e-03
3.849797882139682770e-03
3.905769670382142067e-03
3.984529990702867508e-03
4.087314475327730179e-03
4.194386769086122513e-03
4.269721917808055878e-03
4.249610472470521927e-03
4.111927002668380737e-03
3.910605330020189285e-03
3.769515547901391983e-03
3.767599351704120636e-03
3.865336067974567413e-03
3.947737626731395721e-03
3.930266946554183960e-03
3.835042240098118782e-03
3.758038626983761787e-03
3.764247754588723183e-03
3.823622828349471092e-03
3.857004921883344650e-03
3.827128326520323753e-03
3.771163988858461380e-03
3.749690949916839600e-03
3.774810116738080978e-03
3.805462736636400223e-03
3.802747232839465141e-03
3.772236173972487450e-03
3.749874653294682503e-03
3.756041871383786201e-03
3.775995457544922829e-03
3.783053252846002579e-03
3.769912524148821831e-03
3.752740332856774330e-03
3.749029012396931648e-03
3.758654929697513580e-03
3.767628455534577370e-03
3.765503177419304848e-03
3.755501704290509224e-03
3.748279996216297150e-03
3.749712835997343063e-03
3.755949204787611961e-03
3.759176004678010941e-03
3.756169229745864868e-03
3.750468604266643524e-03
3.747552633285522461e-03
3.749185707420110703e-03
3.752589458599686623e-03
3.753915661945939064e-03
3.752028569579124451e-03
3.748937044292688370e-03
3.747330978512763977e-03
3.748106071725487709e-03
3.749898867681622505e-03
3.750772681087255478e-03
3.749984549358487129e-03
3.748336108401417732e-03
3.747203387320041656e-03
3.747283481061458588e-03
3.748144488781690598e-03
3.748843679204583168e-03
3.748762421309947968e-03
3.748010145500302315e-03
3.747213399037718773e-03
3.746898379176855087e-03
3.747142851352691650e-03
3.747582202777266502e-03
3.747811773791909218e-03
3.747647162526845932e-03
3.747227601706981659e-03
3.746857168152928352e-03
3.746738191694021225e-03
3.746871370822191238e-03
3.747075097635388374e-03
3.747181268408894539e-03
3.747102571651339531e-03
3.746915608644485474e-03
3.746733302250504494e-03
3.746662288904190063e-03
3.746719099581241608e-03
3.746846457943320274e-03
3.746971953660249710e-03
3.747051814571022987e-03
3.747102571651339531e-03
3.747190348803997040e-03
3.747392911463975906e-03
3.747777314856648445e-03
3.748405724763870239e-03
3.749352646991610527e-03
3.750741481781005859e-03
3.752802964299917221e-03
3.755913348868489265e-03
3.760643070563673973e-03
3.767962334677577019e-03
3.779157064855098724e-03
3.796478966251015663e-03
3.822599304839968681e-03
3.862302750349044800e-03
3.919618669897317886e-03
4.001754336059093475e-03
4.106149543076753616e-03
4.230280406773090363e-03
4.334609955549240112e-03
4.384896717965602875e-03
4.313320852816104889e-03
4.138168878853321075e-03
3.920145798474550247e-03
3.775381017476320267e-03
3.760996740311384201e-03
3.848040010780096054e-03
3.951678983867168427e-03
3.988592885434627533e-03
3.937971778213977814e-03
3.838113509118556976e-03
3.763631451874971390e-03
3.756562946364283562e-03
3.802472958341240883e-03
3.851422574371099472e-03
3.859916701912879944e-03
3.824877319857478142e-03
3.775859484449028969e-03
3.749801544472575188e-03
3.758856328204274178e-03
3.785997861996293068e-03
3.803992643952369690e-03
3.797589102759957314e-03
3.774210112169384956e-03
3.752860473468899727e-03
3.747873939573764801e-03
3.758271923288702965e-03
3.771536750718951225e-03
3.775668097659945488e-03
3.767848014831542969e-03
3.755223006010055542e-03
3.747127251699566841e-03
3.747882321476936340e-03
3.754434641450643539e-03
3.760085674002766609e-03
3.760244930163025856e-03
3.755179932340979576e-03
3.749022958800196648e-03
3.745888825505971909e-03
3.746997332200407982e-03
3.750371281057596207e-03
3.752874210476875305e-03
3.752631600946187973e-03
3.750032046809792519e-03
3.747036913409829140e-03
3.745506051927804947e-03
3.745982656255364418e-03
3.747582435607910156e-03
3.748885355889797211e-03
3.748937975615262985e-03
3.747809212654829025e-03
3.746320959180593491e-03
3.745348658412694931e-03
3.745309775695204735e-03
3.745951689779758453e-03
3.746666712686419487e-03
3.746930742636322975e-03
3.746606176719069481e-03
3.745938884094357491e-03
3.745319321751594543e-03
3.745041554793715477e-03
3.745146328583359718e-03
3.745457855984568596e-03
3.745717927813529968e-03
3.745770780369639397e-03
3.745586611330509186e-03
3.745283233001828194e-03
3.745005233213305473e-03
3.744879970327019691e-03
3.744899760931730270e-03
3.745018737390637398e-03
3.745121182873845100e-03
3.745154943317174911e-03
3.745090682059526443e-03
3.744962392374873161e-03
3.744826186448335648e-03
3.744734916836023331e-03
3.744698828086256981e-03
3.744713496416807175e-03
3.744745161384344101e-03
3.744771936908364296e-03
3.744764486327767372e-03
3.744725836440920830e-03
3.744663437828421593e-03
3.744604764506220818e-03
3.744550747796893120e-03
3.744523040950298309e-03
3.744511865079402924e-03
3.744511865079402924e-03
3.744511632248759270e-03
3.744503250345587730e-03
3.744485089555382729e-03
3.744455520063638687e-03
3.744418034330010414e-03
3.744385670870542526e-03
3.744356101378798485e-03
3.744337474927306175e-03
3.744320245459675789e-03
3.744307905435562134e-03
3.744298359379172325e-03
3.744278801605105400e-03
3.744263900443911552e-03
3.744238987565040588e-03
3.744216868653893471e-03
3.744190093129873276e-03
3.744166810065507889e-03
3.744151443243026733e-03
3.744132816791534424e-03
3.744111862033605576e-03
3.744098823517560959e-03
3.744081594049930573e-03
3.744064131751656532e-03
3.744049696251749992e-03
3.744026413187384605e-03
3.744012909010052681e-03
3.743987763300538063e-03
3.743968205526471138e-03
3.743952140212059021e-03
3.743924899026751518e-03
3.743910929188132286e-03
3.743891371414065361e-03
3.743867622688412666e-03
3.743851324543356895e-03
3.743836889043450356e-03
3.743816167116165161e-03
3.743805689737200737e-03
3.743781708180904388e-03
3.743761451914906502e-03
3.743746085092425346e-03
3.743723267689347267e-03
3.743709996342658997e-03
3.743692999705672264e-03
3.743666224181652069e-03
3.743655048310756683e-03
3.743636189028620720e-03
3.743623150512576103e-03
3.743603592738509178e-03
3.743587993085384369e-03
3.743574488908052444e-03
3.743557957932353020e-03
3.743549808859825134e-03
3.743542591109871864e-03
3.743538400158286095e-03
3.743543755263090134e-03
3.743560519069433212e-03
3.743591718375682831e-03
3.743652254343032837e-03
3.743749344721436501e-03
3.743924433365464211e-03
3.744197078049182892e-03
3.744647838175296783e-03
3.745376830920577049e-03
3.746570553630590439e-03
3.748520510271191597e-03
3.751748474314808846e-03
3.757098922505974770e-03
3.766029840335249901e-03
3.780815983191132545e-03
3.805453190580010414e-03
3.845285391435027122e-03
3.908981569111347198e-03
4.002653993666172028e-03
4.130674991756677628e-03
4.265707451850175858e-03
4.357910249382257462e-03
4.313602112233638763e-03
4.119042307138442993e-03
3.878895658999681473e-03
3.767868503928184509e-03
3.839062293991446495e-03
3.968284465372562408e-03
3.991790581494569778e-03
3.878021845594048500e-03
3.761589759960770607e-03
3.763586981222033501e-03
3.846851876005530357e-03
3.884674748405814171e-03
3.828712971881031990e-03
3.759721294045448303e-03
3.761748317629098892e-03
3.811269300058484077e-03
3.826858708634972572e-03
3.786830697208642960e-03
3.748443443328142166e-03
3.756965743377804756e-03
3.787284018471837044e-03
3.790996503084897995e-03
3.764903638511896133e-03
3.746639937162399292e-03
3.756397636607289314e-03
3.773610107600688934e-03
3.771981457248330116e-03
3.754693549126386642e-03
3.744726302102208138e-03
3.751424374058842659e-03
3.761327126994729042e-03
3.759820247069001198e-03
3.749746130779385567e-03
3.744258778169751167e-03
3.748385934159159660e-03
3.754477715119719505e-03
3.754037199541926384e-03
3.748134477064013481e-03
3.744181012734770775e-03
3.745840163901448250e-03
3.749501192942261696e-03
3.749955678358674049e-03
3.746796166524291039e-03
3.743856679648160934e-03
3.744022222235798836e-03
3.746197791770100594e-03
3.747315844520926476e-03
3.746126312762498856e-03
3.744149114936590195e-03
3.743477864190936089e-03
3.744416870176792145e-03
3.745491849258542061e-03
3.745398717001080513e-03
3.744306508451700211e-03
3.743388224393129349e-03
3.743423614650964737e-03
3.744067391380667686e-03
3.744442015886306763e-03
3.744120243936777115e-03
3.743440378457307816e-03
3.743056906387209892e-03
3.743191249668598175e-03
3.743548411875963211e-03
3.743677865713834763e-03
3.743436187505722046e-03
3.743068780750036240e-03
3.742881352081894875e-03
3.742967499420046806e-03
3.743154462426900864e-03
3.743212670087814331e-03
3.743080655112862587e-03
3.742871107533574104e-03
3.742751898244023323e-03
3.742775646969676018e-03
3.742862725630402565e-03
3.742910455912351608e-03
3.742853645235300064e-03
3.742738626897335052e-03
3.742644097656011581e-03
3.742631291970610619e-03
3.742671571671962738e-03
3.742711385712027550e-03
3.742707194760441780e-03
3.742668544873595238e-03
3.742629894986748695e-03
3.742624772712588310e-03
3.742669941857457161e-03
3.742757253348827362e-03
3.742868779227137566e-03
3.743006847798824310e-03
3.743203822523355484e-03
3.743505105376243591e-03
3.744001500308513641e-03
3.744764253497123718e-03
3.745929570868611336e-03
3.747686976566910744e-03
3.750364063307642937e-03
3.754450008273124695e-03
3.760773222893476486e-03
3.770513925701379776e-03
3.785640699788928032e-03
3.808726789429783821e-03
3.844092832878232002e-03
3.896119073033332825e-03
3.971724770963191986e-03
4.071306902915239334e-03
4.193895496428012848e-03
4.308221861720085144e-03
4.378840327262878418e-03
4.336318466812372208e-03
4.180352203547954559e-03
3.958983812481164932e-03
3.791970666497945786e-03
3.752668621018528938e-03
3.826817264780402184e-03
3.932317718863487244e-03
3.981167450547218323e-03
3.943079616874456406e-03
3.849239321425557137e-03
3.771904855966567993e-03
3.755854442715644836e-03
3.792980452999472618e-03
3.838865086436271667e-03
3.851866116747260094e-03
3.824924118816852570e-03
3.780808765441179276e-03
3.752588992938399315e-03
3.754850942641496658e-03
3.776847617700695992e-03
3.795442404225468636e-03
3.794028423726558685e-03
3.774948883801698685e-03
3.753504017367959023e-03
3.744921414181590080e-03
3.752031829208135605e-03
3.765073139220476151e-03
3.771491581574082375e-03
3.765892470255494118e-03
3.753483295440673828e-03
3.743909997865557671e-03
3.743191249668598175e-03
3.749524941667914391e-03
3.756047924980521202e-03
3.757068188861012459e-03
3.752071177586913109e-03
3.745362162590026855e-03
3.741740481927990913e-03
3.742857370525598526e-03
3.746599890291690826e-03
3.749377327039837837e-03
3.749049501493573189e-03
3.746135625988245010e-03
3.742935368791222572e-03
3.741493914276361465e-03
3.742232453078031540e-03
3.744002664461731911e-03
3.745223395526409149e-03
3.745042486116290092e-03
3.743715817108750343e-03
3.742231288924813271e-03
3.741448745131492615e-03
3.741603344678878784e-03
3.742292756214737892e-03
3.742900677025318146e-03
3.742994507774710655e-03
3.742569126188755035e-03
3.741919295862317085e-03
3.741424297913908958e-03
3.741269232705235481e-03
3.741424530744552612e-03
3.741685068234801292e-03
3.741846419870853424e-03
3.741808468475937843e-03
3.741608234122395515e-03
3.741350257769227028e-03
3.741151187568902969e-03
3.741083201020956039e-03
3.741114865988492966e-03
3.741191001608967781e-03
3.741248045116662979e-03
3.741238731890916824e-03
3.741172375157475471e-03
3.741064341738820076e-03
3.740960499271750450e-03
3.740896470844745636e-03
3.740870859473943710e-03
3.740880405530333519e-03
3.740898100659251213e-03
3.740899730473756790e-03
3.740880871191620827e-03
3.740843618288636208e-03
3.740795888006687164e-03
3.740747226402163506e-03
3.740709042176604271e-03
3.740682266652584076e-03
3.740673884749412537e-03
3.740662941709160805e-03
3.740656888112425804e-03
3.740648739039897919e-03
3.740622662007808685e-03
3.740597516298294067e-03
3.740567015483975410e-03
3.740544896572828293e-03
3.740513464435935020e-03
3.740489250048995018e-03
3.740480635315179825e-03
3.740463638678193092e-03
3.740456653758883476e-03
3.740441752597689629e-03
3.740424523130059242e-03
3.740403335541486740e-03
3.740382380783557892e-03
3.740355838090181351e-03
3.740333952009677887e-03
3.740311367437243462e-03
3.740296000614762306e-03
3.740275045856833458e-03
3.740256652235984802e-03
3.740237792953848839e-03
3.740223823115229607e-03
3.740206593647599220e-03
3.740190062671899796e-03
3.740173066034913063e-03
3.740151412785053253e-03
3.740134416148066521e-03
3.740117419511079788e-03
3.740096697583794594e-03
3.740076674148440361e-03
3.740058746188879013e-03
3.740041283890604973e-03
3.740022657439112663e-03
3.740002168342471123e-03
3.739985171705484390e-03
3.739970037713646889e-03
3.739949082955718040e-03
3.739934880286455154e-03
3.739915788173675537e-03
3.739900887012481689e-03
3.739879699423909187e-03
3.739863168448209763e-03
3.739844541996717453e-03
3.739825217053294182e-03
3.739805426448583603e-03
3.739790758118033409e-03
3.739772830158472061e-03
3.739754436537623405e-03
3.739739535376429558e-03
3.739720676094293594e-03
3.739703446626663208e-03
3.739686915650963783e-03
3.739667823538184166e-03
3.739653620868921280e-03
3.739640582352876663e-03
3.739616367965936661e-03
3.739601001143455505e-03
3.739589592441916466e-03
3.739579813554883003e-03
3.739568172022700310e-03
3.739565378054976463e-03
3.739567240700125694e-03
3.739577485248446465e-03
3.739607520401477814e-03
3.739662934094667435e-03
3.739757463335990906e-03
3.739920910447835922e-03
3.740183310583233833e-03
3.740621497854590416e-03
3.741352353245019913e-03
3.742559580132365227e-03
3.744579851627349854e-03
3.747958457097411156e-03
3.753655124455690384e-03
3.763197222724556923e-03
3.779306076467037201e-03
3.806005232036113739e-03
3.850131062790751457e-03
3.918961621820926666e-03
4.021885339170694351e-03
4.151740577071905136e-03
4.285573028028011322e-03
4.341694992035627365e-03
4.259670618921518326e-03
4.042216576635837555e-03
3.841504454612731934e-03
3.805692773312330246e-03
3.923307638615369797e-03
4.032946657389402390e-03
3.995481878519058228e-03
3.851564368233084679e-03
3.764471504837274551e-03
3.806097898632287979e-03
3.877870040014386177e-03
3.863127902150154114e-03
3.782629733905196190e-03
3.744641551747918129e-03
3.785888897255063057e-03
3.832005197182297707e-03
3.816083539277315140e-03
3.767563030123710632e-03
3.754099365323781967e-03
3.781639505177736282e-03
3.797487122938036919e-03
3.774607088416814804e-03
3.745432710275053978e-03
3.746020141988992691e-03
3.766030538827180862e-03
3.771984018385410309e-03
3.756655380129814148e-03
3.743448527529835701e-03
3.748606424778699875e-03
3.760710358619689941e-03
3.761086380109190941e-03
3.749910974875092506e-03
3.742298111319541931e-03
3.745663678273558617e-03
3.751774085685610771e-03
3.750662319362163544e-03
3.743790555745363235e-03
3.739867592230439186e-03
3.742473665624856949e-03
3.746616654098033905e-03
3.746515139937400818e-03
3.742804285138845444e-03
3.740387968719005585e-03
3.741684136912226677e-03
3.744209650903940201e-03
3.744474845007061958e-03
3.742340020835399628e-03
3.740448970347642899e-03
3.740618471056222916e-03
3.741947934031486511e-03
3.742407541722059250e-03
3.741357009857892990e-03
3.739974927157163620e-03
3.739612875506281853e-03
3.740257583558559418e-03
3.740818705409765244e-03
3.740539541468024254e-03
3.739733016118407249e-03
3.739212406799197197e-03
3.739343723282217979e-03
3.739761421456933022e-03
3.739893436431884766e-03
3.739576088264584541e-03
3.739137900993227959e-03
3.738976316526532173e-03
3.739146981388330460e-03
3.739357460290193558e-03
3.739345353096723557e-03
3.739122767001390457e-03
3.738899948075413704e-03
3.738842206075787544e-03
3.738936502486467361e-03
3.739034291356801987e-03
3.739017760381102562e-03
3.738888772204518318e-03
3.738770959898829460e-03
3.738742088899016380e-03
3.738804254680871964e-03
3.738877130672335625e-03
3.738912986591458321e-03
3.738900646567344666e-03
3.738911356776952744e-03
3.739008679986000061e-03
3.739223349839448929e-03
3.739551641047000885e-03
3.740028245374560356e-03
3.740713233128190041e-03
3.741756314411759377e-03
3.743387060239911079e-03
3.745971480384469032e-03
3.750000614672899246e-03
3.756315913051366806e-03
3.766174893826246262e-03
3.781662555411458015e-03
3.805707441642880440e-03
3.842983394861221313e-03
3.898593131452798843e-03
3.979643341153860092e-03
4.086617380380630493e-03
4.215149208903312683e-03
4.328540526330471039e-03
4.381258971989154816e-03
4.306027665734291077e-03
4.117227625101804733e-03
3.893757937476038933e-03
3.760602092370390892e-03
3.768196562305092812e-03
3.868200350552797318e-03
3.962269052863121033e-03
3.973355516791343689e-03
3.901981282979249954e-03
3.806303255259990692e-03
3.756037214770913124e-03
3.770491108298301697e-03
3.817104501649737358e-03
3.848160849884152412e-03
3.837827360257506371e-03
3.798686899244785309e-03
3.761204658076167107e-03
3.749722614884376526e-03
3.764447756111621857e-03
3.786115441471338272e-03
3.794054500758647919e-03
3.781108651310205460e-03
3.758425125852227211e-03
3.743282752111554146e-03
3.744911635294556618e-03
3.757780650630593300e-03
3.768005874007940292e-03
3.766115987673401833e-03
3.753905883058905602e-03
3.741807537153363228e-03
3.738646395504474640e-03
3.744580550119280815e-03
3.752371761947870255e-03
3.754562931135296822e-03
3.749665105715394020e-03
3.742172848433256149e-03
3.737919032573699951e-03
3.739078529179096222e-03
3.743203356862068176e-03
3.746112808585166931e-03
3.745456924661993980e-03
3.742153057828545570e-03
3.738897386938333511e-03
3.737783525139093399e-03
3.738891333341598511e-03
3.740702522918581963e-03
3.741597291082143784e-03
3.741002175956964493e-03
3.739517880603671074e-03
3.738206112757325172e-03
3.737736260518431664e-03
3.738090395927429199e-03
3.738734172657132149e-03
3.739124163985252380e-03
3.739002859219908714e-03
3.738494589924812317e-03
3.737921360880136490e-03
3.737554652616381645e-03
3.737492719665169716e-03
3.737653372809290886e-03
3.737846389412879944e-03
3.737925784662365913e-03
3.737836843356490135e-03
3.737625898793339729e-03
3.737388644367456436e-03
3.737217979505658150e-03
3.737158840522170067e-03
3.737205173820257187e-03
3.737282706424593925e-03
3.737324615940451622e-03
3.737294580787420273e-03
3.737200284376740456e-03
3.737068036571145058e-03
3.736956510692834854e-03
3.736900398507714272e-03
3.736900631338357925e-03
3.736929967999458313e-03
3.736960701644420624e-03
3.736952785402536392e-03
3.736910875886678696e-03
3.736837068572640419e-03
3.736766986548900604e-03
3.736708080396056175e-03
3.736682934686541557e-03
3.736671060323715210e-03
3.736675716936588287e-03
3.736672224476933479e-03
3.736657323315739632e-03
3.736633108928799629e-03
3.736587939783930779e-03
3.736547892913222313e-03
3.736511105671525002e-03
3.736484330147504807e-03
3.736465005204081535e-03
3.736455459147691727e-03
3.736437996849417686e-03
3.736421698704361916e-03
3.736401908099651337e-03
3.736379090696573257e-03
3.736349055543541908e-03
3.736319020390510559e-03
3.736290847882628441e-03
3.736266167834401131e-03
3.736243117600679398e-03
3.736223792657256126e-03
3.736207494512200356e-03
3.736189333721995354e-03
3.736169775947928429e-03
3.736145095899701118e-03
3.736123908311128616e-03
3.736101789399981499e-03
3.736076178029179573e-03
3.736048238351941109e-03
3.736025886610150337e-03
3.736000973731279373e-03
3.735982347279787064e-03
3.735960461199283600e-03
3.735935315489768982e-03
3.735915757715702057e-03
3.735896665602922440e-03
3.735873149707913399e-03
3.735854523256421089e-03
3.735835663974285126e-03
3.735812846571207047e-03
3.735786536708474159e-03
3.735759528353810310e-03
3.735740669071674347e-03
3.735714126378297806e-03
3.735694801434874535e-03
3.735667560249567032e-03
3.735644742846488953e-03
3.735621925443410873e-03
3.735598176717758179e-03
3.735577454790472984e-03
3.735550679266452789e-03
3.735527629032731056e-03
3.735502017661929131e-03
3.735477570444345474e-03
3.735459409654140472e-03
3.735437057912349701e-03
3.735410980880260468e-03
3.735391423106193542e-03
3.735368372872471809e-03
3.735342295840382576e-03
3.735320642590522766e-03
3.735299455001950264e-03
3.735277336090803146e-03
3.735254285857081413e-03
3.735234029591083527e-03
3.735209815204143524e-03
3.735186997801065445e-03
3.735174657776951790e-03
3.735155565664172173e-03
3.735139966011047363e-03
3.735135542228817940e-03
3.735140664502978325e-03
3.735148813575506210e-03
3.735182108357548714e-03
3.735263366252183914e-03
3.735383274033665657e-03
3.735610516741871834e-03
3.735992824658751488e-03
3.736648242920637131e-03
3.737745806574821472e-03
3.739632433280348778e-03
3.742855042219161987e-03
3.748407354578375816e-03
3.757928265258669853e-03
3.774290438741445541e-03
3.802004968747496605e-03
3.848494030535221100e-03
3.922032192349433899e-03
4.031585529446601868e-03
4.166592378169298172e-03
4.295352846384048462e-03
4.324956797063350677e-03
4.205653909593820572e-03
3.974198363721370697e-03
3.808631328865885735e-03
3.830647328868508339e-03
3.976549953222274780e-03
4.064837470650672913e-03
3.992555197328329086e-03
3.851776709780097008e-03
3.806747496128082275e-03
3.871733788400888443e-03
3.914589993655681610e-03
3.852773224934935570e-03
3.760983236134052277e-03
3.746854607015848160e-03
3.799744183197617531e-03
3.826060565188527107e-03
3.790201619267463684e-03
3.752478864043951035e-03
3.765418194234371185e-03
3.799898317083716393e-03
3.799386555328965187e-03
3.764868481084704399e-03
3.744131186977028847e-03
3.756182501092553139e-03
3.770735347643494606e-03
3.761411644518375397e-03
3.741521388292312622e-03
3.737999591976404190e-03
3.751302836462855339e-03
3.759576240554451942e-03
3.752322634682059288e-03
3.741883905604481697e-03
3.742216154932975769e-03
3.749552881345152855e-03
3.750980133190751076e-03
3.743747714906930923e-03
3.737012390047311783e-03
3.737603779882192612e-03
3.741858061403036118e-03
3.742490196600556374e-03
3.738596336916089058e-03
3.735321573913097382e-03
3.736312733963131905e-03
3.739363746717572212e-03
3.740252461284399033e-03
3.738226369023323059e-03
3.736196551471948624e-03
3.736486192792654037e-03
3.738105064257979393e-03
3.738663392141461372e-03
3.737444523721933365e-03
3.735901322215795517e-03
3.735558828338980675e-03
3.736283397302031517e-03
3.736796323210000992e-03
3.736308310180902481e-03
3.735304111614823341e-03
3.734786296263337135e-03
3.735024714842438698e-03
3.735452657565474510e-03
3.735424019396305084e-03
3.734938334673643112e-03
3.734461730346083641e-03
3.734397701919078827e-03
3.734647994861006737e-03
3.734840312972664833e-03
3.734736703336238861e-03
3.734458237886428833e-03
3.734299447387456894e-03
3.734390251338481903e-03
3.734608646482229233e-03
3.734781406819820404e-03
3.734845668077468872e-03
3.734911326318979263e-03
3.735135076567530632e-03
3.735613310709595680e-03
3.736332990229129791e-03
3.737282007932662964e-03
3.738531377166509628e-03
3.740313695743680000e-03
3.742970991879701614e-03
3.746901871636509895e-03
3.752621123567223549e-03
3.760955994948744774e-03
3.772977739572525024e-03
3.790444228798151016e-03
3.815286559984087944e-03
3.850365756079554558e-03
3.897384274750947952e-03
3.957901149988174438e-03
4.026650916785001755e-03
4.094519186764955521e-03
4.137022886425256729e-03
4.133246839046478271e-03
4.063535947352647781e-03
3.947579301893711090e-03
3.826095722615718842e-03
3.749897936359047890e-03
3.740405896678566933e-03
3.783094929531216621e-03
3.840680932626128197e-03
3.874895162880420685e-03
3.867555642500519753e-03
3.824144601821899414e-03
3.772518830373883247e-03
3.739797277376055717e-03
3.738422412425279617e-03
3.760465653613209724e-03
3.786206012591719627e-03
3.797867335379123688e-03
3.788473084568977356e-03
3.765660105273127556e-03
3.743291832506656647e-03
3.733188379555940628e-03
3.737686667591333389e-03
3.750174771994352341e-03
3.760729916393756866e-03
3.762412816286087036e-03
3.755098441615700722e-03
3.743747016414999962e-03
3.734975587576627731e-03
3.732560900971293449e-03
3.735988633707165718e-03
3.741666674613952637e-03
3.745561232790350914e-03
3.745567752048373222e-03
3.742062486708164215e-03
3.737283404916524887e-03
3.733596764504909515e-03
3.732355311512947083e-03
3.733421908691525459e-03
3.735567908734083176e-03
3.737378399819135666e-03
3.737879917025566101e-03
3.736956976354122162e-03
3.735153470188379288e-03
3.733326448127627373e-03
3.732160432264208794e-03
3.731938311830163002e-03
3.732485463842749596e-03
3.733336459845304489e-03
3.734007244929671288e-03
3.734173486009240150e-03
3.733797930181026459e-03
3.733068937435746193e-03
3.732273820787668228e-03
3.731686389073729515e-03
3.731454955413937569e-03
3.731547156348824501e-03
3.731833538040518761e-03
3.732132259756326675e-03
3.732310608029365540e-03
3.732287790626287460e-03
3.732081735506653786e-03
3.731776028871536255e-03
3.731454722583293915e-03
3.731207223609089851e-03
3.731072414666414261e-03
3.731042379513382912e-03
3.731092903763055801e-03
3.731170203536748886e-03
3.731225850060582161e-03
3.731240751221776009e-03
3.731204196810722351e-03
3.731112927198410034e-03
3.730998141691088676e-03
3.730874974280595779e-03
3.730760654434561729e-03
3.730678698047995567e-03
3.730604657903313637e-03
3.730557626113295555e-03
3.730536904186010361e-03
3.730518976226449013e-03
3.730501048266887665e-03
3.730486147105693817e-03
3.730462631210684776e-03
3.730433527380228043e-03
3.730394877493381500e-03
3.730345284566283226e-03
3.730291733518242836e-03
3.730233991518616676e-03
3.730173688381910324e-03
3.730119206011295319e-03
3.730060998350381851e-03
3.730006515979766846e-03
3.729954827576875687e-03
3.729904070496559143e-03
3.729853080585598946e-03
3.729816526174545288e-03
3.729771357029676437e-03
3.729729447513818741e-03
3.729690564796328545e-03
3.729654708877205849e-03
3.729606745764613152e-03
3.729572519659996033e-03
3.729535965248942375e-03
3.729499876499176025e-03
3.729462856426835060e-03
3.729420946910977364e-03
3.729383926838636398e-03
3.729347139596939087e-03
3.729311749339103699e-03
3.729277988895773888e-03
3.729245392605662346e-03
3.729222109541296959e-03
3.729196265339851379e-03
3.729187184944748878e-03
3.729183226823806763e-03
3.729199292138218880e-03
3.729243297129869461e-03
3.729314776137471199e-03
3.729439107701182365e-03
3.729638177901506424e-03
3.729943418875336647e-03
3.730418393388390541e-03
3.731139469891786575e-03
3.732244716957211494e-03
3.733948105946183205e-03
3.736574901267886162e-03
3.740666201338171959e-03
3.747089765965938568e-03
3.757204394787549973e-03
3.773199394345283508e-03
3.798304824158549309e-03
3.837357042357325554e-03
3.895796835422515869e-03
3.978986293077468872e-03
4.083824809640645981e-03
4.191846121102571487e-03
4.256566986441612244e-03
4.219932015985250473e-03
4.065316170454025269e-03
3.864390077069401741e-03
3.741240594536066055e-03
3.758449805900454521e-03
3.860824974253773689e-03
3.933331929147243500e-03
3.904160577803850174e-03
3.807127708569169044e-03
3.738615429028868675e-03
3.753206925466656685e-03
3.812991315498948097e-03
3.840549616143107414e-03
3.806310705840587616e-03
3.750680712983012199e-03
3.731283592060208321e-03
3.756633726879954338e-03
3.786203684285283089e-03
3.783097956329584122e-03
3.753021126613020897e-03
3.730669151991605759e-03
3.736120881512761116e-03
3.755883546546101570e-03
3.764006542041897774e-03
3.752108430489897728e-03
3.734772559255361557e-03
3.729503368958830833e-03
3.737897844985127449e-03
3.747302806004881859e-03
3.746563103049993515e-03
3.737140214070677757e-03
3.729020943865180016e-03
3.729076357558369637e-03
3.734839614480733871e-03
3.738844767212867737e-03
3.736940212547779083e-03
3.731528297066688538e-03
3.727836767211556435e-03
3.728474024683237076e-03
3.731606062501668930e-03
3.733597462996840477e-03
3.732567420229315758e-03
3.729671705514192581e-03
3.727459814399480820e-03
3.727443516254425049e-03
3.728987416252493858e-03
3.730295225977897644e-03
3.730159252882003784e-03
3.728810232132673264e-03
3.727403469383716583e-03
3.726905910298228264e-03
3.727401839569211006e-03
3.728242125362157822e-03
3.728666575625538826e-03
3.728395327925682068e-03
3.727728733792901039e-03
3.727227216586470604e-03
3.727264469489455223e-03
3.727841423824429512e-03
3.728680312633514404e-03
3.729511285200715065e-03
3.730331547558307648e-03
3.731378819793462753e-03
3.733069403097033501e-03
3.735866397619247437e-03
3.740215906873345375e-03
3.746717702597379684e-03
3.756143618375062943e-03
3.769933478906750679e-03
3.789856564253568649e-03
3.818913595750927925e-03
3.859470831230282784e-03
3.914693836122751236e-03
3.982152324169874191e-03
4.056503996253013611e-03
4.115717019885778427e-03
4.138143733143806458e-03
4.095526412129402161e-03
3.998406697064638138e-03
3.877194831147789955e-03
3.783689113333821297e-03
3.745108842849731445e-03
3.758606268092989922e-03
3.799413563683629036e-03
3.838544944301247597e-03
3.856239374727010727e-03
3.843920538201928139e-03
3.809476736932992935e-03
3.768103430047631264e-03
3.738662693649530411e-03
3.732601879164576530e-03
3.748062532395124435e-03
3.771424060687422752e-03
3.785586915910243988e-03
3.781227394938468933e-03
3.761071711778640747e-03
3.738048020750284195e-03
3.725086571648716927e-03
3.726944327354431152e-03
3.738392377272248268e-03
3.749497467651963234e-03
3.752795746549963951e-03
3.747125389054417610e-03
3.737076418474316597e-03
3.728577401489019394e-03
3.725232323631644249e-03
3.726846072822809219e-03
3.730696160346269608e-03
3.733814926818013191e-03
3.734572557732462883e-03
3.733045887202024460e-03
3.730254713445901871e-03
3.727454459294676781e-03
3.725481219589710236e-03
3.724650479853153229e-03
3.724823473021388054e-03
3.725600196048617363e-03
3.726499387994408607e-03
3.727037226781249046e-03
3.726952942088246346e-03
3.726188559085130692e-03
3.724998561665415764e-03
3.723755478858947754e-03
3.722867928445339203e-03
3.722548251971602440e-03
3.722781781107187271e-03
3.723314031958580017e-03
3.723851405084133148e-03
3.724118229001760483e-03
3.723993664607405663e-03
3.723536385223269463e-03
3.722882363945245743e-03
3.722248133271932602e-03
3.721782006323337555e-03
3.721573390066623688e-03
3.721579210832715034e-03
3.721738699823617935e-03
3.721929155290126801e-03
3.722067456692457199e-03
3.722093300893902779e-03
3.722007619217038155e-03
3.721820423379540443e-03
3.721567103639245033e-03
3.721311455592513084e-03
3.721072338521480560e-03
3.720886306837201118e-03
3.720754059031605721e-03
3.720667678862810135e-03
3.720627631992101669e-03
3.720613429322838783e-03
3.720607841387391090e-03
3.720594337210059166e-03
3.720576409250497818e-03
3.720546141266822815e-03
3.720503998920321465e-03
3.720435313880443573e-03
3.720365697517991066e-03
3.720285603776574135e-03
3.720192238688468933e-03
3.720097243785858154e-03
3.719999920576810837e-03
3.719907021149992943e-03
3.719814820215106010e-03
3.719731234014034271e-03
3.719647647812962532e-03
3.719579661265015602e-03
3.719512838870286942e-03
3.719461616128683090e-03
3.719421802088618279e-03
3.719407599419355392e-03
3.719404572620987892e-03
3.719445085152983665e-03
3.719519823789596558e-03
3.719662316143512726e-03
3.719905158504843712e-03
3.720298875123262405e-03
3.720925189554691315e-03
3.721886547282338142e-03
3.723383648321032524e-03
3.725698217749595642e-03
3.729264019057154655e-03
3.734781872481107712e-03
3.743292065337300301e-03
3.756302176043391228e-03
3.775724442675709724e-03
3.803814062848687172e-03
3.841638332232832909e-03
3.888263832777738571e-03
3.934917040169239044e-03
3.968393430113792419e-03
3.964967094361782074e-03
3.917949739843606949e-03
3.836246905848383904e-03
3.759623970836400986e-03
3.724138485267758369e-03
3.739230800420045853e-03
3.781606443226337433e-03
3.814166411757469177e-03
3.813699353486299515e-03
3.781982697546482086e-03
3.745145630091428757e-03
3.728426061570644379e-03
3.738826140761375427e-03
3.762387670576572418e-03
3.778379410505294800e-03
3.775908378884196281e-03
3.760254709050059319e-03
3.746655769646167755e-03
3.746837610378861427e-03
3.760211868211627007e-03
3.776770085096359253e-03
3.786416724324226379e-03
3.786769928410649300e-03
3.783093066886067390e-03
3.782929154112935066e-03
3.789585316553711891e-03
3.800550475716590881e-03
3.809005720540881157e-03
3.810689318925142288e-03
3.804380772635340691e-03
3.794290591031312943e-03
3.783859545364975929e-03
3.775235963985323906e-03
3.767167450860142708e-03
3.757758531719446182e-03
3.746329108253121376e-03
3.734253579750657082e-03
3.724142210558056831e-03
3.718086285516619682e-03
3.716476727277040482e-03
3.718022955581545830e-03
3.720810636878013611e-03
3.723380388692021370e-03
3.725244663655757904e-03
3.726667957380414009e-03
3.728159703314304352e-03
3.729970660060644150e-03
3.731963457539677620e-03
3.733624238520860672e-03
3.734550438821315765e-03
3.734488505870103836e-03
3.733656834810972214e-03
3.732325509190559387e-03
3.730952972546219826e-03
3.729766467586159706e-03
3.728901501744985580e-03
3.728273091837763786e-03
3.727739676833152771e-03
3.727173432707786560e-03
3.726522438228130341e-03
3.725831629708409309e-03
3.725204383954405785e-03
3.724738024175167084e-03
3.724521026015281677e-03
3.724602982401847839e-03
3.725020214915275574e-03
3.725747345015406609e-03
3.726796479895710945e-03
3.728158073499798775e-03
3.729932708665728569e-03
3.732167184352874756e-03
3.735057776793837547e-03
3.738773055374622345e-03
3.743563313037157059e-03
3.749633906409144402e-03
3.757321042940020561e-03
3.766842419281601906e-03
3.778486745432019234e-03
3.792231669649481773e-03
3.807935165241360664e-03
3.824722021818161011e-03
3.841203171759843826e-03
3.854935290291905403e-03
3.863058984279632568e-03
3.862318117171525955e-03
3.850881475955247879e-03
3.828749526292085648e-03
3.799337428063154221e-03
3.767968388274312019e-03
3.740983316674828529e-03
3.722899360582232475e-03
3.715530969202518463e-03
3.717598970979452133e-03
3.725786227732896805e-03
3.736048936843872070e-03
3.744824789464473724e-03
3.749579191207885742e-03
3.749364521354436874e-03
3.744598943740129471e-03
3.736864542588591576e-03
3.728296607732772827e-03
3.720865352079272270e-03
3.715917235240340233e-03
3.713894402608275414e-03
3.714498132467269897e-03
3.716901643201708794e-03
3.720080945640802383e-03
3.723121015354990959e-03
3.725339192897081375e-03
3.726389491930603981e-03
3.726228605955839157e-03
3.725013695657253265e-03
3.723080269992351532e-03
3.720806213095784187e-03
3.718561260029673576e-03
3.716657636687159538e-03
3.715271130204200745e-03
3.714482532814145088e-03
3.714303951710462570e-03
3.714657854288816452e-03
3.715469501912593842e-03
3.716634819284081459e-03
3.718127729371190071e-03
3.719890723004937172e-03
3.721988527104258537e-03
3.724461887031793594e-03
3.727485192939639091e-03
3.731229342520236969e-03
3.736064070835709572e-03
3.742295317351818085e-03
3.750468604266643524e-03
3.760979278013110161e-03
3.774490673094987869e-03
3.791150404140353203e-03
3.810838563367724419e-03
3.831974463537335396e-03
3.851552493870258331e-03
3.864484140649437904e-03
3.864865517243742943e-03
3.848872147500514984e-03
3.817607881501317024e-03
3.779134480282664299e-03
3.745421767234802246e-03
3.726223018020391464e-03
3.724616020917892456e-03
3.735962789505720139e-03
3.751307027414441109e-03
3.761526895686984062e-03
3.761842846870422363e-03
3.751675598323345184e-03
3.736182814463973045e-03
3.721705637872219086e-03
3.713685087859630585e-03
3.713645040988922119e-03
3.719203174114227295e-03
3.725961782038211823e-03
3.729906165972352028e-03
3.729222109541296959e-03
3.724546171724796295e-03
3.718344261869788170e-03
3.713308600708842278e-03
3.711201483383774757e-03
3.712174948304891586e-03
3.715166589245200157e-03
3.718634368851780891e-03
3.721319371834397316e-03
3.722659545019268990e-03
3.722854424268007278e-03
3.722722874954342842e-03
3.723270958289504051e-03
3.725437214598059654e-03
3.729867981746792793e-03
3.736930200830101967e-03
3.746808040887117386e-03
3.759811399504542351e-03
3.776220371946692467e-03
3.796770470216870308e-03
3.821725957095623016e-03
3.851374378427863121e-03
3.884107340127229691e-03
3.916719928383827209e-03
3.942400217056274414e-03
3.952519036829471588e-03
3.938702866435050964e-03
3.898041322827339172e-03
3.837904660031199455e-03
3.774610813707113266e-03
3.727145260199904442e-03
3.707271302118897438e-03
3.714859019964933395e-03
3.739544190466403961e-03
3.766685724258422852e-03
3.783407388255000114e-03
3.783042076975107193e-03
3.766813548281788826e-03
3.742471337318420410e-03
3.720168722793459892e-03
3.707608208060264587e-03
3.706996329128742218e-03
3.715215483680367470e-03
3.726223483681678772e-03
3.734200261533260345e-03
3.735753241926431656e-03
3.730852389708161354e-03
3.722106339409947395e-03
3.713253187015652657e-03
3.707357915118336678e-03
3.705713432282209396e-03
3.707777708768844604e-03
3.711746772751212120e-03
3.715556580573320389e-03
3.717659972608089447e-03
3.717448096722364426e-03
3.715188708156347275e-03
3.711837111040949821e-03
3.708475269377231598e-03
3.705994924530386925e-03
3.704810980707406998e-03
3.704883158206939697e-03
3.705795621499419212e-03
3.707025200128555298e-03
3.708072472363710403e-03
3.708619857206940651e-03
3.708563046529889107e-03
3.707958851009607315e-03
3.707011230289936066e-03
3.705946495756506920e-03
3.704986302182078362e-03
3.704274771735072136e-03
3.703907597810029984e-03
3.703888738527894020e-03
3.704193513840436935e-03
3.704791655763983727e-03
3.705681301653385162e-03
3.706906223669648170e-03
3.708634525537490845e-03
3.711159573867917061e-03
3.714991733431816101e-03
3.720974083989858627e-03
3.730302443727850914e-03
3.744696499779820442e-03
3.766224486753344536e-03
3.796597011387348175e-03
3.835855517536401749e-03
3.879033494740724564e-03
3.916010260581970215e-03
3.928115125745534897e-03
3.904435550794005394e-03
3.845620434731245041e-03
3.778784535825252533e-03
3.736797021701931953e-03
3.736441722139716148e-03
3.765966510400176048e-03
3.795668715611100197e-03
3.800324862822890282e-03
3.774804528802633286e-03
3.736948827281594276e-03
3.710429416969418526e-03
3.707767929881811142e-03
3.722761524841189384e-03
3.738308791071176529e-03
3.740927437320351601e-03
3.729039337486028671e-03
3.713043872267007828e-03
3.704610513523221016e-03
3.707928117364645004e-03
3.717704908922314644e-03
3.724921960383653641e-03
3.724273992702364922e-03
3.717030398547649384e-03
3.708972595632076263e-03
3.705212147906422615e-03
3.706863382831215858e-03
3.711121156811714172e-03
3.713949816301465034e-03
3.713133046403527260e-03
3.709333017468452454e-03
3.705065930262207985e-03
3.702640766277909279e-03
3.702752990648150444e-03
3.704461967572569847e-03
3.706114599481225014e-03
3.706470131874084473e-03
3.705290379002690315e-03
3.703334135934710503e-03
3.701629815623164177e-03
3.700906410813331604e-03
3.701214445754885674e-03
3.702121321111917496e-03
3.703017486259341240e-03
3.703492926433682442e-03
3.703442635014653206e-03
3.703059395775198936e-03
3.702720161527395248e-03
3.702768590301275253e-03
3.703415626659989357e-03
3.704745322465896606e-03
3.706775140017271042e-03
3.709547920152544975e-03
3.713252255693078041e-03
3.718255087733268738e-03
3.725260263308882713e-03
3.735200501978397369e-03
3.749581752344965935e-03
3.770081792026758194e-03
3.799097379669547081e-03
3.838747274130582809e-03
3.890866646543145180e-03
3.954005427658557892e-03
4.022143315523862839e-03
4.079286940395832062e-03
4.104024264961481094e-03
4.072915297001600266e-03
3.985397983342409134e-03
3.866130486130714417e-03
3.764202119782567024e-03
3.716375213116407394e-03
3.728438168764114380e-03
3.774532349780201912e-03
3.817031625658273697e-03
3.827485488727688789e-03
3.801651997491717339e-03
3.758583683520555496e-03
3.725078655406832695e-03
3.717282321304082870e-03
3.731271717697381973e-03
3.749835072085261345e-03
3.756034886464476585e-03
3.744873218238353729e-03
3.724163165315985680e-03
3.707736497744917870e-03
3.704490605741739273e-03
3.712973790243268013e-03
3.724171780049800873e-03
3.728776937350630760e-03
3.723391331732273102e-03
3.711736295372247696e-03
3.701223293319344521e-03
3.697397187352180481e-03
3.700785106047987938e-03
3.707402851432561874e-03
3.712134435772895813e-03
3.711987752467393875e-03
3.707463620230555534e-03
3.701557870954275131e-03
3.697514301165938377e-03
3.696871222928166389e-03
3.698911750689148903e-03
3.701602108776569366e-03
3.703042166307568550e-03
3.702482907101511955e-03
3.700440283864736557e-03
3.698168788105249405e-03
3.696765284985303879e-03
3.696636296808719635e-03
3.697436768561601639e-03
3.698413725942373276e-03
3.698904998600482941e-03
3.698621178045868874e-03
3.697714069858193398e-03
3.696611616760492325e-03
3.695759689435362816e-03
3.695396939292550087e-03
3.695520339533686638e-03
3.695938969030976295e-03
3.696371801197528839e-03
3.696592757478356361e-03
3.696526633575558662e-03
3.696193220093846321e-03
3.695726860314607620e-03
3.695261897519230843e-03
3.694908693432807922e-03
3.694730577990412712e-03
3.694701939821243286e-03
3.694785526022315025e-03
3.694888669997453690e-03
3.694962942972779274e-03
3.694986691698431969e-03
3.694934537634253502e-03
3.694827901199460030e-03
3.694705665111541748e-03
3.694593906402587891e-03
3.694514278322458267e-03
3.694513114169239998e-03
3.694595769047737122e-03
3.694793907925486565e-03
3.695160616189241409e-03
3.695731284096837044e-03
3.696605563163757324e-03
3.697950160130858421e-03
3.700000001117587090e-03
3.703172551468014717e-03
3.708104602992534637e-03
3.715730970725417137e-03
3.727362724021077156e-03
3.744820598512887955e-03
3.769844304770231247e-03
3.803510684520006180e-03
3.843711223453283310e-03
3.884085221216082573e-03
3.911641892045736313e-03
3.913128748536109924e-03
3.882223507389426231e-03
3.830777481198310852e-03
3.784811589866876602e-03
3.765466157346963882e-03
3.774720011278986931e-03
3.793899435549974442e-03
3.798925317823886871e-03
3.778532147407531738e-03
3.741207765415310860e-03
3.707334399223327637e-03
3.693651873618364334e-03
3.701745066791772842e-03
3.719634143635630608e-03
3.732277546077966690e-03
3.731658216565847397e-03
3.721031825989484787e-03
3.710043849423527718e-03
3.706553950905799866e-03
3.710972843691706657e-03
3.717371728271245956e-03
3.719019005075097084e-03
3.713655518367886543e-03
3.704308997839689255e-03
3.696301253512501717e-03
3.693229053169488907e-03
3.694968298077583313e-03
3.698521992191672325e-03
3.700571833178400993e-03
3.699652850627899170e-03
3.696779021993279457e-03
3.694064449518918991e-03
3.693179693073034286e-03
3.694351529702544212e-03
3.696545260027050972e-03
3.698362037539482117e-03
3.698874264955520630e-03
3.698040731251239777e-03
3.696568077430129051e-03
3.695339895784854889e-03
3.694924525916576385e-03
3.695337567478418350e-03
3.696175292134284973e-03
3.696954343467950821e-03
3.697335720062255859e-03
3.697274019941687584e-03
3.696973202750086784e-03
3.696753410622477531e-03
3.696885891258716583e-03
3.697544801980257034e-03
3.698758082464337349e-03
3.700463799759745598e-03
3.702629357576370239e-03
3.705251496285200119e-03
3.708481090143322945e-03
3.712526289746165276e-03
3.717766841873526573e-03
3.724634647369384766e-03
3.733646823093295097e-03
3.745411755517125130e-03
3.760395338758826256e-03
3.779163816943764687e-03
3.801638260483741760e-03
3.827678039669990540e-03
3.855107119306921959e-03
3.881555749103426933e-03
3.901131218299269676e-03
3.909225109964609146e-03
3.899150760844349861e-03
3.870708402246236801e-03
3.826181869953870773e-03
3.776136785745620728e-03
3.731474746018648148e-03
3.702099202200770378e-03
3.691610181704163551e-03
3.697557607665657997e-03
3.713254351168870926e-03
3.730803728103637695e-03
3.743628971278667450e-03
3.747841576114296913e-03
3.743162844330072403e-03
3.731766948476433754e-03
3.717917017638683319e-03
3.705503651872277260e-03
3.697306616231799126e-03
3.694139188155531883e-03
3.695135470479726791e-03
3.698464948683977127e-03
3.702122950926423073e-03
3.704538103193044662e-03
3.704994916915893555e-03
3.703548340126872063e-03
3.700792556628584862e-03
3.697637235745787621e-03
3.694843966513872147e-03
3.692943369969725609e-03
3.692080965265631676e-03
3.692101221531629562e-03
3.692646510899066925e-03
3.693304024636745453e-03
3.693724982440471649e-03
3.693720325827598572e-03
3.693233244121074677e-03
3.692353842779994011e-03
3.691190155223011971e-03
3.689962672069668770e-03
3.688838798552751541e-03
3.687926800921559334e-03
3.687304677441716194e-03
3.686977783218026161e-03
3.686920739710330963e-03
3.687075339257717133e-03
3.687370335683226585e-03
3.687745193019509315e-03
3.688171273097395897e-03
3.688593860715627670e-03
3.689025063067674637e-03
3.689455101266503334e-03
3.689882345497608185e-03
3.690341254696249962e-03
3.690877230837941170e-03
3.691503778100013733e-03
3.692282363772392273e-03
3.693271428346633911e-03
3.694537095725536346e-03
3.696165513247251511e-03
3.698237473145127296e-03
3.700857516378164291e-03
3.704082453623414040e-03
3.707998897880315781e-03
3.712542355060577393e-03
3.717649262398481369e-03
3.722927765920758247e-03
3.727986477315425873e-03
3.732029814273118973e-03
3.734453115612268448e-03
3.734409343451261520e-03
3.731820965185761452e-03
3.726894734427332878e-03
3.720911219716072083e-03
3.715528873726725578e-03
3.712619189172983170e-03
3.713907673954963684e-03
3.720332169905304909e-03
3.732327139005064964e-03
3.749701892957091331e-03
3.771871328353881836e-03
3.798208432272076607e-03
3.826972329989075661e-03
3.856435883790254593e-03
3.882418852299451828e-03
3.900730749592185020e-03
3.906136844307184219e-03
3.895379602909088135e-03
3.869968233630061150e-03
3.833790542557835579e-03
3.796123201027512550e-03
3.763014916330575943e-03
3.739212173968553543e-03
3.724862821400165558e-03
3.717764280736446381e-03
3.715459257364273071e-03
3.716049948707222939e-03
3.718479303643107414e-03
3.722157096490263939e-03
3.726145485416054726e-03
3.728615818545222282e-03
3.727953415364027023e-03
3.722895169630646706e-03
3.713822690770030022e-03
3.702836111187934875e-03
3.692837897688150406e-03
3.686568234115839005e-03
3.685242263600230217e-03
3.688285825774073601e-03
3.693715203553438187e-03
3.699084045365452766e-03
3.702324815094470978e-03
3.702433547005057335e-03
3.699575085192918777e-03
3.694829065352678299e-03
3.689713543280959129e-03
3.685548435896635056e-03
3.683093236759305000e-03
3.682427108287811279e-03
3.683102084323763847e-03
3.684483235701918602e-03
3.685888601467013359e-03
3.686882322654128075e-03
3.687255317345261574e-03
3.687046002596616745e-03
3.686451120302081108e-03
3.685685107484459877e-03
3.684949362650513649e-03
3.684355178847908974e-03
3.683961462229490280e-03
3.683727700263261795e-03
3.683599643409252167e-03
3.683499526232481003e-03
3.683377522975206375e-03
3.683199640363454819e-03
3.682961687445640564e-03
3.682661568745970726e-03
3.682316280901432037e-03
3.681950736790895462e-03
3.681587288156151772e-03
3.681235946714878082e-03
3.680933965370059013e-03
3.680668072775006294e-03
3.680443856865167618e-03
3.680255264043807983e-03
3.680095775052905083e-03
3.679955843836069107e-03
3.679844550788402557e-03
3.679732093587517738e-03
3.679644316434860229e-03
3.679561195895075798e-03
3.679485293105244637e-03
3.679406363517045975e-03
3.679335117340087891e-03
3.679272485896945000e-03
3.679209388792514801e-03
3.679140936583280563e-03
3.679095301777124405e-03
3.679054556414484978e-03
3.679022192955017090e-03
3.679014509543776512e-03
3.679044777527451515e-03
3.679128130897879601e-03
3.679301124066114426e-03
3.679602639749646187e-03
3.680113470181822777e-03
3.680984023958444595e-03
3.682426875457167625e-03
3.684816882014274597e-03
3.688771743327379227e-03
3.695356193929910660e-03
3.706308081746101379e-03
3.724590875208377838e-03
3.754721488803625107e-03
3.803530242294073105e-03
3.879028838127851486e-03
3.987977281212806702e-03
4.124053288251161575e-03
4.261631518602371216e-03
4.340194165706634521e-03
4.324137233197689056e-03
4.220584407448768616e-03
4.126223735511302948e-03
4.098091274499893188e-03
4.098077770322561264e-03
4.036996513605117798e-03
3.889088518917560577e-03
3.747693961486220360e-03
3.735238453373312950e-03
3.843869548290967941e-03
3.935704473406076431e-03
3.895687172189354897e-03
3.763320855796337128e-03
3.681760514155030251e-03
3.718254854902625084e-03
3.794567892327904701e-03
3.804945619776844978e-03
3.746588248759508133e-03
3.701318986713886261e-03
3.712782869115471840e-03
3.738850587978959084e-03
3.731285454705357552e-03
3.703543217852711678e-03
3.697434673085808754e-03
3.715832019224762917e-03
3.724130103364586830e-03
3.705075941979885101e-03
3.682097652927041054e-03
3.682817332446575165e-03
3.701008623465895653e-03
3.709329292178153992e-03
3.697229083627462387e-03
3.681439207866787910e-03
3.679638961330056190e-03
3.688223194330930710e-03
3.692174330353736877e-03
3.686803393065929413e-03
3.680774010717868805e-03
3.681360976770520210e-03
3.685090690851211548e-03
3.684804774820804596e-03
3.680020570755004883e-03
3.676462220028042793e-03
3.677844069898128510e-03
3.681477159261703491e-03
3.682365873828530312e-03
3.679434768855571747e-03
3.676027990877628326e-03
3.675384912639856339e-03
3.677069209516048431e-03
3.678301582112908363e-03
3.677606815472245216e-03
3.676100401207804680e-03
3.675453132018446922e-03
3.675897838547825813e-03
3.676308086141943932e-03
3.675826359540224075e-03
3.674806328490376472e-03
3.674231702461838722e-03
3.674505045637488365e-03
3.675113432109355927e-03
3.675261978060007095e-03
3.674724372103810310e-03
3.673949744552373886e-03
3.673549043014645576e-03
3.673630300909280777e-03
3.673864062875509262e-03
3.673867555335164070e-03
3.673605620861053467e-03
3.673281753435730934e-03
3.673129249364137650e-03
3.673143219202756882e-03
3.673159750178456306e-03
3.673043102025985718e-03
3.672791644930839539e-03
3.672550665214657784e-03
3.672416089102625847e-03
3.672415157780051231e-03
3.672447754070162773e-03
3.672399790957570076e-03
3.672256367281079292e-03
3.672076854854822159e-03
3.671912010759115219e-03
3.671814454719424248e-03
3.671747865155339241e-03
3.671676618978381157e-03
3.671585349366068840e-03
3.671460319310426712e-03
3.671334823593497276e-03
3.671232610940933228e-03
3.671159269288182259e-03
3.671095473691821098e-03
3.671018872410058975e-03
3.670924110338091850e-03
3.670808393508195877e-03
3.670690348371863365e-03
3.670570440590381622e-03
3.670476842671632767e-03
3.670386038720607758e-03
3.670302219688892365e-03
3.670208854600787163e-03
3.670114791020750999e-03
3.670006291940808296e-03
3.669898025691509247e-03
3.669806988909840584e-03
3.669702913612127304e-03
3.669619793072342873e-03
3.669522935524582863e-03
3.669429337605834007e-03
3.669334109872579575e-03
3.669231198728084564e-03
3.669136436656117439e-03
3.669030731543898582e-03
3.668935503810644150e-03
3.668843535706400871e-03
3.668739460408687592e-03
3.668648423627018929e-03
3.668557619675993919e-03
3.668450517579913139e-03
3.668353194370865822e-03
3.668256569653749466e-03
3.668167628347873688e-03
3.668073797598481178e-03
3.667983692139387131e-03
3.667897544801235199e-03
3.667820477858185768e-03
3.667748067528009415e-03
3.667703131213784218e-03
3.667657962068915367e-03
3.667647950351238251e-03
3.667684039101004601e-03
3.667781362310051918e-03
3.667985089123249054e-03
3.668332705274224281e-03
3.668898250907659531e-03
3.669792786240577698e-03
3.671224927529692650e-03
3.673474304378032684e-03
3.677007043734192848e-03
3.682568669319152832e-03
3.691312158480286598e-03
3.705101087689399719e-03
3.726640250533819199e-03
3.760227933526039124e-03
3.811006667092442513e-03
3.885868471115827560e-03
3.987150732427835464e-03
4.111121874302625656e-03
4.227397963404655457e-03
4.287788178771734238e-03
4.231848753988742828e-03
4.058843478560447693e-03
3.853405127301812172e-03
3.730791620910167694e-03
3.737847087904810905e-03
3.816567827016115189e-03
3.869132371619343758e-03
3.841136116534471512e-03
3.767548827454447746e-03
3.721885150298476219e-03
3.735669655725359917e-03
3.770517650991678238e-03
3.770528128370642662e-03
3.727178554981946945e-03
3.684699535369873047e-03
3.684776136651635170e-03
3.718170570209622383e-03
3.740283194929361343e-03
3.723285859450697899e-03
3.685327712446451187e-03
3.664727089926600456e-03
3.676063613966107368e-03
3.698726883158087730e-03
3.704884089529514313e-03
3.689807141199707985e-03
3.671750426292419434e-03
3.668087534606456757e-03
3.677032189443707466e-03
3.684076247736811638e-03
3.680269466713070869e-03
3.670594422146677971e-03
3.665725234895944595e-03
3.669222351163625717e-03
3.675033571198582649e-03
3.675614483654499054e-03
3.670093137770891190e-03
3.663965035229921341e-03
3.662546398118138313e-03
3.665750613436102867e-03
3.669240279123187065e-03
3.669342491775751114e-03
3.666236065328121185e-03
3.663013689219951630e-03
3.662138711661100388e-03
3.663435345515608788e-03
3.664856776595115662e-03
3.664721269160509109e-03
3.663168055936694145e-03
3.661591792479157448e-03
3.661160124465823174e-03
3.661841619759798050e-03
3.662676783278584480e-03
3.662762697786092758e-03
3.661931259557604790e-03
3.660791087895631790e-03
3.660040674731135368e-03
3.659990150481462479e-03
3.660364774987101555e-03
3.660673741251230240e-03
3.660592017695307732e-03
3.660167334601283073e-03
3.659646026790142059e-03
3.659307025372982025e-03
3.659228561446070671e-03
3.659285372123122215e-03
3.659295616671442986e-03
3.659145906567573547e-03
3.658837871626019478e-03
3.658489324152469635e-03
3.658213652670383453e-03
3.658069996163249016e-03
3.658038098365068436e-03
3.658023895695805550e-03
3.657976165413856506e-03
3.657837165519595146e-03
3.657639492303133011e-03
3.657421097159385681e-03
3.657226916402578354e-03
3.657083958387374878e-03
3.656978718936443329e-03
3.656900720670819283e-03
3.656812943518161774e-03
3.656711196526885033e-03
3.656573360785841942e-03
3.656429937109351158e-03
3.656266489997506142e-03
3.656119806692004204e-03
3.655993612483143806e-03
3.655893029645085335e-03
3.655811073258519173e-03
3.655737033113837242e-03
3.655688138678669930e-03
3.655655542388558388e-03
3.655646694824099541e-03
3.655681153759360313e-03
3.655792912468314171e-03
3.656013868749141693e-03
3.656404092907905579e-03
3.657084424048662186e-03
3.658175002783536911e-03
3.659927053377032280e-03
3.662695409730076790e-03
3.667059121653437614e-03
3.673918545246124268e-03
3.684581490233540535e-03
3.700898960232734680e-03
3.725176909938454628e-03
3.759764600545167923e-03
3.805889980867505074e-03
3.861480858176946640e-03
3.920271527022123337e-03
3.969246987253427505e-03
3.997901454567909241e-03
3.996581770479679108e-03
3.972900100052356720e-03
3.930797334760427475e-03
3.875653725117444992e-03
3.807700006291270256e-03
3.735242411494255066e-03
3.681111847981810570e-03
3.666156902909278870e-03
3.692616941407322884e-03
3.738998668268322945e-03
3.773397766053676605e-03
3.773692529648542404e-03
3.739951411262154579e-03
3.694295650348067284e-03
3.662443486973643303e-03
3.656639484688639641e-03
3.670188598334789276e-03
3.687070216983556747e-03
3.695340128615498543e-03
3.692846978083252907e-03
3.684676019474864006e-03
3.676233580335974693e-03
3.669432364404201508e-03
3.663815325126051903e-03
3.659176640212535858e-03
3.656625514850020409e-03
3.657570341601967812e-03
3.661685623228549957e-03
3.666404867544770241e-03
3.668342484161257744e-03
3.665778785943984985e-03
3.659749170765280724e-03
3.653251333162188530e-03
3.649194957688450813e-03
3.648711368441581726e-03
3.650925122201442719e-03
3.653875086456537247e-03
3.655750071629881859e-03
3.655776148661971092e-03
3.654320491477847099e-03
3.652332117781043053e-03
3.650621045380830765e-03
3.649483900517225266e-03
3.648833371698856354e-03
3.648406127467751503e-03
3.648052923381328583e-03
3.647766541689634323e-03
3.647655248641967773e-03
3.647763980552554131e-03
3.648018930107355118e-03
3.648281563073396683e-03
3.648380981758236885e-03
3.648150246590375900e-03
3.647621721029281616e-03
3.646902972832322121e-03
3.646136261522769928e-03
3.645459422841668129e-03
3.644969779998064041e-03
3.644686192274093628e-03
3.644576529040932655e-03
3.644567448645830154e-03
3.644582116976380348e-03
3.644570708274841309e-03
3.644519252702593803e-03
3.644421231001615524e-03
3.644289216026663780e-03
3.644126467406749725e-03
3.643973264843225479e-03
3.643844975158572197e-03
3.643723204731941223e-03
3.643631003797054291e-03
3.643549280241131783e-03
3.643492702394723892e-03
3.643448930233716965e-03
3.643425647169351578e-03
3.643428906798362732e-03
3.643466858193278313e-03
3.643565578386187553e-03
3.643742296844720840e-03
3.644025884568691254e-03
3.644473385065793991e-03
3.645139979198575020e-03
3.646116238087415695e-03
3.647547680884599686e-03
3.649612423032522202e-03
3.652590094134211540e-03
3.656846703961491585e-03
3.662963164970278740e-03
3.671710146591067314e-03
3.684271126985549927e-03
3.702039830386638641e-03
3.727054456248879433e-03
3.761103376746177673e-03
3.806300461292266846e-03
3.862207056954503059e-03
3.927253186702728271e-03
3.991657868027687073e-03
4.044806119054555893e-03
4.065636079758405685e-03
4.044121596962213516e-03
3.974148072302341461e-03
3.873169422149658203e-03
3.771410090848803520e-03
3.700205590575933456e-03
3.677377244457602501e-03
3.696487983688712120e-03
3.734287573024630547e-03
3.764120629057288170e-03
3.769717179238796234e-03
3.748295828700065613e-03
3.710690885782241821e-03
3.674859646707773209e-03
3.655163338407874107e-03
3.656196407973766327e-03
3.671279409900307655e-03
3.688079770654439926e-03
3.695541759952902794e-03
3.689126111567020416e-03
3.672314574941992760e-03
3.653575200587511063e-03
3.641750197857618332e-03
3.640767186880111694e-03
3.648331156000494957e-03
3.658066270872950554e-03
3.663612529635429382e-03
3.661875380203127861e-03
3.653940744698047638e-03
3.644087351858615875e-03
3.636895911768078804e-03
3.634897526353597641e-03
3.637628164142370224e-03
3.642424708232283592e-03
3.646193770691752434e-03
3.646963508799672127e-03
3.644567681476473808e-03
3.640281734988093376e-03
3.636053297668695450e-03
3.633385524153709412e-03
3.632832551375031471e-03
3.633978310972452164e-03
3.635824657976627350e-03
3.637341782450675964e-03
3.637855639681220055e-03
3.637231420725584030e-03
3.635745961219072342e-03
3.633950836956501007e-03
3.632380627095699310e-03
3.631377359852194786e-03
3.631014609709382057e-03
3.631182946264743805e-03
3.631626488640904427e-03
3.632097970694303513e-03
3.632387612015008926e-03
3.632388776168227196e-03
3.632119623944163322e-03
3.631627419963479042e-03
3.631009720265865326e-03
3.630366642028093338e-03
3.629775019362568855e-03
3.629306796938180923e-03
3.628959180787205696e-03
3.628724254667758942e-03
3.628588281571865082e-03
3.628519363701343536e-03
3.628486534580588341e-03
3.628460690379142761e-03
3.628433914855122566e-03
3.628387581557035446e-03
3.628316568210721016e-03
3.628227859735488892e-03
3.628130536526441574e-03
3.628012724220752716e-03
3.627916099503636360e-03
3.627838566899299622e-03
3.627787111327052116e-03
3.627803409472107887e-03
3.627896774560213089e-03
3.628136357292532921e-03
3.628543345257639885e-03
3.629246493801474571e-03
3.630342194810509682e-03
3.632058855146169662e-03
3.634660970419645309e-03
3.638574620708823204e-03
3.644273616373538971e-03
3.652468090876936913e-03
3.663617651909589767e-03
3.678210312500596046e-03
3.695335239171981812e-03
3.713495098054409027e-03
3.728614654392004013e-03
3.736876416951417923e-03
3.734337165951728821e-03
3.721913322806358337e-03
3.704289440065622330e-03
3.691148711368441582e-03
3.690738463774323463e-03
3.707896219566464424e-03
3.740830579772591591e-03
3.782106563448905945e-03
3.822594415396451950e-03
3.852518042549490929e-03
3.868333296850323677e-03
3.868549596518278122e-03
3.857826115563511848e-03
3.836834570392966270e-03
3.804773790761828423e-03
3.760910825803875923e-03
3.708621719852089882e-03
3.660465124994516373e-03
3.629858139902353287e-03
3.624665085226297379e-03
3.641692455857992172e-03
3.668965306133031845e-03
3.692217869684100151e-03
3.700942499563097954e-03
3.693307982757687569e-03
3.674189327284693718e-03
3.652683692052960396e-03
3.636242821812629700e-03
3.627937054261565208e-03
3.626653458923101425e-03
3.629281418398022652e-03
3.633041400462388992e-03
3.636502427980303764e-03
3.639268921688199043e-03
3.641083370894193649e-03
3.641438903287053108e-03
3.639772767201066017e-03
3.635832574218511581e-03
3.630255581811070442e-03
3.624357050284743309e-03
3.619662951678037643e-03
3.617200069129467010e-03
3.617187030613422394e-03
3.618976566940546036e-03
3.621481824666261673e-03
3.623679513111710548e-03
3.624920500442385674e-03
3.625025041401386261e-03
3.624251112341880798e-03
3.623013617470860481e-03
3.621672047302126884e-03
3.620478557422757149e-03
3.619471332058310509e-03
3.618585411459207535e-03
3.617730690166354179e-03
3.616840112954378128e-03
3.615930210798978806e-03
3.615071764215826988e-03
3.614336950704455376e-03
3.613793291151523590e-03
3.613454755395650864e-03
3.613321343436837196e-03
3.613314125686883926e-03
3.613379085436463356e-03
3.613478504121303558e-03
3.613570705056190491e-03
3.613637294620275497e-03
3.613714594393968582e-03
3.613822627812623978e-03
3.614001441746950150e-03
3.614295274019241333e-03
3.614770015701651573e-03
3.615499008446931839e-03
3.616611007601022720e-03
3.618242451921105385e-03
3.620629198849201202e-03
3.624065546318888664e-03
3.629043465480208397e-03
3.636248176917433739e-03
3.646693658083677292e-03
3.661837428808212280e-03
3.683746326714754105e-03
3.715015947818756104e-03
3.758784616366028786e-03
3.817775519564747810e-03
3.892807755619287491e-03
3.978576045483350754e-03
4.060092847794294357e-03
4.109829664230346680e-03
4.095097072422504425e-03
4.001144319772720337e-03
3.849975764751434326e-03
3.703978843986988068e-03
3.623433411121368408e-03
3.629523562267422676e-03
3.693736391142010689e-03
3.762278938665986061e-03
3.788218600675463676e-03
3.757502185180783272e-03
3.692450933158397675e-03
3.634358057752251625e-03
3.613956971094012260e-03
3.632850013673305511e-03
3.668008372187614441e-03
3.690372454002499580e-03
3.684873925521969795e-03
3.656378015875816345e-03
3.624641802161931992e-03
3.608015365898609161e-03
3.612142987549304962e-03
3.628769423812627792e-03
3.643524833023548126e-03
3.646168159320950508e-03
3.635682165622711182e-03
3.619693918153643608e-03
3.607750870287418365e-03
3.605271922424435616e-03
3.610962536185979843e-03
3.619044320657849312e-03
3.623636905103921890e-03
3.621993120759725571e-03
3.615628462284803391e-03
3.608447732403874397e-03
3.604117548093199730e-03
3.604002529755234718e-03
3.606917336583137512e-03
3.610358573496341705e-03
3.612061962485313416e-03
3.611190710216760635e-03
3.608338534832000732e-03
3.605071688070893288e-03
3.602757351472973824e-03
3.602084238082170486e-03
3.602816490456461906e-03
3.604162484407424927e-03
3.605223726481199265e-03
3.605441655963659286e-03
3.604751080274581909e-03
3.603457240387797356e-03
3.602065611630678177e-03
3.600988071411848068e-03
3.600462805479764938e-03
3.600453026592731476e-03
3.600754076614975929e-03
3.601119155064225197e-03
3.601319622248411179e-03
3.601251635700464249e-03
3.600907512009143829e-03
3.600365016609430313e-03
3.599761752411723137e-03
3.599203424528241158e-03
3.598781069740653038e-03
3.598490264266729355e-03
3.598345443606376648e-03
3.598274197429418564e-03
3.598246024921536446e-03
3.598203882575035095e-03
3.598143113777041435e-03
3.598008304834365845e-03
3.597830887883901596e-03
3.597604576498270035e-03
3.597354516386985779e-03
3.597078844904899597e-03
3.596811322495341301e-03
3.596542635932564735e-03
3.596288850530982018e-03
3.596042515709996223e-03
3.595829475671052933e-03
3.595614805817604065e-03
3.595423651859164238e-03
3.595230635255575180e-03
3.595049493014812469e-03
3.594876034185290337e-03
3.594708861783146858e-03
3.594541456550359726e-03
3.594387555494904518e-03
3.594246692955493927e-03
3.594124224036931992e-03
3.594022011384367943e-03
3.593969391658902168e-03
3.593983594328165054e-03
3.594117006286978722e-03
3.594436682760715485e-03
3.595081856474280357e-03
3.596248570829629898e-03
3.598326817154884338e-03
3.601931035518646240e-03
3.608145052567124367e-03
3.618773538619279861e-03
3.636752255260944366e-03
3.666691947728395462e-03
3.714872989803552628e-03
3.788130125030875206e-03
3.888437990099191666e-03
4.004044923931360245e-03
4.097501281648874283e-03
4.118920769542455673e-03
4.048740025609731674e-03
3.946316894143819809e-03
3.915777895599603653e-03
3.991402685642242432e-03
4.075755365192890167e-03
4.038767889142036438e-03
3.851047484204173088e-03
3.656361252069473267e-03
3.605688922107219696e-03
3.688493743538856506e-03
3.767373273149132729e-03
3.753025550395250320e-03
3.689244156703352928e-03
3.665684023872017860e-03
3.692163852974772453e-03
3.699781605973839760e-03
3.652941202744841576e-03
3.600766649469733238e-03
3.604394849389791489e-03
3.649868071079254150e-03
3.672827733680605888e-03
3.647373756393790245e-03
3.611989784985780716e-03
3.606181358918547630e-03
3.619116265326738358e-03
3.618654329329729080e-03
3.602632321417331696e-03
3.595500951632857323e-03
3.607353894039988518e-03
3.619934897869825363e-03
3.615278517827391624e-03
3.599207848310470581e-03
3.589938627555966377e-03
3.593078348785638809e-03
3.598277922719717026e-03
3.596514929085969925e-03
3.591344691812992096e-03
3.590918844565749168e-03
3.595487680286169052e-03
3.597856266424059868e-03
3.593981498852372169e-03
3.587855957448482513e-03
3.585416823625564575e-03
3.587119048461318016e-03
3.588639665395021439e-03
3.587450832128524780e-03
3.585420548915863037e-03
3.585341153666377068e-03
3.587017767131328583e-03
3.587966784834861755e-03
3.586801933124661446e-03
3.584645688533782959e-03
3.583414712920784950e-03
3.583487356081604958e-03
3.583724843338131905e-03
3.583133220672607422e-03
3.582028672099113464e-03
3.581409575417637825e-03
3.581671044230461121e-03
3.582187695428729057e-03
3.582197474315762520e-03
3.581676864996552467e-03
3.581135533750057220e-03
3.580991644412279129e-03
3.581100609153509140e-03
3.581033321097493172e-03
3.580625168979167938e-03
3.580090589821338654e-03
3.579711308702826500e-03
3.579555545002222061e-03
3.579457523301243782e-03
3.579226788133382797e-03
3.578846808522939682e-03
3.578473813831806183e-03
3.578232601284980774e-03
3.578104544430971146e-03
3.577973693609237671e-03
3.577758092433214188e-03
3.577483352273702621e-03
3.577244468033313751e-03
3.577095223590731621e-03
3.577012103050947189e-03
3.576945979148149490e-03
3.576875897124409676e-03
3.576835617423057556e-03
3.576895687729120255e-03
3.577119903638958931e-03
3.577561117708683014e-03
3.578290808945894241e-03
3.579439129680395126e-03
3.581258468329906464e-03
3.584152320399880409e-03
3.588724182918667793e-03
3.595949150621891022e-03
3.607263555750250816e-03
3.625122131779789925e-03
3.652915125712752342e-03
3.696233266964554787e-03
3.761305706575512886e-03
3.856789553537964821e-03
3.983941394835710526e-03
4.136518109589815140e-03
4.270927514880895615e-03
4.324811045080423355e-03
4.223959520459175110e-03
3.982253372669219971e-03
3.718838328495621681e-03
3.583471523597836494e-03
3.626046003773808479e-03
3.764121793210506439e-03
3.863468067720532417e-03
3.841204568743705750e-03
3.723116125911474228e-03
3.610413521528244019e-03
3.582884790375828743e-03
3.636123845353722572e-03
3.701659152284264565e-03
3.715656697750091553e-03
3.669512225314974785e-03
3.606577171012759209e-03
3.577147144824266434e-03
3.594174049794673920e-03
3.630178282037377357e-03
3.647625911980867386e-03
3.631278173997998238e-03
3.597207367420196533e-03
3.573843277990818024e-03
3.576255869120359421e-03
3.595447866246104240e-03
3.610141575336456299e-03
3.606749465689063072e-03
3.589112078770995140e-03
3.572594607248902321e-03
3.568996675312519073e-03
3.577531781047582626e-03
3.587751649320125580e-03
3.589839907363057137e-03
3.582576755434274673e-03
3.572502406314015388e-03
3.567164763808250427e-03
3.568882588297128677e-03
3.574174828827381134e-03
3.577694529667496681e-03
3.576630726456642151e-03
3.572216024622321129e-03
3.567787120118737221e-03
3.565920284017920494e-03
3.566837869584560394e-03
3.568893065676093102e-03
3.570172004401683807e-03
3.569773165509104729e-03
3.568040672689676285e-03
3.565993392840027809e-03
3.564603859558701515e-03
3.564263926818966866e-03
3.564722137525677681e-03
3.565404796972870827e-03
3.565726103261113167e-03
3.565385006368160248e-03
3.564462764188647270e-03
3.563354723155498505e-03
3.562501864507794380e-03
3.562161466106772423e-03
3.562286263331770897e-03
3.562580561265349388e-03
3.562721423804759979e-03
3.562526777386665344e-03
3.562014317139983177e-03
3.561365650966763496e-03
3.560793120414018631e-03
3.560403129085898399e-03
3.560235025361180305e-03
3.560176352038979530e-03
3.560124896466732025e-03
3.560027806088328362e-03
3.559825476258993149e-03
3.559544915333390236e-03
3.559198696166276932e-03
3.558858064934611320e-03
3.558533731848001480e-03
3.558241529390215874e-03
3.558008000254631042e-03
3.557818010449409485e-03
3.557653399184346199e-03
3.557490883395075798e-03
3.557311836630105972e-03
3.557110205292701721e-03
3.556868759915232658e-03
3.556605661287903786e-03
3.556346986442804337e-03
3.556080162525177002e-03
3.555828239768743515e-03
3.555585397407412529e-03
3.555355127900838852e-03
3.555135801434516907e-03
3.554910654202103615e-03
3.554691560566425323e-03
3.554487135261297226e-03
3.554267575964331627e-03
3.554056631401181221e-03
3.553838701918721199e-03
3.553616348654031754e-03
3.553407266736030579e-03
3.553173271939158440e-03
3.552953479811549187e-03
3.552726935595273972e-03
3.552488517016172409e-03
3.552267793565988541e-03
3.552038222551345825e-03
3.551818663254380226e-03
3.551597474142909050e-03
3.551366971805691719e-03
3.551156958565115929e-03
3.550941124558448792e-03
3.550735767930746078e-03
3.550525056198239326e-03
3.550339723005890846e-03
3.550164634361863136e-03
3.550017951056361198e-03
3.549900138750672340e-03
3.549840766936540604e-03
3.549861023202538490e-03
3.549993271008133888e-03
3.550320398062467575e-03
3.550926689058542252e-03
3.551976522430777550e-03
3.553731134161353111e-03
3.556612879037857056e-03
3.561304183676838875e-03
3.568959655240178108e-03
3.581332974135875702e-03
3.601483535021543503e-03
3.633904969319701195e-03
3.686046926304697990e-03
3.766916459426283836e-03
3.888978855684399605e-03
4.055020865052938461e-03
4.254615865647792816e-03
4.422036465257406235e-03
4.461445845663547516e-03
4.280827008187770844e-03
3.938486333936452866e-03
3.641646821051836014e-03
3.571182256564497948e-03
3.710321849212050438e-03
3.876301692798733711e-03
3.898662747815251350e-03
3.763836575672030449e-03
3.613539971411228180e-03
3.580655204132199287e-03
3.655356122180819511e-03
3.723680041730403900e-03
3.702637506648898125e-03
3.622237592935562134e-03
3.570989938452839851e-03
3.589324653148651123e-03
3.634159918874502182e-03
3.641863120719790459e-03
3.602560609579086304e-03
3.561921417713165283e-03
3.560653189197182655e-03
3.588407998904585838e-03
3.604362718760967255e-03
3.587641054764389992e-03
3.557571442797780037e-03
3.545884741470217705e-03
3.559322562068700790e-03
3.576628165319561958e-03
3.575959475710988045e-03
3.558411262929439545e-03
3.542957128956913948e-03
3.543493105098605156e-03
3.554928814992308617e-03
3.562036901712417603e-03
3.556924639269709587e-03
3.545651677995920181e-03
3.539530793204903603e-03
3.542522666975855827e-03
3.548841690644621849e-03
3.550729947164654732e-03
3.546397900208830833e-03
3.540529403835535049e-03
3.538379678502678871e-03
3.540583653375506401e-03
3.543549450114369392e-03
3.543732222169637680e-03
3.540968289598822594e-03
3.537906566634774208e-03
3.536988748237490654e-03
3.538209944963455200e-03
3.539631143212318420e-03
3.539566416293382645e-03
3.537962911650538445e-03
3.536154748871922493e-03
3.535406431183218956e-03
3.535849275067448616e-03
3.536631586030125618e-03
3.536773845553398132e-03
3.536017145961523056e-03
3.534875111654400826e-03
3.534070681780576706e-03
3.533940762281417847e-03
3.534201532602310181e-03
3.534378018230199814e-03
3.534147748723626137e-03
3.533565904945135117e-03
3.532934002578258514e-03
3.532528411597013474e-03
3.532404545694589615e-03
3.532411996275186539e-03
3.532340750098228455e-03
3.532076720148324966e-03
3.531669499352574348e-03
3.531254595145583153e-03
3.530957736074924469e-03
3.530790330842137337e-03
3.530681366100907326e-03
3.530550282448530197e-03
3.530324436724185944e-03
3.530018031597137451e-03
3.529698355123400688e-03
3.529396839439868927e-03
3.529164940118789673e-03
3.528988221660256386e-03
3.528828499838709831e-03
3.528637113049626350e-03
3.528417553752660751e-03
3.528164234012365341e-03
3.527905093505978584e-03
3.527652472257614136e-03
3.527422435581684113e-03
3.527201479300856590e-03
3.527008695527911186e-03
3.526813816279172897e-03
3.526599146425724030e-03
3.526367945596575737e-03
3.526131156831979752e-03
3.525895997881889343e-03
3.525657579302787781e-03
3.525441512465476990e-03
3.525225678458809853e-03
3.525022417306900024e-03
3.524808213114738464e-03
3.524598199874162674e-03
3.524375613778829575e-03
3.524166997522115707e-03
3.523934166878461838e-03
3.523706924170255661e-03
3.523484105244278908e-03
3.523261286318302155e-03
3.523043589666485786e-03
3.522829618304967880e-03
3.522619837895035744e-03
3.522405633702874184e-03
3.522201906889677048e-03
3.521987004205584526e-03
3.521772800013422966e-03
3.521562553942203522e-03
3.521359758451581001e-03
3.521161619573831558e-03
3.520972793921828270e-03
3.520792117342352867e-03
3.520643105730414391e-03
3.520521800965070724e-03
3.520444966852664948e-03
3.520454047247767448e-03
3.520586760714650154e-03
3.520906902849674225e-03
3.521548351272940636e-03
3.522685263305902481e-03
3.524659434333443642e-03
3.528004046529531479e-03
3.533617593348026276e-03
3.543019760400056839e-03
3.558694850653409958e-03
3.584772581234574318e-03
3.627692814916372299e-03
3.697331994771957397e-03
3.805965185165405273e-03
3.965506795793771744e-03
4.172343760728836060e-03
4.386276006698608398e-03
4.507828038185834885e-03
4.421976394951343536e-03
4.121520556509494781e-03
3.779235295951366425e-03
3.618054091930389404e-03
3.688981290906667709e-03
3.837703494355082512e-03
3.870296524837613106e-03
3.754222067072987556e-03
3.629276994615793228e-03
3.617409616708755493e-03
3.683394286781549454e-03
3.702999325469136238e-03
3.636744106188416481e-03
3.567100036889314651e-03
3.576548770070075989e-03
3.632756881415843964e-03
3.641024231910705566e-03
3.580776043236255646e-03
3.525236155837774277e-03
3.538494929671287537e-03
3.587985644116997719e-03
3.598089097067713737e-03
3.555944422259926796e-03
3.517420729622244835e-03
3.525171428918838501e-03
3.554745111614465714e-03
3.559509990736842155e-03
3.536089556291699409e-03
3.518427489325404167e-03
3.525298088788986206e-03
3.538323799148201942e-03
3.534977091476321220e-03
3.520284080877900124e-03
3.514489857479929924e-03
3.522689221426844597e-03
3.530117683112621307e-03
3.525210311636328697e-03
3.514405572786927223e-03
3.510792274028062820e-03
3.516223281621932983e-03
3.521169768646359444e-03
3.518877318128943443e-03
3.513042349368333817e-03
3.510856768116354942e-03
3.513227449730038643e-03
3.515098942443728447e-03
3.513215575367212296e-03
3.509926144033670425e-03
3.509092843160033226e-03
3.510941052809357643e-03
3.512327093631029129e-03
3.511147107928991318e-03
3.508689114823937416e-03
3.507470712065696716e-03
3.508104942739009857e-03
3.509000176563858986e-03
3.508681664243340492e-03
3.507467219606041908e-03
3.506666980683803558e-03
3.506842767819762230e-03
3.507264656946063042e-03
3.507033456116914749e-03
3.506151493638753891e-03
3.505351720377802849e-03
3.505157539620995522e-03
3.505376167595386505e-03
3.505423665046691895e-03
3.505040658637881279e-03
3.504498861730098724e-03
3.504172898828983307e-03
3.504125867038965225e-03
3.504103748127818108e-03
3.503869986161589622e-03
3.503431566059589386e-03
3.503031563013792038e-03
3.502818057313561440e-03
3.502717241644859314e-03
3.502602456137537956e-03
3.502356121316552162e-03
3.502050181850790977e-03
3.501779166981577873e-03
3.501605242490768433e-03
3.501477418467402458e-03
3.501313272863626480e-03
3.501070663332939148e-03
3.500809427350759506e-03
3.500562626868486404e-03
3.500375198200345039e-03
3.500210121273994446e-03
3.500016639009118080e-03
3.499790327623486519e-03
3.499554004520177841e-03
3.499325830489397049e-03
3.499125130474567413e-03
3.498934442177414894e-03
3.498745383694767952e-03
3.498538164421916008e-03
3.498322097584605217e-03
3.498115343973040581e-03
3.497920697554945946e-03
3.497754689306020737e-03
3.497586818411946297e-03
3.497429657727479935e-03
3.497277153655886650e-03
3.497162135317921638e-03
3.497094381600618362e-03
3.497097175568342209e-03
3.497213358059525490e-03
3.497488331049680710e-03
3.498027333989739418e-03
3.498970996588468552e-03
3.500567749142646790e-03
3.503224346786737442e-03
3.507579211145639420e-03
3.514741314575076103e-03
3.526446875184774399e-03
3.545655403286218643e-03
3.576784161850810051e-03
3.627220168709754944e-03
3.706088289618492126e-03
3.825551597401499748e-03
3.988358192145824432e-03
4.182438366115093231e-03
4.339310806244611740e-03
4.363987129181623459e-03
4.169253632426261902e-03
3.834244795143604279e-03
3.565624821931123734e-03
3.524886909872293472e-03
3.669302677735686302e-03
3.814589232206344604e-03
3.815429983660578728e-03
3.683847840875387192e-03
3.556717187166213989e-03
3.534808056429028511e-03
3.594561712816357613e-03
3.645008429884910583e-03
3.633634187281131744e-03
3.582871053367853165e-03
3.541874699294567108e-03
3.533137729391455650e-03
3.545252839103341103e-03
3.558442695066332817e-03
3.560568206012248993e-03
3.548395819962024689e-03
3.527264343574643135e-03
3.510310314595699310e-03
3.510210430249571800e-03
3.524338593706488609e-03
3.535022959113121033e-03
3.527672262862324715e-03
3.507171757519245148e-03
3.493126714602112770e-03
3.497330704703927040e-03
3.511466551572084427e-03
3.517868928611278534e-03
3.509180154651403427e-03
3.494772128760814667e-03
3.488402115181088448e-03
3.493489464744925499e-03
3.501615021377801895e-03
3.503354964777827263e-03
3.497653407976031303e-03
3.490751376375555992e-03
3.488352755084633827e-03
3.490466391667723656e-03
3.493125550448894501e-03
3.493350464850664139e-03
3.491439623758196831e-03
3.489375580102205276e-03
3.488329704850912094e-03
3.487963229417800903e-03
3.487626789137721062e-03
3.487291978672146797e-03
3.487288486212491989e-03
3.487510839477181435e-03
3.487368347123265266e-03
3.486445406451821327e-03
3.485103603452444077e-03
3.484171582385897636e-03
3.484149696305394173e-03
3.484738990664482117e-03
3.485150402411818504e-03
3.484838642179965973e-03
3.483934095129370689e-03
3.482995554804801941e-03
3.482502652332186699e-03
3.482481697574257851e-03
3.482625121250748634e-03
3.482616739347577095e-03
3.482352243736386299e-03
3.481962950900197029e-03
3.481597406789660454e-03
3.481304273009300232e-03
3.481038380414247513e-03
3.480755491182208061e-03
3.480492625385522842e-03
3.480279352515935898e-03
3.480146173387765884e-03
3.480023238807916641e-03
3.479856997728347778e-03
3.479599487036466599e-03
3.479270497336983681e-03
3.478939179331064224e-03
3.478678409010171890e-03
3.478482365608215332e-03
3.478310070931911469e-03
3.478143829852342606e-03
3.477952908724546432e-03
3.477733815088868141e-03
3.477505873888731003e-03
3.477287711575627327e-03
3.477067919448018074e-03
3.476851852610707283e-03
3.476615063846111298e-03
3.476386191323399544e-03
3.476142184808850288e-03
3.475922392681241035e-03
3.475710982456803322e-03
3.475505858659744263e-03
3.475305158644914627e-03
3.475108882412314415e-03
3.474891651421785355e-03
3.474677447229623795e-03
3.474457655102014542e-03
3.474250435829162598e-03
3.474039956927299500e-03
3.473832504823803902e-03
3.473617369309067726e-03
3.473399672657251358e-03
3.473184071481227875e-03
3.472967073321342468e-03
3.472753567621111870e-03
3.472538199275732040e-03
3.472320735454559326e-03
3.472114680334925652e-03
3.471901407465338707e-03
3.471683012321591377e-03
3.471477888524532318e-03
3.471264615654945374e-03
3.471056930720806122e-03
3.470853902399539948e-03
3.470649942755699158e-03
3.470462281256914139e-03
3.470266005024313927e-03
3.470091149210929871e-03
3.469941671937704086e-03
3.469804767519235611e-03
3.469721879810094833e-03
3.469710471108555794e-03
3.469800576567649841e-03
3.470049705356359482e-03
3.470556112006306648e-03
3.471484407782554626e-03
3.473082091659307480e-03
3.475797595456242561e-03
3.480343846604228020e-03
3.487932262942194939e-03
3.500569611787796021e-03
3.521707840263843536e-03
3.556655254215002060e-03
3.614480374380946159e-03
3.706921357661485672e-03
3.850974142551422119e-03
4.053421784192323685e-03
4.305230453610420227e-03
4.522516392171382904e-03
4.574283026158809662e-03
4.330153577029705048e-03
3.880843752995133400e-03
3.527341177687048912e-03
3.505709581077098846e-03
3.737355116754770279e-03
3.928031306713819504e-03
3.869123524054884911e-03
3.634226275607943535e-03
3.478431841358542442e-03
3.532267175614833832e-03
3.675950691103935242e-03
3.715781494975090027e-03
3.610308282077312469e-03
3.492539282888174057e-03
3.486216999590396881e-03
3.564158920198678970e-03
3.609139239415526390e-03
3.565886057913303375e-03
3.493307158350944519e-03
3.473499324172735214e-03
3.511542687192559242e-03
3.545500338077545166e-03
3.531364956870675087e-03
3.489758586511015892e-03
3.468939336016774178e-03
3.484078915789723396e-03
3.506906563416123390e-03
3.506579203531146049e-03
3.484798362478613853e-03
3.467210102826356888e-03
3.469947958365082741e-03
3.483605571091175079e-03
3.488862887024879456e-03
3.479583654552698135e-03
3.466782392933964729e-03
3.463298082351684570e-03
3.469612915068864822e-03
3.475884906947612762e-03
3.474281635135412216e-03
3.466799389570951462e-03
3.461179090663790703e-03
3.461875487118959427e-03
3.466181689873337746e-03
3.468357492238283157e-03
3.465910442173480988e-03
3.461348358541727066e-03
3.458822378888726234e-03
3.459803760051727295e-03
3.462201682850718498e-03
3.463068511337041855e-03
3.461404936388134956e-03
3.458734136074781418e-03
3.457212354987859726e-03
3.457592101767659187e-03
3.458838677033782005e-03
3.459398401901125908e-03
3.458618419244885445e-03
3.457087557762861252e-03
3.455912694334983826e-03
3.455708269029855728e-03
3.456194186583161354e-03
3.456605598330497742e-03
3.456412116065621376e-03
3.455645404756069183e-03
3.454772057011723518e-03
3.454266116023063660e-03
3.454210935160517693e-03
3.454380668699741364e-03
3.454426769167184830e-03
3.454153425991535187e-03
3.453633515164256096e-03
3.453104989603161812e-03
3.452758071944117546e-03
3.452626755461096764e-03
3.452601609751582146e-03
3.452523378655314445e-03
3.452312899753451347e-03
3.451974131166934967e-03
3.451602999120950699e-03
3.451292635872960091e-03
3.451079828664660454e-03
3.450932912528514862e-03
3.450807183980941772e-03
3.450635354965925217e-03
3.450390882790088654e-03
3.450124291703104973e-03
3.449846524745225906e-03
3.449597861617803574e-03
3.449387149885296822e-03
3.449203912168741226e-03
3.449026029556989670e-03
3.448840696364641190e-03
3.448630450293421745e-03
3.448400413617491722e-03
3.448162926360964775e-03
3.447928000241518021e-03
3.447702387347817421e-03
3.447501687332987785e-03
3.447296330705285072e-03
3.447110997512936592e-03
3.446906572207808495e-03
3.446700982749462128e-03
3.446483984589576721e-03
3.446268383413553238e-03
3.446049755439162254e-03
3.445838810876011848e-03
3.445622278377413750e-03
3.445413894951343536e-03
3.445203416049480438e-03
3.445009933784604073e-03
3.444805275648832321e-03
3.444598289206624031e-03
3.444390138611197472e-03
3.444188274443149567e-03
3.443986643105745316e-03
3.443771274760365486e-03
3.443568944931030273e-03
3.443355206400156021e-03
3.443152410909533501e-03
3.442944027483463287e-03
3.442744491621851921e-03
3.442539367824792862e-03
3.442334942519664764e-03
3.442125860601663589e-03
3.441921435296535492e-03
3.441724460572004318e-03
3.441515844315290451e-03
3.441318869590759277e-03
3.441111650317907333e-03
3.440911881625652313e-03
3.440711181610822678e-03
3.440505824983119965e-03
3.440310712903738022e-03
3.440108383074402809e-03
3.439908381551504135e-03
3.439721884205937386e-03
3.439543303102254868e-03
3.439357969909906387e-03
3.439192660152912140e-03
3.439048072323203087e-03
3.438928164541721344e-03
3.438851796090602875e-03
3.438838291913270950e-03
3.438925836235284805e-03
3.439177758991718292e-03
3.439681837335228920e-03
3.440628526732325554e-03
3.442257409915328026e-03
3.445050911977887154e-03
3.449774580076336861e-03
3.457759972661733627e-03
3.471144242212176323e-03
3.493753960356116295e-03
3.531380556523799896e-03
3.594182664528489113e-03
3.694426734000444412e-03
3.850539447739720345e-03
4.065280780196189880e-03
4.323642235249280930e-03
4.522068426012992859e-03
4.527910612523555756e-03
4.240842070430517197e-03
3.807957284152507782e-03
3.535112366080284119e-03
3.586201928555965424e-03
3.807997796684503555e-03
3.901635762304067612e-03
3.750354750081896782e-03
3.531001508235931396e-03
3.481745719909667969e-03
3.606207668781280518e-03
3.701145993545651436e-03
3.633214859291911125e-03
3.493255004286766052e-03
3.454198362305760384e-03
3.534168703481554985e-03
3.597018541768193245e-03
3.552044276148080826e-03
3.462381195276975632e-03
3.441703272983431816e-03
3.495808225125074387e-03
3.533745883032679558e-03
3.502541454508900642e-03
3.447614377364516258e-03
3.437981009483337402e-03
3.471878822892904282e-03
3.492766059935092926e-03
3.472214331850409508e-03
3.440150758251547813e-03
3.436069237068295479e-03
3.456415142863988876e-03
3.467709524556994438e-03
3.454712219536304474e-03
3.435791004449129105e-03
3.433500416576862335e-03
3.445584094151854515e-03
3.452721983194351196e-03
3.445488167926669121e-03
3.433720907196402550e-03
3.430956508964300156e-03
3.437476931139826775e-03
3.442706074565649033e-03
3.439792199060320854e-03
3.432724159210920334e-03
3.429571865126490593e-03
3.432352794334292412e-03
3.435996128246188164e-03
3.435523947700858116e-03
3.431589575484395027e-03
3.428656375035643578e-03
3.429232630878686905e-03
3.431528341025114059e-03
3.432246623560786247e-03
3.430435899645090103e-03
3.428067546337842941e-03
3.427356015890836716e-03
3.428352531045675278e-03
3.429360222071409225e-03
3.429016098380088806e-03
3.427619114518165588e-03
3.426481503993272781e-03
3.426382085308432579e-03
3.426952054724097252e-03
3.427225165069103241e-03
3.426730167120695114e-03
3.425853326916694641e-03
3.425267990678548813e-03
3.425252391025424004e-03
3.425486618652939796e-03
3.425490809604525566e-03
3.425110597163438797e-03
3.424561116844415665e-03
3.424174850806593895e-03
3.424086375162005424e-03
3.424124792218208313e-03
3.424052381888031960e-03
3.423770656809210777e-03
3.423401154577732086e-03
3.423102898523211479e-03
3.422953188419342041e-03
3.422892419621348381e-03
3.422794630751013756e-03
3.422590671107172966e-03
3.422320354729890823e-03
3.422061679884791374e-03
3.421874251216650009e-03
3.421745263040065765e-03
3.421629080548882484e-03
3.421459812670946121e-03
3.421244444325566292e-03
3.421027213335037231e-03
3.420821158215403557e-03
3.420647466555237770e-03
3.420502413064241409e-03
3.420347347855567932e-03
3.420173190534114838e-03
3.419983899220824242e-03
3.419787622988224030e-03
3.419600427150726318e-03
3.419433021917939186e-03
3.419267246499657631e-03
3.419107524678111076e-03
3.418936626985669136e-03
3.418759210035204887e-03
3.418575506657361984e-03
3.418399253860116005e-03
3.418224863708019257e-03
3.418062580749392509e-03
3.417896339669823647e-03
3.417718224227428436e-03
3.417546395212411880e-03
3.417376428842544556e-03
3.417196217924356461e-03
3.417025087401270866e-03
3.416858147829771042e-03
3.416683059185743332e-03
3.416518215090036392e-03
3.416348248720169067e-03
3.416179679334163666e-03
3.416018560528755188e-03
3.415847430005669594e-03
3.415697254240512848e-03
3.415535669773817062e-03
3.415408777073025703e-03
3.415300743654370308e-03
3.415238112211227417e-03
3.415253479033708572e-03
3.415415063500404358e-03
3.415839048102498055e-03
3.416716353967785835e-03
3.418443957343697548e-03
3.421722445636987686e-03
3.427866147831082344e-03
3.439328400418162346e-03
3.460615873336791992e-03
3.499988000839948654e-03
3.571338020265102386e-03
3.696855623275041580e-03
3.901126794517040253e-03
4.193135537207126617e-03
4.504182375967502594e-03
4.650319460779428482e-03
4.443134181201457977e-03
3.961912821978330612e-03
3.605245146900415421e-03
3.605209290981292725e-03
3.778337268158793449e-03
3.809754503890872002e-03
3.680761437863111496e-03
3.610310377553105354e-03
3.650950035080313683e-03
3.635082859545946121e-03
3.521178150549530983e-03
3.496303455904126167e-03
3.596757771447300911e-03
3.618150018155574799e-03
3.495505545288324356e-03
3.419086104258894920e-03
3.491668961942195892e-03
3.560141194611787796e-03
3.504396881908178329e-03
3.428590949624776840e-03
3.443029941990971565e-03
3.486973699182271957e-03
3.473018296062946320e-03
3.437251551076769829e-03
3.443120978772640228e-03
3.459561383351683617e-03
3.440711647272109985e-03
3.419420681893825531e-03
3.433819627389311790e-03
3.451782278716564178e-03
3.436264581978321075e-03
3.412608290091156960e-03
3.416535677388310432e-03
3.433108562603592873e-03
3.431587945669889450e-03
3.417705884203314781e-03
3.414384555071592331e-03
3.420517779886722565e-03
3.420139662921428680e-03
3.413664177060127258e-03
3.413409227505326271e-03
3.418380627408623695e-03
3.417273052036762238e-03
3.410321893170475960e-03
3.408105578273534775e-03
3.412481863051652908e-03
3.414784790948033333e-03
3.411408048123121262e-03
3.408118151128292084e-03
3.408767282962799072e-03
3.410113509744405746e-03
3.409036900848150253e-03
3.407435258850455284e-03
3.407827345654368401e-03
3.408821765333414078e-03
3.407985437661409378e-03
3.406050847843289375e-03
3.405523486435413361e-03
3.406529547646641731e-03
3.406956791877746582e-03
3.406032687053084373e-03
3.405113704502582550e-03
3.405104158446192741e-03
3.405264345929026604e-03
3.404803574085235596e-03
3.404194954782724380e-03
3.404153045266866684e-03
3.404398681595921516e-03
3.404229180887341499e-03
3.403619164600968361e-03
3.403151407837867737e-03
3.403104376047849655e-03
3.403145354241132736e-03
3.402924397960305214e-03
3.402574919164180756e-03
3.402385395020246506e-03
3.402336034923791885e-03
3.402162110432982445e-03
3.401817521080374718e-03
3.401523921638727188e-03
3.401404945179820061e-03
3.401331370696425438e-03
3.401157446205615997e-03
3.400902729481458664e-03
3.400690155103802681e-03
3.400531830266118050e-03
3.400378860533237457e-03
3.400162793695926666e-03
3.399931127205491066e-03
3.399745561182498932e-03
3.399598877876996994e-03
3.399449866265058517e-03
3.399245440959930420e-03
3.399035427719354630e-03
3.398852888494729996e-03
3.398684086278080940e-03
3.398500150069594383e-03
3.398301312699913979e-03
3.398100379854440689e-03
3.397913184016942978e-03
3.397739026695489883e-03
3.397556021809577942e-03
3.397359745576977730e-03
3.397176507860422134e-03
3.396978368982672691e-03
3.396802581846714020e-03
3.396615153178572655e-03
3.396420041099190712e-03
3.396220505237579346e-03
3.396025625988841057e-03
3.395844483748078346e-03
3.395641222596168518e-03
3.395447041839361191e-03
3.395257517695426941e-03
3.395048668608069420e-03
3.394865430891513824e-03
3.394670318812131882e-03
3.394464496523141861e-03
3.394269617274403572e-03
3.394060535356402397e-03
3.393863793462514877e-03
3.393666818737983704e-03
3.393463091924786568e-03
3.393267048522830009e-03
3.393058897927403450e-03
3.392853774130344391e-03
3.392647020518779755e-03
3.392443060874938965e-03
3.392232581973075867e-03
3.392016282305121422e-03
3.391814185306429863e-03
3.391596721485257149e-03
3.391391597688198090e-03
3.391182282939553261e-03
3.390969242900609970e-03
3.390748053789138794e-03
3.390534315258264542e-03
3.390315687283873558e-03
3.390094265341758728e-03
3.389886813238263130e-03
3.389668418094515800e-03
3.389457240700721741e-03
3.389253746718168259e-03
3.389048390090465546e-03
3.388859098777174950e-03
3.388693323358893394e-03
3.388547571375966072e-03
3.388460259884595871e-03
3.388463286682963371e-03
3.388610202819108963e-03
3.388997400179505348e-03
3.389799967408180237e-03
3.391305217519402504e-03
3.394041908904910088e-03
3.398938570171594620e-03
3.407558891922235489e-03
3.422785550355911255e-03
3.449430689215660095e-03
3.496317425742745399e-03
3.576404182240366936e-03
3.712321631610393524e-03
3.923977725207805634e-03
4.229731392115354538e-03
4.564784467220306396e-03
4.785232245922088623e-03
4.634665325284004211e-03
4.096558317542076111e-03
3.541307058185338974e-03
3.416062798351049423e-03
3.709419164806604385e-03
3.982380963861942291e-03
3.888964187353849411e-03
3.557801246643066406e-03
3.395258216187357903e-03
3.537562210112810135e-03
3.718313295394182205e-03
3.671966027468442917e-03
3.474644385278224945e-03
3.392458660528063774e-03
3.493168158456683159e-03
3.589456668123602867e-03
3.536098403856158257e-03
3.418127540498971939e-03
3.394502913579344749e-03
3.467404283583164215e-03
3.508650697767734528e-03
3.458253573626279831e-03
3.392779966816306114e-03
3.395723644644021988e-03
3.443309804424643517e-03
3.457112470641732216e-03
3.419078420847654343e-03
3.383883275091648102e-03
3.392534796148538589e-03
3.421117318794131279e-03
3.424656577408313751e-03
3.399592125788331032e-03
3.380302339792251587e-03
3.387404372915625572e-03
3.404261078685522079e-03
3.405332099646329880e-03
3.389986697584390640e-03
3.378257853910326958e-03
3.382012480869889259e-03
3.392009763047099113e-03
3.393354825675487518e-03
3.384643699973821640e-03
3.376817563548684120e-03
3.377718850970268250e-03
3.383417613804340363e-03
3.385317977517843246e-03
3.380986629053950310e-03
3.375668311491608620e-03
3.374698106199502945e-03
3.377481596544384956e-03
3.379466477781534195e-03
3.377930726855993271e-03
3.374578198418021202e-03
3.372693434357643127e-03
3.373348154127597809e-03
3.374782390892505646e-03
3.374838037416338921e-03
3.373221261426806450e-03
3.371381433680653572e-03
3.370714839547872543e-03
3.371181432157754898e-03
3.371664322912693024e-03
3.371281549334526062e-03
3.370119025930762291e-03
3.369041020050644875e-03
3.368617035448551178e-03
3.368735546246170998e-03
3.368819132447242737e-03
3.368430072441697121e-03
3.367636818438768387e-03
3.366866847500205040e-03
3.366435877978801727e-03
3.366314573213458061e-03
3.366224234923720360e-03
3.365897107869386673e-03
3.365340875461697578e-03
3.364723175764083862e-03
3.364247502759099007e-03
3.363978816196322441e-03
3.363766241818666458e-03
3.363475902006030083e-03
3.363050986081361771e-03
3.362552495673298836e-03
3.362077288329601288e-03
3.361706389114260674e-03
3.361396491527557373e-03
3.361093811690807343e-03
3.360743634402751923e-03
3.360319184139370918e-03
3.359881462529301643e-03
3.359465394169092178e-03
3.359088441357016563e-03
3.358736401423811913e-03
3.358390415087342262e-03
3.358019283041357994e-03
3.357628127560019493e-03
3.357233246788382530e-03
3.356829052790999413e-03
3.356427187100052834e-03
3.356046276167035103e-03
3.355682129040360451e-03
3.355310531333088875e-03
3.354933112859725952e-03
3.354547079652547836e-03
3.354140557348728180e-03
3.353752894327044487e-03
3.353359410539269447e-03
3.352970117703080177e-03
3.352582687512040138e-03
3.352199215441942215e-03
3.351811319589614868e-03
3.351425519213080406e-03
3.351043211296200752e-03
3.350646002218127251e-03
3.350252518430352211e-03
3.349865553900599480e-03
3.349481848999857903e-03
3.349091624841094017e-03
3.348700702190399170e-03
3.348317230120301247e-03
3.347926773130893707e-03
3.347535384818911552e-03
3.347146324813365936e-03
3.346760058775544167e-03
3.346371464431285858e-03
3.345974721014499664e-03
3.345591714605689049e-03
3.345202887430787086e-03
3.344812430441379547e-03
3.344426862895488739e-03
3.344034077599644661e-03
3.343647578731179237e-03
3.343263873830437660e-03
3.342877840623259544e-03
3.342494135722517967e-03
3.342100651934742928e-03
3.341732313856482506e-03
3.341344185173511505e-03
3.340963972732424736e-03
3.340584691613912582e-03
3.340201219543814659e-03
3.339816350489854813e-03
3.339437302201986313e-03
3.339058253914117813e-03
3.338681301102042198e-03
3.338299226015806198e-03
3.337929490953683853e-03
3.337544621899724007e-03
3.337171627208590508e-03
3.336797934025526047e-03
3.336419351398944855e-03
3.336044959723949432e-03
3.335678018629550934e-03
3.335308982059359550e-03
3.334934357553720474e-03
3.334566717967391014e-03
3.334197448566555977e-03
3.333840984851121902e-03
3.333472879603505135e-03
3.333117114380002022e-03
3.332756226882338524e-03
3.332409076392650604e-03
3.332057502120733261e-03
3.331727813929319382e-03
3.331412561237812042e-03
3.331125248223543167e-03
3.330878913402557373e-03
3.330717328935861588e-03
3.330680076032876968e-03
3.330834442749619484e-03
3.331335727125406265e-03
3.332434687763452530e-03
3.334563691169023514e-03
3.338519250974059105e-03
3.345679026097059250e-03
3.358528483659029007e-03
3.381531219929456711e-03
3.422396257519721985e-03
3.494558157399296761e-03
3.618395188823342323e-03
3.823003964498639107e-03
4.128298256546258926e-03
4.513366613537073135e-03
4.826641641557216644e-03
4.808077123016119003e-03
4.302823450416326523e-03
3.624040633440017700e-03
3.341746050864458084e-03
3.603728953748941422e-03
3.961069509387016296e-03
3.926876932382583618e-03
3.560327924787998199e-03
3.343742340803146362e-03
3.488331334665417671e-03
3.692689118906855583e-03
3.638274036347866058e-03
3.422772744670510292e-03
3.351523308083415031e-03
3.469531424343585968e-03
3.548676846548914909e-03
3.464586101472377777e-03
3.353540552780032158e-03
3.366455668583512306e-03
3.444144735112786293e-03
3.445286536589264870e-03
3.372099949046969414e-03
3.336976282298564911e-03
3.374035004526376724e-03
3.405222669243812561e-03
3.377460176125168800e-03
3.335867775604128838e-03
3.337762085720896721e-03
3.366185585036873817e-03
3.368923906236886978e-03
3.341287607327103615e-03
3.324751276522874832e-03
3.337484551593661308e-03
3.352169413119554520e-03
3.343966323882341385e-03
3.325302153825759888e-03
3.321710741147398949e-03
3.333204193040728569e-03
3.338791429996490479e-03
3.329434664919972420e-03
3.318526083603501320e-03
3.319600597023963928e-03
3.327594138681888580e-03
3.329007653519511223e-03
3.321739612147212029e-03
3.315573092550039291e-03
3.317218739539384842e-03
3.322073025628924370e-03
3.322354285046458244e-03
3.317613154649734497e-03
3.313889726996421814e-03
3.314858768135309219e-03
3.317654132843017578e-03
3.317761234939098358e-03
3.314953064545989037e-03
3.312576329335570335e-03
3.312811022624373436e-03
3.314283909276127815e-03
3.314457135275006294e-03
3.312895307317376137e-03
3.311301581561565399e-03
3.311089472845196724e-03
3.311772830784320831e-03
3.311948850750923157e-03
3.311108797788619995e-03
3.310028230771422386e-03
3.309597959741950035e-03
3.309817519038915634e-03
3.309941617771983147e-03
3.309509484097361565e-03
3.308760235086083412e-03
3.308246610686182976e-03
3.308168146759271622e-03
3.308217041194438934e-03
3.308032639324665070e-03
3.307545557618141174e-03
3.307034960016608238e-03
3.306754864752292633e-03
3.306684782728552818e-03
3.306587692350149155e-03
3.306325059384107590e-03
3.305922728031873703e-03
3.305546939373016357e-03
3.305317834019660950e-03
3.305186983197927475e-03
3.305025165900588036e-03
3.304781392216682434e-03
3.304447513073682785e-03
3.304153680801391602e-03
3.303920384496450424e-03
3.303749486804008484e-03
3.303568810224533081e-03
3.303334815427660942e-03
3.303066361695528030e-03
3.302797209471464157e-03
3.302576951682567596e-03
3.302370663732290268e-03
3.302172524854540825e-03
3.301958786323666573e-03
3.301722230389714241e-03
3.301480785012245178e-03
3.301253076642751694e-03
3.301054937765002251e-03
3.300847252830862999e-03
3.300641896203160286e-03
3.300420939922332764e-03
3.300194861367344856e-03
3.299973206594586372e-03
3.299772273749113083e-03
3.299563890323042870e-03
3.299356903880834579e-03
3.299155505374073982e-03
3.298943163827061653e-03
3.298728959634900093e-03
3.298515221104025841e-03
3.298313124105334282e-03
3.298110095784068108e-03
3.297907765954732895e-03
3.297710325568914413e-03
3.297498682513833046e-03
3.297306364402174950e-03
3.297098912298679352e-03
3.296890063211321831e-03
3.296696580946445465e-03
3.296490991488099098e-03
3.296301234513521194e-03
3.296104026958346367e-03
3.295898670330643654e-03
3.295708214864134789e-03
3.295517759397625923e-03
3.295314963907003403e-03
3.295115195214748383e-03
3.294924739748239517e-03
3.294739639386534691e-03
3.294539637863636017e-03
3.294349415227770805e-03
3.294165479019284248e-03
3.293967107310891151e-03
3.293772693723440170e-03
3.293578047305345535e-03
3.293392946943640709e-03
3.293202957138419151e-03
3.293014597147703171e-03
3.292828099802136421e-03
3.292641602456569672e-03
3.292450448498129845e-03
3.292270703241229057e-03
3.292078617960214615e-03
3.291900968179106712e-03
3.291708882898092270e-03
3.291516797617077827e-03
3.291337750852108002e-03
3.291153814643621445e-03
3.290975699201226234e-03
3.290795953944325447e-03
3.290606196969747543e-03
3.290428780019283295e-03
3.290241351351141930e-03
3.290059044957160950e-03
3.289878834038972855e-03
3.289703046903014183e-03
3.289516549557447433e-03
3.289340995252132416e-03
3.289159853011369705e-03
3.288975916802883148e-03
3.288802225142717361e-03
3.288621082901954651e-03
3.288443200290203094e-03
3.288264386355876923e-03
3.288082778453826904e-03
3.287915838882327080e-03
3.287747735157608986e-03
3.287582192569971085e-03
3.287413390353322029e-03
3.287255065515637398e-03
3.287096507847309113e-03
3.286973806098103523e-03
3.286865539848804474e-03
3.286789637058973312e-03
3.286781487986445427e-03
3.286868566647171974e-03
3.287120489403605461e-03
3.287633415311574936e-03
3.288608277216553688e-03
3.290313994511961937e-03
3.293294226750731468e-03
3.298403229564428329e-03
3.307212609797716141e-03
3.322143107652664185e-03
3.347674151882529259e-03
3.390037920325994492e-03
3.460423555225133896e-03
3.568572923541069031e-03
3.727848641574382782e-03
3.917371854186058044e-03
4.096813965588808060e-03
4.145940300077199936e-03
4.016324877738952637e-03
3.766451729461550713e-03
3.586475737392902374e-03
3.581077558919787407e-03
3.635413246229290962e-03
3.587381215766072273e-03
3.428544616326689720e-03
3.360161092132329941e-03
3.453650744631886482e-03
3.541293554008007050e-03
3.477045800536870956e-03
3.332303138449788094e-03
3.296529874205589294e-03
3.384050214663147926e-03
3.438120009377598763e-03
3.381138434633612633e-03
3.308284562081098557e-03
3.319846233353018761e-03
3.361281938850879669e-03
3.344608005136251450e-03
3.303132718428969383e-03
3.306971164420247078e-03
3.339046146720647812e-03
3.337366506457328796e-03
3.301112679764628410e-03
3.283496480435132980e-03
3.301549935713410378e-03
3.318726550787687302e-03
3.308540442958474159e-03
3.290354972705245018e-03
3.291051601991057396e-03
3.301102900877594948e-03
3.297426737844944000e-03
3.284755861386656761e-03
3.283317433670163155e-03
3.292948473244905472e-03
3.296175273135304451e-03
3.288124687969684601e-03
3.281038021668791771e-03
3.282536752521991730e-03
3.286581719294190407e-03
3.285634098574519157e-03
3.281438723206520081e-03
3.280552569776773453e-03
3.283442230895161629e-03
3.284377744421362877e-03
3.281054552644491196e-03
3.277866169810295105e-03
3.278451738879084587e-03
3.280478762462735176e-03
3.280334174633026123e-03
3.278535325080156326e-03
3.277753945440053940e-03
3.278455929830670357e-03
3.278881777077913284e-03
3.277909709140658379e-03
3.276499221101403236e-03
3.276096889749169350e-03
3.276709932833909988e-03
3.277038224041461945e-03
3.276436123996973038e-03
3.275706199929118156e-03
3.275652416050434113e-03
3.275929717347025871e-03
3.275758121162652969e-03
3.275128314271569252e-03
3.274605842307209969e-03
3.274520626291632652e-03
3.274616785347461700e-03
3.274497808888554573e-03
3.274148795753717422e-03
3.273862181231379509e-03
3.273795358836650848e-03
3.273824695497751236e-03
3.273677313700318336e-03
3.273354377597570419e-03
3.273068694397807121e-03
3.272937377914786339e-03
3.272845176979899406e-03
3.272686386480927467e-03
3.272433765232563019e-03
3.272214205935597420e-03
3.272066358476877213e-03
3.271970199421048164e-03
3.271846566349267960e-03
3.271651454269886017e-03
3.271452384069561958e-03
3.271303838118910789e-03
3.271196503192186356e-03
3.271061927080154419e-03
3.270896151661872864e-03
3.270715242251753807e-03
3.270558081567287445e-03
3.270416287705302238e-03
3.270286135375499725e-03
3.270123619586229324e-03
3.269964130595326424e-03
3.269806271418929100e-03
3.269653534516692162e-03
3.269523615017533302e-03
3.269392531365156174e-03
3.269252134487032890e-03
3.269109409302473068e-03
3.268991596996784210e-03
3.268891246989369392e-03
3.268805332481861115e-03
3.268736414611339569e-03
3.268710803240537643e-03
3.268732456490397453e-03
3.268836531788110733e-03
3.269069595262408257e-03
3.269484266638755798e-03
3.270178567618131638e-03
3.271287772804498672e-03
3.273047739639878273e-03
3.275832394137978554e-03
3.280206350609660149e-03
3.287078114226460457e-03
3.297887509688735008e-03
3.314894856885075569e-03
3.341656643897294998e-03
3.383376868441700935e-03
3.447536379098892212e-03
3.543041413649916649e-03
3.678120207041501999e-03
3.850804874673485756e-03
4.035739228129386902e-03
4.165768623352050781e-03
4.147400613874197006e-03
3.929219208657741547e-03
3.590970998629927635e-03
3.326343838125467300e-03
3.280326491221785545e-03
3.422996960580348969e-03
3.589108586311340332e-03
3.622354241088032722e-03
3.498697653412818909e-03
3.334613284096121788e-03
3.267865162342786789e-03
3.327032784000039101e-03
3.423332236707210541e-03
3.451389493420720100e-03
3.387197619304060936e-03
3.298487048596143723e-03
3.265841398388147354e-03
3.302689874544739723e-03
3.354335203766822815e-03
3.362867748364806175e-03
3.322962904348969460e-03
3.276977920904755592e-03
3.265462815761566162e-03
3.288769396021962166e-03
3.315142821520566940e-03
3.316635964438319206e-03
3.293847665190696716e-03
3.269653767347335815e-03
3.263861406594514847e-03
3.276070579886436462e-03
3.290239721536636353e-03
3.291911445558071136e-03
3.280533012002706528e-03
3.267013933509588242e-03
3.262118902057409286e-03
3.267225809395313263e-03
3.275134600698947906e-03
3.277783049270510674e-03
3.273103851824998856e-03
3.265540814027190208e-03
3.261117031797766685e-03
3.262162208557128906e-03
3.266219748184084892e-03
3.269003704190254211e-03
3.268118714913725853e-03
3.264508442953228951e-03
3.261008299887180328e-03
3.259822260588407516e-03
3.261022269725799561e-03
3.262955928221344948e-03
3.263811813667416573e-03
3.262921469286084175e-03
3.260990371927618980e-03
3.259287914261221886e-03
3.258678596466779709e-03
3.259159857407212257e-03
3.260005032643675804e-03
3.260420635342597961e-03
3.260035766288638115e-03
3.259085584431886673e-03
3.258092328906059265e-03
3.257539821788668633e-03
3.257528878748416901e-03
3.257827833294868469e-03
3.258072538301348686e-03
3.258016658946871758e-03
3.257612697780132294e-03
3.257067408412694931e-03
3.256567055359482765e-03
3.256268566474318504e-03
3.256180556491017342e-03
3.256210591644048691e-03
3.256221069023013115e-03
3.256128402426838875e-03
3.255909308791160583e-03
3.255602205172181129e-03
3.255288582295179367e-03
3.255029674619436264e-03
3.254833398386836052e-03
3.254711162298917770e-03
3.254626644775271416e-03
3.254528390243649483e-03
3.254399867728352547e-03
3.254222450777888298e-03
3.254012903198599815e-03
3.253789385780692101e-03
3.253577975556254387e-03
3.253396833315491676e-03
3.253228031098842621e-03
3.253083210438489914e-03
3.252953756600618362e-03
3.252812894061207771e-03
3.252669470384716988e-03
3.252501133829355240e-03
3.252333728596568108e-03
3.252144437283277512e-03
3.251963760703802109e-03
3.251785878092050552e-03
3.251623129472136497e-03
3.251451300457119942e-03
3.251290414482355118e-03
3.251129295676946640e-03
3.250980516895651817e-03
3.250822424888610840e-03
3.250669687986373901e-03
3.250499721616506577e-03
3.250336274504661560e-03
3.250174690037965775e-03
3.249997971579432487e-03
3.249834990128874779e-03
3.249657107517123222e-03
3.249489003792405128e-03
3.249330678954720497e-03
3.249154891818761826e-03
3.248993307352066040e-03
3.248814027756452560e-03
3.248645924031734467e-03
3.248474560678005219e-03
3.248310182243585587e-03
3.248141612857580185e-03
3.247972577810287476e-03
3.247809829190373421e-03
3.247640561312437057e-03
3.247469197958707809e-03
3.247302724048495293e-03
3.247137181460857391e-03
3.246963955461978912e-03
3.246802138164639473e-03
3.246637526899576187e-03
3.246468957513570786e-03
3.246309235692024231e-03
3.246154868975281715e-03
3.245991654694080353e-03
3.245848696678876877e-03
3.245705273002386093e-03
3.245570696890354156e-03
3.245463361963629723e-03
3.245371393859386444e-03
3.245330881327390671e-03
3.245357656851410866e-03
3.245468018576502800e-03
3.245734842494130135e-03
3.246255218982696533e-03
3.247163956984877586e-03
3.248709253966808319e-03
3.251269692555069923e-03
3.255476010963320732e-03
3.262378275394439697e-03
3.273727372288703918e-03
3.292416455224156380e-03
3.323100972920656204e-03
3.373202634975314140e-03
3.453672630712389946e-03
3.579075448215007782e-03
3.763244021683931351e-03
4.005998373031616211e-03
4.265766590833663940e-03
4.428885877132415771e-03
4.348032176494598389e-03
3.970629069954156876e-03
3.500286256894469261e-03
3.252491354942321777e-03
3.352536819875240326e-03
3.615384921431541443e-03
3.743075300008058548e-03
3.608316415920853615e-03
3.359204856678843498e-03
3.246235195547342300e-03
3.339056391268968582e-03
3.481457941234111786e-03
3.495752811431884766e-03
3.372850129380822182e-03
3.258317941799759865e-03
3.263881662860512733e-03
3.348526079207658768e-03
3.392032347619533539e-03
3.343020332977175713e-03
3.265757579356431961e-03
3.244983032345771790e-03
3.286244813352823257e-03
3.325388301163911819e-03
3.313605906441807747e-03
3.268593223765492439e-03
3.241613274440169334e-03
3.254648996517062187e-03
3.282122546806931496e-03
3.288208041340112686e-03
3.267467487603425980e-03
3.244430525228381157e-03
3.241452854126691818e-03
3.255541436374187469e-03
3.266606712713837624e-03
3.261878620833158493e-03
3.247554879635572433e-03
3.238665638491511345e-03
3.241817234084010124e-03
3.250241279602050781e-03
3.253378439694643021e-03
3.248086431995034218e-03
3.240228164941072464e-03
3.237047465518116951e-03
3.239902900531888008e-03
3.244165098294615746e-03
3.244852880015969276e-03
3.241384401917457581e-03
3.237230470404028893e-03
3.235784359276294708e-03
3.237352939322590828e-03
3.239485900849103928e-03
3.239761805161833763e-03
3.237915225327014923e-03
3.235568525269627571e-03
3.234518924728035927e-03
3.235074225813150406e-03
3.236144781112670898e-03
3.236447460949420929e-03
3.235619049519300461e-03
3.234273288398981094e-03
3.233376424759626389e-03
3.233306808397173882e-03
3.233751049265265465e-03
3.234053263440728188e-03
3.233810188248753548e-03
3.233119845390319824e-03
3.232387593016028404e-03
3.231971058994531631e-03
3.231956157833337784e-03
3.232086542993783951e-03
3.232093295082449913e-03
3.231839975342154503e-03
3.231381298974156380e-03
3.230941947549581528e-03
3.230647882446646690e-03
3.230527276173233986e-03
3.230497241020202637e-03
3.230419941246509552e-03
3.230224829167127609e-03
3.229920752346515656e-03
3.229606663808226585e-03
3.229332622140645981e-03
3.229138674214482307e-03
3.229015739634633064e-03
3.228887682780623436e-03
3.228742163628339767e-03
3.228524234145879745e-03
3.228275803849101067e-03
3.228022949770092964e-03
3.227796638384461403e-03
3.227615728974342346e-03
3.227460896596312523e-03
3.227293957024812698e-03
3.227136796340346336e-03
3.226936329156160355e-03
3.226718632504343987e-03
3.226496279239654541e-03
3.226279513910412788e-03
3.226080676540732384e-03
3.225895809009671211e-03
3.225718392059206963e-03
3.225539578124880791e-03
3.225347027182579041e-03
3.225165652111172676e-03
3.224953310564160347e-03
3.224756801500916481e-03
3.224563552066683769e-03
3.224359825253486633e-03
3.224165877327322960e-03
3.223961452022194862e-03
3.223778912797570229e-03
3.223579609766602516e-03
3.223392181098461151e-03
3.223204053938388824e-03
3.223003353923559189e-03
3.222811268642544746e-03
3.222613595426082611e-03
3.222417784854769707e-03
3.222210332751274109e-03
3.222008701413869858e-03
3.221824299544095993e-03
3.221628023311495781e-03
3.221427323296666145e-03
3.221230348572134972e-03
3.221031744033098221e-03
3.220847342163324356e-03
3.220645710825920105e-03
3.220447804778814316e-03
3.220248967409133911e-03
3.220049664378166199e-03
3.219855716452002525e-03
3.219650126993656158e-03
3.219455014914274216e-03
3.219256177544593811e-03
3.219054779037833214e-03
3.218861063942313194e-03
3.218657104298472404e-03
3.218456637114286423e-03
3.218264784663915634e-03
3.218053141608834267e-03
3.217854304239153862e-03
3.217651043087244034e-03
3.217452671378850937e-03
3.217248944565653801e-03
3.217051969841122627e-03
3.216855926439166069e-03
3.216655924916267395e-03
3.216446377336978912e-03
3.216252895072102547e-03
3.216052195057272911e-03
3.215847769752144814e-03
3.215655218809843063e-03
3.215447301045060158e-03
3.215247532352805138e-03
3.215057309716939926e-03
3.214855678379535675e-03
3.214665455743670464e-03
3.214468946680426598e-03
3.214294323697686195e-03
3.214112250134348869e-03
3.213947638869285583e-03
3.213802352547645569e-03
3.213695250451564789e-03
3.213646821677684784e-03
3.213671967387199402e-03
3.213839372619986534e-03
3.214239375665783882e-03
3.214988391846418381e-03
3.216346958652138710e-03
3.218691330403089523e-03
3.222706262022256851e-03
3.229516791179776192e-03
3.241062397137284279e-03
3.260681172832846642e-03
3.293926594778895378e-03
3.349983366206288338e-03
3.442732850089669228e-03
3.591995919123291969e-03
3.816680051386356354e-03
4.120691679418087006e-03
4.442336037755012512e-03
4.634773358702659607e-03
4.480363335460424423e-03
3.971147350966930389e-03
3.411867190152406693e-03
3.218200989067554474e-03
3.446539631113409996e-03
3.759682876989245415e-03
3.794050775468349457e-03
3.516218857839703560e-03
3.247885731980204582e-03
3.255532355979084969e-03
3.450550138950347900e-03
3.548715729266405106e-03
3.427984192967414856e-03
3.252104157581925392e-03
3.224076936021447182e-03
3.333204193040728569e-03
3.405084833502769470e-03
3.343054791912436485e-03
3.236983437091112137e-03
3.215832402929663658e-03
3.279980272054672241e-03
3.324946854263544083e-03
3.290274180471897125e-03
3.226710716262459755e-03
3.210917115211486816e-03
3.247104119509458542e-03
3.276293165981769562e-03
3.259554039686918259e-03
3.221299499273300171e-03
3.207500092685222626e-03
3.226465079933404922e-03
3.246213542297482491e-03
3.240271704271435738e-03
3.217898774892091751e-03
3.205879591405391693e-03
3.213984891772270203e-03
3.227076027542352676e-03
3.227414563298225403e-03
3.215389559045433998e-03
3.205359680578112602e-03
3.206806955859065056e-03
3.214719006791710854e-03
3.217971418052911758e-03
3.212861949577927589e-03
3.205562476068735123e-03
3.203473752364516258e-03
3.207004163414239883e-03
3.210615832358598709e-03
3.209801856428384781e-03
3.205603687092661858e-03
3.202407853677868843e-03
3.202740568667650223e-03
3.205060493201017380e-03
3.206181339919567108e-03
3.204729873687028885e-03
3.202228341251611710e-03
3.200908657163381577e-03
3.201456042006611824e-03
3.202610649168491364e-03
3.202836727723479271e-03
3.201734973117709160e-03
3.200290957465767860e-03
3.199595492333173752e-03
3.199864644557237625e-03
3.200384089723229408e-03
3.200364764779806137e-03
3.199668135493993759e-03
3.198778489604592323e-03
3.198261139914393425e-03
3.198234597221016884e-03
3.198398975655436516e-03
3.198346355929970741e-03
3.197933314368128777e-03
3.197358688339591026e-03
3.196905599907040596e-03
3.196711884811520576e-03
3.196668811142444611e-03
3.196599893271923065e-03
3.196344245225191116e-03
3.195966593921184540e-03
3.195570548996329308e-03
3.195281373336911201e-03
3.195114200934767723e-03
3.194984979927539825e-03
3.194826189428567886e-03
3.194569842889904976e-03
3.194265300408005714e-03
3.193968208506703377e-03
3.193726297467947006e-03
3.193545388057827950e-03
3.193369833752512932e-03
3.193178679794073105e-03
3.192955395206809044e-03
3.192703705281019211e-03
3.192445030435919762e-03
3.192224539816379547e-03
3.192016156390309334e-03
3.191825933754444122e-03
3.191632684320211411e-03
3.191411029547452927e-03
3.191195195540785789e-03
3.190966323018074036e-03
3.190740710124373436e-03
3.190524177625775337e-03
3.190316958352923393e-03
3.190106479451060295e-03
3.189913928508758545e-03
3.189696464687585831e-03
3.189479466527700424e-03
3.189258044585585594e-03
3.189042443409562111e-03
3.188833361491560936e-03
3.188622882589697838e-03
3.188409376889467239e-03
3.188204253092408180e-03
3.187988651916384697e-03
3.187780966982245445e-03
3.187569556757807732e-03
3.187356516718864441e-03
3.187142079696059227e-03
3.186933929100632668e-03
3.186719026416540146e-03
3.186518792062997818e-03
3.186305053532123566e-03
3.186089918017387390e-03
3.185884794220328331e-03
3.185672219842672348e-03
3.185459412634372711e-03
3.185245208442211151e-03
3.185030305758118629e-03
3.184828674420714378e-03
3.184619359672069550e-03
3.184400731697678566e-03
3.184188855811953545e-03
3.183988388627767563e-03
3.183774184435606003e-03
3.183563239872455597e-03
3.183343913406133652e-03
3.183134831488132477e-03
3.182929009199142456e-03
3.182706190273165703e-03
3.182508749887347221e-03
3.182290587574243546e-03
3.182085929438471794e-03
3.181865671649575233e-03
3.181656124070286751e-03
3.181444015353918076e-03
3.181244246661663055e-03
3.181023988872766495e-03
3.180814906954765320e-03
3.180599538609385490e-03
3.180388826876878738e-03
3.180178347975015640e-03
3.179955063387751579e-03
3.179750172421336174e-03
3.179537365213036537e-03
3.179333405569195747e-03
3.179121296852827072e-03
3.178909188136458397e-03
3.178701270371675491e-03
3.178492188453674316e-03
3.178288694471120834e-03
3.178089624270796776e-03
3.177900100126862526e-03
3.177725709974765778e-03
3.177604870870709419e-03
3.177546663209795952e-03
3.177606267854571342e-03
3.177910344675183296e-03
3.178640967234969139e-03
3.180184867233037949e-03
3.183305496349930763e-03
3.189307171851396561e-03
3.201063722372055054e-03
3.222844563424587250e-03
3.264689585193991661e-03
3.336100839078426361e-03
3.461737651377916336e-03
3.621746320277452469e-03
3.806597553193569183e-03
3.819723846390843391e-03
3.637996735051274300e-03
3.319159615784883499e-03
3.183349268510937691e-03
3.310550469905138016e-03
3.471895121037960052e-03
3.449576441198587418e-03
3.266211366280913353e-03
3.180141560733318329e-03
3.267641179263591766e-03
3.350980812683701515e-03
3.296778304502367973e-03
3.191340947523713112e-03
3.194531891494989395e-03
3.269372507929801941e-03
3.273679409176111221e-03
3.205783199518918991e-03
3.175146179273724556e-03
3.216214012354612350e-03
3.244333900511264801e-03
3.210555296391248703e-03
3.174679586663842201e-03
3.187579335644841194e-03
3.214819356799125671e-03
3.206956898793578148e-03
3.178788581863045692e-03
3.174610668793320656e-03
3.193149575963616371e-03
3.198227146640419960e-03
3.182078013196587563e-03
3.170771291479468346e-03
3.178360406309366226e-03
3.187952330335974693e-03
3.182550426572561264e-03
3.171494230628013611e-03
3.170674666762351990e-03
3.177961567416787148e-03
3.179817460477352142e-03
3.173153148964047432e-03
3.168324008584022522e-03
3.170905401930212975e-03
3.174842800945043564e-03
3.173328237608075142e-03
3.168761497363448143e-03
3.167501650750637054e-03
3.169988980516791344e-03
3.171445801854133606e-03
3.169568022713065147e-03
3.167225280776619911e-03
3.167418530210852623e-03
3.169308416545391083e-03
3.170221578329801559e-03
3.169718198478221893e-03
3.169866744428873062e-03
3.172372700646519661e-03
3.176991129294037819e-03
3.183001419529318810e-03
3.191659692674875259e-03
3.206300549209117889e-03
3.231226000934839249e-03
3.271601162850856781e-03
3.334964625537395477e-03
3.432991914451122284e-03
3.579940646886825562e-03
3.784483764320611954e-03
4.032750148326158524e-03
4.258250351995229721e-03
4.340196959674358368e-03
4.152630455791950226e-03
3.735323436558246613e-03
3.318586153909564018e-03
3.167020855471491814e-03
3.316118614748120308e-03
3.559434320777654648e-03
3.648587968200445175e-03
3.500275779515504837e-03
3.267359454184770584e-03
3.164473688229918480e-03
3.248487133532762527e-03
3.384854644536972046e-03
3.412266960367560387e-03
3.308650571852922440e-03
3.190057119354605675e-03
3.169924719259142876e-03
3.239580197259783745e-03
3.300374140962958336e-03
3.282752586528658867e-03
3.211290808394551277e-03
3.163493704050779343e-03
3.178207436576485634e-03
3.222966799512505531e-03
3.241229569539427757e-03
3.214466618373990059e-03
3.174353390932083130e-03
3.160254098474979401e-03
3.177984850481152534e-03
3.200699575245380402e-03
3.202114021405577660e-03
3.182385815307497978e-03
3.162675769999623299e-03
3.160159569233655930e-03
3.172061173245310783e-03
3.182531567290425301e-03
3.180450061336159706e-03
3.168740076944231987e-03
3.158868988975882530e-03
3.158509731292724609e-03
3.165170783177018166e-03
3.170487470924854279e-03
3.169054631143808365e-03
3.162686014547944069e-03
3.157201455906033516e-03
3.156589111313223839e-03
3.159824525937438011e-03
3.162847831845283508e-03
3.162631532177329063e-03
3.159515326842665672e-03
3.156187245622277260e-03
3.155015408992767334e-03
3.156139981001615524e-03
3.157895524054765701e-03
3.158422419801354408e-03
3.157245460897684097e-03
3.155307378619909286e-03
3.153958590701222420e-03
3.153848461806774139e-03
3.154596313834190369e-03
3.155230311676859856e-03
3.155108308419585228e-03
3.154246835038065910e-03
3.153214231133460999e-03
3.152561606839299202e-03
3.152500372380018234e-03
3.152777673676609993e-03
3.152991179376840591e-03
3.152836346998810768e-03
3.152355551719665527e-03
3.151745768263936043e-03
3.151283599436283112e-03
3.151088021695613861e-03
3.151086391881108284e-03
3.151110373437404633e-03
3.151005133986473083e-03
3.150735050439834595e-03
3.150370204821228981e-03
3.150039585307240486e-03
3.149768104776740074e-03
3.149618627503514290e-03
3.149523166939616203e-03
3.149415133520960808e-03
3.149261698126792908e-03
3.149054944515228271e-03
3.148786956444382668e-03
3.148528281599283218e-03
3.148306161165237427e-03
3.148117568343877792e-03
3.147960640490055084e-03
3.147819777950644493e-03
3.147656098008155823e-03
3.147474490106105804e-03
3.147270064800977707e-03
3.147062845528125763e-03
3.146849339827895164e-03
3.146642120555043221e-03
3.146459814161062241e-03
3.146288450807332993e-03
3.146115457639098167e-03
3.145943628624081612e-03
3.145765978842973709e-03
3.145574592053890228e-03
3.145384835079312325e-03
3.145189257338643074e-03
3.145002992823719978e-03
3.144806018099188805e-03
3.144623944535851479e-03
3.144449321553111076e-03
3.144255373626947403e-03
3.144070506095886230e-03
3.143894020467996597e-03
3.143703332170844078e-03
3.143525682389736176e-03
3.143340116366744041e-03
3.143152920529246330e-03
3.142972942441701889e-03
3.142773872241377831e-03
3.142589703202247620e-03
3.142395988106727600e-03
3.142212051898241043e-03
3.142029512673616409e-03
3.141847439110279083e-03
3.141654888167977333e-03
3.141475608572363853e-03
3.141297493129968643e-03
3.141113789752125740e-03
3.140922170132398605e-03
3.140747314319014549e-03
3.140554763376712799e-03
3.140365937724709511e-03
3.140188986435532570e-03
3.139999462291598320e-03
3.139821812510490417e-03
3.139625536277890205e-03
3.139440435916185379e-03
3.139256266877055168e-03
3.139072796329855919e-03
3.138886764645576477e-03
3.138700034469366074e-03
3.138520289212465286e-03
3.138339146971702576e-03
3.138149389997124672e-03
3.137967782095074654e-03
3.137778490781784058e-03
3.137612482532858849e-03
3.137422958388924599e-03
3.137263236567378044e-03
3.137097461149096489e-03
3.136955434456467628e-03
3.136826446279883385e-03
3.136718180030584335e-03
3.136654850095510483e-03
3.136654617264866829e-03
3.136731451377272606e-03
3.136975225061178207e-03
3.137445077300071716e-03
3.138264641165733337e-03
3.139672335237264633e-03
3.142012981697916985e-03
3.145901253446936607e-03
3.152322256937623024e-03
3.162877168506383896e-03
3.180267754942178726e-03
3.208849113434553146e-03
3.255707211792469025e-03
3.331548767164349556e-03
3.451470751315355301e-03
3.631814848631620407e-03
3.881112206727266312e-03
4.171337932348251343e-03
4.409074317663908005e-03
4.423834383487701416e-03
4.111779853701591492e-03
3.585331607609987259e-03
3.195355180650949478e-03
3.180474042892456055e-03
3.444903530180454254e-03
3.674106439575552940e-03
3.628327045589685440e-03
3.366908058524131775e-03
3.157144179567694664e-03
3.179379738867282867e-03
3.344869473949074745e-03
3.432567929849028587e-03
3.344514640048146248e-03
3.190072486177086830e-03
3.136680461466312408e-03
3.210755065083503723e-03
3.293166868388652802e-03
3.279683412984013557e-03
3.193098120391368866e-03
3.135184990242123604e-03
3.156904596835374832e-03
3.211984876543283463e-03
3.226805478334426880e-03
3.186308778822422028e-03
3.140258602797985077e-03
3.135520033538341522e-03
3.165137022733688354e-03
3.186566056683659554e-03
3.174530342221260071e-03
3.145224181935191154e-03
3.130329307168722153e-03
3.140352899208664894e-03
3.157660365104675293e-03
3.160623135045170784e-03
3.146942006424069405e-03
3.132076933979988098e-03
3.129827557131648064e-03
3.138664877042174339e-03
3.146282164379954338e-03
3.144115442410111427e-03
3.135085571557283401e-03
3.128361888229846954e-03
3.129097865894436836e-03
3.134334925562143326e-03
3.137474181130528450e-03
3.135275561362504959e-03
3.130174474790692329e-03
3.126840805634856224e-03
3.127433592453598976e-03
3.130173310637474060e-03
3.131708828732371330e-03
3.130487166345119476e-03
3.127720905467867851e-03
3.125722054392099380e-03
3.125712275505065918e-03
3.126983530819416046e-03
3.127921372652053833e-03
3.127509728074073792e-03
3.126094117760658264e-03
3.124745329841971397e-03
3.124300856143236160e-03
3.124672453850507736e-03
3.125192597508430481e-03
3.125228919088840485e-03
3.124628448858857155e-03
3.123798174783587456e-03
3.123196540400385857e-03
3.123034490272402763e-03
3.123167902231216431e-03
3.123281290754675865e-03
3.123118309304118156e-03
3.122717374935746193e-03
3.122227499261498451e-03
3.121866611763834953e-03
3.121704561635851860e-03
3.121647983789443970e-03
3.121598390862345695e-03
3.121427027508616447e-03
3.121160436421632767e-03
3.120830049738287926e-03
3.120551118627190590e-03
3.120349720120429993e-03
3.120204899460077286e-03
3.120094537734985352e-03
3.119932254776358604e-03
3.119725268334150314e-03
3.119483590126037598e-03
3.119236789643764496e-03
3.119021188467741013e-03
3.118825145065784454e-03
3.118662629276514053e-03
3.118519671261310577e-03
3.118334570899605751e-03
3.118132706731557846e-03
3.117915941402316093e-03
3.117698943242430687e-03
3.117499407380819321e-03
3.117294050753116608e-03
3.117114072665572166e-03
3.116945270448923111e-03
3.116760402917861938e-03
3.116583917289972305e-03
3.116381587460637093e-03
3.116187639534473419e-03
3.115975763648748398e-03
3.115768078714609146e-03
3.115574363619089127e-03
3.115379950031638145e-03
3.115191124379634857e-03
3.114994149655103683e-03
3.114811610430479050e-03
3.114618826657533646e-03
3.114415798336267471e-03
3.114221151918172836e-03
3.114026738330721855e-03
3.113829996436834335e-03
3.113642102107405663e-03
3.113440005108714104e-03
3.113243496045470238e-03
3.113052807748317719e-03
3.112873295322060585e-03
3.112680977210402489e-03
3.112488659098744392e-03
3.112311707809567451e-03
3.112134290859103203e-03
3.111960599198937416e-03
3.111807396635413170e-03
3.111662343144416809e-03
3.111578291282057762e-03
3.111531492322683334e-03
3.111599013209342957e-03
3.111805533990263939e-03
3.112321486696600914e-03
3.113178303465247154e-03
3.114838851615786552e-03
3.117350861430168152e-03
3.121895249933004379e-03
3.127849893644452095e-03
3.137073712423443794e-03
3.148376010358333588e-03
3.162731882184743881e-03
3.176257945597171783e-03
3.183906665071845055e-03
3.186677815392613411e-03
3.182157408446073532e-03
3.169024595990777016e-03
3.150413744151592255e-03
3.137970576062798500e-03
3.137967083603143692e-03
3.144345246255397797e-03
3.159297164529561996e-03
3.169772913679480553e-03
3.178347833454608917e-03
3.179937601089477539e-03
3.180388826876878738e-03
3.179408377036452293e-03
3.182975342497229576e-03
3.189473412930965424e-03
3.201158717274665833e-03
3.211929695680737495e-03
3.223434323444962502e-03
3.228772431612014771e-03
3.229211084544658661e-03
3.227190114557743073e-03
3.226975211873650551e-03
3.221409860998392105e-03
3.217859426513314247e-03
3.206433728337287903e-03
3.193898126482963562e-03
3.175922902300953865e-03
3.158215433359146118e-03
3.140261396765708923e-03
3.126588650047779083e-03
3.115439089015126228e-03
3.110042540356516838e-03
3.105408279225230217e-03
3.104944946244359016e-03
3.104827133938670158e-03
3.106903750449419022e-03
3.109396435320377350e-03
3.113715676590800285e-03
3.117599990218877792e-03
3.122697351500391960e-03
3.126983996480703354e-03
3.131427103653550148e-03
3.135172650218009949e-03
3.139216452836990356e-03
3.144130576401948929e-03
3.148789284750819206e-03
3.153656842187047005e-03
3.159673651680350304e-03
3.167721442878246307e-03
3.174627665430307388e-03
3.183844499289989471e-03
3.191244555637240410e-03
3.202385501936078072e-03
3.209425136446952820e-03
3.219119971618056297e-03
3.223668783903121948e-03
3.229284426197409630e-03
3.227738197892904282e-03
3.224888583645224571e-03
3.215211676433682442e-03
3.203957807272672653e-03
3.186426591128110886e-03
3.169155213981866837e-03
3.149429103359580040e-03
3.133598715066909790e-03
3.118036082014441490e-03
3.108180826529860497e-03
3.099834546446800232e-03
3.096994012594223022e-03
3.095488296821713448e-03
3.097579581663012505e-03
3.100524889305233955e-03
3.104701405391097069e-03
3.109027165919542313e-03
3.113427432253956795e-03
3.118984866887331009e-03
3.122924827039241791e-03
3.127728588879108429e-03
3.130959114059805870e-03
3.136991057544946671e-03
3.139832057058811188e-03
3.145714756101369858e-03
3.148643067106604576e-03
3.155402606353163719e-03
3.159031271934509277e-03
3.165909089148044586e-03
3.171263728290796280e-03
3.178217913955450058e-03
3.184124827384948730e-03
3.191472496837377548e-03
3.198437392711639404e-03
3.202990163117647171e-03
3.206750610843300819e-03
3.210609545931220055e-03
3.209648421034216881e-03
3.203419269993901253e-03
3.193597309291362762e-03
3.185698064044117928e-03
3.168912138789892197e-03
3.155303653329610825e-03
3.136486513540148735e-03
3.126064781099557877e-03
3.110865363851189613e-03
3.104795701801776886e-03
3.096160711720585823e-03
3.094385378062725067e-03
3.090673591941595078e-03
3.094075014814734459e-03
3.095512045547366142e-03
3.101526992395520210e-03
3.102805698290467262e-03
3.104696981608867645e-03
3.106512594968080521e-03
3.108390606939792633e-03
3.109453245997428894e-03
3.114281455054879189e-03
3.116812324151396751e-03
3.122896654531359673e-03
3.129541873931884766e-03
3.136387560516595840e-03
3.145037917420268059e-03
3.153168130666017532e-03
3.160998225212097168e-03
3.170754527673125267e-03
3.179808845743536949e-03
3.191138152033090591e-03
3.202742664143443108e-03
3.215474542230367661e-03
3.229332389310002327e-03
3.241927595809102058e-03
3.253436414524912834e-03
3.259083256125450134e-03
3.256948664784431458e-03
3.244791179895401001e-03
3.225775668397545815e-03
3.197826910763978958e-03
3.164866939187049866e-03
3.133679740130901337e-03
3.109211334958672523e-03
3.092342754825949669e-03
3.084993688389658928e-03
3.083730582147836685e-03
3.087894059717655182e-03
3.093871055170893669e-03
3.100877627730369568e-03
3.107643453404307365e-03
3.112825099378824234e-03
3.115438856184482574e-03
3.118287771940231323e-03
3.119843546301126480e-03
3.119596978649497032e-03
3.118832595646381378e-03
3.115640487521886826e-03
3.113202052190899849e-03
3.108314238488674164e-03
3.104869509115815163e-03
3.099678782746195793e-03
3.095631953328847885e-03
3.091302001848816872e-03
3.088000928983092308e-03
3.084925934672355652e-03
3.082619747146964073e-03
3.080595750361680984e-03
3.079158253967761993e-03
3.078254405409097672e-03
3.077327506616711617e-03
3.077021799981594086e-03
3.076603868976235390e-03
3.076614579185843468e-03
3.076625522226095200e-03
3.076944500207901001e-03
3.077869303524494171e-03
3.078552661463618279e-03
3.079721704125404358e-03
3.081427887082099915e-03
3.085446311160922050e-03
3.088918048888444901e-03
3.094674786552786827e-03
3.101955400779843330e-03
3.116835374385118484e-03
3.131814068183302879e-03
3.156427992507815361e-03
3.187924623489379883e-03
3.243452403694391251e-03
3.308124374598264694e-03
3.401989582926034927e-03
3.512325230985879898e-03
3.648703452199697495e-03
3.762657754123210907e-03
3.817508462816476822e-03
3.738836618140339851e-03
3.545068670064210892e-03
3.293508663773536682e-03
3.120932495221495628e-03
3.079258138313889503e-03
3.165723057463765144e-03
3.280761884525418282e-03
3.347015706822276115e-03
3.313281107693910599e-03
3.224311396479606628e-03
3.134248312562704086e-03
3.097802866250276566e-03
3.110829507932066917e-03
3.147594630718231201e-03
3.170766634866595268e-03
3.169312607496976852e-03
3.146312665194272995e-03
3.118671011179685593e-03
3.095488063991069794e-03
3.084891708567738533e-03
3.089986275881528854e-03
3.103366354480385780e-03
3.113420447334647179e-03
3.111993428319692612e-03
3.098737215623259544e-03
3.080104012042284012e-03
3.065900877118110657e-03
3.066955134272575378e-03
3.076134948059916496e-03
3.086677985265851021e-03
3.087196033447980881e-03
3.078584792092442513e-03
3.067736048251390457e-03
3.061271738260984421e-03
3.059702459722757339e-03
3.064300864934921265e-03
3.067921148613095284e-03
3.070041071623563766e-03
3.068041056394577026e-03
3.064731368795037270e-03
3.060735529288649559e-03
3.058836096897721291e-03
3.057175083085894585e-03
3.057726891711354256e-03
3.057519905269145966e-03
3.058057045564055443e-03
3.058003960177302361e-03
7.094787433743476868e-03
7.076794747263193130e-03
7.027282379567623138e-03
6.942759267985820770e-03
6.855686195194721222e-03
6.837022490799427032e-03
6.849762983620166779e-03
7.158086169511079788e-03
7.290211506187915802e-03
7.411829661577939987e-03
6.640795618295669556e-03
6.095693446695804596e-03
6.304919719696044922e-03
6.618594750761985779e-03
6.445406936109066010e-03
5.814076401293277740e-03
5.735854152590036392e-03
5.912727676331996918e-03
5.747450515627861023e-03
5.404870957136154175e-03
5.475244484841823578e-03
5.482285283505916595e-03
5.233570467680692673e-03
5.118859000504016876e-03
5.264336708933115005e-03
5.059679970145225525e-03
4.873723257333040237e-03
4.863651003688573837e-03
4.856442566961050034e-03
4.687883891165256500e-03
4.668295849114656448e-03
4.647981375455856323e-03
4.549028817564249039e-03
4.481543786823749542e-03
4.510695114731788635e-03
4.423179198056459427e-03
4.366208333522081375e-03
4.360392689704895020e-03
4.340547136962413788e-03
4.277767147868871689e-03
4.282809793949127197e-03
4.297507926821708679e-03
4.267243202775716782e-03
4.283042624592781067e-03
4.339145496487617493e-03
4.382589831948280334e-03
4.400963895022869110e-03
4.421737510710954666e-03
4.389827139675617218e-03
4.286875016987323761e-03
4.150102380663156509e-03
4.028571303933858871e-03
3.936947789043188095e-03
3.893618239089846611e-03
3.918073140084743500e-03
3.959758207201957703e-03
3.980925306677818298e-03
3.976482897996902466e-03
3.944066353142261505e-03
3.883407916873693466e-03
3.818908473476767540e-03
3.782280720770359039e-03
3.765337169170379639e-03
3.763352287933230400e-03
3.773797303438186646e-03
3.782974556088447571e-03
3.778615733608603477e-03
3.758714534342288971e-03
3.734240075573325157e-03
3.705159528180956841e-03
3.679166082292795181e-03
3.663555486127734184e-03
3.655178006738424301e-03
3.651730250567197800e-03
3.651056671515107155e-03
3.650459460914134979e-03
3.645699936896562576e-03
3.637895453721284866e-03
3.628030885010957718e-03
3.614921122789382935e-03
3.601368051022291183e-03
3.589374711737036705e-03
3.578328294679522514e-03
3.568206215277314186e-03
3.560228971764445305e-03
3.554391441866755486e-03
3.548683831468224525e-03
3.543732687830924988e-03
3.539751050993800163e-03
3.535863710567355156e-03
3.531829454004764557e-03
3.528020111843943596e-03
3.524744417518377304e-03
3.521298058331012726e-03
3.518422367051243782e-03
3.516253549605607986e-03
3.514748532325029373e-03
3.514296840876340866e-03
3.515789518132805824e-03
3.519401187077164650e-03
3.526322077959775925e-03
3.536920761689543724e-03
3.553965361788868904e-03
3.577461000531911850e-03
3.611140185967087746e-03
3.653057850897312164e-03
3.707764204591512680e-03
3.763358574360609055e-03
3.819940146058797836e-03
3.848064923658967018e-03
3.842452308163046837e-03
3.779065562412142754e-03
3.676043357700109482e-03
3.555987961590290070e-03
3.460658947005867958e-03
3.416263964027166367e-03
3.425665898248553276e-03
3.468981478363275528e-03
3.515947144478559494e-03
3.541644662618637085e-03
3.533030161634087563e-03
3.496592864394187927e-03
3.447755007073283195e-03
3.407126991078257561e-03
3.387209493666887283e-03
3.389622084796428680e-03
3.406086238101124763e-03
3.424278227612376213e-03
3.434185869991779327e-03
3.430610522627830505e-03
3.415948944166302681e-03
3.395464038476347923e-03
3.376546083018183708e-03
3.364197677001357079e-03
3.360129659995436668e-03
3.362659132108092308e-03
3.368247998878359795e-03
3.373181447386741638e-03
3.374743508175015450e-03
3.372187493368983269e-03
3.365925047546625137e-03
3.357775742188096046e-03
3.349321428686380386e-03
3.342205425724387169e-03
3.337209811434149742e-03
3.334392793476581573e-03
3.333408152684569359e-03
3.333468455821275711e-03
3.333861473947763443e-03
3.333983244374394417e-03
3.333571366965770721e-03
3.332414431497454643e-03
3.330646781250834465e-03
3.328258870169520378e-03
3.325544297695159912e-03
3.322657896205782890e-03
3.319733776152133942e-03
3.316860646009445190e-03
3.314158879220485687e-03
3.311577951535582542e-03
3.309238934889435768e-03
3.307069418951869011e-03
3.305138321593403816e-03
3.303356701508164406e-03
3.301796736195683479e-03
3.300458192825317383e-03
3.299455391243100166e-03
3.298803698271512985e-03
3.298888448625802994e-03
3.299883799627423286e-03
3.302642377093434334e-03
3.307714592665433884e-03
3.317476017400622368e-03
3.332796040922403336e-03
3.360144328325986862e-03
3.397801890969276428e-03
3.459046594798564911e-03
3.526576561853289604e-03
3.616227535530924797e-03
3.686985466629266739e-03
3.742252942174673080e-03
3.737015184015035629e-03
3.666549222543835640e-03
3.535670926794409752e-03
3.391910344362258911e-03
3.292303066700696945e-03
3.270382760092616081e-03
3.314757952466607094e-03
3.382218535989522934e-03
3.428660333156585693e-03
3.430012846365571022e-03
3.390452824532985687e-03
3.330184146761894226e-03
3.279654309153556824e-03
3.258324228227138519e-03
3.269088920205831528e-03
3.297772258520126343e-03
3.323152195662260056e-03
3.331070998683571815e-03
3.316191025078296661e-03
3.289503976702690125e-03
3.263502381742000580e-03
3.249044530093669891e-03
3.248671069741249084e-03
3.258035983890295029e-03
3.269641660153865814e-03
3.276352304965257645e-03
3.275014460086822510e-03
3.266172483563423157e-03
3.254145616665482521e-03
3.243507351726293564e-03
3.237588331103324890e-03
3.236818825826048851e-03
3.239427227526903152e-03
3.243017010390758514e-03
3.245609113946557045e-03
3.246424719691276550e-03
3.245206084102392197e-03
3.242722479626536369e-03
3.239004407078027725e-03
3.235116600990295410e-03
3.231046721339225769e-03
3.227586857974529266e-03
3.224955871701240540e-03
3.223317675292491913e-03
3.222538856789469719e-03
3.222339553758502007e-03
3.222397295758128166e-03
3.222509520128369331e-03
3.222801955416798592e-03
3.223071340471506119e-03
3.223629202693700790e-03
3.224326996132731438e-03
3.225628519430756569e-03
3.227241104468703270e-03
3.230162896215915680e-03
3.233855590224266052e-03
3.240328049287199974e-03
3.247214481234550476e-03
3.257913980633020401e-03
3.266086801886558533e-03
3.276373958215117455e-03
3.280123928561806679e-03
3.282943041995167732e-03
3.280263859778642654e-03
3.274997696280479431e-03
3.264846745878458023e-03
3.250879934057593346e-03
3.234728937968611717e-03
3.219982143491506577e-03
3.209125250577926636e-03
3.202846506610512733e-03
3.199969884008169174e-03
3.199212951585650444e-03
3.199900966137647629e-03
3.201899584382772446e-03
3.205232089385390282e-03
3.209373913705348969e-03
3.214424010366201401e-03
3.219233825802803040e-03
3.225244581699371338e-03
3.230782458558678627e-03
3.238505218178033829e-03
3.245652886107563972e-03
3.254950279369950294e-03
3.262659767642617226e-03
3.271449357271194458e-03
3.276688978075981140e-03
3.281161189079284668e-03
3.280149074271321297e-03
3.276818431913852692e-03
3.267593448981642723e-03
3.256020601838827133e-03
3.240860300138592720e-03
3.225508611649274826e-03
3.210419556125998497e-03
3.197681857272982597e-03
3.187771653756499290e-03
3.181160194799304008e-03
3.177559701725840569e-03
3.176546189934015274e-03
3.177365986630320549e-03
3.179380903020501137e-03
3.182131797075271606e-03
3.185366746038198471e-03
3.189182607457041740e-03
3.193487646058201790e-03
3.199162660166621208e-03
3.205670509487390518e-03
3.214981872588396072e-03
3.225176362320780754e-03
3.239875426515936852e-03
3.254186594858765602e-03
3.273199778050184250e-03
3.288477193564176559e-03
3.305541118606925011e-03
3.314523724839091301e-03
3.319408744573593140e-03
3.312670160084962845e-03
3.297520568594336510e-03
3.272304311394691467e-03
3.242639126256108284e-03
3.212329000234603882e-03
3.187067108228802681e-03
3.169464413076639175e-03
3.160679014399647713e-03
3.159632673487067223e-03
3.164267400279641151e-03
3.172206459566950798e-03
3.181220497936010361e-03
3.189852926880121231e-03
3.196357749402523041e-03
3.201012033969163895e-03
3.202159656211733818e-03
3.201516810804605484e-03
3.197750542312860489e-03
3.192908829078078270e-03
3.186393063515424728e-03
3.179759019985795021e-03
3.172808093950152397e-03
3.166515380144119263e-03
3.160855500027537346e-03
3.156207269057631493e-03
3.152455203235149384e-03
3.149631200358271599e-03
3.147492185235023499e-03
3.145962255075573921e-03
3.144879359751939774e-03
3.144087037071585655e-03
3.143555950373411179e-03
3.143206704407930374e-03
3.143028356134891510e-03
3.143067006021738052e-03
3.143366426229476929e-03
3.144035348668694496e-03
3.145296592265367508e-03
3.147384617477655411e-03
3.150983480736613274e-03
3.156464779749512672e-03
3.165796864777803421e-03
3.179558319970965385e-03
3.202920546755194664e-03
3.234845818951725960e-03
3.286725608631968498e-03
3.346205456182360649e-03
3.429888514801859856e-03
3.499405924230813980e-03
3.567986190319061279e-03
3.588934428989887238e-03
3.565683495253324509e-03
3.483167383819818497e-03
3.359562251716852188e-03
3.232650458812713623e-03
3.148484975099563599e-03
3.133960301056504250e-03
3.177873790264129639e-03
3.240997903048992157e-03
3.283522324636578560e-03
3.285966347903013229e-03
3.252546535804867744e-03
3.202745458111166954e-03
3.156455699354410172e-03
3.130937926471233368e-03
3.131271339952945709e-03
3.151503857225179672e-03
3.177243284881114960e-03
3.192308126017451286e-03
3.190027549862861633e-03
3.170888172462582588e-03
3.146888222545385361e-03
3.128239652141928673e-03
3.120866138488054276e-03
3.123956033959984779e-03
3.132606390863656998e-03
3.141527296975255013e-03
3.146306844428181648e-03
3.145214868709445000e-03
3.138582920655608177e-03
3.129133954644203186e-03
3.120449837297201157e-03
3.115216968581080437e-03
3.114170162007212639e-03
3.116236533969640732e-03
3.119490575045347214e-03
3.122158581390976906e-03
3.123365342617034912e-03
3.122876631096005440e-03
3.121056593954563141e-03
3.118149936199188232e-03
3.114924998953938484e-03
3.111758036538958549e-03
3.109243465587496758e-03
3.107677912339568138e-03
3.107105381786823273e-03
3.107205033302307129e-03
3.107671160250902176e-03
3.108152421191334724e-03
3.108424600213766098e-03
3.108476521447300911e-03
3.108213422819972038e-03
3.107725875452160835e-03
3.106987802311778069e-03
3.106117481365799904e-03
3.105110488831996918e-03
3.104076953604817390e-03
3.103068564087152481e-03
3.102144692093133926e-03
3.101263660937547684e-03
3.100468078628182411e-03
3.099733963608741760e-03
3.099043155089020729e-03
3.098405664786696434e-03
3.097839187830686569e-03
3.097334410995244980e-03
3.096904139965772629e-03
3.096553497016429901e-03
3.096327418461441994e-03
3.096227766945958138e-03
3.096384694799780846e-03
3.096820786595344543e-03
3.097751643508672714e-03
3.099345136433839798e-03
3.102132817730307579e-03
3.106420161202549934e-03
3.113606246188282967e-03
3.123951610177755356e-03
3.140775719657540321e-03
3.163727931678295135e-03
3.200609236955642700e-03
3.245506435632705688e-03
3.311858046799898148e-03
3.376515815034508705e-03
3.453999524936079979e-03
3.500112332403659821e-03
3.523166757076978683e-03
3.491480601951479912e-03
3.415632760152220726e-03
3.306899452582001686e-03
3.194299759343266487e-03
3.112634876742959023e-03
3.085678676143288612e-03
3.113130806013941765e-03
3.168958239257335663e-03
3.217078978195786476e-03
3.231903072446584702e-03
3.209338057786226273e-03
3.165015717968344688e-03
3.120792796835303307e-03
3.091741120442748070e-03
3.083703340962529182e-03
3.093008650466799736e-03
3.111503319814801216e-03
3.129178658127784729e-03
3.136983374133706093e-03
3.131832927465438843e-03
3.114647930487990379e-03
3.094464540481567383e-03
3.079073037952184677e-03
3.073568921536207199e-03
3.077135654166340828e-03
3.085066797211766243e-03
3.092471044510602951e-03
3.095899708569049835e-03
3.094947664067149162e-03
3.090211423113942146e-03
3.083443036302924156e-03
3.076476743444800377e-03
3.071032930165529251e-03
3.068235004320740700e-03
3.068284131586551666e-03
3.070350736379623413e-03
3.073033643886446953e-03
3.075012471526861191e-03
3.075511427596211433e-03
3.074515145272016525e-03
3.072472289204597473e-03
3.070001490414142609e-03
3.067479236051440239e-03
3.065227530896663666e-03
3.063379554077982903e-03
3.062070580199360847e-03
3.061288967728614807e-03
3.061014460399746895e-03
3.061109222471714020e-03
3.061383031308650970e-03
3.061643568798899651e-03
3.061698284000158310e-03
3.061598632484674454e-03
3.061284543946385384e-03
3.060794668272137642e-03
3.060190705582499504e-03
3.059509675949811935e-03
3.058752976357936859e-03
3.057983936741948128e-03
3.057160414755344391e-03
3.056392539292573929e-03
3.055648179724812508e-03
3.054956439882516861e-03
3.054335014894604683e-03
3.053758526220917702e-03
3.053275402635335922e-03
3.052843268960714340e-03
3.052463755011558533e-03
3.052168292924761772e-03
3.051975276321172714e-03
3.051954554393887520e-03
3.052127314731478691e-03
3.052608575671911240e-03
3.053471446037292480e-03
3.054955042898654938e-03
3.057217691093683243e-03
3.060752991586923599e-03
3.065899247303605080e-03
3.073808969929814339e-03
3.085066098719835281e-03
3.102348884567618370e-03
3.126096213236451149e-03
3.162046894431114197e-03
3.208074253052473068e-03
3.274418180808424950e-03
3.347143996506929398e-03
3.436919068917632103e-03
3.503525862470269203e-03
3.549506189301609993e-03
3.529569599777460098e-03
3.456412348896265030e-03
3.340806113556027412e-03
3.219116944819688797e-03
3.122908063232898712e-03
3.070308128371834755e-03
3.066353732720017433e-03
3.101666225120425224e-03
3.155034501105546951e-03
3.195404540747404099e-03
3.197422949597239494e-03
3.157187020406126976e-03
3.096345346421003342e-03
3.048839047551155090e-03
3.035463392734527588e-03
3.052048850804567337e-03
3.078041831031441689e-03
3.094287123531103134e-03
3.094256622716784477e-03
3.082585986703634262e-03
3.066977951675653458e-03
3.052759217098355293e-03
3.041322110220789909e-03
3.035020083189010620e-03
3.035251749679446220e-03
3.041568677872419357e-03
3.050073748454451561e-03
3.054976230487227440e-03
3.053269581869244576e-03
3.045039484277367592e-03
3.035005880519747734e-03
3.027410479262471199e-03
3.024618607014417648e-03
3.025891492143273354e-03
3.028807230293750763e-03
3.031226573511958122e-03
3.032010747119784355e-03
3.031468950212001801e-03
3.029970219358801842e-03
3.027934348210692406e-03
3.025548299774527550e-03
3.022989491000771523e-03
3.020621137693524361e-03
3.018889110535383224e-03
3.018102841451764107e-03
3.018218791112303734e-03
3.018860006704926491e-03
3.019535448402166367e-03
3.019795520231127739e-03
3.019457682967185974e-03
3.018557326868176460e-03
3.017320530489087105e-03
3.015992231667041779e-03
3.014774061739444733e-03
3.013724694028496742e-03
3.012858331203460693e-03
3.012134460732340813e-03
3.011501627042889595e-03
3.010939108207821846e-03
3.010414307937026024e-03
3.009965643286705017e-03
3.009539796039462090e-03
3.009126055985689163e-03
3.008740721270442009e-03
3.008374944329261780e-03
3.007992869243025780e-03
3.007614286616444588e-03
3.007245715707540512e-03
3.006884129717946053e-03
3.006567712873220444e-03
3.006330225616693497e-03
3.006278304383158684e-03
3.006553975865244865e-03
3.007678315043449402e-03
3.010590560734272003e-03
3.018123563379049301e-03
3.032276872545480728e-03
3.057475201785564423e-03
3.073017578572034836e-03
3.083341754972934723e-03
3.081707283854484558e-03
3.060650080442428589e-03
3.031905507668852806e-03
3.012373112142086029e-03
3.018576651811599731e-03
3.038072958588600159e-03
3.052218584343791008e-03
3.060339484363794327e-03
3.055116394534707069e-03
3.049358492717146873e-03
3.055045148357748985e-03
3.078801091760396957e-03
3.110298421233892441e-03
3.142880741506814957e-03
3.174662822857499123e-03
3.207028843462467194e-03
3.246334847062826157e-03
3.296385286375880241e-03
3.336317604407668114e-03
3.361118026077747345e-03
3.338464070111513138e-03
3.284883219748735428e-03
3.203508211299777031e-03
3.121673362329602242e-03
3.054891945794224739e-03
3.010815940797328949e-03
2.994726877659559250e-03
3.007027087733149529e-03
3.039021277800202370e-03
3.074358217418193817e-03
3.095465479418635368e-03
3.093434963375329971e-03
3.071465296670794487e-03
3.041470190510153770e-03
3.014059504494071007e-03
2.994921756908297539e-03
2.986209467053413391e-03
2.987015526741743088e-03
2.995197428390383720e-03
3.007081802934408188e-03
3.017164999619126320e-03
3.021200885996222496e-03
3.017191076651215553e-03
3.007776802405714989e-03
2.996328752487897873e-03
2.986727748066186905e-03
2.980543300509452820e-03
2.977663651108741760e-03
2.977445023134350777e-03
2.979073207825422287e-03
2.981764962896704674e-03
2.984673483297228813e-03
2.986894920468330383e-03
2.987641375511884689e-03
2.986596198752522469e-03
2.984019462019205093e-03
2.980567514896392822e-03
2.976978896185755730e-03
2.973768860101699829e-03
2.971320413053035736e-03
2.969620283693075180e-03
2.968604210764169693e-03
2.968119923025369644e-03
2.968081971630454063e-03
2.968355547636747360e-03
2.968888031318783760e-03
2.969610039144754410e-03
2.970723435282707214e-03
2.972359303385019302e-03
2.975392388179898262e-03
2.980125835165381432e-03
2.988609950989484787e-03
2.995842369273304939e-03
3.000689204782247543e-03
2.996884752064943314e-03
2.989609492942690849e-03
2.980205230414867401e-03
2.973726950585842133e-03
2.973874099552631378e-03
2.981018275022506714e-03
2.985842525959014893e-03
2.985505387187004089e-03
2.981150057166814804e-03
2.977730240672826767e-03
2.976907417178153992e-03
2.980894176289439201e-03
2.987047657370567322e-03
2.991532208397984505e-03
2.994129201397299767e-03
2.997174626216292381e-03
3.002317855134606361e-03
3.011470660567283630e-03
3.024772042408585548e-03
3.041686490178108215e-03
3.058743197470903397e-03
3.079207846894860268e-03
3.100593807175755501e-03
3.125225426629185677e-03
3.150047268718481064e-03
3.173865610733628273e-03
3.190112765878438950e-03
3.194891149178147316e-03
3.183865686878561974e-03
3.156590275466442108e-03
3.115000436082482338e-03
3.066400531679391861e-03
3.018075367435812950e-03
2.978649921715259552e-03
2.953008515760302544e-03
2.943133469671010971e-03
2.946911845356225967e-03
2.959631849080324173e-03
2.975973533466458321e-03
2.990955952554941177e-03
3.001111326739192009e-03
3.004431258887052536e-03
3.001182805746793747e-03
2.992996014654636383e-03
2.983862534165382385e-03
2.978185890242457390e-03
2.984412014484405518e-03
2.988471183925867081e-03
2.985809696838259697e-03
2.974119037389755249e-03
2.960311248898506165e-03
2.947913249954581261e-03
2.943922532722353935e-03
2.955244155600667000e-03
2.969969063997268677e-03
2.969025634229183197e-03
2.958431141451001167e-03
2.951879985630512238e-03
2.947313711047172546e-03
2.950116293504834175e-03
2.953518414869904518e-03
2.949487650766968727e-03
2.940340433269739151e-03
2.934382995590567589e-03
2.932853065431118011e-03
2.933150622993707657e-03
2.935245400294661522e-03
2.933101030066609383e-03
2.928448840975761414e-03
2.926044631749391556e-03
2.925816923379898071e-03
2.926652319729328156e-03
2.927647903561592102e-03
2.927340567111968994e-03
2.924868371337652206e-03
2.923476509749889374e-03
2.923268359154462814e-03
2.923838794231414795e-03
2.924479311332106590e-03
2.924868371337652206e-03
2.924196189269423485e-03
2.923764288425445557e-03
2.924277679994702339e-03
2.925768028944730759e-03
2.927784109488129616e-03
2.930825110524892807e-03
2.934419550001621246e-03
2.939186990261077881e-03
2.946193795651197433e-03
2.956649754196405411e-03
2.971584908664226532e-03
2.992294495925307274e-03
3.021389478817582130e-03
3.059444017708301544e-03
3.110688645392656326e-03
3.173620672896504402e-03
3.250133711844682693e-03
3.329450497403740883e-03
3.401602385565638542e-03
3.439870895817875862e-03
3.426905721426010132e-03
3.349354723468422890e-03
3.229289082810282707e-03
3.098301356658339500e-03
3.000036580488085747e-03
2.940733451396226883e-03
2.947754925116896629e-03
2.994925947859883308e-03
3.055067732930183411e-03
3.089777426794171333e-03
3.083682619035243988e-03
3.023286815732717514e-03
2.954012714326381683e-03
2.913932316005229950e-03
2.911839168518781662e-03
2.932480536401271820e-03
2.957917284220457077e-03
2.971319481730461121e-03
2.970392815768718719e-03
2.960502868518233299e-03
2.938935533165931702e-03
2.914990764111280441e-03
2.899968763813376427e-03
2.899166429415345192e-03
2.909567905589938164e-03
2.923151943832635880e-03
2.928510773926973343e-03
2.924605039879679680e-03
2.916568191722035408e-03
2.907036338001489639e-03
2.899459796026349068e-03
2.894558478146791458e-03
2.892768708989024162e-03
2.893654862418770790e-03
2.897710073739290237e-03
2.901340136304497719e-03
2.902294276282191277e-03
2.900080755352973938e-03
2.895847894251346588e-03
2.891249023377895355e-03
2.888146089389920235e-03
2.886501839384436607e-03
2.885558176785707474e-03
2.885458758100867271e-03
2.885763766244053841e-03
2.886346774175763130e-03
2.886654576286673546e-03
2.886464819312095642e-03
2.885848749428987503e-03
2.884558634832501411e-03
2.882901579141616821e-03
2.881218912079930305e-03
2.879748353734612465e-03
2.878734609112143517e-03
2.878235187381505966e-03
2.878428203985095024e-03
2.880241256207227707e-03
2.885844558477401733e-03
2.904032822698354721e-03
2.931489609181880951e-03
2.955516800284385681e-03
2.934658434242010117e-03
2.924028784036636353e-03
2.899891464039683342e-03
2.887296956032514572e-03
2.887495793402194977e-03
2.909105969592928886e-03
2.911318326368927956e-03
2.891942393034696579e-03
2.884972840547561646e-03
2.879507606849074364e-03
2.884400542825460434e-03
2.893837401643395424e-03
2.889356575906276703e-03
2.878996310755610466e-03
2.873519668355584145e-03
2.876037964597344398e-03
2.878775820136070251e-03
2.880387939512729645e-03
2.876941347494721413e-03
2.868865616619586945e-03
2.868680516257882118e-03
2.870930125936865807e-03
2.871355973184108734e-03
2.871109871193766594e-03
2.867269329726696014e-03
2.864072099328041077e-03
2.864050213247537613e-03
2.865634160116314888e-03
2.865331247448921204e-03
2.863632049411535263e-03
2.862166380509734154e-03
2.860051812604069710e-03
2.860549837350845337e-03
2.861334010958671570e-03
2.860947512090206146e-03
2.860318636521697044e-03
2.859789645299315453e-03
2.859940519556403160e-03
2.861079061403870583e-03
2.863761736080050468e-03
2.866416936740279198e-03
2.870556665584445000e-03
2.877041930332779884e-03
2.887384034693241119e-03
2.903398126363754272e-03
2.927910303696990013e-03
2.964340150356292725e-03
3.017273964360356331e-03
3.094323445111513138e-03
3.200037172064185143e-03
3.338058944791555405e-03
3.495365614071488380e-03
3.642344847321510315e-03
3.714936319738626480e-03
3.652372397482395172e-03
3.436600323766469955e-03
3.144054906442761421e-03
2.914364449679851532e-03
2.848712494596838951e-03
2.938331104815006256e-03
3.084337105974555016e-03
3.172615310177206993e-03
3.143427660688757896e-03
3.024326171725988388e-03
2.901485422626137733e-03
2.852271310985088348e-03
2.885749563574790955e-03
2.951706293970346451e-03
2.988210646435618401e-03
2.968125743791460991e-03
2.912514843046665192e-03
2.863604342564940453e-03
2.850268967449665070e-03
2.868303097784519196e-03
2.894256031140685081e-03
2.905617468059062958e-03
2.895042998716235161e-03
2.871105447411537170e-03
2.848871517926454544e-03
2.840141300112009048e-03
2.846742281690239906e-03
2.860653679817914963e-03
2.869711024686694145e-03
2.866306575015187263e-03
2.852712757885456085e-03
2.838257467374205589e-03
2.831902587786316872e-03
2.835389226675033569e-03
2.843487774953246117e-03
2.848936244845390320e-03
2.847653813660144806e-03
2.841175068169832230e-03
2.833797829225659370e-03
2.829418517649173737e-03
2.829207805916666985e-03
2.831723541021347046e-03
2.834578743204474449e-03
2.835684921592473984e-03
2.834440441802144051e-03
2.831393619999289513e-03
2.827937249094247818e-03
2.825351199135184288e-03
2.824339782819151878e-03
2.824745839461684227e-03
2.825910458341240883e-03
2.827181713655591011e-03
2.828379394486546516e-03
2.830719808116555214e-03
2.836375497281551361e-03
2.853195415809750557e-03
2.871094271540641785e-03
2.884251298382878304e-03
2.862343098968267441e-03
2.844659611582756042e-03
2.829446922987699509e-03
2.832614583894610405e-03
2.841180656105279922e-03
2.852173522114753723e-03
2.836003433912992477e-03
2.822536975145339966e-03
2.826488111168146133e-03
2.832299564033746719e-03
2.833934733644127846e-03
2.828510245308279991e-03
2.820820780470967293e-03
2.819135319441556931e-03
2.826377516612410545e-03
2.826118841767311096e-03
2.820818452164530754e-03
2.817807020619511604e-03
2.816502004861831665e-03
2.819021465256810188e-03
2.820166992023587227e-03
2.817028202116489410e-03
2.813311992213129997e-03
2.813976258039474487e-03
2.814766252413392067e-03
2.814784646034240723e-03
2.813653321936726570e-03
2.811244688928127289e-03
2.810392994433641434e-03
2.811243524774909019e-03
2.811406506225466728e-03
2.810035599395632744e-03
2.809002762660384178e-03
2.807922661304473877e-03
2.807834884151816368e-03
2.808048855513334274e-03
2.807612530887126923e-03
2.806422766298055649e-03
2.805724274367094040e-03
2.805390395224094391e-03
2.805069088935852051e-03
2.804949879646301270e-03
2.804502146318554878e-03
2.803758019581437111e-03
2.803035313263535500e-03
2.802727743983268738e-03
2.802412491291761398e-03
2.802134025841951370e-03
2.801819471642374992e-03
2.801267895847558975e-03
2.800729824230074883e-03
2.800202462822198868e-03
2.799792680889368057e-03
2.799431793391704559e-03
2.799001755192875862e-03
2.798649016767740250e-03
2.798402449116110802e-03
2.798263216391205788e-03
2.798406872898340225e-03
2.799380337819457054e-03
2.802642527967691422e-03
2.813547151163220406e-03
2.840261906385421753e-03
2.906417241320014000e-03
2.920412225648760796e-03
2.906983252614736557e-03
2.875088946893811226e-03
2.832700964063405991e-03
2.817868022248148918e-03
2.834257204085588455e-03
2.873396268114447594e-03
2.873273100703954697e-03
2.838142216205596924e-03
2.841491485014557838e-03
2.869589719921350479e-03
2.902980195358395576e-03
2.934656571596860886e-03
2.963540609925985336e-03
3.013568930327892303e-03
3.107412485405802727e-03
3.215627744793891907e-03
3.313168650493025780e-03
3.393905935809016228e-03
3.436969127506017685e-03
3.394610248506069183e-03
3.252252470701932907e-03
3.048361279070377350e-03
2.873212099075317383e-03
2.804301213473081589e-03
2.833768492564558983e-03
2.913076197728514671e-03
2.993179019540548325e-03
3.025274258106946945e-03
2.984225749969482422e-03
2.899081213399767876e-03
2.819943707436323166e-03
2.791814971715211868e-03
2.815362997353076935e-03
2.855559112504124641e-03
2.884588204324245453e-03
2.887685550376772881e-03
2.861789427697658539e-03
2.821676433086395264e-03
2.792136510834097862e-03
2.787593519315123558e-03
2.803782001137733459e-03
2.823419170454144478e-03
2.831979189068078995e-03
2.827266464009881020e-03
2.813152736052870750e-03
2.796269487589597702e-03
2.784768585115671158e-03
2.783910604193806648e-03
2.791116014122962952e-03
2.799932612106204033e-03
2.804116113111376762e-03
2.801819005981087685e-03
2.795457374304533005e-03
2.788284327834844589e-03
2.782492898404598236e-03
2.779935486614704132e-03
2.781179733574390411e-03
2.784548792988061905e-03
2.787574194371700287e-03
2.788452431559562683e-03
2.786882920190691948e-03
2.783907577395439148e-03
2.780815353617072105e-03
2.778290538117289543e-03
2.776870736852288246e-03
2.776783425360918045e-03
2.777621848508715630e-03
2.778709633275866508e-03
2.779367612674832344e-03
2.779286587610840797e-03
2.778433728963136673e-03
2.777119167149066925e-03
2.775781089439988136e-03
2.774655586108565331e-03
2.773887943476438522e-03
2.773463493213057518e-03
2.773278160020709038e-03
2.773235319182276726e-03
2.773189684376120567e-03
2.773077692836523056e-03
2.772840438410639763e-03
2.772457897663116455e-03
2.772002946585416794e-03
2.771498635411262512e-03
2.771009458228945732e-03
2.770636929199099541e-03
2.770540537312626839e-03
2.771325176581740379e-03
2.774977590888738632e-03
2.790010999888181686e-03
2.836222061887383461e-03
2.963650273159146309e-03
2.948004985228180885e-03
2.892738208174705505e-03
2.821474336087703705e-03
2.810137113556265831e-03
2.837279811501502991e-03
2.866227179765701294e-03
2.837660722434520721e-03
2.793595660477876663e-03
2.798877423629164696e-03
2.840704517439007759e-03
2.820074558258056641e-03
2.782329916954040527e-03
2.798119792714715004e-03
2.807789482176303864e-03
2.798775443807244301e-03
2.786470577120780945e-03
2.780087990686297417e-03
2.792154438793659210e-03
2.792674116790294647e-03
2.776741283014416695e-03
2.775519853457808495e-03
2.786280121654272079e-03
2.782423282042145729e-03
2.771918661892414093e-03
2.774329390376806259e-03
2.777425805106759071e-03
2.775271423161029816e-03
2.771942177787423134e-03
2.768633188679814339e-03
2.771836007013916969e-03
2.773015294224023819e-03
2.767510013654828072e-03
2.766318852081894875e-03
2.768927020952105522e-03
2.768470672890543938e-03
2.765550278127193451e-03
2.764768432825803757e-03
2.765403361991047859e-03
2.765265060588717461e-03
2.764448523521423340e-03
2.762581687420606613e-03
2.762684132903814316e-03
2.763602882623672485e-03
2.762371907010674477e-03
2.761177252978086472e-03
2.761272015050053596e-03
2.761647570878267288e-03
2.761182142421603203e-03
2.760760253295302391e-03
2.760647330433130264e-03
2.761169569566845894e-03
2.762119751423597336e-03
2.762896241620182991e-03
2.764473902061581612e-03
2.767892554402351379e-03
2.773383399471640587e-03
2.781590679660439491e-03
2.795030362904071808e-03
2.816882682964205742e-03
2.851709723472595215e-03
2.907079644501209259e-03
2.992164343595504761e-03
3.119775792583823204e-03
3.296507522463798523e-03
3.517321310937404633e-03
3.730353899300098419e-03
3.841433441266417503e-03
3.736022626981139183e-03
3.400125540792942047e-03
2.998758805915713310e-03
2.771585481241345406e-03
2.821652218699455261e-03
3.034491790458559990e-03
3.195587079972028732e-03
3.165274625644087791e-03
2.978204749524593353e-03
2.798930741846561432e-03
2.762235468253493309e-03
2.857688115909695625e-03
2.964083570986986160e-03
2.974000060930848122e-03
2.884916262701153755e-03
2.783824922516942024e-03
2.754649613052606583e-03
2.801810856908559799e-03
2.861489541828632355e-03
2.871399745345115662e-03
2.825662959367036819e-03
2.769892569631338120e-03
2.751042600721120834e-03
2.774440217763185501e-03
2.807494485750794411e-03
2.815970219671726227e-03
2.793841995298862457e-03
2.763009862974286079e-03
2.748672151938080788e-03
2.757315058261156082e-03
2.775199012830853462e-03
2.783895237371325493e-03
2.776354318484663963e-03
2.760093426331877708e-03
2.748363185673952103e-03
2.748201834037899971e-03
2.756352769210934639e-03
2.763898111879825592e-03
2.764248754829168320e-03
2.757660346105694771e-03
2.749520353972911835e-03
2.745363628491759300e-03
2.746622776612639427e-03
2.750678453594446182e-03
2.753577427938580513e-03
2.753153443336486816e-03
2.750197891145944595e-03
2.747095655649900436e-03
2.745981328189373016e-03
2.746966434642672539e-03
2.749085426330566406e-03
2.750533632934093475e-03
2.750847721472382545e-03
2.750051673501729965e-03
2.749726874753832817e-03
2.749767620116472244e-03
2.750961109995841980e-03
2.751138759776949883e-03
2.750297077000141144e-03
2.747542690485715866e-03
2.744437893852591515e-03
2.742266515269875526e-03
2.741666045039892197e-03
2.742131706327199936e-03
2.742591546848416328e-03
2.742562443017959595e-03
2.742126118391752243e-03
2.741676755249500275e-03
2.741263480857014656e-03
2.740759868174791336e-03
2.740054158493876457e-03
2.739322837442159653e-03
2.738855546340346336e-03
2.738764509558677673e-03
2.738913754001259804e-03
2.739034825935959816e-03
2.738899784162640572e-03
2.738493960350751877e-03
2.737927017733454704e-03
2.737420611083507538e-03
2.737123519182205200e-03
2.737191971391439438e-03
2.737674163654446602e-03
2.739008516073226929e-03
2.742047654464840889e-03
2.750438172370195389e-03
2.769741462543606758e-03
2.817525994032621384e-03
2.848000964149832726e-03
2.838188782334327698e-03
2.779844682663679123e-03
2.753971610218286514e-03
2.769489306956529617e-03
2.792557701468467712e-03
2.770035760477185249e-03
2.751922700554132462e-03
2.751745283603668213e-03
2.767613157629966736e-03
2.767665544524788857e-03
2.742903772741556168e-03
2.747730351984500885e-03
2.761821961030364037e-03
2.753805834800004959e-03
2.739066723734140396e-03
2.745992504060268402e-03
2.751415828242897987e-03
2.744655823335051537e-03
2.740524942055344582e-03
2.740312833338975906e-03
2.744754776358604431e-03
2.742337295785546303e-03
2.736779861152172089e-03
2.737427130341529846e-03
2.741222735494375229e-03
2.738591283559799194e-03
2.733986824750900269e-03
2.736295573413372040e-03
2.737269969657063484e-03
2.735203597694635391e-03
2.733155619353055954e-03
2.733750967308878899e-03
2.734106499701738358e-03
2.733465749770402908e-03
2.731862710788846016e-03
2.731335349380970001e-03
2.732351887971162796e-03
2.731750020757317543e-03
2.730293199419975281e-03
2.729997504502534866e-03
2.730664098635315895e-03
2.730073174461722374e-03
2.729291329160332680e-03
2.728891558945178986e-03
2.728899475187063217e-03
2.728731837123632431e-03
2.728346036747097969e-03
2.727784449234604836e-03
2.727460581809282303e-03
2.727602375671267509e-03
2.727315295487642288e-03
2.726771635934710503e-03
2.726433333009481430e-03
2.726423786953091621e-03
2.726240083575248718e-03
2.725949976593255997e-03
2.725670812651515007e-03
2.725376747548580170e-03
2.725311089307069778e-03
2.725301310420036316e-03
2.725174417719244957e-03
2.725080121308565140e-03
2.725071972236037254e-03
2.725310157984495163e-03
2.725779544562101364e-03
2.726491540670394897e-03
2.727733226493000984e-03
2.729698084294795990e-03
2.732682973146438599e-03
2.737407339736819267e-03
2.744834171608090401e-03
2.756745321676135063e-03
2.775969449430704117e-03
2.809121273458003998e-03
2.866252092644572258e-03
2.977249212563037872e-03
3.109873272478580475e-03
3.239118959754705429e-03
3.283318597823381424e-03
3.386251162737607956e-03
3.476634388789534569e-03
3.544350620359182358e-03
3.365792334079742432e-03
3.110982710495591164e-03
2.876575337722897530e-03
2.776500070467591286e-03
2.832132391631603241e-03
2.905273577198386192e-03
3.019320778548717499e-03
3.042236436158418655e-03
2.915433375164866447e-03
2.797450404614210129e-03
2.756356261670589447e-03
2.767679281532764435e-03
2.813484752550721169e-03
2.868478419259190559e-03
2.856982871890068054e-03
2.795231062918901443e-03
2.754064276814460754e-03
2.735595684498548508e-03
2.750626765191555023e-03
2.782099880278110504e-03
2.794477855786681175e-03
2.785611432045698166e-03
2.753977430984377861e-03
2.730098087340593338e-03
2.730901818722486496e-03
2.740417839959263802e-03
2.752177184447646141e-03
2.758130198344588280e-03
2.750202780589461327e-03
2.732250140979886055e-03
2.723895711824297905e-03
2.725614933297038078e-03
2.728793770074844360e-03
2.735913032665848732e-03
2.738280221819877625e-03
2.733544446527957916e-03
2.725979778915643692e-03
2.720631659030914307e-03
2.719794167205691338e-03
2.721818163990974426e-03
2.724900608882308006e-03
2.726076869294047356e-03
2.725729020312428474e-03
2.721878467127680779e-03
2.718291478231549263e-03
2.717034192755818367e-03
2.717158291488885880e-03
2.717745956033468246e-03
2.719137584790587425e-03
2.719673095270991325e-03
2.718504285439848900e-03
2.716839546337723732e-03
2.715439535677433014e-03
2.714459784328937531e-03
2.714204834774136543e-03
2.714439295232295990e-03
2.714857459068298340e-03
2.715043257921934128e-03
2.714811125770211220e-03
2.713969675824046135e-03
2.713243709877133369e-03
2.712619258090853691e-03
2.712083980441093445e-03
2.711749635636806488e-03
2.711798995733261108e-03
2.711865352466702461e-03
2.711751265451312065e-03
2.711567794904112816e-03
2.711225533857941628e-03
2.710874658077955246e-03
2.710485365241765976e-03
2.710046945139765739e-03
2.709690481424331665e-03
2.709441818296909332e-03
2.709315391257405281e-03
2.709202468395233154e-03
2.709044609218835831e-03
2.708902815356850624e-03
2.708720741793513298e-03
2.708470914512872696e-03
2.708218060433864594e-03
2.707961481064558029e-03
2.707668580114841461e-03
2.707401290535926819e-03
2.707164268940687180e-03
2.706958679482340813e-03
2.706873230636119843e-03
2.707116305828094482e-03
2.708672778680920601e-03
2.715584356337785721e-03
2.747354796156287193e-03
2.850292716175317764e-03
3.053352469578385353e-03
2.881458029150962830e-03
2.848282456398010254e-03
2.758050104603171349e-03
2.883036853745579720e-03
2.863955218344926834e-03
2.833128208294510841e-03
2.832769183441996574e-03
2.855888102203607559e-03
2.873973455280065536e-03
2.828440628945827484e-03
2.817312022671103477e-03
2.825942356139421463e-03
2.801396185532212257e-03
2.757231006398797035e-03
2.755316672846674919e-03
2.764973556622862816e-03
2.732401480898261070e-03
2.729489933699369431e-03
2.755949506536126137e-03
2.742159878835082054e-03
2.738318871706724167e-03
2.753663808107376099e-03
2.745256293565034866e-03
2.737153554335236549e-03
2.737668110057711601e-03
2.732562599703669548e-03
2.727622631937265396e-03
2.723558805882930756e-03
2.720844466239213943e-03
2.721081953495740891e-03
2.719355281442403793e-03
2.717876341193914413e-03
2.720075659453868866e-03
2.719877054914832115e-03
2.716762712225317955e-03
2.717896597459912300e-03
2.718265866860747337e-03
2.714033704251050949e-03
2.713663037866353989e-03
2.714364090934395790e-03
2.711117733269929886e-03
2.710110973566770554e-03
2.710862085223197937e-03
2.709323773160576820e-03
2.708290936425328255e-03
2.708672313019633293e-03
2.708182903006672859e-03
2.707543550059199333e-03
2.707509789615869522e-03
2.707068342715501785e-03
2.706836443394422531e-03
2.706643892452120781e-03
2.705973107367753983e-03
2.705817343667149544e-03
2.705674385651946068e-03
2.705041086301207542e-03
2.704652259126305580e-03
2.704603830352425575e-03
2.704226644709706306e-03
2.703668549656867981e-03
2.703615697100758553e-03
2.703492762520909309e-03
2.703097416087985039e-03
2.703004982322454453e-03
2.703090431168675423e-03
2.703097648918628693e-03
2.703213132917881012e-03
2.703685779124498367e-03
2.704330487176775932e-03
2.705341437831521034e-03
2.706923987716436386e-03
2.709207823500037193e-03
2.712634624913334846e-03
2.717798342928290367e-03
2.725229831412434578e-03
2.736342372372746468e-03
2.752582775428891182e-03
2.776566660031676292e-03
2.810582518577575684e-03
2.859652275219559669e-03
2.925059292465448380e-03
3.011997090652585030e-03
3.109897952526807785e-03
3.210846800357103348e-03
3.273112932220101357e-03
3.268839791417121887e-03
3.164137247949838638e-03
2.990323584526777267e-03
2.813034923747181892e-03
2.710161264985799789e-03
2.711244858801364899e-03
2.787241013720631599e-03
2.877172781154513359e-03
2.924120053648948669e-03
2.905696863308548927e-03
2.833627164363861084e-03
2.751695923507213593e-03
2.701602876186370850e-03
2.701243385672569275e-03
2.737075323238968849e-03
2.778468187898397446e-03
2.798727480694651604e-03
2.787006786093115807e-03
2.753245644271373749e-03
2.716634655371308327e-03
2.695383504033088684e-03
2.695848466828465462e-03
2.711668610572814941e-03
2.729811239987611771e-03
2.738720038905739784e-03
2.734423847869038582e-03
2.720245625823736191e-03
2.704302780330181122e-03
2.693631453439593315e-03
2.691505942493677139e-03
2.696518320590257645e-03
2.704462269321084023e-03
2.711161505430936813e-03
2.714493544772267342e-03
2.717204624786973000e-03
2.726043574512004852e-03
2.761503681540489197e-03
2.796549815684556961e-03
2.802384784445166588e-03
2.736586378887295723e-03
2.722253557294607162e-03
2.737103961408138275e-03
2.770829712972044945e-03
2.728971419855952263e-03
2.720881486311554909e-03
2.731408923864364624e-03
2.731668762862682343e-03
2.706661121919751167e-03
2.703667851164937019e-03
2.717300318181514740e-03
2.711917972192168236e-03
2.704007318243384361e-03
2.705829450860619545e-03
2.718661446124315262e-03
2.708632033318281174e-03
2.700292039662599564e-03
2.707016887143254280e-03
2.704760059714317322e-03
2.696305047720670700e-03
2.693769754841923714e-03
2.699814969673752785e-03
2.696278039366006851e-03
2.692597452551126480e-03
2.696194220334291458e-03
2.697291551157832146e-03
2.694843104109168053e-03
2.692586742341518402e-03
2.694534836336970329e-03
2.693218411877751350e-03
2.690908266231417656e-03
2.689681714400649071e-03
2.690363442525267601e-03
2.689899178221821785e-03
2.688017208129167557e-03
2.688100328668951988e-03
2.688821172341704369e-03
2.688546199351549149e-03
2.687094733119010925e-03
2.687630476430058479e-03
2.687820000573992729e-03
2.687257016077637672e-03
2.686179941520094872e-03
2.686406020075082779e-03
2.686256542801856995e-03
2.685662358999252319e-03
2.684931736439466476e-03
2.684819046407938004e-03
2.684679813683032990e-03
2.684214152395725250e-03
2.683734055608510971e-03
2.683393890038132668e-03
2.683427650481462479e-03
2.683064667508006096e-03
2.682633232325315475e-03
2.682337071746587753e-03
2.682228805497288704e-03
2.682099118828773499e-03
2.681711222976446152e-03
2.681422280147671700e-03
2.681244164705276489e-03
2.681020181626081467e-03
2.680852310732007027e-03
2.680704230442643166e-03
2.680480480194091797e-03
2.680240897461771965e-03
2.679983386769890785e-03
2.679775003343820572e-03
2.679566387087106705e-03
2.679348224774003029e-03
2.679148456081748009e-03
2.678988268598914146e-03
2.678848803043365479e-03
2.678822260349988937e-03
2.679294440895318985e-03
2.682225778698921204e-03
2.697891788557171822e-03
2.783400006592273712e-03
2.999431919306516647e-03
3.128353040665388107e-03
2.987057203426957130e-03
2.837597159668803215e-03
2.874984638765454292e-03
2.936260309070348740e-03
2.987148007377982140e-03
3.047510515898466110e-03
3.243763465434312820e-03
3.516538767144083977e-03
3.791317343711853027e-03
3.809023182839155197e-03
3.606344573199748993e-03
3.219601698219776154e-03
2.811912912875413895e-03
2.798849716782569885e-03
3.069959115236997604e-03
3.194846212863922119e-03
3.141927300021052361e-03
2.942106686532497406e-03
2.729944884777069092e-03
2.800201298668980598e-03
2.970827743411064148e-03
2.964981831610202789e-03
2.869233023375272751e-03
2.756358357146382332e-03
2.730250125750899315e-03
2.831158693879842758e-03
2.877493854612112045e-03
2.818071283400058746e-03
2.746958751231431961e-03
2.716286573559045792e-03
2.749303355813026428e-03
2.791275037452578545e-03
2.776298671960830688e-03
2.731731394305825233e-03
2.706677420064806938e-03
2.720986725762486458e-03
2.748765749856829643e-03
2.746797166764736176e-03
2.722812816500663757e-03
2.702628495171666145e-03
2.700788201764225960e-03
2.718680072575807571e-03
2.726523904129862785e-03
2.712657675147056580e-03
2.699689008295536041e-03
2.694945316761732101e-03
2.698936033993959427e-03
2.708182204514741898e-03
2.706583589315414429e-03
2.696366747841238976e-03
2.691036323085427284e-03
2.690859371796250343e-03
2.694375347346067429e-03
2.697896212339401245e-03
2.694698050618171692e-03
2.688700566068291664e-03
2.686715219169855118e-03
2.687757136300206184e-03
2.689475426450371742e-03
2.690203720703721046e-03
2.687946893274784088e-03
2.684628590941429138e-03
2.683572238311171532e-03
2.684218343347311020e-03
2.685057464987039566e-03
2.685131039470434189e-03
2.683660713955760002e-03
2.681914251297712326e-03
2.681101439520716667e-03
2.681083744391798973e-03
2.681561978533864021e-03
2.681533573195338249e-03
2.680629026144742966e-03
2.679676515981554985e-03
2.678902586922049522e-03
2.678528428077697754e-03
2.678652293980121613e-03
2.678625518456101418e-03
2.678195247426629066e-03
2.677594544366002083e-03
2.676977543160319328e-03
2.676477190107107162e-03
2.676295349374413490e-03
2.676234813407063484e-03
2.675986150279641151e-03
2.675634808838367462e-03
2.675217110663652420e-03
2.674739807844161987e-03
2.674402436241507530e-03
2.674193121492862701e-03
2.674007788300514221e-03
2.673763781785964966e-03
2.673488575965166092e-03
2.673143986612558365e-03
2.672793576493859291e-03
2.672495320439338684e-03
2.672225004062056541e-03
2.672015689313411713e-03
2.671793103218078613e-03
2.671551890671253204e-03
2.671284833922982216e-03
2.671004971489310265e-03
2.670713700354099274e-03
2.670442452654242516e-03
2.670219400897622108e-03
2.669977257028222084e-03
2.669757232069969177e-03
2.669536741450428963e-03
2.669289009645581245e-03
2.669042907655239105e-03
2.668806817382574081e-03
2.668556291610002518e-03
2.668330445885658264e-03
2.668111817911267281e-03
2.667881548404693604e-03
2.667667809873819351e-03
2.667445689439773560e-03
2.667235210537910461e-03
2.667014719918370247e-03
2.666785847395658493e-03
2.666569314897060394e-03
2.666349988430738449e-03
2.666144166141748428e-03
2.665923209860920906e-03
2.665719250217080116e-03
2.665517851710319519e-03
2.665305975824594498e-03
2.665105275809764862e-03
2.664892468601465225e-03
2.664695028215646744e-03
2.664492931216955185e-03
2.664295956492424011e-03
2.664095722138881683e-03
2.663893625140190125e-03
2.663696650415658951e-03
2.663497347384691238e-03
2.663296647369861603e-03
2.663112478330731392e-03
2.662913408130407333e-03
2.662729006260633469e-03
2.662533894181251526e-03
2.662340179085731506e-03
2.662154613062739372e-03
2.661977428942918777e-03
2.661835867911577225e-03
2.661830512806773186e-03
2.662563929334282875e-03
2.667357446625828743e-03
2.694624708965420723e-03
2.840348286554217339e-03
3.033706452697515488e-03
2.983738901093602180e-03
2.922648796811699867e-03
2.740382216870784760e-03
2.869008341804146767e-03
2.871318720281124115e-03
2.798303263261914253e-03
2.789824269711971283e-03
2.848440548405051231e-03
2.861676504835486412e-03
2.839698223397135735e-03
2.871338045224547386e-03
2.899457700550556183e-03
2.861354732885956764e-03
2.807838609442114830e-03
2.797774272039532661e-03
2.768278820440173149e-03
2.704119775444269180e-03
2.712225308641791344e-03
2.739428542554378510e-03
2.721854951232671738e-03
2.739442279562354088e-03
2.760127419605851173e-03
2.736234106123447418e-03
2.724150195717811584e-03
2.716769231483340263e-03
2.694915514439344406e-03
2.692158333957195282e-03
2.698122989386320114e-03
2.696982584893703461e-03
2.700536511838436127e-03
2.704830374568700790e-03
2.701186574995517731e-03
2.692981623113155365e-03
2.687599509954452515e-03
2.684622071683406830e-03
2.680481178686022758e-03
2.679465338587760925e-03
2.682561986148357391e-03
2.684252336621284485e-03
2.683155704289674759e-03
2.682636957615613937e-03
2.682377584278583527e-03
2.678753342479467392e-03
2.675388008356094360e-03
2.675117459148168564e-03
2.673081820830702782e-03
2.671359572559595108e-03
2.672623377293348312e-03
2.672617323696613312e-03
2.671945840120315552e-03
2.672436414286494255e-03
2.672225702553987503e-03
2.671091817319393158e-03
2.670218003913760185e-03
2.669509267434477806e-03
2.668268047273159027e-03
2.667235443368554115e-03
2.666796790435910225e-03
2.666150918230414391e-03
2.665614243596792221e-03
2.665398409590125084e-03
2.665155567228794098e-03
2.664938801899552345e-03
2.664682688191533089e-03
2.664420055225491524e-03
2.664149738848209381e-03
2.663848688825964928e-03
2.663497114554047585e-03
2.663132501766085625e-03
2.662853337824344635e-03
2.662431215867400169e-03
2.662040293216705322e-03
2.661834703758358955e-03
2.661464503034949303e-03
2.661066129803657532e-03
2.660856582224369049e-03
2.660626312717795372e-03
2.660357626155018806e-03
2.660191617906093597e-03
2.660118043422698975e-03
2.660049824044108391e-03
2.660069847479462624e-03
2.660277066752314568e-03
2.660667756572365761e-03
2.661293838173151016e-03
2.662310842424631119e-03
2.663885941728949547e-03
2.666247077286243439e-03
2.669792855158448219e-03
2.675018506124615669e-03
2.682921942323446274e-03
2.694447292014956474e-03
2.711805747821927071e-03
2.736776834353804588e-03
2.774039749056100845e-03
2.825583796948194504e-03
2.898844890296459198e-03
2.988725202158093452e-03
3.098139539361000061e-03
3.192564006894826889e-03
3.252602182328701019e-03
3.216316923499107361e-03
3.086830722168087959e-03
2.892460441216826439e-03
2.725872443988919258e-03
2.656809519976377487e-03
2.695248462259769440e-03
2.790889702737331390e-03
2.872782293707132339e-03
2.894231583923101425e-03
2.842222107574343681e-03
2.753846812993288040e-03
2.678483957424759865e-03
2.653614385053515434e-03
2.679543336853384972e-03
2.726817736402153969e-03
2.760669449344277382e-03
2.759957453235983849e-03
2.729378407821059227e-03
2.687370637431740761e-03
2.657629316672682762e-03
2.651904709637165070e-03
2.666539279744029045e-03
2.687553409487009048e-03
2.700226614251732826e-03
2.698176773265004158e-03
2.683663042262196541e-03
2.665943000465631485e-03
2.653299598023295403e-03
2.649928908795118332e-03
2.654524985700845718e-03
2.662290818989276886e-03
2.668249653652310371e-03
2.669433364644646645e-03
2.666205400601029396e-03
2.661239355802536011e-03
2.659467980265617371e-03
2.668710658326745033e-03
2.697510179132223129e-03
2.764092758297920227e-03
2.759018214419484138e-03
2.704587997868657112e-03
2.670567017048597336e-03
2.668677130714058876e-03
2.704813377931714058e-03
2.679866272956132889e-03
2.658171579241752625e-03
2.670295070856809616e-03
2.686976222321391106e-03
2.662478480488061905e-03
2.658330835402011871e-03
2.670300658792257309e-03
2.671798225492238998e-03
2.656126860529184341e-03
2.656301716342568398e-03
2.666143700480461121e-03
2.659952268004417419e-03
2.652992960065603256e-03
2.656063297763466835e-03
2.661488950252532959e-03
2.653539879247546196e-03
2.650924725458025932e-03
2.655858173966407776e-03
2.655187854543328285e-03
2.650378504768013954e-03
2.649902598932385445e-03
2.653782023116946220e-03
2.651020186021924019e-03
2.648355206474661827e-03
2.649134956300258636e-03
2.650752430781722069e-03
2.648264635354280472e-03
2.646877430379390717e-03
2.647880930453538895e-03
2.648320281878113747e-03
2.646468812599778175e-03
2.645729342475533485e-03
2.646286040544509888e-03
2.646437846124172211e-03
2.645072294399142265e-03
2.644603373482823372e-03
2.644917694851756096e-03
2.644979162141680717e-03
2.643899293616414070e-03
2.643528161570429802e-03
2.643586136400699615e-03
2.643656451255083084e-03
2.643036423251032829e-03
2.642407780513167381e-03
2.642469480633735657e-03
2.642456674948334694e-03
2.642148872837424278e-03
2.641580998897552490e-03
2.641293453052639961e-03
2.641348168253898621e-03
2.641210565343499184e-03
2.640952356159687042e-03
2.640683902427554131e-03
2.640365855768322945e-03
2.640111837536096573e-03
2.639965619891881943e-03
2.639822894707322121e-03
2.639766316860914230e-03
2.639811718836426735e-03
2.639914164319634438e-03
2.640259452164173126e-03
2.641478786244988441e-03
2.645778236910700798e-03
2.665829844772815704e-03
2.748401602730154991e-03
3.001907374709844589e-03
2.855981932953000069e-03
2.833523554727435112e-03
2.736876718699932098e-03
2.832476049661636353e-03
2.935438416898250580e-03
3.056278452277183533e-03
3.231475129723548889e-03
3.516161348670721054e-03
3.798936028033494949e-03
3.860294818878173828e-03
3.574990667402744293e-03
3.031569300219416618e-03
2.716666553169488907e-03
2.823963528499007225e-03
3.121350659057497978e-03
3.243351820856332779e-03
3.017234615981578827e-03
2.738749841228127480e-03
2.706275787204504013e-03
2.864255802705883980e-03
2.984576858580112457e-03
2.888225251808762550e-03
2.709418768063187599e-03
2.683617640286684036e-03
2.776245586574077606e-03
2.839886350557208061e-03
2.803272800520062447e-03
2.699222648516297340e-03
2.660015830770134926e-03
2.719633281230926514e-03
2.764929784461855888e-03
2.737957751378417015e-03
2.681405982002615929e-03
2.658389741554856300e-03
2.687824424356222153e-03
2.718368079513311386e-03
2.704878104850649834e-03
2.667718799784779549e-03
2.651408780366182327e-03
2.668681321665644646e-03
2.687814645469188690e-03
2.682427642866969109e-03
2.662574872374534607e-03
2.649447182193398476e-03
2.653829287737607956e-03
2.666888991370797157e-03
2.669331151992082596e-03
2.657857490703463554e-03
2.646994078531861305e-03
2.646925393491983414e-03
2.653128234669566154e-03
2.657120581716299057e-03
2.654030220583081245e-03
2.646222244948148727e-03
2.642816631123423576e-03
2.645784523338079453e-03
2.648964058607816696e-03
2.648891415446996689e-03
2.645336324349045753e-03
2.641542581841349602e-03
2.640953287482261658e-03
2.642891602590680122e-03
2.644338877871632576e-03
2.643331652507185936e-03
2.640947233885526657e-03
2.639116486534476280e-03
2.638990757986903191e-03
2.639914397150278091e-03
2.640370978042483330e-03
2.639758167788386345e-03
2.638278761878609657e-03
2.637160010635852814e-03
2.636992372572422028e-03
2.637387719005346298e-03
2.637529745697975159e-03
2.637178637087345123e-03
2.636340912431478500e-03
2.635522047057747841e-03
2.635178621858358383e-03
2.635244745761156082e-03
2.635285258293151855e-03
2.635099692270159721e-03
2.634639386087656021e-03
2.634081523865461349e-03
2.633648458868265152e-03
2.633444499224424362e-03
2.633373020216822624e-03
2.633285243064165115e-03
2.633040305227041245e-03
2.632684074342250824e-03
2.632298041135072708e-03
2.631987910717725754e-03
2.631783951073884964e-03
2.631640061736106873e-03
2.631498966366052628e-03
2.631299663335084915e-03
2.631020499393343925e-03
2.630723174661397934e-03
2.630452159792184830e-03
2.630230039358139038e-03
2.630063099786639214e-03
2.629897091537714005e-03
2.629700116813182831e-03
2.629490802064538002e-03
2.629264025017619133e-03
2.629016991704702377e-03
2.628803020343184471e-03
2.628608373925089836e-03
2.628439338877797127e-03
2.628316637128591537e-03
2.628442132845520973e-03
2.629901980981230736e-03
2.640024526044726372e-03
2.702497877180576324e-03
3.002573736011981964e-03
2.931050723418593407e-03
2.832085592672228813e-03
2.747366670519113541e-03
2.761485287919640541e-03
2.826272509992122650e-03
2.784076146781444550e-03
2.693670568987727165e-03
2.741461852565407753e-03
2.740650204941630363e-03
2.688386710360646248e-03
2.685771323740482330e-03
2.715548267588019371e-03
2.702919766306877136e-03
2.673519775271415710e-03
2.696599811315536499e-03
2.696016337722539902e-03
2.658188808709383011e-03
2.670054556801915169e-03
2.681396901607513428e-03
2.659872639924287796e-03
2.662768820300698280e-03
2.676245290786027908e-03
2.665717853233218193e-03
2.653781091794371605e-03
2.660031197592616081e-03
2.660983474925160408e-03
2.649527043104171753e-03
2.651698654517531395e-03
2.657246543094515800e-03
2.650584094226360321e-03
2.648147987201809883e-03
2.650506328791379929e-03
2.648345660418272018e-03
2.644523978233337402e-03
2.643557265400886536e-03
2.645243424922227859e-03
2.643331419676542282e-03
2.641342580318450928e-03
2.643487416207790375e-03
2.641753992065787315e-03
2.638739766553044319e-03
2.639626618474721909e-03
2.639335813000798225e-03
2.637387020513415337e-03
2.637057332322001457e-03
2.637676661834120750e-03
2.636696211993694305e-03
2.635445445775985718e-03
2.635836601257324219e-03
2.635212382301688194e-03
2.633973024785518646e-03
2.633774885907769203e-03
2.633464988321065903e-03
2.632888965308666229e-03
2.632271265611052513e-03
2.632079645991325378e-03
2.631945768371224403e-03
2.631238196045160294e-03
2.630818868055939674e-03
2.630603499710559845e-03
2.630186034366488457e-03
2.629641909152269363e-03
2.629289869219064713e-03
2.629094058647751808e-03
2.628578571602702141e-03
2.628237474709749222e-03
2.627987414598464966e-03
2.627693116664886475e-03
2.627310575917363167e-03
2.626964356750249863e-03
2.626759931445121765e-03
2.626422094181180000e-03
2.626065863296389580e-03
2.625786000862717628e-03
2.625524299219250679e-03
2.625192748382687569e-03
2.624865388497710228e-03
2.624603919684886932e-03
2.624340821057558060e-03
2.624028827995061874e-03
2.623743843287229538e-03
2.623481210321187973e-03
2.623230684548616409e-03
2.622942440211772919e-03
2.622681437060236931e-03
2.622429747134447098e-03
2.622178988531231880e-03
2.621913561597466469e-03
2.621661871671676636e-03
2.621418330818414688e-03
2.621180145069956779e-03
2.620936138555407524e-03
2.620683517307043076e-03
2.620456740260124207e-03
2.620223211124539375e-03
2.620002487674355507e-03
2.619761275127530098e-03
2.619528444483876228e-03
2.619307255372405052e-03
2.619091188535094261e-03
2.618867438286542892e-03
2.618653234094381332e-03
2.618426922708749771e-03
2.618216909468173981e-03
2.618007129058241844e-03
2.617800841107964516e-03
2.617601770907640457e-03
2.617413876578211784e-03
2.617259277030825615e-03
2.617197111248970032e-03
2.617503283545374870e-03
2.619480481371283531e-03
2.630034228786826134e-03
2.690010704100131989e-03
2.896056044846773148e-03
3.197548910975456238e-03
3.053587861359119415e-03
3.111313795670866966e-03
3.267500083893537521e-03
3.700284287333488464e-03
4.538271110504865646e-03
5.196704994887113571e-03
5.000001750886440277e-03
3.980658948421478271e-03
2.990499138832092285e-03
3.161816392093896866e-03
4.034738987684249878e-03
3.801750484853982925e-03
2.825641073286533356e-03
2.989344298839569092e-03
3.493817988783121109e-03
3.255112795159220695e-03
2.908327616751194000e-03
2.867704955860972404e-03
3.140987828373908997e-03
3.120162058621644974e-03
2.742731478065252304e-03
2.830184530466794968e-03
3.039600560441613197e-03
2.854442922398447990e-03
2.719557145610451698e-03
2.821424743160605431e-03
2.868050476536154747e-03
2.761201467365026474e-03
2.698441734537482262e-03
2.778589492663741112e-03
2.802929840981960297e-03
2.688185544684529305e-03
2.684384817257523537e-03
2.765331882983446121e-03
2.714901929721236229e-03
2.665557898581027985e-03
2.694107359275221825e-03
2.709184074774384499e-03
2.689992310479283333e-03
2.652757801115512848e-03
2.672451315447688103e-03
2.697890391573309898e-03
2.656119409948587418e-03
2.646441338583827019e-03
2.670991234481334686e-03
2.665258711203932762e-03
2.649051370099186897e-03
2.643382176756858826e-03
2.653761301189661026e-03
2.656263066455721855e-03
2.639405662193894386e-03
2.638135338202118874e-03
2.649050904437899590e-03
2.644095802679657936e-03
2.634646138176321983e-03
2.636793302372097969e-03
2.640710677951574326e-03
2.637670841068029404e-03
2.632500836625695229e-03
2.631976036354899406e-03
2.635656390339136124e-03
2.634089440107345581e-03
2.628772985190153122e-03
2.629996044561266899e-03
2.632056130096316338e-03
2.629654249176383018e-03
2.627778099849820137e-03
2.627343172207474709e-03
2.628132468089461327e-03
2.627984620630741119e-03
2.625382971018552780e-03
2.625005319714546204e-03
2.626206725835800171e-03
2.625209745019674301e-03
2.623874926939606667e-03
2.623547567054629326e-03
2.623622072860598564e-03
2.623484935611486435e-03
2.622448606416583061e-03
2.621699590235948563e-03
2.621914492920041084e-03
2.621752209961414337e-03
2.620930084958672523e-03
2.620396902784705162e-03
2.620284911245107651e-03
2.620129846036434174e-03
2.619663951918482780e-03
2.619095146656036377e-03
2.618782222270965576e-03
2.618717262521386147e-03
2.618380822241306305e-03
2.617838094010949135e-03
2.617546822875738144e-03
2.617378020659089088e-03
2.617093035951256752e-03
2.616737503558397293e-03
2.616364974528551102e-03
2.616113284602761269e-03
2.615925390273332596e-03
2.615610603243112564e-03
2.615263452753424644e-03
2.615003613755106926e-03
2.614782657474279404e-03
2.614511176943778992e-03
2.614230616018176079e-03
2.613930497318506241e-03
2.613682532683014870e-03
2.613459946587681770e-03
2.613210119307041168e-03
2.612917684018611908e-03
2.612665994092822075e-03
2.612440381199121475e-03
2.612202661111950874e-03
2.611951902508735657e-03
2.611698117107152939e-03
2.611462492495775223e-03
2.611233154311776161e-03
2.611010102555155754e-03
2.610760740935802460e-03
2.610523719340562820e-03
2.610318362712860107e-03
2.610087627544999123e-03
2.609862480312585831e-03
2.609635237604379654e-03
2.609411254525184631e-03
2.609197050333023071e-03
2.608978189527988434e-03
2.608770271763205528e-03
2.608544891700148582e-03
2.608333248645067215e-03
2.608120907098054886e-03
2.607917413115501404e-03
2.607712056487798691e-03
2.607507864013314247e-03
2.607293659821152687e-03
2.607096219435334206e-03
2.606892958283424377e-03
2.606692491099238396e-03
2.606490626931190491e-03
2.606303198263049126e-03
2.606118563562631607e-03
2.605968387797474861e-03
2.605894347652792931e-03
2.606086200103163719e-03
2.607469446957111359e-03
2.613820368424057961e-03
2.644957508891820908e-03
2.745650243014097214e-03
2.951396629214286804e-03
2.718882868066430092e-03
2.754785818979144096e-03
2.695107366889715195e-03
2.778476104140281677e-03
2.669999143108725548e-03
2.674056682735681534e-03
2.724728314206004143e-03
2.657171338796615601e-03
2.659828402101993561e-03
2.684476552531123161e-03
2.662223298102617264e-03
2.649546600878238678e-03
2.667625900357961655e-03
2.652910072356462479e-03
2.634377684444189072e-03
2.653653733432292938e-03
2.644968684762716293e-03
2.625351073220372200e-03
2.644642023369669914e-03
2.642283681780099869e-03
2.625897526741027832e-03
2.635943703353404999e-03
2.634127624332904816e-03
2.625375287607312202e-03
2.630014205351471901e-03
2.627058420330286026e-03
2.623893087729811668e-03
2.626734320074319839e-03
2.622977597638964653e-03
2.620342653244733810e-03
2.622865373268723488e-03
2.621720312163233757e-03
2.617699094116687775e-03
2.617771504446864128e-03
2.619157079607248306e-03
2.616320969536900520e-03
2.615432487800717354e-03
2.616928424686193466e-03
2.614782424643635750e-03
2.613790100440382957e-03
2.614375203847885132e-03
2.612848067656159401e-03
2.612484851852059364e-03
2.612579846754670143e-03
2.611428033560514450e-03
2.611012198030948639e-03
2.610982861369848251e-03
2.610317431390285492e-03
2.609608462080359459e-03
2.609591232612729073e-03
2.609053393825888634e-03
2.608254784718155861e-03
2.608348149806261063e-03
2.607915550470352173e-03
2.607279689982533455e-03
2.607133472338318825e-03
2.606820780783891678e-03
2.606335328891873360e-03
2.605915069580078125e-03
2.605801681056618690e-03
2.605341374874114990e-03
2.604966517537832260e-03
2.604790264740586281e-03
2.604418667033314705e-03
2.604076871648430824e-03
2.603806089609861374e-03
2.603565808385610580e-03
2.603170694783329964e-03
2.602924127131700516e-03
2.602643566206097603e-03
2.602370921522378922e-03
2.602060558274388313e-03
2.601806074380874634e-03
2.601542975753545761e-03
2.601263346150517464e-03
2.600964624434709549e-03
2.600758336484432220e-03
2.600486157462000847e-03
2.600199310109019279e-03
2.599968342110514641e-03
2.599730854853987694e-03
2.599478233605623245e-03
2.599207917228341103e-03
2.598987426608800888e-03
2.598751336336135864e-03
2.598507795482873917e-03
2.598268678411841393e-03
2.598034217953681946e-03
2.597821177914738655e-03
2.597584621980786324e-03
2.597344806417822838e-03
2.597137354314327240e-03
2.596914768218994141e-03
2.596708014607429504e-03
2.596502657979726791e-03
2.596281934529542923e-03
2.596083097159862518e-03
2.595889149233698845e-03
2.595735713839530945e-03
2.595683094114065170e-03
2.596020465716719627e-03
2.598023274913430214e-03
2.607276197522878647e-03
2.653579693287611008e-03
2.780925948172807693e-03
2.972486661747097969e-03
2.772314939647912979e-03
2.796838060021400452e-03
2.741497941315174103e-03
2.816508058458566666e-03
2.757137408480048180e-03
2.708082552999258041e-03
2.753326669335365295e-03
2.715251175686717033e-03
2.669734880328178406e-03
2.664746716618537903e-03
2.678004326298832893e-03
2.667496213689446449e-03
2.656064927577972412e-03
2.673888113349676132e-03
2.662291983142495155e-03
2.641364932060241699e-03
2.651209011673927307e-03
2.640316961333155632e-03
2.625863533467054367e-03
2.637865720316767693e-03
2.641011727973818779e-03
2.627205569297075272e-03
2.628293121233582497e-03
2.634527627378702164e-03
2.623749198392033577e-03
2.616064390167593956e-03
2.621421823278069496e-03
2.619832754135131836e-03
2.616212470456957817e-03
2.618036931380629539e-03
2.616565907374024391e-03
2.613512566313147545e-03
2.611558651551604271e-03
2.610413124784827232e-03
2.610292984172701836e-03
2.609262242913246155e-03
2.609807532280683517e-03
2.609271788969635963e-03
2.606152091175317764e-03
2.606747671961784363e-03
2.606740454211831093e-03
2.603630069643259048e-03
2.603843342512845993e-03
2.604726934805512428e-03
2.603149972856044769e-03
2.602402586489915848e-03
2.602930413559079170e-03
2.602143911644816399e-03
2.600718289613723755e-03
2.600717591121792793e-03
2.600276842713356018e-03
2.599373226985335350e-03
2.599220490083098412e-03
2.598998602479696274e-03
2.598676364868879318e-03
2.598032588139176369e-03
2.597678452730178833e-03
2.597558312118053436e-03
2.596931066364049911e-03
2.596424659714102745e-03
2.596178790554404259e-03
2.595894271507859230e-03
2.595336409285664558e-03
2.595131983980536461e-03
2.594926627352833748e-03
2.594471676275134087e-03
2.594159683212637901e-03
2.593937329947948456e-03
2.593625104054808617e-03
2.593240002170205116e-03
2.592973178252577782e-03
2.592660952359437943e-03
2.592351520434021950e-03
2.592014381662011147e-03
2.591735217720270157e-03
2.591454656794667244e-03
2.591184107586741447e-03
2.590883290395140648e-03
2.590602729469537735e-03
2.590383403003215790e-03
2.590086776763200760e-03
2.589813433587551117e-03
2.589569427073001862e-03
2.589323092252016068e-03
2.589078387245535851e-03
2.588820178061723709e-03
2.588572911918163300e-03
2.588344505056738853e-03
2.588110044598579407e-03
2.587873255833983421e-03
2.587626455351710320e-03
2.587398514151573181e-03
2.587195485830307007e-03
2.587012480944395065e-03
2.586863702163100243e-03
2.586811780929565430e-03
2.586980815976858139e-03
2.587877679616212845e-03
2.591090742498636246e-03
2.603811444714665413e-03
2.646710257977247238e-03
2.789340214803814888e-03
2.798600122332572937e-03
2.793780993670225143e-03
2.840520581230521202e-03
2.937375567853450775e-03
3.217276418581604958e-03
3.395933657884597778e-03
3.562478348612785339e-03
3.581141820177435875e-03
3.379108617082238197e-03
2.940545324236154556e-03
2.630467992275953293e-03
2.707826672121882439e-03
2.950771478936076164e-03
3.075293265283107758e-03
2.961666323244571686e-03
2.750897547230124474e-03
2.616582904011011124e-03
2.670771908015012741e-03
2.820103429257869720e-03
2.836430445313453674e-03
2.714886097237467766e-03
2.618446480482816696e-03
2.628328744322061539e-03
2.700113691389560699e-03
2.737675560638308525e-03
2.696529496461153030e-03
2.619768260046839714e-03
2.597750164568424225e-03
2.641459228470921516e-03
2.672880887985229492e-03
2.656163880601525307e-03
2.617076970636844635e-03
2.596003003418445587e-03
2.609154209494590759e-03
2.633732277899980545e-03
2.637402852997183800e-03
2.614128636196255684e-03
2.593474695459008217e-03
2.594335470348596573e-03
2.607443137094378471e-03
2.615480916574597359e-03
2.610360505059361458e-03
2.597558544948697090e-03
2.588103292509913445e-03
2.591487020254135132e-03
2.599783241748809814e-03
2.602222375571727753e-03
2.596725244075059891e-03
2.589712152257561684e-03
2.586072776466608047e-03
2.588036237284541130e-03
2.591904019936919212e-03
2.593326615169644356e-03
2.590051852166652679e-03
2.585774054750800133e-03
2.583983587101101875e-03
2.585185226052999496e-03
2.586989197880029678e-03
2.587490482255816460e-03
2.586316084489226341e-03
2.584035508334636688e-03
2.582400338724255562e-03
2.582221990451216698e-03
2.583107678219676018e-03
2.583894878625869751e-03
2.583592897281050682e-03
2.582410816103219986e-03
2.581140492111444473e-03
2.580426167696714401e-03
2.580459229648113251e-03
2.580816857516765594e-03
2.581115113571286201e-03
2.581140492111444473e-03
2.580974949523806572e-03
2.581182867288589478e-03
2.582811284810304642e-03
2.589283045381307602e-03
2.607690868899226189e-03
2.667561406269669533e-03
2.704935846850275993e-03
2.706835279241204262e-03
2.646579174324870110e-03
2.632871037349104881e-03
2.636946039274334908e-03
2.662926213815808296e-03
2.608668757602572441e-03
2.607673173770308495e-03
2.615711884573101997e-03
2.620295854285359383e-03
2.599265659227967262e-03
2.606815425679087639e-03
2.615960314869880676e-03
2.605596557259559631e-03
2.593699842691421509e-03
2.594660269096493721e-03
2.600404433906078339e-03
2.593660261482000351e-03
2.589476294815540314e-03
2.596088452264666557e-03
2.595714759081602097e-03
2.587028313428163528e-03
2.588161500170826912e-03
2.590226940810680389e-03
2.587583614513278008e-03
2.583199180662631989e-03
2.586718648672103882e-03
2.587825059890747070e-03
2.583216410130262375e-03
2.583516295999288559e-03
2.583433873951435089e-03
2.582726068794727325e-03
2.580651314929127693e-03
2.581088338047266006e-03
2.581829437986016273e-03
2.580506028607487679e-03
2.579683205112814903e-03
2.579247811809182167e-03
2.579571213573217392e-03
2.578632440418004990e-03
2.577439649030566216e-03
2.577458973973989487e-03
2.577949315309524536e-03
2.577236155048012733e-03
2.576415892690420151e-03
2.576371189206838608e-03
2.576510887593030930e-03
2.575927879661321640e-03
2.575094113126397133e-03
2.574933692812919617e-03
2.574749756604433060e-03
2.574686426669359207e-03
2.574381884187459946e-03
2.573981415480375290e-03
2.573453821241855621e-03
2.573230769485235214e-03
2.573133679106831551e-03
2.573107834905385971e-03
2.573504112660884857e-03
2.574972342699766159e-03
2.580552827566862106e-03
2.603417262434959412e-03
2.665693638846278191e-03
2.818446606397628784e-03
2.735417336225509644e-03
2.749790204688906670e-03
2.701954916119575500e-03
2.778932917863130569e-03
2.824306953698396683e-03
2.819376066327095032e-03
2.772388514131307602e-03
2.771805273368954659e-03
2.719017211347818375e-03
2.669785171747207642e-03
2.611670875921845436e-03
2.623330103233456612e-03
2.618950093165040016e-03
2.623337786644697189e-03
2.635679906234145164e-03
2.652718452736735344e-03
2.647706074640154839e-03
2.613759133964776993e-03
2.614114899188280106e-03
2.600762993097305298e-03
2.587305381894111633e-03
2.593442331999540329e-03
2.602956490591168404e-03
2.608998911455273628e-03
2.602745546028017998e-03
2.604298060759902000e-03
2.597031649202108383e-03
2.588879782706499100e-03
2.582140034064650536e-03
2.581209642812609673e-03
2.584644593298435211e-03
2.583683235570788383e-03
2.587464870885014534e-03
2.587698632851243019e-03
2.587688155472278595e-03
2.581876702606678009e-03
2.580092987045645714e-03
2.578290877863764763e-03
2.576066646724939346e-03
2.574512735009193420e-03
2.575840102508664131e-03
2.576865954324603081e-03
2.576861530542373657e-03
2.576637547463178635e-03
2.576921833679080009e-03
2.576020313426852226e-03
2.574794227257370949e-03
2.573058707639575005e-03
2.572658704593777657e-03
2.571457996964454651e-03
2.571101998910307884e-03
2.570229815319180489e-03
2.570272423326969147e-03
2.570610027760267258e-03
2.570156008005142212e-03
2.570168348029255867e-03
2.570108510553836823e-03
2.570122247561812401e-03
2.570091979578137398e-03
2.569562755525112152e-03
2.569281961768865585e-03
2.569231437519192696e-03
2.568852156400680542e-03
2.568637253716588020e-03
2.568639814853668213e-03
2.568538766354322433e-03
2.568758325651288033e-03
2.570398384705185890e-03
2.576033817604184151e-03
2.593531738966703415e-03
2.656789263710379601e-03
2.736174734309315681e-03
2.828315831720829010e-03
2.795511856675148010e-03
2.827292773872613907e-03
2.869854914024472237e-03
3.039445960894227028e-03
3.118627937510609627e-03
3.135721664875745773e-03
3.046915400773286819e-03
2.948486478999257088e-03
2.749747829511761665e-03
2.616667188704013824e-03
2.611106261610984802e-03
2.714229980483651161e-03
2.771029248833656311e-03
2.777881221845746040e-03
2.753019565716385841e-03
2.666028914973139763e-03
2.595863770693540573e-03
2.590528922155499458e-03
2.646744949743151665e-03
2.673084614798426628e-03
2.663989784196019173e-03
2.643996151164174080e-03
2.602576278150081635e-03
2.579141641035676003e-03
2.585555659607052803e-03
2.612679265439510345e-03
2.622976200655102730e-03
2.612446667626500130e-03
2.597719663754105568e-03
2.580558648332953453e-03
2.574232872575521469e-03
2.579672727733850479e-03
2.594421617686748505e-03
2.596453763544559479e-03
2.590121934190392494e-03
2.580479951575398445e-03
2.573925303295254707e-03
2.569667296484112740e-03
2.571326447650790215e-03
2.577521838247776031e-03
2.580332336947321892e-03
2.578184707090258598e-03
2.573655685409903526e-03
2.569707110524177551e-03
2.567078685387969017e-03
2.565824193879961967e-03
2.567635616287589073e-03
2.569558098912239075e-03
2.570703392848372459e-03
2.568921539932489395e-03
2.567138988524675369e-03
2.565207891166210175e-03
2.563714282587170601e-03
2.563197398558259010e-03
2.563039073720574379e-03
2.564065391197800636e-03
2.564863767474889755e-03
2.564702648669481277e-03
2.564106136560440063e-03
2.563004847615957260e-03
2.561918227002024651e-03
2.561177825555205345e-03
2.560426481068134308e-03
2.559987595304846764e-03
2.560063963755965233e-03
2.560350345447659492e-03
2.560794120654463768e-03
2.562171313911676407e-03
2.566248644143342972e-03
2.581617794930934906e-03
2.628954360261559486e-03
2.775889588519930840e-03
2.731387969106435776e-03
2.723792335018515587e-03
2.679191762581467628e-03
2.671919763088226318e-03
2.734328154474496841e-03
2.701584016904234886e-03
2.655397402122616768e-03
2.613995922729372978e-03
2.635554643347859383e-03
2.605734858661890030e-03
2.590049989521503448e-03
2.586207818239927292e-03
2.617434365674853325e-03
2.613465068861842155e-03
2.599641913548111916e-03
2.607030095532536507e-03
2.610093215480446815e-03
2.593758050352334976e-03
2.571575809270143509e-03
2.580227330327033997e-03
2.579458989202976227e-03
2.576432656496763229e-03
2.575499005615711212e-03
2.585683949291706085e-03
2.584758214652538300e-03
2.578124171122908592e-03
2.574422862380743027e-03
2.573978621512651443e-03
2.569434698671102524e-03
2.563299611210823059e-03
2.563879126682877541e-03
2.567278686910867691e-03
2.567890565842390060e-03
2.565551549196243286e-03
2.566917333751916885e-03
2.568184630945324898e-03
2.566138748079538345e-03
2.563038608059287071e-03
2.561619505286216736e-03
2.561731031164526939e-03
2.559568034484982491e-03
2.558638574555516243e-03
2.558202017098665237e-03
2.559152431786060333e-03
2.558856969699263573e-03
2.558356383815407753e-03
2.558609936386346817e-03
2.558433217927813530e-03
2.558888634666800499e-03
2.558983396738767624e-03
2.557967323809862137e-03
2.557622268795967102e-03
2.557560103014111519e-03
2.557158237323164940e-03
2.556905383244156837e-03
2.556458348408341408e-03
2.555910730734467506e-03
2.556028775870800018e-03
2.557254629209637642e-03
2.561189699918031693e-03
2.573451958596706390e-03
2.616001293063163757e-03
2.675559371709823608e-03
2.776211360469460487e-03
2.752291737124323845e-03
2.795080421492457390e-03
2.818566281348466873e-03
2.954848343506455421e-03
3.058139700442552567e-03
3.061515511944890022e-03
2.998565556481480598e-03
2.881128108128905296e-03
2.757843350991606712e-03
2.623100066557526588e-03
2.582768676802515984e-03
2.631904790177941322e-03
2.710134955123066902e-03
2.742527518421411514e-03
2.721393015235662460e-03
2.683399943634867668e-03
2.612288342788815498e-03
2.572998870164155960e-03
2.577418461441993713e-03
2.623554319143295288e-03
2.642291132360696793e-03
2.644813153892755508e-03
2.622539876028895378e-03
2.592119853943586349e-03
2.566710347309708595e-03
2.564320573583245277e-03
2.582002896815538406e-03
2.595827216282486916e-03
2.598155755549669266e-03
2.586033660918474197e-03
2.575468970462679863e-03
2.561803907155990601e-03
2.558301901444792747e-03
2.563161542639136314e-03
2.573703881353139877e-03
2.574467565864324570e-03
2.572394674643874168e-03
2.565834671258926392e-03
2.560287015512585640e-03
2.554531674832105637e-03
2.554694889113306999e-03
2.557532163336873055e-03
2.560672117397189140e-03
2.562068868428468704e-03
2.560209250077605247e-03
2.558285137638449669e-03
2.554669044911861420e-03
2.552170306444168091e-03
2.550889970734715462e-03
2.550974255427718163e-03
2.552835270762443542e-03
2.553479513153433800e-03
2.553280908614397049e-03
2.552970079705119133e-03
2.552037127315998077e-03
2.551274374127388000e-03
2.550811041146516800e-03
2.550156321376562119e-03
2.549818949773907661e-03
2.550527453422546387e-03
2.551367739215493202e-03
2.554111881181597710e-03
2.559823449701070786e-03
2.576319500803947449e-03
2.601783955469727516e-03
2.658777637407183647e-03
2.645820844918489456e-03
2.636371646076440811e-03
2.628502203151583672e-03
2.628454938530921936e-03
2.652442781254649162e-03
2.639479003846645355e-03
2.602651482447981834e-03
2.581501845270395279e-03
2.570623531937599182e-03
2.572253346443176270e-03
2.562141744419932365e-03
2.553442493081092834e-03
2.562677720561623573e-03
2.571712713688611984e-03
2.577573293820023537e-03
2.573132282122969627e-03
2.569426782429218292e-03
2.570665674284100533e-03
2.566162729635834694e-03
2.559236949309706688e-03
2.550963545218110085e-03
2.548462944105267525e-03
2.551062265411019325e-03
2.550985664129257202e-03
2.549491357058286667e-03
2.548086922615766525e-03
2.549052238464355469e-03
2.552463207393884659e-03
2.555280225351452827e-03
2.557163592427968979e-03
2.557625062763690948e-03
2.558375708758831024e-03
2.558302832767367363e-03
2.559944055974483490e-03
2.562455367296934128e-03
2.565553411841392517e-03
2.570619108155369759e-03
2.581615466624498367e-03
2.603385364636778831e-03
2.659408142790198326e-03
2.699830802157521248e-03
2.750865649431943893e-03
2.741436008363962173e-03
2.728426828980445862e-03
2.746439771726727486e-03
2.779494505375623703e-03
2.757387235760688782e-03
2.682641148567199707e-03
2.623664215207099915e-03
2.590204356238245964e-03
2.583873691037297249e-03
2.572510857135057449e-03
2.564218128100037575e-03
2.596837934106588364e-03
2.622754080221056938e-03
2.628242596983909607e-03
2.610265742987394333e-03
2.592382486909627914e-03
2.586926799267530441e-03
2.568132011219859123e-03
2.552605932578444481e-03
2.547052456066012383e-03
2.556513296440243721e-03
2.570646582171320915e-03
2.570039359852671623e-03
2.566655632108449936e-03
2.567915711551904678e-03
2.569251228123903275e-03
2.564338967204093933e-03
2.552750054746866226e-03
2.544141374528408051e-03
2.543958136811852455e-03
2.546107163652777672e-03
2.547846408560872078e-03
2.549348399043083191e-03
2.548961201682686806e-03
2.550503239035606384e-03
2.553113969042897224e-03
2.553649945184588432e-03
2.551904181018471718e-03
2.548710675910115242e-03
2.544786315411329269e-03
2.541740192100405693e-03
2.541447291150689125e-03
2.546012634411454201e-03
2.560853259637951851e-03
2.615358680486679077e-03
2.657477976754307747e-03
2.706932835280895233e-03
2.657859586179256439e-03
2.652011346071958542e-03
2.617567311972379684e-03
2.701483201235532761e-03
2.704170765355229378e-03
2.663606777787208557e-03
2.649721689522266388e-03
2.624829299747943878e-03
2.643540967255830765e-03
2.590467222034931183e-03
2.580348867923021317e-03
2.556622726842761040e-03
2.578601473942399025e-03
2.556267427280545235e-03
2.566241892054677010e-03
2.562837908044457436e-03
2.584665780887007713e-03
2.570826793089509010e-03
2.573360921815037727e-03
2.564322901889681816e-03
2.570708049461245537e-03
2.555798040702939034e-03
2.554362872615456581e-03
2.545534633100032806e-03
2.551455050706863403e-03
2.545265248045325279e-03
2.546203788369894028e-03
2.542947186157107353e-03
2.548520220443606377e-03
2.547875978052616119e-03
2.548324409872293472e-03
2.546440111473202705e-03
2.546888543292880058e-03
2.548080869019031525e-03
2.544804941862821579e-03
2.544093178585171700e-03
2.541066147387027740e-03
2.542123431339859962e-03
2.539771143347024918e-03
2.538369270041584969e-03
2.538006752729415894e-03
2.536168787628412247e-03
2.537286607548594475e-03
2.536729210987687111e-03
2.535175764933228493e-03
2.535320585593581200e-03
2.534700091928243637e-03
2.534667495638132095e-03
2.535186475142836571e-03
2.534252358600497246e-03
2.533519407734274864e-03
2.534059807658195496e-03
2.534562489017844200e-03
2.534649567678570747e-03
2.536018146201968193e-03
2.539542503654956818e-03
2.547688549384474754e-03
2.568734344094991684e-03
2.638416597619652748e-03
2.721173688769340515e-03
2.874873112887144089e-03
2.914223587140440941e-03
3.013904904946684837e-03
3.128344193100929260e-03
3.360694972798228264e-03
3.446147078648209572e-03
3.244752064347267151e-03
2.968612359836697578e-03
2.695702947676181793e-03
2.640767721459269524e-03
2.663908991962671280e-03
2.836831379681825638e-03
2.904633060097694397e-03
2.839539200067520142e-03
2.647964050993323326e-03
2.578747691586613655e-03
2.600630978122353554e-03
2.684136154130101204e-03
2.699463162571191788e-03
2.683392725884914398e-03
2.600772306323051453e-03
2.555176848545670509e-03
2.568606054410338402e-03
2.617619000375270844e-03
2.634827280417084694e-03
2.604642650112509727e-03
2.565714297816157341e-03
2.548973076045513153e-03
2.561253029853105545e-03
2.577379113063216209e-03
2.589846728369593620e-03
2.571563003584742546e-03
2.549565630033612251e-03
2.537772059440612793e-03
2.551254583522677422e-03
2.560129621997475624e-03
2.562845358625054359e-03
2.552232937887310982e-03
2.543689450249075890e-03
2.535473322495818138e-03
2.539438661187887192e-03
2.545874565839767456e-03
2.549427794292569160e-03
2.544386545196175575e-03
2.536701736971735954e-03
2.533858409151434898e-03
2.533957595005631447e-03
2.536691492423415184e-03
2.537551568821072578e-03
2.538000931963324547e-03
2.535647479817271233e-03
2.531516598537564278e-03
2.530107274651527405e-03
2.530253259465098381e-03
2.531661652028560638e-03
2.533339895308017731e-03
2.532835351303219795e-03
2.530693542212247849e-03
2.528940327465534210e-03
2.527596661821007729e-03
2.527268370613455772e-03
2.528024138882756233e-03
2.528776181861758232e-03
2.529645105823874474e-03
2.531171543523669243e-03
2.535291248932480812e-03
2.543512266129255295e-03
2.570769051089882851e-03
2.592026256024837494e-03
2.623646752908825874e-03
2.579637104645371437e-03
2.557928208261728287e-03
2.549469005316495895e-03
2.568800700828433037e-03
2.576541155576705933e-03
2.542226109653711319e-03
2.537653082981705666e-03
2.550962148234248161e-03
2.550455508753657341e-03
2.552767982706427574e-03
2.536828164011240005e-03
2.533701015636324883e-03
2.546367701143026352e-03
2.539830747991800308e-03
2.533286111429333687e-03
2.529118908569216728e-03
2.528314245864748955e-03
2.534786472097039223e-03
2.535154577344655991e-03
2.528687473386526108e-03
2.526721218600869179e-03
2.527168486267328262e-03
2.527730073779821396e-03
2.529513323679566383e-03
2.529976889491081238e-03
2.526421099901199341e-03
2.525599673390388489e-03
2.526472788304090500e-03
2.526715397834777832e-03
2.527058357372879982e-03
2.526363823562860489e-03
2.523888368159532547e-03
2.522036666050553322e-03
2.522082300856709480e-03
2.522474387660622597e-03
2.523049712181091309e-03
2.524794777855277061e-03
2.528774784877896309e-03
2.538408618420362473e-03
2.576320432126522064e-03
2.640567952767014503e-03
2.786736236885190010e-03
2.706850413233041763e-03
2.735071117058396339e-03
2.612098120152950287e-03
2.706421772018074989e-03
2.715735696256160736e-03
2.592238364741206169e-03
2.613137476146221161e-03
2.575135091319680214e-03
2.621520077809691429e-03
2.563352696597576141e-03
2.586461137980222702e-03
2.564976690337061882e-03
2.599397208541631699e-03
2.560366177931427956e-03
2.571447985246777534e-03
2.560599939897656441e-03
2.561404136940836906e-03
2.536228159442543983e-03
2.551559591665863991e-03
2.543799113482236862e-03
2.553513972088694572e-03
2.537310589104890823e-03
2.552195917814970016e-03
2.543480368331074715e-03
2.544853836297988892e-03
2.531757578253746033e-03
2.536956220865249634e-03
2.532158745452761650e-03
2.533232094720005989e-03
2.528220415115356445e-03
2.532712649554014206e-03
2.531835809350013733e-03
2.532011130824685097e-03
2.527622971683740616e-03
2.530227648094296455e-03
2.527955686673521996e-03
2.527218079194426537e-03
2.523215021938085556e-03
2.525455784052610397e-03
2.523572882637381554e-03
2.524412702769041061e-03
2.521768677979707718e-03
2.523156115785241127e-03
2.522804541513323784e-03
2.522582653909921646e-03
2.522113267332315445e-03
2.520850161090493202e-03
2.521682530641555786e-03
2.520458772778511047e-03
2.520152600482106209e-03
2.519510220736265182e-03
2.518515102565288544e-03
2.518949564546346664e-03
2.518165856599807739e-03
2.517359796911478043e-03
2.517355373129248619e-03
2.516881097108125687e-03
2.516607521101832390e-03
2.516504377126693726e-03
2.515874570235610008e-03
2.515406813472509384e-03
2.515420550480484962e-03
2.515106461942195892e-03
2.514627762138843536e-03
2.514471998438239098e-03
2.514470368623733521e-03
2.514306688681244850e-03
2.514501335099339485e-03
2.515909727662801743e-03
2.519740490242838860e-03
2.533743157982826233e-03
2.563323127105832100e-03
2.657449571415781975e-03
2.611330244690179825e-03
2.626725472509860992e-03
2.621005754917860031e-03
2.652843715623021126e-03
2.771030878648161888e-03
2.844031667336821556e-03
2.898369217291474342e-03
3.032475244253873825e-03
3.140394110232591629e-03
3.123362548649311066e-03
3.003306454047560692e-03
2.813120605424046516e-03
2.644470892846584320e-03
2.562802750617265701e-03
2.573331119492650032e-03
2.639053156599402428e-03
2.742217620834708214e-03
2.767666708678007126e-03
2.720986492931842804e-03
2.617776859551668167e-03
2.535421866923570633e-03
2.536244923248887062e-03
2.569864504039287567e-03
2.616687444970011711e-03
2.625527093186974525e-03
2.599836792796850204e-03
2.564225578680634499e-03
2.525747753679752350e-03
2.519938629120588303e-03
2.539725974202156067e-03
2.563128946349024773e-03
2.572800964117050171e-03
2.554501639679074287e-03
2.531131729483604431e-03
2.518937923014163971e-03
2.516929758712649345e-03
2.526785712689161301e-03
2.537195337936282158e-03
2.538776723667979240e-03
2.536368090659379959e-03
2.526944503188133240e-03
2.515601692721247673e-03
2.511575352400541306e-03
2.513383282348513603e-03
2.518653171136975288e-03
2.524184063076972961e-03
2.523766132071614265e-03
2.518389839679002762e-03
2.513355342671275139e-03
2.510147402063012123e-03
2.509030979126691818e-03
2.511276397854089737e-03
2.516512759029865265e-03
2.521852962672710419e-03
2.534756669774651527e-03
2.545377705246210098e-03
2.574609359726309776e-03
2.557864412665367126e-03
2.540751360356807709e-03
2.520368900150060654e-03
2.520019887015223503e-03
2.538720145821571350e-03
2.552666235715150833e-03
2.577448496595025063e-03
2.561897272244095802e-03
2.543253358453512192e-03
2.529757795855402946e-03
2.541569061577320099e-03
2.543377224355936050e-03
2.555445535108447075e-03
2.543989801779389381e-03
2.516481326892971992e-03
2.519723726436495781e-03
2.534580882638692856e-03
2.531449310481548309e-03
2.520096953958272934e-03
2.510778140276670456e-03
2.518024295568466187e-03
2.534184837713837624e-03
2.535475417971611023e-03
2.531058620661497116e-03
2.517287619411945343e-03
2.514421241357922554e-03
2.515577943995594978e-03
2.519447589293122292e-03
2.518898108974099159e-03
2.509082201868295670e-03
2.506010467186570168e-03
2.510046819224953651e-03
2.511048223823308945e-03
2.511427504941821098e-03
2.510428195819258690e-03
2.507301047444343567e-03
2.504532225430011749e-03
2.506016753613948822e-03
2.509341109544038773e-03
2.510122722014784813e-03
2.513458020985126495e-03
2.513572573661804199e-03
2.510594669729471207e-03
2.505737124010920525e-03
2.504053991287946701e-03
2.504486590623855591e-03
2.504391130059957504e-03
2.503371331840753555e-03
2.503555500879883766e-03
2.504924545064568520e-03
2.506278222426772118e-03
2.508366247639060020e-03
2.518028020858764648e-03
2.538668224588036537e-03
2.618781523779034615e-03
2.572313183918595314e-03
2.592401811853051186e-03
2.549028955399990082e-03
2.524847863242030144e-03
2.588244155049324036e-03
2.591812983155250549e-03
2.516076201573014259e-03
2.562477486208081245e-03
2.565144794061779976e-03
2.539652166888117790e-03
2.544161165133118629e-03
2.522586844861507416e-03
2.522718161344528198e-03
2.537260530516505241e-03
2.548214979469776154e-03
2.526241121813654900e-03
2.541413763538002968e-03
2.518920227885246277e-03
2.525633201003074646e-03
2.527573145925998688e-03
2.527090488001704216e-03
2.534103114157915115e-03
2.513415412977337837e-03
2.531762234866619110e-03
2.526587806642055511e-03
2.532990416511893272e-03
2.521172864362597466e-03
2.520776586607098579e-03
2.532838145270943642e-03
2.524321200326085091e-03
2.540263114497065544e-03
2.536229789257049561e-03
2.536537591367959976e-03
2.549002878367900848e-03
2.545174909755587578e-03
2.567811403423547745e-03
2.573846373707056046e-03
2.594969933852553368e-03
2.616972429677844048e-03
2.630803268402814865e-03
2.671675523743033409e-03
2.692100591957569122e-03
2.722766483202576637e-03
2.746854443103075027e-03
2.752601401880383492e-03
2.747853752225637436e-03
2.707678824663162231e-03
2.651920774951577187e-03
2.594378078356385231e-03
2.537203487008810043e-03
2.515750937163829803e-03
2.503451425582170486e-03
2.513425424695014954e-03
2.539814217016100883e-03
2.557926112785935402e-03
2.583262743428349495e-03
2.591248834505677223e-03
2.583492081612348557e-03
2.573525998741388321e-03
2.550668315961956978e-03
2.531643025577068329e-03
2.516824053600430489e-03
2.499212510883808136e-03
2.498543122783303261e-03
2.501151990145444870e-03
2.505841664969921112e-03
2.517706714570522308e-03
2.520263195037841797e-03
2.523192903026938438e-03
2.529179677367210388e-03
2.525305142626166344e-03
2.519264817237854004e-03
2.517148386687040329e-03
2.510751364752650261e-03
2.502917312085628510e-03
2.501812996342778206e-03
2.499577822163701057e-03
2.494643675163388252e-03
2.495165914297103882e-03
2.494934946298599243e-03
2.491953782737255096e-03
2.492311177775263786e-03
2.494492102414369583e-03
2.493274630978703499e-03
2.492730738595128059e-03
2.494472311809659004e-03
2.495661377906799316e-03
2.496510278433561325e-03
2.499356865882873535e-03
2.506966702640056610e-03
2.521610818803310394e-03
2.562402747571468353e-03
2.599157392978668213e-03
2.704017329961061478e-03
2.680286765098571777e-03
2.687626285478472710e-03
2.644429914653301239e-03
2.684187609702348709e-03
2.754679415374994278e-03
2.760518575087189674e-03
2.722501056268811226e-03
2.637870144098997116e-03
2.641526982188224792e-03
2.657641423866152763e-03
2.596331760287284851e-03
2.548566553741693497e-03
2.516083652153611183e-03
2.597807906568050385e-03
2.600953215733170509e-03
2.559788292273879051e-03
2.568373223766684532e-03
2.594710327684879303e-03
2.597327111288905144e-03
2.543143928050994873e-03
2.519492525607347488e-03
2.518382156267762184e-03
2.528327051550149918e-03
2.506221178919076920e-03
2.498735208064317703e-03
2.514439169317483902e-03
2.528502140194177628e-03
2.526333555579185486e-03
2.512753708288073540e-03
2.519380301237106323e-03
2.521532122045755386e-03
2.515242667868733406e-03
2.497720764949917793e-03
2.494470216333866119e-03
2.501281676813960075e-03
2.498727990314364433e-03
2.494372427463531494e-03
2.491070888936519623e-03
2.496795961633324623e-03
2.500593895092606544e-03
2.498389454558491707e-03
2.496178960427641869e-03
2.495833672583103180e-03
2.498138463124632835e-03
2.497487701475620270e-03
2.493675798177719116e-03
2.491729799658060074e-03
2.491198480129241943e-03
2.491502091288566589e-03
2.491043647751212120e-03
2.489075297489762306e-03
2.487451536580920219e-03
2.487307880073785782e-03
2.487516263499855995e-03
2.487718826159834862e-03
2.487121848389506340e-03
2.485896227881312370e-03
2.485455945134162903e-03
2.485690172761678696e-03
2.486155601218342781e-03
2.487438963726162910e-03
2.489145379513502121e-03
2.492072060704231262e-03
2.495932159945368767e-03
2.503919415175914764e-03
2.515875268727540970e-03
2.540632151067256927e-03
2.571968594565987587e-03
2.636774908751249313e-03
2.690520137548446655e-03
2.783529227599501610e-03
2.871504984796047211e-03
2.974804025143384933e-03
3.037350717931985855e-03
3.040392417460680008e-03
2.927891444414854050e-03
2.743017394095659256e-03
2.565155504271388054e-03
2.486916258931159973e-03
2.530376194044947624e-03
2.630793489515781403e-03
2.707201056182384491e-03
2.712345449253916740e-03
2.658469136804342270e-03
2.579283900558948517e-03
2.514754887670278549e-03
2.493521431460976601e-03
2.521739341318607330e-03
2.573005156591534615e-03
2.606035908684134483e-03
2.598647959530353546e-03
2.551591256633400917e-03
2.505514537915587425e-03
2.487565623596310616e-03
2.499426715075969696e-03
2.522322116419672966e-03
2.536942949518561363e-03
2.537775551900267601e-03
2.523874631151556969e-03
2.503326861187815666e-03
2.487562131136655807e-03
2.483246847987174988e-03
2.491435501724481583e-03
2.504122909158468246e-03
2.511303871870040894e-03
2.508216071873903275e-03
2.497855806723237038e-03
2.486546291038393974e-03
2.480183495208621025e-03
2.480762777850031853e-03
2.485896693542599678e-03
2.491423394531011581e-03
2.494577784091234207e-03
2.493240870535373688e-03
2.490785438567399979e-03
2.488862257450819016e-03
2.495669759809970856e-03
2.506420714780688286e-03
2.544106915593147278e-03
2.551615238189697266e-03
2.570733428001403809e-03
2.545485040172934532e-03
2.522711176425218582e-03
2.512871986255049706e-03
2.518527675420045853e-03
2.516068983823060989e-03
2.497564535588026047e-03
2.485309960320591927e-03
2.485149074345827103e-03
2.502679591998457909e-03
2.517421497032046318e-03
2.507725497707724571e-03
2.496283268555998802e-03
2.489240607246756554e-03
2.490353537723422050e-03
2.493744017556309700e-03
2.485952340066432953e-03
2.481066389009356499e-03
2.481020521372556686e-03
2.486680401489138603e-03
2.493449021130800247e-03
2.488989848643541336e-03
2.485085744410753250e-03
2.483139513060450554e-03
2.483430784195661545e-03
2.484077587723731995e-03
2.481963951140642166e-03
2.478379523381590843e-03
2.476159948855638504e-03
2.475525252521038055e-03
2.476578345522284508e-03
2.478615380823612213e-03
2.480108058080077171e-03
2.479871967807412148e-03
2.479125745594501495e-03
2.477620029821991920e-03
2.476122695952653885e-03
2.475118730217218399e-03
2.474237466230988503e-03
2.473593922331929207e-03
2.473476808518171310e-03
2.473884960636496544e-03
2.475407440215349197e-03
2.481633331626653671e-03
2.500072587281465530e-03
2.576048020273447037e-03
2.626750152558088303e-03
2.738176612183451653e-03
2.654904732480645180e-03
2.652820432558655739e-03
2.628267742693424225e-03
2.796730725094676018e-03
2.777660032734274864e-03
2.670391928404569626e-03
2.599570900201797485e-03
2.653038594871759415e-03
2.644260413944721222e-03
2.560827881097793579e-03
2.527833683416247368e-03
2.605743007734417915e-03
2.616855548694729805e-03
2.579488558694720268e-03
2.573828678578138351e-03
2.606299240142107010e-03
2.571409335359930992e-03
2.516205655410885811e-03
2.516731387004256248e-03
2.520596375688910484e-03
2.503505442291498184e-03
2.497276058420538902e-03
2.530220197513699532e-03
2.544189104810357094e-03
2.539099194109439850e-03
2.535408129915595055e-03
2.546458970755338669e-03
2.538697095587849617e-03
2.515116939321160316e-03
2.495889319106936455e-03
2.497666515409946442e-03
2.490985672920942307e-03
2.483119722455739975e-03
2.484946046024560928e-03
2.498623682186007500e-03
2.498534740880131721e-03
2.496313769370317459e-03
2.497119596228003502e-03
2.500216709449887276e-03
2.493462990969419479e-03
2.486151643097400665e-03
2.483173739165067673e-03
2.483004471287131310e-03
2.478800248354673386e-03
2.474774839356541634e-03
2.474959706887602806e-03
2.475516404956579208e-03
2.475977176800370216e-03
2.473743399605154991e-03
2.475049812346696854e-03
2.476797904819250107e-03
2.477350411936640739e-03
2.476617461070418358e-03
2.476961351931095123e-03
2.479335293173789978e-03
2.480301540344953537e-03
2.480962080880999565e-03
2.482616109773516655e-03
2.484797267243266106e-03
2.488795435056090355e-03
2.492867643013596535e-03
2.498242305591702461e-03
2.505712909623980522e-03
2.517375629395246506e-03
2.532738260924816132e-03
2.555568935349583626e-03
2.580960746854543686e-03
2.617923542857170105e-03
2.651111921295523643e-03
2.690697787329554558e-03
2.710608066990971565e-03
2.720987657085061073e-03
2.696643583476543427e-03
2.654118463397026062e-03
2.591240918263792992e-03
2.531820209696888924e-03
2.488081343472003937e-03
2.468927996233105659e-03
2.472788561135530472e-03
2.492391504347324371e-03
2.518325578421354294e-03
2.540857996791601181e-03
2.556322840973734856e-03
2.558151492848992348e-03
2.551600569859147072e-03
2.534102881327271461e-03
2.516409847885370255e-03
2.496194094419479370e-03
2.482277574017643929e-03
2.471638377755880356e-03
2.467744285240769386e-03
2.469391329213976860e-03
2.475162036716938019e-03
2.483086660504341125e-03
2.490127691999077797e-03
2.496925881132483482e-03
2.498923335224390030e-03
2.501985989511013031e-03
2.496053930371999741e-03
2.490395214408636093e-03
2.481355099007487297e-03
2.474363893270492554e-03
2.470608800649642944e-03
2.469735685735940933e-03
2.469579223543405533e-03
2.468795515596866608e-03
2.468412742018699646e-03
2.467921469360589981e-03
2.468611579388380051e-03
2.469716127961874008e-03
2.471375977620482445e-03
2.473120344802737236e-03
2.474847016856074333e-03
2.476125257089734077e-03
2.477282192558050156e-03
2.478224691003561020e-03
2.479538321495056152e-03
2.481591654941439629e-03
2.487757476046681404e-03
2.500383881852030754e-03
2.543187933042645454e-03
2.573870588093996048e-03
2.637432655319571495e-03
2.579306485131382942e-03
2.569484757259488106e-03
2.534165512770414352e-03
2.600572537630796432e-03
2.579932333901524544e-03
2.572533441707491875e-03
2.525556832551956177e-03
2.525281393900513649e-03
2.532254206016659737e-03
2.509322483092546463e-03
2.497053472325205803e-03
2.475356450304389000e-03
2.502026967704296112e-03
2.497344743460416794e-03
2.487801015377044678e-03
2.478404669091105461e-03
2.492175437510013580e-03
2.491316292434930801e-03
2.482644282281398773e-03
2.473833737894892693e-03
2.482368377968668938e-03
2.482546493411064148e-03
2.476794878020882607e-03
2.469148719683289528e-03
2.477125264704227448e-03
2.475101267918944359e-03
2.472557127475738525e-03
2.466048812493681908e-03
2.469760365784168243e-03
2.470637904480099678e-03
2.469350351020693779e-03
2.464349614456295967e-03
2.467568730935454369e-03
2.468123566359281540e-03
2.468686318024992943e-03
2.465388737618923187e-03
2.465515164658427238e-03
2.468345919623970985e-03
2.467955928295850754e-03
2.468359190970659256e-03
2.467575017362833023e-03
2.470872364938259125e-03
2.474094973877072334e-03
2.477256814017891884e-03
2.482312498614192009e-03
2.490551210939884186e-03
2.504462609067559242e-03
2.524331444874405861e-03
2.551816403865814209e-03
2.594716614112257957e-03
2.649281406775116920e-03
2.729127416387200356e-03
2.810565289109945297e-03
2.900147112086415291e-03
2.935938304290175438e-03
2.921493025496602058e-03
2.815599786117672920e-03
2.672750502824783325e-03
2.539774868637323380e-03
2.470801351591944695e-03
2.477261703461408615e-03
2.534402068704366684e-03
2.609773771837353706e-03
2.660964848473668098e-03
2.668077824637293816e-03
2.616882091388106346e-03
2.540671965107321739e-03
2.477608621120452881e-03
2.459048759192228317e-03
2.482562558725476265e-03
2.524639945477247238e-03
2.562555950134992599e-03
2.574546029791235924e-03
2.558098873123526573e-03
2.519830828532576561e-03
2.483180956915020943e-03
2.464426448568701744e-03
2.473803469911217690e-03
2.499200869351625443e-03
2.526543568819761276e-03
2.536079380661249161e-03
2.524871611967682838e-03
2.495522610843181610e-03
2.472957596182823181e-03
2.464746125042438507e-03
2.468944760039448738e-03
2.475930145010352135e-03
2.476899884641170502e-03
2.478138078004121780e-03
2.479176968336105347e-03
2.478423295542597771e-03
2.479947870597243309e-03
2.474406035616993904e-03
2.469562226906418800e-03
2.462086966261267662e-03
2.457987982779741287e-03
2.459256909787654877e-03
2.464852528646588326e-03
2.468575956299901009e-03
2.468192018568515778e-03
2.466939622536301613e-03
2.462110482156276703e-03
2.458645263686776161e-03
2.457406837493181229e-03
2.456470625475049019e-03
2.456442685797810555e-03
2.458314178511500359e-03
2.461215713992714882e-03
2.464546822011470795e-03
2.472238847985863686e-03
2.476154128089547157e-03
2.485073171555995941e-03
2.484522527083754539e-03
2.483551623299717903e-03
2.475101035088300705e-03
2.468332648277282715e-03
2.463526092469692230e-03
2.462352393195033073e-03
