{
  "restart": 22,
  "seed": 80,
  "iters": 30000,
  "lr": 0.05,
  "best_iter": 29819,
  "best_cost": 0.0008088602917268872,
  "best_alphaD_mean": 0.00012422027065453784,
  "n": 14
}