{
  "restart": 12,
  "seed": 70,
  "iters": 30000,
  "lr": 0.05,
  "best_iter": 29947,
  "best_cost": 0.0012193262809887528,
  "best_alphaD_mean": 0.0001627521196661242,
  "n": 8
}