{
  "restart": 8,
  "seed": 66,
  "iters": 30000,
  "lr": 0.05,
  "best_iter": 29839,
  "best_cost": 0.0009927107021212578,
  "best_alphaD_mean": 0.00014176307978207495,
  "n": 10
}