{
  "restart": 18,
  "seed": 76,
  "iters": 30000,
  "lr": 0.05,
  "best_iter": 29956,
  "best_cost": 0.0023801466450095177,
  "best_alphaD_mean": 0.00022843960864793317,
  "n": 11
}