{
  "restart": 25,
  "seed": 83,
  "iters": 30000,
  "lr": 0.05,
  "best_iter": 29913,
  "best_cost": 0.0027896526735275984,
  "best_alphaD_mean": 0.00023726586282004717,
  "n": 6
}