{
  "restart": 2,
  "seed": 60,
  "iters": 30000,
  "lr": 0.05,
  "best_iter": 29944,
  "best_cost": 0.0011175965191796422,
  "best_alphaD_mean": 0.00015085130861110295,
  "n": 8
}