{
  "restart": 2,
  "seed": 60,
  "iters": 30000,
  "lr": 0.05,
  "best_iter": 29509,
  "best_cost": 0.006980435457080603,
  "best_alphaD_mean": 0.00036011969713818263,
  "n": 5
}