{
  "restart": 26,
  "seed": 84,
  "iters": 30000,
  "lr": 0.05,
  "best_iter": 29914,
  "best_cost": 0.0005341529031284153,
  "best_alphaD_mean": 9.95479652371565e-05,
  "n": 16
}