{
  "restart": 24,
  "seed": 82,
  "iters": 30000,
  "lr": 0.05,
  "best_iter": 29827,
  "best_cost": 0.0009970101527869701,
  "best_alphaD_mean": 0.0001373249050668749,
  "n": 8
}