{
  "restart": 24,
  "seed": 82,
  "iters": 30000,
  "lr": 0.05,
  "best_iter": 29335,
  "best_cost": 0.00039216832374222577,
  "best_alphaD_mean": 8.432260824043481e-05,
  "n": 14
}