{
  "restart": 13,
  "seed": 71,
  "iters": 30000,
  "lr": 0.05,
  "best_iter": 29924,
  "best_cost": 0.0005305028753355145,
  "best_alphaD_mean": 9.897607253481467e-05,
  "n": 14
}