{
  "restart": 7,
  "seed": 65,
  "iters": 30000,
  "lr": 0.05,
  "best_iter": 29783,
  "best_cost": 0.002416821662336588,
  "best_alphaD_mean": 0.000224008208258774,
  "n": 9
}