{
  "restart": 8,
  "seed": 66,
  "iters": 30000,
  "lr": 0.05,
  "best_iter": 29912,
  "best_cost": 0.0008848703582771122,
  "best_alphaD_mean": 0.00013290228812545357,
  "n": 15
}