{
  "restart": 21,
  "seed": 79,
  "iters": 30000,
  "lr": 0.05,
  "best_iter": 29768,
  "best_cost": 0.0007386051584035158,
  "best_alphaD_mean": 0.00011968974408621449,
  "n": 10
}