{
  "restart": 5,
  "seed": 63,
  "iters": 30000,
  "lr": 0.05,
  "best_iter": 29816,
  "best_cost": 0.0005614157416857779,
  "best_alphaD_mean": 0.00010403632250609524,
  "n": 12
}