{
  "restart": 3,
  "seed": 61,
  "iters": 30000,
  "lr": 0.05,
  "best_iter": 29614,
  "best_cost": 0.000631914590485394,
  "best_alphaD_mean": 0.00010806456146867765,
  "n": 13
}