{
  "restart": 17,
  "seed": 75,
  "iters": 30000,
  "lr": 0.05,
  "best_iter": 29459,
  "best_cost": 0.0009807588066905737,
  "best_alphaD_mean": 0.00013711756480853091,
  "n": 15
}