{
  "restart": 19,
  "seed": 77,
  "iters": 30000,
  "lr": 0.05,
  "best_iter": 29991,
  "best_cost": 0.0006635732133872807,
  "best_alphaD_mean": 0.00011588233058077631,
  "n": 15
}