alpha,beta,alphaD_true,alphaD_pred,rel_abs,rel_signed
1.1000,2.7500,15.444870383584,15.443338394165039,9.91908239378396e-05,-9.91908239378396e-05
0.2000,1.0000,19.051282316218,19.0537052154541,0.0001271777508666192,0.0001271777508666192
0.2000,4.5000,19.397942314212997,19.375226974487305,0.001171018005814353,-0.001171018005814353
2.0000,1.0000,22.752251621592002,22.753028869628906,3.4161367843106486e-05,3.4161367843106486e-05
2.0000,4.5000,14.760426956088999,14.757512092590332,0.00019747826450672098,-0.00019747826450672098
0.9710,3.0000,14.719193685948,14.726003646850586,0.0004626585564321549,0.0004626585564321549
0.9710,4.5000,12.942255714327999,12.936718940734863,0.00042780591848494426,-0.00042780591848494426
2.0000,1.7500,20.284194079789,20.2849178314209,3.5680571239448685e-05,3.5680571239448685e-05
0.8430,3.2500,14.178209154286002,14.17233657836914,0.0004141972976245242,-0.0004141972976245242
1.2290,2.2500,16.923315700127,16.926227569580078,0.00017206258541033984,0.00017206258541033984
1.4860,3.5000,14.922997611565,14.924189567565918,7.987376477190524e-05,7.987376477190524e-05
1.7430,3.5000,15.605776389267,15.604344367980957,9.17622584306268e-05,-9.17622584306268e-05
0.3290,3.5000,14.769042413523,14.762955665588379,0.00041212881405547916,-0.00041212881405547916
1.1000,2.5000,15.998590537005999,15.997437477111816,7.20725923646381e-05,-7.20725923646381e-05
2.0000,2.2500,18.946667234825,18.944299697875977,0.00012495796330194096,-0.00012495796330194096
0.7140,2.7500,14.828909391364999,14.822847366333008,0.00040879776603937405,-0.00040879776603937405
1.2290,1.0000,21.249588450164,21.248523712158203,5.0106288330959996e-05,-5.0106288330959996e-05
1.3570,2.7500,16.059834443779,16.053037643432617,0.0004232173357811256,-0.0004232173357811256
1.4860,3.2500,15.380686626014,15.37326717376709,0.0004823875830329537,-0.0004823875830329537
1.7430,4.2500,14.411217804997,14.404962539672852,0.000434055290037909,-0.000434055290037909
1.8710,3.5000,15.963055059992001,15.961186408996582,0.00011706098791218158,-0.00011706098791218158
0.3290,1.0000,19.294488252165003,19.29627799987793,9.275953264662557e-05,9.275953264662557e-05
