{
  "restart": 20,
  "seed": 78,
  "iters": 30000,
  "lr": 0.05,
  "best_iter": 28771,
  "best_cost": 0.0022510827984660864,
  "best_alphaD_mean": 0.00021789547474067073,
  "n": 9
}