{
  "restart": 15,
  "seed": 73,
  "iters": 30000,
  "lr": 0.05,
  "best_iter": 29915,
  "best_cost": 0.0015272157033905387,
  "best_alphaD_mean": 0.0001695873166452959,
  "n": 13
}