{
  "restart": 17,
  "seed": 75,
  "iters": 30000,
  "lr": 0.05,
  "best_iter": 29935,
  "best_cost": 0.0006009045173414052,
  "best_alphaD_mean": 0.00011024355179911941,
  "n": 12
}