{
  "restart": 7,
  "seed": 65,
  "iters": 30000,
  "lr": 0.05,
  "best_iter": 29927,
  "best_cost": 0.0027185885701328516,
  "best_alphaD_mean": 0.00023457795097716307,
  "n": 6
}