{
  "restart": 16,
  "seed": 74,
  "iters": 30000,
  "lr": 0.05,
  "best_iter": 29654,
  "best_cost": 0.00060993991792202,
  "best_alphaD_mean": 9.74431880941793e-05,
  "n": 12
}