alpha,beta,alphaD_true,alphaD_pred,rel_abs,rel_signed
1.1000,2.7500,15.444870383584,15.445082664489746,1.3744427792136939e-05,1.3744427792136939e-05
0.2000,1.0000,19.051282316218,19.049531936645508,9.187725757451326e-05,-9.187725757451326e-05
0.2000,4.5000,19.397942314212997,19.401222229003906,0.00016908570701880323,0.00016908570701880323
2.0000,1.0000,22.752251621592002,22.7524471282959,8.592850815292348e-06,8.592850815292348e-06
2.0000,4.5000,14.760426956088999,14.760252952575684,1.1788514914436184e-05,-1.1788514914436184e-05
0.9710,1.2500,19.56884610005,19.569141387939453,1.508969348239794e-05,1.508969348239794e-05
0.8430,3.5000,13.855777414907,13.856409072875977,4.558805688504521e-05,4.558805688504521e-05
1.4860,3.5000,14.922997611565,14.922917366027832,5.377306842548655e-06,-5.377306842548655e-06
1.7430,4.0000,14.782857439192,14.782853126525879,2.9173426983575524e-07,-2.9173426983575524e-07
2.0000,1.5000,21.036067872794,21.036287307739258,1.0431367049437347e-05,1.0431367049437347e-05
0.5860,2.5000,15.149038308404002,15.14930248260498,1.7438347940014363e-05,1.7438347940014363e-05
1.6140,1.0000,22.04014677513,22.040552139282227,1.83920804321896e-05,1.83920804321896e-05
1.6140,3.2500,15.714130427978,15.714106559753418,1.5189020284609487e-06,-1.5189020284609487e-06
0.4570,1.7500,16.70640146289,16.706104278564453,1.7788649830229127e-05,-1.7788649830229127e-05
1.6140,2.2500,17.926159928087998,17.926382064819336,1.239176333522072e-05,1.239176333522072e-05
0.5860,3.5000,13.978350677684002,13.979379653930664,7.361213567954323e-05,7.361213567954323e-05
1.4860,2.7500,16.391947827372,16.391979217529297,1.9149742072852434e-06,1.9149742072852434e-06
1.2290,1.0000,21.249588450164,21.25022315979004,2.9869266763743102e-05,2.9869266763743102e-05
0.4570,4.2500,14.658019179680998,14.66031265258789,0.00015646540496216948,0.00015646540496216948
2.0000,2.0000,19.589831449887,19.59010887145996,1.4161508927212608e-05,1.4161508927212608e-05
0.8430,3.0000,14.550333960214001,14.550575256347656,1.6583546076336622e-05,1.6583546076336622e-05
1.6140,4.2500,14.084101407887001,14.08398151397705,8.512712772936692e-06,-8.512712772936692e-06
