tier,restart_idx,param_seed,final_train_cost,final_test_cost
5,0,218001159,3.203147e-02,3.507759e-01
5,1,218001160,1.069185e-01,3.796139e-01
5,2,218001161,1.386893e-02,2.428615e-01
5,3,218001162,2.198408e-02,4.710174e-01
5,4,218001163,2.458490e-02,2.197070e-01
5,5,218001164,3.021489e-02,3.624569e-01
5,6,218001165,2.062469e-02,2.377385e-01
5,7,218001166,1.204709e-02,2.437630e-01
5,8,218001167,7.959440e-03,2.309004e-01
5,9,218001168,2.234388e-02,2.023535e-01
