tier,restart_idx,param_seed,final_train_cost,final_test_cost
6,0,218001260,1.666546e-01,2.261026e-01
6,1,218001261,2.954647e-02,5.314134e-01
6,2,218001262,8.058859e-02,2.295507e-01
6,3,218001263,4.026246e-01,9.606051e-01
6,4,218001264,3.281856e-02,3.835827e-01
6,5,218001265,4.791283e-02,2.941767e-01
6,6,218001266,3.481136e-02,4.773085e-01
6,7,218001267,4.710426e-02,2.439991e-01
6,8,218001268,5.791702e-02,3.077988e-01
6,9,218001269,3.246444e-01,6.549731e-01
