alpha,beta,alphaD_true,alphaD_pred,rel_abs,rel_signed
1.1000,2.7500,15.444870383584,15.445453643798828,3.776400839517733e-05,3.776400839517733e-05
0.2000,1.0000,19.051282316218,19.055540084838867,0.00022348987066569113,0.00022348987066569113
0.2000,4.5000,19.397942314212997,19.394392013549805,0.00018302460156256978,-0.00018302460156256978
2.0000,1.0000,22.752251621592002,22.763818740844727,0.0005083944853065314,0.0005083944853065314
2.0000,4.5000,14.760426956088999,14.76410961151123,0.0002494951828417224,0.0002494951828417224
0.9710,3.0000,14.719193685948,14.720380783081055,8.064960339426822e-05,8.064960339426822e-05
0.9710,4.5000,12.942255714327999,12.942100524902344,1.1990910169024789e-05,-1.1990910169024789e-05
2.0000,1.7500,20.284194079789,20.287687301635742,0.00017221398262122454,0.00017221398262122454
0.8430,3.2500,14.178209154286002,14.173855781555176,0.00030704672807774886,-0.00030704672807774886
1.2290,2.2500,16.923315700127,16.926902770996094,0.00021196028796342277,0.00021196028796342277
1.4860,3.5000,14.922997611565,14.930438041687012,0.0004985881734809771,0.0004985881734809771
1.7430,3.5000,15.605776389267,15.607958793640137,0.00013984593388368234,0.00013984593388368234
0.3290,3.5000,14.769042413523,14.766573905944824,0.000167140665525816,-0.000167140665525816
1.1000,2.5000,15.998590537005999,15.993756294250488,0.0003021667905262217,-0.0003021667905262217
2.0000,2.2500,18.946667234825,18.95303726196289,0.0003362083188003533,0.0003362083188003533
0.7140,2.7500,14.828909391364999,14.831274032592773,0.00015946157369817784,0.00015946157369817784
1.2290,1.0000,21.249588450164,21.254756927490234,0.0002432271730040453,0.0002432271730040453
1.3570,2.7500,16.059834443779,16.05956268310547,1.6921760587402345e-05,-1.6921760587402345e-05
1.4860,3.2500,15.380686626014,15.380034446716309,4.240248264266701e-05,-4.240248264266701e-05
1.7430,4.2500,14.411217804997,14.404528617858887,0.0004641652932198992,-0.0004641652932198992
1.8710,3.5000,15.963055059992001,15.95942497253418,0.0002274055589095528,-0.0002274055589095528
0.3290,1.0000,19.294488252165003,19.298114776611328,0.00018795649819414357,0.00018795649819414357
