{
  "restart": 28,
  "seed": 86,
  "iters": 30000,
  "lr": 0.05,
  "best_iter": 29903,
  "best_cost": 0.00352527666836977,
  "best_alphaD_mean": 0.00026952751335957055,
  "n": 7
}