{
  "restart": 6,
  "seed": 64,
  "iters": 30000,
  "lr": 0.05,
  "best_iter": 29708,
  "best_cost": 0.000911634648218751,
  "best_alphaD_mean": 0.00013368976475963852,
  "n": 10
}