tier,restart_idx,param_seed,final_train_cost,final_test_cost
3,0,202000909,1.766325e-02,1.578425e+00
3,1,202000910,2.178913e-02,5.490812e+00
3,2,202000911,3.836054e-02,2.512475e+00
3,3,202000912,1.447255e-02,4.132238e+00
3,4,202000913,8.014612e-02,2.144456e+00
3,5,202000914,1.620286e-02,2.795977e+00
3,6,202000915,1.370199e-02,6.977420e+00
3,7,202000916,9.072618e-03,1.807760e+00
3,8,202000917,1.221586e-01,6.311608e+00
3,9,202000918,1.157939e-02,8.943375e-01
