tier,restart_idx,param_seed,final_train_cost,final_test_cost
4,0,202001010,3.489689e-02,7.770532e-01
4,1,202001011,6.974085e-03,4.752338e-01
4,2,202001012,1.858970e-02,1.341453e+00
4,3,202001013,8.624345e-03,9.290489e-01
4,4,202001014,4.910381e-03,4.405853e-01
4,5,202001015,3.315731e-02,5.651013e-01
4,6,202001016,3.048597e-02,9.801912e-01
4,7,202001017,2.640925e-02,4.460360e-01
4,8,202001018,1.587653e-02,2.468658e-01
4,9,202001019,2.291546e-02,2.139436e+00
