tier,restart_idx,param_seed,final_train_cost,final_test_cost
2,0,202000808,7.574047e-02,2.664505e+01
2,1,202000809,9.215102e-03,2.450053e+00
2,2,202000810,1.799238e-02,9.217941e+00
2,3,202000811,3.580824e-03,7.883412e+00
2,4,202000812,2.549363e-03,3.511638e+00
2,5,202000813,1.112984e-02,6.397344e+00
2,6,202000814,3.933563e-01,9.974463e+00
2,7,202000815,1.577532e-02,2.247595e+01
2,8,202000816,4.500771e-03,1.643405e+00
2,9,202000817,2.514595e-02,2.742715e+01
