{
  "restart": 9,
  "seed": 67,
  "iters": 30000,
  "lr": 0.05,
  "best_iter": 29927,
  "best_cost": 0.0009329444146715105,
  "best_alphaD_mean": 0.0001342362500878892,
  "n": 14
}