tier,restart_idx,param_seed,final_train_cost,final_test_cost
9,0,167001410,1.105161e-01,1.194105e-01
9,1,167001411,3.271487e-01,1.249170e-01
9,2,167001412,7.338583e-02,9.463894e-02
9,3,167001413,7.432719e-02,7.966397e-02
9,4,167001414,1.972422e-01,1.847584e-01
9,5,167001415,5.123488e-02,1.961477e-01
9,6,167001416,6.249253e-01,4.446150e-01
9,7,167001417,5.059711e-02,9.058046e-02
9,8,167001418,1.986307e-01,1.148704e-01
9,9,167001419,8.009253e-02,3.213222e-01
