tier,restart_idx,param_seed,final_train_cost,final_test_cost
10,0,167001511,5.343135e-02,3.010491e-02
10,1,167001512,1.274112e-01,9.468812e-02
10,2,167001513,1.445180e-01,7.883426e-02
10,3,167001514,5.187216e-02,1.313914e-01
10,4,167001515,6.240765e-02,7.746704e-02
10,5,167001516,1.382845e-01,2.118146e-01
10,6,167001517,1.399439e-01,1.340266e-01
10,7,167001518,2.054291e-01,1.413684e-01
10,8,167001519,7.949498e-02,8.523799e-02
10,9,167001520,1.170471e-01,6.095880e-02
