tier,restart_idx,param_seed,final_train_cost,final_test_cost
1,0,167000602,2.198409e-06,4.248171e+01
1,1,167000603,2.639664e-04,2.311632e+01
1,2,167000604,1.459758e-04,3.596420e+01
1,3,167000605,1.446382e-04,3.533167e+01
1,4,167000606,9.767551e-04,3.677953e+01
1,5,167000607,7.989011e-06,2.111004e+01
1,6,167000608,6.151746e-05,1.816715e+01
1,7,167000609,6.921635e-05,4.838715e+01
1,8,167000610,1.245227e-03,2.846113e+01
1,9,167000611,6.532996e-05,3.327677e+01
