{
  "restart": 4,
  "seed": 62,
  "iters": 30000,
  "lr": 0.05,
  "best_iter": 29781,
  "best_cost": 0.0004273922531865537,
  "best_alphaD_mean": 8.835631521840402e-05,
  "n": 14
}