{
  "restart": 3,
  "seed": 61,
  "iters": 30000,
  "lr": 0.05,
  "best_iter": 29930,
  "best_cost": 0.007141678594052792,
  "best_alphaD_mean": 0.00037533846459931347,
  "n": 5
}