tier,restart_idx,param_seed,final_train_cost,final_test_cost
7,0,135001112,5.250613e-02,5.030282e-02
7,1,135001113,1.399821e-01,4.916723e-01
7,2,135001114,4.436612e-02,2.538346e-01
7,3,135001115,3.931981e-02,1.710018e-01
7,4,135001116,2.376639e-02,2.411371e-01
7,5,135001117,2.640744e-02,2.660408e-01
7,6,135001118,4.340319e-01,6.346172e-01
7,7,135001119,3.235072e-02,9.385800e-02
7,8,135001120,1.561552e-01,3.994004e-01
7,9,135001121,3.795689e-02,2.339259e-01
