{
  "restart": 11,
  "seed": 69,
  "iters": 30000,
  "lr": 0.05,
  "best_iter": 29874,
  "best_cost": 0.0023197410628199577,
  "best_alphaD_mean": 0.00021799853077011886,
  "n": 6
}