alpha,beta,alphaD_true,alphaD_pred,rel_abs,rel_signed
1.1000,2.7500,15.444870383584,15.444622039794922,1.607937023168956e-05,-1.607937023168956e-05
0.2000,1.0000,19.051282316218,19.053621292114258,0.0001227726227261211,0.0001227726227261211
0.2000,4.5000,19.397942314212997,19.399499893188477,8.029609276329363e-05,8.029609276329363e-05
2.0000,1.0000,22.752251621592002,22.752222061157227,1.2992311823537782e-06,-1.2992311823537782e-06
2.0000,4.5000,14.760426956088999,14.760760307312012,2.2584117925889325e-05,2.2584117925889325e-05
0.9710,1.2500,19.56884610005,19.568866729736328,1.0542106685040623e-06,1.0542106685040623e-06
0.8430,3.5000,13.855777414907,13.855328559875488,3.2394792299996764e-05,-3.2394792299996764e-05
1.4860,3.5000,14.922997611565,14.925118446350098,0.00014211855019355299,0.00014211855019355299
1.7430,4.0000,14.782857439192,14.782323837280273,3.6095992531989626e-05,-3.6095992531989626e-05
2.0000,1.5000,21.036067872794,21.037878036499023,8.605047844348466e-05,8.605047844348466e-05
0.5860,2.5000,15.149038308404002,15.149065971374512,1.8260545617918883e-06,1.8260545617918883e-06
1.6140,1.0000,22.04014677513,22.03975486755371,1.7781532050973467e-05,-1.7781532050973467e-05
1.6140,3.2500,15.714130427978,15.712522506713867,0.00010232327340687178,-0.00010232327340687178
0.4570,1.7500,16.70640146289,16.707204818725586,4.808670720446091e-05,4.808670720446091e-05
1.6140,2.2500,17.926159928087998,17.930564880371094,0.000245727601492262,0.000245727601492262
0.5860,3.5000,13.978350677684002,13.978797912597656,3.199482714138338e-05,3.199482714138338e-05
1.4860,2.7500,16.391947827372,16.393251419067383,7.952634483167691e-05,7.952634483167691e-05
1.2290,1.0000,21.249588450164,21.25026512145996,3.184397182780985e-05,3.184397182780985e-05
0.4570,4.2500,14.658019179680998,14.658440589904785,2.874946598315644e-05,2.874946598315644e-05
2.0000,2.0000,19.589831449887,19.58560562133789,0.0002157154113306214,-0.0002157154113306214
0.8430,3.0000,14.550333960214001,14.548676490783691,0.0001139128101692754,-0.0001139128101692754
1.6140,4.2500,14.084101407887001,14.082855224609375,8.848156098394054e-05,-8.848156098394054e-05
