tier,restart_idx,param_seed,final_train_cost,final_test_cost
8,0,123001177,4.207803e-02,2.420483e-01
8,1,123001178,1.332394e-01,4.944871e-01
8,2,123001179,3.296401e-02,4.072775e-02
8,3,123001180,4.289501e-02,2.086341e-01
8,4,123001181,2.094487e-01,4.070511e-01
8,5,123001182,3.378964e-02,8.208615e-02
8,6,123001183,5.043067e-02,1.610777e-01
8,7,123001184,9.589488e-02,6.087149e-01
8,8,123001185,5.225795e-01,5.538619e-01
8,9,123001186,1.407498e-01,5.545690e-01
