tier,restart_idx,param_seed,final_train_cost,final_test_cost
2,0,123000571,1.041285e-02,3.784754e+00
2,1,123000572,3.072656e-03,2.973878e+01
2,2,123000573,1.969853e-02,7.756261e+00
2,3,123000574,2.988961e-02,5.273905e+00
2,4,123000575,2.946938e-03,1.261215e+01
2,5,123000576,1.883561e-02,2.071658e+01
2,6,123000577,4.266010e-02,2.233074e+01
2,7,123000578,1.103663e-01,1.554032e+01
2,8,123000579,3.734117e-02,1.717232e+01
2,9,123000580,6.132422e-03,7.565672e+00
