tier,restart_idx,param_seed,final_train_cost,final_test_cost
1,0,123000470,5.716187e-05,3.147708e+01
1,1,123000471,9.638838e-03,3.686652e+01
1,2,123000472,1.035084e-02,1.145583e+01
1,3,123000473,2.523059e-04,2.607916e+01
1,4,123000474,3.458769e-03,6.468978e+01
1,5,123000475,3.334405e-03,3.637338e+01
1,6,123000476,4.243347e-04,2.159639e+01
1,7,123000477,1.110941e-02,8.819449e+00
1,8,123000478,6.152835e-03,4.415104e+01
1,9,123000479,1.138833e-04,7.981819e+01
