{
  "restart": 3,
  "seed": 61,
  "iters": 30000,
  "lr": 0.05,
  "best_iter": 29856,
  "best_cost": 0.0017877332866191864,
  "best_alphaD_mean": 0.0001945718536761958,
  "n": 7
}