{
  "restart": 24,
  "seed": 82,
  "iters": 30000,
  "lr": 0.05,
  "best_iter": 29678,
  "best_cost": 0.0016696149250492454,
  "best_alphaD_mean": 0.00017499108162781303,
  "n": 13
}