{
  "restart": 0,
  "seed": 58,
  "iters": 30000,
  "lr": 0.05,
  "best_iter": 29881,
  "best_cost": 0.005424961913377047,
  "best_alphaD_mean": 0.000314181257169238,
  "n": 5
}