{
  "restart": 5,
  "seed": 63,
  "iters": 30000,
  "lr": 0.05,
  "best_iter": 29913,
  "best_cost": 0.0023889844305813313,
  "best_alphaD_mean": 0.0002143674719513173,
  "n": 5
}