tier,restart_idx,param_seed,final_train_cost,final_test_cost
3,0,170000813,2.439554e-02,4.308743e+00
3,1,170000814,4.455078e-02,1.832085e+00
3,2,170000815,6.744802e-02,1.258833e+00
3,3,170000816,1.241540e-02,1.139682e+00
3,4,170000817,2.046557e-02,1.358659e+00
3,5,170000818,6.539813e-03,9.695319e-01
3,6,170000819,7.929565e-03,1.009538e+01
3,7,170000820,1.771238e-02,2.634081e+00
3,8,170000821,1.184176e-01,1.151140e+01
3,9,170000822,1.341801e-01,8.285960e+00
