tier,restart_idx,param_seed,final_train_cost,final_test_cost
1,0,170000611,7.953613e-07,8.795381e+01
1,1,170000612,7.289543e-04,1.832573e+02
1,2,170000613,5.551264e-05,3.485835e+01
1,3,170000614,3.639442e-03,1.779644e+01
1,4,170000615,9.113708e-03,2.820680e+01
1,5,170000616,1.205137e-03,1.449183e+01
1,6,170000617,3.175781e-04,2.793666e+01
1,7,170000618,4.483054e-03,1.056486e+01
1,8,170000619,2.489277e-03,8.642722e+01
1,9,170000620,2.024653e-06,8.110046e+01
