{
  "restart": 0,
  "seed": 58,
  "iters": 30000,
  "lr": 0.05,
  "best_iter": 29831,
  "best_cost": 0.0011061131954193115,
  "best_alphaD_mean": 0.00015403780637805926,
  "n": 6
}