{
  "restart": 20,
  "seed": 78,
  "iters": 30000,
  "lr": 0.05,
  "best_iter": 29795,
  "best_cost": 0.0007121964590623975,
  "best_alphaD_mean": 0.00011958997407506649,
  "n": 10
}