{
  "restart": 15,
  "seed": 73,
  "iters": 30000,
  "lr": 0.05,
  "best_iter": 29912,
  "best_cost": 0.0004169187741354108,
  "best_alphaD_mean": 9.045195219334703e-05,
  "n": 15
}