tier,restart_idx,param_seed,final_train_cost,final_test_cost
5,0,198001099,4.468728e-02,5.548234e-01
5,1,198001100,1.995077e-02,2.996038e-01
5,2,198001101,1.060083e-01,1.823373e+00
5,3,198001102,2.329021e-01,6.291395e+00
5,4,198001103,1.609597e-02,1.343956e+00
5,5,198001104,1.198249e-01,6.756344e-01
5,6,198001105,7.315130e-02,3.576721e-01
5,7,198001106,5.917184e-02,4.949184e-01
5,8,198001107,1.038298e-02,1.498427e-01
5,9,198001108,1.314256e-01,3.287231e-01
