tier,restart_idx,param_seed,final_train_cost,final_test_cost
4,0,198000998,3.328597e-01,7.491915e-01
4,1,198000999,1.811785e-01,1.469496e+00
4,2,198001000,6.666221e-02,9.927309e-01
4,3,198001001,2.456690e-02,4.615383e-01
4,4,198001002,1.534243e-02,6.348682e-01
4,5,198001003,5.036393e-03,1.810945e+00
4,6,198001004,1.048073e-01,7.688254e-01
4,7,198001005,5.682289e-02,1.004445e+00
4,8,198001006,7.012328e-03,3.857604e-01
4,9,198001007,4.815233e-02,6.750795e-01
