tier,restart_idx,param_seed,final_train_cost,final_test_cost
7,0,198001301,1.401508e-01,3.286372e-01
7,1,198001302,4.031301e-02,5.724270e-02
7,2,198001303,1.914336e-02,3.246222e-01
7,3,198001304,6.614724e-02,5.649034e-02
7,4,198001305,4.516574e-02,1.894683e-01
7,5,198001306,2.164451e-01,4.042994e-01
7,6,198001307,5.110830e-02,1.539180e-01
7,7,198001308,7.675137e-02,3.575800e-01
7,8,198001309,3.711333e-02,2.208594e-01
7,9,198001310,5.788053e-02,2.831235e-01
