tier,restart_idx,param_seed,final_train_cost,final_test_cost
8,0,198001402,5.079451e-02,1.637371e-01
8,1,198001403,4.558824e-02,2.832605e-01
8,2,198001404,6.426144e-02,1.527294e-01
8,3,198001405,3.106876e-02,1.553709e-01
8,4,198001406,1.434784e-01,3.256292e-01
8,5,198001407,4.796966e-02,2.326139e-01
8,6,198001408,8.775669e-02,1.981772e-01
8,7,198001409,1.846856e-01,3.301524e-01
8,8,198001410,6.710774e-01,5.532296e-01
8,9,198001411,1.229810e-01,4.117393e-01
