{
  "restart": 7,
  "seed": 65,
  "iters": 30000,
  "lr": 0.05,
  "best_iter": 29835,
  "best_cost": 0.006334366276860237,
  "best_alphaD_mean": 0.0003681741492234751,
  "n": 7
}