{
  "restart": 2,
  "seed": 60,
  "iters": 30000,
  "lr": 0.05,
  "best_iter": 29555,
  "best_cost": 0.0010832109255716205,
  "best_alphaD_mean": 0.00013526866686196747,
  "n": 13
}