{
  "restart": 25,
  "seed": 83,
  "iters": 30000,
  "lr": 0.05,
  "best_iter": 29874,
  "best_cost": 0.0005082154530100524,
  "best_alphaD_mean": 9.910941814389476e-05,
  "n": 14
}