{
  "restart": 28,
  "seed": 86,
  "iters": 30000,
  "lr": 0.05,
  "best_iter": 29835,
  "best_cost": 0.0004598131054081023,
  "best_alphaD_mean": 8.961610562300892e-05,
  "n": 16
}