{
  "restart": 2,
  "seed": 60,
  "iters": 30000,
  "lr": 0.05,
  "best_iter": 29795,
  "best_cost": 0.0005327219259925187,
  "best_alphaD_mean": 9.8432728390064e-05,
  "n": 14
}