{
  "restart": 5,
  "seed": 63,
  "iters": 30000,
  "lr": 0.05,
  "best_iter": 29946,
  "best_cost": 0.0012002625735476613,
  "best_alphaD_mean": 0.00015192998309718363,
  "n": 8
}