{
  "restart": 12,
  "seed": 70,
  "iters": 30000,
  "lr": 0.05,
  "best_iter": 29918,
  "best_cost": 0.001788620138540864,
  "best_alphaD_mean": 0.00019729433822899948,
  "n": 6
}