{
  "restart": 21,
  "seed": 79,
  "iters": 30000,
  "lr": 0.05,
  "best_iter": 29839,
  "best_cost": 0.0019500559428706765,
  "best_alphaD_mean": 0.00019612648275124913,
  "n": 6
}