0.000000000000000000e+00 7.233848310355710178e-05
4.002001000500250011e-02 7.269790710245064734e-05
8.004002001000500022e-02 7.306017283262845300e-05
1.200600300150075073e-01 7.342531149092927797e-05
1.600800400200100004e-01 7.379335471384117500e-05
2.001000500250124936e-01 7.416433458506691760e-05
2.401200600300150145e-01 7.453828364324322137e-05
2.801400700350175077e-01 7.491523488981709331e-05
3.201600800400200009e-01 7.529522179708336130e-05
3.601800900450224940e-01 7.567827831638677201e-05
4.002001000500249872e-01 7.606443888649292611e-05
4.402201100550274804e-01 7.645373844213149324e-05
4.802401200600300291e-01 7.684621242271674822e-05
5.202601300650324667e-01 7.724189678124853211e-05
5.602801400700350154e-01 7.764082799339889639e-05
6.003001500750374531e-01 7.804304306678814369e-05
6.403201600800400017e-01 7.844857955045534737e-05
6.803401700850425504e-01 7.885747554452810675e-05
7.203601800900449881e-01 7.926976971009561731e-05
7.603801900950475368e-01 7.968550127929087000e-05
8.004002001000499744e-01 8.010471006558642483e-05
8.404202101050525231e-01 8.052743647430968114e-05
8.804402201100549608e-01 8.095372151338210340e-05
9.204602301150575094e-01 8.138360680428873158e-05
9.604802401200600581e-01 8.181713459328320730e-05
1.000500250125062607e+00 8.225434776283423828e-05
1.040520260130064933e+00 8.269528984331980294e-05
1.080540270135067482e+00 8.314000502497452983e-05
1.120560280140070031e+00 8.358853817009744816e-05
1.160580290145072579e+00 8.404093482552599129e-05
1.200600300150074906e+00 8.449724123538350376e-05
1.240620310155077455e+00 8.495750435410620149e-05
1.280640320160080003e+00 8.542177185975816372e-05
1.320660330165082552e+00 8.589009216764007611e-05
1.360680340170085101e+00 8.636251444420034418e-05
1.400700350175087427e+00 8.683908862125578720e-05
1.440720360180089976e+00 8.731986541052988123e-05
1.480740370185092525e+00 8.780489631851698124e-05
1.520760380190095074e+00 8.829423366168087043e-05
1.560780390195097400e+00 8.878793058199553796e-05
1.600800400200099949e+00 8.928604106283889166e-05
1.640820410205102498e+00 8.978861994524622251e-05
1.680840420210105046e+00 9.029572294453507616e-05
1.720860430215107595e+00 9.080740666730944611e-05
1.760880440220109922e+00 9.132372862885498443e-05
1.800900450225112470e+00 9.184474727093387648e-05
1.840920460230115019e+00 9.237052197999137367e-05
1.880940470235117568e+00 9.290111310578397241e-05
1.920960480240120116e+00 9.343658198044143659e-05
1.960980490245122443e+00 9.397699093797278727e-05
2.001000500250125214e+00 9.452240333423048981e-05
2.041020510255127540e+00 9.507288356734248773e-05
2.081040520260129867e+00 9.562849709862724864e-05
2.121060530265132638e+00 9.618931047400319291e-05
2.161080540270134964e+00 9.675539134590665363e-05
2.201100550275137291e+00 9.732680849573282882e-05
2.241120560280140062e+00 9.790363185681251901e-05
2.281140570285142388e+00 9.848593253794152356e-05
2.321160580290145159e+00 9.907378284747584123e-05
2.361180590295147486e+00 9.966725631801013100e-05
2.401200600300149812e+00 1.002664277316546524e-04
2.441220610305152583e+00 1.008713731459275179e-04
2.481240620310154910e+00 1.014821699202801323e-04
2.521260630315157680e+00 1.020988967432728562e-04
2.561280640320160007e+00 1.027216336604197029e-04
2.601300650325162334e+00 1.033504621027211647e-04
2.641320660330165104e+00 1.039854649159041431e-04
2.681340670335167431e+00 1.046267263903900689e-04
2.721360680340170202e+00 1.052743322920112308e-04
2.761380690345172528e+00 1.059283698934972400e-04
2.801400700350174855e+00 1.065889280067541545e-04
2.841420710355177626e+00 1.072560970159586120e-04
2.881440720360179952e+00 1.079299689114911491e-04
2.921460730365182723e+00 1.086106373247331140e-04
2.961480740370185050e+00 1.092981975637520836e-04
3.001500750375187376e+00 1.099927466499031191e-04
3.041520760380190147e+00 1.106943833553711369e-04
3.081540770385192474e+00 1.114032082416837883e-04
3.121560780390194800e+00 1.121193236992231216e-04
3.161580790395197571e+00 1.128428339877658791e-04
3.201600800400199898e+00 1.135738452780832780e-04
3.241620810405202668e+00 1.143124656946324056e-04
3.281640820410204995e+00 1.150588053593718923e-04
3.321660830415207322e+00 1.158129764367359321e-04
3.361680840420210092e+00 1.165750931798028369e-04
3.401700850425212419e+00 1.173452719776929125e-04
3.441720860430215190e+00 1.181236314042353406e-04
3.481740870435217516e+00 1.189102922679416310e-04
3.521760880440219843e+00 1.197053776633270775e-04
3.561780890445222614e+00 1.205090130236213602e-04
3.601800900450224940e+00 1.213213261749123692e-04
3.641820910455227711e+00 1.221424473917672121e-04
3.681840920460230038e+00 1.229725094543778277e-04
3.721860930465232364e+00 1.238116477072786917e-04
3.761880940470235135e+00 1.246600001196862865e-04
3.801900950475237462e+00 1.255177073475129308e-04
3.841920960480240232e+00 1.263849127971068361e-04
3.881940970485242559e+00 1.272617626907761356e-04
3.921960980490244886e+00 1.281484061341511512e-04
3.961980990495247656e+00 1.290449951854477010e-04
4.002001000500250427e+00 1.299516849266912401e-04
4.042021010505252754e+00 1.308686335369653962e-04
4.082041020510255080e+00 1.317960023677532068e-04
4.122061030515257407e+00 1.327339560204383016e-04
4.162081040520259734e+00 1.336826624260373209e-04
4.202101050525262949e+00 1.346422929272385934e-04
4.242121060530265275e+00 1.356130223628235654e-04
4.282141070535267602e+00 1.365950291545494505e-04
4.322161080540269928e+00 1.375884953965782632e-04
4.362181090545272255e+00 1.385936069475357752e-04
4.402201100550274582e+00 1.396105535252905986e-04
4.442221110555277797e+00 1.406395288045463954e-04
4.482241120560280123e+00 1.416807305173422681e-04
4.522261130565282450e+00 1.427343605565624092e-04
4.562281140570284776e+00 1.438006250825574911e-04
4.602301150575287103e+00 1.448797346329871668e-04
4.642321160580290318e+00 1.459719042359939451e-04
4.682341170585292645e+00 1.470773535268262908e-04
4.722361180590294971e+00 1.481963068680321129e-04
4.762381190595297298e+00 1.493289934733469412e-04
4.802401200600299624e+00 1.504756475354095818e-04
4.842421210605302839e+00 1.516365083574403678e-04
4.882441220610305166e+00 1.528118204890235225e-04
4.922461230615307493e+00 1.540018338661429832e-04
4.962481240620309819e+00 1.552068039556213049e-04
5.002501250625312146e+00 1.564269919041256856e-04
5.042521260630315361e+00 1.576626646919043100e-04
5.082541270635317687e+00 1.589140952914268930e-04
5.122561280640320014e+00 1.601815628311107004e-04
5.162581290645322341e+00 1.614653527643185836e-04
5.202601300650324667e+00 1.627657570438250528e-04
5.242621310655327882e+00 1.640830743019547333e-04
5.282641320660330209e+00 1.654176100366048683e-04
5.322661330665332535e+00 1.667696768033741293e-04
5.362681340670334862e+00 1.681395944140291309e-04
5.402701350675337189e+00 1.695276901415472277e-04
5.442721360680340403e+00 1.709342989319900829e-04
5.482741370685342730e+00 1.723597636234670252e-04
5.522761380690345057e+00 1.738044351724650710e-04
5.562781390695347383e+00 1.752686728878272073e-04
5.602801400700349710e+00 1.767528446726805865e-04
5.642821410705352925e+00 1.782573272746234693e-04
5.682841420710355251e+00 1.797825065444969884e-04
5.722861430715357578e+00 1.813287777040811701e-04
5.762881440720359905e+00 1.828965456230697477e-04
5.802901450725362231e+00 1.844862251056941305e-04
5.842921460730365446e+00 1.860982411873855129e-04
5.882941470735367773e+00 1.877330294418780125e-04
5.922961480740370099e+00 1.893910362991787675e-04
5.962981490745372426e+00 1.910727193748476712e-04
6.003001500750374753e+00 1.927785478110485883e-04
6.043021510755377079e+00 1.945090026298606752e-04
6.083041520760380294e+00 1.962645770993544727e-04
6.123061530765382621e+00 1.980457771129675009e-04
6.163081540770384947e+00 1.998531215827340868e-04
6.203101550775387274e+00 2.016871428469541093e-04
6.243121560780389601e+00 2.035483870929121234e-04
6.283141570785392815e+00 2.054374147952862993e-04
6.323161580790395142e+00 2.073548011709207641e-04
6.363181590795397469e+00 2.093011366506633401e-04
6.403201600800399795e+00 2.112770273690096770e-04
6.443221610805402122e+00 2.132830956723269240e-04
6.483241620810405337e+00 2.153199806464705789e-04
6.523261630815407663e+00 2.173883386646489229e-04
6.563281640820409990e+00 2.194888439564302907e-04
6.603301650825412317e+00 2.216221891988349709e-04
6.643321660830414643e+00 2.237890861304999573e-04
6.683341670835417858e+00 2.259902661899566292e-04
6.723361680840420185e+00 2.282264811791125797e-04
6.763381690845422511e+00 2.304985039530864431e-04
6.803401700850424838e+00 2.328071291376031401e-04
6.843421710855427165e+00 2.351531738752207703e-04
6.883441720860430380e+00 2.375374786017251316e-04
6.923461730865432706e+00 2.399609078541003538e-04
6.963481740870435033e+00 2.424243511115576428e-04
7.003501750875437359e+00 2.449287236711824374e-04
7.043521760880439686e+00 2.474749675598454180e-04
7.083541770885442901e+00 2.500640524841111698e-04
7.123561780890445227e+00 2.526969768199707300e-04
7.163581790895447554e+00 2.553747686443286853e-04
7.203601800900449881e+00 2.580984868102737949e-04
7.243621810905452207e+00 2.608692220682837909e-04
7.283641820910455422e+00 2.636880982356266511e-04
7.323661830915457749e+00 2.665562734163532928e-04
7.363681840920460075e+00 2.694749412744071207e-04
7.403701850925462402e+00 2.724453323625233652e-04
7.443721860930464729e+00 2.754687155097408787e-04
7.483741870935467944e+00 2.785463992705128778e-04
7.523761880940470270e+00 2.816797334385764853e-04
7.563781890945472597e+00 2.848701106289234499e-04
7.603801900950474923e+00 2.881189679314123436e-04
7.643821910955477250e+00 2.914277886397717869e-04
7.683841920960480465e+00 2.947981040599657009e-04
7.723861930965482792e+00 2.982314954021305980e-04
7.763881940970485118e+00 3.017295957605514983e-04
7.803901950975487445e+00 3.052940921864083631e-04
7.843921960980489771e+00 3.089267278583220110e-04
7.883941970985492098e+00 3.126293043560305902e-04
7.923961980990495313e+00 3.164036840428681788e-04
7.963981990995497640e+00 3.202517925630609373e-04
8.004002001000500854e+00 3.241756214602438402e-04
8.044022011005502293e+00 3.281772309240044453e-04
8.084042021010505508e+00 3.322587526716931357e-04
8.124062031015506946e+00 3.364223929732079689e-04
8.164082041020510161e+00 3.406704358269639307e-04
8.204102051025513376e+00 3.450052462957892184e-04
8.244122061030514814e+00 3.494292740120687364e-04
8.284142071035518029e+00 3.539450568620808942e-04
8.324162081040519467e+00 3.585552248601224772e-04
8.364182091045522682e+00 3.632625042237532377e-04
8.404202101050525897e+00 3.680697216622430957e-04
8.444222111055527336e+00 3.729798088911445578e-04
8.484242121060530550e+00 3.779958073868035207e-04
8.524262131065531989e+00 3.831208733955775722e-04
8.564282141070535204e+00 3.883582832135808942e-04
8.604302151075536642e+00 3.937114387538816272e-04
8.644322161080539857e+00 3.991838734192973935e-04
8.684342171085543072e+00 4.047792583002332752e-04
8.724362181090544510e+00 4.105014087184287496e-04
8.764382191095547725e+00 4.163542911389978029e-04
8.804402201100549163e+00 4.223420304748106932e-04
8.844422211105552378e+00 4.284689178090563943e-04
8.884442221110555593e+00 4.347394185637636316e-04
8.924462231115557032e+00 4.411581811441795515e-04
8.964482241120560246e+00 4.477300460911825988e-04
9.004502251125561685e+00 4.544600557764009769e-04
9.044522261130564900e+00 4.613534646774178675e-04
9.084542271135568114e+00 4.684157502733765415e-04
9.124562281140569553e+00 4.756526246045219859e-04
9.164582291145572768e+00 4.830700465426965577e-04
9.204602301150574206e+00 4.906742348236239502e-04
9.244622311155577421e+00 4.984716818959857541e-04
9.284642321160580636e+00 5.064691686468308267e-04
9.324662331165582074e+00 5.146737800678359521e-04
9.364682341170585289e+00 5.230929219323913896e-04
9.404702351175586728e+00 5.317343385594213443e-04
9.444722361180589942e+00 5.406061317464296370e-04
9.484742371185593157e+00 5.497167809613961445e-04
9.524762381190594596e+00 5.590751648910794380e-04
9.564782391195597810e+00 5.686905844519206214e-04
9.604802401200599249e+00 5.785727873793134043e-04
9.644822411205602464e+00 5.887319945215319658e-04
9.684842421210605679e+00 5.991789279761994789e-04
9.724862431215607117e+00 6.099248412200279591e-04
9.764882441220610332e+00 6.209815513967273728e-04
9.804902451225611770e+00 6.323614739436666599e-04
9.844922461230614985e+00 6.440776597552899576e-04
9.884942471235618200e+00 6.561438351005599752e-04
9.924962481240619638e+00 6.685744445331639812e-04
9.964982491245622853e+00 6.813846970570600157e-04
1.000500250125062429e+01 6.945906158364893637e-04
1.004502251125562751e+01 7.082090917692402190e-04
1.008504252126063072e+01 7.222579412749928658e-04
1.012506253126563216e+01 7.367559686876155433e-04
1.016508254127063537e+01 7.517230336817054678e-04
1.020510255127563681e+01 7.671801242101519399e-04
1.024512256128064003e+01 7.831494354817510484e-04
1.028514257128564324e+01 7.996544555666268601e-04
1.032516258129064468e+01 8.167200582834759732e-04
1.036518259129564790e+01 8.343726040973939613e-04
1.040520260130064933e+01 8.526400498415904854e-04
1.044522261130565255e+01 8.715520681721154609e-04
1.048524262131065576e+01 8.911401777733703612e-04
1.052526263131565720e+01 9.114378854558596432e-04
1.056528264132066042e+01 9.324808414284337273e-04
1.060530265132566186e+01 9.543070091880778661e-04
1.064532266133066507e+01 9.769568516542722399e-04
1.068534267133566829e+01 1.000473535385811626e-03
1.072536268134066972e+01 1.024903154960357882e-03
1.076538269134567294e+01 1.050294979876067883e-03
1.080540270135067438e+01 1.076701726656883540e-03
1.084542271135567759e+01 1.104179859216013280e-03
1.088544272136068081e+01 1.132789920964805000e-03
1.092546273136568225e+01 1.162596902657666393e-03
1.096548274137068546e+01 1.193670650550986969e-03
1.100550275137568690e+01 1.226086320141072652e-03
1.104552276138069011e+01 1.259924881552468333e-03
1.108554277138569333e+01 1.295273683596980235e-03
1.112556278139069477e+01 1.332227084644453403e-03
1.116558279139569798e+01 1.370887159773996004e-03
1.120560280140069942e+01 1.411364495252818377e-03
1.124562281140570263e+01 1.453779083273299810e-03
1.128564282141070585e+01 1.498261332134369784e-03
1.132566283141570729e+01 1.544953209765359764e-03
1.136568284142071050e+01 1.594009541764300703e-03
1.140570285142571194e+01 1.645599489091712202e-03
1.144572286143071516e+01 1.699908235394158350e-03
1.148574287143571837e+01 1.757138919844177059e-03
1.152576288144071981e+01 1.817514858651061169e-03
1.156578289144572302e+01 1.881282107375392828e-03
1.160580290145072446e+01 1.948712427330527098e-03
1.164582291145572768e+01 2.020106733277791163e-03
1.168584292146073089e+01 2.095799117108154523e-03
1.172586293146573233e+01 2.176161564295544127e-03
1.176588294147073555e+01 2.261609507993995322e-03
1.180590295147573698e+01 2.352608401594483752e-03
1.184592296148074020e+01 2.449681536872082808e-03
1.188594297148574341e+01 2.553419394963089058e-03
1.192596298149074485e+01 2.664490896014527592e-03
1.196598299149574807e+01 2.783657016950159737e-03
1.200600300150074951e+01 2.911787384485971589e-03
1.204602301150575272e+01 3.049880635118790932e-03
1.208604302151075416e+01 3.199089583549319122e-03
1.212606303151575737e+01 3.360752582131271409e-03
1.216608304152076059e+01 3.536432924612311571e-03
1.220610305152576203e+01 3.727968803726006662e-03
1.224612306153076524e+01 3.937537257467252881e-03
1.228614307153576668e+01 4.167736858529128875e-03
1.232616308154076989e+01 4.421695806296779135e-03
1.236618309154577311e+01 4.703214865187925475e-03
1.240620310155077455e+01 5.016958715978940379e-03
1.244622311155577776e+01 5.368715472619228074e-03
1.248624312156077920e+01 5.765753522318017160e-03
1.252626313156578242e+01 6.217319333899744456e-03
1.256628314157078563e+01 6.735342465339497903e-03
1.260630315157578707e+01 7.335449568264994918e-03
1.264632316158079028e+01 8.038445530594044361e-03
1.268634317158579172e+01 8.872508973911570618e-03
1.272636318159079494e+01 9.876487579277970844e-03
1.276638319159579815e+01 1.110488170443074858e-02
1.280640320160079959e+01 1.263535808649186680e-02
1.284642321160580281e+01 1.457977956561225773e-02
1.288644322161080424e+01 1.709905842814978330e-02
1.292646323161580746e+01 2.041804199275659704e-02
1.296648324162081067e+01 2.482090202214735919e-02
1.300650325162581211e+01 3.055989543145002513e-02
1.304652326163081533e+01 3.751502612763547850e-02
1.308654327163581677e+01 4.447163347213083789e-02
1.312656328164081998e+01 4.876911811358344145e-02
1.316658329164582319e+01 4.827733311795706639e-02
1.320660330165082463e+01 4.409306333584343818e-02
1.324662331165582785e+01 3.911349880149440905e-02
1.328664332166082929e+01 3.521073657310995475e-02
1.332666333166583250e+01 3.289265447169036766e-02
1.336668334167083572e+01 3.207043619521400546e-02
1.340670335167583715e+01 3.255492151040784848e-02
1.344672336168084037e+01 3.422762386314764926e-02
1.348674337168584181e+01 3.707941810773147245e-02
1.352676338169084502e+01 4.121841573700519429e-02
1.356678339169584824e+01 4.688287089633838556e-02
1.360680340170084968e+01 5.447198124554229054e-02
1.364682341170585289e+01 6.460280848893842909e-02
1.368684342171085433e+01 7.820220628514276684e-02
1.372686343171585754e+01 9.663988629591030444e-02
1.376688344172086076e+01 1.218837724023032199e-01
1.380690345172586220e+01 1.565528667164459986e-01
1.384692346173086541e+01 2.033958965910123151e-01
1.388694347173586685e+01 2.628927389062199471e-01
1.392696348174087007e+01 3.270813183417398684e-01
1.396698349174587328e+01 3.729193152469373329e-01
1.400700350175087472e+01 3.733195270965403156e-01
1.404702351175587793e+01 3.279330872685348730e-01
1.408704352176087937e+01 2.636186535995800884e-01
1.412706353176588259e+01 2.036901583175789454e-01
1.416708354177088580e+01 1.563490575858767773e-01
1.420710355177588724e+01 1.211982888849628820e-01
1.424712356178089045e+01 9.549147412521132028e-02
1.428714357178589189e+01 7.658688526913505490e-02
1.432716358179089511e+01 6.248795759907019992e-02
1.436718359179589832e+01 5.179358921179932906e-02
1.440720360180089976e+01 4.354049966395449195e-02
1.444722361180590298e+01 3.706563083427612953e-02
1.448724362181090441e+01 3.190773803414072296e-02
1.452726363181590763e+01 2.774129321544392679e-02
1.456728364182091084e+01 2.433289846311625232e-02
1.460730365182591228e+01 2.151253979091995519e-02
1.464732366183091550e+01 1.915446522000675833e-02
1.468734367183591694e+01 1.716430545869143676e-02
1.472736368184092015e+01 1.547027609067855129e-02
1.476738369184592337e+01 1.401707968520285799e-02
1.480740370185092480e+01 1.276161791698573501e-02
1.484742371185592802e+01 1.166993412109787291e-02
1.488744372186092946e+01 1.071500400103406019e-02
1.492746373186593267e+01 9.875118957642401579e-03
1.496748374187093589e+01 9.132688926874162408e-03
1.500750375187593733e+01 8.473345898198562584e-03
1.504752376188094054e+01 7.885265502808221083e-03
1.508754377188594198e+01 7.358648534183128906e-03
1.512756378189094519e+01 6.885321007523493783e-03
1.516758379189594841e+01 6.458422957958387216e-03
1.520760380190094985e+01 6.072164297127488966e-03
1.524762381190595306e+01 5.721631797132775178e-03
1.528764382191095450e+01 5.402635384603016351e-03
1.532766383191595772e+01 5.111584900435906138e-03
1.536768384192096093e+01 4.845390649536113897e-03
1.540770385192596237e+01 4.601382661355634535e-03
1.544772386193096558e+01 4.377244767419113253e-03
1.548774387193596702e+01 4.170960489413403499e-03
1.552776388194097024e+01 3.980768401011737685e-03
1.556778389194597167e+01 3.805125135725786426e-03
1.560780390195097489e+01 3.642674603097563468e-03
1.564782391195597810e+01 3.492222276566622589e-03
1.568784392196097954e+01 3.352713650479666446e-03
1.572786393196598276e+01 3.223216147337260550e-03
1.576788394197098420e+01 3.102903901769967464e-03
1.580790395197598741e+01 2.991044964226455185e-03
1.584792396198099063e+01 2.886990562150817084e-03
1.588794397198599206e+01 2.790166135259991749e-03
1.592796398199099528e+01 2.700063929166155417e-03
1.596798399199599672e+01 2.616236992234963546e-03
1.600800400200100171e+01 2.538294478302173009e-03
1.604802401200600315e+01 2.465898217072411483e-03
1.608804402201100459e+01 2.398760579953139113e-03
1.612806403201600602e+01 2.336643748659142285e-03
1.616808404202101102e+01 2.279360596929240219e-03
1.620810405202601245e+01 2.226777536597852186e-03
1.624812406203101389e+01 2.178819880197697522e-03
1.628814407203601888e+01 2.135480567891877984e-03
1.632816408204102032e+01 2.096833551989959153e-03
1.636818409204602176e+01 2.063053816357547556e-03
1.640820410205102675e+01 2.034447074395058681e-03
1.644822411205602819e+01 2.011493870037475273e-03
1.648824412206102963e+01 1.994915469599111216e-03
1.652826413206603107e+01 1.985773133228366846e-03
1.656828414207103606e+01 1.985618819661537620e-03
1.660830415207603750e+01 1.996724639691717200e-03
1.664832416208103893e+01 2.022429021798365697e-03
1.668834417208604393e+01 2.067639532170833898e-03
1.672836418209104536e+01 2.139483601095199406e-03
1.676838419209604680e+01 2.247851152485168952e-03
1.680840420210105179e+01 2.404679123447398849e-03
1.684842421210605323e+01 2.618304222429711486e-03
1.688844422211105467e+01 2.875094123301591073e-03
1.692846423211605611e+01 3.106967163527809758e-03
1.696848424212106110e+01 3.193402606649271315e-03
1.700850425212606254e+01 3.070384015476844419e-03
1.704852426213106398e+01 2.814424070242838721e-03
1.708854427213606897e+01 2.543909813495427719e-03
1.712856428214107041e+01 2.320091996698281887e-03
1.716858429214607185e+01 2.153013032929551075e-03
1.720860430215107328e+01 2.033479536055011940e-03
1.724862431215607828e+01 1.949718065644157018e-03
1.728864432216107971e+01 1.892220647022359098e-03
1.732866433216608115e+01 1.854224693270519787e-03
1.736868434217108614e+01 1.831132984235681960e-03
1.740870435217608758e+01 1.819876885201204223e-03
1.744872436218108902e+01 1.818434940537038942e-03
1.748874437218609401e+01 1.825505531334811055e-03
1.752876438219109545e+01 1.840292888677223923e-03
1.756878439219609689e+01 1.862369742100527083e-03
1.760880440220109833e+01 1.891590671131211220e-03
1.764882441220610332e+01 1.928039290523732774e-03
1.768884442221110476e+01 1.971998708403761846e-03
1.772886443221610620e+01 2.023938855500337971e-03
1.776888444222111119e+01 2.084517021762212399e-03
1.780890445222611262e+01 2.154589806879544239e-03
1.784892446223111406e+01 2.235236071927828097e-03
1.788894447223611905e+01 2.327791629890326591e-03
1.792896448224112049e+01 2.433897525531040530e-03
1.796898449224612193e+01 2.555564995854494974e-03
1.800900450225112337e+01 2.695261744181168088e-03
1.804902451225612836e+01 2.856026216987044442e-03
1.808904452226112980e+01 3.041619437101524860e-03
1.812906453226613124e+01 3.256728051427758286e-03
1.816908454227113623e+01 3.507238253321762200e-03
1.820910455227613767e+01 3.800609162181701594e-03
1.824912456228113911e+01 4.146387703388199758e-03
1.828914457228614410e+01 4.556927619858488869e-03
1.832916458229114554e+01 5.048407143336000602e-03
1.836918459229614697e+01 5.642289838565627512e-03
1.840920460230114841e+01 6.367452153676374585e-03
1.844922461230615340e+01 7.263326587959343175e-03
1.848924462231115484e+01 8.384607044162110251e-03
1.852926463231615628e+01 9.808366046196424076e-03
1.856928464232116127e+01 1.164486315991148345e-02
1.860930465232616271e+01 1.405379936986185345e-02
1.864932466233116415e+01 1.726777063667165463e-02
1.868934467233616914e+01 2.162205705053233534e-02
1.872936468234117058e+01 2.757721216708497111e-02
1.876938469234617202e+01 3.567603834017007980e-02
1.880940470235117346e+01 4.625340445708805287e-02
1.884942471235617845e+01 5.853581890559675371e-02
1.888944472236117988e+01 6.916978930156771066e-02
1.892946473236618132e+01 7.266306147098368362e-02
1.896948474237118631e+01 6.664699729322791366e-02
1.900950475237618775e+01 5.502092025956641097e-02
1.904952476238118919e+01 4.301096850544836731e-02
1.908954477238619418e+01 3.312167298297864770e-02
1.912956478239119562e+01 2.567419512298956680e-02
1.916958479239619706e+01 2.021808779873070228e-02
1.920960480240119850e+01 1.622037364494996817e-02
1.924962481240620349e+01 1.325621016625223685e-02
1.928964482241120493e+01 1.102236826166785345e-02
1.932966483241620637e+01 9.309616863881408841e-03
1.936968484242121136e+01 7.974223647065252843e-03
1.940970485242621280e+01 6.916647889437577135e-03
1.944972486243121423e+01 6.067019275909445349e-03
1.948974487243621923e+01 5.375528772528106666e-03
1.952976488244122066e+01 4.806100008992125402e-03
1.956978489244622210e+01 4.332194828347240775e-03
1.960980490245122354e+01 3.934001358038815947e-03
1.964982491245622853e+01 3.596522939785214059e-03
1.968984492246122997e+01 3.308260369864416805e-03
1.972986493246623141e+01 3.060289979973385317e-03
1.976988494247123640e+01 2.845609483488761859e-03
1.980990495247623784e+01 2.658667495692747240e-03
1.984992496248123928e+01 2.495020782651026590e-03
1.988994497248624427e+01 2.351081516131865636e-03
1.992996498249124571e+01 2.223928759654134751e-03
1.996998499249624714e+01 2.111166346000553119e-03
2.001000500250124858e+01 2.010814644871764152e-03
2.005002501250625357e+01 1.921227355927360029e-03
2.009004502251125501e+01 1.841026969935347915e-03
2.013006503251625645e+01 1.769054289916130321e-03
2.017008504252126144e+01 1.704328637991711940e-03
2.021010505252626288e+01 1.646016253241609035e-03
2.025012506253126432e+01 1.593405019289023282e-03
2.029014507253626931e+01 1.545884120891406451e-03
2.033016508254127075e+01 1.502927566741133012e-03
2.037018509254627219e+01 1.464080765805622023e-03
2.041020510255127363e+01 1.428949531204878149e-03
2.045022511255627862e+01 1.397191026036838368e-03
2.049024512256128006e+01 1.368506271974804242e-03
2.053026513256628149e+01 1.342633922687375483e-03
2.057028514257128649e+01 1.319345066556736230e-03
2.061030515257628792e+01 1.298438871461668085e-03
2.065032516258128936e+01 1.279738921982594754e-03
2.069034517258629080e+01 1.263090128824482898e-03
2.073036518259129579e+01 1.248356113441347623e-03
2.077038519259629723e+01 1.235416989213625975e-03
2.081040520260129867e+01 1.224167475158262092e-03
2.085042521260630366e+01 1.214515289864838074e-03
2.089044522261130510e+01 1.206379782780075179e-03
2.093046523261630654e+01 1.199690767593632320e-03
2.097048524262131153e+01 1.194387528686904464e-03
2.101050525262631297e+01 1.190417976686905001e-03
2.105052526263131440e+01 1.187737933349471186e-03
2.109054527263631584e+01 1.186310529461305410e-03
2.113056528264132083e+01 1.186105702342894579e-03
2.117058529264632227e+01 1.187099781969074832e-03
2.121060530265132371e+01 1.189275156793893028e-03
2.125062531265632870e+01 1.192620012146715413e-03
2.129064532266133014e+01 1.197128135619465955e-03
2.133066533266633158e+01 1.202798785242242471e-03
2.137068534267133657e+01 1.209636617490437299e-03
2.141070535267633801e+01 1.217651673319247512e-03
2.145072536268133945e+01 1.226859421515395787e-03
2.149074537268634089e+01 1.237280859722705460e-03
2.153076538269134588e+01 1.248942674568355015e-03
2.157078539269634732e+01 1.261877463420547603e-03
2.161080540270134875e+01 1.276124021477579923e-03
2.165082541270635375e+01 1.291727699156886575e-03
2.169084542271135518e+01 1.308740836158496252e-03
2.173086543271635662e+01 1.327223280163898579e-03
2.177088544272136161e+01 1.347242999949181848e-03
2.181090545272636305e+01 1.368876804801173394e-03
2.185092546273136449e+01 1.392211184600065889e-03
2.189094547273636593e+01 1.417343287860878525e-03
2.193096548274137092e+01 1.444382058519236246e-03
2.197098549274637236e+01 1.473449556440860559e-03
2.201100550275137380e+01 1.504682491699899137e-03
2.205102551275637879e+01 1.538234008823812209e-03
2.209104552276138023e+01 1.574275764714291436e-03
2.213106553276638166e+01 1.613000353171115684e-03
2.217108554277138666e+01 1.654624140311988529e-03
2.221110555277638809e+01 1.699390589266897055e-03
2.225112556278138953e+01 1.747574170067869729e-03
2.229114557278639097e+01 1.799484972613745902e-03
2.233116558279139596e+01 1.855474168220904189e-03
2.237118559279639740e+01 1.915940500227376322e-03
2.241120560280139884e+01 1.981338028589588185e-03
2.245122561280640383e+01 2.052185410317086071e-03
2.249124562281140527e+01 2.129077070850438850e-03
2.253126563281640671e+01 2.212696716398166591e-03
2.257128564282141170e+01 2.303833761024109104e-03
2.261130565282641314e+01 2.403403404817590176e-03
2.265132566283141458e+01 2.512471314480198455e-03
2.269134567283641601e+01 2.632284144230698491e-03
2.273136568284142101e+01 2.764307519953443718e-03
2.277138569284642244e+01 2.910273631186696772e-03
2.281140570285142388e+01 3.072241288636164743e-03
2.285142571285642887e+01 3.252672288739251547e-03
2.289144572286143031e+01 3.454529297522943368e-03
2.293146573286643175e+01 3.681402395427017370e-03
2.297148574287143674e+01 3.937674170059412247e-03
2.301150575287643818e+01 4.228737194355107303e-03
2.305152576288143962e+01 4.561283479855031756e-03
2.309154577288644106e+01 4.943693973841129137e-03
2.313156578289144605e+01 5.386568826476720827e-03
2.317158579289644749e+01 5.903458293953641259e-03
2.321160580290144893e+01 6.511883460499237261e-03
2.325162581290645392e+01 7.234781427003122989e-03
2.329164582291145535e+01 8.102580910964192820e-03
2.333166583291645679e+01 9.156226961331790162e-03
2.337168584292146178e+01 1.045165240339310589e-02
2.341170585292646322e+01 1.206647546976555990e-02
2.345172586293146466e+01 1.411013426306827537e-02
2.349174587293646610e+01 1.673927582214453438e-02
2.353176588294147109e+01 2.018087298063257068e-02
2.357178589294647253e+01 2.476545801550244369e-02
2.361180590295147397e+01 3.096885076904342532e-02
2.365182591295647896e+01 3.944180659057205940e-02
2.369184592296148040e+01 5.094067103504816563e-02
2.373186593296648184e+01 6.589324420034710361e-02
2.377188594297148683e+01 8.308744586619699890e-02
2.381190595297648827e+01 9.763069175442207204e-02
2.385192596298148970e+01 1.018671017597604506e-01
2.389194597298649114e+01 9.293949193988462754e-02
2.393196598299149613e+01 7.660329675157863394e-02
2.397198599299649757e+01 6.001791087454691476e-02
2.401200600300149901e+01 4.646764084260771727e-02
2.405202601300650400e+01 3.630411184840896810e-02
2.409204602301150544e+01 2.887886303266687035e-02
2.413206603301650688e+01 2.345399342442129609e-02
2.417208604302150832e+01 1.944677807005225703e-02
2.421210605302651331e+01 1.644260225905509049e-02
2.425212606303151475e+01 1.415567089661602489e-02
2.429214607303651619e+01 1.238970887172193350e-02
2.433216608304152118e+01 1.100880474629243634e-02
2.437218609304652261e+01 9.917591361704027747e-03
2.441220610305152405e+01 9.048140757368964074e-03
2.445222611305652904e+01 8.351333371049101881e-03
2.449224612306153048e+01 7.791136458074512938e-03
2.453226613306653192e+01 7.340767559307534093e-03
2.457228614307153336e+01 6.980087105406728755e-03
2.461230615307653835e+01 6.693801344865597108e-03
2.465232616308153979e+01 6.470206623683395775e-03
2.469234617308654123e+01 6.300300528196862114e-03
2.473236618309154622e+01 6.177145326585500168e-03
2.477238619309654766e+01 6.095407529236660307e-03
2.481240620310154910e+01 6.051022275534190600e-03
2.485242621310655409e+01 6.040947607562251014e-03
2.489244622311155553e+01 6.062984589971989226e-03
2.493246623311655696e+01 6.115646609794549680e-03
2.497248624312155840e+01 6.198066263805168154e-03
2.501250625312656339e+01 6.309931800462614988e-03
2.505252626313156483e+01 6.451447641952888327e-03
2.509254627313656627e+01 6.623315411523874284e-03
2.513256628314157126e+01 6.826733366241649614e-03
2.517258629314657270e+01 7.063413352330268416e-03
2.521260630315157414e+01 7.335615485679152468e-03
2.525262631315657913e+01 7.646201818494427656e-03
2.529264632316158057e+01 7.998711381697450051e-03
2.533266633316658201e+01 8.397460294194606864e-03
2.537268634317158345e+01 8.847672225851503300e-03
2.541270635317658844e+01 9.355646546884505144e-03
2.545272636318158987e+01 9.928974204798870704e-03
2.549274637318659131e+01 1.057681504112245943e-02
2.553276638319159630e+01 1.131025532925509190e-02
2.557278639319659774e+01 1.214277142514662983e-02
2.561280640320159918e+01 1.309083554039366937e-02
2.565282641320660417e+01 1.417471424401991857e-02
2.569284642321160561e+01 1.541953164340507942e-02
2.573286643321660705e+01 1.685670082198926362e-02
2.577288644322160849e+01 1.852587457071773122e-02
2.581290645322661348e+01 2.047763845774669411e-02
2.585292646323161492e+01 2.277727935581530180e-02
2.589294647323661636e+01 2.551013079466830230e-02
2.593296648324162135e+01 2.878924942163804679e-02
2.597298649324662279e+01 3.276653634016696987e-02
2.601300650325162422e+01 3.764884676161239091e-02
2.605302651325662922e+01 4.372083323344880951e-02
2.609304652326163065e+01 5.137501137065506041e-02
2.613306653326663209e+01 6.114285232799984010e-02
2.617308654327163353e+01 7.369955272329596629e-02
2.621310655327663852e+01 8.977898781574718268e-02
2.625312656328163996e+01 1.099931283162459278e-01
2.629314657328664140e+01 1.350090614062411654e-01
2.633316658329164639e+01 1.667511683783066412e-01
2.637318659329664783e+01 2.092285057836119067e-01
2.641320660330164927e+01 2.667256346081967600e-01
2.645322661330665426e+01 3.392207199758756619e-01
2.649324662331165570e+01 4.140821580236689337e-01
2.653326663331665713e+01 4.602200704629282324e-01
2.657328664332165857e+01 4.480602976813679583e-01
2.661330665332666356e+01 3.852695274804470715e-01
2.665332666333166500e+01 3.063004465938658494e-01
2.669334667333666644e+01 2.359195489102079712e-01
2.673336668334167143e+01 1.812819968805080839e-01
2.677338669334667287e+01 1.409257383742857361e-01
2.681340670335167431e+01 1.114055426752093847e-01
2.685342671335667930e+01 8.964154628467455033e-02
2.689344672336168074e+01 7.335499490203256645e-02
2.693346673336668218e+01 6.095703103373795867e-02
2.697348674337168362e+01 5.135605272178414560e-02
2.701350675337668861e+01 4.379934456483723648e-02
2.705352676338169005e+01 3.776181127037046836e-02
2.709354677338669148e+01 3.287166410961320923e-02
2.713356678339169648e+01 2.886145513453810402e-02
2.717358679339669791e+01 2.553573886517300842e-02
2.721360680340169935e+01 2.274950950318803053e-02
2.725362681340670434e+01 2.039363631261784451e-02
2.729364682341170578e+01 1.838488468541096474e-02
2.733366683341670722e+01 1.665897875883790014e-02
2.737368684342170866e+01 1.516570890074123677e-02
2.741370685342671365e+01 1.386543331457220155e-02
2.745372686343171509e+01 1.272654337502297089e-02
2.749374687343671653e+01 1.172360421211136004e-02
2.753376688344172152e+01 1.083597457823877626e-02
2.757378689344672296e+01 1.004677112962653815e-02
2.761380690345172439e+01 9.342083126530150231e-03
2.765382691345672583e+01 8.710371251153805824e-03
2.769384692346173082e+01 8.142003242481569633e-03
2.773386693346673226e+01 7.628892241998052638e-03
2.777388694347173370e+01 7.164213017570867509e-03
2.781390695347673869e+01 6.742177829359054762e-03
2.785392696348174013e+01 6.357858455282845364e-03
2.789394697348674157e+01 6.007044372074478444e-03
2.793396698349174656e+01 5.686129686589415366e-03
2.797398699349674800e+01 5.392023416365915832e-03
2.801400700350174944e+01 5.122079347818262775e-03
2.805402701350675088e+01 4.874043141451281889e-03
2.809404702351175587e+01 4.646015785485460396e-03
2.813406703351675731e+01 4.436434107004037959e-03
2.817408704352175874e+01 4.244070985983379972e-03
2.821410705352676374e+01 4.068060076359896783e-03
2.825412706353176517e+01 3.907950948420694723e-03
2.829414707353676661e+01 3.763794987364182162e-03
2.833416708354177160e+01 3.636229739938743027e-03
2.837418709354677304e+01 3.526406055719366345e-03
2.841420710355177448e+01 3.435236745499756911e-03
2.845422711355677592e+01 3.360753921625510027e-03
2.849424712356178091e+01 3.292809785314346812e-03
2.853426713356678235e+01 3.211363783414059384e-03
2.857428714357178379e+01 3.102035618097197505e-03
2.861430715357678878e+01 2.973971021409702303e-03
2.865432716358179022e+01 2.847381263100131048e-03
2.869434717358679165e+01 2.734343605498501788e-03
2.873436718359179665e+01 2.637587830991369731e-03
2.877438719359679808e+01 2.555994507722481046e-03
2.881440720360179952e+01 2.487895565892581876e-03
2.885442721360680096e+01 2.432159637997807940e-03
2.889444722361180595e+01 2.388407841620045734e-03
2.893446723361680739e+01 2.357027412920998863e-03
2.897448724362180883e+01 2.339208741779951438e-03
2.901450725362681382e+01 2.337078662946475306e-03
2.905452726363181526e+01 2.353971574276233613e-03
2.909454727363681670e+01 2.394892045563236805e-03
2.913456728364182169e+01 2.467251920784467069e-03
2.917458729364682313e+01 2.581995048605113547e-03
2.921460730365182457e+01 2.755204285474551363e-03
2.925462731365682600e+01 3.010032362702239495e-03
2.929464732366183100e+01 3.377684663225994678e-03
2.933466733366683243e+01 3.892439265522489554e-03
2.937468734367183387e+01 4.566257242532644790e-03
2.941470735367683886e+01 5.319096850702371114e-03
2.945472736368184030e+01 5.890373540808594051e-03
2.949474737368684174e+01 5.935490224547067435e-03
2.953476738369184673e+01 5.398828275954118544e-03
2.957478739369684817e+01 4.588802490852784098e-03
2.961480740370184961e+01 3.810197325036160723e-03
2.965482741370685105e+01 3.182421386259741154e-03
2.969484742371185604e+01 2.707932688526832905e-03
2.973486743371685748e+01 2.354180992565707564e-03
2.977488744372185892e+01 2.088046609895014352e-03
2.981490745372686391e+01 1.884098041454320945e-03
2.985492746373186534e+01 1.724389877712742764e-03
2.989494747373686678e+01 1.596562191964964478e-03
2.993496748374187177e+01 1.492103620253015664e-03
2.997498749374687321e+01 1.405092883359000677e-03
3.001500750375187465e+01 1.331349889654344669e-03
3.005502751375687609e+01 1.267875405006343688e-03
3.009504752376188108e+01 1.212481687695163247e-03
3.013506753376688252e+01 1.163547071184645870e-03
3.017508754377188396e+01 1.119850901778573398e-03
3.021510755377688895e+01 1.080460952978581348e-03
3.025512756378189039e+01 1.044655503109547098e-03
3.029514757378689183e+01 1.011868614880280775e-03
3.033516758379189682e+01 9.816511628677651157e-04
3.037518759379689826e+01 9.536426998200393627e-04
3.041520760380189969e+01 9.275508854382561027e-04
3.045522761380690113e+01 9.031362614664592905e-04
3.049524762381190612e+01 8.802008541128165334e-04
3.053526763381690756e+01 8.585795492824511684e-04
3.057528764382190900e+01 8.381334994916000113e-04
3.061530765382691399e+01 8.187450354395510964e-04
3.065532766383191543e+01 8.003137032592635199e-04
3.069534767383691687e+01 7.827531520197708679e-04
3.073536768384192186e+01 7.659886692869686186e-04
3.077538769384692330e+01 7.499552148878867392e-04
3.081540770385192474e+01 7.345958408049756616e-04
3.085542771385692618e+01 7.198604126610693875e-04
3.089544772386193117e+01 7.057045685044815867e-04
3.093546773386693260e+01 6.920888656240432478e-04
3.097548774387193404e+01 6.789780773577920505e-04
3.101550775387693903e+01 6.663406103273764947e-04
3.105552776388194047e+01 6.541480189618972775e-04
3.109554777388694191e+01 6.423745990951554557e-04
3.113556778389194335e+01 6.309970462105358351e-04
3.117558779389694834e+01 6.199941668471790988e-04
3.121560780390194978e+01 6.093466339759117832e-04
3.125562781390695122e+01 5.990367789565739960e-04
3.129564782391195621e+01 5.890484141147640752e-04
3.133566783391695765e+01 5.793666811119516655e-04
3.137568784392195909e+01 5.699779211942832295e-04
3.141570785392696408e+01 5.608695641425502469e-04
3.145572786393196552e+01 5.520300333476496320e-04
3.149574787393696695e+01 5.434486649329866876e-04
3.153576788394196839e+01 5.351156392617763963e-04
3.157578789394697338e+01 5.270219235226110540e-04
3.161580790395197482e+01 5.191592243972087623e-04
3.165582791395697626e+01 5.115199500938317264e-04
3.169584792396198125e+01 5.040971812909855959e-04
3.173586793396698269e+01 4.968846507906120010e-04
3.177588794397198413e+01 4.898767319402121991e-04
3.181590795397698912e+01 4.830684361624876548e-04
3.185592796398199056e+01 4.764554202443885278e-04
3.189594797398699200e+01 4.700340044037475281e-04
3.193596798399199344e+01 4.638012025946848028e-04
3.197598799399699843e+01 4.577547670638267311e-04
3.201600800400200342e+01 4.518932498699175949e-04
3.205602801400700486e+01 4.462160849865072368e-04
3.209604802401200629e+01 4.407236958000210767e-04
3.213606803401700773e+01 4.354176344041683130e-04
3.217608804402200917e+01 4.303007612331204265e-04
3.221610805402701061e+01 4.253774764950611848e-04
3.225612806403201205e+01 4.206540188904399000e-04
3.229614807403702059e+01 4.161388527033542482e-04
3.233616808404202203e+01 4.118431722481374186e-04
3.237618809404702347e+01 4.077815638985669649e-04
3.241620810405202491e+01 4.039728821359595489e-04
3.245622811405702635e+01 4.004414197002156318e-04
3.249624812406202778e+01 3.972184868630423038e-04
3.253626813406702922e+01 3.943445671190137823e-04
3.257628814407203777e+01 3.918722958387688246e-04
3.261630815407703921e+01 3.898706301219902366e-04
3.265632816408204064e+01 3.884307672627754964e-04
3.269634817408704208e+01 3.876746664916875932e-04
3.273636818409204352e+01 3.877674993037945610e-04
3.277638819409704496e+01 3.889360999836661398e-04
3.281640820410205350e+01 3.914966586549954741e-04
3.285642821410705494e+01 3.958966683008258310e-04
3.289644822411205638e+01 4.027785426645706809e-04
3.293646823411705782e+01 4.130745755006958006e-04
3.297648824412205926e+01 4.281408632991184210e-04
3.301650825412706070e+01 4.499153978749141180e-04
3.305652826413206213e+01 4.809889357121874308e-04
3.309654827413707068e+01 5.241562548488897270e-04
3.313656828414207212e+01 5.802224451519447405e-04
3.317658829414707355e+01 6.421339603814168887e-04
3.321660830415207499e+01 6.879810403944499903e-04
3.325662831415707643e+01 6.901134952858368771e-04
3.329664832416207787e+01 6.457361015318410389e-04
3.333666833416707931e+01 5.807430807481921966e-04
3.337668834417208785e+01 5.193895234383168712e-04
3.341670835417708929e+01 4.708348253351425129e-04
3.345672836418209073e+01 4.351302294339562523e-04
3.349674837418709217e+01 4.097238793275456942e-04
3.353676838419209361e+01 3.921288136415694808e-04
3.357678839419709504e+01 3.805587493887553933e-04
3.361680840420210359e+01 3.739274728328111802e-04
3.365682841420710503e+01 3.717384433208667624e-04
3.369684842421210647e+01 3.740141702113705387e-04
3.373686843421710790e+01 3.812991899160321019e-04
3.377688844422210934e+01 3.947407715671544378e-04
3.381690845422711078e+01 4.162286318994627005e-04
3.385692846423211222e+01 4.484881789052924152e-04
3.389694847423712076e+01 4.947167578945191411e-04
3.393696848424212220e+01 5.565380617675728036e-04
3.397698849424712364e+01 6.279978622042935686e-04
3.401700850425212508e+01 6.866465194320756516e-04
3.405702851425712652e+01 6.987996506032654372e-04
3.409704852426212796e+01 6.536048763915501634e-04
3.413706853426712939e+01 5.775379439470159672e-04
3.417708854427213794e+01 5.015711206150512847e-04
3.421710855427713938e+01 4.393647844728756869e-04
3.425712856428214081e+01 3.920989077842715938e-04
3.429714857428714225e+01 3.568318273373267935e-04
3.433716858429214369e+01 3.303228026233128909e-04
3.437718859429714513e+01 3.100313368569857192e-04
3.441720860430214657e+01 2.941527374669398358e-04
3.445722861430715511e+01 2.814421433302157177e-04
3.449724862431215655e+01 2.710429383226726921e-04
3.453726863431715799e+01 2.623602475865273996e-04
3.457728864432215943e+01 2.549751022051379660e-04
3.461730865432716087e+01 2.485876902425462626e-04
3.465732866433216230e+01 2.429799564809395824e-04
3.469734867433717085e+01 2.379907785364231989e-04
3.473736868434217229e+01 2.334992941701386827e-04
3.477738869434717373e+01 2.294135463911545236e-04
3.481740870435217516e+01 2.256626364106036683e-04
3.485742871435717660e+01 2.221912210982384599e-04
3.489744872436217804e+01 2.189555993666410694e-04
3.493746873436717948e+01 2.159208906094449226e-04
3.497748874437218802e+01 2.130589740761735271e-04
3.501750875437718946e+01 2.103469655347753504e-04
3.505752876438219090e+01 2.077660781409176622e-04
3.509754877438719234e+01 2.053007613747982534e-04
3.513756878439219378e+01 2.029380435353855838e-04
3.517758879439719522e+01 2.006670248624435333e-04
3.521760880440219665e+01 1.984784832603198154e-04
3.525762881440720520e+01 1.963645650103839442e-04
3.529764882441220664e+01 1.943185402156553227e-04
3.533766883441720807e+01 1.923346079739727394e-04
3.537768884442220951e+01 1.904077400647646195e-04
3.541770885442721095e+01 1.885335546935222400e-04
3.545772886443221239e+01 1.867082138657642114e-04
3.549774887443722093e+01 1.849283394654677550e-04
3.553776888444222237e+01 1.831909442365753349e-04
3.557778889444722381e+01 1.814933747127181756e-04
3.561780890445222525e+01 1.798332637828987468e-04
3.565782891445722669e+01 1.782084910721335174e-04
3.569784892446222813e+01 1.766171496942145231e-04
3.573786893446722956e+01 1.750575182267251513e-04
3.577788894447223811e+01 1.735280369868524332e-04
3.581790895447723955e+01 1.720272878656580937e-04
3.585792896448224099e+01 1.705539771197406068e-04
3.589794897448724242e+01 1.691069206312570232e-04
3.593796898449224386e+01 1.676850312365647582e-04
3.597798899449724530e+01 1.662873077952897868e-04
3.601800900450224674e+01 1.649128257292137604e-04
3.605802901450725528e+01 1.635607288069371493e-04
3.609804902451225672e+01 1.622302219881074990e-04
3.613806903451725816e+01 1.609205651718452208e-04
3.617808904452225960e+01 1.596310677192784848e-04
3.621810905452726104e+01 1.583610836408697671e-04
3.625812906453226248e+01 1.571100073563684086e-04
3.629814907453727102e+01 1.558772699494293586e-04
3.633816908454227246e+01 1.546623358507470247e-04
3.637818909454727390e+01 1.534646998934024499e-04
3.641820910455227533e+01 1.522838846923690241e-04
3.645822911455727677e+01 1.511194383070370284e-04
3.649824912456227821e+01 1.499709321514483171e-04
3.653826913456727965e+01 1.488379591218530907e-04
3.657828914457228819e+01 1.477201319153677371e-04
3.661830915457728963e+01 1.466170815170576532e-04
3.665832916458229107e+01 1.455284558357750708e-04
3.669834917458729251e+01 1.444539184716697126e-04
3.673836918459229395e+01 1.433931476004805447e-04
3.677838919459729539e+01 1.423458349616162522e-04
3.681840920460229682e+01 1.413116849386555462e-04
3.685842921460730537e+01 1.402904137223011827e-04
3.689844922461230681e+01 1.392817485470334367e-04
3.693846923461730825e+01 1.382854269937556016e-04
3.697848924462230968e+01 1.373011963516400716e-04
3.701850925462731112e+01 1.363288130331682555e-04
3.705852926463231256e+01 1.353680420370522472e-04
3.709854927463732110e+01 1.344186564543272029e-04
3.713856928464232254e+01 1.334804370134288110e-04
3.717858929464732398e+01 1.325531716605319970e-04
3.721860930465232542e+01 1.316366551718355917e-04
3.725862931465732686e+01 1.307306887948275341e-04
3.729864932466232830e+01 1.298350799158861301e-04
3.733866933466732974e+01 1.289496417518435354e-04
3.737868934467233828e+01 1.280741930633876177e-04
3.741870935467733972e+01 1.272085578883917528e-04
3.745872936468234116e+01 1.263525652934542034e-04
3.749874937468734259e+01 1.255060491421032022e-04
3.753876938469234403e+01 1.246688478782697707e-04
3.757878939469734547e+01 1.238408043237707338e-04
3.761880940470234691e+01 1.230217654886609164e-04
3.765882941470735545e+01 1.222115823934241490e-04
3.769884942471235689e+01 1.214101099020674184e-04
3.773886943471735833e+01 1.206172065652676991e-04
3.777888944472235977e+01 1.198327344728020903e-04
3.781890945472736121e+01 1.190565591145567836e-04
3.785892946473236265e+01 1.182885492494756160e-04
3.789894947473736408e+01 1.175285767818643796e-04
3.793896948474237263e+01 1.167765166445176622e-04
3.797898949474737407e+01 1.160322466881811025e-04
3.801900950475237551e+01 1.152956475769014041e-04
3.805902951475737694e+01 1.145666026888572496e-04
3.809904952476237838e+01 1.138449980222947742e-04
3.813906953476737982e+01 1.131307221062229708e-04
3.817908954477238836e+01 1.124236659155531998e-04
3.821910955477738980e+01 1.117237227903910028e-04
3.825912956478239124e+01 1.110307883592110279e-04
3.829914957478739268e+01 1.103447604656690326e-04
3.833916958479239412e+01 1.096655390988212627e-04
3.837918959479739556e+01 1.089930263265406974e-04
3.841920960480239700e+01 1.083271262319346220e-04
3.845922961480740554e+01 1.076677448525826050e-04
3.849924962481240698e+01 1.070147901224289801e-04
3.853926963481740842e+01 1.063681718161710001e-04
3.857928964482240985e+01 1.057278014960032599e-04
3.861930965482741129e+01 1.050935924605799361e-04
3.865932966483241273e+01 1.044654596960733182e-04
3.869934967483741417e+01 1.038433198292113073e-04
3.873936968484242271e+01 1.032270910821858536e-04
3.877938969484742415e+01 1.026166932293326835e-04
3.881940970485242559e+01 1.020120475554862265e-04
3.885942971485742703e+01 1.014130768159246602e-04
3.889944972486242847e+01 1.008197051978207366e-04
3.893946973486742991e+01 1.002318582831228871e-04
3.897948974487243845e+01 9.964946301279429110e-05
3.901950975487743989e+01 9.907244765234287721e-05
3.905952976488244133e+01 9.850074175857828846e-05
3.909954977488744277e+01 9.793427614753790248e-05
3.913956978489244420e+01 9.737298286352503963e-05
3.917958979489744564e+01 9.681679514920790036e-05
3.921960980490244708e+01 9.626564741672931781e-05
3.925962981490745562e+01 9.571947521978158588e-05
3.929964982491245706e+01 9.517821522660287268e-05
3.933966983491745850e+01 9.464180519385289485e-05
3.937968984492245994e+01 9.411018394133107117e-05
3.941970985492746138e+01 9.358329132749873406e-05
3.945972986493246282e+01 9.306106822577174802e-05
3.949974987493746426e+01 9.254345650155104967e-05
3.953976988494247280e+01 9.203039898995889494e-05
3.957978989494747424e+01 9.152183947425397942e-05
3.961980990495247568e+01 9.101772266489462711e-05
3.965982991495747711e+01 9.051799417922661505e-05
3.969984992496247855e+01 9.002260052176913878e-05
3.973986993496747999e+01 8.953148906507578440e-05
3.977988994497248854e+01 8.904460803114796943e-05
3.981990995497748997e+01 8.856190647338002216e-05
3.985992996498249141e+01 8.808333425901444596e-05
3.989994997498749285e+01 8.760884205208989916e-05
3.993996998499249429e+01 8.713838129686214467e-05
3.997998999499749573e+01 8.667190420168078462e-05
4.002001000500249717e+01 8.620936372330607260e-05
4.006003001500750571e+01 8.575071355164830733e-05
4.010005002501250715e+01 8.529590809491713603e-05
4.014007003501750859e+01 8.484490246516309504e-05
4.018009004502251003e+01 8.439765246420078955e-05
4.022011005502751146e+01 8.395411456989891326e-05
4.026013006503251290e+01 8.351424592282459872e-05
4.030015007503751434e+01 8.307800431323056540e-05
4.034017008504252289e+01 8.264534816837335594e-05
4.038019009504752432e+01 8.221623654015185927e-05
4.042021010505252576e+01 8.179062909305499405e-05
4.046023011505752720e+01 8.136848609240936365e-05
4.050025012506252864e+01 8.094976839291670489e-05
4.054027013506753008e+01 8.053443742747177917e-05
4.058029014507253862e+01 8.012245519625214093e-05
4.062031015507754006e+01 7.971378425607121804e-05
4.066033016508254150e+01 7.930838770998613915e-05
4.070035017508754294e+01 7.890622919715305726e-05
4.074037018509254438e+01 7.850727288292181087e-05
4.078039019509754581e+01 7.811148344916340406e-05
4.082041020510254725e+01 7.771882608482247204e-05
4.086043021510755580e+01 7.732926647668860647e-05
4.090045022511255723e+01 7.694277080038026571e-05
4.094047023511755867e+01 7.655930571153399234e-05
4.098049024512256011e+01 7.617883833719456038e-05
4.102051025512756155e+01 7.580133626739861202e-05
4.106053026513256299e+01 7.542676754694794834e-05
4.110055027513756443e+01 7.505510066736527776e-05
4.114057028514257297e+01 7.468630455902883073e-05
4.118059029514757441e+01 7.432034858348039253e-05
4.122061030515257585e+01 7.395720252590096729e-05
4.126063031515757729e+01 7.359683658775107817e-05
4.130065032516257872e+01 7.323922137957036382e-05
4.134067033516758016e+01 7.288432791393170088e-05
4.138069034517258160e+01 7.253212759854673524e-05
4.142071035517759015e+01 7.218259222951786192e-05
4.146073036518259158e+01 7.183569398473375336e-05
4.150075037518759302e+01 7.149140541740313696e-05
4.154077038519259446e+01 7.114969944972492468e-05
4.158079039519759590e+01 7.081054936668985630e-05
4.162081040520259734e+01 7.047392881001125764e-05
4.166083041520760588e+01 7.013981177218022453e-05
4.170085042521260732e+01 6.980817259064413477e-05
4.174087043521760876e+01 6.947898594210276889e-05
4.178089044522261020e+01 6.915222683692151128e-05
4.182091045522761164e+01 6.882787061365728111e-05
4.186093046523261307e+01 6.850589293369452348e-05
4.190095047523761451e+01 6.818626977598924116e-05
4.194097048524262306e+01 6.786897743191744868e-05
4.198099049524762449e+01 6.755399250022636802e-05
4.202101050525262593e+01 6.724129188208515418e-05
4.206103051525762737e+01 6.693085277623323946e-05
4.210105052526262881e+01 6.662265267422387083e-05
4.214107053526763025e+01 6.631666935576034649e-05
4.218109054527263169e+01 6.601288088412267494e-05
4.222111055527764023e+01 6.571126560168316568e-05
4.226113056528264167e+01 6.541180212550832249e-05
4.230115057528764311e+01 6.511446934304450482e-05
4.234117058529264455e+01 6.481924640788686942e-05
4.238119059529764598e+01 6.452611273562828555e-05
4.242121060530264742e+01 6.423504799978703092e-05
4.246123061530765597e+01 6.394603212781143893e-05
4.250125062531265741e+01 6.365904529715953205e-05
4.254127063531765884e+01 6.337406793145187946e-05
4.258129064532266028e+01 6.309108069669673038e-05
4.262131065532766172e+01 6.281006449758457693e-05
4.266133066533266316e+01 6.253100047385180783e-05
4.270135067533766460e+01 6.225386999671123024e-05
4.274137068534267314e+01 6.197865466534802320e-05
4.278139069534767458e+01 6.170533630347984873e-05
4.282141070535267602e+01 6.143389695597990092e-05
4.286143071535767746e+01 6.116431888556068377e-05
4.290145072536267890e+01 6.089658456951859263e-05
4.294147073536768033e+01 6.063067669653633083e-05
4.298149074537268177e+01 6.036657816354350074e-05
4.302151075537769032e+01 6.010427207263286168e-05
4.306153076538269175e+01 5.984374172803190933e-05
4.310155077538769319e+01 5.958497063312791307e-05
4.314157078539269463e+01 5.932794248754611307e-05
4.318159079539769607e+01 5.907264118427896303e-05
4.322161080540269751e+01 5.881905080686629649e-05
4.326163081540770605e+01 5.856715562662469563e-05
4.330165082541270749e+01 5.831694009992526966e-05
4.334167083541770893e+01 5.806838886551883322e-05
4.338169084542271037e+01 5.782148674190742082e-05
4.342171085542771181e+01 5.757621872476158172e-05
4.346173086543271324e+01 5.733256998438169351e-05
4.350175087543771468e+01 5.709052586320328060e-05
4.354177088544272323e+01 5.685007187334480643e-05
4.358179089544772467e+01 5.661119369419762758e-05
4.362181090545272610e+01 5.637387717005653089e-05
4.366183091545772754e+01 5.613810830779078590e-05
4.370185092546272898e+01 5.590387327455441146e-05
4.374187093546773042e+01 5.567115839553516879e-05
4.378189094547273186e+01 5.543995015174124402e-05
4.382191095547774040e+01 5.521023517782492241e-05
4.386193096548274184e+01 5.498200025994303054e-05
4.390195097548774328e+01 5.475523233365235762e-05
4.394197098549274472e+01 5.452991848184051663e-05
4.398199099549774616e+01 5.430604593269078837e-05
4.402201100550274759e+01 5.408360205768065045e-05
4.406203101550775614e+01 5.386257436961313711e-05
4.410205102551275758e+01 5.364295052068059652e-05
4.414207103551775901e+01 5.342471830055984237e-05
4.418209104552276045e+01 5.320786563453883551e-05
4.422211105552776189e+01 5.299238058167320142e-05
4.426213106553276333e+01 5.277825133297320027e-05
4.430215107553776477e+01 5.256546620961952311e-05
4.434217108554277331e+01 5.235401366120820578e-05
4.438219109554777475e+01 5.214388226402364389e-05
4.442221110555277619e+01 5.193506071933897040e-05
4.446223111555777763e+01 5.172753785174403969e-05
4.450225112556277907e+01 5.152130260749976452e-05
4.454227113556778050e+01 5.131634405291874486e-05
4.458229114557278194e+01 5.111265137277140266e-05
4.462231115557779049e+01 5.091021386871745296e-05
4.466233116558279193e+01 5.070902095776201357e-05
4.470235117558779336e+01 5.050906217073589924e-05
4.474237118559279480e+01 5.031032715079990372e-05
4.478239119559779624e+01 5.011280565197225674e-05
4.482241120560279768e+01 4.991648753767926933e-05
4.486243121560779912e+01 4.972136277932815102e-05
4.490245122561280766e+01 4.952742145490242597e-05
4.494247123561780910e+01 4.933465374757864684e-05
4.498249124562281054e+01 4.914304994436460974e-05
4.502251125562781198e+01 4.895260043475850787e-05
4.506253126563281342e+01 4.876329570942863076e-05
4.510255127563781485e+01 4.857512635891332456e-05
4.514257128564282340e+01 4.838808307234064414e-05
4.518259129564782484e+01 4.820215663616772409e-05
4.522261130565282627e+01 4.801733793293894040e-05
4.526263131565782771e+01 4.783361794006326235e-05
4.530265132566282915e+01 4.765098772860973110e-05
4.534267133566783059e+01 4.746943846212135597e-05
4.538269134567283203e+01 4.728896139544667661e-05
4.542271135567784057e+01 4.710954787358874685e-05
4.546273136568284201e+01 4.693118933057166227e-05
4.550275137568784345e+01 4.675387728832362875e-05
4.554277138569284489e+01 4.657760335557674115e-05
4.558279139569784633e+01 4.640235922678332325e-05
4.562281140570284776e+01 4.622813668104793443e-05
4.566283141570784920e+01 4.605492758107544281e-05
4.570285142571285775e+01 4.588272387213441280e-05
4.574287143571785919e+01 4.571151758103591536e-05
4.578289144572286062e+01 4.554130081512696831e-05
4.582291145572786206e+01 4.537206576129906052e-05
4.586293146573286350e+01 4.520380468501092661e-05
4.590295147573786494e+01 4.503650992932563989e-05
4.594297148574287348e+01 4.487017391396153570e-05
4.598299149574787492e+01 4.470478913435710729e-05
4.602301150575287636e+01 4.454034816074921044e-05
4.606303151575787780e+01 4.437684363726461718e-05
4.610305152576287924e+01 4.421426828102460711e-05
4.614307153576788068e+01 4.405261488126256913e-05
4.618309154577288211e+01 4.389187629845394279e-05
4.622311155577789066e+01 4.373204546345877016e-05
4.626313156578289210e+01 4.357311537667657382e-05
4.630315157578789353e+01 4.341507910721281548e-05
4.634317158579289497e+01 4.325792979205770765e-05
4.638319159579789641e+01 4.310166063527621301e-05
4.642321160580289785e+01 4.294626490720975990e-05
4.646323161580789929e+01 4.279173594368898277e-05
4.650325162581290783e+01 4.263806714525769772e-05
4.654327163581790927e+01 4.248525197640768618e-05
4.658329164582291071e+01 4.233328396482405624e-05
4.662331165582791215e+01 4.218215670064141229e-05
4.666333166583291359e+01 4.203186383571005339e-05
4.670335167583791502e+01 4.188239908287264777e-05
4.674337168584292357e+01 4.173375621525071265e-05
4.678339169584792501e+01 4.158592906554117708e-05
4.682341170585292645e+01 4.143891152532240443e-05
4.686343171585792788e+01 4.129269754436989823e-05
4.690345172586292932e+01 4.114728112998152182e-05
4.694347173586793076e+01 4.100265634631173044e-05
4.698349174587293220e+01 4.085881731371502587e-05
4.702351175587794074e+01 4.071575820809838277e-05
4.706353176588294218e+01 4.057347326028258583e-05
4.710355177588794362e+01 4.043195675537190176e-05
4.714357178589294506e+01 4.029120303213271624e-05
4.718359179589794650e+01 4.015120648238029559e-05
4.722361180590294794e+01 4.001196155037396463e-05
4.726363181590794937e+01 3.987346273222028048e-05
4.730365182591295792e+01 3.973570457528446660e-05
4.734367183591795936e+01 3.959868167760951764e-05
4.738369184592296079e+01 3.946238868734312403e-05
4.742371185592796223e+01 3.932682030217239606e-05
4.746373186593296367e+01 3.919197126876588605e-05
4.750375187593796511e+01 3.905783638222320661e-05
4.754377188594297365e+01 3.892441048553191995e-05
4.758379189594797509e+01 3.879168846903159639e-05
4.762381190595297653e+01 3.865966526988485921e-05
4.766383191595797797e+01 3.852833587155561916e-05
4.770385192596297941e+01 3.839769530329392933e-05
4.774387193596798085e+01 3.826773863962788737e-05
4.778389194597298228e+01 3.813846099986185992e-05
4.782391195597799083e+01 3.800985754758153082e-05
4.786393196598299227e+01 3.788192349016536632e-05
4.790395197598799371e+01 3.775465407830226036e-05
4.794397198599299514e+01 3.762804460551569854e-05
4.798399199599799658e+01 3.750209040769391912e-05
4.802401200600299802e+01 3.737678686262621330e-05
4.806403201600799946e+01 3.725212938954529704e-05
4.810405202601300800e+01 3.712811344867530039e-05
4.814407203601800944e+01 3.700473454078603163e-05
4.818409204602301088e+01 3.688198820675243889e-05
4.822411205602801232e+01 3.675987002712017025e-05
4.826413206603301376e+01 3.663837562167638560e-05
4.830415207603801520e+01 3.651750064902617915e-05
4.834417208604301663e+01 3.639724080617434844e-05
4.838419209604802518e+01 3.627759182811259795e-05
4.842421210605302662e+01 3.615854948741174351e-05
4.846423211605802805e+01 3.604010959381929037e-05
4.850425212606302949e+01 3.592226799386197820e-05
4.854427213606803093e+01 3.580502057045342192e-05
4.858429214607303237e+01 3.568836324250663816e-05
4.862431215607804091e+01 3.557229196455135575e-05
4.866433216608304235e+01 3.545680272635639489e-05
4.870435217608804379e+01 3.534189155255636281e-05
4.874437218609304523e+01 3.522755450228339772e-05
4.878439219609804667e+01 3.511378766880329018e-05
4.882441220610304811e+01 3.500058717915610407e-05
4.886443221610804954e+01 3.488794919380148649e-05
4.890445222611305809e+01 3.477586990626799625e-05
4.894447223611805953e+01 3.466434554280723650e-05
4.898449224612306097e+01 3.455337236205180933e-05
4.902451225612806240e+01 3.444294665467773585e-05
4.906453226613306384e+01 3.433306474307101661e-05
4.910455227613806528e+01 3.422372298099812219e-05
4.914457228614306672e+01 3.411491775328082067e-05
4.918459229614807526e+01 3.400664547547452873e-05
4.922461230615307670e+01 3.389890259355113507e-05
4.926463231615807814e+01 3.379168558358517808e-05
4.930465232616307958e+01 3.368499095144411641e-05
4.934467233616808102e+01 3.357881523248234677e-05
4.938469234617308246e+01 3.347315499123884705e-05
4.942471235617809100e+01 3.336800682113845153e-05
4.946473236618309244e+01 3.326336734419692076e-05
4.950475237618809388e+01 3.315923321072923699e-05
4.954477238619309531e+01 3.305560109906172139e-05
4.958479239619809675e+01 3.295246771524741060e-05
4.962481240620309819e+01 3.284982979278492998e-05
4.966483241620809963e+01 3.274768409234069379e-05
4.970485242621310817e+01 3.264602740147440563e-05
4.974487243621810961e+01 3.254485653436789265e-05
4.978489244622311105e+01 3.244416833155701623e-05
4.982491245622811249e+01 3.234395965966696405e-05
4.986493246623311393e+01 3.224422741115047622e-05
4.990495247623811537e+01 3.214496850402943250e-05
4.994497248624311680e+01 3.204617988163903478e-05
4.998499249624812535e+01 3.194785851237554709e-05
5.002501250625312679e+01 3.185000138944660389e-05
5.006503251625812823e+01 3.175260553062459471e-05
5.010505252626312966e+01 3.165566797800298970e-05
5.014507253626813110e+01 3.155918579775531473e-05
5.018509254627313254e+01 3.146315607989717578e-05
5.022511255627814108e+01 3.136757593805092608e-05
5.026513256628314252e+01 3.127244250921311152e-05
5.030515257628814396e+01 3.117775295352450462e-05
5.034517258629314540e+01 3.108350445404303865e-05
5.038519259629814684e+01 3.098969421651907294e-05
5.042521260630314828e+01 3.089631946917351758e-05
5.046523261630814972e+01 3.080337746247833000e-05
5.050525262631315826e+01 3.071086546893962027e-05
5.054527263631815970e+01 3.061878078288329759e-05
5.058529264632316114e+01 3.052712072024301387e-05
5.062531265632816257e+01 3.043588261835062812e-05
5.066533266633316401e+01 3.034506383572917128e-05
5.070535267633816545e+01 3.025466175188796586e-05
5.074537268634316689e+01 3.016467376712018172e-05
5.078539269634817543e+01 3.007509730230272619e-05
5.082541270635317687e+01 2.998592979869837041e-05
5.086543271635817831e+01 2.989716871776003392e-05
5.090545272636317975e+01 2.980881154093743411e-05
5.094547273636818119e+01 2.972085576948580587e-05
5.098549274637318263e+01 2.963329892427677946e-05
5.102551275637819117e+01 2.954613854561149116e-05
5.106553276638319261e+01 2.945937219303564208e-05
5.110555277638819405e+01 2.937299744515673558e-05
5.114557278639319549e+01 2.928701189946330351e-05
5.118559279639819692e+01 2.920141317214619575e-05
5.122561280640319836e+01 2.911619889792180449e-05
5.126563281640819980e+01 2.903136672985733149e-05
5.130565282641320835e+01 2.894691433919792219e-05
5.134567283641820978e+01 2.886283941519574462e-05
5.138569284642321122e+01 2.877913966494101652e-05
5.142571285642821266e+01 2.869581281319475699e-05
5.146573286643321410e+01 2.861285660222356758e-05
5.150575287643821554e+01 2.853026879163606013e-05
5.154577288644321698e+01 2.844804715822121574e-05
5.158579289644822552e+01 2.836618949578843446e-05
5.162581290645322696e+01 2.828469361500944170e-05
5.166583291645822840e+01 2.820355734326170227e-05
5.170585292646322984e+01 2.812277852447386405e-05
5.174587293646823127e+01 2.804235501897257032e-05
5.178589294647323271e+01 2.796228470333118652e-05
5.182591295647823415e+01 2.788256547022003795e-05
5.186593296648324269e+01 2.780319522825825028e-05
5.190595297648824413e+01 2.772417190186738552e-05
5.194597298649324557e+01 2.764549343112634877e-05
5.198599299649824701e+01 2.756715777162819893e-05
5.202601300650324845e+01 2.748916289433820970e-05
5.206603301650824989e+01 2.741150678545366194e-05
5.210605302651325843e+01 2.733418744626506239e-05
5.214607303651825987e+01 2.725720289301885994e-05
5.218609304652326131e+01 2.718055115678159173e-05
5.222611305652826275e+01 2.710423028330552340e-05
5.226613306653326418e+01 2.702823833289580042e-05
5.230615307653826562e+01 2.695257338027880225e-05
5.234617308654326706e+01 2.687723351447214310e-05
5.238619309654827561e+01 2.680221683865585179e-05
5.242621310655327704e+01 2.672752147004508298e-05
5.246623311655827848e+01 2.665314553976402451e-05
5.250625312656327992e+01 2.657908719272123108e-05
5.254627313656828136e+01 2.650534458748628945e-05
5.258629314657328280e+01 2.643191589616768647e-05
5.262631315657828424e+01 2.635879930429206285e-05
5.266633316658329278e+01 2.628599301068464936e-05
5.270635317658829422e+01 2.621349522735105830e-05
5.274637318659329566e+01 2.614130417936020662e-05
5.278639319659829710e+01 2.606941810472850619e-05
5.282641320660329853e+01 2.599783525430529748e-05
5.286643321660829997e+01 2.592655389165940478e-05
5.290645322661330852e+01 2.585557229296693820e-05
5.294647323661830995e+01 2.578488874690026459e-05
5.298649324662331139e+01 2.571450155451798813e-05
5.302651325662831283e+01 2.564440902915630309e-05
5.306653326663331427e+01 2.557460949632125804e-05
5.310655327663831571e+01 2.550510129358228041e-05
5.314657328664331715e+01 2.543588277046669380e-05
5.318659329664832569e+01 2.536695228835536686e-05
5.322661330665332713e+01 2.529830822037948713e-05
5.326663331665832857e+01 2.522994895131822928e-05
5.330665332666333001e+01 2.516187287749770067e-05
5.334667333666833144e+01 2.509407840669068996e-05
5.338669334667333288e+01 2.502656395801760488e-05
5.342671335667833432e+01 2.495932796184835870e-05
5.346673336668334287e+01 2.489236885970523254e-05
5.350675337668834430e+01 2.482568510416679130e-05
5.354677338669334574e+01 2.475927515877267038e-05
5.358679339669834718e+01 2.469313749792942969e-05
5.362681340670334862e+01 2.462727060681730207e-05
5.366683341670835006e+01 2.456167298129791754e-05
5.370685342671335860e+01 2.449634312782290505e-05
5.374687343671836004e+01 2.443127956334350051e-05
5.378689344672336148e+01 2.436648081522095781e-05
5.382691345672836292e+01 2.430194542113792885e-05
5.386693346673336436e+01 2.423767192901071430e-05
5.390695347673836579e+01 2.417365889690240548e-05
5.394697348674336723e+01 2.410990489293686983e-05
5.398699349674837578e+01 2.404640849521356990e-05
5.402701350675337721e+01 2.398316829172337169e-05
5.406703351675837865e+01 2.392018288026492889e-05
5.410705352676338009e+01 2.385745086836218529e-05
5.414707353676838153e+01 2.379497087318249382e-05
5.418709354677338297e+01 2.373274152145562322e-05
5.422711355677838441e+01 2.367076144939356098e-05
5.426713356678339295e+01 2.360902930261111587e-05
5.430715357678839439e+01 2.354754373604725905e-05
5.434717358679339583e+01 2.348630341388730546e-05
5.438719359679839727e+01 2.342530700948579320e-05
5.442721360680339870e+01 2.336455320529012516e-05
5.446723361680840014e+01 2.330404069276507468e-05
5.450725362681340869e+01 2.324376817231785702e-05
5.454727363681841013e+01 2.318373435322401401e-05
5.458729364682341156e+01 2.312393795355408463e-05
5.462731365682841300e+01 2.306437770010083142e-05
5.466733366683341444e+01 2.300505232830735104e-05
5.470735367683841588e+01 2.294596058219577106e-05
5.474737368684341732e+01 2.288710121429666161e-05
5.478739369684842586e+01 2.282847298557909418e-05
5.482741370685342730e+01 2.277007466538154070e-05
5.486743371685842874e+01 2.271190503134316218e-05
5.490745372686343018e+01 2.265396286933603931e-05
5.494747373686843162e+01 2.259624697339785370e-05
5.498749374687343305e+01 2.253875614566530091e-05
5.502751375687843449e+01 2.248148919630818109e-05
5.506753376688344304e+01 2.242444494346397760e-05
5.510755377688844447e+01 2.236762221317332321e-05
5.514757378689344591e+01 2.231101983931572390e-05
5.518759379689844735e+01 2.225463666354618382e-05
5.522761380690344879e+01 2.219847153523236562e-05
5.526763381690845023e+01 2.214252331139225560e-05
5.530765382691345167e+01 2.208679085663252343e-05
5.534767383691846021e+01 2.203127304308742060e-05
5.538769384692346165e+01 2.197596875035828868e-05
5.542771385692846309e+01 2.192087686545354536e-05
5.546773386693346453e+01 2.186599628272940571e-05
5.550775387693846596e+01 2.181132590383097947e-05
5.554777388694346740e+01 2.175686463763407653e-05
5.558779389694847595e+01 2.170261140018742914e-05
5.562781390695347739e+01 2.164856511465560859e-05
5.566783391695847882e+01 2.159472471126226391e-05
5.570785392696348026e+01 2.154108912723413637e-05
5.574787393696848170e+01 2.148765730674537209e-05
5.578789394697348314e+01 2.143442820086258695e-05
5.582791395697848458e+01 2.138140076749012788e-05
5.586793396698349312e+01 2.132857397131625917e-05
5.590795397698849456e+01 2.127594678375942334e-05
5.594797398699349600e+01 2.122351818291533202e-05
5.598799399699849744e+01 2.117128715350431785e-05
5.602801400700349888e+01 2.111925268681936384e-05
5.606803401700850031e+01 2.106741378067442086e-05
5.610805402701350175e+01 2.101576943935338915e-05
5.614807403701851030e+01 2.096431867355942169e-05
5.618809404702351173e+01 2.091306050036478322e-05
5.622811405702851317e+01 2.086199394316114639e-05
5.626813406703351461e+01 2.081111803161028086e-05
5.630815407703851605e+01 2.076043180159536247e-05
5.634817408704351749e+01 2.070993429517250262e-05
5.638819409704852603e+01 2.065962456052289090e-05
5.642821410705352747e+01 2.060950165190533756e-05
5.646823411705852891e+01 2.055956462960921232e-05
5.650825412706353035e+01 2.050981255990776611e-05
5.654827413706853179e+01 2.046024451501207955e-05
5.658829414707353322e+01 2.041085957302516736e-05
5.662831415707853466e+01 2.036165681789667899e-05
5.666833416708354321e+01 2.031263533937792461e-05
5.670835417708854465e+01 2.026379423297738550e-05
5.674837418709354608e+01 2.021513259991650912e-05
5.678839419709854752e+01 2.016664954708602596e-05
5.682841420710354896e+01 2.011834418700257459e-05
5.686843421710855040e+01 2.007021563776574701e-05
5.690845422711355184e+01 2.002226302301553706e-05
5.694847423711856038e+01 1.997448547189012772e-05
5.698849424712356182e+01 1.992688211898410521e-05
5.702851425712856326e+01 1.987945210430699852e-05
5.706853426713356470e+01 1.983219457324221854e-05
5.710855427713856614e+01 1.978510867650639041e-05
5.714857428714356757e+01 1.973819357010895336e-05
5.718859429714857612e+01 1.969144841531223161e-05
5.722861430715357756e+01 1.964487237859179324e-05
5.726863431715857899e+01 1.959846463159719188e-05
5.730865432716358043e+01 1.955222435111300658e-05
5.734867433716858187e+01 1.950615071902029170e-05
5.738869434717358331e+01 1.946024292225833160e-05
5.742871435717858475e+01 1.941450015278674445e-05
5.746873436718359329e+01 1.936892160754787054e-05
5.750875437718859473e+01 1.932350648842962482e-05
5.754877438719359617e+01 1.927825400222849174e-05
5.758879439719859761e+01 1.923316336061298081e-05
5.762881440720359905e+01 1.918823378008737365e-05
5.766883441720860048e+01 1.914346448195575215e-05
5.770885442721360192e+01 1.909885469228636890e-05
5.774887443721861047e+01 1.905440364187632252e-05
5.778889444722361191e+01 1.901011056621657521e-05
5.782891445722861334e+01 1.896597470545718033e-05
5.786893446723361478e+01 1.892199530437293692e-05
5.790895447723861622e+01 1.887817161232921025e-05
5.794897448724361766e+01 1.883450288324819952e-05
5.798899449724862620e+01 1.879098837557535478e-05
5.802901450725362764e+01 1.874762735224617995e-05
5.806903451725862908e+01 1.870441908065327308e-05
5.810905452726363052e+01 1.866136283261363770e-05
5.814907453726863196e+01 1.861845788433638370e-05
5.818909454727363340e+01 1.857570351639055369e-05
5.822911455727863483e+01 1.853309901367331176e-05
5.826913456728364338e+01 1.849064366537841360e-05
5.830915457728864482e+01 1.844833676496495772e-05
5.834917458729364625e+01 1.840617761012626545e-05
5.838919459729864769e+01 1.836416550275924209e-05
5.842921460730364913e+01 1.832229974893382951e-05
5.846923461730865057e+01 1.828057965886281449e-05
5.850925462731365201e+01 1.823900454687185394e-05
5.854927463731866055e+01 1.819757373136969997e-05
5.858929464732366199e+01 1.815628653481887904e-05
5.862931465732866343e+01 1.811514228370633036e-05
5.866933466733366487e+01 1.807414030851454921e-05
5.870935467733866631e+01 1.803327994369278441e-05
5.874937468734366774e+01 1.799256052762865596e-05
5.878939469734866918e+01 1.795198140261982007e-05
5.882941470735367773e+01 1.791154191484605775e-05
5.886943471735867917e+01 1.787124141434147856e-05
5.890945472736368060e+01 1.783107925496696156e-05
5.894947473736868204e+01 1.779105479438290117e-05
5.898949474737368348e+01 1.775116739402214617e-05
5.902951475737868492e+01 1.771141641906310809e-05
5.906953476738369346e+01 1.767180123840317454e-05
5.910955477738869490e+01 1.763232122463235293e-05
5.914957478739369634e+01 1.759297575400701246e-05
5.918959479739869778e+01 1.755376420642397846e-05
5.922961480740369922e+01 1.751468596539482663e-05
5.926963481740870066e+01 1.747574041802025521e-05
5.930965482741370209e+01 1.743692695496487389e-05
5.934967483741871064e+01 1.739824497043204694e-05
5.938969484742371208e+01 1.735969386213900400e-05
5.942971485742871351e+01 1.732127303129214735e-05
5.946973486743371495e+01 1.728298188256259302e-05
5.950975487743871639e+01 1.724481982406183379e-05
5.954977488744371783e+01 1.720678626731768013e-05
5.958979489744871927e+01 1.716888062725042125e-05
5.962981490745372781e+01 1.713110232214903029e-05
5.966983491745872925e+01 1.709345077364777941e-05
5.970985492746373069e+01 1.705592540670287184e-05
5.974987493746873213e+01 1.701852564956932807e-05
5.978989494747373357e+01 1.698125093377810240e-05
5.982991495747873500e+01 1.694410069411330112e-05
5.986993496748374355e+01 1.690707436858966841e-05
5.990995497748874499e+01 1.687017139843021446e-05
5.994997498749374643e+01 1.683339122804398938e-05
5.998999499749874786e+01 1.679673330500415856e-05
6.003001500750374930e+01 1.676019708002608147e-05
6.007003501750875074e+01 1.672378200694573942e-05
6.011005502751375218e+01 1.668748754269823109e-05
6.015007503751876072e+01 1.665131314729646119e-05
6.019009504752376216e+01 1.661525828381007304e-05
6.023011505752876360e+01 1.657932241834437779e-05
6.027013506753376504e+01 1.654350502001965972e-05
6.031015507753876648e+01 1.650780556095056282e-05
6.035017508754376792e+01 1.647222351622554856e-05
6.039019509754876935e+01 1.643675836388670602e-05
6.043021510755377790e+01 1.640140958490953491e-05
6.047023511755877934e+01 1.636617666318305382e-05
6.051025512756378077e+01 1.633105908548993226e-05
6.055027513756878221e+01 1.629605634148689026e-05
6.059029514757378365e+01 1.626116792368516585e-05
6.063031515757878509e+01 1.622639332743119252e-05
6.067033516758379363e+01 1.619173205088743253e-05
6.071035517758879507e+01 1.615718359501334920e-05
6.075037518759379651e+01 1.612274746354647742e-05
6.079039519759879795e+01 1.608842316298375163e-05
6.083041520760379939e+01 1.605421020256289142e-05
6.087043521760880083e+01 1.602010809424398707e-05
6.091045522761380226e+01 1.598611635269120700e-05
6.095047523761881081e+01 1.595223449525462722e-05
6.099049524762381225e+01 1.591846204195229117e-05
6.103051525762881369e+01 1.588479851545227976e-05
6.107053526763381512e+01 1.585124344105503543e-05
6.111055527763881656e+01 1.581779634667577778e-05
6.115057528764381800e+01 1.578445676282705810e-05
6.119059529764881944e+01 1.575122422260145951e-05
6.123061530765382798e+01 1.571809826165438870e-05
6.127063531765882942e+01 1.568507841818713523e-05
6.131065532766383086e+01 1.565216423292986313e-05
6.135067533766883230e+01 1.561935524912490739e-05
6.139069534767383374e+01 1.558665101251010437e-05
6.143071535767883518e+01 1.555405107130231531e-05
6.147073536768384372e+01 1.552155497618099391e-05
6.151075537768884516e+01 1.548916228027200117e-05
6.155077538769384660e+01 1.545687253913138306e-05
6.159079539769884803e+01 1.542468531072948020e-05
6.163081540770384947e+01 1.539260015543495274e-05
6.167083541770885091e+01 1.536061663599906630e-05
6.171085542771385235e+01 1.532873431754006922e-05
6.175087543771886089e+01 1.529695276752765124e-05
6.179089544772386233e+01 1.526527155576757494e-05
6.183091545772886377e+01 1.523369025438635455e-05
6.187093546773386521e+01 1.520220843781615512e-05
6.191095547773886665e+01 1.517082568277970851e-05
6.195097548774386809e+01 1.513954156827539548e-05
6.199099549774886952e+01 1.510835567556245475e-05
6.203101550775387807e+01 1.507726758814623282e-05
6.207103551775887951e+01 1.504627689176367598e-05
6.211105552776388095e+01 1.501538317436877655e-05
6.215107553776888238e+01 1.498458602611823605e-05
6.219109554777388382e+01 1.495388503935722315e-05
6.223111555777888526e+01 1.492327980860522319e-05
6.227113556778388670e+01 1.489276993054196041e-05
6.231115557778889524e+01 1.486235500399351177e-05
6.235117558779389668e+01 1.483203462991847825e-05
6.239119559779889812e+01 1.480180841139420195e-05
6.243121560780389956e+01 1.477167595360322370e-05
6.247123561780890100e+01 1.474163686381970176e-05
6.251125562781390244e+01 1.471169075139605240e-05
6.255127563781891098e+01 1.468183722774957865e-05
6.259129564782391242e+01 1.465207590634932097e-05
6.263131565782891386e+01 1.462240640270289261e-05
6.267133566783391529e+01 1.459282833434346417e-05
6.271135567783891673e+01 1.456334132081689884e-05
6.275137568784391817e+01 1.453394498366885713e-05
6.279139569784891961e+01 1.450463894643214058e-05
6.283141570785392815e+01 1.447542283461400314e-05
6.287143571785892959e+01 1.444629627568367439e-05
6.291145572786393103e+01 1.441725889905985738e-05
6.295147573786893247e+01 1.438831033609840931e-05
6.299149574787393391e+01 1.435945022008009518e-05
6.303151575787893535e+01 1.433067818619840236e-05
6.307153576788393678e+01 1.430199387154747205e-05
6.311155577788894533e+01 1.427339691511009854e-05
6.315157578789394677e+01 1.424488695774586396e-05
6.319159579789894821e+01 1.421646364217929167e-05
6.323161580790394964e+01 1.418812661298813860e-05
6.327163581790895108e+01 1.415987551659178239e-05
6.331165582791395252e+01 1.413171000123963230e-05
6.335167583791896107e+01 1.410362971699967904e-05
6.339169584792396250e+01 1.407563431574714450e-05
6.343171585792896394e+01 1.404772345115311797e-05
6.347173586793396538e+01 1.401989677867342272e-05
6.351175587793896682e+01 1.399215395553741318e-05
6.355177588794396826e+01 1.396449464073698380e-05
6.359179589794896970e+01 1.393691849501554749e-05
6.363181590795397824e+01 1.390942518085718002e-05
6.367183591795897968e+01 1.388201436247582037e-05
6.371185592796398112e+01 1.385468570580449306e-05
6.375187593796898256e+01 1.382743887848470841e-05
6.379189594797398399e+01 1.380027354985584750e-05
6.383191595797898543e+01 1.377318939094469623e-05
6.387193596798398687e+01 1.374618607445500141e-05
6.391195597798899541e+01 1.371926327475712343e-05
6.395197598799399685e+01 1.369242066787780235e-05
6.399199599799899829e+01 1.366565793148990210e-05
6.403201600800400684e+01 1.363897474490233409e-05
6.407203601800900117e+01 1.361237078904999963e-05
6.411205602801400971e+01 1.358584574648377116e-05
6.415207603801900405e+01 1.355939930136067684e-05
6.419209604802401259e+01 1.353303113943395472e-05
6.423211605802900692e+01 1.350674094804338978e-05
6.427213606803401547e+01 1.348052841610554083e-05
6.431215607803902401e+01 1.345439323410417924e-05
6.435217608804401834e+01 1.342833509408070559e-05
6.439219609804902689e+01 1.340235368962464766e-05
6.443221610805402122e+01 1.337644871586428887e-05
6.447223611805902976e+01 1.335061986945724924e-05
6.451225612806402410e+01 1.332486684858129851e-05
6.455227613806903264e+01 1.329918935292501842e-05
6.459229614807404118e+01 1.327358708367875810e-05
6.463231615807903552e+01 1.324805974352549969e-05
6.467233616808404406e+01 1.322260703663180351e-05
6.471235617808903839e+01 1.319722866863893120e-05
6.475237618809404694e+01 1.317192434665385867e-05
6.479239619809904127e+01 1.314669377924052966e-05
6.483241620810404982e+01 1.312153667641101778e-05
6.487243621810905836e+01 1.309645274961685969e-05
6.491245622811405269e+01 1.307144171174040009e-05
6.495247623811906124e+01 1.304650327708619436e-05
6.499249624812405557e+01 1.302163716137250941e-05
6.503251625812906411e+01 1.299684308172282119e-05
6.507253626813405845e+01 1.297212075665745615e-05
6.511255627813906699e+01 1.294746990608520052e-05
6.515257628814407553e+01 1.292289025129505024e-05
6.519259629814906987e+01 1.289838151494797270e-05
6.523261630815407841e+01 1.287394342106869221e-05
6.527263631815907274e+01 1.284957569503766692e-05
6.531265632816408129e+01 1.282527806358292002e-05
6.535267633816907562e+01 1.280105025477214200e-05
6.539269634817408416e+01 1.277689199800466249e-05
6.543271635817909271e+01 1.275280302400362706e-05
6.547273636818408704e+01 1.272878306480810625e-05
6.551275637818909559e+01 1.270483185376535200e-05
6.555277638819408992e+01 1.268094912552305916e-05
6.559279639819909846e+01 1.265713461602167781e-05
6.563281640820410701e+01 1.263338806248681708e-05
6.567283641820910134e+01 1.260970920342168453e-05
6.571285642821410988e+01 1.258609777859951707e-05
6.575287643821910422e+01 1.256255352905618464e-05
6.579289644822411276e+01 1.253907619708274653e-05
6.583291645822910709e+01 1.251566552621808723e-05
6.587293646823411564e+01 1.249232126124160319e-05
6.591295647823912418e+01 1.246904314816597758e-05
6.595297648824411851e+01 1.244583093422994838e-05
6.599299649824912706e+01 1.242268436789111362e-05
6.603301650825412139e+01 1.239960319881889938e-05
6.607303651825912993e+01 1.237658717788740230e-05
6.611305652826412427e+01 1.235363605716848461e-05
6.615307653826913281e+01 1.233074958992469628e-05
6.619309654827414136e+01 1.230792753060244462e-05
6.623311655827913569e+01 1.228516963482508578e-05
6.627313656828414423e+01 1.226247565938608081e-05
6.631315657828913857e+01 1.223984536224227865e-05
6.635317658829414711e+01 1.221727850250710259e-05
6.639319659829914144e+01 1.219477484044394851e-05
6.643321660830414999e+01 1.217233413745947807e-05
6.647323661830915853e+01 1.214995615609706100e-05
6.651325662831415286e+01 1.212764066003022917e-05
6.655327663831916141e+01 1.210538741405611895e-05
6.659329664832415574e+01 1.208319618408907263e-05
6.663331665832916428e+01 1.206106673715417732e-05
6.667333666833415862e+01 1.203899884138091557e-05
6.671335667833916716e+01 1.201699226599680245e-05
6.675337668834417570e+01 1.199504678132112936e-05
6.679339669834917004e+01 1.197316215875871127e-05
6.683341670835417858e+01 1.195133817079363557e-05
6.687343671835917291e+01 1.192957459098317024e-05
6.691345672836418146e+01 1.190787119395158557e-05
6.695347673836917579e+01 1.188622775538410467e-05
6.699349674837418434e+01 1.186464405202082516e-05
6.703351675837919288e+01 1.184311986165077298e-05
6.707353676838418721e+01 1.182165496310590541e-05
6.711355677838919576e+01 1.180024913625517847e-05
6.715357678839419009e+01 1.177890216199871929e-05
6.719359679839919863e+01 1.175761382226191047e-05
6.723361680840420718e+01 1.173638389998965902e-05
6.727363681840920151e+01 1.171521217914059763e-05
6.731365682841421005e+01 1.169409844468132816e-05
6.735367683841920439e+01 1.167304248258080756e-05
6.739369684842421293e+01 1.165204407980463038e-05
6.743371685842920726e+01 1.163110302430945700e-05
6.747373686843421581e+01 1.161021910503738929e-05
6.751375687843922435e+01 1.158939211191050899e-05
6.755377688844421868e+01 1.156862183582530251e-05
6.759379689844922723e+01 1.154790806864721623e-05
6.763381690845422156e+01 1.152725060320526426e-05
6.767383691845923011e+01 1.150664923328656337e-05
6.771385692846422444e+01 1.148610375363104080e-05
6.775387693846923298e+01 1.146561395992605211e-05
6.779389694847424153e+01 1.144517964880116356e-05
6.783391695847923586e+01 1.142480061782282928e-05
6.787393696848424440e+01 1.140447666548918713e-05
6.791395697848923874e+01 1.138420759122491382e-05
6.795397698849424728e+01 1.136399319537602243e-05
6.799399699849924161e+01 1.134383327920478360e-05
6.803401700850425016e+01 1.132372764488458574e-05
6.807403701850925870e+01 1.130367609549497310e-05
6.811405702851425303e+01 1.128367843501654158e-05
6.815407703851926158e+01 1.126373446832596997e-05
6.819409704852425591e+01 1.124384400119112079e-05
6.823411705852926445e+01 1.122400684026605459e-05
6.827413706853425879e+01 1.120422279308616973e-05
6.831415707853926733e+01 1.118449166806332850e-05
6.835417708854427588e+01 1.116481327448106463e-05
6.839419709854927021e+01 1.114518742248975693e-05
6.843421710855427875e+01 1.112561392310185195e-05
6.847423711855927309e+01 1.110609258818718164e-05
6.851425712856428163e+01 1.108662323046820981e-05
6.855427713856927596e+01 1.106720566351539541e-05
6.859429714857428451e+01 1.104783970174250341e-05
6.863431715857929305e+01 1.102852516040206637e-05
6.867433716858428738e+01 1.100926185558072918e-05
6.871435717858929593e+01 1.099004960419471399e-05
6.875437718859429026e+01 1.097088822398533439e-05
6.879439719859929880e+01 1.095177753351444508e-05
6.883441720860429314e+01 1.093271735216001363e-05
6.887443721860930168e+01 1.091370750011166340e-05
6.891445722861431022e+01 1.089474779836626215e-05
6.895447723861930456e+01 1.087583806872357339e-05
6.899449724862431310e+01 1.085697813378183318e-05
6.903451725862930743e+01 1.083816781693350314e-05
6.907453726863431598e+01 1.081940694236091153e-05
6.911455727863932452e+01 1.080069533503201478e-05
6.915457728864431886e+01 1.078203282069615553e-05
6.919459729864932740e+01 1.076341922587979862e-05
6.923461730865432173e+01 1.074485437788241968e-05
6.927463731865933028e+01 1.072633810477224783e-05
6.931465732866432461e+01 1.070787023538222545e-05
6.935467733866933315e+01 1.068945059930581018e-05
6.939469734867434170e+01 1.067107902689294143e-05
6.943471735867933603e+01 1.065275534924597457e-05
6.947473736868434457e+01 1.063447939821561521e-05
6.951475737868933891e+01 1.061625100639694997e-05
6.955477738869434745e+01 1.059807000712544172e-05
6.959479739869934178e+01 1.057993623447298072e-05
6.963481740870435033e+01 1.056184952324392051e-05
6.967483741870935887e+01 1.054380970897122219e-05
6.971485742871435320e+01 1.052581662791252929e-05
6.975487743871936175e+01 1.050787011704631039e-05
6.979489744872435608e+01 1.048997001406805085e-05
6.983491745872936463e+01 1.047211615738639031e-05
6.987493746873435896e+01 1.045430838611940257e-05
6.991495747873936750e+01 1.043654654009076021e-05
6.995497748874437605e+01 1.041883045982603473e-05
6.999499749874937038e+01 1.040115998654899334e-05
7.003501750875437892e+01 1.038353496217784830e-05
7.007503751875937326e+01 1.036595522932163160e-05
7.011505752876438180e+01 1.034842063127653241e-05
7.015507753876937613e+01 1.033093101202226331e-05
7.019509754877438468e+01 1.031348621621845699e-05
7.023511755877939322e+01 1.029608608920111042e-05
7.027513756878438755e+01 1.027873047697898836e-05
7.031515757878939610e+01 1.026141922623010305e-05
7.035517758879439043e+01 1.024415218429819740e-05
7.039519759879939897e+01 1.022692919918924496e-05
7.043521760880439331e+01 1.020975011956800596e-05
7.047523761880940185e+01 1.019261479475452226e-05
7.051525762881441040e+01 1.017552307472073936e-05
7.055527763881940473e+01 1.015847481008706918e-05
7.059529764882441327e+01 1.014146985211899513e-05
7.063531765882940761e+01 1.012450805272375344e-05
7.067533766883441615e+01 1.010758926444691113e-05
7.071535767883942469e+01 1.009071334046910496e-05
7.075537768884441903e+01 1.007388013460271599e-05
7.079539769884942757e+01 1.005708950128855591e-05
7.083541770885442190e+01 1.004034129559264504e-05
7.087543771885943045e+01 1.002363537320293590e-05
7.091545772886442478e+01 1.000697159042610473e-05
7.095547773886943332e+01 9.990349804184331010e-06
7.099549774887444187e+01 9.973769872012126222e-06
7.103551775887943620e+01 9.957231652053159129e-06
7.107553776888444474e+01 9.940735003057101442e-06
7.111555777888943908e+01 9.924279784376507352e-06
7.115557778889444762e+01 9.907865855963693053e-06
7.119559779889944195e+01 9.891493078367667101e-06
7.123561780890445050e+01 9.875161312731037047e-06
7.127563781890945904e+01 9.858870420786965201e-06
7.131565782891445338e+01 9.842620264856131171e-06
7.135567783891946192e+01 9.826410707843701183e-06
7.139569784892445625e+01 9.810241613236360069e-06
7.143571785892946480e+01 9.794112845099302617e-06
7.147573786893445913e+01 9.778024268073285888e-06
7.151575787893946767e+01 9.761975747371671379e-06
7.155577788894447622e+01 9.745967148777506150e-06
7.159579789894947055e+01 9.729998338640622580e-06
7.163581790895447909e+01 9.714069183874716107e-06
7.167583791895947343e+01 9.698179551954509356e-06
7.171585792896448197e+01 9.682329310912846822e-06
7.175587793896947630e+01 9.666518329337909823e-06
7.179589794897448485e+01 9.650746476370341669e-06
7.183591795897949339e+01 9.635013621700476172e-06
7.187593796898448772e+01 9.619319635565530579e-06
7.191595797898949627e+01 9.603664388746825607e-06
7.195597798899449060e+01 9.588047752567049531e-06
7.199599799899949915e+01 9.572469598887503630e-06
7.203601800900449348e+01 9.556929800105374740e-06
7.207603801900950202e+01 9.541428229151028141e-06
7.211605802901451057e+01 9.525964759485339397e-06
7.215607803901950490e+01 9.510539265096973693e-06
7.219609804902451344e+01 9.495151620499763415e-06
7.223611805902950778e+01 9.479801700730050164e-06
7.227613806903451632e+01 9.464489381344045400e-06
7.231615807903951065e+01 9.449214538415240218e-06
7.235617808904451920e+01 9.433977048531772764e-06
7.239619809904952774e+01 9.418776788793885448e-06
7.243621810905452207e+01 9.403613636811344878e-06
7.247623811905953062e+01 9.388487470700856717e-06
7.251625812906452495e+01 9.373398169083570322e-06
7.255627813906953349e+01 9.358345611082537649e-06
7.259629814907454204e+01 9.343329676320211115e-06
7.263631815907953637e+01 9.328350244915941460e-06
7.267633816908454492e+01 9.313407197483514582e-06
7.271635817908953925e+01 9.298500415128668029e-06
7.275637818909454779e+01 9.283629779446651552e-06
7.279639819909954213e+01 9.268795172519807971e-06
7.283641820910455067e+01 9.253996476915110007e-06
7.287643821910955921e+01 9.239233575681803838e-06
7.291645822911455355e+01 9.224506352348984888e-06
7.295647823911956209e+01 9.209814690923212582e-06
7.299649824912455642e+01 9.195158475886189479e-06
7.303651825912956497e+01 9.180537592192338753e-06
7.307653826913455930e+01 9.165951925266540925e-06
7.311655827913956784e+01 9.151401361001757086e-06
7.315657828914457639e+01 9.136885785756746994e-06
7.319659829914957072e+01 9.122405086353763443e-06
7.323661830915457926e+01 9.107959150076251731e-06
7.327663831915957360e+01 9.093547864666610096e-06
7.331665832916458214e+01 9.079171118323901040e-06
7.335667833916957647e+01 9.064828799701643957e-06
7.339669834917458502e+01 9.050520797905536614e-06
7.343671835917959356e+01 9.036247002491276585e-06
7.347673836918458790e+01 9.022007303462336943e-06
7.351675837918959644e+01 9.007801591267765664e-06
7.355677838919459077e+01 8.993629756800034167e-06
7.359679839919959932e+01 8.979491691392823169e-06
7.363681840920459365e+01 8.965387286818928819e-06
7.367683841920960219e+01 8.951316435288043472e-06
7.371685842921461074e+01 8.937279029444695705e-06
7.375687843921960507e+01 8.923274962366097159e-06
7.379689844922461361e+01 8.909304127560019877e-06
7.383691845922960795e+01 8.895366418962746477e-06
7.387693846923461649e+01 8.881461730936944109e-06
7.391695847923961082e+01 8.867589958269611239e-06
7.395697848924461937e+01 8.853750996170038000e-06
7.399699849924962791e+01 8.839944740267719096e-06
7.403701850925462224e+01 8.826171086610348036e-06
7.407703851925963079e+01 8.812429931661779165e-06
7.411705852926462512e+01 8.798721172300021895e-06
7.415707853926963367e+01 8.785044705815240012e-06
7.419709854927464221e+01 8.771400429907747596e-06
7.423711855927963654e+01 8.757788242686054066e-06
7.427713856928464509e+01 8.744208042664870271e-06
7.431715857928963942e+01 8.730659728763189107e-06
7.435717858929464796e+01 8.717143200302286522e-06
7.439719859929964230e+01 8.703658357003847879e-06
7.443721860930465084e+01 8.690205098987984205e-06
7.447723861930965938e+01 8.676783326771372106e-06
7.451725862931465372e+01 8.663392941265325920e-06
7.455727863931966226e+01 8.650033843773907141e-06
7.459729864932465659e+01 8.636705935992052474e-06
7.463731865932966514e+01 8.623409120003688340e-06
7.467733866933465947e+01 8.610143298279894511e-06
7.471735867933966802e+01 8.596908373677027081e-06
7.475737868934467656e+01 8.583704249434910902e-06
7.479739869934967089e+01 8.570530829175001519e-06
7.483741870935467944e+01 8.557388016898535252e-06
7.487743871935967377e+01 8.544275716984782614e-06
7.491745872936468231e+01 8.531193834189178059e-06
7.495747873936967665e+01 8.518142273641602207e-06
7.499749874937468519e+01 8.505120940844543772e-06
7.503751875937969373e+01 8.492129741671383482e-06
7.507753876938468807e+01 8.479168582364610224e-06
7.511755877938969661e+01 8.466237369534052439e-06
7.515757878939469094e+01 8.453336010155187443e-06
7.519759879939969949e+01 8.440464411567367745e-06
7.523761880940469382e+01 8.427622481472135446e-06
7.527763881940970236e+01 8.414810127931485824e-06
7.531765882941471091e+01 8.402027259366186821e-06
7.535767883941970524e+01 8.389273784554084976e-06
7.539769884942471379e+01 8.376549612628402889e-06
7.543771885942970812e+01 8.363854653076106140e-06
7.547773886943471666e+01 8.351188815736188900e-06
7.551775887943971100e+01 8.338552010798079808e-06
7.555777888944471954e+01 8.325944148799941131e-06
7.559779889944972808e+01 8.313365140627069569e-06
7.563781890945472242e+01 8.300814897510266560e-06
7.567783891945973096e+01 8.288293331024186567e-06
7.571785892946472529e+01 8.275800353085785313e-06
7.575787893946973384e+01 8.263335875952659598e-06
7.579789894947472817e+01 8.250899812221507392e-06
7.583791895947973671e+01 8.238492074826501532e-06
7.587793896948474526e+01 8.226112577037758284e-06
7.591795897948973959e+01 8.213761232459736457e-06
7.595797898949474813e+01 8.201437955029695795e-06
7.599799899949974247e+01 8.189142659016162160e-06
7.603801900950475101e+01 8.176875259017348660e-06
7.607803901950975956e+01 8.164635669959669951e-06
7.611805902951475389e+01 8.152423807096195559e-06
7.615807903951976243e+01 8.140239586005126911e-06
7.619809904952475677e+01 8.128082922588316726e-06
7.623811905952976531e+01 8.115953733069742655e-06
7.627813906953475964e+01 8.103851933994045309e-06
7.631815907953976819e+01 8.091777442225013759e-06
7.635817908954477673e+01 8.079730174944142195e-06
7.639819909954977106e+01 8.067710049649152700e-06
7.643821910955477961e+01 8.055716984152518022e-06
7.647823911955977394e+01 8.043750896580055502e-06
7.651825912956478248e+01 8.031811705369427826e-06
7.655827913956977682e+01 8.019899329268764053e-06
7.659829914957478536e+01 8.008013687335189168e-06
7.663831915957979390e+01 7.996154698933438334e-06
7.667833916958478824e+01 7.984322283734420327e-06
7.671835917958979678e+01 7.972516361713814846e-06
7.675837918959479111e+01 7.960736853150717263e-06
7.679839919959979966e+01 7.948983678626169867e-06
7.683841920960479399e+01 7.937256759021870986e-06
7.687843921960980254e+01 7.925556015518729947e-06
7.691845922961481108e+01 7.913881369595540625e-06
7.695847923961980541e+01 7.902232743027610943e-06
7.699849924962481396e+01 7.890610057885397453e-06
7.703851925962980829e+01 7.879013236533189050e-06
7.707853926963481683e+01 7.867442201627739858e-06
7.711855927963981117e+01 7.855896876116961412e-06
7.715857928964481971e+01 7.844377183238575876e-06
7.719859929964982825e+01 7.832883046518838719e-06
7.723861930965482259e+01 7.821414389771176682e-06
7.727863931965983113e+01 7.809971137094932477e-06
7.731865932966482546e+01 7.798553212874041724e-06
7.735867933966983401e+01 7.787160541775753927e-06
7.739869934967482834e+01 7.775793048749350071e-06
7.743871935967983688e+01 7.764450659024865289e-06
7.747873936968484543e+01 7.753133298111833569e-06
7.751875937968983976e+01 7.741840891798003644e-06
7.755877938969484831e+01 7.730573366148095550e-06
7.759879939969984264e+01 7.719330647502563959e-06
7.763881940970485118e+01 7.708112662476332712e-06
7.767883941970985973e+01 7.696919337957580171e-06
7.771885942971485406e+01 7.685750601106517801e-06
7.775887943971986260e+01 7.674606379354124701e-06
7.779889944972485694e+01 7.663486600400988861e-06
7.783891945972986548e+01 7.652391192216050170e-06
7.787893946973485981e+01 7.641320083035436588e-06
7.791895947973986836e+01 7.630273201361234257e-06
7.795897948974487690e+01 7.619250475960318594e-06
7.799899949974987123e+01 7.608251835863174375e-06
7.803901950975487978e+01 7.597277210362687865e-06
7.807903951975987411e+01 7.586326529013015184e-06
7.811905952976488265e+01 7.575399721628382058e-06
7.815907953976987699e+01 7.564496718281958117e-06
7.819909954977488553e+01 7.553617449304656643e-06
7.823911955977989408e+01 7.542761845284043599e-06
7.827913956978488841e+01 7.531929837063167023e-06
7.831915957978989695e+01 7.521121355739401678e-06
7.835917958979489129e+01 7.510336332663368238e-06
7.839919959979989983e+01 7.499574699437759299e-06
7.843921960980489416e+01 7.488836387916268731e-06
7.847923961980990271e+01 7.478121330202438866e-06
7.851925962981491125e+01 7.467429458648581377e-06
7.855927963981990558e+01 7.456760705854673594e-06
7.859929964982491413e+01 7.446115004667242962e-06
7.863931965982990846e+01 7.435492288178310791e-06
7.867933966983491700e+01 7.424892489724278410e-06
7.871935967983991134e+01 7.414315542884870911e-06
7.875937968984491988e+01 7.403761381482052953e-06
7.879939969984992842e+01 7.393229939578971662e-06
7.883941970985492276e+01 7.382721151478892757e-06
7.887943971985993130e+01 7.372234951724125667e-06
7.891945972986492563e+01 7.361771275095016407e-06
7.895947973986993418e+01 7.351330056608848132e-06
7.899949974987492851e+01 7.340911231518860269e-06
7.903951975987993706e+01 7.330514735313162623e-06
7.907953976988494560e+01 7.320140503713735881e-06
7.911955977988993993e+01 7.309788472675410083e-06
7.915957978989494848e+01 7.299458578384821931e-06
7.919959979989994281e+01 7.289150757259433075e-06
7.923961980990495135e+01 7.278864945946492498e-06
7.927963981990994569e+01 7.268601081322059887e-06
7.931965982991495423e+01 7.258359100489992583e-06
7.935967983991996277e+01 7.248138940780957936e-06
7.939969984992495711e+01 7.237940539751448213e-06
7.943971985992996565e+01 7.227763835182782787e-06
7.947973986993495998e+01 7.217608765080168779e-06
7.951975987993996853e+01 7.207475267671676997e-06
7.955977988994497707e+01 7.197363281407320363e-06
7.959979989994997140e+01 7.187272744958065425e-06
7.963981990995497995e+01 7.177203597214880292e-06
7.967983991995997428e+01 7.167155777287791889e-06
7.971985992996498283e+01 7.157129224504920333e-06
7.975987993996997716e+01 7.147123878411557370e-06
7.979989994997498570e+01 7.137139678769202445e-06
7.983991995997999425e+01 7.127176565554652989e-06
7.987993996998498858e+01 7.117234478959075227e-06
7.991995997998999712e+01 7.107313359387047029e-06
7.995997998999499146e+01 7.097413147455688854e-06
8.000000000000000000e+01 7.087533783993700675e-06
