{
  "restart": 22,
  "seed": 80,
  "iters": 30000,
  "lr": 0.05,
  "best_iter": 29990,
  "best_cost": 0.0007462966605089605,
  "best_alphaD_mean": 0.00012115008488743687,
  "n": 10
}