{
  "restart": 17,
  "seed": 75,
  "iters": 30000,
  "lr": 0.05,
  "best_iter": 29961,
  "best_cost": 0.0005087160388939083,
  "best_alphaD_mean": 9.633631503875666e-05,
  "n": 14
}