tier,restart_idx,param_seed,final_train_cost,final_test_cost
6,0,188001170,3.556883e-02,1.677779e-01
6,1,188001171,3.234516e-02,1.519949e-01
6,2,188001172,6.569141e-03,2.872121e-02
6,3,188001173,2.447460e-02,1.514046e-01
6,4,188001174,2.800036e-02,1.962709e-01
6,5,188001175,2.671312e-01,4.783345e-01
6,6,188001176,3.444871e-02,5.433936e-02
6,7,188001177,1.367038e-01,4.555078e-01
6,8,188001178,1.822853e-01,5.346794e-01
6,9,188001179,4.743993e-02,3.528121e-01
