tier,restart_idx,param_seed,final_train_cost,final_test_cost
4,0,188000968,1.441259e-02,2.245438e+00
4,1,188000969,2.359464e-02,6.509498e-01
4,2,188000970,7.868336e-02,8.688509e-01
4,3,188000971,3.902491e-02,8.069971e-01
4,4,188000972,3.602737e-01,1.560914e+00
4,5,188000973,3.154401e-02,7.460198e-01
4,6,188000974,1.458033e-02,8.113487e-01
4,7,188000975,5.868617e-02,4.724028e-01
4,8,188000976,2.997966e-02,6.608862e-01
4,9,188000977,2.235432e-02,5.925648e-01
