tier,restart_idx,param_seed,final_train_cost,final_test_cost
8,0,188001372,9.338021e-02,3.127486e-01
8,1,188001373,8.041906e-02,7.298406e-02
8,2,188001374,3.341332e-02,2.043987e-01
8,3,188001375,3.194339e-01,5.489516e-01
8,4,188001376,3.372717e-01,1.396170e+00
8,5,188001377,4.986846e-02,3.063266e+00
8,6,188001378,3.602570e-02,1.810083e-01
8,7,188001379,2.337924e-01,4.711814e-01
8,8,188001380,2.360986e-01,7.609232e-01
8,9,188001381,1.286127e-01,3.783227e-01
