tier,restart_idx,param_seed,final_train_cost,final_test_cost
10,0,188001574,3.559242e-02,1.277587e-01
10,1,188001575,2.108172e-01,3.489135e-01
10,2,188001576,2.830826e-02,5.373153e-02
10,3,188001577,7.750864e-02,1.816102e-01
10,4,188001578,9.633405e-02,1.065950e-01
10,5,188001579,4.798121e-02,7.676408e-02
10,6,188001580,9.069084e-02,1.555934e-01
10,7,188001581,1.553692e-01,2.617116e-01
10,8,188001582,9.162850e-02,7.805125e-02
10,9,188001583,1.074995e-01,2.993071e-01
