tier,restart_idx,param_seed,final_train_cost,final_test_cost
9,0,188001473,6.528274e-02,9.413510e-02
9,1,188001474,3.115761e-02,8.933073e-02
9,2,188001475,3.275005e-01,1.453657e-01
9,3,188001476,1.215296e-01,5.255401e-01
9,4,188001477,2.761779e-01,2.268281e-01
9,5,188001478,3.999130e-02,3.856288e-02
9,6,188001479,5.313563e-01,2.169047e-01
9,7,188001480,2.193708e-01,2.998786e-01
9,8,188001481,4.479640e-02,1.280374e-01
9,9,188001482,1.108017e-01,1.358754e-01
