{
  "restart": 1,
  "seed": 59,
  "iters": 30000,
  "lr": 0.05,
  "best_iter": 29962,
  "best_cost": 0.0006927064969204366,
  "best_alphaD_mean": 0.00011561899910875919,
  "n": 12
}