tier,restart_idx,param_seed,final_train_cost,final_test_cost
5,0,155000970,2.737771e-02,2.589216e-01
5,1,155000971,4.327577e-02,3.130859e-01
5,2,155000972,1.691245e-02,3.183849e-01
5,3,155000973,1.121974e-01,9.450076e-01
5,4,155000974,1.112119e-01,3.189397e-01
5,5,155000975,1.262270e-01,9.329412e-01
5,6,155000976,2.145787e-01,7.963874e-01
5,7,155000977,1.211735e-01,3.847703e-01
5,8,155000978,2.659288e-01,8.461170e+00
5,9,155000979,2.289266e-01,8.757866e-01
