tier,restart_idx,param_seed,final_train_cost,final_test_cost
4,0,155000869,3.273837e-02,1.687022e+00
4,1,155000870,2.716647e-02,6.644506e-01
4,2,155000871,2.085017e-02,8.815428e-01
4,3,155000872,8.262020e-02,2.035182e+00
4,4,155000873,1.495604e-02,7.429354e-01
4,5,155000874,3.580455e-02,8.718103e-01
4,6,155000875,5.963558e-02,6.666580e+00
4,7,155000876,1.458530e-01,1.833300e+01
4,8,155000877,6.219085e-02,6.049725e-01
4,9,155000878,2.420329e-02,5.270783e-01
