tier,restart_idx,param_seed,final_train_cost,final_test_cost
3,0,155000768,1.470259e-01,3.689378e+00
3,1,155000769,3.811808e-02,6.547691e+00
3,2,155000770,2.598092e-02,2.155809e+00
3,3,155000771,6.571229e-03,7.708215e-01
3,4,155000772,7.695752e-03,1.573688e+00
3,5,155000773,2.644917e-03,8.688752e+00
3,6,155000774,6.027913e-02,5.354488e-01
3,7,155000775,7.854961e-03,2.730762e+00
3,8,155000776,1.018406e-01,5.269720e+00
3,9,155000777,1.443358e-01,5.468478e+00
