tier,restart_idx,param_seed,final_train_cost,final_test_cost
9,0,155001374,8.326335e-02,1.183451e-01
9,1,155001375,3.814124e-01,1.345212e-01
9,2,155001376,5.057251e-01,2.427929e-01
9,3,155001377,2.970735e-02,1.111808e-01
9,4,155001378,3.885058e-02,1.460738e-01
9,5,155001379,1.966402e-02,5.393555e-02
9,6,155001380,5.396865e-02,1.867742e-01
9,7,155001381,7.573751e-02,1.277903e-01
9,8,155001382,4.270991e-02,7.662019e-02
9,9,155001383,2.144434e-01,1.333749e-01
