tier,restart_idx,param_seed,final_train_cost,final_test_cost
8,0,155001273,1.121064e+00,8.024987e-01
8,1,155001274,1.645756e-01,3.975861e-01
8,2,155001275,3.704884e-02,5.187830e-01
8,3,155001276,1.395158e-02,3.242820e-01
8,4,155001277,4.699259e-01,6.012883e-01
8,5,155001278,8.143196e-02,2.705315e-01
8,6,155001279,1.250276e-01,4.174826e-01
8,7,155001280,1.288225e-01,3.813352e-01
8,8,155001281,2.815746e-02,8.353476e-02
8,9,155001282,1.111782e-02,8.709024e-02
