{
  "restart": 29,
  "seed": 87,
  "iters": 30000,
  "lr": 0.05,
  "best_iter": 28853,
  "best_cost": 0.0005564028979279101,
  "best_alphaD_mean": 9.967247517393463e-05,
  "n": 16
}