alpha,beta,alphaD_true,alphaD_pred,rel_abs,rel_signed
1.1000,2.7500,15.444870383584,15.444756507873535,7.3730441005103965e-06,-7.3730441005103965e-06
0.2000,1.0000,19.051282316218,19.050838470458984,2.329742175084976e-05,-2.329742175084976e-05
0.2000,4.5000,19.397942314212997,19.398212432861328,1.3925118652032321e-05,1.3925118652032321e-05
2.0000,1.0000,22.752251621592002,22.751981735229492,1.1861962806958963e-05,-1.1861962806958963e-05
2.0000,4.5000,14.760426956088999,14.763945579528809,0.0002383822263595119,0.0002383822263595119
0.9710,1.2500,19.56884610005,19.56867218017578,8.8875896580041e-06,-8.8875896580041e-06
0.8430,3.5000,13.855777414907,13.855551719665527,1.628889052656356e-05,-1.628889052656356e-05
1.4860,3.5000,14.922997611565,14.9275541305542,0.0003053353694614055,0.0003053353694614055
1.7430,4.0000,14.782857439192,14.775193214416504,0.0005184535403268085,-0.0005184535403268085
2.0000,1.5000,21.036067872794,21.03675651550293,3.273628479876066e-05,3.273628479876066e-05
0.5860,2.5000,15.149038308404002,15.148979187011719,3.902649863281681e-06,-3.902649863281681e-06
1.6140,1.0000,22.04014677513,22.040246963500977,4.5457215869597185e-06,4.5457215869597185e-06
1.6140,3.2500,15.714130427978,15.713810920715332,2.0332481274281154e-05,-2.0332481274281154e-05
0.4570,1.7500,16.70640146289,16.70638084411621,1.2341840242844883e-06,-1.2341840242844883e-06
1.6140,2.2500,17.926159928087998,17.926008224487305,8.462693700246717e-06,-8.462693700246717e-06
0.5860,3.5000,13.978350677684002,13.97864818572998,2.1283487075004535e-05,2.1283487075004535e-05
1.4860,2.7500,16.391947827372,16.392105102539062,9.594660056175573e-06,9.594660056175573e-06
1.2290,1.0000,21.249588450164,21.24918556213379,1.895980391136182e-05,-1.895980391136182e-05
0.4570,4.2500,14.658019179680998,14.658072471618652,3.6356848084753275e-06,3.6356848084753275e-06
2.0000,2.0000,19.589831449887,19.589406967163086,2.1668523539912726e-05,-2.1668523539912726e-05
0.8430,3.0000,14.550333960214001,14.550280570983887,3.6692786749914128e-06,-3.6692786749914128e-06
1.6140,4.2500,14.084101407887001,14.083422660827637,4.819242915875232e-05,-4.819242915875232e-05
