alpha,beta,alphaD_true,alphaD_pred,rel_abs,rel_signed
1.1000,2.7500,15.444870383584,15.445130348205566,1.6831777484044443e-05,1.6831777484044443e-05
0.2000,1.0000,19.051282316218,19.053598403930664,0.00012157122414234889,0.00012157122414234889
0.2000,4.5000,19.397942314212997,19.4016056060791,0.00018884950819860103,0.00018884950819860103
2.0000,1.0000,22.752251621592002,22.75211524963379,5.993778571067194e-06,-5.993778571067194e-06
2.0000,4.5000,14.760426956088999,14.76175308227539,8.984334872810522e-05,8.984334872810522e-05
0.9710,1.2500,19.56884610005,19.568452835083008,2.0096482182988794e-05,-2.0096482182988794e-05
0.8430,3.5000,13.855777414907,13.856919288635254,8.241137931575787e-05,8.241137931575787e-05
1.4860,3.5000,14.922997611565,14.923624038696289,4.197729890431067e-05,4.197729890431067e-05
1.7430,4.0000,14.782857439192,14.78294563293457,5.965946903910056e-06,5.965946903910056e-06
2.0000,1.5000,21.036067872794,21.03547477722168,2.819422222378107e-05,-2.819422222378107e-05
0.5860,2.5000,15.149038308404002,15.149246215820312,1.3724132983098531e-05,1.3724132983098531e-05
1.6140,1.0000,22.04014677513,22.040189743041992,1.949529303479116e-06,1.949529303479116e-06
1.6140,3.2500,15.714130427978,15.715352058410645,7.77408866652203e-05,7.77408866652203e-05
0.4570,1.7500,16.70640146289,16.70806312561035,9.946263556773737e-05,9.946263556773737e-05
1.6140,2.2500,17.926159928087998,17.926515579223633,1.983978370503052e-05,1.983978370503052e-05
0.5860,3.5000,13.978350677684002,13.979951858520508,0.00011454719325806111,0.00011454719325806111
1.4860,2.7500,16.391947827372,16.392154693603516,1.261999084513237e-05,1.261999084513237e-05
1.2290,1.0000,21.249588450164,21.249629974365234,1.9541179035268705e-06,1.9541179035268705e-06
0.4570,4.2500,14.658019179680998,14.660677909851074,0.0001813840013090681,0.0001813840013090681
2.0000,2.0000,19.589831449887,19.589784622192383,2.390408245100726e-06,-2.390408245100726e-06
0.8430,3.0000,14.550333960214001,14.550989151000977,4.502926109923749e-05,4.502926109923749e-05
1.6140,4.2500,14.084101407887001,14.085789680480957,0.00011987080645488999,0.00011987080645488999
