tier,restart_idx,param_seed,final_train_cost,final_test_cost
10,0,191001583,1.245538e-01,2.766962e-01
10,1,191001584,1.174796e-01,2.000719e-01
10,2,191001585,2.107358e-01,1.331004e-01
10,3,191001586,4.743248e-02,5.853821e-02
10,4,191001587,1.409907e-01,1.822725e-02
10,5,191001588,3.863021e-02,8.230241e-02
10,6,191001589,3.105591e-01,2.225936e-01
10,7,191001590,4.943975e-02,9.115880e-02
10,8,191001591,2.284171e-02,9.534632e-03
10,9,191001592,2.568195e-01,4.201075e-02
