tier,restart_idx,param_seed,final_train_cost,final_test_cost
8,0,191001381,2.761786e-01,4.165905e-01
8,1,191001382,5.565552e-01,5.480296e-01
8,2,191001383,1.792388e-02,6.297240e-02
8,3,191001384,1.727430e-01,3.377534e-01
8,4,191001385,4.224203e-02,1.526795e-01
8,5,191001386,7.149373e-01,9.000486e-01
8,6,191001387,2.818728e-01,4.686026e-01
8,7,191001388,2.231085e-01,5.125101e-01
8,8,191001389,9.224657e-02,2.623133e-01
8,9,191001390,5.108757e-02,1.525664e-01
