tier,restart_idx,param_seed,final_train_cost,final_test_cost
9,0,191001482,8.195462e-02,1.712617e-01
9,1,191001483,3.866609e-01,1.717291e-01
9,2,191001484,1.740120e-01,2.107592e-01
9,3,191001485,3.234754e-02,7.289419e-02
9,4,191001486,3.434057e-01,2.741360e-01
9,5,191001487,6.131175e-02,1.100979e-01
9,6,191001488,1.458298e-02,3.471021e-02
9,7,191001489,5.166001e-02,8.198179e-02
9,8,191001490,1.199177e-01,7.463631e-02
9,9,191001491,1.263928e-01,2.184431e-01
