{
  "restart": 8,
  "seed": 66,
  "iters": 30000,
  "lr": 0.05,
  "best_iter": 26115,
  "best_cost": 0.00039737962651997805,
  "best_alphaD_mean": 8.814627202666544e-05,
  "n": 14
}