{
  "restart": 3,
  "seed": 61,
  "iters": 30000,
  "lr": 0.05,
  "best_iter": 29654,
  "best_cost": 0.001751538598909974,
  "best_alphaD_mean": 0.00018508915700973517,
  "n": 9
}