{
  "restart": 0,
  "seed": 58,
  "iters": 30000,
  "lr": 0.05,
  "best_iter": 29822,
  "best_cost": 0.0009311600006185472,
  "best_alphaD_mean": 0.00013445502863208475,
  "n": 10
}