{
  "restart": 3,
  "seed": 61,
  "iters": 30000,
  "lr": 0.05,
  "best_iter": 28912,
  "best_cost": 0.0004087550623808056,
  "best_alphaD_mean": 8.5115386304953e-05,
  "n": 16
}