1.427838134765625000e+01
6.983559608459472656e+00
3.307897329330444336e+00
1.682286024093627930e+00
9.542070031166076660e-01
5.904183387756347656e-01
3.889533877372741699e-01
2.795729041099548340e-01
2.148465216159820557e-01
1.751468479633331299e-01
1.489487290382385254e-01
1.336939632892608643e-01
1.235588192939758301e-01
1.164287626743316650e-01
1.109506636857986450e-01
1.062921136617660522e-01
1.019796878099441528e-01
9.777913242578506470e-02
9.360300004482269287e-02
8.944667130708694458e-02
8.534468710422515869e-02
8.134511113166809082e-02
7.749529182910919189e-02
7.383531332015991211e-02
7.039582729339599609e-02
6.719961017370223999e-02
6.420274078845977783e-02
6.148561462759971619e-02
5.903363600373268127e-02
5.681932345032691956e-02
5.482691898941993713e-02
5.303946509957313538e-02
5.143906921148300171e-02
5.000749230384826660e-02
4.872671142220497131e-02
4.757955670356750488e-02
4.654982686042785645e-02
4.562250152230262756e-02
4.478354752063751221e-02
4.401980340480804443e-02
4.331924393773078918e-02
4.267123341560363770e-02
4.206671565771102905e-02
4.149787127971649170e-02
4.095752537250518799e-02
4.044115915894508362e-02
3.995521739125251770e-02
3.950500860810279846e-02
3.908385708928108215e-02
3.868795931339263916e-02
3.831592202186584473e-02
3.796672448515892029e-02
3.763923048973083496e-02
3.733203932642936707e-02
3.704359382390975952e-02
3.677232190966606140e-02
3.651680797338485718e-02
3.627595305442810059e-02
3.604890033602714539e-02
3.583501651883125305e-02
3.563367202877998352e-02
3.544412553310394287e-02
3.526542335748672485e-02
3.509650751948356628e-02
3.493642807006835938e-02
3.478452935814857483e-02
3.464047983288764954e-02
3.450413793325424194e-02
3.437529876828193665e-02
3.425350785255432129e-02
3.413806110620498657e-02
3.402821719646453857e-02
3.392343223094940186e-02
3.382341563701629639e-02
3.372799232602119446e-02
3.363693878054618835e-02
3.354978933930397034e-02
3.346600383520126343e-02
3.338514640927314758e-02
3.330694511532783508e-02
3.323136642575263977e-02
3.315831348299980164e-02
3.308764100074768066e-02
3.301909938454627991e-02
3.295246884226799011e-02
3.288763761520385742e-02
3.282459825277328491e-02
3.276338428258895874e-02
3.270392119884490967e-02
3.264610841870307922e-02
3.258981555700302124e-02
3.253500908613204956e-02
3.248168155550956726e-02
3.242983669042587280e-02
3.237945213913917542e-02
3.233043104410171509e-02
3.228270635008811951e-02
3.223621472716331482e-02
3.219094499945640564e-02
3.214685618877410889e-02
3.210390359163284302e-02
3.206201642751693726e-02
3.202112019062042236e-02
3.198116645216941833e-02
3.194212540984153748e-02
3.190398216247558594e-02
3.186666592955589294e-02
3.183014690876007080e-02
3.179436549544334412e-02
3.175928816199302673e-02
3.172490000724792480e-02
3.169116377830505371e-02
3.165804967284202576e-02
3.162551671266555786e-02
3.159353509545326233e-02
3.156208246946334839e-02
3.153114393353462219e-02
3.150069341063499451e-02
3.147071227431297302e-02
3.144117072224617004e-02
3.141205012798309326e-02
3.138333559036254883e-02
3.135500848293304443e-02
3.132705762982368469e-02
3.129946067929267883e-02
3.127219527959823608e-02
3.124525770545005798e-02
3.121863678097724915e-02
3.119231201708316803e-02
3.116627968847751617e-02
3.114051744341850281e-02
3.111502714455127716e-02
3.108979202806949615e-02
3.106480278074741364e-02
3.104005753993988037e-02
3.101552464067935944e-02
3.099122084677219391e-02
3.096711821854114532e-02
3.094322234392166138e-02
3.091951645910739899e-02
3.089600056409835815e-02
3.087265975773334503e-02
3.084948845207691193e-02
3.082647733390331268e-02
3.080361895263195038e-02
3.078090399503707886e-02
3.075833246111869812e-02
3.073589317500591278e-02
3.071357496082782745e-02
3.069137409329414368e-02
3.066928870975971222e-02
3.064729459583759308e-02
3.062540292739868164e-02
3.060359507799148560e-02
3.058186732232570648e-02
3.056021034717559814e-02
3.053862415254116058e-02
3.051709197461605072e-02
3.049561195075511932e-02
3.047417849302291870e-02
3.045277297496795654e-02
3.043140098452568054e-02
3.041005134582519531e-02
3.038871102035045624e-02
3.036738187074661255e-02
3.034604340791702271e-02
3.032469935715198517e-02
3.030334040522575378e-02
3.028195537626743317e-02
3.026054799556732178e-02
3.023909777402877808e-02
3.021761216223239899e-02
3.019607625901699066e-02
3.017448261380195618e-02
3.015283867716789246e-02
3.013113513588905334e-02
3.010936267673969269e-02
3.008753620088100433e-02
3.006563894450664520e-02
3.004368767142295837e-02
3.002167306840419769e-02
2.999960631132125854e-02
2.997749298810958862e-02
2.995534241199493408e-02
2.993316575884819031e-02
2.991098165512084961e-02
2.988879382610321045e-02
2.986662648618221283e-02
2.984450384974479675e-02
2.982243709266185760e-02
2.980045787990093231e-02
2.977857552468776703e-02
2.975682541728019714e-02
2.973521873354911804e-02
2.971378713846206665e-02
2.969254739582538605e-02
2.967150509357452393e-02
2.965068258345127106e-02
2.963009290397167206e-02
2.960973232984542847e-02
2.958961017429828644e-02
2.956970967352390289e-02
2.955004014074802399e-02
2.953056991100311279e-02
2.951130084693431854e-02
2.949221432209014893e-02
2.947327308356761932e-02
2.945447526872158051e-02
2.943578176200389862e-02
2.941717952489852905e-02
2.939864248037338257e-02
2.938014268875122070e-02
2.936167083680629730e-02
2.934319898486137390e-02
2.932471968233585358e-02
2.930621616542339325e-02
2.928767912089824677e-02
2.926909923553466797e-02
2.925047464668750763e-02
2.923180162906646729e-02
2.921307645738124847e-02
2.919430471956729889e-02
2.917548455297946930e-02
2.915662713348865509e-02
2.913773246109485626e-02
2.911880239844322205e-02
2.909984812140464783e-02
2.908086031675338745e-02
2.906185202300548553e-02
2.904282324016094208e-02
2.902377210557460785e-02
2.900468558073043823e-02
2.898558229207992554e-02
2.896643616259098053e-02
2.894725091755390167e-02
2.892801910638809204e-02
2.890873141586780548e-02
2.888937667012214661e-02
2.886994928121566772e-02
2.885043621063232422e-02
2.883083187043666840e-02
2.881112881004810333e-02
2.879131399095058441e-02
2.877137809991836548e-02
2.875132858753204346e-02
2.873113565146923065e-02
2.871081046760082245e-02
2.869034372270107269e-02
2.866971679031848907e-02
2.864893153309822083e-02
2.862797304987907410e-02
2.860683761537075043e-02
2.858550287783145905e-02
2.856395952403545380e-02
2.854219824075698853e-02
2.852020226418972015e-02
2.849794551730155945e-02
2.847541496157646179e-02
2.845258638262748718e-02
2.842943929135799408e-02
2.840595692396163940e-02
2.838210389018058777e-02
2.835786528885364532e-02
2.833320572972297668e-02
2.830810286104679108e-02
2.828252874314785004e-02
2.825644426047801971e-02
2.822983264923095703e-02
2.820264734327793121e-02
2.817486226558685303e-02
2.814644388854503632e-02
2.811735868453979492e-02
2.808758057653903961e-02
2.805707603693008423e-02
2.802584134042263031e-02
2.799384668469429016e-02
2.796111069619655609e-02
2.792764827609062195e-02
2.789349295198917389e-02
2.785870805382728577e-02
2.782338298857212067e-02
2.778763696551322937e-02
2.775161899626255035e-02
2.771553210914134979e-02
2.767957374453544617e-02
2.764400281012058258e-02
2.760906144976615906e-02
2.757501415908336639e-02
2.754209563136100769e-02
2.751051820814609528e-02
2.748043462634086609e-02
2.745193801820278168e-02
2.742504328489303589e-02
2.739970758557319641e-02
2.737579494714736938e-02
2.735314145684242249e-02
2.733151987195014954e-02
2.731069363653659821e-02
2.729041501879692078e-02
2.727047726511955261e-02
2.725067362189292908e-02
2.723087370395660400e-02
2.721096202731132507e-02
2.719088830053806305e-02
2.717062458395957947e-02
2.715016528964042664e-02
2.712954208254814148e-02
2.710877358913421631e-02
2.708791010081768036e-02
2.706697955727577209e-02
2.704602666199207306e-02
2.702508121728897095e-02
2.700417488813400269e-02
2.698331885039806366e-02
2.696253359317779541e-02
2.694180794060230255e-02
2.692114375531673431e-02
2.690053172409534454e-02
2.687995135784149170e-02
2.685939520597457886e-02
2.683883719146251678e-02
2.681826427578926086e-02
2.679764665663242340e-02
2.677696757018566132e-02
2.675620280206203461e-02
2.673533745110034943e-02
2.671435289084911346e-02
2.669323980808258057e-02
2.667198702692985535e-02
2.665058523416519165e-02
2.662903256714344025e-02
2.660732902586460114e-02
2.658547833561897278e-02
2.656347490847110748e-02
2.654133737087249756e-02
2.651906758546829224e-02
2.649667486548423767e-02
2.647416666150093079e-02
2.645155042409896851e-02
2.642883732914924622e-02
2.640604786574840546e-02
2.638318389654159546e-02
2.636026591062545776e-02
2.633730880916118622e-02
2.631432376801967621e-02
2.629134245216846466e-02
2.626837790012359619e-02
2.624545991420745850e-02
2.622261270880699158e-02
2.619986981153488159e-02
2.617725357413291931e-02
2.615480870008468628e-02
2.613255940377712250e-02
2.611054852604866028e-02
2.608880586922168732e-02
2.606736682355403900e-02
2.604626677930355072e-02
2.602553926408290863e-02
2.600521408021450043e-02
2.598531544208526611e-02
2.596587501466274261e-02
2.594690583646297455e-02
2.592843025922775269e-02
2.591046877205371857e-02
2.589301764965057373e-02
2.587610483169555664e-02
2.585971355438232422e-02
2.584384754300117493e-02
2.582850307226181030e-02
2.581367082893848419e-02
2.579933404922485352e-02
2.578548714518547058e-02
2.577210590243339539e-02
2.575917169451713562e-02
2.574666775763034821e-02
2.573456987738609314e-02
2.572285383939743042e-02
2.571149915456771851e-02
2.570048347115516663e-02
2.568977326154708862e-02
2.567935921251773834e-02
2.566921152174472809e-02
2.565930597484111786e-02
2.564962580800056458e-02
2.564014866948127747e-02
2.563086338341236115e-02
2.562173642218112946e-02
2.561276592314243317e-02
2.560392767190933228e-02
2.559521235525608063e-02
2.558661065995693207e-02
2.557810582220554352e-02
2.556968852877616882e-02
2.556135505437850952e-02
2.555309049785137177e-02
2.554489299654960632e-02
2.553675696253776550e-02
2.552867121994495392e-02
2.552063949406147003e-02
2.551265433430671692e-02
2.550471387803554535e-02
2.549681253731250763e-02
2.548895403742790222e-02
2.548112347722053528e-02
2.547333203256130219e-02
2.546558342874050140e-02
2.545785717666149139e-02
2.545017190277576447e-02
2.544251456856727600e-02
2.543489262461662292e-02
2.542730420827865601e-02
2.541974745690822601e-02
2.541221864521503448e-02
2.540472336113452911e-02
2.539725974202156067e-02
2.538982592523097992e-02
2.538242563605308533e-02
2.537504956126213074e-02
2.536770515143871307e-02
2.536039054393768311e-02
2.535310201346874237e-02
2.534584514796733856e-02
2.533860877156257629e-02
2.533140219748020172e-02
2.532421797513961792e-02
2.531705610454082489e-02
2.530991472303867340e-02
2.530280128121376038e-02
2.529569715261459351e-02
2.528861910104751587e-02
2.528155408799648285e-02
2.527450583875179291e-02
2.526747062802314758e-02
2.526044659316539764e-02
2.525343373417854309e-02
2.524643018841743469e-02
2.523942664265632629e-02
2.523242868483066559e-02
2.522543817758560181e-02
2.521844580769538879e-02
2.521145157516002655e-02
2.520445547997951508e-02
2.519745379686355591e-02
2.519044093787670135e-02
2.518342062830924988e-02
2.517638355493545532e-02
2.516933903098106384e-02
2.516227029263973236e-02
2.515518106520175934e-02
2.514806948602199554e-02
2.514092624187469482e-02
2.513376250863075256e-02
2.512656524777412415e-02
2.511932700872421265e-02
2.511205151677131653e-02
2.510472759604454041e-02
2.509736455976963043e-02
2.508994750678539276e-02
2.508247643709182739e-02
2.507494762539863586e-02
2.506735175848007202e-02
2.505969069898128510e-02
2.505195885896682739e-02
2.504414506256580353e-02
2.503625676035881042e-02
2.502827718853950500e-02
2.502020634710788727e-02
2.501203306019306183e-02
2.500375919044017792e-02
2.499537914991378784e-02
2.498688921332359314e-02
2.497827261686325073e-02
2.496953308582305908e-02
2.496066503226757050e-02
2.495166473090648651e-02
2.494252286851406097e-02
2.493324130773544312e-02
2.492380887269973755e-02
2.491422928869724274e-02
2.490449883043766022e-02
2.489461377263069153e-02
2.488457970321178436e-02
2.487438917160034180e-02
2.486404962837696075e-02
2.485356479883193970e-02
2.484294027090072632e-02
2.483218349516391754e-02
2.482130005955696106e-02
2.481031231582164764e-02
2.479922026395797729e-02
2.478804811835289001e-02
2.477681636810302734e-02
2.476554177701473236e-02
2.475424297153949738e-02
2.474295161664485931e-02
2.473168447613716125e-02
2.472046576440334320e-02
2.470932714641094208e-02
2.469829097390174866e-02
2.468738146126270294e-02
2.467661537230014801e-02
2.466602064669132233e-02
2.465561404824256897e-02
2.464541420340538025e-02
2.463545277714729309e-02
2.462580613791942596e-02
2.461634390056133270e-02
2.460694871842861176e-02
2.459771931171417236e-02
2.458894439041614532e-02
2.458042651414871216e-02
2.457189746201038361e-02
2.456358261406421661e-02
2.455563284456729889e-02
2.454782463610172272e-02
2.454004064202308655e-02
2.453246340155601501e-02
2.452514320611953735e-02
2.451792731881141663e-02
2.451074123382568359e-02
2.450368925929069519e-02
2.449682913720607758e-02
2.449009381234645844e-02
2.448339946568012238e-02
2.447675541043281555e-02
2.447022497653961182e-02
2.446382492780685425e-02
2.445752359926700592e-02
2.445128373801708221e-02
2.444509416818618774e-02
2.443895116448402405e-02
2.443287335336208344e-02
2.442686818540096283e-02
2.442093938589096069e-02
2.441507577896118164e-02
2.440927550196647644e-02
2.440354973077774048e-02
2.439791522920131683e-02
2.439238503575325012e-02
2.438697591423988342e-02
2.438158541917800903e-02
2.437606081366539001e-02
2.437043190002441406e-02
2.436494268476963043e-02
2.436073310673236847e-02
2.436021529138088226e-02
2.435376122593879700e-02
2.434785664081573486e-02
2.434239163994789124e-02
2.433727309107780457e-02
2.433289587497711182e-02
2.432777918875217438e-02
2.432250417768955231e-02
2.431814186275005341e-02
2.431341446936130524e-02
2.430838160216808319e-02
2.430360764265060425e-02
2.429895475506782532e-02
2.429437637329101562e-02
2.428948134183883667e-02
2.428468316793441772e-02
2.428023330867290497e-02
2.427550777792930603e-02
2.427070215344429016e-02
2.426609024405479431e-02
2.426149323582649231e-02
2.425690926611423492e-02
2.425219118595123291e-02
2.424751967191696167e-02
2.424302510917186737e-02
2.423845604062080383e-02
2.423382923007011414e-02
2.422922104597091675e-02
2.422464452683925629e-02
2.422015927731990814e-02
2.421563118696212769e-02
2.421106398105621338e-02
2.420652471482753754e-02
2.420198731124401093e-02
2.419751137495040894e-02
2.419304847717285156e-02
2.418856322765350342e-02
2.418408170342445374e-02
2.417958900332450867e-02
2.417510747909545898e-02
2.417065203189849854e-02
2.416620030999183655e-02
2.416177093982696533e-02
2.415734529495239258e-02
2.415292523801326752e-02
2.414852939546108246e-02
2.414413541555404663e-02
2.413977310061454773e-02
2.413545176386833191e-02
2.413118444383144379e-02
2.412698976695537567e-02
2.412285283207893372e-02
2.411862090229988098e-02
2.411418221890926361e-02
2.410947345197200775e-02
2.410479821264743805e-02
2.410040609538555145e-02
2.409629151225090027e-02
2.409223467111587524e-02
2.408799715340137482e-02
2.408354915678501129e-02
2.407902665436267853e-02
2.407463826239109039e-02
2.407044731080532074e-02
2.406633459031581879e-02
2.406216599047183990e-02
2.405786700546741486e-02
2.405352331697940826e-02
2.405718713998794556e-02
2.404777705669403076e-02
2.404599450528621674e-02
2.404382638633251190e-02
2.404155209660530090e-02
2.403822913765907288e-02
2.403546124696731567e-02
2.403243631124496460e-02
2.402918785810470581e-02
2.402584254741668701e-02
2.402174659073352814e-02
2.401793189346790314e-02
2.401407435536384583e-02
2.401033602654933929e-02
2.400675229728221893e-02
2.400276623666286469e-02
2.399883046746253967e-02
2.399474382400512695e-02
2.399073168635368347e-02
2.398696728050708771e-02
2.398307062685489655e-02
2.397915348410606384e-02
2.397467568516731262e-02
2.396983094513416290e-02
2.396503463387489319e-02
2.396060712635517120e-02
2.395669929683208466e-02
2.395282685756683350e-02
2.394871041178703308e-02
2.394424751400947571e-02
2.393962442874908447e-02
2.393525280058383942e-02
2.393115498125553131e-02
2.392720058560371399e-02
2.392315305769443512e-02
2.391888946294784546e-02
2.391451038420200348e-02
2.391014248132705688e-02
2.390592545270919800e-02
2.390184625983238220e-02
2.389781177043914795e-02
2.389377169311046600e-02
2.388967014849185944e-02
2.388551272451877594e-02
2.388132549822330475e-02
2.387714199721813202e-02
2.387300319969654083e-02
2.386890165507793427e-02
2.386485971510410309e-02
2.386085502803325653e-02
2.385688573122024536e-02
2.385294437408447266e-02
2.384903840720653534e-02
2.384519763290882111e-02
2.384141460061073303e-02
2.383773028850555420e-02
2.383408136665821075e-02
2.383038587868213654e-02
2.382642589509487152e-02
2.382216602563858032e-02
2.381770685315132141e-02
2.381339482963085175e-02
2.380944788455963135e-02
2.380581200122833252e-02
2.380230277776718140e-02
2.379867993295192719e-02
2.379483915865421295e-02
2.379077486693859100e-02
2.378666400909423828e-02
2.378267794847488403e-02
2.377889864146709442e-02
2.377526462078094482e-02
2.377168461680412292e-02
2.376805618405342102e-02
2.376432716846466064e-02
2.376050688326358795e-02
2.375663071870803833e-02
2.375277318060398102e-02
2.374896593391895294e-02
2.374523133039474487e-02
2.374156191945075989e-02
2.373793907463550568e-02
2.373434230685234070e-02
2.373077347874641418e-02
2.372722886502742767e-02
2.372370287775993347e-02
2.372021228075027466e-02
2.371673844754695892e-02
2.371327206492424011e-02
2.370975166559219360e-02
2.370616048574447632e-02
2.370242774486541748e-02
2.369858510792255402e-02
2.369469963014125824e-02
2.369086444377899170e-02
2.368715219199657440e-02
2.368357218801975250e-02
2.368009835481643677e-02
2.367669157683849335e-02
2.367331832647323608e-02
2.366996556520462036e-02
2.366661094129085541e-02
2.366322837769985199e-02
2.365979738533496857e-02
2.365626022219657898e-02
2.365262992680072784e-02
2.364890649914741516e-02
2.364515513181686401e-02
2.364144288003444672e-02
2.363781444728374481e-02
2.363428287208080292e-02
2.363083139061927795e-02
2.362744137644767761e-02
2.362409420311450958e-02
2.362078428268432617e-02
2.361752092838287354e-02
2.361431531608104706e-02
2.361115999519824982e-02
2.360805124044418335e-02
2.360488660633563995e-02
2.360158227384090424e-02
2.359797991812229156e-02
2.359411306679248810e-02
2.359011955559253693e-02
2.358626760542392731e-02
2.358271926641464233e-02
2.357945218682289124e-02
2.357636019587516785e-02
2.357328869402408600e-02
2.357013709843158722e-02
2.356681600213050842e-02
2.356332354247570038e-02
2.355971559882164001e-02
2.355609089136123657e-02
2.355254255235195160e-02
2.354911155998706818e-02
2.354579232633113861e-02
2.354255691170692444e-02
2.353936433792114258e-02
2.353618666529655457e-02
2.353301458060741425e-02
2.352982759475708008e-02
2.352662570774555206e-02
2.352338843047618866e-02
2.352012135088443756e-02
2.351679094135761261e-02
2.351340465247631073e-02
2.350996434688568115e-02
2.350649051368236542e-02
2.350301109254360199e-02
2.349955402314662933e-02
2.349612861871719360e-02
2.349274791777133942e-02
2.348940633237361908e-02
2.348608896136283875e-02
2.348279394209384918e-02
2.347951941192150116e-02
2.347625978291034698e-02
2.347302436828613281e-02
2.346983365714550018e-02
2.346671558916568756e-02
2.346374094486236572e-02
2.346099168062210083e-02
2.345861867070198059e-02
2.345667034387588501e-02
2.345498837530612946e-02
2.345255389809608459e-02
2.344838902354240417e-02
2.344248443841934204e-02
2.343700826168060303e-02
2.343363687396049500e-02
2.343189157545566559e-02
2.342990599572658539e-02
2.342624589800834656e-02
2.342140674591064453e-02
2.341708354651927948e-02
2.341417223215103149e-02
2.341192401945590973e-02
2.340904250741004944e-02
2.340513467788696289e-02
2.340096049010753632e-02
2.339743636548519135e-02
2.339463867247104645e-02
2.339189499616622925e-02
2.338862419128417969e-02
2.338486723601818085e-02
2.338112518191337585e-02
2.337779104709625244e-02
2.337480522692203522e-02
2.337181381881237030e-02
2.336855418980121613e-02
2.336503565311431885e-02
2.336146868765354156e-02
2.335805632174015045e-02
2.335484325885772705e-02
2.335172146558761597e-02
2.334855496883392334e-02
2.334526553750038147e-02
2.334186621010303497e-02
2.333842776715755463e-02
2.333502471446990967e-02
2.333169430494308472e-02
2.332842536270618439e-02
2.332519553601741791e-02
2.332196757197380066e-02
2.331871353089809418e-02
2.331543155014514923e-02
2.331212721765041351e-02
2.330879680812358856e-02
2.330545708537101746e-02
2.330211549997329712e-02
2.329877391457557678e-02
2.329543977975845337e-02
2.329211495816707611e-02
2.328879758715629578e-02
2.328550815582275391e-02
2.328224107623100281e-02
2.327902056276798248e-02
2.327588014304637909e-02
2.327287942171096802e-02
2.327010408043861389e-02
2.326770126819610596e-02
2.326576039195060730e-02
2.326432056725025177e-02
2.326272055506706238e-02
2.325996570289134979e-02
2.325478568673133850e-02
2.324813604354858398e-02
2.324227243661880493e-02
2.323884516954421997e-02
2.323726192116737366e-02
2.323561906814575195e-02
2.323238551616668701e-02
2.322746068239212036e-02
2.322238869965076447e-02
2.321857213973999023e-02
2.321606874465942383e-02
2.321380935609340668e-02
2.321074530482292175e-02
2.320669963955879211e-02
2.320232428610324860e-02
2.319844812154769897e-02
2.319532074034214020e-02
2.319256961345672607e-02
2.318963594734668732e-02
2.318620868027210236e-02
2.318238466978073120e-02
2.317850664258003235e-02
2.317487634718418121e-02
2.317158505320549011e-02
2.316848747432231903e-02
2.316538617014884949e-02
2.316212840378284454e-02
2.315868064761161804e-02
2.315509133040904999e-02
2.315145917236804962e-02
2.314788103103637695e-02
2.314439043402671814e-02
2.314099296927452087e-02
2.313766442239284515e-02
2.313436754047870636e-02
2.313107997179031372e-02
2.312778867781162262e-02
2.312449179589748383e-02
2.312120050191879272e-02
2.311791665852069855e-02
2.311465889215469360e-02
2.311144396662712097e-02
2.310829795897006989e-02
2.310523577034473419e-02
2.310229279100894928e-02
2.309946529567241669e-02
2.309674955904483795e-02
2.309399843215942383e-02
2.309110201895236969e-02
2.308772318065166473e-02
2.308378368616104126e-02
2.307924255728721619e-02
2.307447977364063263e-02
2.306988276541233063e-02
2.306577190756797791e-02
2.306222170591354370e-02
2.305911853909492493e-02
2.305626682937145233e-02
2.305348403751850128e-02
2.305064722895622253e-02
2.304764091968536377e-02
2.304439991712570190e-02
2.304086275398731232e-02
2.303706854581832886e-02
2.303307503461837769e-02
2.302902005612850189e-02
2.302500791847705841e-02
2.302112057805061340e-02
2.301738783717155457e-02
2.301379851996898651e-02
2.301032468676567078e-02
2.300694026052951813e-02
2.300362288951873779e-02
2.300037443637847900e-02
2.299722284078598022e-02
2.299422025680541992e-02
2.299145422875881195e-02
2.298904396593570709e-02
2.298717200756072998e-02
2.298586443066596985e-02
2.298504859209060669e-02
2.298376522958278656e-02
2.298094704747200012e-02
2.297520078718662262e-02
2.296745032072067261e-02
2.295983955264091492e-02
2.295457385480403900e-02
2.295200899243354797e-02
2.295091189444065094e-02
2.294954098761081696e-02
2.294650115072727203e-02
2.294164709746837616e-02
2.293586544692516327e-02
2.293059043586254120e-02
2.292662858963012695e-02
2.292387932538986206e-02
2.292164787650108337e-02
2.291916310787200928e-02
2.291594259440898895e-02
2.291190437972545624e-02
2.290738560259342194e-02
2.290285564959049225e-02
2.289870008826255798e-02
2.289504930377006531e-02
2.289181761443614960e-02
2.288880385458469391e-02
2.288582362234592438e-02
2.288274466991424561e-02
2.287949249148368835e-02
2.287605032324790955e-02
2.287243306636810303e-02
2.286870405077934265e-02
2.286490425467491150e-02
2.286109887063503265e-02
2.285730838775634766e-02
2.285356260836124420e-02
2.284986712038516998e-02
2.284622192382812500e-02
2.284262701869010925e-02
2.283907867968082428e-02
2.283558063209056854e-02
2.283214963972568512e-02
2.282881736755371094e-02
2.282565087080001831e-02
2.282277867197990417e-02
2.282043546438217163e-02
2.281896397471427917e-02
2.281897515058517456e-02
2.282084897160530090e-02
2.282459661364555359e-02
2.282727323472499847e-02
2.282480709254741669e-02
2.281332574784755707e-02
2.279784157872200012e-02
2.278641425073146820e-02
2.278338186442852020e-02
2.278614602982997894e-02
2.278839610517024994e-02
2.278520166873931885e-02
2.277630008757114410e-02
2.276672422885894775e-02
2.276100218296051025e-02
2.275973558425903320e-02
2.276010252535343170e-02
2.275863103568553925e-02
2.275389991700649261e-02
2.274702861905097961e-02
2.274064533412456512e-02
2.273643203079700470e-02
2.273425087332725525e-02
2.273271232843399048e-02
2.273032627999782562e-02
2.272644825279712677e-02
2.272142097353935242e-02
2.271625772118568420e-02
2.271180227398872375e-02
2.270831912755966187e-02
2.270552329719066620e-02
2.270289696753025055e-02
2.269998937845230103e-02
2.269656211137771606e-02
2.269267290830612183e-02
2.268850989639759064e-02
2.268430963158607483e-02
2.268024906516075134e-02
2.267641760408878326e-02
2.267282083630561829e-02
2.266940288245677948e-02
2.266610600054264069e-02
2.266287617385387421e-02
2.265969105064868927e-02
2.265655063092708588e-02
2.265347167849540710e-02
2.265048958361148834e-02
2.264766208827495575e-02
2.264505624771118164e-02
2.264278568327426910e-02
2.264090999960899353e-02
2.263956703245639801e-02
2.263860963284969330e-02
2.263792976737022400e-02
2.263672649860382080e-02
2.263442426919937134e-02
2.262989990413188934e-02
2.262331545352935791e-02
2.261518873274326324e-02
2.260710299015045166e-02
2.260021679103374481e-02
2.259514108300209045e-02
2.259178087115287781e-02
2.258965000510215759e-02
2.258818596601486206e-02
2.258688025176525116e-02
2.258538641035556793e-02
2.258333005011081696e-02
2.258059196174144745e-02
2.257693558931350708e-02
2.257250063121318817e-02
2.256735414266586304e-02
2.256190590560436249e-02
2.255643904209136963e-02
2.255128882825374603e-02
2.254659496247768402e-02
2.254239097237586975e-02
2.253861166536808014e-02
2.253516949713230133e-02
2.253196947276592255e-02
2.252896130084991455e-02
2.252614498138427734e-02
2.252355962991714478e-02
2.252133190631866455e-02
2.251960523426532745e-02
2.251864969730377197e-02
2.251864038407802582e-02
2.251981943845748901e-02
2.252175658941268921e-02
2.252374589443206787e-02
2.252340503036975861e-02
2.251916937530040741e-02
2.250980399549007416e-02
2.249759435653686523e-02
2.248559519648551941e-02
2.247668802738189697e-02
2.247178368270397186e-02
2.247023768723011017e-02
2.247064188122749329e-02
2.247142791748046875e-02
2.247134223580360413e-02
2.246935665607452393e-02
2.246529608964920044e-02
2.245934493839740753e-02
2.245244570076465607e-02
2.244543097913265228e-02
2.243909612298011780e-02
2.243379130959510803e-02
2.242955192923545837e-02
2.242620475590229034e-02
2.242349460721015930e-02
2.242117561399936676e-02
2.241907268762588501e-02
2.241708338260650635e-02
2.241511084139347076e-02
2.241312526166439056e-02
2.241103164851665497e-02
2.240884304046630859e-02
2.240643091499805450e-02
2.240378782153129578e-02
2.240072935819625854e-02
2.239729464054107666e-02
2.239331416785717010e-02
2.238894253969192505e-02
2.238416671752929688e-02
2.237922139465808868e-02
2.237419411540031433e-02
2.236925810575485229e-02
2.236448973417282104e-02
2.235995978116989136e-02
2.235565707087516785e-02
2.235159464180469513e-02
2.234774641692638397e-02
2.234411053359508514e-02
2.234068326652050018e-02
2.233750373125076294e-02
2.233464643359184265e-02
2.233227342367172241e-02
2.233059890568256378e-02
2.232999727129936218e-02
2.233090624213218689e-02
2.233391441404819489e-02
2.233909070491790771e-02
2.234591171145439148e-02
2.235134877264499664e-02
2.235185168683528900e-02
2.234334871172904968e-02
2.232744172215461731e-02
2.230863086879253387e-02
2.229281142354011536e-02
2.228289656341075897e-02
2.227904647588729858e-02
2.227975800633430481e-02
2.228304184973239899e-02
2.228700369596481323e-02
2.228978462517261505e-02
2.229006029665470123e-02
2.228671126067638397e-02
2.228003740310668945e-02
2.227083407342433929e-02
2.226079255342483521e-02
2.225127629935741425e-02
2.224329486489295959e-02
2.223717048764228821e-02
2.223279327154159546e-02
2.222979627549648285e-02
2.222775854170322418e-02
2.222632430493831635e-02
2.222521975636482239e-02
2.222429774701595306e-02
2.222346141934394836e-02
2.222267352044582367e-02
2.222180180251598358e-02
2.222076430916786194e-02
2.221927605569362640e-02
2.221718244254589081e-02
2.221408672630786896e-02
2.220993489027023315e-02
2.220461331307888031e-02
2.219844609498977661e-02
2.219171449542045593e-02
2.218491956591606140e-02
2.217837795615196228e-02
2.217233367264270782e-02
2.216685749590396881e-02
2.216192521154880524e-02
2.215743623673915863e-02
2.215328626334667206e-02
2.214938588440418243e-02
2.214567735791206360e-02
2.214211411774158478e-02
2.213868871331214905e-02
2.213544584810733795e-02
2.213246561586856842e-02
2.212992869317531586e-02
2.212815731763839722e-02
2.212768234312534332e-02
2.212938480079174042e-02
2.213453687727451324e-02
2.214463427662849426e-02
2.216001600027084351e-02
2.217807993292808533e-02
2.218941599130630493e-02
2.218467555940151215e-02
2.216062322258949280e-02
2.212872728705406189e-02
2.210107259452342987e-02
2.208410575985908508e-02
2.207803539931774139e-02
2.208044566214084625e-02
2.208847366273403168e-02
2.209932729601860046e-02
2.210999652743339539e-02
2.211668528616428375e-02
2.211642265319824219e-02
2.210756577551364899e-02
2.209243737161159515e-02
2.207467518746852875e-02
2.205816470086574554e-02
2.204511314630508423e-02
2.203616686165332794e-02
2.203094027936458588e-02
2.202861383557319641e-02
2.202831767499446869e-02
2.202932536602020264e-02
2.203106135129928589e-02
2.203308977186679840e-02
2.203500084578990936e-02
2.203636802732944489e-02
2.203668281435966492e-02
2.203528955578804016e-02
2.203171327710151672e-02
2.202574163675308228e-02
2.201775461435317993e-02
2.200848609209060669e-02
2.199884876608848572e-02
2.198966965079307556e-02
2.198143489658832550e-02
2.197433076798915863e-02
2.196827158331871033e-02
2.196306735277175903e-02
2.195849269628524780e-02
2.195433899760246277e-02
2.195045538246631622e-02
2.194673381745815277e-02
2.194312959909439087e-02
2.193963527679443359e-02
2.193630300462245941e-02
2.193325199186801910e-02
2.193071879446506500e-02
2.192909270524978638e-02
2.192907780408859253e-02
2.193175815045833588e-02
2.193874865770339966e-02
2.195172570645809174e-02
2.197105810046195984e-02
2.199267782270908356e-02
2.200484462082386017e-02
2.199711278080940247e-02
2.196833677589893341e-02
2.193261124193668365e-02
2.190256118774414062e-02
2.188346907496452332e-02
2.187491394579410553e-02
2.187454700469970703e-02
2.188039757311344147e-02
2.189142629504203796e-02
2.190682478249073029e-02
2.192469872534275055e-02
2.194014936685562134e-02
2.194471284747123718e-02
2.193334884941577911e-02
2.190743386745452881e-02
2.187665738165378571e-02
2.184997498989105225e-02
2.183186449110507965e-02
2.182288654148578644e-02
2.182137221097946167e-02
2.182498946785926819e-02
2.183143422007560730e-02
2.183855511248111725e-02
2.184465713798999786e-02
2.184809371829032898e-02
2.184778451919555664e-02
2.184306830167770386e-02
2.183422073721885681e-02
2.182216383516788483e-02
2.180855721235275269e-02
2.179478853940963745e-02
2.178222127258777618e-02
2.177143841981887817e-02
2.176271751523017883e-02
2.175587229430675507e-02
2.175056748092174530e-02
2.174642123281955719e-02
2.174316160380840302e-02
2.174069732427597046e-02
2.173916064202785492e-02
2.173895388841629028e-02
2.174069359898567200e-02
2.174586057662963867e-02
2.175425738096237183e-02
2.176568098366260529e-02
2.177715115249156952e-02
2.178224548697471619e-02
2.177450433373451233e-02
2.175319008529186249e-02
2.172536402940750122e-02
2.170010842382907867e-02
2.168283052742481232e-02
2.167471498250961304e-02
2.167408913373947144e-02
2.167839556932449341e-02
2.168539725244045258e-02
2.169324643909931183e-02
2.170062251389026642e-02
2.170551940798759460e-02
2.170577459037303925e-02
2.169906347990036011e-02
2.168485336005687714e-02
2.166503109037876129e-02
2.164380252361297607e-02
2.162504754960536957e-02
2.161145396530628204e-02
2.160355076193809509e-02
2.160035818815231323e-02
2.160024084150791168e-02
2.160163410007953644e-02
2.160356752574443817e-02
2.160536497831344604e-02
2.160688489675521851e-02
2.160732448101043701e-02
2.160600572824478149e-02
2.160119079053401947e-02
2.159186452627182007e-02
2.157758548855781555e-02
2.156019397079944611e-02
2.154227904975414276e-02
2.152679674327373505e-02
2.151530981063842773e-02
2.150796912610530853e-02
2.150383219122886658e-02
2.150161564350128174e-02
2.150024659931659698e-02
2.149915881454944611e-02
2.149886824190616608e-02
2.149799093604087830e-02
2.149604633450508118e-02
2.149159461259841919e-02
2.148332446813583374e-02
2.147008664906024933e-02
2.145292609930038452e-02
2.143425494432449341e-02
2.141747437417507172e-02
2.140481211245059967e-02
2.139667421579360962e-02
2.139172516763210297e-02
2.138792350888252258e-02
2.138351276516914368e-02
2.137740142643451691e-02
2.136936597526073456e-02
2.135940641164779663e-02
2.134797535836696625e-02
2.133545838296413422e-02
2.132262662053108215e-02
2.131029218435287476e-02
2.129944041371345520e-02
2.129086665809154510e-02
2.128493785858154297e-02
2.128146216273307800e-02
2.127986215054988861e-02
2.127937227487564087e-02
2.127813175320625305e-02
2.127451263368129730e-02
2.126421034336090088e-02
2.124786190688610077e-02
2.122498303651809692e-02
2.120027504861354828e-02
2.117568813264369965e-02
2.115281298756599426e-02
2.113193273544311523e-02
2.111293002963066101e-02
2.109544537961483002e-02
2.107875794172286987e-02
2.106221206486225128e-02
2.104566805064678192e-02
2.102990075945854187e-02
2.101640962064266205e-02
2.100766263902187347e-02
2.100719511508941650e-02
2.101778239011764526e-02
2.103606611490249634e-02
2.103237807750701904e-02
2.099688723683357239e-02
2.092584781348705292e-02
2.085595205426216125e-02
2.079648897051811218e-02
2.074624970555305481e-02
2.070109918713569641e-02
2.065941132605075836e-02
2.062258869409561157e-02
2.059268020093441010e-02
2.057107537984848022e-02
2.055778540670871735e-02
2.055779658257961273e-02
2.057219110429286957e-02
2.067806571722030640e-02
2.165916375815868378e-02
2.222094684839248657e-02
2.118778042495250702e-02
2.215997129678726196e-02
2.241174876689910889e-02
2.200938947498798370e-02
2.132004685699939728e-02
2.175536938011646271e-02
2.191293239593505859e-02
2.120092697441577911e-02
2.141981199383735657e-02
2.175270020961761475e-02
2.079783752560615540e-02
2.148576825857162476e-02
2.097581699490547180e-02
2.195883356034755707e-02
2.234914153814315796e-02
2.088392712175846100e-02
2.148241549730300903e-02
2.158427238464355469e-02
2.143992483615875244e-02
2.113886550068855286e-02
2.114106900990009308e-02
2.134060859680175781e-02
2.074591442942619324e-02
2.108534611761569977e-02
2.116192877292633057e-02
2.041609212756156921e-02
2.117349579930305481e-02
2.058219723403453827e-02
2.061722241342067719e-02
2.114641107618808746e-02
2.050485089421272278e-02
2.056455425918102264e-02
2.033270522952079773e-02
2.088272012770175934e-02
2.232431434094905853e-02
2.085302770137786865e-02
2.236897312104701996e-02
2.252575568854808807e-02
2.237914875149726868e-02
2.239110879600048065e-02
2.249991334974765778e-02
2.250909619033336639e-02
2.248023264110088348e-02
2.236073464155197144e-02
2.219529636204242706e-02
2.190341241657733917e-02
2.130193635821342468e-02
2.115050330758094788e-02
2.182373777031898499e-02
2.176821418106555939e-02
2.179390005767345428e-02
2.219712920486927032e-02
2.098350971937179565e-02
2.096956782042980194e-02
2.173876017332077026e-02
2.091659978032112122e-02
2.087716758251190186e-02
2.132812514901161194e-02
2.062441594898700714e-02
2.107188478112220764e-02
2.062806673347949982e-02
2.064195461571216583e-02
2.079002559185028076e-02
2.037919685244560242e-02
2.066405303776264191e-02
2.047412656247615814e-02
2.064122259616851807e-02
2.031459100544452667e-02
2.038630470633506775e-02
2.025047689676284790e-02
2.101309224963188171e-02
2.275577746331691742e-02
2.190537005662918091e-02
2.096211723983287811e-02
2.160844765603542328e-02
2.165436558425426483e-02
2.135895937681198120e-02
2.126869000494480133e-02
2.140442840754985809e-02
2.116570994257926941e-02
2.080920524895191193e-02
2.108257822692394257e-02
2.090466581284999847e-02
2.120863646268844604e-02
2.112220972776412964e-02
2.091592550277709961e-02
2.053322829306125641e-02
2.067428641021251678e-02
2.079650573432445526e-02
2.069081366062164307e-02
2.034009061753749847e-02
2.101764455437660217e-02
2.037089876830577850e-02
2.006594464182853699e-02
2.021855302155017853e-02
2.110535465180873871e-02
2.136898040771484375e-02
2.030004560947418213e-02
2.108950540423393250e-02
2.079615369439125061e-02
2.107658423483371735e-02
2.051321417093276978e-02
2.071710117161273956e-02
2.056298963725566864e-02
2.133708260953426361e-02
2.046110853552818298e-02
2.160661481320858002e-02
2.121202275156974792e-02
2.098941057920455933e-02
2.121697366237640381e-02
2.068201825022697449e-02
2.089529670774936676e-02
2.108149603009223938e-02
2.067354880273342133e-02
2.068610675632953644e-02
2.082645334303379059e-02
2.027489989995956421e-02
2.082771621644496918e-02
2.035550028085708618e-02
2.080825716257095337e-02
2.014212310314178467e-02
2.013938128948211670e-02
2.058422565460205078e-02
2.020060457289218903e-02
2.017781324684619904e-02
1.990994252264499664e-02
1.999641396105289459e-02
2.000634744763374329e-02
2.173230610787868500e-02
2.125894092023372650e-02
2.007755823433399200e-02
2.101364172995090485e-02
2.122294157743453979e-02
2.070247940719127655e-02
2.086331695318222046e-02
2.081331051886081696e-02
2.040648646652698517e-02
2.064800262451171875e-02
2.035305462777614594e-02
2.056540548801422119e-02
2.017258480191230774e-02
2.063530683517456055e-02
2.026232331991195679e-02
1.982210204005241394e-02
2.015295997262001038e-02
2.003803476691246033e-02
2.078583091497421265e-02
2.207447960972785950e-02
2.018941193819046021e-02
2.281150780618190765e-02
2.235578931868076324e-02
2.228748239576816559e-02
2.263109385967254639e-02
2.234575524926185608e-02
2.261400036513805389e-02
2.243896946310997009e-02
2.244043536484241486e-02
2.238081768155097961e-02
2.220861427485942841e-02
2.227003313601016998e-02
2.210992388427257538e-02
2.220484055578708649e-02
2.226754650473594666e-02
2.206953056156635284e-02
2.201228402554988861e-02
2.205456793308258057e-02
2.192942425608634949e-02
2.181971631944179535e-02
2.186543680727481842e-02
2.178204618394374847e-02
2.173643186688423157e-02
2.173888497054576874e-02
2.165198512375354767e-02
2.164860442280769348e-02
2.173497155308723450e-02
2.178326062858104706e-02
2.177738025784492493e-02
2.176215499639511108e-02
2.168772928416728973e-02
2.159341424703598022e-02
2.152967639267444611e-02
2.155330218374729156e-02
2.159202098846435547e-02
2.153805643320083618e-02
2.147320285439491272e-02
2.147074975073337555e-02
2.148778177797794342e-02
2.148605324327945709e-02
2.147088572382926941e-02
2.144886739552021027e-02
2.141569368541240692e-02
2.138668857514858246e-02
2.138021402060985565e-02
2.137828059494495392e-02
2.137030288577079773e-02
2.136321365833282471e-02
2.134308777749538422e-02
2.131325192749500275e-02
2.129090391099452972e-02
2.127015776932239532e-02
2.123492397367954254e-02
2.116607502102851868e-02
2.101363986730575562e-02
2.069141343235969543e-02
2.035100385546684265e-02
2.054739557206630707e-02
2.081084251403808594e-02
2.073211967945098877e-02
2.039046213030815125e-02
2.030267193913459778e-02
2.051620557904243469e-02
2.055876702070236206e-02
2.037001773715019226e-02
2.020156569778919220e-02
2.036046423017978668e-02
2.037737146019935608e-02
2.014865912497043610e-02
2.018094621598720551e-02
2.028725668787956238e-02
2.010073140263557434e-02
2.007354050874710083e-02
2.017918787896633148e-02
2.000470086932182312e-02
2.005900815129280090e-02
2.004427835345268250e-02
1.991615258157253265e-02
2.001050673425197601e-02
1.989028416574001312e-02
1.991851627826690674e-02
1.986795105040073395e-02
1.982755213975906372e-02
1.982948184013366699e-02
1.977269724011421204e-02
1.975333876907825470e-02
1.973587274551391602e-02
1.965183578431606293e-02
1.969013176858425140e-02
1.960431039333343506e-02
1.955850049853324890e-02
1.954076066613197327e-02
1.958317309617996216e-02
1.975258439779281616e-02
2.009888924658298492e-02
2.022602409124374390e-02
1.971268840134143829e-02
1.957186311483383179e-02
1.961292140185832977e-02
1.955045759677886963e-02
1.969008333981037140e-02
2.054427936673164368e-02
2.121508307754993439e-02
1.950151287019252777e-02
2.020633034408092499e-02
1.999164745211601257e-02
2.008241415023803711e-02
1.972340606153011322e-02
1.977202482521533966e-02
2.000509947538375854e-02
1.923329196870326996e-02
2.058256790041923523e-02
2.329056896269321442e-02
2.193861268460750580e-02
2.222273498773574829e-02
2.213600650429725647e-02
2.252833545207977295e-02
2.251018211245536804e-02
2.254072204232215881e-02
2.252362668514251709e-02
2.240761741995811462e-02
2.245834283530712128e-02
2.218181081116199493e-02
2.211413159966468811e-02
2.234587445855140686e-02
2.248089574277400970e-02
2.209879830479621887e-02
2.176595292985439301e-02
2.194536849856376648e-02
2.183975651860237122e-02
2.186162397265434265e-02
2.177607454359531403e-02
2.174894139170646667e-02
2.157960087060928345e-02
2.152409590780735016e-02
2.166689187288284302e-02
2.177138067781925201e-02
2.177171781659126282e-02
2.169171534478664398e-02
2.158612199127674103e-02
2.148205041885375977e-02
2.140570804476737976e-02
2.137729898095130920e-02
2.138555794954299927e-02
2.139291539788246155e-02
2.136945910751819611e-02
2.131925150752067566e-02
2.127563208341598511e-02
2.125685848295688629e-02
2.125541493296623230e-02
2.125177904963493347e-02
2.123938314616680145e-02
2.123491093516349792e-02
2.125116810202598572e-02
2.126643620431423187e-02
2.123250067234039307e-02
2.116568386554718018e-02
2.110679075121879578e-02
2.107418142259120941e-02
2.106299623847007751e-02
2.105749584734439850e-02
2.103028260171413422e-02
2.098260074853897095e-02
2.094174362719058990e-02
2.092004753649234772e-02
2.090518735349178314e-02
2.087818644940853119e-02
2.083616331219673157e-02
2.079295180737972260e-02
2.076422609388828278e-02
2.075365372002124786e-02
2.075157687067985535e-02
2.074597403407096863e-02
2.073406986892223358e-02
2.071867696940898895e-02
2.070112898945808411e-02
2.068407833576202393e-02
2.066797204315662384e-02
2.065096050500869751e-02
2.063386514782905579e-02
2.061866223812103271e-02
2.060426026582717896e-02
2.058886736631393433e-02
2.057098597288131714e-02
2.054677158594131470e-02
2.050967700779438019e-02
2.044763974845409393e-02
2.032989822328090668e-02
2.009153179824352264e-02
1.974434219300746918e-02
1.973173394799232483e-02
2.000636421144008636e-02
2.003100328147411346e-02
1.974822767078876495e-02
1.955806091427803040e-02
1.973438076674938202e-02
1.980713009834289551e-02
1.965191960334777832e-02
1.948380656540393829e-02
1.962293870747089386e-02
1.969937607645988464e-02
1.956070773303508759e-02
1.958497799932956696e-02
1.968983374536037445e-02
1.953949779272079468e-02
1.939164847135543823e-02
1.947292312979698181e-02
1.934299618005752563e-02
1.925020106136798859e-02
1.926698349416255951e-02
1.909082569181919098e-02
1.918771676719188690e-02
1.903657801449298859e-02
1.909730024635791779e-02
1.895021088421344757e-02
1.903009973466396332e-02
1.888542249798774719e-02
1.892450638115406036e-02
1.887096837162971497e-02
1.876887120306491852e-02
1.882023178040981293e-02
1.883611828088760376e-02
1.881565898656845093e-02
1.890811137855052948e-02
1.915516890585422516e-02
1.908840797841548920e-02
1.876503974199295044e-02
1.873123459517955780e-02
1.877201348543167114e-02
1.880075968801975250e-02
1.980649679899215698e-02
2.022369392216205597e-02
1.904601044952869415e-02
1.975954324007034302e-02
1.883088052272796631e-02
1.971724443137645721e-02
1.942123472690582275e-02
1.955630257725715637e-02
1.936759240925312042e-02
1.900219544768333435e-02
1.942576654255390167e-02
1.888754963874816895e-02
1.903125457465648651e-02
1.903799362480640411e-02
1.847708597779273987e-02
1.904397085309028625e-02
1.843591593205928802e-02
1.855318434536457062e-02
1.900404505431652069e-02
1.867821812629699707e-02
1.883945055305957794e-02
1.846830919384956360e-02
1.921761594712734222e-02
2.062571793794631958e-02
1.866555213928222656e-02
1.984281651675701141e-02
2.014908753335475922e-02
1.893902383744716644e-02
1.996546424925327301e-02
1.893427781760692596e-02
1.938063837587833405e-02
1.912641525268554688e-02
1.929437927901744843e-02
1.913204044103622437e-02
1.972884684801101685e-02
1.845899038016796112e-02
1.926942728459835052e-02
1.877903193235397339e-02
1.898324675858020782e-02
1.893230527639389038e-02
1.842907071113586426e-02
1.870840042829513550e-02
1.862263865768909454e-02
1.843990013003349304e-02
1.860299520194530487e-02
1.870943978428840637e-02
1.874422840774059296e-02
1.912591606378555298e-02
1.815317571163177490e-02
1.819002628326416016e-02
1.826586201786994934e-02
1.856206916272640228e-02
1.967054046690464020e-02
1.775017194449901581e-02
1.935850642621517181e-02
1.806863024830818176e-02
1.936224102973937988e-02
1.960231363773345947e-02
1.875895075500011444e-02
1.902338489890098572e-02
1.949990168213844299e-02
1.884755864739418030e-02
1.846913620829582214e-02
1.888931728899478912e-02
1.797938160598278046e-02
1.884272694587707520e-02
1.835536956787109375e-02
1.857472211122512817e-02
1.862028054893016815e-02
1.791878975927829742e-02
1.851372048258781433e-02
1.797507330775260925e-02
1.833990775048732758e-02
1.797453872859477997e-02
1.854772679507732391e-02
1.802482642233371735e-02
1.892340928316116333e-02
1.866616681218147278e-02
1.785119995474815369e-02
1.843539997935295105e-02
1.796009019017219543e-02
1.808096282184123993e-02
1.806238107383251190e-02
1.781707257032394409e-02
1.791892573237419128e-02
1.825469918549060822e-02
1.766424998641014099e-02
1.828245446085929871e-02
1.744857430458068848e-02
1.802553795278072357e-02
1.754058897495269775e-02
1.818677596747875214e-02
1.765251904726028442e-02
1.823145896196365356e-02
1.779546402394771576e-02
1.841268129646778107e-02
1.822220347821712494e-02
1.746150664985179901e-02
1.804406568408012390e-02
1.737645268440246582e-02
1.798666641116142273e-02
1.762293837964534760e-02
1.813288591802120209e-02
1.762845925986766815e-02
1.804770901799201965e-02
1.790851168334484100e-02
1.723628863692283630e-02
1.781049929559230804e-02
1.724887266755104065e-02
1.763162575662136078e-02
1.735430769622325897e-02
1.778008043766021729e-02
1.719992607831954956e-02
1.807174272835254669e-02
1.766083203256130219e-02
1.726848073303699493e-02
1.762897893786430359e-02
1.691580936312675476e-02
1.736310869455337524e-02
1.692904159426689148e-02
1.749532669782638550e-02
1.692018657922744751e-02
1.800400950014591217e-02
1.759229041635990143e-02
1.689570583403110504e-02
1.741188764572143555e-02
1.690621860325336456e-02
1.698742806911468506e-02
1.696344092488288879e-02
1.641275733709335327e-02
1.658563688397407532e-02
1.696216687560081482e-02
1.610426604747772217e-02
1.667493395507335663e-02
1.605572178959846497e-02
1.624746248126029968e-02
1.620753109455108643e-02
1.578365080058574677e-02
1.609473861753940582e-02
1.693571358919143677e-02
1.635329052805900574e-02
1.628493145108222961e-02
1.583510264754295349e-02
1.572523266077041626e-02
1.577004976570606232e-02
1.567545719444751740e-02
1.623269356787204742e-02
1.639204099774360657e-02
1.552535872906446457e-02
1.532349456101655960e-02
1.538313552737236023e-02
1.548747438937425613e-02
1.519885566085577011e-02
1.551929954439401627e-02
1.608312875032424927e-02
1.512090489268302917e-02
1.471661683171987534e-02
1.482720579952001572e-02
1.490189228206872940e-02
1.515206322073936462e-02
1.501950155943632126e-02
1.511064916849136353e-02
1.478660013526678085e-02
1.419382914900779724e-02
1.402706000953912735e-02
1.406009588390588760e-02
1.497343927621841431e-02
1.433844771236181259e-02
1.431125402450561523e-02
1.388078834861516953e-02
1.363100484013557434e-02
1.341762393712997437e-02
1.346112415194511414e-02
1.465194113552570343e-02
1.465873140841722488e-02
1.339939329773187637e-02
1.609706319868564606e-02
1.342056598514318466e-02
1.341985817998647690e-02
1.532318722456693649e-02
1.408368349075317383e-02
1.518163830041885376e-02
1.424713619053363800e-02
1.237693522125482559e-02
1.392277143895626068e-02
1.539419032633304596e-02
1.366537343710660934e-02
1.536066178232431412e-02
1.550851110368967056e-02
1.504271104931831360e-02
1.483516022562980652e-02
1.291631255298852921e-02
1.294879987835884094e-02
1.486494578421115875e-02
1.366862561553716660e-02
1.858722232282161713e-02
2.039929106831550598e-02
1.959770917892456055e-02
2.016192115843296051e-02
2.018284238874912262e-02
2.033366635441780090e-02
2.064714208245277405e-02
2.104496769607067108e-02
1.984656415879726410e-02
1.958485320210456848e-02
1.884136907756328583e-02
1.877144351601600647e-02
1.889989897608757019e-02
1.833570189774036407e-02
1.767869666218757629e-02
1.835646852850914001e-02
1.781234703958034515e-02
1.818509772419929504e-02
1.726593077182769775e-02
1.728922687470912933e-02
1.732893101871013641e-02
1.705419458448886871e-02
1.692818291485309601e-02
1.682183332741260529e-02
1.702737994492053986e-02
1.826854422688484192e-02
1.688398048281669617e-02
1.819441653788089752e-02
1.857269182801246643e-02
1.925796270370483398e-02
1.779678836464881897e-02
1.906779222190380096e-02
1.932355947792530060e-02
1.804725825786590576e-02
1.887412741780281067e-02
1.768685132265090942e-02
1.661552488803863525e-02
1.897167414426803589e-02
1.708136685192584991e-02
2.002846635878086090e-02
1.991313509643077850e-02
1.992250233888626099e-02
1.915437355637550354e-02
1.976894214749336243e-02
1.989980973303318024e-02
1.942378096282482147e-02
1.864092051982879639e-02
1.891679130494594574e-02
1.862458325922489166e-02
1.759962365031242371e-02
1.884661987423896790e-02
1.838504523038864136e-02
1.756948046386241913e-02
1.617125794291496277e-02
1.584518514573574066e-02
1.609088666737079620e-02
1.609095744788646698e-02
1.517453510314226151e-02
1.565932482481002808e-02
1.514119375497102737e-02
1.808056607842445374e-02
1.557781361043453217e-02
1.526014879345893860e-02
1.511166803538799286e-02
1.457127928733825684e-02
1.444338634610176086e-02
1.549451332539319992e-02
1.882998459041118622e-02
1.526784617453813553e-02
1.771973818540573120e-02
1.692803949117660522e-02
1.668242178857326508e-02
1.862785592675209045e-02
1.747518591582775116e-02
1.569093391299247742e-02
1.713587343692779541e-02
1.732517406344413757e-02
1.683432981371879578e-02
1.673640869557857513e-02
1.690580882132053375e-02
1.484891027212142944e-02
1.814523711800575256e-02
1.608215644955635071e-02
1.653694920241832733e-02
1.727992482483386993e-02
1.812506467103958130e-02
1.730744913220405579e-02
1.702096313238143921e-02
1.804621517658233643e-02
1.705904677510261536e-02
1.723447814583778381e-02
1.713040284812450409e-02
1.606388203799724579e-02
1.600325852632522583e-02
1.558738481253385544e-02
1.438644435256719589e-02
1.471806503832340240e-02
1.450162380933761597e-02
1.390143670141696930e-02
1.363295037299394608e-02
1.499638427048921585e-02
1.357538625597953796e-02
1.543864887207746506e-02
1.390262693166732788e-02
1.365235820412635803e-02
1.354761049151420593e-02
1.535950973629951477e-02
1.728466711938381195e-02
1.377623062580823898e-02
1.340057048946619034e-02
1.368780806660652161e-02
1.578617282211780548e-02
1.304103806614875793e-02
1.621697098016738892e-02
1.610516384243965149e-02
1.313611119985580444e-02
1.744325086474418640e-02
1.510459650307893753e-02
1.542582176625728607e-02
1.539075840264558792e-02
1.228303276002407074e-02
1.467669848352670670e-02
1.228931453078985214e-02
1.659464277327060699e-02
1.340931281447410583e-02
1.485911943018436432e-02
1.425431948155164719e-02
1.484078541398048401e-02
1.467562839388847351e-02
1.415385399013757706e-02
1.575788669288158417e-02
1.520645711570978165e-02
1.418695133179426193e-02
1.403560861945152283e-02
1.303858403116464615e-02
1.534735225141048431e-02
1.328051369637250900e-02
1.566114462912082672e-02
1.627030409872531891e-02
1.436350028961896896e-02
1.556319557130336761e-02
1.448938157409429550e-02
1.652995310723781586e-02
1.669678092002868652e-02
1.645397953689098358e-02
1.551971584558486938e-02
1.431662589311599731e-02
1.420832891017198563e-02
1.269588805735111237e-02
1.318285707384347916e-02
1.264751236885786057e-02
1.302566286176443100e-02
1.468754746019840240e-02
1.399212796241044998e-02
1.225921604782342911e-02
1.344322320073843002e-02
1.261282525956630707e-02
1.293163094669580460e-02
1.256072893738746643e-02
1.240258198231458664e-02
1.245648413896560669e-02
1.163290534168481827e-02
1.304093375802040100e-02
1.670199632644653320e-02
1.500844396650791168e-02
1.329861953854560852e-02
1.394789014011621475e-02
1.475290581583976746e-02
1.412984263151884079e-02
1.345782913267612457e-02
1.357811596244573593e-02
1.258586160838603973e-02
1.349181029945611954e-02
1.182920020073652267e-02
1.683963648974895477e-02
1.705968193709850311e-02
1.493081450462341309e-02
1.589641347527503967e-02
1.551040634512901306e-02
1.597456634044647217e-02
1.527290698140859604e-02
1.669763028621673584e-02
1.584493741393089294e-02
1.589942164719104767e-02
1.466460619121789932e-02
1.606325991451740265e-02
1.575809903442859650e-02
1.461509149521589279e-02
1.277675945311784744e-02
1.410089712589979172e-02
1.339146029204130173e-02
1.334226410835981369e-02
1.319667603820562363e-02
1.258813403546810150e-02
1.189277041703462601e-02
1.253430172801017761e-02
1.190893072634935379e-02
1.197119150310754776e-02
1.125475391745567322e-02
1.204470545053482056e-02
1.176423113793134689e-02
1.179152261465787888e-02
1.215383503586053848e-02
1.201254967600107193e-02
1.129756309092044830e-02
1.125305797904729843e-02
1.258066575974225998e-02
1.127244811505079269e-02
1.076246891170740128e-02
1.162437070161104202e-02
1.333777979016304016e-02
1.168743893504142761e-02
1.168030872941017151e-02
1.193045172840356827e-02
1.135858148336410522e-02
1.167859695851802826e-02
1.515001524239778519e-02
1.167070027440786362e-02
1.156596466898918152e-02
1.039759535342454910e-02
1.103087700903415680e-02
1.179149188101291656e-02
1.163708698004484177e-02
1.268646027892827988e-02
1.368718035519123077e-02
1.073695998638868332e-02
1.187830790877342224e-02
1.347954198718070984e-02
1.196945179253816605e-02
1.413812395185232162e-02
1.221543643623590469e-02
1.377687789499759674e-02
1.475438475608825684e-02
1.307292375713586807e-02
1.471886411309242249e-02
1.496716868132352829e-02
1.379366498440504074e-02
1.450144033879041672e-02
1.317156571894884109e-02
1.445753313601016998e-02
1.495886407792568207e-02
1.433099061250686646e-02
1.362889632582664490e-02
1.297882199287414551e-02
1.245585456490516663e-02
1.250321511179208755e-02
1.191255170851945877e-02
1.342286914587020874e-02
1.472877524793148041e-02
1.134395226836204529e-02
1.272215880453586578e-02
1.222176291048526764e-02
1.165436115115880966e-02
1.234860997647047043e-02
1.241590641438961029e-02
1.165002677589654922e-02
1.296191103756427765e-02
1.174034550786018372e-02
1.140964310616254807e-02
1.117961388081312180e-02
1.070325169712305069e-02
1.074729301035404205e-02
1.066402997821569443e-02
1.115535851567983627e-02
1.176748983561992645e-02
1.270613819360733032e-02
1.276161056011915207e-02
1.090070232748985291e-02
1.118940208107233047e-02
1.097980141639709473e-02
1.139095518738031387e-02
1.202255766838788986e-02
1.165629271417856216e-02
1.248281728476285934e-02
1.205301750451326370e-02
1.049478445202112198e-02
1.009024959057569504e-02
1.063796970993280411e-02
1.120847370475530624e-02
1.170747168362140656e-02
1.143037807196378708e-02
1.115641556680202484e-02
1.061690133064985275e-02
1.041447743773460388e-02
1.056553795933723450e-02
1.151919923722743988e-02
1.064531411975622177e-02
1.055921521037817001e-02
1.048571616411209106e-02
1.097466330975294113e-02
1.121774315834045410e-02
1.111422386020421982e-02
1.099495869129896164e-02
1.115586981177330017e-02
1.001006830483675003e-02
1.012393087148666382e-02
1.020989194512367249e-02
9.974543005228042603e-03
1.140378974378108978e-02
1.415457110852003098e-02
1.049639936536550522e-02
1.343294978141784668e-02
1.208330504596233368e-02
1.265400089323520660e-02
1.366791408509016037e-02
1.162138208746910095e-02
1.275116112083196640e-02
1.027846708893775940e-02
1.327221374958753586e-02
1.112794037908315659e-02
1.301144715398550034e-02
1.479229610413312912e-02
1.174981612712144852e-02
1.508714631199836731e-02
1.543475035578012466e-02
1.453729160130023956e-02
1.486407779157161713e-02
1.525215245783329010e-02
1.511128805577754974e-02
1.505352277308702469e-02
1.450523827224969864e-02
1.439302787184715271e-02
1.433572545647621155e-02
1.510434132069349289e-02
1.285281497985124588e-02
1.381684746593236923e-02
1.265361811965703964e-02
1.256451942026615143e-02
1.117626950144767761e-02
1.230389159172773361e-02
1.272629946470260620e-02
1.236498728394508362e-02
1.107559353113174438e-02
1.188323739916086197e-02
1.168367173522710800e-02
1.088434364646673203e-02
1.085803005844354630e-02
1.108993869274854660e-02
1.134353317320346832e-02
1.148036681115627289e-02
1.138180028647184372e-02
1.113737560808658600e-02
1.119601726531982422e-02
1.102139241993427277e-02
1.076496578752994537e-02
1.016168389469385147e-02
9.949523955583572388e-03
1.019177678972482681e-02
1.069911196827888489e-02
1.209746208041906357e-02
1.113692391663789749e-02
1.031678915023803711e-02
1.001904997974634171e-02
1.021476276218891144e-02
1.049737073481082916e-02
1.071169506758451462e-02
1.064123027026653290e-02
1.090142037719488144e-02
1.133214216679334641e-02
1.085450779646635056e-02
1.026384253054857254e-02
1.004422456026077271e-02
1.027178391814231873e-02
1.073407661169767380e-02
1.021048706024885178e-02
1.003786176443099976e-02
9.795423597097396851e-03
9.771525859832763672e-03
1.055024936795234680e-02
1.190149784088134766e-02
1.057777088135480881e-02
1.099182106554508209e-02
1.074266154319047928e-02
1.083513721823692322e-02
1.000999566167593002e-02
1.035760995000600815e-02
1.110105961561203003e-02
1.163615100085735321e-02
1.172148343175649643e-02
1.100505981594324112e-02
1.011592708528041840e-02
1.023094542324542999e-02
1.097915787249803543e-02
1.075447071343660355e-02
1.005581300705671310e-02
1.019008178263902664e-02
1.139764674007892609e-02
1.262482721358537674e-02
1.024290639907121658e-02
9.949461556971073151e-03
1.036201231181621552e-02
1.139718387275934219e-02
1.062568742781877518e-02
1.008227467536926270e-02
1.003771740943193436e-02
9.972867555916309357e-03
1.007906813174486160e-02
1.152267213910818100e-02
1.291051413863897324e-02
1.029645651578903198e-02
1.023395732045173645e-02
1.108606439083814621e-02
1.124480646103620529e-02
9.708342142403125763e-03
1.039816066622734070e-02
1.077104080468416214e-02
1.261357404291629791e-02
1.040455419570207596e-02
9.714436717331409454e-03
9.745573624968528748e-03
9.785789065062999725e-03
1.001595146954059601e-02
1.077907439321279526e-02
1.053824927657842636e-02
1.095042750239372253e-02
1.103786379098892212e-02
1.069223042577505112e-02
1.022910699248313904e-02
1.059414632618427277e-02
1.077400799840688705e-02
1.038926467299461365e-02
1.012379210442304611e-02
1.016775518655776978e-02
1.090217567980289459e-02
9.981096722185611725e-03
1.055912114679813385e-02
1.057592779397964478e-02
1.122742984443902969e-02
1.260274648666381836e-02
9.942417033016681671e-03
1.079085096716880798e-02
1.218695752322673798e-02
1.053481362760066986e-02
1.171184331178665161e-02
1.138171926140785217e-02
1.057784631848335266e-02
1.240678224712610245e-02
1.141804922372102737e-02
1.060029398649930954e-02
1.130525674670934677e-02
1.211999263614416122e-02
1.132636889815330505e-02
1.109954155981540680e-02
1.064354740083217621e-02
1.101221330463886261e-02
1.089782360941171646e-02
1.046288944780826569e-02
1.038736570626497269e-02
1.009091269224882126e-02
1.044972147792577744e-02
1.006762310862541199e-02
1.155739091336727142e-02
1.189182884991168976e-02
1.132772769778966904e-02
9.980503469705581665e-03
1.074060797691345215e-02
1.072545163333415985e-02
1.014274451881647110e-02
1.033748872578144073e-02
1.004977710545063019e-02
1.038646325469017029e-02
1.011593267321586609e-02
1.090568024665117264e-02
1.152269728481769562e-02
1.125582773238420486e-02
1.024886500090360641e-02
1.072753313928842545e-02
1.110181678086519241e-02
1.032593287527561188e-02
1.005595456808805466e-02
1.024761795997619629e-02
9.970718063414096832e-03
1.027760189026594162e-02
1.104975678026676178e-02
1.181140635162591934e-02
1.025662757456302643e-02
1.107336208224296570e-02
1.056628301739692688e-02
1.106028351932764053e-02
1.032129302620887756e-02
1.118853967636823654e-02
1.125867106020450592e-02
1.129969023168087006e-02
1.312870252877473831e-02
1.048098783940076828e-02
1.017345767468214035e-02
1.125875581055879593e-02
1.015849132090806961e-02
1.012179348617792130e-02
1.132005173712968826e-02
1.075043063610792160e-02
9.818626567721366882e-03
1.115198060870170593e-02
1.177126727998256683e-02
1.038738712668418884e-02
9.831303730607032776e-03
9.898789227008819580e-03
1.020548306405544281e-02
9.931993670761585236e-03
1.022664643824100494e-02
1.015010476112365723e-02
1.019606459885835648e-02
1.106464397162199020e-02
1.104112155735492706e-02
9.999427013099193573e-03
9.781233966350555420e-03
9.800703264772891998e-03
1.008107978850603104e-02
1.060192566365003586e-02
1.029339060187339783e-02
1.022190414369106293e-02
1.079555973410606384e-02
1.009279862046241760e-02
9.802940301597118378e-03
9.677985683083534241e-03
9.477578103542327881e-03
9.452904574573040009e-03
9.718514978885650635e-03
1.015344727784395218e-02
1.064565684646368027e-02
1.155397389084100723e-02
1.034706830978393555e-02
9.748184122145175934e-03
9.913596324622631073e-03
1.044882740825414658e-02
1.043827086687088013e-02
9.987667202949523926e-03
9.643072262406349182e-03
9.658534079790115356e-03
9.966902434825897217e-03
1.027908921241760254e-02
1.048324815928936005e-02
1.042815297842025757e-02
9.902443736791610718e-03
9.652428328990936279e-03
9.702515788376331329e-03
9.862068109214305878e-03
1.008482929319143295e-02
1.111915707588195801e-02
1.048735529184341431e-02
1.019235141575336456e-02
1.001206599175930023e-02
9.683141484856605530e-03
9.547158144414424896e-03
9.796560741961002350e-03
9.987833909690380096e-03
1.001596543937921524e-02
9.930724278092384338e-03
9.495962411165237427e-03
9.433346800506114960e-03
9.644705802202224731e-03
9.845813736319541931e-03
1.003642100840806961e-02
9.864489547908306122e-03
9.832272306084632874e-03
9.891952387988567352e-03
9.860273450613021851e-03
1.014789380133152008e-02
1.095271948724985123e-02
1.113389153033494949e-02
9.880597703158855438e-03
9.788524359464645386e-03
9.929437190294265747e-03
1.017641182988882065e-02
1.014830358326435089e-02
1.019657775759696960e-02
1.022573187947273254e-02
1.088772621005773544e-02
1.145439594984054565e-02
1.030112151056528091e-02
9.857145138084888458e-03
1.000325288623571396e-02
9.702723473310470581e-03
9.848836809396743774e-03
1.025032624602317810e-02
9.558224119246006012e-03
9.724654257297515869e-03
1.007138099521398544e-02
1.061112526804208755e-02
1.149227283895015717e-02
1.057735923677682877e-02
9.821643121540546417e-03
1.013201195746660233e-02
1.060989964753389359e-02
9.700674563646316528e-03
9.831932373344898224e-03
1.011606212705373764e-02
1.032492984086275101e-02
1.149417832493782043e-02
1.134800538420677185e-02
1.009036041796207428e-02
9.967529214918613434e-03
1.018052361905574799e-02
1.009091455489397049e-02
1.008732710033655167e-02
9.833988733589649200e-03
9.971669875085353851e-03
1.085638627409934998e-02
1.180043723434209824e-02
1.069784164428710938e-02
1.012432109564542770e-02
9.966940619051456451e-03
1.079761143773794174e-02
1.030850876122713089e-02
9.503668174147605896e-03
1.026628538966178894e-02
9.689606726169586182e-03
1.020449772477149963e-02
1.093962695449590683e-02
1.161517389118671417e-02
9.717797860503196716e-03
1.132706366479396820e-02
1.054709870368242264e-02
1.112172380089759827e-02
1.105816569179296494e-02
1.096000336110591888e-02
1.212413888424634933e-02
1.078187115490436554e-02
1.079232338815927505e-02
1.109773013740777969e-02
1.195929292589426041e-02
1.188035029917955399e-02
1.081316545605659485e-02
1.072809472680091858e-02
1.080645527690649033e-02
1.035521831363439560e-02
1.105862110853195190e-02
1.057767961174249649e-02
1.050434727221727371e-02
1.031971722841262817e-02
1.052091270685195923e-02
1.024929806590080261e-02
9.876245632767677307e-03
9.924064390361309052e-03
9.623356163501739502e-03
9.979877620935440063e-03
1.009604707360267639e-02
1.029838528484106064e-02
1.014831196516752243e-02
9.630668908357620239e-03
9.679420851171016693e-03
1.016679406166076660e-02
1.026121526956558228e-02
1.045906171202659607e-02
1.001429557800292969e-02
9.704590775072574615e-03
9.535843506455421448e-03
9.540520608425140381e-03
9.542193263769149780e-03
9.707091376185417175e-03
9.750718250870704651e-03
9.693196043372154236e-03
9.628967382013797760e-03
9.583387523889541626e-03
9.643764235079288483e-03
9.727999567985534668e-03
9.890107437968254089e-03
9.888869710266590118e-03
9.609517641365528107e-03
9.487695991992950439e-03
9.566999971866607666e-03
9.686306118965148926e-03
9.743551723659038544e-03
1.002326514571905136e-02
1.005918066948652267e-02
9.818401187658309937e-03
9.700618684291839600e-03
9.699383750557899475e-03
9.936964139342308044e-03
1.041365787386894226e-02
1.010934822261333466e-02
9.737982414662837982e-03
9.681724011898040771e-03
9.932462126016616821e-03
1.002102158963680267e-02
9.808878414332866669e-03
9.633642621338367462e-03
9.636339731514453888e-03
9.921611286699771881e-03
1.060802862048149109e-02
1.057142298668622971e-02
1.001364737749099731e-02
9.563338011503219604e-03
9.673607535660266876e-03
1.015767082571983337e-02
1.019849814474582672e-02
9.858258999884128571e-03
9.735670872032642365e-03
9.908234700560569763e-03
9.844699874520301819e-03
9.818891063332557678e-03
9.810912422835826874e-03
9.633949957787990570e-03
9.839621372520923615e-03
1.002813596278429031e-02
9.786742739379405975e-03
1.022169366478919983e-02
1.075399853289127350e-02
9.710798040032386780e-03
1.002494245767593384e-02
1.019169948995113373e-02
1.005478762090206146e-02
1.013288181275129318e-02
9.927167557179927826e-03
9.775297716259956360e-03
1.014219038188457489e-02
1.103427167981863022e-02
1.082011125981807709e-02
9.836615063250064850e-03
1.010563690215349197e-02
1.031913794577121735e-02
1.003540959209203720e-02
1.040207035839557648e-02
1.053543295711278915e-02
1.025191228836774826e-02
1.091328356415033340e-02
1.074457634240388870e-02
9.915993548929691315e-03
1.026558503508567810e-02
1.004137191921472549e-02
9.654606692492961884e-03
9.828160516917705536e-03
1.032339408993721008e-02
1.071281358599662781e-02
1.013149414211511612e-02
9.775131940841674805e-03
9.632308036088943481e-03
9.748521260917186737e-03
9.648522362112998962e-03
9.450861252844333649e-03
9.582584723830223083e-03
9.546936489641666412e-03
9.521055035293102264e-03
9.579503908753395081e-03
9.852504357695579529e-03
1.022917963564395905e-02
9.961479343473911285e-03
9.747936390340328217e-03
9.765392169356346130e-03
9.958455339074134827e-03
1.024652831256389618e-02
1.020807400345802307e-02
9.828732348978519440e-03
9.911896660923957825e-03
9.748706594109535217e-03
9.438546374440193176e-03
9.539275430142879486e-03
9.603124111890792847e-03
9.437349624931812286e-03
9.563721716403961182e-03
9.788769297301769257e-03
9.938549250364303589e-03
1.005177292972803116e-02
9.681578725576400757e-03
9.750337339937686920e-03
9.730760008096694946e-03
9.411216713488101959e-03
9.431590326130390167e-03
9.526131674647331238e-03
9.566660970449447632e-03
1.006605941802263260e-02
1.096982974559068680e-02
1.063651684671640396e-02
9.556422010064125061e-03
9.683035314083099365e-03
1.030653435736894608e-02
9.899204596877098083e-03
9.555783122777938843e-03
9.607348591089248657e-03
9.458338841795921326e-03
9.396055713295936584e-03
9.638469666242599487e-03
9.800370782613754272e-03
9.823388420045375824e-03
9.812388569116592407e-03
9.877991862595081329e-03
9.870463050901889801e-03
9.893877431750297546e-03
9.915094822645187378e-03
9.796100668609142303e-03
9.819295257329940796e-03
1.008126232773065567e-02
9.960811585187911987e-03
9.803283028304576874e-03
9.934134781360626221e-03
1.000539306551218033e-02
1.014483533799648285e-02
1.014664489775896072e-02
9.586916305124759674e-03
9.295047260820865631e-03
9.553487412631511688e-03
9.709802456200122833e-03
9.792646393179893494e-03
1.010534446686506271e-02
9.970414452254772186e-03
9.807302616536617279e-03
9.920783340930938721e-03
9.618526324629783630e-03
9.634044952690601349e-03
9.871516376733779907e-03
9.994414635002613068e-03
1.030433643609285355e-02
1.069921627640724182e-02
1.037038303911685944e-02
9.774603880941867828e-03
9.732004255056381226e-03
1.001638546586036682e-02
1.016068458557128906e-02
9.427210316061973572e-03
9.879202581942081451e-03
1.002221927046775818e-02
1.006773486733436584e-02
1.050010789185762405e-02
9.804330766201019287e-03
1.036316901445388794e-02
1.008227188140153885e-02
9.756897576153278351e-03
9.943291544914245605e-03
9.504242800176143646e-03
9.479120373725891113e-03
9.844198822975158691e-03
9.722550399601459503e-03
1.008784212172031403e-02
1.096853334456682205e-02
1.020770706236362457e-02
9.473077952861785889e-03
9.758694097399711609e-03
1.003191992640495300e-02
9.930908679962158203e-03
1.008847076445817947e-02
9.615344926714897156e-03
9.457712993025779724e-03
1.001409534364938736e-02
9.955053217709064484e-03
9.784527122974395752e-03
9.739931672811508179e-03
9.516399353742599487e-03
9.439591318368911743e-03
9.440624155104160309e-03
9.598837234079837799e-03
1.001177076250314713e-02
1.026045065373182297e-02
9.703806601464748383e-03
9.418455883860588074e-03
9.557446464896202087e-03
9.653870947659015656e-03
9.823108091950416565e-03
1.000952348113059998e-02
9.975231252610683441e-03
1.003280002623796463e-02
1.010252721607685089e-02
9.655593894422054291e-03
9.516933932900428772e-03
9.517715312540531158e-03
9.326633065938949585e-03
9.434205479919910431e-03
9.625537320971488953e-03
9.709412232041358948e-03
1.028782501816749573e-02
1.030297856777906418e-02
9.985254146158695221e-03
9.985848329961299896e-03
1.013114210218191147e-02
1.016979292035102844e-02
9.655592031776905060e-03
9.616157971322536469e-03
1.020837202668190002e-02
1.033925171941518784e-02
9.713682346045970917e-03
1.009690668433904648e-02
1.023423578590154648e-02
9.744469076395034790e-03
9.573749266564846039e-03
9.634581394493579865e-03
9.762067347764968872e-03
1.017615571618080139e-02
1.047247741371393204e-02
9.754543192684650421e-03
9.836935438215732574e-03
1.003288943320512772e-02
9.814948774874210358e-03
9.736268781125545502e-03
9.677696041762828827e-03
1.016009785234928131e-02
1.026684325188398361e-02
9.519238956272602081e-03
9.722420945763587952e-03
1.010342966765165329e-02
9.970039129257202148e-03
9.849953465163707733e-03
1.018080487847328186e-02
1.012298744171857834e-02
9.526124224066734314e-03
9.392101317644119263e-03
9.709805250167846680e-03
9.778898209333419800e-03
9.932520799338817596e-03
9.902655147016048431e-03
9.565871208906173706e-03
9.511529467999935150e-03
9.744575247168540955e-03
9.714246727526187897e-03
9.573891758918762207e-03
9.804200381040573120e-03
9.978147223591804504e-03
9.719104506075382233e-03
9.642883203923702240e-03
9.876962751150131226e-03
9.650685824453830719e-03
9.355390444397926331e-03
9.453138336539268494e-03
9.521651081740856171e-03
9.411579929292201996e-03
9.568817913532257080e-03
9.938878938555717468e-03
9.992232546210289001e-03
9.697537869215011597e-03
9.497731924057006836e-03
9.441408328711986542e-03
9.380844421684741974e-03
9.611354209482669830e-03
9.860410355031490326e-03
9.859357960522174835e-03
9.982253424823284149e-03
9.710913524031639099e-03
9.676415473222732544e-03
9.827146306633949280e-03
9.720215573906898499e-03
9.608138352632522583e-03
9.681124240159988403e-03
9.489648044109344482e-03
9.763776324689388275e-03
1.018978748470544815e-02
1.027535460889339447e-02
1.011739857494831085e-02
9.536958299577236176e-03
9.734788909554481506e-03
1.013079751282930374e-02
9.742946363985538483e-03
9.636472910642623901e-03
9.840862825512886047e-03
1.045627798885107040e-02
1.055550295859575272e-02
9.702176786959171295e-03
1.028210762888193130e-02
1.046203728765249252e-02
1.033668499439954758e-02
1.045645121484994888e-02
1.037796214222908020e-02
9.883677586913108826e-03
9.861540049314498901e-03
1.015517581254243851e-02
9.878197684884071350e-03
1.005744002759456635e-02
1.027203444391489029e-02
9.780260734260082245e-03
9.991743601858615875e-03
9.825638495385646820e-03
9.582946076989173889e-03
9.636641480028629303e-03
9.719979017972946167e-03
9.505987167358398438e-03
9.489540010690689087e-03
9.397688321769237518e-03
9.454843588173389435e-03
9.848223067820072174e-03
1.014053914695978165e-02
9.872722439467906952e-03
9.410812519490718842e-03
9.586512111127376556e-03
9.914359077811241150e-03
9.924408048391342163e-03
9.559273719787597656e-03
9.374741464853286743e-03
9.436455555260181427e-03
9.621711447834968567e-03
9.781244210898876190e-03
9.700445458292961121e-03
9.476176463067531586e-03
9.288812987506389618e-03
9.389633312821388245e-03
9.543688036501407623e-03
9.597422555088996887e-03
9.700112044811248779e-03
9.791349992156028748e-03
9.717949666082859039e-03
9.653008542954921722e-03
9.555105119943618774e-03
9.396511130034923553e-03
9.440578520298004150e-03
9.906223043799400330e-03
1.009263843297958374e-02
9.865856729447841644e-03
9.565036743879318237e-03
9.684896096587181091e-03
9.604331105947494507e-03
9.433942846953868866e-03
9.514076635241508484e-03
9.598401375114917755e-03
9.635296650230884552e-03
9.660232812166213989e-03
9.604765102267265320e-03
9.582031518220901489e-03
9.532794356346130371e-03
9.411678649485111237e-03
9.429542347788810730e-03
9.599525481462478638e-03
9.874644689261913300e-03
1.040397677570581436e-02
9.762000292539596558e-03
9.621847420930862427e-03
9.862879291176795959e-03
9.524899534881114960e-03
9.280025027692317963e-03
9.788285940885543823e-03
1.029757503420114517e-02
1.026647910475730896e-02
9.973591193556785583e-03
9.811582043766975403e-03
9.708941914141178131e-03
9.830565191805362701e-03
9.980911388993263245e-03
9.635483846068382263e-03
9.908750653266906738e-03
1.009396836161613464e-02
9.853419847786426544e-03
1.005410403013229370e-02
1.007092744112014771e-02
9.663592092692852020e-03
9.680074639618396759e-03
9.606324136257171631e-03
9.886283427476882935e-03
1.003817096352577209e-02
9.792665950953960419e-03
9.569647721946239471e-03
9.835553355515003204e-03
9.892049245536327362e-03
9.592014364898204803e-03
9.560910984873771667e-03
9.597703814506530762e-03
9.485528804361820221e-03
9.451122023165225983e-03
9.638670831918716431e-03
9.623808786273002625e-03
9.630922228097915649e-03
9.895224124193191528e-03
9.777442552149295807e-03
9.409702382981777191e-03
9.331434033811092377e-03
9.738508611917495728e-03
9.934877976775169373e-03
9.654977358877658844e-03
9.503696113824844360e-03
9.563883766531944275e-03
9.699883870780467987e-03
9.628341533243656158e-03
9.455651976168155670e-03
9.409638121724128723e-03
9.385565295815467834e-03
9.372859261929988861e-03
9.464993141591548920e-03
9.739588946104049683e-03
9.976539760828018188e-03
9.840450249612331390e-03
9.569504298269748688e-03
9.536407887935638428e-03
9.781418368220329285e-03
9.907259605824947357e-03
9.624588303267955780e-03
9.723120369017124176e-03
9.569940157234668732e-03
9.350543841719627380e-03
9.811458177864551544e-03
9.887645021080970764e-03
9.677862748503684998e-03
9.789735078811645508e-03
9.465536102652549744e-03
9.433028288185596466e-03
9.819178842008113861e-03
9.765099734067916870e-03
9.598502889275550842e-03
9.575422853231430054e-03
9.672880172729492188e-03
9.710257872939109802e-03
9.683528915047645569e-03
9.827448986470699310e-03
9.711856022477149963e-03
9.890011511743068695e-03
9.875398129224777222e-03
1.006660331040620804e-02
1.015311479568481445e-02
9.708501398563385010e-03
9.587086737155914307e-03
9.694832377135753632e-03
9.739204309880733490e-03
1.008245907723903656e-02
1.018195785582065582e-02
9.500754997134208679e-03
9.661579504609107971e-03
9.929898194968700409e-03
9.840536862611770630e-03
9.958696551620960236e-03
1.028998475521802902e-02
1.010505296289920807e-02
9.524104185402393341e-03
9.722523391246795654e-03
9.889663197100162506e-03
9.834432974457740784e-03
9.714740328490734100e-03
9.481501765549182892e-03
9.836371988058090210e-03
1.011934969574213028e-02
1.039854809641838074e-02
1.044024247676134109e-02
1.006728969514369965e-02
9.939182549715042114e-03
9.772482328116893768e-03
9.626180864870548248e-03
9.686990641057491302e-03
1.006744429469108582e-02
1.026578899472951889e-02
1.008546072989702225e-02
9.634947404265403748e-03
1.009821426123380661e-02
1.013903506100177765e-02
9.841421619057655334e-03
1.000553369522094727e-02
1.016611978411674500e-02
9.766315110027790070e-03
9.584237821400165558e-03
9.656195528805255890e-03
9.685949422419071198e-03
9.831895120441913605e-03
9.967686608433723450e-03
9.476450271904468536e-03
1.001378614455461502e-02
9.909209795296192169e-03
9.533989243209362030e-03
9.793866425752639771e-03
9.631937369704246521e-03
9.325073100626468658e-03
9.381587617099285126e-03
9.444855153560638428e-03
9.323529899120330811e-03
9.551086463034152985e-03
9.849010035395622253e-03
9.763946756720542908e-03
9.331000037491321564e-03
9.297689422965049744e-03
9.508936665952205658e-03
9.692257270216941833e-03
9.949368424713611603e-03
9.561797603964805603e-03
9.476316161453723907e-03
9.599795565009117126e-03
9.653669781982898712e-03
9.615622460842132568e-03
9.527457877993583679e-03
9.473811835050582886e-03
9.782081469893455505e-03
9.979583323001861572e-03
9.914086200296878815e-03
9.799155406653881073e-03
9.332038462162017822e-03
9.438884444534778595e-03
9.725046344101428986e-03
9.622707031667232513e-03
9.778091683983802795e-03
9.787020273506641388e-03
9.617352858185768127e-03
9.914467111229896545e-03
9.816516190767288208e-03
9.518670849502086639e-03
9.352599270641803741e-03
9.294881485402584076e-03
9.468358010053634644e-03
9.881121106445789337e-03
9.850701317191123962e-03
9.348821826279163361e-03
9.339319542050361633e-03
9.584538638591766357e-03
9.717761538922786713e-03
9.521067142486572266e-03
9.444493800401687622e-03
9.477152489125728607e-03
9.673625230789184570e-03
9.860950522124767303e-03
9.817250072956085205e-03
9.847667068243026733e-03
9.778846055269241333e-03
9.465995244681835175e-03
9.416900575160980225e-03
9.711616672575473785e-03
9.701165370643138885e-03
9.418352507054805756e-03
9.505638852715492249e-03
9.892394766211509705e-03
9.801087900996208191e-03
9.557923302054405212e-03
9.729471057653427124e-03
9.943100623786449432e-03
9.607919491827487946e-03
9.440633468329906464e-03
9.805375710129737854e-03
9.836304001510143280e-03
9.502070024609565735e-03
9.581394493579864502e-03
9.768417105078697205e-03
9.378128685057163239e-03
9.371242485940456390e-03
9.731553494930267334e-03
9.846128523349761963e-03
9.888677857816219330e-03
1.025766879320144653e-02
1.005828659981489182e-02
9.320345707237720490e-03
9.434572421014308929e-03
9.658059105277061462e-03
9.596746414899826050e-03
1.019060332328081131e-02
1.023989636451005936e-02
9.751795791089534760e-03
1.002206094563007355e-02
9.732220321893692017e-03
9.188324213027954102e-03
9.557033888995647430e-03
1.019579637795686722e-02
1.052727177739143372e-02
9.961022995412349701e-03
9.805842302739620209e-03
9.888590313494205475e-03
9.618967771530151367e-03
9.858909994363784790e-03
9.823500178754329681e-03
9.714819490909576416e-03
1.009636558592319489e-02
1.001532096415758133e-02
9.445782750844955444e-03
9.489190764725208282e-03
9.543800726532936096e-03
9.604832157492637634e-03
9.366966784000396729e-03
9.442629292607307434e-03
9.553801268339157104e-03
9.520680643618106842e-03
9.444165043532848358e-03
9.601152502000331879e-03
9.711950086057186127e-03
9.250928647816181183e-03
9.352896362543106079e-03
9.518430568277835846e-03
9.431797079741954803e-03
9.549089707434177399e-03
9.846933186054229736e-03
9.872364811599254608e-03
9.423699229955673218e-03
9.451326914131641388e-03
9.560132399201393127e-03
9.282161481678485870e-03
9.335745126008987427e-03
9.641105309128761292e-03
9.718782268464565277e-03
9.506825357675552368e-03
9.360292926430702209e-03
9.316064417362213135e-03
9.241515770554542542e-03
9.190370328724384308e-03
9.227096103131771088e-03
9.267083369195461273e-03
9.174590930342674255e-03
9.120301343500614166e-03
9.138917550444602966e-03
9.176836349070072174e-03
9.177816100418567657e-03
9.133553132414817810e-03
9.135023690760135651e-03
9.171980433166027069e-03
9.218903258442878723e-03
9.307078085839748383e-03
9.432855062186717987e-03
9.528400376439094543e-03
9.578791446983814240e-03
9.714155457913875580e-03
9.596525691449642181e-03
9.397550486028194427e-03
9.529647417366504669e-03
9.784216061234474182e-03
9.732241742312908173e-03
9.550089016556739807e-03
9.942769072949886322e-03
1.025130040943622589e-02
9.630245156586170197e-03
1.004538405686616898e-02
9.850526228547096252e-03
9.854890406131744385e-03
1.005175430327653885e-02
1.038758736103773117e-02
1.024526450783014297e-02
1.034338213503360748e-02
1.058976538479328156e-02
9.740113280713558197e-03
1.042253896594047546e-02
1.041338779032230377e-02
1.017065439373254776e-02
1.055550202727317810e-02
9.799229912459850311e-03
9.427163749933242798e-03
9.755120612680912018e-03
9.527680464088916779e-03
9.546404704451560974e-03
9.503262117505073547e-03
9.718087501823902130e-03
9.844674728810787201e-03
1.019178051501512527e-02
9.953138418495655060e-03
9.485635906457901001e-03
9.580243378877639771e-03
9.393763728439807892e-03
9.513761848211288452e-03
9.485665708780288696e-03
9.481839835643768311e-03
9.462323971092700958e-03
9.741360321640968323e-03
9.614663198590278625e-03
9.531491436064243317e-03
9.345028549432754517e-03
9.277505800127983093e-03
9.303508326411247253e-03
9.529449045658111572e-03
9.785598143935203552e-03
9.892570786178112030e-03
9.781589731574058533e-03
9.475732222199440002e-03
9.453753940761089325e-03
9.454204700887203217e-03
9.636285714805126190e-03
1.003999263048171997e-02
9.669093415141105652e-03
9.457708336412906647e-03
9.545403532683849335e-03
9.740913286805152893e-03
9.698636829853057861e-03
9.555375203490257263e-03
9.555458091199398041e-03
9.386726655066013336e-03
9.334895759820938110e-03
9.366481564939022064e-03
9.307988919317722321e-03
9.213056415319442749e-03
9.210821241140365601e-03
9.226494468748569489e-03
9.409345686435699463e-03
9.882479906082153320e-03
9.818866848945617676e-03
9.776598773896694183e-03
1.004180777817964554e-02
9.973315522074699402e-03
9.816571138799190521e-03
9.769538417458534241e-03
1.018970459699630737e-02
9.794553741812705994e-03
1.003449037671089172e-02
1.099250279366970062e-02
1.019114628434181213e-02
9.548699483275413513e-03
9.918173775076866150e-03
1.032583322376012802e-02
1.024567708373069763e-02
9.522910229861736298e-03
9.721320122480392456e-03
9.894155897200107574e-03
9.404682554304599762e-03
9.409592486917972565e-03
9.463119320571422577e-03
9.278015233576297760e-03
9.438307955861091614e-03
9.731752797961235046e-03
9.400792419910430908e-03
9.436925873160362244e-03
9.456969797611236572e-03
9.515228681266307831e-03
9.362352080643177032e-03
9.227997623383998871e-03
9.372070431709289551e-03
9.308873675763607025e-03
9.254027158021926880e-03
9.444646537303924561e-03
9.476484730839729309e-03
9.548885747790336609e-03
9.650035761296749115e-03
9.575243107974529266e-03
9.605407714843750000e-03
9.802338667213916779e-03
9.362204931676387787e-03
9.326851926743984222e-03
9.569215588271617889e-03
9.447549469769001007e-03
9.434332139790058136e-03
9.552691131830215454e-03
9.746422991156578064e-03
9.750241413712501526e-03
9.456920437514781952e-03
9.589487686753273010e-03
9.575096890330314636e-03
9.399502538144588470e-03
9.509678930044174194e-03
9.763953275978565216e-03
9.497390128672122955e-03
9.377087466418743134e-03
9.891349822282791138e-03
9.861731901764869690e-03
9.615034796297550201e-03
9.823936037719249725e-03
9.765802882611751556e-03
9.578821249306201935e-03
9.848919697105884552e-03
1.026271563023328781e-02
9.808241389691829681e-03
9.525414556264877319e-03
9.712599217891693115e-03
9.630036540329456329e-03
9.339599870145320892e-03
9.466861374676227570e-03
9.568117558956146240e-03
9.293927811086177826e-03
9.197013452649116516e-03
9.377475827932357788e-03
9.315161965787410736e-03
9.298906661570072174e-03
9.562741965055465698e-03
9.829415939748287201e-03
9.732563979923725128e-03
9.709037840366363525e-03
9.719378314912319183e-03
9.414120577275753021e-03
9.186863899230957031e-03
9.338927455246448517e-03
9.417475201189517975e-03
9.407953359186649323e-03
9.438184089958667755e-03
9.434117004275321960e-03
9.518601000308990479e-03
9.834171272814273834e-03
9.752457030117511749e-03
9.515372104942798615e-03
9.689511731266975403e-03
1.016893610358238220e-02
1.014378760010004044e-02
9.826147928833961487e-03
9.518271312117576599e-03
9.283482097089290619e-03
9.322405792772769928e-03
9.372263215482234955e-03
9.446099400520324707e-03
9.411933831870555878e-03
9.336995892226696014e-03
9.196460247039794922e-03
9.124867618083953857e-03
9.317646734416484833e-03
9.383550845086574554e-03
9.324804879724979401e-03
9.398288093507289886e-03
9.471815079450607300e-03
9.515170007944107056e-03
9.408624842762947083e-03
9.247696027159690857e-03
9.105131030082702637e-03
9.072068147361278534e-03
9.221574291586875916e-03
9.447096846997737885e-03
9.804991073906421661e-03
9.620219469070434570e-03
9.360438212752342224e-03
9.435322135686874390e-03
9.473659098148345947e-03
9.454878978431224823e-03
9.534826502203941345e-03
9.880173020064830780e-03
1.005059201270341873e-02
9.938025847077369690e-03
9.990677237510681152e-03
9.918973781168460846e-03
9.664936922490596771e-03
9.787167422473430634e-03
1.012481469660997391e-02
9.596192277967929840e-03
9.547761641442775726e-03
1.000868808478116989e-02
9.696727618575096130e-03
9.767533279955387115e-03
9.990517050027847290e-03
1.023322902619838715e-02
1.039821282029151917e-02
1.017695944756269455e-02
9.990803897380828857e-03
9.878095239400863647e-03
9.936570189893245697e-03
9.763535112142562866e-03
1.014117244631052017e-02
1.054167747497558594e-02
9.758926928043365479e-03
9.876538068056106567e-03
9.840534068644046783e-03
9.591891430318355560e-03
9.804070927202701569e-03
1.058466453105211258e-02
1.005431637167930603e-02
9.743771515786647797e-03
9.912476874887943268e-03
1.012282446026802063e-02
9.991447441279888153e-03
9.886034764349460602e-03
1.001167856156826019e-02
1.044783368706703186e-02
1.025101076811552048e-02
9.408050216734409332e-03
9.855961427092552185e-03
1.004207134246826172e-02
1.019861828535795212e-02
1.006092503666877747e-02
1.027555111795663834e-02
1.066303718835115433e-02
9.758788160979747772e-03
9.511571377515792847e-03
1.021208427846431732e-02
9.865938685834407806e-03
9.786248207092285156e-03
9.779701940715312958e-03
1.013011671602725983e-02
1.035041175782680511e-02
9.652854874730110168e-03
9.468444623053073883e-03
9.890035726130008698e-03
9.596167132258415222e-03
9.341861121356487274e-03
9.481175802648067474e-03
1.018539071083068848e-02
1.056737825274467468e-02
9.712007828056812286e-03
9.951020590960979462e-03
1.021145004779100418e-02
9.571615606546401978e-03
9.433942846953868866e-03
1.008972432464361191e-02
1.054635085165500641e-02
9.553144685924053192e-03
9.608636610209941864e-03
1.041050814092159271e-02
1.013563387095928192e-02
9.441094473004341125e-03
1.004580967128276825e-02
1.062331162393093109e-02
9.776759892702102661e-03
9.463829919695854187e-03
1.032426580786705017e-02
1.022665016353130341e-02
9.437098167836666107e-03
9.627828374505043030e-03
1.056754868477582932e-02
1.010831817984580994e-02
9.558825753629207611e-03
9.989517740905284882e-03
1.039545610547065735e-02
9.740618057548999786e-03
9.367420338094234467e-03
1.009711623191833496e-02
1.039053685963153839e-02
9.590893052518367767e-03
9.519399143755435944e-03
1.031390577554702759e-02
1.016186736524105072e-02
9.501675143837928772e-03
9.694848209619522095e-03
1.028966065496206284e-02
9.774868376553058624e-03
9.319193661212921143e-03
9.821456857025623322e-03
1.010545343160629272e-02
9.710517711937427521e-03
9.430120699107646942e-03
9.993358515202999115e-03
1.008141878992319107e-02
9.418509900569915771e-03
9.391998872160911560e-03
9.981835260987281799e-03
9.847942739725112915e-03
9.474557824432849884e-03
9.565898217260837555e-03
1.026137918233871460e-02
1.008345372974872589e-02
9.479935280978679657e-03
9.851399809122085571e-03
1.015791855752468109e-02
9.658280760049819946e-03
9.503297507762908936e-03
1.010840851813554764e-02
1.046839356422424316e-02
9.682209230959415436e-03
9.493514895439147949e-03
9.989921003580093384e-03
9.710177779197692871e-03
9.334114380180835724e-03
9.583683684468269348e-03
1.018238626420497894e-02
9.903961792588233948e-03
9.429259225726127625e-03
9.647576138377189636e-03
9.838407859206199646e-03
9.429021738469600677e-03
9.240347892045974731e-03
9.537001140415668488e-03
9.861296042799949646e-03
9.578815661370754242e-03
9.283980354666709900e-03
9.665433317422866821e-03
9.785715490579605103e-03
9.474814869463443756e-03
9.405782446265220642e-03
9.850924834609031677e-03
1.015972532331943512e-02
9.614604525268077850e-03
9.444052353501319885e-03
1.001038029789924622e-02
9.745994582772254944e-03
9.494251571595668793e-03
9.912546724081039429e-03
1.074529811739921570e-02
1.042997837066650391e-02
9.418454021215438843e-03
1.008560135960578918e-02
9.981637820601463318e-03
9.527019225060939789e-03
9.593550115823745728e-03
1.000043377280235291e-02
9.998402558267116547e-03
9.897307492792606354e-03
9.733282960951328278e-03
9.665106423199176788e-03
9.404632262885570526e-03
9.469304233789443970e-03
9.601585566997528076e-03
9.465022943913936615e-03
9.478422813117504120e-03
9.643957018852233887e-03
9.598621167242527008e-03
9.393873624503612518e-03
9.361771866679191589e-03
9.305806830525398254e-03
9.308338165283203125e-03
9.301926940679550171e-03
9.364586323499679565e-03
9.268092922866344452e-03
9.227789938449859619e-03
9.243652224540710449e-03
9.188293479382991791e-03
9.170153178274631500e-03
9.321750141680240631e-03
9.649931453168392181e-03
1.002732198685407639e-02
1.001753285527229309e-02
9.851613081991672516e-03
9.536844678223133087e-03
9.332362562417984009e-03
9.550767950713634491e-03
1.005104277282953262e-02
1.015416719019412994e-02
9.802700020372867584e-03
9.851980023086071014e-03
9.803016670048236847e-03
9.274564683437347412e-03
9.311044588685035706e-03
9.702504612505435944e-03
9.874131530523300171e-03
9.787041693925857544e-03
9.627879597246646881e-03
9.474441409111022949e-03
9.410033933818340302e-03
9.565829299390316010e-03
9.425872936844825745e-03
9.182149544358253479e-03
9.310116991400718689e-03
9.406272321939468384e-03
9.370523504912853241e-03
9.277423843741416931e-03
9.281642735004425049e-03
9.357751347124576569e-03
9.642723947763442993e-03
9.953112341463565826e-03
9.736104868352413177e-03
9.748613461852073669e-03
9.874076582491397858e-03
9.597589261829853058e-03
9.166567586362361908e-03
9.403274394571781158e-03
9.850575588643550873e-03
1.000904105603694916e-02
9.571987204253673553e-03
9.632288478314876556e-03
1.032920740544795990e-02
1.005750894546508789e-02
9.708652272820472717e-03
1.035880204290151596e-02
1.077019330114126205e-02
9.879472665488719940e-03
9.907766245305538177e-03
1.022745110094547272e-02
9.775921702384948730e-03
9.713130071759223938e-03
9.949496015906333923e-03
9.643602184951305389e-03
9.938899427652359009e-03
9.751322679221630096e-03
1.000945456326007843e-02
9.811616502702236176e-03
9.327429346740245819e-03
9.316716343164443970e-03
9.413008578121662140e-03
9.686439298093318939e-03
9.846464730799198151e-03
9.707552380859851837e-03
9.469678625464439392e-03
9.364522062242031097e-03
9.225931949913501740e-03
9.312458336353302002e-03
9.602813981473445892e-03
9.774770587682723999e-03
9.505303576588630676e-03
9.270693175494670868e-03
9.334335103631019592e-03
9.485230781137943268e-03
9.480662643909454346e-03
9.470569901168346405e-03
9.579812176525592804e-03
9.412954561412334442e-03
9.179734624922275543e-03
9.304479695856571198e-03
9.185355156660079956e-03
9.128920733928680420e-03
9.216923266649246216e-03
9.266925975680351257e-03
9.427082724869251251e-03
9.716195054352283478e-03
9.871192276477813721e-03
9.576019831001758575e-03
9.160079061985015869e-03
9.215223602950572968e-03
9.480317123234272003e-03
9.777134284377098083e-03
9.835711680352687836e-03
9.490755386650562286e-03
9.193883277475833893e-03
9.153658524155616760e-03
9.369367733597755432e-03
9.554272517561912537e-03
9.710188023746013641e-03
9.677264839410781860e-03
9.432323276996612549e-03
9.270932525396347046e-03
9.182572364807128906e-03
9.314456023275852203e-03
9.518894366919994354e-03
9.644252248108386993e-03
9.744036942720413208e-03
9.453310631215572357e-03
9.371091611683368683e-03
9.477988816797733307e-03
9.592386893928050995e-03
9.670563973486423492e-03
9.612665511667728424e-03
9.459320455789566040e-03
9.281171485781669617e-03
9.431027807295322418e-03
9.414457716047763824e-03
9.389393962919712067e-03
9.367519989609718323e-03
9.268213063478469849e-03
9.177390486001968384e-03
9.526027366518974304e-03
9.887781925499439240e-03
1.001475006341934204e-02
1.014136057347059250e-02
9.848826564848423004e-03
9.550505317747592926e-03
9.594066999852657318e-03
1.026741974055767059e-02
9.917041286826133728e-03
9.831858798861503601e-03
9.886313229799270630e-03
9.642357006669044495e-03
9.631943888962268829e-03
9.943049401044845581e-03
1.002295035868883133e-02
9.933304041624069214e-03
1.052374485880136490e-02
1.015341002494096756e-02
9.647171013057231903e-03
1.022090110927820206e-02
1.059575565159320831e-02
1.008196827024221420e-02
1.013878267258405685e-02
9.923067875206470490e-03
9.408765472471714020e-03
9.674980305135250092e-03
9.663961827754974365e-03
9.884445928037166595e-03
1.042486820369958878e-02
9.655387140810489655e-03
9.510505944490432739e-03
9.535086341202259064e-03
9.720528498291969299e-03
9.689554572105407715e-03
9.602167643606662750e-03
9.988948702812194824e-03
1.011693477630615234e-02
9.420122019946575165e-03
9.488112293183803558e-03
9.738435968756675720e-03
9.488550014793872833e-03
9.237919002771377563e-03
9.494191035628318787e-03
9.844160638749599457e-03
9.824212640523910522e-03
9.294599294662475586e-03
9.561944752931594849e-03
9.633467532694339752e-03
9.403835982084274292e-03
9.311830624938011169e-03
9.686777368187904358e-03
1.019005104899406433e-02
9.644825011491775513e-03
9.531978517770767212e-03
9.786808863282203674e-03
9.759804233908653259e-03
9.209272451698780060e-03
9.389060549437999725e-03
9.890523739159107208e-03
1.017896737903356552e-02
9.719831869006156921e-03
1.009757909923791885e-02
1.046954747289419174e-02
9.784959256649017334e-03
9.593311697244644165e-03
1.043629180639982224e-02
1.014143973588943481e-02
9.261078201234340668e-03
9.551255032420158386e-03
1.001653447747230530e-02
9.884006343781948090e-03
9.622540324926376343e-03
1.027652900665998459e-02
1.080101728439331055e-02
9.448987431824207306e-03
9.909975342452526093e-03
1.028422079980373383e-02
9.902177378535270691e-03
9.793689474463462830e-03
9.700447320938110352e-03
9.905468672513961792e-03
1.003312505781650543e-02
9.840522892773151398e-03
9.390828199684619904e-03
9.809476323425769806e-03
1.007653400301933289e-02
1.002878230065107346e-02
9.736843407154083252e-03
1.003220770508050919e-02
9.839002043008804321e-03
1.021037064492702484e-02
9.889640845358371735e-03
1.004607602953910828e-02
9.784627705812454224e-03
1.027458533644676208e-02
1.005669124424457550e-02
9.708046913146972656e-03
9.871930815279483795e-03
9.580730460584163666e-03
9.947151876986026764e-03
1.010087877511978149e-02
9.901998564600944519e-03
9.393170475959777832e-03
9.383346885442733765e-03
9.396858513355255127e-03
9.246479719877243042e-03
9.370836429297924042e-03
9.472412057220935822e-03
9.493204765021800995e-03
9.577066637575626373e-03
9.599297307431697845e-03
9.340512566268444061e-03
9.396103210747241974e-03
9.415044449269771576e-03
9.280676022171974182e-03
9.461438283324241638e-03
9.514203295111656189e-03
9.336523711681365967e-03
9.362498298287391663e-03
9.504456073045730591e-03
9.613529779016971588e-03
9.758358821272850037e-03
9.635817259550094604e-03
9.625390172004699707e-03
9.677036665380001068e-03
9.556565433740615845e-03
9.315546602010726929e-03
9.387008845806121826e-03
9.773943573236465454e-03
9.917526505887508392e-03
9.955111891031265259e-03
9.753830730915069580e-03
9.266981855034828186e-03
9.278472512960433960e-03
9.404436685144901276e-03
9.521985426545143127e-03
9.649156592786312103e-03
9.552547708153724670e-03
9.338277392089366913e-03
9.261962026357650757e-03
9.151633828878402710e-03
9.249651804566383362e-03
9.455650113523006439e-03
9.553845971822738647e-03
9.576771408319473267e-03
9.234290570020675659e-03
9.152563288807868958e-03
9.311325848102569580e-03
9.447093121707439423e-03
9.495911188423633575e-03
9.393904358148574829e-03
9.237363934516906738e-03
9.113779291510581970e-03
9.088988415896892548e-03
9.132635779678821564e-03
9.345451369881629944e-03
9.698775596916675568e-03
9.891266003251075745e-03
9.606230072677135468e-03
9.356885217130184174e-03
9.371605701744556427e-03
9.387427940964698792e-03
9.470444172620773315e-03
9.659000672399997711e-03
9.815258905291557312e-03
9.516418911516666412e-03
9.289798326790332794e-03
9.228317998349666595e-03
9.264328517019748688e-03
9.510246105492115021e-03
9.726803749799728394e-03
9.695954620838165283e-03
9.544092230498790741e-03
9.477850981056690216e-03
9.245355613529682159e-03
9.149910882115364075e-03
9.512512013316154480e-03
1.022716611623764038e-02
1.042894739657640457e-02
9.604835882782936096e-03
9.398709982633590698e-03
9.461061097681522369e-03
9.455699473619461060e-03
9.601416066288948059e-03
9.812758304178714752e-03
1.003729831427335739e-02
9.626479819416999817e-03
9.529892355203628540e-03
9.543631225824356079e-03
9.377339854836463928e-03
9.515580721199512482e-03
9.511017240583896637e-03
1.009481400251388550e-02
1.013440452516078949e-02
1.019109599292278290e-02
9.882083162665367126e-03
9.223539382219314575e-03
9.298747405409812927e-03
9.811668656766414642e-03
1.003832835704088211e-02
9.810831397771835327e-03
9.542257525026798248e-03
9.896097704768180847e-03
9.681712836027145386e-03
9.580292738974094391e-03
9.763587266206741333e-03
9.923693723976612091e-03
1.037012133747339249e-02
9.482153691351413727e-03
9.743666276335716248e-03
9.699509479105472565e-03
9.534917771816253662e-03
9.752825833857059479e-03
1.005794201046228409e-02
1.027188636362552643e-02
1.015445683151483536e-02
9.701172821223735809e-03
9.242874570190906525e-03
9.517483413219451904e-03
9.708994999527931213e-03
9.442200884222984314e-03
9.610105305910110474e-03
9.798593819141387939e-03
9.717044420540332794e-03
9.906223975121974945e-03
9.548867121338844299e-03
9.386582300066947937e-03
9.614170528948307037e-03
9.515493176877498627e-03
9.645950049161911011e-03
9.757298044860363007e-03
9.972363710403442383e-03
9.707348421216011047e-03
9.452362544834613800e-03
9.576622396707534790e-03
9.580723010003566742e-03
9.953882545232772827e-03
9.696220979094505310e-03
9.806779213249683380e-03
9.832981042563915253e-03
9.699200280010700226e-03
9.729882702231407166e-03
9.774941019713878632e-03
9.984134696424007416e-03
9.875530377030372620e-03
9.621378034353256226e-03
1.020822487771511078e-02
9.946155361831188202e-03
9.515983983874320984e-03
1.009035669267177582e-02
1.040757820010185242e-02
9.435070678591728210e-03
9.467755444347858429e-03
9.668174199759960175e-03
9.581306949257850647e-03
9.655419737100601196e-03
9.848277084529399872e-03
1.004807464778423309e-02
9.615445509552955627e-03
9.373476728796958923e-03
9.825850836932659149e-03
9.853845462203025818e-03
9.490638040006160736e-03
9.629382751882076263e-03
1.049218699336051941e-02
1.020122505724430084e-02
9.409940801560878754e-03
1.032442972064018250e-02
1.010124664753675461e-02
9.829939343035221100e-03
9.705330245196819305e-03
9.935980662703514099e-03
1.020480599254369736e-02
9.895381517708301544e-03
9.468865580856800079e-03
