{
  "restart": 20,
  "seed": 78,
  "iters": 30000,
  "lr": 0.05,
  "best_iter": 29836,
  "best_cost": 0.002551788231357932,
  "best_alphaD_mean": 0.00022085898848381175,
  "n": 11
}