{
  "restart": 12,
  "seed": 70,
  "iters": 30000,
  "lr": 0.05,
  "best_iter": 29806,
  "best_cost": 0.0007481140783056617,
  "best_alphaD_mean": 0.0001176253094559674,
  "n": 12
}