grid_index,q_bohr_inv,theta_deg,theta_rad,qx_bohr_inv,qy_bohr_inv,qz_bohr_inv,state,excitation_energy_eV,amp_cos,amp_sin,strength
0,0.05,0.0,0.0,0.0,0.0,0.05,1,10.601089661427809,-2.8452395621121803e-16,-1.2216282875402636e-10,1.4923756729266526e-20
0,0.05,0.0,0.0,0.0,0.0,0.05,2,12.52937925367041,-2.319458251738222e-12,-1.0915235101096212e-14,5.3800057239138416e-24
0,0.05,0.0,0.0,0.0,0.0,0.05,3,12.742641025626208,-4.4996059098262255e-13,0.048832618625684505,0.002384624641841549
0,0.05,0.0,0.0,0.0,0.0,0.05,4,13.130725291782012,-6.201484089386926e-13,1.4199502703965997e-15,3.845860653679624e-25
0,0.05,0.0,0.0,0.0,0.0,0.05,5,13.130725291783854,-5.435642370737038e-12,2.850065026545191e-15,2.9546216105422416e-23
0,0.05,0.0,0.0,0.0,0.0,0.05,6,13.134244278463646,-0.0012084339879403151,-8.326884010733558e-12,1.4603127032093336e-06
0,0.05,0.0,0.0,0.0,0.0,0.05,7,13.987379164703443,-1.064636300885854e-12,6.715091101609849e-16,1.1334509040883997e-24
0,0.05,0.0,0.0,0.0,0.0,0.05,8,13.987379164704198,7.798609687661758e-12,-3.1731827671012666e-15,6.08183231295807e-23
0,0.05,0.0,0.0,0.0,0.0,0.05,9,14.627113026715655,7.530124758667863e-16,-1.5616285524440554e-10,2.4386837358652185e-20
0,0.05,0.0,0.0,0.0,0.0,0.05,10,15.474927381001192,6.950156503925946e-13,-0.031561935201602394,0.0009961557536701483
0,0.05,0.0,0.0,0.0,0.0,0.05,11,16.694032611807582,-9.394703403123614e-11,-2.4962779297778347e-14,8.82604582640659e-21
0,0.05,0.0,0.0,0.0,0.0,0.05,12,16.966418124622876,-0.0019840518153186183,-1.6899917684721033e-11,3.936461605869105e-06
0,0.05,0.0,0.0,0.0,0.0,0.05,13,17.036546647825844,-3.1562585873451345e-16,-2.03900494684715e-12,4.157541272886832e-24
0,0.05,0.0,0.0,0.0,0.0,0.05,14,17.03654664784861,-4.217368620788952e-17,-1.3311287898566595e-12,1.7719038569638746e-24
0,0.05,0.0,0.0,0.0,0.0,0.05,15,17.05320327059592,3.421273727774422e-17,-1.5921612203630459e-12,2.534977352798455e-24
0,0.05,0.0,0.0,0.0,0.0,0.05,16,17.053203270617626,4.030287116046111e-16,-1.0119012823362389e-12,1.023944367625867e-24
0,0.05,0.0,0.0,0.0,0.0,0.05,17,17.76622138238341,8.826146809404575e-11,3.207624476401547e-16,7.790086750219145e-21
0,0.05,0.0,0.0,0.0,0.0,0.05,18,18.825760908026602,-1.6411158389317207e-17,-7.17972689982152e-10,5.154847835602076e-19
0,0.05,0.0,0.0,0.0,0.0,0.05,19,18.923821923349376,0.0005026197339653253,6.884022485571811e-12,2.526265969713744e-07
0,0.05,0.0,0.0,0.0,0.0,0.05,20,20.3060660028183,-1.1460360489779083e-13,0.025208906014937513,0.0006354889424699527
0,0.05,0.0,0.0,0.0,0.0,0.05,21,23.757108846036733,-3.3085745070552368e-12,1.8651539773990726e-16,1.0946665303523797e-23
0,0.05,0.0,0.0,0.0,0.0,0.05,22,23.75710884604802,-2.1866268642165747e-11,-5.6689827769020095e-15,4.781337364687268e-22
0,0.05,0.0,0.0,0.0,0.0,0.05,23,23.84422923633635,2.252787528343268e-12,2.585277754210256e-14,5.075720013965613e-24
0,0.05,0.0,0.0,0.0,0.0,0.05,24,23.844229236379192,3.0333087993711216e-11,-1.6628992007567345e-13,9.201238795717462e-22
0,0.05,0.0,0.0,0.0,0.0,0.05,25,24.180005762923916,4.0200000431763865e-13,-5.716167849026709e-17,1.6160400673883897e-25
0,0.05,0.0,0.0,0.0,0.0,0.05,26,24.18000576292419,6.521779918805018e-13,3.26953428876611e-16,4.253362399918286e-25
0,0.05,0.0,0.0,0.0,0.0,0.05,27,25.328884414515628,1.9245307099094234e-15,1.4848138540687547e-10,2.204672181604891e-20
0,0.05,0.0,0.0,0.0,0.0,0.05,28,25.91832376952536,-1.4915043021762707e-12,0.011463919840154487,0.00013142145810148768
0,0.05,0.0,0.0,0.0,0.0,0.05,29,26.291932671007505,-0.0013284396336660047,-1.3903340396827718e-11,1.7647518602946689e-06
0,0.05,0.0,0.0,0.0,0.0,0.05,30,26.43209942982244,1.1601372864779223e-15,4.852495586047634e-12,2.3546714758530293e-23
0,0.05,0.0,0.0,0.0,0.0,0.05,31,26.432099429879074,4.166649499028433e-16,-6.075731201301219e-12,3.691450980407483e-23
0,0.05,0.0,0.0,0.0,0.0,0.05,32,26.518243522671032,-3.12057990523041e-17,-7.660750457338463e-12,5.868709757058528e-23
0,0.05,0.0,0.0,0.0,0.0,0.05,33,26.518243522730998,8.11769957609267e-17,9.52570498888805e-12,9.073905554191639e-23
0,0.05,0.0,0.0,0.0,0.0,0.05,34,26.54608589484942,-2.337673675062422e-12,-1.8149764953641661e-16,5.464718244021247e-24
0,0.05,0.0,0.0,0.0,0.0,0.05,35,26.546085894850595,3.936697837679505e-14,1.5208925549105105e-15,1.5520721006826315e-27
0,0.05,0.0,0.0,0.0,0.0,0.05,36,26.692547387677717,-3.788953034685294e-11,8.839074016450929e-15,1.4356165880343193e-21
0,0.05,0.0,0.0,0.0,0.0,0.05,37,28.28123647832734,-9.517166899012558e-15,1.415238562424196e-10,2.0029001976301514e-20
0,0.05,0.0,0.0,0.0,0.0,0.05,38,28.281236478348614,1.603197810558818e-15,3.276753285263788e-11,1.0737112118189461e-21
0,0.05,0.0,0.0,0.0,0.0,0.05,39,28.291774942128974,8.426858399553774e-15,-9.310992061167086e-11,8.669457387323593e-21
0,0.05,0.0,0.0,0.0,0.0,0.05,40,28.29177494215093,1.4650861482568766e-15,7.501941405271327e-12,5.627912699460176e-23
0,0.05,0.0,0.0,0.0,0.0,0.05,41,28.48692673989627,-1.3161098608361638e-12,-1.738214417412381e-16,1.73214519600408e-24
0,0.05,0.0,0.0,0.0,0.0,0.05,42,28.48692674002121,9.296386916876927e-15,-1.7100073045248521e-18,8.642281263240549e-29
0,0.05,0.0,0.0,0.0,0.0,0.05,43,28.53881613874187,-1.021661841128727e-12,-5.155373354064342e-16,1.0437931833972843e-24
0,0.05,0.0,0.0,0.0,0.0,0.05,44,28.538816138886954,7.086336198047088e-15,-1.4673350445800252e-15,5.236923284480512e-29
0,0.05,0.0,0.0,0.0,0.0,0.05,45,29.479812918090055,0.0003543243667641138,-6.5628926968592386e-15,1.2554575688279022e-07
0,0.05,0.0,0.0,0.0,0.0,0.05,46,29.577235615176054,-3.0649060904193436e-14,-5.066269717510526e-09,2.5667088851503546e-17
0,0.05,0.0,0.0,0.0,0.0,0.05,47,30.134609682809216,-1.8731115356843148e-13,0.009358730238307382,8.758583167340894e-05
0,0.05,0.0,0.0,0.0,0.0,0.05,48,30.42285909291524,-3.856506614364643e-14,-2.20069422667145e-09,4.843055080792315e-18
0,0.05,0.0,0.0,0.0,0.0,0.05,49,30.57781776649785,1.8199719880412742e-17,-1.3914233021402414e-11,1.9360588057421658e-22
0,0.05,0.0,0.0,0.0,0.0,0.05,50,30.57781776670913,-7.036004625483895e-18,1.2046452712646418e-11,1.4511702295807575e-22
0,0.05,0.0,0.0,0.0,0.0,0.05,51,31.301447737714017,-1.012721880122839e-16,-3.278136025483735e-12,1.0746175811830356e-23
0,0.05,0.0,0.0,0.0,0.0,0.05,52,31.30144773792052,-6.336064047781144e-16,-2.9854081755956226e-12,8.91266237637026e-24
0,0.05,0.0,0.0,0.0,0.0,0.05,53,31.79394974414423,8.706996489242497e-14,0.007337782982715822,5.3843059101433904e-05
0,0.05,0.0,0.0,0.0,0.0,0.05,54,32.54435131783464,7.254295989292777e-10,-4.812966397544211e-15,5.262481030258573e-19
0,0.05,0.0,0.0,0.0,0.0,0.05,55,33.239787173533706,-1.695795248970913e-05,-2.260943972787179e-12,2.875721526432371e-10
0,0.05,0.0,0.0,0.0,0.0,0.05,56,33.84801129744537,-1.7444533499604861e-09,2.3655206521040488e-12,3.0431230858763175e-18
0,0.05,0.0,0.0,0.0,0.0,0.05,57,33.87453766276373,-2.5237333743909678e-12,-5.3746756724148744e-15,6.369259032153404e-24
0,0.05,0.0,0.0,0.0,0.0,0.05,58,33.87453766290842,1.8610768578024092e-10,4.076297784042377e-13,3.463623686851313e-20
0,0.05,0.0,0.0,0.0,0.0,0.05,59,34.047525019046134,-0.00022480523633313274,-1.0050381263536898e-12,5.0537394282795665e-08
1,0.05,22.5,0.39269908169872414,0.01913417161825449,0.0,0.04619397662556434,1,10.601089661427809,-1.0931936521731448e-13,-1.1338201810895415e-10,1.2855493981182818e-20
1,0.05,22.5,0.39269908169872414,0.01913417161825449,0.0,0.04619397662556434,2,12.52937925367041,3.1539174905478036e-12,-3.0012549105648846e-13,1.0037270847565253e-23
1,0.05,22.5,0.39269908169872414,0.01913417161825449,0.0,0.04619397662556434,3,12.742641025626208,-4.34032172976974e-13,0.04511731569346723,0.0020355721753839845
1,0.05,22.5,0.39269908169872414,0.01913417161825449,0.0,0.04619397662556434,4,13.130725291782012,-5.411270348390455e-13,-1.5722848007337489e-10,2.4721087764651476e-20
1,0.05,22.5,0.39269908169872414,0.01913417161825449,0.0,0.04619397662556434,5,13.130725291783854,-4.763652441827332e-12,2.208534484227753e-10,4.8798938064818e-20
1,0.05,22.5,0.39269908169872414,0.01913417161825449,0.0,0.04619397662556434,6,13.134244278463646,-0.0012001844254932094,-6.1529001248505144e-12,1.440442655196465e-06
1,0.05,22.5,0.39269908169872414,0.01913417161825449,0.0,0.04619397662556434,7,13.987379164703443,-9.293043251568733e-13,-0.010095757734098664,0.00010192432422561299
1,0.05,22.5,0.39269908169872414,0.01913417161825449,0.0,0.04619397662556434,8,13.987379164704198,6.891136081057417e-12,-0.015496432979222381,0.00024013943507953105
1,0.05,22.5,0.39269908169872414,0.01913417161825449,0.0,0.04619397662556434,9,14.627113026715655,1.6121653317341072e-13,-1.4293926641664493e-10,2.0431659874499166e-20
1,0.05,22.5,0.39269908169872414,0.01913417161825449,0.0,0.04619397662556434,10,15.474927381001192,4.923400431186641e-13,-0.029161177156283125,0.0008503742531401287
1,0.05,22.5,0.39269908169872414,0.01913417161825449,0.0,0.04619397662556434,11,16.694032611807582,-9.567932055997821e-11,-1.7491303213613725e-12,9.157591839700175e-21
1,0.05,22.5,0.39269908169872414,0.01913417161825449,0.0,0.04619397662556434,12,16.966418124622876,-0.00164009661017383,-1.9029466893005277e-11,2.6899168907036886e-06
1,0.05,22.5,0.39269908169872414,0.01913417161825449,0.0,0.04619397662556434,13,17.036546647825844,4.6296733458912985e-12,-1.8862646521570075e-12,2.4991869627633328e-23
1,0.05,22.5,0.39269908169872414,0.01913417161825449,0.0,0.04619397662556434,14,17.03654664784861,4.3778525766786965e-11,-1.2284363615544276e-12,1.918068374207619e-21
1,0.05,22.5,0.39269908169872414,0.01913417161825449,0.0,0.04619397662556434,15,17.05320327059592,0.00028650767021652364,-1.4640342927535606e-12,8.208664509290027e-08
1,0.05,22.5,0.39269908169872414,0.01913417161825449,0.0,0.04619397662556434,16,17.053203270617626,0.0009364990530507363,-9.08117839630337e-13,8.770304763649258e-07
1,0.05,22.5,0.39269908169872414,0.01913417161825449,0.0,0.04619397662556434,17,17.76622138238341,6.087613337960237e-11,-4.667802180051414e-13,3.706121499023059e-21
1,0.05,22.5,0.39269908169872414,0.01913417161825449,0.0,0.04619397662556434,18,18.825760908026602,-3.346795307749567e-13,-6.630301951500906e-10,4.396091516911555e-19
1,0.05,22.5,0.39269908169872414,0.01913417161825449,0.0,0.04619397662556434,19,18.923821923349376,0.0006135197024512878,5.484397334166638e-12,3.764064252959167e-07
1,0.05,22.5,0.39269908169872414,0.01913417161825449,0.0,0.04619397662556434,20,20.3060660028183,-2.0395322098144137e-13,0.02328499157038588,0.0005421908324329414
1,0.05,22.5,0.39269908169872414,0.01913417161825449,0.0,0.04619397662556434,21,23.757108846036733,-4.184281203927672e-12,-1.8197509882564864e-13,1.7541324130135015e-23
1,0.05,22.5,0.39269908169872414,0.01913417161825449,0.0,0.04619397662556434,22,23.75710884604802,-1.0872604131798763e-11,-2.3576103703743035e-11,6.740461864564536e-22
1,0.05,22.5,0.39269908169872414,0.01913417161825449,0.0,0.04619397662556434,23,23.84422923633635,-3.342940745119643e-05,-2.4768292529341038e-12,1.1175252825381134e-09
1,0.05,22.5,0.39269908169872414,0.01913417161825449,0.0,0.04619397662556434,24,23.844229236379192,0.0002297289871985854,3.2976415953708696e-11,5.2775407559288895e-08
1,0.05,22.5,0.39269908169872414,0.01913417161825449,0.0,0.04619397662556434,25,24.180005762923916,4.021363048330052e-13,3.0978025181896703e-10,9.596396613063029e-20
1,0.05,22.5,0.39269908169872414,0.01913417161825449,0.0,0.04619397662556434,26,24.18000576292419,5.725716370459713e-13,1.405912376661157e-10,1.9766223946769783e-20
1,0.05,22.5,0.39269908169872414,0.01913417161825449,0.0,0.04619397662556434,27,25.328884414515628,-9.795409634006197e-14,1.3844385240107503e-10,1.9166709862655637e-20
1,0.05,22.5,0.39269908169872414,0.01913417161825449,0.0,0.04619397662556434,28,25.91832376952536,-1.2108196714311176e-12,0.010608653332109039,0.00011254352552086822
1,0.05,22.5,0.39269908169872414,0.01913417161825449,0.0,0.04619397662556434,29,26.291932671007505,-0.0010632627922540177,-1.1329124286481662e-11,1.1305277653918108e-06
1,0.05,22.5,0.39269908169872414,0.01913417161825449,0.0,0.04619397662556434,30,26.43209942982244,0.0007249640019526351,4.96701788652047e-12,5.255728041271803e-07
1,0.05,22.5,0.39269908169872414,0.01913417161825449,0.0,0.04619397662556434,31,26.432099429879074,-0.00013598001264999258,-5.638915813138459e-12,1.8490563840292176e-08
1,0.05,22.5,0.39269908169872414,0.01913417161825449,0.0,0.04619397662556434,32,26.518243522671032,1.464395108670993e-12,-7.06912131362855e-12,5.2116929181096964e-23
1,0.05,22.5,0.39269908169872414,0.01913417161825449,0.0,0.04619397662556434,33,26.518243522730998,2.8831562847100943e-11,8.793723021535817e-12,9.085885807858205e-22
1,0.05,22.5,0.39269908169872414,0.01913417161825449,0.0,0.04619397662556434,34,26.54608589484942,-2.0199276216636875e-12,0.009630923631887861,9.275469000325607e-05
1,0.05,22.5,0.39269908169872414,0.01913417161825449,0.0,0.04619397662556434,35,26.546085894850595,5.915309184951882e-14,0.0080603339610891,6.49689835642863e-05
1,0.05,22.5,0.39269908169872414,0.01913417161825449,0.0,0.04619397662556434,36,26.692547387677717,-2.1046454879391283e-11,1.6343947844964834e-12,4.456245093018424e-22
1,0.05,22.5,0.39269908169872414,0.01913417161825449,0.0,0.04619397662556434,37,28.28123647832734,1.0381302776036205e-13,1.3015898796328813e-10,1.6941372924772114e-20
1,0.05,22.5,0.39269908169872414,0.01913417161825449,0.0,0.04619397662556434,38,28.281236478348614,-1.1331721566496575e-13,3.029978331217971e-11,9.180897095564099e-22
1,0.05,22.5,0.39269908169872414,0.01913417161825449,0.0,0.04619397662556434,39,28.291774942128974,2.1561458336449982e-14,-1.3882958037438952e-05,1.927365238692908e-10
1,0.05,22.5,0.39269908169872414,0.01913417161825449,0.0,0.04619397662556434,40,28.29177494215093,1.602210899657606e-14,-1.154104029658019e-06,1.3319561112728779e-12
1,0.05,22.5,0.39269908169872414,0.01913417161825449,0.0,0.04619397662556434,41,28.48692673989627,-1.1797739419837262e-12,1.0954813031046372e-09,1.2000806773183882e-18
1,0.05,22.5,0.39269908169872414,0.01913417161825449,0.0,0.04619397662556434,42,28.48692674002121,-1.3983832529180028e-14,2.6017387730401894e-10,6.769044662695428e-20
1,0.05,22.5,0.39269908169872414,0.01913417161825449,0.0,0.04619397662556434,43,28.53881613874187,-8.46374476765189e-13,-0.0012631186847626725,1.5954688117965835e-06
1,0.05,22.5,0.39269908169872414,0.01913417161825449,0.0,0.04619397662556434,44,28.538816138886954,2.606049172302782e-14,-0.0010877517187625394,1.1832038016708586e-06
1,0.05,22.5,0.39269908169872414,0.01913417161825449,0.0,0.04619397662556434,45,29.479812918090055,0.0002624092874811094,-7.436084946869723e-12,6.885863415634357e-08
1,0.05,22.5,0.39269908169872414,0.01913417161825449,0.0,0.04619397662556434,46,29.577235615176054,-2.1424302289717689e-13,-4.680663064925525e-09,2.1908606773258085e-17
1,0.05,22.5,0.39269908169872414,0.01913417161825449,0.0,0.04619397662556434,47,30.134609682809216,-5.473934601768884e-15,0.008641128904580964,7.46691087455846e-05
1,0.05,22.5,0.39269908169872414,0.01913417161825449,0.0,0.04619397662556434,48,30.42285909291524,-1.9050751013425996e-13,-2.0283351451148472e-09,4.11414349720118e-18
1,0.05,22.5,0.39269908169872414,0.01913417161825449,0.0,0.04619397662556434,49,30.57781776649785,9.411916922478449e-12,-1.2852652085154445e-11,2.537748457776611e-22
1,0.05,22.5,0.39269908169872414,0.01913417161825449,0.0,0.04619397662556434,50,30.57781776670913,-1.4986395056445203e-10,1.1130522058243668e-11,2.2583092200073572e-20
1,0.05,22.5,0.39269908169872414,0.01913417161825449,0.0,0.04619397662556434,51,31.301447737714017,1.2760806563233674e-05,-3.0286534203659064e-12,1.6283818414427678e-10
1,0.05,22.5,0.39269908169872414,0.01913417161825449,0.0,0.04619397662556434,52,31.30144773792052,0.00010706738807990739,-2.7752576661592086e-12,1.1463425590253503e-08
1,0.05,22.5,0.39269908169872414,0.01913417161825449,0.0,0.04619397662556434,53,31.79394974414423,-1.390104375697691e-14,0.006775714133396062,4.591030201750315e-05
1,0.05,22.5,0.39269908169872414,0.01913417161825449,0.0,0.04619397662556434,54,32.54435131783464,6.216946178989329e-10,2.8634711047985527e-11,3.8732414460130177e-19
1,0.05,22.5,0.39269908169872414,0.01913417161825449,0.0,0.04619397662556434,55,33.239787173533706,-3.322218393530903e-06,-1.0364326423205634e-10,1.103713506505698e-11
1,0.05,22.5,0.39269908169872414,0.01913417161825449,0.0,0.04619397662556434,56,33.84801129744537,-1.600193437104229e-09,-1.3228991198518831e-10,2.5781196569644945e-18
1,0.05,22.5,0.39269908169872414,0.01913417161825449,0.0,0.04619397662556434,57,33.87453766276373,-2.15213734117346e-12,3.410229484664018e-09,1.162966976976695e-17
1,0.05,22.5,0.39269908169872414,0.01913417161825449,0.0,0.04619397662556434,58,33.87453766290842,1.5762207530914726e-10,-5.717907853025738e-10,3.5178942078169653e-19
1,0.05,22.5,0.39269908169872414,0.01913417161825449,0.0,0.04619397662556434,59,34.047525019046134,-0.00020239853975287364,2.01765655422292e-11,4.096516889409598e-08
2,0.05,45.0,0.7853981633974483,0.035355339059327376,0.0,0.03535533905932738,1,10.601089661427809,-1.5451795599171001e-13,-8.77367648126471e-11,7.697763775588475e-21
2,0.05,45.0,0.7853981633974483,0.035355339059327376,0.0,0.03535533905932738,2,12.52937925367041,1.6366504708153822e-11,-5.567056457204544e-13,2.6817239753799825e-22
2,0.05,45.0,0.7853981633974483,0.035355339059327376,0.0,0.03535533905932738,3,12.742641025626208,-3.695266173479887e-13,0.03453473323188843,0.001192647799397699
2,0.05,45.0,0.7853981633974483,0.035355339059327376,0.0,0.03535533905932738,4,13.130725291782012,-3.495737221449857e-13,-2.9068541419309157e-10,8.449813222639642e-20
2,0.05,45.0,0.7853981633974483,0.035355339059327376,0.0,0.03535533905932738,5,13.130725291783854,-3.141387006669833e-12,4.086537168606396e-10,1.6700772861634145e-19
2,0.05,45.0,0.7853981633974483,0.035355339059327376,0.0,0.03535533905932738,6,13.134244278463646,-0.0011802667417967426,-3.0519231645239546e-12,1.3930295817914988e-06
2,0.05,45.0,0.7853981633974483,0.035355339059327376,0.0,0.03535533905932738,7,13.987379164703443,-6.078609195387722e-13,-0.018656326975657507,0.000348058536222646
2,0.05,45.0,0.7853981633974483,0.035355339059327376,0.0,0.03535533905932738,8,13.987379164704198,4.690044676094989e-12,-0.028636436039394943,0.0008200454690383576
2,0.05,45.0,0.7853981633974483,0.035355339059327376,0.0,0.03535533905932738,9,14.627113026715655,2.27709105154274e-13,-1.0693178443476697e-10,1.1434458373840041e-20
2,0.05,45.0,0.7853981633974483,0.035355339059327376,0.0,0.03535533905932738,10,15.474927381001192,1.7027810981229705e-13,-0.02232223470109218,0.0004982821620506439
2,0.05,45.0,0.7853981633974483,0.035355339059327376,0.0,0.03535533905932738,11,16.694032611807582,-9.980750789822348e-11,-3.2166132072858555e-12,9.971885233379227e-21
2,0.05,45.0,0.7853981633974483,0.035355339059327376,0.0,0.03535533905932738,12,16.966418124622876,-0.0008096627343785374,-1.8254371371972134e-11,6.555537434413304e-07
2,0.05,45.0,0.7853981633974483,0.035355339059327376,0.0,0.03535533905932738,13,17.036546647825844,6.519436635475569e-12,-1.4460091117971805e-12,4.4593996395381474e-23
2,0.05,45.0,0.7853981633974483,0.035355339059327376,0.0,0.03535533905932738,14,17.03654664784861,6.180702503676275e-11,-9.33290339564618e-13,3.820979374752942e-21
2,0.05,45.0,0.7853981633974483,0.035355339059327376,0.0,0.03535533905932738,15,17.05320327059592,0.00040520072092080654,-1.1114993237665954e-12,1.6418762423474134e-07
2,0.05,45.0,0.7853981633974483,0.035355339059327376,0.0,0.03535533905932738,16,17.053203270617626,0.00132446747812125,-6.631987290944007e-13,1.754214100600864e-06
2,0.05,45.0,0.7853981633974483,0.035355339059327376,0.0,0.03535533905932738,17,17.76622138238341,-5.26358929711082e-12,-8.531650496021367e-13,2.84332628905222e-23
2,0.05,45.0,0.7853981633974483,0.035355339059327376,0.0,0.03535533905932738,18,18.825760908026602,-4.742345226036798e-13,-5.06926564231206e-10,2.569747664216374e-19
2,0.05,45.0,0.7853981633974483,0.035355339059327376,0.0,0.03535533905932738,19,18.923821923349376,0.0008812660831797065,3.2480542088406157e-12,7.766299093629014e-07
2,0.05,45.0,0.7853981633974483,0.035355339059327376,0.0,0.03535533905932738,20,20.3060660028183,-2.2118344209700487e-13,0.01781232024943093,0.0003172787526682872
2,0.05,45.0,0.7853981633974483,0.035355339059327376,0.0,0.03535533905932738,21,23.757108846036733,-6.320746910588667e-12,-3.382477250345989e-13,4.0066253031207255e-23
2,0.05,45.0,0.7853981633974483,0.035355339059327376,0.0,0.03535533905932738,22,23.75710884604802,1.5658345569893297e-11,-4.356018381819451e-11,2.142673400261092e-21
2,0.05,45.0,0.7853981633974483,0.035355339059327376,0.0,0.03535533905932738,23,23.84422923633635,-0.00011414982062819479,-4.6023938296138466e-12,1.3030181549449065e-08
2,0.05,45.0,0.7853981633974483,0.035355339059327376,0.0,0.03535533905932738,24,23.844229236379192,0.0007844446249255616,6.110601753527352e-11,6.153533695746087e-07
2,0.05,45.0,0.7853981633974483,0.035355339059327376,0.0,0.03535533905932738,25,24.180005762923916,4.0286459157719473e-13,5.727319726878835e-10,3.2802207483883373e-19
2,0.05,45.0,0.7853981633974483,0.035355339059327376,0.0,0.03535533905932738,26,24.18000576292419,3.8032438744826693e-13,2.5991450281941174e-10,6.755569342250169e-20
2,0.05,45.0,0.7853981633974483,0.035355339059327376,0.0,0.03535533905932738,27,25.328884414515628,-1.3897203406179332e-13,1.0829889592571515e-10,1.1728670171955133e-20
2,0.05,45.0,0.7853981633974483,0.035355339059327376,0.0,0.03535533905932738,28,25.91832376952536,-5.00539856590083e-13,0.008151614556925656,6.644881988468227e-05
2,0.05,45.0,0.7853981633974483,0.035355339059327376,0.0,0.03535533905932738,29,26.291932671007505,-0.00042291391944862945,-7.0483356973224945e-12,1.788561832634019e-07
2,0.05,45.0,0.7853981633974483,0.035355339059327376,0.0,0.03535533905932738,30,26.43209942982244,0.0010254483469221143,4.3204342478657985e-12,1.0515443122052969e-06
2,0.05,45.0,0.7853981633974483,0.035355339059327376,0.0,0.03535533905932738,31,26.432099429879074,-0.00019234124561904012,-4.3417665689650114e-12,3.699515476628394e-08
2,0.05,45.0,0.7853981633974483,0.035355339059327376,0.0,0.03535533905932738,32,26.518243522671032,1.8953812366990507e-12,-5.397985972908729e-12,3.273072259615022e-23
2,0.05,45.0,0.7853981633974483,0.035355339059327376,0.0,0.03535533905932738,33,26.518243522730998,4.078147895831685e-11,6.7232849536516325e-12,1.7083315865956385e-21
2,0.05,45.0,0.7853981633974483,0.035355339059327376,0.0,0.03535533905932738,34,26.54608589484942,-1.2102736840005962e-12,0.0178015096700237,0.0003168937465319473
2,0.05,45.0,0.7853981633974483,0.035355339059327376,0.0,0.03535533905932738,35,26.546085894850595,1.4144124233978101e-13,0.014898478945157802,0.00022196467487931035
2,0.05,45.0,0.7853981633974483,0.035355339059327376,0.0,0.03535533905932738,36,26.692547387677717,1.9483606345884362e-11,3.0227847045630224e-12,3.8874814361152555e-22
2,0.05,45.0,0.7853981633974483,0.035355339059327376,0.0,0.03535533905932738,37,28.28123647832734,1.525431082265679e-13,9.852598022147254e-11,9.707392048001866e-21
2,0.05,45.0,0.7853981633974483,0.035355339059327376,0.0,0.03535533905932738,38,28.281236478348614,-1.613360904659917e-13,2.3239349723873494e-11,5.400934049225859e-22
2,0.05,45.0,0.7853981633974483,0.035355339059327376,0.0,0.03535533905932738,39,28.291774942128974,2.515537644419438e-14,-3.627828862784382e-05,1.3161142257651423e-09
2,0.05,45.0,0.7853981633974483,0.035355339059327376,0.0,0.03535533905932738,40,28.29177494215093,2.182334670644788e-14,-3.015876027540725e-06,9.095508213494823e-12
2,0.05,45.0,0.7853981633974483,0.035355339059327376,0.0,0.03535533905932738,41,28.48692673989627,-8.49868556842714e-13,2.0240594160052123e-09,4.0968172417959245e-18
2,0.05,45.0,0.7853981633974483,0.035355339059327376,0.0,0.03535533905932738,42,28.48692674002121,-7.086690999432753e-14,4.797678801709089e-10,2.3017722386580653e-19
2,0.05,45.0,0.7853981633974483,0.035355339059327376,0.0,0.03535533905932738,43,28.53881613874187,-4.261727259093986e-13,-0.002302571977825623,5.301837713067802e-06
2,0.05,45.0,0.7853981633974483,0.035355339059327376,0.0,0.03535533905932738,44,28.538816138886954,6.832740925258984e-14,-0.001982890983283946,3.931856651588775e-06
2,0.05,45.0,0.7853981633974483,0.035355339059327376,0.0,0.03535533905932738,45,29.479812918090055,4.0427089140308834e-05,-1.3757645199603401e-11,1.6343495363586656e-09
2,0.05,45.0,0.7853981633974483,0.035355339059327376,0.0,0.03535533905932738,46,29.577235615176054,-2.8388269551173854e-13,-3.5825023058930186e-09,1.283432285231818e-17
2,0.05,45.0,0.7853981633974483,0.035355339059327376,0.0,0.03535533905932738,47,30.134609682809216,1.215699201049222e-13,0.006604005034004561,4.3612882489157585e-05
2,0.05,45.0,0.7853981633974483,0.035355339059327376,0.0,0.03535533905932738,48,30.42285909291524,-2.450604673997592e-13,-1.5434783017289884e-09,2.3823253279628348e-18
2,0.05,45.0,0.7853981633974483,0.035355339059327376,0.0,0.03535533905932738,49,30.57781776649785,1.3305648469755977e-11,-9.831463856620511e-12,2.7369796276475504e-22
2,0.05,45.0,0.7853981633974483,0.035355339059327376,0.0,0.03535533905932738,50,30.57781776670913,-2.1183255452086485e-10,8.512680889588817e-12,4.494549689076315e-20
2,0.05,45.0,0.7853981633974483,0.035355339059327376,0.0,0.03535533905932738,51,31.301447737714017,1.805334807239441e-05,-2.3183855118032635e-12,3.2592337662303226e-10
2,0.05,45.0,0.7853981633974483,0.035355339059327376,0.0,0.03535533905932738,52,31.30144773792052,0.0001514735620940825,-2.1426813365901565e-12,2.294424001346987e-08
2,0.05,45.0,0.7853981633974483,0.035355339059327376,0.0,0.03535533905932738,53,31.79394974414423,-1.0370092281584784e-13,0.005179414321670147,2.682633271552183e-05
2,0.05,45.0,0.7853981633974483,0.035355339059327376,0.0,0.03535533905932738,54,32.54435131783464,3.708815056707151e-10,5.288853084572417e-11,1.403502879435958e-19
2,0.05,45.0,0.7853981633974483,0.035355339059327376,0.0,0.03535533905932738,55,33.239787173533706,2.963237258129367e-05,-1.8932226957194045e-10,8.780775048324478e-10
2,0.05,45.0,0.7853981633974483,0.035355339059327376,0.0,0.03535533905932738,56,33.84801129744537,-1.2521079377063903e-09,-2.469482911716445e-10,1.6287577461799453e-18
2,0.05,45.0,0.7853981633974483,0.035355339059327376,0.0,0.03535533905932738,57,33.87453766276373,-1.2476236010475802e-12,6.298551327409839e-09,3.967175038058089e-17
2,0.05,45.0,0.7853981633974483,0.035355339059327376,0.0,0.03535533905932738,58,33.87453766290842,8.885062496856205e-11,-1.0619289546148172e-09,1.1355875382066226e-18
2,0.05,45.0,0.7853981633974483,0.035355339059327376,0.0,0.03535533905932738,59,34.047525019046134,-0.00014829170890507965,3.820757034053511e-11,2.199043092999034e-08
3,0.05,67.5,1.1780972450961724,0.04619397662556434,0.0,0.019134171618254495,1,10.601089661427809,-1.0929809873256533e-13,-4.800122441638418e-11,2.304129491546463e-21
3,0.05,67.5,1.1780972450961724,0.04619397662556434,0.0,0.019134171618254495,2,12.52937925367041,2.957723740449878e-11,-7.38515642907398e-13,8.753583778369006e-22
3,0.05,67.5,1.1780972450961724,0.04619397662556434,0.0,0.019134171618254495,3,12.742641025626208,-2.9417202632604565e-13,0.018691921916576138,0.0003493879449353794
3,0.05,67.5,1.1780972450961724,0.04619397662556434,0.0,0.019134171618254495,4,13.130725291782012,-1.575099911996073e-13,-3.800135168450369e-10,1.4441029779433046e-19
3,0.05,67.5,1.1780972450961724,0.04619397662556434,0.0,0.019134171618254495,5,13.130725291783854,-1.5188816759788714e-12,5.346791534411549e-10,2.858841041260957e-19
3,0.05,67.5,1.1780972450961724,0.04619397662556434,0.0,0.019134171618254495,6,13.134244278463646,-0.0011603469674086656,5.066162515789702e-13,1.3464050847744869e-06
3,0.05,67.5,1.1780972450961724,0.04619397662556434,0.0,0.019134171618254495,7,13.987379164703443,-2.8879865212150983e-13,-0.024378016741234663,0.0005942877002359175
3,0.05,67.5,1.1780972450961724,0.04619397662556434,0.0,0.019134171618254495,8,13.987379164704198,2.4837265761779165e-12,-0.03741891520773089,0.0014001752153233542
3,0.05,67.5,1.1780972450961724,0.04619397662556434,0.0,0.019134171618254495,9,14.627113026715655,1.6107416147514752e-13,-5.653537196200868e-11,3.196274227768172e-21
3,0.05,67.5,1.1780972450961724,0.04619397662556434,0.0,0.019134171618254495,10,15.474927381001192,-9.218921316551578e-14,-0.012082457769283291,0.00014598578574651416
3,0.05,67.5,1.1780972450961724,0.04619397662556434,0.0,0.019134171618254495,11,16.694032611807582,-1.0385936186498946e-10,-4.201761316525376e-12,1.0804421845163876e-20
3,0.05,67.5,1.1780972450961724,0.04619397662556434,0.0,0.019134171618254495,12,16.966418124622876,2.084546833370014e-05,-1.4693922022964445e-11,4.345335500515112e-10
3,0.05,67.5,1.1780972450961724,0.04619397662556434,0.0,0.019134171618254495,13,17.036546647825844,4.590129464631199e-12,-7.862511565094297e-13,2.168747938318791e-23
3,0.05,67.5,1.1780972450961724,0.04619397662556434,0.0,0.019134171618254495,14,17.03654664784861,4.3629807012418864e-11,-5.060850043821746e-13,1.903816181972575e-21
3,0.05,67.5,1.1780972450961724,0.04619397662556434,0.0,0.019134171618254495,15,17.05320327059592,0.000286532685259546,-5.926823217259919e-13,8.210097972204604e-08
3,0.05,67.5,1.1780972450961724,0.04619397662556434,0.0,0.019134171618254495,16,17.053203270617626,0.0009365808189548776,-3.2314571492901924e-13,8.771836304341892e-07
3,0.05,67.5,1.1780972450961724,0.04619397662556434,0.0,0.019134171618254495,17,17.76622138238341,-7.143957351925637e-11,-1.1022817784897107e-12,5.104827689732426e-21
3,0.05,67.5,1.1780972450961724,0.04619397662556434,0.0,0.019134171618254495,18,18.825760908026602,-3.364695595796787e-13,-2.740578103690816e-10,7.510779663606e-20
3,0.05,67.5,1.1780972450961724,0.04619397662556434,0.0,0.019134171618254495,19,18.923821923349376,0.0011490268523883015,5.155242305707035e-13,1.3202627075093675e-06
3,0.05,67.5,1.1780972450961724,0.04619397662556434,0.0,0.019134171618254495,20,20.3060660028183,-1.889054784662794e-13,0.009634956745167227,9.283239148124344e-05
3,0.05,67.5,1.1780972450961724,0.04619397662556434,0.0,0.019134171618254495,21,23.757108846036733,-8.48878372344166e-12,-4.444101114871969e-13,7.225694945056013e-23
3,0.05,67.5,1.1780972450961724,0.04619397662556434,0.0,0.019134171618254495,22,23.75710884604802,4.217501201575105e-11,-5.6914873796028146e-11,5.018034497746557e-21
3,0.05,67.5,1.1780972450961724,0.04619397662556434,0.0,0.019134171618254495,23,23.84422923633635,-0.00019489099455506986,-6.0272552111087436e-12,3.79824997586643e-08
3,0.05,67.5,1.1780972450961724,0.04619397662556434,0.0,0.019134171618254495,24,23.844229236379192,0.0013393029320502468,7.993837583819788e-11,1.7937323437983942e-06
3,0.05,67.5,1.1780972450961724,0.04619397662556434,0.0,0.019134171618254495,25,24.180005762923916,4.0387979822663884e-13,7.487445355021961e-10,5.606185425632908e-19
3,0.05,67.5,1.1780972450961724,0.04619397662556434,0.0,0.019134171618254495,26,24.18000576292419,1.8790611629260724e-13,3.397721684182209e-10,1.1544516174032838e-19
3,0.05,67.5,1.1780972450961724,0.04619397662556434,0.0,0.019134171618254495,27,25.328884414515628,-9.747390339022197e-14,5.987678660911873e-11,3.585239075795782e-21
3,0.05,67.5,1.1780972450961724,0.04619397662556434,0.0,0.019134171618254495,28,25.91832376952536,2.5236497999208623e-13,0.004428998034781499,1.9616023592098378e-05
3,0.05,67.5,1.1780972450961724,0.04619397662556434,0.0,0.019134171618254495,29,26.291932671007505,0.00021765465847727112,-1.6696415519146693e-12,4.737355035685753e-08
3,0.05,67.5,1.1780972450961724,0.04619397662556434,0.0,0.019134171618254495,30,26.43209942982244,0.000725238963912419,3.0253131564438504e-12,5.259715547767589e-07
3,0.05,67.5,1.1780972450961724,0.04619397662556434,0.0,0.019134171618254495,31,26.432099429879074,-0.00013603158665870428,-2.387048683155619e-12,1.850459256888458e-08
3,0.05,67.5,1.1780972450961724,0.04619397662556434,0.0,0.019134171618254495,32,26.518243522671032,1.2160856260032271e-12,-2.9111759742004268e-12,9.953809802533465e-24
3,0.05,67.5,1.1780972450961724,0.04619397662556434,0.0,0.019134171618254495,33,26.518243522730998,2.884217208144802e-11,3.6287115484439956e-12,8.450384378776704e-22
3,0.05,67.5,1.1780972450961724,0.04619397662556434,0.0,0.019134171618254495,34,26.54608589484942,-3.826975017308947e-13,0.02326647958472192,0.0005413290722662818
3,0.05,67.5,1.1780972450961724,0.04619397662556434,0.0,0.019134171618254495,35,26.546085894850595,2.3800796662056134e-13,0.019472233683923364,0.0003791678846413197
3,0.05,67.5,1.1780972450961724,0.04619397662556434,0.0,0.019134171618254495,36,26.692547387677717,5.982598589120763e-11,3.959884067559272e-12,3.594829269683484e-21
3,0.05,67.5,1.1780972450961724,0.04619397662556434,0.0,0.019134171618254495,37,28.28123647832734,1.0820941766663213e-13,5.273110439787793e-11,2.780581080297973e-21
3,0.05,67.5,1.1780972450961724,0.04619397662556434,0.0,0.019134171618254495,38,28.281236478348614,-1.1422632520181095e-13,1.2603457386517703e-11,1.588601857471368e-22
3,0.05,67.5,1.1780972450961724,0.04619397662556434,0.0,0.019134171618254495,39,28.291774942128974,1.7202482135418466e-14,-3.351723271360187e-05,1.1234048887777436e-09
3,0.05,67.5,1.1780972450961724,0.04619397662556434,0.0,0.019134171618254495,40,28.29177494215093,1.5261509513334582e-14,-2.7863488637048883e-06,7.763739990269522e-12
3,0.05,67.5,1.1780972450961724,0.04619397662556434,0.0,0.019134171618254495,41,28.48692673989627,-5.177933956936039e-13,2.6443975320937323e-09,6.992838575853422e-18
3,0.05,67.5,1.1780972450961724,0.04619397662556434,0.0,0.019134171618254495,42,28.48692674002121,-1.2826049888329586e-13,6.255792393423612e-10,3.913494011469228e-19
3,0.05,67.5,1.1780972450961724,0.04619397662556434,0.0,0.019134171618254495,43,28.53881613874187,-4.7789220413301374e-15,-0.002967471031726361,8.805884324135112e-06
3,0.05,67.5,1.1780972450961724,0.04619397662556434,0.0,0.019134171618254495,44,28.538816138886954,1.0887133852332752e-13,-0.0025554778167605464,6.530466871955248e-06
3,0.05,67.5,1.1780972450961724,0.04619397662556434,0.0,0.019134171618254495,45,29.479812918090055,-0.00018166764095934484,-1.8004813545027944e-11,3.300313177173375e-08
3,0.05,67.5,1.1780972450961724,0.04619397662556434,0.0,0.019134171618254495,46,29.577235615176054,-1.985999717365456e-13,-1.938877068912074e-09,3.7592443277950246e-18
3,0.05,67.5,1.1780972450961724,0.04619397662556434,0.0,0.019134171618254495,47,30.134609682809216,1.581665195109522e-13,0.003568849898974426,1.273668960140977e-05
3,0.05,67.5,1.1780972450961724,0.04619397662556434,0.0,0.019134171618254495,48,30.42285909291524,-1.704933190850435e-13,-8.304802171828227e-10,6.896974202000002e-19
3,0.05,67.5,1.1780972450961724,0.04619397662556434,0.0,0.019134171618254495,49,30.57781776649785,9.405118401518066e-12,-5.318889540843915e-12,1.1674683809427255e-22
3,0.05,67.5,1.1780972450961724,0.04619397662556434,0.0,0.019134171618254495,50,30.57781776670913,-1.4971252131414548e-10,4.612505146021455e-12,2.243511424196054e-20
3,0.05,67.5,1.1780972450961724,0.04619397662556434,0.0,0.019134171618254495,51,31.301447737714017,1.2770483325108588e-05,-1.2549074692322862e-12,1.6308524435687808e-10
3,0.05,67.5,1.1780972450961724,0.04619397662556434,0.0,0.019134171618254495,52,31.30144773792052,0.00010714857943639951,-1.1852745683443966e-12,1.1480818075238416e-08
3,0.05,67.5,1.1780972450961724,0.04619397662556434,0.0,0.019134171618254495,53,31.79394974414423,-8.600213882471406e-14,0.002799564298215415,7.83756025984237e-06
3,0.05,67.5,1.1780972450961724,0.04619397662556434,0.0,0.019134171618254495,54,32.54435131783464,1.1953835521592236e-10,6.907014316111658e-11,1.906010304402517e-20
3,0.05,67.5,1.1780972450961724,0.04619397662556434,0.0,0.019134171618254495,55,33.239787173533706,6.263648698021618e-05,-2.462375609174855e-10,3.9233295012834234e-09
3,0.05,67.5,1.1780972450961724,0.04619397662556434,0.0,0.019134171618254495,56,33.84801129744537,-9.042889513729799e-10,-3.24115528792431e-10,9.227893835796408e-19
3,0.05,67.5,1.1780972450961724,0.04619397662556434,0.0,0.019134171618254495,57,33.87453766276373,-3.399931814666693e-13,8.225881701681156e-09,6.766512988564823e-17
3,0.05,67.5,1.1780972450961724,0.04619397662556434,0.0,0.019134171618254495,58,33.87453766290842,2.008143253996131e-11,-1.3942192390724107e-09,1.944250550532509e-18
3,0.05,67.5,1.1780972450961724,0.04619397662556434,0.0,0.019134171618254495,59,34.047525019046134,-9.416750895044319e-05,5.035963926193359e-11,8.867519741934334e-09
4,0.05,90.0,1.5707963267948966,0.05,0.0,3.061616997868383e-18,1,10.601089661427809,-4.379184944058001e-17,3.697085343853187e-16,1.386021264747668e-31
4,0.05,90.0,1.5707963267948966,0.05,0.0,3.061616997868383e-18,2,12.52937925367041,3.5048760448799093e-11,-8.024715186916316e-13,1.2290595695356148e-21
4,0.05,90.0,1.5707963267948966,0.05,0.0,3.061616997868383e-18,3,12.742641025626208,-2.6100520639734874e-13,-2.474857602584156e-16,6.812377901572415e-26
4,0.05,90.0,1.5707963267948966,0.05,0.0,3.061616997868383e-18,4,13.130725291782012,-7.763199317995213e-14,-4.1142022228853693e-10,1.692666053346755e-19
4,0.05,90.0,1.5707963267948966,0.05,0.0,3.061616997868383e-18,5,13.130725291783854,-8.468435240030305e-13,5.790673568249257e-10,3.3531972088416e-19
4,0.05,90.0,1.5707963267948966,0.05,0.0,3.061616997868383e-18,6,13.134244278463646,-0.0011520953142698579,3.992380362017826e-12,1.3273236131625625e-06
4,0.05,90.0,1.5707963267948966,0.05,0.0,3.061616997868383e-18,7,13.987379164703443,-1.588803403561451e-13,-0.02638762923187374,0.0006963069764788376
4,0.05,90.0,1.5707963267948966,0.05,0.0,3.061616997868383e-18,8,13.987379164704198,1.5655278354671262e-12,-0.04050355987726792,0.0016405383627314276
4,0.05,90.0,1.5707963267948966,0.05,0.0,3.061616997868383e-18,9,14.627113026715655,1.4136339514431951e-16,-9.426187585535846e-16,9.085137334638302e-31
4,0.05,90.0,1.5707963267948966,0.05,0.0,3.061616997868383e-18,10,15.474927381001192,-1.2672434550812518e-13,-2.0631585027864172e-16,1.6059102310692764e-26
4,0.05,90.0,1.5707963267948966,0.05,0.0,3.061616997868383e-18,11,16.694032611807582,-1.0551536908150862e-10,-4.543251695851065e-12,1.1154134248378838e-20
4,0.05,90.0,1.5707963267948966,0.05,0.0,3.061616997868383e-18,12,16.966418124622876,0.00036487500039486244,-8.899428894885128e-12,1.3313376591315094e-07
4,0.05,90.0,1.5707963267948966,0.05,0.0,3.061616997868383e-18,13,17.036546647825844,5.555641767350421e-17,-7.637223150321025e-15,5.833026396334411e-29
4,0.05,90.0,1.5707963267948966,0.05,0.0,3.061616997868383e-18,14,17.03654664784861,4.5992344535204136e-18,-1.4959442320229792e-14,2.2378493568523968e-28
4,0.05,90.0,1.5707963267948966,0.05,0.0,3.061616997868383e-18,15,17.05320327059592,4.943501502090189e-16,1.2509336571595712e-14,1.5672788353247363e-28
4,0.05,90.0,1.5707963267948966,0.05,0.0,3.061616997868383e-18,16,17.053203270617626,1.2989562247031489e-15,5.887198732796844e-14,3.467598179218171e-27
4,0.05,90.0,1.5707963267948966,0.05,0.0,3.061616997868383e-18,17,17.76622138238341,-9.886118677833392e-11,-1.1875955823794648e-12,9.774944634487913e-21
4,0.05,90.0,1.5707963267948966,0.05,0.0,3.061616997868383e-18,18,18.825760908026602,-1.6237429047254146e-15,7.046039602013482e-16,3.1330077613775498e-30
4,0.05,90.0,1.5707963267948966,0.05,0.0,3.061616997868383e-18,19,18.923821923349376,0.001259941209356489,-2.2950338265078557e-12,1.5874518510346921e-06
4,0.05,90.0,1.5707963267948966,0.05,0.0,3.061616997868383e-18,20,20.3060660028183,-1.0840571181995938e-13,-2.6847125264855264e-16,1.1751870432005578e-26
4,0.05,90.0,1.5707963267948966,0.05,0.0,3.061616997868383e-18,21,23.757108846036733,-9.396062697160717e-12,-4.821639688813884e-13,8.851847630186258e-23
4,0.05,90.0,1.5707963267948966,0.05,0.0,3.061616997868383e-18,22,23.75710884604802,5.3154390442561674e-11,-6.160358821571401e-11,6.62039130437155e-21
4,0.05,90.0,1.5707963267948966,0.05,0.0,3.061616997868383e-18,23,23.84422923633635,-0.0002283411650089756,-6.534536574664835e-12,5.213968763765626e-08
4,0.05,90.0,1.5707963267948966,0.05,0.0,3.061616997868383e-18,24,23.844229236379192,0.001569174558313657,8.659782164680377e-11,2.4623087944588683e-06
4,0.05,90.0,1.5707963267948966,0.05,0.0,3.061616997868383e-18,25,24.180005762923916,4.0446523931342165e-13,8.106297437581788e-10,6.571207450575804e-19
4,0.05,90.0,1.5707963267948966,0.05,0.0,3.061616997868383e-18,26,24.18000576292419,1.0817862351879906e-13,3.6784622853211195e-10,1.3531085954791332e-19
4,0.05,90.0,1.5707963267948966,0.05,0.0,3.061616997868383e-18,27,25.328884414515628,1.8584622700794125e-15,-1.3549796528144441e-15,5.289851868849875e-30
4,0.05,90.0,1.5707963267948966,0.05,0.0,3.061616997868383e-18,28,25.91832376952536,5.669033329564249e-13,9.582722287584318e-16,3.2138030720276753e-25
4,0.05,90.0,1.5707963267948966,0.05,0.0,3.061616997868383e-18,29,26.291932671007505,0.00048305120500653954,4.000379555374048e-12,2.3333846665826993e-07
4,0.05,90.0,1.5707963267948966,0.05,0.0,3.061616997868383e-18,30,26.43209942982244,-2.4203154962733153e-15,1.2814739785096418e-12,1.6421814155244314e-24
4,0.05,90.0,1.5707963267948966,0.05,0.0,3.061616997868383e-18,31,26.432099429879074,4.72317506167963e-16,-7.360920080144289e-14,5.418537526453773e-27
4,0.05,90.0,1.5707963267948966,0.05,0.0,3.061616997868383e-18,32,26.518243522671032,1.2877629353612806e-17,1.0846197413829174e-14,1.1764016417309244e-28
4,0.05,90.0,1.5707963267948966,0.05,0.0,3.061616997868383e-18,33,26.518243522730998,-2.1760760515087018e-17,-1.904854426662231e-14,3.628475122081678e-28
4,0.05,90.0,1.5707963267948966,0.05,0.0,3.061616997868383e-18,34,26.54608589484942,-2.1828418490307156e-14,0.02518690198233808,0.0006343800314679059
4,0.05,90.0,1.5707963267948966,0.05,0.0,3.061616997868383e-18,35,26.546085894850595,2.922862702934945e-13,0.02107947785519038,0.0004443443866474616
4,0.05,90.0,1.5707963267948966,0.05,0.0,3.061616997868383e-18,36,26.692547387677717,7.64813823999952e-11,4.289290902635513e-12,5.867799870261729e-21
4,0.05,90.0,1.5707963267948966,0.05,0.0,3.061616997868383e-18,37,28.28123647832734,-3.1345860236605495e-15,1.0993761751193632e-15,1.1034257514148136e-29
4,0.05,90.0,1.5707963267948966,0.05,0.0,3.061616997868383e-18,38,28.281236478348614,5.139516994848964e-16,7.57658625447583e-17,2.6988681533056447e-31
4,0.05,90.0,1.5707963267948966,0.05,0.0,3.061616997868383e-18,39,28.291774942128974,2.12370372924719e-15,-9.790339993161066e-16,5.468625101435312e-30
4,0.05,90.0,1.5707963267948966,0.05,0.0,3.061616997868383e-18,40,28.29177494215093,4.019531053439253e-16,-8.015823198365718e-16,8.041005143702047e-31
4,0.05,90.0,1.5707963267948966,0.05,0.0,3.061616997868383e-18,41,28.48692673989627,-3.7992892333135654e-13,2.8622023965820432e-09,8.192202703345979e-18
4,0.05,90.0,1.5707963267948966,0.05,0.0,3.061616997868383e-18,42,28.48692674002121,-1.5231565987382365e-13,6.765539331751301e-10,4.577252476947987e-19
4,0.05,90.0,1.5707963267948966,0.05,0.0,3.061616997868383e-18,43,28.53881613874187,1.6889474150910473e-13,-0.003193592167251599,1.0199030930730767e-05
4,0.05,90.0,1.5707963267948966,0.05,0.0,3.061616997868383e-18,44,28.538816138886954,1.2388572310936493e-13,-0.0027502051027351523,7.5636281071104695e-06
4,0.05,90.0,1.5707963267948966,0.05,0.0,3.061616997868383e-18,45,29.479812918090055,-0.0002736952520033129,-1.9502617678978038e-11,7.490909096915736e-08
4,0.05,90.0,1.5707963267948966,0.05,0.0,3.061616997868383e-18,46,29.577235615176054,-8.188171072958787e-15,7.715649971844746e-15,1.265774000080669e-28
4,0.05,90.0,1.5707963267948966,0.05,0.0,3.061616997868383e-18,47,30.134609682809216,7.368666112264991e-14,1.1973978264553283e-14,5.573100182884241e-27
4,0.05,90.0,1.5707963267948966,0.05,0.0,3.061616997868383e-18,48,30.42285909291524,-1.0728321653334286e-14,1.3246317923776661e-14,2.9056182403516815e-28
4,0.05,90.0,1.5707963267948966,0.05,0.0,3.061616997868383e-18,49,30.57781776649785,4.548210873196679e-18,-3.578256783540368e-15,1.2803942295174807e-29
4,0.05,90.0,1.5707963267948966,0.05,0.0,3.061616997868383e-18,50,30.57781776670913,5.802677593963252e-18,2.795199342064435e-14,7.813139698588123e-28
4,0.05,90.0,1.5707963267948966,0.05,0.0,3.061616997868383e-18,51,31.301447737714017,-1.4938059597729536e-16,-2.092031471188736e-16,6.608051921897302e-32
4,0.05,90.0,1.5707963267948966,0.05,0.0,3.061616997868383e-18,52,31.30144773792052,-7.913601378121528e-16,-4.852740380827347e-14,2.3555351712389522e-27
4,0.05,90.0,1.5707963267948966,0.05,0.0,3.061616997868383e-18,53,31.79394974414423,1.2131917854842875e-14,-3.051512313345216e-14,1.0783561706864027e-27
4,0.05,90.0,1.5707963267948966,0.05,0.0,3.061616997868383e-18,54,32.54435131783464,1.5273372217222344e-11,7.47472475419225e-11,5.820426913979258e-21
4,0.05,90.0,1.5707963267948966,0.05,0.0,3.061616997868383e-18,55,33.239787173533706,7.632174450332171e-05,-2.656349077696738e-10,5.825008684100879e-09
4,0.05,90.0,1.5707963267948966,0.05,0.0,3.061616997868383e-18,56,33.84801129744537,-7.602957908169517e-10,-3.51876726240587e-10,7.01866920003767e-19
4,0.05,90.0,1.5707963267948966,0.05,0.0,3.061616997868383e-18,57,33.87453766276373,3.9016521521868075e-14,8.90202963764313e-09,7.924613167099898e-17
4,0.05,90.0,1.5707963267948966,0.05,0.0,3.061616997868383e-18,58,33.87453766290842,-8.404160326353414e-12,-1.5121849032949796e-09,2.2867738116640376e-18
4,0.05,90.0,1.5707963267948966,0.05,0.0,3.061616997868383e-18,59,34.047525019046134,-7.174344326306588e-05,5.4876221107370885e-11,5.147121651243765e-09
5,0.21111111111111108,0.0,0.0,0.0,0.0,0.21111111111111108,1,10.601089661427809,-5.372309238893814e-15,-3.481394681780945e-10,1.2120108933218817e-19
5,0.21111111111111108,0.0,0.0,0.0,0.0,0.21111111111111108,2,12.52937925367041,-4.677752597311112e-11,-4.556836480774292e-14,2.188139012640957e-21
5,0.21111111111111108,0.0,0.0,0.0,0.0,0.21111111111111108,3,12.742641025626208,-7.682897980259768e-12,0.1968278943699444,0.038741220002105996
5,0.21111111111111108,0.0,0.0,0.0,0.0,0.21111111111111108,4,13.130725291782012,-1.1097104050617154e-11,5.8716519329571645e-15,1.2314575278652006e-22
5,0.21111111111111108,0.0,0.0,0.0,0.0,0.21111111111111108,5,13.130725291783854,-9.737070875385687e-11,1.2636462905320846e-14,9.481055082908614e-21
5,0.21111111111111108,0.0,0.0,0.0,0.0,0.21111111111111108,6,13.134244278463646,-0.020470952751691404,-3.332961897712478e-11,0.0004190599065619819
5,0.21111111111111108,0.0,0.0,0.0,0.0,0.21111111111111108,7,13.987379164703443,-1.910082094276838e-11,2.91675246922564e-15,3.6484136919514415e-22
5,0.21111111111111108,0.0,0.0,0.0,0.0,0.21111111111111108,8,13.987379164704198,1.399105973816578e-10,-1.4237554150612022e-14,1.9574975462400296e-20
5,0.21111111111111108,0.0,0.0,0.0,0.0,0.21111111111111108,9,14.627113026715655,1.470660036714643e-14,-3.18883413598301e-10,1.0168663168438919e-19
5,0.21111111111111108,0.0,0.0,0.0,0.0,0.21111111111111108,10,15.474927381001192,1.1718078774174913e-11,-0.13027411319359655,0.016971344568378007
5,0.21111111111111108,0.0,0.0,0.0,0.0,0.21111111111111108,11,16.694032611807582,-1.4689543976518004e-09,-1.005514665872292e-13,2.1578270324911613e-18
5,0.21111111111111108,0.0,0.0,0.0,0.0,0.21111111111111108,12,16.966418124622876,-0.03366115517503581,-6.974286767627295e-11,0.0011330733677178402
5,0.21111111111111108,0.0,0.0,0.0,0.0,0.21111111111111108,13,17.036546647825844,-5.360398044559601e-15,-5.186984300641728e-12,2.690483486897095e-23
5,0.21111111111111108,0.0,0.0,0.0,0.0,0.21111111111111108,14,17.03654664784861,-7.318066612714497e-16,-3.434366834450106e-12,1.1794876089111832e-23
5,0.21111111111111108,0.0,0.0,0.0,0.0,0.21111111111111108,15,17.05320327059592,-1.114398280101366e-15,-6.195911210460469e-12,3.8389316969793243e-23
5,0.21111111111111108,0.0,0.0,0.0,0.0,0.21111111111111108,16,17.053203270617626,5.440553286662014e-15,-3.936845956120509e-12,1.5498785681842468e-23
5,0.21111111111111108,0.0,0.0,0.0,0.0,0.21111111111111108,17,17.76622138238341,1.478263802602943e-09,-8.695969334371226e-16,2.185263870086869e-18
5,0.21111111111111108,0.0,0.0,0.0,0.0,0.21111111111111108,18,18.825760908026602,4.972547532546533e-15,-1.6745279307667198e-09,2.8040437909425987e-18
5,0.21111111111111108,0.0,0.0,0.0,0.0,0.21111111111111108,19,18.923821923349376,0.009067267977594431,2.8787191603863954e-11,8.221534857750941e-05
5,0.21111111111111108,0.0,0.0,0.0,0.0,0.21111111111111108,20,20.3060660028183,-2.418533141151343e-12,0.10873823171414197,0.01182400303631843
5,0.21111111111111108,0.0,0.0,0.0,0.0,0.21111111111111108,21,23.757108846036733,-5.899551882048725e-11,5.428231230501075e-16,3.480471241193122e-21
5,0.21111111111111108,0.0,0.0,0.0,0.0,0.21111111111111108,22,23.75710884604802,-3.928985427200179e-10,-2.2058144144705485e-14,1.5436926535807545e-19
5,0.21111111111111108,0.0,0.0,0.0,0.0,0.21111111111111108,23,23.84422923633635,4.0237838931705495e-11,1.0928068798038752e-13,1.6190956241626399e-21
5,0.21111111111111108,0.0,0.0,0.0,0.0,0.21111111111111108,24,23.844229236379192,5.453704687618781e-10,-7.040832405608619e-13,2.974294439307603e-19
5,0.21111111111111108,0.0,0.0,0.0,0.0,0.21111111111111108,25,24.180005762923916,6.85597136554821e-12,-1.701593393371579e-16,4.700434339417119e-23
5,0.21111111111111108,0.0,0.0,0.0,0.0,0.21111111111111108,26,24.18000576292419,1.1122727472248102e-11,1.4055273986624375e-15,1.2371506839740992e-22
5,0.21111111111111108,0.0,0.0,0.0,0.0,0.21111111111111108,27,25.328884414515628,3.225768564264733e-14,-1.1936494109126045e-11,1.4248093217548378e-22
5,0.21111111111111108,0.0,0.0,0.0,0.0,0.21111111111111108,28,25.91832376952536,-2.675373543374695e-11,0.04544444271393537,0.0020651973735801537
5,0.21111111111111108,0.0,0.0,0.0,0.0,0.21111111111111108,29,26.291932671007505,-0.023496681323869617,-5.5497583193402217e-11,0.0005520940332354833
5,0.21111111111111108,0.0,0.0,0.0,0.0,0.21111111111111108,30,26.43209942982244,1.914307296426908e-14,2.0068160235361993e-11,4.0273142168940685e-22
5,0.21111111111111108,0.0,0.0,0.0,0.0,0.21111111111111108,31,26.432099429879074,5.071773095158271e-15,-2.5128083714457557e-11,6.314206168836694e-22
5,0.21111111111111108,0.0,0.0,0.0,0.0,0.21111111111111108,32,26.518243522671032,-5.428628088767787e-16,-2.9973583893840644e-11,8.984157317358033e-22
5,0.21111111111111108,0.0,0.0,0.0,0.0,0.21111111111111108,33,26.518243522730998,1.4356117273922037e-15,3.7271109594512825e-11,1.389135612467167e-21
5,0.21111111111111108,0.0,0.0,0.0,0.0,0.21111111111111108,34,26.54608589484942,-4.224907740093138e-11,4.510739707566089e-17,1.7849845412319252e-21
5,0.21111111111111108,0.0,0.0,0.0,0.0,0.21111111111111108,35,26.546085894850595,7.145103752215668e-13,5.887741222219813e-15,5.105597417959641e-25
5,0.21111111111111108,0.0,0.0,0.0,0.0,0.21111111111111108,36,26.692547387677717,-9.295786183773374e-10,3.56142152248225e-14,8.641164090126918e-19
5,0.21111111111111108,0.0,0.0,0.0,0.0,0.21111111111111108,37,28.28123647832734,-1.697377974506493e-13,5.760334972038719e-10,3.3181461871184294e-19
5,0.21111111111111108,0.0,0.0,0.0,0.0,0.21111111111111108,38,28.281236478348614,2.863638634531307e-14,1.3342968794182203e-10,1.780348244429463e-20
5,0.21111111111111108,0.0,0.0,0.0,0.0,0.21111111111111108,39,28.291774942128974,1.512476089085218e-13,-3.8587525049087136e-10,1.4889973181723192e-19
5,0.21111111111111108,0.0,0.0,0.0,0.0,0.21111111111111108,40,28.29177494215093,2.7095898940988956e-14,3.07648149543677e-11,9.46474573364226e-22
5,0.21111111111111108,0.0,0.0,0.0,0.0,0.21111111111111108,41,28.48692673989627,-2.3003610558513905e-11,-7.513021113222281e-16,5.291660992922273e-22
5,0.21111111111111108,0.0,0.0,0.0,0.0,0.21111111111111108,42,28.48692674002121,1.6147960917026145e-13,-1.3259464749916537e-17,2.607566435359379e-26
5,0.21111111111111108,0.0,0.0,0.0,0.0,0.21111111111111108,43,28.53881613874187,-1.804460111182136e-11,-1.9042979887695215e-15,3.2560763291109553e-22
5,0.21111111111111108,0.0,0.0,0.0,0.0,0.21111111111111108,44,28.538816138886954,1.2821535327763128e-13,-7.144062549723136e-15,1.649021444582215e-26
5,0.21111111111111108,0.0,0.0,0.0,0.0,0.21111111111111108,45,29.479812918090055,0.006236786357372764,-1.086098653413647e-13,3.8897504067511036e-05
5,0.21111111111111108,0.0,0.0,0.0,0.0,0.21111111111111108,46,29.577235615176054,-5.405093809693294e-13,-2.0545205533039857e-08,4.2210547068700195e-16
5,0.21111111111111108,0.0,0.0,0.0,0.0,0.21111111111111108,47,30.134609682809216,-3.0906917700537465e-12,0.04144731525847683,0.0017178799421355662
5,0.21111111111111108,0.0,0.0,0.0,0.0,0.21111111111111108,48,30.42285909291524,-6.741435836301565e-13,-1.1283433533293388e-08,1.2731587275471929e-16
5,0.21111111111111108,0.0,0.0,0.0,0.0,0.21111111111111108,49,30.57781776649785,3.1706134727281543e-16,-6.084742898710448e-11,3.702409614441251e-21
5,0.21111111111111108,0.0,0.0,0.0,0.0,0.21111111111111108,50,30.57781776670913,-8.663293093434621e-17,5.269253314115746e-11,2.7765030488394827e-21
5,0.21111111111111108,0.0,0.0,0.0,0.0,0.21111111111111108,51,31.301447737714017,-6.838584589382006e-16,-1.5652375955255514e-11,2.449968735123233e-22
5,0.21111111111111108,0.0,0.0,0.0,0.0,0.21111111111111108,52,31.30144773792052,-1.322169802036537e-14,-1.4273493657520366e-11,2.0373279600457267e-22
5,0.21111111111111108,0.0,0.0,0.0,0.0,0.21111111111111108,53,31.79394974414423,1.6568578756397417e-12,0.0327269730600654,0.0010710547656742463
5,0.21111111111111108,0.0,0.0,0.0,0.0,0.21111111111111108,54,32.54435131783464,1.4173399582480484e-08,1.405808906389394e-14,2.0088525572485558e-16
5,0.21111111111111108,0.0,0.0,0.0,0.0,0.21111111111111108,55,33.239787173533706,-0.0002832959519761075,-9.90094338431106e-12,8.025659640604911e-08
5,0.21111111111111108,0.0,0.0,0.0,0.0,0.21111111111111108,56,33.84801129744537,-3.160735841666985e-08,1.1093633009770859e-11,9.990252291485237e-16
5,0.21111111111111108,0.0,0.0,0.0,0.0,0.21111111111111108,57,33.87453766276373,-4.401365443256913e-11,-2.5636940667368062e-14,1.937202433762339e-21
5,0.21111111111111108,0.0,0.0,0.0,0.0,0.21111111111111108,58,33.87453766290842,3.2526368677352303e-09,1.9177780115057903e-12,1.057965027122295e-17
5,0.21111111111111108,0.0,0.0,0.0,0.0,0.21111111111111108,59,34.047525019046134,-0.00396274856132764,-4.956713186228241e-12,1.5703376160304282e-05
6,0.21111111111111108,22.5,0.39269908169872414,0.08078872461040783,0.0,0.19504123464127163,1,10.601089661427809,-1.6943329523490578e-12,-3.576763867686715e-10,1.2793526841604572e-19
6,0.21111111111111108,22.5,0.39269908169872414,0.08078872461040783,0.0,0.19504123464127163,2,12.52937925367041,1.4851620632034454e-11,5.012165385314766e-13,2.2082185341636894e-22
6,0.21111111111111108,22.5,0.39269908169872414,0.08078872461040783,0.0,0.19504123464127163,3,12.742641025626208,-7.271242382308402e-12,0.18197953863236208,0.03311655248084736
6,0.21111111111111108,22.5,0.39269908169872414,0.08078872461040783,0.0,0.19504123464127163,4,13.130725291782012,-9.752664457203971e-12,-6.879589501023012e-10,4.733826314898754e-19
6,0.21111111111111108,22.5,0.39269908169872414,0.08078872461040783,0.0,0.19504123464127163,5,13.130725291783854,-8.547507836273718e-11,9.285086631864806e-10,8.694343266334614e-19
6,0.21111111111111108,22.5,0.39269908169872414,0.08078872461040783,0.0,0.19504123464127163,6,13.134244278463646,-0.020342502697738348,-2.4656025756343448e-11,0.000413817416007492
6,0.21111111111111108,22.5,0.39269908169872414,0.08078872461040783,0.0,0.19504123464127163,7,13.987379164703443,-1.6736183297656955e-11,-0.04070785835014818,0.001657129731455729
6,0.21111111111111108,22.5,0.39269908169872414,0.08078872461040783,0.0,0.19504123464127163,8,13.987379164704198,1.2387921499480348e-10,-0.06248432410516358,0.0039042907588791266
6,0.21111111111111108,22.5,0.39269908169872414,0.08078872461040783,0.0,0.19504123464127163,9,14.627113026715655,2.4406870645379126e-12,-2.0817623642028873e-10,4.3343302363462956e-20
6,0.21111111111111108,22.5,0.39269908169872414,0.08078872461040783,0.0,0.19504123464127163,10,15.474927381001192,8.630442241971354e-12,-0.12048426310936691,0.014516457657007154
6,0.21111111111111108,22.5,0.39269908169872414,0.08078872461040783,0.0,0.19504123464127163,11,16.694032611807582,-1.4879573065526515e-09,-6.668465226674799e-12,2.214061414551901e-18
6,0.21111111111111108,22.5,0.39269908169872414,0.08078872461040783,0.0,0.19504123464127163,12,16.966418124622876,-0.027862034875290587,-7.876574868420874e-11,0.0007762929873919089
6,0.21111111111111108,22.5,0.39269908169872414,0.08078872461040783,0.0,0.19504123464127163,13,17.036546647825844,9.721957705692199e-11,-4.777757952645654e-12,9.474473134180861e-21
6,0.21111111111111108,22.5,0.39269908169872414,0.08078872461040783,0.0,0.19504123464127163,14,17.03654664784861,8.322637483398072e-10,-2.711974002978709e-12,6.926703016036188e-19
6,0.21111111111111108,22.5,0.39269908169872414,0.08078872461040783,0.0,0.19504123464127163,15,17.05320327059592,0.00483465407768878,-5.552666941237525e-12,2.3373880050912747e-05
6,0.21111111111111108,22.5,0.39269908169872414,0.08078872461040783,0.0,0.19504123464127163,16,17.053203270617626,0.015802889223304195,-3.2490904170998206e-12,0.00024973130780402386
6,0.21111111111111108,22.5,0.39269908169872414,0.08078872461040783,0.0,0.19504123464127163,17,17.76622138238341,1.0415891522923223e-09,-3.1404059769518535e-12,1.0849178243227385e-18
6,0.21111111111111108,22.5,0.39269908169872414,0.08078872461040783,0.0,0.19504123464127163,18,18.825760908026602,-5.515761987758011e-12,-1.5277194081231014e-09,2.3339570135863047e-18
6,0.21111111111111108,22.5,0.39269908169872414,0.08078872461040783,0.0,0.19504123464127163,19,18.923821923349376,0.010950755660791341,2.259291322727753e-11,0.0001199190495423536
6,0.21111111111111108,22.5,0.39269908169872414,0.08078872461040783,0.0,0.19504123464127163,20,20.3060660028183,-2.9899185764102083e-12,0.10010980695670824,0.010021973448909389
6,0.21111111111111108,22.5,0.39269908169872414,0.08078872461040783,0.0,0.19504123464127163,21,23.757108846036733,-6.755021867816822e-11,-5.658112845417799e-13,4.563352185878062e-21
6,0.21111111111111108,22.5,0.39269908169872414,0.08078872461040783,0.0,0.19504123464127163,22,23.75710884604802,-2.0571178843809538e-10,-9.902348868475797e-11,5.21229912137001e-20
6,0.21111111111111108,22.5,0.39269908169872414,0.08078872461040783,0.0,0.19504123464127163,23,23.84422923633635,-0.0005752512257702441,-1.0330849203854607e-11,3.309139727501685e-07
6,0.21111111111111108,22.5,0.39269908169872414,0.08078872461040783,0.0,0.19504123464127163,24,23.844229236379192,0.003953162534511878,1.3817661922599795e-10,1.5627494024268394e-05
6,0.21111111111111108,22.5,0.39269908169872414,0.08078872461040783,0.0,0.19504123464127163,25,24.180005762923916,6.811753129345703e-12,1.2581052537161615e-09,1.5828752294089023e-18
6,0.21111111111111108,22.5,0.39269908169872414,0.08078872461040783,0.0,0.19504123464127163,26,24.18000576292419,9.773102126926205e-12,5.713553982388119e-10,3.265425046218146e-19
6,0.21111111111111108,22.5,0.39269908169872414,0.08078872461040783,0.0,0.19504123464127163,27,25.328884414515628,-1.764287715757332e-12,7.760064333537066e-11,6.024972557207379e-21
6,0.21111111111111108,22.5,0.39269908169872414,0.08078872461040783,0.0,0.19504123464127163,28,25.91832376952536,-2.2102819606189384e-11,0.04323796980968597,0.0018695220332633155
6,0.21111111111111108,22.5,0.39269908169872414,0.08078872461040783,0.0,0.19504123464127163,29,26.291932671007505,-0.018831914637265103,-4.601605149683745e-11,0.00035464100890523966
6,0.21111111111111108,22.5,0.39269908169872414,0.08078872461040783,0.0,0.19504123464127163,30,26.43209942982244,0.01279981039229909,2.01680841832251e-11,0.0001638351460788078
6,0.21111111111111108,22.5,0.39269908169872414,0.08078872461040783,0.0,0.19504123464127163,31,26.432099429879074,-0.00240083422732128,-2.3160518271645117e-11,5.764004987077369e-06
6,0.21111111111111108,22.5,0.39269908169872414,0.08078872461040783,0.0,0.19504123464127163,32,26.518243522671032,9.64857815534555e-11,-2.7375658700691683e-11,1.005893273127789e-20
6,0.21111111111111108,22.5,0.39269908169872414,0.08078872461040783,0.0,0.19504123464127163,33,26.518243522730998,5.119484864037383e-10,3.4433879324538705e-11,2.632769447764155e-19
6,0.21111111111111108,22.5,0.39269908169872414,0.08078872461040783,0.0,0.19504123464127163,34,26.54608589484942,-3.6594923647007006e-11,0.040498327241372305,0.001640114509349278
6,0.21111111111111108,22.5,0.39269908169872414,0.08078872461040783,0.0,0.19504123464127163,35,26.546085894850595,1.0318140320021365e-12,0.03389394983224624,0.0011487998352308247
6,0.21111111111111108,22.5,0.39269908169872414,0.08078872461040783,0.0,0.19504123464127163,36,26.692547387677717,-5.950540106857183e-10,5.338537034820145e-12,3.541177756108311e-19
6,0.21111111111111108,22.5,0.39269908169872414,0.08078872461040783,0.0,0.19504123464127163,37,28.28123647832734,1.6512091967615085e-12,4.901531817785809e-10,2.4025286809947806e-19
6,0.21111111111111108,22.5,0.39269908169872414,0.08078872461040783,0.0,0.19504123464127163,38,28.281236478348614,-1.8316635183264247e-12,1.2502560076864045e-10,1.5634755838803834e-20
6,0.21111111111111108,22.5,0.39269908169872414,0.08078872461040783,0.0,0.19504123464127163,39,28.291774942128974,4.1713947602578593e-13,-0.0010076192251044249,1.0152965028000415e-06
6,0.21111111111111108,22.5,0.39269908169872414,0.08078872461040783,0.0,0.19504123464127163,40,28.29177494215093,3.177607305018971e-13,-8.376534663593279e-05,7.016633297037977e-09
6,0.21111111111111108,22.5,0.39269908169872414,0.08078872461040783,0.0,0.19504123464127163,41,28.48692673989627,-2.100212796827243e-11,4.640633505051912e-09,2.153592041758959e-17
6,0.21111111111111108,22.5,0.39269908169872414,0.08078872461040783,0.0,0.19504123464127163,42,28.48692674002121,-1.9379556082905124e-13,1.2176910461039552e-09,1.4827715213184642e-18
6,0.21111111111111108,22.5,0.39269908169872414,0.08078872461040783,0.0,0.19504123464127163,43,28.53881613874187,-1.5438220568826652e-11,-0.007620469399682598,5.8071553871498857e-05
6,0.21111111111111108,22.5,0.39269908169872414,0.08078872461040783,0.0,0.19504123464127163,44,28.538816138886954,4.5306358370816165e-13,-0.006562468710386665,4.306599557480402e-05
6,0.21111111111111108,22.5,0.39269908169872414,0.08078872461040783,0.0,0.19504123464127163,45,29.479812918090055,0.0046305540681741975,-2.963189007763165e-11,2.144203097828461e-05
6,0.21111111111111108,22.5,0.39269908169872414,0.08078872461040783,0.0,0.19504123464127163,46,29.577235615176054,-3.5356174420297137e-12,-1.8978557099904663e-08,3.601856420949324e-16
6,0.21111111111111108,22.5,0.39269908169872414,0.08078872461040783,0.0,0.19504123464127163,47,30.134609682809216,-4.959156801709657e-13,0.03791033554718843,0.0014371935413004186
6,0.21111111111111108,22.5,0.39269908169872414,0.08078872461040783,0.0,0.19504123464127163,48,30.42285909291524,-2.8292566262882474e-12,-1.0083686219325783e-08,1.0168073577451377e-16
6,0.21111111111111108,22.5,0.39269908169872414,0.08078872461040783,0.0,0.19504123464127163,49,30.57781776649785,1.675261305198074e-10,-5.596010592669352e-11,3.11965378622663e-20
6,0.21111111111111108,22.5,0.39269908169872414,0.08078872461040783,0.0,0.19504123464127163,50,30.57781776670913,-2.699294178173344e-09,4.804323671297941e-11,7.288497212914368e-18
6,0.21111111111111108,22.5,0.39269908169872414,0.08078872461040783,0.0,0.19504123464127163,51,31.301447737714017,0.00022300125788154133,-1.4482097943145258e-11,4.972956101674991e-08
6,0.21111111111111108,22.5,0.39269908169872414,0.08078872461040783,0.0,0.19504123464127163,52,31.30144773792052,0.0018710542604338611,-1.3209350635434108e-11,3.500844045487703e-06
6,0.21111111111111108,22.5,0.39269908169872414,0.08078872461040783,0.0,0.19504123464127163,53,31.79394974414423,-1.0332476462145185e-12,0.029975394972124255,0.0008985243037348521
6,0.21111111111111108,22.5,0.39269908169872414,0.08078872461040783,0.0,0.19504123464127163,54,32.54435131783464,1.2306777186515797e-08,1.188463702987257e-10,1.5147088917827886e-16
6,0.21111111111111108,22.5,0.39269908169872414,0.08078872461040783,0.0,0.19504123464127163,55,33.239787173533706,-5.115261764762469e-05,-4.217162691843153e-10,2.6165902923819297e-09
6,0.21111111111111108,22.5,0.39269908169872414,0.08078872461040783,0.0,0.19504123464127163,56,33.84801129744537,-2.894833962090501e-08,-5.159257664243918e-10,8.382725462037194e-16
6,0.21111111111111108,22.5,0.39269908169872414,0.08078872461040783,0.0,0.19504123464127163,57,33.87453766276373,-3.764648108516752e-11,1.3781891017901605e-08,1.8994193728685504e-16
6,0.21111111111111108,22.5,0.39269908169872414,0.08078872461040783,0.0,0.19504123464127163,58,33.87453766290842,2.764802734609797e-09,-2.6642272871427053e-09,1.474224119886159e-17
6,0.21111111111111108,22.5,0.39269908169872414,0.08078872461040783,0.0,0.19504123464127163,59,34.047525019046134,-0.0035729737230711417,8.509964331211471e-11,1.2766141225756862e-05
7,0.21111111111111108,45.0,0.7853981633974483,0.14927809825049335,0.0,0.14927809825049335,1,10.601089661427809,-2.4233951187329735e-12,-3.4055444670628783e-10,1.1598320401532733e-19
7,0.21111111111111108,45.0,0.7853981633974483,0.14927809825049335,0.0,0.14927809825049335,2,12.52937925367041,1.6331292791791655e-10,4.308589036534429e-14,2.6671114281516557e-20
7,0.21111111111111108,45.0,0.7853981633974483,0.14927809825049335,0.0,0.14927809825049335,3,12.742641025626208,-6.1337657557480934e-12,0.13952936265590954,0.019468443043164325
7,0.21111111111111108,45.0,0.7853981633974483,0.14927809825049335,0.0,0.14927809825049335,4,13.130725291782012,-6.4388207444517105e-12,-1.2853231243568371e-09,1.6520969924190006e-18
7,0.21111111111111108,45.0,0.7853981633974483,0.14927809825049335,0.0,0.14927809825049335,5,13.130725291783854,-5.6670671228494346e-11,1.762511145448359e-09,3.1096571028071746e-18
7,0.21111111111111108,45.0,0.7853981633974483,0.14927809825049335,0.0,0.14927809825049335,6,13.134244278463646,-0.020031953246525475,-1.2926491052828266e-11,0.00040127915087098253
7,0.21111111111111108,45.0,0.7853981633974483,0.14927809825049335,0.0,0.14927809825049335,7,13.987379164703443,-1.1106870184953593e-11,-0.0753485080399235,0.005677397663842417
7,0.21111111111111108,45.0,0.7853981633974483,0.14927809825049335,0.0,0.14927809825049335,8,13.987379164704198,8.471839188331822e-11,-0.1156558165823019,0.013376267909319058
7,0.21111111111111108,45.0,0.7853981633974483,0.14927809825049335,0.0,0.14927809825049335,9,14.627113026715655,3.502872932027952e-12,-1.7521865123765946e-13,1.2300820353675644e-23
7,0.21111111111111108,45.0,0.7853981633974483,0.14927809825049335,0.0,0.14927809825049335,10,15.474927381001192,3.365808623965783e-12,-0.09244891003485511,0.008546800966632734
7,0.21111111111111108,45.0,0.7853981633974483,0.14927809825049335,0.0,0.14927809825049335,11,16.694032611807582,-1.5181868718398474e-09,-1.2883651522000225e-11,2.3050573663034017e-18
7,0.21111111111111108,45.0,0.7853981633974483,0.14927809825049335,0.0,0.14927809825049335,12,16.966418124622876,-0.013845781234571591,-7.523393040119975e-11,0.0001917056579956148
7,0.21111111111111108,45.0,0.7853981633974483,0.14927809825049335,0.0,0.14927809825049335,13,17.036546647825844,1.2939026978491768e-10,-3.615806158942674e-12,1.6754915969192828e-20
7,0.21111111111111108,45.0,0.7853981633974483,0.14927809825049335,0.0,0.14927809825049335,14,17.03654664784861,1.1465685892793092e-09,-1.1896202526990874e-12,1.314620945118291e-18
7,0.21111111111111108,45.0,0.7853981633974483,0.14927809825049335,0.0,0.14927809825049335,15,17.05320327059592,0.006842602292585815,-3.960420275618365e-12,4.682120613450065e-05
7,0.21111111111111108,45.0,0.7853981633974483,0.14927809825049335,0.0,0.14927809825049335,16,17.053203270617626,0.022366209510130675,-1.8783133458141384e-12,0.0005002473278510599
7,0.21111111111111108,45.0,0.7853981633974483,0.14927809825049335,0.0,0.14927809825049335,17,17.76622138238341,-1.95984168575541e-11,-5.1455588913820744e-12,4.1057471962714183e-22
7,0.21111111111111108,45.0,0.7853981633974483,0.14927809825049335,0.0,0.14927809825049335,18,18.825760908026602,-7.950393800806105e-12,-1.1347689610868309e-09,1.2877638038076735e-18
7,0.21111111111111108,45.0,0.7853981633974483,0.14927809825049335,0.0,0.14927809825049335,19,18.923821923349376,0.015501059799293145,1.2842508515615847e-11,0.00024028285490126203
7,0.21111111111111108,45.0,0.7853981633974483,0.14927809825049335,0.0,0.14927809825049335,20,20.3060660028183,-3.082795466843815e-12,0.07597101081638906,0.005771594484463904
7,0.21111111111111108,45.0,0.7853981633974483,0.14927809825049335,0.0,0.14927809825049335,21,23.757108846036733,-9.510363775477183e-11,-1.1755248337764079e-12,9.046083772825687e-21
7,0.21111111111111108,45.0,0.7853981633974483,0.14927809825049335,0.0,0.14927809825049335,22,23.75710884604802,2.4299767475452683e-10,-1.8314560030326215e-10,9.259018084654907e-20
7,0.21111111111111108,45.0,0.7853981633974483,0.14927809825049335,0.0,0.14927809825049335,23,23.84422923633635,-0.001968553561863158,-1.9199641689404513e-11,3.8752031259241265e-06
7,0.21111111111111108,45.0,0.7853981633974483,0.14927809825049335,0.0,0.14927809825049335,24,23.844229236379192,0.013528021716052838,2.5653898395761196e-10,0.00018300737154999724
7,0.21111111111111108,45.0,0.7853981633974483,0.14927809825049335,0.0,0.14927809825049335,25,24.180005762923916,6.7458726330346506e-12,2.3447372117472727e-09,5.4978380989499565e-18
7,0.21111111111111108,45.0,0.7853981633974483,0.14927809825049335,0.0,0.14927809825049335,26,24.18000576292419,6.470377993694163e-12,1.0644580022177666e-09,1.13311270427682e-18
7,0.21111111111111108,45.0,0.7853981633974483,0.14927809825049335,0.0,0.14927809825049335,27,25.328884414515628,-2.3981334523162895e-12,2.241852100971801e-10,5.0264759470371895e-20
7,0.21111111111111108,45.0,0.7853981633974483,0.14927809825049335,0.0,0.14927809825049335,28,25.91832376952536,-9.566838102198794e-12,0.035411305163885326,0.0012539605334098115
7,0.21111111111111108,45.0,0.7853981633974483,0.14927809825049335,0.0,0.14927809825049335,29,26.291932671007505,-0.007522257248145961,-3.0832740859533395e-11,5.658435410728445e-05
7,0.21111111111111108,45.0,0.7853981633974483,0.14927809825049335,0.0,0.14927809825049335,30,26.43209942982244,0.018161515079238483,1.686678087399165e-11,0.0003298406299734068
7,0.21111111111111108,45.0,0.7853981633974483,0.14927809825049335,0.0,0.14927809825049335,31,26.432099429879074,-0.0034065181879254463,-1.753306278407591e-11,1.1604366164666866e-05
7,0.21111111111111108,45.0,0.7853981633974483,0.14927809825049335,0.0,0.14927809825049335,32,26.518243522671032,8.439877291116408e-11,-2.03763398854768e-11,7.538348096038717e-21
7,0.21111111111111108,45.0,0.7853981633974483,0.14927809825049335,0.0,0.14927809825049335,33,26.518243522730998,7.260308149953923e-10,2.6376543624050656e-11,5.27816466376425e-19
7,0.21111111111111108,45.0,0.7853981633974483,0.14927809825049335,0.0,0.14927809825049335,34,26.54608589484942,-2.2254820926938402e-11,0.07526300104120918,0.005664519325729055
7,0.21111111111111108,45.0,0.7853981633974483,0.14927809825049335,0.0,0.14927809825049335,35,26.546085894850595,2.3693896570521894e-12,0.06298927771394412,0.0039676491069243775
7,0.21111111111111108,45.0,0.7853981633974483,0.14927809825049335,0.0,0.14927809825049335,36,26.692547387677717,1.7280062157946357e-10,1.0642828024597186e-11,2.997332460661012e-20
7,0.21111111111111108,45.0,0.7853981633974483,0.14927809825049335,0.0,0.14927809825049335,37,28.28123647832734,2.4136437782960203e-12,2.985729846127792e-10,8.91516528168714e-20
7,0.21111111111111108,45.0,0.7853981633974483,0.14927809825049335,0.0,0.14927809825049335,38,28.281236478348614,-2.6376809231519402e-12,9.879545471991903e-11,9.76749923396793e-21
7,0.21111111111111108,45.0,0.7853981633974483,0.14927809825049335,0.0,0.14927809825049335,39,28.291774942128974,5.064330911175153e-13,-0.0026336987655204425,6.936369187503903e-06
7,0.21111111111111108,45.0,0.7853981633974483,0.14927809825049335,0.0,0.14927809825049335,40,28.29177494215093,4.40213397917849e-13,-0.0002189446099425047,4.793674222287553e-08
7,0.21111111111111108,45.0,0.7853981633974483,0.14927809825049335,0.0,0.14927809825049335,41,28.48692673989627,-1.5607918879133192e-11,8.562572097797598e-09,7.33178845371137e-17
7,0.21111111111111108,45.0,0.7853981633974483,0.14927809825049335,0.0,0.14927809825049335,42,28.48692674002121,-1.126862800944638e-12,2.1773434808520862e-09,4.740825903428851e-18
7,0.21111111111111108,45.0,0.7853981633974483,0.14927809825049335,0.0,0.14927809825049335,43,28.53881613874187,-8.535687606834904e-12,-0.011803366144055862,0.00013931945233064416
7,0.21111111111111108,45.0,0.7853981633974483,0.14927809825049335,0.0,0.14927809825049335,44,28.538816138886954,1.144119326908787e-12,-0.010164626913719327,0.00010331964029510729
7,0.21111111111111108,45.0,0.7853981633974483,0.14927809825049335,0.0,0.14927809825049335,45,29.479812918090055,0.0007282513253199346,-5.637435400281918e-11,5.303499928302443e-07
7,0.21111111111111108,45.0,0.7853981633974483,0.14927809825049335,0.0,0.14927809825049335,46,29.577235615176054,-4.713847534431092e-12,-1.4522251098866799e-08,2.1089579919889652e-16
7,0.21111111111111108,45.0,0.7853981633974483,0.14927809825049335,0.0,0.14927809825049335,47,30.134609682809216,1.862814529979169e-12,0.02830802799426832,0.0008013444489242789
7,0.21111111111111108,45.0,0.7853981633974483,0.14927809825049335,0.0,0.14927809825049335,48,30.42285909291524,-3.506896360097849e-12,-7.087054716167309e-09,5.022635684827138e-17
7,0.21111111111111108,45.0,0.7853981633974483,0.14927809825049335,0.0,0.14927809825049335,49,30.57781776649785,2.3530529252774814e-10,-4.23521070944075e-11,5.716228166690529e-20
7,0.21111111111111108,45.0,0.7853981633974483,0.14927809825049335,0.0,0.14927809825049335,50,30.57781776670913,-3.783766068514317e-09,3.5560380570965765e-11,1.4318150201906645e-17
7,0.21111111111111108,45.0,0.7853981633974483,0.14927809825049335,0.0,0.14927809825049335,51,31.301447737714017,0.0003174706053377081,-1.1134000883592057e-11,1.0078758525349093e-07
7,0.21111111111111108,45.0,0.7853981633974483,0.14927809825049335,0.0,0.14927809825049335,52,31.30144773792052,0.002663683337020687,-1.014879889586595e-11,7.095208919921663e-06
7,0.21111111111111108,45.0,0.7853981633974483,0.14927809825049335,0.0,0.14927809825049335,53,31.79394974414423,-2.728954374890069e-12,0.022459882875021486,0.0005044463387596835
7,0.21111111111111108,45.0,0.7853981633974483,0.14927809825049335,0.0,0.14927809825049335,54,32.54435131783464,7.690042427678319e-09,2.1784528449552166e-10,5.918420910746958e-17
7,0.21111111111111108,45.0,0.7853981633974483,0.14927809825049335,0.0,0.14927809825049335,55,33.239787173533706,0.0005198688806923616,-7.74844823347691e-10,2.7026365311292935e-07
7,0.21111111111111108,45.0,0.7853981633974483,0.14927809825049335,0.0,0.14927809825049335,56,33.84801129744537,-2.2584784996091367e-08,-9.75243469072863e-10,5.110236131436431e-16
7,0.21111111111111108,45.0,0.7853981633974483,0.14927809825049335,0.0,0.14927809825049335,57,33.87453766276373,-2.2126166369179944e-11,2.527448721467783e-08,6.388001935321512e-16
7,0.21111111111111108,45.0,0.7853981633974483,0.14927809825049335,0.0,0.14927809825049335,58,33.87453766290842,1.5878609203090129e-09,-5.279172604873912e-09,3.039096569429579e-17
7,0.21111111111111108,45.0,0.7853981633974483,0.14927809825049335,0.0,0.14927809825049335,59,34.047525019046134,-0.002628129764035092,1.5629927512590011e-10,6.907066056607173e-06
8,0.21111111111111108,67.5,1.1780972450961724,0.19504123464127163,0.0,0.08078872461040784,1,10.601089661427809,-1.7346039138324055e-12,-2.2062103127978871e-10,4.867664829369539e-20
8,0.21111111111111108,67.5,1.1780972450961724,0.19504123464127163,0.0,0.08078872461040784,2,12.52937925367041,3.1132780030553397e-10,-1.133563401351857e-12,9.692628420906732e-20
8,0.21111111111111108,67.5,1.1780972450961724,0.19504123464127163,0.0,0.08078872461040784,3,12.742641025626208,-4.953739189987676e-12,0.0756472117607288,0.005722500647172547
8,0.21111111111111108,67.5,1.1780972450961724,0.19504123464127163,0.0,0.08078872461040784,4,13.130725291782012,-3.03894742145561e-12,-1.6980064815526495e-09,2.8832352465962385e-18
8,0.21111111111111108,67.5,1.1780972450961724,0.19504123464127163,0.0,0.08078872461040784,5,13.130725291783854,-2.773814891945544e-11,2.3650241532035177e-09,5.594108650141495e-18
8,0.21111111111111108,67.5,1.1780972450961724,0.19504123464127163,0.0,0.08078872461040784,6,13.134244278463646,-0.019720775011445067,2.7173587683197923e-13,0.00038890896705203614
8,0.21111111111111108,67.5,1.1780972450961724,0.19504123464127163,0.0,0.08078872461040784,7,13.987379164703443,-5.495582770052827e-12,-0.09861795209986293,0.00972550047637086
8,0.21111111111111108,67.5,1.1780972450961724,0.19504123464127163,0.0,0.08078872461040784,8,13.987379164704198,4.506813531305508e-11,-0.15137313372779268,0.022913825614572204
8,0.21111111111111108,67.5,1.1780972450961724,0.19504123464127163,0.0,0.08078872461040784,9,14.627113026715655,2.5182308842067274e-12,8.561485191813214e-11,7.336244355749866e-21
8,0.21111111111111108,67.5,1.1780972450961724,0.19504123464127163,0.0,0.08078872461040784,10,15.474927381001192,-1.0217781685384143e-12,-0.05015990108493477,0.00251601567685044
8,0.21111111111111108,67.5,1.1780972450961724,0.19504123464127163,0.0,0.08078872461040784,11,16.694032611807582,-1.5263757825299305e-09,-1.766164022030322e-11,2.330134963029129e-18
8,0.21111111111111108,67.5,1.1780972450961724,0.19504123464127163,0.0,0.08078872461040784,12,16.966418124622876,0.00019303201205143355,-5.981619935158061e-11,3.7261357676628364e-08
8,0.21111111111111108,67.5,1.1780972450961724,0.19504123464127163,0.0,0.08078872461040784,13,17.036546647825844,8.578247928858873e-11,-1.940793043641955e-12,7.362400430535403e-21
8,0.21111111111111108,67.5,1.1780972450961724,0.19504123464127163,0.0,0.08078872461040784,14,17.03654664784861,7.892876166137474e-10,-1.7162230507379206e-13,6.229749711940254e-19
8,0.21111111111111108,67.5,1.1780972450961724,0.19504123464127163,0.0,0.08078872461040784,15,17.05320327059592,0.004842249500979409,-1.97641828350317e-12,2.3447380229735333e-05
8,0.21111111111111108,67.5,1.1780972450961724,0.19504123464127163,0.0,0.08078872461040784,16,17.053203270617626,0.015827716150962314,-6.273627575587154e-13,0.0002505165985554333
8,0.21111111111111108,67.5,1.1780972450961724,0.19504123464127163,0.0,0.08078872461040784,17,17.76622138238341,-1.0905162558762844e-09,-5.8563662394541474e-12,1.1892600013559604e-18
8,0.21111111111111108,67.5,1.1780972450961724,0.19504123464127163,0.0,0.08078872461040784,18,18.825760908026602,-5.734923500713617e-12,-5.964109447082673e-10,3.5573890431536696e-19
8,0.21111111111111108,67.5,1.1780972450961724,0.19504123464127163,0.0,0.08078872461040784,19,18.923821923349376,0.020055848262415278,9.975464332540008e-13,0.00040223704952502596
8,0.21111111111111108,67.5,1.1780972450961724,0.19504123464127163,0.0,0.08078872461040784,20,20.3060660028183,-2.6215174973159747e-12,0.04076301661944991,0.0016616235239175494
8,0.21111111111111108,67.5,1.1780972450961724,0.19504123464127163,0.0,0.08078872461040784,21,23.757108846036733,-1.3243803273361404e-10,-1.698613994380448e-12,1.7542717803851727e-20
8,0.21111111111111108,67.5,1.1780972450961724,0.19504123464127163,0.0,0.08078872461040784,22,23.75710884604802,6.871908625993438e-10,-2.395915507524356e-10,5.296353928319872e-19
8,0.21111111111111108,67.5,1.1780972450961724,0.19504123464127163,0.0,0.08078872461040784,23,23.84422923633635,-0.003368261475831923,-2.5150658721824932e-11,1.1345185369573443e-05
8,0.21111111111111108,67.5,1.1780972450961724,0.19504123464127163,0.0,0.08078872461040784,24,23.844229236379192,0.02314690049956697,3.3630349998748946e-10,0.0005357790027368537
8,0.21111111111111108,67.5,1.1780972450961724,0.19504123464127163,0.0,0.08078872461040784,25,24.180005762923916,6.732279133880287e-12,3.089105896468758e-09,9.542620563180385e-18
8,0.21111111111111108,67.5,1.1780972450961724,0.19504123464127163,0.0,0.08078872461040784,26,24.18000576292419,3.1028753403258105e-12,1.4020152992377655e-09,1.965656527132139e-18
8,0.21111111111111108,67.5,1.1780972450961724,0.19504123464127163,0.0,0.08078872461040784,27,25.328884414515628,-1.6066962487852837e-12,2.112925596814891e-10,4.464712724959149e-20
8,0.21111111111111108,67.5,1.1780972450961724,0.19504123464127163,0.0,0.08078872461040784,28,25.91832376952536,3.5948912411008038e-12,0.020421894808870578,0.00041705378758457505
8,0.21111111111111108,67.5,1.1780972450961724,0.19504123464127163,0.0,0.08078872461040784,29,26.291932671007505,0.0038552316296216528,-9.120238339462367e-12,1.4862810918035225e-05
8,0.21111111111111108,67.5,1.1780972450961724,0.19504123464127163,0.0,0.08078872461040784,30,26.43209942982244,0.012884483738284207,1.1639210955770139e-11,0.00016600992120211017
8,0.21111111111111108,67.5,1.1780972450961724,0.19504123464127163,0.0,0.08078872461040784,31,26.432099429879074,-0.0024167162203143416,-9.484279729624066e-12,5.840517289530437e-06
8,0.21111111111111108,67.5,1.1780972450961724,0.19504123464127163,0.0,0.08078872461040784,32,26.518243522671032,2.2939386885515455e-11,-1.0696807671178903e-11,6.406371650375503e-22
8,0.21111111111111108,67.5,1.1780972450961724,0.19504123464127163,0.0,0.08078872461040784,33,26.518243522730998,5.147974829843851e-10,1.4260314210846394e-11,2.652198050484503e-19
8,0.21111111111111108,67.5,1.1780972450961724,0.19504123464127163,0.0,0.08078872461040784,34,26.54608589484942,-7.705518971452843e-12,0.09889946017131546,0.009781103222177612
8,0.21111111111111108,67.5,1.1780972450961724,0.19504123464127163,0.0,0.08078872461040784,35,26.546085894850595,3.9084649833007624e-12,0.08277115549998453,0.006851064182802618
8,0.21111111111111108,67.5,1.1780972450961724,0.19504123464127163,0.0,0.08078872461040784,36,26.692547387677717,8.845211734714614e-10,1.4936110036609042e-11,7.826007937023569e-19
8,0.21111111111111108,67.5,1.1780972450961724,0.19504123464127163,0.0,0.08078872461040784,37,28.28123647832734,1.6946365561873598e-12,1.2098514270683128e-10,1.4640276548849896e-20
8,0.21111111111111108,67.5,1.1780972450961724,0.19504123464127163,0.0,0.08078872461040784,38,28.281236478348614,-1.8872868319284966e-12,5.504595747934074e-11,3.0336192864033593e-21
8,0.21111111111111108,67.5,1.1780972450961724,0.19504123464127163,0.0,0.08078872461040784,39,28.291774942128974,3.548063131826758e-13,-0.0024338323980636917,5.923540141864461e-06
8,0.21111111111111108,67.5,1.1780972450961724,0.19504123464127163,0.0,0.08078872461040784,40,28.29177494215093,3.147257041031666e-13,-0.00020232933886236726,4.093716136448264e-08
8,0.21111111111111108,67.5,1.1780972450961724,0.19504123464127163,0.0,0.08078872461040784,41,28.48692673989627,-9.399618873056329e-12,1.1173354943129969e-08,1.2484394903800188e-16
8,0.21111111111111108,67.5,1.1780972450961724,0.19504123464127163,0.0,0.08078872461040784,42,28.48692674002121,-2.160467527617732e-12,2.7507619573767784e-09,7.566696013771264e-18
8,0.21111111111111108,67.5,1.1780972450961724,0.19504123464127163,0.0,0.08078872461040784,43,28.53881613874187,-6.722833142315638e-13,-0.012444672345350726,0.00015486986978313714
8,0.21111111111111108,67.5,1.1780972450961724,0.19504123464127163,0.0,0.08078872461040784,44,28.538816138886954,1.7837221661743412e-12,-0.010716897848536853,0.00011485189949597383
8,0.21111111111111108,67.5,1.1780972450961724,0.19504123464127163,0.0,0.08078872461040784,45,29.479812918090055,-0.003208756435671413,-7.611549787203378e-11,1.0296117863462716e-05
8,0.21111111111111108,67.5,1.1780972450961724,0.19504123464127163,0.0,0.08078872461040784,46,29.577235615176054,-3.333431871070067e-12,-7.858916389672626e-09,6.176257793163307e-17
8,0.21111111111111108,67.5,1.1780972450961724,0.19504123464127163,0.0,0.08078872461040784,47,30.134609682809216,2.516110285001642e-12,0.014936294898417236,0.00022309290529248473
8,0.21111111111111108,67.5,1.1780972450961724,0.19504123464127163,0.0,0.08078872461040784,48,30.42285909291524,-2.3811346386409985e-12,-3.4934826754621498e-09,1.2204426873556348e-17
8,0.21111111111111108,67.5,1.1780972450961724,0.19504123464127163,0.0,0.08078872461040784,49,30.57781776649785,1.6524643366160664e-10,-2.2664747844921953e-11,2.7820074632753655e-20
8,0.21111111111111108,67.5,1.1780972450961724,0.19504123464127163,0.0,0.08078872461040784,50,30.57781776670913,-2.6517579291021075e-09,1.8618639245751772e-11,7.032166768283262e-18
8,0.21111111111111108,67.5,1.1780972450961724,0.19504123464127163,0.0,0.08078872461040784,51,31.301447737714017,0.00022597104765692793,-6.0605696649211545e-12,5.106291437916963e-08
8,0.21111111111111108,67.5,1.1780972450961724,0.19504123464127163,0.0,0.08078872461040784,52,31.30144773792052,0.0018959718167694836,-5.608508015307207e-12,3.5947091299841765e-06
8,0.21111111111111108,67.5,1.1780972450961724,0.19504123464127163,0.0,0.08078872461040784,53,31.79394974414423,-2.330374974386816e-12,0.011893296868245024,0.0001414505103962069
8,0.21111111111111108,67.5,1.1780972450961724,0.19504123464127163,0.0,0.08078872461040784,54,32.54435131783464,2.9170339351202895e-09,2.8219005837216686e-10,8.588718207687449e-18
8,0.21111111111111108,67.5,1.1780972450961724,0.19504123464127163,0.0,0.08078872461040784,55,33.239787173533706,0.0011058616239735589,-1.014303109459083e-09,1.2229299313784658e-06
8,0.21111111111111108,67.5,1.1780972450961724,0.19504123464127163,0.0,0.08078872461040784,56,33.84801129744537,-1.6300270463191203e-08,-1.2931843927464896e-09,2.6737114304682663e-16
8,0.21111111111111108,67.5,1.1780972450961724,0.19504123464127163,0.0,0.08078872461040784,57,33.87453766276373,-6.531027061592043e-12,3.2773452220095467e-08,1.074099213077195e-15
8,0.21111111111111108,67.5,1.1780972450961724,0.19504123464127163,0.0,0.08078872461040784,58,33.87453766290842,4.120904817997961e-10,-7.365370546944173e-09,5.4418501858982694e-17
8,0.21111111111111108,67.5,1.1780972450961724,0.19504123464127163,0.0,0.08078872461040784,59,34.047525019046134,-0.001677835545583738,1.9897827811434327e-10,2.8151321180243194e-06
9,0.21111111111111108,90.0,1.5707963267948966,0.21111111111111108,0.0,1.2926827324333171e-17,1,10.601089661427809,-9.304618382986166e-16,1.5825682965794641e-15,3.370281645868468e-30
9,0.21111111111111108,90.0,1.5707963267948966,0.21111111111111108,0.0,1.2926827324333171e-17,2,12.52937925367041,3.725105413759376e-10,-1.7522018192509273e-12,1.3876717364740955e-19
9,0.21111111111111108,90.0,1.5707963267948966,0.21111111111111108,0.0,1.2926827324333171e-17,3,12.742641025626208,-4.4554409058471895e-12,-8.491104203555881e-16,1.985095438648493e-23
9,0.21111111111111108,90.0,1.5707963267948966,0.21111111111111108,0.0,1.2926827324333171e-17,4,13.130725291782012,-1.6024603016737442e-12,-1.8463288584063926e-09,3.408932821263271e-18
9,0.21111111111111108,90.0,1.5707963267948966,0.21111111111111108,0.0,1.2926827324333171e-17,5,13.130725291783854,-1.571765503086764e-11,2.5880727280114256e-09,6.698367490156172e-18
9,0.21111111111111108,90.0,1.5707963267948966,0.21111111111111108,0.0,1.2926827324333171e-17,6,13.134244278463646,-0.01959169617418615,1.3740118279434005e-11,0.00038383455898162027
9,0.21111111111111108,90.0,1.5707963267948966,0.21111111111111108,0.0,1.2926827324333171e-17,7,13.987379164703443,-3.204393181764064e-12,-0.10681977900917373,0.011410465187568714
9,0.21111111111111108,90.0,1.5707963267948966,0.21111111111111108,0.0,1.2926827324333171e-17,8,13.987379164704198,2.8453392699131024e-11,-0.16396248706007988,0.02688369716292686
9,0.21111111111111108,90.0,1.5707963267948966,0.21111111111111108,0.0,1.2926827324333171e-17,9,14.627113026715655,3.2645956827741787e-15,-3.705167903317331e-15,2.4385854163760753e-29
9,0.21111111111111108,90.0,1.5707963267948966,0.21111111111111108,0.0,1.2926827324333171e-17,10,15.474927381001192,-1.985804486442178e-12,-1.6227033665732585e-15,3.9434220915400974e-24
9,0.21111111111111108,90.0,1.5707963267948966,0.21111111111111108,0.0,1.2926827324333171e-17,11,16.694032611807582,-1.5233389339154927e-09,-1.947641317603723e-11,2.3209408382529936e-18
9,0.21111111111111108,90.0,1.5707963267948966,0.21111111111111108,0.0,1.2926827324333171e-17,12,16.966418124622876,0.0060147119281693615,-3.550973533909585e-11,3.61767595788628e-05
9,0.21111111111111108,90.0,1.5707963267948966,0.21111111111111108,0.0,1.2926827324333171e-17,13,17.036546647825844,9.128585239965737e-16,-3.162684516443278e-14,1.0010906457398383e-27
9,0.21111111111111108,90.0,1.5707963267948966,0.21111111111111108,0.0,1.2926827324333171e-17,14,17.03654664784861,7.149770724733084e-17,-6.216625349186904e-14,3.864648185137461e-27
9,0.21111111111111108,90.0,1.5707963267948966,0.21111111111111108,0.0,1.2926827324333171e-17,15,17.05320327059592,3.156039997387888e-16,5.090996030953593e-14,2.591923664603175e-27
9,0.21111111111111108,90.0,1.5707963267948966,0.21111111111111108,0.0,1.2926827324333171e-17,16,17.053203270617626,-1.282035785129339e-15,2.396499341788255e-13,5.743373456766975e-26
9,0.21111111111111108,90.0,1.5707963267948966,0.21111111111111108,0.0,1.2926827324333171e-17,17,17.76622138238341,-1.5369214622760952e-09,-5.9481381509920835e-12,2.362162961552354e-18
9,0.21111111111111108,90.0,1.5707963267948966,0.21111111111111108,0.0,1.2926827324333171e-17,18,18.825760908026602,-2.7861767020598715e-14,2.9901504622027357e-15,7.852190612967335e-28
9,0.21111111111111108,90.0,1.5707963267948966,0.21111111111111108,0.0,1.2926827324333171e-17,19,18.923821923349376,0.021943820276782943,-1.0971156848194136e-11,0.00048153124833975023
9,0.21111111111111108,90.0,1.5707963267948966,0.21111111111111108,0.0,1.2926827324333171e-17,20,20.3060660028183,-1.774824120873907e-12,-5.26269535842464e-15,3.1500283559982726e-24
9,0.21111111111111108,90.0,1.5707963267948966,0.21111111111111108,0.0,1.2926827324333171e-17,21,23.757108846036733,-1.5077373562912757e-10,-1.909513976070374e-12,2.2736365599186862e-20
9,0.21111111111111108,90.0,1.5707963267948966,0.21111111111111108,0.0,1.2926827324333171e-17,22,23.75710884604802,8.698612926508351e-10,-2.5948039532741703e-10,8.239887440114544e-19
9,0.21111111111111108,90.0,1.5707963267948966,0.21111111111111108,0.0,1.2926827324333171e-17,23,23.84422923633635,-0.003949918321843784,-2.7271944749034896e-11,1.560185474923721e-05
9,0.21111111111111108,90.0,1.5707963267948966,0.21111111111111108,0.0,1.2926827324333171e-17,24,23.844229236379192,0.027144082105304793,3.6465354854609237e-10,0.000736801193339528
9,0.21111111111111108,90.0,1.5707963267948966,0.21111111111111108,0.0,1.2926827324333171e-17,25,24.180005762923916,6.7433032789704e-12,3.354876288423783e-09,1.1255240382767251e-17
9,0.21111111111111108,90.0,1.5707963267948966,0.21111111111111108,0.0,1.2926827324333171e-17,26,24.18000576292419,1.6893801875383427e-12,1.5225114068888505e-09,2.3180438381120847e-18
9,0.21111111111111108,90.0,1.5707963267948966,0.21111111111111108,0.0,1.2926827324333171e-17,27,25.328884414515628,3.3252712223233577e-14,-5.804635809628527e-15,1.1394366670836096e-27
9,0.21111111111111108,90.0,1.5707963267948966,0.21111111111111108,0.0,1.2926827324333171e-17,28,25.91832376952536,9.641655287244716e-12,5.11376901529535e-15,9.296154282868754e-23
9,0.21111111111111108,90.0,1.5707963267948966,0.21111111111111108,0.0,1.2926827324333171e-17,29,26.291932671007505,0.008587829808015203,1.6664965854465628e-11,7.375082081143445e-05
9,0.21111111111111108,90.0,1.5707963267948966,0.21111111111111108,0.0,1.2926827324333171e-17,30,26.43209942982244,-6.54321008465531e-15,5.449393803847524e-12,2.969593564301e-23
9,0.21111111111111108,90.0,1.5707963267948966,0.21111111111111108,0.0,1.2926827324333171e-17,31,26.432099429879074,-1.3920846867955291e-15,-3.1231110723101085e-13,9.754016559963516e-26
9,0.21111111111111108,90.0,1.5707963267948966,0.21111111111111108,0.0,1.2926827324333171e-17,32,26.518243522671032,2.312570254418231e-16,4.509738892138656e-14,2.0338279673386152e-27
9,0.21111111111111108,90.0,1.5707963267948966,0.21111111111111108,0.0,1.2926827324333171e-17,33,26.518243522730998,-3.8374908891261785e-16,-8.066385035805866e-14,6.506804017950521e-27
9,0.21111111111111108,90.0,1.5707963267948966,0.21111111111111108,0.0,1.2926827324333171e-17,34,26.54608589484942,-1.3884607263831023e-12,0.10730049439647148,0.011513396097727207
9,0.21111111111111108,90.0,1.5707963267948966,0.21111111111111108,0.0,1.2926827324333171e-17,35,26.546085894850595,4.786394649178011e-12,0.0898021676920794,0.00806442932219635
9,0.21111111111111108,90.0,1.5707963267948966,0.21111111111111108,0.0,1.2926827324333171e-17,36,26.692547387677717,1.1629117131878478e-09,1.6617740059945893e-11,1.3526398019541952e-18
9,0.21111111111111108,90.0,1.5707963267948966,0.21111111111111108,0.0,1.2926827324333171e-17,37,28.28123647832734,-5.783016207929847e-14,4.469011995171028e-15,3.364299714330913e-27
9,0.21111111111111108,90.0,1.5707963267948966,0.21111111111111108,0.0,1.2926827324333171e-17,38,28.281236478348614,9.534559801635133e-15,3.372155943233354e-16,9.102154496801143e-29
9,0.21111111111111108,90.0,1.5707963267948966,0.21111111111111108,0.0,1.2926827324333171e-17,39,28.291774942128974,4.237151430167001e-14,-4.055882567143768e-15,1.8117954076150866e-27
9,0.21111111111111108,90.0,1.5707963267948966,0.21111111111111108,0.0,1.2926827324333171e-17,40,28.29177494215093,7.847340291842028e-15,-3.246280238836551e-15,7.211908504502803e-29
9,0.21111111111111108,90.0,1.5707963267948966,0.21111111111111108,0.0,1.2926827324333171e-17,41,28.48692673989627,-6.595170893120811e-12,1.2088150781364506e-08,1.4612343280928243e-16
9,0.21111111111111108,90.0,1.5707963267948966,0.21111111111111108,0.0,1.2926827324333171e-17,42,28.48692674002121,-2.6208450923257346e-12,2.9354977311237063e-09,8.617153798261425e-18
9,0.21111111111111108,90.0,1.5707963267948966,0.21111111111111108,0.0,1.2926827324333171e-17,43,28.53881613874187,2.840878683584407e-12,-0.01213473114321018,0.00014725169991799505
9,0.21111111111111108,90.0,1.5707963267948966,0.21111111111111108,0.0,1.2926827324333171e-17,44,28.538816138886954,2.0114290874688732e-12,-0.010449988629253507,0.00010920226235152759
9,0.21111111111111108,90.0,1.5707963267948966,0.21111111111111108,0.0,1.2926827324333171e-17,45,29.479812918090055,-0.004849693744548587,-8.36634147438892e-11,2.3519529415913706e-05
9,0.21111111111111108,90.0,1.5707963267948966,0.21111111111111108,0.0,1.2926827324333171e-17,46,29.577235615176054,-1.5430223792089608e-13,3.278560082049572e-14,2.4884076248557712e-26
9,0.21111111111111108,90.0,1.5707963267948966,0.21111111111111108,0.0,1.2926827324333171e-17,47,30.134609682809216,9.073372716660735e-13,5.548273180365798e-14,8.263392580828307e-25
9,0.21111111111111108,90.0,1.5707963267948966,0.21111111111111108,0.0,1.2926827324333171e-17,48,30.42285909291524,-1.8861695053955722e-13,5.6528286101725027e-14,3.877180116044025e-26
9,0.21111111111111108,90.0,1.5707963267948966,0.21111111111111108,0.0,1.2926827324333171e-17,49,30.57781776649785,8.385827557569113e-17,-1.252330111414028e-14,1.568401030058097e-28
9,0.21111111111111108,90.0,1.5707963267948966,0.21111111111111108,0.0,1.2926827324333171e-17,50,30.57781776670913,8.594745837817644e-17,9.598589846689522e-14,9.213300091462721e-27
9,0.21111111111111108,90.0,1.5707963267948966,0.21111111111111108,0.0,1.2926827324333171e-17,51,31.301447737714017,-3.673263623340498e-16,-8.356492232565058e-15,6.996589108938572e-29
9,0.21111111111111108,90.0,1.5707963267948966,0.21111111111111108,0.0,1.2926827324333171e-17,52,31.30144773792052,-3.3644609965739176e-15,-2.6012387684367373e-13,6.767575090198019e-26
9,0.21111111111111108,90.0,1.5707963267948966,0.21111111111111108,0.0,1.2926827324333171e-17,53,31.79394974414423,-3.9654580687702554e-14,-1.2088800074796354e-13,1.6186394494357146e-26
9,0.21111111111111108,90.0,1.5707963267948966,0.21111111111111108,0.0,1.2926827324333171e-17,54,32.54435131783464,8.941383804068713e-10,3.042866141292583e-10,8.92073786854871e-19
9,0.21111111111111108,90.0,1.5707963267948966,0.21111111111111108,0.0,1.2926827324333171e-17,55,33.239787173533706,0.0013529762028215886,-1.097125508260739e-09,1.8305446054027282e-06
9,0.21111111111111108,90.0,1.5707963267948966,0.21111111111111108,0.0,1.2926827324333171e-17,56,33.84801129744537,-1.3720295963239906e-08,-1.4095157491484655e-09,1.9023325596599483e-16
9,0.21111111111111108,90.0,1.5707963267948966,0.21111111111111108,0.0,1.2926827324333171e-17,57,33.87453766276373,-1.2702794576701524e-14,3.5362134155340203e-08,1.2504805320204395e-15
9,0.21111111111111108,90.0,1.5707963267948966,0.21111111111111108,0.0,1.2926827324333171e-17,58,33.87453766290842,-7.46127356644254e-11,-8.18341638652853e-09,6.697387081562699e-17
9,0.21111111111111108,90.0,1.5707963267948966,0.21111111111111108,0.0,1.2926827324333171e-17,59,34.047525019046134,-0.0012826104433240394,2.1370837554215447e-10,1.6450895493239346e-06
10,0.3722222222222222,0.0,0.0,0.0,0.0,0.3722222222222222,1,10.601089661427809,-1.8451403837015193e-14,2.4886706514878943e-11,6.193485016120216e-22
10,0.3722222222222222,0.0,0.0,0.0,0.0,0.3722222222222222,2,12.52937925367041,-5.827447258592701e-11,-7.772785596268145e-14,3.3959201967875506e-21
10,0.3722222222222222,0.0,0.0,0.0,0.0,0.3722222222222222,3,12.742641025626208,-2.1592100876458444e-11,0.31341584402741274,0.09822949128741551
10,0.3722222222222222,0.0,0.0,0.0,0.0,0.3722222222222222,4,13.130725291782012,-3.4759952890824706e-11,9.926009562493315e-15,1.2082544234980186e-21
10,0.3722222222222222,0.0,0.0,0.0,0.0,0.3722222222222222,5,13.130725291783854,-3.056522251737621e-10,2.4711707960046225e-14,9.342328336434069e-20
10,0.3722222222222222,0.0,0.0,0.0,0.0,0.3722222222222222,6,13.134244278463646,-0.056849825651918456,-5.238078210879389e-11,0.003231902676653526
10,0.3722222222222222,0.0,0.0,0.0,0.0,0.3722222222222222,7,13.987379164703443,-6.012255895607992e-11,5.476833374937261e-15,3.614722125423009e-21
10,0.3722222222222222,0.0,0.0,0.0,0.0,0.3722222222222222,8,13.987379164704198,4.4038196392642265e-10,-2.848529300114573e-14,1.9393627496310493e-19
10,0.3722222222222222,0.0,0.0,0.0,0.0,0.3722222222222222,9,14.627113026715655,4.742656742841709e-14,-2.0086208788745053e-10,4.03455805997852e-20
10,0.3722222222222222,0.0,0.0,0.0,0.0,0.3722222222222222,10,15.474927381001192,3.2516916645669855e-11,-0.21785900608273986,0.047462546531359284
10,0.3722222222222222,0.0,0.0,0.0,0.0,0.3722222222222222,11,16.694032611807582,-3.5173738295936084e-09,-1.6468249290746274e-13,1.237191868423033e-17
10,0.3722222222222222,0.0,0.0,0.0,0.0,0.3722222222222222,12,16.966418124622876,-0.0937636907708704,-1.165841592908979e-10,0.008791629706975407
10,0.3722222222222222,0.0,0.0,0.0,0.0,0.3722222222222222,13,17.036546647825844,-1.4968563374721755e-14,2.3726023485477866e-12,5.629465962223976e-24
10,0.3722222222222222,0.0,0.0,0.0,0.0,0.3722222222222222,14,17.03654664784861,-2.1501608675971293e-15,1.3033106289358051e-12,1.6986232186888004e-24
10,0.3722222222222222,0.0,0.0,0.0,0.0,0.3722222222222222,15,17.05320327059592,-3.161521177729459e-15,-9.188398808931273e-12,8.442668266718581e-23
10,0.3722222222222222,0.0,0.0,0.0,0.0,0.3722222222222222,16,17.053203270617626,1.3506913496306467e-14,-5.83506473291651e-12,3.404816287403822e-23
10,0.3722222222222222,0.0,0.0,0.0,0.0,0.3722222222222222,17,17.76622138238341,3.9477795704193795e-09,-6.2809435929486524e-15,1.558496353666007e-17
10,0.3722222222222222,0.0,0.0,0.0,0.0,0.3722222222222222,18,18.825760908026602,4.042574891412058e-14,5.838939562276211e-10,3.4093215375338427e-19
10,0.3722222222222222,0.0,0.0,0.0,0.0,0.3722222222222222,19,18.923821923349376,0.028591705266844254,4.941733227360609e-11,0.0008174856100660894
10,0.3722222222222222,0.0,0.0,0.0,0.0,0.3722222222222222,20,20.3060660028183,-7.290234286344529e-12,0.19825728012293123,0.03930594912174242
10,0.3722222222222222,0.0,0.0,0.0,0.0,0.3722222222222222,21,23.757108846036733,-1.8348067111271411e-10,2.7590054566237594e-17,3.366515667197272e-20
10,0.3722222222222222,0.0,0.0,0.0,0.0,0.3722222222222222,22,23.75710884604802,-1.2419569508882404e-09,-3.1944735429953326e-14,1.5424570688800812e-18
10,0.3722222222222222,0.0,0.0,0.0,0.0,0.3722222222222222,23,23.84422923633635,1.2564059472101789e-10,1.9279289370428465e-13,1.578559621095093e-20
10,0.3722222222222222,0.0,0.0,0.0,0.0,0.3722222222222222,24,23.844229236379192,1.725846222987957e-09,-1.2461660266992379e-12,2.978546738331563e-18
10,0.3722222222222222,0.0,0.0,0.0,0.0,0.3722222222222222,25,24.180005762923916,1.9371530505664767e-11,-3.699628445517804e-17,3.752561941332694e-22
10,0.3722222222222222,0.0,0.0,0.0,0.0,0.3722222222222222,26,24.18000576292419,3.1427504888829526e-11,2.5921534720694313e-15,9.876880702566633e-22
10,0.3722222222222222,0.0,0.0,0.0,0.0,0.3722222222222222,27,25.328884414515628,8.894848563349886e-14,-1.9758418679259153e-09,3.9039510949608034e-18
10,0.3722222222222222,0.0,0.0,0.0,0.0,0.3722222222222222,28,25.91832376952536,-8.154363513059067e-11,0.06998274854644494,0.004897585094114942
10,0.3722222222222222,0.0,0.0,0.0,0.0,0.3722222222222222,29,26.291932671007505,-0.07145096482467787,-8.701077807902603e-11,0.005105240374377355
10,0.3722222222222222,0.0,0.0,0.0,0.0,0.3722222222222222,30,26.43209942982244,5.928506632206566e-14,3.389592065964858e-11,1.1489369520842802e-21
10,0.3722222222222222,0.0,0.0,0.0,0.0,0.3722222222222222,31,26.432099429879074,1.524711590156619e-14,-4.244487626477435e-11,1.8015677536065484e-21
10,0.3722222222222222,0.0,0.0,0.0,0.0,0.3722222222222222,32,26.518243522671032,-1.5929375229084381e-15,-4.477398352038378e-11,2.004709602821048e-21
10,0.3722222222222222,0.0,0.0,0.0,0.0,0.3722222222222222,33,26.518243522730998,4.369382134052169e-15,5.567787771686689e-11,3.100026086145883e-21
10,0.3722222222222222,0.0,0.0,0.0,0.0,0.3722222222222222,34,26.54608589484942,-1.3483851280251966e-10,2.9135438561935557e-15,1.8181424543283995e-20
10,0.3722222222222222,0.0,0.0,0.0,0.0,0.3722222222222222,35,26.546085894850595,2.2787341038537754e-12,8.634080332140988e-15,5.1927036634094506e-24
10,0.3722222222222222,0.0,0.0,0.0,0.0,0.3722222222222222,36,26.692547387677717,-4.32008027935622e-09,6.439519453919659e-14,1.866309362422925e-17
10,0.3722222222222222,0.0,0.0,0.0,0.0,0.3722222222222222,37,28.28123647832734,-5.282081033644674e-13,9.366097063974408e-10,8.772380211217006e-19
10,0.3722222222222222,0.0,0.0,0.0,0.0,0.3722222222222222,38,28.281236478348614,8.938421110681288e-14,2.1735831130488608e-10,4.7244643482848964e-20
10,0.3722222222222222,0.0,0.0,0.0,0.0,0.3722222222222222,39,28.291774942128974,4.730036700153845e-13,-6.521730313681616e-10,4.253298865764089e-19
10,0.3722222222222222,0.0,0.0,0.0,0.0,0.3722222222222222,40,28.29177494215093,8.46062921353893e-14,5.080465486394639e-11,2.581120114069381e-21
10,0.3722222222222222,0.0,0.0,0.0,0.0,0.3722222222222222,41,28.48692673989627,-6.85474262405882e-11,-1.400740439006378e-15,4.698749646170953e-21
10,0.3722222222222222,0.0,0.0,0.0,0.0,0.3722222222222222,42,28.48692674002121,4.756690760786428e-13,-4.3301770425459746e-17,2.26261071812553e-25
10,0.3722222222222222,0.0,0.0,0.0,0.0,0.3722222222222222,43,28.53881613874187,-5.4988123029390636e-11,-2.4097697673619148e-15,3.0236936801023912e-21
10,0.3722222222222222,0.0,0.0,0.0,0.0,0.3722222222222222,44,28.538816138886954,3.861171794122238e-13,-1.5536626992932892e-14,1.4932786301556897e-25
10,0.3722222222222222,0.0,0.0,0.0,0.0,0.3722222222222222,45,29.479812918090055,0.018726180922821696,-5.70562925265444e-13,0.00035066985195425125
10,0.3722222222222222,0.0,0.0,0.0,0.0,0.3722222222222222,46,29.577235615176054,-1.6500740995255297e-12,-3.44577300548204e-08,1.1873351632536175e-15
10,0.3722222222222222,0.0,0.0,0.0,0.0,0.3722222222222222,47,30.134609682809216,-9.080572360329696e-12,0.08047311624059783,0.00647592243747277
10,0.3722222222222222,0.0,0.0,0.0,0.0,0.3722222222222222,48,30.42285909291524,-2.030262812867848e-12,-2.8292804985454116e-08,8.004828180669044e-16
10,0.3722222222222222,0.0,0.0,0.0,0.0,0.3722222222222222,49,30.57781776649785,9.478289017426455e-16,-1.1102421386972736e-10,1.2326376066289341e-20
10,0.3722222222222222,0.0,0.0,0.0,0.0,0.3722222222222222,50,30.57781776670913,-3.642065884286864e-17,9.617927132640589e-11,9.25045223287973e-21
10,0.3722222222222222,0.0,0.0,0.0,0.0,0.3722222222222222,51,31.301447737714017,-2.0475488888103714e-15,-3.16480575454691e-11,1.00159955059378e-21
10,0.3722222222222222,0.0,0.0,0.0,0.0,0.3722222222222222,52,31.30144773792052,-4.1579354687166884e-14,-2.8910169873243155e-11,8.357996509425123e-22
10,0.3722222222222222,0.0,0.0,0.0,0.0,0.3722222222222222,53,31.79394974414423,5.0000304282714374e-12,0.06443602062301156,0.0041520007537291705
10,0.3722222222222222,0.0,0.0,0.0,0.0,0.3722222222222222,54,32.54435131783464,4.8542059779446806e-08,6.009981683494242e-14,2.3563315676349992e-15
10,0.3722222222222222,0.0,0.0,0.0,0.0,0.3722222222222222,55,33.239787173533706,-0.0006569020969460429,-1.895776913852844e-11,4.315203649721087e-07
10,0.3722222222222222,0.0,0.0,0.0,0.0,0.3722222222222222,56,33.84801129744537,-1.0135639383384257e-07,2.3932969935289823e-11,1.0273119143788052e-14
10,0.3722222222222222,0.0,0.0,0.0,0.0,0.3722222222222222,57,33.87453766276373,-1.3085432360113194e-10,-5.6806202802169445e-14,1.712285723205443e-20
10,0.3722222222222222,0.0,0.0,0.0,0.0,0.3722222222222222,58,33.87453766290842,9.713409961064432e-09,4.161333303595008e-12,9.43503503884006e-17
10,0.3722222222222222,0.0,0.0,0.0,0.0,0.3722222222222222,59,34.047525019046134,-0.012017544090607511,-1.1311571169173517e-11,0.0001444213659696955
11,0.3722222222222222,22.5,0.39269908169872414,0.14244327760256117,0.0,0.3438884926569789,1,10.601089661427809,-3.741943893512303e-12,-1.436552172465438e-10,2.0650823586253888e-20
11,0.3722222222222222,22.5,0.39269908169872414,0.14244327760256117,0.0,0.3438884926569789,2,12.52937925367041,-6.641863321084798e-11,6.582381373921088e-12,4.454762582148902e-21
11,0.3722222222222222,22.5,0.39269908169872414,0.14244327760256117,0.0,0.3438884926569789,3,12.742641025626208,-1.9859938604213325e-11,0.29023096234980106,0.08423401150649164
11,0.3722222222222222,22.5,0.39269908169872414,0.14244327760256117,0.0,0.3438884926569789,4,13.130725291782012,-3.097631927859322e-11,-1.2951022379907755e-09,1.6782493392047647e-18
11,0.3722222222222222,22.5,0.39269908169872414,0.14244327760256117,0.0,0.3438884926569789,5,13.130725291783854,-2.6931986061464044e-10,1.5839240140425805e-09,2.58134846958225e-18
11,0.3722222222222222,22.5,0.39269908169872414,0.14244327760256117,0.0,0.3438884926569789,6,13.134244278463646,-0.05656541557784142,-3.861681195670682e-11,0.0031996462394939047
11,0.3722222222222222,22.5,0.39269908169872414,0.14244327760256117,0.0,0.3438884926569789,7,13.987379164703443,-5.3098680395764296e-11,-0.06481062637406965,0.004200417290999252
11,0.3722222222222222,22.5,0.39269908169872414,0.14244327760256117,0.0,0.3438884926569789,8,13.987379164704198,3.9159930817423863e-10,-0.0994807474909624,0.009896419121360623
11,0.3722222222222222,22.5,0.39269908169872414,0.14244327760256117,0.0,0.3438884926569789,9,14.627113026715655,5.070529759796571e-12,1.4489968575264965e-10,2.10216292032616e-20
11,0.3722222222222222,22.5,0.39269908169872414,0.14244327760256117,0.0,0.3438884926569789,10,15.474927381001192,2.4859438901361395e-11,-0.2019113770439366,0.04076820417977873
11,0.3722222222222222,22.5,0.39269908169872414,0.14244327760256117,0.0,0.3438884926569789,11,16.694032611807582,-3.5099106279049348e-09,-9.356517664251849e-12,1.2319560160302816e-17
11,0.3722222222222222,22.5,0.39269908169872414,0.14244327760256117,0.0,0.3438884926569789,12,16.966418124622876,-0.0778381466758702,-1.3284034268109305e-10,0.006058777077934284
11,0.3722222222222222,22.5,0.39269908169872414,0.14244327760256117,0.0,0.3438884926569789,13,17.036546647825844,3.9147517078941813e-10,2.2365120279435134e-12,1.5325781133065524e-19
11,0.3722222222222222,22.5,0.39269908169872414,0.14244327760256117,0.0,0.3438884926569789,14,17.03654664784861,2.904754611619171e-09,3.288349444363734e-12,8.437610166964908e-18
11,0.3722222222222222,22.5,0.39269908169872414,0.14244327760256117,0.0,0.3438884926569789,15,17.05320327059592,0.013304935825825951,-7.721396495988058e-12,0.00017702131732934688
11,0.3722222222222222,22.5,0.39269908169872414,0.14244327760256117,0.0,0.3438884926569789,16,17.053203270617626,0.04348944610385004,-3.827152821658101e-12,0.0018913319224196775
11,0.3722222222222222,22.5,0.39269908169872414,0.14244327760256117,0.0,0.3438884926569789,17,17.76622138238341,2.879969452214939e-09,-9.156981534991656e-12,8.294307896002046e-18
11,0.3722222222222222,22.5,0.39269908169872414,0.14244327760256117,0.0,0.3438884926569789,18,18.825760908026602,-1.4343495362962898e-11,6.22930029613466e-10,3.8824755765346097e-19
11,0.3722222222222222,22.5,0.39269908169872414,0.14244327760256117,0.0,0.3438884926569789,19,18.923821923349376,0.03386012274833132,3.761078087037908e-11,0.0011465079125320642
11,0.3722222222222222,22.5,0.39269908169872414,0.14244327760256117,0.0,0.3438884926569789,20,20.3060660028183,-8.545646524468131e-12,0.18151922306388468,0.032949228341716326
11,0.3722222222222222,22.5,0.39269908169872414,0.14244327760256117,0.0,0.3438884926569789,21,23.757108846036733,-1.647420303098502e-10,-3.700216763060125e-13,2.7140073466652545e-20
11,0.3722222222222222,22.5,0.39269908169872414,0.14244327760256117,0.0,0.3438884926569789,22,23.75710884604802,-7.163673334912644e-10,-1.7373887829736277e-10,5.433673543254103e-19
11,0.3722222222222222,22.5,0.39269908169872414,0.14244327760256117,0.0,0.3438884926569789,23,23.84422923633635,-0.0016526260690470555,-1.7654812148296505e-11,2.7311729240939235e-06
11,0.3722222222222222,22.5,0.39269908169872414,0.14244327760256117,0.0,0.3438884926569789,24,23.844229236379192,0.011356950014495843,2.411041753108902e-10,0.00012898031363175718
11,0.3722222222222222,22.5,0.39269908169872414,0.14244327760256117,0.0,0.3438884926569789,25,24.180005762923916,1.8975484030782337e-11,2.052269283553559e-09,4.2121692812116405e-18
11,0.3722222222222222,22.5,0.39269908169872414,0.14244327760256117,0.0,0.3438884926569789,26,24.18000576292419,2.7697179682513786e-11,9.300302160796743e-10,8.65723336583571e-19
11,0.3722222222222222,22.5,0.39269908169872414,0.14244327760256117,0.0,0.3438884926569789,27,25.328884414515628,-5.4998005270869354e-12,-1.4105678853842974e-09,1.989732007083366e-18
11,0.3722222222222222,22.5,0.39269908169872414,0.14244327760256117,0.0,0.3438884926569789,28,25.91832376952536,-6.761721503640871e-11,0.07089674601414078,0.005026348595393587
11,0.3722222222222222,22.5,0.39269908169872414,0.14244327760256117,0.0,0.3438884926569789,29,26.291932671007505,-0.057427180041868864,-7.521919462711355e-11,0.0032978810075612215
11,0.3722222222222222,22.5,0.39269908169872414,0.14244327760256117,0.0,0.3438884926569789,30,26.43209942982244,0.03876543342557496,3.2841791068922007e-11,0.0015027588286726844
11,0.3722222222222222,22.5,0.39269908169872414,0.14244327760256117,0.0,0.3438884926569789,31,26.432099429879074,-0.00727115307986769,-3.8591057359228696e-11,5.28696671108694e-05
11,0.3722222222222222,22.5,0.39269908169872414,0.14244327760256117,0.0,0.3438884926569789,32,26.518243522671032,7.426804359766605e-10,-3.999364765362346e-11,5.531737218351246e-19
11,0.3722222222222222,22.5,0.39269908169872414,0.14244327760256117,0.0,0.3438884926569789,33,26.518243522730998,1.5839211770826774e-09,5.1553645364276974e-11,2.51146407356132e-18
11,0.3722222222222222,22.5,0.39269908169872414,0.14244327760256117,0.0,0.3438884926569789,34,26.54608589484942,-1.1733347408271741e-10,0.07048614063367355,0.004968296021430005
11,0.3722222222222222,22.5,0.39269908169872414,0.14244327760256117,0.0,0.3438884926569789,35,26.546085894850595,3.039292126372283e-12,0.05899141709517503,0.003479987290896909
11,0.3722222222222222,22.5,0.39269908169872414,0.14244327760256117,0.0,0.3438884926569789,36,26.692547387677717,-3.0895164384451843e-09,4.214833755831895e-12,9.545129588246605e-18
11,0.3722222222222222,22.5,0.39269908169872414,0.14244327760256117,0.0,0.3438884926569789,37,28.28123647832734,3.905725786711487e-12,6.634957645673799e-10,4.40241884292773e-19
11,0.3722222222222222,22.5,0.39269908169872414,0.14244327760256117,0.0,0.3438884926569789,38,28.281236478348614,-4.52589546729537e-12,2.077438763007882e-10,4.3178001870258073e-20
11,0.3722222222222222,22.5,0.39269908169872414,0.14244327760256117,0.0,0.3438884926569789,39,28.291774942128974,1.4777663649879184e-12,-0.005092421055318067,2.5932752204646774e-05
11,0.3722222222222222,22.5,0.39269908169872414,0.14244327760256117,0.0,0.3438884926569789,40,28.29177494215093,1.15599459418787e-12,-0.00042334306767574046,1.7921935294910658e-07
11,0.3722222222222222,22.5,0.39269908169872414,0.14244327760256117,0.0,0.3438884926569789,41,28.48692673989627,-6.511491117129165e-11,8.27512399364436e-09,6.848191706184543e-17
11,0.3722222222222222,22.5,0.39269908169872414,0.14244327760256117,0.0,0.3438884926569789,42,28.48692674002121,-2.7683938349892087e-13,2.574613956085323e-09,6.628637099509361e-18
11,0.3722222222222222,22.5,0.39269908169872414,0.14244327760256117,0.0,0.3438884926569789,43,28.53881613874187,-5.0230284735854826e-11,-0.021435832494308922,0.00045949491472407027
11,0.3722222222222222,22.5,0.39269908169872414,0.14244327760256117,0.0,0.3438884926569789,44,28.538816138886954,1.28491134979285e-12,-0.018459749081245078,0.0003407623361425285
11,0.3722222222222222,22.5,0.39269908169872414,0.14244327760256117,0.0,0.3438884926569789,45,29.479812918090055,0.013970434720129939,-4.598399499103585e-11,0.00019517304626941209
11,0.3722222222222222,22.5,0.39269908169872414,0.14244327760256117,0.0,0.3438884926569789,46,29.577235615176054,-9.293437544208143e-12,-3.1757610352591196e-08,1.0085459016749889e-15
11,0.3722222222222222,22.5,0.39269908169872414,0.14244327760256117,0.0,0.3438884926569789,47,30.134609682809216,-4.725382743955526e-13,0.07237786303208964,0.005238555057091927
11,0.3722222222222222,22.5,0.39269908169872414,0.14244327760256117,0.0,0.3438884926569789,48,30.42285909291524,-5.654875506093441e-12,-2.4520911896641572e-08,6.012751522204752e-16
11,0.3722222222222222,22.5,0.39269908169872414,0.14244327760256117,0.0,0.3438884926569789,49,30.57781776649785,5.237085646519888e-10,-1.014200813645097e-10,2.8455669359383014e-19
11,0.3722222222222222,22.5,0.39269908169872414,0.14244327760256117,0.0,0.3438884926569789,50,30.57781776670913,-8.606513806552516e-09,8.574790993871098e-11,7.407943260643794e-17
11,0.3722222222222222,22.5,0.39269908169872414,0.14244327760256117,0.0,0.3438884926569789,51,31.301447737714017,0.0006588659047075272,-2.951188223956023e-11,4.341042803860692e-07
11,0.3722222222222222,22.5,0.39269908169872414,0.14244327760256117,0.0,0.3438884926569789,52,31.30144773792052,0.005528102397457874,-2.6882119464591633e-11,3.055991611677949e-05
11,0.3722222222222222,22.5,0.39269908169872414,0.14244327760256117,0.0,0.3438884926569789,53,31.79394974414423,-3.640157048847984e-12,0.058158966245904796,0.0033824653547922935
11,0.3722222222222222,22.5,0.39269908169872414,0.14244327760256117,0.0,0.3438884926569789,54,32.54435131783464,4.300039688081249e-08,1.999922275318543e-10,1.8490741287984614e-15
11,0.3722222222222222,22.5,0.39269908169872414,0.14244327760256117,0.0,0.3438884926569789,55,33.239787173533706,-1.8830929984607922e-05,-6.890370551530953e-10,3.5460392455997776e-10
11,0.3722222222222222,22.5,0.39269908169872414,0.14244327760256117,0.0,0.3438884926569789,56,33.84801129744537,-9.256219569734538e-08,-7.480557857551434e-10,8.568319659772263e-15
11,0.3722222222222222,22.5,0.39269908169872414,0.14244327760256117,0.0,0.3438884926569789,57,33.87453766276373,-1.1266898542298171e-10,2.2078261548519265e-08,4.874623273051005e-16
11,0.3722222222222222,22.5,0.39269908169872414,0.14244327760256117,0.0,0.3438884926569789,58,33.87453766290842,8.322724478949747e-09,-5.694466936959316e-09,1.0169469644863214e-16
11,0.3722222222222222,22.5,0.39269908169872414,0.14244327760256117,0.0,0.3438884926569789,59,34.047525019046134,-0.010871656654294416,1.532886039485077e-10,0.00011819291840886408
12,0.3722222222222222,45.0,0.7853981633974483,0.2632008574416593,0.0,0.26320085744165933,1,10.601089661427809,-5.52414807584483e-12,-4.2145945406950873e-10,1.776585876365322e-19
12,0.3722222222222222,45.0,0.7853981633974483,0.2632008574416593,0.0,0.26320085744165933,2,12.52937925367041,-8.72946079019486e-11,7.75445835266864e-12,7.68048019309822e-21
12,0.3722222222222222,45.0,0.7853981633974483,0.2632008574416593,0.0,0.26320085744165933,3,12.742641025626208,-1.6374964874228888e-11,0.22337803731590083,0.04989774755510398
12,0.3722222222222222,45.0,0.7853981633974483,0.2632008574416593,0.0,0.26320085744165933,4,13.130725291782012,-2.1290863170778794e-11,-2.4884416249664196e-09,6.192795021720072e-18
12,0.3722222222222222,45.0,0.7853981633974483,0.2632008574416593,0.0,0.26320085744165933,5,13.130725291783854,-1.8060287240364662e-10,3.2211977173940694e-09,1.040873213206521e-17
12,0.3722222222222222,45.0,0.7853981633974483,0.2632008574416593,0.0,0.26320085744165933,6,13.134244278463646,-0.05587503132524939,-2.2400953338362148e-11,0.0031220191255976006
12,0.3722222222222222,45.0,0.7853981633974483,0.2632008574416593,0.0,0.26320085744165933,7,13.987379164703443,-3.6219749989582794e-11,-0.12040868247503021,0.014498250815372649
12,0.3722222222222222,45.0,0.7853981633974483,0.2632008574416593,0.0,0.26320085744165933,8,13.987379164704198,2.7047877129098206e-10,-0.18482070645156717,0.03415869353325637
12,0.3722222222222222,45.0,0.7853981633974483,0.2632008574416593,0.0,0.26320085744165933,9,14.627113026715655,7.63813018922086e-12,7.128465559614527e-10,5.082085533788921e-19
12,0.3722222222222222,45.0,0.7853981633974483,0.2632008574416593,0.0,0.26320085744165933,10,15.474927381001192,1.1028168556239981e-11,-0.15571397798356373,0.02424684293946577
12,0.3722222222222222,45.0,0.7853981633974483,0.2632008574416593,0.0,0.26320085744165933,11,16.694032611807582,-3.3693589421048296e-09,-2.009422152524333e-11,1.1352983458480481e-17
12,0.3722222222222222,45.0,0.7853981633974483,0.2632008574416593,0.0,0.26320085744165933,12,16.966418124622876,-0.03925151800998063,-1.2603860630429935e-10,0.0015406816660878335
12,0.3722222222222222,45.0,0.7853981633974483,0.2632008574416593,0.0,0.26320085744165933,13,17.036546647825844,4.913105385335306e-10,1.8888745635892176e-12,2.4138961312122486e-19
12,0.3722222222222222,45.0,0.7853981633974483,0.2632008574416593,0.0,0.26320085744165933,14,17.03654664784861,3.8709317442973095e-09,6.646665246648045e-12,1.4984156747167512e-17
12,0.3722222222222222,45.0,0.7853981633974483,0.2632008574416593,0.0,0.26320085744165933,15,17.05320327059592,0.01886293548682004,-4.631312844427478e-12,0.0003558103351799348
12,0.3722222222222222,45.0,0.7853981633974483,0.2632008574416593,0.0,0.26320085744165933,16,17.053203270617626,0.06165671345669708,-4.793592755198799e-13,0.0038015503142812507
12,0.3722222222222222,45.0,0.7853981633974483,0.2632008574416593,0.0,0.26320085744165933,17,17.76622138238341,2.566983490155792e-10,-1.4066037380404703e-11,6.609189579491106e-20
12,0.3722222222222222,45.0,0.7853981633974483,0.2632008574416593,0.0,0.26320085744165933,18,18.825760908026602,-2.1502276197773458e-11,6.136931726007618e-10,3.770816579784737e-19
12,0.3722222222222222,45.0,0.7853981633974483,0.2632008574416593,0.0,0.26320085744165933,19,18.923821923349376,0.04660842286474901,1.959120109719036e-11,0.0021723450819392583
12,0.3722222222222222,45.0,0.7853981633974483,0.2632008574416593,0.0,0.26320085744165933,20,20.3060660028183,-8.720837429663486e-12,0.13587509482980403,0.01846204139500824
12,0.3722222222222222,45.0,0.7853981633974483,0.2632008574416593,0.0,0.26320085744165933,21,23.757108846036733,-1.8221466737549137e-10,-1.3156105130374283e-12,3.3203915837782974e-20
12,0.3722222222222222,45.0,0.7853981633974483,0.2632008574416593,0.0,0.26320085744165933,22,23.75710884604802,5.219196802945245e-10,-3.2180999689784326e-10,3.759618267821286e-19
12,0.3722222222222222,45.0,0.7853981633974483,0.2632008574416593,0.0,0.26320085744165933,23,23.84422923633635,-0.005683216505479159,-3.286887673287043e-11,3.2298949848150744e-05
12,0.3722222222222222,45.0,0.7853981633974483,0.2632008574416593,0.0,0.26320085744165933,24,23.844229236379192,0.03905541452304321,4.492362851488966e-10,0.0015253254035667346
12,0.3722222222222222,45.0,0.7853981633974483,0.2632008574416593,0.0,0.26320085744165933,25,24.180005762923916,1.8322382774552832e-11,3.850340144293992e-09,1.482545493647242e-17
12,0.3722222222222222,45.0,0.7853981633974483,0.2632008574416593,0.0,0.26320085744165933,26,24.18000576292419,1.8259582539603903e-11,1.7506269906247302e-09,3.06502827265832e-18
12,0.3722222222222222,45.0,0.7853981633974483,0.2632008574416593,0.0,0.26320085744165933,27,25.328884414515628,-6.910763250699892e-12,-2.9975013030775346e-10,8.98978992682224e-20
12,0.3722222222222222,45.0,0.7853981633974483,0.2632008574416593,0.0,0.26320085744165933,28,25.91832376952536,-2.981952139328606e-11,0.06585003517802182,0.004336227132946712
12,0.3722222222222222,45.0,0.7853981633974483,0.2632008574416593,0.0,0.26320085744165933,29,26.291932671007505,-0.023137836776660124,-5.838970922512576e-11,0.0005353594907033658
12,0.3722222222222222,45.0,0.7853981633974483,0.2632008574416593,0.0,0.26320085744165933,30,26.43209942982244,0.055360951920739414,2.5299523247824047e-11,0.003064834997570421
12,0.3722222222222222,45.0,0.7853981633974483,0.2632008574416593,0.0,0.26320085744165933,31,26.432099429879074,-0.01038394046560366,-2.8237612751641017e-11,0.00010782621959320115
12,0.3722222222222222,45.0,0.7853981633974483,0.2632008574416593,0.0,0.26320085744165933,32,26.518243522671032,6.19495021567358e-10,-2.8004386641697993e-11,3.8455832741791905e-19
12,0.3722222222222222,45.0,0.7853981633974483,0.2632008574416593,0.0,0.26320085744165933,33,26.518243522730998,2.2527643976656936e-09,3.96919798103832e-11,5.076522884651343e-18
12,0.3722222222222222,45.0,0.7853981633974483,0.2632008574416593,0.0,0.26320085744165933,34,26.54608589484942,-7.339118066204083e-11,0.13247928035265863,0.01755075972275832
12,0.3722222222222222,45.0,0.7853981633974483,0.2632008574416593,0.0,0.26320085744165933,35,26.546085894850595,6.399573472069066e-12,0.11087485303742209,0.012293233036069946
12,0.3722222222222222,45.0,0.7853981633974483,0.2632008574416593,0.0,0.26320085744165933,36,26.692547387677717,-4.563545606475638e-10,1.1518675160351625e-11,2.083921649012807e-19
12,0.3722222222222222,45.0,0.7853981633974483,0.2632008574416593,0.0,0.26320085744165933,37,28.28123647832734,5.633957660086594e-12,1.5356161277931344e-10,2.361291039829945e-20
12,0.3722222222222222,45.0,0.7853981633974483,0.2632008574416593,0.0,0.26320085744165933,38,28.281236478348614,-6.7157338916626325e-12,1.6955370059977836e-10,2.879355846878291e-20
12,0.3722222222222222,45.0,0.7853981633974483,0.2632008574416593,0.0,0.26320085744165933,39,28.291774942128974,1.8902738423103242e-12,-0.013316762111635058,0.000177336153137879
12,0.3722222222222222,45.0,0.7853981633974483,0.2632008574416593,0.0,0.26320085744165933,40,28.29177494215093,1.6535840646286942e-12,-0.0011070490402226814,1.2255575774579601e-06
12,0.3722222222222222,45.0,0.7853981633974483,0.2632008574416593,0.0,0.26320085744165933,41,28.48692673989627,-5.145321434327608e-11,1.5194354548002438e-08,2.3087105756366867e-16
12,0.3722222222222222,45.0,0.7853981633974483,0.2632008574416593,0.0,0.26320085744165933,42,28.48692674002121,-2.670545525916456e-12,4.367135851788637e-09,1.907188267979107e-17
12,0.3722222222222222,45.0,0.7853981633974483,0.2632008574416593,0.0,0.26320085744165933,43,28.53881613874187,-3.257192127807443e-11,-0.02808884949891227,0.0007889834661725442
12,0.3722222222222222,45.0,0.7853981633974483,0.2632008574416593,0.0,0.26320085744165933,44,28.538816138886954,3.0596444631313127e-12,-0.024189085148709138,0.0005851118403315009
12,0.3722222222222222,45.0,0.7853981633974483,0.2632008574416593,0.0,0.26320085744165933,45,29.479812918090055,0.002268171875544026,-9.317728899634991e-11,5.144603657008913e-06
12,0.3722222222222222,45.0,0.7853981633974483,0.2632008574416593,0.0,0.26320085744165933,46,29.577235615176054,-1.2552283121154656e-11,-2.418791177521964e-08,5.850552336056206e-16
12,0.3722222222222222,45.0,0.7853981633974483,0.2632008574416593,0.0,0.26320085744165933,47,30.134609682809216,7.29173096356847e-12,0.0517327773088482,0.002676280248086879
12,0.3722222222222222,45.0,0.7853981633974483,0.2632008574416593,0.0,0.26320085744165933,48,30.42285909291524,-6.0412718111837444e-12,-1.576424066719279e-08,2.4851132031014005e-16
12,0.3722222222222222,45.0,0.7853981633974483,0.2632008574416593,0.0,0.26320085744165933,49,30.57781776649785,7.235498489042965e-10,-7.546172891383371e-11,5.292188563800952e-19
12,0.3722222222222222,45.0,0.7853981633974483,0.2632008574416593,0.0,0.26320085744165933,50,30.57781776670913,-1.1856839036089976e-08,5.981559462820834e-11,1.405882098331078e-16
12,0.3722222222222222,45.0,0.7853981633974483,0.2632008574416593,0.0,0.26320085744165933,51,31.301447737714017,0.0009505132469714931,-2.3182882604956645e-11,9.034754326682911e-07
12,0.3722222222222222,45.0,0.7853981633974483,0.2632008574416593,0.0,0.26320085744165933,52,31.30144773792052,0.007975120115638742,-2.097812388642547e-11,6.36025408588657e-05
12,0.3722222222222222,45.0,0.7853981633974483,0.2632008574416593,0.0,0.26320085744165933,53,31.79394974414423,-9.480776045615107e-12,0.04195870056848158,0.0017605325533954967
12,0.3722222222222222,45.0,0.7853981633974483,0.2632008574416593,0.0,0.26320085744165933,54,32.54435131783464,2.8719365547136718e-08,3.625318608750446e-10,8.24933386780213e-16
12,0.3722222222222222,45.0,0.7853981633974483,0.2632008574416593,0.0,0.26320085744165933,55,33.239787173533706,0.0016130506836159377,-1.2827548879075869e-09,2.601932507915489e-06
12,0.3722222222222222,45.0,0.7853981633974483,0.2632008574416593,0.0,0.26320085744165933,56,33.84801129744537,-7.179110662593894e-08,-1.4669399472659014e-09,5.156114903385818e-15
12,0.3722222222222222,45.0,0.7853981633974483,0.2632008574416593,0.0,0.26320085744165933,57,33.87453766276373,-6.823572038828919e-11,3.99104841068786e-08,1.592851397758946e-15
12,0.3722222222222222,45.0,0.7853981633974483,0.2632008574416593,0.0,0.26320085744165933,58,33.87453766290842,4.973418001872026e-09,-1.2235222958526865e-08,1.744355674662076e-16
12,0.3722222222222222,45.0,0.7853981633974483,0.2632008574416593,0.0,0.26320085744165933,59,34.047525019046134,-0.008069384497397837,2.6285090181794436e-10,6.511496616684461e-05
13,0.3722222222222222,67.5,1.1780972450961724,0.3438884926569789,0.0,0.1424432776025612,1,10.601089661427809,-4.0741085059083825e-12,-3.9944288761674554e-10,1.5957121882772193e-19
13,0.3722222222222222,67.5,1.1780972450961724,0.3438884926569789,0.0,0.1424432776025612,2,12.52937925367041,-1.0951149641601543e-10,4.282467788305603e-12,1.2011107377632835e-20
13,0.3722222222222222,67.5,1.1780972450961724,0.3438884926569789,0.0,0.1424432776025612,3,12.742641025626208,-1.3353048372273571e-11,0.1215668062747296,0.014778488387837636
13,0.3722222222222222,67.5,1.1780972450961724,0.3438884926569789,0.0,0.1424432776025612,4,13.130725291782012,-1.0855692772676258e-11,-3.3787196684889466e-09,1.1415864444299632e-17
13,0.3722222222222222,67.5,1.1780972450961724,0.3438884926569789,0.0,0.1424432776025612,5,13.130725291783854,-9.041473669473552e-11,4.609265639737695e-09,2.1253504562278122e-17
13,0.3722222222222222,67.5,1.1780972450961724,0.3438884926569789,0.0,0.1424432776025612,6,13.134244278463646,-0.055179292910016886,-5.1528402847503885e-12,0.0030447543660494397
13,0.3722222222222222,67.5,1.1780972450961724,0.3438884926569789,0.0,0.1424432776025612,7,13.987379164703443,-1.9179885119094e-11,-0.158180773723089,0.025021157175635085
13,0.3722222222222222,67.5,1.1780972450961724,0.3438884926569789,0.0,0.1424432776025612,8,13.987379164704198,1.4502127115218215e-10,-0.2427987897878549,0.058951252322446954
13,0.3722222222222222,67.5,1.1780972450961724,0.3438884926569789,0.0,0.1424432776025612,9,14.627113026715655,5.748281671205177e-12,7.049088085023131e-10,4.969294710463221e-19
13,0.3722222222222222,67.5,1.1780972450961724,0.3438884926569789,0.0,0.1424432776025612,10,15.474927381001192,-1.2074674301875366e-12,-0.084911237654025,0.007209918279938313
13,0.3722222222222222,67.5,1.1780972450961724,0.3438884926569789,0.0,0.1424432776025612,11,16.694032611807582,-3.0579539094383096e-09,-3.030412907476355e-11,9.352000452488021e-18
13,0.3722222222222222,67.5,1.1780972450961724,0.3438884926569789,0.0,0.1424432776025612,12,16.966418124622876,-0.00046781795981953617,-9.804894713115526e-11,2.1885364352972277e-07
13,0.3722222222222222,67.5,1.1780972450961724,0.3438884926569789,0.0,0.1424432776025612,13,17.036546647825844,3.0383404601338926e-10,1.1617342168846016e-12,9.231647714325702e-20
13,0.3722222222222222,67.5,1.1780972450961724,0.3438884926569789,0.0,0.1424432776025612,14,17.03654664784861,2.571196681728452e-09,5.98745048356169e-12,6.611088225694695e-18
13,0.3722222222222222,67.5,1.1780972450961724,0.3438884926569789,0.0,0.1424432776025612,15,17.05320327059592,0.013371360376261018,-1.8554076651258884e-12,0.0001787932783118432
13,0.3722222222222222,67.5,1.1780972450961724,0.3438884926569789,0.0,0.1424432776025612,16,17.053203270617626,0.043706565999708076,1.011504100938057e-12,0.001910263911486838
13,0.3722222222222222,67.5,1.1780972450961724,0.3438884926569789,0.0,0.1424432776025612,17,17.76622138238341,-2.42757439662671e-09,-1.4520965104807081e-11,5.893328309585111e-18
13,0.3722222222222222,67.5,1.1780972450961724,0.3438884926569789,0.0,0.1424432776025612,18,18.825760908026602,-1.6090003410680312e-11,3.9308549380312965e-10,1.5477509364820597e-19
13,0.3722222222222222,67.5,1.1780972450961724,0.3438884926569789,0.0,0.1424432776025612,19,18.923821923349376,0.05939839203894554,-2.3094525676322262e-12,0.003528168976812269
13,0.3722222222222222,67.5,1.1780972450961724,0.3438884926569789,0.0,0.1424432776025612,20,20.3060660028183,-7.564469789392878e-12,0.07187388618737969,0.005165855515676409
13,0.3722222222222222,67.5,1.1780972450961724,0.3438884926569789,0.0,0.1424432776025612,21,23.757108846036733,-2.890069846328655e-10,-2.4337268296308214e-12,8.353096019286261e-20
13,0.3722222222222222,67.5,1.1780972450961724,0.3438884926569789,0.0,0.1424432776025612,22,23.75710884604802,1.7171849855508552e-09,-4.2242377660714983e-10,3.127166121644338e-18
13,0.3722222222222222,67.5,1.1780972450961724,0.3438884926569789,0.0,0.1424432776025612,23,23.84422923633635,-0.009771763396642832,-4.3189143522012324e-11,9.548735987996867e-05
13,0.3722222222222222,67.5,1.1780972450961724,0.3438884926569789,0.0,0.1424432776025612,24,23.844229236379192,0.06715216005670266,5.918982334548388e-10,0.004509412600281012
13,0.3722222222222222,67.5,1.1780972450961724,0.3438884926569789,0.0,0.1424432776025612,25,24.180005762923916,1.807221869950756e-11,5.096576502400178e-09,2.5975418649906353e-17
13,0.3722222222222222,67.5,1.1780972450961724,0.3438884926569789,0.0,0.1424432776025612,26,24.18000576292419,8.196903823260478e-12,2.326619331745887e-09,5.413224704085967e-18
13,0.3722222222222222,67.5,1.1780972450961724,0.3438884926569789,0.0,0.1424432776025612,27,25.328884414515628,-4.18066721550771e-12,2.697667299626404e-10,7.279156657310296e-20
13,0.3722222222222222,67.5,1.1780972450961724,0.3438884926569789,0.0,0.1424432776025612,28,25.91832376952536,1.0610575731463264e-11,0.04195207997704916,0.0017599770144007291
13,0.3722222222222222,67.5,1.1780972450961724,0.3438884926569789,0.0,0.1424432776025612,29,26.291932671007505,0.011765694889817846,-2.3040641823425022e-11,0.00013843157624028577
13,0.3722222222222222,67.5,1.1780972450961724,0.3438884926569789,0.0,0.1424432776025612,30,26.43209942982244,0.03952767329355188,1.6967415396924373e-11,0.0015624369560017742
13,0.3722222222222222,67.5,1.1780972450961724,0.3438884926569789,0.0,0.1424432776025612,31,26.432099429879074,-0.007414124734610771,-1.4772184585918357e-11,5.4969245580367235e-05
13,0.3722222222222222,67.5,1.1780972450961724,0.3438884926569789,0.0,0.1424432776025612,32,26.518243522671032,1.353073397558617e-10,-1.3646753126163032e-11,1.8494310062694638e-20
13,0.3722222222222222,67.5,1.1780972450961724,0.3438884926569789,0.0,0.1424432776025612,33,26.518243522730998,1.601500110557741e-09,2.1550376081038086e-11,2.5652670228256907e-18
13,0.3722222222222222,67.5,1.1780972450961724,0.3438884926569789,0.0,0.1424432776025612,34,26.54608589484942,-2.937295891794205e-11,0.1760059530339076,0.030978095503374086
13,0.3722222222222222,67.5,1.1780972450961724,0.3438884926569789,0.0,0.1424432776025612,35,26.546085894850595,1.0094571471669878e-11,0.1473032924425518,0.02169825996441594
13,0.3722222222222222,67.5,1.1780972450961724,0.3438884926569789,0.0,0.1424432776025612,36,26.692547387677717,1.7017796219331042e-09,1.974184597835634e-11,2.896443622109412e-18
13,0.3722222222222222,67.5,1.1780972450961724,0.3438884926569789,0.0,0.1424432776025612,37,28.28123647832734,3.827683636720093e-12,-9.422600291944785e-11,8.89319078819861e-21
13,0.3722222222222222,67.5,1.1780972450961724,0.3438884926569789,0.0,0.1424432776025612,38,28.281236478348614,-4.93298846997769e-12,9.573782533212303e-11,9.190065574569032e-21
13,0.3722222222222222,67.5,1.1780972450961724,0.3438884926569789,0.0,0.1424432776025612,39,28.291774942128974,1.3550230232115212e-12,-0.012311930634566176,0.00015158363595036908
13,0.3722222222222222,67.5,1.1780972450961724,0.3438884926569789,0.0,0.1424432776025612,40,28.29177494215093,1.2113647623481624e-12,-0.0010235154211449768,1.0475838173215792e-06
13,0.3722222222222222,67.5,1.1780972450961724,0.3438884926569789,0.0,0.1424432776025612,41,28.48692673989627,-3.0121679712230084e-11,1.975522379982007e-08,3.9026977469656605e-16
13,0.3722222222222222,67.5,1.1780972450961724,0.3438884926569789,0.0,0.1424432776025612,42,28.48692674002121,-5.903863825956582e-12,5.209954199738259e-09,2.71436576189784e-17
13,0.3722222222222222,67.5,1.1780972450961724,0.3438884926569789,0.0,0.1424432776025612,43,28.53881613874187,-5.767360640223137e-12,-0.021626058492121594,0.0004676864059046645
13,0.3722222222222222,67.5,1.1780972450961724,0.3438884926569789,0.0,0.1424432776025612,44,28.538816138886954,4.560610544557552e-12,-0.018623572485213073,0.0003468374521119854
13,0.3722222222222222,67.5,1.1780972450961724,0.3438884926569789,0.0,0.1424432776025612,45,29.479812918090055,-0.009747436031721594,-1.3546557751671938e-10,9.501250919250444e-05
13,0.3722222222222222,67.5,1.1780972450961724,0.3438884926569789,0.0,0.1424432776025612,46,29.577235615176054,-9.091019004169544e-12,-1.3044843536877555e-08,1.7016802554824262e-16
13,0.3722222222222222,67.5,1.1780972450961724,0.3438884926569789,0.0,0.1424432776025612,47,30.134609682809216,8.91765320585984e-12,0.025997217468239537,0.000675855316090939
13,0.3722222222222222,67.5,1.1780972450961724,0.3438884926569789,0.0,0.1424432776025612,48,30.42285909291524,-3.631152215705635e-12,-6.8960276673561384e-09,4.7555210774207755e-17
13,0.3722222222222222,67.5,1.1780972450961724,0.3438884926569789,0.0,0.1424432776025612,49,30.57781776649785,4.995460694172037e-10,-3.9653311212994334e-11,2.511186605603323e-19
13,0.3722222222222222,67.5,1.1780972450961724,0.3438884926569789,0.0,0.1424432776025612,50,30.57781776670913,-8.161491820480946e-09,2.922830972030015e-11,6.66108030298665e-17
13,0.3722222222222222,67.5,1.1780972450961724,0.3438884926569789,0.0,0.1424432776025612,51,31.301447737714017,0.0006853916038280689,-1.2932871300654952e-11,4.6976165059801267e-07
13,0.3722222222222222,67.5,1.1780972450961724,0.3438884926569789,0.0,0.1424432776025612,52,31.30144773792052,0.005750662134901659,-1.1769982338112341e-11,3.307011498979171e-05
13,0.3722222222222222,67.5,1.1780972450961724,0.3438884926569789,0.0,0.1424432776025612,53,31.79394974414423,-8.098972818458008e-12,0.021311063298320953,0.00045416141890504235
13,0.3722222222222222,67.5,1.1780972450961724,0.3438884926569789,0.0,0.1424432776025612,54,32.54435131783464,1.3154974779873885e-08,4.621433932205486e-10,1.7326693797501537e-16
13,0.3722222222222222,67.5,1.1780972450961724,0.3438884926569789,0.0,0.1424432776025612,55,33.239787173533706,0.003374565317305139,-1.7033622839217491e-09,1.1387691080761637e-05
13,0.3722222222222222,67.5,1.1780972450961724,0.3438884926569789,0.0,0.1424432776025612,56,33.84801129744537,-5.1670214575843915e-08,-1.9929567772482967e-09,2.673782951029733e-15
13,0.3722222222222222,67.5,1.1780972450961724,0.3438884926569789,0.0,0.1424432776025612,57,33.87453766276373,-2.3511741653525076e-11,5.100001156243499e-08,2.6010017321704987e-15
13,0.3722222222222222,67.5,1.1780972450961724,0.3438884926569789,0.0,0.1424432776025612,58,33.87453766290842,1.6352589209522168e-09,-1.8278382501871563e-08,3.3677333862327836e-16
13,0.3722222222222222,67.5,1.1780972450961724,0.3438884926569789,0.0,0.1424432776025612,59,34.047525019046134,-0.005216013749283362,3.061324058478673e-10,2.720679943271317e-05
14,0.3722222222222222,90.0,1.5707963267948966,0.3722222222222222,0.0,2.279203765079796e-17,1,10.601089661427809,-3.763369155381341e-15,2.8952069838929147e-15,2.254517087925798e-29
14,0.3722222222222222,90.0,1.5707963267948966,0.3722222222222222,0.0,2.279203765079796e-17,2,12.52937925367041,-1.1899653639481948e-10,2.020133618270881e-12,1.4164256613799265e-20
14,0.3722222222222222,90.0,1.5707963267948966,0.3722222222222222,0.0,2.279203765079796e-17,3,12.742641025626208,-1.2740038203847048e-11,-1.2248371910814042e-15,1.6230857493570847e-22
14,0.3722222222222222,90.0,1.5707963267948966,0.3722222222222222,0.0,2.279203765079796e-17,4,13.130725291782012,-6.3046416957990504e-12,-3.7151029196337723e-09,1.3802029451978292e-17
14,0.3722222222222222,90.0,1.5707963267948966,0.3722222222222222,0.0,2.279203765079796e-17,5,13.130725291783854,-5.262015735909771e-11,5.1736438182640754e-09,2.676935923922258e-17
14,0.3722222222222222,90.0,1.5707963267948966,0.3722222222222222,0.0,2.279203765079796e-17,6,13.134244278463646,-0.05488952872113199,1.4416574686518414e-11,0.0030128603632279733
14,0.3722222222222222,90.0,1.5707963267948966,0.3722222222222222,0.0,2.279203765079796e-17,7,13.987379164703443,-1.2150062052476445e-11,-0.17160027784364063,0.02944665535601466
14,0.3722222222222222,90.0,1.5707963267948966,0.3722222222222222,0.0,2.279203765079796e-17,8,13.987379164704198,9.163817604719771e-11,-0.26339699086290164,0.06937797479563149
14,0.3722222222222222,90.0,1.5707963267948966,0.3722222222222222,0.0,2.279203765079796e-17,9,14.627113026715655,1.4214859382503793e-14,-5.48692108236173e-15,2.3216853022842174e-28
14,0.3722222222222222,90.0,1.5707963267948966,0.3722222222222222,0.0,2.279203765079796e-17,10,15.474927381001192,-4.928779154117299e-12,-3.860438644238132e-15,2.4292878853047758e-23
14,0.3722222222222222,90.0,1.5707963267948966,0.3722222222222222,0.0,2.279203765079796e-17,11,16.694032611807582,-2.8796383706973163e-09,-3.466980988723384e-11,8.293519141709911e-18
14,0.3722222222222222,90.0,1.5707963267948966,0.3722222222222222,0.0,2.279203765079796e-17,12,16.966418124622876,0.015654798470500893,-5.622087023622538e-11,0.00024507271515199707
14,0.3722222222222222,90.0,1.5707963267948966,0.3722222222222222,0.0,2.279203765079796e-17,13,17.036546647825844,2.3562204116272486e-15,-5.340597018636978e-14,2.857749426175587e-27
14,0.3722222222222222,90.0,1.5707963267948966,0.3722222222222222,0.0,2.279203765079796e-17,14,17.03654664784861,1.559166741837443e-16,-1.0577021849510792e-13,1.1187363430512159e-26
14,0.3722222222222222,90.0,1.5707963267948966,0.3722222222222222,0.0,2.279203765079796e-17,15,17.05320327059592,4.439941684968451e-16,8.309072296896102e-14,6.904265374326286e-27
14,0.3722222222222222,90.0,1.5707963267948966,0.3722222222222222,0.0,2.279203765079796e-17,16,17.053203270617626,-2.0516386425211898e-15,3.927341282393103e-13,1.5424430470501051e-25
14,0.3722222222222222,90.0,1.5707963267948966,0.3722222222222222,0.0,2.279203765079796e-17,17,17.76622138238341,-3.5563872581904723e-09,-1.3947485292260703e-11,1.2648084862565523e-17
14,0.3722222222222222,90.0,1.5707963267948966,0.3722222222222222,0.0,2.279203765079796e-17,18,18.825760908026602,-8.038899598190762e-14,5.3746503354159054e-15,6.491277541207146e-27
14,0.3722222222222222,90.0,1.5707963267948966,0.3722222222222222,0.0,2.279203765079796e-17,19,18.923821923349376,0.06470847917882697,-2.376970414078353e-11,0.004187187277636683
14,0.3722222222222222,90.0,1.5707963267948966,0.3722222222222222,0.0,2.279203765079796e-17,20,20.3060660028183,-5.395014143146115e-12,-1.3082188331507865e-14,2.910634874839815e-23
14,0.3722222222222222,90.0,1.5707963267948966,0.3722222222222222,0.0,2.279203765079796e-17,21,23.757108846036733,-3.5958864942804305e-10,-2.9197211824458395e-12,1.2931252156926728e-19
14,0.3722222222222222,90.0,1.5707963267948966,0.3722222222222222,0.0,2.279203765079796e-17,22,23.75710884604802,2.199753105626781e-09,-4.5838992883266003e-10,5.0490350525698784e-18
14,0.3722222222222222,90.0,1.5707963267948966,0.3722222222222222,0.0,2.279203765079796e-17,23,23.84422923633635,-0.011482346234401935,-4.691107113605265e-11,0.0001318442750466843
14,0.3722222222222222,90.0,1.5707963267948966,0.3722222222222222,0.0,2.279203765079796e-17,24,23.844229236379192,0.07890739066475091,6.434159851602782e-10,0.00622637630151962
14,0.3722222222222222,90.0,1.5707963267948966,0.3722222222222222,0.0,2.279203765079796e-17,25,24.180005762923916,1.8088611672281787e-11,5.542774084941396e-09,3.0722671754570155e-17
14,0.3722222222222222,90.0,1.5707963267948966,0.3722222222222222,0.0,2.279203765079796e-17,26,24.18000576292419,3.844409970929914e-12,2.5350834572648566e-09,6.4266629147859626e-18
14,0.3722222222222222,90.0,1.5707963267948966,0.3722222222222222,0.0,2.279203765079796e-17,27,25.328884414515628,1.0389004208408372e-13,-1.0594242382165089e-14,1.0905378815884749e-26
14,0.3722222222222222,90.0,1.5707963267948966,0.3722222222222222,0.0,2.279203765079796e-17,28,25.91832376952536,2.970106954884883e-11,9.147522234840673e-15,8.821536160227184e-22
14,0.3722222222222222,90.0,1.5707963267948966,0.3722222222222222,0.0,2.279203765079796e-17,29,26.291932671007505,0.026403668304540485,2.921640694062956e-11,0.0006971536999361958
14,0.3722222222222222,90.0,1.5707963267948966,0.3722222222222222,0.0,2.279203765079796e-17,30,26.43209942982244,-2.1350075521206447e-14,9.698812806904773e-12,9.40674256891048e-23
14,0.3722222222222222,90.0,1.5707963267948966,0.3722222222222222,0.0,2.279203765079796e-17,31,26.432099429879074,-5.562754577253397e-15,-5.534730461436798e-13,3.063633570460506e-25
14,0.3722222222222222,90.0,1.5707963267948966,0.3722222222222222,0.0,2.279203765079796e-17,32,26.518243522671032,7.23816197366926e-16,7.70485646190722e-14,5.937005219746916e-27
14,0.3722222222222222,90.0,1.5707963267948966,0.3722222222222222,0.0,2.279203765079796e-17,33,26.518243522730998,-1.159072248748149e-15,-1.4249801563819684e-13,2.030702790930161e-26
14,0.3722222222222222,90.0,1.5707963267948966,0.3722222222222222,0.0,2.279203765079796e-17,34,26.54608589484942,-1.040585578011525e-11,0.19181032650405497,0.03679120135359217
14,0.3722222222222222,90.0,1.5707963267948966,0.3722222222222222,0.0,2.279203765079796e-17,35,26.546085894850595,1.2284717308678005e-11,0.1605303237267179,0.02576998483580485
14,0.3722222222222222,90.0,1.5707963267948966,0.3722222222222222,0.0,2.279203765079796e-17,36,26.692547387677717,2.45731252110531e-09,2.3384662136123085e-11,6.038931668804155e-18
14,0.3722222222222222,90.0,1.5707963267948966,0.3722222222222222,0.0,2.279203765079796e-17,37,28.28123647832734,-1.9165168281078375e-13,7.267385128401044e-15,3.6783182410809766e-26
14,0.3722222222222222,90.0,1.5707963267948966,0.3722222222222222,0.0,2.279203765079796e-17,38,28.281236478348614,3.192260328496422e-14,6.501682810413525e-16,1.0194753192828809e-27
14,0.3722222222222222,90.0,1.5707963267948966,0.3722222222222222,0.0,2.279203765079796e-17,39,28.291774942128974,1.4793875469800234e-13,-6.789507011349533e-15,2.1931972547052874e-26
14,0.3722222222222222,90.0,1.5707963267948966,0.3722222222222222,0.0,2.279203765079796e-17,40,28.29177494215093,2.7466262416434137e-14,-5.294886422213964e-15,7.824313933525682e-28
14,0.3722222222222222,90.0,1.5707963267948966,0.3722222222222222,0.0,2.279203765079796e-17,41,28.48692673989627,-1.9051699153527045e-11,2.134838756011236e-08,4.557540143840008e-16
14,0.3722222222222222,90.0,1.5707963267948966,0.3722222222222222,0.0,2.279203765079796e-17,42,28.48692674002121,-7.509062101679926e-12,5.421232089148915e-09,2.9389813750431554e-17
14,0.3722222222222222,90.0,1.5707963267948966,0.3722222222222222,0.0,2.279203765079796e-17,43,28.53881613874187,7.962566846800744e-12,-0.016642427574590318,0.0002769703955754842
14,0.3722222222222222,90.0,1.5707963267948966,0.3722222222222222,0.0,2.279203765079796e-17,44,28.538816138886954,5.037475910820006e-12,-0.014331855570724025,0.00020540208410009325
14,0.3722222222222222,90.0,1.5707963267948966,0.3722222222222222,0.0,2.279203765079796e-17,45,29.479812918090055,-0.01481652739530897,-1.5409243625835486e-10,0.00021952948405594126
14,0.3722222222222222,90.0,1.5707963267948966,0.3722222222222222,0.0,2.279203765079796e-17,46,29.577235615176054,-5.335590393038094e-13,5.904587937961297e-14,2.8817166429451588e-25
14,0.3722222222222222,90.0,1.5707963267948966,0.3722222222222222,0.0,2.279203765079796e-17,47,30.134609682809216,2.5108001393661387e-12,1.0737255139671411e-13,6.3156462046344615e-24
14,0.3722222222222222,90.0,1.5707963267948966,0.3722222222222222,0.0,2.279203765079796e-17,48,30.42285909291524,-5.852754935245145e-13,1.0275381275498707e-13,3.531057493560509e-25
14,0.3722222222222222,90.0,1.5707963267948966,0.3722222222222222,0.0,2.279203765079796e-17,49,30.57781776649785,2.7876177551777915e-16,-1.363231673056945e-14,1.859177675700536e-28
14,0.3722222222222222,90.0,1.5707963267948966,0.3722222222222222,0.0,2.279203765079796e-17,50,30.57781776670913,1.525004050254893e-16,9.625937195538543e-14,9.265889945618776e-27
14,0.3722222222222222,90.0,1.5707963267948966,0.3722222222222222,0.0,2.279203765079796e-17,51,31.301447737714017,-7.164572510844013e-16,-3.7517451088010604e-14,1.4080724471338996e-27
14,0.3722222222222222,90.0,1.5707963267948966,0.3722222222222222,0.0,2.279203765079796e-17,52,31.30144773792052,-1.1770943633509535e-14,-6.196224034554281e-13,3.840704779779045e-25
14,0.3722222222222222,90.0,1.5707963267948966,0.3722222222222222,0.0,2.279203765079796e-17,53,31.79394974414423,5.456548313109234e-13,-1.944734866468929e-13,3.3555913194155144e-25
14,0.3722222222222222,90.0,1.5707963267948966,0.3722222222222222,0.0,2.279203765079796e-17,54,32.54435131783464,6.329944048175717e-09,4.942300793806275e-10,4.031245502439976e-17
14,0.3722222222222222,90.0,1.5707963267948966,0.3722222222222222,0.0,2.279203765079796e-17,55,33.239787173533706,0.0041422695560094465,-1.8532741417559144e-09,1.7158397074646134e-05
14,0.3722222222222222,90.0,1.5707963267948966,0.3722222222222222,0.0,2.279203765079796e-17,56,33.84801129744537,-4.35262209046943e-08,-2.189038021889335e-09,1.8993237937055238e-15
14,0.3722222222222222,90.0,1.5707963267948966,0.3722222222222222,0.0,2.279203765079796e-17,57,33.87453766276373,-4.797857103123113e-12,5.46918112857876e-08,2.991194244739637e-15
14,0.3722222222222222,90.0,1.5707963267948966,0.3722222222222222,0.0,2.279203765079796e-17,58,33.87453766290842,2.555922694099378e-10,-2.0830729381148884e-08,4.339846139588415e-16
14,0.3722222222222222,90.0,1.5707963267948966,0.3722222222222222,0.0,2.279203765079796e-17,59,34.047525019046134,-0.0040190273236833315,3.15400946036298e-10,1.61525806285133e-05
15,0.5333333333333333,0.0,0.0,0.0,0.0,0.5333333333333333,1,10.601089661427809,-4.2896653452875884e-14,1.23959435953107e-09,1.5365941780213663e-18
15,0.5333333333333333,0.0,0.0,0.0,0.0,0.5333333333333333,2,12.52937925367041,4.747803623722462e-10,-1.0764859589353247e-13,2.254164040825416e-19
15,0.5333333333333333,0.0,0.0,0.0,0.0,0.5333333333333333,3,12.742641025626208,-3.7797200917762125e-11,0.3852930195157437,0.14845071088755923
15,0.5333333333333333,0.0,0.0,0.0,0.0,0.5333333333333333,4,13.130725291782012,-7.201569293181123e-11,1.3441954856181764e-14,5.186260209135076e-21
15,0.5333333333333333,0.0,0.0,0.0,0.0,0.5333333333333333,5,13.130725291783854,-6.349951820734236e-10,4.0627797853322875e-14,4.032188829070783e-19
15,0.5333333333333333,0.0,0.0,0.0,0.0,0.5333333333333333,6,13.134244278463646,-0.098316614370985,-6.341075043704493e-11,0.009666156661372974
15,0.5333333333333333,0.0,0.0,0.0,0.0,0.5333333333333333,7,13.987379164703443,-1.2525693579318262e-10,8.574757500084307e-15,1.568930003782394e-20
15,0.5333333333333333,0.0,0.0,0.0,0.0,0.5333333333333333,8,13.987379164704198,9.174495082719842e-10,-4.81049835868761e-14,8.417136025425951e-19
15,0.5333333333333333,0.0,0.0,0.0,0.0,0.5333333333333333,9,14.627113026715655,8.335292185145953e-14,-9.004830240039034e-10,8.108696834669241e-19
15,0.5333333333333333,0.0,0.0,0.0,0.0,0.5333333333333333,10,15.474927381001192,5.652929497868231e-11,-0.28601512812509866,0.08180465351641661
15,0.5333333333333333,0.0,0.0,0.0,0.0,0.5333333333333333,11,16.694032611807582,-5.305671832459816e-09,-2.20968537026579e-13,2.81501536425846e-17
15,0.5333333333333333,0.0,0.0,0.0,0.0,0.5333333333333333,12,16.966418124622876,-0.1627161069445704,-1.530423136939981e-10,0.02647653145919687
15,0.5333333333333333,0.0,0.0,0.0,0.0,0.5333333333333333,13,17.036546647825844,-2.608830770281249e-14,2.2666556830485613e-11,5.137734791494328e-22
15,0.5333333333333333,0.0,0.0,0.0,0.0,0.5333333333333333,14,17.03654664784861,-4.08098551460724e-15,1.4181144856760229e-11,2.0110488610285986e-22
15,0.5333333333333333,0.0,0.0,0.0,0.0,0.5333333333333333,15,17.05320327059592,-6.240985891163886e-15,-1.0274192951327076e-11,1.0555907975100387e-22
15,0.5333333333333333,0.0,0.0,0.0,0.0,0.5333333333333333,16,17.053203270617626,2.1610908439618825e-14,-6.516727811234496e-12,4.2468208397080733e-23
15,0.5333333333333333,0.0,0.0,0.0,0.0,0.5333333333333333,17,17.76622138238341,6.306607343050967e-09,-5.2414297770668965e-15,3.977329617945185e-17
15,0.5333333333333333,0.0,0.0,0.0,0.0,0.5333333333333333,18,18.825760908026602,1.228288913877119e-13,4.728297164927762e-09,2.2356794094950846e-17
15,0.5333333333333333,0.0,0.0,0.0,0.0,0.5333333333333333,19,18.923821923349376,0.05844253207249368,6.726755967539416e-11,0.0034155295550444527
15,0.5333333333333333,0.0,0.0,0.0,0.0,0.5333333333333333,20,20.3060660028183,-1.4016952672262459e-11,0.290548417092823,0.08441838267514502
15,0.5333333333333333,0.0,0.0,0.0,0.0,0.5333333333333333,21,23.757108846036733,-3.763953806567375e-10,-1.827958891654865e-15,1.4167348258307179e-19
15,0.5333333333333333,0.0,0.0,0.0,0.0,0.5333333333333333,22,23.75710884604802,-2.6058016178310133e-09,-3.211587647958129e-14,6.790202072522156e-18
15,0.5333333333333333,0.0,0.0,0.0,0.0,0.5333333333333333,23,23.84422923633635,2.5936859493708066e-10,2.751483229825471e-13,6.727214374623507e-20
15,0.5333333333333333,0.0,0.0,0.0,0.0,0.5333333333333333,24,23.844229236379192,3.625471171349705e-09,-1.7851817531030468e-12,1.3144044401161695e-17
15,0.5333333333333333,0.0,0.0,0.0,0.0,0.5333333333333333,25,24.180005762923916,3.4536594374615614e-11,4.524880511632174e-16,1.1927763512014763e-21
15,0.5333333333333333,0.0,0.0,0.0,0.0,0.5333333333333333,26,24.18000576292419,5.603092636999696e-11,3.986374413604827e-15,3.1394647257712017e-21
15,0.5333333333333333,0.0,0.0,0.0,0.0,0.5333333333333333,27,25.328884414515628,1.592393938701896e-13,-5.677600199765021e-09,3.223514405372898e-17
15,0.5333333333333333,0.0,0.0,0.0,0.0,0.5333333333333333,28,25.91832376952536,-1.6040274264803586e-10,0.0826981426243532,0.006838982793517863
15,0.5333333333333333,0.0,0.0,0.0,0.0,0.5333333333333333,29,26.291932671007505,-0.14030061240449979,-1.0635869200702617e-10,0.019684261841077678
15,0.5333333333333333,0.0,0.0,0.0,0.0,0.5333333333333333,30,26.43209942982244,1.1903349362068244e-13,4.5744468382952224e-11,2.0925705566115192e-21
15,0.5333333333333333,0.0,0.0,0.0,0.0,0.5333333333333333,31,26.432099429879074,2.9408814518149676e-14,-5.7293526177891695e-11,3.282549006775132e-21
15,0.5333333333333333,0.0,0.0,0.0,0.0,0.5333333333333333,32,26.518243522671032,-2.9637833165928506e-15,-5.0037978254415164e-11,2.5037992765733362e-21
15,0.5333333333333333,0.0,0.0,0.0,0.0,0.5333333333333333,33,26.518243522730998,8.611395329721528e-15,6.223138772242626e-11,3.872745692015075e-21
15,0.5333333333333333,0.0,0.0,0.0,0.0,0.5333333333333333,34,26.54608589484942,-2.8532718612972374e-10,9.615597864950157e-15,8.141160323716573e-20
15,0.5333333333333333,0.0,0.0,0.0,0.0,0.5333333333333333,35,26.546085894850595,4.8153693379119056e-12,9.4803467854687e-15,2.3187871737477316e-23
15,0.5333333333333333,0.0,0.0,0.0,0.0,0.5333333333333333,36,26.692547387677717,-1.1998003977341437e-08,1.2381017587362536e-13,1.439520994556299e-16
15,0.5333333333333333,0.0,0.0,0.0,0.0,0.5333333333333333,37,28.28123647832734,-1.0849998476989326e-12,1.1863907727893965e-09,1.407524242984491e-18
15,0.5333333333333333,0.0,0.0,0.0,0.0,0.5333333333333333,38,28.281236478348614,1.843079535364279e-13,2.7679749285580803e-10,7.661688602068284e-20
15,0.5333333333333333,0.0,0.0,0.0,0.0,0.5333333333333333,39,28.291774942128974,9.761944893211014e-13,-8.737022896626555e-10,7.633566439174478e-19
15,0.5333333333333333,0.0,0.0,0.0,0.0,0.5333333333333333,40,28.29177494215093,1.7519479316920375e-13,6.569431471000237e-11,4.315773678432387e-21
15,0.5333333333333333,0.0,0.0,0.0,0.0,0.5333333333333333,41,28.48692673989627,-1.3251160255154322e-10,-2.24760385194961e-15,1.755932481582988e-20
15,0.5333333333333333,0.0,0.0,0.0,0.0,0.5333333333333333,42,28.48692674002121,9.056341968876785e-13,-9.791880010139926e-17,8.201733081604818e-25
15,0.5333333333333333,0.0,0.0,0.0,0.0,0.5333333333333333,43,28.53881613874187,-1.0958293328607636e-10,-2.1157924621973677e-15,1.200841927205724e-20
15,0.5333333333333333,0.0,0.0,0.0,0.0,0.5333333333333333,44,28.538816138886954,7.540868080380088e-13,-2.7510010593213444e-14,5.694037147397915e-25
15,0.5333333333333333,0.0,0.0,0.0,0.0,0.5333333333333333,45,29.479812918090055,0.03587014323399228,-1.813823172898712e-12,0.001286667175627122
15,0.5333333333333333,0.0,0.0,0.0,0.0,0.5333333333333333,46,29.577235615176054,-3.325464409372694e-12,-4.898199471322309e-08,2.3992358171449285e-15
15,0.5333333333333333,0.0,0.0,0.0,0.0,0.5333333333333333,47,30.134609682809216,-1.6985422731615352e-11,0.13046358218216858,0.017020746275803456
15,0.5333333333333333,0.0,0.0,0.0,0.0,0.5333333333333333,48,30.42285909291524,-4.0571287764127706e-12,-5.791693285619443e-08,3.354371127929228e-15
15,0.5333333333333333,0.0,0.0,0.0,0.0,0.5333333333333333,49,30.57781776649785,1.8744382943431653e-15,-1.5557040069600653e-10,2.4202149576229547e-20
15,0.5333333333333333,0.0,0.0,0.0,0.0,0.5333333333333333,50,30.57781776670913,5.189696077244631e-16,1.3481011626037163e-10,1.8173767446404246e-20
15,0.5333333333333333,0.0,0.0,0.0,0.0,0.5333333333333333,51,31.301447737714017,-4.172480431133021e-15,-4.630768203961894e-11,2.1444014332920394e-21
15,0.5333333333333333,0.0,0.0,0.0,0.0,0.5333333333333333,52,31.30144773792052,-8.587739190632879e-14,-4.236737796884177e-11,1.7950020908811395e-21
15,0.5333333333333333,0.0,0.0,0.0,0.0,0.5333333333333333,53,31.79394974414423,1.0132146803523982e-11,0.10634021028803496,0.011308240324103496
15,0.5333333333333333,0.0,0.0,0.0,0.0,0.5333333333333333,54,32.54435131783464,1.0105530280810821e-07,-3.538066000552333e-14,1.0212174225639694e-14
15,0.5333333333333333,0.0,0.0,0.0,0.0,0.5333333333333333,55,33.239787173533706,-0.0003759831544352474,-3.0767544564353283e-11,1.4136333241908004e-07
15,0.5333333333333333,0.0,0.0,0.0,0.0,0.5333333333333333,56,33.84801129744537,-2.1594337982768334e-07,4.3525998054146513e-11,4.6631545185915626e-14
15,0.5333333333333333,0.0,0.0,0.0,0.0,0.5333333333333333,57,33.87453766276373,-2.5265313675541375e-10,-1.0580358645445445e-13,6.38336187067487e-20
15,0.5333333333333333,0.0,0.0,0.0,0.0,0.5333333333333333,58,33.87453766290842,1.8872131763892555e-08,7.615791877183317e-12,3.5615741531400823e-16
15,0.5333333333333333,0.0,0.0,0.0,0.0,0.5333333333333333,59,34.047525019046134,-0.023737746377637696,-2.104765686987749e-11,0.0005634806030890516
16,0.5333333333333333,22.5,0.39269908169872414,0.20409783059471454,0.0,0.49273575067268627,1,10.601089661427809,-3.97230124885512e-12,7.592168031473476e-10,5.7642593335849e-19
16,0.5333333333333333,22.5,0.39269908169872414,0.20409783059471454,0.0,0.49273575067268627,2,12.52937925367041,3.744022344829442e-11,1.8099841167034025e-11,1.7293745821300746e-21
16,0.5333333333333333,22.5,0.39269908169872414,0.20409783059471454,0.0,0.49273575067268627,3,12.742641025626208,-3.342571737987667e-11,0.3576917785630061,0.1279434084515666
16,0.5333333333333333,22.5,0.39269908169872414,0.20409783059471454,0.0,0.49273575067268627,4,13.130725291782012,-6.526750854643626e-11,-1.996564914221842e-09,3.99053130437353e-18
16,0.5333333333333333,22.5,0.39269908169872414,0.20409783059471454,0.0,0.49273575067268627,5,13.130725291783854,-5.627664515476889e-10,2.036683537850888e-09,4.4647859123403874e-18
16,0.5333333333333333,22.5,0.39269908169872414,0.20409783059471454,0.0,0.49273575067268627,6,13.134244278463646,-0.09802973309114682,-4.579502572827839e-11,0.009609828569921486
16,0.5333333333333333,22.5,0.39269908169872414,0.20409783059471454,0.0,0.49273575067268627,7,13.987379164703443,-1.1180420902092472e-10,-0.07943752920133332,0.006310321045612684
16,0.5333333333333333,22.5,0.39269908169872414,0.20409783059471454,0.0,0.49273575067268627,8,13.987379164704198,8.208504889685271e-10,-0.12193223850887777,0.014867470787785855
16,0.5333333333333333,22.5,0.39269908169872414,0.20409783059471454,0.0,0.49273575067268627,9,14.627113026715655,4.617865062259526e-12,-3.189961044799455e-10,1.0177983935111355e-19
16,0.5333333333333333,22.5,0.39269908169872414,0.20409783059471454,0.0,0.49273575067268627,10,15.474927381001192,4.52767167140903e-11,-0.2658795588417898,0.07069193980990478
16,0.5333333333333333,22.5,0.39269908169872414,0.20409783059471454,0.0,0.49273575067268627,11,16.694032611807582,-5.140364334351105e-09,-9.48298535283863e-12,2.642343541688008e-17
16,0.5333333333333333,22.5,0.39269908169872414,0.20409783059471454,0.0,0.49273575067268627,12,16.966418124622876,-0.13569900582360198,-1.7776884512642881e-10,0.018414220181513962
16,0.5333333333333333,22.5,0.39269908169872414,0.20409783059471454,0.0,0.49273575067268627,13,17.036546647825844,1.0231103446799545e-09,2.0826083480306366e-11,1.0471885031442641e-18
16,0.5333333333333333,22.5,0.39269908169872414,0.20409783059471454,0.0,0.49273575067268627,14,17.03654664784861,6.753877216049772e-09,1.7336130293510723e-11,4.5615157990889775e-17
16,0.5333333333333333,22.5,0.39269908169872414,0.20409783059471454,0.0,0.49273575067268627,15,17.05320327059592,0.022659916680253193,-7.660690769679338e-12,0.0005134718239560168
16,0.5333333333333333,22.5,0.39269908169872414,0.20409783059471454,0.0,0.49273575067268627,16,17.053203270617626,0.07406779305335895,-2.4519139811187467e-12,0.005486037967795209
16,0.5333333333333333,22.5,0.39269908169872414,0.20409783059471454,0.0,0.49273575067268627,17,17.76622138238341,4.7384759544241535e-09,-1.8223447318095483e-11,2.245348646468805e-17
16,0.5333333333333333,22.5,0.39269908169872414,0.20409783059471454,0.0,0.49273575067268627,18,18.825760908026602,-2.2141570068374645e-11,4.5563535393121e-09,2.0760847824326993e-17
16,0.5333333333333333,22.5,0.39269908169872414,0.20409783059471454,0.0,0.49273575067268627,19,18.923821923349376,0.06769183306305895,4.8928152014358336e-11,0.004582184263437042
16,0.5333333333333333,22.5,0.39269908169872414,0.20409783059471454,0.0,0.49273575067268627,20,20.3060660028183,-1.5213504712798948e-11,0.26464942009608006,0.07003931555719146
16,0.5333333333333333,22.5,0.39269908169872414,0.20409783059471454,0.0,0.49273575067268627,21,23.757108846036733,-2.124564376883607e-10,3.28863932564531e-13,4.513784606671443e-20
16,0.5333333333333333,22.5,0.39269908169872414,0.20409783059471454,0.0,0.49273575067268627,22,23.75710884604802,-1.6827349111841382e-09,-2.508692739026464e-10,2.8945321739063303e-18
16,0.5333333333333333,22.5,0.39269908169872414,0.20409783059471454,0.0,0.49273575067268627,23,23.84422923633635,-0.003002382807810165,-2.3906045952997084e-11,9.01430252463405e-06
16,0.5333333333333333,22.5,0.39269908169872414,0.20409783059471454,0.0,0.49273575067268627,24,23.844229236379192,0.020632562782703208,3.451610748824383e-10,0.00042570264698218964
16,0.5333333333333333,22.5,0.39269908169872414,0.20409783059471454,0.0,0.49273575067268627,25,24.180005762923916,3.320540867344288e-11,2.6678761653386253e-09,7.118665832747098e-18
16,0.5333333333333333,22.5,0.39269908169872414,0.20409783059471454,0.0,0.49273575067268627,26,24.18000576292419,4.9759488219285225e-11,1.1936268433489587e-09,1.4272210478310448e-18
16,0.5333333333333333,22.5,0.39269908169872414,0.20409783059471454,0.0,0.49273575067268627,27,25.328884414515628,-1.0859297836694412e-11,-4.279805548078213e-09,1.831685345371056e-17
16,0.5333333333333333,22.5,0.39269908169872414,0.20409783059471454,0.0,0.49273575067268627,28,25.91832376952536,-1.3375112925332401e-10,0.09224070303113781,0.008508347295678556
16,0.5333333333333333,22.5,0.39269908169872414,0.20409783059471454,0.0,0.49273575067268627,29,26.291932671007505,-0.11320479459628535,-9.837105438099672e-11,0.012815325519587157
16,0.5333333333333333,22.5,0.39269908169872414,0.20409783059471454,0.0,0.49273575067268627,30,26.43209942982244,0.07562603352316735,4.237298435222833e-11,0.005719296946447232
16,0.5333333333333333,22.5,0.39269908169872414,0.20409783059471454,0.0,0.49273575067268627,31,26.432099429879074,-0.014185020826625436,-5.1251791035516574e-11,0.00020121481585179738
16,0.5333333333333333,22.5,0.39269908169872414,0.20409783059471454,0.0,0.49273575067268627,32,26.518243522671032,2.692630706330472e-09,-4.33164590607139e-11,7.252136436299294e-18
16,0.5333333333333333,22.5,0.39269908169872414,0.20409783059471454,0.0,0.49273575067268627,33,26.518243522730998,3.254710149761988e-09,5.7913239395026104e-11,1.059649210226093e-17
16,0.5333333333333333,22.5,0.39269908169872414,0.20409783059471454,0.0,0.49273575067268627,34,26.54608589484942,-2.4975611964355e-10,0.0981070516668232,0.009624993586756716
16,0.5333333333333333,22.5,0.39269908169872414,0.20409783059471454,0.0,0.49273575067268627,35,26.546085894850595,5.793388832855603e-12,0.08210797113941613,0.006741718924631193
16,0.5333333333333333,22.5,0.39269908169872414,0.20409783059471454,0.0,0.49273575067268627,36,26.692547387677717,-9.075396126979047e-09,-2.597051602645424e-12,8.236282160626331e-17
16,0.5333333333333333,22.5,0.39269908169872414,0.20409783059471454,0.0,0.49273575067268627,37,28.28123647832734,4.872063413208119e-12,6.130864510997624e-10,3.7589873352400366e-19
16,0.5333333333333333,22.5,0.39269908169872414,0.20409783059471454,0.0,0.49273575067268627,38,28.281236478348614,-6.2512561032963195e-12,2.659975580125756e-10,7.079377907152251e-20
16,0.5333333333333333,22.5,0.39269908169872414,0.20409783059471454,0.0,0.49273575067268627,39,28.291774942128974,3.417856267797123e-12,-0.013212587352469066,0.00017457246454662551
16,0.5333333333333333,22.5,0.39269908169872414,0.20409783059471454,0.0,0.49273575067268627,40,28.29177494215093,2.7263840671096577e-12,-0.001098388733594133,1.2064578100865232e-06
16,0.5333333333333333,22.5,0.39269908169872414,0.20409783059471454,0.0,0.49273575067268627,41,28.48692673989627,-1.3336003270676828e-10,1.2168490727324662e-08,1.4808995147930983e-16
16,0.5333333333333333,22.5,0.39269908169872414,0.20409783059471454,0.0,0.49273575067268627,42,28.48692674002121,1.8231022242473958e-13,4.485917766341697e-09,2.0123458239617102e-17
16,0.5333333333333333,22.5,0.39269908169872414,0.20409783059471454,0.0,0.49273575067268627,43,28.53881613874187,-1.091690162961603e-10,-0.04499866261695011,0.0020248796373141032
16,0.5333333333333333,22.5,0.39269908169872414,0.20409783059471454,0.0,0.49273575067268627,44,28.538816138886954,2.327954174222154e-12,-0.038751186260497304,0.001501654436595755
16,0.5333333333333333,22.5,0.39269908169872414,0.20409783059471454,0.0,0.49273575067268627,45,29.479812918090055,0.026911499643299204,-5.4031723418724797e-11,0.0007242288130512932
16,0.5333333333333333,22.5,0.39269908169872414,0.20409783059471454,0.0,0.49273575067268627,46,29.577235615176054,-1.4928078941136784e-11,-4.4818386626767186e-08,2.0086880026739248e-15
16,0.5333333333333333,22.5,0.39269908169872414,0.20409783059471454,0.0,0.49273575067268627,47,30.134609682809216,7.653652181957026e-13,0.1152932643590178,0.013292536806558362
16,0.5333333333333333,22.5,0.39269908169872414,0.20409783059471454,0.0,0.49273575067268627,48,30.42285909291524,-5.0714685850472205e-12,-4.9658927641871715e-08,2.4660091202604446e-15
16,0.5333333333333333,22.5,0.39269908169872414,0.20409783059471454,0.0,0.49273575067268627,49,30.57781776649785,1.1050864695166876e-09,-1.4129899856852415e-10,1.2411815121053248e-18
16,0.5333333333333333,22.5,0.39269908169872414,0.20409783059471454,0.0,0.49273575067268627,50,30.57781776670913,-1.843466267219182e-08,1.1733961658384519e-10,3.3985055642312257e-16
16,0.5333333333333333,22.5,0.39269908169872414,0.20409783059471454,0.0,0.49273575067268627,51,31.301447737714017,0.0012307261854587088,-4.404753287154235e-11,1.514686943573746e-06
16,0.5333333333333333,22.5,0.39269908169872414,0.20409783059471454,0.0,0.49273575067268627,52,31.30144773792052,0.010326198286152754,-4.056116556380085e-11,0.00010663037104494408
16,0.5333333333333333,22.5,0.39269908169872414,0.20409783059471454,0.0,0.49273575067268627,53,31.79394974414423,-7.265636143793263e-12,0.09449074537264174,0.008928500961077416
16,0.5333333333333333,22.5,0.39269908169872414,0.20409783059471454,0.0,0.49273575067268627,54,32.54435131783464,9.134129819593914e-08,2.6201712416169107e-10,8.343301409092828e-15
16,0.5333333333333333,22.5,0.39269908169872414,0.20409783059471454,0.0,0.49273575067268627,55,33.239787173533706,0.0006584676326817068,-8.908137641903684e-10,4.3357962329024463e-07
16,0.5333333333333333,22.5,0.39269908169872414,0.20409783059471454,0.0,0.49273575067268627,56,33.84801129744537,-1.9656183894036963e-07,-7.329884391973077e-10,3.863709379967181e-14
16,0.5333333333333333,22.5,0.39269908169872414,0.20409783059471454,0.0,0.49273575067268627,57,33.87453766276373,-2.1970649222436532e-10,2.7419667101544877e-08,7.51886414902268e-16
16,0.5333333333333333,22.5,0.39269908169872414,0.20409783059471454,0.0,0.49273575067268627,58,33.87453766290842,1.6363585691287643e-08,-1.0370158868440572e-08,3.7530713163281034e-16
16,0.5333333333333333,22.5,0.39269908169872414,0.20409783059471454,0.0,0.49273575067268627,59,34.047525019046134,-0.021588764395138245,2.37179820388778e-10,0.00046607474810878886
17,0.5333333333333333,45.0,0.7853981633974483,0.3771236166328253,0.0,0.37712361663282534,1,10.601089661427809,-6.327621707877511e-12,-1.5375145559567786e-10,2.3679548894267706e-20
17,0.5333333333333333,45.0,0.7853981633974483,0.3771236166328253,0.0,0.37712361663282534,2,12.52937925367041,-1.012222557784087e-09,2.2670394618551893e-11,1.0251084532791202e-18
17,0.5333333333333333,45.0,0.7853981633974483,0.3771236166328253,0.0,0.37712361663282534,3,12.742641025626208,-2.6781675489251158e-11,0.27696977932167427,0.07671225865749694
17,0.5333333333333333,45.0,0.7853981633974483,0.3771236166328253,0.0,0.37712361663282534,4,13.130725291782012,-4.6943119331987e-11,-4.022927232803329e-09,1.6186147176883268e-17
17,0.5333333333333333,45.0,0.7853981633974483,0.3771236166328253,0.0,0.37712361663282534,5,13.130725291783854,-3.834077491875972e-10,4.744743301445895e-09,2.265959049875279e-17
17,0.5333333333333333,45.0,0.7853981633974483,0.3771236166328253,0.0,0.37712361663282534,6,13.134244278463646,-0.09732437949145241,-2.971748338148172e-11,0.009472034843396242
17,0.5333333333333333,45.0,0.7853981633974483,0.3771236166328253,0.0,0.37712361663282534,7,13.987379164703443,-7.880954514856952e-11,-0.14846820496814475,0.022042807886463043
17,0.5333333333333333,45.0,0.7853981633974483,0.3771236166328253,0.0,0.37712361663282534,8,13.987379164704198,5.745489114157514e-10,-0.22789053007795168,0.0519340936992098
17,0.5333333333333333,45.0,0.7853981633974483,0.3771236166328253,0.0,0.37712361663282534,9,14.627113026715655,8.098551764086255e-12,6.581989149670201e-10,4.3329139820443815e-19
17,0.5333333333333333,45.0,0.7853981633974483,0.3771236166328253,0.0,0.37712361663282534,10,15.474927381001192,2.3138172241960406e-11,-0.20653197255640812,0.04265545568804092
17,0.5333333333333333,45.0,0.7853981633974483,0.3771236166328253,0.0,0.37712361663282534,11,16.694032611807582,-4.37277121647188e-09,-2.3581600315693475e-11,1.912168420347842e-17
17,0.5333333333333333,45.0,0.7853981633974483,0.3771236166328253,0.0,0.37712361663282534,12,16.966418124622876,-0.06997258220510882,-1.6806548593456131e-10,0.004896162260450712
17,0.5333333333333333,45.0,0.7853981633974483,0.3771236166328253,0.0,0.37712361663282534,13,17.036546647825844,1.2669350123087896e-09,1.6153894599693167e-11,1.6053852737246108e-18
17,0.5333333333333333,45.0,0.7853981633974483,0.3771236166328253,0.0,0.37712361663282534,14,17.03654664784861,8.850218264265343e-09,2.2389887502723424e-11,7.832686463219824e-17
17,0.5333333333333333,45.0,0.7853981633974483,0.3771236166328253,0.0,0.37712361663282534,15,17.05320327059592,0.03221599168757227,-3.0064275228843623e-12,0.0010378701204137256
17,0.5333333333333333,45.0,0.7853981633974483,0.3771236166328253,0.0,0.37712361663282534,16,17.053203270617626,0.10530344997515322,3.247809182267782e-12,0.011088816576669595
17,0.5333333333333333,45.0,0.7853981633974483,0.3771236166328253,0.0,0.37712361663282534,17,17.76622138238341,8.690726599430767e-10,-2.7952836546508007e-11,7.560686493315304e-19
17,0.5333333333333333,45.0,0.7853981633974483,0.3771236166328253,0.0,0.37712361663282534,18,18.825760908026602,-3.540433669224077e-11,3.75902822775852e-09,1.413154668414198e-17
17,0.5333333333333333,45.0,0.7853981633974483,0.3771236166328253,0.0,0.37712361663282534,19,18.923821923349376,0.09013750912228582,2.2339213538082247e-11,0.00812477055077016
17,0.5333333333333333,45.0,0.7853981633974483,0.3771236166328253,0.0,0.37712361663282534,20,20.3060660028183,-1.557643223504373e-11,0.19551053932737603,0.03822437098808145
17,0.5333333333333333,45.0,0.7853981633974483,0.3771236166328253,0.0,0.37712361663282534,21,23.757108846036733,-5.7071427997797845e-11,-9.589240438099155e-13,3.2580674290296208e-21
17,0.5333333333333333,45.0,0.7853981633974483,0.3771236166328253,0.0,0.37712361663282534,22,23.75710884604802,4.197700682023714e-10,-4.647624480145638e-10,3.9221104324311366e-19
17,0.5333333333333333,45.0,0.7853981633974483,0.3771236166328253,0.0,0.37712361663282534,23,23.84422923633635,-0.010405350070919268,-4.474312778232287e-11,0.00010827131009837961
17,0.5333333333333333,45.0,0.7853981633974483,0.3771236166328253,0.0,0.37712361663282534,24,23.844229236379192,0.0715062063506021,6.452770151216612e-10,0.005113137546654889
17,0.5333333333333333,45.0,0.7853981633974483,0.3771236166328253,0.0,0.37712361663282534,25,24.180005762923916,3.090923458865317e-11,4.926460495658326e-09,2.4270968396064935e-17
17,0.5333333333333333,45.0,0.7853981633974483,0.3771236166328253,0.0,0.37712361663282534,26,24.18000576292419,3.284957686357767e-11,2.247143514317036e-09,5.0507330686372355e-18
17,0.5333333333333333,45.0,0.7853981633974483,0.3771236166328253,0.0,0.37712361663282534,27,25.328884414515628,-1.2512117859737354e-11,-1.4425832441736076e-09,2.0812029694637862e-18
17,0.5333333333333333,45.0,0.7853981633974483,0.3771236166328253,0.0,0.37712361663282534,28,25.91832376952536,-6.025719830016595e-11,0.10015992936960652,0.010032011451324567
17,0.5333333333333333,45.0,0.7853981633974483,0.3771236166328253,0.0,0.37712361663282534,29,26.291932671007505,-0.04614740099151384,-9.155774975348756e-11,0.0021295826182715725
17,0.5333333333333333,45.0,0.7853981633974483,0.3771236166328253,0.0,0.37712361663282534,30,26.43209942982244,0.10897877887642672,2.933710723591595e-11,0.011876374245397111
17,0.5333333333333333,45.0,0.7853981633974483,0.3771236166328253,0.0,0.37712361663282534,31,26.432099429879074,-0.020440926913203265,-3.598011377877972e-11,0.00041783149307091756
17,0.5333333333333333,45.0,0.7853981633974483,0.3771236166328253,0.0,0.37712361663282534,32,26.518243522671032,2.3770500589601004e-09,-2.732354948003155e-11,5.6511135591584044e-18
17,0.5333333333333333,45.0,0.7853981633974483,0.3771236166328253,0.0,0.37712361663282534,33,26.518243522730998,4.623864485588484e-09,4.507679827218981e-11,2.138215469882893e-17
17,0.5333333333333333,45.0,0.7853981633974483,0.3771236166328253,0.0,0.37712361663282534,34,26.54608589484942,-1.6144544157026997e-10,0.18731242276384474,0.0350859437216613
17,0.5333333333333333,45.0,0.7853981633974483,0.3771236166328253,0.0,0.37712361663282534,35,26.546085894850595,1.059717024021013e-11,0.15676592804293793,0.024575556195163592
17,0.5333333333333333,45.0,0.7853981633974483,0.3771236166328253,0.0,0.37712361663282534,36,26.692547387677717,-3.1942815142200982e-09,3.9228181032223275e-12,1.0203449780590115e-17
17,0.5333333333333333,45.0,0.7853981633974483,0.3771236166328253,0.0,0.37712361663282534,37,28.28123647832734,6.838815120765382e-12,-3.1141246802182285e-10,9.702449463169885e-20
17,0.5333333333333333,45.0,0.7853981633974483,0.3771236166328253,0.0,0.37712361663282534,38,28.281236478348614,-9.894893816914235e-12,2.0922569060955106e-10,4.3873298534691587e-20
17,0.5333333333333333,45.0,0.7853981633974483,0.3771236166328253,0.0,0.37712361663282534,39,28.291774942128974,4.529151870231651e-12,-0.034570531331323276,0.0011951216365300042
17,0.5333333333333333,45.0,0.7853981633974483,0.3771236166328253,0.0,0.37712361663282534,40,28.29177494215093,4.027697789806331e-12,-0.002873917447047062,8.259401492441501e-06
17,0.5333333333333333,45.0,0.7853981633974483,0.3771236166328253,0.0,0.37712361663282534,41,28.48692673989627,-1.138330048045078e-10,2.2095551491781033e-08,4.882263536789299e-16
17,0.5333333333333333,45.0,0.7853981633974483,0.3771236166328253,0.0,0.37712361663282534,42,28.48692674002121,-3.3916576884953543e-12,7.197452901100175e-09,5.1803339766897206e-17
17,0.5333333333333333,45.0,0.7853981633974483,0.3771236166328253,0.0,0.37712361663282534,43,28.53881613874187,-8.354277473200167e-11,-0.053217836703431186,0.0028321381433930675
17,0.5333333333333333,45.0,0.7853981633974483,0.3771236166328253,0.0,0.37712361663282534,44,28.538816138886954,4.9901027213833465e-12,-0.04582924051595506,0.0021003192862692564
17,0.5333333333333333,45.0,0.7853981633974483,0.3771236166328253,0.0,0.37712361663282534,45,29.479812918090055,0.0044501656128349935,-1.2099049138652123e-10,1.9803973981659068e-05
17,0.5333333333333333,45.0,0.7853981633974483,0.3771236166328253,0.0,0.37712361663282534,46,29.577235615176054,-2.0524985944056376e-11,-3.360490427745023e-08,1.129290012771641e-15
17,0.5333333333333333,45.0,0.7853981633974483,0.3771236166328253,0.0,0.37712361663282534,47,30.134609682809216,1.7382443720408298e-11,0.07843104404126809,0.006151428669403335
17,0.5333333333333333,45.0,0.7853981633974483,0.3771236166328253,0.0,0.37712361663282534,48,30.42285909291524,-1.864091343939309e-12,-3.082866121003193e-08,9.504063554777638e-16
17,0.5333333333333333,45.0,0.7853981633974483,0.3771236166328253,0.0,0.37712361663282534,49,30.57781776649785,1.4845365846226997e-09,-1.0351555099137564e-10,2.2145643403802784e-18
17,0.5333333333333333,45.0,0.7853981633974483,0.3771236166328253,0.0,0.37712361663282534,50,30.57781776670913,-2.4822533138367722e-08,7.629358659315167e-11,6.16163972116719e-16
17,0.5333333333333333,45.0,0.7853981633974483,0.3771236166328253,0.0,0.37712361663282534,51,31.301447737714017,0.001810174224792133,-3.6446803658003996e-11,3.2767307241018006e-06
17,0.5333333333333333,45.0,0.7853981633974483,0.3771236166328253,0.0,0.37712361663282534,52,31.30144773792052,0.015187959339935199,-3.36366370690008e-11,0.00023067410891152484
17,0.5333333333333333,45.0,0.7853981633974483,0.3771236166328253,0.0,0.37712361663282534,53,31.79394974414423,-2.0089229738899173e-11,0.06527716418352096,0.004261108163842352
17,0.5333333333333333,45.0,0.7853981633974483,0.3771236166328253,0.0,0.37712361663282534,54,32.54435131783464,6.490533589181041e-08,4.732390282727436e-10,4.212926582406613e-15
17,0.5333333333333333,45.0,0.7853981633974483,0.3771236166328253,0.0,0.37712361663282534,55,33.239787173533706,0.0034816812314750244,-1.693447457068269e-09,1.212210419760831e-05
17,0.5333333333333333,45.0,0.7853981633974483,0.3771236166328253,0.0,0.37712361663282534,56,33.84801129744537,-1.51248045219995e-07,-1.5845169372425835e-09,2.287848187679406e-14
17,0.5333333333333333,45.0,0.7853981633974483,0.3771236166328253,0.0,0.37712361663282534,57,33.87453766276373,-1.390765487771329e-10,4.8674463876280295e-08,2.3692227759297355e-15
17,0.5333333333333333,45.0,0.7853981633974483,0.3771236166328253,0.0,0.37712361663282534,58,33.87453766290842,1.0342100384332165e-08,-2.3310900370860294e-08,6.503571164597781e-16
17,0.5333333333333333,45.0,0.7853981633974483,0.3771236166328253,0.0,0.37712361663282534,59,34.047525019046134,-0.01625826209194906,3.702323410027256e-10,0.00026433108625050796
18,0.5333333333333333,67.5,1.1780972450961724,0.49273575067268627,0.0,0.20409783059471456,1,10.601089661427809,-4.968538650965926e-12,-4.976342492836342e-10,2.476645324364123e-19
18,0.5333333333333333,67.5,1.1780972450961724,0.49273575067268627,0.0,0.20409783059471456,2,12.52937925367041,-2.0499795598902994e-09,1.5292442731729108e-11,4.2026500547727286e-18
18,0.5333333333333333,67.5,1.1780972450961724,0.49273575067268627,0.0,0.20409783059471456,3,12.742641025626208,-2.227061239181704e-11,0.1516387131628928,0.022994299329698074
18,0.5333333333333333,67.5,1.1780972450961724,0.49273575067268627,0.0,0.20409783059471456,4,13.130725291782012,-2.5795209453738546e-11,-5.706328180368355e-09,3.2562846694896786e-17
18,0.5333333333333333,67.5,1.1780972450961724,0.49273575067268627,0.0,0.20409783059471456,5,13.130725291783854,-1.9664987951849997e-10,7.57008671336374e-09,5.734488402296088e-17
18,0.5333333333333333,67.5,1.1780972450961724,0.49273575067268627,0.0,0.20409783059471456,6,13.134244278463646,-0.09660067514467383,-1.4689830986583453e-11,0.009331690438406804
18,0.5333333333333333,67.5,1.1780972450961724,0.49273575067268627,0.0,0.20409783059471456,7,13.987379164703443,-4.452198639387044e-11,-0.19621124368504755,0.03849885214843311
18,0.5333333333333333,67.5,1.1780972450961724,0.49273575067268627,0.0,0.20409783059471456,8,13.987379164704198,3.101549058021053e-10,-0.3011734700823175,0.09070545908142459
18,0.5333333333333333,67.5,1.1780972450961724,0.49273575067268627,0.0,0.20409783059471456,9,14.627113026715655,6.865404286450174e-12,8.097823472656221e-10,6.55794583719037e-19
18,0.5333333333333333,67.5,1.1780972450961724,0.49273575067268627,0.0,0.20409783059471456,10,15.474927381001192,1.9206084356597608e-12,-0.11342805403538438,0.012865923442254078
18,0.5333333333333333,67.5,1.1780972450961724,0.49273575067268627,0.0,0.20409783059471456,11,16.694032611807582,-3.101904828710106e-09,-4.017809061354723e-11,9.623427845340423e-18
18,0.5333333333333333,67.5,1.1780972450961724,0.49273575067268627,0.0,0.20409783059471456,12,16.966418124622876,-0.0035326094883383697,-1.2822963072960162e-10,1.2479329797098295e-05
18,0.5333333333333333,67.5,1.1780972450961724,0.49273575067268627,0.0,0.20409783059471456,13,17.036546647825844,7.72334180690943e-10,9.144230946195822e-12,5.965837036231475e-19
18,0.5333333333333333,67.5,1.1780972450961724,0.49273575067268627,0.0,0.20409783059471456,14,17.03654664784861,5.774539608910192e-09,1.7959798632817494e-11,3.33456302492396e-17
18,0.5333333333333333,67.5,1.1780972450961724,0.49273575067268627,0.0,0.20409783059471456,15,17.05320327059592,0.02290102206743412,-3.723741663035704e-13,0.0005244568117331045
18,0.5333333333333333,67.5,1.1780972450961724,0.49273575067268627,0.0,0.20409783059471456,16,17.053203270617626,0.07485588686179061,3.857633130307019e-12,0.005603403797865196
18,0.5333333333333333,67.5,1.1780972450961724,0.49273575067268627,0.0,0.20409783059471456,17,17.76622138238341,-3.0953228760223672e-09,-2.8446232519859287e-11,9.581832894971953e-18
18,0.5333333333333333,67.5,1.1780972450961724,0.49273575067268627,0.0,0.20409783059471456,18,18.825760908026602,-2.8032610963919397e-11,2.1248804936010726e-09,4.515902939363792e-18
18,0.5333333333333333,67.5,1.1780972450961724,0.49273575067268627,0.0,0.20409783059471456,19,18.923821923349376,0.11275012630513498,-1.0743937192018817e-11,0.01271259098182389
18,0.5333333333333333,67.5,1.1780972450961724,0.49273575067268627,0.0,0.20409783059471456,20,20.3060660028183,-1.4059730509302017e-11,0.1019559381582583,0.010395013325730592
18,0.5333333333333333,67.5,1.1780972450961724,0.49273575067268627,0.0,0.20409783059471456,21,23.757108846036733,-2.467098541521402e-10,-2.6791447372455856e-12,6.087292995229339e-20
18,0.5333333333333333,67.5,1.1780972450961724,0.49273575067268627,0.0,0.20409783059471456,22,23.75710884604802,2.346361352947506e-09,-6.139604053769904e-10,5.88235897797633e-18
18,0.5333333333333333,67.5,1.1780972450961724,0.49273575067268627,0.0,0.20409783059471456,23,23.84422923633635,-0.018028958156479376,-5.938334004879643e-11,0.0003250433322080842
18,0.5333333333333333,67.5,1.1780972450961724,0.49273575067268627,0.0,0.20409783059471456,24,23.844229236379192,0.12389610994930757,8.573045589286742e-10,0.015350246060570909
18,0.5333333333333333,67.5,1.1780972450961724,0.49273575067268627,0.0,0.20409783059471456,25,24.180005762923916,2.980728041383467e-11,6.378591230444997e-09,4.068731455907549e-17
18,0.5333333333333333,67.5,1.1780972450961724,0.49273575067268627,0.0,0.20409783059471456,26,24.18000576292419,1.3353602755275118e-11,2.976461825665484e-09,8.859503318350451e-18
18,0.5333333333333333,67.5,1.1780972450961724,0.49273575067268627,0.0,0.20409783059471456,27,25.328884414515628,-6.452427355480142e-12,2.4631531133805824e-10,6.071286641834232e-20
18,0.5333333333333333,67.5,1.1780972450961724,0.49273575067268627,0.0,0.20409783059471456,28,25.91832376952536,2.026171200320143e-11,0.07043409152368403,0.004960961248766699
18,0.5333333333333333,67.5,1.1780972450961724,0.49273575067268627,0.0,0.20409783059471456,29,26.291932671007505,0.023247059629177277,-4.449020222514869e-11,0.0005404257814025239
18,0.5333333333333333,67.5,1.1780972450961724,0.49273575067268627,0.0,0.20409783059471456,30,26.43209942982244,0.07849980642688179,1.9139080620419652e-11,0.006162219609057911
18,0.5333333333333333,67.5,1.1780972450961724,0.49273575067268627,0.0,0.20409783059471456,31,26.432099429879074,-0.014724048096854873,-1.8053118151001167e-11,0.0002167975923584956
18,0.5333333333333333,67.5,1.1780972450961724,0.49273575067268627,0.0,0.20409783059471456,32,26.518243522671032,6.836354066397863e-10,-1.1231152147539429e-11,4.674835079901072e-19
18,0.5333333333333333,67.5,1.1780972450961724,0.49273575067268627,0.0,0.20409783059471456,33,26.518243522730998,3.2808629036820227e-09,2.4680557082235147e-11,1.0764670522654722e-17
18,0.5333333333333333,67.5,1.1780972450961724,0.49273575067268627,0.0,0.20409783059471456,34,26.54608589484942,-7.405260549179277e-11,0.2525583532851409,0.06378572181410205
18,0.5333333333333333,67.5,1.1780972450961724,0.49273575067268627,0.0,0.20409783059471456,35,26.546085894850595,1.538348196918179e-11,0.2113716968128817,0.04467799421355679
18,0.5333333333333333,67.5,1.1780972450961724,0.49273575067268627,0.0,0.20409783059471456,36,26.692547387677717,1.0437773179954812e-09,1.520678568001455e-11,1.0897023358925577e-18
18,0.5333333333333333,67.5,1.1780972450961724,0.49273575067268627,0.0,0.20409783059471456,37,28.28123647832734,4.182284807698332e-12,-5.04261290177467e-10,2.5429694027765626e-19
18,0.5333333333333333,67.5,1.1780972450961724,0.49273575067268627,0.0,0.20409783059471456,38,28.281236478348614,-7.643301252824763e-12,1.0595130334405859e-10,1.1284098734346154e-20
18,0.5333333333333333,67.5,1.1780972450961724,0.49273575067268627,0.0,0.20409783059471456,39,28.291774942128974,3.2231310702176925e-12,-0.03197944162468741,0.0010226846866267898
18,0.5333333333333333,67.5,1.1780972450961724,0.49273575067268627,0.0,0.20409783059471456,40,28.29177494215093,3.010875149659268e-12,-0.002658515016500084,7.067702092956442e-06
18,0.5333333333333333,67.5,1.1780972450961724,0.49273575067268627,0.0,0.20409783059471456,41,28.48692673989627,-6.353662198164223e-11,2.8519143191943322e-08,8.133455653049e-16
18,0.5333333333333333,67.5,1.1780972450961724,0.49273575067268627,0.0,0.20409783059471456,42,28.48692674002121,-9.854509334151905e-12,8.054343926455063e-09,6.487255319697779e-17
18,0.5333333333333333,67.5,1.1780972450961724,0.49273575067268627,0.0,0.20409783059471456,43,28.53881613874187,-2.151447448645768e-11,-0.03032082001075034,0.0009193521261243183
18,0.5333333333333333,67.5,1.1780972450961724,0.49273575067268627,0.0,0.20409783059471456,44,28.538816138886954,6.801782397831335e-12,-0.026111183733360188,0.0006817939159572937
18,0.5333333333333333,67.5,1.1780972450961724,0.49273575067268627,0.0,0.20409783059471456,45,29.479812918090055,-0.01919692979921232,-1.9924941746947073e-10,0.00036852211371588597
18,0.5333333333333333,67.5,1.1780972450961724,0.49273575067268627,0.0,0.20409783059471456,46,29.577235615176054,-1.5413757701859472e-11,-1.788945813717289e-08,3.2003295002558775e-16
18,0.5333333333333333,67.5,1.1780972450961724,0.49273575067268627,0.0,0.20409783059471456,47,30.134609682809216,2.0275393005046015e-11,0.037037259815221324,0.0013717586146202083
18,0.5333333333333333,67.5,1.1780972450961724,0.49273575067268627,0.0,0.20409783059471456,48,30.42285909291524,1.014987956245171e-12,-1.2748226408584939e-08,1.62517277594743e-16
18,0.5333333333333333,67.5,1.1780972450961724,0.49273575067268627,0.0,0.20409783059471456,49,30.57781776649785,9.9421199471211e-10,-5.3411519803871546e-11,9.91310280877192e-19
18,0.5333333333333333,67.5,1.1780972450961724,0.49273575067268627,0.0,0.20409783059471456,50,30.57781776670913,-1.6668286371920996e-08,3.3838443173090634e-11,2.778329156166036e-16
18,0.5333333333333333,67.5,1.1780972450961724,0.49273575067268627,0.0,0.20409783059471456,51,31.301447737714017,0.001329455219512407,-2.1496595867127616e-11,1.7674511806887826e-06
18,0.5333333333333333,67.5,1.1780972450961724,0.49273575067268627,0.0,0.20409783059471456,52,31.30144773792052,0.011154568900348799,-1.9708535718713957e-11,0.0001244244073526286
18,0.5333333333333333,67.5,1.1780972450961724,0.49273575067268627,0.0,0.20409783059471456,53,31.79394974414423,-1.7314579260470257e-11,0.03143514797396025,0.0009881685281447773
18,0.5333333333333333,67.5,1.1780972450961724,0.49273575067268627,0.0,0.20409783059471456,54,32.54435131783464,3.4193396666629515e-08,5.907701193439038e-10,1.16953738493538e-15
18,0.5333333333333333,67.5,1.1780972450961724,0.49273575067268627,0.0,0.20409783059471456,55,33.239787173533706,0.0067679674491763426,-2.2990835266732228e-09,4.580538339311581e-05
18,0.5333333333333333,67.5,1.1780972450961724,0.49273575067268627,0.0,0.20409783059471456,56,33.84801129744537,-1.0801280831215616e-07,-2.253160074224443e-09,1.167184348979867e-14
18,0.5333333333333333,67.5,1.1780972450961724,0.49273575067268627,0.0,0.20409783059471456,57,33.87453766276373,-5.80129514801336e-11,6.107560738646339e-08,3.7302331831279606e-15
18,0.5333333333333333,67.5,1.1780972450961724,0.49273575067268627,0.0,0.20409783059471456,58,33.87453766290842,4.36627495515441e-09,-3.6164461183947925e-08,1.3269326097092848e-15
18,0.5333333333333333,67.5,1.1780972450961724,0.49273575067268627,0.0,0.20409783059471456,59,34.047525019046134,-0.010723222502907716,3.6922551012619786e-10,0.00011498750084686657
19,0.5333333333333333,90.0,1.5707963267948966,0.5333333333333333,0.0,3.265724797726275e-17,1,10.601089661427809,-9.59528370764733e-15,4.441208098144404e-15,1.1179379880126572e-28
19,0.5333333333333333,90.0,1.5707963267948966,0.5333333333333333,0.0,3.265724797726275e-17,2,12.52937925367041,-2.4754108050859714e-09,1.0101027138131841e-11,6.127760684685622e-18
19,0.5333333333333333,90.0,1.5707963267948966,0.5333333333333333,0.0,3.265724797726275e-17,3,12.742641025626208,-2.3009229163699244e-11,-1.0914612971717488e-15,5.2942462789891555e-22
19,0.5333333333333333,90.0,1.5707963267948966,0.5333333333333333,0.0,3.265724797726275e-17,4,13.130725291782012,-1.6190045269904444e-11,-6.38272686346748e-09,4.0739464331195264e-17
19,0.5333333333333333,90.0,1.5707963267948966,0.5333333333333333,0.0,3.265724797726275e-17,5,13.130725291783854,-1.170360302077391e-10,8.836626520242377e-09,7.809966569061768e-17
19,0.5333333333333333,90.0,1.5707963267948966,0.5333333333333333,0.0,3.265724797726275e-17,6,13.134244278463646,-0.09629544340675858,6.419995033951595e-12,0.009272812420904244
19,0.5333333333333333,90.0,1.5707963267948966,0.5333333333333333,0.0,3.265724797726275e-17,7,13.987379164703443,-3.004350606850747e-11,-0.21338426736021598,0.04553284555685614
19,0.5333333333333333,90.0,1.5707963267948966,0.5333333333333333,0.0,3.265724797726275e-17,8,13.987379164704198,1.9500058471963677e-10,-0.3275331176384312,0.1072779431499504
19,0.5333333333333333,90.0,1.5707963267948966,0.5333333333333333,0.0,3.265724797726275e-17,9,14.627113026715655,3.5272498991548355e-14,-5.684310805764125e-15,1.2764605744453066e-27
19,0.5333333333333333,90.0,1.5707963267948966,0.5333333333333333,0.0,3.265724797726275e-17,10,15.474927381001192,-6.85156468015811e-12,-6.8972255970094175e-15,4.694398613811104e-23
19,0.5333333333333333,90.0,1.5707963267948966,0.5333333333333333,0.0,3.265724797726275e-17,11,16.694032611807582,-2.433303666454921e-09,-4.805241557272673e-11,5.923275767825335e-18
19,0.5333333333333333,90.0,1.5707963267948966,0.5333333333333333,0.0,3.265724797726275e-17,12,16.966418124622876,0.024198056542031755,-7.166283093751074e-11,0.0005855459404113658
19,0.5333333333333333,90.0,1.5707963267948966,0.5333333333333333,0.0,3.265724797726275e-17,13,17.036546647825844,3.5812285767786244e-15,-7.162129864567861e-14,5.14243561781262e-27
19,0.5333333333333333,90.0,1.5707963267948966,0.5333333333333333,0.0,3.265724797726275e-17,14,17.03654664784861,1.4135890982328904e-16,-1.4347451559246887e-13,2.0584956606834977e-26
19,0.5333333333333333,90.0,1.5707963267948966,0.5333333333333333,0.0,3.265724797726275e-17,15,17.05320327059592,7.534850961447486e-16,1.0913159062102429e-13,1.1910271811264949e-26
19,0.5333333333333333,90.0,1.5707963267948966,0.5333333333333333,0.0,3.265724797726275e-17,16,17.053203270617626,-3.2783613396189297e-15,5.117390347992819e-13,2.6188758739037376e-25
19,0.5333333333333333,90.0,1.5707963267948966,0.5333333333333333,0.0,3.265724797726275e-17,17,17.76622138238341,-4.758459930792594e-09,-2.698307009573721e-11,2.2643668999030447e-17
19,0.5333333333333333,90.0,1.5707963267948966,0.5333333333333333,0.0,3.265724797726275e-17,18,18.825760908026602,-1.5283289530830593e-13,8.05720800996319e-15,2.3422812489235416e-26
19,0.5333333333333333,90.0,1.5707963267948966,0.5333333333333333,0.0,3.265724797726275e-17,19,18.923821923349376,0.1221663791576804,-4.219694725369524e-11,0.014924624196498128
19,0.5333333333333333,90.0,1.5707963267948966,0.5333333333333333,0.0,3.265724797726275e-17,20,20.3060660028183,-1.0463818596937723e-11,-2.593277255147646e-14,1.0949217213831195e-22
19,0.5333333333333333,90.0,1.5707963267948966,0.5333333333333333,0.0,3.265724797726275e-17,21,23.757108846036733,-4.2780394321014375e-10,-3.3407711603696516e-12,1.8302737457809385e-19
19,0.5333333333333333,90.0,1.5707963267948966,0.5333333333333333,0.0,3.265724797726275e-17,22,23.75710884604802,3.0935226026826206e-09,-6.691818554558359e-10,1.001768644897957e-17
19,0.5333333333333333,90.0,1.5707963267948966,0.5333333333333333,0.0,3.265724797726275e-17,23,23.84422923633635,-0.02125198512557736,-6.485996488865723e-11,0.0004516468717777613
19,0.5333333333333333,90.0,1.5707963267948966,0.5333333333333333,0.0,3.265724797726275e-17,24,23.844229236379192,0.1460449502997032,9.364571374981482e-10,0.02132912750804278
19,0.5333333333333333,90.0,1.5707963267948966,0.5333333333333333,0.0,3.265724797726275e-17,25,24.180005762923916,2.9690242846811716e-11,6.860860836096328e-09,4.707229292280071e-17
19,0.5333333333333333,90.0,1.5707963267948966,0.5333333333333333,0.0,3.265724797726275e-17,26,24.18000576292419,4.502108652508049e-12,3.2353920273045733e-09,1.0467781839328316e-17
19,0.5333333333333333,90.0,1.5707963267948966,0.5333333333333333,0.0,3.265724797726275e-17,27,25.328884414515628,2.1543491537591355e-13,-1.6058999180057675e-14,4.6670094217692126e-26
19,0.5333333333333333,90.0,1.5707963267948966,0.5333333333333333,0.0,3.265724797726275e-17,28,25.91832376952536,5.95015440487123e-11,1.8832251962672827e-14,3.5404340988345646e-21
19,0.5333333333333333,90.0,1.5707963267948966,0.5333333333333333,0.0,3.265724797726275e-17,29,26.291932671007505,0.05267994712243584,4.356533808249854e-11,0.002775176828822636
19,0.5333333333333333,90.0,1.5707963267948966,0.5333333333333333,0.0,3.265724797726275e-17,30,26.43209942982244,-4.26927948824291e-14,1.3894224470734242e-11,1.9305129631788512e-22
19,0.5333333333333333,90.0,1.5707963267948966,0.5333333333333333,0.0,3.265724797726275e-17,31,26.432099429879074,-1.1159048853590981e-14,-7.848915883461989e-13,6.161793298279358e-25
19,0.5333333333333333,90.0,1.5707963267948966,0.5333333333333333,0.0,3.265724797726275e-17,32,26.518243522671032,1.4696119935115318e-15,1.055613692030583e-13,1.1145362427435856e-26
19,0.5333333333333333,90.0,1.5707963267948966,0.5333333333333333,0.0,3.265724797726275e-17,33,26.518243522730998,-2.2505701366325017e-15,-2.0254822294422105e-13,4.1030847683801777e-26
19,0.5333333333333333,90.0,1.5707963267948966,0.5333333333333333,0.0,3.265724797726275e-17,34,26.54608589484942,-3.6660268505363655e-11,0.27685475175494795,0.07664855356929386
19,0.5333333333333333,90.0,1.5707963267948966,0.5333333333333333,0.0,3.265724797726275e-17,35,26.546085894850595,1.8506495701120877e-11,0.23170589245664974,0.053687620599132534
19,0.5333333333333333,90.0,1.5707963267948966,0.5333333333333333,0.0,3.265724797726275e-17,36,26.692547387677717,2.3232740937061904e-09,2.0500293991061672e-11,5.3980227765400405e-18
19,0.5333333333333333,90.0,1.5707963267948966,0.5333333333333333,0.0,3.265724797726275e-17,37,28.28123647832734,-4.230044506411931e-13,9.280887629307314e-15,1.790189001374454e-25
19,0.5333333333333333,90.0,1.5707963267948966,0.5333333333333333,0.0,3.265724797726275e-17,38,28.281236478348614,7.129352900615016e-14,1.013719612790373e-15,5.083794905604129e-27
19,0.5333333333333333,90.0,1.5707963267948966,0.5333333333333333,0.0,3.265724797726275e-17,39,28.291774942128974,3.460978455928899e-13,-9.102792933655088e-15,1.1986657956323288e-25
19,0.5333333333333333,90.0,1.5707963267948966,0.5333333333333333,0.0,3.265724797726275e-17,40,28.29177494215093,6.321940535611626e-14,-6.891666013247286e-15,4.044188274019089e-27
19,0.5333333333333333,90.0,1.5707963267948966,0.5333333333333333,0.0,3.265724797726275e-17,41,28.48692673989627,-3.367381899715335e-11,3.076253571327046e-08,9.463347374363262e-16
19,0.5333333333333333,90.0,1.5707963267948966,0.5333333333333333,0.0,3.265724797726275e-17,42,28.48692674002121,-1.348940123830445e-11,8.137415652857156e-09,6.621771547131043e-17
19,0.5333333333333333,90.0,1.5707963267948966,0.5333333333333333,0.0,3.265724797726275e-17,43,28.53881613874187,1.4927101583369073e-11,-0.015205136884299798,0.00023119618767029415
19,0.5333333333333333,90.0,1.5707963267948966,0.5333333333333333,0.0,3.265724797726275e-17,44,28.538816138886954,7.206031480280813e-12,-0.013094119867126847,0.000171455975094686
19,0.5333333333333333,90.0,1.5707963267948966,0.5333333333333333,0.0,3.265724797726275e-17,45,29.479812918090055,-0.029341335776169795,-2.3934239500379323e-10,0.0008609139851299416
19,0.5333333333333333,90.0,1.5707963267948966,0.5333333333333333,0.0,3.265724797726275e-17,46,29.577235615176054,-1.2456675542768815e-12,8.861727569570423e-14,1.559540677329876e-24
19,0.5333333333333333,90.0,1.5707963267948966,0.5333333333333333,0.0,3.265724797726275e-17,47,30.134609682809216,4.301315879894696e-12,1.7415836201832287e-13,1.8531649433695187e-23
19,0.5333333333333333,90.0,1.5707963267948966,0.5333333333333333,0.0,3.265724797726275e-17,48,30.42285909291524,-1.2581564080251523e-12,1.562392814101466e-13,1.6073682601103125e-24
19,0.5333333333333333,90.0,1.5707963267948966,0.5333333333333333,0.0,3.265724797726275e-17,49,30.57781776649785,6.232807349282364e-16,-6.113641294803074e-15,3.7765088756054087e-29
19,0.5333333333333333,90.0,1.5707963267948966,0.5333333333333333,0.0,3.265724797726275e-17,50,30.57781776670913,-1.9673167544528518e-17,1.8817320640687062e-14,3.5409194312794855e-28
19,0.5333333333333333,90.0,1.5707963267948966,0.5333333333333333,0.0,3.265724797726275e-17,51,31.301447737714017,-1.5698503720978221e-15,-8.367105998209452e-14,7.003310708718035e-27
19,0.5333333333333333,90.0,1.5707963267948966,0.5333333333333333,0.0,3.265724797726275e-17,52,31.30144773792052,-2.6710216547880464e-14,-1.069280393052256e-12,1.144073994634022e-24
19,0.5333333333333333,90.0,1.5707963267948966,0.5333333333333333,0.0,3.265724797726275e-17,53,31.79394974414423,2.597717823998872e-12,-2.4504740246607397e-13,6.808186122576804e-24
19,0.5333333333333333,90.0,1.5707963267948966,0.5333333333333333,0.0,3.265724797726275e-17,54,32.54435131783464,2.020323709888188e-08,6.227435364955297e-10,4.085585987858841e-16
19,0.5333333333333333,90.0,1.5707963267948966,0.5333333333333333,0.0,3.265724797726275e-17,55,33.239787173533706,0.008265491814349435,-2.5238294817012273e-09,6.831835493308388e-05
19,0.5333333333333333,90.0,1.5707963267948966,0.5333333333333333,0.0,3.265724797726275e-17,56,33.84801129744537,-9.070974121211294e-08,-2.497390737874209e-09,8.23449411126612e-15
19,0.5333333333333333,90.0,1.5707963267948966,0.5333333333333333,0.0,3.265724797726275e-17,57,33.87453766276373,-2.413228365386672e-11,6.500350916298913e-08,4.225456785869926e-15
19,0.5333333333333333,90.0,1.5707963267948966,0.5333333333333333,0.0,3.265724797726275e-17,58,33.87453766290842,1.903115996624808e-09,-4.1796678366817395e-08,1.7505841729957904e-15
19,0.5333333333333333,90.0,1.5707963267948966,0.5333333333333333,0.0,3.265724797726275e-17,59,34.047525019046134,-0.00836969672717066,3.4737079129848855e-10,7.005182330481138e-05
20,0.6944444444444444,0.0,0.0,0.0,0.0,0.6944444444444444,1,10.601089661427809,-8.510161291846608e-14,3.1357022748529837e-09,9.83262876376046e-18
20,0.6944444444444444,0.0,0.0,0.0,0.0,0.6944444444444444,2,12.52937925367041,2.127648349451702e-09,-1.4171158519051642e-13,4.526887519006725e-18
20,0.6944444444444444,0.0,0.0,0.0,0.0,0.6944444444444444,3,12.742641025626208,-5.1685585669287126e-11,0.4114966046148715,0.16932945560956786
20,0.6944444444444444,0.0,0.0,0.0,0.0,0.6944444444444444,4,13.130725291782012,-1.2283858898453647e-10,1.637441016582241e-14,1.5089319211833192e-20
20,0.6944444444444444,0.0,0.0,0.0,0.0,0.6944444444444444,5,13.130725291783854,-1.0862182936919143e-09,6.074448559676936e-14,1.1798701852408663e-18
20,0.6944444444444444,0.0,0.0,0.0,0.0,0.6944444444444444,6,13.134244278463646,-0.13309085513425717,-6.673958619257588e-11,0.01771317572036783
20,0.6944444444444444,0.0,0.0,0.0,0.0,0.6944444444444444,7,13.987379164703443,-2.146720766720338e-10,1.2240984217935742e-14,4.608410065252525e-20
20,0.6944444444444444,0.0,0.0,0.0,0.0,0.6944444444444444,8,13.987379164704198,1.5723302446296204e-09,-7.362277125201853e-14,2.4722224035973544e-18
20,0.6944444444444444,0.0,0.0,0.0,0.0,0.6944444444444444,9,14.627113026715655,1.0284051044948275e-13,-2.0535897389235037e-09,4.217230826388074e-18
20,0.6944444444444444,0.0,0.0,0.0,0.0,0.6944444444444444,10,15.474927381001192,7.751506231799008e-11,-0.3282494933669177,0.10774772989563816
20,0.6944444444444444,0.0,0.0,0.0,0.0,0.6944444444444444,11,16.694032611807582,-6.999228706587333e-09,-2.717633954501964e-13,4.898920256097153e-17
20,0.6944444444444444,0.0,0.0,0.0,0.0,0.6944444444444444,12,16.966418124622876,-0.22067236793246048,-1.7587966109550844e-10,0.04869629396891921
20,0.6944444444444444,0.0,0.0,0.0,0.0,0.6944444444444444,13,17.036546647825844,-3.561692602780613e-14,5.147707939817437e-11,2.6498909719313676e-21
20,0.6944444444444444,0.0,0.0,0.0,0.0,0.6944444444444444,14,17.03654664784861,-6.304229974372241e-15,3.251204825394117e-11,1.0570333214099147e-21
20,0.6944444444444444,0.0,0.0,0.0,0.0,0.6944444444444444,15,17.05320327059592,-8.533413824714384e-15,-9.771976493972455e-12,9.54915974179017e-23
20,0.6944444444444444,0.0,0.0,0.0,0.0,0.6944444444444444,16,17.053203270617626,2.94045199481908e-14,-6.188451446841102e-12,3.829779593570311e-23
20,0.6944444444444444,0.0,0.0,0.0,0.0,0.6944444444444444,17,17.76622138238341,7.815754495384167e-09,2.442313073239603e-14,6.10860183327143e-17
20,0.6944444444444444,0.0,0.0,0.0,0.0,0.6944444444444444,18,18.825760908026602,2.445837867820659e-13,8.924633071779341e-09,7.96490755257188e-17
20,0.6944444444444444,0.0,0.0,0.0,0.0,0.6944444444444444,19,18.923821923349376,0.0949261976090724,8.077043165683204e-11,0.009010982992516662
20,0.6944444444444444,0.0,0.0,0.0,0.0,0.6944444444444444,20,20.3060660028183,-2.09623507946356e-11,0.3750248687236836,0.14064365216121613
20,0.6944444444444444,0.0,0.0,0.0,0.0,0.6944444444444444,21,23.757108846036733,-6.340679151422489e-10,-5.065271618458183e-15,4.0204212103849514e-19
20,0.6944444444444444,0.0,0.0,0.0,0.0,0.6944444444444444,22,23.75710884604802,-4.5021763818949466e-09,-2.207841910101734e-14,2.026959217418013e-17
20,0.6944444444444444,0.0,0.0,0.0,0.0,0.6944444444444444,23,23.84422923633635,4.4055889492764787e-10,3.5311571089383115e-13,1.9409226459057558e-19
20,0.6944444444444444,0.0,0.0,0.0,0.0,0.6944444444444444,24,23.844229236379192,6.270480026837071e-09,-2.299109474127736e-12,3.931892505286701e-17
20,0.6944444444444444,0.0,0.0,0.0,0.0,0.6944444444444444,25,24.180005762923916,4.87885719817981e-11,1.2736666640919081e-15,2.3803247576453213e-21
20,0.6944444444444444,0.0,0.0,0.0,0.0,0.6944444444444444,26,24.18000576292419,7.915230566198207e-11,5.6251026061676445e-15,6.2650875232496186e-21
20,0.6944444444444444,0.0,0.0,0.0,0.0,0.6944444444444444,27,25.328884414515628,2.392874071873025e-13,-1.0257675797300662e-08,1.0521991281978624e-16
20,0.6944444444444444,0.0,0.0,0.0,0.0,0.6944444444444444,28,25.91832376952536,-2.5230032450584333e-10,0.08624030657717745,0.0074373904785255554
20,0.6944444444444444,0.0,0.0,0.0,0.0,0.6944444444444444,29,26.291932671007505,-0.22049086409723181,-1.1702187435224453e-10,0.04861622115034395
20,0.6944444444444444,0.0,0.0,0.0,0.0,0.6944444444444444,30,26.43209942982244,1.8540822794331875e-13,5.535830448352086e-11,3.0645762515011945e-21
20,0.6944444444444444,0.0,0.0,0.0,0.0,0.6944444444444444,31,26.432099429879074,4.6187274638552827e-14,-6.93555487484086e-11,4.81019427545722e-21
20,0.6944444444444444,0.0,0.0,0.0,0.0,0.6944444444444444,32,26.518243522671032,-4.320953757829961e-15,-4.692605861480197e-11,2.2020549957904713e-21
20,0.6944444444444444,0.0,0.0,0.0,0.0,0.6944444444444444,33,26.518243522730998,1.36381227377857e-14,5.837558440317505e-11,3.407709040410606e-21
20,0.6944444444444444,0.0,0.0,0.0,0.0,0.6944444444444444,34,26.54608589484942,-4.957396924782263e-10,1.9889807654019788e-14,2.4575784309401088e-19
20,0.6944444444444444,0.0,0.0,0.0,0.0,0.6944444444444444,35,26.546085894850595,8.358757019984056e-12,8.771801281436603e-15,6.986889586363046e-23
20,0.6944444444444444,0.0,0.0,0.0,0.0,0.6944444444444444,36,26.692547387677717,-2.444299174194606e-08,2.7363346614175044e-13,5.974598453717184e-16
20,0.6944444444444444,0.0,0.0,0.0,0.0,0.6944444444444444,37,28.28123647832734,-1.832474865146505e-12,1.313439930650726e-09,1.7251278093919157e-18
20,0.6944444444444444,0.0,0.0,0.0,0.0,0.6944444444444444,38,28.281236478348614,3.1246106756402376e-13,3.10088020282083e-10,9.615467795438026e-20
20,0.6944444444444444,0.0,0.0,0.0,0.0,0.6944444444444444,39,28.291774942128974,1.651285030442211e-12,-1.0362970120209746e-09,1.0739142238658518e-18
20,0.6944444444444444,0.0,0.0,0.0,0.0,0.6944444444444444,40,28.29177494215093,2.9746009056374686e-13,7.430234566813823e-11,5.520927054292978e-21
20,0.6944444444444444,0.0,0.0,0.0,0.0,0.6944444444444444,41,28.48692673989627,-2.093007007329323e-10,-3.596201458211639e-15,4.380678334022916e-20
20,0.6944444444444444,0.0,0.0,0.0,0.0,0.6944444444444444,42,28.48692674002121,1.3988087598041149e-12,-1.8436898097015262e-16,1.956665980496647e-24
20,0.6944444444444444,0.0,0.0,0.0,0.0,0.6944444444444444,43,28.53881613874187,-1.7860785813792635e-10,-9.091205826994725e-16,3.190076698944412e-20
20,0.6944444444444444,0.0,0.0,0.0,0.0,0.6944444444444444,44,28.538816138886954,1.1965233151678042e-12,-4.2597210806023136e-14,1.4334825661086054e-24
20,0.6944444444444444,0.0,0.0,0.0,0.0,0.6944444444444444,45,29.479812918090055,0.05397960130362675,-4.248932684436959e-12,0.002913797356898503
20,0.6944444444444444,0.0,0.0,0.0,0.0,0.6944444444444444,46,29.577235615176054,-5.527940765854158e-12,-6.662839044739276e-08,4.4393424441683485e-15
20,0.6944444444444444,0.0,0.0,0.0,0.0,0.6944444444444444,47,30.134609682809216,-2.5775029312655928e-11,0.1924244723134678,0.03702717754511653
20,0.6944444444444444,0.0,0.0,0.0,0.0,0.6944444444444444,48,30.42285909291524,-6.7610727593185426e-12,-9.805149619115056e-08,9.614095951035317e-15
20,0.6944444444444444,0.0,0.0,0.0,0.0,0.6944444444444444,49,30.57781776649785,3.0894650822797707e-15,-1.8082368646233267e-10,3.2697205595372785e-20
20,0.6944444444444444,0.0,0.0,0.0,0.0,0.6944444444444444,50,30.57781776670913,1.933751747978129e-15,1.5672554700363792e-10,2.4562897087328914e-20
20,0.6944444444444444,0.0,0.0,0.0,0.0,0.6944444444444444,51,31.301447737714017,-6.9390291463815254e-15,-5.1755664621078387e-11,2.6786488685196707e-21
20,0.6944444444444444,0.0,0.0,0.0,0.0,0.6944444444444444,52,31.30144773792052,-1.477225194341594e-13,-4.7418875543285453e-11,2.2485715797323434e-21
20,0.6944444444444444,0.0,0.0,0.0,0.0,0.6944444444444444,53,31.79394974414423,1.6998230098159228e-11,0.1597182939414017,0.025509933419551992
20,0.6944444444444444,0.0,0.0,0.0,0.0,0.6944444444444444,54,32.54435131783464,1.6183538177409867e-07,-3.9305693211177815e-13,2.619069079412276e-14
20,0.6944444444444444,0.0,0.0,0.0,0.0,0.6944444444444444,55,33.239787173533706,0.0017047522804548164,-4.63654768796945e-11,2.906180337715899e-06
20,0.6944444444444444,0.0,0.0,0.0,0.0,0.6944444444444444,56,33.84801129744537,-3.7871918410267855e-07,7.054125359551363e-11,1.43428225383467e-13
20,0.6944444444444444,0.0,0.0,0.0,0.0,0.6944444444444444,57,33.87453766276373,-3.9676770401226397e-10,-1.7428070806092386e-13,1.574246413209287e-19
20,0.6944444444444444,0.0,0.0,0.0,0.0,0.6944444444444444,58,33.87453766290842,2.9863179532152104e-08,1.2411381628943798e-11,8.918096458119424e-16
20,0.6944444444444444,0.0,0.0,0.0,0.0,0.6944444444444444,59,34.047525019046134,-0.03810005013736129,-3.3957730122582286e-11,0.0014516138204694442
21,0.6944444444444444,22.5,0.39269908169872414,0.26575238358686787,0.0,0.6415830086883936,1,10.601089661427809,-1.1157209541498498e-12,2.2448713902983302e-09,5.039448803813206e-18
21,0.6944444444444444,22.5,0.39269908169872414,0.26575238358686787,0.0,0.6415830086883936,2,12.52937925367041,8.872148107210551e-10,3.167567586552694e-11,7.881534688043355e-19
21,0.6944444444444444,22.5,0.39269908169872414,0.26575238358686787,0.0,0.6415830086883936,3,12.742641025626208,-4.3617546064972154e-11,0.38337418969487636,0.14697576932420303
21,0.6944444444444444,22.5,0.39269908169872414,0.26575238358686787,0.0,0.6415830086883936,4,13.130725291782012,-1.131389785862533e-10,-2.7720643953650702e-09,7.697141440526254e-18
21,0.6944444444444444,22.5,0.39269908169872414,0.26575238358686787,0.0,0.6415830086883936,5,13.130725291783854,-9.700268690500523e-10,2.0580597791002335e-09,5.176562181029149e-18
21,0.6944444444444444,22.5,0.39269908169872414,0.26575238358686787,0.0,0.6415830086883936,6,13.134244278463646,-0.13310903921759332,-4.5619828215109505e-11,0.017718016321430795
21,0.6944444444444444,22.5,0.39269908169872414,0.26575238358686787,0.0,0.6415830086883936,7,13.987379164703443,-1.9391247101854543e-10,-0.08406773575552683,0.007067384195061084
21,0.6944444444444444,22.5,0.39269908169872414,0.26575238358686787,0.0,0.6415830086883936,8,13.987379164704198,1.4173455017226792e-09,-0.1290393498368862,0.016651153806326306
21,0.6944444444444444,22.5,0.39269908169872414,0.26575238358686787,0.0,0.6415830086883936,9,14.627113026715655,-2.685216451665632e-13,-1.5631399454231423e-09,2.443406561081338e-18
21,0.6944444444444444,22.5,0.39269908169872414,0.26575238358686787,0.0,0.6415830086883936,10,15.474927381001192,6.489557003868864e-11,-0.3062907284627875,0.09381401034226501
21,0.6944444444444444,22.5,0.39269908169872414,0.26575238358686787,0.0,0.6415830086883936,11,16.694032611807582,-6.489744367472826e-09,-8.15373592396124e-12,4.211684843855478e-17
21,0.6944444444444444,22.5,0.39269908169872414,0.26575238358686787,0.0,0.6415830086883936,12,16.966418124622876,-0.18518081772422867,-2.11573422738471e-10,0.03429193525301401
21,0.6944444444444444,22.5,0.39269908169872414,0.26575238358686787,0.0,0.6415830086883936,13,17.036546647825844,2.0611641969868495e-09,4.679011761105242e-11,4.2505871620465e-18
21,0.6944444444444444,22.5,0.39269908169872414,0.26575238358686787,0.0,0.6415830086883936,14,17.03654664784861,1.2641222153645095e-08,3.5174302329732314e-11,1.598017347693519e-16
21,0.6944444444444444,22.5,0.39269908169872414,0.26575238358686787,0.0,0.6415830086883936,15,17.05320327059592,0.029969897771193025,-5.894886806637776e-12,0.0008981947724157606
21,0.6944444444444444,22.5,0.39269908169872414,0.26575238358686787,0.0,0.6415830086883936,16,17.053203270617626,0.09796171131281504,1.9968045459841867e-13,0.009596496883335316
21,0.6944444444444444,22.5,0.39269908169872414,0.26575238358686787,0.0,0.6415830086883936,17,17.76622138238341,5.933888749531536e-09,-2.8000259400950862e-11,3.5211819706343455e-17
21,0.6944444444444444,22.5,0.39269908169872414,0.26575238358686787,0.0,0.6415830086883936,18,18.825760908026602,-2.5156755860425943e-11,8.595397398925492e-09,7.388148930782054e-17
21,0.6944444444444444,22.5,0.39269908169872414,0.26575238358686787,0.0,0.6415830086883936,19,18.923821923349376,0.107794990080548,5.4850028618195667e-11,0.011619759886465443
21,0.6944444444444444,22.5,0.39269908169872414,0.26575238358686787,0.0,0.6415830086883936,20,20.3060660028183,-2.1271455885703425e-11,0.3405754586123511,0.11599164300901328
21,0.6944444444444444,22.5,0.39269908169872414,0.26575238358686787,0.0,0.6415830086883936,21,23.757108846036733,-1.226273257502546e-10,9.942427780967558e-13,1.5038449539360852e-20
21,0.6944444444444444,22.5,0.39269908169872414,0.26575238358686787,0.0,0.6415830086883936,22,23.75710884604802,-3.2321988500995567e-09,-3.370487493646671e-10,1.0560711266033183e-17
21,0.6944444444444444,22.5,0.39269908169872414,0.26575238358686787,0.0,0.6415830086883936,23,23.84422923633635,-0.004314347287912086,-2.85704252601766e-11,1.8613592520714374e-05
21,0.6944444444444444,22.5,0.39269908169872414,0.26575238358686787,0.0,0.6415830086883936,24,23.844229236379192,0.029648464468487897,4.587269003746901e-10,0.0008790314453391895
21,0.6944444444444444,22.5,0.39269908169872414,0.26575238358686787,0.0,0.6415830086883936,25,24.180005762923916,4.608140079731248e-11,3.1615757906827146e-09,9.997684975730475e-18
21,0.6944444444444444,22.5,0.39269908169872414,0.26575238358686787,0.0,0.6415830086883936,26,24.18000576292419,7.139264079561849e-11,1.3689079214868872e-09,1.8790058066693216e-18
21,0.6944444444444444,22.5,0.39269908169872414,0.26575238358686787,0.0,0.6415830086883936,27,25.328884414515628,-1.641208814473278e-11,-7.880794425518396e-09,6.21071901339191e-17
21,0.6944444444444444,22.5,0.39269908169872414,0.26575238358686787,0.0,0.6415830086883936,28,25.91832376952536,-2.1181248257445012e-10,0.1083221308629006,0.011733684034679363
21,0.6944444444444444,22.5,0.39269908169872414,0.26575238358686787,0.0,0.6415830086883936,29,26.291932671007505,-0.1787420836412497,-1.1760982101112205e-10,0.0319487324644155
21,0.6944444444444444,22.5,0.39269908169872414,0.26575238358686787,0.0,0.6415830086883936,30,26.43209942982244,0.11774787182930212,4.9199123125675644e-11,0.013864561320329758
21,0.6944444444444444,22.5,0.39269908169872414,0.26575238358686787,0.0,0.6415830086883936,31,26.432099429879074,-0.022085728967632657,-6.121982258990115e-11,0.0004877794240317283
21,0.6944444444444444,22.5,0.39269908169872414,0.26575238358686787,0.0,0.6415830086883936,32,26.518243522671032,6.550678994285577e-09,-3.9260888058663446e-11,4.291293670350545e-17
21,0.6944444444444444,22.5,0.39269908169872414,0.26575238358686787,0.0,0.6415830086883936,33,26.518243522730998,5.571604531443258e-09,5.492215565828224e-11,3.10457934979812e-17
21,0.6944444444444444,22.5,0.39269908169872414,0.26575238358686787,0.0,0.6415830086883936,34,26.54608589484942,-4.367380590748343e-10,0.12115426522615046,0.014678355982488409
21,0.6944444444444444,22.5,0.39269908169872414,0.26575238358686787,0.0,0.6415830086883936,35,26.546085894850595,9.00874313962773e-12,0.10139669604866866,0.0102812899695861
21,0.6944444444444444,22.5,0.39269908169872414,0.26575238358686787,0.0,0.6415830086883936,36,26.692547387677717,-1.9061624636758247e-08,-1.3700009057784211e-11,3.6334572148291716e-16
21,0.6944444444444444,22.5,0.39269908169872414,0.26575238358686787,0.0,0.6415830086883936,37,28.28123647832734,3.030530032283613e-12,4.0729171350108936e-10,1.6589572399893004e-19
21,0.6944444444444444,22.5,0.39269908169872414,0.26575238358686787,0.0,0.6415830086883936,38,28.281236478348614,-5.405202919647531e-12,2.8640829365243453e-10,8.205892689150174e-20
21,0.6944444444444444,22.5,0.39269908169872414,0.26575238358686787,0.0,0.6415830086883936,39,28.291774942128974,6.2175962287318244e-12,-0.02462452461137134,0.0006063672123360329
21,0.6944444444444444,22.5,0.39269908169872414,0.26575238358686787,0.0,0.6415830086883936,40,28.29177494215093,5.0089754886256015e-12,-0.0020470859351135323,4.190560825739645e-06
21,0.6944444444444444,22.5,0.39269908169872414,0.26575238358686787,0.0,0.6415830086883936,41,28.48692673989627,-2.2598933391973484e-10,1.6574238430450858e-08,2.747564507284796e-16
21,0.6944444444444444,22.5,0.39269908169872414,0.26575238358686787,0.0,0.6415830086883936,42,28.48692674002121,1.3023037416706949e-12,6.89240955431118e-09,4.7505311160355074e-17
21,0.6944444444444444,22.5,0.39269908169872414,0.26575238358686787,0.0,0.6415830086883936,43,28.53881613874187,-1.9573218638221107e-10,-0.0764802818706538,0.005849233515014656
21,0.6944444444444444,22.5,0.39269908169872414,0.26575238358686787,0.0,0.6415830086883936,44,28.538816138886954,3.428276348727021e-12,-0.06586199092084324,0.004337801848057238
21,0.6944444444444444,22.5,0.39269908169872414,0.26575238358686787,0.0,0.6415830086883936,45,29.479812918090055,0.04069367573065172,-5.287913726369862e-11,0.0016559752444714327
21,0.6944444444444444,22.5,0.39269908169872414,0.26575238358686787,0.0,0.6415830086883936,46,29.577235615176054,-1.8801462030668852e-11,-6.023438763187072e-08,3.628181806881435e-15
21,0.6944444444444444,22.5,0.39269908169872414,0.26575238358686787,0.0,0.6415830086883936,47,30.134609682809216,1.9036651289652657e-12,0.1677849393068047,0.028151785858188134
21,0.6944444444444444,22.5,0.39269908169872414,0.26575238358686787,0.0,0.6415830086883936,48,30.42285909291524,-1.1762924871789661e-12,-8.407722339100323e-08,7.068979494524325e-15
21,0.6944444444444444,22.5,0.39269908169872414,0.26575238358686787,0.0,0.6415830086883936,49,30.57781776649785,1.9836804680924232e-09,-1.6378404081786755e-10,3.961813411518004e-18
21,0.6944444444444444,22.5,0.39269908169872414,0.26575238358686787,0.0,0.6415830086883936,50,30.57781776670913,-3.305664728148723e-08,1.3333387062191605e-10,1.0927597074137123e-15
21,0.6944444444444444,22.5,0.39269908169872414,0.26575238358686787,0.0,0.6415830086883936,51,31.301447737714017,0.0017883214815909868,-5.123814984064367e-11,3.1980937215197846e-06
21,0.6944444444444444,22.5,0.39269908169872414,0.26575238358686787,0.0,0.6415830086883936,52,31.30144773792052,0.015004606133696658,-4.8790258519059363e-11,0.00022513820522736738
21,0.6944444444444444,22.5,0.39269908169872414,0.26575238358686787,0.0,0.6415830086883936,53,31.79394974414423,-8.830272526049997e-12,0.14017967521883604,0.019650341344458352
21,0.6944444444444444,22.5,0.39269908169872414,0.26575238358686787,0.0,0.6415830086883936,54,32.54435131783464,1.4904876472002424e-07,2.9520888450051133e-10,2.221562141285063e-14
21,0.6944444444444444,22.5,0.39269908169872414,0.26575238358686787,0.0,0.6415830086883936,55,33.239787173533706,0.002872636616551537,-1.032360685803036e-09,8.252041130753727e-06
21,0.6944444444444444,22.5,0.39269908169872414,0.26575238358686787,0.0,0.6415830086883936,56,33.84801129744537,-3.4377253357693827e-07,-3.9569332266722596e-10,1.1817971141511273e-13
21,0.6944444444444444,22.5,0.39269908169872414,0.26575238358686787,0.0,0.6415830086883936,57,33.87453766276373,-3.493536098018285e-10,2.9800585066110836e-08,8.881969182271896e-16
21,0.6944444444444444,22.5,0.39269908169872414,0.26575238358686787,0.0,0.6415830086883936,58,33.87453766290842,2.628120781459431e-08,-1.7215848671832717e-08,9.870873296853373e-16
21,0.6944444444444444,22.5,0.39269908169872414,0.26575238358686787,0.0,0.6415830086883936,59,34.047525019046134,-0.03490461163237264,3.544770982926753e-10,0.0012183319132067637
22,0.6944444444444444,45.0,0.7853981633974483,0.4910463758239913,0.0,0.49104637582399135,1,10.601089661427809,-2.7646441340221658e-12,4.3264405813768883e-10,1.8718852429903566e-19
22,0.6944444444444444,45.0,0.7853981633974483,0.4910463758239913,0.0,0.49104637582399135,2,12.52937925367041,-2.0543742171146943e-09,4.005348041600346e-11,4.222057705239048e-18
22,0.6944444444444444,45.0,0.7853981633974483,0.4910463758239913,0.0,0.49104637582399135,3,12.742641025626208,-3.402321596140044e-11,0.2993767967365477,0.0896264664242362
22,0.6944444444444444,45.0,0.7853981633974483,0.4910463758239913,0.0,0.49104637582399135,4,13.130725291782012,-8.467621049463645e-11,-5.928184366296396e-09,3.515053994142474e-17
22,0.6944444444444444,45.0,0.7853981633974483,0.4910463758239913,0.0,0.49104637582399135,5,13.130725291783854,-6.731609003692469e-10,6.131543572686605e-09,3.804897218154035e-17
22,0.6944444444444444,45.0,0.7853981633974483,0.4910463758239913,0.0,0.49104637582399135,6,13.134244278463646,-0.13312634398839285,-3.2541115296240806e-11,0.0177226234637159
22,0.6944444444444444,45.0,0.7853981633974483,0.4910463758239913,0.0,0.49104637582399135,7,13.987379164703443,-1.4106744562811345e-10,-0.15846837433380273,0.025112225663998226
22,0.6944444444444444,45.0,0.7853981633974483,0.4910463758239913,0.0,0.49104637582399135,8,13.987379164704198,1.0069193911826286e-09,-0.24324023902422395,0.0591658138805616
22,0.6944444444444444,45.0,0.7853981633974483,0.4910463758239913,0.0,0.49104637582399135,9,14.627113026715655,2.8289771161969217e-12,-7.157300701734524e-10,5.122775364620191e-19
22,0.6944444444444444,45.0,0.7853981633974483,0.4910463758239913,0.0,0.49104637582399135,10,15.474927381001192,3.7708359529769756e-11,-0.240059123326801,0.05762838269243225
22,0.6944444444444444,45.0,0.7853981633974483,0.4910463758239913,0.0,0.49104637582399135,11,16.694032611807582,-4.605664410465398e-09,-2.3255758633433997e-11,2.1212685492137197e-17
22,0.6944444444444444,45.0,0.7853981633974483,0.4910463758239913,0.0,0.49104637582399135,12,16.966418124622876,-0.09831943567200126,-2.0115422277046734e-10,0.009666711430860793
22,0.6944444444444444,45.0,0.7853981633974483,0.4910463758239913,0.0,0.49104637582399135,13,17.036546647825844,2.625720395659967e-09,3.5625776234217795e-11,6.895676792117024e-18
22,0.6944444444444444,45.0,0.7853981633974483,0.4910463758239913,0.0,0.49104637582399135,14,17.03654664784861,1.6693613669304007e-08,4.014671144115905e-11,2.7867834909841316e-16
22,0.6944444444444444,45.0,0.7853981633974483,0.4910463758239913,0.0,0.49104637582399135,15,17.05320327059592,0.042786340582033414,-1.5977185750218802e-13,0.0018306709404017595
22,0.6944444444444444,45.0,0.7853981633974483,0.4910463758239913,0.0,0.49104637582399135,16,17.053203270617626,0.13985443552797094,7.36833525864834e-12,0.01955926313684738
22,0.6944444444444444,45.0,0.7853981633974483,0.4910463758239913,0.0,0.49104637582399135,17,17.76622138238341,1.4204603314318193e-09,-4.4589806603235e-11,2.0196958040243077e-18
22,0.6944444444444444,45.0,0.7853981633974483,0.4910463758239913,0.0,0.49104637582399135,18,18.825760908026602,-4.426546360899804e-11,7.0494430798904425e-09,4.969660716788377e-17
22,0.6944444444444444,45.0,0.7853981633974483,0.4910463758239913,0.0,0.49104637582399135,19,18.923821923349376,0.13917401740068325,2.0430655900432158e-11,0.019369407119445684
22,0.6944444444444444,45.0,0.7853981633974483,0.4910463758239913,0.0,0.49104637582399135,20,20.3060660028183,-2.205933672326427e-11,0.24960571727082626,0.062303014094283654
22,0.6944444444444444,45.0,0.7853981633974483,0.4910463758239913,0.0,0.49104637582399135,21,23.757108846036733,5.03854278693978e-10,-9.806435720801152e-13,2.538700958200443e-19
22,0.6944444444444444,45.0,0.7853981633974483,0.4910463758239913,0.0,0.49104637582399135,22,23.75710884604802,-5.12996033495271e-10,-6.222933544297552e-10,6.504139493493181e-19
22,0.6944444444444444,45.0,0.7853981633974483,0.4910463758239913,0.0,0.49104637582399135,23,23.84422923633635,-0.015114977482233014,-5.396263970161534e-11,0.00022846254428841105
22,0.6944444444444444,45.0,0.7853981633974483,0.4910463758239913,0.0,0.49104637582399135,24,23.844229236379192,0.10387105284857095,8.578451241051356e-10,0.01078919561987062
22,0.6944444444444444,45.0,0.7853981633974483,0.4910463758239913,0.0,0.49104637582399135,25,24.180005762923916,4.116489766938638e-11,5.510061704625355e-09,3.0362474537579e-17
22,0.6944444444444444,45.0,0.7853981633974483,0.4910463758239913,0.0,0.49104637582399135,26,24.18000576292419,4.784071563702895e-11,2.522320954626696e-09,6.364391732221591e-18
22,0.6944444444444444,45.0,0.7853981633974483,0.4910463758239913,0.0,0.49104637582399135,27,25.328884414515628,-1.764936798080872e-11,-3.011491449190286e-09,9.069392248736331e-18
22,0.6944444444444444,45.0,0.7853981633974483,0.4910463758239913,0.0,0.49104637582399135,28,25.91832376952536,-9.792809858486188e-11,0.13677998409901732,0.01870876405012743
22,0.6944444444444444,45.0,0.7853981633974483,0.4910463758239913,0.0,0.49104637582399135,29,26.291932671007505,-0.07386481641799128,-1.2990148453798066e-10,0.005456011104463554
22,0.6944444444444444,45.0,0.7853981633974483,0.4910463758239913,0.0,0.49104637582399135,30,26.43209942982244,0.1715133148701259,3.093465204804088e-11,0.029416817177738946
22,0.6944444444444444,45.0,0.7853981633974483,0.4910463758239913,0.0,0.49104637582399135,31,26.432099429879074,-0.03217040303276981,-4.1550586594297e-11,0.001034934831290845
22,0.6944444444444444,45.0,0.7853981633974483,0.4910463758239913,0.0,0.49104637582399135,32,26.518243522671032,6.267792351104217e-09,-2.1150915454221658e-11,3.928566831778508e-17
22,0.6944444444444444,45.0,0.7853981633974483,0.4910463758239913,0.0,0.49104637582399135,33,26.518243522730998,7.861421570818265e-09,4.3729951321593564e-11,6.18038614227693e-17
22,0.6944444444444444,45.0,0.7853981633974483,0.4910463758239913,0.0,0.49104637582399135,34,26.54608589484942,-2.912405862346608e-10,0.23570693033885323,0.05555775700976501
22,0.6944444444444444,45.0,0.7853981633974483,0.4910463758239913,0.0,0.49104637582399135,35,26.546085894850595,1.3507282340181373e-11,0.197268366283725,0.038914808336249884
22,0.6944444444444444,45.0,0.7853981633974483,0.4910463758239913,0.0,0.49104637582399135,36,26.692547387677717,-8.719613776659705e-09,-1.061231077645667e-11,7.603177703525374e-17
22,0.6944444444444444,45.0,0.7853981633974483,0.4910463758239913,0.0,0.49104637582399135,37,28.28123647832734,3.934026536922605e-12,-7.705035696264551e-10,5.936912273719027e-19
22,0.6944444444444444,45.0,0.7853981633974483,0.4910463758239913,0.0,0.49104637582399135,38,28.281236478348614,-1.0036699813571802e-11,1.7104868472055334e-10,2.9358387887779014e-20
22,0.6944444444444444,45.0,0.7853981633974483,0.4910463758239913,0.0,0.49104637582399135,39,28.291774942128974,8.30349959013419e-12,-0.06445584247304341,0.004154555628909787
22,0.6944444444444444,45.0,0.7853981633974483,0.4910463758239913,0.0,0.49104637582399135,40,28.29177494215093,7.61081892686741e-12,-0.005358343268970206,2.8711842588118316e-05
22,0.6944444444444444,45.0,0.7853981633974483,0.4910463758239913,0.0,0.49104637582399135,41,28.48692673989627,-2.0873804806714996e-10,2.9543210154158553e-08,8.72844837785488e-16
22,0.6944444444444444,45.0,0.7853981633974483,0.4910463758239913,0.0,0.49104637582399135,42,28.48692674002121,-2.4223300292253547e-12,1.0546622970455806e-08,1.1123126194862883e-16
22,0.6944444444444444,45.0,0.7853981633974483,0.4910463758239913,0.0,0.49104637582399135,43,28.53881613874187,-1.7263084798077906e-10,-0.08542333570870285,0.007297146283601747
22,0.6944444444444444,45.0,0.7853981633974483,0.4910463758239913,0.0,0.49104637582399135,44,28.538816138886954,6.248118784545702e-12,-0.07356342533385012,0.005411577546848941
22,0.6944444444444444,45.0,0.7853981633974483,0.4910463758239913,0.0,0.49104637582399135,45,29.479812918090055,0.006564632502147819,-1.3676650749617945e-10,4.3094399888255556e-05
22,0.6944444444444444,45.0,0.7853981633974483,0.4910463758239913,0.0,0.49104637582399135,46,29.577235615176054,-2.6361542882292375e-11,-4.390920458917373e-08,1.9280189425848585e-15
22,0.6944444444444444,45.0,0.7853981633974483,0.4910463758239913,0.0,0.49104637582399135,47,30.134609682809216,2.993073252544163e-11,0.10952726597568233,0.011996221992107859
22,0.6944444444444444,45.0,0.7853981633974483,0.4910463758239913,0.0,0.49104637582399135,48,30.42285909291524,9.983682888402705e-12,-5.212533573931556e-08,2.7170507256102917e-15
22,0.6944444444444444,45.0,0.7853981633974483,0.4910463758239913,0.0,0.49104637582399135,49,30.57781776649785,2.571020649871463e-09,-1.1887602794856895e-10,6.624278692086309e-18
22,0.6944444444444444,45.0,0.7853981633974483,0.4910463758239913,0.0,0.49104637582399135,50,30.57781776670913,-4.350357381820731e-08,8.033282886029831e-11,1.8925673883196048e-15
22,0.6944444444444444,45.0,0.7853981633974483,0.4910463758239913,0.0,0.49104637582399135,51,31.301447737714017,0.0026974249676601017,-4.674623727418349e-11,7.276101456156103e-06
22,0.6944444444444444,45.0,0.7853981633974483,0.4910463758239913,0.0,0.49104637582399135,52,31.30144773792052,0.02263228650180055,-4.569784031125085e-11,0.0005122203922995834
22,0.6944444444444444,45.0,0.7853981633974483,0.4910463758239913,0.0,0.49104637582399135,53,31.79394974414423,-3.054673880221475e-11,0.09330079216558684,0.008705037818726032
22,0.6944444444444444,45.0,0.7853981633974483,0.4910463758239913,0.0,0.49104637582399135,54,32.54435131783464,1.1175148873265724e-07,5.430342460028095e-10,1.2488690120157551e-14
22,0.6944444444444444,45.0,0.7853981633974483,0.4910463758239913,0.0,0.49104637582399135,55,33.239787173533706,0.006444717151473305,-2.02240739705222e-09,4.1534379162498286e-05
22,0.6944444444444444,45.0,0.7853981633974483,0.4910463758239913,0.0,0.49104637582399135,56,33.84801129744537,-2.62166153066533e-07,-1.2415309818837946e-09,6.873263321288378e-14
22,0.6944444444444444,45.0,0.7853981633974483,0.4910463758239913,0.0,0.49104637582399135,57,33.87453766276373,-2.335223488157948e-10,5.204948501891608e-08,2.709203423421766e-15
22,0.6944444444444444,45.0,0.7853981633974483,0.4910463758239913,0.0,0.49104637582399135,58,33.87453766290842,1.7734060761828984e-08,-3.8936272432983376e-08,1.8305302220797436e-15
22,0.6944444444444444,45.0,0.7853981633974483,0.4910463758239913,0.0,0.49104637582399135,59,34.047525019046134,-0.02681505594734825,5.084208019998085e-10,0.000719047225459417
23,0.6944444444444444,67.5,1.1780972450961724,0.6415830086883936,0.0,0.2657523835868679,1,10.601089661427809,-2.7150024075847912e-12,-5.246625871878806e-10,2.752782016327536e-19
23,0.6944444444444444,67.5,1.1780972450961724,0.6415830086883936,0.0,0.2657523835868679,2,12.52937925367041,-4.905900943683472e-09,2.7552868688153125e-11,2.4068623229807327e-17
23,0.6944444444444444,67.5,1.1780972450961724,0.6415830086883936,0.0,0.2657523835868679,3,12.742641025626208,-2.94283708107129e-11,0.1652755045615424,0.027315992408072427
23,0.6944444444444444,67.5,1.1780972450961724,0.6415830086883936,0.0,0.2657523835868679,4,13.130725291782012,-4.9141493757214613e-11,-8.838694373602722e-09,7.81249331163651e-17
23,0.6944444444444444,67.5,1.1780972450961724,0.6415830086883936,0.0,0.2657523835868679,5,13.130725291783854,-3.5156507976633017e-10,1.1350763769019711e-08,1.2896343614540166e-16
23,0.6944444444444444,67.5,1.1780972450961724,0.6415830086883936,0.0,0.2657523835868679,6,13.134244278463646,-0.13310478508344933,-2.3364454395510203e-11,0.017716883812111235
23,0.6944444444444444,67.5,1.1780972450961724,0.6415830086883936,0.0,0.2657523835868679,7,13.987379164703443,-8.320059147966836e-11,-0.21122072031552508,0.04461419269060927
23,0.6944444444444444,67.5,1.1780972450961724,0.6415830086883936,0.0,0.2657523835868679,8,13.987379164704198,5.446320565479802e-10,-0.32421219136229,0.10511354502793815
23,0.6944444444444444,67.5,1.1780972450961724,0.6415830086883936,0.0,0.2657523835868679,9,14.627113026715655,4.301288397365484e-12,-2.3188103705009238e-10,5.3787316425303626e-20
23,0.6944444444444444,67.5,1.1780972450961724,0.6415830086883936,0.0,0.2657523835868679,10,15.474927381001192,9.175593318373408e-12,-0.13299879275565638,0.017688678874462033
23,0.6944444444444444,67.5,1.1780972450961724,0.6415830086883936,0.0,0.2657523835868679,11,16.694032611807582,-1.8648505550983802e-09,-4.494829357802697e-11,3.479687941946313e-18
23,0.6944444444444444,67.5,1.1780972450961724,0.6415830086883936,0.0,0.2657523835868679,12,16.966418124622876,-0.009772678684668364,-1.5290218149649838e-10,9.550524867377141e-05
23,0.6944444444444444,67.5,1.1780972450961724,0.6415830086883936,0.0,0.2657523835868679,13,17.036546647825844,1.6670137529987313e-09,2.0066032845787787e-11,2.7793374983610834e-18
23,0.6944444444444444,67.5,1.1780972450961724,0.6415830086883936,0.0,0.2657523835868679,14,17.03654664784861,1.101633037742271e-08,3.160163331066874e-11,1.2136053364775428e-16
23,0.6944444444444444,67.5,1.1780972450961724,0.6415830086883936,0.0,0.2657523835868679,15,17.05320327059592,0.03054214596465445,1.3422112439700881e-12,0.0009328226801262581
23,0.6944444444444444,67.5,1.1780972450961724,0.6415830086883936,0.0,0.2657523835868679,16,17.053203270617626,0.09983220151427404,5.713106744512288e-12,0.009966468459186618
23,0.6944444444444444,67.5,1.1780972450961724,0.6415830086883936,0.0,0.2657523835868679,17,17.76622138238341,-2.9600806287654463e-09,-4.746232289193748e-11,8.764330000886738e-18
23,0.6944444444444444,67.5,1.1780972450961724,0.6415830086883936,0.0,0.2657523835868679,18,18.825760908026602,-3.781047412087555e-11,3.9419892146328686e-09,1.5540708600235106e-17
23,0.6944444444444444,67.5,1.1780972450961724,0.6415830086883936,0.0,0.2657523835868679,19,18.923821923349376,0.17100761317374785,-2.4753047844516082e-11,0.02924360376338218
23,0.6944444444444444,67.5,1.1780972450961724,0.6415830086883936,0.0,0.2657523835868679,20,20.3060660028183,-2.1296695177694786e-11,0.12898286849720508,0.0166365803657673
23,0.6944444444444444,67.5,1.1780972450961724,0.6415830086883936,0.0,0.2657523835868679,21,23.757108846036733,2.4802959605745123e-10,-2.862493213032357e-12,6.152687438781708e-20
23,0.6944444444444444,67.5,1.1780972450961724,0.6415830086883936,0.0,0.2657523835868679,22,23.75710884604802,1.7271058584272069e-09,-8.296439326440277e-10,3.671203701186627e-18
23,0.6944444444444444,67.5,1.1780972450961724,0.6415830086883936,0.0,0.2657523835868679,23,23.84422923633635,-0.026468646038122667,-7.308501679506753e-11,0.0007005892230914268
23,0.6944444444444444,67.5,1.1780972450961724,0.6415830086883936,0.0,0.2657523835868679,24,23.844229236379192,0.18189416187338628,1.1521811845865057e-09,0.03308548612362165
23,0.6944444444444444,67.5,1.1780972450961724,0.6415830086883936,0.0,0.2657523835868679,25,24.180005762923916,3.8179381990861777e-11,6.598076014108986e-09,4.353606475316953e-17
23,0.6944444444444444,67.5,1.1780972450961724,0.6415830086883936,0.0,0.2657523835868679,26,24.18000576292419,1.7136704459034228e-11,3.2445639527483806e-09,1.0527488910113912e-17
23,0.6944444444444444,67.5,1.1780972450961724,0.6415830086883936,0.0,0.2657523835868679,27,25.328884414515628,-7.274200742474671e-12,4.64114965396039e-11,2.206941007487484e-21
23,0.6944444444444444,67.5,1.1780972450961724,0.6415830086883936,0.0,0.2657523835868679,28,25.91832376952536,3.111324745984285e-11,0.10390812493154901,0.010796898426790397
23,0.6944444444444444,67.5,1.1780972450961724,0.6415830086883936,0.0,0.2657523835868679,29,26.291932671007505,0.03685020304008398,-7.03250442916864e-11,0.001357937464095415
23,0.6944444444444444,67.5,1.1780972450961724,0.6415830086883936,0.0,0.2657523835868679,30,26.43209942982244,0.12483390871411155,2.0219344670626773e-11,0.015583504764843137
23,0.6944444444444444,67.5,1.1780972450961724,0.6415830086883936,0.0,0.2657523835868679,31,26.432099429879074,-0.023414841373942903,-2.0173300814712227e-11,0.0005482547965669083
23,0.6944444444444444,67.5,1.1780972450961724,0.6415830086883936,0.0,0.2657523835868679,32,26.518243522671032,2.3738464300342677e-09,-5.563685918105365e-12,5.635177827987433e-18
23,0.6944444444444444,67.5,1.1780972450961724,0.6415830086883936,0.0,0.2657523835868679,33,26.518243522730998,5.53175249746069e-09,2.435698116449307e-11,3.0600878955694035e-17
23,0.6944444444444444,67.5,1.1780972450961724,0.6415830086883936,0.0,0.2657523835868679,34,26.54608589484942,-1.477890364287849e-10,0.32322202386796495,0.1044724767133033
23,0.6944444444444444,67.5,1.1780972450961724,0.6415830086883936,0.0,0.2657523835868679,35,26.546085894850595,1.695891782819718e-11,0.2705116921338582,0.07317657558112327
23,0.6944444444444444,67.5,1.1780972450961724,0.6415830086883936,0.0,0.2657523835868679,36,26.692547387677717,-2.057266136922288e-09,3.2952891169485523e-13,4.232344066716458e-18
23,0.6944444444444444,67.5,1.1780972450961724,0.6415830086883936,0.0,0.2657523835868679,37,28.28123647832734,1.0544709830152347e-12,-6.845130491171043e-10,4.685592263206493e-19
23,0.6944444444444444,67.5,1.1780972450961724,0.6415830086883936,0.0,0.2657523835868679,38,28.281236478348614,-8.555315558074206e-12,2.905434933285899e-11,9.173486394540302e-22
23,0.6944444444444444,67.5,1.1780972450961724,0.6415830086883936,0.0,0.2657523835868679,39,28.291774942128974,5.6043903268886875e-12,-0.059646520187191694,0.0035577073704410665
23,0.6944444444444444,67.5,1.1780972450961724,0.6415830086883936,0.0,0.2657523835868679,40,28.29177494215093,5.7558739650812935e-12,-0.004958534733852976,2.4587066706826407e-05
23,0.6944444444444444,67.5,1.1780972450961724,0.6415830086883936,0.0,0.2657523835868679,41,28.48692673989627,-1.0908005105062362e-10,3.771710464859281e-08,1.4225918815304382e-15
23,0.6944444444444444,67.5,1.1780972450961724,0.6415830086883936,0.0,0.2657523835868679,42,28.48692674002121,-1.2422482432401627e-11,1.117921608295631e-08,1.2497502654749882e-16
23,0.6944444444444444,67.5,1.1780972450961724,0.6415830086883936,0.0,0.2657523835868679,43,28.53881613874187,-5.3285986112885164e-11,-0.03830861892983655,0.0014675502843114314
23,0.6944444444444444,67.5,1.1780972450961724,0.6415830086883936,0.0,0.2657523835868679,44,28.538816138886954,7.173250146899736e-12,-0.03298998502627871,0.0010883391120340934
23,0.6944444444444444,67.5,1.1780972450961724,0.6415830086883936,0.0,0.2657523835868679,45,29.479812918090055,-0.030498619941430185,-2.7105887306062924e-10,0.0009301658183318031
23,0.6944444444444444,67.5,1.1780972450961724,0.6415830086883936,0.0,0.2657523835868679,46,29.577235615176054,-2.073057003693963e-11,-2.2762326944534642e-08,5.181239576864218e-16
23,0.6944444444444444,67.5,1.1780972450961724,0.6415830086883936,0.0,0.2657523835868679,47,30.134609682809216,3.515759138935414e-11,0.048721940221293475,0.002373827458927295
23,0.6944444444444444,67.5,1.1780972450961724,0.6415830086883936,0.0,0.2657523835868679,48,30.42285909291524,1.3144363375549508e-11,-2.1442755343699292e-08,4.597919295040332e-16
23,0.6944444444444444,67.5,1.1780972450961724,0.6415830086883936,0.0,0.2657523835868679,49,30.57781776649785,1.6508513660501665e-09,-6.049310783874471e-11,2.728969648885691e-18
23,0.6944444444444444,67.5,1.1780972450961724,0.6415830086883936,0.0,0.2657523835868679,50,30.57781776670913,-2.8457799812599143e-08,3.1247973424020254e-11,8.09847346609811e-16
23,0.6944444444444444,67.5,1.1780972450961724,0.6415830086883936,0.0,0.2657523835868679,51,31.301447737714017,0.002027199627497634,-3.027923534247269e-11,4.109538329726547e-06
23,0.6944444444444444,67.5,1.1780972450961724,0.6415830086883936,0.0,0.2657523835868679,52,31.30144773792052,0.017008876346556682,-2.8670063429865664e-11,0.00028930187457245536
23,0.6944444444444444,67.5,1.1780972450961724,0.6415830086883936,0.0,0.2657523835868679,53,31.79394974414423,-2.7027874939778638e-11,0.0426520150623584,0.0018191943888796476
23,0.6944444444444444,67.5,1.1780972450961724,0.6415830086883936,0.0,0.2657523835868679,54,32.54435131783464,6.513078653791221e-08,6.618542639377819e-10,4.24245740611378e-15
23,0.6944444444444444,67.5,1.1780972450961724,0.6415830086883936,0.0,0.2657523835868679,55,33.239787173533706,0.011089840578234523,-2.8306789539025484e-09,0.00012298456405066503
23,0.6944444444444444,67.5,1.1780972450961724,0.6415830086883936,0.0,0.2657523835868679,56,33.84801129744537,-1.8437324269041866e-07,-1.9596196589354897e-09,3.3997332729387704e-14
23,0.6944444444444444,67.5,1.1780972450961724,0.6415830086883936,0.0,0.2657523835868679,57,33.87453766276373,-1.1814419620559586e-10,6.441661139212904e-08,4.149513781295665e-15
23,0.6944444444444444,67.5,1.1780972450961724,0.6415830086883936,0.0,0.2657523835868679,58,33.87453766290842,9.31502824917925e-09,-6.105261249723745e-08,3.8141912440208425e-15
23,0.6944444444444444,67.5,1.1780972450961724,0.6415830086883936,0.0,0.2657523835868679,59,34.047525019046134,-0.018181138788428346,4.161474580112081e-10,0.00033055380764409394
24,0.6944444444444444,90.0,1.5707963267948966,0.6944444444444444,0.0,4.252245830372754e-17,1,10.601089661427809,-1.8766857011520647e-14,6.3912610603523355e-15,3.9304314003243777e-28
24,0.6944444444444444,90.0,1.5707963267948966,0.6944444444444444,0.0,4.252245830372754e-17,2,12.52937925367041,-6.056213908034506e-09,1.8580329831580727e-11,3.667807212852724e-17
24,0.6944444444444444,90.0,1.5707963267948966,0.6944444444444444,0.0,4.252245830372754e-17,3,12.742641025626208,-3.296676514197577e-11,-1.01447984739794e-15,1.0868076049553583e-21
24,0.6944444444444444,90.0,1.5707963267948966,0.6944444444444444,0.0,4.252245830372754e-17,4,13.130725291782012,-3.2318974484116637e-11,-1.0069512352782326e-08,1.0139612353894755e-16
24,0.6944444444444444,90.0,1.5707963267948966,0.6944444444444444,0.0,4.252245830372754e-17,5,13.130725291783854,-2.1065425215971404e-10,1.3878482062007442e-08,1.9265663955941534e-16
24,0.6944444444444444,90.0,1.5707963267948966,0.6944444444444444,0.0,4.252245830372754e-17,6,13.134244278463646,-0.1330841030695512,-3.782175765087671e-12,0.01771137848982693
24,0.6944444444444444,90.0,1.5707963267948966,0.6944444444444444,0.0,4.252245830372754e-17,7,13.987379164703443,-5.777130645853816e-11,-0.23051987912865846,0.05313941467349131
24,0.6944444444444444,90.0,1.5707963267948966,0.6944444444444444,0.0,4.252245830372754e-17,8,13.987379164704198,3.3714927035460646e-10,-0.3538353401900814,0.12519944796743063
24,0.6944444444444444,90.0,1.5707963267948966,0.6944444444444444,0.0,4.252245830372754e-17,9,14.627113026715655,6.249391681647074e-14,-3.9435851160873855e-15,3.9210415026317904e-27
24,0.6944444444444444,90.0,1.5707963267948966,0.6944444444444444,0.0,4.252245830372754e-17,10,15.474927381001192,-6.103903195116033e-12,-8.99201203814348e-15,3.7257715071628205e-23
24,0.6944444444444444,90.0,1.5707963267948966,0.6944444444444444,0.0,4.252245830372754e-17,11,16.694032611807582,-4.984541369750445e-10,-5.627000353930821e-11,2.516228399658501e-19
24,0.6944444444444444,90.0,1.5707963267948966,0.6944444444444444,0.0,4.252245830372754e-17,12,16.966418124622876,0.027404365897300588,-8.651097698998922e-11,0.0007509992702331315
24,0.6944444444444444,90.0,1.5707963267948966,0.6944444444444444,0.0,4.252245830372754e-17,13,17.036546647825844,3.920362218893012e-15,-8.547954920953584e-14,7.322122572992783e-27
24,0.6944444444444444,90.0,1.5707963267948966,0.6944444444444444,0.0,4.252245830372754e-17,14,17.03654664784861,-7.875943930913231e-17,-1.739585431550379e-13,3.0261580939672457e-26
24,0.6944444444444444,90.0,1.5707963267948966,0.6944444444444444,0.0,4.252245830372754e-17,15,17.05320327059592,1.4618680643077799e-15,1.2839534830594305e-13,1.6487502524841876e-26
24,0.6944444444444444,90.0,1.5707963267948966,0.6944444444444444,0.0,4.252245830372754e-17,16,17.053203270617626,-3.674356433937858e-15,5.942798348487869e-13,3.53182023003105e-25
24,0.6944444444444444,90.0,1.5707963267948966,0.6944444444444444,0.0,4.252245830372754e-17,17,17.76622138238341,-4.709214550227135e-09,-4.6106551771091436e-11,2.2178827494187173e-17
24,0.6944444444444444,90.0,1.5707963267948966,0.6944444444444444,0.0,4.252245830372754e-17,18,18.825760908026602,-2.443963524961663e-13,1.1319181792709287e-14,5.985770098988677e-26
24,0.6944444444444444,90.0,1.5707963267948966,0.6944444444444444,0.0,4.252245830372754e-17,19,18.923821923349376,0.1843310621605783,-6.68503556990253e-11,0.033977940477246976
24,0.6944444444444444,90.0,1.5707963267948966,0.6944444444444444,0.0,4.252245830372754e-17,20,20.3060660028183,-1.6414503750532147e-11,-3.040106905019141e-14,2.6943685760123335e-22
24,0.6944444444444444,90.0,1.5707963267948966,0.6944444444444444,0.0,4.252245830372754e-17,21,23.757108846036733,-1.2290940938215854e-10,-3.1303739759328626e-12,1.5116522155900237e-20
24,0.6944444444444444,90.0,1.5707963267948966,0.6944444444444444,0.0,4.252245830372754e-17,22,23.75710884604802,2.5180692932759182e-09,-9.10957387852914e-10,7.170516328222887e-18
24,0.6944444444444444,90.0,1.5707963267948966,0.6944444444444444,0.0,4.252245830372754e-17,23,23.84422923633635,-0.03133605488470978,-8.07471000215518e-11,0.0009819483357375437
24,0.6944444444444444,90.0,1.5707963267948966,0.6944444444444444,0.0,4.252245830372754e-17,24,23.844229236379192,0.21534329710096572,1.267932075228369e-09,0.046372735606314795
24,0.6944444444444444,90.0,1.5707963267948966,0.6944444444444444,0.0,4.252245830372754e-17,25,24.180005762923916,3.7436572799566345e-11,6.8186272158441855e-09,4.649507860563401e-17
24,0.6944444444444444,90.0,1.5707963267948966,0.6944444444444444,0.0,4.252245830372754e-17,26,24.18000576292419,2.234423977337452e-12,3.475733277082118e-09,1.2080726806066509e-17
24,0.6944444444444444,90.0,1.5707963267948966,0.6944444444444444,0.0,4.252245830372754e-17,27,25.328884414515628,3.7007643267957765e-13,-2.2535914040106466e-14,1.3746443344646503e-25
24,0.6944444444444444,90.0,1.5707963267948966,0.6944444444444444,0.0,4.252245830372754e-17,28,25.91832376952536,9.58989381034221e-11,2.6041657974837738e-14,9.196607007531934e-21
24,0.6944444444444444,90.0,1.5707963267948966,0.6944444444444444,0.0,4.252245830372754e-17,29,26.291932671007505,0.08443674463137163,6.270745100683272e-11,0.007129563843943466
24,0.6944444444444444,90.0,1.5707963267948966,0.6944444444444444,0.0,4.252245830372754e-17,30,26.43209942982244,-6.88766038311149e-14,1.7718857250973203e-11,3.1396264626692093e-22
24,0.6944444444444444,90.0,1.5707963267948966,0.6944444444444444,0.0,4.252245830372754e-17,31,26.432099429879074,-1.7168061573947127e-14,-9.859636584924536e-13,9.724190782060304e-25
24,0.6944444444444444,90.0,1.5707963267948966,0.6944444444444444,0.0,4.252245830372754e-17,32,26.518243522671032,2.380504342056321e-15,1.2942847964379596e-13,1.6757398143827054e-26
24,0.6944444444444444,90.0,1.5707963267948966,0.6944444444444444,0.0,4.252245830372754e-17,33,26.518243522730998,-3.4776506656701364e-15,-2.563963211236616e-13,6.575116753990023e-26
24,0.6944444444444444,90.0,1.5707963267948966,0.6944444444444444,0.0,4.252245830372754e-17,34,26.54608589484942,-8.6490908121631e-11,0.3566218807819081,0.12717916585242547
24,0.6944444444444444,90.0,1.5707963267948966,0.6944444444444444,0.0,4.252245830372754e-17,35,26.546085894850595,1.9986492275358052e-11,0.29846477430076546,0.08908122149840686
24,0.6944444444444444,90.0,1.5707963267948966,0.6944444444444444,0.0,4.252245830372754e-17,36,26.692547387677717,-3.559704383661121e-10,4.971033980919191e-12,1.2673966416940148e-19
24,0.6944444444444444,90.0,1.5707963267948966,0.6944444444444444,0.0,4.252245830372754e-17,37,28.28123647832734,-7.623037061783516e-13,1.0544416988671601e-14,5.812181251828815e-25
24,0.6944444444444444,90.0,1.5707963267948966,0.6944444444444444,0.0,4.252245830372754e-17,38,28.281236478348614,1.2991949669793582e-13,1.3847524949855006e-15,1.6880993161717324e-26
24,0.6944444444444444,90.0,1.5707963267948966,0.6944444444444444,0.0,4.252245830372754e-17,39,28.291774942128974,6.568769387157158e-13,-1.0441228459788267e-14,4.315963318682797e-25
24,0.6944444444444444,90.0,1.5707963267948966,0.6944444444444444,0.0,4.252245830372754e-17,40,28.29177494215093,1.19140729625281e-13,-7.792846290426653e-15,1.4255241908950526e-26
24,0.6944444444444444,90.0,1.5707963267948966,0.6944444444444444,0.0,4.252245830372754e-17,41,28.48692673989627,-4.3433438207727456e-11,4.059937616077889e-08,1.6483112311079758e-15
24,0.6944444444444444,90.0,1.5707963267948966,0.6944444444444444,0.0,4.252245830372754e-17,42,28.48692674002121,-1.8820142705395787e-11,1.1017761748735652e-08,1.2139142814967394e-16
24,0.6944444444444444,90.0,1.5707963267948966,0.6944444444444444,0.0,4.252245830372754e-17,43,28.53881613874187,2.519439179350939e-11,-0.008516647124607968,7.253327824509318e-05
24,0.6944444444444444,90.0,1.5707963267948966,0.6944444444444444,0.0,4.252245830372754e-17,44,28.538816138886954,6.958321073043558e-12,-0.007334246373427349,5.379116986613222e-05
24,0.6944444444444444,90.0,1.5707963267948966,0.6944444444444444,0.0,4.252245830372754e-17,45,29.479812918090055,-0.04671875741161979,-3.4961080763610686e-10,0.0021826422940857794
24,0.6944444444444444,90.0,1.5707963267948966,0.6944444444444444,0.0,4.252245830372754e-17,46,29.577235615176054,-2.3845081647291985e-12,1.2443437279923565e-13,5.7013631007941495e-24
24,0.6944444444444444,90.0,1.5707963267948966,0.6944444444444444,0.0,4.252245830372754e-17,47,30.134609682809216,5.9705684313043384e-12,2.531841383418419e-13,3.571178960079585e-23
24,0.6944444444444444,90.0,1.5707963267948966,0.6944444444444444,0.0,4.252245830372754e-17,48,30.42285909291524,-2.335116941487961e-12,2.225691316863157e-13,5.50230814880369e-24
24,0.6944444444444444,90.0,1.5707963267948966,0.6944444444444444,0.0,4.252245830372754e-17,49,30.57781776649785,1.1490123324119693e-15,6.3405726259939875e-15,4.152309056553908e-29
24,0.6944444444444444,90.0,1.5707963267948966,0.6944444444444444,0.0,4.252245830372754e-17,50,30.57781776670913,-6.925200972584394e-16,-1.0889400775944293e-13,1.1858384509998723e-26
24,0.6944444444444444,90.0,1.5707963267948966,0.6944444444444444,0.0,4.252245830372754e-17,51,31.301447737714017,-3.165207039332056e-15,-1.2351189837261543e-13,1.526520757520912e-26
24,0.6944444444444444,90.0,1.5707963267948966,0.6944444444444444,0.0,4.252245830372754e-17,52,31.30144773792052,-4.917586109364842e-14,-1.4277239011580183e-12,2.0408138032521723e-24
24,0.6944444444444444,90.0,1.5707963267948966,0.6944444444444444,0.0,4.252245830372754e-17,53,31.79394974414423,6.7330575175834055e-12,-2.848066021357032e-13,4.541517833570649e-23
24,0.6944444444444444,90.0,1.5707963267948966,0.6944444444444444,0.0,4.252245830372754e-17,54,32.54435131783464,4.301961805951146e-08,6.80638068565242e-10,1.8511508061666247e-15
24,0.6944444444444444,90.0,1.5707963267948966,0.6944444444444444,0.0,4.252245830372754e-17,55,33.239787173533706,0.013330767602597516,-3.144769221761279e-09,0.0001777093648744734
24,0.6944444444444444,90.0,1.5707963267948966,0.6944444444444444,0.0,4.252245830372754e-17,56,33.84801129744537,-1.5323917361886697e-07,-2.1876687202123007e-09,2.348703022582265e-14
24,0.6944444444444444,90.0,1.5707963267948966,0.6944444444444444,0.0,4.252245830372754e-17,57,33.87453766276373,-7.028777007285378e-11,6.822854755344486e-08,4.655139641623309e-15
24,0.6944444444444444,90.0,1.5707963267948966,0.6944444444444444,0.0,4.252245830372754e-17,58,33.87453766290842,5.8606708939526675e-09,-7.092966742473379e-08,5.065365184310566e-15
24,0.6944444444444444,90.0,1.5707963267948966,0.6944444444444444,0.0,4.252245830372754e-17,59,34.047525019046134,-0.01444128986524788,3.320660794972663e-10,0.00020855085297211124
25,0.8555555555555555,0.0,0.0,0.0,0.0,0.8555555555555555,1,10.601089661427809,-1.5362018447101973e-13,5.427446852622737e-09,2.9457179361643616e-17
25,0.8555555555555555,0.0,0.0,0.0,0.0,0.8555555555555555,2,12.52937925367041,4.65681663416046e-09,-1.842624209689858e-13,2.16859411981462e-17
25,0.8555555555555555,0.0,0.0,0.0,0.0,0.8555555555555555,3,12.742641025626208,-6.026973477792333e-11,0.4005740087921536,0.16045953651981634
25,0.8555555555555555,0.0,0.0,0.0,0.0,0.8555555555555555,4,13.130725291782012,-1.8554791282837615e-10,1.8648209513885222e-14,3.4428028302722395e-20
25,0.8555555555555555,0.0,0.0,0.0,0.0,0.8555555555555555,5,13.130725291783854,-1.6449364540146314e-09,8.330820169331755e-14,2.705815944686486e-18
25,0.8555555555555555,0.0,0.0,0.0,0.0,0.8555555555555555,6,13.134244278463646,-0.1539524326291401,-6.417159472104375e-11,0.02370135151242992
25,0.8555555555555555,0.0,0.0,0.0,0.0,0.8555555555555555,7,13.987379164703443,-3.2527852124968096e-10,1.615342358511662e-14,1.0580611664731224e-19
25,0.8555555555555555,0.0,0.0,0.0,0.0,0.8555555555555555,8,13.987379164704198,2.3823869167721874e-09,-1.0258132866081094e-13,5.6757674317302185e-18
25,0.8555555555555555,0.0,0.0,0.0,0.0,0.8555555555555555,9,14.627113026715655,1.1330447659503367e-13,-1.9811483785774617e-09,3.92494891077801e-18
25,0.8555555555555555,0.0,0.0,0.0,0.0,0.8555555555555555,10,15.474927381001192,9.102393292051999e-11,-0.34237402971350195,0.11721997622226192
25,0.8555555555555555,0.0,0.0,0.0,0.0,0.8555555555555555,11,16.694032611807582,-9.281769182491736e-09,-3.12368453391863e-13,8.615123925462735e-17
25,0.8555555555555555,0.0,0.0,0.0,0.0,0.8555555555555555,12,16.966418124622876,-0.25471421129584443,-1.840842880322534e-10,0.06487932943606409
25,0.8555555555555555,0.0,0.0,0.0,0.0,0.8555555555555555,13,17.036546647825844,-4.1510035907419244e-14,8.095681769545727e-11,6.5540080544585845e-21
25,0.8555555555555555,0.0,0.0,0.0,0.0,0.8555555555555555,14,17.03654664784861,-8.632482225229458e-15,5.1290061017351026e-11,2.6306704336833408e-21
25,0.8555555555555555,0.0,0.0,0.0,0.0,0.8555555555555555,15,17.05320327059592,-1.002686096396198e-14,-7.955125714547123e-12,6.328412567218966e-23
25,0.8555555555555555,0.0,0.0,0.0,0.0,0.8555555555555555,16,17.053203270617626,3.2801975547892374e-14,-5.031795544874926e-12,2.5320042375022995e-23
25,0.8555555555555555,0.0,0.0,0.0,0.0,0.8555555555555555,17,17.76622138238341,9.08081947210786e-09,9.762124514975775e-14,8.246128229454317e-17
25,0.8555555555555555,0.0,0.0,0.0,0.0,0.8555555555555555,18,18.825760908026602,3.947098051098881e-13,1.2643984961222301e-08,1.5987035585541156e-16
25,0.8555555555555555,0.0,0.0,0.0,0.0,0.8555555555555555,19,18.923821923349376,0.1310592092072266,8.886805202417836e-11,0.017176516318023593
25,0.8555555555555555,0.0,0.0,0.0,0.0,0.8555555555555555,20,20.3060660028183,-2.6456677311416934e-11,0.43821774447359507,0.19203479157152506
25,0.8555555555555555,0.0,0.0,0.0,0.0,0.8555555555555555,21,23.757108846036733,-9.437505131060264e-10,-9.168812606511076e-15,8.90665031071955e-19
25,0.8555555555555555,0.0,0.0,0.0,0.0,0.8555555555555555,22,23.75710884604802,-6.868744308330885e-09,-4.357692776770657e-15,4.7179648373246914e-17
25,0.8555555555555555,0.0,0.0,0.0,0.0,0.8555555555555555,23,23.84422923633635,6.619660683776461e-10,4.213998461987929e-13,4.381992532611889e-19
25,0.8555555555555555,0.0,0.0,0.0,0.0,0.8555555555555555,24,23.844229236379192,9.573815348994403e-09,-2.7516240657197596e-12,9.165794790807583e-17
25,0.8555555555555555,0.0,0.0,0.0,0.0,0.8555555555555555,25,24.180005762923916,5.932533182029038e-11,2.2558823728987864e-15,3.519495000676564e-21
25,0.8555555555555555,0.0,0.0,0.0,0.0,0.8555555555555555,26,24.18000576292419,9.624381932709568e-11,7.399354305861926e-15,9.262872813417081e-21
25,0.8555555555555555,0.0,0.0,0.0,0.0,0.8555555555555555,27,25.328884414515628,3.3173137945231124e-13,-1.5005083326809373e-08,2.2515252575453837e-16
25,0.8555555555555555,0.0,0.0,0.0,0.0,0.8555555555555555,28,25.91832376952536,-3.416091812486994e-10,0.08614371552050443,0.007420739723677595
25,0.8555555555555555,0.0,0.0,0.0,0.0,0.8555555555555555,29,26.291932671007505,-0.2985327090958389,-1.2524295766881517e-10,0.08912177840010077
25,0.8555555555555555,0.0,0.0,0.0,0.0,0.8555555555555555,30,26.43209942982244,2.5035279539228147e-13,6.246282041686909e-11,3.9016666109521986e-21
25,0.8555555555555555,0.0,0.0,0.0,0.0,0.8555555555555555,31,26.432099429879074,6.317123052679112e-14,-7.829017769315169e-11,6.1293559138296326e-21
25,0.8555555555555555,0.0,0.0,0.0,0.0,0.8555555555555555,32,26.518243522671032,-5.272085461313149e-15,-3.7970801684509014e-11,1.4417818083591977e-21
25,0.8555555555555555,0.0,0.0,0.0,0.0,0.8555555555555555,33,26.518243522730998,1.8690236535685267e-14,4.725835620200947e-11,2.2333525802409485e-21
25,0.8555555555555555,0.0,0.0,0.0,0.0,0.8555555555555555,34,26.54608589484942,-7.587508178474507e-10,3.1520978676200917e-14,5.757028045777474e-19
25,0.8555555555555555,0.0,0.0,0.0,0.0,0.8555555555555555,35,26.546085894850595,1.2787059342422912e-11,7.297784038868194e-15,1.6350893988429694e-22
25,0.8555555555555555,0.0,0.0,0.0,0.0,0.8555555555555555,36,26.692547387677717,-4.041230308935039e-08,5.964531723053895e-13,1.6331542413412753e-15
25,0.8555555555555555,0.0,0.0,0.0,0.0,0.8555555555555555,37,28.28123647832734,-2.7386388144425943e-12,1.3290305296256017e-09,1.766329648819463e-18
25,0.8555555555555555,0.0,0.0,0.0,0.0,0.8555555555555555,38,28.281236478348614,4.684163212298339e-13,3.207481807844653e-10,1.0287961489039402e-19
25,0.8555555555555555,0.0,0.0,0.0,0.0,0.8555555555555555,39,28.291774942128974,2.459094642868272e-12,-1.1325123148278107e-09,1.282590190383109e-18
25,0.8555555555555555,0.0,0.0,0.0,0.0,0.8555555555555555,40,28.29177494215093,4.454486327542865e-13,7.646105623360692e-11,5.846491544843223e-21
25,0.8555555555555555,0.0,0.0,0.0,0.0,0.8555555555555555,41,28.48692673989627,-2.9433812450864067e-10,-5.969864775488976e-15,8.663493157490334e-20
25,0.8555555555555555,0.0,0.0,0.0,0.0,0.8555555555555555,42,28.48692674002121,1.8993434781905627e-12,-3.201353913152886e-16,3.6075057506316936e-24
25,0.8555555555555555,0.0,0.0,0.0,0.0,0.8555555555555555,43,28.53881613874187,-2.572614677232853e-10,-9.951522990947665e-16,6.618346277612928e-20
25,0.8555555555555555,0.0,0.0,0.0,0.0,0.8555555555555555,44,28.538816138886954,1.6575922632865432e-12,-5.972425572048396e-14,2.7511790980287705e-24
25,0.8555555555555555,0.0,0.0,0.0,0.0,0.8555555555555555,45,29.479812918090055,0.06811891441180258,-7.910072214173822e-12,0.004640186500642485
25,0.8555555555555555,0.0,0.0,0.0,0.0,0.8555555555555555,46,29.577235615176054,-8.148726938649701e-12,-8.751608057902591e-08,7.659064426316309e-15
25,0.8555555555555555,0.0,0.0,0.0,0.0,0.8555555555555555,47,30.134609682809216,-3.4429575987690194e-11,0.2627569110282787,0.06904119429312276
25,0.8555555555555555,0.0,0.0,0.0,0.0,0.8555555555555555,48,30.42285909291524,-1.0087111219290263e-11,-1.4027159349197374e-07,1.9676120042527342e-14
25,0.8555555555555555,0.0,0.0,0.0,0.0,0.8555555555555555,49,30.57781776649785,4.569272399990264e-15,-1.7793609618740072e-10,3.166125434729017e-20
25,0.8555555555555555,0.0,0.0,0.0,0.0,0.8555555555555555,50,30.57781776670913,4.436332844871316e-15,1.5424096296090726e-10,2.3790274674789012e-20
25,0.8555555555555555,0.0,0.0,0.0,0.0,0.8555555555555555,51,31.301447737714017,-1.0452962129571838e-14,-4.429222873721897e-11,1.9618016357745435e-21
25,0.8555555555555555,0.0,0.0,0.0,0.0,0.8555555555555555,52,31.30144773792052,-2.2362216785922735e-13,-4.064427751794748e-11,1.6520073018298889e-21
25,0.8555555555555555,0.0,0.0,0.0,0.0,0.8555555555555555,53,31.79394974414423,2.5657915693217168e-11,0.2214534792115136,0.049041643454884286
25,0.8555555555555555,0.0,0.0,0.0,0.0,0.8555555555555555,54,32.54435131783464,2.273734709183627e-07,-9.506594801253159e-13,5.169869527836728e-14
25,0.8555555555555555,0.0,0.0,0.0,0.0,0.8555555555555555,55,33.239787173533706,0.006495061661691073,-6.520752328394125e-11,4.2185825989169216e-05
25,0.8555555555555555,0.0,0.0,0.0,0.0,0.8555555555555555,56,33.84801129744537,-5.866074153871696e-07,1.0237554097031615e-10,3.4410827026796674e-13
25,0.8555555555555555,0.0,0.0,0.0,0.0,0.8555555555555555,57,33.87453766276373,-5.476766736994754e-10,-2.5526104708906213e-13,2.9994980407272383e-19
25,0.8555555555555555,0.0,0.0,0.0,0.0,0.8555555555555555,58,33.87453766290842,4.157946394535849e-08,1.809778998450674e-11,1.7288521495133688e-15
25,0.8555555555555555,0.0,0.0,0.0,0.0,0.8555555555555555,59,34.047525019046134,-0.053656372723824855,-4.8596429107328835e-11,0.002879006333878016
26,0.8555555555555555,22.5,0.39269908169872414,0.32740693657902126,0.0,0.7904302667041009,1,10.601089661427809,4.055652001983397e-12,4.057611439844158e-09,1.646422704506734e-17
26,0.8555555555555555,22.5,0.39269908169872414,0.32740693657902126,0.0,0.7904302667041009,2,12.52937925367041,2.4605149971415965e-09,4.268176320313859e-11,6.05595578406884e-18
26,0.8555555555555555,22.5,0.39269908169872414,0.32740693657902126,0.0,0.7904302667041009,3,12.742641025626208,-4.8218184453903e-11,0.3749452968771904,0.14058397565032446
26,0.8555555555555555,22.5,0.39269908169872414,0.32740693657902126,0.0,0.7904302667041009,4,13.130725291782012,-1.7317134932313126e-10,-3.5896927933870197e-09,1.2915882667121099e-17
26,0.8555555555555555,22.5,0.39269908169872414,0.32740693657902126,0.0,0.7904302667041009,5,13.130725291783854,-1.4823988907194929e-09,1.4592303949366815e-09,4.3268598167134464e-18
26,0.8555555555555555,22.5,0.39269908169872414,0.32740693657902126,0.0,0.7904302667041009,6,13.134244278463646,-0.1546291267327582,-3.926104285773242e-11,0.023910166834135393
26,0.8555555555555555,22.5,0.39269908169872414,0.32740693657902126,0.0,0.7904302667041009,7,13.987379164703443,-2.974409471861749e-10,-0.08029149010418617,0.0064467233831506255
26,0.8555555555555555,22.5,0.39269908169872414,0.32740693657902126,0.0,0.7904302667041009,8,13.987379164704198,2.1656786836174575e-09,-0.12324301847168297,0.015188841602011595
26,0.8555555555555555,22.5,0.39269908169872414,0.32740693657902126,0.0,0.7904302667041009,9,14.627113026715655,-7.874730561814792e-12,-2.060299275241997e-09,4.244895114944119e-18
26,0.8555555555555555,22.5,0.39269908169872414,0.32740693657902126,0.0,0.7904302667041009,10,15.474927381001192,7.895547977382303e-11,-0.3208902479842841,0.10297055125141535
26,0.8555555555555555,22.5,0.39269908169872414,0.32740693657902126,0.0,0.7904302667041009,11,16.694032611807582,-8.212159007807422e-09,-7.105995575717054e-12,6.74396060646857e-17
26,0.8555555555555555,22.5,0.39269908169872414,0.32740693657902126,0.0,0.7904302667041009,12,16.966418124622876,-0.21543463615684333,-2.3418335016454514e-10,0.04641208245603147
26,0.8555555555555555,22.5,0.39269908169872414,0.32740693657902126,0.0,0.7904302667041009,13,17.036546647825844,3.4279685899763532e-09,7.272770824555487e-11,1.1756257973411118e-17
26,0.8555555555555555,22.5,0.39269908169872414,0.32740693657902126,0.0,0.7904302667041009,14,17.03654664784861,2.026526631456072e-08,5.05613963641634e-11,4.1068357525487164e-16
26,0.8555555555555555,22.5,0.39269908169872414,0.32740693657902126,0.0,0.7904302667041009,15,17.05320327059592,0.03354888371988869,-2.9950800394429833e-12,0.0011255275988506124
26,0.8555555555555555,22.5,0.39269908169872414,0.32740693657902126,0.0,0.7904302667041009,16,17.053203270617626,0.10966023833403397,3.362534832752814e-12,0.012025367871477134
26,0.8555555555555555,22.5,0.39269908169872414,0.32740693657902126,0.0,0.7904302667041009,17,17.76622138238341,6.8084503970919474e-09,-3.642556897855872e-11,4.6356323631736906e-17
26,0.8555555555555555,22.5,0.39269908169872414,0.32740693657902126,0.0,0.7904302667041009,18,18.825760908026602,-2.2721652992891773e-11,1.2297475105385978e-08,1.5122841024110262e-16
26,0.8555555555555555,22.5,0.39269908169872414,0.32740693657902126,0.0,0.7904302667041009,19,18.923821923349376,0.14663239439856077,5.3525867300855334e-11,0.021501059087055074
26,0.8555555555555555,22.5,0.39269908169872414,0.32740693657902126,0.0,0.7904302667041009,20,20.3060660028183,-2.5389471041684527e-11,0.39791884360141894,0.1583394060930905
26,0.8555555555555555,22.5,0.39269908169872414,0.32740693657902126,0.0,0.7904302667041009,21,23.757108846036733,1.6569805374990146e-10,9.85644294038524e-13,2.74568165111796e-20
26,0.8555555555555555,22.5,0.39269908169872414,0.32740693657902126,0.0,0.7904302667041009,22,23.75710884604802,-5.383587945123452e-09,-4.4003261422142364e-10,2.917664786445709e-17
26,0.8555555555555555,22.5,0.39269908169872414,0.32740693657902126,0.0,0.7904302667041009,23,23.84422923633635,-0.005317517126267669,-3.1454676799898344e-11,2.8275988388149967e-05
26,0.8555555555555555,22.5,0.39269908169872414,0.32740693657902126,0.0,0.7904302667041009,24,23.844229236379192,0.03654230959808733,5.921124098441767e-10,0.001335340390762466
26,0.8555555555555555,22.5,0.39269908169872414,0.32740693657902126,0.0,0.7904302667041009,25,24.180005762923916,5.55121040498777e-11,3.600915682975837e-09,1.2969675349597384e-17
26,0.8555555555555555,22.5,0.39269908169872414,0.32740693657902126,0.0,0.7904302667041009,26,24.18000576292419,8.918427894239372e-11,1.4718239714952699e-09,2.1742196386785837e-18
26,0.8555555555555555,22.5,0.39269908169872414,0.32740693657902126,0.0,0.7904302667041009,27,25.328884414515628,-1.994002445041584e-11,-1.1665194436706619e-08,1.3607715885074614e-16
26,0.8555555555555555,22.5,0.39269908169872414,0.32740693657902126,0.0,0.7904302667041009,28,25.91832376952536,-2.8913471159623246e-10,0.12131241173943877,0.014716701242039122
26,0.8555555555555555,22.5,0.39269908169872414,0.32740693657902126,0.0,0.7904302667041009,29,26.291932671007505,-0.24328053274845518,-1.3494470056993445e-10,0.059185417614372175
26,0.8555555555555555,22.5,0.39269908169872414,0.32740693657902126,0.0,0.7904302667041009,30,26.43209942982244,0.1574295685617858,5.392377278115323e-11,0.024784069057550016
26,0.8555555555555555,22.5,0.39269908169872414,0.32740693657902126,0.0,0.7904302667041009,31,26.432099429879074,-0.029528745806583333,-6.873613599383764e-11,0.0008719468289098128
26,0.8555555555555555,22.5,0.39269908169872414,0.32740693657902126,0.0,0.7904302667041009,32,26.518243522671032,1.2368089024101074e-08,-3.087414125057657e-11,1.5297057932068741e-16
26,0.8555555555555555,22.5,0.39269908169872414,0.32740693657902126,0.0,0.7904302667041009,33,26.518243522730998,8.571018900249468e-09,4.5520341530091475e-11,7.346443708992662e-17
26,0.8555555555555555,22.5,0.39269908169872414,0.32740693657902126,0.0,0.7904302667041009,34,26.54608589484942,-6.728542847938904e-10,0.13730797765545819,0.018853480727831804
26,0.8555555555555555,22.5,0.39269908169872414,0.32740693657902126,0.0,0.7904302667041009,35,26.546085894850595,1.2441863578352951e-11,0.11491609654555104,0.013205709245266409
26,0.8555555555555555,22.5,0.39269908169872414,0.32740693657902126,0.0,0.7904302667041009,36,26.692547387677717,-3.214734593422792e-08,-2.7496224137158452e-11,1.0334526066572622e-15
26,0.8555555555555555,22.5,0.39269908169872414,0.32740693657902126,0.0,0.7904302667041009,37,28.28123647832734,-1.7670829118067395e-12,1.6302899624716552e-10,2.6581576199375508e-20
26,0.8555555555555555,22.5,0.39269908169872414,0.32740693657902126,0.0,0.7904302667041009,38,28.281236478348614,-1.563801566317244e-12,2.605696331474309e-10,6.789897919392552e-20
26,0.8555555555555555,22.5,0.39269908169872414,0.32740693657902126,0.0,0.7904302667041009,39,28.291774942128974,9.530335311998484e-12,-0.037244694669722675,0.0013871672810408687
26,0.8555555555555555,22.5,0.39269908169872414,0.32740693657902126,0.0,0.7904302667041009,40,28.29177494215093,7.69819713456096e-12,-0.003096225977975895,9.586615306692787e-06
26,0.8555555555555555,22.5,0.39269908169872414,0.32740693657902126,0.0,0.7904302667041009,41,28.48692673989627,-3.428143989499992e-10,2.172736431823756e-08,4.721958819295502e-16
26,0.8555555555555555,22.5,0.39269908169872414,0.32740693657902126,0.0,0.7904302667041009,42,28.48692674002121,2.622716130986097e-12,9.501158495968761e-09,9.027201964415927e-17
26,0.8555555555555555,22.5,0.39269908169872414,0.32740693657902126,0.0,0.7904302667041009,43,28.53881613874187,-3.099114969409267e-10,-0.11068860174083864,0.012251966555341987
26,0.8555555555555555,22.5,0.39269908169872414,0.32740693657902126,0.0,0.7904302667041009,44,28.538816138886954,4.514238569419394e-12,-0.0953209294539789,0.009086079591970421
26,0.8555555555555555,22.5,0.39269908169872414,0.32740693657902126,0.0,0.7904302667041009,45,29.479812918090055,0.05147824744312196,-4.231752876261109e-11,0.002650009959815293
26,0.8555555555555555,22.5,0.39269908169872414,0.32740693657902126,0.0,0.7904302667041009,46,29.577235615176054,-2.0946334528152585e-11,-7.810144621988275e-08,6.099836340386167e-15
26,0.8555555555555555,22.5,0.39269908169872414,0.32740693657902126,0.0,0.7904302667041009,47,30.134609682809216,-4.889084550939985e-14,0.22744533412935533,0.05173138001721409
26,0.8555555555555555,22.5,0.39269908169872414,0.32740693657902126,0.0,0.7904302667041009,48,30.42285909291524,1.8317915979441746e-12,-1.2060577960601494e-07,1.4545754077730112e-14
26,0.8555555555555555,22.5,0.39269908169872414,0.32740693657902126,0.0,0.7904302667041009,49,30.57781776649785,3.2560935297692082e-09,-1.614523168008665e-10,1.062821192520527e-17
26,0.8555555555555555,22.5,0.39269908169872414,0.32740693657902126,0.0,0.7904302667041009,50,30.57781776670913,-5.319066025581086e-08,1.2822481116770473e-10,2.829262780051296e-15
26,0.8555555555555555,22.5,0.39269908169872414,0.32740693657902126,0.0,0.7904302667041009,51,31.301447737714017,0.0021500325457414204,-4.7452781265111804e-11,4.622639947747336e-06
26,0.8555555555555555,22.5,0.39269908169872414,0.32740693657902126,0.0,0.7904302667041009,52,31.30144773792052,0.018039481905656827,-4.8866048168215386e-11,0.0003254229074245201
26,0.8555555555555555,22.5,0.39269908169872414,0.32740693657902126,0.0,0.7904302667041009,53,31.79394974414423,-4.166867258471072e-12,0.19295566282183801,0.03723188781501484
26,0.8555555555555555,22.5,0.39269908169872414,0.32740693657902126,0.0,0.7904302667041009,54,32.54435131783464,2.1269644265850089e-07,2.9362657625439825e-10,4.523986293614724e-14
26,0.8555555555555555,22.5,0.39269908169872414,0.32740693657902126,0.0,0.7904302667041009,55,33.239787173533706,0.007328961440595683,-1.124758903425077e-09,5.371367579773962e-05
26,0.8555555555555555,22.5,0.39269908169872414,0.32740693657902126,0.0,0.7904302667041009,56,33.84801129744537,-5.316314615997329e-07,3.243804325876281e-10,2.8263211618533337e-13
26,0.8555555555555555,22.5,0.39269908169872414,0.32740693657902126,0.0,0.7904302667041009,57,33.87453766276373,-4.891203810915531e-10,2.999752202033581e-08,9.000905661077306e-16
26,0.8555555555555555,22.5,0.39269908169872414,0.32740693657902126,0.0,0.7904302667041009,58,33.87453766290842,3.7208667379763406e-08,-2.6286442133766626e-08,2.0754619682297307e-15
26,0.8555555555555555,22.5,0.39269908169872414,0.32740693657902126,0.0,0.7904302667041009,59,34.047525019046134,-0.04960672178416045,5.164310366859496e-10,0.0024608268461710995
27,0.8555555555555555,45.0,0.7853981633974483,0.6049691350151573,0.0,0.6049691350151574,1,10.601089661427809,4.779673049248833e-12,1.1109898161991346e-09,1.2343212169726446e-18
27,0.8555555555555555,45.0,0.7853981633974483,0.6049691350151573,0.0,0.6049691350151574,2,12.52937925367041,-2.6499173954914288e-09,5.351435546946575e-11,7.02492598916939e-18
27,0.8555555555555555,45.0,0.7853981633974483,0.6049691350151573,0.0,0.6049691350151574,3,12.742641025626208,-3.715433028711621e-11,0.2960532889602215,0.0876475499041644
27,0.8555555555555555,45.0,0.7853981633974483,0.6049691350151573,0.0,0.6049691350151574,4,13.130725291782012,-1.3345216452399534e-10,-8.129986386435468e-09,6.611448812384218e-17
27,0.8555555555555555,45.0,0.7853981633974483,0.6049691350151573,0.0,0.6049691350151574,5,13.130725291783854,-1.0489467509089211e-09,7.0630035968352504e-09,5.098630909515007e-17
27,0.8555555555555555,45.0,0.7853981633974483,0.6049691350151573,0.0,0.6049691350151574,6,13.134244278463646,-0.15622490369945854,-2.966264230932943e-11,0.024406220535905097
27,0.8555555555555555,45.0,0.7853981633974483,0.6049691350151573,0.0,0.6049691350151574,7,13.987379164703443,-2.222864660383595e-10,-0.15310704717484205,0.02344176789459931
27,0.8555555555555555,45.0,0.7853981633974483,0.6049691350151573,0.0,0.6049691350151574,8,13.987379164704198,1.5622450700069347e-09,-0.2350108945087996,0.05523012053782614
27,0.8555555555555555,45.0,0.7853981633974483,0.6049691350151573,0.0,0.6049691350151574,9,14.627113026715655,-6.406536799984802e-12,-2.2885822330328058e-09,5.237649681067193e-18
27,0.8555555555555555,45.0,0.7853981633974483,0.6049691350151573,0.0,0.6049691350151574,10,15.474927381001192,5.101173674326744e-11,-0.2541423263149674,0.06458832202478337
27,0.8555555555555555,45.0,0.7853981633974483,0.6049691350151573,0.0,0.6049691350151574,11,16.694032611807582,-4.849894932176973e-09,-2.0360318170537517e-11,2.3521895395711888e-17
27,0.8555555555555555,45.0,0.7853981633974483,0.6049691350151573,0.0,0.6049691350151574,12,16.966418124622876,-0.11847553341038743,-2.270096608497626e-10,0.014036452016875827
27,0.8555555555555555,45.0,0.7853981633974483,0.6049691350151573,0.0,0.6049691350151574,13,17.036546647825844,4.594606760716732e-09,5.443724550898271e-11,2.111337469932251e-17
27,0.8555555555555555,45.0,0.7853981633974483,0.6049691350151573,0.0,0.6049691350151574,14,17.03654664784861,2.7472017808243062e-08,5.227145721635743e-11,7.547144947616634e-16
27,0.8555555555555555,45.0,0.7853981633974483,0.6049691350151573,0.0,0.6049691350151574,15,17.05320327059592,0.04818355053214173,2.7320976254368227e-12,0.002321654541883456
27,0.8555555555555555,45.0,0.7853981633974483,0.6049691350151573,0.0,0.6049691350151574,16,17.053203270617626,0.15749613792373804,1.0062371330690644e-11,0.024805033460893116
27,0.8555555555555555,45.0,0.7853981633974483,0.6049691350151573,0.0,0.6049691350151574,17,17.76622138238341,1.804530343651264e-09,-6.14119854739118e-11,3.2601011931179968e-18
27,0.8555555555555555,45.0,0.7853981633974483,0.6049691350151573,0.0,0.6049691350151574,18,18.825760908026602,-4.571388280038114e-11,1.0295299443549994e-08,1.059952803914415e-16
27,0.8555555555555555,45.0,0.7853981633974483,0.6049691350151573,0.0,0.6049691350151574,19,18.923821923349376,0.18489526156013356,1.2822227222416934e-11,0.0341862577473902
27,0.8555555555555555,45.0,0.7853981633974483,0.6049691350151573,0.0,0.6049691350151574,20,20.3060660028183,-2.7161126399443886e-11,0.2914251674056387,0.08492862819740453
27,0.8555555555555555,45.0,0.7853981633974483,0.6049691350151573,0.0,0.6049691350151574,21,23.757108846036733,1.6493983933197084e-09,-2.4702735844967073e-12,2.7205211621372177e-18
27,0.8555555555555555,45.0,0.7853981633974483,0.6049691350151573,0.0,0.6049691350151574,22,23.75710884604802,-2.544155975229485e-09,-8.053039832433206e-10,7.12124413172345e-18
27,0.8555555555555555,45.0,0.7853981633974483,0.6049691350151573,0.0,0.6049691350151574,23,23.84422923633635,-0.018895854860977963,-5.998657597650373e-11,0.0003570533309271445
27,0.8555555555555555,45.0,0.7853981633974483,0.6049691350151573,0.0,0.6049691350151574,24,23.844229236379192,0.12985346886372356,1.1012106153874356e-09,0.016861923375942025
27,0.8555555555555555,45.0,0.7853981633974483,0.6049691350151573,0.0,0.6049691350151574,25,24.180005762923916,4.798177580137661e-11,5.666506608470421e-09,3.2111599394648006e-17
27,0.8555555555555555,45.0,0.7853981633974483,0.6049691350151573,0.0,0.6049691350151574,26,24.18000576292419,6.19216928273716e-11,2.5928816642588666e-09,6.726869620892437e-18
27,0.8555555555555555,45.0,0.7853981633974483,0.6049691350151573,0.0,0.6049691350151574,27,25.328884414515628,-2.0863898094382404e-11,-4.909519345264583e-09,2.4103815503770876e-17
27,0.8555555555555555,45.0,0.7853981633974483,0.6049691350151573,0.0,0.6049691350151574,28,25.91832376952536,-1.372408935565885e-10,0.1721154272534753,0.029623720298646353
27,0.8555555555555555,45.0,0.7853981633974483,0.6049691350151573,0.0,0.6049691350151574,29,26.291932671007505,-0.10205235213656466,-1.6975583183594686e-10,0.010414682576605393
27,0.8555555555555555,45.0,0.7853981633974483,0.6049691350151573,0.0,0.6049691350151574,30,26.43209942982244,0.23207879341691148,3.2220761042841965e-11,0.053860566353849476
27,0.8555555555555555,45.0,0.7853981633974483,0.6049691350151573,0.0,0.6049691350151574,31,26.432099429879074,-0.04353054840929835,-4.6124120002612435e-11,0.001894908644814267
27,0.8555555555555555,45.0,0.7853981633974483,0.6049691350151573,0.0,0.6049691350151574,32,26.518243522671032,1.2798944736510855e-08,-1.3160088557988342e-11,1.6381315955618978e-16
27,0.8555555555555555,45.0,0.7853981633974483,0.6049691350151573,0.0,0.6049691350151574,33,26.518243522730998,1.1974123249923923e-08,3.8006936350169543e-11,1.4338107213157938e-16
27,0.8555555555555555,45.0,0.7853981633974483,0.6049691350151573,0.0,0.6049691350151574,34,26.54608589484942,-4.6071145841390707e-10,0.27282598577809636,0.07443401851579004
27,0.8555555555555555,45.0,0.7853981633974483,0.6049691350151573,0.0,0.6049691350151574,35,26.546085894850595,1.4417610742681782e-11,0.2283341277757326,0.052136473907104575
27,0.8555555555555555,45.0,0.7853981633974483,0.6049691350151573,0.0,0.6049691350151574,36,26.692547387677717,-1.6829986787469102e-08,-2.912250275264126e-11,2.832493033865511e-16
27,0.8555555555555555,45.0,0.7853981633974483,0.6049691350151573,0.0,0.6049691350151574,37,28.28123647832734,-2.9118163514467756e-12,-7.480164377752112e-10,5.59537069856381e-19
27,0.8555555555555555,45.0,0.7853981633974483,0.6049691350151573,0.0,0.6049691350151574,38,28.281236478348614,-6.4136924431450696e-12,5.476346176044102e-12,7.112581819512902e-23
27,0.8555555555555555,45.0,0.7853981633974483,0.6049691350151573,0.0,0.6049691350151574,39,28.291774942128974,1.2408656067172837e-11,-0.09747701173648331,0.009501767817074505
27,0.8555555555555555,45.0,0.7853981633974483,0.6049691350151573,0.0,0.6049691350151574,40,28.29177494215093,1.1952975686581189e-11,-0.00810345932564776,6.566605304242766e-05
27,0.8555555555555555,45.0,0.7853981633974483,0.6049691350151573,0.0,0.6049691350151574,41,28.48692673989627,-3.400454630055845e-10,3.781223499275053e-08,1.4298807460638984e-15
27,0.8555555555555555,45.0,0.7853981633974483,0.6049691350151573,0.0,0.6049691350151574,42,28.48692674002121,1.499800345812341e-14,1.4053905011303321e-08,1.9751224606696156e-16
27,0.8555555555555555,45.0,0.7853981633974483,0.6049691350151573,0.0,0.6049691350151574,43,28.53881613874187,-3.0590208736771654e-10,-0.11973685320688043,0.014336914015886033
27,0.8555555555555555,45.0,0.7853981633974483,0.6049691350151573,0.0,0.6049691350151574,44,28.538816138886954,6.601508952586655e-12,-0.10311295800017377,0.010632282107545599
27,0.8555555555555555,45.0,0.7853981633974483,0.6049691350151573,0.0,0.6049691350151574,45,29.479812918090055,0.0074227642374276445,-1.3606320756124302e-10,5.509742892443482e-05
27,0.8555555555555555,45.0,0.7853981633974483,0.6049691350151573,0.0,0.6049691350151574,46,29.577235615176054,-2.9938366974334333e-11,-5.506675492886075e-08,3.0323483947010268e-15
27,0.8555555555555555,45.0,0.7853981633974483,0.6049691350151573,0.0,0.6049691350151574,47,30.134609682809216,3.96481506081778e-11,0.14476277526769063,0.0209562611032039
27,0.8555555555555555,45.0,0.7853981633974483,0.6049691350151573,0.0,0.6049691350151574,48,30.42285909291524,2.4288545713520207e-11,-7.528129648383377e-08,5.6672741902203355e-15
27,0.8555555555555555,45.0,0.7853981633974483,0.6049691350151573,0.0,0.6049691350151574,49,30.57781776649785,4.076597107289115e-09,-1.1715935400849829e-10,1.6632370289389673e-17
27,0.8555555555555555,45.0,0.7853981633974483,0.6049691350151573,0.0,0.6049691350151574,50,30.57781776670913,-6.878854013635538e-08,7.053412101158712e-11,4.7318682291532024e-15
27,0.8555555555555555,45.0,0.7853981633974483,0.6049691350151573,0.0,0.6049691350151574,51,31.301447737714017,0.0033505768941047946,-5.124842010905803e-11,1.1226365523308936e-05
27,0.8555555555555555,45.0,0.7853981633974483,0.6049691350151573,0.0,0.6049691350151574,52,31.30144773792052,0.028112450257889107,-5.5489559532011335e-11,0.0007903098595022893
27,0.8555555555555555,45.0,0.7853981633974483,0.6049691350151573,0.0,0.6049691350151574,53,31.79394974414423,-3.441039661593167e-11,0.12531976002999293,0.015705042253975014
27,0.8555555555555555,45.0,0.7853981633974483,0.6049691350151573,0.0,0.6049691350151574,54,32.54435131783464,1.6620816734914756e-07,5.74756537025913e-10,2.7625485238639095e-14
27,0.8555555555555555,45.0,0.7853981633974483,0.6049691350151573,0.0,0.6049691350151574,55,33.239787173533706,0.010672568812869914,-2.297526156467017e-09,0.0001139037250654488
27,0.8555555555555555,45.0,0.7853981633974483,0.6049691350151573,0.0,0.6049691350151574,56,33.84801129744537,-4.019705171723227e-07,-3.9683581767791086e-10,1.6158045415445075e-13
27,0.8555555555555555,45.0,0.7853981633974483,0.6049691350151573,0.0,0.6049691350151574,57,33.87453766276373,-3.472693925993444e-10,5.2017836806848537e-08,2.7059759420949627e-15
27,0.8555555555555555,45.0,0.7853981633974483,0.6049691350151573,0.0,0.6049691350151574,58,33.87453766290842,2.688750111153859e-08,-5.8500687464742585e-08,4.145268149870479e-15
27,0.8555555555555555,45.0,0.7853981633974483,0.6049691350151573,0.0,0.6049691350151574,59,34.047525019046134,-0.039062476747664256,7.087700022566382e-10,0.001525877089661811
28,0.8555555555555555,67.5,1.1780972450961724,0.7904302667041009,0.0,0.3274069365790213,1,10.601089661427809,3.015216883279543e-12,-6.580092632112042e-10,4.3298528200460496e-19
28,0.8555555555555555,67.5,1.1780972450961724,0.7904302667041009,0.0,0.3274069365790213,2,12.52937925367041,-7.4391767581292595e-09,3.544099993768676e-11,5.5342606903167143e-17
28,0.8555555555555555,67.5,1.1780972450961724,0.7904302667041009,0.0,0.3274069365790213,3,12.742641025626208,-3.4496258437860505e-11,0.1652132784701926,0.027295427382869403
28,0.8555555555555555,67.5,1.1780972450961724,0.7904302667041009,0.0,0.3274069365790213,4,13.130725291782012,-7.986950797500988e-11,-1.2652211114686186e-08,1.6008482522889282e-16
28,0.8555555555555555,67.5,1.1780972450961724,0.7904302667041009,0.0,0.3274069365790213,5,13.130725291783854,-5.521234916578405e-10,1.5661493545554587e-08,2.4558722042748843e-16
28,0.8555555555555555,67.5,1.1780972450961724,0.7904302667041009,0.0,0.3274069365790213,6,13.134244278463646,-0.15776350098674072,-2.5996810482102996e-11,0.02488932224359334
28,0.8555555555555555,67.5,1.1780972450961724,0.7904302667041009,0.0,0.3274069365790213,7,13.987379164703443,-1.3330283671610104e-10,-0.20644353785055886,0.042618934320255125
28,0.8555555555555555,67.5,1.1780972450961724,0.7904302667041009,0.0,0.3274069365790213,8,13.987379164704198,8.411171118676758e-10,-0.31687947863359595,0.1004126039790996
28,0.8555555555555555,67.5,1.1780972450961724,0.7904302667041009,0.0,0.3274069365790213,9,14.627113026715655,-1.1800629014025172e-12,-1.8429075405504792e-09,3.396309595566267e-18
28,0.8555555555555555,67.5,1.1780972450961724,0.7904302667041009,0.0,0.3274069365790213,10,15.474927381001192,1.894308293397109e-11,-0.14222933008280503,0.02022918233580351
28,0.8555555555555555,67.5,1.1780972450961724,0.7904302667041009,0.0,0.3274069365790213,11,16.694032611807582,-5.538330519334877e-10,-4.355076266849889e-11,3.0862771834296923e-19
28,0.8555555555555555,67.5,1.1780972450961724,0.7904302667041009,0.0,0.3274069365790213,12,16.966418124622876,-0.018438111932859966,-1.7595733850311636e-10,0.0003399639716486731
28,0.8555555555555555,67.5,1.1780972450961724,0.7904302667041009,0.0,0.3274069365790213,13,17.036546647825844,3.1088718950221776e-09,3.0683393972715925e-11,9.666025930324471e-18
28,0.8555555555555555,67.5,1.1780972450961724,0.7904302667041009,0.0,0.3274069365790213,14,17.03654664784861,1.871633610135529e-08,4.1253457471693054e-11,3.5030293890664865e-16
28,0.8555555555555555,67.5,1.1780972450961724,0.7904302667041009,0.0,0.3274069365790213,15,17.05320327059592,0.03460293695713675,2.1510686526932557e-12,0.0011973632460595806
28,0.8555555555555555,67.5,1.1780972450961724,0.7904302667041009,0.0,0.3274069365790213,16,17.053203270617626,0.11310559005351595,4.905066529176762e-12,0.012792874501354006
28,0.8555555555555555,67.5,1.1780972450961724,0.7904302667041009,0.0,0.3274069365790213,17,17.76622138238341,-2.282742975772114e-09,-7.054887177330487e-11,5.2158926367454125e-18
28,0.8555555555555555,67.5,1.1780972450961724,0.7904302667041009,0.0,0.3274069365790213,18,18.825760908026602,-4.284000767755516e-11,5.877969119876034e-09,3.455235624047405e-17
28,0.8555555555555555,67.5,1.1780972450961724,0.7904302667041009,0.0,0.3274069365790213,19,18.923821923349376,0.22415000466754323,-4.4972197212421864e-11,0.050243224592459654
28,0.8555555555555555,67.5,1.1780972450961724,0.7904302667041009,0.0,0.3274069365790213,20,20.3060660028183,-2.811734597411202e-11,0.15038131686772013,0.022614540462869648
28,0.8555555555555555,67.5,1.1780972450961724,0.7904302667041009,0.0,0.3274069365790213,21,23.757108846036733,1.3756684387723425e-09,-3.5907471452386173e-12,1.892476546899395e-18
28,0.8555555555555555,67.5,1.1780972450961724,0.7904302667041009,0.0,0.3274069365790213,22,23.75710884604802,-7.187389628037067e-10,-1.0847292073263333e-09,1.6932231498789635e-18
28,0.8555555555555555,67.5,1.1780972450961724,0.7904302667041009,0.0,0.3274069365790213,23,23.84422923633635,-0.0335477512774447,-8.378186802730276e-11,0.0011254516157732926
28,0.8555555555555555,67.5,1.1780972450961724,0.7904302667041009,0.0,0.3274069365790213,24,23.844229236379192,0.2305422034484907,1.495862817348884e-09,0.053149707570885274
28,0.8555555555555555,67.5,1.1780972450961724,0.7904302667041009,0.0,0.3274069365790213,25,24.180005762923916,4.180375196572529e-11,5.741034973691168e-09,3.296123012282356e-17
28,0.8555555555555555,67.5,1.1780972450961724,0.7904302667041009,0.0,0.3274069365790213,26,24.18000576292419,1.9198667391487942e-11,3.1342284518858876e-09,9.823756577440617e-18
28,0.8555555555555555,67.5,1.1780972450961724,0.7904302667041009,0.0,0.3274069365790213,27,25.328884414515628,-6.321281327994361e-12,-5.581676897356641e-10,3.1159112846247623e-19
28,0.8555555555555555,67.5,1.1780972450961724,0.7904302667041009,0.0,0.3274069365790213,28,25.91832376952536,4.142367009807841e-11,0.13772766865471878,0.018968910713064006
28,0.8555555555555555,67.5,1.1780972450961724,0.7904302667041009,0.0,0.3274069365790213,29,26.291932671007505,0.050418008000585025,-9.483621932270432e-11,0.002541975530747056
28,0.8555555555555555,67.5,1.1780972450961724,0.7904302667041009,0.0,0.3274069365790213,30,26.43209942982244,0.1708441287642779,2.2132271953122623e-11,0.02918771633322517
28,0.8555555555555555,67.5,1.1780972450961724,0.7904302667041009,0.0,0.3274069365790213,31,26.432099429879074,-0.03204488554535343,-2.226104035278206e-11,0.0010268746896148013
28,0.8555555555555555,67.5,1.1780972450961724,0.7904302667041009,0.0,0.3274069365790213,32,26.518243522671032,5.902805995745086e-09,5.835615273040703e-13,3.484311896394819e-17
28,0.8555555555555555,67.5,1.1780972450961724,0.7904302667041009,0.0,0.3274069365790213,33,26.518243522730998,8.323829565183421e-09,2.195881388489741e-11,6.928662081972885e-17
28,0.8555555555555555,67.5,1.1780972450961724,0.7904302667041009,0.0,0.3274069365790213,34,26.54608589484942,-2.49153602444394e-10,0.3808634291604461,0.14505695167185412
28,0.8555555555555555,67.5,1.1780972450961724,0.7904302667041009,0.0,0.3274069365790213,35,26.546085894850595,1.3936190423145159e-11,0.31875306374202944,0.10160351564493028
28,0.8555555555555555,67.5,1.1780972450961724,0.7904302667041009,0.0,0.3274069365790213,36,26.692547387677717,-7.907779888263627e-09,-2.3485310319045664e-11,6.253353432102748e-17
28,0.8555555555555555,67.5,1.1780972450961724,0.7904302667041009,0.0,0.3274069365790213,37,28.28123647832734,-5.5278730461831884e-12,-1.697977514497887e-11,3.1887014438876075e-22
28,0.8555555555555555,67.5,1.1780972450961724,0.7904302667041009,0.0,0.3274069365790213,38,28.281236478348614,-6.996137902076856e-12,-2.024070556374455e-10,4.1017562117364837e-20
28,0.8555555555555555,67.5,1.1780972450961724,0.7904302667041009,0.0,0.3274069365790213,39,28.291774942128974,7.410146442574404e-12,-0.09018303860101633,0.0081329804513124
28,0.8555555555555555,67.5,1.1780972450961724,0.7904302667041009,0.0,0.3274069365790213,40,28.29177494215093,9.033621650635306e-12,-0.007497096806061877,5.62064605194632e-05
28,0.8555555555555555,67.5,1.1780972450961724,0.7904302667041009,0.0,0.3274069365790213,41,28.48692673989627,-1.642888072556003e-10,4.7668628581903014e-08,2.2723251416916105e-15
28,0.8555555555555555,67.5,1.1780972450961724,0.7904302667041009,0.0,0.3274069365790213,42,28.48692674002121,-1.2545661415129066e-11,1.4445585733001897e-08,2.086751045631283e-16
28,0.8555555555555555,67.5,1.1780972450961724,0.7904302667041009,0.0,0.3274069365790213,43,28.53881613874187,-1.0274146837279742e-10,-0.04524306123836273,0.0020469345902182404
28,0.8555555555555555,67.5,1.1780972450961724,0.7904302667041009,0.0,0.3274069365790213,44,28.538816138886954,5.370847493773683e-12,-0.03896167511918252,0.001518012128092726
28,0.8555555555555555,67.5,1.1780972450961724,0.7904302667041009,0.0,0.3274069365790213,45,29.479812918090055,-0.042201147247497066,-3.5107579021773576e-10,0.0017809368290049295
28,0.8555555555555555,67.5,1.1780972450961724,0.7904302667041009,0.0,0.3274069365790213,46,29.577235615176054,-2.4771451307783052e-11,-2.7516107436607345e-08,7.571367820877179e-16
28,0.8555555555555555,67.5,1.1780972450961724,0.7904302667041009,0.0,0.3274069365790213,47,30.134609682809216,4.9144268067053683e-11,0.06167875711180632,0.003804269078857199
28,0.8555555555555555,67.5,1.1780972450961724,0.7904302667041009,0.0,0.3274069365790213,48,30.42285909291524,2.987251248442927e-11,-3.120008608651871e-08,9.734462641731804e-16
28,0.8555555555555555,67.5,1.1780972450961724,0.7904302667041009,0.0,0.3274069365790213,49,30.57781776649785,2.5023942927438648e-09,-5.915214454810458e-11,6.265476172561707e-18
28,0.8555555555555555,67.5,1.1780972450961724,0.7904302667041009,0.0,0.3274069365790213,50,30.57781776670913,-4.4057936876476186e-08,2.2134774539955385e-11,1.9411022917598042e-15
28,0.8555555555555555,67.5,1.1780972450961724,0.7904302667041009,0.0,0.3274069365790213,51,31.301447737714017,0.00259032488319407,-3.799552068817371e-11,6.709783000494375e-06
28,0.8555555555555555,67.5,1.1780972450961724,0.7904302667041009,0.0,0.3274069365790213,52,31.30144773792052,0.02173368755214164,-3.760837757499486e-11,0.00047235317461411647
28,0.8555555555555555,67.5,1.1780972450961724,0.7904302667041009,0.0,0.3274069365790213,53,31.79394974414423,-3.2466930216594694e-11,0.0550539230614173,0.0030309344444524556
28,0.8555555555555555,67.5,1.1780972450961724,0.7904302667041009,0.0,0.3274069365790213,54,32.54435131783464,1.033826008899049e-07,6.836253672182138e-10,1.0688429510404069e-14
28,0.8555555555555555,67.5,1.1780972450961724,0.7904302667041009,0.0,0.3274069365790213,55,33.239787173533706,0.01592024811074494,-3.3464339271198468e-09,0.00025345429990768903
28,0.8555555555555555,67.5,1.1780972450961724,0.7904302667041009,0.0,0.3274069365790213,56,33.84801129744537,-2.761972014701812e-07,-1.0756252232675954e-09,7.628605106958081e-14
28,0.8555555555555555,67.5,1.1780972450961724,0.7904302667041009,0.0,0.3274069365790213,57,33.87453766276373,-2.0952980305265004e-10,6.457459366928528e-08,4.169922050291666e-15
28,0.8555555555555555,67.5,1.1780972450961724,0.7904302667041009,0.0,0.3274069365790213,58,33.87453766290842,1.685487926051572e-08,-9.133044929063793e-08,8.62533792251635e-15
28,0.8555555555555555,67.5,1.1780972450961724,0.7904302667041009,0.0,0.3274069365790213,59,34.047525019046134,-0.0273898765137345,4.922990890753283e-10,0.0007502053354376249
29,0.8555555555555555,90.0,1.5707963267948966,0.8555555555555555,0.0,5.238766863019233e-17,1,10.601089661427809,-3.0779219915349334e-14,8.885791107026025e-15,1.0263176621951399e-27
29,0.8555555555555555,90.0,1.5707963267948966,0.8555555555555555,0.0,5.238766863019233e-17,2,12.52937925367041,-9.313946090323588e-09,2.2563724656569986e-11,8.675010089512442e-17
29,0.8555555555555555,90.0,1.5707963267948966,0.8555555555555555,0.0,5.238766863019233e-17,3,12.742641025626208,-4.08341819224942e-11,5.4539242201033065e-17,1.6674304132823264e-21
29,0.8555555555555555,90.0,1.5707963267948966,0.8555555555555555,0.0,5.238766863019233e-17,4,13.130725291782012,-5.356143164205582e-11,-1.4627114616251185e-08,2.139553508239086e-16
29,0.8555555555555555,90.0,1.5707963267948966,0.8555555555555555,0.0,5.238766863019233e-17,5,13.130725291783854,-3.2619171496635166e-10,2.0071010533361643e-08,4.0295186486522674e-16
29,0.8555555555555555,90.0,1.5707963267948966,0.8555555555555555,0.0,5.238766863019233e-17,6,13.134244278463646,-0.158382994806907,-8.495065497386632e-12,0.025085173044004733
29,0.8555555555555555,90.0,1.5707963267948966,0.8555555555555555,0.0,5.238766863019233e-17,7,13.987379164703443,-9.201560004684953e-11,-0.22638561254376,0.05125044556681342
29,0.8555555555555555,90.0,1.5707963267948966,0.8555555555555555,0.0,5.238766863019233e-17,8,13.987379164704198,5.059476182589527e-10,-0.3474894692445021,0.12074893123582575
29,0.8555555555555555,90.0,1.5707963267948966,0.8555555555555555,0.0,5.238766863019233e-17,9,14.627113026715655,8.969912815404999e-14,-2.5457405694866514e-16,8.045998399547154e-27
29,0.8555555555555555,90.0,1.5707963267948966,0.8555555555555555,0.0,5.238766863019233e-17,10,15.474927381001192,-2.3179076906630406e-12,-8.535020350205335e-15,5.3727689090072484e-24
29,0.8555555555555555,90.0,1.5707963267948966,0.8555555555555555,0.0,5.238766863019233e-17,11,16.694032611807582,1.450570191449186e-09,-5.6893209907021424e-11,2.107390717654452e-18
29,0.8555555555555555,90.0,1.5707963267948966,0.8555555555555555,0.0,5.238766863019233e-17,12,16.966418124622876,0.023920358728975594,-1.0578555408386401e-10,0.0005721835617228789
29,0.8555555555555555,90.0,1.5707963267948966,0.8555555555555555,0.0,5.238766863019233e-17,13,17.036546647825844,3.1692307586364574e-15,-9.484597249553046e-14,9.005802522224408e-27
29,0.8555555555555555,90.0,1.5707963267948966,0.8555555555555555,0.0,5.238766863019233e-17,14,17.03654664784861,-5.446585058077471e-16,-1.9714689739076867e-13,3.886719580369422e-26
29,0.8555555555555555,90.0,1.5707963267948966,0.8555555555555555,0.0,5.238766863019233e-17,15,17.05320327059592,1.1679326677519844e-15,1.3924527683486894e-13,1.939061118753569e-26
29,0.8555555555555555,90.0,1.5707963267948966,0.8555555555555555,0.0,5.238766863019233e-17,16,17.053203270617626,-4.020514263717786e-15,6.366664416232936e-13,4.053603224242115e-25
29,0.8555555555555555,90.0,1.5707963267948966,0.8555555555555555,0.0,5.238766863019233e-17,17,17.76622138238341,-3.639447652812955e-09,-7.153468833781586e-11,1.3250696429201315e-17
29,0.8555555555555555,90.0,1.5707963267948966,0.8555555555555555,0.0,5.238766863019233e-17,18,18.825760908026602,-3.5665335196694453e-13,1.5390799057057898e-14,1.2743849016487196e-25
29,0.8555555555555555,90.0,1.5707963267948966,0.8555555555555555,0.0,5.238766863019233e-17,19,18.923821923349376,0.2407155070567332,-9.841640453608518e-11,0.05794395533758017
29,0.8555555555555555,90.0,1.5707963267948966,0.8555555555555555,0.0,5.238766863019233e-17,20,20.3060660028183,-2.2023550507899268e-11,-2.868919921496636e-14,4.850376000441417e-22
29,0.8555555555555555,90.0,1.5707963267948966,0.8555555555555555,0.0,5.238766863019233e-17,21,23.757108846036733,7.273298103090002e-10,-2.3462978293451157e-12,5.290141580776302e-19
29,0.8555555555555555,90.0,1.5707963267948966,0.8555555555555555,0.0,5.238766863019233e-17,22,23.75710884604802,-2.4705345331272673e-10,-1.2025245071362932e-09,1.5071005990571285e-18
29,0.8555555555555555,90.0,1.5707963267948966,0.8555555555555555,0.0,5.238766863019233e-17,23,23.84422923633635,-0.039938932793301365,-9.42541805197858e-11,0.0015951183526678432
29,0.8555555555555555,90.0,1.5707963267948966,0.8555555555555555,0.0,5.238766863019233e-17,24,23.844229236379192,0.27446280067559564,1.661448977169055e-09,0.07532982895469174
29,0.8555555555555555,90.0,1.5707963267948966,0.8555555555555555,0.0,5.238766863019233e-17,25,24.180005762923916,3.9390690164199284e-11,5.349118700750755e-09,2.861462250119306e-17
29,0.8555555555555555,90.0,1.5707963267948966,0.8555555555555555,0.0,5.238766863019233e-17,26,24.18000576292419,-3.3100262185918698e-12,3.25075533390446e-09,1.0567421197181865e-17
29,0.8555555555555555,90.0,1.5707963267948966,0.8555555555555555,0.0,5.238766863019233e-17,27,25.328884414515628,5.675680814312116e-13,-3.0196590251585036e-14,3.2304536112232857e-25
29,0.8555555555555555,90.0,1.5707963267948966,0.8555555555555555,0.0,5.238766863019233e-17,28,25.91832376952536,1.335340328076232e-10,2.8159339399409417e-14,1.7831338710815785e-20
29,0.8555555555555555,90.0,1.5707963267948966,0.8555555555555555,0.0,5.238766863019233e-17,29,26.291932671007505,0.11691234033570554,8.844131058330334e-11,0.01366849532277184
29,0.8555555555555555,90.0,1.5707963267948966,0.8555555555555555,0.0,5.238766863019233e-17,30,26.43209942982244,-9.450907615786125e-14,2.0781427587465853e-11,4.318766645385631e-22
29,0.8555555555555555,90.0,1.5707963267948966,0.8555555555555555,0.0,5.238766863019233e-17,31,26.432099429879074,-2.409965681085035e-14,-1.134642125664619e-12,1.2879935467911257e-24
29,0.8555555555555555,90.0,1.5707963267948966,0.8555555555555555,0.0,5.238766863019233e-17,32,26.518243522671032,3.29653411709789e-15,1.4667467122403376e-13,2.1524326315863588e-26
29,0.8555555555555555,90.0,1.5707963267948966,0.8555555555555555,0.0,5.238766863019233e-17,33,26.518243522730998,-4.5960787625616765e-15,-2.9819999677655887e-13,8.89443620175314e-26
29,0.8555555555555555,90.0,1.5707963267948966,0.8555555555555555,0.0,5.238766863019233e-17,34,26.54608589484942,-1.5792202399493327e-10,0.4229925906328311,0.17892273173027384
29,0.8555555555555555,90.0,1.5707963267948966,0.8555555555555555,0.0,5.238766863019233e-17,35,26.546085894850595,1.5790224921248928e-11,0.35401189461296906,0.1253244215274639
29,0.8555555555555555,90.0,1.5707963267948966,0.8555555555555555,0.0,5.238766863019233e-17,36,26.692547387677717,-6.0398637712818106e-09,-2.3665615082543997e-11,3.648051443697977e-17
29,0.8555555555555555,90.0,1.5707963267948966,0.8555555555555555,0.0,5.238766863019233e-17,37,28.28123647832734,-1.1990372905848426e-12,1.1277467596132027e-14,1.437817605488422e-24
29,0.8555555555555555,90.0,1.5707963267948966,0.8555555555555555,0.0,5.238766863019233e-17,38,28.281236478348614,2.0631678450165899e-13,1.6947206487843392e-15,4.256948764518141e-26
29,0.8555555555555555,90.0,1.5707963267948966,0.8555555555555555,0.0,5.238766863019233e-17,39,28.291774942128974,1.0756872340641384e-12,-1.1463992694112215e-14,1.157234448657047e-24
29,0.8555555555555555,90.0,1.5707963267948966,0.8555555555555555,0.0,5.238766863019233e-17,40,28.29177494215093,1.94095088703148e-13,-8.202090721657288e-15,3.7740177750889185e-26
29,0.8555555555555555,90.0,1.5707963267948966,0.8555555555555555,0.0,5.238766863019233e-17,41,28.48692673989627,-3.980372128254046e-11,5.124092289278843e-08,2.6256337632409176e-15
29,0.8555555555555555,90.0,1.5707963267948966,0.8555555555555555,0.0,5.238766863019233e-17,42,28.48692674002121,-2.1776892749818714e-11,1.4091107098102945e-08,1.9855977348326503e-16
29,0.8555555555555555,90.0,1.5707963267948966,0.8555555555555555,0.0,5.238766863019233e-17,43,28.53881613874187,4.279655969910141e-11,0.001005711258491635,1.0114551354568302e-06
29,0.8555555555555555,90.0,1.5707963267948966,0.8555555555555555,0.0,5.238766863019233e-17,44,28.538816138886954,4.048314300113739e-12,0.0008660492348423692,7.500412771710532e-07
29,0.8555555555555555,90.0,1.5707963267948966,0.8555555555555555,0.0,5.238766863019233e-17,45,29.479812918090055,-0.06441022447258421,-4.913205896565629e-10,0.004148677016608686
29,0.8555555555555555,90.0,1.5707963267948966,0.8555555555555555,0.0,5.238766863019233e-17,46,29.577235615176054,-3.973601610944708e-12,1.6892042846184466e-13,1.581804387365411e-23
29,0.8555555555555555,90.0,1.5707963267948966,0.8555555555555555,0.0,5.238766863019233e-17,47,30.134609682809216,6.959275083662353e-12,3.5317663054293747e-13,4.855624342244531e-23
29,0.8555555555555555,90.0,1.5707963267948966,0.8555555555555555,0.0,5.238766863019233e-17,48,30.42285909291524,-3.914068576924806e-12,3.06096341557601e-13,1.5413627795185124e-23
29,0.8555555555555555,90.0,1.5707963267948966,0.8555555555555555,0.0,5.238766863019233e-17,49,30.57781776649785,1.8597975827874436e-15,1.8648146071435852e-14,3.5121219895055045e-28
29,0.8555555555555555,90.0,1.5707963267948966,0.8555555555555555,0.0,5.238766863019233e-17,50,30.57781776670913,-2.067752615800005e-15,-2.4545399724522084e-13,6.025194036453704e-26
29,0.8555555555555555,90.0,1.5707963267948966,0.8555555555555555,0.0,5.238766863019233e-17,51,31.301447737714017,-5.0858318347523715e-15,-1.3390347642751492e-13,1.7956006684825427e-26
29,0.8555555555555555,90.0,1.5707963267948966,0.8555555555555555,0.0,5.238766863019233e-17,52,31.30144773792052,-7.788703267122469e-14,-1.5157158752828721e-12,2.3034610044428515e-24
29,0.8555555555555555,90.0,1.5707963267948966,0.8555555555555555,0.0,5.238766863019233e-17,53,31.79394974414423,1.2545046235831932e-11,-3.171389747238653e-13,1.5747876218844983e-22
29,0.8555555555555555,90.0,1.5707963267948966,0.8555555555555555,0.0,5.238766863019233e-17,54,32.54435131783464,7.236384082009537e-08,6.742322391671278e-10,5.236980047348433e-15
29,0.8555555555555555,90.0,1.5707963267948966,0.8555555555555555,0.0,5.238766863019233e-17,55,33.239787173533706,0.018658187451187875,-3.774407803572104e-09,0.00034812795896367897
29,0.8555555555555555,90.0,1.5707963267948966,0.8555555555555555,0.0,5.238766863019233e-17,56,33.84801129744537,-2.25103976057669e-07,-1.2012641058654779e-09,5.067324307242365e-14
29,0.8555555555555555,90.0,1.5707963267948966,0.8555555555555555,0.0,5.238766863019233e-17,57,33.87453766276373,-1.5362263858581367e-10,6.87247104392697e-08,4.723109424876551e-15
29,0.8555555555555555,90.0,1.5707963267948966,0.8555555555555555,0.0,5.238766863019233e-17,58,33.87453766290842,1.277172040038791e-08,-1.061591373630238e-07,1.143287928764704e-14
29,0.8555555555555555,90.0,1.5707963267948966,0.8555555555555555,0.0,5.238766863019233e-17,59,34.047525019046134,-0.022211639746861123,3.16950597447554e-10,0.000493356940244341
30,1.0166666666666666,0.0,0.0,0.0,0.0,1.0166666666666666,1,10.601089661427809,-2.512498886164468e-13,8.173067644095044e-09,6.679903477807983e-17
30,1.0166666666666666,0.0,0.0,0.0,0.0,1.0166666666666666,2,12.52937925367041,7.040391176918084e-09,-2.2712269006569985e-13,4.956710797561072e-17
30,1.0166666666666666,0.0,0.0,0.0,0.0,1.0166666666666666,3,12.742641025626208,-6.284305425029935e-11,0.36515486796619223,0.13333807759940727
30,1.0166666666666666,0.0,0.0,0.0,0.0,1.0166666666666666,4,13.130725291782012,-2.55355928031e-10,2.0075195519269315e-14,6.520665038358673e-20
30,1.0166666666666666,0.0,0.0,0.0,0.0,1.0166666666666666,5,13.130725291783854,-2.268484332145157e-09,1.0442012443725033e-13,5.1460211760916205e-18
30,1.0166666666666666,0.0,0.0,0.0,0.0,1.0166666666666666,6,13.134244278463646,-0.15938339331624932,-5.795802291485704e-11,0.025403066065002228
30,1.0166666666666666,0.0,0.0,0.0,0.0,1.0166666666666666,7,13.987379164703443,-4.4829696971898357e-10,1.9630340724694564e-14,2.0097017344457354e-19
30,1.0166666666666666,0.0,0.0,0.0,0.0,1.0166666666666666,8,13.987379164704198,3.2833272316181877e-09,-1.2981915752855295e-13,1.0780237726738566e-17
30,1.0166666666666666,0.0,0.0,0.0,0.0,1.0166666666666666,9,14.627113026715655,1.3607398178562615e-13,-3.173409006995188e-10,1.0070526577291039e-19
30,1.0166666666666666,0.0,0.0,0.0,0.0,1.0166666666666666,10,15.474927381001192,9.52703531527846e-11,-0.33168514312490915,0.11001503416979147
30,1.0166666666666666,0.0,0.0,0.0,0.0,1.0166666666666666,11,16.694032611807582,-1.2593498832211302e-08,-3.35773407924879e-13,1.585962129496512e-16
30,1.0166666666666666,0.0,0.0,0.0,0.0,1.0166666666666666,12,16.966418124622876,-0.26173356354920485,-1.7922285605943287e-10,0.06850445828816565
30,1.0166666666666666,0.0,0.0,0.0,0.0,1.0166666666666666,13,17.036546647825844,-4.322351297163251e-14,1.0344841068572875e-10,1.0701575541675271e-20
30,1.0166666666666666,0.0,0.0,0.0,0.0,1.0166666666666666,14,17.03654664784861,-1.0886230819891604e-14,6.56273221864267e-11,4.306945535871075e-21
30,1.0166666666666666,0.0,0.0,0.0,0.0,1.0166666666666666,15,17.05320327059592,-1.049674080625784e-14,-4.715467352413295e-12,2.2235742533243208e-23
30,1.0166666666666666,0.0,0.0,0.0,0.0,1.0166666666666666,16,17.053203270617626,3.223056706493109e-14,-2.9886650435998144e-12,8.933157552288807e-24
30,1.0166666666666666,0.0,0.0,0.0,0.0,1.0166666666666666,17,17.76622138238341,1.1489276307491464e-08,2.0471914496206173e-13,1.3200347011179462e-16
30,1.0166666666666666,0.0,0.0,0.0,0.0,1.0166666666666666,18,18.825760908026602,5.617920044310242e-13,1.5897953642844524e-08,2.527449303456437e-16
30,1.0166666666666666,0.0,0.0,0.0,0.0,1.0166666666666666,19,18.923821923349376,0.15885804973767217,9.129934124694871e-11,0.025235879966456726
30,1.0166666666666666,0.0,0.0,0.0,0.0,1.0166666666666666,20,20.3060660028183,-2.967009425384471e-11,0.4700189419199703,0.2209178057635684
30,1.0166666666666666,0.0,0.0,0.0,0.0,1.0166666666666666,21,23.757108846036733,-1.2780380774958858e-09,-1.3170438322830736e-14,1.6333813277028404e-18
30,1.0166666666666666,0.0,0.0,0.0,0.0,1.0166666666666666,22,23.75710884604802,-9.50823512644611e-09,1.617462294337969e-14,9.040653522004527e-17
30,1.0166666666666666,0.0,0.0,0.0,0.0,1.0166666666666666,23,23.84422923633635,9.051681486557276e-10,4.736740758142484e-13,8.193296017079676e-19
30,1.0166666666666666,0.0,0.0,0.0,0.0,1.0166666666666666,24,23.844229236379192,1.3258323594356354e-08,-3.099640040058914e-12,1.7578315414043477e-16
30,1.0166666666666666,0.0,0.0,0.0,0.0,1.0166666666666666,25,24.180005762923916,6.461774978145003e-11,3.1369264667893106e-15,4.175453596658392e-21
30,1.0166666666666666,0.0,0.0,0.0,0.0,1.0166666666666666,26,24.18000576292419,1.0482280310225774e-10,9.038753646114566e-15,1.0987820131913762e-20
30,1.0166666666666666,0.0,0.0,0.0,0.0,1.0166666666666666,27,25.328884414515628,4.384151782124974e-13,-1.9857642263345107e-08,3.9432595645119767e-16
30,1.0166666666666666,0.0,0.0,0.0,0.0,1.0166666666666666,28,25.91832376952536,-4.119996956039914e-10,0.0876112976977859,0.0076757394842900655
30,1.0166666666666666,0.0,0.0,0.0,0.0,1.0166666666666666,29,26.291932671007505,-0.36037589385744606,-1.361772687363649e-10,0.12987078487355322
30,1.0166666666666666,0.0,0.0,0.0,0.0,1.0166666666666666,30,26.43209942982244,3.016629740499175e-13,6.657172371436591e-11,4.4318853988517815e-21
30,1.0166666666666666,0.0,0.0,0.0,0.0,1.0166666666666666,31,26.432099429879074,7.659448790926665e-14,-8.34861470864036e-11,6.969942622048194e-21
30,1.0166666666666666,0.0,0.0,0.0,0.0,1.0166666666666666,32,26.518243522671032,-5.4943327908928704e-15,-2.5420815114255104e-11,6.462178712608335e-22
30,1.0166666666666666,0.0,0.0,0.0,0.0,1.0166666666666666,33,26.518243522730998,2.2931172358496898e-14,3.167279452940178e-11,1.003166439140369e-21
30,1.0166666666666666,0.0,0.0,0.0,0.0,1.0166666666666666,34,26.54608589484942,-1.0522310958071486e-09,4.189010132563479e-14,1.1071902807382933e-18
30,1.0166666666666666,0.0,0.0,0.0,0.0,1.0166666666666666,35,26.546085894850595,1.773217899301961e-11,6.272463334754978e-15,3.144302111842823e-22
30,1.0166666666666666,0.0,0.0,0.0,0.0,1.0166666666666666,36,26.692547387677717,-5.7686987366994215e-08,1.1738430849503138e-12,3.327788512857658e-15
30,1.0166666666666666,0.0,0.0,0.0,0.0,1.0166666666666666,37,28.28123647832734,-3.72875731501239e-12,1.2598154482811817e-09,1.587148867359029e-18
30,1.0166666666666666,0.0,0.0,0.0,0.0,1.0166666666666666,38,28.281236478348614,6.390584551293219e-13,3.150643772283642e-10,9.926597019400604e-20
30,1.0166666666666666,0.0,0.0,0.0,0.0,1.0166666666666666,39,28.291774942128974,3.321104142323585e-12,-1.1632999824825793e-09,1.3532778789766936e-18
30,1.0166666666666666,0.0,0.0,0.0,0.0,1.0166666666666666,40,28.29177494215093,6.058283328382207e-13,7.295288856872948e-11,5.32249097849033e-21
30,1.0166666666666666,0.0,0.0,0.0,0.0,1.0166666666666666,41,28.48692673989627,-3.825927421906292e-10,-1.0018211061070307e-14,1.4637720647730982e-19
30,1.0166666666666666,0.0,0.0,0.0,0.0,1.0166666666666666,42,28.48692674002121,2.346102672551866e-12,-5.322165561233014e-16,5.50419803340947e-24
30,1.0166666666666666,0.0,0.0,0.0,0.0,1.0166666666666666,43,28.53881613874187,-3.3768836450193e-10,-2.694558780472288e-15,1.1403343152724898e-19
30,1.0166666666666666,0.0,0.0,0.0,0.0,1.0166666666666666,44,28.538816138886954,2.0632130387133885e-12,-7.55681561887094e-14,4.262558589346695e-24
30,1.0166666666666666,0.0,0.0,0.0,0.0,1.0166666666666666,45,29.479812918090055,0.07374646811771052,-1.2229710396831066e-11,0.005438541559836494
30,1.0166666666666666,0.0,0.0,0.0,0.0,1.0166666666666666,46,29.577235615176054,-1.0946995546423574e-11,-1.0893851719193746e-07,1.1867600647814764e-14
30,1.0166666666666666,0.0,0.0,0.0,0.0,1.0166666666666666,47,30.134609682809216,-4.1782207612278796e-11,0.33322687554378144,0.1110401505846708
30,1.0166666666666666,0.0,0.0,0.0,0.0,1.0166666666666666,48,30.42285909291524,-1.3775462286451708e-11,-1.7575496326910282e-07,3.0889807303487044e-14
30,1.0166666666666666,0.0,0.0,0.0,0.0,1.0166666666666666,49,30.57781776649785,6.212788632594439e-15,-1.476600171447687e-10,2.1803480701792127e-20
30,1.0166666666666666,0.0,0.0,0.0,0.0,1.0166666666666666,50,30.57781776670913,8.013600350333378e-15,1.279987841177617e-10,1.6383688799843153e-20
30,1.0166666666666666,0.0,0.0,0.0,0.0,1.0166666666666666,51,31.301447737714017,-1.3981390291106589e-14,-2.7145201921639895e-11,7.368621828458768e-22
30,1.0166666666666666,0.0,0.0,0.0,0.0,1.0166666666666666,52,31.30144773792052,-3.073503441419492e-13,-2.4967697520731787e-11,6.234803837208004e-22
30,1.0166666666666666,0.0,0.0,0.0,0.0,1.0166666666666666,53,31.79394974414423,3.592959958390683e-11,0.283678497500606,0.08047348994420131
30,1.0166666666666666,0.0,0.0,0.0,0.0,1.0166666666666666,54,32.54435131783464,2.994365670887717e-07,-1.5535099379608281e-12,8.966225771232186e-14
30,1.0166666666666666,0.0,0.0,0.0,0.0,1.0166666666666666,55,33.239787173533706,0.014263412096701728,-8.449892167503791e-11,0.00020344492464033717
30,1.0166666666666666,0.0,0.0,0.0,0.0,1.0166666666666666,56,33.84801129744537,-8.24739481853493e-07,1.331886747544419e-10,6.801952306671912e-13
30,1.0166666666666666,0.0,0.0,0.0,0.0,1.0166666666666666,57,33.87453766276373,-6.866896918561999e-10,-3.333173050796896e-13,4.715428440019887e-19
30,1.0166666666666666,0.0,0.0,0.0,0.0,1.0166666666666666,58,33.87453766290842,5.262551833391995e-08,2.364899722809682e-11,2.7694457391888148e-15
30,1.0166666666666666,0.0,0.0,0.0,0.0,1.0166666666666666,59,34.047525019046134,-0.06860126867419163,-6.254502160896272e-11,0.004706134063708625
31,1.0166666666666666,22.5,0.39269908169872414,0.3890614895711746,0.0,0.9392775247198081,1,10.601089661427809,9.064659889856141e-12,6.2118836440074385e-09,3.8587580574746054e-17
31,1.0166666666666666,22.5,0.39269908169872414,0.3890614895711746,0.0,0.9392775247198081,2,12.52937925367041,3.99775124171081e-09,4.788110705615957e-11,1.5984307591013244e-17
31,1.0166666666666666,22.5,0.39269908169872414,0.3890614895711746,0.0,0.9392775247198081,3,12.742641025626208,-4.719164857570878e-11,0.34382440831605143,0.11821522375388285
31,1.0166666666666666,22.5,0.39269908169872414,0.3890614895711746,0.0,0.9392775247198081,4,13.130725291782012,-2.4069832589022117e-10,-4.435183622911695e-09,1.972878945303046e-17
31,1.0166666666666666,22.5,0.39269908169872414,0.3890614895711746,0.0,0.9392775247198081,5,13.130725291783854,-2.0654149229479036e-09,2.2505738212924154e-10,4.316589629186762e-18
31,1.0166666666666666,22.5,0.39269908169872414,0.3890614895711746,0.0,0.9392775247198081,6,13.134244278463646,-0.16100686173202333,-2.9033948653451814e-11,0.02592320952479488
31,1.0166666666666666,22.5,0.39269908169872414,0.3890614895711746,0.0,0.9392775247198081,7,13.987379164703443,-4.149726883721429e-10,-0.07087433568127839,0.005023171458262531
31,1.0166666666666666,22.5,0.39269908169872414,0.3890614895711746,0.0,0.9392775247198081,8,13.987379164704198,3.012060111163776e-09,-0.10878820149730896,0.011834872785019103
31,1.0166666666666666,22.5,0.39269908169872414,0.3890614895711746,0.0,0.9392775247198081,9,14.627113026715655,-1.494941379945379e-11,-1.1879626885203448e-09,1.411478834289433e-18
31,1.0166666666666666,22.5,0.39269908169872414,0.3890614895711746,0.0,0.9392775247198081,10,15.474927381001192,8.479271782749003e-11,-0.31248409262942983,0.09764630814643808
31,1.0166666666666666,22.5,0.39269908169872414,0.3890614895711746,0.0,0.9392775247198081,11,16.694032611807582,-1.0748888794728274e-08,-7.370263271321814e-12,1.1553866464221573e-16
31,1.0166666666666666,22.5,0.39269908169872414,0.3890614895711746,0.0,0.9392775247198081,12,16.966418124622876,-0.22349160825213754,-2.4712452483940957e-10,0.04994849895912691
31,1.0166666666666666,22.5,0.39269908169872414,0.3890614895711746,0.0,0.9392775247198081,13,17.036546647825844,4.9185488289077565e-09,9.176186393251765e-11,2.4200542822022234e-17
31,1.0166666666666666,22.5,0.39269908169872414,0.3890614895711746,0.0,0.9392775247198081,14,17.03654664784861,2.875085739412067e-08,5.88036057673613e-11,8.266152587611144e-16
31,1.0166666666666666,22.5,0.39269908169872414,0.3890614895711746,0.0,0.9392775247198081,15,17.05320327059592,0.03328391691959803,9.38530117364294e-13,0.0011078191255107042
31,1.0166666666666666,22.5,0.39269908169872414,0.3890614895711746,0.0,0.9392775247198081,16,17.053203270617626,0.10879415278795618,6.730640704060128e-12,0.011836167680849153
31,1.0166666666666666,22.5,0.39269908169872414,0.3890614895711746,0.0,0.9392775247198081,17,17.76622138238341,8.482933228975418e-09,-4.368496048926909e-11,7.196206454302826e-17
31,1.0166666666666666,22.5,0.39269908169872414,0.3890614895711746,0.0,0.9392775247198081,18,18.825760908026602,-1.737481626199001e-11,1.5645259773936934e-08,2.4477445527820927e-16
31,1.0166666666666666,22.5,0.39269908169872414,0.3890614895711746,0.0,0.9392775247198081,19,18.923821923349376,0.17611290171031982,4.329592683906612e-11,0.03101575414882877
31,1.0166666666666666,22.5,0.39269908169872414,0.3890614895711746,0.0,0.9392775247198081,20,20.3060660028183,-2.7436511796270947e-11,0.4279818794405186,0.1831684891294386
31,1.0166666666666666,22.5,0.39269908169872414,0.3890614895711746,0.0,0.9392775247198081,21,23.757108846036733,6.672277226710782e-10,7.550088398831482e-15,4.451928339578372e-19
31,1.0166666666666666,22.5,0.39269908169872414,0.3890614895711746,0.0,0.9392775247198081,22,23.75710884604802,-7.975255913258637e-09,-5.652619557791802e-10,6.392422796061816e-17
31,1.0166666666666666,22.5,0.39269908169872414,0.3890614895711746,0.0,0.9392775247198081,23,23.84422923633635,-0.005843431830767314,-3.288056550665153e-11,3.414569556082464e-05
31,1.0166666666666666,22.5,0.39269908169872414,0.3890614895711746,0.0,0.9392775247198081,24,23.844229236379192,0.04015642701562105,7.529945314377976e-10,0.0016125386306609006
31,1.0166666666666666,22.5,0.39269908169872414,0.3890614895711746,0.0,0.9392775247198081,25,24.180005762923916,6.094285805948493e-11,3.987847039174011e-09,1.590663803979738e-17
31,1.0166666666666666,22.5,0.39269908169872414,0.3890614895711746,0.0,0.9392775247198081,26,24.18000576292419,1.0131981818854702e-10,1.5045234066921086e-09,2.2738563868421883e-18
31,1.0166666666666666,22.5,0.39269908169872414,0.3890614895711746,0.0,0.9392775247198081,27,25.328884414515628,-1.9494537815917564e-11,-1.5542024296478812e-08,2.4155489926934234e-16
31,1.0166666666666666,22.5,0.39269908169872414,0.3890614895711746,0.0,0.9392775247198081,28,25.91832376952536,-3.5185532380177803e-10,0.13285308861083378,0.01764994315343805
31,1.0166666666666666,22.5,0.39269908169872414,0.3890614895711746,0.0,0.9392775247198081,29,26.291932671007505,-0.2953684460864886,-1.4961356051602331e-10,0.08724251894354693
31,1.0166666666666666,22.5,0.39269908169872414,0.3890614895711746,0.0,0.9392775247198081,30,26.43209942982244,0.1869729069956078,5.660534111282852e-11,0.03495886795038821
31,1.0166666666666666,22.5,0.39269908169872414,0.3890614895711746,0.0,0.9392775247198081,31,26.432099429879074,-0.035070132707405756,-7.37016625813558e-11,0.001229914208115051
31,1.0166666666666666,22.5,0.39269908169872414,0.3890614895711746,0.0,0.9392775247198081,32,26.518243522671032,1.9555751928547553e-08,-2.0216372313780185e-11,3.8242784219260085e-16
31,1.0166666666666666,22.5,0.39269908169872414,0.3890614895711746,0.0,0.9392775247198081,33,26.518243522730998,1.2158500939580461e-08,3.223190880177043e-11,1.4783018399372395e-16
31,1.0166666666666666,22.5,0.39269908169872414,0.3890614895711746,0.0,0.9392775247198081,34,26.54608589484942,-9.394072120166636e-10,0.14494790886801567,0.021009896285210578
31,1.0166666666666666,22.5,0.39269908169872414,0.3890614895711746,0.0,0.9392775247198081,35,26.546085894850595,1.579724125764513e-11,0.12131012419292508,0.014716146231702908
31,1.0166666666666666,22.5,0.39269908169872414,0.3890614895711746,0.0,0.9392775247198081,36,26.692547387677717,-4.6572433692354677e-08,-4.4105387246754875e-11,2.1689935253139575e-15
31,1.0166666666666666,22.5,0.39269908169872414,0.3890614895711746,0.0,0.9392775247198081,37,28.28123647832734,-8.216035583503733e-12,-3.619754692793478e-11,1.3777656443094402e-21
31,1.0166666666666666,22.5,0.39269908169872414,0.3890614895711746,0.0,0.9392775247198081,38,28.281236478348614,4.3651281061562365e-12,1.9139872955937362e-10,3.66525280203254e-20
31,1.0166666666666666,22.5,0.39269908169872414,0.3890614895711746,0.0,0.9392775247198081,39,28.291774942128974,1.2823769443294117e-11,-0.0484979727458773,0.002352053360459857
31,1.0166666666666666,22.5,0.39269908169872414,0.3890614895711746,0.0,0.9392775247198081,40,28.29177494215093,1.0356211295169415e-11,-0.00403173358232729,1.625487567886564e-05
31,1.0166666666666666,22.5,0.39269908169872414,0.3890614895711746,0.0,0.9392775247198081,41,28.48692673989627,-4.802294160088196e-10,2.7701368058469013e-08,7.675964126027675e-16
31,1.0166666666666666,22.5,0.39269908169872414,0.3890614895711746,0.0,0.9392775247198081,42,28.48692674002121,3.2510557820319933e-12,1.1850954033847468e-08,1.404451220817293e-16
31,1.0166666666666666,22.5,0.39269908169872414,0.3890614895711746,0.0,0.9392775247198081,43,28.53881613874187,-4.4517195796473923e-10,-0.14107214393651152,0.019901349794843825
31,1.0166666666666666,22.5,0.39269908169872414,0.3890614895711746,0.0,0.9392775247198081,44,28.538816138886954,5.540653139904822e-12,-0.12148611222305312,0.014758875463072257
31,1.0166666666666666,22.5,0.39269908169872414,0.3890614895711746,0.0,0.9392775247198081,45,29.479812918090055,0.05563101898053493,-2.300588119367385e-11,0.0030948102728126374
31,1.0166666666666666,22.5,0.39269908169872414,0.3890614895711746,0.0,0.9392775247198081,46,29.577235615176054,-2.230755412580488e-11,-9.631799952285243e-08,9.277157529711173e-15
31,1.0166666666666666,22.5,0.39269908169872414,0.3890614895711746,0.0,0.9392775247198081,47,30.134609682809216,-7.048966420883592e-12,0.28805367180999175,0.08297491784321843
31,1.0166666666666666,22.5,0.39269908169872414,0.3890614895711746,0.0,0.9392775247198081,48,30.42285909291524,-1.0390800402738238e-12,-1.515170189044688e-07,2.2957407018776843e-14
31,1.0166666666666666,22.5,0.39269908169872414,0.3890614895711746,0.0,0.9392775247198081,49,30.57781776649785,4.970407737071166e-09,-1.3516323727302128e-10,2.4723222173447035e-17
31,1.0166666666666666,22.5,0.39269908169872414,0.3890614895711746,0.0,0.9392775247198081,50,30.57781776670913,-7.85136567326929e-08,1.0326669861783234e-10,6.164404957550177e-15
31,1.0166666666666666,22.5,0.39269908169872414,0.3890614895711746,0.0,0.9392775247198081,51,31.301447737714017,0.0021666667971340023,-3.471544055245412e-11,4.6944450098029165e-06
31,1.0166666666666666,22.5,0.39269908169872414,0.3890614895711746,0.0,0.9392775247198081,52,31.30144773792052,0.018179052658603565,-4.2607201222591145e-11,0.0003304779555642814
31,1.0166666666666666,22.5,0.39269908169872414,0.3890614895711746,0.0,0.9392775247198081,53,31.79394974414423,9.131046625101314e-12,0.24663166553090246,0.06082717844254694
31,1.0166666666666666,22.5,0.39269908169872414,0.3890614895711746,0.0,0.9392775247198081,54,32.54435131783464,2.8347770789735744e-07,2.5397000365208197e-10,8.035967537550227e-14
31,1.0166666666666666,22.5,0.39269908169872414,0.3890614895711746,0.0,0.9392775247198081,55,33.239787173533706,0.014208195595863256,-1.1725017674505208e-09,0.00020187282209030942
31,1.0166666666666666,22.5,0.39269908169872414,0.3890614895711746,0.0,0.9392775247198081,56,33.84801129744537,-7.474410531257368e-07,1.4771782621374589e-09,5.586703099533287e-13
31,1.0166666666666666,22.5,0.39269908169872414,0.3890614895711746,0.0,0.9392775247198081,57,33.87453766276373,-6.227725341703663e-10,2.9226950882394017e-08,8.546025035111894e-16
31,1.0166666666666666,22.5,0.39269908169872414,0.3890614895711746,0.0,0.9392775247198081,58,33.87453766290842,4.793604057921127e-08,-3.697133427685345e-08,3.6647435446226285e-15
31,1.0166666666666666,22.5,0.39269908169872414,0.3890614895711746,0.0,0.9392775247198081,59,34.047525019046134,-0.064106709832334,7.170778072126045e-10,0.00410967024552707
32,1.0166666666666666,45.0,0.7853981633974483,0.7188918942063232,0.0,0.7188918942063234,1,10.601089661427809,1.3640374168303929e-11,1.7553477948733894e-09,3.081431940774322e-18
32,1.0166666666666666,45.0,0.7853981633974483,0.7188918942063232,0.0,0.7188918942063234,2,12.52937925367041,-2.882252231942634e-09,5.865053405414486e-11,8.310817813683131e-18
32,1.0166666666666666,45.0,0.7853981633974483,0.7188918942063232,0.0,0.7188918942063234,3,12.742641025626208,-3.7031515446887715e-11,0.2752863508817891,0.07578257498181151
32,1.0166666666666666,45.0,0.7853981633974483,0.7188918942063232,0.0,0.7188918942063234,4,13.130725291782012,-1.8901489912270185e-10,-1.0463242517258062e-08,1.0951517060704719e-16
32,1.0166666666666666,45.0,0.7853981633974483,0.7188918942063232,0.0,0.7188918942063234,5,13.130725291783854,-1.4906678089055118e-09,7.248299178754564e-09,5.475993150124125e-17
32,1.0166666666666666,45.0,0.7853981633974483,0.7188918942063232,0.0,0.7188918942063234,6,13.134244278463646,-0.16489321144926072,-2.1919836344107493e-11,0.02718977118205061
32,1.0166666666666666,45.0,0.7853981633974483,0.7188918942063232,0.0,0.7188918942063234,7,13.987379164703443,-3.1706990834718683e-10,-0.1372212056705527,0.018829659285680127
32,1.0166666666666666,45.0,0.7853981633974483,0.7188918942063232,0.0,0.7188918942063234,8,13.987379164704198,2.2065815492546885e-09,-0.21062699806607854,0.04436373231432786
32,1.0166666666666666,45.0,0.7853981633974483,0.7188918942063232,0.0,0.7188918942063234,9,14.627113026715655,-1.5732103995406524e-11,-3.02219308757395e-09,9.133898557675889e-18
32,1.0166666666666666,45.0,0.7853981633974483,0.7188918942063232,0.0,0.7188918942063234,10,15.474927381001192,5.983376873575268e-11,-0.25048457613395614,0.06274252288100766
32,1.0166666666666666,45.0,0.7853981633974483,0.7188918942063232,0.0,0.7188918942063234,11,16.694032611807582,-5.661444065587028e-09,-1.6725988631161546e-11,3.2052228666466265e-17
32,1.0166666666666666,45.0,0.7853981633974483,0.7188918942063232,0.0,0.7188918942063234,12,16.966418124622876,-0.12793391528929784,-2.480147230577344e-10,0.016367086681249237
32,1.0166666666666666,45.0,0.7853981633974483,0.7188918942063232,0.0,0.7188918942063234,13,17.036546647825844,6.9781703407683825e-09,6.748002988426844e-11,4.869941485921271e-17
32,1.0166666666666666,45.0,0.7853981633974483,0.7188918942063232,0.0,0.7188918942063234,14,17.03654664784861,4.033850991280302e-08,5.402907058497814e-11,1.6271983011257755e-15
32,1.0166666666666666,45.0,0.7853981633974483,0.7188918942063232,0.0,0.7188918942063234,15,17.05320327059592,0.04821527023032265,5.297962341648464e-12,0.002324712283383037
32,1.0166666666666666,45.0,0.7853981633974483,0.7188918942063232,0.0,0.7188918942063234,16,17.053203270617626,0.15759982402033246,1.100855797422703e-11,0.02483770453123976
32,1.0166666666666666,45.0,0.7853981633974483,0.7188918942063232,0.0,0.7188918942063234,17,17.76622138238341,2.547523223299665e-09,-7.746324689134691e-11,6.495875127870065e-18
32,1.0166666666666666,45.0,0.7853981633974483,0.7188918942063232,0.0,0.7188918942063234,18,18.825760908026602,-4.1299823810076815e-11,1.3525263269036497e-08,1.8293445217219455e-16
32,1.0166666666666666,45.0,0.7853981633974483,0.7188918942063232,0.0,0.7188918942063234,19,18.923821923349376,0.2189938052531557,-1.970886848597248e-12,0.04795828673925709
32,1.0166666666666666,45.0,0.7853981633974483,0.7188918942063232,0.0,0.7188918942063234,20,20.3060660028183,-3.0396378989560267e-11,0.3155396273003994,0.09956525639687497
32,1.0166666666666666,45.0,0.7853981633974483,0.7188918942063232,0.0,0.7188918942063234,21,23.757108846036733,3.3941968927523435e-09,-6.1244771296039105e-12,1.1520610055989776e-17
32,1.0166666666666666,45.0,0.7853981633974483,0.7188918942063232,0.0,0.7188918942063234,22,23.75710884604802,-5.624167125122807e-09,-1.0195093443938472e-09,3.267065515461851e-17
32,1.0166666666666666,45.0,0.7853981633974483,0.7188918942063232,0.0,0.7188918942063234,23,23.84422923633635,-0.021141831105136615,-6.283787799668824e-11,0.0004469770224781221
32,1.0166666666666666,45.0,0.7853981633974483,0.7188918942063232,0.0,0.7188918942063234,24,23.844229236379192,0.14528794652222524,1.382898313370367e-09,0.021108587404644982
32,1.0166666666666666,45.0,0.7853981633974483,0.7188918942063232,0.0,0.7188918942063234,25,24.180005762923916,5.228377434425797e-11,5.5380901988134064e-09,3.0673176643252796e-17
32,1.0166666666666666,45.0,0.7853981633974483,0.7188918942063232,0.0,0.7188918942063234,26,24.18000576292419,7.468667128601761e-11,2.506528794650411e-09,6.288264697279427e-18
32,1.0166666666666666,45.0,0.7853981633974483,0.7188918942063232,0.0,0.7188918942063234,27,25.328884414515628,-2.140798137614231e-11,-7.16151393727721e-09,5.128774017548232e-17
32,1.0166666666666666,45.0,0.7853981633974483,0.7188918942063232,0.0,0.7188918942063234,28,25.91832376952536,-1.714244425609065e-10,0.20160231113149837,0.040643491853561475
32,1.0166666666666666,45.0,0.7853981633974483,0.7188918942063232,0.0,0.7188918942063234,29,26.291932671007505,-0.12590892548617622,-2.0462431629784445e-10,0.015853057517083474
32,1.0166666666666666,45.0,0.7853981633974483,0.7188918942063232,0.0,0.7188918942063234,30,26.43209942982244,0.27921673080179016,3.374571625982586e-11,0.07796198275963935
32,1.0166666666666666,45.0,0.7853981633974483,0.7188918942063232,0.0,0.7188918942063234,31,26.432099429879074,-0.05237211899833186,-5.0338368726627696e-11,0.0027428388483754325
32,1.0166666666666666,45.0,0.7853981633974483,0.7188918942063232,0.0,0.7188918942063234,32,26.518243522671032,2.1620750919728503e-08,-5.242950784223498e-12,4.674568978214738e-16
32,1.0166666666666666,45.0,0.7853981633974483,0.7188918942063232,0.0,0.7188918942063234,33,26.518243522730998,1.6850218338438624e-08,2.986674271703846e-11,2.8393075007537386e-16
32,1.0166666666666666,45.0,0.7853981633974483,0.7188918942063232,0.0,0.7188918942063234,34,26.54608589484942,-6.573622479655808e-10,0.2947479551355632,0.08687635705659597
32,1.0166666666666666,45.0,0.7853981633974483,0.7188918942063232,0.0,0.7188918942063234,35,26.546085894850595,1.3354407841516786e-11,0.24668110987102893,0.060851569967202646
32,1.0166666666666666,45.0,0.7853981633974483,0.7188918942063232,0.0,0.7188918942063234,36,26.692547387677717,-2.6671503874675933e-08,-4.939090147148442e-11,7.113715583980015e-16
32,1.0166666666666666,45.0,0.7853981633974483,0.7188918942063232,0.0,0.7188918942063234,37,28.28123647832734,-1.1273539534293559e-11,1.2856529355508942e-10,1.6656127400537595e-20
32,1.0166666666666666,45.0,0.7853981633974483,0.7188918942063232,0.0,0.7188918942063234,38,28.281236478348614,5.896697345265962e-14,-3.135735626203328e-10,9.832838265151172e-20
32,1.0166666666666666,45.0,0.7853981633974483,0.7188918942063232,0.0,0.7188918942063234,39,28.291774942128974,1.5621821920003358e-11,-0.1267733170706976,0.01607147392110763
32,1.0166666666666666,45.0,0.7853981633974483,0.7188918942063232,0.0,0.7188918942063234,40,28.29177494215093,1.6269670280721095e-11,-0.010538920062185129,0.0001110688360771282
32,1.0166666666666666,45.0,0.7853981633974483,0.7188918942063232,0.0,0.7188918942063234,41,28.48692673989627,-5.060675902018809e-10,4.70022358533775e-08,2.209466279622378e-15
32,1.0166666666666666,45.0,0.7853981633974483,0.7188918942063232,0.0,0.7188918942063234,42,28.48692674002121,2.632716231956849e-12,1.7216807022314477e-08,2.964184509748118e-16
32,1.0166666666666666,45.0,0.7853981633974483,0.7188918942063232,0.0,0.7188918942063234,43,28.53881613874187,-4.800949298297457e-10,-0.14980404076877715,0.022441250630653446
32,1.0166666666666666,45.0,0.7853981633974483,0.7188918942063232,0.0,0.7188918942063234,44,28.538816138886954,6.291228573626702e-12,-0.12900570987399437,0.01664247318009321
32,1.0166666666666666,45.0,0.7853981633974483,0.7188918942063232,0.0,0.7188918942063234,45,29.479812918090055,0.005829133033472271,-1.1334055840343734e-10,3.3978791921917656e-05
32,1.0166666666666666,45.0,0.7853981633974483,0.7188918942063232,0.0,0.7188918942063234,46,29.577235615176054,-3.264501830347702e-11,-6.608399800580759e-08,4.3670958581288025e-15
32,1.0166666666666666,45.0,0.7853981633974483,0.7188918942063232,0.0,0.7188918942063234,47,30.134609682809216,4.132505217557564e-11,0.18188681360972694,0.03308281296509955
32,1.0166666666666666,45.0,0.7853981633974483,0.7188918942063232,0.0,0.7188918942063234,48,30.42285909291524,3.376248033074502e-11,-9.517353400596798e-08,9.058002715090221e-15
32,1.0166666666666666,45.0,0.7853981633974483,0.7188918942063232,0.0,0.7188918942063234,49,30.57781776649785,6.068665612330519e-09,-9.924766651890746e-11,3.68385524135924e-17
32,1.0166666666666666,45.0,0.7853981633974483,0.7188918942063232,0.0,0.7188918942063234,50,30.57781776670913,-1.006307459088084e-07,4.892756004851281e-11,1.012654941606929e-14
32,1.0166666666666666,45.0,0.7853981633974483,0.7188918942063232,0.0,0.7188918942063234,51,31.301447737714017,0.0035324073923318467,-4.9992327684934924e-11,1.2477901985400679e-05
32,1.0166666666666666,45.0,0.7853981633974483,0.7188918942063232,0.0,0.7188918942063234,52,31.30144773792052,0.029638077612499716,-6.260448938277278e-11,0.0008784156445645569
32,1.0166666666666666,45.0,0.7853981633974483,0.7188918942063232,0.0,0.7188918942063234,53,31.79394974414423,-2.714514555320697e-11,0.15854437879710168,0.025136320048158863
32,1.0166666666666666,45.0,0.7853981633974483,0.7188918942063232,0.0,0.7188918942063234,54,32.54435131783464,2.27909145888366e-07,5.770470828093776e-10,5.1942911762900266e-14
32,1.0166666666666666,45.0,0.7853981633974483,0.7188918942063232,0.0,0.7188918942063234,55,33.239787173533706,0.016022158422062425,-2.536111634551871e-09,0.00025670956050167235
32,1.0166666666666666,45.0,0.7853981633974483,0.7188918942063232,0.0,0.7188918942063234,56,33.84801129744537,-5.613981571734098e-07,9.566352521129752e-10,3.1516880602870614e-13
32,1.0166666666666666,45.0,0.7853981633974483,0.7188918942063232,0.0,0.7188918942063234,57,33.87453766276373,-4.709054739591673e-10,5.1072026870671517e-08,2.6085736806439983e-15
32,1.0166666666666666,45.0,0.7853981633974483,0.7188918942063232,0.0,0.7188918942063234,58,33.87453766290842,3.706460317438848e-08,-8.044892092405728e-08,7.84581368632011e-15
32,1.0166666666666666,45.0,0.7853981633974483,0.7188918942063232,0.0,0.7188918942063234,59,34.047525019046134,-0.051941345883961064,9.849744602561017e-10,0.0026979034122372797
33,1.0166666666666666,67.5,1.1780972450961724,0.9392775247198081,0.0,0.38906148957117465,1,10.601089661427809,1.1093926887073892e-11,-1.0945805319984928e-09,1.1982296162438792e-18
33,1.0166666666666666,67.5,1.1780972450961724,0.9392775247198081,0.0,0.38906148957117465,2,12.52937925367041,-8.975439558128105e-09,3.520540413110879e-11,8.055975468209086e-17
33,1.0166666666666666,67.5,1.1780972450961724,0.9392775247198081,0.0,0.38906148957117465,3,12.742641025626208,-3.849221925796536e-11,0.15569800106970252,0.02424186753710109
33,1.0166666666666666,67.5,1.1780972450961724,0.9392775247198081,0.0,0.38906148957117465,4,13.130725291782012,-1.1427865101510797e-10,-1.671814877038347e-08,2.7950955791875213e-16
33,1.0166666666666666,67.5,1.1780972450961724,0.9392775247198081,0.0,0.38906148957117465,5,13.130725291783854,-7.824656289852006e-10,1.9830971268998806e-08,3.938796739323993e-16
33,1.0166666666666666,67.5,1.1780972450961724,0.9392775247198081,0.0,0.38906148957117465,6,13.134244278463646,-0.16872505126230383,-2.0485051581818216e-11,0.028468142923467055
33,1.0166666666666666,67.5,1.1780972450961724,0.9392775247198081,0.0,0.38906148957117465,7,13.987379164703443,-1.8884945764691008e-10,-0.1878613749187688,0.03529189618637022
33,1.0166666666666666,67.5,1.1780972450961724,0.9392775247198081,0.0,0.38906148957117465,8,13.987379164704198,1.1751665039807537e-09,-0.28835687949840444,0.08314968995405733
33,1.0166666666666666,67.5,1.1780972450961724,0.9392775247198081,0.0,0.38906148957117465,9,14.627113026715655,-7.366853741576527e-12,-3.128490851415256e-09,9.787509277923003e-18
33,1.0166666666666666,67.5,1.1780972450961724,0.9392775247198081,0.0,0.38906148957117465,10,15.474927381001192,2.8549243013271997e-11,-0.14179904936170679,0.020106970399883756
33,1.0166666666666666,67.5,1.1780972450961724,0.9392775247198081,0.0,0.38906148957117465,11,16.694032611807582,3.123169229042408e-11,-3.706361613668017e-11,2.3491302444509137e-21
33,1.0166666666666666,67.5,1.1780972450961724,0.9392775247198081,0.0,0.38906148957117465,12,16.966418124622876,-0.027634260379550808,-2.0003592236911627e-10,0.0007636523467248116
33,1.0166666666666666,67.5,1.1780972450961724,0.9392775247198081,0.0,0.38906148957117465,13,17.036546647825844,5.0246575139549575e-09,3.811821081287784e-11,2.524863613053959e-17
33,1.0166666666666666,67.5,1.1780972450961724,0.9392775247198081,0.0,0.38906148957117465,14,17.03654664784861,2.8547454679788092e-08,4.2982488942185464e-11,8.149590161889107e-16
33,1.0166666666666666,67.5,1.1780972450961724,0.9392775247198081,0.0,0.38906148957117465,15,17.05320327059592,0.034928916971767414,1.8131403216259154e-12,0.0012200292408206218
33,1.0166666666666666,67.5,1.1780972450961724,0.9392775247198081,0.0,0.38906148957117465,16,17.053203270617626,0.1141711145527155,1.8688492240041622e-12,0.013035043398209286
33,1.0166666666666666,67.5,1.1780972450961724,0.9392775247198081,0.0,0.38906148957117465,17,17.76622138238341,-1.0726251544103026e-09,-9.631475848786857e-11,1.1598012545763019e-18
33,1.0166666666666666,67.5,1.1780972450961724,0.9392775247198081,0.0,0.38906148957117465,18,18.825760908026602,-4.27274692781426e-11,8.049506273199576e-09,6.479637687891023e-17
33,1.0166666666666666,67.5,1.1780972450961724,0.9392775247198081,0.0,0.38906148957117465,19,18.923821923349376,0.26374015044211757,-7.218719441767628e-11,0.06955886695523081
33,1.0166666666666666,67.5,1.1780972450961724,0.9392775247198081,0.0,0.38906148957117465,20,20.3060660028183,-3.376496209382857e-11,0.1639106303952745,0.026866694756576288
33,1.0166666666666666,67.5,1.1780972450961724,0.9392775247198081,0.0,0.38906148957117465,21,23.757108846036733,3.1726370226964312e-09,-5.3955141224579155e-12,1.0065654789356721e-17
33,1.0166666666666666,67.5,1.1780972450961724,0.9392775247198081,0.0,0.38906148957117465,22,23.75710884604802,-5.0637055287523716e-09,-1.3852965130428903e-09,2.7560160110966124e-17
33,1.0166666666666666,67.5,1.1780972450961724,0.9392775247198081,0.0,0.38906148957117465,23,23.84422923633635,-0.03818517380766353,-9.109987815548181e-11,0.001458107498721473
33,1.0166666666666666,67.5,1.1780972450961724,0.9392775247198081,0.0,0.38906148957117465,24,23.844229236379192,0.262410848231512,1.8955792690524452e-09,0.06885945326958162
33,1.0166666666666666,67.5,1.1780972450961724,0.9392775247198081,0.0,0.38906148957117465,25,24.180005762923916,4.1547292748270137e-11,4.189806367124025e-09,1.755620357152773e-17
33,1.0166666666666666,67.5,1.1780972450961724,0.9392775247198081,0.0,0.38906148957117465,26,24.18000576292419,1.9946919843132556e-11,2.775106250151259e-09,7.701612579239811e-18
33,1.0166666666666666,67.5,1.1780972450961724,0.9392775247198081,0.0,0.38906148957117465,27,25.328884414515628,-4.238426084890217e-12,-1.7650180403589976e-09,3.115306647048393e-18
33,1.0166666666666666,67.5,1.1780972450961724,0.9392775247198081,0.0,0.38906148957117465,28,25.91832376952536,5.000960747729779e-11,0.16630509103025595,0.027657383302581717
33,1.0166666666666666,67.5,1.1780972450961724,0.9392775247198081,0.0,0.38906148957117465,29,26.291932671007505,0.06157863339713634,-1.1254540043228597e-10,0.0037919280910589147
33,1.0166666666666666,67.5,1.1780972450961724,0.9392775247198081,0.0,0.38906148957117465,30,26.43209942982244,0.20801985286911573,2.4952325822055217e-11,0.04327225918768855
33,1.0166666666666666,67.5,1.1780972450961724,0.9392775247198081,0.0,0.38906148957117465,31,26.432099429879074,-0.03901786251488318,-2.4913019490080743e-11,0.0015223935952303259
33,1.0166666666666666,67.5,1.1780972450961724,0.9392775247198081,0.0,0.38906148957117465,32,26.518243522671032,1.1386394034837315e-08,5.727066382649568e-12,1.2965000191586817e-16
33,1.0166666666666666,67.5,1.1780972450961724,0.9392775247198081,0.0,0.38906148957117465,33,26.518243522730998,1.1591233941344692e-08,1.8674324024772606e-11,1.34357053013359e-16
33,1.0166666666666666,67.5,1.1780972450961724,0.9392775247198081,0.0,0.38906148957117465,34,26.54608589484942,-3.6768354656294e-10,0.41904282287354594,0.17559688740183
33,1.0166666666666666,67.5,1.1780972450961724,0.9392775247198081,0.0,0.38906148957117465,35,26.546085894850595,7.373990813181179e-12,0.3507062447664681,0.12299487011819785
33,1.0166666666666666,67.5,1.1780972450961724,0.9392775247198081,0.0,0.38906148957117465,36,26.692547387677717,-1.631239403205591e-08,-5.271858812601418e-11,2.6609697830658723e-16
33,1.0166666666666666,67.5,1.1780972450961724,0.9392775247198081,0.0,0.38906148957117465,37,28.28123647832734,-1.3697159034598955e-11,2.0276611887536098e-09,4.1115975085433214e-18
33,1.0166666666666666,67.5,1.1780972450961724,0.9392775247198081,0.0,0.38906148957117465,38,28.281236478348614,-3.2741124272349445e-12,-6.366035506041148e-10,4.052748004539519e-19
33,1.0166666666666666,67.5,1.1780972450961724,0.9392775247198081,0.0,0.38906148957117465,39,28.291774942128974,7.203627725914138e-12,-0.11711728814456292,0.013716459182336578
33,1.0166666666666666,67.5,1.1780972450961724,0.9392775247198081,0.0,0.38906148957117465,40,28.29177494215093,1.20689021649212e-11,-0.00973619514149745,9.479349583331856e-05
33,1.0166666666666666,67.5,1.1780972450961724,0.9392775247198081,0.0,0.38906148957117465,41,28.48692673989627,-2.2498788208133713e-10,5.858575264711474e-08,3.4323410327759955e-15
33,1.0166666666666666,67.5,1.1780972450961724,0.9392775247198081,0.0,0.38906148957117465,42,28.48692674002121,-1.0070508462947394e-11,1.7756183425171185e-08,3.152821512434646e-16
33,1.0166666666666666,67.5,1.1780972450961724,0.9392775247198081,0.0,0.38906148957117465,43,28.53881613874187,-1.666276034397777e-10,-0.05062012481846731,0.0025623970366372103
33,1.0166666666666666,67.5,1.1780972450961724,0.9392775247198081,0.0,0.38906148957117465,44,28.538816138886954,2.2380415275020316e-12,-0.0435922091569731,0.0019002806991852894
33,1.0166666666666666,67.5,1.1780972450961724,0.9392775247198081,0.0,0.38906148957117465,45,29.479812918090055,-0.052713487166367895,-4.3303644377348215e-10,0.0027787117292388326
33,1.0166666666666666,67.5,1.1780972450961724,0.9392775247198081,0.0,0.38906148957117465,46,29.577235615176054,-2.841622587522832e-11,-3.183762137032495e-08,1.0136349420020646e-15
33,1.0166666666666666,67.5,1.1780972450961724,0.9392775247198081,0.0,0.38906148957117465,47,30.134609682809216,5.7325207267637586e-11,0.07600130813687221,0.005776198838515798
33,1.0166666666666666,67.5,1.1780972450961724,0.9392775247198081,0.0,0.38906148957117465,48,30.42285909291524,4.636996745457531e-11,-3.968110515858048e-08,1.5745922567802043e-15
33,1.0166666666666666,67.5,1.1780972450961724,0.9392775247198081,0.0,0.38906148957117465,49,30.57781776649785,3.591248650312069e-09,-4.991439956769063e-11,1.2899558315652461e-17
33,1.0166666666666666,67.5,1.1780972450961724,0.9392775247198081,0.0,0.38906148957117465,50,30.57781776670913,-6.371605801782726e-08,8.059418982302186e-12,4.059736114285364e-15
33,1.0166666666666666,67.5,1.1780972450961724,0.9392775247198081,0.0,0.38906148957117465,51,31.301447737714017,0.0028321998995990733,-4.407288125324791e-11,8.021356271289002e-06
33,1.0166666666666666,67.5,1.1780972450961724,0.9392775247198081,0.0,0.38906148957117465,52,31.30144773792052,0.023763108317063526,-4.518093913136643e-11,0.0005646853168884937
33,1.0166666666666666,67.5,1.1780972450961724,0.9392775247198081,0.0,0.38906148957117465,53,31.79394974414423,-2.9480551391465964e-11,0.06813694606485057,0.004642643419044356
33,1.0166666666666666,67.5,1.1780972450961724,0.9392775247198081,0.0,0.38906148957117465,54,32.54435131783464,1.4651956819712128e-07,6.762446137709816e-10,2.1468441171448526e-14
33,1.0166666666666666,67.5,1.1780972450961724,0.9392775247198081,0.0,0.38906148957117465,55,33.239787173533706,0.020633271534769165,-3.88408377852593e-09,0.00042573189422753056
33,1.0166666666666666,67.5,1.1780972450961724,0.9392775247198081,0.0,0.38906148957117465,56,33.84801129744537,-3.746945297840622e-07,3.4170200653287125e-10,1.403961074103607e-13
33,1.0166666666666666,67.5,1.1780972450961724,0.9392775247198081,0.0,0.38906148957117465,57,33.87453766276373,-3.3148268157997403e-10,6.540122594752545e-08,4.277430236207463e-15
33,1.0166666666666666,67.5,1.1780972450961724,0.9392775247198081,0.0,0.38906148957117465,58,33.87453766290842,2.6749973465502192e-08,-1.244225642845529e-07,1.6196535583548768e-14
33,1.0166666666666666,67.5,1.1780972450961724,0.9392775247198081,0.0,0.38906148957117465,59,34.047525019046134,-0.03781308299600572,6.400272684033117e-10,0.0014298292456628174
34,1.0166666666666666,90.0,1.5707963267948966,1.0166666666666666,0.0,6.225287895665711e-17,1,10.601089661427809,-4.443248083718579e-14,1.1952444061383855e-14,2.1171062723873925e-27
34,1.0166666666666666,90.0,1.5707963267948966,1.0166666666666666,0.0,6.225287895665711e-17,2,12.52937925367041,-1.1230015202095123e-08,1.8864939264408998e-11,1.2611359732522102e-16
34,1.0166666666666666,90.0,1.5707963267948966,1.0166666666666666,0.0,6.225287895665711e-17,3,12.742641025626208,-4.5745084098864416e-11,2.871989575940457e-16,2.0926127192946614e-21
34,1.0166666666666666,90.0,1.5707963267948966,1.0166666666666666,0.0,6.225287895665711e-17,4,13.130725291782012,-7.648505829782952e-11,-1.948459017668273e-08,3.796551043174239e-16
34,1.0166666666666666,90.0,1.5707963267948966,1.0166666666666666,0.0,6.225287895665711e-17,5,13.130725291783854,-4.458060116932645e-10,2.657525475762086e-08,7.06442908432512e-16
34,1.0166666666666666,90.0,1.5707963267948966,1.0166666666666666,0.0,6.225287895665711e-17,6,13.134244278463646,-0.17029394733851533,-3.525124210490495e-12,0.029000028500133033
34,1.0166666666666666,90.0,1.5707963267948966,1.0166666666666666,0.0,6.225287895665711e-17,7,13.987379164703443,-1.2553674227751124e-10,-0.20731112875726998,0.042977904106613375
34,1.0166666666666666,90.0,1.5707963267948966,1.0166666666666666,0.0,6.225287895665711e-17,8,13.987379164704198,6.770708875974294e-10,-0.3182111864802638,0.10125835920117723
34,1.0166666666666666,90.0,1.5707963267948966,1.0166666666666666,0.0,6.225287895665711e-17,9,14.627113026715655,1.1320850408139439e-13,5.018748171854162e-15,1.2841353229559578e-26
34,1.0166666666666666,90.0,1.5707963267948966,1.0166666666666666,0.0,6.225287895665711e-17,10,15.474927381001192,3.3787453490242638e-12,-1.1249815771158967e-14,1.141604669190798e-23
34,1.0166666666666666,90.0,1.5707963267948966,1.0166666666666666,0.0,6.225287895665711e-17,11,16.694032611807582,2.4854050865365065e-09,-5.003741657410052e-11,6.179742187238949e-18
34,1.0166666666666666,90.0,1.5707963267948966,1.0166666666666666,0.0,6.225287895665711e-17,12,16.966418124622876,0.015351723858904051,-1.313294476112238e-10,0.00023567542544004392
34,1.0166666666666666,90.0,1.5707963267948966,1.0166666666666666,0.0,6.225287895665711e-17,13,17.036546647825844,1.6000774957836538e-15,-1.0009189377332504e-13,1.0020947447123097e-26
34,1.0166666666666666,90.0,1.5707963267948966,1.0166666666666666,0.0,6.225287895665711e-17,14,17.03654664784861,-1.204974882382876e-15,-2.1380732624762898e-13,4.571502472162723e-26
34,1.0166666666666666,90.0,1.5707963267948966,1.0166666666666666,0.0,6.225287895665711e-17,15,17.05320327059592,9.37900892765565e-16,1.3792052222434288e-13,1.9022950108720108e-26
34,1.0166666666666666,90.0,1.5707963267948966,1.0166666666666666,0.0,6.225287895665711e-17,16,17.053203270617626,-3.1620561286665902e-15,6.270879048479342e-13,3.9324923900553264e-25
34,1.0166666666666666,90.0,1.5707963267948966,1.0166666666666666,0.0,6.225287895665711e-17,17,17.76622138238341,-1.7677705030715912e-09,-1.0228675162061347e-10,3.1354751310870838e-18
34,1.0166666666666666,90.0,1.5707963267948966,1.0166666666666666,0.0,6.225287895665711e-17,18,18.825760908026602,-4.883290525291609e-13,2.029669515605197e-14,2.388772193782857e-25
34,1.0166666666666666,90.0,1.5707963267948966,1.0166666666666666,0.0,6.225287895665711e-17,19,18.923821923349376,0.28286202517911224,-1.3736487958971297e-10,0.08001092528842872
34,1.0166666666666666,90.0,1.5707963267948966,1.0166666666666666,0.0,6.225287895665711e-17,20,20.3060660028183,-2.6438916957993235e-11,-2.6810666514199775e-14,6.990170487235012e-22
34,1.0166666666666666,90.0,1.5707963267948966,1.0166666666666666,0.0,6.225287895665711e-17,21,23.757108846036733,2.1680917882470203e-09,-1.1888694189588688e-12,4.700623415674658e-18
34,1.0166666666666666,90.0,1.5707963267948966,1.0166666666666666,0.0,6.225287895665711e-17,22,23.75710884604802,-5.3189372761951625e-09,-1.5513732148109112e-09,3.069785259973116e-17
34,1.0166666666666666,90.0,1.5707963267948966,1.0166666666666666,0.0,6.225287895665711e-17,23,23.84422923633635,-0.04577390349381562,-1.0492658362253029e-10,0.0020952502410611458
34,1.0166666666666666,90.0,1.5707963267948966,1.0166666666666666,0.0,6.225287895665711e-17,24,23.844229236379192,0.314561073623715,2.125933389471552e-09,0.09894866903930424
34,1.0166666666666666,90.0,1.5707963267948966,1.0166666666666666,0.0,6.225287895665711e-17,25,24.180005762923916,3.585627545859888e-11,2.9585283486093307e-09,8.754175662014816e-18
34,1.0166666666666666,90.0,1.5707963267948966,1.0166666666666666,0.0,6.225287895665711e-17,26,24.18000576292419,-1.1655067467510878e-11,2.734222848968922e-09,7.476110428421401e-18
34,1.0166666666666666,90.0,1.5707963267948966,1.0166666666666666,0.0,6.225287895665711e-17,27,25.328884414515628,8.013953369858992e-13,-3.887204894066823e-14,6.437455223315887e-25
34,1.0166666666666666,90.0,1.5707963267948966,1.0166666666666666,0.0,6.225287895665711e-17,28,25.91832376952536,1.6607978277495395e-10,2.68935394600074e-14,2.758249496983836e-20
34,1.0166666666666666,90.0,1.5707963267948966,1.0166666666666666,0.0,6.225287895665711e-17,29,26.291932671007505,0.14461378139789496,1.1927645260149394e-10,0.020913145770198153
34,1.0166666666666666,90.0,1.5707963267948966,1.0166666666666666,0.0,6.225287895665711e-17,30,26.43209942982244,-1.1748952628180203e-13,2.27665785578585e-11,5.183309030199283e-22
34,1.0166666666666666,90.0,1.5707963267948966,1.0166666666666666,0.0,6.225287895665711e-17,31,26.432099429879074,-2.990204449254572e-14,-1.2200635572581399e-12,1.4894492160142205e-24
34,1.0166666666666666,90.0,1.5707963267948966,1.0166666666666666,0.0,6.225287895665711e-17,32,26.518243522671032,4.033676175166401e-15,1.549046406511351e-13,2.4011718238743404e-26
34,1.0166666666666666,90.0,1.5707963267948966,1.0166666666666666,0.0,6.225287895665711e-17,33,26.518243522730998,-5.3664458931981535e-15,-3.2265561097486076e-13,1.041354420350853e-25
34,1.0166666666666666,90.0,1.5707963267948966,1.0166666666666666,0.0,6.225287895665711e-17,34,26.54608589484942,-2.4005077688380314e-10,0.4683682746944953,0.21936884074029822
34,1.0166666666666666,90.0,1.5707963267948966,1.0166666666666666,0.0,6.225287895665711e-17,35,26.546085894850595,7.517786286272279e-12,0.39198781053427273,0.1536544436074529
34,1.0166666666666666,90.0,1.5707963267948966,1.0166666666666666,0.0,6.225287895665711e-17,36,26.692547387677717,-1.4745992137114157e-08,-6.226028131489601e-11,2.1744816045046198e-16
34,1.0166666666666666,90.0,1.5707963267948966,1.0166666666666666,0.0,6.225287895665711e-17,37,28.28123647832734,-1.6969286082363177e-12,1.177467644112736e-14,2.8797053444561394e-24
34,1.0166666666666666,90.0,1.5707963267948966,1.0166666666666666,0.0,6.225287895665711e-17,38,28.281236478348614,2.943039798726824e-13,1.875325543595481e-15,8.661834941479469e-26
34,1.0166666666666666,90.0,1.5707963267948966,1.0166666666666666,0.0,6.225287895665711e-17,39,28.291774942128974,1.5667193219520733e-12,-1.245732000450463e-14,2.454764618599659e-24
34,1.0166666666666666,90.0,1.5707963267948966,1.0166666666666666,0.0,6.225287895665711e-17,40,28.29177494215093,2.8195434664606985e-13,-8.299591130047405e-15,7.956713680553808e-26
34,1.0166666666666666,90.0,1.5707963267948966,1.0166666666666666,0.0,6.225287895665711e-17,41,28.48692673989627,-1.5520521034275552e-11,6.299048933061365e-08,3.9678019869967244e-15
34,1.0166666666666666,90.0,1.5707963267948966,1.0166666666666666,0.0,6.225287895665711e-17,42,28.48692674002121,-2.1151940768848383e-11,1.75310872609375e-08,3.073394679552034e-16
34,1.0166666666666666,90.0,1.5707963267948966,1.0166666666666666,0.0,6.225287895665711e-17,43,28.53881613874187,7.292342576818759e-11,0.010311028505667761,0.00010631730884469314
34,1.0166666666666666,90.0,1.5707963267948966,1.0166666666666666,0.0,6.225287895665711e-17,44,28.538816138886954,-3.8795618586795596e-13,0.008879436484552248,7.884439228319759e-05
34,1.0166666666666666,90.0,1.5707963267948966,1.0166666666666666,0.0,6.225287895665711e-17,45,29.479812918090055,-0.07956947294284293,-6.614734048653838e-10,0.006331301024401814
34,1.0166666666666666,90.0,1.5707963267948966,1.0166666666666666,0.0,6.225287895665711e-17,46,29.577235615176054,-5.925149125815578e-12,2.22414896736119e-13,3.5156860549443243e-23
34,1.0166666666666666,90.0,1.5707963267948966,1.0166666666666666,0.0,6.225287895665711e-17,47,30.134609682809216,7.070295011878348e-12,4.758422112901741e-13,5.0215497365037373e-23
34,1.0166666666666666,90.0,1.5707963267948966,1.0166666666666666,0.0,6.225287895665711e-17,48,30.42285909291524,-5.954088011192792e-12,4.069989289380018e-13,3.561681217318642e-23
34,1.0166666666666666,90.0,1.5707963267948966,1.0166666666666666,0.0,6.225287895665711e-17,49,30.57781776649785,2.714779393374804e-15,2.7361555128292352e-14,7.560247261932739e-28
34,1.0166666666666666,90.0,1.5707963267948966,1.0166666666666666,0.0,6.225287895665711e-17,50,30.57781776670913,-4.1995686400095815e-15,-3.596286670913619e-13,1.2935041457067175e-25
34,1.0166666666666666,90.0,1.5707963267948966,1.0166666666666666,0.0,6.225287895665711e-17,51,31.301447737714017,-7.399855428859127e-15,-1.0706359637969484e-13,1.1517371530122223e-26
34,1.0166666666666666,90.0,1.5707963267948966,1.0166666666666666,0.0,6.225287895665711e-17,52,31.30144773792052,-1.1076673681542569e-13,-1.2854414011034808e-12,1.6646288656556174e-24
34,1.0166666666666666,90.0,1.5707963267948966,1.0166666666666666,0.0,6.225287895665711e-17,53,31.79394974414423,1.939507939806642e-11,-3.491484500813544e-13,3.7629100949749465e-22
34,1.0166666666666666,90.0,1.5707963267948966,1.0166666666666666,0.0,6.225287895665711e-17,54,32.54435131783464,1.047245034039583e-07,6.254365926364781e-10,1.0967612784137082e-14
34,1.0166666666666666,90.0,1.5707963267948966,1.0166666666666666,0.0,6.225287895665711e-17,55,33.239787173533706,0.023375049229108547,-4.46201195077983e-09,0.000546392926463268
34,1.0166666666666666,90.0,1.5707963267948966,1.0166666666666666,0.0,6.225287895665711e-17,56,33.84801129744537,-2.96716169900367e-07,3.8913228115330944e-10,8.804063690427571e-14
34,1.0166666666666666,90.0,1.5707963267948966,1.0166666666666666,0.0,6.225287895665711e-17,57,33.87453766276373,-2.7779816646821023e-10,7.102356549314146e-08,5.044424027179847e-15
34,1.0166666666666666,90.0,1.5707963267948966,1.0166666666666666,0.0,6.225287895665711e-17,58,33.87453766290842,2.2615594811911797e-08,-1.4446339803360098e-07,2.1381138500111197e-14
34,1.0166666666666666,90.0,1.5707963267948966,1.0166666666666666,0.0,6.225287895665711e-17,59,34.047525019046134,-0.03135483549943781,3.552804345527135e-10,0.0009831257091968055
35,1.1777777777777778,0.0,0.0,0.0,0.0,1.1777777777777778,1,10.601089661427809,-3.671126540317955e-13,1.177032057294956e-08,1.3854044652477137e-16
35,1.1777777777777778,0.0,0.0,0.0,0.0,1.1777777777777778,2,12.52937925367041,8.427270608581412e-09,-2.537944626290052e-13,7.101888997467174e-17
35,1.1777777777777778,0.0,0.0,0.0,0.0,1.1777777777777778,3,12.742641025626208,-6.037815287500871e-11,0.31724557290139505,0.10064475352553436
35,1.1777777777777778,0.0,0.0,0.0,0.0,1.1777777777777778,4,13.130725291782012,-3.239821893866684e-10,2.0381932654792997e-14,1.0496445945520225e-19
35,1.1777777777777778,0.0,0.0,0.0,0.0,1.1777777777777778,5,13.130725291783854,-2.8826136844915875e-09,1.1910779975220155e-13,8.309461668204834e-18
35,1.1777777777777778,0.0,0.0,0.0,0.0,1.1777777777777778,6,13.134244278463646,-0.15198096277591075,-5.0071059105810894e-11,0.023098213046292768
35,1.1777777777777778,0.0,0.0,0.0,0.0,1.1777777777777778,7,13.987379164703443,-5.688440853941171e-10,2.1812392481694706e-14,3.2358359396365008e-19
35,1.1777777777777778,0.0,0.0,0.0,0.0,1.1777777777777778,8,13.987379164704198,4.1661667687848905e-09,-1.484649441190184e-13,1.7356945567369374e-17
35,1.1777777777777778,0.0,0.0,0.0,0.0,1.1777777777777778,9,14.627113026715655,1.7354812450778039e-13,1.4829690374908024e-09,2.1991971962753484e-18
35,1.1777777777777778,0.0,0.0,0.0,0.0,1.1777777777777778,10,15.474927381001192,9.128843161165553e-11,-0.30341210638095334,0.09205890629852695
35,1.1777777777777778,0.0,0.0,0.0,0.0,1.1777777777777778,11,16.694032611807582,-1.6897883491803945e-08,-3.355653752022662e-13,2.855384666151844e-16
35,1.1777777777777778,0.0,0.0,0.0,0.0,1.1777777777777778,12,16.966418124622876,-0.24664689494001488,-1.647533761493217e-10,0.060834690783550735
35,1.1777777777777778,0.0,0.0,0.0,0.0,1.1777777777777778,13,17.036546647825844,-4.144136311767031e-14,1.1450639888935322e-10,1.3111717103994248e-20
35,1.1777777777777778,0.0,0.0,0.0,0.0,1.1777777777777778,14,17.03654664784861,-1.2854433731714004e-14,7.268324088550323e-11,5.282853670856554e-21
35,1.1777777777777778,0.0,0.0,0.0,0.0,1.1777777777777778,15,17.05320327059592,-1.06575988717356e-14,1.5576326969715788e-13,2.4375780600460362e-26
35,1.1777777777777778,0.0,0.0,0.0,0.0,1.1777777777777778,16,17.053203270617626,2.7315520796410158e-14,6.778213936942686e-14,5.3405560938755224e-27
35,1.1777777777777778,0.0,0.0,0.0,0.0,1.1777777777777778,17,17.76622138238341,1.5690190593947623e-08,3.166616684498584e-13,2.461820809746771e-16
35,1.1777777777777778,0.0,0.0,0.0,0.0,1.1777777777777778,18,18.825760908026602,7.258912782007335e-13,1.881887797845334e-08,3.5415016889483424e-16
35,1.1777777777777778,0.0,0.0,0.0,0.0,1.1777777777777778,19,18.923821923349376,0.17262490404431513,8.861858957107706e-11,0.029799357496309006
35,1.1777777777777778,0.0,0.0,0.0,0.0,1.1777777777777778,20,20.3060660028183,-3.024220533373513e-11,0.46809336844187766,0.21911140157926343
35,1.1777777777777778,0.0,0.0,0.0,0.0,1.1777777777777778,21,23.757108846036733,-1.5947631930098467e-09,-1.595598840410197e-14,2.543269642033555e-18
35,1.1777777777777778,0.0,0.0,0.0,0.0,1.1777777777777778,22,23.75710884604802,-1.208443518329831e-08,3.368452534974035e-14,1.460335737004727e-16
35,1.1777777777777778,0.0,0.0,0.0,0.0,1.1777777777777778,23,23.84422923633635,1.1398463369584302e-09,5.044247533242546e-13,1.2992499263218831e-18
35,1.1777777777777778,0.0,0.0,0.0,0.0,1.1777777777777778,24,23.844229236379192,1.6851609965382212e-08,-3.3062578939184527e-12,2.8397676935671033e-16
35,1.1777777777777778,0.0,0.0,0.0,0.0,1.1777777777777778,25,24.180005762923916,6.454153058273483e-11,3.652751386376804e-15,4.165609183304688e-21
35,1.1777777777777778,0.0,0.0,0.0,0.0,1.1777777777777778,26,24.18000576292419,1.0468669524319994e-10,1.0183763357700022e-14,1.0959304264651658e-20
35,1.1777777777777778,0.0,0.0,0.0,0.0,1.1777777777777778,27,25.328884414515628,5.544422260456403e-13,-2.527538534461088e-08,6.388451046259767e-16
35,1.1777777777777778,0.0,0.0,0.0,0.0,1.1777777777777778,28,25.91832376952536,-4.517121166729851e-10,0.09317283760078521,0.008681177666582295
35,1.1777777777777778,0.0,0.0,0.0,0.0,1.1777777777777778,29,26.291932671007505,-0.3958421717524603,-1.5135787755916524e-10,0.15669102493770426
35,1.1777777777777778,0.0,0.0,0.0,0.0,1.1777777777777778,30,26.43209942982244,3.325961938695577e-13,6.713620609223937e-11,4.507380788687815e-21
35,1.1777777777777778,0.0,0.0,0.0,0.0,1.1777777777777778,31,26.432099429879074,8.38788817877095e-14,-8.425205260459612e-11,7.098415403754441e-21
35,1.1777777777777778,0.0,0.0,0.0,0.0,1.1777777777777778,32,26.518243522671032,-4.8698194937368215e-15,-1.0557896726848552e-11,1.1146920700994127e-22
35,1.1777777777777778,0.0,0.0,0.0,0.0,1.1777777777777778,33,26.518243522730998,2.5685711575552227e-14,1.3209948059293724e-11,1.745033874850172e-22
35,1.1777777777777778,0.0,0.0,0.0,0.0,1.1777777777777778,34,26.54608589484942,-1.338964112578189e-09,4.838131607827505e-14,1.792824897113049e-18
35,1.1777777777777778,0.0,0.0,0.0,0.0,1.1777777777777778,35,26.546085894850595,2.257048159341706e-11,6.130936758402612e-15,5.094266769471638e-22
35,1.1777777777777778,0.0,0.0,0.0,0.0,1.1777777777777778,36,26.692547387677717,-7.422525515569292e-08,2.0502080724162203e-12,5.509388507131071e-15
35,1.1777777777777778,0.0,0.0,0.0,0.0,1.1777777777777778,37,28.28123647832734,-4.6819760158359765e-12,1.1380991569494357e-09,1.2952916119484292e-18
35,1.1777777777777778,0.0,0.0,0.0,0.0,1.1777777777777778,38,28.281236478348614,8.031406490270356e-13,2.995479635850242e-10,8.972962752283712e-20
35,1.1777777777777778,0.0,0.0,0.0,0.0,1.1777777777777778,39,28.291774942128974,4.120410133642687e-12,-1.137792144649292e-09,1.2945879422053046e-18
35,1.1777777777777778,0.0,0.0,0.0,0.0,1.1777777777777778,40,28.29177494215093,7.574855887850385e-13,6.529193526934234e-11,4.263610595633207e-21
35,1.1777777777777778,0.0,0.0,0.0,0.0,1.1777777777777778,41,28.48692673989627,-4.662171268933659e-10,-1.6313125705316788e-14,2.1735840967482294e-19
35,1.1777777777777778,0.0,0.0,0.0,0.0,1.1777777777777778,42,28.48692674002121,2.6731665984808703e-12,-8.459882585406568e-16,7.145820378929921e-24
35,1.1777777777777778,0.0,0.0,0.0,0.0,1.1777777777777778,43,28.53881613874187,-4.084654533967009e-10,-6.695235032404488e-15,1.6684402666339859e-19
35,1.1777777777777778,0.0,0.0,0.0,0.0,1.1777777777777778,44,28.538816138886954,2.3331173352597575e-12,-8.745960092681069e-14,5.451085681883868e-24
35,1.1777777777777778,0.0,0.0,0.0,0.0,1.1777777777777778,45,29.479812918090055,0.06861210052412647,-1.6256269971182158e-11,0.004707620338332837
35,1.1777777777777778,0.0,0.0,0.0,0.0,1.1777777777777778,46,29.577235615176054,-1.3548415660571216e-11,-1.262812291635233e-07,1.594694902260986e-14
35,1.1777777777777778,0.0,0.0,0.0,0.0,1.1777777777777778,47,30.134609682809216,-4.691802615332818e-11,0.39305001458694305,0.15448831396679616
35,1.1777777777777778,0.0,0.0,0.0,0.0,1.1777777777777778,48,30.42285909291524,-1.7335098132616852e-11,-1.987816836199894e-07,3.9514158043303184e-14
35,1.1777777777777778,0.0,0.0,0.0,0.0,1.1777777777777778,49,30.57781776649785,7.825615134741594e-15,-9.905450337435061e-11,9.811794699979489e-21
35,1.1777777777777778,0.0,0.0,0.0,0.0,1.1777777777777778,50,30.57781776670913,1.2332680368053684e-14,8.584753894752781e-11,7.369800095442309e-21
35,1.1777777777777778,0.0,0.0,0.0,0.0,1.1777777777777778,51,31.301447737714017,-1.7000133614102304e-14,-7.595527722252347e-12,5.769233038404684e-23
35,1.1777777777777778,0.0,0.0,0.0,0.0,1.1777777777777778,52,31.30144773792052,-3.880861450436564e-13,-7.0450482851632e-12,4.97833161962558e-23
35,1.1777777777777778,0.0,0.0,0.0,0.0,1.1777777777777778,53,31.79394974414423,4.656801223032118e-11,0.335805580463924,0.11276538787071294
35,1.1777777777777778,0.0,0.0,0.0,0.0,1.1777777777777778,54,32.54435131783464,3.7310701210347545e-07,-2.0651273644226216e-12,1.3920884248504771e-13
35,1.1777777777777778,0.0,0.0,0.0,0.0,1.1777777777777778,55,33.239787173533706,0.024528418161092167,-1.001808976131784e-10,0.000601643297485396
35,1.1777777777777778,0.0,0.0,0.0,0.0,1.1777777777777778,56,33.84801129744537,-1.064964448970947e-06,1.5554318810967864e-10,1.1341493017656762e-12
35,1.1777777777777778,0.0,0.0,0.0,0.0,1.1777777777777778,57,33.87453766276373,-7.93593586004531e-10,-3.8899371215100396e-13,6.29790931063639e-19
35,1.1777777777777778,0.0,0.0,0.0,0.0,1.1777777777777778,58,33.87453766290842,6.142827688370301e-08,2.7753018301780372e-11,3.773433971130906e-15
35,1.1777777777777778,0.0,0.0,0.0,0.0,1.1777777777777778,59,34.047525019046134,-0.0810286405211731,-7.298052960415689e-11,0.006565640584709496
36,1.1777777777777778,22.5,0.39269908169872414,0.450716042563328,0.0,1.0881247827355156,1,10.601089661427809,1.1067477447077679e-11,9.046969954034356e-09,8.184778783825745e-17
36,1.1777777777777778,22.5,0.39269908169872414,0.450716042563328,0.0,1.0881247827355156,2,12.52937925367041,4.776554626398596e-09,4.673484011984002e-11,2.2817658244250864e-17
36,1.1777777777777778,22.5,0.39269908169872414,0.450716042563328,0.0,1.0881247827355156,3,12.742641025626208,-4.1802641174389525e-11,0.3009153484324999,0.09055004692225281
36,1.1777777777777778,22.5,0.39269908169872414,0.450716042563328,0.0,1.0881247827355156,4,13.130725291782012,-3.0766653756026684e-10,-5.311861409547971e-09,2.831053033257928e-17
36,1.1777777777777778,22.5,0.39269908169872414,0.450716042563328,0.0,1.0881247827355156,5,13.130725291783854,-2.6543367267347933e-09,-1.4387138030780285e-09,9.11540086606042e-18
36,1.1777777777777778,22.5,0.39269908169872414,0.450716042563328,0.0,1.0881247827355156,6,13.134244278463646,-0.15470809269362243,-1.7307162750968795e-11,0.02393459394489847
36,1.1777777777777778,22.5,0.39269908169872414,0.450716042563328,0.0,1.0881247827355156,7,13.987379164703443,-5.331030858911641e-10,-0.05873039480224339,0.003449259273627378
36,1.1777777777777778,22.5,0.39269908169872414,0.450716042563328,0.0,1.0881247827355156,8,13.987379164704198,3.860035907181368e-09,-0.09014791666575941,0.008126646879176719
36,1.1777777777777778,22.5,0.39269908169872414,0.450716042563328,0.0,1.0881247827355156,9,14.627113026715655,-1.9028117640078177e-11,1.456943560353317e-11,5.743377147301543e-22
36,1.1777777777777778,22.5,0.39269908169872414,0.450716042563328,0.0,1.0881247827355156,10,15.474927381001192,8.290567593666409e-11,-0.2876048957049154,0.08271657603343525
36,1.1777777777777778,22.5,0.39269908169872414,0.450716042563328,0.0,1.0881247827355156,11,16.694032611807582,-1.4159881963244945e-08,-8.335734681633288e-12,2.005023266975022e-16
36,1.1777777777777778,22.5,0.39269908169872414,0.450716042563328,0.0,1.0881247827355156,12,16.966418124622876,-0.21299494803777125,-2.5255452218747085e-10,0.04536684788961287
36,1.1777777777777778,22.5,0.39269908169872414,0.450716042563328,0.0,1.0881247827355156,13,17.036546647825844,6.303104092046337e-09,1.0029441364786355e-10,3.973918016458025e-17
36,1.1777777777777778,22.5,0.39269908169872414,0.450716042563328,0.0,1.0881247827355156,14,17.03654664784861,3.696182440192637e-08,5.883435373222103e-11,1.3661799246000188e-15
36,1.1777777777777778,22.5,0.39269908169872414,0.450716042563328,0.0,1.0881247827355156,15,17.05320327059592,0.03019438491132266,6.106059570037508e-12,0.0009117008801731096
36,1.1777777777777778,22.5,0.39269908169872414,0.450716042563328,0.0,1.0881247827355156,16,17.053203270617626,0.09869549577760121,1.0352694933623609e-11,0.0097408008867865
36,1.1777777777777778,22.5,0.39269908169872414,0.450716042563328,0.0,1.0881247827355156,17,17.76622138238341,1.1641177230699652e-08,-5.22303520888024e-11,1.3551973532623932e-16
36,1.1777777777777778,22.5,0.39269908169872414,0.450716042563328,0.0,1.0881247827355156,18,18.825760908026602,-1.288975769297302e-11,1.8606742375094104e-08,3.4621102795897596e-16
36,1.1777777777777778,22.5,0.39269908169872414,0.450716042563328,0.0,1.0881247827355156,19,18.923821923349376,0.19069460042004244,2.3535570513165684e-11,0.03636443062935965
36,1.1777777777777778,22.5,0.39269908169872414,0.450716042563328,0.0,1.0881247827355156,20,20.3060660028183,-2.7673797364111307e-11,0.42852433171721577,0.18363310287368637
36,1.1777777777777778,22.5,0.39269908169872414,0.450716042563328,0.0,1.0881247827355156,21,23.757108846036733,1.347462391050465e-09,-1.621140035323306e-12,1.8156575233904502e-18
36,1.1777777777777778,22.5,0.39269908169872414,0.450716042563328,0.0,1.0881247827355156,22,23.75710884604802,-1.0662074824678802e-08,-7.130029485407359e-10,1.1418821277167728e-16
36,1.1777777777777778,22.5,0.39269908169872414,0.450716042563328,0.0,1.0881247827355156,23,23.84422923633635,-0.00584992037217431,-3.361449212498922e-11,3.422156836078002e-05
36,1.1777777777777778,22.5,0.39269908169872414,0.450716042563328,0.0,1.0881247827355156,24,23.844229236379192,0.04020101467570385,9.425001091376548e-10,0.001616121580956157
36,1.1777777777777778,22.5,0.39269908169872414,0.450716042563328,0.0,1.0881247827355156,25,24.180005762923916,6.293620378530323e-11,4.246380951261169e-09,1.8035712148980613e-17
36,1.1777777777777778,22.5,0.39269908169872414,0.450716042563328,0.0,1.0881247827355156,26,24.18000576292419,1.0753197249968757e-10,1.4516579029080894e-09,2.1188737921851855e-18
36,1.1777777777777778,22.5,0.39269908169872414,0.450716042563328,0.0,1.0881247827355156,27,25.328884414515628,-1.4628603329656862e-11,-1.983063467834389e-08,3.9325428574197067e-16
36,1.1777777777777778,22.5,0.39269908169872414,0.450716042563328,0.0,1.0881247827355156,28,25.91832376952536,-3.8966390795336483e-10,0.14312282316068192,0.02048414250948383
36,1.1777777777777778,22.5,0.39269908169872414,0.450716042563328,0.0,1.0881247827355156,29,26.291932671007505,-0.32647449774122894,-1.5766259508596087e-10,0.10658559767538771
36,1.1777777777777778,22.5,0.39269908169872414,0.450716042563328,0.0,1.0881247827355156,30,26.43209942982244,0.20123633856144224,5.680023668192221e-11,0.0404960639576154
36,1.1777777777777778,22.5,0.39269908169872414,0.450716042563328,0.0,1.0881247827355156,31,26.432099429879074,-0.0377454996616079,-7.567174996384758e-11,0.0014247227447044422
36,1.1777777777777778,22.5,0.39269908169872414,0.450716042563328,0.0,1.0881247827355156,32,26.518243522671032,2.7132160162502413e-08,-7.79106882470959e-12,7.361541757844364e-16
36,1.1777777777777778,22.5,0.39269908169872414,0.450716042563328,0.0,1.0881247827355156,33,26.518243522730998,1.600396660331413e-08,1.6376309917589942e-11,2.5612721522352057e-16
36,1.1777777777777778,22.5,0.39269908169872414,0.450716042563328,0.0,1.0881247827355156,34,26.54608589484942,-1.2039427792148516e-09,0.1437187986831955,0.020655093094940877
36,1.1777777777777778,22.5,0.39269908169872414,0.450716042563328,0.0,1.0881247827355156,35,26.546085894850595,1.863298046675188e-11,0.12028145386021472,0.014467628142726962
36,1.1777777777777778,22.5,0.39269908169872414,0.450716042563328,0.0,1.0881247827355156,36,26.692547387677717,-6.060614680231576e-08,-6.556845681430224e-11,3.673109329446377e-15
36,1.1777777777777778,22.5,0.39269908169872414,0.450716042563328,0.0,1.0881247827355156,37,28.28123647832734,-1.4220046488809413e-11,-1.9380744674378885e-10,3.776353613549045e-20
36,1.1777777777777778,22.5,0.39269908169872414,0.450716042563328,0.0,1.0881247827355156,38,28.281236478348614,1.0622239349317178e-11,9.564793132343699e-11,9.261358735247101e-21
36,1.1777777777777778,22.5,0.39269908169872414,0.450716042563328,0.0,1.0881247827355156,39,28.291774942128974,1.560827104226531e-11,-0.056249121389261664,0.003163963657063894
36,1.1777777777777778,22.5,0.39269908169872414,0.450716042563328,0.0,1.0881247827355156,40,28.29177494215093,1.2632727855075891e-11,-0.004676102175649017,2.1865931557109468e-05
36,1.1777777777777778,22.5,0.39269908169872414,0.450716042563328,0.0,1.0881247827355156,41,28.48692673989627,-6.281124540673293e-10,3.431352720087823e-08,1.1778126742203644e-15
36,1.1777777777777778,22.5,0.39269908169872414,0.450716042563328,0.0,1.0881247827355156,42,28.48692674002121,2.3348111888839827e-12,1.3466979364539476e-08,1.8135953865627535e-16
36,1.1777777777777778,22.5,0.39269908169872414,0.450716042563328,0.0,1.0881247827355156,43,28.53881613874187,-5.873569843253537e-10,-0.16202234960821274,0.026251241772565916
36,1.1777777777777778,22.5,0.39269908169872414,0.450716042563328,0.0,1.0881247827355156,44,28.538816138886954,6.396940253685447e-12,-0.13952765665076566,0.019467966970453953
36,1.1777777777777778,22.5,0.39269908169872414,0.450716042563328,0.0,1.0881247827355156,45,29.479812918090055,0.051276461457012666,1.98698294142079e-12,0.0026292754995525056
36,1.1777777777777778,22.5,0.39269908169872414,0.450716042563328,0.0,1.0881247827355156,46,29.577235615176054,-2.334030204254435e-11,-1.1129265161926632e-07,1.2386054849217082e-14
36,1.1777777777777778,22.5,0.39269908169872414,0.450716042563328,0.0,1.0881247827355156,47,30.134609682809216,-1.851141314458855e-11,0.34100362768510184,0.11628347409439956
36,1.1777777777777778,22.5,0.39269908169872414,0.450716042563328,0.0,1.0881247827355156,48,30.42285909291524,-1.1956216713210075e-11,-1.717835212578922e-07,2.950957831871183e-14
36,1.1777777777777778,22.5,0.39269908169872414,0.450716042563328,0.0,1.0881247827355156,49,30.57781776649785,7.042881531605743e-09,-9.278925938220082e-11,4.9610790114889955e-17
36,1.1777777777777778,22.5,0.39269908169872414,0.450716042563328,0.0,1.0881247827355156,50,30.57781776670913,-1.0688817391427961e-07,6.524210931225867e-11,1.1425085979262112e-14
36,1.1777777777777778,22.5,0.39269908169872414,0.450716042563328,0.0,1.0881247827355156,51,31.301447737714017,0.0017858634585294813,-1.853188906578908e-11,3.189308292510881e-06
36,1.1777777777777778,22.5,0.39269908169872414,0.450716042563328,0.0,1.0881247827355156,52,31.30144773792052,0.01498399602605678,-3.4301001152836155e-11,0.00022452013690888535
36,1.1777777777777778,22.5,0.39269908169872414,0.450716042563328,0.0,1.0881247827355156,53,31.79394974414423,2.90490367232223e-11,0.29259325727068797,0.085610814200271
36,1.1777777777777778,22.5,0.39269908169872414,0.450716042563328,0.0,1.0881247827355156,54,32.54435131783464,3.570553513418415e-07,1.7159882126682201e-10,1.2748855336800134e-13
36,1.1777777777777778,22.5,0.39269908169872414,0.450716042563328,0.0,1.0881247827355156,55,33.239787173533706,0.023086778277378598,-1.1714546695873041e-09,0.0005329993312288417
36,1.1777777777777778,22.5,0.39269908169872414,0.450716042563328,0.0,1.0881247827355156,56,33.84801129744537,-9.667896230255158e-07,3.0939873545202897e-09,9.346917479475687e-13
36,1.1777777777777778,22.5,0.39269908169872414,0.450716042563328,0.0,1.0881247827355156,57,33.87453766276373,-7.317371002020299e-10,2.8673991167104453e-08,8.227332086349963e-16
36,1.1777777777777778,22.5,0.39269908169872414,0.450716042563328,0.0,1.0881247827355156,58,33.87453766290842,5.699981182158256e-08,-4.809759004926702e-08,5.5623567162431735e-15
36,1.1777777777777778,22.5,0.39269908169872414,0.450716042563328,0.0,1.0881247827355156,59,34.047525019046134,-0.0766424700196948,9.311094071554956e-10,0.005874068210719818
37,1.1777777777777778,45.0,0.7853981633974483,0.8328146533974893,0.0,0.8328146533974894,1,10.601089661427809,2.028107988199745e-11,2.50809990898874e-09,6.2909764756705064e-18
37,1.1777777777777778,45.0,0.7853981633974483,0.8328146533974893,0.0,0.8328146533974894,2,12.52937925367041,-3.176829327195936e-09,5.483608877722059e-11,1.0095251570764568e-17
37,1.1777777777777778,45.0,0.7853981633974483,0.8328146533974893,0.0,0.8328146533974894,3,12.742641025626208,-3.494725226814242e-11,0.24507408146415466,0.060061305405499116
37,1.1777777777777778,45.0,0.7853981633974483,0.8328146533974893,0.0,0.8328146533974894,4,13.130725291782012,-2.443076660852741e-10,-1.2729599817336235e-08,1.6210239774523474e-16
37,1.1777777777777778,45.0,0.7853981633974483,0.8328146533974893,0.0,0.8328146533974894,5,13.130725291783854,-1.9546909337569412e-09,6.580335337985665e-09,4.71216298068545e-17
37,1.1777777777777778,45.0,0.7853981633974483,0.8328146533974893,0.0,0.8328146533974894,6,13.134244278463646,-0.16129676493167902,-1.1527629169203548e-11,0.026016646377425318
37,1.1777777777777778,45.0,0.7853981633974483,0.8328146533974893,0.0,0.8328146533974894,7,13.987379164703443,-4.151715000115039e-10,-0.11598407865504394,0.01345230650145942
37,1.1777777777777778,45.0,0.7853981633974483,0.8328146533974893,0.0,0.8328146533974894,8,13.987379164704198,2.873386733126338e-09,-0.1780291716516829,0.03169438595898438
37,1.1777777777777778,45.0,0.7853981633974483,0.8328146533974893,0.0,0.8328146533974894,9,14.627113026715655,-2.1911481852950792e-11,-3.0918996204337516e-09,9.56032337587537e-18
37,1.1777777777777778,45.0,0.7853981633974483,0.8328146533974893,0.0,0.8328146533974894,10,15.474927381001192,6.325404861535818e-11,-0.23381162407094305,0.054667875550692
37,1.1777777777777778,45.0,0.7853981633974483,0.8328146533974893,0.0,0.8328146533974894,11,16.694032611807582,-7.229315108560588e-09,-1.3526549241549853e-11,5.226317990639677e-17
37,1.1777777777777778,45.0,0.7853981633974483,0.8328146533974893,0.0,0.8328146533974894,12,16.966418124622876,-0.1274204486562933,-2.6596782412178854e-10,0.016235970735771075
37,1.1777777777777778,45.0,0.7853981633974483,0.8328146533974893,0.0,0.8328146533974894,13,17.036546647825844,9.415938891472403e-09,7.248618245541514e-11,8.866515945458951e-17
37,1.1777777777777778,45.0,0.7853981633974483,0.8328146533974893,0.0,0.8328146533974894,14,17.03654664784861,5.3647880304220644e-08,4.5945576893267974e-11,2.8780971721320213e-15
37,1.1777777777777778,45.0,0.7853981633974483,0.8328146533974893,0.0,0.8328146533974894,15,17.05320327059592,0.044281077256522305,8.036317660237256e-12,0.001960813802998097
37,1.1777777777777778,45.0,0.7853981633974483,0.8328146533974893,0.0,0.8328146533974894,16,17.053203270617626,0.14474025062123008,1.12942102227364e-11,0.020949740149896496
37,1.1777777777777778,45.0,0.7853981633974483,0.8328146533974893,0.0,0.8328146533974894,17,17.76622138238341,4.245134478327082e-09,-9.361407553352341e-11,1.8029930334219344e-17
37,1.1777777777777778,45.0,0.7853981633974483,0.8328146533974893,0.0,0.8328146533974894,18,18.825760908026602,-3.50250095078918e-11,1.6460355706675287e-08,2.709445367415687e-16
37,1.1777777777777778,45.0,0.7853981633974483,0.8328146533974893,0.0,0.8328146533974894,19,18.923821923349376,0.23631657744783202,-2.4747851768273274e-11,0.05584552477665719
37,1.1777777777777778,45.0,0.7853981633974483,0.8328146533974893,0.0,0.8328146533974894,20,20.3060660028183,-3.185485921226841e-11,0.3201451689799171,0.1024929292211797
37,1.1777777777777778,45.0,0.7853981633974483,0.8328146533974893,0.0,0.8328146533974894,21,23.757108846036733,5.6053152869459674e-09,-1.183076337244518e-11,3.1419699433032127e-17
37,1.1777777777777778,45.0,0.7853981633974483,0.8328146533974893,0.0,0.8328146533974894,22,23.75710884604802,-9.369784677546157e-09,-1.2614665344432685e-09,8.938416272109906e-17
37,1.1777777777777778,45.0,0.7853981633974483,0.8328146533974893,0.0,0.8328146533974894,23,23.84422923633635,-0.021644947155729875,-6.311306512308705e-11,0.0004685037373743388
37,1.1777777777777778,45.0,0.7853981633974483,0.8328146533974893,0.0,0.8328146533974894,24,23.844229236379192,0.1487453788995248,1.6983400290372324e-09,0.0221251877439632
37,1.1777777777777778,45.0,0.7853981633974483,0.8328146533974893,0.0,0.8328146533974894,25,24.180005762923916,5.578460535022808e-11,5.254633578063574e-09,2.761428596190728e-17
37,1.1777777777777778,45.0,0.7853981633974483,0.8328146533974893,0.0,0.8328146533974894,26,24.18000576292419,8.615142046828809e-11,2.3125142006258767e-09,5.3551439953450414e-18
37,1.1777777777777778,45.0,0.7853981633974483,0.8328146533974893,0.0,0.8328146533974894,27,25.328884414515628,-1.963876252701514e-11,-9.883467815281197e-09,9.768332173669289e-17
37,1.1777777777777778,45.0,0.7853981633974483,0.8328146533974893,0.0,0.8328146533974894,28,25.91832376952536,-1.9437867955505344e-10,0.22121508712411656,0.04893611477133048
37,1.1777777777777778,45.0,0.7853981633974483,0.8328146533974893,0.0,0.8328146533974894,29,26.291932671007505,-0.14159337294573449,-2.2718873089253338e-10,0.020048683262149855
37,1.1777777777777778,45.0,0.7853981633974483,0.8328146533974893,0.0,0.8328146533974894,30,26.43209942982244,0.30468772153325446,3.44276474895534e-11,0.09283460765312601
37,1.1777777777777778,45.0,0.7853981633974483,0.8328146533974893,0.0,0.8328146533974894,31,26.432099429879074,-0.057149666170742,-5.398666630924586e-11,0.0032660843434272526
37,1.1777777777777778,45.0,0.7853981633974483,0.8328146533974893,0.0,0.8328146533974894,32,26.518243522671032,3.154072070693694e-08,3.038233995442199e-12,9.948170719438665e-16
37,1.1777777777777778,45.0,0.7853981633974483,0.8328146533974893,0.0,0.8328146533974894,33,26.518243522730998,2.2130521894595532e-08,2.020871496644826e-11,4.897604077193328e-16
37,1.1777777777777778,45.0,0.7853981633974483,0.8328146533974893,0.0,0.8328146533974894,34,26.54608589484942,-8.583728830233853e-10,0.29980430911965816,0.08988262376671555
37,1.1777777777777778,45.0,0.7853981633974483,0.8328146533974893,0.0,0.8328146533974894,35,26.546085894850595,1.0685837117859611e-11,0.2509128833587603,0.06295727503540684
37,1.1777777777777778,45.0,0.7853981633974483,0.8328146533974893,0.0,0.8328146533974894,36,26.692547387677717,-3.711728740172185e-08,-7.094348232073964e-11,1.3776980570397032e-15
37,1.1777777777777778,45.0,0.7853981633974483,0.8328146533974893,0.0,0.8328146533974894,37,28.28123647832734,-1.7730558278613538e-11,1.9136374743231955e-09,3.66232275583093e-18
37,1.1777777777777778,45.0,0.7853981633974483,0.8328146533974893,0.0,0.8328146533974894,38,28.281236478348614,7.358933149123864e-12,-7.683665450858668e-10,5.904413015042848e-19
37,1.1777777777777778,45.0,0.7853981633974483,0.8328146533974893,0.0,0.8328146533974894,39,28.291774942128974,1.6845529352034804e-11,-0.14657540586773482,0.021484349605291192
37,1.1777777777777778,45.0,0.7853981633974483,0.8328146533974893,0.0,0.8328146533974894,40,28.29177494215093,1.980095813615869e-11,-0.012185107632517901,0.000148476848016046
37,1.1777777777777778,45.0,0.7853981633974483,0.8328146533974893,0.0,0.8328146533974894,41,28.48692673989627,-6.967768609460572e-10,5.6903287487593066e-08,3.2384696248896155e-15
37,1.1777777777777778,45.0,0.7853981633974483,0.8328146533974893,0.0,0.8328146533974894,42,28.48692674002121,3.742663019510157e-12,1.9544810270471937e-08,3.819996225162718e-16
37,1.1777777777777778,45.0,0.7853981633974483,0.8328146533974893,0.0,0.8328146533974894,43,28.53881613874187,-6.811912699810025e-10,-0.1700661539531056,0.028922496720401415
37,1.1777777777777778,45.0,0.7853981633974483,0.8328146533974893,0.0,0.8328146533974894,44,28.538816138886954,5.7970226865335875e-12,-0.14645469669611458,0.021448978184350913
37,1.1777777777777778,45.0,0.7853981633974483,0.8328146533974893,0.0,0.8328146533974894,45,29.479812918090055,0.0012306549201513298,-6.466781889850873e-11,1.51451153249268e-06
37,1.1777777777777778,45.0,0.7853981633974483,0.8328146533974893,0.0,0.8328146533974894,46,29.577235615176054,-3.568810748331434e-11,-7.54027173147951e-08,5.685571052095917e-15
37,1.1777777777777778,45.0,0.7853981633974483,0.8328146533974893,0.0,0.8328146533974894,47,30.134609682809216,3.3095773852160003e-11,0.21687941601765165,0.04703668109215761
37,1.1777777777777778,45.0,0.7853981633974483,0.8328146533974893,0.0,0.8328146533974894,48,30.42285909291524,3.393447301597012e-11,-1.0846924106078323e-07,1.1765577407850764e-14
37,1.1777777777777778,45.0,0.7853981633974483,0.8328146533974893,0.0,0.8328146533974894,49,30.57781776649785,8.492912345076439e-09,-7.01701487649989e-11,7.213448395092947e-17
37,1.1777777777777778,45.0,0.7853981633974483,0.8328146533974893,0.0,0.8328146533974894,50,30.57781776670913,-1.36958961306975e-07,1.962673112910416e-11,1.875775746749405e-14
37,1.1777777777777778,45.0,0.7853981633974483,0.8328146533974893,0.0,0.8328146533974894,51,31.301447737714017,0.003129835719867741,-4.49763701597036e-11,9.795871633360022e-06
37,1.1777777777777778,45.0,0.7853981633974483,0.8328146533974893,0.0,0.8328146533974894,52,31.30144773792052,0.02626038639509316,-6.704089591217019e-11,0.0006896078936195939
37,1.1777777777777778,45.0,0.7853981633974483,0.8328146533974893,0.0,0.8328146533974894,53,31.79394974414423,-9.395372053931107e-12,0.18857973323569496,0.03556231578724588
37,1.1777777777777778,45.0,0.7853981633974483,0.8328146533974893,0.0,0.8328146533974894,54,32.54435131783464,2.934741469746473e-07,5.559697372880409e-10,8.612738404484567e-14
37,1.1777777777777778,45.0,0.7853981633974483,0.8328146533974893,0.0,0.8328146533974894,55,33.239787173533706,0.022063848996063572,-2.736105742814682e-09,0.000486813432521103
37,1.1777777777777778,45.0,0.7853981633974483,0.8328146533974893,0.0,0.8328146533974894,56,33.84801129744537,-7.236119762645411e-07,2.7977969522858316e-09,5.23622119861261e-13
37,1.1777777777777778,45.0,0.7853981633974483,0.8328146533974893,0.0,0.8328146533974894,57,33.87453766276373,-5.902348821839906e-10,5.1246902825648427e-08,2.6265934264375997e-15
37,1.1777777777777778,45.0,0.7853981633974483,0.8328146533974893,0.0,0.8328146533974894,58,33.87453766290842,4.708200344011066e-08,-1.0260484252455817e-07,1.2744468757423973e-14
37,1.1777777777777778,45.0,0.7853981633974483,0.8328146533974893,0.0,0.8328146533974894,59,34.047525019046134,-0.06409035597586048,1.3230496779190296e-09,0.004107573729112517
38,1.1777777777777778,67.5,1.1780972450961724,1.0881247827355156,0.0,0.45071604256332803,1,10.601089661427809,1.9562293810562196e-11,-1.879768282879143e-09,3.533911480657533e-18
38,1.1777777777777778,67.5,1.1780972450961724,1.0881247827355156,0.0,0.45071604256332803,2,12.52937925367041,-9.64231110635847e-09,2.6438578579258444e-11,9.29748624702412e-17
38,1.1777777777777778,67.5,1.1780972450961724,1.0881247827355156,0.0,0.45071604256332803,3,12.742641025626208,-4.2481311221439235e-11,0.14087205425317778,0.019844935669510264
38,1.1777777777777778,67.5,1.1780972450961724,1.0881247827355156,0.0,0.45071604256332803,4,13.130725291782012,-1.469091471575431e-10,-2.045412892485224e-08,4.1839297237199557e-16
38,1.1777777777777778,67.5,1.1780972450961724,1.0881247827355156,0.0,0.45071604256332803,5,13.130725291783854,-1.0143796348909355e-09,2.306446094718991e-08,5.329983248281299e-16
38,1.1777777777777778,67.5,1.1780972450961724,1.0881247827355156,0.0,0.45071604256332803,6,13.134244278463646,-0.16787878527624694,-8.407610694856255e-12,0.028183286545828228
38,1.1777777777777778,67.5,1.1780972450961724,1.0881247827355156,0.0,0.45071604256332803,7,13.987379164703443,-2.4123981984898423e-10,-0.16196342545768552,0.026232151185987256
38,1.1777777777777778,67.5,1.1780972450961724,1.0881247827355156,0.0,0.45071604256332803,8,13.987379164704198,1.5064106550480624e-09,-0.24860494975173522,0.0618044210410628
38,1.1777777777777778,67.5,1.1780972450961724,1.0881247827355156,0.0,0.45071604256332803,9,14.627113026715655,-1.2150716955580981e-11,-3.802820898043549e-09,1.446159442251928e-17
38,1.1777777777777778,67.5,1.1780972450961724,1.0881247827355156,0.0,0.45071604256332803,10,15.474927381001192,3.619326754417535e-11,-0.13411439207198267,0.01798667016083749
38,1.1777777777777778,67.5,1.1780972450961724,1.0881247827355156,0.0,0.45071604256332803,11,16.694032611807582,-1.7280239295061798e-10,-2.806961637315408e-11,3.064857037279583e-20
38,1.1777777777777778,67.5,1.1780972450961724,1.0881247827355156,0.0,0.45071604256332803,12,16.966418124622876,-0.0353570141004195,-2.2526410637668764e-10,0.0012501184460972632
38,1.1777777777777778,67.5,1.1780972450961724,1.0881247827355156,0.0,0.45071604256332803,13,17.036546647825844,7.118351580215557e-09,4.0997799994408276e-11,5.06726100391617e-17
38,1.1777777777777778,67.5,1.1780972450961724,1.0881247827355156,0.0,0.45071604256332803,14,17.03654664784861,3.9268776376119654e-08,3.641615891175261e-11,1.5420381242143228e-15
38,1.1777777777777778,67.5,1.1780972450961724,1.0881247827355156,0.0,0.45071604256332803,15,17.05320327059592,0.032485980224949834,1.1321990660390995e-12,0.0010553389111758317
38,1.1777777777777778,67.5,1.1780972450961724,1.0881247827355156,0.0,0.45071604256332803,16,17.053203270617626,0.106185964205001,-9.924109938738666e-13,0.011275458994145752
38,1.1777777777777778,67.5,1.1780972450961724,1.0881247827355156,0.0,0.45071604256332803,17,17.76622138238341,8.519945339457351e-10,-1.2292204521545394e-10,7.410045150733603e-19
38,1.1777777777777778,67.5,1.1780972450961724,1.0881247827355156,0.0,0.45071604256332803,18,18.825760908026602,-3.9091619661435624e-11,1.018889085958277e-08,1.0381502510321708e-16
38,1.1777777777777778,67.5,1.1780972450961724,1.0881247827355156,0.0,0.45071604256332803,19,18.923821923349376,0.2850639236428306,-1.0589742683822367e-10,0.08126144056264556
38,1.1777777777777778,67.5,1.1780972450961724,1.0881247827355156,0.0,0.45071604256332803,20,20.3060660028183,-3.743525751971919e-11,0.16859518680507043,0.028424337013836596
38,1.1777777777777778,67.5,1.1780972450961724,1.0881247827355156,0.0,0.45071604256332803,21,23.757108846036733,5.508253519493534e-09,-8.575279698614073e-12,3.034093037043481e-17
38,1.1777777777777778,67.5,1.1780972450961724,1.0881247827355156,0.0,0.45071604256332803,22,23.75710884604802,-1.0819359112105806e-08,-1.722493609696089e-09,1.2002551583215078e-16
38,1.1777777777777778,67.5,1.1780972450961724,1.0881247827355156,0.0,0.45071604256332803,23,23.84422923633635,-0.039921620928755286,-9.481508900870122e-11,0.001593735817579232
38,1.1777777777777778,67.5,1.1780972450961724,1.0881247827355156,0.0,0.45071604256332803,24,23.844229236379192,0.27434380891222376,2.3390916331121732e-09,0.07526452548846675
38,1.1777777777777778,67.5,1.1780972450961724,1.0881247827355156,0.0,0.45071604256332803,25,24.180005762923916,3.9301713940145725e-11,2.5166992604821617e-09,6.335319792430092e-18
38,1.1777777777777778,67.5,1.1780972450961724,1.0881247827355156,0.0,0.45071604256332803,26,24.18000576292419,2.0009752925434767e-11,2.352440207173001e-09,5.53437531853629e-18
38,1.1777777777777778,67.5,1.1780972450961724,1.0881247827355156,0.0,0.45071604256332803,27,25.328884414515628,-2.306781210246756e-12,-3.6168881907028913e-09,1.3081885505285587e-17
38,1.1777777777777778,67.5,1.1780972450961724,1.0881247827355156,0.0,0.45071604256332803,28,25.91832376952536,5.612973413859239e-11,0.1850877865072393,0.034257488714149395
38,1.1777777777777778,67.5,1.1780972450961724,1.0881247827355156,0.0,0.45071604256332803,29,26.291932671007505,0.06844938109756063,-1.2064223338875956e-10,0.00468531777263909
38,1.1777777777777778,67.5,1.1780972450961724,1.0881247827355156,0.0,0.45071604256332803,30,26.43209942982244,0.22982466055609516,2.7003148865263557e-11,0.05281937459972436
38,1.1777777777777778,67.5,1.1780972450961724,1.0881247827355156,0.0,0.45071604256332803,31,26.432099429879074,-0.04310774925598453,-2.7912379109103472e-11,0.001858278045916835
38,1.1777777777777778,67.5,1.1780972450961724,1.0881247827355156,0.0,0.45071604256332803,32,26.518243522671032,1.8114049415178766e-08,1.0252785524082254e-11,3.281188913351492e-16
38,1.1777777777777778,67.5,1.1780972450961724,1.0881247827355156,0.0,0.45071604256332803,33,26.518243522730998,1.516255051513938e-08,1.5063784847630596e-11,2.299031650417674e-16
38,1.1777777777777778,67.5,1.1780972450961724,1.0881247827355156,0.0,0.45071604256332803,34,26.54608589484942,-4.863692110154235e-10,0.4341828458049901,0.1885147435913198
38,1.1777777777777778,67.5,1.1780972450961724,1.0881247827355156,0.0,0.45071604256332803,35,26.546085894850595,-7.622017814925457e-13,0.3633772638377612,0.13204303587421792
38,1.1777777777777778,67.5,1.1780972450961724,1.0881247827355156,0.0,0.45071604256332803,36,26.692547387677717,-2.6645537839643935e-08,-8.248836161939586e-11,7.099914910936995e-16
38,1.1777777777777778,67.5,1.1780972450961724,1.0881247827355156,0.0,0.45071604256332803,37,28.28123647832734,-2.061216585981659e-11,5.601914329653407e-09,3.138186901815761e-17
38,1.1777777777777778,67.5,1.1780972450961724,1.0881247827355156,0.0,0.45071604256332803,38,28.281236478348614,1.5649580469931447e-12,-1.2736289491619473e-09,1.622133149237055e-18
38,1.1777777777777778,67.5,1.1780972450961724,1.0881247827355156,0.0,0.45071604256332803,39,28.291774942128974,3.958703078043271e-12,-0.13492465787168528,0.018204663301791324
38,1.1777777777777778,67.5,1.1780972450961724,1.0881247827355156,0.0,0.45071604256332803,40,28.29177494215093,1.4045399211803708e-11,-0.011216557765347837,0.00012581116810338487
38,1.1777777777777778,67.5,1.1780972450961724,1.0881247827355156,0.0,0.45071604256332803,41,28.48692673989627,-2.8582698328311994e-10,7.036671263315574e-08,4.951555943861492e-15
38,1.1777777777777778,67.5,1.1780972450961724,1.0881247827355156,0.0,0.45071604256332803,42,28.48692674002121,-5.764650235649806e-12,2.1040923336086777e-08,4.4272048806627343e-16
38,1.1777777777777778,67.5,1.1780972450961724,1.0881247827355156,0.0,0.45071604256332803,43,28.53881613874187,-2.3746773177612353e-10,-0.053879025922474046,0.00290294943435463
38,1.1777777777777778,67.5,1.1780972450961724,1.0881247827355156,0.0,0.45071604256332803,44,28.538816138886954,-6.733553657294802e-13,-0.046398660969770404,0.0021528357397876956
38,1.1777777777777778,67.5,1.1780972450961724,1.0881247827355156,0.0,0.45071604256332803,45,29.479812918090055,-0.060657351955173716,-5.044281952141589e-10,0.003679314346213817
38,1.1777777777777778,67.5,1.1780972450961724,1.0881247827355156,0.0,0.45071604256332803,46,29.577235615176054,-3.278408561313741e-11,-3.5472097626252787e-08,1.2582707848026782e-15
38,1.1777777777777778,67.5,1.1780972450961724,1.0881247827355156,0.0,0.45071604256332803,47,30.134609682809216,5.6549303372442684e-11,0.09094012987278856,0.00827010722127965
38,1.1777777777777778,67.5,1.1780972450961724,1.0881247827355156,0.0,0.45071604256332803,48,30.42285909291524,5.906566225366586e-11,-4.539083696674631e-08,2.0603315692942012e-15
38,1.1777777777777778,67.5,1.1780972450961724,1.0881247827355156,0.0,0.45071604256332803,49,30.57781776649785,4.919366788359326e-09,-3.4881573000797974e-11,2.420138632254776e-17
38,1.1777777777777778,67.5,1.1780972450961724,1.0881247827355156,0.0,0.45071604256332803,50,30.57781776670913,-8.664904532510668e-08,-9.52079968377356e-12,7.508057146398017e-15
38,1.1777777777777778,67.5,1.1780972450961724,1.0881247827355156,0.0,0.45071604256332803,51,31.301447737714017,0.0026440385346051384,-4.845335366864662e-11,6.99093977247689e-06
38,1.1777777777777778,67.5,1.1780972450961724,1.0881247827355156,0.0,0.45071604256332803,52,31.30144773792052,0.022184388819802264,-4.9672770362903216e-11,0.0004921471073081676
38,1.1777777777777778,67.5,1.1780972450961724,1.0881247827355156,0.0,0.45071604256332803,53,31.79394974414423,-1.7543352858145438e-11,0.08073566310597394,0.006518247297161321
38,1.1777777777777778,67.5,1.1780972450961724,1.0881247827355156,0.0,0.45071604256332803,54,32.54435131783464,1.9114573631039716e-07,6.651448311136104e-10,3.653713492729024e-14
38,1.1777777777777778,67.5,1.1780972450961724,1.0881247827355156,0.0,0.45071604256332803,55,33.239787173533706,0.024579581334670347,-4.4537021232577635e-09,0.0006041558185876947
38,1.1777777777777778,67.5,1.1780972450961724,1.0881247827355156,0.0,0.45071604256332803,56,33.84801129744537,-4.679511440347996e-07,2.139586176662681e-09,2.189828510324851e-13
38,1.1777777777777778,67.5,1.1780972450961724,1.0881247827355156,0.0,0.45071604256332803,57,33.87453766276373,-4.752806547687182e-10,6.950934151052436e-08,4.831774448927502e-15
38,1.1777777777777778,67.5,1.1780972450961724,1.0881247827355156,0.0,0.45071604256332803,58,33.87453766290842,3.8116219788542896e-08,-1.5742086888499073e-07,2.6234176171473952e-14
38,1.1777777777777778,67.5,1.1780972450961724,1.0881247827355156,0.0,0.45071604256332803,59,34.047525019046134,-0.04855192059254969,8.816438874821753e-10,0.0023572889932252515
39,1.1777777777777778,90.0,1.5707963267948966,1.1777777777777778,0.0,7.211808928312191e-17,1,10.601089661427809,-5.79832072211436e-14,1.5455516504706184e-14,3.600925310077325e-27
39,1.1777777777777778,90.0,1.5707963267948966,1.1777777777777778,0.0,7.211808928312191e-17,2,12.52937925367041,-1.1801766357747039e-08,7.1943686247018755e-12,1.3928174092178974e-16
39,1.1777777777777778,90.0,1.5707963267948966,1.1777777777777778,0.0,7.211808928312191e-17,3,12.742641025626208,-4.764455842844626e-11,2.065280495041899e-15,2.270003952107013e-21
39,1.1777777777777778,90.0,1.5707963267948966,1.1777777777777778,0.0,7.211808928312191e-17,4,13.130725291782012,-9.645792370052085e-11,-2.3846411435119762e-08,5.686606424640551e-16
39,1.1777777777777778,90.0,1.5707963267948966,1.1777777777777778,0.0,7.211808928312191e-17,5,13.130725291783854,-5.450196972156064e-10,3.223328541817072e-08,1.0392817353196102e-15
39,1.1777777777777778,90.0,1.5707963267948966,1.1777777777777778,0.0,7.211808928312191e-17,6,13.134244278463646,-0.17059912641466474,1.0318049061604828e-11,0.029104061933446758
39,1.1777777777777778,90.0,1.5707963267948966,1.1777777777777778,0.0,7.211808928312191e-17,7,13.987379164703443,-1.4968181779231102e-10,-0.18020239012804565,0.03247290140786036
39,1.1777777777777778,90.0,1.5707963267948966,1.1777777777777778,0.0,7.211808928312191e-17,8,13.987379164704198,8.188311129818406e-10,-0.2766007642049878,0.07650798275878326
39,1.1777777777777778,90.0,1.5707963267948966,1.1777777777777778,0.0,7.211808928312191e-17,9,14.627113026715655,1.3210790439302487e-13,1.1198024090217512e-14,1.757789414664169e-26
39,1.1777777777777778,90.0,1.5707963267948966,1.1777777777777778,0.0,7.211808928312191e-17,10,15.474927381001192,9.288709690103407e-12,-1.6714393886162663e-14,8.628040707798391e-23
39,1.1777777777777778,90.0,1.5707963267948966,1.1777777777777778,0.0,7.211808928312191e-17,11,16.694032611807582,2.7055067126214124e-09,-3.8223182032298004e-11,7.321227583684197e-18
39,1.1777777777777778,90.0,1.5707963267948966,1.1777777777777778,0.0,7.211808928312191e-17,12,16.966418124622876,0.0047897596702735695,-1.6085674953273526e-10,2.29417976989792e-05
39,1.1777777777777778,90.0,1.5707963267948966,1.1777777777777778,0.0,7.211808928312191e-17,13,17.036546647825844,-2.731791272091391e-16,-1.0179056185901666e-13,1.036139311040984e-26
39,1.1777777777777778,90.0,1.5707963267948966,1.1777777777777778,0.0,7.211808928312191e-17,14,17.03654664784861,-1.9339372386094628e-15,-2.2473757315884762e-13,5.051071690257127e-26
39,1.1777777777777778,90.0,1.5707963267948966,1.1777777777777778,0.0,7.211808928312191e-17,15,17.05320327059592,5.308867801461775e-16,1.218313082467366e-13,1.4843149509884683e-26
39,1.1777777777777778,90.0,1.5707963267948966,1.1777777777777778,0.0,7.211808928312191e-17,16,17.053203270617626,-2.0472302997754597e-15,5.623091314162538e-13,3.161957504260021e-25
39,1.1777777777777778,90.0,1.5707963267948966,1.1777777777777778,0.0,7.211808928312191e-17,17,17.76622138238341,7.930692669752688e-10,-1.3574879262958518e-10,6.473865969210803e-19
39,1.1777777777777778,90.0,1.5707963267948966,1.1777777777777778,0.0,7.211808928312191e-17,18,18.825760908026602,-6.335819747528837e-13,2.577222623675188e-14,4.0209032637696204e-25
39,1.1777777777777778,90.0,1.5707963267948966,1.1777777777777778,0.0,7.211808928312191e-17,19,18.923821923349376,0.3062634897401634,-1.822701846162793e-10,0.09379732514782316
39,1.1777777777777778,90.0,1.5707963267948966,1.1777777777777778,0.0,7.211808928312191e-17,20,20.3060660028183,-2.9081917783565288e-11,-4.7892399886651746e-14,8.457602356520179e-22
39,1.1777777777777778,90.0,1.5707963267948966,1.1777777777777778,0.0,7.211808928312191e-17,21,23.757108846036733,4.091870597229587e-09,-9.467150652392272e-14,1.6743404993434716e-17
39,1.1777777777777778,90.0,1.5707963267948966,1.1777777777777778,0.0,7.211808928312191e-17,22,23.75710884604802,-1.2130549890605912e-08,-1.946436032326202e-09,1.5093885387641686e-16
39,1.1777777777777778,90.0,1.5707963267948966,1.1777777777777778,0.0,7.211808928312191e-17,23,23.84422923633635,-0.048254134883888,-1.1212779097324824e-10,0.002328461533392457
39,1.1777777777777778,90.0,1.5707963267948966,1.1777777777777778,0.0,7.211808928312191e-17,24,23.844229236379192,0.33160536975925703,2.6465881093248412e-09,0.10996212125317359
39,1.1777777777777778,90.0,1.5707963267948966,1.1777777777777778,0.0,7.211808928312191e-17,25,24.180005762923916,2.8438382013157497e-11,4.6165492942730346e-10,2.1393401543605482e-19
39,1.1777777777777778,90.0,1.5707963267948966,1.1777777777777778,0.0,7.211808928312191e-17,26,24.18000576292419,-2.1913408555962593e-11,2.186998639980524e-09,4.783443248751203e-18
39,1.1777777777777778,90.0,1.5707963267948966,1.1777777777777778,0.0,7.211808928312191e-17,27,25.328884414515628,1.0565106407547139e-12,-4.7979322461750407e-14,1.1185167494118248e-24
39,1.1777777777777778,90.0,1.5707963267948966,1.1777777777777778,0.0,7.211808928312191e-17,28,25.91832376952536,1.8816695804809796e-10,4.4846100196692964e-14,3.5406806112247363e-20
39,1.1777777777777778,90.0,1.5707963267948966,1.1777777777777778,0.0,7.211808928312191e-17,29,26.291932671007505,0.1629770222389084,1.5008026739488715e-10,0.02656150977786164
39,1.1777777777777778,90.0,1.5707963267948966,1.1777777777777778,0.0,7.211808928312191e-17,30,26.43209942982244,-1.3295251062906373e-13,2.3527885539275666e-11,5.535790743193396e-22
39,1.1777777777777778,90.0,1.5707963267948966,1.1777777777777778,0.0,7.211808928312191e-17,31,26.432099429879074,-3.4435707833609506e-14,-1.2441587921348848e-12,1.549116918020537e-24
39,1.1777777777777778,90.0,1.5707963267948966,1.1777777777777778,0.0,7.211808928312191e-17,32,26.518243522671032,4.457005838558046e-15,1.5260549097425128e-13,2.330830077653723e-26
39,1.1777777777777778,90.0,1.5707963267948966,1.1777777777777778,0.0,7.211808928312191e-17,33,26.518243522730998,-5.636101359203724e-15,-3.269389294267273e-13,1.0692082921322578e-25
39,1.1777777777777778,90.0,1.5707963267948966,1.1777777777777778,0.0,7.211808928312191e-17,34,26.54608589484942,-3.1703751483283405e-10,0.48821859452576394,0.2383573960407123
39,1.1777777777777778,90.0,1.5707963267948966,1.1777777777777778,0.0,7.211808928312191e-17,35,26.546085894850595,-2.099466787464756e-12,0.40860098119104743,0.1669547618302867
39,1.1777777777777778,90.0,1.5707963267948966,1.1777777777777778,0.0,7.211808928312191e-17,36,26.692547387677717,-2.605986391757348e-08,-1.041419830145347e-10,6.791273529550744e-16
39,1.1777777777777778,90.0,1.5707963267948966,1.1777777777777778,0.0,7.211808928312191e-17,37,28.28123647832734,-2.2003655736194563e-12,1.2312576570279408e-14,4.841760257111478e-24
39,1.1777777777777778,90.0,1.5707963267948966,1.1777777777777778,0.0,7.211808928312191e-17,38,28.281236478348614,3.841149743753072e-13,1.8790292354981706e-15,1.4754784429021076e-25
39,1.1777777777777778,90.0,1.5707963267948966,1.1777777777777778,0.0,7.211808928312191e-17,39,28.291774942128974,2.0714506143654833e-12,-1.317231863225006e-14,4.2910811577332876e-24
39,1.1777777777777778,90.0,1.5707963267948966,1.1777777777777778,0.0,7.211808928312191e-17,40,28.29177494215093,3.7263550591694797e-13,-8.180315898810462e-15,1.389241378381841e-25
39,1.1777777777777778,90.0,1.5707963267948966,1.1777777777777778,0.0,7.211808928312191e-17,41,28.48692673989627,3.267087567429754e-11,7.580167239578417e-08,5.7458946053839054e-15
39,1.1777777777777778,90.0,1.5707963267948966,1.1777777777777778,0.0,7.211808928312191e-17,42,28.48692674002121,-1.6642495000391236e-11,2.1524869642323693e-08,4.63320290091668e-16
39,1.1777777777777778,90.0,1.5707963267948966,1.1777777777777778,0.0,7.211808928312191e-17,43,28.53881613874187,1.1930179030046698e-10,0.01684995531288134,0.00028392099404609804
39,1.1777777777777778,90.0,1.5707963267948966,1.1777777777777778,0.0,7.211808928312191e-17,44,28.538816138886954,-4.503484999674981e-12,0.014510510499760338,0.000210554914963655
39,1.1777777777777778,90.0,1.5707963267948966,1.1777777777777778,0.0,7.211808928312191e-17,45,29.479812918090055,-0.08983423816745645,-8.454670508542851e-10,0.008070190347127288
39,1.1777777777777778,90.0,1.5707963267948966,1.1777777777777778,0.0,7.211808928312191e-17,46,29.577235615176054,-8.048802930405832e-12,2.8228386566376964e-13,6.486291279332359e-23
39,1.1777777777777778,90.0,1.5707963267948966,1.1777777777777778,0.0,7.211808928312191e-17,47,30.134609682809216,6.186962321067995e-12,6.279785477691976e-13,3.8672859818773377e-23
39,1.1777777777777778,90.0,1.5707963267948966,1.1777777777777778,0.0,7.211808928312191e-17,48,30.42285909291524,-8.258678757560082e-12,5.196443494837561e-13,6.847580507052453e-23
39,1.1777777777777778,90.0,1.5707963267948966,1.1777777777777778,0.0,7.211808928312191e-17,49,30.57781776649785,3.632074758722512e-15,3.167053411278558e-14,1.0162146980420645e-27
39,1.1777777777777778,90.0,1.5707963267948966,1.1777777777777778,0.0,7.211808928312191e-17,50,30.57781776670913,-6.9546854594682054e-15,-4.3984561427398685e-13,1.9351253204590096e-25
39,1.1777777777777778,90.0,1.5707963267948966,1.1777777777777778,0.0,7.211808928312191e-17,51,31.301447737714017,-9.616215049671134e-15,-5.583644139490382e-14,3.2101797795280507e-27
39,1.1777777777777778,90.0,1.5707963267948966,1.1777777777777778,0.0,7.211808928312191e-17,52,31.30144773792052,-1.4319286613487363e-13,-8.478925184511676e-13,7.394259197573836e-25
39,1.1777777777777778,90.0,1.5707963267948966,1.1777777777777778,0.0,7.211808928312191e-17,53,31.79394974414423,2.636732153699915e-11,-3.733257363399304e-13,6.95375017140913e-22
39,1.1777777777777778,90.0,1.5707963267948966,1.1777777777777778,0.0,7.211808928312191e-17,54,32.54435131783464,1.363029984131083e-07,5.683432477965121e-10,1.8578830390451123e-14
39,1.1777777777777778,90.0,1.5707963267948966,1.1777777777777778,0.0,7.211808928312191e-17,55,33.239787173533706,0.026676087126776632,-5.2270050395807265e-09,0.0007116136243954052
39,1.1777777777777778,90.0,1.5707963267948966,1.1777777777777778,0.0,7.211808928312191e-17,56,33.84801129744537,-3.5723441354929737e-07,2.360723241767295e-09,1.2762199923813463e-13
39,1.1777777777777778,90.0,1.5707963267948966,1.1777777777777778,0.0,7.211808928312191e-17,57,33.87453766276373,-4.3688432942233433e-10,7.799421945891573e-08,6.083289136922804e-15
39,1.1777777777777778,90.0,1.5707963267948966,1.1777777777777778,0.0,7.211808928312191e-17,58,33.87453766290842,3.46364623750152e-08,-1.8265571167726015e-07,3.456279353418223e-14
39,1.1777777777777778,90.0,1.5707963267948966,1.1777777777777778,0.0,7.211808928312191e-17,59,34.047525019046134,-0.04117727696238272,4.874421211527208e-10,0.0016955681380367749
40,1.3388888888888888,0.0,0.0,0.0,0.0,1.3388888888888888,1,10.601089661427809,-4.779328899507172e-13,1.6484764320463692e-08,2.7174745492965263e-16
40,1.3388888888888888,0.0,0.0,0.0,0.0,1.3388888888888888,2,12.52937925367041,8.731124710395035e-09,-2.5294308906335813e-13,7.6232538772451e-17
40,1.3388888888888888,0.0,0.0,0.0,0.0,1.3388888888888888,3,12.742641025626208,-5.452066655103439e-11,0.26586153825025666,0.07068235752079269
40,1.3388888888888888,0.0,0.0,0.0,0.0,1.3388888888888888,4,13.130725291782012,-3.812469082094358e-10,1.9345919896943716e-14,1.4534920539351861e-19
40,1.3388888888888888,0.0,0.0,0.0,0.0,1.3388888888888888,5,13.130725291783854,-3.395954623145859e-09,1.23153443581847e-13,1.1532507817632503e-17
40,1.3388888888888888,0.0,0.0,0.0,0.0,1.3388888888888888,6,13.134244278463646,-0.13601392637554005,-4.18911757856852e-11,0.01849978816809083
40,1.3388888888888888,0.0,0.0,0.0,0.0,1.3388888888888888,7,13.987379164703443,-6.689266249064165e-10,2.1979524226058867e-14,4.474628299917891e-19
40,1.3388888888888888,0.0,0.0,0.0,0.0,1.3388888888888888,8,13.987379164704198,4.8991491174180275e-09,-1.529141145958773e-13,2.4001662098080565e-17
40,1.3388888888888888,0.0,0.0,0.0,0.0,1.3388888888888888,9,14.627113026715655,2.072668012164451e-13,1.9993556271627347e-09,3.997422966826819e-18
40,1.3388888888888888,0.0,0.0,0.0,0.0,1.3388888888888888,10,15.474927381001192,8.183664487373642e-11,-0.2656337510533601,0.0705612896986785
40,1.3388888888888888,0.0,0.0,0.0,0.0,1.3388888888888888,11,16.694032611807582,-2.161279329235038e-08,-3.073764857206266e-13,4.67112833992346e-16
40,1.3388888888888888,0.0,0.0,0.0,0.0,1.3388888888888888,12,16.966418124622876,-0.21804718841061946,-1.4474742564792982e-10,0.04754457637377618
40,1.3388888888888888,0.0,0.0,0.0,0.0,1.3388888888888888,13,17.036546647825844,-3.7417154269279495e-14,1.1394243986058607e-10,1.2982881001426708e-20
40,1.3388888888888888,0.0,0.0,0.0,0.0,1.3388888888888888,14,17.03654664784861,-1.4296379551707726e-14,7.233293744008433e-11,5.232054043097621e-21
40,1.3388888888888888,0.0,0.0,0.0,0.0,1.3388888888888888,15,17.05320327059592,-1.0287033614332156e-14,6.412843771886643e-12,4.112467106568589e-23
40,1.3388888888888888,0.0,0.0,0.0,0.0,1.3388888888888888,16,17.053203270617626,2.1507357242278818e-14,3.982814095342853e-12,1.5863270684477255e-23
40,1.3388888888888888,0.0,0.0,0.0,0.0,1.3388888888888888,17,17.76622138238341,2.0844517627762025e-08,4.056349579005885e-13,4.3449391529862154e-16
40,1.3388888888888888,0.0,0.0,0.0,0.0,1.3388888888888888,18,18.825760908026602,8.660827768710254e-13,2.187082163574169e-08,4.783328397725261e-16
40,1.3388888888888888,0.0,0.0,0.0,0.0,1.3388888888888888,19,18.923821923349376,0.1709712912398909,8.20298053114344e-11,0.029231182428235598
40,1.3388888888888888,0.0,0.0,0.0,0.0,1.3388888888888888,20,20.3060660028183,-2.8431619936169946e-11,0.43815017684759516,0.19197557747157892
40,1.3388888888888888,0.0,0.0,0.0,0.0,1.3388888888888888,21,23.757108846036733,-1.8453131206708294e-09,-1.66651530848304e-14,3.405180513597642e-18
40,1.3388888888888888,0.0,0.0,0.0,0.0,1.3388888888888888,22,23.75710884604802,-1.4191141847321928e-08,4.3087992038528974e-14,2.013885069326682e-16
40,1.3388888888888888,0.0,0.0,0.0,0.0,1.3388888888888888,23,23.84422923633635,1.3296957611804138e-09,5.109992157927243e-13,1.7680910784213586e-18
40,1.3388888888888888,0.0,0.0,0.0,0.0,1.3388888888888888,24,23.844229236379192,1.9783852513896483e-08,-3.3531929577055257e-12,3.914008315355112e-16
40,1.3388888888888888,0.0,0.0,0.0,0.0,1.3388888888888888,25,24.180005762923916,6.005978938269101e-11,3.627931069886832e-15,3.607178313855087e-21
40,1.3388888888888888,0.0,0.0,0.0,0.0,1.3388888888888888,26,24.18000576292419,9.739885872016463e-11,1.0520513717086695e-14,9.4865377906718e-21
40,1.3388888888888888,0.0,0.0,0.0,0.0,1.3388888888888888,27,25.328884414515628,6.672692407226123e-13,-3.1608895095950494e-08,9.991222496320516e-16
40,1.3388888888888888,0.0,0.0,0.0,0.0,1.3388888888888888,28,25.91832376952536,-4.570838231751177e-10,0.10218509535725713,0.010441793713171733
40,1.3388888888888888,0.0,0.0,0.0,0.0,1.3388888888888888,29,26.291932671007505,-0.40163715165785346,-1.6858140873723344e-10,0.16131240159183358
40,1.3388888888888888,0.0,0.0,0.0,0.0,1.3388888888888888,30,26.43209942982244,3.371344271454929e-13,6.387084192252612e-11,4.079598107514287e-21
40,1.3388888888888888,0.0,0.0,0.0,0.0,1.3388888888888888,31,26.432099429879074,8.498718559391538e-14,-8.021869338031736e-11,6.435045990467088e-21
40,1.3388888888888888,0.0,0.0,0.0,0.0,1.3388888888888888,32,26.518243522671032,-3.5415497640881854e-15,6.055193853655731e-12,3.6665385147924875e-23
40,1.3388888888888888,0.0,0.0,0.0,0.0,1.3388888888888888,33,26.518243522730998,2.66322941917229e-14,-7.431471122204557e-12,5.522747231925417e-23
40,1.3388888888888888,0.0,0.0,0.0,0.0,1.3388888888888888,34,26.54608589484942,-1.5743337611794333e-09,4.838452831494143e-14,2.4785267939304435e-18
40,1.3388888888888888,0.0,0.0,0.0,0.0,1.3388888888888888,35,26.546085894850595,2.6551780897728512e-11,6.82551566938149e-15,7.049971154286449e-22
40,1.3388888888888888,0.0,0.0,0.0,0.0,1.3388888888888888,36,26.692547387677717,-8.889803181301428e-08,3.198043000470012e-12,7.902860070455178e-15
40,1.3388888888888888,0.0,0.0,0.0,0.0,1.3388888888888888,37,28.28123647832734,-5.453903354627424e-12,9.937692922359373e-10,9.876071512529173e-19
40,1.3388888888888888,0.0,0.0,0.0,0.0,1.3388888888888888,38,28.281236478348614,9.354041838105998e-13,2.792585476196173e-10,7.798621139960517e-20
40,1.3388888888888888,0.0,0.0,0.0,0.0,1.3388888888888888,39,28.291774942128974,4.729043010141712e-12,-1.0709242851602847e-09,1.1469011883938585e-18
40,1.3388888888888888,0.0,0.0,0.0,0.0,1.3388888888888888,40,28.29177494215093,8.76314744822816e-13,5.5348610746409354e-11,3.064236639089535e-21
40,1.3388888888888888,0.0,0.0,0.0,0.0,1.3388888888888888,41,28.48692673989627,-5.342694511616608e-10,-2.507372024868279e-14,2.8544384707327374e-19
40,1.3388888888888888,0.0,0.0,0.0,0.0,1.3388888888888888,42,28.48692674002121,2.8188884176225375e-12,-1.2688184464650151e-15,7.946133520906743e-24
40,1.3388888888888888,0.0,0.0,0.0,0.0,1.3388888888888888,43,28.53881613874187,-4.566461675558295e-10,-1.4085587034941537e-14,2.0852572254183046e-19
40,1.3388888888888888,0.0,0.0,0.0,0.0,1.3388888888888888,44,28.538816138886954,2.3992765281805307e-12,-9.359037911804007e-14,5.76528701774148e-24
40,1.3388888888888888,0.0,0.0,0.0,0.0,1.3388888888888888,45,29.479812918090055,0.05368177235629521,-1.9120708926198202e-11,0.0028817326833131007
40,1.3388888888888888,0.0,0.0,0.0,0.0,1.3388888888888888,46,29.577235615176054,-1.552241596251799e-11,-1.3487321845479792e-07,1.819078529730104e-14
40,1.3388888888888888,0.0,0.0,0.0,0.0,1.3388888888888888,47,30.134609682809216,-4.91769349968611e-11,0.4324541608645772,0.18701660124908562
40,1.3388888888888888,0.0,0.0,0.0,0.0,1.3388888888888888,48,30.42285909291524,-2.0162858256338092e-11,-2.0631147691676928e-07,4.256442591411948e-14
40,1.3388888888888888,0.0,0.0,0.0,0.0,1.3388888888888888,49,30.57781776649785,9.162713890371454e-15,-4.4830512080695547e-11,2.009774897372715e-21
40,1.3388888888888888,0.0,0.0,0.0,0.0,1.3388888888888888,50,30.57781776670913,1.6791312671329586e-14,3.8809247118308565e-11,1.5061579438381227e-21
40,1.3388888888888888,0.0,0.0,0.0,0.0,1.3388888888888888,51,31.301447737714017,-1.918841464426018e-14,7.940860087306189e-12,6.305762712142902e-23
40,1.3388888888888888,0.0,0.0,0.0,0.0,1.3388888888888888,52,31.30144773792052,-4.5447169631680263e-13,7.237959047595903e-12,5.2594595697428464e-23
40,1.3388888888888888,0.0,0.0,0.0,0.0,1.3388888888888888,53,31.79394974414423,5.563650307891666e-11,0.3682629665677992,0.135617612545316
40,1.3388888888888888,0.0,0.0,0.0,0.0,1.3388888888888888,54,32.54435131783464,4.3416549802368564e-07,-2.386464698710842e-12,1.884996796798502e-13
40,1.3388888888888888,0.0,0.0,0.0,0.0,1.3388888888888888,55,33.239787173533706,0.036058942399530364,-1.0885343410995882e-10,0.0013002473269726486
40,1.3388888888888888,0.0,0.0,0.0,0.0,1.3388888888888888,56,33.84801129744537,-1.2715340862567046e-06,1.631235126813658e-10,1.6167989591219529e-12
40,1.3388888888888888,0.0,0.0,0.0,0.0,1.3388888888888888,57,33.87453766276373,-8.500529409934036e-10,-4.0601895119538274e-13,7.225901673429237e-19
40,1.3388888888888888,0.0,0.0,0.0,0.0,1.3388888888888888,58,33.87453766290842,6.650700290100863e-08,2.9292341528247534e-11,4.423182292916043e-15
40,1.3388888888888888,0.0,0.0,0.0,0.0,1.3388888888888888,59,34.047525019046134,-0.08931301887849671,-7.75246903324352e-11,0.007976815341190711
41,1.3388888888888888,22.5,0.39269908169872414,0.5123705955554813,0.0,1.2369720407512228,1,10.601089661427809,8.267611548726068e-12,1.285668378466735e-08,1.6529438629232906e-16
41,1.3388888888888888,22.5,0.39269908169872414,0.5123705955554813,0.0,1.2369720407512228,2,12.52937925367041,4.697943738744694e-09,4.100265549112315e-11,2.2072356590167803e-17
41,1.3388888888888888,22.5,0.39269908169872414,0.5123705955554813,0.0,1.2369720407512228,3,12.742641025626208,-3.391619654704279e-11,0.2544450874351637,0.06474230251988809
41,1.3388888888888888,22.5,0.39269908169872414,0.5123705955554813,0.0,1.2369720407512228,4,13.130725291782012,-3.6430638675635397e-10,-6.2070063981714405e-09,3.865964757037267e-17
41,1.3388888888888888,22.5,0.39269908169872414,0.5123705955554813,0.0,1.2369720407512228,5,13.130725291783854,-3.165745384465857e-09,-3.1821091681497977e-09,2.0147762597289874e-17
41,1.3388888888888888,22.5,0.39269908169872414,0.5123705955554813,0.0,1.2369720407512228,6,13.134244278463646,-0.13985541327820192,-5.6428548193605155e-12,0.019559536623216658
41,1.3388888888888888,22.5,0.39269908169872414,0.5123705955554813,0.0,1.2369720407512228,7,13.987379164703443,-6.349942321480009e-10,-0.04620457247299019,0.002134862517411803
41,1.3388888888888888,22.5,0.39269908169872414,0.5123705955554813,0.0,1.2369720407512228,8,13.987379164704198,4.588785367395036e-09,-0.07092146467644227,0.005029854151851869
41,1.3388888888888888,22.5,0.39269908169872414,0.5123705955554813,0.0,1.2369720407512228,9,14.627113026715655,-1.9678005994936074e-11,3.193795695160819e-10,1.0239053334421453e-19
41,1.3388888888888888,22.5,0.39269908169872414,0.5123705955554813,0.0,1.2369720407512228,10,15.474927381001192,7.591768626243297e-11,-0.25367925763567584,0.06435316575458759
41,1.3388888888888888,22.5,0.39269908169872414,0.5123705955554813,0.0,1.2369720407512228,11,16.694032611807582,-1.808959483891247e-08,-7.955224297920914e-12,3.272335047216023e-16
41,1.3388888888888888,22.5,0.39269908169872414,0.5123705955554813,0.0,1.2369720407512228,12,16.966418124622876,-0.19076740514898607,-2.522511695394559e-10,0.0363922028672774
41,1.3388888888888888,22.5,0.39269908169872414,0.5123705955554813,0.0,1.2369720407512228,13,17.036546647825844,7.421339379663226e-09,9.872101571826898e-11,5.50860240270846e-17
41,1.3388888888888888,22.5,0.39269908169872414,0.5123705955554813,0.0,1.2369720407512228,14,17.03654664784861,4.38730747900888e-08,5.29935040133021e-11,1.9248494998481926e-15
41,1.3388888888888888,22.5,0.39269908169872414,0.5123705955554813,0.0,1.2369720407512228,15,17.05320327059592,0.02567173639060676,1.2450272437927352e-11,0.0006590380493088034
41,1.3388888888888888,22.5,0.39269908169872414,0.5123705955554813,0.0,1.2369720407512228,16,17.053203270617626,0.08391245341860067,1.417492025464184e-11,0.007041299838728827
41,1.3388888888888888,22.5,0.39269908169872414,0.5123705955554813,0.0,1.2369720407512228,17,17.76622138238341,1.5781645177444914e-08,-6.499092842371516e-11,2.4906454832754765e-16
41,1.3388888888888888,22.5,0.39269908169872414,0.5123705955554813,0.0,1.2369720407512228,18,18.825760908026602,-1.1709710409467129e-11,2.1462322838440153e-08,4.606314387387476e-16
41,1.3388888888888888,22.5,0.39269908169872414,0.5123705955554813,0.0,1.2369720407512228,19,18.923821923349376,0.18919730215446615,-4.661584244559351e-12,0.03579561914252836
41,1.3388888888888888,22.5,0.39269908169872414,0.5123705955554813,0.0,1.2369720407512228,20,20.3060660028183,-2.682678885089516e-11,0.4041717209726475,0.16335478003399162
41,1.3388888888888888,22.5,0.39269908169872414,0.5123705955554813,0.0,1.2369720407512228,21,23.757108846036733,2.132504725041901e-09,-3.015343360610981e-12,4.5475854946216154e-18
41,1.3388888888888888,22.5,0.39269908169872414,0.5123705955554813,0.0,1.2369720407512228,22,23.75710884604802,-1.2995210394973016e-08,-8.770888038193545e-10,1.6964477797939998e-16
41,1.3388888888888888,22.5,0.39269908169872414,0.5123705955554813,0.0,1.2369720407512228,23,23.84422923633635,-0.005405539298167317,-3.4565309213499836e-11,2.9219855104031212e-05
41,1.3388888888888888,22.5,0.39269908169872414,0.5123705955554813,0.0,1.2369720407512228,24,23.844229236379192,0.03714719742412071,1.1533474229032177e-09,0.0013799142764666017
41,1.3388888888888888,22.5,0.39269908169872414,0.5123705955554813,0.0,1.2369720407512228,25,24.180005762923916,6.243813554270828e-11,4.287415200038431e-09,1.8385827618290627e-17
41,1.3388888888888888,22.5,0.39269908169872414,0.5123705955554813,0.0,1.2369720407512228,26,24.18000576292419,1.0858428343883909e-10,1.2996638900059948e-09,1.7009167735954406e-18
41,1.3388888888888888,22.5,0.39269908169872414,0.5123705955554813,0.0,1.2369720407512228,27,25.328884414515628,-6.861733784275359e-12,-2.4846344586174305e-08,6.173408863783037e-16
41,1.3388888888888888,22.5,0.39269908169872414,0.5123705955554813,0.0,1.2369720407512228,28,25.91832376952536,-3.989914701859527e-10,0.15098858753862274,0.02279755356690834
41,1.3388888888888888,22.5,0.39269908169872414,0.5123705955554813,0.0,1.2369720407512228,29,26.291932671007505,-0.333555612534039,-1.5382384554611258e-10,0.11125934665295795
41,1.3388888888888888,22.5,0.39269908169872414,0.5123705955554813,0.0,1.2369720407512228,30,26.43209942982244,0.1991913155163494,5.4103054354216017e-11,0.039677180177133856
41,1.3388888888888888,22.5,0.39269908169872414,0.5123705955554813,0.0,1.2369720407512228,31,26.432099429879074,-0.03736192343605904,-7.42038629132537e-11,0.0013959133228419378
41,1.3388888888888888,22.5,0.39269908169872414,0.5123705955554813,0.0,1.2369720407512228,32,26.518243522671032,3.405718729368219e-08,6.602482675280141e-12,1.159892049949725e-15
41,1.3388888888888888,22.5,0.39269908169872414,0.5123705955554813,0.0,1.2369720407512228,33,26.518243522730998,1.9563986840403228e-08,-1.594083186526282e-12,3.8274958363257187e-16
41,1.3388888888888888,22.5,0.39269908169872414,0.5123705955554813,0.0,1.2369720407512228,34,26.54608589484942,-1.4267372810001605e-09,0.13460200461686167,0.018117699646877653
41,1.3388888888888888,22.5,0.39269908169872414,0.5123705955554813,0.0,1.2369720407512228,35,26.546085894850595,2.038721925295732e-11,0.11265140550822239,0.012690339162977958
41,1.3388888888888888,22.5,0.39269908169872414,0.5123705955554813,0.0,1.2369720407512228,36,26.692547387677717,-7.320009675847922e-08,-9.425116234717663e-11,5.358263048732324e-15
41,1.3388888888888888,22.5,0.39269908169872414,0.5123705955554813,0.0,1.2369720407512228,37,28.28123647832734,-1.7847250130854998e-11,-3.9439391341766944e-10,1.5586508327813745e-19
41,1.3388888888888888,22.5,0.39269908169872414,0.5123705955554813,0.0,1.2369720407512228,38,28.281236478348614,1.53628485769713e-11,2.530356459315382e-13,2.3608114343706107e-22
41,1.3388888888888888,22.5,0.39269908169872414,0.5123705955554813,0.0,1.2369720407512228,39,28.291774942128974,1.7571485820479785e-11,-0.05942865033233135,0.003531764480322507
41,1.3388888888888888,22.5,0.39269908169872414,0.5123705955554813,0.0,1.2369720407512228,40,28.29177494215093,1.4364879740915733e-11,-0.004940422876266845,2.440777819634077e-05
41,1.3388888888888888,22.5,0.39269908169872414,0.5123705955554813,0.0,1.2369720407512228,41,28.48692673989627,-7.696127737273677e-10,4.1127189567650405e-08,1.6920380255549366e-15
41,1.3388888888888888,22.5,0.39269908169872414,0.5123705955554813,0.0,1.2369720407512228,42,28.48692674002121,-4.284296150872106e-13,1.4038451167608628e-08,1.9707811136888396e-16
41,1.3388888888888888,22.5,0.39269908169872414,0.5123705955554813,0.0,1.2369720407512228,43,28.53881613874187,-7.170236490836638e-10,-0.1705271234657428,0.029079499837500692
41,1.3388888888888888,22.5,0.39269908169872414,0.5123705955554813,0.0,1.2369720407512228,44,28.538816138886954,6.86478954378461e-12,-0.14685165791572768,0.021565409432597906
41,1.3388888888888888,22.5,0.39269908169872414,0.5123705955554813,0.0,1.2369720407512228,45,29.479812918090055,0.03910947410307091,2.6012096912825976e-11,0.0015295509646187741
41,1.3388888888888888,22.5,0.39269908169872414,0.5123705955554813,0.0,1.2369720407512228,46,29.577235615176054,-2.3314657148021268e-11,-1.192509696417406e-07,1.4220794304068573e-14
41,1.3388888888888888,22.5,0.39269908169872414,0.5123705955554813,0.0,1.2369720407512228,47,30.134609682809216,-3.108472876342027e-11,0.37806700450405445,0.14293465989466872
41,1.3388888888888888,22.5,0.39269908169872414,0.5123705955554813,0.0,1.2369720407512228,48,30.42285909291524,-2.9156065547250495e-11,-1.7876395572986692e-07,3.195655271826598e-14
41,1.3388888888888888,22.5,0.39269908169872414,0.5123705955554813,0.0,1.2369720407512228,49,30.57781776649785,9.232547553629281e-09,-4.527093867029431e-11,8.524198378791412e-17
41,1.3388888888888888,22.5,0.39269908169872414,0.5123705955554813,0.0,1.2369720407512228,50,30.57781776670913,-1.3441646222237464e-07,2.3342976309827047e-11,1.8067785861273613e-14
41,1.3388888888888888,22.5,0.39269908169872414,0.5123705955554813,0.0,1.2369720407512228,51,31.301447737714017,0.0010762725863214027,-4.009464069932704e-12,1.1583626800669613e-06
41,1.3388888888888888,22.5,0.39269908169872414,0.5123705955554813,0.0,1.2369720407512228,52,31.30144773792052,0.00903030935539881,-2.7501748957603074e-11,8.154648705420326e-05
41,1.3388888888888888,22.5,0.39269908169872414,0.5123705955554813,0.0,1.2369720407512228,53,31.79394974414423,5.038199790966349e-11,0.3227705891026923,0.10418085318969902
41,1.3388888888888888,22.5,0.39269908169872414,0.5123705955554813,0.0,1.2369720407512228,54,32.54435131783464,4.2081903982889515e-07,3.95141411651146e-11,1.770886658438806e-13
41,1.3388888888888888,22.5,0.39269908169872414,0.5123705955554813,0.0,1.2369720407512228,55,33.239787173533706,0.032940839722120835,-1.1146459122630212e-09,0.0010850989215984552
41,1.3388888888888888,22.5,0.39269908169872414,0.5123705955554813,0.0,1.2369720407512228,56,33.84801129744537,-1.1581678418149752e-06,5.166023328580833e-09,1.3413794376113888e-12
41,1.3388888888888888,22.5,0.39269908169872414,0.5123705955554813,0.0,1.2369720407512228,57,33.87453766276373,-7.983402984118731e-10,2.9067682438328496e-08,8.455675095675792e-16
41,1.3388888888888888,22.5,0.39269908169872414,0.5123705955554813,0.0,1.2369720407512228,58,33.87453766290842,6.29429862255732e-08,-5.831760971535848e-08,7.36276311790557e-15
41,1.3388888888888888,22.5,0.39269908169872414,0.5123705955554813,0.0,1.2369720407512228,59,34.047525019046134,-0.0856232466708235,1.1212125650802823e-09,0.007331340370452687
42,1.3388888888888888,45.0,0.7853981633974483,0.9467374125886552,0.0,0.9467374125886553,1,10.601089661427809,2.1947309800818544e-11,3.648170689281479e-09,1.3309631062539993e-17
42,1.3388888888888888,45.0,0.7853981633974483,0.9467374125886552,0.0,0.9467374125886553,2,12.52937925367041,-3.758575226363193e-09,4.4680396600756596e-11,1.4128884070071523e-17
42,1.3388888888888888,45.0,0.7853981633974483,0.9467374125886552,0.0,0.9467374125886553,3,12.742641025626208,-3.187791248091048e-11,0.21151899619332498,0.044740285750631825
42,1.3388888888888888,45.0,0.7853981633974483,0.9467374125886552,0.0,0.9467374125886553,4,13.130725291782012,-2.912475425022168e-10,-1.4743085210910743e-08,2.1744338666718867e-16
42,1.3388888888888888,45.0,0.7853981633974483,0.9467374125886552,0.0,0.9467374125886553,5,13.130725291783854,-2.3808640162941846e-09,5.192810584610352e-09,3.263379523172578e-17
42,1.3388888888888888,45.0,0.7853981633974483,0.9467374125886552,0.0,0.9467374125886553,6,13.134244278463646,-0.14922028119549866,-6.762235216175841e-13,0.02226669232006369
42,1.3388888888888888,45.0,0.7853981633974483,0.9467374125886552,0.0,0.9467374125886553,7,13.987379164703443,-5.03535463863947e-10,-0.09362063620698226,0.008764823523800118
42,1.3388888888888888,45.0,0.7853981633974483,0.9467374125886552,0.0,0.9467374125886553,8,13.987379164704198,3.4753213379394543e-09,-0.14370251246883534,0.020650412089855786
42,1.3388888888888888,45.0,0.7853981633974483,0.9467374125886552,0.0,0.9467374125886553,9,14.627113026715655,-2.3939846064598316e-11,-3.251280509044471e-09,1.0571398064722071e-17
42,1.3388888888888888,45.0,0.7853981633974483,0.9467374125886552,0.0,0.9467374125886553,10,15.474927381001192,6.239929843719234e-11,-0.20973847107440616,0.043990226248629506
42,1.3388888888888888,45.0,0.7853981633974483,0.9467374125886552,0.0,0.9467374125886553,11,16.694032611807582,-9.498327679139797e-09,-1.052051700787767e-11,9.021833938159133e-17
42,1.3388888888888888,45.0,0.7853981633974483,0.9467374125886552,0.0,0.9467374125886553,12,16.966418124622876,-0.11962849026796185,-2.8124597617022724e-10,0.014310975683791843
42,1.3388888888888888,45.0,0.7853981633974483,0.9467374125886552,0.0,0.9467374125886553,13,17.036546647825844,1.1530970739359564e-08,7.032176184484103e-11,1.3296823134215541e-16
42,1.3388888888888888,45.0,0.7853981633974483,0.9467374125886552,0.0,0.9467374125886553,14,17.03654664784861,6.549530256024325e-08,3.284119366428143e-11,4.2896357360018076e-15
42,1.3388888888888888,45.0,0.7853981633974483,0.9467374125886552,0.0,0.9467374125886553,15,17.05320327059592,0.038306784893694976,1.1668418409085057e-11,0.0014674097688918177
42,1.3388888888888888,45.0,0.7853981633974483,0.9467374125886552,0.0,0.9467374125886553,16,17.053203270617626,0.1252122651818417,1.2250194431618855e-11,0.015678111351967845
42,1.3388888888888888,45.0,0.7853981633974483,0.9467374125886552,0.0,0.9467374125886553,17,17.76622138238341,6.912815477111651e-09,-1.1121345524441053e-10,4.779938625322179e-17
42,1.3388888888888888,45.0,0.7853981633974483,0.9467374125886552,0.0,0.9467374125886553,18,18.825760908026602,-3.0628750057821596e-11,1.8955069847411547e-08,3.592956110405805e-16
42,1.3388888888888888,45.0,0.7853981633974483,0.9467374125886552,0.0,0.9467374125886553,19,18.923821923349376,0.2361380474443796,-5.439581973857829e-11,0.05576117745084407
42,1.3388888888888888,45.0,0.7853981633974483,0.9467374125886552,0.0,0.9467374125886553,20,20.3060660028183,-3.2193846569217596e-11,0.30763528141511126,0.0946394663713547
42,1.3388888888888888,45.0,0.7853981633974483,0.9467374125886552,0.0,0.9467374125886553,21,23.757108846036733,8.034073812769165e-09,-1.861646466404048e-11,6.454668860177985e-17
42,1.3388888888888888,45.0,0.7853981633974483,0.9467374125886552,0.0,0.9467374125886553,22,23.75710884604802,-1.317018840096337e-08,-1.5180360789982737e-09,1.7575829605401052e-16
42,1.3388888888888888,45.0,0.7853981633974483,0.9467374125886552,0.0,0.9467374125886553,23,23.84422923633635,-0.020561828450244207,-6.176614121776579e-11,0.0004227887892172721
42,1.3388888888888888,45.0,0.7853981633974483,0.9467374125886552,0.0,0.9467374125886553,24,23.844229236379192,0.14130210678066063,2.030206257877841e-09,0.01996628538065322
42,1.3388888888888888,45.0,0.7853981633974483,0.9467374125886552,0.0,0.9467374125886553,25,24.180005762923916,5.959098089985443e-11,4.8884264220653406e-09,2.3900263968951154e-17
42,1.3388888888888888,45.0,0.7853981633974483,0.9467374125886552,0.0,0.9467374125886553,26,24.18000576292419,9.621516061116012e-11,2.046386079974584e-09,4.1969533454451755e-18
42,1.3388888888888888,45.0,0.7853981633974483,0.9467374125886552,0.0,0.9467374125886553,27,25.328884414515628,-1.6846784598422057e-11,-1.3187711547824196e-08,1.7391601968276696e-16
42,1.3388888888888888,45.0,0.7853981633974483,0.9467374125886552,0.0,0.9467374125886553,28,25.91832376952536,-2.0304585013219257e-10,0.22876106209054092,0.052331623528792316
42,1.3388888888888888,45.0,0.7853981633974483,0.9467374125886552,0.0,0.9467374125886553,29,26.291932671007505,-0.14744484281816997,-2.3197438964108774e-10,0.021739981673674847
42,1.3388888888888888,45.0,0.7853981633974483,0.9467374125886552,0.0,0.9467374125886553,30,26.43209942982244,0.3060639545483832,3.281704554966672e-11,0.09367514427379478
42,1.3388888888888888,45.0,0.7853981633974483,0.9467374125886552,0.0,0.9467374125886553,31,26.432099429879074,-0.05740780961786104,-5.636464726413198e-11,0.0032956566051205783
42,1.3388888888888888,45.0,0.7853981633974483,0.9467374125886552,0.0,0.9467374125886553,32,26.518243522671032,4.095934468733312e-08,1.2990196585031557e-11,1.6776680859609709e-15
42,1.3388888888888888,45.0,0.7853981633974483,0.9467374125886552,0.0,0.9467374125886553,33,26.518243522730998,2.718470653383483e-08,9.136663216402823e-12,7.390083528093369e-16
42,1.3388888888888888,45.0,0.7853981633974483,0.9467374125886552,0.0,0.9467374125886553,34,26.54608589484942,-1.0354215331933346e-09,0.2889844969553043,0.0835120394805103
42,1.3388888888888888,45.0,0.7853981633974483,0.9467374125886552,0.0,0.9467374125886553,35,26.546085894850595,6.7366608698776725e-12,0.24185754039871846,0.05849506984771773
42,1.3388888888888888,45.0,0.7853981633974483,0.9467374125886552,0.0,0.9467374125886553,36,26.692547387677717,-4.7177467447341485e-08,-9.444658161553074e-11,2.2257223549017444e-15
42,1.3388888888888888,45.0,0.7853981633974483,0.9467374125886552,0.0,0.9467374125886553,37,28.28123647832734,-1.9565824400637824e-11,4.282330743209176e-09,1.833873941571893e-17
42,1.3388888888888888,45.0,0.7853981633974483,0.9467374125886552,0.0,0.9467374125886553,38,28.281236478348614,1.3256143033338231e-11,-1.294683345629165e-09,1.6763806907776482e-18
42,1.3388888888888888,45.0,0.7853981633974483,0.9467374125886552,0.0,0.9467374125886553,39,28.291774942128974,1.556409177367154e-11,-0.153913344278952,0.02368931754713121
42,1.3388888888888888,45.0,0.7853981633974483,0.9467374125886552,0.0,0.9467374125886553,40,28.29177494215093,2.2101933904991332e-11,-0.012795125458539445,0.00016371523549976423
42,1.3388888888888888,45.0,0.7853981633974483,0.9467374125886552,0.0,0.9467374125886553,41,28.48692673989627,-8.937796593406146e-10,6.69851060995578e-08,4.487803281248467e-15
42,1.3388888888888888,45.0,0.7853981633974483,0.9467374125886552,0.0,0.9467374125886553,42,28.48692674002121,2.156518646157083e-12,2.0729004490672867e-08,4.2969163182490855e-16
42,1.3388888888888888,45.0,0.7853981633974483,0.9467374125886552,0.0,0.9467374125886553,43,28.53881613874187,-8.866331094687027e-10,-0.17742348798220983,0.03147909408777336
42,1.3388888888888888,45.0,0.7853981633974483,0.9467374125886552,0.0,0.9467374125886553,44,28.538816138886954,5.544553331362385e-12,-0.15279056752429812,0.023344957524397105
42,1.3388888888888888,45.0,0.7853981633974483,0.9467374125886552,0.0,0.9467374125886553,45,29.479812918090055,-0.00591230325721763,8.968015283349291e-12,3.495532980530619e-05
42,1.3388888888888888,45.0,0.7853981633974483,0.9467374125886552,0.0,0.9467374125886553,46,29.577235615176054,-3.881226820603279e-11,-8.121789365406675e-08,6.596347755995459e-15
42,1.3388888888888888,45.0,0.7853981633974483,0.9467374125886552,0.0,0.9467374125886553,47,30.134609682809216,1.7436708000979837e-11,0.2450963047014132,0.06007219857828798
42,1.3388888888888888,45.0,0.7853981633974483,0.9467374125886552,0.0,0.9467374125886553,48,30.42285909291524,2.4997091838658682e-11,-1.1352372235203719e-07,1.288763616151703e-14
42,1.3388888888888888,45.0,0.7853981633974483,0.9467374125886552,0.0,0.9467374125886553,49,30.57781776649785,1.1123911457285406e-08,-3.674212633177572e-11,1.237427560933729e-16
42,1.3388888888888888,45.0,0.7853981633974483,0.9467374125886552,0.0,0.9467374125886553,50,30.57781776670913,-1.7342685572729347e-07,-1.2416029975082258e-11,3.007687444161327e-14
42,1.3388888888888888,45.0,0.7853981633974483,0.9467374125886552,0.0,0.9467374125886553,51,31.301447737714017,0.0022043338327443645,-3.8364612150170256e-11,4.859087646181462e-06
42,1.3388888888888888,45.0,0.7853981633974483,0.9467374125886552,0.0,0.9467374125886553,52,31.30144773792052,0.018495147513806612,-6.838957237543455e-11,0.0003420704815574669
42,1.3388888888888888,45.0,0.7853981633974483,0.9467374125886552,0.0,0.9467374125886553,53,31.79394974414423,1.3547306320891138e-11,0.21082269444972712,0.044446208495043
42,1.3388888888888888,45.0,0.7853981633974483,0.9467374125886552,0.0,0.9467374125886553,54,32.54435131783464,3.5421666248032286e-07,5.097018990675007e-10,1.2546970377472487e-13
42,1.3388888888888888,45.0,0.7853981633974483,0.9467374125886552,0.0,0.9467374125886553,55,33.239787173533706,0.02814475653513074,-2.8810398027346663e-09,0.0007921273204217927
42,1.3388888888888888,45.0,0.7853981633974483,0.9467374125886552,0.0,0.9467374125886553,56,33.84801129744537,-8.671807901428698e-07,5.074036640463117e-09,7.520282686406408e-13
42,1.3388888888888888,45.0,0.7853981633974483,0.9467374125886552,0.0,0.9467374125886553,57,33.87453766276373,-6.889061730666357e-10,5.351971016123037e-08,2.864833967457395e-15
42,1.3388888888888888,45.0,0.7853981633974483,0.9467374125886552,0.0,0.9467374125886553,58,33.87453766290842,5.5546758595266674e-08,-1.2269159543415787e-07,1.8138669980619898e-14
42,1.3388888888888888,45.0,0.7853981633974483,0.9467374125886552,0.0,0.9467374125886553,59,34.047525019046134,-0.07409743588521603,1.6844466172802464e-09,0.005490430004763703
43,1.3388888888888888,67.5,1.1780972450961724,1.2369720407512228,0.0,0.5123705955554814,1,10.601089661427809,2.649056089591198e-11,-2.8723406522954256e-09,8.25104257264549e-18
43,1.3388888888888888,67.5,1.1780972450961724,1.2369720407512228,0.0,0.5123705955554814,2,12.52937925367041,-9.916377337376173e-09,1.1568589650367487e-11,9.833467332949425e-17
43,1.3388888888888888,67.5,1.1780972450961724,1.2369720407512228,0.0,0.5123705955554814,3,12.742641025626208,-4.6711836682788766e-11,0.12392984107285994,0.015358605508344322
43,1.3388888888888888,67.5,1.1780972450961724,1.2369720407512228,0.0,0.5123705955554814,4,13.130725291782012,-1.7228887129831507e-10,-2.334668381191636e-08,5.450973284687707e-16
43,1.3388888888888888,67.5,1.1780972450961724,1.2369720407512228,0.0,0.5123705955554814,5,13.130725291783854,-1.213983888615011e-09,2.4777292860756106e-08,6.153879983894923e-16
43,1.3388888888888888,67.5,1.1780972450961724,1.2369720407512228,0.0,0.5123705955554814,6,13.134244278463646,-0.15869463690943206,6.638092220488844e-12,0.025183987783816475
43,1.3388888888888888,67.5,1.1780972450961724,1.2369720407512228,0.0,0.5123705955554814,7,13.987379164703443,-2.818964553186681e-10,-0.13411863289148596,0.01798780768868118
43,1.3388888888888888,67.5,1.1780972450961724,1.2369720407512228,0.0,0.5123705955554814,8,13.987379164704198,1.7878324291046062e-09,-0.20586472239088666,0.04238028392507683
43,1.3388888888888888,67.5,1.1780972450961724,1.2369720407512228,0.0,0.5123705955554814,9,14.627113026715655,-1.4501748282412745e-11,-4.150234122948698e-09,1.7224653575990993e-17
43,1.3388888888888888,67.5,1.1780972450961724,1.2369720407512228,0.0,0.5123705955554814,10,15.474927381001192,4.139645803627575e-11,-0.12217704095693944,0.014927229336993659
43,1.3388888888888888,67.5,1.1780972450961724,1.2369720407512228,0.0,0.5123705955554814,11,16.694032611807582,-8.907427984407466e-10,-1.9196069327869943e-11,7.937912220516928e-19
43,1.3388888888888888,67.5,1.1780972450961724,1.2369720407512228,0.0,0.5123705955554814,12,16.966418124622876,-0.040343029948809894,-2.4954620387430017e-10,0.0016275600654505722
43,1.3388888888888888,67.5,1.1780972450961724,1.2369720407512228,0.0,0.5123705955554814,13,17.036546647825844,8.987850491205127e-09,3.965008627427877e-11,8.078302858159781e-17
43,1.3388888888888888,67.5,1.1780972450961724,1.2369720407512228,0.0,0.5123705955554814,14,17.03654664784861,4.9117757938321356e-08,2.4408936390908015e-11,2.4125547406837066e-15
43,1.3388888888888888,67.5,1.1780972450961724,1.2369720407512228,0.0,0.5123705955554814,15,17.05320327059592,0.0286120835819599,1.3559531147784612e-12,0.0008186513269010593
43,1.3388888888888888,67.5,1.1780972450961724,1.2369720407512228,0.0,0.5123705955554814,16,17.053203270617626,0.09352347805679734,-9.293765919490934e-13,0.008746640947840252
43,1.3388888888888888,67.5,1.1780972450961724,1.2369720407512228,0.0,0.5123705955554814,17,17.76622138238341,3.4606120988710775e-09,-1.478355207398344e-10,1.1997691440045302e-17
43,1.3388888888888888,67.5,1.1780972450961724,1.2369720407512228,0.0,0.5123705955554814,18,18.825760908026602,-3.43816853383487e-11,1.1936239785379585e-08,1.424750023143652e-16
43,1.3388888888888888,67.5,1.1780972450961724,1.2369720407512228,0.0,0.5123705955554814,19,18.923821923349376,0.2878131905257905,-1.4294925019702876e-10,0.08283643264063499
43,1.3388888888888888,67.5,1.1780972450961724,1.2369720407512228,0.0,0.5123705955554814,20,20.3060660028183,-3.905168901173243e-11,0.16515011448313743,0.0272745603137934
43,1.3388888888888888,67.5,1.1780972450961724,1.2369720407512228,0.0,0.5123705955554814,21,23.757108846036733,8.114534529789546e-09,-1.3144096361967394e-11,6.584584340241601e-17
43,1.3388888888888888,67.5,1.1780972450961724,1.2369720407512228,0.0,0.5123705955554814,22,23.75710884604802,-1.707270986710319e-08,-2.0727528877442224e-09,2.957737267399347e-16
43,1.3388888888888888,67.5,1.1780972450961724,1.2369720407512228,0.0,0.5123705955554814,23,23.84422923633635,-0.03889295649142836,-9.49030424070679e-11,0.0015126620646441396
43,1.3388888888888888,67.5,1.1780972450961724,1.2369720407512228,0.0,0.5123705955554814,24,23.844229236379192,0.26727475120373606,2.7952524466486556e-09,0.07143579263101903
43,1.3388888888888888,67.5,1.1780972450961724,1.2369720407512228,0.0,0.5123705955554814,25,24.180005762923916,3.6580926338764203e-11,1.173672221719174e-09,1.3788446482070241e-18
43,1.3388888888888888,67.5,1.1780972450961724,1.2369720407512228,0.0,0.5123705955554814,26,24.18000576292419,1.977752454934554e-11,2.0072714140957675e-09,4.0295296803233226e-18
43,1.3388888888888888,67.5,1.1780972450961724,1.2369720407512228,0.0,0.5123705955554814,27,25.328884414515628,-1.8241217243887126e-12,-5.982893413896181e-09,3.5795016929462366e-17
43,1.3388888888888888,67.5,1.1780972450961724,1.2369720407512228,0.0,0.5123705955554814,28,25.91832376952536,5.943902353971547e-11,0.19192743180895785,0.03683613908078217
43,1.3388888888888888,67.5,1.1780972450961724,1.2369720407512228,0.0,0.5123705955554814,29,26.291932671007505,0.07014780278234775,-1.1994003545554708e-10,0.004920714235191155
43,1.3388888888888888,67.5,1.1780972450961724,1.2369720407512228,0.0,0.5123705955554814,30,26.43209942982244,0.23380670805515905,2.644628586966489e-11,0.05466557673159037
43,1.3388888888888888,67.5,1.1780972450961724,1.2369720407512228,0.0,0.5123705955554814,31,26.432099429879074,-0.04385465802966798,-3.0562738390032215e-11,0.0019232310308991223
43,1.3388888888888888,67.5,1.1780972450961724,1.2369720407512228,0.0,0.5123705955554814,32,26.518243522671032,2.483537847490544e-08,1.552319876732901e-11,6.167962649614965e-16
43,1.3388888888888888,67.5,1.1780972450961724,1.2369720407512228,0.0,0.5123705955554814,33,26.518243522730998,1.870422905828468e-08,1.1122946020767457e-11,3.498483083847092e-16
43,1.3388888888888888,67.5,1.1780972450961724,1.2369720407512228,0.0,0.5123705955554814,34,26.54608589484942,-5.869736459907582e-10,0.426496885672464,0.18189959348831083
43,1.3388888888888888,67.5,1.1780972450961724,1.2369720407512228,0.0,0.5123705955554814,35,26.546085894850595,-8.82276599186623e-12,0.35694471006705497,0.12740952604485392
43,1.3388888888888888,67.5,1.1780972450961724,1.2369720407512228,0.0,0.5123705955554814,36,26.692547387677717,-3.792146427850115e-08,-1.075726615239747e-10,1.4380490249031464e-15
43,1.3388888888888888,67.5,1.1780972450961724,1.2369720407512228,0.0,0.5123705955554814,37,28.28123647832734,-2.375522674779512e-11,1.0333235064992042e-08,1.0677631121917893e-16
43,1.3388888888888888,67.5,1.1780972450961724,1.2369720407512228,0.0,0.5123705955554814,38,28.281236478348614,6.2080430914430864e-12,-2.052992326697208e-09,4.2148160332766405e-18
43,1.3388888888888888,67.5,1.1780972450961724,1.2369720407512228,0.0,0.5123705955554814,39,28.291774942128974,-2.2778722925259873e-12,-0.14067434886615598,0.01978927242891696
43,1.3388888888888888,67.5,1.1780972450961724,1.2369720407512228,0.0,0.5123705955554814,40,28.29177494215093,1.4463916713296807e-11,-0.011694541470369493,0.00013676230020219184
43,1.3388888888888888,67.5,1.1780972450961724,1.2369720407512228,0.0,0.5123705955554814,41,28.48692673989627,-3.4112615029850555e-10,8.24959776634965e-08,6.80570269770653e-15
43,1.3388888888888888,67.5,1.1780972450961724,1.2369720407512228,0.0,0.5123705955554814,42,28.48692674002121,-9.837569725186723e-13,2.421027026518688e-08,5.861371872811699e-16
43,1.3388888888888888,67.5,1.1780972450961724,1.2369720407512228,0.0,0.5123705955554814,43,28.53881613874187,-3.0564446833979867e-10,-0.054603189614207855,0.0029815083160451366
43,1.3388888888888888,67.5,1.1780972450961724,1.2369720407512228,0.0,0.5123705955554814,44,28.538816138886954,-1.796980080808205e-12,-0.04702229131934253,0.002211095880921116
43,1.3388888888888888,67.5,1.1780972450961724,1.2369720407512228,0.0,0.5123705955554814,45,29.479812918090055,-0.06517118695502772,-5.500606618352255e-10,0.004247283609127175
43,1.3388888888888888,67.5,1.1780972450961724,1.2369720407512228,0.0,0.5123705955554814,46,29.577235615176054,-3.827715952382974e-11,-3.8079000881705566e-08,1.4500117732898743e-15
43,1.3388888888888888,67.5,1.1780972450961724,1.2369720407512228,0.0,0.5123705955554814,47,30.134609682809216,4.7071145666273085e-11,0.10500397283944471,0.011025834312066843
43,1.3388888888888888,67.5,1.1780972450961724,1.2369720407512228,0.0,0.5123705955554814,48,30.42285909291524,6.694193280719914e-11,-4.769740495207089e-08,2.2750469203842048e-15
43,1.3388888888888888,67.5,1.1780972450961724,1.2369720407512228,0.0,0.5123705955554814,49,30.57781776649785,6.407010091094198e-09,-1.6811174903260085e-11,4.105006092298451e-17
43,1.3388888888888888,67.5,1.1780972450961724,1.2369720407512228,0.0,0.5123705955554814,50,30.57781776670913,-1.1065269177189215e-07,-2.929241564061708e-11,1.2244019054410983e-14
43,1.3388888888888888,67.5,1.1780972450961724,1.2369720407512228,0.0,0.5123705955554814,51,31.301447737714017,0.002042037292629879,-5.120680788081197e-11,4.169916304491169e-06
43,1.3388888888888888,67.5,1.1780972450961724,1.2369720407512228,0.0,0.5123705955554814,52,31.30144773792052,0.017133423642355695,-4.9350357789886085e-11,0.0002935542057084331
43,1.3388888888888888,67.5,1.1780972450961724,1.2369720407512228,0.0,0.5123705955554814,53,31.79394974414423,4.2454295460183916e-13,0.09131443603208951,0.008338326227858567
43,1.3388888888888888,67.5,1.1780972450961724,1.2369720407512228,0.0,0.5123705955554814,54,32.54435131783464,2.3221816829562328e-07,6.736187982648423e-10,5.3925731448859794e-14
43,1.3388888888888888,67.5,1.1780972450961724,1.2369720407512228,0.0,0.5123705955554814,55,33.239787173533706,0.027277601038059908,-5.037124503508049e-09,0.0007440675183915923
43,1.3388888888888888,67.5,1.1780972450961724,1.2369720407512228,0.0,0.5123705955554814,56,33.84801129744537,-5.437688195793557e-07,4.090967789423884e-09,2.9570126516418e-13
43,1.3388888888888888,67.5,1.1780972450961724,1.2369720407512228,0.0,0.5123705955554814,57,33.87453766276373,-6.255313054496886e-10,7.760797222829959e-08,6.023388642802619e-15
43,1.3388888888888888,67.5,1.1780972450961724,1.2369720407512228,0.0,0.5123705955554814,58,33.87453766290842,4.962894716744094e-08,-1.875548115188667e-07,3.7639839720826254e-14
43,1.3388888888888888,67.5,1.1780972450961724,1.2369720407512228,0.0,0.5123705955554814,59,34.047525019046134,-0.058499011621993446,1.212551785573358e-09,0.003422134360750126
44,1.3388888888888888,90.0,1.5707963267948966,1.3388888888888888,0.0,8.19832996095867e-17,1,10.601089661427809,-6.957227839637948e-14,1.910545352942683e-14,5.2053202758284186e-27
44,1.3388888888888888,90.0,1.5707963267948966,1.3388888888888888,0.0,8.19832996095867e-17,2,12.52937925367041,-1.1642953093259774e-08,-1.0319320706617875e-11,1.3555846322022718e-16
44,1.3388888888888888,90.0,1.5707963267948966,1.3388888888888888,0.0,8.19832996095867e-17,3,12.742641025626208,-4.700331989908317e-11,3.770869352806341e-15,2.209312095755003e-21
44,1.3388888888888888,90.0,1.5707963267948966,1.3388888888888888,0.0,8.19832996095867e-17,4,13.130725291782012,-1.0934089411065149e-10,-2.7013597247819017e-08,7.297463916985001e-16
44,1.3388888888888888,90.0,1.5707963267948966,1.3388888888888888,0.0,8.19832996095867e-17,5,13.130725291783854,-6.00763703050764e-10,3.6044419277418775e-08,1.2995610780732614e-15
44,1.3388888888888888,90.0,1.5707963267948966,1.3388888888888888,0.0,8.19832996095867e-17,6,13.134244278463646,-0.16264532594636763,2.8845225026821314e-11,0.026453502052200168
44,1.3388888888888888,90.0,1.5707963267948966,1.3388888888888888,0.0,8.19832996095867e-17,7,13.987379164703443,-1.5769869862661335e-10,-0.15080089858197648,0.022740911013131557
44,1.3388888888888888,90.0,1.5707963267948966,1.3388888888888888,0.0,8.19832996095867e-17,8,13.987379164704198,9.018133494338405e-10,-0.23147109200247884,0.053578866432820026
44,1.3388888888888888,90.0,1.5707963267948966,1.3388888888888888,0.0,8.19832996095867e-17,9,14.627113026715655,1.464208072161694e-13,1.7429980941186972e-14,2.1742857021444787e-26
44,1.3388888888888888,90.0,1.5707963267948966,1.3388888888888888,0.0,8.19832996095867e-17,10,15.474927381001192,1.3996853193843569e-11,-1.9385563731374968e-14,1.9591227513009008e-22
44,1.3388888888888888,90.0,1.5707963267948966,1.3388888888888888,0.0,8.19832996095867e-17,11,16.694032611807582,2.6863836318453955e-09,-2.4937082382389986e-11,7.217278875524604e-18
44,1.3388888888888888,90.0,1.5707963267948966,1.3388888888888888,0.0,8.19832996095867e-17,12,16.966418124622876,-0.004902700641009563,-1.8947027053034068e-10,2.4036473575355622e-05
44,1.3388888888888888,90.0,1.5707963267948966,1.3388888888888888,0.0,8.19832996095867e-17,13,17.036546647825844,-1.9718293000541585e-15,-1.0047554542724872e-13,1.0099223339691674e-26
44,1.3388888888888888,90.0,1.5707963267948966,1.3388888888888888,0.0,8.19832996095867e-17,14,17.03654664784861,-2.57944329476783e-15,-2.3020281700095677e-13,5.299999048288692e-26
44,1.3388888888888888,90.0,1.5707963267948966,1.3388888888888888,0.0,8.19832996095867e-17,15,17.05320327059592,-5.3512619132927316e-17,9.445436654729353e-14,8.92163022345089e-27
44,1.3388888888888888,90.0,1.5707963267948966,1.3388888888888888,0.0,8.19832996095867e-17,16,17.053203270617626,-1.6236274844941078e-15,4.5454565812533693e-13,2.0661439148680407e-25
44,1.3388888888888888,90.0,1.5707963267948966,1.3388888888888888,0.0,8.19832996095867e-17,17,17.76622138238341,3.781501314838263e-09,-1.6771673685775478e-10,1.4327881097945726e-17
44,1.3388888888888888,90.0,1.5707963267948966,1.3388888888888888,0.0,8.19832996095867e-17,18,18.825760908026602,-7.827273548923487e-13,3.129527286552274e-14,6.136415062005004e-25
44,1.3388888888888888,90.0,1.5707963267948966,1.3388888888888888,0.0,8.19832996095867e-17,19,18.923821923349376,0.31078437271742887,-2.2844212668871537e-10,0.09658692632536575
44,1.3388888888888888,90.0,1.5707963267948966,1.3388888888888888,0.0,8.19832996095867e-17,20,20.3060660028183,-2.98799029073054e-11,-5.364090714681337e-14,8.928114750969171e-22
44,1.3388888888888888,90.0,1.5707963267948966,1.3388888888888888,0.0,8.19832996095867e-17,21,23.757108846036733,6.262259241027687e-09,2.4083871369313435e-13,3.9215890859839947e-17
44,1.3388888888888888,90.0,1.5707963267948966,1.3388888888888888,0.0,8.19832996095867e-17,22,23.75710884604802,-1.958091298198525e-08,-2.358216608965296e-09,3.889733387828783e-16
44,1.3388888888888888,90.0,1.5707963267948966,1.3388888888888888,0.0,8.19832996095867e-17,23,23.84422923633635,-0.04747545485057277,-1.151993521925484e-10,0.0022539188132687737
44,1.3388888888888888,90.0,1.5707963267948966,1.3388888888888888,0.0,8.19832996095867e-17,24,23.844229236379192,0.3262542247660218,3.18536461220297e-09,0.10644181917767788
44,1.3388888888888888,90.0,1.5707963267948966,1.3388888888888888,0.0,8.19832996095867e-17,25,24.180005762923916,1.8883948995746058e-11,-1.4789634913452573e-09,2.187689612261827e-18
44,1.3388888888888888,90.0,1.5707963267948966,1.3388888888888888,0.0,8.19832996095867e-17,26,24.18000576292419,-3.314596193911205e-11,1.808669553287457e-09,3.2723842077819185e-18
44,1.3388888888888888,90.0,1.5707963267948966,1.3388888888888888,0.0,8.19832996095867e-17,27,25.328884414515628,1.31027565500117e-12,-5.660512393532603e-14,1.7200264321444786e-24
44,1.3388888888888888,90.0,1.5707963267948966,1.3388888888888888,0.0,8.19832996095867e-17,28,25.91832376952536,1.9698085387008094e-10,4.890977230014019e-14,3.8801459183552004e-20
44,1.3388888888888888,90.0,1.5707963267948966,1.3388888888888888,0.0,8.19832996095867e-17,29,26.291932671007505,0.16970570267178003,1.7364040257986826e-10,0.02880002551932261
44,1.3388888888888888,90.0,1.5707963267948966,1.3388888888888888,0.0,8.19832996095867e-17,30,26.43209942982244,-1.3798991380427715e-13,2.3113279072823273e-11,5.34242710714522e-22
44,1.3388888888888888,90.0,1.5707963267948966,1.3388888888888888,0.0,8.19832996095867e-17,31,26.432099429879074,-3.597075573681395e-14,-1.215993283402973e-12,1.4799335605494207e-24
44,1.3388888888888888,90.0,1.5707963267948966,1.3388888888888888,0.0,8.19832996095867e-17,32,26.518243522671032,4.5337387931851415e-15,1.4024642706561043e-13,1.9689615092114417e-26
44,1.3388888888888888,90.0,1.5707963267948966,1.3388888888888888,0.0,8.19832996095867e-17,33,26.518243522730998,-5.386150993108046e-15,-3.116666434129021e-13,9.716510723878563e-26
44,1.3388888888888888,90.0,1.5707963267948966,1.3388888888888888,0.0,8.19832996095867e-17,34,26.54608589484942,-3.7430613153689744e-10,0.482280425588826,0.23259440890613914
44,1.3388888888888888,90.0,1.5707963267948966,1.3388888888888888,0.0,8.19832996095867e-17,35,26.546085894850595,-1.0882969573764205e-11,0.40363119202973535,0.16291813917934508
44,1.3388888888888888,90.0,1.5707963267948966,1.3388888888888888,0.0,8.19832996095867e-17,36,26.692547387677717,-3.90235383439941e-08,-1.405523767223523e-10,1.52285629985578e-15
44,1.3388888888888888,90.0,1.5707963267948966,1.3388888888888888,0.0,8.19832996095867e-17,37,28.28123647832734,-2.6495106939019733e-12,1.3098470198481662e-14,7.020078487022456e-24
44,1.3388888888888888,90.0,1.5707963267948966,1.3388888888888888,0.0,8.19832996095867e-17,38,28.281236478348614,4.650925380793696e-13,1.6876964135590945e-15,2.163139172962942e-25
44,1.3388888888888888,90.0,1.5707963267948966,1.3388888888888888,0.0,8.19832996095867e-17,39,28.291774942128974,2.5224588238578638e-12,-1.4204321525767913e-14,6.3630002808084046e-24
44,1.3388888888888888,90.0,1.5707963267948966,1.3388888888888888,0.0,8.19832996095867e-17,40,28.29177494215093,4.548516259103296e-13,-7.963287943406601e-15,2.0695341554814e-25
44,1.3388888888888888,90.0,1.5707963267948966,1.3388888888888888,0.0,8.19832996095867e-17,41,28.48692673989627,1.0244376284870598e-10,8.910348913393685e-08,7.939442270566148e-15
44,1.3388888888888888,90.0,1.5707963267948966,1.3388888888888888,0.0,8.19832996095867e-17,42,28.48692674002121,-8.958480540270917e-12,2.6077744623152248e-08,6.800488448847196e-16
44,1.3388888888888888,90.0,1.5707963267948966,1.3388888888888888,0.0,8.19832996095867e-17,43,28.53881613874187,1.818231206689659e-10,0.019291355561288553,0.0003721563993920589
44,1.3388888888888888,90.0,1.5707963267948966,1.3388888888888888,0.0,8.19832996095867e-17,44,28.538816138886954,-6.659476520827281e-12,0.01661294671915226,0.0002759899986933918
44,1.3388888888888888,90.0,1.5707963267948966,1.3388888888888888,0.0,8.19832996095867e-17,45,29.479812918090055,-0.09397742765263752,-1.0198579515291807e-09,0.00883175690820672
44,1.3388888888888888,90.0,1.5707963267948966,1.3388888888888888,0.0,8.19832996095867e-17,46,29.577235615176054,-1.0104505050242555e-11,3.4320588823163146e-13,1.0221881259209417e-22
44,1.3388888888888888,90.0,1.5707963267948966,1.3388888888888888,0.0,8.19832996095867e-17,47,30.134609682809216,4.417244355960556e-12,7.700950143725416e-13,2.0105094031426832e-23
44,1.3388888888888888,90.0,1.5707963267948966,1.3388888888888888,0.0,8.19832996095867e-17,48,30.42285909291524,-1.0546353537204279e-11,6.33223940442187e-13,1.1162654549045033e-22
44,1.3388888888888888,90.0,1.5707963267948966,1.3388888888888888,0.0,8.19832996095867e-17,49,30.57781776649785,4.511153331306777e-15,3.2582698066751225e-14,1.0819827176876342e-27
44,1.3388888888888888,90.0,1.5707963267948966,1.3388888888888888,0.0,8.19832996095867e-17,50,30.57781776670913,-1.003918392494222e-14,-4.895052059536882e-13,2.3971613186964146e-25
44,1.3388888888888888,90.0,1.5707963267948966,1.3388888888888888,0.0,8.19832996095867e-17,51,31.301447737714017,-1.2061499525805591e-14,-3.094636851718399e-15,1.5505654805502208e-28
44,1.3388888888888888,90.0,1.5707963267948966,1.3388888888888888,0.0,8.19832996095867e-17,52,31.30144773792052,-1.7054509637556866e-13,-4.06018492891959e-13,1.9393664646800977e-25
44,1.3388888888888888,90.0,1.5707963267948966,1.3388888888888888,0.0,8.19832996095867e-17,53,31.79394974414423,3.262711100907152e-11,-4.2748615864932353e-13,1.0647111172141128e-21
44,1.3388888888888888,90.0,1.5707963267948966,1.3388888888888888,0.0,8.19832996095867e-17,54,32.54435131783464,1.6337259317209435e-07,5.424445088411803e-10,2.669089844581982e-14
44,1.3388888888888888,90.0,1.5707963267948966,1.3388888888888888,0.0,8.19832996095867e-17,55,33.239787173533706,0.028086898991473187,-6.054982972871683e-09,0.0007888738949572542
44,1.3388888888888888,90.0,1.5707963267948966,1.3388888888888888,0.0,8.19832996095867e-17,56,33.84801129744537,-3.978298706857962e-07,4.3664631372897855e-09,1.5828767201020666e-13
44,1.3388888888888888,90.0,1.5707963267948966,1.3388888888888888,0.0,8.19832996095867e-17,57,33.87453766276373,-6.159175416247344e-10,9.013460532069087e-08,8.124626430734797e-15
44,1.3388888888888888,90.0,1.5707963267948966,1.3388888888888888,0.0,8.19832996095867e-17,58,33.87453766290842,4.753686537329877e-08,-2.1781403258186616e-07,4.970270635909338e-14
44,1.3388888888888888,90.0,1.5707963267948966,1.3388888888888888,0.0,8.19832996095867e-17,59,34.047525019046134,-0.05073168916327421,7.297651519398536e-10,0.0025737042853590745
45,1.5,0.0,0.0,0.0,0.0,1.5,1,10.601089661427809,-5.578216409000843e-13,2.205343412370691e-08,4.863539569598454e-16
45,1.5,0.0,0.0,0.0,0.0,1.5,2,12.52937925367041,8.373091892555419e-09,-2.2526405007956028e-13,7.010866789192117e-17
45,1.5,0.0,0.0,0.0,0.0,1.5,3,12.742641025626208,-4.687411991784147e-11,0.21669336019130223,0.046956012350997445
45,1.5,0.0,0.0,0.0,0.0,1.5,4,13.130725291782012,-4.181110088723849e-10,1.695604655291308e-14,1.7481681602779103e-19
45,1.5,0.0,0.0,0.0,0.0,1.5,5,13.130725291783854,-3.727347422794682e-09,1.1480606126294197e-13,1.3893118823394594e-17
45,1.5,0.0,0.0,0.0,0.0,1.5,6,13.134244278463646,-0.11561020720620672,-3.42212240877856e-11,0.013365720010262053
45,1.5,0.0,0.0,0.0,0.0,1.5,7,13.987379164703443,-7.327909478445502e-10,1.9894339693784715e-14,5.369825736386991e-19
45,1.5,0.0,0.0,0.0,0.0,1.5,8,13.987379164704198,5.366914954583855e-09,-1.4070710055375267e-13,2.8803776149534304e-17
45,1.5,0.0,0.0,0.0,0.0,1.5,9,14.627113026715655,2.2006845247848278e-13,1.1074737331288162e-09,1.2264981180004003e-18
45,1.5,0.0,0.0,0.0,0.0,1.5,10,15.474927381001192,6.988065593315835e-11,-0.22487758715803116,0.050569929206017904
45,1.5,0.0,0.0,0.0,0.0,1.5,11,16.694032611807582,-2.5692362650654687e-08,-2.532314711559104e-13,6.600974986368822e-16
45,1.5,0.0,0.0,0.0,0.0,1.5,12,16.966418124622876,-0.18411140809706758,-1.2274305159773546e-10,0.03389701059148496
45,1.5,0.0,0.0,0.0,0.0,1.5,13,17.036546647825844,-3.2360300469551073e-14,1.0489319855800105e-10,1.100258415091728e-20
45,1.5,0.0,0.0,0.0,0.0,1.5,14,17.03654664784861,-1.5000770092363267e-14,6.657373498527058e-11,4.432062414912143e-21
45,1.5,0.0,0.0,0.0,0.0,1.5,15,17.05320327059592,-9.287967953803418e-15,1.3102611313062541e-11,1.716785094875432e-22
45,1.5,0.0,0.0,0.0,0.0,1.5,16,17.053203270617626,1.565333952211628e-14,8.162560484715136e-12,6.662763869367119e-23
45,1.5,0.0,0.0,0.0,0.0,1.5,17,17.76622138238341,2.528911461732243e-08,4.595645862835064e-13,6.395393183392705e-16
45,1.5,0.0,0.0,0.0,0.0,1.5,18,18.825760908026602,9.721490832259082e-13,2.5399672040589915e-08,6.451433407145989e-16
45,1.5,0.0,0.0,0.0,0.0,1.5,19,18.923821923349376,0.15655597465413257,7.303909392533924e-11,0.0245097731999054
45,1.5,0.0,0.0,0.0,0.0,1.5,20,20.3060660028183,-2.499691053091279e-11,0.39053471645960036,0.15251736476018046
45,1.5,0.0,0.0,0.0,0.0,1.5,21,23.757108846036733,-1.9886881210546954e-09,-1.5016230470031908e-14,3.954880443049542e-18
45,1.5,0.0,0.0,0.0,0.0,1.5,22,23.75710884604802,-1.5471089362501794e-08,4.1574556689746906e-14,2.393546060642446e-16
45,1.5,0.0,0.0,0.0,0.0,1.5,23,23.84422923633635,1.4430813296211123e-09,4.94298779080878e-13,2.0824839682323206e-18
45,1.5,0.0,0.0,0.0,0.0,1.5,24,23.844229236379192,2.1555569222749928e-08,-3.2460558363888303e-12,4.646425750536425e-16
45,1.5,0.0,0.0,0.0,0.0,1.5,25,24.180005762923916,5.261881849042883e-11,3.035812114074394e-15,2.7687400685448503e-21
45,1.5,0.0,0.0,0.0,0.0,1.5,26,24.18000576292419,8.530820541764779e-11,9.913078645341858e-15,7.277490009848719e-21
45,1.5,0.0,0.0,0.0,0.0,1.5,27,25.328884414515628,7.624392202697255e-13,-3.847519173463149e-08,1.4803403795979691e-15
45,1.5,0.0,0.0,0.0,0.0,1.5,28,25.91832376952536,-4.325738979598859e-10,0.11187145243354392,0.012515221869590679
45,1.5,0.0,0.0,0.0,0.0,1.5,29,26.291932671007505,-0.38140585020450907,-1.8363526923895245e-10,0.1454704225702244
45,1.5,0.0,0.0,0.0,0.0,1.5,30,26.43209942982244,3.1940655408451227e-13,5.69318619205836e-11,3.2413389222911888e-21
45,1.5,0.0,0.0,0.0,0.0,1.5,31,26.432099429879074,8.1127359924969e-14,-7.157496343165149e-11,5.1229819718907764e-21
45,1.5,0.0,0.0,0.0,0.0,1.5,32,26.518243522671032,-1.8540711301275477e-15,2.3869274633026526e-11,5.697422749444234e-22
45,1.5,0.0,0.0,0.0,0.0,1.5,33,26.518243522730998,2.585476036653769e-14,-2.956781151880409e-11,8.742561464801574e-22
45,1.5,0.0,0.0,0.0,0.0,1.5,34,26.54608589484942,-1.7193327171624343e-09,4.1956741612787535e-14,2.956104994065527e-18
45,1.5,0.0,0.0,0.0,0.0,1.5,35,26.546085894850595,2.9018182590676093e-11,8.179460946549832e-15,8.420549877693985e-22
45,1.5,0.0,0.0,0.0,0.0,1.5,36,26.692547387677717,-1.0132981184840262e-07,4.504087812428077e-12,1.0267730789519484e-14
45,1.5,0.0,0.0,0.0,0.0,1.5,37,28.28123647832734,-5.918241441865185e-12,8.495447539076973e-10,7.217613144738541e-19
45,1.5,0.0,0.0,0.0,0.0,1.5,38,28.281236478348614,1.0139418518349494e-12,2.5727090735491654e-10,6.618934784930096e-20
45,1.5,0.0,0.0,0.0,0.0,1.5,39,28.291774942128974,5.04404206913427e-12,-9.796362369337527e-10,9.597125990741189e-19
45,1.5,0.0,0.0,0.0,0.0,1.5,40,28.29177494215093,9.423736350675304e-13,4.49301187857736e-11,2.0196036421717965e-21
45,1.5,0.0,0.0,0.0,0.0,1.5,41,28.48692673989627,-5.752853785452902e-10,-3.5903383389689146e-14,3.3095326805705074e-19
45,1.5,0.0,0.0,0.0,0.0,1.5,42,28.48692674002121,2.7440113501463214e-12,-1.7776597333415523e-15,7.529601449805966e-24
45,1.5,0.0,0.0,0.0,0.0,1.5,43,28.53881613874187,-4.717800468772231e-10,-2.398858506630466e-14,2.2257641320692704e-19
45,1.5,0.0,0.0,0.0,0.0,1.5,44,28.538816138886954,2.2301714671844692e-12,-9.386132882999942e-14,4.982474722093461e-24
45,1.5,0.0,0.0,0.0,0.0,1.5,45,29.479812918090055,0.03255963183695328,-2.0392987739299244e-11,0.0010601296253579418
45,1.5,0.0,0.0,0.0,0.0,1.5,46,29.577235615176054,-1.6516183791855078e-11,-1.322552648689038e-07,1.749145535832823e-14
45,1.5,0.0,0.0,0.0,0.0,1.5,47,30.134609682809216,-4.835827634270921e-11,0.4460446454797625,0.19895582576116705
45,1.5,0.0,0.0,0.0,0.0,1.5,48,30.42285909291524,-2.1746262739837232e-11,-1.9733797059856778e-07,3.8942275112861146e-14
45,1.5,0.0,0.0,0.0,0.0,1.5,49,30.57781776649785,1.0004485675337588e-14,3.612689178405448e-12,1.3051623189501459e-23
45,1.5,0.0,0.0,0.0,0.0,1.5,50,30.57781776670913,2.0681072569886632e-14,-3.2231103481594454e-12,1.0388868023175143e-23
45,1.5,0.0,0.0,0.0,0.0,1.5,51,31.301447737714017,-2.0330688150540106e-14,1.6977714316009917e-11,2.8824319673292877e-22
45,1.5,0.0,0.0,0.0,0.0,1.5,52,31.30144773792052,-4.954424096861679e-13,1.5579167394568438e-11,2.429559198893e-22
45,1.5,0.0,0.0,0.0,0.0,1.5,53,31.79394974414423,6.129797313563426e-11,0.3759789994140605,0.14136020800039809
45,1.5,0.0,0.0,0.0,0.0,1.5,54,32.54435131783464,4.6768887339476353e-07,-2.445598657540463e-12,2.187328823032441e-13
45,1.5,0.0,0.0,0.0,0.0,1.5,55,33.239787173533706,0.04709385433341722,-1.0914354960038171e-10,0.0022178311159771202
45,1.5,0.0,0.0,0.0,0.0,1.5,56,33.84801129744537,-1.4118295837071239e-06,1.532691247670372e-10,1.9932627969220552e-12
45,1.5,0.0,0.0,0.0,0.0,1.5,57,33.87453766276373,-8.441292981871481e-10,-3.779056585319354e-13,7.12554414870614e-19
45,1.5,0.0,0.0,0.0,0.0,1.5,58,33.87453766290842,6.684638252626959e-08,2.7790808567772203e-11,4.468439629177401e-15
45,1.5,0.0,0.0,0.0,0.0,1.5,59,34.047525019046134,-0.09247836303515874,-7.510074546322854e-11,0.008552247629662616
46,1.5,22.5,0.39269908169872414,0.5740251485476346,0.0,1.38581929876693,1,10.601089661427809,6.369577069353348e-13,1.752844391171677e-08,3.0724634637191577e-16
46,1.5,22.5,0.39269908169872414,0.5740251485476346,0.0,1.38581929876693,2,12.52937925367041,4.131840491726655e-09,3.338644190808007e-11,1.707322050357525e-17
46,1.5,22.5,0.39269908169872414,0.5740251485476346,0.0,1.38581929876693,3,12.742641025626208,-2.5678183078977244e-11,0.20964487574763713,0.04395097392724221
46,1.5,22.5,0.39269908169872414,0.5740251485476346,0.0,1.38581929876693,4,13.130725291782012,-4.01995759097198e-10,-7.05697928790993e-09,4.9962557260321874e-17
46,1.5,22.5,0.39269908169872414,0.5740251485476346,0.0,1.38581929876693,5,13.130725291783854,-3.5215830183367437e-09,-4.654045058244717e-09,3.40616823592098e-17
46,1.5,22.5,0.39269908169872414,0.5740251485476346,0.0,1.38581929876693,6,13.134244278463646,-0.12045085195575683,5.292629779244257e-12,0.01450840773686765
46,1.5,22.5,0.39269908169872414,0.5740251485476346,0.0,1.38581929876693,7,13.987379164703443,-7.051730102721936e-10,-0.034794830368657104,0.001210680220383623
46,1.5,22.5,0.39269908169872414,0.5740251485476346,0.0,1.38581929876693,8,13.987379164704198,5.087816288770825e-09,-0.05340813488086628,0.0028524288714528315
46,1.5,22.5,0.39269908169872414,0.5740251485476346,0.0,1.38581929876693,9,14.627113026715655,-1.8176430536457714e-11,-5.000522858432961e-10,2.5038267120415223e-19
46,1.5,22.5,0.39269908169872414,0.5740251485476346,0.0,1.38581929876693,10,15.474927381001192,6.676564361584409e-11,-0.21675714588149994,0.04698366029069385
46,1.5,22.5,0.39269908169872414,0.5740251485476346,0.0,1.38581929876693,11,16.694032611807582,-2.175494976988271e-08,-3.9741468048505255e-12,4.732778552839627e-16
46,1.5,22.5,0.39269908169872414,0.5740251485476346,0.0,1.38581929876693,12,16.966418124622876,-0.16346355093363996,-2.4717142773505664e-10,0.026720332483834704
46,1.5,22.5,0.39269908169872414,0.5740251485476346,0.0,1.38581929876693,13,17.036546647825844,8.199486160871274e-09,9.028178837843781e-11,6.723972410363235e-17
46,1.5,22.5,0.39269908169872414,0.5740251485476346,0.0,1.38581929876693,14,17.03654664784861,4.875895082063412e-08,4.516153786282936e-11,2.3774373246935188e-15
46,1.5,22.5,0.39269908169872414,0.5740251485476346,0.0,1.38581929876693,15,17.05320327059592,0.02087344784980145,1.9300921053439266e-11,0.0004357008251383808
46,1.5,22.5,0.39269908169872414,0.5740251485476346,0.0,1.38581929876693,16,17.053203270617626,0.06822843391729366,1.778761654546305e-11,0.004655119194806508
46,1.5,22.5,0.39269908169872414,0.5740251485476346,0.0,1.38581929876693,17,17.76622138238341,1.9623037779017556e-08,-8.321806266318957e-11,3.8507053692270367e-16
46,1.5,22.5,0.39269908169872414,0.5740251485476346,0.0,1.38581929876693,18,18.825760908026602,-1.3608860387114e-11,2.45669139453799e-08,6.035334460007824e-16
46,1.5,22.5,0.39269908169872414,0.5740251485476346,0.0,1.38581929876693,19,18.923821923349376,0.1744381209552172,-3.852283115221219e-11,0.03042865804238699
46,1.5,22.5,0.39269908169872414,0.5740251485476346,0.0,1.38581929876693,20,20.3060660028183,-2.5538737347068113e-11,0.36367575422529363,0.1322600542113362
46,1.5,22.5,0.39269908169872414,0.5740251485476346,0.0,1.38581929876693,21,23.757108846036733,2.9259903794177163e-09,-3.053602296923935e-12,8.56142902493202e-18
46,1.5,22.5,0.39269908169872414,0.5740251485476346,0.0,1.38581929876693,22,23.75710884604802,-1.4553844683112866e-08,-1.0454645159270724e-09,2.1290739111423523e-16
46,1.5,22.5,0.39269908169872414,0.5740251485476346,0.0,1.38581929876693,23,23.84422923633635,-0.0046484687319147434,-3.642385122279325e-11,2.1608261551589063e-05
46,1.5,22.5,0.39269908169872414,0.5740251485476346,0.0,1.38581929876693,24,23.844229236379192,0.031944557797117155,1.3703909917259267e-09,0.0010204547728533604
46,1.5,22.5,0.39269908169872414,0.5740251485476346,0.0,1.38581929876693,25,24.180005762923916,6.014127720369743e-11,4.090885275406373e-09,1.6738959309760366e-17
46,1.5,22.5,0.39269908169872414,0.5740251485476346,0.0,1.38581929876693,26,24.18000576292419,1.0554382426189587e-10,1.0602036466562829e-09,1.1351712712231064e-18
46,1.5,22.5,0.39269908169872414,0.5740251485476346,0.0,1.38581929876693,27,25.328884414515628,1.0134727650762464e-12,-3.040749110191994e-08,9.246155161404673e-16
46,1.5,22.5,0.39269908169872414,0.5740251485476346,0.0,1.38581929876693,28,25.91832376952536,-3.8346012773439366e-10,0.15484547746946328,0.02397712189274606
46,1.5,22.5,0.39269908169872414,0.5740251485476346,0.0,1.38581929876693,29,26.291932671007505,-0.3192596464414251,-1.3428817375781959e-10,0.10192672184590378
46,1.5,22.5,0.39269908169872414,0.5740251485476346,0.0,1.38581929876693,30,26.43209942982244,0.18368219540509756,4.858923750646209e-11,0.03373914890883644
46,1.5,22.5,0.39269908169872414,0.5740251485476346,0.0,1.38581929876693,31,26.432099429879074,-0.03445291354501221,-6.919197684971794e-11,0.0011870032517400859
46,1.5,22.5,0.39269908169872414,0.5740251485476346,0.0,1.38581929876693,32,26.518243522671032,3.942903666370614e-08,2.259234964396115e-11,1.5546494426421455e-15
46,1.5,22.5,0.39269908169872414,0.5740251485476346,0.0,1.38581929876693,33,26.518243522730998,2.2252764405542648e-08,-2.1209831243313603e-11,4.951859735455273e-16
46,1.5,22.5,0.39269908169872414,0.5740251485476346,0.0,1.38581929876693,34,26.54608589484942,-1.5720600524359055e-09,0.11955031709295587,0.014292278317026298
46,1.5,22.5,0.39269908169872414,0.5740251485476346,0.0,1.38581929876693,35,26.546085894850595,2.0549008496105943e-11,0.10005431291436143,0.010010865532764951
46,1.5,22.5,0.39269908169872414,0.5740251485476346,0.0,1.38581929876693,36,26.692547387677717,-8.39805050501613e-08,-1.3069314720620047e-10,7.0527423091788935e-15
46,1.5,22.5,0.39269908169872414,0.5740251485476346,0.0,1.38581929876693,37,28.28123647832734,-1.808691101210508e-11,-7.485401393489458e-10,5.60639476566499e-19
46,1.5,22.5,0.39269908169872414,0.5740251485476346,0.0,1.38581929876693,38,28.281236478348614,1.7331163478530853e-11,-6.615789607240925e-11,4.6772364402472654e-21
46,1.5,22.5,0.39269908169872414,0.5740251485476346,0.0,1.38581929876693,39,28.291774942128974,1.855447081902896e-11,-0.05816881071845307,0.0033836105403992206
46,1.5,22.5,0.39269908169872414,0.5740251485476346,0.0,1.38581929876693,40,28.29177494215093,1.5504515601470838e-11,-0.004835689969143935,2.338389747767927e-05
46,1.5,22.5,0.39269908169872414,0.5740251485476346,0.0,1.38581929876693,41,28.48692673989627,-8.846326009022433e-10,4.753056980480639e-08,2.2599376408081523e-15
46,1.5,22.5,0.39269908169872414,0.5740251485476346,0.0,1.38581929876693,42,28.48692674002121,-4.543240521829567e-12,1.351401105108157e-08,1.8262851532978926e-16
46,1.5,22.5,0.39269908169872414,0.5740251485476346,0.0,1.38581929876693,43,28.53881613874187,-8.14492787568863e-10,-0.16666177102115182,0.02777614591990684
46,1.5,22.5,0.39269908169872414,0.5740251485476346,0.0,1.38581929876693,44,28.538816138886954,6.670910995606934e-12,-0.1435229658667307,0.020598841731182743
46,1.5,22.5,0.39269908169872414,0.5740251485476346,0.0,1.38581929876693,45,29.479812918090055,0.02199228974826121,3.977936020296759e-11,0.0004836608083714752
46,1.5,22.5,0.39269908169872414,0.5740251485476346,0.0,1.38581929876693,46,29.577235615176054,-2.092100706478315e-11,-1.1801132873140753e-07,1.3926674146640869e-14
46,1.5,22.5,0.39269908169872414,0.5740251485476346,0.0,1.38581929876693,47,30.134609682809216,-4.059820906530297e-11,0.3942133875888669,0.15540419495429023
46,1.5,22.5,0.39269908169872414,0.5740251485476346,0.0,1.38581929876693,48,30.42285909291524,-4.839442124411147e-11,-1.7155357767321925e-07,2.943063235450128e-14
46,1.5,22.5,0.39269908169872414,0.5740251485476346,0.0,1.38581929876693,49,30.57781776649785,1.1204411539159067e-08,-2.489259057451571e-12,1.2553884413525151e-16
46,1.5,22.5,0.39269908169872414,0.5740251485476346,0.0,1.38581929876693,50,30.57781776670913,-1.5653597346025078e-07,-1.4037911294423391e-11,2.4503511184211292e-14
46,1.5,22.5,0.39269908169872414,0.5740251485476346,0.0,1.38581929876693,51,31.301447737714017,0.00019647339099882087,6.628782181601795e-12,3.860179337057559e-08
46,1.5,22.5,0.39269908169872414,0.5740251485476346,0.0,1.38581929876693,52,31.30144773792052,0.001648523702676178,-2.3236984567487313e-11,2.717630398285176e-06
46,1.5,22.5,0.39269908169872414,0.5740251485476346,0.0,1.38581929876693,53,31.79394974414423,6.755553683459282e-11,0.3325495756222042,0.11058922024650812
46,1.5,22.5,0.39269908169872414,0.5740251485476346,0.0,1.38581929876693,54,32.54435131783464,4.6090852383453673e-07,-1.469451020068086e-10,2.1243668893619472e-13
46,1.5,22.5,0.39269908169872414,0.5740251485476346,0.0,1.38581929876693,55,33.239787173533706,0.04231511857540973,-9.993643726108922e-10,0.001790569260050987
46,1.5,22.5,0.39269908169872414,0.5740251485476346,0.0,1.38581929876693,56,33.84801129744537,-1.2921461985229786e-06,7.617375572329432e-09,1.6696998227679948e-12
46,1.5,22.5,0.39269908169872414,0.5740251485476346,0.0,1.38581929876693,57,33.87453766276373,-8.101335172583087e-10,3.048306866016745e-08,9.298737912562683e-16
46,1.5,22.5,0.39269908169872414,0.5740251485476346,0.0,1.38581929876693,58,33.87453766290842,6.46814038948972e-08,-6.653205455037105e-08,8.610198292508372e-15
46,1.5,22.5,0.39269908169872414,0.5740251485476346,0.0,1.38581929876693,59,34.047525019046134,-0.08999140282987063,1.2499208869022502e-09,0.008098452583288049
47,1.5,45.0,0.7853981633974483,1.0606601717798212,0.0,1.0606601717798214,1,10.601089661427809,1.7689325895701867e-11,5.353788045350912e-09,2.866335934679299e-17
47,1.5,45.0,0.7853981633974483,1.0606601717798212,0.0,1.0606601717798214,2,12.52937925367041,-4.531743164132917e-09,3.217988402689491e-11,2.0537731650601408e-17
47,1.5,45.0,0.7853981633974483,1.0606601717798212,0.0,1.0606601717798214,3,12.742641025626208,-2.8591838276615268e-11,0.17856597692341628,0.031885808114614035
47,1.5,45.0,0.7853981633974483,1.0606601717798212,0.0,1.0606601717798214,4,13.130725291782012,-3.2307017280422374e-10,-1.6343946573817117e-08,2.67228963944344e-16
47,1.5,45.0,0.7853981633974483,1.0606601717798212,0.0,1.0606601717798214,5,13.130725291783854,-2.7087564057658345e-09,3.391048789021433e-09,1.8836573155301166e-17
47,1.5,45.0,0.7853981633974483,1.0606601717798212,0.0,1.0606601717798214,6,13.134244278463646,-0.1323700846591166,9.331973896081602e-12,0.017521839312661693
47,1.5,45.0,0.7853981633974483,1.0606601717798212,0.0,1.0606601717798214,7,13.987379164703443,-5.69767651095909e-10,-0.07288782857410922,0.005312635554248732
47,1.5,45.0,0.7853981633974483,1.0606601717798212,0.0,1.0606601717798214,8,13.987379164704198,3.927847415111776e-09,-0.11187878818602948,0.012516863245974464
47,1.5,45.0,0.7853981633974483,1.0606601717798212,0.0,1.0606601717798214,9,14.627113026715655,-2.2864482877143622e-11,-3.90418720623829e-09,1.5243200525931984e-17
47,1.5,45.0,0.7853981633974483,1.0606601717798212,0.0,1.0606601717798214,10,15.474927381001192,5.89792121700917e-11,-0.18293553282516548,0.033465409170027195
47,1.5,45.0,0.7853981633974483,1.0606601717798212,0.0,1.0606601717798214,11,16.694032611807582,-1.2137369095424249e-08,-6.357478934089364e-12,1.4731576897609803e-16
47,1.5,45.0,0.7853981633974483,1.0606601717798212,0.0,1.0606601717798214,12,16.966418124622876,-0.10765891825525305,-2.927190616216735e-10,0.011590442679891257
47,1.5,45.0,0.7853981633974483,1.0606601717798212,0.0,1.0606601717798214,13,17.036546647825844,1.305333166513983e-08,6.381632610000579e-11,1.7039354008361908e-16
47,1.5,45.0,0.7853981633974483,1.0606601717798212,0.0,1.0606601717798214,14,17.03654664784861,7.42883127377593e-08,2.0768570870685545e-11,5.518753840756666e-15
47,1.5,45.0,0.7853981633974483,1.0606601717798212,0.0,1.0606601717798214,15,17.05320327059592,0.03188584543862323,1.644652844276841e-11,0.0010167071393357699
47,1.5,45.0,0.7853981633974483,1.0606601717798212,0.0,1.0606601717798214,16,17.053203270617626,0.10422433673121018,1.4408627951728628e-11,0.010862712367060687
47,1.5,45.0,0.7853981633974483,1.0606601717798212,0.0,1.0606601717798214,17,17.76622138238341,9.950406820944983e-09,-1.3045819049922352e-10,9.902761524177677e-17
47,1.5,45.0,0.7853981633974483,1.0606601717798212,0.0,1.0606601717798214,18,18.825760908026602,-2.955285506609254e-11,2.120376109588831e-08,4.496003579827492e-16
47,1.5,45.0,0.7853981633974483,1.0606601717798212,0.0,1.0606601717798214,19,18.923821923349376,0.221534325671541,-8.772059915198897e-11,0.049077457450744384
47,1.5,45.0,0.7853981633974483,1.0606601717798212,0.0,1.0606601717798214,20,20.3060660028183,-3.231102201158171e-11,0.28323843826860606,0.08022401291283897
47,1.5,45.0,0.7853981633974483,1.0606601717798212,0.0,1.0606601717798214,21,23.757108846036733,1.0377284051057881e-08,-2.4946682739001685e-11,1.0768864661331995e-16
47,1.5,45.0,0.7853981633974483,1.0606601717798212,0.0,1.0606601717798214,22,23.75710884604802,-1.6365891205988286e-08,-1.7689360263520764e-09,2.7097152963157096e-16
47,1.5,45.0,0.7853981633974483,1.0606601717798212,0.0,1.0606601717798214,23,23.84422923633635,-0.0182960989296159,-5.979774085566393e-11,0.00033474723604229203
47,1.5,45.0,0.7853981633974483,1.0606601717798212,0.0,1.0606601717798214,24,23.844229236379192,0.12573186022849903,2.351947653069906e-09,0.015808500676518823
47,1.5,45.0,0.7853981633974483,1.0606601717798212,0.0,1.0606601717798214,25,24.180005762923916,6.344591564358568e-11,4.478018227558345e-09,2.0056672630556632e-17
47,1.5,45.0,0.7853981633974483,1.0606601717798212,0.0,1.0606601717798214,26,24.18000576292419,1.0429668597648162e-10,1.7362989618750292e-09,3.025611883713981e-18
47,1.5,45.0,0.7853981633974483,1.0606601717798212,0.0,1.0606601717798214,27,25.328884414515628,-1.4539001935531785e-11,-1.6991325236263056e-08,2.8870534466704707e-16
47,1.5,45.0,0.7853981633974483,1.0606601717798212,0.0,1.0606601717798214,28,25.91832376952536,-1.982497180593315e-10,0.22441579201312617,0.0503624477048787
47,1.5,45.0,0.7853981633974483,1.0606601717798212,0.0,1.0606601717798214,29,26.291932671007505,-0.14424940304109404,-2.1728151375423407e-10,0.02080789027771199
47,1.5,45.0,0.7853981633974483,1.0606601717798212,0.0,1.0606601717798214,30,26.43209942982244,0.2867816194945462,2.8374745056775894e-11,0.0822436972799147
47,1.5,45.0,0.7853981633974483,1.0606601717798212,0.0,1.0606601717798214,31,26.432099429879074,-0.05379106731228441,-5.6825617056935264e-11,0.0028934789225947125
47,1.5,45.0,0.7853981633974483,1.0606601717798212,0.0,1.0606601717798214,32,26.518243522671032,4.8374854552931926e-08,2.4807841016288793e-11,2.3401271684462944e-15
47,1.5,45.0,0.7853981633974483,1.0606601717798212,0.0,1.0606601717798214,33,26.518243522730998,3.1261872960518856e-08,-3.2960014029371868e-12,9.773047118632451e-16
47,1.5,45.0,0.7853981633974483,1.0606601717798212,0.0,1.0606601717798214,34,26.54608589484942,-1.1624287431927865e-09,0.2654172164439548,0.07044629878485714
47,1.5,45.0,0.7853981633974483,1.0606601717798212,0.0,1.0606601717798214,35,26.546085894850595,1.6588783506251829e-12,0.22213355787919337,0.04934331753606895
47,1.5,45.0,0.7853981633974483,1.0606601717798212,0.0,1.0606601717798214,36,26.692547387677717,-5.622476567106083e-08,-1.2023501219618577e-10,3.1612387312238584e-15
47,1.5,45.0,0.7853981633974483,1.0606601717798212,0.0,1.0606601717798214,37,28.28123647832734,-1.5986182085272732e-11,6.648443703125105e-09,4.420205923164152e-17
47,1.5,45.0,0.7853981633974483,1.0606601717798212,0.0,1.0606601717798214,38,28.281236478348614,1.613352971382185e-11,-1.7990253632704585e-09,3.2367525484714317e-18
47,1.5,45.0,0.7853981633974483,1.0606601717798212,0.0,1.0606601717798214,39,28.291774942128974,1.1962264493035013e-11,-0.1490629954649628,0.02221977661698752
47,1.5,45.0,0.7853981633974483,1.0606601717798212,0.0,1.0606601717798214,40,28.29177494215093,2.3104645034953036e-11,-0.01239190655419387,0.00015355934804787302
47,1.5,45.0,0.7853981633974483,1.0606601717798212,0.0,1.0606601717798214,41,28.48692673989627,-1.0736110002421491e-09,7.649761993255001e-08,5.853038495924714e-15
47,1.5,45.0,0.7853981633974483,1.0606601717798212,0.0,1.0606601717798214,42,28.48692674002121,-2.1736048357535575e-12,2.0740136425388813e-08,4.3015326366829783e-16
47,1.5,45.0,0.7853981633974483,1.0606601717798212,0.0,1.0606601717798214,43,28.53881613874187,-1.0704327031349494e-09,-0.17183814503341882,0.029528348088526283
47,1.5,45.0,0.7853981633974483,1.0606601717798212,0.0,1.0606601717798214,44,28.538816138886954,5.7043879516449336e-12,-0.1479806855546429,0.021898283297222095
47,1.5,45.0,0.7853981633974483,1.0606601717798212,0.0,1.0606601717798214,45,29.479812918090055,-0.014273778293310441,1.0036567143758263e-10,0.00020374074676658032
47,1.5,45.0,0.7853981633974483,1.0606601717798212,0.0,1.0606601717798214,46,29.577235615176054,-4.0397195461152526e-11,-8.218547102514552e-08,6.754453279558434e-15
47,1.5,45.0,0.7853981633974483,1.0606601717798212,0.0,1.0606601717798214,47,30.134609682809216,-5.699211289936876e-13,0.26284166571126927,0.06908574123387462
47,1.5,45.0,0.7853981633974483,1.0606601717798212,0.0,1.0606601717798214,48,30.42285909291524,1.0406255367700425e-11,-1.0976992101959035e-07,1.2049435668937253e-14
47,1.5,45.0,0.7853981633974483,1.0606601717798212,0.0,1.0606601717798214,49,30.57781776649785,1.361024661325653e-08,-5.292517918909864e-12,1.8523884088440677e-16
47,1.5,45.0,0.7853981633974483,1.0606601717798212,0.0,1.0606601717798214,50,30.57781776670913,-2.0446457184995744e-07,-4.232065456718241e-11,4.180576293282421e-14
47,1.5,45.0,0.7853981633974483,1.0606601717798212,0.0,1.0606601717798214,51,31.301447737714017,0.0009631127513833939,-3.129194039940036e-11,9.275861718772921e-07
47,1.5,45.0,0.7853981633974483,1.0606601717798212,0.0,1.0606601717798214,52,31.30144773792052,0.008080928432197335,-6.584658669526006e-11,6.530140432629527e-05
47,1.5,45.0,0.7853981633974483,1.0606601717798212,0.0,1.0606601717798214,53,31.79394974414423,3.4942914747997165e-11,0.22208215203527704,0.0493204822526199
47,1.5,45.0,0.7853981633974483,1.0606601717798212,0.0,1.0606601717798214,54,32.54435131783464,3.9989155977816065e-07,4.3077063051813603e-10,1.5991344514514634e-13
47,1.5,45.0,0.7853981633974483,1.0606601717798212,0.0,1.0606601717798214,55,33.239787173533706,0.0334843371680349,-2.9507029138150716e-09,0.0011212008355826523
47,1.5,45.0,0.7853981633974483,1.0606601717798212,0.0,1.0606601717798214,56,33.84801129744537,-9.719139188015096e-07,7.690710112737039e-09,9.446758125821455e-13
47,1.5,45.0,0.7853981633974483,1.0606601717798212,0.0,1.0606601717798214,57,33.87453766276373,-7.524855837334452e-10,5.7710763441499897e-08,3.3310984515544874e-15
47,1.5,45.0,0.7853981633974483,1.0606601717798212,0.0,1.0606601717798214,58,33.87453766290842,6.12130021968248e-08,-1.3885498569360355e-07,2.3027738689919324e-14
47,1.5,45.0,0.7853981633974483,1.0606601717798212,0.0,1.0606601717798214,59,34.047525019046134,-0.08082485308352656,2.0183074365078515e-09,0.006532656875973658
48,1.5,67.5,1.1780972450961724,1.38581929876693,0.0,0.5740251485476348,1,10.601089661427809,3.062646320245757e-11,-3.826340328901145e-09,1.464181829282361e-17
48,1.5,67.5,1.1780972450961724,1.38581929876693,0.0,0.5740251485476348,2,12.52937925367041,-1.0201433964607378e-08,-5.6829008397896024e-12,1.0406928722960696e-16
48,1.5,67.5,1.1780972450961724,1.38581929876693,0.0,0.5740251485476348,3,12.742641025626208,-5.063311566500662e-11,0.10696695781354,0.011441930063883646
48,1.5,67.5,1.1780972450961724,1.38581929876693,0.0,0.5740251485476348,4,13.130725291782012,-1.8662358759091046e-10,-2.5106523076150308e-08,6.303723293367132e-16
48,1.5,67.5,1.1780972450961724,1.38581929876693,0.0,0.5740251485476348,5,13.130725291783854,-1.3515545878389633e-09,2.4796540410187622e-08,6.166951161179763e-16
48,1.5,67.5,1.1780972450961724,1.38581929876693,0.0,0.5740251485476348,6,13.134244278463646,-0.14459805318012522,2.1114667622079294e-11,0.02090859698348232
48,1.5,67.5,1.1780972450961724,1.38581929876693,0.0,0.5740251485476348,7,13.987379164703443,-3.0479292653174125e-10,-0.10788814444277155,0.011639851711304336
48,1.5,67.5,1.1780972450961724,1.38581929876693,0.0,0.5740251485476348,8,13.987379164704198,1.9790203353569317e-09,-0.1656023627803543,0.027424142558436084
48,1.5,67.5,1.1780972450961724,1.38581929876693,0.0,0.5740251485476348,9,14.627113026715655,-1.4518981783245254e-11,-4.53552982545123e-09,2.0571241598389685e-17
48,1.5,67.5,1.1780972450961724,1.38581929876693,0.0,0.5740251485476348,10,15.474927381001192,4.439393772656292e-11,-0.10854005982569519,0.01178094458696549
48,1.5,67.5,1.1780972450961724,1.38581929876693,0.0,0.5740251485476348,11,16.694032611807582,-1.8278167110148942e-09,-1.1991008173329956e-11,3.341057713342318e-18
48,1.5,67.5,1.1780972450961724,1.38581929876693,0.0,0.5740251485476348,12,16.966418124622876,-0.042296161013969005,-2.6965278738486634e-10,0.0017889652365195917
48,1.5,67.5,1.1780972450961724,1.38581929876693,0.0,0.5740251485476348,13,17.036546647825844,1.0295221345776653e-08,3.552966835514871e-11,1.0599284491586867e-16
48,1.5,67.5,1.1780972450961724,1.38581929876693,0.0,0.5740251485476348,14,17.03654664784861,5.6471588716378776e-08,1.1223428320283552e-11,3.189040458117182e-15
48,1.5,67.5,1.1780972450961724,1.38581929876693,0.0,0.5740251485476348,15,17.05320327059592,0.02440669586130427,3.373837964608063e-12,0.000595686802866207
48,1.5,67.5,1.1780972450961724,1.38581929876693,0.0,0.5740251485476348,16,17.053203270617626,0.07977745635914313,3.4334977712519156e-12,0.006364442543134986
48,1.5,67.5,1.1780972450961724,1.38581929876693,0.0,0.5740251485476348,17,17.76622138238341,6.359501319952699e-09,-1.6793918315284144e-10,4.047146060771817e-17
48,1.5,67.5,1.1780972450961724,1.38581929876693,0.0,0.5740251485476348,18,18.825760908026602,-3.056673419040319e-11,1.321109721460793e-08,1.745340239390605e-16
48,1.5,67.5,1.1780972450961724,1.38581929876693,0.0,0.5740251485476348,19,18.923821923349376,0.2751641226613184,-1.7768422038852312e-10,0.07571529439997308
48,1.5,67.5,1.1780972450961724,1.38581929876693,0.0,0.5740251485476348,20,20.3060660028183,-3.914305127680269e-11,0.15562530466348598,0.02421923545160283
48,1.5,67.5,1.1780972450961724,1.38581929876693,0.0,0.5740251485476348,21,23.757108846036733,1.065501705472374e-08,-1.8844823683421522e-11,1.1352974356383343e-16
48,1.5,67.5,1.1780972450961724,1.38581929876693,0.0,0.5740251485476348,22,23.75710884604802,-2.2749667069905068e-08,-2.4033126699060767e-09,5.233232635808541e-16
48,1.5,67.5,1.1780972450961724,1.38581929876693,0.0,0.5740251485476348,23,23.84422923633635,-0.0356668841361243,-9.160407707970661e-11,0.0012721266239797155
48,1.5,67.5,1.1780972450961724,1.38581929876693,0.0,0.5740251485476348,24,23.844229236379192,0.24510497078736937,3.221447839423051e-09,0.0600764467046772
48,1.5,67.5,1.1780972450961724,1.38581929876693,0.0,0.5740251485476348,25,24.180005762923916,3.372787812818395e-11,3.082697848067111e-10,9.616782998780559e-20
48,1.5,67.5,1.1780972450961724,1.38581929876693,0.0,0.5740251485476348,26,24.18000576292419,1.9157394555919422e-11,1.7800726238923053e-09,3.1690255520970075e-18
48,1.5,67.5,1.1780972450961724,1.38581929876693,0.0,0.5740251485476348,27,25.328884414515628,-3.4981369204526947e-12,-8.57351838800654e-09,7.350522978644816e-17
48,1.5,67.5,1.1780972450961724,1.38581929876693,0.0,0.5740251485476348,28,25.91832376952536,5.979322504608187e-11,0.18739588769849905,0.03511721872630846
48,1.5,67.5,1.1780972450961724,1.38581929876693,0.0,0.5740251485476348,29,26.291932671007505,0.06689087566195405,-1.1420365359959204e-10,0.0044743892468229966
48,1.5,67.5,1.1780972450961724,1.38581929876693,0.0,0.5740251485476348,30,26.43209942982244,0.22192753562541442,2.279990438785143e-11,0.04925183106876959
48,1.5,67.5,1.1780972450961724,1.38581929876693,0.0,0.5740251485476348,31,26.432099429879074,-0.04162651021207873,-3.223808464910531e-11,0.0017327663524362947
48,1.5,67.5,1.1780972450961724,1.38581929876693,0.0,0.5740251485476348,32,26.518243522671032,3.030852681519611e-08,2.242392589917045e-11,9.186073005399142e-16
48,1.5,67.5,1.1780972450961724,1.38581929876693,0.0,0.5740251485476348,33,26.518243522730998,2.175471632004553e-08,6.65973592860868e-12,4.732677265177379e-16
48,1.5,67.5,1.1780972450961724,1.38581929876693,0.0,0.5740251485476348,34,26.54608589484942,-6.555268544172268e-10,0.39954576907319955,0.1596368215842945
48,1.5,67.5,1.1780972450961724,1.38581929876693,0.0,0.5740251485476348,35,26.546085894850595,-1.613864326013659e-11,0.33438871865007885,0.11181581516044159
48,1.5,67.5,1.1780972450961724,1.38581929876693,0.0,0.5740251485476348,36,26.692547387677717,-4.89771780776485e-08,-1.2341691937056692e-10,2.3987792041856802e-15
48,1.5,67.5,1.1780972450961724,1.38581929876693,0.0,0.5740251485476348,37,28.28123647832734,-2.198827005308338e-11,1.5395079062946587e-08,2.370089428383963e-16
48,1.5,67.5,1.1780972450961724,1.38581929876693,0.0,0.5740251485476348,38,28.281236478348614,9.541356966439762e-12,-2.864817349059188e-09,8.207269480963275e-18
48,1.5,67.5,1.1780972450961724,1.38581929876693,0.0,0.5740251485476348,39,28.291774942128974,-1.0238506089434207e-11,-0.13453146829608598,0.018098715961900786
48,1.5,67.5,1.1780972450961724,1.38581929876693,0.0,0.5740251485476348,40,28.29177494215093,1.334164131809166e-11,-0.011183871905523553,0.00012507899079915904
48,1.5,67.5,1.1780972450961724,1.38581929876693,0.0,0.5740251485476348,41,28.48692673989627,-3.858423905957996e-10,9.411583645698729e-08,8.857939546348759e-15
48,1.5,67.5,1.1780972450961724,1.38581929876693,0.0,0.5740251485476348,42,28.48692674002121,2.8486513491386703e-12,2.713820687062563e-08,7.364822802676867e-16
48,1.5,67.5,1.1780972450961724,1.38581929876693,0.0,0.5740251485476348,43,28.53881613874187,-3.619162240139585e-10,-0.052709770381126286,0.002778319893631058
48,1.5,67.5,1.1780972450961724,1.38581929876693,0.0,0.5740251485476348,44,28.538816138886954,-1.424333223885158e-13,-0.04539175610152399,0.00206041152198024
48,1.5,67.5,1.1780972450961724,1.38581929876693,0.0,0.5740251485476348,45,29.479812918090055,-0.06604963539037115,-5.570041165871659e-10,0.004362554335200969
48,1.5,67.5,1.1780972450961724,1.38581929876693,0.0,0.5740251485476348,46,29.577235615176054,-4.4213748823815985e-11,-3.921446007505388e-08,1.5377758338335797e-15
48,1.5,67.5,1.1780972450961724,1.38581929876693,0.0,0.5740251485476348,47,30.134609682809216,3.18372255188299e-11,0.11645875593073486,0.013562641832934472
48,1.5,67.5,1.1780972450961724,1.38581929876693,0.0,0.5740251485476348,48,30.42285909291524,7.078101305331665e-11,-4.6425675443273796e-08,2.1553483503160044e-15
48,1.5,67.5,1.1780972450961724,1.38581929876693,0.0,0.5740251485476348,49,30.57781776649785,7.895742078110019e-09,1.5976702888001205e-12,6.234274551658747e-17
48,1.5,67.5,1.1780972450961724,1.38581929876693,0.0,0.5740251485476348,50,30.57781776670913,-1.3249450068018782e-07,-4.963733861693436e-11,1.7554795174357678e-14
48,1.5,67.5,1.1780972450961724,1.38581929876693,0.0,0.5740251485476348,51,31.301447737714017,0.0011583112258851792,-5.231188292071021e-11,1.3416848960116294e-06
48,1.5,67.5,1.1780972450961724,1.38581929876693,0.0,0.5740251485476348,52,31.30144773792052,0.00971870056950225,-4.314550401963204e-11,9.445314075964335e-05
48,1.5,67.5,1.1780972450961724,1.38581929876693,0.0,0.5740251485476348,53,31.79394974414423,1.9809555141481494e-11,0.09848814333853645,0.009699914378272102
48,1.5,67.5,1.1780972450961724,1.38581929876693,0.0,0.5740251485476348,54,32.54435131783464,2.644246353565198e-07,7.177490858849884e-10,6.992090294717873e-14
48,1.5,67.5,1.1780972450961724,1.38581929876693,0.0,0.5740251485476348,55,33.239787173533706,0.0285085040930083,-5.597899103540702e-09,0.0008127348056211023
48,1.5,67.5,1.1780972450961724,1.38581929876693,0.0,0.5740251485476348,56,33.84801129744537,-5.929758961544295e-07,5.936948309930174e-09,3.516556607753835e-13
48,1.5,67.5,1.1780972450961724,1.38581929876693,0.0,0.5740251485476348,57,33.87453766276373,-7.640557024271835e-10,8.871056458129394e-08,7.870148049448333e-15
48,1.5,67.5,1.1780972450961724,1.38581929876693,0.0,0.5740251485476348,58,33.87453766290842,5.98759430443967e-08,-2.1252766554582031e-07,4.8753137177811896e-14
48,1.5,67.5,1.1780972450961724,1.38581929876693,0.0,0.5740251485476348,59,34.047525019046134,-0.0666041466760403,1.6045312235254013e-09,0.004436112354443493
49,1.5,90.0,1.5707963267948966,1.5,0.0,9.184850993605148e-17,1,10.601089661427809,-7.788761125984378e-14,2.252397873777491e-14,6.57380960594428e-27
49,1.5,90.0,1.5707963267948966,1.5,0.0,9.184850993605148e-17,2,12.52937925367041,-1.1433032621020262e-08,-3.040175074044025e-11,1.3071515917976153e-16
49,1.5,90.0,1.5707963267948966,1.5,0.0,9.184850993605148e-17,3,12.742641025626208,-4.449678606585221e-11,5.749924310718064e-15,1.979964003251849e-21
49,1.5,90.0,1.5707963267948966,1.5,0.0,9.184850993605148e-17,4,13.130725291782012,-1.1286504630019013e-10,-2.8625453174702126e-08,8.194293079757404e-16
49,1.5,90.0,1.5707963267948966,1.5,0.0,9.184850993605148e-17,5,13.130725291783854,-5.993152065277888e-10,3.752621685443145e-08,1.4085761301225906e-15
49,1.5,90.0,1.5707963267948966,1.5,0.0,9.184850993605148e-17,6,13.134244278463646,-0.1497469543115876,4.718014892730131e-11,0.022424150325596706
49,1.5,90.0,1.5707963267948966,1.5,0.0,9.184850993605148e-17,7,13.987379164703443,-1.4709227637421623e-10,-0.12293537014267439,0.015113105232116357
49,1.5,90.0,1.5707963267948966,1.5,0.0,9.184850993605148e-17,8,13.987379164704198,9.084255811138124e-10,-0.18869903832805912,0.03560732706593433
49,1.5,90.0,1.5707963267948966,1.5,0.0,9.184850993605148e-17,9,14.627113026715655,1.5619729274387798e-13,2.28629603355012e-14,2.4920309215819417e-26
49,1.5,90.0,1.5707963267948966,1.5,0.0,9.184850993605148e-17,10,15.474927381001192,1.6846660183172044e-11,-2.3105392105084725e-14,2.8381049318641867e-22
49,1.5,90.0,1.5707963267948966,1.5,0.0,9.184850993605148e-17,11,16.694032611807582,2.88401066977093e-09,-1.312639048634165e-11,8.317689845479767e-18
49,1.5,90.0,1.5707963267948966,1.5,0.0,9.184850993605148e-17,12,16.966418124622876,-0.012061378450990408,-2.1204630906601743e-10,0.00014547685013801583
49,1.5,90.0,1.5707963267948966,1.5,0.0,9.184850993605148e-17,13,17.036546647825844,-3.212827708262142e-15,-9.657913603616835e-14,9.337851779375688e-27
49,1.5,90.0,1.5707963267948966,1.5,0.0,9.184850993605148e-17,14,17.03654664784861,-3.016485468216725e-15,-2.2998063316170215e-13,5.290019081403738e-26
49,1.5,90.0,1.5707963267948966,1.5,0.0,9.184850993605148e-17,15,17.05320327059592,-2.9753365607254895e-16,6.228081517599191e-14,3.87898846526256e-27
49,1.5,90.0,1.5707963267948966,1.5,0.0,9.184850993605148e-17,16,17.053203270617626,-1.0784893336727753e-15,3.299349397057191e-13,1.0885822757785937e-25
49,1.5,90.0,1.5707963267948966,1.5,0.0,9.184850993605148e-17,17,17.76622138238341,6.7049309029814904e-09,-1.932058696536726e-10,4.499342692182482e-17
49,1.5,90.0,1.5707963267948966,1.5,0.0,9.184850993605148e-17,18,18.825760908026602,-9.23623246389505e-13,3.6214722716700295e-14,8.543914074125357e-25
49,1.5,90.0,1.5707963267948966,1.5,0.0,9.184850993605148e-17,19,18.923821923349376,0.29960216611252666,-2.6837989999712294e-10,0.08976145793931802
49,1.5,90.0,1.5707963267948966,1.5,0.0,9.184850993605148e-17,20,20.3060660028183,-2.904027762163431e-11,-6.76471099698738e-14,8.433423004730817e-22
49,1.5,90.0,1.5707963267948966,1.5,0.0,9.184850993605148e-17,21,23.757108846036733,8.377066488368617e-09,-1.00425861140242e-12,7.017524395908388e-17
49,1.5,90.0,1.5707963267948966,1.5,0.0,9.184850993605148e-17,22,23.75710884604802,-2.634819667788033e-08,-2.7457030746759035e-09,7.017663535505488e-16
49,1.5,90.0,1.5707963267948966,1.5,0.0,9.184850993605148e-17,23,23.84422923633635,-0.04404263023528622,-1.1373343119265556e-10,0.001939753278042148
49,1.5,90.0,1.5707963267948966,1.5,0.0,9.184850993605148e-17,24,23.844229236379192,0.3026636344224976,3.689951041405225e-09,0.09160527560183529
49,1.5,90.0,1.5707963267948966,1.5,0.0,9.184850993605148e-17,25,24.180005762923916,8.340867503508758e-12,-2.6652285195206293e-09,7.103512631336836e-18
49,1.5,90.0,1.5707963267948966,1.5,0.0,9.184850993605148e-17,26,24.18000576292419,-4.4597480523415625e-11,1.6418996304679546e-09,2.6978233317998425e-18
49,1.5,90.0,1.5707963267948966,1.5,0.0,9.184850993605148e-17,27,25.328884414515628,1.5366793606384114e-12,-6.371809877838648e-14,2.365443453524009e-24
49,1.5,90.0,1.5707963267948966,1.5,0.0,9.184850993605148e-17,28,25.91832376952536,1.9274097045504527e-10,6.482842239672856e-14,3.7149085894676984e-20
49,1.5,90.0,1.5707963267948966,1.5,0.0,9.184850993605148e-17,29,26.291932671007505,0.16515273874272046,1.8314977609606132e-10,0.02727542711422128
49,1.5,90.0,1.5707963267948966,1.5,0.0,9.184850993605148e-17,30,26.43209942982244,-1.343251744013373e-13,2.172352703747858e-11,4.7192967020054085e-22
49,1.5,90.0,1.5707963267948966,1.5,0.0,9.184850993605148e-17,31,26.432099429879074,-3.5034077181548885e-14,-1.1482901625380033e-12,1.3197976839455168e-24
49,1.5,90.0,1.5707963267948966,1.5,0.0,9.184850993605148e-17,32,26.518243522671032,4.3374516313424575e-15,1.202849852363909e-13,1.4487291159973008e-26
49,1.5,90.0,1.5707963267948966,1.5,0.0,9.184850993605148e-17,33,26.518243522730998,-4.7212754797087905e-15,-2.805520495197101e-13,7.873174293186518e-26
49,1.5,90.0,1.5707963267948966,1.5,0.0,9.184850993605148e-17,34,26.54608589484942,-4.035522435378742e-10,0.4541955005431666,0.20629355271365765
49,1.5,90.0,1.5707963267948966,1.5,0.0,9.184850993605148e-17,35,26.546085894850595,-1.8148899082075427e-11,0.38012629038509943,0.14449599664193694
49,1.5,90.0,1.5707963267948966,1.5,0.0,9.184850993605148e-17,36,26.692547387677717,-5.21908218829952e-08,-1.6285747670107818e-10,2.723908411380248e-15
49,1.5,90.0,1.5707963267948966,1.5,0.0,9.184850993605148e-17,37,28.28123647832734,-2.9966613236991343e-12,1.4255106212673724e-14,8.980182297007382e-24
49,1.5,90.0,1.5707963267948966,1.5,0.0,9.184850993605148e-17,38,28.281236478348614,5.28619786850056e-13,1.3106500532122198e-15,2.794405968529606e-25
49,1.5,90.0,1.5707963267948966,1.5,0.0,9.184850993605148e-17,39,28.291774942128974,2.865530927426713e-12,-1.5231342881444685e-14,8.211499489844971e-24
49,1.5,90.0,1.5707963267948966,1.5,0.0,9.184850993605148e-17,40,28.29177494215093,5.190281352745315e-13,-7.984490928485812e-15,2.6945395730194448e-25
49,1.5,90.0,1.5707963267948966,1.5,0.0,9.184850993605148e-17,41,28.48692673989627,1.8613019966561448e-10,1.0184943749370767e-07,1.0373342562235894e-14
49,1.5,90.0,1.5707963267948966,1.5,0.0,9.184850993605148e-17,42,28.48692674002121,4.019443343196902e-13,3.091528180208301e-08,9.557546490637642e-16
49,1.5,90.0,1.5707963267948966,1.5,0.0,9.184850993605148e-17,43,28.53881613874187,2.5568185541428693e-10,0.017653442070412653,0.0003116440169334154
49,1.5,90.0,1.5707963267948966,1.5,0.0,9.184850993605148e-17,44,28.538816138886954,-6.082868646490555e-12,0.015202429999130972,0.00023111387787847734
49,1.5,90.0,1.5707963267948966,1.5,0.0,9.184850993605148e-17,45,29.479812918090055,-0.09211845692357819,-1.1587367687927102e-09,0.008485810105981132
49,1.5,90.0,1.5707963267948966,1.5,0.0,9.184850993605148e-17,46,29.577235615176054,-1.1869816002582809e-11,3.984742079598676e-13,1.410513136295802e-22
49,1.5,90.0,1.5707963267948966,1.5,0.0,9.184850993605148e-17,47,30.134609682809216,1.9782395761957534e-12,8.970761905446436e-13,4.718177512469244e-24
49,1.5,90.0,1.5707963267948966,1.5,0.0,9.184850993605148e-17,48,30.42285909291524,-1.2546169663367208e-11,7.343700276834284e-13,1.579456725595554e-22
49,1.5,90.0,1.5707963267948966,1.5,0.0,9.184850993605148e-17,49,30.57781776649785,5.260851793367218e-15,3.1619170099880645e-14,1.0274484793969614e-27
49,1.5,90.0,1.5707963267948966,1.5,0.0,9.184850993605148e-17,50,30.57781776670913,-1.3081311084040584e-14,-5.176485540582459e-13,2.681311462182702e-25
49,1.5,90.0,1.5707963267948966,1.5,0.0,9.184850993605148e-17,51,31.301447737714017,-1.4148276386664716e-14,2.92603224644954e-14,1.0563401954397085e-27
49,1.5,90.0,1.5707963267948966,1.5,0.0,9.184850993605148e-17,52,31.30144773792052,-1.9004740654100274e-13,-1.400104441506947e-13,5.572094120423597e-26
49,1.5,90.0,1.5707963267948966,1.5,0.0,9.184850993605148e-17,53,31.79394974414423,3.750623946784106e-11,-5.019180245695099e-13,1.406969920722426e-21
49,1.5,90.0,1.5707963267948966,1.5,0.0,9.184850993605148e-17,54,32.54435131783464,1.829848348926861e-07,5.839708933957644e-10,3.348379082270793e-14
49,1.5,90.0,1.5707963267948966,1.5,0.0,9.184850993605148e-17,55,33.239787173533706,0.027580876135782292,-6.906098144840768e-09,0.0007607047284174128
49,1.5,90.0,1.5707963267948966,1.5,0.0,9.184850993605148e-17,56,33.84801129744537,-4.142681464654898e-07,6.004946270602871e-09,1.7165415655566533e-13
49,1.5,90.0,1.5707963267948966,1.5,0.0,9.184850993605148e-17,57,33.87453766276373,-7.946201358937181e-10,1.0594047437619885e-07,1.1224015532214413e-14
49,1.5,90.0,1.5707963267948966,1.5,0.0,9.184850993605148e-17,58,33.87453766290842,5.982994442553389e-08,-2.4748415347995065e-07,6.482802847365024e-14
49,1.5,90.0,1.5707963267948966,1.5,0.0,9.184850993605148e-17,59,34.047525019046134,-0.05905317030580981,1.0726785864940438e-09,0.0034872769231669787
