{
  "restart": 25,
  "seed": 83,
  "iters": 30000,
  "lr": 0.05,
  "best_iter": 29880,
  "best_cost": 0.0008732536225579679,
  "best_alphaD_mean": 0.00012909013392221094,
  "n": 13
}