{
  "restart": 24,
  "seed": 82,
  "iters": 30000,
  "lr": 0.05,
  "best_iter": 29904,
  "best_cost": 0.0023639844730496407,
  "best_alphaD_mean": 0.00021962741454822183,
  "n": 6
}