alpha,beta,alphaD_true,alphaD_pred,rel_abs,rel_signed
1.1000,2.7500,15.444870383584,15.447652816772461,0.00018015257618595146,0.00018015257618595146
0.2000,1.0000,19.051282316218,19.05312156677246,9.654208698042792e-05,9.654208698042792e-05
0.2000,4.5000,19.397942314212997,19.397111892700195,4.280977329196439e-05,-4.280977329196439e-05
2.0000,1.0000,22.752251621592002,22.75597381591797,0.00016359674584620496,0.00016359674584620496
2.0000,4.5000,14.760426956088999,14.760915756225586,3.311558249914696e-05,3.311558249914696e-05
0.9710,3.0000,14.719193685948,14.722437858581543,0.00022040423563692794,0.00022040423563692794
0.9710,4.5000,12.942255714327999,12.94193172454834,2.5033486187440126e-05,-2.5033486187440126e-05
2.0000,1.7500,20.284194079789,20.282978057861328,5.9949235492828205e-05,-5.9949235492828205e-05
0.8430,3.2500,14.178209154286002,14.173166275024414,0.0003556781541808993,-0.0003556781541808993
1.2290,2.2500,16.923315700127,16.9252872467041,0.00011649883580957747,0.00011649883580957747
1.4860,3.5000,14.922997611565,14.92786693572998,0.00032629665243707334,0.00032629665243707334
1.7430,3.5000,15.605776389267,15.607747077941895,0.00012627943818611595,0.00012627943818611595
0.3290,3.5000,14.769042413523,14.768294334411621,5.0651835808495934e-05,-5.0651835808495934e-05
1.1000,2.5000,15.998590537005999,15.997718811035156,5.448767307508703e-05,-5.448767307508703e-05
2.0000,2.2500,18.946667234825,18.9493350982666,0.00014080911479237402,0.00014080911479237402
0.7140,2.7500,14.828909391364999,14.827268600463867,0.00011064811698739459,-0.00011064811698739459
1.2290,1.0000,21.249588450164,21.249469757080078,5.5856650683643305e-06,-5.5856650683643305e-06
1.3570,2.7500,16.059834443779,16.053424835205078,0.0003991080105065492,-0.0003991080105065492
1.4860,3.2500,15.380686626014,15.376846313476562,0.0002496840765835814,-0.0002496840765835814
1.7430,4.2500,14.411217804997,14.41158676147461,2.560203326341848e-05,2.560203326341848e-05
1.8710,3.5000,15.963055059992001,15.960993766784668,0.00012912899188698883,-0.00012912899188698883
0.3290,1.0000,19.294488252165003,19.29393768310547,2.8535043393669938e-05,-2.8535043393669938e-05
