{
  "restart": 19,
  "seed": 77,
  "iters": 30000,
  "lr": 0.05,
  "best_iter": 27972,
  "best_cost": 0.0008618849096819758,
  "best_alphaD_mean": 0.00012893022514485605,
  "n": 8
}