{
  "restart": 23,
  "seed": 81,
  "iters": 30000,
  "lr": 0.05,
  "best_iter": 29062,
  "best_cost": 0.0005861069075763226,
  "best_alphaD_mean": 0.00010466794418239242,
  "n": 14
}