tier,restart_idx,param_seed,final_train_cost,final_test_cost
2,0,219000859,4.034394e-03,3.024084e+01
2,1,219000860,1.927264e-03,5.391085e+00
2,2,219000861,7.392478e-03,7.659266e+00
2,3,219000862,6.857338e-02,7.129400e+00
2,4,219000863,2.796729e-02,3.209492e+00
2,5,219000864,7.145057e-03,1.084430e+01
2,6,219000865,1.720361e-02,9.341307e+00
2,7,219000866,3.605677e-03,4.236354e+00
2,8,219000867,7.017365e-03,4.591462e+00
2,9,219000868,3.248992e-02,1.038610e+01
