tier,restart_idx,param_seed,final_train_cost,final_test_cost
8,0,219001465,3.567065e-02,2.940904e-01
8,1,219001466,1.126064e-01,3.045793e-01
8,2,219001467,3.643227e-01,5.164123e-01
8,3,219001468,4.827737e-01,4.571461e-01
8,4,219001469,1.681928e-02,7.511295e-02
8,5,219001470,1.837839e-01,3.647056e-01
8,6,219001471,7.196584e-02,1.908245e-01
8,7,219001472,5.484791e-02,1.246687e-01
8,8,219001473,1.124812e-01,3.759944e-01
8,9,219001474,5.078062e-02,2.375623e+00
