tier,restart_idx,param_seed,final_train_cost,final_test_cost
1,0,219000758,1.493233e-05,5.098502e+01
1,1,219000759,3.699726e-02,1.590599e+01
1,2,219000760,8.364534e-03,1.934478e+01
1,3,219000761,9.418558e-04,1.413504e+01
1,4,219000762,4.244025e-05,2.044396e+01
1,5,219000763,1.481682e-04,6.470430e+01
1,6,219000764,9.909758e-05,1.696581e+01
1,7,219000765,1.003682e-05,6.411198e+01
1,8,219000766,5.271539e-04,3.703858e+01
1,9,219000767,1.884082e-03,1.065686e+01
