tier,restart_idx,param_seed,final_train_cost,final_test_cost
4,0,219001061,2.745832e-02,4.888874e-01
4,1,219001062,9.021622e-03,6.206076e-01
4,2,219001063,6.369005e-02,1.072320e+00
4,3,219001064,3.275019e-02,8.246047e-01
4,4,219001065,1.700796e-02,2.440573e+00
4,5,219001066,1.124015e-02,3.652755e+00
4,6,219001067,2.582377e-02,8.940661e-01
4,7,219001068,3.997797e-02,2.030193e+00
4,8,219001069,1.530252e-02,1.022314e+00
4,9,219001070,5.412721e-02,1.802035e+00
