tier,restart_idx,param_seed,final_train_cost,final_test_cost
9,0,219001566,2.453729e-02,1.363831e-01
9,1,219001567,1.655581e-01,9.637616e-01
9,2,219001568,3.574099e-02,4.521016e-02
9,3,219001569,1.397830e-01,2.412232e-01
9,4,219001570,1.787144e-01,1.596263e-01
9,5,219001571,9.284426e-02,1.918033e-01
9,6,219001572,1.132555e-01,7.894194e-02
9,7,219001573,3.368927e-02,4.209266e-02
9,8,219001574,9.398097e-02,5.950418e-02
9,9,219001575,3.468167e-01,1.158253e-01
