{
  "restart": 19,
  "seed": 77,
  "iters": 30000,
  "lr": 0.05,
  "best_iter": 29990,
  "best_cost": 0.001240005367435515,
  "best_alphaD_mean": 0.00015544500028042655,
  "n": 13
}