alpha,beta,alphaD_true,alphaD_pred,rel_abs,rel_signed
1.1000,2.7500,15.444870383584,15.446542739868164,0.00010827907535834474,0.00010827907535834474
0.2000,1.0000,19.051282316218,19.05164909362793,1.9252111424415912e-05,1.9252111424415912e-05
0.2000,4.5000,19.397942314212997,19.398136138916016,9.992023889883502e-06,9.992023889883502e-06
2.0000,1.0000,22.752251621592002,22.75641441345215,0.0001829617538246478,0.0001829617538246478
2.0000,4.5000,14.760426956088999,14.761964797973633,0.00010418681581560948,0.00010418681581560948
0.9710,3.0000,14.719193685948,14.712672233581543,0.00044305771807880476,-0.00044305771807880476
0.9710,4.5000,12.942255714327999,12.942166328430176,6.906516127947624e-06,-6.906516127947624e-06
2.0000,1.7500,20.284194079789,20.27992057800293,0.0002106813694081083,-0.0002106813694081083
0.8430,3.2500,14.178209154286002,14.178753852844238,3.841800838944396e-05,3.841800838944396e-05
1.2290,2.2500,16.923315700127,16.922544479370117,4.557149264051641e-05,-4.557149264051641e-05
1.4860,3.5000,14.922997611565,14.926419258117676,0.00022928681232407407,0.00022928681232407407
1.7430,3.5000,15.605776389267,15.608076095581055,0.00014736250582422588,0.00014736250582422588
0.3290,3.5000,14.769042413523,14.768716812133789,2.2046208555295936e-05,-2.2046208555295936e-05
1.1000,2.5000,15.998590537005999,15.994818687438965,0.0002357613664972051,-0.0002357613664972051
2.0000,2.2500,18.946667234825,18.951019287109375,0.00022970014886710134,0.00022970014886710134
0.7140,2.7500,14.828909391364999,14.830952644348145,0.00013778848661221644,0.00013778848661221644
1.2290,1.0000,21.249588450164,21.249244689941406,1.6177264957449587e-05,-1.6177264957449587e-05
1.3570,2.7500,16.059834443779,16.060012817382812,1.1106814608656903e-05,1.1106814608656903e-05
1.4860,3.2500,15.380686626014,15.380590438842773,6.253763148932912e-06,-6.253763148932912e-06
1.7430,4.2500,14.411217804997,14.410500526428223,4.977223843831086e-05,-4.977223843831086e-05
1.8710,3.5000,15.963055059992001,15.958043098449707,0.0003139725775209177,-0.0003139725775209177
0.3290,1.0000,19.294488252165003,19.296302795410156,9.404464225422446e-05,9.404464225422446e-05
