alpha,beta,alphaD_true,alphaD_pred,rel_abs,rel_signed
1.1000,2.7500,15.444870383584,15.447291374206543,0.00015675046552129256,0.00015675046552129256
0.2000,1.0000,19.051282316218,19.052570343017578,6.760840442124726e-05,6.760840442124726e-05
0.2000,4.5000,19.397942314212997,19.39766502380371,1.4294836266385452e-05,-1.4294836266385452e-05
2.0000,1.0000,22.752251621592002,22.75545883178711,0.0001409623209363367,0.0001409623209363367
2.0000,4.5000,14.760426956088999,14.763016700744629,0.00017545187976838962,0.00017545187976838962
0.9710,3.0000,14.719193685948,14.713228225708008,0.00040528444473737193,-0.00040528444473737193
0.9710,4.5000,12.942255714327999,12.942432403564453,1.3652120646842652e-05,1.3652120646842652e-05
2.0000,1.7500,20.284194079789,20.286046981811523,9.13470860727898e-05,9.13470860727898e-05
0.8430,3.2500,14.178209154286002,14.17885684967041,4.568245378244568e-05,4.568245378244568e-05
1.2290,2.2500,16.923315700127,16.920757293701172,0.00015117642849429803,-0.00015117642849429803
1.4860,3.5000,14.922997611565,14.929303169250488,0.0004225396163436457,0.0004225396163436457
1.7430,3.5000,15.605776389267,15.606074333190918,1.9091900107145435e-05,1.9091900107145435e-05
0.3290,3.5000,14.769042413523,14.768514633178711,3.5735583222741534e-05,-3.5735583222741534e-05
1.1000,2.5000,15.998590537005999,15.997187614440918,8.769038508959534e-05,-8.769038508959534e-05
2.0000,2.2500,18.946667234825,18.946130752563477,2.8315389449462787e-05,-2.8315389449462787e-05
0.7140,2.7500,14.828909391364999,14.83029556274414,9.347763497355944e-05,9.347763497355944e-05
1.2290,1.0000,21.249588450164,21.24993324279785,1.6225849957463787e-05,1.6225849957463787e-05
1.3570,2.7500,16.059834443779,16.060659408569336,5.136820016570811e-05,5.136820016570811e-05
1.4860,3.2500,15.380686626014,15.380350112915039,2.187893864193633e-05,-2.187893864193633e-05
1.7430,4.2500,14.411217804997,14.406939506530762,0.0002968727920241382,-0.0002968727920241382
1.8710,3.5000,15.963055059992001,15.96097469329834,0.00013032384376568263,-0.00013032384376568263
0.3290,1.0000,19.294488252165003,19.29542350769043,4.847267847706373e-05,4.847267847706373e-05
