{
  "restart": 21,
  "seed": 79,
  "iters": 30000,
  "lr": 0.05,
  "best_iter": 29829,
  "best_cost": 0.0005285522784106433,
  "best_alphaD_mean": 9.541388185595048e-05,
  "n": 14
}