{
  "restart": 22,
  "seed": 80,
  "iters": 30000,
  "lr": 0.05,
  "best_iter": 29978,
  "best_cost": 0.004212334752082825,
  "best_alphaD_mean": 0.00029011216975334726,
  "n": 5
}