tier,restart_idx,param_seed,final_train_cost,final_test_cost
3,0,139000720,8.603366e-02,1.352853e+00
3,1,139000721,7.247329e-03,3.818911e+00
3,2,139000722,6.266293e-02,3.716691e+00
3,3,139000723,1.066700e-01,9.971644e+00
3,4,139000724,9.586073e-03,1.278787e+00
3,5,139000725,3.740264e-02,1.864989e+00
3,6,139000726,2.324869e-02,1.110728e+00
3,7,139000727,1.290891e-02,1.535853e+00
3,8,139000728,1.367931e-02,1.311903e+01
3,9,139000729,1.435642e-02,4.002254e+00
