tier,restart_idx,param_seed,final_train_cost,final_test_cost
10,0,139001427,9.591711e-02,1.170922e-01
10,1,139001428,6.921543e-02,9.244988e-02
10,2,139001429,7.134709e-02,1.343507e-01
10,3,139001430,9.486294e-01,4.266383e-01
10,4,139001431,7.127001e-02,6.041051e-02
10,5,139001432,6.126468e-02,6.096972e-02
10,6,139001433,3.849510e-01,2.412482e-01
10,7,139001434,2.630241e-01,3.368830e-02
10,8,139001435,8.360011e-02,7.367428e-02
10,9,139001436,3.563602e-02,1.041415e-01
