{
  "restart": 16,
  "seed": 74,
  "iters": 30000,
  "lr": 0.05,
  "best_iter": 29893,
  "best_cost": 0.0026018754579126835,
  "best_alphaD_mean": 0.00023048067986291513,
  "n": 6
}