{
  "restart": 5,
  "seed": 63,
  "iters": 30000,
  "lr": 0.05,
  "best_iter": 29615,
  "best_cost": 0.0033839826937764883,
  "best_alphaD_mean": 0.00026886746060683636,
  "n": 9
}