alpha,beta,alphaD_true,alphaD_pred,rel_abs,rel_signed
1.1000,2.7500,15.444870383584,15.444973945617676,6.705270494587826e-06,6.705270494587826e-06
0.2000,1.0000,19.051282316218,19.052207946777344,4.858626017818731e-05,4.858626017818731e-05
0.2000,4.5000,19.397942314212997,19.39813804626465,1.0090351258937223e-05,1.0090351258937223e-05
2.0000,1.0000,22.752251621592002,22.754913330078125,0.00011698659677255033,0.00011698659677255033
2.0000,4.5000,14.760426956088999,14.757157325744629,0.0002215132634101065,-0.0002215132634101065
0.9710,1.2500,19.56884610005,19.570051193237305,6.15822303034214e-05,6.15822303034214e-05
0.8430,3.5000,13.855777414907,13.855831146240234,3.877901010256649e-06,3.877901010256649e-06
1.4860,3.5000,14.922997611565,14.923029899597168,2.163642520648916e-06,2.163642520648916e-06
1.7430,4.0000,14.782857439192,14.781930923461914,6.267500947614709e-05,-6.267500947614709e-05
2.0000,1.5000,21.036067872794,21.037574768066406,7.163388526404399e-05,7.163388526404399e-05
0.5860,2.5000,15.149038308404002,15.14933967590332,1.9893506979331608e-05,1.9893506979331608e-05
1.6140,1.0000,22.04014677513,22.041109085083008,4.366168532473414e-05,4.366168532473414e-05
1.6140,3.2500,15.714130427978,15.713829040527344,1.9179390933408303e-05,-1.9179390933408303e-05
0.4570,1.7500,16.70640146289,16.70680046081543,2.388293650887289e-05,2.388293650887289e-05
1.6140,2.2500,17.926159928087998,17.926620483398438,2.5691799709881075e-05,2.5691799709881075e-05
0.5860,3.5000,13.978350677684002,13.978227615356445,8.803780245206107e-06,-8.803780245206107e-06
1.4860,2.7500,16.391947827372,16.392114639282227,1.0176454438667265e-05,1.0176454438667265e-05
1.2290,1.0000,21.249588450164,21.251022338867188,6.747842230210517e-05,6.747842230210517e-05
0.4570,4.2500,14.658019179680998,14.658785820007324,5.230176853557759e-05,5.230176853557759e-05
2.0000,2.0000,19.589831449887,19.590778350830078,4.833634967710661e-05,4.833634967710661e-05
0.8430,3.0000,14.550333960214001,14.550464630126953,8.980543904317037e-06,8.980543904317037e-06
1.6140,4.2500,14.084101407887001,14.083422660827637,4.819242915875232e-05,-4.819242915875232e-05
