tier,restart_idx,param_seed,final_train_cost,final_test_cost
8,0,194001390,7.504462e-02,2.103202e-01
8,1,194001391,1.510693e-01,3.581009e-01
8,2,194001392,2.023277e-02,7.883062e-02
8,3,194001393,1.938695e-01,6.851051e-01
8,4,194001394,4.121586e-02,4.905443e-02
8,5,194001395,4.347405e-01,7.650036e-01
8,6,194001396,4.475778e-01,5.334600e-01
8,7,194001397,5.652050e-02,1.773699e-01
8,8,194001398,7.585101e-02,1.331632e-01
8,9,194001399,8.747302e-02,4.059560e-01
