tier,restart_idx,param_seed,final_train_cost,final_test_cost
6,0,194001188,1.203159e-01,6.013319e-01
6,1,194001189,2.202470e-01,3.462782e-01
6,2,194001190,2.488245e-02,9.237253e-02
6,3,194001191,4.461008e-02,4.966418e-01
6,4,194001192,3.146959e-02,6.675088e-01
6,5,194001193,1.128286e-01,4.506348e-01
6,6,194001194,5.595253e-02,2.614206e-01
6,7,194001195,4.192912e-01,1.129255e+00
6,8,194001196,1.685175e-01,5.400222e-01
6,9,194001197,1.732088e-01,7.430875e-01
