tier,restart_idx,param_seed,final_train_cost,final_test_cost
7,0,194001289,3.146157e-02,1.512778e-01
7,1,194001290,1.735361e-01,3.977129e-01
7,2,194001291,3.031901e-02,1.328522e-01
7,3,194001292,1.711700e-01,5.316066e-01
7,4,194001293,3.041422e-02,2.120415e-01
7,5,194001294,4.866605e-02,3.341329e+00
7,6,194001295,5.577318e-02,3.876163e-01
7,7,194001296,3.786156e-02,3.227002e-01
7,8,194001297,1.988212e-01,4.455596e-01
7,9,194001298,2.524420e-02,4.372115e-02
