tier,restart_idx,param_seed,final_train_cost,final_test_cost
5,0,216001153,2.993517e-01,1.259218e+00
5,1,216001154,2.069725e-02,2.517076e-01
5,2,216001155,6.287728e-02,2.679262e-01
5,3,216001156,2.305468e-02,1.569406e-01
5,4,216001157,7.509680e-02,1.090165e+00
5,5,216001158,6.944378e-02,3.841725e-01
5,6,216001159,3.108910e-02,2.677626e-01
5,7,216001160,3.058177e-02,2.498329e-01
5,8,216001161,5.055388e-02,4.137357e+00
5,9,216001162,2.038118e-02,2.173065e-01
