tier,restart_idx,param_seed,final_train_cost,final_test_cost
8,0,216001456,3.402725e-01,4.953017e-01
8,1,216001457,1.503259e-01,4.910556e-01
8,2,216001458,3.939166e-02,1.544566e-01
8,3,216001459,1.941543e-01,3.927568e-01
8,4,216001460,2.589847e-01,5.209303e-01
8,5,216001461,7.414095e-01,6.944453e-01
8,6,216001462,6.381760e-02,1.496820e-01
8,7,216001463,3.589270e-01,4.912862e-01
8,8,216001464,1.994872e-01,5.058466e-01
8,9,216001465,2.085443e-01,7.057612e-01
