{
  "restart": 0,
  "seed": 58,
  "iters": 30000,
  "lr": 0.05,
  "best_iter": 29953,
  "best_cost": 0.001281997305341065,
  "best_alphaD_mean": 0.00016110877381543968,
  "n": 8
}