alpha,beta,alphaD_true,alphaD_pred,rel_abs,rel_signed
1.1000,2.7500,15.444870383584,15.448850631713867,0.000257706800446668,0.000257706800446668
0.2000,1.0000,19.051282316218,19.05678367614746,0.0002887658603839811,0.0002887658603839811
0.2000,4.5000,19.397942314212997,19.38749122619629,0.0005387730227989304,-0.0005387730227989304
2.0000,1.0000,22.752251621592002,22.768463134765625,0.000712523465512195,0.000712523465512195
2.0000,4.5000,14.760426956088999,14.765348434448242,0.00033342384836725406,0.00033342384836725406
0.9710,3.0000,14.719193685948,14.729466438293457,0.0006979154269342863,0.0006979154269342863
0.9710,4.5000,12.942255714327999,12.939011573791504,0.0002506626826190094,-0.0002506626826190094
2.0000,1.7500,20.284194079789,20.292966842651367,0.00043249255197711677,0.00043249255197711677
0.8430,3.2500,14.178209154286002,14.163918495178223,0.0010079311817358775,-0.0010079311817358775
1.2290,2.2500,16.923315700127,16.92490005493164,9.361964479749885e-05,9.361964479749885e-05
1.4860,3.5000,14.922997611565,14.925661087036133,0.00017848126364829382,0.00017848126364829382
1.7430,3.5000,15.605776389267,15.609906196594238,0.0002646332501649011,0.0002646332501649011
0.3290,3.5000,14.769042413523,14.762617111206055,0.0004350520593712489,-0.0004350520593712489
1.1000,2.5000,15.998590537005999,15.992693901062012,0.00036857221455523833,-0.00036857221455523833
2.0000,2.2500,18.946667234825,18.952983856201172,0.00033338957706298937,0.00033338957706298937
0.7140,2.7500,14.828909391364999,14.826226234436035,0.00018094094839675903,-0.00018094094839675903
1.2290,1.0000,21.249588450164,21.256044387817383,0.00030381471474245675,0.00030381471474245675
1.3570,2.7500,16.059834443779,16.059946060180664,6.950034388902354e-06,6.950034388902354e-06
1.4860,3.2500,15.380686626014,15.381240844726562,3.603341814562395e-05,3.603341814562395e-05
1.7430,4.2500,14.411217804997,14.40743350982666,0.0002625937114784878,-0.0002625937114784878
1.8710,3.5000,15.963055059992001,15.960283279418945,0.0001736372243683324,-0.0001736372243683324
0.3290,1.0000,19.294488252165003,19.297094345092773,0.00013506929511218914,0.00013506929511218914
