{
  "restart": 22,
  "seed": 80,
  "iters": 30000,
  "lr": 0.05,
  "best_iter": 27136,
  "best_cost": 0.0004631833580788225,
  "best_alphaD_mean": 9.565831576650337e-05,
  "n": 12
}