tier,restart_idx,param_seed,final_train_cost,final_test_cost
8,0,187001369,9.845085e-02,2.768459e-01
8,1,187001370,2.287563e-02,1.336849e-01
8,2,187001371,1.579616e-01,4.124462e-01
8,3,187001372,1.277657e-01,4.635539e-01
8,4,187001373,2.171852e-01,3.704779e-01
8,5,187001374,2.037212e-02,1.248671e-01
8,6,187001375,7.373003e-01,5.730498e-01
8,7,187001376,1.454856e-01,3.392623e-01
8,8,187001377,1.452374e-01,3.479150e-01
8,9,187001378,1.895692e-01,5.183227e-01
