tier,restart_idx,param_seed,final_train_cost,final_test_cost
3,0,187000864,1.874844e-02,1.220013e+00
3,1,187000865,4.108853e-03,1.071819e+00
3,2,187000866,2.198193e-02,8.606345e+00
3,3,187000867,8.274107e-02,2.789438e+00
3,4,187000868,1.309518e-02,7.757105e+00
3,5,187000869,9.719003e-03,1.449782e+01
3,6,187000870,2.359276e-02,1.145026e+00
3,7,187000871,1.922700e-02,4.240881e+00
3,8,187000872,4.985748e-02,1.976998e+00
3,9,187000873,1.309039e-02,2.167917e+00
