tier,restart_idx,param_seed,final_train_cost,final_test_cost
1,0,187000662,1.519033e-02,1.610898e+01
1,1,187000663,1.054862e-05,4.390924e+01
1,2,187000664,4.361976e-05,4.281400e+01
1,3,187000665,1.565882e-01,2.494247e+01
1,4,187000666,5.717071e-04,2.053905e+01
1,5,187000667,2.632389e-06,2.469793e+01
1,6,187000668,1.763637e-02,1.506648e+01
1,7,187000669,4.244301e-02,1.733278e+01
1,8,187000670,3.379007e-02,2.845706e+01
1,9,187000671,1.362698e-02,4.107586e+01
