tier,restart_idx,param_seed,final_train_cost,final_test_cost
2,0,187000763,6.723661e-03,6.479035e+01
2,1,187000764,5.522192e-03,2.621283e+00
2,2,187000765,1.327527e-02,1.159955e+00
2,3,187000766,1.329002e-02,9.240886e+00
2,4,187000767,3.842017e-03,9.298698e+00
2,5,187000768,2.131573e-02,7.912306e+00
2,6,187000769,1.064767e-02,8.666728e+00
2,7,187000770,5.342881e-03,2.857617e+00
2,8,187000771,1.992593e-02,2.229589e+01
2,9,187000772,2.365438e-02,5.974579e+00
