tier,restart_idx,param_seed,final_train_cost,final_test_cost
9,0,187001470,8.992340e-02,4.533137e-02
9,1,187001471,8.968345e-02,1.022747e-01
9,2,187001472,5.760075e-02,3.940619e-02
9,3,187001473,3.231367e-02,1.041549e-01
9,4,187001474,8.361002e-01,1.270068e+00
9,5,187001475,4.080785e-02,7.429405e-02
9,6,187001476,3.766403e-01,8.164983e-02
9,7,187001477,1.461189e-01,1.483503e-01
9,8,187001478,1.088679e-01,1.494167e-01
9,9,187001479,2.820936e-02,1.195980e-01
