alpha,beta,alphaD_true,alphaD_pred,rel_abs,rel_signed
1.1000,2.7500,15.444870383584,15.444907188415527,2.3829809259173194e-06,2.3829809259173194e-06
0.2000,1.0000,19.051282316218,19.05718994140625,0.00031009068524593775,0.00031009068524593775
0.2000,4.5000,19.397942314212997,19.392210006713867,0.00029551111176002597,-0.00029551111176002597
2.0000,1.0000,22.752251621592002,22.750259399414062,8.756153944996279e-05,-8.756153944996279e-05
2.0000,4.5000,14.760426956088999,14.761106491088867,4.603762492032196e-05,4.603762492032196e-05
0.9710,1.2500,19.56884610005,19.56980323791504,4.89113083186561e-05,4.89113083186561e-05
0.8430,3.5000,13.855777414907,13.851823806762695,0.000285340044510967,-0.000285340044510967
1.4860,3.5000,14.922997611565,14.934385299682617,0.0007630965583477122,0.0007630965583477122
1.7430,4.0000,14.782857439192,14.784582138061523,0.00011666884271986689,0.00011666884271986689
2.0000,1.5000,21.036067872794,21.04920196533203,0.0006243606275399582,0.0006243606275399582
0.5860,2.5000,15.149038308404002,15.148738861083984,1.9766754425023873e-05,-1.9766754425023873e-05
1.6140,1.0000,22.04014677513,22.041057586669922,4.1325112269601596e-05,4.1325112269601596e-05
1.6140,3.2500,15.714130427978,15.699223518371582,0.0009486308946422355,-0.0009486308946422355
0.4570,1.7500,16.70640146289,16.70856475830078,0.00012948901147783007,0.00012948901147783007
1.6140,2.2500,17.926159928087998,17.911222457885742,0.0008332777495111833,-0.0008332777495111833
0.5860,3.5000,13.978350677684002,13.97623062133789,0.0001516671311942335,-0.0001516671311942335
1.4860,2.7500,16.391947827372,16.411745071411133,0.0012077420113595653,0.0012077420113595653
1.2290,1.0000,21.249588450164,21.24969482421875,5.005934820720928e-06,5.005934820720928e-06
0.4570,4.2500,14.658019179680998,14.656367301940918,0.00011269447254989212,-0.00011269447254989212
2.0000,2.0000,19.589831449887,19.583213806152344,0.0003378101415310974,-0.0003378101415310974
0.8430,3.0000,14.550333960214001,14.550930976867676,4.103113064670995e-05,4.103113064670995e-05
1.6140,4.2500,14.084101407887001,14.078757286071777,0.00037944357687105616,-0.00037944357687105616
