tier,restart_idx,param_seed,final_train_cost,final_test_cost
4,0,165000899,1.176580e-01,9.159846e-01
4,1,165000900,1.537755e-02,9.048899e-01
4,2,165000901,1.878277e-02,6.120241e-01
4,3,165000902,1.897820e-02,9.051085e-01
4,4,165000903,1.945521e-02,6.624491e-01
4,5,165000904,3.918022e-02,2.230690e+00
4,6,165000905,1.905582e-02,2.055140e+00
4,7,165000906,9.253409e-02,2.123629e+00
4,8,165000907,1.686816e-01,2.899117e+00
4,9,165000908,3.702458e-02,4.989237e-01
