tier,restart_idx,param_seed,final_train_cost,final_test_cost
6,0,165001101,3.429320e-02,1.004942e-01
6,1,165001102,3.620187e-02,9.194481e-01
6,2,165001103,1.844733e-01,3.979948e-01
6,3,165001104,7.871649e-02,9.678966e-01
6,4,165001105,2.198947e-01,6.519006e-01
6,5,165001106,1.013313e-02,6.681722e-02
6,6,165001107,3.178110e-02,1.139241e+00
6,7,165001108,6.084248e-02,3.560938e-02
6,8,165001109,1.759582e-01,5.628425e-01
6,9,165001110,2.412310e-02,1.844436e-01
