tier,restart_idx,param_seed,final_train_cost,final_test_cost
10,0,165001505,7.584513e-02,3.633469e-02
10,1,165001506,4.835672e-01,1.802687e-01
10,2,165001507,1.475687e-01,8.218149e-02
10,3,165001508,8.178797e-02,7.778909e-02
10,4,165001509,5.431820e-02,1.092716e+00
10,5,165001510,5.607818e-02,7.959966e-02
10,6,165001511,9.137090e-02,8.962138e-02
10,7,165001512,4.022413e-02,9.890883e-02
10,8,165001513,1.143565e-01,1.391673e-01
10,9,165001514,4.582752e-02,1.244081e-01
