tier,restart_idx,param_seed,final_train_cost,final_test_cost
5,0,165001000,1.876494e-02,2.920151e+00
5,1,165001001,4.100038e-02,7.512887e-02
5,2,165001002,2.749159e-02,2.235115e-01
5,3,165001003,1.110251e-02,2.646436e-01
5,4,165001004,2.870081e-01,3.256017e-01
5,5,165001005,4.141385e-02,2.149371e+00
5,6,165001006,1.407934e-02,1.350577e-01
5,7,165001007,1.094842e-02,1.204551e-01
5,8,165001008,2.530097e-01,1.357240e+00
5,9,165001009,1.199021e-01,1.195417e+00
