tier,restart_idx,param_seed,final_train_cost,final_test_cost
7,0,165001202,7.881008e-01,1.117957e+00
7,1,165001203,8.625321e-02,1.932285e-01
7,2,165001204,7.696016e-02,2.971989e-01
7,3,165001205,9.012003e-02,3.451589e-01
7,4,165001206,5.935978e-02,1.547425e-01
7,5,165001207,2.993274e-02,3.921847e-01
7,6,165001208,1.462997e-02,7.780026e-02
7,7,165001209,2.009600e-01,6.204880e-01
7,8,165001210,5.085724e-02,1.649827e-01
7,9,165001211,4.195081e-02,3.091971e-01
