tier,restart_idx,param_seed,final_train_cost,final_test_cost
3,0,165000798,1.652675e-02,5.247419e+00
3,1,165000799,1.529378e-02,1.970561e+00
3,2,165000800,4.763255e-02,2.448361e+00
3,3,165000801,2.084398e-03,2.911290e+00
3,4,165000802,3.890597e-02,1.663679e+00
3,5,165000803,6.477101e-03,1.406271e+00
3,6,165000804,7.842804e-02,2.798432e+00
3,7,165000805,4.478705e-02,5.705224e+00
3,8,165000806,2.407653e-02,1.656586e+00
3,9,165000807,1.373209e-02,2.577036e+00
