tier,restart_idx,param_seed,final_train_cost,final_test_cost
1,0,165000596,1.807095e-03,2.347428e+01
1,1,165000597,3.271604e-04,3.202657e+02
1,2,165000598,2.030496e-03,1.477479e+01
1,3,165000599,8.649961e-03,2.156001e+01
1,4,165000600,3.679550e-05,3.005185e+01
1,5,165000601,1.539435e-05,1.317887e+01
1,6,165000602,5.857994e-03,5.564228e+01
1,7,165000603,1.871114e-02,1.039474e+02
1,8,165000604,8.110731e-03,4.835698e+01
1,9,165000605,6.447618e-04,2.501149e+01
