{
  "restart": 15,
  "seed": 73,
  "iters": 30000,
  "lr": 0.05,
  "best_iter": 28247,
  "best_cost": 0.0005690405378118157,
  "best_alphaD_mean": 0.00010225094938777694,
  "n": 14
}