tier,restart_idx,param_seed,final_train_cost,final_test_cost
4,0,133000803,1.364895e-02,6.542221e-01
4,1,133000804,1.923882e-02,8.103501e-01
4,2,133000805,3.447975e-02,1.075966e+00
4,3,133000806,8.805466e-02,1.300964e+00
4,4,133000807,1.165252e-02,3.126243e-01
4,5,133000808,1.693147e-02,6.658063e-01
4,6,133000809,3.330865e-02,8.587270e-01
4,7,133000810,1.927887e-02,6.255788e-01
4,8,133000811,4.014538e-02,4.333694e-01
4,9,133000812,1.144067e-02,4.369054e-01
