tier,restart_idx,param_seed,final_train_cost,final_test_cost
10,0,133001409,3.472177e-02,1.461851e-01
10,1,133001410,9.818371e-02,1.010117e-01
10,2,133001411,1.255281e-01,4.627440e-01
10,3,133001412,1.266991e-01,6.428587e-02
10,4,133001413,4.289390e-02,1.583656e-01
10,5,133001414,2.735440e-01,3.086690e-01
10,6,133001415,1.635457e-01,7.607738e-02
10,7,133001416,3.715416e-01,2.432646e-01
10,8,133001417,2.729003e-01,3.371705e-01
10,9,133001418,1.819590e-01,1.964349e-01
