tier,restart_idx,param_seed,final_train_cost,final_test_cost
7,0,133001106,4.946122e-02,2.488528e-01
7,1,133001107,2.405642e-02,8.715709e-02
7,2,133001108,1.488183e-01,8.437498e-01
7,3,133001109,2.222940e-02,1.504170e-01
7,4,133001110,3.942551e-02,3.080923e-01
7,5,133001111,5.573121e-02,1.715096e-01
7,6,133001112,4.792072e-02,2.374078e-01
7,7,133001113,8.164534e-02,1.274619e+00
7,8,133001114,2.172364e-02,9.728578e-02
7,9,133001115,2.495001e-02,2.230289e-01
