{
  "restart": 9,
  "seed": 67,
  "iters": 30000,
  "lr": 0.05,
  "best_iter": 29973,
  "best_cost": 0.0010553435422480106,
  "best_alphaD_mean": 0.00013661974526404304,
  "n": 13
}