{
  "restart": 1,
  "seed": 59,
  "iters": 30000,
  "lr": 0.05,
  "best_iter": 29655,
  "best_cost": 0.00041189411422237754,
  "best_alphaD_mean": 8.629720296857212e-05,
  "n": 14
}