{
  "restart": 4,
  "seed": 62,
  "iters": 30000,
  "lr": 0.05,
  "best_iter": 29934,
  "best_cost": 0.0006004564929753542,
  "best_alphaD_mean": 0.00010593671572221139,
  "n": 15
}