{
  "restart": 20,
  "seed": 78,
  "iters": 30000,
  "lr": 0.05,
  "best_iter": 29715,
  "best_cost": 0.0038426558021456003,
  "best_alphaD_mean": 0.0002831798957958879,
  "n": 5
}