{
  "restart": 15,
  "seed": 73,
  "iters": 30000,
  "lr": 0.05,
  "best_iter": 29921,
  "best_cost": 0.0017761492636054754,
  "best_alphaD_mean": 0.00019833165355103973,
  "n": 11
}