tier,restart_idx,param_seed,final_train_cost,final_test_cost
10,0,164001502,5.480980e-02,9.731644e-02
10,1,164001503,4.428414e-01,6.320471e-01
10,2,164001504,1.957811e-01,1.474984e-01
10,3,164001505,1.800548e-02,4.445167e-02
10,4,164001506,1.618758e-01,1.347773e-01
10,5,164001507,1.286761e-01,1.587431e-01
10,6,164001508,1.221229e-01,2.049132e-01
10,7,164001509,4.968698e-02,1.079866e-01
10,8,164001510,6.871509e-02,1.081606e-01
10,9,164001511,6.097701e-02,1.641880e-01
