tier,restart_idx,param_seed,final_train_cost,final_test_cost
1,0,164000593,2.560526e-03,1.149900e+01
1,1,164000594,2.069572e-02,9.434690e+01
1,2,164000595,2.690640e-04,1.626991e+01
1,3,164000596,1.681504e-03,1.151502e+01
1,4,164000597,5.835240e-05,1.680378e+01
1,5,164000598,1.242248e-03,4.224330e+01
1,6,164000599,1.078928e-01,2.383224e+01
1,7,164000600,1.577111e-04,4.468562e+01
1,8,164000601,4.007892e-04,3.557016e+01
1,9,164000602,8.132719e-06,2.917989e+01
