tier,restart_idx,param_seed,final_train_cost,final_test_cost
2,0,164000694,3.266538e-02,7.054515e+00
2,1,164000695,3.327613e-01,1.307831e+01
2,2,164000696,5.379698e-02,1.990475e+01
2,3,164000697,5.348265e-03,2.381065e+00
2,4,164000698,1.606641e-02,4.635656e+00
2,5,164000699,2.655566e-03,8.857815e+00
2,6,164000700,1.256153e-02,1.208324e+01
2,7,164000701,3.094509e-03,9.954041e+00
2,8,164000702,5.234672e-03,1.068123e+01
2,9,164000703,2.152673e-01,5.297416e+01
