{
  "restart": 19,
  "seed": 77,
  "iters": 30000,
  "lr": 0.05,
  "best_iter": 29987,
  "best_cost": 0.0005675386637449265,
  "best_alphaD_mean": 0.00010358415533271738,
  "n": 14
}