tier,restart_idx,param_seed,final_train_cost,final_test_cost
4,0,215001049,2.367682e-02,1.225757e+00
4,1,215001050,1.778423e-01,3.604794e+00
4,2,215001051,1.472058e-02,5.079948e-01
4,3,215001052,1.979941e-02,3.776559e-01
4,4,215001053,7.862231e-02,9.751052e-01
4,5,215001054,5.429614e-02,2.036701e+00
4,6,215001055,3.771381e-02,3.487572e+00
4,7,215001056,1.527960e-02,6.058231e-01
4,8,215001057,1.751573e-01,7.313803e+00
4,9,215001058,2.159589e-02,6.386489e-01
