tier,restart_idx,param_seed,final_train_cost,final_test_cost
7,0,215001352,1.946030e-02,5.472808e-02
7,1,215001353,1.247496e-02,4.293858e-02
7,2,215001354,1.873234e-02,7.167292e-02
7,3,215001355,3.537623e-02,2.298253e-01
7,4,215001356,1.469834e-01,4.352587e-01
7,5,215001357,8.303087e-02,3.080949e-01
7,6,215001358,1.554861e-01,3.982100e-01
7,7,215001359,1.693902e-01,5.566559e-01
7,8,215001360,2.821912e-02,1.281191e-01
7,9,215001361,1.854013e-01,5.325713e-01
