{
  "restart": 15,
  "seed": 73,
  "iters": 30000,
  "lr": 0.05,
  "best_iter": 29967,
  "best_cost": 0.008097132667899132,
  "best_alphaD_mean": 0.00039838195755774816,
  "n": 5
}