{
  "restart": 6,
  "seed": 64,
  "iters": 30000,
  "lr": 0.05,
  "best_iter": 29893,
  "best_cost": 0.003802147228270769,
  "best_alphaD_mean": 0.000265987578449041,
  "n": 6
}