{
  "restart": 15,
  "seed": 73,
  "iters": 30000,
  "lr": 0.05,
  "best_iter": 29164,
  "best_cost": 0.008921604603528976,
  "best_alphaD_mean": 0.00040466336570980823,
  "n": 7
}