tier,restart_idx,param_seed,final_train_cost,final_test_cost
4,0,136000812,2.655479e-02,1.263401e+00
4,1,136000813,1.466068e-01,4.043237e+00
4,2,136000814,2.686589e-02,6.312121e-01
4,3,136000815,6.298584e-02,1.011390e+00
4,4,136000816,3.512905e-02,8.756146e-01
4,5,136000817,7.253180e-02,2.200422e+00
4,6,136000818,2.292427e-02,4.340664e-01
4,7,136000819,6.725391e-03,4.913107e-01
4,8,136000820,1.726332e-02,5.980669e-01
4,9,136000821,3.915482e-02,7.547525e-01
