tier,restart_idx,param_seed,final_train_cost,final_test_cost
2,0,136000610,4.454710e-03,3.549604e+00
2,1,136000611,1.976696e-02,9.511843e+00
2,2,136000612,6.995208e-03,2.337055e+01
2,3,136000613,8.764241e-03,1.479966e+01
2,4,136000614,4.132498e-03,1.653060e+01
2,5,136000615,1.837035e-02,7.618457e+00
2,6,136000616,8.099694e-03,7.231032e+00
2,7,136000617,5.228992e-03,1.107846e+01
2,8,136000618,8.762392e-03,2.808994e+00
2,9,136000619,5.270485e-03,4.304688e+00
