tier,restart_idx,param_seed,final_train_cost,final_test_cost
1,0,136000509,2.717852e-07,5.283192e+01
1,1,136000510,9.588980e-04,7.518719e+01
1,2,136000511,5.140596e-05,3.157424e+01
1,3,136000512,1.116429e-03,5.594628e+01
1,4,136000513,1.570107e-03,3.503754e+01
1,5,136000514,2.254304e-04,2.587817e+01
1,6,136000515,6.175742e-04,2.765956e+01
1,7,136000516,1.233002e-05,2.409826e+01
1,8,136000517,3.339884e-05,8.845667e+01
1,9,136000518,7.943483e-02,4.423373e+01
