tier,restart_idx,param_seed,final_train_cost,final_test_cost
7,0,136001115,2.143709e-01,1.778275e+00
7,1,136001116,5.730083e-02,6.550746e-02
7,2,136001117,2.796395e-02,1.672558e-01
7,3,136001118,1.970019e-01,3.919607e-01
7,4,136001119,5.617046e-02,2.878561e+00
7,5,136001120,1.149443e-02,2.966049e-01
7,6,136001121,1.682471e-01,3.234115e-01
7,7,136001122,3.302280e-02,1.018994e-01
7,8,136001123,3.861377e-02,8.472743e-02
7,9,136001124,9.126241e-02,1.229794e-01
