{
  "restart": 4,
  "seed": 62,
  "iters": 30000,
  "lr": 0.05,
  "best_iter": 29475,
  "best_cost": 0.002595773432403803,
  "best_alphaD_mean": 0.00022335442358239525,
  "n": 11
}