{
  "restart": 18,
  "seed": 76,
  "iters": 30000,
  "lr": 0.05,
  "best_iter": 29854,
  "best_cost": 0.0009042216697707772,
  "best_alphaD_mean": 0.00013066054940147576,
  "n": 10
}