{
  "restart": 4,
  "seed": 62,
  "iters": 30000,
  "lr": 0.05,
  "best_iter": 28760,
  "best_cost": 0.00036134914262220263,
  "best_alphaD_mean": 8.429024760491279e-05,
  "n": 16
}