{
  "restart": 21,
  "seed": 79,
  "iters": 30000,
  "lr": 0.05,
  "best_iter": 29592,
  "best_cost": 0.0010314732789993286,
  "best_alphaD_mean": 0.00014183915399316145,
  "n": 15
}