{
  "restart": 12,
  "seed": 70,
  "iters": 30000,
  "lr": 0.05,
  "best_iter": 29980,
  "best_cost": 0.0005643584881909192,
  "best_alphaD_mean": 0.00010065813181526985,
  "n": 16
}