tier,restart_idx,param_seed,final_train_cost,final_test_cost
5,0,174001027,5.596598e-02,3.989505e-01
5,1,174001028,2.102931e-02,2.797266e-01
5,2,174001029,4.424842e-02,2.728081e-01
5,3,174001030,2.532079e-02,8.631691e-02
5,4,174001031,1.871211e-01,7.656634e-01
5,5,174001032,2.937107e-01,5.792516e-01
5,6,174001033,3.089443e-02,2.010203e-01
5,7,174001034,2.956599e-02,5.164624e-01
5,8,174001035,3.284726e-02,1.248624e-01
5,9,174001036,1.493639e-01,9.290451e-01
