tier,restart_idx,param_seed,final_train_cost,final_test_cost
2,0,174000724,1.711734e-02,1.419732e+01
2,1,174000725,4.575137e-03,2.187884e+01
2,2,174000726,4.564244e-03,6.047899e+00
2,3,174000727,1.421565e-03,1.205400e+01
2,4,174000728,1.577108e-02,5.746811e+00
2,5,174000729,7.835462e-03,1.558479e+01
2,6,174000730,1.482214e-02,1.217239e+01
2,7,174000731,1.087931e-01,5.845852e+00
2,8,174000732,1.112398e-03,5.433451e+00
2,9,174000733,3.697143e-02,1.112421e+01
