tier,restart_idx,param_seed,final_train_cost,final_test_cost
10,0,174001532,3.467014e-01,7.300679e-01
10,1,174001533,4.316547e-02,3.768419e-02
10,2,174001534,1.249961e-01,1.071900e-01
10,3,174001535,1.260385e-01,6.088485e-02
10,4,174001536,1.349484e-01,9.686558e-02
10,5,174001537,8.372084e-02,9.334825e-02
10,6,174001538,4.095167e-01,1.689853e-01
10,7,174001539,1.093696e-01,1.345424e-01
10,8,174001540,1.231292e-01,6.666106e-02
10,9,174001541,7.778011e-02,8.340330e-01
