{
  "restart": 1,
  "seed": 59,
  "iters": 30000,
  "lr": 0.05,
  "best_iter": 29191,
  "best_cost": 0.0009874957613646984,
  "best_alphaD_mean": 0.0001423918150265041,
  "n": 15
}