{
  "restart": 3,
  "seed": 61,
  "iters": 30000,
  "lr": 0.05,
  "best_iter": 29888,
  "best_cost": 0.0013433715794235468,
  "best_alphaD_mean": 0.0001638186036629606,
  "n": 11
}