{
  "restart": 3,
  "seed": 61,
  "iters": 30000,
  "lr": 0.05,
  "best_iter": 29749,
  "best_cost": 0.0008723100763745606,
  "best_alphaD_mean": 0.00012627309915062517,
  "n": 10
}