tier,restart_idx,param_seed,final_train_cost,final_test_cost
7,0,171001220,6.094724e-02,1.616912e-01
7,1,171001221,9.141982e-02,4.793164e-01
7,2,171001222,3.650593e-01,6.020540e-01
7,3,171001223,1.002966e-01,5.510458e-01
7,4,171001224,4.258684e-02,1.396296e-01
7,5,171001225,9.033354e-02,2.238848e-01
7,6,171001226,2.773011e-02,1.417511e+00
7,7,171001227,1.980885e-01,4.303780e-01
7,8,171001228,2.092611e-02,1.505020e-01
7,9,171001229,1.425963e-02,1.077306e-01
