{
  "restart": 5,
  "seed": 63,
  "iters": 30000,
  "lr": 0.05,
  "best_iter": 29881,
  "best_cost": 0.0015266165137290955,
  "best_alphaD_mean": 0.0001830314089682861,
  "n": 6
}